﻿Page ID,Page Name,Disclaimer,Amount Spent (USD)
153080620724,Donald J. Trump,TRUMP MAKE AMERICA GREAT AGAIN COMMITTEE,1303
7860876103,Joe Biden,BIDEN VICTORY FUND,970
925007000949719,ExxonMobil,Exxon Mobil Corporation,768
1771156219840594,Team Trump,TRUMP MAKE AMERICA GREAT AGAIN COMMITTEE,527
156968474833352,Stop Republicans,Stop Republicans,288
1615018905412860,Progressive Turnout Project,PROGRESSIVE TURNOUT PROJECT,271
112720626850415,Rudy For Congress,RUDY FOR CONGRESS,235
104856814505092,The Kids Guide,The Kids Guide,197
100391581727524,Defeat By Tweet,DEFEAT BY TWEET,182
747436915270894,Congressional Leadership Fund,CONGRESSIONAL LEADERSHIP FUND,182
176789922364429,Steve Daines,STEVE DAINES FOR MONTANA,181
791543660926838,"I'll go ahead and keep my guns, Thanks",2A4LIFE LLC,176
127225910653607,PragerU,PragerU,166
165987503528599,Lindsey Graham,"TEAM GRAHAM, INC.",163
106224464107240,Jo Jorgensen,Jo Jorgensen for President,148
6726182861,Mike Pence,TRUMP MAKE AMERICA GREAT AGAIN COMMITTEE,147
327837911149503,2A4Life,2A4LIFE LLC,145
328072970642479,Jaime Harrison,JAIME HARRISON FOR US SENATE,143
127755494595870,Progressive Takeover,PROGRESSIVE TAKEOVER,128
2267285956849056,Donald Trump 2020 Fans,I Love My Freedom,120
105756057589080,The Lincoln Project,The Lincoln Project,107
24413227922,Kamala Harris,BIDEN VICTORY FUND,103
1449461518652183,4Patriots,4Patriots LLC,≤100
114710126648118,Republican Dogs,Republican Dogs,≤100
100137754724934,Trump 2020 Supporters,Proud Right Winger,≤100
2352630938293825,Mytacticalpromos,Entremax,≤100
96935476345,Democratic Governors Association (DGA),Democratic Governors Association,≤100
20787991568,Senate Democrats,DSCC,≤100
103983379801,Texas Democratic Party,SUPER STATES 2020,≤100
1316372698453411,Alexandria Ocasio-Cortez,Alexandria Ocasio-Cortez for Congress,≤100
435822183152685,Midas Gold,MIDAS GOLD CORP,≤100
259130650776119,Mitch McConnell,MCCONNELL SENATE COMMITTEE,≤100
100392931351292,Northwest RiverPartners,Northwest RiverPartners,≤100
1061240530648502,Joe Collins,JOE COLLINS FOR CONGRESS,≤100
168051710543266,Lacy Johnson,Lacy Johnson for Congress,≤100
200650357207240,I Love My Freedom,I Love My Freedom,≤100
2353537341582545,Proud Patriots,Proud Patriots,≤100
717115395103069,PrintedKicks,Printed Kicks,≤100
203197030603239,8 Billion Trees,8 Billion Trees,≤100
92925746942,Judicial Watch,Judicial Watch,≤100
101279451606075,Democratic Strategy Institute,Democratic Strategy Institute,≤100
104919517531062,Vote Yes For Fairness,Vote Yes for Fairness,≤100
106663044307859,Mike Sievert,"T-MOBILE USA, INC.",≤100
510682295654796,Idaho Fish & Wildlife Foundation,Idaho Fish & Wildlife Foundation,≤100
105577974544303,The USA Needs More Patriots,AmeriPolling,≤100
1528980567353817,Love Has No Labels,Love Has No Labels with Facebook Ad Credits,≤100
51405613519,Focus on the Family,Focus on the Family,≤100
278490715553293,Martha McSally,MCSALLY FOR SENATE INC,≤100
934438026690635,YouGov,YOUGOV AMERICA INC.,≤100
1635441679872518,Kimberly Klacik,Kim Klacik for Congress,≤100
33713453361,Amazon Prime Video,Amazon Prime Video,≤100
102597609787637,City of Boise,"BOISE, CITY OF",≤100
202626512363,U.S. Census Bureau,U.S. Census Bureau,≤100
830121337093232,National Democratic Training Committee,NATIONAL DEMOCRATIC TRAINING COMMITTEE PAC,≤100
355316521236121,John Cornyn,TEXANS FOR SENATOR JOHN CORNYN INC.,≤100
428821014132730,Katie Porter,Katie Porter For Congress,≤100
110018833813683,Flip the Senate,SMP,≤100
159964696102,Kevin McCarthy,KEVIN MCCARTHY FOR CONGRESS,≤100
408250066356,Bill O'Reilly,"Bill Me, Inc.",≤100
164637596937136,AARP Idaho,AARP,≤100
109379100777665,Patriotism Isn't Dead,Patriot Polling,≤100
114009933764548,The Patriot Club,RightWingGear,≤100
1883837055193241,Shield Republic,Shield Republic,≤100
328853823844484,Balance of Power,Balance of Power,≤100
113891694102,Energy Citizens,AMERICAN PETROLEUM INSTITUTE,≤100
158791100909689,Concerned Veterans for America,Concerned Veterans for America,≤100
9324910069,NRSC,NRSC,≤100
102671331487937,I Love My Freedom Store,I Love My Freedom,≤100
1109093812491437,Blaze Media,Blaze Media LLC,≤100
102883404710701,Bryce Scrimsher for Nez Perce County Sheriff,Bryce Scrimsher for Nez Perce County Sheriff,≤100
560140464159364,Stand for the 2nd Amendment,SFT2 Tactical Supply,≤100
586464328178743,Dustin Manwaring,Manwaring for Idaho,≤100
104614641200137,MeidasTouch,MEIDASTOUCH,≤100
215199482635728,Alek Skarlatos,ALEK FOR OREGON,≤100
461204744067686,Family Protection Association,Family Protection Association,≤100
834645469890446,Devin Nunes,DEVIN NUNES CAMPAIGN COMMITTEE,≤100
1419388578092947,Anna Paulina Luna,ANNA PAULINA LUNA FOR CONGRESS,≤100
110547940574501,Alexis Pickering for ACHD,Alexis Pickering for ACHD,≤100
106574022825492,Idaho Second Amendment Alliance,Idaho Second Amendment Alliance,≤100
242077219243971,The Presidential Coalition,The Presidential Coalition,≤100
107210084216238,Humanity Forward,Humanity Forward,≤100
112469786315,Boise Rescue Mission Ministries,BOISE RESCUE MISSION,≤100
602714436529710,End Citizens United,END CITIZENS UNITED,≤100
105577974544303,The USA Needs More Patriots,Anthony Alexander Morales,≤100
213792049451918,Stand For America,Stand For America Inc,≤100
314499212242,Pfizer,Pfizer Inc.,≤100
481559282597914,TrumpersUnite,Respect The Look,≤100
108109934203874,Insta Shop Boutique,Insta Shop Boutique,≤100
84082446577,Trout Unlimited,"TROUT UNLIMITED, INC.",≤100
163148530407080,Captain Mark Kelly,MARK KELLY FOR SENATE,≤100
140357056032320,NEA Today,National Education Association,≤100
530604487365010,Old Glory Flagpole Kits,Service First,≤100
106323360959211,Patriots Republic,Matthew James Stine,≤100
1899748043485453,Trinity Health Advocacy,TRINITY HEALTH CORPORATION,≤100
105732744375701,Steve Bullock,MONTANANS FOR BULLOCK,≤100
451079825294599,Ada County Commissioner Diana Lachiondo,Lachiondo For Ada,≤100
46093654473,National Republican Congressional Committee,NRCC,≤100
130467958471,Jason Lewis,Jason Lewis for Senate,≤100
74100576336,Facebook for Business,"Facebook, Inc.",≤100
18982436812,ACLU,American Civil Liberties Union,≤100
105707511217866,Communities Joining Hands,Elena Zhan,≤100
338028696036,Yahoo News,Verizon Media Inc,≤100
596556607135301,The Earthling Co.,The Earthling Co.,≤100
111428049989,Cal Cunningham,CAL FOR NC,≤100
598924810530984,Keeping America Great,FamTeeWorld,≤100
2037695643113766,Blexit,Blexit Foundation,≤100
100256754899828,Patriot's Cave,Patriots Cave,≤100
109744609155828,Jeff Nesset,Michelle Ann Ralston,≤100
305832706292882,American Gun Association,GunAssociation.org,≤100
530604487365010,Old Glory Flagpole Kits,Service First Flag Poles,≤100
6204742571,Sierra Club,SIERRA CLUB,≤100
103597604713894,Team Trump Store,TRUMP MAKE AMERICA GREAT AGAIN COMMITTEE,≤100
95356211637,Ben Ferguson,Ben Ferguson show,≤100
113666459994300,Big Dan Rodimer for Congress,RODIMER FOR CONGRESS,≤100
105269984593079,The Way I See It,Focus Features,≤100
8325302025,Friends of the Earth U.S.,Friends of the Earth,≤100
101894128312659,My President,wowengraving,≤100
16477459734,League of Conservation Voters,"LEAGUE OF CONSERVATION VOTERS, INC",≤100
96935476345,Democratic Governors Association (DGA),DEMOCRATIC ACTION,≤100
10128918116,Gavin Newsom,NEWSOM FOR CALIFORNIA GOVERNOR 2022,≤100
223008867858902,American Action News,American Action News,≤100
106973694007283,Keep America Great Again,KagaGear.com,≤100
629732217415068,Republican Party,Greater Half,≤100
45393753416,Alliance Defending Freedom,Alliance Defending Freedom,≤100
15239367801,The Wilderness Society,"WILDERNESS SOCIETY, THE",≤100
605168822998856,314 Action,314 ACTION FUND,≤100
7263476274,Mercy Corps,Mercy Corps,≤100
665345483483486,NRA - National Rifle Association of America,NATIONAL RIFLE ASSN OF AMERICA,≤100
18813753280,Human Rights Campaign,"HUMAN RIGHTS CAMPAIGN, INC",≤100
159575541165,United Way Bay Area,UNITED WAY OF THE BAY AREA,≤100
1983088561745901,Mark Bost for Idaho State Senate,Mark Andrew Bost,≤100
681745912255844,John Cummings for Congress,CUMMINGS FOR CONGRESS,≤100
114646533630729,Yes. Every Kid.,"yes. every kid, Inc.",≤100
109092142462587,Adam Schiff,SCHIFF FOR CONGRESS,≤100
492366981205154,Idaho Term Limits,U.S. Term Limits Inc.,≤100
2266814350051422,Arbor Village at Hillcrest Senior Living,These ads ran without a disclaimer,≤100
266344180585578,Jim Jordan for Congress,JIM JORDAN FOR CONGRESS,≤100
277005566267077,Blueland,Blueland,≤100
872842866161157,One Nation Design,One Nation Design,≤100
5435784683,Greenpeace USA,"GREENPEACE, INC.",≤100
228754857151053,House Majority PAC,House Majority PAC,≤100
106114264313679,Hunt The Vote,"Hunter Nation, Inc",≤100
8934429638,Planned Parenthood Action,Planned Parenthood Action Fund,≤100
106244251043808,Reuse Plastics,"AMERICAN CHEMISTRY COUNCIL, INC.",≤100
114625730266879,Republican Voters Against Trump,Defending Democracy Together,≤100
1088950287806118,Climate Hustle 2,CFACT,≤100
113213953736393,Mike Bauer for Kootenai County Sheriff,Mike Bauer for Kootenai County Sheriff,≤100
844369892298162,Jake Ellis for District 15,Committee to elect Jake Ellis,≤100
643463669628493,Public Opinion Research Group,"Public Opinion Research Group, Inc",≤100
2012750189007245,Liquid Death Mountain Water,Liquid Death,≤100
322194751726887,Rep. Russ Fulcher,The Office of Congressman Russ Fulcher,≤100
24330467048,Americans for Prosperity,AMERICANS FOR PROSPERITY,≤100
101591551371555,Fire Mitch. Save America.,SAVE AMERICA FUND,≤100
360303722260,Kathleen Williams,KATHLEEN WILLIAMS FOR MONTANA,≤100
342294162453301,Planned Parenthood,Planned Parenthood Federation of America,≤100
118502801658228,Young Kim,Young Kim for Congress,≤100
203805062990264,Ben Shapiro,The Daily Wire,≤100
103911824657671,Health Insurance,Michael Melen,≤100
116805625019400,Union Gospel Mission Motors,Union Gospel Mission,≤100
10150100007820094,Wendy Davis,WENDY DAVIS FOR CONGRESS,≤100
7833534974,Florida Democratic Party,Florida Democratic Party,≤100
907919839243616,My Faith Votes,My Faith Votes,≤100
132692613104,Union Gospel Mission,UNION GOSPEL MISSION ASSOCIATION OF SPOKANE,≤100
109111900634787,Reverend Raphael Warnock,WARNOCK FOR GEORGIA,≤100
109894877501594,Steve Daines Follows The Money,DSCC,≤100
109984394118472,Mask Exemption Cards,Mask Exemption Cards,≤100
102223267818308,Travis Oler,Travis Oler for Idaho,≤100
376776419037747,Turning Point USA,Turning Point USA,≤100
1194865807192273,Conservative Gear,Outergoods LLC,≤100
345378512258813,Elise Stefanik,ELISE FOR CONGRESS,≤100
1107973016071967,Wesley Hunt,Hunt for Congress,≤100
192015461630968,Supporting Our Brave Veterans,James Brian Plouf,≤100
309308412520731,Sandy Hook Promise,Sandy Hook Promise,≤100
406456986070332,Matt Gaetz,Friends of Matt Gaetz,≤100
350784278974539,Turning Point Action,Turning Point Action,≤100
6231686654,Compassion International,"COMPASSION INTERNATIONAL, INCORPORATED",≤100
2330577043935831,Sara Gideon,SARA GIDEON FOR MAINE,≤100
443329669123990,USAFacts,USAFacts Institute,≤100
19192438096,AAAS - The American Association for the Advancement of Science,American Association for the Advancement of Science,≤100
111393882812494,Amy McGrath,"AMY MCGRATH FOR SENATE, INC.",≤100
114131299168,Idaho Freedom Foundation,Idaho Freedom Foundation,≤100
1456310534453054,Veteran Loans Online,"LMB OpCo, LLC",≤100
107491837736492,Bailey Smith for Teton County Prosecuting Attorney,Smith for Teton County,≤100
116546288359245,Heritage Action for America,HERITAGE ACTION FOR AMERICA,≤100
892673067526965,Project War Path,Project War Path,≤100
112641177220237,Center News,Concealed Center,≤100
373814729643508,Let America Vote,LET AMERICA VOTE PAC,≤100
309798029121030,Everytown for Gun Safety,Everytown for Gun Safety Action Fund Inc,≤100
45555240203,America First Credit Union,America First Credit Union,≤100
195530355493,Chicks On The Right,Chicks on the Right,≤100
223055747744143,Beto O'Rourke,Powered By People,≤100
49651563727,Live Action,Live Action,≤100
1677796985839649,Zito for Idaho,Committee to Elect Christy Zito,≤100
2309566456030859,Human Coalition Action,Human Coalition Action,≤100
167586229923327,World Food Program USA,World Food Program USA,≤100
104878167964386,Patriots Together,Marijo L Schlegel,≤100
393932827634250,Dissent Pins,Common Practice,≤100
700806360047982,CFG Action,Club for Growth Action,≤100
160513344045084,John Neely Kennedy,"John Kennedy for Us, Inc",≤100
405469100189512,Still My President - Donald Trump,Red State Politics LLC,≤100
116238930177726,Artsiful,Brad Aaron Shaw,≤100
206743952696198,Lower My Bills,"LMB OpCo, LLC",≤100
217976018236954,OutKick,Outkick Media LLC,≤100
737686089933715,Conservative Collections,Mainline Media Group,≤100
1610834479233860,Fight For Reform,End Citizens United Non-federal,≤100
132492254050920,American AF,AAF Nation,≤100
105330117745461,Vote Paul Thompson,Paul for Idaho,≤100
227764782729,AMERICAN - STRONG!,American Strong LLC,≤100
21559454473,FAIR,FEDERATION FOR AMERICAN IMMIGRATION REFORM,≤100
788394134539871,USPS Business,United States Postal Service,≤100
236369846383459,Congressional Black Caucus PAC,Congressional Black Caucus PAC,≤100
5943727453,American Humane,American Humane,≤100
420785874975425,Conservative Institute,The Conservative Institute,≤100
2019228981443626,She the People,She The People,≤100
51761261956,The Bill of Rights Institute,"BILL OF RIGHTS INSTITUTE, THE",≤100
894096170667732,Ashley Hinson,Ashley Hinson For Congress,≤100
6041057841,The Humane Society of the United States,"HUMANE SOCIETY OF THE UNITED STATES, THE",≤100
296195593821849,Jim Hansen Transportation,Jim Hansen for ACHD,≤100
15524934075,Banana Republic,Banana Republic,≤100
293225127381200,Patriot Depot,The Patriot Depot,≤100
101127364972509,Dems For USA,Dems For USA,≤100
107109947803536,Analyzing America,Gregory Lawrence Burright,≤100
2356945907704615,Greg Pruett for Idaho,Greg Pruett,≤100
7292655492,MoveOn,MOVEON.ORG CIVIC ACTION,≤100
8501031021,VoteVets.org,VOTEVETS,≤100
203852986391750,Steve Berch for Idaho,"Committee to Elect Steve Berch, Susan Eastlake, Treasurer",≤100
675471506247724,Adair for Congress,ADAIR FOR CONGRESS,≤100
8550121410,Free Speech America Project,MEDIA RESEARCH CENTER,≤100
100170524856374,Evangelical Resistance,Patrick John Kahnke,≤100
100233228182981,Madison Cawthorn for Congress,CAWTHORN FOR NC,≤100
23875187730,Feeding America,Feeding America,≤100
1836138529938551,Greater Half,Greater Half,≤100
124081027752198,Idaho Education News,Idaho Education News,≤100
106667854471975,Outspoken,Log Cabin Republicans,≤100
628891490457484,Nancy Mace,Nancy Mace for Congress,≤100
493811210669780,Creative Action Network,Creative Action Network,≤100
586751814690068,Joni Ernst,Joni for Iowa,≤100
655065784538368,PredictIt,"PredictIt - Prediction Markets. A project of Victoria University of Wellington, PredictIt has been established to facilitate research into the way markets forecast events.",≤100
7292655492,MoveOn,MOVEON.ORG POLITICAL ACTION,≤100
38235851310,USA for UNHCR,UNITED STATES ASSOCIATION FOR UNHCR,≤100
216709768355686,Dinesh D'Souza,America2020 Film LLC,≤100
21375324480,The Heritage Foundation,HERITAGE FOUNDATION (THE),≤100
25852730092,Care2,Care2 Inc,≤100
679171239164792,Supermajority,"Supermajority PAC, https://supermajority.com/pac/. Not authorized by any candidate or candidate's committee.",≤100
105084617912738,PatriotQuizzes,patriotquizzes.com,≤100
80987211775,Bill Cassidy,Bill Cassidy for US Senate,≤100
461907547896836,McLean for Boise,McLean for Boise,≤100
1439829396312534,The Movement for Black Lives,Movement for Black Lives,≤100
105995741220700,Patriots United,Le Huu Dong Huynh,≤100
342887442508723,Convention of States,Convention of States Action,≤100
1136781033034012,Brave New Look,Brave New Look,≤100
15687409793,World Wildlife Fund,World Wildlife Fund,≤100
1338822066131069,Women's March,Women's March,≤100
6236054211,Brady,Brady Campaign to Prevent Gun Violence,≤100
109320440856128,Together Beat Hate,"Foundation to Combat Anti-Semitism, Inc.",≤100
57259033959,AARP,AARP,≤100
96171427550,Raja for Congress,FRIENDS OF RAJA FOR CONGRESS,≤100
1336293769761923,Jon Ossoff,JON OSSOFF FOR SENATE,≤100
683872625157265,Theresa Greenfield,THERESA GREENFIELD FOR IOWA,≤100
593289284500311,Trump Rack,BOXD Marketing,≤100
134452023239984,Human Coalition,Human Coalition,≤100
110010433804232,Falkirk Center,Falkirk Center,≤100
2078647579047586,Project Pulso,Pulso,≤100
5720973755,Defenders of Wildlife,DEFENDERS OF WILDLIFE,≤100
10423517786,Harvard Business Review,HARVARD BUSINESS SCHOOL PUBLISHING CORPORATION,≤100
1683659714985244,Phil Ehr,EHR FOR CONGRESS,≤100
107589664099282,Stand Up To China,"Stand Up To China, Inc.",≤100
210333902420876,Sean Parnell,AMERICANS FOR PARNELL COMMITTEE,≤100
1395687177363424,Cup O' Joe with Joe,JOE EVANS FOR CONGRESS,≤100
702582586516561,CBN Israel,"The Christian Broadcasting Network, Inc.",≤100
102745147891580,Trump Coolers,Trump Coolers,≤100
183649031658419,Boise Metro Chamber,"BOISE METRO CHAMBER OF COMMERCE, INC.",≤100
166618413413767,Jay Sekulow,American Center for Law and Justice,≤100
108557097612242,Vote By Mail PAC,Vote By Mail PAC,≤100
103644036958,United Association,United Association Political Education Committee,≤100
298147117056532,Protect Our Water Jackson Hole,Protect our Water Jackson Hole,≤100
10498053716,Media Research Center,MEDIA RESEARCH CENTER,≤100
35169196082,Project HOPE,"PROJECT HOPE-THE PEOPLE-TO-PEOPLE HEALTH FOUNDATION, INC.",≤100
1438808983108348,BOLD PAC,CHC BOLD PAC,≤100
101339958052011,Lauren Necochea for Idaho,Lauren Necochea for Idaho,≤100
971668776283950,PolicyEd,Hoover Institution,≤100
19342050934,Leadership Institute,LEADERSHIP INSTITUTE INC,≤100
102875587947942,Keep Trump In Office,Keep Trump In Office,≤100
1681120172099567,Libertarian Candidates,Ryan Allen Raymond,≤100
111892670610842,Political AF,wowengraving,≤100
103185334702225,Stop Trump PAC,STOP 45 PAC,≤100
113553048669158,Rick Scott,TEAM RICK SCOTT,≤100
102137374563260,Confide in American Pride,John Allen Franson,≤100
514167322309353,Dan Crenshaw,Crenshaw For Congress,≤100
30708742052,FCTRY,FCTRY,≤100
1530883997194411,United States Constitution,Flag and Cross,≤100
11791104453,NRDC,Natural Resources Defense Council,≤100
193618220508,LIFE Today,LIFE Outreach International,≤100
926650430723985,Really American,REALLY AMERICAN PAC,≤100
103026384819654,How to Vote,ACRONYM,≤100
317284821682168,Messianic Jewish Alliance of America (MJAA),Messianic Jewish Alliance of America,≤100
151757038879920,Alyse Galvin for Congress 2020,ALYSE FOR ALASKA,≤100
112899088488,Idaho DLCC,Idaho Democratic Legislative Campaign Committee,≤100
1799282383731277,TwoSeventy,Alexander Jared Deutsch,≤100
107654924064350,Pat Timmons-Goodson,PATRICIA TIMMONS-GOODSON FOR CONGRESS,≤100
585942765164217,Elect Democratic Women,ELECT DEMOCRATIC WOMEN,≤100
103315378108004,True Patriot Strength,LE-HUU DONG HUYNH,≤100
1084856268238034,Trump Talking,Roberto None Lugo,≤100
911828698840246,ReLEntless Defender Apparel,ReLEntless Defender Apparel,≤100
6333396177,NewsBusters.org,MEDIA RESEARCH CENTER,≤100
290851614930809,Combat AntiSemitism,Combat Anti-Semitism,≤100
209516845093,NRDC Action Fund,NRDC Action Fund,≤100
7962229886,Environmental Working Group,ENVIRONMENTAL WORKING GROUP,≤100
111023584012681,Open Road Homeward,Samantha Lyn Weldon,≤100
112735922758892,Charlie Kirk,Charlie Kirk,≤100
592707041080920,Stand Together,Stand Together Chamber of Commerce Inc.,≤100
277414242013,Joyce Elliott for Congress,JOYCE ELLIOTT FOR CONGRESS,≤100
746938465317981,Nuclear Matters,Nuclear Matters,≤100
112903096897476,Merav Ben-David,BENDAVID2020,≤100
163302087408673,Stop The Donald,Stop the Donald,≤100
113893130439041,GenFree,Gen Free,≤100
76625396025,CDC,U.S. Centers for Disease Control and Prevention with Facebook Ad Credits,≤100
129255907131113,NumbersUSA,NUMBERSUSA EDUCATION AND RESEARCH FOUNDATION,≤100
281988235209978,Graham Paterson Nampa & Meridian Irrigation District Director,Thomas Graham Paterson,≤100
199756330090514,Solar United Neighbors,Solar United Neighbors,≤100
143055773143383,Patients For Affordable Drugs NOW,Patients for Affordable Drugs Now,≤100
104027944769027,Proud Patriot Shop,Georgia Rose Benoit,≤100
331037760381749,Sierra Magazine,SIERRA CLUB,≤100
16775672689,Heartland Institute,The Heartland Institute,≤100
143729616392084,Van Drew for Congress,Van Drew for Congress,≤100
6820348410,Kirsten Gillibrand,Off the Sidelines,≤100
6713653788,Gary Peters,PETERS FOR MICHIGAN,≤100
203786296357633,"Idaho Legal Aid Services, Inc.",IDAHO LEGAL AID SERVICES INC,≤100
105536771280090,Writeindanrose.com,Daniel Charles Rose,≤100
108281434237351,UBS Financial Services Inc.,UBS Financial Services,≤100
1553558311617419,People United for Privacy,People United for Privacy,≤100
197760674021143,Indivisible Guide,INDIVISIBLE ACTION,≤100
352527958302,Israel on Campus Coalition,Israel on Campus Coalition,≤100
1540549669581410,Voices for Affordable Health,Voices for Affordable Health,≤100
135298176481584,Marine Corps Scholarship Foundation,Marine Corps Scholarship Foundation,≤100
27311599342,Preemptive Love,Preemptive Love Coalition,≤100
112333396969405,Jim Bognet,Bognet for Congress,≤100
169294473121454,Policetees.com,PoliceTees.com,≤100
50982313030,Food & Water Watch,Food & Water Watch,≤100
950998258312654,Knowhere,"Knowhere, Inc.",≤100
1204754733024419,People's Power Grab,ACRONYM,≤100
102564128179023,Truth to Power,TRUTH TO POWER,≤100
102387244727787,Rick Just For Idaho,Committee to Elect Rick Just,≤100
333710103706307,Giffords,GIFFORDS PAC,≤100
101769576791,Health Action Network,Health Action Network,≤100
109698737529541,WomanKindness,WomanKindness,≤100
105095707886406,Voice of Truth,CSN International,≤100
354716314909000,Swing Left,Swing Left,≤100
101609245018830,Write in Josh Hurley for District 1 Commissioner,Josh Hurley For District 1,≤100
200224630053159,Ben McAdams,FRIENDS OF BEN MCADAMS,≤100
303061950155375,John James,"JOHN JAMES FOR SENATE, INC.",≤100
153278754738777,Climate Reality,The Climate Reality Project,≤100
257019421075897,Cory Gardner,Cory Gardner for Senate,≤100
248181906078243,National Institute for Civil Discourse,CommonSense American,≤100
1025055787535714,A Case for Women,A Case for Women,≤100
192771954102960,Jordan Sekulow,American Center for Law and Justice,≤100
15771560300,Earthjustice,EARTHJUSTICE,≤100
1934191280189700,Health Care Voter,Health Care Voter,≤100
124155874263916,Participant Media,Participant Media,≤100
6240652407,Young America's Foundation,YOUNG AMERICA'S FOUNDATION INC,≤100
102959799834968,Diane Mitsch Bush for Colorado,DIANE FOR COLORADO CD3,≤100
219247332354785,Phil Arballo for Congress,ARBALLO FOR CONGRESS,≤100
104099074492299,Derrick Van Orden,VAN ORDEN FOR CONGRESS,≤100
115024746010017,MediaWise,MediaWise,≤100
17911165812,Covenant House International,Covenant House,≤100
8047221596,Save the Children US,"SAVE THE CHILDREN FEDERATION, INC.",≤100
128167457221813,Public Transportation,Voices for Public Transit,≤100
8492293163,Environmental Defense Fund,Environmental Defense Fund,≤100
106740924409388,Re-Elect Jacob Greenberg,Re-Elect Jacob Greenberg,≤100
83290028957,Care Net,CARE NET,≤100
105536127617594,The American Digest,The American Digest,≤100
105010030848236,Bryant Cameron Webb,DR. CAMERON WEBB FOR CONGRESS,≤100
700558280309875,Sootchy App,Sootchy Inc,≤100
53674651369,Susan B. Anthony List,Susan B. Anthony List,≤100
291102898490822,Giant Maga Hat,Inventors club LLC,≤100
1055873511190792,Hello Resistance,Hello Resistance Apparel,≤100
100757521655204,Republican Red Wine,REPUBLICAN RED LLC,≤100
104351147973521,BLM Store,www.BLM.store,≤100
284946111858895,Debbie Mucarsel-Powell,DEBBIE FOR CONGRESS,≤100
64742342517,Hagee Ministries,"GLOBAL EVANGELISM, INC.",≤100
166623896739812,Citizens United Political Victory Fund,Citizens United Political Victory Fund,≤100
202531447982,Jimmy Chin,Protect Our Winters,≤100
27544763621,Prison Fellowship,Prison Fellowship,≤100
51533142540,Public Advocate of the U.S.,PUBLIC ADVOCATE OF THE US,≤100
100442195144763,Hometown Adventures,Nelson Dong Tran,≤100
160630887998827,Let Them Live,Let Them Live,≤100
123087310074,Washington Policy Center,WASHINGTON POLICY CENTER,≤100
143089732792,Marsha Blackburn,Blackburn Tennessee Victory Fund,≤100
17203056985,Partners In Health,Partners In Health,≤100
808450969246896,"Rebecca Walser, Tax Attorney, CFP",Walser Wealth Management,≤100
162493793737,Rick Green,Richard Arlin Green,≤100
109601070861177,Patriotic Unity,Thanh Phuc Tran Nguyen,≤100
29697575576,Paralyzed Veterans of America,PARALYZED VETERANS OF AMERICA,≤100
7814597100,Jim Jordan for Congress,JIM JORDAN FOR CONGRESS,≤100
1656666204620806,The Wright Stuff Chics,The Wright Stuff Chics,≤100
113793000459349,Patriot Place,The Patriot Place,≤100
108029674299216,We The People,We The People,≤100
8145161702,Lambda Legal,"LAMBDA LEGAL DEFENSE & EDUCATION FUND, INC.",≤100
1010143499143169,Medicare Savings,"Mayo Labs, LLC",≤100
181924628560212,SumOfUs,SumOfUs,≤100
2256321067930356,Liberteeclub,libertyteeshop,≤100
169130743498585,Tactical Pro Supply,Chad Keller,≤100
260713150211,Protect Our Winters,Protect Our Winters,≤100
101176781688638,Vets In America,Thanh Phuc Tran Nguyen,≤100
101593118164512,Ferro For Idaho,Ferro For Idaho,≤100
105157841248307,No Filter Politics,No Filter Politics,≤100
90498769709,Edenpure,EdenPURE®,≤100
1801928096578092,Radical Alert,Radical Alert,≤100
343721152715811,Treasure Valley Mattress and Furniture,John Franklin Yancey,≤100
11653741889,Ad Council,Ad Council with Facebook Ad Credits,≤100
258470931719484,The Why Minutes,The Why Minutes,≤100
1999820786968314,Swisher for Idaho,SWISHER FOR IDAHO,≤100
11006419356,The Voice of the Martyrs - USA,"VOICE OF THE MARTYRS, INC., THE",≤100
1228396643984955,Michelle Steel,Michelle Steel for Congress,≤100
398757490729,The National Network to End Domestic Violence,"NATIONAL NETWORK TO END DOMESTIC VIOLENCE, INC.",≤100
203197030603239,8 Billion Trees,8 Billion Trees LLC,≤100
429812024048177,Doug Jones for Senate,DOUG JONES FOR SENATE COMMITTEE,≤100
419237048158257,Susan Collins,COLLINS FOR SENATOR,≤100
105829564471772,Patriots Stand Together,Trizzie Truong,≤100
46347342434,EMILY's List,EMILY'S LIST,≤100
34362997676,United States Holocaust Memorial Museum,UNITED STATES HOLOCAUST MEMORIAL MUSEUM,≤100
106841030944424,Christopher Matthews for Idaho,Christopher S Matthews,≤100
201956993160690,MRCTV,MEDIA RESEARCH CENTER,≤100
407664862957433,Ammar Campa-Najjar for Congress,AMMAR CAMPA-NAJJAR FOR CONGRESS,≤100
110439270638992,NE1else,Time Management LLc,≤100
129278807814364,Women of Welcome,Welcome.,≤100
100697751658498,Stronger.org,The Public Good Projects,≤100
1416776665285641,Idaho Mining Association,MIDAS GOLD CORP,≤100
109837984127706,Kara Veit For ACHD,Kara Ann Veit,≤100
20395377020,Old Navy,Old Navy LLC,≤100
108692310594568,UNITE HERE,UNITE HERE PAC,≤100
297254237585636,Sheriff Strafe,These ads ran without a disclaimer,≤100
1648154845427417,Doggy Do Good,Do Something Good LLC,≤100
1765073800454902,Reform Austin,Reform Austin Inc.,≤100
114475890010131,Piggy Dollar Financial,Tyler Wayne Hedland,≤100
308159713150350,Voter Protection Project,VOTER PROTECTION PROJECT,≤100
828902563856302,Chuck Schumer D-NY,FRIENDS OF SCHUMER,≤100
1423200984590762,Jenny Wilson for Salt Lake County Mayor,Jenny Wilson for Salt Lake County Mayor,≤100
8057376739,The Nature Conservancy,Nature Conservancy,≤100
455147011996099,The Ann and Phelim Scoop,The Unreported Story Society,≤100
30914589895,The International Fellowship of Christians and Jews,"INTERNATIONAL FELLOWSHIP OF CHRISTIANS & JEWS, INC.",≤100
656263988182462,Bill Hagerty,TEAM HAGERTY,≤100
38471053686,Elizabeth Warren,"WARREN DEMOCRATS, INC.",≤100
20876805343,March of Dimes,MARCH OF DIMES INC.,≤100
333081284065216,Brynne Kennedy for Congress,BRYNNE KENNEDY FOR CONGRESS,≤100
102617961152741,Barbara Bollier,BOLLIER FOR KANSAS,≤100
433919203362871,Bird + Stone,BIRD & STONE INC,≤100
104370080928459,Ellen Spencer for Idaho Senate 2020,Spencer for District 14,≤100
1268410219898273,Tango Tango,Tango Tango Inc,≤100
51379424899,Mercy Ships,MERCY SHIPS INTERNATIONAL,≤100
2072655739639725,Life Choices Clinic,Danielle Jeanne Carlson,≤100
496696933682736,Jeff Merkley,JEFF MERKLEY FOR OREGON,≤100
151525932186806,When Democrats Turn Out,WHEN DEMOCRATS TURN OUT PAC,≤100
420424547981908,In Search of Liberty,Scott Dennis Welch,≤100
537534316395916,Students for Trump,Turning Point Action,≤100
58736997707,Marco Rubio,Marco Rubio for Senate,≤100
102458698265192,Peace At Home,Calvin Quang Nguyen,≤100
289446947817747,Global Citizen,"GLOBAL POVERTY PROJECT, INC.",≤100
1556932204325823,ProgressPop,ProgressPop,≤100
518194348194441,RepresentUs,RepresentUs,≤100
260668817346988,Ignite National,IGNITE,≤100
169277310432049,"Texas Precision Optics, Inc.",Texas Precision Optics Inc,≤100
322551718276442,Lemons Are Blue,Lockwell LLC,≤100
259212814698356,Democratic Majority for Israel,DMFI PAC,≤100
73970658023,International Rescue Committee,These ads ran without a disclaimer,≤100
152315634778510,UsAgainstAlzheimer’s,UsAgainstAlzheimer's,≤100
105455840860559,EagleRealm LLC,Eagle Realm,≤100
103373224404755,Impact Slates,COLLECTIVE IMPACT PAC,≤100
142370046577999,Shahid Buttar for Congress,Shahid Buttar for Congress Committee,≤100
113222857176102,Home Auto Deals,Home Auto Deals,≤100
105433064492153,The Return 2020,The Return International,≤100
108797534098691,Keep Gifts Great,Adrian Choi Conger,≤100
103418374797381,Emilie Jackson-Edney for ACHD,Emilie 4 ACHD Seat 5,≤100
598575284137858,The Trump I Know,Wolf Rock Pictures,≤100
255208337943901,Jobs Growth,"JOBS FREEDOM AND SECURITY PAC, Not authorized by any candidate or candidate’s committee.",≤100
396932197039819,SafeSleeve,"SafeSleeve, LLC",≤100
70874333603,CatholicVote,CatholicVote,≤100
18709174006,National Audubon Society,"NATIONAL AUDUBON SOCIETY, INC.",≤100
253791814655400,Doug Collins,"COLLINS FOR SENATE, INC.",≤100
1053833861326820,John Burke,Presidential Playbook,≤100
102592959026,Ocean Conservancy,"OCEAN CONSERVANCY, INC.",≤100
418951294827718,Wren + Glory,WREN + GLORY,≤100
100719625004234,Home and Community,Cynthia Nguyen,≤100
112164673854264,Living Patriotically,Living Patriotically,≤100
108512875350,The Atlas Society,The Atlas Society,≤100
419992651425033,Guardianes del Pueblo-Consumer Law Group,Consumer Law Group,≤100
175403889150682,FindLaw.com,FindLaw Consumer,≤100
151297638887120,Upswell,Independent Sector,≤100
263210730984251,We Are Great Again Pac,WE ARE GREAT AGAIN PAC,≤100
111324359048459,Dr. Roger Marshall,KANSANS FOR MARSHALL,≤100
433862767066973,"Don Beck Nez Perce County Commissioner, District 1.",Don Hancock Beck,≤100
540707072979860,Brian Maryott,MARYOTT FOR CONGRESS,≤100
153678684700451,American Investment Council,AMERICAN INVESTMENT COUNCIL,≤100
431099560800970,Front Page Live,"Front Page Live, Inc.",≤100
7219151423,The Fund for American Studies (TFAS),The Fund for American Studies,≤100
111499100431,National Association for Gun Rights,NATIONAL ASSOCIATION FOR GUN RIGHTS INC,≤100
2259323457517498,Abolish the Electoral College,ABOLISH THE ELECTORAL COLLEGE,≤100
149081336362,AmeriCorps VISTA,Corporation for National and Community Service,≤100
100822111703317,New Optimal Greatness Close,Sun Rise Dance,≤100
128716440866482,Adam Milstein,Adam Milstein,≤100
1234251319933440,Exclusive Apparel,The Dude's Designs,≤100
465483726908192,iVote,IVote Civic Education Fund,≤100
225047548933396,Hip-Hop Political Education,Hip Hop Political Education Summit,≤100
107953010886875,20Train.com,GEEG LLC,≤100
1613516851999536,Sunrise Movement,Sunrise,≤100
323148194394336,Kootenai County Democrats,Kootenai County Democrats,≤100
306591716448427,Cindy Axne,CINDY AXNE FOR CONGRESS,≤100
121626482110,Operation Smile,"OPERATION SMILE, INC.",≤100
1486604288305133,Happy Earth Apparel,Happy Earth LLC,≤100
101894128312659,My President,Republican Nations,≤100
107665644228467,Conservative Journal Review,Conservative Journal Review LLC,≤100
999775873528189,Stopping Socialism,The Heartland Institute,≤100
1316372698453411,Alexandria Ocasio-Cortez,THE SQUAD VICTORY FUND,≤100
571748412859876,Matt Rosendale,Matt Rosendale for Montana,≤100
11111618026,Union of Concerned Scientists,"UNION OF CONCERNED SCIENTISTS, INC.",≤100
71383025128,PARIS - Guerrilla Funk Recordings,"Guerrilla Funk Recordings and Filmworks, LLC",≤100
467804929927622,Jason Smith,JASON SMITH FOR CONGRESS,≤100
245284549333866,ASMDSS,ASMDSS,≤100
32975139631,If Americans Knew,If Americans Knew,≤100
6851405967,CREDO Mobile,"CREDO MOBILE, INC.",≤100
1345951945549438,The Trump Prophecy,"DIGITAL COAST MEDIA, LLC",≤100
931907200310657,Patients Rising Now,Patients Rising Now Inc,≤100
361960287311696,Better Medicare Alliance,"Better Medicare Alliance, Inc",≤100
28510612138,Uncommon Knowledge,Hoover Institution,≤100
114386721939978,The Made in America Store,Made In America Store,≤100
103405747975934,Shelley Brock For Idaho,Committee to Elect Shelley Brock,≤100
109078917443178,Independent OC,Independent OC,≤100
1709145412721991,The Center for Growth and Opportunity at Utah State University,The Center for Growth and Opportunity,≤100
41309865723,Democrats.com,DEMOCRATS.COM,≤100
113110137118723,Collectible Currency,Proud Patriots,≤100
210277954204,The Young Turks,"The Young Turks, Inc.",≤100
1809715209318581,Marjorie Taylor Greene for Congress,GREENE FOR CONGRESS,≤100
109186244232765,The Liberty Club,Cindy None Dao,≤100
55549065733,Voto Latino,VOTO LATINO INC.,≤100
332803374044043,Chris Bubser for Congress,CHRIS BUBSER FOR CONGRESS,≤100
109947294143213,Republicanstorefront,Republicanstorefront.com,≤100
221401431386940,Pramila Jayapal,PRAMILA FOR CONGRESS,≤100
313723095478950,The Daily Citizen,Focus on the Family,≤100
2225580284361712,Tommy Tuberville,"TUBERVILLE FOR SENATE, INC.",≤100
278703415666824,Jeremy Jones,Protect Our Winters,≤100
121067011091,Arab American Institute,Arab American Institute with Facebook Ad Credits,≤100
1560105467624797,Generation180,Generation180,≤100
336470580233523,Pins and Aces Golf Co.,US Craft Brands LLC,≤100
548407915183371,Liz Cheney,Liz Cheney for Wyoming,≤100
2081864865362439,Mike Espy,MIKE ESPY FOR SENATE CAMPAIGN COMMITTEE,≤100
30792325085,Bipartisan Policy Center,"BIPARTISAN POLICY CENTER, INC.",≤100
21492729544,Catholic Relief Services,CATHOLIC RELIEF SERVICES - UNITED STATES CONFERENCE OF CATHOLIC BISHOPS,≤100
60449667441,Family Research Council,FAMILY RESEARCH COUNCIL,≤100
7145381235,American Jewish World Service - AJWS,"AMERICAN JEWISH WORLD SERVICE, INC.",≤100
152264148166020,Moms Clean Air Force,Moms Clean Air Force,≤100
1600352356914768,PushBlack,PushBlack,≤100
100696128366533,Compare-HealthPlans.com,Darius Alexander Mcdougle,≤100
228132537208218,Tammy Duckworth,TAMMY FOR ILLINOIS,≤100
186070498791676,The Dude,The Dude's Designs,≤100
101329438317952,Story Network Action,Story Network Foundation,≤100
143986912311328,University of Vermont Continuing and Distance Education,University of Vermont,≤100
830890360316751,Nick Hanauer,Civic Action,≤100
102436701226752,Is It Sunday Yet?,Jarrett J Rogers,≤100
370657382416,Stanley Black & Decker,"STANLEY BLACK & DECKER, INC.",≤100
12683623041,Society for Human Resource Management (SHRM),SOCIETY FOR HUMAN RESOURCE MANAGEMENT,≤100
657708380952174,Voices of the Civil Rights Movement,Comcast,≤100
79125112926,Students for Life of America,"STUDENTS FOR LIFE OF AMERICA, INC.",≤100
104504438466,Federal Voting Assistance Program - FVAP,Federal Voting Assistance Program,≤100
101300771722995,The Patriotic Movement,Christopher Allen Supek,≤100
102756811269921,Fellow Americans,Fellow Americans,≤100
110849485902,United Way,United Way Worldwide,≤100
48530203934,The American Alpine Club,"AMERICAN ALPINE CLUB, THE",≤100
267180743723148,National Geographic Society,National Geographic Society,≤100
159597424207730,David Perdue,PERDUE FOR SENATE,≤100
6787988478,Physicians for Human Rights,"PHYSICIANS FOR HUMAN RIGHTS, INC.",≤100
971463449533074,Nate McMurray for Congress,NATE MCMURRAY FOR CONGRESS,≤100
101352851565699,Somos PAC,SOMOS PAC,≤100
181385265351965,Mosaic Magazine,Mosaic,≤100
442553959494293,Pay Up Climate Polluters,Center for Climate Integrity,≤100
21455818797,Feed the Children,"FEED THE CHILDREN, INC.",≤100
514167322309353,Dan Crenshaw,Dan Crenshaw for Congress,≤100
23790541544,Democrats,DCCC,≤100
551158678560402,Epimonia,Epimonia LLC,≤100
58158120046,ACLJ,American Center for Law and Justice,≤100
21090771700,Gun Owners of America,Gun Owners of America,≤100
233252112937,Russ Fulcher for Congress,Russ Fulcher for Idaho,≤100
103645227897737,Zesty Salsa,Gabriel F Serrano,≤100
234628203317767,Made for Freedom,Made for Freedom,≤100
357554791340788,Liker,Omar Rivero,≤100
13867925345,Equality Florida,Equality Florida,≤100
100501611534904,BDS is BS,BDS is BS,≤100
1439364926329185,Animal Matters,Animal Matters,≤100
57218184395,Walla Walla Community College,Walla Walla Community College,≤100
115364585711,Lawyers' Committee for Civil Rights Under Law,Lawyers' Committee for Civil Rights Under the Law with Facebook Ad Credits,≤100
123624513983,The Western Journal,The Western Journal,≤100
109088011473,Motorcycle Mechanics Institute,These ads ran without a disclaimer,≤100
110061623807565,Kelly Loeffler,Georgians for Kelly,≤100
165858562140,Western Resource Advocates,Western Resource Advocates,≤100
34521916336,Brent Bozell,MEDIA RESEARCH CENTER,≤100
117641114435,First Aid Beauty,First Aid Beauty,≤100
1393911800825140,OZY,OZY Media Inc,≤100
1448492385405594,Local Food Alliance,Sun Valley Institute,≤100
102389731274006,Shield Republic Charities,Shield Republic,≤100
278487153675,Redneck Nation Clothing,Tracie Milliron Gold,≤100
142474049098533,Robert Reich,Inequality Media,≤100
7976226799,The Daily Show,Comedy Central,≤100
205395906412,UAW International Union,"INTERNATIONAL UNION, UNITED AUTOMOBILE, AEROSPACE AND AGRICULTURAL IMPLEMENT WORKERS OF AM",≤100
26006662641,Arizona Democratic Party,Arizona Democratic Party,≤100
625163578131723,Bravely Facing Tomorrow,Gregory Inwha Park,≤100
104027944769027,Proud Patriot Shop,The GOP Shop,≤100
601108943431836,The Flip Side,TFS Inc,≤100
117513180002579,John Shallman,Target Marketing Digital,≤100
1690071827911682,Cleancult,cleancult,≤100
211049239087028,Association of Young Americans,Benjamin J Brown,≤100
2212066245574161,Sarah Huckabee Sanders,St. Martin's Press,≤100
105287044367027,ObsessedwithTrump,Donald Lee Rowan,≤100
133294620046953,Mission India,MISSION INDIA INC,≤100
2146201085498440,Tony Gonzales,Tony Gonzales for Congress,≤100
1691667177798461,Brut,Brut,≤100
111945553601129,Trump2020 Coffee,Trump2020 Coffee,≤100
172917999989498,Rod of Iron Ministries,Andrew Lawrence Hallinan,≤100
24481937944,Theodore Roosevelt Conservation Partnership,"THEODORE ROOSEVELT CONSERVATION PARTNERSHIP, INC",≤100
163202650462603,Doug LaMalfa for US Representative,DOUG LAMALFA COMMITTEE,≤100
103039617748923,Chris Elko for Board of Ed,Elko for Board of Ed,≤100
780941275347834,Ilhan Omar,ILHAN FOR CONGRESS,≤100
85945492130,EnergyBoom,Energy Boom,≤100
21395843375,Dialysis Patient Citizens,DIALYSIS PATIENT CITIZENS INC,≤100
1640136779635989,We The People Holsters,WeThePeopleHolsters,≤100
711909245654048,National Police Support Fund,National Police Support Fund,≤100
295644160460352,Donald Trump Jr.,"Premiere Marketing, Inc.",≤100
9364828262,Citizens Against Government Waste,CITIZENS AGAINST GOVERNMENT WASTE,≤100
438536186881177,All Clear Foundation,All Clear Foundation,≤100
91346559231,Democratic Legislative Campaign Committee - DLCC,Democratic Legislative Campaign Committee,≤100
87199812705,Advocates for Youth,ADVOCATES FOR YOUTH INC,≤100
1634651343331439,Project Wren,Landon Brand,≤100
194413290579640,Wisconsin Assembly Democrats,Assembly Democratic Campaign Committee,≤100
123315077689118,Atria Books,Simon and Schuster,≤100
100401327980848,National Parents Union,National Parents Union,≤100
114885646899438,Mr. 45th,Clush,≤100
2295062210811244,Coalition for American Veterans,COALITION FOR AMERICAN VETERANS POLITICAL ACTION COMMITTEE,≤100
1311291038982513,2A Gear,Teecreations LLC,≤100
1596671280578981,Schools & Communities First,Schools and Communities First,≤100
100119981671668,Blue Senate,BLUE SENATE PAC,≤100
7341997111,Conservation International,Conservation International,≤100
231154884924705,AboutTrump.org - and Biden,A MARK FOUNDATION,≤100
72931140459,Center for Biological Diversity,"CENTER FOR BIOLOGICAL DIVERSITY, INC.",≤100
101533684726659,You Are A Pro,Ruth Nduta Karanja,≤100
740266592735787,Free to Be Kids,Free To Be Kids,≤100
47712360678,Jobs With Justice,Jobs With Justice,≤100
104332661254150,Vote Values,VOTE VALUES,≤100
101208514791301,Daniel Turner,Power The Future Inc,≤100
405355946226766,Todd Young,"FRIENDS OF TODD YOUNG, INC.",≤100
111154480583837,Cecilia Lopes for Idaho Precinct 1413,Cecilia Toste Lopes,≤100
148205145252473,Backcountry Hunters & Anglers,Backcountry Hunters & Anglers,≤100
327202261326682,Stephanie Bice,Bice for Congress,≤100
227535924071462,Animal Petitions,AnimalPetitions.org,≤100
292351509697,Jerusalem Prayer Team,Jerusalem Prayer Team,≤100
109360297266116,Fearless Patriot,TERESA NONE OHARA-MARSH,≤100
53541257714,The Arc of the United States,"ARC OF THE UNITED STATES, INC., THE",≤100
344690446467832,The Copper Courier,"Courier Newsroom, Inc.",≤100
113335773562471,President Trump For Re-Election,Great American Era,≤100
165238836870566,MRC Culture,MEDIA RESEARCH CENTER,≤100
927610307291393,Georgette Gómez,Georgette Gomez for Congress,≤100
1653251174924652,Fuzzu,Fuzzu,≤100
617624205296968,Tim Dunn For Az House,Tim Dunn For AZ House. Authorized by Tim Dunn.,≤100
21834534343,Volunteers of America,"VOLUNTEERS OF AMERICA, INC.",≤100
54787697857,Ron Wyden,WYDEN FOR SENATE,≤100
114937555342547,Seth Abramson,Macmillan Publishing,≤100
1030021013726452,Muscato For Congress,MUSCATO FOR CONGRESS,≤100
166471303706,OkCupid,"MATCH GROUP, LLC",≤100
2339203789732156,Kim Mangone for Congress,COMMITTEE TO ELECT KIM MANGONE FOR CONGRESS,≤100
28144169620,Alliance for Aging Research,Alliance for Aging Research,≤100
166738743732702,All Above All Action,All Above All Action Fund,≤100
59877921429,Lutheran Immigration and Refugee Service,"LUTHERAN IMMIGRATION AND REFUGEE SERVICE, INC.",≤100
182383268803,Loranne Ausley,Loranne Ausley for Florida Senate,≤100
1784991421516214,Seek Refuge,Seek Refuge,≤100
106990577760881,Presidential Teez,Presidential Teez,≤100
315151565831,Ascension,Ascension Press,≤100
1642386799323957,Angie Craig,ANGIE CRAIG FOR CONGRESS,≤100
747783932079184,Jared Golden,COMMITTEE TO ELECT JARED GOLDEN,≤100
112600915451330,No Labels,No Labels,≤100
168379594070325,3DTrumpVision.com,3DTrumpVision.com,≤100
664770743730817,Dan Feehan for Congress,FRIENDS OF DAN FEEHAN,≤100
2338979479650120,Genevieve Collins for Congress,COLLINS FOR TEXAS,≤100
184731548554164,PL+US,Plus Fund: Paid Leave for the United States,≤100
130848666099,Business Forward,BUSINESS FORWARD,≤100
104012084703106,One People United PAC,One People United,≤100
108906707265489,USA Pooch,"PRESIDENTIAL POOCH, INC",≤100
83865976093,Truthout,TRUTHOUT,≤100
111718570352005,Yes on Measure A - A Solution for Homelessness,"Yes on Measure A - Homes for San Diegans, Sponsored by a Coalition of Civic Nonprofits and Housing Providers.  Committee major funding from  Affirmed Housing Group Inc  Eden Housing Inc  Metropolitan Area Advisory Committee (MAAC)  Funding details at www.sandiego.gov/donors. ",≤100
108650400954148,Stopping Socialism TV,The Heartland Institute,≤100
101481584557260,Help Asheville Bears-HAB,Heather Christina Williams,≤100
107523875954231,Danny Davis,Protect Our Winters,≤100
110025777469404,Ridgeline Research LLC,Ridgeline Research LLC,≤100
60236215646,LGBTQ Victory Fund,LGBTQ VICTORY FUND,≤100
169687486427698,Jentezen Franklin,FREE CHAPEL WORSHIP CENTER,≤100
103131054573692,Crawfordology,Crawfordology,≤100
1636216106590985,Josh Hawley,JOSH HAWLEY FOR SENATE,≤100
486742462081051,Mike Cooney for Governor,Cooney for Montana,≤100
154860200019,Immigrants Rising,Immigrants Rising,≤100
103979520737,WildCare,WILDCARE TERWILLIGER NATURE EDUCATION & WILDLIFE REHABILITATION,≤100
101136147910784,Represent Justice,Represent Justice,≤100
172758932738142,PhRMA,PHARMACEUTICAL RESEARCH AND MANUFACTURERS OF AMERICA,≤100
106949844346620,Trumpian Republicans,Gregory Lawrence Burright,≤100
108543130978621,Proud American Gifts,The GOP Shop,≤100
181183059253295,Dorsal Bracelets,Dorsal Bracelets,≤100
956112704484286,American Update,American Update,≤100
105610970947657,MY 2A GEAR,Leon Mckensizy Dunn,≤100
15041226930,Oxfam,"OXFAM AMERICA, INC.",≤100
1667892193505378,Hold the House,HOLD THE HOUSE PAC,≤100
5633824547,FreedomWorks,"FREEDOMWORKS, INC.",≤100
1488803804538481,Mike Siegel,MIKE SIEGEL FOR CONGRESS,≤100
110962313941403,Vote from Home 2020,PEOPLE FOR GOVERNMENT PAC,≤100
102846434825096,Beat Abbott,Beat Abbott PAC,≤100
121731445898409,I Love Great Deals,Roberto None Lugo,≤100
839073729808623,Hillary Scholten,SCHOLTEN FOR CONGRESS,≤100
623339164538852,National Security Action,Nationalsecurityaction.org,≤100
113042546706999,Wendell Champion,CHAMPION FOR CONGRESS,≤100
110849485902,United Way,United Way Worldwide with Facebook Ad Credits,≤100
70995214846,Business Roundtable,Business Roundtable,≤100
6165653060,AFSCME,AMERICAN FEDERATION OF STATE COUNTY & MUNICIPAL EMPLOYEES,≤100
638673103424933,Retired Americans PAC,Retired Americans PAC,≤100
7642602143,Mother Jones,FOUNDATION FOR NATIONAL PROGRESS,≤100
225039284179565,The Nature Conservancy in Wyoming,Nature Conservancy,≤100
425303257834064,Tom Basile,TomBasile.com,≤100
740835272633567,Scott Milne for Vermont,Scott Milne for Vermont,≤100
142965626322284,Immigrant Hope - Wyoming Idaho,Immigrant Hope - Wyoming/Idaho,≤100
1447829315468579,Protect Colorado,"Protecting Colorado's Environment, Economy, and Energy Independence",≤100
1400772006635782,Josh Harder,JOSH HARDER FOR CONGRESS,≤100
130848666099,Business Forward,Business Forward Inc.,≤100
839110726214614,Realtors,NATIONAL ASSOCIATION OF REALTORS,≤100
1438882392887793,ADF Church Alliance,Alliance Defending Freedom,≤100
1533695766904443,Trainwreck,Trainwreck,≤100
103744091462809,The Trump Closet,Kenneth Dione Keith Jr,≤100
131352838109,Congressman Darrell Issa,DARRELL ISSA FOR CONGRESS,≤100
186805048171120,U.S. & Texas LawShield,Texas LawShield,≤100
281884085611820,Tedra Cobb,COMMITTEE TO ELECT TEDRA COBB,≤100
1255514891283096,RGA Right Direction PAC,RGA RIGHT DIRECTION PAC,≤100
598720023670599,Jennifer Carroll Foy,Jennifer Carroll Foy for Governor,≤100
304058913005378,Senior and Disabled Concerns,Senior & Disabled Concerns,≤100
700941689954518,Defend Our Future,Defend Our Future,≤100
868405419972384,The Outrage,The Outrage,≤100
304062610300415,VozWire,Gregson E Mathe,≤100
47710973068,Cooperative Action Network,National Rural Electric Cooperatives Association,≤100
1229789977123022,Debbie Lesko for Congress,DEBBIE LESKO FOR CONGRESS,≤100
86071521216,Second Amendment Foundation,SECOND AMENDMENT FOUNDATION INC,≤100
101485404914361,Bad News Wares,Bad News Wares,≤100
1397456727053085,Georgia Law Enforcement,Georgia Law Enforcement Organization,≤100
708375056271048,The Christendom Curriculum,The Christendom Curriculum,≤100
124626320898336,Catholic Extension,"CATHOLIC CHURCH EXTENSION SOCIETY OF THE UNITED STATES OF AMERICA, THE",≤100
123651254408327,Sokolove Law,"Sokolove Law, LLC",≤100
192013990902459,Roy Cooper,Cooper For North Carolina,≤100
1945837408977507,Michael Moates,-MICHAEL STEVEN MOATES,≤100
319982881752525,Kara Eastman,EASTMAN FOR CONGRESS,≤100
111702860231554,Matt Lieberman,Matt Lieberman for Senate,≤100
176466646087311,DC Fawcett,Donald Chappell Fawcett,≤100
1724818571163958,Action Center on Race and the Economy,"ACTION CENTER ON RACE AND THE ECON, THE",≤100
884608308247144,Armadillo Hat Company,Armadillo Hat Company,≤100
117543260074645,Community Deals For All,Community Deals For All,≤100
127335473965761,Recycle Cartons,"Carton Council of North America, Inc.",≤100
1443127535947107,Save the Children Action Network,Samra Mahmood Khawaja,≤100
34701792581,EWTN,Eternal Word Television Network,≤100
102413723172970,Nick Adams,Nick Adams,≤100
1750699881894920,Yvette Herrell for Congress,YVETTE4CONGRESS,≤100
341828139690,Heritage Defense,Heritage Defense,≤100
208463585839891,Living Future Institute,International Living Future Institute,≤100
1741729849281711,Uber & Lyft Sexual Assault Attorneys,Safer America,≤100
341240953385902,Force Of Nature Meats,Force of Nature,≤100
69983322463,Ted Cruz,TED CRUZ FOR SENATE,≤100
107937014153581,Energized Health,John Jubilee Transformation LLC DBA Energized Health,≤100
399449253859486,The Patriot Sheepdog,ARCS Self Defense and Combatives LLC,≤100
201248453800242,My Pay My Say,Mackinac Center for Public Policy,≤100
367292494407,AJC - American Jewish Committee,AMERICAN JEWISH COMMITTEE,≤100
104881317722736,Get-It-Out,Matthew Justin Viles,≤100
467503009987109,"Healthy Forests, Healthy Communities","Healthy Forests, Healthy Communities",≤100
106968690805026,Sima for Texas,SIMA FOR TEXAS,≤100
126297030950,Johnson & Johnson,These ads ran without a disclaimer,≤100
396542850837611,Declaration for American Democracy,"PUBLIC CITIZEN FOUNDATION, INC.",≤100
18079407397,CPAC 2020,Conservative Political Action Conference,≤100
95181800661,Levi's,Levi's®,≤100
256521221031254,Spokane River Forum,Spokane River Forum - EnviroCertified,≤100
673539489767466,The Winged Lion: Marion's Match,Patrick David Carlson,≤100
312208869424760,Field Team 6,Cory Cambridge Alpert,≤100
1917715138510680,Follow Your Legend,Legend Bracelet,≤100
170806736923126,Harmony Turbines,Harmony Turbines Inc,≤100
130945114804,World Jewish Congress,WORLD JEWISH CONGRESS AMERICAN SECTION INC,≤100
130445217037362,Idaho Coalition Against Sexual & Domestic Violence,IDAHO COALITION AGAINST SEXUAL AND DOMESTIC VIOLENCE INC,≤100
325578590837480,Protect Our Care,Sixteen Thirty Fund,≤100
1526736227567131,TrueCoverage,True Coverage,≤100
1082522201878539,Gina Ortiz Jones for Congress,GINA ORTIZ JONES FOR CONGRESS,≤100
125182621527545,Sarah McBride,Friends of Sarah McBride,≤100
252814820267,HIAS,HIAS,≤100
105953890782784,The Factual,The Factual,≤100
57401739949,Braver Angels,INSTITUTE FOR AMERICAN VALUES INC,≤100
177468535761851,Cruelty Free International - United States,Cruelty Free International - United States,≤100
1678492922390061,WorkingNation,WorkingNation,≤100
413004792116827,Lucky Shot,Lucky Shot USA,≤100
243510442756370,Justice Democrats,JUSTICE DEMOCRATS PAC,≤100
319085508164191,Affordable Pharmacy Action Network,Paid for by Pharmaceutical Care Management Association,≤100
162635987104707,GOP Mall,"DANWAL, INC.",≤100
102527004893192,The National Standard,Howard Stephan Barbanel,≤100
1295279420598401,Victoria Spartz,VICTORIA SPARTZ FOR CONGRESS,≤100
103376804451432,Trending Politics,Making Web LLC,≤100
12185972707,350.org,350.org,≤100
296708523873754,Karla Dennis and Associates Inc.,"Karla Dennis & Associates, Inc",≤100
100523018383357,National Federation of Christian Businesses - NFCB,National Federation of Christian Businesses Inc,≤100
1733918116873254,BackWoods Mafia,Landon David Turner,≤100
706716899745696,Women for Trump,TRUMP MAKE AMERICA GREAT AGAIN COMMITTEE,≤100
61265398450,AmeriCorps NCCC,Corporation for National and Community Service,≤100
1947525322184514,One Fair Wage,One Fair Wage,≤100
25121889784,Texas Public Policy Foundation,Texas Public Policy Foundation,≤100
55708608675,RAND Corporation,"RAND CORPORATION, THE",≤100
69039563201,Open Doors USA,"OPEN DOORS WITH BROTHER ANDREW, INC.",≤100
296295018082,AARP en Español,AARP,≤100
1354622541311687,Dr. Kim Schrier,DR KIM SCHRIER FOR CONGRESS,≤100
191492820911070,Purina Dog Chow,These ads ran without a disclaimer,≤100
74697123892,SEIU MN State Council,SEIU MN State Council,≤100
59543893235,National Constitution Center,National Constitution Center,≤100
1272534336242476,World101,Council on Foreign Relations,≤100
14440196673,Teamsters,INTERNATIONAL BROTHERHOOD OF TEAMSTERS,≤100
103164911512902,ShopDemocratic,"DANWAL, INC.",≤100
1708467695859543,Veteran Transition Mission,Sonia Ivelisse Barriera Ayala,≤100
160484230634663,National Urban Indian Family Coalition,National Urban Indian family Coalition with Facebook Ad Credits,≤100
2068988876444634,Stand Up for Accurate Prenatal Answers,STAND UP FOR ACCURATE PRENATAL ANSWERS INC,≤100
169440273093442,The Center for Election Science,The Center for Election Science,≤100
374848446414965,Pollking,Benjamin Aaron Perlman,≤100
108433238844,Cweb,CWEB Inc.,≤100
364218757636795,Forward Montana Foundation,Forward Montana Foundation,≤100
103934071014071,Fire Drill Fridays,"GREENPEACE, INC.",≤100
19420215926,CNSNews.com,MEDIA RESEARCH CENTER,≤100
661744180680367,National Police Association,"NATIONAL POLICE ASSOCIATION, INC.",≤100
67626834312,National Women's Law Center,National Women's Law Center,≤100
102559441486011,Betty Cárdenas,Betty Cardenas,≤100
103443851470957,Antonio Delgado for Congress,Carlos Antonio Delgado,≤100
100123544800892,Disme Coin Company,Byron Michael Laughlin,≤100
143195412381888,"Georgia Gun Owners, Inc.",Georgia Gun Owners,≤100
156994304362574,American Bridge 21st Century,AB PAC,≤100
32582320449,CMMB,CATHOLIC MEDICAL MISSION BOARD INC,≤100
14673807622,Wisconsin Conservation Voters,Wisconsin Conservation Voters Independent Expenditure Committee,≤100
112665503895607,It's Gonna Be YUGE,Reign Marketing LLC,≤100
466164103423147,Thorn,Thorn with Facebook Ad Credits,≤100
321088559302,Keep America Beautiful,"KEEP AMERICA BEAUTIFUL, INC.",≤100
103571278142168,Joni Ernst Isn’t On Our Side,DSCC,≤100
101164484986617,To Be Frank Show,Real News PR,≤100
89324781720,Pat Toomey,Friends of Pat Toomey,≤100
710669049286394,Woo the People,Khosro David Illulian,≤100
35715544220,Stand.earth,STAND,≤100
566008736785269,Be Heard Project,Be Heard Project,≤100
124530924015,Hank Gilbert,HANK GILBERT FOR CONGRESS,≤100
1000253160054572,Cori Bush,CORI BUSH FOR CONGRESS,≤100
142992759853421,Be A Hero,BE A HERO PAC,≤100
16534314739,Facing History and Ourselves,"FACING HISTORY AND OURSELVES NATIONAL FOUNDATION, INC.",≤100
111970730196550,World War Zero,AMERICAN SECURITY PROJECT,≤100
219224241438635,Compassion & Choices,COMPASSION & CHOICES,≤100
1977738355807406,Sharice For Congress,SHARICE FOR CONGRESS,≤100
295533050495998,Abogado de Inmigracion Jorge Rivera - Immigration Group LLC,Michael A Castillo,≤100
55549065733,Voto Latino,Voto Latino with Facebook Ad Credits,≤100
1452551204988299,GoReact,Speakworks Inc,≤100
1668350569891953,Rainbow Movement,William James Ulrich,≤100
219612384781411,Bloomberg Philanthropies,Bloomberg Philanthropies,≤100
8936818385,Accuracy in Media,"ACCURACY IN MEDIA, INC",≤100
105561217523274,The_Dispatch,"Dispatch Media, Inc.",≤100
135217359858599,Pacific Northwest Waterways Association (PNWA),Pacific Northwest Waterways Association,≤100
1632568446971453,Boredwalk,Boredwalk,≤100
361379030380,Centennial Institute,Centennial Institute,≤100
29883711738,Independent Women's Voice,Independent Women's Voice,≤100
102010211314386,Donald Trump 2020 Voters,I Love My Freedom,≤100
73970658023,International Rescue Committee,International Rescue Committee,≤100
2070944712939738,American Police Officers Alliance,American Police Officers Alliance,≤100
171287339973880,LCV Victory Fund,"LCV Victory Fund, 202-785-8683, and not authorized by any candidate or candidate’s committee",≤100
30139072158,CARE,CARE,≤100
43609808159,Happy Family Organics,Happy Family Organics,≤100
514649125971110,EDF Action Votes,EDF Action Votes INC,≤100
282728185140429,Rep For Vets,The Rep For Vets,≤100
242679302418244,Denison Forum,Denison Ministries,≤100
384557995468219,Viral Casez,Viral Casez,≤100
119006106155684,PI Energy,Andrew P Chung,≤100
107439427661844,Accountable Tech,Accountable Tech,≤100
100645541728080,Blue America Project,BLUE AMERICA PROJECT,≤100
94047978366,PCCC - BoldProgressives.org,PROGRESSIVE CHANGE CAMPAIGN COMMITTEE,≤100
192738164073627,A Better Balance,A BETTER BALANCE,≤100
680894095682539,Cowboy Life,"Nine Ranch Enterprises, LLC",≤100
102750021183412,Justice U,Altus Solutions Inc,≤100
62885664584,NARAL Pro-Choice Virginia,NARAL Pro-Choice Virginia,≤100
248306181862385,Live Lokai,LOKAI HOLDINGS LLC,≤100
172764672811067,Chris Stewart,"FRIENDS FOR CHRIS STEWART, INC.",≤100
24470472733,The Trevor Project,The Trevor Project,≤100
1290536624348001,Informed Immigrant,FWD.us Education Fund,≤100
142836829093760,The American Constitutional Rights Union,Jorge Ernesto Amselle,≤100
100506848295759,Made to Fail,Made To Fail,≤100
505653766599222,America First with Dr. Sebastian Gorka,Salem Media,≤100
142432192446984,David Horowitz Freedom Center,David Horowitz Freedom Center,≤100
269479249997,National Shooting Sports Foundation | NSSF,National Shooting Sports Foundation,≤100
700153177010264,Plant Based Products Council,Plant Based Products Council,≤100
345946329411380,Petal Soap,Jason Paul Domangue,≤100
282765295135322,The Pray in Jesus Name Project,"GJK, Inc. d/b/a The Pray In Jesus Name Project",≤100
486324651440186,Plastic Bank,Erin Lillian Rand,≤100
782093245218764,Qasim Rashid,RASHID FOR VA,≤100
8225139261,New York Republican State Committee,NEW YORK REPUBLICAN STATE COMMITTEE,≤100
141692255929599,Democratic Socialists of America,DEMOCRATIC SOCIALISTS OF AMERICA INC,≤100
102991041296417,Health Insurance Plan,These ads ran without a disclaimer,≤100
8321461609,MomsRising.org,MomsRising Together,≤100
836826976517252,International Christian Embassy Jerusalem - USA,"International Christian Embassy Jerusalem - USA, Inc.",≤100
109259090549237,Yes on National Popular Vote,Yes on National Popular Vote,≤100
102180301437619,2020 American Defense Fund,C3 PAC,≤100
38091883105,Republican Party of Pennsylvania,REPUBLICAN FEDERAL COMMITTEE OF PENNSYLVANIA,≤100
2040270322863853,Tina Smith,TINA SMITH FOR MINNESOTA,≤100
868259909915525,Susie Lee,Susie Lee for Congress,≤100
896759427103774,Modern Medicaid Alliance,Modern Medicaid Alliance,≤100
1156676274461345,Mikie Sherrill,MIKIE SHERRILL FOR CONGRESS,≤100
289213691238937,Thrasher Coffee,Thrasher Coffee Co.,≤100
394817334402124,2020 Trump Bill,Innovative Ecomm LLC,≤100
105698674239617,Embed News,Embed News,≤100
237477017606,Club for Growth,Club for Growth,≤100
209046616332309,Xochitl for Congress,Xochitl for New Mexico,≤100
35142679763,Alzheimer's Disease Research,"BRIGHTFOCUS FOUNDATION, INC. A/K/A BRIGHTFOCUS FOUNDATION",≤100
109114803889902,ProVeg US,ProVeg International,≤100
120085718005638,American Prairie Reserve,American Prairie Reserve,≤100
2309566456030859,Human Coalition Action,PRO-LIFE TEXANS A HUMAN COALITION ACTION PAC,≤100
284852861535887,C-SPAN StudentCam,NATIONAL CABLE SATELLITE CORPORATION,≤100
102579318191600,No Justice No Peace,NO JUSTICE NO PEACE PAC,≤100
1536587453277219,Dr. Steve Turley,Turley Talks LLC,≤100
78420171887,Sailors for the Sea,SAILORS FOR THE SEAINC,≤100
107199049318619,Friends of Derek Kilmer,PEOPLE FOR DEREK KILMER,≤100
607626319739286,Black Voices for Trump,TRUMP MAKE AMERICA GREAT AGAIN COMMITTEE,≤100
570331853141386,Friends of Traditional Banking,FRIENDS OF TRADITIONAL BANKING INC,≤100
102439174938829,Liberty Center for God and Country,Liberty Center for God & Country,≤100
118269091671380,The Home T,THE HOME T,≤100
207549645977714,Families Belong Together,Families Belong Together,≤100
42872222699,Dana Loesch,Dana Loesch Radio,≤100
93114332471,20/20 Research,2020 Research,≤100
314121315788033,Stand with Parkland,Stand With Parkland,≤100
110828620426941,Roger Polack for Congress,ROGER FOR WISCONSIN,≤100
402969533432277,Cisneros for Congress,CISNEROS FOR CONGRESS,≤100
30079936984,CWS,"CHURCH WORLD SERVICE, INC.",≤100
451224838781405,Patriot Baby,Eric Todd Hunter,≤100
28483858161,Texas Scorecard,A PROJECT OF EMPOWER TEXANS INC,≤100
682990071843813,Center for the Study of Liberty,Center for the Study of Liberty,≤100
140614202619821,iCivics,iCivics,≤100
511235549007985,PRJKT RUBY,PRJKT RUBY,≤100
101724361319410,Ronny Jackson for U.S. Congress TX-13,Texans for Ronny Jackson,≤100
340645001925,San Diego County Democratic Party,SAN DIEGO COUNTY DEMOCRATIC PARTY (FED. ACCT.),≤100