﻿Page ID,Page Name,Disclaimer,Amount Spent (USD)
328072970642479,Jaime Harrison,JAIME HARRISON FOR US SENATE,12138
7860876103,Joe Biden,BIDEN VICTORY FUND,6999
153080620724,Donald J. Trump,TRUMP MAKE AMERICA GREAT AGAIN COMMITTEE,6767
156968474833352,Stop Republicans,Stop Republicans,4239
108824017345866,Facebook,"Facebook, Inc.",2856
96935476345,Democratic Governors Association (DGA),Democratic Governors Association,2782
925007000949719,ExxonMobil,Exxon Mobil Corporation,2366
1615018905412860,Progressive Turnout Project,PROGRESSIVE TURNOUT PROJECT,2024
1771156219840594,Team Trump,TRUMP MAKE AMERICA GREAT AGAIN COMMITTEE,1795
6726182861,Mike Pence,TRUMP MAKE AMERICA GREAT AGAIN COMMITTEE,1363
1635441679872518,Kimberly Klacik,Kim Klacik for Congress,1328
183424985463330,Joe Cunningham,JOE CUNNINGHAM FOR CONGRESS,1221
165987503528599,Lindsey Graham,"TEAM GRAHAM, INC.",1166
296207827414521,NRCC IE,NRCC,1033
116546288359245,Heritage Action for America,HERITAGE ACTION FOR AMERICA,1006
120564622830569,South Carolina's Conservative Future,South Carolina's Conservative Future,992
172758932738142,PhRMA,PHARMACEUTICAL RESEARCH AND MANUFACTURERS OF AMERICA,889
234621494446654,We Can’t Trust Nancy Mace,DCCC,833
108445584282272,Opportunity Matters Fund,Opportunity Matters Fund,737
20787991568,Senate Democrats,DSCC,723
127755494595870,Progressive Takeover,PROGRESSIVE TAKEOVER,695
103766401438931,Veritas Voice,Veritas Voice,674
101279451606075,Democratic Strategy Institute,Democratic Strategy Institute,657
19554217292,American Heart Association: You're the Cure,American Heart Association,640
150867398278576,Oceana in South Carolina,OCEANA,606
376250065793807,Citizens for Responsible Energy Solutions,Citizens for Responsible Energy Solutions,604
113843693493716,Moe Brown,MOE BROWN FOR CONGRESS,571
123267457850239,SC DHEC,South Carolina Department of Health & Environmental Control,516
1439829396312534,The Movement for Black Lives,Movement for Black Lives,514
202626512363,U.S. Census Bureau,U.S. Census Bureau,492
96935476345,Democratic Governors Association (DGA),DEMOCRATIC ACTION,492
106627181062791,South Carolina Signal,JAIME HARRISON FOR US SENATE,491
791543660926838,"I'll go ahead and keep my guns, Thanks",2A4LIFE LLC,490
830121337093232,National Democratic Training Committee,NATIONAL DEMOCRATIC TRAINING COMMITTEE PAC,476
7860876103,Joe Biden,BIDEN FOR PRESIDENT,466
9324910069,NRSC,NRSC,445
665345483483486,NRA - National Rifle Association of America,NATIONAL RIFLE ASSN OF AMERICA,430
168051710543266,Lacy Johnson,Lacy Johnson for Congress,381
700806360047982,CFG Action,Club for Growth Action,346
105756057589080,The Lincoln Project,The Lincoln Project,335
108794587327155,Good Programs 2020,Trevor Dale Seaks,307
127225910653607,PragerU,PragerU,305
2267285956849056,Donald Trump 2020 Fans,I Love My Freedom,303
2352630938293825,Mytacticalpromos,Entremax,284
107589664099282,Stand Up To China,"Stand Up To China, Inc.",248
104856814505092,The Kids Guide,The Kids Guide,242
278490715553293,Martha McSally,MCSALLY FOR SENATE INC,238
176789922364429,Steve Daines,STEVE DAINES FOR MONTANA,234
100391581727524,Defeat By Tweet,DEFEAT BY TWEET,214
328853823844484,Balance of Power,Balance of Power,203
1155212867963791,AFP Action,"AMERICANS FOR PROSPERITY ACTION, INC.(AFP ACTION)",200
259130650776119,Mitch McConnell,MCCONNELL SENATE COMMITTEE,190
185650221903810,Ralph Norman for Congress,RALPH NORMAN FOR CONGRESS,190
589658204411894,Office of South Carolina Treasurer Curtis Loftis,Future Scholar. Administered by State Treasurer Curtis Loftis. Not paid for with state funds.,187
159964696102,Kevin McCarthy,KEVIN MCCARTHY FOR CONGRESS,181
114710126648118,Republican Dogs,Republican Dogs,179
102209421597507,Nancy Mace Harms,DCCC,171
7976226799,The Daily Show,Comedy Central,170
106244251043808,Reuse Plastics,"AMERICAN CHEMISTRY COUNCIL, INC.",163
1449461518652183,4Patriots,4Patriots LLC,160
92925746942,Judicial Watch,Judicial Watch,157
57259033959,AARP,AARP,154
2353537341582545,Proud Patriots,Proud Patriots,139
113668017062690,Citizens For Free Enterprise,Citizens for Free Enterprise,137
717115395103069,PrintedKicks,Printed Kicks,134
481807565214969,Palmetto Promise Institute,Palmetto Promise Institute,132
51405613519,Focus on the Family,Focus on the Family,130
21472760578,C-SPAN,C-SPAN,130
111428049989,Cal Cunningham,CAL FOR NC,127
20531316728,Facebook App,"Facebook, Inc.",123
33713453361,Amazon Prime Video,Amazon Prime Video,121
1316372698453411,Alexandria Ocasio-Cortez,Alexandria Ocasio-Cortez for Congress,119
158791100909689,Concerned Veterans for America,Concerned Veterans for America,118
314499212242,Pfizer,Pfizer Inc.,117
103597604713894,Team Trump Store,TRUMP MAKE AMERICA GREAT AGAIN COMMITTEE,116
109092142462587,Adam Schiff,SCHIFF FOR CONGRESS,116
129038841261426,Energy Consumers of the Carolinas,Energy Consumers of the Carolinas Inc,114
2330577043935831,Sara Gideon,SARA GIDEON FOR MAINE,108
100137754724934,Trump 2020 Supporters,Proud Right Winger,106
228754857151053,House Majority PAC,House Majority PAC,104
105577974544303,The USA Needs More Patriots,AmeriPolling,102
21626828809,American Council on Renewable Energy (ACORE),AMERICAN COUNCIL ON RENEWABLE ENERGY,≤100
1374134752633656,New Health Plans,Shop Insurance Plans,≤100
85452072376,Newsmax,Newsmax Media,≤100
105577974544303,The USA Needs More Patriots,Anthony Alexander Morales,≤100
347978955534783,Solcius,Solcius,≤100
112694470356789,Trumpcare For America,Stuart Joseph Millar,≤100
747436915270894,Congressional Leadership Fund,CONGRESSIONAL LEADERSHIP FUND,≤100
163148530407080,Captain Mark Kelly,MARK KELLY FOR SENATE,≤100
728080537326482,The United State of Women,CIVIC NATION,≤100
6204742571,Sierra Club,SIERRA CLUB,≤100
106663044307859,Mike Sievert,"T-MOBILE USA, INC.",≤100
103730928025980,Safe and Sound In 2020,Kin Ngai Yeung,≤100
249716212080256,Jim Clyburn,FRIENDS OF JIM CLYBURN,≤100
1034959436558654,Clean Air Moms Action,Clean Air Moms Action,≤100
934438026690635,YouGov,YOUGOV AMERICA INC.,≤100
109379100777665,Patriotism Isn't Dead,Patriot Polling,≤100
1061240530648502,Joe Collins,JOE COLLINS FOR CONGRESS,≤100
628891490457484,Nancy Mace,Nancy Mace for Congress,≤100
1713005252363712,Freedom Action Network of South Carolina,Freedom Action Network of South Carolina,≤100
7483836629,Ancestry,Ancestry.com Operations Inc.,≤100
120448873031387,Our United Family,Daniel Wang,≤100
108273884315449,Real American Patriot,Gold Sky Ventures LLC,≤100
107412411076192,Amazing Places,These ads ran without a disclaimer,≤100
1419388578092947,Anna Paulina Luna,ANNA PAULINA LUNA FOR CONGRESS,≤100
103994221232658,Braddock For Mayor,Bryan Braddock for Mayor,≤100
6231686654,Compassion International,"COMPASSION INTERNATIONAL, INCORPORATED",≤100
7292655492,MoveOn,MOVEON.ORG POLITICAL ACTION,≤100
24330467048,Americans for Prosperity,AMERICANS FOR PROSPERITY,≤100
1883837055193241,Shield Republic,Shield Republic,≤100
114625730266879,Republican Voters Against Trump,Defending Democracy Together,≤100
70995214846,Business Roundtable,Business Roundtable,≤100
321424962053199,MetroConnects,Metro Connects,≤100
100256754899828,Patriot's Cave,Patriots Cave,≤100
159164367581855,Senator Chip Campsen,Campsen for Senate,≤100
322551718276442,Lemons Are Blue,Lockwell LLC,≤100
72186095846,Center For American Progress Action Fund,Center for American Progress Action Fund,≤100
602714436529710,End Citizens United,END CITIZENS UNITED,≤100
1456310534453054,Veteran Loans Online,"LMB OpCo, LLC",≤100
103036584847574,The Good Neighbor,Brandon Vu,≤100
461204744067686,Family Protection Association,Family Protection Association,≤100
104934207736995,Paycheck to Paycheck,Center for American Progress Action Fund,≤100
1443127535947107,Save the Children Action Network,Save the Children Action Network,≤100
834645469890446,Devin Nunes,DEVIN NUNES CAMPAIGN COMMITTEE,≤100
210357995667559,The National Memo,The National Memo,≤100
100394524902471,"Steph Smith for Mayor Gaffney, SC",Stephanie Ann Smith,≤100
290062517569,Children's Trust of South Carolina,CHILDREN'S TRUST OF SOUTH CAROLINA,≤100
402488163467483,Charleston FYI,Awesome News Network,≤100
184347775517856,Quick Medigap,These ads ran without a disclaimer,≤100
36160848633,PicturesOnGold.com,Daniel F Schifter,≤100
327837911149503,2A4Life,2A4LIFE LLC,≤100
18982436812,ACLU,American Civil Liberties Union,≤100
113431117113593,Shea Harley for Richland District One School Board - At Large,Shea R Harley,≤100
226648591441555,Gullah Geechee Chamber of Commerce,Gullah Geechee Chamber of Commerce,≤100
2037695643113766,Blexit,Blexit Foundation,≤100
30139072158,CARE,CARE,≤100
1467725903304588,EZ Insure,Benepath,≤100
106323360959211,Patriots Republic,Matthew James Stine,≤100
277005566267077,Blueland,Blueland,≤100
103315378108004,True Patriot Strength,LE-HUU DONG HUYNH,≤100
592347634460462,Partnership for America's Health Care Future,Partnership for America's Health Care Future,≤100
2225580284361712,Tommy Tuberville,"TUBERVILLE FOR SENATE, INC.",≤100
102478061559294,Convention on Founding Principles,Convention on Founding Principles,≤100
355316521236121,John Cornyn,TEXANS FOR SENATOR JOHN CORNYN INC.,≤100
114501575391943,Compare Medicare Quotes,Benepath,≤100
419237048158257,Susan Collins,COLLINS FOR SENATOR,≤100
5435784683,Greenpeace USA,"GREENPEACE, INC.",≤100
305832706292882,American Gun Association,GunAssociation.org,≤100
6072343558,Center for American Progress,CENTER FOR AMERICAN PROGRESS,≤100
100419638453031,Lovely World,These ads ran without a disclaimer,≤100
2078647579047586,Project Pulso,Project Pulso,≤100
102671331487937,I Love My Freedom Store,I Love My Freedom,≤100
481559282597914,TrumpersUnite,Respect The Look,≤100
1109093812491437,Blaze Media,Blaze Media LLC,≤100
971668776283950,PolicyEd,Hoover Institution,≤100
108305427617357,Protect My Vote,"Protect My Vote, Inc.",≤100
779309092233298,Ben Crump,X Social Media,≤100
1600352356914768,PushBlack,PushBlack,≤100
598924810530984,Keeping America Great,FamTeeWorld,≤100
100233228182981,Madison Cawthorn for Congress,CAWTHORN FOR NC,≤100
560140464159364,Stand for the 2nd Amendment,SFT2 Tactical Supply,≤100
1204754733024419,People's Power Grab,ACRONYM,≤100
27311599342,Preemptive Love,Preemptive Love Coalition,≤100
202286639832171,Dr. Robert Jeffress,FIRST BAPTIST CHURCH DALLAS,≤100
235701154010364,E Pluribus Unum,E Pluribus Unum Fund,≤100
342294162453301,Planned Parenthood,Planned Parenthood Federation of America,≤100
341036202607871,Americans for Prosperity - South Carolina,AMERICANS FOR PROSPERITY,≤100
102916288137405,The Daily Republican,USA Movements LLC,≤100
193618220508,LIFE Today,LIFE Outreach International,≤100
101210588150219,Boy Scouts Abuse Claims,X Social Media LLC,≤100
1614690395258056,Into Action,Into Action,≤100
7833534974,Florida Democratic Party,Florida Democratic Party,≤100
104614641200137,MeidasTouch,MEIDASTOUCH,≤100
839110726214614,Realtors,NATIONAL ASSOCIATION OF REALTORS,≤100
195530355493,Chicks On The Right,Chicks on the Right,≤100
100517105076564,Shining Lifetime,Daniel Vasquez,≤100
45393753416,Alliance Defending Freedom,Alliance Defending Freedom,≤100
8934429638,Planned Parenthood Action,Planned Parenthood Action Fund,≤100
113666459994300,Big Dan Rodimer for Congress,RODIMER FOR CONGRESS,≤100
202288719786161,SC Club for Growth,SC Club For Growth,≤100
223008867858902,American Action News,American Action News,≤100
257019421075897,Cory Gardner,Cory Gardner for Senate,≤100
80987211775,Bill Cassidy,Bill Cassidy for US Senate,≤100
356482637745012,Stansberry Research,Stansberry Research,≤100
373814729643508,Let America Vote,LET AMERICA VOTE PAC,≤100
110937127360677,SC FYI: Elections,"TEAM GRAHAM, INC.",≤100
116222966843926,US Concealed,US Concealed,≤100
8325302025,Friends of the Earth U.S.,Friends of the Earth,≤100
585942765164217,Elect Democratic Women,ELECT DEMOCRATIC WOMEN,≤100
19192438096,AAAS - The American Association for the Advancement of Science,American Association for the Advancement of Science,≤100
23875187730,Feeding America,Feeding America,≤100
18813753280,Human Rights Campaign,"HUMAN RIGHTS CAMPAIGN, INC",≤100
737686089933715,Conservative Collections,Mainline Media Group,≤100
132492254050920,American AF,AAF Nation,≤100
103009478038936,Blatt for SC Senate,Lee Blatt for SC Senate,≤100
97493741436,John W. Hickenlooper,HICKENLOOPER FOR COLORADO,≤100
49651563727,Live Action,Live Action,≤100
2235752023344724,Greenville County Democratic Black Caucus SC,JC & Associates,≤100
42872222699,Dana Loesch,Dana Loesch Radio,≤100
236369846383459,Congressional Black Caucus PAC,Congressional Black Caucus PAC,≤100
393932827634250,Dissent Pins,Common Practice,≤100
788394134539871,USPS Business,United States Postal Service,≤100
8492293163,Environmental Defense Fund,Environmental Defense Fund,≤100
213792049451918,Stand For America,Stand For America Inc,≤100
111393882812494,Amy McGrath,"AMY MCGRATH FOR SENATE, INC.",≤100
232201568659,Pacific Justice Institute,PACIFIC JUSTICE INSTITUTE,≤100
46093654473,National Republican Congressional Committee,NRCC,≤100
101075798356272,ReOpen America Now,Command Center Holdings LLC,≤100
107210084216238,Humanity Forward,Humanity Forward,≤100
530604487365010,Old Glory Flagpole Kits,Service First Flag Poles,≤100
309308412520731,Sandy Hook Promise,Sandy Hook Promise,≤100
1336293769761923,Jon Ossoff,JON OSSOFF FOR SENATE,≤100
7263476274,Mercy Corps,Mercy Corps,≤100
681745912255844,John Cummings for Congress,CUMMINGS FOR CONGRESS,≤100
303061950155375,John James,"JOHN JAMES FOR SENATE, INC.",≤100
346937065399354,Occupy Democrats,Omar Rivero,≤100
117144508670456,GUNVOTE,National Shooting Sports Foundation,≤100
605168822998856,314 Action,314 ACTION FUND,≤100
25852730092,Care2,Care2 Inc,≤100
679171239164792,Supermajority,Supermajority,≤100
1809078699219595,Fat Tire,"NEW BELGIUM BREWING COMPANY, INC.",≤100
192015461630968,Supporting Our Brave Veterans,James Brian Plouf,≤100
675471506247724,Adair for Congress,ADAIR FOR CONGRESS,≤100
596556607135301,The Earthling Co.,The Earthling Co.,≤100
511298862312608,Rep. Stewart Jones,Stewart Jones for SC House,≤100
894096170667732,Ashley Hinson,Ashley Hinson For Congress,≤100
1194865807192273,Conservative Gear,Outergoods LLC,≤100
21375324480,The Heritage Foundation,HERITAGE FOUNDATION (THE),≤100
167586229923327,World Food Program USA,World Food Program USA,≤100
1836138529938551,Greater Half,Greater Half,≤100
108118933908193,Next Level Goods,Next Level Goods LLC,≤100
342887442508723,Convention of States,Convention of States Action,≤100
106224464107240,Jo Jorgensen,Jo Jorgensen for President,≤100
104113317870732,Free Markets Destroy,Washington Policy Center,≤100
107654924064350,Pat Timmons-Goodson,PATRICIA TIMMONS-GOODSON FOR CONGRESS,≤100
530604487365010,Old Glory Flagpole Kits,Service First,≤100
103185334702225,Stop Trump PAC,STOP 45 PAC,≤100
586751814690068,Joni Ernst,Joni for Iowa,≤100
405469100189512,Still My President - Donald Trump,Red State Politics LLC,≤100
157849841559162,JA Moore For SC District 15,JA Moore for SC,≤100
100719625004234,Home and Community,Cynthia Nguyen,≤100
953113491536337,Black to the Future Action Fund,Black to the Future Action Fund,≤100
977704775606273,Balls Deep Tackle,Balls Deep Tackle,≤100
219612384781411,Bloomberg Philanthropies,Bloomberg Philanthropies,≤100
163302087408673,Stop The Donald,Stop the Donald,≤100
102875587947942,Keep Trump In Office,Keep Trump In Office,≤100
309798029121030,Everytown for Gun Safety,Everytown for Gun Safety Action Fund Inc,≤100
7814597100,Jim Jordan for Congress,JIM JORDAN FOR CONGRESS,≤100
146944270368,Senator Larry Grooms,LARRY GROOMS FOR SENATE,≤100
730810230636150,TJ Joye for Sheriff,TJ Joye for Sheriff,≤100
105084617912738,PatriotQuizzes,patriotquizzes.com,≤100
105010030848236,Bryant Cameron Webb,DR. CAMERON WEBB FOR CONGRESS,≤100
420785874975425,Conservative Institute,The Conservative Institute,≤100
27544763621,Prison Fellowship,Prison Fellowship,≤100
8550121410,Free Speech America Project,MEDIA RESEARCH CENTER,≤100
103026384819654,How to Vote,ACRONYM,≤100
56680318666,Illinois Policy,Illinois Policy,≤100
21559454473,FAIR,FEDERATION FOR AMERICAN IMMIGRATION REFORM,≤100
6334782252,Oceana,OCEANA,≤100
104628157828854,Max Dorsey for Sheriff,MAX FOR SHERIFF,≤100
169294473121454,Policetees.com,PoliceTees.com,≤100
106667854471975,Outspoken,Log Cabin Republicans,≤100
263891677826490,Earthsider,Ryan James Martin,≤100
102745147891580,Trump Coolers,Eric Clifford Juels,≤100
2196281620653830,Footprint,Footprint LLC,≤100
101690998009007,Improving Life Through Health,Nicolette Dalan,≤100
643463669628493,Public Opinion Research Group,"Public Opinion Research Group, Inc",≤100
111848420585901,Hunter Schimpff for School Board,Hunter Schimpff for Charleston School Board,≤100
58736997707,Marco Rubio,Marco Rubio for Senate,≤100
101127364972509,Dems For USA,Dems For USA,≤100
106114264313679,Hunt The Vote,"Hunter Nation, Inc",≤100
108400607228194,LaVerne Jones Gore,LAVERNE GORE FOR CONGRESS,≤100
330939216944508,Nikki Setzler for Senate,Nikki Setzler for South Carolina Senate,≤100
8047221596,Save the Children US,"SAVE THE CHILDREN FEDERATION, INC.",≤100
130467958471,Jason Lewis,Jason Lewis for Senate,≤100
6240652407,Young America's Foundation,YOUNG AMERICA'S FOUNDATION INC,≤100
15188122178,The Hamilton Collection,The Hamilton Collection,≤100
166618413413767,Jay Sekulow,American Center for Law and Justice,≤100
1316372698453411,Alexandria Ocasio-Cortez,THE SQUAD VICTORY FUND,≤100
109947294143213,Republicanstorefront,Republicanstorefront.com,≤100
417522508294454,Job Creators Network,Job Creators Network,≤100
1530883997194411,United States Constitution,Flag and Cross,≤100
104142543758770,Campaign Zero,We The Protesters,≤100
299448340464709,Something to Think About,Something to Think About,≤100
352527958302,Israel on Campus Coalition,Israel on Campus Coalition,≤100
111324359048459,Dr. Roger Marshall,KANSANS FOR MARSHALL,≤100
205395906412,UAW International Union,"INTERNATIONAL UNION, UNITED AUTOMOBILE, AEROSPACE AND AGRICULTURAL IMPLEMENT WORKERS OF AM",≤100
103929304678916,Voter Action Project,Integrity First Voter Action Project,≤100
746938465317981,Nuclear Matters,Nuclear Matters,≤100
100489305029120,South Carolina Human Affairs Commission,South Carolina Human Affairs Commission,≤100
105732744375701,Steve Bullock,MONTANANS FOR BULLOCK,≤100
8501031021,VoteVets.org,"VoteVets Action Fund, Inc.",≤100
316887658336677,My Control Card,"NETSPEND HOLDINGS, INC.",≤100
350784278974539,Turning Point Action,Turning Point Action,≤100
345378512258813,Elise Stefanik,ELISE FOR CONGRESS,≤100
292351509697,Jerusalem Prayer Team,Jerusalem Prayer Team,≤100
5720973755,Defenders of Wildlife,DEFENDERS OF WILDLIFE,≤100
10423517786,Harvard Business Review,HARVARD BUSINESS SCHOOL PUBLISHING CORPORATION,≤100
109111900634787,Reverend Raphael Warnock,WARNOCK FOR GEORGIA,≤100
2185993931653388,The Recount,"Recount Media, Inc",≤100
102451464709521,Mccord for Senate District 5,McCord for SC District 5,≤100
629732217415068,Republican Party,Greater Half,≤100
35169196082,Project HOPE,"PROJECT HOPE-THE PEOPLE-TO-PEOPLE HEALTH FOUNDATION, INC.",≤100
1799282383731277,TwoSeventy,Alexander Jared Deutsch,≤100
704404489696970,Sandy Senn,Senn for Senate,≤100
108029674299216,We The People,We The People,≤100
112420993589373,Young and Old for America,Andrew Joseph Young,≤100
8501031021,VoteVets.org,VOTEVETS,≤100
109060854131067,Stop Dominion,Stop Dominion,≤100
6820348410,Kirsten Gillibrand,Off the Sidelines,≤100
176466646087311,DC Fawcett,Donald Chappell Fawcett,≤100
105995741220700,Patriots United,Le Huu Dong Huynh,≤100
104795177963608,Sterling McDiarmid for State House,Sterling McDiarmid for State House,≤100
67011831040,Canon Press,Canon Press,≤100
129255907131113,NumbersUSA,NUMBERSUSA EDUCATION AND RESEARCH FOUNDATION,≤100
202600839762879,I Am Pro-Life,Focus on the Family,≤100
175630693036967,South Carolina FYI,Awesome News Network,≤100
302182941354,AARP Advocates,AARP,≤100
2012750189007245,Liquid Death Mountain Water,Liquid Death,≤100
187809941803009,IVYPAC,IVYPAC,≤100
139766499461199,Tom Rice for Congress,TOM RICE FOR CONGRESS,≤100
101278694809805,Meme2020,Meme2020,≤100
7145381235,American Jewish World Service - AJWS,"AMERICAN JEWISH WORLD SERVICE, INC.",≤100
18709174006,National Audubon Society,"NATIONAL AUDUBON SOCIETY, INC.",≤100
296708523873754,Karla Dennis and Associates Inc.,"Karla Dennis & Associates, Inc",≤100
24413227922,Kamala Harris,BIDEN VICTORY FUND,≤100
540990366000872,Stephen Murray for Mayor,Murray for Mayor,≤100
593289284500311,Trump Rack,BOXD Marketing,≤100
197760674021143,Indivisible Guide,INDIVISIBLE ACTION,≤100
176466646087311,DC Fawcett,VREIC,≤100
159597424207730,David Perdue,PERDUE FOR SENATE,≤100
160135337361331,The SCEA,The South Carolina Education Association,≤100
113725003650771,"Brad Jayne for S.C. House of Representatives, District 114",Brad Jayne for South Carolina,≤100
417712255663393,Equality Can't Wait,Equality Can't Wait,≤100
380419718638319,Josh Kimbrell for Senate,Josh Kimbrell for Senate,≤100
142992759853421,Be A Hero,BE A HERO PAC,≤100
1986304678248628,Phil Healy For Liberty,Philip Mark Healy,≤100
1765073800454902,Reform Austin,Reform Austin Inc.,≤100
15687409793,World Wildlife Fund,World Wildlife Fund,≤100
102563281572515,Keep America Great,RightWingGear.com,≤100
277414242013,Joyce Elliott for Congress,JOYCE ELLIOTT FOR CONGRESS,≤100
103847861152104,Citadel Preservation Party,Citadel Preservation Party,≤100
227764782729,AMERICAN - STRONG!,American Strong LLC,≤100
1393911800825140,OZY,OZY Media Inc,≤100
419992651425033,Guardianes del Pueblo-Consumer Law Group,Consumer Law Group,≤100
222575382925,Dogwood Alliance,Dogwood Alliance Inc,≤100
1556932204325823,ProgressPop,ProgressPop,≤100
104170004713256,Elect Black Democrats,THE COLLECTIVE PAC,≤100
53541257714,The Arc of the United States,The Arc with Facebook Ad Credits,≤100
156268994819596,Marc J. Bern & Partners LLP,Marc J. Bern & Partners LLP,≤100
110018833813683,Flip the Senate,SMP,≤100
293225127381200,Patriot Depot,The Patriot Depot,≤100
143089732792,Marsha Blackburn,Blackburn Tennessee Victory Fund,≤100
109360297266116,Fearless Patriot,TERESA NONE OHARA-MARSH,≤100
6333396177,NewsBusters.org,MEDIA RESEARCH CENTER,≤100
110010433804232,Falkirk Center,Falkirk Center,≤100
493811210669780,Creative Action Network,Creative Action Network,≤100
106445167434779,Duty and Honor,Duty and Honor,≤100
280704452367167,Jason Crow,JASON CROW FOR CONGRESS,≤100
209516845093,NRDC Action Fund,NRDC Action Fund,≤100
6041057841,The Humane Society of the United States,"HUMANE SOCIETY OF THE UNITED STATES, THE",≤100
10498053716,Media Research Center,MEDIA RESEARCH CENTER,≤100
103012228130248,South Carolina Consumer Alliance,"South Carolina Consumer Alliance, Inc",≤100
260366367717440,Committee to Protect Medicare,Committee to Protect Medicare PAC,≤100
2318731681689030,Southeast Utility Watch,Energy Media,≤100
139599847972,National Nurses United,National Nurses United,≤100
149081336362,AmeriCorps VISTA,Corporation for National and Community Service,≤100
111023584012681,Open Road Homeward,Samantha Lyn Weldon,≤100
331037760381749,Sierra Magazine,SIERRA CLUB,≤100
6593503709,Gabby Giffords,GIFFORDS PAC,≤100
105459947922475,Sheldon Law Group,Sheldon Law Group,≤100
1139806362718939,Trafalgar Group,The Trafalgar Group,≤100
30708742052,FCTRY,FCTRY,≤100
153678684700451,American Investment Council,AMERICAN INVESTMENT COUNCIL,≤100
592707041080920,Stand Together,Stand Together Chamber of Commerce Inc.,≤100
1055873511190792,Hello Resistance,Hello Resistance Apparel,≤100
181539958548011,Patheos Progressive Christian,Patheos,≤100
101481584557260,Help Asheville Bears-HAB,Heather Christina Williams,≤100
911828698840246,ReLEntless Defender Apparel,ReLEntless Defender Apparel,≤100
443329669123990,USAFacts,USAFacts Institute,≤100
102212541306207,Self-Employed Health Insurance,GROW with MKG LLC,≤100
340153562850578,Tim Tebow,TIM TEBOW FOUNDATION,≤100
115379705206001,U.S. Department of Homeland Security Blue Campaign,DHS Blue Campaign,≤100
1338822066131069,Women's March,Women's March,≤100
100993258368487,James Weaver For DD2,James Weaver for DD2 School Board,≤100
101591551371555,Fire Mitch. Save America.,SAVE AMERICA FUND,≤100
178835922297833,American Clinical Laboratory Association,American Clinical Laboratory Association,≤100
106949844346620,Trumpian Republicans,Gregory Lawrence Burright,≤100
530053250503201,Soul 2 Soul Sisters,Soul 2 Soul Sisters,≤100
102756811269921,Fellow Americans,Fellow Americans,≤100
16477459734,League of Conservation Voters,"LEAGUE OF CONSERVATION VOTERS, INC",≤100
336470580233523,Pins and Aces Golf Co.,US Craft Brands LLC,≤100
38235851310,USA for UNHCR,UNITED STATES ASSOCIATION FOR UNHCR,≤100
100119981671668,Blue Senate,BLUE SENATE PAC,≤100
1551109418518461,The Honest Patriot,Amundson Media LLC,≤100
2309566456030859,Human Coalition Action,PRO-LIFE TEXANS A HUMAN COALITION ACTION PAC,≤100
109320440856128,Together Beat Hate,"Foundation to Combat Anti-Semitism, Inc.",≤100
108863797601847,CCW Advisor,Stephen Dennis Cesaro,≤100
217976018236954,OutKick,Outkick Media LLC,≤100
6500552187,Hulu,"HULU, LLC",≤100
6236054211,Brady,Brady Campaign to Prevent Gun Violence,≤100
169597416843751,Stand Up America,Stand Up America,≤100
1917715138510680,Follow Your Legend,Legend Bracelet,≤100
169130743498585,Tactical Pro Supply,Chad Keller,≤100
892673067526965,Project War Path,Project War Path,≤100
683872625157265,Theresa Greenfield,THERESA GREENFIELD FOR IOWA,≤100
110177119192569,Knightscope,William Li,≤100
1014486318584089,Armed American Supply,Armed American Supply,≤100
237477017606,Club for Growth,Club for Growth,≤100
101525774999212,BLM,Bryan Daley,≤100
255208337943901,Jobs Growth,"JOBS FREEDOM AND SECURITY PAC, Not authorized by any candidate or candidate’s committee.",≤100
1438808983108348,BOLD PAC,CHC BOLD PAC,≤100
1667892193505378,Hold the House,HOLD THE HOUSE PAC,≤100
112278007096262,Case Brittain 2020,Case Brittain for State House,≤100
112600915451330,No Labels,No Labels,≤100
19342050934,Leadership Institute,LEADERSHIP INSTITUTE INC,≤100
159890320763362,"Greenville County,SC",County of Greenville,≤100
305643856459460,Burgess Owens,Burgess 4 Utah,≤100
137459917707,The Brookings Institution,The Brookings Institution,≤100
102592959026,Ocean Conservancy,"OCEAN CONSERVANCY, INC.",≤100
284946111858895,Debbie Mucarsel-Powell,DEBBIE FOR CONGRESS,≤100
1483708521773090,Finally Affordable Health & Life Insurance,Roy D Griffin,≤100
108397184298930,Patriots Defend,Claire Wang,≤100
388547605724,Richard Neal,RICHARD E NEAL FOR CONGRESS COMMITTEE,≤100
224684514243482,Tom Cotton,"COTTON FOR SENATE, INC.",≤100
653079394725698,Aspiration,Aspiration,≤100
162676813937511,Dan Forest,Committee to Elect Dan Forest,≤100
41309865723,Democrats.com,DEMOCRATS.COM,≤100
950998258312654,Knowhere,"Knowhere, Inc.",≤100
1079789672084038,SimonBooks,Simon & Schuster,≤100
1658135304460341,MANG,MANG,≤100
100408044644922,Billy Garrett,Garrett for SC Senate,≤100
587560171926370,Small Business Recovery Initiative,"Small Business Recovery Initiative, Inc",≤100
181183059253295,Dorsal Bracelets,Dorsal Bracelets,≤100
233033790583602,Myrtle Beach FYI,Awesome News Network,≤100
518194348194441,RepresentUs,RepresentUs,≤100
215199482635728,Alek Skarlatos,ALEK FOR OREGON,≤100
103682110993833,Arctic Refuge Defense Campaign,Alaska Wilderness League,≤100
110849485902,United Way,United Way Worldwide with Facebook Ad Credits,≤100
279873455693770,Hosea Cleveland,CLEVELAND FOR CONGRESS,≤100
408250066356,Bill O'Reilly,"Bill Me, Inc.",≤100
8446177150,Chosen People Ministries,CHOSEN PEOPLE MINISTRIES INC,≤100
121957406265116,"Anthony James for Aiken County School Board, District 9",Anthony Martin James,≤100
105536127617594,The American Digest,The American Digest,≤100
107398241021186,The John Lewis Bridge Project,John Lewis Bridge Project,≤100
502320477205654,I’m Bout Making My Ancestors Proud,Heritage Hill LLC,≤100
115364585711,Lawyers' Committee for Civil Rights Under Law,Lawyers' Committee for Civil Rights Under the Law with Facebook Ad Credits,≤100
11791104453,NRDC,Natural Resources Defense Council,≤100
113308940478028,Talcum Powder Claims,Gold Sky Ventures LLC,≤100
348839551906904,Democracy in Color,POWERPAC DOT ORG,≤100
106094077803532,Our National Family,Patrick Le Tran,≤100
10150100007820094,Wendy Davis,WENDY DAVIS FOR CONGRESS,≤100
114959470308415,Americans Uniting,Grant Alan Johnston,≤100
678707785538538,Dole Sunshine,These ads ran without a disclaimer,≤100
30914589895,The International Fellowship of Christians and Jews,"INTERNATIONAL FELLOWSHIP OF CHRISTIANS & JEWS, INC.",≤100
109866370700481,PushBlack Finance,PushBlack,≤100
6787988478,Physicians for Human Rights,"PHYSICIANS FOR HUMAN RIGHTS, INC.",≤100
206677396413254,Abortion On Our Own Terms,Abortion On Our Own Terms,≤100
1010143499143169,Medicare Savings,"Mayo Labs, LLC",≤100
51761261956,The Bill of Rights Institute,"BILL OF RIGHTS INSTITUTE, THE",≤100
317284821682168,Messianic Jewish Alliance of America (MJAA),Messianic Jewish Alliance of America,≤100
284852861535887,C-SPAN StudentCam,NATIONAL CABLE SATELLITE CORPORATION,≤100
253791814655400,Doug Collins,"COLLINS FOR SENATE, INC.",≤100
655065784538368,PredictIt,"PredictIt - Prediction Markets. A project of Victoria University of Wellington, PredictIt has been established to facilitate research into the way markets forecast events.",≤100
109451340732702,John McCollum for Congress,JOHN MCCOLLUM FOR CONGRESS,≤100
780941275347834,Ilhan Omar,ILHAN FOR CONGRESS,≤100
107522140633027,Thai Y'all,Thai Y'all,≤100
38471053686,Elizabeth Warren,"WARREN DEMOCRATS, INC.",≤100
105943157686335,Trust Michigan Families,TRUST MICHIGAN FAMILIES,≤100
114822686979118,Daily Saver,Smart Market Tips,≤100
2068988876444634,Stand Up for Accurate Prenatal Answers,STAND UP FOR ACCURATE PRENATAL ANSWERS INC,≤100
2339203789732156,Kim Mangone for Congress,COMMITTEE TO ELECT KIM MANGONE FOR CONGRESS,≤100
1162286517277297,Canvass America,Canvass America,≤100
105481140904672,Core Prestige,Core Prestige,≤100
17023576156,The Leadership Conference on Civil and Human Rights,The Leadership Conference on Civil and Human Rights,≤100
79125112926,Students for Life of America,"STUDENTS FOR LIFE OF AMERICA, INC.",≤100
112704783859268,Boy Scouts Abuse Claim Help,X Social Media LLC,≤100
248181906078243,National Institute for Civil Discourse,CommonSense American,≤100
267180743723148,National Geographic Society,National Geographic Society,≤100
103030961522069,Nice Tee,These ads ran without a disclaimer,≤100
5647744585,PETA (People for the Ethical Treatment of Animals),"PEOPLE FOR THE ETHICAL TREATMENT OF ANIMALS, INC.",≤100
273023971533,Dennis Bonnen,Dennis Bonnen Campaign,≤100
23790541544,Democrats,DCCC,≤100
119006106155684,PI Energy,Andrew P Chung,≤100
251632675552663,Rigged: The Voter Suppression Playbook,American Issues Initiative,≤100
288110884600563,Lean In,"Sheryl Sandberg & Dave Goldberg Family Foundation d/b/a LeanIn.Org, LLC",≤100
6820348410,Kirsten Gillibrand,Gillibrand for Senate,≤100
96171427550,Raja for Congress,FRIENDS OF RAJA FOR CONGRESS,≤100
433919203362871,Bird + Stone,BIRD & STONE INC,≤100
67626834312,National Women's Law Center,National Women's Law Center,≤100
15239367801,The Wilderness Society,"WILDERNESS SOCIETY, THE",≤100
577308239618384,Happy Patriots,Lambert Chan,≤100
1859113087545137,Learn Everywhere,"yes. every kid, Inc.",≤100
7962229886,Environmental Working Group,ENVIRONMENTAL WORKING GROUP,≤100
36474716066,Color Of Change,ColorofChange.org,≤100
107847454354960,Weekly American Lifestyle,Steve San,≤100
1268410219898273,Tango Tango,Tango Tango Inc,≤100
61265398450,AmeriCorps NCCC,Corporation for National and Community Service,≤100
156994304362574,American Bridge 21st Century,AB PAC,≤100
143729616392084,Van Drew for Congress,Van Drew for Congress,≤100
206743952696198,Lower My Bills,"LMB OpCo, LLC",≤100
120011306310420,Patriots Helping Others,Jae W Seo,≤100
514167322309353,Dan Crenshaw,Crenshaw For Congress,≤100
304058913005378,Senior and Disabled Concerns,Senior & Disabled Concerns,≤100
1447994318779650,AirMedCare Network,AIrMedCare Network,≤100
278799112231915,Sue-Ham,Sulondia Renice Hammond,≤100
278487153675,Redneck Nation Clothing,Tracie Milliron Gold,≤100
83290028957,Care Net,CARE NET,≤100
169277310432049,"Texas Precision Optics, Inc.",Texas Precision Optics Inc,≤100
242679302418244,Denison Forum,Denison Ministries,≤100
872842866161157,One Nation Design,One Nation Design,≤100
465483726908192,iVote,IVote Civic Education Fund,≤100
102137374563260,Confide in American Pride,John Allen Franson,≤100
104910457974220,Pupper Enthusiasts Unlimited,Seanross Michael Holcomb,≤100
979720542211350,Humanize Being Black,Keyshun Quantarious Holmes,≤100
216709768355686,Dinesh D'Souza,America2020 Film LLC,≤100
101724361319410,Ronny Jackson for U.S. Congress TX-13,Texans for Ronny Jackson,≤100
719913581472398,Napoli Shkolnik PLLC,Napoli Law,≤100
112333396969405,Jim Bognet,Bognet for Congress,≤100
69983322463,Ted Cruz,TED CRUZ FOR SENATE,≤100
325578590837480,Protect Our Care,Sixteen Thirty Fund,≤100
17911165812,Covenant House International,Covenant House,≤100
417542331752173,Message,Timothy Bruce Dannunzio,≤100
1912943255631432,Renee Hoyos for Congress,HOYOS FOR CONGRESS,≤100
192771954102960,Jordan Sekulow,American Center for Law and Justice,≤100
711478725532801,Civiqs,Civiqs,≤100
111702860231554,Matt Lieberman,Matt Lieberman for Senate,≤100
158132394244077,Army Ten-Miler,These ads ran without a disclaimer,≤100
1228396643984955,Michelle Steel,Michelle Steel for Congress,≤100
107226350977260,Rookie,Mark Anthony Russell,≤100
104504438466,Federal Voting Assistance Program - FVAP,Federal Voting Assistance Program,≤100
2256321067930356,Liberteeclub,libertyteeshop,≤100
184731548554164,PL+US,Plus Fund: Paid Leave for the United States,≤100
17203056985,Partners In Health,Partners In Health,≤100
112735922758892,Charlie Kirk,Charlie Kirk,≤100
104224114671958,Energy For Progress,The American Petroleum Institute,≤100
101136147910784,Represent Justice,Represent Justice,≤100
103376804451432,Trending Politics,Making Web LLC,≤100
245284549333866,ASMDSS,ASMDSS,≤100
327202261326682,Stephanie Bice,Bice for Congress,≤100
7341997111,Conservation International,Conservation International,≤100
221690171353068,Jay Obernolte,Jay Obernolte for Congress,≤100
360424321432255,Doha Debates,Doha Debates,≤100
160513344045084,John Neely Kennedy,"John Kennedy for Us, Inc",≤100
2165983337048601,LeverforChange,Lever for Change,≤100
176099072429809,Oceana in Florida,OCEANA,≤100
219247332354785,Phil Arballo for Congress,ARBALLO FOR CONGRESS,≤100
182821668513294,(Official) South Carolina Libertarian Party,SOUTH CAROLINA LIBERTARIAN PARTY SCLP,≤100
85945492130,EnergyBoom,Energy Boom,≤100
333710103706307,Giffords,GIFFORDS PAC,≤100
105433064492153,The Return 2020,The Return International,≤100
112488757165613,Blue Line Stockpile,Blueline Stockpile,≤100
651280068826683,A Great New Day,Trevor Barribeau,≤100
309798029121030,Everytown for Gun Safety,EVERYTOWN FOR GUN SAFETY VICTORY FUND,≤100
308159713150350,Voter Protection Project,VOTER PROTECTION PROJECT,≤100
102636677971854,Trump Is The Storm,Legendary Trump Coins,≤100
162493793737,Rick Green,Richard Arlin Green,≤100
114230073701403,Jetbound Dogs,Miguel Agustin Turk,≤100
108553107631645,The45hatclub,These ads ran without a disclaimer,≤100
29770886815,Marijuana Policy Project,Marijuana Policy Project,≤100
112164673854264,Living Patriotically,Living Patriotically,≤100
110439270638992,NE1else,Time Management LLc,≤100
429812024048177,Doug Jones for Senate,DOUG JONES FOR SENATE COMMITTEE,≤100
496696933682736,Jeff Merkley,JEFF MERKLEY FOR OREGON,≤100
537534316395916,Students for Trump,Turning Point Action,≤100
134452023239984,Human Coalition,Human Coalition,≤100
361960287311696,Better Medicare Alliance,"Better Medicare Alliance, Inc",≤100
1733918116873254,BackWoods Mafia,Landon David Turner,≤100
1013304945470529,My Pride Apparel,My Pride Apparel,≤100
15351475322,Cathy McMorris Rodgers,Cathy McMorris Rodgers for Congress,≤100
216311481960,Bill Gates,Bill Gates,≤100
143986912311328,University of Vermont Continuing and Distance Education,University of Vermont,≤100
2146201085498440,Tony Gonzales,Tony Gonzales for Congress,≤100
38897314734,The Trust for Public Land,"TRUST FOR PUBLIC LAND, THE",≤100
338758899543225,Alan Wilson,Alan Wilson for Attorney General,≤100
108220794333329,The Patriot Trust,Christopher Allen Supek,≤100
107575997700986,Chris Kemper for Newberry SC City Council District 6,Christopher James Kemper,≤100
130882810308851,"The Law Offices of Jason E. Taylor, PC","The Law Offices of Jason E. Taylor, P.C.",≤100
20876805343,March of Dimes,MARCH OF DIMES INC.,≤100
113398717117686,Beach Dogs Ltd.,Christopher James Lamos,≤100
326609084015,Mark Ridley-Thomas,Los Angeles County Supervisor Mark Ridley-Thomas,≤100
1295279420598401,Victoria Spartz,VICTORIA SPARTZ FOR CONGRESS,≤100
472938276849222,Heroes For Healthcare,"Center for Popular Democracy, INC.",≤100
103410159695690,Billy Graham Library,These ads ran without a disclaimer,≤100
109043040742945,Benjamin Smith for SC House 18,Benjamin Thomas Smith,≤100
262577294462322,Kettle Freaks,Kettle Freaks LLC.,≤100
181924628560212,SumOfUs,SumOfUs,≤100
350692761610088,Matt Cartwright for U.S. Congress,CARTWRIGHT FOR CONGRESS,≤100
457122398109054,Project 70Forward,Judith Elise Brown,≤100
107439427661844,Accountable Tech,Accountable Tech,≤100
101643428323000,Elect Rev. Amiri B Hooker For District 8 Florence County,Amiri Bernard Hooker,≤100
104010744313600,Vote Ben Pogue,Ben Pogue for Solicitor LLC,≤100
113310617054164,Trump Baseball Bats,Trump Baseball Bats,≤100
291102898490822,Giant Maga Hat,Inventors club LLC,≤100
219224241438635,Compassion & Choices,COMPASSION & CHOICES,≤100
1741729849281711,Uber & Lyft Sexual Assault Attorneys,Safer America,≤100
132249664102747,Penry Gustafson,Penry For State Senate,≤100
384557995468219,Viral Casez,Viral Casez,≤100
1682876188698809,United for Respect,United for Respect,≤100
24481937944,Theodore Roosevelt Conservation Partnership,"THEODORE ROOSEVELT CONSERVATION PARTNERSHIP, INC",≤100
104886497990508,T shirt trending,These ads ran without a disclaimer,≤100
111696473893294,Berkeley County Democratic Party-SC,Berkeley County Democratic Party,≤100
171651620209487,Brady PAC,Brady Pac,≤100
115366836686423,RegrowAustralia,RegrowAustralia,≤100
1115138095180309,Brian Farkas for NC House,Brian Farkas for NC House,≤100
467804929927622,Jason Smith,JASON SMITH FOR CONGRESS,≤100
322044193958,Mike Turner for Congress,Citizens for Turner,≤100
102183258209726,Patriots for Change,PATRIOTS FOR CHANGE,≤100
15503839732,Peter G. Peterson Foundation,Peter G. Peterson Foundation,≤100
53727956260,Republican Jewish Coalition,Republican Jewish Coalition,≤100
261663760956534,America First Policies,America First Policies Inc,≤100
32975139631,If Americans Knew,If Americans Knew,≤100
102651074597577,Faith Wins,FAITH WINS,≤100
341163402640457,NowThis,Group Nine Media,≤100
100382285111120,American Bells,Grant Alan Johnston,≤100
7292655492,MoveOn,MOVEON.ORG CIVIC ACTION,≤100
111945553601129,Trump2020 Coffee,Trump2020 Coffee,≤100
114998110263136,Alex Brown for Town Council Ward 1,Alex Brown Ward 1 Election Campaign,≤100
357554791340788,Liker,Omar Rivero,≤100
102617961152741,Barbara Bollier,BOLLIER FOR KANSAS,≤100
376776419037747,Turning Point USA,Turning Point USA,≤100
113891694102,Energy Citizens,AMERICAN PETROLEUM INSTITUTE,≤100
100506848295759,Made to Fail,Made To Fail,≤100
30866133883,Alaska Wilderness League,ALASKA WILDERNESS LEAGUE,≤100
304435663079126,iAmerica,SERVICE EMPLOYEES INTERNATIONAL UNION,≤100
101996354812910,Hastie for Mayor,"Committee to Elect Calvin K. Hastie, Sr. for Mayor",≤100
1084856268238034,Trump Talking,Roberto None Lugo,≤100
102527004893192,The National Standard,Howard Stephan Barbanel,≤100
111888183726681,James Hudson Jr. for Darlington County Sheriff,Freddie Engelbert,≤100
1526736227567131,TrueCoverage,True Coverage,≤100
1864721517082089,Democratic Attorneys General Association,Democratic Attorneys General Association,≤100
1852520761657982,4ocean,4ocean,≤100
118303441570966,Home Ownership Matters,NATIONAL ASSOCIATION OF REALTORS,≤100
215968684159,AFT - American Federation of Teachers,American Federation of Teachers,≤100
126694924050678,Xavier Becerra,Becerra for Attorney General 2022,≤100
100274421421778,Mitch4SC118,mitch4sc118,≤100
102413723172970,Nick Adams,Nick Adams,≤100
473191156175163,EDF Action,Environmental Defense Action Fund,≤100
105157841248307,No Filter Politics,No Filter Politics,≤100
142474049098533,Robert Reich,Inequality Media,≤100
85273022315,NAMI,NAMI,≤100
105698674239617,Embed News,Embed News,≤100
166738743732702,All Above All Action,All Above All Action Fund,≤100
105556894599642,Protecting Rights,Raymond A Guevara,≤100
192013990902459,Roy Cooper,Cooper For North Carolina,≤100
100699775058659,Education Now NC,Education Now,≤100
111248197347176,Protect & Serve PAC,PROTECT AND SERVE PAC,≤100
103912504763714,Freedom and Loyalty,Carlos None Leon Trejo,≤100
6713653788,Gary Peters,PETERS FOR MICHIGAN,≤100
1099478666810053,Meals For Pets,Meals for Pets,≤100
308353252483,Kristi Noem,Kristi for Governor,≤100
1819658374974706,Arena,Arena PAC,≤100
103644036958,United Association,United Association Political Education Committee,≤100
234628203317767,Made for Freedom,Made for Freedom,≤100
856208611420219,Christina Finello,FINELLO FOR CONGRESS,≤100
434224137354568,Dr. Rich McCormick for Congress,Friends of McCormick,≤100
2081864865362439,Mike Espy,MIKE ESPY FOR SENATE CAMPAIGN COMMITTEE,≤100
114885646899438,Mr. 45th,Clush,≤100
2046092952294722,Lucy McBath for Congress,FRIENDS OF LUCY MCBATH,≤100
111892670610842,Political AF,Quyen Sanh Gip,≤100
103046977892124,Adam Christensen For Congress,ADAM J CHRISTENSEN FOR CONGRESS,≤100
210277954204,The Young Turks,"The Young Turks, Inc.",≤100
110147464027347,Barb Nash for SC House District 124,"Barb Nash For SC House, LLC",≤100
21395843375,Dialysis Patient Citizens,DIALYSIS PATIENT CITIZENS INC,≤100
102389457864860,Treehuggers Bracelets,ECOMX LLC,≤100
123963360928,SiriusXM,SIRIUS XM RADIO INC.,≤100
110393153948638,Financial Help,Common Acquire,≤100
53674651369,Susan B. Anthony List,Susan B. Anthony List Action PAC,≤100
647771988675827,The Wealth Guardians,Brooks Allen Brown,≤100
379373892662119,Healthcare Advisor Group,Healthcare Advisors Group,≤100
107665644228467,Conservative Journal Review,Conservative Journal Review LLC,≤100
109205663852133,Southern Sustainability,Resource Media,≤100
263210730984251,We Are Great Again Pac,WE ARE GREAT AGAIN PAC,≤100
52563647525,Kyrsten Sinema,SINEMA FOR ARIZONA,≤100
21492729544,Catholic Relief Services,CATHOLIC RELIEF SERVICES - UNITED STATES CONFERENCE OF CATHOLIC BISHOPS,≤100
111277640428691,President Donald J. Trump 2020,Trump Collections,≤100
114386721939978,The Made in America Store,Made In America Store,≤100
407664862957433,Ammar Campa-Najjar for Congress,AMMAR CAMPA-NAJJAR FOR CONGRESS,≤100
51379424899,Mercy Ships,MERCY SHIPS INTERNATIONAL,≤100
91346559231,Democratic Legislative Campaign Committee - DLCC,Democratic Legislative Campaign Committee,≤100
19746387261,Humane Society International,Humane Society International,≤100
152264148166020,Moms Clean Air Force,Moms Clean Air Force,≤100
281884085611820,Tedra Cobb,COMMITTEE TO ELECT TEDRA COBB,≤100
106572950040377,Max Rose,MAX ROSE FOR CONGRESS,≤100
259212814698356,Democratic Majority for Israel,DMFI PAC,≤100
109262490894983,Trump News,Albert Fernandez,≤100
21834534343,Volunteers of America,"VOLUNTEERS OF AMERICA, INC.",≤100
113351505349955,The Christian Broadcasting Network,The Christian Broadcasting Network Inc,≤100
34362997676,United States Holocaust Memorial Museum,UNITED STATES HOLOCAUST MEMORIAL MUSEUM,≤100
721689044860696,OneBlinc,"BLINCLOANS, LLC",≤100
46508415624,Scott Taylor,Scott Taylor for Congress 2020,≤100
1690071827911682,Cleancult,cleancult,≤100
1377899069152090,Rep. Jonathon Hill,Jonathon Hill for SC House District 8,≤100
213687698658,Americans for Prosperity Foundation,Americans for Prosperity Foundation,≤100
2255535767896743,Mark Robinson for N.C.,Mark Robinson for NC,≤100
34701792581,EWTN,Eternal Word Television Network,≤100
160630887998827,Let Them Live,Let Them Live,≤100
100401327980848,National Parents Union,National Parents Union,≤100
612876695419919,Jeff Duncan,JEFF DUNCAN FOR CONGRESS,≤100
1234251319933440,Exclusive Apparel,The Dude's Threads,≤100
931907200310657,Patients Rising Now,Patients Rising Now Inc,≤100
1708467695859543,Veteran Transition Mission,Sonia Ivelisse Barriera Ayala,≤100
30079936984,CWS,"CHURCH WORLD SERVICE, INC.",≤100
107937014153581,Energized Health,John Jubilee Transformation LLC DBA Energized Health,≤100
6428288402,Kiva,KIVA MICROFUNDS,≤100
19474609238,Mercatus Center at George Mason University,Mercatus Center at George Mason University,≤100
313723095478950,The Daily Citizen,Focus on the Family,≤100
203197030603239,8 Billion Trees,8 Billion Trees LLC,≤100
105455840860559,EagleRealm LLC,Eagle Realm,≤100
200676905671,We Are ALPA,Air Line Pilots Association,≤100
252735041497085,Vote Barry Townsend,Barry Lynn Townsend,≤100
1947525322184514,One Fair Wage,One Fair Wage,≤100
46347342434,EMILY's List,EMILY'S LIST,≤100
110998592305221,Dr. Martens,Dr. Martens AirWair USA LLC,≤100
109048470739435,Jodie Srutek For County Council,Jodie Srutek,≤100
128167457221813,Public Transportation,Voices for Public Transit,≤100
111499100431,National Association for Gun Rights,NATIONAL ASSOCIATION FOR GUN RIGHTS INC,≤100
105835711208027,The Progressive List,THE PROGRESSIVE LIST,≤100
1438882392887793,ADF Church Alliance,Alliance Defending Freedom,≤100
114893233534632,Taking Back America,Apse Media LLC,≤100
999775873528189,Stopping Socialism,The Heartland Institute,≤100
105707511217866,Communities Joining Hands,Elena Zhan,≤100
105008227886379,MOEF,Mask On Every Face,≤100
38895197117,EdChoice,"EDCHOICE, INC.",≤100
113110137118723,Collectible Currency,Christopher Walter Adams,≤100
142432192446984,David Horowitz Freedom Center,David Horowitz Freedom Center,≤100
5633824547,FreedomWorks,"FREEDOMWORKS, INC.",≤100
103453544718913,Patriots Together,Anna Kasten Yu,≤100
103342934749025,Mike Childs For SC House,Mike Childs For SC House 68,≤100
102661701651,South Carolina Small Business Chamber of Commerce,South Carolina Small Business Chamber of Commerce,≤100
814260155318929,The Fairness Project,The Fairness Project,≤100
455147011996099,The Ann and Phelim Scoop,The Unreported Story Society,≤100
108650400954148,Stopping Socialism TV,The Heartland Institute,≤100
537583530291618,Joshua Evard - Solar Energy Specialist,Joshua Thomas Evard,≤100
108506830560787,Jessica Scarane,JESS SCARANE FOR DELAWARE,≤100
710669049286394,Woo the People,Khosro David Illulian,≤100
328633577711956,Alabama Counts,AL Census 2020,≤100
260933440643373,UltraViolet,UltraViolet Action,≤100
1099779163410386,John Barrasso,Friends of John Barrasso,≤100
514167322309353,Dan Crenshaw,Dan Crenshaw for Congress,≤100
1802177709900081,The Spectator US,The Spectator US,≤100
137606354090,South Carolina Republican Party,SOUTH CAROLINA REPUBLICAN PARTY,≤100
607626319739286,Black Voices for Trump,TRUMP MAKE AMERICA GREAT AGAIN COMMITTEE,≤100
272618896537776,America First Agenda,America First Agenda PAC,≤100
303167829786891,Ed Markey,THE MARKEY COMMITTEE,≤100
271956682821104,Laurie Slade Funderburk,Committee to Elect Funderburk,≤100
101485931485408,UNITEDemocrats,UNITEDEMOCRATS PAC,≤100
50982313030,Food & Water Watch,Food & Water Watch,≤100
1081577605248505,Elect Better USA,John E Palmer,≤100
907919839243616,My Faith Votes,My Faith Votes,≤100
1452551204988299,GoReact,Speakworks Inc,≤100
108152933883451,TrumpTrendz,Troy Lorenzo Davis,≤100
173837496125511,Conscious Step,Conscious Step,≤100
785936231584382,Paula Jean Swearengin,Paula Jean for West Virginia,≤100
819607471729183,Dr. Al Gross for US Senate,DR. AL GROSS FOR U.S. SENATE,≤100
131306317680000,Social Goods,"Social Goods, LLC",≤100
782093245218764,Qasim Rashid,RASHID FOR VA,≤100
103801844298982,Team Collins,COLLINS FOR SENATOR,≤100
129523843754764,Vote Smart,PROJECT VOTE SMART,≤100
335347887171557,Crooked Columbia,Crooked Columbia,≤100
5887538795,Education Week,Education Week,≤100
110525690698759,Awesome Coffee Recipes,John Phillip Angelo Vergara,≤100
680549575421741,UnitedVoice.com,"Beachside Media, Inc.",≤100
7219151423,The Fund for American Studies (TFAS),The Fund for American Studies,≤100
281844617168,Jewish Voice Ministries International,JEWISH VOICE MINISTRIES INTERNATIONAL,≤100
36872302227,Cory Booker,Cory Booker for Senate,≤100
405355946226766,Todd Young,"FRIENDS OF TODD YOUNG, INC.",≤100
114386721939978,The Made in America Store,Anthony Michael Falbo,≤100
100318944827269,Amy Kennedy,AMY KENNEDY FOR CONGRESS,≤100
19420215926,CNSNews.com,MEDIA RESEARCH CENTER,≤100
706716899745696,Women for Trump,TRUMP MAKE AMERICA GREAT AGAIN COMMITTEE,≤100
525171637666780,Sandy Piña California Delegate,RCR,≤100
340393855322,Van Taylor,VAN TAYLOR CAMPAIGN,≤100
123624513983,The Western Journal,The Western Journal,≤100
194115677277113,A21,A21 with Facebook Ad Credits,≤100
7209432197,Chris Coons,CHRIS COONS FOR DELAWARE,≤100
374848446414965,Pollking,Benjamin Aaron Perlman,≤100
106203264511020,Washington Changed Katko,DCCC,≤100
109678580574253,Politicool Clothing Co.,PolitiCoolClothing.com,≤100
475456956305422,All Voting Is Local,Leadership Conference Education Fund,≤100
566008736785269,Be Heard Project,Be Heard Project,≤100
259212814698356,Democratic Majority for Israel,Democratic Majority for Israel,≤100
282728185140429,Rep For Vets,The Rep For Vets,≤100
1082522201878539,Gina Ortiz Jones for Congress,GINA ORTIZ JONES FOR CONGRESS,≤100
104012084703106,One People United PAC,One People United,≤100
9739634228,The Political Machine,"Hitcents.com, Inc",≤100
531623043662146,Flags of Valor,Flags of Valor,≤100
114994916573293,CareForAllChildren,CareForAllChildren,≤100
296295018082,AARP en Español,AARP,≤100
8057376739,The Nature Conservancy,Nature Conservancy,≤100
101164484986617,To Be Frank Show,Real News PR,≤100
23180353833,North Carolina Republican Party,North Carolina Republican Party,≤100
420424547981908,In Search of Liberty,Scott Dennis Welch,≤100
173470656019870,The Daily Yonder,Great Stories LLC,≤100
38234604057,PEN America,PEN AMERICAN CENTER INC,≤100
165779706726,Country Music Artist Carl Ray,Carl Ray Williams,≤100
2309566456030859,Human Coalition Action,Human Coalition Action,≤100
244798719959050,We Are Patriots,Catherine Sue Mantooth,≤100
101208514791301,Daniel Turner,Power The Future Inc,≤100
153309775026,SnapStream,SnapStream Media,≤100
112334757233941,Right to Telehealth,Jeremy Joseph Schaller,≤100
215520918497608,Dallas County Republican Party,Dallas County Republican Party,≤100
108838804083071,Etch The Edges,Critical Thinking Minds - DS Brown,≤100
105561217523274,The_Dispatch,"Dispatch Media, Inc.",≤100
41036437395,Macular Degeneration Research,"BRIGHTFOCUS FOUNDATION, INC. A/K/A BRIGHTFOCUS FOUNDATION",≤100
106114264313679,Hunt The Vote,"Hunter Nation, Inc.",≤100
27544763621,Prison Fellowship,Brandon Anders Larsen,≤100
1809715209318581,Marjorie Taylor Greene for Congress,GREENE FOR CONGRESS,≤100
186932688457686,CHNGE,CHNGE,≤100
107618675933249,Coalition for Smarter Growth,the Coalition for Smarter Growth,≤100
2295062210811244,Coalition for American Veterans,COALITION FOR AMERICAN VETERANS POLITICAL ACTION COMMITTEE,≤100
127216280686110,Ann Wagner,Ann Wagner for Congress,≤100
174777196873,Republican Party of New Mexico,REPUBLICAN CAMPAIGN COMMITTEE OF NEW MEXICO,≤100
281312429284144,Tees Distributions,Tees Distributions,≤100
107107693152888,Anthropocene Alliance,ANTHROPOCENE ALLIANCE,≤100
121067011091,Arab American Institute,Arab American Institute with Facebook Ad Credits,≤100
312657362217994,Women's Heart Alliance,Women's Heart Alliance,≤100
77903485992,Concerned Women For America LAC,CONCERNED WOMAN FOR AMERICA LEGISLATIVE ACTION COMMITTEE,≤100
330379807074211,Flavor God,These ads ran without a disclaimer,≤100
1691667177798461,Brut,Brut,≤100
151577215422581,Zioness Movement,"Zioness Movement, Inc.",≤100
1646823955646308,Mike Donovan,Michael Paul Donovan,≤100
1653251174924652,Fuzzu,Fuzzu,≤100
601472019907779,Latino Victory,Latino Victory,≤100
1640970822834351,Plaine Products,Plaine Products,≤100
90498769709,Edenpure,EdenPURE®,≤100
100123544800892,Disme Coin Company,Byron Michael Laughlin,≤100
112043050446693,Together for 2020,Left of Center PAC,≤100
103050098137502,Clueless Cal,NRSC,≤100
12692955711,Chronicle of Higher Education,"CHRONICLE OF HIGHER EDUCATION, INC. (THE)",≤100
10897453188,Operation Mobilization - OM USA,"OPERATION MOBILIZATION USA, INC.",≤100
102010211314386,Donald Trump 2020 Voters,I Love My Freedom,≤100
124626320898336,Catholic Extension,"CATHOLIC CHURCH EXTENSION SOCIETY OF THE UNITED STATES OF AMERICA, THE",≤100
313097997669,StreetLightUSA,StreetLightUSA,≤100
138141366212571,Gravis Marketing,GRAVIS MARKETING INC.,≤100
700941689954518,Defend Our Future,Defend Our Future,≤100
56332452163,AMA Patients Action Network,American Medical Association,≤100
698400060189827,Dan Sullivan,Alaskans for Sullivan,≤100
1557722217817482,Texans For Vaccine Choice,TEXANS FOR VACCINE CHOICE,≤100
109709397469494,Dignity Unbound,Dignity Unbound,≤100
106954147689215,Just the Truth,JUST THE TRUTH POLITICAL ACTION COMMITTEE,≤100
53674651369,Susan B. Anthony List,Susan B. Anthony List,≤100
987698164585861,Citizen Ed,Citizen Education,≤100
529154000442477,America Rising,AMERICARISINGPAC.ORG,≤100
83865976093,Truthout,TRUTHOUT,≤100
198559607605482,Gunnigle 2020,Gunnigle 2020,≤100
103097321307266,Conservative Action Alliance of the Carolinas,Conservative Action Alliance of the Carolinas,≤100
780606555331010,American Student Loan Advocate,ASLR Marketing,≤100
101329438317952,Story Network Action,Story Network Foundation,≤100
2212066245574161,Sarah Huckabee Sanders,St. Martin's Press,≤100
1476342155924546,Big Rig Threads,Big Rig T-Shirts and Decals LLC,≤100
153278754738777,Climate Reality,The Climate Reality Project,≤100
950837325113887,Life Money Stuff,Life Money Stuff,≤100
141692255929599,Democratic Socialists of America,DEMOCRATIC SOCIALISTS OF AMERICA INC,≤100
338218229911752,Integrity First PAC,INTEGRITY FIRST PAC,≤100
304750332920654,Carl DeMaio,SECURE THE BORDER SUPERPAC,≤100
17475614410,Hispanic Federation,Paid for by Hispanic Federation with Facebook Ad Credits,≤100
144176402370987,Karamu House,KARAMU HOUSE INC,≤100
221401431386940,Pramila Jayapal,PRAMILA FOR CONGRESS,≤100
170591064699,Southern Poverty Law Center,"SOUTHERN POVERTY LAW CENTER, INC., THE",≤100
128716440866482,Adam Milstein,Adam Milstein,≤100
101485404914361,Bad News Wares,Bad News Wares,≤100
13187955196,Young Americans for Liberty,Young Americans for Liberty,≤100
413010578799934,Sue-Ham for County Council,Sulondia Renice Hammond,≤100
1612726335627171,We the Internet TV,We the Internet TV,≤100
106890801114065,Right Wing Maga,Right Wing Maga,≤100
309993142375589,Joe Kennedy III,KENNEDY FOR MASSACHUSETTS,≤100
166941406671456,First Focus Campaign for Children,First Focus Campaign For Children Inc,≤100
107953010886875,20Train.com,GEEG LLC,≤100
106152016095462,PASOs,These ads ran without a disclaimer,≤100
186805048171120,U.S. & Texas LawShield,Texas LawShield,≤100
44255328352,Farm Forward,Farm Forward,≤100
6316744206,Jon Tester,MONTANANS FOR TESTER,≤100
394817334402124,2020 Trump Bill,Innovative Ecomm LLC,≤100
109267227560872,Aap Rithala Sangathan,These ads ran without a disclaimer,≤100
824542604252069,Erick Erickson,Erick Woods Erickson,≤100
24470472733,The Trevor Project,The Trevor Project,≤100
143195412381888,"Georgia Gun Owners, Inc.",Georgia Gun Owners,≤100
61288747990,Real Warriors,Real Warriors Campaign,≤100
1413682351987764,Andy Kim for Congress,ANDY KIM FOR CONGRESS,≤100
79820371749,Ayanna Pressley,THE COMMITTEE TO ELECT AYANNA PRESSLEY,≤100
174754989846475,NewDem Action Fund,New Democrat Coalition Action Fund,≤100
135997359926517,SSDC Services,Jefery James Wenzel,≤100
290851614930809,Combat AntiSemitism,Combat Anti-Semitism,≤100
26006662641,Arizona Democratic Party,Arizona Democratic Party,≤100
32582320449,CMMB,CATHOLIC MEDICAL MISSION BOARD INC,≤100
123965317665623,N-Hance Wood Refinishing,N-Hance Inc.,≤100
28144169620,Alliance for Aging Research,Alliance for Aging Research,≤100
123276481201934,Barry Loudermilk,LOUDERMILK FOR CONGRESS,≤100
228132537208218,Tammy Duckworth,TAMMY FOR ILLINOIS,≤100
104919414599745,People Over Profits,"The People Over Profits Florida, Inc.",≤100
614134231980299,Veterans Empowered To Protect African Wildlife,VETPAW INC,≤100
341240953385902,Force Of Nature Meats,Force of Nature,≤100
301228420816284,Teresa Leger Fernandez,TERESA FOR ALL,≤100
112556903649130,Louder Than Hate,"Louder Than Hate, LLC",≤100
763491940427547,Roque  "Rocky"  De La Fuente,Rocky 101 LLC,≤100
246846192720018,War On Our Future,The Years Project,≤100
72931140459,Center for Biological Diversity,"CENTER FOR BIOLOGICAL DIVERSITY, INC.",≤100
208463585839891,Living Future Institute,International Living Future Institute,≤100
357750373755,National Domestic Workers Alliance,National Domestic Workers Alliance,≤100
102659217991609,Vote Samantha Wallace,Samantha S Wallace for County Council,≤100
100697751658498,Stronger.org,The Public Good Projects,≤100
896759427103774,Modern Medicaid Alliance,Modern Medicaid Alliance,≤100
169710960125365,Curzio Research,Curzio Research Inc.,≤100
72565633140,Soles4Souls,"SOLES4SOULS, INC.",≤100
9394693002,Bloomberg LP,Bloomberg LP,≤100
107654244332660,Back BLM,Back BLM,≤100
112552187080266,Protecting Every Future,American Council of Life Insurers,≤100
521924961194913,Bruce Westerman,Westerman for Congress,≤100
1059320777468378,David Kustoff,Kustoff for Congress,≤100
100355778430951,By Our Own Bootstraps,Brandon Vu,≤100
828902563856302,Chuck Schumer D-NY,FRIENDS OF SCHUMER,≤100
646594582623475,Republican Nations,wowengraving,≤100
100124595113383,Victor Ashe,"William F. Buckley, Jr. Program",≤100
1678492922390061,WorkingNation,WorkingNation,≤100
360303722260,Kathleen Williams,KATHLEEN WILLIAMS FOR MONTANA,≤100
1545826148838592,Trump 2020,Gregory Lawrence Burright,≤100
39432041915,Capital Research Center,CAPITAL RESEARCH CENTER INC,≤100
29775770058,PATH,PATH,≤100
303374266418976,AFPM,American Fuel & Petrochemical Manufacturers,≤100
1518297238457643,Jeremiah Johnson Ministries,Jeremiah Johnson Ministries,≤100
35142679763,Alzheimer's Disease Research,"BRIGHTFOCUS FOUNDATION, INC. A/K/A BRIGHTFOCUS FOUNDATION",≤100
548407915183371,Liz Cheney,Liz Cheney for Wyoming,≤100
58158120046,ACLJ,American Center for Law and Justice,≤100
168452723312821,Chisholm Chisholm & Kilpatrick LTD,Chisholm Chisholm & Kilpatrick LTD,≤100
106492754442340,Monica Danneman for SC House 26,Monica For SC,≤100
717417908274761,Lady Freethinker,Lady Freethinker,≤100
99196609225,The African American Policy Forum,African American Policy Forum,≤100
100846774982239,Protect Our Police PAC,Protect Our Police PAC,≤100
10128918116,Gavin Newsom,NEWSOM FOR CALIFORNIA GOVERNOR 2022,≤100
121626482110,Operation Smile,"OPERATION SMILE, INC.",≤100
79820371749,Ayanna Pressley,THE SQUAD VICTORY FUND,≤100
100118861820586,Your Wellness World,These ads ran without a disclaimer,≤100
101888608186192,MedicalCommunitynet,Medical Community LLC,≤100
249362448960808,Sanderson Farms Corporate,Sanderson Farms Corporate,≤100
333081284065216,Brynne Kennedy for Congress,BRYNNE KENNEDY FOR CONGRESS,≤100
1632568446971453,Boredwalk,Boredwalk,≤100
156097994412618,Empowering Change,Empowering Change,≤100
89324781720,Pat Toomey,Friends of Pat Toomey,≤100
105475300992784,Gary 2020,Gary 2020,≤100
94047978366,PCCC - BoldProgressives.org,PROGRESSIVE CHANGE CAMPAIGN COMMITTEE,≤100
21647204289,Michigan Education Association,Michigan Education Association,≤100
339432396135584,The Exodus Road,EXODUS ROAD INC,≤100
324119001078997,"Sanford Heisler Sharp, LLP","Sanford Heisler Sharp, LLP",≤100
170918006892,G.I. Jobs,Victory Media DBA GI Jobs,≤100
107424894413326,Tio Bernie Book,Tio Bernie Book,≤100
1863789933891583,Black people who invest in the stock market,These ads ran without a disclaimer,≤100
747783932079184,Jared Golden,COMMITTEE TO ELECT JARED GOLDEN,≤100
107536044212649,"Joyce Marie Griggs for U.S. Congress, 1st Congressional District of Georgia",Task Force Griggs,≤100
2133130356918764,Common Justice,COMMON JUSTICE INC,≤100
113553048669158,Rick Scott,TEAM RICK SCOTT,≤100
2123425971065747,Sora Schools,Indra Putra Sofian,≤100
169440273093442,The Center for Election Science,The Center for Election Science,≤100
116238930177726,Artsiful,Brad Aaron Shaw,≤100
117641114435,First Aid Beauty,First Aid Beauty,≤100
873550809444862,Mighty Earth,Mighty Earth,≤100
1613289982270065,Choose Courage Foundation,Choose Courage Foundation,≤100
294508332028,Lakota People's Law Project,ROMERO INSTITUTE,≤100
151525932186806,When Democrats Turn Out,WHEN DEMOCRATS TURN OUT PAC,≤100
12683623041,Society for Human Resource Management (SHRM),SOCIETY FOR HUMAN RESOURCE MANAGEMENT,≤100
130848666099,Business Forward,Business Forward Inc.,≤100
103218576421422,GirlTrek: Healthy Black Women and Girls,GirlTrek,≤100
657343731290262,American Freedom Fighter,American Freedom Fighter,≤100
113110137118723,Collectible Currency,Proud Patriots,≤100
109966290494892,Wagoner Law Firm,Nicholas Jordan Wagoner,≤100
115589465160388,Scribner Books,Simon and Schuster,≤100
100437321592930,Pink Datas,These ads ran without a disclaimer,≤100
2332380533514168,Kandiss Taylor,KANDISS TAYLOR FOR U.S. SENATE,≤100
124452922352902,Nichell Newton For Fort Mill School Board,Nichell Fowler Newton,≤100
329418020548,Cardozo School of Law,Cardozo School of Law,≤100
103903914570915,Pro2a,Delta Team Marketing,≤100
135081079769,AFGE,American Federation of Government Employees,≤100
201248453800242,My Pay My Say,Mackinac Center for Public Policy,≤100
106487520883333,Cardinal & Pine,"Courier Newsroom, Inc.",≤100
141786816970,Cruise Lines International Association - CLIA,Cruise Lines International Association,≤100
102959799834968,Diane Mitsch Bush for Colorado,DIANE FOR COLORADO CD3,≤100
245741028804051,Barbara Sinatra Center,Barbara Sinatra Children's Center,≤100
1400371370253041,Eagan Immigration,Eagan Immigration,≤100
546497545399440,ASEC - African Sisters Education Collaborative,African Sisters Education Collaborative (ASEC),≤100
1028908663935923,Americans for Fair Treatment,Americans For Fair Treatment,≤100
18983389920,Open Society Foundations,Open Society Foundations,≤100
1584050195202316,Barbara Bry for Mayor,Barbara Bry for San Diego Mayor 2020,≤100
179909895355213,AIDS United,AIDS UNITED,≤100
10803722213,Common Cause,COMMON CAUSE,≤100
306591716448427,Cindy Axne,CINDY AXNE FOR CONGRESS,≤100
110176385723423,Patheos Catholic,Patheos Catholic,≤100
182620315479,Plan International USA,Plan International USA,≤100
315151565831,Ascension,Ascension Press,≤100
195704103779569,Savage Outdoors & The One,Amanda Harris Lee,≤100
97624620788,American Friends of Magen David Adom,AMERICAN FRIENDS OF MAGEN DAVID ADOM,≤100
647003022577166,Made Ya Look BLM,Made Ya Look BLM,≤100
7357041101,Tammy Baldwin,TAMMY BALDWIN FOR SENATE,≤100
2025091014264618,The Funeral Leader,MKJ Marketing,≤100
141269525933538,Democrats for Education Reform,Education Reform Now Advocacy Inc.,≤100
136211573758668,State Representative Steve Allison,Steve Allison,≤100
106868314285372,The Finance Kit,DYS Capital LLC,≤100
412739549455010,Karena Reiter,PrimaDonna Reeds,≤100
241672016328637,Lauren Underwood for Congress,LAUREN UNDERWOOD FOR CONGRESS,≤100
174046949421616,Phenomenal Woman Action Campaign,Phenomenal Woman Action Campaign,≤100
108906707265489,USA Pooch,"PRESIDENTIAL POOCH, INC",≤100
18079407397,CPAC 2020,Conservative Political Action Conference,≤100
2386704041588414,The Texan,The Texan,≤100
657708380952174,Voices of the Civil Rights Movement,Comcast,≤100
206052849902620,Intermountain Immigration,"Intermountain Immigration, LLC",≤100
1833879943496521,Spread The Vote,Spread the Vote,≤100
252126914850996,Labor Campaign for Single Payer,Labor for Single-Payer Healthcare,≤100
1555039491394668,Conservation Minnesota Voter Center,CM Voter Center,≤100
143173285763,Tenth Amendment Center,Tenth Amendment Center,≤100
106756327769815,Stand For The Promise,Stand For The Promise,≤100
1397799040234106,OpinionUP,OpinionUP LLC,≤100
1614345772179172,Greg Gianforte,Greg for Montana,≤100
47712360678,Jobs With Justice,Jobs With Justice,≤100
1229789977123022,Debbie Lesko for Congress,DEBBIE LESKO FOR CONGRESS,≤100
111237577031486,AquiPor Technologies,William Powers,≤100
451224838781405,Patriot Baby,Eric Todd Hunter,≤100
103983379801,Texas Democratic Party,Texas Democratic Party,≤100
639945089977837,POLIFLIX,Barrett Edward Goetz,≤100
141901795868393,Alaska Democrats,ALASKA DEMOCRATIC PARTY,≤100
300748678230,Tennessee Department of Economic and Community Development,Tennessee Department of Economic and Community Development,≤100
221890358218748,Til Valhalla Project,Til Valhalla Project,≤100
7642602143,Mother Jones,FOUNDATION FOR NATIONAL PROGRESS,≤100
111970730196550,World War Zero,AMERICAN SECURITY PROJECT,≤100
22426379899,Workman Publishing,WORKMAN PUBLISHING CO. INC.,≤100
10760692978,World Hope International,World Hope International,≤100
101176014673943,Michelle for Kansas,MICHELLE FOR KANSAS,≤100
96491683438,"The Friends of Israel Gospel Ministry, Inc.","FRIENDS OF ISRAEL GOSPEL MINISTRY, INC, THE",≤100
375301089246439,Thom Tillis,THOM TILLIS COMMITTEE,≤100
522661794851179,West Michigan Families First,Michigan Democratic State Central Committee,≤100
201716719965863,Patient Safety Movement,Patient Safety Movement Foundation,≤100
9694956217,Animal Legal Defense Fund,ANIMAL LEGAL DEFENSE FUND,≤100
110828620426941,Roger Polack for Congress,ROGER FOR WISCONSIN,≤100
35715544220,Stand.earth,STAND,≤100
16792125167,Jimmy Patronis,Treasure Florida PC,≤100
452797224923658,Democratic Coalition Against Trump,THE DEMOCRATIC COALITION,≤100
161356730701227,Amanda Stuck,Amanda Stuck for Congress,≤100
1869687273277265,Run for Something,Run For Something PAC,≤100
429651323843750,Verizon Wireless Workers Rising,"COMMUNICATIONS WORKERS OF AMERICA, AFL-CIO, CLC",≤100
106333028376,"Nichols Kaster, PLLP",Nichols Kaster PLLP,≤100
209046616332309,Xochitl for Congress,Xochitl for New Mexico,≤100
47710973068,Cooperative Action Network,National Rural Electric Cooperatives Association,≤100
105425681281873,The Way to Liberty,Christopher Allen Supek,≤100
262577294462322,Kettle Freaks,Michael Joseph Hach,≤100
262680017949612,Quincy Institute for Responsible Statecraft,Quincy Institute,≤100
129278807814364,Women of Welcome,Welcome.,≤100
106629127527429,Kathy Barnette for Congress PA 04,Friends for Kathy Barnette,≤100
104920704636017,Doctors For Democracy,Doctors for Democracy,≤100
122671561263552,Committee for Better Banks,"COMMUNICATIONS WORKERS OF AMERICA, AFL-CIO, CLC",≤100
102970113093477,Church Militant/St. Michael’s Media,Max Aldcander Douglas,≤100
2332293886816499,Albany Counts,Albany Counts,≤100
162695894106234,Co-ops Vote,National Rural Electric Cooperative Association,≤100
106411444514775,Unity in Support,Jae W Seo,≤100
422202764649078,Rhode Island Department of Education - RIDE,Rhode Island Department of Education,≤100
104339194296642,SOCIAL NOSTRA,Social Nostra,≤100
127335473965761,Recycle Cartons,"Carton Council of North America, Inc.",≤100
416913748508616,We Welcome Refugees,We Welcome Refugees,≤100
162244692732,Brennan Center for Justice at NYU Law,William J Brennan Jr Center for Justice Inc,≤100
300992409852,Hoover Institution,Hoover Institution,≤100
87186661244,Johns Hopkins Bloomberg School of Public Health,Johns Hopkins Bloomberg School of Public Health,≤100
276076196388914,Coffee & Pan Dulce Show,Coffee & Pan Dulce Show,≤100
102579318191600,No Justice No Peace,NO JUSTICE NO PEACE PAC,≤100
78420171887,Sailors for the Sea,SAILORS FOR THE SEAINC,≤100
70531357576,Freedom Forum,"FREEDOM FORUM INC, THE",≤100
332979816450,Derek Armstead Mayor of Linden,Derek Armstead,≤100
1977738355807406,Sharice For Congress,SHARICE FOR CONGRESS,≤100
1575930945858435,Dan Besse for NC House,Dan Besse for NC House,≤100
349068689306,Tim Scott,TIM SCOTT FOR SENATE,≤100
21935371894,Metro United Way,"METRO UNITED WAY, INC.",≤100
2176472882580975,Crusader Outlet,Crusader Marketing,≤100
384336778589668,Defend Our Constitution,COMMON CAUSE,≤100
458928061510318,Rita Hart for Iowa,RITA HART FOR IOWA,≤100
565908513895817,Board of African American Genealogy,Board of African American Genealogy,≤100
1771751039543331,Georgia King Therapy,Georgia Martin King,≤100
359434355433,Black Facts Online,Dale Anthony Dowdie,≤100
1637425586536650,Thin Blue Line USA,These ads ran without a disclaimer,≤100
680894095682539,Cowboy Life,"Nine Ranch Enterprises, LLC",≤100
1505244559517282,Colin Allred,COLIN ALLRED FOR CONGRESS,≤100
111168783611294,Jesse Mermell for Congress,THE COMMITTEE TO ELECT JESSE MERMELL,≤100
7100914121,American Experience | PBS,WGBH EDUCATIONAL FOUNDATION,≤100
54820342268,National Association of Secondary School Principals (NASSP),NASSP,≤100
105287044367027,ObsessedwithTrump,Donald Lee Rowan,≤100
276708266084189,Ray Dalio,"Principles, LLC",≤100
1764185850558806,Apex Clean Energy,Apex Clean Energy,≤100
519590768083165,Abby Finkenauer for Congress,FINKENAUER FOR CONGRESS,≤100
90022052772,Williams,"WILLIAMS COMPANIES, INC., THE",≤100
149284228569199,Kings Wild Project,These ads ran without a disclaimer,≤100
1683659714985244,Phil Ehr,EHR FOR CONGRESS,≤100
708375056271048,The Christendom Curriculum,The Christendom Curriculum,≤100
133294620046953,Mission India,MISSION INDIA INC,≤100
487191351404842,National Women's Prayer and Voting Army,National Women's Prayer and Voting Army,≤100
8914040942,Chesapeake Bay Foundation,"CHESAPEAKE BAY FOUNDATION, INC., THE",≤100
216705888361546,Elbert Lee Guillory,ELBERT GUILLORY'S AMERICA,≤100
101352851565699,Somos PAC,SOMOS PAC,≤100
132732160104163,Ford Foundation,"FORD FOUNDATION, THE",≤100
653446288035243,Edward B. Goehring,Edward B. Goehring,≤100
392403244214360,"Grace Farms, CT","Grace Farms Foundation, Inc.",≤100
1285540898206012,Zimbabwe Farm Project,Ayanna Simone Nahmias,≤100
2049170775107862,Resistance By Design,Resistance By Design,≤100
133768194093477,Savannah Maddox State Representative-61st District,Savannah Maddox for State Representative,≤100
217569858071,Areva Martin,Areva Denise Martin,≤100
740266592735787,Free to Be Kids,Free To Be Kids,≤100
103144548151014,Adrian Perkins,Perkins for LA,≤100
101692531643025,Die Hard USA,Die Hard USA,≤100
154894841387125,Keep America American,Keep America American,≤100
1695950424027488,Andy Hallinan,Andrew Lawrence Hallinan,≤100
108797534098691,Keep Gifts Great,Adrian Choi Conger,≤100
1600300510259910,For Our Future Pennsylvania,For Our Future Action Fund,≤100
808450969246896,"Rebecca Walser, Tax Attorney, CFP",Walser Wealth Management,≤100
1747132688647028,Democratic Association of Secretaries of State,Democratic Association of Secretaries of State,≤100
704297096411479,Kisakye Furniture mart,These ads ran without a disclaimer,≤100
130945114804,World Jewish Congress,WORLD JEWISH CONGRESS AMERICAN SECTION INC,≤100
534064333315303,Nova Bucks,Network of Victim Assistance (NOVA),≤100
294196590710262,FWD.us,FWD.us,≤100
178611532577238,Aubray McPherson,Aubray Jontelle Mcpherson,≤100
112492646811151,California Census,CA Census 2020,≤100
102861624855336,Miracle Wrap,These ads ran without a disclaimer,≤100
1370474066365196,F1RST WARRIOR,First Warrior,≤100
102448824813048,Voice for Refuge,Voice for Refuge Action Fund,≤100
1274746369267915,Le Lion,Le Lion LLC,≤100
2013803118888358,Vote Jackie Todd,Vote Jackie Todd,≤100
107569650978840,Sanall,Sanall,≤100
1517919588502283,Christy Smith for Congress,CHRISTY SMITH FOR CONGRESS,≤100
109729897041138,David Richter,David Richter for Congress Inc,≤100
102112631507753,Doug Zandstra for State Representative - Michigan District 76,The Committee to Elect Douglas Zandstra,≤100
102139218008846,King Nation Apparel,King Nation Apparel,≤100
108796160521260,Triangle ADOS,Latosha Marie Gibson,≤100
510680265702016,Crowned Free,Crowned Free,≤100
826460474101920,BitMari,Sinclair Matthew Skinner,≤100
196731290352711,MDWCOMM,MDW Communications LLC,≤100
325896334774311,Richie Jackson,Target Marketing Digital,≤100
166166843531258,National Council of Resistance of Iran - شورای ملی مقاومت ایران,MEK-Iran (Saeid Saadati),≤100
2346217618936823,Kendra Horn for Congress,KENDRA HORN FOR CONGRESS,≤100
1013558392124611,One Vote,One Vote Productions LLC,≤100
111841860492463,We Latinos,Noel Martinez Trista,≤100
102846434825096,Beat Abbott,Beat Abbott PAC,≤100
101041998305221,The Proud Republicans,Great American Era LLC,≤100
336440323158789,Jack Burkman Radio,Jack Burkman Radio,≤100
332051919606,NC Justice Center,NORTH CAROLINA JUSTICE CENTER,≤100
190987118163092,Connected Clothing Company,Connected Clothing Company,≤100
2259323457517498,Abolish the Electoral College,ABOLISH THE ELECTORAL COLLEGE,≤100
402929096808140,TeacherFreedom,Association of American Educators Foundation,≤100
287568124699578,We Dream In Black - National Domestic Workers Alliance,National Domestic Workers Alliance,≤100
545313338963764,Matt Meyer,Meyer for New Castle County,≤100
151757038879920,Alyse Galvin for Congress 2020,ALYSE FOR ALASKA,≤100
830890360316751,Nick Hanauer,Civic Action,≤100
226678304362580,Healthy Workforce ABQ,"OLE EDUCATION FUND, THE",≤100
164472026916984,Masbia Soup Kitchen Network,MASBIA,≤100
109774654107757,Sauucee,Sauucee,≤100
320533948089022,Angie Chen Button for Texas,Angie Chen Button,≤100
44951363957,American Enterprise Institute,AMERICAN ENTERPRISE INSTITUTE FOR PUBLIC POLICY RESEARCH,≤100
289213691238937,Thrasher Coffee,Thrasher Coffee Co.,≤100
530706121069433,Pride and Loyalty,Lambert Chan,≤100
256043277748645,NetChoice,NETCHOICE,≤100
12503116997,Dennis Prager,Salem Media,≤100
1272534336242476,World101,Council on Foreign Relations,≤100
284956260124,State of Belief,Ari Daniel Geller,≤100
103934071014071,Fire Drill Fridays,"GREENPEACE, INC.",≤100
1436428353267835,Greenbrier County Democratic Women's Club,Sarah Zadek Umberger,≤100
148485621883625,40 Days for Life,40 Days for Life,≤100
106140571085743,Natalia For Congress,NATALIA LINOS FOR CONGRESS,≤100
158505287559920,Save the Storks,Save the Storks,≤100
111361091313,NICABM,"Theoria Associates for Health Education, Inc.",≤100
485951371457440,Texas Gun Rights,Texas Gun Rights,≤100
119216091518705,Protect The Harvest,Karen Elizabeth Glueck,≤100
55549065733,Voto Latino,VOTO LATINO INC.,≤100
116782435016421,Southern California Research Lodge,These ads ran without a disclaimer,≤100
1375618656016062,Deb Haaland for Congress,DEB HAALAND FOR CONGRESS,≤100
58709265392,Americans United for Separation of Church and State,AMERICANS UNITED FOR SEPARATION OF CHURCH & STATE,≤100
100492918060703,RegiStart,RegiStart,≤100
127637620616803,Comcast Newsmakers,Comcast,≤100
1093100414183984,Americans United 4 Political Action,AMERICANS UNITED FOR POLITICAL ACTION,≤100
124530924015,Hank Gilbert,HANK GILBERT FOR CONGRESS,≤100
108512875350,The Atlas Society,The Atlas Society,≤100
105370081104608,Veterans for Trump,TRUMP MAKE AMERICA GREAT AGAIN COMMITTEE,≤100
109275097544363,Alliance for Balanced Government,Alliance for Balanced Government,≤100
214061167976,El Tiempo Latino,Carlos Jose Munoz,≤100
104287914707749,National Life Chain,Life Chain,≤100
463095630924391,US Business Funding,Credox,≤100
56282222521,Houghton Mifflin Harcourt Trade,Houghton Mifflin Harcourt,≤100
104272998052746,Standing Strong Together,Claire Wang,≤100
17801244148,Jill Schupp,SCHUPP FOR CONGRESS,≤100
1528498354074301,Punching Bag Media - Conservative News,Sean Michael Probber,≤100
75353945070,Boxed Water Is Better,Boxed Water Is Better,≤100
125319303823,Champlain College,Champlain College Incorporated,≤100
167968013767335,Julie Oliver,JULIE OLIVER FOR CONGRESS,≤100
100906591716189,Beyond Patriots,Priscilla Bethany Kennedy,≤100
105113810944826,Gary4Gov,Gary Votour,≤100
105953890782784,The Factual,The Factual,≤100
300774350436838,Topplr,Data Genomix,≤100
45954849475,Food Bank of Delaware,"FOOD BANK OF DELAWARE, INC.",≤100
357484764271265,Dustin Stockton,Dustin Alan Stockton,≤100
227535924071462,Animal Petitions,AnimalPetitions.org,≤100
197461723779499,"Vasquez Law Firm, PLLC",William Junior Vasquez,≤100
464292670410321,Claudia Tenney for Congress,TENNEY FOR CONGRESS,≤100
583715925012376,Mayor Trent Staggs,Staggs for Mayor,≤100
317326911132,SC Citizens for Life (SCCL),SOUTH CAROLINA CITIZENS FOR LIFE INC,≤100
839073729808623,Hillary Scholten,SCHOLTEN FOR CONGRESS,≤100
171524666565192,Dave Stauffer for Governor,David Stauffer,≤100
19972147679,SEIU,SEIU,≤100
370939753393588,Invest in Education Arizona,Invest in Education. (Sponsored by AEA and Stand for Children). Not authorized by any candidate./,≤100
167473433290992,Inequality.org,Institute for Policy Studies,≤100
114224798624093,Explore Brevard,Explore Brevard,≤100
451389174955443,Haverhill Collection,"Haverhill Leach, Inc",≤100
106493481115475,Protect Our Election,Protect Our Election,≤100
1634651343331439,Project Wren,Landon Brand,≤100
102854561467441,Dr. Rema 4 MSU,Committee to Elect Dr. Rema Vassar,≤100
110316697328742,People of Seniors Housing,People of Seniors Housing,≤100
137746666253194,Ann Kirkpatrick,KIRKPATRICK FOR CONGRESS,≤100
104679177804089,45 Changes Lives,PKA Karate Academy Inc,≤100
104260608058844,Awesome Survival Guides,Kirsten May Siosan Andrade,≤100
1670468429918309,We Are Uprisers,WEAREUPRISERS,≤100
26668999076,The Cato Institute,"CATO INSTITUTE, INC.",≤100
129602743740560,Illinois Family Action,ILLINOIS FAMILY ACTION NFP,≤100
166087830076297,WebPT,WebPT,≤100
139661999752,Medical Association of Georgia (MAG),"MEDICAL ASSOCIATION OF GEORGIA, THE",≤100
83960796709,Institute for Southern Studies,INSTITUTE FOR SOUTHERN STUDIES INC,≤100
117513180002579,John Shallman,Target Marketing Digital,≤100
8936818385,Accuracy in Media,"ACCURACY IN MEDIA, INC",≤100
486324651440186,Plastic Bank,Erin Lillian Rand,≤100
103322426424621,Jonathan Karl,Jonathan David Karl,≤100
103531607822207,Noticias para Inmigrantes,"Wise Rock Media, PBC",≤100
1683472645227089,TRUMPWholesaleProducts.com,www.abcSigns.Biz,≤100
11911627997,Pancreatic Cancer Action Network,"PANCREATIC CANCER ACTION NETWORK, INC.",≤100
130268756992804,Yale Climate Connections,Yale Climate Connections,≤100
143089732792,Marsha Blackburn,Marsha for Senate,≤100
114937555342547,Seth Abramson,Macmillan Publishing,≤100
112494940494897,Grier Home Goods,Justin Scott Grier,≤100
114381883687309,RealityMatters.Net,RealityMatters.Net,≤100
103131054573692,Crawfordology,Crawfordology,≤100
653076538223048,Pennsylvania Firearms Association,Pennsylvania Firearms Association,≤100
102829481516779,GREG MICK for Lake County Prosecutor,Gregory Jo N Mick,≤100
115403471809909,Plastic Oceans,PLASTIC OCEANS INTERNATIONAL,≤100
46675576620,John Stossel,"Stossel Productions, LLC",≤100
106375871170305,Rob Wittman Facts,RASHID FOR VA,≤100
104602514593537,A New Voice for Justice,"The Committees to Elect Ned Fuller For NM Supreme Court, Kerry Morris For NM Supreme Court, B Johnson Judge - Ct App & Lee For NMCA",≤100
141865858147,Berkeley-Charleston-Dorchester Council of Governments,These ads ran without a disclaimer,≤100
661744180680367,National Police Association,"NATIONAL POLICE ASSOCIATION, INC.",≤100
124939484209078,Langevin for Congress,LANGEVIN FOR CONGRESS,≤100
142370046577999,Shahid Buttar for Congress,Shahid Buttar for Congress Committee,≤100
172552106115265,Patheos Evangelical,Patheos Evangelical,≤100
11234736860,Tom McClintock,McClintock for Congress,≤100
44948378512,Destiny Image Publishers,"DESTINY IMAGE, INC.",≤100
228194854286836,Kindness is Everything,SARA N FINGER-WARMUTH,≤100
1399736660066130,Jews for a Secular Democracy,Society for Humanistic Judaism,≤100
241621170478899,The Purpose of Allegiance,Harrison T Chung,≤100
211049239087028,Association of Young Americans,Benjamin J Brown,≤100
156919911022572,Steven Horsford,NEVADANS FOR STEVEN HORSFORD,≤100
139700496669066,1 VoteCloser,1 VoteCloser,≤100
9364828262,Citizens Against Government Waste,CITIZENS AGAINST GOVERNMENT WASTE,≤100
241247646424302,Jahana Hayes,FRIENDS OF JAHANA HAYES,≤100
260366367717440,Committee to Protect Medicare,Committee to Protect Medicare,≤100
1679521432262834,Physicians Grassroots Network,American Medical Association,≤100
1402827079932843,Low Income Relief,The Lighthouse Information Network LLC,≤100
1425435377743310,Conversations with Bill Kristol,The Foundation for Constitutional Government,≤100
110955507365144,Hunt For Red October,Stephen Paul Benoit,≤100
51359055679,LeadingAge,"LEADINGAGE, INC.",≤100
2030590757228019,Rev. Mark Creech,Mark Creech,≤100
101254941260967,Retake the House 2020,RETAKE THE HOUSE 2020,≤100
255486647814076,Penguin Kids,Penguin Random House,≤100
161186620643972,American Institute for Economic Research,AMERICAN INSTITUTE FOR ECONOMIC RESEARCH,≤100
15041226930,Oxfam,"OXFAM AMERICA, INC.",≤100
291260461373618,News and News,News and News,≤100
494259170754224,Keeping IDentities Safe,KEEPING IDENTITIES SAFE,≤100
318576225387055,Be Woke.Vote,Darrick Robert Angelone,≤100
102027764795677,American Wire,The USA Wire,≤100
181467702005600,Mark Warner VA,FRIENDS OF MARK WARNER,≤100
106524727819174,True Patriot Supply Co.,True Patriot Supply Co,≤100
317667194946264,Ro Khanna,RO FOR CONGRESS INC,≤100
341513602902369,CALL TO ACTIVISM,CALL TO ACTIVISM,≤100
111204039054580,Konni Burton,The Texan for Konni Burton,≤100
243947752771440,TJ Cox for Congress,TJ COX FOR CONGRESS,≤100
169204449790211,Conservative News Today,"BizPac Review, Inc.",≤100
102991041296417,Health Insurance Plan,These ads ran without a disclaimer,≤100
101295517956158,Tricia Zunker,Tricia Zunker for Wisconsin,≤100
100974431688974,Cletus Q. Public,These ads ran without a disclaimer,≤100
289753757748740,Sgt. Benjamin Anthony,Our Soldiers Speak,≤100
18017481462,Acton Institute,Acton Institute,≤100
269649219807333,Southampton Town - Government,"Town of Southampton, NY",≤100
112353730251154,Lovely gifts,These ads ran without a disclaimer,≤100
103646064618386,The Judge Show - James Judge,James Patrick Judge Jr.,≤100
2091194804252267,The Normal Anomaly,The Normal Anomaly Initiative,≤100
505653766599222,America First with Dr. Sebastian Gorka,Salem Media,≤100
2406972266252679,BloombergLaw,"BUREAU OF NATIONAL AFFAIRS, INC., THE",≤100
107710887461480,Yes on 109,PSI 2020,≤100
111536353963034,"Vote Him Out, Inc.",Vote Him Out,≤100
106245384043438,Tims For Congress,FRIENDS OF DESIREE TIMS,≤100
1156676274461345,Mikie Sherrill,MIKIE SHERRILL FOR CONGRESS,≤100
108066350761595,United Workers Party,United Workers' Party,≤100
101252258324890,The Con,Abramorama Inc.,≤100
1738627363100589,Respectful Exits,Respectful Exits,≤100
113335773562471,President Trump For Re-Election,Great American Era,≤100
606005623390941,Anti-Vax Watch,Anti-Vax Watch,≤100
180230069923,American Life League,American Life League,≤100
1905515863109983,Power In Cooperation,Power in Cooperation,≤100
868405419972384,The Outrage,The Outrage,≤100
648191342462625,Fashion shops,These ads ran without a disclaimer,≤100
1620901297968649,Aimy Steele for NC House 82,Paid by the committee to elect Aimy Steele for NC House District 82,≤100
111581113532778,Yes on 2: Ranked Choice Voting,Ranked Choice Voting 2020 Committee,≤100
110891467375018,Kinda Christian Show,Kinda Christian Show,≤100
467503009987109,"Healthy Forests, Healthy Communities","Healthy Forests, Healthy Communities",≤100
101391906600,Live Action News,Live Action News,≤100
638492549896672,Liberal Humans,Liberal Humans,≤100
113644103666790,America First,TruthLion,≤100
49059279814,Institute for Justice,INSTITUTE FOR JUSTICE,≤100
115700478533045,Progress North Carolina Action,Progress NC Action,≤100
121033149320,American Indian College Fund,"AMERICAN INDIAN COLLEGE FUND, THE",≤100
104917627885720,Love Beautiful Birds,These ads ran without a disclaimer,≤100
165566613453452,ERLC,ETHICS AND RELIGIOUS LIBERTY COMMISSION OF THE SOUTHERN BAPTIST,≤100
107638384248580,Our America,Bryant Wayne Young,≤100
1488803804538481,Mike Siegel,MIKE SIEGEL FOR CONGRESS,≤100
114301413446447,Kennebunkport Climate Initiative,Kennebunkport Climate Initiative,≤100
44340057816,Uncommon Goods,UncommonGoods,≤100
441381813042465,Boundary Waters Action Fund,Boundary Waters Action Fund,≤100
53674651369,Susan B. Anthony List,"Premiere Marketing, Inc.",≤100
223620648519536,Jackson Lahmeyer,Jackson Rhodes Lahmeyer,≤100
1437429989675914,Huckabee,"TRINITY BROADCASTING NETWORK, INC.",≤100
265045056894488,Mark Meckler,Convention of States Action,≤100
1784991421516214,Seek Refuge,Seek Refuge,≤100
48530203934,The American Alpine Club,"AMERICAN ALPINE CLUB, THE",≤100
108551467486050,Itoroo,These ads ran without a disclaimer,≤100
498441453550795,Jean Guerrero,Jean Carolyn Guerrero,≤100
102336501236330,Alliance for an Affordable DC,The American Beverage Association. Brought to you by the Alliance for an Affordable DC.,≤100
7148723514,Sundance Film Festival,SUNDANCE INSTITUTE,≤100
36634376117,HarperKids Books,HARPERCOLLINS PUBLISHERS LLC,≤100
109905900573403,BuzzVote2020,Bruce Edward Spector,≤100
100911481267154,"Luke Gromen - FFTT, LLC","FFTT, LLC",≤100
197374340229,E2 - Environmental Entrepreneurs,E2 (Environmental Entrepreneurs),≤100
2477925168899669,The Renew Democracy Initiative,"The Renew Democracy Initiative, Inc",≤100
109609147465063,Elect Kevin S. Gordon - Cleveland County Commissioner,Kevin Scott Gordon,≤100
101042758281184,Reading On the Right,Macmillan Publishing,≤100
751679868274074,Hope for Students,THE EXPECTATIONS PROJECT INC,≤100
103222211467991,Sourcestream,SourceStream,≤100
1439364926329185,Animal Matters,Animal Matters,≤100
118059502224502,Sam Edney,Sam Edney for NC House,≤100
88420987112,Gaston County Republican Party,The Gaston County Republican Party,≤100
2445977128754556,Georgia Air National Guard Recruiting,Air National Guard,≤100
973744915977481,Concerted Action,Blue Bulldog Digital inc.,≤100
723113964421686,Justice for Christian Griggs,Dollie Sturdivant Griggs,≤100
107199049318619,Friends of Derek Kilmer,PEOPLE FOR DEREK KILMER,≤100
165388103495688,N.C. League of Municipalities,John Gorman Cassidy,≤100
51533142540,Public Advocate of the U.S.,PUBLIC ADVOCATE OF THE US,≤100
5457479962,Diabetes Daily,Thrivable,≤100
114623860329716,Daily Positivity Newsletter,John Phillip Angelo Vergara,≤100
671319133290449,Walt Benson for Bernalillo County Commission District 4,Walt Benson for Bernalillo County Commission,≤100
101366834743111,Staunch Moderates,Gregory Todd Simmons,≤100
114971076538782,The Keystone,"Courier Newsroom, Inc.",≤100
103937071420441,Charlotte Citizen,Charlotte Citizen,≤100
124793512644293,Best Days Ahead,BEST DAYS AHEAD,≤100
1925751504337881,MJ Hegar,MJ FOR TEXAS,≤100
1668350569891953,Rainbow Movement,William James Ulrich,≤100
109186244232765,The Liberty Club,Cindy None Dao,≤100
105005007820682,NeSmith Political Consulting Firm,Antonious Demetrus Nesmith,≤100
682990071843813,Center for the Study of Liberty,Center for the Study of Liberty,≤100
195620754724,Helping Hand USA,HELPING HAND FOR RELIEF AND DEVELOPMENT INC.,≤100
105882964535390,Cats Against Trump,Cats Against Trump,≤100
1745418332339003,Aspire Gear,Aspire Gear,≤100
100729641303493,ICount NM,I Count New Mexico,≤100
278052172260101,ZERO TO THREE,ZERO TO THREE,≤100
345751305447288,Daugherty Water for Food Global Institute,Daugherty Water for Food Global Institute,≤100
490374428003966,Oklahomans For Energy Options,Oklahomans For Energy Options,≤100
70874333603,CatholicVote,CatholicVote,≤100
245711905631405,Jeff Jackson,Jeffrey Jackson,≤100
1919225904819438,Chinese Lantern Festival,"China Lantern International, LLC DBA Zigong Lantern Group",≤100
219457576170706,Patriotic Volunteers,Harrison T Chung,≤100
105782303616,North Carolinians Against Gun Violence,"NORTH CAROLINIANS AGAINST GUN VIOLENCE EDUCATION FUND, INC.",≤100
1549009352000546,SchiffGold,SchiffGold,≤100
6165653060,AFSCME,AMERICAN FEDERATION OF STATE COUNTY & MUNICIPAL EMPLOYEES,≤100
192432382128,Myce,These ads ran without a disclaimer,≤100
16534314739,Facing History and Ourselves,"FACING HISTORY AND OURSELVES NATIONAL FOUNDATION, INC.",≤100
1945837408977507,Michael Moates,-MICHAEL STEVEN MOATES,≤100
1890172464541866,"Together Freedom, Inc.",These ads ran without a disclaimer,≤100
103694317846862,Making Congress Great Again,Making Congress Great Again,≤100
49275915266,Marie Stopes International,MSI-US,≤100
1095198217308203,The Progress Collaborative,Julian Diaz,≤100
202200909969136,Diane Dixon,Dixon for Assembly 2020,≤100
69039563201,Open Doors USA,"OPEN DOORS WITH BROTHER ANDREW, INC.",≤100
97466887664,Innocence Project,"INNOCENCE PROJECT, INC., THE",≤100
10234472029,Council on Foreign Relations,Council on Foreign Relations,≤100
18492769291,Faithful America,Faithful America,≤100
551158678560402,Epimonia,Epimonia LLC,≤100
207268325970395,Colin Schmitt,Schmitt4NY,≤100
1789962974566691,totBoxx,totBoxx LLC,≤100
108281434237351,UBS Financial Services Inc.,UBS Financial Services,≤100
106325754488603,Vote for Joe South Carolina,Vote for Joe South Carolina,≤100
588762121302996,Black Superwoman Chronicles,Delisha Denise Sylvester,≤100
317894938412949,Suntory,Suntory Holdings Limited,≤100
102221728157751,1trilln9ne,These ads ran without a disclaimer,≤100
109200595768753,The Christian Left,The Christian Left,≤100
1835838916635491,Transamerica Center for Health Studies,Transamerica Center for Health Studies,≤100
21999960184,Operation Blessing,Operation Blessing,≤100
911829795826330,Mark Penn Polls,AIRSNEXT Media,≤100
612701059241880,Latinos for Trump,TRUMP MAKE AMERICA GREAT AGAIN COMMITTEE,≤100
109414190833618,Bob Sweetin for Mayor,Committee to Elect Bob Sweetin,≤100
134444081350672,DT Frat House,DT Frat House,≤100
150681061641282,Tri-State G&T,Tri-State Generation Transmission Association Inc,≤100
1311291038982513,2A Gear,Teecreations LLC,≤100
102796944877926,Black Men for Trump,Black Men for Trump,≤100
299295363912730,New Politics Leadership Academy,New Politics Leadership Academy,≤100
154510321337994,Chris Pappas for Congress,CHRIS PAPPAS FOR CONGRESS,≤100
358930818155832,Ava Blaze Apparel Co.,Antoinette Kathleen Adkins,≤100
304062610300415,VozWire,Gregson E Mathe,≤100
2070944712939738,American Police Officers Alliance,American Police Officers Alliance,≤100
1424655311129385,Proud Pour,Proud Pour,≤100
761026730951792,Lori Lightfoot,Lightfoot for Chicago,≤100
64206021703,National Committee to Preserve Social Security and Medicare,NATIONAL COMMITTE TO PRESERVE SOCIAL SECURITY AND MEDICARE,≤100
591072964851649,Spades - Classic Card Game,These ads ran without a disclaimer,≤100
180060629247353,Elaine Luria for Congress,ELAINE FOR CONGRESS,≤100
36999871079,Survivors of the Abortion Holocaust,Survivors,≤100
87777747127,Greg Palast,Palast Investigative Fund,≤100
1399926390134311,Nature's Generator,Huntkey USA Inc,≤100
624480958018698,Front Of The Pack,These ads ran without a disclaimer,≤100
631555360821184,David Greene for Ward 3 Dover State Representative,David Greene,≤100
1832744013698336,Mahogany Mommies,Mahogany Mommies,≤100
294356100899,SermonCentral,Outreach Media Group,≤100
1536587453277219,Dr. Steve Turley,Turley Talks LLC,≤100
190432558377055,Jeannine Lee Lake for Indiana,LAKE FOR CONGRESS,≤100
497081420632330,Dr. Hiral Tipirneni,HIRAL FOR CONGRESS,≤100
24014374813,Christians United for Israel (CUFI),Christians United for Israel,≤100
615854911830541,Shore Buddies,PB 1904 International LLC dba Shore Buddies,≤100
1642386799323957,Angie Craig,ANGIE CRAIG FOR CONGRESS,≤100
2223151871134889,Trump45Merch,Thomas Charles Granack,≤100
2343807509211237,American Patriot Supply Co,Kevin Lewis Mooneyhan,≤100
922580991129339,People's Mojahedin Organization of Iran - MEK IRAN,MEK-Iran (Saeid Saadati),≤100
100645541728080,Blue America Project,BLUE AMERICA PROJECT,≤100
60261764250,Childhelp,"CHILDHELP, INC.",≤100
102478528086004,Reading On the Left,St. Martin's Press,≤100
112230466965874,Vote Like a Woman,PEOPLE FOR PEOPLE,≤100