﻿Page ID,Page Name,Disclaimer,Amount Spent (USD)
7860876103,Joe Biden,BIDEN VICTORY FUND,2750
156968474833352,Stop Republicans,Stop Republicans,1044
153080620724,Donald J. Trump,TRUMP MAKE AMERICA GREAT AGAIN COMMITTEE,860
96935476345,Democratic Governors Association (DGA),Democratic Governors Association,835
158753614632566,The Womxn Project HQ,The Womxn Project,766
1615018905412860,Progressive Turnout Project,PROGRESSIVE TURNOUT PROJECT,740
108824017345866,Facebook,"Facebook, Inc.",624
126466837372807,1199 SEIU Rhode Island,SEIU Healthcare 1199NE,560
2580750575289726,Raise the Bar on Resident Care,SEIU Healthcare 1199NE,380
925007000949719,ExxonMobil,Exxon Mobil Corporation,305
127755494595870,Progressive Takeover,PROGRESSIVE TAKEOVER,294
1771156219840594,Team Trump,TRUMP MAKE AMERICA GREAT AGAIN COMMITTEE,212
109837357426646,Maria Bucci for Mayor of Cranston,Bucci for Mayor,198
624703557992005,Rhode Island Census 2020,Rhode Island Complete Count Committee,197
172758932738142,PhRMA,PHARMACEUTICAL RESEARCH AND MANUFACTURERS OF AMERICA,197
202626512363,U.S. Census Bureau,U.S. Census Bureau,191
20787991568,Senate Democrats,DSCC,184
101279451606075,Democratic Strategy Institute,Democratic Strategy Institute,171
96935476345,Democratic Governors Association (DGA),DEMOCRATIC ACTION,168
124939484209078,Langevin for Congress,LANGEVIN FOR CONGRESS,162
6726182861,Mike Pence,TRUMP MAKE AMERICA GREAT AGAIN COMMITTEE,161
1635441679872518,Kimberly Klacik,Kim Klacik for Congress,161
328072970642479,Jaime Harrison,JAIME HARRISON FOR US SENATE,126
830121337093232,National Democratic Training Committee,NATIONAL DEMOCRATIC TRAINING COMMITTEE PAC,102
100391581727524,Defeat By Tweet,DEFEAT BY TWEET,101
136970253008258,Steve Stycos for Mayor,Friends of Steve Stycos,≤100
1316372698453411,Alexandria Ocasio-Cortez,Alexandria Ocasio-Cortez for Congress,≤100
7860876103,Joe Biden,BIDEN FOR PRESIDENT,≤100
105756057589080,The Lincoln Project,The Lincoln Project,≤100
109814333905287,RIght from the Start,RIght from the Start,≤100
110424737363776,Dylan Conley for Congress,DYLAN CONLEY FOR CONGRESS,≤100
328853823844484,Balance of Power,Balance of Power,≤100
9324910069,NRSC,NRSC,≤100
935745513177754,Elect David Norton - Mayor of Pawtucket,David F Norton,≤100
2330577043935831,Sara Gideon,SARA GIDEON FOR MAINE,≤100
665345483483486,NRA - National Rifle Association of America,NATIONAL RIFLE ASSN OF AMERICA,≤100
165987503528599,Lindsey Graham,"TEAM GRAHAM, INC.",≤100
109092142462587,Adam Schiff,SCHIFF FOR CONGRESS,≤100
114710126648118,Republican Dogs,Republican Dogs,≤100
1479536935641930,Fall River Raw,These ads ran without a disclaimer,≤100
791543660926838,"I'll go ahead and keep my guns, Thanks",2A4LIFE LLC,≤100
700806360047982,CFG Action,Club for Growth Action,≤100
153558858555540,Michael J. McCaffrey,Michael J. McCaffrey for State Senate,≤100
163148530407080,Captain Mark Kelly,MARK KELLY FOR SENATE,≤100
57259033959,AARP,AARP,≤100
207985279219826,AARP Rhode Island,AARP,≤100
111445343958423,Brian Dunckley,Friends of Brian Dunckley,≤100
263925727303787,Ewa Dzwierzynski for Narragansett Town Council,Friends of Ewa Dzwierzynski,≤100
168051710543266,Lacy Johnson,Lacy Johnson for Congress,≤100
7976226799,The Daily Show,Comedy Central,≤100
33713453361,Amazon Prime Video,Amazon Prime Video,≤100
7292655492,MoveOn,MOVEON.ORG POLITICAL ACTION,≤100
879713932236690,Gregory Mancini for Town Council,Friends of Gregory Mancini,≤100
103216521432154,Aaron Mackisey,Friends of Aaron Mackisey,≤100
2267285956849056,Donald Trump 2020 Fans,I Love My Freedom,≤100
18982436812,ACLU,American Civil Liberties Union,≤100
127225910653607,PragerU,PragerU,≤100
106244251043808,Reuse Plastics,"AMERICAN CHEMISTRY COUNCIL, INC.",≤100
2352630938293825,Mytacticalpromos,Entremax,≤100
21472760578,C-SPAN,C-SPAN,≤100
104159368020874,Mita 2020,Mita for Rhode Island,≤100
228754857151053,House Majority PAC,House Majority PAC,≤100
602714436529710,End Citizens United,END CITIZENS UNITED,≤100
346449592531765,Mark McKenney,Friends of Mark McKenney,≤100
118303441570966,Home Ownership Matters,NATIONAL ASSOCIATION OF REALTORS,≤100
176789922364429,Steve Daines,STEVE DAINES FOR MONTANA,≤100
2353537341582545,Proud Patriots,Proud Patriots,≤100
103519601288034,Zannetos for Congress,Zannetos for Congress,≤100
106663044307859,Mike Sievert,"T-MOBILE USA, INC.",≤100
5435784683,Greenpeace USA,"GREENPEACE, INC.",≤100
8492293163,Environmental Defense Fund,Environmental Defense Fund,≤100
20531316728,Facebook App,"Facebook, Inc.",≤100
104856814505092,The Kids Guide,The Kids Guide,≤100
259130650776119,Mitch McConnell,MCCONNELL SENATE COMMITTEE,≤100
6204742571,Sierra Club,SIERRA CLUB,≤100
7483836629,Ancestry,Ancestry.com Operations Inc.,≤100
277005566267077,Blueland,Blueland,≤100
92925746942,Judicial Watch,Judicial Watch,≤100
210357995667559,The National Memo,The National Memo,≤100
114625730266879,Republican Voters Against Trump,Defending Democracy Together,≤100
314499212242,Pfizer,Pfizer Inc.,≤100
158791100909689,Concerned Veterans for America,Concerned Veterans for America,≤100
728080537326482,The United State of Women,CIVIC NATION,≤100
7833534974,Florida Democratic Party,Florida Democratic Party,≤100
159964696102,Kevin McCarthy,KEVIN MCCARTHY FOR CONGRESS,≤100
747436915270894,Congressional Leadership Fund,CONGRESSIONAL LEADERSHIP FUND,≤100
100668898359994,Michaud for Council at Large,Michaud for Newport,≤100
8934429638,Planned Parenthood Action,Planned Parenthood Action Fund,≤100
111428049989,Cal Cunningham,CAL FOR NC,≤100
717115395103069,PrintedKicks,Printed Kicks,≤100
934438026690635,YouGov,YOUGOV AMERICA INC.,≤100
97493741436,John W. Hickenlooper,HICKENLOOPER FOR COLORADO,≤100
103597604713894,Team Trump Store,TRUMP MAKE AMERICA GREAT AGAIN COMMITTEE,≤100
309308412520731,Sandy Hook Promise,Sandy Hook Promise,≤100
8934429638,Planned Parenthood Action,Planned Parenthood Votes,≤100
393932827634250,Dissent Pins,Common Practice,≤100
167586229923327,World Food Program USA,World Food Program USA,≤100
1449461518652183,4Patriots,4Patriots LLC,≤100
429933310781281,"Brown Physicians, Inc.","Brown Physicians, Inc.",≤100
23875187730,Feeding America,Feeding America,≤100
30139072158,CARE,CARE,≤100
1382195548475373,Maria Rivera For Mayor,Maria Rivera for Mayor,≤100
373814729643508,Let America Vote,LET AMERICA VOTE PAC,≤100
628191587512029,State Senator Sam Bell,Friends of Sam Bell,≤100
18813753280,Human Rights Campaign,"HUMAN RIGHTS CAMPAIGN, INC",≤100
342294162453301,Planned Parenthood,Planned Parenthood Federation of America,≤100
17203056985,Partners In Health,Partners In Health,≤100
1527563887565895,Allen Waters for U.S. Senate,THE WATERS COMMITTEE,≤100
1115289325204388,Paul Jones for North Smithfield,Friends of Paul M Jones,≤100
475634799532855,PANGAIA,These ads ran without a disclaimer,≤100
197760674021143,Indivisible Guide,INDIVISIBLE ACTION,≤100
221988435064822,Senator Harold M. Metts,Friends of Harold M. Metts,≤100
107210084216238,Humanity Forward,Humanity Forward,≤100
178835922297833,American Clinical Laboratory Association,American Clinical Laboratory Association,≤100
111393882812494,Amy McGrath,"AMY MCGRATH FOR SENATE, INC.",≤100
1316372698453411,Alexandria Ocasio-Cortez,THE SQUAD VICTORY FUND,≤100
104614641200137,MeidasTouch,MEIDASTOUCH,≤100
36160848633,PicturesOnGold.com,Daniel F Schifter,≤100
8325302025,Friends of the Earth U.S.,Friends of the Earth,≤100
103009074622196,Revenue for Rhode Island,Revenue for Rhode Island,≤100
100256754899828,Patriot's Cave,Patriots Cave,≤100
318590061526721,Michael Farina - For Cranston's Future,Friends of Michael Farina,≤100
19192438096,AAAS - The American Association for the Advancement of Science,American Association for the Advancement of Science,≤100
309798029121030,Everytown for Gun Safety,Everytown for Gun Safety Action Fund Inc,≤100
322551718276442,Lemons Are Blue,Lockwell LLC,≤100
278490715553293,Martha McSally,MCSALLY FOR SENATE INC,≤100
232340434641674,Steven Ferrandi for Narragansett Town Council,Steven Ferrandi for Narragansett Town Council,≤100
102478061559294,Convention on Founding Principles,Convention on Founding Principles,≤100
605168822998856,314 Action,314 ACTION FUND,≤100
85452072376,Newsmax,Newsmax Media,≤100
24330467048,Americans for Prosperity,AMERICANS FOR PROSPERITY,≤100
107654924064350,Pat Timmons-Goodson,PATRICIA TIMMONS-GOODSON FOR CONGRESS,≤100
108273884315449,Real American Patriot,Gold Sky Ventures LLC,≤100
24413227922,Kamala Harris,BIDEN VICTORY FUND,≤100
109379100777665,Patriotism Isn't Dead,Patriot Polling,≤100
108794587327155,Good Programs 2020,Trevor Dale Seaks,≤100
749147398624403,Cliff Notes by Mike Clifford,Michael Clifford,≤100
258307428099880,Jon Brien for Mayor,Jon D Brien,≤100
8047221596,Save the Children US,"SAVE THE CHILDREN FEDERATION, INC.",≤100
163302087408673,Stop The Donald,Stop the Donald,≤100
100137754724934,Trump 2020 Supporters,Proud Right Winger,≤100
1549361468659701,Representative Joseph McNamara,Friends of Joe McNamara,≤100
105577974544303,The USA Needs More Patriots,AmeriPolling,≤100
461204744067686,Family Protection Association,Family Protection Association,≤100
100912598350185,Bob Morris for Senate District 15,Friends of Bobby Morris for Senate,≤100
1128468833877262,Leave It to Kliever - Candidate for North Kingstown Town Council,John Kliever,≤100
1439829396312534,The Movement for Black Lives,Movement for Black Lives,≤100
25852730092,Care2,Care2 Inc,≤100
103036584847574,The Good Neighbor,Brandon Vu,≤100
1336293769761923,Jon Ossoff,JON OSSOFF FOR SENATE,≤100
105577974544303,The USA Needs More Patriots,Anthony Alexander Morales,≤100
27311599342,Preemptive Love,Preemptive Love Coalition,≤100
102029768239905,Michael Millen Jr. for Narragansett Town Council,Michael Millen Committee to Elect,≤100
102916288137405,The Daily Republican,USA Movements LLC,≤100
1419388578092947,Anna Paulina Luna,ANNA PAULINA LUNA FOR CONGRESS,≤100
108040860966923,Gina Giramma for RI State Representative District 34,Friends of Gina Giramma,≤100
6041057841,The Humane Society of the United States,"HUMANE SOCIETY OF THE UNITED STATES, THE",≤100
236369846383459,Congressional Black Caucus PAC,Congressional Black Caucus PAC,≤100
1883837055193241,Shield Republic,Shield Republic,≤100
302246423606234,BECMA,BLACK ECONOMIC COUNCIL OF MASSACHUSETTS INC,≤100
51405613519,Focus on the Family,Focus on the Family,≤100
263891677826490,Earthsider,Ryan James Martin,≤100
834645469890446,Devin Nunes,DEVIN NUNES CAMPAIGN COMMITTEE,≤100
100233228182981,Madison Cawthorn for Congress,CAWTHORN FOR NC,≤100
184347775517856,Quick Medigap,These ads ran without a disclaimer,≤100
1456310534453054,Veteran Loans Online,"LMB OpCo, LLC",≤100
1061240530648502,Joe Collins,JOE COLLINS FOR CONGRESS,≤100
596556607135301,The Earthling Co.,The Earthling Co.,≤100
70995214846,Business Roundtable,Business Roundtable,≤100
14413545701,Conservation Law Foundation,"CONSERVATION LAW FOUNDATION, INC.",≤100
356482637745012,Stansberry Research,Stansberry Research,≤100
105732744375701,Steve Bullock,MONTANANS FOR BULLOCK,≤100
1614690395258056,Into Action,Into Action,≤100
7263476274,Mercy Corps,Mercy Corps,≤100
1809078699219595,Fat Tire,"NEW BELGIUM BREWING COMPANY, INC.",≤100
103185334702225,Stop Trump PAC,STOP 45 PAC,≤100
10423517786,Harvard Business Review,HARVARD BUSINESS SCHOOL PUBLISHING CORPORATION,≤100
675471506247724,Adair for Congress,ADAIR FOR CONGRESS,≤100
111564220280298,Lenny Cioe for RI,Friends of Lenny Cioe,≤100
103730928025980,Safe and Sound In 2020,Kin Ngai Yeung,≤100
419237048158257,Susan Collins,COLLINS FOR SENATOR,≤100
104142543758770,Campaign Zero,We The Protesters,≤100
8501031021,VoteVets.org,VOTEVETS,≤100
132492254050920,American AF,AAF Nation,≤100
219612384781411,Bloomberg Philanthropies,Bloomberg Philanthropies,≤100
7145381235,American Jewish World Service - AJWS,"AMERICAN JEWISH WORLD SERVICE, INC.",≤100
585942765164217,Elect Democratic Women,ELECT DEMOCRATIC WOMEN,≤100
142992759853421,Be A Hero,BE A HERO PAC,≤100
788394134539871,USPS Business,United States Postal Service,≤100
1097705673681501,Adam Scanlon,The Committee to Elect Adam Scanlon,≤100
101210588150219,Boy Scouts Abuse Claims,X Social Media LLC,≤100
305832706292882,American Gun Association,GunAssociation.org,≤100
481559282597914,TrumpersUnite,Respect The Look,≤100
156994304362574,American Bridge 21st Century,AB PAC,≤100
211826418997475,Rhode Island Coalition Against Gun Violence,Rhode Island Coalition Against Gun Violence,≤100
38235851310,USA for UNHCR,UNITED STATES ASSOCIATION FOR UNHCR,≤100
120448873031387,Our United Family,Daniel Wang,≤100
104186198004629,Henry "Rick" Lombardi For RI District 74,Austin E Flaherty,≤100
192015461630968,Supporting Our Brave Veterans,James Brian Plouf,≤100
116222966843926,US Concealed,US Concealed,≤100
226194397526109,Sunrise Providence,Sunrise Providence PAC,≤100
839110726214614,Realtors,NATIONAL ASSOCIATION OF REALTORS,≤100
113666459994300,Big Dan Rodimer for Congress,RODIMER FOR CONGRESS,≤100
101127364972509,Dems For USA,Dems For USA,≤100
1836138529938551,Greater Half,Greater Half,≤100
355316521236121,John Cornyn,TEXANS FOR SENATOR JOHN CORNYN INC.,≤100
143986912311328,University of Vermont Continuing and Distance Education,University of Vermont,≤100
1747373018840736,Meghan Kallman for State Senate,Friends of Meghan Kallman,≤100
679171239164792,Supermajority,Supermajority,≤100
102096261303949,Stuart Wilson for RI,COMMITTEE TO ELECT STUART WILSON,≤100
971668776283950,PolicyEd,Hoover Institution,≤100
110018833813683,Flip the Senate,SMP,≤100
106224464107240,Jo Jorgensen,Jo Jorgensen for President,≤100
598924810530984,Keeping America Great,FamTeeWorld,≤100
49651563727,Live Action,Live Action,≤100
103315378108004,True Patriot Strength,LE-HUU DONG HUYNH,≤100
257019421075897,Cory Gardner,Cory Gardner for Senate,≤100
102671331487937,I Love My Freedom Store,I Love My Freedom,≤100
2037695643113766,Blexit,Blexit Foundation,≤100
327837911149503,2A4Life,2A4LIFE LLC,≤100
38471053686,Elizabeth Warren,"WARREN DEMOCRATS, INC.",≤100
1121064611564743,"Kendra Anderson for RI State Senate, District 31",Friends of Kendra Anderson,≤100
16477459734,League of Conservation Voters,"LEAGUE OF CONSERVATION VOTERS, INC",≤100
280704452367167,Jason Crow,JASON CROW FOR CONGRESS,≤100
30708742052,FCTRY,FCTRY,≤100
105477791246645,Rick Lema for Narragansett Town Council,Rick Lema for Narragansett Town Council,≤100
7962229886,Environmental Working Group,ENVIRONMENTAL WORKING GROUP,≤100
6820348410,Kirsten Gillibrand,Off the Sidelines,≤100
105010030848236,Bryant Cameron Webb,DR. CAMERON WEBB FOR CONGRESS,≤100
1917715138510680,Follow Your Legend,Legend Bracelet,≤100
111168783611294,Jesse Mermell for Congress,THE COMMITTEE TO ELECT JESSE MERMELL,≤100
36474716066,Color Of Change,ColorofChange.org,≤100
27544763621,Prison Fellowship,Prison Fellowship,≤100
18709174006,National Audubon Society,"NATIONAL AUDUBON SOCIETY, INC.",≤100
1799282383731277,TwoSeventy,Alexander Jared Deutsch,≤100
780941275347834,Ilhan Omar,ILHAN FOR CONGRESS,≤100
8550121410,Free Speech America Project,MEDIA RESEARCH CENTER,≤100
193618220508,LIFE Today,LIFE Outreach International,≤100
1438808983108348,BOLD PAC,CHC BOLD PAC,≤100
15188122178,The Hamilton Collection,The Hamilton Collection,≤100
493811210669780,Creative Action Network,Creative Action Network,≤100
977704775606273,Balls Deep Tackle,Balls Deep Tackle,≤100
1433096046934338,Nicholas Delmenico For RI State Rep.,Friends of Nicholas Delmenico,≤100
681745912255844,John Cummings for Congress,CUMMINGS FOR CONGRESS,≤100
303167829786891,Ed Markey,THE MARKEY COMMITTEE,≤100
169294473121454,Policetees.com,PoliceTees.com,≤100
103015757910253,Carbone for Cranston 2020,Carbone for Cranston,≤100
5720973755,Defenders of Wildlife,DEFENDERS OF WILDLIFE,≤100
634027087227772,Unite To Win,Unite to Win,≤100
331037760381749,Sierra Magazine,SIERRA CLUB,≤100
6820348410,Kirsten Gillibrand,Gillibrand for Senate,≤100
72186095846,Center For American Progress Action Fund,Center for American Progress Action Fund,≤100
41309865723,Democrats.com,DEMOCRATS.COM,≤100
15687409793,World Wildlife Fund,World Wildlife Fund,≤100
1338822066131069,Women's March,Women's March,≤100
17911165812,Covenant House International,Covenant House,≤100
443329669123990,USAFacts,USAFacts Institute,≤100
21375324480,The Heritage Foundation,HERITAGE FOUNDATION (THE),≤100
109176630847097,Marlena for District 6 Pawtucket,Friends of Marlena Martins Stachowiak,≤100
6593503709,Gabby Giffords,GIFFORDS PAC,≤100
104170004713256,Elect Black Democrats,THE COLLECTIVE PAC,≤100
209516845093,NRDC Action Fund,NRDC Action Fund,≤100
405469100189512,Still My President - Donald Trump,Red State Politics LLC,≤100
2078647579047586,Project Pulso,Project Pulso,≤100
449474941903579,Andrew Flowers for State Representative,Andrew Flowers for State Representative,≤100
292351509697,Jerusalem Prayer Team,Jerusalem Prayer Team,≤100
419992651425033,Guardianes del Pueblo-Consumer Law Group,Consumer Law Group,≤100
2196281620653830,Footprint,Footprint LLC,≤100
629732217415068,Republican Party,Greater Half,≤100
5887538795,Education Week,Education Week,≤100
1443127535947107,Save the Children Action Network,Save the Children Action Network,≤100
169597416843751,Stand Up America,Stand Up America,≤100
1194865807192273,Conservative Gear,Outergoods LLC,≤100
107424894413326,Tio Bernie Book,Tio Bernie Book,≤100
106667854471975,Outspoken,Log Cabin Republicans,≤100
737686089933715,Conservative Collections,Mainline Media Group,≤100
433919203362871,Bird + Stone,BIRD & STONE INC,≤100
181183059253295,Dorsal Bracelets,Dorsal Bracelets,≤100
195530355493,Chicks On The Right,Chicks on the Right,≤100
101075798356272,ReOpen America Now,Command Center Holdings LLC,≤100
746938465317981,Nuclear Matters,Nuclear Matters,≤100
109111900634787,Reverend Raphael Warnock,WARNOCK FOR GEORGIA,≤100
107398241021186,The John Lewis Bridge Project,John Lewis Bridge Project,≤100
2012750189007245,Liquid Death Mountain Water,Liquid Death,≤100
21559454473,FAIR,FEDERATION FOR AMERICAN IMMIGRATION REFORM,≤100
105849717625995,Ben Sigel for Congress,BEN SIGEL FOR CONGRESS,≤100
643463669628493,Public Opinion Research Group,"Public Opinion Research Group, Inc",≤100
6231686654,Compassion International,"COMPASSION INTERNATIONAL, INCORPORATED",≤100
1109093812491437,Blaze Media,Blaze Media LLC,≤100
206677396413254,Abortion On Our Own Terms,Abortion On Our Own Terms,≤100
223008867858902,American Action News,American Action News,≤100
106140571085743,Natalia For Congress,NATALIA LINOS FOR CONGRESS,≤100
137459917707,The Brookings Institution,The Brookings Institution,≤100
232201568659,Pacific Justice Institute,PACIFIC JUSTICE INSTITUTE,≤100
308159713150350,Voter Protection Project,VOTER PROTECTION PROJECT,≤100
213792049451918,Stand For America,Stand For America Inc,≤100
11791104453,NRDC,Natural Resources Defense Council,≤100
129255907131113,NumbersUSA,NUMBERSUSA EDUCATION AND RESEARCH FOUNDATION,≤100
102875587947942,Keep Trump In Office,Keep Trump In Office,≤100
110439270638992,NE1else,Time Management LLc,≤100
101278694809805,Meme2020,Meme2020,≤100
560140464159364,Stand for the 2nd Amendment,SFT2 Tactical Supply,≤100
104934207736995,Paycheck to Paycheck,Center for American Progress Action Fund,≤100
46093654473,National Republican Congressional Committee,NRCC,≤100
1600352356914768,PushBlack,PushBlack,≤100
101591551371555,Fire Mitch. Save America.,SAVE AMERICA FUND,≤100
1667892193505378,Hold the House,HOLD THE HOUSE PAC,≤100
10128918116,Gavin Newsom,NEWSOM FOR CALIFORNIA GOVERNOR 2022,≤100
101136147910784,Represent Justice,Represent Justice,≤100
156268994819596,Marc J. Bern & Partners LLP,Marc J. Bern & Partners LLP,≤100
7814597100,Jim Jordan for Congress,JIM JORDAN FOR CONGRESS,≤100
388547605724,Richard Neal,RICHARD E NEAL FOR CONGRESS COMMITTEE,≤100
101525774999212,BLM,Bryan Daley,≤100
149081336362,AmeriCorps VISTA,Corporation for National and Community Service,≤100
202286639832171,Dr. Robert Jeffress,FIRST BAPTIST CHURCH DALLAS,≤100
102592959026,Ocean Conservancy,"OCEAN CONSERVANCY, INC.",≤100
35169196082,Project HOPE,"PROJECT HOPE-THE PEOPLE-TO-PEOPLE HEALTH FOUNDATION, INC.",≤100
530604487365010,Old Glory Flagpole Kits,Service First Flag Poles,≤100
153678684700451,American Investment Council,AMERICAN INVESTMENT COUNCIL,≤100
117144508670456,GUNVOTE,National Shooting Sports Foundation,≤100
296295018082,AARP en Español,AARP,≤100
470241276500901,Women Vote,WOMEN VOTE!,≤100
1010143499143169,Medicare Savings,"Mayo Labs, LLC",≤100
1136436273201082,"John Donegan, Cranston City Councilor",Friends of John Donegan,≤100
1658135304460341,MANG,MANG,≤100
169130743498585,Tactical Pro Supply,Chad Keller,≤100
316887658336677,My Control Card,"NETSPEND HOLDINGS, INC.",≤100
683872625157265,Theresa Greenfield,THERESA GREENFIELD FOR IOWA,≤100
10150100007820094,Wendy Davis,WENDY DAVIS FOR CONGRESS,≤100
357554791340788,Liker,Omar Rivero,≤100
53541257714,The Arc of the United States,The Arc with Facebook Ad Credits,≤100
1079789672084038,SimonBooks,Simon & Schuster,≤100
1014486318584089,Armed American Supply,Armed American Supply,≤100
112600915451330,No Labels,No Labels,≤100
56680318666,Illinois Policy,Illinois Policy,≤100
109320440856128,Together Beat Hate,"Foundation to Combat Anti-Semitism, Inc.",≤100
1730309670590318,Acosta for RI,Friends of Jonathon Acosta,≤100
111023584012681,Open Road Homeward,Samantha Lyn Weldon,≤100
420785874975425,Conservative Institute,The Conservative Institute,≤100
131306317680000,Social Goods,"Social Goods, LLC",≤100
530604487365010,Old Glory Flagpole Kits,Service First,≤100
779309092233298,Ben Crump,X Social Media,≤100
157141541001601,Rhode Island Right to Life Committee,"Rhode Island State Right to Life Committee, Inc.",≤100
42872222699,Dana Loesch,Dana Loesch Radio,≤100
302182941354,AARP Advocates,AARP,≤100
6500552187,Hulu,"HULU, LLC",≤100
267180743723148,National Geographic Society,National Geographic Society,≤100
342887442508723,Convention of States,Convention of States Action,≤100
1555447934572819,Melanie DuPont for State Senate,Friends of Melanie DuPont,≤100
130467958471,Jason Lewis,Jason Lewis for Senate,≤100
586751814690068,Joni Ernst,Joni for Iowa,≤100
105084617912738,PatriotQuizzes,patriotquizzes.com,≤100
105459947922475,Sheldon Law Group,Sheldon Law Group,≤100
628891490457484,Nancy Mace,Nancy Mace for Congress,≤100
303061950155375,John James,"JOHN JAMES FOR SENATE, INC.",≤100
202600839762879,I Am Pro-Life,Focus on the Family,≤100
1204754733024419,People's Power Grab,ACRONYM,≤100
15239367801,The Wilderness Society,"WILDERNESS SOCIETY, THE",≤100
260366367717440,Committee to Protect Medicare,Committee to Protect Medicare PAC,≤100
103030961522069,Nice Tee,These ads ran without a disclaimer,≤100
6236054211,Brady,Brady Campaign to Prevent Gun Violence,≤100
176466646087311,DC Fawcett,VREIC,≤100
407664862957433,Ammar Campa-Najjar for Congress,AMMAR CAMPA-NAJJAR FOR CONGRESS,≤100
110177119192569,Knightscope,William Li,≤100
102617961152741,Barbara Bollier,BOLLIER FOR KANSAS,≤100
352527958302,Israel on Campus Coalition,Israel on Campus Coalition,≤100
107589664099282,Stand Up To China,"Stand Up To China, Inc.",≤100
146211696845,University of Pennsylvania Carey Law School,Marin Nicole Smith,≤100
106572950040377,Max Rose,MAX ROSE FOR CONGRESS,≤100
45393753416,Alliance Defending Freedom,Alliance Defending Freedom,≤100
108118933908193,Next Level Goods,Next Level Goods LLC,≤100
101859698263382,Foley for Warwick-Ward 1,Friends For Foley,≤100
1099478666810053,Meals For Pets,Meals for Pets,≤100
106323360959211,Patriots Republic,Matthew James Stine,≤100
58736997707,Marco Rubio,Marco Rubio for Senate,≤100
182620315479,Plan International USA,Plan International USA,≤100
105481140904672,Core Prestige,Core Prestige,≤100
96171427550,Raja for Congress,FRIENDS OF RAJA FOR CONGRESS,≤100
828902563856302,Chuck Schumer D-NY,FRIENDS OF SCHUMER,≤100
104113317870732,Free Markets Destroy,Washington Policy Center,≤100
587560171926370,Small Business Recovery Initiative,"Small Business Recovery Initiative, Inc",≤100
5647744585,PETA (People for the Ethical Treatment of Animals),"PEOPLE FOR THE ETHICAL TREATMENT OF ANIMALS, INC.",≤100
1055873511190792,Hello Resistance,Hello Resistance Apparel,≤100
277414242013,Joyce Elliott for Congress,JOYCE ELLIOTT FOR CONGRESS,≤100
2339203789732156,Kim Mangone for Congress,COMMITTEE TO ELECT KIM MANGONE FOR CONGRESS,≤100
2185993931653388,The Recount,"Recount Media, Inc",≤100
6240652407,Young America's Foundation,YOUNG AMERICA'S FOUNDATION INC,≤100
171651620209487,Brady PAC,Brady Pac,≤100
115379705206001,U.S. Department of Homeland Security Blue Campaign,DHS Blue Campaign,≤100
978944282151339,Ken Mendonca for RI State Representative District 72,the Committee to Elect Ken Mendonça,≤100
676020619437253,Patrick McDermott for Norfolk County Sheriff,The McDermott Committee,≤100
215968684159,AFT - American Federation of Teachers,American Federation of Teachers,≤100
103682110993833,Arctic Refuge Defense Campaign,Alaska Wilderness League,≤100
317284821682168,Messianic Jewish Alliance of America (MJAA),Messianic Jewish Alliance of America,≤100
30079936984,CWS,"CHURCH WORLD SERVICE, INC.",≤100
103644036958,United Association,United Association Political Education Committee,≤100
417522508294454,Job Creators Network,Job Creators Network,≤100
142474049098533,Robert Reich,Inequality Media,≤100
892673067526965,Project War Path,Project War Path,≤100
1530883997194411,United States Constitution,Flag and Cross,≤100
260933440643373,UltraViolet,UltraViolet Action,≤100
128167457221813,Public Transportation,Voices for Public Transit,≤100
1393911800825140,OZY,OZY Media Inc,≤100
115366836686423,RegrowAustralia,RegrowAustralia,≤100
152264148166020,Moms Clean Air Force,Moms Clean Air Force,≤100
102563281572515,Keep America Great,RightWingGear.com,≤100
108863797601847,CCW Advisor,Stephen Dennis Cesaro,≤100
34362997676,United States Holocaust Memorial Museum,UNITED STATES HOLOCAUST MEMORIAL MUSEUM,≤100
210277954204,The Young Turks,"The Young Turks, Inc.",≤100
34701792581,EWTN,Eternal Word Television Network,≤100
304058913005378,Senior and Disabled Concerns,Senior & Disabled Concerns,≤100
655065784538368,PredictIt,"PredictIt - Prediction Markets. A project of Victoria University of Wellington, PredictIt has been established to facilitate research into the way markets forecast events.",≤100
496696933682736,Jeff Merkley,JEFF MERKLEY FOR OREGON,≤100
176099072429809,Oceana in Florida,OCEANA,≤100
115364585711,Lawyers' Committee for Civil Rights Under Law,Lawyers' Committee for Civil Rights Under the Law with Facebook Ad Credits,≤100
1690071827911682,Cleancult,cleancult,≤100
20876805343,March of Dimes,MARCH OF DIMES INC.,≤100
219247332354785,Phil Arballo for Congress,ARBALLO FOR CONGRESS,≤100
176466646087311,DC Fawcett,Donald Chappell Fawcett,≤100
350692761610088,Matt Cartwright for U.S. Congress,CARTWRIGHT FOR CONGRESS,≤100
112420993589373,Young and Old for America,Andrew Joseph Young,≤100
350784278974539,Turning Point Action,Turning Point Action,≤100
51379424899,Mercy Ships,MERCY SHIPS INTERNATIONAL,≤100
79820371749,Ayanna Pressley,THE SQUAD VICTORY FUND,≤100
593289284500311,Trump Rack,BOXD Marketing,≤100
6787988478,Physicians for Human Rights,"PHYSICIANS FOR HUMAN RIGHTS, INC.",≤100
2068988876444634,Stand Up for Accurate Prenatal Answers,STAND UP FOR ACCURATE PRENATAL ANSWERS INC,≤100
213687698658,Americans for Prosperity Foundation,Americans for Prosperity Foundation,≤100
6333396177,NewsBusters.org,MEDIA RESEARCH CENTER,≤100
108029674299216,We The People,We The People,≤100
601472019907779,Latino Victory,Latino Victory,≤100
227764782729,AMERICAN - STRONG!,American Strong LLC,≤100
105698674239617,Embed News,Embed News,≤100
336470580233523,Pins and Aces Golf Co.,US Craft Brands LLC,≤100
23790541544,Democrats,DCCC,≤100
29770886815,Marijuana Policy Project,Marijuana Policy Project,≤100
894096170667732,Ashley Hinson,Ashley Hinson For Congress,≤100
106885790754401,Robbie for Change,THE COMMITTEE TO ELECT ROBBIE GOLDSTEIN,≤100
237477017606,Club for Growth,Club for Growth,≤100
1852520761657982,4ocean,4ocean,≤100
6428288402,Kiva,KIVA MICROFUNDS,≤100
72931140459,Center for Biological Diversity,"CENTER FOR BIOLOGICAL DIVERSITY, INC.",≤100
6165653060,AFSCME,AMERICAN FEDERATION OF STATE COUNTY & MUNICIPAL EMPLOYEES,≤100
166618413413767,Jay Sekulow,American Center for Law and Justice,≤100
7341997111,Conservation International,Conservation International,≤100
1526736227567131,TrueCoverage,True Coverage,≤100
126694924050678,Xavier Becerra,Becerra for Attorney General 2022,≤100
19746387261,Humane Society International,Humane Society International,≤100
109262490894983,Trump News,Albert Fernandez,≤100
17475614410,Hispanic Federation,Paid for by Hispanic Federation with Facebook Ad Credits,≤100
103026384819654,How to Vote,ACRONYM,≤100
217976018236954,OutKick,Outkick Media LLC,≤100
107412411076192,Amazing Places,These ads ran without a disclaimer,≤100
100119981671668,Blue Senate,BLUE SENATE PAC,≤100
296708523873754,Karla Dennis and Associates Inc.,"Karla Dennis & Associates, Inc",≤100
284946111858895,Debbie Mucarsel-Powell,DEBBIE FOR CONGRESS,≤100
181924628560212,SumOfUs,SumOfUs,≤100
100318944827269,Amy Kennedy,AMY KENNEDY FOR CONGRESS,≤100
61265398450,AmeriCorps NCCC,Corporation for National and Community Service,≤100
67626834312,National Women's Law Center,National Women's Law Center,≤100
163383737008137,Lessig.org,Lester Lawrence Lessig,≤100
219224241438635,Compassion & Choices,COMPASSION & CHOICES,≤100
100124595113383,Victor Ashe,"William F. Buckley, Jr. Program",≤100
872842866161157,One Nation Design,One Nation Design,≤100
203197030603239,8 Billion Trees,8 Billion Trees LLC,≤100
345378512258813,Elise Stefanik,ELISE FOR CONGRESS,≤100
109947294143213,Republicanstorefront,Republicanstorefront.com,≤100
2225580284361712,Tommy Tuberville,"TUBERVILLE FOR SENATE, INC.",≤100
104504438466,Federal Voting Assistance Program - FVAP,Federal Voting Assistance Program,≤100
376776419037747,Turning Point USA,Turning Point USA,≤100
114230073701403,Jetbound Dogs,Miguel Agustin Turk,≤100
173837496125511,Conscious Step,Conscious Step,≤100
106085647854120,Steve Merolla,Steven Merolla for Rhode Island Senate,≤100
2309566456030859,Human Coalition Action,PRO-LIFE TEXANS A HUMAN COALITION ACTION PAC,≤100
107439427661844,Accountable Tech,Accountable Tech,≤100
1765073800454902,Reform Austin,Reform Austin Inc.,≤100
592707041080920,Stand Together,Stand Together Chamber of Commerce Inc.,≤100
7292655492,MoveOn,MOVEON.ORG CIVIC ACTION,≤100
325578590837480,Protect Our Care,Sixteen Thirty Fund,≤100
105995741220700,Patriots United,Le Huu Dong Huynh,≤100
216311481960,Bill Gates,Bill Gates,≤100
50982313030,Food & Water Watch,Food & Water Watch,≤100
1859113087545137,Learn Everywhere,"yes. every kid, Inc.",≤100
110849485902,United Way,United Way Worldwide with Facebook Ad Credits,≤100
30866133883,Alaska Wilderness League,ALASKA WILDERNESS LEAGUE,≤100
101485404914361,Bad News Wares,Bad News Wares,≤100
2256321067930356,Liberteeclub,libertyteeshop,≤100
114822686979118,Daily Saver,Smart Market Tips,≤100
139599847972,National Nurses United,National Nurses United,≤100
518194348194441,RepresentUs,RepresentUs,≤100
102745147891580,Trump Coolers,Eric Clifford Juels,≤100
195670133784207,Charlestown Citizens Alliance,Charlestown Citizens Alliance,≤100
101690998009007,Improving Life Through Health,Nicolette Dalan,≤100
58158120046,ACLJ,American Center for Law and Justice,≤100
112704783859268,Boy Scouts Abuse Claim Help,X Social Media LLC,≤100
653079394725698,Aspiration,Aspiration,≤100
1741729849281711,Uber & Lyft Sexual Assault Attorneys,Safer America,≤100
12177095451,El Planeta,Carlos Jose Munoz,≤100
374848446414965,Pollking,Benjamin Aaron Perlman,≤100
327202261326682,Stephanie Bice,Bice for Congress,≤100
1268410219898273,Tango Tango,Tango Tango Inc,≤100
108281434237351,UBS Financial Services Inc.,UBS Financial Services,≤100
111248197347176,Protect & Serve PAC,PROTECT AND SERVE PAC,≤100
678707785538538,Dole Sunshine,These ads ran without a disclaimer,≤100
451389174955443,Haverhill Collection,"Haverhill Leach, Inc",≤100
221690171353068,Jay Obernolte,Jay Obernolte for Congress,≤100
151525932186806,When Democrats Turn Out,WHEN DEMOCRATS TURN OUT PAC,≤100
291102898490822,Giant Maga Hat,Inventors club LLC,≤100
89324781720,Pat Toomey,Friends of Pat Toomey,≤100
101485931485408,UNITEDemocrats,UNITEDEMOCRATS PAC,≤100
141269525933538,Democrats for Education Reform,Education Reform Now Advocacy Inc.,≤100
138141366212571,Gravis Marketing,GRAVIS MARKETING INC.,≤100
1947525322184514,One Fair Wage,One Fair Wage,≤100
192013990902459,Roy Cooper,Cooper For North Carolina,≤100
17023576156,The Leadership Conference on Civil and Human Rights,The Leadership Conference on Civil and Human Rights,≤100
10498053716,Media Research Center,MEDIA RESEARCH CENTER,≤100
281884085611820,Tedra Cobb,COMMITTEE TO ELECT TEDRA COBB,≤100
109526232935380,Synthisophy,Synthisophy,≤100
245284549333866,ASMDSS,ASMDSS,≤100
514167322309353,Dan Crenshaw,Dan Crenshaw for Congress,≤100
333710103706307,Giffords,GIFFORDS PAC,≤100
114994916573293,CareForAllChildren,CareForAllChildren,≤100
186932688457686,CHNGE,CHNGE,≤100
106203264511020,Washington Changed Katko,DCCC,≤100
262680017949612,Quincy Institute for Responsible Statecraft,Quincy Institute,≤100
785936231584382,Paula Jean Swearengin,Paula Jean for West Virginia,≤100
44340057816,Uncommon Goods,UncommonGoods,≤100
104919414599745,People Over Profits,"The People Over Profits Florida, Inc.",≤100
911828698840246,ReLEntless Defender Apparel,ReLEntless Defender Apparel,≤100
184731548554164,PL+US,Plus Fund: Paid Leave for the United States,≤100
103983379801,Texas Democratic Party,Texas Democratic Party,≤100
141037759093,Iggy's RI,These ads ran without a disclaimer,≤100
102527004893192,The National Standard,Howard Stephan Barbanel,≤100
101411555005361,Stars and Strife,David Smick "Stars and Strife",≤100
342294162453301,Planned Parenthood,These ads ran without a disclaimer,≤100
111702860231554,Matt Lieberman,Matt Lieberman for Senate,≤100
15503839732,Peter G. Peterson Foundation,Peter G. Peterson Foundation,≤100
67011831040,Canon Press,Canon Press,≤100
111324359048459,Dr. Roger Marshall,KANSANS FOR MARSHALL,≤100
130945114804,World Jewish Congress,WORLD JEWISH CONGRESS AMERICAN SECTION INC,≤100
2309566456030859,Human Coalition Action,Human Coalition Action,≤100
181539958548011,Patheos Progressive Christian,Patheos,≤100
288110884600563,Lean In,"Sheryl Sandberg & Dave Goldberg Family Foundation d/b/a LeanIn.Org, LLC",≤100
101329438317952,Story Network Action,Story Network Foundation,≤100
100401327980848,National Parents Union,National Parents Union,≤100
839073729808623,Hillary Scholten,SCHOLTEN FOR CONGRESS,≤100
35715544220,Stand.earth,STAND,≤100
1600300510259910,For Our Future Pennsylvania,For Our Future Action Fund,≤100
107847454354960,Weekly American Lifestyle,Steve San,≤100
100419638453031,Lovely World,These ads ran without a disclaimer,≤100
255486647814076,Penguin Kids,Penguin Random House,≤100
700941689954518,Defend Our Future,Defend Our Future,≤100
1013304945470529,My Pride Apparel,My Pride Apparel,≤100
326609084015,Mark Ridley-Thomas,Los Angeles County Supervisor Mark Ridley-Thomas,≤100
102756811269921,Fellow Americans,Fellow Americans,≤100
408250066356,Bill O'Reilly,"Bill Me, Inc.",≤100
112164673854264,Living Patriotically,Living Patriotically,≤100
255208337943901,Jobs Growth,"JOBS FREEDOM AND SECURITY PAC, Not authorized by any candidate or candidate’s committee.",≤100
111892670610842,Political AF,Quyen Sanh Gip,≤100
293225127381200,Patriot Depot,The Patriot Depot,≤100
38895197117,EdChoice,"EDCHOICE, INC.",≤100
112695097199217,Realtors for Grossman,National Association of REALTORS,≤100
1505244559517282,Colin Allred,COLIN ALLRED FOR CONGRESS,≤100
102137374563260,Confide in American Pride,John Allen Franson,≤100
290851614930809,Combat AntiSemitism,Combat Anti-Semitism,≤100
556344894736772,"New England, New Energy",Resource Media,≤100
107665644228467,Conservative Journal Review,Conservative Journal Review LLC,≤100
108506830560787,Jessica Scarane,JESS SCARANE FOR DELAWARE,≤100
169440273093442,The Center for Election Science,The Center for Election Science,≤100
259212814698356,Democratic Majority for Israel,Democratic Majority for Israel,≤100
110393153948638,Financial Help,Common Acquire,≤100
1452551204988299,GoReact,Speakworks Inc,≤100
107654244332660,Back BLM,Back BLM,≤100
215199482635728,Alek Skarlatos,ALEK FOR OREGON,≤100
160513344045084,John Neely Kennedy,"John Kennedy for Us, Inc",≤100
241672016328637,Lauren Underwood for Congress,LAUREN UNDERWOOD FOR CONGRESS,≤100
680549575421741,UnitedVoice.com,"Beachside Media, Inc.",≤100
399366360669553,Jamaal Bowman for Congress,Bowman For Congress,≤100
112735922758892,Charlie Kirk,Charlie Kirk,≤100
309993142375589,Joe Kennedy III,KENNEDY FOR MASSACHUSETTS,≤100
85273022315,NAMI,NAMI,≤100
740266592735787,Free to Be Kids,Free To Be Kids,≤100
106333028376,"Nichols Kaster, PLLP",Nichols Kaster PLLP,≤100
465483726908192,iVote,IVote Civic Education Fund,≤100
6170309302,Dick Durbin,FRIENDS OF DICK DURBIN COMMITTEE,≤100
205395906412,UAW International Union,"INTERNATIONAL UNION, UNITED AUTOMOBILE, AEROSPACE AND AGRICULTURAL IMPLEMENT WORKERS OF AM",≤100
348735225520890,Becky Grossman for Congress,Becky Grossman for Congress,≤100
21395843375,Dialysis Patient Citizens,DIALYSIS PATIENT CITIZENS INC,≤100
2146201085498440,Tony Gonzales,Tony Gonzales for Congress,≤100
614134231980299,Veterans Empowered To Protect African Wildlife,VETPAW INC,≤100
979720542211350,Humanize Being Black,Keyshun Quantarious Holmes,≤100
1642386799323957,Angie Craig,ANGIE CRAIG FOR CONGRESS,≤100
100506848295759,Made to Fail,Made To Fail,≤100
103685974471159,Robert Ferri for Cranston,Friends of Robert Ferri,≤100
206743952696198,Lower My Bills,"LMB OpCo, LLC",≤100
44705166993,Vote.org,Vote.Org,≤100
242679302418244,Denison Forum,Denison Ministries,≤100
32582320449,CMMB,CATHOLIC MEDICAL MISSION BOARD INC,≤100
83865976093,Truthout,TRUTHOUT,≤100
438678183588710,Ihssane For Congress,IHSSANE FOR CONGRESS,≤100
141692255929599,Democratic Socialists of America,DEMOCRATIC SOCIALISTS OF AMERICA INC,≤100
100848154957461,Ken Hopkins for Mayor of Cranston,Friends of Hopkins,≤100
113891694102,Energy Citizens,AMERICAN PETROLEUM INSTITUTE,≤100
782093245218764,Qasim Rashid,RASHID FOR VA,≤100
122671561263552,Committee for Better Banks,"COMMUNICATIONS WORKERS OF AMERICA, AFL-CIO, CLC",≤100
174754989846475,NewDem Action Fund,New Democrat Coalition Action Fund,≤100
114893233534632,Taking Back America,Apse Media LLC,≤100
651280068826683,A Great New Day,Trevor Barribeau,≤100
79125112926,Students for Life of America,"STUDENTS FOR LIFE OF AMERICA, INC.",≤100
109678580574253,Politicool Clothing Co.,PolitiCoolClothing.com,≤100
101553758210575,The CT Strategist Report w / Daniel Kent Newmyer,Daniel Kent Newmyer,≤100
1508257779494159,Deborah Ross,DEBORAH ROSS FOR CONGRESS,≤100
105943157686335,Trust Michigan Families,TRUST MICHIGAN FAMILIES,≤100
497081420632330,Dr. Hiral Tipirneni,HIRAL FOR CONGRESS,≤100
200676905671,We Are ALPA,Air Line Pilots Association,≤100
113308940478028,Talcum Powder Claims,Gold Sky Ventures LLC,≤100
112333396969405,Jim Bognet,Bognet for Congress,≤100
61288747990,Real Warriors,Real Warriors Campaign,≤100
106445167434779,Duty and Honor,Duty and Honor,≤100
1819658374974706,Arena,Arena PAC,≤100
105536127617594,The American Digest,The American Digest,≤100
502320477205654,I’m Bout Making My Ancestors Proud,Heritage Hill LLC,≤100
116546288359245,Heritage Action for America,HERITAGE ACTION FOR AMERICA,≤100
1425435377743310,Conversations with Bill Kristol,The Foundation for Constitutional Government,≤100
261663760956534,America First Policies,America First Policies Inc,≤100
15351475322,Cathy McMorris Rodgers,Cathy McMorris Rodgers for Congress,≤100
360424321432255,Doha Debates,Doha Debates,≤100
1234251319933440,Exclusive Apparel,The Dude's Threads,≤100
180060629247353,Elaine Luria for Congress,ELAINE FOR CONGRESS,≤100
26006662641,Arizona Democratic Party,Arizona Democratic Party,≤100
719913581472398,Napoli Shkolnik PLLC,Napoli Law,≤100
195620754724,Helping Hand USA,HELPING HAND FOR RELIEF AND DEVELOPMENT INC.,≤100
113310617054164,Trump Baseball Bats,Trump Baseball Bats,≤100
104012084703106,One People United PAC,One People United,≤100
52563647525,Kyrsten Sinema,SINEMA FOR ARIZONA,≤100
405355946226766,Todd Young,"FRIENDS OF TODD YOUNG, INC.",≤100
105835711208027,The Progressive List,THE PROGRESSIVE LIST,≤100
340153562850578,Tim Tebow,TIM TEBOW FOUNDATION,≤100
284852861535887,C-SPAN StudentCam,NATIONAL CABLE SATELLITE CORPORATION,≤100
101888608186192,MedicalCommunitynet,Medical Community LLC,≤100
152766071443309,The City University of New York,The City University of New York,≤100
384557995468219,Viral Casez,Viral Casez,≤100
1156676274461345,Mikie Sherrill,MIKIE SHERRILL FOR CONGRESS,≤100
2049170775107862,Resistance By Design,Resistance By Design,≤100
6316744206,Jon Tester,MONTANANS FOR TESTER,≤100
1139806362718939,Trafalgar Group,The Trafalgar Group,≤100
134452023239984,Human Coalition,Human Coalition,≤100
259212814698356,Democratic Majority for Israel,DMFI PAC,≤100
101481584557260,Help Asheville Bears-HAB,Heather Christina Williams,≤100
123963360928,SiriusXM,SIRIUS XM RADIO INC.,≤100
747783932079184,Jared Golden,COMMITTEE TO ELECT JARED GOLDEN,≤100
1784991421516214,Seek Refuge,Seek Refuge,≤100
24481937944,Theodore Roosevelt Conservation Partnership,"THEODORE ROOSEVELT CONSERVATION PARTNERSHIP, INC",≤100
216709768355686,Dinesh D'Souza,America2020 Film LLC,≤100
174046949421616,Phenomenal Woman Action Campaign,Phenomenal Woman Action Campaign,≤100
1640970822834351,Plaine Products,Plaine Products,≤100
530053250503201,Soul 2 Soul Sisters,Soul 2 Soul Sisters,≤100
51761261956,The Bill of Rights Institute,"BILL OF RIGHTS INSTITUTE, THE",≤100
44255328352,Farm Forward,Farm Forward,≤100
109866370700481,PushBlack Finance,PushBlack,≤100
1632568446971453,Boredwalk,Boredwalk,≤100
113398717117686,Beach Dogs Ltd.,Christopher James Lamos,≤100
241247646424302,Jahana Hayes,FRIENDS OF JAHANA HAYES,≤100
19342050934,Leadership Institute,LEADERSHIP INSTITUTE INC,≤100
551158678560402,Epimonia,Epimonia LLC,≤100
253791814655400,Doug Collins,"COLLINS FOR SENATE, INC.",≤100
896759427103774,Modern Medicaid Alliance,Modern Medicaid Alliance,≤100
7642602143,Mother Jones,FOUNDATION FOR NATIONAL PROGRESS,≤100
49275915266,Marie Stopes International,MSI-US,≤100
950998258312654,Knowhere,"Knowhere, Inc.",≤100
541807025833154,Malala Fund,Malala Fund,≤100
251632675552663,Rigged: The Voter Suppression Playbook,American Issues Initiative,≤100
104224114671958,Energy For Progress,The American Petroleum Institute,≤100
7209432197,Chris Coons,CHRIS COONS FOR DELAWARE,≤100
1084856268238034,Trump Talking,Roberto None Lugo,≤100
338218229911752,Integrity First PAC,INTEGRITY FIRST PAC,≤100
70874333603,CatholicVote,CatholicVote,≤100
36872302227,Cory Booker,Cory Booker for Senate,≤100
1747132688647028,Democratic Association of Secretaries of State,Democratic Association of Secretaries of State,≤100
221401431386940,Pramila Jayapal,PRAMILA FOR CONGRESS,≤100
24470472733,The Trevor Project,The Trevor Project,≤100
108220794333329,The Patriot Trust,Christopher Allen Supek,≤100
107107693152888,Anthropocene Alliance,ANTHROPOCENE ALLIANCE,≤100
144667575680,Scituate Democrats,Scituate Democratic Town Committee,≤100
106949844346620,Trumpian Republicans,Gregory Lawrence Burright,≤100
224684514243482,Tom Cotton,"COTTON FOR SENATE, INC.",≤100
105433064492153,The Return 2020,The Return International,≤100
330379807074211,Flavor God,These ads ran without a disclaimer,≤100
46347342434,EMILY's List,EMILY'S LIST,≤100
1653251174924652,Fuzzu,Fuzzu,≤100
32975139631,If Americans Knew,If Americans Knew,≤100
873550809444862,Mighty Earth,Mighty Earth,≤100
417542331752173,Message,Timothy Bruce Dannunzio,≤100
112043050446693,Together for 2020,Left of Center PAC,≤100
9739634228,The Political Machine,"Hitcents.com, Inc",≤100
641276169335113,Gretchen Driskell for Congress,Gretchen Driskell For Congress,≤100
2046092952294722,Lucy McBath for Congress,FRIENDS OF LUCY MCBATH,≤100
79820371749,Ayanna Pressley,THE COMMITTEE TO ELECT AYANNA PRESSLEY,≤100
108397184298930,Patriots Defend,Claire Wang,≤100
110468488981853,UNRWA USA,UNRWA USA,≤100
103934071014071,Fire Drill Fridays,"GREENPEACE, INC.",≤100
102636677971854,Trump Is The Storm,Legendary Trump Coins,≤100
953113491536337,Black to the Future Action Fund,Black to the Future Action Fund,≤100
102661701651,South Carolina Small Business Chamber of Commerce,South Carolina Small Business Chamber of Commerce,≤100
166738743732702,All Above All Action,All Above All Action Fund,≤100
192771954102960,Jordan Sekulow,American Center for Law and Justice,≤100
1977738355807406,Sharice For Congress,SHARICE FOR CONGRESS,≤100
142370046577999,Shahid Buttar for Congress,Shahid Buttar for Congress Committee,≤100
120011306310420,Patriots Helping Others,Jae W Seo,≤100
249716212080256,Jim Clyburn,FRIENDS OF JIM CLYBURN,≤100
19474609238,Mercatus Center at George Mason University,Mercatus Center at George Mason University,≤100
106245384043438,Tims For Congress,FRIENDS OF DESIREE TIMS,≤100
8057376739,The Nature Conservancy,Nature Conservancy,≤100
102389457864860,Treehuggers Bracelets,ECOMX LLC,≤100
53727956260,Republican Jewish Coalition,Republican Jewish Coalition,≤100
190987118163092,Connected Clothing Company,Connected Clothing Company,≤100
429812024048177,Doug Jones for Senate,DOUG JONES FOR SENATE COMMITTEE,≤100
248181906078243,National Institute for Civil Discourse,CommonSense American,≤100
130848666099,Business Forward,Business Forward Inc.,≤100
348839551906904,Democracy in Color,POWERPAC DOT ORG,≤100
30914589895,The International Fellowship of Christians and Jews,"INTERNATIONAL FELLOWSHIP OF CHRISTIANS & JEWS, INC.",≤100
17475614410,Hispanic Federation,Hispanic Federation,≤100
717417908274761,Lady Freethinker,Lady Freethinker,≤100
931907200310657,Patients Rising Now,Patients Rising Now Inc,≤100
75353945070,Boxed Water Is Better,Boxed Water Is Better,≤100
117641114435,First Aid Beauty,First Aid Beauty,≤100
262577294462322,Kettle Freaks,Kettle Freaks LLC.,≤100
104910457974220,Pupper Enthusiasts Unlimited,Seanross Michael Holcomb,≤100
856208611420219,Christina Finello,FINELLO FOR CONGRESS,≤100
18492769291,Faithful America,Faithful America,≤100
106094077803532,Our National Family,Patrick Le Tran,≤100
113696667080942,Mary Ann Shallcross Smith for Representative,Friends of Mary Ann Shallcross Smith,≤100
467804929927622,Jason Smith,JASON SMITH FOR CONGRESS,≤100
38234604057,PEN America,PEN AMERICAN CENTER INC,≤100
711478725532801,Civiqs,Civiqs,≤100
278487153675,Redneck Nation Clothing,Tracie Milliron Gold,≤100
72565633140,Soles4Souls,"SOLES4SOULS, INC.",≤100
1082522201878539,Gina Ortiz Jones for Congress,GINA ORTIZ JONES FOR CONGRESS,≤100
361960287311696,Better Medicare Alliance,"Better Medicare Alliance, Inc",≤100
198559607605482,Gunnigle 2020,Gunnigle 2020,≤100
169277310432049,"Texas Precision Optics, Inc.",Texas Precision Optics Inc,≤100
105455840860559,EagleRealm LLC,Eagle Realm,≤100
1551109418518461,The Honest Patriot,Amundson Media LLC,≤100
243947752771440,TJ Cox for Congress,TJ COX FOR CONGRESS,≤100
47710973068,Cooperative Action Network,National Rural Electric Cooperatives Association,≤100
340393855322,Van Taylor,VAN TAYLOR CAMPAIGN,≤100
53674651369,Susan B. Anthony List,Susan B. Anthony List Action PAC,≤100
110998592305221,Dr. Martens,Dr. Martens AirWair USA LLC,≤100
1864721517082089,Democratic Attorneys General Association,Democratic Attorneys General Association,≤100
21834534343,Volunteers of America,"VOLUNTEERS OF AMERICA, INC.",≤100
113110137118723,Collectible Currency,Proud Patriots,≤100
110010433804232,Falkirk Center,Falkirk Center,≤100
143729616392084,Van Drew for Congress,Van Drew for Congress,≤100
80987211775,Bill Cassidy,Bill Cassidy for US Senate,≤100
53674651369,Susan B. Anthony List,Susan B. Anthony List,≤100
153278754738777,Climate Reality,The Climate Reality Project,≤100
1789651861157958,Values To Action,Values to Action,≤100
35142679763,Alzheimer's Disease Research,"BRIGHTFOCUS FOUNDATION, INC. A/K/A BRIGHTFOCUS FOUNDATION",≤100
341163402640457,NowThis,Group Nine Media,≤100
370939753393588,Invest in Education Arizona,Invest in Education. (Sponsored by AEA and Stand for Children). Not authorized by any candidate./,≤100
121067011091,Arab American Institute,Arab American Institute with Facebook Ad Credits,≤100
8446177150,Chosen People Ministries,CHOSEN PEOPLE MINISTRIES INC,≤100
103046977892124,Adam Christensen For Congress,ADAM J CHRISTENSEN FOR CONGRESS,≤100
514167322309353,Dan Crenshaw,Crenshaw For Congress,≤100
399067003454888,Sudan Relief Fund,Sudan Relief Fund Inc,≤100
751679868274074,Hope for Students,THE EXPECTATIONS PROJECT INC,≤100
21492729544,Catholic Relief Services,CATHOLIC RELIEF SERVICES - UNITED STATES CONFERENCE OF CATHOLIC BISHOPS,≤100
273023971533,Dennis Bonnen,Dennis Bonnen Campaign,≤100
235701154010364,E Pluribus Unum,E Pluribus Unum Fund,≤100
162493793737,Rick Green,Richard Arlin Green,≤100
2259323457517498,Abolish the Electoral College,ABOLISH THE ELECTORAL COLLEGE,≤100
129523843754764,Vote Smart,PROJECT VOTE SMART,≤100
94047978366,PCCC - BoldProgressives.org,PROGRESSIVE CHANGE CAMPAIGN COMMITTEE,≤100
83290028957,Care Net,CARE NET,≤100
91346559231,Democratic Legislative Campaign Committee - DLCC,Democratic Legislative Campaign Committee,≤100
112488757165613,Blue Line Stockpile,Blueline Stockpile,≤100
12692955711,Chronicle of Higher Education,"CHRONICLE OF HIGHER EDUCATION, INC. (THE)",≤100
417712255663393,Equality Can't Wait,Equality Can't Wait,≤100
143089732792,Marsha Blackburn,Blackburn Tennessee Victory Fund,≤100
106890801114065,Right Wing Maga,Right Wing Maga,≤100
103801844298982,Team Collins,COLLINS FOR SENATOR,≤100
228132537208218,Tammy Duckworth,TAMMY FOR ILLINOIS,≤100
390560688135747,Public Editor Press,"Public Editor Press, Inc",≤100
103376804451432,Trending Politics,Making Web LLC,≤100