﻿Page ID,Page Name,Disclaimer,Amount Spent (USD)
108824017345866,Facebook,"Facebook, Inc.",3320
153080620724,Donald J. Trump,TRUMP MAKE AMERICA GREAT AGAIN COMMITTEE,2198
6726182861,Mike Pence,TRUMP MAKE AMERICA GREAT AGAIN COMMITTEE,1585
925007000949719,ExxonMobil,Exxon Mobil Corporation,1449
202626512363,U.S. Census Bureau,U.S. Census Bureau,1128
1771156219840594,Team Trump,TRUMP MAKE AMERICA GREAT AGAIN COMMITTEE,503
156968474833352,Stop Republicans,Stop Republicans,384
24330467048,Americans for Prosperity,AMERICANS FOR PROSPERITY,304
791543660926838,"I'll go ahead and keep my guns, Thanks",2A4LIFE LLC,280
153080620724,Donald J. Trump,"DONALD J. TRUMP FOR PRESIDENT, INC.",260
107398241021186,The John Lewis Bridge Project,John Lewis Bridge Project,253
1449461518652183,4Patriots,4Patriots LLC,248
102671331487937,I Love My Freedom Store,I Love My Freedom,238
108794587327155,Good Programs 2020,Trevor Dale Seaks,229
9324910069,NRSC,NRSC,205
665345483483486,NRA - National Rifle Association of America,NATIONAL RIFLE ASSN OF AMERICA,184
20787991568,Senate Democrats,DSCC,176
127225910653607,PragerU,PragerU,175
7860876103,Joe Biden,BIDEN VICTORY FUND,173
112694470356789,Trumpcare For America,Stuart Joseph Millar,155
359477377917,American Federation for Children,American Federation for Children,143
389002298352371,American Senior Benefits,John M Davis,134
345504286342057,Keeping America Great Again,RightWingGear.com,134
165987503528599,Lindsey Graham,"TEAM GRAHAM, INC.",133
96935476345,Democratic Governors Association (DGA),Democratic Governors Association,121
2352630938293825,Mytacticalpromos,Entremax,119
107858693983382,The GOP Shop,The GOP Shop,113
168051710543266,Lacy Johnson,Lacy Johnson for Congress,106
429812024048177,Doug Jones for Senate,DOUG JONES FOR SENATE COMMITTEE,103
80562389320,NARAL Pro-Choice America,NARAL Pro-Choice America,≤100
132492254050920,American AF,AAF Nation,≤100
112974563687584,Robert Kiyosaki - The Rich Dad Poor Dad Letter,Long Form Creative Co.,≤100
2081864865362439,Mike Espy,MIKE ESPY FOR SENATE CAMPAIGN COMMITTEE,≤100
1883837055193241,Shield Republic,Shield Republic,≤100
92925746942,Judicial Watch,Judicial Watch,≤100
618480098621142,Social Security Event,Robert Jared Wilkins,≤100
87777747127,Greg Palast,Palast Investigative Fund,≤100
176789922364429,Steve Daines,STEVE DAINES FOR MONTANA,≤100
104856814505092,The Kids Guide,The Kids Guide,≤100
5633824547,FreedomWorks,"FREEDOMWORKS, INC.",≤100
1374134752633656,New Health Plans,Shop Insurance Plans,≤100
1025055787535714,A Case for Women,A Case for Women,≤100
855135964527710,Trent Kelly,KELLY FOR CONGRESS,≤100
114710126648118,Republican Dogs,Republican Dogs,≤100
296708523873754,Karla Dennis and Associates Inc.,"Karla Dennis & Associates, Inc",≤100
103654464668995,Home With Our Family,Alexander Chung,≤100
302182941354,AARP Advocates,AARP,≤100
249362448960808,Sanderson Farms Corporate,Sanderson Farms Corporate,≤100
85452072376,Newsmax,Newsmax Media,≤100
159964696102,Kevin McCarthy,KEVIN MCCARTHY FOR CONGRESS,≤100
7814597100,Jim Jordan for Congress,JIM JORDAN FOR CONGRESS,≤100
259130650776119,Mitch McConnell,MCCONNELL SENATE COMMITTEE,≤100
105756057589080,The Lincoln Project,The Lincoln Project,≤100
1615018905412860,Progressive Turnout Project,PROGRESSIVE TURNOUT PROJECT,≤100
186908658003781,Congressman Steven Palazzo,the Office of Congressman Steven Palazzo,≤100
560140464159364,Stand for the 2nd Amendment,SFT2 Tactical Supply,≤100
106244251043808,Reuse Plastics,"AMERICAN CHEMISTRY COUNCIL, INC.",≤100
25852730092,Care2,Care2 Inc,≤100
305832706292882,American Gun Association,GunAssociation.org,≤100
106323360959211,Patriots Republic,Matthew James Stine,≤100
111393882812494,Amy McGrath,"AMY MCGRATH FOR SENATE, INC.",≤100
278490715553293,Martha McSally,MCSALLY FOR SENATE INC,≤100
100137754724934,Trump 2020 Supporters,Proud Right Winger,≤100
830121337093232,National Democratic Training Committee,NATIONAL DEMOCRATIC TRAINING COMMITTEE PAC,≤100
717115395103069,PrintedKicks,Printed Kicks,≤100
110974960642149,Proudly American,Grant Alan Johnston,≤100
57259033959,AARP,AARP,≤100
105577974544303,The USA Needs More Patriots,AmeriPolling,≤100
105084617912738,PatriotQuizzes,patriotquizzes.com,≤100
2267285956849056,Donald Trump 2020 Fans,I Love My Freedom,≤100
1109093812491437,Blaze Media,Blaze Media LLC,≤100
971668776283950,PolicyEd,Hoover Institution,≤100
181183059253295,Dorsal Bracelets,Dorsal Bracelets,≤100
25055115099,Intuit,INTUIT INC.,≤100
109111900634787,Reverend Raphael Warnock,WARNOCK FOR GEORGIA,≤100
2353537341582545,Proud Patriots,Proud Patriots,≤100
461204744067686,Family Protection Association,Family Protection Association,≤100
834645469890446,Devin Nunes,DEVIN NUNES CAMPAIGN COMMITTEE,≤100
779309092233298,Ben Crump,Ben Crump Law PLLC,≤100
328853823844484,Balance of Power,Balance of Power,≤100
1204754733024419,People's Power Grab,ACRONYM,≤100
602714436529710,End Citizens United,END CITIZENS UNITED,≤100
96935476345,Democratic Governors Association (DGA),DEMOCRATIC ACTION,≤100
101181794707874,United Research Group,United Research Group,≤100
355316521236121,John Cornyn,TEXANS FOR SENATOR JOHN CORNYN INC.,≤100
33110852384,Doctors Without Borders/ Médecins Sans Frontières (MSF),Doctors Without Borders/Médecins Sans Frontières (MSF),≤100
23875187730,Feeding America,Feeding America,≤100
13187955196,Young Americans for Liberty,Young Americans for Liberty,≤100
530604487365010,Old Glory Flagpole Kits,Service First,≤100
2225580284361712,Tommy Tuberville,"TUBERVILLE FOR SENATE, INC.",≤100
1061240530648502,Joe Collins,JOE COLLINS FOR CONGRESS,≤100
46093654473,National Republican Congressional Committee,NRCC,≤100
332716170522025,America First Action,America First Action,≤100
327837911149503,2A4Life,2A4LIFE LLC,≤100
8934429638,Planned Parenthood Action,Planned Parenthood Action Fund,≤100
627806690985589,Rep. Kent McCarty,The Committee to Elect Kent McCarty,≤100
18982436812,ACLU,American Civil Liberties Union,≤100
586751814690068,Joni Ernst,Joni for Iowa,≤100
481559282597914,TrumpersUnite,Respect The Look,≤100
277005566267077,Blueland,Blueland,≤100
245284549333866,ASMDSS,ASMDSS,≤100
253176211407506,Mississippi Republican Party,MISSISSIPPI REPUBLICAN PARTY,≤100
2185993931653388,The Recount,"Recount Media, Inc",≤100
158791100909689,Concerned Veterans for America,Concerned Veterans for America,≤100
193618220508,LIFE Today,LIFE Outreach International,≤100
100757504960070,Concealed_Country,Concealed Country,≤100
580610428636345,Fight for $15,Fight for $15,≤100
412302902150250,Dairy Good,These ads ran without a disclaimer,≤100
18709174006,National Audubon Society,"NATIONAL AUDUBON SOCIETY, INC.",≤100
213792049451918,Stand For America,Stand For America Inc,≤100
977704775606273,Balls Deep Tackle,Balls Deep Tackle,≤100
105566671190013,What We All Need,Patrick Le Tran,≤100
105829564471772,Patriots Stand Together,Trizzie Truong,≤100
598924810530984,Keeping America Great,FamTeeWorld,≤100
788394134539871,USPS Business,United States Postal Service,≤100
110177119192569,Knightscope,William Li,≤100
866462300044758,"Mayor George Flaggs, Jr.",City of Vicksburg,≤100
373814729643508,Let America Vote,LET AMERICA VOTE PAC,≤100
1836138529938551,Greater Half,Greater Half,≤100
7976226799,The Daily Show,Comedy Central,≤100
1126467634031036,Dan Carr,Dan Carr,≤100
8550121410,Free Speech America Project,MEDIA RESEARCH CENTER,≤100
127755494595870,Progressive Takeover,PROGRESSIVE TAKEOVER,≤100
108118933908193,Next Level Goods,Next Level Goods LLC,≤100
19972147679,SEIU,SEIU,≤100
103597604713894,Team Trump Store,TRUMP MAKE AMERICA GREAT AGAIN COMMITTEE,≤100
6231686654,Compassion International,"COMPASSION INTERNATIONAL, INCORPORATED",≤100
530604487365010,Old Glory Flagpole Kits,Service First Flag Poles,≤100
195530355493,Chicks On The Right,Chicks on the Right,≤100
100256754899828,Patriot's Cave,Patriots Cave,≤100
106645684412573,Cover Air Medical,Cover Air Medical,≤100
105577974544303,The USA Needs More Patriots,Anthony Alexander Morales,≤100
1993067430786788,Congressman Michael Guest,Representative Michael Guest,≤100
107758757670203,BLM Direct,BLM Store LLC,≤100
106224464107240,Jo Jorgensen,Jo Jorgensen for President,≤100
99659574019,Mississippi First,"MISSISSIPPI FIRST, INC.",≤100
23996308754,Senate Conservatives,SENATE CONSERVATIVES FUND,≤100
15188122178,The Hamilton Collection,The Hamilton Collection,≤100
142665849854371,House Freedom,HOUSE FREEDOM FUND,≤100
115379705206001,U.S. Department of Homeland Security Blue Campaign,DHS Blue Campaign,≤100
112431050497386,Patriotism For Life,Vivian Lam Nguyen,≤100
2189265054726827,Liberty Tee Shop,www.libertyteeshop.com,≤100
17023576156,The Leadership Conference on Civil and Human Rights,The Leadership Conference on Civil and Human Rights,≤100
259212814698356,Democratic Majority for Israel,Democratic Majority for Israel,≤100
21559454473,FAIR,FEDERATION FOR AMERICAN IMMIGRATION REFORM,≤100
297254237585636,Sheriff Strafe,These ads ran without a disclaimer,≤100
257019421075897,Cory Gardner,Cory Gardner for Senate,≤100
1934191280189700,Health Care Voter,Health Care Voter,≤100
894096170667732,Ashley Hinson,Ashley Hinson For Congress,≤100
1194865807192273,Conservative Gear,Outergoods LLC,≤100
196382377057315,Learn Our History,Learn Our History,≤100
328072970642479,Jaime Harrison,JAIME HARRISON FOR US SENATE,≤100
300125763392341,Bigger Pie Forum,Bigger Pie Forum,≤100
42872222699,Dana Loesch,Dana Loesch Radio,≤100
106487520883333,Cardinal & Pine,Courier Newsroom,≤100
118303441570966,Home Ownership Matters,NATIONAL ASSOCIATION OF REALTORS,≤100
17911165812,Covenant House International,Covenant House,≤100
101279451606075,Democratic Strategy Institute,Democratic Strategy Institute,≤100
140357056032320,NEA Today,National Education Association,≤100
179513292162226,American History TV,C-SPAN,≤100
1079789672084038,SimonBooks,Simon & Schuster,≤100
342294162453301,Planned Parenthood,Planned Parenthood Federation of America,≤100
8325302025,Friends of the Earth U.S.,Friends of the Earth,≤100
376776419037747,Turning Point USA,Turning Point USA,≤100
228754857151053,House Majority PAC,House Majority PAC,≤100
354851377936744,BookTV,C-SPAN,≤100
1010143499143169,Medicare Savings,"Mayo Labs, LLC",≤100
45393753416,Alliance Defending Freedom,Alliance Defending Freedom,≤100
21375324480,The Heritage Foundation,HERITAGE FOUNDATION (THE),≤100
109092142462587,Adam Schiff,SCHIFF FOR CONGRESS,≤100
163148530407080,Captain Mark Kelly,MARK KELLY FOR SENATE,≤100
87186661244,Johns Hopkins Bloomberg School of Public Health,Johns Hopkins Bloomberg School of Public Health,≤100
18813753280,Human Rights Campaign,"HUMAN RIGHTS CAMPAIGN, INC.",≤100
85273022315,NAMI,NAMI,≤100
953113491536337,Black to the Future Action Fund,Black to the Future Action Fund,≤100
1533159540286546,Grassroots Leadership Academy,Americans for Prosperity Foundation,≤100
101210588150219,Boy Scouts Abuse Claims,X Social Media LLC,≤100
30139072158,CARE,CARE,≤100
211642542220470,"AARP Medicare Supplement Plans, insured by UnitedHealthcare Insurance Co.",United Healthcare,≤100
342887442508723,Convention of States,Convention of States Action,≤100
101459098271864,Vets United,Jae W Seo,≤100
2309566456030859,Human Coalition Action,Human Coalition Action,≤100
109360297266116,Fearless Patriot,TERESA NONE OHARA-MARSH,≤100
6204742571,Sierra Club,SIERRA CLUB,≤100
1600352356914768,PushBlack,PushBlack,≤100
1888575197903676,Ducote for Justice,Ducote for Justice,≤100
203197030603239,8 Billion Trees,8 Billion Trees LLC,≤100
433919203362871,Bird + Stone,BIRD & STONE INC,≤100
166166843531258,National Council of Resistance of Iran - شورای ملی مقاومت ایران,MEK-Iran (Saeid Saadati),≤100
8047221596,Save the Children US,"SAVE THE CHILDREN FEDERATION, INC.",≤100
92021268117,Working America,Working America,≤100
167586229923327,World Food Program USA,World Food Program USA,≤100
15239367801,The Wilderness Society,"WILDERNESS SOCIETY, THE",≤100
16477459734,League of Conservation Voters,"LEAGUE OF CONSERVATION VOTERS, INC",≤100
8321461609,MomsRising.org,MomsRising Together,≤100
111929803714895,SN Research,Story Network Foundation,≤100
49651563727,Live Action,Live Action,≤100
217976018236954,OutKick,Outkick Media LLC,≤100
100697751658498,Stronger.org,Christopher Michael Norris,≤100
111506250582498,Keeping Our Homes Safe,Steve San,≤100
107589664099282,Stand Up To China,"Stand Up To China, Inc.",≤100
746938465317981,Nuclear Matters,Nuclear Matters,≤100
303061950155375,John James,"JOHN JAMES FOR SENATE, INC.",≤100
129255907131113,NumbersUSA,NUMBERSUSA EDUCATION AND RESEARCH FOUNDATION,≤100
1576236875930301,Global Cyber Alliance,Global Cyber Alliance with ad credits,≤100
420785874975425,Conservative Institute,The Conservative Institute,≤100
106007821169039,"Our Children, Our Choice TN","Our Children, Our Choice TN",≤100
166618413413767,Jay Sekulow,American Center for Law and Justice,≤100
6333396177,NewsBusters.org,MEDIA RESEARCH CENTER,≤100
8532248414,Wounded Warrior Project,"WOUNDED WARRIOR PROJECT, INC.",≤100
72186095846,Center For American Progress Action Fund,Center for American Progress Action Fund,≤100
19342050934,Leadership Institute,LEADERSHIP INSTITUTE INC,≤100
114625730266879,Republican Voters Against Trump,Defending Democracy Together,≤100
593289284500311,Trump Rack,BOXD Marketing,≤100
737686089933715,Conservative Collections,Mainline Media Group,≤100
205395906412,UAW International Union,"INTERNATIONAL UNION, UNITED AUTOMOBILE, AEROSPACE AND AGRICULTURAL IMPLEMENT WORKERS OF AM",≤100
101136147910784,Represent Justice,Represent Justice,≤100
775525186130124,Center for a Free Economy,Center for a Free Economy,≤100
223008867858902,American Action News,American Action News,≤100
104934207736995,Paycheck to Paycheck,Center for American Progress Action Fund,≤100
1601417063208019,Harness,Harness Community,≤100
1526736227567131,TrueCoverage,True Coverage,≤100
115370196777407,Gerald Weathers for MCEPA Board of Directors,Gerald Wayne Weathers,≤100
7219151423,The Fund for American Studies (TFAS),The Fund for American Studies,≤100
109822293929207,Brian Flowers for Congress,Flowers for Congress,≤100
69983322463,Ted Cruz,TED CRUZ FOR SENATE,≤100
628891490457484,Nancy Mace,Nancy Mace for Congress,≤100
106949844346620,Trumpian Republicans,Gregory Lawrence Burright,≤100
105060677844787,Bill Savings,Bill Savings,≤100
130467958471,Jason Lewis,Jason Lewis for Senate,≤100
15687409793,World Wildlife Fund,World Wildlife Fund,≤100
265268336865693,Do Amore,Do Amore Limited Company,≤100
1447994318779650,AirMedCare Network,AIrMedCare Network,≤100
27544763621,Prison Fellowship,Prison Fellowship,≤100
209516845093,NRDC Action Fund,NRDC Action Fund,≤100
97493741436,John W. Hickenlooper,HICKENLOOPER FOR COLORADO,≤100
114475890010131,Piggy Dollar Financial,Tyler Wayne Hedland,≤100
126694924050678,Xavier Becerra,Becerra for Attorney General 2022,≤100
169277310432049,"Texas Precision Optics, Inc.",Texas Precision Optics Inc,≤100
309798029121030,Everytown for Gun Safety,Everytown for Gun Safety Action Fund Inc,≤100
309308412520731,Sandy Hook Promise,Sandy Hook Promise,≤100
215968684159,AFT - American Federation of Teachers,American Federation of Teachers,≤100
206677396413254,Abortion On Our Own Terms,Abortion On Our Own Terms,≤100
151525932186806,When Democrats Turn Out,WHEN DEMOCRATS TURN OUT PAC,≤100
360424321432255,Doha Debates,Doha Debates,≤100
5435784683,Greenpeace USA,"GREENPEACE, INC.",≤100
106425730874644,Ruby Powell-Dennis for Tennessee,Citizens For Ruby Powell-Dennis,≤100
1799282383731277,TwoSeventy,Alexander Jared Deutsch,≤100
38235851310,USA for UNHCR,UNITED STATES ASSOCIATION FOR UNHCR,≤100
105929991030423,My Freedom Jersey,"My Freedom Jersey, LLP",≤100
153678684700451,American Investment Council,AMERICAN INVESTMENT COUNCIL,≤100
329284771298646,Issue One Action,Issue One Action,≤100
30914589895,The International Fellowship of Christians and Jews,"INTERNATIONAL FELLOWSHIP OF CHRISTIANS & JEWS, INC.",≤100
122475637000,Georgia Forestry Association,Georgia Forestry Association,≤100
110039494074797,Re-Elect Trudy Berger,Re-Elect Trudy Berger,≤100
107654924064350,Pat Timmons-Goodson,PATRICIA TIMMONS-GOODSON FOR CONGRESS,≤100
101324451668413,Hot US Gears,Click Wonders,≤100
313097997669,StreetLightUSA,StreetLightUSA,≤100
2330577043935831,Sara Gideon,SARA GIDEON FOR MAINE,≤100
6820348410,Kirsten Gillibrand,Off the Sidelines,≤100
113666459994300,Big Dan Rodimer for Congress,RODIMER FOR CONGRESS,≤100
592707041080920,Stand Together,Stand Together Chamber of Commerce Inc.,≤100
111428049989,Cal Cunningham,CAL FOR NC,≤100
934438026690635,YouGov,YOUGOV AMERICA INC.,≤100
10498053716,Media Research Center,MEDIA RESEARCH CENTER,≤100
106003594486756,Standing Up Together,Annie Wang,≤100
83290028957,Care Net,CARE NET,≤100
105732744375701,Steve Bullock,MONTANANS FOR BULLOCK,≤100
115364585711,Lawyers' Committee for Civil Rights Under Law,Lawyers' Committee for Civil Rights Under the Law with Facebook Ad Credits,≤100
1442528442457512,Home Instead Senior Care,Home Instead Senior Care Hammond,≤100
178835922297833,American Clinical Laboratory Association,American Clinical Laboratory Association,≤100
9364828262,Citizens Against Government Waste,COUNCIL FOR CITIZENS AGAINST GOVERNMENT WASTE,≤100
53541257714,The Arc of the United States,The Arc with Facebook Ad Credits,≤100
1228396643984955,Michelle Steel,Michelle Steel for Congress,≤100
102745147891580,Trump Coolers,Eric Clifford Juels,≤100
132917424705,Home Instead Senior Care,Home Instead Senior Care Baton Rouge,≤100
463095630924391,US Business Funding,Credox,≤100
384557995468219,Viral Casez,Viral Casez,≤100
143729616392084,Van Drew for Congress,Van Drew for Congress,≤100
419992651425033,Guardianes del Pueblo-Consumer Law Group,Consumer Law Group,≤100
102924236474359,Built USA,These ads ran without a disclaimer,≤100
1316372698453411,Alexandria Ocasio-Cortez,Alexandria Ocasio-Cortez for Congress,≤100
101459098271864,Vets United,Korie Lynn Padgett,≤100
317284821682168,Messianic Jewish Alliance of America (MJAA),Messianic Jewish Alliance of America,≤100
1483708521773090,Finally Affordable Health & Life Insurance,Roy D Griffin,≤100
2165983337048601,LeverforChange,Lever for Change,≤100
73970658023,International Rescue Committee,International Rescue Committee,≤100
235044373216552,National Purple Heart Honor Mission,National Purple Heart Honor Mission,≤100
108173075911611,National Association of Letter Carriers,National Association of Letter Carriers,≤100
419237048158257,Susan Collins,COLLINS FOR SENATOR,≤100
745910525468062,National Center on Sexual Exploitation,National Center on Sexual Exploitation,≤100
23790541544,Democrats,DCCC,≤100
103644036958,United Association,United Association Political Education Committee,≤100
103801844298982,Team Collins,COLLINS FOR SENATOR,≤100
20876805343,March of Dimes,MARCH OF DIMES INC.,≤100
105536127617594,The American Digest,The American Digest,≤100
664681913544823,Dixie Electric Power Association,Dixie Electric Power Association,≤100
462829100921650,STOP Sexual Assault - Legal Help,These ads ran without a disclaimer,≤100
1551109418518461,The Honest Patriot,Amundson Media LLC,≤100
183517831660100,Morning Consult,Morning Consult LLC,≤100
7833534974,Florida Democratic Party,Florida Democratic Party,≤100
1268410219898273,Tango Tango,Tango Tango Inc,≤100
248181906078243,National Institute for Civil Discourse,CommonSense American,≤100
102636677971854,Trump Is The Storm,Legendary Trump Coins,≤100
979720542211350,Humanize Being Black,Keyshun Quantarious Holmes,≤100
15240089946,Costco,Costco Wholesale,≤100
281844617168,Jewish Voice Ministries International,JEWISH VOICE MINISTRIES INTERNATIONAL,≤100
192771954102960,Jordan Sekulow,American Center for Law and Justice,≤100
135298176481584,Marine Corps Scholarship Foundation,Marine Corps Scholarship Foundation,≤100
104051398040027,CCW Online Now_,Concealed Country,≤100
15041226930,Oxfam,"OXFAM AMERICA, INC.",≤100
104504438466,Federal Voting Assistance Program - FVAP,Federal Voting Assistance Program,≤100
105060269781,Premiere Collectibles,"Premiere Marketing, Inc.",≤100
167139593306791,ACLU of Michigan,AMERICAN CIVIL LIBERTIES UNION,≤100
107150077720746,American Collectibles,Christopher Walter Adams,≤100
219224241438635,Compassion & Choices,COMPASSION & CHOICES,≤100
396932197039819,SafeSleeve,"SafeSleeve, LLC",≤100
113796263598836,A View From the Chair,KUDZUKIAN,≤100
134452023239984,Human Coalition,Human Coalition,≤100
169710960125365,Curzio Research,Curzio Research Inc.,≤100
408250066356,Bill O'Reilly,"Bill Me, Inc.",≤100
1682876188698809,United for Respect,United for Respect,≤100
117058854998779,The Gideons International,"GIDEONS INTERNATIONAL, THE",≤100
114386721939978,The Made in America Store,Made In America Store,≤100
394817334402124,2020 Trump Bill,Innovative Ecomm LLC,≤100
128958937175029,Trivia Today,Benjamin Aaron Perlman,≤100
100401327980848,National Parents Union,National Parents Union,≤100
950837325113887,Life Money Stuff,Life Money Stuff,≤100
107150077720746,American Collectibles,Proud Patriots,≤100
359263037511860,Mississippi Secretary of State,Mississippi Secretary of State,≤100
171651620209487,Brady PAC,Brady Pac,≤100
101391906600,Live Action News,Live Action News,≤100
113702026736466,National Parks Action Fund,National Parks Action Fund,≤100
1336293769761923,Jon Ossoff,JON OSSOFF FOR SENATE,≤100
228132537208218,Tammy Duckworth,TAMMY FOR ILLINOIS,≤100
38471053686,Elizabeth Warren,"WARREN DEMOCRATS, INC.",≤100
55549065733,Voto Latino,Voto Latino with Facebook Ad Credits,≤100
242679302418244,Denison Forum,Denison Ministries,≤100
1530883997194411,United States Constitution,Flag and Cross,≤100
172758932738142,PhRMA,PHARMACEUTICAL RESEARCH AND MANUFACTURERS OF AMERICA,≤100
275908853303174,Pro-Israel America,Pro-Israel America United,≤100
103162411257510,Trumplican,USA Movements,≤100
176466646087311,DC Fawcett,Donald Chappell Fawcett,≤100
149081336362,AmeriCorps VISTA,Corporation for National and Community Service,≤100
128698057208045,Singing River Electric,Singing River Electric,≤100
246846192720018,War On Our Future,The Years Project,≤100
103185334702225,Stop Trump PAC,STOP 45 PAC,≤100
465483726908192,iVote,IVote Civic Education Fund,≤100
25121889784,Texas Public Policy Foundation,Texas Public Policy Foundation,≤100
1234251319933440,Exclusive Apparel,The Dude's Threads,≤100
780941275347834,Ilhan Omar,ILHAN FOR CONGRESS,≤100
56332452163,AMA Patients Action Network,American Medical Association,≤100
110746996993983,The 'Gander Newsroom,Courier Newsroom,≤100
108512875350,The Atlas Society,The Atlas Society,≤100
61265398450,AmeriCorps NCCC,Corporation for National and Community Service,≤100
293225127381200,Patriot Depot,The Patriot Depot,≤100
29770886815,Marijuana Policy Project,Marijuana Policy Project,≤100
104667417857551,United Association LLC,United Association LLC,≤100
169597416843751,Stand Up America,Stand Up America,≤100
109379100777665,Patriotism Isn't Dead,Patriot Polling,≤100
764284030332485,Abortion Access Front,Abortion Access Front,≤100
110987110398146,Make Liberty Win PAC,MAKE LIBERTY WIN,≤100
113034087125584,Robert Underwood,Robert A Underwood,≤100
200201209253,Latino Community Foundation,Latino Community Foundation,≤100
6041057841,The Humane Society of the United States,"HUMANE SOCIETY OF THE UNITED STATES, THE",≤100
194115677277113,A21,A21 with Facebook Ad Credits,≤100
163302087408673,Stop The Donald,Stop the Donald,≤100
111654690603599,NUIRC,Nonprofit Unemployment Insurance Relief Coalition (NUIRC),≤100
79125112926,Students for Life of America,"STUDENTS FOR LIFE OF AMERICA, INC.",≤100
1439364926329185,Animal Matters,Animal Matters,≤100
375760676281438,Mermaid Straw,Mermaid Straw,≤100
109788797242679,The Patriot Circle,Kin Ngai Yeung,≤100
129523843754764,Vote Smart,PROJECT VOTE SMART,≤100
99033391274,Brian Kemp,Kemp for Governor Inc,≤100
129921337078906,YallPolitics,"Jackson New Media, Inc.",≤100
21395843375,Dialysis Patient Citizens,DIALYSIS PATIENT CITIZENS INC,≤100
911828698840246,ReLEntless Defender Apparel,ReLEntless Defender Apparel,≤100
169130743498585,Tactical Pro Supply,Chad Keller,≤100
1679521432262834,Physicians Grassroots Network,American Medical Association,≤100
7263476274,Mercy Corps,Mercy Corps,≤100
245741028804051,Barbara Sinatra Center,Barbara Sinatra Children's Center,≤100
103242067942726,Tamarques Porter for School Board District 4,Committee to elect Tamarques Porter,≤100
1545826148838592,Trump 2020,Gregory Lawrence Burright,≤100
112525557161690,Council Perspectives,KUDZUKIAN,≤100
675471506247724,Adair for Congress,ADAIR FOR CONGRESS,≤100
469609533112889,iDisciple,iDisciple,≤100
112600915451330,No Labels,No Labels,≤100
67626834312,National Women's Law Center,National Women's Law Center,≤100
105455840860559,Eagle Realm,Eagle Realm,≤100
28144169620,Alliance for Aging Research,Alliance for Aging Research,≤100
118502801658228,Young Kim,Young Kim for Congress,≤100
374848446414965,Pollking,Benjamin Aaron Perlman,≤100
422202764649078,Rhode Island Department of Education - RIDE,Rhode Island Department of Education,≤100
107289609296509,American Heart Association - Missouri,American Heart Association,≤100
35169196082,Project HOPE,"PROJECT HOPE-THE PEOPLE-TO-PEOPLE HEALTH FOUNDATION, INC.",≤100
601108943431836,The Flip Side,TFS Inc,≤100
2265971750329892,Dr. Manny Sethi for Senate,DR MANNY FOR US SENATE,≤100
2078647579047586,Project Pulso,Project Pulso,≤100
143089732792,Marsha Blackburn,Blackburn Tennessee Victory Fund,≤100
546066468753446,Black Health Matters,BLACK HEALTH MATTERS FOUNDATION INC,≤100
176099072429809,Oceana in Florida,OCEANA,≤100
117641114435,First Aid Beauty,First Aid Beauty,≤100
215199482635728,Alek Skarlatos,ALEK FOR OREGON,≤100
159597424207730,David Perdue,PERDUE FOR SENATE,≤100
100101018155207,Paid Leave for All,Paid Leave for All a project of Hopewell Fund,≤100
1528498354074301,Punching Bag Media - Conservative News,Sean Michael Probber,≤100
356482637745012,Stansberry Research,Stansberry Research,≤100
1055873511190792,Hello Resistance,Hello Resistance Apparel,≤100
160630887998827,Let Them Live,Let Them Live,≤100
100294495077051,The House Of Love Morton Show,These ads ran without a disclaimer,≤100
104051398040027,CCW Online Now_,Amil Esmailpour,≤100
655065784538368,PredictIt,"PredictIt - Prediction Markets. A project of Victoria University of Wellington, PredictIt has been established to facilitate research into the way markets forecast events.",≤100
51379424899,Mercy Ships,MERCY SHIPS INTERNATIONAL,≤100
379373892662119,Healthcare Advisor Group,Healthcare Advisors Group,≤100
135081079769,AFGE,American Federation of Government Employees,≤100
260754507296508,The Voter Participation Center,Voter Participation Center,≤100
892673067526965,Project War Path,Project War Path,≤100
235762319779450,Omar Navarro,OMAR NAVARRO FOR CONGRESS,≤100
592347634460462,Partnership for America's Health Care Future,Partnership for America's Health Care Future,≤100
212009062197107,Higher Heights for America,Aprill Olivia Turner,≤100
2295062210811244,Coalition for American Veterans,COALITION FOR AMERICAN VETERANS POLITICAL ACTION COMMITTEE,≤100
1438882392887793,ADF Church Alliance,Alliance Defending Freedom,≤100
596556607135301,The Earthling Co.,The Earthling Co.,≤100
232201568659,Pacific Justice Institute,PACIFIC JUSTICE INSTITUTE,≤100
6236054211,Brady,Brady Campaign to Prevent Gun Violence,≤100
57921319808,Michelob ULTRA,These ads ran without a disclaimer,≤100
139599847972,National Nurses United,National Nurses United,≤100
223055747744143,Beto O'Rourke,Powered By People,≤100
129484600408311,Senator Brice Wiggins,Committee to Elect Brice Wiggins,≤100
114646533630729,Yes. Every Kid.,"yes. every kid, Inc.",≤100
105010030848236,Bryant Cameron Webb,DR. CAMERON WEBB FOR CONGRESS,≤100
259212814698356,Democratic Majority for Israel,DMFI PAC,≤100
110849485902,United Way,United Way Worldwide with Facebook Ad Credits,≤100
277414242013,Joyce Elliott for Congress,JOYCE ELLIOTT FOR CONGRESS,≤100
27311599342,Preemptive Love,Preemptive Love Coalition,≤100
123963360928,SiriusXM,SIRIUS XM RADIO INC.,≤100
58158120046,ACLJ,American Center for Law and Justice,≤100
203550842430,Mike Lee,FRIENDS OF MIKE LEE INC,≤100
13063797831,Ben Ray Luján,PEOPLE FOR BEN,≤100
110018833813683,Flip the Senate,SMP,≤100
100233228182981,Madison Cawthorn for Congress,CAWTHORN FOR NC,≤100
405469100189512,Still My President - Donald Trump,Red State Politics LLC,≤100
455147011996099,The Ann and Phelim Scoop,The Unreported Story Society,≤100
106114264313679,Hunt The Vote,"Hunter Nation, Inc",≤100
31966561030,National Taxpayers Union,National Taxpayers Union,≤100
103775224740799,Ways to Maintain Good Health,Kiara Chante Hurn,≤100
343714718985673,Think Wood,Think Wood,≤100
2025207544419903,The Last Coat - TLC Products,Chad Shaady Fawzi Hamzeh,≤100
1452551204988299,GoReact,Speakworks Inc,≤100
366351973736242,Red Rock Secured,Red Rock Secured,≤100
173470656019870,The Daily Yonder,Great Stories LLC,≤100
8501031021,VoteVets.org,VOTEVETS,≤100
101165966152,AFL-CIO,AFL-CIO,≤100
11791104453,NRDC,Natural Resources Defense Council,≤100
192015461630968,Supporting Our Brave Veterans,James Brian Plouf,≤100
253791814655400,Doug Collins,"COLLINS FOR SENATE, INC.",≤100
336470580233523,Pins and Aces Golf Co.,US Craft Brands LLC,≤100
1917715138510680,Follow Your Legend,Legend Bracelet,≤100
251177135604898,"Main Street Law Firm, PLLC","Main Street Law Firm, PLLC",≤100
102875587947942,Keep Trump In Office,Keep Trump In Office,≤100
113341064736,American Conservative Union,American Conservative Union,≤100
24982445498,ProQuest,PROQUEST LLC,≤100
210277954204,The Young Turks,"The Young Turks, Inc.",≤100
357275101142388,Everglades-Trust,"EVERGLADES TRUST INC, THE",≤100
61288747990,Real Warriors,Real Warriors Campaign,≤100
87977452433,Zumiez,Zumiez,≤100
290851614930809,Combat AntiSemitism,Combat Anti-Semitism,≤100
950998258312654,Knowhere,"Knowhere, Inc.",≤100
1636216106590985,Josh Hawley,JOSH HAWLEY FOR SENATE,≤100
105283560949571,Trump 2024 Film,2024 LLC,≤100
325578590837480,Obamacare,Sixteen Thirty Fund,≤100
316887658336677,My Control Card,"NETSPEND HOLDINGS, INC.",≤100
296295018082,AARP en Español,AARP,≤100
146736258721743,True The Vote,True the Vote,≤100
291102898490822,Giant Maga Hat,Inventors club LLC,≤100
109866370700481,PushBlack Finance,PushBlack,≤100
103929304678916,Voter Action Project,Integrity First Voter Action Project,≤100
278487153675,Redneck Nation Clothing,Tracie Milliron Gold,≤100
109678580574253,Politicool Clothing Co.,PolitiCoolClothing.com,≤100
109259090549237,Yes on National Popular Vote,Yes on National Popular Vote,≤100
987698164585861,Citizen Ed,Citizen Education,≤100
113676922032321,Larry Elder,Salem Media,≤100
361960287311696,Better Medicare Alliance,"Better Medicare Alliance, Inc",≤100
1423020864646652,P.Smith Music,Paul Micah Anthony Smith,≤100
108152933883451,TrumpTrendz,Troy Lorenzo Davis,≤100
814260155318929,The Fairness Project,The Fairness Project,≤100
24481937944,Theodore Roosevelt Conservation Partnership,"THEODORE ROOSEVELT CONSERVATION PARTNERSHIP, INC",≤100
72931140459,Center for Biological Diversity,"CENTER FOR BIOLOGICAL DIVERSITY, INC.",≤100
73528878871,Center for Reproductive Rights,Center for Reproductive Rights,≤100
269937067004602,Commissioner Jerred Price,Jerred None Price,≤100
103131054573692,Crawfordology,Crawfordology,≤100
49059279814,Institute for Justice,INSTITUTE FOR JUSTICE,≤100
181924628560212,SumOfUs,SumOfUs,≤100
482100658584410,We Stand For Energy,"EDISON ELECTRIC INSTITUTE, INC.",≤100
443329669123990,USAFacts,USAFacts Institute,≤100
102592959026,Ocean Conservancy,"OCEAN CONSERVANCY, INC.",≤100
143986912311328,University of Vermont Continuing and Distance Education,University of Vermont,≤100
6820348410,Kirsten Gillibrand,Gillibrand for Senate,≤100
201956993160690,MRCTV,MEDIA RESEARCH CENTER,≤100
186805048171120,U.S. & Texas LawShield,Texas LawShield,≤100
19474609238,Mercatus Center at George Mason University,Mercatus Center at George Mason University,≤100
723136714746586,The Common Ground Project,"The Common Ground Project, Inc",≤100
254574931245780,Health Care Service Corporation,Health Care Service Corporation,≤100
273023971533,Dennis Bonnen,Dennis Bonnen Campaign,≤100
103315378108004,True Patriot Strength,LE-HUU DONG HUYNH,≤100
100781605034049,Trump 2020 Team,Jordan Ray Riddle,≤100
436865753096340,MRC Latino,MEDIA RESEARCH CENTER,≤100
107665644228467,Conservative Journal Review,Conservative Journal Review LLC,≤100
47710973068,Cooperative Action Network,National Rural Electric Cooperatives Association,≤100
300992409852,Hoover Institution,Hoover Institution,≤100
117758198297225,Rep. Terri Sewell,Office of U.S. Representative Terri Sewell (AL-07),≤100
763491940427547,Roque  "Rocky"  De La Fuente,Rocky 101 LLC,≤100
780606555331010,American Student Loan Advocate,ASLR Marketing,≤100
1925751504337881,MJ Hegar,MJ FOR TEXAS,≤100
605168822998856,314 Action,314 ACTION FUND,≤100
115364585711,Lawyers' Committee for Civil Rights Under Law,LAWYERS' COMMITTEE FOR CIVIL RIGHTS UNDER LAW,≤100
100119981671668,Blue Senate,BLUE SENATE PAC,≤100
629732217415068,Republican Party,Greater Half,≤100
100503184678036,BioLargo Water Inc.,"BioLargo, Inc.",≤100
496696933682736,Jeff Merkley,JEFF MERKLEY FOR OREGON,≤100
30708742052,FCTRY,FCTRY,≤100
21834534343,Volunteers of America,"VOLUNTEERS OF AMERICA, INC.",≤100
10150100007820094,Wendy Davis,WENDY DAVIS FOR CONGRESS,≤100
262138411622,Faces of Lawsuit Abuse,US Chamber Institute for Legal Reform,≤100
90498769709,Edenpure,EdenPURE®,≤100
144688399499,La Prensa Latina Media,Bradley Duane Boutwell,≤100
100968598130407,Tax Support Center,Mercedes Lease,≤100
100489714905608,Democracy Network,Democracy Network,≤100
112735922758892,Charlie Kirk,Charlie Kirk,≤100
100123544800892,Disme Coin Company,Byron Michael Laughlin,≤100
50576707351,Republican State Leadership Committee,Republican State Leadership Committee,≤100
96171427550,Raja for Congress,FRIENDS OF RAJA FOR CONGRESS,≤100
168045923617234,Thrive Global,These ads ran without a disclaimer,≤100
324119001078997,"Sanford Heisler Sharp, LLP","Sanford Heisler Sharp, LLP",≤100
237477017606,Club for Growth,Club for Growth,≤100
1690071827911682,Cleancult,cleancult,≤100
723113964421686,Justice for Christian Griggs,Dollie Sturdivant Griggs,≤100
681626158940626,Mission Roll Call,Americas Warrior Partnership,≤100
195704103779569,Savage Outdoors & The One,Amanda Harris Lee,≤100
7100914121,American Experience | PBS,WGBH EDUCATIONAL FOUNDATION,≤100
151944694884237,"Solidarity Strategies, LLC",Solidarity Strategies,≤100
369214063089791,Lummis for Wyoming,LUMMIS FOR WYOMING INC.,≤100
502320477205654,I’m Bout Making My Ancestors Proud,Heritage Hill LLC,≤100
331037760381749,Sierra Magazine,SIERRA CLUB,≤100
108090464296366,Republican Patriots,I Love My Freedom,≤100
911829795826330,Mark Penn Polls,AIRSNEXT Media,≤100
407664862957433,Ammar Campa-Najjar for Congress,AMMAR CAMPA-NAJJAR FOR CONGRESS,≤100
248262725706461,Power The Future,Power The Future Inc,≤100
345378512258813,Elise Stefanik,ELISE FOR CONGRESS,≤100
100543701730020,Against Hate at FSU,Against Hate at FSU,≤100
109379393894282,Keep Texas Moving,TEXAS ASSOCIATION OF BUSINESS,≤100
2336022790003836,Patients + Providers United,Patients and Providers United,≤100
178024352559210,Great America PAC,GREAT AMERICA PAC,≤100
102617961152741,Barbara Bollier,BOLLIER FOR KANSAS,≤100
106629127527429,Kathy Barnette for Congress PA 04,Kathy Jean Barnette,≤100
8936818385,Accuracy in Media,"ACCURACY IN MEDIA, INC",≤100
100527118370698,Trump Supporters United,Jae W Seo,≤100
683872625157265,Theresa Greenfield,THERESA GREENFIELD FOR IOWA,≤100
50982313030,Food & Water Watch,Food & Water Watch,≤100
107234674355454,2bkkstore,Kim Yen Nguyen,≤100
101591551371555,Fire Mitch. Save America.,SAVE AMERICA FUND,≤100
26668999076,The Cato Institute,"CATO INSTITUTE, INC.",≤100
1613516851999536,Sunrise Movement,Sunrise,≤100
249024947110,WhoWhatWhy,REAL NEWS PROJECT INC,≤100
1459798707590633,The Devil Is A Lye,These ads ran without a disclaimer,≤100
1945837408977507,Michael Moates,-MICHAEL STEVEN MOATES,≤100
896759427103774,Modern Medicaid Alliance,Modern Medicaid Alliance,≤100
55549065733,Voto Latino,VOTO LATINO INC.,≤100
587676831343390,Raheem AI,RAHEEM AI,≤100
105433064492153,The Return 2020,The Return International,≤100
248306181862385,Live Lokai,Denise L Reina,≤100
341240953385902,Force Of Nature Meats,Force of Nature,≤100
801544546531118,Corey Strong for Congress,Corey O. Strong for Congress,≤100
1402827079932843,Low Income Relief,The Lighthouse Information Network LLC,≤100
116724816782696,Founders Right,Modern Millennial LLC,≤100
1145019702185006,Alliance for Safety and Justice,Alliance for Safety and Justice,≤100
59877921429,Lutheran Immigration and Refugee Service,"LUTHERAN IMMIGRATION AND REFUGEE SERVICE, INC.",≤100
292351509697,Jerusalem Prayer Team,Jerusalem Prayer Team,≤100
653079394725698,Aspiration,Aspiration,≤100
2339203789732156,Kim Mangone for Congress,COMMITTEE TO ELECT KIM MANGONE FOR CONGRESS,≤100
357554791340788,Liker,Omar Rivero,≤100
105306157754134,Biggerstaff for LD22,Biggerstaff for LD 22,≤100
1389807071117013,Lynn Afendoulis,Lynn Afendoulis for Congress,≤100
101627648252107,My Health Expert,These ads ran without a disclaimer,≤100
420424547981908,In Search of Liberty,Scott Dennis Welch,≤100
1709145412721991,The Center for Growth and Opportunity at Utah State University,The Center for Growth and Opportunity,≤100
121626482110,Operation Smile,"OPERATION SMILE, INC.",≤100
444843026057642,Born From A Wave,Born From A Wave LLC,≤100
346390085432744,Sean Patrick Maloney,SEAN PATRICK MALONEY FOR CONGRESS,≤100
518194348194441,RepresentUs,RepresentUs,≤100
39432041915,Capital Research Center,CAPITAL RESEARCH CENTER INC,≤100
8749090685,GoDaddy,GoDaddy,≤100
342006339184405,National Children's Alliance,NATIONAL CHILDRENS ALLIANCE INC,≤100
113313830408238,Drain The Swamp Collection,Drain The Swamp Collection,≤100
107698564046392,Lauren Boebert for Congress,LAUREN BOEBERT FOR CONGRESS,≤100
1448984361857166,Florida Federation for Children PAC,Florida Federation for Children,≤100
1015449978587077,Alliance for Youth Action,The Alliance For Youth Action,≤100
113223650193301,MAGA REVOLUTION,Apse Media LLC,≤100
477131125780900,The War Horse,War Horse News,≤100
97466887664,Innocence Project,"INNOCENCE PROJECT, INC., THE",≤100
113335773562471,President Trump For Re-Election,Great American Era,≤100
7292655492,MoveOn,MOVEON.ORG CIVIC ACTION,≤100
357750373755,National Domestic Workers Alliance,National Domestic Workers Alliance,≤100
103150364587807,Gun Owners Care,National Shooting Sports Foundation,≤100
222745994575140,Project ChildSafe,"NATIONAL SHOOTING SPORTS FOUNDATION, INC.",≤100
1700622986725945,"Luke Orlando, Pearland Councilman",Councilman Luke Orlando,≤100
105698674239617,Embed News,Embed News,≤100
307943569254319,Florida Rights Restoration Coalition,Florida Rights Restoration Coalition,≤100
114209360263932,On Point with Rachel Tourgeman,Rachel Tourgeman,≤100
101788601255619,Mark Sidney,Power To The Publisher,≤100
79047202856,People's World,People's World,≤100
2223151871134889,Trump45Merch,Thomas Charles Granack,≤100
911828698840246,ReLEntless Defender Apparel,These ads ran without a disclaimer,≤100
8225139261,New York Republican State Committee,NEW YORK REPUBLICAN STATE COMMITTEE,≤100
393330191303459,YouGov Signal,YouGov US,≤100
102750021183412,Justice U,Altus Solutions Inc,≤100
290337437800395,Patrick Morales,Vote Morales 2020,≤100
305859026094125,Texas Latino Conservatives,Texas Latino Conservatives PAC,≤100
785936231584382,Paula Jean Swearengin,Paula Jean for West Virginia,≤100
711909245654048,National Police Support Fund,National Police Support Fund,≤100
198875903295,Trek Bicycle,TREK BICYCLE CORPORATION,≤100
147368882623027,Black Futures Lab,Black Futures Lab,≤100
77130778113,Coalition for Medicare Choices,Coalition for Medicare Choices,≤100
150720154976207,Protect My Public Media,"APTS Action, Inc.",≤100
304062610300415,VozWire,Gregson E Mathe,≤100
131217580266597,National Council on Aging,"NATIONAL COUNCIL ON AGING, INC.",≤100
77790954801,Salesian Missions,Salesian Missions,≤100
101041998305221,The Proud Republicans,Great American Era LLC,≤100
195422661040922,Saundra McDowell,Saundra McDowell for Missouri,≤100
121033149320,American Indian College Fund,"AMERICAN INDIAN COLLEGE FUND, THE",≤100
9316648525,The Chicago School of Professional Psychology,TCS Education System,≤100
657708380952174,Voices of the Civil Rights Movement,Comcast,≤100
249455845761285,Lindsey Must Go,LMG PAC,≤100
13885075114,Action Against Hunger USA,ACTION AGAINST HUNGER - USA,≤100
248468095247223,Rastaclat,Rastaclat,≤100
173837496125511,Conscious Step,Conscious Step,≤100
142370046577999,Shahid Buttar for Congress,Shahid Buttar for Congress Committee,≤100
334748476594191,Rodney Davis,Rodney for Congress,≤100
341513602902369,CALL TO ACTIVISM,CALL TO ACTIVISM,≤100
107569650978840,Sanall,Sanall,≤100
36872302227,Cory Booker,Cory Booker for Senate,≤100
103617578071596,Anti-racism campaign,Anti-Racism Campaign,≤100
109551610742579,Judge Dale Cohen,"Dale Cohen, Non-Partisan, for Circuit Court Judge Group 30",≤100
107937014153581,Energized Health,John Jubilee Transformation LLC DBA Energized Health,≤100
102449671140258,Joshua Rydell for State Attorney,"Joshua Rydell, Democrat, for State Attorney",≤100
108296990863730,Hero Action Fund,Hero Action Fund,≤100
102413723172970,Nick Adams,Nick Adams,≤100
344690446467832,The Copper Courier,Courier Newsroom,≤100
115757826468774,Statsigo,Statsigo,≤100
102499901286348,Bold Vision P.C.,Bold Vision PC,≤100
158505287559920,Save the Storks,Diane Patricia Ferraro,≤100
299295363912730,New Politics Leadership Academy,New Politics Leadership Academy,≤100
1764185850558806,Apex Clean Energy,Apex Clean Energy,≤100
2317264024972785,American Populists,The New American Populist,≤100
680549575421741,UnitedVoice.com,"Beachside Media, Inc.",≤100
69039563201,Open Doors USA,"OPEN DOORS WITH BROTHER ANDREW, INC.",≤100
112880207070872,Windows Roof Driveway,Kenji None Tomoda,≤100
103966331128460,Trump Train 2020 Campaign Tour,The Trump Train,≤100
105125801139360,Harry Mo Greene for Oro Valley,Mo 4 Oro Valley,≤100
540707072979860,Brian Maryott,MARYOTT FOR CONGRESS,≤100
51405613519,Focus on the Family,Focus on the Family,≤100
2012750189007245,Liquid Death Mountain Water,Liquid Death,≤100
2264090133834042,Invite Research,Precision Network,≤100
101174331629641,Ring The Alarm,RingTheAlarm.US,≤100
377392172830318,Representative Ross Spano,Office of Representative Ross Spano,≤100
105872574403318,Project TAMMI,a research grant at The National Center on Addiction and Substance Abuse (CASA),≤100
206454762888,Nashville Rescue Mission,Nashville Rescue Mission,≤100
243947752771440,TJ Cox for Congress,TJ COX FOR CONGRESS,≤100
50711561090,Muslim Advocates,MUSLIM ADVOCATES,≤100
219643572044648,Prevail Card,"Prevail Card, LLC",≤100
543066585882629,Libertarian Country,Libertarian Country,≤100
102161004838994,Melissa Gould for Judge,Melissa Gould for Judge,≤100
466608670177692,Jonathan M. Tallman,Jonathan Tallman For State Representative,≤100
113733310380273,Committee to Elect Judge Terri Love,Committee to Elect Judge Terri F. Love,≤100
1023698444330392,The Tylt,The Tylt,≤100
169204449790211,Conservative News Today,"BizPac Review, Inc.",≤100
1553978148244954,Build With Strength,Build With Strength,≤100
620876905078050,Debt Chef,These ads ran without a disclaimer,≤100
102389457864860,Treehuggers Bracelets,ECOMX LLC,≤100
286084075135455,Support After Abortion,Support After Abortion,≤100
279846350948,St. Labre Indian School,St. Labre Indian School,≤100
698400060189827,Dan Sullivan,Alaskans for Sullivan,≤100
101485404914361,Bad News Wares,Bad News Wares,≤100
112475376954262,Clifford Stockton for Tennessee House of Representatives District 97,Friends For Clifford Stockton III,≤100
1947525322184514,One Fair Wage,One Fair Wage,≤100
21492729544,Catholic Relief Services,CATHOLIC RELIEF SERVICES - UNITED STATES CONFERENCE OF CATHOLIC BISHOPS,≤100
496306987059093,Bow Belle,Bow Belle Productions,≤100
624113997772825,North Dakotans for Comprehensive Energy Solutions,Americans for Comprehensive Energy Solutions,≤100
115589465160388,Scribner Books,Simon and Schuster,≤100
1443127535947107,Save the Children Action Network,Save the Children Action Network,≤100
148494598849,Milken Educator Awards,MILKEN FAMILY FOUNDATION,≤100
138141366212571,Gravis Marketing,GRAVIS MARKETING INC.,≤100
104027894318612,Inclusion2020,Inclusion2020,≤100
100696128366533,Compare-HealthPlans.com,These ads ran without a disclaimer,≤100
1555039491394668,CM Voter Center,CM Voter Center,≤100
106402714456835,Trees 4 Australia,Trees4Australia,≤100
143509339045414,Americans for Peace and Tolerance,"AMERICANS FOR PEACE AND TOLERANCE, INC.",≤100
18079407397,CPAC 2020,Conservative Political Action Conference,≤100
1628679613829742,Josh Hicks,Josh Hicks for Congress,≤100
110004720690586,Arkansas Strong,Arkansas Strong,≤100
9739634228,The Political Machine,"Hitcents.com, Inc",≤100
802271849850801,Freedom for All Americans,Freedom for All Americans,≤100
21455818797,Feed the Children,"FEED THE CHILDREN, INC.",≤100
111941237005726,Just The News,Just the News,≤100
186932688457686,CHNGE,CHNGE,≤100
103806957816376,Kat Cammack,KAT FOR CONGRESS,≤100
130945114804,World Jewish Congress,WORLD JEWISH CONGRESS AMERICAN SECTION INC,≤100
1614222468654688,Better Roads Nebraska,AGC Nebraska Chapter,≤100
243362776583569,Air Mail,Air Mail,≤100
1592459800995985,The Center for Medical Progress,These ads ran without a disclaimer,≤100
324372105110281,Author Lois Clymer,These ads ran without a disclaimer,≤100
1192579580831773,Supermajority News,Supermajority,≤100
124626320898336,Catholic Extension,"CATHOLIC CHURCH EXTENSION SOCIETY OF THE UNITED STATES OF AMERICA, THE",≤100
100391581727524,Defeat By Tweet,DEFEAT BY TWEET,≤100
142432192446984,David Horowitz Freedom Center,David Horowitz Freedom Center,≤100
373980880018659,Congresswoman Abigail Spanberger,the Office of Rep. Spanberger,≤100
468906559794011,LaunchGood,LaunchGood Inc.,≤100
288452868709310,Smart City Expo Atlanta,Smart City Expo Atlanta,≤100
217187838327836,The Story Exchange,The Story Exchange Foundation,≤100
238008626268343,Israel365,Teach for Israel Inc,≤100
252778660180,The Leaven,Leaven Program,≤100
384676381708957,Education NC,Education NC,≤100
8321461609,MomsRising.org,MomsRising Education Fund,≤100
315151565831,Ascension,Ascension Press,≤100
108421794235463,Yes for East Jefferson General Hospital,LCMC Health,≤100
197669827395385,Connected Commerce Council,Connected Commerce Council,≤100
123624513983,The Western Journal,The Western Journal,≤100
187809941803009,IVYPAC,IVYPAC,≤100
1668350569891953,Rainbow Movement,William James Ulrich,≤100
1654364364841305,Volinsky for New Hampshire,Volinsky for New Hampshire,≤100
180230069923,American Life League,American Life League,≤100
1099478666810053,Meals For Pets,Meals for Pets,≤100
241247646424302,Jahana Hayes,FRIENDS OF JAHANA HAYES,≤100
1653885501501009,Propeller,Propeller Enterprises,≤100
207549645977714,Families Belong Together,Families Belong Together,≤100
111970730196550,World War Zero,AMERICAN SECURITY PROJECT,≤100
664200923596900,Sustain,Grove Collaborative,≤100
1240843389352617,Sheila Cherfilus-McCormick for Congress,"SHEILA CHERFILUS MCCORMICK FOR CONGRESS, INC",≤100
872842866161157,One Nation Design,One Nation Design,≤100
137459917707,The Brookings Institution,The Brookings Institution,≤100
106868314285372,The Finance Kit,DYS Capital LLC,≤100
360303722260,Kathleen Williams for Montana,KATHLEEN WILLIAMS FOR MONTANA,≤100
338361856190688,Nevada GOP,NEVADA REPUBLICAN CENTRAL COMMITTEE,≤100
34701792581,EWTN,Eternal Word Television Network,≤100
101208514791301,Daniel Turner,Power The Future Inc,≤100
399366360669553,Jamaal Bowman for Congress,Bowman For Congress,≤100
505653766599222,America First with Dr. Sebastian Gorka,Salem Media,≤100
160513344045084,John Neely Kennedy,"John Kennedy for Us, Inc",≤100
105410567897348,Adopt an Officer,Adopt America LLC,≤100
8934429638,Planned Parenthood Action,Planned Parenthood Votes,≤100
493811210669780,Creative Action Network,Creative Action Network,≤100
458142697588014,AARP Public Policy Institute,AARP,≤100
232264683462806,"Arc Manor, LLC",ARC MANOR LLC,≤100
682990071843813,Center for the Study of Liberty,Center for the Study of Liberty,≤100
1708467695859543,Veteran Transition Mission,Sonia Ivelisse Barriera Ayala,≤100
800515836647542,Yellowstone County Republicans,Yellowstone County Republican Central Committee,≤100
157307331013957,The History List,The History List,≤100
105368190818267,Corky Messner for Senate,MESSNER FOR SENATE,≤100
41309865723,Democrats.com,DEMOCRATS.COM,≤100
161879897191723,EarthX,EarthX,≤100
53541257714,The Arc of the United States,"ARC OF THE UNITED STATES, INC., THE",≤100
102564128179023,Truth to Power,TRUTH TO POWER,≤100
114367169942433,Illinois Real ID,Illinois Real ID,≤100
153278754738777,Climate Reality,The Climate Reality Project,≤100
348839551906904,Democracy in Color,POWERPAC DOT ORG,≤100
219247332354785,Phil Arballo for Congress,ARBALLO FOR CONGRESS,≤100
18017481462,Acton Institute,Acton Institute,≤100
166738743732702,All Above All Action,All Above All Action Fund,≤100
2133130356918764,Common Justice,COMMON JUSTICE INC,≤100
182079698493370,Portside,Portside,≤100
111772843789224,HURD PAC,HAVING UNWAVERING RESOLVE AND DETERMINATION PAC,≤100
472981489476333,Alan Cohn,COHN FOR CONGRESS 2020,≤100
592074077639509,Donald Trump Is Our President,Power To The Publisher,≤100
105331754570572,Presidents Mint,Kevin Ross Santiago,≤100
165566613453452,ERLC,ETHICS AND RELIGIOUS LIBERTY COMMISSION OF THE SOUTHERN BAPTIST,≤100
718475924980443,Amsterdam & Partners LLP,Amsterdam & Partners LLP,≤100
118144946259472,Marcus Chambers for Superintendent,Marcus D Chambers For Superintendent of Schools Campaign,≤100
110731684021924,StillurPresident,StillUrPresident,≤100
1819658374974706,Arena,Arena PAC,≤100
7209432197,Chris Coons,CHRIS COONS FOR DELAWARE,≤100
525171637666780,Sandy Piña California Delegate,RCR,≤100
1338822066131069,Women's March,Women's March,≤100
104505064408799,Cove USA,"Cove USA, LLC",≤100
101853374572717,Retirement U,Robert Jared Wilkins,≤100
110316697328742,People of Seniors Housing,People of Seniors Housing,≤100
101352851565699,Somos PAC,SOMOS PAC,≤100
19182454196,Newt Gingrich,"Premiere Marketing, Inc.",≤100
598720023670599,Jennifer Carroll Foy,Jennifer Carroll Foy for Governor,≤100
317667194946264,Ro Khanna,RO FOR CONGRESS INC,≤100
624550574594107,Vanguard Field Strategies,Vanguard Field Strategies,≤100
28510612138,Uncommon Knowledge,Hoover Institution,≤100
17432811417,Working Families Party,Working Families Party,≤100
95135221781,Federal News Network,Hubbard Radio DC,≤100
346937065399354,Occupy Democrats,Omar Rivero,≤100
260713150211,Protect Our Winters,Protect Our Winters,≤100
1658135304460341,MANG,MANG,≤100
110274720431086,Phyllis Harvey-Hall for US House District 2,CAMPAIGN TO ELECT PHYLLIS HARVEY-HALL,≤100
2476697005733769,Nations' 9th of Av,Nations 9th of Av,≤100
79820371749,Ayanna Pressley,THE COMMITTEE TO ELECT AYANNA PRESSLEY,≤100
1765073800454902,Reform Austin,Reform Austin Inc.,≤100
53727956260,Republican Jewish Coalition,Republican Jewish Coalition,≤100
168876449866088,The Years Project,The Years Project,≤100
40912053758,Ohio Republican Party,Ohio Republican Party,≤100
6165653060,AFSCME,AMERICAN FEDERATION OF STATE COUNTY & MUNICIPAL EMPLOYEES,≤100
38882699096,Polaris,POLARIS PROJECT,≤100
856086028066485,Persona,"Persona Media, Inc.",≤100
28446275521,Military Officers Association of America (MOAA),Military Officers Association of America,≤100
44340057816,Uncommon Goods,UncommonGoods,≤100
100729641303493,ICount NM,I Count New Mexico,≤100
7292655492,MoveOn,MOVEON.ORG POLITICAL ACTION,≤100
189452770432,Women's Campaign Fund,WOMENS CAMPAIGN FUND INC,≤100
1750385168625232,John McGuire for Congress,John McGuire for Virginia,≤100
935639933233835,Congressman Charlie Crist,Office of Congressman Charlie Crist,≤100
102970113093477,Church Militant/St. Michael’s Media,Max Aldcander Douglas,≤100
43821078871,Transport Workers Union (TWU),Transport Workers Union of America,≤100
32802178807,Homes For Our Troops,Homes For Our Troops,≤100
1135715163236187,My Vote Project,The First Coast Leadership Foundation,≤100
2070944712939738,American Police Officers Alliance,American Police Officers Alliance,≤100
1397799040234106,OpinionUP,OpinionUP LLC,≤100
1817141358516736,Fifty50 Apparel,Fifty50 Apparel,≤100
111499100431,National Association for Gun Rights,NATIONAL ASSOCIATION FOR GUN RIGHTS INC,≤100
194204731012691,Cloud Accounting Podcast,Cloud Accounting Podcast,≤100
197760674021143,Indivisible Guide,INDIVISIBLE ACTION,≤100
2259323457517498,Abolish the Electoral College,ABOLISH THE ELECTORAL COLLEGE,≤100
5720973755,Defenders of Wildlife,DEFENDERS OF WILDLIFE,≤100
700153177010264,Plant Based Products Council,Plant Based Products Council,≤100
511235549007985,PRJKT RUBY,PRJKT RUBY,≤100
164513254148611,America's Voice News,Barbara Jean Lawrence,≤100
108503659576,National Coalition for Public School Options,National Coalition for Public School Options,≤100
546707688675095,Smart Approaches to Marijuana,SAM Action,≤100
1612726335627171,We the Internet TV,We the Internet TV,≤100
830890360316751,Nick Hanauer,Civic Action,≤100
807413476285845,Prism,DAILY KOS EDUCATION FUND,≤100
2338979479650120,Genevieve Collins for Congress,COLLINS FOR TEXAS,≤100
265045056894488,Mark Meckler,Convention of States Action,≤100
408252582872693,Daniella Levine Cava,"Daniella Levine Cava, Non-Partisan, for Miami-Dade County Mayor",≤100
1807181726160635,Noble Energy,"NOBLE ENERGY, INC.",≤100
122773549121265,President Trump for Nobel Peace Prize 2020,Tarek None Kteleh,≤100
111237577031486,AquiPor Technologies,William Powers,≤100
336848256815114,Eyeless on Campus,reconpresseusa,≤100
21647204289,Michigan Education Association,Michigan Education Association,≤100
421486244558294,Ross Spano,ROSS SPANO FOR CONGRESS,≤100
210357995667559,The National Memo,The National Memo,≤100
103235554648484,Elect Scientists,314 ACTION FUND,≤100
294508332028,Lakota People's Law Project,ROMERO INSTITUTE,≤100
399067003454888,Sudan Relief Fund,Sudan Relief Fund Inc,≤100
1480531258923286,JDoe,Ryan Michael Soscia,≤100
139062085972,Illinois Family Institute,"ILLINOIS FAMILY INSTITUTE, THE INC",≤100
17432811417,Working Families Party,Working Families Party National Independent Expenditure Committee,≤100
75353945070,Boxed Water Is Better,Boxed Water Is Better,≤100
216705888361546,Elbert Lee Guillory,ELBERT GUILLORY'S AMERICA,≤100
166087830076297,WebPT,WebPT,≤100
313723095478950,The Daily Citizen,Focus on the Family,≤100
566008736785269,Be Heard Project,Be Heard Project,≤100
129007741060490,Steven Linne for Florida House,Steven Linne for Florida House,≤100
100414028232700,Zyppah,These ads ran without a disclaimer,≤100
288881517835621,CEAI Christian Educators Association International,CHRISTIAN EDUCATORS ASSOCIATION INTERNATIONAL,≤100
127913103970095,C Club of Houston,The "C" Club of Houston,≤100
286515034783600,Anchorlot,Anchorlot,≤100
127637620616803,Comcast Newsmakers,Comcast,≤100
102988084816186,Tennesseans for Putting Students First,Tennesseans for Putting Students First,≤100
102540204580217,UpNorthNews,Courier Newsroom,≤100
101164484986617,To Be Frank Show,Real News PR,≤100
113891694102,Energy Citizens,AMERICAN PETROLEUM INSTITUTE,≤100
111342716880816,Doinks,"Big Doinks, LLC",≤100
152264148166020,Moms Clean Air Force,Moms Clean Air Force,≤100
1084856268238034,Trump Talking,Roberto None Lugo,≤100
1229789977123022,Debbie Lesko for Congress,DEBBIE LESKO FOR CONGRESS,≤100
708375056271048,The Christendom Curriculum,The Christendom Curriculum,≤100
717417908274761,Lady Freethinker,Lady Freethinker,≤100
175797376373,"WaterFurnace Geothermal Heating, Cooling & Hot Water","WATERFURNACE INTERNATIONAL, INC.",≤100
1518297238457643,Jeremiah Johnson Ministries,Jeremiah Johnson Ministries,≤100
350784278974539,Turning Point Action,Turning Point Action,≤100
2283535575207809,Ditch Mitch,DITCH FUND,≤100
113310617054164,Trump Baseball Bats,Trump Baseball Bats,≤100
2256321067930356,Liberteeclub,libertyteeshop,≤100
14440196673,Teamsters,INTERNATIONAL BROTHERHOOD OF TEAMSTERS,≤100
1370474066365196,F1RST WARRIOR,First Warrior,≤100
519590768083165,Abby Finkenauer for Congress,FINKENAUER FOR CONGRESS,≤100
1014291495249813,Politicon,Politicon,≤100
104952231285892,Marc Falzon,Marc A Falzon,≤100
413500232549343,National Vet Help,Illingworth Renner Basin Law Group LLP,≤100
922580991129339,People's Mojahedin Organization of Iran - MEK IRAN,MEK-Iran (Saeid Saadati),≤100
138492335404,Scott Walker,"Walker Group, LLC",≤100
165779706726,Country Music Artist Carl Ray,Carl Ray Williams,≤100
339432396135584,The Exodus Road,EXODUS ROAD INC,≤100
102180301437619,2020 American Defense Fund,C3 PAC,≤100
294196590710262,FWD.us,FWD.us,≤100
108906707265489,USA Pooch,"PRESIDENTIAL POOCH, INC",≤100
107953199261156,ifaw,"INTERNATIONAL FUND FOR ANIMAL WELFARE, INC.",≤100
2040270322863853,Tina Smith,TINA SMITH FOR MINNESOTA,≤100
42551620536,Equal Justice Works,EQUAL JUSTICE WORKS,≤100
44224524016,American Kidney Fund,"AMERICAN KIDNEY FUND, INC.",≤100
155443277896065,Dane Eagle,Dane Eagle For Congress,≤100
102908978166114,Liberty Leadership Fund,Liberty Leadership Fund,≤100
412739549455010,Karena Reiter,PrimaDonna Reeds,≤100
747436915270894,Congressional Leadership Fund,CONGRESSIONAL LEADERSHIP FUND,≤100
147918345434,ATPE - Association of Texas Professional Educators,ASSOCIATION OF TEXAS PROFESSIONAL EDUCATORS,≤100
108777231824,Manhattan Institute for Policy Research,MANHATTAN INSTITUTE FOR POLICY RESEARCH INC,≤100
110010433804232,Falkirk Center,Falkirk Center,≤100
114885646899438,Mr. 45th,Clush,≤100
107210084216238,Humanity Forward,Humanity Forward,≤100
720943967965149,AFSCME Retirees,AMERICAN FEDERATION OF STATE COUNTY & MUNICIPAL EMPLOYEES,≤100
7962229886,Environmental Working Group,ENVIRONMENTAL WORKING GROUP,≤100
114971076538782,The Keystone,Courier Newsroom,≤100
300341323465160,The Daily Signal,HERITAGE FOUNDATION (THE),≤100
1800072483402009,African Community & Conservation Foundation,African Community & Conservation Foundation,≤100
104684067632334,Unite the Country,UNITE THE COUNTRY,≤100
1951546235101796,Leo Dunson,Leo Louis Dunson,≤100
102703188127463,Winning Energy,Winning Energy LLC,≤100
83960796709,Institute for Southern Studies,INSTITUTE FOR SOUTHERN STUDIES INC,≤100
420756238503932,Your American Flag Store,Your American Flag Store,≤100
333081284065216,Brynne Kennedy for Congress,BRYNNE KENNEDY FOR CONGRESS,≤100
497348647140658,Point Source Youth,Point Source Youth,≤100
1000253160054572,Cori Bush,CORI BUSH FOR CONGRESS,≤100
104038541334426,BailoutWatch,Elisabeth Marie Soto,≤100
108106344055747,Unlock American Investment,The U.S. Chamber of Commerce,≤100
112058837201547,Black Lives Matter Merch,Black Lives Matter Merch,≤100
97624620788,American Friends of Magen David Adom,AMERICAN FRIENDS OF MAGEN DAVID ADOM,≤100
32975139631,If Americans Knew,If Americans Knew,≤100
104881317722736,Get-It-Out,Matthew Justin Viles,≤100
322870825821,Macmillan Audio,"HOLTZBRINCK PUBLISHERS, LLC",≤100
106333028376,"Nichols Kaster, PLLP",Nichols Kaster PLLP,≤100
6713653788,Gary Peters,PETERS FOR MICHIGAN,≤100
808450969246896,"Rebecca Walser, Tax Attorney, CFP",Walser Wealth Management,≤100
106094321174784,Edward Mouton for City Judge,EDWARD MOUTON FOR JUDGE,≤100
141692255929599,Democratic Socialists of America,DEMOCRATIC SOCIALISTS OF AMERICA INC,≤100
113553048669158,Rick Scott,TEAM RICK SCOTT,≤100