﻿Page ID,Page Name,Disclaimer,Amount Spent (USD)
7860876103,Joe Biden,BIDEN VICTORY FUND,1334
20787991568,Senate Democrats,DSCC,1074
153080620724,Donald J. Trump,TRUMP MAKE AMERICA GREAT AGAIN COMMITTEE,773
100221518205428,Hawaii Counts,Hawaii Community Foundation with Facebook Ad Credits,637
156968474833352,Stop Republicans,Stop Republicans,318
202626512363,U.S. Census Bureau,U.S. Census Bureau,252
1615018905412860,Progressive Turnout Project,PROGRESSIVE TURNOUT PROJECT,251
1771156219840594,Team Trump,TRUMP MAKE AMERICA GREAT AGAIN COMMITTEE,211
100221518205428,Hawaii Counts,Hawaii Community Foundation,205
108532854270360,One Oahu,City & County of Honolulu,180
96935476345,Democratic Governors Association (DGA),Democratic Governors Association,163
127755494595870,Progressive Takeover,PROGRESSIVE TAKEOVER,154
114710126648118,Republican Dogs,Republican Dogs,129
8501031021,VoteVets.org,VOTEVETS,129
366090970546106,Tasha Kama,Kama 4 Council,116
473191156175163,EDF Action,Environmental Defense Action Fund,106
100391581727524,Defeat By Tweet,DEFEAT BY TWEET,102
103052507906612,Rick Blangiardi for Mayor,Friends of Rick Blangiardi,102
101165966152,AFL-CIO,AFL-CIO,≤100
165987503528599,Lindsey Graham,"TEAM GRAHAM, INC.",≤100
107126920907174,Ikaika Marzo,Marzo 4 Mayor,≤100
6726182861,Mike Pence,TRUMP MAKE AMERICA GREAT AGAIN COMMITTEE,≤100
135533086461631,Hawaii Children's Action Network,HAWAII CHILDREN'S ACTION NETWORK,≤100
747436915270894,Congressional Leadership Fund,CONGRESSIONAL LEADERSHIP FUND,≤100
328072970642479,Jaime Harrison,JAIME HARRISON FOR US SENATE,≤100
176789922364429,Steve Daines,STEVE DAINES FOR MONTANA,≤100
104919517531062,Vote Yes For Fairness,Vote Yes for Fairness,≤100
24413227922,Kamala Harris,BIDEN VICTORY FUND,≤100
104856814505092,The Kids Guide,The Kids Guide,≤100
168051710543266,Lacy Johnson,Lacy Johnson for Congress,≤100
5435784683,Greenpeace USA,"GREENPEACE, INC.",≤100
203197030603239,8 Billion Trees,8 Billion Trees,≤100
925007000949719,ExxonMobil,Exxon Mobil Corporation,≤100
328853823844484,Balance of Power,Balance of Power,≤100
602714436529710,End Citizens United,END CITIZENS UNITED,≤100
2352630938293825,Mytacticalpromos,Entremax,≤100
2330577043935831,Sara Gideon,SARA GIDEON FOR MAINE,≤100
2352551028300986,Honua Ola,Honua Ola Bioenergy,≤100
1163921807008864,MINT & LILY,Mint&Lily,≤100
107210084216238,Humanity Forward,Humanity Forward,≤100
665345483483486,NRA - National Rifle Association of America,NATIONAL RIFLE ASSN OF AMERICA,≤100
1635441679872518,Kimberly Klacik,Kim Klacik for Congress,≤100
1793349580952250,Sam Slom for Hawaii,Samuel Morgan Slom,≤100
338028696036,Yahoo News,Verizon Media Inc,≤100
7833534974,Florida Democratic Party,Florida Democratic Party,≤100
97493741436,John W. Hickenlooper,HICKENLOOPER FOR COLORADO,≤100
85452072376,Newsmax,Newsmax Media,≤100
314499212242,Pfizer,Pfizer Inc.,≤100
830121337093232,National Democratic Training Committee,NATIONAL DEMOCRATIC TRAINING COMMITTEE PAC,≤100
8325302025,Friends of the Earth U.S.,Friends of the Earth,≤100
114752699886655,Amemiya For Mayor,Amemiya For Mayor,≤100
81124177592,Planned Parenthood of the Great Northwest and the Hawaiian Islands,Planned Parenthood of the Great Northwest and Hawaiian Islands,≤100
1336293769761923,Jon Ossoff,JON OSSOFF FOR SENATE,≤100
240532939344886,Mitch Roth for Mayor,Friends of Mitch Roth,≤100
113866297044180,Friends of Rick Nava,Friends of Rick Nava,≤100
96935476345,Democratic Governors Association (DGA),DEMOCRATIC ACTION,≤100
106244251043808,Reuse Plastics,"AMERICAN CHEMISTRY COUNCIL, INC.",≤100
101279451606075,Democratic Strategy Institute,Democratic Strategy Institute,≤100
1419388578092947,Anna Paulina Luna,ANNA PAULINA LUNA FOR CONGRESS,≤100
100137754724934,Trump 2020 Supporters,Proud Right Winger,≤100
25852730092,Care2,Care2 Inc,≤100
659763257512664,Kym Pine Mayor 2020,Friends of Kymberly Pine,≤100
104614641200137,MeidasTouch,MEIDASTOUCH,≤100
675471506247724,Adair for Congress,ADAIR FOR CONGRESS,≤100
92925746942,Judicial Watch,Judicial Watch,≤100
327837911149503,2A4Life,2A4LIFE LLC,≤100
277005566267077,Blueland,Blueland,≤100
791543660926838,"I'll go ahead and keep my guns, Thanks",2A4LIFE LLC,≤100
596556607135301,The Earthling Co.,The Earthling Co.,≤100
111393882812494,Amy McGrath,"AMY MCGRATH FOR SENATE, INC.",≤100
228754857151053,House Majority PAC,House Majority PAC,≤100
107081137797631,The Second Essentials,Yoonjoo Park,≤100
259130650776119,Mitch McConnell,MCCONNELL SENATE COMMITTEE,≤100
107654924064350,Pat Timmons-Goodson,PATRICIA TIMMONS-GOODSON FOR CONGRESS,≤100
428821014132730,Katie Porter,Katie Porter For Congress,≤100
6204742571,Sierra Club,SIERRA CLUB,≤100
1316372698453411,Alexandria Ocasio-Cortez,Alexandria Ocasio-Cortez for Congress,≤100
116222966843926,US Concealed,US Concealed,≤100
588113904993568,Kai Kahele,KAHELE FOR CONGRESS,≤100
2353537341582545,Proud Patriots,Proud Patriots,≤100
7263476274,Mercy Corps,Mercy Corps,≤100
158791100909689,Concerned Veterans for America,Concerned Veterans for America,≤100
108182477657777,Georgia United Victory,Georgia United Victory,≤100
374091639315338,Lauren Cheape Matsumoto,Friends of Lauren Matsumoto,≤100
2267285956849056,Donald Trump 2020 Fans,I Love My Freedom,≤100
106323360959211,Patriots Republic,Matthew James Stine,≤100
163148530407080,Captain Mark Kelly,MARK KELLY FOR SENATE,≤100
101788168307680,Pause Politics,FreedomWorks Foundation,≤100
15524934075,Banana Republic,Banana Republic,≤100
278490715553293,Martha McSally,MCSALLY FOR SENATE INC,≤100
20395377020,Old Navy,Old Navy LLC,≤100
104504438466,Federal Voting Assistance Program - FVAP,Federal Voting Assistance Program,≤100
598924810530984,Keeping America Great,FamTeeWorld,≤100
5633824547,FreedomWorks,"FREEDOMWORKS, INC.",≤100
1439829396312534,The Movement for Black Lives,Movement for Black Lives,≤100
106663044307859,Mike Sievert,"T-MOBILE USA, INC.",≤100
926650430723985,Really American,REALLY AMERICAN PAC,≤100
7292655492,MoveOn,MOVEON.ORG POLITICAL ACTION,≤100
433919203362871,Bird + Stone,BIRD & STONE INC,≤100
106973694007283,Keep America Great Again,KagaGear.com,≤100
8934429638,Planned Parenthood Action,Planned Parenthood Action Fund,≤100
103185334702225,Stop Trump PAC,STOP 45 PAC,≤100
376638603087168,Save The Earth,8 Billion Trees,≤100
35169196082,Project HOPE,"PROJECT HOPE-THE PEOPLE-TO-PEOPLE HEALTH FOUNDATION, INC.",≤100
105577974544303,The USA Needs More Patriots,AmeriPolling,≤100
108557097612242,Vote By Mail PAC,Vote By Mail PAC,≤100
20876805343,March of Dimes,MARCH OF DIMES INC.,≤100
373814729643508,Let America Vote,LET AMERICA VOTE PAC,≤100
1061240530648502,Joe Collins,JOE COLLINS FOR CONGRESS,≤100
717115395103069,PrintedKicks,Printed Kicks,≤100
100318944827269,Amy Kennedy,AMY KENNEDY FOR CONGRESS,≤100
1883837055193241,Shield Republic,Shield Republic,≤100
2037695643113766,Blexit,Blexit Foundation,≤100
38235851310,USA for UNHCR,UNITED STATES ASSOCIATION FOR UNHCR,≤100
107174427655040,Steve Monas for State House,Friends of Steve Monas,≤100
103597604713894,Team Trump Store,TRUMP MAKE AMERICA GREAT AGAIN COMMITTEE,≤100
127225910653607,PragerU,PragerU,≤100
167586229923327,World Food Program USA,World Food Program USA,≤100
221737825045321,Trish La Chica for Mililani State House District 36,TLC For Mililani,≤100
140357056032320,NEA Today,National Education Association,≤100
105732744375701,Steve Bullock,MONTANANS FOR BULLOCK,≤100
10423517786,Harvard Business Review,HARVARD BUSINESS SCHOOL PUBLISHING CORPORATION,≤100
159964696102,Kevin McCarthy,KEVIN MCCARTHY FOR CONGRESS,≤100
219612384781411,Bloomberg Philanthropies,Bloomberg Philanthropies,≤100
43287633515,Alliance for Climate Education,Alliance for Climate Education,≤100
105577974544303,The USA Needs More Patriots,Anthony Alexander Morales,≤100
1109093812491437,Blaze Media,Blaze Media LLC,≤100
309308412520731,Sandy Hook Promise,Sandy Hook Promise,≤100
5720973755,Defenders of Wildlife,DEFENDERS OF WILDLIFE,≤100
9324910069,NRSC,NRSC,≤100
109092142462587,Adam Schiff,SCHIFF FOR CONGRESS,≤100
605168822998856,314 Action,314 ACTION FUND,≤100
7292655492,MoveOn,MOVEON.ORG CIVIC ACTION,≤100
96171427550,Raja for Congress,FRIENDS OF RAJA FOR CONGRESS,≤100
109379100777665,Patriotism Isn't Dead,Patriot Polling,≤100
376776419037747,Turning Point USA,Turning Point USA,≤100
156994304362574,American Bridge 21st Century,AB PAC,≤100
103373224404755,Impact Slates,COLLECTIVE IMPACT PAC,≤100
19192438096,AAAS - The American Association for the Advancement of Science,American Association for the Advancement of Science,≤100
6236054211,Brady,Brady Campaign to Prevent Gun Violence,≤100
163302087408673,Stop The Donald,Stop the Donald,≤100
15239367801,The Wilderness Society,"WILDERNESS SOCIETY, THE",≤100
36474716066,Color Of Change,ColorofChange.org,≤100
51405613519,Focus on the Family,Focus on the Family,≤100
23875187730,Feeding America,Feeding America,≤100
128191957875317,Cooking With Hope,Soyoung Cho,≤100
461204744067686,Family Protection Association,Family Protection Association,≤100
100233228182981,Madison Cawthorn for Congress,CAWTHORN FOR NC,≤100
24330467048,Americans for Prosperity,AMERICANS FOR PROSPERITY,≤100
118502801658228,Young Kim,Young Kim for Congress,≤100
355316521236121,John Cornyn,TEXANS FOR SENATOR JOHN CORNYN INC.,≤100
1809078699219595,Fat Tire,"NEW BELGIUM BREWING COMPANY, INC.",≤100
1609349729157998,Will Espero for Hawaii,Friends of Will Espero,≤100
197760674021143,Indivisible Guide,INDIVISIBLE ACTION,≤100
6820348410,Kirsten Gillibrand,Off the Sidelines,≤100
839110726214614,Realtors,NATIONAL ASSOCIATION OF REALTORS,≤100
102411434826327,Senator Kim-Marshall,Friends of Kristina Kim-Marshall,≤100
10150100007820094,Wendy Davis,WENDY DAVIS FOR CONGRESS,≤100
2185993931653388,The Recount,"Recount Media, Inc",≤100
322551718276442,Lemons Are Blue,Lockwell LLC,≤100
100256754899828,Patriot's Cave,Patriots Cave,≤100
309798029121030,Everytown for Gun Safety,Everytown for Gun Safety Action Fund Inc,≤100
108118933908193,Next Level Goods,Next Level Goods LLC,≤100
197090980416682,Keli'i Akina,Kelii Akina Campaign Committee,≤100
429812024048177,Doug Jones for Senate,DOUG JONES FOR SENATE COMMITTEE,≤100
407664862957433,Ammar Campa-Najjar for Congress,AMMAR CAMPA-NAJJAR FOR CONGRESS,≤100
109111900634787,Reverend Raphael Warnock,WARNOCK FOR GEORGIA,≤100
683872625157265,Theresa Greenfield,THERESA GREENFIELD FOR IOWA,≤100
156268994819596,Marc J. Bern & Partners LLP,Marc J. Bern & Partners LLP,≤100
263210730984251,We Are Great Again Pac,WE ARE GREAT AGAIN PAC,≤100
104263277893278,Project Glamour,Evan Lee Ha,≤100
126694924050678,Xavier Becerra,Becerra for Attorney General 2022,≤100
19437978960,Chris Murphy,FRIENDS OF CHRIS MURPHY,≤100
54684090291,Partnership to End Addiction,The National Center on Addiction and Substance Abuse with Facebook ad credits,≤100
102617961152741,Barbara Bollier,BOLLIER FOR KANSAS,≤100
112566877032386,Michael Chapman for State House HI-45,Friends of Michael Chapman,≤100
372685013112463,Mayor Harry Kim,County of Hawaii,≤100
18982436812,ACLU,American Civil Liberties Union,≤100
95356211637,Ben Ferguson,Ben Ferguson show,≤100
342294162453301,Planned Parenthood,Planned Parenthood Federation of America,≤100
305832706292882,American Gun Association,GunAssociation.org,≤100
176466646087311,DC Fawcett,VREIC,≤100
103983379801,Texas Democratic Party,SUPER STATES 2020,≤100
108029674299216,We The People,We The People,≤100
546066468753446,Black Health Matters,BLACK HEALTH MATTERS FOUNDATION INC,≤100
113666459994300,Big Dan Rodimer for Congress,RODIMER FOR CONGRESS,≤100
223055747744143,Beto O'Rourke,Powered By People,≤100
195530355493,Chicks On The Right,Chicks on the Right,≤100
393932827634250,Dissent Pins,Common Practice,≤100
215199482635728,Alek Skarlatos,ALEK FOR OREGON,≤100
15687409793,World Wildlife Fund,World Wildlife Fund,≤100
585942765164217,Elect Democratic Women,ELECT DEMOCRATIC WOMEN,≤100
2339203789732156,Kim Mangone for Congress,COMMITTEE TO ELECT KIM MANGONE FOR CONGRESS,≤100
1488803804538481,Mike Siegel,MIKE SIEGEL FOR CONGRESS,≤100
30139072158,CARE,CARE,≤100
271835899503405,Dr. Addison Bulosan,Campaign for Dr. Addison Bulosan,≤100
296708523873754,Karla Dennis and Associates Inc.,"Karla Dennis & Associates, Inc",≤100
181183059253295,Dorsal Bracelets,Dorsal Bracelets,≤100
27544763621,Prison Fellowship,Prison Fellowship,≤100
110439270638992,NE1else,Time Management LLc,≤100
6231686654,Compassion International,"COMPASSION INTERNATIONAL, INCORPORATED",≤100
7962229886,Environmental Working Group,ENVIRONMENTAL WORKING GROUP,≤100
102745147891580,Trump Coolers,Eric Clifford Juels,≤100
6316744206,Jon Tester,MONTANANS FOR TESTER,≤100
109709397469494,Dignity Unbound,Dignity Unbound,≤100
292351509697,Jerusalem Prayer Team,Jerusalem Prayer Team,≤100
76625396025,CDC,U.S. Centers for Disease Control and Prevention with Facebook Ad Credits,≤100
151525932186806,When Democrats Turn Out,WHEN DEMOCRATS TURN OUT PAC,≤100
241621170478899,The Purpose of Allegiance,Harrison T Chung,≤100
788394134539871,USPS Business,United States Postal Service,≤100
109732864194443,The Patriot Warehouse,Evan Lee Ha,≤100
45393753416,Alliance Defending Freedom,Alliance Defending Freedom,≤100
104934207736995,Paycheck to Paycheck,Center for American Progress Action Fund,≤100
72186095846,Center For American Progress Action Fund,Center for American Progress Action Fund,≤100
971668776283950,PolicyEd,Hoover Institution,≤100
345378512258813,Elise Stefanik,ELISE FOR CONGRESS,≤100
1088950287806118,Climate Hustle 2,CFACT,≤100
123963360928,SiriusXM,SIRIUS XM RADIO INC.,≤100
655065784538368,PredictIt,"PredictIt - Prediction Markets. A project of Victoria University of Wellington, PredictIt has been established to facilitate research into the way markets forecast events.",≤100
629732217415068,Republican Party,Greater Half,≤100
8524198486,Physicians Committee for Responsible Medicine,"PHYSICIANS COMMITTEE FOR RESPONSIBLE MEDICINE, INC.",≤100
892673067526965,Project War Path,Project War Path,≤100
108273884315449,Real American Patriot,Gold Sky Ventures LLC,≤100
111428049989,Cal Cunningham,CAL FOR NC,≤100
530604487365010,Old Glory Flagpole Kits,Service First,≤100
30708742052,FCTRY,FCTRY,≤100
101058218380143,Hold Cops Accountable,People Power Initiatives,≤100
232352470149104,Sofia Carson,These ads ran without a disclaimer,≤100
5943727453,American Humane,American Humane,≤100
108109934203874,Insta Shop Boutique,Insta Shop Boutique,≤100
132492254050920,American AF,AAF Nation,≤100
11653741889,Ad Council,Ad Council with Facebook Ad Credits,≤100
560140464159364,Stand for the 2nd Amendment,SFT2 Tactical Supply,≤100
405469100189512,Still My President - Donald Trump,Red State Politics LLC,≤100
42002969352,Center on Budget and Policy Priorities,Center on Budget and Policy Priorities,≤100
894096170667732,Ashley Hinson,Ashley Hinson For Congress,≤100
152236424848913,Hawai‘i Appleseed Center for Law and Economic Justice,HAWAII APPLESEED CENTER FOR LAW AND ECONOMIC JUSTICE,≤100
149081336362,AmeriCorps VISTA,Corporation for National and Community Service,≤100
16477459734,League of Conservation Voters,"LEAGUE OF CONSERVATION VOTERS, INC",≤100
723230294365909,Ho'ola Na Pua,Ho'ola Na Pua,≤100
18813753280,Human Rights Campaign,"HUMAN RIGHTS CAMPAIGN, INC",≤100
117641114435,First Aid Beauty,First Aid Beauty,≤100
101127364972509,Dems For USA,Dems For USA,≤100
7814597100,Jim Jordan for Congress,JIM JORDAN FOR CONGRESS,≤100
213792049451918,Stand For America,Stand For America Inc,≤100
46093654473,National Republican Congressional Committee,NRCC,≤100
1690071827911682,Cleancult,cleancult,≤100
712545702142226,Lorraine Shin,Lorraine For House District 1,≤100
1658135304460341,MANG,MANG,≤100
50982313030,Food & Water Watch,Food & Water Watch,≤100
245741028804051,Barbara Sinatra Center,Barbara Sinatra Children's Center,≤100
110962313941403,Vote from Home 2020,PEOPLE FOR GOVERNMENT PAC,≤100
111350763789182,County Council Member Alice Lee,Maui County Council Office of Council Chair Alice Lee,≤100
61265398450,AmeriCorps NCCC,Corporation for National and Community Service,≤100
18983389920,Open Society Foundations,Open Society Foundations,≤100
183424985463330,Joe Cunningham,JOE CUNNINGHAM FOR CONGRESS,≤100
6355071377,American Cancer Society Cancer Action Network - ACS CAN,AMERICAN CANCER SOCIETY CANCER ACTION NETWORK INC,≤100
102816294565613,Primordial Press,Michael Abraham Rothman,≤100
142992759853421,Be A Hero,BE A HERO PAC,≤100
104170004713256,Elect Black Democrats,THE COLLECTIVE PAC,≤100
44255328352,Farm Forward,Farm Forward,≤100
11791104453,NRDC,Natural Resources Defense Council,≤100
103449708166331,Stand Up For The Second Amendment,Kirsten May Siosan Andrade,≤100
336470580233523,Pins and Aces Golf Co.,US Craft Brands LLC,≤100
105084617912738,PatriotQuizzes,patriotquizzes.com,≤100
8550121410,Free Speech America Project,MEDIA RESEARCH CENTER,≤100
872842866161157,One Nation Design,One Nation Design,≤100
57259033959,AARP,AARP,≤100
169294473121454,Policetees.com,PoliceTees.com,≤100
231154884924705,AboutTrump.org - and Biden,A MARK FOUNDATION,≤100
267180743723148,National Geographic Society,National Geographic Society,≤100
1836138529938551,Greater Half,Greater Half,≤100
598720023670599,Jennifer Carroll Foy,Jennifer Carroll Foy for Governor,≤100
19746387261,Humane Society International,Humane Society International,≤100
8473889271,National Parks Conservation Association,National Parks Conservation Association,≤100
83290028957,Care Net,CARE NET,≤100
176466646087311,DC Fawcett,Donald Chappell Fawcett,≤100
1600352356914768,PushBlack,PushBlack,≤100
121067011091,Arab American Institute,Arab American Institute with Facebook Ad Credits,≤100
236369846383459,Congressional Black Caucus PAC,Congressional Black Caucus PAC,≤100
21559454473,FAIR,FEDERATION FOR AMERICAN IMMIGRATION REFORM,≤100
1530883997194411,United States Constitution,Flag and Cross,≤100
934438026690635,YouGov,YOUGOV AMERICA INC.,≤100
702582586516561,CBN Israel,"The Christian Broadcasting Network, Inc.",≤100
101459098271864,Vets United,Jae W Seo,≤100
281884085611820,Tedra Cobb,COMMITTEE TO ELECT TEDRA COBB,≤100
493811210669780,Creative Action Network,Creative Action Network,≤100
203197030603239,8 Billion Trees,8 Billion Trees LLC,≤100
100697751658498,Stronger.org,The Public Good Projects,≤100
102592959026,Ocean Conservancy,"OCEAN CONSERVANCY, INC.",≤100
294508332028,Lakota People's Law Project,ROMERO INSTITUTE,≤100
102564128179023,Truth to Power,TRUTH TO POWER,≤100
6713653788,Gary Peters,PETERS FOR MICHIGAN,≤100
109984394118472,Mask Exemption Cards,Mask Exemption Cards,≤100
95181800661,Levi's,Levi's®,≤100
102137374563260,Confide in American Pride,John Allen Franson,≤100
228661587494398,Friends of Heather Kimball,Friends of Heather Kimball,≤100
2256321067930356,Liberteeclub,libertyteeshop,≤100
593289284500311,Trump Rack,BOXD Marketing,≤100
1055873511190792,Hello Resistance,Hello Resistance Apparel,≤100
27311599342,Preemptive Love,Preemptive Love Coalition,≤100
782093245218764,Qasim Rashid,RASHID FOR VA,≤100
1005566252861190,VOTEPROCHOICE,DEMOCRATS.COM,≤100
210333902420876,Sean Parnell,AMERICANS FOR PARNELL COMMITTEE,≤100
101329438317952,Story Network Action,Story Network Foundation,≤100
1925751504337881,MJ Hegar,MJ FOR TEXAS,≤100
8057376739,The Nature Conservancy,Nature Conservancy,≤100
1799282383731277,TwoSeventy,Alexander Jared Deutsch,≤100
100506848295759,Made to Fail,Made To Fail,≤100
166618413413767,Jay Sekulow,American Center for Law and Justice,≤100
8492293163,Environmental Defense Fund,Environmental Defense Fund,≤100
905962876138436,United Brotherhood of Carpenters and Joiners of America,United Brotherhood of Carpenters and Joiners of America,≤100
429233848012141,The HALO Trust USA,"HALO TRUST (USA), INC. (THE)",≤100
679171239164792,Supermajority,Supermajority,≤100
110849485902,United Way,United Way Worldwide with Facebook Ad Credits,≤100
911828698840246,ReLEntless Defender Apparel,ReLEntless Defender Apparel,≤100
129255907131113,NumbersUSA,NUMBERSUSA EDUCATION AND RESEARCH FOUNDATION,≤100
1642386799323957,Angie Craig,ANGIE CRAIG FOR CONGRESS,≤100
277414242013,Joyce Elliott for Congress,JOYCE ELLIOTT FOR CONGRESS,≤100
169597416843751,Stand Up America,Stand Up America,≤100
1204754733024419,People's Power Grab,ACRONYM,≤100
1841824626073676,Candace Valenzuela for Congress,CANDACE FOR 24,≤100
1013304945470529,My Pride Apparel,My Pride Apparel,≤100
105433064492153,The Return 2020,The Return International,≤100
10498053716,Media Research Center,MEDIA RESEARCH CENTER,≤100
398757490729,The National Network to End Domestic Violence,"NATIONAL NETWORK TO END DOMESTIC VIOLENCE, INC.",≤100
128167457221813,Public Transportation,Voices for Public Transit,≤100
172758932738142,PhRMA,PHARMACEUTICAL RESEARCH AND MANUFACTURERS OF AMERICA,≤100
38471053686,Elizabeth Warren,"WARREN DEMOCRATS, INC.",≤100
115364585711,Lawyers' Committee for Civil Rights Under Law,Lawyers' Committee for Civil Rights Under the Law with Facebook Ad Credits,≤100
21375324480,The Heritage Foundation,HERITAGE FOUNDATION (THE),≤100
1977738355807406,Sharice For Congress,SHARICE FOR CONGRESS,≤100
260754507296508,The Voter Participation Center,Voter Participation Center,≤100
350784278974539,Turning Point Action,Turning Point Action,≤100
104667417857551,United Association LLC,United Association LLC,≤100
11006419356,The Voice of the Martyrs - USA,"VOICE OF THE MARTYRS, INC., THE",≤100
746938465317981,Nuclear Matters,Nuclear Matters,≤100
284946111858895,Debbie Mucarsel-Powell,DEBBIE FOR CONGRESS,≤100
106667854471975,Outspoken,Log Cabin Republicans,≤100
592707041080920,Stand Together,Stand Together Chamber of Commerce Inc.,≤100
44224524016,American Kidney Fund,"AMERICAN KIDNEY FUND, INC.",≤100
312637845576285,Matt LoPresti - Politician,Friends for Matthew LoPresti,≤100
152264148166020,Moms Clean Air Force,Moms Clean Air Force,≤100
193618220508,LIFE Today,LIFE Outreach International,≤100
272746056173834,National Voter Registration Day,NONPROFIT VOTE,≤100
215642455673147,Build the Wave,BUILD THE WAVE,≤100
95483488591,Democratic Party of Wisconsin,DEMOCRATIC PARTY OF WISCONSIN,≤100
13867925345,Equality Florida,Equality Florida,≤100
23790541544,Democrats,DCCC,≤100
100233068289560,Kanani Souza for State House,Friends of Kanani Souza,≤100
628891490457484,Nancy Mace,Nancy Mace for Congress,≤100
209516845093,NRDC Action Fund,NRDC Action Fund,≤100
94047978366,PCCC - BoldProgressives.org,PROGRESSIVE CHANGE CAMPAIGN COMMITTEE,≤100
1668350569891953,Rainbow Movement,William James Ulrich,≤100
119006106155684,PI Energy,Andrew P Chung,≤100
1316372698453411,Alexandria Ocasio-Cortez,THE SQUAD VICTORY FUND,≤100
109866370700481,PushBlack Finance,PushBlack,≤100
130467958471,Jason Lewis,Jason Lewis for Senate,≤100
96832392186,US Open Tennis Championships,United States Tennis Association (USTA),≤100
101075798356272,ReOpen America Now,Command Center Holdings LLC,≤100
496696933682736,Jeff Merkley,JEFF MERKLEY FOR OREGON,≤100
216311481960,Bill Gates,Bill Gates,≤100
102671331487937,I Love My Freedom Store,I Love My Freedom,≤100
100872105028876,Unite To Fight Poverty,Unite To Fight Poverty,≤100
121626482110,Operation Smile,"OPERATION SMILE, INC.",≤100
17203056985,Partners In Health,Partners In Health,≤100
116546288359245,Heritage Action for America,HERITAGE ACTION FOR AMERICA,≤100
1438808983108348,BOLD PAC,CHC BOLD PAC,≤100
101591551371555,Fire Mitch. Save America.,SAVE AMERICA FUND,≤100
101481584557260,Help Asheville Bears-HAB,Heather Christina Williams,≤100
43609808159,Happy Family Organics,Happy Family Organics,≤100
103315378108004,True Patriot Strength,LE-HUU DONG HUYNH,≤100
6787988478,Physicians for Human Rights,"PHYSICIANS FOR HUMAN RIGHTS, INC.",≤100
107589664099282,Stand Up To China,"Stand Up To China, Inc.",≤100
134452023239984,Human Coalition,Human Coalition,≤100
2309566456030859,Human Coalition Action,Human Coalition Action,≤100
123651254408327,Sokolove Law,"Sokolove Law, LLC",≤100
105082357738682,Be Choose Cause Global Leaders Conference,"inviteCHANGE, LLC",≤100
112735922758892,Charlie Kirk,Charlie Kirk,≤100
103046977892124,Adam Christensen For Congress,ADAM J CHRISTENSEN FOR CONGRESS,≤100
79125112926,Students for Life of America,"STUDENTS FOR LIFE OF AMERICA, INC.",≤100
208463585839891,Living Future Institute,International Living Future Institute,≤100
360303722260,Kathleen Williams,KATHLEEN WILLIAMS FOR MONTANA,≤100
518194348194441,RepresentUs,RepresentUs,≤100
2146201085498440,Tony Gonzales,Tony Gonzales for Congress,≤100
342887442508723,Convention of States,Convention of States Action,≤100
2068988876444634,Stand Up for Accurate Prenatal Answers,STAND UP FOR ACCURATE PRENATAL ANSWERS INC,≤100
431099560800970,Front Page Live,"Front Page Live, Inc.",≤100
17475614410,Hispanic Federation,Paid for by Hispanic Federation with Facebook Ad Credits,≤100
737686089933715,Conservative Collections,Mainline Media Group,≤100
257019421075897,Cory Gardner,Cory Gardner for Senate,≤100
8934429638,Planned Parenthood Action,Planned Parenthood Votes,≤100
143729616392084,Van Drew for Congress,Van Drew for Congress,≤100
60449667441,Family Research Council,FAMILY RESEARCH COUNCIL,≤100
105010030848236,Bryant Cameron Webb,DR. CAMERON WEBB FOR CONGRESS,≤100
87186661244,Johns Hopkins Bloomberg School of Public Health,Johns Hopkins Bloomberg School of Public Health,≤100
104704401202729,"Teresa's Tips, Tricks & Tools for Beauty, Health & Wealth",Teresa Marie Von Riegen,≤100
179513292162226,American History TV,C-SPAN,≤100
203805062990264,Ben Shapiro,The Daily Wire,≤100
103144548151014,Adrian Perkins,Perkins for LA,≤100
205395906412,UAW International Union,"INTERNATIONAL UNION, UNITED AUTOMOBILE, AEROSPACE AND AGRICULTURAL IMPLEMENT WORKERS OF AM",≤100
419237048158257,Susan Collins,COLLINS FOR SENATOR,≤100
200650357207240,I Love My Freedom,I Love My Freedom,≤100
59543893235,National Constitution Center,National Constitution Center,≤100
114646533630729,Yes. Every Kid.,"yes. every kid, Inc.",≤100
819607471729183,Dr. Al Gross for US Senate,DR. AL GROSS FOR U.S. SENATE,≤100
331037760381749,Sierra Magazine,SIERRA CLUB,≤100
465483726908192,iVote,IVote Civic Education Fund,≤100
1832744013698336,Mahogany Mommies,Mahogany Mommies,≤100
160513344045084,John Neely Kennedy,"John Kennedy for Us, Inc",≤100
55549065733,Voto Latino,Voto Latino with Facebook Ad Credits,≤100
108970206976,World Vision USA,WORLD VISION INC.,≤100
104012084703106,One People United PAC,One People United,≤100
116238930177726,Artsiful,Brad Aaron Shaw,≤100
103026384819654,How to Vote,ACRONYM,≤100
2012750189007245,Liquid Death Mountain Water,Liquid Death,≤100
227764782729,AMERICAN - STRONG!,American Strong LLC,≤100
118303441570966,Home Ownership Matters,NATIONAL ASSOCIATION OF REALTORS,≤100
102786584878552,Committed for Freedom,Harrison T Chung,≤100
110422117441268,Relentless Loyalty,Carlos None Leon Trejo,≤100
30914589895,The International Fellowship of Christians and Jews,"INTERNATIONAL FELLOWSHIP OF CHRISTIANS & JEWS, INC.",≤100
168876449866088,The Years Project,The Years Project,≤100
513695272011123,The Genesis Prize,GPF NA LLC,≤100
107315591003146,Healthier Lifestyle,Katie Yazhen Gao,≤100
1136781033034012,Brave New Look,Brave New Look,≤100
105481140904672,Core Prestige,Core Prestige,≤100
105157841248307,No Filter Politics,No Filter Politics,≤100
405355946226766,Todd Young,"FRIENDS OF TODD YOUNG, INC.",≤100
169710960125365,Curzio Research,Curzio Research Inc.,≤100
6240652407,Young America's Foundation,YOUNG AMERICA'S FOUNDATION INC,≤100
1575347412785991,Cheddar,Cheddar,≤100
223008867858902,American Action News,American Action News,≤100
293225127381200,Patriot Depot,The Patriot Depot,≤100
116808566362551,Boomer Naturals,Boomer Naturals Inc,≤100
110010433804232,Falkirk Center,Falkirk Center,≤100
2264090133834042,Invite Research,Precision Network,≤100
1393911800825140,OZY,OZY Media Inc,≤100
514167322309353,Dan Crenshaw,Crenshaw For Congress,≤100
1014486318584089,Armed American Supply,Armed American Supply,≤100
443329669123990,USAFacts,USAFacts Institute,≤100
90498769709,Edenpure,EdenPURE®,≤100
420785874975425,Conservative Institute,The Conservative Institute,≤100
104027944769027,Proud Patriot Shop,Georgia Rose Benoit,≤100
93114332471,20/20 Research,2020 Research,≤100
21395843375,Dialysis Patient Citizens,DIALYSIS PATIENT CITIZENS INC,≤100
108512875350,The Atlas Society,The Atlas Society,≤100
143986912311328,University of Vermont Continuing and Distance Education,University of Vermont,≤100
614134231980299,Veterans Empowered To Protect African Wildlife,VETPAW INC,≤100
8047221596,Save the Children US,"SAVE THE CHILDREN FEDERATION, INC.",≤100
70995214846,Business Roundtable,Business Roundtable,≤100
141692255929599,Democratic Socialists of America,DEMOCRATIC SOCIALISTS OF AMERICA INC,≤100
103682110993833,Arctic Refuge Defense Campaign,Alaska Wilderness League,≤100
1526736227567131,TrueCoverage,True Coverage,≤100
467804929927622,Jason Smith,JASON SMITH FOR CONGRESS,≤100
171287339973880,LCV Victory Fund,"LCV Victory Fund, 202-785-8683, and not authorized by any candidate or candidate’s committee",≤100
55549065733,Voto Latino,VOTO LATINO INC.,≤100
1025055787535714,A Case for Women,A Case for Women,≤100
219224241438635,Compassion & Choices,COMPASSION & CHOICES,≤100
6333396177,NewsBusters.org,MEDIA RESEARCH CENTER,≤100
18709174006,National Audubon Society,"NATIONAL AUDUBON SOCIETY, INC.",≤100
1708467695859543,Veteran Transition Mission,Sonia Ivelisse Barriera Ayala,≤100
210277954204,The Young Turks,"The Young Turks, Inc.",≤100
403716816314673,Lee Saunders,AMERICAN FEDERATION OF STATE COUNTY & MUNICIPAL EMPLOYEES,≤100
367292494407,AJC - American Jewish Committee,AMERICAN JEWISH COMMITTEE,≤100
100119981671668,Blue Senate,BLUE SENATE PAC,≤100
181467702005600,Mark Warner VA,FRIENDS OF MARK WARNER,≤100
1917715138510680,Follow Your Legend,Legend Bracelet,≤100
288110884600563,Lean In,"Sheryl Sandberg & Dave Goldberg Family Foundation d/b/a LeanIn.Org, LLC",≤100
259212814698356,Democratic Majority for Israel,DMFI PAC,≤100
142370046577999,Shahid Buttar for Congress,Shahid Buttar for Congress Committee,≤100
34362997676,United States Holocaust Memorial Museum,UNITED STATES HOLOCAUST MEMORIAL MUSEUM,≤100
102834374825837,Friends of Christy Kajiwara-Gusman,Friends of Christy Ann Gusman,≤100
307943569254319,Florida Rights Restoration Coalition,Florida Rights Restoration Coalition,≤100
118269091671380,The Home T,THE HOME T,≤100
49651563727,Live Action,Live Action,≤100
656263988182462,Bill Hagerty,TEAM HAGERTY,≤100
1344753008968781,Birds Aren't Real,Birds Aren't Real,≤100
102180301437619,2020 American Defense Fund,C3 PAC,≤100
101136147910784,Represent Justice,Represent Justice,≤100
312208869424760,Field Team 6,Cory Cambridge Alpert,≤100
7145381235,American Jewish World Service - AJWS,"AMERICAN JEWISH WORLD SERVICE, INC.",≤100
109914474151573,COMMUNITYx App,Chloe Cheyenne Rogers,≤100
977704775606273,Balls Deep Tackle,Balls Deep Tackle,≤100
262577294462322,Kettle Freaks,Kettle Freaks LLC.,≤100
207549645977714,Families Belong Together,Families Belong Together,≤100
1634651343331439,Project Wren,Landon Brand,≤100
102478528086004,Reading On the Left,St. Martin's Press,≤100
242679302418244,Denison Forum,Denison Ministries,≤100
22898109808,Grist.org,Grist Magazine,≤100
1449073545419430,The Lone Liberal Republican,TheLoneLiberalRepublican.Org,≤100
30079936984,CWS,"CHURCH WORLD SERVICE, INC.",≤100
317667194946264,Ro Khanna,RO FOR CONGRESS INC,≤100
262905633727,Los Angeles Mission,"Los Angeles Mission, Inc.",≤100
1084856268238034,Trump Talking,Roberto None Lugo,≤100
50711561090,Muslim Advocates,MUSLIM ADVOCATES,≤100
109259090549237,Yes on National Popular Vote,Yes on National Popular Vote,≤100
70090474914,American Farmland Trust,"AMERICAN FARMLAND TRUST, INC",≤100
309798029121030,Everytown for Gun Safety,EVERYTOWN FOR GUN SAFETY VICTORY FUND,≤100
384557995468219,Viral Casez,Viral Casez,≤100
153678684700451,American Investment Council,AMERICAN INVESTMENT COUNCIL,≤100
111648480319494,800DEMOCRAT,800DEMOCRAT,≤100
856208611420219,Christina Finello,FINELLO FOR CONGRESS,≤100
6041057841,The Humane Society of the United States,"HUMANE SOCIETY OF THE UNITED STATES, THE",≤100
2259323457517498,Abolish the Electoral College,ABOLISH THE ELECTORAL COLLEGE,≤100
1678492922390061,WorkingNation,WorkingNation,≤100
107424894413326,Tio Bernie Book,Tio Bernie Book,≤100
51761261956,The Bill of Rights Institute,"BILL OF RIGHTS INSTITUTE, THE",≤100
203330919857759,All On The Line,National Redistricting Action Fund,≤100
47710973068,Cooperative Action Network,National Rural Electric Cooperatives Association,≤100
1053833861326820,John Burke,Presidential Playbook,≤100
1452551204988299,GoReact,Speakworks Inc,≤100
173837496125511,Conscious Step,Conscious Step,≤100
1667892193505378,Hold the House,HOLD THE HOUSE PAC,≤100
36634376117,HarperKids Books,HARPERCOLLINS PUBLISHERS LLC,≤100
142474049098533,Robert Reich,Inequality Media Civic Action,≤100
105995741220700,Patriots United,Le Huu Dong Huynh,≤100
486742462081051,Mike Cooney for Governor,Cooney for Montana,≤100
109360297266116,Fearless Patriot,TERESA NONE OHARA-MARSH,≤100
1852520761657982,4ocean,4ocean,≤100
2040270322863853,Tina Smith,TINA SMITH FOR MINNESOTA,≤100
858210161010020,Tom Malinowski for Congress,TOM MALINOWSKI FOR CONGRESS,≤100
315151565831,Ascension,Ascension Press,≤100
105474881165649,Francesca Hong For Assembly,Friends of Francesca Hong,≤100
260933440643373,UltraViolet,UltraViolet Action,≤100
34701792581,EWTN,Eternal Word Television Network,≤100
1640970822834351,Plaine Products,Plaine Products,≤100
44340057816,Uncommon Goods,UncommonGoods,≤100
106224464107240,Jo Jorgensen,Jo Jorgensen for President,≤100
102315041409283,Horses in our Hands,In our Hands Action Fund,≤100
101724361319410,Ronny Jackson for U.S. Congress TX-13,Texans for Ronny Jackson,≤100
309072629157350,National Coalition for Infant Health,National Coalition for Infant Health,≤100
6170309302,Dick Durbin,FRIENDS OF DICK DURBIN COMMITTEE,≤100
12692955711,Chronicle of Higher Education,"CHRONICLE OF HIGHER EDUCATION, INC. (THE)",≤100
333081284065216,Brynne Kennedy for Congress,BRYNNE KENNEDY FOR CONGRESS,≤100
7209432197,Chris Coons,CHRIS COONS FOR DELAWARE,≤100
102750021183412,Justice U,Altus Solutions Inc,≤100
334925200513155,Justin Berry for Texas HD 47,Justin Berry For Texas House,≤100
168367339845613,The Humane League,The Humane League,≤100
1536587453277219,Dr. Steve Turley,Turley Talks LLC,≤100
115403471809909,Plastic Oceans,PLASTIC OCEANS INTERNATIONAL,≤100
1934191280189700,Health Care Voter,Health Care Voter,≤100
455147011996099,The Ann and Phelim Scoop,The Unreported Story Society,≤100
110316697328742,People of Seniors Housing,People of Seniors Housing,≤100
700941689954518,Defend Our Future,Defend Our Future,≤100
56332452163,AMA Patients Action Network,American Medical Association,≤100
59254639983,Boston Medical Center,BOSTON MEDICAL CENTER,≤100
153477451455783,The Optimist Daily,"The Optimist Publications, LLC",≤100
808450969246896,"Rebecca Walser, Tax Attorney, CFP",Walser Wealth Management,≤100
384676381708957,Education NC,Education NC,≤100
2123425971065747,Sora Schools,Indra Putra Sofian,≤100
102756811269921,Fellow Americans,Fellow Americans,≤100
284002627318,Adobe Acrobat,Adriana None Frias,≤100
318020432108506,Progress News Network,Progress News Network,≤100
1596671280578981,Schools & Communities First,Schools and Communities First,≤100
357554791340788,Liker,Omar Rivero,≤100
169277310432049,"Texas Precision Optics, Inc.",Texas Precision Optics Inc,≤100
139700496669066,1 VoteCloser,1 VoteCloser,≤100
103903914570915,Pro2a,Delta Team Marketing,≤100
114937555342547,Seth Abramson,Macmillan Publishing,≤100
2477925168899669,The Renew Democracy Initiative,"The Renew Democracy Initiative, Inc",≤100
165566613453452,ERLC,ETHICS AND RELIGIOUS LIBERTY COMMISSION OF THE SOUTHERN BAPTIST,≤100
1653251174924652,Fuzzu,Fuzzu,≤100
682990071843813,Center for the Study of Liberty,Center for the Study of Liberty,≤100
999775873528189,Stopping Socialism,The Heartland Institute,≤100
44705166993,Vote.org,Vote.Org,≤100
108651637495359,American Searches,"American Searches, Inc.",≤100
297706507036856,Charles Koch Institute,Charles Koch Institute,≤100
233116802464,Independent Voter,Independent Voter Project,≤100
1802177709900081,The Spectator US,The Spectator US,≤100
1439364926329185,Animal Matters,Animal Matters,≤100
120588156008449,Blue Oceano,Blue Oceano,≤100
127821707877,YWCA USA,"YWCA OF THE USA, NATIONAL BOARD (INC)",≤100
107459877731361,Kimya Holmes for Judge,Committee to Elect Kimya M Holmes,≤100
148731991811588,Baird,Robert W. Baird & Co. Incorporated,≤100
375760676281438,Mermaid Straw,Mermaid Straw,≤100
103341131486608,Anti Racist Social,Salman Ahmed Elmi,≤100
607626319739286,Black Voices for Trump,TRUMP MAKE AMERICA GREAT AGAIN COMMITTEE,≤100
202590841969,Erie City Mission,Erie City Mission,≤100
234628203317767,Made for Freedom,Made for Freedom,≤100
868405419972384,The Outrage,The Outrage,≤100
107483911082907,Trump Footballs,"Local Guys Marketing, LLC",≤100
19474609238,Mercatus Center at George Mason University,Mercatus Center at George Mason University,≤100
115209826981358,Families Surviving Catastrophe,Henry George Hansen,≤100
12185972707,350.org,350.org,≤100
1013558392124611,One Vote,One Vote Productions LLC,≤100
570524446405979,Only Human,Only Human,≤100
182620315479,Plan International USA,Plan International USA,≤100
785936231584382,Paula Jean Swearengin,Paula Jean for West Virginia,≤100
1681120172099567,Libertarian Candidates,Ryan Allen Raymond,≤100
27544763621,Prison Fellowship,Brandon Anders Larsen,≤100
112420993589373,Young and Old for America,Andrew Joseph Young,≤100
290851614930809,Combat AntiSemitism,Combat Anti-Semitism,≤100
101912618134879,Gifts By Frank,Salinas Marketing,≤100
394817334402124,2020 Trump Bill,Innovative Ecomm LLC,≤100
408250066356,Bill O'Reilly,"Bill Me, Inc.",≤100
1099478666810053,Meals For Pets,Meals for Pets,≤100
117437204982602,American Wild Horse Campaign,American Wild Horse Campaign,≤100
181385265351965,Mosaic Magazine,Mosaic,≤100
10897453188,Operation Mobilization - OM USA,"OPERATION MOBILIZATION USA, INC.",≤100
434224137354568,Dr. Rich McCormick for Congress,Friends of McCormick,≤100
174754989846475,NewDem Action Fund,New Democrat Coalition Action Fund,≤100
32582320449,CMMB,CATHOLIC MEDICAL MISSION BOARD INC,≤100
108834660952162,Liberty Strong,Jae W Seo,≤100
103992786357969,The Shift Network,These ads ran without a disclaimer,≤100
104550824646928,2nd Amendment USA,Amundson Media LLC,≤100
830890360316751,Nick Hanauer,Civic Action,≤100
549425778407737,Manatee County Supervisor Of Elections,Manatee County Supervisor of Elections,≤100
2046092952294722,Lucy McBath for Congress,FRIENDS OF LUCY MCBATH,≤100
111718570352005,Yes on Measure A - A Solution for Homelessness,"Yes on Measure A - Homes for San Diegans, Sponsored by a Coalition of Civic Nonprofits and Housing Providers.  Committee major funding from  Affirmed Housing Group Inc  Eden Housing Inc  Metropolitan Area Advisory Committee (MAAC)  Funding details at www.sandiego.gov/donors. ",≤100
90389813340,American Association of Political Consultants,AAPC,≤100
102846434825096,Beat Abbott,Beat Abbott PAC,≤100
110576817417667,maskamericagreat.com,Matthew P Gallagher,≤100
103034718068007,Pigeon Poolitics,Sassan Yousefi,≤100
129278807814364,Women of Welcome,Welcome.,≤100
190987118163092,Connected Clothing Company,Connected Clothing Company,≤100
186805048171120,U.S. & Texas LawShield,Texas LawShield,≤100
8145161702,Lambda Legal,"LAMBDA LEGAL DEFENSE & EDUCATION FUND, INC.",≤100
104142543758770,Campaign Zero,We The Protesters,≤100
112600915451330,No Labels,No Labels,≤100
718475924980443,Amsterdam & Partners LLP,Amsterdam & Partners LLP,≤100
103571278142168,Joni Ernst Isn’t On Our Side,DSCC,≤100
16352157727,Alfred A. Knopf,Penguin Random House LLC,≤100
103983379801,Texas Democratic Party,Texas Democratic Party,≤100
109601070861177,Patriotic Unity,Thanh Phuc Tran Nguyen,≤100
109186244232765,The Liberty Club,Cindy None Dao,≤100
210357995667559,The National Memo,The National Memo,≤100
105943157686335,Trust Michigan Families,TRUST MICHIGAN FAMILIES,≤100
5887538795,Education Week,Education Week,≤100
514167322309353,Dan Crenshaw,Dan Crenshaw for Congress,≤100
1338822066131069,Women's March,Women's March,≤100
162244692732,Brennan Center for Justice at NYU Law,William J Brennan Jr Center for Justice Inc,≤100
2109637279297531,The Bad Seed,Adam Kidron,≤100
1145019702185006,Alliance for Safety and Justice,Alliance for Safety and Justice,≤100
129523843754764,Vote Smart,PROJECT VOTE SMART,≤100
282728185140429,Rep For Vets,The Rep For Vets,≤100
101464921262312,Alaina for Congress 2020,Alaina Shearer for Congress,≤100
1945837408977507,Michael Moates,-MICHAEL STEVEN MOATES,≤100
102281264932254,The Southern Strategy,Southern Strategy,≤100
135298176481584,Marine Corps Scholarship Foundation,Marine Corps Scholarship Foundation,≤100
26006662641,Arizona Democratic Party,Arizona Democratic Party,≤100
269479249997,National Shooting Sports Foundation | NSSF,National Shooting Sports Foundation,≤100
810122486032496,Jackie Gordon,JACKIE GORDON FOR CONGRESS,≤100
115589465160388,Scribner Books,Simon and Schuster,≤100
530604487365010,Old Glory Flagpole Kits,Service First Flag Poles,≤100
130848666099,Business Forward,Business Forward Inc.,≤100
114857913678674,Helping Hands,Harrison T Chung,≤100
168452723312821,Chisholm Chisholm & Kilpatrick LTD,Chisholm Chisholm & Kilpatrick LTD,≤100
6851405967,CREDO Mobile,"CREDO MOBILE, INC.",≤100
106949844346620,Trumpian Republicans,Gregory Lawrence Burright,≤100
107529267737819,Steady Patriot Hands,Hanson Han Xu,≤100
245284549333866,ASMDSS,ASMDSS,≤100
71383025128,PARIS - Guerrilla Funk Recordings,"Guerrilla Funk Recordings and Filmworks, LLC",≤100
154860200019,Immigrants Rising,Immigrants Rising,≤100
111702860231554,Matt Lieberman,Matt Lieberman for Senate,≤100
711478725532801,Civiqs,Civiqs,≤100
109200595768753,The Christian Left,The Christian Left,≤100
105269984593079,The Way I See It,Focus Features,≤100
927610307291393,Georgette Gómez,Georgette Gomez for Congress,≤100
162493793737,Rick Green,Richard Arlin Green,≤100
128716440866482,Adam Milstein,Adam Milstein,≤100
101420381658477,Locke & Key PAC,LOCKE & KEY PAC,≤100
315467021926595,Native Voice Network,"AMERICANS FOR INDIAN OPPORTUNITY, INC",≤100
109088011473,Motorcycle Mechanics Institute,These ads ran without a disclaimer,≤100
105031414415024,Francis Malofiy,Francis Malofiy,≤100
111361091313,NICABM,"Theoria Associates for Health Education, Inc.",≤100
102456201600262,Proud Patriot People,Seanross Michael Holcomb,≤100
169130743498585,Tactical Pro Supply,Chad Keller,≤100
248306181862385,Live Lokai,LOKAI HOLDINGS LLC,≤100
105872574403318,Project TAMMI,a research grant at The National Center on Addiction and Substance Abuse (CASA),≤100
124530924015,Hank Gilbert,HANK GILBERT FOR CONGRESS,≤100
181924628560212,SumOfUs,SumOfUs,≤100
12683623041,Society for Human Resource Management (SHRM),SOCIETY FOR HUMAN RESOURCE MANAGEMENT,≤100
357750373755,National Domestic Workers Alliance,National Domestic Workers Alliance,≤100
1425435377743310,Conversations with Bill Kristol,The Foundation for Constitutional Government,≤100
167473433290992,Inequality.org,Institute for Policy Studies,≤100
35715544220,Stand.earth,STAND,≤100
1947525322184514,One Fair Wage,One Fair Wage,≤100
108000477528338,My Rebellion,Jennifer Jean Singer,≤100
17911165812,Covenant House International,Covenant House,≤100
960045850672105,One More Wave,Ernad Civic,≤100
218020061613734,UBS,UBS Financial Services Inc.,≤100
105698674239617,Embed News,Embed News,≤100
6165653060,AFSCME,AMERICAN FEDERATION OF STATE COUNTY & MUNICIPAL EMPLOYEES,≤100
7341997111,Conservation International,Conservation International,≤100
1755810367986271,Eurasia Group Foundation,Eurasia Group Foundation,≤100
299295363912730,New Politics Leadership Academy,New Politics Leadership Academy,≤100
354851377936744,BookTV,C-SPAN,≤100
21834534343,Volunteers of America,"VOLUNTEERS OF AMERICA, INC.",≤100
216709768355686,Dinesh D'Souza,America2020 Film LLC,≤100
1268410219898273,Tango Tango,Tango Tango Inc,≤100
105536127617594,The American Digest,The American Digest,≤100
698400060189827,Dan Sullivan,Alaskans for Sullivan,≤100
260713150211,Protect Our Winters,Protect Our Winters,≤100
420424547981908,In Search of Liberty,Scott Dennis Welch,≤100
623339164538852,National Security Action,Nationalsecurityaction.org,≤100
345946329411380,Petal Soap,Jason Paul Domangue,≤100
111324359048459,Dr. Roger Marshall,KANSANS FOR MARSHALL,≤100
305582576628746,Giant China Buffet,In Chai,≤100
232201568659,Pacific Justice Institute,PACIFIC JUSTICE INSTITUTE,≤100
141901795868393,Alaska Democrats,ALASKA DEMOCRATIC PARTY,≤100
104084298079050,United Liberty,Carlos None Leon Trejo,≤100
100277548202927,Senior Saver Labs,Tyler Wayne Hedland,≤100
1323161541032507,For Our Future FL,For Our Future Action Fund,≤100
263891677826490,Earthsider,Ryan James Martin,≤100
243510442756370,Justice Democrats,JUSTICE DEMOCRATS PAC,≤100
108608530975199,Team Patriot,Miguel Agustin Turk,≤100
157595514262613,Florida Film House,FLORIDA FILM HOUSE LLC,≤100
305115773870,Adobe,Adobe Inc.,≤100
21455818797,Feed the Children,"FEED THE CHILDREN, INC.",≤100
151757038879920,Alyse Galvin for Congress 2020,ALYSE FOR ALASKA,≤100
789546641178807,Brand New Congress,Brand New Congress,≤100
137459917707,The Brookings Institution,The Brookings Institution,≤100
278703415666824,Jeremy Jones,Protect Our Winters,≤100
109894877501594,Steve Daines Follows The Money,DSCC,≤100
125907387426944,Edelson P.C.,Edelson PC,≤100
100401327980848,National Parents Union,National Parents Union,≤100
112333396969405,Jim Bognet,Bognet for Congress,≤100
441381813042465,Boundary Waters Action Fund,Boundary Waters Action Fund,≤100
317284821682168,Messianic Jewish Alliance of America (MJAA),Messianic Jewish Alliance of America,≤100
186932688457686,CHNGE,CHNGE,≤100
300992409852,Hoover Institution,Hoover Institution,≤100
372557849423914,Medina County Court News,James Kimbler,≤100
1745236555735695,EverBright Kids,EverBright Kids,≤100
255208337943901,Jobs Growth,"JOBS FREEDOM AND SECURITY PAC, Not authorized by any candidate or candidate’s committee.",≤100
103851564652,Waterkeeper Alliance,WATERKEEPER ALLIANCE INC,≤100
537534316395916,Students for Trump,Turning Point Action,≤100
102907481554004,Standing Strong As One,Claire Wang,≤100
112164673854264,Living Patriotically,Living Patriotically,≤100
248181906078243,National Institute for Civil Discourse,CommonSense American,≤100
419992651425033,Guardianes del Pueblo-Consumer Law Group,Consumer Law Group,≤100
192771954102960,Jordan Sekulow,American Center for Law and Justice,≤100
657708380952174,Voices of the Civil Rights Movement,Comcast,≤100
1497851363851721,QLMS,Quicken Loans Mortgage Services,≤100
133294620046953,Mission India,MISSION INDIA INC,≤100
583715925012376,Mayor Trent Staggs,Staggs for Mayor,≤100
303061950155375,John James,"JOHN JAMES FOR SENATE, INC.",≤100
112334757233941,Right to Telehealth,Jeremy Joseph Schaller,≤100
100501611534904,BDS is BS,BDS is BS,≤100
138141366212571,Gravis Marketing,GRAVIS MARKETING INC.,≤100
103443851470957,Antonio Delgado for Congress,Carlos Antonio Delgado,≤100
291102898490822,Giant Maga Hat,Inventors club LLC,≤100
166166843531258,National Council of Resistance of Iran - شورای ملی مقاومت ایران,MEK-Iran (Saeid Saadati),≤100
121033149320,American Indian College Fund,"AMERICAN INDIAN COLLEGE FUND, THE",≤100
285280491872272,Advance Native Political Leadership,Advance Native Political Leadership Action Fund,≤100
123965317665623,N-Hance Wood Refinishing,N-Hance Inc.,≤100
1000253160054572,Cori Bush,CORI BUSH FOR CONGRESS,≤100
38895197117,EdChoice,"EDCHOICE, INC.",≤100
2309566456030859,Human Coalition Action,PRO-LIFE TEXANS A HUMAN COALITION ACTION PAC,≤100
540707072979860,Brian Maryott,MARYOTT FOR CONGRESS,≤100
107591317737915,Prepared Americans,Kin Ngai Yeung,≤100
1354622541311687,Dr. Kim Schrier,DR KIM SCHRIER FOR CONGRESS,≤100
780941275347834,Ilhan Omar,ILHAN FOR CONGRESS,≤100
131306317680000,Social Goods,"Social Goods, LLC",≤100