﻿Page ID,Page Name,Disclaimer,Amount Spent (USD)
7860876103,Joe Biden,BIDEN VICTORY FUND,8573
153080620724,Donald J. Trump,TRUMP MAKE AMERICA GREAT AGAIN COMMITTEE,4396
100387821391085,Coalition for Safe and Secure Data,Coalition for Safe and Secure Data,3256
127755494595870,Progressive Takeover,PROGRESSIVE TAKEOVER,2052
156968474833352,Stop Republicans,Stop Republicans,1912
1615018905412860,Progressive Turnout Project,PROGRESSIVE TURNOUT PROJECT,1771
202626512363,U.S. Census Bureau,U.S. Census Bureau,1406
1771156219840594,Team Trump,TRUMP MAKE AMERICA GREAT AGAIN COMMITTEE,1260
100391581727524,Defeat By Tweet,DEFEAT BY TWEET,958
198899403470180,Massachusetts Right to Repair Coalition,Mass Right To Repair Committee,945
96935476345,Democratic Governors Association (DGA),Democratic Governors Association,786
120945717945722,Uber,Uber,754
925007000949719,ExxonMobil,Exxon Mobil Corporation,706
6726182861,Mike Pence,TRUMP MAKE AMERICA GREAT AGAIN COMMITTEE,671
19554217292,American Heart Association: You're the Cure,American Heart Association,606
2330577043935831,Sara Gideon,SARA GIDEON FOR MAINE,564
328853823844484,Balance of Power,Balance of Power,556
1163921807008864,MINT & LILY,Mint&Lily,529
328072970642479,Jaime Harrison,JAIME HARRISON FOR US SENATE,507
8501031021,VoteVets.org,VOTEVETS,499
24413227922,Kamala Harris,BIDEN VICTORY FUND,474
150473787512,MIRA: Massachusetts Immigrant & Refugee Advocacy Coalition,Massachusetts Immigrant and Refugee Advocacy Coalition,468
101165966152,AFL-CIO,AFL-CIO,413
165987503528599,Lindsey Graham,"TEAM GRAHAM, INC.",400
665345483483486,NRA - National Rifle Association of America,NATIONAL RIFLE ASSN OF AMERICA,388
19437978960,Chris Murphy,FRIENDS OF CHRIS MURPHY,329
830121337093232,National Democratic Training Committee,NATIONAL DEMOCRATIC TRAINING COMMITTEE PAC,319
105756057589080,The Lincoln Project,The Lincoln Project,314
602714436529710,End Citizens United,END CITIZENS UNITED,312
5435784683,Greenpeace USA,"GREENPEACE, INC.",308
207116385995301,Massachusetts Clean Energy Center,Timothy A Davies,299
7833534974,Florida Democratic Party,Florida Democratic Party,298
342294162453301,Planned Parenthood,Planned Parenthood Federation of America,288
433919203362871,Bird + Stone,BIRD & STONE INC,278
104919517531062,Vote Yes For Fairness,Vote Yes for Fairness,254
747436915270894,Congressional Leadership Fund,CONGRESSIONAL LEADERSHIP FUND,249
25852730092,Care2,Care2 Inc,239
1336293769761923,Jon Ossoff,JON OSSOFF FOR SENATE,238
1883837055193241,Shield Republic,Shield Republic,226
700806360047982,CFG Action,Club for Growth Action,214
176789922364429,Steve Daines,STEVE DAINES FOR MONTANA,213
20787991568,Senate Democrats,DSCC,212
1635441679872518,Kimberly Klacik,Kim Klacik for Congress,205
96935476345,Democratic Governors Association (DGA),DEMOCRATIC ACTION,199
311109592866662,Fund Our Future,Massachusetts Education Justice Alliance,199
228754857151053,House Majority PAC,House Majority PAC,197
675471506247724,Adair for Congress,ADAIR FOR CONGRESS,194
101279451606075,Democratic Strategy Institute,Democratic Strategy Institute,192
104614641200137,MeidasTouch,MEIDASTOUCH,184
791543660926838,"I'll go ahead and keep my guns, Thanks",2A4LIFE LLC,184
2352630938293825,Mytacticalpromos,Entremax,177
7292655492,MoveOn,MOVEON.ORG POLITICAL ACTION,160
1061240530648502,Joe Collins,JOE COLLINS FOR CONGRESS,153
327837911149503,2A4Life,2A4LIFE LLC,138
105199626748,Massachusetts Republican Party,Massachusetts Republican Party,137
309308412520731,Sandy Hook Promise,Sandy Hook Promise,137
338028696036,Yahoo News,Verizon Media Inc,133
107210084216238,Humanity Forward,Humanity Forward,133
6204742571,Sierra Club,SIERRA CLUB,133
114710126648118,Republican Dogs,Republican Dogs,132
92925746942,Judicial Watch,Judicial Watch,130
104856814505092,The Kids Guide,The Kids Guide,130
158791100909689,Concerned Veterans for America,Concerned Veterans for America,129
8325302025,Friends of the Earth U.S.,Friends of the Earth,129
100137754724934,Trump 2020 Supporters,Proud Right Winger,128
23875187730,Feeding America,Feeding America,124
111393882812494,Amy McGrath,"AMY MCGRATH FOR SENATE, INC.",123
168051710543266,Lacy Johnson,Lacy Johnson for Congress,120
203197030603239,8 Billion Trees,8 Billion Trees,120
605168822998856,314 Action,314 ACTION FUND,116
22858084279,WNBA,These ads ran without a disclaimer,116
309798029121030,Everytown for Gun Safety,Everytown for Gun Safety Action Fund Inc,115
38235851310,USA for UNHCR,UNITED STATES ASSOCIATION FOR UNHCR,115
428821014132730,Katie Porter,Katie Porter For Congress,114
140357056032320,NEA Today,National Education Association,108
398848603807145,Boston BRT,Boston BRT,108
314499212242,Pfizer,Pfizer Inc.,107
5720973755,Defenders of Wildlife,DEFENDERS OF WILDLIFE,107
277005566267077,Blueland,Blueland,107
7263476274,Mercy Corps,Mercy Corps,103
163148530407080,Captain Mark Kelly,MARK KELLY FOR SENATE,103
107654924064350,Pat Timmons-Goodson,PATRICIA TIMMONS-GOODSON FOR CONGRESS,≤100
1316372698453411,Alexandria Ocasio-Cortez,Alexandria Ocasio-Cortez for Congress,≤100
85452072376,Newsmax,Newsmax Media,≤100
95181800661,Levi's,Levi's®,≤100
111581113532778,Yes on 2: Ranked Choice Voting,Ranked Choice Voting 2020 Committee,≤100
1571576279741760,Boston Spirit,David Zimmerman,≤100
97493741436,John W. Hickenlooper,HICKENLOOPER FOR COLORADO,≤100
10423517786,Harvard Business Review,HARVARD BUSINESS SCHOOL PUBLISHING CORPORATION,≤100
107081137797631,The Second Essentials,Yoonjoo Park,≤100
167586229923327,World Food Program USA,World Food Program USA,≤100
8934429638,Planned Parenthood Action,Planned Parenthood Action Fund,≤100
9324910069,NRSC,NRSC,≤100
108182477657777,Georgia United Victory,Georgia United Victory,≤100
1419388578092947,Anna Paulina Luna,ANNA PAULINA LUNA FOR CONGRESS,≤100
717115395103069,PrintedKicks,Printed Kicks,≤100
116222966843926,US Concealed,US Concealed,≤100
15239367801,The Wilderness Society,"WILDERNESS SOCIETY, THE",≤100
19192438096,AAAS - The American Association for the Advancement of Science,American Association for the Advancement of Science,≤100
106244251043808,Reuse Plastics,"AMERICAN CHEMISTRY COUNCIL, INC.",≤100
598924810530984,Keeping America Great,FamTeeWorld,≤100
103185334702225,Stop Trump PAC,STOP 45 PAC,≤100
15524934075,Banana Republic,Banana Republic,≤100
103315464587143,All Access,John Leroy Soderberg,≤100
259130650776119,Mitch McConnell,MCCONNELL SENATE COMMITTEE,≤100
106323360959211,Patriots Republic,Matthew James Stine,≤100
20395377020,Old Navy,Old Navy LLC,≤100
156994304362574,American Bridge 21st Century,AB PAC,≤100
1449461518652183,4Patriots,4Patriots LLC,≤100
101788168307680,Pause Politics,FreedomWorks Foundation,≤100
1439829396312534,The Movement for Black Lives,Movement for Black Lives,≤100
159964696102,Kevin McCarthy,KEVIN MCCARTHY FOR CONGRESS,≤100
100256754899828,Patriot's Cave,Patriots Cave,≤100
1589008304668402,Renew MA Coalition,RENEW MASSACHUSETTS COALITION  INC,≤100
393932827634250,Dissent Pins,Common Practice,≤100
105732744375701,Steve Bullock,MONTANANS FOR BULLOCK,≤100
35169196082,Project HOPE,"PROJECT HOPE-THE PEOPLE-TO-PEOPLE HEALTH FOUNDATION, INC.",≤100
51379424899,Mercy Ships,MERCY SHIPS INTERNATIONAL,≤100
2267285956849056,Donald Trump 2020 Fans,I Love My Freedom,≤100
278490715553293,Martha McSally,MCSALLY FOR SENATE INC,≤100
36474716066,Color Of Change,ColorofChange.org,≤100
17203056985,Partners In Health,Partners In Health,≤100
373814729643508,Let America Vote,LET AMERICA VOTE PAC,≤100
6820348410,Kirsten Gillibrand,Off the Sidelines,≤100
892673067526965,Project War Path,Project War Path,≤100
103373224404755,Impact Slates,COLLECTIVE IMPACT PAC,≤100
100318944827269,Amy Kennedy,AMY KENNEDY FOR CONGRESS,≤100
100926135067368,Defend Your Police,Defend Your Police,≤100
5633824547,FreedomWorks,"FREEDOMWORKS, INC.",≤100
18813753280,Human Rights Campaign,"HUMAN RIGHTS CAMPAIGN, INC",≤100
493811210669780,Creative Action Network,Creative Action Network,≤100
111428049989,Cal Cunningham,CAL FOR NC,≤100
596556607135301,The Earthling Co.,The Earthling Co.,≤100
7292655492,MoveOn,MOVEON.ORG CIVIC ACTION,≤100
16477459734,League of Conservation Voters,"LEAGUE OF CONSERVATION VOTERS, INC",≤100
105577974544303,The USA Needs More Patriots,AmeriPolling,≤100
103597604713894,Team Trump Store,TRUMP MAKE AMERICA GREAT AGAIN COMMITTEE,≤100
102875587947942,Keep Trump In Office,Keep Trump In Office,≤100
30708742052,FCTRY,FCTRY,≤100
20876805343,March of Dimes,MARCH OF DIMES INC.,≤100
109379100777665,Patriotism Isn't Dead,Patriot Polling,≤100
105577974544303,The USA Needs More Patriots,Anthony Alexander Morales,≤100
1809078699219595,Fat Tire,"NEW BELGIUM BREWING COMPANY, INC.",≤100
197760674021143,Indivisible Guide,INDIVISIBLE ACTION,≤100
10150100007820094,Wendy Davis,WENDY DAVIS FOR CONGRESS,≤100
6236054211,Brady,Brady Campaign to Prevent Gun Violence,≤100
407664862957433,Ammar Campa-Najjar for Congress,AMMAR CAMPA-NAJJAR FOR CONGRESS,≤100
96171427550,Raja for Congress,FRIENDS OF RAJA FOR CONGRESS,≤100
2264090133834042,Invite Research,Precision Network,≤100
143986912311328,University of Vermont Continuing and Distance Education,University of Vermont,≤100
569773883535039,SunLife Solar,SunLife LLC,≤100
1055873511190792,Hello Resistance,Hello Resistance Apparel,≤100
107171061008131,Mass Housing Coalition,Massachusetts Housing Coalition,≤100
109092142462587,Adam Schiff,SCHIFF FOR CONGRESS,≤100
461204744067686,Family Protection Association,Family Protection Association,≤100
609022902623021,Senator Jim Welch,The Committee to Elect James T. Welch,≤100
101127364972509,Dems For USA,Dems For USA,≤100
14413545701,Conservation Law Foundation,"CONSERVATION LAW FOUNDATION, INC.",≤100
38471053686,Elizabeth Warren,"WARREN DEMOCRATS, INC.",≤100
872842866161157,One Nation Design,One Nation Design,≤100
683872625157265,Theresa Greenfield,THERESA GREENFIELD FOR IOWA,≤100
113666459994300,Big Dan Rodimer for Congress,RODIMER FOR CONGRESS,≤100
127225910653607,PragerU,PragerU,≤100
106973694007283,Keep America Great Again,KagaGear.com,≤100
108557097612242,Vote By Mail PAC,Vote By Mail PAC,≤100
355316521236121,John Cornyn,TEXANS FOR SENATOR JOHN CORNYN INC.,≤100
356482637745012,Stansberry Research,Stansberry Research,≤100
121067011091,Arab American Institute,Arab American Institute with Facebook Ad Credits,≤100
585942765164217,Elect Democratic Women,ELECT DEMOCRATIC WOMEN,≤100
18982436812,ACLU,American Civil Liberties Union,≤100
376638603087168,Save The Earth,8 Billion Trees,≤100
102617961152741,Barbara Bollier,BOLLIER FOR KANSAS,≤100
650021555176543,Made by Google,These ads ran without a disclaimer,≤100
8492293163,Environmental Defense Fund,Environmental Defense Fund,≤100
109111900634787,Reverend Raphael Warnock,WARNOCK FOR GEORGIA,≤100
51405613519,Focus on the Family,Focus on the Family,≤100
322551718276442,Lemons Are Blue,Lockwell LLC,≤100
105707511217866,Communities Joining Hands,Elena Zhan,≤100
100125758221008,"Tom Hoye Register of Probate, Bristol County",CTE Tom Hoye,≤100
236369846383459,Congressional Black Caucus PAC,Congressional Black Caucus PAC,≤100
195530355493,Chicks On The Right,Chicks on the Right,≤100
30139072158,CARE,CARE,≤100
181183059253295,Dorsal Bracelets,Dorsal Bracelets,≤100
110356097378867,"Rosemary Saccomani for Register of Probate, Hampden County",Saccomani Committee,≤100
132492254050920,American AF,AAF Nation,≤100
926650430723985,Really American,REALLY AMERICAN PAC,≤100
1109093812491437,Blaze Media,Blaze Media LLC,≤100
112420993589373,Young and Old for America,Andrew Joseph Young,≤100
2353537341582545,Proud Patriots,Proud Patriots,≤100
163302087408673,Stop The Donald,Stop the Donald,≤100
2037695643113766,Blexit,Blexit Foundation,≤100
6316744206,Jon Tester,MONTANANS FOR TESTER,≤100
345378512258813,Elise Stefanik,ELISE FOR CONGRESS,≤100
126694924050678,Xavier Becerra,Becerra for Attorney General 2022,≤100
24330467048,Americans for Prosperity,AMERICANS FOR PROSPERITY,≤100
43287633515,Alliance for Climate Education,Alliance for Climate Education,≤100
15687409793,World Wildlife Fund,World Wildlife Fund,≤100
486742462081051,Mike Cooney for Governor,Cooney for Montana,≤100
839110726214614,Realtors,NATIONAL ASSOCIATION OF REALTORS,≤100
305832706292882,American Gun Association,GunAssociation.org,≤100
100233228182981,Madison Cawthorn for Congress,CAWTHORN FOR NC,≤100
8047221596,Save the Children US,"SAVE THE CHILDREN FEDERATION, INC.",≤100
530604487365010,Old Glory Flagpole Kits,Service First,≤100
560140464159364,Stand for the 2nd Amendment,SFT2 Tactical Supply,≤100
101853374572717,Retirement U,Robert Jared Wilkins,≤100
481559282597914,TrumpersUnite,Respect The Look,≤100
108118933908193,Next Level Goods,Next Level Goods LLC,≤100
223008867858902,American Action News,American Action News,≤100
6787988478,Physicians for Human Rights,"PHYSICIANS FOR HUMAN RIGHTS, INC.",≤100
101591551371555,Fire Mitch. Save America.,SAVE AMERICA FUND,≤100
8524198486,Physicians Committee for Responsible Medicine,"PHYSICIANS COMMITTEE FOR RESPONSIBLE MEDICINE, INC.",≤100
142992759853421,Be A Hero,BE A HERO PAC,≤100
8550121410,Free Speech America Project,MEDIA RESEARCH CENTER,≤100
124530924015,Hank Gilbert,HANK GILBERT FOR CONGRESS,≤100
1836138529938551,Greater Half,Greater Half,≤100
1013304945470529,My Pride Apparel,My Pride Apparel,≤100
59254639983,Boston Medical Center,BOSTON MEDICAL CENTER,≤100
405469100189512,Still My President - Donald Trump,Red State Politics LLC,≤100
131677553516197,Citizens Bank,CITIZENS FINANCIAL GROUP INC.,≤100
131306317680000,Social Goods,"Social Goods, LLC",≤100
183424985463330,Joe Cunningham,JOE CUNNINGHAM FOR CONGRESS,≤100
788394134539871,USPS Business,United States Postal Service,≤100
655065784538368,PredictIt,"PredictIt - Prediction Markets. A project of Victoria University of Wellington, PredictIt has been established to facilitate research into the way markets forecast events.",≤100
30866133883,Alaska Wilderness League,ALASKA WILDERNESS LEAGUE,≤100
118269091671380,The Home T,THE HOME T,≤100
46093654473,National Republican Congressional Committee,NRCC,≤100
7962229886,Environmental Working Group,ENVIRONMENTAL WORKING GROUP,≤100
108450437530801,Sally Kerans for State Representative,Committee to Elect Sally Kerans,≤100
118655258837074,Senator Dean A. Tran,The CTE Dean Tran,≤100
18709174006,National Audubon Society,"NATIONAL AUDUBON SOCIETY, INC.",≤100
1668350569891953,Rainbow Movement,William James Ulrich,≤100
107084894017720,Deb Busser for State Representative,Busser Committee,≤100
1799282383731277,TwoSeventy,Alexander Jared Deutsch,≤100
934438026690635,YouGov,YOUGOV AMERICA INC.,≤100
629732217415068,Republican Party,Greater Half,≤100
58654176998,Patrick O'Connor,The O'Connor Committee,≤100
151525932186806,When Democrats Turn Out,WHEN DEMOCRATS TURN OUT PAC,≤100
110422117441268,Relentless Loyalty,Carlos None Leon Trejo,≤100
2185993931653388,The Recount,"Recount Media, Inc",≤100
884042038424164,Christina Eckert for State Representative of 2nd Essex District,Campaign to Elect Christina Eckert for State Representative,≤100
102564128179023,Truth to Power,TRUTH TO POWER,≤100
6713653788,Gary Peters,PETERS FOR MICHIGAN,≤100
296708523873754,Karla Dennis and Associates Inc.,"Karla Dennis & Associates, Inc",≤100
102816294565613,Primordial Press,Michael Abraham Rothman,≤100
104934207736995,Paycheck to Paycheck,Center for American Progress Action Fund,≤100
151757038879920,Alyse Galvin for Congress 2020,ALYSE FOR ALASKA,≤100
11791104453,NRDC,Natural Resources Defense Council,≤100
1690071827911682,Cleancult,cleancult,≤100
27544763621,Prison Fellowship,Prison Fellowship,≤100
376776419037747,Turning Point USA,Turning Point USA,≤100
193618220508,LIFE Today,LIFE Outreach International,≤100
277414242013,Joyce Elliott for Congress,JOYCE ELLIOTT FOR CONGRESS,≤100
42002969352,Center on Budget and Policy Priorities,Center on Budget and Policy Priorities,≤100
76625396025,CDC,U.S. Centers for Disease Control and Prevention with Facebook Ad Credits,≤100
894096170667732,Ashley Hinson,Ashley Hinson For Congress,≤100
169294473121454,Policetees.com,PoliceTees.com,≤100
260754507296508,The Voter Participation Center,Voter Participation Center,≤100
2040270322863853,Tina Smith,TINA SMITH FOR MINNESOTA,≤100
61265398450,AmeriCorps NCCC,Corporation for National and Community Service,≤100
34362997676,United States Holocaust Memorial Museum,UNITED STATES HOLOCAUST MEMORIAL MUSEUM,≤100
241621170478899,The Purpose of Allegiance,Harrison T Chung,≤100
839073729808623,Hillary Scholten,SCHOLTEN FOR CONGRESS,≤100
227908433937826,State Representative Michael J. Finn,Committee to Elect Michael J Finn,≤100
45393753416,Alliance Defending Freedom,Alliance Defending Freedom,≤100
21559454473,FAIR,FEDERATION FOR AMERICAN IMMIGRATION REFORM,≤100
72186095846,Center For American Progress Action Fund,Center for American Progress Action Fund,≤100
419992651425033,Guardianes del Pueblo-Consumer Law Group,Consumer Law Group,≤100
1841824626073676,Candace Valenzuela for Congress,CANDACE FOR 24,≤100
101136147910784,Represent Justice,Represent Justice,≤100
110439270638992,NE1else,Time Management LLc,≤100
431099560800970,Front Page Live,"Front Page Live, Inc.",≤100
1204754733024419,People's Power Grab,ACRONYM,≤100
106333028376,"Nichols Kaster, PLLP",Nichols Kaster PLLP,≤100
103526514708833,Lou Gargiulo for NH State Senate District 24,Friends of Lou Gargiulo PAC,≤100
1530883997194411,United States Constitution,Flag and Cross,≤100
110962313941403,Vote from Home 2020,PEOPLE FOR GOVERNMENT PAC,≤100
1600352356914768,PushBlack,PushBlack,≤100
1934191280189700,Health Care Voter,Health Care Voter,≤100
123963360928,SiriusXM,SIRIUS XM RADIO INC.,≤100
163965296965203,32BJ SEIU,LOCAL 32 BJ SEIU,≤100
55549065733,Voto Latino,VOTO LATINO INC.,≤100
95356211637,Ben Ferguson,Ben Ferguson show,≤100
213792049451918,Stand For America,Stand For America Inc,≤100
219612384781411,Bloomberg Philanthropies,Bloomberg Philanthropies,≤100
103732088041755,LEAD Home Improvement,John Leroy Soderberg,≤100
209516845093,NRDC Action Fund,NRDC Action Fund,≤100
114646533630729,Yes. Every Kid.,"yes. every kid, Inc.",≤100
429812024048177,Doug Jones for Senate,DOUG JONES FOR SENATE COMMITTEE,≤100
443329669123990,USAFacts,USAFacts Institute,≤100
149081336362,AmeriCorps VISTA,Corporation for National and Community Service,≤100
105828770951542,Cathy Clark for State Representative - 37th Middlesex District,Committee to elect Catherine Clark,≤100
106663044307859,Mike Sievert,"T-MOBILE USA, INC.",≤100
50982313030,Food & Water Watch,Food & Water Watch,≤100
21375324480,The Heritage Foundation,HERITAGE FOUNDATION (THE),≤100
11653741889,Ad Council,Ad Council with Facebook Ad Credits,≤100
109497606063007,Councilorette Damali Vidot,Committee to Elect Damali Vidot,≤100
105145707971929,Florida Votes,TECH FOR CAMPAIGNS,≤100
19746387261,Humane Society International,Humane Society International,≤100
42940254353,Human Rights Watch,"HUMAN RIGHTS WATCH, INC.",≤100
465483726908192,iVote,IVote Civic Education Fund,≤100
103983379801,Texas Democratic Party,SUPER STATES 2020,≤100
106667854471975,Outspoken,Log Cabin Republicans,≤100
175797376373,"WaterFurnace Geothermal Heating, Cooling & Hot Water","WATERFURNACE INTERNATIONAL, INC.",≤100
102592959026,Ocean Conservancy,"OCEAN CONSERVANCY, INC.",≤100
292351509697,Jerusalem Prayer Team,Jerusalem Prayer Team,≤100
331037760381749,Sierra Magazine,SIERRA CLUB,≤100
141692255929599,Democratic Socialists of America,DEMOCRATIC SOCIALISTS OF AMERICA INC,≤100
108273884315449,Real American Patriot,Gold Sky Ventures LLC,≤100
496696933682736,Jeff Merkley,JEFF MERKLEY FOR OREGON,≤100
1316372698453411,Alexandria Ocasio-Cortez,THE SQUAD VICTORY FUND,≤100
100119981671668,Blue Senate,BLUE SENATE PAC,≤100
103026384819654,How to Vote,ACRONYM,≤100
1438808983108348,BOLD PAC,CHC BOLD PAC,≤100
27311599342,Preemptive Love,Preemptive Love Coalition,≤100
2339203789732156,Kim Mangone for Congress,COMMITTEE TO ELECT KIM MANGONE FOR CONGRESS,≤100
1136781033034012,Brave New Look,Brave New Look,≤100
57259033959,AARP,AARP,≤100
103449708166331,Stand Up For The Second Amendment,Kirsten May Siosan Andrade,≤100
104170004713256,Elect Black Democrats,THE COLLECTIVE PAC,≤100
858210161010020,Tom Malinowski for Congress,TOM MALINOWSKI FOR CONGRESS,≤100
8057376739,The Nature Conservancy,Nature Conservancy,≤100
143729616392084,Van Drew for Congress,Van Drew for Congress,≤100
117641114435,First Aid Beauty,First Aid Beauty,≤100
128167457221813,Public Transportation,Voices for Public Transit,≤100
129255907131113,NumbersUSA,NUMBERSUSA EDUCATION AND RESEARCH FOUNDATION,≤100
80080296729,The Greater Boston Food Bank,"GREATER BOSTON FOOD BANK, INC., THE",≤100
108029674299216,We The People,We The People,≤100
1354622541311687,Dr. Kim Schrier,DR KIM SCHRIER FOR CONGRESS,≤100
101075798356272,ReOpen America Now,Command Center Holdings LLC,≤100
592707041080920,Stand Together,Stand Together Chamber of Commerce Inc.,≤100
90498769709,Edenpure,EdenPURE®,≤100
1925751504337881,MJ Hegar,MJ FOR TEXAS,≤100
101481584557260,Help Asheville Bears-HAB,Heather Christina Williams,≤100
100697751658498,Stronger.org,The Public Good Projects,≤100
263210730984251,We Are Great Again Pac,WE ARE GREAT AGAIN PAC,≤100
210908549387344,Rep. Jack Patrick Lewis,Jack Patrick Lewis,≤100
281884085611820,Tedra Cobb,COMMITTEE TO ELECT TEDRA COBB,≤100
108834660952162,Liberty Strong,Jae W Seo,≤100
44255328352,Farm Forward,Farm Forward,≤100
1634651343331439,Project Wren,Landon Brand,≤100
782093245218764,Qasim Rashid,RASHID FOR VA,≤100
17911165812,Covenant House International,Covenant House,≤100
210357995667559,The National Memo,The National Memo,≤100
156268994819596,Marc J. Bern & Partners LLP,Marc J. Bern & Partners LLP,≤100
142370046577999,Shahid Buttar for Congress,Shahid Buttar for Congress Committee,≤100
293225127381200,Patriot Depot,The Patriot Depot,≤100
1338822066131069,Women's March,Women's March,≤100
1005566252861190,VOTEPROCHOICE,DEMOCRATS.COM,≤100
102745147891580,Trump Coolers,Eric Clifford Juels,≤100
114123726635017,Alec for Rep,The DiFruscia Committee,≤100
868405419972384,The Outrage,The Outrage,≤100
23790541544,Democrats,DCCC,≤100
971668776283950,PolicyEd,Hoover Institution,≤100
438678183588710,Ihssane For Congress,IHSSANE FOR CONGRESS,≤100
227764782729,AMERICAN - STRONG!,American Strong LLC,≤100
101769576791,Health Action Network,Health Action Network,≤100
1025055787535714,A Case for Women,A Case for Women,≤100
2049170775107862,Resistance By Design,Resistance By Design,≤100
628891490457484,Nancy Mace,Nancy Mace for Congress,≤100
13867925345,Equality Florida,Equality Florida,≤100
106572950040377,Max Rose,MAX ROSE FOR CONGRESS,≤100
102137374563260,Confide in American Pride,John Allen Franson,≤100
103046977892124,Adam Christensen For Congress,ADAM J CHRISTENSEN FOR CONGRESS,≤100
119006106155684,PI Energy,Andrew P Chung,≤100
109984394118472,Mask Exemption Cards,Mask Exemption Cards,≤100
130467958471,Jason Lewis,Jason Lewis for Senate,≤100
100277548202927,Senior Saver Labs,Tyler Wayne Hedland,≤100
200650357207240,I Love My Freedom,I Love My Freedom,≤100
107589664099282,Stand Up To China,"Stand Up To China, Inc.",≤100
357554791340788,Liker,Omar Rivero,≤100
2046092952294722,Lucy McBath for Congress,FRIENDS OF LUCY MCBATH,≤100
203330919857759,All On The Line,National Redistricting Action Fund,≤100
336470580233523,Pins and Aces Golf Co.,US Craft Brands LLC,≤100
237477017606,Club for Growth,Club for Growth,≤100
30079936984,CWS,"CHURCH WORLD SERVICE, INC.",≤100
108109934203874,Insta Shop Boutique,Insta Shop Boutique,≤100
186932688457686,CHNGE,CHNGE,≤100
467804929927622,Jason Smith,JASON SMITH FOR CONGRESS,≤100
94047978366,PCCC - BoldProgressives.org,PROGRESSIVE CHANGE CAMPAIGN COMMITTEE,≤100
203197030603239,8 Billion Trees,8 Billion Trees LLC,≤100
103682110993833,Arctic Refuge Defense Campaign,Alaska Wilderness League,≤100
911828698840246,ReLEntless Defender Apparel,ReLEntless Defender Apparel,≤100
518194348194441,RepresentUs,RepresentUs,≤100
7814597100,Jim Jordan for Congress,JIM JORDAN FOR CONGRESS,≤100
105010030848236,Bryant Cameron Webb,DR. CAMERON WEBB FOR CONGRESS,≤100
267180743723148,National Geographic Society,National Geographic Society,≤100
266344180585578,Jim Jordan for Congress,JIM JORDAN FOR CONGRESS,≤100
808450969246896,"Rebecca Walser, Tax Attorney, CFP",Walser Wealth Management,≤100
102786584878552,Committed for Freedom,Harrison T Chung,≤100
117437204982602,American Wild Horse Campaign,American Wild Horse Campaign,≤100
259212814698356,Democratic Majority for Israel,DMFI PAC,≤100
118502801658228,Young Kim,Young Kim for Congress,≤100
152264148166020,Moms Clean Air Force,Moms Clean Air Force,≤100
105084617912738,PatriotQuizzes,patriotquizzes.com,≤100
216311481960,Bill Gates,Bill Gates,≤100
210333902420876,Sean Parnell,AMERICANS FOR PARNELL COMMITTEE,≤100
1526736227567131,TrueCoverage,True Coverage,≤100
367004277189,Brazilian Worker Center/Centro do Trabalhador Brasileiro,Brazilian Worker Center,≤100
116238930177726,Artsiful,Brad Aaron Shaw,≤100
225929541268953,Mike Kushmerek For State Representative,Committee to Elect Michael P Kushmerek,≤100
2012750189007245,Liquid Death Mountain Water,Liquid Death,≤100
101329438317952,Story Network Action,Story Network Foundation,≤100
116808566362551,Boomer Naturals,Boomer Naturals Inc,≤100
70090474914,American Farmland Trust,"AMERICAN FARMLAND TRUST, INC",≤100
284946111858895,Debbie Mucarsel-Powell,DEBBIE FOR CONGRESS,≤100
124939484209078,Langevin for Congress,LANGEVIN FOR CONGRESS,≤100
420785874975425,Conservative Institute,The Conservative Institute,≤100
7341997111,Conservation International,Conservation International,≤100
174754989846475,NewDem Action Fund,New Democrat Coalition Action Fund,≤100
107483911082907,Trump Footballs,"Local Guys Marketing, LLC",≤100
2309566456030859,Human Coalition Action,Human Coalition Action,≤100
111702860231554,Matt Lieberman,Matt Lieberman for Senate,≤100
419237048158257,Susan Collins,COLLINS FOR SENATOR,≤100
6333396177,NewsBusters.org,MEDIA RESEARCH CENTER,≤100
367292494407,AJC - American Jewish Committee,AMERICAN JEWISH COMMITTEE,≤100
747783932079184,Jared Golden,COMMITTEE TO ELECT JARED GOLDEN,≤100
257019421075897,Cory Gardner,Cory Gardner for Senate,≤100
17475614410,Hispanic Federation,Paid for by Hispanic Federation with Facebook Ad Credits,≤100
219247332354785,Phil Arballo for Congress,ARBALLO FOR CONGRESS,≤100
390560688135747,Public Editor Press,"Public Editor Press, Inc",≤100
169597416843751,Stand Up America,Stand Up America,≤100
1681120172099567,Libertarian Candidates,Ryan Allen Raymond,≤100
101485404914361,Bad News Wares,Bad News Wares,≤100
977704775606273,Balls Deep Tackle,Balls Deep Tackle,≤100
27544763621,Prison Fellowship,Brandon Anders Larsen,≤100
679171239164792,Supermajority,Supermajority,≤100
785936231584382,Paula Jean Swearengin,Paula Jean for West Virginia,≤100
106224464107240,Jo Jorgensen,Jo Jorgensen for President,≤100
6231686654,Compassion International,"COMPASSION INTERNATIONAL, INCORPORATED",≤100
134452023239984,Human Coalition,Human Coalition,≤100
2256321067930356,Liberteeclub,libertyteeshop,≤100
182620315479,Plan International USA,Plan International USA,≤100
111749023656141,John Paul Moran For US Congress MA-6 - R,STAND WITH JOHN PAUL MORAN,≤100
114857913678674,Helping Hands,Harrison T Chung,≤100
193332384941186,Elect Steve Hall,Committee to Elect Steven R Hall,≤100
169130743498585,Tactical Pro Supply,Chad Keller,≤100
176466646087311,DC Fawcett,VREIC,≤100
369325156488153,Ubuntu Life,Ubuntu Life,≤100
123651254408327,Sokolove Law,"Sokolove Law, LLC",≤100
702582586516561,CBN Israel,"The Christian Broadcasting Network, Inc.",≤100
1852520761657982,4ocean,4ocean,≤100
1268410219898273,Tango Tango,Tango Tango Inc,≤100
296295018082,AARP en Español,AARP,≤100
262577294462322,Kettle Freaks,Kettle Freaks LLC.,≤100
166618413413767,Jay Sekulow,American Center for Law and Justice,≤100
1640136779635989,We The People Holsters,WeThePeopleHolsters,≤100
513695272011123,The Genesis Prize,GPF NA LLC,≤100
102671331487937,I Love My Freedom Store,I Love My Freedom,≤100
357750373755,National Domestic Workers Alliance,National Domestic Workers Alliance,≤100
260933440643373,UltraViolet,UltraViolet Action,≤100
21834534343,Volunteers of America,"VOLUNTEERS OF AMERICA, INC.",≤100
40973310753,Pathfinder International,Pathfinder International,≤100
102579318191600,No Justice No Peace,NO JUSTICE NO PEACE PAC,≤100
740266592735787,Free to Be Kids,Free To Be Kids,≤100
102563374721635,Glenn Fossa for State Representative,COMMITTEE TO ELECT GLENN FOSSA,≤100
350784278974539,Turning Point Action,Turning Point Action,≤100
100912625071588,Pennsylvania Votes,TECH FOR CAMPAIGNS,≤100
2068988876444634,Stand Up for Accurate Prenatal Answers,STAND UP FOR ACCURATE PRENATAL ANSWERS INC,≤100
108512875350,The Atlas Society,The Atlas Society,≤100
202843900735,1199SEIU Massachusetts,1199SEIU United Healthcare Workers East,≤100
54684090291,Partnership to End Addiction,The National Center on Addiction and Substance Abuse with Facebook ad credits,≤100
100501611534904,BDS is BS,BDS is BS,≤100
6355071377,American Cancer Society Cancer Action Network - ACS CAN,AMERICAN CANCER SOCIETY CANCER ACTION NETWORK INC,≤100
210277954204,The Young Turks,"The Young Turks, Inc.",≤100
16534314739,Facing History and Ourselves,"FACING HISTORY AND OURSELVES NATIONAL FOUNDATION, INC.",≤100
428105227363272,American Farmland Trust - New England,"AMERICAN FARMLAND TRUST, INC",≤100
18479402361,No Kid Hungry,No Kid Hungry,≤100
272746056173834,National Voter Registration Day,NONPROFIT VOTE,≤100
153678684700451,American Investment Council,AMERICAN INVESTMENT COUNCIL,≤100
107591317737915,Prepared Americans,Kin Ngai Yeung,≤100
1424655311129385,Proud Pour,Proud Pour,≤100
1323161541032507,For Our Future FL,For Our Future Action Fund,≤100
21472760578,C-SPAN,C-SPAN,≤100
223055747744143,Beto O'Rourke,Powered By People,≤100
7209432197,Chris Coons,CHRIS COONS FOR DELAWARE,≤100
1456310534453054,Veteran Loans Online,"LMB OpCo, LLC",≤100
105269984593079,The Way I See It,Focus Features,≤100
10498053716,Media Research Center,MEDIA RESEARCH CENTER,≤100
291102898490822,Giant Maga Hat,Inventors club LLC,≤100
530604487365010,Old Glory Flagpole Kits,Service First Flag Poles,≤100
116546288359245,Heritage Action for America,HERITAGE ACTION FOR AMERICA,≤100
106949844346620,Trumpian Republicans,Gregory Lawrence Burright,≤100
746938465317981,Nuclear Matters,Nuclear Matters,≤100
6170309302,Dick Durbin,FRIENDS OF DICK DURBIN COMMITTEE,≤100
1344753008968781,Birds Aren't Real,Birds Aren't Real,≤100
1084856268238034,Trump Talking,Roberto None Lugo,≤100
1378728485761873,Rhode Island Progressive Democrats of America,Rhode Island Progressive Democrats,≤100
1977738355807406,Sharice For Congress,SHARICE FOR CONGRESS,≤100
317284821682168,Messianic Jewish Alliance of America (MJAA),Messianic Jewish Alliance of America,≤100
215199482635728,Alek Skarlatos,ALEK FOR OREGON,≤100
100506848295759,Made to Fail,Made To Fail,≤100
11006419356,The Voice of the Martyrs - USA,"VOICE OF THE MARTYRS, INC., THE",≤100
108238234243028,Matt Garlo for State Rep,Committee to Elect Matthew J Garlo,≤100
173837496125511,Conscious Step,Conscious Step,≤100
101058218380143,Hold Cops Accountable,People Power Initiatives,≤100
44340057816,Uncommon Goods,UncommonGoods,≤100
101690998009007,Improving Life Through Health,Nicolette Dalan,≤100
83290028957,Care Net,CARE NET,≤100
358951317539562,Katherine Clark,KATHERINE CLARK FOR CONGRESS,≤100
810122486032496,Jackie Gordon,JACKIE GORDON FOR CONGRESS,≤100
514167322309353,Dan Crenshaw,Crenshaw For Congress,≤100
105433064492153,The Return 2020,The Return International,≤100
115364585711,Lawyers' Committee for Civil Rights Under Law,Lawyers' Committee for Civil Rights Under the Law with Facebook Ad Credits,≤100
700941689954518,Defend Our Future,Defend Our Future,≤100
226227607550614,American Nurses Association Massachusetts,American Nurses Association Massachusetts,≤100
176466646087311,DC Fawcett,Donald Chappell Fawcett,≤100
6820348410,Kirsten Gillibrand,Gillibrand for Senate,≤100
1917715138510680,Follow Your Legend,Legend Bracelet,≤100
551158678560402,Epimonia,Epimonia LLC,≤100
248181906078243,National Institute for Civil Discourse,CommonSense American,≤100
1472496323054612,It's About Time Mets: Elevating Metastatic Cancer Stories,GILDA'S CLUB CHICAGO,≤100
1632568446971453,Boredwalk,Boredwalk,≤100
6240652407,Young America's Foundation,YOUNG AMERICA'S FOUNDATION INC,≤100
219224241438635,Compassion & Choices,COMPASSION & CHOICES,≤100
737686089933715,Conservative Collections,Mainline Media Group,≤100
109526232935380,Synthisophy,Synthisophy,≤100
101461559911714,The Posh Pearl Apparel Co.,The Posh Pearl Apparel Co,≤100
1156676274461345,Mikie Sherrill,MIKIE SHERRILL FOR CONGRESS,≤100
79820371749,Ayanna Pressley,THE COMMITTEE TO ELECT AYANNA PRESSLEY,≤100
112488757165613,Blue Line Stockpile,Blueline Stockpile,≤100
47531526543,eHop - educate engage empower - Hopkinton,EHOP Educate Engage Empower Hopkinton,≤100
598720023670599,Jennifer Carroll Foy,Jennifer Carroll Foy for Governor,≤100
1014486318584089,Armed American Supply,Armed American Supply,≤100
172758932738142,PhRMA,PHARMACEUTICAL RESEARCH AND MANUFACTURERS OF AMERICA,≤100
856208611420219,Christina Finello,FINELLO FOR CONGRESS,≤100
169288666437036,NH Journal,InsideSources,≤100
112600915451330,No Labels,No Labels,≤100
1667892193505378,Hold the House,HOLD THE HOUSE PAC,≤100
181924628560212,SumOfUs,SumOfUs,≤100
311092829640373,"Salem, Massachusetts - City Government",Michael H Sperling,≤100
102281264932254,The Southern Strategy,Southern Strategy,≤100
614134231980299,Veterans Empowered To Protect African Wildlife,VETPAW INC,≤100
1520483958208446,Seeger Weiss LLP,SEEGER WEISS LLP,≤100
110010433804232,Falkirk Center,Falkirk Center,≤100
121033149320,American Indian College Fund,"AMERICAN INDIAN COLLEGE FUND, THE",≤100
310765469597,Rock In The Classroom,ROCK IN THE CLASSROOM EDUCATIONAL OUTREACH,≤100
360303722260,Kathleen Williams,KATHLEEN WILLIAMS FOR MONTANA,≤100
248306181862385,Live Lokai,LOKAI HOLDINGS LLC,≤100
6851405967,CREDO Mobile,"CREDO MOBILE, INC.",≤100
241672016328637,Lauren Underwood for Congress,LAUREN UNDERWOOD FOR CONGRESS,≤100
44224524016,American Kidney Fund,"AMERICAN KIDNEY FUND, INC.",≤100
34701792581,EWTN,Eternal Word Television Network,≤100
1658135304460341,MANG,MANG,≤100
779309092233298,Ben Crump,X Social Media,≤100
231154884924705,AboutTrump.org - and Biden,A MARK FOUNDATION,≤100
1653251174924652,Fuzzu,Fuzzu,≤100
80060992758,Center for Food Safety,"CENTER FOR FOOD SAFETY, THE",≤100
5943727453,American Humane,American Humane,≤100
1499038337068432,Organization of Nurse Leaders,Organization of Nurse Leaders,≤100
114630060285714,Tim Comerford for Executive Council,Timothy P.  Comerford,≤100
208463585839891,Living Future Institute,International Living Future Institute,≤100
110828620426941,Roger Polack for Congress,ROGER FOR WISCONSIN,≤100
110509184108983,American Survival,Andrew Joseph Young,≤100
342887442508723,Convention of States,Convention of States Action,≤100
232201568659,Pacific Justice Institute,PACIFIC JUSTICE INSTITUTE,≤100
121626482110,Operation Smile,"OPERATION SMILE, INC.",≤100
405355946226766,Todd Young,"FRIENDS OF TODD YOUNG, INC.",≤100
819607471729183,Dr. Al Gross for US Senate,DR. AL GROSS FOR U.S. SENATE,≤100
14440196673,Teamsters,INTERNATIONAL BROTHERHOOD OF TEAMSTERS,≤100
42872222699,Dana Loesch,Dana Loesch Radio,≤100
2259323457517498,Abolish the Electoral College,ABOLISH THE ELECTORAL COLLEGE,≤100
711478725532801,Civiqs,Civiqs,≤100
49651563727,Live Action,Live Action,≤100
1382195548475373,Maria Rivera For Mayor,Maria Rivera for Mayor,≤100
149745555082419,Pioneer Institute for Public Policy Research,"Pioneer Institute, Inc.",≤100
157307331013957,The History List,The History List,≤100
112334757233941,Right to Telehealth,Jeremy Joseph Schaller,≤100
105536127617594,The American Digest,The American Digest,≤100
168367339845613,The Humane League,The Humane League,≤100
69869352985,Freedom Debt Relief,These ads ran without a disclaimer,≤100
100872105028876,Unite To Fight Poverty,Unite To Fight Poverty,≤100
30914589895,The International Fellowship of Christians and Jews,"INTERNATIONAL FELLOWSHIP OF CHRISTIANS & JEWS, INC.",≤100
143089732792,Marsha Blackburn,Blackburn Tennessee Victory Fund,≤100
102478528086004,Reading On the Left,St. Martin's Press,≤100
896759427103774,Modern Medicaid Alliance,Modern Medicaid Alliance,≤100
105481140904672,Core Prestige,Core Prestige,≤100
15771560300,Earthjustice,EARTHJUSTICE,≤100
215968684159,AFT - American Federation of Teachers,American Federation of Teachers,≤100
107315591003146,Healthier Lifestyle,Katie Yazhen Gao,≤100
18813753280,Human Rights Campaign,"HUMAN RIGHTS CAMPAIGN, INC.",≤100
5887538795,Education Week,Education Week,≤100
109866370700481,PushBlack Finance,PushBlack,≤100
7145381235,American Jewish World Service - AJWS,"AMERICAN JEWISH WORLD SERVICE, INC.",≤100
25803945361,Family Equality,FAMILY EQUALITY COUNCIL,≤100
110849485902,United Way,United Way Worldwide with Facebook Ad Credits,≤100
104550824646928,2nd Amendment USA,Amundson Media LLC,≤100
109360297266116,Fearless Patriot,TERESA NONE OHARA-MARSH,≤100
181385265351965,Mosaic Magazine,Mosaic,≤100
593289284500311,Trump Rack,BOXD Marketing,≤100
129523843754764,Vote Smart,PROJECT VOTE SMART,≤100
1488803804538481,Mike Siegel,MIKE SIEGEL FOR CONGRESS,≤100
1452551204988299,GoReact,Speakworks Inc,≤100
195620754724,Helping Hand USA,HELPING HAND FOR RELIEF AND DEVELOPMENT INC.,≤100
165858562140,Western Resource Advocates,Western Resource Advocates,≤100
154510321337994,Chris Pappas for Congress,CHRIS PAPPAS FOR CONGRESS,≤100
6756153498,Mike Bloomberg,Mike Bloomberg,≤100
67626834312,National Women's Law Center,National Women's Law Center,≤100
180060629247353,Elaine Luria for Congress,ELAINE FOR CONGRESS,≤100
102756811269921,Fellow Americans,Fellow Americans,≤100
36634376117,HarperKids Books,HARPERCOLLINS PUBLISHERS LLC,≤100
834645469890446,Devin Nunes,DEVIN NUNES CAMPAIGN COMMITTEE,≤100
107404144243892,"Will LaRose for State Representative, MA - 2nd Franklin",LaRose Committee,≤100
114386721939978,The Made in America Store,Made In America Store,≤100
70995214846,Business Roundtable,Business Roundtable,≤100
348839551906904,Democracy in Color,POWERPAC DOT ORG,≤100
266602360083204,The Children's Trust,"CHILDREN'S TRUST, INC",≤100
317478631639969,State Rep. Lenny Mirra,The Committee to Elect Leonard Mirra,≤100
12185972707,350.org,350.org,≤100
398757490729,The National Network to End Domestic Violence,"NATIONAL NETWORK TO END DOMESTIC VIOLENCE, INC.",≤100
168876449866088,The Years Project,The Years Project,≤100
290851614930809,Combat AntiSemitism,Combat Anti-Semitism,≤100
43609808159,Happy Family Organics,Happy Family Organics,≤100
166738743732702,All Above All Action,All Above All Action Fund,≤100
105195651016535,Meg Wheeler For State Senate,Wheeler Committee,≤100
2477925168899669,The Renew Democracy Initiative,"The Renew Democracy Initiative, Inc",≤100
417522508294454,Job Creators Network,Job Creators Network,≤100
6041057841,The Humane Society of the United States,"HUMANE SOCIETY OF THE UNITED STATES, THE",≤100
12177095451,El Planeta,Carlos Jose Munoz,≤100
83996318078,Change.org,"Change.org, PBC",≤100
51761261956,The Bill of Rights Institute,"BILL OF RIGHTS INSTITUTE, THE",≤100
24470472733,The Trevor Project,The Trevor Project,≤100
657343731290262,American Freedom Fighter,American Freedom Fighter,≤100
79125112926,Students for Life of America,"STUDENTS FOR LIFE OF AMERICA, INC.",≤100
101176781688638,Vets In America,Thanh Phuc Tran Nguyen,≤100
105882964535390,Cats Against Trump,Cats Against Trump,≤100
1490352314409117,It's Pittsfield Tonight,Michael L Daly,≤100
865976740219903,Jay McMahon for State Senate,McMahon Committee,≤100
105157841248307,No Filter Politics,No Filter Politics,≤100
931907200310657,Patients Rising Now,Patients Rising Now Inc,≤100
102180301437619,2020 American Defense Fund,C3 PAC,≤100
72931140459,Center for Biological Diversity,"CENTER FOR BIOLOGICAL DIVERSITY, INC.",≤100
113302310024546,Medicare for All Education Initiative - MA,Kelley Caldwell Johnson,≤100
59543893235,National Constitution Center,National Constitution Center,≤100
656263988182462,Bill Hagerty,TEAM HAGERTY,≤100
205395906412,UAW International Union,"INTERNATIONAL UNION, UNITED AUTOMOBILE, AEROSPACE AND AGRICULTURAL IMPLEMENT WORKERS OF AM",≤100
294508332028,Lakota People's Law Project,ROMERO INSTITUTE,≤100
245741028804051,Barbara Sinatra Center,Barbara Sinatra Children's Center,≤100
102112121615949,Relentless Pursuit,Lambert Chan,≤100
32582320449,CMMB,CATHOLIC MEDICAL MISSION BOARD INC,≤100
181467702005600,Mark Warner VA,FRIENDS OF MARK WARNER,≤100
246642355527002,New Hampshire Youth Movement,NH Peoples PAC,≤100
868259909915525,Susie Lee,Susie Lee for Congress,≤100
174046949421616,Phenomenal Woman Action Campaign,Phenomenal Woman Action Campaign,≤100
77951434370,Massachusetts Budget and Policy Center,Massachusetts Budget and Policy Center,≤100
102846434825096,Beat Abbott,Beat Abbott PAC,≤100
191338388172676,State Rep. Kathy LaNatra,Committee to Elect Kathy Lanatra,≤100
192771954102960,Jordan Sekulow,American Center for Law and Justice,≤100
123965317665623,N-Hance Wood Refinishing,N-Hance Inc.,≤100
1947525322184514,One Fair Wage,One Fair Wage,≤100
112333396969405,Jim Bognet,Bognet for Congress,≤100
1393911800825140,OZY,OZY Media Inc,≤100
1613516851999536,Sunrise Movement,SUNRISE PAC,≤100
105082357738682,Be Choose Cause Global Leaders Conference,"inviteCHANGE, LLC",≤100
114039693613630,Robert May for MA State Rep 13th Essex District,MAY COMMITTEE,≤100
111397950615844,South Shore News,PembrokeNEWS LLC,≤100
288110884600563,Lean In,"Sheryl Sandberg & Dave Goldberg Family Foundation d/b/a LeanIn.Org, LLC",≤100
24481937944,Theodore Roosevelt Conservation Partnership,"THEODORE ROOSEVELT CONSERVATION PARTNERSHIP, INC",≤100
107424894413326,Tio Bernie Book,Tio Bernie Book,≤100
100936161735093,Passion with Liberty,Jae W Seo,≤100
206677396413254,Abortion On Our Own Terms,Abortion On Our Own Terms,≤100
12683623041,Society for Human Resource Management (SHRM),SOCIETY FOR HUMAN RESOURCE MANAGEMENT,≤100
113439653552014,Michael Toole Norton Select Board Member,Michael E Toole,≤100
312208869424760,Field Team 6,Cory Cambridge Alpert,≤100
491349724370791,Jack Patrick Lewis,Jack P Lewis,≤100
1949440971937523,Maine Voter Info,MAINE DEMOCRATIC PARTY,≤100
17801244148,Jill Schupp,SCHUPP FOR CONGRESS,≤100
7219151423,The Fund for American Studies (TFAS),The Fund for American Studies,≤100
408250066356,Bill O'Reilly,"Bill Me, Inc.",≤100
434224137354568,Dr. Rich McCormick for Congress,Friends of McCormick,≤100
455147011996099,The Ann and Phelim Scoop,The Unreported Story Society,≤100
2406972266252679,BloombergLaw,"BUREAU OF NATIONAL AFFAIRS, INC., THE",≤100
218020061613734,UBS,UBS Financial Services Inc.,≤100
111272386994722,Community Preservation Shrewsbury,Community Preservation Shrewsbury,≤100
751679868274074,Hope for Students,THE EXPECTATIONS PROJECT INC,≤100
130848666099,Business Forward,Business Forward Inc.,≤100
21395843375,Dialysis Patient Citizens,DIALYSIS PATIENT CITIZENS INC,≤100
109679657448551,Bruce Crochetiere for Executive Council,Bruce Crochetiere for Executive Council,≤100
36872302227,Cory Booker,Cory Booker for Senate,≤100
128716440866482,Adam Milstein,Adam Milstein,≤100
8473889271,National Parks Conservation Association,National Parks Conservation Association,≤100
1640970822834351,Plaine Products,Plaine Products,≤100
1784991421516214,Seek Refuge,Seek Refuge,≤100
137459917707,The Brookings Institution,The Brookings Institution,≤100
26006662641,Arizona Democratic Party,Arizona Democratic Party,≤100
1082522201878539,Gina Ortiz Jones for Congress,GINA ORTIZ JONES FOR CONGRESS,≤100
103341131486608,Anti Racist Social,Salman Ahmed Elmi,≤100
1439364926329185,Animal Matters,Animal Matters,≤100
315467021926595,Native Voice Network,"AMERICANS FOR INDIAN OPPORTUNITY, INC",≤100
1425435377743310,Conversations with Bill Kristol,The Foundation for Constitutional Government,≤100
102907481554004,Standing Strong As One,Claire Wang,≤100
32975139631,If Americans Knew,If Americans Knew,≤100
830890360316751,Nick Hanauer,Civic Action,≤100
9739634228,The Political Machine,"Hitcents.com, Inc",≤100
105428794198107,Dale Crafts,Dale Crafts for Congress,≤100
303061950155375,John James,"JOHN JAMES FOR SENATE, INC.",≤100
179909895355213,AIDS United,AIDS UNITED,≤100
296914550322200,Jose Javier Rodriguez,Florida Democratic Legislative Campaign Committee,≤100
131571436869348,Texas HDCC,Texas HDCC,≤100
1053833861326820,John Burke,Presidential Playbook,≤100
234628203317767,Made for Freedom,Made for Freedom,≤100
104263277893278,Project Glamour,Evan Lee Ha,≤100
657708380952174,Voices of the Civil Rights Movement,Comcast,≤100
111324359048459,Dr. Roger Marshall,KANSANS FOR MARSHALL,≤100
21455818797,Feed the Children,"FEED THE CHILDREN, INC.",≤100
2309566456030859,Human Coalition Action,PRO-LIFE TEXANS A HUMAN COALITION ACTION PAC,≤100
394817334402124,2020 Trump Bill,Innovative Ecomm LLC,≤100
100696128366533,Compare-HealthPlans.com,Darius Alexander Mcdougle,≤100
16352157727,Alfred A. Knopf,Penguin Random House LLC,≤100
100568104869629,Palmucci Committee,Palmucci Committee,≤100
171651620209487,Brady PAC,Brady Pac,≤100
35715544220,Stand.earth,STAND,≤100
2646326642260384,New Hampshire Senate Republicans,NH Senate Republicans PAC,≤100
1575347412785991,Cheddar,Cheddar,≤100
953113491536337,Black to the Future Action Fund,Black to the Future Action Fund,≤100
135298176481584,Marine Corps Scholarship Foundation,Marine Corps Scholarship Foundation,≤100
106808627333095,Nithya for the City,Nithya for the City,≤100
1486604288305133,Happy Earth Apparel,Happy Earth LLC,≤100
241247646424302,Jahana Hayes,FRIENDS OF JAHANA HAYES,≤100
95483488591,Democratic Party of Wisconsin,DEMOCRATIC PARTY OF WISCONSIN,≤100
429233848012141,The HALO Trust USA,"HALO TRUST (USA), INC. (THE)",≤100
28144169620,Alliance for Aging Research,Alliance for Aging Research,≤100
510202515840553,Kat McGhee NH State Rep,Kathy Marie Mcghee,≤100
515224855346579,New Politics,New Politics,≤100
100401327980848,National Parents Union,National Parents Union,≤100
117513180002579,John Shallman,Target Marketing Digital,≤100
309798029121030,Everytown for Gun Safety,EVERYTOWN FOR GUN SAFETY VICTORY FUND,≤100
106968690805026,Sima for Texas,SIMA FOR TEXAS,≤100
12692955711,Chronicle of Higher Education,"CHRONICLE OF HIGHER EDUCATION, INC. (THE)",≤100
300992409852,Hoover Institution,Hoover Institution,≤100
171287339973880,LCV Victory Fund,"LCV Victory Fund, 202-785-8683, and not authorized by any candidate or candidate’s committee",≤100
107953010886875,20Train.com,GEEG LLC,≤100
104142543758770,Campaign Zero,We The Protesters,≤100
96832392186,US Open Tennis Championships,United States Tennis Association (USTA),≤100
260713150211,Protect Our Winters,Protect Our Winters,≤100
314121315788033,Stand with Parkland,Stand With Parkland,≤100
130268756992804,Yale Climate Connections,Yale Climate Connections,≤100
1745236555735695,EverBright Kids,EverBright Kids,≤100
780941275347834,Ilhan Omar,ILHAN FOR CONGRESS,≤100
105943157686335,Trust Michigan Families,TRUST MICHIGAN FAMILIES,≤100
55549065733,Voto Latino,Voto Latino with Facebook Ad Credits,≤100
285280491872272,Advance Native Political Leadership,Advance Native Political Leadership Action Fund,≤100
105872574403318,Project TAMMI,a research grant at The National Center on Addiction and Substance Abuse (CASA),≤100
102436701226752,Is It Sunday Yet?,Jarrett J Rogers,≤100
150681061641282,Tri-State G&T,Tri-State Generation Transmission Association Inc,≤100
362835977563117,Craig Thompson for NH,Craig Thompson for NH,≤100
751939164900480,Boston Broadside,Boston Broadside,≤100
706716899745696,Women for Trump,TRUMP MAKE AMERICA GREAT AGAIN COMMITTEE,≤100
442553959494293,Pay Up Climate Polluters,Center for Climate Integrity,≤100
75353945070,Boxed Water Is Better,Boxed Water Is Better,≤100
103034718068007,Pigeon Poolitics,Sassan Yousefi,≤100
169710960125365,Curzio Research,Curzio Research Inc.,≤100
142474049098533,Robert Reich,Inequality Media Civic Action,≤100
1709145412721991,The Center for Growth and Opportunity at Utah State University,The Center for Growth and Opportunity,≤100
44705166993,Vote.org,Vote.Org,≤100
570524446405979,Only Human,Only Human,≤100
582489491773392,Beth Am Synagogue,Beth Am Synagogue,≤100
153477451455783,The Optimist Daily,"The Optimist Publications, LLC",≤100
73970658023,International Rescue Committee,International Rescue Committee,≤100
103851564652,Waterkeeper Alliance,WATERKEEPER ALLIANCE INC,≤100
100699775058659,Education Now NC,Education Now,≤100
1536587453277219,Dr. Steve Turley,Turley Talks LLC,≤100
58158120046,ACLJ,American Center for Law and Justice,≤100
123397377677195,"School of International Service, AU","School of International Service, American University",≤100
504161563089343,BlackPAC,Black PAC,≤100
638492549896672,Liberal Humans,Liberal Humans,≤100
113399550420502,Family Matching Basic,These ads ran without a disclaimer,≤100
1809715209318581,Marjorie Taylor Greene for Congress,GREENE FOR CONGRESS,≤100
103315378108004,True Patriot Strength,LE-HUU DONG HUYNH,≤100
19972147679,SEIU,SEIU,≤100
1747132688647028,Democratic Association of Secretaries of State,Democratic Association of Secretaries of State,≤100
12784656483,Union Rescue Mission,Union Rescue Mission,≤100
2271384839771674,Otto Lee,Otto Lee for Supervisor 2020,≤100
103571278142168,Joni Ernst Isn’t On Our Side,DSCC,≤100
113310617054164,Trump Baseball Bats,Trump Baseball Bats,≤100
124626320898336,Catholic Extension,"CATHOLIC CHURCH EXTENSION SOCIETY OF THE UNITED STATES OF AMERICA, THE",≤100
112473780428837,Chasten Buttigieg,Kenneth James Gillett,≤100
1099478666810053,Meals For Pets,Meals for Pets,≤100
130945114804,World Jewish Congress,WORLD JEWISH CONGRESS AMERICAN SECTION INC,≤100
344346245749372,Shore Trendz,RHW.COM LLC/DBA Shore Trendz,≤100
112735922758892,Charlie Kirk,Charlie Kirk,≤100
112824416194,United Steelworkers,United Steelworkers,≤100
15351475322,Cathy McMorris Rodgers,Cathy McMorris Rodgers for Congress,≤100
127306469070566,Protect My Ballot,Protect My Ballot,≤100
175403889150682,FindLaw.com,FindLaw Consumer,≤100
186805048171120,U.S. & Texas LawShield,Texas LawShield,≤100
262905633727,Los Angeles Mission,"Los Angeles Mission, Inc.",≤100
742432405855905,Sunshine Cathedral,Darren Orlando Loli,≤100
309072629157350,National Coalition for Infant Health,National Coalition for Infant Health,≤100
451389174955443,Haverhill Collection,"Haverhill Leach, Inc",≤100
537534316395916,Students for Trump,Turning Point Action,≤100
114184489945533,Hawkfish,Hawkfish LLC,≤100
280822075852884,Insight Solar,These ads ran without a disclaimer,≤100
103801844298982,Team Collins,COLLINS FOR SENATOR,≤100
8934429638,Planned Parenthood Action,Planned Parenthood Votes,≤100
245238275521618,Marblehead Rotary Club,Arthur Bruce Schwartz,≤100
15041226930,Oxfam,"OXFAM AMERICA, INC.",≤100
105059857958044,Committee to Elect Teresa English 2020,Committee to Elect Teresa English,≤100
1802177709900081,The Spectator US,The Spectator US,≤100
158505287559920,Save the Storks,Save the Storks,≤100
19474609238,Mercatus Center at George Mason University,Mercatus Center at George Mason University,≤100
115589465160388,Scribner Books,Simon and Schuster,≤100
905962876138436,United Brotherhood of Carpenters and Joiners of America,United Brotherhood of Carpenters and Joiners of America,≤100
541807025833154,Malala Fund,Malala Fund,≤100
203805062990264,Ben Shapiro,The Daily Wire,≤100
104504438466,Federal Voting Assistance Program - FVAP,Federal Voting Assistance Program,≤100
1297437463649811,by Humankind,These ads ran without a disclaimer,≤100
184731548554164,PL+US,Plus Fund: Paid Leave for the United States,≤100
547791755407181,Common-Cents,Paul C. Haughey,≤100
190987118163092,Connected Clothing Company,Connected Clothing Company,≤100
566008736785269,Be Heard Project,Be Heard Project,≤100
873550809444862,Mighty Earth,Mighty Earth,≤100
160630887998827,Let Them Live,Let Them Live,≤100
2225580284361712,Tommy Tuberville,"TUBERVILLE FOR SENATE, INC.",≤100
85569513068,International Planned Parenthood Federation/Western Hemisphere Region,International Planned Parenthood Federation/Western Hemisphere Region,≤100
317667194946264,Ro Khanna,RO FOR CONGRESS INC,≤100
211049239087028,Association of Young Americans,Benjamin J Brown,≤100
101176014673943,Michelle for Kansas,MICHELLE FOR KANSAS,≤100
1678492922390061,WorkingNation,WorkingNation,≤100
106884643986875,KAG Patriot,KAG Patriot,≤100
297706507036856,Charles Koch Institute,Charles Koch Institute,≤100
1443127535947107,Save the Children Action Network,Save the Children Action Network,≤100
101464921262312,Alaina for Congress 2020,Alaina Shearer for Congress,≤100
399067003454888,Sudan Relief Fund,Sudan Relief Fund Inc,≤100
154860200019,Immigrants Rising,Immigrants Rising,≤100
1476342155924546,Big Rig Threads,Big Rig T-Shirts and Decals LLC,≤100
51610058563,Men's Health Network,Men's Health Network,≤100
1000253160054572,Cori Bush,CORI BUSH FOR CONGRESS,≤100
1642386799323957,Angie Craig,ANGIE CRAIG FOR CONGRESS,≤100
112164673854264,Living Patriotically,Living Patriotically,≤100
661744180680367,National Police Association,"NATIONAL POLICE ASSOCIATION, INC.",≤100
556344894736772,"New England, New Energy",Resource Media,≤100
1708467695859543,Veteran Transition Mission,Sonia Ivelisse Barriera Ayala,≤100
327202261326682,Stephanie Bice,Bice for Congress,≤100
262774994217218,Matt Mayberry for NH,MATT MAYBERRY FOR CONGRESS,≤100
133294620046953,Mission India,MISSION INDIA INC,≤100
315151565831,Ascension,Ascension Press,≤100
105691622840015,Human Rights Foundation (HRF),Human Rights Foundation,≤100
79820371749,Ayanna Pressley,THE SQUAD VICTORY FUND,≤100
138141366212571,Gravis Marketing,GRAVIS MARKETING INC.,≤100
120085718005638,American Prairie Reserve,American Prairie Reserve,≤100
108244541007129,The Voter Project Fund,The Voter Project Fund,≤100
28446275521,Military Officers Association of America (MOAA),Military Officers Association of America,≤100
108797534098691,Keep Gifts Great,Adrian Choi Conger,≤100
102959799834968,Diane Mitsch Bush for Colorado,DIANE FOR COLORADO CD3,≤100
111361091313,NICABM,"Theoria Associates for Health Education, Inc.",≤100
108687773798767,Shut Down DC,DC Action Fund Corporation,≤100
2003954429849200,Carrie Kerpen,Daniel Jeremy Kerpen,≤100
698400060189827,Dan Sullivan,Alaskans for Sullivan,≤100
128041845508205,In Good Company,Hanson Han Xu,≤100
109088011473,Motorcycle Mechanics Institute,These ads ran without a disclaimer,≤100
105031414415024,Francis Malofiy,Francis Malofiy,≤100
696930446991476,Financialadviser.com,FinancialAdviser.com,≤100
269479249997,National Shooting Sports Foundation | NSSF,National Shooting Sports Foundation,≤100
47710973068,Cooperative Action Network,National Rural Electric Cooperatives Association,≤100
101420381658477,Locke & Key PAC,LOCKE & KEY PAC,≤100
125319303823,Champlain College,Champlain College Incorporated,≤100
151560458967518,Mike Dooley,Michael E Dooley,≤100
104881317722736,Get-It-Out,Matthew Justin Viles,≤100
103877744493195,Briit Botanicals,Briit Botanicals,≤100
505653766599222,America First with Dr. Sebastian Gorka,Salem Media,≤100
7642602143,Mother Jones,FOUNDATION FOR NATIONAL PROGRESS,≤100
341240953385902,Force Of Nature Meats,Force of Nature,≤100
44951363957,American Enterprise Institute,AMERICAN ENTERPRISE INSTITUTE FOR PUBLIC POLICY RESEARCH,≤100
106890801114065,Right Wing Maga,Right Wing Maga,≤100
100268345027041,Smart Consumer,These ads ran without a disclaimer,≤100
6422138883,92nd Street Y,92nd Street Y,≤100
107199049318619,Friends of Derek Kilmer,PEOPLE FOR DEREK KILMER,≤100
25121889784,Texas Public Policy Foundation,Texas Public Policy Foundation,≤100
102623874673175,Tatyana Semyrog for State Representative,Semyrog Committee,≤100
109186244232765,The Liberty Club,Cindy None Dao,≤100
265866537068,Merrimack Valley Habitat for Humanity,"MERRIMACK VALLEY HABITAT FOR HUMANITY, INC.",≤100
166166843531258,National Council of Resistance of Iran - شورای ملی مقاومت ایران,MEK-Iran (Saeid Saadati),≤100
56332452163,AMA Patients Action Network,American Medical Association,≤100
107065181098002,Unwavering Patriotism,Tein Yang Sun,≤100
278703415666824,Jeremy Jones,Protect Our Winters,≤100
243510442756370,Justice Democrats,JUSTICE DEMOCRATS PAC,≤100
115617711783870,Center for Union Facts,CENTER FOR UNION FACTS,≤100
359434355433,Black Facts Online,Dale Anthony Dowdie,≤100
106007554211435,Mainers For Working Families,Mainers For Working Families,≤100
102970113093477,Church Militant/St. Michael’s Media,Max Aldcander Douglas,≤100
97466887664,Innocence Project,"INNOCENCE PROJECT, INC., THE",≤100
1088950287806118,Climate Hustle 2,CFACT,≤100
1629925673968109,Refuse Fascism,Refuse Fascism,≤100
103036584847574,The Good Neighbor,Brandon Vu,≤100
110468488981853,UNRWA USA,UNRWA USA,≤100
332803374044043,Chris Bubser for Congress,CHRIS BUBSER FOR CONGRESS,≤100
354329797956187,The Catholic Association,"The Catholic Association, Inc",≤100
105116370963006,David Morales for RI State Representative,Friends of David Morales,≤100
682990071843813,Center for the Study of Liberty,Center for the Study of Liberty,≤100
168452723312821,Chisholm Chisholm & Kilpatrick LTD,Chisholm Chisholm & Kilpatrick LTD,≤100
279890513018,Islamic Networks Group - ING,"ISLAMIC NETWORKS, INC.",≤100
104113317870732,Free Markets Destroy,Washington Policy Center,≤100
105455840860559,EagleRealm LLC,Eagle Realm,≤100
153080620724,Donald J. Trump,"DONALD J. TRUMP FOR PRESIDENT, INC.",≤100
101165101720418,Be-Winner-Today,These ads ran without a disclaimer,≤100
278487153675,Redneck Nation Clothing,Tracie Milliron Gold,≤100
114137307071679,31 October,wowengraving,≤100
124109645963097,Michigan Votes,TECH FOR CAMPAIGNS,≤100
102745147891580,Trump Coolers,Trump Coolers,≤100
103531607822207,Noticias para Inmigrantes,"Wise Rock Media, PBC",≤100
143021112391265,Jacobin magazine,Jacobin Foundation,≤100
102750021183412,Justice U,Altus Solutions Inc,≤100
233116802464,Independent Voter,Independent Voter Project,≤100
104186198004629,Henry "Rick" Lombardi For RI District 74,Austin E Flaherty,≤100
106382017600422,Billy Prempeh,THE BILLY PREMPEH FOR CONGRESS COMMITTEE,≤100
345946329411380,Petal Soap,Jason Paul Domangue,≤100
242679302418244,Denison Forum,Denison Ministries,≤100
473191156175163,EDF Action,Environmental Defense Action Fund,≤100
243399129090445,Christina Hale,HOOSIERS FOR HALE,≤100
127335473965761,Recycle Cartons,"Carton Council of North America, Inc.",≤100
127821707877,YWCA USA,"YWCA OF THE USA, NATIONAL BOARD (INC)",≤100
107553074295243,Climate Vote MN,Climate Vote MN,≤100
159597424207730,David Perdue,PERDUE FOR SENATE,≤100
1985547654992100,The Nudge,John David Peterson,≤100
105995741220700,Patriots United,Le Huu Dong Huynh,≤100
215281808519580,Random House,Penguin Random House LLC,≤100
102707767976896,Liberty Patriots USA,"Gentry Hardy Holdings, LP",≤100
216709768355686,Dinesh D'Souza,America2020 Film LLC,≤100
21492729544,Catholic Relief Services,CATHOLIC RELIEF SERVICES - UNITED STATES CONFERENCE OF CATHOLIC BISHOPS,≤100
113110137118723,Collectible Currency,Christopher Walter Adams,≤100
127216280686110,Ann Wagner,Ann Wagner for Congress,≤100
141786816970,Cruise Lines International Association - CLIA,Cruise Lines International Association,≤100
100131288480883,"Let Live, Let Liberty",Jae W Seo,≤100
87777747127,Greg Palast,Palast Investigative Fund,≤100
162493793737,Rick Green,Richard Arlin Green,≤100
111892670610842,Political AF,Quyen Sanh Gip,≤100
101894128312659,My President,wowengraving,≤100
1274746369267915,Le Lion,Le Lion LLC,≤100
89324781720,Pat Toomey,Friends of Pat Toomey,≤100
2133130356918764,Common Justice,COMMON JUSTICE INC,≤100
1653885501501009,Propeller,Propeller Enterprises,≤100
107665644228467,Conservative Journal Review,Conservative Journal Review LLC,≤100
128191957875317,Cooking With Hope,Soyoung Cho,≤100
531623043662146,Flags of Valor,Flags of Valor,≤100
979720542211350,Humanize Being Black,Keyshun Quantarious Holmes,≤100
105735397284,United States Conference of Catholic Bishops,UNITED STATES CONFERENCE OF CATHOLIC BISHOPS,≤100
109850787499677,Wisconsin Votes,TECH FOR CAMPAIGNS,≤100
340393855322,Van Taylor,VAN TAYLOR CAMPAIGN,≤100
8145161702,Lambda Legal,"LAMBDA LEGAL DEFENSE & EDUCATION FUND, INC.",≤100
103144548151014,Adrian Perkins,Perkins for LA,≤100
514167322309353,Dan Crenshaw,Dan Crenshaw for Congress,≤100
6745077748,Niche,"Niche.com, Inc.",≤100
103307491159169,Heyboy,Heyboy,≤100
384557995468219,Viral Casez,Viral Casez,≤100
104027944769027,Proud Patriot Shop,Georgia Rose Benoit,≤100
72565633140,Soles4Souls,"SOLES4SOULS, INC.",≤100
93114332471,20/20 Research,2020 Research,≤100
202531447982,Jimmy Chin,Protect Our Winters,≤100
1438882392887793,ADF Church Alliance,Alliance Defending Freedom,≤100
133979276345,Georgia Farm Bureau,"GEORGIA FARM BUREAU FEDERATION, INC.",≤100
113179897027654,Fypgear,Anne Marie Ward,≤100
19342050934,Leadership Institute,LEADERSHIP INSTITUTE INC,≤100
109894877501594,Steve Daines Follows The Money,DSCC,≤100
1741729849281711,Uber & Lyft Sexual Assault Attorneys,Safer America,≤100
303374266418976,AFPM,American Fuel & Petrochemical Manufacturers,≤100
114937555342547,Seth Abramson,Macmillan Publishing,≤100
260366367717440,Committee to Protect Medicare,Committee to Protect Medicare PAC,≤100
102455534898300,Face The Change,FaceTheChange.co,≤100
1837356789847797,Fulcrum News,David George Seaman,≤100
497348647140658,Point Source Youth,Point Source Youth,≤100
157595514262613,Florida Film House,FLORIDA FILM HOUSE LLC,≤100
125649561365522,J.D. Scholten,SCHOLTEN4IOWA CAMPAIGN COMMITTEE,≤100
374848446414965,Pollking,Benjamin Aaron Perlman,≤100
142606445903522,No Zebras Productions,Suzen D Pettit,≤100
305115773870,Adobe,Adobe Inc.,≤100
623339164538852,National Security Action,Nationalsecurityaction.org,≤100
106203264511020,Washington Changed Katko,DCCC,≤100
110795790684589,Landslide,LANDSLIDE,≤100
162623897133712,David French,Macmillan Publishing,≤100
100503125041111,Leonela Felix for State Representative,Friends of Leonela Felix,≤100
15503839732,Peter G. Peterson Foundation,Peter G. Peterson Foundation,≤100
304062610300415,VozWire,Gregson E Mathe,≤100
548407915183371,Liz Cheney,Liz Cheney for Wyoming,≤100
153309775026,SnapStream,SnapStream Media,≤100
109233360799414,Catherine S. Bassick for Weston Town Moderator,Bassick4Weston,≤100
100331898474406,Touch of Grey,These ads ran without a disclaimer,≤100
111718570352005,Yes on Measure A - A Solution for Homelessness,"Yes on Measure A - Homes for San Diegans, Sponsored by a Coalition of Civic Nonprofits and Housing Providers.  Committee major funding from  Affirmed Housing Group Inc  Eden Housing Inc  Metropolitan Area Advisory Committee (MAAC)  Funding details at www.sandiego.gov/donors. ",≤100
244579043463375,The Three Masketeers,Three Masketeers,≤100
105474881165649,Francesca Hong For Assembly,Friends of Francesca Hong,≤100
179145905973075,Sophie Ratner Jewelry,Sophie Ratner Jewelry,≤100
1449073545419430,The Lone Liberal Republican,TheLoneLiberalRepublican.Org,≤100
362628781134387,Medicines360,"JONES PUBLIC AFFAIRS, INC.",≤100
9316648525,The Chicago School of Professional Psychology,TCS Education System,≤100
922580991129339,People's Mojahedin Organization of Iran - MEK IRAN,MEK-Iran (Saeid Saadati),≤100
105698674239617,Embed News,Embed News,≤100
1772437266382039,Black Buck Apparel,Black Buck Apparel,≤100
221890358218748,Til Valhalla Project,Til Valhalla Project,≤100
109709397469494,Dignity Unbound,Dignity Unbound,≤100
101038674974780,Mary Fay 4 Congress,Mary Fay 4 Congress,≤100
69039563201,Open Doors USA,"OPEN DOORS WITH BROTHER ANDREW, INC.",≤100
125907387426944,Edelson P.C.,Edelson PC,≤100
1311291038982513,2A Gear,Teecreations LLC,≤100
6165653060,AFSCME,AMERICAN FEDERATION OF STATE COUNTY & MUNICIPAL EMPLOYEES,≤100
194016141090830,Jon Morgan for NH,Friends of Jon Morgan,≤100
607626319739286,Black Voices for Trump,TRUMP MAKE AMERICA GREAT AGAIN COMMITTEE,≤100
110588273989071,Joe's Joe,Joes Joe LLC,≤100
78420171887,Sailors for the Sea,SAILORS FOR THE SEAINC,≤100
375760676281438,Mermaid Straw,Mermaid Straw,≤100
346937065399354,Occupy Democrats,Omar Rivero,≤100
1951010831847963,Connecticut Council of Family Service Agencies,Connecticut Council of Family Service Agencies,≤100
38895197117,EdChoice,"EDCHOICE, INC.",≤100
111499100431,National Association for Gun Rights,NATIONAL ASSOCIATION FOR GUN RIGHTS INC,≤100
245284549333866,ASMDSS,ASMDSS,≤100
106954524055078,Plunkett for Executive Council,Plunkett for New Hampshire,≤100
383754825699166,Beloved Benefit,Beloved Benefit,≤100
109601070861177,Patriotic Unity,Thanh Phuc Tran Nguyen,≤100
111678373983031,Shop Jollies,BRAND KNEW,≤100
113351505349955,The Christian Broadcasting Network,The Christian Broadcasting Network Inc,≤100
39432041915,Capital Research Center,CAPITAL RESEARCH CENTER INC,≤100
1290536624348001,Informed Immigrant,FWD.us Education Fund,≤100
8321461609,MomsRising.org,MomsRising Together,≤100
160513344045084,John Neely Kennedy,"John Kennedy for Us, Inc",≤100
570331853141386,Friends of Traditional Banking,FRIENDS OF TRADITIONAL BANKING INC,≤100
280704452367167,Jason Crow,JASON CROW FOR CONGRESS,≤100
28126338304,Surfrider Foundation,"SURFRIDER FOUNDATION, INC",≤100
182723117043,Chicago Council on Global Affairs,"CHICAGO COUNCIL ON GLOBAL AFFAIRS, THE",≤100
105561217523274,The_Dispatch,"Dispatch Media, Inc.",≤100
167473433290992,Inequality.org,Institute for Policy Studies,≤100
253791814655400,Doug Collins,"COLLINS FOR SENATE, INC.",≤100
108970206976,World Vision USA,WORLD VISION INC.,≤100
112647743900310,Sugar Magnolia,These ads ran without a disclaimer,≤100
123624513983,The Western Journal,The Western Journal,≤100
150322194563,PASA Primates: Pan African Sanctuary Alliance,PAN AFRICAN SANCTUARIES ALLIANCE,≤100
100353301517771,Berger for Senate,Berger for Senate,≤100
103067581133922,Paul Junge,PAUL JUNGE FOR CONGRESS,≤100
141901795868393,Alaska Democrats,ALASKA DEMOCRATIC PARTY,≤100
238952242804777,RI Center for Freedom and Prosperity,RHODE ISLAND CENTER FOR FREEDOM AND PROSPERITY,≤100
2282009605455867,Remindedbyyou.com,Remindedbyyou.com Inc,≤100
169130743498585,Tactical Pro Supply,These ads ran without a disclaimer,≤100
102673738084465,Illuxus,Illuxus,≤100
1413682351987764,Andy Kim for Congress,ANDY KIM FOR CONGRESS,≤100
192609620649,The University of Chicago,The University of Chicago,≤100
114994916573293,CareForAllChildren,CareForAllChildren,≤100
1428283027462702,Restoration PAC,RESTORATION PAC,≤100
108791180898784,Poor Lives Matter,Paul Matthew Goulart,≤100
53727956260,Republican Jewish Coalition,Republican Jewish Coalition,≤100
110257623864359,Cool Mud Flaps,"OHIO LASER, LLC",≤100
294196590710262,FWD.us,FWD.us,≤100
110576817417667,maskamericagreat.com,Matthew P Gallagher,≤100
279055918888826,Jaythreesixty,J360 LLC,≤100
277550205502,National Religious Campaign Against Torture,NATIONAL RELIGIOUS CAMPAIGN AGAINST TORTURE,≤100
107181377705279,Runs for a Purpose,Homebase Media,≤100
301228420816284,Teresa Leger Fernandez,TERESA FOR ALL,≤100
102747281355975,This Is Our Democracy,Ashely Michelle Stuart,≤100
100606771657216,Faith 2020,Faith 2020 Inc.,≤100
341513602902369,CALL TO ACTIVISM,CALL TO ACTIVISM,≤100
105298561237754,We Are The Vocal Majority,We Are The Vocal Majority,≤100
248468095247223,Rastaclat,Rastaclat,≤100
2255535767896743,Mark Robinson for N.C.,Mark Robinson for NC,≤100
2295062210811244,Coalition for American Veterans,COALITION FOR AMERICAN VETERANS POLITICAL ACTION COMMITTEE,≤100
1596671280578981,Schools & Communities First,Schools and Communities First,≤100
131352838109,Congressman Darrell Issa,DARRELL ISSA FOR CONGRESS,≤100
792140450890876,Roger Eaton for Charlotte County Clerk of the Circuit Court,Roger Eaton,≤100
84206511914,MN AFL-CIO,Minnesota AFL-CIO Politcal Fund,≤100
718475924980443,Amsterdam & Partners LLP,Amsterdam & Partners LLP,≤100
159575541165,United Way Bay Area,UNITED WAY OF THE BAY AREA,≤100
537181256742387,The New Center,The New Center,≤100
152315634778510,UsAgainstAlzheimer’s,UsAgainstAlzheimer's,≤100
101553758210575,The CT Strategist Report w / Daniel Kent Newmyer,Daniel Kent Newmyer,≤100
307943569254319,Florida Rights Restoration Coalition,Florida Rights Restoration Coalition,≤100
46587884802,Demos,"DEMOS: A NETWORK FOR IDEAS AND ACTION, LTD.",≤100
118697061602554,Jason Brodeur,"Jason Brodeur, Republican, for State Senate",≤100
126053105675,Save the Redwoods League,Save The Redwoods League,≤100
103983379801,Texas Democratic Party,Texas Democratic Party,≤100
1399926390134311,Nature's Generator,Huntkey USA Inc,≤100
460844281074800,Tiny Trump,Eric D Corriel,≤100
238654560841384,Hernandez for Massachusetts Third Essex state senate,Carlos Armando Hernandez,≤100
165566613453452,ERLC,ETHICS AND RELIGIOUS LIBERTY COMMISSION OF THE SOUTHERN BAPTIST,≤100
18017481462,Acton Institute,Acton Institute,≤100
124815595760373,Tobacco/Capone/Heffernan For BOE,VOTE123BOE,≤100
589088387948903,CRES Forum,Citizens for Responsible Energy Solutions Forum,≤100
102760641158417,Marlene Katz for PA,Elect Marlene Katz,≤100
145022042990911,MEK Iran,MEK-Iran (Saeid Saadati),≤100
429651323843750,Verizon Wireless Workers Rising,"COMMUNICATIONS WORKERS OF AMERICA, AFL-CIO, CLC",≤100
111970730196550,World War Zero,AMERICAN SECURITY PROJECT,≤100
104084298079050,United Liberty,Carlos None Leon Trejo,≤100
332172544231683,America's Plastic Makers,"AMERICAN CHEMISTRY COUNCIL, INC.",≤100
35142679763,Alzheimer's Disease Research,"BRIGHTFOCUS FOUNDATION, INC. A/K/A BRIGHTFOCUS FOUNDATION",≤100
104147158065314,KoalaTea Memes,Jordan Anthony Wilkes,≤100
2176472882580975,Crusader Outlet,Crusader Marketing,≤100
102661701651,South Carolina Small Business Chamber of Commerce,South Carolina Small Business Chamber of Commerce,≤100
114971076538782,The Keystone,"Courier Newsroom, Inc.",≤100
226747278760627,Kelsang Dorjee Aukatsang,Kaydor4Sikyong,≤100
458928061510318,Rita Hart for Iowa,RITA HART FOR IOWA,≤100
169042736456594,All Out,All Out Action Fund.,≤100
22898109808,Grist.org,Grist Magazine,≤100
282765295135322,The Pray in Jesus Name Project,"GJK, Inc. d/b/a The Pray In Jesus Name Project",≤100
152766071443309,The City University of New York,City University of New York,≤100
109914474151573,COMMUNITYx App,Chloe Cheyenne Rogers,≤100
1151623658378701,Big Republican,"Buy Republican - Not authorized by any candidate or candidate's committee. 4023 Montrose Blvd Houston, TX 77001",≤100
183165025062107,The TESA Collective,"The Toolbox for Education and Social Action, Inc",≤100
118863693017680,Muhammad For Congress,MUHAMMAD FOR CONGRESS,≤100
344690446467832,The Copper Courier,"Courier Newsroom, Inc.",≤100
126148314765040,National Popular Vote dot com,John Paladin,≤100
468906559794011,LaunchGood,LaunchGood Inc.,≤100
77161696676,New England Forestry Foundation,"NEW ENGLAND FORESTRY FOUNDATION, INC.",≤100
1063951390472034,Team JJ USA,TEAM JJ USA,≤100
313723095478950,The Daily Citizen,Focus on the Family,≤100
640542276575874,Trump Universe,Nigel Mitchell George,≤100
101352851565699,Somos PAC,SOMOS PAC,≤100
227535924071462,Animal Petitions,AnimalPetitions.org,≤100
103322921464230,Standing United,Tein Yang Sun,≤100
1234251319933440,Exclusive Apparel,The Dude's Threads,≤100
54787697857,Ron Wyden,WYDEN FOR SENATE,≤100
230081331660936,Take A Stand 2020,Take A Stand 2020,≤100
107459877731361,Kimya Holmes for Judge,Committee to Elect Kimya M Holmes,≤100
372557849423914,Medina County Court News,James Kimbler,≤100
294356100899,SermonCentral,Outreach Media Group,≤100
231354176962252,Social Work Helper,"Social Work Helper, PBC",≤100
1567396846836283,SID for AEA,Sidney Louis Solomon,≤100
107937014153581,Energized Health,John Jubilee Transformation LLC DBA Energized Health,≤100
105934611153636,Forward New Orleans for Public Schools - FNOPS,Forward New Orleans for Public Schools,≤100
1255514891283096,RGA Right Direction PAC,RGA RIGHT DIRECTION PAC,≤100
108650400954148,Stopping Socialism TV,The Heartland Institute,≤100
407902639235640,JNS.org,Jewish News Service,≤100
5457479962,Diabetes Daily,Thrivable,≤100
242960515598,Military Spouse,Victory Media DBA Military Spouse,≤100
802098156530454,RENEE MARIE,RENEE MARIE,≤100
723136714746586,The Common Ground Project,"The Common Ground Project, Inc",≤100
162635987104707,GOP Mall,"DANWAL, INC.",≤100
100729641303493,ICount NM,I Count New Mexico,≤100
1691727831070209,Jars of Hope,Jennifer L Tartini,≤100
174971709316,Cigna,Cigna,≤100
22219555276,Children's Defense Fund,CHILDRENS DEFENSE FUND (INC),≤100
48530203934,The American Alpine Club,"AMERICAN ALPINE CLUB, THE",≤100
467503009987109,"Healthy Forests, Healthy Communities","Healthy Forests, Healthy Communities",≤100
7148723514,Sundance Film Festival,SUNDANCE INSTITUTE,≤100
105287044367027,ObsessedwithTrump,Donald Lee Rowan,≤100
64206021703,National Committee to Preserve Social Security and Medicare,NATIONAL COMMITTE TO PRESERVE SOCIAL SECURITY AND MEDICARE,≤100
557406414408076,NEXT TV,NEXT TV LLC,≤100
1683659714985244,Phil Ehr,EHR FOR CONGRESS,≤100
217976018236954,OutKick,Outkick Media LLC,≤100
660064074075637,Rabbi David-Seth Kirshner,Davidseth M Kirshner,≤100
103203971274743,Vairma/Herrera 2021 - Teamster Power Slate,Vairma 2021 Teamster Power Slate,≤100
126817605260,Bold Type Books,"Hachette Book Group, Inc.",≤100
38897314734,The Trust for Public Land,"TRUST FOR PUBLIC LAND, THE",≤100
403716816314673,Lee Saunders,AMERICAN FEDERATION OF STATE COUNTY & MUNICIPAL EMPLOYEES,≤100
21090771700,Gun Owners of America,Gun Owners of America,≤100
286084075135455,Support After Abortion,Support After Abortion,≤100
123838185676931,Quinn Nystrom for Congress,Quinn Nystrom for Congress,≤100
104667417857551,United Association LLC,United Association LLC,≤100
112667740300469,Democratic Group,Democratic Group,≤100
318772742238,Jewish Review of Books,Jewish Review of Books,≤100
100787471467527,Knowyourvote,Knowyourvote,≤100
546497545399440,ASEC - African Sisters Education Collaborative,African Sisters Education Collaborative (ASEC),≤100
34521916336,Brent Bozell,MEDIA RESEARCH CENTER,≤100
18983389920,Open Society Foundations,Open Society Foundations,≤100
102729624670835,MinuteStats,Minute Stats,≤100
170806736923126,Harmony Turbines,Harmony Turbines Inc,≤100
6315243665,Faith in Public Life,"FAITH IN PUBLIC LIFE, INC.",≤100
438536186881177,All Clear Foundation,All Clear Foundation,≤100
103825151267369,No Progressive Tax,No on the Progressive Tax,≤100
2070944712939738,American Police Officers Alliance,American Police Officers Alliance,≤100
209941192541352,Apedes,Apedes,≤100
109774654107757,Sauucee,Sauucee,≤100
756307334729769,Little Compton Community Bulletin Board,Michael William Rocha,≤100
10897453188,Operation Mobilization - OM USA,"OPERATION MOBILIZATION USA, INC.",≤100
1945837408977507,Michael Moates,-MICHAEL STEVEN MOATES,≤100
276131699084792,YWAM Los Angeles,YWAM Los Angeles,≤100
103834811386284,Red Elephant Apparel,DESTROYER PROMOTIONAL PRODUCTS LLC,≤100
57495285387,Michael Bennet,BENNET FOR AMERICA,≤100
1272534336242476,World101,Council on Foreign Relations,≤100
100133611824182,Cortwo,"Cortwo, Inc.",≤100
350523542184,Trust Women,Trust Women,≤100
622644971176455,Pravda Media,Jacob Fredrick Pointon,≤100
486123405130007,100 Percent Campaign,100% Action,≤100
24425672689,Museum of the City of New York,Museum of the City of New York,≤100
1609451435766348,The Center for Life Without Parole Studies,The Center for Life Without Parole Studies,≤100
109379393894282,Keep Texas Moving,TEXAS ASSOCIATION OF BUSINESS,≤100
216866658417306,Blackwing,Blackwing,≤100
111140093672868,Josh Eisen for Congress,Joshua E Eisen,≤100
334748476594191,Rodney Davis,Rodney for Congress,≤100
107953199261156,ifaw,"INTERNATIONAL FUND FOR ANIMAL WELFARE, INC.",≤100
103903914570915,Pro2a,Delta Team Marketing,≤100
333081284065216,Brynne Kennedy for Congress,BRYNNE KENNEDY FOR CONGRESS,≤100
312657362217994,Women's Heart Alliance,Women's Heart Alliance,≤100
226194397526109,Sunrise Providence,Sunrise Providence PAC,≤100
29051608172,NGLCC - The National LGBT Chamber of Commerce,NATIONAL GAY AND LESBIAN CHAMBER OF COMMERCE (THE),≤100
646594582623475,Republican Nations,wowengraving,≤100
133937690180,Student Conservation Association,Student Conservation Association,≤100
101391906600,Live Action News,Live Action News,≤100
789546641178807,Brand New Congress,Brand New Congress,≤100
172552106115265,Patheos Evangelical,Patheos Evangelical,≤100
80668957414,GoSili,SiliKids Inc.,≤100
103979520737,WildCare,WILDCARE TERWILLIGER NATURE EDUCATION & WILDLIFE REHABILITATION,≤100
100158548486722,Trump Cups,Isaac Raymond Leary,≤100
391872261636792,2020unity,"ForFact LLC, DBA 2020unity",≤100
120778038066631,EveryLibrary,EveryLibrary,≤100
71383025128,PARIS - Guerrilla Funk Recordings,"Guerrilla Funk Recordings and Filmworks, LLC",≤100
169440273093442,The Center for Election Science,The Center for Election Science,≤100
1083949645080409,Bob Statchen for State Senate,"Statchen for Connecticut, Anne-Marie Foster, Treasurer",≤100
102651074597577,Faith Wins,FAITH WINS,≤100
1833879943496521,Spread The Vote,Spread the Vote,≤100
248991649242182,Standard Issue Ink,Standard Issue Ink,≤100
103744091462809,The Trump Closet,Kenneth Dione Keith Jr,≤100
610264146298573,The American Council for Evangelicals,THE AMERICAN PAC,≤100
148081438555256,+972 Magazine,972 – Advancement of Citizen Journalism,≤100
105835711208027,The Progressive List,THE PROGRESSIVE LIST,≤100
102010211314386,Donald Trump 2020 Voters,I Love My Freedom,≤100
50711561090,Muslim Advocates,MUSLIM ADVOCATES,≤100
101574025015329,Emergency Tips,Christopher Allen Supek,≤100
1549009352000546,SchiffGold,SchiffGold,≤100
1682876188698809,United for Respect,United for Respect,≤100
175149559508478,TreeDiaper,Zynnovation LLC,≤100
540707072979860,Brian Maryott,MARYOTT FOR CONGRESS,≤100
664770743730817,Dan Feehan for Congress,FRIENDS OF DAN FEEHAN,≤100
549425778407737,Manatee County Supervisor Of Elections,Manatee County Supervisor of Elections,≤100
124115965454,Cornerstone Action,Cornerstone Action,≤100
100831001694399,Rave The Vote,Rave The Vote,≤100
106469614050226,All Star Pro Gifts,"SAP All Star Promotions, LLC",≤100
255208337943901,Jobs Growth,"JOBS FREEDOM AND SECURITY PAC, Not authorized by any candidate or candidate’s committee.",≤100
2023942721161526,Foundation Trust,DANTE DIESO FOUNDATION TR,≤100
364809870351284,Power2Parent,Charlie Nicole Melvin,≤100
384676381708957,Education NC,Education NC,≤100
122150409780,UC San Diego,University of California San Diego,≤100
120051603113438,Lessons from Leaders with Brian Beckcom,Lessons from Leaders with Brian Beckcom,≤100
112829637116981,Flags For Good,Flags For Good LLC,≤100
302111635698,National Association of Tax Professionals (NATP),National Association of Tax Professionals,≤100
169277310432049,"Texas Precision Optics, Inc.",Texas Precision Optics Inc,≤100
122008864019,Sasquatch Books,SASQUATCH BOOKS LLC,≤100
342623112567750,The Shoe That Grows,Because International Corp,≤100
278052172260101,ZERO TO THREE,ZERO TO THREE,≤100
612701059241880,Latinos for Trump,TRUMP MAKE AMERICA GREAT AGAIN COMMITTEE,≤100
346814612024906,BoyerAZ,Boyer for Senate,≤100
1397456727053085,Georgia Law Enforcement,Georgia Law Enforcement Organization,≤100
299295363912730,New Politics Leadership Academy,New Politics Leadership Academy,≤100
120588156008449,Blue Oceano,Blue Oceano,≤100
28510612138,Uncommon Knowledge,Hoover Institution,≤100
60865633726,Love Justice International,TINY HANDS INTERNATIONAL,≤100
452797224923658,Democratic Coalition Against Trump,THE DEMOCRATIC COALITION,≤100
1543000252590722,"Jason Osborne, State Representative",Friends of Jason Osborne,≤100
2146201085498440,Tony Gonzales,Tony Gonzales for Congress,≤100
122360425094991,Nasty Woman Cosmetics,Nasty Woman Cosmetics,≤100
183113263420,Loyal Source,LOYAL SOURCE GOVERNMENT SERVICES LLC,≤100
427302110732180,Mike Cernovich,Michael C Cernovich,≤100
1145019702185006,Alliance for Safety and Justice,Alliance for Safety and Justice,≤100
112734823878724,Lincoln Market - Gutting Rights of Essential Employees Daily,Lincoln Market - Gutting Rights of Essential Employees Daily,≤100
104339194296642,SOCIAL NOSTRA,Social Nostra,≤100
127637620616803,Comcast Newsmakers,Comcast,≤100
77273593330,Hillel International,HILLEL THE FOUNDATION FOR JEWISH CAMPUS LIFE,≤100
168109446538119,St. Martin's Press,Macmillan Publishing,≤100
273023971533,Dennis Bonnen,Dennis Bonnen Campaign,≤100
102315041409283,Horses in our Hands,In our Hands Action Fund,≤100
274975862998213,Profs and Pints,Profs and Pints,≤100
273474675643,HealthCareWithoutHarm,HEALTH CARE WITHOUT HARM,≤100
108906707265489,USA Pooch,"PRESIDENTIAL POOCH, INC",≤100
428143347684012,Jack Henrie for the 61st,Henrie for 61st,≤100
143173285763,Tenth Amendment Center,Tenth Amendment Center,≤100
1397799040234106,OpinionUP,OpinionUP LLC,≤100
101533684726659,You Are A Pro,Ruth Nduta Karanja,≤100
103376804451432,Trending Politics,Making Web LLC,≤100
110746996993983,The 'Gander Newsroom,"Courier Newsroom, Inc.",≤100
11911627997,Pancreatic Cancer Action Network,"PANCREATIC CANCER ACTION NETWORK, INC.",≤100
300774350436838,Topplr,Data Genomix,≤100
1675621499388517,RI Department of State,RI Department of State's Office,≤100
977109252410453,Stephen Pearson for State Representative,Stephen C Pearson,≤100
339432396135584,The Exodus Road,EXODUS ROAD INC,≤100
182658925089088,FINCA,"FINCA INTERNATIONAL, INC.",≤100
927610307291393,Georgette Gómez,Georgette Gomez for Congress,≤100
104672978006988,Recall Boise - Mayor Lauren McLean and Council Woman Lisa Sanchez,Kriss Williams Iii,≤100
341828139690,Heritage Defense,Heritage Defense,≤100
104905491126985,Erik Smith for State Representative,Smith for Milford,≤100
103009074622196,Revenue for Rhode Island,Revenue for Rhode Island,≤100
2212066245574161,Sarah Huckabee Sanders,St. Martin's Press,≤100
583715925012376,Mayor Trent Staggs,Staggs for Mayor,≤100
111151490241542,Pollemix,Pollemix,≤100
112254017245488,Citizens for a Better NC Senate,Citizens for a Better NC Senate,≤100
1166660030079480,National Democratic Redistricting Committee,National Democratic Redistricting Committee,≤100
18964919915,Met Council,Met Council on Jewish Poverty,≤100
195435017689344,Mindi For NH,Mindi 4 NH,≤100
1781731108749356,Eli Electric Vehicles,Eli Electric Vehicles Inc.,≤100
515446551984912,Speaker Cameron Sexton,Cameron Sexton for State Representative,≤100
134571176638205,One Tree Planted,One Tree Planted,≤100
422250511163275,REMEDIGAP,Quinn Group LLC,≤100
100142855102471,My Deal Here,Helen Jennai Tsotigh,≤100
110502340695786,360 Collective,360 Collective,≤100
139700496669066,1 VoteCloser,1 VoteCloser,≤100
441381813042465,Boundary Waters Action Fund,Boundary Waters Action Fund,≤100
263891677826490,Earthsider,Ryan James Martin,≤100
108000477528338,My Rebellion,Jennifer Jean Singer,≤100
10234472029,Council on Foreign Relations,Council on Foreign Relations,≤100
101377135010262,Today's New in Tech World,Darrell Dominic Adams,≤100
358930818155832,Ava Blaze Apparel Co.,Antoinette Kathleen Adkins,≤100
2373206389409646,Bill O'Brien,Bill O'Brien for State Representative,≤100
112748770361911,Marty Desmond for Mahoning County Prosecutor,Committee to Elect Martin Desmond,≤100
72571226018,Better Homes & Gardens,These ads ran without a disclaimer,≤100
282728185140429,Rep For Vets,The Rep For Vets,≤100
183517831660100,Morning Consult,Morning Consult LLC,≤100
107529267737819,Steady Patriot Hands,Hanson Han Xu,≤100
103786994760833,United Police Fund,United Police Fund,≤100
104044698088843,The Patriotic Venture,Thanh Phuc Tran Nguyen,≤100
100688431395237,Daana Ki Bracelets,Anjanie Narine,≤100
108862184052039,ROMTech,"ROM Technologies, Inc.",≤100
101724361319410,Ronny Jackson for U.S. Congress TX-13,Texans for Ronny Jackson,≤100
1962432260715827,Kindhumans,Kindhumans,≤100
113335773562471,President Trump For Re-Election,Great American Era,≤100
103322426424621,Jonathan Karl,Jonathan David Karl,≤100
182079698493370,Portside,Portside,≤100
109200595768753,The Christian Left,The Christian Left,≤100
106424614525154,Stay Smart USA,Stay Smart USA,≤100
1155840037910203,Nuevas Ideas Afiliados del Exterior,Nuevas Ideas Afiliados Exterior,≤100
272565456712768,Bloomberg Government,"BUREAU OF NATIONAL AFFAIRS, INC., THE",≤100
112736695910012,Massachusetts Parents United,Massachusetts Parents United,≤100
616308105166852,Hanley Foundation,Hanley Foundation,≤100
101827381636940,Patriots 101,Lambert Chan,≤100
111945553601129,Trump2020 Coffee,Trump2020 Coffee,≤100
29008276590,The Salvation Army Greater New York Division,The Salvation Army,≤100
295644160460352,Donald Trump Jr.,"Premiere Marketing, Inc.",≤100
2247157928890191,Compromiso5,JORGE E MIRANDA-IDROVO,≤100
2123425971065747,Sora Schools,Indra Putra Sofian,≤100
299907453682524,American Legacy Center,American Legacy Center,≤100
794025550637843,Promise Land Men's Ministries,Promise Land Men's Ministries,≤100
1754859074566368,Tonya Pfaff for Indiana,Elect Tonya Pfaff,≤100
198024590300902,Josh Shapiro,Josh Shapiro,≤100
1370474066365196,F1RST WARRIOR,First Warrior,≤100
129181937109516,CFT - California Federation of Teachers,CALIFORNIA FEDERATION OF TEACHERS,≤100
110280253735683,Alexandria Ocasio-Cortez Fan Club,Imran M Jemal,≤100
53167307346,Communist Party USA,Communist Party USA,≤100
115403471809909,Plastic Oceans,PLASTIC OCEANS INTERNATIONAL,≤100
161186620643972,American Institute for Economic Research,AMERICAN INSTITUTE FOR ECONOMIC RESEARCH,≤100
420424547981908,In Search of Liberty,Scott Dennis Welch,≤100
1545826148838592,Trump 2020,Gregory Lawrence Burright,≤100
288978674860744,Chuck Massahos for Rockingham County Sheriff,Friends of Chuck Massahos,≤100
30792325085,Bipartisan Policy Center,"BIPARTISAN POLICY CENTER, INC.",≤100
234621494446654,We Can’t Trust Nancy Mace,DCCC,≤100
1497851363851721,QLMS,Quicken Loans Mortgage Services,≤100
180230069923,American Life League,American Life League,≤100
42597808880,Ami Horowitz,Ami Horowitz,≤100
1727434234144435,The Herd,These ads ran without a disclaimer,≤100
223315101050132,Waters Kraus & Paul,Waters Kraus & Paul,≤100
51325338207,National Collaborative for Women's History Sites,National Collaborative for Women's History Sites,≤100
514649125971110,EDF Action Votes,EDF Action Votes INC,≤100
51334498187,Sommer Sports,Sommer Sports,≤100
861706743991799,Carolyn Bourdeaux for Congress,CAROLYN FOR CONGRESS,≤100
329418020548,Cardozo School of Law,Cardozo School of Law,≤100
591224658226601,One Nation Flags,One Nation Flags,≤100
304058913005378,Senior and Disabled Concerns,Senior & Disabled Concerns,≤100
1764060323809274,Illuminate Colorado,Illuminate Colorado,≤100
249455845761285,Lindsey Must Go,LMG PAC,≤100
1438402866378921,BookShark,BookShark,≤100
101041998305221,The Proud Republicans,Great American Era LLC,≤100
708375056271048,The Christendom Curriculum,The Christendom Curriculum,≤100
107581637410418,Evan Gendreau for State Representative,Gendreau Committee,≤100
1495031800595524,Women Together Now,Women Together Now,≤100
103216521432154,Aaron Mackisey,Friends of Aaron Mackisey,≤100
653076538223048,Pennsylvania Firearms Association,Pennsylvania Firearms Association,≤100
102665201399226,Current Science Daily,Metric Media LLC,≤100
243498882520314,FoodFinder,"FOODFINDER, INC.",≤100
114209360263932,On Point with Rachel Tourgeman,Rachel Tourgeman,≤100
100123544800892,Disme Coin Company,Byron Michael Laughlin,≤100
2081864865362439,Mike Espy,MIKE ESPY FOR SENATE CAMPAIGN COMMITTEE,≤100
284002627318,Adobe Acrobat,Adriana None Frias,≤100
101164484986617,To Be Frank Show,Real News PR,≤100
110316697328742,People of Seniors Housing,People of Seniors Housing,≤100
324119001078997,"Sanford Heisler Sharp, LLP","Sanford Heisler Sharp, LLP",≤100
202590841969,Erie City Mission,Erie City Mission,≤100
173470656019870,The Daily Yonder,Great Stories LLC,≤100
884608308247144,Armadillo Hat Company,Armadillo Hat Company,≤100
2197543200459333,One Country Project,One Country Inc,≤100
352527958302,Israel on Campus Coalition,Israel on Campus Coalition,≤100
102682371571801,A Cearelously American Campaign,Isaac Ruben Moreno,≤100
109663110718918,VivoShop,These ads ran without a disclaimer,≤100
1675630946095534,Franciscan Missions,Franciscan Missions,≤100
103131054573692,Crawfordology,Crawfordology,≤100
19575923823,Farm Sanctuary,"Farm Sanctuary, Inc.",≤100
162244692732,Brennan Center for Justice at NYU Law,William J Brennan Jr Center for Justice Inc,≤100
318020432108506,Progress News Network,Progress News Network,≤100
143981748956175,Rural Assembly,Rural Assembly,≤100
2118624975095038,Stephen Daniel for Congress,STEPHEN DANIEL FOR CONGRESS,≤100
1385294418360578,Linda Koop,KOOP FOR TEXAS,≤100
416172705432038,Bruno Portigliatti,"Bruno Portigliatti, Republican, for State Representative",≤100
102139218008846,King Nation Apparel,King Nation Apparel,≤100
83865976093,Truthout,TRUTHOUT,≤100
294879797332635,Debbie Dingell,DEBBIE DINGELL FOR CONGRESS,≤100
108433238844,Cweb,CWEB Inc.,≤100
1013558392124611,One Vote,One Vote Productions LLC,≤100
292707798298161,Paz for Waltham,Paz For Waltham,≤100
111892670610842,Political AF,wowengraving,≤100
384336778589668,Defend Our Constitution,COMMON CAUSE,≤100
107569650978840,Sanall,Sanall,≤100
689373137823061,Creative Reaction Lab,CREATIVE REACTION LAB,≤100
111550550550458,BARK for BIDEN,BARK for BIDEN,≤100
107710887461480,Yes on 109,PSI 2020,≤100
19219803864,Tax Foundation,Tax Foundation,≤100
209255512459483,DentaQuest,"DENTAQUEST VENTURES, LLC",≤100
102689561566768,Party Line Shedd,DCCC,≤100
214061167976,El Tiempo Latino,Carlos Jose Munoz,≤100
319982881752525,Kara Eastman,EASTMAN FOR CONGRESS,≤100
129278807814364,Women of Welcome,Welcome.,≤100
90022052772,Williams,"WILLIAMS COMPANIES, INC., THE",≤100
105953890782784,The Factual,The Factual,≤100
2072638396208222,Adam's Nest,"PTOWNLOVESHACK, LLC DBA Adam's Nest",≤100
1028908663935923,Americans for Fair Treatment,Americans For Fair Treatment,≤100
999775873528189,Stopping Socialism,The Heartland Institute,≤100
114301413446447,Kennebunkport Climate Initiative,Kennebunkport Climate Initiative,≤100
1059320777468378,David Kustoff,Kustoff for Congress,≤100
586751814690068,Joni Ernst,Joni for Iowa,≤100
110998592305221,Dr. Martens,Dr. Martens AirWair USA LLC,≤100
525171637666780,Sandy Piña California Delegate,RCR,≤100
111648480319494,800DEMOCRAT,800DEMOCRAT,≤100
194798557218627,AARP Wyoming,AARP,≤100
1628679613829742,Josh Hicks,Josh Hicks for Congress,≤100
1670468429918309,We Are Uprisers,WEAREUPRISERS,≤100
148945835171697,"Immigration Law Offices of Hadley Bajramovic, PC",Immigration Law Offices of Hadley Bajramovic,≤100
289213691238937,Thrasher Coffee,Thrasher Coffee Co.,≤100
1683012608667633,K. Riva Levinson,KRL International LLC,≤100
48837932638,Montana Democratic Party,Montana Democratic Party,≤100
615854911830541,Shore Buddies,Shore Buddies,≤100
7735858972,Humane Society Legislative Fund,Humane Society Legislative Fund,≤100
172783160290727,New Civil Liberties Alliance,NEW CIVIL LIBERTIES ALLIANCE,≤100
14038292386,Women for Women International,WOMEN FOR WOMEN INTERNATIONAL,≤100
1399736660066130,Jews for a Secular Democracy,Society for Humanistic Judaism,≤100
253230924799812,The Church of God International,Church of God International,≤100
58584948953,PICO California,Pico California,≤100
168303959868194,Feniex Industries,These ads ran without a disclaimer,≤100
114885646899438,Mr. 45th,Clush,≤100
1295279420598401,Victoria Spartz,VICTORIA SPARTZ FOR CONGRESS,≤100
113688303742241,The Philadelphia Statement,The Philly Statement,≤100
142836829093760,The American Constitutional Rights Union,Jorge Ernesto Amselle,≤100
46508415624,Scott Taylor,Scott Taylor for Congress 2020,≤100
376363932383532,Faith in Place,FAITH IN PLACE,≤100
109259090549237,Yes on National Popular Vote,Yes on National Popular Vote,≤100
25255876194,GOPAC,GOPAC Election Fund,≤100
1737720532927750,Collier County Democratic Party,Collier County Democratic Party,≤100
106345444514328,Cap Campaign Company,"MB Sport, LLC",≤100
301302910021410,Virtual Running Club,"Virtual Running Club, LLC",≤100
139441926128681,New Saint Andrews College,New Saint Andrews College,≤100
2350631784978320,Michigan Families First,Michigan Democratic State Central Committee,≤100
334925200513155,Justin Berry for Texas HD 47,Justin Berry For Texas House,≤100
299588323424419,Legal Newsline,The Record,≤100
166194476728392,Center Street,"Hachette Book Group, Inc.",≤100
317198638317313,Leslie Danks Burke,Friends of Leslie,≤100