﻿Page ID,Page Name,Disclaimer,Amount Spent (USD)
7860876103,Joe Biden,BIDEN VICTORY FUND,1083
1411485062416786,Jack Reed,THE REED COMMITTEE,960
153080620724,Donald J. Trump,TRUMP MAKE AMERICA GREAT AGAIN COMMITTEE,740
110424737363776,Dylan Conley for Congress,DYLAN CONLEY FOR CONGRESS,705
109837357426646,Maria Bucci for Mayor of Cranston,Bucci for Mayor,229
156968474833352,Stop Republicans,Stop Republicans,227
108824017345866,Facebook,"Facebook, Inc.",223
127755494595870,Progressive Takeover,PROGRESSIVE TAKEOVER,216
124939484209078,Langevin for Congress,LANGEVIN FOR CONGRESS,208
202626512363,U.S. Census Bureau,U.S. Census Bureau,207
1771156219840594,Team Trump,TRUMP MAKE AMERICA GREAT AGAIN COMMITTEE,206
1615018905412860,Progressive Turnout Project,PROGRESSIVE TURNOUT PROJECT,198
624703557992005,Rhode Island Census 2020,Rhode Island Complete Count Committee,197
224730834537287,Rep. Dan McKiernan,Friends of Dan McKiernan,163
925007000949719,ExxonMobil,Exxon Mobil Corporation,147
105116370963006,David Morales for RI State Representative,Friends of David Morales,144
211826418997475,Rhode Island Coalition Against Gun Violence,Rhode Island Coalition Against Gun Violence,132
473191156175163,EDF Action,Environmental Defense Action Fund,125
96935476345,Democratic Governors Association (DGA),Democratic Governors Association,117
6726182861,Mike Pence,TRUMP MAKE AMERICA GREAT AGAIN COMMITTEE,113
100391581727524,Defeat By Tweet,DEFEAT BY TWEET,≤100
136970253008258,Steve Stycos for Mayor,Friends of Steve Stycos,≤100
110897624021912,Herb Weiss for State Senate 15,Friends of Herb Weiss,≤100
328853823844484,Balance of Power,Balance of Power,≤100
1675621499388517,RI Department of State,RI Department of State's Office,≤100
665345483483486,NRA - National Rifle Association of America,NATIONAL RIFLE ASSN OF AMERICA,≤100
165987503528599,Lindsey Graham,"TEAM GRAHAM, INC.",≤100
101165966152,AFL-CIO,AFL-CIO,≤100
1163921807008864,MINT & LILY,Mint&Lily,≤100
2580750575289726,Raise the Bar on Resident Care,SEIU Healthcare 1199NE,≤100
207985279219826,AARP Rhode Island,AARP,≤100
8501031021,VoteVets.org,VOTEVETS,≤100
24413227922,Kamala Harris,BIDEN VICTORY FUND,≤100
104159368020874,Mita 2020,Mita for Rhode Island,≤100
328072970642479,Jaime Harrison,JAIME HARRISON FOR US SENATE,≤100
109814333905287,RIght from the Start,RIght from the Start,≤100
104919517531062,Vote Yes For Fairness,Vote Yes for Fairness,≤100
25852730092,Care2,Care2 Inc,≤100
5435784683,Greenpeace USA,"GREENPEACE, INC.",≤100
100848154957461,Ken Hopkins for Mayor of Cranston,Friends of Hopkins,≤100
2330577043935831,Sara Gideon,SARA GIDEON FOR MAINE,≤100
103315464587143,All Access,John Leroy Soderberg,≤100
153558858555540,Michael J. McCaffrey,Michael J. McCaffrey for State Senate,≤100
101822678057029,Barbara Ann Fenton-Fung,Barbara Ann None Fenton Fung,≤100
700806360047982,CFG Action,Club for Growth Action,≤100
747436915270894,Congressional Leadership Fund,CONGRESSIONAL LEADERSHIP FUND,≤100
830121337093232,National Democratic Training Committee,NATIONAL DEMOCRATIC TRAINING COMMITTEE PAC,≤100
1909465542698901,Nelson Recruiting LLC,Jessica Larea Nelson,≤100
2352630938293825,Mytacticalpromos,Entremax,≤100
105756057589080,The Lincoln Project,The Lincoln Project,≤100
1382195548475373,Maria Rivera For Mayor,Maria Rivera for Mayor,≤100
226194397526109,Sunrise Providence,Sunrise Providence PAC,≤100
1883837055193241,Shield Republic,Shield Republic,≤100
111445343958423,Brian Dunckley,Friends of Brian Dunckley,≤100
103009074622196,Revenue for Rhode Island,Revenue for Rhode Island,≤100
19437978960,Chris Murphy,FRIENDS OF CHRIS MURPHY,≤100
100503125041111,Leonela Felix for State Representative,Friends of Leonela Felix,≤100
20787991568,Senate Democrats,DSCC,≤100
1635441679872518,Kimberly Klacik,Kim Klacik for Congress,≤100
433919203362871,Bird + Stone,BIRD & STONE INC,≤100
109094260866130,Christie Fish- South Kingstown School Committee,Christie L Fish,≤100
602714436529710,End Citizens United,END CITIZENS UNITED,≤100
791543660926838,"I'll go ahead and keep my guns, Thanks",2A4LIFE LLC,≤100
1115289325204388,Paul Jones for North Smithfield,Friends of Paul M Jones,≤100
96935476345,Democratic Governors Association (DGA),DEMOCRATIC ACTION,≤100
92925746942,Judicial Watch,Judicial Watch,≤100
114710126648118,Republican Dogs,Republican Dogs,≤100
101279451606075,Democratic Strategy Institute,Democratic Strategy Institute,≤100
238952242804777,RI Center for Freedom and Prosperity,RHODE ISLAND CENTER FOR FREEDOM AND PROSPERITY,≤100
140357056032320,NEA Today,National Education Association,≤100
176789922364429,Steve Daines,STEVE DAINES FOR MONTANA,≤100
7833534974,Florida Democratic Party,Florida Democratic Party,≤100
104614641200137,MeidasTouch,MEIDASTOUCH,≤100
1378728485761873,Rhode Island Progressive Democrats of America,Rhode Island Progressive Democrats,≤100
85452072376,Newsmax,Newsmax Media,≤100
327837911149503,2A4Life,2A4LIFE LLC,≤100
338028696036,Yahoo News,Verizon Media Inc,≤100
309308412520731,Sandy Hook Promise,Sandy Hook Promise,≤100
346449592531765,Mark McKenney,Friends of Mark McKenney,≤100
8934429638,Planned Parenthood Action,Planned Parenthood Action Fund,≤100
100137754724934,Trump 2020 Supporters,Proud Right Winger,≤100
7263476274,Mercy Corps,Mercy Corps,≤100
107081137797631,The Second Essentials,Yoonjoo Park,≤100
22858084279,WNBA,These ads ran without a disclaimer,≤100
113529977104177,Jill Lawler for Narragansett Town Council,Friends of Jill Lawler,≤100
104856814505092,The Kids Guide,The Kids Guide,≤100
103216521432154,Aaron Mackisey,Friends of Aaron Mackisey,≤100
675471506247724,Adair for Congress,ADAIR FOR CONGRESS,≤100
157141541001601,Rhode Island Right to Life Committee,"Rhode Island State Right to Life Committee, Inc.",≤100
628191587512029,State Senator Sam Bell,Friends of Sam Bell,≤100
103732088041755,LEAD Home Improvement,John Leroy Soderberg,≤100
228754857151053,House Majority PAC,House Majority PAC,≤100
1061240530648502,Joe Collins,JOE COLLINS FOR CONGRESS,≤100
108182477657777,Georgia United Victory,Georgia United Victory,≤100
9324910069,NRSC,NRSC,≤100
107210084216238,Humanity Forward,Humanity Forward,≤100
6204742571,Sierra Club,SIERRA CLUB,≤100
102029768239905,Michael Millen Jr. for Narragansett Town Council,Michael Millen Committee to Elect,≤100
111393882812494,Amy McGrath,"AMY MCGRATH FOR SENATE, INC.",≤100
203197030603239,8 Billion Trees,8 Billion Trees,≤100
1419388578092947,Anna Paulina Luna,ANNA PAULINA LUNA FOR CONGRESS,≤100
1336293769761923,Jon Ossoff,JON OSSOFF FOR SENATE,≤100
158791100909689,Concerned Veterans for America,Concerned Veterans for America,≤100
1571576279741760,Boston Spirit,David Zimmerman,≤100
7292655492,MoveOn,MOVEON.ORG POLITICAL ACTION,≤100
95181800661,Levi's,Levi's®,≤100
8325302025,Friends of the Earth U.S.,Friends of the Earth,≤100
598924810530984,Keeping America Great,FamTeeWorld,≤100
116222966843926,US Concealed,US Concealed,≤100
23875187730,Feeding America,Feeding America,≤100
263925727303787,Ewa Dzwierzynski for Narragansett Town Council,Friends of Ewa Dzwierzynski,≤100
717115395103069,PrintedKicks,Printed Kicks,≤100
314499212242,Pfizer,Pfizer Inc.,≤100
168051710543266,Lacy Johnson,Lacy Johnson for Congress,≤100
1439829396312534,The Movement for Black Lives,Movement for Black Lives,≤100
20395377020,Old Navy,Old Navy LLC,≤100
15524934075,Banana Republic,Banana Republic,≤100
106244251043808,Reuse Plastics,"AMERICAN CHEMISTRY COUNCIL, INC.",≤100
100256754899828,Patriot's Cave,Patriots Cave,≤100
106323360959211,Patriots Republic,Matthew James Stine,≤100
1549361468659701,Representative Joseph McNamara,Friends of Joe McNamara,≤100
278490715553293,Martha McSally,MCSALLY FOR SENATE INC,≤100
105577974544303,The USA Needs More Patriots,Anthony Alexander Morales,≤100
167586229923327,World Food Program USA,World Food Program USA,≤100
428821014132730,Katie Porter,Katie Porter For Congress,≤100
107654924064350,Pat Timmons-Goodson,PATRICIA TIMMONS-GOODSON FOR CONGRESS,≤100
101788168307680,Pause Politics,FreedomWorks Foundation,≤100
35169196082,Project HOPE,"PROJECT HOPE-THE PEOPLE-TO-PEOPLE HEALTH FOUNDATION, INC.",≤100
100668898359994,Michaud for Council at Large,Michaud for Newport,≤100
128217680856920,Angel Subervi for State Representative District 7 #PVD,Angel Subervi for State Representative District 7 Campaign,≤100
38235851310,USA for UNHCR,UNITED STATES ASSOCIATION FOR UNHCR,≤100
879713932236690,Gregory Mancini for Town Council,Friends of Gregory Mancini,≤100
221988435064822,Senator Harold M. Metts,Friends of Harold M. Metts,≤100
1316372698453411,Alexandria Ocasio-Cortez,Alexandria Ocasio-Cortez for Congress,≤100
103911824657671,Health Insurance,Michael Melen,≤100
101859698263382,Foley for Warwick-Ward 1,Friends For Foley,≤100
1449461518652183,4Patriots,4Patriots LLC,≤100
102816294565613,Primordial Press,Michael Abraham Rothman,≤100
159964696102,Kevin McCarthy,KEVIN MCCARTHY FOR CONGRESS,≤100
277005566267077,Blueland,Blueland,≤100
18813753280,Human Rights Campaign,"HUMAN RIGHTS CAMPAIGN, INC",≤100
309798029121030,Everytown for Gun Safety,Everytown for Gun Safety Action Fund Inc,≤100
16477459734,League of Conservation Voters,"LEAGUE OF CONSERVATION VOTERS, INC",≤100
101404047991647,Smiley 4 Senate,Friends of Mark Smiley,≤100
259130650776119,Mitch McConnell,MCCONNELL SENATE COMMITTEE,≤100
605168822998856,314 Action,314 ACTION FUND,≤100
19192438096,AAAS - The American Association for the Advancement of Science,American Association for the Advancement of Science,≤100
100724721707100,David J Place,David Place Place,≤100
36474716066,Color Of Change,ColorofChange.org,≤100
105295567501565,Zach Colon for City Council,Friends of Zach Colon,≤100
356482637745012,Stansberry Research,Stansberry Research,≤100
97493741436,John W. Hickenlooper,HICKENLOOPER FOR COLORADO,≤100
5633824547,FreedomWorks,"FREEDOMWORKS, INC.",≤100
15239367801,The Wilderness Society,"WILDERNESS SOCIETY, THE",≤100
376638603087168,Save The Earth,8 Billion Trees,≤100
102875587947942,Keep Trump In Office,Keep Trump In Office,≤100
103597604713894,Team Trump Store,TRUMP MAKE AMERICA GREAT AGAIN COMMITTEE,≤100
1809078699219595,Fat Tire,"NEW BELGIUM BREWING COMPANY, INC.",≤100
102096261303949,Stuart Wilson for RI,COMMITTEE TO ELECT STUART WILSON,≤100
112420993589373,Young and Old for America,Andrew Joseph Young,≤100
105577974544303,The USA Needs More Patriots,AmeriPolling,≤100
43287633515,Alliance for Climate Education,Alliance for Climate Education,≤100
156994304362574,American Bridge 21st Century,AB PAC,≤100
1416576541903682,SK DTC,South Kingstown Democratic Town Committee,≤100
342294162453301,Planned Parenthood,Planned Parenthood Federation of America,≤100
127225910653607,PragerU,PragerU,≤100
393932827634250,Dissent Pins,Common Practice,≤100
109379100777665,Patriotism Isn't Dead,Patriot Polling,≤100
163148530407080,Captain Mark Kelly,MARK KELLY FOR SENATE,≤100
318590061526721,Michael Farina - For Cranston's Future,Friends of Michael Farina,≤100
113666459994300,Big Dan Rodimer for Congress,RODIMER FOR CONGRESS,≤100
51405613519,Focus on the Family,Focus on the Family,≤100
103185334702225,Stop Trump PAC,STOP 45 PAC,≤100
110422117441268,Relentless Loyalty,Carlos None Leon Trejo,≤100
6236054211,Brady,Brady Campaign to Prevent Gun Violence,≤100
560140464159364,Stand for the 2nd Amendment,SFT2 Tactical Supply,≤100
111564220280298,Lenny Cioe for RI,Friends of Lenny Cioe,≤100
14413545701,Conservation Law Foundation,"CONSERVATION LAW FOUNDATION, INC.",≤100
650021555176543,Made by Google,These ads ran without a disclaimer,≤100
6820348410,Kirsten Gillibrand,Off the Sidelines,≤100
5720973755,Defenders of Wildlife,DEFENDERS OF WILDLIFE,≤100
461204744067686,Family Protection Association,Family Protection Association,≤100
1128468833877262,Leave It to Kliever - Candidate for North Kingstown Town Council,John Kliever,≤100
197760674021143,Indivisible Guide,INDIVISIBLE ACTION,≤100
355316521236121,John Cornyn,TEXANS FOR SENATOR JOHN CORNYN INC.,≤100
2267285956849056,Donald Trump 2020 Fans,I Love My Freedom,≤100
108118933908193,Next Level Goods,Next Level Goods LLC,≤100
596556607135301,The Earthling Co.,The Earthling Co.,≤100
839110726214614,Realtors,NATIONAL ASSOCIATION OF REALTORS,≤100
683872625157265,Theresa Greenfield,THERESA GREENFIELD FOR IOWA,≤100
1706960719555159,"Jamie Bova, Newport City Council Chair & Mayor",Jamie Bova for Newport City Council,≤100
103373224404755,Impact Slates,COLLECTIVE IMPACT PAC,≤100
892673067526965,Project War Path,Project War Path,≤100
305832706292882,American Gun Association,GunAssociation.org,≤100
7292655492,MoveOn,MOVEON.ORG CIVIC ACTION,≤100
10423517786,Harvard Business Review,HARVARD BUSINESS SCHOOL PUBLISHING CORPORATION,≤100
131677553516197,Citizens Bank,CITIZENS FINANCIAL GROUP INC.,≤100
373814729643508,Let America Vote,LET AMERICA VOTE PAC,≤100
872842866161157,One Nation Design,One Nation Design,≤100
1109093812491437,Blaze Media,Blaze Media LLC,≤100
20876805343,March of Dimes,MARCH OF DIMES INC.,≤100
30708742052,FCTRY,FCTRY,≤100
181183059253295,Dorsal Bracelets,Dorsal Bracelets,≤100
103449708166331,Stand Up For The Second Amendment,Kirsten May Siosan Andrade,≤100
104186198004629,Henry "Rick" Lombardi For RI District 74,Austin E Flaherty,≤100
322551718276442,Lemons Are Blue,Lockwell LLC,≤100
30139072158,CARE,CARE,≤100
934438026690635,YouGov,YOUGOV AMERICA INC.,≤100
109111900634787,Reverend Raphael Warnock,WARNOCK FOR GEORGIA,≤100
345378512258813,Elise Stefanik,ELISE FOR CONGRESS,≤100
405469100189512,Still My President - Donald Trump,Red State Politics LLC,≤100
431099560800970,Front Page Live,"Front Page Live, Inc.",≤100
51379424899,Mercy Ships,MERCY SHIPS INTERNATIONAL,≤100
101127364972509,Dems For USA,Dems For USA,≤100
2037695643113766,Blexit,Blexit Foundation,≤100
163302087408673,Stop The Donald,Stop the Donald,≤100
104521178045033,Philip M. Overton Jr.,Philip M. Overton Jr.,≤100
530604487365010,Old Glory Flagpole Kits,Service First,≤100
106973694007283,Keep America Great Again,KagaGear.com,≤100
493811210669780,Creative Action Network,Creative Action Network,≤100
132492254050920,American AF,AAF Nation,≤100
10150100007820094,Wendy Davis,WENDY DAVIS FOR CONGRESS,≤100
2353537341582545,Proud Patriots,Proud Patriots,≤100
105732744375701,Steve Bullock,MONTANANS FOR BULLOCK,≤100
108557097612242,Vote By Mail PAC,Vote By Mail PAC,≤100
100318944827269,Amy Kennedy,AMY KENNEDY FOR CONGRESS,≤100
106667854471975,Outspoken,Log Cabin Republicans,≤100
76625396025,CDC,U.S. Centers for Disease Control and Prevention with Facebook Ad Credits,≤100
27544763621,Prison Fellowship,Prison Fellowship,≤100
260754507296508,The Voter Participation Center,Voter Participation Center,≤100
1055873511190792,Hello Resistance,Hello Resistance Apparel,≤100
1799282383731277,TwoSeventy,Alexander Jared Deutsch,≤100
17203056985,Partners In Health,Partners In Health,≤100
42002969352,Center on Budget and Policy Priorities,Center on Budget and Policy Priorities,≤100
100926135067368,Defend Your Police,Defend Your Police,≤100
788394134539871,USPS Business,United States Postal Service,≤100
105707511217866,Communities Joining Hands,Elena Zhan,≤100
111428049989,Cal Cunningham,CAL FOR NC,≤100
2264090133834042,Invite Research,Precision Network,≤100
111023584012681,Open Road Homeward,Samantha Lyn Weldon,≤100
8492293163,Environmental Defense Fund,Environmental Defense Fund,≤100
223008867858902,American Action News,American Action News,≤100
176466646087311,DC Fawcett,VREIC,≤100
96171427550,Raja for Congress,FRIENDS OF RAJA FOR CONGRESS,≤100
195530355493,Chicks On The Right,Chicks on the Right,≤100
110387334065693,Building Newport's Future,Committee Building Newport's Future,≤100
24330467048,Americans for Prosperity,AMERICANS FOR PROSPERITY,≤100
397412160734406,Jesse Pugh - Narragansett Town Council,Friends of Jesse Pugh,≤100
15687409793,World Wildlife Fund,World Wildlife Fund,≤100
2185993931653388,The Recount,"Recount Media, Inc",≤100
18982436812,ACLU,American Civil Liberties Union,≤100
143986912311328,University of Vermont Continuing and Distance Education,University of Vermont,≤100
296708523873754,Karla Dennis and Associates Inc.,"Karla Dennis & Associates, Inc",≤100
103015757910253,Carbone for Cranston 2020,Carbone for Cranston,≤100
193618220508,LIFE Today,LIFE Outreach International,≤100
293225127381200,Patriot Depot,The Patriot Depot,≤100
18709174006,National Audubon Society,"NATIONAL AUDUBON SOCIETY, INC.",≤100
629732217415068,Republican Party,Greater Half,≤100
858210161010020,Tom Malinowski for Congress,TOM MALINOWSKI FOR CONGRESS,≤100
213792049451918,Stand For America,Stand For America Inc,≤100
419992651425033,Guardianes del Pueblo-Consumer Law Group,Consumer Law Group,≤100
114646533630729,Yes. Every Kid.,"yes. every kid, Inc.",≤100
126694924050678,Xavier Becerra,Becerra for Attorney General 2022,≤100
1600352356914768,PushBlack,PushBlack,≤100
106663044307859,Mike Sievert,"T-MOBILE USA, INC.",≤100
30866133883,Alaska Wilderness League,ALASKA WILDERNESS LEAGUE,≤100
292351509697,Jerusalem Prayer Team,Jerusalem Prayer Team,≤100
655065784538368,PredictIt,"PredictIt - Prediction Markets. A project of Victoria University of Wellington, PredictIt has been established to facilitate research into the way markets forecast events.",≤100
101481584557260,Help Asheville Bears-HAB,Heather Christina Williams,≤100
1836138529938551,Greater Half,Greater Half,≤100
21559454473,FAIR,FEDERATION FOR AMERICAN IMMIGRATION REFORM,≤100
11653741889,Ad Council,Ad Council with Facebook Ad Credits,≤100
104934207736995,Paycheck to Paycheck,Center for American Progress Action Fund,≤100
926650430723985,Really American,REALLY AMERICAN PAC,≤100
61265398450,AmeriCorps NCCC,Corporation for National and Community Service,≤100
376776419037747,Turning Point USA,Turning Point USA,≤100
481559282597914,TrumpersUnite,Respect The Look,≤100
103983379801,Texas Democratic Party,SUPER STATES 2020,≤100
101690998009007,Improving Life Through Health,Nicolette Dalan,≤100
8524198486,Physicians Committee for Responsible Medicine,"PHYSICIANS COMMITTEE FOR RESPONSIBLE MEDICINE, INC.",≤100
11791104453,NRDC,Natural Resources Defense Council,≤100
100277548202927,Senior Saver Labs,Tyler Wayne Hedland,≤100
1530883997194411,United States Constitution,Flag and Cross,≤100
100233228182981,Madison Cawthorn for Congress,CAWTHORN FOR NC,≤100
219612384781411,Bloomberg Philanthropies,Bloomberg Philanthropies,≤100
105608381208028,Chris Simpkins for North Smithfield Town Council,Christopher P Simpkins,≤100
110439270638992,NE1else,Time Management LLc,≤100
123963360928,SiriusXM,SIRIUS XM RADIO INC.,≤100
209516845093,NRDC Action Fund,NRDC Action Fund,≤100
894096170667732,Ashley Hinson,Ashley Hinson For Congress,≤100
1668350569891953,Rainbow Movement,William James Ulrich,≤100
1013304945470529,My Pride Apparel,My Pride Apparel,≤100
585942765164217,Elect Democratic Women,ELECT DEMOCRATIC WOMEN,≤100
1433096046934338,Nicholas Delmenico For RI State Rep.,Friends of Nicholas Delmenico,≤100
8550121410,Free Speech America Project,MEDIA RESEARCH CENTER,≤100
1555447934572819,Melanie DuPont for State Senate,Friends of Melanie DuPont,≤100
149081336362,AmeriCorps VISTA,Corporation for National and Community Service,≤100
121067011091,Arab American Institute,Arab American Institute with Facebook Ad Credits,≤100
108273884315449,Real American Patriot,Gold Sky Ventures LLC,≤100
8047221596,Save the Children US,"SAVE THE CHILDREN FEDERATION, INC.",≤100
1527563887565895,Allen Waters for U.S. Senate,THE WATERS COMMITTEE,≤100
241621170478899,The Purpose of Allegiance,Harrison T Chung,≤100
296295018082,AARP en Español,AARP,≤100
971668776283950,PolicyEd,Hoover Institution,≤100
129255907131113,NumbersUSA,NUMBERSUSA EDUCATION AND RESEARCH FOUNDATION,≤100
749147398624403,Cliff Notes by Mike Clifford,Michael Clifford,≤100
420785874975425,Conservative Institute,The Conservative Institute,≤100
405355946226766,Todd Young,"FRIENDS OF TODD YOUNG, INC.",≤100
429812024048177,Doug Jones for Senate,DOUG JONES FOR SENATE COMMITTEE,≤100
267180743723148,National Geographic Society,National Geographic Society,≤100
7814597100,Jim Jordan for Congress,JIM JORDAN FOR CONGRESS,≤100
19746387261,Humane Society International,Humane Society International,≤100
55549065733,Voto Latino,VOTO LATINO INC.,≤100
100697751658498,Stronger.org,The Public Good Projects,≤100
169294473121454,Policetees.com,PoliceTees.com,≤100
50982313030,Food & Water Watch,Food & Water Watch,≤100
1690071827911682,Cleancult,cleancult,≤100
110962313941403,Vote from Home 2020,PEOPLE FOR GOVERNMENT PAC,≤100
1005566252861190,VOTEPROCHOICE,DEMOCRATS.COM,≤100
119006106155684,PI Energy,Andrew P Chung,≤100
1204754733024419,People's Power Grab,ACRONYM,≤100
143729616392084,Van Drew for Congress,Van Drew for Congress,≤100
210333902420876,Sean Parnell,AMERICANS FOR PARNELL COMMITTEE,≤100
72186095846,Center For American Progress Action Fund,Center for American Progress Action Fund,≤100
6713653788,Gary Peters,PETERS FOR MICHIGAN,≤100
23790541544,Democrats,DCCC,≤100
57259033959,AARP,AARP,≤100
13867925345,Equality Florida,Equality Florida,≤100
21375324480,The Heritage Foundation,HERITAGE FOUNDATION (THE),≤100
105145707971929,Florida Votes,TECH FOR CAMPAIGNS,≤100
46093654473,National Republican Congressional Committee,NRCC,≤100
156268994819596,Marc J. Bern & Partners LLP,Marc J. Bern & Partners LLP,≤100
443329669123990,USAFacts,USAFacts Institute,≤100
236369846383459,Congressional Black Caucus PAC,Congressional Black Caucus PAC,≤100
215968684159,AFT - American Federation of Teachers,American Federation of Teachers,≤100
118502801658228,Young Kim,Young Kim for Congress,≤100
108029674299216,We The People,We The People,≤100
1136781033034012,Brave New Look,Brave New Look,≤100
124530924015,Hank Gilbert,HANK GILBERT FOR CONGRESS,≤100
128167457221813,Public Transportation,Voices for Public Transit,≤100
6316744206,Jon Tester,MONTANANS FOR TESTER,≤100
1841824626073676,Candace Valenzuela for Congress,CANDACE FOR 24,≤100
104263277893278,Project Glamour,Evan Lee Ha,≤100
234628203317767,Made for Freedom,Made for Freedom,≤100
45393753416,Alliance Defending Freedom,Alliance Defending Freedom,≤100
183424985463330,Joe Cunningham,JOE CUNNINGHAM FOR CONGRESS,≤100
7962229886,Environmental Working Group,ENVIRONMENTAL WORKING GROUP,≤100
102592959026,Ocean Conservancy,"OCEAN CONSERVANCY, INC.",≤100
109984394118472,Mask Exemption Cards,Mask Exemption Cards,≤100
628891490457484,Nancy Mace,Nancy Mace for Congress,≤100
95356211637,Ben Ferguson,Ben Ferguson show,≤100
102564128179023,Truth to Power,TRUTH TO POWER,≤100
42940254353,Human Rights Watch,"HUMAN RIGHTS WATCH, INC.",≤100
105084617912738,PatriotQuizzes,patriotquizzes.com,≤100
1520483958208446,Seeger Weiss LLP,SEEGER WEISS LLP,≤100
210357995667559,The National Memo,The National Memo,≤100
1640136779635989,We The People Holsters,WeThePeopleHolsters,≤100
2012750189007245,Liquid Death Mountain Water,Liquid Death,≤100
186932688457686,CHNGE,CHNGE,≤100
174754989846475,NewDem Action Fund,New Democrat Coalition Action Fund,≤100
257019421075897,Cory Gardner,Cory Gardner for Senate,≤100
131306317680000,Social Goods,"Social Goods, LLC",≤100
104828184642496,Friends of Chris Hogan,Christopher James Hogan,≤100
331037760381749,Sierra Magazine,SIERRA CLUB,≤100
216311481960,Bill Gates,Bill Gates,≤100
103026384819654,How to Vote,ACRONYM,≤100
465483726908192,iVote,IVote Civic Education Fund,≤100
110509184108983,American Survival,Andrew Joseph Young,≤100
1456310534453054,Veteran Loans Online,"LMB OpCo, LLC",≤100
67626834312,National Women's Law Center,National Women's Law Center,≤100
100872105028876,Unite To Fight Poverty,Unite To Fight Poverty,≤100
237477017606,Club for Growth,Club for Growth,≤100
142370046577999,Shahid Buttar for Congress,Shahid Buttar for Congress Committee,≤100
107483911082907,Trump Footballs,"Local Guys Marketing, LLC",≤100
109526232935380,Synthisophy,Synthisophy,≤100
103685974471159,Robert Ferri for Cranston,Friends of Robert Ferri,≤100
21455818797,Feed the Children,"FEED THE CHILDREN, INC.",≤100
272746056173834,National Voter Registration Day,NONPROFIT VOTE,≤100
518194348194441,RepresentUs,RepresentUs,≤100
1025055787535714,A Case for Women,A Case for Women,≤100
34701792581,EWTN,Eternal Word Television Network,≤100
102975771471410,Scott Zambarano for RI State Senate,Friends of Scott Zambarano,≤100
109176630847097,Marlena for District 6 Pawtucket,Friends of Marlena Martins Stachowiak,≤100
106949844346620,Trumpian Republicans,Gregory Lawrence Burright,≤100
108512875350,The Atlas Society,The Atlas Society,≤100
103682110993833,Arctic Refuge Defense Campaign,Alaska Wilderness League,≤100
94047978366,PCCC - BoldProgressives.org,PROGRESSIVE CHANGE CAMPAIGN COMMITTEE,≤100
360303722260,Kathleen Williams,KATHLEEN WILLIAMS FOR MONTANA,≤100
1323161541032507,For Our Future FL,For Our Future Action Fund,≤100
407664862957433,Ammar Campa-Najjar for Congress,AMMAR CAMPA-NAJJAR FOR CONGRESS,≤100
142992759853421,Be A Hero,BE A HERO PAC,≤100
108109934203874,Insta Shop Boutique,Insta Shop Boutique,≤100
1634651343331439,Project Wren,Landon Brand,≤100
200650357207240,I Love My Freedom,I Love My Freedom,≤100
108834660952162,Liberty Strong,Jae W Seo,≤100
117641114435,First Aid Beauty,First Aid Beauty,≤100
17911165812,Covenant House International,Covenant House,≤100
977704775606273,Balls Deep Tackle,Balls Deep Tackle,≤100
10498053716,Media Research Center,MEDIA RESEARCH CENTER,≤100
114857913678674,Helping Hands,Harrison T Chung,≤100
263210730984251,We Are Great Again Pac,WE ARE GREAT AGAIN PAC,≤100
34362997676,United States Holocaust Memorial Museum,UNITED STATES HOLOCAUST MEMORIAL MUSEUM,≤100
203197030603239,8 Billion Trees,8 Billion Trees LLC,≤100
111035220661681,Jessica Marino -Democrat for Cranston Citywide Council,Jessica M Marino,≤100
106224464107240,Jo Jorgensen,Jo Jorgensen for President,≤100
810122486032496,Jackie Gordon,JACKIE GORDON FOR CONGRESS,≤100
101136147910784,Represent Justice,Represent Justice,≤100
486742462081051,Mike Cooney for Governor,Cooney for Montana,≤100
166618413413767,Jay Sekulow,American Center for Law and Justice,≤100
111324359048459,Dr. Roger Marshall,KANSANS FOR MARSHALL,≤100
336470580233523,Pins and Aces Golf Co.,US Craft Brands LLC,≤100
102786584878552,Committed for Freedom,Harrison T Chung,≤100
172758932738142,PhRMA,PHARMACEUTICAL RESEARCH AND MANUFACTURERS OF AMERICA,≤100
1917715138510680,Follow Your Legend,Legend Bracelet,≤100
163965296965203,32BJ SEIU,LOCAL 32 BJ SEIU,≤100
1934191280189700,Health Care Voter,Health Care Voter,≤100
107589664099282,Stand Up To China,"Stand Up To China, Inc.",≤100
176466646087311,DC Fawcett,Donald Chappell Fawcett,≤100
6231686654,Compassion International,"COMPASSION INTERNATIONAL, INCORPORATED",≤100
911828698840246,ReLEntless Defender Apparel,ReLEntless Defender Apparel,≤100
262577294462322,Kettle Freaks,Kettle Freaks LLC.,≤100
123651254408327,Sokolove Law,"Sokolove Law, LLC",≤100
592707041080920,Stand Together,Stand Together Chamber of Commerce Inc.,≤100
116238930177726,Artsiful,Brad Aaron Shaw,≤100
367292494407,AJC - American Jewish Committee,AMERICAN JEWISH COMMITTEE,≤100
54684090291,Partnership to End Addiction,The National Center on Addiction and Substance Abuse with Facebook ad credits,≤100
2309566456030859,Human Coalition Action,Human Coalition Action,≤100
141692255929599,Democratic Socialists of America,DEMOCRATIC SOCIALISTS OF AMERICA INC,≤100
1526736227567131,TrueCoverage,True Coverage,≤100
29008276590,The Salvation Army Greater New York Division,The Salvation Army,≤100
679171239164792,Supermajority,Supermajority,≤100
151525932186806,When Democrats Turn Out,WHEN DEMOCRATS TURN OUT PAC,≤100
100719625004234,Home and Community,Cynthia Nguyen,≤100
496696933682736,Jeff Merkley,JEFF MERKLEY FOR OREGON,≤100
190987118163092,Connected Clothing Company,Connected Clothing Company,≤100
107591317737915,Prepared Americans,Kin Ngai Yeung,≤100
1083949645080409,Bob Statchen for State Senate,"Statchen for Connecticut, Anne-Marie Foster, Treasurer",≤100
291102898490822,Giant Maga Hat,Inventors club LLC,≤100
747783932079184,Jared Golden,COMMITTEE TO ELECT JARED GOLDEN,≤100
44224524016,American Kidney Fund,"AMERICAN KIDNEY FUND, INC.",≤100
350784278974539,Turning Point Action,Turning Point Action,≤100
327202261326682,Stephanie Bice,Bice for Congress,≤100
152264148166020,Moms Clean Air Force,Moms Clean Air Force,≤100
109092142462587,Adam Schiff,SCHIFF FOR CONGRESS,≤100
6333396177,NewsBusters.org,MEDIA RESEARCH CENTER,≤100
102137374563260,Confide in American Pride,John Allen Franson,≤100
90389813340,American Association of Political Consultants,AAPC,≤100
746938465317981,Nuclear Matters,Nuclear Matters,≤100
130467958471,Jason Lewis,Jason Lewis for Senate,≤100
103046977892124,Adam Christensen For Congress,ADAM J CHRISTENSEN FOR CONGRESS,≤100
8057376739,The Nature Conservancy,Nature Conservancy,≤100
1338822066131069,Women's March,Women's March,≤100
114055920375781,Douglas Osier for North Smithfield,Douglas B Osier,≤100
117437204982602,American Wild Horse Campaign,American Wild Horse Campaign,≤100
169597416843751,Stand Up America,Stand Up America,≤100
38471053686,Elizabeth Warren,"WARREN DEMOCRATS, INC.",≤100
2068988876444634,Stand Up for Accurate Prenatal Answers,STAND UP FOR ACCURATE PRENATAL ANSWERS INC,≤100
513695272011123,The Genesis Prize,GPF NA LLC,≤100
259212814698356,Democratic Majority for Israel,DMFI PAC,≤100
808450969246896,"Rebecca Walser, Tax Attorney, CFP",Walser Wealth Management,≤100
21834534343,Volunteers of America,"VOLUNTEERS OF AMERICA, INC.",≤100
118269091671380,The Home T,THE HOME T,≤100
101075798356272,ReOpen America Now,Command Center Holdings LLC,≤100
1084856268238034,Trump Talking,Roberto None Lugo,≤100
1268410219898273,Tango Tango,Tango Tango Inc,≤100
227764782729,AMERICAN - STRONG!,American Strong LLC,≤100
44255328352,Farm Forward,Farm Forward,≤100
116808566362551,Boomer Naturals,Boomer Naturals Inc,≤100
104170004713256,Elect Black Democrats,THE COLLECTIVE PAC,≤100
110652154029386,Olga for Council,Friends of Olga Enger,≤100
182620315479,Plan International USA,Plan International USA,≤100
253791814655400,Doug Collins,"COLLINS FOR SENATE, INC.",≤100
756307334729769,Little Compton Community Bulletin Board,Michael William Rocha,≤100
169130743498585,Tactical Pro Supply,Chad Keller,≤100
101769576791,Health Action Network,Health Action Network,≤100
101329438317952,Story Network Action,Story Network Foundation,≤100
779309092233298,Ben Crump,X Social Media,≤100
110010433804232,Falkirk Center,Falkirk Center,≤100
277414242013,Joyce Elliott for Congress,JOYCE ELLIOTT FOR CONGRESS,≤100
1681120172099567,Libertarian Candidates,Ryan Allen Raymond,≤100
18479402361,No Kid Hungry,No Kid Hungry,≤100
1316372698453411,Alexandria Ocasio-Cortez,THE SQUAD VICTORY FUND,≤100
556344894736772,"New England, New Energy",Resource Media,≤100
104142543758770,Campaign Zero,We The Protesters,≤100
102617961152741,Barbara Bollier,BOLLIER FOR KANSAS,≤100
467804929927622,Jason Smith,JASON SMITH FOR CONGRESS,≤100
285280491872272,Advance Native Political Leadership,Advance Native Political Leadership Action Fund,≤100
1575347412785991,Cheddar,Cheddar,≤100
106382017600422,Billy Prempeh,THE BILLY PREMPEH FOR CONGRESS COMMITTEE,≤100
700941689954518,Defend Our Future,Defend Our Future,≤100
107953010886875,20Train.com,GEEG LLC,≤100
102180301437619,2020 American Defense Fund,C3 PAC,≤100
105269984593079,The Way I See It,Focus Features,≤100
429233848012141,The HALO Trust USA,"HALO TRUST (USA), INC. (THE)",≤100
106884643986875,KAG Patriot,KAG Patriot,≤100
103801844298982,Team Collins,COLLINS FOR SENATOR,≤100
168367339845613,The Humane League,The Humane League,≤100
121033149320,American Indian College Fund,"AMERICAN INDIAN COLLEGE FUND, THE",≤100
5887538795,Education Week,Education Week,≤100
7642602143,Mother Jones,FOUNDATION FOR NATIONAL PROGRESS,≤100
657343731290262,American Freedom Fighter,American Freedom Fighter,≤100
127216280686110,Ann Wagner,Ann Wagner for Congress,≤100
8473889271,National Parks Conservation Association,National Parks Conservation Association,≤100
2040270322863853,Tina Smith,TINA SMITH FOR MINNESOTA,≤100
100401327980848,National Parents Union,National Parents Union,≤100
112488757165613,Blue Line Stockpile,Blueline Stockpile,≤100
1653251174924652,Fuzzu,Fuzzu,≤100
112600915451330,No Labels,No Labels,≤100
121626482110,Operation Smile,"OPERATION SMILE, INC.",≤100
17475614410,Hispanic Federation,Paid for by Hispanic Federation with Facebook Ad Credits,≤100
102579318191600,No Justice No Peace,NO JUSTICE NO PEACE PAC,≤100
110828620426941,Roger Polack for Congress,ROGER FOR WISCONSIN,≤100
59254639983,Boston Medical Center,BOSTON MEDICAL CENTER,≤100
348839551906904,Democracy in Color,POWERPAC DOT ORG,≤100
266344180585578,Jim Jordan for Congress,JIM JORDAN FOR CONGRESS,≤100
114137307071679,31 October,wowengraving,≤100
208463585839891,Living Future Institute,International Living Future Institute,≤100
111749023656141,John Paul Moran For US Congress MA-6 - R,STAND WITH JOHN PAUL MORAN,≤100
223055747744143,Beto O'Rourke,Powered By People,≤100
24481937944,Theodore Roosevelt Conservation Partnership,"THEODORE ROOSEVELT CONSERVATION PARTNERSHIP, INC",≤100
278487153675,Redneck Nation Clothing,Tracie Milliron Gold,≤100
530604487365010,Old Glory Flagpole Kits,Service First Flag Poles,≤100
106007554211435,Mainers For Working Families,Mainers For Working Families,≤100
104504438466,Federal Voting Assistance Program - FVAP,Federal Voting Assistance Program,≤100
101058218380143,Hold Cops Accountable,People Power Initiatives,≤100
100936161735093,Passion with Liberty,Jae W Seo,≤100
43609808159,Happy Family Organics,Happy Family Organics,≤100
105481140904672,Core Prestige,Core Prestige,≤100
175797376373,"WaterFurnace Geothermal Heating, Cooling & Hot Water","WATERFURNACE INTERNATIONAL, INC.",≤100
12683623041,Society for Human Resource Management (SHRM),SOCIETY FOR HUMAN RESOURCE MANAGEMENT,≤100
303061950155375,John James,"JOHN JAMES FOR SENATE, INC.",≤100
711478725532801,Civiqs,Civiqs,≤100
284946111858895,Debbie Mucarsel-Powell,DEBBIE FOR CONGRESS,≤100
15351475322,Cathy McMorris Rodgers,Cathy McMorris Rodgers for Congress,≤100
101485404914361,Bad News Wares,Bad News Wares,≤100
6240652407,Young America's Foundation,YOUNG AMERICA'S FOUNDATION INC,≤100
312208869424760,Field Team 6,Cory Cambridge Alpert,≤100
26006662641,Arizona Democratic Party,Arizona Democratic Party,≤100
166738743732702,All Above All Action,All Above All Action Fund,≤100
419237048158257,Susan Collins,COLLINS FOR SENATOR,≤100
2046092952294722,Lucy McBath for Congress,FRIENDS OF LUCY MCBATH,≤100
109709397469494,Dignity Unbound,Dignity Unbound,≤100
896759427103774,Modern Medicaid Alliance,Modern Medicaid Alliance,≤100
1354622541311687,Dr. Kim Schrier,DR KIM SCHRIER FOR CONGRESS,≤100
49651563727,Live Action,Live Action,≤100
110849485902,United Way,United Way Worldwide with Facebook Ad Credits,≤100
399067003454888,Sudan Relief Fund,Sudan Relief Fund Inc,≤100
830890360316751,Nick Hanauer,Civic Action,≤100
7341997111,Conservation International,Conservation International,≤100
90498769709,Edenpure,EdenPURE®,≤100
740266592735787,Free to Be Kids,Free To Be Kids,≤100
42872222699,Dana Loesch,Dana Loesch Radio,≤100
109186244232765,The Liberty Club,Cindy None Dao,≤100
218020061613734,UBS,UBS Financial Services Inc.,≤100
30079936984,CWS,"CHURCH WORLD SERVICE, INC.",≤100
51761261956,The Bill of Rights Institute,"BILL OF RIGHTS INSTITUTE, THE",≤100
105698674239617,Embed News,Embed News,≤100
70995214846,Business Roundtable,Business Roundtable,≤100
120085718005638,American Prairie Reserve,American Prairie Reserve,≤100
246642355527002,New Hampshire Youth Movement,NH Peoples PAC,≤100
1344753008968781,Birds Aren't Real,Birds Aren't Real,≤100
269479249997,National Shooting Sports Foundation | NSSF,National Shooting Sports Foundation,≤100
116546288359245,Heritage Action for America,HERITAGE ACTION FOR AMERICA,≤100
153477451455783,The Optimist Daily,"The Optimist Publications, LLC",≤100
369325156488153,Ubuntu Life,Ubuntu Life,≤100
282765295135322,The Pray in Jesus Name Project,"GJK, Inc. d/b/a The Pray In Jesus Name Project",≤100
18964919915,Met Council,Met Council on Jewish Poverty,≤100
219247332354785,Phil Arballo for Congress,ARBALLO FOR CONGRESS,≤100
101464921262312,Alaina for Congress 2020,Alaina Shearer for Congress,≤100
537534316395916,Students for Trump,Turning Point Action,≤100
106968690805026,Sima for Texas,SIMA FOR TEXAS,≤100
2049170775107862,Resistance By Design,Resistance By Design,≤100
1010143499143169,Medicare Savings,"Mayo Labs, LLC",≤100
32975139631,If Americans Knew,If Americans Knew,≤100
103315378108004,True Patriot Strength,LE-HUU DONG HUYNH,≤100
203805062990264,Ben Shapiro,The Daily Wire,≤100
181467702005600,Mark Warner VA,FRIENDS OF MARK WARNER,≤100
100912625071588,Pennsylvania Votes,TECH FOR CAMPAIGNS,≤100
19554217292,American Heart Association: You're the Cure,American Heart Association,≤100
160513344045084,John Neely Kennedy,"John Kennedy for Us, Inc",≤100
40973310753,Pathfinder International,Pathfinder International,≤100
15041226930,Oxfam,"OXFAM AMERICA, INC.",≤100
24470472733,The Trevor Project,The Trevor Project,≤100
157307331013957,The History List,The History List,≤100
105872574403318,Project TAMMI,a research grant at The National Center on Addiction and Substance Abuse (CASA),≤100
1014486318584089,Armed American Supply,Armed American Supply,≤100
27544763621,Prison Fellowship,Brandon Anders Larsen,≤100
12784656483,Union Rescue Mission,Union Rescue Mission,≤100
59543893235,National Constitution Center,National Constitution Center,≤100
36634376117,HarperKids Books,HARPERCOLLINS PUBLISHERS LLC,≤100
344346245749372,Shore Trendz,RHW.COM LLC/DBA Shore Trendz,≤100
165858562140,Western Resource Advocates,Western Resource Advocates,≤100
101461559911714,The Posh Pearl Apparel Co.,The Posh Pearl Apparel Co,≤100
248181906078243,National Institute for Civil Discourse,CommonSense American,≤100
205395906412,UAW International Union,"INTERNATIONAL UNION, UNITED AUTOMOBILE, AEROSPACE AND AGRICULTURAL IMPLEMENT WORKERS OF AM",≤100
80060992758,Center for Food Safety,"CENTER FOR FOOD SAFETY, THE",≤100
168876449866088,The Years Project,The Years Project,≤100
192771954102960,Jordan Sekulow,American Center for Law and Justice,≤100
83290028957,Care Net,CARE NET,≤100
6041057841,The Humane Society of the United States,"HUMANE SOCIETY OF THE UNITED STATES, THE",≤100
207833736045744,MHAction.org,Kevin R Borden,≤100
868405419972384,The Outrage,The Outrage,≤100
113310617054164,Trump Baseball Bats,Trump Baseball Bats,≤100
21395843375,Dialysis Patient Citizens,DIALYSIS PATIENT CITIZENS INC,≤100
101176781688638,Vets In America,Thanh Phuc Tran Nguyen,≤100
58158120046,ACLJ,American Center for Law and Justice,≤100
102478528086004,Reading On the Left,St. Martin's Press,≤100
6756153498,Mike Bloomberg,Mike Bloomberg,≤100
203330919857759,All On The Line,National Redistricting Action Fund,≤100
290851614930809,Combat AntiSemitism,Combat Anti-Semitism,≤100
1613516851999536,Sunrise Movement,SUNRISE PAC,≤100
105536127617594,The American Digest,The American Digest,≤100
112164673854264,Living Patriotically,Living Patriotically,≤100
6165653060,AFSCME,AMERICAN FEDERATION OF STATE COUNTY & MUNICIPAL EMPLOYEES,≤100
101591551371555,Fire Mitch. Save America.,SAVE AMERICA FUND,≤100
294879797332635,Debbie Dingell,DEBBIE DINGELL FOR CONGRESS,≤100
113179897027654,Fypgear,Anne Marie Ward,≤100
5943727453,American Humane,American Humane,≤100
112333396969405,Jim Bognet,Bognet for Congress,≤100
357750373755,National Domestic Workers Alliance,National Domestic Workers Alliance,≤100
1486604288305133,Happy Earth Apparel,Happy Earth LLC,≤100
231154884924705,AboutTrump.org - and Biden,A MARK FOUNDATION,≤100
106203264511020,Washington Changed Katko,DCCC,≤100
1708467695859543,Veteran Transition Mission,Sonia Ivelisse Barriera Ayala,≤100
44340057816,Uncommon Goods,UncommonGoods,≤100
103531607822207,Noticias para Inmigrantes,"Wise Rock Media, PBC",≤100
100696128366533,Compare-HealthPlans.com,Darius Alexander Mcdougle,≤100
656263988182462,Bill Hagerty,TEAM HAGERTY,≤100
6851405967,CREDO Mobile,"CREDO MOBILE, INC.",≤100
856208611420219,Christina Finello,FINELLO FOR CONGRESS,≤100
390560688135747,Public Editor Press,"Public Editor Press, Inc",≤100
1439364926329185,Animal Matters,Animal Matters,≤100
1977738355807406,Sharice For Congress,SHARICE FOR CONGRESS,≤100
181924628560212,SumOfUs,SumOfUs,≤100
15771560300,Earthjustice,EARTHJUSTICE,≤100
504161563089343,BlackPAC,Black PAC,≤100
315151565831,Ascension,Ascension Press,≤100
1499038337068432,Organization of Nurse Leaders,Organization of Nurse Leaders,≤100
100501611534904,BDS is BS,BDS is BS,≤100
614134231980299,Veterans Empowered To Protect African Wildlife,VETPAW INC,≤100
150322194563,PASA Primates: Pan African Sanctuary Alliance,PAN AFRICAN SANCTUARIES ALLIANCE,≤100
551158678560402,Epimonia,Epimonia LLC,≤100
7145381235,American Jewish World Service - AJWS,"AMERICAN JEWISH WORLD SERVICE, INC.",≤100
281884085611820,Tedra Cobb,COMMITTEE TO ELECT TEDRA COBB,≤100
18813753280,Human Rights Campaign,"HUMAN RIGHTS CAMPAIGN, INC.",≤100
907261129425484,Narragansett Residents Unite,Beverly E Banfield,≤100
130848666099,Business Forward,Business Forward Inc.,≤100
1709411425966576,Trump Store America,SPALDING GROUP INC,≤100
375760676281438,Mermaid Straw,Mermaid Straw,≤100
737686089933715,Conservative Collections,Mainline Media Group,≤100
105433064492153,The Return 2020,The Return International,≤100
834645469890446,Devin Nunes,DEVIN NUNES CAMPAIGN COMMITTEE,≤100
219224241438635,Compassion & Choices,COMPASSION & CHOICES,≤100
106572950040377,Max Rose,MAX ROSE FOR CONGRESS,≤100
1925751504337881,MJ Hegar,MJ FOR TEXAS,≤100
451389174955443,Haverhill Collection,"Haverhill Leach, Inc",≤100
9739634228,The Political Machine,"Hitcents.com, Inc",≤100
102907481554004,Standing Strong As One,Claire Wang,≤100
153678684700451,American Investment Council,AMERICAN INVESTMENT COUNCIL,≤100
79125112926,Students for Life of America,"STUDENTS FOR LIFE OF AMERICA, INC.",≤100
112712482782718,Magical Duck General Store,Michael G Schurmann,≤100
102281264932254,The Southern Strategy,Southern Strategy,≤100
102756811269921,Fellow Americans,Fellow Americans,≤100
102112121615949,Relentless Pursuit,Lambert Chan,≤100
102846434825096,Beat Abbott,Beat Abbott PAC,≤100
357554791340788,Liker,Omar Rivero,≤100
11911627997,Pancreatic Cancer Action Network,"PANCREATIC CANCER ACTION NETWORK, INC.",≤100
19972147679,SEIU,SEIU,≤100
1425435377743310,Conversations with Bill Kristol,The Foundation for Constitutional Government,≤100
839073729808623,Hillary Scholten,SCHOLTEN FOR CONGRESS,≤100
2259323457517498,Abolish the Electoral College,ABOLISH THE ELECTORAL COLLEGE,≤100
12692955711,Chronicle of Higher Education,"CHRONICLE OF HIGHER EDUCATION, INC. (THE)",≤100
100268345027041,Smart Consumer,These ads ran without a disclaimer,≤100
111702860231554,Matt Lieberman,Matt Lieberman for Senate,≤100
210277954204,The Young Turks,"The Young Turks, Inc.",≤100
702582586516561,CBN Israel,"The Christian Broadcasting Network, Inc.",≤100
103341131486608,Anti Racist Social,Salman Ahmed Elmi,≤100
515446551984912,Speaker Cameron Sexton,Cameron Sexton for State Representative,≤100
245741028804051,Barbara Sinatra Center,Barbara Sinatra Children's Center,≤100
742432405855905,Sunshine Cathedral,Darren Orlando Loli,≤100
109866370700481,PushBlack Finance,PushBlack,≤100
134452023239984,Human Coalition,Human Coalition,≤100
143089732792,Marsha Blackburn,Blackburn Tennessee Victory Fund,≤100
105010030848236,Bryant Cameron Webb,DR. CAMERON WEBB FOR CONGRESS,≤100
114386721939978,The Made in America Store,Made In America Store,≤100
100506848295759,Made to Fail,Made To Fail,≤100
152315634778510,UsAgainstAlzheimer’s,UsAgainstAlzheimer's,≤100
128716440866482,Adam Milstein,Adam Milstein,≤100
241672016328637,Lauren Underwood for Congress,LAUREN UNDERWOOD FOR CONGRESS,≤100
151757038879920,Alyse Galvin for Congress 2020,ALYSE FOR ALASKA,≤100
248306181862385,Live Lokai,LOKAI HOLDINGS LLC,≤100
32582320449,CMMB,CATHOLIC MEDICAL MISSION BOARD INC,≤100
1852520761657982,4ocean,4ocean,≤100
102671331487937,I Love My Freedom Store,I Love My Freedom,≤100
100119981671668,Blue Senate,BLUE SENATE PAC,≤100
438536186881177,All Clear Foundation,All Clear Foundation,≤100
1452551204988299,GoReact,Speakworks Inc,≤100
6787988478,Physicians for Human Rights,"PHYSICIANS FOR HUMAN RIGHTS, INC.",≤100
16534314739,Facing History and Ourselves,"FACING HISTORY AND OURSELVES NATIONAL FOUNDATION, INC.",≤100
317284821682168,Messianic Jewish Alliance of America (MJAA),Messianic Jewish Alliance of America,≤100
541807025833154,Malala Fund,Malala Fund,≤100
2309566456030859,Human Coalition Action,PRO-LIFE TEXANS A HUMAN COALITION ACTION PAC,≤100
104044698088843,The Patriotic Venture,Thanh Phuc Tran Nguyen,≤100
819607471729183,Dr. Al Gross for US Senate,DR. AL GROSS FOR U.S. SENATE,≤100
105882964535390,Cats Against Trump,Cats Against Trump,≤100
6355071377,American Cancer Society Cancer Action Network - ACS CAN,AMERICAN CANCER SOCIETY CANCER ACTION NETWORK INC,≤100
417522508294454,Job Creators Network,Job Creators Network,≤100
112334757233941,Right to Telehealth,Jeremy Joseph Schaller,≤100
109360297266116,Fearless Patriot,TERESA NONE OHARA-MARSH,≤100
106333028376,"Nichols Kaster, PLLP",Nichols Kaster PLLP,≤100
173837496125511,Conscious Step,Conscious Step,≤100
138141366212571,Gravis Marketing,GRAVIS MARKETING INC.,≤100
101165101720418,Be-Winner-Today,These ads ran without a disclaimer,≤100
540707072979860,Brian Maryott,MARYOTT FOR CONGRESS,≤100
782093245218764,Qasim Rashid,RASHID FOR VA,≤100
102745147891580,Trump Coolers,Eric Clifford Juels,≤100
112735922758892,Charlie Kirk,Charlie Kirk,≤100
107315591003146,Healthier Lifestyle,Katie Yazhen Gao,≤100
408250066356,Bill O'Reilly,"Bill Me, Inc.",≤100
106808627333095,Nithya for the City,Nithya for the City,≤100
21472760578,C-SPAN,C-SPAN,≤100
103034718068007,Pigeon Poolitics,Sassan Yousefi,≤100
100517105076564,Shining Lifetime,Daniel Vasquez,≤100
101420381658477,Locke & Key PAC,LOCKE & KEY PAC,≤100
104550824646928,2nd Amendment USA,Amundson Media LLC,≤100
109774654107757,Sauucee,Sauucee,≤100
115364585711,Lawyers' Committee for Civil Rights Under Law,Lawyers' Committee for Civil Rights Under the Law with Facebook Ad Credits,≤100
27311599342,Preemptive Love,Preemptive Love Coalition,≤100
6820348410,Kirsten Gillibrand,Gillibrand for Senate,≤100
342887442508723,Convention of States,Convention of States Action,≤100
17801244148,Jill Schupp,SCHUPP FOR CONGRESS,≤100
1393911800825140,OZY,OZY Media Inc,≤100
215199482635728,Alek Skarlatos,ALEK FOR OREGON,≤100
819089488132161,Carlene Fonseca for City Council At-Large,Carlene Patricia Fonseca,≤100
11006419356,The Voice of the Martyrs - USA,"VOICE OF THE MARTYRS, INC., THE",≤100
2256321067930356,Liberteeclub,libertyteeshop,≤100
30914589895,The International Fellowship of Christians and Jews,"INTERNATIONAL FELLOWSHIP OF CHRISTIANS & JEWS, INC.",≤100
398757490729,The National Network to End Domestic Violence,"NATIONAL NETWORK TO END DOMESTIC VIOLENCE, INC.",≤100
1156676274461345,Mikie Sherrill,MIKIE SHERRILL FOR CONGRESS,≤100
785936231584382,Paula Jean Swearengin,Paula Jean for West Virginia,≤100
135298176481584,Marine Corps Scholarship Foundation,Marine Corps Scholarship Foundation,≤100
113110137118723,Collectible Currency,Christopher Walter Adams,≤100
95483488591,Democratic Party of Wisconsin,DEMOCRATIC PARTY OF WISCONSIN,≤100
1658135304460341,MANG,MANG,≤100
1053833861326820,John Burke,Presidential Playbook,≤100
394817334402124,2020 Trump Bill,Innovative Ecomm LLC,≤100
309798029121030,Everytown for Gun Safety,EVERYTOWN FOR GUN SAFETY VICTORY FUND,≤100
129523843754764,Vote Smart,PROJECT VOTE SMART,≤100
105561217523274,The_Dispatch,"Dispatch Media, Inc.",≤100
288110884600563,Lean In,"Sheryl Sandberg & Dave Goldberg Family Foundation d/b/a LeanIn.Org, LLC",≤100
142474049098533,Robert Reich,Inequality Media Civic Action,≤100