﻿Page ID,Page Name,Disclaimer,Amount Spent (USD)
7860876103,Joe Biden,BIDEN VICTORY FUND,2753
153080620724,Donald J. Trump,TRUMP MAKE AMERICA GREAT AGAIN COMMITTEE,989
6726182861,Mike Pence,TRUMP MAKE AMERICA GREAT AGAIN COMMITTEE,743
108824017345866,Facebook,"Facebook, Inc.",522
1771156219840594,Team Trump,TRUMP MAKE AMERICA GREAT AGAIN COMMITTEE,516
156968474833352,Stop Republicans,Stop Republicans,436
20787991568,Senate Democrats,DSCC,388
259130650776119,Mitch McConnell,MCCONNELL SENATE COMMITTEE,388
96935476345,Democratic Governors Association (DGA),Democratic Governors Association,304
791543660926838,"I'll go ahead and keep my guns, Thanks",2A4LIFE LLC,273
172758932738142,PhRMA,PHARMACEUTICAL RESEARCH AND MANUFACTURERS OF AMERICA,260
717115395103069,PrintedKicks,Printed Kicks,237
1449461518652183,4Patriots,4Patriots LLC,234
127755494595870,Progressive Takeover,PROGRESSIVE TAKEOVER,191
9324910069,NRSC,NRSC,181
2267285956849056,Donald Trump 2020 Fans,I Love My Freedom,173
1615018905412860,Progressive Turnout Project,PROGRESSIVE TURNOUT PROJECT,172
105756057589080,The Lincoln Project,The Lincoln Project,162
165987503528599,Lindsey Graham,"TEAM GRAHAM, INC.",158
114710126648118,Republican Dogs,Republican Dogs,152
665345483483486,NRA - National Rifle Association of America,NATIONAL RIFLE ASSN OF AMERICA,145
104856814505092,The Kids Guide,The Kids Guide,136
120245278015173,Pacifico Beer,"CONSTELLATION BRANDS, INC.",132
345504286342057,Keeping America Great Again,RightWingGear.com,131
114131299168,Idaho Freedom Foundation,Idaho Freedom Foundation,131
127225910653607,PragerU,PragerU,126
176789922364429,Steve Daines,STEVE DAINES FOR MONTANA,113
153080620724,Donald J. Trump,"DONALD J. TRUMP FOR PRESIDENT, INC.",108
830121337093232,National Democratic Training Committee,NATIONAL DEMOCRATIC TRAINING COMMITTEE PAC,108
202626512363,U.S. Census Bureau,U.S. Census Bureau,104
2352630938293825,Mytacticalpromos,Entremax,104
101279451606075,Democratic Strategy Institute,Democratic Strategy Institute,≤100
277005566267077,Blueland,Blueland,≤100
100392931351292,Northwest RiverPartners,Northwest RiverPartners,≤100
328853823844484,Balance of Power,Balance of Power,≤100
95483488591,Democratic Party of Wisconsin,DEMOCRATIC PARTY OF WISCONSIN,≤100
156535884411111,Idaho Forest Products Commission,Idaho Forest Products Commission,≤100
113891694102,Energy Citizens,AMERICAN PETROLEUM INSTITUTE,≤100
925007000949719,ExxonMobil,Exxon Mobil Corporation,≤100
2330577043935831,Sara Gideon,SARA GIDEON FOR MAINE,≤100
602714436529710,End Citizens United,END CITIZENS UNITED,≤100
314786585242392,Sage Dixon,Committee To Elect Sage Dixon,≤100
737686089933715,Conservative Collections,Mainline Media Group,≤100
106094077803532,Our National Family,Patrick Le Tran,≤100
328072970642479,Jaime Harrison,JAIME HARRISON FOR US SENATE,≤100
102745147891580,Trump Coolers,Eric Clifford Juels,≤100
105732744375701,Steve Bullock,MONTANANS FOR BULLOCK,≤100
2353537341582545,Proud Patriots,Proud Patriots,≤100
109092142462587,Adam Schiff,SCHIFF FOR CONGRESS,≤100
6204742571,Sierra Club,SIERRA CLUB,≤100
8501031021,VoteVets.org,VOTEVETS,≤100
18982436812,ACLU,American Civil Liberties Union,≤100
92925746942,Judicial Watch,Judicial Watch,≤100
163148530407080,Captain Mark Kelly,MARK KELLY FOR SENATE,≤100
7292655492,MoveOn,MOVEON.ORG POLITICAL ACTION,≤100
1316372698453411,Alexandria Ocasio-Cortez,Alexandria Ocasio-Cortez for Congress,≤100
84082446577,Trout Unlimited,"TROUT UNLIMITED, INC.",≤100
373814729643508,Let America Vote,LET AMERICA VOTE PAC,≤100
102883404710701,Bryce Scrimsher for Nez Perce County Sheriff,Bryce Scrimsher for Nez Perce County Sheriff,≤100
109379100777665,Patriotism Isn't Dead,Patriot Polling,≤100
96935476345,Democratic Governors Association (DGA),DEMOCRATIC ACTION,≤100
103597604713894,Team Trump Store,TRUMP MAKE AMERICA GREAT AGAIN COMMITTEE,≤100
327837911149503,2A4Life,2A4LIFE LLC,≤100
168051710543266,Lacy Johnson,Lacy Johnson for Congress,≤100
158791100909689,Concerned Veterans for America,Concerned Veterans for America,≤100
1109093812491437,Blaze Media,Blaze Media LLC,≤100
105577974544303,The USA Needs More Patriots,Anthony Alexander Morales,≤100
530604487365010,Old Glory Flagpole Kits,Service First,≤100
106244251043808,Reuse Plastics,"AMERICAN CHEMISTRY COUNCIL, INC.",≤100
106323360959211,Patriots Republic,Matthew James Stine,≤100
7814597100,Jim Jordan for Congress,JIM JORDAN FOR CONGRESS,≤100
228754857151053,House Majority PAC,House Majority PAC,≤100
314499212242,Pfizer,Pfizer Inc.,≤100
105577974544303,The USA Needs More Patriots,AmeriPolling,≤100
100137754724934,Trump 2020 Supporters,Proud Right Winger,≤100
101237551589520,Tactical Patriot,Trizzie Truong,≤100
305832706292882,American Gun Association,GunAssociation.org,≤100
2037695643113766,Blexit,Blexit Foundation,≤100
278490715553293,Martha McSally,MCSALLY FOR SENATE INC,≤100
24413227922,Kamala Harris,BIDEN VICTORY FUND,≤100
1061240530648502,Joe Collins,JOE COLLINS FOR CONGRESS,≤100
1528980567353817,Love Has No Labels,Love Has No Labels with Facebook Ad Credits,≤100
7976226799,The Daily Show,Comedy Central,≤100
102671331487937,I Love My Freedom Store,I Love My Freedom,≤100
27311599342,Preemptive Love,Preemptive Love Coalition,≤100
461204744067686,Family Protection Association,Family Protection Association,≤100
1883837055193241,Shield Republic,Shield Republic,≤100
481559282597914,TrumpersUnite,Respect The Look,≤100
6500552187,Hulu,"HULU, LLC",≤100
107847454354960,Weekly American Lifestyle,Steve San,≤100
109837984127706,Kara Veit For ACHD,Kara Ann Veit,≤100
126694924050678,Xavier Becerra,Becerra for Attorney General 2022,≤100
85452072376,Newsmax,Newsmax Media,≤100
132492254050920,American AF,AAF Nation,≤100
23875187730,Feeding America,Feeding America,≤100
834645469890446,Devin Nunes,DEVIN NUNES CAMPAIGN COMMITTEE,≤100
8325302025,Friends of the Earth U.S.,Friends of the Earth,≤100
100452208447078,The Patriot Shop,John Allen Franson,≤100
221890358218748,Til Valhalla Project,Til Valhalla Project,≤100
42872222699,Dana Loesch,Dana Loesch Radio,≤100
51405613519,Focus on the Family,Focus on the Family,≤100
113666459994300,Big Dan Rodimer for Congress,RODIMER FOR CONGRESS,≤100
8492293163,Environmental Defense Fund,Environmental Defense Fund,≤100
2184331618356144,Donald Williamson for District 21,Donald Williamson for District 21,≤100
598924810530984,Keeping America Great,FamTeeWorld,≤100
100256754899828,Patriot's Cave,Patriots Cave,≤100
355316521236121,John Cornyn,TEXANS FOR SENATOR JOHN CORNYN INC.,≤100
342294162453301,Planned Parenthood,Planned Parenthood Federation of America,≤100
97493741436,John W. Hickenlooper,HICKENLOOPER FOR COLORADO,≤100
257019421075897,Cory Gardner,Cory Gardner for Senate,≤100
49651563727,Live Action,Live Action,≤100
21375324480,The Heritage Foundation,HERITAGE FOUNDATION (THE),≤100
530604487365010,Old Glory Flagpole Kits,Service First Flag Poles,≤100
106663044307859,Mike Sievert,"T-MOBILE USA, INC.",≤100
21472760578,C-SPAN,C-SPAN,≤100
393932827634250,Dissent Pins,Common Practice,≤100
605168822998856,314 Action,314 ACTION FUND,≤100
57259033959,AARP,AARP,≤100
81124177592,Planned Parenthood of the Great Northwest and the Hawaiian Islands,Planned Parenthood of the Great Northwest and Hawaiian Islands,≤100
106224464107240,Jo Jorgensen,Jo Jorgensen for President,≤100
24330467048,Americans for Prosperity,AMERICANS FOR PROSPERITY,≤100
101210588150219,Boy Scouts Abuse Claims,X Social Media LLC,≤100
6820348410,Kirsten Gillibrand,Off the Sidelines,≤100
8934429638,Planned Parenthood Action,Planned Parenthood Action Fund,≤100
629732217415068,Republican Party,Greater Half,≤100
102916288137405,The Daily Republican,USA Movements LLC,≤100
45393753416,Alliance Defending Freedom,Alliance Defending Freedom,≤100
1079789672084038,SimonBooks,Simon & Schuster,≤100
101329438317952,Story Network Action,Story Network Foundation,≤100
107210084216238,Humanity Forward,Humanity Forward,≤100
108683164271262,Patriots for Life,Grant Alan Johnston,≤100
103730928025980,Safe and Sound In 2020,Kin Ngai Yeung,≤100
140357056032320,NEA Today,National Education Association,≤100
560140464159364,Stand for the 2nd Amendment,SFT2 Tactical Supply,≤100
1836138529938551,Greater Half,Greater Half,≤100
236369846383459,Congressional Black Caucus PAC,Congressional Black Caucus PAC,≤100
1983088561745901,Mark Bost for Idaho State Senate,Mark Andrew Bost,≤100
679171239164792,Supermajority,Supermajority,≤100
167586229923327,World Food Program USA,World Food Program USA,≤100
322551718276442,Lemons Are Blue,Lockwell LLC,≤100
104684067632334,Unite the Country,UNITE THE COUNTRY,≤100
7263476274,Mercy Corps,Mercy Corps,≤100
1809078699219595,Fat Tire,"NEW BELGIUM BREWING COMPANY, INC.",≤100
46093654473,National Republican Congressional Committee,NRCC,≤100
159964696102,Kevin McCarthy,KEVIN MCCARTHY FOR CONGRESS,≤100
108273884315449,Real American Patriot,Gold Sky Ventures LLC,≤100
309798029121030,Everytown for Gun Safety,Everytown for Gun Safety Action Fund Inc,≤100
112469786315,Boise Rescue Mission Ministries,BOISE RESCUE MISSION,≤100
1336293769761923,Jon Ossoff,JON OSSOFF FOR SENATE,≤100
57218184395,Walla Walla Community College,Walla Walla Community College,≤100
178835922297833,American Clinical Laboratory Association,American Clinical Laboratory Association,≤100
103185334702225,Stop Trump PAC,STOP 45 PAC,≤100
593289284500311,Trump Rack,BOXD Marketing,≤100
87186661244,Johns Hopkins Bloomberg School of Public Health,Johns Hopkins Bloomberg School of Public Health,≤100
407664862957433,Ammar Campa-Najjar for Congress,AMMAR CAMPA-NAJJAR FOR CONGRESS,≤100
342887442508723,Convention of States,Convention of States Action,≤100
405469100189512,Still My President - Donald Trump,Red State Politics LLC,≤100
117144508670456,GUNVOTE,National Shooting Sports Foundation,≤100
14856729724,Gap,These ads ran without a disclaimer,≤100
1416776665285641,Idaho Mining Association,Idaho Mining Association,≤100
8321461609,MomsRising.org,MomsRising Education Fund,≤100
111393882812494,Amy McGrath,"AMY MCGRATH FOR SENATE, INC.",≤100
45555240203,America First Credit Union,America First Credit Union,≤100
118502801658228,Young Kim,Young Kim for Congress,≤100
15687409793,World Wildlife Fund,World Wildlife Fund,≤100
309308412520731,Sandy Hook Promise,Sandy Hook Promise,≤100
894096170667732,Ashley Hinson,Ashley Hinson For Congress,≤100
1653775244706341,C. Scott Grow for State Senate,"C. Scott Grow for Idaho, Rod Lewis, Treasurer",≤100
111892670610842,Political AF,Quyen Sanh Gip,≤100
87977452433,Zumiez,Zumiez,≤100
971668776283950,PolicyEd,Hoover Institution,≤100
30139072158,CARE,CARE,≤100
197760674021143,Indivisible Guide,INDIVISIBLE ACTION,≤100
19342050934,Leadership Institute,LEADERSHIP INSTITUTE INC,≤100
183649031658419,Boise Metro Chamber,"BOISE METRO CHAMBER OF COMMERCE, INC.",≤100
5720973755,Defenders of Wildlife,DEFENDERS OF WILDLIFE,≤100
102478061559294,Convention on Founding Principles,Convention on Founding Principles,≤100
977704775606273,Balls Deep Tackle,Balls Deep Tackle,≤100
596556607135301,The Earthling Co.,The Earthling Co.,≤100
420785874975425,Conservative Institute,The Conservative Institute,≤100
934438026690635,YouGov,YOUGOV AMERICA INC.,≤100
7833534974,Florida Democratic Party,Florida Democratic Party,≤100
114625730266879,Republican Voters Against Trump,Defending Democracy Together,≤100
245284549333866,ASMDSS,ASMDSS,≤100
101278694809805,Meme2020,Meme2020,≤100
192015461630968,Supporting Our Brave Veterans,James Brian Plouf,≤100
258470931719484,The Why Minutes,The Why Minutes,≤100
643463669628493,Public Opinion Research Group,"Public Opinion Research Group, Inc",≤100
675471506247724,Adair for Congress,ADAIR FOR CONGRESS,≤100
152264148166020,Moms Clean Air Force,Moms Clean Air Force,≤100
105995741220700,Patriots United,Le Huu Dong Huynh,≤100
111428049989,Cal Cunningham,CAL FOR NC,≤100
108029674299216,We The People,We The People,≤100
965526076802934,Native,These ads ran without a disclaimer,≤100
8047221596,Save the Children US,"SAVE THE CHILDREN FEDERATION, INC.",≤100
1316372698453411,Alexandria Ocasio-Cortez,THE SQUAD VICTORY FUND,≤100
166618413413767,Jay Sekulow,American Center for Law and Justice,≤100
110547940574501,Alexis Pickering for ACHD,Alexis Pickering for ACHD,≤100
628891490457484,Nancy Mace,Nancy Mace for Congress,≤100
219612384781411,Bloomberg Philanthropies,Bloomberg Philanthropies,≤100
100233228182981,Madison Cawthorn for Congress,CAWTHORN FOR NC,≤100
111324359048459,Dr. Roger Marshall,KANSANS FOR MARSHALL,≤100
106667854471975,Outspoken,Log Cabin Republicans,≤100
1014486318584089,Armed American Supply,Armed American Supply,≤100
169130743498585,Tactical Pro Supply,Chad Keller,≤100
586751814690068,Joni Ernst,Joni for Iowa,≤100
116534199732974,USA Carry Online,USA Carry Online,≤100
195530355493,Chicks On The Right,Chicks on the Right,≤100
6041057841,The Humane Society of the United States,"HUMANE SOCIETY OF THE UNITED STATES, THE",≤100
5435784683,Greenpeace USA,"GREENPEACE, INC.",≤100
213792049451918,Stand For America,Stand For America Inc,≤100
376776419037747,Turning Point USA,Turning Point USA,≤100
100391581727524,Defeat By Tweet,DEFEAT BY TWEET,≤100
728080537326482,The United State of Women,CIVIC NATION,≤100
72186095846,Center For American Progress Action Fund,Center for American Progress Action Fund,≤100
100415021774551,Patriotic Stances,Korie Lynn Padgett,≤100
2012750189007245,Liquid Death Mountain Water,Liquid Death,≤100
36872302227,Cory Booker,Cory Booker for Senate,≤100
20531316728,Facebook App,These ads ran without a disclaimer,≤100
16477459734,League of Conservation Voters,"LEAGUE OF CONSERVATION VOTERS, INC",≤100
112720626850415,Rudy For Congress,RUDY FOR CONGRESS,≤100
101690998009007,Improving Life Through Health,Nicolette Dalan,≤100
467804929927622,Jason Smith,JASON SMITH FOR CONGRESS,≤100
1551109418518461,The Honest Patriot,Amundson Media LLC,≤100
7860876103,Joe Biden,BIDEN FOR PRESIDENT,≤100
106949844346620,Trumpian Republicans,Gregory Lawrence Burright,≤100
223008867858902,American Action News,American Action News,≤100
105157841248307,No Filter Politics,No Filter Politics,≤100
104934207736995,Paycheck to Paycheck,Center for American Progress Action Fund,≤100
106308567506025,Moe Davis for Congress,MOE DAVIS FOR CONGRESS,≤100
51379424899,Mercy Ships,MERCY SHIPS INTERNATIONAL,≤100
107398241021186,The John Lewis Bridge Project,John Lewis Bridge Project,≤100
21559454473,FAIR,FEDERATION FOR AMERICAN IMMIGRATION REFORM,≤100
115379705206001,U.S. Department of Homeland Security Blue Campaign,DHS Blue Campaign,≤100
2185993931653388,The Recount,"Recount Media, Inc",≤100
1540549669581410,Voices for Affordable Health,Voices for Affordable Health,≤100
11791104453,NRDC,Natural Resources Defense Council,≤100
331037760381749,Sierra Magazine,SIERRA CLUB,≤100
746938465317981,Nuclear Matters,Nuclear Matters,≤100
107589664099282,Stand Up To China,"Stand Up To China, Inc.",≤100
2309566456030859,Human Coalition Action,PRO-LIFE TEXANS A HUMAN COALITION ACTION PAC,≤100
293225127381200,Patriot Depot,The Patriot Depot,≤100
83290028957,Care Net,CARE NET,≤100
129255907131113,NumbersUSA,NUMBERSUSA EDUCATION AND RESEARCH FOUNDATION,≤100
592707041080920,Stand Together,Stand Together Chamber of Commerce Inc.,≤100
655065784538368,PredictIt,"PredictIt - Prediction Markets. A project of Victoria University of Wellington, PredictIt has been established to facilitate research into the way markets forecast events.",≤100
844369892298162,Jake Ellis for District 15,Committee to elect Jake Ellis,≤100
114623860329716,Daily Positivity Newsletter,John Phillip Angelo Vergara,≤100
354851377936744,BookTV,C-SPAN,≤100
7483836629,Ancestry,Ancestry.com Operations Inc.,≤100
6787988478,Physicians for Human Rights,"PHYSICIANS FOR HUMAN RIGHTS, INC.",≤100
325578590837480,Protect Our Care,Sixteen Thirty Fund,≤100
206743952696198,Lower My Bills,"LMB OpCo, LLC",≤100
104614641200137,MeidasTouch,MEIDASTOUCH,≤100
202600839762879,I Am Pro-Life,Focus on the Family,≤100
711478725532801,Civiqs,Civiqs,≤100
101127364972509,Dems For USA,Dems For USA,≤100
296708523873754,Karla Dennis and Associates Inc.,"Karla Dennis & Associates, Inc",≤100
892673067526965,Project War Path,Project War Path,≤100
105084617912738,PatriotQuizzes,patriotquizzes.com,≤100
1443127535947107,Save the Children Action Network,Save the Children Action Network,≤100
109360297266116,Fearless Patriot,TERESA NONE OHARA-MARSH,≤100
10423517786,Harvard Business Review,HARVARD BUSINESS SCHOOL PUBLISHING CORPORATION,≤100
110018833813683,Flip the Senate,SMP,≤100
18709174006,National Audubon Society,"NATIONAL AUDUBON SOCIETY, INC.",≤100
1393911800825140,OZY,OZY Media Inc,≤100
360303722260,Kathleen Williams,KATHLEEN WILLIAMS FOR MONTANA,≤100
179513292162226,American History TV,C-SPAN,≤100
107654924064350,Pat Timmons-Goodson,PATRICIA TIMMONS-GOODSON FOR CONGRESS,≤100
163302087408673,Stop The Donald,Stop the Donald,≤100
27544763621,Prison Fellowship,Prison Fellowship,≤100
303167829786891,Ed Markey,THE MARKEY COMMITTEE,≤100
134452023239984,Human Coalition,Human Coalition,≤100
788394134539871,USPS Business,United States Postal Service,≤100
19192438096,AAAS - The American Association for the Advancement of Science,American Association for the Advancement of Science,≤100
1530883997194411,United States Constitution,Flag and Cross,≤100
108118933908193,Next Level Goods,Next Level Goods LLC,≤100
38235851310,USA for UNHCR,UNITED STATES ASSOCIATION FOR UNHCR,≤100
112735922758892,Charlie Kirk,Charlie Kirk,≤100
261663760956534,America First Policies,America First Policies Inc,≤100
345378512258813,Elise Stefanik,ELISE FOR CONGRESS,≤100
206677396413254,Abortion On Our Own Terms,Abortion On Our Own Terms,≤100
127216280686110,Ann Wagner,Ann Wagner for Congress,≤100
911828698840246,ReLEntless Defender Apparel,ReLEntless Defender Apparel,≤100
110010433804232,Falkirk Center,Falkirk Center,≤100
10498053716,Media Research Center,MEDIA RESEARCH CENTER,≤100
102781694834193,American Herald,America First Action,≤100
30708742052,FCTRY,FCTRY,≤100
224684514243482,Tom Cotton,"COTTON FOR SENATE, INC.",≤100
130467958471,Jason Lewis,Jason Lewis for Senate,≤100
103036584847574,The Good Neighbor,Brandon Vu,≤100
278487153675,Redneck Nation Clothing,Tracie Milliron Gold,≤100
101459098271864,Vets United,Jae W Seo,≤100
1917715138510680,Follow Your Legend,Legend Bracelet,≤100
15188122178,The Hamilton Collection,The Hamilton Collection,≤100
178024352559210,Great America PAC,GREAT AMERICA PAC,≤100
102592959026,Ocean Conservancy,"OCEAN CONSERVANCY, INC.",≤100
85273022315,NAMI,NAMI,≤100
103644036958,United Association,United Association Political Education Committee,≤100
6333396177,NewsBusters.org,MEDIA RESEARCH CENTER,≤100
102875587947942,Keep Trump In Office,Keep Trump In Office,≤100
42002969352,Center on Budget and Policy Priorities,Center on Budget and Policy Priorities,≤100
17911165812,Covenant House International,Covenant House,≤100
2339203789732156,Kim Mangone for Congress,COMMITTEE TO ELECT KIM MANGONE FOR CONGRESS,≤100
203852986391750,Steve Berch for Idaho,"Committee to Elect Steve Berch, Susan Eastlake, Treasurer",≤100
101593118164512,Ferro For Idaho,Ferro For Idaho,≤100
53541257714,The Arc of the United States,The Arc with Facebook Ad Credits,≤100
302182941354,AARP Advocates,AARP,≤100
209516845093,NRDC Action Fund,NRDC Action Fund,≤100
493811210669780,Creative Action Network,Creative Action Network,≤100
102617961152741,Barbara Bollier,BOLLIER FOR KANSAS,≤100
540707072979860,Brian Maryott,MARYOTT FOR CONGRESS,≤100
181924628560212,SumOfUs,SumOfUs,≤100
113266897143669,Stand To Defend,Korie Lynn Padgett,≤100
1799282383731277,TwoSeventy,Alexander Jared Deutsch,≤100
106841030944424,Christopher Matthews for Idaho,Christopher S Matthews,≤100
277414242013,Joyce Elliott for Congress,JOYCE ELLIOTT FOR CONGRESS,≤100
219247332354785,Phil Arballo for Congress,ARBALLO FOR CONGRESS,≤100
149081336362,AmeriCorps VISTA,Corporation for National and Community Service,≤100
6316744206,Jon Tester,MONTANANS FOR TESTER,≤100
44255328352,Farm Forward,Farm Forward,≤100
28510612138,Uncommon Knowledge,Hoover Institution,≤100
35169196082,Project HOPE,"PROJECT HOPE-THE PEOPLE-TO-PEOPLE HEALTH FOUNDATION, INC.",≤100
1576236875930301,Global Cyber Alliance,Global Cyber Alliance with ad credits,≤100
96171427550,Raja for Congress,FRIENDS OF RAJA FOR CONGRESS,≤100
50982313030,Food & Water Watch,Food & Water Watch,≤100
110089227413037,The Prepared Patriot,Edward Ha,≤100
215968684159,AFT - American Federation of Teachers,American Federation of Teachers,≤100
706716899745696,Women for Trump,TRUMP MAKE AMERICA GREAT AGAIN COMMITTEE,≤100
109947294143213,Republicanstorefront,Republicanstorefront.com,≤100
666901810004313,Rickey Gates,Protect Our Winters,≤100
1438808983108348,BOLD PAC,CHC BOLD PAC,≤100
215199482635728,Alek Skarlatos,ALEK FOR OREGON,≤100
10150100007820094,Wendy Davis,WENDY DAVIS FOR CONGRESS,≤100
181183059253295,Dorsal Bracelets,Dorsal Bracelets,≤100
420424547981908,In Search of Liberty,Scott Dennis Welch,≤100
298147117056532,Protect Our Water Jackson Hole,Protect our Water Jackson Hole,≤100
112488757165613,Blue Line Stockpile,Blueline Stockpile,≤100
100575810307679,VICE TV,VICE Media,≤100
110439270638992,NE1else,Time Management LLc,≤100
101481584557260,Help Asheville Bears-HAB,Heather Christina Williams,≤100
700806360047982,CFG Action,Club for Growth Action,≤100
1691667177798461,Brut,Brut,≤100
153678684700451,American Investment Council,AMERICAN INVESTMENT COUNCIL,≤100
103082061495140,Tom Crank for Wyoming,Madonna Elizabeth M Long Sw,≤100
114731213645183,Support Your Local Police,Jonathan Lee Schrock,≤100
1841824626073676,Candace Valenzuela for Congress,CANDACE FOR 24,≤100
110393153948638,Financial Help,Common Acquire,≤100
105010030848236,Bryant Cameron Webb,DR. CAMERON WEBB FOR CONGRESS,≤100
102769134675149,Evergreen Action,Evergreen Action,≤100
115364585711,Lawyers' Committee for Civil Rights Under Law,Lawyers' Committee for Civil Rights Under the Law with Facebook Ad Credits,≤100
29770886815,Marijuana Policy Project,Marijuana Policy Project,≤100
127225910653607,PragerU,These ads ran without a disclaimer,≤100
114893233534632,Taking Back America,Apse Media LLC,≤100
105536127617594,The American Digest,The American Digest,≤100
6820348410,Kirsten Gillibrand,Gillibrand for Senate,≤100
109459597525704,Living in Liberty,Korie Lynn Padgett,≤100
17203056985,Partners In Health,Partners In Health,≤100
429812024048177,Doug Jones for Senate,DOUG JONES FOR SENATE COMMITTEE,≤100
101591551371555,Fire Mitch. Save America.,SAVE AMERICA FUND,≤100
1194865807192273,Conservative Gear,Outergoods LLC,≤100
38471053686,Elizabeth Warren,"WARREN DEMOCRATS, INC.",≤100
255208337943901,Jobs Growth,"JOBS FREEDOM AND SECURITY PAC, Not authorized by any candidate or candidate’s committee.",≤100
15239367801,The Wilderness Society,"WILDERNESS SOCIETY, THE",≤100
102636677971854,Trump Is The Storm,Legendary Trump Coins,≤100
1859113087545137,Learn Everywhere,"yes. every kid, Inc.",≤100
100119981671668,Blue Senate,BLUE SENATE PAC,≤100
7962229886,Environmental Working Group,ENVIRONMENTAL WORKING GROUP,≤100
419992651425033,Guardianes del Pueblo-Consumer Law Group,Consumer Law Group,≤100
260366367717440,Committee to Protect Medicare,Committee to Protect Medicare PAC,≤100
169597416843751,Stand Up America,Stand Up America,≤100
6428288402,Kiva,KIVA MICROFUNDS,≤100
24481937944,Theodore Roosevelt Conservation Partnership,"THEODORE ROOSEVELT CONSERVATION PARTNERSHIP, INC",≤100
780941275347834,Ilhan Omar,ILHAN FOR CONGRESS,≤100
537534316395916,Students for Trump,Turning Point Action,≤100
104012084703106,One People United PAC,One People United,≤100
143089732792,Marsha Blackburn,Blackburn Tennessee Victory Fund,≤100
142992759853421,Be A Hero,BE A HERO PAC,≤100
6236054211,Brady,Brady Campaign to Prevent Gun Violence,≤100
263891677826490,Earthsider,Ryan James Martin,≤100
280704452367167,Jason Crow,JASON CROW FOR CONGRESS,≤100
2225580284361712,Tommy Tuberville,"TUBERVILLE FOR SENATE, INC.",≤100
8550121410,Free Speech America Project,MEDIA RESEARCH CENTER,≤100
58736997707,Marco Rubio,Marco Rubio for Senate,≤100
2256321067930356,Liberteeclub,libertyteeshop,≤100
408250066356,Bill O'Reilly,"Bill Me, Inc.",≤100
20876805343,March of Dimes,MARCH OF DIMES INC.,≤100
169277310432049,"Texas Precision Optics, Inc.",Texas Precision Optics Inc,≤100
165779706726,Country Music Artist Carl Ray,Carl Ray Williams,≤100
217976018236954,OutKick,Outkick Media LLC,≤100
128716440866482,Adam Milstein,Adam Milstein,≤100
111248197347176,Protect & Serve PAC,PROTECT AND SERVE PAC,≤100
19420215926,CNSNews.com,MEDIA RESEARCH CENTER,≤100
201395353943940,Boise DSA,Boise DSA,≤100
160630887998827,Let Them Live,Let Them Live,≤100
61265398450,AmeriCorps NCCC,Corporation for National and Community Service,≤100
34701792581,EWTN,Eternal Word Television Network,≤100
162493793737,Rick Green,Richard Arlin Green,≤100
1600352356914768,PushBlack,PushBlack,≤100
360424321432255,Doha Debates,Doha Debates,≤100
105943157686335,Trust Michigan Families,TRUST MICHIGAN FAMILIES,≤100
228132537208218,Tammy Duckworth,TAMMY FOR ILLINOIS,≤100
114386721939978,The Made in America Store,Made In America Store,≤100
830890360316751,Nick Hanauer,Civic Action,≤100
313097997669,StreetLightUSA,StreetLightUSA,≤100
41309865723,Democrats.com,DEMOCRATS.COM,≤100
531623043662146,Flags of Valor,Flags of Valor,≤100
253791814655400,Doug Collins,"COLLINS FOR SENATE, INC.",≤100
201956993160690,MRCTV,MEDIA RESEARCH CENTER,≤100
106445167434779,Duty and Honor,Duty and Honor,≤100
336470580233523,Pins and Aces Golf Co.,US Craft Brands LLC,≤100
112600915451330,No Labels,No Labels,≤100
173837496125511,Conscious Step,Conscious Step,≤100
102389457864860,Treehuggers Bracelets,ECOMX LLC,≤100
1084856268238034,Trump Talking,Roberto None Lugo,≤100
551158678560402,Epimonia,Epimonia LLC,≤100
143986912311328,University of Vermont Continuing and Distance Education,University of Vermont,≤100
8057376739,The Nature Conservancy,Nature Conservancy,≤100
455147011996099,The Ann and Phelim Scoop,The Unreported Story Society,≤100
610790429573292,Promises Made Promises Kept,Promises Made Promises Kept,≤100
103075334816156,UFCW Votes,UNITED FOOD AND COMMERCIAL WORKERS INTERNATIONAL UNION,≤100
288110884600563,Lean In,"Sheryl Sandberg & Dave Goldberg Family Foundation d/b/a LeanIn.Org, LLC",≤100
294508332028,Lakota People's Law Project,ROMERO INSTITUTE,≤100
339432396135584,The Exodus Road,EXODUS ROAD INC,≤100
357750373755,National Domestic Workers Alliance,National Domestic Workers Alliance,≤100
113398717117686,Beach Dogs Ltd.,Christopher James Lamos,≤100
419237048158257,Susan Collins,COLLINS FOR SENATOR,≤100
405355946226766,Todd Young,"FRIENDS OF TODD YOUNG, INC.",≤100
114822686979118,Daily Saver,Smart Market Tips,≤100
398977847323767,Texas Signal,Texas Signal Media Company,≤100
281844617168,Jewish Voice Ministries International,These ads ran without a disclaimer,≤100
272280742967944,Self-Reliance Association,These ads ran without a disclaimer,≤100
953136401464403,"Boise, ID Local - News Break",These ads ran without a disclaimer,≤100
566008736785269,Be Heard Project,Be Heard Project,≤100
69983322463,Ted Cruz,TED CRUZ FOR SENATE,≤100
192771954102960,Jordan Sekulow,American Center for Law and Justice,≤100
361960287311696,Better Medicare Alliance,"Better Medicare Alliance, Inc",≤100
683872625157265,Theresa Greenfield,THERESA GREENFIELD FOR IOWA,≤100
283950395533648,Robert Norris for Kootenai County Sheriff,Robert Brian Norris,≤100
72931140459,Center for Biological Diversity,"CENTER FOR BIOLOGICAL DIVERSITY, INC.",≤100
186932688457686,CHNGE,CHNGE,≤100
100213321426014,Northwest Gun News,Northwest Gun News,≤100
357554791340788,Liker,Omar Rivero,≤100
124626320898336,Catholic Extension,"CATHOLIC CHURCH EXTENSION SOCIETY OF THE UNITED STATES OF AMERICA, THE",≤100
26006662641,Arizona Democratic Party,Arizona Democratic Party,≤100
1526736227567131,TrueCoverage,True Coverage,≤100
999775873528189,Stopping Socialism,The Heartland Institute,≤100
213687698658,Americans for Prosperity Foundation,Americans for Prosperity Foundation,≤100
1192579580831773,Supermajority News,Supermajority,≤100
1099478666810053,Meals For Pets,Meals for Pets,≤100
23790541544,Democrats,DCCC,≤100
1658135304460341,MANG,MANG,≤100
433919203362871,Bird + Stone,BIRD & STONE INC,≤100
147983582632869,Colin Nash for Idaho,Nash for Idaho,≤100
303061950155375,John James,"JOHN JAMES FOR SENATE, INC.",≤100
465483726908192,iVote,IVote Civic Education Fund,≤100
281844617168,Jewish Voice Ministries International,JEWISH VOICE MINISTRIES INTERNATIONAL,≤100
102387244727787,Rick Just For Idaho,Committee to Elect Rick Just,≤100
291102898490822,Giant Maga Hat,Inventors club LLC,≤100
317284821682168,Messianic Jewish Alliance of America (MJAA),Messianic Jewish Alliance of America,≤100
700153177010264,Plant Based Products Council,Plant Based Products Council,≤100
126280237417420,Kootenai County Republican Central Committee,Kootenai County Republican Central Committee,≤100
101136147910784,Represent Justice,Represent Justice,≤100
248181906078243,National Institute for Civil Discourse,CommonSense American,≤100
105370081104608,Veterans for Trump,TRUMP MAKE AMERICA GREAT AGAIN COMMITTEE,≤100
1003562459729504,Transportation Nation Network,Transportation Nation Network,≤100
58158120046,ACLJ,American Center for Law and Justice,≤100
245741028804051,Barbara Sinatra Center,Barbara Sinatra Children's Center,≤100
2309566456030859,Human Coalition Action,Human Coalition Action,≤100
2078647579047586,Project Pulso,Project Pulso,≤100
112164673854264,Living Patriotically,Living Patriotically,≤100
184731548554164,PL+US,Plus Fund: Paid Leave for the United States,≤100
55549065733,Voto Latino,VOTO LATINO INC.,≤100
1224429014390746,Catalysts,Freethink,≤100
116546288359245,Heritage Action for America,HERITAGE ACTION FOR AMERICA,≤100
79125112926,Students for Life of America,"STUDENTS FOR LIFE OF AMERICA, INC.",≤100
105984667872147,Patriotic Liberty,Vivian Lam Nguyen,≤100
137746666253194,Ann Kirkpatrick,KIRKPATRICK FOR CONGRESS,≤100
130848666099,Business Forward,Business Forward Inc.,≤100
114230073701403,Jetbound Dogs,Miguel Agustin Turk,≤100
819607471729183,Dr. Al Gross for US Senate,DR. AL GROSS FOR U.S. SENATE,≤100
30914589895,The International Fellowship of Christians and Jews,"INTERNATIONAL FELLOWSHIP OF CHRISTIANS & JEWS, INC.",≤100
201248453800242,My Pay My Say,Mackinac Center for Public Policy,≤100
711909245654048,National Police Support Fund,National Police Support Fund,≤100
443329669123990,USAFacts,USAFacts Institute,≤100
607626319739286,Black Voices for Trump,TRUMP MAKE AMERICA GREAT AGAIN COMMITTEE,≤100
459278610874157,Vivo Life,These ads ran without a disclaimer,≤100
160513344045084,John Neely Kennedy,"John Kennedy for Us, Inc",≤100
110849485902,United Way,United Way Worldwide with Facebook Ad Credits,≤100
105433064492153,The Return 2020,The Return International,≤100
109111900634787,Reverend Raphael Warnock,WARNOCK FOR GEORGIA,≤100
139599847972,National Nurses United,National Nurses United,≤100
1439829396312534,The Movement for Black Lives,Movement for Black Lives,≤100
267180743723148,National Geographic Society,National Geographic Society,≤100
384557995468219,Viral Casez,Viral Casez,≤100
700941689954518,Defend Our Future,Defend Our Future,≤100
1055873511190792,Hello Resistance,Hello Resistance Apparel,≤100
159597424207730,David Perdue,PERDUE FOR SENATE,≤100
119006106155684,PI Energy,Andrew P Chung,≤100
1690071827911682,Cleancult,cleancult,≤100
34362997676,United States Holocaust Memorial Museum,UNITED STATES HOLOCAUST MEMORIAL MUSEUM,≤100
176099072429809,Oceana in Florida,OCEANA,≤100
80987211775,Bill Cassidy,Bill Cassidy for US Senate,≤100
272587737885,Logos Press,These ads ran without a disclaimer,≤100
412739549455010,Karena Reiter,PrimaDonna Reeds,≤100
46508415624,Scott Taylor,Scott Taylor for Congress 2020,≤100
90498769709,Edenpure,EdenPURE®,≤100
121626482110,Operation Smile,"OPERATION SMILE, INC.",≤100
1614690395258056,Into Action,Into Action,≤100
259212814698356,Democratic Majority for Israel,DMFI PAC,≤100
105455840860559,EagleRealm LLC,Eagle Realm,≤100
128167457221813,Public Transportation,Voices for Public Transit,≤100
402969533432277,Cisneros for Congress,CISNEROS FOR CONGRESS,≤100
101724361319410,Ronny Jackson for U.S. Congress TX-13,Texans for Ronny Jackson,≤100
102499901286348,Bold Vision P.C.,Bold Vision PC,≤100
296295018082,AARP en Español,AARP,≤100
108296990863730,Hero Action Fund,Hero Action Fund,≤100
651280068826683,A Great New Day,Trevor Barribeau,≤100
17023576156,The Leadership Conference on Civil and Human Rights,The Leadership Conference on Civil and Human Rights,≤100
169710960125365,Curzio Research,Curzio Research Inc.,≤100
83865976093,Truthout,TRUTHOUT,≤100
166738743732702,All Above All Action,All Above All Action Fund,≤100
210277954204,The Young Turks,"The Young Turks, Inc.",≤100
953113491536337,Black to the Future Action Fund,Black to the Future Action Fund,≤100
19972147679,SEIU,SEIU,≤100
203197030603239,8 Billion Trees,8 Billion Trees LLC,≤100
839073729808623,Hillary Scholten,SCHOLTEN FOR CONGRESS,≤100
123838185676931,Quinn Nystrom for Congress,Quinn Nystrom for Congress,≤100
1397799040234106,OpinionUP,OpinionUP LLC,≤100
721689044860696,OneBlinc,"BLINCLOANS, LLC",≤100
12503116997,Dennis Prager,Salem Media,≤100
102478528086004,Reading On the Left,St. Martin's Press,≤100
1476342155924546,Big Rig Threads,Big Rig T-Shirts and Decals LLC,≤100
108090464296366,Republican Patriots,I Love My Freedom,≤100
166087830076297,WebPT,WebPT,≤100
118303441570966,Home Ownership Matters,NATIONAL ASSOCIATION OF REALTORS,≤100
8936818385,Accuracy in Media,"ACCURACY IN MEDIA, INC",≤100
109729897041138,David Richter,David Richter for Congress Inc,≤100
246846192720018,War On Our Future,The Years Project,≤100
193618220508,LIFE Today,LIFE Outreach International,≤100
107248944146204,Carlos Gimenez for Congress,Carlos Gimenez for Congress,≤100
104920704636017,Doctors For Democracy,Doctors for Democracy,≤100
153278754738777,Climate Reality,The Climate Reality Project,≤100
108782680799347,Devon Viehman for Town Council,Devon Viehman for Town Council,≤100
107937014153581,Energized Health,John Jubilee Transformation LLC DBA Energized Health,≤100
2070944712939738,American Police Officers Alliance,American Police Officers Alliance,≤100
56332452163,AMA Patients Action Network,American Medical Association,≤100
116983848450009,Discovery Institute,Robert Leonard Ii Crowther,≤100
101485931485408,UNITEDemocrats,UNITEDEMOCRATS PAC,≤100
5887538795,Education Week,Education Week,≤100
113110137118723,Collectible Currency,Proud Patriots,≤100
18983389920,Open Society Foundations,Open Society Foundations,≤100
782093245218764,Qasim Rashid,RASHID FOR VA,≤100
1295279420598401,Victoria Spartz,VICTORIA SPARTZ FOR CONGRESS,≤100
188901357810995,Joe Grant - Alpine Works,Protect Our Winters,≤100
107665644228467,Conservative Journal Review,Conservative Journal Review LLC,≤100
108797534098691,Keep Gifts Great,Adrian Choi Conger,≤100
21395843375,Dialysis Patient Citizens,DIALYSIS PATIENT CITIZENS INC,≤100
107199049318619,Friends of Derek Kilmer,PEOPLE FOR DEREK KILMER,≤100
124386427623018,PeaceBeWithU,"BN Media, LLC",≤100
646594582623475,Republican Nations,wowengraving,≤100
16792125167,Jimmy Patronis,Treasure Florida PC,≤100
2176472882580975,Crusader Outlet,Crusader Marketing,≤100
1439364926329185,Animal Matters,Animal Matters,≤100
1370474066365196,F1RST WARRIOR,First Warrior,≤100
19474609238,Mercatus Center at George Mason University,Mercatus Center at George Mason University,≤100
113417460443334,The Pie Hole Workers' Union,Austin Ray Losinger-Eggiman,≤100
89324781720,Pat Toomey,Friends of Pat Toomey,≤100
101011374703725,Dr. William Figlesthaler,WILLIAM FIGLESTHALER FOR CONGRESS,≤100
36999871079,Survivors of the Abortion Holocaust,Survivors,≤100
345946329411380,Petal Soap,Jason Paul Domangue,≤100
482899722113894,Peymynt Financial,Peymynt Financial,≤100
987698164585861,Citizen Ed,Citizen Education,≤100
122894447754361,Institute for New Economic Thinking,"INSTITUTE FOR NEW ECONOMIC THINKING, THE",≤100
926650430723985,Really American,REALLY AMERICAN PAC,≤100
265045056894488,Mark Meckler,Convention of States Action,≤100
263210730984251,We Are Great Again Pac,WE ARE GREAT AGAIN PAC,≤100
202531447982,Jimmy Chin,Protect Our Winters,≤100
130936757062757,T-Mobile Workers United (TU),"COMMUNICATIONS WORKERS OF AMERICA, AFL-CIO, CLC",≤100
317667194946264,Ro Khanna,RO FOR CONGRESS INC,≤100
109709397469494,Dignity Unbound,Dignity Unbound,≤100
115757826468774,Statsigo News,Statsigo,≤100
107439427661844,Accountable Tech,Accountable Tech,≤100
785936231584382,Paula Jean Swearengin,Paula Jean for West Virginia,≤100
110798880680061,USA Strong,USA Strong,≤100
60261764250,Childhelp,"CHILDHELP, INC.",≤100
680549575421741,UnitedVoice.com,"Beachside Media, Inc.",≤100
341513602902369,CALL TO ACTIVISM,CALL TO ACTIVISM,≤100
221401431386940,Pramila Jayapal,PRAMILA FOR CONGRESS,≤100
25852730092,Care2,Care2 Inc,≤100
179909895355213,AIDS United,AIDS UNITED,≤100
112552187080266,Protecting Every Future,American Council of Life Insurers,≤100
142432192446984,David Horowitz Freedom Center,David Horowitz Freedom Center,≤100
151525932186806,When Democrats Turn Out,WHEN DEMOCRATS TURN OUT PAC,≤100
104519591175701,Jes and Reid,Jessica Marie Richardson,≤100
103653994359958,Harvard Forward,The Boarding School,≤100
112333396969405,Jim Bognet,Bognet for Congress,≤100
814260155318929,The Fairness Project,The Fairness Project,≤100
872842866161157,One Nation Design,One Nation Design,≤100
1448492385405594,Local Food Alliance,Sun Valley Institute,≤100
300992409852,Hoover Institution,Hoover Institution,≤100
342294162453301,Planned Parenthood,These ads ran without a disclaimer,≤100
1871893223101017,Representative Evan Simpson,Representative Evan Simpson,≤100
242679302418244,Denison Forum,Denison Ministries,≤100
497081420632330,Dr. Hiral Tipirneni,HIRAL FOR CONGRESS,≤100
173470656019870,The Daily Yonder,Great Stories LLC,≤100
194115677277113,A21,A21 with Facebook Ad Credits,≤100
313723095478950,The Daily Citizen,Focus on the Family,≤100
256760055231702,Beware of B,Beware of B,≤100
101164484986617,To Be Frank Show,Real News PR,≤100
2118624975095038,Stephen Daniel for Congress,STEPHEN DANIEL FOR CONGRESS,≤100
21090771700,Gun Owners of America,Gun Owners of America,≤100
111277640428691,President Donald J. Trump 2020,Trump Collections,≤100
108512875350,The Atlas Society,The Atlas Society,≤100
100123544800892,Disme Coin Company,Byron Michael Laughlin,≤100
55549065733,Voto Latino,Voto Latino with Facebook Ad Credits,≤100
1688752727861435,Brilliance Publishing,These ads ran without a disclaimer,≤100
1555039491394668,Conservation Minnesota Voter Center,CM Voter Center,≤100
8225139261,New York Republican State Committee,NEW YORK REPUBLICAN STATE COMMITTEE,≤100
8446177150,Chosen People Ministries,CHOSEN PEOPLE MINISTRIES INC,≤100
32975139631,If Americans Knew,If Americans Knew,≤100
5633824547,FreedomWorks,"FREEDOMWORKS, INC.",≤100
315151565831,Ascension,Ascension Press,≤100
219224241438635,Compassion & Choices,COMPASSION & CHOICES,≤100
77790954801,Salesian Missions,Salesian Missions,≤100
9394693002,Bloomberg LP,Bloomberg LP,≤100
212375358784914,Ed Brodsky for State Attorney,Ed Brodsky for State Attorney,≤100
101485404914361,Bad News Wares,Bad News Wares,≤100
282728185140429,Rep For Vets,The Rep For Vets,≤100
15041226930,Oxfam,"OXFAM AMERICA, INC.",≤100
94047978366,PCCC - BoldProgressives.org,PROGRESSIVE CHANGE CAMPAIGN COMMITTEE,≤100
710669049286394,Woo the People,Khosro David Illulian,≤100
129523843754764,Vote Smart,PROJECT VOTE SMART,≤100
46347342434,EMILY's List,EMILY'S LIST,≤100
1862511410671222,Dana Ferguson for US Congress,FRIENDS OF DANA FERGUSON,≤100
625163578131723,Bravely Facing Tomorrow,Gregory Inwha Park,≤100
105698674239617,Embed News,Embed News,≤100
276552284164,Columbia Riverkeeper,Columbia Riverkeeper,≤100
501845673996592,Patriotic Helping Hands,Jae W Seo,≤100
109678580574253,Politicool Clothing Co.,PolitiCoolClothing.com,≤100
272618896537776,America First Agenda,America First Agenda PAC,≤100
304058913005378,Senior and Disabled Concerns,Senior & Disabled Concerns,≤100
529154000442477,America Rising,AMERICARISINGPAC.ORG,≤100
740266592735787,Free to Be Kids,Free To Be Kids,≤100
1082522201878539,Gina Ortiz Jones for Congress,GINA ORTIZ JONES FOR CONGRESS,≤100
107995297622280,Mike Whitfield for Teton County,Mike for Teton County,≤100
333081284065216,Brynne Kennedy for Congress,BRYNNE KENNEDY FOR CONGRESS,≤100
114937555342547,Seth Abramson,Macmillan Publishing,≤100
1438882392887793,ADF Church Alliance,Alliance Defending Freedom,≤100
1545826148838592,Trump 2020,Gregory Lawrence Burright,≤100
191975737491988,Jennifer Wexton,WEXTON FOR CONGRESS,≤100
705966096110138,Luke Nelson,Protect Our Winters,≤100
112915307115298,Lynnette Grey Bull for Congress,GREY BULL FOR CONGRESS,≤100
2295062210811244,Coalition for American Veterans,COALITION FOR AMERICAN VETERANS POLITICAL ACTION COMMITTEE,≤100
104919414599745,People Over Profits,"The People Over Profits Florida, Inc.",≤100
108854430811842,Stop Pebble Mine,Stop Pebble Mine,≤100
32582320449,CMMB,CATHOLIC MEDICAL MISSION BOARD INC,≤100
113310617054164,Trump Baseball Bats,Trump Baseball Bats,≤100
1650912568481299,Front and Centered,Front and Centered,≤100
284946111858895,Debbie Mucarsel-Powell,DEBBIE FOR CONGRESS,≤100
661744180680367,National Police Association,"NATIONAL POLICE ASSOCIATION, INC.",≤100
102183258209726,Patriots for Change,PATRIOTS FOR CHANGE,≤100
249716212080256,Jim Clyburn,FRIENDS OF JIM CLYBURN,≤100
25121889784,Texas Public Policy Foundation,Texas Public Policy Foundation,≤100
169204449790211,Conservative News Today,"BizPac Review, Inc.",≤100
101525774999212,BLM,Bryan Daley,≤100
1452551204988299,GoReact,Speakworks Inc,≤100
156994304362574,American Bridge 21st Century,AB PAC,≤100
682990071843813,Center for the Study of Liberty,Center for the Study of Liberty,≤100
123963360928,SiriusXM,SIRIUS XM RADIO INC.,≤100
108506830560787,Jessica Scarane,JESS SCARANE FOR DELAWARE,≤100
434224137354568,Dr. Rich McCormick for Congress,Friends of McCormick,≤100
141692255929599,Democratic Socialists of America,DEMOCRATIC SOCIALISTS OF AMERICA INC,≤100
1683659714985244,Phil Ehr,EHR FOR CONGRESS,≤100
1388428314740793,American Mint - Coins and Medals,American Mint,≤100
931907200310657,Patients Rising Now,Patients Rising Now Inc,≤100
210357995667559,The National Memo,The National Memo,≤100
67626834312,National Women's Law Center,National Women's Law Center,≤100
2081864865362439,Mike Espy,MIKE ESPY FOR SENATE CAMPAIGN COMMITTEE,≤100
91346559231,Democratic Legislative Campaign Committee - DLCC,Democratic Legislative Campaign Committee,≤100
104910457974220,Pupper Enthusiasts Unlimited,Seanross Michael Holcomb,≤100
312657362217994,Women's Heart Alliance,Women's Heart Alliance,≤100
113157907700,National League of Cities,National League of Cities,≤100
104224114671958,Energy For Progress,The American Petroleum Institute,≤100
112420993589373,Young and Old for America,Andrew Joseph Young,≤100
115617711783870,Center for Union Facts,CENTER FOR UNION FACTS,≤100
747436915270894,Congressional Leadership Fund,CONGRESSIONAL LEADERSHIP FUND,≤100
100697751658498,Stronger.org,The Public Good Projects,≤100
1667892193505378,Hold the House,HOLD THE HOUSE PAC,≤100
142370046577999,Shahid Buttar for Congress,Shahid Buttar for Congress Committee,≤100
1977738355807406,Sharice For Congress,SHARICE FOR CONGRESS,≤100
17475614410,Hispanic Federation,Paid for by Hispanic Federation with Facebook Ad Credits,≤100
394817334402124,2020 Trump Bill,Innovative Ecomm LLC,≤100
2146201085498440,Tony Gonzales,Tony Gonzales for Congress,≤100
1925751504337881,MJ Hegar,MJ FOR TEXAS,≤100
260933440643373,UltraViolet,UltraViolet Action,≤100
104504438466,Federal Voting Assistance Program - FVAP,Federal Voting Assistance Program,≤100
341240953385902,Force Of Nature Meats,Force of Nature,≤100
9739634228,The Political Machine,"Hitcents.com, Inc",≤100
256521221031254,Spokane River Forum,Spokane River Forum - EnviroCertified,≤100
1099779163410386,John Barrasso,Friends of John Barrasso,≤100
308353252483,Kristi Noem,Kristi for Governor,≤100
174777196873,Republican Party of New Mexico,REPUBLICAN CAMPAIGN COMMITTEE OF NEW MEXICO,≤100
141901795868393,Alaska Democrats,ALASKA DEMOCRATIC PARTY,≤100
105561217523274,The_Dispatch,"Dispatch Media, Inc.",≤100
719913581472398,Napoli Shkolnik PLLC,Napoli Law,≤100
100906591716189,Beyond Patriots,Priscilla Bethany Kennedy,≤100
111970730196550,World War Zero,AMERICAN SECURITY PROJECT,≤100
417542331752173,Message,Timothy Bruce Dannunzio,≤100
2040270322863853,Tina Smith,TINA SMITH FOR MINNESOTA,≤100
657343731290262,American Freedom Fighter,American Freedom Fighter,≤100
300748678230,Tennessee Department of Economic and Community Development,Tennessee Department of Economic and Community Development,≤100
149366465128820,Nicole Galloway,Nicole Galloway for Missouri,≤100
96491683438,"The Friends of Israel Gospel Ministry, Inc.","FRIENDS OF ISRAEL GOSPEL MINISTRY, INC, THE",≤100
100401327980848,National Parents Union,National Parents Union,≤100
103877744493195,Briit Botanicals,Briit Botanicals,≤100
12683623041,Society for Human Resource Management (SHRM),SOCIETY FOR HUMAN RESOURCE MANAGEMENT,≤100
698400060189827,Dan Sullivan,Alaskans for Sullivan,≤100
101845294878676,Richard B Jones for Senate District 18,Richard Broderick Jones,≤100
292351509697,Jerusalem Prayer Team,Jerusalem Prayer Team,≤100
134444081350672,DT Frat House,DT Frat House,≤100
1497851363851721,QLMS,Quicken Loans Mortgage Services,≤100
103966331128460,Trump Train 2020 Campaign Tour,The Trump Train,≤100
294196590710262,FWD.us,FWD.us,≤100
571748412859876,Matt Rosendale,Matt Rosendale for Montana,≤100
1747132688647028,Democratic Association of Secretaries of State,Democratic Association of Secretaries of State,≤100
108152933883451,TrumpTrendz,Troy Lorenzo Davis,≤100
617818515282920,Trumpbert: a Parody of "Dilbert",Freeman Ng,≤100
108650400954148,Stopping Socialism TV,The Heartland Institute,≤100
374848446414965,Pollking,Benjamin Aaron Perlman,≤100
1852520761657982,4ocean,4ocean,≤100
117641114435,First Aid Beauty,First Aid Beauty,≤100
304750332920654,Carl DeMaio,SECURE THE BORDER SUPERPAC,≤100
39432041915,Capital Research Center,CAPITAL RESEARCH CENTER INC,≤100
167473433290992,Inequality.org,Institute for Policy Studies,≤100
543066585882629,Libertarian Country,Libertarian Country,≤100
514167322309353,Dan Crenshaw,Crenshaw For Congress,≤100
355913551109735,The Andrew Goodman Foundation,The Andrew Goodman Foundation,≤100
110316697328742,People of Seniors Housing,People of Seniors Housing,≤100
106756327769815,Stand For The Promise,Stand For The Promise,≤100
38234604057,PEN America,PEN AMERICAN CENTER INC,≤100
170591064699,Southern Poverty Law Center,"SOUTHERN POVERTY LAW CENTER, INC., THE",≤100
142836829093760,The American Constitutional Rights Union,Jorge Ernesto Amselle,≤100
158505287559920,Save the Storks,Save the Storks,≤100
151757038879920,Alyse Galvin for Congress 2020,ALYSE FOR ALASKA,≤100
167968013767335,Julie Oliver,JULIE OLIVER FOR CONGRESS,≤100
327202261326682,Stephanie Bice,Bice for Congress,≤100
1682876188698809,United for Respect,United for Respect,≤100
15771560300,Earthjustice,EARTHJUSTICE,≤100
135217359858599,Pacific Northwest Waterways Association (PNWA),Pacific Northwest Waterways Association,≤100
80060992758,Center for Food Safety,"CENTER FOR FOOD SAFETY, THE",≤100
101449688347409,Trend & Wear,These ads ran without a disclaimer,≤100
1632568446971453,Boredwalk,Boredwalk,≤100
101208514791301,Daniel Turner,Power The Future Inc,≤100
308159713150350,Voter Protection Project,VOTER PROTECTION PROJECT,≤100
165238836870566,MRC Culture,MEDIA RESEARCH CENTER,≤100
592347634460462,Partnership for America's Health Care Future,Partnership for America's Health Care Future,≤100
205395906412,UAW International Union,"INTERNATIONAL UNION, UNITED AUTOMOBILE, AEROSPACE AND AGRICULTURAL IMPLEMENT WORKERS OF AM",≤100
896759427103774,Modern Medicaid Alliance,Modern Medicaid Alliance,≤100
107624487697615,Ian Richards for Judge,"Committee to Elect Ian Richards, nonpartisan for Circuit Court Judge Group 30",≤100
79820371749,Ayanna Pressley,THE SQUAD VICTORY FUND,≤100
317894938412949,Suntory,Suntory Holdings Limited,≤100
102756811269921,Fellow Americans,Fellow Americans,≤100
123965317665623,N-Hance Wood Refinishing,N-Hance Inc.,≤100
110987110398146,Make Liberty Win PAC,MAKE LIBERTY WIN,≤100
102747281355975,This Is Our Democracy,Center for Popular Democracy Action,≤100
289213691238937,Thrasher Coffee,Thrasher Coffee Co.,≤100
2259323457517498,Abolish the Electoral College,ABOLISH THE ELECTORAL COLLEGE,≤100
21647204289,Michigan Education Association,Michigan Education Association,≤100
304062610300415,VozWire,Gregson E Mathe,≤100
1612726335627171,We the Internet TV,We the Internet TV,≤100
35715544220,Stand.earth,STAND,≤100
102771646440276,Jesus Christ Savior by Beliefnet,"BN Media, LLC",≤100
113110137118723,Collectible Currency,Christopher Walter Adams,≤100
1653251174924652,Fuzzu,Fuzzu,≤100
467503009987109,"Healthy Forests, Healthy Communities","Healthy Forests, Healthy Communities",≤100
6713653788,Gary Peters,PETERS FOR MICHIGAN,≤100
984421991732710,Paycheckology,Paycheckology,≤100
2068988876444634,Stand Up for Accurate Prenatal Answers,STAND UP FOR ACCURATE PRENATAL ANSWERS INC,≤100
612701059241880,Latinos for Trump,TRUMP MAKE AMERICA GREAT AGAIN COMMITTEE,≤100
1809715209318581,Marjorie Taylor Greene for Congress,GREENE FOR CONGRESS,≤100
1634651343331439,Project Wren,Landon Brand,≤100
319982881752525,Kara Eastman,EASTMAN FOR CONGRESS,≤100
114885646899438,Mr. 45th,Clush,≤100
207833736045744,MHAction.org,Kevin R Borden,≤100
211049239087028,Association of Young Americans,Benjamin J Brown,≤100
260713150211,Protect Our Winters,Protect Our Winters,≤100
110740242303537,CAVU,Climate Advocates Voces Unidas,≤100
69039563201,Open Doors USA,"OPEN DOORS WITH BROTHER ANDREW, INC.",≤100
1584050195202316,Barbara Bry for Mayor,Barbara Bry for San Diego Mayor 2020,≤100
103806957816376,Kat Cammack,KAT FOR CONGRESS,≤100
416913748508616,We Welcome Refugees,We Welcome Refugees,≤100
106954147689215,Just the Truth,JUST THE TRUTH POLITICAL ACTION COMMITTEE,≤100
95356211637,Ben Ferguson,Ben Ferguson show,≤100
8532248414,Wounded Warrior Project,"WOUNDED WARRIOR PROJECT, INC.",≤100