﻿Page ID,Page Name,Disclaimer,Amount Spent (USD)
7860876103,Joe Biden,BIDEN VICTORY FUND,24306
303167829786891,Ed Markey,THE MARKEY COMMITTEE,22329
309993142375589,Joe Kennedy III,KENNEDY FOR MASSACHUSETTS,6858
197760674021143,Indivisible Guide,INDIVISIBLE ACTION,5023
156968474833352,Stop Republicans,Stop Republicans,3273
634027087227772,Unite To Win,Unite to Win,2971
20787991568,Senate Democrats,DSCC,2774
111991893873039,United for Massachusetts,UNITED FOR MASSACHUSETTS,2588
355223168416491,Alex Morse for Congress,ALEX MORSE FOR CONGRESS,1999
108824017345866,Facebook,"Facebook, Inc.",1971
96935476345,Democratic Governors Association (DGA),Democratic Governors Association,1883
153080620724,Donald J. Trump,TRUMP MAKE AMERICA GREAT AGAIN COMMITTEE,1726
388547605724,Richard Neal,RICHARD E NEAL FOR CONGRESS COMMITTEE,1605
592250887586314,Jake Auchincloss,Jake Auchincloss for Congress,1493
105849717625995,Ben Sigel for Congress,BEN SIGEL FOR CONGRESS,1480
6726182861,Mike Pence,TRUMP MAKE AMERICA GREAT AGAIN COMMITTEE,1417
105756057589080,The Lincoln Project,The Lincoln Project,1402
172758932738142,PhRMA,PHARMACEUTICAL RESEARCH AND MANUFACTURERS OF AMERICA,1379
127755494595870,Progressive Takeover,PROGRESSIVE TAKEOVER,1371
106140571085743,Natalia For Congress,NATALIA LINOS FOR CONGRESS,1317
348735225520890,Becky Grossman for Congress,Becky Grossman for Congress,1286
202626512363,U.S. Census Bureau,U.S. Census Bureau,1251
470241276500901,Women Vote,WOMEN VOTE!,1177
2330577043935831,Sara Gideon,SARA GIDEON FOR MAINE,1038
1771156219840594,Team Trump,TRUMP MAKE AMERICA GREAT AGAIN COMMITTEE,998
1615018905412860,Progressive Turnout Project,PROGRESSIVE TURNOUT PROJECT,939
259130650776119,Mitch McConnell,MCCONNELL SENATE COMMITTEE,788
830121337093232,National Democratic Training Committee,NATIONAL DEMOCRATIC TRAINING COMMITTEE PAC,723
95483488591,Democratic Party of Wisconsin,DEMOCRATIC PARTY OF WISCONSIN,701
101279451606075,Democratic Strategy Institute,Democratic Strategy Institute,617
111168783611294,Jesse Mermell for Congress,THE COMMITTEE TO ELECT JESSE MERMELL,552
328072970642479,Jaime Harrison,JAIME HARRISON FOR US SENATE,550
328853823844484,Balance of Power,Balance of Power,543
277005566267077,Blueland,Blueland,534
106885790754401,Robbie for Change,THE COMMITTEE TO ELECT ROBBIE GOLDSTEIN,507
120245278015173,Pacifico Beer,"CONSTELLATION BRANDS, INC.",497
1316372698453411,Alexandria Ocasio-Cortez,Alexandria Ocasio-Cortez for Congress,439
165987503528599,Lindsey Graham,"TEAM GRAHAM, INC.",423
9324910069,NRSC,NRSC,399
2267285956849056,Donald Trump 2020 Fans,I Love My Freedom,399
109092142462587,Adam Schiff,SCHIFF FOR CONGRESS,374
602714436529710,End Citizens United,END CITIZENS UNITED,372
163148530407080,Captain Mark Kelly,MARK KELLY FOR SENATE,371
665345483483486,NRA - National Rifle Association of America,NATIONAL RIFLE ASSN OF AMERICA,334
6204742571,Sierra Club,SIERRA CLUB,332
18982436812,ACLU,American Civil Liberties Union,331
7292655492,MoveOn,MOVEON.ORG POLITICAL ACTION,328
373814729643508,Let America Vote,LET AMERICA VOTE PAC,320
100387821391085,Coalition for Safe and Secure Data,Coalition for Safe and Secure Data,304
207116385995301,Massachusetts Clean Energy Center,Timothy A Davies,304
8501031021,VoteVets.org,VOTEVETS,300
103736531150523,Phelan for Sheriff,Phelan for Sheriff,299
791543660926838,"I'll go ahead and keep my guns, Thanks",2A4LIFE LLC,287
105732744375701,Steve Bullock,MONTANANS FOR BULLOCK,262
96935476345,Democratic Governors Association (DGA),DEMOCRATIC ACTION,254
228754857151053,House Majority PAC,House Majority PAC,248
57259033959,AARP,AARP,240
176789922364429,Steve Daines,STEVE DAINES FOR MONTANA,232
106244251043808,Reuse Plastics,"AMERICAN CHEMISTRY COUNCIL, INC.",231
1571576279741760,Boston Spirit,David Zimmerman,229
111581113532778,Yes on 2: Ranked Choice Voting,Ranked Choice Voting 2020 Committee,217
8492293163,Environmental Defense Fund,Environmental Defense Fund,216
24413227922,Kamala Harris,BIDEN VICTORY FUND,204
127225910653607,PragerU,PragerU,203
104856814505092,The Kids Guide,The Kids Guide,200
2352630938293825,Mytacticalpromos,Entremax,200
449474941903579,Andrew Flowers for State Representative,Andrew Flowers for State Representative,195
345504286342057,Keeping America Great Again,RightWingGear.com,184
2353537341582545,Proud Patriots,Proud Patriots,183
311109592866662,Fund Our Future,Massachusetts Education Justice Alliance,175
103653994359958,Harvard Forward,The Boarding School,175
167586229923327,World Food Program USA,World Food Program USA,168
236369846383459,Congressional Black Caucus PAC,Congressional Black Caucus PAC,168
1336293769761923,Jon Ossoff,JON OSSOFF FOR SENATE,166
1449461518652183,4Patriots,4Patriots LLC,165
393932827634250,Dissent Pins,Common Practice,165
100678078181445,Brad Croall for Norfolk County Treasurer,Brad Croall for Norfolk County Treasurer,161
87186661244,Johns Hopkins Bloomberg School of Public Health,Johns Hopkins Bloomberg School of Public Health,154
153080620724,Donald J. Trump,"DONALD J. TRUMP FOR PRESIDENT, INC.",154
126694924050678,Xavier Becerra,Becerra for Attorney General 2022,152
221890358218748,Til Valhalla Project,Til Valhalla Project,151
7976226799,The Daily Show,Comedy Central,150
269499756522301,Seth Moulton,MOULTON FOR CONGRESS,148
8325302025,Friends of the Earth U.S.,Friends of the Earth,147
505394802931876,State Representative John Lawn,John Lawn Committee,145
717115395103069,PrintedKicks,Printed Kicks,140
8934429638,Planned Parenthood Action,Planned Parenthood Action Fund,137
101472384751854,Attorney Michael F. Walsh for Norfolk County Register of Probate,Walsh Committee,133
309308412520731,Sandy Hook Promise,Sandy Hook Promise,131
23875187730,Feeding America,Feeding America,129
103597604713894,Team Trump Store,TRUMP MAKE AMERICA GREAT AGAIN COMMITTEE,126
6820348410,Kirsten Gillibrand,Off the Sidelines,126
111749023656141,John Paul Moran For US Congress MA-6 - R,STAND WITH JOHN PAUL MORAN,125
158791100909689,Concerned Veterans for America,Concerned Veterans for America,121
92925746942,Judicial Watch,Judicial Watch,120
21472760578,C-SPAN,C-SPAN,119
675471506247724,Adair for Congress,ADAIR FOR CONGRESS,119
111428049989,Cal Cunningham,CAL FOR NC,118
114710126648118,Republican Dogs,Republican Dogs,116
7833534974,Florida Democratic Party,Florida Democratic Party,116
1489199344466547,Paul DePalo,DePalo Committee,116
224147074374068,Kevin G. Honan,Committee to ReElect Kevin G Honan,113
1528980567353817,Love Has No Labels,Love Has No Labels with Facebook Ad Credits,113
717022005384027,BIOAction,BIOTECHNOLOGY INNOVATION ORGANIZATION,111
438678183588710,Ihssane For Congress,IHSSANE FOR CONGRESS,111
104350371125616,Noel DiBona for Register of Probate Norfolk County,Committee to Elect Noel DiBona,110
10423517786,Harvard Business Review,HARVARD BUSINESS SCHOOL PUBLISHING CORPORATION,107
605168822998856,314 Action,314 ACTION FUND,107
236883347184272,Belsito for Congress,BELSITO FOR CONGRESS,106
168051710543266,Lacy Johnson,Lacy Johnson for Congress,105
149745555082419,Pioneer Institute for Public Policy Research,"Pioneer Institute, Inc.",104
125523504157200,Mike Bellotti for Norfolk County Treasurer,the Bellotti Committee,102
100256754899828,Patriot's Cave,Patriots Cave,101
569773883535039,SunLife Solar,SunLife LLC,≤100
1316372698453411,Alexandria Ocasio-Cortez,THE SQUAD VICTORY FUND,≤100
111393882812494,Amy McGrath,"AMY MCGRATH FOR SENATE, INC.",≤100
27311599342,Preemptive Love,Preemptive Love Coalition,≤100
8321461609,MomsRising.org,MomsRising Education Fund,≤100
104684067632334,Unite the Country,UNITE THE COUNTRY,≤100
7483836629,Ancestry,Ancestry.com Operations Inc.,≤100
342294162453301,Planned Parenthood,Planned Parenthood Federation of America,≤100
314499212242,Pfizer,Pfizer Inc.,≤100
275364153020286,Massachusetts Voter Table,"THIRD SECTOR NEW ENGLAND, INC.",≤100
106663044307859,Mike Sievert,"T-MOBILE USA, INC.",≤100
107210084216238,Humanity Forward,Humanity Forward,≤100
564453843735691,Timilty4Senate,Timilty Committee,≤100
407664862957433,Ammar Campa-Najjar for Congress,AMMAR CAMPA-NAJJAR FOR CONGRESS,≤100
309798029121030,Everytown for Gun Safety,Everytown for Gun Safety Action Fund Inc,≤100
1079789672084038,SimonBooks,Simon & Schuster,≤100
6500552187,Hulu,"HULU, LLC",≤100
152264148166020,Moms Clean Air Force,Moms Clean Air Force,≤100
17203056985,Partners In Health,Partners In Health,≤100
609022902623021,Senator Jim Welch,The Committee to Elect James T. Welch,≤100
7814597100,Jim Jordan for Congress,JIM JORDAN FOR CONGRESS,≤100
430384094189516,Jen Fries for State Representative,Committee to Elect Jen Fries,≤100
814882078905268,Angus McQuilken for Congress,ANGUS MCQUILKEN COMMITTEE,≤100
8047221596,Save the Children US,"SAVE THE CHILDREN FEDERATION, INC.",≤100
102182598080480,Padraic Rafferty for Governor's Council,The Rafferty Committee,≤100
2037695643113766,Blexit,Blexit Foundation,≤100
100391581727524,Defeat By Tweet,DEFEAT BY TWEET,≤100
105199626748,Massachusetts Republican Party,Massachusetts Republican Party,≤100
1061240530648502,Joe Collins,JOE COLLINS FOR CONGRESS,≤100
6041057841,The Humane Society of the United States,"HUMANE SOCIETY OF THE UNITED STATES, THE",≤100
5435784683,Greenpeace USA,"GREENPEACE, INC.",≤100
2054286024792538,It's Our Move,Barr Foundation,≤100
107171061008131,Mass Housing Coalition,Massachusetts Housing Coalition,≤100
310328405719890,Democrats for Education Reform - Massachusetts,Democrats for Education Reform Independent Expenditure PAC,≤100
97493741436,John W. Hickenlooper,HICKENLOOPER FOR COLORADO,≤100
113262676827762,Jordan Meehan for State Representative - 17th Suffolk,JORDAN MEEHAN COMMITTEE,≤100
1883837055193241,Shield Republic,Shield Republic,≤100
679171239164792,Supermajority,Supermajority,≤100
358951317539562,Katherine Clark,KATHERINE CLARK FOR CONGRESS,≤100
107654924064350,Pat Timmons-Goodson,PATRICIA TIMMONS-GOODSON FOR CONGRESS,≤100
106308567506025,Moe Davis for Congress,MOE DAVIS FOR CONGRESS,≤100
965526076802934,Native,These ads ran without a disclaimer,≤100
143986912311328,University of Vermont Continuing and Distance Education,University of Vermont,≤100
85452072376,Newsmax,Newsmax Media,≤100
36872302227,Cory Booker,Cory Booker for Senate,≤100
100137754724934,Trump 2020 Supporters,Proud Right Winger,≤100
1809078699219595,Fat Tire,"NEW BELGIUM BREWING COMPANY, INC.",≤100
7263476274,Mercy Corps,Mercy Corps,≤100
355316521236121,John Cornyn,TEXANS FOR SENATOR JOHN CORNYN INC.,≤100
346612558755323,Environmental League of Massachusetts (ELM),ELM Action Fund Independent Expenditure Political Action Committee,≤100
5720973755,Defenders of Wildlife,DEFENDERS OF WILDLIFE,≤100
103185334702225,Stop Trump PAC,STOP 45 PAC,≤100
676020619437253,Patrick McDermott for Norfolk County Sheriff,The McDermott Committee,≤100
38235851310,USA for UNHCR,UNITED STATES ASSOCIATION FOR UNHCR,≤100
114625730266879,Republican Voters Against Trump,Defending Democracy Together,≤100
7860876103,Joe Biden,BIDEN FOR PRESIDENT,≤100
834645469890446,Devin Nunes,DEVIN NUNES CAMPAIGN COMMITTEE,≤100
17911165812,Covenant House International,Covenant House,≤100
151560458967518,Mike Dooley for State Representative,The Dooley Committee,≤100
106323360959211,Patriots Republic,Matthew James Stine,≤100
132492254050920,American AF,AAF Nation,≤100
102671331487937,I Love My Freedom Store,I Love My Freedom,≤100
104828947838290,Sean Mullan for State Representative,the Mullan Committee,≤100
103075334816156,UFCW Votes,UNITED FOOD AND COMMERCIAL WORKERS INTERNATIONAL UNION,≤100
84829536902,Will Brownsberger,Will Brownsberger Committee to Elect,≤100
105577974544303,The USA Needs More Patriots,Anthony Alexander Morales,≤100
100452208447078,The Patriot Shop,John Allen Franson,≤100
100575810307679,VICE TV,VICE Media,≤100
278490715553293,Martha McSally,MCSALLY FOR SENATE INC,≤100
461204744067686,Family Protection Association,Family Protection Association,≤100
152931318114858,Jessica Giannino,Committee to Elect Jessica Giannino,≤100
112695097199217,Realtors for Grossman,National Association of REALTORS,≤100
102745147891580,Trump Coolers,Eric Clifford Juels,≤100
109379100777665,Patriotism Isn't Dead,Patriot Polling,≤100
107022520885752,Kathryn Hubley for Register of Probate,Committee to Elect Kathryn Hubley,≤100
15687409793,World Wildlife Fund,World Wildlife Fund,≤100
737686089933715,Conservative Collections,Mainline Media Group,≤100
19192438096,AAAS - The American Association for the Advancement of Science,American Association for the Advancement of Science,≤100
6236054211,Brady,Brady Campaign to Prevent Gun Violence,≤100
105577974544303,The USA Needs More Patriots,AmeriPolling,≤100
405469100189512,Still My President - Donald Trump,Red State Politics LLC,≤100
123107882828023,Realtors for Neal,National Association of REALTORS,≤100
113666459994300,Big Dan Rodimer for Congress,RODIMER FOR CONGRESS,≤100
110393153948638,Financial Help,Common Acquire,≤100
102617961152741,Barbara Bollier,BOLLIER FOR KANSAS,≤100
38471053686,Elizabeth Warren,"WARREN DEMOCRATS, INC.",≤100
30708742052,FCTRY,FCTRY,≤100
104967974458972,Brandy Fluker Oakley State Representative 12th Suffolk District,Committee to Elect Brandy Fluker Oakley,≤100
106284734147532,Ceylan Rowe for Rep,Committee to Elect Ceylan Rowe,≤100
102478061559294,Convention on Founding Principles,Convention on Founding Principles,≤100
111892670610842,Political AF,Quyen Sanh Gip,≤100
111251062245160,Rob Consalvo,Consalvo Committee,≤100
30139072158,CARE,CARE,≤100
1841824626073676,Candace Valenzuela for Congress,CANDACE FOR 24,≤100
112736695910012,Massachusetts Parents United,Massachusetts Parents United,≤100
18709174006,National Audubon Society,"NATIONAL AUDUBON SOCIETY, INC.",≤100
20531316728,Facebook App,These ads ran without a disclaimer,≤100
101278694809805,Meme2020,Meme2020,≤100
152952848171986,Dave Rogers,Committee To Elect Dave Rogers,≤100
6820348410,Kirsten Gillibrand,Gillibrand for Senate,≤100
322551718276442,Lemons Are Blue,Lockwell LLC,≤100
110018833813683,Flip the Senate,SMP,≤100
106224464107240,Jo Jorgensen,Jo Jorgensen for President,≤100
169870865277,State Representative Paul Donato,Donato Committee,≤100
24330467048,Americans for Prosperity,AMERICANS FOR PROSPERITY,≤100
107398241021186,The John Lewis Bridge Project,John Lewis Bridge Project,≤100
788394134539871,USPS Business,United States Postal Service,≤100
1041060392597763,Terrence Kennedy Governor's Councilor,Kennedy Committee,≤100
142992759853421,Be A Hero,BE A HERO PAC,≤100
123378552474,ACLU of Massachusetts,AMERICAN CIVIL LIBERTIES UNION OF MA INC,≤100
780941275347834,Ilhan Omar,ILHAN FOR CONGRESS,≤100
257019421075897,Cory Gardner,Cory Gardner for Senate,≤100
643463669628493,Public Opinion Research Group,"Public Opinion Research Group, Inc",≤100
1836138529938551,Greater Half,Greater Half,≤100
598924810530984,Keeping America Great,FamTeeWorld,≤100
219612384781411,Bloomberg Philanthropies,Bloomberg Philanthropies,≤100
119170998254402,State Representative Joe McGonagle,McGonagle Committee,≤100
35169196082,Project HOPE,"PROJECT HOPE-THE PEOPLE-TO-PEOPLE HEALTH FOUNDATION, INC.",≤100
1025055787535714,A Case for Women,A Case for Women,≤100
266365440187046,State Representative Dan Ryan,The Ryan Committee,≤100
481559282597914,TrumpersUnite,Respect The Look,≤100
49651563727,Live Action,Live Action,≤100
21375324480,The Heritage Foundation,HERITAGE FOUNDATION (THE),≤100
101210588150219,Boy Scouts Abuse Claims,X Social Media LLC,≤100
288110884600563,Lean In,"Sheryl Sandberg & Dave Goldberg Family Foundation d/b/a LeanIn.Org, LLC",≤100
46093654473,National Republican Congressional Committee,NRCC,≤100
109111900634787,Reverend Raphael Warnock,WARNOCK FOR GEORGIA,≤100
105010030848236,Bryant Cameron Webb,DR. CAMERON WEBB FOR CONGRESS,≤100
103335911290689,Joe Gravellese for State Representative,The Committee to Elect Joseph Gravellese,≤100
596556607135301,The Earthling Co.,The Earthling Co.,≤100
110439270638992,NE1else,Time Management LLc,≤100
618480098621142,Social Security Event,Robert Jared Wilkins,≤100
51379424899,Mercy Ships,MERCY SHIPS INTERNATIONAL,≤100
106094077803532,Our National Family,Patrick Le Tran,≤100
100233228182981,Madison Cawthorn for Congress,CAWTHORN FOR NC,≤100
305832706292882,American Gun Association,GunAssociation.org,≤100
327837911149503,2A4Life,2A4LIFE LLC,≤100
106818500820807,Ted Philips for State Representative,The Philips Committee,≤100
433919203362871,Bird + Stone,BIRD & STONE INC,≤100
728080537326482,The United State of Women,CIVIC NATION,≤100
356482637745012,Stansberry Research,Stansberry Research,≤100
655065784538368,PredictIt,"PredictIt - Prediction Markets. A project of Victoria University of Wellington, PredictIt has been established to facilitate research into the way markets forecast events.",≤100
1917715138510680,Follow Your Legend,Legend Bracelet,≤100
110083713907570,Justin Klekota Democratic State Committee,Friends of Justin Klekota,≤100
115379705206001,U.S. Department of Homeland Security Blue Campaign,DHS Blue Campaign,≤100
101127364972509,Dems For USA,Dems For USA,≤100
102592959026,Ocean Conservancy,"OCEAN CONSERVANCY, INC.",≤100
7962229886,Environmental Working Group,ENVIRONMENTAL WORKING GROUP,≤100
192015461630968,Supporting Our Brave Veterans,James Brian Plouf,≤100
971668776283950,PolicyEd,Hoover Institution,≤100
10150100007820094,Wendy Davis,WENDY DAVIS FOR CONGRESS,≤100
126466837372807,1199 SEIU Rhode Island,SEIU Healthcare 1199NE,≤100
530604487365010,Old Glory Flagpole Kits,Service First,≤100
1703389286598916,Rep. Nick Boldyga,The BOLDYGA CMTE,≤100
106333028376,"Nichols Kaster, PLLP",Nichols Kaster PLLP,≤100
112004280344466,Erika Uyterhoeven for State Representative,Uyterhoeven Committee,≤100
277414242013,Joyce Elliott for Congress,JOYCE ELLIOTT FOR CONGRESS,≤100
14856729724,Gap,These ads ran without a disclaimer,≤100
551158678560402,Epimonia,Epimonia LLC,≤100
110287393934484,Sharp for Somerville,Sharp for Somerville,≤100
629732217415068,Republican Party,Greater Half,≤100
110849485902,United Way,United Way Worldwide with Facebook Ad Credits,≤100
894096170667732,Ashley Hinson,Ashley Hinson For Congress,≤100
101591551371555,Fire Mitch. Save America.,SAVE AMERICA FUND,≤100
683872625157265,Theresa Greenfield,THERESA GREENFIELD FOR IOWA,≤100
100397748383486,Frank Moran for State Representative of the 17th Essex District,Committee to Elect Frank Moran,≤100
493811210669780,Creative Action Network,Creative Action Network,≤100
1443127535947107,Save the Children Action Network,Save the Children Action Network,≤100
116534199732974,USA Carry Online,USA Carry Online,≤100
156994304362574,American Bridge 21st Century,AB PAC,≤100
892673067526965,Project War Path,Project War Path,≤100
260366367717440,Committee to Protect Medicare,Committee to Protect Medicare PAC,≤100
163302087408673,Stop The Donald,Stop the Donald,≤100
6316744206,Jon Tester,MONTANANS FOR TESTER,≤100
6787988478,Physicians for Human Rights,"PHYSICIANS FOR HUMAN RIGHTS, INC.",≤100
104764834352711,Committee to Elect Steven Xiarhos,Committee to Elect Steven G. Xiarhos,≤100
592707041080920,Stand Together,Stand Together Chamber of Commerce Inc.,≤100
354851377936744,BookTV,C-SPAN,≤100
342887442508723,Convention of States,Convention of States Action,≤100
263891677826490,Earthsider,Ryan James Martin,≤100
84258068778,FIRM Action,Center for Community Change Action,≤100
475127753257885,Jarred Rose for State Senate,ROSE FOR STATE SENATE,≤100
209516845093,NRDC Action Fund,NRDC Action Fund,≤100
159964696102,Kevin McCarthy,KEVIN MCCARTHY FOR CONGRESS,≤100
17475614410,Hispanic Federation,Paid for by Hispanic Federation with Facebook Ad Credits,≤100
839073729808623,Hillary Scholten,SCHOLTEN FOR CONGRESS,≤100
21559454473,FAIR,FEDERATION FOR AMERICAN IMMIGRATION REFORM,≤100
1753205914918027,Mark Forest for County Commissioner,The Forest Committee,≤100
102916288137405,The Daily Republican,USA Movements LLC,≤100
181183059253295,Dorsal Bracelets,Dorsal Bracelets,≤100
51405613519,Focus on the Family,Focus on the Family,≤100
42872222699,Dana Loesch,Dana Loesch Radio,≤100
100119981671668,Blue Senate,BLUE SENATE PAC,≤100
16477459734,League of Conservation Voters,"LEAGUE OF CONSERVATION VOTERS, INC",≤100
104373526741700,Save Our Air Medical Resources,Save Our Air Medical Resources,≤100
1109093812491437,Blaze Media,Blaze Media LLC,≤100
72186095846,Center For American Progress Action Fund,Center for American Progress Action Fund,≤100
101136147910784,Represent Justice,Represent Justice,≤100
419237048158257,Susan Collins,COLLINS FOR SENATOR,≤100
101237551589520,Tactical Patriot,Trizzie Truong,≤100
628891490457484,Nancy Mace,Nancy Mace for Congress,≤100
109497606063007,Councilorette Damali Vidot for State Representative,Vidot Committee,≤100
325578590837480,Protect Our Care,Sixteen Thirty Fund,≤100
50982313030,Food & Water Watch,Food & Water Watch,≤100
15239367801,The Wilderness Society,"WILDERNESS SOCIETY, THE",≤100
1438808983108348,BOLD PAC,CHC BOLD PAC,≤100
219247332354785,Phil Arballo for Congress,ARBALLO FOR CONGRESS,≤100
45393753416,Alliance Defending Freedom,Alliance Defending Freedom,≤100
11791104453,NRDC,Natural Resources Defense Council,≤100
245284549333866,ASMDSS,ASMDSS,≤100
1014486318584089,Armed American Supply,Armed American Supply,≤100
87977452433,Zumiez,Zumiez,≤100
501115386681019,Christine Barber - State Representative,Committee to Elect Christine Barber,≤100
1799282383731277,TwoSeventy,Alexander Jared Deutsch,≤100
206677396413254,Abortion On Our Own Terms,Abortion On Our Own Terms,≤100
1625845784342197,Steve Owens for State Representative,Committee to Elect Steve Owens,≤100
228132537208218,Tammy Duckworth,TAMMY FOR ILLINOIS,≤100
118502801658228,Young Kim,Young Kim for Congress,≤100
107594097685647,Julie Hall for Congress,COMMITTEE TO ELECT JULIE HALL,≤100
173837496125511,Conscious Step,Conscious Step,≤100
101690998009007,Improving Life Through Health,Nicolette Dalan,≤100
934438026690635,YouGov,YOUGOV AMERICA INC.,≤100
96171427550,Raja for Congress,FRIENDS OF RAJA FOR CONGRESS,≤100
186932688457686,CHNGE,CHNGE,≤100
153678684700451,American Investment Council,AMERICAN INVESTMENT COUNCIL,≤100
390560688135747,Public Editor Press,"Public Editor Press, Inc",≤100
143918965819068,Matt Kelly for State Senate,Committee to Elect Matt Kelly,≤100
106667854471975,Outspoken,Log Cabin Republicans,≤100
1690071827911682,Cleancult,cleancult,≤100
610790429573292,Promises Made Promises Kept,Promises Made Promises Kept,≤100
85273022315,NAMI,NAMI,≤100
149081336362,AmeriCorps VISTA,Corporation for National and Community Service,≤100
15188122178,The Hamilton Collection,The Hamilton Collection,≤100
169130743498585,Tactical Pro Supply,Chad Keller,≤100
105995741220700,Patriots United,Le Huu Dong Huynh,≤100
101329438317952,Story Network Action,Story Network Foundation,≤100
181924628560212,SumOfUs,SumOfUs,≤100
296708523873754,Karla Dennis and Associates Inc.,"Karla Dennis & Associates, Inc",≤100
331037760381749,Sierra Magazine,SIERRA CLUB,≤100
131306317680000,Social Goods,"Social Goods, LLC",≤100
429812024048177,Doug Jones for Senate,DOUG JONES FOR SENATE COMMITTEE,≤100
402969533432277,Cisneros for Congress,CISNEROS FOR CONGRESS,≤100
977704775606273,Balls Deep Tackle,Balls Deep Tackle,≤100
104934207736995,Paycheck to Paycheck,Center for American Progress Action Fund,≤100
302182941354,AARP Advocates,AARP,≤100
1658135304460341,MANG,MANG,≤100
2185993931653388,The Recount,"Recount Media, Inc",≤100
482899722113894,Peymynt Financial,Peymynt Financial,≤100
104614641200137,MeidasTouch,MEIDASTOUCH,≤100
6428288402,Kiva,KIVA MICROFUNDS,≤100
53541257714,The Arc of the United States,The Arc with Facebook Ad Credits,≤100
108074177199894,Ricky Canavan-Wagner for State Representative,Canavan-Wagner Committee,≤100
23790541544,Democrats,DCCC,≤100
206743952696198,Lower My Bills,"LMB OpCo, LLC",≤100
593289284500311,Trump Rack,BOXD Marketing,≤100
140357056032320,NEA Today,National Education Association,≤100
169597416843751,Stand Up America,Stand Up America,≤100
107847454354960,Weekly American Lifestyle,Steve San,≤100
530604487365010,Old Glory Flagpole Kits,Service First Flag Poles,≤100
213687698658,Americans for Prosperity Foundation,Americans for Prosperity Foundation,≤100
630606107576189,Neighbors United Against the Recall,Committee to Elect Vanessa Alvarado,≤100
261663760956534,America First Policies,America First Policies Inc,≤100
419992651425033,Guardianes del Pueblo-Consumer Law Group,Consumer Law Group,≤100
586751814690068,Joni Ernst,Joni for Iowa,≤100
103644036958,United Association,United Association Political Education Committee,≤100
139599847972,National Nurses United,National Nurses United,≤100
267180743723148,National Geographic Society,National Geographic Society,≤100
27544763621,Prison Fellowship,Prison Fellowship,≤100
258470931719484,The Why Minutes,The Why Minutes,≤100
1530883997194411,United States Constitution,Flag and Cross,≤100
108029674299216,We The People,We The People,≤100
20876805343,March of Dimes,MARCH OF DIMES INC.,≤100
108506830560787,Jessica Scarane,JESS SCARANE FOR DELAWARE,≤100
129255907131113,NumbersUSA,NUMBERSUSA EDUCATION AND RESEARCH FOUNDATION,≤100
6713653788,Gary Peters,PETERS FOR MICHIGAN,≤100
215968684159,AFT - American Federation of Teachers,American Federation of Teachers,≤100
465483726908192,iVote,IVote Civic Education Fund,≤100
108238234243028,Matt Garlo for State Rep,Committee to Elect Matthew J Garlo,≤100
19342050934,Leadership Institute,LEADERSHIP INSTITUTE INC,≤100
203197030603239,8 Billion Trees,8 Billion Trees LLC,≤100
2187379771585316,Protect Maine's Fishing Heritage,Protect Maine's Fishing Heritage,≤100
215199482635728,Alek Skarlatos,ALEK FOR OREGON,≤100
260933440643373,UltraViolet,UltraViolet Action,≤100
202626512363,U.S. Census Bureau,These ads ran without a disclaimer,≤100
259212814698356,Democratic Majority for Israel,DMFI PAC,≤100
176099072429809,Oceana in Florida,OCEANA,≤100
118655258837074,Senator Dean A. Tran,The CTE Dean Tran,≤100
1600352356914768,PushBlack,PushBlack,≤100
34362997676,United States Holocaust Memorial Museum,UNITED STATES HOLOCAUST MEMORIAL MUSEUM,≤100
58736997707,Marco Rubio,Marco Rubio for Senate,≤100
42002969352,Center on Budget and Policy Priorities,Center on Budget and Policy Priorities,≤100
2068988876444634,Stand Up for Accurate Prenatal Answers,STAND UP FOR ACCURATE PRENATAL ANSWERS INC,≤100
154744038547070,Patrick Kearney for State Representative,Kearney Committee,≤100
108273884315449,Real American Patriot,Gold Sky Ventures LLC,≤100
117144508670456,GUNVOTE,National Shooting Sports Foundation,≤100
711478725532801,Civiqs,Civiqs,≤100
100101018155207,Paid Leave for All,Paid Leave for All a project of Hopewell Fund,≤100
293225127381200,Patriot Depot,The Patriot Depot,≤100
36474716066,Color Of Change,ColorofChange.org,≤100
420785874975425,Conservative Institute,The Conservative Institute,≤100
346612558755323,Environmental League of Massachusetts (ELM),Environmental League of Massachusetts Action Fund,≤100
103315464587143,All Access,John Leroy Soderberg,≤100
107589664099282,Stand Up To China,"Stand Up To China, Inc.",≤100
221401431386940,Pramila Jayapal,PRAMILA FOR CONGRESS,≤100
782093245218764,Qasim Rashid,RASHID FOR VA,≤100
345378512258813,Elise Stefanik,ELISE FOR CONGRESS,≤100
884042038424164,Christina Eckert for State Representative of 2nd Essex District,Campaign to Elect Christina Eckert for State Representative,≤100
26006662641,Arizona Democratic Party,Arizona Democratic Party,≤100
210277954204,The Young Turks,"The Young Turks, Inc.",≤100
1393911800825140,OZY,OZY Media Inc,≤100
376776419037747,Turning Point USA,Turning Point USA,≤100
2049170775107862,Resistance By Design,Resistance By Design,≤100
223008867858902,American Action News,American Action News,≤100
137828333383238,Ampion,Ampion Renewable Energy,≤100
115364585711,Lawyers' Committee for Civil Rights Under Law,Lawyers' Committee for Civil Rights Under the Law with Facebook Ad Credits,≤100
184731548554164,PL+US,Plus Fund: Paid Leave for the United States,≤100
243510442756370,Justice Democrats,JUSTICE DEMOCRATS PAC,≤100
174132382628906,Michael Bradley for Plymouth County Commissioner,The Committee to Elect Michael Bradley Plymouth County Commissioner,≤100
1099478666810053,Meals For Pets,Meals for Pets,≤100
108683164271262,Patriots for Life,Grant Alan Johnston,≤100
319982881752525,Kara Eastman,EASTMAN FOR CONGRESS,≤100
280704452367167,Jason Crow,JASON CROW FOR CONGRESS,≤100
142278567941,Massachusetts Teachers Association,Massachusetts Teachers Association,≤100
1439829396312534,The Movement for Black Lives,Movement for Black Lives,≤100
105943157686335,Trust Michigan Families,TRUST MICHIGAN FAMILIES,≤100
213792049451918,Stand For America,Stand For America Inc,≤100
953113491536337,Black to the Future Action Fund,Black to the Future Action Fund,≤100
2339203789732156,Kim Mangone for Congress,COMMITTEE TO ELECT KIM MANGONE FOR CONGRESS,≤100
1526736227567131,TrueCoverage,True Coverage,≤100
107439427661844,Accountable Tech,Accountable Tech,≤100
101485931485408,UNITEDemocrats,UNITEDEMOCRATS PAC,≤100
103729164764934,Massachusetts Coalition of Police Action,Massachusetts Coalition of Police,≤100
740266592735787,Free to Be Kids,Free To Be Kids,≤100
100124595113383,Victor Ashe,"William F. Buckley, Jr. Program",≤100
61265398450,AmeriCorps NCCC,Corporation for National and Community Service,≤100
1852520761657982,4ocean,4ocean,≤100
746938465317981,Nuclear Matters,Nuclear Matters,≤100
1614690395258056,Into Action,Into Action,≤100
142370046577999,Shahid Buttar for Congress,Shahid Buttar for Congress Committee,≤100
111324359048459,Dr. Roger Marshall,KANSANS FOR MARSHALL,≤100
111291717112726,Tamisha L. Civil for State Representative,Tamisha None Civil,≤100
119006106155684,PI Energy,Andrew P Chung,≤100
34701792581,EWTN,Eternal Word Television Network,≤100
357554791340788,Liker,Omar Rivero,≤100
143089732792,Marsha Blackburn,Blackburn Tennessee Victory Fund,≤100
106949844346620,Trumpian Republicans,Gregory Lawrence Burright,≤100
747783932079184,Jared Golden,COMMITTEE TO ELECT JARED GOLDEN,≤100
2225580284361712,Tommy Tuberville,"TUBERVILLE FOR SENATE, INC.",≤100
1859113087545137,Learn Everywhere,"yes. every kid, Inc.",≤100
179513292162226,American History TV,C-SPAN,≤100
166618413413767,Jay Sekulow,American Center for Law and Justice,≤100
785936231584382,Paula Jean Swearengin,Paula Jean for West Virginia,≤100
618434628811051,You Savvy Homeowners,These ads ran without a disclaimer,≤100
327702733934995,Clean Water Action Massachusetts,Clean Water Action,≤100
79820371749,Ayanna Pressley,THE COMMITTEE TO ELECT AYANNA PRESSLEY,≤100
130467958471,Jason Lewis,Jason Lewis for Senate,≤100
101525774999212,BLM,Bryan Daley,≤100
102389457864860,Treehuggers Bracelets,ECOMX LLC,≤100
216311481960,Bill Gates,Bill Gates,≤100
102499901286348,Bold Vision P.C.,Bold Vision PC,≤100
103036584847574,The Good Neighbor,Brandon Vu,≤100
111248197347176,Protect & Serve PAC,PROTECT AND SERVE PAC,≤100
252050588258952,Senator Mike Barrett,Michael J Barrett,≤100
189234534569546,Cape Clasp,Cape Clasp LLC,≤100
108296990863730,Hero Action Fund,Hero Action Fund,≤100
151757038879920,Alyse Galvin for Congress 2020,ALYSE FOR ALASKA,≤100
32582320449,CMMB,CATHOLIC MEDICAL MISSION BOARD INC,≤100
104346771140701,Kevin O'Connor for US Senate,Kevin O’Connor for US Senate,≤100
1055873511190792,Hello Resistance,Hello Resistance Apparel,≤100
706716899745696,Women for Trump,TRUMP MAKE AMERICA GREAT AGAIN COMMITTEE,≤100
2309566456030859,Human Coalition Action,PRO-LIFE TEXANS A HUMAN COALITION ACTION PAC,≤100
979720542211350,Humanize Being Black,Keyshun Quantarious Holmes,≤100
296295018082,AARP en Español,AARP,≤100
55549065733,Voto Latino,VOTO LATINO INC.,≤100
180060629247353,Elaine Luria for Congress,ELAINE FOR CONGRESS,≤100
100568104869629,Palmucci Committee,Palmucci Committee,≤100
101481584557260,Help Asheville Bears-HAB,Heather Christina Williams,≤100
1667892193505378,Hold the House,HOLD THE HOUSE PAC,≤100
103730928025980,Safe and Sound In 2020,Kin Ngai Yeung,≤100
897818990373008,Deaglan McEachern for New Hampshire,DEAGLAN MCEACHERN FOR SENATE,≤100
153278754738777,Climate Reality,The Climate Reality Project,≤100
67626834312,National Women's Law Center,National Women's Law Center,≤100
193332384941186,Elect Steve Hall,Steven Ronald Hall,≤100
41309865723,Democrats.com,DEMOCRATS.COM,≤100
166738743732702,All Above All Action,All Above All Action Fund,≤100
171287339973880,LCV Victory Fund,"LCV Victory Fund, 202-785-8683, and not authorized by any candidate or candidate’s committee",≤100
1977738355807406,Sharice For Congress,SHARICE FOR CONGRESS,≤100
102769134675149,Evergreen Action,Evergreen Action,≤100
2078647579047586,Project Pulso,Project Pulso,≤100
133371530009217,WildEarth Guardians,WildEarth Guardians,≤100
2081864865362439,Mike Espy,MIKE ESPY FOR SENATE CAMPAIGN COMMITTEE,≤100
103046977892124,Adam Christensen For Congress,ADAM J CHRISTENSEN FOR CONGRESS,≤100
115596886865018,Gift For You,These ads ran without a disclaimer,≤100
109947294143213,Republicanstorefront,Republicanstorefront.com,≤100
8057376739,The Nature Conservancy,Nature Conservancy,≤100
106245384043438,Tims For Congress,FRIENDS OF DESIREE TIMS,≤100
105428794198107,Dale Crafts,Dale Crafts for Congress,≤100
113302310024546,Medicare for All Education Initiative - MA,Kelley Caldwell Johnson,≤100
595202960622885,John F. Lally,The Committee to Elect Jack Lally,≤100
105157841248307,No Filter Politics,No Filter Politics,≤100
911828698840246,ReLEntless Defender Apparel,ReLEntless Defender Apparel,≤100
284946111858895,Debbie Mucarsel-Powell,DEBBIE FOR CONGRESS,≤100
178835922297833,American Clinical Laboratory Association,American Clinical Laboratory Association,≤100
2012750189007245,Liquid Death Mountain Water,Liquid Death,≤100
101011374703725,Dr. William Figlesthaler,WILLIAM FIGLESTHALER FOR CONGRESS,≤100
202600839762879,I Am Pro-Life,Focus on the Family,≤100
1462861433934579,Representative David DeCoste,Jason A Ross,≤100
6333396177,NewsBusters.org,MEDIA RESEARCH CENTER,≤100
502320477205654,I’m Bout Making My Ancestors Proud,Heritage Hill LLC,≤100
32975139631,If Americans Knew,If Americans Knew,≤100
249716212080256,Jim Clyburn,FRIENDS OF JIM CLYBURN,≤100
124939484209078,Langevin for Congress,LANGEVIN FOR CONGRESS,≤100
83290028957,Care Net,CARE NET,≤100
10498053716,Media Research Center,MEDIA RESEARCH CENTER,≤100
72931140459,Center for Biological Diversity,"CENTER FOR BIOLOGICAL DIVERSITY, INC.",≤100
141692255929599,Democratic Socialists of America,DEMOCRATIC SOCIALISTS OF AMERICA INC,≤100
357750373755,National Domestic Workers Alliance,National Domestic Workers Alliance,≤100
1084856268238034,Trump Talking,Roberto None Lugo,≤100
112164673854264,Living Patriotically,Living Patriotically,≤100
1571453109770170,Reclaim The American Dream,Reclaim The American Dream,≤100
100410111748859,Michael McGee for Duxbury Selectman,Committee to Elect Michael McGee,≤100
109233360799414,Catherine S. Bassick for Weston Town Moderator,Bassick4Weston,≤100
104012084703106,One People United PAC,One People United,≤100
630305224147469,Zero Debt Massachusetts,Zero Debt Massachusetts,≤100
44340057816,Uncommon Goods,UncommonGoods,≤100
136714166339952,Health In Harmony,Kristen Annette Grauer,≤100
1204754733024419,People's Power Grab,ACRONYM,≤100
832107710207069,Pam Keith FL,Committee to Elect Pam Keith,≤100
83865976093,Truthout,TRUTHOUT,≤100
253791814655400,Doug Collins,"COLLINS FOR SENATE, INC.",≤100
105084617912738,PatriotQuizzes,patriotquizzes.com,≤100
128167457221813,Public Transportation,Voices for Public Transit,≤100
1634651343331439,Project Wren,Landon Brand,≤100
12177095451,El Planeta,Carlos Jose Munoz,≤100
107225484068529,Donna Deegan for Congress,Donna Deegan For Congress,≤100
112488757165613,Blue Line Stockpile,Blueline Stockpile,≤100
217976018236954,OutKick,Outkick Media LLC,≤100
79820371749,Ayanna Pressley,THE SQUAD VICTORY FUND,≤100
7219151423,The Fund for American Studies (TFAS),The Fund for American Studies,≤100
1691667177798461,Brut,Brut,≤100
2377166239179411,Nancy Goroff for Congress,Goroff for Congress,≤100
102339101351620,Re-elect Pam Gould 4 School Board,Pam Gould for School Board,≤100
281844617168,Jewish Voice Ministries International,JEWISH VOICE MINISTRIES INTERNATIONAL,≤100
601472019907779,Latino Victory,Latino Victory,≤100
541807025833154,Malala Fund,Malala Fund,≤100
467804929927622,Jason Smith,JASON SMITH FOR CONGRESS,≤100
170591064699,Southern Poverty Law Center,"SOUTHERN POVERTY LAW CENTER, INC., THE",≤100
130848666099,Business Forward,Business Forward Inc.,≤100
538339416534398,"Adam Steiner, Framingham City Councilor",Adam Steiner,≤100
459278610874157,Vivo Life,These ads ran without a disclaimer,≤100
408250066356,Bill O'Reilly,"Bill Me, Inc.",≤100
361960287311696,Better Medicare Alliance,"Better Medicare Alliance, Inc",≤100
317284821682168,Messianic Jewish Alliance of America (MJAA),Messianic Jewish Alliance of America,≤100
46347342434,EMILY's List,EMILY'S LIST,≤100
127225910653607,PragerU,These ads ran without a disclaimer,≤100
118303441570966,Home Ownership Matters,NATIONAL ASSOCIATION OF REALTORS,≤100
700806360047982,CFG Action,Club for Growth Action,≤100
182620315479,Plan International USA,Plan International USA,≤100
195530355493,Chicks On The Right,Chicks on the Right,≤100
255208337943901,Jobs Growth,"JOBS FREEDOM AND SECURITY PAC, Not authorized by any candidate or candidate’s committee.",≤100
8532248414,Wounded Warrior Project,"WOUNDED WARRIOR PROJECT, INC.",≤100
303061950155375,John James,"JOHN JAMES FOR SENATE, INC.",≤100
102478528086004,Reading On the Left,St. Martin's Press,≤100
5887538795,Education Week,Education Week,≤100
224684514243482,Tom Cotton,"COTTON FOR SENATE, INC.",≤100
311092829640373,"Salem, Massachusetts - City Government",Michael H Sperling,≤100
2046092952294722,Lucy McBath for Congress,FRIENDS OF LUCY MCBATH,≤100
291102898490822,Giant Maga Hat,Inventors club LLC,≤100
1565570087028529,Company One Theatre,Company One Theatre,≤100
1192579580831773,Supermajority News,Supermajority,≤100
110010433804232,Falkirk Center,Falkirk Center,≤100
55549065733,Voto Latino,Voto Latino with Facebook Ad Credits,≤100
112600915451330,No Labels,No Labels,≤100
107624487697615,Ian Richards for Judge,"Committee to Elect Ian Richards, nonpartisan for Circuit Court Judge Group 30",≤100
814260155318929,The Fairness Project,The Fairness Project,≤100
556344894736772,"New England, New Energy",Resource Media,≤100
399067003454888,Sudan Relief Fund,Sudan Relief Fund Inc,≤100
123397377677195,"School of International Service, AU","School of International Service, American University",≤100
360303722260,Kathleen Williams,KATHLEEN WILLIAMS FOR MONTANA,≤100
1937171279661046,Margaret Good,MARGARET GOOD FOR CONGRESS,≤100
336470580233523,Pins and Aces Golf Co.,US Craft Brands LLC,≤100
102875587947942,Keep Trump In Office,Keep Trump In Office,≤100
116546288359245,Heritage Action for America,HERITAGE ACTION FOR AMERICA,≤100
108118933908193,Next Level Goods,Next Level Goods LLC,≤100
102781694834193,American Herald,America First Action,≤100
443329669123990,USAFacts,USAFacts Institute,≤100
178024352559210,Great America PAC,GREAT AMERICA PAC,≤100
262680017949612,Quincy Institute for Responsible Statecraft,Quincy Institute,≤100
29770886815,Marijuana Policy Project,Marijuana Policy Project,≤100
408252582872693,Daniella Levine Cava,"Daniella Levine Cava, Non-Partisan, for Miami-Dade County Mayor",≤100
101485404914361,Bad News Wares,Bad News Wares,≤100
30914589895,The International Fellowship of Christians and Jews,"INTERNATIONAL FELLOWSHIP OF CHRISTIANS & JEWS, INC.",≤100
1640970822834351,Plaine Products,Plaine Products,≤100
19474609238,Mercatus Center at George Mason University,Mercatus Center at George Mason University,≤100
48485058304,Pachamama Alliance,"PACHAMAMA ALLIANCE, THE",≤100
102636677971854,Trump Is The Storm,Legendary Trump Coins,≤100
151525932186806,When Democrats Turn Out,WHEN DEMOCRATS TURN OUT PAC,≤100
21090771700,Gun Owners of America,Gun Owners of America,≤100
245741028804051,Barbara Sinatra Center,Barbara Sinatra Children's Center,≤100
105536127617594,The American Digest,The American Digest,≤100
7341997111,Conservation International,Conservation International,≤100
2256321067930356,Liberteeclub,libertyteeshop,≤100
109678580574253,Politicool Clothing Co.,PolitiCoolClothing.com,≤100
104919414599745,People Over Profits,"The People Over Profits Florida, Inc.",≤100
159597424207730,David Perdue,PERDUE FOR SENATE,≤100
105195651016535,Meg Wheeler For State Senate,Wheeler Committee,≤100
219224241438635,Compassion & Choices,COMPASSION & CHOICES,≤100
272280742967944,Self-Reliance Association,These ads ran without a disclaimer,≤100
1082522201878539,Gina Ortiz Jones for Congress,GINA ORTIZ JONES FOR CONGRESS,≤100
719913581472398,Napoli Shkolnik PLLC,Napoli Law,≤100
102183258209726,Patriots for Change,PATRIOTS FOR CHANGE,≤100
101411555005361,Stars and Strife,David Smick "Stars and Strife",≤100
44255328352,Farm Forward,Farm Forward,≤100
342720576128068,Hugh Dunn,Hugh C Dunn,≤100
127216280686110,Ann Wagner,Ann Wagner for Congress,≤100
75353945070,Boxed Water Is Better,Boxed Water Is Better,≤100
100401327980848,National Parents Union,National Parents Union,≤100
105433064492153,The Return 2020,The Return International,≤100
15771560300,Earthjustice,EARTHJUSTICE,≤100
25852730092,Care2,Care2 Inc,≤100
105370081104608,Veterans for Trump,TRUMP MAKE AMERICA GREAT AGAIN COMMITTEE,≤100
484112108637869,Celeste Williams for Arkansas,CAMPAIGN TO ELECT CELESTE WILLIAMS,≤100
106280250950136,Attorney Courtney Madden for Register of Probate,Committee to Elect Courtney Madden,≤100
265866537068,Merrimack Valley Habitat for Humanity,"MERRIMACK VALLEY HABITAT FOR HUMANITY, INC.",≤100
195620754724,Helping Hand USA,HELPING HAND FOR RELIEF AND DEVELOPMENT INC.,≤100
455147011996099,The Ann and Phelim Scoop,The Unreported Story Society,≤100
434224137354568,Dr. Rich McCormick for Congress,Friends of McCormick,≤100
9739634228,The Political Machine,"Hitcents.com, Inc",≤100
278487153675,Redneck Nation Clothing,Tracie Milliron Gold,≤100
110468488981853,UNRWA USA,UNRWA USA,≤100
114386721939978,The Made in America Store,Made In America Store,≤100
259212814698356,Democratic Majority for Israel,Democratic Majority for Israel,≤100
117641114435,First Aid Beauty,First Aid Beauty,≤100
1632568446971453,Boredwalk,Boredwalk,≤100
112735922758892,Charlie Kirk,Charlie Kirk,≤100
69983322463,Ted Cruz,TED CRUZ FOR SENATE,≤100
24481937944,Theodore Roosevelt Conservation Partnership,"THEODORE ROOSEVELT CONSERVATION PARTNERSHIP, INC",≤100
21395843375,Dialysis Patient Citizens,DIALYSIS PATIENT CITIZENS INC,≤100
1274746369267915,Le Lion,Le Lion LLC,≤100
819607471729183,Dr. Al Gross for US Senate,DR. AL GROSS FOR U.S. SENATE,≤100
999775873528189,Stopping Socialism,The Heartland Institute,≤100
255486647814076,Penguin Kids,Penguin Random House,≤100
2309566456030859,Human Coalition Action,Human Coalition Action,≤100
7209432197,Chris Coons,CHRIS COONS FOR DELAWARE,≤100
1819658374974706,Arena,Arena PAC,≤100
1947525322184514,One Fair Wage,One Fair Wage,≤100
106954147689215,Just the Truth,JUST THE TRUTH POLITICAL ACTION COMMITTEE,≤100
109360297266116,Fearless Patriot,TERESA NONE OHARA-MARSH,≤100
248181906078243,National Institute for Civil Discourse,CommonSense American,≤100
560140464159364,Stand for the 2nd Amendment,SFT2 Tactical Supply,≤100
111702860231554,Matt Lieberman,Matt Lieberman for Senate,≤100
398977847323767,Texas Signal,Texas Signal Media Company,≤100
112915726803814,Keyes for State Rep,Keyes Committee,≤100
205395906412,UAW International Union,"INTERNATIONAL UNION, UNITED AUTOMOBILE, AEROSPACE AND AGRICULTURAL IMPLEMENT WORKERS OF AM",≤100
1452551204988299,GoReact,Speakworks Inc,≤100
134452023239984,Human Coalition,Human Coalition,≤100
103519601288034,Zannetos for Congress,Zannetos for Congress,≤100
1653251174924652,Fuzzu,Fuzzu,≤100
700941689954518,Defend Our Future,Defend Our Future,≤100
263210730984251,We Are Great Again Pac,WE ARE GREAT AGAIN PAC,≤100
515224855346579,New Politics,New Politics,≤100
394817334402124,2020 Trump Bill,Innovative Ecomm LLC,≤100
105481140904672,Core Prestige,Core Prestige,≤100
9538894955,John F. Kennedy Presidential Library and Museum,"John Fitzgerald Kennedy Library Foundation, Inc.",≤100
12683623041,Society for Human Resource Management (SHRM),SOCIETY FOR HUMAN RESOURCE MANAGEMENT,≤100
1584050195202316,Barbara Bry for Mayor,Barbara Bry for San Diego Mayor 2020,≤100
317667194946264,Ro Khanna,RO FOR CONGRESS INC,≤100
80987211775,Bill Cassidy,Bill Cassidy for US Senate,≤100
531623043662146,Flags of Valor,Flags of Valor,≤100
1425865851021246,Stephanie K. Fattman,Stephanie K Fattman,≤100
102756811269921,Fellow Americans,Fellow Americans,≤100
208355239188079,State Representative Bill Galvin,William C Galvin,≤100
90498769709,Edenpure,EdenPURE®,≤100
1224429014390746,Catalysts,Freethink,≤100
121626482110,Operation Smile,"OPERATION SMILE, INC.",≤100
19972147679,SEIU,SEIU,≤100
374848446414965,Pollking,Benjamin Aaron Perlman,≤100
431781483507232,Keep Katherine Fernandez Rundle State Attorney,"Katherine Fernandez Rundle, Democrat, for State Attorney",≤100
537534316395916,Students for Trump,Turning Point Action,≤100
109526232935380,Synthisophy,Synthisophy,≤100
598720023670599,Jennifer Carroll Foy,Jennifer Carroll Foy for Governor,≤100
94047978366,PCCC - BoldProgressives.org,PROGRESSIVE CHANGE CAMPAIGN COMMITTEE,≤100
111970730196550,World War Zero,AMERICAN SECURITY PROJECT,≤100
139837786064264,MASSterList,MASSterList,≤100
113110137118723,Collectible Currency,Christopher Walter Adams,≤100
384557995468219,Viral Casez,Viral Casez,≤100
103160196440308,Brendan Crighton,Committee to Elect Brendan Crighton,≤100
115757826468774,Statsigo News,Statsigo,≤100
1667863356625155,The Collective Super PAC,Collective Super PAC,≤100
2040270322863853,Tina Smith,TINA SMITH FOR MINNESOTA,≤100
296651664155577,Marcony Almeida Barros for Everett,Marcony A Barros,≤100
137746666253194,Ann Kirkpatrick,KIRKPATRICK FOR CONGRESS,≤100
114822686979118,Daily Saver,Smart Market Tips,≤100
241247646424302,Jahana Hayes,FRIENDS OF JAHANA HAYES,≤100
104358274526403,Kerby Roberson For Suffolk County Register Of Probate,Jamal F Taha,≤100
292351509697,Jerusalem Prayer Team,Jerusalem Prayer Team,≤100
124530924015,Hank Gilbert,HANK GILBERT FOR CONGRESS,≤100
360424321432255,Doha Debates,Doha Debates,≤100
278052172260101,ZERO TO THREE,ZERO TO THREE,≤100
327202261326682,Stephanie Bice,Bice for Congress,≤100
810122486032496,Jackie Gordon,JACKIE GORDON FOR CONGRESS,≤100
1600300510259910,For Our Future Pennsylvania,For Our Future Action Fund,≤100
152766071443309,The City University of New York,The City University of New York,≤100
107953199261156,ifaw,"INTERNATIONAL FUND FOR ANIMAL WELFARE, INC.",≤100
1551109418518461,The Honest Patriot,Amundson Media LLC,≤100
896759427103774,Modern Medicaid Alliance,Modern Medicaid Alliance,≤100
7735858972,Humane Society Legislative Fund,Humane Society Legislative Fund,≤100
103373224404755,Impact Slates,COLLECTIVE IMPACT PAC,≤100
348839551906904,Democracy in Color,POWERPAC DOT ORG,≤100
711909245654048,National Police Support Fund,National Police Support Fund,≤100
123963360928,SiriusXM,SIRIUS XM RADIO INC.,≤100
34521916336,Brent Bozell,MEDIA RESEARCH CENTER,≤100
58654176998,Patrick O'Connor,The O'Connor Committee,≤100
91346559231,Democratic Legislative Campaign Committee - DLCC,Democratic Legislative Campaign Committee,≤100
607626319739286,Black Voices for Trump,TRUMP MAKE AMERICA GREAT AGAIN COMMITTEE,≤100
1682876188698809,United for Respect,United for Respect,≤100
523266798035582,Gloucester Solar Initiative,Eric C Corwin,≤100
246846192720018,War On Our Future,The Years Project,≤100
97466887664,Innocence Project,"INNOCENCE PROJECT, INC., THE",≤100
100690044889271,Monique Worrell for State Attorney,Monique Worrell For State Attorney,≤100
106203264511020,Washington Changed Katko,DCCC,≤100
1439364926329185,Animal Matters,Animal Matters,≤100
112333396969405,Jim Bognet,Bognet for Congress,≤100
1683659714985244,Phil Ehr,EHR FOR CONGRESS,≤100
830890360316751,Nick Hanauer,Civic Action,≤100
35715544220,Stand.earth,STAND,≤100
103192667942560,Planet Solutions,"Planet Solutions Group, LLC",≤100
210357995667559,The National Memo,The National Memo,≤100
114623860329716,Daily Positivity Newsletter,John Phillip Angelo Vergara,≤100
324119001078997,"Sanford Heisler Sharp, LLP","Sanford Heisler Sharp, LLP",≤100
691207914419036,RecyclingWorks MA,RecyclingWorks in Massachusetts,≤100
114893233534632,Taking Back America,Apse Media LLC,≤100
638492549896672,Liberal Humans,Liberal Humans,≤100
341240953385902,Force Of Nature Meats,Force of Nature,≤100
111519760493851,Jasmen Rogers-Shaw,"Jasmen Rogers-Shaw, Democrat, for State House",≤100
100415021774551,Patriotic Stances,Korie Lynn Padgett,≤100
53674651369,Susan B. Anthony List,Susan B. Anthony List,≤100
79125112926,Students for Life of America,"STUDENTS FOR LIFE OF AMERICA, INC.",≤100
107581637410418,Evan Gendreau for State Representative,Gendreau Committee,≤100
103144548151014,Adrian Perkins,Perkins for LA,≤100
179909895355213,AIDS United,AIDS UNITED,≤100
2146201085498440,Tony Gonzales,Tony Gonzales for Congress,≤100
108692310594568,UNITE HERE,UNITE HERE PAC,≤100
106756327769815,Stand For The Promise,Stand For The Promise,≤100
105698674239617,Embed News,Embed News,≤100
58158120046,ACLJ,American Center for Law and Justice,≤100
6851405967,CREDO Mobile,"CREDO MOBILE, INC.",≤100
102455534898300,Face The Change,FaceTheChange.co,≤100
2259323457517498,Abolish the Electoral College,ABOLISH THE ELECTORAL COLLEGE,≤100
154894841387125,Keep America American,Keep America American,≤100
1869687273277265,Run for Something,Run For Something PAC,≤100
1497851363851721,QLMS,Quicken Loans Mortgage Services,≤100
194115677277113,A21,A21 with Facebook Ad Credits,≤100
666901810004313,Rickey Gates,Protect Our Winters,≤100
5943727453,American Humane,American Humane,≤100
186805048171120,U.S. & Texas LawShield,Texas LawShield,≤100
103851564652,Waterkeeper Alliance,WATERKEEPER ALLIANCE INC,≤100
108933640525216,Kiran For Congress,KIRAN SREEPADA FOR CONGRESS,≤100
101860178247639,Nancy-Jo Feinberg for Boca Beach & Parks Seat 3,Nancy-Jo Feinberg Campaign,≤100
21647204289,Michigan Education Association,Michigan Education Association,≤100
405355946226766,Todd Young,"FRIENDS OF TODD YOUNG, INC.",≤100
304252657027476,George Buck,"COMMITTEE TO ELECT GEORGE BUCK, PHD",≤100
110089227413037,The Prepared Patriot,Edward Ha,≤100
598394107018675,Assist the Resistance,Assist the Resistance,≤100
104469014642258,Plushie President 2020,Joshua E Livingston,≤100
308159713150350,Voter Protection Project,VOTER PROTECTION PROJECT,≤100
2133130356918764,Common Justice,COMMON JUSTICE INC,≤100
1194865807192273,Conservative Gear,Outergoods LLC,≤100
103322426424621,Jonathan Karl,Jonathan David Karl,≤100
1490352314409117,It's Pittsfield Tonight,Michael L Daly,≤100
110539227379432,Eric Pendergraft for Boca Beach and Parks Seat 5,ERIC PENDERGRAFT CAMPAIGN,≤100
1802177709900081,The Spectator US,The Spectator US,≤100
248306181862385,Live Lokai,LOKAI HOLDINGS LLC,≤100
107084894017720,Deb Busser for State Representative,Busser Committee,≤100
210820618956311,Community Change Action,Community Change Action,≤100
455595357859098,Richard DeNapoli,Richard DeNapoli for Broward Republican State Committeeman,≤100
53541257714,The Arc of the United States,"ARC OF THE UNITED STATES, INC., THE",≤100
1832744013698336,Mahogany Mommies,Mahogany Mommies,≤100
104920704636017,Doctors For Democracy,Doctors for Democracy,≤100
747436915270894,Congressional Leadership Fund,CONGRESSIONAL LEADERSHIP FUND,≤100
150681061641282,Tri-State G&T,Tri-State Generation Transmission Association Inc,≤100
193618220508,LIFE Today,LIFE Outreach International,≤100
108152933883451,TrumpTrendz,Troy Lorenzo Davis,≤100
105614507894711,Christine Crean for State Senator,CHRISTINE CREAN CTE FOR ST SENATE,≤100
201446296572389,Compassion in World Farming (USA),Compassion in World Farming USA,≤100
110828620426941,Roger Polack for Congress,ROGER FOR WISCONSIN,≤100
7642602143,Mother Jones,FOUNDATION FOR NATIONAL PROGRESS,≤100
646594582623475,Republican Nations,wowengraving,≤100
15041226930,Oxfam,"OXFAM AMERICA, INC.",≤100
123965317665623,N-Hance Wood Refinishing,N-Hance Inc.,≤100
1747132688647028,Democratic Association of Secretaries of State,Democratic Association of Secretaries of State,≤100
100123544800892,Disme Coin Company,Byron Michael Laughlin,≤100
192771954102960,Jordan Sekulow,American Center for Law and Justice,≤100
96491683438,"The Friends of Israel Gospel Ministry, Inc.","FRIENDS OF ISRAEL GOSPEL MINISTRY, INC, THE",≤100
868405419972384,The Outrage,The Outrage,≤100
116122598445644,Elect James "Chip" Harrington,James Philip Harrington,≤100
106445167434779,Duty and Honor,Duty and Honor,≤100
69039563201,Open Doors USA,"OPEN DOORS WITH BROTHER ANDREW, INC.",≤100
60261764250,Childhelp,"CHILDHELP, INC.",≤100
111237577031486,AquiPor Technologies,William Powers,≤100
165238836870566,MRC Culture,MEDIA RESEARCH CENTER,≤100
107412414404634,2020Biden,Stephen M Rakusin,≤100
306591716448427,Cindy Axne,CINDY AXNE FOR CONGRESS,≤100
107248944146204,Carlos Gimenez for Congress,Carlos Gimenez for Congress,≤100
109104833758307,CannedGood,CannedGood,≤100
107665644228467,Conservative Journal Review,Conservative Journal Review LLC,≤100
1156676274461345,Mikie Sherrill,MIKIE SHERRILL FOR CONGRESS,≤100
262774994217218,Matt Mayberry for NH,MATT MAYBERRY FOR CONGRESS,≤100
281844617168,Jewish Voice Ministries International,These ads ran without a disclaimer,≤100
190987118163092,Connected Clothing Company,Connected Clothing Company,≤100
7292655492,MoveOn,MOVEON.ORG CIVIC ACTION,≤100
601318283394626,Factinate,These ads ran without a disclaimer,≤100
112492646811151,California Census,CA Census 2020,≤100
1601467416816223,Lehigh Acres Fire Control and Rescue District,Lehigh Acres Fire Control and Rescue Department,≤100
315151565831,Ascension,Ascension Press,≤100
167968013767335,Julie Oliver,JULIE OLIVER FOR CONGRESS,≤100
1925751504337881,MJ Hegar,MJ FOR TEXAS,≤100
149366465128820,Nicole Galloway,Nicole Galloway for Missouri,≤100
103531607822207,Noticias para Inmigrantes,"Wise Rock Media, PBC",≤100
872842866161157,One Nation Design,One Nation Design,≤100
826460474101920,BitMari,Sinclair Matthew Skinner,≤100
592347634460462,Partnership for America's Health Care Future,Partnership for America's Health Care Future,≤100
1424655311129385,Proud Pour,Proud Pour,≤100
1234251319933440,Exclusive Apparel,The Dude's Threads,≤100
717417908274761,Lady Freethinker,Lady Freethinker,≤100
8550121410,Free Speech America Project,MEDIA RESEARCH CENTER,≤100
167473433290992,Inequality.org,Institute for Policy Studies,≤100
107654244332660,Back BLM,Back BLM,≤100
130945114804,World Jewish Congress,WORLD JEWISH CONGRESS AMERICAN SECTION INC,≤100
287568124699578,We Dream In Black - National Domestic Workers Alliance,National Domestic Workers Alliance,≤100
566008736785269,Be Heard Project,Be Heard Project,≤100
182723117043,Chicago Council on Global Affairs,"CHICAGO COUNCIL ON GLOBAL AFFAIRS, THE",≤100
100348124774574,Blue Realities,Blue Realities,≤100
169710960125365,Curzio Research,Curzio Research Inc.,≤100
247513720891,South Shore Progressives,Kevin R Mccarthy,≤100
540707072979860,Brian Maryott,MARYOTT FOR CONGRESS,≤100
1425435377743310,Conversations with Bill Kristol,The Foundation for Constitutional Government,≤100
124626320898336,Catholic Extension,"CATHOLIC CHURCH EXTENSION SOCIETY OF THE UNITED STATES OF AMERICA, THE",≤100
166087830076297,WebPT,WebPT,≤100
101724361319410,Ronny Jackson for U.S. Congress TX-13,Texans for Ronny Jackson,≤100
312657362217994,Women's Heart Alliance,Women's Heart Alliance,≤100
162019154641651,Deliver Liberty,Deliver Liberty,≤100
751679868274074,Hope for Students,THE EXPECTATIONS PROJECT INC,≤100
700153177010264,Plant Based Products Council,Plant Based Products Council,≤100
931907200310657,Patients Rising Now,Patients Rising Now Inc,≤100
742432405855905,Sunshine Cathedral,Darren Orlando Loli,≤100
2646326642260384,New Hampshire Senate Republicans,NH Senate Republicans PAC,≤100
355913551109735,The Andrew Goodman Foundation,The Andrew Goodman Foundation,≤100
583715925012376,Mayor Trent Staggs,Staggs for Mayor,≤100
107937014153581,Energized Health,John Jubilee Transformation LLC DBA Energized Health,≤100
282728185140429,Rep For Vets,The Rep For Vets,≤100
197669827395385,Connected Commerce Council,Connected Commerce Council,≤100
28446275521,Military Officers Association of America (MOAA),Military Officers Association of America,≤100
121033149320,American Indian College Fund,"AMERICAN INDIAN COLLEGE FUND, THE",≤100
212375358784914,Ed Brodsky for State Attorney,Ed Brodsky for State Attorney,≤100
313097997669,StreetLightUSA,StreetLightUSA,≤100
2176472882580975,Crusader Outlet,Crusader Marketing,≤100
128716440866482,Adam Milstein,Adam Milstein,≤100
25121889784,Texas Public Policy Foundation,Texas Public Policy Foundation,≤100
78420171887,Sailors for the Sea,SAILORS FOR THE SEAINC,≤100
100685395080816,The Hate Hate Brand,Hate Hate Brand,≤100
1498561767025112,Zephyr Teachout,Macmillan Publishing,≤100
1789651861157958,Values To Action,Values to Action,≤100
61288747990,Real Warriors,Real Warriors Campaign,≤100
138141366212571,Gravis Marketing,GRAVIS MARKETING INC.,≤100
300992409852,Hoover Institution,Hoover Institution,≤100
217569858071,Areva Martin,Areva Denise Martin,≤100
1413682351987764,Andy Kim for Congress,ANDY KIM FOR CONGRESS,≤100
237477017606,Club for Growth,Club for Growth,≤100
57495285387,Michael Bennet,BENNET FOR AMERICA,≤100
103877744493195,Briit Botanicals,Briit Botanicals,≤100
114937555342547,Seth Abramson,Macmillan Publishing,≤100
114301413446447,Kennebunkport Climate Initiative,Kennebunkport Climate Initiative,≤100
201956993160690,MRCTV,MEDIA RESEARCH CENTER,≤100
471928596287830,Brian Mast,Mast for Congress,≤100
105882964535390,Cats Against Trump,Cats Against Trump,≤100
2277040565894718,Roger Lolly for State Rep District 78,"Roger Lolly, Republican, for State Representative, District 78",≤100
346937065399354,Occupy Democrats,Omar Rivero,≤100
339432396135584,The Exodus Road,EXODUS ROAD INC,≤100
227535924071462,Animal Petitions,AnimalPetitions.org,≤100
416913748508616,We Welcome Refugees,We Welcome Refugees,≤100
98912141410,American Forests,American Forests,≤100
5633824547,FreedomWorks,"FREEDOMWORKS, INC.",≤100
211049239087028,Association of Young Americans,Benjamin J Brown,≤100
96159580682,Maine Democratic Party,MAINE DEMOCRATIC PARTY,≤100
138400367267,Right Scan Right Time,NATIONAL ELECTRICAL MANUFACTURERS ASSOCIATION,≤100
101888608186192,MedicalCommunitynet,Medical Community LLC,≤100
219870771412213,Raquel Regalado,Raquel Regalado Campaign,≤100
265043653699570,Dan Feltes,Friends of Feltes,≤100
153477354680659,Fair World Project,Fair World Project,≤100
108862184052039,ROMTech,"ROM Technologies, Inc.",≤100
122360425094991,Nasty Woman Cosmetics,Nasty Woman Cosmetics,≤100
455051657910840,Piper Perabo,COLLECTIVE IMPACT PAC,≤100
341513602902369,CALL TO ACTIVISM,CALL TO ACTIVISM,≤100
113266897143669,Stand To Defend,Korie Lynn Padgett,≤100
984421991732710,Paycheckology,Paycheckology,≤100
56332452163,AMA Patients Action Network,American Medical Association,≤100
294508332028,Lakota People's Law Project,ROMERO INSTITUTE,≤100
619476781405015,Billings Fire Fighters,Billings Firefighters IAFF Local 521,≤100
612701059241880,Latinos for Trump,TRUMP MAKE AMERICA GREAT AGAIN COMMITTEE,≤100
1476342155924546,Big Rig Threads,Big Rig T-Shirts and Decals LLC,≤100
72565633140,Soles4Souls,"SOLES4SOULS, INC.",≤100
116688383113415,Ray Sandelli,"Ray Sandelli, Republican, For Lee County Commission District 3",≤100
102846434825096,Beat Abbott,Beat Abbott PAC,≤100
112420993589373,Young and Old for America,Andrew Joseph Young,≤100
113891694102,Energy Citizens,AMERICAN PETROLEUM INSTITUTE,≤100
1741729849281711,Uber & Lyft Sexual Assault Attorneys,Safer America,≤100
475456956305422,All Voting Is Local,Leadership Conference Education Fund,≤100
109459597525704,Living in Liberty,Korie Lynn Padgett,≤100
217187838327836,The Story Exchange,The Story Exchange Foundation,≤100
497348647140658,Point Source Youth,Point Source Youth,≤100
154269528015922,Byron Donalds,Byron Donalds for Congress,≤100
107737287674245,Elect Colette Aufranc,Elect Colette Aufranc,≤100
468906559794011,LaunchGood,LaunchGood Inc.,≤100
169042736456594,All Out,All Out Action Fund.,≤100
128342200512304,Cultural Heritage Partners,CULTURAL HERITAGE PARTNERS PLLC,≤100
304750332920654,Carl DeMaio,SECURE THE BORDER SUPERPAC,≤100
2072638396208222,Adam's Nest,"PTOWNLOVESHACK, LLC DBA Adam's Nest",≤100
115617711783870,Center for Union Facts,CENTER FOR UNION FACTS,≤100
497081420632330,Dr. Hiral Tipirneni,HIRAL FOR CONGRESS,≤100
131942223874,1776 United,These ads ran without a disclaimer,≤100
317894938412949,Suntory,Suntory Holdings Limited,≤100
242679302418244,Denison Forum,Denison Ministries,≤100
19420215926,CNSNews.com,MEDIA RESEARCH CENTER,≤100
101164484986617,To Be Frank Show,Real News PR,≤100
101853374572717,Retirement U,Robert Jared Wilkins,≤100
304062610300415,VozWire,Gregson E Mathe,≤100
1536587453277219,Dr. Steve Turley,Turley Talks LLC,≤100
151560458967518,Mike Dooley for State Representative,Michael E Dooley,≤100
8446177150,Chosen People Ministries,CHOSEN PEOPLE MINISTRIES INC,≤100
102771646440276,Jesus Christ Savior by Beliefnet,"BN Media, LLC",≤100
202531447982,Jimmy Chin,Protect Our Winters,≤100
102139218008846,King Nation Apparel,King Nation Apparel,≤100
232201568659,Pacific Justice Institute,PACIFIC JUSTICE INSTITUTE,≤100
203330919857759,All On The Line,National Redistricting Action Fund,≤100
661744180680367,National Police Association,"NATIONAL POLICE ASSOCIATION, INC.",≤100
1545826148838592,Trump 2020,Gregory Lawrence Burright,≤100
116565033114715,Jean-Pierre Bado for Florida State House Representative - 114,"Jean-Pierre Bado, Democrat, for Florida House 114",≤100
543066585882629,Libertarian Country,Libertarian Country,≤100
333081284065216,Brynne Kennedy for Congress,BRYNNE KENNEDY FOR CONGRESS,≤100
290851614930809,Combat AntiSemitism,Combat Anti-Semitism,≤100
49275915266,Marie Stopes International,MSI-US,≤100
28510612138,Uncommon Knowledge,Hoover Institution,≤100
222811984421691,Cold Bee Gone,Joyce K C None Dales,≤100
114885646899438,Mr. 45th,Clush,≤100
1397799040234106,OpinionUP,OpinionUP LLC,≤100
808450969246896,"Rebecca Walser, Tax Attorney, CFP",Walser Wealth Management,≤100
28126338304,Surfrider Foundation,"SURFRIDER FOUNDATION, INC",≤100
50711561090,Muslim Advocates,MUSLIM ADVOCATES,≤100
1399736660066130,Jews for a Secular Democracy,Society for Humanistic Judaism,≤100
304058913005378,Senior and Disabled Concerns,Senior & Disabled Concerns,≤100
682990071843813,Center for the Study of Liberty,Center for the Study of Liberty,≤100
110987110398146,Make Liberty Win PAC,MAKE LIBERTY WIN,≤100
105474831199070,Stop GOP Gerrymandering,National Democratic Redistricting Committee,≤100
106346337836782,People for Community Equality,People for Community Equality,≤100
664770743730817,Dan Feehan for Congress,FRIENDS OF DAN FEEHAN,≤100
124386427623018,PeaceBeWithU,"BN Media, LLC",≤100
112334757233941,Right to Telehealth,Jeremy Joseph Schaller,≤100
300748678230,Tennessee Department of Economic and Community Development,Tennessee Department of Economic and Community Development,≤100
109584730766616,Chris Pratt for Judge,THE COMMITTEE OF RESPONSIBLE PERSONS TO ELECT CHRIS PRATT.,≤100
322175261815187,Cindy Lerner for District 7,Cindy Lerner Campaign for County Commision District 7,≤100
1612726335627171,We the Internet TV,We the Internet TV,≤100
105287044367027,ObsessedwithTrump,Donald Lee Rowan,≤100
614134231980299,Veterans Empowered To Protect African Wildlife,VETPAW INC,≤100
243399129090445,Christina Hale,HOOSIERS FOR HALE,≤100
289213691238937,Thrasher Coffee,Thrasher Coffee Co.,≤100
100805938005815,Committee to Elect Evan Frayman,Committee to Elect Evan Frayman for Judge,≤100
1642386799323957,Angie Craig,ANGIE CRAIG FOR CONGRESS,≤100
17023576156,The Leadership Conference on Civil and Human Rights,The Leadership Conference on Civil and Human Rights,≤100
100697751658498,Stronger.org,The Public Good Projects,≤100
925007000949719,ExxonMobil,Exxon Mobil Corporation,≤100
73970658023,International Rescue Committee,International Rescue Committee,≤100
103983379801,Texas Democratic Party,Texas Democratic Party,≤100
160513344045084,John Neely Kennedy,"John Kennedy for Us, Inc",≤100
162493793737,Rick Green,Richard Arlin Green,≤100
104504438466,Federal Voting Assistance Program - FVAP,Federal Voting Assistance Program,≤100
17801244148,Jill Schupp,SCHUPP FOR CONGRESS,≤100
513695272011123,The Genesis Prize,These ads ran without a disclaimer,≤100
125319303823,Champlain College,Champlain College Incorporated,≤100
102825963097158,Every Child Matters,Every Child Matters Education Fund,≤100
690998164395556,Elders Climate Action - Massachusetts Chapter,Michael J Sales,≤100
1438882392887793,ADF Church Alliance,Alliance Defending Freedom,≤100
272587737885,Logos Press,These ads ran without a disclaimer,≤100
195435017689344,Mindi For NH,Mindi 4 NH,≤100
39432041915,Capital Research Center,CAPITAL RESEARCH CENTER INC,≤100
2070944712939738,American Police Officers Alliance,American Police Officers Alliance,≤100
101176014673943,Michelle for Kansas,MICHELLE FOR KANSAS,≤100
1050474972008396,Bryan Berghoef for Congress,BRYAN BERGHOEF FOR CONGRESS,≤100
129523843754764,Vote Smart,PROJECT VOTE SMART,≤100
105561217523274,The_Dispatch,"Dispatch Media, Inc.",≤100
27544763621,Prison Fellowship,Brandon Anders Larsen,≤100
412739549455010,Karena Reiter,PrimaDonna Reeds,≤100
294196590710262,FWD.us,FWD.us,≤100
106085647854120,Steve Merolla,Steven Merolla for Rhode Island Senate,≤100
926650430723985,Really American,REALLY AMERICAN PAC,≤100
300774350436838,Topplr,Data Genomix,≤100
112552187080266,Protecting Every Future,American Council of Life Insurers,≤100
102959799834968,Diane Mitsch Bush for Colorado,DIANE FOR COLORADO CD3,≤100
194016141090830,Jon Morgan for NH,Friends of Jon Morgan,≤100
166166843531258,National Council of Resistance of Iran - شورای ملی مقاومت ایران,MEK-Iran (Saeid Saadati),≤100
77273593330,Hillel International,HILLEL THE FOUNDATION FOR JEWISH CAMPUS LIFE,≤100
2165983337048601,LeverforChange,Lever for Change,≤100
105455840860559,EagleRealm LLC,Eagle Realm,≤100
579300342209417,Oliver Gilbert,"Oliver Gilbert, Non-Partisan, for Miami-Dade County Commission Dist 1",≤100
112164420360029,Amy Morrin Bello,Amy for State Rep,≤100
10897453188,Operation Mobilization - OM USA,"OPERATION MOBILIZATION USA, INC.",≤100
100724721707100,David J Place,David Place Place,≤100
105293274456590,Yale Forward,The Boarding School Inc,≤100
135997359926517,SSDC Services,Jefery James Wenzel,≤100
115531376769341,Fighting For Justice,Fighting for Justice PAC,≤100
179145905973075,Sophie Ratner Jewelry,Sophie Ratner Jewelry,≤100
18983389920,Open Society Foundations,Open Society Foundations,≤100
80060992758,Center for Food Safety,"CENTER FOR FOOD SAFETY, THE",≤100
105008227886379,MOEF,Mask On Every Face,≤100
59254639983,Boston Medical Center,BOSTON MEDICAL CENTER,≤100
709491732434343,שורת הדין - Shurat HaDin,Israel Law Center,≤100
100699775058659,Education Now NC,Education Now,≤100
109999504104074,Voting Spree,Voting Spree LLC,≤100
36999871079,Survivors of the Abortion Holocaust,Survivors,≤100
105835711208027,The Progressive List,THE PROGRESSIVE LIST,≤100
237400249787995,OLLI: the Osher Lifelong Learning Institute at Berkshire Community College,Osher Lifelong Learning Institute at Berkshire Community College,≤100
101352851565699,Somos PAC,SOMOS PAC,≤100
113310617054164,Trump Baseball Bats,Trump Baseball Bats,≤100
122894447754361,Institute for New Economic Thinking,"INSTITUTE FOR NEW ECONOMIC THINKING, THE",≤100
1962432260715827,Kindhumans,Kindhumans,≤100
469609533112889,iDisciple,iDisciple,≤100
214002058736436,Unite America,UNITE AMERICA,≤100
475456956305422,All Voting Is Local,The Leadership Conference on Civil and Human Rights,≤100
105031414415024,Francis Malofiy,Francis Malofiy,≤100
182079698493370,Portside,Portside,≤100
168109446538119,St. Martin's Press,Macmillan Publishing,≤100
107199049318619,Friends of Derek Kilmer,PEOPLE FOR DEREK KILMER,≤100
28068665077,American Academy of PAs,American Academy of PAs,≤100
265045056894488,Mark Meckler,Convention of States Action,≤100
2373206389409646,Bill O'Brien,Bill O'Brien for State Representative,≤100
175068270105,Seattle's Union Gospel Mission,SEATTLE'S UNION GOSPEL MISSION,≤100
107523875954231,Danny Davis,Protect Our Winters,≤100
109709397469494,Dignity Unbound,Dignity Unbound,≤100
2113400635561647,Andrea Mitchell Center for the Study of Democracy,Andrea Mitchell Center for the Study of Democracy at the University of Pennsylvania,≤100
1482824668760736,Two Trumps and a Lie,Seth Griffin,≤100
8225139261,New York Republican State Committee,NEW YORK REPUBLICAN STATE COMMITTEE,≤100
264732694387733,She's All That Shop,She's All That,≤100
354329797956187,The Catholic Association,"The Catholic Association, Inc",≤100
243498882520314,FoodFinder,"FOODFINDER, INC.",≤100
105566824535889,Floridians for Ethics and Truth in Politics,Floridians for Ethics and Truth in Politics,≤100
111648480319494,800DEMOCRAT,800DEMOCRAT,≤100
107710887461480,Yes on 109,Yes on IP 34,≤100
1712381442314346,STAND League,Church of Scientology International,≤100
54787697857,Ron Wyden,WYDEN FOR SENATE,≤100
17432811417,Working Families Party,Working Families Party,≤100
9694956217,Animal Legal Defense Fund,ANIMAL LEGAL DEFENSE FUND,≤100
197409086964019,Berggruen Institute,NICOLAS BERGGRUEN INSTITUTE LLC,≤100
53727956260,Republican Jewish Coalition,Republican Jewish Coalition,≤100
141786816970,Cruise Lines International Association - CLIA,Cruise Lines International Association,≤100
1059320777468378,David Kustoff,Kustoff for Congress,≤100
108650400954148,Stopping Socialism TV,The Heartland Institute,≤100
2133734536646325,United Conservatives for Florida,United Conservatives for Florida,≤100
1099779163410386,John Barrasso,Friends of John Barrasso,≤100
112325855474892,Speak Up For Education and Kids,National Education Association,≤100
112556903649130,Louder Than Hate,"Louder Than Hate, LLC",≤100
133979276345,Georgia Farm Bureau,"GEORGIA FARM BUREAU FEDERATION, INC.",≤100
220972125208178,Conservative Leadership Fund,Conservative Leadership Fund,≤100
207833736045744,MHAction.org,Kevin R Borden,≤100
44224524016,American Kidney Fund,"AMERICAN KIDNEY FUND, INC.",≤100
109204670507727,The Deep,The Deep,≤100
114319561948157,PCRF - Palestine Children's Relief Fund,Palestine Children's Relief Fund,≤100
132732160104163,Ford Foundation,"FORD FOUNDATION, THE",≤100
550622028319900,Headlock Press,Headlock Press,≤100
1691091571125390,Representative Shevrin Jones,"Shevrin Jones, Democrat for Florida Senate, District 35",≤100
722773964462723,Rebel ShakeDown,Joshua Zachariah B Ullrich,≤100
104910457974220,Pupper Enthusiasts Unlimited,Seanross Michael Holcomb,≤100
107780810930681,Citizen Action,"Citizen Action, Inc.",≤100
21492729544,Catholic Relief Services,CATHOLIC RELIEF SERVICES - UNITED STATES CONFERENCE OF CATHOLIC BISHOPS,≤100
102970113093477,Church Militant/St. Michael’s Media,Max Aldcander Douglas,≤100
105298561237754,We Are The Vocal Majority,We Are The Vocal Majority,≤100
357484764271265,Dustin Stockton,Dustin Alan Stockton,≤100
107638384248580,Our America,Bryant Wayne Young,≤100
79047202856,People's World,People's World,≤100
118178241651488,DSPolitical,"DSPolitical, LLC",≤100
276708266084189,Ray Dalio,"Principles, LLC",≤100
1155390824615147,Anne Brady-Romero for Clerk,Friends of Anne,≤100
1028908663935923,Americans for Fair Treatment,Americans For Fair Treatment,≤100
24470472733,The Trevor Project,The Trevor Project,≤100
281312429284144,Tees Distributions,Tees Distributions,≤100
467790593780990,Ray Rodrigues For State Senate,"Ray Rodrigues, Republican, for State Senate",≤100
1400371370253041,Eagan Immigration,Eagan Immigration,≤100
705966096110138,Luke Nelson,Protect Our Winters,≤100
114279880005275,"Maureen Porras for State Representative, 105","Maureen Porras, Democrat, for Florida House 105",≤100
134571176638205,One Tree Planted,One Tree Planted,≤100
1402827079932843,Low Income Relief,The Lighthouse Information Network LLC,≤100
165734163437699,"Little, Brown and Company","Hachette Book Group, Inc.",≤100
304750332920654,Carl DeMaio,Reform California,≤100
392403244214360,"Grace Farms, CT","Grace Farms Foundation, Inc.",≤100
464292670410321,Claudia Tenney for Congress,TENNEY FOR CONGRESS,≤100
2426111570952383,Frontlines,Frontlines,≤100
100492918060703,RegiStart,RegiStart,≤100
113398717117686,Beach Dogs Ltd.,Christopher James Lamos,≤100
883208795067655,The Climate Museum,The Climate Museum,≤100
101778774946739,Grinninggift.com,These ads ran without a disclaimer,≤100
546497545399440,ASEC - African Sisters Education Collaborative,African Sisters Education Collaborative,≤100
16792125167,Jimmy Patronis,Treasure Florida PC,≤100
114209360263932,On Point with Rachel Tourgeman,Rachel Tourgeman,≤100
109551610742579,Judge Dale Cohen,"Dale Cohen, Non-Partisan, for Circuit Court Judge Group 30",≤100
109970477058557,Rick LoCastro,Rick LoCastro for County Commissioner,≤100
1679521432262834,Physicians Grassroots Network,American Medical Association,≤100
44705166993,Vote.org,Vote.Org,≤100
100330571635948,Virtual Care for Families,URGENT CARE FOR KIDS LLC,≤100
103307491159169,Heyboy,Heyboy,≤100
64206021703,National Committee to Preserve Social Security and Medicare,NATIONAL COMMITTE TO PRESERVE SOCIAL SECURITY AND MEDICARE,≤100
1629925673968109,Refuse Fascism,Refuse Fascism,≤100
151944694884237,"Solidarity Strategies, LLC",Solidarity Strategies,≤100
325896334774311,Richie Jackson,Target Marketing Digital,≤100
254943996005,Catholic Answers,"CATHOLIC ANSWERS, INC.",≤100
234628203317767,Made for Freedom,Made for Freedom,≤100
147772599162878,Mary's Meals USA,Diane Driscoll,≤100
111306296902469,Child Care Providers United,SERVICE EMPLOYEES INTERNATIONAL UNION,≤100
345946329411380,Petal Soap,Jason Paul Domangue,≤100
12784656483,Union Rescue Mission,Union Rescue Mission,≤100
279890513018,Islamic Networks Group - ING,"ISLAMIC NETWORKS, INC.",≤100
145856919176812,BridgeTower Media,BridgeTower Media,≤100
160630887998827,Let Them Live,Let Them Live,≤100
260668817346988,Ignite National,IGNITE,≤100
460002281235040,"Mike Giallombardo For State Representative, District 77",Mike Giallombardo Campaign,≤100
1555039491394668,Conservation Minnesota Voter Center,CM Voter Center,≤100
299295363912730,New Politics Leadership Academy,New Politics Leadership Academy,≤100
2082869332042511,Hope4Orcas,Hope4Orcas,≤100
113110137118723,Collectible Currency,Proud Patriots,≤100
1709411425966576,Trump Store America,SPALDING GROUP INC,≤100
170918006892,G.I. Jobs,Victory Media DBA GI Jobs,≤100
243968462785604,The Oxford Outlaw,Outlawed Productions LLC,≤100
134597023235240,Rashida Tlaib,THE SQUAD VICTORY FUND,≤100
103022784417075,NOW,NOW Company,≤100
193675533982095,Ryan Chamberlin,Ryan Chamberlin for Congress,≤100
1862142560544227,Green Estate Goods,Green Estate Goods LLC,≤100
748581838608026,Alex Mendez for State Senate,Alex Mendez for State Senate,≤100
104653064566281,Judge Natasha DePrimo,"Judge Natasha DePrimo, Non-Partisan, for Broward County Court Judge Group 31",≤100
362835977563117,Craig Thompson for NH,Craig Thompson for NH,≤100
1800072483402009,African Community & Conservation Foundation,African Community & Conservation Foundation,≤100
400836083800145,Effct.org,Effct LLC,≤100
227594571444676,Building New York's Best,"Carpenter Contractor Alliance of Metropolitan New York, Inc.",≤100
66811656656,Seminole County Democratic Party,Seminole County Democratic Party,≤100
148945835171697,"Immigration Law Offices of Hadley Bajramovic, PC",Immigration Law Offices of Hadley Bajramovic,≤100
100224128362301,"Casey Mills for County Court Judge, Group 22","Casey Mills, Non-Partisan, for County Court Judge Group 22",≤100
134444081350672,DT Frat House,DT Frat House,≤100
49059279814,Institute for Justice,INSTITUTE FOR JUSTICE,≤100
103526514708833,Lou Gargiulo for NH State Senate District 24,Friends of Lou Gargiulo PAC,≤100
122671561263552,Committee for Better Banks,"COMMUNICATIONS WORKERS OF AMERICA, AFL-CIO, CLC",≤100
24425672689,Museum of the City of New York,Museum of the City of New York,≤100
1486604288305133,Happy Earth Apparel,Happy Earth LLC,≤100
150322194563,PASA Primates: Pan African Sanctuary Alliance,PAN AFRICAN SANCTUARIES ALLIANCE,≤100
209046616332309,Xochitl for Congress,XOCHITL FOR NEW MEXICO,≤100
1290536624348001,Informed Immigrant,FWD.us Education Fund,≤100
11918108948,African Wildlife Foundation,AFRICAN WILDLIFE FOUNDATION,≤100
1576236875930301,Global Cyber Alliance,Global Cyber Alliance with ad credits,≤100
102449671140258,Joshua Rydell for State Attorney,"Joshua Rydell, Democrat, for State Attorney",≤100
116983848450009,Discovery Institute,Robert Leonard Ii Crowther,≤100
178299885562976,Climate Nexus,Climate Nexus - Rockefeller Philanthropy Advisors Sponsored Project,≤100
2118624975095038,Stephen Daniel for Congress,STEPHEN DANIEL FOR CONGRESS,≤100
262905633727,Los Angeles Mission,"Los Angeles Mission, Inc.",≤100
1139806362718939,Trafalgar Group,The Trafalgar Group,≤100
375301089246439,Thom Tillis,THOM TILLIS COMMITTEE,≤100
18017481462,Acton Institute,Acton Institute,≤100
109729897041138,David Richter,David Richter for Congress Inc,≤100
106552837793761,Reviving Mind,Reviving Mind,≤100
276131699084792,YWAM Los Angeles,YWAM Los Angeles,≤100
298708404269033,Touch Of Life Foundation,Medhnaa Saran,≤100
129403184999,Matt Nye,"Matt Nye, Republican for Florida House, District 52",≤100
657708380952174,Voices of the Civil Rights Movement,Comcast,≤100
103581791255718,Gepsie Metellus,"Gepsie Metellus, Non-Partisan, for Miami-Dade County Commissioner District 3",≤100
121750354532995,Yale Program on Climate Change Communication,Yale Program on Climate Change Communication,≤100
698400060189827,Dan Sullivan,Alaskans for Sullivan,≤100
575321976494027,Good Government for Florida Inc.,Good Government for Florida,≤100
1323161541032507,For Our Future FL,For Our Future Action Fund,≤100
110588273989071,Joe's Joe,Joes Joe LLC,≤100
8321461609,MomsRising.org,MomsRising Together,≤100
1003562459729504,Transportation Nation Network,Transportation Nation Network,≤100
172552106115265,Patheos Evangelical,Patheos Evangelical,≤100
422008131240977,Equality Florida Action PAC,EQUALITY FLORIDA ACTION PAC INC,≤100
207549645977714,Families Belong Together,Families Belong Together,≤100
1945837408977507,Michael Moates,-MICHAEL STEVEN MOATES,≤100
108512875350,The Atlas Society,The Atlas Society,≤100
116238930177726,Artsiful,Brad Aaron Shaw,≤100
1166660030079480,National Democratic Redistricting Committee,National Democratic Redistricting Committee,≤100
160245817034,Texas Civil Rights Project,Texas Civil Rights Project,≤100
1765073800454902,Reform Austin,Reform Austin Inc.,≤100
2406972266252679,BloombergLaw,"BUREAU OF NATIONAL AFFAIRS, INC., THE",≤100
332905134021585,Joe Harding for State Representative,Joe Harding for State Representative,≤100
32724694233,Howard Brown Health,Howard Brown Health,≤100
100906591716189,Beyond Patriots,Priscilla Bethany Kennedy,≤100
165566613453452,ERLC,ETHICS AND RELIGIOUS LIBERTY COMMISSION OF THE SOUTHERN BAPTIST,≤100
106508764399374,Bob Clegg for Executive Council,Periklis None Karoutas,≤100
264774890721566,Clear Energy Alliance,Clear Energy Alliance,≤100
227764782729,AMERICAN - STRONG!,American Strong LLC,≤100
13187955196,Young Americans for Liberty,Young Americans for Liberty,≤100
633017507209226,"Kaylee Tuck for Florida House of Representatives, District 55",Kaylee Tuck for Florida House of Representatives,≤100
101531967333745,Dotie Joseph,"Dotie Joseph, Democrat, for State House",≤100
145022042990911,MEK Iran,MEK-Iran (Saeid Saadati),≤100
175716473032461,MamaP,MamaP,≤100
102747281355975,This Is Our Democracy,Center for Popular Democracy Action,≤100
71945223065,Diamond Resorts,Diamond Resorts,≤100
117513180002579,John Shallman,Target Marketing Digital,≤100
122150409780,UC San Diego,University of California San Diego,≤100
102161004838994,Melissa Gould for Judge,Melissa Gould for Judge,≤100
157307331013957,The History List,The History List,≤100
101322804991434,Friends of Eliseo Santana,Friends of Eliseo Santana,≤100
106890801114065,Right Wing Maga,Right Wing Maga,≤100
271113386295157,The Equity Project (TEP) Charter School,"EQUITY PROJECT CHARTER SCHOOL, THE",≤100
625163578131723,Bravely Facing Tomorrow,Gregory Inwha Park,≤100
1272534336242476,World101,Council on Foreign Relations,≤100
482100658584410,We Stand For Energy,"EDISON ELECTRIC INSTITUTE, INC.",≤100
114386721939978,The Made in America Store,Anthony Michael Falbo,≤100
657343731290262,American Freedom Fighter,American Freedom Fighter,≤100
104784143701,Al Lawson for Congress,AL LAWSON FOR CONGRESS,≤100
451224838781405,Patriot Baby,Eric Todd Hunter,≤100
175403889150682,FindLaw.com,FindLaw Consumer,≤100
107618675933249,Coalition for Smarter Growth,the Coalition for Smarter Growth,≤100
142474049098533,Robert Reich,Inequality Media,≤100
1653885501501009,Propeller,Propeller Enterprises,≤100
6165653060,AFSCME,AMERICAN FEDERATION OF STATE COUNTY & MUNICIPAL EMPLOYEES,≤100
296093157932840,The Fulcrum,The Fulcrum,≤100
157810487611661,Freethink,Freethink,≤100
1549009352000546,SchiffGold,SchiffGold,≤100
1229789977123022,Debbie Lesko for Congress,DEBBIE LESKO FOR CONGRESS,≤100
376363932383532,Faith in Place,FAITH IN PLACE,≤100
175149559508478,TreeDiaper,Zynnovation LLC,≤100
11024050756,Bioneers,Bioneers,≤100
130306157002399,Versus Sports Simulator,Versus Sports Simulator,≤100
142432192446984,David Horowitz Freedom Center,David Horowitz Freedom Center,≤100
129278807814364,Women of Welcome,Welcome.,≤100
102964924453030,Kristy Gnibus,KRISTY FOR CONGRESS,≤100
107928417637208,Trickle-Down Socialism: the Podcast,"Trickle-Down Socialism, the Podcast",≤100
198923770576,Annie Kuster,"KUSTER FOR CONGRESS, INC",≤100
14038292386,Women for Women International,WOMEN FOR WOMEN INTERNATIONAL,≤100
792140450890876,Roger Eaton for Charlotte County Clerk of the Circuit Court,Roger Eaton,≤100
2023942721161526,Foundation Trust,DANTE DIESO FOUNDATION TR,≤100
18813753280,Human Rights Campaign,"HUMAN RIGHTS CAMPAIGN, INC.",≤100
7091561785,Evanescence,HEAD COUNT INC,≤100
101553758210575,The CT Strategist Report w / Daniel Kent Newmyer,Daniel Kent Newmyer,≤100
1145019702185006,Alliance for Safety and Justice,Alliance for Safety and Justice,≤100
228229007697380,Down Home North Carolina,Down Home North Carolina IE PAC,≤100
36372698072,FosterClub,"FOSTERCLUB, INC.",≤100
10331123781,Special Olympics,Special Olympics Inc,≤100
1127581437405717,Bumbler - The Boba Tea Tumbler,Bumbler LLC,≤100
169277310432049,"Texas Precision Optics, Inc.",Texas Precision Optics Inc,≤100
113720910190816,Santi Parks for Bossier City Judge,Committee to Elect Santi Parks,≤100
2255535767896743,Mark Robinson for N.C.,Mark Robinson for NC,≤100
146302435441616,City Councilor Orlando Ramos,Orlando None Ramos,≤100
2223151871134889,Trump45Merch,Thomas Charles Granack,≤100
1295279420598401,Victoria Spartz,VICTORIA SPARTZ FOR CONGRESS,≤100
291260461373618,News and News,News and News,≤100
313723095478950,The Daily Citizen,Focus on the Family,≤100
922580991129339,People's Mojahedin Organization of Iran - MEK IRAN,MEK-Iran (Saeid Saadati),≤100
680549575421741,UnitedVoice.com,"Beachside Media, Inc.",≤100
944885865692767,Trumpy Dumpty,Rebel Games LLC,≤100
104339194296642,SOCIAL NOSTRA,Social Nostra,≤100
1772437266382039,Black Buck Apparel,Black Buck Apparel,≤100
221631014637468,Look Human,"Print Syndicate, Inc.",≤100
111277640428691,President Donald J. Trump 2020,Trump Collections,≤100
104243792943104,Saybrook University,TCS Education System,≤100
48818254473,Alexander Street,PROQUEST LLC,≤100
312208869424760,Field Team 6,Cory Cambridge Alpert,≤100
215597072336005,Vote Cynthia Smith,Cynthia Darlene Smith,≤100
109340900833581,Priscilla Whisenant Trace,Priscilla Whisenant Trace,≤100
59543893235,National Constitution Center,National Constitution Center,≤100
102665201399226,Current Science Daily,Metric Media LLC,≤100
102455491417600,Calm Down Caren,John A Rosano,≤100
144176402370987,Karamu House,KARAMU HOUSE INC,≤100
174905503013610,Harley Rouda,HARLEY ROUDA FOR CONGRESS,≤100
104420831061627,Helsepartiet RIngerike,These ads ran without a disclaimer,≤100
8936818385,Accuracy in Media,"ACCURACY IN MEDIA, INC",≤100
107107693152888,Anthropocene Alliance,ANTHROPOCENE ALLIANCE,≤100
113679093412163,Ed Hunzeker,Ed Hunzeker,≤100
420424547981908,In Search of Liberty,Scott Dennis Welch,≤100
100591581698087,Michael James Freedman,Michael James Freedman,≤100
1001615463272722,Biosimilars Council,The Biosimilars Council,≤100
104224114671958,Energy For Progress,The American Petroleum Institute,≤100
110280253735683,Alexandria Ocasio-Cortez Fan Club,Imran M Jemal,≤100
108433238844,Cweb,CWEB Inc.,≤100
514167322309353,Dan Crenshaw,Dan Crenshaw for Congress,≤100
66006644809,Joe Simitian,Joe Simitian,≤100
101391906600,Live Action News,Live Action News,≤100
1835838916635491,Transamerica Center for Health Studies,Transamerica Center for Health Studies,≤100
101146091319045,Elcove.green,Elcove,≤100
101312791652138,Secular Democrats of America,SECULAR DEMOCRATS OF AMERICA PAC,≤100
114230073701403,Jetbound Dogs,Miguel Agustin Turk,≤100
6422138883,92nd Street Y,92nd Street Y,≤100
120778038066631,EveryLibrary,EveryLibrary,≤100
109281763853669,Solomon for Judge,The Committee to Elect William Solomon,≤100
601108943431836,The Flip Side,TFS Inc,≤100
13867925345,Equality Florida,Equality Florida,≤100
2295062210811244,Coalition for American Veterans,COALITION FOR AMERICAN VETERANS POLITICAL ACTION COMMITTEE,≤100
102801507792085,Kennebec Valley Society,Kennebec Valley Society LLC,≤100
1809715209318581,Marjorie Taylor Greene for Congress,GREENE FOR CONGRESS,≤100
1268410219898273,Tango Tango,Tango Tango Inc,≤100
192013990902459,Roy Cooper,Cooper For North Carolina,≤100
301302910021410,Virtual Running Club,"Virtual Running Club, LLC",≤100
101837898157898,Keep Judge Mike Kraynick,The Campaign To Retain Judge Mike Kraynick For Circuit Judge,≤100
102527004893192,The National Standard,Howard Stephan Barbanel,≤100
180230069923,American Life League,American Life League,≤100
218096501664109,April Griffin For Tax Collector,April Griffin for Hillsborough County Tax Collector,≤100
111151490241542,Pollemix,Pollemix,≤100
266860747582089,Lorenzo4Clerk,Jossue Lorenzo,≤100
106524727819174,True Patriot Supply Co.,True Patriot Supply Co,≤100
1354622541311687,Dr. Kim Schrier,DR KIM SCHRIER FOR CONGRESS,≤100
103026384819654,How to Vote,ACRONYM,≤100
70126113702,Access Fund,Access Fund,≤100
139661999752,Medical Association of Georgia (MAG),"MEDICAL ASSOCIATION OF GEORGIA, THE",≤100
200872330509281,Alivio Medical Center,"ALIVIO MEDICAL CENTER, INC",≤100
1670468429918309,We Are Uprisers,WEAREUPRISERS,≤100
272618896537776,America First Agenda,America First Agenda PAC,≤100
275862979643698,The Nu Deal,The Nu Deal,≤100
100175358228803,Prophecy Views,Prophecy Views,≤100
525171637666780,Sandy Piña California Delegate,RCR,≤100
130936757062757,T-Mobile Workers United (TU),"COMMUNICATIONS WORKERS OF AMERICA, AFL-CIO, CLC",≤100
70090474914,American Farmland Trust,"AMERICAN FARMLAND TRUST, INC",≤100
494259170754224,Keeping IDentities Safe,KEEPING IDENTITIES SAFE,≤100
484230975262860,Tom Palzewicz for Congress,PALZEWICZ FOR WISCONSIN,≤100
100559204891447,Friends of Dr. James St. George,Friends of James St. George,≤100
987698164585861,Citizen Ed,Citizen Education,≤100
123838185676931,Quinn Nystrom for Congress,Quinn Nystrom for Congress,≤100
111536353963034,"Vote Him Out, Inc.",Vote Him Out,≤100
104514724401859,Kovack for Commissioner,Michael Stephen Kovack,≤100
146508528746285,The Raben Group,Brenda Vanesa Arredondo,≤100
77790954801,Salesian Missions,Salesian Missions,≤100
506760326025846,Easterseals SoCal,"EASTER SEALS SOUTHERN CALIFORNIA, INC.",≤100
750799311951440,Pawsitively 4 Pink,Michelle Power,≤100
344346245749372,Shore Trendz,RHW.COM LLC/DBA Shore Trendz,≤100
164513254148611,America's Voice News,Barbara Jean Lawrence,≤100
127335473965761,Recycle Cartons,"Carton Council of North America, Inc.",≤100
128958937175029,Trivia Today,Benjamin Aaron Perlman,≤100
107710407294058,Oz for Congress,OZ FOR CONGRESS,≤100
141901795868393,Alaska Democrats,ALASKA DEMOCRATIC PARTY,≤100
283511548477587,ADD Advocate,Aaron Lawrence Friedman,≤100
90022052772,Williams,"WILLIAMS COMPANIES, INC., THE",≤100
460844281074800,Tiny Trump,Eric D Corriel,≤100
103966331128460,Trump Train 2020 Campaign Tour,The Trump Train,≤100
1688752727861435,Brilliance Publishing,These ads ran without a disclaimer,≤100
278355662356517,BallotReady,"BallotReady, Inc",≤100
458142697588014,AARP Public Policy Institute,AARP,≤100
232264683462806,"Arc Manor, LLC",ARC MANOR LLC,≤100
153309775026,SnapStream,SnapStream Media,≤100
110798880680061,USA Strong,USA Strong,≤100
133937690180,Student Conservation Association,Student Conservation Association,≤100
188901357810995,Joe Grant - Alpine Works,Protect Our Winters,≤100
2212066245574161,Sarah Huckabee Sanders,St. Martin's Press,≤100
168452723312821,Chisholm Chisholm & Kilpatrick LTD,Chisholm Chisholm & Kilpatrick LTD,≤100
100284648021034,New Tolerance Campaign,New Tolerance Campaign,≤100
1708467695859543,Veteran Transition Mission,Sonia Ivelisse Barriera Ayala,≤100
113644103666790,America First,TruthLion,≤100
49414386380,Ilegal Mezcal,Ilegal Mezcal,≤100
102750021183412,Justice U,Altus Solutions Inc,≤100
107958323921027,Danny Alvarez for Judge,Daniel Antonio Alvarez,≤100
1511412998966651,Altamar with Peter Schechter and Muni Jensen,Altamar LLC,≤100
647003022577166,Made Ya Look BLM,Made Ya Look BLM,≤100
89324781720,Pat Toomey,Friends of Pat Toomey,≤100
51610058563,Men's Health Network,Men's Health Network,≤100
420136708557504,Sarah Leonardi for Broward School Board District 3,"Sarah Leonardi, Non-Partisan, for Broward County School Board District 3",≤100
114008535880,Foundation for Individual Rights in Education,FOUNDATION FOR INDIVIDUAL RIGHTS IN EDUCATION,≤100
108876227590130,Rick Singh Orange County Property Appraiser Candidate,Realtors® Political Advocacy Committee,≤100
422250511163275,REMEDIGAP,Quinn Group LLC,≤100
101042758281184,Reading On the Right,Macmillan Publishing,≤100
1701899883357807,Seed Your Future,Seed Your Future,≤100
1399926390134311,Nature's Generator,Huntkey USA Inc,≤100
976589385686285,Raúl Torrez,Raúl Torrez for NM,≤100
101459098271864,Vets United,Jae W Seo,≤100
103222211467991,Sourcestream,SourceStream,≤100
540467496124903,SOAR Hydropower,"CANYON INDUSTRIES, INC.",≤100
161186620643972,American Institute for Economic Research,AMERICAN INSTITUTE FOR ECONOMIC RESEARCH,≤100
46508415624,Scott Taylor,Scott Taylor for Congress 2020,≤100
100729641303493,ICount NM,I Count New Mexico,≤100
329574530889979,Anton Andrew for State Representative,Friends of Anton Andrew,≤100
100503125041111,Leonela Felix for State Representative,Friends of Leonela Felix,≤100
102315041409283,Horses in our Hands,In our Hands Action Fund,≤100
529154000442477,America Rising,AMERICARISINGPAC.ORG,≤100
87777747127,Greg Palast,Palast Investigative Fund,≤100
102673738084465,Illuxus,Illuxus,≤100
109637125764343,Population Connection,Population Connection,≤100
417542331752173,Message,Timothy Bruce Dannunzio,≤100
173470656019870,The Daily Yonder,Great Stories LLC,≤100
117272926571911,JB for Parker Mayor,Jonathan Jeffrey Bollefer,≤100
178611532577238,Aubray McPherson,Aubray Jontelle Mcpherson,≤100
185650221903810,Ralph Norman for Congress,RALPH NORMAN FOR CONGRESS,≤100
100470205043537,Joe Barbetta for Sarasota City Commission,Joe Barbetta for City Commission,≤100
110316697328742,People of Seniors Housing,People of Seniors Housing,≤100
973744915977481,Concerted Action,Blue Bulldog Digital inc.,≤100
392755584208966,FinanceBuzz.com,These ads ran without a disclaimer,≤100
108838804083071,Etch The Edges,Critical Thinking Minds - DS Brown,≤100
231354176962252,Social Work Helper,"Social Work Helper, PBC",≤100
103376804451432,Trending Politics,Making Web LLC,≤100
588072238544449,Dump Trump 2020,DUMP TRUMP 2020 COMMITTEE,≤100
103929304678916,Voter Action Project,Integrity First Voter Action Project,≤100
521924961194913,Bruce Westerman,Westerman for Congress,≤100
1837356789847797,Fulcrum News,David George Seaman,≤100
137470926951018,"John Mina, Orange County Sheriff","John Mina, Democrat, for Orange County Sheriff",≤100
155443277896065,Dane Eagle,Dane Eagle For Congress,≤100
514167322309353,Dan Crenshaw,Crenshaw For Congress,≤100
95356211637,Ben Ferguson,Ben Ferguson show,≤100
100254118466084,Trend & Wear,These ads ran without a disclaimer,≤100
130268756992804,Yale Climate Connections,Yale Climate Connections,≤100
164472026916984,Masbia Soup Kitchen Network,MASBIA,≤100
118379493631,Episcopal Relief & Development,EPISCOPAL RELIEF AND DEVELOPMENT,≤100
114971076538782,The Keystone,"Courier Newsroom, Inc.",≤100
106868314285372,The Finance Kit,DYS Capital LLC,≤100
158505287559920,Save the Storks,Save the Storks,≤100
562691707395320,Zach Dickerson,Friends of Zach Dickerson,≤100
101286161432946,Anna Kasachev,Friends of Anna Kasachev,≤100
111819082492671,Re-Elect Osceola County Sheriff Russ Gibson,"Political Advertisement paid for and approved by Russell Gibson, Democrat for Osceola County Sheriff.",≤100
655932468379088,American Dream Apparel,American Dream Apparel,≤100
181837325501533,Full Employment Now - Political Action Committee,FULL EMPLOYMENT NOW-POLITICAL ACTION COMMITTEE,≤100
10234472029,Council on Foreign Relations,Council on Foreign Relations,≤100
957810197669209,Re-Elect Johns For St. Johns County Commissioner,Jimmy Johns for St. Johns County,≤100
109916417384725,Speaking Society Store,These ads ran without a disclaimer,≤100
227507001109723,Dominick Ruggerio,Friends of Dominick Ruggerio,≤100
103806957816376,Kat Cammack,KAT FOR CONGRESS,≤100
71284685294,Detroit Pistons,Detroit Pistons,≤100
5457479962,Diabetes Daily,Thrivable,≤100
2162300540459192,Fisher4Sheriff,Mike Fisher for Osceola County Sheriff,≤100
388076585284592,SalmonState,SalmonState,≤100
110576817417667,maskamericagreat.com,Matthew P Gallagher,≤100
100846774982239,Protect Our Police PAC,Protect Our Police PAC,≤100
197374340229,E2 - Environmental Entrepreneurs,E2 (Environmental Entrepreneurs),≤100
85945492130,EnergyBoom,Energy Boom,≤100
108906707265489,USA Pooch,"PRESIDENTIAL POOCH, INC",≤100
570144733458523,Tomversation.toons,Tomversation,≤100
653446288035243,Edward B. Goehring,Edward B. Goehring,≤100
1093100414183984,Americans United 4 Political Action,AMERICANS UNITED FOR POLITICAL ACTION,≤100
101208514791301,Daniel Turner,Power The Future Inc,≤100
109843734118639,Spoofed Apparel,Spoofed Apparel Co.,≤100
102730741221466,VoteVan4Judge,"Mark Van Valkenburgh, Non-Partisan, for Circuit Court Judge",≤100
112829637116981,Flags For Good,Flags For Good LLC,≤100
1327559570587836,The Bail Project,"BAIL PROJECT, THE",≤100
345751305447288,Daugherty Water for Food Global Institute,Daugherty Water for Food Global Institute,≤100
108090464296366,Republican Patriots,I Love My Freedom,≤100
181467702005600,Mark Warner VA,FRIENDS OF MARK WARNER,≤100
38234604057,PEN America,PEN AMERICAN CENTER INC,≤100
548407915183371,Liz Cheney,Liz Cheney for Wyoming,≤100
2187732528163720,Swaggy Q,PRJRSOUND,≤100
214061167976,El Tiempo Latino,Carlos Jose Munoz,≤100
105953890782784,The Factual,The Factual,≤100
101174331629641,Ring The Alarm,RingTheAlarm.US,≤100
194193934698000,Jen McDonald for Hillsborough County Commission District 1,"Jen McDonald, Democrat, for Hillsborough County Commission District 1",≤100