﻿Page ID,Page Name,Disclaimer,Amount Spent (USD)
153080620724,Donald J. Trump,"DONALD J. TRUMP FOR PRESIDENT, INC.",5688
153080620724,Donald J. Trump,TRUMP MAKE AMERICA GREAT AGAIN COMMITTEE,2598
7860876103,Joe Biden,BIDEN VICTORY FUND,1342
239452426714,American Action Network,American Action Network,1023
925007000949719,ExxonMobil,Exxon Mobil Corporation,844
103859441027698,Heartland Priorities,DCCC,842
1771156219840594,Team Trump,TRUMP MAKE AMERICA GREAT AGAIN COMMITTEE,667
6726182861,Mike Pence,TRUMP MAKE AMERICA GREAT AGAIN COMMITTEE,581
319982881752525,Kara Eastman,EASTMAN FOR CONGRESS,451
196152367093112,Planned Parenthood Advocates of Nebraska,Planned Parenthood Advocates of Nebraska,358
202626512363,U.S. Census Bureau,U.S. Census Bureau,273
108824017345866,Facebook,"Facebook, Inc.",201
156968474833352,Stop Republicans,Stop Republicans,179
127755494595870,Progressive Takeover,PROGRESSIVE TAKEOVER,178
1615018905412860,Progressive Turnout Project,PROGRESSIVE TURNOUT PROJECT,167
791543660926838,"I'll go ahead and keep my guns, Thanks",2A4LIFE LLC,164
20787991568,Senate Democrats,DSCC,163
152648198769969,Nebraskans for the Good Life,Nebraskans for the Good Life,146
57259033959,AARP,AARP,136
9324910069,NRSC,NRSC,130
104856814505092,The Kids Guide,The Kids Guide,122
260754507296508,The Voter Participation Center,Voter Participation Center,121
105269984593079,The Way I See It,Focus Features,112
96935476345,Democratic Governors Association (DGA),Democratic Governors Association,109
2352630938293825,Mytacticalpromos,Entremax,103
2267285956849056,Donald Trump 2020 Fans,I Love My Freedom,102
114710126648118,Republican Dogs,Republican Dogs,102
665345483483486,NRA - National Rifle Association of America,NATIONAL RIFLE ASSN OF AMERICA,≤100
165987503528599,Lindsey Graham,"TEAM GRAHAM, INC.",≤100
113891694102,Energy Citizens,AMERICAN PETROLEUM INSTITUTE,≤100
108794587327155,Good Programs 2020,Trevor Dale Seaks,≤100
328072970642479,Jaime Harrison,JAIME HARRISON FOR US SENATE,≤100
345504286342057,Keeping America Great Again,RightWingGear.com,≤100
277005566267077,Blueland,Blueland,≤100
355316521236121,John Cornyn,TEXANS FOR SENATOR JOHN CORNYN INC.,≤100
107858693983382,The GOP Shop,The GOP Shop,≤100
158002573510,Americans for Prosperity-Nebraska,AMERICANS FOR PROSPERITY,≤100
102247451379798,Jeff Fortenberry,JEFF FORTENBERRY FOR UNITED STATES CONGRESS COMMITTEE,≤100
109592402468562,Deb Fischer,DEB FISCHER FOR US SENATE,≤100
158791100909689,Concerned Veterans for America,Concerned Veterans for America,≤100
176789922364429,Steve Daines,STEVE DAINES FOR MONTANA,≤100
602714436529710,End Citizens United,END CITIZENS UNITED,≤100
297738357079746,Platte Institute,PLATTE INSTITUTE FOR ECONOMIC RESEARCH,≤100
259130650776119,Mitch McConnell,MCCONNELL SENATE COMMITTEE,≤100
328853823844484,Balance of Power,Balance of Power,≤100
1614222468654688,Better Roads Nebraska,AGC Nebraska Chapter,≤100
102671331487937,I Love My Freedom Store,I Love My Freedom,≤100
1449461518652183,4Patriots,4Patriots LLC,≤100
1010143499143169,Medicare Savings,"Mayo Labs, LLC",≤100
107365817271904,Janet Palmtag for Legislature,Palmtag for Nebraska,≤100
106244251043808,Reuse Plastics,"AMERICAN CHEMISTRY COUNCIL, INC.",≤100
172758932738142,PhRMA,PHARMACEUTICAL RESEARCH AND MANUFACTURERS OF AMERICA,≤100
830121337093232,National Democratic Training Committee,NATIONAL DEMOCRATIC TRAINING COMMITTEE PAC,≤100
717115395103069,PrintedKicks,Printed Kicks,≤100
150681061641282,Tri-State G&T,Tri-State Generation Transmission Association Inc,≤100
106323360959211,Patriots Republic,Matthew James Stine,≤100
6204742571,Sierra Club,SIERRA CLUB,≤100
163148530407080,Captain Mark Kelly,MARK KELLY FOR SENATE,≤100
376813686303011,Keep the Money in Nebraska,Keep the Money In Nebraska,≤100
132492254050920,American AF,AAF Nation,≤100
2078647579047586,Project Pulso,Project Pulso,≤100
92925746942,Judicial Watch,Judicial Watch,≤100
33110852384,Doctors Without Borders/ Médecins Sans Frontières (MSF),Doctors Without Borders/Médecins Sans Frontières (MSF),≤100
85452072376,Newsmax,Newsmax Media,≤100
292351509697,Jerusalem Prayer Team,Jerusalem Prayer Team,≤100
100137754724934,Trump 2020 Supporters,Proud Right Winger,≤100
2037695643113766,Blexit,Blexit Foundation,≤100
677005135756125,Community Catalyst Action Fund,Community Catalyst Action Fund,≤100
103597604713894,Team Trump Store,TRUMP MAKE AMERICA GREAT AGAIN COMMITTEE,≤100
103744930261937,Coalition for a 21st Century Postal Service,Coalition for a 21st Century Postal Service,≤100
109379100777665,Patriotism Isn't Dead,Patriot Polling,≤100
107285361015461,Taft Love for Laramie County Commissioner,Taft Love Campaign,≤100
1883837055193241,Shield Republic,Shield Republic,≤100
461204744067686,Family Protection Association,Family Protection Association,≤100
278490715553293,Martha McSally,MCSALLY FOR SENATE INC,≤100
112974563687584,Robert Kiyosaki - The Rich Dad Poor Dad Letter,Long Form Creative Co.,≤100
7814597100,Jim Jordan for Congress,JIM JORDAN FOR CONGRESS,≤100
105756057589080,The Lincoln Project,The Lincoln Project,≤100
342294162453301,Planned Parenthood,Planned Parenthood Federation of America,≤100
1556932204325823,ProgressPop,ProgressPop,≤100
108173075911611,National Association of Letter Carriers,National Association of Letter Carriers,≤100
96935476345,Democratic Governors Association (DGA),DEMOCRATIC ACTION,≤100
100690741275296,Keegan for OPS,Keegan for OPS,≤100
596556607135301,The Earthling Co.,The Earthling Co.,≤100
25852730092,Care2,Care2 Inc,≤100
51405613519,Focus on the Family,Focus on the Family,≤100
1374134752633656,New Health Plans,Shop Insurance Plans,≤100
393932827634250,Dissent Pins,Common Practice,≤100
168051710543266,Lacy Johnson,Lacy Johnson for Congress,≤100
228754857151053,House Majority PAC,House Majority PAC,≤100
213792049451918,Stand For America,Stand For America Inc,≤100
105577974544303,The USA Needs More Patriots,Anthony Alexander Morales,≤100
373814729643508,Let America Vote,LET AMERICA VOTE PAC,≤100
49651563727,Live Action,Live Action,≤100
681745912255844,John Cummings for Congress,CUMMINGS FOR CONGRESS,≤100
103654464668995,Home With Our Family,Alexander Chung,≤100
23875187730,Feeding America,Feeding America,≤100
598924810530984,Keeping America Great,FamTeeWorld,≤100
119705328055682,Omaha Home for Boys,Omaha Home for Boys,≤100
530604487365010,Old Glory Flagpole Kits,Service First,≤100
45393753416,Alliance Defending Freedom,Alliance Defending Freedom,≤100
675471506247724,Adair for Congress,ADAIR FOR CONGRESS,≤100
1061240530648502,Joe Collins,JOE COLLINS FOR CONGRESS,≤100
8934429638,Planned Parenthood Action,Planned Parenthood Action Fund,≤100
7483836629,Ancestry,Ancestry.com Operations Inc.,≤100
5435784683,Greenpeace USA,"GREENPEACE, INC.",≤100
24330467048,Americans for Prosperity,AMERICANS FOR PROSPERITY,≤100
737686089933715,Conservative Collections,Mainline Media Group,≤100
1436561633127994,Thomas A. Matthews,Thomas Anthony Matthews,≤100
115379705206001,U.S. Department of Homeland Security Blue Campaign,DHS Blue Campaign,≤100
1109093812491437,Blaze Media,Blaze Media LLC,≤100
80562389320,NARAL Pro-Choice America,NARAL Pro-Choice America,≤100
1614690395258056,Into Action,Into Action,≤100
127225910653607,PragerU,PragerU,≤100
108683164271262,Patriots for Life,Grant Alan Johnston,≤100
106094077803532,Our National Family,Patrick Le Tran,≤100
106224464107240,Jo Jorgensen,Jo Jorgensen for President,≤100
530604487365010,Old Glory Flagpole Kits,Service First Flag Poles,≤100
101279451606075,Democratic Strategy Institute,Democratic Strategy Institute,≤100
8325302025,Friends of the Earth U.S.,Friends of the Earth,≤100
309798029121030,Everytown for Gun Safety,Everytown for Gun Safety Action Fund Inc,≤100
448010328698132,Don Bacon,DON BACON FOR CONGRESS,≤100
2353537341582545,Proud Patriots,Proud Patriots,≤100
8047221596,Save the Children US,"SAVE THE CHILDREN FEDERATION, INC.",≤100
19342050934,Leadership Institute,LEADERSHIP INSTITUTE INC,≤100
101181794707874,United Research Group,United Research Group,≤100
560140464159364,Stand for the 2nd Amendment,SFT2 Tactical Supply,≤100
103730928025980,Safe and Sound In 2020,Kin Ngai Yeung,≤100
101237551589520,Tactical Patriot,Trizzie Truong,≤100
15188122178,The Hamilton Collection,The Hamilton Collection,≤100
296708523873754,Karla Dennis and Associates Inc.,"Karla Dennis & Associates, Inc",≤100
1438808983108348,BOLD PAC,CHC BOLD PAC,≤100
113666459994300,Big Dan Rodimer for Congress,RODIMER FOR CONGRESS,≤100
27311599342,Preemptive Love,Preemptive Love Coalition,≤100
245284549333866,ASMDSS,ASMDSS,≤100
309308412520731,Sandy Hook Promise,Sandy Hook Promise,≤100
112694470356789,Trumpcare For America,Stuart Joseph Millar,≤100
102478061559294,Convention on Founding Principles,Convention on Founding Principles,≤100
41182871633,National Museum of American Jewish History,National Museum of American Jewish History,≤100
1528980567353817,Love Has No Labels,Love Has No Labels with Facebook Ad Credits,≤100
42002969352,Center on Budget and Policy Priorities,Center on Budget and Policy Priorities,≤100
8492293163,Environmental Defense Fund,Environmental Defense Fund,≤100
192015461630968,Supporting Our Brave Veterans,James Brian Plouf,≤100
167586229923327,World Food Program USA,World Food Program USA,≤100
18982436812,ACLU,American Civil Liberties Union,≤100
21375324480,The Heritage Foundation,HERITAGE FOUNDATION (THE),≤100
109111900634787,Reverend Raphael Warnock,WARNOCK FOR GEORGIA,≤100
1336293769761923,Jon Ossoff,JON OSSOFF FOR SENATE,≤100
966284040094951,Senator Carol Blood,Friends of Carol Blood,≤100
305832706292882,American Gun Association,GunAssociation.org,≤100
18813753280,Human Rights Campaign,"HUMAN RIGHTS CAMPAIGN, INC.",≤100
111324359048459,Dr. Roger Marshall,KANSANS FOR MARSHALL,≤100
105577974544303,The USA Needs More Patriots,AmeriPolling,≤100
971668776283950,PolicyEd,Hoover Institution,≤100
1316372698453411,Alexandria Ocasio-Cortez,Alexandria Ocasio-Cortez for Congress,≤100
104051398040027,CCW Online Now_,Concealed Country,≤100
410695165995,AARP Nebraska,AARP,≤100
337557199502,Nebraska Conservation Voters,Nebraska Conservation Voters,≤100
15687409793,World Wildlife Fund,World Wildlife Fund,≤100
106645684412573,Cover Air Medical,Cover Air Medical,≤100
711478725532801,Civiqs,Civiqs,≤100
1316372698453411,Alexandria Ocasio-Cortez,THE SQUAD VICTORY FUND,≤100
223008867858902,American Action News,American Action News,≤100
934438026690635,YouGov,YOUGOV AMERICA INC.,≤100
102745147891580,Trump Coolers,Eric Clifford Juels,≤100
105984667872147,Patriotic Liberty,Vivian Lam Nguyen,≤100
420785874975425,Conservative Institute,The Conservative Institute,≤100
7292655492,MoveOn,MOVEON.ORG POLITICAL ACTION,≤100
2309566456030859,Human Coalition Action,Human Coalition Action,≤100
178835922297833,American Clinical Laboratory Association,American Clinical Laboratory Association,≤100
417522508294454,Job Creators Network,Job Creators Network,≤100
36474716066,Color Of Change,ColorofChange.org,≤100
2185993931653388,The Recount,"Recount Media, Inc",≤100
109788797242679,The Patriot Circle,Kin Ngai Yeung,≤100
84258068778,FIRM Action,Center for Community Change Action,≤100
1836138529938551,Greater Half,Greater Half,≤100
113266897143669,Stand To Defend,Korie Lynn Padgett,≤100
255208337943901,Jobs Growth,"JOBS FREEDOM AND SECURITY PAC, Not authorized by any candidate or candidate’s committee.",≤100
1600352356914768,PushBlack,PushBlack,≤100
327837911149503,2A4Life,2A4LIFE LLC,≤100
380322889060302,Christa Yoakum for Lancaster County Commissioner,Christa Yoakum for County Commissioner,≤100
329284771298646,Issue One Action,Issue One Action,≤100
10423517786,Harvard Business Review,HARVARD BUSINESS SCHOOL PUBLISHING CORPORATION,≤100
314499212242,Pfizer,Pfizer Inc.,≤100
977704775606273,Balls Deep Tackle,Balls Deep Tackle,≤100
593289284500311,Trump Rack,BOXD Marketing,≤100
257019421075897,Cory Gardner,Cory Gardner for Senate,≤100
253791814655400,Doug Collins,"COLLINS FOR SENATE, INC.",≤100
419992651425033,Guardianes del Pueblo-Consumer Law Group,Consumer Law Group,≤100
436077020172764,Helen Raikes for Legislature,Helen Raikes for Legislature,≤100
21559454473,FAIR,FEDERATION FOR AMERICAN IMMIGRATION REFORM,≤100
376776419037747,Turning Point USA,Turning Point USA,≤100
149081336362,AmeriCorps VISTA,Corporation for National and Community Service,≤100
775525186130124,Center for a Free Economy,Center for a Free Economy,≤100
31966561030,National Taxpayers Union,National Taxpayers Union,≤100
202600839762879,I Am Pro-Life,Focus on the Family,≤100
107654924064350,Pat Timmons-Goodson,PATRICIA TIMMONS-GOODSON FOR CONGRESS,≤100
788394134539871,USPS Business,United States Postal Service,≤100
1934191280189700,Health Care Voter,Health Care Voter,≤100
356482637745012,Stansberry Research,Stansberry Research,≤100
134597023235240,Rashida Tlaib,RASHIDA TLAIB FOR CONGRESS,≤100
111393882812494,Amy McGrath,"AMY MCGRATH FOR SENATE, INC.",≤100
184731548554164,PL+US,Plus Fund: Paid Leave for the United States,≤100
72186095846,Center For American Progress Action Fund,Center for American Progress Action Fund,≤100
108901687567015,Patriots Sound Off,Richard Brochetti,≤100
16477459734,League of Conservation Voters,"LEAGUE OF CONSERVATION VOTERS, INC",≤100
129255907131113,NumbersUSA,NUMBERSUSA EDUCATION AND RESEARCH FOUNDATION,≤100
475456956305422,All Voting Is Local,Leadership Conference Education Fund,≤100
592707041080920,Stand Together,Stand Together Chamber of Commerce Inc.,≤100
245741028804051,Barbara Sinatra Center,Barbara Sinatra Children's Center,≤100
163302087408673,Stop The Donald,Stop the Donald,≤100
360424321432255,Doha Debates,Doha Debates,≤100
217976018236954,OutKick,Outkick Media LLC,≤100
1917715138510680,Follow Your Legend,Legend Bracelet,≤100
50982313030,Food & Water Watch,Food & Water Watch,≤100
6333396177,NewsBusters.org,MEDIA RESEARCH CENTER,≤100
101136147910784,Represent Justice,Represent Justice,≤100
85054374416,Nebraska Appleseed,NEBRASKA APPLESEED CENTER FOR LAW IN THE PUBLIC INTEREST,≤100
107210084216238,Humanity Forward,Humanity Forward,≤100
209516845093,NRDC Action Fund,NRDC Action Fund,≤100
642587263042784,Trumpcare Healthcare,Stuart Joseph Millar,≤100
19192438096,AAAS - The American Association for the Advancement of Science,American Association for the Advancement of Science,≤100
100817908371975,The Patriot Authority,Catherine Sue Mantooth,≤100
7263476274,Mercy Corps,Mercy Corps,≤100
629732217415068,Republican Party,Greater Half,≤100
159964696102,Kevin McCarthy,KEVIN MCCARTHY FOR CONGRESS,≤100
104934207736995,Paycheck to Paycheck,Center for American Progress Action Fund,≤100
102592959026,Ocean Conservancy,"OCEAN CONSERVANCY, INC.",≤100
1194865807192273,Conservative Gear,Outergoods LLC,≤100
429812024048177,Doug Jones for Senate,DOUG JONES FOR SENATE COMMITTEE,≤100
114570545240850,Who Gives A Crap,These ads ran without a disclaimer,≤100
107483817554072,WorkMoney,WorkMoney,≤100
103315378108004,True Patriot Strength,LE-HUU DONG HUYNH,≤100
1799282383731277,TwoSeventy,Alexander Jared Deutsch,≤100
102617961152741,Barbara Bollier,BOLLIER FOR KANSAS,≤100
49560242814,Consumer Energy Alliance,Consumer Energy Alliance,≤100
104614641200137,MeidasTouch,MEIDASTOUCH,≤100
2330577043935831,Sara Gideon,SARA GIDEON FOR MAINE,≤100
105455840860559,Eagle Realm,Eagle Realm,≤100
109784800371914,Protect Kids: Fight Flavored E-Cigarettes,TOBACCO-FREE KIDS ACTION FUND,≤100
100256754899828,Patriot's Cave,Patriots Cave,≤100
683872625157265,Theresa Greenfield,THERESA GREENFIELD FOR IOWA,≤100
628891490457484,Nancy Mace,Nancy Mace for Congress,≤100
179513292162226,American History TV,C-SPAN,≤100
8550121410,Free Speech America Project,MEDIA RESEARCH CENTER,≤100
301888977173,"Keep Omaha Beautiful, Inc.","KEEP OMAHA BEAUTIFUL, INC",≤100
195530355493,Chicks On The Right,Chicks on the Right,≤100
38235851310,USA for UNHCR,UNITED STATES ASSOCIATION FOR UNHCR,≤100
112735922758892,Charlie Kirk,Charlie Kirk,≤100
607626319739286,Black Voices for Trump,TRUMP MAKE AMERICA GREAT AGAIN COMMITTEE,≤100
1447994318779650,AirMedCare Network,AIrMedCare Network,≤100
302182941354,AARP Advocates,AARP,≤100
293225127381200,Patriot Depot,The Patriot Depot,≤100
97493741436,John W. Hickenlooper,HICKENLOOPER FOR COLORADO,≤100
6231686654,Compassion International,"COMPASSION INTERNATIONAL, INCORPORATED",≤100
719913581472398,Napoli Shkolnik PLLC,Napoli Law,≤100
624956794270316,Jack Heidel,John W Heidel,≤100
586751814690068,Joni Ernst,Joni for Iowa,≤100
277414242013,Joyce Elliott for Congress,JOYCE ELLIOTT FOR CONGRESS,≤100
1530883997194411,United States Constitution,Flag and Cross,≤100
1029251563877853,Erik Servellon for Omaha Public Schools,Erik O Servellon,≤100
113271610392632,Tim Bohen,Long Form Creative Co.,≤100
1526736227567131,TrueCoverage,True Coverage,≤100
35169196082,Project HOPE,"PROJECT HOPE-THE PEOPLE-TO-PEOPLE HEALTH FOUNDATION, INC.",≤100
6236054211,Brady,Brady Campaign to Prevent Gun Violence,≤100
407664862957433,Ammar Campa-Najjar for Congress,AMMAR CAMPA-NAJJAR FOR CONGRESS,≤100
27544763621,Prison Fellowship,Prison Fellowship,≤100
109709397469494,Dignity Unbound,Dignity Unbound,≤100
142177004253,Nebraska Rural Electric Association,Nebraska Rural Electric Association,≤100
342887442508723,Convention of States,Convention of States Action,≤100
193704191426196,Glen Ellis Fremont City Council - Mayoral Candidate,Glendon J Ellis,≤100
166618413413767,Jay Sekulow,American Center for Law and Justice,≤100
101481584557260,Help Asheville Bears-HAB,Heather Christina Williams,≤100
7833534974,Florida Democratic Party,Florida Democratic Party,≤100
53541257714,The Arc of the United States,The Arc with Facebook Ad Credits,≤100
2012750189007245,Liquid Death Mountain Water,Liquid Death,≤100
100391581727524,Defeat By Tweet,DEFEAT BY TWEET,≤100
111428049989,Cal Cunningham,CAL FOR NC,≤100
308159713150350,Voter Protection Project,VOTER PROTECTION PROJECT,≤100
134452023239984,Human Coalition,Human Coalition,≤100
433919203362871,Bird + Stone,BIRD & STONE INC,≤100
317284821682168,Messianic Jewish Alliance of America (MJAA),Messianic Jewish Alliance of America,≤100
153678684700451,American Investment Council,AMERICAN INVESTMENT COUNCIL,≤100
140357056032320,NEA Today,National Education Association,≤100
18709174006,National Audubon Society,"NATIONAL AUDUBON SOCIETY, INC.",≤100
555787351119974,Coalition to Protect America's Health Care,Coalition to Protect America's Health Care,≤100
1456310534453054,Veteran Loans Online,"LMB OpCo, LLC",≤100
160630887998827,Let Them Live,Let Them Live,≤100
200676905671,We Are ALPA,Air Line Pilots Association,≤100
655065784538368,PredictIt,"PredictIt - Prediction Markets. A project of Victoria University of Wellington, PredictIt has been established to facilitate research into the way markets forecast events.",≤100
104396194587918,C3 Solutions,Conservative Coalition for Climate Solutions,≤100
11791104453,NRDC,Natural Resources Defense Council,≤100
679171239164792,Supermajority,Supermajority,≤100
1837115116571746,Topic,"First Look Productions, Inc",≤100
109360297266116,Fearless Patriot,TERESA NONE OHARA-MARSH,≤100
102315958243776,Patriotic Freedom,Vivian Lam Nguyen,≤100
101165966152,AFL-CIO,AFL-CIO,≤100
102916288137405,The Daily Republican,USA Movements LLC,≤100
61265398450,AmeriCorps NCCC,Corporation for National and Community Service,≤100
384557995468219,Viral Casez,Viral Casez,≤100
5720973755,Defenders of Wildlife,DEFENDERS OF WILDLIFE,≤100
130467958471,Jason Lewis,Jason Lewis for Senate,≤100
103260841390360,Erin Johnson for Senate District 6,Friends of Erin Johnson,≤100
107589664099282,Stand Up To China,"Stand Up To China, Inc.",≤100
852784198406948,Boy Scouts Investigation,These ads ran without a disclaimer,≤100
43821078871,Transport Workers Union (TWU),Transport Workers Union of America,≤100
911828698840246,ReLEntless Defender Apparel,ReLEntless Defender Apparel,≤100
46347342434,EMILY's List,EMILY'S LIST,≤100
32975139631,If Americans Knew,If Americans Knew,≤100
12683623041,Society for Human Resource Management (SHRM),SOCIETY FOR HUMAN RESOURCE MANAGEMENT,≤100
467804929927622,Jason Smith,JASON SMITH FOR CONGRESS,≤100
107847454354960,Weekly American Lifestyle,Steve San,≤100
1575548746014602,The Order of Rights,Eden Digital Group LLC,≤100
493811210669780,Creative Action Network,Creative Action Network,≤100
221890358218748,Til Valhalla Project,Til Valhalla Project,≤100
103644036958,United Association,United Association Political Education Committee,≤100
1393911800825140,OZY,OZY Media Inc,≤100
780941275347834,Ilhan Omar,ILHAN FOR CONGRESS,≤100
104170004713256,Elect Black Democrats,THE COLLECTIVE PAC,≤100
331037760381749,Sierra Magazine,SIERRA CLUB,≤100
416913748508616,We Welcome Refugees,We Welcome Refugees,≤100
80060992758,Center for Food Safety,"CENTER FOR FOOD SAFETY, THE",≤100
116534199732974,USA Carry Online,USA Carry Online,≤100
100233228182981,Madison Cawthorn for Congress,CAWTHORN FOR NC,≤100
10498053716,Media Research Center,MEDIA RESEARCH CENTER,≤100
1690071827911682,Cleancult,cleancult,≤100
9739634228,The Political Machine,"Hitcents.com, Inc",≤100
322551718276442,Lemons Are Blue,Lockwell LLC,≤100
267180743723148,National Geographic Society,National Geographic Society,≤100
105932937869050,Respect The Look Online Shop,Respect The Look Shop,≤100
443329669123990,USAFacts,USAFacts Institute,≤100
747436915270894,Congressional Leadership Fund,CONGRESSIONAL LEADERSHIP FUND,≤100
265268336865693,Do Amore,Do Amore Limited Company,≤100
32682889528,U.S. Chamber of Commerce,The U.S. Chamber of Commerce,≤100
23790541544,Democrats,DCCC,≤100
105410567897348,Adopt an Officer,Adopt America LLC,≤100
197760674021143,Indivisible Guide,INDIVISIBLE ACTION,≤100
1323161541032507,For Our Future FL,For Our Future Action Fund,≤100
219247332354785,Phil Arballo for Congress,ARBALLO FOR CONGRESS,≤100
38471053686,Elizabeth Warren,"WARREN DEMOCRATS, INC.",≤100
42872222699,Dana Loesch,Dana Loesch Radio,≤100
96171427550,Raja for Congress,FRIENDS OF RAJA FOR CONGRESS,≤100
17203056985,Partners In Health,Partners In Health,≤100
135298176481584,Marine Corps Scholarship Foundation,Marine Corps Scholarship Foundation,≤100
30708742052,FCTRY,FCTRY,≤100
206743952696198,Lower My Bills,These ads ran without a disclaimer,≤100
104667417857551,United Association LLC,United Association LLC,≤100
105536127617594,The American Digest,The American Digest,≤100
104684067632334,Unite the Country,UNITE THE COUNTRY,≤100
101278694809805,Meme2020,Meme2020,≤100
102758584840182,Jon Jacobsen for Iowa House,Jacobsen For Iowa House,≤100
294196590710262,FWD.us,FWD.us,≤100
706716899745696,Women for Trump,TRUMP MAKE AMERICA GREAT AGAIN COMMITTEE,≤100
30914589895,The International Fellowship of Christians and Jews,"INTERNATIONAL FELLOWSHIP OF CHRISTIANS & JEWS, INC.",≤100
336470580233523,Pins and Aces Golf Co.,US Craft Brands LLC,≤100
28144169620,Alliance for Aging Research,Alliance for Aging Research,≤100
102564128179023,Truth to Power,TRUTH TO POWER,≤100
149366465128820,Nicole Galloway,Nicole Galloway for Missouri,≤100
101252258324890,The Con,Abramorama Inc.,≤100
496696933682736,Jeff Merkley,JEFF MERKLEY FOR OREGON,≤100
106949844346620,Trumpian Republicans,Gregory Lawrence Burright,≤100
89757739264,Farm Credit,Farm Credit Council,≤100
17911165812,Covenant House International,Covenant House,≤100
278487153675,Redneck Nation Clothing,Tracie Milliron Gold,≤100
112164673854264,Living Patriotically,Living Patriotically,≤100
1551109418518461,The Honest Patriot,Amundson Media LLC,≤100
17023576156,The Leadership Conference on Civil and Human Rights,The Leadership Conference on Civil and Human Rights,≤100
46093654473,National Republican Congressional Committee,NRCC,≤100
408250066356,Bill O'Reilly,"Bill Me, Inc.",≤100
720943967965149,AFSCME Retirees,AMERICAN FEDERATION OF STATE COUNTY & MUNICIPAL EMPLOYEES,≤100
6713653788,Gary Peters,PETERS FOR MICHIGAN,≤100
605168822998856,314 Action,314 ACTION FUND,≤100
34701792581,EWTN,Eternal Word Television Network,≤100
116222966843926,US Concealed,US Concealed,≤100
6820348410,Kirsten Gillibrand,Off the Sidelines,≤100
405469100189512,Still My President - Donald Trump,Red State Politics LLC,≤100
129523843754764,Vote Smart,PROJECT VOTE SMART,≤100
102729624670835,MinuteStats,Minute Stats,≤100
102636677971854,Trump Is The Storm,Legendary Trump Coins,≤100
1224429014390746,Catalysts,Freethink,≤100
221401431386940,Pramila Jayapal,PRAMILA FOR CONGRESS,≤100
284946111858895,Debbie Mucarsel-Powell,DEBBIE FOR CONGRESS,≤100
103235554648484,Elect Scientists,314 ACTION FUND,≤100
103934071014071,Fire Drill Fridays,"GREENPEACE, INC.",≤100
325578590837480,Protect Our Care,Sixteen Thirty Fund,≤100
1668138383488902,Katie Hill,Her Time,≤100
162493793737,Rick Green,Richard Arlin Green,≤100
892673067526965,Project War Path,Project War Path,≤100
19474609238,Mercatus Center at George Mason University,Mercatus Center at George Mason University,≤100
67626834312,National Women's Law Center,National Women's Law Center,≤100
108029674299216,We The People,We The People,≤100
94047978366,PCCC - BoldProgressives.org,PROGRESSIVE CHANGE CAMPAIGN COMMITTEE,≤100
1389410184650223,Tanya Storer For Legislature,Tanya Storer For Legislature,≤100
2132239103548917,Every Last One,Every Last One,≤100
151525932186806,When Democrats Turn Out,WHEN DEMOCRATS TURN OUT PAC,≤100
104919414599745,People Over Profits,"The People Over Profits Florida, Inc.",≤100
1005566252861190,VOTEPROCHOICE,DEMOCRATS.COM,≤100
55549065733,Voto Latino,VOTO LATINO INC.,≤100
315151565831,Ascension,Ascension Press,≤100
93114332471,20/20 Research,2020 Research,≤100
34362997676,United States Holocaust Memorial Museum,UNITED STATES HOLOCAUST MEMORIAL MUSEUM,≤100
103531607822207,Noticias para Inmigrantes,"Wise Rock Media, PBC",≤100
153278754738777,Climate Reality,The Climate Reality Project,≤100
109678580574253,Politicool Clothing Co.,PolitiCoolClothing.com,≤100
186932688457686,CHNGE,CHNGE,≤100
465483726908192,iVote,IVote Civic Education Fund,≤100
482899722113894,Peymynt Financial,Peymynt Financial,≤100
7219151423,The Fund for American Studies (TFAS),The Fund for American Studies,≤100
830890360316751,Nick Hanauer,Civic Action,≤100
10150100007820094,Wendy Davis,WENDY DAVIS FOR CONGRESS,≤100
1823397994580969,Foreman Metal Works,These ads ran without a disclaimer,≤100
1925751504337881,MJ Hegar,MJ FOR TEXAS,≤100
205395906412,UAW International Union,"INTERNATIONAL UNION, UNITED AUTOMOBILE, AEROSPACE AND AGRICULTURAL IMPLEMENT WORKERS OF AM",≤100
28510612138,Uncommon Knowledge,Hoover Institution,≤100
237477017606,Club for Growth,Club for Growth,≤100
79125112926,Students for Life of America,"STUDENTS FOR LIFE OF AMERICA, INC.",≤100
11111618026,Union of Concerned Scientists,"UNION OF CONCERNED SCIENTISTS, INC.",≤100
894096170667732,Ashley Hinson,Ashley Hinson For Congress,≤100
1228396643984955,Michelle Steel,Michelle Steel for Congress,≤100
1014486318584089,Armed American Supply,Armed American Supply,≤100
109459597525704,Living in Liberty,Korie Lynn Padgett,≤100
357554791340788,Liker,Omar Rivero,≤100
345378512258813,Elise Stefanik,ELISE FOR CONGRESS,≤100
100101018155207,Paid Leave for All,Paid Leave for All a project of Hopewell Fund,≤100
1439364926329185,Animal Matters,Animal Matters,≤100
173470656019870,The Daily Yonder,Great Stories LLC,≤100
210277954204,The Young Turks,"The Young Turks, Inc.",≤100
55549065733,Voto Latino,Voto Latino with Facebook Ad Credits,≤100
259212814698356,Democratic Majority for Israel,Democratic Majority for Israel,≤100
101209614956892,Take A Stand,Andrew Joseph Young,≤100
143089732792,Marsha Blackburn,Blackburn Tennessee Victory Fund,≤100
646594582623475,Republican Nations,Quyen Sanh Gip,≤100
53727956260,Republican Jewish Coalition,Republican Jewish Coalition,≤100
548407915183371,Liz Cheney,Liz Cheney for Wyoming,≤100
1003562459729504,Transportation Nation Network,Transportation Nation Network,≤100
49059279814,Institute for Justice,INSTITUTE FOR JUSTICE,≤100
1852520761657982,4ocean,4ocean,≤100
623761824782109,Zanvos,ZanVos,≤100
121626482110,Operation Smile,"OPERATION SMILE, INC.",≤100
291102898490822,Giant Maga Hat,Inventors club LLC,≤100
34370387440,JDRF,JDRF INTERNATIONAL,≤100
808450969246896,"Rebecca Walser, Tax Attorney, CFP",Walser Wealth Management,≤100
20876805343,March of Dimes,MARCH OF DIMES INC.,≤100
2255846891314996,Corn Refiners Association,"corn refiners association, inc",≤100
1338822066131069,Women's March,Women's March,≤100
101210588150219,Boy Scouts Abuse Claims,X Social Media LLC,≤100
248306181862385,Live Lokai,Denise L Reina,≤100
740310559469373,Opportunity Solutions Project,Opportunity Solutions Project,≤100
1634651343331439,Project Wren,Landon Brand,≤100
373814729643508,Let America Vote,Let America Vote PAC and National Democratic Redistricting Committee,≤100
7962229886,Environmental Working Group,ENVIRONMENTAL WORKING GROUP,≤100
169277310432049,"Texas Precision Optics, Inc.",Texas Precision Optics Inc,≤100
169710960125365,Curzio Research,Curzio Research Inc.,≤100
1268410219898273,Tango Tango,Tango Tango Inc,≤100
112623813202,LifeSiteNews.com,LifeSiteNews,≤100
296295018082,AARP en Español,AARP,≤100
105943157686335,Trust Michigan Families,TRUST MICHIGAN FAMILIES,≤100
1765073800454902,Reform Austin,Reform Austin Inc.,≤100
295533050495998,Abogado de Inmigracion Jorge Rivera - Immigration Group LLC,Michael A Castillo,≤100
105157841248307,No Filter Politics,No Filter Politics,≤100
1204754733024419,People's Power Grab,ACRONYM,≤100
44255328352,Farm Forward,Farm Forward,≤100
8057376739,The Nature Conservancy,Nature Conservancy,≤100
531623043662146,Flags of Valor,Flags of Valor,≤100
104504438466,Federal Voting Assistance Program - FVAP,Federal Voting Assistance Program,≤100
192771954102960,Jordan Sekulow,American Center for Law and Justice,≤100
21834534343,Volunteers of America,"VOLUNTEERS OF AMERICA, INC.",≤100
248181906078243,National Institute for Civil Discourse,CommonSense American,≤100
108512875350,The Atlas Society,The Atlas Society,≤100
1764185850558806,Apex Clean Energy,Apex Clean Energy,≤100
108273884315449,Real American Patriot,Gold Sky Ventures LLC,≤100
7292655492,MoveOn,MOVEON.ORG CIVIC ACTION,≤100
419237048158257,Susan Collins,COLLINS FOR SENATOR,≤100
101591551371555,Fire Mitch. Save America.,SAVE AMERICA FUND,≤100
258470931719484,The Why Minutes,The Why Minutes,≤100
361960287311696,Better Medicare Alliance,"Better Medicare Alliance, Inc",≤100
114386721939978,The Made in America Store,Made In America Store,≤100
950998258312654,Knowhere,"Knowhere, Inc.",≤100
740266592735787,Free to Be Kids,Free To Be Kids,≤100
36872302227,Cory Booker,Cory Booker for Senate,≤100
24481937944,Theodore Roosevelt Conservation Partnership,"THEODORE ROOSEVELT CONSERVATION PARTNERSHIP, INC",≤100
118502801658228,Young Kim,Young Kim for Congress,≤100
134597023235240,Rashida Tlaib,THE SQUAD VICTORY FUND,≤100
103851564652,Waterkeeper Alliance,WATERKEEPER ALLIANCE INC,≤100
133294620046953,Mission India,MISSION INDIA INC,≤100
412739549455010,Karena Reiter,PrimaDonna Reeds,≤100
8934429638,Planned Parenthood Action,Planned Parenthood Votes,≤100
6820348410,Kirsten Gillibrand,Gillibrand for Senate,≤100
176099072429809,Oceana in Florida,OCEANA,≤100
90498769709,Edenpure,EdenPURE®,≤100
15771560300,Earthjustice,EARTHJUSTICE,≤100
1632568446971453,Boredwalk,Boredwalk,≤100
107439427661844,Accountable Tech,Accountable Tech,≤100
309993142375589,Joe Kennedy III,KENNEDY FOR MASSACHUSETTS,≤100
15239367801,The Wilderness Society,"WILDERNESS SOCIETY, THE",≤100
103653994359958,Harvard Forward,The Boarding School,≤100
1438882392887793,ADF Church Alliance,Alliance Defending Freedom,≤100
896759427103774,Modern Medicaid Alliance,Modern Medicaid Alliance,≤100
566008736785269,Be Heard Project,Be Heard Project,≤100
217569858071,Areva Martin,Areva Denise Martin,≤100
341240953385902,Force Of Nature Meats,Force of Nature,≤100
53541257714,The Arc of the United States,"ARC OF THE UNITED STATES, INC., THE",≤100
2295062210811244,Coalition for American Veterans,COALITION FOR AMERICAN VETERANS POLITICAL ACTION COMMITTEE,≤100
502320477205654,I’m Bout Making My Ancestors Proud,Heritage Hill LLC,≤100
682990071843813,Center for the Study of Liberty,Center for the Study of Liberty,≤100
814260155318929,The Fairness Project,The Fairness Project,≤100
308353252483,Kristi Noem,Kristi for Governor,≤100
529154000442477,America Rising,AMERICARISINGPAC.ORG,≤100
717417908274761,Lady Freethinker,Lady Freethinker,≤100
1682876188698809,United for Respect,United for Respect,≤100
112334757233941,Right to Telehealth,Jeremy Joseph Schaller,≤100
251632675552663,Rigged: The Voter Suppression Playbook,American Issues Initiative,≤100
109866370700481,PushBlack Finance,PushBlack,≤100
34521916336,Brent Bozell,MEDIA RESEARCH CENTER,≤100
119938779410497,Priorities for the People,DCCC,≤100
124626320898336,Catholic Extension,"CATHOLIC CHURCH EXTENSION SOCIETY OF THE UNITED STATES OF AMERICA, THE",≤100
110245523951311,Kansas Industry Project,"Kansas Industry Project, an initiative of American Industry Project",≤100
481559282597914,TrumpersUnite,Respect The Look,≤100
142370046577999,Shahid Buttar for Congress,Shahid Buttar for Congress Committee,≤100
113110137118723,Collectible Currency,Proud Patriots,≤100
1709145412721991,The Center for Growth and Opportunity at Utah State University,The Center for Growth and Opportunity,≤100
1653251174924652,Fuzzu,Fuzzu,≤100
79820371749,Ayanna Pressley,THE SQUAD VICTORY FUND,≤100
119006106155684,PI Energy,Andrew P Chung,≤100
169597416843751,Stand Up America,Stand Up America,≤100
193899114458191,James Mackler,JAMES MACKLER FOR US SENATE,≤100
128289862750,Liberty in North Korea,Liberty in North Korea,≤100
103185334702225,Stop Trump PAC,STOP 45 PAC,≤100
8532248414,Wounded Warrior Project,"WOUNDED WARRIOR PROJECT, INC.",≤100
384336778589668,Defend Our Constitution,COMMON CAUSE,≤100
1977738355807406,Sharice For Congress,SHARICE FOR CONGRESS,≤100
10897453188,Operation Mobilization - OM USA,"OPERATION MOBILIZATION USA, INC.",≤100
819607471729183,Dr. Al Gross for US Senate,DR. AL GROSS FOR U.S. SENATE,≤100
128167457221813,Public Transportation,Voices for Public Transit,≤100
313723095478950,The Daily Citizen,Focus on the Family,≤100
128213101272117,Sioux Falls Atheists,Dale Richmond Hemming,≤100
357750373755,National Domestic Workers Alliance,National Domestic Workers Alliance,≤100
2259323457517498,Abolish the Electoral College,ABOLISH THE ELECTORAL COLLEGE,≤100
181924628560212,SumOfUs,SumOfUs,≤100
331962060734197,Sioux Falls Free Thinkers,Dale Richmond Hemming,≤100
71945223065,Diamond Resorts,Diamond Resorts,≤100
455147011996099,The Ann and Phelim Scoop,The Unreported Story Society,≤100
232201568659,Pacific Justice Institute,PACIFIC JUSTICE INSTITUTE,≤100
103966331128460,Trump Train 2020 Campaign Tour,The Trump Train,≤100
219224241438635,Compassion & Choices,COMPASSION & CHOICES,≤100
1653885501501009,Propeller,Propeller Enterprises,≤100
341513602902369,CALL TO ACTIVISM,CALL TO ACTIVISM,≤100
102175879855284,Harper Perennial,HARPERCOLLINS PUBLISHERS L.L.C.,≤100
109919770417450,Southern Priorities,DCCC,≤100
1370474066365196,F1RST WARRIOR,First Warrior,≤100
1802177709900081,The Spectator US,The Spectator US,≤100
1819658374974706,Arena,Arena PAC,≤100
148731991811588,Baird,Robert W. Baird & Co. Incorporated,≤100
2256321067930356,Liberteeclub,libertyteeshop,≤100
751679868274074,Hope for Students,THE EXPECTATIONS PROJECT INC,≤100
590905468266473,US Apparel 2020,Americas Finest Products,≤100
169130743498585,Tactical Pro Supply,Chad Keller,≤100
201956993160690,MRCTV,MEDIA RESEARCH CENTER,≤100
106756327769815,Stand For The Promise,Stand For The Promise,≤100
100719625004234,Home and Community,Cynthia Nguyen,≤100
1679521432262834,Physicians Grassroots Network,American Medical Association,≤100
102970113093477,Church Militant/St. Michael’s Media,Max Aldcander Douglas,≤100
107665644228467,Conservative Journal Review,Conservative Journal Review LLC,≤100
61198206469,Tracey Mann,MANN FOR CONGRESS,≤100
108152933883451,TrumpTrendz,Troy Lorenzo Davis,≤100
210357995667559,The National Memo,The National Memo,≤100
101208514791301,Daniel Turner,Power The Future Inc,≤100
110849485902,United Way,United Way Worldwide with Facebook Ad Credits,≤100
543066585882629,Libertarian Country,Libertarian Country,≤100
117641114435,First Aid Beauty,First Aid Beauty,≤100
131306317680000,Social Goods,"Social Goods, LLC",≤100
1545826148838592,Trump 2020,Gregory Lawrence Burright,≤100
93565224474,Mercy For Animals,MERCY FOR ANIMALS,≤100
202531447982,Jimmy Chin,Protect Our Winters,≤100
953113491536337,Black to the Future Action Fund,Black to the Future Action Fund,≤100
337416009703682,Heather Carter,VOTE HEATHER CARTER SENATE,≤100
56332452163,AMA Patients Action Network,American Medical Association,≤100
394817334402124,2020 Trump Bill,Innovative Ecomm LLC,≤100
54787697857,Ron Wyden,WYDEN FOR SENATE,≤100
100401327980848,National Parents Union,National Parents Union,≤100
203330919857759,All On The Line,National Redistricting Action Fund,≤100
5943727453,American Humane,American Humane,≤100
114885646899438,Mr. 45th,Clush,≤100
124530924015,Hank Gilbert,HANK GILBERT FOR CONGRESS,≤100
114893233534632,Taking Back America,Apse Media LLC,≤100
181183059253295,Dorsal Bracelets,Dorsal Bracelets,≤100
100119981671668,Blue Senate,BLUE SENATE PAC,≤100
105370081104608,Veterans for Trump,TRUMP MAKE AMERICA GREAT AGAIN COMMITTEE,≤100
289213691238937,Thrasher Coffee,Thrasher Coffee Co.,≤100
118303441570966,Home Ownership Matters,NATIONAL ASSOCIATION OF REALTORS,≤100
166738743732702,All Above All Action,All Above All Action Fund,≤100
13187955196,Young Americans for Liberty,Young Americans for Liberty,≤100
21395843375,Dialysis Patient Citizens,DIALYSIS PATIENT CITIZENS INC,≤100
112325855474892,Speak Up For Education and Kids,National Education Association,≤100
13365227077,Planned Parenthood Advocates of Wisconsin,Planned Parenthood Advocates of Wisconsin,≤100
856086028066485,Persona,"Persona Media, Inc.",≤100
100355778430951,By Our Own Bootstraps,Brandon Vu,≤100
104838404502094,Jessica Castleberry,Jessica Lou Castleberry,≤100
102180301437619,2020 American Defense Fund,C3 PAC,≤100
110316697328742,People of Seniors Housing,People of Seniors Housing,≤100
25121889784,Texas Public Policy Foundation,Texas Public Policy Foundation,≤100
103929304678916,Voter Action Project,Integrity First Voter Action Project,≤100
260933440643373,UltraViolet,UltraViolet Action,≤100
6165653060,AFSCME,AMERICAN FEDERATION OF STATE COUNTY & MUNICIPAL EMPLOYEES,≤100
110018833813683,Flip the Senate,SMP,≤100
8145161702,Lambda Legal,"LAMBDA LEGAL DEFENSE & EDUCATION FUND, INC.",≤100
138141366212571,Gravis Marketing,GRAVIS MARKETING INC.,≤100
107197277617093,VoteSafe,National Vote At Home Institute,≤100
473191156175163,EDF Action,Environmental Defense Action Fund,≤100
107781641020385,Racial Justice Coalition of Nebraska,Racial Justice Coalition of Nebraska,≤100
100123544800892,Disme Coin Company,Byron Michael Laughlin,≤100
101485404914361,Bad News Wares,Bad News Wares,≤100
221690171353068,Jay Obernolte,JAY OBERNOLTE FOR CONGRESS 2020,≤100
108832467572329,Rank The Vote Nebraska,These ads ran without a disclaimer,≤100
105269984593079,The Way I See It,These ads ran without a disclaimer,≤100
621045511876296,Silent Majority,Silent Majority LLC,≤100
1859113087545137,Learn Everywhere,"yes. every kid, Inc.",≤100
17475614410,Hispanic Federation,Paid for by Hispanic Federation with Facebook Ad Credits,≤100
422202764649078,Rhode Island Department of Education - RIDE,Rhode Island Department of Education,≤100
111892670610842,Political AF,Quyen Sanh Gip,≤100
105837924430485,Jon L. Ungerer for State Representative 106th District,Jon L. Ungerer for State Representative 106th District,≤100
108090464296366,Republican Patriots,I Love My Freedom,≤100
1397799040234106,OpinionUP,OpinionUP LLC,≤100
551158678560402,Epimonia,Epimonia LLC,≤100
115757826468774,Statsigo,Statsigo,≤100
101391906600,Live Action News,Live Action News,≤100
112600915451330,No Labels,No Labels,≤100
158505287559920,Save the Storks,Diane Patricia Ferraro,≤100
32582320449,CMMB,CATHOLIC MEDICAL MISSION BOARD INC,≤100
175403889150682,FindLaw.com,FindLaw Consumer,≤100
117513180002579,John Shallman,Target Marketing Digital,≤100
21647204289,Michigan Education Association,Michigan Education Association,≤100
661744180680367,National Police Association,"NATIONAL POLICE ASSOCIATION, INC.",≤100
1055873511190792,Hello Resistance,Hello Resistance Apparel,≤100
102389457864860,Treehuggers Bracelets,ECOMX LLC,≤100
18983389920,Open Society Foundations,Open Society Foundations,≤100
103131054573692,Crawfordology,Crawfordology,≤100
104255784686223,The Lorna M. Johnson Global Institute,The Lorna M. Johnson Global Institute,≤100
152264148166020,Moms Clean Air Force,Moms Clean Air Force,≤100
2049170775107862,Resistance By Design,Resistance By Design,≤100
212375358784914,Ed Brodsky for State Attorney,Ed Brodsky for State Attorney,≤100
799539910084929,Shaun King,"Premiere Marketing, Inc.",≤100
112492646811151,California Census,CA Census 2020,≤100
104519591175701,Jes and Reid,Jessica Marie Richardson,≤100
614134231980299,Veterans Empowered To Protect African Wildlife,VETPAW INC,≤100
514167322309353,Dan Crenshaw,Dan Crenshaw for Congress,≤100
113310617054164,Trump Baseball Bats,Trump Baseball Bats,≤100
106114264313679,Hunt The Vote,"Hunter Nation, Inc",≤100
350784278974539,Turning Point Action,Turning Point Action,≤100
119216091518705,Protect The Harvest,Karen Elizabeth Glueck,≤100
109200595768753,The Christian Left,The Christian Left,≤100
1721333671443168,Majority Forward,MAJORITY FORWARD,≤100
2011452165561978,RuralOrganizing.org,RuralOrganizing.org,≤100
128716440866482,Adam Milstein,Adam Milstein,≤100
105732744375701,Steve Bullock,MONTANANS FOR BULLOCK,≤100
931907200310657,Patients Rising Now,Patients Rising Now Inc,≤100
110010433804232,Falkirk Center,Falkirk Center,≤100
103376804451432,Trending Politics,Making Web LLC,≤100
711909245654048,National Police Support Fund,National Police Support Fund,≤100
118269091671380,The Home T,The Home T,≤100
186805048171120,U.S. & Texas LawShield,Texas LawShield,≤100
544628295627375,Anna Tovar,Tovar for Arizona. Authorized by Anna Tovar.,≤100
58158120046,ACLJ,American Center for Law and Justice,≤100
8936818385,Accuracy in Media,"ACCURACY IN MEDIA, INC",≤100
290851614930809,Combat AntiSemitism,Combat Anti-Semitism,≤100
101859834894652,Is The News Being Manipulated?,Donna Lee Klingman,≤100
114302593701939,Silent Majority Member,Silent Majority Member,≤100
166087830076297,WebPT,WebPT,≤100
1668350569891953,Rainbow Movement,William James Ulrich,≤100
69039563201,Open Doors USA,"OPEN DOORS WITH BROTHER ANDREW, INC.",≤100
106402714456835,Trees 4 Australia,Trees4Australia,≤100
104896112844,Wake County Government,John Andrew Hamlin,≤100
111702860231554,Matt Lieberman,Matt Lieberman for Senate,≤100
612701059241880,Latinos for Trump,TRUMP MAKE AMERICA GREAT AGAIN COMMITTEE,≤100
102478528086004,Reading On the Left,St. Martin's Press,≤100
101164484986617,To Be Frank Show,Real News PR,≤100
304062610300415,VozWire,Gregson E Mathe,≤100
50711561090,Muslim Advocates,MUSLIM ADVOCATES,≤100
747783932079184,Jared Golden for Congress,COMMITTEE TO ELECT JARED GOLDEN,≤100
103617578071596,Anti-Racism Campaign,Anti-Racism Campaign,≤100
5887538795,Education Week,Education Week,≤100
100697751658498,Stronger.org,The Public Good Projects,≤100
7686808625,Jim Inhofe,FRIENDS OF JIM INHOFE,≤100
1636216106590985,Josh Hawley,JOSH HAWLEY FOR SENATE,≤100
169440273093442,The Center for Election Science,The Center for Election Science,≤100
26006662641,Arizona Democratic Party,Arizona Democratic Party,≤100
83290028957,Care Net,CARE NET,≤100
173837496125511,Conscious Step,Conscious Step,≤100
198875903295,Trek Bicycle,TREK BICYCLE CORPORATION,≤100
7642602143,Mother Jones,FOUNDATION FOR NATIONAL PROGRESS,≤100
1441431779211032,Power to Impeach,POWER TO IMPEACH,≤100
81639247722,Nebraska Children's Home Society,"A&K Marketing, Inc.",≤100
15041226930,Oxfam,"OXFAM AMERICA, INC.",≤100
1627212824167934,Men4Choice,Men4Choice,≤100
101962208261193,David Krug For Kansas Board of Education,Krug for Schools,≤100
101781744709441,Leningrad Lindsey Graham,Darian,≤100
458928061510318,Rita Hart for Iowa,RITA HART FOR IOWA,≤100
260536047319339,RN Action,American Nurses Association,≤100
87777747127,Greg Palast,Palast Investigative Fund,≤100
129921337078906,YallPolitics,"Jackson New Media, Inc.",≤100
141692255929599,Democratic Socialists of America,DEMOCRATIC SOCIALISTS OF AMERICA INC,≤100
110089227413037,The Prepared Patriot,Edward Ha,≤100
514167322309353,Dan Crenshaw,Crenshaw For Congress,≤100
1425435377743310,Conversations with Bill Kristol,The Foundation for Constitutional Government,≤100
807413476285845,Prism,DAILY KOS EDUCATION FUND,≤100
327202261326682,Stephanie Bice,Bice for Congress,≤100
999775873528189,Stopping Socialism,The Heartland Institute,≤100
210820618956311,Community Change Action,Community Change Action,≤100
497081420632330,Dr. Hiral Tipirneni,HIRAL FOR CONGRESS,≤100
313788135730191,Sioux Falls Scientists,Dale Richmond Hemming,≤100
113110137118723,Collectible Currency,Christopher Walter Adams,≤100
6041057841,The Humane Society of the United States,"HUMANE SOCIETY OF THE UNITED STATES, THE",≤100
21455818797,Feed the Children,"FEED THE CHILDREN, INC.",≤100
298271003840760,Bluestem Kansas,Bluestem Foundation,≤100
35715544220,Stand.earth,STAND,≤100
102875587947942,Keep Trump In Office,Keep Trump In Office,≤100
7209432197,Chris Coons,CHRIS COONS FOR DELAWARE,≤100
189452770432,Women's Campaign Fund,WOMENS CAMPAIGN FUND INC,≤100
1452551204988299,GoReact,Speakworks Inc,≤100
5633824547,FreedomWorks,"FREEDOMWORKS, INC.",≤100
174467403129304,Yoopine,Yoopine Inc.,≤100
1733918116873254,BackWoods Mafia,Landon David Turner,≤100
108506830560787,Jessica Scarane,JESS SCARANE FOR DELAWARE,≤100
1192579580831773,Supermajority News,Supermajority,≤100
102499901286348,Bold Vision P.C.,Bold Vision PC,≤100
248793048935235,Conservative Partnership,Conservative Partnership Institute,≤100
108296990863730,Hero Action Fund,Hero Action Fund,≤100
700941689954518,Defend Our Future,Defend Our Future,≤100
114806036986986,Laughing AF,Quyen Sanh Gip,≤100
109097790883988,OurTrump.com,Alan Neil Fink,≤100
242679302418244,Denison Forum,Denison Ministries,≤100
156994304362574,American Bridge 21st Century,AB PAC,≤100
42940254353,Human Rights Watch,"HUMAN RIGHTS WATCH, INC.",≤100
101647124981932,Patriot Flakes,Patriot Flakes,≤100
194204731012691,Cloud Accounting Podcast,Cloud Accounting Podcast,≤100
114386721939978,The Made in America Store,Anthony Michael Falbo,≤100
44340057816,Uncommon Goods,UncommonGoods,≤100
265045056894488,Mark Meckler,Convention of States Action,≤100
2070944712939738,American Police Officers Alliance,American Police Officers Alliance,≤100
1234251319933440,Exclusive Apparel,The Dude's Threads,≤100
172783160290727,New Civil Liberties Alliance,NEW CIVIL LIBERTIES ALLIANCE,≤100
111970730196550,World War Zero,AMERICAN SECURITY PROJECT,≤100
375760676281438,Mermaid Straw,Mermaid Straw,≤100
360303722260,Kathleen Williams,KATHLEEN WILLIAMS FOR MONTANA,≤100
179909895355213,AIDS United,AIDS UNITED,≤100
420424547981908,In Search of Liberty,Scott Dennis Welch,≤100
374848446414965,Pollking,Benjamin Aaron Perlman,≤100
103322426424621,Jonathan Karl,Jonathan David Karl,≤100
106166404519806,Black Lives Matter,Bryan Daley,≤100
103046977892124,Adam Christensen For Congress,ADAM J CHRISTENSEN FOR CONGRESS,≤100
1667892193505378,Hold the House,HOLD THE HOUSE PAC,≤100
107937014153581,Energized Health,John Jubilee Transformation LLC DBA Energized Health,≤100
272618896537776,America First Agenda,America First Agenda PAC,≤100
1084856268238034,Trump Talking,Roberto None Lugo,≤100
129278807814364,Women of Welcome,Welcome.,≤100
143986912311328,University of Vermont Continuing and Distance Education,University of Vermont,≤100
194115677277113,A21,A21 with Facebook Ad Credits,≤100
105561217523274,The_Dispatch,"Dispatch Media, Inc.",≤100
8321461609,MomsRising.org,MomsRising Together,≤100
872842866161157,One Nation Design,One Nation Design,≤100
111648480319494,800DEMOCRAT,800DEMOCRAT,≤100
942067839280404,Sioux Falls Feminists,Dale Richmond Hemming,≤100
112333396969405,Jim Bognet,Bognet for Congress,≤100
98912141410,American Forests,American Forests,≤100
111277640428691,President Donald J. Trump 2020,Trump Collections,≤100
102781694834193,American Herald,America First Action,≤100
617818515282920,Trumpbert: a Parody of "Dilbert",Freeman Ng,≤100
1678492922390061,WorkingNation,WorkingNation,≤100
193675533982095,Ryan Chamberlin,Ryan Chamberlin for Congress,≤100
227764782729,AMERICAN - STRONG!,American Strong LLC,≤100
227535924071462,Animal Petitions,AnimalPetitions.org,≤100
143588290234,Siouxland Chamber of Commerce,Siouxland Chamber of Commerce,≤100
228132537208218,Tammy Duckworth,TAMMY FOR ILLINOIS,≤100
123624513983,The Western Journal,The Western Journal,≤100