﻿Page ID,Page Name,Disclaimer,Amount Spent (USD)
153080620724,Donald J. Trump,TRUMP MAKE AMERICA GREAT AGAIN COMMITTEE,5736
1771156219840594,Team Trump,TRUMP MAKE AMERICA GREAT AGAIN COMMITTEE,2680
7860876103,Joe Biden,BIDEN VICTORY FUND,1343
524527947625571,South Dakota Department of Health,South Dakota Department of Health,1039
20531316728,Facebook App,"Facebook, Inc.",824
6726182861,Mike Pence,TRUMP MAKE AMERICA GREAT AGAIN COMMITTEE,638
2025785507702182,Avoid Opioid SD,South Dakota Department of Health and Social Services,448
1615018905412860,Progressive Turnout Project,PROGRESSIVE TURNOUT PROJECT,240
156968474833352,Stop Republicans,Stop Republicans,165
127755494595870,Progressive Takeover,PROGRESSIVE TAKEOVER,116
20787991568,Senate Democrats,DSCC,114
9324910069,NRSC,NRSC,≤100
791543660926838,"I'll go ahead and keep my guns, Thanks",2A4LIFE LLC,≤100
96935476345,Democratic Governors Association (DGA),Democratic Governors Association,≤100
308353252483,Kristi Noem,Kristi for Governor,≤100
202626512363,U.S. Census Bureau,U.S. Census Bureau,≤100
127225910653607,PragerU,PragerU,≤100
116222966843926,US Concealed,US Concealed,≤100
100137754724934,Trump 2020 Supporters,Proud Right Winger,≤100
1635441679872518,Kimberly Klacik,Kim Klacik for Congress,≤100
114710126648118,Republican Dogs,Republican Dogs,≤100
2352630938293825,Mytacticalpromos,Entremax,≤100
355316521236121,John Cornyn,TEXANS FOR SENATOR JOHN CORNYN INC.,≤100
1883837055193241,Shield Republic,Shield Republic,≤100
112711020364839,Keystone XL Pipeline,TC Energy,≤100
1163921807008864,MINT & LILY,Mint&Lily,≤100
830121337093232,National Democratic Training Committee,NATIONAL DEMOCRATIC TRAINING COMMITTEE PAC,≤100
165987503528599,Lindsey Graham,"TEAM GRAHAM, INC.",≤100
101279451606075,Democratic Strategy Institute,Democratic Strategy Institute,≤100
57259033959,AARP,AARP,≤100
105756057589080,The Lincoln Project,The Lincoln Project,≤100
100391581727524,Defeat By Tweet,DEFEAT BY TWEET,≤100
14856729724,Gap,Gap Inc,≤100
15188122178,The Hamilton Collection,The Hamilton Collection,≤100
717115395103069,PrintedKicks,Printed Kicks,≤100
113764163506431,Senator Jessica Castleberry,Jessica Castleberry for SD Senate,≤100
96935476345,Democratic Governors Association (DGA),DEMOCRATIC ACTION,≤100
328853823844484,Balance of Power,Balance of Power,≤100
118303441570966,Home Ownership Matters,NATIONAL ASSOCIATION OF REALTORS,≤100
1528980567353817,Love Has No Labels,Love Has No Labels with Facebook Ad Credits,≤100
228754857151053,House Majority PAC,House Majority PAC,≤100
105577974544303,The USA Needs More Patriots,AmeriPolling,≤100
176789922364429,Steve Daines,STEVE DAINES FOR MONTANA,≤100
18982436812,ACLU,American Civil Liberties Union,≤100
259130650776119,Mitch McConnell,MCCONNELL SENATE COMMITTEE,≤100
106224464107240,Jo Jorgensen,Jo Jorgensen for President,≤100
92925746942,Judicial Watch,Judicial Watch,≤100
2353537341582545,Proud Patriots,Proud Patriots,≤100
168051710543266,Lacy Johnson,Lacy Johnson for Congress,≤100
481559282597914,TrumpersUnite,Respect The Look,≤100
329892087389909,Deuel Harvest Wind Farm,Invenergy,≤100
106244251043808,Reuse Plastics,"AMERICAN CHEMISTRY COUNCIL, INC.",≤100
665345483483486,NRA - National Rifle Association of America,NATIONAL RIFLE ASSN OF AMERICA,≤100
2076249822657170,Joel Koskan for SD Senate District 26,Joel Koskan for SD Senate District 26,≤100
24413227922,Kamala Harris,BIDEN VICTORY FUND,≤100
46093654473,National Republican Congressional Committee,NRCC,≤100
111930463963056,The 2nd Amendment Book Club,Yoonjoo Park,≤100
85452072376,Newsmax,Newsmax Media,≤100
106323360959211,Patriots Republic,Matthew James Stine,≤100
892673067526965,Project War Path,Project War Path,≤100
598924810530984,Keeping America Great,FamTeeWorld,≤100
530604487365010,Old Glory Flagpole Kits,Service First,≤100
5633824547,FreedomWorks,"FREEDOMWORKS, INC.",≤100
49651563727,Live Action,Live Action,≤100
278490715553293,Martha McSally,MCSALLY FOR SENATE INC,≤100
327837911149503,2A4Life,2A4LIFE LLC,≤100
102745147891580,Trump Coolers,Eric Clifford Juels,≤100
261663760956534,America First Policies,America First Policies Inc,≤100
243097236198,City of Sioux Falls - Municipal Government,City of Sioux Falls,≤100
103597604713894,Team Trump Store,TRUMP MAKE AMERICA GREAT AGAIN COMMITTEE,≤100
1825852871023935,Gideon Oakes for District 30 Senator,Gideon Oakes for District 30 Campaign,≤100
461204744067686,Family Protection Association,Family Protection Association,≤100
314499212242,Pfizer,Pfizer Inc.,≤100
1513288538990337,Sioux Falls Downtown Rotary,Angela Patricia Kuiper,≤100
6756153498,Mike Bloomberg,Mike Bloomberg,≤100
108118933908193,Next Level Goods,Next Level Goods LLC,≤100
5435784683,Greenpeace USA,"GREENPEACE, INC.",≤100
680894095682539,Cowboy Life,"Nine Ranch Enterprises, LLC",≤100
100926135067368,Defend Your Police,Defend Your Police,≤100
21395843375,Dialysis Patient Citizens,DIALYSIS PATIENT CITIZENS INC,≤100
105577974544303,The USA Needs More Patriots,Anthony Alexander Morales,≤100
51405613519,Focus on the Family,Focus on the Family,≤100
159964696102,Kevin McCarthy,KEVIN MCCARTHY FOR CONGRESS,≤100
747436915270894,Congressional Leadership Fund,CONGRESSIONAL LEADERSHIP FUND,≤100
322551718276442,Lemons Are Blue,Lockwell LLC,≤100
101955644961936,For All Things Patriotic,Jae W Seo,≤100
560140464159364,Stand for the 2nd Amendment,SFT2 Tactical Supply,≤100
1061240530648502,Joe Collins,JOE COLLINS FOR CONGRESS,≤100
100355778430951,By Our Own Bootstraps,Brandon Vu,≤100
100256754899828,Patriot's Cave,Patriots Cave,≤100
132492254050920,American AF,AAF Nation,≤100
894096170667732,Ashley Hinson,Ashley Hinson For Congress,≤100
834645469890446,Devin Nunes,DEVIN NUNES CAMPAIGN COMMITTEE,≤100
596556607135301,The Earthling Co.,The Earthling Co.,≤100
105964624197256,Kivu Immigration Law PLLC,Erin Elizabeth Schutte Wadzinski,≤100
328072970642479,Jaime Harrison,JAIME HARRISON FOR US SENATE,≤100
593289284500311,Trump Rack,BOXD Marketing,≤100
305832706292882,American Gun Association,GunAssociation.org,≤100
872842866161157,One Nation Design,One Nation Design,≤100
1109093812491437,Blaze Media,Blaze Media LLC,≤100
126694924050678,Xavier Becerra,Becerra for Attorney General 2022,≤100
2330577043935831,Sara Gideon,SARA GIDEON FOR MAINE,≤100
100233228182981,Madison Cawthorn for Congress,CAWTHORN FOR NC,≤100
1316372698453411,Alexandria Ocasio-Cortez,Alexandria Ocasio-Cortez for Congress,≤100
700806360047982,CFG Action,Club for Growth Action,≤100
108794587327155,Good Programs 2020,Trevor Dale Seaks,≤100
158791100909689,Concerned Veterans for America,Concerned Veterans for America,≤100
101788168307680,Pause Politics,FreedomWorks Foundation,≤100
110563843644455,Crowned Ridge Wind II,"NEXTERA ENERGY RESOURCES, LLC",≤100
101461559911714,The Posh Pearl Apparel Co.,The Posh Pearl Apparel Co,≤100
19192438096,AAAS - The American Association for the Advancement of Science,American Association for the Advancement of Science,≤100
602714436529710,End Citizens United,END CITIZENS UNITED,≤100
104856814505092,The Kids Guide,The Kids Guide,≤100
6204742571,Sierra Club,SIERRA CLUB,≤100
104910457974220,Pupper Enthusiasts Unlimited,Seanross Michael Holcomb,≤100
2011452165561978,RuralOrganizing.org,RuralOrganizing.org,≤100
111928200485488,Lincoln County Citizens for Real Progress Committee,Lincoln County Citizens for Real Progress Committee,≤100
114625730266879,Republican Voters Against Trump,Defending Democracy Together,≤100
113666459994300,Big Dan Rodimer for Congress,RODIMER FOR CONGRESS,≤100
210333902420876,Sean Parnell,AMERICANS FOR PARNELL COMMITTEE,≤100
102875587947942,Keep Trump In Office,Keep Trump In Office,≤100
277005566267077,Blueland,Blueland,≤100
223008867858902,American Action News,American Action News,≤100
103036584847574,The Good Neighbor,Brandon Vu,≤100
140357056032320,NEA Today,National Education Association,≤100
108109934203874,Insta Shop Boutique,Insta Shop Boutique,≤100
405469100189512,Still My President - Donald Trump,Red State Politics LLC,≤100
130467958471,Jason Lewis,Jason Lewis for Senate,≤100
530604487365010,Old Glory Flagpole Kits,Service First Flag Poles,≤100
1449461518652183,4Patriots,4Patriots LLC,≤100
15687409793,World Wildlife Fund,World Wildlife Fund,≤100
393932827634250,Dissent Pins,Common Practice,≤100
106663044307859,Mike Sievert,"T-MOBILE USA, INC.",≤100
95356211637,Ben Ferguson,Ben Ferguson show,≤100
106114264313679,Hunt The Vote,"Hunter Nation, Inc",≤100
7814597100,Jim Jordan for Congress,JIM JORDAN FOR CONGRESS,≤100
8057376739,The Nature Conservancy,Nature Conservancy,≤100
24330467048,Americans for Prosperity,AMERICANS FOR PROSPERITY,≤100
1668350569891953,Rainbow Movement,William James Ulrich,≤100
114230073701403,Jetbound Dogs,Miguel Agustin Turk,≤100
100986518404754,Stephanie Bolman for LBST Tribal Council,Stephanie Nicole Bolman,≤100
262577294462322,Kettle Freaks,Kettle Freaks LLC.,≤100
104614641200137,MeidasTouch,MEIDASTOUCH,≤100
105995741220700,Patriots United,Le Huu Dong Huynh,≤100
219612384781411,Bloomberg Philanthropies,Bloomberg Philanthropies,≤100
105732744375701,Steve Bullock,MONTANANS FOR BULLOCK,≤100
443329669123990,USAFacts,USAFacts Institute,≤100
11653741889,Ad Council,Ad Council with Facebook Ad Credits,≤100
675471506247724,Adair for Congress,ADAIR FOR CONGRESS,≤100
2037695643113766,Blexit,Blexit Foundation,≤100
23875187730,Feeding America,Feeding America,≤100
586751814690068,Joni Ernst,Joni for Iowa,≤100
6231686654,Compassion International,"COMPASSION INTERNATIONAL, INCORPORATED",≤100
345378512258813,Elise Stefanik,ELISE FOR CONGRESS,≤100
42002969352,Center on Budget and Policy Priorities,Center on Budget and Policy Priorities,≤100
1836138529938551,Greater Half,Greater Half,≤100
1809078699219595,Fat Tire,"NEW BELGIUM BREWING COMPANY, INC.",≤100
786666294709366,South Dakota State Treasurer Josh Haeder,"the State of South Dakota Unclaimed Property Division, not tax payers.",≤100
45393753416,Alliance Defending Freedom,Alliance Defending Freedom,≤100
8501031021,VoteVets.org,VOTEVETS,≤100
30139072158,CARE,CARE,≤100
109379100777665,Patriotism Isn't Dead,Patriot Polling,≤100
2267285956849056,Donald Trump 2020 Fans,I Love My Freedom,≤100
8492293163,Environmental Defense Fund,Environmental Defense Fund,≤100
309798029121030,Everytown for Gun Safety,Everytown for Gun Safety Action Fund Inc,≤100
163148530407080,Captain Mark Kelly,MARK KELLY FOR SENATE,≤100
109966387497033,Support Our Freedoms,Kin Ngai Yeung,≤100
737686089933715,Conservative Collections,Mainline Media Group,≤100
109092142462587,Adam Schiff,SCHIFF FOR CONGRESS,≤100
839110726214614,Realtors,NATIONAL ASSOCIATION OF REALTORS,≤100
7860876103,Joe Biden,BIDEN FOR PRESIDENT,≤100
193618220508,LIFE Today,LIFE Outreach International,≤100
286172688396138,South Dakota Association of Healthcare Organizations,South Dakota Association of Healthcare Organizations,≤100
7483836629,Ancestry,Ancestry.com Operations Inc.,≤100
106973694007283,Keep America Great Again,KagaGear.com,≤100
101075798356272,ReOpen America Now,Command Center Holdings LLC,≤100
8934429638,Planned Parenthood Action,Planned Parenthood Action Fund,≤100
16477459734,League of Conservation Voters,"LEAGUE OF CONSERVATION VOTERS, INC",≤100
2019228981443626,She the People,She The People,≤100
21375324480,The Heritage Foundation,HERITAGE FOUNDATION (THE),≤100
2256321067930356,Liberteeclub,libertyteeshop,≤100
342294162453301,Planned Parenthood,Planned Parenthood Federation of America,≤100
977704775606273,Balls Deep Tackle,Balls Deep Tackle,≤100
5720973755,Defenders of Wildlife,DEFENDERS OF WILDLIFE,≤100
160513344045084,John Neely Kennedy,"John Kennedy for Us, Inc",≤100
21559454473,FAIR,FEDERATION FOR AMERICAN IMMIGRATION REFORM,≤100
103315378108004,True Patriot Strength,LE-HUU DONG HUYNH,≤100
176466646087311,DC Fawcett,VREIC,≤100
105084617912738,PatriotQuizzes,patriotquizzes.com,≤100
7263476274,Mercy Corps,Mercy Corps,≤100
629732217415068,Republican Party,Greater Half,≤100
433919203362871,Bird + Stone,BIRD & STONE INC,≤100
6500552187,Hulu,"HULU, LLC",≤100
1079789672084038,SimonBooks,Simon & Schuster,≤100
113702026736466,National Parks Action Fund,National Parks Action Fund,≤100
103185334702225,Stop Trump PAC,STOP 45 PAC,≤100
504269149745567,Our Anthem,AGAPE INTERNATIONAL MISSIONS,≤100
25852730092,Care2,Care2 Inc,≤100
8325302025,Friends of the Earth U.S.,Friends of the Earth,≤100
117144508670456,GUNVOTE,National Shooting Sports Foundation,≤100
227764782729,AMERICAN - STRONG!,American Strong LLC,≤100
107210084216238,Humanity Forward,Humanity Forward,≤100
1014486318584089,Armed American Supply,Armed American Supply,≤100
104260608058844,Awesome Survival Guides,Kirsten May Siosan Andrade,≤100
1799282383731277,TwoSeventy,Alexander Jared Deutsch,≤100
417712255663393,Equality Can't Wait,Equality Can't Wait,≤100
811733152187744,Freese and Goss - Nationwide Law Firm,Freese and Goss,≤100
110509184108983,American Survival,Andrew Joseph Young,≤100
109360297266116,Fearless Patriot,TERESA NONE OHARA-MARSH,≤100
215199482635728,Alek Skarlatos,ALEK FOR OREGON,≤100
7976226799,The Daily Show,Comedy Central,≤100
156268994819596,Marc J. Bern & Partners LLP,Marc J. Bern & Partners LLP,≤100
1136781033034012,Brave New Look,Brave New Look,≤100
116238930177726,Artsiful,Brad Aaron Shaw,≤100
103571278142168,Joni Ernst Isn’t On Our Side,DSCC,≤100
112420993589373,Young and Old for America,Andrew Joseph Young,≤100
97493741436,John W. Hickenlooper,HICKENLOOPER FOR COLORADO,≤100
111393882812494,Amy McGrath,"AMY MCGRATH FOR SENATE, INC.",≤100
8550121410,Free Speech America Project,MEDIA RESEARCH CENTER,≤100
163302087408673,Stop The Donald,Stop the Donald,≤100
8047221596,Save the Children US,"SAVE THE CHILDREN FEDERATION, INC.",≤100
1530883997194411,United States Constitution,Flag and Cross,≤100
257019421075897,Cory Gardner,Cory Gardner for Senate,≤100
101127364972509,Dems For USA,Dems For USA,≤100
104934207736995,Paycheck to Paycheck,Center for American Progress Action Fund,≤100
352527958302,Israel on Campus Coalition,Israel on Campus Coalition,≤100
72186095846,Center For American Progress Action Fund,Center for American Progress Action Fund,≤100
95483488591,Democratic Party of Wisconsin,DEMOCRATIC PARTY OF WISCONSIN,≤100
350784278974539,Turning Point Action,Turning Point Action,≤100
317894938412949,Suntory,Suntory Holdings Limited,≤100
293225127381200,Patriot Depot,The Patriot Depot,≤100
1419388578092947,Anna Paulina Luna,ANNA PAULINA LUNA FOR CONGRESS,≤100
47710973068,Cooperative Action Network,National Rural Electric Cooperatives Association,≤100
493811210669780,Creative Action Network,Creative Action Network,≤100
1055873511190792,Hello Resistance,Hello Resistance Apparel,≤100
29770886815,Marijuana Policy Project,Marijuana Policy Project,≤100
169294473121454,Policetees.com,PoliceTees.com,≤100
111324359048459,Dr. Roger Marshall,KANSANS FOR MARSHALL,≤100
10423517786,Harvard Business Review,HARVARD BUSINESS SCHOOL PUBLISHING CORPORATION,≤100
18813753280,Human Rights Campaign,"HUMAN RIGHTS CAMPAIGN, INC",≤100
146211696845,University of Pennsylvania Carey Law School,Marin Nicole Smith,≤100
360303722260,Kathleen Williams,KATHLEEN WILLIAMS FOR MONTANA,≤100
518194348194441,RepresentUs,RepresentUs,≤100
1228396643984955,Michelle Steel,Michelle Steel for Congress,≤100
122314407789282,Dan Ahlers for U.S. Senate,AHLERS FOR SENATE,≤100
280704452367167,Jason Crow,JASON CROW FOR CONGRESS,≤100
407664862957433,Ammar Campa-Najjar for Congress,AMMAR CAMPA-NAJJAR FOR CONGRESS,≤100
104272998052746,Standing Strong Together,Claire Wang,≤100
128041845508205,In Good Company,Hanson Han Xu,≤100
628891490457484,Nancy Mace,Nancy Mace for Congress,≤100
113398717117686,Beach Dogs Ltd.,Christopher James Lamos,≤100
788394134539871,USPS Business,United States Postal Service,≤100
587676831343390,Raheem AI,RAHEEM AI,≤100
605168822998856,314 Action,314 ACTION FUND,≤100
85273022315,NAMI,NAMI,≤100
219457576170706,Patriotic Volunteers,Harrison T Chung,≤100
53541257714,The Arc of the United States,The Arc with Facebook Ad Credits,≤100
643463669628493,Public Opinion Research Group,"Public Opinion Research Group, Inc",≤100
384557995468219,Viral Casez,Viral Casez,≤100
109984394118472,Mask Exemption Cards,Mask Exemption Cards,≤100
679171239164792,Supermajority,Supermajority,≤100
90498769709,Edenpure,EdenPURE®,≤100
1010143499143169,Medicare Savings,"Mayo Labs, LLC",≤100
102137374563260,Confide in American Pride,John Allen Franson,≤100
15239367801,The Wilderness Society,"WILDERNESS SOCIETY, THE",≤100
2078647579047586,Project Pulso,Project Pulso,≤100
149081336362,AmeriCorps VISTA,Corporation for National and Community Service,≤100
28510612138,Uncommon Knowledge,Hoover Institution,≤100
153678684700451,American Investment Council,AMERICAN INVESTMENT COUNCIL,≤100
431099560800970,Front Page Live,"Front Page Live, Inc.",≤100
143089732792,Marsha Blackburn,Marsha for Senate,≤100
184731548554164,PL+US,Plus Fund: Paid Leave for the United States,≤100
6240652407,Young America's Foundation,YOUNG AMERICA'S FOUNDATION INC,≤100
6333396177,NewsBusters.org,MEDIA RESEARCH CENTER,≤100
284946111858895,Debbie Mucarsel-Powell,DEBBIE FOR CONGRESS,≤100
33110852384,Doctors Without Borders/Médecins Sans Frontières (MSF),Doctors Without Borders/Médecins Sans Frontières (MSF),≤100
176466646087311,DC Fawcett,Donald Chappell Fawcett,≤100
1336293769761923,Jon Ossoff,JON OSSOFF FOR SENATE,≤100
298920260604,American Heart Association - Nebraska,American Heart Association,≤100
109984394118472,Mask Exemption Cards,These ads ran without a disclaimer,≤100
1338822066131069,Women's March,Women's March,≤100
195530355493,Chicks On The Right,Chicks on the Right,≤100
24481937944,Theodore Roosevelt Conservation Partnership,"THEODORE ROOSEVELT CONSERVATION PARTNERSHIP, INC",≤100
911828698840246,ReLEntless Defender Apparel,ReLEntless Defender Apparel,≤100
109320440856128,Together Beat Hate,"Foundation to Combat Anti-Semitism, Inc.",≤100
2309566456030859,Human Coalition Action,Human Coalition Action,≤100
178835922297833,American Clinical Laboratory Association,American Clinical Laboratory Association,≤100
342887442508723,Convention of States,Convention of States Action,≤100
420785874975425,Conservative Institute,The Conservative Institute,≤100
585942765164217,Elect Democratic Women,ELECT DEMOCRATIC WOMEN,≤100
309308412520731,Sandy Hook Promise,Sandy Hook Promise,≤100
167586229923327,World Food Program USA,World Food Program USA,≤100
103682110993833,Arctic Refuge Defense Campaign,Alaska Wilderness League,≤100
166618413413767,Jay Sekulow,American Center for Law and Justice,≤100
934438026690635,YouGov,YOUGOV AMERICA INC.,≤100
110018833813683,Flip the Senate,SMP,≤100
209516845093,NRDC Action Fund,NRDC Action Fund,≤100
169130743498585,Tactical Pro Supply,Chad Keller,≤100
11006419356,The Voice of the Martyrs - USA,"VOICE OF THE MARTYRS, INC., THE",≤100
108567770915028,Collier for House 2020,Caitlin Finley Collier,≤100
655065784538368,PredictIt,"PredictIt - Prediction Markets. A project of Victoria University of Wellington, PredictIt has been established to facilitate research into the way markets forecast events.",≤100
205395906412,UAW International Union,"INTERNATIONAL UNION, UNITED AUTOMOBILE, AEROSPACE AND AGRICULTURAL IMPLEMENT WORKERS OF AM",≤100
11791104453,NRDC,Natural Resources Defense Council,≤100
1084856268238034,Trump Talking,Roberto None Lugo,≤100
181924628560212,SumOfUs,SumOfUs,≤100
113893390401923,American Survival,Tein Yang Sun,≤100
1476342155924546,Big Rig Threads,Big Rig T-Shirts and Decals LLC,≤100
376776419037747,Turning Point USA,Turning Point USA,≤100
228132537208218,Tammy Duckworth,TAMMY FOR ILLINOIS,≤100
58736997707,Marco Rubio,Marco Rubio for Senate,≤100
34701792581,EWTN,Eternal Word Television Network,≤100
36474716066,Color Of Change,ColorofChange.org,≤100
303167829786891,Ed Markey,THE MARKEY COMMITTEE,≤100
465483726908192,iVote,IVote Civic Education Fund,≤100
108551467486050,Itoroo,These ads ran without a disclaimer,≤100
129255907131113,NumbersUSA,NUMBERSUSA EDUCATION AND RESEARCH FOUNDATION,≤100
1447994318779650,AirMedCare Network,AIrMedCare Network,≤100
83290028957,Care Net,CARE NET,≤100
1934191280189700,Health Care Voter,Health Care Voter,≤100
112600915451330,No Labels,No Labels,≤100
206677396413254,Abortion On Our Own Terms,Abortion On Our Own Terms,≤100
1316372698453411,Alexandria Ocasio-Cortez,THE SQUAD VICTORY FUND,≤100
27544763621,Prison Fellowship,Prison Fellowship,≤100
137459917707,The Brookings Institution,The Brookings Institution,≤100
193246844702687,Defending Democracy Together,Defending Democracy Together,≤100
2283535575207809,Ditch Mitch,DITCH FUND,≤100
30866133883,Alaska Wilderness League,ALASKA WILDERNESS LEAGUE,≤100
1048486145183452,We Testify,We Testify,≤100
113891694102,Energy Citizens,AMERICAN PETROLEUM INSTITUTE,≤100
100911481267154,"Luke Gromen - FFTT, LLC","FFTT, LLC",≤100
114137307071679,31 October,Quyen Sanh Gip,≤100
336470580233523,Pins and Aces Golf Co.,US Craft Brands LLC,≤100
1025055787535714,A Case for Women,A Case for Women,≤100
331037760381749,Sierra Magazine,SIERRA CLUB,≤100
354851377936744,BookTV,C-SPAN,≤100
51761261956,The Bill of Rights Institute,"BILL OF RIGHTS INSTITUTE, THE",≤100
373814729643508,Let America Vote,LET AMERICA VOTE PAC,≤100
107589664099282,Stand Up To China,"Stand Up To China, Inc.",≤100
129523843754764,Vote Smart,PROJECT VOTE SMART,≤100
2012750189007245,Liquid Death Mountain Water,Liquid Death,≤100
780941275347834,Ilhan Omar,ILHAN FOR CONGRESS,≤100
131459315949,CBS News,These ads ran without a disclaimer,≤100
1553558311617419,People United for Privacy,People United for Privacy,≤100
113173667121573,BLM Society,BLM Society,≤100
942067839280404,Sioux Falls Feminists,Dale Richmond Hemming,≤100
30708742052,FCTRY,FCTRY,≤100
1859113087545137,Learn Everywhere,"yes. every kid, Inc.",≤100
746938465317981,Nuclear Matters,Nuclear Matters,≤100
181183059253295,Dorsal Bracelets,Dorsal Bracelets,≤100
127216280686110,Ann Wagner,Ann Wagner for Congress,≤100
19342050934,Leadership Institute,LEADERSHIP INSTITUTE INC,≤100
109186244232765,The Liberty Club,Cindy None Dao,≤100
114885646899438,Mr. 45th,Clush,≤100
163386873717200,EMATiON,EMATiON,≤100
7292655492,MoveOn,MOVEON.ORG CIVIC ACTION,≤100
296708523873754,Karla Dennis and Associates Inc.,"Karla Dennis & Associates, Inc",≤100
43287633515,Alliance for Climate Education,Alliance for Climate Education,≤100
162493793737,Rick Green,Richard Arlin Green,≤100
496696933682736,Jeff Merkley,JEFF MERKLEY FOR OREGON,≤100
23245606841,Hachette Book Group,"Hachette Book Group, Inc.",≤100
1194865807192273,Conservative Gear,Outergoods LLC,≤100
592707041080920,Stand Together,Stand Together Chamber of Commerce Inc.,≤100
23790541544,Democrats,DCCC,≤100
173470656019870,The Daily Yonder,Great Stories LLC,≤100
1439829396312534,The Movement for Black Lives,Movement for Black Lives,≤100
132111055253864,Furry Friends Ads,Joseph Michael Tumminello,≤100
266344180585578,Jim Jordan for Congress,JIM JORDAN FOR CONGRESS,≤100
683872625157265,Theresa Greenfield,THERESA GREENFIELD FOR IOWA,≤100
419237048158257,Susan Collins,COLLINS FOR SENATOR,≤100
7292655492,MoveOn,MOVEON.ORG POLITICAL ACTION,≤100
105310881080766,Cole for District 15 House,Cole Mark Heisey,≤100
10150100007820094,Wendy Davis,WENDY DAVIS FOR CONGRESS,≤100
112735922758892,Charlie Kirk,Charlie Kirk,≤100
315151565831,Ascension,Ascension Press,≤100
21472760578,C-SPAN,C-SPAN,≤100
332803374044043,Chris Bubser for Congress,CHRIS BUBSER FOR CONGRESS,≤100
143089732792,Marsha Blackburn,Blackburn Tennessee Victory Fund,≤100
249716212080256,Jim Clyburn,FRIENDS OF JIM CLYBURN,≤100
6820348410,Kirsten Gillibrand,Off the Sidelines,≤100
79125112926,Students for Life of America,"STUDENTS FOR LIFE OF AMERICA, INC.",≤100
134452023239984,Human Coalition,Human Coalition,≤100
108029674299216,We The People,We The People,≤100
118502801658228,Young Kim,Young Kim for Congress,≤100
115364585711,Lawyers' Committee for Civil Rights Under Law,Lawyers' Committee for Civil Rights Under the Law with Facebook Ad Credits,≤100
109111900634787,Reverend Raphael Warnock,WARNOCK FOR GEORGIA,≤100
96171427550,Raja for Congress,FRIENDS OF RAJA FOR CONGRESS,≤100
42872222699,Dana Loesch,Dana Loesch Radio,≤100
315467021926595,Native Voice Network,"AMERICANS FOR INDIAN OPPORTUNITY, INC",≤100
1000253160054572,Cori Bush,CORI BUSH FOR CONGRESS,≤100
105157841248307,No Filter Politics,No Filter Politics,≤100
7833534974,Florida Democratic Party,Florida Democratic Party,≤100
107654924064350,Pat Timmons-Goodson,PATRICIA TIMMONS-GOODSON FOR CONGRESS,≤100
106667854471975,Outspoken,Log Cabin Republicans,≤100
1832744013698336,Mahogany Mommies,Mahogany Mommies,≤100
405355946226766,Todd Young,"FRIENDS OF TODD YOUNG, INC.",≤100
100161931623703,Louise Snodgrass for South Dakota House - District 7,Neighbors for Louise Snodgrass,≤100
38235851310,USA for UNHCR,UNITED STATES ASSOCIATION FOR UNHCR,≤100
218020061613734,UBS,UBS Financial Services Inc.,≤100
111892670610842,Political AF,Quyen Sanh Gip,≤100
234628203317767,Made for Freedom,Made for Freedom,≤100
114386721939978,The Made in America Store,Made In America Store,≤100
236369846383459,Congressional Black Caucus PAC,Congressional Black Caucus PAC,≤100
96832392186,US Open Tennis Championships,United States Tennis Association (USTA),≤100
325578590837480,Protect Our Care,Sixteen Thirty Fund,≤100
1551109418518461,The Honest Patriot,Amundson Media LLC,≤100
106140571085743,Natalia For Congress,NATALIA LINOS FOR CONGRESS,≤100
46347342434,EMILY's List,EMILY'S LIST,≤100
105923414441513,Nichole Cauwels For Senate,Nichole Michelle Cauwels,≤100
106949844346620,Trumpian Republicans,Gregory Lawrence Burright,≤100
7962229886,Environmental Working Group,ENVIRONMENTAL WORKING GROUP,≤100
100981388409482,Perfect gifts,These ads ran without a disclaimer,≤100
10128918116,Gavin Newsom,NEWSOM FOR CALIFORNIA GOVERNOR 2022,≤100
309798029121030,Everytown for Gun Safety,EVERYTOWN FOR GUN SAFETY VICTORY FUND,≤100
101855028172274,Jessica Hegge,Jessica Hegge for SD House,≤100
260754507296508,The Voter Participation Center,Voter Participation Center,≤100
94047978366,PCCC - BoldProgressives.org,PROGRESSIVE CHANGE CAMPAIGN COMMITTEE,≤100
116546288359245,Heritage Action for America,HERITAGE ACTION FOR AMERICA,≤100
107456970701014,Mary Fitzgerald for District 31 House,Aary Fitzgerald,≤100
1600352356914768,PushBlack,PushBlack,≤100
127470355419209,A Family Stands Together,Daniel Wang,≤100
172298889630363,Republican Attorneys General Association,REPUBLICAN ATTORNEYS GENERAL ASSOCIATION,≤100
537534316395916,Students for Trump,Turning Point Action,≤100
5943727453,American Humane,American Humane,≤100
12683623041,Society for Human Resource Management (SHRM),SOCIETY FOR HUMAN RESOURCE MANAGEMENT,≤100
514167322309353,Dan Crenshaw,Crenshaw For Congress,≤100
319982881752525,Kara Eastman,EASTMAN FOR CONGRESS,≤100
120085718005638,American Prairie Reserve,American Prairie Reserve,≤100
971668776283950,PolicyEd,Hoover Institution,≤100
34362997676,United States Holocaust Memorial Museum,UNITED STATES HOLOCAUST MEMORIAL MUSEUM,≤100
1708467695859543,Veteran Transition Mission,Sonia Ivelisse Barriera Ayala,≤100
125649561365522,J.D. Scholten,SCHOLTEN4IOWA CAMPAIGN COMMITTEE,≤100
112043050446693,Together for 2020,Left of Center PAC,≤100
931907200310657,Patients Rising Now,Patients Rising Now Inc,≤100
105433064492153,The Return 2020,The Return International,≤100
111536353963034,"Vote Him Out, Inc.",Vote Him Out,≤100
131306317680000,Social Goods,"Social Goods, LLC",≤100
1852520761657982,4ocean,4ocean,≤100
200650357207240,I Love My Freedom,I Love My Freedom,≤100
785936231584382,Paula Jean Swearengin,Paula Jean for West Virginia,≤100
152264148166020,Moms Clean Air Force,Moms Clean Air Force,≤100
779309092233298,Ben Crump,X Social Media,≤100
213792049451918,Stand For America,Stand For America Inc,≤100
110439270638992,NE1else,Time Management LLc,≤100
802271849850801,Freedom for All Americans,Freedom for All Americans,≤100
1917715138510680,Follow Your Legend,Legend Bracelet,≤100
16792125167,Jimmy Patronis,Treasure Florida PC,≤100
305643856459460,Burgess Owens,Burgess 4 Utah,≤100
103744091462809,The Trump Closet,Kenneth Dione Keith Jr,≤100
245284549333866,ASMDSS,ASMDSS,≤100
341513602902369,CALL TO ACTIVISM,CALL TO ACTIVISM,≤100
394817334402124,2020 Trump Bill,Innovative Ecomm LLC,≤100
101591551371555,Fire Mitch. Save America.,SAVE AMERICA FUND,≤100
339432396135584,The Exodus Road,EXODUS ROAD INC,≤100
103322921464230,Standing United,Tein Yang Sun,≤100
30079936984,CWS,"CHURCH WORLD SERVICE, INC.",≤100
114386721939978,The Made in America Store,Anthony Michael Falbo,≤100
6041057841,The Humane Society of the United States,"HUMANE SOCIETY OF THE UNITED STATES, THE",≤100
317284821682168,Messianic Jewish Alliance of America (MJAA),Messianic Jewish Alliance of America,≤100
519590768083165,Abby Finkenauer for Congress,FINKENAUER FOR CONGRESS,≤100
116072753082353,Shabby Chic Apparel,These ads ran without a disclaimer,≤100
376638603087168,Save The Earth,8 Billion Trees,≤100
413500232549343,National Vet Help,Illingworth Renner Basin Law Group LLP,≤100
235701154010364,E Pluribus Unum,E Pluribus Unum Fund,≤100
51379424899,Mercy Ships,MERCY SHIPS INTERNATIONAL,≤100
18479402361,No Kid Hungry,No Kid Hungry,≤100
112164673854264,Living Patriotically,Living Patriotically,≤100
111428049989,Cal Cunningham,CAL FOR NC,≤100
166495790533335,American Population Panel,CHRR,≤100
100401327980848,National Parents Union,National Parents Union,≤100
6691963292,Jeanne Shaheen,SHAHEEN FOR SENATE,≤100
154860200019,Immigrants Rising,Immigrants Rising,≤100
100719625004234,Home and Community,Cynthia Nguyen,≤100
101164484986617,To Be Frank Show,Real News PR,≤100
80060992758,Center for Food Safety,"CENTER FOR FOOD SAFETY, THE",≤100
1439364926329185,Animal Matters,Animal Matters,≤100
103682110993833,Arctic Refuge Defense Campaign,These ads ran without a disclaimer,≤100
114184489945533,Hawkfish,Hawkfish LLC,≤100
277414242013,Joyce Elliott for Congress,JOYCE ELLIOTT FOR CONGRESS,≤100
102970113093477,Church Militant/St. Michael’s Media,Max Aldcander Douglas,≤100
417522508294454,Job Creators Network,Job Creators Network,≤100
108862184052039,ROMTech,"ROM Technologies, Inc.",≤100
101574025015329,Emergency Tips,Christopher Allen Supek,≤100
119006106155684,PI Energy,Andrew P Chung,≤100
251632675552663,Rigged: The Voter Suppression Playbook,American Issues Initiative,≤100
129181937109516,CFT - California Federation of Teachers,CALIFORNIA FEDERATION OF TEACHERS,≤100
165858562140,Western Resource Advocates,Western Resource Advocates,≤100
221690171353068,Jay Obernolte,Jay Obernolte for Congress,≤100
17911165812,Covenant House International,Covenant House,≤100
2003954429849200,Carrie Kerpen,Daniel Jeremy Kerpen,≤100
100158548486722,Trump Cups,Isaac Raymond Leary,≤100
192771954102960,Jordan Sekulow,American Center for Law and Justice,≤100
203197030603239,8 Billion Trees,8 Billion Trees,≤100
442159053368561,Women Speak Out PAC,Women Speak Out PAC,≤100
103801844298982,Team Collins,COLLINS FOR SENATOR,≤100
168452723312821,Chisholm Chisholm & Kilpatrick LTD,Chisholm Chisholm & Kilpatrick LTD,≤100
51052893175,Kevin McCarthy,Leader Kevin McCarthy,≤100
566008736785269,Be Heard Project,Be Heard Project,≤100
2309566456030859,Human Coalition Action,PRO-LIFE TEXANS A HUMAN COALITION ACTION PAC,≤100
85054374416,Nebraska Appleseed,NEBRASKA APPLESEED CENTER FOR LAW IN THE PUBLIC INTEREST,≤100
112488757165613,Blue Line Stockpile,Blueline Stockpile,≤100
263210730984251,We Are Great Again Pac,WE ARE GREAT AGAIN PAC,≤100
143588290234,Siouxland Chamber of Commerce,Siouxland Chamber of Commerce,≤100
13187955196,Young Americans for Liberty,Young Americans for Liberty,≤100
513695272011123,The Genesis Prize,GPF NA LLC,≤100
592347634460462,Partnership for America's Health Care Future,Partnership for America's Health Care Future,≤100
105536127617594,The American Digest,The American Digest,≤100
284002627318,Adobe Acrobat,Adriana None Frias,≤100
112791620539384,No on Prop 15,"No on Proposition 15, Protecting Our Family Farms sponsored by Alliance of California's Farmers and Ranchers. Committee major funding from California Dairies.",≤100
243947752771440,TJ Cox for Congress,TJ COX FOR CONGRESS,≤100
375760676281438,Mermaid Straw,Mermaid Straw,≤100
2165983337048601,LeverforChange,Lever for Change,≤100
97261063097,Global Fund for Women,"GLOBAL FUND FOR WOMEN, INC., THE",≤100
282728185140429,Rep For Vets,The Rep For Vets,≤100
102010211314386,Donald Trump 2020 Voters,I Love My Freedom,≤100
950998258312654,Knowhere,"Knowhere, Inc.",≤100
1311291038982513,2A Gear,Teecreations LLC,≤100
375301089246439,Thom Tillis,THOM TILLIS COMMITTEE,≤100
291102898490822,Giant Maga Hat,Inventors club LLC,≤100
621647948489627,The Good Companion,Megan Kristen Hall,≤100
103373224404755,Impact Slates,COLLECTIVE IMPACT PAC,≤100
514167322309353,Dan Crenshaw,Dan Crenshaw for Congress,≤100
1809715209318581,Marjorie Taylor Greene for Congress,GREENE FOR CONGRESS,≤100
1667892193505378,Hold the House,HOLD THE HOUSE PAC,≤100
237477017606,Club for Growth,Club for Growth,≤100
104667417857551,United Association LLC,United Association LLC,≤100
15503839732,Peter G. Peterson Foundation,Peter G. Peterson Foundation,≤100
170591064699,Southern Poverty Law Center,"SOUTHERN POVERTY LAW CENTER, INC., THE",≤100
623339164538852,National Security Action,Nationalsecurityaction.org,≤100
327202261326682,Stephanie Bice,Bice for Congress,≤100
1681120172099567,Libertarian Candidates,Ryan Allen Raymond,≤100
1204754733024419,People's Power Grab,ACRONYM,≤100
562062183807179,United Plant Savers,UNITED PLANT SAVERS,≤100
8936818385,Accuracy in Media,"ACCURACY IN MEDIA, INC",≤100
198331123534170,SiriusXM Sports,SIRIUS XM RADIO INC.,≤100
1977738355807406,Sharice For Congress,SHARICE FOR CONGRESS,≤100
255208337943901,Jobs Growth,"JOBS FREEDOM AND SECURITY PAC, Not authorized by any candidate or candidate’s committee.",≤100
416913748508616,We Welcome Refugees,We Welcome Refugees,≤100
107665644228467,Conservative Journal Review,Conservative Journal Review LLC,≤100
102756811269921,Fellow Americans,Fellow Americans,≤100
105455840860559,EagleRealm LLC,Eagle Realm,≤100
102846434825096,Beat Abbott,Beat Abbott PAC,≤100
143981748956175,Rural Assembly,Rural Assembly,≤100
357554791340788,Liker,Omar Rivero,≤100
101525774999212,BLM,Bryan Daley,≤100
9739634228,The Political Machine,"Hitcents.com, Inc",≤100
166738743732702,All Above All Action,All Above All Action Fund,≤100
110962313941403,Vote from Home 2020,PEOPLE FOR GOVERNMENT PAC,≤100
1099478666810053,Meals For Pets,Meals for Pets,≤100
69039563201,Open Doors USA,"OPEN DOORS WITH BROTHER ANDREW, INC.",≤100
420424547981908,In Search of Liberty,Scott Dennis Welch,≤100
7148723514,Sundance Film Festival,SUNDANCE INSTITUTE,≤100
1545826148838592,Trump 2020,Gregory Lawrence Burright,≤100
296093157932840,The Fulcrum,The Fulcrum,≤100
55549065733,Voto Latino,VOTO LATINO INC.,≤100
105561217523274,The_Dispatch,"Dispatch Media, Inc.",≤100
8473889271,National Parks Conservation Association,National Parks Conservation Association,≤100
1053833861326820,John Burke,Presidential Playbook,≤100
61265398450,AmeriCorps NCCC,Corporation for National and Community Service,≤100
7219151423,The Fund for American Studies (TFAS),The Fund for American Studies,≤100
953113491536337,Black to the Future Action Fund,Black to the Future Action Fund,≤100
680549575421741,UnitedVoice.com,"Beachside Media, Inc.",≤100
210277954204,The Young Turks,"The Young Turks, Inc.",≤100
103644036958,United Association,United Association Political Education Committee,≤100
108152933883451,TrumpTrendz,Troy Lorenzo Davis,≤100
2255846891314996,Corn Refiners Association,"corn refiners association, inc",≤100
109509407182490,Bethany Soye for District 9,Bethany Soye for District 9,≤100
112334757233941,Right to Telehealth,Jeremy Joseph Schaller,≤100
169597416843751,Stand Up America,Stand Up America,≤100
300992409852,Hoover Institution,Hoover Institution,≤100
107698564046392,Lauren Boebert for Congress,LAUREN BOEBERT FOR CONGRESS,≤100
313788135730191,Sioux Falls Scientists,Dale Richmond Hemming,≤100
656263988182462,Bill Hagerty,TEAM HAGERTY,≤100
2068988876444634,Stand Up for Accurate Prenatal Answers,STAND UP FOR ACCURATE PRENATAL ANSWERS INC,≤100
101481584557260,Help Asheville Bears-HAB,Heather Christina Williams,≤100
110316697328742,People of Seniors Housing,People of Seniors Housing,≤100
106968690805026,Sima for Texas,SIMA FOR TEXAS,≤100
653076538223048,Pennsylvania Firearms Association,Pennsylvania Firearms Association,≤100
331962060734197,Sioux Falls Free Thinkers,Dale Richmond Hemming,≤100
8446177150,Chosen People Ministries,CHOSEN PEOPLE MINISTRIES INC,≤100
210357995667559,The National Memo,The National Memo,≤100
248181906078243,National Institute for Civil Discourse,CommonSense American,≤100
8524198486,Physicians Committee for Responsible Medicine,"PHYSICIANS COMMITTEE FOR RESPONSIBLE MEDICINE, INC.",≤100
123963360928,SiriusXM,SIRIUS XM RADIO INC.,≤100
333710103706307,Giffords,GIFFORDS PAC,≤100
111499100431,National Association for Gun Rights,NATIONAL ASSOCIATION FOR GUN RIGHTS INC,≤100
217569858071,Areva Martin,Areva Denise Martin,≤100
173837496125511,Conscious Step,Conscious Step,≤100
38471053686,Elizabeth Warren,"WARREN DEMOCRATS, INC.",≤100
782093245218764,Qasim Rashid,RASHID FOR VA,≤100
253791814655400,Doug Collins,"COLLINS FOR SENATE, INC.",≤100
100872105028876,Unite To Fight Poverty,Daniel Jacob Russo,≤100
107289609296509,American Heart Association - Missouri,American Heart Association,≤100
108281434237351,UBS Financial Services Inc.,UBS Financial Services,≤100
627211184587103,Forever Patriot,Harrison T Chung,≤100
1613289982270065,Choose Courage Foundation,Choose Courage Foundation,≤100
188253757857910,Pure Flix,These ads ran without a disclaimer,≤100
1526736227567131,TrueCoverage,True Coverage,≤100
100722328329613,Every Single Vote,Every Single Vote,≤100
10760692978,World Hope International,World Hope International,≤100
117641114435,First Aid Beauty,First Aid Beauty,≤100
167968013767335,Julie Oliver,JULIE OLIVER FOR CONGRESS,≤100
115379705206001,U.S. Department of Homeland Security Blue Campaign,DHS Blue Campaign,≤100
133294620046953,Mission India,MISSION INDIA INC,≤100
317510461992641,Dana Balter,FRIENDS OF DANA BALTER,≤100
80856241270,Wyland Foundation,These ads ran without a disclaimer,≤100
107483911082907,Trump Footballs,"Local Guys Marketing, LLC",≤100
303061950155375,John James,"JOHN JAMES FOR SENATE, INC.",≤100
106308567506025,Moe Davis for Congress,MOE DAVIS FOR CONGRESS,≤100
289213691238937,Thrasher Coffee,Thrasher Coffee Co.,≤100
1690071827911682,Cleancult,cleancult,≤100
1063260777120366,Care/of,These ads ran without a disclaimer,≤100
123624513983,The Western Journal,The Western Journal,≤100
107248944146204,Carlos Gimenez for Congress,Carlos Gimenez for Congress,≤100
169440273093442,The Center for Election Science,The Center for Election Science,≤100
896094050438651,Melanin Apparel,These ads ran without a disclaimer,≤100
301228420816284,Teresa Leger Fernandez,TERESA FOR ALL,≤100
30914589895,The International Fellowship of Christians and Jews,"INTERNATIONAL FELLOWSHIP OF CHRISTIANS & JEWS, INC.",≤100
105835711208027,The Progressive List,THE PROGRESSIVE LIST,≤100
35169196082,Project HOPE,"PROJECT HOPE-THE PEOPLE-TO-PEOPLE HEALTH FOUNDATION, INC.",≤100
1709145412721991,The Center for Growth and Opportunity at Utah State University,The Center for Growth and Opportunity,≤100
1612726335627171,We the Internet TV,We the Internet TV,≤100
117437204982602,American Wild Horse Campaign,American Wild Horse Campaign,≤100
107529267737819,Steady Patriot Hands,Hanson Han Xu,≤100
202071006601223,The Good Party,THE GOOD PARTY,≤100
197760674021143,Indivisible Guide,INDIVISIBLE ACTION,≤100
385473284886474,Hillsdale College,These ads ran without a disclaimer,≤100
176099072429809,Oceana in Florida,OCEANA,≤100
135298176481584,Marine Corps Scholarship Foundation,Marine Corps Scholarship Foundation,≤100
100506848295759,Made to Fail,Made To Fail,≤100
127637620616803,Comcast Newsmakers,Comcast,≤100
17203056985,Partners In Health,Partners In Health,≤100
130848666099,Business Forward,Business Forward Inc.,≤100
143729616392084,Van Drew for Congress,Van Drew for Congress,≤100
114893233534632,Taking Back America,Apse Media LLC,≤100
156994304362574,American Bridge 21st Century,AB PAC,≤100
179513292162226,American History TV,C-SPAN,≤100
222745994575140,Project ChildSafe,"NATIONAL SHOOTING SPORTS FOUNDATION, INC.",≤100
1268410219898273,Tango Tango,Tango Tango Inc,≤100
1375618656016062,Deb Haaland for Congress,DEB HAALAND FOR CONGRESS,≤100
6236054211,Brady,Brady Campaign to Prevent Gun Violence,≤100
1632568446971453,Boredwalk,Boredwalk,≤100
309993142375589,Joe Kennedy III,KENNEDY FOR MASSACHUSETTS,≤100
143986912311328,University of Vermont Continuing and Distance Education,University of Vermont,≤100
455147011996099,The Ann and Phelim Scoop,The Unreported Story Society,≤100
294508332028,Lakota People's Law Project,ROMERO INSTITUTE,≤100
102281264932254,The Southern Strategy,Southern Strategy,≤100
105481140904672,Core Prestige,Core Prestige,≤100
219224241438635,Compassion & Choices,COMPASSION & CHOICES,≤100
2146201085498440,Tony Gonzales,Tony Gonzales for Congress,≤100
278487153675,Redneck Nation Clothing,Tracie Milliron Gold,≤100
44255328352,Farm Forward,Farm Forward,≤100
6820348410,Kirsten Gillibrand,Gillibrand for Senate,≤100
142432192446984,David Horowitz Freedom Center,David Horowitz Freedom Center,≤100
101165966152,AFL-CIO,AFL-CIO,≤100
129278807814364,Women of Welcome,Welcome.,≤100
8749090685,GoDaddy,GoDaddy,≤100
103131054573692,Crawfordology,Crawfordology,≤100
103166211508508,On the Rise Trends,On The Rise Trends,≤100
128716440866482,Adam Milstein,Adam Milstein,≤100
374848446414965,Pollking,Benjamin Aaron Perlman,≤100
169277310432049,"Texas Precision Optics, Inc.",Texas Precision Optics Inc,≤100
21090771700,Gun Owners of America,Gun Owners of America,≤100
102592959026,Ocean Conservancy,"OCEAN CONSERVANCY, INC.",≤100
242679302418244,Denison Forum,Denison Ministries,≤100
711478725532801,Civiqs,Civiqs,≤100
121067011091,Arab American Institute,Arab American Institute with Facebook Ad Credits,≤100
6787988478,Physicians for Human Rights,"PHYSICIANS FOR HUMAN RIGHTS, INC.",≤100
1393911800825140,OZY,OZY Media Inc,≤100
497081420632330,Dr. Hiral Tipirneni,HIRAL FOR CONGRESS,≤100
334748476594191,Rodney Davis,Rodney for Congress,≤100
103407348164254,Halloween Fandoms,These ads ran without a disclaimer,≤100
950837325113887,Life Money Stuff,Life Money Stuff,≤100
408250066356,Bill O'Reilly,"Bill Me, Inc.",≤100
106890801114065,Right Wing Maga,Right Wing Maga,≤100
107937014153581,Energized Health,John Jubilee Transformation LLC DBA Energized Health,≤100
18709174006,National Audubon Society,"NATIONAL AUDUBON SOCIETY, INC.",≤100
108651724271739,Suzie Jones Pranger for SD State Senate - District 9,Suzie for Senate,≤100
451224838781405,Patriot Baby,Eric Todd Hunter,≤100
19746387261,Humane Society International,Humane Society International,≤100
19437978960,Chris Murphy,FRIENDS OF CHRIS MURPHY,≤100
419992651425033,Guardianes del Pueblo-Consumer Law Group,Consumer Law Group,≤100
475456956305422,All Voting Is Local,Leadership Conference Education Fund,≤100
577308239618384,Happy Patriots,Lambert Chan,≤100
153278754738777,Climate Reality,The Climate Reality Project,≤100
2225580284361712,Tommy Tuberville,"TUBERVILLE FOR SENATE, INC.",≤100
100554768420470,Boy Scouts Abuse Claimants,Robert Ladd Wilson,≤100
142474049098533,Robert Reich,Inequality Media Civic Action,≤100
830890360316751,Nick Hanauer,Civic Action,≤100
67626834312,National Women's Law Center,National Women's Law Center,≤100
10498053716,Media Research Center,MEDIA RESEARCH CENTER,≤100
244579043463375,The Three Masketeers,Three Masketeers,≤100
267180743723148,National Geographic Society,National Geographic Society,≤100
169710960125365,Curzio Research,Curzio Research Inc.,≤100
1295279420598401,Victoria Spartz,VICTORIA SPARTZ FOR CONGRESS,≤100
103186421483396,OuchMoments,"Ouchmoments, LLC.",≤100
159597424207730,David Perdue,PERDUE FOR SENATE,≤100
102579318191600,No Justice No Peace,NO JUSTICE NO PEACE PAC,≤100
2185993931653388,The Recount,"Recount Media, Inc",≤100
20876805343,March of Dimes,MARCH OF DIMES INC.,≤100
111248197347176,Protect & Serve PAC,PROTECT AND SERVE PAC,≤100
106382017600422,Billy Prempeh,THE BILLY PREMPEH FOR CONGRESS COMMITTEE,≤100
103912504763714,Freedom and Loyalty,Carlos None Leon Trejo,≤100
2190200147671191,The Balance of Power,Jorge Hernando,≤100
111023584012681,Open Road Homeward,Samantha Lyn Weldon,≤100
1841824626073676,Candace Valenzuela for Congress,CANDACE FOR 24,≤100