﻿Page ID,Page Name,Disclaimer,Amount Spent (USD)
7860876103,Joe Biden,BIDEN VICTORY FUND,3229
153080620724,Donald J. Trump,TRUMP MAKE AMERICA GREAT AGAIN COMMITTEE,1899
1771156219840594,Team Trump,TRUMP MAKE AMERICA GREAT AGAIN COMMITTEE,871
1615018905412860,Progressive Turnout Project,PROGRESSIVE TURNOUT PROJECT,422
20787991568,Senate Democrats,DSCC,368
156968474833352,Stop Republicans,Stop Republicans,355
127755494595870,Progressive Takeover,PROGRESSIVE TAKEOVER,320
925007000949719,ExxonMobil,Exxon Mobil Corporation,275
6726182861,Mike Pence,TRUMP MAKE AMERICA GREAT AGAIN COMMITTEE,271
2132738093632189,Brock Pierce,BROCK PIERCE FOR PRESIDENT,215
96935476345,Democratic Governors Association (DGA),Democratic Governors Association,137
100391581727524,Defeat By Tweet,DEFEAT BY TWEET,117
2330577043935831,Sara Gideon,SARA GIDEON FOR MAINE,117
177118245645231,Energize Vermont,Lukas Baker Snelling,≤100
202626512363,U.S. Census Bureau,U.S. Census Bureau,≤100
1316372698453411,Alexandria Ocasio-Cortez,Alexandria Ocasio-Cortez for Congress,≤100
101279451606075,Democratic Strategy Institute,Democratic Strategy Institute,≤100
328072970642479,Jaime Harrison,JAIME HARRISON FOR US SENATE,≤100
105756057589080,The Lincoln Project,The Lincoln Project,≤100
328853823844484,Balance of Power,Balance of Power,≤100
18982436812,ACLU,American Civil Liberties Union,≤100
665345483483486,NRA - National Rifle Association of America,NATIONAL RIFLE ASSN OF AMERICA,≤100
830121337093232,National Democratic Training Committee,NATIONAL DEMOCRATIC TRAINING COMMITTEE PAC,≤100
9324910069,NRSC,NRSC,≤100
101165966152,AFL-CIO,AFL-CIO,≤100
20531316728,Facebook App,"Facebook, Inc.",≤100
14856729724,Gap,Gap Inc,≤100
23875187730,Feeding America,Feeding America,≤100
228754857151053,House Majority PAC,House Majority PAC,≤100
96935476345,Democratic Governors Association (DGA),DEMOCRATIC ACTION,≤100
24413227922,Kamala Harris,BIDEN VICTORY FUND,≤100
5435784683,Greenpeace USA,"GREENPEACE, INC.",≤100
1163921807008864,MINT & LILY,Mint&Lily,≤100
107721234273908,Nicholas Bramlage,Nicholas Bramlage,≤100
143986912311328,University of Vermont Continuing and Distance Education,University of Vermont,≤100
791543660926838,"I'll go ahead and keep my guns, Thanks",2A4LIFE LLC,≤100
112647203617902,Molly Gray for Vermont,Molly Gray for Vermont,≤100
602714436529710,End Citizens United,END CITIZENS UNITED,≤100
5720973755,Defenders of Wildlife,DEFENDERS OF WILDLIFE,≤100
6756153498,Mike Bloomberg,Mike Bloomberg,≤100
165987503528599,Lindsey Graham,"TEAM GRAHAM, INC.",≤100
277005566267077,Blueland,Blueland,≤100
1635441679872518,Kimberly Klacik,Kim Klacik for Congress,≤100
114710126648118,Republican Dogs,Republican Dogs,≤100
19192438096,AAAS - The American Association for the Advancement of Science,American Association for the Advancement of Science,≤100
2352630938293825,Mytacticalpromos,Entremax,≤100
577579002349073,Let's Grow Kids,Let's Grow Kids,≤100
116222966843926,US Concealed,US Concealed,≤100
342294162453301,Planned Parenthood,Planned Parenthood Federation of America,≤100
104614641200137,MeidasTouch,MEIDASTOUCH,≤100
8492293163,Environmental Defense Fund,Environmental Defense Fund,≤100
25852730092,Care2,Care2 Inc,≤100
309308412520731,Sandy Hook Promise,Sandy Hook Promise,≤100
1316372698453411,Alexandria Ocasio-Cortez,THE SQUAD VICTORY FUND,≤100
114625730266879,Republican Voters Against Trump,Defending Democracy Together,≤100
114420040286847,Carolyn Branagan For Treasurer,Elect Carolyn Branagan,≤100
111393882812494,Amy McGrath,"AMY MCGRATH FOR SENATE, INC.",≤100
8501031021,VoteVets.org,VOTEVETS,≤100
6204742571,Sierra Club,SIERRA CLUB,≤100
95483488591,Democratic Party of Wisconsin,DEMOCRATIC PARTY OF WISCONSIN,≤100
104919517531062,Vote Yes For Fairness,Vote Yes for Fairness,≤100
1528980567353817,Love Has No Labels,Love Has No Labels with Facebook Ad Credits,≤100
107210084216238,Humanity Forward,Humanity Forward,≤100
700806360047982,CFG Action,Club for Growth Action,≤100
105269984593079,The Way I See It,Focus Features,≤100
100137754724934,Trump 2020 Supporters,Proud Right Winger,≤100
8934429638,Planned Parenthood Action,Planned Parenthood Action Fund,≤100
7833534974,Florida Democratic Party,Florida Democratic Party,≤100
167586229923327,World Food Program USA,World Food Program USA,≤100
596556607135301,The Earthling Co.,The Earthling Co.,≤100
433919203362871,Bird + Stone,BIRD & STONE INC,≤100
106224464107240,Jo Jorgensen,Jo Jorgensen for President,≤100
8057376739,The Nature Conservancy,Nature Conservancy,≤100
29770886815,Marijuana Policy Project,Marijuana Policy Project,≤100
35169196082,Project HOPE,"PROJECT HOPE-THE PEOPLE-TO-PEOPLE HEALTH FOUNDATION, INC.",≤100
97493741436,John W. Hickenlooper,HICKENLOOPER FOR COLORADO,≤100
158791100909689,Concerned Veterans for America,Concerned Veterans for America,≤100
107654924064350,Pat Timmons-Goodson,PATRICIA TIMMONS-GOODSON FOR CONGRESS,≤100
1336293769761923,Jon Ossoff,JON OSSOFF FOR SENATE,≤100
355316521236121,John Cornyn,TEXANS FOR SENATOR JOHN CORNYN INC.,≤100
127225910653607,PragerU,PragerU,≤100
140357056032320,NEA Today,National Education Association,≤100
747436915270894,Congressional Leadership Fund,CONGRESSIONAL LEADERSHIP FUND,≤100
355223168416491,Alex Morse for Congress,ALEX MORSE FOR CONGRESS,≤100
309798029121030,Everytown for Gun Safety,Everytown for Gun Safety Action Fund Inc,≤100
85452072376,Newsmax,Newsmax Media,≤100
92925746942,Judicial Watch,Judicial Watch,≤100
303167829786891,Ed Markey,THE MARKEY COMMITTEE,≤100
197760674021143,Indivisible Guide,INDIVISIBLE ACTION,≤100
314499212242,Pfizer,Pfizer Inc.,≤100
15188122178,The Hamilton Collection,The Hamilton Collection,≤100
1061240530648502,Joe Collins,JOE COLLINS FOR CONGRESS,≤100
109092142462587,Adam Schiff,SCHIFF FOR CONGRESS,≤100
8325302025,Friends of the Earth U.S.,Friends of the Earth,≤100
1000253160054572,Cori Bush,CORI BUSH FOR CONGRESS,≤100
106140571085743,Natalia For Congress,NATALIA LINOS FOR CONGRESS,≤100
1338822066131069,Women's March,Women's March,≤100
105577974544303,The USA Needs More Patriots,AmeriPolling,≤100
106411777781402,Beatriz Pastor for NH Senate,Friends of Beatriz Pastor,≤100
717115395103069,PrintedKicks,Printed Kicks,≤100
214536049346,VPIRG,VERMONT PUBLIC INTEREST RESEARCH GROUP,≤100
1446711268937709,Vermont Coalition to Regulate Marijuana,Marijuana Policy Project,≤100
278490715553293,Martha McSally,MCSALLY FOR SENATE INC,≤100
176789922364429,Steve Daines,STEVE DAINES FOR MONTANA,≤100
18813753280,Human Rights Campaign,"HUMAN RIGHTS CAMPAIGN, INC",≤100
15239367801,The Wilderness Society,"WILDERNESS SOCIETY, THE",≤100
168051710543266,Lacy Johnson,Lacy Johnson for Congress,≤100
24330467048,Americans for Prosperity,AMERICANS FOR PROSPERITY,≤100
675471506247724,Adair for Congress,ADAIR FOR CONGRESS,≤100
10150100007820094,Wendy Davis,WENDY DAVIS FOR CONGRESS,≤100
7292655492,MoveOn,MOVEON.ORG POLITICAL ACTION,≤100
213792049451918,Stand For America,Stand For America Inc,≤100
281884085611820,Tedra Cobb,COMMITTEE TO ELECT TEDRA COBB,≤100
259130650776119,Mitch McConnell,MCCONNELL SENATE COMMITTEE,≤100
38235851310,USA for UNHCR,UNITED STATES ASSOCIATION FOR UNHCR,≤100
38897314734,The Trust for Public Land,"TRUST FOR PUBLIC LAND, THE",≤100
21395843375,Dialysis Patient Citizens,DIALYSIS PATIENT CITIZENS INC,≤100
236369846383459,Congressional Black Caucus PAC,Congressional Black Caucus PAC,≤100
279410649307065,Richards in The House,Robert Joseph Richards,≤100
156994304362574,American Bridge 21st Century,AB PAC,≤100
679171239164792,Supermajority,Supermajority,≤100
277414242013,Joyce Elliott for Congress,JOYCE ELLIOTT FOR CONGRESS,≤100
782093245218764,Qasim Rashid,RASHID FOR VA,≤100
598924810530984,Keeping America Great,FamTeeWorld,≤100
7263476274,Mercy Corps,Mercy Corps,≤100
373814729643508,Let America Vote,LET AMERICA VOTE PAC,≤100
104925221169127,Joe Roche For VT State Representative,Joseph P Roche,≤100
393932827634250,Dissent Pins,Common Practice,≤100
1883837055193241,Shield Republic,Shield Republic,≤100
429812024048177,Doug Jones for Senate,DOUG JONES FOR SENATE COMMITTEE,≤100
159964696102,Kevin McCarthy,KEVIN MCCARTHY FOR CONGRESS,≤100
249455845761285,Lindsey Must Go,LMG PAC,≤100
43287633515,Alliance for Climate Education,Alliance for Climate Education,≤100
327837911149503,2A4Life,2A4LIFE LLC,≤100
109379100777665,Patriotism Isn't Dead,Patriot Polling,≤100
57259033959,AARP,AARP,≤100
111930463963056,The 2nd Amendment Book Club,Yoonjoo Park,≤100
36474716066,Color Of Change,ColorofChange.org,≤100
493811210669780,Creative Action Network,Creative Action Network,≤100
163148530407080,Captain Mark Kelly,MARK KELLY FOR SENATE,≤100
284946111858895,Debbie Mucarsel-Powell,DEBBIE FOR CONGRESS,≤100
100233228182981,Madison Cawthorn for Congress,CAWTHORN FOR NC,≤100
114509405243551,Matthew Choate for VT State Senate - Caledonia/Orange District,Matthew A Choate,≤100
894096170667732,Ashley Hinson,Ashley Hinson For Congress,≤100
6820348410,Kirsten Gillibrand,Off the Sidelines,≤100
109111900634787,Reverend Raphael Warnock,WARNOCK FOR GEORGIA,≤100
1048486145183452,We Testify,We Testify,≤100
2019228981443626,She the People,She The People,≤100
1439829396312534,The Movement for Black Lives,Movement for Black Lives,≤100
33110852384,Doctors Without Borders/Médecins Sans Frontières (MSF),Doctors Without Borders/Médecins Sans Frontières (MSF),≤100
5633824547,FreedomWorks,"FREEDOMWORKS, INC.",≤100
10423517786,Harvard Business Review,HARVARD BUSINESS SCHOOL PUBLISHING CORPORATION,≤100
105577974544303,The USA Needs More Patriots,Anthony Alexander Morales,≤100
122536121212727,Mayor Miro Weinberger,Office of Mayor Miro Weinberger,≤100
481559282597914,TrumpersUnite,Respect The Look,≤100
167968013767335,Julie Oliver,JULIE OLIVER FOR CONGRESS,≤100
8047221596,Save the Children US,"SAVE THE CHILDREN FEDERATION, INC.",≤100
106323360959211,Patriots Republic,Matthew James Stine,≤100
103597604713894,Team Trump Store,TRUMP MAKE AMERICA GREAT AGAIN COMMITTEE,≤100
215199482635728,Alek Skarlatos,ALEK FOR OREGON,≤100
683872625157265,Theresa Greenfield,THERESA GREENFIELD FOR IOWA,≤100
461204744067686,Family Protection Association,Family Protection Association,≤100
103373224404755,Impact Slates,COLLECTIVE IMPACT PAC,≤100
560140464159364,Stand for the 2nd Amendment,SFT2 Tactical Supply,≤100
101788168307680,Pause Politics,FreedomWorks Foundation,≤100
15687409793,World Wildlife Fund,World Wildlife Fund,≤100
2353537341582545,Proud Patriots,Proud Patriots,≤100
46093654473,National Republican Congressional Committee,NRCC,≤100
605168822998856,314 Action,314 ACTION FUND,≤100
6820348410,Kirsten Gillibrand,Gillibrand for Senate,≤100
8524198486,Physicians Committee for Responsible Medicine,"PHYSICIANS COMMITTEE FOR RESPONSIBLE MEDICINE, INC.",≤100
104910457974220,Pupper Enthusiasts Unlimited,Seanross Michael Holcomb,≤100
101295517956158,Tricia Zunker,Tricia Zunker for Wisconsin,≤100
126694924050678,Xavier Becerra,Becerra for Attorney General 2022,≤100
2012750189007245,Liquid Death Mountain Water,Liquid Death,≤100
79820371749,Ayanna Pressley,THE COMMITTEE TO ELECT AYANNA PRESSLEY,≤100
100355778430951,By Our Own Bootstraps,Brandon Vu,≤100
16477459734,League of Conservation Voters,"LEAGUE OF CONSERVATION VOTERS, INC",≤100
110018833813683,Flip the Senate,SMP,≤100
1809078699219595,Fat Tire,"NEW BELGIUM BREWING COMPANY, INC.",≤100
112753543785595,Joshua C. Terenzini for Rutland County Senate,Joshua Clinton Terenzini,≤100
6500552187,Hulu,"HULU, LLC",≤100
1690071827911682,Cleancult,cleancult,≤100
103185334702225,Stop Trump PAC,STOP 45 PAC,≤100
108794587327155,Good Programs 2020,Trevor Dale Seaks,≤100
962934323862447,Bill Huff,Huff for Vermont State Senate Campaign,≤100
305832706292882,American Gun Association,GunAssociation.org,≤100
15524934075,Banana Republic,Banana Republic,≤100
112420993589373,Young and Old for America,Andrew Joseph Young,≤100
2046092952294722,Lucy McBath for Congress,FRIENDS OF LUCY MCBATH,≤100
260933440643373,UltraViolet,UltraViolet Action,≤100
151525932186806,When Democrats Turn Out,WHEN DEMOCRATS TURN OUT PAC,≤100
1667892193505378,Hold the House,HOLD THE HOUSE PAC,≤100
100256754899828,Patriot's Cave,Patriots Cave,≤100
132492254050920,American AF,AAF Nation,≤100
50982313030,Food & Water Watch,Food & Water Watch,≤100
249716212080256,Jim Clyburn,FRIENDS OF JIM CLYBURN,≤100
19342050934,Leadership Institute,LEADERSHIP INSTITUTE INC,≤100
34362997676,United States Holocaust Memorial Museum,UNITED STATES HOLOCAUST MEMORIAL MUSEUM,≤100
102875587947942,Keep Trump In Office,Keep Trump In Office,≤100
30139072158,CARE,CARE,≤100
111428049989,Cal Cunningham,CAL FOR NC,≤100
19437978960,Chris Murphy,FRIENDS OF CHRIS MURPHY,≤100
130467958471,Jason Lewis,Jason Lewis for Senate,≤100
106244251043808,Reuse Plastics,"AMERICAN CHEMISTRY COUNCIL, INC.",≤100
839110726214614,Realtors,NATIONAL ASSOCIATION OF REALTORS,≤100
105707511217866,Communities Joining Hands,Elena Zhan,≤100
51379424899,Mercy Ships,MERCY SHIPS INTERNATIONAL,≤100
219247332354785,Phil Arballo for Congress,ARBALLO FOR CONGRESS,≤100
7483836629,Ancestry,Ancestry.com Operations Inc.,≤100
219612384781411,Bloomberg Philanthropies,Bloomberg Philanthropies,≤100
104856814505092,The Kids Guide,The Kids Guide,≤100
1841824626073676,Candace Valenzuela for Congress,CANDACE FOR 24,≤100
30708742052,FCTRY,FCTRY,≤100
348148881924371,Katherine Sims for House,Sims for House,≤100
1853678351560128,Drew Watkins,Carl Andrew Watkins,≤100
101127364972509,Dems For USA,Dems For USA,≤100
105732744375701,Steve Bullock,MONTANANS FOR BULLOCK,≤100
2232022923556262,Travels With Charlie,Imperium Advisors,≤100
219457576170706,Patriotic Volunteers,Harrison T Chung,≤100
7962229886,Environmental Working Group,ENVIRONMENTAL WORKING GROUP,≤100
417522508294454,Job Creators Network,Job Creators Network,≤100
11791104453,NRDC,Natural Resources Defense Council,≤100
585942765164217,Elect Democratic Women,ELECT DEMOCRATIC WOMEN,≤100
261663760956534,America First Policies,America First Policies Inc,≤100
598720023670599,Jennifer Carroll Foy,Jennifer Carroll Foy for Governor,≤100
1109093812491437,Blaze Media,Blaze Media LLC,≤100
27311599342,Preemptive Love,Preemptive Love Coalition,≤100
2283535575207809,Ditch Mitch,DITCH FUND,≤100
142992759853421,Be A Hero,BE A HERO PAC,≤100
103911824657671,Health Insurance,Alexander Melen,≤100
1136781033034012,Brave New Look,Brave New Look,≤100
113666459994300,Big Dan Rodimer for Congress,RODIMER FOR CONGRESS,≤100
892673067526965,Project War Path,Project War Path,≤100
780941275347834,Ilhan Omar,ILHAN FOR CONGRESS,≤100
176466646087311,DC Fawcett,VREIC,≤100
221401431386940,Pramila Jayapal,PRAMILA FOR CONGRESS,≤100
839073729808623,Hillary Scholten,SCHOLTEN FOR CONGRESS,≤100
102592959026,Ocean Conservancy,"OCEAN CONSERVANCY, INC.",≤100
496696933682736,Jeff Merkley,JEFF MERKLEY FOR OREGON,≤100
72186095846,Center For American Progress Action Fund,Center for American Progress Action Fund,≤100
1668350569891953,Rainbow Movement,William James Ulrich,≤100
104934207736995,Paycheck to Paycheck,Center for American Progress Action Fund,≤100
785936231584382,Paula Jean Swearengin,Paula Jean for West Virginia,≤100
45393753416,Alliance Defending Freedom,Alliance Defending Freedom,≤100
94047978366,PCCC - BoldProgressives.org,PROGRESSIVE CHANGE CAMPAIGN COMMITTEE,≤100
443329669123990,USAFacts,USAFacts Institute,≤100
51405613519,Focus on the Family,Focus on the Family,≤100
737686089933715,Conservative Collections,Mainline Media Group,≤100
101955644961936,For All Things Patriotic,Jae W Seo,≤100
103912504763714,Freedom and Loyalty,Carlos None Leon Trejo,≤100
345378512258813,Elise Stefanik,ELISE FOR CONGRESS,≤100
114230073701403,Jetbound Dogs,Miguel Agustin Turk,≤100
122890138436648,Generally Irritable,Benjamin N Redic,≤100
163302087408673,Stop The Donald,Stop the Donald,≤100
1799282383731277,TwoSeventy,Alexander Jared Deutsch,≤100
101724361319410,Ronny Jackson for U.S. Congress TX-13,Texans for Ronny Jackson,≤100
113702026736466,National Parks Action Fund,National Parks Action Fund,≤100
124530924015,Hank Gilbert,HANK GILBERT FOR CONGRESS,≤100
1832744013698336,Mahogany Mommies,Mahogany Mommies,≤100
17911165812,Covenant House International,Covenant House,≤100
106663044307859,Mike Sievert,"T-MOBILE USA, INC.",≤100
17801244148,Jill Schupp,SCHUPP FOR CONGRESS,≤100
18709174006,National Audubon Society,"NATIONAL AUDUBON SOCIETY, INC.",≤100
1055873511190792,Hello Resistance,Hello Resistance Apparel,≤100
872842866161157,One Nation Design,One Nation Design,≤100
2339203789732156,Kim Mangone for Congress,COMMITTEE TO ELECT KIM MANGONE FOR CONGRESS,≤100
405469100189512,Still My President - Donald Trump,Red State Politics LLC,≤100
210333902420876,Sean Parnell,AMERICANS FOR PARNELL COMMITTEE,≤100
203197030603239,8 Billion Trees,8 Billion Trees,≤100
209516845093,NRDC Action Fund,NRDC Action Fund,≤100
2267285956849056,Donald Trump 2020 Fans,I Love My Freedom,≤100
2256321067930356,Liberteeclub,libertyteeshop,≤100
55549065733,Voto Latino,VOTO LATINO INC.,≤100
530604487365010,Old Glory Flagpole Kits,Service First,≤100
223008867858902,American Action News,American Action News,≤100
1609864255995485,David W. Binford for New Hampshire House of Representatives District 15,Friends of David Binford,≤100
664770743730817,Dan Feehan for Congress,FRIENDS OF DAN FEEHAN,≤100
104260608058844,Awesome Survival Guides,Kirsten May Siosan Andrade,≤100
183424985463330,Joe Cunningham,JOE CUNNINGHAM FOR CONGRESS,≤100
1010143499143169,Medicare Savings,"Mayo Labs, LLC",≤100
592707041080920,Stand Together,Stand Together Chamber of Commerce Inc.,≤100
360303722260,Kathleen Williams,KATHLEEN WILLIAMS FOR MONTANA,≤100
21375324480,The Heritage Foundation,HERITAGE FOUNDATION (THE),≤100
101075798356272,ReOpen America Now,Command Center Holdings LLC,≤100
102617961152741,Barbara Bollier,BOLLIER FOR KANSAS,≤100
11653741889,Ad Council,Ad Council with Facebook Ad Credits,≤100
156268994819596,Marc J. Bern & Partners LLP,Marc J. Bern & Partners LLP,≤100
102745147891580,Trump Coolers,Eric Clifford Juels,≤100
104622121026372,Earthbreeze,These ads ran without a disclaimer,≤100
36872302227,Cory Booker,Cory Booker for Senate,≤100
17203056985,Partners In Health,Partners In Health,≤100
95356211637,Ben Ferguson,Ben Ferguson show,≤100
96171427550,Raja for Congress,FRIENDS OF RAJA FOR CONGRESS,≤100
110509184108983,American Survival,Andrew Joseph Young,≤100
1449461518652183,4Patriots,4Patriots LLC,≤100
960002584337213,Shannon Freshour,SHANNON 4 CONGRESS COMMITTEE,≤100
1354622541311687,Dr. Kim Schrier,DR KIM SCHRIER FOR CONGRESS,≤100
19554217292,American Heart Association: You're the Cure,American Heart Association,≤100
173837496125511,Conscious Step,Conscious Step,≤100
447868838745191,Andy Julow for State Representative,Committee to Elect Andy Julow,≤100
108118933908193,Next Level Goods,Next Level Goods LLC,≤100
106667854471975,Outspoken,Log Cabin Republicans,≤100
1934191280189700,Health Care Voter,Health Care Voter,≤100
629732217415068,Republican Party,Greater Half,≤100
106963434429280,Mike Hall for State Senate,Michael Leroy Hall,≤100
228132537208218,Tammy Duckworth,TAMMY FOR ILLINOIS,≤100
181183059253295,Dorsal Bracelets,Dorsal Bracelets,≤100
169130743498585,Tactical Pro Supply,Chad Keller,≤100
203330919857759,All On The Line,National Redistricting Action Fund,≤100
174754989846475,NewDem Action Fund,New Democrat Coalition Action Fund,≤100
1957667094497467,Lynne Blankenbeker for Congress,LYNNE BLANKENBEKER FOR CONGRESS,≤100
420785874975425,Conservative Institute,The Conservative Institute,≤100
834645469890446,Devin Nunes,DEVIN NUNES CAMPAIGN COMMITTEE,≤100
105379034246471,Cinde Warmington for Executive Council,Friends of Cinde Warmington,≤100
100124595113383,Victor Ashe,"William F. Buckley, Jr. Program",≤100
419237048158257,Susan Collins,COLLINS FOR SENATOR,≤100
2037695643113766,Blexit,Blexit Foundation,≤100
152264148166020,Moms Clean Air Force,Moms Clean Air Force,≤100
115364585711,Lawyers' Committee for Civil Rights Under Law,Lawyers' Committee for Civil Rights Under the Law with Facebook Ad Credits,≤100
20876805343,March of Dimes,MARCH OF DIMES INC.,≤100
260754507296508,The Voter Participation Center,Voter Participation Center,≤100
42002969352,Center on Budget and Policy Priorities,Center on Budget and Policy Priorities,≤100
551158678560402,Epimonia,Epimonia LLC,≤100
113891694102,Energy Citizens,AMERICAN PETROLEUM INSTITUTE,≤100
210357995667559,The National Memo,The National Memo,≤100
106973694007283,Keep America Great Again,KagaGear.com,≤100
1634651343331439,Project Wren,Landon Brand,≤100
156269771074135,VILLAGE HOMES,Randy Jay Rouleau,≤100
149081336362,AmeriCorps VISTA,Corporation for National and Community Service,≤100
131306317680000,Social Goods,"Social Goods, LLC",≤100
593289284500311,Trump Rack,BOXD Marketing,≤100
262577294462322,Kettle Freaks,Kettle Freaks LLC.,≤100
376638603087168,Save The Earth,8 Billion Trees,≤100
243510442756370,Justice Democrats,JUSTICE DEMOCRATS PAC,≤100
109966387497033,Support Our Freedoms,Kin Ngai Yeung,≤100
406250659410174,David Zuckerman,Zuckerman for VT,≤100
21559454473,FAIR,FEDERATION FOR AMERICAN IMMIGRATION REFORM,≤100
317894938412949,Suntory,Suntory Holdings Limited,≤100
193618220508,LIFE Today,LIFE Outreach International,≤100
278487153675,Redneck Nation Clothing,Tracie Milliron Gold,≤100
1014486318584089,Armed American Supply,Armed American Supply,≤100
102564128179023,Truth to Power,TRUTH TO POWER,≤100
2309566456030859,Human Coalition Action,Human Coalition Action,≤100
586751814690068,Joni Ernst,Joni for Iowa,≤100
153678684700451,American Investment Council,AMERICAN INVESTMENT COUNCIL,≤100
111686463879913,Respect New Hampshire,Respect New Hampshire,≤100
321760547905423,Representative Paul Berch,Paul Sender Berch,≤100
117144508670456,GUNVOTE,National Shooting Sports Foundation,≤100
6231686654,Compassion International,"COMPASSION INTERNATIONAL, INCORPORATED",≤100
211596438980002,Ampersand Consulting,Ampersand Consulting,≤100
49651563727,Live Action,Live Action,≤100
44705166993,Vote.org,Vote.Org,≤100
847395271958564,"Avram Patt,  State Representative, Lamoille-Washington District",Patt for the House,≤100
27544763621,Prison Fellowship,Brandon Anders Larsen,≤100
72931140459,Center for Biological Diversity,"CENTER FOR BIOLOGICAL DIVERSITY, INC.",≤100
142370046577999,Shahid Buttar for Congress,Shahid Buttar for Congress Committee,≤100
934438026690635,YouGov,YOUGOV AMERICA INC.,≤100
1836138529938551,Greater Half,Greater Half,≤100
1082522201878539,Gina Ortiz Jones for Congress,GINA ORTIZ JONES FOR CONGRESS,≤100
85273022315,NAMI,NAMI,≤100
110439270638992,NE1else,Time Management LLc,≤100
819607471729183,Dr. Al Gross for US Senate,DR. AL GROSS FOR U.S. SENATE,≤100
241672016328637,Lauren Underwood for Congress,LAUREN UNDERWOOD FOR CONGRESS,≤100
159597424207730,David Perdue,PERDUE FOR SENATE,≤100
108273884315449,Real American Patriot,Gold Sky Ventures LLC,≤100
101136147910784,Represent Justice,Represent Justice,≤100
100554768420470,Boy Scouts Abuse Claimants,Robert Ladd Wilson,≤100
977704775606273,Balls Deep Tackle,Balls Deep Tackle,≤100
23790541544,Democrats,DCCC,≤100
655065784538368,PredictIt,"PredictIt - Prediction Markets. A project of Victoria University of Wellington, PredictIt has been established to facilitate research into the way markets forecast events.",≤100
169294473121454,Policetees.com,PoliceTees.com,≤100
245741028804051,Barbara Sinatra Center,Barbara Sinatra Children's Center,≤100
2068988876444634,Stand Up for Accurate Prenatal Answers,STAND UP FOR ACCURATE PRENATAL ANSWERS INC,≤100
191975737491988,Jennifer Wexton,WEXTON FOR CONGRESS,≤100
181924628560212,SumOfUs,SumOfUs,≤100
6787988478,Physicians for Human Rights,"PHYSICIANS FOR HUMAN RIGHTS, INC.",≤100
296708523873754,Karla Dennis and Associates Inc.,"Karla Dennis & Associates, Inc",≤100
166738743732702,All Above All Action,All Above All Action Fund,≤100
137459917707,The Brookings Institution,The Brookings Institution,≤100
19746387261,Humane Society International,Humane Society International,≤100
15351475322,Cathy McMorris Rodgers,Cathy McMorris Rodgers for Congress,≤100
306591716448427,Cindy Axne,CINDY AXNE FOR CONGRESS,≤100
227764782729,AMERICAN - STRONG!,American Strong LLC,≤100
101574025015329,Emergency Tips,Christopher Allen Supek,≤100
643463669628493,Public Opinion Research Group,"Public Opinion Research Group, Inc",≤100
530604487365010,Old Glory Flagpole Kits,Service First Flag Poles,≤100
105269471254831,Pamala Smith for Secretary of State - Vermont,Pamala Smith for Secretary of State - Vermont,≤100
101481584557260,Help Asheville Bears-HAB,Heather Christina Williams,≤100
38471053686,Elizabeth Warren,"WARREN DEMOCRATS, INC.",≤100
627211184587103,Forever Patriot,Harrison T Chung,≤100
125926684269659,Davis for State Senate,Davis for State Senate,≤100
184731548554164,PL+US,Plus Fund: Paid Leave for the United States,≤100
342887442508723,Convention of States,Convention of States Action,≤100
108029674299216,We The People,We The People,≤100
206677396413254,Abortion On Our Own Terms,Abortion On Our Own Terms,≤100
2081864865362439,Mike Espy,MIKE ESPY FOR SENATE CAMPAIGN COMMITTEE,≤100
112704783859268,Boy Scouts Abuse Claim Help,X Social Media LLC,≤100
267180743723148,National Geographic Society,National Geographic Society,≤100
113173667121573,BLM Society,BLM Society,≤100
110393153948638,Financial Help,Common Acquire,≤100
166618413413767,Jay Sekulow,American Center for Law and Justice,≤100
814260155318929,The Fairness Project,The Fairness Project,≤100
6334782252,Oceana,OCEANA,≤100
205395906412,UAW International Union,"INTERNATIONAL UNION, UNITED AUTOMOBILE, AEROSPACE AND AGRICULTURAL IMPLEMENT WORKERS OF AM",≤100
111702860231554,Matt Lieberman,Matt Lieberman for Senate,≤100
67626834312,National Women's Law Center,National Women's Law Center,≤100
102478528086004,Reading On the Left,St. Martin's Press,≤100
237477017606,Club for Growth,Club for Growth,≤100
234929763283791,Rep. Steven Smith,Steven Smith,≤100
123963360928,SiriusXM,SIRIUS XM RADIO INC.,≤100
147126507164,ACTwireless,ACTwireless,≤100
97261063097,Global Fund for Women,"GLOBAL FUND FOR WOMEN, INC., THE",≤100
1488803804538481,Mike Siegel,MIKE SIEGEL FOR CONGRESS,≤100
111023584012681,Open Road Homeward,Samantha Lyn Weldon,≤100
131571436869348,Texas HDCC,Texas HDCC,≤100
24481937944,Theodore Roosevelt Conservation Partnership,"THEODORE ROOSEVELT CONSERVATION PARTNERSHIP, INC",≤100
296093157932840,The Fulcrum,The Fulcrum,≤100
15503839732,Peter G. Peterson Foundation,Peter G. Peterson Foundation,≤100
1925751504337881,MJ Hegar,MJ FOR TEXAS,≤100
1747132688647028,Democratic Association of Secretaries of State,Democratic Association of Secretaries of State,≤100
216311481960,Bill Gates,Bill Gates,≤100
8473889271,National Parks Conservation Association,National Parks Conservation Association,≤100
1859113087545137,Learn Everywhere,"yes. every kid, Inc.",≤100
1653251174924652,Fuzzu,Fuzzu,≤100
513695272011123,The Genesis Prize,GPF NA LLC,≤100
6236054211,Brady,Brady Campaign to Prevent Gun Violence,≤100
49275915266,Marie Stopes International,MSI-US,≤100
384557995468219,Viral Casez,Viral Casez,≤100
219224241438635,Compassion & Choices,COMPASSION & CHOICES,≤100
105943157686335,Trust Michigan Families,TRUST MICHIGAN FAMILIES,≤100
1419388578092947,Anna Paulina Luna,ANNA PAULINA LUNA FOR CONGRESS,≤100
108551467486050,Itoroo,These ads ran without a disclaimer,≤100
100506848295759,Made to Fail,Made To Fail,≤100
176466646087311,DC Fawcett,Donald Chappell Fawcett,≤100
143729616392084,Van Drew for Congress,Van Drew for Congress,≤100
172298889630363,Republican Attorneys General Association,REPUBLICAN ATTORNEYS GENERAL ASSOCIATION,≤100
1917715138510680,Follow Your Legend,Legend Bracelet,≤100
6041057841,The Humane Society of the United States,"HUMANE SOCIETY OF THE UNITED STATES, THE",≤100
896759427103774,Modern Medicaid Alliance,Modern Medicaid Alliance,≤100
198024590300902,Josh Shapiro,Josh Shapiro,≤100
103315378108004,True Patriot Strength,LE-HUU DONG HUYNH,≤100
101352851565699,Somos PAC,SOMOS PAC,≤100
362835977563117,Craig Thompson for NH,Craig Thompson for NH,≤100
186932688457686,CHNGE,CHNGE,≤100
135298176481584,Marine Corps Scholarship Foundation,Marine Corps Scholarship Foundation,≤100
375760676281438,Mermaid Straw,Mermaid Straw,≤100
1476342155924546,Big Rig Threads,Big Rig T-Shirts and Decals LLC,≤100
198559607605482,Gunnigle 2020,Gunnigle 2020,≤100
129255907131113,NumbersUSA,NUMBERSUSA EDUCATION AND RESEARCH FOUNDATION,≤100
1268410219898273,Tango Tango,Tango Tango Inc,≤100
113893390401923,American Survival,Tein Yang Sun,≤100
257019421075897,Cory Gardner,Cory Gardner for Senate,≤100
134597023235240,Rashida Tlaib,THE SQUAD VICTORY FUND,≤100
514167322309353,Dan Crenshaw,Crenshaw For Congress,≤100
125649561365522,J.D. Scholten,SCHOLTEN4IOWA CAMPAIGN COMMITTEE,≤100
16477459734,League of Conservation Voters,League of Conservation Voters Education Fund,≤100
574360863256895,Keep it Flying,These ads ran without a disclaimer,≤100
101461559911714,The Posh Pearl Apparel Co.,The Posh Pearl Apparel Co,≤100
109984394118472,Mask Exemption Cards,Mask Exemption Cards,≤100
107531881068294,Steve Thurston for VT State Representative,Stephen W Thurston,≤100
169597416843751,Stand Up America,Stand Up America,≤100
106968690805026,Sima for Texas,SIMA FOR TEXAS,≤100
61265398450,AmeriCorps NCCC,Corporation for National and Community Service,≤100
106949844346620,Trumpian Republicans,Gregory Lawrence Burright,≤100
378762945521182,Leon H Rideout COOS County Register Of Deeds,Leon H Rideout,≤100
290851614930809,Combat AntiSemitism,Combat Anti-Semitism,≤100
1600352356914768,PushBlack,PushBlack,≤100
46347342434,EMILY's List,EMILY'S LIST,≤100
475456956305422,All Voting Is Local,Leadership Conference Education Fund,≤100
83290028957,Care Net,CARE NET,≤100
24470472733,The Trevor Project,The Trevor Project,≤100
1424655311129385,Proud Pour,Proud Pour,≤100
166495790533335,American Population Panel,CHRR,≤100
114386721939978,The Made in America Store,Anthony Michael Falbo,≤100
127470355419209,A Family Stands Together,Daniel Wang,≤100
30866133883,Alaska Wilderness League,ALASKA WILDERNESS LEAGUE,≤100
1393911800825140,OZY,OZY Media Inc,≤100
27544763621,Prison Fellowship,Prison Fellowship,≤100
307375481705,AARP Maine,AARP,≤100
1456310534453054,Veteran Loans Online,"LMB OpCo, LLC",≤100
23245606841,Hachette Book Group,"Hachette Book Group, Inc.",≤100
111168783611294,Jesse Mermell for Congress,THE COMMITTEE TO ELECT JESSE MERMELL,≤100
309993142375589,Joe Kennedy III,KENNEDY FOR MASSACHUSETTS,≤100
7341997111,Conservation International,Conservation International,≤100
251632675552663,Rigged: The Voter Suppression Playbook,American Issues Initiative,≤100
7814597100,Jim Jordan for Congress,JIM JORDAN FOR CONGRESS,≤100
442159053368561,Women Speak Out PAC,Women Speak Out PAC,≤100
1439364926329185,Animal Matters,Animal Matters,≤100
153278754738777,Climate Reality,The Climate Reality Project,≤100
113398717117686,Beach Dogs Ltd.,Christopher James Lamos,≤100
101769576791,Health Action Network,Health Action Network,≤100
1977738355807406,Sharice For Congress,SHARICE FOR CONGRESS,≤100
1658135304460341,MANG,MANG,≤100
6851405967,CREDO Mobile,"CREDO MOBILE, INC.",≤100
1530883997194411,United States Constitution,Flag and Cross,≤100
1681120172099567,Libertarian Candidates,Ryan Allen Raymond,≤100
243947752771440,TJ Cox for Congress,TJ COX FOR CONGRESS,≤100
130848666099,Business Forward,Business Forward Inc.,≤100
110828620426941,Roger Polack for Congress,ROGER FOR WISCONSIN,≤100
83996318078,Change.org,"Change.org, PBC",≤100
117437204982602,American Wild Horse Campaign,American Wild Horse Campaign,≤100
109186244232765,The Liberty Club,Cindy None Dao,≤100
100318944827269,Amy Kennedy,AMY KENNEDY FOR CONGRESS,≤100
1204754733024419,People's Power Grab,ACRONYM,≤100
111324359048459,Dr. Roger Marshall,KANSANS FOR MARSHALL,≤100
44255328352,Farm Forward,Farm Forward,≤100
108109934203874,Insta Shop Boutique,Insta Shop Boutique,≤100
1063260777120366,Care/of,These ads ran without a disclaimer,≤100
116808566362551,Boomer Naturals,Boomer Naturals Inc,≤100
44340057816,Uncommon Goods,UncommonGoods,≤100
169440273093442,The Center for Election Science,The Center for Election Science,≤100
112552187080266,Protecting Every Future,American Council of Life Insurers,≤100
200224630053159,Ben McAdams,FRIENDS OF BEN MCADAMS,≤100
1486604288305133,Happy Earth Apparel,Happy Earth LLC,≤100
105835711208027,The Progressive List,THE PROGRESSIVE LIST,≤100
1228396643984955,Michelle Steel,Michelle Steel for Congress,≤100
711478725532801,Civiqs,Civiqs,≤100
58736997707,Marco Rubio,Marco Rubio for Senate,≤100
1632568446971453,Boredwalk,Boredwalk,≤100
30079936984,CWS,"CHURCH WORLD SERVICE, INC.",≤100
109966290494892,Wagoner Law Firm,Nicholas Jordan Wagoner,≤100
192771954102960,Jordan Sekulow,American Center for Law and Justice,≤100
107482927662108,Stay active,Connor Tad Isozaki,≤100
235701154010364,E Pluribus Unum,E Pluribus Unum Fund,≤100
8749090685,GoDaddy,GoDaddy,≤100
497081420632330,Dr. Hiral Tipirneni,HIRAL FOR CONGRESS,≤100
322551718276442,Lemons Are Blue,Lockwell LLC,≤100
7292655492,MoveOn,MOVEON.ORG CIVIC ACTION,≤100
105084617912738,PatriotQuizzes,patriotquizzes.com,≤100
7209432197,Chris Coons,CHRIS COONS FOR DELAWARE,≤100
680549575421741,UnitedVoice.com,"Beachside Media, Inc.",≤100
179909895355213,AIDS United,AIDS UNITED,≤100
25803945361,Family Equality,FAMILY EQUALITY COUNCIL,≤100
248181906078243,National Institute for Civil Discourse,CommonSense American,≤100
100670411505517,Anna Callahan for State Rep,Anna Callahan,≤100
294508332028,Lakota People's Law Project,ROMERO INSTITUTE,≤100
2078647579047586,Project Pulso,Project Pulso,≤100
8446177150,Chosen People Ministries,CHOSEN PEOPLE MINISTRIES INC,≤100
120085718005638,American Prairie Reserve,American Prairie Reserve,≤100
12185972707,350.org,350.org,≤100
680894095682539,Cowboy Life,"Nine Ranch Enterprises, LLC",≤100
119006106155684,PI Energy,Andrew P Chung,≤100
232763940636181,Casey Toof,Casey J Toof,≤100
830890360316751,Nick Hanauer,Civic Action,≤100
112600915451330,No Labels,No Labels,≤100
107225484068529,Donna Deegan for Congress,Donna Deegan For Congress,≤100
1234251319933440,Exclusive Apparel,The Dude's Threads,≤100
266344180585578,Jim Jordan for Congress,JIM JORDAN FOR CONGRESS,≤100
127335473965761,Recycle Cartons,"Carton Council of North America, Inc.",≤100
315467021926595,Native Voice Network,"AMERICANS FOR INDIAN OPPORTUNITY, INC",≤100
208463585839891,Living Future Institute,International Living Future Institute,≤100
103036584847574,The Good Neighbor,Brandon Vu,≤100
100116071583129,Scott Beebie for Mayor,Friends to elect Scott Beebie,≤100
11006419356,The Voice of the Martyrs - USA,"VOICE OF THE MARTYRS, INC., THE",≤100
107589664099282,Stand Up To China,"Stand Up To China, Inc.",≤100
16792125167,Jimmy Patronis,Treasure Florida PC,≤100
101058218380143,Hold Cops Accountable,People Power Initiatives,≤100
110962313941403,Vote from Home 2020,PEOPLE FOR GOVERNMENT PAC,≤100
281844617168,Jewish Voice Ministries International,JEWISH VOICE MINISTRIES INTERNATIONAL,≤100
667968399925375,Rep. Erin Tapper Hennessey,Friends of Erin Hennessey,≤100
211049239087028,Association of Young Americans,Benjamin J Brown,≤100
48530203934,The American Alpine Club,"AMERICAN ALPINE CLUB, THE",≤100
352527958302,Israel on Campus Coalition,Israel on Campus Coalition,≤100
369325156488153,Ubuntu Life,Ubuntu Life,≤100
566008736785269,Be Heard Project,Be Heard Project,≤100
577308239618384,Happy Patriots,Lambert Chan,≤100
271941253389528,Piccolina,These ads ran without a disclaimer,≤100
1640970822834351,Plaine Products,Plaine Products,≤100
210277954204,The Young Turks,"The Young Turks, Inc.",≤100
134452023239984,Human Coalition,Human Coalition,≤100
438678183588710,Ihssane For Congress,IHSSANE FOR CONGRESS,≤100
101052811536245,Riley Gordon,Riley Gordon Committee To Elect for State Representative,≤100
263210730984251,We Are Great Again Pac,WE ARE GREAT AGAIN PAC,≤100
350784278974539,Turning Point Action,Turning Point Action,≤100
154510321337994,Chris Pappas for Congress,CHRIS PAPPAS FOR CONGRESS,≤100
100517105076564,Shining Lifetime,Daniel Vasquez,≤100
103877744493195,Briit Botanicals,Briit Botanicals,≤100
231154884924705,AboutTrump.org - and Biden,A MARK FOUNDATION,≤100
40973310753,Pathfinder International,Pathfinder International,≤100
128167457221813,Public Transportation,Voices for Public Transit,≤100
587676831343390,Raheem AI,RAHEEM AI,≤100
102579318191600,No Justice No Peace,NO JUSTICE NO PEACE PAC,≤100
91346559231,Democratic Legislative Campaign Committee - DLCC,Democratic Legislative Campaign Committee,≤100
2259323457517498,Abolish the Electoral College,ABOLISH THE ELECTORAL COLLEGE,≤100
79820371749,Ayanna Pressley,THE SQUAD VICTORY FUND,≤100
540707072979860,Brian Maryott,MARYOTT FOR CONGRESS,≤100
151757038879920,Alyse Galvin for Congress 2020,ALYSE FOR ALASKA,≤100
141692255929599,Democratic Socialists of America,DEMOCRATIC SOCIALISTS OF AMERICA INC,≤100
116546288359245,Heritage Action for America,HERITAGE ACTION FOR AMERICA,≤100
931907200310657,Patients Rising Now,Patients Rising Now Inc,≤100
1194865807192273,Conservative Gear,Outergoods LLC,≤100
221890358218748,Til Valhalla Project,Til Valhalla Project,≤100
293225127381200,Patriot Depot,The Patriot Depot,≤100
357554791340788,Liker,Omar Rivero,≤100
169277310432049,"Texas Precision Optics, Inc.",Texas Precision Optics Inc,≤100
485980975070908,Abigail Spanberger,SPANBERGER FOR CONGRESS,≤100
103026384819654,How to Vote,ACRONYM,≤100
116238930177726,Artsiful,Brad Aaron Shaw,≤100
195530355493,Chicks On The Right,Chicks on the Right,≤100
260366367717440,Committee to Protect Medicare,Committee to Protect Medicare,≤100
110468488981853,UNRWA USA,UNRWA USA,≤100
1627656304116135,Patrick Nelson,Nelson for Senate,≤100
2049170775107862,Resistance By Design,Resistance By Design,≤100
206202032757114,Nature and Culture International,NATURE AND CULTURE INTERNATIONAL,≤100
105536127617594,The American Digest,The American Digest,≤100
6240652407,Young America's Foundation,YOUNG AMERICA'S FOUNDATION INC,≤100
14413545701,Conservation Law Foundation,"CONSERVATION LAW FOUNDATION, INC.",≤100
2138299559779611,Goslant for House,Friends of Ken Goslant,≤100
105010030848236,Bryant Cameron Webb,DR. CAMERON WEBB FOR CONGRESS,≤100
407664862957433,Ammar Campa-Najjar for Congress,AMMAR CAMPA-NAJJAR FOR CONGRESS,≤100
50576707351,Republican State Leadership Committee,Republican State Leadership Committee,≤100
42872222699,Dana Loesch,Dana Loesch Radio,≤100
1025055787535714,A Case for Women,A Case for Women,≤100
331037760381749,Sierra Magazine,SIERRA CLUB,≤100
417712255663393,Equality Can't Wait,Equality Can't Wait,≤100
109894877501594,Steve Daines Follows The Money,DSCC,≤100
310765469597,Rock In The Classroom,ROCK IN THE CLASSROOM EDUCATIONAL OUTREACH,≤100
50711561090,Muslim Advocates,MUSLIM ADVOCATES,≤100
42940254353,Human Rights Watch,"HUMAN RIGHTS WATCH, INC.",≤100
149366465128820,Nicole Galloway,Nicole Galloway for Missouri,≤100
614134231980299,Veterans Empowered To Protect African Wildlife,VETPAW INC,≤100
1156676274461345,Mikie Sherrill,MIKIE SHERRILL FOR CONGRESS,≤100
103644036958,United Association,United Association Political Education Committee,≤100
178835922297833,American Clinical Laboratory Association,American Clinical Laboratory Association,≤100
385473284886474,Hillsdale College,These ads ran without a disclaimer,≤100
152386885585568,Jenn Alford-Teaster for NH State Senate,Friends of Jenn Alford-Teaster,≤100
747783932079184,Jared Golden,COMMITTEE TO ELECT JARED GOLDEN,≤100
1551109418518461,The Honest Patriot,Amundson Media LLC,≤100
104272998052746,Standing Strong Together,Claire Wang,≤100
112334757233941,Right to Telehealth,Jeremy Joseph Schaller,≤100
868405419972384,The Outrage,The Outrage,≤100
376776419037747,Turning Point USA,Turning Point USA,≤100
18479402361,No Kid Hungry,No Kid Hungry,≤100
100719625004234,Home and Community,Cynthia Nguyen,≤100
103682110993833,Arctic Refuge Defense Campaign,Alaska Wilderness League,≤100
112735922758892,Charlie Kirk,Charlie Kirk,≤100
556344894736772,"New England, New Energy",Resource Media,≤100
246659596183131,Bury This Regime,Bury This Regime,≤100
103046977892124,Adam Christensen For Congress,ADAM J CHRISTENSEN FOR CONGRESS,≤100
182620315479,Plan International USA,Plan International USA,≤100
96832392186,US Open Tennis Championships,United States Tennis Association (USTA),≤100
6333396177,NewsBusters.org,MEDIA RESEARCH CENTER,≤100
1745236555735695,EverBright Kids,EverBright Kids,≤100
911828698840246,ReLEntless Defender Apparel,ReLEntless Defender Apparel,≤100
107483911082907,Trump Footballs,"Local Guys Marketing, LLC",≤100
1099478666810053,Meals For Pets,Meals for Pets,≤100
173470656019870,The Daily Yonder,Great Stories LLC,≤100
431099560800970,Front Page Live,"Front Page Live, Inc.",≤100
115379705206001,U.S. Department of Homeland Security Blue Campaign,DHS Blue Campaign,≤100
90498769709,Edenpure,EdenPURE®,≤100
128041845508205,In Good Company,Hanson Han Xu,≤100
109275097544363,Alliance for Balanced Government,Alliance for Balanced Government,≤100
788394134539871,USPS Business,United States Postal Service,≤100
101525774999212,BLM,Bryan Daley,≤100
518194348194441,RepresentUs,RepresentUs,≤100
465483726908192,iVote,IVote Civic Education Fund,≤100
102137374563260,Confide in American Pride,John Allen Franson,≤100
129523843754764,Vote Smart,PROJECT VOTE SMART,≤100
106331207856819,Of Patriots and Citizens,Jae W Seo,≤100
209046616332309,Xochitl for Congress,Xochitl for New Mexico,≤100
80060992758,Center for Food Safety,"CENTER FOR FOOD SAFETY, THE",≤100
143089732792,Marsha Blackburn,Marsha for Senate,≤100
303061950155375,John James,"JOHN JAMES FOR SENATE, INC.",≤100
971668776283950,PolicyEd,Hoover Institution,≤100
6713653788,Gary Peters,PETERS FOR MICHIGAN,≤100