﻿Page ID,Page Name,Disclaimer,Amount Spent (USD)
11131463701,truth,TRUTH INITIATIVE FOUNDATION,≤100
306014916971663,Sam Steele for Tax Collector,"Sam Steele, Rep. Party, for Monroe County Tax Collector",≤100
7860876103,Joe Biden,BIDEN FOR PRESIDENT,≤100
202626512363,U.S. Census Bureau,U.S. Census Bureau,≤100
153080620724,Donald J. Trump,TRUMP MAKE AMERICA GREAT AGAIN COMMITTEE,≤100
92925746942,Judicial Watch,Judicial Watch,≤100
7814597100,Jim Jordan for Congress,JIM JORDAN FOR CONGRESS,≤100
101210588150219,Boy Scouts Abuse Claims,X Social Media LLC,≤100
238083329566514,Meg4DA,Committee to Elect Meg Heap,≤100
152185024462,Louisiana Right to Life,Louisiana Right to Life,≤100
166738743732702,All Above All Action,All Above All Action Fund,≤100
205164243980,Vermont Law School,Vermont Law School,≤100
598924810530984,Keeping America Great,FamTeeWorld,≤100
6204742571,Sierra Club,SIERRA CLUB,≤100
681626158940626,Mission Roll Call,Americas Warrior Partnership,≤100
110096317062742,Marisa Shaaban for State Representative,Friends of Marisa Shaaban,≤100
1402827079932843,Low Income Relief,The Lighthouse Information Network LLC,≤100
309798029121030,Everytown for Gun Safety,Everytown for Gun Safety Action Fund Inc,≤100
109891623929786,Jonathan Cable for Lincoln County District Attorney,Jonathan Harper Cable,≤100
1316372698453411,Alexandria Ocasio-Cortez,ALEXANDRIA OCASIO-CORTEZ FOR CONGRESS,≤100
96935476345,Democratic Governors Association (DGA),Democratic Governors Association,≤100
119239224825173,Define American,Define American,≤100
221890358218748,Til Valhalla Project,Til Valhalla Project,≤100
38235851310,USA for UNHCR,UNITED STATES ASSOCIATION FOR UNHCR,≤100
151721606865,Intrepid Fallen Heroes Fund,Intrepid Fallen Heroes Fund,≤100
8934429638,Planned Parenthood Action,Planned Parenthood Action Fund,≤100
1708467695859543,Veteran Transition Mission,Sonia Ivelisse Barriera Ayala,≤100
59254639983,Boston Medical Center,BOSTON MEDICAL CENTER,≤100
107206780915309,HydroClean,TELEBRANDS CORP.,≤100
111970730196550,World War Zero,AMERICAN SECURITY PROJECT,≤100
172758932738142,PhRMA,PHARMACEUTICAL RESEARCH AND MANUFACTURERS OF AMERICA,≤100
1771156219840594,Team Trump,TRUMP MAKE AMERICA GREAT AGAIN COMMITTEE,≤100
36474716066,Color Of Change,ColorofChange.org,≤100
27544763621,Prison Fellowship,Prison Fellowship,≤100
8047221596,Save the Children US,"SAVE THE CHILDREN FEDERATION, INC.",≤100
156968474833352,Stop Republicans,Stop Republicans,≤100
102756811269921,Fellow Americans,Fellow Americans,≤100
1025055787535714,A Case for Women,A Case for Women,≤100
34362997676,United States Holocaust Memorial Museum,UNITED STATES HOLOCAUST MEMORIAL MUSEUM,≤100
167586229923327,World Food Program USA,World Food Program USA,≤100
107033296017764,Isps-Us,The International Society for the Psychological Treatments,≤100
156639744364486,NCTA: The Internet and Television Association,NCTA - The Internet & Television Association,≤100
24470472733,The Trevor Project,The Trevor Project,≤100
1776550082573949,American Clothing Enterprises,Snerwin Ace Ross,≤100
2602473023098666,Democratic Polling Center,Democratic Governors Association,≤100
49651563727,Live Action,Live Action,≤100
127225910653607,PragerU,PragerU,≤100
102206620458674,Leaders Igniting Transformation,"Leaders Igniting Transformation Action Fund, Inc.",≤100
110776480521831,Elect Rome Prince District 9 County Council,Rome Heith Prince,≤100
530604487365010,Old Glory Flagpole Kits,Service First Flag Poles,≤100
73970658023,International Rescue Committee,International Rescue Committee,≤100
46347342434,EMILY's List,EMILY'S LIST,≤100
630361950488652,Rhonda Rebman Lopez,"Rhonda Rebman Lopez For State Representative, District 120",≤100
112057233600110,Nikil Saval,Friends of Nikil Saval,≤100
102170421397779,Jacobsen4Commissioner,Jacobsen 4 Commissioner,≤100
100965727958415,Leigha LaFleur for Metro District 6,Leigha LaFleur Street Team,≤100
1690240034454817,BDS Report,BDS Report,≤100
69983322463,Ted Cruz,TED CRUZ FOR SENATE,≤100
560140464159364,Stand for the 2nd Amendment,SFT2 Tactical Supply,≤100
1819658374974706,Arena,Arena PAC,≤100
1800072483402009,African Community & Conservation Foundation,African Community & Conservation Foundation,≤100
239880129983455,California Term Limits,U.S. Term Limits Inc.,≤100
209516845093,NRDC Action Fund,NRDC Action Fund,≤100
113842443643787,QuickConcealed,QuickConcealed.com,≤100
1883837055193241,Shield Republic,Shield Republic,≤100
1754669597959219,Evie,Evie Magazine,≤100
296708523873754,Karla Dennis and Associates Inc.,"Karla Dennis & Associates, Inc",≤100
527930823935849,Chaleff Rehwald Peterson,Daniel Robert Chaleff,≤100
6726182861,Mike Pence,TRUMP MAKE AMERICA GREAT AGAIN COMMITTEE,≤100
103844480955531,Dr. Chris Magiera for Congress,"FRIENDS OF CHRIS MAGIERA, INC.",≤100
265268336865693,Do Amore,Do Amore Limited Company,≤100
12301006942,Democratic Party,DNC SERVICES CORP./DEM. NAT'L COMMITTEE,≤100
103276821014871,Aileen Galvan for Tax Collector,"Aileen Galvan, Dem. Party, for Monroe County Tax Collector",≤100
111622410196045,State of Youth,KidsRights with Facebook ad credits,≤100
21559454473,FAIR,FEDERATION FOR AMERICAN IMMIGRATION REFORM,≤100
101165966152,AFL-CIO,AFL-CIO,≤100
134705859885321,Unilever,Unilever,≤100
916908791847627,Prosperity Michigan,Prosperity Michigan,≤100
193618220508,LIFE Today,LIFE Outreach International,≤100