﻿Page ID,Page Name,Disclaimer,Amount Spent (USD)
629062130882339,Congressman Michael F.Q. San Nicolas - Guam,United States House of Representatives,158
308817409741999,Governor Lou Leon Guerrero,Office of the Governor of Guam,≤100
303943826419440,Senator Wil Castro,4 Wil Drive,≤100
590772954430493,Guam Citizens for Public Accountability,Guam Citizens for Public Accountability,≤100
11131463701,truth,TRUTH INITIATIVE FOUNDATION,≤100
503951883021764,ShareTheMeal,These ads ran without a disclaimer,≤100
100524331624836,Pronido,These ads ran without a disclaimer,≤100