﻿Page ID,Page Name,Disclaimer,Amount Spent (USD)
630361950488652,Rhonda Rebman Lopez,"Rhonda Rebman Lopez For State Representative, District 120",≤100
202626512363,U.S. Census Bureau,U.S. Census Bureau,≤100
38235851310,USA for UNHCR,UNITED STATES ASSOCIATION FOR UNHCR,≤100
153080620724,Donald J. Trump,TRUMP MAKE AMERICA GREAT AGAIN COMMITTEE,≤100
167586229923327,World Food Program USA,World Food Program USA,≤100
360424321432255,Doha Debates,Doha Debates,≤100
111140093672868,Josh Eisen,Joshua E Eisen,≤100
101157164782312,Superzerotribe,superzero LLC,≤100
120522437962280,Hutchins Center for African & African American Research,The Hutchins Center for African & African American Research at Harvard University,≤100
59254639983,Boston Medical Center,BOSTON MEDICAL CENTER,≤100
10803722213,Common Cause,COMMON CAUSE,≤100
6355071377,American Cancer Society Cancer Action Network - ACS CAN,AMERICAN CANCER SOCIETY CANCER ACTION NETWORK INC,≤100
73970658023,International Rescue Committee,International Rescue Committee,≤100
117641114435,First Aid Beauty,First Aid Beauty,≤100
304600892905134,Hillsdale College Online Courses,HILLSDALE COLLEGE,≤100
1883837055193241,Shield Republic,Shield Republic,≤100
108685550805818,"Xpand Care, Inc.",Adam Craig Schlifke,≤100
385473284886474,Hillsdale College,HILLSDALE COLLEGE,≤100
166738743732702,All Above All Action,All Above All Action Fund,≤100
6204742571,Sierra Club,SIERRA CLUB,≤100
20876805343,March of Dimes,MARCH OF DIMES INC.,≤100
156968474833352,Stop Republicans,Stop Republicans,≤100
108162940871582,Commonwealth Leaders Fund,Commonwealth Leaders Fund,≤100
101210588150219,Boy Scouts Abuse Claims,X Social Media LLC,≤100
1708467695859543,Veteran Transition Mission,Sonia Ivelisse Barriera Ayala,≤100
43426724597,Paper Culture,Paper Culture LLC,≤100
681626158940626,Mission Roll Call,Americas Warrior Partnership,≤100
101165966152,AFL-CIO,AFL-CIO,≤100
107055757575334,Mark Jones for District Attorney,The Committee to Elect Mark Jones for District Attorney,≤100
221890358218748,Til Valhalla Project,Til Valhalla Project,≤100
7860876103,Joe Biden,BIDEN FOR PRESIDENT,≤100
200650357207240,I Love My Freedom,I Love My Freedom,≤100
34362997676,United States Holocaust Memorial Museum,UNITED STATES HOLOCAUST MEMORIAL MUSEUM,≤100
111222097052022,KW Miller Congressional Committee,KW Miller Congressional Exploratory Committee,≤100
6726182861,Mike Pence,"DONALD J. TRUMP FOR PRESIDENT, INC.",≤100
1771156219840594,Team Trump,"DONALD J. TRUMP FOR PRESIDENT, INC.",≤100
780941275347834,Ilhan Omar,ILHAN FOR CONGRESS,≤100
169130743498585,Tactical Pro Supply,Chad Keller,≤100
102206620458674,Leaders Igniting Transformation,"Leaders Igniting Transformation Action Fund, Inc.",≤100
314499212242,Pfizer,Pfizer Inc.,≤100
49651563727,Live Action,Live Action,≤100
134705859885321,Unilever,Unilever,≤100
153080620724,Donald J. Trump,"DONALD J. TRUMP FOR PRESIDENT, INC.",≤100
264674204408717,Atlantic Key Energy,Atlantic Key Energy,≤100
11131463701,truth,TRUTH INITIATIVE FOUNDATION,≤100
30792325085,Bipartisan Policy Center,"BIPARTISAN POLICY CENTER, INC.",≤100
105774151095285,Local Solar Program,Joshua Adam Sparks,≤100
21559454473,FAIR,FEDERATION FOR AMERICAN IMMIGRATION REFORM,≤100
100616198043452,Joe Lentol for Assembly,Citizens for Lentol,≤100
172758932738142,PhRMA,PHARMACEUTICAL RESEARCH AND MANUFACTURERS OF AMERICA,≤100
218020061613734,UBS,UBS Financial Services Inc.,≤100
109891623929786,Jonathan Cable for Lincoln County District Attorney,Jonathan Harper Cable,≤100
1316372698453411,Alexandria Ocasio-Cortez,ALEXANDRIA OCASIO-CORTEZ FOR CONGRESS,≤100