﻿Page ID,Page Name,Disclaimer,Amount Spent (USD)
153080620724,Donald J. Trump,"DONALD J. TRUMP FOR PRESIDENT, INC.",14896
6726182861,Mike Pence,TRUMP MAKE AMERICA GREAT AGAIN COMMITTEE,7247
153080620724,Donald J. Trump,TRUMP MAKE AMERICA GREAT AGAIN COMMITTEE,6344
110061623807565,Kelly Loeffler,Georgians for Kelly,2354
260754507296508,The Voter Participation Center,Voter Participation Center,1924
108164714054857,John Cowan,"John Cowan for Congress, Inc.",1759
7860876103,Joe Biden,BIDEN VICTORY FUND,1473
96935476345,Democratic Governors Association (DGA),Democratic Governors Association,1450
156968474833352,Stop Republicans,Stop Republicans,1414
1155212867963791,AFP Action,"AMERICANS FOR PROSPERITY ACTION, INC.(AFP ACTION)",1182
791543660926838,"I'll go ahead and keep my guns, Thanks",2A4LIFE LLC,1167
1809715209318581,Marjorie Taylor Greene for Congress,GREENE FOR CONGRESS,1130
104856814505092,The Kids Guide,The Kids Guide,1085
1771156219840594,Team Trump,TRUMP MAKE AMERICA GREAT AGAIN COMMITTEE,997
253791814655400,Doug Collins,"COLLINS FOR SENATE, INC.",931
159597424207730,David Perdue,PERDUE FOR SENATE,907
20787991568,Senate Democrats,DSCC,868
1745691098822972,Brad Parscale,TRUMP MAKE AMERICA GREAT AGAIN COMMITTEE,865
1771156219840594,Team Trump,"DONALD J. TRUMP FOR PRESIDENT, INC.",815
21898300328,BuzzFeed,The Procter & Gamble Company,775
102671331487937,I Love My Freedom Store,I Love My Freedom,726
9324910069,NRSC,NRSC,637
112974563687584,Robert Kiyosaki - The Rich Dad Poor Dad Letter,Long Form Creative Co.,541
165987503528599,Lindsey Graham,"TEAM GRAHAM, INC.",536
57259033959,AARP,AARP,525
229422593795044,State Government Leadership Foundation,State Government Leadership Foundation,510
2352630938293825,Mytacticalpromos,Entremax,469
328072970642479,Jaime Harrison,JAIME HARRISON FOR US SENATE,467
176789922364429,Steve Daines,STEVE DAINES FOR MONTANA,450
33110852384,Doctors Without Borders/ Médecins Sans Frontières (MSF),Doctors Without Borders/Médecins Sans Frontières (MSF),444
196382377057315,Learn Our History,Learn Our History,438
109742407314234,Restoration Action,Restoration Action,431
296708523873754,Karla Dennis and Associates Inc.,"Karla Dennis & Associates, Inc",429
1615018905412860,Progressive Turnout Project,PROGRESSIVE TURNOUT PROJECT,397
345504286342057,Keeping America Great Again,RightWingGear.com,382
107758757670203,BLM Direct,BLM Store LLC,372
25852730092,Care2,Care2 Inc,370
107858693983382,The GOP Shop,The GOP Shop,367
132492254050920,American AF,AAF Nation,362
6726182861,Mike Pence,"DONALD J. TRUMP FOR PRESIDENT, INC.",343
665345483483486,NRA - National Rifle Association of America,NATIONAL RIFLE ASSN OF AMERICA,341
203805062990264,Ben Shapiro,The Daily Wire,337
1556932204325823,ProgressPop,ProgressPop,329
1435071773455316,Daily Wire,The Daily Wire,324
105756057589080,The Lincoln Project,The Lincoln Project,310
110418967253556,Valuebasedcare,HEALTH CARE ADVANTAGE LLC,301
1336293769761923,Jon Ossoff,JON OSSOFF FOR SENATE,296
112694470356789,Trumpcare For America,Stuart Joseph Millar,288
342294162453301,Planned Parenthood,Planned Parenthood Federation of America,279
389002298352371,American Senior Benefits,John M Davis,276
114710126648118,Republican Dogs,Republican Dogs,251
373814729643508,Let America Vote,LET AMERICA VOTE PAC,251
115379705206001,U.S. Department of Homeland Security Blue Campaign,DHS Blue Campaign,248
585559211556806,CDLU,"Consejo de Latinos Unidos, inc.",247
925007000949719,ExxonMobil,Exxon Mobil Corporation,241
100176084940130,True Georgia Conservatives,"COLLINS FOR SENATE, INC.",240
107398241021186,The John Lewis Bridge Project,John Lewis Bridge Project,239
104721201111500,Grassroots Law Project,Grassroots Law Project,237
109677057145919,Hot Issue,Astonishean Miracle Bundage,236
92925746942,Judicial Watch,Judicial Watch,227
259130650776119,Mitch McConnell,MCCONNELL SENATE COMMITTEE,225
1374134752633656,New Health Plans,Shop Insurance Plans,221
25055115099,Intuit,INTUIT INC.,216
156991033713,Georgia Republican Party,"GEORGIA REPUBLICAN PARTY, INC.",215
495950117447546,Protect Freedom PAC,PROTECT FREEDOM POLITICAL ACTION COMMITTEE,212
717115395103069,PrintedKicks,Printed Kicks,212
107904733908466,Securing Our Future,Securing Our Future,209
96935476345,Democratic Governors Association (DGA),DEMOCRATIC ACTION,207
100137754724934,Trump 2020 Supporters,Proud Right Winger,207
1883837055193241,Shield Republic,Shield Republic,205
2330577043935831,Sara Gideon,SARA GIDEON FOR MAINE,199
195530355493,Chicks On The Right,Chicks on the Right,194
38235851310,USA for UNHCR,UNITED STATES ASSOCIATION FOR UNHCR,194
127225910653607,PragerU,PragerU,191
127755494595870,Progressive Takeover,PROGRESSIVE TAKEOVER,190
73970658023,International Rescue Committee,International Rescue Committee,189
2265008183712712,Rep. Lucy McBath,Office of Rep. Lucy McBath,188
111393882812494,Amy McGrath,"AMY MCGRATH FOR SENATE, INC.",183
143195412381888,"Georgia Gun Owners, Inc.",Georgia Gun Owners,175
1667638686847579,The Collective PAC,COLLECTIVE FUTURE,173
85452072376,Newsmax,Newsmax Media,173
102939488033632,Georgia Is Not For Sale,GEORGIAS NOT FOR SALE,171
168051710543266,Lacy Johnson,Lacy Johnson for Congress,170
278490715553293,Martha McSally,MCSALLY FOR SENATE INC,169
1025055787535714,A Case for Women,A Case for Women,163
213792049451918,Stand For America,Stand For America Inc,162
560140464159364,Stand for the 2nd Amendment,SFT2 Tactical Supply,160
1600352356914768,PushBlack,PushBlack,159
203197030603239,8 Billion Trees,8 Billion Trees LLC,157
99033391274,Brian Kemp,Kemp for Governor Inc,156
23875187730,Feeding America,Feeding America,150
1548853772019803,Congressman Rick Allen,Congressman Rick W. Allen,148
461204744067686,Family Protection Association,Family Protection Association,147
329384734362985,Sharon Cooper,Sharon Cooper for State House,140
830121337093232,National Democratic Training Committee,NATIONAL DEMOCRATIC TRAINING COMMITTEE PAC,139
802271849850801,Freedom for All Americans,Freedom for All Americans,139
105829564471772,Patriots Stand Together,Trizzie Truong,133
110177119192569,Knightscope,William Li,132
107654924064350,Pat Timmons-Goodson,PATRICIA TIMMONS-GOODSON FOR CONGRESS,131
108118933908193,Next Level Goods,Next Level Goods LLC,131
24330467048,Americans for Prosperity,AMERICANS FOR PROSPERITY,130
103597604713894,Team Trump Store,TRUMP MAKE AMERICA GREAT AGAIN COMMITTEE,129
206895066621922,Dave Roberson for Floyd County Sheriff,Citizens for Roberson,126
305832706292882,American Gun Association,GunAssociation.org,126
114274493350512,Georgia Alliance for Community Hospitals,Georgia Alliance for Community Hospitals,125
5435784683,Greenpeace USA,"GREENPEACE, INC.",124
50576707351,Republican State Leadership Committee,Republican State Leadership Committee,123
309308412520731,Sandy Hook Promise,Sandy Hook Promise,122
434224137354568,Dr. Rich McCormick for Congress,Friends of McCormick,121
101165966152,AFL-CIO,AFL-CIO,118
169597416843751,Stand Up America,Stand Up America,117
100637888239523,Free Reign For All,Kin Ngai Yeung,116
433919203362871,Bird + Stone,BIRD & STONE INC,115
103552124663105,Billy Hickman for State Senate,"Billy Hickman for State Senate, Inc.",114
111428049989,Cal Cunningham,CAL FOR NC,111
1194865807192273,Conservative Gear,Outergoods LLC,111
328853823844484,Balance of Power,Balance of Power,110
1061240530648502,Joe Collins,JOE COLLINS FOR CONGRESS,107
100757504960070,Concealed_Country,Concealed Country,105
106645684412573,Cover Air Medical,Cover Air Medical,105
107554424213449,Melynee Leftridge Harris for Judge,Committee to Elect Melynee Leftridge Harris,104
17023576156,The Leadership Conference on Civil and Human Rights,The Leadership Conference on Civil and Human Rights,104
1640382132865600,Kim and Park Law llc,Alfonso F Rodriguez,104
113821048776582,Merritt & Merritt Law Firm,Merritt & Merritt Law Firm,103
117211836322081,Jason Marbutt for Judge,Marbutt for Judge,103
265268336865693,Do Amore,Do Amore Limited Company,102
215968684159,AFT - American Federation of Teachers,American Federation of Teachers,102
100126201737278,Patriots Take a Stand,Jae W Seo,≤100
104751804463228,Andrew Clyde for Congress,"CLYDE FOR CONGRESS, INC.",≤100
137569740231452,Respect The Look,Respect The Look,≤100
108794587327155,Good Programs 2020,Trevor Dale Seaks,≤100
303061950155375,John James,"JOHN JAMES FOR SENATE, INC.",≤100
8934429638,Planned Parenthood Action,Planned Parenthood Action Fund,≤100
105566671190013,What We All Need,Patrick Le Tran,≤100
36474716066,Color Of Change,ColorofChange.org,≤100
8047221596,Save the Children US,"SAVE THE CHILDREN FEDERATION, INC.",≤100
101690998009007,Improving Life Through Health,Nicolette Dalan,≤100
167586229923327,World Food Program USA,World Food Program USA,≤100
30139072158,CARE,CARE,≤100
5633824547,FreedomWorks,"FREEDOMWORKS, INC.",≤100
653079394725698,Aspiration,Aspiration,≤100
159964696102,Kevin McCarthy,KEVIN MCCARTHY FOR CONGRESS,≤100
1456310534453054,Veteran Loans Online,"LMB OpCo, LLC",≤100
18982436812,ACLU,American Civil Liberties Union,≤100
519861578414374,Lester Miller for Mayor,Lester Miller for Mayor,≤100
2353537341582545,Proud Patriots,Proud Patriots,≤100
1528980567353817,Love Has No Labels,Love Has No Labels with Facebook Ad Credits,≤100
114501575391943,Compare Medicare Quotes,Benepath,≤100
245284549333866,ASMDSS,ASMDSS,≤100
92021268117,Working America,Working America,≤100
602714436529710,End Citizens United,END CITIZENS UNITED,≤100
977704775606273,Balls Deep Tackle,Balls Deep Tackle,≤100
332716170522025,America First Action,America First Action,≤100
1109093812491437,Blaze Media,Blaze Media LLC,≤100
100256754899828,Patriot's Cave,Patriots Cave,≤100
112431050497386,Patriotism For Life,Vivian Lam Nguyen,≤100
7814597100,Jim Jordan for Congress,JIM JORDAN FOR CONGRESS,≤100
101210588150219,Boy Scouts Abuse Claims,X Social Media LLC,≤100
355316521236121,John Cornyn,TEXANS FOR SENATOR JOHN CORNYN INC.,≤100
111506250582498,Keeping Our Homes Safe,Steve San,≤100
1467725903304588,EZ Insure,Benepath,≤100
2267285956849056,Donald Trump 2020 Fans,I Love My Freedom,≤100
283627317761,Atlanta Mission,ATLANTA UNION MISSION CORPORATION,≤100
8325302025,Friends of the Earth U.S.,Friends of the Earth,≤100
228754857151053,House Majority PAC,House Majority PAC,≤100
6316744206,Jon Tester,MONTANANS FOR TESTER,≤100
425771317501061,Michael Knowles,The Daily Wire,≤100
2189265054726827,Liberty Tee Shop,www.libertyteeshop.com,≤100
679171239164792,Supermajority,Supermajority Education Fund,≤100
116546288359245,Heritage Action for America,HERITAGE ACTION FOR AMERICA,≤100
104544794507657,Sheila McNeill for GA Senate,Committee to Elect Sheila McNeill,≤100
1204754733024419,People's Power Grab,ACRONYM,≤100
118502801658228,Young Kim,Young Kim for Congress,≤100
113891694102,Energy Citizens,AMERICAN PETROLEUM INSTITUTE,≤100
15687409793,World Wildlife Fund,World Wildlife Fund,≤100
8532248414,Wounded Warrior Project,"WOUNDED WARRIOR PROJECT, INC.",≤100
309798029121030,Everytown for Gun Safety,Everytown for Gun Safety Action Fund Inc,≤100
45393753416,Alliance Defending Freedom,Alliance Defending Freedom,≤100
193618220508,LIFE Today,LIFE Outreach International,≤100
113563323745924,Keep America Great,Keep America Great,≤100
92730524910,AdventHealth,AdventHealth,≤100
18813753280,Human Rights Campaign,"HUMAN RIGHTS CAMPAIGN, INC.",≤100
1316372698453411,Alexandria Ocasio-Cortez,Alexandria Ocasio-Cortez for Congress,≤100
1745691098822972,Brad Parscale,"DONALD J. TRUMP FOR PRESIDENT, INC.",≤100
256253931114914,1 on 1 Matchmaking,One on One Matchmaking,≤100
118303441570966,Home Ownership Matters,NATIONAL ASSOCIATION OF REALTORS,≤100
1010143499143169,Medicare Savings,"Mayo Labs, LLC",≤100
475456956305422,All Voting Is Local,The Leadership Conference on Civil and Human Rights,≤100
67945990059,The American Petroleum Institute,AMERICAN PETROLEUM INSTITUTE,≤100
192015461630968,Supporting Our Brave Veterans,James Brian Plouf,≤100
598924810530984,Keeping America Great,FamTeeWorld,≤100
7292655492,MoveOn,MOVEON.ORG POLITICAL ACTION,≤100
17911165812,Covenant House International,Covenant House,≤100
206677396413254,Abortion On Our Own Terms,Abortion On Our Own Terms,≤100
1917715138510680,Follow Your Legend,Legend Bracelet,≤100
110018833813683,Flip the Senate,SMP,≤100
101279451606075,Democratic Strategy Institute,Democratic Strategy Institute,≤100
107150077720746,American Collectibles,Christopher Walter Adams,≤100
875703902528460,Matt Gurtler,"Friends of Matt Gurtler, Inc.",≤100
1836138529938551,Greater Half,Greater Half,≤100
277005566267077,Blueland,Blueland,≤100
21559454473,FAIR,FEDERATION FOR AMERICAN IMMIGRATION REFORM,≤100
530604487365010,Old Glory Flagpole Kits,Service First,≤100
1526736227567131,TrueCoverage,True Coverage,≤100
21375324480,The Heritage Foundation,HERITAGE FOUNDATION (THE),≤100
530604487365010,Old Glory Flagpole Kits,Service First Flag Poles,≤100
7833534974,Florida Democratic Party,Florida Democratic Party,≤100
107428150756519,US Money Daily,USMoneyDaily,≤100
114625730266879,Republican Voters Against Trump,Defending Democracy Together,≤100
110974960642149,Proudly American,Grant Alan Johnston,≤100
293225127381200,Patriot Depot,The Patriot Depot,≤100
105455840860559,Eagle Realm,Eagle Realm,≤100
110124618713,American Principles Project,American Principles Project,≤100
1799282383731277,TwoSeventy,Alexander Jared Deutsch,≤100
107536044212649,"Joyce Marie Griggs for U.S. Congress, 1st Congressional District of Georgia",Task Force Griggs For Congress,≤100
35169196082,Project HOPE,"PROJECT HOPE-THE PEOPLE-TO-PEOPLE HEALTH FOUNDATION, INC.",≤100
443329669123990,USAFacts,USAFacts Institute,≤100
142370046577999,Shahid Buttar for Congress,Shahid Buttar for Congress Committee,≤100
100416321669211,Paul Howard Jr.,Paul Howard Jr,≤100
8501031021,VoteVets.org,"VoteVets Action Fund, Inc.",≤100
116855228000,ACLU of Georgia,ACLU of Georgia,≤100
210820618956311,Community Change Action,Center for Community Change Action,≤100
282328882639479,Quibi,Quibi,≤100
107803440835562,US Hot Gears,Click Wonders,≤100
87186661244,Johns Hopkins Bloomberg School of Public Health,Johns Hopkins Bloomberg School of Public Health,≤100
69039563201,Open Doors USA,"OPEN DOORS WITH BROTHER ANDREW, INC.",≤100
105732744375701,Steve Bullock,MONTANANS FOR BULLOCK,≤100
429812024048177,Doug Jones for Senate,DOUG JONES FOR SENATE COMMITTEE,≤100
98036651883,MapLight,These ads ran without a disclaimer,≤100
126694924050678,Xavier Becerra,Becerra for Attorney General 2022,≤100
108048380819042,Cliff Whitby for Mayor,Campaign to Elect Cliffard Whitby for Mayor of Macon-Bibb,≤100
111278008942618,Wicked Clothes,Wicked Clothes,≤100
163148530407080,Captain Mark Kelly,MARK KELLY FOR SENATE,≤100
907919839243616,My Faith Votes,My Faith Votes,≤100
2037695643113766,Blexit,Blexit Foundation,≤100
12301006942,Democratic Party,DNC SERVICES CORP./DEM. NAT'L COMMITTEE,≤100
228132537208218,Tammy Duckworth,TAMMY FOR ILLINOIS,≤100
72186095846,Center For American Progress Action Fund,Center for American Progress Action Fund,≤100
2185993931653388,The Recount,"Recount Media, Inc",≤100
106114264313679,Hunt The Vote,"Hunter Nation, Inc",≤100
104934207736995,Paycheck to Paycheck,Center for American Progress Action Fund,≤100
342887442508723,Convention of States,Convention of States Action,≤100
103162411257510,Trumplican,USA Movements,≤100
169710960125365,Curzio Research,Curzio Research Inc.,≤100
2078647579047586,Project Pulso,Project Pulso,≤100
350034968707513,And She Could Be Next,And She Could Be Next LLC,≤100
42872222699,Dana Loesch,Dana Loesch Radio,≤100
106224464107240,Jo Jorgensen,JO JORGENSEN FOR PRESIDENT,≤100
209516845093,NRDC Action Fund,NRDC Action Fund,≤100
1228396643984955,Michelle Steel,Michelle Steel for Congress,≤100
2225580284361712,Tommy Tuberville,"TUBERVILLE FOR SENATE, INC.",≤100
681626158940626,Mission Roll Call,Americas Warrior Partnership,≤100
109360297266116,Fearless Patriot,TERESA NONE OHARA-MARSH,≤100
166618413413767,Jay Sekulow,American Center for Law and Justice,≤100
6236054211,Brady,Brady Campaign to Prevent Gun Violence,≤100
7263476274,Mercy Corps,Mercy Corps,≤100
105577974544303,The USA Needs More Patriots,Anthony Alexander Morales,≤100
24481937944,Theodore Roosevelt Conservation Partnership,"THEODORE ROOSEVELT CONSERVATION PARTNERSHIP, INC",≤100
237477017606,Club for Growth,Club for Growth,≤100
112880207070872,Windows Roof Driveway,Kenji None Tomoda,≤100
9364828262,Citizens Against Government Waste,COUNCIL FOR CITIZENS AGAINST GOVERNMENT WASTE,≤100
465483726908192,iVote,IVote Civic Education Fund,≤100
605168822998856,314 Action,314 ACTION FUND,≤100
7962229886,Environmental Working Group,ENVIRONMENTAL WORKING GROUP,≤100
80433353285,Taradel LLC,Taradel,≤100
892673067526965,Project War Path,Project War Path,≤100
6231686654,Compassion International,"COMPASSION INTERNATIONAL, INCORPORATED",≤100
215830238462422,The LIBRE Initiative,The Libre Initiative,≤100
19342050934,Leadership Institute,LEADERSHIP INSTITUTE INC,≤100
104745474214057,HRA - OTC Birth Control,Corey Francis Mc Govern,≤100
112325855474892,Speak Up For Education and Kids,National Education Association,≤100
376776419037747,Turning Point USA,Turning Point USA,≤100
18709174006,National Audubon Society,"NATIONAL AUDUBON SOCIETY, INC.",≤100
6041057841,The Humane Society of the United States,"HUMANE SOCIETY OF THE UNITED STATES, THE",≤100
16477459734,League of Conservation Voters,"LEAGUE OF CONSERVATION VOTERS, INC",≤100
15239367801,The Wilderness Society,"WILDERNESS SOCIETY, THE",≤100
1533159540286546,Grassroots Leadership Academy,Americans for Prosperity Foundation,≤100
166166843531258,National Council of Resistance of Iran - شورای ملی مقاومت ایران,MEK-Iran (Saeid Saadati),≤100
329284771298646,Issue One Action,Issue One Action,≤100
592707041080920,Stand Together,Stand Together Chamber of Commerce Inc.,≤100
129255907131113,NumbersUSA,NUMBERSUSA EDUCATION AND RESEARCH FOUNDATION,≤100
570092813023833,Matt Walsh,The Daily Wire,≤100
2362735863772950,Jimmy Davenport For Sheriff 2020,James Carl Davenport,≤100
106020800938838,Rob Leverett,Rob Leverett for State House,≤100
145973965440671,Carnegie Corporation of New York,CARNEGIE CORPORATION OF NEW YORK,≤100
38471053686,Elizabeth Warren,"WARREN DEMOCRATS, INC.",≤100
2309566456030859,Human Coalition Action,Human Coalition Action,≤100
143729616392084,Van Drew for Congress,Van Drew for Congress,≤100
135298176481584,Marine Corps Scholarship Foundation,Marine Corps Scholarship Foundation,≤100
27311599342,Preemptive Love,Preemptive Love Coalition,≤100
130467958471,Jason Lewis,Jason Lewis for Senate,≤100
149081336362,AmeriCorps VISTA,Corporation for National and Community Service,≤100
780941275347834,Ilhan Omar,ILHAN FOR CONGRESS,≤100
1627212824167934,Men4Choice,Men4Choice,≤100
419237048158257,Susan Collins,COLLINS FOR SENATOR,≤100
112347913766343,2A Forever,US Programs And Benefits,≤100
150452905455,Andrew Klavan,The Daily Wire,≤100
1765073800454902,Reform Austin,Reform Austin Inc.,≤100
50982313030,Food & Water Watch,Food & Water Watch,≤100
119954938436763,Virguez Law,Virguez Law,≤100
420785874975425,Conservative Institute,The Conservative Institute,≤100
178835922297833,American Clinical Laboratory Association,American Clinical Laboratory Association,≤100
53541257714,The Arc of the United States,The Arc with Facebook Ad Credits,≤100
107207307541523,Greg Shenton for Superior Court Judge,"Friends of Greg Shenton, Inc.",≤100
331258034117440,Patrick Labat for Fulton County Sheriff,Labat for Sheriff,≤100
107572730809638,End Money Bail California,"End Predatory & Unfair Money Bail, a coalition of justice reform and labor organizations. Committee major funding from Action Now Initiative, LLC, Patty Quillin, and Lynn Schusterman. Funding Details at www.fppc.ca.gov.",≤100
6820348410,Kirsten Gillibrand,Off the Sidelines,≤100
85273022315,NAMI,NAMI,≤100
1733918116873254,BackWoods Mafia,Landon David Turner,≤100
103654464668995,Home With Our Family,Alexander Chung,≤100
183517831660100,Morning Consult,Morning Consult LLC,≤100
279085498856,AARP Georgia,AARP,≤100
46093654473,National Republican Congressional Committee,NRCC,≤100
80562389320,NARAL Pro-Choice America,NARAL Pro-Choice America,≤100
24413227922,Kamala Harris,FEARLESS FOR THE PEOPLE PAC,≤100
106949844346620,Trumpian Republicans,Gregory Lawrence Burright,≤100
1055873511190792,Hello Resistance,Hello Resistance Apparel,≤100
248181906078243,National Institute for Civil Discourse,CommonSense American,≤100
23790541544,Democrats,DCCC,≤100
18780321251,American Chemistry,"AMERICAN CHEMISTRY COUNCIL, INC.",≤100
1326194180900114,Jonathan Wallace for State House District 119,Jonathan Wallace for State House,≤100
8550121410,Free Speech America Project,MEDIA RESEARCH CENTER,≤100
101136147910784,Represent Justice,Represent Justice,≤100
108864587529774,G. K. Butterfield for Congress,Butterfield for Congress,≤100
15041226930,Oxfam,"OXFAM AMERICA, INC.",≤100
775525186130124,Center for a Free Economy,Center for a Free Economy,≤100
104504438466,Federal Voting Assistance Program - FVAP,Federal Voting Assistance Program,≤100
224684514243482,Tom Cotton,"COTTON FOR SENATE, INC.",≤100
34661411150,AIDS Healthcare Foundation,AIDS HEALTHCARE FOUNDATION,≤100
30914589895,The International Fellowship of Christians and Jews,"INTERNATIONAL FELLOWSHIP OF CHRISTIANS & JEWS, INC.",≤100
1447994318779650,AirMedCare Network,AIrMedCare Network,≤100
1166660030079480,National Democratic Redistricting Committee,National Democratic Redistricting Committee,≤100
593289284500311,Trump Rack,BOXD Marketing,≤100
169294473121454,Policetees.com,PoliceTees.com,≤100
72931140459,Center for Biological Diversity,"CENTER FOR BIOLOGICAL DIVERSITY, INC.",≤100
83290028957,Care Net,CARE NET,≤100
894096170667732,Ashley Hinson,Ashley Hinson For Congress,≤100
788394134539871,USPS Business,United States Postal Service,≤100
934438026690635,YouGov,YOUGOV AMERICA INC.,≤100
109092142462587,Adam Schiff,SCHIFF FOR CONGRESS,≤100
51379424899,Mercy Ships,MERCY SHIPS INTERNATIONAL,≤100
518194348194441,RepresentUs,RepresentUs,≤100
493811210669780,Creative Action Network,Creative Action Network,≤100
94390190938,The Tax Shop,Dennis William Futch,≤100
49651563727,Live Action,Live Action,≤100
294196590710262,FWD.us,FWD.us,≤100
240290369507552,Bend the Arc Jewish Action,Bend the Arc: Jewish Action,≤100
683872625157265,Theresa Greenfield,THERESA GREENFIELD FOR IOWA,≤100
1005566252861190,VOTEPROCHOICE,DEMOCRATS.COM,≤100
128958937175029,Trivia Today,Benjamin Aaron Perlman,≤100
257019421075897,Cory Gardner,Cory Gardner for Senate,≤100
1690071827911682,Cleancult,cleancult,≤100
20876805343,March of Dimes,MARCH OF DIMES INC.,≤100
55549065733,Voto Latino,VOTO LATINO INC.,≤100
11791104453,NRDC,Natural Resources Defense Council,≤100
1679521432262834,Physicians Grassroots Network,American Medical Association,≤100
586751814690068,Joni Ernst,Joni for Iowa,≤100
153678684700451,American Investment Council,AMERICAN INVESTMENT COUNCIL,≤100
100406548314286,Vote Jason Jones,Jason Jones for State House,≤100
673117639774135,Gretchen Whitmer,Gretchen Whitmer for Governor,≤100
105084617912738,PatriotQuizzes,patriotquizzes.com,≤100
106402714456835,Trees 4 Australia,Trees4Australia,≤100
163302087408673,Stop The Donald,Stop the Donald,≤100
1453339054911514,Latino Community Fund -LCF Georgia,Latino Community Fund Inc.,≤100
5720973755,Defenders of Wildlife,DEFENDERS OF WILDLIFE,≤100
655065784538368,PredictIt,"PredictIt - Prediction Markets. A project of Victoria University of Wellington, PredictIt has been established to facilitate research into the way markets forecast events.",≤100
2332380533514168,Kandiss Taylor,KANDISS TAYLOR FOR U.S. SENATE,≤100
675471506247724,Adair for Congress,ADAIR FOR CONGRESS,≤100
1173971236026703,Karen Handel,"HANDEL FOR CONGRESS, INC.",≤100
861670030686161,Indivisible GA-11,INDGA11 FOR A BETTER GA SUPER PAC,≤100
112084806900129,Deck,"Deck Technologies, Inc.",≤100
103292418019923,Scott Bohlke for State Senate,Scott Bohlke for Senate,≤100
407664862957433,Ammar Campa-Najjar for Congress,AMMAR CAMPA-NAJJAR FOR CONGRESS,≤100
171651620209487,Brady PAC,Brady Pac,≤100
103651527870534,Maryam for DeKalb,Ian Sebastian Holland,≤100
113666459994300,Big Dan Rodimer for Congress,RODIMER FOR CONGRESS,≤100
172758932738142,PhRMA,PHARMACEUTICAL RESEARCH AND MANUFACTURERS OF AMERICA,≤100
176466646087311,DC Fawcett,Donald Chappell Fawcett,≤100
202286639832171,Dr. Robert Jeffress,FIRST BAPTIST CHURCH DALLAS,≤100
103656897835779,Elect Corey Johnson,Committee to Elect Corey Johson,≤100
1014291495249813,Politicon,Politicon,≤100
27544763621,Prison Fellowship,Prison Fellowship,≤100
216709768355686,Dinesh D'Souza,America2020 Film LLC,≤100
107589664099282,Stand Up To China,"Stand Up To China, Inc.",≤100
438987046299274,The First,"The First Digital, Inc",≤100
73528878871,Center for Reproductive Rights,Center for Reproductive Rights,≤100
201956993160690,MRCTV,MEDIA RESEARCH CENTER,≤100
259212814698356,Democratic Majority for Israel,DMFI PAC,≤100
21395843375,Dialysis Patient Citizens,DIALYSIS PATIENT CITIZENS INC,≤100
6315243665,Faith in Public Life,"FAITH IN PUBLIC LIFE, INC.",≤100
2081864865362439,Mike Espy,MIKE ESPY FOR SENATE CAMPAIGN COMMITTEE,≤100
1530883997194411,United States Constitution,Flag and Cross,≤100
496696933682736,Jeff Merkley,JEFF MERKLEY FOR OREGON,≤100
101992031368419,Vote Steve Now for State House,Friends of Steve Leibel,≤100
158791100909689,Concerned Veterans for America,Concerned Veterans for America,≤100
19746387261,Humane Society International,Humane Society International,≤100
169130743498585,Tactical Pro Supply,Chad Keller,≤100
105410567897348,Adopt an Officer,These ads ran without a disclaimer,≤100
356482637745012,Stansberry Research,Stansberry Research,≤100
21834534343,Volunteers of America,"VOLUNTEERS OF AMERICA, INC.",≤100
214118661970,Daniel for Georgia,Daniel for Georgia,≤100
463095630924391,US Business Funding,Credox,≤100
953623958136043,FinalStraw,The Final Co. LLC,≤100
100698124863349,Bo Hatchett for State Senate,Hatchett for Georgia,≤100
184072721624475,"Besomebody, Inc.",Besomebody Inc,≤100
100318944827269,Amy Kennedy,AMY KENNEDY FOR CONGRESS,≤100
223055747744143,Beto O'Rourke,Powered By People,≤100
100656741555356,Elect Boyd Austin for State Senate 31,Friends of Boyd Austin,≤100
114475890010131,Piggy Dollar Financial,Tyler Wayne Hedland,≤100
192771954102960,Jordan Sekulow,American Center for Law and Justice,≤100
317284821682168,Messianic Jewish Alliance of America (MJAA),Messianic Jewish Alliance of America,≤100
223008867858902,American Action News,American Action News,≤100
101469231619455,AMANI 2020,AMANI 2020,≤100
102636677971854,Trump Is The Storm,Legendary Trump Coins,≤100
143089732792,Marsha Blackburn,Blackburn Tennessee Victory Fund,≤100
104051398040027,CCW Online Now_,Concealed Country,≤100
489525194444048,Fayette County Democrats,Daryl  Lewis,≤100
134452023239984,Human Coalition,Human Coalition,≤100
101591551371555,Fire Mitch. Save America.,SAVE AMERICA FUND,≤100
104174611217793,Anne Allen Westbrook for Georgia House District 163,Committee to Elect Anne Allen Westbrook,≤100
109379100777665,Patriotism Isn't Dead,Patriot Polling,≤100
629732217415068,Republican Party,Greater Half,≤100
501367356591374,Tamara For Georgia,COMMITTEE TO ELECT TAMARA JOHNSON SHEALEY / TAMARA FOR GEORGIA,≤100
385121791512509,Skylark: A Sexual Health + Care Clinic,"SKYLARK CLINIC, INC.",≤100
151525932186806,When Democrats Turn Out,WHEN DEMOCRATS TURN OUT PAC,≤100
6820348410,Kirsten Gillibrand,Gillibrand for Senate,≤100
101297867923420,Jeff Foster for Superior Court Judge,Jeff Foster for Superior Court Judge,≤100
110746996993983,The 'Gander Newsroom,Courier Newsroom,≤100
119006106155684,PI Energy,Andrew P Chung,≤100
1438808983108348,BOLD PAC,CHC BOLD PAC,≤100
302182941354,AARP Advocates,AARP,≤100
106487520883333,Cardinal & Pine,Courier Newsroom,≤100
365591516828390,Georgia's WIN List,Georgia WIN List,≤100
717417908274761,Lady Freethinker,Lady Freethinker,≤100
109784800371914,Protect Kids: Fight Flavored E-Cigarettes,TOBACCO-FREE KIDS ACTION FUND,≤100
10150100007820094,Wendy Davis,WENDY DAVIS FOR CONGRESS,≤100
102617961152741,Barbara Bollier,BOLLIER FOR KANSAS,≤100
464106427322973,B'own Black Owned,B'own Company Inc.,≤100
103644036958,United Association,United Association Political Education Committee,≤100
2012750189007245,Liquid Death Mountain Water,Liquid Death,≤100
1234251319933440,Exclusive Apparel,The Dude's Threads,≤100
124966805563833,Robert H. Stansfield for Superior Court Judge,"Committee to Elect Robert H. Stansfield, Inc",≤100
197760674021143,Indivisible Guide,INDIVISIBLE ACTION,≤100
971668776283950,PolicyEd,Hoover Institution,≤100
186805048171120,U.S. & Texas LawShield,Texas LawShield,≤100
117641114435,First Aid Beauty,First Aid Beauty,≤100
117758198297225,Rep. Terri Sewell,Office of U.S. Representative Terri Sewell (AL-07),≤100
417522508294454,Job Creators Network,Job Creators Network,≤100
419992651425033,Guardianes del Pueblo-Consumer Law Group,Consumer Law Group,≤100
330617944306531,Jerica Richardson,Jerica Marie Richardson,≤100
546066468753446,Black Health Matters,BLACK HEALTH MATTERS FOUNDATION INC,≤100
117058854998779,The Gideons International,"GIDEONS INTERNATIONAL, THE",≤100
102745147891580,Trump Coolers,Eric Clifford Juels,≤100
359477377917,American Federation for Children,American Federation for Children,≤100
273223673607541,Sandy Springs Together,Sandy Springs Together,≤100
205395906412,UAW International Union,"INTERNATIONAL UNION, UNITED AUTOMOBILE, AEROSPACE AND AGRICULTURAL IMPLEMENT WORKERS OF AM",≤100
2146201085498440,Tony Gonzales,Tony Gonzales for Congress,≤100
385473284886474,Hillsdale College,These ads ran without a disclaimer,≤100
2212003015795832,RENEW,Resource Recycling Systems,≤100
300992409852,Hoover Institution,Hoover Institution,≤100
102592959026,Ocean Conservancy,"OCEAN CONSERVANCY, INC.",≤100
192124384199126,The Mountains Voice Page,The Mountains Voice,≤100
142992759853421,Be A Hero,BE A HERO PAC,≤100
194115677277113,A21,A21 with Facebook Ad Credits,≤100
19420215926,CNSNews.com,MEDIA RESEARCH CENTER,≤100
115741693152043,Elect Richard Weatherby,Committee to Elect Richard Weatherby,≤100
249455845761285,Lindsey Must Go,LMG PAC,≤100
7219151423,The Fund for American Studies (TFAS),The Fund for American Studies,≤100
105670744540581,Good Savings Club,Clarissa Estella Luna,≤100
126855128568,FEBC (Far East Broadcasting Company),"FAR EAST BROADCASTING COMPANY, INC.",≤100
360424321432255,Doha Debates,Doha Debates,≤100
110849485902,United Way,United Way Worldwide with Facebook Ad Credits,≤100
203550842430,Mike Lee,FRIENDS OF MIKE LEE INC,≤100
97493741436,John W. Hickenlooper,HICKENLOOPER FOR COLORADO,≤100
979720542211350,Humanize Being Black,Keyshun Quantarious Holmes,≤100
422202764649078,Rhode Island Department of Education - RIDE,Rhode Island Department of Education,≤100
115364585711,Lawyers' Committee for Civil Rights Under Law,Lawyers' Committee for Civil Rights Under the Law with Facebook Ad Credits,≤100
103531607822207,Noticias para Inmigrantes,"Wise Rock Media, PBC",≤100
2165983337048601,LeverforChange,Lever for Change,≤100
628423320573742,Vote Run Lead,VOTERUNLEAD,≤100
111155977283079,My Medication Rights,Pharmaceutical Printed Literature Association,≤100
336470580233523,Pins and Aces Golf Co.,US Craft Brands LLC,≤100
1402827079932843,Low Income Relief,The Lighthouse Information Network LLC,≤100
303614163689629,Jessica Yeary for Public Defender,Jessica Yeary for Public Defender,≤100
628891490457484,Nancy Mace,Nancy Mace for Congress,≤100
281844617168,Jewish Voice Ministries International,JEWISH VOICE MINISTRIES INTERNATIONAL,≤100
102959799834968,Diane Mitsch Bush for Colorado,DIANE FOR COLORADO CD3,≤100
375760676281438,Mermaid Straw,Mermaid Straw,≤100
69983322463,Ted Cruz,TED CRUZ FOR SENATE,≤100
104505064408799,Cove USA,"Cove USA, LLC",≤100
2283535575207809,Ditch Mitch,DITCH FUND,≤100
814260155318929,The Fairness Project,The Fairness Project,≤100
706716899745696,Women for Trump,"DONALD J. TRUMP FOR PRESIDENT, INC.",≤100
10498053716,Media Research Center,MEDIA RESEARCH CENTER,≤100
723136714746586,The Common Ground Project,"The Common Ground Project, Inc",≤100
108679964059409,Max Burns for State Senate,Max Burns for State Senate,≤100
105872574403318,Project TAMMI,a research grant at The National Center on Addiction and Substance Abuse (CASA),≤100
331037760381749,Sierra Magazine,SIERRA CLUB,≤100
114386721939978,The Made in America Store,Made In America Store,≤100
911845658833043,I Am An Immigrant,FWD.us Education Fund,≤100
292351509697,Jerusalem Prayer Team,Jerusalem Prayer Team,≤100
357554791340788,Liker,Omar Rivero,≤100
108698493968738,Elect Franchesca Warren for District 4 Fulton County School Board,Franchesca Lane Warren,≤100
28446275521,Military Officers Association of America (MOAA),Military Officers Association of America,≤100
17432811417,Working Families Party,Working Families Party National Independent Expenditure Committee,≤100
596556607135301,The Earthling Co.,The Earthling Co.,≤100
1545826148838592,Trump 2020,Gregory Lawrence Burright,≤100
166738743732702,All Above All Action,All Above All Action Fund,≤100
114207371948187,Williamson for Walton,Hugh B Williamson,≤100
102756811269921,Fellow Americans,Fellow Americans,≤100
61265398450,AmeriCorps NCCC,Corporation for National and Community Service,≤100
2456929114357714,Patsy4DA,Committee to Elect Patsy Austin-Gatson,≤100
1992102714364397,Jason For Georgia,Jason For Georgia,≤100
242679302418244,Denison Forum,Denison Ministries,≤100
134597023235240,Rashida Tlaib,RASHIDA TLAIB FOR CONGRESS,≤100
393076844046051,Progressive Caucus,CONGRESSIONAL PROGRESSIVE CAUCUS PAC,≤100
112600915451330,No Labels,No Labels,≤100
143986912311328,University of Vermont Continuing and Distance Education,University of Vermont,≤100
109866370700481,PushBlack Finance,PushBlack,≤100
198875903295,Trek Bicycle,TREK BICYCLE CORPORATION,≤100
110248053643403,Vote For Gabe,Vote For Gabe,≤100
58401218435,National Pork Producers Council,National Pork Producers Council,≤100
1682876188698809,United for Respect,United for Respect,≤100
129523843754764,Vote Smart,PROJECT VOTE SMART,≤100
101724361319410,Ronny Jackson for U.S. Congress TX-13,Texans for Ronny Jackson,≤100
107210084216238,Humanity Forward,Humanity Forward,≤100
103235554648484,Elect Scientists,314 ACTION FUND,≤100
1601417063208019,Harness,Harness Community,≤100
113330620093147,Sunny for Congress,Suneetha Chaparala,≤100
169277310432049,"Texas Precision Optics, Inc.",Texas Precision Optics Inc,≤100
8524198486,Physicians Committee for Responsible Medicine,"PHYSICIANS COMMITTEE FOR RESPONSIBLE MEDICINE, INC.",≤100
745910525468062,National Center on Sexual Exploitation,National Center on Sexual Exploitation,≤100
382494215123812,Youth Leadership Foundation,Youth Leadership Foundation,≤100
13063797831,Ben Ray Luján,PEOPLE FOR BEN,≤100
105536127617594,The American Digest,The American Digest,≤100
396932197039819,SafeSleeve,"SafeSleeve, LLC",≤100
111702860231554,Matt Lieberman,Matt Lieberman for Senate,≤100
288110884600563,Lean In,"Sheryl Sandberg & Dave Goldberg Family Foundation d/b/a LeanIn.Org, LLC",≤100
108824017345866,Facebook,"Facebook, Inc.",≤100
384557995468219,Viral Casez,Viral Casez,≤100
111970730196550,World War Zero,AMERICAN SECURITY PROJECT,≤100
21647204289,Michigan Education Association,Michigan Education Association,≤100
100101018155207,Paid Leave for All,Paid Leave for All a project of Hopewell Fund,≤100
36872302227,Cory Booker,Cory Booker for Senate,≤100
108503659576,National Coalition for Public School Options,National Coalition for Public School Options,≤100
277414242013,Joyce Elliott for Congress,JOYCE ELLIOTT FOR CONGRESS,≤100
1695950424027488,Andy Hallinan,Andrew Lawrence Hallinan,≤100
199826043375900,Larry Hogan,An America United,≤100
112735922758892,Charlie Kirk,Charlie Kirk,≤100
58158120046,ACLJ,American Center for Law and Justice,≤100
308159713150350,Voter Protection Project,VOTER PROTECTION PROJECT,≤100
1756387101127726,Keeping it LITE,Pedro A Serrano,≤100
109788797242679,The Patriot Circle,Kin Ngai Yeung,≤100
108512875350,The Atlas Society,The Atlas Society,≤100
175797376373,"WaterFurnace Geothermal Heating, Cooling & Hot Water","WATERFURNACE INTERNATIONAL, INC.",≤100
1852520761657982,4ocean,4ocean,≤100
96171427550,Raja for Congress,FRIENDS OF RAJA FOR CONGRESS,≤100
101329438317952,Story Network Action,Story Network Foundation,≤100
109772857229381,Daren ‘Bear’ Osborn for Towns County Sheriff,Daren Bear Osborn for Sheriff,≤100
106244251043808,Reuse Plastics,"AMERICAN CHEMISTRY COUNCIL, INC.",≤100
111544626920856,Joe Reed 4 GA State House District 129,Joseph Patrick Reed,≤100
374848446414965,Pollking,Benjamin Aaron Perlman,≤100
37872284007,Project Q Atlanta & Q Magazine,Matthew Alan Hennie,≤100
1438882392887793,ADF Church Alliance,Alliance Defending Freedom,≤100
344690446467832,The Copper Courier,Courier Newsroom,≤100
401583820566367,Asian American Advocacy Fund,Asian American Advocacy Fund,≤100
7100914121,American Experience | PBS,WGBH EDUCATIONAL FOUNDATION,≤100
110237310452652,Ruth "The Truth" Stringer: Your Future Sheriff of Dekalb County 2020,Ruth Marie Stringer,≤100
121626482110,Operation Smile,"OPERATION SMILE, INC.",≤100
394817334402124,2020 Trump Bill,Innovative Ecomm LLC,≤100
203330919857759,All On The Line,National Redistricting Action Fund,≤100
115757826468774,Statsigo,Statsigo,≤100
1709145412721991,The Center for Growth and Opportunity at Utah State University,The Center for Growth and Opportunity,≤100
131306317680000,Social Goods,"Social Goods, LLC",≤100
114994916573293,CareForAllChildren,CareForAllChildren,≤100
1375372595977513,UWorld Insurance Group,Jose Santana,≤100
131217580266597,National Council on Aging,"NATIONAL COUNCIL ON AGING, INC.",≤100
314121315788033,Stand with Parkland,Stand With Parkland,≤100
101442908124605,Liberty Surveys,Liberty Surveys,≤100
102499901286348,Bold Vision P.C.,Bold Vision PC,≤100
197172183685844,Vote Terry Rogers,"Vote Terry Rogers, LLC",≤100
108645210749535,Clinton Edminster for 2nd District County Commissioner,Clinton Edminster Friends Of,≤100
232201568659,Pacific Justice Institute,PACIFIC JUSTICE INSTITUTE,≤100
112058837201547,Black Lives Matter Merch,Black Lives Matter Merch,≤100
104373526741700,Save Our Air Medical Resources,Save Our Air Medical Resources,≤100
325578590837480,Obamacare,Sixteen Thirty Fund,≤100
1636216106590985,Josh Hawley,JOSH HAWLEY FOR SENATE,≤100
112164673854264,Living Patriotically,Living Patriotically,≤100
181924628560212,SumOfUs,SumOfUs,≤100
74508408221,Dr. Joanne Bagshaw,"Joanne Bagshaw, PhD, LCPC",≤100
2080912098808166,Fani Willis For District Attorney,Fani Willis,≤100
7357041101,Tammy Baldwin,TAMMY BALDWIN FOR SENATE,≤100
107953199261156,ifaw,"INTERNATIONAL FUND FOR ANIMAL WELFARE, INC.",≤100
408250066356,Bill O'Reilly,"Bill Me, Inc.",≤100
8934429638,Planned Parenthood Action,Planned Parenthood Votes,≤100
1774166319503581,Strong Women Society,Christopher John Smith,≤100
111772843789224,HURD PAC,HAVING UNWAVERING RESOLVE AND DETERMINATION PAC,≤100
100119981671668,Blue Senate,BLUE SENATE PAC,≤100
469609533112889,iDisciple,iDisciple,≤100
13885075114,Action Against Hunger USA,ACTION AGAINST HUNGER - USA,≤100
79125112926,Students for Life of America,"STUDENTS FOR LIFE OF AMERICA, INC.",≤100
101237551589520,Tactical Patriot,Tyler Austin Middaugh,≤100
674968309213488,VOTE STACY HALL,Vote Stacy Hall,≤100
1667892193505378,Hold the House,HOLD THE HOUSE PAC,≤100
101179314763409,Presidential Old Maid,Megga Group LLC,≤100
379373892662119,Healthcare Advisor Group,Healthcare Advisors Group,≤100
234738100558334,Unidoni Great Gifts for Your Family,Tien Huynh,≤100
123651254408327,Sokolove Law,"Sokolove Law, LLC",≤100
150681061641282,Tri-State G&T,Tri-State Generation Transmission Association Inc,≤100
51405613519,Focus on the Family,Focus on the Family,≤100
100123544800892,Disme Coin Company,Byron Michael Laughlin,≤100
587676831343390,Raheem AI,RAHEEM AI,≤100
449202631932231,Mike Johnson,MIKE JOHNSON FOR LOUISIANA,≤100
1099478666810053,Meals For Pets,Meals for Pets,≤100
546329329109954,Derrick Wilson for Gwinnett County Commissioner: District 3,Friends of Derrick Wilson,≤100
100968598130407,Tax Support Center,Mercedes Lease,≤100
2259323457517498,Abolish the Electoral College,ABOLISH THE ELECTORAL COLLEGE,≤100
113313830408238,Drain The Swamp Collection,Drain The Swamp Collection,≤100
103801844298982,Team Collins,COLLINS FOR SENATOR,≤100
101331784823473,USA Custom Gifts,These ads ran without a disclaimer,≤100
1813012495602677,HALO in Nagorno Karabakh,"HALO TRUST (USA), INC. (THE)",≤100
174046949421616,Phenomenal Woman Action Campaign,Phenomenal Woman Action Campaign,≤100
1653885501501009,Propeller,Propeller Enterprises,≤100
1413682351987764,Andy Kim for Congress,Andy Kim for Congress,≤100
210357995667559,The National Memo,The National Memo,≤100
90498769709,Edenpure,EdenPURE®,≤100
38897314734,The Trust for Public Land,"TRUST FOR PUBLIC LAND, THE",≤100
372432160026194,Elect Clemons Gwinnett County Sheriff,Curtis Levance Clemons,≤100
221401431386940,Pramila Jayapal,PRAMILA FOR CONGRESS,≤100
110670127380554,Concealed USA,Priscilla Bethany Kennedy,≤100
124386427623018,PeaceBeWithU,"BN Media, LLC",≤100
291102898490822,Giant Maga Hat,Inventors club LLC,≤100
44224524016,American Kidney Fund,"AMERICAN KIDNEY FUND, INC.",≤100
267106057519444,Bllack Lives Matter,Black Lives Matter,≤100
106114264313679,Hunt The Vote,"Hunter Nation, Inc.",≤100
166087830076297,WebPT,WebPT,≤100
100401327980848,National Parents Union,National Parents Union,≤100
83865976093,Truthout,TRUTHOUT,≤100
25121889784,Texas Public Policy Foundation,Texas Public Policy Foundation,≤100
601108943431836,The Flip Side,TFS Inc,≤100
8936818385,Accuracy in Media,"ACCURACY IN MEDIA, INC",≤100
114971076538782,The Keystone,Courier Newsroom,≤100
173837496125511,Conscious Step,Conscious Step,≤100
819942484773775,Tax Sale Blueprint,Bob Diamond,≤100
808450969246896,"Rebecca Walser, Tax Attorney, CFP",Walser Wealth Management,≤100
101391906600,Live Action News,Live Action News,≤100
34521916336,Brent Bozell,MEDIA RESEARCH CENTER,≤100
235044373216552,National Purple Heart Honor Mission,National Purple Heart Honor Mission,≤100
39432041915,Capital Research Center,CAPITAL RESEARCH CENTER INC,≤100
23362993101,Center for Immigration Studies,CENTER FOR IMMIGRATION STUDIES,≤100
345378512258813,Elise Stefanik,ELISE FOR CONGRESS,≤100
303167829786891,Ed Markey,THE MARKEY COMMITTEE,≤100
172298889630363,Republican Attorneys General Association,REPUBLICAN ATTORNEYS GENERAL ASSOCIATION,≤100
104157647998999,Hot Topic News,Robyn-Lee Mary Wolchyn,≤100
108152933883451,TrumpTrendz,Troy Lorenzo Davis,≤100
1580455205581813,Justice Matters,"Justice Matters, INC.",≤100
1099779163410386,John Barrasso,Friends of John Barrasso,≤100
104861921018217,The Long Con Pod,Paul D Traynor,≤100
59877921429,Lutheran Immigration and Refugee Service,"LUTHERAN IMMIGRATION AND REFUGEE SERVICE, INC.",≤100
290851614930809,Combat AntiSemitism,Combat Anti-Semitism,≤100
8321461609,MomsRising.org,MomsRising Together,≤100
17203056985,Partners In Health,Partners In Health,≤100
110639646952107,Zulma Lopez,Friends of Zulma Lopez Inc,≤100
313723095478950,The Daily Citizen,Focus on the Family,≤100
173470656019870,The Daily Yonder,Great Stories LLC,≤100
262536810935097,Housing Is A Human Right,AIDS HEALTHCARE FOUNDATION,≤100
455147011996099,The Ann and Phelim Scoop,The Unreported Story Society,≤100
141692255929599,Democratic Socialists of America,DEMOCRATIC SOCIALISTS OF AMERICA INC,≤100
1658135304460341,MANG,MANG,≤100
9316648525,The Chicago School of Professional Psychology,TCS Education System,≤100
100992801635617,Conservative American Strategies,These ads ran without a disclaimer,≤100
265045056894488,Mark Meckler,Convention of States Action,≤100
2011677365822396,Ground News,Snapwise Inc.,≤100
1393911800825140,OZY,OZY Media Inc,≤100
420424547981908,In Search of Liberty,Scott Dennis Welch,≤100
872842866161157,One Nation Design,One Nation Design,≤100
109311803890991,Gil for Georgia,Friends of Gil Freeman,≤100
180207826090799,Tiffany D. Cross,Tiffany D. Cross,≤100
136769859682655,Derek Schmidt,"Schmidt for Attorney General, Inc.",≤100
109259090549237,Yes on National Popular Vote,Yes on National Popular Vote,≤100
8225139261,New York Republican State Committee,NEW YORK REPUBLICAN STATE COMMITTEE,≤100
246846192720018,War On Our Future,The Years Project,≤100
34233921079,National Queer Asian Pacific Islander Alliance,"NATIONAL QUEER ASIAN PACIFIC ISLANDER ALLIANCE, INC., THE",≤100
111855137015702,Tanya Milton for 5th District County Commissioner,Committee to Elect Tanya Milton,≤100
102540204580217,UpNorthNews,Courier Newsroom,≤100
113279391737,Peachtree Corners,Mighty Rockets LLC,≤100
166166843531258,National Council of Resistance of Iran - شورای ملی مقاومت ایران,Vanessa Marie Macmillan,≤100
231518367314146,Kim Olson for Congress,KIMFORCONGRESS,≤100
130945114804,World Jewish Congress,WORLD JEWISH CONGRESS AMERICAN SECTION INC,≤100
262138411622,Faces of Lawsuit Abuse,US Chamber Institute for Legal Reform,≤100
237181329705119,City of Chattanooga - Government,City of Chattanooga,≤100
6422690687,Clearly Canadian,The Clearly Food & Beverage Company,≤100
1628679613829742,Josh Hicks,Josh Hicks for Congress,≤100
911828698840246,ReLEntless Defender Apparel,ReLEntless Defender Apparel,≤100
1240728192771914,Marvin Lim for Georgia,"Friends of Marvin Lim, Inc.",≤100
324119001078997,"Sanford Heisler Sharp, LLP","Sanford Heisler Sharp, LLP",≤100
103131054573692,Crawfordology,Crawfordology,≤100
313097997669,StreetLightUSA,StreetLightUSA,≤100
107665644228467,Conservative Journal Review,Conservative Journal Review LLC,≤100
1576236875930301,Global Cyber Alliance,Global Cyber Alliance with ad credits,≤100
140357056032320,NEA Today,National Education Association,≤100
160630887998827,Let Them Live,Let Them Live,≤100
275908853303174,Pro-Israel America,Pro-Israel America United,≤100
1613516851999536,Sunrise Movement,Sunrise,≤100
105610970947657,MY 2A GEAR,Leon Mckensizy Dunn,≤100
56332452163,AMA Patients Action Network,American Medical Association,≤100
100233228182981,Madison Cawthorn for Congress,CAWTHORN FOR NC,≤100
101806351358135,Johnny Crist for Georgia,Johnny Crist for Georgia,≤100
11111618026,Union of Concerned Scientists,"UNION OF CONCERNED SCIENTISTS, INC.",≤100
233046157133600,Alan Painter,Alan Painter,≤100
566008736785269,Be Heard Project,Be Heard Project,≤100
110010433804232,Falkirk Center,Falkirk Center,≤100
54787697857,Ron Wyden,WYDEN FOR SENATE,≤100
21492729544,Catholic Relief Services,CATHOLIC RELIEF SERVICES - UNITED STATES CONFERENCE OF CATHOLIC BISHOPS,≤100
219224241438635,Compassion & Choices,COMPASSION & CHOICES,≤100
91223411833,Medical Teams International,Medical Teams International,≤100
249813266826,Environment North Carolina,"Environment America Research and Policy Center, Inc.",≤100
49059279814,Institute for Justice,INSTITUTE FOR JUSTICE,≤100
279256605891946,CalmEffect,"Balance Marketing Group, LLC",≤100
18813753280,Human Rights Campaign,Human Rights Campaign Foundation,≤100
53727956260,Republican Jewish Coalition,Republican Jewish Coalition,≤100
105222917615301,Jen Richardson for Congress,CITIZENS FOR JEN RICHARDSON,≤100
1003562459729504,Transportation Nation Network,Transportation Nation Network,≤100
153278754738777,Climate Reality,The Climate Reality Project,≤100
19474609238,Mercatus Center at George Mason University,Mercatus Center at George Mason University,≤100
751679868274074,Hope for Students,THE EXPECTATIONS PROJECT INC,≤100
142288373333,HIMSS,HIMSS,≤100
105573867734864,Mike Cameron GA House District 1,Michael David Cameron,≤100
830890360316751,Nick Hanauer,Civic Action,≤100
2049170775107862,Resistance By Design,Resistance By Design,≤100
106333028376,"Nichols Kaster, PLLP",Nichols Kaster PLLP,≤100
105577974544303,The USA Needs More Patriots,AmeriPolling,≤100
6334782252,Oceana,OCEANA,≤100
123624513983,The Western Journal,The Western Journal,≤100
278355662356517,BallotReady,"BallotReady, Inc",≤100
2295062210811244,Coalition for American Veterans,COALITION FOR AMERICAN VETERANS POLITICAL ACTION COMMITTEE,≤100
372502446527928,Child Impact International,Child Impact International,≤100
551158678560402,Epimonia,Epimonia LLC,≤100
149366465128820,Nicole Galloway,Nicole Galloway for Missouri,≤100
357275101142388,Everglades-Trust,"EVERGLADES TRUST INC, THE",≤100
444843026057642,Born From A Wave,Born From A Wave LLC,≤100
105283560949571,Trump 2024 Film,2024 LLC,≤100
953113491536337,Black to the Future Action Fund,Black to the Future Action Fund,≤100
105499174522890,We are Stronger than Me,Robert Ray Manning,≤100
108282864070156,1776 Unites,Woodson Center,≤100
100299604813636,Justice Larry Doss for 7th Court of Appeals,Justice Larry Doss Campaign,≤100
105060269781,Premiere Collectibles,"Premiere Marketing, Inc.",≤100
105010030848236,Bryant Cameron Webb,DR. CAMERON WEBB FOR CONGRESS,≤100
173032699386730,The Penny Hoarder,Kyle Bradley Taylor,≤100
165566613453452,ERLC,ETHICS AND RELIGIOUS LIBERTY COMMISSION OF THE SOUTHERN BAPTIST,≤100
6333396177,NewsBusters.org,MEDIA RESEARCH CENTER,≤100
1023698444330392,The Tylt,The Tylt,≤100
105433064492153,The Return 2020,The Return International,≤100
1338822066131069,Women's March,Women's March,≤100
152264148166020,Moms Clean Air Force,Moms Clean Air Force,≤100
219242560293,Meals on Wheels America,Meals on Wheels,≤100
1084856268238034,Trump Talking,Roberto None Lugo,≤100
312066286397519,Manning Asylum Law,Manning Asylum Law,≤100
186932688457686,CHNGE,CHNGE,≤100
110089227413037,The Prepared Patriot,Edward Ha,≤100
1745418332339003,Aspire Gear,Aspire Gear,≤100
45354572064,Forté Foundation,"FORTE FOUNDATION, THE",≤100
517859571678617,CBS All Access,These ads ran without a disclaimer,≤100
207549645977714,Families Belong Together,Families Belong Together,≤100
284946111858895,Debbie Mucarsel-Powell,DEBBIE FOR CONGRESS,≤100
281248592526621,UnBossed Apparel,Katrice Smith,≤100
105698674239617,Embed News,Embed News,≤100
97466887664,Innocence Project,"INNOCENCE PROJECT, INC., THE",≤100
1452551204988299,GoReact,Speakworks Inc,≤100
105060677844787,Bill Savings,Bill Savings,≤100
1800072483402009,African Community & Conservation Foundation,African Community & Conservation Foundation,≤100
103617578071596,Anti-racism campaign,Jason Charles King,≤100
1640970822834351,Plaine Products,Plaine Products,≤100
497348647140658,Point Source Youth,Point Source Youth,≤100
7292655492,MoveOn,MOVEON.ORG CIVIC ACTION,≤100
1189321434561854,Vote Ranjeev for Rep,Friends of Ranjeev Puri,≤100
11911627997,Pancreatic Cancer Action Network,"PANCREATIC CANCER ACTION NETWORK, INC.",≤100
908457082692365,Akholi,Akholi,≤100
356419611427623,Jemar Tisby,Zondervan,≤100
30708742052,FCTRY,FCTRY,≤100
360163084513840,Chirp,These ads ran without a disclaimer,≤100
56780242206,Agros International,Sierra Hana Golden,≤100
12683623041,Society for Human Resource Management (SHRM),SOCIETY FOR HUMAN RESOURCE MANAGEMENT,≤100
117214891638398,Street Grace,Street Grace Inc,≤100
2336022790003836,Patients + Providers United,Patients and Providers United,≤100
212364922245261,Adam Smith Society,The Adam Smith Society,≤100
126817605260,Bold Type Books,"Hachette Book Group, Inc.",≤100
1483387495243109,Eddie Howard,Eddie Joe Howard,≤100
104243792943104,Saybrook University,TCS Education System,≤100
922580991129339,People's Mojahedin Organization of Iran - MEK IRAN,MEK-Iran (Saeid Saadati),≤100
210277954204,The Young Turks,"The Young Turks, Inc.",≤100
15351475322,Cathy McMorris Rodgers,Cathy McMorris Rodgers for Congress,≤100
541807025833154,Malala Fund,Malala Fund,≤100
109469707366248,Senator Albers,John E Albers,≤100
424443217623488,Clarion Project,Clarion Project,≤100
238008626268343,Israel365,Teach for Israel Inc,≤100
1634651343331439,Project Wren,Landon Brand,≤100
102580641488276,Standagainstdarkblue,Stand Against Dark Blue,≤100
214638098548721,Newton County Sheriff's Office,Newton County Sheriff's Office,≤100
763491940427547,Roque  "Rocky"  De La Fuente,Rocky 101 LLC,≤100
139398939438430,Left Action,Left Action LLC,≤100
1528498354074301,Punching Bag Media - Conservative News,Sean Michael Probber,≤100
1397799040234106,OpinionUP,OpinionUP LLC,≤100
102389457864860,Treehuggers Bracelets,ECOMX LLC,≤100
952269798498571,Carmine Marceno for Lee County Sheriff,"Carmine Marceno, Republican for Lee County Sheriff",≤100
1947525322184514,One Fair Wage,One Fair Wage,≤100
106323360959211,Patriots Republic,Matthew James Stine,≤100
162493793737,Rick Green,Richard Arlin Green,≤100
39910576365,National Alliance for Public Charter Schools,NATIONAL ALLIANCE FOR PUBLIC CHARTER SCHOOLS,≤100
103929304678916,Voter Action Project,Integrity First Voter Action Project,≤100
99753625313,Jewish Currents,Jewish Currents,≤100
5887538795,Education Week,Education Week,≤100
113553048669158,Rick Scott,TEAM RICK SCOTT,≤100
211596438980002,Ampersand Consulting,Ampersand Consulting,≤100
160418807408255,TargetSmart,TargetSmart Communications,≤100
110125904070783,Super Top Shelf,Super Top Shelf LLC,≤100
100177384750329,Chokwe Pitchford for 79th District Representative,Chokwe Pitchford for 79th District Representative,≤100
195620754724,Helping Hand USA,HELPING HAND FOR RELIEF AND DEVELOPMENT INC.,≤100
1914537155242810,Life: Powered,Texas Public Policy Foundation,≤100
856086028066485,Persona,"Persona Media, Inc.",≤100
313779779310461,Diabetic Sock Club,Samantha Rees Ledford,≤100
115403471809909,Plastic Oceans,PLASTIC OCEANS INTERNATIONAL,≤100
299295363912730,New Politics Leadership Academy,New Politics Leadership Academy,≤100
1439364926329185,Animal Matters,Animal Matters,≤100
106003594486756,Standing Up Together,Annie Wang,≤100
1449461518652183,4Patriots,4Patriots LLC,≤100
780606555331010,American Student Loan Advocate,ASLR Marketing,≤100
105561217523274,The_Dispatch,"Dispatch Media, Inc.",≤100
145022042990911,MEK Iran,MEK-Iran (Saeid Saadati),≤100
366351973736242,Red Rock Secured,Red Rock Secured,≤100
100722328329613,Every Single Vote,Every Single Vote,≤100
573084822773932,Joe Perkins for Circuit Judge Campaign Committee,Joe Perkins for Circuit Judge Campaign Committee,≤100
114041936953264,Lets Connect Everyone,Kyle Adam Ray,≤100
270366089746859,Positive Behavior Supports Corp.,Elizabeth Ann  Focazio,≤100
6713653788,Gary Peters,PETERS FOR MICHIGAN,≤100
525171637666780,Sandy Piña California Delegate,RCR,≤100
598720023670599,Jennifer Carroll Foy,Jennifer Carroll Foy for Governor,≤100
317667194946264,Ro Khanna,RO FOR CONGRESS INC,≤100
103376804451432,Trending Politics,Making Web LLC,≤100
377392172830318,Representative Ross Spano,Office of Representative Ross Spano,≤100
93565224474,Mercy For Animals,MERCY FOR ANIMALS,≤100
110728537046384,Rey Rodriguez for Bulloch County Sheriff,Reynaldo None Rodriguez,≤100
124530924015,Hank Gilbert,HANK GILBERT FOR CONGRESS,≤100
157307331013957,The History List,The History List,≤100
346937065399354,Occupy Democrats,Omar Rivero,≤100
79820371749,Ayanna Pressley,THE COMMITTEE TO ELECT AYANNA PRESSLEY,≤100
881018518934056,DemX Media,Caleb Stuart Scott,≤100
104667417857551,United Association LLC,United Association LLC,≤100
180207826090799,Tiffany D. Cross,HARPERCOLLINS PUBLISHERS L.L.C.,≤100
100535808394168,Patriots For Freedom,I Love My Freedom,≤100
104881317722736,Get-It-Out,Matthew Justin Viles,≤100
680549575421741,UnitedVoice.com,"Beachside Media, Inc.",≤100
107481241002930,China Owns Us,"CENTER FOR CONSUMER FREEDOM, THE",≤100
181861021831773,2 Chainz,Street Execs,≤100
100829014976667,Coweta District 4 Commissioner Campaign,John Joseph Reidelbach Campaign to Elect,≤100
105474831199070,Stop GOP Gerrymandering,National Democratic Redistricting Committee,≤100
121750354532995,Yale Program on Climate Change Communication,Yale Program on Climate Change Communication,≤100
1653251174924652,Fuzzu,Fuzzu,≤100
193675533982095,Ryan Chamberlin,Ryan Chamberlin for Congress,≤100
78420171887,Sailors for the Sea,SAILORS FOR THE SEAINC,≤100
83960796709,Institute for Southern Studies,INSTITUTE FOR SOUTHERN STUDIES INC,≤100
1325716960937205,Mate in Four,mateinfour.com,≤100
201248453800242,My Pay My Say,Mackinac Center for Public Policy,≤100
77790954801,Salesian Missions,Salesian Missions,≤100
100294728271438,Elect Sharif Fulcher - Clerk of Courts,Elliott Jasin Maddox,≤100
109823334046268,GoodNovel1,These ads ran without a disclaimer,≤100
106016037684735,Committee to Elect Charelle Davis for Chattahoochee Co. Magistrate,Committee to Elect Charelle Davis for Judge Magistrate,≤100
1925751504337881,MJ Hegar,MJ FOR TEXAS,≤100
1869687273277265,Run for Something,Run For Something PAC,≤100
100465241582102,Clifton Marshall for GA House of Representative District 103,Clifton Winston Marshall,≤100
1205124206245013,Movement for a People's Party,People for a Working Democracy,≤100
59543893235,National Constitution Center,National Constitution Center,≤100
101208514791301,Daniel Turner,Power The Future Inc,≤100
164513254148611,America's Voice News,Barbara Jean Lawrence,≤100
103653994359958,Harvard Forward,The Boarding School,≤100
125161609108,Charlie Stadtlander,Charles Randall Stadtlander,≤100
100791528160227,Proud to Love,Kelly Ann Ausiello,≤100
278487153675,Redneck Nation Clothing,Tracie Milliron Gold,≤100
129602743740560,Illinois Family Action,ILLINOIS FAMILY ACTION NFP,≤100
243947752771440,TJ Cox for Congress,TJ COX FOR CONGRESS,≤100
18017481462,Acton Institute,Acton Institute,≤100
197669827395385,Connected Commerce Council,Connected Commerce Council,≤100
9208539755,Demi Lovato,These ads ran without a disclaimer,≤100
17432811417,Working Families Party,Working Families Party,≤100
1050474972008396,Bryan Berghoef for Congress,BRYAN BERGHOEF FOR CONGRESS,≤100
169204449790211,Conservative News Today,"BizPac Review, Inc.",≤100
158375124184881,"Indiana Black Expo, Inc.",INDIANA BLACK EXPO INC,≤100
268100860319,"Cherokee Insurance Center, LLC",Richard Lloyd Sheninger,≤100
105293274456590,Yale Forward,The Boarding School Inc,≤100
221275772138790,Ken Malcom for Newton County Sheriff 2020,Committee to Elect Ken Malcom for Sheriff,≤100
1511412998966651,Altamar with Peter Schechter and Muni Jensen,Altamar LLC,≤100
105943157686335,Trust Michigan Families,TRUST MICHIGAN FAMILIES,≤100
312657362217994,Women's Heart Alliance,Women's Heart Alliance,≤100
111237577031486,AquiPor Technologies,William Powers,≤100
211049239087028,Association of Young Americans,Benjamin J Brown,≤100
427343180625328,Big Tim,Timothy Leon Chandler,≤100
1156676274461345,Mikie Sherrill,MIKIE SHERRILL FOR CONGRESS,≤100
304062610300415,VozWire,Gregson E Mathe,≤100
110849485902,United Way,United Way Worldwide,≤100
107038924352529,Big Money Mark Kelly,NRSC,≤100
826460474101920,BitMari,Sinclair Matthew Skinner,≤100
262589367126101,The Tikvah Fund,TIKVAH FUND,≤100
106233094209011,Johnny O Smith for Sheriff,Johnny Omas Smith,≤100
19972147679,SEIU,SEIU,≤100
664770743730817,Dan Feehan for Congress,FRIENDS OF DAN FEEHAN,≤100
111627110609341,Donald Trump 2020 Coin,JAGUARPOWERSPORTS,≤100
156518781107080,Re-Elect Kathy Schrader for Gwinnett County Superior Court Judge 2020,Committee to Elect Judge Kathy Schrader,≤100
1789651861157958,Values To Action,Values to Action,≤100
119451654741594,Javy,James Veard,≤100
543066585882629,Libertarian Country,Libertarian Country,≤100
105572541209658,Eliseo Santana,"Eliseo Santana, Democrat, for Pinellas County Sheriff",≤100
1082522201878539,Gina Ortiz Jones for Congress,GINA ORTIZ JONES FOR CONGRESS,≤100
7735858972,Humane Society Legislative Fund,Humane Society Legislative Fund,≤100
496003297261251,Re-elect Stan Helton for Fannin County Commission Chairman,Re-Elect Stan Helton for Fannin County Commission Chairman,≤100
1448984361857166,Florida Federation for Children PAC,Florida Federation for Children,≤100
241247646424302,Jahana Hayes,FRIENDS OF JAHANA HAYES,≤100
104296924523671,Elect Andre Oliver State Representative - District 170,Andre Deral Oliver,≤100
108906707265489,USA Pooch,"PRESIDENTIAL POOCH, INC",≤100
905347056195988,Clean Vehicle Rebate Project,Clean Vehicle Rebate Project [Administered by the Center for Sustainable Energy],≤100
121067011091,Arab American Institute,Arab American Institute Foundation,≤100
222745994575140,Project ChildSafe,"NATIONAL SHOOTING SPORTS FOUNDATION, INC.",≤100
102413723172970,Nick Adams,Nick Adams,≤100
51560645913,The Patriot Post,The Patriot Post,≤100
378084314984,Trane Technologies,These ads ran without a disclaimer,≤100
404041503001995,Time On The Hill,"Time On The Hill, Inc.",≤100
268311603350722,The American Independent,The American Independent,≤100
180230069923,American Life League,American Life League,≤100
1691091571125390,Representative Shevrin Jones,"Shevrin Jones, Democrat for Florida Senate, District 35",≤100
447484109420511,Taylorfor2021,Taylor 2021,≤100
107439427661844,Accountable Tech,Accountable Tech,≤100
579300342209417,Oliver Gilbert,"Oliver Gilbert, Non-Partisan, for Miami-Dade County Commission Dist 1",≤100
1309934742452627,Councilmember Andrea Boone,City Of Atlanta,≤100
216705888361546,Elbert Lee Guillory,ELBERT GUILLORY'S AMERICA,≤100
24470472733,The Trevor Project,The Trevor Project,≤100
107654244332660,Back BLM,Back BLM,≤100
421486244558294,Ross Spano,ROSS SPANO FOR CONGRESS,≤100
8002590959,Rainforest Action Network,RAINFOREST ACTION NETWORK,≤100
112062967001761,John Durrett for State Attorney,John Durrett for State Attorney,≤100
1377749459221033,MO Electric Co-ops,MO Electric Co-ops,≤100
657708380952174,Voices of the Civil Rights Movement,Comcast,≤100
361224947290747,Together for Girls,"TOGETHER FOR GIRLS, INC.",≤100
1389807071117013,Lynn Afendoulis,Lynn Afendoulis for Congress,≤100
107937014153581,Energized Health,John Jubilee Transformation LLC DBA Energized Health,≤100
101352851565699,Somos PAC,SOMOS PAC,≤100
100421958357393,PodTv Network,PodTv Network,≤100
1945237355733646,Giving Brush,Giving Brush LLC,≤100
241869749851122,Parents Against Vaping e-cigs,Steven Koester,≤100
243362776583569,Air Mail,Air Mail,≤100
103557118005382,Live Action Español,Live Action,≤100
472758906150050,The Freedomist,William R Collier,≤100
399067003454888,Sudan Relief Fund,Sudan Relief Fund Inc,≤100
482100658584410,We Stand For Energy,"EDISON ELECTRIC INSTITUTE, INC.",≤100
32802178807,Homes For Our Troops,Homes For Our Troops,≤100
131385910227393,Catholic Mobilizing Network,CATHOLIC MOBILIZING NETWORK,≤100
384676381708957,Education NC,Education NC,≤100
276131699084792,YWAM Los Angeles,YWAM Los Angeles,≤100
100184714677097,Election Year Knockout,Exceptionull Games,≤100
135403221037,City Journal,City Journal,≤100
130268756992804,Yale Climate Connections,Yale Climate Connections,≤100
74783093812,Just Vision,JUST VISION INC,≤100
181183059253295,Dorsal Bracelets,Dorsal Bracelets,≤100
195704103779569,Savage Outdoors & The One,Amanda Harris Lee,≤100
108495594256618,A Better Miami-Dade,"A Better Miami-Dade, Inc.",≤100
23180353833,North Carolina Republican Party,North Carolina Republican Party,≤100
109379393894282,Keep Texas Moving,TEXAS ASSOCIATION OF BUSINESS,≤100
107464234142156,"Bobby Irions for Harris County Commission, District 4","Campaign to Elect Bobby Irions Commissioner District 4 Harris County, Ga",≤100
1425435377743310,Conversations with Bill Kristol,The Foundation for Constitutional Government,≤100
8145161702,Lambda Legal,"LAMBDA LEGAL DEFENSE & EDUCATION FUND, INC.",≤100
10331123781,Special Olympics,Special Olympics Inc,≤100
106245384043438,Tims For Congress,FRIENDS OF DESIREE TIMS,≤100
114008535880,Foundation for Individual Rights in Education,FOUNDATION FOR INDIVIDUAL RIGHTS IN EDUCATION,≤100
89324781720,Pat Toomey,Friends of Pat Toomey,≤100
108777231824,Manhattan Institute for Policy Research,MANHATTAN INSTITUTE FOR POLICY RESEARCH INC,≤100
109267407229927,ZIPO: Zero Interest Principal Only,ZIPO Inc,≤100
128591300513012,Senator Eddie Lucio,Senator Eddie Lucio Campaign,≤100
107752877388988,Al Lemmo to Congress,Lemmo to Congress,≤100
101127364972509,Dems For USA,Dems For USA,≤100
580610428636345,Fight for $15,Fight for $15,≤100
249362448960808,Sanderson Farms Corporate,Sanderson Farms Corporate,≤100
737686089933715,Conservative Collections,Mainline Media Group,≤100
108090464296366,Republican Patriots,I Love My Freedom,≤100
582293558518300,Abby Broyles,ABBY BROYLES FOR US SENATE,≤100
451389174955443,Haverhill Collection,"Haverhill Leach, Inc",≤100
102175879855284,Harper Perennial,HARPERCOLLINS PUBLISHERS L.L.C.,≤100
108151997232111,Dwayne Fabian for Clayton County Sheriff,Dwayne R Fabian,≤100
492346107926382,Fibre Box Association,Fibre Box Association,≤100
113679093412163,Ed Hunzeker,Ed Hunzeker,≤100
660064074075637,Rabbi David-Seth Kirshner,Davidseth M Kirshner,≤100
1747132688647028,Democratic Association of Secretaries of State,Democratic Association of Secretaries of State,≤100
144850842237429,Independentvoting.org,Independent Voting (IndependentVoting.org),≤100
987698164585861,Citizen Ed,Citizen Education,≤100
322870825821,Macmillan Audio,"HOLTZBRINCK PUBLISHERS, LLC",≤100
1050320055029012,Outrider Foundation,OUTRIDER FOUNDATION,≤100
124626320898336,Catholic Extension,"CATHOLIC CHURCH EXTENSION SOCIETY OF THE UNITED STATES OF AMERICA, THE",≤100
1443127535947107,Save the Children Action Network,Save the Children Action Network,≤100
1784991421516214,Seek Refuge,Seek Refuge,≤100
243399129090445,Christina Hale,HOOSIERS FOR HALE,≤100
28510612138,Uncommon Knowledge,Hoover Institution,≤100
291260461373618,News and News,News and News,≤100
1612726335627171,We the Internet TV,We the Internet TV,≤100
134571176638205,One Tree Planted,One Tree Planted,≤100
105804624116745,HKDC - Hong Kong Democracy Council US,"Hong Kong Democracy Council, USA",≤100
339432396135584,The Exodus Road,EXODUS ROAD INC,≤100
106868314285372,The Finance Kit,DYS Capital LLC,≤100
243510442756370,Justice Democrats,JUSTICE DEMOCRATS PAC,≤100
809045919469761,Wallace Global Fund,Kindred Case Motes,≤100
109613870586532,Universal Death Care - Dr. Reagan Anderson,Reagan Banning Anderson,≤100
2017884721848472,Bokeki,Kimbereley Iris Goldstein,≤100
27478282874,UNITE HERE!,UNITE HERE,≤100
1592564844353121,Bark,These ads ran without a disclaimer,≤100
104080121285245,Kowal for Congress,Kowal for Congress INC,≤100
549164205222742,Defend Innocence,Defend Innocence,≤100
111607313837649,Will Sheehan for Congress,Will Sheehan For Congress,≤100
34701792581,EWTN,Eternal Word Television Network,≤100
254943996005,Catholic Answers,"CATHOLIC ANSWERS, INC.",≤100
117468878295521,American-Arab Anti-Discrimination Committee (ADC),Roy Abdo,≤100
70090474914,American Farmland Trust,"AMERICAN FARMLAND TRUST, INC",≤100
47710973068,Cooperative Action Network,National Rural Electric Cooperatives Association,≤100
1443864392358133,If These Ovaries Could Talk,Robin L Hopkins,≤100
302612457071883,Moving It Right,Richard P Ashton,≤100
1400371370253041,Eagan Immigration,Eagan Immigration,≤100
56445689337,Taalam Acey,Mtaalamu Ben Weusi Acey,≤100
158367801002983,The Lozano Law Firm - Abogado de Inmigracion,Lozano Law Firm,≤100
168876449866088,The Years Project,The Years Project,≤100
109295990419284,Esther For Congress,ESTHER FOR CONGRESS,≤100
105929991030423,My Freedom Jersey,"My Freedom Jersey, LLP",≤100
115589465160388,Scribner Books,Simon and Schuster,≤100
919560161507495,Miles4Migrants,Miles4Migrants,≤100
209969625708374,Meemic,Meemic Insurance Co.,≤100
105805503319650,Raising Our Sons In America- ROSA,These ads ran without a disclaimer,≤100
162695894106234,Co-ops Vote,National Rural Electric Cooperative Association,≤100
1480531258923286,JDoe,Ryan Michael Soscia,≤100
1202514329820178,Don Blankenship,Don Blankenship,≤100
1945837408977507,Michael Moates,-MICHAEL STEVEN MOATES,≤100
161879897191723,EarthX,EarthX,≤100
102180301437619,2020 American Defense Fund,C3 PAC,≤100
227594571444676,Building New York's Best,"Carpenter Contractor Alliance of Metropolitan New York, Inc.",≤100
1224429014390746,Catalysts,Freethink,≤100
103150364587807,Gun Owners Care,National Shooting Sports Foundation,≤100
113065983566595,TrumpCoin,Jonathan Caughey,≤100
1497851363851721,QLMS,Quicken Loans Mortgage Services,≤100
122773549121265,President Trump for Nobel Peace Prize 2020,Tarek None Kteleh,≤100
1911455775806900,Piscataway Democratic Organization,Piscataway Democratic Organization,≤100
1370474066365196,F1RST WARRIOR,First Warrior,≤100
76523801829,the Christian Century,CHRISTIAN CENTURY,≤100
96710501132,Eurasia Group,"EURASIA GROUP, LTD.",≤100
133666160060982,Senate Majority PAC,SMP,≤100
122207534456852,Ayo and Iken,Ayo and Iken,≤100
2476697005733769,Nations' 9th of Av,Nations 9th of Av,≤100
106671080747795,Color-ly,Color-ly Inc,≤100
207752549279845,Refugee Council USA,"CHURCH WORLD SERVICE, INC.",≤100
122682971248116,Joe Lockett Show,Joe Albert Lockett,≤100
1679206408997588,Element 47,Marco Argenti,≤100
103851564652,Waterkeeper Alliance,WATERKEEPER ALLIANCE INC,≤100
108862184052039,ROMTech,"ROM Technologies, Inc.",≤100
105986927538317,Triump Apparel,Triump Apparel,≤100
156994304362574,American Bridge 21st Century,AB PAC,≤100
661744180680367,National Police Association,"NATIONAL POLICE ASSOCIATION, INC.",≤100
103711654664084,Melvin Kindall Myles,Melvin Kindall Myles,≤100
278487153675,Redneck Nation Clothing,redneck nation,≤100
1927977257228284,Jack Murphy,I Love My Freedom,≤100
262610761306,Counterpoint Press,Counterpoint Press,≤100
710669049286394,Woo the People,Khosro David Illulian,≤100
499379343409991,Impact Fund,"IMPACT FUND, THE",≤100
107229100853278,Don Morris for Vigo County Council at Large,Donald Wayne Morris,≤100
1811405699080331,Recovery Advocacy Project,Recovery Advocacy Project,≤100
309993142375589,Joe Kennedy III,KENNEDY FOR MASSACHUSETTS,≤100
106364329441748,Margaret W. Wong & Associates,"WONG, MARGARET W & ASSOCIATES CO LPA (INC)",≤100
175149559508478,TreeDiaper,Zynnovation LLC,≤100
388547605724,Richard Neal,RICHARD E NEAL FOR CONGRESS COMMITTEE,≤100
1835838916635491,Transamerica Center for Health Studies,Transamerica Center for Health Studies,≤100
453094638134898,Janet Adkins,"Janet H. Adkins for Nassau County Supervisor of Elections, Republican",≤100
1662317660757785,American Snippets,American Snippets,≤100
97624620788,American Friends of Magen David Adom,AMERICAN FRIENDS OF MAGEN DAVID ADOM,≤100
511235549007985,PRJKT RUBY,PRJKT RUBY,≤100
739308469779149,We are Unrepresented,Andrew Isbell Rodney,≤100
1018914308173454,FStop Foundation,"FSTOP FOUNDATION INC, THE",≤100
217976018236954,OutKick,Outkick Media LLC,≤100
109519230794077,Only Together,Only Together - Passion Project,≤100
764108433756725,Provok Clothing,These ads ran without a disclaimer,≤100
100987758198718,Pierre for City Council,Pierre for City Council,≤100
32582320449,CMMB,CATHOLIC MEDICAL MISSION BOARD INC,≤100
354168144595007,"Tim Sullivan for Lake County Commisioner, District 1",Tim Sullivan for Lake County Commission,≤100
1580844735465499,Mighty Oaks Warrior Programs,Mighty Oaks Foundation,≤100
505653766599222,America First with Dr. Sebastian Gorka,Salem Media,≤100
100495851502173,House of Bust,These ads ran without a disclaimer,≤100
1738627363100589,Respectful Exits,Respectful Exits,≤100
100559204891447,Friends of Dr. James St. George,Friends of James St. George,≤100
1290536624348001,Informed Immigrant,FWD.us Education Fund,≤100
21455818797,Feed the Children,"FEED THE CHILDREN, INC.",≤100
104653064566281,Judge Natasha DePrimo,"Judge Natasha DePrimo, Non-Partisan, for Broward County Court Judge Group 31",≤100
530628950745171,Vote In Or Out,Lisa Chin Mollica,≤100
158734417875178,RC Thomas Company,RC Thomas,≤100
393330191303459,YouGov Signal,YouGov US,≤100
110206523984709,Rural Not Stupid,Rural Not Stupid,≤100
106021271010934,Kristine Breithaupt for OPDEC District B,Kristine Breithaupt for OPDEC District B,≤100
7209432197,Chris Coons,CHRIS COONS FOR DELAWARE,≤100
104294521280987,Chris Milton for Baker County Supervisor of Elections,Chris Milton for Baker County Supervisor of Elections,≤100
150322194563,PASA Primates: Pan African Sanctuary Alliance,PAN AFRICAN SANCTUARIES ALLIANCE,≤100
257306201884544,Employ and Relate,Tameaka Rene Shelton,≤100
1675630946095534,Franciscan Missions,Franciscan Missions,≤100
109678580574253,Politicool Clothing Co.,PolitiCoolClothing.com,≤100
115761269812805,Jeff Hinkle,Jeff Hinkle Campaign,≤100
355148051693804,Torres Targets,Torres Targets,≤100
133809929982030,David Mullings,David Pa Mullings,≤100
1441704426074372,Douglas Taurel,The American Soldier,≤100
221631014637468,Look Human,"Print Syndicate, Inc.",≤100
122360425094991,Nasty Woman Cosmetics,Nasty Woman Cosmetics,≤100
418117024891736,Admiral Row,These ads ran without a disclaimer,≤100
127335473965761,Recycle Cartons,"Carton Council of North America, Inc.",≤100
168857193154545,Barry Moore Republican for Congress,BARRY MOORE FOR CONGRESS,≤100
108925558017,Shared Hope International,Shared Hope International,≤100
102890334808252,Bald Eagle Designs,political printing,≤100
114975389535,TAN Books,"SAINT BENEDICT PRESS, LLC",≤100
333081284065216,Brynne Kennedy for Congress,BRYNNE KENNEDY FOR CONGRESS,≤100
108754680547288,Jessi for US Congress,JESSI MELTON FOR CONGRESS,≤100
354329797956187,The Catholic Association,"The Catholic Association, Inc",≤100
916908791847627,Prosperity Michigan,Prosperity Michigan,≤100
300476911222,Middlesex County Democratic Organization,"Pinkin for Clerk, Tomaro for Freeholder, and Koppel for Freeholder, PO Box 434, Edison, NJ 08818",≤100
111519760493851,Jasmen Rogers-Shaw,"Jasmen Rogers-Shaw, Democrat, for State House",≤100
107638384248580,Our America,Bryant Wayne Young,≤100
181385265351965,Mosaic Magazine,Mosaic,≤100
2707134102637529,Rep. Josh Harder,Congressman Josh Harder,≤100
111151490241542,Pollemix,Pollemix,≤100
300748678230,Tennessee Department of Economic and Community Development,Tennessee Department of Economic and Community Development,≤100
287388624626915,kSquare IT,Arwa Desai,≤100
135002490472474,Conor Lamb,CONOR LAMB FOR CONGRESS,≤100
1349959211730539,Raji Thomaz,Jair Raji Thomaz,≤100
111947013529488,Mosher2020,Mosher for Pima County Attorney,≤100
592074077639509,Donald Trump Is Our President,Power To The Publisher,≤100
106883907479649,HUPAC - Health Underwriters Political Action Committee,NATIONAL ASSOCIATION OF HEALTH UNDERWRITERS PAC (HUPAC),≤100
111216193611875,Sean McCaffity for Congress,MCCAFFITY FOR CONGRESS,≤100
2338979479650120,Genevieve Collins for Congress,COLLINS FOR TEXAS,≤100
107669327614127,Antifederalist Radio,Joseph Timothy Swiggett,≤100
2644398592242640,Truth About the Everglades,Truth About the Everglades,≤100
10234472029,Council on Foreign Relations,Council on Foreign Relations,≤100
2176472882580975,Crusader Outlet,Crusader Marketing,≤100
33860907121,FunTimes Magazine,"FUNTIMES MAGAZINE, LLC",≤100
577214555786847,Lessons from Military History,Hoover Institution,≤100
64206021703,National Committee to Preserve Social Security and Medicare,NATIONAL COMMITTE TO PRESERVE SOCIAL SECURITY AND MEDICARE,≤100
243498882520314,FoodFinder,"FOODFINDER, INC.",≤100
1868885156673680,Sarasota citizen Martin Hyde,Martin Hyde for Sarasota City Commission,≤100
514167322309353,Dan Crenshaw,Crenshaw For Congress,≤100
214002058736436,Unite America,UNITE AMERICA,≤100
135500133147357,ProEnglish,US INC,≤100
262577294462322,Kettle Freaks,Michael Joseph Hach,≤100
175490763635,Artists United For Social Justice,Artists United for Social Justice,≤100
113335773562471,President Trump For Re-Election,Great American Era,≤100
104038541334426,BailoutWatch,Elisabeth Marie Soto,≤100
105098441251783,AGAFA,A Greater America For All,≤100
1533404100317939,Margaret Moore for District Attorney,Margaret Moore Campaign,≤100
106730327595680,Tongue N Cheek Apparel,Tongue N Cheek Apparel,≤100
102139218008846,King Nation Apparel,King Nation Apparel,≤100
113098717110299,Stepintrends,Still Trending,≤100
2128382640533831,Arnold4Judge,"Rhiannon Arnold, Non-Partisan, for Circuit Court Judge",≤100
1015449978587077,Alliance for Youth Action,The Alliance For Youth Action,≤100
10760692978,World Hope International,World Hope International,≤100
1629757947259221,Vote Eric Robinson for School Board,Eric Robinson for School Board,≤100
1127581437405717,Bumbler - The Boba Tea Tumbler,Bumbler LLC,≤100
26006662641,Arizona Democratic Party,Arizona Democratic Party,≤100
105169171224589,Michael Richardson Jr. for Ypsilanti Township Trustee,COMMITTEE TO ELECT MICHAEL RICHARDSON JR,≤100
708375056271048,The Christendom Curriculum,The Christendom Curriculum,≤100
6502038524,First Book,FIRST BOOK,≤100
940653386126953,StandingWithYou.org,Standingwithyou.org,≤100
133644154059176,State Representative Brandon Ogles,Brandon Thomas Ogles,≤100
110923763995601,Elect Karl Nurse,"Karl Nurse for Pinellas County School Board, District 7",≤100
1655317144553574,Major Williams of Pasadena,Major Williams for Mayor of Pasadena 2020,≤100
77130778113,Coalition for Medicare Choices,The Coalition for Medicare Choices,≤100
142836829093760,The American Constitutional Rights Union,Jorge Ernesto Amselle,≤100
341240953385902,Force Of Nature Meats,Force of Nature,≤100
104679791190128,Walter Blanks Jr,American Federation for Children,≤100
101880107982989,Jon Francis,Jon Francis Campaign,≤100
103316901311254,Williamson County 2020 Census Complete Count Committee,Justin Adam Staples,≤100
237447847040302,Faith Underground,Pamela N Danziger,≤100
118178241651488,DSPolitical,"DSPolitical, LLC",≤100
300341323465160,The Daily Signal,HERITAGE FOUNDATION (THE),≤100
105287044367027,ObsessedwithTrump,Donald Lee Rowan,≤100
2109637279297531,The Bad Seed,Adam Kidron,≤100
343175436328856,CA Needs Energy Storage,California Alliance for Renewable Energy Solutions,≤100
1687960061501058,"MinistryIsMe Ministries, LLC",Tiffany R Wood,≤100
221864958662809,Iron Sharpens Iron,Andre Toccarrio Ford,≤100
182593055177823,Vote Jeff Gold,Jeff Gold for County Commission,≤100
185822511560631,Connect23.com,Connect23.com,≤100
487569614682924,CAPP USA,Yellow Line Productions LLC,≤100
2123425971065747,Sora Schools,Indra Putra Sofian,≤100
17414523278,Democracy Now!,Ishmael Daro,≤100
447486452273245,Dennis Haugh Author,"Dennis Haugh, author",≤100
1107973016071967,Wesley Hunt,Hunt for Congress,≤100
19463427992,Darrell Issa,DARRELL ISSA FOR CONGRESS,≤100
110440390375032,"Lindsay Lyons, Educational Consulting",Lindsay Beth Lyons,≤100
104679177804089,45 Changes Lives,PKA Karate Academy Inc,≤100
160513344045084,John Neely Kennedy,"John Kennedy for Us, Inc",≤100
1752317058165359,Bibles For Free,Alan Mitchel Summerhill,≤100
115274996516355,My Black Counts,My Black Counts,≤100
678900828863555,IfNotNow,If Not Now Movement,≤100
103837514635067,Betterway Campaign,WAYMAKERS,≤100
169042736456594,All Out,All Out Action Fund.,≤100
8895898655,Rainforest Alliance,"RAINFOREST ALLIANCE, INC.",≤100
100911481267154,"Luke Gromen - FFTT, LLC","FFTT, LLC",≤100
672213539861652,John Anthony Castro,John Anthony Castro,≤100
100821338289859,Republicans For Integrity,Republicans For Integrity,≤100
102478528086004,Reading On the Left,St. Martin's Press,≤100
237788366660686,Tax March,Tax March,≤100
111064770375439,MAMAGear,MAMA Gear,≤100
322175261815187,Cindy Lerner for District 7,Cindy Lerner Campaign for County Commision District 7,≤100
103877744493195,Briit Botanicals,Briit Botanicals,≤100
1507689979455306,American Bail Coalition,American Bail Coalition,≤100
1523403537916328,State Innovation Exchange,State Innovation Exchange,≤100
121033149320,American Indian College Fund,"AMERICAN INDIAN COLLEGE FUND, THE",≤100
113961550362484,The Radical Balance,The Radical Balance,≤100
100102045023863,Robin Kimbrough Hayes for United States Senator,COMMITTEE TO ELECT ROBIN KIMBROUGH HAYES TO UNITED STATES SENATE,≤100
1418068308452353,Sumi K,Sumati Krishnan,≤100
263328113800478,Lamppost Education Initiative,Lamppost Education Initiative,≤100
1833879943496521,Spread The Vote,Spread the Vote,≤100
110948383618248,John Berry - Winning The Next Battle,Raoul Andre Davis,≤100
288452868709310,Smart City Expo Atlanta,Smart City Expo Atlanta,≤100
2301973173158406,Blerd,Blerd LLC,≤100
161186620643972,American Institute for Economic Research,AMERICAN INSTITUTE FOR ECONOMIC RESEARCH,≤100
422250511163275,REMEDIGAP,Quinn Group LLC,≤100
110679030639065,American Destiny PAC,American Destiny PAC,≤100
42551620536,Equal Justice Works,EQUAL JUSTICE WORKS,≤100
303991847213938,José Garza for DA,Texas Justice & Public Safety PAC,≤100
130936757062757,T-Mobile Workers United (TU),"COMMUNICATIONS WORKERS OF AMERICA, AFL-CIO, CLC",≤100
374108446391390,Ted Howze for Congress,TED HOWZE FOR CONGRESS 2020,≤100
242201086278367,Newtype,"Newtype, LLC",≤100
1396293943952550,Chicken Fried Politics,ChickenFriedPolitics.com,≤100
101041998305221,The Proud Republicans,Great American Era LLC,≤100
111648480319494,800DEMOCRAT,800DEMOCRAT,≤100
104158171339370,Jeffrey  Lunde for Hennepin County Commissioner,Lunde for Commissioner,≤100
26668999076,The Cato Institute,"CATO INSTITUTE, INC.",≤100
510680265702016,Crowned Free,Crowned Free,≤100
101788601255619,Mark Sidney,Power To The Publisher,≤100
102365161385138,Rep. Vernon Jones,Keith Lamond Hillsman,≤100
332905134021585,Joe Harding for State Representative,Joe Harding for State Representative,≤100
622644971176455,Pravda Media,Jacob Fredrick Pointon,≤100
90710744308,The Steamboat Institute,The Steamboat Institute,≤100
190987118163092,Connected Clothing Company,Connected Clothing Company,≤100
81372493950,POET,POET,≤100
718475924980443,Amsterdam & Partners LLP,Amsterdam & Partners LLP,≤100
182079698493370,Portside,Portside,≤100
105109997689557,Michelle Cook for Sheriff,Michelle Cook For Sheriff,≤100
107710407294058,Oz for Congress,OZ FOR CONGRESS,≤100
481331019059116,The Published Reporter,The Published Reporter,≤100
1823127751249327,Jordan Curtis for Athens City Council,Jordan Tyler Curtis,≤100
1301470789942564,Dre Lloyd The Artist,Andre Jamal Lloyd,≤100
107780810930681,Citizen Action,"Citizen Action, Inc.",≤100
105229062888132,Stop Soldier Suicide,Stop Soldier Suicide,≤100
394582097543668,"I, Pastafari Documentary","I, Pastafari Documentary",≤100
2025207544419903,The Last Coat - TLC Products,Chad Shaady Fawzi Hamzeh,≤100
279846350948,St. Labre Indian School,St. Labre Indian School,≤100
101042758281184,Reading On the Right,Macmillan Publishing,≤100
857314914350139,Black Lives Matter Lansing,Black Lives Matter Lansing,≤100
138141366212571,Gravis Marketing,GRAVIS MARKETING INC.,≤100
1494329120822927,Kraven Comics,Kraven Comics,≤100
242371476472790,Rene' s comedy,These ads ran without a disclaimer,≤100
117774736298637,Reidhead For Congress,REIDHEAD FOR CONGRESS,≤100
105202730827149,Michael Moore for Commissioner,Michael Moore for Commissioner,≤100
104493631299422,Common Sense Patriots '76,Christopher Michael Eubanks,≤100
262187964204063,Representative Jeremy Munson,Munson For House,≤100
123965317665623,N-Hance Wood Refinishing,N-Hance Inc.,≤100
104147688015021,Black Exchange,Black Exchange,≤100
458142697588014,AARP Public Policy Institute,AARP,≤100
262905633727,Los Angeles Mission,"Los Angeles Mission, Inc.",≤100
144630113156275,Tu Voto Vale,Jesus R Flores,≤100
6165653060,AFSCME,AMERICAN FEDERATION OF STATE COUNTY & MUNICIPAL EMPLOYEES,≤100
171628432128,Clark County Education Association,Clark County Education Association,≤100
197908256931216,Tim Ryan,TIM RYAN FOR CONGRESS,≤100
104355928008325,Oceans & Us,Oceans and Us,≤100
273474675643,HealthCareWithoutHarm,HEALTH CARE WITHOUT HARM,≤100
167818016571872,Ann & Robert H. Lurie Children's Hospital of Chicago,Ann & Robert H. Lurie Children's Hospital of Chicago,≤100
127913103970095,C Club of Houston,The "C" Club of Houston,≤100
220435428756011,SkillBreed,James Veard,≤100
260713150211,Protect Our Winters,Protect Our Winters,≤100
138496993454478,Man Made Survival,Christopher None Prado Herrera,≤100
467503009987109,"Healthy Forests, Healthy Communities","Healthy Forests, Healthy Communities",≤100
106238171160500,jason_douglas_griffin,These ads ran without a disclaimer,≤100
100103638419776,BlkVox Tees & Apparel,Edwin Cordell Morrow,≤100
356501381631264,Jerusalem Post,Diane Elise Haner,≤100
461530314600399,Common Sense American Politics,Common Sense American Politics,≤100
132917052381,Bill Gates (Arizona),Bill Gates for Supervisor. Authorized by Bill Gates,≤100
693338200702307,Michelle Ugenti-Rita,Ugenti-Rita for Senate,≤100
873550809444862,Mighty Earth,Mighty Earth,≤100
106566121103207,I Love My Country,These ads ran without a disclaimer,≤100
785936231584382,Paula Jean Swearengin,Paula Jean for West Virginia,≤100
1888806214722917,Erie County Anti-Stigma Coalition,Erie County Anti-Stigma Coalition,≤100
102838333675775,Rosy Aponte,Rosy Aponte Campaign Group 75,≤100
139062085972,Illinois Family Institute,"ILLINOIS FAMILY INSTITUTE, THE INC",≤100
635850443292528,Nasty Woman Coloring,Nasty Woman Coloring,≤100
1431647400421353,Sheriff Troy E. Nehls,NEHLS FOR CONGRESS,≤100
1553978148244954,Build With Strength,Build With Strength,≤100
307883109694217,Detour Detroit,Detour Media LLC,≤100
129278807814364,Welcome.,Welcome.,≤100
1268410219898273,Tango Tango,Tango Tango Inc,≤100
1841692652719716,Dump Trump,Kevin R Mccarthy,≤100
61878332769,ICNA Relief,ICNA RELIEF USA PROGRAMS,≤100
38882699096,Polaris,POLARIS PROJECT,≤100
101164484986617,To Be Frank Show,Real News PR,≤100
104917627885720,Love Beautiful Birds,These ads ran without a disclaimer,≤100
44705166993,Vote.org,Vote.Org,≤100
165734163437699,"Little, Brown and Company","Hachette Book Group, Inc.",≤100
79801326619,Beau Ties Ltd. of Vermont,Beau Ties of Vermont,≤100
2040270322863853,Tina Smith,TINA SMITH FOR MINNESOTA,≤100
105953890782784,The Factual,The Factual,≤100
1955953381348064,State Representative Trent Ashby,Texans for Trent Ashby,≤100
228025664576921,Boss Betty News,Heather Elizabeth Grossmann,≤100
159023914150996,UCOMMBlog,UCOMM Media Group,≤100
27139120832,Advancing Native Missions,Advancing Native Missions,≤100
502320477205654,I’m Bout Making My Ancestors Proud,Heritage Hill LLC,≤100
102512224765633,PeeLitical Trump Target,Pee-Litical Targets,≤100
357844454633380,Dan Whitfield for Senate 2020,DANWHITCONGRESS,≤100
109685750774506,Austin Community First PAC,Austin Communities First PAC,≤100
232264683462806,"Arc Manor, LLC",ARC MANOR LLC,≤100
228117521094679,MoSoul,Byron Demarco Brooks,≤100
110773130329664,Lulu Seikaly for Congress,LULU FOR TEXAS,≤100
2150424768307500,Houseboat Kings,Houseboat Kings,≤100
433364950062784,Power Over Energy,Power Over Energy,≤100
270826723039149,The Coalition to Protect Americas National Parks,"COALITION OF NATIONAL PARK SERVICE RETIREES, INC.",≤100
1485046298224624,Betsy Sweet,SWEET FOR SENATE,≤100
545953108763080,Americans United with Israel,October Kaylene Ladinsky,≤100
148485621883625,40 Days for Life,40 Days for Life,≤100
43821078871,Transport Workers Union (TWU),Transport Workers Union of America,≤100
164966660351345,Hope Outfitters,Hope Outfitters,≤100
112442437191294,National Anti-Racism Teach-In,National Anti-Racism Teach-In,≤100
44951363957,American Enterprise Institute,AMERICAN ENTERPRISE INSTITUTE FOR PUBLIC POLICY RESEARCH,≤100
107695027622436,Classy,Classy,≤100
102389731274006,Shield Republic Charities,Shield Republic,≤100
723113964421686,Justice for Christian Griggs,Dollie Sturdivant Griggs,≤100
100470205043537,Joe Barbetta for Sarasota City Commission,Joe Barbetta for City Commission,≤100
167473433290992,Inequality.org,Institute for Policy Studies,≤100
911829795826330,Mark Penn Polls,AIRSNEXT Media,≤100
111320687282447,BLM Drip,BLM Drip,≤100
334925200513155,Justin Berry for Texas HD 47,Justin Berry For Texas House,≤100
391872261636792,2020unity,"ForFact LLC, DBA 2020unity",≤100
190532957805960,Bill Post,Friends of Bill Post,≤100
148205145252473,Backcountry Hunters & Anglers,Backcountry Hunters & Anglers,≤100
1947204578916961,Kionne McGhee,"Kionne McGhee, Non-Partisan, for Miami-Dade County Commissioner District 9",≤100
656263988182462,Bill Hagerty,TEAM HAGERTY,≤100
48530203934,The American Alpine Club,"AMERICAN ALPINE CLUB, THE",≤100
105264094403642,Trump MAGA Swag,James Richard Griffin,≤100
228309107229653,Miami-Dade Democrats,Miami-Dade County Democratic Executive Committee,≤100
110069333776781,James Turner for Tennessee State House - District 52,Turner for Tennessee,≤100
142885775728350,Covenant House Texas,COVENANT HOUSE TEXAS,≤100
102010211314386,Donald Trump 2020 Voters,I Love My Freedom,≤100
26060837166,Point Loma Nazarene University,Point Loma Nazarene University,≤100
1399926390134311,Nature's Generator,Huntkey USA Inc,≤100
804568342964376,2nd Amendment Rights,One Nation Design,≤100
1708467695859543,Veteran Transition Mission,Sonia Ivelisse Barriera Ayala,≤100
111654690603599,NUIRC,Nonprofit Unemployment Insurance Relief Coalition (NUIRC),≤100
779385032432810,Podcamp Media,"Podcamp Media, LLC",≤100
110316697328742,People of Seniors Housing,People of Seniors Housing,≤100
106140571085743,Natalia For Congress,NATALIA LINOS FOR CONGRESS,≤100
103018551321896,HKAZ Bookstore,HKAZBOOKSTORE,≤100
103191431299152,Samba for State Assembly,Samba for state assembly,≤100
87777747127,Greg Palast,Palast Investigative Fund,≤100
452797224923658,Democratic Coalition Against Trump,THE DEMOCRATIC COALITION,≤100
80668957414,GoSili,SiliKids Inc.,≤100
546497545399440,ASEC - African Sisters Education Collaborative,African Sisters Education Collaborative (ASEC),≤100
454663890502,Alliance for Patient Access,ALLIANCE FOR PATIENT ACCESS,≤100
101181794707874,United Research Group,United Research Group,≤100
77459136187,Gavin Rollins,GAVIN ROLLINS FOR CONGRESS,≤100
118283728182293,SEIU Healthcare IL & IN,SEIU Healthcare Illinois & Indiana,≤100
143021112391265,Jacobin magazine,Jacobin Foundation,≤100
183165025062107,The TESA Collective,"The Toolbox for Education and Social Action, Inc",≤100
2043883232397356,Marlon Hill for D9,"Marlon Hill for Miami-Dade County Commissioner, District 9",≤100
112475783730246,Defeat Disinfo,DEFEAT DISINFO PAC,≤100
111707613902889,Bush Republicans for Biden,Michael Ehrmann Landauer,≤100
111519783926133,The Andy Griffith Store,These ads ran without a disclaimer,≤100
464510790410497,Irritated Genie of Soufeese,Ayo Hance Kimathi,≤100
780279555446080,Mandisha Thomas for House District 65 "The Peoples Seat",Dontaye Mario Carter,≤100
227535924071462,Animal Petitions,AnimalPetitions.org,≤100
658093914667081,Let Them Know,Let Them Know,≤100
96159580682,Maine Democratic Party,MAINE DEMOCRATIC PARTY,≤100
2154804598181848,Conservatives informing Conservatives,Charles None Ostertag,≤100
2223151871134889,Trump45Merch,Thomas Charles Granack,≤100
100170524856374,Evangelical Resistance,Patrick John Kahnke,≤100
103903914570915,Pro2a,Delta Team Marketing,≤100
96315553086,Crop Insurance Keeps America Growing,National Crop Insurance Services,≤100
954809337867456,Donny O'Malley,These ads ran without a disclaimer,≤100
2317264024972785,American Populists,The New American Populist,≤100
51949171587,Cross International,"CROSS INTERNATIONAL, INC.",≤100
1764185850558806,Apex Clean Energy,Apex Clean Energy,≤100
227318240945008,Black Yoga Magazine,These ads ran without a disclaimer,≤100
111172613873583,Trevor Addison for Putnam County Clerk of Superior Court,Trevor For Putnam,≤100
192738164073627,A Better Balance,A BETTER BALANCE,≤100
342006339184405,National Children's Alliance,NATIONAL CHILDRENS ALLIANCE INC,≤100
392026478304412,Huawei USA,These ads ran without a disclaimer,≤100
336440323158789,Jack Burkman Radio,Jack Burkman Radio,≤100
477131125780900,The War Horse,War Horse News,≤100
164472026916984,Masbia Soup Kitchen Network,MASBIA,≤100
372082579523719,Rabbi Dr. Shmuly Yanklowitz,Rabbi Dr. Shmuly Yanklowitz,≤100
147497942385,To the Contrary on PBS,Persephone Productions,≤100
125937197447634,ACTA - American Council of Trustees and Alumni,AMERICAN COUNCIL OF TRUSTEES AND ALUMNI,≤100
105811340978110,Clintbass2020,Clint bass for sheriff 2020,≤100
111480020618941,Big Bad Uncle Sam LLC,Collin Christian Johnson,≤100
239658882763974,Poverty USA by CCHD,UNITED STATES CONFERENCE OF CATHOLIC BISHOPS,≤100
102730741221466,VoteVan4Judge,"Mark Van Valkenburgh, Non-Partisan, for Circuit Court Judge",≤100
169440273093442,The Center for Election Science,The Center for Election Science,≤100
126279571952,Huru International,HURU INTERNATIONAL,≤100
205795426669644,Facts and Logic about the Middle East,Facts and Logic About the Middle East,≤100
1549009352000546,SchiffGold,SchiffGold,≤100
89422518296,OnlineVisas.com,OnlineVisas.com,≤100
562804563928334,Tokens Show,"Tokens Media, LLC",≤100
405469100189512,Still My President - Donald Trump,Red State Politics LLC,≤100
382725391757132,The Peace Museum: People Evolve As Consciousness Expands,P.e.a.c.e. !nc.,≤100
114367169942433,Illinois Real ID,Illinois Real ID,≤100
108890970740395,East for Judge,"Campaign of Isaac East, Political advertisement, Nonpartisan for County Court Judge Group One.",≤100
102303321149005,Accountable For Equality,Accountable for Equality,≤100
102970113093477,Church Militant/St. Michael’s Media,Max Aldcander Douglas,≤100
107569650978840,Sanall,Sanall,≤100
104952231285892,Marc Falzon,Marc A Falzon,≤100
427302110732180,Mike Cernovich,Michael C Cernovich,≤100
191975737491988,Jennifer Wexton,WEXTON FOR CONGRESS,≤100
115666606648303,Danny Sauter for District 3 Supervisor 李爾德,Danny Sauter for Supervisor 2020,≤100
624113997772825,North Dakotans for Comprehensive Energy Solutions,Americans for Comprehensive Energy Solutions,≤100
879661055726728,Lights for Liberty,Lights for Liberty,≤100
335372906543111,Lee Constantine For Seminole County Commission,Lee Constantine Campaign for Seminole County Commission,≤100
103322426424621,Jonathan Karl,Jonathan David Karl,≤100
412739549455010,Karena Reiter,PrimaDonna Reeds,≤100
105617524548,Sketchworks Comedy,Sketchworks Industrial Strength Comedy,≤100
103911824657671,Health Insurance,Alexander Melen,≤100
107772547450439,Visibly Black,Visibly Black,≤100
34992314695,National Center for Public Policy Research,NATIONAL CENTER FOR PUBLIC POLICY RESEARCH,≤100
809740726036497,ERTH Apparel,"Erth Enterprise, LLC",≤100
29770886815,Marijuana Policy Project,Marijuana Policy Project,≤100
207152169356805,Re-Elect Circuit Judge Alan Apte,"Alan Apte, Non-Partisan, for Circuit Court Judge",≤100
103493557901081,Ed Tarver,TARVER FOR SENATE,≤100
344346245749372,Shore Trendz,RHW.COM LLC/DBA Shore Trendz,≤100
104725024441345,Eleana Little for Hudson County Freeholder,Eleana Little for Hudson County Freeholder,≤100
32724694233,Howard Brown Health,Howard Brown Health,≤100
100660688368119,Trump Train,Zachary Dalton Colbert,≤100
113644103666790,America First,TruthLion,≤100
615854911830541,Shore Buddies,Malte Niebelschetz,≤100
123963360928,SiriusXM,SIRIUS XM RADIO INC.,≤100
111747450209594,Turner for Congress WV,HILARY TURNER FOR CONGRESS,≤100
7642602143,Mother Jones,FOUNDATION FOR NATIONAL PROGRESS,≤100
698400060189827,Dan Sullivan,Alaskans for Sullivan,≤100
138492335404,Scott Walker,"Walker Group, LLC",≤100
350784278974539,Turning Point Action,Turning Point Action,≤100
1755810367986271,Eurasia Group Foundation,Eurasia Group Foundation,≤100
399060493533519,The Justice Foundation,JUSTICE FOUNDATION,≤100