﻿Page ID,Page Name,Disclaimer,Amount Spent (USD)
153080620724,Donald J. Trump,"DONALD J. TRUMP FOR PRESIDENT, INC.",6698
6726182861,Mike Pence,TRUMP MAKE AMERICA GREAT AGAIN COMMITTEE,3330
153080620724,Donald J. Trump,TRUMP MAKE AMERICA GREAT AGAIN COMMITTEE,2780
2177005695867568,Minnesota Ag-Energy Alliance,Minnesota AG Energy Alliance,2402
780941275347834,Ilhan Omar,ILHAN FOR CONGRESS,2200
435917576827538,Minnesotans for Line 3,Minnesotans for Line 3,1666
102595498024546,MN vs Trump,Alliance for a Better Minnesota Federal PAC,1548
442553959494293,Pay Up Climate Polluters,Center for Climate Integrity,1481
7860876103,Joe Biden,BIDEN VICTORY FUND,1270
156968474833352,Stop Republicans,Stop Republicans,1153
347978955534783,Solcius,Solcius,893
96935476345,Democratic Governors Association (DGA),Democratic Governors Association,814
260754507296508,The Voter Participation Center,Voter Participation Center,581
108824017345866,Facebook,"Facebook, Inc.",528
333710103706307,Giffords,GIFFORDS PAC,517
104856814505092,The Kids Guide,The Kids Guide,514
1771156219840594,Team Trump,TRUMP MAKE AMERICA GREAT AGAIN COMMITTEE,501
20787991568,Senate Democrats,DSCC,495
1745691098822972,Brad Parscale,TRUMP MAKE AMERICA GREAT AGAIN COMMITTEE,414
1417093208526654,Action 4 Liberty,Action 4 Liberty,414
791543660926838,"I'll go ahead and keep my guns, Thanks",2A4LIFE LLC,354
1771156219840594,Team Trump,"DONALD J. TRUMP FOR PRESIDENT, INC.",324
1615018905412860,Progressive Turnout Project,PROGRESSIVE TURNOUT PROJECT,318
33110852384,Doctors Without Borders/ Médecins Sans Frontières (MSF),Doctors Without Borders/Médecins Sans Frontières (MSF),316
102671331487937,I Love My Freedom Store,I Love My Freedom,301
9324910069,NRSC,NRSC,296
132492254050920,American AF,AAF Nation,288
112974563687584,Robert Kiyosaki - The Rich Dad Poor Dad Letter,Long Form Creative Co.,286
49651563727,Live Action,Live Action,275
105756057589080,The Lincoln Project,The Lincoln Project,271
2352630938293825,Mytacticalpromos,Entremax,246
127755494595870,Progressive Takeover,PROGRESSIVE TAKEOVER,244
70373038195,FairVote Minnesota,Fairvote Minnesota,237
389002298352371,American Senior Benefits,John M Davis,230
107758757670203,BLM Direct,BLM Store LLC,227
1163396097051646,PILMA,Pharmaceutical Industry Labor Management Association,226
176789922364429,Steve Daines,STEVE DAINES FOR MONTANA,195
373814729643508,Let America Vote,LET AMERICA VOTE PAC,193
1435071773455316,Daily Wire,The Daily Wire,189
345504286342057,Keeping America Great Again,RightWingGear.com,188
21898300328,BuzzFeed,The Procter & Gamble Company,184
25852730092,Care2,Care2 Inc,178
107858693983382,The GOP Shop,The GOP Shop,178
203805062990264,Ben Shapiro,The Daily Wire,177
111393882812494,Amy McGrath,"AMY MCGRATH FOR SENATE, INC.",177
203197030603239,8 Billion Trees,8 Billion Trees LLC,172
165987503528599,Lindsey Graham,"TEAM GRAHAM, INC.",170
96935476345,Democratic Governors Association (DGA),DEMOCRATIC ACTION,170
67945990059,The American Petroleum Institute,AMERICAN PETROLEUM INSTITUTE,169
73970658023,International Rescue Committee,International Rescue Committee,165
2330577043935831,Sara Gideon,SARA GIDEON FOR MAINE,163
196382377057315,Learn Our History,Learn Our History,159
664770743730817,Dan Feehan for Congress,FRIENDS OF DAN FEEHAN,149
107398241021186,The John Lewis Bridge Project,John Lewis Bridge Project,145
342294162453301,Planned Parenthood,Planned Parenthood Federation of America,137
168051710543266,Lacy Johnson,Lacy Johnson for Congress,133
237158469893,YWCA Minneapolis,YWCA Minneapolis,131
1556932204325823,ProgressPop,ProgressPop,130
6726182861,Mike Pence,"DONALD J. TRUMP FOR PRESIDENT, INC.",127
191247007554047,Center of the American Experiment,Center of the American Experiment,126
1883837055193241,Shield Republic,Shield Republic,125
309308412520731,Sandy Hook Promise,Sandy Hook Promise,123
100137754724934,Trump 2020 Supporters,Proud Right Winger,122
717115395103069,PrintedKicks,Printed Kicks,122
665345483483486,NRA - National Rifle Association of America,NATIONAL RIFLE ASSN OF AMERICA,120
38235851310,USA for UNHCR,UNITED STATES ASSOCIATION FOR UNHCR,119
105246547735959,North Star Values,Senate Victory Fund,118
433919203362871,Bird + Stone,BIRD & STONE INC,117
830121337093232,National Democratic Training Committee,NATIONAL DEMOCRATIC TRAINING COMMITTEE PAC,116
92925746942,Judicial Watch,Judicial Watch,114
95779211526,Minnesota DFL Party,MINNESOTA DEMOCRATIC-FARMER-LABOR PARTY,102
328853823844484,Balance of Power,Balance of Power,≤100
127335473965761,Recycle Cartons,"Carton Council of North America, Inc.",≤100
114710126648118,Republican Dogs,Republican Dogs,≤100
1600352356914768,PushBlack,PushBlack,≤100
103935287613121,Noel Collis for Congress,DR. NOEL COLLIS FOR CONGRESS,≤100
5435784683,Greenpeace USA,"GREENPEACE, INC.",≤100
215968684159,AFT - American Federation of Teachers,American Federation of Teachers,≤100
276967979123378,Dario Anselmo for Hennepin Commissioner,Dario Anselmo for Commissioner,≤100
127225910653607,PragerU,PragerU,≤100
23875187730,Feeding America,Feeding America,≤100
259130650776119,Mitch McConnell,MCCONNELL SENATE COMMITTEE,≤100
340878903016433,Chris LaTondresse for Hennepin County Commissioner,LaTondresse for Commissioner,≤100
277005566267077,Blueland,Blueland,≤100
137569740231452,Respect The Look,Respect The Look,≤100
18982436812,ACLU,American Civil Liberties Union,≤100
372748186440079,Minnesota Senate DFL Campaign,Minnesota Senate DFL Caucus,≤100
925007000949719,ExxonMobil,Exxon Mobil Corporation,≤100
195530355493,Chicks On The Right,Chicks on the Right,≤100
130467958471,Jason Lewis,Jason Lewis for Senate,≤100
278490715553293,Martha McSally,MCSALLY FOR SENATE INC,≤100
130181447841752,The Power of Minnesota,Seiche,≤100
213792049451918,Stand For America,Stand For America Inc,≤100
6316744206,Jon Tester,MONTANANS FOR TESTER,≤100
461204744067686,Family Protection Association,Family Protection Association,≤100
602714436529710,End Citizens United,END CITIZENS UNITED,≤100
309798029121030,Everytown for Gun Safety,Everytown for Gun Safety Action Fund Inc,≤100
7292655492,MoveOn,MOVEON.ORG POLITICAL ACTION,≤100
25055115099,Intuit,INTUIT INC.,≤100
85452072376,Newsmax,Newsmax Media,≤100
272618896537776,America First Agenda,America First Agenda PAC,≤100
108118933908193,Next Level Goods,Next Level Goods LLC,≤100
103597604713894,Team Trump Store,TRUMP MAKE AMERICA GREAT AGAIN COMMITTEE,≤100
8325302025,Friends of the Earth U.S.,Friends of the Earth,≤100
107654924064350,Pat Timmons-Goodson,PATRICIA TIMMONS-GOODSON FOR CONGRESS,≤100
109677057145919,Hot Issue,Astonishean Miracle Bundage,≤100
1194865807192273,Conservative Gear,Outergoods LLC,≤100
1316372698453411,Alexandria Ocasio-Cortez,Alexandria Ocasio-Cortez for Congress,≤100
381914798901031,National Democratic County Officials,National Democratic County Officials - NDCO,≤100
945005292238581,Minnesotans for a Smoke-Free Generation,ClearWay Minnesota,≤100
18813753280,Human Rights Campaign,"HUMAN RIGHTS CAMPAIGN, INC.",≤100
1336293769761923,Jon Ossoff,JON OSSOFF FOR SENATE,≤100
142370046577999,Shahid Buttar for Congress,Shahid Buttar for Congress Committee,≤100
101279451606075,Democratic Strategy Institute,Democratic Strategy Institute,≤100
15687409793,World Wildlife Fund,World Wildlife Fund,≤100
656803827845924,Zack Stephenson For MN House,Stephenson for House,≤100
72186095846,Center For American Progress Action Fund,Center for American Progress Action Fund,≤100
1877050422352181,Julia Coleman for State Senate,Julia for MN,≤100
57259033959,AARP,AARP,≤100
30139072158,CARE,CARE,≤100
100256754899828,Patriot's Cave,Patriots Cave,≤100
16477459734,League of Conservation Voters,"LEAGUE OF CONSERVATION VOTERS, INC",≤100
303061950155375,John James,"JOHN JAMES FOR SENATE, INC.",≤100
228754857151053,House Majority PAC,House Majority PAC,≤100
1400927463555875,Imperfect Foods,Imperfect Produce,≤100
24330467048,Americans for Prosperity,AMERICANS FOR PROSPERITY,≤100
264394540255889,AFP Minnesota,AMERICANS FOR PROSPERITY,≤100
8934429638,Planned Parenthood Action,Planned Parenthood Action Fund,≤100
444134662298280,Erik Simonson,Simonson for Senate,≤100
167586229923327,World Food Program USA,World Food Program USA,≤100
1025055787535714,A Case for Women,A Case for Women,≤100
245284549333866,ASMDSS,ASMDSS,≤100
114625730266879,Republican Voters Against Trump,Defending Democracy Together,≤100
224684514243482,Tom Cotton,"COTTON FOR SENATE, INC.",≤100
105732744375701,Steve Bullock,MONTANANS FOR BULLOCK,≤100
305832706292882,American Gun Association,GunAssociation.org,≤100
111278008942618,Wicked Clothes,Wicked Clothes,≤100
111428049989,Cal Cunningham,CAL FOR NC,≤100
100126201737278,Patriots Take a Stand,Jae W Seo,≤100
8047221596,Save the Children US,"SAVE THE CHILDREN FEDERATION, INC.",≤100
104934207736995,Paycheck to Paycheck,Center for American Progress Action Fund,≤100
100880874670508,Mason for Minnesota,John Wesley Leonard Mason,≤100
265268336865693,Do Amore,Do Amore Limited Company,≤100
2353537341582545,Proud Patriots,Proud Patriots,≤100
104745474214057,HRA - OTC Birth Control,Corey Francis Mc Govern,≤100
332716170522025,America First Action,America First Action,≤100
296708523873754,Karla Dennis and Associates Inc.,"Karla Dennis & Associates, Inc",≤100
977704775606273,Balls Deep Tackle,Balls Deep Tackle,≤100
228132537208218,Tammy Duckworth,TAMMY FOR ILLINOIS,≤100
560140464159364,Stand for the 2nd Amendment,SFT2 Tactical Supply,≤100
425771317501061,Michael Knowles,The Daily Wire,≤100
7833534974,Florida Democratic Party,Florida Democratic Party,≤100
45393753416,Alliance Defending Freedom,Alliance Defending Freedom,≤100
105829564471772,Patriots Stand Together,Trizzie Truong,≤100
103744903024220,MN350: Building a Climate Movement in Minnesota,MN350 & MN350 Action,≤100
110018833813683,Flip the Senate,SMP,≤100
2267285956849056,Donald Trump 2020 Fans,I Love My Freedom,≤100
1109093812491437,Blaze Media,Blaze Media LLC,≤100
112431050497386,Patriotism For Life,Vivian Lam Nguyen,≤100
210820618956311,Community Change Action,Center for Community Change Action,≤100
410784729505143,Danny Nadeau,Danny Nadeau for Hennepin County Commissioner,≤100
100637888239523,Free Reign For All,Kin Ngai Yeung,≤100
98036651883,MapLight,These ads ran without a disclaimer,≤100
8501031021,VoteVets.org,"VoteVets Action Fund, Inc.",≤100
104721201111500,Grassroots Law Project,Grassroots Law Project,≤100
493811210669780,Creative Action Network,Creative Action Network,≤100
87186661244,Johns Hopkins Bloomberg School of Public Health,Johns Hopkins Bloomberg School of Public Health,≤100
15239367801,The Wilderness Society,"WILDERNESS SOCIETY, THE",≤100
148899492344271,Pete Stauber,PETE STAUBER FOR CONGRESS,≤100
118502801658228,Young Kim,Young Kim for Congress,≤100
112325855474892,Speak Up For Education and Kids,National Education Association,≤100
609926319458332,Rep. Dean Phillips,Representative Dean Phillips,≤100
7814597100,Jim Jordan for Congress,JIM JORDAN FOR CONGRESS,≤100
5633824547,FreedomWorks,"FREEDOMWORKS, INC.",≤100
1061240530648502,Joe Collins,JOE COLLINS FOR CONGRESS,≤100
206677396413254,Abortion On Our Own Terms,Abortion On Our Own Terms,≤100
530604487365010,Old Glory Flagpole Kits,Service First,≤100
192015461630968,Supporting Our Brave Veterans,James Brian Plouf,≤100
530604487365010,Old Glory Flagpole Kits,Service First Flag Poles,≤100
17911165812,Covenant House International,Covenant House,≤100
107362890683965,Ann Johnson Stewart for Minnesota Senate,Campaign of Ann Johnson Stewart,≤100
1836138529938551,Greater Half,Greater Half,≤100
106645684412573,Cover Air Medical,Cover Air Medical,≤100
111506250582498,Keeping Our Homes Safe,Steve San,≤100
105566671190013,What We All Need,Patrick Le Tran,≤100
284021001932612,"Rick Gnemi, 3rd District, Steele County Commissioner",Rick Gnemi 3rd District Steele County Commissioner,≤100
105455840860559,Eagle Realm,Eagle Realm,≤100
2189265054726827,Liberty Tee Shop,www.libertyteeshop.com,≤100
653079394725698,Aspiration,Aspiration,≤100
113091103576321,Cheri Sudit for Hennepin County Commissioner,Sudit for County Commissioner,≤100
109212267348401,Doug Malsom for MN House 38A,Doug Malsom for House Comittee,≤100
112035243617159,Mark Halla for Carver County Commissioner-District 5,Mark Donald Halla,≤100
1917715138510680,Follow Your Legend,Legend Bracelet,≤100
8532248414,Wounded Warrior Project,"WOUNDED WARRIOR PROJECT, INC.",≤100
443329669123990,USAFacts,USAFacts Institute,≤100
1690071827911682,Cleancult,cleancult,≤100
107150077720746,American Collectibles,Christopher Walter Adams,≤100
105670744540581,Good Savings Club,Clarissa Estella Luna,≤100
110177119192569,Knightscope,William Li,≤100
35169196082,Project HOPE,"PROJECT HOPE-THE PEOPLE-TO-PEOPLE HEALTH FOUNDATION, INC.",≤100
101231248215069,Greg Pulles for MN State Senate,Greg Pulles for Minnesota Senate,≤100
598924810530984,Keeping America Great,FamTeeWorld,≤100
110894610435569,Sizi Goyah for Brooklyn Center City Council,Sizi Goyah For Brooklyn Center,≤100
465483726908192,iVote,IVote Civic Education Fund,≤100
260131294484,Bethesda Lutheran Communities,Bethesda Lutheran Communities,≤100
21375324480,The Heritage Foundation,HERITAGE FOUNDATION (THE),≤100
6041057841,The Humane Society of the United States,"HUMANE SOCIETY OF THE UNITED STATES, THE",≤100
1756007634708280,Erik Mortensen For House,Mort For House,≤100
36474716066,Color Of Change,ColorofChange.org,≤100
107458830915941,Jeff Hayden for State Senate,Jeff Hayden For Senate,≤100
1555039491394668,CM Voter Center,CM Voter Center,≤100
107803440835562,US Hot Gears,Click Wonders,≤100
219224241438635,Compassion & Choices,COMPASSION & CHOICES,≤100
100757504960070,Concealed_Country,Concealed Country,≤100
605168822998856,314 Action,314 ACTION FUND,≤100
159964696102,Kevin McCarthy,KEVIN MCCARTHY FOR CONGRESS,≤100
380314912386667,Minnesota Right to Life,Minnesota Right to Life,≤100
30698398385,Problem Gambling Support,RUSSELL HERDER GBC,≤100
90072588167,Education Minnesota,EDUCATION MINNESOTA,≤100
355316521236121,John Cornyn,TEXANS FOR SENATOR JOHN CORNYN INC.,≤100
163302087408673,Stop The Donald,Stop the Donald,≤100
169130743498585,Tactical Pro Supply,Chad Keller,≤100
103162411257510,Trumplican,USA Movements,≤100
1745691098822972,Brad Parscale,"DONALD J. TRUMP FOR PRESIDENT, INC.",≤100
700283120139217,Omar Fateh for MN Senate 62,Omar Fateh Senate Committee,≤100
102540204580217,UpNorthNews,Courier Newsroom,≤100
2037695643113766,Blexit,Blexit Foundation,≤100
193618220508,LIFE Today,LIFE Outreach International,≤100
1528980567353817,Love Has No Labels,Love Has No Labels with Facebook Ad Credits,≤100
108794587327155,Good Programs 2020,Trevor Dale Seaks,≤100
293225127381200,Patriot Depot,The Patriot Depot,≤100
101210588150219,Boy Scouts Abuse Claims,X Social Media LLC,≤100
109111900634787,Reverend Raphael Warnock,WARNOCK FOR GEORGIA,≤100
175030099788171,Todd Lippert for MN House 20B,Todd Lippert for State House Committee,≤100
171651620209487,Brady PAC,Brady Pac,≤100
1526736227567131,TrueCoverage,True Coverage,≤100
104536112956,"Ramsey County, Minnesota",Ramsey County,≤100
163148530407080,Captain Mark Kelly,MARK KELLY FOR SENATE,≤100
109473413934162,Minnesotans for Clean Cars,Minnesotans for Clean Cars,≤100
679171239164792,Supermajority,Supermajority Education Fund,≤100
110124618713,American Principles Project,American Principles Project,≤100
7962229886,Environmental Working Group,ENVIRONMENTAL WORKING GROUP,≤100
50982313030,Food & Water Watch,Food & Water Watch,≤100
113563323745924,Keep America Great,Keep America Great,≤100
42872222699,Dana Loesch,Dana Loesch Radio,≤100
110191720591726,Paap for Commissioner,Paap for Commissioner,≤100
252375344865979,House Republican Campaign Committee,HRCC,≤100
106333028376,"Nichols Kaster, PLLP",Nichols Kaster PLLP,≤100
27311599342,Preemptive Love,Preemptive Love Coalition,≤100
102317147871096,Treat People Like People,Treat People Like People Campaign,≤100
110974960642149,Proudly American,Grant Alan Johnston,≤100
69039563201,Open Doors USA,"OPEN DOORS WITH BROTHER ANDREW, INC.",≤100
6236054211,Brady,Brady Campaign to Prevent Gun Violence,≤100
7263476274,Mercy Corps,Mercy Corps,≤100
106224464107240,Jo Jorgensen,JO JORGENSEN FOR PRESIDENT,≤100
38471053686,Elizabeth Warren,"WARREN DEMOCRATS, INC.",≤100
1055873511190792,Hello Resistance,Hello Resistance Apparel,≤100
105577974544303,The USA Needs More Patriots,Anthony Alexander Morales,≤100
1580455205581813,Justice Matters,"Justice Matters, INC.",≤100
111295497192914,Middle America Project,Middle America Project,≤100
80562389320,NARAL Pro-Choice America,NARAL Pro-Choice America,≤100
72931140459,Center for Biological Diversity,"CENTER FOR BIOLOGICAL DIVERSITY, INC.",≤100
1799282383731277,TwoSeventy,Alexander Jared Deutsch,≤100
6820348410,Kirsten Gillibrand,Off the Sidelines,≤100
1456310534453054,Veteran Loans Online,"LMB OpCo, LLC",≤100
107037332686173,Michelle Fischbach for Congress,FISCHBACH FOR CONGRESS,≤100
342887442508723,Convention of States,Convention of States Action,≤100
6820348410,Kirsten Gillibrand,Gillibrand for Senate,≤100
282328882639479,Quibi,Quibi,≤100
209516845093,NRDC Action Fund,NRDC Action Fund,≤100
12301006942,Democratic Party,DNC SERVICES CORP./DEM. NAT'L COMMITTEE,≤100
683872625157265,Theresa Greenfield,THERESA GREENFIELD FOR IOWA,≤100
1668487009910433,Minnesota Term Limits,U.S. Term Limits Inc.,≤100
308353252483,Kristi Noem,Kristi for Governor,≤100
18709174006,National Audubon Society,"NATIONAL AUDUBON SOCIETY, INC.",≤100
100318944827269,Amy Kennedy,AMY KENNEDY FOR CONGRESS,≤100
262187964204063,Representative Jeremy Munson,Munson For House,≤100
103644036958,United Association,United Association Political Education Committee,≤100
934438026690635,YouGov,YOUGOV AMERICA INC.,≤100
107792087574285,Vote Andrew,Andrew John Boche Tjernlund,≤100
178835922297833,American Clinical Laboratory Association,American Clinical Laboratory Association,≤100
89757739264,Farm Credit,Farm Credit Council,≤100
570092813023833,Matt Walsh,The Daily Wire,≤100
106657774077733,Alan Roy for State Senate,Committee to Elect Leonard Alan Roy,≤100
596556607135301,The Earthling Co.,The Earthling Co.,≤100
326980967735245,Kelly Moller For Us,Volunteers for Kelly Moller Committee,≤100
1228396643984955,Michelle Steel,Michelle Steel for Congress,≤100
169710960125365,Curzio Research,Curzio Research Inc.,≤100
1764185850558806,Apex Clean Energy,Apex Clean Energy,≤100
149081336362,AmeriCorps VISTA,Corporation for National and Community Service,≤100
673117639774135,Gretchen Whitmer,Gretchen Whitmer for Governor,≤100
2309566456030859,Human Coalition Action,Human Coalition Action,≤100
6231686654,Compassion International,"COMPASSION INTERNATIONAL, INCORPORATED",≤100
23790541544,Democrats,DCCC,≤100
873550809444862,Mighty Earth,Mighty Earth,≤100
892673067526965,Project War Path,Project War Path,≤100
496696933682736,Jeff Merkley,JEFF MERKLEY FOR OREGON,≤100
1093594090659973,Pam Myhra,Campaign Fund of Pam Myhra,≤100
105084617912738,PatriotQuizzes,patriotquizzes.com,≤100
106402714456835,Trees 4 Australia,Trees4Australia,≤100
237477017606,Club for Growth,Club for Growth,≤100
329284771298646,Issue One Action,Issue One Action,≤100
19342050934,Leadership Institute,LEADERSHIP INSTITUTE INC,≤100
83290028957,Care Net,CARE NET,≤100
102617961152741,Barbara Bollier,BOLLIER FOR KANSAS,≤100
166618413413767,Jay Sekulow,American Center for Law and Justice,≤100
112880207070872,Windows Roof Driveway,Kenji None Tomoda,≤100
107428150756519,US Money Daily,USMoneyDaily,≤100
593289284500311,Trump Rack,BOXD Marketing,≤100
188814880376,Minnesota 7th Congressional District Republican Party,"Minnesota 7th Congressional District Republicans - Craig Bishop, Chair",≤100
1451024714911271,Just Ask MN,RUSSELL HERDER GBC,≤100
108067800935014,Dave_nelson_for_minnesota_senate35,David Laurence Nelson,≤100
11791104453,NRDC,Natural Resources Defense Council,≤100
109092142462587,Adam Schiff,SCHIFF FOR CONGRESS,≤100
115379705206001,U.S. Department of Homeland Security Blue Campaign,DHS Blue Campaign,≤100
2185993931653388,The Recount,"Recount Media, Inc",≤100
894096170667732,Ashley Hinson,Ashley Hinson For Congress,≤100
112347913766343,2A Forever,US Programs And Benefits,≤100
106114264313679,Hunt The Vote,"Hunter Nation, Inc",≤100
655065784538368,PredictIt,"PredictIt - Prediction Markets. A project of Victoria University of Wellington, PredictIt has been established to facilitate research into the way markets forecast events.",≤100
102508321443632,Jen McEwen for State Senate,Jen McEwen for Senate,≤100
21559454473,FAIR,FEDERATION FOR AMERICAN IMMIGRATION REFORM,≤100
19746387261,Humane Society International,Humane Society International,≤100
150452905455,Andrew Klavan,The Daily Wire,≤100
107572730809638,End Money Bail California,"End Predatory & Unfair Money Bail, a coalition of justice reform and labor organizations. Committee major funding from Action Now Initiative, LLC, Patty Quillin, and Lynn Schusterman. Funding Details at www.fppc.ca.gov.",≤100
102745147891580,Trump Coolers,Eric Clifford Juels,≤100
51379424899,Mercy Ships,MERCY SHIPS INTERNATIONAL,≤100
123838185676931,Quinn Nystrom for Congress,Quinn Nystrom for Congress,≤100
207951142571473,National Mutual Benefit,National Mutual Benefit,≤100
2078647579047586,Project Pulso,Project Pulso,≤100
1005566252861190,VOTEPROCHOICE,DEMOCRATS.COM,≤100
126694924050678,Xavier Becerra,Becerra for Attorney General 2022,≤100
10150100007820094,Wendy Davis,WENDY DAVIS FOR CONGRESS,≤100
907919839243616,My Faith Votes,My Faith Votes,≤100
15041226930,Oxfam,"OXFAM AMERICA, INC.",≤100
103281871279487,Heather Keeler for MN House 4A,Campaign Fund of Heather Keeler,≤100
46093654473,National Republican Congressional Committee,NRCC,≤100
108612970747040,Tucker For MN Senate District 56,Tucker For MN Senate Committee,≤100
259212814698356,Democratic Majority for Israel,DMFI PAC,≤100
721961664497462,CD5 MNGOP,5TH CONGRESSIONAL DISTRICT RPM,≤100
112600915451330,No Labels,No Labels,≤100
101591551371555,Fire Mitch. Save America.,SAVE AMERICA FUND,≤100
1166660030079480,National Democratic Redistricting Committee,National Democratic Redistricting Committee,≤100
9364828262,Citizens Against Government Waste,COUNCIL FOR CITIZENS AGAINST GOVERNMENT WASTE,≤100
143729616392084,Van Drew for Congress,Van Drew for Congress,≤100
55549065733,Voto Latino,VOTO LATINO INC.,≤100
97493741436,John W. Hickenlooper,HICKENLOOPER FOR COLORADO,≤100
172758932738142,PhRMA,PHARMACEUTICAL RESEARCH AND MANUFACTURERS OF AMERICA,≤100
101403571593709,Lucia Vogel for Senator District 41,Ronald Ray Vogel,≤100
420785874975425,Conservative Institute,The Conservative Institute,≤100
197760674021143,Indivisible Guide,INDIVISIBLE ACTION,≤100
17432811417,Working Families Party,Working Families Party National Independent Expenditure Committee,≤100
5720973755,Defenders of Wildlife,DEFENDERS OF WILDLIFE,≤100
17023576156,The Leadership Conference on Civil and Human Rights,The Leadership Conference on Civil and Human Rights,≤100
145973965440671,Carnegie Corporation of New York,CARNEGIE CORPORATION OF NEW YORK,≤100
8550121410,Free Speech America Project,MEDIA RESEARCH CENTER,≤100
135298176481584,Marine Corps Scholarship Foundation,Marine Corps Scholarship Foundation,≤100
814260155318929,The Fairness Project,The Fairness Project,≤100
169294473121454,Policetees.com,PoliceTees.com,≤100
102959799834968,Diane Mitsch Bush for Colorado,DIANE FOR COLORADO CD3,≤100
153678684700451,American Investment Council,AMERICAN INVESTMENT COUNCIL,≤100
681626158940626,Mission Roll Call,Americas Warrior Partnership,≤100
101136147910784,Represent Justice,Represent Justice,≤100
118303441570966,Home Ownership Matters,NATIONAL ASSOCIATION OF REALTORS,≤100
109360297266116,Fearless Patriot,TERESA NONE OHARA-MARSH,≤100
102636677971854,Trump Is The Storm,Legendary Trump Coins,≤100
831457507214289,Edgy Apparel,Edgy Apparel,≤100
429812024048177,Doug Jones for Senate,DOUG JONES FOR SENATE COMMITTEE,≤100
376776419037747,Turning Point USA,Turning Point USA,≤100
675471506247724,Adair for Congress,ADAIR FOR CONGRESS,≤100
2081864865362439,Mike Espy,MIKE ESPY FOR SENATE CAMPAIGN COMMITTEE,≤100
257019421075897,Cory Gardner,Cory Gardner for Senate,≤100
249455845761285,Lindsey Must Go,LMG PAC,≤100
1765073800454902,Reform Austin,Reform Austin Inc.,≤100
1234251319933440,Exclusive Apparel,The Dude's Threads,≤100
106452111082620,Gretchen Piper for Minnesota Senate,GRETCHEN PIPER FOR MINNESOTA SENATE,≤100
393076844046051,Progressive Caucus,CONGRESSIONAL PROGRESSIVE CAUCUS PAC,≤100
112608413802809,John P. Fahey for County Commissioner,John Fahey for Carver County,≤100
85273022315,NAMI,NAMI,≤100
134452023239984,Human Coalition,Human Coalition,≤100
102592959026,Ocean Conservancy,"OCEAN CONSERVANCY, INC.",≤100
166166843531258,National Council of Resistance of Iran - شورای ملی مقاومت ایران,MEK-Iran (Saeid Saadati),≤100
129255907131113,NumbersUSA,NUMBERSUSA EDUCATION AND RESEARCH FOUNDATION,≤100
122401195146002,Jerome T Evans,Evans for Minnesota,≤100
1793349057355115,MN350 Action: Climate Justice in Minnesota,MN350 & MN350 Action,≤100
109330805754158,AARP MN,AARP,≤100
101286764958423,Engelmann for Minnesota District 17A,Edwin Herman Engelmann,≤100
628423320573742,Vote Run Lead,VOTERUNLEAD,≤100
775525186130124,Center for a Free Economy,Center for a Free Economy,≤100
308159713150350,Voter Protection Project,VOTER PROTECTION PROJECT,≤100
953623958136043,FinalStraw,The Final Co. LLC,≤100
8934429638,Planned Parenthood Action,Planned Parenthood Votes,≤100
21834534343,Volunteers of America,"VOLUNTEERS OF AMERICA, INC.",≤100
104819864273869,Jeff Jiang For Minnesota Senate,Jeff Jiang for Minnesota Senate Campaign Committee,≤100
128958937175029,Trivia Today,Benjamin Aaron Perlman,≤100
629732217415068,Republican Party,Greater Half,≤100
106746847726231,Kathleen Harrington,Harrington for City Council Committee,≤100
586751814690068,Joni Ernst,Joni for Iowa,≤100
2283535575207809,Ditch Mitch,DITCH FUND,≤100
103654464668995,Home With Our Family,Alexander Chung,≤100
2012750189007245,Liquid Death Mountain Water,Liquid Death,≤100
223055747744143,Beto O'Rourke,Powered By People,≤100
151525932186806,When Democrats Turn Out,WHEN DEMOCRATS TURN OUT PAC,≤100
108771900698904,Bjorn Olson For MN House 23A,Bjorn Olson For MN House,≤100
262905633727,Los Angeles Mission,"Los Angeles Mission, Inc.",≤100
112524810484749,Wale Elegbede for Olmsted County Commissioner - District 7,Wale for Olmsted County Commissioner - District 7,≤100
126855128568,FEBC (Far East Broadcasting Company),"FAR EAST BROADCASTING COMPANY, INC.",≤100
143986912311328,University of Vermont Continuing and Distance Education,University of Vermont,≤100
103235554648484,Elect Scientists,314 ACTION FUND,≤100
30914589895,The International Fellowship of Christians and Jews,"INTERNATIONAL FELLOWSHIP OF CHRISTIANS & JEWS, INC.",≤100
407664862957433,Ammar Campa-Najjar for Congress,AMMAR CAMPA-NAJJAR FOR CONGRESS,≤100
27544763621,Prison Fellowship,Prison Fellowship,≤100
201956993160690,MRCTV,MEDIA RESEARCH CENTER,≤100
336470580233523,Pins and Aces Golf Co.,US Craft Brands LLC,≤100
1774166319503581,Strong Women Society,Christopher John Smith,≤100
5905048291,Science Museum of Minnesota,Science Museum of Minnesota,≤100
357554791340788,Liker,Omar Rivero,≤100
104505064408799,Cove USA,"Cove USA, LLC",≤100
203550842430,Mike Lee,FRIENDS OF MIKE LEE INC,≤100
103203971274743,Vairma/Herrera 2021 - Teamster Power Slate,Vairma 2021 Teamster Power Slate,≤100
1438808983108348,BOLD PAC,CHC BOLD PAC,≤100
281844617168,Jewish Voice Ministries International,JEWISH VOICE MINISTRIES INTERNATIONAL,≤100
104401787851526,Vote Andrew Myers for Minnesota House,Andrew Myers for House,≤100
142992759853421,Be A Hero,BE A HERO PAC,≤100
103470541119519,Justin Stofferahn for SD38,Justin Stofferahn for Senate,≤100
745910525468062,National Center on Sexual Exploitation,National Center on Sexual Exploitation,≤100
331037760381749,Sierra Magazine,SIERRA CLUB,≤100
113891694102,Energy Citizens,AMERICAN PETROLEUM INSTITUTE,≤100
300992409852,Hoover Institution,Hoover Institution,≤100
1447994318779650,AirMedCare Network,AIrMedCare Network,≤100
100101018155207,Paid Leave for All,Paid Leave for All a project of Hopewell Fund,≤100
53541257714,The Arc of the United States,The Arc with Facebook Ad Credits,≤100
101469231619455,AMANI 2020,AMANI 2020,≤100
20876805343,March of Dimes,MARCH OF DIMES INC.,≤100
253791814655400,Doug Collins,"COLLINS FOR SENATE, INC.",≤100
143089732792,Marsha Blackburn,Blackburn Tennessee Victory Fund,≤100
102708954496320,Minnesotans for Justice Paul Thissen,Minnesotans for Justice Paul Thissen,≤100
74697123892,SEIU MN State Council,SEIU MN State Council,≤100
101329438317952,Story Network Action,Story Network Foundation,≤100
107589664099282,Stand Up To China,"Stand Up To China, Inc.",≤100
24481937944,Theodore Roosevelt Conservation Partnership,"THEODORE ROOSEVELT CONSERVATION PARTNERSHIP, INC",≤100
106949844346620,Trumpian Republicans,Gregory Lawrence Burright,≤100
248181906078243,National Institute for Civil Discourse,CommonSense American,≤100
169597416843751,Stand Up America,Stand Up America,≤100
138228229539206,Neighborhood HealthSource,Neighborhood HealthSource,≤100
419237048158257,Susan Collins,COLLINS FOR SENATOR,≤100
158791100909689,Concerned Veterans for America,Concerned Veterans for America,≤100
302182941354,AARP Advocates,AARP,≤100
1530883997194411,United States Constitution,Flag and Cross,≤100
112058837201547,Black Lives Matter Merch,Black Lives Matter Merch,≤100
1014291495249813,Politicon,Politicon,≤100
192771954102960,Jordan Sekulow,American Center for Law and Justice,≤100
438987046299274,The First,"The First Digital, Inc",≤100
107210084216238,Humanity Forward,Humanity Forward,≤100
216709768355686,Dinesh D'Souza,America2020 Film LLC,≤100
385473284886474,Hillsdale College,These ads ran without a disclaimer,≤100
173837496125511,Conscious Step,Conscious Step,≤100
240290369507552,Bend the Arc Jewish Action,Bend the Arc: Jewish Action,≤100
104051398040027,CCW Online Now_,Concealed Country,≤100
592707041080920,Stand Together,Stand Together Chamber of Commerce Inc.,≤100
113666459994300,Big Dan Rodimer for Congress,RODIMER FOR CONGRESS,≤100
101165966152,AFL-CIO,AFL-CIO,≤100
518194348194441,RepresentUs,RepresentUs,≤100
203330919857759,All On The Line,National Redistricting Action Fund,≤100
109379100777665,Patriotism Isn't Dead,Patriot Polling,≤100
1156330024535488,Josiah Hill for Senate,Josiah James Hill,≤100
385917001840678,1st Tuesday Conservatives,James Scott Nintzel,≤100
277414242013,Joyce Elliott for Congress,JOYCE ELLIOTT FOR CONGRESS,≤100
105071457884748,Laura Dorle for Columbia Heights City Council,Neighbors for Dorle,≤100
152264148166020,Moms Clean Air Force,Moms Clean Air Force,≤100
110746996993983,The 'Gander Newsroom,Courier Newsroom,≤100
314121315788033,Stand with Parkland,Stand With Parkland,≤100
134597023235240,Rashida Tlaib,RASHIDA TLAIB FOR CONGRESS,≤100
11111618026,Union of Concerned Scientists,"UNION OF CONCERNED SCIENTISTS, INC.",≤100
235302383820181,Laura Wright for Office,Committee To Elect Laura Wright For Office Campaign,≤100
24413227922,Kamala Harris,FEARLESS FOR THE PEOPLE PAC,≤100
642529009471284,Brittney Johnson for House 8A,Brittney Johnson for District 8A,≤100
210357995667559,The National Memo,The National Memo,≤100
36872302227,Cory Booker,Cory Booker for Senate,≤100
359477377917,American Federation for Children,American Federation for Children,≤100
184072721624475,"Besomebody, Inc.",Besomebody Inc,≤100
6422690687,Clearly Canadian,The Clearly Food & Beverage Company,≤100
119006106155684,PI Energy,Andrew P Chung,≤100
105102297584421,People for Pittman,People for De’Vonna Pittman,≤100
317284821682168,Messianic Jewish Alliance of America (MJAA),Messianic Jewish Alliance of America,≤100
375760676281438,Mermaid Straw,Mermaid Straw,≤100
2259323457517498,Abolish the Electoral College,ABOLISH THE ELECTORAL COLLEGE,≤100
108788187379096,Elliott Engen For State Representative,Campaign Committee of Elliott Engen,≤100
109163774168403,Todd Pisarski - Ward 6,Todd Gregory Pisarski,≤100
140357056032320,NEA Today,National Education Association,≤100
207549645977714,Families Belong Together,Families Belong Together,≤100
13063797831,Ben Ray Luján,PEOPLE FOR BEN,≤100
8524198486,Physicians Committee for Responsible Medicine,"PHYSICIANS COMMITTEE FOR RESPONSIBLE MEDICINE, INC.",≤100
21647204289,Michigan Education Association,Michigan Education Association,≤100
107953199261156,ifaw,"INTERNATIONAL FUND FOR ANIMAL WELFARE, INC.",≤100
221401431386940,Pramila Jayapal,PRAMILA FOR CONGRESS,≤100
113580583721257,Grant Hauschild for Hermantown City Council,Grant Hauschild for Hermantown,≤100
717417908274761,Lady Freethinker,Lady Freethinker,≤100
303167829786891,Ed Markey,THE MARKEY COMMITTEE,≤100
121626482110,Operation Smile,"OPERATION SMILE, INC.",≤100
7357041101,Tammy Baldwin,TAMMY BALDWIN FOR SENATE,≤100
101331784823473,USA Custom Gifts,These ads ran without a disclaimer,≤100
74508408221,Dr. Joanne Bagshaw,"Joanne Bagshaw, PhD, LCPC",≤100
223008867858902,American Action News,American Action News,≤100
1627212824167934,Men4Choice,Men4Choice,≤100
384557995468219,Viral Casez,Viral Casez,≤100
131306317680000,Social Goods,"Social Goods, LLC",≤100
344690446467832,The Copper Courier,Courier Newsroom,≤100
551158678560402,Epimonia,Epimonia LLC,≤100
1852520761657982,4ocean,4ocean,≤100
108852734196455,Vote Marquita Stephens,Campaign Funds for Marquita Stephens,≤100
6165653060,AFSCME,AMERICAN FEDERATION OF STATE COUNTY & MUNICIPAL EMPLOYEES,≤100
105410567897348,Adopt an Officer,These ads ran without a disclaimer,≤100
129523843754764,Vote Smart,PROJECT VOTE SMART,≤100
100380798025659,Kaehler for MN Senate,Kaehler for MN Senate,≤100
109765724056537,Sean for Richfield City Council,Sean for Richfield,≤100
1099478666810053,Meals For Pets,Meals for Pets,≤100
101690998009007,Improving Life Through Health,Nicolette Dalan,≤100
8321461609,MomsRising.org,MomsRising Together,≤100
106244251043808,Reuse Plastics,"AMERICAN CHEMISTRY COUNCIL, INC.",≤100
2049170775107862,Resistance By Design,Resistance By Design,≤100
291102898490822,Giant Maga Hat,Inventors club LLC,≤100
257506964275959,Tabke for MN,Tabke for MN,≤100
183517831660100,Morning Consult,Morning Consult LLC,≤100
73528878871,Center for Reproductive Rights,Center for Reproductive Rights,≤100
113625577048833,Annette Maggi for IGH City Council,annette4igh,≤100
2146201085498440,Tony Gonzales,Tony Gonzales for Congress,≤100
110769717201389,Justin Eichorn for Senate,Eichorn for MN Senate Campaign Committee,≤100
249746208558923,"Jorge Prince for Mayor - Dream Big, Bemidji",Committee to Elect Jorge Prince Mayor,≤100
408239775866528,JohnPetersburgforMNHouse,Petersburg Campaign Committee,≤100
130945114804,World Jewish Congress,WORLD JEWISH CONGRESS AMERICAN SECTION INC,≤100
175797376373,"WaterFurnace Geothermal Heating, Cooling & Hot Water","WATERFURNACE INTERNATIONAL, INC.",≤100
1204754733024419,People's Power Grab,ACRONYM,≤100
29776517202,Second Harvest Heartland,SECOND HARVEST HEARTLAND,≤100
34661411150,AIDS Healthcare Foundation,AIDS HEALTHCARE FOUNDATION,≤100
105536127617594,The American Digest,The American Digest,≤100
2255846891314996,Corn Refiners Association,"corn refiners association, inc",≤100
59877921429,Lutheran Immigration and Refugee Service,"LUTHERAN IMMIGRATION AND REFUGEE SERVICE, INC.",≤100
830890360316751,Nick Hanauer,Civic Action,≤100
153278754738777,Climate Reality,The Climate Reality Project,≤100
166738743732702,All Above All Action,All Above All Action Fund,≤100
396932197039819,SafeSleeve,"SafeSleeve, LLC",≤100
1640970822834351,Plaine Products,Plaine Products,≤100
17203056985,Partners In Health,Partners In Health,≤100
1742273292690159,Andrew Carlson for State Representative,Andrew Carlson for State Representative,≤100
10498053716,Media Research Center,MEDIA RESEARCH CENTER,≤100
109778477239995,"Stephen Berk for Mayor - Blaine, Minnesota",Stephen John Berk,≤100
971668776283950,PolicyEd,Hoover Institution,≤100
109788797242679,The Patriot Circle,Kin Ngai Yeung,≤100
92730524910,AdventHealth,AdventHealth,≤100
141692255929599,Democratic Socialists of America,DEMOCRATIC SOCIALISTS OF AMERICA INC,≤100
422202764649078,Rhode Island Department of Education - RIDE,Rhode Island Department of Education,≤100
7219151423,The Fund for American Studies (TFAS),The Fund for American Studies,≤100
175071456031572,Asian American Organizing Project,Asian American Organizing Project (AAOP),≤100
115757826468774,Statsigo,Statsigo,≤100
112735922758892,Charlie Kirk,Charlie Kirk,≤100
186932688457686,CHNGE,CHNGE,≤100
202286639832171,Dr. Robert Jeffress,FIRST BAPTIST CHURCH DALLAS,≤100
151398941597414,Maguire for House,Maguire for House,≤100
111155977283079,My Medication Rights,Pharmaceutical Printed Literature Association,≤100
194115677277113,A21,A21 with Facebook Ad Credits,≤100
1137391619658659,County Commissioner Victoria Reinhardt,Reinhardt Volunteer Committee,≤100
356482637745012,Stansberry Research,Stansberry Research,≤100
588760197905663,Advanced Tactical Solutions LLC,Bradley Roger Johnson,≤100
61265398450,AmeriCorps NCCC,Corporation for National and Community Service,≤100
105231434548909,Scott Sherman for Mayor,Committee to Elect Scott Sherman,≤100
313097997669,StreetLightUSA,StreetLightUSA,≤100
394817334402124,2020 Trump Bill,Innovative Ecomm LLC,≤100
231518367314146,Kim Olson for Congress,KIMFORCONGRESS,≤100
101724361319410,Ronny Jackson for U.S. Congress TX-13,Texans for Ronny Jackson,≤100
102756811269921,Fellow Americans,Fellow Americans,≤100
1679521432262834,Physicians Grassroots Network,American Medical Association,≤100
96171427550,Raja for Congress,FRIENDS OF RAJA FOR CONGRESS,≤100
1413682351987764,Andy Kim for Congress,Andy Kim for Congress,≤100
151040535104241,Phillip C Parrish for Minnesota,Phillip Parrish,≤100
374848446414965,Pollking,Benjamin Aaron Perlman,≤100
112164673854264,Living Patriotically,Living Patriotically,≤100
58158120046,ACLJ,American Center for Law and Justice,≤100
102659421320465,Michael Sukalski for MN House 23A,Campaign Fund of Michael J Sukalski,≤100
911828698840246,ReLEntless Defender Apparel,ReLEntless Defender Apparel,≤100
102110384688071,Elect Antonio Nerios for MN State Rep Dist 43B,Antonio Nerios,≤100
109259090549237,Yes on National Popular Vote,Yes on National Popular Vote,≤100
69983322463,Ted Cruz,TED CRUZ FOR SENATE,≤100
399067003454888,Sudan Relief Fund,Sudan Relief Fund Inc,≤100
114386721939978,The Made in America Store,Made In America Store,≤100
360424321432255,Doha Debates,Doha Debates,≤100
1632133670357384,"Vote Scott D Johnson, Dakota County Commissioner 2020",Vote Scott D. Johnson,≤100
613463062021927,Rob Farnsworth for State Representative,Rob Farnsworth for State Representative,≤100
706716899745696,Women for Trump,"DONALD J. TRUMP FOR PRESIDENT, INC.",≤100
1338822066131069,Women's March,Women's March,≤100
6713653788,Gary Peters,PETERS FOR MICHIGAN,≤100
751679868274074,Hope for Students,THE EXPECTATIONS PROJECT INC,≤100
288110884600563,Lean In,"Sheryl Sandberg & Dave Goldberg Family Foundation d/b/a LeanIn.Org, LLC",≤100
345378512258813,Elise Stefanik,ELISE FOR CONGRESS,≤100
51405613519,Focus on the Family,Focus on the Family,≤100
105577974544303,The USA Needs More Patriots,AmeriPolling,≤100
104178704279594,Main St. First,Resource Media,≤100
109784800371914,Protect Kids: Fight Flavored E-Cigarettes,TOBACCO-FREE KIDS ACTION FUND,≤100
1613516851999536,Sunrise Movement,Sunrise,≤100
2165983337048601,LeverforChange,Lever for Change,≤100
90498769709,Edenpure,EdenPURE®,≤100
104652967947264,Spencer Igo for Minnesota House,Spencer Igo Campaign Committee,≤100
7292655492,MoveOn,MOVEON.ORG CIVIC ACTION,≤100
106097001137943,John K Murphy,John Kennedy Murphy,≤100
91223411833,Medical Teams International,Medical Teams International,≤100
114475890010131,Piggy Dollar Financial,Tyler Wayne Hedland,≤100
111702860231554,Matt Lieberman,Matt Lieberman for Senate,≤100
260032334350936,Mike Supina for Eagan City Council,Supina4Eagan Committee,≤100
117641114435,First Aid Beauty,First Aid Beauty,≤100
108512875350,The Atlas Society,The Atlas Society,≤100
101237551589520,Tactical Patriot,Tyler Austin Middaugh,≤100
1050474972008396,Bryan Berghoef for Congress,BRYAN BERGHOEF FOR CONGRESS,≤100
308212259827797,Rep. Abby Finkenauer,Rep. Abby Finkenauer,≤100
1205124206245013,Movement for a People's Party,People for a Working Democracy,≤100
300774350436838,topplr,Data Genomix,≤100
419992651425033,Guardianes del Pueblo-Consumer Law Group,Consumer Law Group,≤100
1667892193505378,Hold the House,HOLD THE HOUSE PAC,≤100
174046949421616,Phenomenal Woman Action Campaign,Phenomenal Woman Action Campaign,≤100
100119981671668,Blue Senate,BLUE SENATE PAC,≤100
601108943431836,The Flip Side,TFS Inc,≤100
105283560949571,Trump 2024 Film,2024 LLC,≤100
30708742052,FCTRY,FCTRY,≤100
100275211709683,"Audrey Thayer for Bemidji City Council, Ward 1",Audrey Thayer for Bemidji City Council,≤100
582293558518300,Abby Broyles,ABBY BROYLES FOR US SENATE,≤100
101181794707874,United Research Group,United Research Group,≤100
1747132688647028,Democratic Association of Secretaries of State,Democratic Association of Secretaries of State,≤100
1733918116873254,BackWoods Mafia,Landon David Turner,≤100
1545826148838592,Trump 2020,Gregory Lawrence Burright,≤100
104093784662066,Brad Kovach for State Representative,Brad Kovach Committee to Elect for House,≤100
100722328329613,Every Single Vote,Every Single Vote,≤100
292351509697,Jerusalem Prayer Team,Jerusalem Prayer Team,≤100
1993714917617167,Right Now MN,Right Now MN,≤100
1695950424027488,Andy Hallinan,Andrew Lawrence Hallinan,≤100
107227900663267,Laurie For Travis County,Laurie Eiserloh Campaign,≤100
463095630924391,US Business Funding,Credox,≤100
173470656019870,The Daily Yonder,Great Stories LLC,≤100
117058854998779,The Gideons International,"GIDEONS INTERNATIONAL, THE",≤100
105222917615301,Jen Richardson for Congress,CITIZENS FOR JEN RICHARDSON,≤100
159597424207730,David Perdue,PERDUE FOR SENATE,≤100
181924628560212,SumOfUs,SumOfUs,≤100
1628679613829742,Josh Hicks,Josh Hicks for Congress,≤100
83865976093,Truthout,TRUTHOUT,≤100
108152933883451,TrumpTrendz,Troy Lorenzo Davis,≤100
111772843789224,HURD PAC,HAVING UNWAVERING RESOLVE AND DETERMINATION PAC,≤100
54787697857,Ron Wyden,WYDEN FOR SENATE,≤100
1393911800825140,OZY,OZY Media Inc,≤100
124626320898336,Catholic Extension,"CATHOLIC CHURCH EXTENSION SOCIETY OF THE UNITED STATES OF AMERICA, THE",≤100
290851614930809,Combat AntiSemitism,Combat Anti-Semitism,≤100
169277310432049,"Texas Precision Optics, Inc.",Texas Precision Optics Inc,≤100
313779779310461,Diabetic Sock Club,Samantha Rees Ledford,≤100
111970730196550,World War Zero,AMERICAN SECURITY PROJECT,≤100
628891490457484,Nancy Mace,Nancy Mace for Congress,≤100
198875903295,Trek Bicycle,TREK BICYCLE CORPORATION,≤100
1813012495602677,HALO in Nagorno Karabakh,"HALO TRUST (USA), INC. (THE)",≤100
420424547981908,In Search of Liberty,Scott Dennis Welch,≤100
205395906412,UAW International Union,"INTERNATIONAL UNION, UNITED AUTOMOBILE, AEROSPACE AND AGRICULTURAL IMPLEMENT WORKERS OF AM",≤100
2011677365822396,Ground News,Snapwise Inc.,≤100
107277781003486,Bobbie Osterberg 2020,Roberta Kay Osterberg,≤100
7735858972,Humane Society Legislative Fund,Humane Society Legislative Fund,≤100
1422044311357928,Minnesota Young Republicans,Minnesota Young Republicans,≤100
108620667163768,For Our Future,Resource Media,≤100
408250066356,Bill O'Reilly,"Bill Me, Inc.",≤100
106323360959211,Patriots Republic,Matthew James Stine,≤100
131217580266597,National Council on Aging,"NATIONAL COUNCIL ON AGING, INC.",≤100
1636216106590985,Josh Hawley,JOSH HAWLEY FOR SENATE,≤100
123624513983,The Western Journal,The Western Journal,≤100
329892087389909,Deuel Harvest Wind Farm,Invenergy,≤100
103531607822207,Noticias para Inmigrantes,"Wise Rock Media, PBC",≤100
2040270322863853,Tina Smith,TINA SMITH FOR MINNESOTA,≤100
142288373333,HIMSS,HIMSS,≤100
788394134539871,USPS Business,United States Postal Service,≤100
100176221392665,Brad Aho for Hennepin Commissioner,Brad Aho Volunteer Committee,≤100
154048624614002,Anytime Fitness of Chaska,Cynthia Lynn Wagner,≤100
210277954204,The Young Turks,"The Young Turks, Inc.",≤100
115364585711,Lawyers' Committee for Civil Rights Under Law,Lawyers' Committee for Civil Rights Under the Law with Facebook Ad Credits,≤100
13885075114,Action Against Hunger USA,ACTION AGAINST HUNGER - USA,≤100
104504438466,Federal Voting Assistance Program - FVAP,Federal Voting Assistance Program,≤100
1789651861157958,Values To Action,Values to Action,≤100
53727956260,Republican Jewish Coalition,Republican Jewish Coalition,≤100
328072970642479,Jaime Harrison,JAIME HARRISON FOR US SENATE,≤100
1439364926329185,Animal Matters,Animal Matters,≤100
101442908124605,Liberty Surveys,Liberty Surveys,≤100
21395843375,Dialysis Patient Citizens,DIALYSIS PATIENT CITIZENS INC,≤100
103801844298982,Team Collins,COLLINS FOR SENATOR,≤100
19420215926,CNSNews.com,MEDIA RESEARCH CENTER,≤100
176466646087311,DC Fawcett,Donald Chappell Fawcett,≤100
12683623041,Society for Human Resource Management (SHRM),SOCIETY FOR HUMAN RESOURCE MANAGEMENT,≤100
265045056894488,Mark Meckler,Convention of States Action,≤100
158734417875178,RC Thomas Company,RC Thomas,≤100
106487520883333,Cardinal & Pine,Courier Newsroom,≤100
911845658833043,I Am An Immigrant,FWD.us Education Fund,≤100
1099779163410386,John Barrasso,Friends of John Barrasso,≤100
1947525322184514,One Fair Wage,One Fair Wage,≤100
105872574403318,Project TAMMI,a research grant at The National Center on Addiction and Substance Abuse (CASA),≤100
9316648525,The Chicago School of Professional Psychology,TCS Education System,≤100
1591046021192703,Planet Fitness,These ads ran without a disclaimer,≤100
160630887998827,Let Them Live,Let Them Live,≤100
17432811417,Working Families Party,Working Families Party,≤100
107439427661844,Accountable Tech,Accountable Tech,≤100
21492729544,Catholic Relief Services,CATHOLIC RELIEF SERVICES - UNITED STATES CONFERENCE OF CATHOLIC BISHOPS,≤100
172298889630363,Republican Attorneys General Association,REPUBLICAN ATTORNEYS GENERAL ASSOCIATION,≤100
1443127535947107,Save the Children Action Network,Save the Children Action Network,≤100
166087830076297,WebPT,WebPT,≤100
680549575421741,UnitedVoice.com,"Beachside Media, Inc.",≤100
180230069923,American Life League,American Life League,≤100
1438882392887793,ADF Church Alliance,Alliance Defending Freedom,≤100
104881317722736,Get-It-Out,Matthew Justin Viles,≤100
48530203934,The American Alpine Club,"AMERICAN ALPINE CLUB, THE",≤100
38882699096,Polaris,POLARIS PROJECT,≤100
106954147689215,Just the Truth,JUST THE TRUTH POLITICAL ACTION COMMITTEE,≤100
111480020618941,Big Bad Uncle Sam LLC,Collin Christian Johnson,≤100
107682373929182,Link For Senate,Link For Senate,≤100
105060269781,Premiere Collectibles,"Premiere Marketing, Inc.",≤100
1003562459729504,Transportation Nation Network,Transportation Nation Network,≤100
113313830408238,Drain The Swamp Collection,Drain The Swamp Collection,≤100
100791528160227,Proud to Love,Kelly Ann Ausiello,≤100
234738100558334,Unidoni Great Gifts for Your Family,Tien Huynh,≤100
872842866161157,One Nation Design,One Nation Design,≤100
211049239087028,Association of Young Americans,Benjamin J Brown,≤100
444843026057642,Born From A Wave,Born From A Wave LLC,≤100
34701792581,EWTN,Eternal Word Television Network,≤100
324119001078997,"Sanford Heisler Sharp, LLP","Sanford Heisler Sharp, LLP",≤100
93565224474,Mercy For Animals,MERCY FOR ANIMALS,≤100
7100914121,American Experience | PBS,WGBH EDUCATIONAL FOUNDATION,≤100
100401327980848,National Parents Union,National Parents Union,≤100
1397799040234106,OpinionUP,OpinionUP LLC,≤100
105561217523274,The_Dispatch,"Dispatch Media, Inc.",≤100
139398939438430,Left Action,Left Action LLC,≤100
1784991421516214,Seek Refuge,Seek Refuge,≤100
346937065399354,Occupy Democrats,Omar Rivero,≤100
115773513509388,Kristy Janigo For Maple Grove City Council,Kristy Janigo for Maple Grove City Council,≤100
103322426424621,Jonathan Karl,Jonathan David Karl,≤100
819942484773775,Tax Sale Blueprint,Bob Diamond,≤100
107654244332660,Back BLM,Back BLM,≤100
99753625313,Jewish Currents,Jewish Currents,≤100
103131054573692,Crawfordology,Crawfordology,≤100
393330191303459,YouGov Signal,YouGov US,≤100
268311603350722,The American Independent,The American Independent,≤100
622644971176455,Pravda Media,Jacob Fredrick Pointon,≤100
111237577031486,AquiPor Technologies,William Powers,≤100
7642602143,Mother Jones,FOUNDATION FOR NATIONAL PROGRESS,≤100
780606555331010,American Student Loan Advocate,ASLR Marketing,≤100
113330620093147,Sunny for Congress,Suneetha Chaparala,≤100
1050320055029012,Outrider Foundation,OUTRIDER FOUNDATION,≤100
1819071874873907,Steve Sandell,Steve Sandell for the Minnesota House Campaign Committee,≤100
103617578071596,Anti-racism campaign,Jason Charles King,≤100
106114264313679,Hunt The Vote,"Hunter Nation, Inc.",≤100
167473433290992,Inequality.org,Institute for Policy Studies,≤100
79125112926,Students for Life of America,"STUDENTS FOR LIFE OF AMERICA, INC.",≤100
181183059253295,Dorsal Bracelets,Dorsal Bracelets,≤100
108503659576,National Coalition for Public School Options,National Coalition for Public School Options,≤100
102389457864860,Treehuggers Bracelets,ECOMX LLC,≤100
313788135730191,Sioux Falls Scientists,Dale Richmond Hemming,≤100
1658135304460341,MANG,MANG,≤100
291260461373618,News and News,News and News,≤100
2014519985445047,Clean Jobs Midwest,Resource Media,≤100
8936818385,Accuracy in Media,"ACCURACY IN MEDIA, INC",≤100
2229523293969166,Perkins For MN1,Reed Perkins,≤100
260713150211,Protect Our Winters,Protect Our Winters,≤100
97466887664,Innocence Project,"INNOCENCE PROJECT, INC., THE",≤100
541807025833154,Malala Fund,Malala Fund,≤100
1156676274461345,Mikie Sherrill,MIKIE SHERRILL FOR CONGRESS,≤100
942067839280404,Sioux Falls Feminists,Dale Richmond Hemming,≤100
105060677844787,Bill Savings,Bill Savings,≤100
102797464600754,Jessi Ebben,EBBEN FOR WISCONSIN,≤100
219242560293,Meals on Wheels America,Meals on Wheels,≤100
520951651666979,Christopher Smith,Christopher Smith for City Council,≤100
156994304362574,American Bridge 21st Century,AB PAC,≤100
275908853303174,Pro-Israel America,Pro-Israel America United,≤100
357275101142388,Everglades-Trust,"EVERGLADES TRUST INC, THE",≤100
18813753280,Human Rights Campaign,Human Rights Campaign Foundation,≤100
299683200371553,Rob Ecklund-DFL MN State Representative 3A,Committee to re-elect Rob Ecklund,≤100
105505194202387,Esther Agbaje for State Representative,Esther Agbaje for State Representative,≤100
1612726335627171,We the Internet TV,We the Internet TV,≤100
105474831199070,Stop GOP Gerrymandering,National Democratic Redistricting Committee,≤100
110440390375032,"Lindsay Lyons, Educational Consulting",Lindsay Beth Lyons,≤100
101391906600,Live Action News,Live Action News,≤100
6334782252,Oceana,OCEANA,≤100
232201568659,Pacific Justice Institute,PACIFIC JUSTICE INSTITUTE,≤100
128213101272117,Sioux Falls Atheists,Dale Richmond Hemming,≤100
737686089933715,Conservative Collections,Mainline Media Group,≤100
103929304678916,Voter Action Project,Integrity First Voter Action Project,≤100
6333396177,NewsBusters.org,MEDIA RESEARCH CENTER,≤100
112084806900129,Deck,"Deck Technologies, Inc.",≤100
546066468753446,Black Health Matters,BLACK HEALTH MATTERS FOUNDATION INC,≤100
262138411622,Faces of Lawsuit Abuse,US Chamber Institute for Legal Reform,≤100
101127364972509,Dems For USA,Dems For USA,≤100
331962060734197,Sioux Falls Free Thinkers,Dale Richmond Hemming,≤100
1389807071117013,Lynn Afendoulis,Lynn Afendoulis for Congress,≤100
24470472733,The Trevor Project,The Trevor Project,≤100
1745418332339003,Aspire Gear,Aspire Gear,≤100
317667194946264,Ro Khanna,RO FOR CONGRESS INC,≤100
107665644228467,Conservative Journal Review,Conservative Journal Review LLC,≤100
19972147679,SEIU,SEIU,≤100
1948481575381998,Shelly Christensen for House,Shelly Christensen For House,≤100
1528498354074301,Punching Bag Media - Conservative News,Sean Michael Probber,≤100
243399129090445,Christina Hale,HOOSIERS FOR HALE,≤100
173032699386730,The Penny Hoarder,Kyle Bradley Taylor,≤100
566008736785269,Be Heard Project,Be Heard Project,≤100
1113423372074840,Willmar Area Women's Fund,Willmar Area Women's Fund,≤100
114971076538782,The Keystone,Courier Newsroom,≤100
378084314984,Trane Technologies,These ads ran without a disclaimer,≤100
186805048171120,U.S. & Texas LawShield,Texas LawShield,≤100
1682876188698809,United for Respect,United for Respect,≤100
241869749851122,Parents Against Vaping e-cigs,Steven Koester,≤100
1370474066365196,F1RST WARRIOR,First Warrior,≤100
1449461518652183,4Patriots,4Patriots LLC,≤100
2017884721848472,Bokeki,Kimbereley Iris Goldstein,≤100
102748367972912,Ernest Joseph Oppegaard-Peltier,Ernest Joseph Oppegaard-Peltier III,≤100
111402350262155,Dan Kessler for Minnesota House,Dan Kessler for Minnesota House,≤100
26006662641,Arizona Democratic Party,Arizona Democratic Party,≤100
341240953385902,Force Of Nature Meats,Force of Nature,≤100
110316697328742,People of Seniors Housing,People of Seniors Housing,≤100
785936231584382,Paula Jean Swearengin,Paula Jean for West Virginia,≤100
105953890782784,The Factual,The Factual,≤100
100184714677097,Election Year Knockout,Exceptionull Games,≤100
2150424768307500,Houseboat Kings,Houseboat Kings,≤100
243362776583569,Air Mail,Air Mail,≤100
278487153675,Redneck Nation Clothing,Tracie Milliron Gold,≤100
987698164585861,Citizen Ed,Citizen Education,≤100
169204449790211,Conservative News Today,"BizPac Review, Inc.",≤100
246846192720018,War On Our Future,The Years Project,≤100
79820371749,Ayanna Pressley,THE COMMITTEE TO ELECT AYANNA PRESSLEY,≤100
2301973173158406,Blerd,Blerd LLC,≤100
763491940427547,Roque  "Rocky"  De La Fuente,Rocky 101 LLC,≤100
110670127380554,Concealed USA,Priscilla Bethany Kennedy,≤100
19463427992,Darrell Issa,DARRELL ISSA FOR CONGRESS,≤100
283925872728,Stand for Children Arizona,Stand for Children Arizona IEC,≤100
107710407294058,Oz for Congress,OZ FOR CONGRESS,≤100
312657362217994,Women's Heart Alliance,Women's Heart Alliance,≤100
128591300513012,Senator Eddie Lucio,Senator Eddie Lucio Campaign,≤100
140877979844,American Gas Association,AMERICAN GAS ASSOCIATION,≤100
1634651343331439,Project Wren,Landon Brand,≤100
102303321149005,Accountable For Equality,Accountable for Equality,≤100
101352851565699,Somos PAC,SOMOS PAC,≤100
1869687273277265,Run for Something,Run For Something PAC,≤100
243947752771440,TJ Cox for Congress,TJ COX FOR CONGRESS,≤100
102175879855284,Harper Perennial,HARPERCOLLINS PUBLISHERS L.L.C.,≤100
111627110609341,Donald Trump 2020 Coin,JAGUARPOWERSPORTS,≤100
112790982086129,Alp N Rock,These ads ran without a disclaimer,≤100
103877744493195,Briit Botanicals,Briit Botanicals,≤100
8145161702,Lambda Legal,"LAMBDA LEGAL DEFENSE & EDUCATION FUND, INC.",≤100
100580921557876,Doria Drost for House District 16A,Doria Kendra Drost,≤100
195620754724,Helping Hand USA,HELPING HAND FOR RELIEF AND DEVELOPMENT INC.,≤100
8895898655,Rainforest Alliance,"RAINFOREST ALLIANCE, INC.",≤100
294196590710262,FWD.us,FWD.us,≤100
38897314734,The Trust for Public Land,"TRUST FOR PUBLIC LAND, THE",≤100
102499901286348,Bold Vision P.C.,Bold Vision PC,≤100
274621185936393,Friends of Pool 2,Friends of Pool 2,≤100
64206021703,National Committee to Preserve Social Security and Medicare,NATIONAL COMMITTE TO PRESERVE SOCIAL SECURITY AND MEDICARE,≤100
180207826090799,Tiffany D. Cross,HARPERCOLLINS PUBLISHERS L.L.C.,≤100
111519783926133,The Andy Griffith Store,These ads ran without a disclaimer,≤100
279256605891946,CalmEffect,"Balance Marketing Group, LLC",≤100
1800072483402009,African Community & Conservation Foundation,African Community & Conservation Foundation,≤100
111947013529488,Mosher2020,Mosher for Pima County Attorney,≤100
100421958357393,PodTv Network,PodTv Network,≤100
276131699084792,YWAM Los Angeles,YWAM Los Angeles,≤100
39910576365,National Alliance for Public Charter Schools,NATIONAL ALLIANCE FOR PUBLIC CHARTER SCHOOLS,≤100
341513602902369,CALL TO ACTIVISM,CALL TO ACTIVISM,≤100
460844281074800,Tiny Trump,Eric D Corriel,≤100
120752178235,Sandra Masin,Masin Campaign Committee,≤100
241247646424302,Jahana Hayes,FRIENDS OF JAHANA HAYES,≤100
8002590959,Rainforest Action Network,RAINFOREST ACTION NETWORK,≤100
113961550362484,The Radical Balance,The Radical Balance,≤100
103191431299152,Samba for State Assembly,Samba for state assembly,≤100
87777747127,Greg Palast,Palast Investigative Fund,≤100
117468878295521,American-Arab Anti-Discrimination Committee (ADC),Roy Abdo,≤100
61878332769,ICNA Relief,ICNA RELIEF USA PROGRAMS,≤100
693338200702307,Michelle Ugenti-Rita,Ugenti-Rita for Senate,≤100
123651254408327,Sokolove Law,"Sokolove Law, LLC",≤100
100495851502173,House of Bust,These ads ran without a disclaimer,≤100
543066585882629,Libertarian Country,Libertarian Country,≤100
101359811498192,Cost of Chaos,Priorities USA Action. 202-455-8428. Not authorized by any candidate or candidate's committee.,≤100
672213539861652,John Anthony Castro,John Anthony Castro,≤100
1325716960937205,Mate in Four,mateinfour.com,≤100
525171637666780,Sandy Piña California Delegate,RCR,≤100
102580641488276,Standagainstdarkblue,Stand Against Dark Blue,≤100
117774736298637,Reidhead For Congress,REIDHEAD FOR CONGRESS,≤100
105287044367027,ObsessedwithTrump,Donald Lee Rowan,≤100
106021271010934,Kristine Breithaupt for OPDEC District B,Kristine Breithaupt for OPDEC District B,≤100
130268756992804,Yale Climate Connections,Yale Climate Connections,≤100
678900828863555,IfNotNow,If Not Now Movement,≤100
147497942385,To the Contrary on PBS,Persephone Productions,≤100
49059279814,Institute for Justice,INSTITUTE FOR JUSTICE,≤100
102673738084465,Illuxus,Illuxus,≤100
44705166993,Vote.org,Vote.Org,≤100
143021112391265,Jacobin magazine,Jacobin Foundation,≤100
108999884127251,McDavid Media,McDavid Media,≤100
249813266826,Environment North Carolina,"Environment America Research and Policy Center, Inc.",≤100
158375124184881,"Indiana Black Expo, Inc.",INDIANA BLACK EXPO INC,≤100
114994916573293,CareForAllChildren,CareForAllChildren,≤100
317510461992641,Dana Balter,FRIENDS OF DANA BALTER,≤100
698400060189827,Dan Sullivan,Alaskans for Sullivan,≤100
469609533112889,iDisciple,iDisciple,≤100
104952231285892,Marc Falzon,Marc A Falzon,≤100
361224947290747,Together for Girls,"TOGETHER FOR GIRLS, INC.",≤100
751823818285038,Badgers United,Badgers United,≤100
129602743740560,Illinois Family Action,ILLINOIS FAMILY ACTION NFP,≤100
150681061641282,Tri-State G&T,Tri-State Generation Transmission Association Inc,≤100
313723095478950,The Daily Citizen,Focus on the Family,≤100
167818016571872,Ann & Robert H. Lurie Children's Hospital of Chicago,Ann & Robert H. Lurie Children's Hospital of Chicago,≤100
101208514791301,Daniel Turner,Power The Future Inc,≤100
357844454633380,Dan Whitfield for Senate 2020,DANWHITCONGRESS,≤100
107937014153581,Energized Health,John Jubilee Transformation LLC DBA Energized Health,≤100
113553048669158,Rick Scott,TEAM RICK SCOTT,≤100
28446275521,Military Officers Association of America (MOAA),Military Officers Association of America,≤100
118178241651488,DSPolitical,"DSPolitical, LLC",≤100
20715882266,Wisconsin Right to Life,Wisconsin Right to Life,≤100
366351973736242,Red Rock Secured,Red Rock Secured,≤100
102389731274006,Shield Republic Charities,Shield Republic,≤100
103376804451432,Trending Politics,Making Web LLC,≤100
79801326619,Beau Ties Ltd. of Vermont,Beau Ties of Vermont,≤100
329272720965256,GALvanize USA,GALvanize USA,≤100
164472026916984,Masbia Soup Kitchen Network,MASBIA,≤100
107199049318619,Friends of Derek Kilmer,PEOPLE FOR DEREK KILMER,≤100
472758906150050,The Freedomist,William R Collier,≤100
573084822773932,Joe Perkins for Circuit Judge Campaign Committee,Joe Perkins for Circuit Judge Campaign Committee,≤100
107038924352529,Big Money Mark Kelly,NRSC,≤100
1653251174924652,Fuzzu,Fuzzu,≤100
138496993454478,Man Made Survival,Christopher None Prado Herrera,≤100
105010030848236,Bryant Cameron Webb,DR. CAMERON WEBB FOR CONGRESS,≤100
162493793737,Rick Green,Richard Arlin Green,≤100
105610970947657,MY 2A GEAR,Leon Mckensizy Dunn,≤100
106003594486756,Standing Up Together,Annie Wang,≤100
102890334808252,Bald Eagle Designs,political printing,≤100
15351475322,Cathy McMorris Rodgers,Cathy McMorris Rodgers for Congress,≤100
1425435377743310,Conversations with Bill Kristol,The Foundation for Constitutional Government,≤100
372502446527928,Child Impact International,Child Impact International,≤100
1452551204988299,GoReact,Speakworks Inc,≤100
418117024891736,Admiral Row,These ads ran without a disclaimer,≤100
1553978148244954,Build With Strength,Build With Strength,≤100
2223151871134889,Trump45Merch,Thomas Charles Granack,≤100
514167322309353,Dan Crenshaw,Crenshaw For Congress,≤100
1653885501501009,Propeller,Propeller Enterprises,≤100
29770886815,Marijuana Policy Project,Marijuana Policy Project,≤100
103653994359958,Harvard Forward,The Boarding School,≤100
182079698493370,Portside,Portside,≤100
546497545399440,ASEC - African Sisters Education Collaborative,African Sisters Education Collaborative (ASEC),≤100
1023698444330392,The Tylt,The Tylt,≤100
28510612138,Uncommon Knowledge,Hoover Institution,≤100
103018551321896,HKAZ Bookstore,HKAZBOOKSTORE,≤100
100206548350997,Disinfect America 2020,Disinfect America 2020,≤100
109823334046268,GoodNovel1,These ads ran without a disclaimer,≤100
284946111858895,Debbie Mucarsel-Powell,DEBBIE FOR CONGRESS,≤100
21455818797,Feed the Children,"FEED THE CHILDREN, INC.",≤100
102512224765633,PeeLitical Trump Target,Pee-Litical Targets,≤100
103409464590028,Citizens for Dan Griffin,Citizens for Dan Griffin,≤100
1377749459221033,MO Electric Co-ops,MO Electric Co-ops,≤100
96159580682,Maine Democratic Party,MAINE DEMOCRATIC PARTY,≤100
114041936953264,Lets Connect Everyone,Kyle Adam Ray,≤100
809045919469761,Wallace Global Fund,Kindred Case Motes,≤100
102413723172970,Nick Adams,Nick Adams,≤100
227535924071462,Animal Petitions,AnimalPetitions.org,≤100
262536810935097,Housing Is A Human Right,AIDS HEALTHCARE FOUNDATION,≤100
254943996005,Catholic Answers,"CATHOLIC ANSWERS, INC.",≤100
9208539755,Demi Lovato,These ads ran without a disclaimer,≤100
107752877388988,Al Lemmo to Congress,Lemmo to Congress,≤100
100968598130407,Tax Support Center,Mercedes Lease,≤100
100535808394168,Patriots For Freedom,I Love My Freedom,≤100
74783093812,Just Vision,JUST VISION INC,≤100
109866370700481,PushBlack Finance,PushBlack,≤100
587676831343390,Raheem AI,RAHEEM AI,≤100
171628432128,Clark County Education Association,Clark County Education Association,≤100
34521916336,Brent Bozell,MEDIA RESEARCH CENTER,≤100
104038541334426,BailoutWatch,Elisabeth Marie Soto,≤100
135002490472474,Conor Lamb,CONOR LAMB FOR CONGRESS,≤100
102860661680,Quetico Superior Wilderness News,Quetico Superior Foundation,≤100
1755810367986271,Eurasia Group Foundation,Eurasia Group Foundation,≤100
145022042990911,MEK Iran,MEK-Iran (Saeid Saadati),≤100
2123425971065747,Sora Schools,Indra Putra Sofian,≤100
89324781720,Pat Toomey,Friends of Pat Toomey,≤100
56780242206,Agros International,Sierra Hana Golden,≤100
1914537155242810,Life: Powered,Texas Public Policy Foundation,≤100
105698674239617,Embed News,Embed News,≤100
26668999076,The Cato Institute,"CATO INSTITUTE, INC.",≤100
723136714746586,The Common Ground Project,"The Common Ground Project, Inc",≤100
1497851363851721,QLMS,Quicken Loans Mortgage Services,≤100
107754560609465,Ramón For Milwaukee County Register of Deeds,Friends of Israel Ramón,≤100
242679302418244,Denison Forum,Denison Ministries,≤100
125161609108,Charlie Stadtlander,Charles Randall Stadtlander,≤100
312066286397519,Manning Asylum Law,Manning Asylum Law,≤100
339432396135584,The Exodus Road,EXODUS ROAD INC,≤100
104615287614557,Nafisa Fai for Washington County,Friends of Nafisa Fai,≤100
1811405699080331,Recovery Advocacy Project,Recovery Advocacy Project,≤100
32802178807,Homes For Our Troops,Homes For Our Troops,≤100
112475783730246,Defeat Disinfo,DEFEAT DISINFO PAC,≤100
18017481462,Acton Institute,Acton Institute,≤100
325578590837480,Obamacare,Sixteen Thirty Fund,≤100
804568342964376,2nd Amendment Rights,One Nation Design,≤100
25121889784,Texas Public Policy Foundation,Texas Public Policy Foundation,≤100
304062610300415,VozWire,Gregson E Mathe,≤100
1647443822178141,Siouxland Coalition Against Human Trafficking,Siouxland Coalition Against Human Trafficking,≤100
215830238462422,The LIBRE Initiative,The Libre Initiative,≤100
108862184052039,ROMTech,"ROM Technologies, Inc.",≤100
108090464296366,Republican Patriots,I Love My Freedom,≤100
100197771599055,Chris Lund for Carver County Commissioner,Christopher Michael Lund,≤100
111747450209594,Turner for Congress WV,HILARY TURNER FOR CONGRESS,≤100
615854911830541,Shore Buddies,Malte Niebelschetz,≤100
237788366660686,Tax March,Tax March,≤100
101042758281184,Reading On the Right,Macmillan Publishing,≤100
451389174955443,Haverhill Collection,"Haverhill Leach, Inc",≤100
657708380952174,Voices of the Civil Rights Movement,Comcast,≤100
108282864070156,1776 Unites,Woodson Center,≤100
1084856268238034,Trump Talking,Roberto None Lugo,≤100
656263988182462,Bill Hagerty,TEAM HAGERTY,≤100
243510442756370,Justice Democrats,JUSTICE DEMOCRATS PAC,≤100
19474609238,Mercatus Center at George Mason University,Mercatus Center at George Mason University,≤100
110922280513844,Impact Fashion,These ads ran without a disclaimer,≤100
146817005352784,Wellness.com,"Beachside Media, Inc.",≤100
104667417857551,United Association LLC,United Association LLC,≤100
135403221037,City Journal,City Journal,≤100
808450969246896,"Rebecca Walser, Tax Attorney, CFP",Walser Wealth Management,≤100
124530924015,Hank Gilbert,HANK GILBERT FOR CONGRESS,≤100
2176472882580975,Crusader Outlet,Crusader Marketing,≤100
39432041915,Capital Research Center,CAPITAL RESEARCH CENTER INC,≤100
360163084513840,Chirp,These ads ran without a disclaimer,≤100
288452868709310,Smart City Expo Atlanta,Smart City Expo Atlanta,≤100
180207826090799,Tiffany D. Cross,Tiffany D. Cross,≤100
107481241002930,China Owns Us,"CENTER FOR CONSUMER FREEDOM, THE",≤100
100123544800892,Disme Coin Company,Byron Michael Laughlin,≤100
122360425094991,Nasty Woman Cosmetics,Nasty Woman Cosmetics,≤100
464106427322973,B'own Black Owned,B'own Company Inc.,≤100
922580991129339,People's Mojahedin Organization of Iran - MEK IRAN,MEK-Iran (Saeid Saadati),≤100
105433064492153,The Return 2020,The Return International,≤100
123613301521418,"Councilman Charles ""Chuck"" Presley, Jr.",Charles Edward Presley Jr,≤100
1402827079932843,Low Income Relief,The Lighthouse Information Network LLC,≤100
109379393894282,Keep Texas Moving,TEXAS ASSOCIATION OF BUSINESS,≤100
452797224923658,Democratic Coalition Against Trump,THE DEMOCRATIC COALITION,≤100
157307331013957,The History List,The History List,≤100
182599131471,Comics Kingdom,The Hearst Corporation,≤100
110010433804232,Falkirk Center,Falkirk Center,≤100
412739549455010,Karena Reiter,PrimaDonna Reeds,≤100
377392172830318,Representative Ross Spano,Office of Representative Ross Spano,≤100
6502038524,First Book,FIRST BOOK,≤100
97624620788,American Friends of Magen David Adom,AMERICAN FRIENDS OF MAGEN DAVID ADOM,≤100
92021268117,Working America,Working America,≤100
467503009987109,"Healthy Forests, Healthy Communities","Healthy Forests, Healthy Communities",≤100
108925558017,Shared Hope International,Shared Hope International,≤100
487569614682924,CAPP USA,Yellow Line Productions LLC,≤100
166166843531258,National Council of Resistance of Iran - شورای ملی مقاومت ایران,Vanessa Marie Macmillan,≤100
916908791847627,Prosperity Michigan,Prosperity Michigan,≤100
1290536624348001,Informed Immigrant,FWD.us Education Fund,≤100
114975389535,TAN Books,"SAINT BENEDICT PRESS, LLC",≤100
267106057519444,Bllack Lives Matter,Black Lives Matter,≤100
221631014637468,Look Human,"Print Syndicate, Inc.",≤100
26060837166,Point Loma Nazarene University,Point Loma Nazarene University,≤100
10331123781,Special Olympics,Special Olympics Inc,≤100
56332452163,AMA Patients Action Network,American Medical Association,≤100
382494215123812,Youth Leadership Foundation,Youth Leadership Foundation,≤100
165734163437699,"Little, Brown and Company","Hachette Book Group, Inc.",≤100
979720542211350,Humanize Being Black,Keyshun Quantarious Holmes,≤100
78420171887,Sailors for the Sea,SAILORS FOR THE SEAINC,≤100
128163947282497,LP Building Solutions for Professionals,These ads ran without a disclaimer,≤100
77790954801,Salesian Missions,Salesian Missions,≤100
1809715209318581,Marjorie Taylor Greene for Congress,GREENE FOR CONGRESS,≤100
121033149320,American Indian College Fund,"AMERICAN INDIAN COLLEGE FUND, THE",≤100
304058913005378,Senior and Disabled Concerns,Senior & Disabled Concerns,≤100
81517275796,UNICEF USA,UNITED STATES FUND FOR UNICEF,≤100
149366465128820,Nicole Galloway,Nicole Galloway for Missouri,≤100
7209432197,Chris Coons,CHRIS COONS FOR DELAWARE,≤100
953113491536337,Black to the Future Action Fund,Black to the Future Action Fund,≤100
151577215422581,Zioness Movement,"Zioness Movement, Inc.",≤100
134571176638205,One Tree Planted,One Tree Planted,≤100
207752549279845,Refugee Council USA,"CHURCH WORLD SERVICE, INC.",≤100
424443217623488,Clarion Project,Clarion Project,≤100
635850443292528,Nasty Woman Coloring,Nasty Woman Coloring,≤100
195704103779569,Savage Outdoors & The One,Amanda Harris Lee,≤100
238008626268343,Israel365,Teach for Israel Inc,≤100
754069418112623,Right Now USA,RIGHT NOW USA,≤100
874137632692989,Be Here Now Network,Be Here Now Network,≤100
262610761306,Counterpoint Press,Counterpoint Press,≤100
624113997772825,North Dakotans for Comprehensive Energy Solutions,Americans for Comprehensive Energy Solutions,≤100
248775065305797,Black Butte Copper,Sandfire Resources America,≤100
104355928008325,Oceans & Us,Oceans and Us,≤100
100233228182981,Madison Cawthorn for Congress,CAWTHORN FOR NC,≤100
1082522201878539,Gina Ortiz Jones for Congress,GINA ORTIZ JONES FOR CONGRESS,≤100
300341323465160,The Daily Signal,HERITAGE FOUNDATION (THE),≤100
142836829093760,The American Constitutional Rights Union,Jorge Ernesto Amselle,≤100
1015449978587077,Alliance for Youth Action,The Alliance For Youth Action,≤100
2295062210811244,Coalition for American Veterans,COALITION FOR AMERICAN VETERANS POLITICAL ACTION COMMITTEE,≤100
193675533982095,Ryan Chamberlin,Ryan Chamberlin for Congress,≤100
273474675643,HealthCareWithoutHarm,HEALTH CARE WITHOUT HARM,≤100
449053535114688,"Polk County Sheriff's Office, Iowa",Polk County Sheriff's Office,≤100
333081284065216,Brynne Kennedy for Congress,BRYNNE KENNEDY FOR CONGRESS,≤100
44224524016,American Kidney Fund,"AMERICAN KIDNEY FUND, INC.",≤100
107842730938579,Justin Clark for State House - MN 51A,Committee to Elect Justin Clark,≤100
124386427623018,PeaceBeWithU,"BN Media, LLC",≤100
1709145412721991,The Center for Growth and Opportunity at Utah State University,The Center for Growth and Opportunity,≤100
1533404100317939,Margaret Moore for District Attorney,Margaret Moore Campaign,≤100
263328113800478,Lamppost Education Initiative,Lamppost Education Initiative,≤100
111607313837649,Will Sheehan for Congress,Will Sheehan For Congress,≤100
8225139261,New York Republican State Committee,NEW YORK REPUBLICAN STATE COMMITTEE,≤100
1868885156673680,Sarasota citizen Martin Hyde,Martin Hyde for Sarasota City Commission,≤100
1189321434561854,Vote Ranjeev for Rep,Friends of Ranjeev Puri,≤100
110849485902,United Way,United Way Worldwide with Facebook Ad Credits,≤100
106730327595680,Tongue N Cheek Apparel,Tongue N Cheek Apparel,≤100
222745994575140,Project ChildSafe,"NATIONAL SHOOTING SPORTS FOUNDATION, INC.",≤100
2462191704005828,Rainey Center,The Joseph Rainey Center for Public Policy,≤100
1945237355733646,Giving Brush,Giving Brush LLC,≤100
45354572064,Forté Foundation,"FORTE FOUNDATION, THE",≤100
191975737491988,Jennifer Wexton,WEXTON FOR CONGRESS,≤100
911829795826330,Mark Penn Polls,AIRSNEXT Media,≤100
47710973068,Cooperative Action Network,National Rural Electric Cooperatives Association,≤100
455147011996099,The Ann and Phelim Scoop,The Unreported Story Society,≤100
198024590300902,Josh Shapiro,Josh Shapiro,≤100
278355662356517,BallotReady,"BallotReady, Inc",≤100
105293274456590,Yale Forward,The Boarding School Inc,≤100
148485621883625,40 Days for Life,40 Days for Life,≤100
335372906543111,Lee Constantine For Seminole County Commission,Lee Constantine Campaign for Seminole County Commission,≤100
517859571678617,CBS All Access,These ads ran without a disclaimer,≤100
110089227413037,The Prepared Patriot,Edward Ha,≤100
449202631932231,Mike Johnson,MIKE JOHNSON FOR LOUISIANA,≤100
103851564652,Waterkeeper Alliance,WATERKEEPER ALLIANCE INC,≤100
11911627997,Pancreatic Cancer Action Network,"PANCREATIC CANCER ACTION NETWORK, INC.",≤100
160418807408255,TargetSmart,TargetSmart Communications,≤100
160513344045084,John Neely Kennedy,"John Kennedy for Us, Inc",≤100
394582097543668,"I, Pastafari Documentary","I, Pastafari Documentary",≤100
102970113093477,Church Militant/St. Michael’s Media,Max Aldcander Douglas,≤100
278487153675,Redneck Nation Clothing,redneck nation,≤100
219151131455591,Minnesota Young DFL (MYDFL),Minnesota Young DFL,≤100
105943157686335,Trust Michigan Families,TRUST MICHIGAN FAMILIES,≤100
211596438980002,Ampersand Consulting,Ampersand Consulting,≤100
1756387101127726,Keeping it LITE,Pedro A Serrano,≤100
32582320449,CMMB,CATHOLIC MEDICAL MISSION BOARD INC,≤100
96315553086,Crop Insurance Keeps America Growing,National Crop Insurance Services,≤100
299295363912730,New Politics Leadership Academy,New Politics Leadership Academy,≤100
199826043375900,Larry Hogan,An America United,≤100
2336022790003836,Patients + Providers United,Patients and Providers United,≤100
2401099560163263,VibeFront,VibeFront,≤100