﻿Page ID,Page Name,Disclaimer,Amount Spent (USD)﻿
182723117043,Chicago Council on Global Affairs,"CHICAGO COUNCIL ON GLOBAL AFFAIRS, THE",≤100
9062006483,REI,"RECREATIONAL EQUIPMENT, INC.",≤100
73970658023,International Rescue Committee,International Rescue Committee,≤100
18479402361,No Kid Hungry,No Kid Hungry,≤100
104339194296642,Social Nostra,Social Nostra,≤100
834645469890446,Devin Nunes,DEVIN NUNES CAMPAIGN COMMITTEE,≤100
752627911745280,Elect Phillip Westry,Citizens for Phillip Westry,≤100
38235851310,USA for UNHCR,UNITED STATES ASSOCIATION FOR UNHCR,≤100
209516845093,NRDC Action Fund,NRDC Action Fund,≤100
464239580297425,Antimicrobials Working Group,John Stover Iv,≤100
107078204155592,Bamanewsnow.com,David Leonard Preston,≤100
102909941095087,Stop Biased Banking,Center for Freedom and Prosperity,≤100
202626512363,U.S. Census Bureau,U.S. Census Bureau,≤100
433364950062784,Power Over Energy,Power Over Energy,≤100
2239612502972248,Friends of Car-Free Key West,Christopher Robert Hamilton,≤100
332716170522025,America First Action,America First Action,≤100
1737556389685016,Good Money,Good Money,≤100
229229790561217,Tamara Mellon,"Tamara Mellon Brand, Inc.",≤100
30618466815,Pacific Legal Foundation,Pacific Legal Foundation,≤100
33110852384,Doctors Without Borders/ Médecins Sans Frontières (MSF),Doctors Without Borders/Médecins Sans Frontières (MSF),≤100
665345483483486,NRA - National Rifle Association of America,NATIONAL RIFLE ASSN OF AMERICA,≤100
101210588150219,Boy Scouts Abuse Claims,X Social Media LLC,≤100
132753914062,"Planned Parenthood of South, East and North Florida","Planned Parenthood of South, East and North Florida",≤100
121358125934736,Move Forward - Yes on 7,The Move Forward PAC,≤100
149745555082419,Pioneer Institute for Public Policy Research,"Pioneer Institute, Inc.",≤100
104499437823630,Winner Takes All,Winner Takes All WTA,≤100
111182343682003,Certified CCW,CertifiedCCW.com,≤100
758350044343921,Anthony V. Clark,Anthony Clark 2020,≤100
2315161412139966,Jacobs for Congress,JACOBS FOR CONGRESS,≤100
167586229923327,World Food Program USA,World Food Program USA,≤100
153080620724,Donald J. Trump,TRUMP MAKE AMERICA GREAT AGAIN COMMITTEE,≤100
7860876103,Joe Biden,BIDEN FOR PRESIDENT,≤100
21559454473,FAIR,FEDERATION FOR AMERICAN IMMIGRATION REFORM,≤100
100633308217473,Justice For Sara,Justice For Sara,≤100
15687409793,World Wildlife Fund,World Wildlife Fund,≤100
104262622974259,Hollister Incorporated,Mark D Fletcher,≤100
1905515863109983,Power In Cooperation,ConocoPhillips,≤100
17023576156,The Leadership Conference on Civil and Human Rights,The Leadership Conference on Civil and Human Rights,≤100
34362997676,United States Holocaust Memorial Museum,UNITED STATES HOLOCAUST MEMORIAL MUSEUM,≤100
18813753280,Human Rights Campaign,"HUMAN RIGHTS CAMPAIGN, INC.",≤100
124955570892789,Bernie Sanders,BERNIE 2020,≤100
108180596030668,Elizabeth Dole Foundation,Elizabeth Dole Foundation,≤100
681626158940626,Mission Roll Call,Americas Warrior Partnership,≤100
323631667743052,Rep. Rodney Davis,U.S. Rep. Rodney Davis,≤100
59254639983,Boston Medical Center,BOSTON MEDICAL CENTER,≤100
130196227157534,American Forum For Israel,American Forum for Israel,≤100
385473284886474,Hillsdale College,HILLSDALE COLLEGE,≤100
127225910653607,PragerU,PragerU,≤100
92925746942,Judicial Watch,Judicial Watch,≤100
11131463701,truth,TRUTH INITIATIVE FOUNDATION,≤100
510680265702016,Crowned Free,Crowned Free,≤100
112735922758892,Charlie Kirk,Charlie Kirk,≤100
353682792005802,Heather Mulligan Begley for Judge,Committee to Elect Heather Begley for Judge,≤100
627951147293090,FatFinger,Fat Finger LLC,≤100
202626512363,U.S. Census Bureau,These ads ran without a disclaimer,≤100
9538894955,John F. Kennedy Presidential Library and Museum,"John Fitzgerald Kennedy Library Foundation, Inc.",≤100
7483836629,Ancestry,Ancestry.com Operations Inc.,≤100
49209604726,Vermont Teddy Bear,"VERMONT TEDDY BEAR CO., INC., THE",≤100
159964696102,Kevin McCarthy,KEVIN MCCARTHY FOR CONGRESS,≤100
106333028376,"Nichols Kaster, PLLP",Nichols Kaster PLLP,≤100
833845080319275,The Daily Patriot,Full Tilt Holdings LLC,≤100
24330467048,Americans for Prosperity,AMERICANS FOR PROSPERITY,≤100
535662506924571,MAS Watches,These ads ran without a disclaimer,≤100
84280132559,American Legislative Exchange Council,AMERICAN LEGISLATIVE EXCHANGE COUNCIL,≤100
90231635720,Illinois Holocaust Museum & Education Center,Illinois Holocaust Museum & Education Center,≤100
143152622368089,San Diego Zoo Safari Park,ZOOLOGICAL SOCIETY OF SAN DIEGO,≤100
30914589895,The International Fellowship of Christians and Jews,"INTERNATIONAL FELLOWSHIP OF CHRISTIANS & JEWS, INC.",≤100
172758932738142,PhRMA,PHARMACEUTICAL RESEARCH AND MANUFACTURERS OF AMERICA,≤100
314499212242,Pfizer,Pfizer Inc.,≤100
154471447959196,Institute for Veterans and Military Families - IVMF,Institute for Veterans and Military Families,≤100
1553978148244954,Build With Strength,Build With Strength,≤100
107953199261156,ifaw,"INTERNATIONAL FUND FOR ANIMAL WELFARE, INC.",≤100
6985452607,Brita USA,The Clorox Company,≤100
555394394483002,Urban Resource Institute,Urban Resource Institute,≤100
602040603170590,Americans for Food and Beverage Choice,Americans for Food and Beverage Choice,≤100
105698674239617,Embed News,Embed News,≤100
96832392186,US Open Tennis Championships,United States Tennis Association (USTA),≤100
5435784683,Greenpeace USA,"GREENPEACE, INC.",≤100
525171637666780,Sandy Piña California Delegate,RCR,≤100
100787471467527,Knowyourvote,Knowyourvote,≤100
29092950651,TED,TED Conferences,≤100
309798029121030,Everytown for Gun Safety,Everytown for Gun Safety Action Fund Inc,≤100
105229062888132,Stop Soldier Suicide,Stop Soldier Suicide,≤100
5720973755,Defenders of Wildlife,DEFENDERS OF WILDLIFE,≤100
1025055787535714,A Case for Women,A Case for Women,≤100
255587152180,Shavitz Law Group,Paul James Herrmann,≤100
592707041080920,Stand Together,Stand Together Chamber of Commerce Inc.,≤100