﻿Page ID,Page Name,Disclaimer,Amount Spent (USD)
7860876103,Joe Biden,BIDEN VICTORY FUND,12783
153080620724,Donald J. Trump,TRUMP MAKE AMERICA GREAT AGAIN COMMITTEE,7956
156968474833352,Stop Republicans,Stop Republicans,3870
1771156219840594,Team Trump,TRUMP MAKE AMERICA GREAT AGAIN COMMITTEE,2470
6726182861,Mike Pence,TRUMP MAKE AMERICA GREAT AGAIN COMMITTEE,2049
109217467244059,Yes on 110,Initiative Petition 44,1940
925007000949719,ExxonMobil,Exxon Mobil Corporation,1088
127755494595870,Progressive Takeover,PROGRESSIVE TAKEOVER,1033
172758932738142,PhRMA,PHARMACEUTICAL RESEARCH AND MANUFACTURERS OF AMERICA,1021
20787991568,Senate Democrats,DSCC,1001
202626512363,U.S. Census Bureau,U.S. Census Bureau,640
165987503528599,Lindsey Graham,"TEAM GRAHAM, INC.",622
96935476345,Democratic Governors Association (DGA),DEMOCRATIC ACTION,590
96935476345,Democratic Governors Association (DGA),Democratic Governors Association,559
2238469329710540,Cheri Helt for State Representative,Cheri Helt for State Representative,497
215199482635728,Alek Skarlatos,ALEK FOR OREGON,492
1615018905412860,Progressive Turnout Project,PROGRESSIVE TURNOUT PROJECT,473
9324910069,NRSC,NRSC,455
253106287968,Pacific Power's Blue Sky Program,Pacific Power's Blue Sky Program,420
277005566267077,Blueland,Blueland,367
228754857151053,House Majority PAC,House Majority PAC,364
791543660926838,"I'll go ahead and keep my guns, Thanks",2A4LIFE LLC,363
7263476274,Mercy Corps,Mercy Corps,355
101279451606075,Democratic Strategy Institute,Democratic Strategy Institute,352
1316372698453411,Alexandria Ocasio-Cortez,Alexandria Ocasio-Cortez for Congress,347
107710887461480,Yes on 109,Yes on IP 34,344
328853823844484,Balance of Power,Balance of Power,340
1316372698453411,Alexandria Ocasio-Cortez,THE SQUAD VICTORY FUND,324
104856814505092,The Kids Guide,The Kids Guide,320
2267285956849056,Donald Trump 2020 Fans,I Love My Freedom,304
593172347708466,Oregon Forests Forever,Oregon Forests Forever,303
602714436529710,End Citizens United,END CITIZENS UNITED,302
373814729643508,Let America Vote,LET AMERICA VOTE PAC,292
105756057589080,The Lincoln Project,The Lincoln Project,288
123500462249,Oregon Food Bank,"OREGON FOOD BANK, INC.",287
2352630938293825,Mytacticalpromos,Entremax,282
176789922364429,Steve Daines,STEVE DAINES FOR MONTANA,273
328072970642479,Jaime Harrison,JAIME HARRISON FOR US SENATE,270
104560737874043,Yes for a Healthy Future,Oregonians for a Smoke Free Tomorrow,267
665345483483486,NRA - National Rifle Association of America,NATIONAL RIFLE ASSN OF AMERICA,265
314499212242,Pfizer,Pfizer Inc.,257
127225910653607,PragerU,PragerU,246
2330577043935831,Sara Gideon,SARA GIDEON FOR MAINE,244
830121337093232,National Democratic Training Committee,NATIONAL DEMOCRATIC TRAINING COMMITTEE PAC,221
168051710543266,Lacy Johnson,Lacy Johnson for Congress,212
120245278015173,Pacifico Beer,"CONSTELLATION BRANDS, INC.",211
6204742571,Sierra Club,SIERRA CLUB,210
345504286342057,Keeping America Great Again,RightWingGear.com,208
109111900634787,Reverend Raphael Warnock,WARNOCK FOR GEORGIA,179
7090829369,Peter DeFazio,DEFAZIO FOR CONGRESS,175
140499052681592,Bank of the West,BANK OF THE WEST,170
21558520471,Oregon Education Association,OREGON EDUCATION ASSOCIATION,165
8501031021,VoteVets.org,VOTEVETS,152
163148530407080,Captain Mark Kelly,MARK KELLY FOR SENATE,149
107500120800840,Partnership for Energy Progress,Partnership for Energy Progress,149
342294162453301,Planned Parenthood,Planned Parenthood Federation of America,148
1449461518652183,4Patriots,4Patriots LLC,143
7292655492,MoveOn,MOVEON.ORG POLITICAL ACTION,142
100392931351292,Northwest RiverPartners,Northwest RiverPartners,140
278845882737338,Christopher F. Rufo,DISCOVERY INSTITUTE,137
259130650776119,Mitch McConnell,MCCONNELL SENATE COMMITTEE,129
107210084216238,Humanity Forward,Humanity Forward,127
158791100909689,Concerned Veterans for America,Concerned Veterans for America,125
25852730092,Care2,Care2 Inc,122
114710126648118,Republican Dogs,Republican Dogs,120
106244251043808,Reuse Plastics,"AMERICAN CHEMISTRY COUNCIL, INC.",114
393932827634250,Dissent Pins,Common Practice,110
677005135756125,Community Catalyst Action Fund,Community Catalyst Action Fund,104
104614641200137,MeidasTouch,MEIDASTOUCH,101
109379100777665,Patriotism Isn't Dead,Patriot Polling,≤100
7814597100,Jim Jordan for Congress,JIM JORDAN FOR CONGRESS,≤100
23875187730,Feeding America,Feeding America,≤100
355316521236121,John Cornyn,TEXANS FOR SENATOR JOHN CORNYN INC.,≤100
7833534974,Florida Democratic Party,Florida Democratic Party,≤100
153080620724,Donald J. Trump,"DONALD J. TRUMP FOR PRESIDENT, INC.",≤100
717115395103069,PrintedKicks,Printed Kicks,≤100
2353537341582545,Proud Patriots,Proud Patriots,≤100
85452072376,Newsmax,Newsmax Media,≤100
327837911149503,2A4Life,2A4LIFE LLC,≤100
8934429638,Planned Parenthood Action,Planned Parenthood Action Fund,≤100
8047221596,Save the Children US,"SAVE THE CHILDREN FEDERATION, INC.",≤100
1528980567353817,Love Has No Labels,Love Has No Labels with Facebook Ad Credits,≤100
105577974544303,The USA Needs More Patriots,Anthony Alexander Morales,≤100
596556607135301,The Earthling Co.,The Earthling Co.,≤100
106019374350134,Yes for Our Libraries,Libraries YES Committee,≤100
109923482368640,Jackson County Oregon USA,"Jackson County, Oregon",≤100
1061240530648502,Joe Collins,JOE COLLINS FOR CONGRESS,≤100
2037695643113766,Blexit,Blexit Foundation,≤100
111393882812494,Amy McGrath,"AMY MCGRATH FOR SENATE, INC.",≤100
1793458994204981,Rob Wagner for State Senate,Friends of Rob Wagner,≤100
587560171926370,Small Business Recovery Initiative,"Small Business Recovery Initiative, Inc",≤100
240937060405,Center for Science in the Public Interest (CSPI),CENTER FOR SCIENCE IN THE PUBLIC INTEREST,≤100
114625730266879,Republican Voters Against Trump,Defending Democracy Together,≤100
8325302025,Friends of the Earth U.S.,Friends of the Earth,≤100
591143641394911,Theresa Kohlhoff For Lake Oswego Mayor,Theresa for Lake Oswego Mayor,≤100
116222966843926,US Concealed,US Concealed,≤100
391523854240149,Tim Knopp,Tim Knopp for State Senate,≤100
167586229923327,World Food Program USA,World Food Program USA,≤100
461204744067686,Family Protection Association,Family Protection Association,≤100
309798029121030,Everytown for Gun Safety,Everytown for Gun Safety Action Fund Inc,≤100
8492293163,Environmental Defense Fund,Environmental Defense Fund,≤100
213792049451918,Stand For America,Stand For America Inc,≤100
106094077803532,Our National Family,Patrick Le Tran,≤100
215154208654953,Oregon Gun Owners,Oregon Gun Owners,≤100
110018833813683,Flip the Senate,SMP,≤100
357492286366,Loretta Smith,Loretta Janice Smith,≤100
309308412520731,Sandy Hook Promise,Sandy Hook Promise,≤100
103784067927831,Peggy Stevens,Friends of Peggy Stevens,≤100
675471506247724,Adair for Congress,ADAIR FOR CONGRESS,≤100
107858693983382,The GOP Shop,The GOP Shop,≤100
737686089933715,Conservative Collections,Mainline Media Group,≤100
278490715553293,Martha McSally,MCSALLY FOR SENATE INC,≤100
606005623390941,Anti-Vax Watch,Anti-Vax Watch,≤100
481559282597914,TrumpersUnite,Respect The Look,≤100
105577974544303,The USA Needs More Patriots,AmeriPolling,≤100
132492254050920,American AF,AAF Nation,≤100
113666459994300,Big Dan Rodimer for Congress,RODIMER FOR CONGRESS,≤100
305832706292882,American Gun Association,GunAssociation.org,≤100
1109093812491437,Blaze Media,Blaze Media LLC,≤100
100137754724934,Trump 2020 Supporters,Proud Right Winger,≤100
7860876103,Joe Biden,BIDEN FOR PRESIDENT,≤100
101237551589520,Tactical Patriot,Trizzie Truong,≤100
15687409793,World Wildlife Fund,World Wildlife Fund,≤100
107654924064350,Pat Timmons-Goodson,PATRICIA TIMMONS-GOODSON FOR CONGRESS,≤100
605168822998856,314 Action,314 ACTION FUND,≤100
108683164271262,Patriots for Life,Grant Alan Johnston,≤100
101136147910784,Represent Justice,Represent Justice,≤100
102315041409283,Horses in our Hands,In our Hands Action Fund,≤100
102671331487937,I Love My Freedom Store,I Love My Freedom,≤100
18982436812,ACLU,American Civil Liberties Union,≤100
106224464107240,Jo Jorgensen,Jo Jorgensen for President,≤100
112075920436304,Kelly Sloop,Friends of Kelly Sloop,≤100
100391581727524,Defeat By Tweet,DEFEAT BY TWEET,≤100
322551718276442,Lemons Are Blue,Lockwell LLC,≤100
679171239164792,Supermajority,Supermajority,≤100
108118933908193,Next Level Goods,Next Level Goods LLC,≤100
6820348410,Kirsten Gillibrand,Off the Sidelines,≤100
277414242013,Joyce Elliott for Congress,JOYCE ELLIOTT FOR CONGRESS,≤100
103838764451120,Dave Dyk for Gresham City Council,Friends of Dave Dyk,≤100
1690071827911682,Cleancult,cleancult,≤100
1809078699219595,Fat Tire,"NEW BELGIUM BREWING COMPANY, INC.",≤100
45393753416,Alliance Defending Freedom,Alliance Defending Freedom,≤100
51405613519,Focus on the Family,Focus on the Family,≤100
834645469890446,Devin Nunes,DEVIN NUNES CAMPAIGN COMMITTEE,≤100
103597604713894,Team Trump Store,TRUMP MAKE AMERICA GREAT AGAIN COMMITTEE,≤100
6041057841,The Humane Society of the United States,"HUMANE SOCIETY OF THE UNITED STATES, THE",≤100
137676120273,Multnomah County Elections,Multnomah County Elections,≤100
54787697857,Ron Wyden,WYDEN FOR SENATE,≤100
57259033959,AARP,AARP,≤100
202067433160375,Level Press,Braddock USA,≤100
100256754899828,Patriot's Cave,Patriots Cave,≤100
6236054211,Brady,Brady Campaign to Prevent Gun Violence,≤100
1883837055193241,Shield Republic,Shield Republic,≤100
111658630395595,Suzanne Weber,Friends of Suzanne Weber,≤100
18709174006,National Audubon Society,"NATIONAL AUDUBON SOCIETY, INC.",≤100
219612384781411,Bloomberg Philanthropies,Bloomberg Philanthropies,≤100
598924810530984,Keeping America Great,FamTeeWorld,≤100
30139072158,CARE,CARE,≤100
49651563727,Live Action,Live Action,≤100
780941275347834,Ilhan Omar,ILHAN FOR CONGRESS,≤100
106667854471975,Outspoken,Log Cabin Republicans,≤100
106323360959211,Patriots Republic,Matthew James Stine,≤100
977704775606273,Balls Deep Tackle,Balls Deep Tackle,≤100
257019421075897,Cory Gardner,Cory Gardner for Senate,≤100
206677396413254,Abortion On Our Own Terms,Abortion On Our Own Terms,≤100
87186661244,Johns Hopkins Bloomberg School of Public Health,Johns Hopkins Bloomberg School of Public Health,≤100
1336293769761923,Jon Ossoff,JON OSSOFF FOR SENATE,≤100
72092591211,FBI – Federal Bureau of Investigation,Federal Bureau of Investigation,≤100
16477459734,League of Conservation Voters,"LEAGUE OF CONSERVATION VOTERS, INC",≤100
159964696102,Kevin McCarthy,KEVIN MCCARTHY FOR CONGRESS,≤100
1439829396312534,The Movement for Black Lives,Movement for Black Lives,≤100
849363201808713,Vanderwall Immigration,Vanderwall Immigration,≤100
57218184395,Walla Walla Community College,Walla Walla Community College,≤100
111428049989,Cal Cunningham,CAL FOR NC,≤100
92925746942,Judicial Watch,Judicial Watch,≤100
530604487365010,Old Glory Flagpole Kits,Service First,≤100
560140464159364,Stand for the 2nd Amendment,SFT2 Tactical Supply,≤100
50982313030,Food & Water Watch,Food & Water Watch,≤100
102617961152741,Barbara Bollier,BOLLIER FOR KANSAS,≤100
38471053686,Elizabeth Warren,"WARREN DEMOCRATS, INC.",≤100
5720973755,Defenders of Wildlife,DEFENDERS OF WILDLIFE,≤100
18813753280,Human Rights Campaign,"HUMAN RIGHTS CAMPAIGN, INC.",≤100
41182871633,National Museum of American Jewish History,National Museum of American Jewish History,≤100
10150100007820094,Wendy Davis,WENDY DAVIS FOR CONGRESS,≤100
105732744375701,Steve Bullock,MONTANANS FOR BULLOCK,≤100
38235851310,USA for UNHCR,UNITED STATES ASSOCIATION FOR UNHCR,≤100
592707041080920,Stand Together,Stand Together Chamber of Commerce Inc.,≤100
19192438096,AAAS - The American Association for the Advancement of Science,American Association for the Advancement of Science,≤100
101210588150219,Boy Scouts Abuse Claims,X Social Media LLC,≤100
46093654473,National Republican Congressional Committee,NRCC,≤100
109092142462587,Adam Schiff,SCHIFF FOR CONGRESS,≤100
284946111858895,Debbie Mucarsel-Powell,DEBBIE FOR CONGRESS,≤100
530604487365010,Old Glory Flagpole Kits,Service First Flag Poles,≤100
36872302227,Cory Booker,Cory Booker for Senate,≤100
115379705206001,U.S. Department of Homeland Security Blue Campaign,DHS Blue Campaign,≤100
1438808983108348,BOLD PAC,CHC BOLD PAC,≤100
27311599342,Preemptive Love,Preemptive Love Coalition,≤100
2185993931653388,The Recount,"Recount Media, Inc",≤100
6820348410,Kirsten Gillibrand,Gillibrand for Senate,≤100
2078647579047586,Project Pulso,Project Pulso,≤100
104170004713256,Elect Black Democrats,THE COLLECTIVE PAC,≤100
108901687567015,Patriots Sound Off,Richard Brochetti,≤100
10423517786,Harvard Business Review,HARVARD BUSINESS SCHOOL PUBLISHING CORPORATION,≤100
407664862957433,Ammar Campa-Najjar for Congress,AMMAR CAMPA-NAJJAR FOR CONGRESS,≤100
111702860231554,Matt Lieberman,Matt Lieberman for Senate,≤100
192015461630968,Supporting Our Brave Veterans,James Brian Plouf,≤100
683872625157265,Theresa Greenfield,THERESA GREENFIELD FOR IOWA,≤100
97493741436,John W. Hickenlooper,HICKENLOOPER FOR COLORADO,≤100
788394134539871,USPS Business,United States Postal Service,≤100
17911165812,Covenant House International,Covenant House,≤100
11791104453,NRDC,Natural Resources Defense Council,≤100
7483836629,Ancestry,Ancestry.com Operations Inc.,≤100
101591551371555,Fire Mitch. Save America.,SAVE AMERICA FUND,≤100
100798594958887,inseparable,Inseparable Action Inc,≤100
102745147891580,Trump Coolers,Eric Clifford Juels,≤100
21472760578,C-SPAN,C-SPAN,≤100
106663044307859,Mike Sievert,"T-MOBILE USA, INC.",≤100
108029674299216,We The People,We The People,≤100
681745912255844,John Cummings for Congress,CUMMINGS FOR CONGRESS,≤100
36474716066,Color Of Change,ColorofChange.org,≤100
102478061559294,Convention on Founding Principles,Convention on Founding Principles,≤100
102592959026,Ocean Conservancy,"OCEAN CONSERVANCY, INC.",≤100
15188122178,The Hamilton Collection,The Hamilton Collection,≤100
1841824626073676,Candace Valenzuela for Congress,CANDACE FOR 24,≤100
46347342434,EMILY's List,EMILY'S LIST,≤100
245284549333866,ASMDSS,ASMDSS,≤100
209516845093,NRDC Action Fund,NRDC Action Fund,≤100
118502801658228,Young Kim,Young Kim for Congress,≤100
7962229886,Environmental Working Group,ENVIRONMENTAL WORKING GROUP,≤100
974133602697851,Cascadia Progressive Forum,Cascadia Progressive Forum,≤100
629732217415068,Republican Party,Greater Half,≤100
303167829786891,Ed Markey,THE MARKEY COMMITTEE,≤100
79820371749,Ayanna Pressley,THE SQUAD VICTORY FUND,≤100
417522508294454,Job Creators Network,Job Creators Network,≤100
35169196082,Project HOPE,"PROJECT HOPE-THE PEOPLE-TO-PEOPLE HEALTH FOUNDATION, INC.",≤100
342887442508723,Convention of States,Convention of States Action,≤100
419992651425033,Guardianes del Pueblo-Consumer Law Group,Consumer Law Group,≤100
1540549669581410,Voices for Affordable Health,Voices for Affordable Health,≤100
551158678560402,Epimonia,Epimonia LLC,≤100
221890358218748,Til Valhalla Project,Til Valhalla Project,≤100
17203056985,Partners In Health,Partners In Health,≤100
219247332354785,Phil Arballo for Congress,ARBALLO FOR CONGRESS,≤100
26006662641,Arizona Democratic Party,Arizona Democratic Party,≤100
50576707351,Republican State Leadership Committee,Republican State Leadership Committee,≤100
130467958471,Jason Lewis,Jason Lewis for Senate,≤100
152264148166020,Moms Clean Air Force,Moms Clean Air Force,≤100
104590164363583,Dick Anderson for Oregon,Dick Anderson for Oregon,≤100
555787351119974,Coalition to Protect America's Health Care,Coalition to Protect America's Health Care,≤100
113891694102,Energy Citizens,AMERICAN PETROLEUM INSTITUTE,≤100
143089732792,Marsha Blackburn,Blackburn Tennessee Victory Fund,≤100
2309566456030859,Human Coalition Action,Human Coalition Action,≤100
197760674021143,Indivisible Guide,INDIVISIBLE ACTION,≤100
1836138529938551,Greater Half,Greater Half,≤100
72186095846,Center For American Progress Action Fund,Center for American Progress Action Fund,≤100
80562389320,NARAL Pro-Choice America,NARAL Pro-Choice America,≤100
105010030848236,Bryant Cameron Webb,DR. CAMERON WEBB FOR CONGRESS,≤100
202613923170732,Melissa Cribbins for Senate District 5,Friends of Melissa Cribbins,≤100
166618413413767,Jay Sekulow,American Center for Law and Justice,≤100
213687698658,Americans for Prosperity Foundation,Americans for Prosperity Foundation,≤100
21375324480,The Heritage Foundation,HERITAGE FOUNDATION (THE),≤100
42872222699,Dana Loesch,Dana Loesch Radio,≤100
420785874975425,Conservative Institute,The Conservative Institute,≤100
102523334845430,Aaron Rapf for Lake Oswego City Council,Aaron Rapf for Lake Oswego City Council,≤100
1393911800825140,OZY,OZY Media Inc,≤100
103654464668995,Home With Our Family,Alexander Chung,≤100
107589664099282,Stand Up To China,"Stand Up To China, Inc.",≤100
971668776283950,PolicyEd,Hoover Institution,≤100
610790429573292,Promises Made Promises Kept,Promises Made Promises Kept,≤100
429812024048177,Doug Jones for Senate,DOUG JONES FOR SENATE COMMITTEE,≤100
96171427550,Raja for Congress,FRIENDS OF RAJA FOR CONGRESS,≤100
719913581472398,Napoli Shkolnik PLLC,Napoli Law,≤100
210277954204,The Young Turks,"The Young Turks, Inc.",≤100
7900929735,Rick Dancer,Richard Evans Dancer,≤100
100415021774551,Patriotic Stances,Korie Lynn Padgett,≤100
27544763621,Prison Fellowship,Prison Fellowship,≤100
150322194563,PASA Primates: Pan African Sanctuary Alliance,PAN AFRICAN SANCTUARIES ALLIANCE,≤100
163302087408673,Stop The Donald,Stop the Donald,≤100
33110852384,Doctors Without Borders/Médecins Sans Frontières (MSF),Doctors Without Borders/Médecins Sans Frontières (MSF),≤100
30708742052,FCTRY,FCTRY,≤100
333710103706307,Giffords,GIFFORDS PAC,≤100
104934207736995,Paycheck to Paycheck,Center for American Progress Action Fund,≤100
178024352559210,Great America PAC,GREAT AMERICA PAC,≤100
236369846383459,Congressional Black Caucus PAC,Congressional Black Caucus PAC,≤100
110987110398146,Make Liberty Win PAC,MAKE LIBERTY WIN,≤100
493811210669780,Creative Action Network,Creative Action Network,≤100
135217359858599,Pacific Northwest Waterways Association (PNWA),Pacific Northwest Waterways Association,≤100
6500552187,Hulu,"HULU, LLC",≤100
59473866945,Oregon AFL-CIO,OREGON AFL-CIO,≤100
103373224404755,Impact Slates,COLLECTIVE IMPACT PAC,≤100
103046977892124,Adam Christensen For Congress,ADAM J CHRISTENSEN FOR CONGRESS,≤100
7292655492,MoveOn,MOVEON.ORG CIVIC ACTION,≤100
934438026690635,YouGov,YOUGOV AMERICA INC.,≤100
433919203362871,Bird + Stone,BIRD & STONE INC,≤100
267180743723148,National Geographic Society,National Geographic Society,≤100
21559454473,FAIR,FEDERATION FOR AMERICAN IMMIGRATION REFORM,≤100
100233228182981,Madison Cawthorn for Congress,CAWTHORN FOR NC,≤100
101286161432946,Anna Kasachev,Friends of Anna Kasachev,≤100
1917715138510680,Follow Your Legend,Legend Bracelet,≤100
2068988876444634,Stand Up for Accurate Prenatal Answers,STAND UP FOR ACCURATE PRENATAL ANSWERS INC,≤100
325578590837480,Protect Our Care,Sixteen Thirty Fund,≤100
405469100189512,Still My President - Donald Trump,Red State Politics LLC,≤100
360303722260,Kathleen Williams,KATHLEEN WILLIAMS FOR MONTANA,≤100
21834534343,Volunteers of America,"VOLUNTEERS OF AMERICA, INC.",≤100
51379424899,Mercy Ships,MERCY SHIPS INTERNATIONAL,≤100
331037760381749,Sierra Magazine,SIERRA CLUB,≤100
103185334702225,Stop Trump PAC,STOP 45 PAC,≤100
6428288402,Kiva,KIVA MICROFUNDS,≤100
345378512258813,Elise Stefanik,ELISE FOR CONGRESS,≤100
894096170667732,Ashley Hinson,Ashley Hinson For Congress,≤100
100517105076564,Shining Lifetime,Daniel Vasquez,≤100
628891490457484,Nancy Mace,Nancy Mace for Congress,≤100
178835922297833,American Clinical Laboratory Association,American Clinical Laboratory Association,≤100
1559846290728897,City of Hillsboro - Local Government,City of Hillsboro,≤100
402748740707,Val Hoyle,Friends of Val Hoyle,≤100
105702217760897,Pathogen Pro,Pathogen Pro,≤100
203330919857759,All On The Line,National Redistricting Action Fund,≤100
1530883997194411,United States Constitution,Flag and Cross,≤100
129255907131113,NumbersUSA,NUMBERSUSA EDUCATION AND RESEARCH FOUNDATION,≤100
101525774999212,BLM,Bryan Daley,≤100
108506830560787,Jessica Scarane,JESS SCARANE FOR DELAWARE,≤100
156994304362574,American Bridge 21st Century,AB PAC,≤100
1447994318779650,AirMedCare Network,AIrMedCare Network,≤100
107847454354960,Weekly American Lifestyle,Steve San,≤100
642587263042784,Trumpcare Healthcare,Stuart Joseph Millar,≤100
223008867858902,American Action News,American Action News,≤100
6713653788,Gary Peters,PETERS FOR MICHIGAN,≤100
169597416843751,Stand Up America,Stand Up America,≤100
23790541544,Democrats,DCCC,≤100
116534199732974,USA Carry Online,USA Carry Online,≤100
109459597525704,Living in Liberty,Korie Lynn Padgett,≤100
181924628560212,SumOfUs,SumOfUs,≤100
497081420632330,Dr. Hiral Tipirneni,HIRAL FOR CONGRESS,≤100
104684067632334,Unite the Country,UNITE THE COUNTRY,≤100
100705788238486,Alberto 4 Medford,Alberto4Medford,≤100
746938465317981,Nuclear Matters,Nuclear Matters,≤100
1010143499143169,Medicare Savings,"Mayo Labs, LLC",≤100
142370046577999,Shahid Buttar for Congress,Shahid Buttar for Congress Committee,≤100
83290028957,Care Net,CARE NET,≤100
711478725532801,Civiqs,Civiqs,≤100
132732160104163,Ford Foundation,"FORD FOUNDATION, THE",≤100
465483726908192,iVote,IVote Civic Education Fund,≤100
55549065733,Voto Latino,Voto Latino with Facebook Ad Credits,≤100
911828698840246,ReLEntless Defender Apparel,ReLEntless Defender Apparel,≤100
149081336362,AmeriCorps VISTA,Corporation for National and Community Service,≤100
296708523873754,Karla Dennis and Associates Inc.,"Karla Dennis & Associates, Inc",≤100
19342050934,Leadership Institute,LEADERSHIP INSTITUTE INC,≤100
485754644838324,Lane County Tribune,Lane County Tribune,≤100
892673067526965,Project War Path,Project War Path,≤100
186932688457686,CHNGE,CHNGE,≤100
577583468980210,Coalition for a Healthy Oregon,Coalition for a Healthy Oregon,≤100
655065784538368,PredictIt,"PredictIt - Prediction Markets. A project of Victoria University of Wellington, PredictIt has been established to facilitate research into the way markets forecast events.",≤100
202600839762879,I Am Pro-Life,Focus on the Family,≤100
221401431386940,Pramila Jayapal,PRAMILA FOR CONGRESS,≤100
103644036958,United Association,United Association Political Education Committee,≤100
106949844346620,Trumpian Republicans,Gregory Lawrence Burright,≤100
260933440643373,UltraViolet,UltraViolet Action,≤100
15771560300,Earthjustice,EARTHJUSTICE,≤100
1845406298823675,Stout for State Rep,Stout for State Rep,≤100
263210730984251,We Are Great Again Pac,WE ARE GREAT AGAIN PAC,≤100
53541257714,The Arc of the United States,The Arc with Facebook Ad Credits,≤100
6231686654,Compassion International,"COMPASSION INTERNATIONAL, INCORPORATED",≤100
852784198406948,Boy Scouts Investigation,These ads ran without a disclaimer,≤100
1443127535947107,Save the Children Action Network,Save the Children Action Network,≤100
48485058304,Pachamama Alliance,"PACHAMAMA ALLIANCE, THE",≤100
245741028804051,Barbara Sinatra Center,Barbara Sinatra Children's Center,≤100
1551109418518461,The Honest Patriot,Amundson Media LLC,≤100
106134371162192,Friends of Mark Shull,Friends of Mark Shull,≤100
142992759853421,Be A Hero,BE A HERO PAC,≤100
276552284164,Columbia Riverkeeper,Columbia Riverkeeper,≤100
67626834312,National Women's Law Center,National Women's Law Center,≤100
259212814698356,Democratic Majority for Israel,Democratic Majority for Israel,≤100
327202261326682,Stephanie Bice,Bice for Congress,≤100
112333396969405,Jim Bognet,Bognet for Congress,≤100
830890360316751,Nick Hanauer,Civic Action,≤100
103653994359958,Harvard Forward,The Boarding School,≤100
2081864865362439,Mike Espy,MIKE ESPY FOR SENATE CAMPAIGN COMMITTEE,≤100
102916288137405,The Daily Republican,USA Movements LLC,≤100
186108419168,SEIU Local 503,"SERVICE EMPLOYEES INTERNATIONAL UNION LOCAL 503, OREGON PUBLIC EMPLOYEES UNION",≤100
261663760956534,America First Policies,America First Policies Inc,≤100
601472019907779,Latino Victory,Latino Victory,≤100
108794587327155,Good Programs 2020,Trevor Dale Seaks,≤100
586751814690068,Joni Ernst,Joni for Iowa,≤100
1799282383731277,TwoSeventy,Alexander Jared Deutsch,≤100
293225127381200,Patriot Depot,The Patriot Depot,≤100
2339203789732156,Kim Mangone for Congress,COMMITTEE TO ELECT KIM MANGONE FOR CONGRESS,≤100
1204754733024419,People's Power Grab,ACRONYM,≤100
1192579580831773,Supermajority News,Supermajority,≤100
215968684159,AFT - American Federation of Teachers,American Federation of Teachers,≤100
20214931136,Portland Trail Blazers,TRAIL BLAZERS INC.,≤100
102224561399734,Katie Boshart Glaser,Friends of Katie Boshart Glaser,≤100
357554791340788,Liker,Omar Rivero,≤100
376776419037747,Turning Point USA,Turning Point USA,≤100
15239367801,The Wilderness Society,"WILDERNESS SOCIETY, THE",≤100
119006106155684,PI Energy,Andrew P Chung,≤100
55549065733,Voto Latino,VOTO LATINO INC.,≤100
109268907127168,Amelia for Oregon,Amelia Salvador,≤100
113266897143669,Stand To Defend,Korie Lynn Padgett,≤100
217976018236954,OutKick,Outkick Media LLC,≤100
100177518473235,The GOP Shop,John Allen Franson,≤100
369214063089791,Lummis for Wyoming,LUMMIS FOR WYOMING INC.,≤100
169130743498585,Tactical Pro Supply,Chad Keller,≤100
10498053716,Media Research Center,MEDIA RESEARCH CENTER,≤100
101459098271864,Vets United,Jae W Seo,≤100
34362997676,United States Holocaust Memorial Museum,UNITED STATES HOLOCAUST MEMORIAL MUSEUM,≤100
134452023239984,Human Coalition,Human Coalition,≤100
819607471729183,Dr. Al Gross for US Senate,DR. AL GROSS FOR U.S. SENATE,≤100
106954147689215,Just the Truth,JUST THE TRUTH POLITICAL ACTION COMMITTEE,≤100
6165653060,AFSCME,AMERICAN FEDERATION OF STATE COUNTY & MUNICIPAL EMPLOYEES,≤100
2309913185898331,We Count Oregon,Beverly Katrece Avery,≤100
101278694809805,Meme2020,Meme2020,≤100
103404957668303,"Raquel Moore-Green, Representative HD19",Friends of Raquel Moore-Green,≤100
110439270638992,NE1else,Time Management LLc,≤100
785936231584382,Paula Jean Swearengin,Paula Jean for West Virginia,≤100
126694924050678,Xavier Becerra,Becerra for Attorney General 2022,≤100
109360297266116,Fearless Patriot,TERESA NONE OHARA-MARSH,≤100
8057376739,The Nature Conservancy,Nature Conservancy,≤100
103315378108004,True Patriot Strength,LE-HUU DONG HUYNH,≤100
24481937944,Theodore Roosevelt Conservation Partnership,"THEODORE ROOSEVELT CONSERVATION PARTNERSHIP, INC",≤100
103934071014071,Fire Drill Fridays,"GREENPEACE, INC.",≤100
9694956217,Animal Legal Defense Fund,ANIMAL LEGAL DEFENSE FUND,≤100
280704452367167,Jason Crow,JASON CROW FOR CONGRESS,≤100
141692255929599,Democratic Socialists of America,DEMOCRATIC SOCIALISTS OF AMERICA INC,≤100
1055873511190792,Hello Resistance,Hello Resistance Apparel,≤100
107226574233018,Jerry Allen for Senate,Friends of Jerry Allen,≤100
319982881752525,Kara Eastman,EASTMAN FOR CONGRESS,≤100
32582320449,CMMB,CATHOLIC MEDICAL MISSION BOARD INC,≤100
501845673996592,Patriotic Helping Hands,Jae W Seo,≤100
243510442756370,Justice Democrats,JUSTICE DEMOCRATS PAC,≤100
94047978366,PCCC - BoldProgressives.org,PROGRESSIVE CHANGE CAMPAIGN COMMITTEE,≤100
206743952696198,Lower My Bills,"LMB OpCo, LLC",≤100
109678580574253,Politicool Clothing Co.,PolitiCoolClothing.com,≤100
357750373755,National Domestic Workers Alliance,National Domestic Workers Alliance,≤100
278487153675,Redneck Nation Clothing,Tracie Milliron Gold,≤100
7686808625,Jim Inhofe,FRIENDS OF JIM INHOFE,≤100
271487666283601,Eugene Neighborhoods Forum,Eugene Neighborhoods Forum,≤100
127216280686110,Ann Wagner,Ann Wagner for Congress,≤100
131306317680000,Social Goods,"Social Goods, LLC",≤100
72931140459,Center for Biological Diversity,"CENTER FOR BIOLOGICAL DIVERSITY, INC.",≤100
69983322463,Ted Cruz,TED CRUZ FOR SENATE,≤100
6333396177,NewsBusters.org,MEDIA RESEARCH CENTER,≤100
112735922758892,Charlie Kirk,Charlie Kirk,≤100
153278754738777,Climate Reality,The Climate Reality Project,≤100
105084617912738,PatriotQuizzes,patriotquizzes.com,≤100
101754461480874,Broadman for Bend,Broadman for Bend,≤100
162493793737,Rick Green,Richard Arlin Green,≤100
740266592735787,Free to Be Kids,Free To Be Kids,≤100
467804929927622,Jason Smith,JASON SMITH FOR CONGRESS,≤100
1977738355807406,Sharice For Congress,SHARICE FOR CONGRESS,≤100
302182941354,AARP Advocates,AARP,≤100
173837496125511,Conscious Step,Conscious Step,≤100
308159713150350,Voter Protection Project,VOTER PROTECTION PROJECT,≤100
408250066356,Bill O'Reilly,"Bill Me, Inc.",≤100
124530924015,Hank Gilbert,HANK GILBERT FOR CONGRESS,≤100
1691667177798461,Brut,Brut,≤100
143986912311328,University of Vermont Continuing and Distance Education,University of Vermont,≤100
1526736227567131,TrueCoverage,True Coverage,≤100
1659075467679509,Northwest Accountability Project,Northwest Accountability Project,≤100
443329669123990,USAFacts,USAFacts Institute,≤100
101690998009007,Improving Life Through Health,Nicolette Dalan,≤100
100101018155207,Paid Leave for All,Paid Leave for All a project of Hopewell Fund,≤100
102769134675149,Evergreen Action,Evergreen Action,≤100
118778888148007,Marion Polk Food Share,"MARION-POLK FOOD SHARE, INC",≤100
1859113087545137,Learn Everywhere,"yes. every kid, Inc.",≤100
248181906078243,National Institute for Civil Discourse,CommonSense American,≤100
91346559231,Democratic Legislative Campaign Committee - DLCC,Democratic Legislative Campaign Committee,≤100
1667892193505378,Hold the House,HOLD THE HOUSE PAC,≤100
1179947005448206,Own It Voice It,"RAI Services Company, a subsidiary of Reynolds American Inc.",≤100
24330467048,Americans for Prosperity,AMERICANS FOR PROSPERITY,≤100
153678684700451,American Investment Council,AMERICAN INVESTMENT COUNCIL,≤100
706716899745696,Women for Trump,TRUMP MAKE AMERICA GREAT AGAIN COMMITTEE,≤100
195530355493,Chicks On The Right,Chicks on the Right,≤100
118269091671380,The Home T,The Home T,≤100
1658135304460341,MANG,MANG,≤100
111324359048459,Dr. Roger Marshall,KANSANS FOR MARSHALL,≤100
102756811269921,Fellow Americans,Fellow Americans,≤100
87977452433,Zumiez,Zumiez,≤100
102781694834193,American Herald,America First Action,≤100
151688955001412,Denyc Boles,Friends of Denyc Boles,≤100
135298176481584,Marine Corps Scholarship Foundation,Marine Corps Scholarship Foundation,≤100
104919414599745,People Over Profits,"The People Over Profits Florida, Inc.",≤100
112488757165613,Blue Line Stockpile,Blueline Stockpile,≤100
356482637745012,Stansberry Research,Stansberry Research,≤100
103144548151014,Adrian Perkins,Perkins for LA,≤100
253791814655400,Doug Collins,"COLLINS FOR SENATE, INC.",≤100
2049170775107862,Resistance By Design,Resistance By Design,≤100
360424321432255,Doha Debates,Doha Debates,≤100
205395906412,UAW International Union,"INTERNATIONAL UNION, UNITED AUTOMOBILE, AEROSPACE AND AGRICULTURAL IMPLEMENT WORKERS OF AM",≤100
61265398450,AmeriCorps NCCC,Corporation for National and Community Service,≤100
747436915270894,Congressional Leadership Fund,CONGRESSIONAL LEADERSHIP FUND,≤100
309067552836400,Alexander Grandy,Alexander Peter Grandy,≤100
103730928025980,Safe and Sound In 2020,Kin Ngai Yeung,≤100
122894447754361,Institute for New Economic Thinking,"INSTITUTE FOR NEW ECONOMIC THINKING, THE",≤100
108296990863730,Hero Action Fund,Hero Action Fund,≤100
593289284500311,Trump Rack,BOXD Marketing,≤100
192771954102960,Jordan Sekulow,American Center for Law and Justice,≤100
105536127617594,The American Digest,The American Digest,≤100
130848666099,Business Forward,Business Forward Inc.,≤100
700806360047982,CFG Action,Club for Growth Action,≤100
42002969352,Center on Budget and Policy Priorities,Center on Budget and Policy Priorities,≤100
134597023235240,Rashida Tlaib,THE SQUAD VICTORY FUND,≤100
83865976093,Truthout,TRUTHOUT,≤100
142785762910997,Julia Brim-Edwards - Portland School Board,Julia Ann Brim,≤100
128167457221813,Public Transportation,Voices for Public Transit,≤100
101329438317952,Story Network Action,Story Network Foundation,≤100
115617711783870,Center for Union Facts,CENTER FOR UNION FACTS,≤100
137746666253194,Ann Kirkpatrick,KIRKPATRICK FOR CONGRESS,≤100
1614690395258056,Into Action,Into Action,≤100
219224241438635,Compassion & Choices,COMPASSION & CHOICES,≤100
101127364972509,Dems For USA,Dems For USA,≤100
112420993589373,Young and Old for America,Andrew Joseph Young,≤100
112600915451330,No Labels,No Labels,≤100
106245384043438,Tims For Congress,FRIENDS OF DESIREE TIMS,≤100
32975139631,If Americans Knew,If Americans Knew,≤100
28510612138,Uncommon Knowledge,Hoover Institution,≤100
1632568446971453,Boredwalk,Boredwalk,≤100
482899722113894,Peymynt Financial,Peymynt Financial,≤100
341513602902369,CALL TO ACTIVISM,CALL TO ACTIVISM,≤100
361960287311696,Better Medicare Alliance,"Better Medicare Alliance, Inc",≤100
317284821682168,Messianic Jewish Alliance of America (MJAA),Messianic Jewish Alliance of America,≤100
896759427103774,Modern Medicaid Alliance,Modern Medicaid Alliance,≤100
1014486318584089,Armed American Supply,Armed American Supply,≤100
60261764250,Childhelp,"CHILDHELP, INC.",≤100
1224429014390746,Catalysts,Freethink,≤100
5943727453,American Humane,American Humane,≤100
1925751504337881,MJ Hegar,MJ FOR TEXAS,≤100
112164673854264,Living Patriotically,Living Patriotically,≤100
111277640428691,President Donald J. Trump 2020,Trump Collections,≤100
139599847972,National Nurses United,National Nurses United,≤100
348839551906904,Democracy in Color,POWERPAC DOT ORG,≤100
747783932079184,Jared Golden,COMMITTEE TO ELECT JARED GOLDEN,≤100
103235554648484,Elect Scientists,314 ACTION FUND,≤100
107197277617093,VoteSafe,National Vote At Home Institute,≤100
620717045241728,101Concealed,101Concealed,≤100
30914589895,The International Fellowship of Christians and Jews,"INTERNATIONAL FELLOWSHIP OF CHRISTIANS & JEWS, INC.",≤100
109664643954402,Joe Hitselberger for County Commissioner,Joseph Palmer Hitselberger,≤100
100948068076942,SymbiOp Landscaping,SymbiOp,≤100
255208337943901,Jobs Growth,"JOBS FREEDOM AND SECURITY PAC, Not authorized by any candidate or candidate’s committee.",≤100
2012750189007245,Liquid Death Mountain Water,Liquid Death,≤100
114302593701939,Silent Majority Member,Silent Majority Member,≤100
258470931719484,The Why Minutes,The Why Minutes,≤100
7209432197,Chris Coons,CHRIS COONS FOR DELAWARE,≤100
228132537208218,Tammy Duckworth,TAMMY FOR ILLINOIS,≤100
58158120046,ACLJ,American Center for Law and Justice,≤100
1852520761657982,4ocean,4ocean,≤100
711909245654048,National Police Support Fund,National Police Support Fund,≤100
101485931485408,UNITEDemocrats,UNITEDEMOCRATS PAC,≤100
1934273516856559,Betsy Dirksen Londrigan,BETSY DIRKSEN LONDRIGAN FOR CONGRESS,≤100
102636677971854,Trump Is The Storm,Legendary Trump Coins,≤100
114386721939978,The Made in America Store,Made In America Store,≤100
111786927173839,Qualify Medicare Plans,These ads ran without a disclaimer,≤100
53541257714,The Arc of the United States,"ARC OF THE UNITED STATES, INC., THE",≤100
607626319739286,Black Voices for Trump,TRUMP MAKE AMERICA GREAT AGAIN COMMITTEE,≤100
362645517084914,Bill & Melinda Gates Foundation Discovery Center,Bill and Melinda Gates Foundation,≤100
151525932186806,When Democrats Turn Out,WHEN DEMOCRATS TURN OUT PAC,≤100
115364585711,Lawyers' Committee for Civil Rights Under Law,Lawyers' Committee for Civil Rights Under the Law with Facebook Ad Credits,≤100
1229789977123022,Debbie Lesko for Congress,DEBBIE LESKO FOR CONGRESS,≤100
134245933963416,Oregon Family Farm Association,Oregon Family Farm Association PAC,≤100
107248944146204,Carlos Gimenez for Congress,Carlos Gimenez for Congress,≤100
216311481960,Bill Gates,Bill Gates,≤100
700941689954518,Defend Our Future,Defend Our Future,≤100
107439427661844,Accountable Tech,Accountable Tech,≤100
103026384819654,How to Vote,ACRONYM,≤100
184731548554164,PL+US,Plus Fund: Paid Leave for the United States,≤100
1653251174924652,Fuzzu,Fuzzu,≤100
5633824547,FreedomWorks,"FREEDOMWORKS, INC.",≤100
9423488774,American Wind Energy Association (AWEA),AMERICAN WIND ENERGY ASSOCIATION,≤100
8550121410,Free Speech America Project,MEDIA RESEARCH CENTER,≤100
246846192720018,War On Our Future,The Years Project,≤100
141901795868393,Alaska Democrats,ALASKA DEMOCRATIC PARTY,≤100
1650912568481299,Front and Centered,Front and Centered,≤100
111970730196550,World War Zero,AMERICAN SECURITY PROJECT,≤100
293409964049501,World Tree: Growing a Sustainable Future,World Tree Technologies Inc.,≤100
339432396135584,The Exodus Road,EXODUS ROAD INC,≤100
296295018082,AARP en Español,AARP,≤100
105370081104608,Veterans for Trump,TRUMP MAKE AMERICA GREAT AGAIN COMMITTEE,≤100
102207351394382,Elect Ashley Carson Cottingham,Elect Ashley Carson Cottingham,≤100
149366465128820,Nicole Galloway,Nicole Galloway for Missouri,≤100
169277310432049,"Texas Precision Optics, Inc.",Texas Precision Optics Inc,≤100
931907200310657,Patients Rising Now,Patients Rising Now Inc,≤100
19972147679,SEIU,SEIU,≤100
313097997669,StreetLightUSA,StreetLightUSA,≤100
114893233534632,Taking Back America,Apse Media LLC,≤100
598720023670599,Jennifer Carroll Foy,Jennifer Carroll Foy for Governor,≤100
103107521146775,Danielle Bethell,Friends of Danielle Bethell,≤100
1613516851999536,Sunrise Movement,Sunrise,≤100
345946329411380,Petal Soap,Jason Paul Domangue,≤100
55701226138,American Heart Association,These ads ran without a disclaimer,≤100
810122486032496,Jackie Gordon,JACKIE GORDON FOR CONGRESS,≤100
717417908274761,Lady Freethinker,Lady Freethinker,≤100
29775770058,PATH,PATH,≤100
105433064492153,The Return 2020,The Return International,≤100
1634651343331439,Project Wren,Landon Brand,≤100
210357995667559,The National Memo,The National Memo,≤100
158505287559920,Save the Storks,Save the Storks,≤100
111023584012681,Open Road Homeward,Samantha Lyn Weldon,≤100
90498769709,Edenpure,EdenPURE®,≤100
102315958243776,Patriotic Freedom,Vivian Lam Nguyen,≤100
7219151423,The Fund for American Studies (TFAS),The Fund for American Studies,≤100
1600352356914768,PushBlack,PushBlack,≤100
328065780936817,Forest Fire Facts,Forest Fire Facts,≤100
20876805343,March of Dimes,MARCH OF DIMES INC.,≤100
79125112926,Students for Life of America,"STUDENTS FOR LIFE OF AMERICA, INC.",≤100
1721467687891795,Partnership for Conservation,Partnership for Conservation,≤100
15041226930,Oxfam,"OXFAM AMERICA, INC.",≤100
272618896537776,America First Agenda,America First Agenda PAC,≤100
1194865807192273,Conservative Gear,Outergoods LLC,≤100
102875587947942,Keep Trump In Office,Keep Trump In Office,≤100
502320477205654,I’m Bout Making My Ancestors Proud,Heritage Hill LLC,≤100
5550624217,Democratic National Convention,2020 Democratic National Convention Committee,≤100
333081284065216,Brynne Kennedy for Congress,BRYNNE KENNEDY FOR CONGRESS,≤100
455147011996099,The Ann and Phelim Scoop,The Unreported Story Society,≤100
1819658374974706,Arena,Arena PAC,≤100
108854430811842,Stop Pebble Mine,Stop Pebble Mine,≤100
420424547981908,In Search of Liberty,Scott Dennis Welch,≤100
128652692258265,Vote Joe for 33,Joe Ross 2020 District 33 Campaign Committee,≤100
1354622541311687,Dr. Kim Schrier,DR KIM SCHRIER FOR CONGRESS,≤100
169440273093442,The Center for Election Science,The Center for Election Science,≤100
108273884315449,Real American Patriot,Gold Sky Ventures LLC,≤100
2070944712939738,American Police Officers Alliance,American Police Officers Alliance,≤100
309993142375589,Joe Kennedy III,KENNEDY FOR MASSACHUSETTS,≤100
602828763544800,Kate For Congress,KATE FOR CONGRESS,≤100
384557995468219,Viral Casez,Viral Casez,≤100
102180301437619,2020 American Defense Fund,C3 PAC,≤100
101485404914361,Bad News Wares,Bad News Wares,≤100
101724361319410,Ronny Jackson for U.S. Congress TX-13,Texans for Ronny Jackson,≤100
653353765277177,Must Have,These ads ran without a disclaimer,≤100
548407915183371,Liz Cheney,Liz Cheney for Wyoming,≤100
19420215926,CNSNews.com,MEDIA RESEARCH CENTER,≤100
176099072429809,Oceana in Florida,OCEANA,≤100
202531447982,Jimmy Chin,Protect Our Winters,≤100
541807025833154,Malala Fund,Malala Fund,≤100
102175879855284,Harper Perennial,HARPERCOLLINS PUBLISHERS L.L.C.,≤100
1809715209318581,Marjorie Taylor Greene for Congress,GREENE FOR CONGRESS,≤100
110830370699989,Mylending3,My Lending 3,≤100
136714166339952,Health In Harmony,Kristen Annette Grauer,≤100
160513344045084,John Neely Kennedy,"John Kennedy for Us, Inc",≤100
34521916336,Brent Bozell,MEDIA RESEARCH CENTER,≤100
7642602143,Mother Jones,FOUNDATION FOR NATIONAL PROGRESS,≤100
108337384472,CASA,CASA,≤100
1833879943496521,Spread The Vote,Spread the Vote,≤100
513695272011123,The Genesis Prize,These ads ran without a disclaimer,≤100
1941595989414032,No More Freeways PDX,No More Freeways,≤100
198296877515470,Switch4Good,Switch4Good,≤100
13365227077,Planned Parenthood Advocates of Wisconsin,Planned Parenthood Advocates of Wisconsin,≤100
960687040731425,Twist it Up Urban Styling Comb,Twist It Up Inc,≤100
908584569178664,City Councilor Kevin Stine,Kevin Stine for Medford,≤100
289213691238937,Thrasher Coffee,Thrasher Coffee Co.,≤100
227535924071462,Animal Petitions,AnimalPetitions.org,≤100
100697751658498,Stronger.org,The Public Good Projects,≤100
100124595113383,Victor Ashe,"William F. Buckley, Jr. Program",≤100
110089227413037,The Prepared Patriot,Edward Ha,≤100
102389457864860,Treehuggers Bracelets,ECOMX LLC,≤100
1584050195202316,Barbara Bry for Mayor,Barbara Bry for San Diego Mayor 2020,≤100
35715544220,Stand.earth,STAND,≤100
1268410219898273,Tango Tango,Tango Tango Inc,≤100
419237048158257,Susan Collins,COLLINS FOR SENATOR,≤100
1640970822834351,Plaine Products,Plaine Products,≤100
114822686979118,Daily Saver,Smart Market Tips,≤100
999775873528189,Stopping Socialism,The Heartland Institute,≤100
165238836870566,MRC Culture,MEDIA RESEARCH CENTER,≤100
582293558518300,Abby Broyles,ABBY BROYLES FOR US SENATE,≤100
110849485902,United Way,United Way Worldwide with Facebook Ad Credits,≤100
105943157686335,Trust Michigan Families,TRUST MICHIGAN FAMILIES,≤100
107937014153581,Energized Health,John Jubilee Transformation LLC DBA Energized Health,≤100
581027949241690,Got Mine,These ads ran without a disclaimer,≤100
1747132688647028,Democratic Association of Secretaries of State,Democratic Association of Secretaries of State,≤100
97466887664,Innocence Project,"INNOCENCE PROJECT, INC., THE",≤100
181183059253295,Dorsal Bracelets,Dorsal Bracelets,≤100
868405419972384,The Outrage,The Outrage,≤100
291102898490822,Giant Maga Hat,Inventors club LLC,≤100
179909895355213,AIDS United,AIDS UNITED,≤100
814260155318929,The Fairness Project,The Fairness Project,≤100
638492549896672,Liberal Humans,Liberal Humans,≤100
107665644228467,Conservative Journal Review,Conservative Journal Review LLC,≤100
782093245218764,Qasim Rashid,RASHID FOR VA,≤100
142474049098533,Robert Reich,Inequality Media,≤100
537534316395916,Students for Trump,Turning Point Action,≤100
106629127527429,Kathy Barnette for Congress PA 04,Kathy Jean Barnette,≤100
108228890579947,KOZ Water,Marcelle Renee Abel,≤100
17475614410,Hispanic Federation,Paid for by Hispanic Federation with Facebook Ad Credits,≤100
102527004893192,The National Standard,Howard Stephan Barbanel,≤100
102512224765633,PeeLitical Trump Target,Pee-Litical Targets,≤100
105157841248307,No Filter Politics,No Filter Politics,≤100
100340561784301,Patriots Stand Together,Megan Kristen Hall,≤100
102499901286348,Bold Vision P.C.,Bold Vision PC,≤100
110010433804232,Falkirk Center,Falkirk Center,≤100
1439364926329185,Animal Matters,Animal Matters,≤100
173470656019870,The Daily Yonder,Great Stories LLC,≤100
1205124206245013,Movement for a People's Party,People for a Working Democracy,≤100
17801244148,Jill Schupp,SCHUPP FOR CONGRESS,≤100
412739549455010,Karena Reiter,PrimaDonna Reeds,≤100
101164484986617,To Be Frank Show,Real News PR,≤100
2046092952294722,Lucy McBath for Congress,FRIENDS OF LUCY MCBATH,≤100
189452770432,Women's Campaign Fund,WOMENS CAMPAIGN FUND INC,≤100
531623043662146,Flags of Valor,Flags of Valor,≤100
1099779163410386,John Barrasso,Friends of John Barrasso,≤100
2259323457517498,Abolish the Electoral College,ABOLISH THE ELECTORAL COLLEGE,≤100
8446177150,Chosen People Ministries,CHOSEN PEOPLE MINISTRIES INC,≤100
2225580284361712,Tommy Tuberville,"TUBERVILLE FOR SENATE, INC.",≤100
169710960125365,Curzio Research,Curzio Research Inc.,≤100
34701792581,EWTN,Eternal Word Television Network,≤100
102478528086004,Reading On the Left,St. Martin's Press,≤100
399366360669553,Jamaal Bowman for Congress,Bowman For Congress,≤100
355913551109735,The Andrew Goodman Foundation,The Andrew Goodman Foundation,≤100
100205228188251,Vote Phil Chang,Chang for Deschutes,≤100
6851405967,CREDO Mobile,"CREDO MOBILE, INC.",≤100
21647204289,Michigan Education Association,Michigan Education Association,≤100
153309775026,SnapStream,SnapStream Media,≤100
294508332028,Lakota People's Law Project,ROMERO INSTITUTE,≤100
217569858071,Areva Martin,Areva Denise Martin,≤100
117641114435,First Aid Beauty,First Aid Beauty,≤100
308353252483,Kristi Noem,Kristi for Governor,≤100
304062610300415,VozWire,Gregson E Mathe,≤100
79820371749,Ayanna Pressley,THE COMMITTEE TO ELECT AYANNA PRESSLEY,≤100
1425435377743310,Conversations with Bill Kristol,The Foundation for Constitutional Government,≤100
194115677277113,A21,A21 with Facebook Ad Credits,≤100
100719625004234,Home and Community,Cynthia Nguyen,≤100
102846434825096,Beat Abbott,Beat Abbott PAC,≤100
2165983337048601,LeverforChange,Lever for Change,≤100
129278807814364,Women of Welcome,Welcome.,≤100
1612726335627171,We the Internet TV,We the Internet TV,≤100
135002490472474,Conor Lamb,CONOR LAMB FOR CONGRESS,≤100
1642386799323957,Angie Craig,ANGIE CRAIG FOR CONGRESS,≤100
28144169620,Alliance for Aging Research,Alliance for Aging Research,≤100
21395843375,Dialysis Patient Citizens,DIALYSIS PATIENT CITIZENS INC,≤100
168109446538119,St. Martin's Press,Macmillan Publishing,≤100
1868435723205837,Auto Sales Wear,Joshua Deane Wilcox,≤100
110468488981853,UNRWA USA,UNRWA USA,≤100
1084856268238034,Trump Talking,Roberto None Lugo,≤100
7341997111,Conservation International,Conservation International,≤100
166738743732702,All Above All Action,All Above All Action Fund,≤100
123624513983,The Western Journal,The Western Journal,≤100
50711561090,Muslim Advocates,MUSLIM ADVOCATES,≤100
2295062210811244,Coalition for American Veterans,COALITION FOR AMERICAN VETERANS POLITICAL ACTION COMMITTEE,≤100
2113400635561647,Andrea Mitchell Center for the Study of Democracy,Andrea Mitchell Center for the Study of Democracy at the University of Pennsylvania,≤100
114885646899438,Mr. 45th,Clush,≤100
338020156837038,The Exodus Movement,Red Sea Rising PAC,≤100
700153177010264,Plant Based Products Council,Plant Based Products Council,≤100
1082522201878539,Gina Ortiz Jones for Congress,GINA ORTIZ JONES FOR CONGRESS,≤100
113310617054164,Trump Baseball Bats,Trump Baseball Bats,≤100
113110137118723,Collectible Currency,Proud Patriots,≤100
1945837408977507,Michael Moates,-MICHAEL STEVEN MOATES,≤100
103929304678916,Voter Action Project,Integrity First Voter Action Project,≤100
211049239087028,Association of Young Americans,Benjamin J Brown,≤100
1059320777468378,David Kustoff,Kustoff for Congress,≤100
143021112391265,Jacobin magazine,Jacobin Foundation,≤100
109709397469494,Dignity Unbound,Dignity Unbound,≤100
8532248414,Wounded Warrior Project,"WOUNDED WARRIOR PROJECT, INC.",≤100
710669049286394,Woo the People,Khosro David Illulian,≤100
259212814698356,Democratic Majority for Israel,DMFI PAC,≤100
100123544800892,Disme Coin Company,Byron Michael Laughlin,≤100
160630887998827,Let Them Live,Let Them Live,≤100
198365307706211,Illegal The Project,Illegal The Project,≤100
1003562459729504,Transportation Nation Network,Transportation Nation Network,≤100
1789651861157958,Values To Action,Values to Action,≤100
167473433290992,Inequality.org,Institute for Policy Studies,≤100
313723095478950,The Daily Citizen,Focus on the Family,≤100
579300342209417,Oliver Gilbert,"Oliver Gilbert, Non-Partisan, for Miami-Dade County Commission Dist 1",≤100
2377166239179411,Nancy Goroff for Congress,Goroff for Congress,≤100
751679868274074,Hope for Students,THE EXPECTATIONS PROJECT INC,≤100
336470580233523,Pins and Aces Golf Co.,US Craft Brands LLC,≤100
1947525322184514,One Fair Wage,One Fair Wage,≤100
292351509697,Jerusalem Prayer Team,Jerusalem Prayer Team,≤100
192448150001,Jeff Anderson & Associates,Jeffrey R Anderson PA,≤100
109729897041138,David Richter,David Richter for Congress Inc,≤100
107225484068529,Donna Deegan for Congress,Donna Deegan For Congress,≤100
317667194946264,Ro Khanna,RO FOR CONGRESS INC,≤100
12683623041,Society for Human Resource Management (SHRM),SOCIETY FOR HUMAN RESOURCE MANAGEMENT,≤100
2256321067930356,Liberteeclub,libertyteeshop,≤100
408252582872693,Daniella Levine Cava,"Daniella Levine Cava, Non-Partisan, for Miami-Dade County Mayor",≤100
566008736785269,Be Heard Project,Be Heard Project,≤100
69039563201,Open Doors USA,"OPEN DOORS WITH BROTHER ANDREW, INC.",≤100
101295517956158,Tricia Zunker,Tricia Zunker for Wisconsin,≤100
102952148183474,Kill Deadly Virus,These ads ran without a disclaimer,≤100
1709145412721991,The Center for Growth and Opportunity at Utah State University,The Center for Growth and Opportunity,≤100
460134787357280,Our Health Oregon,OAHHS,≤100
201956993160690,MRCTV,MEDIA RESEARCH CENTER,≤100
375760676281438,Mermaid Straw,Mermaid Straw,≤100
129602743740560,Illinois Family Action,ILLINOIS FAMILY ACTION NFP,≤100
612701059241880,Latinos for Trump,TRUMP MAKE AMERICA GREAT AGAIN COMMITTEE,≤100
10897453188,Operation Mobilization - OM USA,"OPERATION MOBILIZATION USA, INC.",≤100
140357056032320,NEA Today,National Education Association,≤100
2082869332042511,Hope4Orcas,Hope4Orcas,≤100
129523843754764,Vote Smart,PROJECT VOTE SMART,≤100
100401327980848,National Parents Union,National Parents Union,≤100
1605624399676319,AFSCME-Florida,"Pd. pol. adv., AFSCME Florida, 1625 L Street, NW, Washington, DC 20036, independently of any candidate or committee. No candidate has approved this.",≤100
682990071843813,Center for the Study of Liberty,Center for the Study of Liberty,≤100
872842866161157,One Nation Design,One Nation Design,≤100
1765073800454902,Reform Austin,Reform Austin Inc.,≤100
1865047147110748,Death Penalty Action,Death Penalty Action,≤100
100906591716189,Beyond Patriots,Priscilla Bethany Kennedy,≤100
661744180680367,National Police Association,"NATIONAL POLICE ASSOCIATION, INC.",≤100
138400367267,Right Scan Right Time,NATIONAL ELECTRICAL MANUFACTURERS ASSOCIATION,≤100
110061623807565,Kelly Loeffler,Georgians for Kelly,≤100
1099478666810053,Meals For Pets,Meals for Pets,≤100
193618220508,LIFE Today,LIFE Outreach International,≤100
242679302418244,Denison Forum,Denison Ministries,≤100
422202764649078,Rhode Island Department of Education - RIDE,Rhode Island Department of Education,≤100
1476342155924546,Big Rig Threads,Big Rig T-Shirts and Decals LLC,≤100
105966304490303,Rachel4LO,Friends of Rachel Verdick,≤100
149200677056,Americans for Prosperity - Pennsylvania,AMERICANS FOR PROSPERITY,≤100
2146201085498440,Tony Gonzales,Tony Gonzales for Congress,≤100
19474609238,Mercatus Center at George Mason University,Mercatus Center at George Mason University,≤100
113110137118723,Collectible Currency,Christopher Walter Adams,≤100
540707072979860,Brian Maryott,MARYOTT FOR CONGRESS,≤100
21455818797,Feed the Children,"FEED THE CHILDREN, INC.",≤100
130945114804,World Jewish Congress,WORLD JEWISH CONGRESS AMERICAN SECTION INC,≤100
653079394725698,Aspiration,Aspiration,≤100
118303441570966,Home Ownership Matters,NATIONAL ASSOCIATION OF REALTORS,≤100
14038292386,Women for Women International,WOMEN FOR WOMEN INTERNATIONAL,≤100
123838185676931,Quinn Nystrom for Congress,Quinn Nystrom for Congress,≤100
17023576156,The Leadership Conference on Civil and Human Rights,The Leadership Conference on Civil and Human Rights,≤100
1255802544578324,CASA Clark County,YWCA Clark County,≤100
174046949421616,Phenomenal Woman Action Campaign,Phenomenal Woman Action Campaign,≤100
114230073701403,Jetbound Dogs,Miguel Agustin Turk,≤100
802271849850801,Freedom for All Americans,Freedom for All Americans,≤100
49275915266,Marie Stopes International,MSI-US,≤100
281844617168,Jewish Voice Ministries International,JEWISH VOICE MINISTRIES INTERNATIONAL,≤100
171287339973880,LCV Victory Fund,"LCV Victory Fund, 202-785-8683, and not authorized by any candidate or candidate’s committee",≤100
159597424207730,David Perdue,PERDUE FOR SENATE,≤100
27544763621,Prison Fellowship,Brandon Anders Larsen,≤100
169042736456594,All Out,All Out Action Fund.,≤100
108152933883451,TrumpTrendz,Troy Lorenzo Davis,≤100
57495285387,Michael Bennet,BENNET FOR AMERICA,≤100
114475890010131,Piggy Dollar Financial,Tyler Wayne Hedland,≤100
323057528048557,LGBTQ Victory Institute,LGBTQ Victory Institute,≤100
780606555331010,American Student Loan Advocate,ASLR Marketing,≤100
73970658023,International Rescue Committee,International Rescue Committee,≤100
868259909915525,Susie Lee,Susie Lee for Congress,≤100
111581113532778,Yes on 2: Ranked Choice Voting,Ranked Choice Voting 2020 Committee,≤100
121626482110,Operation Smile,"OPERATION SMILE, INC.",≤100
394817334402124,2020 Trump Bill,Innovative Ecomm LLC,≤100
1452551204988299,GoReact,Speakworks Inc,≤100
1869687273277265,Run for Something,Run For Something PAC,≤100
154894841387125,Keep America American,Keep America American,≤100
944885865692767,Trumpy Dumpty,Rebel Games LLC,≤100
122628531096203,Will Start Small,Will Start Small,≤100
646594582623475,Republican Nations,wowengraving,≤100
1488803804538481,Mike Siegel for Congress - TX-10,MIKE SIEGEL FOR CONGRESS,≤100
776264359372720,ConservativeModern.com,ConservativeModern.com,≤100
111111077113790,The Selfless People Movement,"The Selfless People Movement, LLC.",≤100
264774890721566,Clear Energy Alliance,Clear Energy Alliance,≤100
207833736045744,MHAction.org,Kevin R Borden,≤100
39432041915,Capital Research Center,CAPITAL RESEARCH CENTER INC,≤100
231354176962252,Social Work Helper,"Social Work Helper, PBC",≤100
654702428226892,Stop the Corridor,Stop the Corridor,≤100
101391906600,Live Action News,Live Action News,≤100
133294620046953,Mission India,MISSION INDIA INC,≤100
1108138379292447,Wrap Technologies,These ads ran without a disclaimer,≤100
202206013177405,A Safer Eugene & Lane Co. - Oregon,"A Safer Eugene & Lane County, Oregon",≤100
113553048669158,Rick Scott,TEAM RICK SCOTT,≤100
312657362217994,Women's Heart Alliance,Women's Heart Alliance,≤100
232201568659,Pacific Justice Institute,PACIFIC JUSTICE INSTITUTE,≤100
168452723312821,Chisholm Chisholm & Kilpatrick LTD,Chisholm Chisholm & Kilpatrick LTD,≤100
149745555082419,Pioneer Institute for Public Policy Research,"Pioneer Institute, Inc.",≤100
116565033114715,Jean-Pierre Bado for Florida State House Representative - 114,"Jean-Pierre Bado, Democrat, for Florida House 114",≤100
1397456727053085,Georgia Law Enforcement,Georgia Law Enforcement Organization,≤100
80987211775,Bill Cassidy,Bill Cassidy for US Senate,≤100
165734163437699,"Little, Brown and Company","Hachette Book Group, Inc.",≤100
119838236068681,Animal Guardians' Rights Organization,RYAN ALLEN KAS.,≤100
12503116997,Dennis Prager,Salem Media,≤100
1272534336242476,World101,Council on Foreign Relations,≤100
1601467416816223,Lehigh Acres Fire Control and Rescue District,Lehigh Acres Fire Control and Rescue Department,≤100
1653885501501009,Propeller,Propeller Enterprises,≤100
100831001694399,Rave The Vote,Rave The Vote,≤100
87777747127,Greg Palast,Palast Investigative Fund,≤100
2338979479650120,Genevieve Collins for Congress,COLLINS FOR TEXAS,≤100
1438882392887793,ADF Church Alliance,Alliance Defending Freedom,≤100
856086028066485,Persona,"Persona Media, Inc.",≤100
101208514791301,Daniel Turner,Power The Future Inc,≤100
85620546149,Paul Simon Public Policy Institute,Paul Simon Public Policy Institute,≤100
143981748956175,Rural Assembly,Rural Assembly,≤100
164513254148611,America's Voice News,Barbara Jean Lawrence,≤100
114386721939978,The Made in America Store,Anthony Michael Falbo,≤100
271136566298295,Lauren LoGiudice,In the Midst Productions,≤100
101682706561261,"Freedom Watch, Inc.","Freedom Watch, Inc.",≤100
1498561767025112,Zephyr Teachout,Macmillan Publishing,≤100
101352851565699,Somos PAC,SOMOS PAC,≤100
102959799834968,Diane Mitsch Bush for Colorado,DIANE FOR COLORADO CD3,≤100
138141366212571,Gravis Marketing,GRAVIS MARKETING INC.,≤100
728080537326482,The United State of Women,CIVIC NATION,≤100
135997359926517,SSDC Services,Jefery James Wenzel,≤100
1014291495249813,Politicon,Politicon,≤100
1682876188698809,United for Respect,United for Respect,≤100
151944694884237,"Solidarity Strategies, LLC",Solidarity Strategies,≤100
106493481115475,Protect Our Election,Protect Our Election,≤100
28126338304,Surfrider Foundation,"SURFRIDER FOUNDATION, INC",≤100
103131054573692,Crawfordology,Crawfordology,≤100
109114803889902,ProVeg US,ProVeg International,≤100
207549645977714,Families Belong Together,Families Belong Together,≤100
159806794731459,Customized Just For You,Chad William Hatch,≤100
1695950424027488,Andy Hallinan,Andrew Lawrence Hallinan,≤100
1338822066131069,Women's March,Women's March,≤100
680549575421741,UnitedVoice.com,"Beachside Media, Inc.",≤100
112552187080266,Protecting Every Future,American Council of Life Insurers,≤100
5887538795,Education Week,Education Week,≤100
1424655311129385,Proud Pour,Proud Pour,≤100
209046616332309,Xochitl for Congress,XOCHITL FOR NEW MEXICO,≤100
16746288173,Population Services International,POPULATION SERVICES INTERNATIONAL,≤100
105481140904672,Core Prestige,Core Prestige,≤100
107523875954231,Danny Davis,Protect Our Winters,≤100
205795426669644,Facts and Logic about the Middle East,Facts and Logic About the Middle East,≤100
126472371267520,Trump Store,These ads ran without a disclaimer,≤100
98912141410,American Forests,American Forests,≤100
1234251319933440,Exclusive Apparel,The Dude's Threads,≤100
245805692122708,John Lithgow,Chronicle Books,≤100
270826723039149,The Coalition to Protect Americas National Parks,"COALITION OF NATIONAL PARK SERVICE RETIREES, INC.",≤100
1600300510259910,For Our Future Pennsylvania,For Our Future Action Fund,≤100
1764185850558806,Apex Clean Energy,Apex Clean Energy,≤100
103983379801,Texas Democratic Party,Texas Democratic Party,≤100
708375056271048,The Christendom Curriculum,The Christendom Curriculum,≤100
107310044245264,Journal of the Plague Year,Journal of the Plague Year,≤100
583715925012376,Mayor Trent Staggs,Staggs for Mayor,≤100
128342200512304,Cultural Heritage Partners,CULTURAL HERITAGE PARTNERS PLLC,≤100
28446275521,Military Officers Association of America (MOAA),Military Officers Association of America,≤100
171516669541491,Bright Hope,BRIGHT HOPE INTERNATIONAL,≤100
106114264313679,Hunt The Vote,"Hunter Nation, Inc",≤100
100790281739906,Silent Majority Apparel,These ads ran without a disclaimer,≤100
166087830076297,WebPT,WebPT,≤100
105872574403318,Project TAMMI,a research grant at The National Center on Addiction and Substance Abuse (CASA),≤100
115757826468774,Statsigo,Statsigo,≤100
108204035866609,Democrats For Life of America (DFLA),DEMOCRATS FOR LIFE OF AMERICA INC,≤100
8936818385,Accuracy in Media,"ACCURACY IN MEDIA, INC",≤100
23169911720,Chris Mann,Chris Mann Music,≤100
106756327769815,Stand For The Promise,Stand For The Promise,≤100
21492729544,Catholic Relief Services,CATHOLIC RELIEF SERVICES - UNITED STATES CONFERENCE OF CATHOLIC BISHOPS,≤100
109656063871200,Good Gracious,Brittany Marie Hurt,≤100
169204449790211,Conservative News Today,"BizPac Review, Inc.",≤100
216706055016443,Gumball Poodle,Gumball Poodle,≤100
201717576530179,EBZEF - Elizabeth Bowers Zambia Education Fund,ELIZABETH BOWERS ZAMBIA EDUCATION FUND,≤100
100591581698087,Michael James Freedman,Michael James Freedman,≤100
103903914570915,Pro2a,Delta Team Marketing,≤100
657708380952174,Voices of the Civil Rights Movement,Comcast,≤100
44705166993,Vote.org,Vote.Org,≤100
841733696181163,Contest Every Race,Contest Every Race,≤100
101461559911714,The Posh Pearl Apparel Co.,These ads ran without a disclaimer,≤100
9739634228,The Political Machine,"Hitcents.com, Inc",≤100
114008535880,Foundation for Individual Rights in Education,FOUNDATION FOR INDIVIDUAL RIGHTS IN EDUCATION,≤100
36999871079,Survivors of the Abortion Holocaust,Survivors,≤100
96159580682,Maine Democratic Party,MAINE DEMOCRATIC PARTY,≤100
108692310594568,UNITE HERE,UNITE HERE PAC,≤100
1545826148838592,Trump 2020,Gregory Lawrence Burright,≤100
175403889150682,FindLaw.com,FindLaw Consumer,≤100
107107693152888,Anthropocene Alliance,ANTHROPOCENE ALLIANCE,≤100
107781044288555,Red Stripe USA,Reinard Gil Banting,≤100
195620754724,Helping Hand USA,HELPING HAND FOR RELIEF AND DEVELOPMENT INC.,≤100
105561217523274,The_Dispatch,"Dispatch Media, Inc.",≤100
125319303823,Champlain College,Champlain College Incorporated,≤100
746838268687634,Tom O'Halleran,TOM O'HALLERAN FOR CONGRESS,≤100
113460456730293,Ben Salango,Ben Salango for West Virginia,≤100
120778038066631,EveryLibrary,EveryLibrary,≤100
108512875350,The Atlas Society,The Atlas Society,≤100
113677340374880,Make Black Lives Matter,Make Black Lives Matter,≤100
979720542211350,Humanize Being Black,Keyshun Quantarious Holmes,≤100
49414386380,Ilegal Mezcal,Ilegal Mezcal,≤100
100559204891447,Friends of Dr. James St. George,Friends of James St. George,≤100
7976226799,The Daily Show,Comedy Central,≤100
105298561237754,We Are The Vocal Majority,We Are The Vocal Majority,≤100
104881317722736,Get-It-Out,Matthew Justin Viles,≤100
113644103666790,America First,TruthLion,≤100
296093157932840,The Fulcrum,The Fulcrum,≤100
201446296572389,Compassion in World Farming (USA),Compassion in World Farming USA,≤100
298271003840760,Bluestem Kansas,Bluestem Foundation,≤100
124626320898336,Catholic Extension,"CATHOLIC CHURCH EXTENSION SOCIETY OF THE UNITED STATES OF AMERICA, THE",≤100
130936757062757,T-Mobile Workers United (TU),"COMMUNICATIONS WORKERS OF AMERICA, AFL-CIO, CLC",≤100
1399926390134311,Nature's Generator,Huntkey USA Inc,≤100
218020061613734,UBS,UBS Financial Services Inc.,≤100
103376804451432,Trending Politics,Making Web LLC,≤100
514167322309353,Dan Crenshaw,Dan Crenshaw for Congress,≤100
1905515863109983,Power In Cooperation,Power in Cooperation,≤100
278052172260101,ZERO TO THREE,These ads ran without a disclaimer,≤100
168876449866088,The Years Project,The Years Project,≤100
711591068911118,Hilaree Nelson,Protect Our Winters,≤100
106333028376,"Nichols Kaster, PLLP",Nichols Kaster PLLP,≤100
433526590123775,Goodwell Co.,Patrick Ryan Triato,≤100
332172544231683,America's Plastic Makers,"AMERICAN CHEMISTRY COUNCIL, INC.",≤100
1733918116873254,BackWoods Mafia,Landon David Turner,≤100
1837356789847797,Fulcrum News,David George Seaman,≤100
71945223065,Diamond Resorts,Diamond Resorts,≤100
52974817515,Philadelphia 76ers,These ads ran without a disclaimer,≤100
72565633140,Soles4Souls,"SOLES4SOULS, INC.",≤100
2462191704005828,Rainey Center,The Joseph Rainey Center for Public Policy,≤100
174905503013610,Harley Rouda,HARLEY ROUDA FOR CONGRESS,≤100
126191012512830,The Reason You,Growth Galaxy,≤100
263891677826490,Earthsider,Ryan James Martin,≤100
102750021183412,Justice U,Altus Solutions Inc,≤100
467503009987109,"Healthy Forests, Healthy Communities","Healthy Forests, Healthy Communities",≤100
248306181862385,Live Lokai,LOKAI HOLDINGS LLC,≤100
324119001078997,"Sanford Heisler Sharp, LLP","Sanford Heisler Sharp, LLP",≤100
150681061641282,Tri-State G&T,Tri-State Generation Transmission Association Inc,≤100
212375358784914,Ed Brodsky for State Attorney,Ed Brodsky for State Attorney,≤100
1166660030079480,National Democratic Redistricting Committee,National Democratic Redistricting Committee,≤100
151577215422581,Zioness Movement,"Zioness Movement, Inc.",≤100
100152818164922,Husuawe,These ads ran without a disclaimer,≤100
114937555342547,Seth Abramson,Macmillan Publishing,≤100
698400060189827,Dan Sullivan,Alaskans for Sullivan,≤100
237477017606,Club for Growth,Club for Growth,≤100
529154000442477,America Rising,AMERICARISINGPAC.ORG,≤100
75353945070,Boxed Water Is Better,Boxed Water Is Better,≤100
1679521432262834,Physicians Grassroots Network,American Medical Association,≤100
111648480319494,800DEMOCRAT,800DEMOCRAT,≤100
1402827079932843,Low Income Relief,The Lighthouse Information Network LLC,≤100
590905468266473,US Apparel 2020,Americas Finest Products,≤100
1784991421516214,Seek Refuge,Seek Refuge,≤100
106445167434779,Duty and Honor,Duty and Honor,≤100
9394693002,Bloomberg LP,Bloomberg LP,≤100
1962432260715827,Kindhumans,Kindhumans,≤100
1295279420598401,Victoria Spartz,VICTORIA SPARTZ FOR CONGRESS,≤100
48818254473,Alexander Street,PROQUEST LLC,≤100
235762319779450,Omar Navarro,OMAR NAVARRO FOR CONGRESS,≤100
167968013767335,Julie Oliver,JULIE OLIVER FOR CONGRESS,≤100
285992342688,Western Organization of Resource Councils,WESTERN ORGANIZATION OF RESOURCES COUNCILS INC,≤100
102027764795677,American Wire,The USA Wire,≤100
1580652728851833,Jim Justice,Committee to Re-Elect Jim Justice,≤100
56332452163,AMA Patients Action Network,American Medical Association,≤100
109905900573403,BuzzVote2020,Bruce Edward Spector,≤100
103232824659142,Collect Beautiful Moments,Warden Hong Da Chen,≤100
799539910084929,Shaun King,"Premiere Marketing, Inc.",≤100
190987118163092,Connected Clothing Company,Connected Clothing Company,≤100
104373564688946,BLM RI PAC,Black Lives Matter RI PAC,≤100
299295363912730,New Politics Leadership Academy,New Politics Leadership Academy,≤100
104504438466,Federal Voting Assistance Program - FVAP,Federal Voting Assistance Program,≤100
455051657910840,Piper Perabo,COLLECTIVE IMPACT PAC,≤100
1534290989956166,The Philanthropy Roundtable,"PHILANTHROPY ROUNDTABLE, THE",≤100
113335773562471,President Trump For Re-Election,Great American Era,≤100
107624487697615,Ian Richards for Judge,"Committee to Elect Ian Richards, nonpartisan for Circuit Court Judge Group 30",≤100
44224524016,American Kidney Fund,"AMERICAN KIDNEY FUND, INC.",≤100
186805048171120,U.S. & Texas LawShield,Texas LawShield,≤100
1456310534453054,Veteran Loans Online,"LMB OpCo, LLC",≤100
110316697328742,People of Seniors Housing,People of Seniors Housing,≤100
100699775058659,Education Now NC,Education Now,≤100
391872261636792,2020unity,"ForFact LLC, DBA 2020unity",≤100
105835711208027,The Progressive List,THE PROGRESSIVE LIST,≤100
1945237355733646,Giving Brush,Giving Brush LLC,≤100
304252657027476,George Buck,"COMMITTEE TO ELECT GEORGE BUCK, PHD",≤100
294196590710262,FWD.us,FWD.us,≤100
114959470308415,Americans Uniting,Grant Alan Johnston,≤100
111151490241542,Pollemix,Pollemix,≤100
452797224923658,Democratic Coalition Against Trump,THE DEMOCRATIC COALITION,≤100
104667417857551,United Association LLC,United Association LLC,≤100
166246706765337,The Experiment,The Experiment,≤100
122150409780,UC San Diego,University of California San Diego,≤100
416913748508616,We Welcome Refugees,We Welcome Refugees,≤100
100284648021034,New Tolerance Campaign,New Tolerance Campaign,≤100
1013558392124611,One Vote,One Vote Productions LLC,≤100
451224838781405,Patriot Baby,Eric Todd Hunter,≤100
108906707265489,USA Pooch,"PRESIDENTIAL POOCH, INC",≤100
7735858972,Humane Society Legislative Fund,Humane Society Legislative Fund,≤100
103806957816376,Kat Cammack,KAT FOR CONGRESS,≤100
106890801114065,Right Wing Maga,Right Wing Maga,≤100
112556903649130,Louder Than Hate,"Louder Than Hate, LLC",≤100
108112750709849,ATLAS ICE CREAM,These ads ran without a disclaimer,≤100
114623860329716,Daily Positivity Newsletter,John Phillip Angelo Vergara,≤100
384336778589668,Defend Our Constitution,COMMON CAUSE,≤100
110585410627372,Monkeyed Up Equine,"The Business Brokers, Inc.",≤100
117513180002579,John Shallman,Target Marketing Digital,≤100
107199049318619,Friends of Derek Kilmer,PEOPLE FOR DEREK KILMER,≤100
105882964535390,Cats Against Trump,Cats Against Trump,≤100
49059279814,Institute for Justice,INSTITUTE FOR JUSTICE,≤100
1003945899645199,Refuser Solidarity Network,Seth Morrison,≤100
525171637666780,Sandy Piña California Delegate,RCR,≤100
36372698072,FosterClub,"FOSTERCLUB, INC.",≤100
116238930177726,Artsiful,Brad Aaron Shaw,≤100
301302910021410,Virtual Running Club,"Virtual Running Club, LLC",≤100
115950979462,Speak Now for Kids,"NATIONAL ASSOCIATION OF CHILDREN'S HOSPITALS, INC.",≤100
111237577031486,AquiPor Technologies,William Powers,≤100
122360425094991,Nasty Woman Cosmetics,Nasty Woman Cosmetics,≤100
134571176638205,One Tree Planted,One Tree Planted,≤100
1145019702185006,Alliance for Safety and Justice,Alliance for Safety and Justice,≤100
1397799040234106,OpinionUP,OpinionUP LLC,≤100
100119981671668,Blue Senate,BLUE SENATE PAC,≤100
102673738084465,Illuxus,Illuxus,≤100
1497851363851721,QLMS,Quicken Loans Mortgage Services,≤100
109916417384725,Speaking Society Store,These ads ran without a disclaimer,≤100
1802177709900081,The Spectator US,The Spectator US,≤100
115883606515801,Bob Good for Congress,Good for Congress,≤100
255486647814076,Penguin Kids,Penguin Random House,≤100
614134231980299,Veterans Empowered To Protect African Wildlife,VETPAW INC,≤100
2040270322863853,Tina Smith,TINA SMITH FOR MINNESOTA,≤100
105698674239617,Embed News,Embed News,≤100
108433238844,Cweb,CWEB Inc.,≤100
128289862750,Liberty in North Korea,Liberty in North Korea,≤100
422250511163275,REMEDIGAP,Quinn Group LLC,≤100
110588273989071,Joe's Joe,Joes Joe LLC,≤100
434224137354568,Dr. Rich McCormick for Congress,Friends of McCormick,≤100
108421200962025,Miracle Wrap,These ads ran without a disclaimer,≤100
290851614930809,Combat AntiSemitism,Combat Anti-Semitism,≤100
24470472733,The Trevor Project,The Trevor Project,≤100
182620315479,Plan International USA,Plan International USA,≤100
128716440866482,Adam Milstein,Adam Milstein,≤100
1769346463329452,Love Will End Abortion,James R Havens,≤100
105474831199070,Stop GOP Gerrymandering,National Democratic Redistricting Committee,≤100
1399736660066130,Jews for a Secular Democracy,Society for Humanistic Judaism,≤100
12784656483,Union Rescue Mission,Union Rescue Mission,≤100
10760692978,World Hope International,World Hope International,≤100
114289029948093,Denny Doyle,Friends to Re-elect Mayor Denny Doyle,≤100
341240953385902,Force Of Nature Meats,Force of Nature,≤100
113688303742241,The Philadelphia Statement,The Philly Statement,≤100
381894448562692,Southern Oregon Climate Action Now,SOUTHERN OREGON CLIMATE ACTION NOW,≤100
344346245749372,Shore Trendz,RHW.COM LLC/DBA Shore Trendz,≤100
2212066245574161,Sarah Huckabee Sanders,St. Martin's Press,≤100
276708266084189,Ray Dalio,"Principles, LLC",≤100
109097790883988,OurTrump.com,Alan Neil Fink,≤100
123963360928,SiriusXM,SIRIUS XM RADIO INC.,≤100
89324781720,Pat Toomey,Friends of Pat Toomey,≤100
11918108948,African Wildlife Foundation,AFRICAN WILDLIFE FOUNDATION,≤100
110280253735683,Alexandria Ocasio-Cortez Fan Club,Imran M Jemal,≤100
18983389920,Open Society Foundations,Open Society Foundations,≤100
102747281355975,This Is Our Democracy,Julia Carol Peter,≤100
106697787812360,Funny Politically,Quyen Sanh Gip,≤100
107354657614431,JoAnna for Wisconsin,JoAnna for Wisconsin,≤100
2133130356918764,Common Justice,COMMON JUSTICE INC,≤100
101041998305221,The Proud Republicans,Great American Era LLC,≤100
262905633727,Los Angeles Mission,"Los Angeles Mission, Inc.",≤100
505653766599222,America First with Dr. Sebastian Gorka,Salem Media,≤100
123965317665623,N-Hance Wood Refinishing,N-Hance Inc.,≤100
103531607822207,Noticias para Inmigrantes,"Wise Rock Media, PBC",≤100
346937065399354,Occupy Democrats,Omar Rivero,≤100
494259170754224,Keeping IDentities Safe,KEEPING IDENTITIES SAFE,≤100
107889164346056,Build for Inclusion: Here for All,These ads ran without a disclaimer,≤100
112492646811151,California Census,CA Census 2020,≤100
292811880858773,Ocean Voyages Institute / Project Kaisei,Ocean Voyages Institute,≤100
102070364791781,Re-Elect Jerry W. Hinton 2020,Gerald Wayne Hinton,≤100
121033149320,American Indian College Fund,"AMERICAN INDIAN COLLEGE FUND, THE",≤100
808450969246896,"Rebecca Walser, Tax Attorney, CFP",Walser Wealth Management,≤100
107428150756519,US Money Daily,USMoneyDaily,≤100
11234736860,Tom McClintock,McClintock for Congress,≤100
227764782729,AMERICAN - STRONG!,American Strong LLC,≤100
399067003454888,Sudan Relief Fund,Sudan Relief Fund Inc,≤100
185650221903810,Ralph Norman for Congress,RALPH NORMAN FOR CONGRESS,≤100
115848097551,Institute for Women's Policy Research,Institute for Women's Policy Research,≤100
113285443729534,California Freedom,California Freedom,≤100
256760055231702,Beware of B,Beware of B,≤100
103036584847574,The Good Neighbor,Brandon Vu,≤100
206613968946,Jaime Herrera Beutler,JAIME FOR CONGRESS,≤100
93565224474,Mercy For Animals,MERCY FOR ANIMALS,≤100
987698164585861,Citizen Ed,Citizen Education,≤100
182723117043,Chicago Council on Global Affairs,"CHICAGO COUNCIL ON GLOBAL AFFAIRS, THE",≤100
101176014673943,Michelle for Kansas,MICHELLE FOR KANSAS,≤100
304750332920654,Carl DeMaio,Reform California,≤100
22426379899,Workman Publishing,WORKMAN PUBLISHING CO. INC.,≤100
543066585882629,Libertarian Country,Libertarian Country,≤100
431781483507232,Keep Katherine Fernandez Rundle State Attorney,"Katherine Fernandez Rundle, Democrat, for State Attorney",≤100
278052172260101,ZERO TO THREE,ZERO TO THREE,≤100
105953890782784,The Factual,The Factual,≤100
1800072483402009,African Community & Conservation Foundation,African Community & Conservation Foundation,≤100
106203264511020,Washington Changed Katko,DCCC,≤100
17432811417,Working Families Party,Working Families Party,≤100
18017481462,Acton Institute,Acton Institute,≤100
664770743730817,Dan Feehan for Congress,FRIENDS OF DAN FEEHAN,≤100
1741729849281711,Uber & Lyft Sexual Assault Attorneys,Safer America,≤100
356431274698532,Ryan Hampton,Ryan Hampton,≤100
265045056894488,Mark Meckler,Convention of States Action,≤100
460844281074800,Tiny Trump,Eric D Corriel,≤100
175068270105,Seattle's Union Gospel Mission,SEATTLE'S UNION GOSPEL MISSION,≤100
344690446467832,The Copper Courier,"Courier Newsroom, Inc.",≤100
11111618026,Union of Concerned Scientists,"UNION OF CONCERNED SCIENTISTS, INC.",≤100
162019154641651,Deliver Liberty,Deliver Liberty,≤100
135278469828569,Elect John D'Hondt for Volusia County Council District 3,Johan Joseph D'Hondt,≤100
103322426424621,Jonathan Karl,Jonathan David Karl,≤100
101888608186192,MedicalCommunitynet,Medical Community LLC,≤100
60236215646,LGBTQ Victory Fund,LGBTQ VICTORY FUND,≤100
871251496291225,Oran Mor Artisan Mead,These ads ran without a disclaimer,≤100
102213261325325,Timothy Aldal for Oregon,Timothy Wayne Aldal,≤100
1487185301595755,Wish Local,These ads ran without a disclaimer,≤100
180230069923,American Life League,American Life League,≤100
100474961642130,Halo Life,These ads ran without a disclaimer,≤100
108090464296366,Republican Patriots,I Love My Freedom,≤100
25121889784,Texas Public Policy Foundation,Texas Public Policy Foundation,≤100
117144508670456,GUNVOTE,National Shooting Sports Foundation,≤100
469609533112889,iDisciple,iDisciple,≤100
79047202856,People's World,People's World,≤100
322771814739545,Everyone In LA,"UNITED WAY, INC.",≤100
468906559794011,LaunchGood,LaunchGood Inc.,≤100
2286498611591756,Doveworx,Doveworx,≤100
315151565831,Ascension,Ascension Press,≤100
1404914223144340,Great Big Story,"Turner Broadcasting Sales, Inc",≤100
130668606428,Natur-Tec® Sustainable Biobased Materials,Natur-Tec,≤100
300992409852,Hoover Institution,Hoover Institution,≤100
1400371370253041,Eagan Immigration,Eagan Immigration,≤100
398977847323767,Texas Signal,Texas Signal Media Company,≤100
1028908663935923,Americans for Fair Treatment,Americans For Fair Treatment,≤100
374848446414965,Pollking,Benjamin Aaron Perlman,≤100
161186620643972,American Institute for Economic Research,AMERICAN INSTITUTE FOR ECONOMIC RESEARCH,≤100
5457479962,Diabetes Daily,Thrivable,≤100
1708467695859543,Veteran Transition Mission,Sonia Ivelisse Barriera Ayala,≤100
266903613999178,Rayonier,RAYONIER INC.,≤100
108838804083071,Etch The Edges,Critical Thinking Minds - DS Brown,≤100
145856919176812,BridgeTower Media,BridgeTower Media,≤100
59254639983,Boston Medical Center,BOSTON MEDICAL CENTER,≤100
953113491536337,Black to the Future Action Fund,Black to the Future Action Fund,≤100
139700496669066,1 VoteCloser,1 VoteCloser,≤100