﻿Page ID,Page Name,Disclaimer,Amount Spent (USD)
153080620724,Donald J. Trump,TRUMP MAKE AMERICA GREAT AGAIN COMMITTEE,8648
7860876103,Joe Biden,BIDEN VICTORY FUND,5052
259130650776119,Mitch McConnell,MCCONNELL SENATE COMMITTEE,3121
916623425064173,One Nation,One Nation,2580
1771156219840594,Team Trump,TRUMP MAKE AMERICA GREAT AGAIN COMMITTEE,2356
6726182861,Mike Pence,TRUMP MAKE AMERICA GREAT AGAIN COMMITTEE,2201
156968474833352,Stop Republicans,Stop Republicans,1721
925007000949719,ExxonMobil,Exxon Mobil Corporation,1637
172758932738142,PhRMA,PHARMACEUTICAL RESEARCH AND MANUFACTURERS OF AMERICA,921
165987503528599,Lindsey Graham,"TEAM GRAHAM, INC.",626
9324910069,NRSC,NRSC,605
108824017345866,Facebook,"Facebook, Inc.",592
127755494595870,Progressive Takeover,PROGRESSIVE TAKEOVER,566
2283535575207809,Ditch Mitch,DITCH FUND,533
156474368333576,Secure Democracy,Secure Democracy,526
202626512363,U.S. Census Bureau,U.S. Census Bureau,524
314499212242,Pfizer,Pfizer Inc.,520
260244824449371,Consumers for Quality Care,Consumers for Quality Care,501
791543660926838,"I'll go ahead and keep my guns, Thanks",2A4LIFE LLC,495
120372738138649,LG&E and KU,LG&E AND KU ENERGY LLC,488
373814729643508,Let America Vote,Let America Vote PAC and National Democratic Redistricting Committee,463
373814729643508,Let America Vote,LET AMERICA VOTE PAC,461
665345483483486,NRA - National Rifle Association of America,NATIONAL RIFLE ASSN OF AMERICA,365
2352630938293825,Mytacticalpromos,Entremax,356
1615018905412860,Progressive Turnout Project,PROGRESSIVE TURNOUT PROJECT,349
111393882812494,Amy McGrath,"AMY MCGRATH FOR SENATE, INC.",348
104856814505092,The Kids Guide,The Kids Guide,308
96935476345,Democratic Governors Association (DGA),DEMOCRATIC ACTION,302
2267285956849056,Donald Trump 2020 Fans,I Love My Freedom,298
127225910653607,PragerU,PragerU,296
1179947005448206,Own It Voice It,"RAI Services Company, a subsidiary of Reynolds American Inc.",289
57259033959,AARP,AARP,287
96935476345,Democratic Governors Association (DGA),Democratic Governors Association,270
153080620724,Donald J. Trump,"DONALD J. TRUMP FOR PRESIDENT, INC.",255
260754507296508,The Voter Participation Center,Voter Participation Center,253
81185680159,Kentuckians For The Commonwealth,KENTUCKIANS FOR THE COMMONWEALTH,235
345504286342057,Keeping America Great Again,RightWingGear.com,221
328853823844484,Balance of Power,Balance of Power,194
101279451606075,Democratic Strategy Institute,Democratic Strategy Institute,192
168051710543266,Lacy Johnson,Lacy Johnson for Congress,191
176789922364429,Steve Daines,STEVE DAINES FOR MONTANA,163
106244251043808,Reuse Plastics,"AMERICAN CHEMISTRY COUNCIL, INC.",160
830121337093232,National Democratic Training Committee,NATIONAL DEMOCRATIC TRAINING COMMITTEE PAC,152
114710126648118,Republican Dogs,Republican Dogs,149
228754857151053,House Majority PAC,House Majority PAC,145
6204742571,Sierra Club,SIERRA CLUB,137
158791100909689,Concerned Veterans for America,Concerned Veterans for America,135
963696287027083,Americans for Transportation Mobility Coalition,Maurice Alan Tobin,129
277005566267077,Blueland,Blueland,122
107858693983382,The GOP Shop,The GOP Shop,119
18982436812,ACLU,American Civil Liberties Union,119
109379100777665,Patriotism Isn't Dead,Patriot Polling,116
105756057589080,The Lincoln Project,The Lincoln Project,114
602714436529710,End Citizens United,END CITIZENS UNITED,114
1374134752633656,New Health Plans,Shop Insurance Plans,113
1449461518652183,4Patriots,4Patriots LLC,112
105577974544303,The USA Needs More Patriots,Anthony Alexander Morales,104
342294162453301,Planned Parenthood,Planned Parenthood Federation of America,103
717115395103069,PrintedKicks,Printed Kicks,103
1674840839435526,Fleming for Kentucky,FLEMING FOR KENTUCKY,102
328072970642479,Jaime Harrison,JAIME HARRISON FOR US SENATE,101
85452072376,Newsmax,Newsmax Media,≤100
115985765081573,Campaign Legal Center,"CAMPAIGN LEGAL CENTER, INC, THE",≤100
100137754724934,Trump 2020 Supporters,Proud Right Winger,≤100
25852730092,Care2,Care2 Inc,≤100
2353537341582545,Proud Patriots,Proud Patriots,≤100
587560171926370,Small Business Recovery Initiative,"Small Business Recovery Initiative, Inc",≤100
109111900634787,Reverend Raphael Warnock,WARNOCK FOR GEORGIA,≤100
92021268117,Working America,Working America,≤100
1528980567353817,Love Has No Labels,Love Has No Labels with Facebook Ad Credits,≤100
305832706292882,American Gun Association,GunAssociation.org,≤100
461204744067686,Family Protection Association,Family Protection Association,≤100
7860876103,Joe Biden,BIDEN FOR PRESIDENT,≤100
17023576156,The Leadership Conference on Civil and Human Rights,The Leadership Conference on Civil and Human Rights,≤100
213792049451918,Stand For America,Stand For America Inc,≤100
51405613519,Focus on the Family,Focus on the Family,≤100
642587263042784,Trumpcare Healthcare,Stuart Joseph Millar,≤100
327837911149503,2A4Life,2A4LIFE LLC,≤100
737686089933715,Conservative Collections,Mainline Media Group,≤100
7263476274,Mercy Corps,Mercy Corps,≤100
23875187730,Feeding America,Feeding America,≤100
2330577043935831,Sara Gideon,SARA GIDEON FOR MAINE,≤100
7814597100,Jim Jordan for Congress,JIM JORDAN FOR CONGRESS,≤100
102671331487937,I Love My Freedom Store,I Love My Freedom,≤100
1316372698453411,Alexandria Ocasio-Cortez,Alexandria Ocasio-Cortez for Congress,≤100
355316521236121,John Cornyn,TEXANS FOR SENATOR JOHN CORNYN INC.,≤100
103654464668995,Home With Our Family,Alexander Chung,≤100
476079736080232,Derek Lewis KY State Representative,Derek Joel Lewis,≤100
108118933908193,Next Level Goods,Next Level Goods LLC,≤100
114501575391943,Compare Medicare Quotes,Benepath,≤100
1883837055193241,Shield Republic,Shield Republic,≤100
1316372698453411,Alexandria Ocasio-Cortez,THE SQUAD VICTORY FUND,≤100
100150218438227,Samuel Bruce Herald for Circuit Judge - 39th Judicial District,Committee to Elect Herald Circuit Judge,≤100
677005135756125,Community Catalyst Action Fund,Community Catalyst Action Fund,≤100
106667854471975,Outspoken,Log Cabin Republicans,≤100
106323360959211,Patriots Republic,Matthew James Stine,≤100
108683164271262,Patriots for Life,Grant Alan Johnston,≤100
1109093812491437,Blaze Media,Blaze Media LLC,≤100
106094077803532,Our National Family,Patrick Le Tran,≤100
2037695643113766,Blexit,Blexit Foundation,≤100
49651563727,Live Action,Live Action,≤100
106114264313679,Hunt The Vote,"Hunter Nation, Inc",≤100
100256754899828,Patriot's Cave,Patriots Cave,≤100
109304380555160,Mike Eaves for State Representative,Mike Eaves for State Representative,≤100
105577974544303,The USA Needs More Patriots,AmeriPolling,≤100
481559282597914,TrumpersUnite,Respect The Look,≤100
100475351671536,Cameron Adams for 39th Circuit Judge,Robert Cameron Adams,≤100
132492254050920,American AF,AAF Nation,≤100
834645469890446,Devin Nunes,DEVIN NUNES CAMPAIGN COMMITTEE,≤100
2185993931653388,The Recount,"Recount Media, Inc",≤100
393932827634250,Dissent Pins,Common Practice,≤100
278490715553293,Martha McSally,MCSALLY FOR SENATE INC,≤100
977704775606273,Balls Deep Tackle,Balls Deep Tackle,≤100
1061240530648502,Joe Collins,JOE COLLINS FOR CONGRESS,≤100
681745912255844,John Cummings for Congress,CUMMINGS FOR CONGRESS,≤100
159964696102,Kevin McCarthy,KEVIN MCCARTHY FOR CONGRESS,≤100
103597604713894,Team Trump Store,TRUMP MAKE AMERICA GREAT AGAIN COMMITTEE,≤100
101237551589520,Tactical Patriot,Trizzie Truong,≤100
163148530407080,Captain Mark Kelly,MARK KELLY FOR SENATE,≤100
560140464159364,Stand for the 2nd Amendment,SFT2 Tactical Supply,≤100
598924810530984,Keeping America Great,FamTeeWorld,≤100
7483836629,Ancestry,Ancestry.com Operations Inc.,≤100
21472760578,C-SPAN,C-SPAN,≤100
8501031021,VoteVets.org,VOTEVETS,≤100
116222966843926,US Concealed,US Concealed,≤100
101210588150219,Boy Scouts Abuse Claims,X Social Media LLC,≤100
219612384781411,Bloomberg Philanthropies,Bloomberg Philanthropies,≤100
108901687567015,Patriots Sound Off,Richard Brochetti,≤100
8047221596,Save the Children US,"SAVE THE CHILDREN FEDERATION, INC.",≤100
1909465542698901,Nelson Recruiting LLC,Jessica Larea Nelson,≤100
111428049989,Cal Cunningham,CAL FOR NC,≤100
971668776283950,PolicyEd,Hoover Institution,≤100
87186661244,Johns Hopkins Bloomberg School of Public Health,Johns Hopkins Bloomberg School of Public Health,≤100
107210084216238,Humanity Forward,Humanity Forward,≤100
8934429638,Planned Parenthood Action,Planned Parenthood Action Fund,≤100
108794587327155,Good Programs 2020,Trevor Dale Seaks,≤100
106224464107240,Jo Jorgensen,Jo Jorgensen for President,≤100
192015461630968,Supporting Our Brave Veterans,James Brian Plouf,≤100
221890358218748,Til Valhalla Project,Til Valhalla Project,≤100
223008867858902,American Action News,American Action News,≤100
7292655492,MoveOn,MOVEON.ORG POLITICAL ACTION,≤100
100517105076564,Shining Lifetime,Daniel Vasquez,≤100
530604487365010,Old Glory Flagpole Kits,Service First,≤100
115379705206001,U.S. Department of Homeland Security Blue Campaign,DHS Blue Campaign,≤100
596556607135301,The Earthling Co.,The Earthling Co.,≤100
167586229923327,World Food Program USA,World Food Program USA,≤100
1443127535947107,Save the Children Action Network,Save the Children Action Network,≤100
8325302025,Friends of the Earth U.S.,Friends of the Earth,≤100
7833534974,Florida Democratic Party,Florida Democratic Party,≤100
30139072158,CARE,CARE,≤100
106663044307859,Mike Sievert,"T-MOBILE USA, INC.",≤100
530604487365010,Old Glory Flagpole Kits,Service First Flag Poles,≤100
309308412520731,Sandy Hook Promise,Sandy Hook Promise,≤100
86599604085,Kentucky Chamber of Commerce,Kentucky Chamber of Commerce,≤100
322551718276442,Lemons Are Blue,Lockwell LLC,≤100
788394134539871,USPS Business,United States Postal Service,≤100
215968684159,AFT - American Federation of Teachers,American Federation of Teachers,≤100
101690998009007,Improving Life Through Health,Nicolette Dalan,≤100
223917954303448,Friends of Coal-Kentucky,Friends of Coal-Kentucky,≤100
2078647579047586,Project Pulso,Project Pulso,≤100
309798029121030,Everytown for Gun Safety,Everytown for Gun Safety Action Fund Inc,≤100
347063211984370,Fed of American Hospitals,Federation of American Hospitals,≤100
420785874975425,Conservative Institute,The Conservative Institute,≤100
934438026690635,YouGov,YOUGOV AMERICA INC.,≤100
92925746942,Judicial Watch,Judicial Watch,≤100
1010143499143169,Medicare Savings,"Mayo Labs, LLC",≤100
104684067632334,Unite the Country,UNITE THE COUNTRY,≤100
45393753416,Alliance Defending Freedom,Alliance Defending Freedom,≤100
15188122178,The Hamilton Collection,The Hamilton Collection,≤100
21559454473,FAIR,FEDERATION FOR AMERICAN IMMIGRATION REFORM,≤100
2309566456030859,Human Coalition Action,Human Coalition Action,≤100
592707041080920,Stand Together,Stand Together Chamber of Commerce Inc.,≤100
257019421075897,Cory Gardner,Cory Gardner for Senate,≤100
36474716066,Color Of Change,ColorofChange.org,≤100
1809078699219595,Fat Tire,"NEW BELGIUM BREWING COMPANY, INC.",≤100
113666459994300,Big Dan Rodimer for Congress,RODIMER FOR CONGRESS,≤100
106949844346620,Trumpian Republicans,Gregory Lawrence Burright,≤100
104614641200137,MeidasTouch,MEIDASTOUCH,≤100
261663760956534,America First Policies,America First Policies Inc,≤100
1447994318779650,AirMedCare Network,AIrMedCare Network,≤100
15687409793,World Wildlife Fund,World Wildlife Fund,≤100
417522508294454,Job Creators Network,Job Creators Network,≤100
1204754733024419,People's Power Grab,ACRONYM,≤100
46093654473,National Republican Congressional Committee,NRCC,≤100
202067433160375,Level Press,Braddock USA,≤100
1799282383731277,TwoSeventy,Alexander Jared Deutsch,≤100
240937060405,Center for Science in the Public Interest (CSPI),CENTER FOR SCIENCE IN THE PUBLIC INTEREST,≤100
108029674299216,We The People,We The People,≤100
42002969352,Center on Budget and Policy Priorities,Center on Budget and Policy Priorities,≤100
1836138529938551,Greater Half,Greater Half,≤100
53541257714,The Arc of the United States,The Arc with Facebook Ad Credits,≤100
21375324480,The Heritage Foundation,HERITAGE FOUNDATION (THE),≤100
108793243989822,Shannon Fabert,Fabert for the Fourth,≤100
110987110398146,Make Liberty Win PAC,MAKE LIBERTY WIN,≤100
72186095846,Center For American Progress Action Fund,Center for American Progress Action Fund,≤100
245284549333866,ASMDSS,ASMDSS,≤100
629732217415068,Republican Party,Greater Half,≤100
1393911800825140,OZY,OZY Media Inc,≤100
205395906412,UAW International Union,"INTERNATIONAL UNION, UNITED AUTOMOBILE, AEROSPACE AND AGRICULTURAL IMPLEMENT WORKERS OF AM",≤100
109052277514379,Kentucky Comeback,Kentucky Chamber of Commerce,≤100
202600839762879,I Am Pro-Life,Focus on the Family,≤100
134452023239984,Human Coalition,Human Coalition,≤100
114625730266879,Republican Voters Against Trump,Defending Democracy Together,≤100
104934207736995,Paycheck to Paycheck,Center for American Progress Action Fund,≤100
100798594958887,inseparable,Inseparable Action Inc,≤100
110018833813683,Flip the Senate,SMP,≤100
679171239164792,Supermajority,Supermajority,≤100
6820348410,Kirsten Gillibrand,Off the Sidelines,≤100
360424321432255,Doha Debates,Doha Debates,≤100
8492293163,Environmental Defense Fund,Environmental Defense Fund,≤100
129255907131113,NumbersUSA,NUMBERSUSA EDUCATION AND RESEARCH FOUNDATION,≤100
325578590837480,Protect Our Care,Sixteen Thirty Fund,≤100
111023584012681,Open Road Homeward,Samantha Lyn Weldon,≤100
344698182742317,Jefferson County Clerk's Office,Jefferson County Clerk's Office,≤100
610790429573292,Promises Made Promises Kept,Promises Made Promises Kept,≤100
120942041354678,Marilyn Parker for Metro Council,Marilyn Parker for Metro Council,≤100
1438808983108348,BOLD PAC,CHC BOLD PAC,≤100
419992651425033,Guardianes del Pueblo-Consumer Law Group,Consumer Law Group,≤100
121334127915677,Main Street Portsmouth Farmer's Market on the Esplanade,Main Street Portsmouth,≤100
102781694834193,American Herald,America First Action,≤100
102916288137405,The Daily Republican,USA Movements LLC,≤100
675471506247724,Adair for Congress,ADAIR FOR CONGRESS,≤100
107589664099282,Stand Up To China,"Stand Up To China, Inc.",≤100
1336293769761923,Jon Ossoff,JON OSSOFF FOR SENATE,≤100
103315378108004,True Patriot Strength,LE-HUU DONG HUYNH,≤100
605168822998856,314 Action,314 ACTION FUND,≤100
209516845093,NRDC Action Fund,NRDC Action Fund,≤100
166618413413767,Jay Sekulow,American Center for Law and Justice,≤100
16477459734,League of Conservation Voters,"LEAGUE OF CONSERVATION VOTERS, INC",≤100
149081336362,AmeriCorps VISTA,Corporation for National and Community Service,≤100
107654924064350,Pat Timmons-Goodson,PATRICIA TIMMONS-GOODSON FOR CONGRESS,≤100
342887442508723,Convention of States,Convention of States Action,≤100
100415021774551,Patriotic Stances,Korie Lynn Padgett,≤100
405469100189512,Still My President - Donald Trump,Red State Politics LLC,≤100
18813753280,Human Rights Campaign,"HUMAN RIGHTS CAMPAIGN, INC.",≤100
215830238462422,The LIBRE Initiative,The Libre Initiative,≤100
296708523873754,Karla Dennis and Associates Inc.,"Karla Dennis & Associates, Inc",≤100
278487153675,Redneck Nation Clothing,Tracie Milliron Gold,≤100
6500552187,Hulu,"HULU, LLC",≤100
369214063089791,Lummis for Wyoming,LUMMIS FOR WYOMING INC.,≤100
17911165812,Covenant House International,Covenant House,≤100
1526736227567131,TrueCoverage,True Coverage,≤100
100177518473235,The GOP Shop,John Allen Franson,≤100
911828698840246,ReLEntless Defender Apparel,ReLEntless Defender Apparel,≤100
178024352559210,Great America PAC,GREAT AMERICA PAC,≤100
155901927790766,West Virginia American Water,West Virginia American Water Company,≤100
780941275347834,Ilhan Omar,ILHAN FOR CONGRESS,≤100
167436749970543,Right to Life of Southwest Indiana,Right to Life of Southwest Indiana,≤100
376776419037747,Turning Point USA,Turning Point USA,≤100
103644036958,United Association,United Association Political Education Committee,≤100
101136147910784,Represent Justice,Represent Justice,≤100
109360297266116,Fearless Patriot,TERESA NONE OHARA-MARSH,≤100
61265398450,AmeriCorps NCCC,Corporation for National and Community Service,≤100
263210730984251,We Are Great Again Pac,WE ARE GREAT AGAIN PAC,≤100
6041057841,The Humane Society of the United States,"HUMANE SOCIETY OF THE UNITED STATES, THE",≤100
10498053716,Media Research Center,MEDIA RESEARCH CENTER,≤100
6333396177,NewsBusters.org,MEDIA RESEARCH CENTER,≤100
10423517786,Harvard Business Review,HARVARD BUSINESS SCHOOL PUBLISHING CORPORATION,≤100
50982313030,Food & Water Watch,Food & Water Watch,≤100
1530883997194411,United States Constitution,Flag and Cross,≤100
1859113087545137,Learn Everywhere,"yes. every kid, Inc.",≤100
153678684700451,American Investment Council,AMERICAN INVESTMENT COUNCIL,≤100
892673067526965,Project War Path,Project War Path,≤100
100233228182981,Madison Cawthorn for Congress,CAWTHORN FOR NC,≤100
245741028804051,Barbara Sinatra Center,Barbara Sinatra Children's Center,≤100
7686808625,Jim Inhofe,FRIENDS OF JIM INHOFE,≤100
27544763621,Prison Fellowship,Prison Fellowship,≤100
77903485992,Concerned Women For America LAC,CONCERNED WOMAN FOR AMERICA LEGISLATIVE ACTION COMMITTEE,≤100
33110852384,Doctors Without Borders/Médecins Sans Frontières (MSF),Doctors Without Borders/Médecins Sans Frontières (MSF),≤100
130467958471,Jason Lewis,Jason Lewis for Senate,≤100
163302087408673,Stop The Donald,Stop the Donald,≤100
102617961152741,Barbara Bollier,BOLLIER FOR KANSAS,≤100
277414242013,Joyce Elliott for Congress,JOYCE ELLIOTT FOR CONGRESS,≤100
105084617912738,PatriotQuizzes,patriotquizzes.com,≤100
32975139631,If Americans Knew,If Americans Knew,≤100
272618896537776,America First Agenda,America First Agenda PAC,≤100
143089732792,Marsha Blackburn,Blackburn Tennessee Victory Fund,≤100
206677396413254,Abortion On Our Own Terms,Abortion On Our Own Terms,≤100
101591551371555,Fire Mitch. Save America.,SAVE AMERICA FUND,≤100
19192438096,AAAS - The American Association for the Advancement of Science,American Association for the Advancement of Science,≤100
101525774999212,BLM,Bryan Daley,≤100
101278694809805,Meme2020,Meme2020,≤100
1614690395258056,Into Action,Into Action,≤100
103026384819654,How to Vote,ACRONYM,≤100
102478061559294,Convention on Founding Principles,Convention on Founding Principles,≤100
1268410219898273,Tango Tango,Tango Tango Inc,≤100
134973443810122,Grammer For KY House District 36,Paid for by Grammer4House Campaign - 2,≤100
114893233534632,Taking Back America,Apse Media LLC,≤100
107197277617093,VoteSafe,National Vote At Home Institute,≤100
80562389320,NARAL Pro-Choice America,NARAL Pro-Choice America,≤100
116534199732974,USA Carry Online,USA Carry Online,≤100
6236054211,Brady,Brady Campaign to Prevent Gun Violence,≤100
42872222699,Dana Loesch,Dana Loesch Radio,≤100
102745147891580,Trump Coolers,Eric Clifford Juels,≤100
493811210669780,Creative Action Network,Creative Action Network,≤100
107847454354960,Weekly American Lifestyle,Steve San,≤100
1600352356914768,PushBlack,PushBlack,≤100
331037760381749,Sierra Magazine,SIERRA CLUB,≤100
87977452433,Zumiez,Zumiez,≤100
555787351119974,Coalition to Protect America's Health Care,Coalition to Protect America's Health Care,≤100
6231686654,Compassion International,"COMPASSION INTERNATIONAL, INCORPORATED",≤100
118502801658228,Young Kim,Young Kim for Congress,≤100
1917715138510680,Follow Your Legend,Legend Bracelet,≤100
41182871633,National Museum of American Jewish History,National Museum of American Jewish History,≤100
746938465317981,Nuclear Matters,Nuclear Matters,≤100
11791104453,NRDC,Natural Resources Defense Council,≤100
23790541544,Democrats,DCCC,≤100
1551109418518461,The Honest Patriot,Amundson Media LLC,≤100
30708742052,FCTRY,FCTRY,≤100
18709174006,National Audubon Society,"NATIONAL AUDUBON SOCIETY, INC.",≤100
852784198406948,Boy Scouts Investigation,These ads ran without a disclaimer,≤100
83290028957,Care Net,CARE NET,≤100
140357056032320,NEA Today,National Education Association,≤100
206743952696198,Lower My Bills,"LMB OpCo, LLC",≤100
30914589895,The International Fellowship of Christians and Jews,"INTERNATIONAL FELLOWSHIP OF CHRISTIANS & JEWS, INC.",≤100
27311599342,Preemptive Love,Preemptive Love Coalition,≤100
217976018236954,OutKick,Outkick Media LLC,≤100
1912943255631432,Renee Hoyos for Congress,HOYOS FOR CONGRESS,≤100
104170004713256,Elect Black Democrats,THE COLLECTIVE PAC,≤100
38235851310,USA for UNHCR,UNITED STATES ASSOCIATION FOR UNHCR,≤100
293225127381200,Patriot Depot,The Patriot Depot,≤100
5633824547,FreedomWorks,"FREEDOMWORKS, INC.",≤100
114302593701939,Silent Majority Member,Silent Majority Member,≤100
105732744375701,Steve Bullock,MONTANANS FOR BULLOCK,≤100
5720973755,Defenders of Wildlife,DEFENDERS OF WILDLIFE,≤100
112420993589373,Young and Old for America,Andrew Joseph Young,≤100
100391581727524,Defeat By Tweet,DEFEAT BY TWEET,≤100
593289284500311,Trump Rack,BOXD Marketing,≤100
720943967965149,AFSCME Retirees,AMERICAN FEDERATION OF STATE COUNTY & MUNICIPAL EMPLOYEES,≤100
46347342434,EMILY's List,EMILY'S LIST,≤100
118612899940606,Mercer County Solar Project,Mercer County Solar Project,≤100
184731548554164,PL+US,Plus Fund: Paid Leave for the United States,≤100
242679302418244,Denison Forum,Denison Ministries,≤100
628891490457484,Nancy Mace,Nancy Mace for Congress,≤100
24330467048,Americans for Prosperity,AMERICANS FOR PROSPERITY,≤100
1690071827911682,Cleancult,cleancult,≤100
112735922758892,Charlie Kirk,Charlie Kirk,≤100
109459597525704,Living in Liberty,Korie Lynn Padgett,≤100
1809715209318581,Marjorie Taylor Greene for Congress,GREENE FOR CONGRESS,≤100
169597416843751,Stand Up America,Stand Up America,≤100
105536127617594,The American Digest,The American Digest,≤100
110010433804232,Falkirk Center,Falkirk Center,≤100
104644481159870,The Mitch McConnell Retirement Committee,Indivisible Project,≤100
165238836870566,MRC Culture,MEDIA RESEARCH CENTER,≤100
482899722113894,Peymynt Financial,Peymynt Financial,≤100
267180743723148,National Geographic Society,National Geographic Society,≤100
305643856459460,Burgess Owens,Burgess 4 Utah,≤100
67626834312,National Women's Law Center,National Women's Law Center,≤100
96171427550,Raja for Congress,FRIENDS OF RAJA FOR CONGRESS,≤100
36872302227,Cory Booker,Cory Booker for Senate,≤100
139599847972,National Nurses United,National Nurses United,≤100
103185334702225,Stop Trump PAC,STOP 45 PAC,≤100
111277640428691,President Donald J. Trump 2020,Trump Collections,≤100
894096170667732,Ashley Hinson,Ashley Hinson For Congress,≤100
102592959026,Ocean Conservancy,"OCEAN CONSERVANCY, INC.",≤100
100401327980848,National Parents Union,National Parents Union,≤100
501845673996592,Patriotic Helping Hands,Jae W Seo,≤100
101459098271864,Vets United,Jae W Seo,≤100
109092142462587,Adam Schiff,SCHIFF FOR CONGRESS,≤100
1691667177798461,Brut,Brut,≤100
79125112926,Students for Life of America,"STUDENTS FOR LIFE OF AMERICA, INC.",≤100
113266897143669,Stand To Defend,Korie Lynn Padgett,≤100
217569858071,Areva Martin,Areva Denise Martin,≤100
345378512258813,Elise Stefanik,ELISE FOR CONGRESS,≤100
181924628560212,SumOfUs,SumOfUs,≤100
112694470356789,Trumpcare For America,Stuart Joseph Millar,≤100
213687698658,Americans for Prosperity Foundation,Americans for Prosperity Foundation,≤100
105010030848236,Bryant Cameron Webb,DR. CAMERON WEBB FOR CONGRESS,≤100
108273884315449,Real American Patriot,Gold Sky Ventures LLC,≤100
711478725532801,Civiqs,Civiqs,≤100
105433064492153,The Return 2020,The Return International,≤100
719913581472398,Napoli Shkolnik PLLC,Napoli Law,≤100
2068988876444634,Stand Up for Accurate Prenatal Answers,STAND UP FOR ACCURATE PRENATAL ANSWERS INC,≤100
467804929927622,Jason Smith,JASON SMITH FOR CONGRESS,≤100
176099072429809,Oceana in Florida,OCEANA,≤100
1439829396312534,The Movement for Black Lives,Movement for Black Lives,≤100
192771954102960,Jordan Sekulow,American Center for Law and Justice,≤100
101780244682530,Jason Keller for Mayor of Frankfort,Jason R. Keller,≤100
102756811269921,Fellow Americans,Fellow Americans,≤100
216311481960,Bill Gates,Bill Gates,≤100
101164484986617,To Be Frank Show,Real News PR,≤100
389002298352371,American Senior Benefits,John M Davis,≤100
104371874433677,Glenn Hammond for Senate,Glenn Martin Hammond for State Senate,≤100
162493793737,Rick Green,Richard Arlin Green,≤100
700806360047982,CFG Action,Club for Growth Action,≤100
655065784538368,PredictIt,"PredictIt - Prediction Markets. A project of Victoria University of Wellington, PredictIt has been established to facilitate research into the way markets forecast events.",≤100
6820348410,Kirsten Gillibrand,Gillibrand for Senate,≤100
122894447754361,Institute for New Economic Thinking,"INSTITUTE FOR NEW ECONOMIC THINKING, THE",≤100
100699775058659,Education Now NC,Education Now,≤100
356482637745012,Stansberry Research,Stansberry Research,≤100
8550121410,Free Speech America Project,MEDIA RESEARCH CENTER,≤100
19554217292,American Heart Association: You're the Cure,American Heart Association,≤100
137737302951973,Kentucky Center for Economic Policy,MOUNTAIN ASSOCIATION FOR COMMUNITY ECONOMIC DEVELOPMENT INC,≤100
465483726908192,iVote,IVote Civic Education Fund,≤100
102636677971854,Trump Is The Storm,Legendary Trump Coins,≤100
258470931719484,The Why Minutes,The Why Minutes,≤100
255208337943901,Jobs Growth,"JOBS FREEDOM AND SECURITY PAC, Not authorized by any candidate or candidate’s committee.",≤100
115364585711,Lawyers' Committee for Civil Rights Under Law,Lawyers' Committee for Civil Rights Under the Law with Facebook Ad Credits,≤100
333710103706307,Giffords,GIFFORDS PAC,≤100
169130743498585,Tactical Pro Supply,Chad Keller,≤100
28510612138,Uncommon Knowledge,Hoover Institution,≤100
17203056985,Partners In Health,Partners In Health,≤100
55549065733,Voto Latino,Voto Latino with Facebook Ad Credits,≤100
102315958243776,Patriotic Freedom,Vivian Lam Nguyen,≤100
100719625004234,Home and Community,Cynthia Nguyen,≤100
408250066356,Bill O'Reilly,"Bill Me, Inc.",≤100
259212814698356,Democratic Majority for Israel,Democratic Majority for Israel,≤100
19420215926,CNSNews.com,MEDIA RESEARCH CENTER,≤100
112488757165613,Blue Line Stockpile,Blueline Stockpile,≤100
51379424899,Mercy Ships,MERCY SHIPS INTERNATIONAL,≤100
97493741436,John W. Hickenlooper,HICKENLOOPER FOR COLORADO,≤100
34362997676,United States Holocaust Memorial Museum,UNITED STATES HOLOCAUST MEMORIAL MUSEUM,≤100
537534316395916,Students for Trump,Turning Point Action,≤100
302182941354,AARP Advocates,AARP,≤100
317284821682168,Messianic Jewish Alliance of America (MJAA),Messianic Jewish Alliance of America,≤100
246846192720018,War On Our Future,The Years Project,≤100
111168783611294,Jesse Mermell for Congress,THE COMMITTEE TO ELECT JESSE MERMELL,≤100
747436915270894,Congressional Leadership Fund,CONGRESSIONAL LEADERSHIP FUND,≤100
348839551906904,Democracy in Color,POWERPAC DOT ORG,≤100
113084306880934,Richard White for State Representative District 99,Richard White for State Representative,≤100
683872625157265,Theresa Greenfield,THERESA GREENFIELD FOR IOWA,≤100
620717045241728,101Concealed,101Concealed,≤100
1224429014390746,Catalysts,Freethink,≤100
10150100007820094,Wendy Davis,WENDY DAVIS FOR CONGRESS,≤100
100906591716189,Beyond Patriots,Priscilla Bethany Kennedy,≤100
103232824659142,Collect Beautiful Moments,Warden Hong Da Chen,≤100
1014486318584089,Armed American Supply,Armed American Supply,≤100
111702860231554,Matt Lieberman,Matt Lieberman for Senate,≤100
551158678560402,Epimonia,Epimonia LLC,≤100
236369846383459,Congressional Black Caucus PAC,Congressional Black Caucus PAC,≤100
55701226138,American Heart Association,These ads ran without a disclaimer,≤100
284946111858895,Debbie Mucarsel-Powell,DEBBIE FOR CONGRESS,≤100
6713653788,Gary Peters,PETERS FOR MICHIGAN,≤100
455147011996099,The Ann and Phelim Scoop,The Unreported Story Society,≤100
384557995468219,Viral Casez,Viral Casez,≤100
357554791340788,Liker,Omar Rivero,≤100
107439427661844,Accountable Tech,Accountable Tech,≤100
109678580574253,Politicool Clothing Co.,PolitiCoolClothing.com,≤100
111786927173839,Qualify Medicare Plans,These ads ran without a disclaimer,≤100
110849485902,United Way,United Way Worldwide with Facebook Ad Credits,≤100
531623043662146,Flags of Valor,Flags of Valor,≤100
111451817314862,"Tom Morris, Write In Candidate for Mayor of Bowling Green KY",Campaign Fund of Tom Morris,≤100
586751814690068,Joni Ernst,Joni for Iowa,≤100
303167829786891,Ed Markey,THE MARKEY COMMITTEE,≤100
999775873528189,Stopping Socialism,The Heartland Institute,≤100
1084856268238034,Trump Talking,Roberto None Lugo,≤100
19342050934,Leadership Institute,LEADERSHIP INSTITUTE INC,≤100
1194865807192273,Conservative Gear,Outergoods LLC,≤100
2012750189007245,Liquid Death Mountain Water,Liquid Death,≤100
112600915451330,No Labels,No Labels,≤100
35169196082,Project HOPE,"PROJECT HOPE-THE PEOPLE-TO-PEOPLE HEALTH FOUNDATION, INC.",≤100
55549065733,Voto Latino,VOTO LATINO INC.,≤100
247889542212230,DJ Johnson for Kentucky,DJ Johnson For State Representative,≤100
21395843375,Dialysis Patient Citizens,DIALYSIS PATIENT CITIZENS INC,≤100
130848666099,Business Forward,Business Forward Inc.,≤100
21834534343,Volunteers of America,"VOLUNTEERS OF AMERICA, INC.",≤100
740266592735787,Free to Be Kids,Free To Be Kids,≤100
38471053686,Elizabeth Warren,"WARREN DEMOCRATS, INC.",≤100
114475890010131,Piggy Dollar Financial,Tyler Wayne Hedland,≤100
132732160104163,Ford Foundation,"FORD FOUNDATION, THE",≤100
447752535672747,Elect Jerry Whitney for Mayor,Jerry N Whitney,≤100
581027949241690,Got Mine,These ads ran without a disclaimer,≤100
102661701651,South Carolina Small Business Chamber of Commerce,South Carolina Small Business Chamber of Commerce,≤100
429812024048177,Doug Jones for Senate,DOUG JONES FOR SENATE COMMITTEE,≤100
433919203362871,Bird + Stone,BIRD & STONE INC,≤100
717417908274761,Lady Freethinker,Lady Freethinker,≤100
336470580233523,Pins and Aces Golf Co.,US Craft Brands LLC,≤100
117144508670456,GUNVOTE,National Shooting Sports Foundation,≤100
1945837408977507,Michael Moates,-MICHAEL STEVEN MOATES,≤100
114822686979118,Daily Saver,Smart Market Tips,≤100
106629127527429,Kathy Barnette for Congress PA 04,Kathy Jean Barnette,≤100
34521916336,Brent Bozell,MEDIA RESEARCH CENTER,≤100
830890360316751,Nick Hanauer,Civic Action,≤100
135298176481584,Marine Corps Scholarship Foundation,Marine Corps Scholarship Foundation,≤100
195530355493,Chicks On The Right,Chicks on the Right,≤100
149200677056,Americans for Prosperity - Pennsylvania,AMERICANS FOR PROSPERITY,≤100
103730928025980,Safe and Sound In 2020,Kin Ngai Yeung,≤100
129523843754764,Vote Smart,PROJECT VOTE SMART,≤100
394817334402124,2020 Trump Bill,Innovative Ecomm LLC,≤100
931907200310657,Patients Rising Now,Patients Rising Now Inc,≤100
165779706726,Country Music Artist Carl Ray,Carl Ray Williams,≤100
443329669123990,USAFacts,USAFacts Institute,≤100
110089227413037,The Prepared Patriot,Edward Ha,≤100
178835922297833,American Clinical Laboratory Association,American Clinical Laboratory Association,≤100
7962229886,Environmental Working Group,ENVIRONMENTAL WORKING GROUP,≤100
15771560300,Earthjustice,EARTHJUSTICE,≤100
248181906078243,National Institute for Civil Discourse,CommonSense American,≤100
113110137118723,Collectible Currency,Christopher Walter Adams,≤100
143986912311328,University of Vermont Continuing and Distance Education,University of Vermont,≤100
361960287311696,Better Medicare Alliance,"Better Medicare Alliance, Inc",≤100
501848263164423,The Commonwealth Policy Center,Richard Ryan Nelson,≤100
101624531374275,Lamar Allen for Kentucky House District 56,Lamar Allen For Kentucky,≤100
105943157686335,Trust Michigan Families,TRUST MICHIGAN FAMILIES,≤100
26006662641,Arizona Democratic Party,Arizona Democratic Party,≤100
102499901286348,Bold Vision P.C.,Bold Vision PC,≤100
111970730196550,World War Zero,AMERICAN SECURITY PROJECT,≤100
294326673949231,Silverleaf Sexual Trauma Recovery Svcs.,"SILVERLEAF SEXUAL TRAUMA RECOVERY SERVICES, INC.",≤100
10897453188,Operation Mobilization - OM USA,"OPERATION MOBILIZATION USA, INC.",≤100
104919414599745,People Over Profits,"The People Over Profits Florida, Inc.",≤100
100101018155207,Paid Leave for All,Paid Leave for All a project of Hopewell Fund,≤100
215199482635728,Alek Skarlatos,ALEK FOR OREGON,≤100
156994304362574,American Bridge 21st Century,AB PAC,≤100
407664862957433,Ammar Campa-Najjar for Congress,AMMAR CAMPA-NAJJAR FOR CONGRESS,≤100
497081420632330,Dr. Hiral Tipirneni,HIRAL FOR CONGRESS,≤100
1452551204988299,GoReact,Speakworks Inc,≤100
24481937944,Theodore Roosevelt Conservation Partnership,"THEODORE ROOSEVELT CONSERVATION PARTNERSHIP, INC",≤100
341513602902369,CALL TO ACTIVISM,CALL TO ACTIVISM,≤100
210357995667559,The National Memo,The National Memo,≤100
102875587947942,Keep Trump In Office,Keep Trump In Office,≤100
1658135304460341,MANG,MANG,≤100
706716899745696,Women for Trump,TRUMP MAKE AMERICA GREAT AGAIN COMMITTEE,≤100
251815848592329,Trumpcomic,Trumpcomic,≤100
653353765277177,Must Have,These ads ran without a disclaimer,≤100
1192579580831773,Supermajority News,Supermajority,≤100
29775770058,PATH,PATH,≤100
8446177150,Chosen People Ministries,CHOSEN PEOPLE MINISTRIES INC,≤100
212375358784914,Ed Brodsky for State Attorney,Ed Brodsky for State Attorney,≤100
103653994359958,Harvard Forward,The Boarding School,≤100
339432396135584,The Exodus Road,EXODUS ROAD INC,≤100
123624513983,The Western Journal,The Western Journal,≤100
173470656019870,The Daily Yonder,Great Stories LLC,≤100
1852520761657982,4ocean,4ocean,≤100
1003562459729504,Transportation Nation Network,Transportation Nation Network,≤100
711909245654048,National Police Support Fund,National Police Support Fund,≤100
338020156837038,The Exodus Movement,Red Sea Rising PAC,≤100
281844617168,Jewish Voice Ministries International,JEWISH VOICE MINISTRIES INTERNATIONAL,≤100
181183059253295,Dorsal Bracelets,Dorsal Bracelets,≤100
101461559911714,The Posh Pearl Apparel Co.,These ads ran without a disclaimer,≤100
180524778958828,"Vaughn Petitt Legal Group, PLLC",Carol R Petitt,≤100
142474049098533,Robert Reich,Inequality Media,≤100
105816124306939,Kay for Kentucky,Melanie Kay Fields Hensley,≤100
160630887998827,Let Them Live,Let Them Live,≤100
502320477205654,I’m Bout Making My Ancestors Proud,Heritage Hill LLC,≤100
1605624399676319,AFSCME-Florida,"Pd. pol. adv., AFSCME Florida, 1625 L Street, NW, Washington, DC 20036, independently of any candidate or committee. No candidate has approved this.",≤100
27298296864,Indiana Historical Society,"INDIANA HISTORICAL SOCIETY, INC.",≤100
106756327769815,Stand For The Promise,Stand For The Promise,≤100
122836074546643,Kentucky Senator Chris McDaniel,McDaniel For Senate,≤100
126694924050678,Xavier Becerra,Becerra for Attorney General 2022,≤100
118269091671380,The Home T,The Home T,≤100
102527004893192,The National Standard,Howard Stephan Barbanel,≤100
94047978366,PCCC - BoldProgressives.org,PROGRESSIVE CHANGE CAMPAIGN COMMITTEE,≤100
2256321067930356,Liberteeclub,libertyteeshop,≤100
118303441570966,Home Ownership Matters,NATIONAL ASSOCIATION OF REALTORS,≤100
169277310432049,"Texas Precision Optics, Inc.",Texas Precision Optics Inc,≤100
105370081104608,Veterans for Trump,TRUMP MAKE AMERICA GREAT AGAIN COMMITTEE,≤100
100792848235808,Dujuan Thomas for Mayor of Paducah,Dujuan Lamar Thomas,≤100
342294162453301,Planned Parenthood,These ads ran without a disclaimer,≤100
607626319739286,Black Voices for Trump,TRUMP MAKE AMERICA GREAT AGAIN COMMITTEE,≤100
149366465128820,Nicole Galloway,Nicole Galloway for Missouri,≤100
105702217760897,Pathogen Pro,Pathogen Pro,≤100
101329438317952,Story Network Action,Story Network Foundation,≤100
1438882392887793,ADF Church Alliance,Alliance Defending Freedom,≤100
960687040731425,Twist it Up Urban Styling Comb,Twist It Up Inc,≤100
785936231584382,Paula Jean Swearengin,Paula Jean for West Virginia,≤100
8532248414,Wounded Warrior Project,"WOUNDED WARRIOR PROJECT, INC.",≤100
101127364972509,Dems For USA,Dems For USA,≤100
197760674021143,Indivisible Guide,INDIVISIBLE ACTION,≤100
896759427103774,Modern Medicaid Alliance,Modern Medicaid Alliance,≤100
112164673854264,Living Patriotically,Living Patriotically,≤100
104745474214057,HRA - OTC Birth Control,Corey Francis Mc Govern,≤100
218020061613734,UBS,UBS Financial Services Inc.,≤100
103131054573692,Crawfordology,Crawfordology,≤100
54787697857,Ron Wyden,WYDEN FOR SENATE,≤100
108400607228194,LaVerne Jones Gore,LAVERNE GORE FOR CONGRESS,≤100
219247332354785,Phil Arballo for Congress,ARBALLO FOR CONGRESS,≤100
106379627578203,Jacob Clark for Grayson / Hardin County KY District 18 House Representative,Clark4KY,≤100
1055873511190792,Hello Resistance,Hello Resistance Apparel,≤100
49275915266,Marie Stopes International,MSI-US,≤100
20876805343,March of Dimes,MARCH OF DIMES INC.,≤100
296295018082,AARP en Español,AARP,≤100
104504438466,Federal Voting Assistance Program - FVAP,Federal Voting Assistance Program,≤100
69983322463,Ted Cruz,TED CRUZ FOR SENATE,≤100
1545826148838592,Trump 2020,Gregory Lawrence Burright,≤100
107665644228467,Conservative Journal Review,Conservative Journal Review LLC,≤100
292351509697,Jerusalem Prayer Team,Jerusalem Prayer Team,≤100
104824871043650,Brian Chism for State Representative- 27th District,Brian Chism for State Representative,≤100
872842866161157,One Nation Design,One Nation Design,≤100
15041226930,Oxfam,"OXFAM AMERICA, INC.",≤100
119006106155684,PI Energy,Andrew P Chung,≤100
135997359926517,SSDC Services,Jefery James Wenzel,≤100
111324359048459,Dr. Roger Marshall,KANSANS FOR MARSHALL,≤100
102389457864860,Treehuggers Bracelets,ECOMX LLC,≤100
21647204289,Michigan Education Association,Michigan Education Association,≤100
110061623807565,Kelly Loeffler,Georgians for Kelly,≤100
103806957816376,Kat Cammack,KAT FOR CONGRESS,≤100
15239367801,The Wilderness Society,"WILDERNESS SOCIETY, THE",≤100
2295062210811244,Coalition for American Veterans,COALITION FOR AMERICAN VETERANS POLITICAL ACTION COMMITTEE,≤100
105698674239617,Embed News,Embed News,≤100
44224524016,American Kidney Fund,"AMERICAN KIDNEY FUND, INC.",≤100
13365227077,Planned Parenthood Advocates of Wisconsin,Planned Parenthood Advocates of Wisconsin,≤100
7219151423,The Fund for American Studies (TFAS),The Fund for American Studies,≤100
58158120046,ACLJ,American Center for Law and Justice,≤100
355913551109735,The Andrew Goodman Foundation,The Andrew Goodman Foundation,≤100
160513344045084,John Neely Kennedy,"John Kennedy for Us, Inc",≤100
313723095478950,The Daily Citizen,Focus on the Family,≤100
6165653060,AFSCME,AMERICAN FEDERATION OF STATE COUNTY & MUNICIPAL EMPLOYEES,≤100
102769134675149,Evergreen Action,Evergreen Action,≤100
1819658374974706,Arena,Arena PAC,≤100
128716440866482,Adam Milstein,Adam Milstein,≤100
158505287559920,Save the Storks,Save the Storks,≤100
291102898490822,Giant Maga Hat,Inventors club LLC,≤100
253791814655400,Doug Collins,"COLLINS FOR SENATE, INC.",≤100
360303722260,Kathleen Williams,KATHLEEN WILLIAMS FOR MONTANA,≤100
469609533112889,iDisciple,iDisciple,≤100
79820371749,Ayanna Pressley,THE SQUAD VICTORY FUND,≤100
221401431386940,Pramila Jayapal,PRAMILA FOR CONGRESS,≤100
252938479885,Harrison County Republican Party,Harrison County Republican Central Committee,≤100
278052172260101,ZERO TO THREE,These ads ran without a disclaimer,≤100
109866370700481,PushBlack Finance,PushBlack,≤100
186932688457686,CHNGE,CHNGE,≤100
357750373755,National Domestic Workers Alliance,National Domestic Workers Alliance,≤100
117641114435,First Aid Beauty,First Aid Beauty,≤100
1841824626073676,Candace Valenzuela for Congress,CANDACE FOR 24,≤100
394382318084500,United Against Mitch,GUARDIAN PAC,≤100
2081864865362439,Mike Espy,MIKE ESPY FOR SENATE CAMPAIGN COMMITTEE,≤100
102183258209726,Patriots for Change,PATRIOTS FOR CHANGE,≤100
259212814698356,Democratic Majority for Israel,DMFI PAC,≤100
375760676281438,Mermaid Straw,Mermaid Straw,≤100
466688097036209,John Hurley for State Representative,Hoosiers 4 Hurley,≤100
108152933883451,TrumpTrendz,Troy Lorenzo Davis,≤100
127216280686110,Ann Wagner,Ann Wagner for Congress,≤100
83865976093,Truthout,TRUTHOUT,≤100
103036584847574,The Good Neighbor,Brandon Vu,≤100
313097997669,StreetLightUSA,StreetLightUSA,≤100
105157841248307,No Filter Politics,No Filter Politics,≤100
9423488774,American Wind Energy Association (AWEA),AMERICAN WIND ENERGY ASSOCIATION,≤100
601472019907779,Latino Victory,Latino Victory,≤100
5943727453,American Humane,American Humane,≤100
113460456730293,Ben Salango,Ben Salango for West Virginia,≤100
100340561784301,Patriots Stand Together,Megan Kristen Hall,≤100
780606555331010,American Student Loan Advocate,ASLR Marketing,≤100
107226350977260,Rookie,Mark Anthony Russell,≤100
1682876188698809,United for Respect,United for Respect,≤100
100396551654198,Lisa Whisman for 39th Judicial Circuit Judge,Lisa Hayden Whisman,≤100
71945223065,Diamond Resorts,Diamond Resorts,≤100
5550624217,Democratic National Convention,2020 Democratic National Convention Committee,≤100
108090464296366,Republican Patriots,I Love My Freedom,≤100
112552187080266,Protecting Every Future,American Council of Life Insurers,≤100
1632568446971453,Boredwalk,Boredwalk,≤100
194115677277113,A21,A21 with Facebook Ad Credits,≤100
210277954204,The Young Turks,"The Young Turks, Inc.",≤100
90498769709,Edenpure,EdenPURE®,≤100
152264148166020,Moms Clean Air Force,Moms Clean Air Force,≤100
9739634228,The Political Machine,"Hitcents.com, Inc",≤100
91346559231,Democratic Legislative Campaign Committee - DLCC,Democratic Legislative Campaign Committee,≤100
18983389920,Open Society Foundations,Open Society Foundations,≤100
324119001078997,"Sanford Heisler Sharp, LLP","Sanford Heisler Sharp, LLP",≤100
153278754738777,Climate Reality,The Climate Reality Project,≤100
50576707351,Republican State Leadership Committee,Republican State Leadership Committee,≤100
103571074540203,Ron Washington for Covington Commissioner,Elect Washington,≤100
987698164585861,Citizen Ed,Citizen Education,≤100
100957536651756,"Harlan County, Ky. Chamber of Commerce",HARLAN COUNTY CHAMBER OF COMMERCE,≤100
103376804451432,Trending Politics,Making Web LLC,≤100
294508332028,Lakota People's Law Project,ROMERO INSTITUTE,≤100
2225580284361712,Tommy Tuberville,"TUBERVILLE FOR SENATE, INC.",≤100
100697751658498,Stronger.org,The Public Good Projects,≤100
103046977892124,Adam Christensen For Congress,ADAM J CHRISTENSEN FOR CONGRESS,≤100
46508415624,Scott Taylor,Scott Taylor for Congress 2020,≤100
106164314526,Legal Aid Society,LEGAL AID SOCIETY,≤100
451224838781405,Patriot Baby,Eric Todd Hunter,≤100
374848446414965,Pollking,Benjamin Aaron Perlman,≤100
412739549455010,Karena Reiter,PrimaDonna Reeds,≤100
114386721939978,The Made in America Store,Made In America Store,≤100
169710960125365,Curzio Research,Curzio Research Inc.,≤100
110439270638992,NE1else,Time Management LLc,≤100
2070944712939738,American Police Officers Alliance,American Police Officers Alliance,≤100
128167457221813,Public Transportation,Voices for Public Transit,≤100
103934071014071,Fire Drill Fridays,"GREENPEACE, INC.",≤100
219224241438635,Compassion & Choices,COMPASSION & CHOICES,≤100
1425435377743310,Conversations with Bill Kristol,The Foundation for Constitutional Government,≤100
1397799040234106,OpinionUP,OpinionUP LLC,≤100
164513254148611,America's Voice News,Barbara Jean Lawrence,≤100
203330919857759,All On The Line,National Redistricting Action Fund,≤100
48818254473,Alexander Street,PROQUEST LLC,≤100
111237577031486,AquiPor Technologies,William Powers,≤100
72931140459,Center for Biological Diversity,"CENTER FOR BIOLOGICAL DIVERSITY, INC.",≤100
22426379899,Workman Publishing,WORKMAN PUBLISHING CO. INC.,≤100
1487185301595755,Wish Local,These ads ran without a disclaimer,≤100
1667892193505378,Hold the House,HOLD THE HOUSE PAC,≤100
142992759853421,Be A Hero,BE A HERO PAC,≤100
1402827079932843,Low Income Relief,The Lighthouse Information Network LLC,≤100
141692255929599,Democratic Socialists of America,DEMOCRATIC SOCIALISTS OF AMERICA INC,≤100
7292655492,MoveOn,MOVEON.ORG CIVIC ACTION,≤100
700153177010264,Plant Based Products Council,Plant Based Products Council,≤100
101041998305221,The Proud Republicans,Great American Era LLC,≤100
168876449866088,The Years Project,The Years Project,≤100
173837496125511,Conscious Step,Conscious Step,≤100
875703902528460,Matt Gurtler,"Friends of Matt Gurtler, Inc.",≤100
48485058304,Pachamama Alliance,"PACHAMAMA ALLIANCE, THE",≤100
53674651369,Susan B. Anthony List,Susan B. Anthony List,≤100
232201568659,Pacific Justice Institute,PACIFIC JUSTICE INSTITUTE,≤100
2259323457517498,Abolish the Electoral College,ABOLISH THE ELECTORAL COLLEGE,≤100
280704452367167,Jason Crow,JASON CROW FOR CONGRESS,≤100
103373224404755,Impact Slates,COLLECTIVE IMPACT PAC,≤100
103929304678916,Voter Action Project,Integrity First Voter Action Project,≤100
1476342155924546,Big Rig Threads,Big Rig T-Shirts and Decals LLC,≤100
1028908663935923,Americans for Fair Treatment,Americans For Fair Treatment,≤100
113110137118723,Collectible Currency,Proud Patriots,≤100
1653885501501009,Propeller,Propeller Enterprises,≤100
102478528086004,Reading On the Left,St. Martin's Press,≤100
151525932186806,When Democrats Turn Out,WHEN DEMOCRATS TURN OUT PAC,≤100
513695272011123,The Genesis Prize,These ads ran without a disclaimer,≤100
1741729849281711,Uber & Lyft Sexual Assault Attorneys,Safer America,≤100
9394693002,Bloomberg LP,Bloomberg LP,≤100
113285443729534,California Freedom,California Freedom,≤100
104704401202729,"Teresa's Tips, Tricks & Tools for Beauty, Health & Wealth",Teresa Marie Von Riegen,≤100
1709145412721991,The Center for Growth and Opportunity at Utah State University,The Center for Growth and Opportunity,≤100
108296990863730,Hero Action Fund,Hero Action Fund,≤100
602828763544800,Kate For Congress,KATE FOR CONGRESS,≤100
576705655712575,Jason Williams,Run with Jason,≤100
18017481462,Acton Institute,Acton Institute,≤100
566008736785269,Be Heard Project,Be Heard Project,≤100
408252582872693,Daniella Levine Cava,"Daniella Levine Cava, Non-Partisan, for Miami-Dade County Mayor",≤100
121626482110,Operation Smile,"OPERATION SMILE, INC.",≤100
17475614410,Hispanic Federation,Paid for by Hispanic Federation with Facebook Ad Credits,≤100
107528857654454,Detra Haycraft for Bardstown City Council,Detra Haycraft for Bardstown City Council Campaign,≤100
123965317665623,N-Hance Wood Refinishing,N-Hance Inc.,≤100
19474609238,Mercatus Center at George Mason University,Mercatus Center at George Mason University,≤100
168452723312821,Chisholm Chisholm & Kilpatrick LTD,Chisholm Chisholm & Kilpatrick LTD,≤100
431781483507232,Keep Katherine Fernandez Rundle State Attorney,"Katherine Fernandez Rundle, Democrat, for State Attorney",≤100
111495005590988,Pattern,Pattern Energy,≤100
569621803402167,Clark County Democrats,Clark County Democrats,≤100
109709397469494,Dignity Unbound,Dignity Unbound,≤100
19972147679,SEIU,SEIU,≤100
1747132688647028,Democratic Association of Secretaries of State,Democratic Association of Secretaries of State,≤100
407031276454095,The Donald Stuff,Daniel Joseph Bender,≤100
109729897041138,David Richter,David Richter for Congress Inc,≤100
384336778589668,Defend Our Constitution,COMMON CAUSE,≤100
420424547981908,In Search of Liberty,Scott Dennis Welch,≤100
2133130356918764,Common Justice,COMMON JUSTICE INC,≤100
100696924867495,George Mitris For Congress,GEORGE MITRIS FOR CONGRESS,≤100
944885865692767,Trumpy Dumpty,Rebel Games LLC,≤100
231354176962252,Social Work Helper,"Social Work Helper, PBC",≤100
104896112844,Wake County Government,John Andrew Hamlin,≤100
814260155318929,The Fairness Project,The Fairness Project,≤100
35715544220,Stand.earth,STAND,≤100
143021112391265,Jacobin magazine,Jacobin Foundation,≤100
335372906543111,Lee Constantine For Seminole County Commission,Lee Constantine Campaign for Seminole County Commission,≤100
2212066245574161,Sarah Huckabee Sanders,St. Martin's Press,≤100
56332452163,AMA Patients Action Network,American Medical Association,≤100
1865047147110748,Death Penalty Action,Death Penalty Action,≤100
110316697328742,People of Seniors Housing,People of Seniors Housing,≤100
1600300510259910,For Our Future Pennsylvania,For Our Future Action Fund,≤100
101485931485408,UNITEDemocrats,UNITEDEMOCRATS PAC,≤100
115757826468774,Statsigo,Statsigo,≤100
583715925012376,Mayor Trent Staggs,Staggs for Mayor,≤100
162244692732,Brennan Center for Justice at NYU Law,William J Brennan Jr Center for Justice Inc,≤100
8057376739,The Nature Conservancy,Nature Conservancy,≤100
100123544800892,Disme Coin Company,Byron Michael Laughlin,≤100
262905633727,Los Angeles Mission,"Los Angeles Mission, Inc.",≤100
333081284065216,Brynne Kennedy for Congress,BRYNNE KENNEDY FOR CONGRESS,≤100
102180301437619,2020 American Defense Fund,C3 PAC,≤100
1584050195202316,Barbara Bry for Mayor,Barbara Bry for San Diego Mayor 2020,≤100
260933440643373,UltraViolet,UltraViolet Action,≤100
139116726802413,Carol Abney for TN 38,Carol Abney for TN 38,≤100
123963360928,SiriusXM,SIRIUS XM RADIO INC.,≤100
529154000442477,America Rising,AMERICARISINGPAC.ORG,≤100
169440273093442,The Center for Election Science,The Center for Election Science,≤100
728080537326482,The United State of Women,CIVIC NATION,≤100
819607471729183,Dr. Al Gross for US Senate,DR. AL GROSS FOR U.S. SENATE,≤100
60261764250,Childhelp,"CHILDHELP, INC.",≤100
106868314285372,The Finance Kit,DYS Capital LLC,≤100
131306317680000,Social Goods,"Social Goods, LLC",≤100
1439364926329185,Animal Matters,Animal Matters,≤100
101080714884609,Making the Case,Mario J Fratto,≤100
102970113093477,Church Militant/St. Michael’s Media,Max Aldcander Douglas,≤100
1765073800454902,Reform Austin,Reform Austin Inc.,≤100
129278807814364,Women of Welcome,Welcome.,≤100
179909895355213,AIDS United,AIDS UNITED,≤100
19219803864,Tax Foundation,Tax Foundation,≤100
434224137354568,Dr. Rich McCormick for Congress,Friends of McCormick,≤100
1099478666810053,Meals For Pets,Meals for Pets,≤100
776264359372720,ConservativeModern.com,ConservativeModern.com,≤100
2082869332042511,Hope4Orcas,Hope4Orcas,≤100
115617711783870,Center for Union Facts,CENTER FOR UNION FACTS,≤100
579300342209417,Oliver Gilbert,"Oliver Gilbert, Non-Partisan, for Miami-Dade County Commission Dist 1",≤100
114885646899438,Mr. 45th,Clush,≤100
107937014153581,Energized Health,John Jubilee Transformation LLC DBA Energized Health,≤100
36372698072,FosterClub,"FOSTERCLUB, INC.",≤100
1733918116873254,BackWoods Mafia,Landon David Turner,≤100
1634651343331439,Project Wren,Landon Brand,≤100
319982881752525,Kara Eastman,EASTMAN FOR CONGRESS,≤100
422202764649078,Rhode Island Department of Education - RIDE,Rhode Island Department of Education,≤100
113310617054164,Trump Baseball Bats,Trump Baseball Bats,≤100
419237048158257,Susan Collins,COLLINS FOR SENATOR,≤100
180230069923,American Life League,American Life League,≤100
653079394725698,Aspiration,Aspiration,≤100
105118121130995,Floyd County Kentucky Republican Party,Linda W Rose,≤100
153021214848890,Dean Browning,BROWNING FOR CONGRESS,≤100
112492646811151,California Census,CA Census 2020,≤100
1695950424027488,Andy Hallinan,Andrew Lawrence Hallinan,≤100
680549575421741,UnitedVoice.com,"Beachside Media, Inc.",≤100
106445167434779,Duty and Honor,Duty and Honor,≤100
505653766599222,America First with Dr. Sebastian Gorka,Salem Media,≤100
235762319779450,Omar Navarro,OMAR NAVARRO FOR CONGRESS,≤100
107428150756519,US Money Daily,USMoneyDaily,≤100
116238930177726,Artsiful,Brad Aaron Shaw,≤100
101208514791301,Daniel Turner,Power The Future Inc,≤100
1397456727053085,Georgia Law Enforcement,Georgia Law Enforcement Organization,≤100
106515357550928,Steve Jones for KY,Steve Jones for KY,≤100
12683623041,Society for Human Resource Management (SHRM),SOCIETY FOR HUMAN RESOURCE MANAGEMENT,≤100
590905468266473,US Apparel 2020,Americas Finest Products,≤100
290851614930809,Combat AntiSemitism,Combat Anti-Semitism,≤100
700941689954518,Defend Our Future,Defend Our Future,≤100
710669049286394,Woo the People,Khosro David Illulian,≤100
747783932079184,Jared Golden,COMMITTEE TO ELECT JARED GOLDEN,≤100
304062610300415,VozWire,Gregson E Mathe,≤100
39432041915,Capital Research Center,CAPITAL RESEARCH CENTER INC,≤100
228132537208218,Tammy Duckworth,TAMMY FOR ILLINOIS,≤100
1612726335627171,We the Internet TV,We the Internet TV,≤100
312657362217994,Women's Heart Alliance,Women's Heart Alliance,≤100
103235554648484,Elect Scientists,314 ACTION FUND,≤100
6428288402,Kiva,KIVA MICROFUNDS,≤100
139700496669066,1 VoteCloser,1 VoteCloser,≤100
2165983337048601,LeverforChange,Lever for Change,≤100
953113491536337,Black to the Future Action Fund,Black to the Future Action Fund,≤100
107248944146204,Carlos Gimenez for Congress,Carlos Gimenez for Congress,≤100
114623860329716,Daily Positivity Newsletter,John Phillip Angelo Vergara,≤100
100559204891447,Friends of Dr. James St. George,Friends of James St. George,≤100
101724361319410,Ronny Jackson for U.S. Congress TX-13,Texans for Ronny Jackson,≤100
317667194946264,Ro Khanna,RO FOR CONGRESS INC,≤100
327202261326682,Stephanie Bice,Bice for Congress,≤100
53541257714,The Arc of the United States,"ARC OF THE UNITED STATES, INC., THE",≤100
115950979462,Speak Now for Kids,"NATIONAL ASSOCIATION OF CHILDREN'S HOSPITALS, INC.",≤100
71114915488,Fayette Alliance,Fayette Alliance,≤100
107624487697615,Ian Richards for Judge,"Committee to Elect Ian Richards, nonpartisan for Circuit Court Judge Group 30",≤100
193618220508,LIFE Today,LIFE Outreach International,≤100
104667417857551,United Association LLC,United Association LLC,≤100
129602743740560,Illinois Family Action,ILLINOIS FAMILY ACTION NFP,≤100
21455818797,Feed the Children,"FEED THE CHILDREN, INC.",≤100
102315041409283,Horses in our Hands,In our Hands Action Fund,≤100
979720542211350,Humanize Being Black,Keyshun Quantarious Holmes,≤100
34701792581,EWTN,Eternal Word Television Network,≤100
8936818385,Accuracy in Media,"ACCURACY IN MEDIA, INC",≤100
166166843531258,National Council of Resistance of Iran - شورای ملی مقاومت ایران,MEK-Iran (Saeid Saadati),≤100
2113400635561647,Andrea Mitchell Center for the Study of Democracy,Andrea Mitchell Center for the Study of Democracy at the University of Pennsylvania,≤100
108797534098691,Keep Gifts Great,Adrian Choi Conger,≤100
166087830076297,WebPT,WebPT,≤100
109398357537129,D. Trump Apparel,D. Trump Apparel,≤100
103729164764934,Massachusetts Coalition of Police Action,Massachusetts Coalition of Police,≤100
100729641303493,ICount NM,I Count New Mexico,≤100
106493481115475,Protect Our Election,Protect Our Election,≤100
463095630924391,US Business Funding,Credox,≤100
248763102716350,Ray Sansom for Superintendent of Schools,Ray Sansom for Superintendent of Schools,≤100
5593944035,Competitive Enterprise Institute,COMPETITIVE ENTERPRISE INSTITUTE,≤100
482731661826882,Mike Miller,Mike Miller for Orange County Commission,≤100
1528498354074301,Punching Bag Media - Conservative News,Sean Michael Probber,≤100
113688303742241,The Philadelphia Statement,The Philly Statement,≤100
103131054573692,Crawfordology,James T Crawford,≤100
100284648021034,New Tolerance Campaign,New Tolerance Campaign,≤100
60865633726,Love Justice International,TINY HANDS INTERNATIONAL,≤100
5457479962,Diabetes Daily,Thrivable,≤100
416913748508616,We Welcome Refugees,We Welcome Refugees,≤100
260668817346988,Ignite National,IGNITE,≤100
104952231285892,Marc Falzon,Marc A Falzon,≤100
638492549896672,Liberal Humans,Liberal Humans,≤100
106954147689215,Just the Truth,JUST THE TRUTH POLITICAL ACTION COMMITTEE,≤100
102004961614425,For The Love of Patriots,Trizzie Truong,≤100
111747450209594,Turner for Congress WV,HILARY TURNER FOR CONGRESS,≤100
169042736456594,All Out,All Out Action Fund.,≤100
1086246301500863,Jewish Community Relations Council of Cincinnati,Jewish Federation of Cincinnati,≤100
104164498028393,"Capitalism, Socialism, and the Promise of Democracy",William Dale Barber,≤100
133294620046953,Mission India,MISSION INDIA INC,≤100
1272534336242476,World101,Council on Foreign Relations,≤100
1962432260715827,Kindhumans,Kindhumans,≤100
698400060189827,Dan Sullivan,Alaskans for Sullivan,≤100
802271849850801,Freedom for All Americans,Freedom for All Americans,≤100
609022902623021,Senator Jim Welch,The Committee to Elect James T. Welch,≤100
105031414415024,Francis Malofiy,Francis Malofiy,≤100
251632675552663,Rigged: The Voter Suppression Playbook,American Issues Initiative,≤100
201640946977090,Clarksville Indivisible,Joy Janene Rice,≤100
107665947521727,My Hero Wears Blue,These ads ran without a disclaimer,≤100
103144734491014,"James Calkins, Republican for County Commissioner",James Calkins for County Commissioner,≤100
28144169620,Alliance for Aging Research,Alliance for Aging Research,≤100
654702428226892,Stop the Corridor,Stop the Corridor,≤100
101167291678608,Elect Bridgette Jordan Smith Mayor,Bridgette Jordan Smith,≤100
1588837714734721,Great School Voices,great school voices,≤100
357484764271265,Dustin Stockton,Dustin Alan Stockton,≤100
101888608186192,MedicalCommunitynet,Medical Community LLC,≤100
2146201085498440,Tony Gonzales,Tony Gonzales for Congress,≤100
276603092445187,Dustin Burley for State Representative 53rd,Dustin Burley Campaign,≤100
39656174351,V-103 The People's Station,Entercom Atlanta,≤100
104679177804089,45 Changes Lives,PKA Karate Academy Inc,≤100
137746666253194,Ann Kirkpatrick,KIRKPATRICK FOR CONGRESS,≤100
2339203789732156,Kim Mangone for Congress,COMMITTEE TO ELECT KIM MANGONE FOR CONGRESS,≤100
175403889150682,FindLaw.com,FindLaw Consumer,≤100
111699680636304,Vermont Conservation Voters Action Fund,Vermont Conservation Voters Action Fund,≤100
186221328059961,Dr. John Tantillo,John Jr Tantillo,≤100
72565633140,Soles4Souls,"SOLES4SOULS, INC.",≤100
108862184052039,ROMTech,"ROM Technologies, Inc.",≤100
28446275521,Military Officers Association of America (MOAA),Military Officers Association of America,≤100
1234251319933440,Exclusive Apparel,The Dude's Threads,≤100
141786816970,Cruise Lines International Association - CLIA,Cruise Lines International Association,≤100
216705888361546,Elbert Lee Guillory,ELBERT GUILLORY'S AMERICA,≤100
128342200512304,Cultural Heritage Partners,CULTURAL HERITAGE PARTNERS PLLC,≤100
133596353936163,American Flag Tee Company,American Flag Tee,≤100
598720023670599,Jennifer Carroll Foy,Jennifer Carroll Foy for Governor,≤100
427894490587758,Democrats Need to Vote,Democrats Need to Vote,≤100
107781044288555,Red Stripe USA,Reinard Gil Banting,≤100
113644103666790,America First,TruthLion,≤100
1613516851999536,Sunrise Movement,Sunrise,≤100
142370046577999,Shahid Buttar for Congress,Shahid Buttar for Congress Committee,≤100
101042758281184,Reading On the Right,Macmillan Publishing,≤100
93565224474,Mercy For Animals,MERCY FOR ANIMALS,≤100
711591068911118,Hilaree Nelson,Protect Our Winters,≤100
308353252483,Kristi Noem,Kristi for Governor,≤100
106487520883333,Cardinal & Pine,"Courier Newsroom, Inc.",≤100
543066585882629,Libertarian Country,Libertarian Country,≤100
201956993160690,MRCTV,MEDIA RESEARCH CENTER,≤100
138400367267,Right Scan Right Time,NATIONAL ELECTRICAL MANUFACTURERS ASSOCIATION,≤100
2049170775107862,Resistance By Design,Resistance By Design,≤100
150322194563,PASA Primates: Pan African Sanctuary Alliance,PAN AFRICAN SANCTUARIES ALLIANCE,≤100
102999678178152,Saint John's Conservatives,Saint John's Conservatives,≤100
11234736860,Tom McClintock,McClintock for Congress,≤100
103144548151014,Adrian Perkins,Perkins for LA,≤100
127335473965761,Recycle Cartons,"Carton Council of North America, Inc.",≤100
109349107125073,Kalamazoo Times,Metric Media LLC,≤100
344346245749372,Shore Trendz,RHW.COM LLC/DBA Shore Trendz,≤100
159597424207730,David Perdue,PERDUE FOR SENATE,≤100
1400371370253041,Eagan Immigration,Eagan Immigration,≤100
102175879855284,Harper Perennial,HARPERCOLLINS PUBLISHERS L.L.C.,≤100
100121504768083,The Better Than Borowitz Report,Bradly Gene Broberg,≤100
113335773562471,President Trump For Re-Election,Great American Era,≤100
114230073701403,Jetbound Dogs,Miguel Agustin Turk,≤100
222201841173324,Equitas Health,"EQUITAS HEALTH, INC.",≤100
160864997286413,AM 560 The Answer,Salem Media Group Chicago,≤100
5887538795,Education Week,Education Week,≤100
79047202856,People's World,People's World,≤100
143981748956175,Rural Assembly,Rural Assembly,≤100
354168144595007,"Tim Sullivan for Lake County Commisioner, District 1",Tim Sullivan for Lake County Commission,≤100
102010211314386,Donald Trump 2020 Voters,I Love My Freedom,≤100
408526523045391,Mammoth Nation,Mammoth Nation,≤100
464292670410321,Claudia Tenney for Congress,TENNEY FOR CONGRESS,≤100
2117984018478047,Alliance Of Fire,Alliance Of Fire LLC.,≤100
911829795826330,Mark Penn Polls,AIRSNEXT Media,≤100
130945114804,World Jewish Congress,WORLD JEWISH CONGRESS AMERICAN SECTION INC,≤100
115761269812805,Jeff Hinkle,Jeff Hinkle Campaign,≤100
102747281355975,This Is Our Democracy,Julia Carol Peter,≤100
102449671140258,Joshua Rydell for State Attorney,"Joshua Rydell, Democrat, for State Attorney",≤100
782093245218764,Qasim Rashid,RASHID FOR VA,≤100
1229789977123022,Debbie Lesko for Congress,DEBBIE LESKO FOR CONGRESS,≤100
102750021183412,Justice U,Altus Solutions Inc,≤100
1145019702185006,Alliance for Safety and Justice,Alliance for Safety and Justice,≤100
108421200962025,Miracle Wrap,These ads ran without a disclaimer,≤100
109905900573403,BuzzVote2020,Bruce Edward Spector,≤100
174905503013610,Harley Rouda,HARLEY ROUDA FOR CONGRESS,≤100
582293558518300,Abby Broyles,ABBY BROYLES FOR US SENATE,≤100
227535924071462,Animal Petitions,AnimalPetitions.org,≤100
107647557426981,Jonathon Hansen for State Senate 30,Hansen for Wisconsin,≤100
1338822066131069,Women's March,Women's March,≤100
32682889528,U.S. Chamber of Commerce,The U.S. Chamber of Commerce,≤100
28486214581,Food for the Hungry,"FOOD FOR THE HUNGRY, INC.",≤100
64206021703,National Committee to Preserve Social Security and Medicare,NATIONAL COMMITTE TO PRESERVE SOCIAL SECURITY AND MEDICARE,≤100
110146167251293,DEAR HUMAN,Dear Human Mvmt,≤100
14038292386,Women for Women International,WOMEN FOR WOMEN INTERNATIONAL,≤100
111648480319494,800DEMOCRAT,800DEMOCRAT,≤100
189452770432,Women's Campaign Fund,WOMENS CAMPAIGN FUND INC,≤100
2338979479650120,Genevieve Collins for Congress,COLLINS FOR TEXAS,≤100
265584563563176,JCRC of Greater Washington,The Jewish Community Relations Council of Greater Washington,≤100
278052172260101,ZERO TO THREE,ZERO TO THREE,≤100
392524473904,Erie Insurance,ERIE INDEMNITY COMPANY,≤100
248306181862385,Live Lokai,LOKAI HOLDINGS LLC,≤100
108204035866609,Democrats For Life of America (DFLA),DEMOCRATS FOR LIFE OF AMERICA INC,≤100
113679093412163,Ed Hunzeker,Ed Hunzeker,≤100
44340057816,Uncommon Goods,UncommonGoods,≤100
154225105233994,Vanessa Enoch for Congress,COMMITTEE TO ELECT ENOCH,≤100
234628203317767,Made for Freedom,Made for Freedom,≤100
514167322309353,Dan Crenshaw,Dan Crenshaw for Congress,≤100
110539227379432,Eric Pendergraft for Boca Beach and Parks Seat 5,ERIC PENDERGRAFT CAMPAIGN,≤100
341240953385902,Force Of Nature Meats,Force of Nature,≤100
1802177709900081,The Spectator US,The Spectator US,≤100
103150364587807,Gun Owners Care,National Shooting Sports Foundation,≤100
178611532577238,Aubray McPherson,Aubray Jontelle Mcpherson,≤100
8225139261,New York Republican State Committee,NEW YORK REPUBLICAN STATE COMMITTEE,≤100
506760326025846,Easterseals SoCal,"EASTER SEALS SOUTHERN CALIFORNIA, INC.",≤100
108031093949186,Elizabeth "Liz" Jack for Judge,Committee to Elect Liz Jack,≤100
110955507365144,Hunt For Red October,Stephen Paul Benoit,≤100
102959799834968,Diane Mitsch Bush for Colorado,DIANE FOR COLORADO CD3,≤100
1399926390134311,Nature's Generator,Huntkey USA Inc,≤100
308159713150350,Voter Protection Project,VOTER PROTECTION PROJECT,≤100
124626320898336,Catholic Extension,"CATHOLIC CHURCH EXTENSION SOCIETY OF THE UNITED STATES OF AMERICA, THE",≤100
248793048935235,Conservative Partnership,Conservative Partnership Institute,≤100
438677089976938,Trump Army Supply,Trump Army Suppy,≤100
101391906600,Live Action News,Live Action News,≤100
128958937175029,Trivia Today,Benjamin Aaron Perlman,≤100
139661999752,Medical Association of Georgia (MAG),"MEDICAL ASSOCIATION OF GEORGIA, THE",≤100
57495285387,Michael Bennet,BENNET FOR AMERICA,≤100
336848256815114,Eyeless on Campus,reconpresseusa,≤100
75353945070,Boxed Water Is Better,Boxed Water Is Better,≤100
116515020980,Free Speech TV,Public Communicators Inc.,≤100
746838268687634,Tom O'Halleran,TOM O'HALLERAN FOR CONGRESS,≤100
107354657614431,JoAnna for Wisconsin,JoAnna for Wisconsin,≤100
1947525322184514,One Fair Wage,One Fair Wage,≤100
108337384472,CASA,CASA,≤100
114937555342547,Seth Abramson,Macmillan Publishing,≤100
17801244148,Jill Schupp,SCHUPP FOR CONGRESS,≤100
438536186881177,All Clear Foundation,All Clear Foundation,≤100
92111751018,"Paul Winkler, Inc.","PAUL WINKLER, INC",≤100
588762121302996,Black Superwoman Chronicles,Delisha Denise Sylvester,≤100
1869687273277265,Run for Something,Run For Something PAC,≤100
25121889784,Texas Public Policy Foundation,Texas Public Policy Foundation,≤100
1640970822834351,Plaine Products,Plaine Products,≤100
113677340374880,Make Black Lives Matter,Make Black Lives Matter,≤100
7209432197,Chris Coons,CHRIS COONS FOR DELAWARE,≤100
562118050848255,Adam Hattersley,Adam Hattersley for Congress,≤100
115883606515801,Bob Good for Congress,Good for Congress,≤100
56790136798,UCLA Health,UCLA HOSPITAL SYSTEMS,≤100
1536587453277219,Dr. Steve Turley,Turley Talks LLC,≤100
682990071843813,Center for the Study of Liberty,Center for the Study of Liberty,≤100
104519591175701,Jes and Reid,Jessica Marie Richardson,≤100
165734163437699,"Little, Brown and Company","Hachette Book Group, Inc.",≤100
153167611414243,Ohio House Democrats,The Ohio House Democratic Caucus,≤100
57940793932,AARP South Dakota,AARP,≤100
2046092952294722,Lucy McBath for Congress,FRIENDS OF LUCY MCBATH,≤100
1876217269261051,Journey to Future Events,James Leslie Mc Clain,≤100
195620754724,Helping Hand USA,HELPING HAND FOR RELIEF AND DEVELOPMENT INC.,≤100
289753757748740,Sgt. Benjamin Anthony,Our Soldiers Speak,≤100
108692310594568,UNITE HERE,UNITE HERE PAC,≤100
921300368006674,Indivisible Evansville,"Indivisible Evansville, Inc",≤100
346937065399354,Occupy Democrats,Omar Rivero,≤100
12692955711,Chronicle of Higher Education,"CHRONICLE OF HIGHER EDUCATION, INC. (THE)",≤100
1202514329820178,Don Blankenship,Don Blankenship,≤100
107107693152888,Anthropocene Alliance,ANTHROPOCENE ALLIANCE,≤100
101254941260967,Retake the House 2020,RETAKE THE HOUSE 2020,≤100
391872261636792,2020unity,"ForFact LLC, DBA 2020unity",≤100
592074077639509,Donald Trump Is Our President,Power To The Publisher,≤100
171287339973880,LCV Victory Fund,"LCV Victory Fund, 202-785-8683, and not authorized by any candidate or candidate’s committee",≤100
467790593780990,Ray Rodrigues For State Senate,"Ray Rodrigues, Republican, for State Senate",≤100
198296877515470,Switch4Good,Switch4Good,≤100
79212718536,Jim Boyd,Jim Boyd,≤100
309993142375589,Joe Kennedy III,KENNEDY FOR MASSACHUSETTS,≤100
89324781720,Pat Toomey,Friends of Pat Toomey,≤100
155443277896065,Dane Eagle,Dane Eagle For Congress,≤100
100124595113383,Victor Ashe,"William F. Buckley, Jr. Program",≤100
110798880680061,USA Strong,USA Strong,≤100
329272720965256,GALvanize USA,GALvanize USA,≤100
1166660030079480,National Democratic Redistricting Committee,National Democratic Redistricting Committee,≤100
467503009987109,"Healthy Forests, Healthy Communities","Healthy Forests, Healthy Communities",≤100
7341997111,Conservation International,Conservation International,≤100
19848703448,The Wesleyan Church,The Wesleyan Church Corporation,≤100
475456956305422,All Voting Is Local,Leadership Conference Education Fund,≤100
45013872425,The Ripon Society,RIPON SOCIETY,≤100
110280253735683,Alexandria Ocasio-Cortez Fan Club,Imran M Jemal,≤100
124530924015,Hank Gilbert,HANK GILBERT FOR CONGRESS,≤100
109035147533100,National Treasures,Shield Masks US Inc,≤100
1601467416816223,Lehigh Acres Fire Control and Rescue District,Lehigh Acres Fire Control and Rescue Department,≤100
304252657027476,George Buck,"COMMITTEE TO ELECT GEORGE BUCK, PHD",≤100
7642602143,Mother Jones,FOUNDATION FOR NATIONAL PROGRESS,≤100
102398758231584,Undying Freedom,Najeeullah Kimani Ali,≤100
107638384248580,Our America,Bryant Wayne Young,≤100
452797224923658,Democratic Coalition Against Trump,THE DEMOCRATIC COALITION,≤100
841825669186798,Kevin Ruane,Kevin Ruane Campaign,≤100
392334540852644,Alder Darryl Brackeen Jr,Darryl James Brackeen,≤100
21492729544,Catholic Relief Services,CATHOLIC RELIEF SERVICES - UNITED STATES CONFERENCE OF CATHOLIC BISHOPS,≤100
52974817515,Philadelphia 76ers,These ads ran without a disclaimer,≤100
201446296572389,Compassion in World Farming (USA),Compassion in World Farming USA,≤100
1323161541032507,For Our Future FL,For Our Future Action Fund,≤100
160844834773039,Athanasios Dilos Journalism,Athanasios Dilos,≤100
36999871079,Survivors of the Abortion Holocaust,Survivors,≤100
20612127118,North Carolina Democratic Party,NORTH CAROLINA DEMOCRATIC PARTY - FEDERAL,≤100
168109446538119,St. Martin's Press,Macmillan Publishing,≤100
7976226799,The Daily Show,Comedy Central,≤100
2462191704005828,Rainey Center,The Joseph Rainey Center for Public Policy,≤100
114959470308415,Americans Uniting,Grant Alan Johnston,≤100
471928596287830,Brian Mast,Mast for Congress,≤100
113553048669158,Rick Scott,TEAM RICK SCOTT,≤100
1837356789847797,Fulcrum News,David George Seaman,≤100
431692620368410,Land is natures gift to us all,Jeffrey P Graubart Cervone,≤100
562691707395320,Zach Dickerson,Friends of Zach Dickerson,≤100
1708467695859543,Veteran Transition Mission,Sonia Ivelisse Barriera Ayala,≤100
101352851565699,Somos PAC,SOMOS PAC,≤100
105202730827149,Michael Moore for Commissioner,Michael Moore for Commissioner,≤100
13531153805,Knight Foundation,Knight Foundation,≤100
494259170754224,Keeping IDentities Safe,KEEPING IDENTITIES SAFE,≤100
2123425971065747,Sora Schools,Indra Putra Sofian,≤100
100224128362301,"Casey Mills for County Court Judge, Group 22","Casey Mills, Non-Partisan, for County Court Judge Group 22",≤100
107225484068529,Donna Deegan for Congress,Donna Deegan For Congress,≤100
174046949421616,Phenomenal Woman Action Campaign,Phenomenal Woman Action Campaign,≤100
1642582372721074,Libertarian Party of Montgomery County TN,Joseph Wilson Dasinger,≤100
826460474101920,BitMari,Sinclair Matthew Skinner,≤100
112860393546094,LeAnna Homandberg - KY State Representative District 67,LeAnna For Kentucky Committee,≤100
104351194526729,Trivia Star,These ads ran without a disclaimer,≤100
105882964535390,Cats Against Trump,Cats Against Trump,≤100
193675533982095,Ryan Chamberlin,Ryan Chamberlin for Congress,≤100
100847831440144,Trump 2020 Tees,Robert William Zagby,≤100
421486244558294,Ross Spano,ROSS SPANO FOR CONGRESS,≤100
336440323158789,Jack Burkman Radio,Jack Burkman Radio,≤100
167721133253158,The White House Historical Association,These ads ran without a disclaimer,≤100
117513180002579,John Shallman,Target Marketing Digital,≤100
111819082492671,Re-Elect Osceola County Sheriff Russ Gibson,"Political Advertisement paid for and approved by Russell Gibson, Democrat for Osceola County Sheriff.",≤100
101485404914361,Bad News Wares,Bad News Wares,≤100
856086028066485,Persona,"Persona Media, Inc.",≤100
102378514706374,Michael Powell For Metro Council,Michael James Powell,≤100
2223151871134889,Trump45Merch,Thomas Charles Granack,≤100
264774890721566,Clear Energy Alliance,Clear Energy Alliance,≤100
105561217523274,The_Dispatch,"Dispatch Media, Inc.",≤100
322771814739545,Everyone In LA,"UNITED WAY, INC.",≤100
130936757062757,T-Mobile Workers United (TU),"COMMUNICATIONS WORKERS OF AMERICA, AFL-CIO, CLC",≤100
1013558392124611,One Vote,One Vote Productions LLC,≤100
256760055231702,Beware of B,Beware of B,≤100
202531447982,Jimmy Chin,Protect Our Winters,≤100
53727956260,Republican Jewish Coalition,Republican Jewish Coalition,≤100
70874333603,CatholicVote,CatholicVote,≤100
226678304362580,Healthy Workforce ABQ,"OLE EDUCATION FUND, THE",≤100
111151490241542,Pollemix,Pollemix,≤100
38882699096,Polaris,POLARIS PROJECT,≤100
323057528048557,LGBTQ Victory Institute,LGBTQ Victory Institute,≤100
300992409852,Hoover Institution,Hoover Institution,≤100
1835838916635491,Transamerica Center for Health Studies,Transamerica Center for Health Studies,≤100
125319303823,Champlain College,Champlain College Incorporated,≤100
190028064393532,DonorVoice,Kevin Mark Schulman,≤100
162019154641651,Deliver Liberty,Deliver Liberty,≤100
619476781405015,Billings Fire Fighters,Billings Firefighters IAFF Local 521,≤100
166246706765337,The Experiment,The Experiment,≤100
103903914570915,Pro2a,Delta Team Marketing,≤100
255486647814076,Penguin Kids,Penguin Random House,≤100
2017884721848472,Bokeki,Kimbereley Iris Goldstein,≤100
211049239087028,Association of Young Americans,Benjamin J Brown,≤100
13187955196,Young Americans for Liberty,Young Americans for Liberty,≤100
414073875402076,Judge Amy Searcy,Michael Patrick Mcnamara,≤100
1392179750883405,O'Brien-Zuckerman/Teamsters United 2021,Committee to Elect O’Brien Zuckerman 2021,≤100
1580652728851833,Jim Justice,Committee to Re-Elect Jim Justice,≤100
112325855474892,Speak Up For Education and Kids,National Education Association,≤100
661744180680367,National Police Association,"NATIONAL POLICE ASSOCIATION, INC.",≤100
207833736045744,MHAction.org,Kevin R Borden,≤100
1099779163410386,John Barrasso,Friends of John Barrasso,≤100
1456310534453054,Veteran Loans Online,"LMB OpCo, LLC",≤100
166738743732702,All Above All Action,All Above All Action Fund,≤100
70090474914,American Farmland Trust,"AMERICAN FARMLAND TRUST, INC",≤100
9694956217,Animal Legal Defense Fund,ANIMAL LEGAL DEFENSE FUND,≤100
1679521432262834,Physicians Grassroots Network,American Medical Association,≤100
32582320449,CMMB,CATHOLIC MEDICAL MISSION BOARD INC,≤100
218096501664109,April Griffin For Tax Collector,April Griffin for Hillsborough County Tax Collector,≤100
7735858972,Humane Society Legislative Fund,Humane Society Legislative Fund,≤100
102413723172970,Nick Adams,Nick Adams,≤100
291260461373618,News and News,News and News,≤100
1108138379292447,Wrap Technologies,These ads ran without a disclaimer,≤100
1014291495249813,Politicon,Politicon,≤100
628423320573742,Vote Run Lead,VOTERUNLEAD,≤100
11918108948,African Wildlife Foundation,AFRICAN WILDLIFE FOUNDATION,≤100
455595357859098,Richard DeNapoli,Richard DeNapoli for Broward Republican State Committeeman,≤100
106245384043438,Tims For Congress,FRIENDS OF DESIREE TIMS,≤100
525171637666780,Sandy Piña California Delegate,RCR,≤100
646594582623475,Republican Nations,wowengraving,≤100
309798029121030,Everytown for Gun Safety,EVERYTOWN FOR GUN SAFETY VICTORY FUND,≤100
386305465057247,Liberty Nation,Liberty Nation,≤100
814882078905268,Angus McQuilken for Congress,ANGUS MCQUILKEN COMMITTEE,≤100
97624620788,American Friends of Magen David Adom,AMERICAN FRIENDS OF MAGEN DAVID ADOM,≤100
104653064566281,Judge Natasha DePrimo,"Judge Natasha DePrimo, Non-Partisan, for Broward County Court Judge Group 31",≤100
134597023235240,Rashida Tlaib,THE SQUAD VICTORY FUND,≤100
283511548477587,ADD Advocate,Aaron Lawrence Friedman,≤100
957810197669209,Re-Elect Johns For St. Johns County Commissioner,Jimmy Johns for St. Johns County,≤100
103531607822207,Noticias para Inmigrantes,"Wise Rock Media, PBC",≤100
109584730766616,Chris Pratt for Judge,THE COMMITTEE OF RESPONSIBLE PERSONS TO ELECT CHRIS PRATT.,≤100
332905134021585,Joe Harding for State Representative,Joe Harding for State Representative,≤100
265045056894488,Mark Meckler,Convention of States Action,≤100
102729624670835,MinuteStats,Minute Stats,≤100
90215573480,"Dyer, Garofalo, Mann & Schultz","Dyer, Garofalo, Mann, & Schultz",≤100
111892670610842,Political AF,Quyen Sanh Gip,≤100
1784991421516214,Seek Refuge,Seek Refuge,≤100
289213691238937,Thrasher Coffee,Thrasher Coffee Co.,≤100
101103254533,SOS International,SOS International,≤100
592250887586314,Jake Auchincloss,Jake Auchincloss for Congress,≤100
137470926951018,"John Mina, Orange County Sheriff","John Mina, Democrat, for Orange County Sheriff",≤100
111519760493851,Jasmen Rogers-Shaw,"Jasmen Rogers-Shaw, Democrat, for State House",≤100
12503116997,Dennis Prager,Salem Media,≤100
194350691288029,Fly For The Culture Inc.,"Fly for the Culture, Inc.",≤100
135278469828569,Elect John D'Hondt for Volusia County Council District 3,Johan Joseph D'Hondt,≤100
182079698493370,Portside,Portside,≤100
332172544231683,America's Plastic Makers,"AMERICAN CHEMISTRY COUNCIL, INC.",≤100
1800072483402009,African Community & Conservation Foundation,African Community & Conservation Foundation,≤100
422250511163275,REMEDIGAP,Quinn Group LLC,≤100
114386721939978,The Made in America Store,Anthony Michael Falbo,≤100
302612457071883,Moving It Right,Richard P Ashton,≤100
44705166993,Vote.org,Vote.Org,≤100
153309775026,SnapStream,SnapStream Media,≤100
47710973068,Cooperative Action Network,National Rural Electric Cooperatives Association,≤100
107643464350005,My son is left and I am right,Tina Lynne Monson,≤100
808450969246896,"Rebecca Walser, Tax Attorney, CFP",Walser Wealth Management,≤100
154894841387125,Keep America American,Keep America American,≤100
50711561090,Muslim Advocates,MUSLIM ADVOCATES,≤100
108506830560787,Jessica Scarane,JESS SCARANE FOR DELAWARE,≤100
1925751504337881,MJ Hegar,MJ FOR TEXAS,≤100
106971467777674,Democra-street wear,democrastreet wear,≤100
105474831199070,Stop GOP Gerrymandering,National Democratic Redistricting Committee,≤100
205795426669644,Facts and Logic about the Middle East,Facts and Logic About the Middle East,≤100
117292175039,Obion County Republican Party,Obion County Republican Party,≤100
292811880858773,Ocean Voyages Institute / Project Kaisei,Ocean Voyages Institute,≤100
138141366212571,Gravis Marketing,GRAVIS MARKETING INC.,≤100
186805048171120,U.S. & Texas LawShield,Texas LawShield,≤100
237477017606,Club for Growth,Club for Growth,≤100
1399736660066130,Jews for a Secular Democracy,Society for Humanistic Judaism,≤100
11911627997,Pancreatic Cancer Action Network,"PANCREATIC CANCER ACTION NETWORK, INC.",≤100
1534290989956166,The Philanthropy Roundtable,"PHILANTHROPY ROUNDTABLE, THE",≤100
120778038066631,EveryLibrary,EveryLibrary,≤100
145856919176812,BridgeTower Media,BridgeTower Media,≤100
101788601255619,Mark Sidney,Power To The Publisher,≤100
1769346463329452,Love Will End Abortion,James R Havens,≤100
304709940450333,Sezmesezu,Christopher James Bates,≤100
100474961642130,Halo Life,These ads ran without a disclaimer,≤100
276708266084189,Ray Dalio,"Principles, LLC",≤100
398977847323767,Texas Signal,Texas Signal Media Company,≤100
11111618026,Union of Concerned Scientists,"UNION OF CONCERNED SCIENTISTS, INC.",≤100
2133734536646325,United Conservatives for Florida,United Conservatives for Florida,≤100
657708380952174,Voices of the Civil Rights Movement,Comcast,≤100
76477313287,Sepsis Alliance,SEPSIS ALLIANCE,≤100
111550550550458,BARK for BIDEN,Robert Joseph Brenner,≤100
606005623390941,Anti-Vax Watch,Anti-Vax Watch,≤100
263891677826490,Earthsider,Ryan James Martin,≤100
1576236875930301,Global Cyber Alliance,Global Cyber Alliance with ad credits,≤100
345946329411380,Petal Soap,Jason Paul Domangue,≤100
101746962063,Mercy Home for Boys & Girls,MISSION OF OUR LADY OF MERCY,≤100
101682706561261,"Freedom Watch, Inc.","Freedom Watch, Inc.",≤100
105481140904672,Core Prestige,Core Prestige,≤100
23169911720,Chris Mann,Chris Mann Music,≤100
159806794731459,Customized Just For You,Chad William Hatch,≤100
27544763621,Prison Fellowship,Brandon Anders Larsen,≤100
115848097551,Institute for Women's Policy Research,Institute for Women's Policy Research,≤100
154269528015922,Byron Donalds,Byron Donalds for Congress,≤100
109526232935380,Synthisophy,Synthisophy,≤100
788356844537447,Disability Guide,These ads ran without a disclaimer,≤100
97466887664,Innocence Project,"INNOCENCE PROJECT, INC., THE",≤100
108838804083071,Etch The Edges,Critical Thinking Minds - DS Brown,≤100
107889164346056,Build for Inclusion: Here for All,These ads ran without a disclaimer,≤100
169204449790211,Conservative News Today,"BizPac Review, Inc.",≤100
356431274698532,Ryan Hampton,Ryan Hampton,≤100
102161004838994,Melissa Gould for Judge,Melissa Gould for Judge,≤100
100464684996763,Darla Betzer Bonk for City Council Ward 6,"Darla Betzer Bonk for Fort Myers City Council, Ward 6",≤100
105298561237754,We Are The Vocal Majority,We Are The Vocal Majority,≤100
101176014673943,Michelle for Kansas,MICHELLE FOR KANSAS,≤100
751679868274074,Hope for Students,THE EXPECTATIONS PROJECT INC,≤100
399060493533519,The Justice Foundation,JUSTICE FOUNDATION,≤100
299295363912730,New Politics Leadership Academy,New Politics Leadership Academy,≤100
1205124206245013,Movement for a People's Party,People for a Working Democracy,≤100
59254639983,Boston Medical Center,BOSTON MEDICAL CENTER,≤100
548407915183371,Liz Cheney,Liz Cheney for Wyoming,≤100
354586505391697,Derrick Evans - The Activist,Derrick Evans,≤100
110563080301468,Candidles,Lighthouse Financial Technologies,≤100
161186620643972,American Institute for Economic Research,AMERICAN INSTITUTE FOR ECONOMIC RESEARCH,≤100
294196590710262,FWD.us,FWD.us,≤100
2797712190454170,Keybo for Sheriff,Committee to Elect Keybo Taylor Sheriff,≤100
1712381442314346,STAND League,Church of Scientology International,≤100
1833879943496521,Spread The Vote,Spread the Vote,≤100
1448984361857166,Florida Federation for Children PAC,Florida Federation for Children,≤100
151944694884237,"Solidarity Strategies, LLC",Solidarity Strategies,≤100
112333396969405,Jim Bognet,Bognet for Congress,≤100
109345970588825,The jew Function,thejewfunction,≤100
80987211775,Bill Cassidy,Bill Cassidy for US Senate,≤100
106140571085743,Natalia For Congress,NATALIA LINOS FOR CONGRESS,≤100
315151565831,Ascension,Ascension Press,≤100
108854430811842,Stop Pebble Mine,Stop Pebble Mine,≤100
128289862750,Liberty in North Korea,Liberty in North Korea,≤100
102952148183474,Kill Deadly Virus,These ads ran without a disclaimer,≤100
1977738355807406,Sharice For Congress,SHARICE FOR CONGRESS,≤100
102027764795677,American Wire,The USA Wire,≤100
24470472733,The Trevor Project,The Trevor Project,≤100
243510442756370,Justice Democrats,JUSTICE DEMOCRATS PAC,≤100
111499100431,National Association for Gun Rights,NATIONAL ASSOCIATION FOR GUN RIGHTS INC,≤100
1295279420598401,Victoria Spartz,VICTORIA SPARTZ FOR CONGRESS,≤100
102846434825096,Beat Abbott,Beat Abbott PAC,≤100
109114803889902,ProVeg US,ProVeg International,≤100
112957340470360,Brad Smith for Cullman City Council,Megga Group LLC,≤100
274062743310857,Joshua Ray Cordova,Joshua R Cordova,≤100
133979276345,Georgia Farm Bureau,"GEORGIA FARM BUREAU FEDERATION, INC.",≤100
165566613453452,ERLC,ETHICS AND RELIGIOUS LIBERTY COMMISSION OF THE SOUTHERN BAPTIST,≤100
320533948089022,Angie Chen Button for Texas,Angie Chen Button,≤100
122150409780,UC San Diego,University of California San Diego,≤100
103322426424621,Jonathan Karl,Jonathan David Karl,≤100
108906707265489,USA Pooch,"PRESIDENTIAL POOCH, INC",≤100
114008535880,Foundation for Individual Rights in Education,FOUNDATION FOR INDIVIDUAL RIGHTS IN EDUCATION,≤100
105188847940993,Red America Store,Red America Store,≤100
129921337078906,YallPolitics,"Jackson New Media, Inc.",≤100
77790954801,Salesian Missions,Salesian Missions,≤100
106203264511020,Washington Changed Katko,DCCC,≤100
195704103779569,Savage Outdoors & The One,Amanda Harris Lee,≤100
105287044367027,ObsessedwithTrump,Donald Lee Rowan,≤100
69039563201,Open Doors USA,"OPEN DOORS WITH BROTHER ANDREW, INC.",≤100
612701059241880,Latinos for Trump,TRUMP MAKE AMERICA GREAT AGAIN COMMITTEE,≤100
105872574403318,Project TAMMI,a research grant at The National Center on Addiction and Substance Abuse (CASA),≤100
108512875350,The Atlas Society,The Atlas Society,≤100
149745555082419,Pioneer Institute for Public Policy Research,"Pioneer Institute, Inc.",≤100
112278007096262,Case Brittain 2020,Case Brittain for State House,≤100
181788675303402,Childhelp Tennessee: Foster Family Agency and Children's Center,Childhelp Tennessee,≤100