﻿Page ID,Page Name,Disclaimer,Amount Spent (USD)
2081864865362439,Mike Espy,MIKE ESPY FOR SENATE CAMPAIGN COMMITTEE,1900
925007000949719,ExxonMobil,Exxon Mobil Corporation,1839
202626512363,U.S. Census Bureau,U.S. Census Bureau,1192
153080620724,Donald J. Trump,TRUMP MAKE AMERICA GREAT AGAIN COMMITTEE,753
110312384073789,Bricklee Miller For MS Senate District 15,Friends of Bricklee Miller,453
1675970232703064,Mississippi Votes,Mississippi Votes with Facebook Ad Credits,429
924677227680241,PAC for a Change,PAC FOR A CHANGE,393
108824017345866,Facebook,"Facebook, Inc.",376
7860876103,Joe Biden,BIDEN VICTORY FUND,368
156968474833352,Stop Republicans,Stop Republicans,312
165987503528599,Lindsey Graham,"TEAM GRAHAM, INC.",300
115985765081573,Campaign Legal Center,"CAMPAIGN LEGAL CENTER, INC, THE",283
1615018905412860,Progressive Turnout Project,PROGRESSIVE TURNOUT PROJECT,275
1771156219840594,Team Trump,TRUMP MAKE AMERICA GREAT AGAIN COMMITTEE,230
791543660926838,"I'll go ahead and keep my guns, Thanks",2A4LIFE LLC,220
127225910653607,PragerU,PragerU,199
33713453361,Amazon Prime Video,Amazon Prime Video,182
104856814505092,The Kids Guide,The Kids Guide,179
328072970642479,Jaime Harrison,JAIME HARRISON FOR US SENATE,171
104919517531062,Vote Yes For Fairness,Vote Yes for Fairness,155
51405613519,Focus on the Family,Focus on the Family,153
342294162453301,Planned Parenthood,Planned Parenthood Federation of America,150
294196590710262,FWD.us,FWD.us,146
408250066356,Bill O'Reilly,"Bill Me, Inc.",146
1765033567057615,Full Frontal with Samantha Bee,WarnerMedia LLC,145
101235345004925,David M. Chism for House District 37,David Michael Chism,127
2042902612701467,We Are Memphis,We Are Memphis,121
747436915270894,Congressional Leadership Fund,CONGRESSIONAL LEADERSHIP FUND,121
327837911149503,2A4Life,2A4LIFE LLC,117
1449461518652183,4Patriots,4Patriots LLC,104
1374134752633656,New Health Plans,Shop Insurance Plans,103
92925746942,Judicial Watch,Judicial Watch,≤100
219929378110903,Justice Josiah Coleman,the Committee to Re-Elect Josiah Coleman and approved by the candidate.,≤100
1061240530648502,Joe Collins,JOE COLLINS FOR CONGRESS,≤100
314499212242,Pfizer,Pfizer Inc.,≤100
679171239164792,Supermajority,"Supermajority PAC, https://supermajority.com/pac/. Not authorized by any candidate or candidate's committee.",≤100
67518500519,Mississippi Center for Public Policy,Mississippi Center for Public Policy,≤100
107210084216238,Humanity Forward,Humanity Forward,≤100
140357056032320,NEA Today,National Education Association,≤100
159964696102,Kevin McCarthy,KEVIN MCCARTHY FOR CONGRESS,≤100
24330467048,Americans for Prosperity,AMERICANS FOR PROSPERITY,≤100
158791100909689,Concerned Veterans for America,Concerned Veterans for America,≤100
100137754724934,Trump 2020 Supporters,Proud Right Winger,≤100
338028696036,Yahoo News,Verizon Media Inc,≤100
259130650776119,Mitch McConnell,MCCONNELL SENATE COMMITTEE,≤100
176789922364429,Steve Daines,STEVE DAINES FOR MONTANA,≤100
100391581727524,Defeat By Tweet,DEFEAT BY TWEET,≤100
100517105076564,Shining Lifetime,Daniel Vasquez,≤100
2267285956849056,Donald Trump 2020 Fans,I Love My Freedom,≤100
105577974544303,The USA Needs More Patriots,AmeriPolling,≤100
1526736227567131,TrueCoverage,True Coverage,≤100
2352630938293825,Mytacticalpromos,Entremax,≤100
127755494595870,Progressive Takeover,PROGRESSIVE TAKEOVER,≤100
865633690313272,Unbothered,These ads ran without a disclaimer,≤100
1635441679872518,Kimberly Klacik,Kim Klacik for Congress,≤100
830121337093232,National Democratic Training Committee,NATIONAL DEMOCRATIC TRAINING COMMITTEE PAC,≤100
96935476345,Democratic Governors Association (DGA),Democratic Governors Association,≤100
168051710543266,Lacy Johnson,Lacy Johnson for Congress,≤100
9324910069,NRSC,NRSC,≤100
20787991568,Senate Democrats,DSCC,≤100
213792049451918,Stand For America,Stand For America Inc,≤100
112684930507292,Vote Bart Williams,Committee to Elect Bart Williams,≤100
95181800661,Levi's,Levi's®,≤100
200650357207240,I Love My Freedom,I Love My Freedom,≤100
664681913544823,Dixie Electric Power Association,Dixie Electric Power Association,≤100
228754857151053,House Majority PAC,House Majority PAC,≤100
278490715553293,Martha McSally,MCSALLY FOR SENATE INC,≤100
114710126648118,Republican Dogs,Republican Dogs,≤100
109379100777665,Patriotism Isn't Dead,Patriot Polling,≤100
834645469890446,Devin Nunes,DEVIN NUNES CAMPAIGN COMMITTEE,≤100
203805062990264,Ben Shapiro,The Daily Wire,≤100
101894128312659,My President,wowengraving,≤100
95356211637,Ben Ferguson,Ben Ferguson show,≤100
560140464159364,Stand for the 2nd Amendment,SFT2 Tactical Supply,≤100
2353537341582545,Proud Patriots,Proud Patriots,≤100
114501575391943,Compare Medicare Quotes,Benepath,≤100
46093654473,National Republican Congressional Committee,NRCC,≤100
11653741889,Ad Council,Ad Council with Facebook Ad Credits,≤100
717115395103069,PrintedKicks,Printed Kicks,≤100
104697624670916,Elect Fabian Nelson Mississippi House District 66,COMMITTEE TO ELECT FABIAN NELSON HOUSE DISTRICT 66,≤100
105577974544303,The USA Needs More Patriots,Anthony Alexander Morales,≤100
105707511217866,Communities Joining Hands,Elena Zhan,≤100
18982436812,ACLU,American Civil Liberties Union,≤100
355316521236121,John Cornyn,Cornyn Majority Texas,≤100
101729174969126,ReSkillMS,Mississippi Department of Employment Security,≤100
106323360959211,Patriots Republic,Matthew James Stine,≤100
111892670610842,Political AF,wowengraving,≤100
76625396025,CDC,U.S. Centers for Disease Control and Prevention with Facebook Ad Credits,≤100
17023576156,The Leadership Conference on Civil and Human Rights,Leadership Conference Education Fund,≤100
907919839243616,My Faith Votes,My Faith Votes,≤100
110018833813683,Flip the Senate,SMP,≤100
104139198053789,Ben Johnson for State Senator District 39,Benjamin Blake Johnson,≤100
242077219243971,The Presidential Coalition,The Presidential Coalition,≤100
15524934075,Banana Republic,Banana Republic,≤100
24413227922,Kamala Harris,BIDEN VICTORY FUND,≤100
85452072376,Newsmax,Newsmax Media,≤100
114475890010131,Piggy Dollar Financial,Tyler Wayne Hedland,≤100
108109934203874,Insta Shop Boutique,Insta Shop Boutique,≤100
106224464107240,Jo Jorgensen,Jo Jorgensen for President,≤100
107724480828525,Committee to Elect Judge Percy Lynchard,Committee to Elect Judge Lynchard,≤100
103026384819654,How to Vote,ACRONYM,≤100
681745912255844,John Cummings for Congress,CUMMINGS FOR CONGRESS,≤100
215199482635728,Alek Skarlatos,ALEK FOR OREGON,≤100
855135964527710,Trent Kelly,KELLY FOR CONGRESS,≤100
461204744067686,Family Protection Association,Family Protection Association,≤100
1419388578092947,Anna Paulina Luna,ANNA PAULINA LUNA FOR CONGRESS,≤100
1456310534453054,Veteran Loans Online,"LMB OpCo, LLC",≤100
1204754733024419,People's Power Grab,ACRONYM,≤100
934438026690635,YouGov,YOUGOV AMERICA INC.,≤100
643463669628493,Public Opinion Research Group,"Public Opinion Research Group, Inc",≤100
330793391157327,Community and Regional Planning at Alabama A&M University,Alabama A&M and the Department of Community & Regional Planning,≤100
101279451606075,Democratic Strategy Institute,Democratic Strategy Institute,≤100
105756057589080,The Lincoln Project,The Lincoln Project,≤100
60449667441,Family Research Council,FAMILY RESEARCH COUNCIL,≤100
100926135067368,Defend Your Police,Defend Your Police,≤100
1107973016071967,Wesley Hunt,Hunt for Congress,≤100
223008867858902,American Action News,American Action News,≤100
130467958471,Jason Lewis,Jason Lewis for Senate,≤100
114009933764548,The Patriot Club,RightWingGear,≤100
1447994318779650,AirMedCare Network,AIrMedCare Network,≤100
6204742571,Sierra Club,SIERRA CLUB,≤100
7833534974,Florida Democratic Party,Florida Democratic Party,≤100
305832706292882,American Gun Association,GunAssociation.org,≤100
598924810530984,Keeping America Great,FamTeeWorld,≤100
1109093812491437,Blaze Media,Blaze Media LLC,≤100
328853823844484,Balance of Power,Balance of Power,≤100
235701154010364,E Pluribus Unum,E Pluribus Unum Fund,≤100
103983379801,Texas Democratic Party,SUPER STATES 2020,≤100
106114264313679,Hunt The Vote,"Hunter Nation, Inc",≤100
406456986070332,Matt Gaetz,Friends of Matt Gaetz,≤100
74100576336,Facebook for Business,"Facebook, Inc.",≤100
167586229923327,World Food Program USA,World Food Program USA,≤100
49651563727,Live Action,Live Action,≤100
108118933908193,Next Level Goods,Next Level Goods LLC,≤100
115024746010017,MediaWise,MediaWise,≤100
1600352356914768,PushBlack,PushBlack,≤100
530604487365010,Old Glory Flagpole Kits,Service First Flag Poles,≤100
481559282597914,TrumpersUnite,Respect The Look,≤100
99659574019,Mississippi First,"MISSISSIPPI FIRST, INC.",≤100
100256754899828,Patriot's Cave,Patriots Cave,≤100
100665248461692,Bob Lee for MS House District 66,Brittany Alicia Brown,≤100
665345483483486,NRA - National Rifle Association of America,NATIONAL RIFLE ASSN OF AMERICA,≤100
249362448960808,Sanderson Farms Corporate,Sanderson Farms Corporate,≤100
16477459734,League of Conservation Voters,"LEAGUE OF CONSERVATION VOTERS, INC",≤100
167606528159,Dockers,Levi Strauss & Co.,≤100
530604487365010,Old Glory Flagpole Kits,Service First,≤100
203197030603239,8 Billion Trees,8 Billion Trees,≤100
102745147891580,Trump Coolers,Trump Coolers,≤100
107109947803536,Analyzing America,Gregory Lawrence Burright,≤100
123064705856,FRC Action,Family Research Council Action,≤100
206743952696198,Lower My Bills,"LMB OpCo, LLC",≤100
20395377020,Old Navy,Old Navy LLC,≤100
106244251043808,Reuse Plastics,"AMERICAN CHEMISTRY COUNCIL, INC.",≤100
71383025128,PARIS - Guerrilla Funk Recordings,"Guerrilla Funk Recordings and Filmworks, LLC",≤100
866462300044758,"Mayor George Flaggs, Jr.",City of Vicksburg,≤100
69983322463,Ted Cruz,TED CRUZ FOR SENATE,≤100
7263476274,Mercy Corps,Mercy Corps,≤100
114646533630729,Yes. Every Kid.,"yes. every kid, Inc.",≤100
102212541306207,Self-Employed Health Insurance,GROW with MKG LLC,≤100
111023584012681,Open Road Homeward,Samantha Lyn Weldon,≤100
737686089933715,Conservative Collections,Mainline Media Group,≤100
160513344045084,John Neely Kennedy,"John Kennedy for Us, Inc",≤100
102671331487937,I Love My Freedom Store,I Love My Freedom,≤100
376776419037747,Turning Point USA,Turning Point USA,≤100
103929708088578,Joyce Meek Yates for Senate District 15,Committee to Elect Joyce Meek Yates,≤100
304824390182929,Fieldstone,Robert Clark Haddock,≤100
110010433804232,Falkirk Center,Falkirk Center,≤100
96935476345,Democratic Governors Association (DGA),DEMOCRATIC ACTION,≤100
132492254050920,American AF,AAF Nation,≤100
8934429638,Planned Parenthood Action,Planned Parenthood Action Fund,≤100
105732744375701,Steve Bullock,MONTANANS FOR BULLOCK,≤100
1316372698453411,Alexandria Ocasio-Cortez,Alexandria Ocasio-Cortez for Congress,≤100
593289284500311,Trump Rack,BOXD Marketing,≤100
104099074492299,Derrick Van Orden,VAN ORDEN FOR CONGRESS,≤100
350784278974539,Turning Point Action,Turning Point Action,≤100
15239367801,The Wilderness Society,"WILDERNESS SOCIETY, THE",≤100
700806360047982,CFG Action,Club for Growth Action,≤100
629732217415068,Republican Party,Greater Half,≤100
102875587947942,Keep Trump In Office,Keep Trump In Office,≤100
57259033959,AARP,AARP,≤100
104027944769027,Proud Patriot Shop,The GOP Shop,≤100
352527958302,Israel on Campus Coalition,Israel on Campus Coalition,≤100
192015461630968,Supporting Our Brave Veterans,James Brian Plouf,≤100
2410084349217985,Living Facts,"Living Facts, an initiative of The Pew Charitable Trusts",≤100
892673067526965,Project War Path,Project War Path,≤100
405469100189512,Still My President - Donald Trump,Red State Politics LLC,≤100
219612384781411,Bloomberg Philanthropies,Bloomberg Philanthropies,≤100
103597604713894,Team Trump Store,TRUMP MAKE AMERICA GREAT AGAIN COMMITTEE,≤100
133609566708653,City of Hattiesburg-Government,CIty of Hattiesburg - Government,≤100
106667854471975,Outspoken,Log Cabin Republicans,≤100
266344180585578,Jim Jordan for Congress,JIM JORDAN FOR CONGRESS,≤100
420785874975425,Conservative Institute,The Conservative Institute,≤100
6231686654,Compassion International,"COMPASSION INTERNATIONAL, INCORPORATED",≤100
106973694007283,Keep America Great Again,KagaGear.com,≤100
21559454473,FAIR,FEDERATION FOR AMERICAN IMMIGRATION REFORM,≤100
18813753280,Human Rights Campaign,"HUMAN RIGHTS CAMPAIGN, INC",≤100
107315591003146,Healthier Lifestyle,Katie Yazhen Gao,≤100
103644036958,United Association,United Association Political Education Committee,≤100
592707041080920,Stand Together,Stand Together Chamber of Commerce Inc.,≤100
12683623041,Society for Human Resource Management (SHRM),SOCIETY FOR HUMAN RESOURCE MANAGEMENT,≤100
602714436529710,End Citizens United,END CITIZENS UNITED,≤100
1556932204325823,ProgressPop,ProgressPop,≤100
109984394118472,Mask Exemption Cards,Mask Exemption Cards,≤100
45393753416,Alliance Defending Freedom,Alliance Defending Freedom,≤100
355316521236121,John Cornyn,TEXANS FOR SENATOR JOHN CORNYN INC.,≤100
443329669123990,USAFacts,USAFacts Institute,≤100
1799282383731277,TwoSeventy,Alexander Jared Deutsch,≤100
872842866161157,One Nation Design,One Nation Design,≤100
2309566456030859,Human Coalition Action,Human Coalition Action,≤100
586751814690068,Joni Ernst,Joni for Iowa,≤100
428821014132730,Katie Porter,Katie Porter For Congress,≤100
103218576421422,GirlTrek: Healthy Black Women and Girls,GirlTrek,≤100
113666459994300,Big Dan Rodimer for Congress,RODIMER FOR CONGRESS,≤100
105084617912738,PatriotQuizzes,patriotquizzes.com,≤100
193618220508,LIFE Today,LIFE Outreach International,≤100
5435784683,Greenpeace USA,"GREENPEACE, INC.",≤100
22561081832,NRA Institute for Legislative Action,NRA Victory Fund,≤100
116546288359245,Heritage Action for America,HERITAGE ACTION FOR AMERICA,≤100
109111900634787,Reverend Raphael Warnock,WARNOCK FOR GEORGIA,≤100
109822293929207,Brian Flowers for Congress,Flowers for Congress,≤100
103851564652,Waterkeeper Alliance,WATERKEEPER ALLIANCE INC,≤100
107589664099282,Stand Up To China,"Stand Up To China, Inc.",≤100
166471303706,OkCupid,"MATCH GROUP, LLC",≤100
105829564471772,Patriots Stand Together,Trizzie Truong,≤100
7814597100,Jim Jordan for Congress,JIM JORDAN FOR CONGRESS,≤100
129255907131113,NumbersUSA,NUMBERSUSA EDUCATION AND RESEARCH FOUNDATION,≤100
104614641200137,MeidasTouch,MEIDASTOUCH,≤100
20876805343,March of Dimes,MARCH OF DIMES INC.,≤100
10498053716,Media Research Center,MEDIA RESEARCH CENTER,≤100
80987211775,Bill Cassidy,Bill Cassidy for US Senate,≤100
702582586516561,CBN Israel,"The Christian Broadcasting Network, Inc.",≤100
546066468753446,Black Health Matters,BLACK HEALTH MATTERS FOUNDATION INC,≤100
213041185421849,Lance Harris,Lance Harris Campaign,≤100
6333396177,NewsBusters.org,MEDIA RESEARCH CENTER,≤100
118502801658228,Young Kim,Young Kim for Congress,≤100
113891694102,Energy Citizens,AMERICAN PETROLEUM INSTITUTE,≤100
373814729643508,Let America Vote,LET AMERICA VOTE PAC,≤100
127821707877,YWCA USA,"YWCA OF THE USA, NATIONAL BOARD (INC)",≤100
25852730092,Care2,Care2 Inc,≤100
35169196082,Project HOPE,"PROJECT HOPE-THE PEOPLE-TO-PEOPLE HEALTH FOUNDATION, INC.",≤100
300125763392341,Bigger Pie Forum,Bigger Pie Forum,≤100
123651254408327,Sokolove Law,"Sokolove Law, LLC",≤100
104704401202729,"Teresa's Tips, Tricks & Tools for Beauty, Health & Wealth",Teresa Marie Von Riegen,≤100
105433064492153,The Return 2020,The Return International,≤100
971668776283950,PolicyEd,Hoover Institution,≤100
190953964261372,Coast Electric Power Association,Coast Electric Power Association,≤100
210333902420876,Sean Parnell,AMERICANS FOR PARNELL COMMITTEE,≤100
2225580284361712,Tommy Tuberville,"TUBERVILLE FOR SENATE, INC.",≤100
110288834103858,Levon Murphy Jr  for District 15 Ms Senate,Levon Murphy,≤100
257019421075897,Cory Gardner,Cory Gardner for Senate,≤100
1136781033034012,Brave New Look,Brave New Look,≤100
1088950287806118,Climate Hustle 2,CFACT,≤100
293225127381200,Patriot Depot,The Patriot Depot,≤100
27544763621,Prison Fellowship,Prison Fellowship,≤100
956112704484286,American Update,American Update,≤100
113553048669158,Rick Scott,TEAM RICK SCOTT,≤100
1836138529938551,Greater Half,Greater Half,≤100
195530355493,Chicks On The Right,Chicks on the Right,≤100
102137374563260,Confide in American Pride,John Allen Franson,≤100
1393911800825140,OZY,OZY Media Inc,≤100
667406426724032,Cocoa Butter,Amazon Studios,≤100
116238930177726,Artsiful,Brad Aaron Shaw,≤100
839110726214614,Realtors,NATIONAL ASSOCIATION OF REALTORS,≤100
277414242013,Joyce Elliott for Congress,JOYCE ELLIOTT FOR CONGRESS,≤100
1987655814637268,Shelby County Mayor Lee Harris,Shelby County Government,≤100
356482637745012,Stansberry Research,Stansberry Research,≤100
1194865807192273,Conservative Gear,Outergoods LLC,≤100
317284821682168,Messianic Jewish Alliance of America (MJAA),Messianic Jewish Alliance of America,≤100
108635370971125,Home Value Club,Isaac Mari Jata,≤100
160630887998827,Let Them Live,Let Them Live,≤100
345378512258813,Elise Stefanik,ELISE FOR CONGRESS,≤100
1336293769761923,Jon Ossoff,JON OSSOFF FOR SENATE,≤100
166618413413767,Jay Sekulow,American Center for Law and Justice,≤100
598575284137858,The Trump I Know,Wolf Rock Pictures,≤100
8492293163,Environmental Defense Fund,Environmental Defense Fund,≤100
109092142462587,Adam Schiff,SCHIFF FOR CONGRESS,≤100
10150100007820094,Wendy Davis,WENDY DAVIS FOR CONGRESS,≤100
100696128366533,Compare-HealthPlans.com,Darius Alexander Mcdougle,≤100
154269528015922,Byron Donalds,Byron Donalds for Congress,≤100
121388362246,Goldman Sachs,Goldman Sachs & Co.,≤100
1900853040223913,Count All Kids,Partnership for America's Children with Facebook Ad Credits,≤100
263210730984251,We Are Great Again Pac,WE ARE GREAT AGAIN PAC,≤100
19192438096,AAAS - The American Association for the Advancement of Science,American Association for the Advancement of Science,≤100
216709768355686,Dinesh D'Souza,America2020 Film LLC,≤100
109186244232765,The Liberty Club,Cindy None Dao,≤100
177820122658949,Marlin & Saltzman,Marlin & Saltzman,≤100
1268410219898273,Tango Tango,Tango Tango Inc,≤100
163148530407080,Captain Mark Kelly,MARK KELLY FOR SENATE,≤100
205395906412,UAW International Union,"INTERNATIONAL UNION, UNITED AUTOMOBILE, AEROSPACE AND AGRICULTURAL IMPLEMENT WORKERS OF AM",≤100
53674651369,Susan B. Anthony List,Susan B. Anthony List,≤100
467804929927622,Jason Smith,JASON SMITH FOR CONGRESS,≤100
2037695643113766,Blexit,Blexit Foundation,≤100
100233228182981,Madison Cawthorn for Congress,CAWTHORN FOR NC,≤100
231154884924705,AboutTrump.org - and Biden,A MARK FOUNDATION,≤100
201956993160690,MRCTV,MEDIA RESEARCH CENTER,≤100
76625396025,CDC,These ads ran without a disclaimer,≤100
101769576791,Health Action Network,Health Action Network,≤100
6041057841,The Humane Society of the United States,"HUMANE SOCIETY OF THE UNITED STATES, THE",≤100
2019228981443626,She the People,She The People,≤100
309308412520731,Sandy Hook Promise,Sandy Hook Promise,≤100
101894128312659,My President,Republican Nations,≤100
746938465317981,Nuclear Matters,Nuclear Matters,≤100
398757490729,The National Network to End Domestic Violence,"NATIONAL NETWORK TO END DOMESTIC VIOLENCE, INC.",≤100
109698737529541,WomanKindness,WomanKindness,≤100
112735922758892,Charlie Kirk,Charlie Kirk,≤100
87199812705,Advocates for Youth,ADVOCATES FOR YOUTH INC,≤100
1610834479233860,Fight For Reform,End Citizens United Non-federal,≤100
6756153498,Mike Bloomberg,Mike Bloomberg,≤100
1934191280189700,Health Care Voter,Health Care Voter,≤100
128167457221813,Public Transportation,Voices for Public Transit,≤100
309798029121030,Everytown for Gun Safety,Everytown for Gun Safety Action Fund Inc,≤100
284852861535887,C-SPAN StudentCam,NATIONAL CABLE SATELLITE CORPORATION,≤100
296708523873754,Karla Dennis and Associates Inc.,"Karla Dennis & Associates, Inc",≤100
109976445836,Darim Online,Darim Online,≤100
258470931719484,The Why Minutes,The Why Minutes,≤100
8550121410,Free Speech America Project,MEDIA RESEARCH CENTER,≤100
23875187730,Feeding America,Feeding America,≤100
153278754738777,Climate Reality,The Climate Reality Project,≤100
242679302418244,Denison Forum,Denison Ministries,≤100
111428049989,Cal Cunningham,CAL FOR NC,≤100
101591551371555,Fire Mitch. Save America.,SAVE AMERICA FUND,≤100
1084856268238034,Trump Talking,Roberto None Lugo,≤100
1581303772176089,Nancy Depreo - City of Diamondhead Ward 1 Councilwoman,Nancy Carol Depreo,≤100
396542850837611,Declaration for American Democracy,"PUBLIC CITIZEN FOUNDATION, INC.",≤100
2078647579047586,Project Pulso,Pulso,≤100
209516845093,NRDC Action Fund,NRDC Action Fund,≤100
30914589895,The International Fellowship of Christians and Jews,"INTERNATIONAL FELLOWSHIP OF CHRISTIANS & JEWS, INC.",≤100
1530883997194411,United States Constitution,Flag and Cross,≤100
108160307682486,Lynn Wright for MS House District 37,Paul Edward Brown,≤100
225047548933396,Hip-Hop Political Education,Hip Hop Political Education Summit,≤100
537534316395916,Students for Trump,Turning Point Action,≤100
7976226799,The Daily Show,Comedy Central,≤100
64742342517,Hagee Ministries,"GLOBAL EVANGELISM, INC.",≤100
15771560300,Earthjustice,EARTHJUSTICE,≤100
143055773143383,Patients For Affordable Drugs NOW,Patients for Affordable Drugs Now,≤100
106699314474744,Michael Smith For Senate 2020,Michael Smith,≤100
104027944769027,Proud Patriot Shop,Georgia Rose Benoit,≤100
894096170667732,Ashley Hinson,Ashley Hinson For Congress,≤100
104351147973521,BLM Store,www.BLM.store,≤100
911828698840246,ReLEntless Defender Apparel,ReLEntless Defender Apparel,≤100
620713201889883,Jamie Anderson for Lafayette County School Board,Jamie Anderson for Lafayette County School Board District 1,≤100
5943727453,American Humane,American Humane,≤100
6240652407,Young America's Foundation,YOUNG AMERICA'S FOUNDATION INC,≤100
105283641284912,"Jason Barrett for Senate - Copiah, Lawrence, Lincoln, Walthall Counties",Committee to Elect Jason Barrett,≤100
1765073800454902,Reform Austin,Reform Austin Inc.,≤100
11006419356,The Voice of the Martyrs - USA,"VOICE OF THE MARTYRS, INC., THE",≤100
700558280309875,Sootchy App,Sootchy Inc,≤100
145973965440671,Carnegie Corporation of New York,CARNEGIE CORPORATION OF NEW YORK,≤100
1678492922390061,WorkingNation,WorkingNation,≤100
107226350977260,Rookie,Mark Anthony Russell,≤100
236662820616600,Ryan Longmire For Justice Court Judge,Ryan Allen Longmire,≤100
10128918116,Gavin Newsom,NEWSOM FOR CALIFORNIA GOVERNOR 2022,≤100
192771954102960,Jordan Sekulow,American Center for Law and Justice,≤100
319085508164191,Affordable Pharmacy Action Network,Paid for by Pharmaceutical Care Management Association,≤100
253791814655400,Doug Collins,"COLLINS FOR SENATE, INC.",≤100
129278807814364,Women of Welcome,Welcome.,≤100
107654924064350,Pat Timmons-Goodson,PATRICIA TIMMONS-GOODSON FOR CONGRESS,≤100
342887442508723,Convention of States,Convention of States Action,≤100
305643856459460,Burgess Owens,Burgess 4 Utah,≤100
322551718276442,Lemons Are Blue,Lockwell LLC,≤100
808450969246896,"Rebecca Walser, Tax Attorney, CFP",Walser Wealth Management,≤100
117641114435,First Aid Beauty,First Aid Beauty,≤100
6726182861,Mike Pence,TRUMP MAKE AMERICA GREAT AGAIN COMMITTEE,≤100
439743359462418,RePublic Schools,Republic Schools Nashville,≤100
289446947817747,Global Citizen,"GLOBAL POVERTY PROJECT, INC.",≤100
21455818797,Feed the Children,"FEED THE CHILDREN, INC.",≤100
114137377017740,Martin Lemelle,Martin Lemelle for Congress Campaign,≤100
354851377936744,BookTV,C-SPAN,≤100
456244124886097,FactSpread.org,factspread,≤100
504161563089343,BlackPAC,Black PAC,≤100
55708608675,RAND Corporation,"RAND CORPORATION, THE",≤100
199756330090514,Solar United Neighbors,Solar United Neighbors,≤100
172758932738142,PhRMA,PHARMACEUTICAL RESEARCH AND MANUFACTURERS OF AMERICA,≤100
103645227897737,Zesty Salsa,Gabriel F Serrano,≤100
105536127617594,The American Digest,The American Digest,≤100
605168822998856,314 Action,314 ACTION FUND,≤100
5246634919,Zazzle,Zazzle Inc.,≤100
2236497789960303,Kuzmich for Congress,Stephen Kuzmich,≤100
2256321067930356,Liberteeclub,libertyteeshop,≤100
101127364972509,Dems For USA,Dems For USA,≤100
153678684700451,American Investment Council,AMERICAN INVESTMENT COUNCIL,≤100
30792325085,Bipartisan Policy Center,"BIPARTISAN POLICY CENTER, INC.",≤100
10423517786,Harvard Business Review,HARVARD BUSINESS SCHOOL PUBLISHING CORPORATION,≤100
103232231535182,Truly Loyal Patriots,Truly Loyal Patriots,≤100
107439427661844,Accountable Tech,Accountable Tech,≤100
162695894106234,Co-ops Vote,National Rural Electric Cooperative Association,≤100
13867925345,Equality Florida,Equality Florida,≤100
100506848295759,Made to Fail,Made To Fail,≤100
596556607135301,The Earthling Co.,The Earthling Co.,≤100
8321461609,MomsRising.org,MomsRising Together,≤100
380150085350039,Justice Ken Wise,Friends of Justice Ken Wise,≤100
979720542211350,Humanize Being Black,Keyshun Quantarious Holmes,≤100
8501031021,VoteVets.org,VOTEVETS,≤100
419237048158257,Susan Collins,COLLINS FOR SENATOR,≤100
518194348194441,RepresentUs,RepresentUs,≤100
101668248320055,Kevin Pearson Campaign,Kevin Pearson Campaign,≤100
207901812670026,theSkimm,"theSkimm, Inc.",≤100
35142679763,Alzheimer's Disease Research,"BRIGHTFOCUS FOUNDATION, INC. A/K/A BRIGHTFOCUS FOUNDATION",≤100
1081518195353411,Erik Rock - Rock Productions LOL,Erik Andrew Rock,≤100
32975139631,If Americans Knew,If Americans Knew,≤100
160389977329803,ATTN:,ATTN: INC.,≤100
16775672689,Heartland Institute,The Heartland Institute,≤100
1912943255631432,Renee Hoyos for Congress,HOYOS FOR CONGRESS,≤100
90498769709,Edenpure,EdenPURE®,≤100
8047221596,Save the Children US,"SAVE THE CHILDREN FEDERATION, INC.",≤100
102846434825096,Beat Abbott,Beat Abbott PAC,≤100
115078468480,Multidisciplinary Association for Psychedelic Studies (MAPS),Multidisciplinary Association for Psychedelic Studies (MAPS),≤100
79125112926,Students for Life of America,"STUDENTS FOR LIFE OF AMERICA, INC.",≤100
692220144192046,Empower Mississippi,Empower Mississippi,≤100
393932827634250,Dissent Pins,Common Practice,≤100
102772158189543,DeSoto County Republican Party,DeSoto County Republican Party,≤100
1435071773455316,Daily Wire,The Daily Wire,≤100
59386210330,American Lung Association,AMERICAN LUNG ASSOCIATION,≤100
248181906078243,National Institute for Civil Discourse,CommonSense American,≤100
8325302025,Friends of the Earth U.S.,Friends of the Earth,≤100
46347342434,EMILY's List,EMILY'S LIST,≤100
143729616392084,Van Drew for Congress,Van Drew for Congress,≤100
29883711738,Independent Women's Voice,Independent Women's Voice,≤100
103963987985703,Birth Defects Victims,Birth Defects Victims,≤100
277005566267077,Blueland,Blueland,≤100
38235851310,USA for UNHCR,UNITED STATES ASSOCIATION FOR UNHCR,≤100
100523018383357,National Federation of Christian Businesses - NFCB,National Federation of Christian Businesses Inc,≤100
121067011091,Arab American Institute,Arab American Institute with Facebook Ad Credits,≤100
103911824657671,Health Insurance,Michael Melen,≤100
711478725532801,Civiqs,Civiqs,≤100
134452023239984,Human Coalition,Human Coalition,≤100
110962313941403,Vote from Home 2020,PEOPLE FOR GOVERNMENT PAC,≤100
115364585711,Lawyers' Committee for Civil Rights Under Law,Lawyers' Committee for Civil Rights Under the Law with Facebook Ad Credits,≤100
43609808159,Happy Family Organics,Happy Family Organics,≤100
2012750189007245,Liquid Death Mountain Water,Liquid Death,≤100
109259897568722,The Democratic Senate Action Committee,THE DEMOCRATIC SENATE ACTION COMMITTEE,≤100
2330577043935831,Sara Gideon,SARA GIDEON FOR MAINE,≤100
282728185140429,Rep For Vets,The Rep For Vets,≤100
331037760381749,Sierra Magazine,SIERRA CLUB,≤100
291102898490822,Giant Maga Hat,Inventors club LLC,≤100
367292494407,AJC - American Jewish Committee,AMERICAN JEWISH COMMITTEE,≤100
104504438466,Federal Voting Assistance Program - FVAP,Federal Voting Assistance Program,≤100
162493793737,Rick Green,Richard Arlin Green,≤100
184731548554164,PL+US,Plus Fund: Paid Leave for the United States,≤100
154860200019,Immigrants Rising,Immigrants Rising,≤100
108692310594568,UNITE HERE,UNITE HERE PAC,≤100
267180743723148,National Geographic Society,National Geographic Society,≤100
175403889150682,FindLaw.com,FindLaw Consumer,≤100
34362997676,United States Holocaust Memorial Museum,UNITED STATES HOLOCAUST MEMORIAL MUSEUM,≤100
1573514862764092,Speech First,Speech First,≤100
585942765164217,Elect Democratic Women,ELECT DEMOCRATIC WOMEN,≤100
84280132559,American Legislative Exchange Council,AMERICAN LEGISLATIVE EXCHANGE COUNCIL,≤100
5720973755,Defenders of Wildlife,DEFENDERS OF WILDLIFE,≤100
1452551204988299,GoReact,Speakworks Inc,≤100
113702026736466,National Parks Action Fund,National Parks Action Fund,≤100
1636216106590985,Josh Hawley,JOSH HAWLEY FOR SENATE,≤100
108029674299216,We The People,We The People,≤100
360424321432255,Doha Debates,Doha Debates,≤100
100401327980848,National Parents Union,National Parents Union,≤100
109947294143213,Republicanstorefront,Republicanstorefront.com,≤100
51533142540,Public Advocate of the U.S.,PUBLIC ADVOCATE OF THE US,≤100
106204621230673,Tactical Community,Empowerment Tactics LLC,≤100
318576225387055,Be Woke.Vote,Darrick Robert Angelone,≤100
217976018236954,OutKick,Outkick Media LLC,≤100
607626319739286,Black Voices for Trump,TRUMP MAKE AMERICA GREAT AGAIN COMMITTEE,≤100
1228396643984955,Michelle Steel,Michelle Steel for Congress,≤100
11791104453,NRDC,Natural Resources Defense Council,≤100
100501611534904,BDS is BS,BDS is BS,≤100
625163578131723,Bravely Facing Tomorrow,Gregory Inwha Park,≤100
156268994819596,Marc J. Bern & Partners LLP,Marc J. Bern & Partners LLP,≤100
1010143499143169,Medicare Savings,"Mayo Labs, LLC",≤100
181385265351965,Mosaic Magazine,Mosaic,≤100
70995214846,Business Roundtable,Business Roundtable,≤100
1650167181867684,"Madison County, MS Government","MADISON, COUNTY OF",≤100
25121889784,Texas Public Policy Foundation,Texas Public Policy Foundation,≤100
105698674239617,Embed News,Embed News,≤100
953113491536337,Black to the Future Action Fund,Black to the Future Action Fund,≤100
21375324480,The Heritage Foundation,HERITAGE FOUNDATION (THE),≤100
7292655492,MoveOn,MOVEON.ORG POLITICAL ACTION,≤100
113502933787595,Patriots United,Tyler Wayne Hedland,≤100
680549575421741,UnitedVoice.com,"Beachside Media, Inc.",≤100
1682876188698809,United for Respect,United for Respect,≤100
143986912311328,University of Vermont Continuing and Distance Education,University of Vermont,≤100
109360297266116,Fearless Patriot,TERESA NONE OHARA-MARSH,≤100
110849485902,United Way,United Way Worldwide with Facebook Ad Credits,≤100
1888575197903676,Ducote for Justice,Ducote for Justice,≤100
884608308247144,Armadillo Hat Company,Armadillo Hat Company,≤100
788394134539871,USPS Business,United States Postal Service,≤100
296106753794181,Black Press USA - NNPA,Norman Rich,≤100
102592959026,Ocean Conservancy,"OCEAN CONSERVANCY, INC.",≤100
113893130439041,GenFree,Gen Free,≤100
58736997707,Marco Rubio,Marco Rubio for Senate,≤100
926650430723985,Really American,REALLY AMERICAN PAC,≤100
23790541544,Democrats,DCCC,≤100
243510442756370,Justice Democrats,JUSTICE DEMOCRATS PAC,≤100
455147011996099,The Ann and Phelim Scoop,The Unreported Story Society,≤100
120846146252663,One More Thing,Story Network Foundation,≤100
119006106155684,PI Energy,Andrew P Chung,≤100
108557097612242,Vote By Mail PAC,Vote By Mail PAC,≤100
466164103423147,Thorn,Thorn with Facebook Ad Credits,≤100
19342050934,Leadership Institute,LEADERSHIP INSTITUTE INC,≤100
169277310432049,"Texas Precision Optics, Inc.",Texas Precision Optics Inc,≤100
237477017606,Club for Growth,Club for Growth,≤100
105010030848236,Bryant Cameron Webb,DR. CAMERON WEBB FOR CONGRESS,≤100
9316648525,The Chicago School of Professional Psychology,TCS Education System,≤100
259212814698356,Democratic Majority for Israel,DMFI PAC,≤100
375760676281438,Mermaid Straw,Mermaid Straw,≤100
152561628240904,SEIU PA State Council,SEIU COPE (SERVICE EMPLOYEES INTERNATIONAL UNION COMMITTEE ON POLITICAL EDUCATION),≤100
142474049098533,Robert Reich,Inequality Media,≤100
136116246452638,"Forestdale, Inc.","FORESTDALE, INC.",≤100
493811210669780,Creative Action Network,Creative Action Network,≤100
112333396969405,Jim Bognet,Bognet for Congress,≤100
142370046577999,Shahid Buttar for Congress,Shahid Buttar for Congress Committee,≤100
15351475322,Cathy McMorris Rodgers,Cathy McMorris Rodgers for Congress,≤100
137459917707,The Brookings Institution,The Brookings Institution,≤100
38471053686,Elizabeth Warren,"WARREN DEMOCRATS, INC.",≤100
21090771700,Gun Owners of America,Gun Owners of America,≤100
623835887637973,Hero PAC,Hero PAC,≤100
227764782729,AMERICAN - STRONG!,American Strong LLC,≤100
1629925673968109,Refuse Fascism,Refuse Fascism,≤100
1668350569891953,Rainbow Movement,William James Ulrich,≤100
1683659714985244,Phil Ehr,EHR FOR CONGRESS,≤100
54481362063,CassiusLife,These ads ran without a disclaimer,≤100
103144548151014,Adrian Perkins,Perkins for LA,≤100
585716505457586,Borden4Judge,Borden 4 Judge,≤100
324558475104607,United We Dream Action,United We Dream Action,≤100
121626482110,Operation Smile,"OPERATION SMILE, INC.",≤100
152315634778510,UsAgainstAlzheimer’s,UsAgainstAlzheimer's,≤100
370657382416,Stanley Black & Decker,"STANLEY BLACK & DECKER, INC.",≤100
101888608186192,MedicalCommunitynet,Medical Community LLC,≤100
1053833861326820,John Burke,Presidential Playbook,≤100
442553959494293,Pay Up Climate Polluters,Center for Climate Integrity,≤100
105455840860559,EagleRealm LLC,Eagle Realm,≤100
429812024048177,Doug Jones for Senate,DOUG JONES FOR SENATE COMMITTEE,≤100
50982313030,Food & Water Watch,Food & Water Watch,≤100
325578590837480,Protect Our Care,Sixteen Thirty Fund,≤100
513695272011123,The Genesis Prize,GPF NA LLC,≤100
419992651425033,Guardianes del Pueblo-Consumer Law Group,Consumer Law Group,≤100
46508415624,Scott Taylor,Scott Taylor for Congress 2020,≤100
1485435834871147,"Senator Joel R. Carter, Jr.",Friends of Joel Carter,≤100
103587008136530,Sharon Nash Barnett Harrison County Tax Collector,Darryl Andrew Dukes,≤100
42002969352,Center on Budget and Policy Priorities,Center on Budget and Policy Priorities,≤100
28510612138,Uncommon Knowledge,Hoover Institution,≤100
93114332471,20/20 Research,2020 Research,≤100
169687486427698,Jentezen Franklin,FREE CHAPEL WORSHIP CENTER,≤100
18079407397,CPAC 2020,Conservative Political Action Conference,≤100
51761261956,The Bill of Rights Institute,"BILL OF RIGHTS INSTITUTE, THE",≤100
1691667177798461,Brut,Brut,≤100
103186421483396,OuchMoments,"Ouchmoments, LLC.",≤100
309798029121030,Everytown for Gun Safety,EVERYTOWN FOR GUN SAFETY VICTORY FUND,≤100
59543893235,National Constitution Center,National Constitution Center,≤100
135298176481584,Marine Corps Scholarship Foundation,Marine Corps Scholarship Foundation,≤100
102617961152741,Barbara Bollier,BOLLIER FOR KANSAS,≤100
278487153675,Redneck Nation Clothing,Tracie Milliron Gold,≤100
101300771722995,The Patriotic Movement,Christopher Allen Supek,≤100
102439174938829,Liberty Center for God and Country,Liberty Center for God & Country,≤100
106663044307859,Mike Sievert,"T-MOBILE USA, INC.",≤100
113110137118723,Collectible Currency,Proud Patriots,≤100
1681120172099567,Libertarian Candidates,Ryan Allen Raymond,≤100
114386721939978,The Made in America Store,Made In America Store,≤100
186805048171120,U.S. & Texas LawShield,Texas LawShield,≤100
6236054211,Brady,Brady Campaign to Prevent Gun Violence,≤100
83290028957,Care Net,CARE NET,≤100
463095630924391,US Business Funding,Credox,≤100
1698902233461807,Black Church PAC,Black Church PAC,≤100
131513476860958,Bridgewater Candle Company,The Bridgewater Candle Company LLC,≤100
537709253344323,The News Break - News Break,These ads ran without a disclaimer,≤100
5633824547,FreedomWorks,"FREEDOMWORKS, INC.",≤100
2212066245574161,Sarah Huckabee Sanders,St. Martin's Press,≤100
223055747744143,Beto O'Rourke,Powered By People,≤100
193628397865385,Chip Roy,CHIP ROY FOR CONGRESS,≤100
113042546706999,Wendell Champion,CHAMPION FOR CONGRESS,≤100
675471506247724,Adair for Congress,ADAIR FOR CONGRESS,≤100
15687409793,World Wildlife Fund,World Wildlife Fund,≤100
836826976517252,International Christian Embassy Jerusalem - USA,"International Christian Embassy Jerusalem - USA, Inc.",≤100
521924961194913,Bruce Westerman,Westerman for Congress,≤100
102436701226752,Is It Sunday Yet?,Jarrett J Rogers,≤100
514167322309353,Dan Crenshaw,Crenshaw For Congress,≤100
70874333603,CatholicVote,CatholicVote,≤100
709491732434343,שורת הדין - Shurat HaDin,Israel Law Center,≤100
114226275387369,RepublicEn,republicEn,≤100
111324359048459,Dr. Roger Marshall,KANSANS FOR MARSHALL,≤100
1295279420598401,Victoria Spartz,VICTORIA SPARTZ FOR CONGRESS,≤100
96171427550,Raja for Congress,FRIENDS OF RAJA FOR CONGRESS,≤100
19420215926,CNSNews.com,MEDIA RESEARCH CENTER,≤100
1536587453277219,Dr. Steve Turley,Turley Talks LLC,≤100
336470580233523,Pins and Aces Golf Co.,US Craft Brands LLC,≤100
112164673854264,Living Patriotically,Living Patriotically,≤100
830890360316751,Nick Hanauer,Civic Action,≤100
154042277970966,International Refugee Assistance Project,"INTERNATIONAL REFUGEE ASSISTANCE PROJECT, INC.",≤100
15503839732,Peter G. Peterson Foundation,Peter G. Peterson Foundation,≤100
105157841248307,No Filter Politics,No Filter Politics,≤100
1656666204620806,The Wright Stuff Chics,The Wright Stuff Chics,≤100
29697575576,Paralyzed Veterans of America,PARALYZED VETERANS OF AMERICA,≤100
109866370700481,PushBlack Finance,PushBlack,≤100
1438808983108348,BOLD PAC,CHC BOLD PAC,≤100
407664862957433,Ammar Campa-Najjar for Congress,AMMAR CAMPA-NAJJAR FOR CONGRESS,≤100
433919203362871,Bird + Stone,BIRD & STONE INC,≤100
2309566456030859,Human Coalition Action,PRO-LIFE TEXANS A HUMAN COALITION ACTION PAC,≤100
1010009775873487,Masquerade Dresses & Accessories,John Chester Majure,≤100
1025055787535714,A Case for Women,A Case for Women,≤100
112679213772857,Truth Lion,Truth Lion,≤100
1733918116873254,BackWoods Mafia,Landon David Turner,≤100
21472760578,C-SPAN,C-SPAN,≤100
221401431386940,Pramila Jayapal,PRAMILA FOR CONGRESS,≤100
1741729849281711,Uber & Lyft Sexual Assault Attorneys,Safer America,≤100
394817334402124,2020 Trump Bill,Innovative Ecomm LLC,≤100
6713653788,Gary Peters,PETERS FOR MICHIGAN,≤100
7341997111,Conservation International,Conservation International,≤100
123315077689118,Atria Books,Simon and Schuster,≤100
105269984593079,The Way I See It,Focus Features,≤100
1438882392887793,ADF Church Alliance,Alliance Defending Freedom,≤100
143195412381888,"Georgia Gun Owners, Inc.",Georgia Gun Owners,≤100
1338822066131069,Women's March,Women's March,≤100
30708742052,FCTRY,FCTRY,≤100
107937014153581,Energized Health,John Jubilee Transformation LLC DBA Energized Health,≤100
192013990902459,Roy Cooper,Cooper For North Carolina,≤100
11234736860,Tom McClintock,MCCLINTOCK FOR CONGRESS,≤100
180308889033683,Country Lifestyle,Outergoods LLC,≤100
360303722260,Kathleen Williams,KATHLEEN WILLIAMS FOR MONTANA,≤100
46785153750,National Fair Housing Alliance,National Fair Housing Alliance,≤100
107077007769740,Election Protection Arizona,Election Protection Arizona,≤100
313723095478950,The Daily Citizen,Focus on the Family,≤100
103376804451432,Trending Politics,Making Web LLC,≤100
111954788847971,Charlotte-Mecklenburg Storm Water Services,Charlotte-Mecklenburg Storm Water Services,≤100
111393882812494,Amy McGrath,"AMY MCGRATH FOR SENATE, INC.",≤100
100119981671668,Blue Senate,BLUE SENATE PAC,≤100
6150859770,American Library Association,AMERICAN LIBRARY ASSOCIATION,≤100
102959799834968,Diane Mitsch Bush for Colorado,DIANE FOR COLORADO CD3,≤100
672213539861652,John Anthony Castro,John Anthony Castro,≤100
108543130978621,Proud American Gifts,The GOP Shop,≤100
1428283027462702,Restoration PAC,RESTORATION PAC,≤100
115947949854417,Pine Ridge Hope,Andrew Kenyon Davies,≤100
2068988876444634,Stand Up for Accurate Prenatal Answers,STAND UP FOR ACCURATE PRENATAL ANSWERS INC,≤100
197760674021143,Indivisible Guide,INDIVISIBLE ACTION,≤100
107066557603584,Bennie Frank,Bennie Frank,≤100
289544064711784,Progress North Carolina,Progress North Carolina,≤100
103131054573692,Crawfordology,Crawfordology,≤100
42872222699,Dana Loesch,Dana Loesch Radio,≤100
12185972707,350.org,350.org,≤100
113727065348980,Wisconsin Budget Project,Kids Forward,≤100
109966290494892,Wagoner Law Firm,Nicholas Jordan Wagoner,≤100
333081284065216,Brynne Kennedy for Congress,BRYNNE KENNEDY FOR CONGRESS,≤100
276843526491842,Now What,Diane Severa Gil,≤100
67626834312,National Women's Law Center,National Women's Law Center,≤100
109837984127706,Kara Veit For ACHD,Kara Ann Veit,≤100
124155874263916,Participant Media,Participant Media,≤100
1439364926329185,Animal Matters,Animal Matters,≤100
17475614410,Hispanic Federation,Paid for by Hispanic Federation with Facebook Ad Credits,≤100
154894841387125,Keep America American,Keep America American,≤100
1345951945549438,The Trump Prophecy,"DIGITAL COAST MEDIA, LLC",≤100
110039494074797,Re-Elect Trudy Berger,Re-Elect Trudy Berger,≤100
10150096009920008,Pro-Life Action League,PRO LIFE ACTION LEAGUE,≤100
101352851565699,Somos PAC,SOMOS PAC,≤100
27311599342,Preemptive Love,Preemptive Love Coalition,≤100
202286639832171,Dr. Robert Jeffress,FIRST BAPTIST CHURCH DALLAS,≤100
18709174006,National Audubon Society,"NATIONAL AUDUBON SOCIETY, INC.",≤100
83865976093,Truthout,TRUTHOUT,≤100
105561217523274,The_Dispatch,"Dispatch Media, Inc.",≤100
175484815833963,Partners for Dignity & Rights,NATIONAL ECONIMIC & SOCIAL RIGHTS INITIATIVE,≤100
112619620542120,Better Road Louisiana,Better Road Louisiana,≤100
110769717201389,Justin Eichorn for Senate,Eichorn for MN Senate Campaign Committee,≤100
11111618026,Union of Concerned Scientists,"UNION OF CONCERNED SCIENTISTS, INC.",≤100
224110651893,International African American Museum,IAAM,≤100
106949844346620,Trumpian Republicans,Gregory Lawrence Burright,≤100
711909245654048,National Police Support Fund,National Police Support Fund,≤100
361960287311696,Better Medicare Alliance,"Better Medicare Alliance, Inc",≤100
931907200310657,Patients Rising Now,Patients Rising Now Inc,≤100
102389731274006,Shield Republic Charities,Shield Republic,≤100
108777231824,Manhattan Institute for Policy Research,MANHATTAN INSTITUTE FOR POLICY RESEARCH INC,≤100
548407915183371,Liz Cheney,Liz Cheney for Wyoming,≤100
252814820267,HIAS,HIAS,≤100
710669049286394,Woo the People,Khosro David Illulian,≤100
384557995468219,Viral Casez,Viral Casez,≤100
477131125780900,The War Horse,War Horse News,≤100
1472549903019349,CCAN Action Fund,Chesapeake Climate Action Network Action Fund,≤100
108797534098691,Keep Gifts Great,Adrian Choi Conger,≤100
125907387426944,Edelson P.C.,Edelson PC,≤100
2313275472070573,Economic Security Project Action,Economic Security Project Action,≤100
107483911082907,Trump Footballs,"Local Guys Marketing, LLC",≤100
179909895355213,AIDS United,AIDS UNITED,≤100
315151565831,Ascension,Ascension Press,≤100
1055873511190792,Hello Resistance,Hello Resistance Apparel,≤100
21492729544,Catholic Relief Services,CATHOLIC RELIEF SERVICES - UNITED STATES CONFERENCE OF CATHOLIC BISHOPS,≤100
255617537883471,"F.B. ""Rusty"" Walker, IV",Ferdinand B Walker,≤100
15041226930,Oxfam,"OXFAM AMERICA, INC.",≤100
2146201085498440,Tony Gonzales,Tony Gonzales for Congress,≤100
51379424899,Mercy Ships,MERCY SHIPS INTERNATIONAL,≤100
601108943431836,The Flip Side,TFS Inc,≤100
165238836870566,MRC Culture,MEDIA RESEARCH CENTER,≤100
111499100431,National Association for Gun Rights,NATIONAL ASSOCIATION FOR GUN RIGHTS INC,≤100
357554791340788,Liker,Omar Rivero,≤100
244929708853349,Spotify,These ads ran without a disclaimer,≤100
123624513983,The Western Journal,The Western Journal,≤100
108512875350,The Atlas Society,The Atlas Society,≤100
476079736080232,Derek Lewis KY State Representative,Derek Joel Lewis,≤100
655065784538368,PredictIt,"PredictIt - Prediction Markets. A project of Victoria University of Wellington, PredictIt has been established to facilitate research into the way markets forecast events.",≤100
141786816970,Cruise Lines International Association - CLIA,Cruise Lines International Association,≤100
114706870277904,Meyer for Kansas,Committee to Elect Kathy Meyer for Kansas Representative,≤100
6165653060,AFSCME,AMERICAN FEDERATION OF STATE COUNTY & MUNICIPAL EMPLOYEES,≤100
103531607822207,Noticias para Inmigrantes,"Wise Rock Media, PBC",≤100
568257590245036,Blacks Against BDS,Blacks Against BDS,≤100
1809715209318581,Marjorie Taylor Greene for Congress,GREENE FOR CONGRESS,≤100
21395843375,Dialysis Patient Citizens,DIALYSIS PATIENT CITIZENS INC,≤100
384676381708957,Education NC,Education NC,≤100
1533695766904443,Trainwreck,Trainwreck,≤100
34521916336,Brent Bozell,MEDIA RESEARCH CENTER,≤100
7145381235,American Jewish World Service - AJWS,"AMERICAN JEWISH WORLD SERVICE, INC.",≤100
303061950155375,John James,"JOHN JAMES FOR SENATE, INC.",≤100
628891490457484,Nancy Mace,Nancy Mace for Congress,≤100
171651620209487,Brady PAC,Brady Pac,≤100
1801928096578092,Radical Alert,Radical Alert,≤100
19554217292,American Heart Association: You're the Cure,American Heart Association,≤100
470241276500901,Women Vote,WOMEN VOTE!,≤100
111648480319494,800DEMOCRAT,800DEMOCRAT,≤100
19972147679,SEIU,SEIU,≤100
108281434237351,UBS Financial Services Inc.,UBS Financial Services,≤100
108400607228194,LaVerne Jones Gore,LAVERNE GORE FOR CONGRESS,≤100
105872574403318,Project TAMMI,a research grant at The National Center on Addiction and Substance Abuse (CASA),≤100
72891509830,Climate Reality Action Fund,Climate Reality Action Fund,≤100
142432192446984,David Horowitz Freedom Center,David Horowitz Freedom Center,≤100
7292655492,MoveOn,MOVEON.ORG CIVIC ACTION,≤100
6820348410,Kirsten Gillibrand,Off the Sidelines,≤100
374848446414965,Pollking,Benjamin Aaron Perlman,≤100
186070498791676,The Dude,The Dude's Designs,≤100
113796263598836,A View From the Chair,KUDZUKIAN,≤100
107953010886875,20Train.com,GEEG LLC,≤100
159597424207730,David Perdue,PERDUE FOR SENATE,≤100
1438553336457672,Fair Housing Council of Greater San Antonio,SAN ANTONIO FAIR HOUSING COUNCIL INC,≤100
169130743498585,Tactical Pro Supply,Chad Keller,≤100
428838360823173,Empowering Pacific Islander Communities,Empowering Pacific Islander Communities (EPIC) with Facebook Ad Credits,≤100
105925357843835,Healthy Banana,Lunch Time,≤100
176466646087311,DC Fawcett,Donald Chappell Fawcett,≤100
74697123892,SEIU MN State Council,SEIU MN State Council,≤100
451224838781405,Patriot Baby,Eric Todd Hunter,≤100
103522751332330,Prayze PARTY,These ads ran without a disclaimer,≤100
169294473121454,Policetees.com,PoliceTees.com,≤100
107248944146204,Carlos Gimenez for Congress,Carlos Gimenez for Congress,≤100
7962229886,Environmental Working Group,ENVIRONMENTAL WORKING GROUP,≤100
107638384248580,Our America,Bryant Wayne Young,≤100
33860907121,FunTimes Magazine,"FUNTIMES MAGAZINE, LLC",≤100
143981748956175,Rural Assembly,Rural Assembly,≤100
122894447754361,Institute for New Economic Thinking,"INSTITUTE FOR NEW ECONOMIC THINKING, THE",≤100
107665644228467,Conservative Journal Review,Conservative Journal Review LLC,≤100
111970730196550,World War Zero,AMERICAN SECURITY PROJECT,≤100
54787697857,Ron Wyden,WYDEN FOR SENATE,≤100
828902563856302,Chuck Schumer D-NY,FRIENDS OF SCHUMER,≤100
657343731290262,American Freedom Fighter,American Freedom Fighter,≤100
183648865070899,Holocaust Remembrance Association,Holocaust Remembrance Association,≤100
168452723312821,Chisholm Chisholm & Kilpatrick LTD,Chisholm Chisholm & Kilpatrick LTD,≤100
177468535761851,Cruelty Free International - United States,Cruelty Free International - United States,≤100
34701792581,EWTN,Eternal Word Television Network,≤100
69869352985,Freedom Debt Relief,These ads ran without a disclaimer,≤100
174971709316,Cigna,Cigna,≤100
1443127535947107,Save the Children Action Network,Samra Mahmood Khawaja,≤100
219247332354785,Phil Arballo for Congress,ARBALLO FOR CONGRESS,≤100
683872625157265,Theresa Greenfield,THERESA GREENFIELD FOR IOWA,≤100
327202261326682,Stephanie Bice,Bice for Congress,≤100
42940254353,Human Rights Watch,"Human Rights Watch, Inc.",≤100
96491683438,"The Friends of Israel Gospel Ministry, Inc.","FRIENDS OF ISRAEL GOSPEL MINISTRY, INC, THE",≤100
130848666099,Business Forward,Business Forward Inc.,≤100
108971449133,Fisher House Foundation,"FISHER HOUSE FOUNDATION, INC.",≤100
106493481115475,Protect Our Election,Protect Our Election,≤100
105610970947657,MY 2A GEAR,Leon Mckensizy Dunn,≤100
143021112391265,Jacobin magazine,Jacobin Foundation,≤100
780606555331010,American Student Loan Advocate,ASLR Marketing,≤100
372082579523719,Rabbi Dr. Shmuly Yanklowitz,Rabbi Dr. Shmuly Yanklowitz,≤100
109894877501594,Steve Daines Follows The Money,DSCC,≤100
102665201399226,Current Science Daily,Metric Media LLC,≤100
111702860231554,Matt Lieberman,Matt Lieberman for Senate,≤100
203197030603239,8 Billion Trees,8 Billion Trees LLC,≤100
114752699886655,Amemiya For Mayor,Amemiya For Mayor,≤100
113310617054164,Trump Baseball Bats,Trump Baseball Bats,≤100
327853590558653,"Agri-Pulse Communications, Inc.",Agri-Pulse Communications,≤100
294558924293589,The Scoop,The Scoop Media Inc.,≤100
1272534336242476,World101,Council on Foreign Relations,≤100
127913103970095,C Club of Houston,The "C" Club of Houston,≤100
117543260074645,Community Deals For All,Community Deals For All,≤100
152264148166020,Moms Clean Air Force,Moms Clean Air Force,≤100
638673103424933,Retired Americans PAC,Retired Americans PAC,≤100
514167322309353,Dan Crenshaw,Dan Crenshaw for Congress,≤100
142992759853421,Be A Hero,BE A HERO PAC,≤100
213289449057297,THE HILLS BOYS,Oscar Hills,≤100
620310338612969,Ranord Darensburg for Juvenile Court Judge,Campaign to Elect Ranord J. Darensburg,≤100
357747307890633,Storytown,"Guy Story, leader of Storytown",≤100
102413723172970,Nick Adams,Nick Adams,≤100
166166843531258,National Council of Resistance of Iran - شورای ملی مقاومت ایران,MEK-Iran (Saeid Saadati),≤100
162244692732,Brennan Center for Justice at NYU Law,William J Brennan Jr Center for Justice Inc,≤100
451869744916179,Bob Trammell for State House,COMMITTEE TO ELECT BOB TRAMMELL,≤100
104241424297600,Fems for Democracy,Fems For Democracy,≤100
104170004713256,Elect Black Democrats,THE COLLECTIVE PAC,≤100
698400060189827,Dan Sullivan,Alaskans for Sullivan,≤100
169440273093442,The Center for Election Science,The Center for Election Science,≤100
346937065399354,Occupy Democrats,Omar Rivero,≤100
101041998305221,The Proud Republicans,Great American Era LLC,≤100
114517875225866,The Other 98%,OTHER 98 PERCENT ACTION,≤100
202531447982,Jimmy Chin,Protect Our Winters,≤100
1425435377743310,Conversations with Bill Kristol,The Foundation for Constitutional Government,≤100
168379594070325,3DTrumpVision.com,3DTrumpVision.com,≤100
723136714746586,The Common Ground Project,"The Common Ground Project, Inc",≤100
24470472733,The Trevor Project,The Trevor Project,≤100
101724361319410,Ronny Jackson for U.S. Congress TX-13,Texans for Ronny Jackson,≤100
135081079769,AFGE,American Federation of Government Employees,≤100
55549065733,Voto Latino,Voto Latino with Facebook Ad Credits,≤100
151297638887120,Upswell,Independent Sector,≤100
114201266689800,Soo Hong for State House,"Hong for State House, Inc.",≤100
19474609238,Mercatus Center at George Mason University,Mercatus Center at George Mason University,≤100
30139072158,CARE,CARE,≤100
104755587694351,Health Insured,"Mayo Labs, LLC",≤100
103786994760833,United Police Fund,United Police Fund,≤100
623339164538852,National Security Action,Nationalsecurityaction.org,≤100
111151490241542,Pollemix,Pollemix,≤100
644965592787776,Teachers for Public School Excellence,Teachers for Public School Excellence,≤100
661744180680367,National Police Association,"NATIONAL POLICE ASSOCIATION, INC.",≤100
104038541334426,BailoutWatch,Climate Nexus,≤100
182620315479,Plan International USA,Plan International USA,≤100
430964644347524,Campaign Ad-Cloud,Campaign Ad-Cloud,≤100
44255328352,Farm Forward,Farm Forward,≤100
2295062210811244,Coalition for American Veterans,COALITION FOR AMERICAN VETERANS POLITICAL ACTION COMMITTEE,≤100
260536047319339,RN Action,American Nurses Association,≤100
73970658023,International Rescue Committee,These ads ran without a disclaimer,≤100
570331853141386,Friends of Traditional Banking,FRIENDS OF TRADITIONAL BANKING INC,≤100
55549065733,Voto Latino,VOTO LATINO INC.,≤100
156919911022572,Steven Horsford,NEVADANS FOR STEVEN HORSFORD,≤100
101164484986617,To Be Frank Show,Real News PR,≤100
2199536390093933,Dr. Jen Mangrum for NC,Jen Mangrum for NC,≤100
332803374044043,Chris Bubser for Congress,CHRIS BUBSER FOR CONGRESS,≤100
240749432603315,B'nai B'rith International,B'NAI B'RITH,≤100
124530924015,Hank Gilbert,HANK GILBERT FOR CONGRESS,≤100
112325855474892,Speak Up For Education and Kids,National Education Association,≤100
298922073658,"Delta Sigma Theta Sorority Inc., Marietta - Roswell Alumnae Chapter","Marietta-Roswell Alumnae Chapter, Delta Sigma Theta Sorority, Inc.",≤100
202600839762879,I Am Pro-Life,Focus on the Family,≤100
399060493533519,The Justice Foundation,JUSTICE FOUNDATION,≤100
58584948953,PICO California,Pico California,≤100
111143288919034,Kate Brophy McGee - State Senate,Kate McGee AZ - Senate,≤100
126855128568,FEBC (Far East Broadcasting Company),"FAR EAST BROADCASTING COMPANY, INC.",≤100
105428794198107,Dale Crafts,Dale Crafts for Congress,≤100
101481584557260,Help Asheville Bears-HAB,Heather Christina Williams,≤100
35715544220,Stand.earth,STAND,≤100
269479249997,National Shooting Sports Foundation | NSSF,National Shooting Sports Foundation,≤100
109093380893868,We Posted About It,John Gaston Howell,≤100
101746962063,Mercy Home for Boys & Girls,MISSION OF OUR LADY OF MERCY,≤100
106487520883333,Cardinal & Pine,"Courier Newsroom, Inc.",≤100
109078917443178,Independent OC,Independent OC,≤100
438536186881177,All Clear Foundation,All Clear Foundation,≤100
740835272633567,Scott Milne for Vermont,Scott Milne for Vermont,≤100
101643428323000,Elect Rev. Amiri B Hooker For District 8 Florence County,Amiri Bernard Hooker,≤100
413004792116827,Lucky Shot,Lucky Shot USA,≤100
103039617748923,Chris Elko for Board of Ed,Elko for Board of Ed,≤100
546497545399440,ASEC - African Sisters Education Collaborative,African Sisters Education Collaborative (ASEC),≤100
176466646087311,DC Fawcett,VREIC,≤100
1977738355807406,Sharice For Congress,SHARICE FOR CONGRESS,≤100
1229789977123022,Debbie Lesko for Congress,DEBBIE LESKO FOR CONGRESS,≤100
130945114804,World Jewish Congress,WORLD JEWISH CONGRESS AMERICAN SECTION INC,≤100
104247264551301,Defend Jerusalem,Defend Jerusalem,≤100
8501031021,VoteVets.org,"VoteVets Action Fund, Inc.",≤100
151894654697,Save Our States,Save Our States,≤100
259351004139042,Ashbrook Center,Ashbrook Center,≤100
344690446467832,The Copper Courier,"Courier Newsroom, Inc.",≤100
104127571175233,Judge Jay McCallum,Judge Jay McCallum Campaign Committee,≤100
8225139261,New York Republican State Committee,NEW YORK REPUBLICAN STATE COMMITTEE,≤100
59473866945,Oregon AFL-CIO,OREGON AFL-CIO,≤100
104608354345839,Counting on Chicago Coalition,Counting On Chicago Coalition,≤100
104498814693279,"The Committee to Elect Robert Snyder, Jr., Court of Appeals, Fifth Circuit",Robert Snyder Snyder,≤100
145022042990911,MEK Iran,MEK-Iran (Saeid Saadati),≤100
102303104906457,American Patriot Council,AmericanPatriotCouncil,≤100
259343267436363,Representative Ed Thompson,Friends of Ed Thompson,≤100
105287044367027,ObsessedwithTrump,Donald Lee Rowan,≤100
54481362063,CassiusLife,"Interactive One, LLC",≤100
427947527249273,Let My People VOTE,Soul 2 Soul Sisters,≤100
1145019702185006,Alliance for Safety and Justice,Alliance for Safety and Justice,≤100
162635987104707,GOP Mall,"DANWAL, INC.",≤100
109914474151573,COMMUNITYx App,Chloe Cheyenne Rogers,≤100
245284549333866,ASMDSS,ASMDSS,≤100
107569650978840,Sanall,Sanall,≤100
911829795826330,Mark Penn Polls,AIRSNEXT Media,≤100
238473269650980,Capital & Main,CAPITAL & MAIN,≤100
175797376373,"WaterFurnace Geothermal Heating, Cooling & Hot Water","WATERFURNACE INTERNATIONAL, INC.",≤100
102139218008846,King Nation Apparel,King Nation Apparel,≤100
165566613453452,ERLC,ETHICS AND RELIGIOUS LIBERTY COMMISSION OF THE SOUTHERN BAPTIST,≤100
296914550322200,Jose Javier Rodriguez,Florida Democratic Legislative Campaign Committee,≤100
290548664672,First Liberty,First Liberty Institute,≤100
1013558392124611,One Vote,One Vote Productions LLC,≤100
131306317680000,Social Goods,"Social Goods, LLC",≤100
160484230634663,National Urban Indian Family Coalition,National Urban Indian family Coalition with Facebook Ad Credits,≤100
202590841969,Erie City Mission,Erie City Mission,≤100
318769698528236,End Party Politics,End Party Politics,≤100
83600052210,Citizens Count,Citizens Count,≤100
1648154845427417,Doggy Do Good,Do Something Good LLC,≤100
814260155318929,The Fairness Project,The Fairness Project,≤100
487191351404842,National Women's Prayer and Voting Army,National Women's Prayer and Voting Army,≤100
2338979479650120,Genevieve Collins for Congress,COLLINS FOR TEXAS,≤100
1830908377227716,Jane Bland,Justice Jane Bland Campaign,≤100
102010211314386,Donald Trump 2020 Voters,I Love My Freedom,≤100
105318696193467,Indiana AFL-CIO,AMERICAN FEDERATION OF LABOR & CONGRESS OF INDUSTRIAL ORGANIZATIONS,≤100
156955444413022,Radical,RADICAL INC,≤100
896759427103774,Modern Medicaid Alliance,Modern Medicaid Alliance,≤100
583715925012376,Mayor Trent Staggs,Staggs for Mayor,≤100
106421941050840,Elizabeth Rowland for State Representative,COMMITTEE TO ELECT ELIZABETH ROWLAND,≤100
70090474914,American Farmland Trust,"AMERICAN FARMLAND TRUST, INC",≤100
56332452163,AMA Patients Action Network,American Medical Association,≤100
129602743740560,Illinois Family Action,ILLINOIS FAMILY ACTION NFP,≤100
2246364628908665,Uniting Missouri,Uniting Missouri,≤100
110576817417667,maskamericagreat.com,Matthew P Gallagher,≤100
1443127535947107,Save the Children Action Network,Save the Children Action Network,≤100
1486604288305133,Happy Earth Apparel,Happy Earth LLC,≤100
592347634460462,Partnership for America's Health Care Future,Partnership for America's Health Care Future,≤100
692143357580562,64 Parishes,Louisiana Endowment for the Humanities,≤100
217569858071,Areva Martin,Areva Denise Martin,≤100
289634374392752,ConservAmerica,ConservAmerica,≤100
305115773870,Adobe,Adobe Inc.,≤100
255208337943901,Jobs Growth,"JOBS FREEDOM AND SECURITY PAC, Not authorized by any candidate or candidate’s committee.",≤100
59877921429,Lutheran Immigration and Refugee Service,"LUTHERAN IMMIGRATION AND REFUGEE SERVICE, INC.",≤100
413500232549343,National Vet Help,Illingworth Renner Basin Law Group LLP,≤100
1255514891283096,RGA Right Direction PAC,RGA RIGHT DIRECTION PAC,≤100
128440168655328,Browns Discount Drugs,These ads ran without a disclaimer,≤100
609022902623021,Senator Jim Welch,The Committee to Elect James T. Welch,≤100
110025777469404,Ridgeline Research LLC,Ridgeline Research LLC,≤100
208463585839891,Living Future Institute,International Living Future Institute,≤100
214061167976,El Tiempo Latino,Carlos Jose Munoz,≤100
2046092952294722,Lucy McBath for Congress,FRIENDS OF LUCY MCBATH,≤100
1491458271125644,Jesus "Chuy" Garcia,CHUY GARCIA FOR CONGRESS,≤100
1800072483402009,African Community & Conservation Foundation,African Community & Conservation Foundation,≤100
181467702005600,Mark Warner VA,FRIENDS OF MARK WARNER,≤100
152185024462,Louisiana Right to Life,Louisiana Right to Life,≤100
103571278142168,Joni Ernst Isn’t On Our Side,DSCC,≤100
112600915451330,No Labels,No Labels,≤100
344346245749372,Shore Trendz,RHW.COM LLC/DBA Shore Trendz,≤100
102661701651,South Carolina Small Business Chamber of Commerce,South Carolina Small Business Chamber of Commerce,≤100
101103254533,SOS International,SOS International,≤100
148789241860673,Scuf Gaming,These ads ran without a disclaimer,≤100
2406972266252679,BloombergLaw,"BUREAU OF NATIONAL AFFAIRS, INC., THE",≤100
153309775026,SnapStream,SnapStream Media,≤100
109958865743777,Bobbleheads.com,Bobbleheads.com LLC,≤100
128698057208045,Singing River Electric,Singing River Electric,≤100
302612457071883,Moving It Right,Richard P Ashton,≤100
108932104229697,Ride the Red Wave,Vina American LLC,≤100
610264146298573,The American Council for Evangelicals,THE AMERICAN PAC,≤100
1423200984590762,Jenny Wilson for Salt Lake County Mayor,Jenny Wilson for Salt Lake County Mayor,≤100
181924628560212,SumOfUs,SumOfUs,≤100
329418020548,Cardozo School of Law,Cardozo School of Law,≤100
494259170754224,Keeping IDentities Safe,KEEPING IDENTITIES SAFE,≤100
38091883105,Republican Party of Pennsylvania,REPUBLICAN FEDERAL COMMITTEE OF PENNSYLVANIA,≤100
215773718762127,Constable Dale Clark,Dale Clark for Constable Campaign,≤100
2310488009211056,Poder Latinx,Poder Latinx,≤100
306224406752164,The Texan Patriot,Texan Patriot,≤100
51325338207,National Collaborative for Women's History Sites,National Collaborative for Women's History Sites,≤100
531623043662146,Flags of Valor,Flags of Valor,≤100
1131283233717873,Patriots For Trump,Jordan Ray Riddle,≤100
1632568446971453,Boredwalk,Boredwalk,≤100
180230069923,American Life League,American Life League,≤100
2259323457517498,Abolish the Electoral College,ABOLISH THE ELECTORAL COLLEGE,≤100
165014546858456,Free To Choose Network,FREE TO CHOOSE,≤100
166623896739812,Citizens United Political Victory Fund,Citizens United Political Victory Fund,≤100
292351509697,Jerusalem Prayer Team,Jerusalem Prayer Team,≤100
147447783311,Charlie Crist,CHARLIE CRIST FOR CONGRESS,≤100
17911165812,Covenant House International,Covenant House,≤100
182079698493370,Portside,Portside,≤100
101391906600,Live Action News,Live Action News,≤100
289753757748740,Sgt. Benjamin Anthony,Our Soldiers Speak,≤100
100317328397968,Daniel Hill,HarperCollins Christian Publishing,≤100
301228420816284,Teresa Leger Fernandez,TERESA FOR ALL,≤100
1750699881894920,Yvette Herrell for Congress,YVETTE4CONGRESS,≤100
16317479654,Deseret News,Deseret News,≤100
195561910471475,CATALYST.cm,Catalyst.cm,≤100
100699775058659,Education Now NC,Education Now,≤100
102651074597577,Faith Wins,FAITH WINS,≤100
89324781720,Pat Toomey,Friends of Pat Toomey,≤100
999775873528189,Stopping Socialism,The Heartland Institute,≤100
109259090549237,Yes on National Popular Vote,Yes on National Popular Vote,≤100
108650400954148,Stopping Socialism TV,The Heartland Institute,≤100
186932688457686,CHNGE,CHNGE,≤100
312657362217994,Women's Heart Alliance,Women's Heart Alliance,≤100
425303257834064,Tom Basile,TomBasile.com,≤100
185063074845271,The Author Incubator,BECOMING JOURNEY LLC,≤100
30079936984,CWS,"CHURCH WORLD SERVICE, INC.",≤100
706716899745696,Women for Trump,TRUMP MAKE AMERICA GREAT AGAIN COMMITTEE,≤100
110746996993983,The 'Gander Newsroom,"Courier Newsroom, Inc.",≤100
233116802464,Independent Voter,Independent Voter Project,≤100
110998592305221,Dr. Martens,Dr. Martens AirWair USA LLC,≤100
28483858161,Texas Scorecard,A PROJECT OF EMPOWER TEXANS INC,≤100
112230466965874,Vote Like a Woman,PEOPLE FOR PEOPLE,≤100
129478360410877,Leslie Blodgett,Target Marketing Digital,≤100
216705888361546,Elbert Lee Guillory,ELBERT GUILLORY'S AMERICA,≤100
97466887664,Innocence Project,"INNOCENCE PROJECT, INC., THE",≤100
710502882473135,Alex Deering,Jason Alexander Deering,≤100
248306181862385,Live Lokai,LOKAI HOLDINGS LLC,≤100
111173387386506,BBCC: Barbershop and Black Congregation Cooperative,Faith in Minnesota,≤100
682990071843813,Center for the Study of Liberty,Center for the Study of Liberty,≤100
164513254148611,America's Voice News,Barbara Jean Lawrence,≤100
218020061613734,UBS,UBS Financial Services Inc.,≤100
566008736785269,Be Heard Project,Be Heard Project,≤100
113222857176102,Home Auto Deals,Home Auto Deals,≤100
130848666099,Business Forward,BUSINESS FORWARD,≤100
166738743732702,All Above All Action,All Above All Action Fund,≤100
334925200513155,Justin Berry for Texas HD 47,Justin Berry For Texas House,≤100
1628679613829742,Josh Hicks,Josh Hicks for Congress,≤100
234621494446654,We Can’t Trust Nancy Mace,DCCC,≤100
303374266418976,AFPM,American Fuel & Petrochemical Manufacturers,≤100
105869134358705,Left Is Right,Story Network Foundation,≤100
1690071827911682,Cleancult,cleancult,≤100
300992409852,Hoover Institution,Hoover Institution,≤100
8057376739,The Nature Conservancy,Nature Conservancy,≤100
295644160460352,Donald Trump Jr.,"Premiere Marketing, Inc.",≤100
36872302227,Cory Booker,Cory Booker for Senate,≤100
260713150211,Protect Our Winters,Protect Our Winters,≤100
1312902825543317,American Nightmare Film,Jesus Nebot,≤100
101136147910784,Represent Justice,Represent Justice,≤100
17321191439,Aaron Abernathy,Aaron Andrew Abernathy,≤100
1316372698453411,Alexandria Ocasio-Cortez,THE SQUAD VICTORY FUND,≤100
109725597242974,Dallas City Wire,Metric Media LLC,≤100
1596671280578981,Schools & Communities First,Schools and Communities First,≤100
152766071443309,The City University of New York,City University of New York,≤100
6355071377,American Cancer Society Cancer Action Network - ACS CAN,AMERICAN CANCER SOCIETY CANCER ACTION NETWORK INC,≤100
195704103779569,Savage Outdoors & The One,Amanda Harris Lee,≤100
10897453188,Operation Mobilization - OM USA,"OPERATION MOBILIZATION USA, INC.",≤100
108430860703956,Fascinating Cards,"Fascinating Cards, LLC",≤100
1624206881186861,Lisa Blunt Rochester,LISA BLUNT ROCHESTER FOR CONGRESS,≤100
106372766264,NYS Democratic Senate Campaign Committee (DSCC),NYS Democratic Senate Campaign Committee,≤100
101263411671583,Kirk Schneider for APA President 2020,"The Society for Humanistic Psychology, American Psychological Association Division 32",≤100
72931140459,Center for Biological Diversity,"CENTER FOR BIOLOGICAL DIVERSITY, INC.",≤100
219224241438635,Compassion & Choices,COMPASSION & CHOICES,≤100
423814894632710,DA Montgomery Campaign,Committee to Elect Warren Montgomery,≤100
73322654866,ENjEN DESIGN,ENjEN DESIGN LLC,≤100
473191156175163,EDF Action,Environmental Defense Action Fund,≤100
311134189218940,For Our Future Nevada,For Our Future Action Fund,≤100
112734823878724,Lincoln Market - Gutting Rights of Essential Employees Daily,Lincoln Market - Gutting Rights of Essential Employees Daily,≤100
163302087408673,Stop The Donald,Stop the Donald,≤100
2255535767896743,Mark Robinson for N.C.,Mark Robinson for NC,≤100
101252258324890,The Con,Abramorama Inc.,≤100
100729641303493,ICount NM,I Count New Mexico,≤100
497348647140658,Point Source Youth,Point Source Youth,≤100
33713453361,Amazon Prime Video,These ads ran without a disclaimer,≤100
143089732792,Marsha Blackburn,Blackburn Tennessee Victory Fund,≤100
100846774982239,Protect Our Police PAC,Protect Our Police PAC,≤100
102564128179023,Truth to Power,TRUTH TO POWER,≤100
39432041915,Capital Research Center,CAPITAL RESEARCH CENTER INC,≤100
210277954204,The Young Turks,"The Young Turks, Inc.",≤100
794490553914304,Dr. Nina Ansary,"Revela Press, LLC",≤100
782093245218764,Qasim Rashid,RASHID FOR VA,≤100
2264090133834042,Invite Research,Precision Network,≤100
109088011473,Motorcycle Mechanics Institute,These ads ran without a disclaimer,≤100
21834534343,Volunteers of America,"VOLUNTEERS OF AMERICA, INC.",≤100
107792087574285,Vote Andrew,Andrew John Boche Tjernlund,≤100
91396988467,Republican Party of Texas,Republican Party of Texas,≤100
101107775066783,Cobb Sheriff Neil Warren,Committee to Re-Elect Sheriff Neil Warren,≤100
104881317722736,Get-It-Out,Matthew Justin Viles,≤100
101533684726659,You Are A Pro,Ruth Nduta Karanja,≤100
53727956260,Republican Jewish Coalition,Republican Jewish Coalition,≤100
322870825821,Macmillan Audio,"HOLTZBRINCK PUBLISHERS, LLC",≤100
128716440866482,Adam Milstein,Adam Milstein,≤100
1397456727053085,Georgia Law Enforcement,Georgia Law Enforcement Organization,≤100
227653210738154,"Mothers Against Police Brutality, Inc.",MOTHERS AGAINST POLICE BRUTALITY,≤100
319982881752525,Kara Eastman,EASTMAN FOR CONGRESS,≤100
14440196673,Teamsters,INTERNATIONAL BROTHERHOOD OF TEAMSTERS,≤100
6315243665,Faith in Public Life,"FAITH IN PUBLIC LIFE, INC.",≤100
48530203934,The American Alpine Club,"AMERICAN ALPINE CLUB, THE",≤100
195620754724,Helping Hand USA,HELPING HAND FOR RELIEF AND DEVELOPMENT INC.,≤100
103526514708833,Lou Gargiulo for NH State Senate District 24,Friends of Lou Gargiulo PAC,≤100
1234251319933440,Exclusive Apparel,The Dude's Designs,≤100
2007361039550045,"Free, Fair, and Accountable Democracy","CENTER FOR FREE, FAIR, AND ACCOUNTABLE DEMOCRACY, INC.",≤100
97493741436,John W. Hickenlooper,HICKENLOOPER FOR COLORADO,≤100
299907453682524,American Legacy Center,American Legacy Center,≤100
1096622853789812,Forward Promise,Forward Promise,≤100
108152933883451,TrumpTrendz,Troy Lorenzo Davis,≤100
144688399499,La Prensa Latina Media,Bradley Duane Boutwell,≤100
103185334702225,Stop Trump PAC,STOP 45 PAC,≤100
625946278033914,Fight The Spread,Myrrh Jasmine Parkerhampton,≤100
200224630053159,Ben McAdams,FRIENDS OF BEN MCADAMS,≤100
172971266234904,Tour Collierville,Stakt Media,≤100
114107333726368,What's Up in Automotive This Weekend,Darrell Dominic Adams,≤100
106697787812360,Melanin For Life,wowengraving,≤100
456262374764387,Voters Not Politicians,Voters Not Politicians,≤100
680894095682539,Cowboy Life,"Nine Ranch Enterprises, LLC",≤100
241672016328637,Lauren Underwood for Congress,LAUREN UNDERWOOD FOR CONGRESS,≤100
53541257714,The Arc of the United States,"ARC OF THE UNITED STATES, INC., THE",≤100
119759124772844,Santa Clara County Democratic Party,SANTA CLARA COUNTY UNITED DEMOCRATIC CAMPAIGN,≤100
1048486145183452,We Testify,We Testify,≤100
97624620788,American Friends of Magen David Adom,AMERICAN FRIENDS OF MAGEN DAVID ADOM,≤100
118269091671380,The Home T,THE HOME T,≤100
240226052768221,TrustTheVote Project,Open Source Election Technology Institute (OSET Institute),≤100
117513180002579,John Shallman,Target Marketing Digital,≤100
598720023670599,Jennifer Carroll Foy,Jennifer Carroll Foy for Governor,≤100
112665503895607,It's Gonna Be YUGE,Reign Marketing LLC,≤100
399449253859486,The Patriot Sheepdog,ARCS Self Defense and Combatives LLC,≤100
1084699151721503,"Herb J. Wesson, Jr.",Wesson for Supervisor 2020,≤100
162598853828996,Gwinnett Kids Count,GWINNETT KIDS COUNT 2020,≤100
154146314774110,Chris Latvala,"Chris Latvala, Republican for Florida House, District 67",≤100
102838751546731,"Keith Rouse, Artist",Keith Franklin Rouse,≤100
23180353833,North Carolina Republican Party,North Carolina Republican Party,≤100
103744091462809,The Trump Closet,Kenneth Dione Keith Jr,≤100
114885646899438,Mr. 45th,Clush,≤100
1747132688647028,Democratic Association of Secretaries of State,Democratic Association of Secretaries of State,≤100
514649125971110,EDF Action Votes,EDF Action Votes INC,≤100
420424547981908,In Search of Liberty,Scott Dennis Welch,≤100
1610588429176105,Oil & Gas Workers Association,Oil & Gas Workers Association,≤100
354716314909000,Swing Left,Swing Left,≤100
104339748032689,Women and Minority Business,Needhelppayingbills.com,≤100
102527004893192,The National Standard,Howard Stephan Barbanel,≤100
79047202856,People's World,People's World,≤100
1718260095117355,Representative Ben Diamond,Representative Ben Diamond,≤100
18813753280,Human Rights Campaign,"HUMAN RIGHTS CAMPAIGN, INC.",≤100
91346559231,Democratic Legislative Campaign Committee - DLCC,Democratic Legislative Campaign Committee,≤100
182658925089088,FINCA,"FINCA INTERNATIONAL, INC.",≤100
114274475307351,Greg Raths For Congress,GREG RATHS FOR CONGRESS 2020,≤100
108906707265489,USA Pooch,"PRESIDENTIAL POOCH, INC",≤100
69039563201,Open Doors USA,"OPEN DOORS WITH BROTHER ANDREW, INC.",≤100
106868314285372,The Finance Kit,DYS Capital LLC,≤100
615854911830541,Shore Buddies,Shore Buddies,≤100
123519421070204,Shiloh Israel Children's Fund,SHILOH ISRAEL CHILDRENS FUND INC,≤100
332172544231683,America's Plastic Makers,"AMERICAN CHEMISTRY COUNCIL, INC.",≤100
114971076538782,The Keystone,"Courier Newsroom, Inc.",≤100
279890513018,Islamic Networks Group - ING,"ISLAMIC NETWORKS, INC.",≤100
927610307291393,Georgette Gómez,Georgette Gomez for Congress,≤100
236369846383459,Congressional Black Caucus PAC,Congressional Black Caucus PAC,≤100
12301006942,Democratic Party,DNC SERVICES CORP./DEM. NAT'L COMMITTEE,≤100
198180660544139,Civil Miller-Watkins,"Friends of Civil Miller-Watkins, Bethany Miller, Treasurer",≤100
6787988478,Physicians for Human Rights,"PHYSICIANS FOR HUMAN RIGHTS, INC.",≤100
100123544800892,Disme Coin Company,Byron Michael Laughlin,≤100
363741920768563,RTBiQ Political,RTBiQ Political,≤100
111718570352005,Yes on Measure A - A Solution for Homelessness,"Yes on Measure A - Homes for San Diegans, Sponsored by a Coalition of Civic Nonprofits and Housing Providers.  Committee major funding from  Affirmed Housing Group Inc  Eden Housing Inc  Metropolitan Area Advisory Committee (MAAC)  Funding details at www.sandiego.gov/donors. ",≤100
496696933682736,Jeff Merkley,JEFF MERKLEY FOR OREGON,≤100
133294620046953,Mission India,MISSION INDIA INC,≤100
123397377677195,"School of International Service, AU","School of International Service, American University",≤100
284362934917960,Scott Wilk,Scott Wilk for Senate 2020 FPPC ID#: 1392822,≤100
284946111858895,Debbie Mucarsel-Powell,DEBBIE FOR CONGRESS,≤100
100787471467527,Knowyourvote,Knowyourvote,≤100
44211307147,Digital Remedy,Digital Remedy,≤100
1542211616082568,The Momentary,The Momentary,≤100
275902373084496,Justin Ray for Texas,Justin Ray for Texas,≤100
141692255929599,Democratic Socialists of America,DEMOCRATIC SOCIALISTS OF AMERICA INC,≤100
12692955711,Chronicle of Higher Education,"CHRONICLE OF HIGHER EDUCATION, INC. (THE)",≤100
96826022393,Yale Environment 360,Yale Environment 360,≤100
278703415666824,Jeremy Jones,Protect Our Winters,≤100
8936818385,Accuracy in Media,"ACCURACY IN MEDIA, INC",≤100
219015200964,Progressive Forum Houston,The Progressive Forum,≤100
112388493820536,Patriots United For America,Patriots United For America,≤100
181183059253295,Dorsal Bracelets,Dorsal Bracelets,≤100
102180301437619,2020 American Defense Fund,C3 PAC,≤100
886674008390144,Asylum.Radio,Darren L Nye,≤100
6851405967,CREDO Mobile,"CREDO MOBILE, INC.",≤100
1772437266382039,Black Buck Apparel,Black Buck Apparel,≤100
317667194946264,Ro Khanna,RO FOR CONGRESS INC,≤100
14673807622,Wisconsin Conservation Voters,Wisconsin Conservation Voters Independent Expenditure Committee,≤100
58158120046,ACLJ,American Center for Law and Justice,≤100
304062610300415,VozWire,Gregson E Mathe,≤100
103276838032633,EJ for Florida,Edgar "EJ" Bernier For Florida House,≤100
100133611824182,Cortwo,"Cortwo, Inc.",≤100
551158678560402,Epimonia,Epimonia LLC,≤100
922580991129339,People's Mojahedin Organization of Iran - MEK IRAN,MEK-Iran (Saeid Saadati),≤100
101589521232053,Dani Brzozowski,DANI FOR ILLINOIS,≤100
405355946226766,Todd Young,"FRIENDS OF TODD YOUNG, INC.",≤100
1385294418360578,Linda Koop,KOOP FOR TEXAS,≤100
100697751658498,Stronger.org,The Public Good Projects,≤100
987698164585861,Citizen Ed,Citizen Education,≤100
569183476550031,SEBA,San Bernardino County Sheriff's Employees' Benefit Association,≤100
1404114129847742,This Little Home of Mine,Elizabeth Aubrey Kidd,≤100
308353252483,Kristi Noem,Kristi for Governor,≤100
950998258312654,Knowhere,"Knowhere, Inc.",≤100
19746387261,Humane Society International,Humane Society International,≤100
108090464296366,Republican Patriots,I Love My Freedom,≤100
38234604057,PEN America,PEN AMERICAN CENTER INC,≤100
45758312413,Black Public Media,Black Public Media,≤100
112084806900129,Deck,"Deck Technologies, Inc.",≤100
104012084703106,One People United PAC,One People United,≤100
168303959868194,Feniex Industries,FENIEX INDUSTRIES INC.,≤100
1370474066365196,F1RST WARRIOR,First Warrior,≤100
276466976142714,Moguldom,NUBAI VENTURES LLC,≤100
209255512459483,DentaQuest,"DENTAQUEST VENTURES, LLC",≤100
102579318191600,No Justice No Peace,NO JUSTICE NO PEACE PAC,≤100
510680265702016,Crowned Free,Crowned Free,≤100
2292262990997250,American Freedom and Opportunity PAC,AMERICAN FREEDOM AND OPPORTUNITY PAC,≤100
785936231584382,Paula Jean Swearengin,Paula Jean for West Virginia,≤100
339432396135584,The Exodus Road,EXODUS ROAD INC,≤100
657708380952174,Voices of the Civil Rights Movement,Comcast,≤100
102970113093477,Church Militant/St. Michael’s Media,Max Aldcander Douglas,≤100
2133130356918764,Common Justice,COMMON JUSTICE INC,≤100
1708467695859543,Veteran Transition Mission,Sonia Ivelisse Barriera Ayala,≤100
111576496924261,Natalia Cornelio for Criminal District Judge- 351st Court,Natalia Cornelio 351st District Court Candidate,≤100
540707072979860,Brian Maryott,MARYOTT FOR CONGRESS,≤100
119211622812975,"Advance Georgia, Inc","Advance Georgia, Inc.",≤100
110316697328742,People of Seniors Housing,People of Seniors Housing,≤100
110439270638992,NE1else,Time Management LLc,≤100
379373892662119,Healthcare Advisor Group,Healthcare Advisors Group,≤100
47710973068,Cooperative Action Network,National Rural Electric Cooperatives Association,≤100
780941275347834,Ilhan Omar,ILHAN FOR CONGRESS,≤100
101208514791301,Daniel Turner,Power The Future Inc,≤100
17203056985,Partners In Health,Partners In Health,≤100
346814612024906,BoyerAZ,Boyer for Senate,≤100
103979520737,WildCare,WILDCARE TERWILLIGER NATURE EDUCATION & WILDLIFE REHABILITATION,≤100
113335773562471,President Trump For Re-Election,Great American Era,≤100
314121315788033,Stand with Parkland,Stand With Parkland,≤100
239658882763974,Poverty USA by CCHD,UNITED STATES CONFERENCE OF CATHOLIC BISHOPS,≤100
16534314739,Facing History and Ourselves,"FACING HISTORY AND OURSELVES NATIONAL FOUNDATION, INC.",≤100
146211696845,University of Pennsylvania Carey Law School,University of Pennsylvania Carey Law School,≤100