﻿Page ID,Page Name,Disclaimer,Amount Spent (USD)
153080620724,Donald J. Trump,TRUMP MAKE AMERICA GREAT AGAIN COMMITTEE,1672
7860876103,Joe Biden,BIDEN VICTORY FUND,833
6726182861,Mike Pence,TRUMP MAKE AMERICA GREAT AGAIN COMMITTEE,437
1771156219840594,Team Trump,TRUMP MAKE AMERICA GREAT AGAIN COMMITTEE,248
1615018905412860,Progressive Turnout Project,PROGRESSIVE TURNOUT PROJECT,225
108824017345866,Facebook,"Facebook, Inc.",214
156968474833352,Stop Republicans,Stop Republicans,166
24330467048,Americans for Prosperity,AMERICANS FOR PROSPERITY,135
96935476345,Democratic Governors Association (DGA),Democratic Governors Association,102
1099779163410386,John Barrasso,Friends of John Barrasso,≤100
172758932738142,PhRMA,PHARMACEUTICAL RESEARCH AND MANUFACTURERS OF AMERICA,≤100
202626512363,U.S. Census Bureau,U.S. Census Bureau,≤100
791543660926838,"I'll go ahead and keep my guns, Thanks",2A4LIFE LLC,≤100
665345483483486,NRA - National Rifle Association of America,NATIONAL RIFLE ASSN OF AMERICA,≤100
101279451606075,Democratic Strategy Institute,Democratic Strategy Institute,≤100
1635441679872518,Kimberly Klacik,Kim Klacik for Congress,≤100
112915307115298,Lynnette Grey Bull for Congress,GREY BULL FOR CONGRESS,≤100
9324910069,NRSC,NRSC,≤100
127755494595870,Progressive Takeover,PROGRESSIVE TAKEOVER,≤100
108629670688670,Britney Wallesch for WY Senate District 6,Committee to Elect Britney Wallesch,≤100
2267285956849056,Donald Trump 2020 Fans,I Love My Freedom,≤100
103966331128460,Trump Train 2020 Campaign Tour,The Trump Train,≤100
114710126648118,Republican Dogs,Republican Dogs,≤100
168051710543266,Lacy Johnson,Lacy Johnson for Congress,≤100
138109556202547,Wyoming Community Foundation,"WYOMING COMMUNITY FOUNDATION, THE",≤100
2352630938293825,Mytacticalpromos,Entremax,≤100
127225910653607,PragerU,PragerU,≤100
700806360047982,CFG Action,Club for Growth Action,≤100
36160848633,PicturesOnGold.com,Daniel F Schifter,≤100
104856814505092,The Kids Guide,The Kids Guide,≤100
20787991568,Senate Democrats,DSCC,≤100
322551718276442,Lemons Are Blue,Lockwell LLC,≤100
717115395103069,PrintedKicks,Printed Kicks,≤100
925007000949719,ExxonMobil,Exxon Mobil Corporation,≤100
328853823844484,Balance of Power,Balance of Power,≤100
105756057589080,The Lincoln Project,The Lincoln Project,≤100
158791100909689,Concerned Veterans for America,Concerned Veterans for America,≤100
165987503528599,Lindsey Graham,"TEAM GRAHAM, INC.",≤100
105577974544303,The USA Needs More Patriots,AmeriPolling,≤100
102777921519129,Representative Don Burkhart,Donald Burkhart,≤100
934438026690635,YouGov,YOUGOV AMERICA INC.,≤100
1419388578092947,Anna Paulina Luna,ANNA PAULINA LUNA FOR CONGRESS,≤100
328072970642479,Jaime Harrison,JAIME HARRISON FOR US SENATE,≤100
259130650776119,Mitch McConnell,MCCONNELL SENATE COMMITTEE,≤100
176789922364429,Steve Daines,STEVE DAINES FOR MONTANA,≤100
327837911149503,2A4Life,2A4LIFE LLC,≤100
92925746942,Judicial Watch,Judicial Watch,≤100
2353537341582545,Proud Patriots,Proud Patriots,≤100
109379100777665,Patriotism Isn't Dead,Patriot Polling,≤100
481559282597914,TrumpersUnite,Respect The Look,≤100
314499212242,Pfizer,Pfizer Inc.,≤100
2109320752658203,Wyoming Term Limits,U.S. Term Limits Inc.,≤100
203197030603239,8 Billion Trees,8 Billion Trees LLC,≤100
159964696102,Kevin McCarthy,KEVIN MCCARTHY FOR CONGRESS,≤100
14856729724,Gap,Gap Inc,≤100
100137754724934,Trump 2020 Supporters,Proud Right Winger,≤100
1374134752633656,New Health Plans,Shop Insurance Plans,≤100
103730928025980,Safe and Sound In 2020,Kin Ngai Yeung,≤100
596556607135301,The Earthling Co.,The Earthling Co.,≤100
128155811565,Wyoming Liberty Group,Wyoming Liberty Group,≤100
163148530407080,Captain Mark Kelly,MARK KELLY FOR SENATE,≤100
105732744375701,Steve Bullock,MONTANANS FOR BULLOCK,≤100
103036584847574,The Good Neighbor,Brandon Vu,≤100
109092142462587,Adam Schiff,SCHIFF FOR CONGRESS,≤100
103597604713894,Team Trump Store,TRUMP MAKE AMERICA GREAT AGAIN COMMITTEE,≤100
2330577043935831,Sara Gideon,SARA GIDEON FOR MAINE,≤100
120448873031387,Our United Family,Daniel Wang,≤100
15188122178,The Hamilton Collection,The Hamilton Collection,≤100
96935476345,Democratic Governors Association (DGA),DEMOCRATIC ACTION,≤100
1316372698453411,Alexandria Ocasio-Cortez,Alexandria Ocasio-Cortez for Congress,≤100
101691091213750,The Empowerment Alliance,The Empowerment Alliance,≤100
830121337093232,National Democratic Training Committee,NATIONAL DEMOCRATIC TRAINING COMMITTEE PAC,≤100
602714436529710,End Citizens United,END CITIZENS UNITED,≤100
278490715553293,Martha McSally,MCSALLY FOR SENATE INC,≤100
116222966843926,US Concealed,US Concealed,≤100
106244251043808,Reuse Plastics,"AMERICAN CHEMISTRY COUNCIL, INC.",≤100
1449461518652183,4Patriots,4Patriots LLC,≤100
102563281572515,Keep America Great,RightWingGear.com,≤100
530604487365010,Old Glory Flagpole Kits,Service First,≤100
7976226799,The Daily Show,Comedy Central,≤100
106114264313679,Hunt The Vote,"Hunter Nation, Inc",≤100
102745147891580,Trump Coolers,Eric Clifford Juels,≤100
33713453361,Amazon Prime Video,Amazon Prime Video,≤100
100391581727524,Defeat By Tweet,DEFEAT BY TWEET,≤100
194798557218627,AARP Wyoming,AARP,≤100
680894095682539,Cowboy Life,"Nine Ranch Enterprises, LLC",≤100
598924810530984,Keeping America Great,FamTeeWorld,≤100
85452072376,Newsmax,Newsmax Media,≤100
18982436812,ACLU,American Civil Liberties Union,≤100
105577974544303,The USA Needs More Patriots,Anthony Alexander Morales,≤100
560140464159364,Stand for the 2nd Amendment,SFT2 Tactical Supply,≤100
461204744067686,Family Protection Association,Family Protection Association,≤100
277005566267077,Blueland,Blueland,≤100
747436915270894,Congressional Leadership Fund,CONGRESSIONAL LEADERSHIP FUND,≤100
6204742571,Sierra Club,SIERRA CLUB,≤100
405469100189512,Still My President - Donald Trump,Red State Politics LLC,≤100
305832706292882,American Gun Association,GunAssociation.org,≤100
100256754899828,Patriot's Cave,Patriots Cave,≤100
51405613519,Focus on the Family,Focus on the Family,≤100
834645469890446,Devin Nunes,DEVIN NUNES CAMPAIGN COMMITTEE,≤100
152926718105068,FloWater,FloWater,≤100
298147117056532,Protect Our Water Jackson Hole,Protect our Water Jackson Hole,≤100
1109093812491437,Blaze Media,Blaze Media LLC,≤100
49651563727,Live Action,Live Action,≤100
1061240530648502,Joe Collins,JOE COLLINS FOR CONGRESS,≤100
100947184674211,Marcie Kindred,Committee To Elect Marcie Kindred,≤100
109665250456365,The Armed Patriot,Kenneth Micheal Parkerson,≤100
132492254050920,American AF,AAF Nation,≤100
350784278974539,Turning Point Action,Turning Point Action,≤100
530604487365010,Old Glory Flagpole Kits,Service First Flag Poles,≤100
102478061559294,Convention on Founding Principles,Convention on Founding Principles,≤100
106323360959211,Patriots Republic,Matthew James Stine,≤100
192015461630968,Supporting Our Brave Veterans,James Brian Plouf,≤100
101075798356272,ReOpen America Now,Command Center Holdings LLC,≤100
106224464107240,Jo Jorgensen,Jo Jorgensen for President,≤100
315467021926595,Native Voice Network,"AMERICANS FOR INDIAN OPPORTUNITY, INC",≤100
342294162453301,Planned Parenthood,Planned Parenthood Federation of America,≤100
102671331487937,I Love My Freedom Store,I Love My Freedom,≤100
373814729643508,Let America Vote,LET AMERICA VOTE PAC,≤100
102875587947942,Keep Trump In Office,Keep Trump In Office,≤100
266288815238,WyGO / Wyoming Gun Owners,Wyoming Gun Owners,≤100
7802641703,Planned Parenthood of the Rocky Mountains,Planned Parenthood of the Rocky Mountains,≤100
1052620628131464,Representative Jared Olsen,Committee to Elect Jared Olsen,≤100
104614641200137,MeidasTouch,MEIDASTOUCH,≤100
109111900634787,Reverend Raphael Warnock,WARNOCK FOR GEORGIA,≤100
737686089933715,Conservative Collections,Mainline Media Group,≤100
605168822998856,314 Action,314 ACTION FUND,≤100
675471506247724,Adair for Congress,ADAIR FOR CONGRESS,≤100
195530355493,Chicks On The Right,Chicks on the Right,≤100
417522508294454,Job Creators Network,Job Creators Network,≤100
216709768355686,Dinesh D'Souza,America2020 Film LLC,≤100
57259033959,AARP,AARP,≤100
302718150248207,Wyoming Rural Electric Association,Wyoming Rural Electric Association,≤100
112854327110866,Amy Spieker for WY House District 11,Friends of Amy Spieker,≤100
629732217415068,Republican Party,Greater Half,≤100
106667854471975,Outspoken,Log Cabin Republicans,≤100
8325302025,Friends of the Earth U.S.,Friends of the Earth,≤100
101210588150219,Boy Scouts Abuse Claims,X Social Media LLC,≤100
5435784683,Greenpeace USA,"GREENPEACE, INC.",≤100
103682110993833,Arctic Refuge Defense Campaign,Alaska Wilderness League,≤100
1836138529938551,Greater Half,Greater Half,≤100
114625730266879,Republican Voters Against Trump,Defending Democracy Together,≤100
108273884315449,Real American Patriot,Gold Sky Ventures LLC,≤100
104910457974220,Pupper Enthusiasts Unlimited,Seanross Michael Holcomb,≤100
1194865807192273,Conservative Gear,Outergoods LLC,≤100
97493741436,John W. Hickenlooper,HICKENLOOPER FOR COLORADO,≤100
46093654473,National Republican Congressional Committee,NRCC,≤100
8550121410,Free Speech America Project,MEDIA RESEARCH CENTER,≤100
8492293163,Environmental Defense Fund,Environmental Defense Fund,≤100
1563336033975761,"Senator Liisa Anselmi Dalton, Senate District 12",LIISA LYNN ANSELMI-DALTON,≤100
108118933908193,Next Level Goods,Next Level Goods LLC,≤100
105759607824963,Karajanis 4 Ward 1,John Cameron Karajanis,≤100
2037695643113766,Blexit,Blexit Foundation,≤100
103315378108004,True Patriot Strength,LE-HUU DONG HUYNH,≤100
2012750189007245,Liquid Death Mountain Water,Liquid Death,≤100
108220794333329,The Patriot Trust,Christopher Allen Supek,≤100
228754857151053,House Majority PAC,House Majority PAC,≤100
977704775606273,Balls Deep Tackle,Balls Deep Tackle,≤100
681745912255844,John Cummings for Congress,CUMMINGS FOR CONGRESS,≤100
1883837055193241,Shield Republic,Shield Republic,≤100
7292655492,MoveOn,MOVEON.ORG POLITICAL ACTION,≤100
586751814690068,Joni Ernst,Joni for Iowa,≤100
45393753416,Alliance Defending Freedom,Alliance Defending Freedom,≤100
111428049989,Cal Cunningham,CAL FOR NC,≤100
103428021464766,C4E: The Concealed Carry Experience,Concealed Coalition,≤100
393932827634250,Dissent Pins,Common Practice,≤100
27311599342,Preemptive Love,Preemptive Love Coalition,≤100
257019421075897,Cory Gardner,Cory Gardner for Senate,≤100
107210084216238,Humanity Forward,Humanity Forward,≤100
679171239164792,Supermajority,Supermajority,≤100
227764782729,AMERICAN - STRONG!,American Strong LLC,≤100
839110726214614,Realtors,NATIONAL ASSOCIATION OF REALTORS,≤100
443329669123990,USAFacts,USAFacts Institute,≤100
108397184298930,Patriots Defend,Claire Wang,≤100
701924723162807,"Natalia D. Macker, Teton County Commissioner",Macker for Wyoming,≤100
8934429638,Planned Parenthood Action,Planned Parenthood Action Fund,≤100
1336293769761923,Jon Ossoff,JON OSSOFF FOR SENATE,≤100
150681061641282,Tri-State G&T,Tri-State Generation Transmission Association Inc,≤100
213792049451918,Stand For America,Stand For America Inc,≤100
309308412520731,Sandy Hook Promise,Sandy Hook Promise,≤100
593289284500311,Trump Rack,BOXD Marketing,≤100
892673067526965,Project War Path,Project War Path,≤100
651280068826683,A Great New Day,Trevor Barribeau,≤100
342887442508723,Convention of States,Convention of States Action,≤100
117144508670456,GUNVOTE,National Shooting Sports Foundation,≤100
113891694102,Energy Citizens,AMERICAN PETROLEUM INSTITUTE,≤100
1809078699219595,Fat Tire,"NEW BELGIUM BREWING COMPANY, INC.",≤100
911828698840246,ReLEntless Defender Apparel,ReLEntless Defender Apparel,≤100
25852730092,Care2,Care2 Inc,≤100
16477459734,League of Conservation Voters,"LEAGUE OF CONSERVATION VOTERS, INC",≤100
33110852384,Doctors Without Borders/Médecins Sans Frontières (MSF),Doctors Without Borders/Médecins Sans Frontières (MSF),≤100
197760674021143,Indivisible Guide,INDIVISIBLE ACTION,≤100
420785874975425,Conservative Institute,The Conservative Institute,≤100
163302087408673,Stop The Donald,Stop the Donald,≤100
352527958302,Israel on Campus Coalition,Israel on Campus Coalition,≤100
106411444514775,Unity in Support,Jae W Seo,≤100
419237048158257,Susan Collins,COLLINS FOR SENATOR,≤100
2256321067930356,Liberteeclub,libertyteeshop,≤100
7814597100,Jim Jordan for Congress,JIM JORDAN FOR CONGRESS,≤100
21375324480,The Heritage Foundation,HERITAGE FOUNDATION (THE),≤100
1443127535947107,Save the Children Action Network,Save the Children Action Network,≤100
355316521236121,John Cornyn,TEXANS FOR SENATOR JOHN CORNYN INC.,≤100
6240652407,Young America's Foundation,YOUNG AMERICA'S FOUNDATION INC,≤100
103185334702225,Stop Trump PAC,STOP 45 PAC,≤100
30139072158,CARE,CARE,≤100
23875187730,Feeding America,Feeding America,≤100
6500552187,Hulu,"HULU, LLC",≤100
178835922297833,American Clinical Laboratory Association,American Clinical Laboratory Association,≤100
6231686654,Compassion International,"COMPASSION INTERNATIONAL, INCORPORATED",≤100
11791104453,NRDC,Natural Resources Defense Council,≤100
193618220508,LIFE Today,LIFE Outreach International,≤100
280704452367167,Jason Crow,JASON CROW FOR CONGRESS,≤100
169130743498585,Tactical Pro Supply,Chad Keller,≤100
219612384781411,Bloomberg Philanthropies,Bloomberg Philanthropies,≤100
105084617912738,PatriotQuizzes,patriotquizzes.com,≤100
102916288137405,The Daily Republican,USA Movements LLC,≤100
38235851310,USA for UNHCR,UNITED STATES ASSOCIATION FOR UNHCR,≤100
1551109418518461,The Honest Patriot,Amundson Media LLC,≤100
105556894599642,Protecting Rights,Raymond A Guevara,≤100
107654924064350,Pat Timmons-Goodson,PATRICIA TIMMONS-GOODSON FOR CONGRESS,≤100
223008867858902,American Action News,American Action News,≤100
1799282383731277,TwoSeventy,Alexander Jared Deutsch,≤100
828902563856302,Chuck Schumer D-NY,FRIENDS OF SCHUMER,≤100
104934207736995,Paycheck to Paycheck,Center for American Progress Action Fund,≤100
222868425829611,Don't Tread On Me,These ads ran without a disclaimer,≤100
5720973755,Defenders of Wildlife,DEFENDERS OF WILDLIFE,≤100
2185993931653388,The Recount,"Recount Media, Inc",≤100
1316372698453411,Alexandria Ocasio-Cortez,THE SQUAD VICTORY FUND,≤100
788394134539871,USPS Business,United States Postal Service,≤100
643463669628493,Public Opinion Research Group,"Public Opinion Research Group, Inc",≤100
111393882812494,Amy McGrath,"AMY MCGRATH FOR SENATE, INC.",≤100
109360297266116,Fearless Patriot,TERESA NONE OHARA-MARSH,≤100
108863797601847,CCW Advisor,Stephen Dennis Cesaro,≤100
56680318666,Illinois Policy,Illinois Policy,≤100
1014486318584089,Armed American Supply,Armed American Supply,≤100
114230073701403,Jetbound Dogs,Miguel Agustin Turk,≤100
27544763621,Prison Fellowship,Prison Fellowship,≤100
130467958471,Jason Lewis,Jason Lewis for Senate,≤100
100753978420061,Lovely Gift,These ads ran without a disclaimer,≤100
51761261956,The Bill of Rights Institute,"BILL OF RIGHTS INSTITUTE, THE",≤100
585942765164217,Elect Democratic Women,ELECT DEMOCRATIC WOMEN,≤100
102004961614425,For The Love of Patriots,Trizzie Truong,≤100
103453544718913,Patriots Together,Anna Kasten Yu,≤100
15687409793,World Wildlife Fund,World Wildlife Fund,≤100
104113317870732,Free Markets Destroy,Washington Policy Center,≤100
30866133883,Alaska Wilderness League,ALASKA WILDERNESS LEAGUE,≤100
1765073800454902,Reform Austin,Reform Austin Inc.,≤100
236369846383459,Congressional Black Caucus PAC,Congressional Black Caucus PAC,≤100
21472760578,C-SPAN,C-SPAN,≤100
113398717117686,Beach Dogs Ltd.,Christopher James Lamos,≤100
72186095846,Center For American Progress Action Fund,Center for American Progress Action Fund,≤100
162493793737,Rick Green,Richard Arlin Green,≤100
110010433804232,Falkirk Center,Falkirk Center,≤100
21559454473,FAIR,FEDERATION FOR AMERICAN IMMIGRATION REFORM,≤100
129255907131113,NumbersUSA,NUMBERSUSA EDUCATION AND RESEARCH FOUNDATION,≤100
142992759853421,Be A Hero,BE A HERO PAC,≤100
35169196082,Project HOPE,"PROJECT HOPE-THE PEOPLE-TO-PEOPLE HEALTH FOUNDATION, INC.",≤100
167586229923327,World Food Program USA,World Food Program USA,≤100
105995741220700,Patriots United,Le Huu Dong Huynh,≤100
101690998009007,Improving Life Through Health,Nicolette Dalan,≤100
309798029121030,Everytown for Gun Safety,Everytown for Gun Safety Action Fund Inc,≤100
587560171926370,Small Business Recovery Initiative,"Small Business Recovery Initiative, Inc",≤100
215199482635728,Alek Skarlatos,ALEK FOR OREGON,≤100
872842866161157,One Nation Design,One Nation Design,≤100
467804929927622,Jason Smith,JASON SMITH FOR CONGRESS,≤100
360303722260,Kathleen Williams,KATHLEEN WILLIAMS FOR MONTANA,≤100
137459917707,The Brookings Institution,The Brookings Institution,≤100
7263476274,Mercy Corps,Mercy Corps,≤100
210357995667559,The National Memo,The National Memo,≤100
747783932079184,Jared Golden,COMMITTEE TO ELECT JARED GOLDEN,≤100
17203056985,Partners In Health,Partners In Health,≤100
255208337943901,Jobs Growth,"JOBS FREEDOM AND SECURITY PAC, Not authorized by any candidate or candidate’s committee.",≤100
10423517786,Harvard Business Review,HARVARD BUSINESS SCHOOL PUBLISHING CORPORATION,≤100
5943727453,American Humane,American Humane,≤100
113666459994300,Big Dan Rodimer for Congress,RODIMER FOR CONGRESS,≤100
67626834312,National Women's Law Center,National Women's Law Center,≤100
34362997676,United States Holocaust Memorial Museum,UNITED STATES HOLOCAUST MEMORIAL MUSEUM,≤100
350692761610088,Matt Cartwright for U.S. Congress,CARTWRIGHT FOR CONGRESS,≤100
112735922758892,Charlie Kirk,Charlie Kirk,≤100
518194348194441,RepresentUs,RepresentUs,≤100
497081420632330,Dr. Hiral Tipirneni,HIRAL FOR CONGRESS,≤100
224322797586524,Wyoming Interfaith Network,Wyoming Interfaith Network,≤100
104142543758770,Campaign Zero,We The Protesters,≤100
109947294143213,Republicanstorefront,Republicanstorefront.com,≤100
417542331752173,Message,Timothy Bruce Dannunzio,≤100
107847454354960,Weekly American Lifestyle,Steve San,≤100
304058913005378,Senior and Disabled Concerns,Senior & Disabled Concerns,≤100
101127364972509,Dems For USA,Dems For USA,≤100
102592959026,Ocean Conservancy,"OCEAN CONSERVANCY, INC.",≤100
15239367801,The Wilderness Society,"WILDERNESS SOCIETY, THE",≤100
1079789672084038,SimonBooks,Simon & Schuster,≤100
292351509697,Jerusalem Prayer Team,Jerusalem Prayer Team,≤100
176466646087311,DC Fawcett,Donald Chappell Fawcett,≤100
166618413413767,Jay Sekulow,American Center for Law and Justice,≤100
100233228182981,Madison Cawthorn for Congress,CAWTHORN FOR NC,≤100
103912504763714,Freedom and Loyalty,Carlos None Leon Trejo,≤100
1438808983108348,BOLD PAC,CHC BOLD PAC,≤100
6820348410,Kirsten Gillibrand,Off the Sidelines,≤100
354851377936744,BookTV,C-SPAN,≤100
110395890617498,Levi J. Shinkle,Levi James Shinkle,≤100
181924628560212,SumOfUs,SumOfUs,≤100
101591551371555,Fire Mitch. Save America.,SAVE AMERICA FUND,≤100
1530883997194411,United States Constitution,Flag and Cross,≤100
1439829396312534,The Movement for Black Lives,Movement for Black Lives,≤100
782093245218764,Qasim Rashid,RASHID FOR VA,≤100
10498053716,Media Research Center,MEDIA RESEARCH CENTER,≤100
21492729544,Catholic Relief Services,CATHOLIC RELIEF SERVICES - UNITED STATES CONFERENCE OF CATHOLIC BISHOPS,≤100
108029674299216,We The People,We The People,≤100
169294473121454,Policetees.com,PoliceTees.com,≤100
206677396413254,Abortion On Our Own Terms,Abortion On Our Own Terms,≤100
209516845093,NRDC Action Fund,NRDC Action Fund,≤100
103644036958,United Association,United Association Political Education Committee,≤100
746938465317981,Nuclear Matters,Nuclear Matters,≤100
36474716066,Color Of Change,ColorofChange.org,≤100
263891677826490,Earthsider,Ryan James Martin,≤100
102617961152741,Barbara Bollier,BOLLIER FOR KANSAS,≤100
156268994819596,Marc J. Bern & Partners LLP,Marc J. Bern & Partners LLP,≤100
42872222699,Dana Loesch,Dana Loesch Radio,≤100
294508332028,Lakota People's Law Project,ROMERO INSTITUTE,≤100
120011306310420,Patriots Helping Others,Jae W Seo,≤100
293225127381200,Patriot Depot,The Patriot Depot,≤100
683872625157265,Theresa Greenfield,THERESA GREENFIELD FOR IOWA,≤100
245284549333866,ASMDSS,ASMDSS,≤100
2078647579047586,Project Pulso,Project Pulso,≤100
152264148166020,Moms Clean Air Force,Moms Clean Air Force,≤100
384557995468219,Viral Casez,Viral Casez,≤100
7483836629,Ancestry,Ancestry.com Operations Inc.,≤100
278487153675,Redneck Nation Clothing,Tracie Milliron Gold,≤100
106094077803532,Our National Family,Patrick Le Tran,≤100
308353252483,Kristi Noem,Kristi for Governor,≤100
186538388091065,Operation Sacred Trust,Purpose Built Families Foundation,≤100
115379705206001,U.S. Department of Homeland Security Blue Campaign,DHS Blue Campaign,≤100
6333396177,NewsBusters.org,MEDIA RESEARCH CENTER,≤100
100355778430951,By Our Own Bootstraps,Brandon Vu,≤100
6787988478,Physicians for Human Rights,"PHYSICIANS FOR HUMAN RIGHTS, INC.",≤100
29770886815,Marijuana Policy Project,Marijuana Policy Project,≤100
317284821682168,Messianic Jewish Alliance of America (MJAA),Messianic Jewish Alliance of America,≤100
112600915451330,No Labels,No Labels,≤100
10128918116,Gavin Newsom,NEWSOM FOR CALIFORNIA GOVERNOR 2022,≤100
322044193958,Mike Turner for Congress,Citizens for Turner,≤100
1055873511190792,Hello Resistance,Hello Resistance Apparel,≤100
700941689954518,Defend Our Future,Defend Our Future,≤100
710669049286394,Woo the People,Khosro David Illulian,≤100
315151565831,Ascension,Ascension Press,≤100
111324359048459,Dr. Roger Marshall,KANSANS FOR MARSHALL,≤100
103376804451432,Trending Politics,Making Web LLC,≤100
394817334402124,2020 Trump Bill,Innovative Ecomm LLC,≤100
111277640428691,President Donald J. Trump 2020,Trump Collections,≤100
34701792581,EWTN,Eternal Word Television Network,≤100
143986912311328,University of Vermont Continuing and Distance Education,University of Vermont,≤100
7860876103,Joe Biden,BIDEN FOR PRESIDENT,≤100
41309865723,Democrats.com,DEMOCRATS.COM,≤100
2283535575207809,Ditch Mitch,DITCH FUND,≤100
1977738355807406,Sharice For Congress,SHARICE FOR CONGRESS,≤100
173470656019870,The Daily Yonder,Great Stories LLC,≤100
19192438096,AAAS - The American Association for the Advancement of Science,American Association for the Advancement of Science,≤100
577308239618384,Happy Patriots,Lambert Chan,≤100
628891490457484,Nancy Mace,Nancy Mace for Congress,≤100
101164484986617,To Be Frank Show,Real News PR,≤100
101724361319410,Ronny Jackson for U.S. Congress TX-13,Texans for Ronny Jackson,≤100
455147011996099,The Ann and Phelim Scoop,The Unreported Story Society,≤100
30914589895,The International Fellowship of Christians and Jews,"INTERNATIONAL FELLOWSHIP OF CHRISTIANS & JEWS, INC.",≤100
198559607605482,Gunnigle 2020,Gunnigle 2020,≤100
58736997707,Marco Rubio,Marco Rubio for Senate,≤100
110393153948638,Financial Help,Common Acquire,≤100
260933440643373,UltraViolet,UltraViolet Action,≤100
655065784538368,PredictIt,"PredictIt - Prediction Markets. A project of Victoria University of Wellington, PredictIt has been established to facilitate research into the way markets forecast events.",≤100
90022052772,Williams,"WILLIAMS COMPANIES, INC., THE",≤100
169277310432049,"Texas Precision Optics, Inc.",Texas Precision Optics Inc,≤100
1476342155924546,Big Rig Threads,Big Rig T-Shirts and Decals LLC,≤100
105536127617594,The American Digest,The American Digest,≤100
107523875954231,Danny Davis,Protect Our Winters,≤100
128167457221813,Public Transportation,Voices for Public Transit,≤100
2225580284361712,Tommy Tuberville,"TUBERVILLE FOR SENATE, INC.",≤100
1438882392887793,ADF Church Alliance,Alliance Defending Freedom,≤100
110177617177009,Karlee Provenza for House District 45,People for Provenza,≤100
153678684700451,American Investment Council,AMERICAN INVESTMENT COUNCIL,≤100
931907200310657,Patients Rising Now,Patients Rising Now Inc,≤100
316887658336677,My Control Card,"NETSPEND HOLDINGS, INC.",≤100
8047221596,Save the Children US,"SAVE THE CHILDREN FEDERATION, INC.",≤100
181183059253295,Dorsal Bracelets,Dorsal Bracelets,≤100
111499100431,National Association for Gun Rights,NATIONAL ASSOCIATION FOR GUN RIGHTS INC,≤100
1556932204325823,ProgressPop,ProgressPop,≤100
202286639832171,Dr. Robert Jeffress,FIRST BAPTIST CHURCH DALLAS,≤100
109200595768753,The Christian Left,The Christian Left,≤100
102137374563260,Confide in American Pride,John Allen Franson,≤100
115364585711,Lawyers' Committee for Civil Rights Under Law,Lawyers' Committee for Civil Rights Under the Law with Facebook Ad Credits,≤100
309798029121030,Everytown for Gun Safety,EVERYTOWN FOR GUN SAFETY VICTORY FUND,≤100
407664862957433,Ammar Campa-Najjar for Congress,AMMAR CAMPA-NAJJAR FOR CONGRESS,≤100
24470472733,The Trevor Project,The Trevor Project,≤100
104260608058844,Awesome Survival Guides,Kirsten May Siosan Andrade,≤100
90498769709,Edenpure,EdenPURE®,≤100
1191593944306272,State Representative Julie Johnson,Julie Johnson for Texas,≤100
105425681281873,The Way to Liberty,Christopher Allen Supek,≤100
333710103706307,Giffords,GIFFORDS PAC,≤100
1658135304460341,MANG,MANG,≤100
18813753280,Human Rights Campaign,"HUMAN RIGHTS CAMPAIGN, INC",≤100
341163402640457,NowThis,Group Nine Media,≤100
108650400954148,Stopping Socialism TV,The Heartland Institute,≤100
1526736227567131,TrueCoverage,True Coverage,≤100
680549575421741,UnitedVoice.com,"Beachside Media, Inc.",≤100
10150100007820094,Wendy Davis,WENDY DAVIS FOR CONGRESS,≤100
296708523873754,Karla Dennis and Associates Inc.,"Karla Dennis & Associates, Inc",≤100
664770743730817,Dan Feehan for Congress,FRIENDS OF DAN FEEHAN,≤100
496696933682736,Jeff Merkley,JEFF MERKLEY FOR OREGON,≤100
176099072429809,Oceana in Florida,OCEANA,≤100
106949844346620,Trumpian Republicans,Gregory Lawrence Burright,≤100
153278754738777,Climate Reality,The Climate Reality Project,≤100
105943157686335,Trust Michigan Families,TRUST MICHIGAN FAMILIES,≤100
1747132688647028,Democratic Association of Secretaries of State,Democratic Association of Secretaries of State,≤100
110177119192569,Knightscope,William Li,≤100
36872302227,Cory Booker,Cory Booker for Senate,≤100
242679302418244,Denison Forum,Denison Ministries,≤100
1234251319933440,Exclusive Apparel,The Dude's Threads,≤100
18709174006,National Audubon Society,"NATIONAL AUDUBON SOCIETY, INC.",≤100
69983322463,Ted Cruz,TED CRUZ FOR SENATE,≤100
30708742052,FCTRY,FCTRY,≤100
345378512258813,Elise Stefanik,ELISE FOR CONGRESS,≤100
126694924050678,Xavier Becerra,Becerra for Attorney General 2022,≤100
107665644228467,Conservative Journal Review,Conservative Journal Review LLC,≤100
209046616332309,Xochitl for Congress,Xochitl for New Mexico,≤100
780941275347834,Ilhan Omar,ILHAN FOR CONGRESS,≤100
101136147910784,Represent Justice,Represent Justice,≤100
5647744585,PETA (People for the Ethical Treatment of Animals),"PEOPLE FOR THE ETHICAL TREATMENT OF ANIMALS, INC.",≤100
111099680627618,Dave Gray for County Commissioner,Kelly Marie Mccully,≤100
719913581472398,Napoli Shkolnik PLLC,Napoli Law,≤100
151757038879920,Alyse Galvin for Congress 2020,ALYSE FOR ALASKA,≤100
251632675552663,Rigged: The Voter Suppression Playbook,American Issues Initiative,≤100
193745960583,Kahler Financial Group,Kahler Financial Group,≤100
113310617054164,Trump Baseball Bats,Trump Baseball Bats,≤100
143089732792,Marsha Blackburn,Blackburn Tennessee Victory Fund,≤100
338218229911752,Integrity First PAC,INTEGRITY FIRST PAC,≤100
131459315949,CBS News,These ads ran without a disclaimer,≤100
1668350569891953,Rainbow Movement,William James Ulrich,≤100
971668776283950,PolicyEd,Hoover Institution,≤100
106445167434779,Duty and Honor,Duty and Honor,≤100
79125112926,Students for Life of America,"STUDENTS FOR LIFE OF AMERICA, INC.",≤100
253791814655400,Doug Collins,"COLLINS FOR SENATE, INC.",≤100
6041057841,The Humane Society of the United States,"HUMANE SOCIETY OF THE UNITED STATES, THE",≤100
111248197347176,Protect & Serve PAC,PROTECT AND SERVE PAC,≤100
2040270322863853,Tina Smith,TINA SMITH FOR MINNESOTA,≤100
15503839732,Peter G. Peterson Foundation,Peter G. Peterson Foundation,≤100
303167829786891,Ed Markey,THE MARKEY COMMITTEE,≤100
1439364926329185,Animal Matters,Animal Matters,≤100
336470580233523,Pins and Aces Golf Co.,US Craft Brands LLC,≤100
8895898655,Rainforest Alliance,"RAINFOREST ALLIANCE, INC.",≤100
244798719959050,We Are Patriots,Catherine Sue Mantooth,≤100
103131054573692,Crawfordology,Crawfordology,≤100
173837496125511,Conscious Step,Conscious Step,≤100
260366367717440,Committee to Protect Medicare,Committee to Protect Medicare PAC,≤100
149081336362,AmeriCorps VISTA,Corporation for National and Community Service,≤100
1859113087545137,Learn Everywhere,"yes. every kid, Inc.",≤100
169597416843751,Stand Up America,Stand Up America,≤100
105246547735959,North Star Values,Senate Victory Fund,≤100
1228396643984955,Michelle Steel,Michelle Steel for Congress,≤100
225039284179565,The Nature Conservancy in Wyoming,Nature Conservancy,≤100
408250066356,Bill O'Reilly,"Bill Me, Inc.",≤100
110018833813683,Flip the Senate,SMP,≤100
7341997111,Conservation International,Conservation International,≤100
243362776583569,Air Mail,Air Mail,≤100
6713653788,Gary Peters,PETERS FOR MICHIGAN,≤100
141692255929599,Democratic Socialists of America,DEMOCRATIC SOCIALISTS OF AMERICA INC,≤100
253124008097628,Idaho Wildlife Federation,IDAHO WILDLIFE FEDERATION,≤100
5633824547,FreedomWorks,"FREEDOMWORKS, INC.",≤100
465483726908192,iVote,IVote Civic Education Fund,≤100
160630887998827,Let Them Live,Let Them Live,≤100
259212814698356,Democratic Majority for Israel,Democratic Majority for Israel,≤100
429812024048177,Doug Jones for Senate,DOUG JONES FOR SENATE COMMITTEE,≤100
1099478666810053,Meals For Pets,Meals for Pets,≤100
108281434237351,UBS Financial Services Inc.,UBS Financial Services,≤100
100506848295759,Made to Fail,Made To Fail,≤100
9394693002,Bloomberg LP,Bloomberg LP,≤100
104170004713256,Elect Black Democrats,THE COLLECTIVE PAC,≤100
221690171353068,Jay Obernolte,Jay Obernolte for Congress,≤100
183980105728550,The Chosen,These ads ran without a disclaimer,≤100
357554791340788,Liker,Omar Rivero,≤100
83290028957,Care Net,CARE NET,≤100
114885646899438,Mr. 45th,Clush,≤100
14851158643,Southern Utah Wilderness Alliance,SOUTHERN UTAH WILDERNESS ALLIANCE,≤100
261663760956534,America First Policies,America First Policies Inc,≤100
331037760381749,Sierra Magazine,SIERRA CLUB,≤100
131306317680000,Social Goods,"Social Goods, LLC",≤100
493811210669780,Creative Action Network,Creative Action Network,≤100
7219151423,The Fund for American Studies (TFAS),The Fund for American Studies,≤100
143729616392084,Van Drew for Congress,Van Drew for Congress,≤100
100119981671668,Blue Senate,BLUE SENATE PAC,≤100
1268410219898273,Tango Tango,Tango Tango Inc,≤100
217976018236954,OutKick,Outkick Media LLC,≤100
1917715138510680,Follow Your Legend,Legend Bracelet,≤100
107398241021186,The John Lewis Bridge Project,John Lewis Bridge Project,≤100
548407915183371,Liz Cheney,Liz Cheney for Wyoming,≤100
105481140904672,Core Prestige,Core Prestige,≤100
325578590837480,Protect Our Care,Sixteen Thirty Fund,≤100
139599847972,National Nurses United,National Nurses United,≤100
111970730196550,World War Zero,AMERICAN SECURITY PROJECT,≤100
102413723172970,Nick Adams,Nick Adams,≤100
123624513983,The Western Journal,The Western Journal,≤100
302182941354,AARP Advocates,AARP,≤100
129523843754764,Vote Smart,PROJECT VOTE SMART,≤100
67011831040,Canon Press,Canon Press,≤100
96171427550,Raja for Congress,FRIENDS OF RAJA FOR CONGRESS,≤100
1612726335627171,We the Internet TV,We the Internet TV,≤100
104504438466,Federal Voting Assistance Program - FVAP,Federal Voting Assistance Program,≤100
110525690698759,Awesome Coffee Recipes,John Phillip Angelo Vergara,≤100
85273022315,NAMI,NAMI,≤100
83865976093,Truthout,TRUTHOUT,≤100
234628203317767,Made for Freedom,Made for Freedom,≤100
18079407397,CPAC 2020,Conservative Political Action Conference,≤100
105287044367027,ObsessedwithTrump,Donald Lee Rowan,≤100
166738743732702,All Above All Action,All Above All Action Fund,≤100
19342050934,Leadership Institute,LEADERSHIP INSTITUTE INC,≤100
107953010886875,20Train.com,GEEG LLC,≤100
237477017606,Club for Growth,Club for Growth,≤100
15351475322,Cathy McMorris Rodgers,Cathy McMorris Rodgers for Congress,≤100
102636677971854,Trump Is The Storm,Legendary Trump Coins,≤100
8057376739,The Nature Conservancy,Nature Conservancy,≤100
291102898490822,Giant Maga Hat,Inventors club LLC,≤100
420424547981908,In Search of Liberty,Scott Dennis Welch,≤100
179513292162226,American History TV,C-SPAN,≤100
205395906412,UAW International Union,"INTERNATIONAL UNION, UNITED AUTOMOBILE, AEROSPACE AND AGRICULTURAL IMPLEMENT WORKERS OF AM",≤100
303061950155375,John James,"JOHN JAMES FOR SENATE, INC.",≤100
114822686979118,Daily Saver,Smart Market Tips,≤100
267180743723148,National Geographic Society,National Geographic Society,≤100
360424321432255,Doha Debates,Doha Debates,≤100
433919203362871,Bird + Stone,BIRD & STONE INC,≤100
7833534974,Florida Democratic Party,Florida Democratic Party,≤100
112488757165613,Blue Line Stockpile,Blueline Stockpile,≤100
107589664099282,Stand Up To China,"Stand Up To China, Inc.",≤100
309993142375589,Joe Kennedy III,KENNEDY FOR MASSACHUSETTS,≤100
61265398450,AmeriCorps NCCC,Corporation for National and Community Service,≤100
1393911800825140,OZY,OZY Media Inc,≤100
537534316395916,Students for Trump,Turning Point Action,≤100
308159713150350,Voter Protection Project,VOTER PROTECTION PROJECT,≤100
120846146252663,One More Thing,Story Network Foundation,≤100
50982313030,Food & Water Watch,Food & Water Watch,≤100
284946111858895,Debbie Mucarsel-Powell,DEBBIE FOR CONGRESS,≤100
114386721939978,The Made in America Store,Anthony Michael Falbo,≤100
592707041080920,Stand Together,Stand Together Chamber of Commerce Inc.,≤100
114959470308415,Americans Uniting,Grant Alan Johnston,≤100
102220864941255,Fashion shop,These ads ran without a disclaimer,≤100
169440273093442,The Center for Election Science,The Center for Election Science,≤100
105157841248307,No Filter Politics,No Filter Politics,≤100
100392931351292,Northwest RiverPartners,Northwest RiverPartners,≤100
111892670610842,Political AF,Quyen Sanh Gip,≤100
53541257714,The Arc of the United States,The Arc with Facebook Ad Credits,≤100
117437204982602,American Wild Horse Campaign,American Wild Horse Campaign,≤100
108152933883451,TrumpTrendz,Troy Lorenzo Davis,≤100
38234604057,PEN America,PEN AMERICAN CENTER INC,≤100
950998258312654,Knowhere,"Knowhere, Inc.",≤100
134452023239984,Human Coalition,Human Coalition,≤100
1338822066131069,Women's March,Women's March,≤100
110439270638992,NE1else,Time Management LLc,≤100
112164673854264,Living Patriotically,Living Patriotically,≤100
38471053686,Elizabeth Warren,"WARREN DEMOCRATS, INC.",≤100
105698674239617,Embed News,Embed News,≤100
112552187080266,Protecting Every Future,American Council of Life Insurers,≤100
104881317722736,Get-It-Out,Matthew Justin Viles,≤100
8446177150,Chosen People Ministries,CHOSEN PEOPLE MINISTRIES INC,≤100
52563647525,Kyrsten Sinema,SINEMA FOR ARIZONA,≤100
219457576170706,Patriotic Volunteers,Harrison T Chung,≤100
107809714081743,Evidence Based Wyoming,Evidence Based Politics / Douglas Gerard,≤100
1690071827911682,Cleancult,cleancult,≤100
160513344045084,John Neely Kennedy,"John Kennedy for Us, Inc",≤100
1914537155242810,Life: Powered,Texas Public Policy Foundation,≤100
711478725532801,Civiqs,Civiqs,≤100
113110137118723,Collectible Currency,Proud Patriots,≤100
273023971533,Dennis Bonnen,Dennis Bonnen Campaign,≤100
6820348410,Kirsten Gillibrand,Gillibrand for Senate,≤100
228132537208218,Tammy Duckworth,TAMMY FOR ILLINOIS,≤100
1691667177798461,Brut,Brut,≤100
45555240203,America First Credit Union,America First Credit Union,≤100
17911165812,Covenant House International,Covenant House,≤100
24481937944,Theodore Roosevelt Conservation Partnership,"THEODORE ROOSEVELT CONSERVATION PARTNERSHIP, INC",≤100
6428288402,Kiva,KIVA MICROFUNDS,≤100
1809715209318581,Marjorie Taylor Greene for Congress,GREENE FOR CONGRESS,≤100
405355946226766,Todd Young,"FRIENDS OF TODD YOUNG, INC.",≤100
105455840860559,EagleRealm LLC,Eagle Realm,≤100
619476781405015,Billings Fire Fighters,Billings Firefighters IAFF Local 521,≤100
6236054211,Brady,Brady Campaign to Prevent Gun Violence,≤100
7962229886,Environmental Working Group,ENVIRONMENTAL WORKING GROUP,≤100
101265331642149,Michael Burd for House District 60,Michael Burd for House District 60,≤100
192771954102960,Jordan Sekulow,American Center for Law and Justice,≤100
248181906078243,National Institute for Civil Discourse,CommonSense American,≤100
419992651425033,Guardianes del Pueblo-Consumer Law Group,Consumer Law Group,≤100
894096170667732,Ashley Hinson,Ashley Hinson For Congress,≤100
200224630053159,Ben McAdams,FRIENDS OF BEN MCADAMS,≤100
2068988876444634,Stand Up for Accurate Prenatal Answers,STAND UP FOR ACCURATE PRENATAL ANSWERS INC,≤100