﻿Page ID,Page Name,Disclaimer,Amount Spent (USD)
328072970642479,Jaime Harrison,JAIME HARRISON FOR US SENATE,13546
153080620724,Donald J. Trump,TRUMP MAKE AMERICA GREAT AGAIN COMMITTEE,8980
1771156219840594,Team Trump,TRUMP MAKE AMERICA GREAT AGAIN COMMITTEE,2656
183424985463330,Joe Cunningham,JOE CUNNINGHAM FOR CONGRESS,2622
925007000949719,ExxonMobil,Exxon Mobil Corporation,1667
7860876103,Joe Biden,BIDEN VICTORY FUND,1513
202626512363,U.S. Census Bureau,U.S. Census Bureau,1421
628891490457484,Nancy Mace,Nancy Mace for Congress,966
165987503528599,Lindsey Graham,"TEAM GRAHAM, INC.",763
106627181062791,South Carolina Signal,JAIME HARRISON FOR US SENATE,752
1615018905412860,Progressive Turnout Project,PROGRESSIVE TURNOUT PROJECT,664
80562389320,NARAL Pro-Choice America,NARAL Pro-Choice America,627
223369128215207,South Carolina Community Alliance,South Carolina Community Alliance,561
123267457850239,SC DHEC,South Carolina Department of Health & Environmental Control,558
156968474833352,Stop Republicans,Stop Republicans,542
9324910069,NRSC,NRSC,517
315402818913523,Rep. Ralph Norman,U.S. House of Representatives,501
108824017345866,Facebook,"Facebook, Inc.",479
589658204411894,Office of South Carolina Treasurer Curtis Loftis,Future Scholar. Administered by State Treasurer Curtis Loftis. Not paid for with state funds.,471
791543660926838,"I'll go ahead and keep my guns, Thanks",2A4LIFE LLC,461
96935476345,Democratic Governors Association (DGA),Democratic Governors Association,403
127225910653607,PragerU,PragerU,390
20787991568,Senate Democrats,DSCC,344
113668017062690,Citizens For Free Enterprise,Citizens for Free Enterprise,335
665345483483486,NRA - National Rifle Association of America,NATIONAL RIFLE ASSN OF AMERICA,326
1667638686847579,The Collective PAC,COLLECTIVE FUTURE,256
153080620724,Donald J. Trump,"DONALD J. TRUMP FOR PRESIDENT, INC.",245
108794587327155,Good Programs 2020,Trevor Dale Seaks,236
18982436812,ACLU,American Civil Liberties Union,236
2267285956849056,Donald Trump 2020 Fans,I Love My Freedom,236
2352630938293825,Mytacticalpromos,Entremax,231
345504286342057,Keeping America Great Again,RightWingGear.com,207
105756057589080,The Lincoln Project,The Lincoln Project,199
127755494595870,Progressive Takeover,PROGRESSIVE TAKEOVER,199
132492254050920,American AF,AAF Nation,189
355316521236121,John Cornyn,TEXANS FOR SENATOR JOHN CORNYN INC.,188
278490715553293,Martha McSally,MCSALLY FOR SENATE INC,182
101523101610180,Made In The USA,These ads ran without a disclaimer,181
103654464668995,Home With Our Family,Alexander Chung,178
235182504046827,Rep. Joe Cunningham,The Office of Representative Joe Cunningham,174
107858693983382,The GOP Shop,The GOP Shop,172
429812024048177,Doug Jones for Senate,DOUG JONES FOR SENATE COMMITTEE,168
158791100909689,Concerned Veterans for America,Concerned Veterans for America,168
24330467048,Americans for Prosperity,AMERICANS FOR PROSPERITY,164
213792049451918,Stand For America,Stand For America Inc,157
176789922364429,Steve Daines,STEVE DAINES FOR MONTANA,156
1064897643682844,Rep. William Timmons,Office of Congressman William Timmons,154
1449461518652183,4Patriots,4Patriots LLC,154
277005566267077,Blueland,Blueland,151
592347634460462,Partnership for America's Health Care Future,Partnership for America's Health Care Future,150
129038841261426,Energy Consumers of the Carolinas,Energy Consumers of the Carolinas Inc,149
105577974544303,The USA Needs More Patriots,AmeriPolling,148
347978955534783,Solcius,Solcius,148
112694470356789,Trumpcare For America,Stuart Joseph Millar,143
92925746942,Judicial Watch,Judicial Watch,143
1025055787535714,A Case for Women,A Case for Women,138
259130650776119,Mitch McConnell,MCCONNELL SENATE COMMITTEE,137
296708523873754,Karla Dennis and Associates Inc.,"Karla Dennis & Associates, Inc",136
328853823844484,Balance of Power,Balance of Power,130
102661701651,South Carolina Small Business Chamber of Commerce,South Carolina Small Business Chamber of Commerce,128
259212814698356,Democratic Majority for Israel,Democratic Majority for Israel,126
101690998009007,Improving Life Through Health,Nicolette Dalan,125
85452072376,Newsmax,Newsmax Media,125
114710126648118,Republican Dogs,Republican Dogs,123
109111900634787,Reverend Raphael Warnock,WARNOCK FOR GEORGIA,123
111428049989,Cal Cunningham,CAL FOR NC,122
1556932204325823,ProgressPop,ProgressPop,114
106487520883333,Cardinal & Pine,"Courier Newsroom, Inc.",114
168051710543266,Lacy Johnson,Lacy Johnson for Congress,111
302182941354,AARP Advocates,AARP,106
96935476345,Democratic Governors Association (DGA),DEMOCRATIC ACTION,106
109677057145919,Hot Issue,Astonishean Miracle Bundage,105
107398241021186,The John Lewis Bridge Project,John Lewis Bridge Project,104
7814597100,Jim Jordan for Congress,JIM JORDAN FOR CONGRESS,103
834645469890446,Devin Nunes,DEVIN NUNES CAMPAIGN COMMITTEE,102
830121337093232,National Democratic Training Committee,NATIONAL DEMOCRATIC TRAINING COMMITTEE PAC,101
1061240530648502,Joe Collins,JOE COLLINS FOR CONGRESS,101
1883837055193241,Shield Republic,Shield Republic,≤100
8934429638,Planned Parenthood Action,Planned Parenthood Action Fund,≤100
116546288359245,Heritage Action for America,HERITAGE ACTION FOR AMERICA,≤100
104856814505092,The Kids Guide,The Kids Guide,≤100
101279451606075,Democratic Strategy Institute,Democratic Strategy Institute,≤100
25055115099,Intuit,INTUIT INC.,≤100
102671331487937,I Love My Freedom Store,I Love My Freedom,≤100
57921319808,Michelob ULTRA,SocialCode,≤100
1374134752633656,New Health Plans,Shop Insurance Plans,≤100
111393882812494,Amy McGrath,"AMY MCGRATH FOR SENATE, INC.",≤100
359477377917,American Federation for Children,American Federation for Children,≤100
106244251043808,Reuse Plastics,"AMERICAN CHEMISTRY COUNCIL, INC.",≤100
233761700107851,The Alliance for Solar Choice,The Alliance for Solar Choice,≤100
25852730092,Care2,Care2 Inc,≤100
23875187730,Feeding America,Feeding America,≤100
178016715630002,Tom Davis,Tom Davis for State Senate,≤100
132914570126743,Conservation Voters of South Carolina,Conservation Voters of South Carolina,≤100
33110852384,Doctors Without Borders/ Médecins Sans Frontières (MSF),Doctors Without Borders/Médecins Sans Frontières (MSF),≤100
321424962053199,MetroConnects,Metro Connects,≤100
163148530407080,Captain Mark Kelly,MARK KELLY FOR SENATE,≤100
602714436529710,End Citizens United,END CITIZENS UNITED,≤100
376250065793807,Citizens for Responsible Energy Solutions,Citizens for Responsible Energy Solutions,≤100
737686089933715,Conservative Collections,Mainline Media Group,≤100
114501575391943,Compare Medicare Quotes,Benepath,≤100
17911165812,Covenant House International,Covenant House,≤100
1316372698453411,Alexandria Ocasio-Cortez,Alexandria Ocasio-Cortez for Congress,≤100
309308412520731,Sandy Hook Promise,Sandy Hook Promise,≤100
481559282597914,TrumpersUnite,Respect The Look,≤100
560140464159364,Stand for the 2nd Amendment,SFT2 Tactical Supply,≤100
717115395103069,PrintedKicks,Printed Kicks,≤100
100137754724934,Trump 2020 Supporters,Proud Right Winger,≤100
342294162453301,Planned Parenthood,Planned Parenthood Federation of America,≤100
530604487365010,Old Glory Flagpole Kits,Service First,≤100
57259033959,AARP,AARP,≤100
373814729643508,Let America Vote,LET AMERICA VOTE PAC,≤100
332716170522025,America First Action,America First Action,≤100
103597604713894,Team Trump Store,TRUMP MAKE AMERICA GREAT AGAIN COMMITTEE,≤100
114625730266879,Republican Voters Against Trump,Defending Democracy Together,≤100
100256754899828,Patriot's Cave,Patriots Cave,≤100
106645684412573,Cover Air Medical,Cover Air Medical,≤100
15188122178,The Hamilton Collection,The Hamilton Collection,≤100
894096170667732,Ashley Hinson,Ashley Hinson For Congress,≤100
106114264313679,Hunt The Vote,"Hunter Nation, Inc",≤100
2353537341582545,Proud Patriots,Proud Patriots,≤100
193618220508,LIFE Today,LIFE Outreach International,≤100
461204744067686,Family Protection Association,Family Protection Association,≤100
327837911149503,2A4Life,2A4LIFE LLC,≤100
1713005252363712,Freedom Action Network of South Carolina,Freedom Action Network of South Carolina,≤100
1194865807192273,Conservative Gear,Outergoods LLC,≤100
586751814690068,Joni Ernst,Joni for Iowa,≤100
105829564471772,Patriots Stand Together,Trizzie Truong,≤100
46093654473,National Republican Congressional Committee,NRCC,≤100
6041057841,The Humane Society of the United States,"HUMANE SOCIETY OF THE UNITED STATES, THE",≤100
105084617912738,PatriotQuizzes,patriotquizzes.com,≤100
167586229923327,World Food Program USA,World Food Program USA,≤100
2330577043935831,Sara Gideon,SARA GIDEON FOR MAINE,≤100
1109093812491437,Blaze Media,Blaze Media LLC,≤100
294196590710262,FWD.us,FWD.us,≤100
126694924050678,Xavier Becerra,Becerra for Attorney General 2022,≤100
348839551906904,Democracy in Color,POWERPAC DOT ORG,≤100
142665849854371,House Freedom,HOUSE FREEDOM FUND,≤100
303061950155375,John James,"JOHN JAMES FOR SENATE, INC.",≤100
5435784683,Greenpeace USA,"GREENPEACE, INC.",≤100
6820348410,Kirsten Gillibrand,Off the Sidelines,≤100
23996308754,Senate Conservatives,SENATE CONSERVATIVES FUND,≤100
317667194946264,Ro Khanna,RO FOR CONGRESS INC,≤100
977704775606273,Balls Deep Tackle,Balls Deep Tackle,≤100
1467725903304588,EZ Insure,Benepath,≤100
228754857151053,House Majority PAC,House Majority PAC,≤100
159964696102,Kevin McCarthy,KEVIN MCCARTHY FOR CONGRESS,≤100
87777747127,Greg Palast,Palast Investigative Fund,≤100
555787351119974,Coalition to Protect America's Health Care,Coalition to Protect America's Health Care,≤100
8047221596,Save the Children US,"SAVE THE CHILDREN FEDERATION, INC.",≤100
38235851310,USA for UNHCR,UNITED STATES ASSOCIATION FOR UNHCR,≤100
192015461630968,Supporting Our Brave Veterans,James Brian Plouf,≤100
6204742571,Sierra Club,SIERRA CLUB,≤100
6231686654,Compassion International,"COMPASSION INTERNATIONAL, INCORPORATED",≤100
15687409793,World Wildlife Fund,World Wildlife Fund,≤100
202288719786161,SC Club for Growth,SC Club For Growth,≤100
45393753416,Alliance Defending Freedom,Alliance Defending Freedom,≤100
113666459994300,Big Dan Rodimer for Congress,RODIMER FOR CONGRESS,≤100
108220160978728,Together We Stand Strong,Vivian Lam Nguyen,≤100
8325302025,Friends of the Earth U.S.,Friends of the Earth,≤100
342887442508723,Convention of States,Convention of States Action,≤100
105433064492153,The Return 2020,The Return International,≤100
151525932186806,When Democrats Turn Out,WHEN DEMOCRATS TURN OUT PAC,≤100
195530355493,Chicks On The Right,Chicks on the Right,≤100
402488163467483,Charleston FYI,Awesome News Network,≤100
433919203362871,Bird + Stone,BIRD & STONE INC,≤100
245284549333866,ASMDSS,ASMDSS,≤100
101210588150219,Boy Scouts Abuse Claims,X Social Media LLC,≤100
110018833813683,Flip the Senate,SMP,≤100
346937065399354,Occupy Democrats,Omar Rivero,≤100
971668776283950,PolicyEd,Hoover Institution,≤100
316955281351,APWU - The American Postal Workers Union,AMERICAN POSTAL WORKERS UNION,≤100
226648591441555,Gullah Geechee Chamber of Commerce,Gullah Geechee Chamber of Commerce,≤100
223055747744143,Beto O'Rourke,Powered By People,≤100
8532248414,Wounded Warrior Project,"WOUNDED WARRIOR PROJECT, INC.",≤100
21375324480,The Heritage Foundation,HERITAGE FOUNDATION (THE),≤100
110987110398146,Make Liberty Win PAC,MAKE LIBERTY WIN,≤100
112635417131908,Jackson Healthcare Heroes - SEIU 1991,Jackson Healthcare Heroes - SEIU 1991,≤100
1010143499143169,Medicare Savings,"Mayo Labs, LLC",≤100
110937127360677,SC FYI: Elections,"TEAM GRAHAM, INC.",≤100
8550121410,Free Speech America Project,MEDIA RESEARCH CENTER,≤100
6333396177,NewsBusters.org,MEDIA RESEARCH CENTER,≤100
1836138529938551,Greater Half,Greater Half,≤100
675471506247724,Adair for Congress,ADAIR FOR CONGRESS,≤100
118303441570966,Home Ownership Matters,NATIONAL ASSOCIATION OF REALTORS,≤100
115379705206001,U.S. Department of Homeland Security Blue Campaign,DHS Blue Campaign,≤100
100757504960070,Concealed_Country,Concealed Country,≤100
159164367581855,Senator Chip Campsen,Campsen for Senate,≤100
100101018155207,Paid Leave for All,Paid Leave for All a project of Hopewell Fund,≤100
598924810530984,Keeping America Great,FamTeeWorld,≤100
417522508294454,Job Creators Network,Job Creators Network,≤100
305832706292882,American Gun Association,GunAssociation.org,≤100
134597023235240,Rashida Tlaib,RASHIDA TLAIB FOR CONGRESS,≤100
309798029121030,Everytown for Gun Safety,Everytown for Gun Safety Action Fund Inc,≤100
103732088041755,LEAD Home Improvement,John Leroy Soderberg,≤100
106094077803532,Our National Family,Patrick Le Tran,≤100
113474173781579,American Apparel AA,Click Wonders,≤100
341036202607871,Americans for Prosperity - South Carolina,AMERICANS FOR PROSPERITY,≤100
109092142462587,Adam Schiff,SCHIFF FOR CONGRESS,≤100
101165966152,AFL-CIO,AFL-CIO,≤100
2037695643113766,Blexit,Blexit Foundation,≤100
105490641044894,Spencer Wetmore,Spencer Wetmore for Statehouse,≤100
19342050934,Leadership Institute,LEADERSHIP INSTITUTE INC,≤100
21559454473,FAIR,FEDERATION FOR AMERICAN IMMIGRATION REFORM,≤100
1228396643984955,Michelle Steel,Michelle Steel for Congress,≤100
107654924064350,Pat Timmons-Goodson,PATRICIA TIMMONS-GOODSON FOR CONGRESS,≤100
110746996993983,The 'Gander Newsroom,"Courier Newsroom, Inc.",≤100
1600352356914768,PushBlack,PushBlack,≤100
257019421075897,Cory Gardner,Cory Gardner for Senate,≤100
97493741436,John W. Hickenlooper,HICKENLOOPER FOR COLORADO,≤100
106224464107240,Jo Jorgensen,Jo Jorgensen for President,≤100
18813753280,Human Rights Campaign,"HUMAN RIGHTS CAMPAIGN, INC.",≤100
100637888239523,Free Reign For All,Kin Ngai Yeung,≤100
109379100777665,Patriotism Isn't Dead,Patriot Polling,≤100
49651563727,Live Action,Live Action,≤100
166618413413767,Jay Sekulow,American Center for Law and Justice,≤100
788394134539871,USPS Business,United States Postal Service,≤100
629732217415068,Republican Party,Greater Half,≤100
115093490189362,Defend NC,Defend NC,≤100
2081864865362439,Mike Espy,MIKE ESPY FOR SENATE CAMPAIGN COMMITTEE,≤100
255948434970288,Protecting Our Vote,PROTECTING OUR VOTE PAC,≤100
101459098271864,Vets United,Korie Lynn Padgett,≤100
101237551589520,Tactical Patriot,Trizzie Truong,≤100
69983322463,Ted Cruz,TED CRUZ FOR SENATE,≤100
109060854131067,Stop Dominion,Stop Dominion,≤100
2309566456030859,Human Coalition Action,Human Coalition Action,≤100
530604487365010,Old Glory Flagpole Kits,Service First Flag Poles,≤100
27544763621,Prison Fellowship,Prison Fellowship,≤100
281844617168,Jewish Voice Ministries International,JEWISH VOICE MINISTRIES INTERNATIONAL,≤100
592707041080920,Stand Together,Stand Together Chamber of Commerce Inc.,≤100
129255907131113,NumbersUSA,NUMBERSUSA EDUCATION AND RESEARCH FOUNDATION,≤100
139599847972,National Nurses United,National Nurses United,≤100
1799282383731277,TwoSeventy,Alexander Jared Deutsch,≤100
679171239164792,Supermajority,Supermajority,≤100
631570717331198,Working to Fight AMR,BIOTECHNOLOGY INNOVATION ORGANIZATION,≤100
105732744375701,Steve Bullock,MONTANANS FOR BULLOCK,≤100
249455845761285,Lindsey Must Go,LMG PAC,≤100
794490553914304,Dr. Nina Ansary,"Revela Press, LLC",≤100
1438808983108348,BOLD PAC,CHC BOLD PAC,≤100
224684514243482,Tom Cotton,"COTTON FOR SENATE, INC.",≤100
143729616392084,Van Drew for Congress,Van Drew for Congress,≤100
124530924015,Hank Gilbert,HANK GILBERT FOR CONGRESS,≤100
169710960125365,Curzio Research,Curzio Research Inc.,≤100
605168822998856,314 Action,314 ACTION FUND,≤100
105060677844787,Bill Savings,Bill Savings,≤100
58736997707,Marco Rubio,Marco Rubio for Senate,≤100
106756327769815,Stand For The Promise,Stand For The Promise,≤100
70150469414,Joe Wilson,Office of U.S. Congressman Joe Wilson,≤100
405469100189512,Still My President - Donald Trump,Red State Politics LLC,≤100
104504438466,Federal Voting Assistance Program - FVAP,Federal Voting Assistance Program,≤100
1526736227567131,TrueCoverage,True Coverage,≤100
596556607135301,The Earthling Co.,The Earthling Co.,≤100
159597424207730,David Perdue,PERDUE FOR SENATE,≤100
360424321432255,Doha Debates,Doha Debates,≤100
6236054211,Brady,Brady Campaign to Prevent Gun Violence,≤100
420785874975425,Conservative Institute,The Conservative Institute,≤100
265268336865693,Do Amore,Do Amore Limited Company,≤100
209516845093,NRDC Action Fund,NRDC Action Fund,≤100
102875587947942,Keep Trump In Office,Keep Trump In Office,≤100
706716899745696,Women for Trump,TRUMP MAKE AMERICA GREAT AGAIN COMMITTEE,≤100
419237048158257,Susan Collins,COLLINS FOR SENATOR,≤100
8501031021,VoteVets.org,VOTEVETS,≤100
1945649795733674,Big Daddi Dro,These ads ran without a disclaimer,≤100
465483726908192,iVote,IVote Civic Education Fund,≤100
175630693036967,South Carolina FYI,Awesome News Network,≤100
223008867858902,American Action News,American Action News,≤100
181183059253295,Dorsal Bracelets,Dorsal Bracelets,≤100
87186661244,Johns Hopkins Bloomberg School of Public Health,Johns Hopkins Bloomberg School of Public Health,≤100
934438026690635,YouGov,YOUGOV AMERICA INC.,≤100
146944270368,Senator Larry Grooms,LARRY GROOMS FOR SENATE,≤100
2185993931653388,The Recount,"Recount Media, Inc",≤100
2078647579047586,Project Pulso,Project Pulso,≤100
1628679613829742,Josh Hicks,Josh Hicks for Congress,≤100
131217580266597,National Council on Aging,"NATIONAL COUNCIL ON AGING, INC.",≤100
118269091671380,The Home T,The Home T,≤100
72186095846,Center For American Progress Action Fund,Center for American Progress Action Fund,≤100
1204754733024419,People's Power Grab,ACRONYM,≤100
746938465317981,Nuclear Matters,Nuclear Matters,≤100
27311599342,Preemptive Love,Preemptive Love Coalition,≤100
104051398040027,CCW Online Now_,Concealed Country,≤100
607626319739286,Black Voices for Trump,TRUMP MAKE AMERICA GREAT AGAIN COMMITTEE,≤100
1074038989427313,Talcum Powder Alert,These ads ran without a disclaimer,≤100
217976018236954,OutKick,Outkick Media LLC,≤100
1917715138510680,Follow Your Legend,Legend Bracelet,≤100
106323360959211,Patriots Republic,Matthew James Stine,≤100
950998258312654,Knowhere,"Knowhere, Inc.",≤100
1336293769761923,Jon Ossoff,JON OSSOFF FOR SENATE,≤100
253791814655400,Doug Collins,"COLLINS FOR SENATE, INC.",≤100
163302087408673,Stop The Donald,Stop the Donald,≤100
1721333671443168,Majority Forward,MAJORITY FORWARD,≤100
345378512258813,Elise Stefanik,ELISE FOR CONGRESS,≤100
2339203789732156,Kim Mangone for Congress,COMMITTEE TO ELECT KIM MANGONE FOR CONGRESS,≤100
1551109418518461,The Honest Patriot,Amundson Media LLC,≤100
108118933908193,Next Level Goods,Next Level Goods LLC,≤100
104934207736995,Paycheck to Paycheck,Center for American Progress Action Fund,≤100
7833534974,Florida Democratic Party,Florida Democratic Party,≤100
356482637745012,Stansberry Research,Stansberry Research,≤100
109360297266116,Fearless Patriot,TERESA NONE OHARA-MARSH,≤100
103531607822207,Noticias para Inmigrantes,"Wise Rock Media, PBC",≤100
389002298352371,American Senior Benefits,John M Davis,≤100
100798594958887,inseparable,Inseparable Action Inc,≤100
683872625157265,Theresa Greenfield,THERESA GREENFIELD FOR IOWA,≤100
101459098271864,Vets United,Jae W Seo,≤100
593289284500311,Trump Rack,BOXD Marketing,≤100
105566671190013,What We All Need,Patrick Le Tran,≤100
105455840860559,Eagle Realm,Eagle Realm,≤100
245741028804051,Barbara Sinatra Center,Barbara Sinatra Children's Center,≤100
112974563687584,Robert Kiyosaki - The Rich Dad Poor Dad Letter,Long Form Creative Co.,≤100
153678684700451,American Investment Council,AMERICAN INVESTMENT COUNCIL,≤100
7292655492,MoveOn,MOVEON.ORG POLITICAL ACTION,≤100
911828698840246,ReLEntless Defender Apparel,ReLEntless Defender Apparel,≤100
105370081104608,Veterans for Trump,TRUMP MAKE AMERICA GREAT AGAIN COMMITTEE,≤100
259212814698356,Democratic Majority for Israel,DMFI PAC,≤100
115617711783870,Center for Union Facts,CENTER FOR UNION FACTS,≤100
1389807071117013,Lynn Afendoulis,Lynn Afendoulis for Congress,≤100
101481584557260,Help Asheville Bears-HAB,Heather Christina Williams,≤100
7263476274,Mercy Corps,Mercy Corps,≤100
376776419037747,Turning Point USA,Turning Point USA,≤100
466164103423147,Thorn,Thorn with Facebook Ad Credits,≤100
6820348410,Kirsten Gillibrand,Gillibrand for Senate,≤100
149081336362,AmeriCorps VISTA,Corporation for National and Community Service,≤100
205395906412,UAW International Union,"INTERNATIONAL UNION, UNITED AUTOMOBILE, AEROSPACE AND AGRICULTURAL IMPLEMENT WORKERS OF AM",≤100
169130743498585,Tactical Pro Supply,Chad Keller,≤100
106949844346620,Trumpian Republicans,Gregory Lawrence Burright,≤100
106244467793993,National Senior Solutions,Michael Jon Baker Jr,≤100
16477459734,League of Conservation Voters,"LEAGUE OF CONSERVATION VOTERS, INC",≤100
206677396413254,Abortion On Our Own Terms,Abortion On Our Own Terms,≤100
172758932738142,PhRMA,PHARMACEUTICAL RESEARCH AND MANUFACTURERS OF AMERICA,≤100
6713653788,Gary Peters,PETERS FOR MICHIGAN,≤100
496696933682736,Jeff Merkley,JEFF MERKLEY FOR OREGON,≤100
50982313030,Food & Water Watch,Food & Water Watch,≤100
384557995468219,Viral Casez,Viral Casez,≤100
313097997669,StreetLightUSA,StreetLightUSA,≤100
203550842430,Mike Lee,FRIENDS OF MIKE LEE INC,≤100
103909661260841,Daniel Brownstein,Daniel Brownstein for SC-112,≤100
184731548554164,PL+US,Plus Fund: Paid Leave for the United States,≤100
104628157828854,Max Dorsey for Sheriff,MAX FOR SHERIFF,≤100
35169196082,Project HOPE,"PROJECT HOPE-THE PEOPLE-TO-PEOPLE HEALTH FOUNDATION, INC.",≤100
23790541544,Democrats,DCCC,≤100
237477017606,Club for Growth,Club for Growth,≤100
407664862957433,Ammar Campa-Najjar for Congress,AMMAR CAMPA-NAJJAR FOR CONGRESS,≤100
292351509697,Jerusalem Prayer Team,Jerusalem Prayer Team,≤100
745910525468062,National Center on Sexual Exploitation,National Center on Sexual Exploitation,≤100
5720973755,Defenders of Wildlife,DEFENDERS OF WILDLIFE,≤100
140357056032320,NEA Today,National Education Association,≤100
1690071827911682,Cleancult,cleancult,≤100
1841824626073676,Candace Valenzuela for Congress,CANDACE FOR 24,≤100
38471053686,Elizabeth Warren,"WARREN DEMOCRATS, INC.",≤100
101136147910784,Represent Justice,Represent Justice,≤100
100233228182981,Madison Cawthorn for Congress,CAWTHORN FOR NC,≤100
181924628560212,SumOfUs,SumOfUs,≤100
102592959026,Ocean Conservancy,"OCEAN CONSERVANCY, INC.",≤100
1899825527005398,Tom Fernandez,Thomas Michael Fernandez,≤100
130467958471,Jason Lewis,Jason Lewis for Senate,≤100
109205663852133,Southern Sustainability,Resource Media,≤100
248181906078243,National Institute for Civil Discourse,CommonSense American,≤100
114971076538782,The Keystone,"Courier Newsroom, Inc.",≤100
67626834312,National Women's Law Center,National Women's Law Center,≤100
102540204580217,UpNorthNews,"Courier Newsroom, Inc.",≤100
42872222699,Dana Loesch,Dana Loesch Radio,≤100
612701059241880,Latinos for Trump,TRUMP MAKE AMERICA GREAT AGAIN COMMITTEE,≤100
103801844298982,Team Collins,COLLINS FOR SENATOR,≤100
260754507296508,The Voter Participation Center,Voter Participation Center,≤100
30708742052,FCTRY,FCTRY,≤100
1079789672084038,SimonBooks,Simon & Schuster,≤100
122475637000,Georgia Forestry Association,Georgia Forestry Association,≤100
30914589895,The International Fellowship of Christians and Jews,"INTERNATIONAL FELLOWSHIP OF CHRISTIANS & JEWS, INC.",≤100
111702860231554,Matt Lieberman,Matt Lieberman for Senate,≤100
8473889271,National Parks Conservation Association,National Parks Conservation Association,≤100
53541257714,The Arc of the United States,The Arc with Facebook Ad Credits,≤100
114475890010131,Piggy Dollar Financial,Tyler Wayne Hedland,≤100
92021268117,Working America,Working America,≤100
1234251319933440,Exclusive Apparel,The Dude's Threads,≤100
83290028957,Care Net,CARE NET,≤100
117058854998779,The Gideons International,"GIDEONS INTERNATIONAL, THE",≤100
277414242013,Joyce Elliott for Congress,JOYCE ELLIOTT FOR CONGRESS,≤100
293225127381200,Patriot Depot,The Patriot Depot,≤100
18709174006,National Audubon Society,"NATIONAL AUDUBON SOCIETY, INC.",≤100
601108943431836,The Flip Side,TFS Inc,≤100
8321461609,MomsRising.org,MomsRising Together,≤100
101591551371555,Fire Mitch. Save America.,SAVE AMERICA FUND,≤100
1447994318779650,AirMedCare Network,AIrMedCare Network,≤100
260933440643373,UltraViolet,UltraViolet Action,≤100
15240089946,Costco,Costco Wholesale,≤100
408250066356,Bill O'Reilly,"Bill Me, Inc.",≤100
32975139631,If Americans Knew,If Americans Knew,≤100
102564128179023,Truth to Power,TRUTH TO POWER,≤100
29770886815,Marijuana Policy Project,Marijuana Policy Project,≤100
1055873511190792,Hello Resistance,Hello Resistance Apparel,≤100
176466646087311,DC Fawcett,Donald Chappell Fawcett,≤100
134452023239984,Human Coalition,Human Coalition,≤100
723136714746586,The Common Ground Project,"The Common Ground Project, Inc",≤100
1443127535947107,Save the Children Action Network,Save the Children Action Network,≤100
135298176481584,Marine Corps Scholarship Foundation,Marine Corps Scholarship Foundation,≤100
115757826468774,Statsigo,Statsigo,≤100
72931140459,Center for Biological Diversity,"CENTER FOR BIOLOGICAL DIVERSITY, INC.",≤100
344690446467832,The Copper Courier,"Courier Newsroom, Inc.",≤100
176099072429809,Oceana in Florida,OCEANA,≤100
282861997886,Majority Leader Steny Hoyer,House Majority Leader Steny Hoyer (MD05),≤100
21395843375,Dialysis Patient Citizens,DIALYSIS PATIENT CITIZENS INC,≤100
233033790583602,Myrtle Beach FYI,Awesome News Network,≤100
519590768083165,Abby Finkenauer for Congress,FINKENAUER FOR CONGRESS,≤100
115364585711,Lawyers' Committee for Civil Rights Under Law,Lawyers' Committee for Civil Rights Under the Law with Facebook Ad Credits,≤100
44255328352,Farm Forward,Farm Forward,≤100
105536127617594,The American Digest,The American Digest,≤100
1934191280189700,Health Care Voter,Health Care Voter,≤100
192771954102960,Jordan Sekulow,American Center for Law and Justice,≤100
51379424899,Mercy Ships,MERCY SHIPS INTERNATIONAL,≤100
317326911132,SC Citizens for Life (SCCL),SOUTH CAROLINA CITIZENS FOR LIFE INC,≤100
521924961194913,Bruce Westerman,Westerman for Congress,≤100
100391581727524,Defeat By Tweet,DEFEAT BY TWEET,≤100
717417908274761,Lady Freethinker,Lady Freethinker,≤100
413010578799934,Sue-Ham for County Council,Sulondia Renice Hammond,≤100
8321461609,MomsRising.org,MomsRising Education Fund,≤100
111772843789224,HURD PAC,HAVING UNWAVERING RESOLVE AND DETERMINATION PAC,≤100
104505064408799,Cove USA,"Cove USA, LLC",≤100
11791104453,NRDC,Natural Resources Defense Council,≤100
102756811269921,Fellow Americans,Fellow Americans,≤100
102499901286348,Bold Vision P.C.,Bold Vision PC,≤100
953113491536337,Black to the Future Action Fund,Black to the Future Action Fund,≤100
357554791340788,Liker,Omar Rivero,≤100
167139593306791,ACLU of Michigan,AMERICAN CIVIL LIBERTIES UNION,≤100
655065784538368,PredictIt,"PredictIt - Prediction Markets. A project of Victoria University of Wellington, PredictIt has been established to facilitate research into the way markets forecast events.",≤100
514167322309353,Dan Crenshaw,Dan Crenshaw for Congress,≤100
21834534343,Volunteers of America,"VOLUNTEERS OF AMERICA, INC.",≤100
338758899543225,Alan Wilson,Alan Wilson for Attorney General,≤100
1912943255631432,Renee Hoyos for Congress,HOYOS FOR CONGRESS,≤100
299448340464709,Something to Think About,Something to Think About,≤100
103315464587143,All Access,John Leroy Soderberg,≤100
102745147891580,Trump Coolers,Eric Clifford Juels,≤100
279602905840365,Bipartisan Policy Center Action,BPC Action,≤100
219247332354785,Phil Arballo for Congress,ARBALLO FOR CONGRESS,≤100
143089732792,Marsha Blackburn,Blackburn Tennessee Victory Fund,≤100
979720542211350,Humanize Being Black,Keyshun Quantarious Holmes,≤100
430007997047291,Credible,These ads ran without a disclaimer,≤100
36872302227,Cory Booker,Cory Booker for Senate,≤100
936078336413158,Radiate,"Radiate The World, Inc",≤100
137606354090,South Carolina Republican Party,SOUTH CAROLINA REPUBLICAN PARTY,≤100
1682876188698809,United for Respect,United for Respect,≤100
15041226930,Oxfam,"OXFAM AMERICA, INC.",≤100
61265398450,AmeriCorps NCCC,Corporation for National and Community Service,≤100
166166843531258,National Council of Resistance of Iran - شورای ملی مقاومت ایران,MEK-Iran (Saeid Saadati),≤100
375760676281438,Mermaid Straw,Mermaid Straw,≤100
118670689926309,Debt Relief Secrets,Debt Relief Secrets,≤100
396932197039819,SafeSleeve,"SafeSleeve, LLC",≤100
1483708521773090,Finally Affordable Health & Life Insurance,Roy D Griffin,≤100
169277310432049,"Texas Precision Optics, Inc.",Texas Precision Optics Inc,≤100
105943157686335,Trust Michigan Families,TRUST MICHIGAN FAMILIES,≤100
316887658336677,My Control Card,"NETSPEND HOLDINGS, INC.",≤100
114386721939978,The Made in America Store,Made In America Store,≤100
2165983337048601,LeverforChange,Lever for Change,≤100
174467403129304,Yoopine,Yoopine Inc.,≤100
103185334702225,Stop Trump PAC,STOP 45 PAC,≤100
373814729643508,Let America Vote,Let America Vote PAC and National Democratic Redistricting Committee,≤100
1192579580831773,Supermajority News,Supermajority,≤100
219224241438635,Compassion & Choices,COMPASSION & CHOICES,≤100
1268410219898273,Tango Tango,Tango Tango Inc,≤100
79125112926,Students for Life of America,"STUDENTS FOR LIFE OF AMERICA, INC.",≤100
118502801658228,Young Kim,Young Kim for Congress,≤100
19972147679,SEIU,SEIU,≤100
113676922032321,Larry Elder,Salem Media,≤100
360303722260,Kathleen Williams,KATHLEEN WILLIAMS FOR MONTANA,≤100
100906591716189,Beyond Patriots,Priscilla Bethany Kennedy,≤100
463095630924391,US Business Funding,Credox,≤100
107150077720746,American Collectibles,Proud Patriots,≤100
107953199261156,ifaw,"INTERNATIONAL FUND FOR ANIMAL WELFARE, INC.",≤100
1162286517277297,Canvass America,Canvass America,≤100
780941275347834,Ilhan Omar,ILHAN FOR CONGRESS,≤100
197760674021143,Indivisible Guide,INDIVISIBLE ACTION,≤100
1530883997194411,United States Constitution,Flag and Cross,≤100
15239367801,The Wilderness Society,"WILDERNESS SOCIETY, THE",≤100
6756153498,Mike Bloomberg,Mike Bloomberg,≤100
20876805343,March of Dimes,MARCH OF DIMES INC.,≤100
331037760381749,Sierra Magazine,SIERRA CLUB,≤100
215199482635728,Alek Skarlatos,ALEK FOR OREGON,≤100
775525186130124,Center for a Free Economy,Center for a Free Economy,≤100
157810487611661,Freethink,Freethink,≤100
215830238462422,The LIBRE Initiative,The Libre Initiative,≤100
242679302418244,Denison Forum,Denison Ministries,≤100
58158120046,ACLJ,American Center for Law and Justice,≤100
1338822066131069,Women's March,Women's March,≤100
103315378108004,True Patriot Strength,LE-HUU DONG HUYNH,≤100
1600300510259910,For Our Future Pennsylvania,For Our Future Action Fund,≤100
430964644347524,Campaign Ad-Cloud,Campaign Ad-Cloud,≤100
306082439558656,KRAUSE & KINSMAN LAW FIRM,Krause & Kinsman Law Firm,≤100
107575997700986,Chris Kemper for Newberry SC City Council District 6,Christopher James Kemper,≤100
103235554648484,Elect Scientists,314 ACTION FUND,≤100
169597416843751,Stand Up America,Stand Up America,≤100
143986912311328,University of Vermont Continuing and Distance Education,University of Vermont,≤100
100725321703478,JS Range Gear,These ads ran without a disclaimer,≤100
23180353833,North Carolina Republican Party,North Carolina Republican Party,≤100
157849841559162,JA Moore For SC District 15,JA Moore for SC,≤100
408252582872693,Daniella Levine Cava,"Daniella Levine Cava, Non-Partisan, for Miami-Dade County Mayor",≤100
2600283876672309,Campbell 4 SC Senate District 46,Campbell 4 SC Election Committee,≤100
493811210669780,Creative Action Network,Creative Action Network,≤100
801128873366678,Darlington County Republican Party,Diane Marie Delucia,≤100
142992759853421,Be A Hero,BE A HERO PAC,≤100
303167829786891,Ed Markey,THE MARKEY COMMITTEE,≤100
322044193958,Mike Turner for Congress,Citizens for Turner,≤100
235762319779450,Omar Navarro,OMAR NAVARRO FOR CONGRESS,≤100
455147011996099,The Ann and Phelim Scoop,The Unreported Story Society,≤100
814260155318929,The Fairness Project,The Fairness Project,≤100
17203056985,Partners In Health,Partners In Health,≤100
1545826148838592,Trump 2020,Gregory Lawrence Burright,≤100
112431050497386,Patriotism For Life,Vivian Lam Nguyen,≤100
248306181862385,Live Lokai,Denise L Reina,≤100
10498053716,Media Research Center,MEDIA RESEARCH CENTER,≤100
112735922758892,Charlie Kirk,Charlie Kirk,≤100
711909245654048,National Police Support Fund,National Police Support Fund,≤100
116853658346802,Evangelical Environmental Network,Evangelical Environmental Network,≤100
43287633515,Alliance for Climate Education,Alliance for Climate Education,≤100
2264090133834042,Invite Research,Precision Network,≤100
113725003650771,"Brad Jayne for S.C. House of Representatives, District 114",Brad Jayne for South Carolina,≤100
128958937175029,Trivia Today,Benjamin Aaron Perlman,≤100
580610428636345,Fight for $15,Fight for $15,≤100
55549065733,Voto Latino,VOTO LATINO INC.,≤100
17432811417,Working Families Party,Working Families Party National Independent Expenditure Committee,≤100
682990071843813,Center for the Study of Liberty,Center for the Study of Liberty,≤100
210277954204,The Young Turks,"The Young Turks, Inc.",≤100
106003594486756,Standing Up Together,Annie Wang,≤100
109678580574253,Politicool Clothing Co.,PolitiCoolClothing.com,≤100
13063797831,Ben Ray Luján,PEOPLE FOR BEN,≤100
1852520761657982,4ocean,4ocean,≤100
419992651425033,Guardianes del Pueblo-Consumer Law Group,Consumer Law Group,≤100
122894447754361,Institute for New Economic Thinking,"INSTITUTE FOR NEW ECONOMIC THINKING, THE",≤100
123624513983,The Western Journal,The Western Journal,≤100
383677738397139,Association for Accessible Medicines,Association for Accessible Medicines,≤100
103966331128460,Trump Train 2020 Campaign Tour,The Trump Train,≤100
5887538795,Education Week,Education Week,≤100
1925751504337881,MJ Hegar,MJ FOR TEXAS,≤100
96171427550,Raja for Congress,FRIENDS OF RAJA FOR CONGRESS,≤100
422202764649078,Rhode Island Department of Education - RIDE,Rhode Island Department of Education,≤100
100394524902471,"Steph Smith for Mayor Gaffney, SC",Stephanie Ann Smith,≤100
1438882392887793,ADF Church Alliance,Alliance Defending Freedom,≤100
100357018393041,Together We Stand,Grant Alan Johnston,≤100
350692761610088,Matt Cartwright for U.S. Congress,CARTWRIGHT FOR CONGRESS,≤100
350784278974539,Turning Point Action,Turning Point Action,≤100
129523843754764,Vote Smart,PROJECT VOTE SMART,≤100
104667417857551,United Association LLC,United Association LLC,≤100
334748476594191,Rodney Davis,Rodney for Congress,≤100
253153019746,Eric Greitens,Greitens for Missouri,≤100
175797376373,"WaterFurnace Geothermal Heating, Cooling & Hot Water","WATERFURNACE INTERNATIONAL, INC.",≤100
100301031527443,Emily for SC Senate,Emily for SC Senate,≤100
107210084216238,Humanity Forward,Humanity Forward,≤100
109784800371914,Protect Kids: Fight Flavored E-Cigarettes,TOBACCO-FREE KIDS ACTION FUND,≤100
100401327980848,National Parents Union,National Parents Union,≤100
711694305560818,Conservatives for Clean Energy,Conservatives for Clean Energy,≤100
5943727453,American Humane,American Humane,≤100
551158678560402,Epimonia,Epimonia LLC,≤100
1084856268238034,Trump Talking,Roberto None Lugo,≤100
374848446414965,Pollking,Benjamin Aaron Perlman,≤100
102959799834968,Diane Mitsch Bush for Colorado,DIANE FOR COLORADO CD3,≤100
12683623041,Society for Human Resource Management (SHRM),SOCIETY FOR HUMAN RESOURCE MANAGEMENT,≤100
578944569200702,CJ Westfall,Christopher Lee Westfall,≤100
2012750189007245,Liquid Death Mountain Water,Liquid Death,≤100
856208611420219,Christina Finello,FINELLO FOR CONGRESS,≤100
109962170672116,Coalition for Affordable Dental Access,High View Strategies,≤100
105010030848236,Bryant Cameron Webb,DR. CAMERON WEBB FOR CONGRESS,≤100
296295018082,AARP en Español,AARP,≤100
130882810308851,"The Law Offices of Jason E. Taylor, PC","The Law Offices of Jason E. Taylor, P.C.",≤100
103847861152104,Citadel Preservation Party,Citadel Preservation Party,≤100
15351475322,Cathy McMorris Rodgers,Cathy McMorris Rodgers for Congress,≤100
111237577031486,AquiPor Technologies,William Powers,≤100
7962229886,Environmental Working Group,ENVIRONMENTAL WORKING GROUP,≤100
112783100361044,Jeffrey - Jeff Cila - SC District 66 Candidate,Jeffrey Paul Cila,≤100
291102898490822,Giant Maga Hat,Inventors club LLC,≤100
10150100007820094,Wendy Davis,WENDY DAVIS FOR CONGRESS,≤100
1679521432262834,Physicians Grassroots Network,American Medical Association,≤100
101391906600,Live Action News,Live Action News,≤100
108152933883451,TrumpTrendz,Troy Lorenzo Davis,≤100
24481937944,Theodore Roosevelt Conservation Partnership,"THEODORE ROOSEVELT CONSERVATION PARTNERSHIP, INC",≤100
5633824547,FreedomWorks,"FREEDOMWORKS, INC.",≤100
102315041409283,Horses in our Hands,In our Hands Action Fund,≤100
468906559794011,LaunchGood,LaunchGood Inc.,≤100
117641114435,First Aid Beauty,First Aid Beauty,≤100
673117639774135,Gretchen Whitmer,Gretchen Whitmer for Governor,≤100
350101032570200,Lowcountry Home Rescue,Lowcountry Home Rescue,≤100
1765073800454902,Reform Austin,Reform Austin Inc.,≤100
103097321307266,Conservative Action Alliance of the Carolinas,Conservative Action Alliance of the Carolinas,≤100
112600915451330,No Labels,No Labels,≤100
105060269781,Premiere Collectibles,"Premiere Marketing, Inc.",≤100
109906667085581,Congressman Dan Bishop,"Congressman Dan Bishop, US House of Representatives",≤100
333081284065216,Brynne Kennedy for Congress,BRYNNE KENNEDY FOR CONGRESS,≤100
587676831343390,Raheem AI,RAHEEM AI,≤100
103644036958,United Association,United Association Political Education Committee,≤100
1439364926329185,Animal Matters,Animal Matters,≤100
56332452163,AMA Patients Action Network,American Medical Association,≤100
2336022790003836,Patients + Providers United,Patients and Providers United,≤100
1452551204988299,GoReact,Speakworks Inc,≤100
281884085611820,Tedra Cobb,COMMITTEE TO ELECT TEDRA COBB,≤100
272618896537776,America First Agenda,America First Agenda PAC,≤100
102636677971854,Trump Is The Storm,Legendary Trump Coins,≤100
119779936078342,Gastonia Times,Metric Media LLC,≤100
329284771298646,Issue One Action,Issue One Action,≤100
152264148166020,Moms Clean Air Force,Moms Clean Air Force,≤100
357750373755,National Domestic Workers Alliance,National Domestic Workers Alliance,≤100
111023584012681,Open Road Homeward,Samantha Lyn Weldon,≤100
110010433804232,Falkirk Center,Falkirk Center,≤100
394817334402124,2020 Trump Bill,Innovative Ecomm LLC,≤100
325578590837480,Obamacare,Sixteen Thirty Fund,≤100
317284821682168,Messianic Jewish Alliance of America (MJAA),Messianic Jewish Alliance of America,≤100
108512875350,The Atlas Society,The Atlas Society,≤100
232201568659,Pacific Justice Institute,PACIFIC JUSTICE INSTITUTE,≤100
780606555331010,American Student Loan Advocate,ASLR Marketing,≤100
110468488981853,UNRWA USA,UNRWA USA,≤100
540707072979860,Brian Maryott,MARYOTT FOR CONGRESS,≤100
55549065733,Voto Latino,Voto Latino with Facebook Ad Credits,≤100
83061458456,DC Vote,COALITION FOR D.C. REPRESENTATION EDUCATION FUND,≤100
1658135304460341,MANG,MANG,≤100
721689044860696,OneBlinc,"BLINCLOANS, LLC",≤100
101252258324890,The Con,Abramorama Inc.,≤100
284946111858895,Debbie Mucarsel-Powell,DEBBIE FOR CONGRESS,≤100
826460474101920,BitMari,Sinclair Matthew Skinner,≤100
2133130356918764,Common Justice,COMMON JUSTICE INC,≤100
7292655492,MoveOn,MOVEON.ORG CIVIC ACTION,≤100
443329669123990,USAFacts,USAFacts Institute,≤100
1562713090633117,Operation Underground Railroad,"Operation Underground Railroad, Inc.",≤100
107937014153581,Energized Health,John Jubilee Transformation LLC DBA Energized Health,≤100
100503184678036,BioLargo Water Inc.,"BioLargo, Inc.",≤100
228132537208218,Tammy Duckworth,TAMMY FOR ILLINOIS,≤100
111888183726681,James Hudson Jr. for Darlington County Sheriff,Freddie Engelbert,≤100
309993142375589,Joe Kennedy III,KENNEDY FOR MASSACHUSETTS,≤100
113341064736,American Conservative Union,American Conservative Union,≤100
892673067526965,Project War Path,Project War Path,≤100
101380274600494,Old North News,Metric Media LLC,≤100
103162411257510,Trumplican,USA Movements,≤100
518194348194441,RepresentUs,RepresentUs,≤100
34701792581,EWTN,Eternal Word Television Network,≤100
872842866161157,One Nation Design,One Nation Design,≤100
61288747990,Real Warriors,Real Warriors Campaign,≤100
173470656019870,The Daily Yonder,Great Stories LLC,≤100
657708380952174,Voices of the Civil Rights Movement,Comcast,≤100
111970730196550,World War Zero,AMERICAN SECURITY PROJECT,≤100
661744180680367,National Police Association,"NATIONAL POLICE ASSOCIATION, INC.",≤100
298589940253246,South Carolina Alliance to Fix Our Roads,SC Alliance to Fix Our Roads,≤100
456262374764387,Voters Not Politicians,Voters Not Politicians,≤100
150720154976207,Protect My Public Media,"APTS Action, Inc.",≤100
379373892662119,Healthcare Advisor Group,Healthcare Advisors Group,≤100
7976226799,The Daily Show,Comedy Central,≤100
2070944712939738,American Police Officers Alliance,American Police Officers Alliance,≤100
21492729544,Catholic Relief Services,CATHOLIC RELIEF SERVICES - UNITED STATES CONFERENCE OF CATHOLIC BISHOPS,≤100
186932688457686,CHNGE,CHNGE,≤100
186805048171120,U.S. & Texas LawShield,Texas LawShield,≤100
361960287311696,Better Medicare Alliance,"Better Medicare Alliance, Inc",≤100
109709397469494,Dignity Unbound,Dignity Unbound,≤100
108173075911611,National Association of Letter Carriers,National Association of Letter Carriers,≤100
664200923596900,Sustain,Grove Collaborative,≤100
281835005264380,Eric Swalwell,SWALWELL FOR CONGRESS,≤100
53727956260,Republican Jewish Coalition,Republican Jewish Coalition,≤100
210357995667559,The National Memo,The National Memo,≤100
8934429638,Planned Parenthood Action,Planned Parenthood Votes,≤100
313723095478950,The Daily Citizen,Focus on the Family,≤100
106072877809668,Secure The Ballot,Secure the Ballot,≤100
203330919857759,All On The Line,National Redistricting Action Fund,≤100
109243500822158,The Greater Brand,Benjamin Pendera Ijah,≤100
2318731681689030,Southeast Utility Watch,Energy Media,≤100
11111618026,Union of Concerned Scientists,"UNION OF CONCERNED SCIENTISTS, INC.",≤100
123965317665623,N-Hance Wood Refinishing,N-Hance Inc.,≤100
166738743732702,All Above All Action,All Above All Action Fund,≤100
345946329411380,Petal Soap,Jason Paul Domangue,≤100
2295062210811244,Coalition for American Veterans,COALITION FOR AMERICAN VETERANS POLITICAL ACTION COMMITTEE,≤100
1636216106590985,Josh Hawley,JOSH HAWLEY FOR SENATE,≤100
101642140171339,Ryan Fournier,Ryan Fournier,≤100
194115677277113,A21,A21 with Facebook Ad Credits,≤100
485980975070908,Abigail Spanberger,SPANBERGER FOR CONGRESS,≤100
747436915270894,Congressional Leadership Fund,CONGRESSIONAL LEADERSHIP FUND,≤100
2259323457517498,Abolish the Electoral College,ABOLISH THE ELECTORAL COLLEGE,≤100
90498769709,Edenpure,EdenPURE®,≤100
107665644228467,Conservative Journal Review,Conservative Journal Review LLC,≤100
111163637324238,BA Apparel,Michael Seth Weathers,≤100
178835922297833,American Clinical Laboratory Association,American Clinical Laboratory Association,≤100
412739549455010,Karena Reiter,PrimaDonna Reeds,≤100
328633577711956,Alabama Counts,AL Census 2020,≤100
31966561030,National Taxpayers Union,National Taxpayers Union,≤100
341513602902369,CALL TO ACTIVISM,CALL TO ACTIVISM,≤100
566008736785269,Be Heard Project,Be Heard Project,≤100
1819658374974706,Arena,Arena PAC,≤100
173837496125511,Conscious Step,Conscious Step,≤100
265045056894488,Mark Meckler,Convention of States Action,≤100
80987211775,Bill Cassidy,Bill Cassidy for US Senate,≤100
89324781720,Pat Toomey,Friends of Pat Toomey,≤100
472981489476333,Alan Cohn,COHN FOR CONGRESS 2020,≤100
698400060189827,Dan Sullivan,Alaskans for Sullivan,≤100
614950995377106,Heifer USA,These ads ran without a disclaimer,≤100
420424547981908,In Search of Liberty,Scott Dennis Welch,≤100
7219151423,The Fund for American Studies (TFAS),The Fund for American Studies,≤100
6165653060,AFSCME,AMERICAN FEDERATION OF STATE COUNTY & MUNICIPAL EMPLOYEES,≤100
1986304678248628,Phil Healy For Liberty,Philip Mark Healy,≤100
6334782252,Oceana,OCEANA,≤100
275908853303174,Pro-Israel America,Pro-Israel America United,≤100
103131054573692,Crawfordology,Crawfordology,≤100
135081079769,AFGE,American Federation of Government Employees,≤100
105872574403318,Project TAMMI,a research grant at The National Center on Addiction and Substance Abuse (CASA),≤100
369214063089791,Lummis for Wyoming,LUMMIS FOR WYOMING INC.,≤100
38882699096,Polaris,POLARIS PROJECT,≤100
502320477205654,I’m Bout Making My Ancestors Proud,Heritage Hill LLC,≤100
21647204289,Michigan Education Association,Michigan Education Association,≤100
987698164585861,Citizen Ed,Citizen Education,≤100
830890360316751,Nick Hanauer,Civic Action,≤100
78420171887,Sailors for the Sea,SAILORS FOR THE SEAINC,≤100
1448984361857166,Florida Federation for Children PAC,Florida Federation for Children,≤100
525171637666780,Sandy Piña California Delegate,RCR,≤100
60236215646,LGBTQ Victory Fund,LGBTQ VICTORY FUND,≤100
653079394725698,Aspiration,Aspiration,≤100
1800072483402009,African Community & Conservation Foundation,African Community & Conservation Foundation,≤100
103203971274743,Vairma/Herrera 2021 - Teamster Power Slate,Vairma 2021 Teamster Power Slate,≤100
298271003840760,Bluestem Kansas,Bluestem Foundation,≤100
138141366212571,Gravis Marketing,GRAVIS MARKETING INC.,≤100
104684067632334,Unite the Country,UNITE THE COUNTRY,≤100
1580652728851833,Jim Justice,Committee to Re-Elect Jim Justice,≤100
132249664102747,Penry Gustafson,Penry For State Senate,≤100
300992409852,Hoover Institution,Hoover Institution,≤100
121033149320,American Indian College Fund,"AMERICAN INDIAN COLLEGE FUND, THE",≤100
29008276590,The Salvation Army Greater New York Division,The Salvation Army,≤100
105561217523274,The_Dispatch,"Dispatch Media, Inc.",≤100
47710973068,Cooperative Action Network,National Rural Electric Cooperatives Association,≤100
119451654741594,Javy,James Veard,≤100
107898280953713,Make Every Day Great,Richard Brochetti,≤100
114047206981411,The Anderson Spark,Austin Luke Holadia,≤100
74986601153,Kiss 95.1,Beasley Media Group,≤100
19474609238,Mercatus Center at George Mason University,Mercatus Center at George Mason University,≤100
53541257714,The Arc of the United States,"ARC OF THE UNITED STATES, INC., THE",≤100
100696128366533,Compare-HealthPlans.com,These ads ran without a disclaimer,≤100
83960796709,Institute for Southern Studies,INSTITUTE FOR SOUTHERN STUDIES INC,≤100
200676905671,We Are ALPA,Air Line Pilots Association,≤100
896759427103774,Modern Medicaid Alliance,Modern Medicaid Alliance,≤100
1708467695859543,Veteran Transition Mission,Sonia Ivelisse Barriera Ayala,≤100
26006662641,Arizona Democratic Party,Arizona Democratic Party,≤100
246846192720018,War On Our Future,The Years Project,≤100
102161004838994,Melissa Gould for Judge,Melissa Gould for Judge,≤100
121626482110,Operation Smile,"OPERATION SMILE, INC.",≤100
118245763401,Lonny magazine,These ads ran without a disclaimer,≤100
1947204578916961,Kionne McGhee,"Kionne McGhee, Non-Partisan, for Miami-Dade County Commissioner District 9",≤100
212009062197107,Higher Heights for America,Aprill Olivia Turner,≤100
115364585711,Lawyers' Committee for Civil Rights Under Law,LAWYERS' COMMITTEE FOR CIVIL RIGHTS UNDER LAW,≤100
1402827079932843,Low Income Relief,The Lighthouse Information Network LLC,≤100
102175879855284,Harper Perennial,HARPERCOLLINS PUBLISHERS L.L.C.,≤100
323057528048557,LGBTQ Victory Institute,LGBTQ Victory Institute,≤100
108296990863730,Hero Action Fund,Hero Action Fund,≤100
221401431386940,Pramila Jayapal,PRAMILA FOR CONGRESS,≤100
157307331013957,The History List,The History List,≤100
198875903295,Trek Bicycle,TREK BICYCLE CORPORATION,≤100
7100914121,American Experience | PBS,WGBH EDUCATIONAL FOUNDATION,≤100
50711561090,Muslim Advocates,MUSLIM ADVOCATES,≤100
1654391474785866,Sybrina Fulton,"Sybrina Fulton for Miami-Dade County Commission, District 1, Nonpartisan",≤100
180207826090799,Tiffany D. Cross,HARPERCOLLINS PUBLISHERS L.L.C.,≤100
116987410178,Missouri Partnership,MISSOURI PARTNERSHIP,≤100
84280132559,American Legislative Exchange Council,American Legislative Exchange Council,≤100
1667892193505378,Hold the House,HOLD THE HOUSE PAC,≤100
139062085972,Illinois Family Institute,"ILLINOIS FAMILY INSTITUTE, THE INC",≤100
94047978366,PCCC - BoldProgressives.org,PROGRESSIVE CHANGE CAMPAIGN COMMITTEE,≤100
284785778528496,America's United Militia,These ads ran without a disclaimer,≤100
278487153675,Redneck Nation Clothing,Tracie Milliron Gold,≤100
127216280686110,Ann Wagner,Ann Wagner for Congress,≤100
103376804451432,Trending Politics,Making Web LLC,≤100
1653251174924652,Fuzzu,Fuzzu,≤100
1642386799323957,Angie Craig,ANGIE CRAIG FOR CONGRESS,≤100
410825846009652,Commune,"Commune Media, Inc.",≤100
319982881752525,Kara Eastman,EASTMAN FOR CONGRESS,≤100
1539034282981202,Virtual Strides,Virtual Strides,≤100
1634651343331439,Project Wren,Landon Brand,≤100
108106344055747,Unlock American Investment,The U.S. Chamber of Commerce,≤100
108503659576,National Coalition for Public School Options,National Coalition for Public School Options,≤100
1692312484375663,The Appeal,TIDES ADVOCACY FUND,≤100
531739923640641,Pill Club,These ads ran without a disclaimer,≤100
315151565831,Ascension,Ascension Press,≤100
18017481462,Acton Institute,Acton Institute,≤100
24982445498,ProQuest,PROQUEST LLC,≤100
142432192446984,David Horowitz Freedom Center,David Horowitz Freedom Center,≤100
324119001078997,"Sanford Heisler Sharp, LLP","Sanford Heisler Sharp, LLP",≤100
1668350569891953,Rainbow Movement,William James Ulrich,≤100
111979980165127,Josh Remillard for NC House 117,Remillard for NC House,≤100
1678492922390061,WorkingNation,WorkingNation,≤100
21455818797,Feed the Children,"FEED THE CHILDREN, INC.",≤100
238008626268343,Israel365,Teach for Israel Inc,≤100
199826043375900,Larry Hogan,An America United,≤100
113310617054164,Trump Baseball Bats,Trump Baseball Bats,≤100
222069953089,Kansas Livestock Association,KANSAS AG COMMUNITIES COALITION,≤100
105222917615301,Jen Richardson for Congress,CITIZENS FOR JEN RICHARDSON,≤100
105157841248307,No Filter Politics,No Filter Politics,≤100
260366367717440,Committee to Protect Medicare,Committee to Protect Medicare,≤100
243947752771440,TJ Cox for Congress,TJ COX FOR CONGRESS,≤100
101164484986617,To Be Frank Show,Real News PR,≤100
1640970822834351,Plaine Products,Plaine Products,≤100
113223650193301,MAGA REVOLUTION,Apse Media LLC,≤100
109866370700481,PushBlack Finance,PushBlack,≤100
160513344045084,John Neely Kennedy,"John Kennedy for Us, Inc",≤100
427302110732180,Mike Cernovich,Michael C Cernovich,≤100
79820371749,Ayanna Pressley,THE COMMITTEE TO ELECT AYANNA PRESSLEY,≤100
154510321337994,Chris Pappas for Congress,CHRIS PAPPAS FOR CONGRESS,≤100
162695894106234,Co-ops Vote,National Rural Electric Cooperative Association,≤100
108090464296366,Republican Patriots,I Love My Freedom,≤100
308159713150350,Voter Protection Project,VOTER PROTECTION PROJECT,≤100
83865976093,Truthout,TRUTHOUT,≤100
28446275521,Military Officers Association of America (MOAA),Military Officers Association of America,≤100
160630887998827,Let Them Live,Let Them Live,≤100
103067581133922,Paul Junge,PAUL JUNGE FOR CONGRESS,≤100
17023576156,The Leadership Conference on Civil and Human Rights,The Leadership Conference on Civil and Human Rights,≤100
105410567897348,Adopt an Officer,Adopt America LLC,≤100
1947525322184514,One Fair Wage,One Fair Wage,≤100
102617961152741,Barbara Bollier,BOLLIER FOR KANSAS,≤100
295533050495998,Abogado de Inmigracion Jorge Rivera - Immigration Group LLC,Michael A Castillo,≤100
110849485902,United Way,United Way Worldwide with Facebook Ad Credits,≤100
104170004713256,Elect Black Democrats,THE COLLECTIVE PAC,≤100
102389457864860,Treehuggers Bracelets,ECOMX LLC,≤100
100123544800892,Disme Coin Company,Byron Michael Laughlin,≤100
598720023670599,Jennifer Carroll Foy,Jennifer Carroll Foy for Governor,≤100
106629127527429,Kathy Barnette for Congress PA 04,Kathy Jean Barnette,≤100
1479923688811438,Geothermal,These ads ran without a disclaimer,≤100
808450969246896,"Rebecca Walser, Tax Attorney, CFP",Walser Wealth Management,≤100
112164673854264,Living Patriotically,Living Patriotically,≤100
576705655712575,Jason Williams,Run with Jason,≤100
166087830076297,WebPT,WebPT,≤100
1528498354074301,Punching Bag Media - Conservative News,Sean Michael Probber,≤100
100559204891447,Friends of Dr. James St. George,Friends of James St. George,≤100
130268756992804,Yale Climate Connections,Yale Climate Connections,≤100
113891694102,Energy Citizens,AMERICAN PETROLEUM INSTITUTE,≤100
113553048669158,Rick Scott,TEAM RICK SCOTT,≤100
105283560949571,Trump 2024 Film,2024 LLC,≤100
1945237355733646,Giving Brush,Giving Brush LLC,≤100
102988084816186,Tennesseans for Putting Students First,Tennesseans for Putting Students First,≤100
2338979479650120,Genevieve Collins for Congress,COLLINS FOR TEXAS,≤100
101295517956158,Tricia Zunker for Wisconsin,Tricia Zunker for Wisconsin,≤100
102180301437619,2020 American Defense Fund,C3 PAC,≤100
13885075114,Action Against Hunger USA,ACTION AGAINST HUNGER - USA,≤100
589804548203965,Joe Biden for President 2020 - Unofficial,Bradley John Mancuso,≤100
638492549896672,Liberal Humans,Liberal Humans,≤100
103617578071596,Anti-racism campaign,Anti-Racism Campaign,≤100
399060493533519,The Justice Foundation,JUSTICE FOUNDATION,≤100
102970113093477,Church Militant/St. Michael’s Media,Max Aldcander Douglas,≤100
128716440866482,Adam Milstein,Adam Milstein,≤100
150181591837186,Ted Terry,Ted for Dekalb,≤100
112333396969405,Jim Bognet,Bognet for Congress,≤100
303817256420208,Leslie Rutledge for Arkansas,Leslie Rutledge for Governor,≤100
746838268687634,Tom O'Halleran,TOM O'HALLERAN FOR CONGRESS,≤100
541807025833154,Malala Fund,Malala Fund,≤100
376044452473138,Acronym TV,Dennis Gerard Trainor,≤100
100817908371975,The Patriot Authority,Catherine Sue Mantooth,≤100
8914040942,Chesapeake Bay Foundation,"CHESAPEAKE BAY FOUNDATION, INC., THE",≤100
2030590757228019,Rev. Mark Creech,Mark Creech,≤100
69039563201,Open Doors USA,"OPEN DOORS WITH BROTHER ANDREW, INC.",≤100
7209432197,Chris Coons,CHRIS COONS FOR DELAWARE,≤100
102014711563342,LGBT Pride Connect,These ads ran without a disclaimer,≤100
100729641303493,ICount NM,I Count New Mexico,≤100
108906707265489,USA Pooch,"PRESIDENTIAL POOCH, INC",≤100
73970658023,International Rescue Committee,International Rescue Committee,≤100
708375056271048,The Christendom Curriculum,The Christendom Curriculum,≤100
100644915074416,45thdepot,45th depot,≤100
306591716448427,Cindy Axne,CINDY AXNE FOR CONGRESS,≤100
497081420632330,Dr. Hiral Tipirneni,HIRAL FOR CONGRESS,≤100
104887601170687,McGarry for House 44,Sandra Norwood Mcgarry,≤100
681745912255844,John Cummings for Congress,CUMMINGS FOR CONGRESS,≤100
101174331629641,Ring The Alarm,RingTheAlarm.US,≤100
1397799040234106,OpinionUP,OpinionUP LLC,≤100
111831805841449,BoldTV,Bold TV,≤100
71284685294,Detroit Pistons,Detroit Pistons,≤100
108777231824,Manhattan Institute for Policy Research,MANHATTAN INSTITUTE FOR POLICY RESEARCH INC,≤100
278355662356517,BallotReady,"BallotReady, Inc",≤100
105882964535390,Cats Against Trump,Cats Against Trump,≤100
429651323843750,Verizon Wireless Workers Rising,"COMMUNICATIONS WORKERS OF AMERICA, AFL-CIO, CLC",≤100
148742108560,Generation Joshua,Generation Joshua,≤100
104243792943104,Saybrook University,TCS Education System,≤100
110773130329664,Lulu Seikaly for Congress,LULU FOR TEXAS,≤100
135002490472474,Conor Lamb,CONOR LAMB FOR CONGRESS,≤100
104679177804089,45 Changes Lives,PKA Karate Academy Inc,≤100
101442908124605,Liberty Surveys,Liberty Surveys,≤100
337416009703682,Heather Carter,VOTE HEATHER CARTER SENATE,≤100
710669049286394,Woo the People,Khosro David Illulian,≤100
416913748508616,We Welcome Refugees,We Welcome Refugees,≤100
372799605421,DeSmog,DeSmog,≤100
115973688451232,CitizenNet,CitizenNet,≤100
1553978148244954,Build With Strength,Build With Strength,≤100
138492335404,Scott Walker,"Walker Group, LLC",≤100
327202261326682,Stephanie Bice,Bice for Congress,≤100
167968013767335,Julie Oliver,JULIE OLIVER FOR CONGRESS,≤100
103653994359958,Harvard Forward,The Boarding School,≤100
100309441603297,HSLDA Action,HSLDA Action,≤100
147368882623027,Black Futures Lab,Black Futures Lab,≤100
470241276500901,Women Vote,WOMEN VOTE!,≤100
32802178807,Homes For Our Troops,Homes For Our Troops,≤100
320533948089022,Angie Chen Button for Texas,Angie Chen Button,≤100
141692255929599,Democratic Socialists of America,DEMOCRATIC SOCIALISTS OF AMERICA INC,≤100
165566613453452,ERLC,ETHICS AND RELIGIOUS LIBERTY COMMISSION OF THE SOUTHERN BAPTIST,≤100
8895898655,Rainforest Alliance,"RAINFOREST ALLIANCE, INC.",≤100
128289862750,Liberty in North Korea,Liberty in North Korea,≤100
344346245749372,Shore Trendz,RHW.COM LLC/DBA Shore Trendz,≤100
907437559301353,Rich Lee for Asheville City Council,Rich Lee for Asheville City Council,≤100
279846350948,St. Labre Indian School,St. Labre Indian School,≤100
106868314285372,The Finance Kit,DYS Capital LLC,≤100
546497545399440,ASEC - African Sisters Education Collaborative,African Sisters Education Collaborative (ASEC),≤100
551199354892891,Rep. Sean Patrick Maloney,The Office of Congressman Sean Patrick Maloney,≤100
1399926390134311,Nature's Generator,Huntkey USA Inc,≤100
348526195818556,Scamper Theatre Kids,These ads ran without a disclaimer,≤100
472938276849222,Heroes For Healthcare,"Center for Popular Democracy, INC.",≤100
116907753042353,TOL,Serdar Turan,≤100
101183127996396,Four Is Enough,PACRONYM,≤100
279890513018,Islamic Networks Group - ING,"ISLAMIC NETWORKS, INC.",≤100
101176014673943,Michelle for Kansas,MICHELLE FOR KANSAS,≤100
763491940427547,Roque  "Rocky"  De La Fuente,Rocky 101 LLC,≤100
111506250582498,Keeping Our Homes Safe,Steve San,≤100
101255531630768,Marisol Zenteno for Property Appraiser,Marisol Zenteno for Miami-Dade County Property Appraiser,≤100
117758198297225,Rep. Terri Sewell,Office of U.S. Representative Terri Sewell (AL-07),≤100
109609147465063,Elect Kevin S. Gordon - Cleveland County Commissioner,Kevin Scott Gordon,≤100
421486244558294,Ross Spano,ROSS SPANO FOR CONGRESS,≤100
2477925168899669,The Renew Democracy Initiative,"The Renew Democracy Initiative, Inc",≤100
922580991129339,People's Mojahedin Organization of Iran - MEK IRAN,MEK-Iran (Saeid Saadati),≤100
111499100431,National Association for Gun Rights,NATIONAL ASSOCIATION FOR GUN RIGHTS INC,≤100
102750021183412,Justice U,Altus Solutions Inc,≤100
2025091014264618,The Funeral Leader,MKJ Marketing,≤100
197461723779499,"Vasquez Law Firm, PLLC",William Junior Vasquez,≤100
782093245218764,Qasim Rashid,RASHID FOR VA,≤100
110316697328742,People of Seniors Housing,People of Seniors Housing,≤100
191247007554047,Center of the American Experiment,Center of the American Experiment,≤100
329272720965256,GALvanize USA,GALvanize USA,≤100
7735858972,Humane Society Legislative Fund,Humane Society Legislative Fund,≤100
231354176962252,Social Work Helper,"Social Work Helper, PBC",≤100
44951363957,American Enterprise Institute,AMERICAN ENTERPRISE INSTITUTE FOR PUBLIC POLICY RESEARCH,≤100
1601467416816223,Lehigh Acres Fire Control and Rescue District,Lehigh Acres Fire Control and Rescue Department,≤100
174046949421616,Phenomenal Woman Action Campaign,Phenomenal Woman Action Campaign,≤100
123071612808075,Black Lives Matter,Bryan Daley,≤100
624113997772825,North Dakotans for Comprehensive Energy Solutions,Americans for Comprehensive Energy Solutions,≤100
1316372698453411,Alexandria Ocasio-Cortez,THE SQUAD VICTORY FUND,≤100
111648480319494,800DEMOCRAT,800DEMOCRAT,≤100
358930818155832,Ava Blaze Apparel Co.,Antoinette Kathleen Adkins,≤100
109450437313515,Marcus Brown,"Brown4Senate, Anthony Musto, Treasurer. Approved by Marcus Brown",≤100
680549575421741,UnitedVoice.com,"Beachside Media, Inc.",≤100
482731661826882,Mike Miller,Mike Miller for Orange County Commission,≤100
104881317722736,Get-It-Out,Matthew Justin Viles,≤100
106402714456835,Trees 4 Australia,Trees4Australia,≤100
221631014637468,Look Human,"Print Syndicate, Inc.",≤100
2296497987261921,Amy Pope Wells for Congress,AMY POPE WELLS FOR CONGRESS,≤100
2128382640533831,Arnold4Judge,"Rhiannon Arnold, Non-Partisan, for Circuit Court Judge",≤100
1584050195202316,Barbara Bry for Mayor,Barbara Bry for San Diego Mayor 2020,≤100
158505287559920,Save the Storks,Diane Patricia Ferraro,≤100
7642602143,Mother Jones,FOUNDATION FOR NATIONAL PROGRESS,≤100
105698674239617,Embed News,Embed News,≤100
580598168738615,ILO Insurance and Medicare Helpline,Douglas Morton Ragan,≤100
100345041765318,"1Fam Shirts, Masks and Merch",Benjamin Robert Limbaugh,≤100
294508332028,Lakota People's Law Project,ROMERO INSTITUTE,≤100
102846434825096,Beat Abbott,Beat Abbott PAC,≤100
1205124206245013,Movement for a People's Party,People for a Working Democracy,≤100
111073648957581,Author Jennifer Probst Fan Page,These ads ran without a disclaimer,≤100
109379393894282,Keep Texas Moving,TEXAS ASSOCIATION OF BUSINESS,≤100
579300342209417,Oliver Gilbert,"Oliver Gilbert, Non-Partisan, for Miami-Dade County Commission Dist 1",≤100
207152169356805,Re-Elect Circuit Judge Alan Apte,"Alan Apte, Non-Partisan, for Circuit Court Judge",≤100
1888806214722917,Erie County Anti-Stigma Coalition,Erie County Anti-Stigma Coalition,≤100
723113964421686,Justice for Christian Griggs,Dollie Sturdivant Griggs,≤100
9739634228,The Political Machine,"Hitcents.com, Inc",≤100
101041998305221,The Proud Republicans,Great American Era LLC,≤100
109584730766616,Chris Pratt for Judge,THE COMMITTEE OF RESPONSIBLE PERSONS TO ELECT CHRIS PRATT.,≤100
102985361507040,DIgitalness,These ads ran without a disclaimer,≤100
109958865743777,Bobbleheads.com,Bobbleheads.com LLC,≤100
131306317680000,Social Goods,"Social Goods, LLC",≤100
17801244148,Jill Schupp,SCHUPP FOR CONGRESS,≤100
252778660180,The Leaven,Leaven Program,≤100
54787697857,Ron Wyden,WYDEN FOR SENATE,≤100
618915698127130,Avenue Beat,These ads ran without a disclaimer,≤100
998388033545098,Mike Moran,Mike Moran,≤100
100697751658498,Stronger.org,Christopher Michael Norris,≤100
1621690511405010,Civic Action,Civic Action,≤100
48818254473,Alexander Street,PROQUEST LLC,≤100
866151803475680,Ledgestone Insurance Open,Ledgestone Insurance Open,≤100
193899114458191,James Mackler,JAMES MACKLER FOR US SENATE,≤100
125319303823,Champlain College,Champlain College Incorporated,≤100
248468095247223,Rastaclat,Rastaclat,≤100
1741729849281711,Uber & Lyft Sexual Assault Attorneys,David Jesiah Perez,≤100
97466887664,Innocence Project,"INNOCENCE PROJECT, INC., THE",≤100
107439427661844,Accountable Tech,Accountable Tech,≤100
102027764795677,American Wire,The USA Wire,≤100
112703826851979,POTUS Wear,POTUS Wear,≤100
664770743730817,Dan Feehan for Congress,FRIENDS OF DAN FEEHAN,≤100
1612726335627171,We the Internet TV,We the Internet TV,≤100
94495405939,California Family Council,Jonathan Richard Keller,≤100
101078188352772,Proud Patriots With Credit Cards,Cassandra Annette Holland,≤100
75353945070,Boxed Water Is Better,Boxed Water Is Better,≤100
148106879003706,Bass Fishing Gifts,Susan Leigh Brodnax,≤100
108375014270774,Better Family Life Insurance,Samuel Nunez,≤100
58147509313,Palmetto Goodwill,These ads ran without a disclaimer,≤100
148524135306144,NPR's Code Switch,These ads ran without a disclaimer,≤100
24014374813,Christians United for Israel (CUFI),Christians United for Israel,≤100
1555039491394668,CM Voter Center,CM Voter Center,≤100
104883717942262,Noah Lindemann for CCSD District 5,Noah Sheldon Lindemann,≤100
106333028376,"Nichols Kaster, PLLP",Nichols Kaster PLLP,≤100
137470926951018,"John Mina, Orange County Sheriff","John Mina, Democrat, for Orange County Sheriff",≤100
312657362217994,Women's Heart Alliance,Women's Heart Alliance,≤100
61878332769,ICNA Relief,ICNA RELIEF USA PROGRAMS,≤100
875703902528460,Matt Gurtler,"Friends of Matt Gurtler, Inc.",≤100
117953430328,BraunAbility,"BRAUN CORPORATION, THE",≤100
111151490241542,Pollemix,Pollemix,≤100
1189321434561854,Vote Ranjeev for Rep,Friends of Ranjeev Puri,≤100
59877921429,Lutheran Immigration and Refugee Service,"LUTHERAN IMMIGRATION AND REFUGEE SERVICE, INC.",≤100
25121889784,Texas Public Policy Foundation,Texas Public Policy Foundation,≤100
105331754570572,Presidents Mint,Kevin Ross Santiago,≤100
514167322309353,Dan Crenshaw,Crenshaw For Congress,≤100
9364828262,Citizens Against Government Waste,CITIZENS AGAINST GOVERNMENT WASTE,≤100
1086209354874961,Resilience Force,"NEO PHILANTHROPY, INC.",≤100
1370474066365196,F1RST WARRIOR,First Warrior,≤100
159023914150996,UCOMMBlog,UCOMM Media Group,≤100
1400371370253041,Eagan Immigration,Eagan Immigration,≤100
156994304362574,American Bridge 21st Century,AB PAC,≤100
107150077720746,American Collectibles,Christopher Walter Adams,≤100
100812534647756,EZPolitix,EZPolitix,≤100
111142473921591,Jack Bird Jr for Canton Township Trustee,"Elect Jack Bird, Jr. for Canton Township Trustee",≤100
26668999076,The Cato Institute,"CATO INSTITUTE, INC.",≤100
150322194563,PASA Primates: Pan African Sanctuary Alliance,PAN AFRICAN SANCTUARIES ALLIANCE,≤100
110798880680061,USA Strong,USA Strong,≤100
2476697005733769,Nations' 9th of Av,Nations 9th of Av,≤100
105953890782784,The Factual,The Factual,≤100
700153177010264,Plant Based Products Council,Plant Based Products Council,≤100
135403221037,City Journal,City Journal,≤100
1835838916635491,Transamerica Center for Health Studies,Transamerica Center for Health Studies,≤100
104038541334426,BailoutWatch,Elisabeth Marie Soto,≤100
150188221663035,Oregon Natural Resource Report,Oregon Report LLC,≤100
307943569254319,Florida Rights Restoration Coalition,Florida Rights Restoration Coalition,≤100
291260461373618,News and News,News and News,≤100
110974960642149,Proudly American,Grant Alan Johnston,≤100
455595357859098,Richard DeNapoli,Richard DeNapoli for Broward Republican State Committeeman,≤100
143509339045414,Americans for Peace and Tolerance,"AMERICANS FOR PEACE AND TOLERANCE, INC.",≤100
91223411833,Medical Teams International,Medical Teams International,≤100
1731084720451495,The Younique Foundation,The Younique Foundation,≤100
11911627997,Pancreatic Cancer Action Network,"PANCREATIC CANCER ACTION NETWORK, INC.",≤100
46428009499,The Jewish Agency for Israel,Shiri  Stern,≤100
122150409780,UC San Diego,University of California San Diego,≤100
1000253160054572,Cori Bush,CORI BUSH FOR CONGRESS,≤100
2462191704005828,Rainey Center,The Joseph Rainey Center for Public Policy,≤100
336970949789820,Godspeed2,Godspeed2,≤100
304062610300415,VozWire,Gregson E Mathe,≤100
169440273093442,The Center for Election Science,The Center for Election Science,≤100
615854911830541,Shore Buddies,Malte Niebelschetz,≤100
110274720431086,Phyllis Harvey-Hall for US House District 2,CAMPAIGN TO ELECT PHYLLIS HARVEY-HALL,≤100
101324291624237,Billychoose,These ads ran without a disclaimer,≤100
114864793399013,Nicole Love Hendrickson for Gwinnett Chair,LOVE4GWINNETT,≤100
169204449790211,Conservative News Today,"BizPac Review, Inc.",≤100
119006106155684,PI Energy,Andrew P Chung,≤100
2017884721848472,Bokeki,Kimbereley Iris Goldstein,≤100
290851614930809,Combat AntiSemitism,Combat Anti-Semitism,≤100
114861470241198,Proudly Red,Proudlyred.com,≤100
58709265392,Americans United for Separation of Church and State,AMERICANS UNITED FOR SEPARATION OF CHURCH & STATE,≤100
2068988876444634,Stand Up for Accurate Prenatal Answers,STAND UP FOR ACCURATE PRENATAL ANSWERS INC,≤100
64206021703,National Committee to Preserve Social Security and Medicare,NATIONAL COMMITTE TO PRESERVE SOCIAL SECURITY AND MEDICARE,≤100
1229789977123022,Debbie Lesko for Congress,DEBBIE LESKO FOR CONGRESS,≤100
51405613519,Focus on the Family,Focus on the Family,≤100
1498561767025112,Zephyr Teachout,Macmillan Publishing,≤100
101042758281184,Reading On the Right,Macmillan Publishing,≤100
1425435377743310,Conversations with Bill Kristol,The Foundation for Constitutional Government,≤100
377392172830318,Representative Ross Spano,Office of Representative Ross Spano,≤100
99056648937,NIAC,NIAC Council,≤100
105287044367027,ObsessedwithTrump,Donald Lee Rowan,≤100
77790954801,Salesian Missions,Salesian Missions,≤100
111480020618941,Big Bad Uncle Sam LLC,Collin Christian Johnson,≤100
332051919606,NC Justice Center,NORTH CAROLINA JUSTICE CENTER,≤100
810122486032496,Jackie Gordon,JACKIE GORDON FOR CONGRESS,≤100
523486791061635,Jon Hoadley,JON HOADLEY FOR CONGRESS,≤100
81372493950,POET,POET,≤100
189452770432,Women's Campaign Fund,WOMENS CAMPAIGN FUND INC,≤100
103144548151014,Adrian Perkins,Perkins for LA,≤100
105368190818267,Corky Messner for Senate,MESSNER FOR SENATE,≤100
27478282874,UNITE HERE!,UNITE HERE,≤100
103421501192946,Texas2020,Texas2020.org,≤100
2049170775107862,Resistance By Design,Resistance By Design,≤100
101208514791301,Daniel Turner,Power The Future Inc,≤100
103646064618386,The Judge Show - James Judge,James Patrick Judge Jr.,≤100
1695950424027488,Andy Hallinan,Andrew Lawrence Hallinan,≤100
12503116997,Dennis Prager,Salem Media,≤100
171516669541491,Bright Hope,BRIGHT HOPE INTERNATIONAL,≤100
482100658584410,We Stand For Energy,"EDISON ELECTRIC INSTITUTE, INC.",≤100
195704103779569,Savage Outdoors & The One,Amanda Harris Lee,≤100
747783932079184,Jared Golden for Congress,COMMITTEE TO ELECT JARED GOLDEN,≤100
17023576156,The Leadership Conference on Civil and Human Rights,These ads ran without a disclaimer,≤100
362502607104370,Shop NSJ Collection,These ads ran without a disclaimer,≤100
106203264511020,Washington Changed Katko,DCCC,≤100
110435913782722,Politichell,Politichell,≤100
50576707351,Republican State Leadership Committee,Republican State Leadership Committee,≤100
111447640399004,Facts Over Fear,Melanie Lux Asher,≤100
102139218008846,King Nation Apparel,King Nation Apparel,≤100
101575904595636,Tom Haine for State's Attorney,Friends of Tom Haine,≤100
100274421421778,Mitch4SC118,mitch4sc118,≤100
155443277896065,Dane Eagle,Dane Eagle For Congress,≤100
107569650978840,Sanall,Sanall,≤100
161186620643972,American Institute for Economic Research,AMERICAN INSTITUTE FOR ECONOMIC RESEARCH,≤100
103903914570915,Pro2a,Delta Team Marketing,≤100
1472549903019349,CCAN Action Fund,Chesapeake Climate Action Network Action Fund,≤100
2317264024972785,American Populists,The New American Populist,≤100
116724816782696,Founders Right,Modern Millennial LLC,≤100
1272534336242476,World101,Council on Foreign Relations,≤100
106883907479649,HUPAC - Health Underwriters Political Action Committee,NATIONAL ASSOCIATION OF HEALTH UNDERWRITERS PAC (HUPAC),≤100
249362448960808,Sanderson Farms Corporate,Sanderson Farms Corporate,≤100
2123425971065747,Sora Schools,Indra Putra Sofian,≤100
477131125780900,The War Horse,War Horse News,≤100
40912053758,Ohio Republican Party,Ohio Republican Party,≤100
299295363912730,New Politics Leadership Academy,New Politics Leadership Academy,≤100
519861578414374,Lester Miller for Mayor,Lester Miller for Mayor,≤100
130945114804,World Jewish Congress,WORLD JEWISH CONGRESS AMERICAN SECTION INC,≤100
103557118005382,Live Action Español,Live Action,≤100
102729624670835,MinuteStats,Minute Stats,≤100
413500232549343,National Vet Help,Illingworth Renner Basin Law Group LLP,≤100
286084075135455,Support After Abortion,Support After Abortion,≤100
143173285763,Tenth Amendment Center,Tenth Amendment Center,≤100
86071521216,Second Amendment Foundation,SECOND AMENDMENT FOUNDATION INC,≤100
112725567164084,"Kaelin G. Reed, 11th Circuit Judge","Campaign to Elect Kaelin G. Reed, 11th Circuit Judge",≤100
133913826633461,Grassroot Institute of Hawaii,Grassroot Institute of Hawaii,≤100
869834083131145,Conservative Writers,Conservative Writers,≤100
107037332686173,Michelle Fischbach for Congress,FISCHBACH FOR CONGRESS,≤100
122360425094991,Nasty Woman Cosmetics,Nasty Woman Cosmetics,≤100
341240953385902,Force Of Nature Meats,Force of Nature,≤100
101127364972509,Dems For USA,Dems For USA,≤100
276131699084792,YWAM Los Angeles,YWAM Los Angeles,≤100
180230069923,American Life League,American Life League,≤100
124626320898336,Catholic Extension,"CATHOLIC CHURCH EXTENSION SOCIETY OF THE UNITED STATES OF AMERICA, THE",≤100
112442437191294,National Anti-Racism Teach-In,National Anti-Racism Teach-In,≤100
107248944146204,Carlos Gimenez for Congress,Carlos Gimenez for Congress,≤100
107083381085124,Black Love Campaign,David Gregory Joynes,≤100
16534314739,Facing History and Ourselves,"FACING HISTORY AND OURSELVES NATIONAL FOUNDATION, INC.",≤100
42551620536,Equal Justice Works,EQUAL JUSTICE WORKS,≤100
104126021393319,MAGA Supply,L&N Enterprises,≤100
209046616332309,Xochitl for Congress,Xochitl for New Mexico,≤100
70874333603,CatholicVote,CatholicVote,≤100
751679868274074,Hope for Students,THE EXPECTATIONS PROJECT INC,≤100
112028247235249,Gulf Coast Conservatives Fund,Gulf Coast Conservatives Fund,≤100
2377166239179411,Nancy Goroff for Congress,Goroff for Congress,≤100
108999884127251,McDavid Media,McDavid Media,≤100
398216886929373,Representative Mary Littleton,FRIENDS OF MARY LITTLETON,≤100
188607107843102,Texas Values,TEXAS VALUES,≤100
100184714677097,Election Year Knockout,Exceptionull Games,≤100
1438619973099234,Moore for WV State Treasurer,Moore for West Virginia,≤100
102413723172970,Nick Adams,Nick Adams,≤100
1747132688647028,Democratic Association of Secretaries of State,Democratic Association of Secretaries of State,≤100
1868885156673680,Sarasota citizen Martin Hyde,Martin Hyde for Sarasota City Commission,≤100
110120640713461,Mark Bussman,Mark Bussman,≤100
505653766599222,America First with Dr. Sebastian Gorka,Salem Media,≤100
907919839243616,My Faith Votes,THEN VISION CHARITABLE TRUST,≤100
103851564652,Waterkeeper Alliance,WATERKEEPER ALLIANCE INC,≤100
142370046577999,Shahid Buttar for Congress,Shahid Buttar for Congress Committee,≤100
243510442756370,Justice Democrats,JUSTICE DEMOCRATS PAC,≤100
1156676274461345,Mikie Sherrill,MIKIE SHERRILL FOR CONGRESS,≤100
1709145412721991,The Center for Growth and Opportunity at Utah State University,The Center for Growth and Opportunity,≤100
946887545335976,Association of American Universities,The Association of American Universities (AAU),≤100
109200595768753,The Christian Left,The Christian Left,≤100
764284030332485,Abortion Access Front,Abortion Access Front,≤100
104493631299422,Common Sense Patriots '76,Christopher Michael Eubanks,≤100
201956993160690,MRCTV,MEDIA RESEARCH CENTER,≤100
193675533982095,Ryan Chamberlin,Ryan Chamberlin for Congress,≤100
315430262358287,Protect our Community,Protect our Community,≤100
1869687273277265,Run for Something,Run For Something PAC,≤100
97624620788,American Friends of Magen David Adom,AMERICAN FRIENDS OF MAGEN DAVID ADOM,≤100
109295990419284,Esther For Congress,ESTHER FOR CONGRESS,≤100
114274493350512,Georgia Alliance for Community Hospitals,Georgia Alliance for Community Hospitals,≤100
146736258721743,True The Vote,True the Vote,≤100
102703188127463,Winning Energy,Winning Energy LLC,≤100
227535924071462,Animal Petitions,AnimalPetitions.org,≤100
107780810930681,Citizen Action,"Citizen Action, Inc.",≤100
373980880018659,Congresswoman Abigail Spanberger,the Office of Rep. Spanberger,≤100
114885646899438,Mr. 45th,Clush,≤100
106245384043438,Tims For Congress,FRIENDS OF DESIREE TIMS,≤100
10760692978,World Hope International,World Hope International,≤100
944885865692767,Trumpy Dumpty,Rebel Games LLC,≤100
198296877515470,Switch4Good,Switch4Good,≤100
543066585882629,Libertarian Country,Libertarian Country,≤100
116534199732974,USA Carry Online,USA Carry Online,≤100
206454762888,Nashville Rescue Mission,Nashville Rescue Mission,≤100
113679093412163,Ed Hunzeker,Ed Hunzeker,≤100
2223151871134889,Trump45Merch,Thomas Charles Granack,≤100
399067003454888,Sudan Relief Fund,Sudan Relief Fund Inc,≤100
105804624116745,HKDC - Hong Kong Democracy Council US,"Hong Kong Democracy Council, USA",≤100
107977987456962,Jermaine Johnson For House District 80,Jermaine La France Johnson,≤100
135997359926517,SSDC Services,Jefery James Wenzel,≤100
103877744493195,Briit Botanicals,Briit Botanicals,≤100
309501559175104,Dan Newhouse for Congress,Dan Newhouse for Congress,≤100
102908978166114,Liberty Leadership Fund,Liberty Leadership Fund,≤100
100220094743136,New Millennium Health,New Millennium Health,≤100
104952231285892,Marc Falzon,Marc A Falzon,≤100
123128673694,Pinellas GOP,Republican Party of Pinellas County,≤100
103929304678916,Voter Action Project,Integrity First Voter Action Project,≤100
243362776583569,Air Mail,Air Mail,≤100
28144169620,Alliance for Aging Research,Alliance for Aging Research,≤100
215968684159,AFT - American Federation of Teachers,American Federation of Teachers,≤100
103223249771282,Bill McDaniel,"Bill McDaniel, Republican, for Collier County Commissioner, District 5",≤100
855163737925784,Tom Cox for State Senate,"Tom Cox for Kansas, Mike Rivera Treasurer",≤100
602828763544800,Kate For Congress,KATE FOR CONGRESS,≤100
1789651861157958,Values To Action,Values to Action,≤100
420756238503932,Your American Flag Store,Your American Flag Store,≤100
1691091571125390,Representative Shevrin Jones,"Shevrin Jones, Democrat for Florida Senate, District 35",≤100
403716816314673,Lee Saunders,AMERICAN FEDERATION OF STATE COUNTY & MUNICIPAL EMPLOYEES,≤100
1627212824167934,Men4Choice,Men4Choice,≤100
366351973736242,Red Rock Secured,Red Rock Secured,≤100
113335773562471,President Trump For Re-Election,Great American Era,≤100
114739563265041,Robert "Bob" Abene,Thomas Albert Delegal,≤100
109477730706610,Inside the Mind of a Democratic Voter in 2020,Inside the Mind of a Democratic Voter in 2020,≤100
614134231980299,Veterans Empowered To Protect African Wildlife,VETPAW INC,≤100
67011831040,Canon Press,Canon Press,≤100
201248453800242,My Pay My Say,Mackinac Center for Public Policy,≤100
336470580233523,Pins and Aces Golf Co.,US Craft Brands LLC,≤100
343714718985673,Think Wood,Think Wood,≤100
101485404914361,Bad News Wares,Bad News Wares,≤100
635850443292528,Nasty Woman Coloring,Nasty Woman Coloring,≤100
248422805193353,The California Endowment,The California Endowment,≤100
100543701730020,Against Hate at FSU,Against Hate at FSU,≤100
1413682351987764,Andy Kim for Congress,ANDY KIM FOR CONGRESS,≤100
673339636435416,Seth Clark for Macon-Bibb County Commission,Friends of Seth Clark,≤100
1393911800825140,OZY,OZY Media Inc,≤100
1576236875930301,Global Cyber Alliance,Global Cyber Alliance with ad credits,≤100
1653885501501009,Propeller,Propeller Enterprises,≤100
211049239087028,Association of Young Americans,Benjamin J Brown,≤100
101485931485408,UNITEDemocrats,UNITEDEMOCRATS PAC,≤100
1099779163410386,John Barrasso,Friends of John Barrasso,≤100
133294620046953,Mission India,MISSION INDIA INC,≤100
151757038879920,Alyse Galvin for Congress 2020,ALYSE FOR ALASKA,≤100
192013990902459,Roy Cooper,Cooper For North Carolina,≤100
103934071014071,Fire Drill Fridays,"GREENPEACE, INC.",≤100
802271849850801,Freedom for All Americans,Freedom for All Americans,≤100
785936231584382,Paula Jean Swearengin,Paula Jean for West Virginia,≤100
108797534098691,Keep Gifts Great,Adrian Choi Conger,≤100
262138411622,Faces of Lawsuit Abuse,US Chamber Institute for Legal Reform,≤100
384676381708957,Education NC,Education NC,≤100
105005007820682,NeSmith Political Consulting Firm,Antonious Demetrus Nesmith,≤100
342006339184405,National Children's Alliance,NATIONAL CHILDRENS ALLIANCE INC,≤100
101352851565699,Somos PAC,SOMOS PAC,≤100
175403889150682,FindLaw.com,FindLaw Consumer,≤100
207549645977714,Families Belong Together,Families Belong Together,≤100
95135221781,Federal News Network,Hubbard Radio DC,≤100
1683472645227089,TRUMPWholesaleProducts.com,www.abcSigns.Biz,≤100
102449671140258,Joshua Rydell for State Attorney,"Joshua Rydell, Democrat, for State Attorney",≤100
359780944896828,American Lodestar,Polaris Media Lab LLC,≤100
546707688675095,Smart Approaches to Marijuana,SAM Action,≤100