﻿Page ID,Page Name,Disclaimer,Amount Spent (USD)
153080620724,Donald J. Trump,TRUMP MAKE AMERICA GREAT AGAIN COMMITTEE,8561
780941275347834,Ilhan Omar,ILHAN FOR CONGRESS,4418
191247007554047,Center of the American Experiment,Center of the American Experiment,3987
925007000949719,ExxonMobil,Exxon Mobil Corporation,3754
7860876103,Joe Biden,BIDEN VICTORY FUND,2800
1771156219840594,Team Trump,TRUMP MAKE AMERICA GREAT AGAIN COMMITTEE,2258
165282683518197,Minnesota Department of Health,Minnesota Department of Health,1775
102595498024546,MN vs Trump,Alliance for a Better Minnesota Federal PAC,1577
202626512363,U.S. Census Bureau,U.S. Census Bureau,1404
163303407407167,State of Great MN,Coalition of Minnesota Businesses,1249
309798029121030,Everytown for Gun Safety,Everytown for Gun Safety Action Fund Inc,948
156968474833352,Stop Republicans,Stop Republicans,906
347978955534783,Solcius,Solcius,905
260754507296508,The Voter Participation Center,Voter Participation Center,801
1615018905412860,Progressive Turnout Project,PROGRESSIVE TURNOUT PROJECT,780
132492254050920,American AF,AAF Nation,775
96935476345,Democratic Governors Association (DGA),Democratic Governors Association,593
20787991568,Senate Democrats,DSCC,585
2267285956849056,Donald Trump 2020 Fans,I Love My Freedom,577
1555039491394668,CM Voter Center,CM Voter Center,572
80562389320,NARAL Pro-Choice America,NARAL Pro-Choice America,556
345504286342057,Keeping America Great Again,RightWingGear.com,543
1417093208526654,Action 4 Liberty,Action 4 Liberty,537
2045579538797189,Advance Minnesota,Advance Minnesota Independent Expenditure Committee,524
107037332686173,Michelle Fischbach for Congress,FISCHBACH FOR CONGRESS,500
103654464668995,Home With Our Family,Alexander Chung,455
108824017345866,Facebook,"Facebook, Inc.",442
127755494595870,Progressive Takeover,PROGRESSIVE TAKEOVER,432
168051710543266,Lacy Johnson,Lacy Johnson for Congress,431
277005566267077,Blueland,Blueland,430
187107263923,MFT 59,"Minneapolis Federation of Teachers, Local 59",423
127225910653607,PragerU,PragerU,375
100880874670508,Mason for Minnesota,John Wesley Leonard Mason,373
435917576827538,Minnesotans for Line 3,Minnesotans for Line 3,372
70373038195,FairVote Minnesota,Fairvote Minnesota,371
441381813042465,Boundary Waters Action Fund,Boundary Waters Action Fund,370
40656699159,Washington Examiner,Washington Examiner,362
791543660926838,"I'll go ahead and keep my guns, Thanks",2A4LIFE LLC,362
130467958471,Jason Lewis,Jason Lewis for Senate,360
9324910069,NRSC,NRSC,343
105756057589080,The Lincoln Project,The Lincoln Project,337
664770743730817,Dan Feehan for Congress,FRIENDS OF DAN FEEHAN,328
153080620724,Donald J. Trump,"DONALD J. TRUMP FOR PRESIDENT, INC.",311
49651563727,Live Action,Live Action,305
328853823844484,Balance of Power,Balance of Power,271
8934429638,Planned Parenthood Action,Planned Parenthood Votes,269
665345483483486,NRA - National Rifle Association of America,NATIONAL RIFLE ASSN OF AMERICA,265
1163396097051646,PILMA,Pharmaceutical Industry Labor Management Association,255
2352630938293825,Mytacticalpromos,Entremax,245
165987503528599,Lindsey Graham,"TEAM GRAHAM, INC.",224
102671331487937,I Love My Freedom Store,I Love My Freedom,205
84206511914,MN AFL-CIO,Minnesota AFL-CIO Politcal Fund,204
481559282597914,TrumpersUnite,Respect The Look,202
108794587327155,Good Programs 2020,Trevor Dale Seaks,202
245284549333866,ASMDSS,ASMDSS,200
259212814698356,Democratic Majority for Israel,Democratic Majority for Israel,198
148899492344271,Pete Stauber,PETE STAUBER FOR CONGRESS,193
107858693983382,The GOP Shop,The GOP Shop,193
1556932204325823,ProgressPop,ProgressPop,186
101279451606075,Democratic Strategy Institute,Democratic Strategy Institute,183
107458830915941,Jeff Hayden for State Senate,Jeff Hayden For Senate,182
1316372698453411,Alexandria Ocasio-Cortez,Alexandria Ocasio-Cortez for Congress,177
105577974544303,The USA Needs More Patriots,AmeriPolling,176
18982436812,ACLU,American Civil Liberties Union,174
67945990059,The American Petroleum Institute,The American Petroleum Institute,169
1883837055193241,Shield Republic,Shield Republic,169
602714436529710,End Citizens United,END CITIZENS UNITED,168
372748186440079,Minnesota Senate DFL Campaign,Minnesota Senate DFL Caucus,165
2177005695867568,Minnesota Ag-Energy Alliance,Minnesota AG Energy Alliance,164
107553074295243,Climate Vote MN,Climate Vote MN,164
24330467048,Americans for Prosperity,AMERICANS FOR PROSPERITY,162
96935476345,Democratic Governors Association (DGA),DEMOCRATIC ACTION,159
103935287613121,Noel Collis for Congress,DR. NOEL COLLIS FOR CONGRESS,159
429812024048177,Doug Jones for Senate,DOUG JONES FOR SENATE COMMITTEE,155
1449461518652183,4Patriots,4Patriots LLC,155
107398241021186,The John Lewis Bridge Project,John Lewis Bridge Project,154
717115395103069,PrintedKicks,Printed Kicks,154
8934429638,Planned Parenthood Action,Planned Parenthood Action Fund,153
92925746942,Judicial Watch,Judicial Watch,144
105246547735959,North Star Values,Senate Victory Fund,143
111393882812494,Amy McGrath,"AMY MCGRATH FOR SENATE, INC.",139
102708954496320,Minnesotans for Justice Paul Thissen,Minnesotans for Justice Paul Thissen,138
100137754724934,Trump 2020 Supporters,Proud Right Winger,136
158791100909689,Concerned Veterans for America,Concerned Veterans for America,133
342294162453301,Planned Parenthood,Planned Parenthood Federation of America,132
237158469893,YWCA Minneapolis,YWCA Minneapolis,130
373814729643508,Let America Vote,LET AMERICA VOTE PAC,129
176789922364429,Steve Daines,STEVE DAINES FOR MONTANA,129
33110852384,Doctors Without Borders/ Médecins Sans Frontières (MSF),Doctors Without Borders/Médecins Sans Frontières (MSF),126
104856814505092,The Kids Guide,The Kids Guide,125
114710126648118,Republican Dogs,Republican Dogs,124
109111900634787,Reverend Raphael Warnock,WARNOCK FOR GEORGIA,122
113221460405028,America One Policies,America One Policies,121
213792049451918,Stand For America,Stand For America Inc,118
19972147679,SEIU,SEIU,116
433919203362871,Bird + Stone,BIRD & STONE INC,114
656803827845924,Zack Stephenson For MN House,Stephenson for House,112
355316521236121,John Cornyn,TEXANS FOR SENATOR JOHN CORNYN INC.,112
309308412520731,Sandy Hook Promise,Sandy Hook Promise,108
19972147679,SEIU,SEIU COPE (SERVICE EMPLOYEES INTERNATIONAL UNION COMMITTEE ON POLITICAL EDUCATION),108
830121337093232,National Democratic Training Committee,NATIONAL DEMOCRATIC TRAINING COMMITTEE PAC,108
276967979123378,Dario Anselmo for Hennepin Commissioner,Dario Anselmo for Commissioner,106
167586229923327,World Food Program USA,World Food Program USA,104
598924810530984,Keeping America Great,FamTeeWorld,102
1194865807192273,Conservative Gear,Outergoods LLC,102
100256754899828,Patriot's Cave,Patriots Cave,101
95779211526,Minnesota DFL Party,MINNESOTA DEMOCRATIC-FARMER-LABOR PARTY,≤100
23875187730,Feeding America,Feeding America,≤100
302182941354,AARP Advocates,AARP,≤100
104745474214057,HRA - OTC Birth Control,Corey Francis Mc Govern,≤100
259130650776119,Mitch McConnell,MCCONNELL SENATE COMMITTEE,≤100
737686089933715,Conservative Collections,Mainline Media Group,≤100
130181447841752,The Power of Minnesota,Seiche,≤100
461204744067686,Family Protection Association,Family Protection Association,≤100
278490715553293,Martha McSally,MCSALLY FOR SENATE INC,≤100
38235851310,USA for UNHCR,UNITED STATES ASSOCIATION FOR UNHCR,≤100
25852730092,Care2,Care2 Inc,≤100
530604487365010,Old Glory Flagpole Kits,Service First,≤100
102540204580217,UpNorthNews,"Courier Newsroom, Inc.",≤100
272618896537776,America First Agenda,America First Agenda PAC,≤100
6041057841,The Humane Society of the United States,"HUMANE SOCIETY OF THE UNITED STATES, THE",≤100
18813753280,Human Rights Campaign,"HUMAN RIGHTS CAMPAIGN, INC.",≤100
113091103576321,Cheri Sudit for Hennepin County Commissioner,Sudit for County Commissioner,≤100
1400927463555875,Imperfect Foods,Imperfect Produce,≤100
381914798901031,National Democratic County Officials,National Democratic County Officials - NDCO,≤100
106244251043808,Reuse Plastics,"AMERICAN CHEMISTRY COUNCIL, INC.",≤100
103597604713894,Team Trump Store,TRUMP MAKE AMERICA GREAT AGAIN COMMITTEE,≤100
5435784683,Greenpeace USA,"GREENPEACE, INC.",≤100
17911165812,Covenant House International,Covenant House,≤100
6820348410,Kirsten Gillibrand,Off the Sidelines,≤100
85452072376,Newsmax,Newsmax Media,≤100
2353537341582545,Proud Patriots,Proud Patriots,≤100
228754857151053,House Majority PAC,House Majority PAC,≤100
945005292238581,Minnesotans for a Smoke-Free Generation,ClearWay Minnesota,≤100
359477377917,American Federation for Children,American Federation for Children,≤100
7814597100,Jim Jordan for Congress,JIM JORDAN FOR CONGRESS,≤100
127335473965761,Recycle Cartons,"Carton Council of North America, Inc.",≤100
8047221596,Save the Children US,"SAVE THE CHILDREN FEDERATION, INC.",≤100
126694924050678,Xavier Becerra,Becerra for Attorney General 2022,≤100
977704775606273,Balls Deep Tackle,Balls Deep Tackle,≤100
92021268117,Working America,Working America,≤100
2330577043935831,Sara Gideon,SARA GIDEON FOR MAINE,≤100
111428049989,Cal Cunningham,CAL FOR NC,≤100
109677057145919,Hot Issue,Astonishean Miracle Bundage,≤100
834645469890446,Devin Nunes,DEVIN NUNES CAMPAIGN COMMITTEE,≤100
25055115099,Intuit,INTUIT INC.,≤100
1877050422352181,Julia Coleman for State Senate,Julia for MN,≤100
1061240530648502,Joe Collins,JOE COLLINS FOR CONGRESS,≤100
1836138529938551,Greater Half,Greater Half,≤100
101340647941724,Sara Flick for MN Senate District 25,Sara Flick for Senate Committee,≤100
115617711783870,Center for Union Facts,CENTER FOR UNION FACTS,≤100
410784729505143,Danny Nadeau,Danny Nadeau for Hennepin County Commissioner,≤100
296708523873754,Karla Dennis and Associates Inc.,"Karla Dennis & Associates, Inc",≤100
134597023235240,Rashida Tlaib,RASHIDA TLAIB FOR CONGRESS,≤100
14440196673,Teamsters,INTERNATIONAL BROTHERHOOD OF TEAMSTERS,≤100
57259033959,AARP,AARP,≤100
57921319808,Michelob ULTRA,SocialCode,≤100
109092142462587,Adam Schiff,SCHIFF FOR CONGRESS,≤100
316955281351,APWU - The American Postal Workers Union,AMERICAN POSTAL WORKERS UNION,≤100
114625730266879,Republican Voters Against Trump,Defending Democracy Together,≤100
87777747127,Greg Palast,Palast Investigative Fund,≤100
15687409793,World Wildlife Fund,World Wildlife Fund,≤100
1600352356914768,PushBlack,PushBlack,≤100
596556607135301,The Earthling Co.,The Earthling Co.,≤100
110018833813683,Flip the Senate,SMP,≤100
6231686654,Compassion International,"COMPASSION INTERNATIONAL, INCORPORATED",≤100
332716170522025,America First Action,America First Action,≤100
106114264313679,Hunt The Vote,"Hunter Nation, Inc",≤100
1109093812491437,Blaze Media,Blaze Media LLC,≤100
1025055787535714,A Case for Women,A Case for Women,≤100
555787351119974,Coalition to Protect America's Health Care,Coalition to Protect America's Health Care,≤100
6204742571,Sierra Club,SIERRA CLUB,≤100
105829564471772,Patriots Stand Together,Trizzie Truong,≤100
15188122178,The Hamilton Collection,The Hamilton Collection,≤100
105084617912738,PatriotQuizzes,patriotquizzes.com,≤100
163302087408673,Stop The Donald,Stop the Donald,≤100
112638407053609,Jamal Osman for Ward Six,Osman Volunteer Committee,≤100
8325302025,Friends of the Earth U.S.,Friends of the Earth,≤100
151525932186806,When Democrats Turn Out,WHEN DEMOCRATS TURN OUT PAC,≤100
223055747744143,Beto O'Rourke,Powered By People,≤100
105732744375701,Steve Bullock,MONTANANS FOR BULLOCK,≤100
350316025478383,When We All Vote,When We All Vote,≤100
27311599342,Preemptive Love,Preemptive Love Coalition,≤100
894096170667732,Ashley Hinson,Ashley Hinson For Congress,≤100
46093654473,National Republican Congressional Committee,NRCC,≤100
465483726908192,iVote,IVote Civic Education Fund,≤100
95483488591,Democratic Party of Wisconsin,DEMOCRATIC PARTY OF WISCONSIN,≤100
97493741436,John W. Hickenlooper,HICKENLOOPER FOR COLORADO,≤100
301011143645,Matt Little,Little for Senate,≤100
629732217415068,Republican Party,Greater Half,≤100
103531607822207,Noticias para Inmigrantes,"Wise Rock Media, PBC",≤100
348839551906904,Democracy in Color,POWERPAC DOT ORG,≤100
45393753416,Alliance Defending Freedom,Alliance Defending Freedom,≤100
106645684412573,Cover Air Medical,Cover Air Medical,≤100
23996308754,Senate Conservatives,SENATE CONSERVATIVES FUND,≤100
417522508294454,Job Creators Network,Job Creators Network,≤100
593289284500311,Trump Rack,BOXD Marketing,≤100
195530355493,Chicks On The Right,Chicks on the Right,≤100
2078647579047586,Project Pulso,Project Pulso,≤100
260131294484,Bethesda Lutheran Communities,Bethesda Lutheran Communities,≤100
1055873511190792,Hello Resistance,Hello Resistance Apparel,≤100
1690071827911682,Cleancult,cleancult,≤100
109360297266116,Fearless Patriot,TERESA NONE OHARA-MARSH,≤100
142665849854371,House Freedom,HOUSE FREEDOM FUND,≤100
35169196082,Project HOPE,"PROJECT HOPE-THE PEOPLE-TO-PEOPLE HEALTH FOUNDATION, INC.",≤100
193618220508,LIFE Today,LIFE Outreach International,≤100
113891694102,Energy Citizens,AMERICAN PETROLEUM INSTITUTE,≤100
123838185676931,Quinn Nystrom for Congress,Quinn Nystrom for Congress,≤100
169130743498585,Tactical Pro Supply,Chad Keller,≤100
8501031021,VoteVets.org,VOTEVETS,≤100
108220160978728,Together We Stand Strong,Vivian Lam Nguyen,≤100
305832706292882,American Gun Association,GunAssociation.org,≤100
138522439260,Sierra Club North Star Chapter,Sierra Club,≤100
101183127996396,Four Is Enough,PACRONYM,≤100
102508321443632,Jen McEwen for State Senate,Jen McEwen for Senate,≤100
219224241438635,Compassion & Choices,COMPASSION & CHOICES,≤100
586751814690068,Joni Ernst,Joni for Iowa,≤100
407664862957433,Ammar Campa-Najjar for Congress,AMMAR CAMPA-NAJJAR FOR CONGRESS,≤100
327837911149503,2A4Life,2A4LIFE LLC,≤100
100391581727524,Defeat By Tweet,DEFEAT BY TWEET,≤100
107654924064350,Pat Timmons-Goodson,PATRICIA TIMMONS-GOODSON FOR CONGRESS,≤100
560140464159364,Stand for the 2nd Amendment,SFT2 Tactical Supply,≤100
6236054211,Brady,Brady Campaign to Prevent Gun Violence,≤100
100224054701702,Committee for Stronger Rural Communities,"COMMITTEE FOR STRONGER RURAL COMMUNITIES, INC.",≤100
252375344865979,House Republican Campaign Committee,HRCC,≤100
235302383820181,Laura Wright for Office,Committee To Elect Laura Wright For Office Campaign,≤100
2037695643113766,Blexit,Blexit Foundation,≤100
605168822998856,314 Action,314 ACTION FUND,≤100
7292655492,MoveOn,MOVEON.ORG POLITICAL ACTION,≤100
609926319458332,Rep. Dean Phillips,Representative Dean Phillips,≤100
5720973755,Defenders of Wildlife,DEFENDERS OF WILDLIFE,≤100
108852734196455,Vote Marquita Stephens,Campaign Funds for Marquita Stephens,≤100
90072588167,Education Minnesota,EDUCATION MINNESOTA,≤100
444134662298280,Erik Simonson,Simonson for Senate,≤100
326980967735245,Kelly Moller For Us,Volunteers for Kelly Moller Committee,≤100
106323360959211,Patriots Republic,Matthew James Stine,≤100
118269091671380,The Home T,The Home T,≤100
303167829786891,Ed Markey,THE MARKEY COMMITTEE,≤100
342887442508723,Convention of States,Convention of States Action,≤100
104158171339370,Jeffrey  Lunde for Hennepin County Commissioner,Lunde for Commissioner,≤100
107928350949613,Chris Klavetter for Mayor of Burnsville 2020,CHRIS KLAVETTER FOR MAYOR OF BURNSVILLE MN,≤100
21375324480,The Heritage Foundation,HERITAGE FOUNDATION (THE),≤100
530604487365010,Old Glory Flagpole Kits,Service First Flag Poles,≤100
303061950155375,John James,"JOHN JAMES FOR SENATE, INC.",≤100
30698398385,Problem Gambling Support,RUSSELL HERDER GBC,≤100
1438808983108348,BOLD PAC,CHC BOLD PAC,≤100
192015461630968,Supporting Our Brave Veterans,James Brian Plouf,≤100
260933440643373,UltraViolet,UltraViolet Action,≤100
113474173781579,American Apparel AA,Click Wonders,≤100
8532248414,Wounded Warrior Project,"WOUNDED WARRIOR PROJECT, INC.",≤100
113666459994300,Big Dan Rodimer for Congress,RODIMER FOR CONGRESS,≤100
8550121410,Free Speech America Project,MEDIA RESEARCH CENTER,≤100
104401787851526,Vote Andrew Myers for Minnesota House,Andrew Myers for House,≤100
6333396177,NewsBusters.org,MEDIA RESEARCH CENTER,≤100
788394134539871,USPS Business,United States Postal Service,≤100
72186095846,Center For American Progress Action Fund,Center for American Progress Action Fund,≤100
384557995468219,Viral Casez,Viral Casez,≤100
100560711450721,Evangelicals for Trump,"DONALD J. TRUMP FOR PRESIDENT, INC.",≤100
1526736227567131,TrueCoverage,True Coverage,≤100
87186661244,Johns Hopkins Bloomberg School of Public Health,Johns Hopkins Bloomberg School of Public Health,≤100
101210588150219,Boy Scouts Abuse Claims,X Social Media LLC,≤100
2081864865362439,Mike Espy,MIKE ESPY FOR SENATE CAMPAIGN COMMITTEE,≤100
159964696102,Kevin McCarthy,KEVIN MCCARTHY FOR CONGRESS,≤100
683872625157265,Theresa Greenfield,THERESA GREENFIELD FOR IOWA,≤100
112635417131908,Jackson Healthcare Heroes - SEIU 1991,Jackson Healthcare Heroes - SEIU 1991,≤100
102317147871096,Treat People Like People,Treat People Like People Campaign,≤100
675471506247724,Adair for Congress,ADAIR FOR CONGRESS,≤100
105060677844787,Bill Savings,Bill Savings,≤100
100392005072471,Center for Essential Information,Center for Essential Information; Not authorized by any candidate or candidate’s committee,≤100
106333028376,"Nichols Kaster, PLLP",Nichols Kaster PLLP,≤100
100757504960070,Concealed_Country,Concealed Country,≤100
112035243617159,Mark Halla for Carver County Commissioner-District 5,Mark Donald Halla,≤100
38471053686,Elizabeth Warren,"WARREN DEMOCRATS, INC.",≤100
139599847972,National Nurses United,National Nurses United,≤100
551158678560402,Epimonia,Epimonia LLC,≤100
106224464107240,Jo Jorgensen,Jo Jorgensen for President,≤100
104934207736995,Paycheck to Paycheck,Center for American Progress Action Fund,≤100
6820348410,Kirsten Gillibrand,Gillibrand for Senate,≤100
185753078030,TakeAction Minnesota,TAKE ACTION MINNESOTA,≤100
934438026690635,YouGov,YOUGOV AMERICA INC.,≤100
1642386799323957,Angie Craig,ANGIE CRAIG FOR CONGRESS,≤100
115379705206001,U.S. Department of Homeland Security Blue Campaign,DHS Blue Campaign,≤100
101237551589520,Tactical Patriot,Trizzie Truong,≤100
19342050934,Leadership Institute,LEADERSHIP INSTITUTE INC,≤100
2309566456030859,Human Coalition Action,Human Coalition Action,≤100
152264148166020,Moms Clean Air Force,Moms Clean Air Force,≤100
106094077803532,Our National Family,Patrick Le Tran,≤100
112974563687584,Robert Kiyosaki - The Rich Dad Poor Dad Letter,Long Form Creative Co.,≤100
169710960125365,Curzio Research,Curzio Research Inc.,≤100
108118933908193,Next Level Goods,Next Level Goods LLC,≤100
188814880376,Minnesota 7th Congressional District Republican Party,"Minnesota 7th Congressional District Republicans - Craig Bishop, Chair",≤100
15239367801,The Wilderness Society,"WILDERNESS SOCIETY, THE",≤100
679171239164792,Supermajority,Supermajority,≤100
105455840860559,Eagle Realm,Eagle Realm,≤100
1228396643984955,Michelle Steel,Michelle Steel for Congress,≤100
101459098271864,Vets United,Korie Lynn Padgett,≤100
706716899745696,Women for Trump,TRUMP MAKE AMERICA GREAT AGAIN COMMITTEE,≤100
96171427550,Raja for Congress,FRIENDS OF RAJA FOR CONGRESS,≤100
206677396413254,Abortion On Our Own Terms,Abortion On Our Own Terms,≤100
105433064492153,The Return 2020,The Return International,≤100
107362890683965,Ann Johnson Stewart for Minnesota Senate,Campaign of Ann Johnson Stewart,≤100
16477459734,League of Conservation Voters,"LEAGUE OF CONSERVATION VOTERS, INC",≤100
496696933682736,Jeff Merkley,JEFF MERKLEY FOR OREGON,≤100
8321461609,MomsRising.org,MomsRising Together,≤100
6713653788,Gary Peters,PETERS FOR MICHIGAN,≤100
110987110398146,Make Liberty Win PAC,MAKE LIBERTY WIN,≤100
49059279814,Institute for Justice,INSTITUTE FOR JUSTICE,≤100
100176221392665,Brad Aho for Hennepin Commissioner,Brad Aho Volunteer Committee,≤100
8321461609,MomsRising.org,MomsRising Education Fund,≤100
118303441570966,Home Ownership Matters,NATIONAL ASSOCIATION OF REALTORS,≤100
162704247445711,"Major Dave Hughes, Ret",HUGHES FOR CONGRESS,≤100
100637888239523,Free Reign For All,Kin Ngai Yeung,≤100
30708742052,FCTRY,FCTRY,≤100
1668487009910433,Minnesota Term Limits,U.S. Term Limits Inc.,≤100
102564128179023,Truth to Power,TRUTH TO POWER,≤100
209516845093,NRDC Action Fund,NRDC Action Fund,≤100
101165966152,AFL-CIO,AFL-CIO,≤100
27544763621,Prison Fellowship,Prison Fellowship,≤100
110746996993983,The 'Gander Newsroom,"Courier Newsroom, Inc.",≤100
7263476274,Mercy Corps,Mercy Corps,≤100
103203971274743,Vairma/Herrera 2021 - Teamster Power Slate,Vairma 2021 Teamster Power Slate,≤100
181924628560212,SumOfUs,SumOfUs,≤100
607626319739286,Black Voices for Trump,TRUMP MAKE AMERICA GREAT AGAIN COMMITTEE,≤100
405469100189512,Still My President - Donald Trump,Red State Politics LLC,≤100
1842493599202286,Kevin Anderson for Hennepin County,Anderson For Commissioner,≤100
102875587947942,Keep Trump In Office,Keep Trump In Office,≤100
257019421075897,Cory Gardner,Cory Gardner for Senate,≤100
393895987389937,Morrison County GOP,Morrison County Republicans,≤100
104536112956,"Ramsey County, Minnesota",Ramsey County,≤100
853871734698509,Lindsey Port for MN State Senate District 56,Lindsey Port for MN,≤100
745910525468062,National Center on Sexual Exploitation,National Center on Sexual Exploitation,≤100
746938465317981,Nuclear Matters,Nuclear Matters,≤100
181183059253295,Dorsal Bracelets,Dorsal Bracelets,≤100
1567165533599949,Steve Cwodzinski for MN State Senate District 48,Steve Cwodzinski for State Senate,≤100
107792087574285,Vote Andrew,Andrew John Boche Tjernlund,≤100
124530924015,Hank Gilbert,HANK GILBERT FOR CONGRESS,≤100
1336293769761923,Jon Ossoff,JON OSSOFF FOR SENATE,≤100
21559454473,FAIR,FEDERATION FOR AMERICAN IMMIGRATION REFORM,≤100
601108943431836,The Flip Side,TFS Inc,≤100
223008867858902,American Action News,American Action News,≤100
100798594958887,inseparable,Inseparable Action Inc,≤100
405346683155169,Minnesota House DFL Campaign,DFL House Caucus,≤100
89757739264,Farm Credit,Farm Credit Council,≤100
1451024714911271,Just Ask MN,RUSSELL HERDER GBC,≤100
166618413413767,Jay Sekulow,American Center for Law and Justice,≤100
67626834312,National Women's Law Center,National Women's Law Center,≤100
7833534974,Florida Democratic Party,Florida Democratic Party,≤100
103644036958,United Association,United Association Political Education Committee,≤100
493811210669780,Creative Action Network,Creative Action Network,≤100
18709174006,National Audubon Society,"NATIONAL AUDUBON SOCIETY, INC.",≤100
259212814698356,Democratic Majority for Israel,DMFI PAC,≤100
104051398040027,CCW Online Now_,Concealed Country,≤100
224684514243482,Tom Cotton,"COTTON FOR SENATE, INC.",≤100
249455845761285,Lindsey Must Go,LMG PAC,≤100
277414242013,Joyce Elliott for Congress,JOYCE ELLIOTT FOR CONGRESS,≤100
1764185850558806,Apex Clean Energy,Apex Clean Energy,≤100
1799282383731277,TwoSeventy,Alexander Jared Deutsch,≤100
262187964204063,Representative Jeremy Munson,Munson For House,≤100
1338822066131069,Women's March,Women's March,≤100
122401195146002,Jerome T Evans,Evans for Minnesota,≤100
50982313030,Food & Water Watch,Food & Water Watch,≤100
466164103423147,Thorn,Thorn with Facebook Ad Credits,≤100
313097997669,StreetLightUSA,StreetLightUSA,≤100
101136147910784,Represent Justice,Represent Justice,≤100
109379100777665,Patriotism Isn't Dead,Patriot Polling,≤100
284021001932612,"Rick Gnemi, 3rd District, Steele County Commissioner",Rick Gnemi 3rd District Steele County Commissioner,≤100
971668776283950,PolicyEd,Hoover Institution,≤100
219247332354785,Phil Arballo for Congress,ARBALLO FOR CONGRESS,≤100
592707041080920,Stand Together,Stand Together Chamber of Commerce Inc.,≤100
360303722260,Kathleen Williams,KATHLEEN WILLIAMS FOR MONTANA,≤100
1628679613829742,Josh Hicks,Josh Hicks for Congress,≤100
911828698840246,ReLEntless Defender Apparel,ReLEntless Defender Apparel,≤100
6012633110,Communications Workers of America,"COMMUNICATIONS WORKERS OF AMERICA, AFL-CIO, CLC",≤100
519590768083165,Abby Finkenauer for Congress,FINKENAUER FOR CONGRESS,≤100
2185993931653388,The Recount,"Recount Media, Inc",≤100
36872302227,Cory Booker,Cory Booker for Senate,≤100
110468488981853,UNRWA USA,UNRWA USA,≤100
72931140459,Center for Biological Diversity,"CENTER FOR BIOLOGICAL DIVERSITY, INC.",≤100
994149913968793,Alberder Gillespie for MN,Alberder Renester Gillespie,≤100
107589664099282,Stand Up To China,"Stand Up To China, Inc.",≤100
420785874975425,Conservative Institute,The Conservative Institute,≤100
794490553914304,Dr. Nina Ansary,"Revela Press, LLC",≤100
360424321432255,Doha Debates,Doha Debates,≤100
1389807071117013,Lynn Afendoulis,Lynn Afendoulis for Congress,≤100
293225127381200,Patriot Depot,The Patriot Depot,≤100
102592959026,Ocean Conservancy,"OCEAN CONSERVANCY, INC.",≤100
58736997707,Marco Rubio,Marco Rubio for Senate,≤100
11791104453,NRDC,Natural Resources Defense Council,≤100
103470541119519,Justin Stofferahn for SD38,Justin Stofferahn for Senate,≤100
106501470900951,Doug Mann for Minneapolis MN School Board 2020,Douglas Eric Mann,≤100
23790541544,Democrats,DCCC,≤100
205395906412,UAW International Union,"INTERNATIONAL UNION, UNITED AUTOMOBILE, AEROSPACE AND AGRICULTURAL IMPLEMENT WORKERS OF AM",≤100
103235554648484,Elect Scientists,314 ACTION FUND,≤100
44255328352,Farm Forward,Farm Forward,≤100
105370081104608,Veterans for Trump,TRUMP MAKE AMERICA GREAT AGAIN COMMITTEE,≤100
1945649795733674,Big Daddi Dro,These ads ran without a disclaimer,≤100
100431471461772,Minnesota CD6 Libertarians,Libertarian Party of Minnesota,≤100
203550842430,Mike Lee,FRIENDS OF MIKE LEE INC,≤100
17432811417,Working Families Party,Working Families Party National Independent Expenditure Committee,≤100
308159713150350,Voter Protection Project,VOTER PROTECTION PROJECT,≤100
1917715138510680,Follow Your Legend,Legend Bracelet,≤100
102660954492878,Funk For Senate,Funk for Senate,≤100
6165653060,AFSCME,AMERICAN FEDERATION OF STATE COUNTY & MUNICIPAL EMPLOYEES,≤100
101591551371555,Fire Mitch. Save America.,SAVE AMERICA FUND,≤100
950998258312654,Knowhere,"Knowhere, Inc.",≤100
100507705034102,Regina Mustafa for Olmsted,Mustafa for Olmsted,≤100
265268336865693,Do Amore,Do Amore Limited Company,≤100
129255907131113,NumbersUSA,NUMBERSUSA EDUCATION AND RESEARCH FOUNDATION,≤100
149081336362,AmeriCorps VISTA,Corporation for National and Community Service,≤100
186932688457686,CHNGE,CHNGE,≤100
1841824626073676,Candace Valenzuela for Congress,CANDACE FOR 24,≤100
134452023239984,Human Coalition,Human Coalition,≤100
210277954204,The Young Turks,"The Young Turks, Inc.",≤100
1234251319933440,Exclusive Apparel,The Dude's Threads,≤100
13063797831,Ben Ray Luján,PEOPLE FOR BEN,≤100
69983322463,Ted Cruz,TED CRUZ FOR SENATE,≤100
143729616392084,Van Drew for Congress,Van Drew for Congress,≤100
115757826468774,Statsigo,Statsigo,≤100
612701059241880,Latinos for Trump,TRUMP MAKE AMERICA GREAT AGAIN COMMITTEE,≤100
153678684700451,American Investment Council,AMERICAN INVESTMENT COUNCIL,≤100
2339203789732156,Kim Mangone for Congress,COMMITTEE TO ELECT KIM MANGONE FOR CONGRESS,≤100
102359751533128,Wally Langfellow for Mayor,Wally Langfellow for Mayor,≤100
291102898490822,Giant Maga Hat,Inventors club LLC,≤100
1551109418518461,The Honest Patriot,Amundson Media LLC,≤100
98036307813,John Lesch,John Lesch for State Representative,≤100
184731548554164,PL+US,Plus Fund: Paid Leave for the United States,≤100
151040535104241,Phillip C Parrish for Minnesota,Phillip Parrish,≤100
55549065733,Voto Latino,VOTO LATINO INC.,≤100
7962229886,Environmental Working Group,ENVIRONMENTAL WORKING GROUP,≤100
29770886815,Marijuana Policy Project,Marijuana Policy Project,≤100
655065784538368,PredictIt,"PredictIt - Prediction Markets. A project of Victoria University of Wellington, PredictIt has been established to facilitate research into the way markets forecast events.",≤100
197760674021143,Indivisible Guide,INDIVISIBLE ACTION,≤100
105566671190013,What We All Need,Patrick Le Tran,≤100
936078336413158,Radiate,"Radiate The World, Inc",≤100
109678580574253,Politicool Clothing Co.,PolitiCoolClothing.com,≤100
109289774043709,Joe Macor for County Commissioner,Joe Macor for County Commissioner Volunteer Committee,≤100
237477017606,Club for Growth,Club for Growth,≤100
42872222699,Dana Loesch,Dana Loesch Radio,≤100
176099072429809,Oceana in Florida,OCEANA,≤100
104819864273869,Jeff Jiang For Minnesota Senate,Jeff Jiang for Minnesota Senate Campaign Committee,≤100
468906559794011,LaunchGood,LaunchGood Inc.,≤100
344690446467832,The Copper Courier,"Courier Newsroom, Inc.",≤100
245741028804051,Barbara Sinatra Center,Barbara Sinatra Children's Center,≤100
376776419037747,Turning Point USA,Turning Point USA,≤100
248306181862385,Live Lokai,Denise L Reina,≤100
107210084216238,Humanity Forward,Humanity Forward,≤100
83290028957,Care Net,CARE NET,≤100
1925751504337881,MJ Hegar,MJ FOR TEXAS,≤100
1632133670357384,"Vote Scott D Johnson, Dakota County Commissioner 2020",Vote Scott D. Johnson,≤100
102636677971854,Trump Is The Storm,Legendary Trump Coins,≤100
107150077720746,American Collectibles,Proud Patriots,≤100
104505064408799,Cove USA,"Cove USA, LLC",≤100
55549065733,Voto Latino,Voto Latino with Facebook Ad Credits,≤100
106140571085743,Natalia For Congress,NATALIA LINOS FOR CONGRESS,≤100
15041226930,Oxfam,"OXFAM AMERICA, INC.",≤100
385917001840678,1st Tuesday Conservatives,James Scott Nintzel,≤100
810122486032496,Jackie Gordon,JACKIE GORDON FOR CONGRESS,≤100
357554791340788,Liker,Omar Rivero,≤100
101231248215069,Greg Pulles for MN State Senate,Greg Pulles for Minnesota Senate,≤100
508433235840691,Minnesota Bio-Fuels Association,"The Minnesota Bio-Fuels Association, Inc",≤100
102745147891580,Trump Coolers,Eric Clifford Juels,≤100
207951142571473,National Mutual Benefit,National Mutual Benefit,≤100
249746208558923,"Jorge Prince for Mayor - Dream Big, Bemidji",Committee to Elect Jorge Prince Mayor,≤100
109473413934162,Minnesotans for Clean Cars,Minnesotans for Clean Cars,≤100
308212259827797,Rep. Abby Finkenauer,Rep. Abby Finkenauer,≤100
345378512258813,Elise Stefanik,ELISE FOR CONGRESS,≤100
717417908274761,Lady Freethinker,Lady Freethinker,≤100
32975139631,If Americans Knew,If Americans Knew,≤100
8473889271,National Parks Conservation Association,National Parks Conservation Association,≤100
2390004754407420,Childcare Changemakers,Center for Community Change Action,≤100
304058913005378,Senior and Disabled Concerns,Senior & Disabled Concerns,≤100
396932197039819,SafeSleeve,"SafeSleeve, LLC",≤100
101459098271864,Vets United,Jae W Seo,≤100
315151565831,Ascension,Ascension Press,≤100
113131990450305,Trempealeau County Sheriff’s Dept,These ads ran without a disclaimer,≤100
101300361570120,Jack Frechette for HD11B,Jack Frechette for HD 11B,≤100
2049170775107862,Resistance By Design,Resistance By Design,≤100
106949844346620,Trumpian Republicans,Gregory Lawrence Burright,≤100
51379424899,Mercy Ships,MERCY SHIPS INTERNATIONAL,≤100
107953199261156,ifaw,"INTERNATIONAL FUND FOR ANIMAL WELFARE, INC.",≤100
979720542211350,Humanize Being Black,Keyshun Quantarious Holmes,≤100
50711561090,Muslim Advocates,MUSLIM ADVOCATES,≤100
300052913952,Vida y Sabor Magazine,Alberto Jose Monserrate,≤100
157810487611661,Freethink,Freethink,≤100
100357018393041,Together We Stand,Grant Alan Johnston,≤100
10150100007820094,Wendy Davis,WENDY DAVIS FOR CONGRESS,≤100
248181906078243,National Institute for Civil Discourse,CommonSense American,≤100
106746847726231,Kathleen Harrington,Harrington for City Council Committee,≤100
140357056032320,NEA Today,National Education Association,≤100
172298210154144,Margaret Behrens for Maplewood Mayor,Margaret Ann Behrens,≤100
106756327769815,Stand For The Promise,Stand For The Promise,≤100
167139593306791,ACLU of Michigan,AMERICAN CIVIL LIBERTIES UNION,≤100
24481937944,Theodore Roosevelt Conservation Partnership,"THEODORE ROOSEVELT CONSERVATION PARTNERSHIP, INC",≤100
306082439558656,KRAUSE & KINSMAN LAW FIRM,Krause & Kinsman Law Firm,≤100
655449214928714,Athena Hollins for State House,Athena Hollins for State Representative,≤100
135298176481584,Marine Corps Scholarship Foundation,Marine Corps Scholarship Foundation,≤100
1079789672084038,SimonBooks,Simon & Schuster,≤100
131217580266597,National Council on Aging,"NATIONAL COUNCIL ON AGING, INC.",≤100
1093594090659973,Pam Myhra,Campaign Fund of Pam Myhra,≤100
281884085611820,Tedra Cobb,COMMITTEE TO ELECT TEDRA COBB,≤100
104667417857551,United Association LLC,United Association LLC,≤100
109163774168403,Todd Pisarski - Ward 6,Todd Gregory Pisarski,≤100
514167322309353,Dan Crenshaw,Dan Crenshaw for Congress,≤100
292351509697,Jerusalem Prayer Team,Jerusalem Prayer Team,≤100
673117639774135,Gretchen Whitmer,Gretchen Whitmer for Governor,≤100
138228229539206,Neighborhood HealthSource,Neighborhood HealthSource,≤100
1800072483402009,African Community & Conservation Foundation,African Community & Conservation Foundation,≤100
172758932738142,PhRMA,PHARMACEUTICAL RESEARCH AND MANUFACTURERS OF AMERICA,≤100
359321987422606,dfl51.org,Senate District 51 DFL,≤100
176466646087311,DC Fawcett,Donald Chappell Fawcett,≤100
53541257714,The Arc of the United States,The Arc with Facebook Ad Credits,≤100
217976018236954,OutKick,Outkick Media LLC,≤100
1647443822178141,Siouxland Coalition Against Human Trafficking,Siouxland Coalition Against Human Trafficking,≤100
354603541332563,David Pascoe for Carver County Commissioner,Pascoe for Carver,≤100
21834534343,Volunteers of America,"VOLUNTEERS OF AMERICA, INC.",≤100
443329669123990,USAFacts,USAFacts Institute,≤100
282861997886,Majority Leader Steny Hoyer,House Majority Leader Steny Hoyer (MD05),≤100
159597424207730,David Perdue,PERDUE FOR SENATE,≤100
408250066356,Bill O'Reilly,"Bill Me, Inc.",≤100
331037760381749,Sierra Magazine,SIERRA CLUB,≤100
109046604027117,Marianne Stebbins for MN House 33B,Stebbins for MN 33B,≤100
112608413802809,John P. Fahey for County Commissioner,John Fahey for Carver County,≤100
173837496125511,Conscious Step,Conscious Step,≤100
17203056985,Partners In Health,Partners In Health,≤100
192771954102960,Jordan Sekulow,American Center for Law and Justice,≤100
105157841248307,No Filter Politics,No Filter Politics,≤100
112431050497386,Patriotism For Life,Vivian Lam Nguyen,≤100
106487520883333,Cardinal & Pine,"Courier Newsroom, Inc.",≤100
5887538795,Education Week,Education Week,≤100
751679868274074,Hope for Students,THE EXPECTATIONS PROJECT INC,≤100
108612970747040,Tucker For MN Senate District 56,Tucker For MN Senate Committee,≤100
178835922297833,American Clinical Laboratory Association,American Clinical Laboratory Association,≤100
109212267348401,Doug Malsom for MN House 38A,Doug Malsom for House Comittee,≤100
2012750189007245,Liquid Death Mountain Water,Liquid Death,≤100
104178704279594,Main St. First,Resource Media,≤100
281844617168,Jewish Voice Ministries International,JEWISH VOICE MINISTRIES INTERNATIONAL,≤100
221401431386940,Pramila Jayapal,PRAMILA FOR CONGRESS,≤100
105943157686335,Trust Michigan Families,TRUST MICHIGAN FAMILIES,≤100
101295517956158,Tricia Zunker for Wisconsin,Tricia Zunker for Wisconsin,≤100
419237048158257,Susan Collins,COLLINS FOR SENATOR,≤100
305894606423160,ParentsTogether,ParentsTogether,≤100
106003594486756,Standing Up Together,Annie Wang,≤100
103162411257510,Trumplican,USA Movements,≤100
79125112926,Students for Life of America,"STUDENTS FOR LIFE OF AMERICA, INC.",≤100
105071457884748,Laura Dorle for Columbia Heights City Council,Neighbors for Dorle,≤100
1074038989427313,Talcum Powder Alert,These ads ran without a disclaimer,≤100
1192579580831773,Supermajority News,Supermajority,≤100
814260155318929,The Fairness Project,The Fairness Project,≤100
103801844298982,Team Collins,COLLINS FOR SENATOR,≤100
1043098235895409,Minnesota Billboard Project,MN Billboard Project,≤100
143986912311328,University of Vermont Continuing and Distance Education,University of Vermont,≤100
118670689926309,Debt Relief Secrets,Debt Relief Secrets,≤100
101481584557260,Help Asheville Bears-HAB,Heather Christina Williams,≤100
403716816314673,Lee Saunders,AMERICAN FEDERATION OF STATE COUNTY & MUNICIPAL EMPLOYEES,≤100
101174331629641,Ring The Alarm,RingTheAlarm.US,≤100
356482637745012,Stansberry Research,Stansberry Research,≤100
108620667163768,For Our Future,Resource Media,≤100
521924961194913,Bruce Westerman,Westerman for Congress,≤100
189452770432,Women's Campaign Fund,WOMENS CAMPAIGN FUND INC,≤100
163148530407080,Captain Mark Kelly,MARK KELLY FOR SENATE,≤100
200676905671,We Are ALPA,Air Line Pilots Association,≤100
169277310432049,"Texas Precision Optics, Inc.",Texas Precision Optics Inc,≤100
1530883997194411,United States Constitution,Flag and Cross,≤100
103185334702225,Stop Trump PAC,STOP 45 PAC,≤100
210357995667559,The National Memo,The National Memo,≤100
108173075911611,National Association of Letter Carriers,National Association of Letter Carriers,≤100
105010030848236,Bryant Cameron Webb,DR. CAMERON WEBB FOR CONGRESS,≤100
121033149320,American Indian College Fund,"AMERICAN INDIAN COLLEGE FUND, THE",≤100
1852520761657982,4ocean,4ocean,≤100
15240089946,Costco,Costco Wholesale,≤100
203330919857759,All On The Line,National Redistricting Action Fund,≤100
73970658023,International Rescue Committee,International Rescue Committee,≤100
142992759853421,Be A Hero,BE A HERO PAC,≤100
5943727453,American Humane,American Humane,≤100
100101018155207,Paid Leave for All,Paid Leave for All a project of Hopewell Fund,≤100
751823818285038,Badgers United,Badgers United,≤100
1452551204988299,GoReact,Speakworks Inc,≤100
60236215646,LGBTQ Victory Fund,LGBTQ VICTORY FUND,≤100
101412864930050,Vote for Brooke,Campaign Fund of Brooke Carlson,≤100
430964644347524,Campaign Ad-Cloud,Campaign Ad-Cloud,≤100
260032334350936,Mike Supina for Eagan City Council,Supina4Eagan Committee,≤100
228132537208218,Tammy Duckworth,TAMMY FOR ILLINOIS,≤100
700283120139217,Omar Fateh for MN Senate 62,Omar Fateh Senate Committee,≤100
102617961152741,Barbara Bollier,BOLLIER FOR KANSAS,≤100
2259323457517498,Abolish the Electoral College,ABOLISH THE ELECTORAL COLLEGE,≤100
341513602902369,CALL TO ACTIVISM,CALL TO ACTIVISM,≤100
24318354379,Minnesota Rural Electric Association,Minnesota Rural Electric Association,≤100
5633824547,FreedomWorks,"FREEDOMWORKS, INC.",≤100
103966331128460,Trump Train 2020 Campaign Tour,The Trump Train,≤100
375760676281438,Mermaid Straw,Mermaid Straw,≤100
394817334402124,2020 Trump Bill,Innovative Ecomm LLC,≤100
108152933883451,TrumpTrendz,Troy Lorenzo Davis,≤100
34701792581,EWTN,Eternal Word Television Network,≤100
12683623041,Society for Human Resource Management (SHRM),SOCIETY FOR HUMAN RESOURCE MANAGEMENT,≤100
108771900698904,Bjorn Olson For MN House 23A,Bjorn Olson For MN House,≤100
2255846891314996,Corn Refiners Association,"corn refiners association, inc",≤100
115364585711,Lawyers' Committee for Civil Rights Under Law,Lawyers' Committee for Civil Rights Under the Law with Facebook Ad Credits,≤100
323057528048557,LGBTQ Victory Institute,LGBTQ Victory Institute,≤100
22978725268,Lutheran Social Service of MN,LUTHERAN SOCIAL SERVICE OF MINNESOTA,≤100
106954147689215,Just the Truth,JUST THE TRUTH POLITICAL ACTION COMMITTEE,≤100
166166843531258,National Council of Resistance of Iran - شورای ملی مقاومت ایران,MEK-Iran (Saeid Saadati),≤100
108296990863730,Hero Action Fund,Hero Action Fund,≤100
253791814655400,Doug Collins,"COLLINS FOR SENATE, INC.",≤100
11111618026,Union of Concerned Scientists,"UNION OF CONCERNED SCIENTISTS, INC.",≤100
1934191280189700,Health Care Voter,Health Care Voter,≤100
105060269781,Premiere Collectibles,"Premiere Marketing, Inc.",≤100
1028415420611423,Vangie Castro,Vangie Castro for City Council President,≤100
614950995377106,Heifer USA,These ads ran without a disclaimer,≤100
357750373755,National Domestic Workers Alliance,National Domestic Workers Alliance,≤100
410825846009652,Commune,"Commune Media, Inc.",≤100
317284821682168,Messianic Jewish Alliance of America (MJAA),Messianic Jewish Alliance of America,≤100
105536127617594,The American Digest,The American Digest,≤100
21492729544,Catholic Relief Services,CATHOLIC RELIEF SERVICES - UNITED STATES CONFERENCE OF CATHOLIC BISHOPS,≤100
953113491536337,Black to the Future Action Fund,Black to the Future Action Fund,≤100
253153019746,Eric Greitens,Greitens for Missouri,≤100
682990071843813,Center for the Study of Liberty,Center for the Study of Liberty,≤100
114971076538782,The Keystone,"Courier Newsroom, Inc.",≤100
319982881752525,Kara Eastman,EASTMAN FOR CONGRESS,≤100
430007997047291,Credible,These ads ran without a disclaimer,≤100
419992651425033,Guardianes del Pueblo-Consumer Law Group,Consumer Law Group,≤100
2288988181424325,Ashley Grimm for St. Louis County Commissioner,Ashley Grimm for Duluth,≤100
1370474066365196,F1RST WARRIOR,First Warrior,≤100
102797464600754,Jessi Ebben,EBBEN FOR WISCONSIN,≤100
166738743732702,All Above All Action,All Above All Action Fund,≤100
664200923596900,Sustain,Grove Collaborative,≤100
112524810484749,Wale Elegbede for Olmsted County Commissioner - District 7,Wale for Olmsted County Commissioner - District 7,≤100
350784278974539,Turning Point Action,Turning Point Action,≤100
278487153675,Redneck Nation Clothing,Tracie Milliron Gold,≤100
298392467583192,Jaime Thibodeaux for Bemidji City Council,Jaime Melissa Thibodeaux,≤100
215199482635728,Alek Skarlatos,ALEK FOR OREGON,≤100
30914589895,The International Fellowship of Christians and Jews,"INTERNATIONAL FELLOWSHIP OF CHRISTIANS & JEWS, INC.",≤100
383677738397139,Association for Accessible Medicines,Association for Accessible Medicines,≤100
105230234351419,Jason Ruffalo For Minnesota House District 35B,Jason Ruffalo for Minnesota,≤100
531608553646121,Know the Dangers,RUSSELL HERDER GBC,≤100
1377548715715913,Youmattertomatt,YOU Matter Campaign (aka: Brooklyn's Dad for Office),≤100
114885646899438,Mr. 45th,Clush,≤100
129523843754764,Vote Smart,PROJECT VOTE SMART,≤100
101690998009007,Improving Life Through Health,Nicolette Dalan,≤100
108086200924708,Travis Henderson For Dayton City Council,Travis Tieraney Henderson,≤100
775525186130124,Center for a Free Economy,Center for a Free Economy,≤100
111702860231554,Matt Lieberman,Matt Lieberman for Senate,≤100
613463062021927,Rob Farnsworth for State Representative,Rob Farnsworth for State Representative,≤100
102659421320465,Michael Sukalski for MN House 23A,Campaign Fund of Michael J Sukalski,≤100
257506964275959,Tabke for MN,Tabke for MN,≤100
1439364926329185,Animal Matters,Animal Matters,≤100
896759427103774,Modern Medicaid Alliance,Modern Medicaid Alliance,≤100
175797376373,"WaterFurnace Geothermal Heating, Cooling & Hot Water","WATERFURNACE INTERNATIONAL, INC.",≤100
261368940668905,Lake Pepin Legacy Alliance,LAKE PEPIN LEGACY ALLIANCE,≤100
1443127535947107,Save the Children Action Network,Save the Children Action Network,≤100
412739549455010,Karena Reiter,PrimaDonna Reeds,≤100
10498053716,Media Research Center,MEDIA RESEARCH CENTER,≤100
20876805343,March of Dimes,MARCH OF DIMES INC.,≤100
31966561030,National Taxpayers Union,National Taxpayers Union,≤100
7976226799,The Daily Show,Comedy Central,≤100
135081079769,AFGE,American Federation of Government Employees,≤100
102174711552471,Dan McGrath,Campaign Committee of Dan McGrath,≤100
112735922758892,Charlie Kirk,Charlie Kirk,≤100
117641114435,First Aid Beauty,First Aid Beauty,≤100
114386721939978,The Made in America Store,Made In America Store,≤100
243510442756370,Justice Democrats,JUSTICE DEMOCRATS PAC,≤100
110769717201389,Justin Eichorn for Senate,Eichorn for MN Senate Campaign Committee,≤100
58158120046,ACLJ,American Center for Law and Justice,≤100
113676922032321,Larry Elder,Salem Media,≤100
104504438466,Federal Voting Assistance Program - FVAP,Federal Voting Assistance Program,≤100
61265398450,AmeriCorps NCCC,Corporation for National and Community Service,≤100
872842866161157,One Nation Design,One Nation Design,≤100
361960287311696,Better Medicare Alliance,"Better Medicare Alliance, Inc",≤100
580610428636345,Fight for $15,Fight for $15,≤100
143089732792,Marsha Blackburn,Blackburn Tennessee Victory Fund,≤100
169597416843751,Stand Up America,Stand Up America,≤100
868405419972384,The Outrage,The Outrage,≤100
106097001137943,John K Murphy,John Kennedy Murphy,≤100
110251563863051,Mark Willems for Carver County Commissioner,Mark Willems for Carver County Commissioner,≤100
118502801658228,Young Kim,Young Kim for Congress,≤100
463095630924391,US Business Funding,Credox,≤100
100380798025659,Kaehler for MN Senate,Kaehler for MN Senate,≤100
587676831343390,Raheem AI,RAHEEM AI,≤100
1084856268238034,Trump Talking,Roberto None Lugo,≤100
1204754733024419,People's Power Grab,ACRONYM,≤100
104170004713256,Elect Black Democrats,THE COLLECTIVE PAC,≤100
100725321703478,JS Range Gear,These ads ran without a disclaimer,≤100
1692312484375663,The Appeal,TIDES ADVOCACY FUND,≤100
174467403129304,Yoopine,Yoopine Inc.,≤100
141692255929599,Democratic Socialists of America,DEMOCRATIC SOCIALISTS OF AMERICA INC,≤100
112600915451330,No Labels,No Labels,≤100
61878332769,ICNA Relief,ICNA RELIEF USA PROGRAMS,≤100
1447994318779650,AirMedCare Network,AIrMedCare Network,≤100
1709145412721991,The Center for Growth and Opportunity at Utah State University,The Center for Growth and Opportunity,≤100
780606555331010,American Student Loan Advocate,ASLR Marketing,≤100
151398941597414,Maguire for House,Maguire for House,≤100
7219151423,The Fund for American Studies (TFAS),The Fund for American Studies,≤100
142432192446984,David Horowitz Freedom Center,David Horowitz Freedom Center,≤100
1634651343331439,Project Wren,Landon Brand,≤100
1600300510259910,For Our Future Pennsylvania,For Our Future Action Fund,≤100
296295018082,AARP en Español,AARP,≤100
103315378108004,True Patriot Strength,LE-HUU DONG HUYNH,≤100
7100914121,American Experience | PBS,WGBH EDUCATIONAL FOUNDATION,≤100
2264090133834042,Invite Research,Precision Network,≤100
130945114804,World Jewish Congress,WORLD JEWISH CONGRESS AMERICAN SECTION INC,≤100
13885075114,Action Against Hunger USA,ACTION AGAINST HUNGER - USA,≤100
109243500822158,The Greater Brand,Benjamin Pendera Ijah,≤100
111772843789224,HURD PAC,HAVING UNWAVERING RESOLVE AND DETERMINATION PAC,≤100
123624513983,The Western Journal,The Western Journal,≤100
830890360316751,Nick Hanauer,Civic Action,≤100
83865976093,Truthout,TRUTHOUT,≤100
1000253160054572,Cori Bush,CORI BUSH FOR CONGRESS,≤100
173470656019870,The Daily Yonder,Great Stories LLC,≤100
329272720965256,GALvanize USA,GALvanize USA,≤100
420424547981908,In Search of Liberty,Scott Dennis Welch,≤100
109765724056537,Sean for Richfield City Council,Sean for Richfield,≤100
7735858972,Humane Society Legislative Fund,Humane Society Legislative Fund,≤100
856208611420219,Christina Finello,FINELLO FOR CONGRESS,≤100
2014519985445047,Clean Jobs Midwest,Resource Media,≤100
102756811269921,Fellow Americans,Fellow Americans,≤100
1789651861157958,Values To Action,Values to Action,≤100
100644915074416,45thdepot,45th depot,≤100
122177631810218,Benjamin J. Carollo,Carollo for MN 13B,≤100
108512875350,The Atlas Society,The Atlas Society,≤100
2165983337048601,LeverforChange,Lever for Change,≤100
1653885501501009,Propeller,Propeller Enterprises,≤100
94047978366,PCCC - BoldProgressives.org,PROGRESSIVE CHANGE CAMPAIGN COMMITTEE,≤100
309993142375589,Joe Kennedy III,KENNEDY FOR MASSACHUSETTS,≤100
111163637324238,BA Apparel,Michael Seth Weathers,≤100
1640970822834351,Plaine Products,Plaine Products,≤100
456262374764387,Voters Not Politicians,Voters Not Politicians,≤100
1653251174924652,Fuzzu,Fuzzu,≤100
1945237355733646,Giving Brush,Giving Brush LLC,≤100
221631014637468,Look Human,"Print Syndicate, Inc.",≤100
142370046577999,Shahid Buttar for Congress,Shahid Buttar for Congress Committee,≤100
450110328488873,Sportsmen for the Boundary Waters,Sportsmen for the Boundary Waters,≤100
155443277896065,Dane Eagle,Dane Eagle For Congress,≤100
111023584012681,Open Road Homeward,Samantha Lyn Weldon,≤100
123480204954218,Representative Jay Xiong,Jay Xiong for House,≤100
346937065399354,Occupy Democrats,Omar Rivero,≤100
101485404914361,Bad News Wares,Bad News Wares,≤100
21395843375,Dialysis Patient Citizens,DIALYSIS PATIENT CITIZENS INC,≤100
281835005264380,Eric Swalwell,SWALWELL FOR CONGRESS,≤100
127216280686110,Ann Wagner,Ann Wagner for Congress,≤100
275908853303174,Pro-Israel America,Pro-Israel America United,≤100
520951651666979,Christopher Smith,Christopher Smith for City Council,≤100
111237577031486,AquiPor Technologies,William Powers,≤100
235762319779450,Omar Navarro,OMAR NAVARRO FOR CONGRESS,≤100
59877921429,Lutheran Immigration and Refugee Service,"LUTHERAN IMMIGRATION AND REFUGEE SERVICE, INC.",≤100
109962170672116,Coalition for Affordable Dental Access,High View Strategies,≤100
111480020618941,Big Bad Uncle Sam LLC,Collin Christian Johnson,≤100
1438882392887793,ADF Church Alliance,Alliance Defending Freedom,≤100
711909245654048,National Police Support Fund,National Police Support Fund,≤100
7209432197,Chris Coons,CHRIS COONS FOR DELAWARE,≤100
106402714456835,Trees 4 Australia,Trees4Australia,≤100
628891490457484,Nancy Mace,Nancy Mace for Congress,≤100
427302110732180,Mike Cernovich,Michael C Cernovich,≤100
38882699096,Polaris,POLARIS PROJECT,≤100
265045056894488,Mark Meckler,Convention of States Action,≤100
259836344140845,Isanti County Public Health,Isanti County Public Health,≤100
151757038879920,Alyse Galvin for Congress 2020,ALYSE FOR ALASKA,≤100
15351475322,Cathy McMorris Rodgers,Cathy McMorris Rodgers for Congress,≤100
211049239087028,Association of Young Americans,Benjamin J Brown,≤100
148524135306144,NPR's Code Switch,These ads ran without a disclaimer,≤100
325578590837480,Obamacare,Sixteen Thirty Fund,≤100
121626482110,Operation Smile,"OPERATION SMILE, INC.",≤100
243399129090445,Christina Hale,HOOSIERS FOR HALE,≤100
100233228182981,Madison Cawthorn for Congress,CAWTHORN FOR NC,≤100
1819658374974706,Arena,Arena PAC,≤100
74697123892,SEIU MN State Council,SEIU MN State Council,≤100
101252258324890,The Con,Abramorama Inc.,≤100
29008276590,The Salvation Army Greater New York Division,The Salvation Army,≤100
100906591716189,Beyond Patriots,Priscilla Bethany Kennedy,≤100
101403571593709,Lucia Vogel for Senator District 41,Ronald Ray Vogel,≤100
892673067526965,Project War Path,Project War Path,≤100
16534314739,Facing History and Ourselves,"FACING HISTORY AND OURSELVES NATIONAL FOUNDATION, INC.",≤100
44340057816,Uncommon Goods,UncommonGoods,≤100
102499901286348,Bold Vision P.C.,Bold Vision PC,≤100
1765073800454902,Reform Austin,Reform Austin Inc.,≤100
211162656325403,Christian Eriksen for Brooklyn Park City Council,Eriksen for Brooklyn Park Council Committee,≤100
1545826148838592,Trump 2020,Gregory Lawrence Burright,≤100
329892087389909,Deuel Harvest Wind Farm,Invenergy,≤100
186805048171120,U.S. & Texas LawShield,Texas LawShield,≤100
1658135304460341,MANG,MANG,≤100
374848446414965,Pollking,Benjamin Aaron Perlman,≤100
598720023670599,Jennifer Carroll Foy,Jennifer Carroll Foy for Governor,≤100
1695950424027488,Andy Hallinan,Andrew Lawrence Hallinan,≤100
114475890010131,Piggy Dollar Financial,Tyler Wayne Hedland,≤100
316887658336677,My Control Card,"NETSPEND HOLDINGS, INC.",≤100
102561788055862,Adam Fortwengler for ND District 42 House,Adam Joseph Fortwengler,≤100
117058854998779,The Gideons International,"GIDEONS INTERNATIONAL, THE",≤100
334748476594191,Rodney Davis,Rodney for Congress,≤100
592347634460462,Partnership for America's Health Care Future,Partnership for America's Health Care Future,≤100
1268410219898273,Tango Tango,Tango Tango Inc,≤100
104881317722736,Get-It-Out,Matthew Justin Viles,≤100
987698164585861,Citizen Ed,Citizen Education,≤100
1562713090633117,Operation Underground Railroad,"Operation Underground Railroad, Inc.",≤100
1679521432262834,Physicians Grassroots Network,American Medical Association,≤100
111678386904202,Sarah Yacoub for Assembly,Friends of Sarah for Assembly,≤100
101352851565699,Somos PAC,SOMOS PAC,≤100
194115677277113,A21,A21 with Facebook Ad Credits,≤100
369214063089791,Lummis for Wyoming,LUMMIS FOR WYOMING INC.,≤100
1993714917617167,Right Now MN,Right Now MN,≤100
102014711563342,LGBT Pride Connect,These ads ran without a disclaimer,≤100
284785778528496,America's United Militia,These ads ran without a disclaimer,≤100
7292655492,MoveOn,MOVEON.ORG CIVIC ACTION,≤100
100429930002079,ARRM,ARRM,≤100
90498769709,Edenpure,EdenPURE®,≤100
1393911800825140,OZY,OZY Media Inc,≤100
317667194946264,Ro Khanna,RO FOR CONGRESS INC,≤100
107937014153581,Energized Health,John Jubilee Transformation LLC DBA Energized Health,≤100
345946329411380,Petal Soap,Jason Paul Domangue,≤100
111970730196550,World War Zero,AMERICAN SECURITY PROJECT,≤100
112720455433984,Shakopee Chamber & Visitors Bureau,Shakopee Chamber and Visitors Bureau,≤100
122894447754361,Institute for New Economic Thinking,"INSTITUTE FOR NEW ECONOMIC THINKING, THE",≤100
251044965436699,Changing Dynamics,Riley Thomas Sutton,≤100
518194348194441,RepresentUs,RepresentUs,≤100
661744180680367,National Police Association,"NATIONAL POLICE ASSOCIATION, INC.",≤100
422202764649078,Rhode Island Department of Education - RIDE,Rhode Island Department of Education,≤100
198875903295,Trek Bicycle,TREK BICYCLE CORPORATION,≤100
588760197905663,Advanced Tactical Solutions LLC,Bradley Roger Johnson,≤100
541807025833154,Malala Fund,Malala Fund,≤100
175403889150682,FindLaw.com,FindLaw Consumer,≤100
105222917615301,Jen Richardson for Congress,CITIZENS FOR JEN RICHARDSON,≤100
107277781003486,Bobbie Osterberg 2020,Roberta Kay Osterberg,≤100
192448150001,Jeff Anderson & Associates,Jeffrey R Anderson PA,≤100
785936231584382,Paula Jean Swearengin,Paula Jean for West Virginia,≤100
260366367717440,Committee to Protect Medicare,Committee to Protect Medicare,≤100
128958937175029,Trivia Today,Benjamin Aaron Perlman,≤100
113310617054164,Trump Baseball Bats,Trump Baseball Bats,≤100
1627212824167934,Men4Choice,Men4Choice,≤100
712468048906125,Miller for Senate,Friends For Miller,≤100
106245384043438,Tims For Congress,FRIENDS OF DESIREE TIMS,≤100
174046949421616,Phenomenal Woman Action Campaign,Phenomenal Woman Action Campaign,≤100
102970113093477,Church Militant/St. Michael’s Media,Max Aldcander Douglas,≤100
102278041370966,Julie Buria For MN House,"The Julie Buria Campaign PO Box 54, Mountain Iron, Minnesota 55768",≤100
416913748508616,We Welcome Refugees,We Welcome Refugees,≤100
21455818797,Feed the Children,"FEED THE CHILDREN, INC.",≤100
2133130356918764,Common Justice,COMMON JUSTICE INC,≤100
6756153498,Mike Bloomberg,Mike Bloomberg,≤100
680549575421741,UnitedVoice.com,"Beachside Media, Inc.",≤100
589913688039969,Michigan Online,University of Michigan,≤100
113625577048833,Annette Maggi for IGH City Council,annette4igh,≤100
112164673854264,Living Patriotically,Living Patriotically,≤100
103617578071596,Anti-racism campaign,Anti-Racism Campaign,≤100
110974960642149,Proudly American,Grant Alan Johnston,≤100
8895898655,Rainforest Alliance,"RAINFOREST ALLIANCE, INC.",≤100
657708380952174,Voices of the Civil Rights Movement,Comcast,≤100
294508332028,Lakota People's Law Project,ROMERO INSTITUTE,≤100
103934071014071,Fire Drill Fridays,"GREENPEACE, INC.",≤100
21647204289,Michigan Education Association,Michigan Education Association,≤100
50576707351,Republican State Leadership Committee,Republican State Leadership Committee,≤100
183424985463330,Joe Cunningham,JOE CUNNINGHAM FOR CONGRESS,≤100
112442437191294,National Anti-Racism Teach-In,National Anti-Racism Teach-In,≤100
106629127527429,Kathy Barnette for Congress PA 04,Kathy Jean Barnette,≤100
1682876188698809,United for Respect,United for Respect,≤100
763220717125963,DFL Environmental Caucus,DFL Environmental Caucus,≤100
313723095478950,The Daily Citizen,Focus on the Family,≤100
138141366212571,Gravis Marketing,GRAVIS MARKETING INC.,≤100
1316372698453411,Alexandria Ocasio-Cortez,THE SQUAD VICTORY FUND,≤100
110828620426941,Roger Polack for Congress,ROGER FOR WISCONSIN,≤100
723136714746586,The Common Ground Project,"The Common Ground Project, Inc",≤100
9739634228,The Political Machine,"Hitcents.com, Inc",≤100
638492549896672,Liberal Humans,Liberal Humans,≤100
198296877515470,Switch4Good,Switch4Good,≤100
105231434548909,Scott Sherman for Mayor,Committee to Elect Scott Sherman,≤100
101176014673943,Michelle for Kansas,MICHELLE FOR KANSAS,≤100
566008736785269,Be Heard Project,Be Heard Project,≤100
300992409852,Hoover Institution,Hoover Institution,≤100
107682373929182,Link For Senate,Link For Senate,≤100
101164484986617,To Be Frank Show,Real News PR,≤100
1947525322184514,One Fair Wage,One Fair Wage,≤100
366351973736242,Red Rock Secured,Red Rock Secured,≤100
322044193958,Mike Turner for Congress,Citizens for Turner,≤100
103877744493195,Briit Botanicals,Briit Botanicals,≤100
169440273093442,The Center for Election Science,The Center for Election Science,≤100
333081284065216,Brynne Kennedy for Congress,BRYNNE KENNEDY FOR CONGRESS,≤100
313788135730191,Sioux Falls Scientists,Dale Richmond Hemming,≤100
53727956260,Republican Jewish Coalition,Republican Jewish Coalition,≤100
153385632035294,Kelly Morrison for Minnesota House - District 33B,Kelly Morrison for Minnesota House,≤100
109084284033498,Boni Njenga for Hennepin Commissioner D5,BONI NJENGA FOR COMMISSIONER D5,≤100
112333396969405,Jim Bognet,Bognet for Congress,≤100
408252582872693,Daniella Levine Cava,"Daniella Levine Cava, Non-Partisan, for Miami-Dade County Mayor",≤100
104126021393319,MAGA Supply,L&N Enterprises,≤100
942067839280404,Sioux Falls Feminists,Dale Richmond Hemming,≤100
107150077720746,American Collectibles,Christopher Walter Adams,≤100
602828763544800,Kate For Congress,KATE FOR CONGRESS,≤100
1747132688647028,Democratic Association of Secretaries of State,Democratic Association of Secretaries of State,≤100
1667892193505378,Hold the House,HOLD THE HOUSE PAC,≤100
1869687273277265,Run for Something,Run For Something PAC,≤100
540707072979860,Brian Maryott,MARYOTT FOR CONGRESS,≤100
56332452163,AMA Patients Action Network,American Medical Association,≤100
100401327980848,National Parents Union,National Parents Union,≤100
1229789977123022,Debbie Lesko for Congress,DEBBIE LESKO FOR CONGRESS,≤100
1205124206245013,Movement for a People's Party,People for a Working Democracy,≤100
58709265392,Americans United for Separation of Church and State,AMERICANS UNITED FOR SEPARATION OF CHURCH & STATE,≤100
1612726335627171,We the Internet TV,We the Internet TV,≤100
7642602143,Mother Jones,FOUNDATION FOR NATIONAL PROGRESS,≤100
128213101272117,Sioux Falls Atheists,Dale Richmond Hemming,≤100
1099779163410386,John Barrasso,Friends of John Barrasso,≤100
2336022790003836,Patients + Providers United,Patients and Providers United,≤100
455147011996099,The Ann and Phelim Scoop,The Unreported Story Society,≤100
160630887998827,Let Them Live,Let Them Live,≤100
167968013767335,Julie Oliver,JULIE OLIVER FOR CONGRESS,≤100
51405613519,Focus on the Family,Focus on the Family,≤100
79820371749,Ayanna Pressley,THE COMMITTEE TO ELECT AYANNA PRESSLEY,≤100
158505287559920,Save the Storks,Diane Patricia Ferraro,≤100
115454783336289,Zach Raknerud for North Dakota,ZACH FOR NORTH DAKOTA,≤100
100503184678036,BioLargo Water Inc.,"BioLargo, Inc.",≤100
53541257714,The Arc of the United States,"ARC OF THE UNITED STATES, INC., THE",≤100
289634374392752,ConservAmerica,ConservAmerica,≤100
103067581133922,Paul Junge,PAUL JUNGE FOR CONGRESS,≤100
104615287614557,Nafisa Fai for Washington County,Friends of Nafisa Fai,≤100
100145544831970,Opportunity Wisconsin,Opportunity Wisconsin,≤100
100910971603037,Make Abortion Illegal Again,AUGBERN LLC,≤100
531739923640641,Pill Club,These ads ran without a disclaimer,≤100
26668999076,The Cato Institute,"CATO INSTITUTE, INC.",≤100
1528498354074301,Punching Bag Media - Conservative News,Sean Michael Probber,≤100
115773513509388,Kristy Janigo For Maple Grove City Council,Kristy Janigo for Maple Grove City Council,≤100
103131054573692,Crawfordology,Crawfordology,≤100
110316697328742,People of Seniors Housing,People of Seniors Housing,≤100
802271849850801,Freedom for All Americans,Freedom for All Americans,≤100
747436915270894,Congressional Leadership Fund,CONGRESSIONAL LEADERSHIP FUND,≤100
1721333671443168,Majority Forward,MAJORITY FORWARD,≤100
109784800371914,Protect Kids: Fight Flavored E-Cigarettes,TOBACCO-FREE KIDS ACTION FUND,≤100
107665644228467,Conservative Journal Review,Conservative Journal Review LLC,≤100
107083381085124,Black Love Campaign,David Gregory Joynes,≤100
102389457864860,Treehuggers Bracelets,ECOMX LLC,≤100
80987211775,Bill Cassidy,Bill Cassidy for US Senate,≤100
101391906600,Live Action News,Live Action News,≤100
1310142905757632,State Representative John Lesch,Minnesota House of Representatives,≤100
104098541370097,Gordon for City Council,Gordon Vizecky for Richfield,≤100
112725567164084,"Kaelin G. Reed, 11th Circuit Judge","Campaign to Elect Kaelin G. Reed, 11th Circuit Judge",≤100
485980975070908,Abigail Spanberger,SPANBERGER FOR CONGRESS,≤100
102959799834968,Diane Mitsch Bush for Colorado,DIANE FOR COLORADO CD3,≤100
101127364972509,Dems For USA,Dems For USA,≤100
99056648937,NIAC,NIAC Council,≤100
104243792943104,Saybrook University,TCS Education System,≤100
231354176962252,Social Work Helper,"Social Work Helper, PBC",≤100
113341064736,American Conservative Union,American Conservative Union,≤100
420756238503932,Your American Flag Store,Your American Flag Store,≤100
1413682351987764,Andy Kim for Congress,ANDY KIM FOR CONGRESS,≤100
154510321337994,Chris Pappas for Congress,CHRIS PAPPAS FOR CONGRESS,≤100
653446288035243,Edward B. Goehring,Edward B. Goehring,≤100
122360425094991,Nasty Woman Cosmetics,Nasty Woman Cosmetics,≤100
105561217523274,The_Dispatch,"Dispatch Media, Inc.",≤100
808450969246896,"Rebecca Walser, Tax Attorney, CFP",Walser Wealth Management,≤100
105283560949571,Trump 2024 Film,2024 LLC,≤100
103929304678916,Voter Action Project,Integrity First Voter Action Project,≤100
243947752771440,TJ Cox for Congress,TJ COX FOR CONGRESS,≤100
108279077359786,Kimberlycaresmn,Kimberly Wilburn for Hennepin County Commissioner District 6,≤100
157307331013957,The History List,The History List,≤100
1763799510583441,Vitamin D to the Rescue,Vitamin D to the Rescue,≤100
1539034282981202,Virtual Strides,Virtual Strides,≤100
111036740654773,ToddCella2020,American Party 2020,≤100
156994304362574,American Bridge 21st Century,AB PAC,≤100
110010433804232,Falkirk Center,Falkirk Center,≤100
232201568659,Pacific Justice Institute,PACIFIC JUSTICE INSTITUTE,≤100
84280132559,American Legislative Exchange Council,American Legislative Exchange Council,≤100
179909895355213,AIDS United,AIDS UNITED,≤100
109709397469494,Dignity Unbound,Dignity Unbound,≤100
102175879855284,Harper Perennial,HARPERCOLLINS PUBLISHERS L.L.C.,≤100
1636216106590985,Josh Hawley,JOSH HAWLEY FOR SENATE,≤100
2377166239179411,Nancy Goroff for Congress,Goroff for Congress,≤100
26006662641,Arizona Democratic Party,Arizona Democratic Party,≤100
304062610300415,VozWire,Gregson E Mathe,≤100
101078188352772,Proud Patriots With Credit Cards,Cassandra Annette Holland,≤100
207549645977714,Families Belong Together,Families Belong Together,≤100
225694334157299,Carol Wenner,Wenner For MN House,≤100
2295062210811244,Coalition for American Veterans,COALITION FOR AMERICAN VETERANS POLITICAL ACTION COMMITTEE,≤100
295533050495998,Abogado de Inmigracion Jorge Rivera - Immigration Group LLC,Michael A Castillo,≤100
105410567897348,Adopt an Officer,Adopt America LLC,≤100
100123544800892,Disme Coin Company,Byron Michael Laughlin,≤100
100817908371975,The Patriot Authority,Catherine Sue Mantooth,≤100
102787621198820,Dump Trump,RISE UP FUND,≤100
91223411833,Medical Teams International,Medical Teams International,≤100
373980880018659,Congresswoman Abigail Spanberger,the Office of Rep. Spanberger,≤100
242679302418244,Denison Forum,Denison Ministries,≤100
227535924071462,Animal Petitions,AnimalPetitions.org,≤100
131306317680000,Social Goods,"Social Goods, LLC",≤100
1397799040234106,OpinionUP,OpinionUP LLC,≤100
54787697857,Ron Wyden,WYDEN FOR SENATE,≤100
2070944712939738,American Police Officers Alliance,American Police Officers Alliance,≤100
130234313704399,United We Dream,UNITED WE DREAM NETWORK INC,≤100
350692761610088,Matt Cartwright for U.S. Congress,CARTWRIGHT FOR CONGRESS,≤100
28144169620,Alliance for Aging Research,Alliance for Aging Research,≤100
106959251070829,Cook for School Board,Campaign Fund of Cook for School Board,≤100
195704103779569,Savage Outdoors & The One,Amanda Harris Lee,≤100
747783932079184,Jared Golden for Congress,COMMITTEE TO ELECT JARED GOLDEN,≤100
103903914570915,Pro2a,Delta Team Marketing,≤100
103729197984655,Mike Erickson For House,Erickson for House District 35A,≤100
1354622541311687,Dr. Kim Schrier,DR KIM SCHRIER FOR CONGRESS,≤100
100345041765318,"1Fam Shirts, Masks and Merch",Benjamin Robert Limbaugh,≤100
102748367972912,Ernest Joseph Oppegaard-Peltier,Ernest Joseph Oppegaard-Peltier III,≤100
108487019225755,Lignite Energy Council,LIGNITE ENERGY COUNCIL,≤100
1647690722134365,Lions Not Sheep,These ads ran without a disclaimer,≤100
421486244558294,Ross Spano,ROSS SPANO FOR CONGRESS,≤100
546497545399440,ASEC - African Sisters Education Collaborative,African Sisters Education Collaborative (ASEC),≤100
53167307346,Communist Party USA,Communist Party USA,≤100
154269528015922,Byron Donalds,Byron Donalds for Congress,≤100
2223151871134889,Trump45Merch,Thomas Charles Granack,≤100
211596438980002,Ampersand Consulting,Ampersand Consulting,≤100
134571176638205,One Tree Planted,One Tree Planted,≤100
101371694978068,Rachel Brown for FL Senate District 27,Rachel Brown For Florida Senate District 27,≤100
1311291038982513,2A Gear,Teecreations LLC,≤100
108001404320548,Wheeler For Mayor of Annandale,Jeremy Wade Wheeler,≤100
105882964535390,Cats Against Trump,Cats Against Trump,≤100
38897314734,The Trust for Public Land,"TRUST FOR PUBLIC LAND, THE",≤100
1425435377743310,Conversations with Bill Kristol,The Foundation for Constitutional Government,≤100
89324781720,Pat Toomey,Friends of Pat Toomey,≤100
635850443292528,Nasty Woman Coloring,Nasty Woman Coloring,≤100
78420171887,Sailors for the Sea,SAILORS FOR THE SEAINC,≤100
460844281074800,Tiny Trump,Eric D Corriel,≤100
109584730766616,Chris Pratt for Judge,THE COMMITTEE OF RESPONSIBLE PERSONS TO ELECT CHRIS PRATT.,≤100
1402827079932843,Low Income Relief,The Lighthouse Information Network LLC,≤100
104099074492299,Derrick Van Orden,VAN ORDEN FOR CONGRESS,≤100
376044452473138,Acronym TV,Dennis Gerard Trainor,≤100
614134231980299,Veterans Empowered To Protect African Wildlife,VETPAW INC,≤100
122671561263552,Committee for Better Banks,"COMMUNICATIONS WORKERS OF AMERICA, AFL-CIO, CLC",≤100
413500232549343,National Vet Help,Illingworth Renner Basin Law Group LLP,≤100
1657479207889739,Word Connect Community,These ads ran without a disclaimer,≤100
1014291495249813,Politicon,Politicon,≤100
113223650193301,MAGA REVOLUTION,Apse Media LLC,≤100
976589385686285,Raúl Torrez,Raúl Torrez for NM,≤100
110585410627372,Monkeyed Up Equine,"The Business Brokers, Inc.",≤100
111982742583496,Kairos Traders,YOUTH WITH A MISSION STRATEGIC FRONTIER,≤100
341240953385902,Force Of Nature Meats,Force of Nature,≤100
306591716448427,Cindy Axne,CINDY AXNE FOR CONGRESS,≤100
9364828262,Citizens Against Government Waste,CITIZENS AGAINST GOVERNMENT WASTE,≤100
101665421625320,James A,James Thant Aung,≤100
248422805193353,The California Endowment,The California Endowment,≤100
115497288466814,Home Builders Association of Central Arizona,Home Builders Association of Central Arizona,≤100
101208514791301,Daniel Turner,Power The Future Inc,≤100
399067003454888,Sudan Relief Fund,Sudan Relief Fund Inc,≤100
75353945070,Boxed Water Is Better,Boxed Water Is Better,≤100
110820600528266,Holly Link for State Representative 48B,Link Volunteer Committee,≤100
291260461373618,News and News,News and News,≤100
472981489476333,Alan Cohn,COHN FOR CONGRESS 2020,≤100
315430262358287,Protect our Community,Protect our Community,≤100
107898280953713,Make Every Day Great,Richard Brochetti,≤100
110206523984709,Rural Not Stupid,Rural Not Stupid,≤100
169204449790211,Conservative News Today,"BizPac Review, Inc.",≤100
276131699084792,YWAM Los Angeles,YWAM Los Angeles,≤100
256941347758982,Beacon Interfaith Housing Collaborative,BEACON INTERFAITH HOUSING COLLABORATIVE,≤100
114739563265041,Robert "Bob" Abene,Thomas Albert Delegal,≤100
324119001078997,"Sanford Heisler Sharp, LLP","Sanford Heisler Sharp, LLP",≤100
64206021703,National Committee to Preserve Social Security and Medicare,NATIONAL COMMITTE TO PRESERVE SOCIAL SECURITY AND MEDICARE,≤100
123128673694,Pinellas GOP,Republican Party of Pinellas County,≤100
92021268117,Working America,These ads ran without a disclaimer,≤100
308353252483,Kristi Noem,Kristi for Governor,≤100
618915698127130,Avenue Beat,These ads ran without a disclaimer,≤100
243362776583569,Air Mail,Air Mail,≤100
1212913222183689,In the City for Good,These ads ran without a disclaimer,≤100
1082522201878539,Gina Ortiz Jones for Congress,GINA ORTIZ JONES FOR CONGRESS,≤100
1479923688811438,Geothermal,These ads ran without a disclaimer,≤100
102673738084465,Illuxus,Illuxus,≤100
196743663140,Baha'is of the United States,National Spiritual Assembly of the Baha'is of the United States,≤100
100697751658498,Stronger.org,The Public Good Projects,≤100
108906707265489,USA Pooch,"PRESIDENTIAL POOCH, INC",≤100
108106344055747,Unlock American Investment,The U.S. Chamber of Commerce,≤100
708375056271048,The Christendom Curriculum,The Christendom Curriculum,≤100
922580991129339,People's Mojahedin Organization of Iran - MEK IRAN,MEK-Iran (Saeid Saadati),≤100
25121889784,Texas Public Policy Foundation,Texas Public Policy Foundation,≤100
215968684159,AFT - American Federation of Teachers,American Federation of Teachers,≤100
342006339184405,National Children's Alliance,NATIONAL CHILDRENS ALLIANCE INC,≤100
389002298352371,American Senior Benefits,John M Davis,≤100
2128382640533831,Arnold4Judge,"Rhiannon Arnold, Non-Partisan, for Circuit Court Judge",≤100
101485931485408,UNITEDemocrats,UNITEDEMOCRATS PAC,≤100
151944694884237,"Solidarity Strategies, LLC",Solidarity Strategies,≤100
71284685294,Detroit Pistons,Detroit Pistons,≤100
17023576156,The Leadership Conference on Civil and Human Rights,The Leadership Conference on Civil and Human Rights,≤100
373814729643508,Let America Vote,Let America Vote PAC and National Democratic Redistricting Committee,≤100
116534199732974,USA Carry Online,USA Carry Online,≤100
2301973173158406,Blerd,Blerd LLC,≤100
96826022393,Yale Environment 360,Yale Environment 360,≤100
229702377381523,Clean Energy Economy MN,These ads ran without a disclaimer,≤100
178299885562976,Climate Nexus,Climate Nexus - Rockefeller Philanthropy Advisors Sponsored Project,≤100
139062085972,Illinois Family Institute,"ILLINOIS FAMILY INSTITUTE, THE INC",≤100
754069418112623,Right Now USA,RIGHT NOW USA,≤100
543066585882629,Libertarian Country,Libertarian Country,≤100
348973409274904,Velvet Hamster,Velvet Hamster,≤100
105204481113811,Tim French for Wyoming Senate,Tim French for Wyoming Senate,≤100
505653766599222,America First with Dr. Sebastian Gorka,Salem Media,≤100
329284771298646,Issue One Action,Issue One Action,≤100
104493631299422,Common Sense Patriots '76,Christopher Michael Eubanks,≤100
24982445498,ProQuest,PROQUEST LLC,≤100
109200595768753,The Christian Left,The Christian Left,≤100
101042758281184,Reading On the Right,Macmillan Publishing,≤100
289359554914740,We Have A Stake,The ANCOR Foundation,≤100
514167322309353,Dan Crenshaw,Crenshaw For Congress,≤100
112325855474892,Speak Up For Education and Kids,National Education Association,≤100
102161004838994,Melissa Gould for Judge,Melissa Gould for Judge,≤100
146817005352784,Wellness.com,"Beachside Media, Inc.",≤100
309501559175104,Dan Newhouse for Congress,Dan Newhouse for Congress,≤100
1668350569891953,Rainbow Movement,William James Ulrich,≤100
344346245749372,Shore Trendz,RHW.COM LLC/DBA Shore Trendz,≤100
102478528086004,Reading On the Left,St. Martin's Press,≤100
763491940427547,Roque  "Rocky"  De La Fuente,Rocky 101 LLC,≤100
284946111858895,Debbie Mucarsel-Powell,DEBBIE FOR CONGRESS,≤100
497081420632330,Dr. Hiral Tipirneni,HIRAL FOR CONGRESS,≤100
391872261636792,2020unity,"ForFact LLC, DBA 2020unity",≤100
104684067632334,Unite the Country,UNITE THE COUNTRY,≤100
40912053758,Ohio Republican Party,Ohio Republican Party,≤100
1498561767025112,Zephyr Teachout,Macmillan Publishing,≤100
395414573846518,SunFrog Shirts,SunFrog LLC,≤100
101041998305221,The Proud Republicans,Great American Era LLC,≤100
746838268687634,Tom O'Halleran,TOM O'HALLERAN FOR CONGRESS,≤100
182079698493370,Portside,Portside,≤100
398216886929373,Representative Mary Littleton,FRIENDS OF MARY LITTLETON,≤100
128716440866482,Adam Milstein,Adam Milstein,≤100
100197771599055,Chris Lund for Carver County Commissioner,Christopher Michael Lund,≤100
112801013823653,Donny Diaper,Donny Diaper,≤100
615854911830541,Shore Buddies,PB 1904 International LLC dba Shore Buddies,≤100
103322426424621,Jonathan Karl,Jonathan David Karl,≤100
907919839243616,My Faith Votes,THEN VISION CHARITABLE TRUST,≤100
298271003840760,Bluestem Kansas,Bluestem Foundation,≤100
116907753042353,TOL,Serdar Turan,≤100
114975389535,TAN Books,"SAINT BENEDICT PRESS, LLC",≤100
84112077638,GreaterGood.org,GREATERGOOD.ORG,≤100
826460474101920,BitMari,Sinclair Matthew Skinner,≤100
143173285763,Tenth Amendment Center,Tenth Amendment Center,≤100
10760692978,World Hope International,World Hope International,≤100
2123425971065747,Sora Schools,Indra Putra Sofian,≤100
100911481267154,"Luke Gromen - FFTT, LLC","FFTT, LLC",≤100
106937174415793,BLM Movement Shop,BLM Movement Shop,≤100
119451654741594,Javy,James Veard,≤100
67011831040,Canon Press,Canon Press,≤100
1189321434561854,Vote Ranjeev for Rep,Friends of Ranjeev Puri,≤100
110849485902,United Way,United Way Worldwide with Facebook Ad Credits,≤100
279890513018,Islamic Networks Group - ING,"ISLAMIC NETWORKS, INC.",≤100
160418807408255,TargetSmart,TargetSmart Communications,≤100
69039563201,Open Doors USA,"OPEN DOORS WITH BROTHER ANDREW, INC.",≤100
124626320898336,Catholic Extension,"CATHOLIC CHURCH EXTENSION SOCIETY OF THE UNITED STATES OF AMERICA, THE",≤100
130268756992804,Yale Climate Connections,Yale Climate Connections,≤100
523486791061635,Jon Hoadley,JON HOADLEY FOR CONGRESS,≤100
201956993160690,MRCTV,MEDIA RESEARCH CENTER,≤100
148324060021,Off-Campus Gopher,These ads ran without a disclaimer,≤100
576705655712575,Jason Williams,Run with Jason,≤100
105368190818267,Corky Messner for Senate,MESSNER FOR SENATE,≤100
113553048669158,Rick Scott,TEAM RICK SCOTT,≤100
248468095247223,Rastaclat,Rastaclat,≤100
238008626268343,Israel365,Teach for Israel Inc,≤100
698400060189827,Dan Sullivan,Alaskans for Sullivan,≤100
107077694299223,Mary Ann Redmond Music,Mary Ann Redmond Music,≤100
102027764795677,American Wire,The USA Wire,≤100
328072970642479,Jaime Harrison,JAIME HARRISON FOR US SENATE,≤100
94495405939,California Family Council,Jonathan Richard Keller,≤100
102860661680,Quetico Superior Wilderness News,Quetico Superior Foundation,≤100
115973688451232,CitizenNet,CitizenNet,≤100
1947204578916961,Kionne McGhee,"Kionne McGhee, Non-Partisan, for Miami-Dade County Commissioner District 9",≤100
103851564652,Waterkeeper Alliance,WATERKEEPER ALLIANCE INC,≤100
105953890782784,The Factual,The Factual,≤100
133913826633461,Grassroot Institute of Hawaii,Grassroot Institute of Hawaii,≤100
1654391474785866,Sybrina Fulton,"Sybrina Fulton for Miami-Dade County Commission, District 1, Nonpartisan",≤100
653079394725698,Aspiration,Aspiration,≤100
2025091014264618,The Funeral Leader,MKJ Marketing,≤100
101324291624237,Billychoose,These ads ran without a disclaimer,≤100
1290536624348001,Informed Immigrant,FWD.us Education Fund,≤100
111912787137861,The Green Bundle,The Green Bundle,≤100
343175436328856,CA Needs Energy Storage,California Alliance for Renewable Energy Solutions,≤100
135500133147357,ProEnglish,US INC,≤100
97466887664,Innocence Project,"INNOCENCE PROJECT, INC., THE",≤100
188607107843102,Texas Values,TEXAS VALUES,≤100
6334782252,Oceana,OCEANA,≤100
146736258721743,True The Vote,True the Vote,≤100
101442908124605,Liberty Surveys,Liberty Surveys,≤100
161186620643972,American Institute for Economic Research,AMERICAN INSTITUTE FOR ECONOMIC RESEARCH,≤100
502320477205654,I’m Bout Making My Ancestors Proud,Heritage Hill LLC,≤100
97624620788,American Friends of Magen David Adom,AMERICAN FRIENDS OF MAGEN DAVID ADOM,≤100
693338200702307,Michelle Ugenti-Rita,Ugenti-Rita for Senate,≤100
111151490241542,Pollemix,Pollemix,≤100
81372493950,POET,POET,≤100
104952231285892,Marc Falzon,Marc A Falzon,≤100
580598168738615,ILO Insurance and Medicare Helpline,Douglas Morton Ragan,≤100
140877979844,American Gas Association,AMERICAN GAS ASSOCIATION,≤100
153759377299,"TMT Integrity Flooring, LLC",These ads ran without a disclaimer,≤100
264774890721566,Clear Energy Alliance,Clear Energy Alliance,≤100
377392172830318,Representative Ross Spano,Office of Representative Ross Spano,≤100
551199354892891,Rep. Sean Patrick Maloney,The Office of Congressman Sean Patrick Maloney,≤100
96315553086,Crop Insurance Keeps America Growing,National Crop Insurance Services,≤100
263328113800478,Lamppost Education Initiative,Lamppost Education Initiative,≤100
782093245218764,Qasim Rashid,RASHID FOR VA,≤100
294196590710262,FWD.us,FWD.us,≤100
115364585711,Lawyers' Committee for Civil Rights Under Law,LAWYERS' COMMITTEE FOR CIVIL RIGHTS UNDER LAW,≤100
1621690511405010,Civic Action,Civic Action,≤100
104038541334426,BailoutWatch,Elisabeth Marie Soto,≤100
100580921557876,Doria Drost for House District 16A,Doria Kendra Drost,≤100
194413290579640,Wisconsin Assembly Democrats,Assembly Democratic Campaign Committee,≤100
312657362217994,Women's Heart Alliance,Women's Heart Alliance,≤100
102449671140258,Joshua Rydell for State Attorney,"Joshua Rydell, Democrat, for State Attorney",≤100
104093124709755,Keyplates,KEYPLATES,≤100
24470472733,The Trevor Project,The Trevor Project,≤100
11911627997,Pancreatic Cancer Action Network,"PANCREATIC CANCER ACTION NETWORK, INC.",≤100
452797224923658,Democratic Coalition Against Trump,THE DEMOCRATIC COALITION,≤100
109906667085581,Congressman Dan Bishop,"Congressman Dan Bishop, US House of Representatives",≤100
1145019702185006,Alliance for Safety and Justice,Alliance for Safety and Justice,≤100
18017481462,Acton Institute,Acton Institute,≤100
1670468429918309,We Are Uprisers,WEAREUPRISERS,≤100
262905633727,Los Angeles Mission,"Los Angeles Mission, Inc.",≤100
303374266418976,AFPM,American Fuel & Petrochemical Manufacturers,≤100
207152169356805,Re-Elect Circuit Judge Alan Apte,"Alan Apte, Non-Partisan, for Circuit Court Judge",≤100
12503116997,Dennis Prager,Salem Media,≤100
36543730620,Sambazon,These ads ran without a disclaimer,≤100
110798880680061,USA Strong,USA Strong,≤100
149366465128820,Nicole Galloway,Nicole Galloway for Missouri,≤100
303817256420208,Leslie Rutledge for Arkansas,Leslie Rutledge for Governor,≤100
1678492922390061,WorkingNation,WorkingNation,≤100
119006106155684,PI Energy,Andrew P Chung,≤100
1601467416816223,Lehigh Acres Fire Control and Rescue District,Lehigh Acres Fire Control and Rescue Department,≤100
271941253389528,Piccolina,Tracy Ann Massaro,≤100
106364329441748,Margaret W. Wong & Associates,"WONG, MARGARET W & ASSOCIATES CO LPA (INC)",≤100
180207826090799,Tiffany D. Cross,HARPERCOLLINS PUBLISHERS L.L.C.,≤100
133294620046953,Mission India,MISSION INDIA INC,≤100
1756007634708280,Erik Mortensen For House,Mort For House,≤100
115505803545500,BLACK ROBIN,These ads ran without a disclaimer,≤100
1418068308452353,Sumi K,Sumati Krishnan,≤100
28446275521,Military Officers Association of America (MOAA),Military Officers Association of America,≤100
86071521216,Second Amendment Foundation,SECOND AMENDMENT FOUNDATION INC,≤100
1741729849281711,Uber & Lyft Sexual Assault Attorneys,David Jesiah Perez,≤100
354329797956187,The Catholic Association,"The Catholic Association, Inc",≤100
166087830076297,WebPT,WebPT,≤100
105872574403318,Project TAMMI,a research grant at The National Center on Addiction and Substance Abuse (CASA),≤100
151577215422581,Zioness Movement,"Zioness Movement, Inc.",≤100
615854911830541,Shore Buddies,Malte Niebelschetz,≤100
839073729808623,Hillary Scholten,SCHOLTEN FOR CONGRESS,≤100
100309441603297,HSLDA Action,HSLDA Action,≤100
209046616332309,Xochitl for Congress,Xochitl for New Mexico,≤100
102750021183412,Justice U,Altus Solutions Inc,≤100
103653994359958,Harvard Forward,The Boarding School,≤100
47710973068,Cooperative Action Network,National Rural Electric Cooperatives Association,≤100
358930818155832,Ava Blaze Apparel Co.,Antoinette Kathleen Adkins,≤100
466775810098858,Retailers & Store Owners United to Rebuild our Communities' Economies,Retailers and Store Owners United to Rebuild our Communities’ Economies,≤100
122150409780,UC San Diego,University of California San Diego,≤100
341858589449,Save Bristol Bay,"TROUT UNLIMITED, INC.",≤100
148106879003706,Bass Fishing Gifts,Susan Leigh Brodnax,≤100
1708467695859543,Veteran Transition Mission,Sonia Ivelisse Barriera Ayala,≤100
20715882266,Wisconsin Right to Life,Wisconsin Right to Life,≤100
111506250582498,Keeping Our Homes Safe,Steve San,≤100
1868885156673680,Sarasota citizen Martin Hyde,Martin Hyde for Sarasota City Commission,≤100
100265498007992,Caldwell for Congress 2020,ANDY CALDWELL FOR CONGRESS,≤100
108777231824,Manhattan Institute for Policy Research,MANHATTAN INSTITUTE FOR POLICY RESEARCH INC,≤100
135403221037,City Journal,City Journal,≤100
984228501766229,Congressman Sean Casten,U.S. House of Representatives,≤100
1834022063367378,Wisconsin Moms,Opportunity Wisconsin,≤100
1715262342039208,Texas Gulf Coast Area Labor Federation,"TEXAS GULF COAST AREA LABOR FEDERATION, AFL-CIO",≤100
714227512101604,Carolyn Long,ELECT CAROLYN LONG,≤100
108090464296366,Republican Patriots,I Love My Freedom,≤100
855163737925784,Tom Cox for State Senate,"Tom Cox for Kansas, Mike Rivera Treasurer",≤100
107199049318619,Friends of Derek Kilmer,PEOPLE FOR DEREK KILMER,≤100
1086209354874961,Resilience Force,"NEO PHILANTHROPY, INC.",≤100
111447640399004,Facts Over Fear,Melanie Lux Asher,≤100
147368882623027,Black Futures Lab,Black Futures Lab,≤100
169042736456594,All Out,All Out Action Fund.,≤100
79212718536,Jim Boyd,Jim Boyd,≤100
106581744429849,Aarica Coleman for Minnesota Senate District 34,Aarica Coleman for State Senate,≤100
103646064618386,The Judge Show - James Judge,James Patrick Judge Jr.,≤100
108503659576,National Coalition for Public School Options,National Coalition for Public School Options,≤100
234628203317767,Made for Freedom,Made for Freedom,≤100
312066286397519,Manning Asylum Law,Manning Asylum Law,≤100
19474609238,Mercatus Center at George Mason University,Mercatus Center at George Mason University,≤100
322870825821,Macmillan Audio,"HOLTZBRINCK PUBLISHERS, LLC",≤100
103376804451432,Trending Politics,Making Web LLC,≤100
104093784662066,Brad Kovach for State Representative,Brad Kovach Committee to Elect for House,≤100
107439427661844,Accountable Tech,Accountable Tech,≤100
252030598627847,Patient No More,These ads ran without a disclaimer,≤100
125319303823,Champlain College,Champlain College Incorporated,≤100
164966660351345,Hope Outfitters,Hope Outfitters,≤100
946887545335976,Association of American Universities,The Association of American Universities (AAU),≤100
331962060734197,Sioux Falls Free Thinkers,Dale Richmond Hemming,≤100
1127581437405717,Bumbler - The Boba Tea Tumbler,Bumbler LLC,≤100
672213539861652,John Anthony Castro,John Anthony Castro,≤100
128289862750,Liberty in North Korea,Liberty in North Korea,≤100
866151803475680,Ledgestone Insurance Open,Ledgestone Insurance Open,≤100
399366360669553,Jamaal Bowman for Congress,Bowman For Congress,≤100
175716473032461,MamaP,MamaP,≤100
2025785507702182,Avoid Opioid SD,South Dakota Department of Health and Social Services,≤100
105354227604934,Shannon Bruce for Mayor,Shannon Bruce For Mayor Committee,≤100
109134610478119,Heartland Strong,"Heartland Strong, Inc.",≤100
137470926951018,"John Mina, Orange County Sheriff","John Mina, Democrat, for Orange County Sheriff",≤100
246846192720018,War On Our Future,The Years Project,≤100
294879797332635,Debbie Dingell,DEBBIE DINGELL FOR CONGRESS,≤100
103144548151014,Adrian Perkins,Perkins for LA,≤100
487569614682924,CAPP USA,Yellow Line Productions LLC,≤100
180230069923,American Life League,American Life League,≤100
235132626648702,Staush Gruszynski for State Assembly - District 90,Friends of Staush Gruszynski,≤100
164490867036915,Iowa Utility Association,Iowa Utility Association,≤100
117468878295521,American-Arab Anti-Discrimination Committee (ADC),Roy Abdo,≤100
102180301437619,2020 American Defense Fund,C3 PAC,≤100
10331123781,Special Olympics,Special Olympics Inc,≤100
2176472882580975,Crusader Outlet,Crusader Marketing,≤100
153477451455783,The Optimist Daily,"The Optimist Publications, LLC",≤100
122475637000,Georgia Forestry Association,Georgia Forestry Association,≤100
106868314285372,The Finance Kit,DYS Capital LLC,≤100
142288373333,HIMSS,HIMSS,≤100
102413723172970,Nick Adams,Nick Adams,≤100
105804624116745,HKDC - Hong Kong Democracy Council US,"Hong Kong Democracy Council, USA",≤100
17023576156,The Leadership Conference on Civil and Human Rights,These ads ran without a disclaimer,≤100
101488278273703,Vote Joe Gould for Bemidji City Council Ward 1,Joe Gould for City Council,≤100
482100658584410,We Stand For Energy,"EDISON ELECTRIC INSTITUTE, INC.",≤100
100729641303493,ICount NM,I Count New Mexico,≤100
681745912255844,John Cummings for Congress,CUMMINGS FOR CONGRESS,≤100
108797534098691,Keep Gifts Great,Adrian Choi Conger,≤100
183065995059784,Godfrey Pontoons,These ads ran without a disclaimer,≤100
111947013529488,Mosher2020,Mosher for Pima County Attorney,≤100
278355662356517,BallotReady,"BallotReady, Inc",≤100
112703826851979,POTUS Wear,POTUS Wear,≤100
603476166817954,Big Bad Uncle Sam,Collin Christian Johnson,≤100
1156676274461345,Mikie Sherrill,MIKIE SHERRILL FOR CONGRESS,≤100
24014374813,Christians United for Israel (CUFI),Christians United for Israel,≤100
110773130329664,Lulu Seikaly for Congress,LULU FOR TEXAS,≤100