﻿Page ID,Page Name,Disclaimer,Amount Spent (USD)
153080620724,Donald J. Trump,TRUMP MAKE AMERICA GREAT AGAIN COMMITTEE,9195
925007000949719,ExxonMobil,Exxon Mobil Corporation,3014
113536203772749,Keva Landrum,The Committee to Elect Keva Landrum for District Attorney,2872
1771156219840594,Team Trump,TRUMP MAKE AMERICA GREAT AGAIN COMMITTEE,2688
103144548151014,Adrian Perkins,Perkins for LA,2169
202626512363,U.S. Census Bureau,U.S. Census Bureau,2093
17023576156,The Leadership Conference on Civil and Human Rights,The Leadership Conference on Civil and Human Rights,1951
7860876103,Joe Biden,BIDEN VICTORY FUND,1177
113891694102,Energy Citizens,AMERICAN PETROLEUM INSTITUTE,840
80562389320,NARAL Pro-Choice America,NARAL Pro-Choice America,504
9324910069,NRSC,NRSC,455
791543660926838,"I'll go ahead and keep my guns, Thanks",2A4LIFE LLC,454
1615018905412860,Progressive Turnout Project,PROGRESSIVE TURNOUT PROJECT,454
156968474833352,Stop Republicans,Stop Republicans,434
127225910653607,PragerU,PragerU,427
1439441369620638,Grow Louisiana Coalition,Grow Louisiana Coalition,427
24330467048,Americans for Prosperity,AMERICANS FOR PROSPERITY,342
165987503528599,Lindsey Graham,"TEAM GRAHAM, INC.",339
239452426714,American Action Network,American Action Network,322
153080620724,Donald J. Trump,"DONALD J. TRUMP FOR PRESIDENT, INC.",311
96935476345,Democratic Governors Association (DGA),Democratic Governors Association,306
665345483483486,NRA - National Rifle Association of America,NATIONAL RIFLE ASSN OF AMERICA,298
576705655712575,Jason Williams,Run with Jason,276
57259033959,AARP,AARP,265
20787991568,Senate Democrats,DSCC,265
2352630938293825,Mytacticalpromos,Entremax,260
101165966152,AFL-CIO,AFL-CIO,254
345504286342057,Keeping America Great Again,RightWingGear.com,230
101181584780300,Law Enforcement For A Safer America PAC,Law Enforcement for a Safer America PAC,227
143329509024,Citizens Against Lawsuit Abuse,Citizens Against Lawsuit Abuse,212
2267285956849056,Donald Trump 2020 Fans,I Love My Freedom,212
342294162453301,Planned Parenthood,Planned Parenthood Federation of America,206
132492254050920,American AF,AAF Nation,199
80987211775,Bill Cassidy,Bill Cassidy for US Senate,198
996134010478820,A Stronger Louisiana,A Stronger Louisiana,192
107858693983382,The GOP Shop,The GOP Shop,192
1501432613485324,Governor John Bel Edwards,GOHSEP - Governor's Office of Homeland Security and Emergency Preparedness,179
355316521236121,John Cornyn,TEXANS FOR SENATOR JOHN CORNYN INC.,176
103654464668995,Home With Our Family,Alexander Chung,174
1449461518652183,4Patriots,4Patriots LLC,164
112694470356789,Trumpcare For America,Stuart Joseph Millar,163
109281427171829,Scotty Robinson for Congress,SCOTTY ROBINSON FOR CONGRESS,163
158791100909689,Concerned Veterans for America,Concerned Veterans for America,162
1888575197903676,Ducote for Justice,Ducote for Justice,159
92925746942,Judicial Watch,Judicial Watch,155
103531591222882,Marissa for Judge,The Committee to Elect Marissa Hutabarat,152
296708523873754,Karla Dennis and Associates Inc.,"Karla Dennis & Associates, Inc",150
108421794235463,Yes for East Jefferson General Hospital,LCMC Health,148
105577974544303,The USA Needs More Patriots,AmeriPolling,147
176789922364429,Steve Daines,STEVE DAINES FOR MONTANA,146
109677057145919,Hot Issue,Astonishean Miracle Bundage,145
114710126648118,Republican Dogs,Republican Dogs,138
213041185421849,Lance Harris,Lance Harris Campaign,134
618480098621142,Social Security Event,Robert Jared Wilkins,133
213792049451918,Stand For America,Stand For America Inc,130
104244284612205,Gibby Andry for District Attorney,Gibby Andry for District Attorney,125
105756057589080,The Lincoln Project,The Lincoln Project,121
102409554840219,Jerry Smith for Judge,Committee to Elect Jerry Smith,118
259212814698356,Democratic Majority for Israel,Democratic Majority for Israel,117
1556932204325823,ProgressPop,ProgressPop,107
259130650776119,Mitch McConnell,MCCONNELL SENATE COMMITTEE,107
302182941354,AARP Advocates,AARP,106
127755494595870,Progressive Takeover,PROGRESSIVE TAKEOVER,105
1883837055193241,Shield Republic,Shield Republic,103
18982436812,ACLU,American Civil Liberties Union,102
278490715553293,Martha McSally,MCSALLY FOR SENATE INC,≤100
128516988581,Ascension Parish Library,ASCENSION PARISH LIBRARY,≤100
113595820361626,Louisiana Illuminator,States Newsroom,≤100
109111900634787,Reverend Raphael Warnock,WARNOCK FOR GEORGIA,≤100
8934429638,Planned Parenthood Action,Planned Parenthood Action Fund,≤100
834645469890446,Devin Nunes,DEVIN NUNES CAMPAIGN COMMITTEE,≤100
102671331487937,I Love My Freedom Store,I Love My Freedom,≤100
429812024048177,Doug Jones for Senate,DOUG JONES FOR SENATE COMMITTEE,≤100
830121337093232,National Democratic Training Committee,NATIONAL DEMOCRATIC TRAINING COMMITTEE PAC,≤100
100370051625099,Friends of GB3 Candidate District 11 Metro Council,Gordon Bargas,≤100
277005566267077,Blueland,Blueland,≤100
1374134752633656,New Health Plans,Shop Insurance Plans,≤100
481559282597914,TrumpersUnite,Respect The Look,≤100
57921319808,Michelob ULTRA,SocialCode,≤100
168051710543266,Lacy Johnson,Lacy Johnson for Congress,≤100
100701061678027,Dustin Murphy for U.S. Senate,COMMITTEE TO ELECT DUSTIN MURPHY,≤100
359477377917,American Federation for Children,American Federation for Children,≤100
25055115099,Intuit,INTUIT INC.,≤100
104856814505092,The Kids Guide,The Kids Guide,≤100
137700914211,Louisiana Budget Project,Louisiana Budget Project,≤100
85452072376,Newsmax,Newsmax Media,≤100
1061240530648502,Joe Collins,JOE COLLINS FOR CONGRESS,≤100
1025055787535714,A Case for Women,A Case for Women,≤100
7814597100,Jim Jordan for Congress,JIM JORDAN FOR CONGRESS,≤100
1400927463555875,Imperfect Foods,Imperfect Produce,≤100
100137754724934,Trump 2020 Supporters,Proud Right Winger,≤100
336561200328296,Carlos Zervigon for School Board District 6,Carlos Zervigon for OPSB - District 6,≤100
2353537341582545,Proud Patriots,Proud Patriots,≤100
33110852384,Doctors Without Borders/ Médecins Sans Frontières (MSF),Doctors Without Borders/Médecins Sans Frontières (MSF),≤100
560140464159364,Stand for the 2nd Amendment,SFT2 Tactical Supply,≤100
25852730092,Care2,Care2 Inc,≤100
106244251043808,Reuse Plastics,"AMERICAN CHEMISTRY COUNCIL, INC.",≤100
717115395103069,PrintedKicks,Printed Kicks,≤100
108580917388075,Chris Victory for District Judge,Committee to Elect Chris Victory,≤100
106710090880073,Sara Lewis For Judge,The Committee to Elect Sara Lewis Judge,≤100
107398241021186,The John Lewis Bridge Project,John Lewis Bridge Project,≤100
53541257714,The Arc of the United States,The Arc with Facebook Ad Credits,≤100
106391431145821,Charlene Larche-Mason,The Committee to Elect Charlene Larche-Mason Judge,≤100
106114264313679,Hunt The Vote,"Hunter Nation, Inc",≤100
1280384245362299,Mayor Sharon Weston Broome Campaign,Mayor Sharon Weston Broome Campaign,≤100
737686089933715,Conservative Collections,Mainline Media Group,≤100
114444659982636,Glynn Shelly Maturin for District Judge,Lauren A Rhorer,≤100
100895334855333,Keith Thibodeaux for Judge,Committee to Elect Keith Edward Thibodeaux Inc,≤100
262138411622,Faces of Lawsuit Abuse,US Chamber Institute for Legal Reform,≤100
1316372698453411,Alexandria Ocasio-Cortez,Alexandria Ocasio-Cortez for Congress,≤100
23875187730,Feeding America,Feeding America,≤100
96935476345,Democratic Governors Association (DGA),DEMOCRATIC ACTION,≤100
328853823844484,Balance of Power,Balance of Power,≤100
171565247869,AARP Louisiana,AARP,≤100
159964696102,Kevin McCarthy,KEVIN MCCARTHY FOR CONGRESS,≤100
1141155915901031,Louisiana Citizens for Job Creators,Louisiana Citizens for Job creators,≤100
102747281355975,This Is Our Democracy,Julia Carol Peter,≤100
102515258014617,Vincent Wynne for District Attorney,A Wynne For The People,≤100
215915951780663,Louisiana Chemical Association,Louisiana Chemical Association,≤100
101279451606075,Democratic Strategy Institute,Democratic Strategy Institute,≤100
602714436529710,End Citizens United,END CITIZENS UNITED,≤100
100625801730633,Charles Riddle Avoyelles DA,Charles Riddle II for District Attorney,≤100
461204744067686,Family Protection Association,Family Protection Association,≤100
139599847972,National Nurses United,National Nurses United,≤100
328072970642479,Jaime Harrison,JAIME HARRISON FOR US SENATE,≤100
58942876544,Pelican Institute for Public Policy,Pelican Institute for Public Policy,≤100
106645684412573,Cover Air Medical,Cover Air Medical,≤100
285687352099619,Louisiana Legacy,Louisiana Legacy,≤100
332716170522025,America First Action,America First Action,≤100
530604487365010,Old Glory Flagpole Kits,Service First,≤100
103597604713894,Team Trump Store,TRUMP MAKE AMERICA GREAT AGAIN COMMITTEE,≤100
15188122178,The Hamilton Collection,The Hamilton Collection,≤100
100256754899828,Patriot's Cave,Patriots Cave,≤100
23996308754,Senate Conservatives,SENATE CONSERVATIVES FUND,≤100
87777747127,Greg Palast,Palast Investigative Fund,≤100
105084617912738,PatriotQuizzes,patriotquizzes.com,≤100
977704775606273,Balls Deep Tackle,Balls Deep Tackle,≤100
1194865807192273,Conservative Gear,Outergoods LLC,≤100
107344784151089,Ricky LaFleur for District Judge,Committee to Elect J. Ricky LaFleur District Judge,≤100
373814729643508,Let America Vote,LET AMERICA VOTE PAC,≤100
46093654473,National Republican Congressional Committee,NRCC,≤100
327837911149503,2A4Life,2A4LIFE LLC,≤100
555787351119974,Coalition to Protect America's Health Care,Coalition to Protect America's Health Care,≤100
101210588150219,Boy Scouts Abuse Claims,X Social Media LLC,≤100
193618220508,LIFE Today,LIFE Outreach International,≤100
894096170667732,Ashley Hinson,Ashley Hinson For Congress,≤100
17911165812,Covenant House International,Covenant House,≤100
348839551906904,Democracy in Color,POWERPAC DOT ORG,≤100
1010143499143169,Medicare Savings,"Mayo Labs, LLC",≤100
1109093812491437,Blaze Media,Blaze Media LLC,≤100
309308412520731,Sandy Hook Promise,Sandy Hook Promise,≤100
163148530407080,Captain Mark Kelly,MARK KELLY FOR SENATE,≤100
115379705206001,U.S. Department of Homeland Security Blue Campaign,DHS Blue Campaign,≤100
105829564471772,Patriots Stand Together,Trizzie Truong,≤100
106487520883333,Cardinal & Pine,"Courier Newsroom, Inc.",≤100
118303441570966,Home Ownership Matters,NATIONAL ASSOCIATION OF REALTORS,≤100
108220160978728,Together We Stand Strong,Vivian Lam Nguyen,≤100
111393882812494,Amy McGrath,"AMY MCGRATH FOR SENATE, INC.",≤100
167586229923327,World Food Program USA,World Food Program USA,≤100
6204742571,Sierra Club,SIERRA CLUB,≤100
112635417131908,Jackson Healthcare Heroes - SEIU 1991,Jackson Healthcare Heroes - SEIU 1991,≤100
6041057841,The Humane Society of the United States,"HUMANE SOCIETY OF THE UNITED STATES, THE",≤100
142665849854371,House Freedom,HOUSE FREEDOM FUND,≤100
100757504960070,Concealed_Country,Concealed Country,≤100
111428049989,Cal Cunningham,CAL FOR NC,≤100
6333396177,NewsBusters.org,MEDIA RESEARCH CENTER,≤100
113666459994300,Big Dan Rodimer for Congress,RODIMER FOR CONGRESS,≤100
112224623873473,Gary Evans DeSoto DA,Steve Verzwyvelt Jr.,≤100
402405693876039,Daniel Landry for District Attorney,Daniel Landry for DA Campaign Fund,≤100
598924810530984,Keeping America Great,FamTeeWorld,≤100
109595630761634,Matt Watson for East Baton Rouge Parish,Matt Watson for EBR Parish,≤100
21559454473,FAIR,FEDERATION FOR AMERICAN IMMIGRATION REFORM,≤100
126694924050678,Xavier Becerra,Becerra for Attorney General 2022,≤100
1836138529938551,Greater Half,Greater Half,≤100
102356267962351,Natalie Howell for Judge,Campaign to Elect Natalie Howell Juvenile Court Judge,≤100
305894606423160,ParentsTogether,ParentsTogether,≤100
5435784683,Greenpeace USA,"GREENPEACE, INC.",≤100
106094077803532,Our National Family,Patrick Le Tran,≤100
38235851310,USA for UNHCR,UNITED STATES ASSOCIATION FOR UNHCR,≤100
1186311721530333,Louisiana Coalition To Fix Our Roads,LCFOR,≤100
788394134539871,USPS Business,United States Postal Service,≤100
223055747744143,Beto O'Rourke,Powered By People,≤100
45393753416,Alliance Defending Freedom,Alliance Defending Freedom,≤100
195530355493,Chicks On The Right,Chicks on the Right,≤100
115364585711,Lawyers' Committee for Civil Rights Under Law,Lawyers' Committee for Civil Rights Under the Law with Facebook Ad Credits,≤100
15687409793,World Wildlife Fund,World Wildlife Fund,≤100
586751814690068,Joni Ernst,Joni for Iowa,≤100
316955281351,APWU - The American Postal Workers Union,AMERICAN POSTAL WORKERS UNION,≤100
971668776283950,PolicyEd,Hoover Institution,≤100
113474173781579,American Apparel AA,Click Wonders,≤100
342887442508723,Convention of States,Convention of States Action,≤100
2081864865362439,Mike Espy,MIKE ESPY FOR SENATE CAMPAIGN COMMITTEE,≤100
105433064492153,The Return 2020,The Return International,≤100
21375324480,The Heritage Foundation,HERITAGE FOUNDATION (THE),≤100
192015461630968,Supporting Our Brave Veterans,James Brian Plouf,≤100
245284549333866,ASMDSS,ASMDSS,≤100
111462083950719,Kenny Houston for Congress,KENNY HOUSTON FOR CONGRESS,≤100
102875587947942,Keep Trump In Office,Keep Trump In Office,≤100
106224464107240,Jo Jorgensen,Jo Jorgensen for President,≤100
101579751338430,Foxworth for JUDGE 2020,Tiffany L Foxworth,≤100
109379100777665,Patriotism Isn't Dead,Patriot Polling,≤100
1601417063208019,Harness,Harness Community,≤100
8047221596,Save the Children US,"SAVE THE CHILDREN FEDERATION, INC.",≤100
228754857151053,House Majority PAC,House Majority PAC,≤100
305832706292882,American Gun Association,GunAssociation.org,≤100
110987110398146,Make Liberty Win PAC,MAKE LIBERTY WIN,≤100
106094321174784,Edward Mouton for City Judge,EDWARD MOUTON FOR JUDGE,≤100
6231686654,Compassion International,"COMPASSION INTERNATIONAL, INCORPORATED",≤100
1600352356914768,PushBlack,PushBlack,≤100
303061950155375,John James,"JOHN JAMES FOR SENATE, INC.",≤100
114625730266879,Republican Voters Against Trump,Defending Democracy Together,≤100
69983322463,Ted Cruz,TED CRUZ FOR SENATE,≤100
1526736227567131,TrueCoverage,True Coverage,≤100
8325302025,Friends of the Earth U.S.,Friends of the Earth,≤100
49651563727,Live Action,Live Action,≤100
8550121410,Free Speech America Project,MEDIA RESEARCH CENTER,≤100
399597565199,Healthier Air For All,LOUISIANA PUBLIC HEALTH INSTITUTE,≤100
107654924064350,Pat Timmons-Goodson,PATRICIA TIMMONS-GOODSON FOR CONGRESS,≤100
2037695643113766,Blexit,Blexit Foundation,≤100
101237551589520,Tactical Patriot,Trizzie Truong,≤100
100637888239523,Free Reign For All,Kin Ngai Yeung,≤100
417522508294454,Job Creators Network,Job Creators Network,≤100
192448150001,Jeff Anderson & Associates,Jeffrey R Anderson PA,≤100
101459098271864,Vets United,Korie Lynn Padgett,≤100
110845917195209,Jack Hebert for Ward 4 Marshal,JACK HEBERT FOR WARD 4 MARSHAL,≤100
8532248414,Wounded Warrior Project,"WOUNDED WARRIOR PROJECT, INC.",≤100
108794587327155,Good Programs 2020,Trevor Dale Seaks,≤100
2309566456030859,Human Coalition Action,Human Coalition Action,≤100
101291451655586,Richard Otwell for Marshal,Campaign to Elect Richard Otwell,≤100
6820348410,Kirsten Gillibrand,Off the Sidelines,≤100
376776419037747,Turning Point USA,Turning Point USA,≤100
794490553914304,Dr. Nina Ansary,"Revela Press, LLC",≤100
19342050934,Leadership Institute,LEADERSHIP INSTITUTE INC,≤100
132917424705,Home Instead Senior Care,Home Instead Senior Care Baton Rouge,≤100
2185993931653388,The Recount,"Recount Media, Inc",≤100
2330577043935831,Sara Gideon,SARA GIDEON FOR MAINE,≤100
316326582121279,LCCM,Louisiana Committee For A Conservative Majority,≤100
129255907131113,NumbersUSA,NUMBERSUSA EDUCATION AND RESEARCH FOUNDATION,≤100
419237048158257,Susan Collins,COLLINS FOR SENATOR,≤100
629732217415068,Republican Party,Greater Half,≤100
529551537438485,Ledricka Johnson-Thierry for Judge,Steve Verzwyvelt Jr.,≤100
530604487365010,Old Glory Flagpole Kits,Service First Flag Poles,≤100
1079789672084038,SimonBooks,Simon & Schuster,≤100
593289284500311,Trump Rack,BOXD Marketing,≤100
107589664099282,Stand Up To China,"Stand Up To China, Inc.",≤100
106323360959211,Patriots Republic,Matthew James Stine,≤100
166618413413767,Jay Sekulow,American Center for Law and Justice,≤100
257019421075897,Cory Gardner,Cory Gardner for Senate,≤100
729166547233037,Progressive Social Network of Baton Rouge,Progressive Social Network,≤100
109360297266116,Fearless Patriot,TERESA NONE OHARA-MARSH,≤100
27544763621,Prison Fellowship,Prison Fellowship,≤100
433919203362871,Bird + Stone,BIRD & STONE INC,≤100
1074038989427313,Talcum Powder Alert,These ads ran without a disclaimer,≤100
384557995468219,Viral Casez,Viral Casez,≤100
106798577764389,Vote Yes for Sulphur,Citizens for Continued Progress,≤100
309798029121030,Everytown for Gun Safety,Everytown for Gun Safety Action Fund Inc,≤100
159597424207730,David Perdue,PERDUE FOR SENATE,≤100
107363964202840,Natural Security,Natural Security,≤100
131217580266597,National Council on Aging,"NATIONAL COUNCIL ON AGING, INC.",≤100
105060677844787,Bill Savings,Bill Savings,≤100
706716899745696,Women for Trump,TRUMP MAKE AMERICA GREAT AGAIN COMMITTEE,≤100
169710960125365,Curzio Research,Curzio Research Inc.,≤100
104051398040027,CCW Online Now_,Concealed Country,≤100
592707041080920,Stand Together,Stand Together Chamber of Commerce Inc.,≤100
18813753280,Human Rights Campaign,"HUMAN RIGHTS CAMPAIGN, INC.",≤100
292351509697,Jerusalem Prayer Team,Jerusalem Prayer Team,≤100
245741028804051,Barbara Sinatra Center,Barbara Sinatra Children's Center,≤100
103644036958,United Association,United Association Political Education Committee,≤100
87186661244,Johns Hopkins Bloomberg School of Public Health,Johns Hopkins Bloomberg School of Public Health,≤100
106330484325772,Colt Fore for District Judge,Committee to Elect Colt Fore District Judge,≤100
209516845093,NRDC Action Fund,NRDC Action Fund,≤100
420785874975425,Conservative Institute,The Conservative Institute,≤100
106756327769815,Stand For The Promise,Stand For The Promise,≤100
114283066958738,Elect Reggie Thomas for Lafayette City Marshal,Reggie for Lafayette,≤100
1799282383731277,TwoSeventy,Alexander Jared Deutsch,≤100
110746996993983,The 'Gander Newsroom,"Courier Newsroom, Inc.",≤100
277414242013,Joyce Elliott for Congress,JOYCE ELLIOTT FOR CONGRESS,≤100
101459098271864,Vets United,Jae W Seo,≤100
58736997707,Marco Rubio,Marco Rubio for Senate,≤100
2078647579047586,Project Pulso,Project Pulso,≤100
169277310432049,"Texas Precision Optics, Inc.",Texas Precision Optics Inc,≤100
223008867858902,American Action News,American Action News,≤100
109092142462587,Adam Schiff,SCHIFF FOR CONGRESS,≤100
679171239164792,Supermajority,Supermajority,≤100
106949844346620,Trumpian Republicans,Gregory Lawrence Burright,≤100
100319448309669,Hathaway for District Judge,Hathaway Judicial Campaign Committee,≤100
405469100189512,Still My President - Donald Trump,Red State Politics LLC,≤100
1226668230828102,Acadia Parish Assessor's Office,Acadia Parish Assessor's Office,≤100
345378512258813,Elise Stefanik,ELISE FOR CONGRESS,≤100
224684514243482,Tom Cotton,"COTTON FOR SENATE, INC.",≤100
1945649795733674,Big Daddi Dro,These ads ran without a disclaimer,≤100
1551109418518461,The Honest Patriot,Amundson Media LLC,≤100
143729616392084,Van Drew for Congress,Van Drew for Congress,≤100
111339333736282,Shannon Gremillion for Louisiana Supreme Court,Shannon Gremillion Campaign Committee,≤100
312753825357,Children's Advocacy Center-Hope House,Children's Advocacy Center - Hope House,≤100
56332452163,AMA Patients Action Network,American Medical Association,≤100
1228396643984955,Michelle Steel,Michelle Steel for Congress,≤100
184731548554164,PL+US,Plus Fund: Paid Leave for the United States,≤100
1438808983108348,BOLD PAC,CHC BOLD PAC,≤100
607626319739286,Black Voices for Trump,TRUMP MAKE AMERICA GREAT AGAIN COMMITTEE,≤100
105658424559719,Moses Williams for DA,Moses Junior Williams for DA,≤100
360424321432255,Doha Debates,Doha Debates,≤100
217976018236954,OutKick,Outkick Media LLC,≤100
122699477814622,North Louisiana Economic Partnership,North Louisiana Economic Partnership,≤100
612701059241880,Latinos for Trump,TRUMP MAKE AMERICA GREAT AGAIN COMMITTEE,≤100
492679774460160,Ryan Trundle for Congress,WORKING FAMILIES FOR RYAN TRUNDLE,≤100
206677396413254,Abortion On Our Own Terms,Abortion On Our Own Terms,≤100
2300931716665856,Donald Landry for DA,Donald Landry for District Attorney,≤100
112974563687584,Robert Kiyosaki - The Rich Dad Poor Dad Letter,Long Form Creative Co.,≤100
265268336865693,Do Amore,Do Amore Limited Company,≤100
134597023235240,Rashida Tlaib,RASHIDA TLAIB FOR CONGRESS,≤100
38471053686,Elizabeth Warren,"WARREN DEMOCRATS, INC.",≤100
101136147910784,Represent Justice,Represent Justice,≤100
911828698840246,ReLEntless Defender Apparel,ReLEntless Defender Apparel,≤100
176466646087311,DC Fawcett,Donald Chappell Fawcett,≤100
746938465317981,Nuclear Matters,Nuclear Matters,≤100
650866591740402,Impact North Baton Rouge,Jerry Wayne Jones Jr,≤100
151525932186806,When Democrats Turn Out,WHEN DEMOCRATS TURN OUT PAC,≤100
110018833813683,Flip the Senate,SMP,≤100
106784000894963,Calvin Cooks for Thibodaux City Marshal,Calvin J Cooks,≤100
105370081104608,Veterans for Trump,TRUMP MAKE AMERICA GREAT AGAIN COMMITTEE,≤100
466164103423147,Thorn,Thorn with Facebook Ad Credits,≤100
934438026690635,YouGov,YOUGOV AMERICA INC.,≤100
140357056032320,NEA Today,National Education Association,≤100
596556607135301,The Earthling Co.,The Earthling Co.,≤100
163903757814391,Brad Harris For Marshal,Brad Sanford Harris,≤100
124530924015,Hank Gilbert,HANK GILBERT FOR CONGRESS,≤100
169130743498585,Tactical Pro Supply,Chad Keller,≤100
237477017606,Club for Growth,Club for Growth,≤100
8473889271,National Parks Conservation Association,National Parks Conservation Association,≤100
1447994318779650,AirMedCare Network,AIrMedCare Network,≤100
315151565831,Ascension,Ascension Press,≤100
97493741436,John W. Hickenlooper,HICKENLOOPER FOR COLORADO,≤100
105566671190013,What We All Need,Patrick Le Tran,≤100
419992651425033,Guardianes del Pueblo-Consumer Law Group,Consumer Law Group,≤100
306082439558656,KRAUSE & KINSMAN LAW FIRM,Krause & Kinsman Law Firm,≤100
153678684700451,American Investment Council,AMERICAN INVESTMENT COUNCIL,≤100
23790541544,Democrats,DCCC,≤100
720943967965149,AFSCME Retirees,AMERICAN FEDERATION OF STATE COUNTY & MUNICIPAL EMPLOYEES,≤100
6236054211,Brady,Brady Campaign to Prevent Gun Violence,≤100
107150077720746,American Collectibles,Proud Patriots,≤100
83290028957,Care Net,CARE NET,≤100
114475890010131,Piggy Dollar Financial,Tyler Wayne Hedland,≤100
16477459734,League of Conservation Voters,"LEAGUE OF CONSERVATION VOTERS, INC",≤100
7292655492,MoveOn,MOVEON.ORG POLITICAL ACTION,≤100
29770886815,Marijuana Policy Project,Marijuana Policy Project,≤100
21395843375,Dialysis Patient Citizens,DIALYSIS PATIENT CITIZENS INC,≤100
34701792581,EWTN,Eternal Word Television Network,≤100
108118933908193,Next Level Goods,Next Level Goods LLC,≤100
35169196082,Project HOPE,"PROJECT HOPE-THE PEOPLE-TO-PEOPLE HEALTH FOUNDATION, INC.",≤100
745910525468062,National Center on Sexual Exploitation,National Center on Sexual Exploitation,≤100
100798594958887,inseparable,Inseparable Action Inc,≤100
430964644347524,Campaign Ad-Cloud,Campaign Ad-Cloud,≤100
101752101582591,Maskzup,MaskZup Sales Department,≤100
463095630924391,US Business Funding,Credox,≤100
1600300510259910,For Our Future Pennsylvania,For Our Future Action Fund,≤100
103801844298982,Team Collins,COLLINS FOR SENATOR,≤100
102745147891580,Trump Coolers,Eric Clifford Juels,≤100
1690071827911682,Cleancult,cleancult,≤100
313097997669,StreetLightUSA,StreetLightUSA,≤100
950998258312654,Knowhere,"Knowhere, Inc.",≤100
79125112926,Students for Life of America,"STUDENTS FOR LIFE OF AMERICA, INC.",≤100
115617711783870,Center for Union Facts,CENTER FOR UNION FACTS,≤100
174467403129304,Yoopine,Yoopine Inc.,≤100
953113491536337,Black to the Future Action Fund,Black to the Future Action Fund,≤100
293225127381200,Patriot Depot,The Patriot Depot,≤100
122475637000,Georgia Forestry Association,Georgia Forestry Association,≤100
101888731591071,Barry Laiche for District Attorney,Barry Laiche for District Attorney,≤100
32975139631,If Americans Knew,If Americans Knew,≤100
100357018393041,Together We Stand,Grant Alan Johnston,≤100
134452023239984,Human Coalition,Human Coalition,≤100
105732744375701,Steve Bullock,MONTANANS FOR BULLOCK,≤100
104504438466,Federal Voting Assistance Program - FVAP,Federal Voting Assistance Program,≤100
105455840860559,Eagle Realm,Eagle Realm,≤100
356482637745012,Stansberry Research,Stansberry Research,≤100
7263476274,Mercy Corps,Mercy Corps,≤100
15240089946,Costco,Costco Wholesale,≤100
100101018155207,Paid Leave for All,Paid Leave for All a project of Hopewell Fund,≤100
149081336362,AmeriCorps VISTA,Corporation for National and Community Service,≤100
205395906412,UAW International Union,"INTERNATIONAL UNION, UNITED AUTOMOBILE, AEROSPACE AND AGRICULTURAL IMPLEMENT WORKERS OF AM",≤100
675471506247724,Adair for Congress,ADAIR FOR CONGRESS,≤100
17432811417,Working Families Party,Working Families Party National Independent Expenditure Committee,≤100
27311599342,Preemptive Love,Preemptive Love Coalition,≤100
1389807071117013,Lynn Afendoulis,Lynn Afendoulis for Congress,≤100
8321461609,MomsRising.org,MomsRising Together,≤100
130467958471,Jason Lewis,Jason Lewis for Senate,≤100
61288747990,Real Warriors,Real Warriors Campaign,≤100
1824165801199201,The Fight Against Antimicrobial Resistance,"Paradigm Solutions, LLC",≤100
1682876188698809,United for Respect,United for Respect,≤100
105536127617594,The American Digest,The American Digest,≤100
1679521432262834,Physicians Grassroots Network,American Medical Association,≤100
192771954102960,Jordan Sekulow,American Center for Law and Justice,≤100
166166843531258,National Council of Resistance of Iran - شورای ملی مقاومت ایران,MEK-Iran (Saeid Saadati),≤100
67626834312,National Women's Law Center,National Women's Law Center,≤100
172758932738142,PhRMA,PHARMACEUTICAL RESEARCH AND MANUFACTURERS OF AMERICA,≤100
281844617168,Jewish Voice Ministries International,JEWISH VOICE MINISTRIES INTERNATIONAL,≤100
163302087408673,Stop The Donald,Stop the Donald,≤100
408250066356,Bill O'Reilly,"Bill Me, Inc.",≤100
1562713090633117,Operation Underground Railroad,"Operation Underground Railroad, Inc.",≤100
108173075911611,National Association of Letter Carriers,National Association of Letter Carriers,≤100
2165983337048601,LeverforChange,Lever for Change,≤100
260933440643373,UltraViolet,UltraViolet Action,≤100
1336293769761923,Jon Ossoff,JON OSSOFF FOR SENATE,≤100
1934191280189700,Health Care Voter,Health Care Voter,≤100
496696933682736,Jeff Merkley,JEFF MERKLEY FOR OREGON,≤100
683872625157265,Theresa Greenfield,THERESA GREENFIELD FOR IOWA,≤100
181924628560212,SumOfUs,SumOfUs,≤100
1204754733024419,People's Power Grab,ACRONYM,≤100
72186095846,Center For American Progress Action Fund,Center for American Progress Action Fund,≤100
717417908274761,Lady Freethinker,Lady Freethinker,≤100
20876805343,March of Dimes,MARCH OF DIMES INC.,≤100
101481584557260,Help Asheville Bears-HAB,Heather Christina Williams,≤100
104127571175233,Judge Jay McCallum,Judge Jay McCallum Campaign Committee,≤100
44255328352,Farm Forward,Farm Forward,≤100
936078336413158,Radiate,"Radiate The World, Inc",≤100
118269091671380,The Home T,The Home T,≤100
655065784538368,PredictIt,"PredictIt - Prediction Markets. A project of Victoria University of Wellington, PredictIt has been established to facilitate research into the way markets forecast events.",≤100
2339203789732156,Kim Mangone for Congress,COMMITTEE TO ELECT KIM MANGONE FOR CONGRESS,≤100
6713653788,Gary Peters,PETERS FOR MICHIGAN,≤100
11791104453,NRDC,Natural Resources Defense Council,≤100
282861997886,Majority Leader Steny Hoyer,House Majority Leader Steny Hoyer (MD05),≤100
101662508039115,Lauré Sica For Mandeville Mayor,Laure D Sica,≤100
117641114435,First Aid Beauty,First Aid Beauty,≤100
272932616153701,Lee Rubin for City Council Member-At-Large,The Committee to Elect Lee Rubin as City Council At-Large,≤100
5720973755,Defenders of Wildlife,DEFENDERS OF WILDLIFE,≤100
104934207736995,Paycheck to Paycheck,Center for American Progress Action Fund,≤100
394817334402124,2020 Trump Bill,Innovative Ecomm LLC,≤100
253791814655400,Doug Collins,"COLLINS FOR SENATE, INC.",≤100
1652055241718236,Representative Jack McFarland,"YourVote, LLC",≤100
580610428636345,Fight for $15,Fight for $15,≤100
102540204580217,UpNorthNews,"Courier Newsroom, Inc.",≤100
673117639774135,Gretchen Whitmer,Gretchen Whitmer for Governor,≤100
605168822998856,314 Action,314 ACTION FUND,≤100
780941275347834,Ilhan Omar,ILHAN FOR CONGRESS,≤100
15041226930,Oxfam,"OXFAM AMERICA, INC.",≤100
21834534343,Volunteers of America,"VOLUNTEERS OF AMERICA, INC.",≤100
117758198297225,Rep. Terri Sewell,Office of U.S. Representative Terri Sewell (AL-07),≤100
30914589895,The International Fellowship of Christians and Jews,"INTERNATIONAL FELLOWSHIP OF CHRISTIANS & JEWS, INC.",≤100
350784278974539,Turning Point Action,Turning Point Action,≤100
118670689926309,Debt Relief Secrets,Debt Relief Secrets,≤100
407664862957433,Ammar Campa-Najjar for Congress,AMMAR CAMPA-NAJJAR FOR CONGRESS,≤100
110849485902,United Way,United Way Worldwide with Facebook Ad Credits,≤100
103315378108004,True Patriot Strength,LE-HUU DONG HUYNH,≤100
235762319779450,Omar Navarro,OMAR NAVARRO FOR CONGRESS,≤100
108560687464226,Leo for District Attorney,LEO FOR DA,≤100
203550842430,Mike Lee,FRIENDS OF MIKE LEE INC,≤100
19972147679,SEIU,SEIU,≤100
8501031021,VoteVets.org,VOTEVETS,≤100
728134764058753,Johnell Matthews for Judge,Committee to Elect Johnell Matthews For Judge,≤100
112431050497386,Patriotism For Life,Vivian Lam Nguyen,≤100
455147011996099,The Ann and Phelim Scoop,The Unreported Story Society,≤100
1628679613829742,Josh Hicks,Josh Hicks for Congress,≤100
6756153498,Mike Bloomberg,Mike Bloomberg,≤100
979720542211350,Humanize Being Black,Keyshun Quantarious Holmes,≤100
465483726908192,iVote,IVote Civic Education Fund,≤100
100233228182981,Madison Cawthorn for Congress,CAWTHORN FOR NC,≤100
7833534974,Florida Democratic Party,Florida Democratic Party,≤100
181183059253295,Dorsal Bracelets,Dorsal Bracelets,≤100
1234251319933440,Exclusive Apparel,The Dude's Threads,≤100
248181906078243,National Institute for Civil Discourse,CommonSense American,≤100
100725321703478,JS Range Gear,These ads ran without a disclaimer,≤100
55549065733,Voto Latino,Voto Latino with Facebook Ad Credits,≤100
1545826148838592,Trump 2020,Gregory Lawrence Burright,≤100
723136714746586,The Common Ground Project,"The Common Ground Project, Inc",≤100
106003594486756,Standing Up Together,Annie Wang,≤100
601108943431836,The Flip Side,TFS Inc,≤100
344690446467832,The Copper Courier,"Courier Newsroom, Inc.",≤100
102756811269921,Fellow Americans,Fellow Americans,≤100
58158120046,ACLJ,American Center for Law and Justice,≤100
291102898490822,Giant Maga Hat,Inventors club LLC,≤100
113676922032321,Larry Elder,Salem Media,≤100
316887658336677,My Control Card,"NETSPEND HOLDINGS, INC.",≤100
1438882392887793,ADF Church Alliance,Alliance Defending Freedom,≤100
111844827006348,Michael Landry for Judge,Committee to Elect Michael H. Landry,≤100
102592959026,Ocean Conservancy,"OCEAN CONSERVANCY, INC.",≤100
775525186130124,Center for a Free Economy,Center for a Free Economy,≤100
259212814698356,Democratic Majority for Israel,DMFI PAC,≤100
215199482635728,Alek Skarlatos,ALEK FOR OREGON,≤100
1268410219898273,Tango Tango,Tango Tango Inc,≤100
826460474101920,BitMari,Sinclair Matthew Skinner,≤100
18709174006,National Audubon Society,"NATIONAL AUDUBON SOCIETY, INC.",≤100
101391906600,Live Action News,Live Action News,≤100
108152933883451,TrumpTrendz,Troy Lorenzo Davis,≤100
61265398450,AmeriCorps NCCC,Corporation for National and Community Service,≤100
102636677971854,Trump Is The Storm,Legendary Trump Coins,≤100
135298176481584,Marine Corps Scholarship Foundation,Marine Corps Scholarship Foundation,≤100
119451654741594,Javy,James Veard,≤100
203330919857759,All On The Line,National Redistricting Action Fund,≤100
110468488981853,UNRWA USA,UNRWA USA,≤100
101252258324890,The Con,Abramorama Inc.,≤100
113901656817251,The Committee to Elect Judge Yvette Alexander,The Committee to Elect Judge Yvette Alexander,≤100
502057990533207,Madden4Mayor,Madden for Mayor,≤100
1530883997194411,United States Constitution,Flag and Cross,≤100
104667417857551,United Association LLC,United Association LLC,≤100
1917715138510680,Follow Your Legend,Legend Bracelet,≤100
103966331128460,Trump Train 2020 Campaign Tour,The Trump Train,≤100
253153019746,Eric Greitens,Greitens for Missouri,≤100
157810487611661,Freethink,Freethink,≤100
219247332354785,Phil Arballo for Congress,ARBALLO FOR CONGRESS,≤100
100391581727524,Defeat By Tweet,DEFEAT BY TWEET,≤100
21492729544,Catholic Relief Services,CATHOLIC RELIEF SERVICES - UNITED STATES CONFERENCE OF CATHOLIC BISHOPS,≤100
42872222699,Dana Loesch,Dana Loesch Radio,≤100
117058854998779,The Gideons International,"GIDEONS INTERNATIONAL, THE",≤100
396932197039819,SafeSleeve,"SafeSleeve, LLC",≤100
114386721939978,The Made in America Store,Made In America Store,≤100
109709397469494,Dignity Unbound,Dignity Unbound,≤100
100906591716189,Beyond Patriots,Priscilla Bethany Kennedy,≤100
106362090790473,King For Judge,King For Judge,≤100
109962170672116,Coalition for Affordable Dental Access,High View Strategies,≤100
110010433804232,Falkirk Center,Falkirk Center,≤100
502320477205654,I’m Bout Making My Ancestors Proud,Heritage Hill LLC,≤100
375760676281438,Mermaid Straw,Mermaid Straw,≤100
1442528442457512,Home Instead Senior Care,Home Instead Senior Care Hammond,≤100
587676831343390,Raheem AI,RAHEEM AI,≤100
142992759853421,Be A Hero,BE A HERO PAC,≤100
5887538795,Education Week,Education Week,≤100
114971076538782,The Keystone,"Courier Newsroom, Inc.",≤100
7219151423,The Fund for American Studies (TFAS),The Fund for American Studies,≤100
6820348410,Kirsten Gillibrand,Gillibrand for Senate,≤100
100133714925423,Michelle Odinet for City Court Judge,The Committee to Elect Michelle Odinet,≤100
361960287311696,Better Medicare Alliance,"Better Medicare Alliance, Inc",≤100
317284821682168,Messianic Jewish Alliance of America (MJAA),Messianic Jewish Alliance of America,≤100
79820371749,Ayanna Pressley,THE COMMITTEE TO ELECT AYANNA PRESSLEY,≤100
111237577031486,AquiPor Technologies,William Powers,≤100
156542387845082,Louisiana Hospital Association,Louisiana Hospital Association,≤100
169597416843751,Stand Up America,Stand Up America,≤100
102499901286348,Bold Vision P.C.,Bold Vision PC,≤100
107953199261156,ifaw,"INTERNATIONAL FUND FOR ANIMAL WELFARE, INC.",≤100
345946329411380,Petal Soap,Jason Paul Domangue,≤100
690204954467299,South Louisiana Coalition for Education,South Louisiana Coalition for Education,≤100
260754507296508,The Voter Participation Center,Voter Participation Center,≤100
24481937944,Theodore Roosevelt Conservation Partnership,"THEODORE ROOSEVELT CONSERVATION PARTNERSHIP, INC",≤100
711909245654048,National Police Support Fund,National Police Support Fund,≤100
1192579580831773,Supermajority News,Supermajority,≤100
1055873511190792,Hello Resistance,Hello Resistance Apparel,≤100
105492571122018,Emily Merckle for Shreveport City Judge,Emily Merckle Campaign,≤100
419599424776105,Julie Stokes,Julie Skinner Stokes,≤100
55549065733,Voto Latino,VOTO LATINO INC.,≤100
249455845761285,Lindsey Must Go,LMG PAC,≤100
2012750189007245,Liquid Death Mountain Water,Liquid Death,≤100
103308967840552,"Kendrick J. Guidry for District Judge, Div. H","Committee to Elect Kendrick J. Guidry, District Judge",≤100
210277954204,The Young Turks,"The Young Turks, Inc.",≤100
135081079769,AFGE,American Federation of Government Employees,≤100
1841824626073676,Candace Valenzuela for Congress,CANDACE FOR 24,≤100
105010030848236,Bryant Cameron Webb,DR. CAMERON WEBB FOR CONGRESS,≤100
422202764649078,Rhode Island Department of Education - RIDE,Rhode Island Department of Education,≤100
111023584012681,Open Road Homeward,Samantha Lyn Weldon,≤100
731167726904572,Bill Hammons,William Robert Hammons,≤100
109784800371914,Protect Kids: Fight Flavored E-Cigarettes,TOBACCO-FREE KIDS ACTION FUND,≤100
514167322309353,Dan Crenshaw,Dan Crenshaw for Congress,≤100
242679302418244,Denison Forum,Denison Ministries,≤100
115757826468774,Statsigo,Statsigo,≤100
111693423887942,Edwin Byrd for Judge,Edwin Byrd for District Judge,≤100
1765073800454902,Reform Austin,Reform Austin Inc.,≤100
143089732792,Marsha Blackburn,Blackburn Tennessee Victory Fund,≤100
140877979844,American Gas Association,AMERICAN GAS ASSOCIATION,≤100
232201568659,Pacific Justice Institute,PACIFIC JUSTICE INSTITUTE,≤100
105872574403318,Project TAMMI,a research grant at The National Center on Addiction and Substance Abuse (CASA),≤100
108512875350,The Atlas Society,The Atlas Society,≤100
1402827079932843,Low Income Relief,The Lighthouse Information Network LLC,≤100
334748476594191,Rodney Davis,Rodney for Congress,≤100
628891490457484,Nancy Mace,Nancy Mace for Congress,≤100
111702860231554,Matt Lieberman,Matt Lieberman for Senate,≤100
100244308369333,Dona Renegar for Family Court Judge,Committee to Elect Dona Renegar for Family Court Judge,≤100
105060269781,Premiere Collectibles,"Premiere Marketing, Inc.",≤100
105943157686335,Trust Michigan Families,TRUST MICHIGAN FAMILIES,≤100
186932688457686,CHNGE,CHNGE,≤100
436865753096340,MRC Latino,MEDIA RESEARCH CENTER,≤100
377247662301741,The Louisiana Record,The Record,≤100
53727956260,Republican Jewish Coalition,Republican Jewish Coalition,≤100
657708380952174,Voices of the Civil Rights Movement,Comcast,≤100
127216280686110,Ann Wagner,Ann Wagner for Congress,≤100
1800072483402009,African Community & Conservation Foundation,African Community & Conservation Foundation,≤100
107210084216238,Humanity Forward,Humanity Forward,≤100
30708742052,FCTRY,FCTRY,≤100
15351475322,Cathy McMorris Rodgers,Cathy McMorris Rodgers for Congress,≤100
369214063089791,Lummis for Wyoming,LUMMIS FOR WYOMING INC.,≤100
129523843754764,Vote Smart,PROJECT VOTE SMART,≤100
1443127535947107,Save the Children Action Network,Save the Children Action Network,≤100
118502801658228,Young Kim,Young Kim for Congress,≤100
101591551371555,Fire Mitch. Save America.,SAVE AMERICA FUND,≤100
1819658374974706,Arena,Arena PAC,≤100
51379424899,Mercy Ships,MERCY SHIPS INTERNATIONAL,≤100
7976226799,The Daily Show,Comedy Central,≤100
303167829786891,Ed Markey,THE MARKEY COMMITTEE,≤100
96171427550,Raja for Congress,FRIENDS OF RAJA FOR CONGRESS,≤100
128958937175029,Trivia Today,Benjamin Aaron Perlman,≤100
325578590837480,Obamacare,Sixteen Thirty Fund,≤100
308159713150350,Voter Protection Project,VOTER PROTECTION PROJECT,≤100
15239367801,The Wilderness Society,"WILDERNESS SOCIETY, THE",≤100
592347634460462,Partnership for America's Health Care Future,Partnership for America's Health Care Future,≤100
166738743732702,All Above All Action,All Above All Action Fund,≤100
275908853303174,Pro-Israel America,Pro-Israel America United,≤100
360303722260,Kathleen Williams,KATHLEEN WILLIAMS FOR MONTANA,≤100
747436915270894,Congressional Leadership Fund,CONGRESSIONAL LEADERSHIP FUND,≤100
123624513983,The Western Journal,The Western Journal,≤100
314394732089532,"LexThom Research, LLC",Alexia Theresa Mays,≤100
452356574798439,Louisiana Endowment for the Humanities,LOUISIANA ENDOWMENT FOR THE HUMANITIES,≤100
186805048171120,U.S. & Texas LawShield,Texas LawShield,≤100
102564128179023,Truth to Power,TRUTH TO POWER,≤100
109243500822158,The Greater Brand,Benjamin Pendera Ijah,≤100
10150100007820094,Wendy Davis,WENDY DAVIS FOR CONGRESS,≤100
322044193958,Mike Turner for Congress,Citizens for Turner,≤100
331037760381749,Sierra Magazine,SIERRA CLUB,≤100
10498053716,Media Research Center,MEDIA RESEARCH CENTER,≤100
284785778528496,America's United Militia,These ads ran without a disclaimer,≤100
167139593306791,ACLU of Michigan,AMERICAN CIVIL LIBERTIES UNION,≤100
855163737925784,Tom Cox for State Senate,"Tom Cox for Kansas, Mike Rivera Treasurer",≤100
103235554648484,Elect Scientists,314 ACTION FUND,≤100
111111000254082,St. Tammany ChamberPac,St. Tammany ChamberPAC,≤100
13063797831,Ben Ray Luján,PEOPLE FOR BEN,≤100
104505064408799,Cove USA,"Cove USA, LLC",≤100
19474609238,Mercatus Center at George Mason University,Mercatus Center at George Mason University,≤100
780606555331010,American Student Loan Advocate,ASLR Marketing,≤100
53541257714,The Arc of the United States,"ARC OF THE UNITED STATES, INC., THE",≤100
198875903295,Trek Bicycle,TREK BICYCLE CORPORATION,≤100
100503184678036,BioLargo Water Inc.,"BioLargo, Inc.",≤100
814260155318929,The Fairness Project,The Fairness Project,≤100
25121889784,Texas Public Policy Foundation,Texas Public Policy Foundation,≤100
5943727453,American Humane,American Humane,≤100
100401327980848,National Parents Union,National Parents Union,≤100
143986912311328,University of Vermont Continuing and Distance Education,University of Vermont,≤100
1338822066131069,Women's March,Women's March,≤100
374848446414965,Pollking,Benjamin Aaron Perlman,≤100
122894447754361,Institute for New Economic Thinking,"INSTITUTE FOR NEW ECONOMIC THINKING, THE",≤100
1354622541311687,Dr. Kim Schrier,DR KIM SCHRIER FOR CONGRESS,≤100
329284771298646,Issue One Action,Issue One Action,≤100
112600915451330,No Labels,No Labels,≤100
72931140459,Center for Biological Diversity,"CENTER FOR BIOLOGICAL DIVERSITY, INC.",≤100
2068988876444634,Stand Up for Accurate Prenatal Answers,STAND UP FOR ACCURATE PRENATAL ANSWERS INC,≤100
1452551204988299,GoReact,Speakworks Inc,≤100
272618896537776,America First Agenda,America First Agenda PAC,≤100
21455818797,Feed the Children,"FEED THE CHILDREN, INC.",≤100
518194348194441,RepresentUs,RepresentUs,≤100
1709145412721991,The Center for Growth and Opportunity at Utah State University,The Center for Growth and Opportunity,≤100
113596583756394,Jeremy Smith - Candidate for Oakdale City Council: District 4,Jeremy Louis Smith,≤100
521924961194913,Bruce Westerman,Westerman for Congress,≤100
664200923596900,Sustain,Grove Collaborative,≤100
108106344055747,Unlock American Investment,The U.S. Chamber of Commerce,≤100
602828763544800,Kate For Congress,KATE FOR CONGRESS,≤100
248306181862385,Live Lokai,Denise L Reina,≤100
614950995377106,Heifer USA,These ads ran without a disclaimer,≤100
121033149320,American Indian College Fund,"AMERICAN INDIAN COLLEGE FUND, THE",≤100
102617961152741,Barbara Bollier,BOLLIER FOR KANSAS,≤100
105698674239617,Embed News,Embed News,≤100
248468095247223,Rastaclat,Rastaclat,≤100
341240953385902,Force Of Nature Meats,Force of Nature,≤100
162313010506405,Elect Nandi F. Campbell Judge,Elect Nandi Campbell LLC,≤100
103131054573692,Crawfordology,Crawfordology,≤100
1439364926329185,Animal Matters,Animal Matters,≤100
101690998009007,Improving Life Through Health,Nicolette Dalan,≤100
493811210669780,Creative Action Network,Creative Action Network,≤100
103203971274743,Vairma/Herrera 2021 - Teamster Power Slate,Vairma 2021 Teamster Power Slate,≤100
28446275521,Military Officers Association of America (MOAA),Military Officers Association of America,≤100
108503659576,National Coalition for Public School Options,National Coalition for Public School Options,≤100
84280132559,American Legislative Exchange Council,American Legislative Exchange Council,≤100
111970730196550,World War Zero,AMERICAN SECURITY PROJECT,≤100
265045056894488,Mark Meckler,Convention of States Action,≤100
113341064736,American Conservative Union,American Conservative Union,≤100
682990071843813,Center for the Study of Liberty,Center for the Study of Liberty,≤100
194115677277113,A21,A21 with Facebook Ad Credits,≤100
1084856268238034,Trump Talking,Roberto None Lugo,≤100
8321461609,MomsRising.org,MomsRising Education Fund,≤100
892673067526965,Project War Path,Project War Path,≤100
175403889150682,FindLaw.com,FindLaw Consumer,≤100
197760674021143,Indivisible Guide,INDIVISIBLE ACTION,≤100
111163637324238,BA Apparel,Michael Seth Weathers,≤100
102970113093477,Church Militant/St. Michael’s Media,Max Aldcander Douglas,≤100
2133130356918764,Common Justice,COMMON JUSTICE INC,≤100
12683623041,Society for Human Resource Management (SHRM),SOCIETY FOR HUMAN RESOURCE MANAGEMENT,≤100
309993142375589,Joe Kennedy III,KENNEDY FOR MASSACHUSETTS,≤100
121626482110,Operation Smile,"OPERATION SMILE, INC.",≤100
1667892193505378,Hold the House,HOLD THE HOUSE PAC,≤100
366351973736242,Red Rock Secured,Red Rock Secured,≤100
107898280953713,Make Every Day Great,Richard Brochetti,≤100
112735922758892,Charlie Kirk,Charlie Kirk,≤100
152264148166020,Moms Clean Air Force,Moms Clean Air Force,≤100
106425730874644,Ruby Powell-Dennis for Tennessee,Citizens For Ruby Powell-Dennis,≤100
1925751504337881,MJ Hegar,MJ FOR TEXAS,≤100
296295018082,AARP en Español,AARP,≤100
712636525519487,Politisigns,"Politisigns, LLC",≤100
36872302227,Cory Booker,Cory Booker for Senate,≤100
566008736785269,Be Heard Project,Be Heard Project,≤100
468906559794011,LaunchGood,LaunchGood Inc.,≤100
115364585711,Lawyers' Committee for Civil Rights Under Law,LAWYERS' COMMITTEE FOR CIVIL RIGHTS UNDER LAW,≤100
102180301437619,2020 American Defense Fund,C3 PAC,≤100
430007997047291,Credible,These ads ran without a disclaimer,≤100
373814729643508,Let America Vote,Let America Vote PAC and National Democratic Redistricting Committee,≤100
176099072429809,Oceana in Florida,OCEANA,≤100
17203056985,Partners In Health,Partners In Health,≤100
107665644228467,Conservative Journal Review,Conservative Journal Review LLC,≤100
146675018686689,Ascension Parish Schools,ASCENSION PARISH SCHOOLS,≤100
1708467695859543,Veteran Transition Mission,Sonia Ivelisse Barriera Ayala,≤100
103162411257510,Trumplican,USA Movements,≤100
1852520761657982,4ocean,4ocean,≤100
2295062210811244,Coalition for American Veterans,COALITION FOR AMERICAN VETERANS POLITICAL ACTION COMMITTEE,≤100
165566613453452,ERLC,ETHICS AND RELIGIOUS LIBERTY COMMISSION OF THE SOUTHERN BAPTIST,≤100
872842866161157,One Nation Design,One Nation Design,≤100
1658135304460341,MANG,MANG,≤100
552580508224925,Chan Zuckerberg Initiative,"CHAN ZUCKERBERG INITIATIVE, LLC",≤100
101810271352023,Chet Caillouet for Thibodaux City Marshal,Chet 4 City Marshal,≤100
113310617054164,Trump Baseball Bats,Trump Baseball Bats,≤100
427302110732180,Mike Cernovich,Michael C Cernovich,≤100
103185334702225,Stop Trump PAC,STOP 45 PAC,≤100
357554791340788,Liker,Omar Rivero,≤100
111772843789224,HURD PAC,HAVING UNWAVERING RESOLVE AND DETERMINATION PAC,≤100
525171637666780,Sandy Piña California Delegate,RCR,≤100
90498769709,Edenpure,EdenPURE®,≤100
108793860719784,McHale For Magistrate,McHale for Magistrate,≤100
95483488591,Democratic Party of Wisconsin,DEMOCRATIC PARTY OF WISCONSIN,≤100
238101676250771,The Political Firm,The Political Firm LLC,≤100
1654391474785866,Sybrina Fulton,"Sybrina Fulton for Miami-Dade County Commission, District 1, Nonpartisan",≤100
101164484986617,To Be Frank Show,Real News PR,≤100
1721333671443168,Majority Forward,MAJORITY FORWARD,≤100
109121033774781,El Independiente Online,Fausto Gamaliel Quintanilla,≤100
323057528048557,LGBTQ Victory Institute,LGBTQ Victory Institute,≤100
104170004713256,Elect Black Democrats,THE COLLECTIVE PAC,≤100
1945237355733646,Giving Brush,Giving Brush LLC,≤100
173470656019870,The Daily Yonder,Great Stories LLC,≤100
2070944712939738,American Police Officers Alliance,American Police Officers Alliance,≤100
219224241438635,Compassion & Choices,COMPASSION & CHOICES,≤100
114031480370030,Brad Ware for Rayne City Marshal - Ward 1,Brad Ware Campaign,≤100
383677738397139,Association for Accessible Medicines,Association for Accessible Medicines,≤100
149423105082273,"The People, LLC",Karen Champagne,≤100
546707688675095,Smart Approaches to Marijuana,SAM Action,≤100
199826043375900,Larry Hogan,An America United,≤100
373980880018659,Congresswoman Abigail Spanberger,the Office of Rep. Spanberger,≤100
540707072979860,Brian Maryott,MARYOTT FOR CONGRESS,≤100
105157841248307,No Filter Politics,No Filter Politics,≤100
148524135306144,NPR's Code Switch,These ads ran without a disclaimer,≤100
763491940427547,Roque  "Rocky"  De La Fuente,Rocky 101 LLC,≤100
102750021183412,Justice U,Altus Solutions Inc,≤100
105283560949571,Trump 2024 Film,2024 LLC,≤100
1678492922390061,WorkingNation,WorkingNation,≤100
987698164585861,Citizen Ed,Citizen Education,≤100
160513344045084,John Neely Kennedy,"John Kennedy for Us, Inc",≤100
1636216106590985,Josh Hawley,JOSH HAWLEY FOR SENATE,≤100
279971855440789,"Galveston County, Texas",Galveston County,≤100
1947204578916961,Kionne McGhee,"Kionne McGhee, Non-Partisan, for Miami-Dade County Commissioner District 9",≤100
142432192446984,David Horowitz Freedom Center,David Horowitz Freedom Center,≤100
157307331013957,The History List,The History List,≤100
413500232549343,National Vet Help,Illingworth Renner Basin Law Group LLP,≤100
135984716580498,Jacob Colby Perry,Jacob Colby Perry,≤100
324119001078997,"Sanford Heisler Sharp, LLP","Sanford Heisler Sharp, LLP",≤100
2264090133834042,Invite Research,Precision Network,≤100
1398297423810411,Rick Smith for Covington City Council - At Large,Rick Smith Campaign,≤100
1370474066365196,F1RST WARRIOR,First Warrior,≤100
60236215646,LGBTQ Victory Fund,LGBTQ VICTORY FUND,≤100
110728160492443,Unveiling Joy,Unveiling Joy,≤100
106629127527429,Kathy Barnette for Congress PA 04,Kathy Jean Barnette,≤100
598720023670599,Jennifer Carroll Foy,Jennifer Carroll Foy for Governor,≤100
443329669123990,USAFacts,USAFacts Institute,≤100
50982313030,Food & Water Watch,Food & Water Watch,≤100
123965317665623,N-Hance Wood Refinishing,N-Hance Inc.,≤100
103421501192946,Texas2020,Texas2020.org,≤100
162695894106234,Co-ops Vote,National Rural Electric Cooperative Association,≤100
692143357580562,64 Parishes,Louisiana Endowment for the Humanities,≤100
24982445498,ProQuest,PROQUEST LLC,≤100
420424547981908,In Search of Liberty,Scott Dennis Welch,≤100
294508332028,Lakota People's Law Project,ROMERO INSTITUTE,≤100
278487153675,Redneck Nation Clothing,Tracie Milliron Gold,≤100
519590768083165,Abby Finkenauer for Congress,FINKENAUER FOR CONGRESS,≤100
313723095478950,The Daily Citizen,Focus on the Family,≤100
497081420632330,Dr. Hiral Tipirneni,HIRAL FOR CONGRESS,≤100
109267407229927,ZIPO: Zero Interest Principal Only,ZIPO Inc,≤100
13885075114,Action Against Hunger USA,ACTION AGAINST HUNGER - USA,≤100
357750373755,National Domestic Workers Alliance,National Domestic Workers Alliance,≤100
101174331629641,Ring The Alarm,RingTheAlarm.US,≤100
114885646899438,Mr. 45th,Clush,≤100
59877921429,Lutheran Immigration and Refugee Service,"LUTHERAN IMMIGRATION AND REFUGEE SERVICE, INC.",≤100
123838185676931,Quinn Nystrom for Congress,Quinn Nystrom for Congress,≤100
249362448960808,Sanderson Farms Corporate,Sanderson Farms Corporate,≤100
105222917615301,Jen Richardson for Congress,CITIZENS FOR JEN RICHARDSON,≤100
102729624670835,MinuteStats,Minute Stats,≤100
384676381708957,Education NC,Education NC,≤100
661744180680367,National Police Association,"NATIONAL POLICE ASSOCIATION, INC.",≤100
110004720690586,Arkansas Strong,Arkansas Strong,≤100
110974960642149,Proudly American,Grant Alan Johnston,≤100
108375014270774,Better Family Life Insurance,Samuel Nunez,≤100
2049170775107862,Resistance By Design,Resistance By Design,≤100
1861277354111578,Bizer & DeReus,Garret Scott Dereus,≤100
166087830076297,WebPT,WebPT,≤100
379373892662119,Healthcare Advisor Group,Healthcare Advisors Group,≤100
180207826090799,Tiffany D. Cross,HARPERCOLLINS PUBLISHERS L.L.C.,≤100
300992409852,Hoover Institution,Hoover Institution,≤100
7962229886,Environmental Working Group,ENVIRONMENTAL WORKING GROUP,≤100
830890360316751,Nick Hanauer,Civic Action,≤100
75353945070,Boxed Water Is Better,Boxed Water Is Better,≤100
7292655492,MoveOn,MOVEON.ORG CIVIC ACTION,≤100
95135221781,Federal News Network,Hubbard Radio DC,≤100
104126021393319,MAGA Supply,L&N Enterprises,≤100
108090464296366,Republican Patriots,I Love My Freedom,≤100
113223650193301,MAGA REVOLUTION,Apse Media LLC,≤100
5633824547,FreedomWorks,"FREEDOMWORKS, INC.",≤100
322870825821,Macmillan Audio,"HOLTZBRINCK PUBLISHERS, LLC",≤100
222069953089,Kansas Livestock Association,KANSAS AG COMMUNITIES COALITION,≤100
341513602902369,CALL TO ACTIVISM,CALL TO ACTIVISM,≤100
412739549455010,Karena Reiter,PrimaDonna Reeds,≤100
158505287559920,Save the Storks,Diane Patricia Ferraro,≤100
246846192720018,War On Our Future,The Years Project,≤100
7100914121,American Experience | PBS,WGBH EDUCATIONAL FOUNDATION,≤100
9739634228,The Political Machine,"Hitcents.com, Inc",≤100
47710973068,Cooperative Action Network,National Rural Electric Cooperatives Association,≤100
303817256420208,Leslie Rutledge for Arkansas,Leslie Rutledge for Governor,≤100
106868314285372,The Finance Kit,DYS Capital LLC,≤100
103929304678916,Voter Action Project,Integrity First Voter Action Project,≤100
1692312484375663,The Appeal,TIDES ADVOCACY FUND,≤100
281884085611820,Tedra Cobb,COMMITTEE TO ELECT TEDRA COBB,≤100
103067581133922,Paul Junge,PAUL JUNGE FOR CONGRESS,≤100
653079394725698,Aspiration,Aspiration,≤100
456262374764387,Voters Not Politicians,Voters Not Politicians,≤100
281835005264380,Eric Swalwell,SWALWELL FOR CONGRESS,≤100
362502607104370,Shop NSJ Collection,These ads ran without a disclaimer,≤100
133913826633461,Grassroot Institute of Hawaii,Grassroot Institute of Hawaii,≤100
173837496125511,Conscious Step,Conscious Step,≤100
167968013767335,Julie Oliver,JULIE OLIVER FOR CONGRESS,≤100
113553048669158,Rick Scott,TEAM RICK SCOTT,≤100
115505803545500,BLACK ROBIN,These ads ran without a disclaimer,≤100
286084075135455,Support After Abortion,Support After Abortion,≤100
139062085972,Illinois Family Institute,"ILLINOIS FAMILY INSTITUTE, THE INC",≤100
101027801381944,Privat For Judge,Friends of Scott Privat,≤100
109866370700481,PushBlack Finance,PushBlack,≤100
73970658023,International Rescue Committee,International Rescue Committee,≤100
83865976093,Truthout,TRUTHOUT,≤100
108508040689623,Steve Stokes For Covington Council At-Large,Stephen J Stokes,≤100
6165653060,AFSCME,AMERICAN FEDERATION OF STATE COUNTY & MUNICIPAL EMPLOYEES,≤100
100123544800892,Disme Coin Company,Byron Michael Laughlin,≤100
922580991129339,People's Mojahedin Organization of Iran - MEK IRAN,MEK-Iran (Saeid Saadati),≤100
147368882623027,Black Futures Lab,Black Futures Lab,≤100
2259323457517498,Abolish the Electoral College,ABOLISH THE ELECTORAL COLLEGE,≤100
856086028066485,Persona,"Persona Media, Inc.",≤100
317667194946264,Ro Khanna,RO FOR CONGRESS INC,≤100
116724816782696,Founders Right,Modern Millennial LLC,≤100
896759427103774,Modern Medicaid Alliance,Modern Medicaid Alliance,≤100
150720154976207,Protect My Public Media,"APTS Action, Inc.",≤100
154510321337994,Chris Pappas for Congress,CHRIS PAPPAS FOR CONGRESS,≤100
115589465160388,Scribner Books,Simon and Schuster,≤100
551158678560402,Epimonia,Epimonia LLC,≤100
408252582872693,Daniella Levine Cava,"Daniella Levine Cava, Non-Partisan, for Miami-Dade County Mayor",≤100
333081284065216,Brynne Kennedy for Congress,BRYNNE KENNEDY FOR CONGRESS,≤100
103376804451432,Trending Politics,Making Web LLC,≤100
112164673854264,Living Patriotically,Living Patriotically,≤100
2377166239179411,Nancy Goroff for Congress,Goroff for Congress,≤100
808450969246896,"Rebecca Walser, Tax Attorney, CFP",Walser Wealth Management,≤100
1668350569891953,Rainbow Movement,William James Ulrich,≤100
1229789977123022,Debbie Lesko for Congress,DEBBIE LESKO FOR CONGRESS,≤100
148742108560,Generation Joshua,Generation Joshua,≤100
7642602143,Mother Jones,FOUNDATION FOR NATIONAL PROGRESS,≤100
1640970822834351,Plaine Products,Plaine Products,≤100
155443277896065,Dane Eagle,Dane Eagle For Congress,≤100
239658882763974,Poverty USA by CCHD,UNITED STATES CONFERENCE OF CATHOLIC BISHOPS,≤100
71284685294,Detroit Pistons,Detroit Pistons,≤100
104684067632334,Unite the Country,UNITE THE COUNTRY,≤100
1539034282981202,Virtual Strides,Virtual Strides,≤100
2266305507024846,The Rogue Review,John Thomas Ruppert,≤100
1498561767025112,Zephyr Teachout,Macmillan Publishing,≤100
46428009499,The Jewish Agency for Israel,Shiri  Stern,≤100
336440323158789,Jack Burkman Radio,Jack Burkman Radio,≤100
111562127195595,Regal Biological,These ads ran without a disclaimer,≤100
243947752771440,TJ Cox for Congress,TJ COX FOR CONGRESS,≤100
128716440866482,Adam Milstein,Adam Milstein,≤100
32802178807,Homes For Our Troops,Homes For Our Troops,≤100
18017481462,Acton Institute,Acton Institute,≤100
215968684159,AFT - American Federation of Teachers,American Federation of Teachers,≤100
279890513018,Islamic Networks Group - ING,"ISLAMIC NETWORKS, INC.",≤100
103653994359958,Harvard Forward,The Boarding School,≤100
232264683462806,"Arc Manor, LLC",ARC MANOR LLC,≤100
723113964421686,Justice for Christian Griggs,Dollie Sturdivant Griggs,≤100
138993046151618,Wipf and Stock Publishers,Wipf and Stock Publishers,≤100
113644103666790,America First,TruthLion,≤100
905347056195988,Clean Vehicle Rebate Project,Clean Vehicle Rebate Project [Administered by the Center for Sustainable Energy],≤100
219643572044648,Prevail Card,"Prevail Card, LLC",≤100
1731084720451495,The Younique Foundation,The Younique Foundation,≤100
243498882520314,FoodFinder,"FOODFINDER, INC.",≤100
106072877809668,Secure The Ballot,Secure the Ballot,≤100
312569146034029,BlueVote,BlueVote,≤100
105287044367027,ObsessedwithTrump,Donald Lee Rowan,≤100
1869687273277265,Run for Something,Run For Something PAC,≤100
7735858972,Humane Society Legislative Fund,Humane Society Legislative Fund,≤100
8934429638,Planned Parenthood Action,Planned Parenthood Votes,≤100
114367169942433,Illinois Real ID,Illinois Real ID,≤100
1205124206245013,Movement for a People's Party,People for a Working Democracy,≤100
191247007554047,Center of the American Experiment,Center of the American Experiment,≤100
110432156999239,Philly Art Jawn,Catherine Anne Donohue,≤100
102413723172970,Nick Adams,Nick Adams,≤100
100184714677097,Election Year Knockout,Exceptionull Games,≤100
69039563201,Open Doors USA,"OPEN DOORS WITH BROTHER ANDREW, INC.",≤100
209046616332309,Xochitl for Congress,Xochitl for New Mexico,≤100
44340057816,Uncommon Goods,UncommonGoods,≤100
164472026916984,Masbia Soup Kitchen Network,MASBIA,≤100
133294620046953,Mission India,MISSION INDIA INC,≤100
48818254473,Alexander Street,PROQUEST LLC,≤100
1086209354874961,Resilience Force,"NEO PHILANTHROPY, INC.",≤100
107037332686173,Michelle Fischbach for Congress,FISCHBACH FOR CONGRESS,≤100
9486905778,Marc Broussard,Marc Broussard,≤100
102027764795677,American Wire,The USA Wire,≤100
26006662641,Arizona Democratic Party,Arizona Democratic Party,≤100
785936231584382,Paula Jean Swearengin,Paula Jean for West Virginia,≤100
160418807408255,TargetSmart,TargetSmart Communications,≤100
122150409780,UC San Diego,University of California San Diego,≤100
1155840037910203,Nuevas Ideas Afiliados del Exterior,Nuevas Ideas Afiliados Exterior,≤100
100911481267154,"Luke Gromen - FFTT, LLC","FFTT, LLC",≤100
356419611427623,Jemar Tisby,Zondervan,≤100
109379393894282,Keep Texas Moving,TEXAS ASSOCIATION OF BUSINESS,≤100
102846434825096,Beat Abbott,Beat Abbott PAC,≤100
298271003840760,Bluestem Kansas,Bluestem Foundation,≤100
103144734491014,"James Calkins, Republican for County Commissioner",James Calkins for County Commissioner,≤100
214002058736436,Unite America,UNITE AMERICA,≤100
109200595768753,The Christian Left,The Christian Left,≤100
6315243665,Faith in Public Life,"FAITH IN PUBLIC LIFE, INC.",≤100
6334782252,Oceana,OCEANA,≤100
207152169356805,Re-Elect Circuit Judge Alan Apte,"Alan Apte, Non-Partisan, for Circuit Court Judge",≤100
1507689979455306,American Bail Coalition,American Bail Coalition,≤100
105561217523274,The_Dispatch,"Dispatch Media, Inc.",≤100
101380274600494,Old North News,Metric Media LLC,≤100
1511412998966651,Altamar with Peter Schechter and Muni Jensen,Altamar LLC,≤100
505653766599222,America First with Dr. Sebastian Gorka,Salem Media,≤100
216705888361546,Elbert Lee Guillory,ELBERT GUILLORY'S AMERICA,≤100
116987410178,Missouri Partnership,MISSOURI PARTNERSHIP,≤100
108296990863730,Hero Action Fund,Hero Action Fund,≤100
201248453800242,My Pay My Say,Mackinac Center for Public Policy,≤100
77790954801,Salesian Missions,Salesian Missions,≤100
312657362217994,Women's Heart Alliance,Women's Heart Alliance,≤100
107569650978840,Sanall,Sanall,≤100
178835922297833,American Clinical Laboratory Association,American Clinical Laboratory Association,≤100
336470580233523,Pins and Aces Golf Co.,US Craft Brands LLC,≤100
103150364587807,Gun Owners Care,National Shooting Sports Foundation,≤100
102139218008846,King Nation Apparel,King Nation Apparel,≤100
1764185850558806,Apex Clean Energy,Apex Clean Energy,≤100
78420171887,Sailors for the Sea,SAILORS FOR THE SEAINC,≤100
176239986344190,Brian Evans,BRIAN EVANS FOR US CONGRESS IN HAWAII,≤100
680549575421741,UnitedVoice.com,"Beachside Media, Inc.",≤100
420756238503932,Your American Flag Store,Your American Flag Store,≤100
1621690511405010,Civic Action,Civic Action,≤100
238008626268343,Israel365,Teach for Israel Inc,≤100
304062610300415,VozWire,Gregson E Mathe,≤100
624113997772825,North Dakotans for Comprehensive Energy Solutions,Americans for Comprehensive Energy Solutions,≤100
169440273093442,The Center for Election Science,The Center for Election Science,≤100
106402714456835,Trees 4 Australia,Trees4Australia,≤100
221631014637468,Look Human,"Print Syndicate, Inc.",≤100
8936818385,Accuracy in Media,"ACCURACY IN MEDIA, INC",≤100
61878332769,ICNA Relief,ICNA RELIEF USA PROGRAMS,≤100
2176472882580975,Crusader Outlet,Crusader Marketing,≤100
399067003454888,Sudan Relief Fund,Sudan Relief Fund Inc,≤100
404041503001995,Time On The Hill,"Time On The Hill, Inc.",≤100
1528498354074301,Punching Bag Media - Conservative News,Sean Michael Probber,≤100
289359554914740,We Have A Stake,The ANCOR Foundation,≤100
94047978366,PCCC - BoldProgressives.org,PROGRESSIVE CHANGE CAMPAIGN COMMITTEE,≤100
467503009987109,"Healthy Forests, Healthy Communities","Healthy Forests, Healthy Communities",≤100
101384961651764,Louisiana Policy Review,Louisiana Policy Review,≤100
416913748508616,We Welcome Refugees,We Welcome Refugees,≤100
295533050495998,Abogado de Inmigracion Jorge Rivera - Immigration Group LLC,Michael A Castillo,≤100
750053788435485,Texas Oil and Gas Association,Texas Oil & Gas Association,≤100
1675630946095534,Franciscan Missions,Franciscan Missions,≤100
108906707265489,USA Pooch,"PRESIDENTIAL POOCH, INC",≤100
546497545399440,ASEC - African Sisters Education Collaborative,African Sisters Education Collaborative (ASEC),≤100
212009062197107,Higher Heights for America,Aprill Olivia Turner,≤100
343714718985673,Think Wood,Think Wood,≤100
143509339045414,Americans for Peace and Tolerance,"AMERICANS FOR PEACE AND TOLERANCE, INC.",≤100
110798880680061,USA Strong,USA Strong,≤100
50576707351,Republican State Leadership Committee,Republican State Leadership Committee,≤100
2336022790003836,Patients + Providers United,Patients and Providers United,≤100
38882699096,Polaris,POLARIS PROJECT,≤100
106333028376,"Nichols Kaster, PLLP",Nichols Kaster PLLP,≤100
93865017772,U.S. Global Leadership Coalition (USGLC),U.S. Global Leadership Coalition,≤100
175797376373,"WaterFurnace Geothermal Heating, Cooling & Hot Water","WATERFURNACE INTERNATIONAL, INC.",≤100
36543730620,Sambazon,These ads ran without a disclaimer,≤100
138141366212571,Gravis Marketing,GRAVIS MARKETING INC.,≤100
128289862750,Liberty in North Korea,Liberty in North Korea,≤100
102449671140258,Joshua Rydell for State Attorney,"Joshua Rydell, Democrat, for State Attorney",≤100
138492335404,Scott Walker,"Walker Group, LLC",≤100
189452770432,Women's Campaign Fund,WOMENS CAMPAIGN FUND INC,≤100
116534199732974,USA Carry Online,USA Carry Online,≤100
1145019702185006,Alliance for Safety and Justice,Alliance for Safety and Justice,≤100
64206021703,National Committee to Preserve Social Security and Medicare,NATIONAL COMMITTE TO PRESERVE SOCIAL SECURITY AND MEDICARE,≤100
210357995667559,The National Memo,The National Memo,≤100
109678580574253,Politicool Clothing Co.,PolitiCoolClothing.com,≤100
344346245749372,Shore Trendz,RHW.COM LLC/DBA Shore Trendz,≤100
290851614930809,Combat AntiSemitism,Combat Anti-Semitism,≤100
26668999076,The Cato Institute,"CATO INSTITUTE, INC.",≤100
92021268117,Working America,Working America,≤100
86071521216,Second Amendment Foundation,SECOND AMENDMENT FOUNDATION INC,≤100
279846350948,St. Labre Indian School,St. Labre Indian School,≤100
2223151871134889,Trump45Merch,Thomas Charles Granack,≤100
260366367717440,Committee to Protect Medicare,Committee to Protect Medicare,≤100
399060493533519,The Justice Foundation,JUSTICE FOUNDATION,≤100
337416009703682,Heather Carter,VOTE HEATHER CARTER SENATE,≤100
289634374392752,ConservAmerica,ConservAmerica,≤100
167868030006437,Kevin Woods-Shelby County School Board District 4,Friends of Kevin Woods,≤100
101442908124605,Liberty Surveys,Liberty Surveys,≤100
231354176962252,Social Work Helper,"Social Work Helper, PBC",≤100
54787697857,Ron Wyden,WYDEN FOR SENATE,≤100
1000253160054572,Cori Bush,CORI BUSH FOR CONGRESS,≤100
160630887998827,Let Them Live,Let Them Live,≤100
1014291495249813,Politicon,Politicon,≤100
303374266418976,AFPM,American Fuel & Petrochemical Manufacturers,≤100
104038541334426,BailoutWatch,Elisabeth Marie Soto,≤100
111651860404886,Brandon Dever for Ward 4 Marshal,Brandon Dever Campaign,≤100
107937014153581,Energized Health,John Jubilee Transformation LLC DBA Energized Health,≤100
458142697588014,AARP Public Policy Institute,AARP,≤100
100309441603297,HSLDA Action,HSLDA Action,≤100
802271849850801,Freedom for All Americans,Freedom for All Americans,≤100
251483261675396,OILMAN Magazine,Emmanuel Juan Sullivan,≤100
1107973016071967,Wesley Hunt,Hunt for Congress,≤100
1576236875930301,Global Cyber Alliance,Global Cyber Alliance with ad credits,≤100
31966561030,National Taxpayers Union,National Taxpayers Union,≤100
376044452473138,Acronym TV,Dennis Gerard Trainor,≤100
1393911800825140,OZY,OZY Media Inc,≤100
43821078871,Transport Workers Union (TWU),Transport Workers Union of America,≤100
1189321434561854,Vote Ranjeev for Rep,Friends of Ranjeev Puri,≤100
182079698493370,Portside,Portside,≤100
67011831040,Canon Press,Canon Press,≤100
276131699084792,YWAM Los Angeles,YWAM Los Angeles,≤100
1741729849281711,Uber & Lyft Sexual Assault Attorneys,David Jesiah Perez,≤100
185740015159478,340B Matters,340B Matters,≤100
137470926951018,"John Mina, Orange County Sheriff","John Mina, Democrat, for Orange County Sheriff",≤100
7209432197,Chris Coons,CHRIS COONS FOR DELAWARE,≤100
101208514791301,Daniel Turner,Power The Future Inc,≤100
1099779163410386,John Barrasso,Friends of John Barrasso,≤100
24014374813,Christians United for Israel (CUFI),Christians United for Israel,≤100
109584730766616,Chris Pratt for Judge,THE COMMITTEE OF RESPONSIBLE PERSONS TO ELECT CHRIS PRATT.,≤100
187809941803009,IVYPAC,IVYPAC,≤100
161879897191723,EarthX,EarthX,≤100
101572582521,MSC Industrial Supply,Raegan Nicole Johnson,≤100
103557118005382,Live Action Español,Live Action,≤100
50711561090,Muslim Advocates,MUSLIM ADVOCATES,≤100
127335473965761,Recycle Cartons,"Carton Council of North America, Inc.",≤100
103646064618386,The Judge Show - James Judge,James Patrick Judge Jr.,≤100
260668817346988,Ignite National,IGNITE,≤100
200676905671,We Are ALPA,Air Line Pilots Association,≤100
110125904070783,Super Top Shelf,Super Top Shelf LLC,≤100
59543893235,National Constitution Center,National Constitution Center,≤100
2317264024972785,American Populists,The New American Populist,≤100
77459136187,Gavin Rollins,GAVIN ROLLINS FOR CONGRESS,≤100
9364828262,Citizens Against Government Waste,CITIZENS AGAINST GOVERNMENT WASTE,≤100
2017884721848472,Bokeki,Kimbereley Iris Goldstein,≤100
299295363912730,New Politics Leadership Academy,New Politics Leadership Academy,≤100
116546288359245,Heritage Action for America,HERITAGE ACTION FOR AMERICA,≤100
1612726335627171,We the Internet TV,We the Internet TV,≤100
153477451455783,The Optimist Daily,"The Optimist Publications, LLC",≤100
130268756992804,Yale Climate Connections,Yale Climate Connections,≤100
113335773562471,President Trump For Re-Election,Great American Era,≤100
221401431386940,Pramila Jayapal,PRAMILA FOR CONGRESS,≤100
17023576156,The Leadership Conference on Civil and Human Rights,These ads ran without a disclaimer,≤100
104952231285892,Marc Falzon,Marc A Falzon,≤100
150188221663035,Oregon Natural Resource Report,Oregon Report LLC,≤100
201956993160690,MRCTV,MEDIA RESEARCH CENTER,≤100
259343267436363,Representative Ed Thompson,Friends of Ed Thompson,≤100
11911627997,Pancreatic Cancer Action Network,"PANCREATIC CANCER ACTION NETWORK, INC.",≤100
180230069923,American Life League,American Life League,≤100
51791915551,Binghamton University,Binghamton University,≤100
135997359926517,SSDC Services,Jefery James Wenzel,≤100
100910971603037,Make Abortion Illegal Again,AUGBERN LLC,≤100
107083381085124,Black Love Campaign,David Gregory Joynes,≤100
101352851565699,Somos PAC,SOMOS PAC,≤100
135403221037,City Journal,City Journal,≤100
195704103779569,Savage Outdoors & The One,Amanda Harris Lee,≤100
100543701730020,Against Hate at FSU,Against Hate at FSU,≤100
117953430328,BraunAbility,"BRAUN CORPORATION, THE",≤100
16534314739,Facing History and Ourselves,"FACING HISTORY AND OURSELVES NATIONAL FOUNDATION, INC.",≤100
83960796709,Institute for Southern Studies,INSTITUTE FOR SOUTHERN STUDIES INC,≤100
112333396969405,Jim Bognet,Bognet for Congress,≤100
102703188127463,Winning Energy,Winning Energy LLC,≤100
53167307346,Communist Party USA,Communist Party USA,≤100
487569614682924,CAPP USA,Yellow Line Productions LLC,≤100
202026326353,Tu Salud Magazine,"CDM PUBLISHING, LLC",≤100
103617578071596,Anti-racism campaign,Anti-Racism Campaign,≤100
10766391539,POZ Magazine,"CDM PUBLISHING, LLC",≤100
217187838327836,The Story Exchange,The Story Exchange Foundation,≤100
127637620616803,Comcast Newsmakers,Comcast,≤100
856208611420219,Christina Finello,FINELLO FOR CONGRESS,≤100
108999884127251,McDavid Media,McDavid Media,≤100
100817908371975,The Patriot Authority,Catherine Sue Mantooth,≤100
115973688451232,CitizenNet,CitizenNet,≤100
104679177804089,45 Changes Lives,PKA Karate Academy Inc,≤100
23180353833,North Carolina Republican Party,North Carolina Republican Party,≤100
403716816314673,Lee Saunders,AMERICAN FEDERATION OF STATE COUNTY & MUNICIPAL EMPLOYEES,≤100
122360425094991,Nasty Woman Cosmetics,Nasty Woman Cosmetics,≤100
21647204289,Michigan Education Association,Michigan Education Association,≤100
2123425971065747,Sora Schools,Indra Putra Sofian,≤100
1135715163236187,My Vote Project,The First Coast Leadership Foundation,≤100
115062673538714,Progress Studies For Young Scholars,These ads ran without a disclaimer,≤100
359780944896828,American Lodestar,Polaris Media Lab LLC,≤100
944885865692767,Trumpy Dumpty,Rebel Games LLC,≤100
907919839243616,My Faith Votes,THEN VISION CHARITABLE TRUST,≤100
111480020618941,Big Bad Uncle Sam LLC,Collin Christian Johnson,≤100
2338979479650120,Genevieve Collins for Congress,COLLINS FOR TEXAS,≤100
114739563265041,Robert "Bob" Abene,Thomas Albert Delegal,≤100
111499100431,National Association for Gun Rights,NATIONAL ASSOCIATION FOR GUN RIGHTS INC,≤100
12503116997,Dennis Prager,Salem Media,≤100
91223411833,Medical Teams International,Medical Teams International,≤100
228132537208218,Tammy Duckworth,TAMMY FOR ILLINOIS,≤100
2025091014264618,The Funeral Leader,MKJ Marketing,≤100
109906667085581,Congressman Dan Bishop,"Congressman Dan Bishop, US House of Representatives",≤100
108777231824,Manhattan Institute for Policy Research,MANHATTAN INSTITUTE FOR POLICY RESEARCH INC,≤100
13187955196,Young Americans for Liberty,Young Americans for Liberty,≤100
141692255929599,Democratic Socialists of America,DEMOCRATIC SOCIALISTS OF AMERICA INC,≤100
2476697005733769,Nations' 9th of Av,Nations 9th of Av,≤100
110120640713461,Mark Bussman,Mark Bussman,≤100
145022042990911,MEK Iran,MEK-Iran (Saeid Saadati),≤100
681745912255844,John Cummings for Congress,CUMMINGS FOR CONGRESS,≤100
1385294418360578,Linda Koop,KOOP FOR TEXAS,≤100
104243792943104,Saybrook University,TCS Education System,≤100
1634651343331439,Project Wren,Landon Brand,≤100
342006339184405,National Children's Alliance,NATIONAL CHILDRENS ALLIANCE INC,≤100
693338200702307,Michelle Ugenti-Rita,Ugenti-Rita for Senate,≤100
102389457864860,Treehuggers Bracelets,ECOMX LLC,≤100
708375056271048,The Christendom Curriculum,The Christendom Curriculum,≤100
211049239087028,Association of Young Americans,Benjamin J Brown,≤100
553737021364990,The Nation's Christ-based Leader/Healing & Wholeness,Amazing Things The Church (Legacy A3CEES),≤100
101042758281184,Reading On the Right,Macmillan Publishing,≤100
210299135716574,Habitat for Humanity of the Charlotte Region,"HABITAT FOR HUMANITY OF THE CHARLOTTE REGION, INC.",≤100
174310226590,Gallery Furniture,These ads ran without a disclaimer,≤100
104051398040027,CCW Online Now_,Amil Esmailpour,≤100
102161004838994,Melissa Gould for Judge,Melissa Gould for Judge,≤100
70090474914,American Farmland Trust,"AMERICAN FARMLAND TRUST, INC",≤100
1448984361857166,Florida Federation for Children PAC,Florida Federation for Children,≤100
354329797956187,The Catholic Association,"The Catholic Association, Inc",≤100
169204449790211,Conservative News Today,"BizPac Review, Inc.",≤100
175490763635,Artists United For Social Justice,Artists United for Social Justice,≤100
631424927045830,Your Content,Original Media Group Corporation,≤100
106883907479649,HUPAC - Health Underwriters Political Action Committee,NATIONAL ASSOCIATION OF HEALTH UNDERWRITERS PAC (HUPAC),≤100
618915698127130,Avenue Beat,These ads ran without a disclaimer,≤100
496306987059093,Bow Belle,Bow Belle Productions,≤100
1553978148244954,Build With Strength,Build With Strength,≤100
336848256815114,Eyeless on Campus,reconpresseusa,≤100
346390085432744,Sean Patrick Maloney,SEAN PATRICK MALONEY FOR CONGRESS,≤100
41930706387,Intact America,Intact America,≤100
580598168738615,ILO Insurance and Medicare Helpline,Douglas Morton Ragan,≤100
1789651861157958,Values To Action,Values to Action,≤100
111648480319494,800DEMOCRAT,800DEMOCRAT,≤100
589913688039969,Michigan Online,University of Michigan,≤100
97466887664,Innocence Project,"INNOCENCE PROJECT, INC., THE",≤100
107248944146204,Carlos Gimenez for Congress,Carlos Gimenez for Congress,≤100
993294760683044,Education Reform Now,Education Reform Now,≤100
103316901311254,Williamson County 2020 Census Complete Count Committee,Justin Adam Staples,≤100
514167322309353,Dan Crenshaw,Crenshaw For Congress,≤100
161186620643972,American Institute for Economic Research,AMERICAN INSTITUTE FOR ECONOMIC RESEARCH,≤100
97624620788,American Friends of Magen David Adom,AMERICAN FRIENDS OF MAGEN DAVID ADOM,≤100
117468878295521,American-Arab Anti-Discrimination Committee (ADC),Roy Abdo,≤100
875703902528460,Matt Gurtler,"Friends of Matt Gurtler, Inc.",≤100
146736258721743,True The Vote,True the Vote,≤100
150681061641282,Tri-State G&T,Tri-State Generation Transmission Association Inc,≤100
482100658584410,We Stand For Energy,"EDISON ELECTRIC INSTITUTE, INC.",≤100
485980975070908,Abigail Spanberger,SPANBERGER FOR CONGRESS,≤100
124626320898336,Catholic Extension,"CATHOLIC CHURCH EXTENSION SOCIETY OF THE UNITED STATES OF AMERICA, THE",≤100
100697751658498,Stronger.org,The Public Good Projects,≤100
102175879855284,Harper Perennial,HARPERCOLLINS PUBLISHERS L.L.C.,≤100
562691707395320,Zach Dickerson,Friends of Zach Dickerson,≤100
11111618026,Union of Concerned Scientists,"UNION OF CONCERNED SCIENTISTS, INC.",≤100
1888806214722917,Erie County Anti-Stigma Coalition,Erie County Anti-Stigma Coalition,≤100
112028247235249,Gulf Coast Conservatives Fund,Gulf Coast Conservatives Fund,≤100
457148521144304,Ingrid Burnett,Ingrid Burnett for Missouri,≤100
276593497919,KIPP Schools,KIPP FOUNDATION,≤100
105136202886383,Campaign to Elect SAM Flugence,Damon James Flugence,≤100
130945114804,World Jewish Congress,WORLD JEWISH CONGRESS AMERICAN SECTION INC,≤100
183424985463330,Joe Cunningham,JOE CUNNINGHAM FOR CONGRESS,≤100
94495405939,California Family Council,Jonathan Richard Keller,≤100
602794563237115,TheMotherland.online,TheMotherland.online,≤100
130306157002399,Versus Sports Simulator,Versus Sports Simulator,≤100
243510442756370,Justice Democrats,JUSTICE DEMOCRATS PAC,≤100
80668957414,GoSili,SiliKids Inc.,≤100
148945835171697,"Immigration Law Offices of Hadley Bajramovic, PC",Immigration Law Offices of Hadley Bajramovic,≤100
1835838916635491,Transamerica Center for Health Studies,Transamerica Center for Health Studies,≤100
99237926163,Virginia Interfaith Center for Public Policy,VIRGINIA INTERFAITH CENTER FOR PUBLIC POLICY,≤100
243362776583569,Air Mail,Air Mail,≤100
751679868274074,Hope for Students,THE EXPECTATIONS PROJECT INC,≤100
1747132688647028,Democratic Association of Secretaries of State,Democratic Association of Secretaries of State,≤100
164513254148611,America's Voice News,Barbara Jean Lawrence,≤100
672213539861652,John Anthony Castro,John Anthony Castro,≤100
212364922245261,Adam Smith Society,The Adam Smith Society,≤100
291260461373618,News and News,News and News,≤100
142370046577999,Shahid Buttar for Congress,Shahid Buttar for Congress Committee,≤100
307943569254319,Florida Rights Restoration Coalition,Florida Rights Restoration Coalition,≤100
102665201399226,Current Science Daily,Metric Media LLC,≤100
984228501766229,Congressman Sean Casten,U.S. House of Representatives,≤100
188607107843102,Texas Values,TEXAS VALUES,≤100
105804624116745,HKDC - Hong Kong Democracy Council US,"Hong Kong Democracy Council, USA",≤100
398216886929373,Representative Mary Littleton,FRIENDS OF MARY LITTLETON,≤100
1868885156673680,Sarasota citizen Martin Hyde,Martin Hyde for Sarasota City Commission,≤100
135500133147357,ProEnglish,US INC,≤100
108797534098691,Keep Gifts Great,Adrian Choi Conger,≤100
614134231980299,Veterans Empowered To Protect African Wildlife,VETPAW INC,≤100
410825846009652,Commune,"Commune Media, Inc.",≤100
284946111858895,Debbie Mucarsel-Powell,DEBBIE FOR CONGRESS,≤100
109958865743777,Bobbleheads.com,Bobbleheads.com LLC,≤100
1670468429918309,We Are Uprisers,WEAREUPRISERS,≤100
100644915074416,45thdepot,45th depot,≤100
100697751658498,Stronger.org,Christopher Michael Norris,≤100
227535924071462,Animal Petitions,AnimalPetitions.org,≤100
98039565779,Public Affairs Council,Public Affairs Council,≤100
112000667080350,White House Hats,Stoke Interactive,≤100
114066205306277,Franciscan Friars of the Atonement,Franciscan Friars of the Atonement,≤100
104881317722736,Get-It-Out,Matthew Justin Viles,≤100
104653064566281,Judge Natasha DePrimo,"Judge Natasha DePrimo, Non-Partisan, for Broward County Court Judge Group 31",≤100
551199354892891,Rep. Sean Patrick Maloney,The Office of Congressman Sean Patrick Maloney,≤100
103046977892124,Adam Christensen For Congress,Adam Joel Christensen,≤100
358930818155832,Ava Blaze Apparel Co.,Antoinette Kathleen Adkins,≤100
222745994575140,Project ChildSafe,"NATIONAL SHOOTING SPORTS FOUNDATION, INC.",≤100
151721606865,Intrepid Fallen Heroes Fund,Intrepid Fallen Heroes Fund,≤100
207549645977714,Families Belong Together,Families Belong Together,≤100
44224524016,American Kidney Fund,"AMERICAN KIDNEY FUND, INC.",≤100
116907753042353,TOL,Serdar Turan,≤100
130234313704399,United We Dream,UNITED WE DREAM NETWORK INC,≤100
149366465128820,Nicole Galloway,Nicole Galloway for Missouri,≤100
302612457071883,Moving It Right,Richard P Ashton,≤100
1316372698453411,Alexandria Ocasio-Cortez,THE SQUAD VICTORY FUND,≤100
110316697328742,People of Seniors Housing,People of Seniors Housing,≤100
101041998305221,The Proud Republicans,Great American Era LLC,≤100
51405613519,Focus on the Family,Focus on the Family,≤100
1601467416816223,Lehigh Acres Fire Control and Rescue District,Lehigh Acres Fire Control and Rescue Department,≤100
472981489476333,Alan Cohn,COHN FOR CONGRESS 2020,≤100
1695950424027488,Andy Hallinan,Andrew Lawrence Hallinan,≤100
103807221382580,Vote4Wayne,Wayne Harris for County Commission,≤100
252778660180,The Leaven,Leaven Program,≤100
174046949421616,Phenomenal Woman Action Campaign,Phenomenal Woman Action Campaign,≤100
101485404914361,Bad News Wares,Bad News Wares,≤100
377392172830318,Representative Ross Spano,Office of Representative Ross Spano,≤100
300748678230,Tennessee Department of Economic and Community Development,Tennessee Department of Economic and Community Development,≤100
100696128366533,Compare-HealthPlans.com,These ads ran without a disclaimer,≤100
29008276590,The Salvation Army Greater New York Division,The Salvation Army,≤100
111151490241542,Pollemix,Pollemix,≤100
105331754570572,Presidents Mint,Kevin Ross Santiago,≤100
1426633334258286,Mary's House Pregnancy Care Center,MARYS HOUSE OF LOUISIANA INC,≤100
89324781720,Pat Toomey,Friends of Pat Toomey,≤100
421486244558294,Ross Spano,ROSS SPANO FOR CONGRESS,≤100
868405419972384,The Outrage,The Outrage,≤100
112442437191294,National Anti-Racism Teach-In,National Anti-Racism Teach-In,≤100
248422805193353,The California Endowment,The California Endowment,≤100
105410567897348,Adopt an Officer,Adopt America LLC,≤100
101078188352772,Proud Patriots With Credit Cards,Cassandra Annette Holland,≤100
112703826851979,POTUS Wear,POTUS Wear,≤100
219151131455591,Minnesota Young DFL (MYDFL),Minnesota Young DFL,≤100
1947525322184514,One Fair Wage,One Fair Wage,≤100
148106879003706,Bass Fishing Gifts,Susan Leigh Brodnax,≤100
110274720431086,Phyllis Harvey-Hall for US House District 2,CAMPAIGN TO ELECT PHYLLIS HARVEY-HALL,≤100
946887545335976,Association of American Universities,The Association of American Universities (AAU),≤100
111447640399004,Facts Over Fear,Melanie Lux Asher,≤100
1272534336242476,World101,Council on Foreign Relations,≤100
1397799040234106,OpinionUP,OpinionUP LLC,≤100
100345041765318,"1Fam Shirts, Masks and Merch",Benjamin Robert Limbaugh,≤100
103837514635067,Betterway Campaign,WAYMAKERS,≤100
102988084816186,Tennesseans for Putting Students First,Tennesseans for Putting Students First,≤100
710669049286394,Woo the People,Khosro David Illulian,≤100
107150077720746,American Collectibles,Christopher Walter Adams,≤100
150322194563,PASA Primates: Pan African Sanctuary Alliance,PAN AFRICAN SANCTUARIES ALLIANCE,≤100
1479923688811438,Geothermal,These ads ran without a disclaimer,≤100
119779936078342,Gastonia Times,Metric Media LLC,≤100
803593949793556,Wealth Empowerment Network,Wealth Empowerment Network,≤100
103903914570915,Pro2a,Delta Team Marketing,≤100
118245763401,Lonny magazine,These ads ran without a disclaimer,≤100
124386427623018,PeaceBeWithU,"BN Media, LLC",≤100
39656174351,V-103 The People's Station,Entercom Atlanta,≤100
940653386126953,StandingWithYou.org,Standingwithyou.org,≤100
104093124709755,Keyplates,KEYPLATES,≤100
810122486032496,Jackie Gordon,JACKIE GORDON FOR CONGRESS,≤100
1653885501501009,Propeller,Propeller Enterprises,≤100
105368190818267,Corky Messner for Senate,MESSNER FOR SENATE,≤100
523486791061635,Jon Hoadley,JON HOADLEY FOR CONGRESS,≤100
1627212824167934,Men4Choice,Men4Choice,≤100
698400060189827,Dan Sullivan,Alaskans for Sullivan,≤100
346937065399354,Occupy Democrats,Omar Rivero,≤100
28144169620,Alliance for Aging Research,Alliance for Aging Research,≤100
1471417609816811,Terry Keys,Terry Lynn Keys,≤100
322175261815187,Cindy Lerner for District 7,Cindy Lerner Campaign for County Commision District 7,≤100