﻿Page ID,Page Name,Disclaimer,Amount Spent (USD)
153080620724,Donald J. Trump,TRUMP MAKE AMERICA GREAT AGAIN COMMITTEE,2275
7860876103,Joe Biden,BIDEN VICTORY FUND,1760
925007000949719,ExxonMobil,Exxon Mobil Corporation,1061
108824017345866,Facebook,"Facebook, Inc.",714
156968474833352,Stop Republicans,Stop Republicans,584
1771156219840594,Team Trump,TRUMP MAKE AMERICA GREAT AGAIN COMMITTEE,571
172758932738142,PhRMA,PHARMACEUTICAL RESEARCH AND MANUFACTURERS OF AMERICA,509
96935476345,Democratic Governors Association (DGA),Democratic Governors Association,452
6726182861,Mike Pence,TRUMP MAKE AMERICA GREAT AGAIN COMMITTEE,451
172298889630363,Republican Attorneys General Association,REPUBLICAN ATTORNEYS GENERAL ASSOCIATION,376
110138633724265,Count Me In WV Coalition,Our Future West Virginia with Facebook Ad Credits,354
1615018905412860,Progressive Turnout Project,PROGRESSIVE TURNOUT PROJECT,342
1635441679872518,Kimberly Klacik,Kim Klacik for Congress,342
163577940643007,Mac Warner for West Virginia,Warner 2020,258
20787991568,Senate Democrats,DSCC,249
785936231584382,Paula Jean Swearengin,Paula Jean for West Virginia,243
202626512363,U.S. Census Bureau,U.S. Census Bureau,230
127755494595870,Progressive Takeover,PROGRESSIVE TAKEOVER,229
791543660926838,"I'll go ahead and keep my guns, Thanks",2A4LIFE LLC,226
9324910069,NRSC,NRSC,186
700806360047982,CFG Action,Club for Growth Action,183
665345483483486,NRA - National Rifle Association of America,NATIONAL RIFLE ASSN OF AMERICA,165
110889654010278,Restore West Virginia,West Virginia State Building & Construction Trades Council Afl-Cio,160
101279451606075,Democratic Strategy Institute,Democratic Strategy Institute,149
16477459734,League of Conservation Voters,"LEAGUE OF CONSERVATION VOTERS, INC",141
112694470356789,Trumpcare For America,Stuart Joseph Millar,139
113891694102,Energy Citizens,AMERICAN PETROLEUM INSTITUTE,131
127225910653607,PragerU,PragerU,126
830121337093232,National Democratic Training Committee,NATIONAL DEMOCRATIC TRAINING COMMITTEE PAC,124
2267285956849056,Donald Trump 2020 Fans,I Love My Freedom,120
52499646199,Planned Parenthood Votes South Atlantic,Planned Parenthood Votes! South Atlantic,114
24330467048,Americans for Prosperity,AMERICANS FOR PROSPERITY,110
592347634460462,Partnership for America's Health Care Future,Partnership for America's Health Care Future,104
2352630938293825,Mytacticalpromos,Entremax,≤100
328853823844484,Balance of Power,Balance of Power,≤100
113460456730293,Ben Salango,Ben Salango for West Virginia,≤100
96935476345,Democratic Governors Association (DGA),DEMOCRATIC ACTION,≤100
165987503528599,Lindsey Graham,"TEAM GRAHAM, INC.",≤100
345504286342057,Keeping America Great Again,RightWingGear.com,≤100
20531316728,Facebook App,"Facebook, Inc.",≤100
101242881236945,Kunkel for Congress,KUNKEL FOR CONGRESS,≤100
1449461518652183,4Patriots,4Patriots LLC,≤100
153080620724,Donald J. Trump,"DONALD J. TRUMP FOR PRESIDENT, INC.",≤100
278490715553293,Martha McSally,MCSALLY FOR SENATE INC,≤100
92925746942,Judicial Watch,Judicial Watch,≤100
114710126648118,Republican Dogs,Republican Dogs,≤100
314499212242,Pfizer,Pfizer Inc.,≤100
158791100909689,Concerned Veterans for America,Concerned Veterans for America,≤100
737686089933715,Conservative Collections,Mainline Media Group,≤100
155901927790766,West Virginia American Water,West Virginia American Water Company,≤100
206903342678029,ACLU of West Virginia,"American Civil Liberties Union of West Virginia Foundation, Inc.",≤100
21472760578,C-SPAN,C-SPAN,≤100
104856814505092,The Kids Guide,The Kids Guide,≤100
106244251043808,Reuse Plastics,"AMERICAN CHEMISTRY COUNCIL, INC.",≤100
159964696102,Kevin McCarthy,KEVIN MCCARTHY FOR CONGRESS,≤100
70995214846,Business Roundtable,Business Roundtable,≤100
6204742571,Sierra Club,SIERRA CLUB,≤100
106663044307859,Mike Sievert,"T-MOBILE USA, INC.",≤100
103730928025980,Safe and Sound In 2020,Kin Ngai Yeung,≤100
176789922364429,Steve Daines,STEVE DAINES FOR MONTANA,≤100
168051710543266,Lacy Johnson,Lacy Johnson for Congress,≤100
328072970642479,Jaime Harrison,JAIME HARRISON FOR US SENATE,≤100
101691091213750,The Empowerment Alliance,The Empowerment Alliance,≤100
103597604713894,Team Trump Store,TRUMP MAKE AMERICA GREAT AGAIN COMMITTEE,≤100
24413227922,Kamala Harris,BIDEN VICTORY FUND,≤100
7976226799,The Daily Show,Comedy Central,≤100
1316372698453411,Alexandria Ocasio-Cortez,Alexandria Ocasio-Cortez for Congress,≤100
2353537341582545,Proud Patriots,Proud Patriots,≤100
1374134752633656,New Health Plans,Shop Insurance Plans,≤100
100137754724934,Trump 2020 Supporters,Proud Right Winger,≤100
105577974544303,The USA Needs More Patriots,AmeriPolling,≤100
162607429210,Natalie Tennant,Natalie Tennant 2020,≤100
109379100777665,Patriotism Isn't Dead,Patriot Polling,≤100
85452072376,Newsmax,Newsmax Media,≤100
100391581727524,Defeat By Tweet,DEFEAT BY TWEET,≤100
8501031021,VoteVets.org,"VoteVets Action Fund, Inc.",≤100
108273884315449,Real American Patriot,Gold Sky Ventures LLC,≤100
481559282597914,TrumpersUnite,Respect The Look,≤100
105577974544303,The USA Needs More Patriots,Anthony Alexander Morales,≤100
184347775517856,Quick Medigap,These ads ran without a disclaimer,≤100
1691146061101804,Moore Capito,Moore Capito for West Virginia,≤100
461204744067686,Family Protection Association,Family Protection Association,≤100
717115395103069,PrintedKicks,Printed Kicks,≤100
25852730092,Care2,Care2 Inc,≤100
834645469890446,Devin Nunes,DEVIN NUNES CAMPAIGN COMMITTEE,≤100
259130650776119,Mitch McConnell,MCCONNELL SENATE COMMITTEE,≤100
85273022315,NAMI,NAMI,≤100
235701154010364,E Pluribus Unum,E Pluribus Unum Fund,≤100
2330577043935831,Sara Gideon,SARA GIDEON FOR MAINE,≤100
100575810307679,VICE TV,VICE Media,≤100
305832706292882,American Gun Association,GunAssociation.org,≤100
266145623549392,Greenbrier County Republican Club and Executive Committee,Greenbrier County Republican Executive Committee,≤100
109092142462587,Adam Schiff,SCHIFF FOR CONGRESS,≤100
839110726214614,Realtors,NATIONAL ASSOCIATION OF REALTORS,≤100
151686754920712,The West Virginia Record,The Record,≤100
102250854673066,Jonathan Pinson for West Virginia House of Delegates District 13,Pinson For House,≤100
1580652728851833,Jim Justice,Committee to Re-Elect Jim Justice,≤100
57259033959,AARP,AARP,≤100
51405613519,Focus on the Family,Focus on the Family,≤100
728080537326482,The United State of Women,CIVIC NATION,≤100
106440977577375,Barry L. Bruce for West Virginia House of Delegates,Committee to Elect Barry Bruce,≤100
18982436812,ACLU,American Civil Liberties Union,≤100
602714436529710,End Citizens United,END CITIZENS UNITED,≤100
416529938945387,Eric Nelson for WV Senate,Committee to Elect Eric Nelson,≤100
33713453361,Amazon Prime Video,Amazon Prime Video,≤100
202286639832171,Dr. Robert Jeffress,FIRST BAPTIST CHURCH DALLAS,≤100
277005566267077,Blueland,Blueland,≤100
90022052772,Williams,"WILLIAMS COMPANIES, INC., THE",≤100
100719625004234,Home and Community,Cynthia Nguyen,≤100
100517105076564,Shining Lifetime,Daniel Vasquez,≤100
747436915270894,Congressional Leadership Fund,CONGRESSIONAL LEADERSHIP FUND,≤100
934438026690635,YouGov,YOUGOV AMERICA INC.,≤100
228754857151053,House Majority PAC,House Majority PAC,≤100
1883837055193241,Shield Republic,Shield Republic,≤100
802105766808582,Ralph Rodighiero for WV Senate,Ralph Rodighiero,≤100
560140464159364,Stand for the 2nd Amendment,SFT2 Tactical Supply,≤100
8325302025,Friends of the Earth U.S.,Friends of the Earth,≤100
1456310534453054,Veteran Loans Online,"LMB OpCo, LLC",≤100
18813753280,Human Rights Campaign,"HUMAN RIGHTS CAMPAIGN, INC",≤100
7483836629,Ancestry,Ancestry.com Operations Inc.,≤100
102671331487937,I Love My Freedom Store,I Love My Freedom,≤100
327837911149503,2A4Life,2A4LIFE LLC,≤100
120448873031387,Our United Family,Daniel Wang,≤100
5435784683,Greenpeace USA,"GREENPEACE, INC.",≤100
598924810530984,Keeping America Great,FamTeeWorld,≤100
107412411076192,Amazing Places,These ads ran without a disclaimer,≤100
163148530407080,Captain Mark Kelly,MARK KELLY FOR SENATE,≤100
754957944588095,The Cardinal Institute for West Virginia Policy,Cardinal Institute for West Virginia Policy,≤100
56680318666,Illinois Policy,Illinois Policy,≤100
108794587327155,Good Programs 2020,Trevor Dale Seaks,≤100
87186661244,Johns Hopkins Bloomberg School of Public Health,Johns Hopkins Bloomberg School of Public Health,≤100
237560266430722,Ryan Weld - WV State Legislature,Ryan Weld Committee to Elect,≤100
101690998009007,Improving Life Through Health,Nicolette Dalan,≤100
2132738093632189,Brock Pierce,BROCK PIERCE FOR PRESIDENT,≤100
102478061559294,Convention on Founding Principles,Convention on Founding Principles,≤100
101210588150219,Boy Scouts Abuse Claims,X Social Media LLC,≤100
102916288137405,The Daily Republican,USA Movements LLC,≤100
49651563727,Live Action,Live Action,≤100
1061240530648502,Joe Collins,JOE COLLINS FOR CONGRESS,≤100
918971934860301,Senator Glenn Jeffries - Putnam/Kanawha,Glenn D Jeffries,≤100
405469100189512,Still My President - Donald Trump,Red State Politics LLC,≤100
404794256289847,Americans for Prosperity - West Virginia,AMERICANS FOR PROSPERITY,≤100
106224464107240,Jo Jorgensen,Jo Jorgensen for President,≤100
105995741220700,Patriots United,Le Huu Dong Huynh,≤100
106114264313679,Hunt The Vote,"Hunter Nation, Inc",≤100
366869404022017,Josh Holstein House of Delegates,Joshua Allen Holstein,≤100
100256754899828,Patriot's Cave,Patriots Cave,≤100
223008867858902,American Action News,American Action News,≤100
192015461630968,Supporting Our Brave Veterans,James Brian Plouf,≤100
104113317870732,Free Markets Destroy,Washington Policy Center,≤100
530604487365010,Old Glory Flagpole Kits,Service First Flag Poles,≤100
2185993931653388,The Recount,"Recount Media, Inc",≤100
45393753416,Alliance Defending Freedom,Alliance Defending Freedom,≤100
103315378108004,True Patriot Strength,LE-HUU DONG HUYNH,≤100
143329509024,Citizens Against Lawsuit Abuse,Citizens Against Lawsuit Abuse,≤100
103929304678916,Voter Action Project,Integrity First Voter Action Project,≤100
120210416434361,Ronnie for Mercer,Ronnie For Mercer,≤100
971668776283950,PolicyEd,Hoover Institution,≤100
681745912255844,John Cummings for Congress,CUMMINGS FOR CONGRESS,≤100
113347140140158,"Elect Mike Chapman Sheriff: Jefferson County, WV",Friends of Mike Chapman for Sheriff,≤100
111428049989,Cal Cunningham,CAL FOR NC,≤100
420785874975425,Conservative Institute,The Conservative Institute,≤100
36160848633,PicturesOnGold.com,Daniel F Schifter,≤100
132492254050920,American AF,AAF Nation,≤100
288904941217544,Kanawha County Republican Executive Committee,Kanawha County Republican Executive Committee,≤100
373814729643508,Let America Vote,LET AMERICA VOTE PAC,≤100
117144508670456,GUNVOTE,National Shooting Sports Foundation,≤100
30139072158,CARE,CARE,≤100
8492293163,Environmental Defense Fund,Environmental Defense Fund,≤100
6240652407,Young America's Foundation,YOUNG AMERICA'S FOUNDATION INC,≤100
103036584847574,The Good Neighbor,Brandon Vu,≤100
106667854471975,Outspoken,Log Cabin Republicans,≤100
355316521236121,John Cornyn,TEXANS FOR SENATOR JOHN CORNYN INC.,≤100
5720973755,Defenders of Wildlife,DEFENDERS OF WILDLIFE,≤100
106323360959211,Patriots Republic,Matthew James Stine,≤100
213792049451918,Stand For America,Stand For America Inc,≤100
7292655492,MoveOn,MOVEON.ORG POLITICAL ACTION,≤100
163302087408673,Stop The Donald,Stop the Donald,≤100
7263476274,Mercy Corps,Mercy Corps,≤100
788394134539871,USPS Business,United States Postal Service,≤100
104614641200137,MeidasTouch,MEIDASTOUCH,≤100
113666459994300,Big Dan Rodimer for Congress,RODIMER FOR CONGRESS,≤100
72186095846,Center For American Progress Action Fund,Center for American Progress Action Fund,≤100
108542710774977,Patrick Martin For WV State Senate District 12,Patrick Stephan Martin,≤100
257019421075897,Cory Gardner,Cory Gardner for Senate,≤100
100233228182981,Madison Cawthorn for Congress,CAWTHORN FOR NC,≤100
104325304445549,John King For Sheriff,John Edward King,≤100
200676905671,We Are ALPA,Air Line Pilots Association,≤100
417522508294454,Job Creators Network,Job Creators Network,≤100
1443127535947107,Save the Children Action Network,Save the Children Action Network,≤100
1010143499143169,Medicare Savings,"Mayo Labs, LLC",≤100
100419638453031,Lovely World,These ads ran without a disclaimer,≤100
2196281620653830,Footprint,Footprint LLC,≤100
103185334702225,Stop Trump PAC,STOP 45 PAC,≤100
8550121410,Free Speech America Project,MEDIA RESEARCH CENTER,≤100
219612384781411,Bloomberg Philanthropies,Bloomberg Philanthropies,≤100
284852861535887,C-SPAN StudentCam,NATIONAL CABLE SATELLITE CORPORATION,≤100
977704775606273,Balls Deep Tackle,Balls Deep Tackle,≤100
109601955749456,Alex X. Mooney,ALEX MOONEY FOR CONGRESS,≤100
106411444514775,Unity in Support,Jae W Seo,≤100
2037695643113766,Blexit,Blexit Foundation,≤100
104934207736995,Paycheck to Paycheck,Center for American Progress Action Fund,≤100
593289284500311,Trump Rack,BOXD Marketing,≤100
309798029121030,Everytown for Gun Safety,Everytown for Gun Safety Action Fund Inc,≤100
158088001464352,Selina Vickers,Team Vickers,≤100
8047221596,Save the Children US,"SAVE THE CHILDREN FEDERATION, INC.",≤100
100382285111120,American Bells,Grant Alan Johnston,≤100
530604487365010,Old Glory Flagpole Kits,Service First,≤100
107589664099282,Stand Up To China,"Stand Up To China, Inc.",≤100
23875187730,Feeding America,Feeding America,≤100
1109093812491437,Blaze Media,Blaze Media LLC,≤100
1809078699219595,Fat Tire,"NEW BELGIUM BREWING COMPANY, INC.",≤100
114625730266879,Republican Voters Against Trump,Defending Democracy Together,≤100
8934429638,Planned Parenthood Action,Planned Parenthood Action Fund,≤100
101209614956892,Take A Stand,Andrew Joseph Young,≤100
393932827634250,Dissent Pins,Common Practice,≤100
21559454473,FAIR,FEDERATION FOR AMERICAN IMMIGRATION REFORM,≤100
225849544123723,West Virginia Association of Counties,West Virginia Association of Counties,≤100
302182941354,AARP Advocates,AARP,≤100
15188122178,The Hamilton Collection,The Hamilton Collection,≤100
1439829396312534,The Movement for Black Lives,Movement for Black Lives,≤100
236369846383459,Congressional Black Caucus PAC,Congressional Black Caucus PAC,≤100
802105766808582,Ralph Rodighiero for WV Senate,Ralph Rodighiero 2020,≤100
894096170667732,Ashley Hinson,Ashley Hinson For Congress,≤100
153678684700451,American Investment Council,AMERICAN INVESTMENT COUNCIL,≤100
585942765164217,Elect Democratic Women,ELECT DEMOCRATIC WOMEN,≤100
53541257714,The Arc of the United States,The Arc with Facebook Ad Credits,≤100
107210084216238,Humanity Forward,Humanity Forward,≤100
111393882812494,Amy McGrath,"AMY MCGRATH FOR SENATE, INC.",≤100
101075798356272,ReOpen America Now,Command Center Holdings LLC,≤100
112704783859268,Boy Scouts Abuse Claim Help,X Social Media LLC,≤100
1836138529938551,Greater Half,Greater Half,≤100
354586505391697,Derrick Evans - The Activist,Derrick Evans,≤100
1204754733024419,People's Power Grab,ACRONYM,≤100
624480958018698,Front Of The Pack,These ads ran without a disclaimer,≤100
178835922297833,American Clinical Laboratory Association,American Clinical Laboratory Association,≤100
105756057589080,The Lincoln Project,The Lincoln Project,≤100
109947294143213,Republicanstorefront,Republicanstorefront.com,≤100
586751814690068,Joni Ernst,Joni for Iowa,≤100
1765073800454902,Reform Austin,Reform Austin Inc.,≤100
2309566456030859,Human Coalition Action,PRO-LIFE TEXANS A HUMAN COALITION ACTION PAC,≤100
352527958302,Israel on Campus Coalition,Israel on Campus Coalition,≤100
202600839762879,I Am Pro-Life,Focus on the Family,≤100
97493741436,John W. Hickenlooper,HICKENLOOPER FOR COLORADO,≤100
108118933908193,Next Level Goods,Next Level Goods LLC,≤100
197760674021143,Indivisible Guide,INDIVISIBLE ACTION,≤100
166618413413767,Jay Sekulow,American Center for Law and Justice,≤100
1799282383731277,TwoSeventy,Alexander Jared Deutsch,≤100
2012750189007245,Liquid Death Mountain Water,Liquid Death,≤100
46093654473,National Republican Congressional Committee,NRCC,≤100
19192438096,AAAS - The American Association for the Advancement of Science,American Association for the Advancement of Science,≤100
309308412520731,Sandy Hook Promise,Sandy Hook Promise,≤100
342887442508723,Convention of States,Convention of States Action,≤100
342294162453301,Planned Parenthood,Planned Parenthood Federation of America,≤100
129255907131113,NumbersUSA,NUMBERSUSA EDUCATION AND RESEARCH FOUNDATION,≤100
356482637745012,Stansberry Research,Stansberry Research,≤100
101127364972509,Dems For USA,Dems For USA,≤100
1336293769761923,Jon Ossoff,JON OSSOFF FOR SENATE,≤100
106949844346620,Trumpian Republicans,Gregory Lawrence Burright,≤100
167586229923327,World Food Program USA,World Food Program USA,≤100
101278694809805,Meme2020,Meme2020,≤100
6041057841,The Humane Society of the United States,"HUMANE SOCIETY OF THE UNITED STATES, THE",≤100
1600352356914768,PushBlack,PushBlack,≤100
111023584012681,Open Road Homeward,Samantha Lyn Weldon,≤100
103644036958,United Association,United Association Political Education Committee,≤100
41309865723,Democrats.com,DEMOCRATS.COM,≤100
67945990059,The American Petroleum Institute,The American Petroleum Institute,≤100
105084617912738,PatriotQuizzes,patriotquizzes.com,≤100
679171239164792,Supermajority,Supermajority,≤100
779309092233298,Ben Crump,X Social Media,≤100
105459947922475,Sheldon Law Group,Sheldon Law Group,≤100
194697144477458,Mountain Mamas,Debra Lynn Hamilton,≤100
2225580284361712,Tommy Tuberville,"TUBERVILLE FOR SENATE, INC.",≤100
10498053716,Media Research Center,MEDIA RESEARCH CENTER,≤100
83290028957,Care Net,CARE NET,≤100
263891677826490,Earthsider,Ryan James Martin,≤100
643463669628493,Public Opinion Research Group,"Public Opinion Research Group, Inc",≤100
101481584557260,Help Asheville Bears-HAB,Heather Christina Williams,≤100
278487153675,Redneck Nation Clothing,Tracie Milliron Gold,≤100
592707041080920,Stand Together,Stand Together Chamber of Commerce Inc.,≤100
116222966843926,US Concealed,US Concealed,≤100
15687409793,World Wildlife Fund,World Wildlife Fund,≤100
245284549333866,ASMDSS,ASMDSS,≤100
1614690395258056,Into Action,Into Action,≤100
110393153948638,Financial Help,Common Acquire,≤100
6231686654,Compassion International,"COMPASSION INTERNATIONAL, INCORPORATED",≤100
109966290494892,Wagoner Law Firm,Nicholas Jordan Wagoner,≤100
6500552187,Hulu,"HULU, LLC",≤100
261663760956534,America First Policies,America First Policies Inc,≤100
102563281572515,Keep America Great,RightWingGear.com,≤100
112333396969405,Jim Bognet,Bognet for Congress,≤100
315467021926595,Native Voice Network,"AMERICANS FOR INDIAN OPPORTUNITY, INC",≤100
58736997707,Marco Rubio,Marco Rubio for Senate,≤100
2083412251928861,My Buckhannon,My Town WV,≤100
1438619973099234,Moore for WV State Treasurer,Moore for West Virginia,≤100
110010433804232,Falkirk Center,Falkirk Center,≤100
746938465317981,Nuclear Matters,Nuclear Matters,≤100
169294473121454,Policetees.com,PoliceTees.com,≤100
209516845093,NRDC Action Fund,NRDC Action Fund,≤100
176466646087311,DC Fawcett,Donald Chappell Fawcett,≤100
103682110993833,Arctic Refuge Defense Campaign,Alaska Wilderness League,≤100
103376804451432,Trending Politics,Making Web LLC,≤100
137459917707,The Brookings Institution,The Brookings Institution,≤100
1530883997194411,United States Constitution,Flag and Cross,≤100
7814597100,Jim Jordan for Congress,JIM JORDAN FOR CONGRESS,≤100
120245278015173,Pacifico Beer,"CONSTELLATION BRANDS, INC.",≤100
102745147891580,Trump Coolers,Eric Clifford Juels,≤100
7962229886,Environmental Working Group,ENVIRONMENTAL WORKING GROUP,≤100
629732217415068,Republican Party,Greater Half,≤100
130467958471,Jason Lewis,Jason Lewis for Senate,≤100
210357995667559,The National Memo,The National Memo,≤100
1551109418518461,The Honest Patriot,Amundson Media LLC,≤100
1268410219898273,Tango Tango,Tango Tango Inc,≤100
605168822998856,314 Action,314 ACTION FUND,≤100
193850934544658,William Ty Nestor for WV House of Delegates,William Tyler Nestor,≤100
1316372698453411,Alexandria Ocasio-Cortez,THE SQUAD VICTORY FUND,≤100
1055873511190792,Hello Resistance,Hello Resistance Apparel,≤100
114893233534632,Taking Back America,Apse Media LLC,≤100
107654924064350,Pat Timmons-Goodson,PATRICIA TIMMONS-GOODSON FOR CONGRESS,≤100
255208337943901,Jobs Growth,"JOBS FREEDOM AND SECURITY PAC, Not authorized by any candidate or candidate’s committee.",≤100
224684514243482,Tom Cotton,"COTTON FOR SENATE, INC.",≤100
6333396177,NewsBusters.org,MEDIA RESEARCH CENTER,≤100
193618220508,LIFE Today,LIFE Outreach International,≤100
911828698840246,ReLEntless Defender Apparel,ReLEntless Defender Apparel,≤100
105536127617594,The American Digest,The American Digest,≤100
1859113087545137,Learn Everywhere,"yes. every kid, Inc.",≤100
27544763621,Prison Fellowship,Prison Fellowship,≤100
843017522708289,Kayla Young For WV House,Kayla Young for WV,≤100
149081336362,AmeriCorps VISTA,Corporation for National and Community Service,≤100
443329669123990,USAFacts,USAFacts Institute,≤100
107847454354960,Weekly American Lifestyle,Steve San,≤100
21375324480,The Heritage Foundation,HERITAGE FOUNDATION (THE),≤100
19342050934,Leadership Institute,LEADERSHIP INSTITUTE INC,≤100
245499242282601,AFP Foundation - West Virginia,Americans for Prosperity Foundation,≤100
780941275347834,Ilhan Omar,ILHAN FOR CONGRESS,≤100
2068988876444634,Stand Up for Accurate Prenatal Answers,STAND UP FOR ACCURATE PRENATAL ANSWERS INC,≤100
227764782729,AMERICAN - STRONG!,American Strong LLC,≤100
8446177150,Chosen People Ministries,CHOSEN PEOPLE MINISTRIES INC,≤100
1912943255631432,Renee Hoyos for Congress,HOYOS FOR CONGRESS,≤100
719913581472398,Napoli Shkolnik PLLC,Napoli Law,≤100
17203056985,Partners In Health,Partners In Health,≤100
109320440856128,Together Beat Hate,"Foundation to Combat Anti-Semitism, Inc.",≤100
106094077803532,Our National Family,Patrick Le Tran,≤100
29770886815,Marijuana Policy Project,Marijuana Policy Project,≤100
104224114671958,Energy For Progress,The American Petroleum Institute,≤100
103686151190185,Corey Miller for Mason County Sheriff,Corey Jason Miller,≤100
120011306310420,Patriots Helping Others,Jae W Seo,≤100
260366367717440,Committee to Protect Medicare,Committee to Protect Medicare PAC,≤100
1139806362718939,Trafalgar Group,The Trafalgar Group,≤100
102212541306207,Self-Employed Health Insurance,GROW with MKG LLC,≤100
6787988478,Physicians for Human Rights,"PHYSICIANS FOR HUMAN RIGHTS, INC.",≤100
419237048158257,Susan Collins,COLLINS FOR SENATOR,≤100
101411555005361,Stars and Strife,David Smick "Stars and Strife",≤100
388547605724,Richard Neal,RICHARD E NEAL FOR CONGRESS COMMITTEE,≤100
184731548554164,PL+US,Plus Fund: Paid Leave for the United States,≤100
36474716066,Color Of Change,ColorofChange.org,≤100
303061950155375,John James,"JOHN JAMES FOR SENATE, INC.",≤100
564848637000203,Denise Campbell for West Virginia Senate -11th Senatorial District,Denise Lynne Campbell,≤100
79125112926,Students for Life of America,"STUDENTS FOR LIFE OF AMERICA, INC.",≤100
115364585711,Lawyers' Committee for Civil Rights Under Law,Lawyers' Committee for Civil Rights Under the Law with Facebook Ad Credits,≤100
237477017606,Club for Growth,Club for Growth,≤100
10423517786,Harvard Business Review,HARVARD BUSINESS SCHOOL PUBLISHING CORPORATION,≤100
181539958548011,Patheos Progressive Christian,Patheos,≤100
108397184298930,Patriots Defend,Claire Wang,≤100
345378512258813,Elise Stefanik,ELISE FOR CONGRESS,≤100
102875587947942,Keep Trump In Office,Keep Trump In Office,≤100
326609084015,Mark Ridley-Thomas,Los Angeles County Supervisor Mark Ridley-Thomas,≤100
143089732792,Marsha Blackburn,Blackburn Tennessee Victory Fund,≤100
2256321067930356,Liberteeclub,libertyteeshop,≤100
42872222699,Dana Loesch,Dana Loesch Radio,≤100
114623860329716,Daily Positivity Newsletter,John Phillip Angelo Vergara,≤100
103453544718913,Patriots Together,Anna Kasten Yu,≤100
206677396413254,Abortion On Our Own Terms,Abortion On Our Own Terms,≤100
169130743498585,Tactical Pro Supply,Chad Keller,≤100
108029674299216,We The People,We The People,≤100
30708742052,FCTRY,FCTRY,≤100
11791104453,NRDC,Natural Resources Defense Council,≤100
6820348410,Kirsten Gillibrand,Gillibrand for Senate,≤100
30914589895,The International Fellowship of Christians and Jews,"INTERNATIONAL FELLOWSHIP OF CHRISTIANS & JEWS, INC.",≤100
7833534974,Florida Democratic Party,Florida Democratic Party,≤100
651280068826683,A Great New Day,Trevor Barribeau,≤100
169597416843751,Stand Up America,Stand Up America,≤100
61265398450,AmeriCorps NCCC,Corporation for National and Community Service,≤100
116546288359245,Heritage Action for America,HERITAGE ACTION FOR AMERICA,≤100
110901983814772,Lyle Cottle for Assessor,Lyle Wilton Cottle,≤100
273023971533,Dennis Bonnen,Dennis Bonnen Campaign,≤100
120597324633465,West Virginians for Affordable Health Care,WEST VIRGINIANS FOR AFFORDABLE HEALTH CARE INC.,≤100
621647948489627,The Good Companion,Megan Kristen Hall,≤100
1447994318779650,AirMedCare Network,AIrMedCare Network,≤100
1014486318584089,Armed American Supply,Armed American Supply,≤100
20876805343,March of Dimes,MARCH OF DIMES INC.,≤100
243024209110836,Senator Robert Karnes,Robert Lee Karnes,≤100
8501031021,VoteVets.org,VOTEVETS,≤100
120939708684,West Virginia Center on Budget and Policy,WEST VIRGINIA CENTER ON BUDGET AND POLICY,≤100
176466646087311,DC Fawcett,VREIC,≤100
292351509697,Jerusalem Prayer Team,Jerusalem Prayer Team,≤100
69983322463,Ted Cruz,TED CRUZ FOR SENATE,≤100
153151038677421,Chase For WV,Chase For WV,≤100
1393911800825140,OZY,OZY Media Inc,≤100
107756450629760,Todd Rowley 2020,TODD ROWLEY FOR CONGRESS,≤100
280704452367167,Jason Crow,JASON CROW FOR CONGRESS,≤100
711478725532801,Civiqs,Civiqs,≤100
340153562850578,Tim Tebow,TIM TEBOW FOUNDATION,≤100
102592959026,Ocean Conservancy,"OCEAN CONSERVANCY, INC.",≤100
304058913005378,Senior and Disabled Concerns,Senior & Disabled Concerns,≤100
112420993589373,Young and Old for America,Andrew Joseph Young,≤100
96171427550,Raja for Congress,FRIENDS OF RAJA FOR CONGRESS,≤100
195530355493,Chicks On The Right,Chicks on the Right,≤100
2078647579047586,Project Pulso,Project Pulso,≤100
111324359048459,Dr. Roger Marshall,KANSANS FOR MARSHALL,≤100
596556607135301,The Earthling Co.,The Earthling Co.,≤100
6820348410,Kirsten Gillibrand,Off the Sidelines,≤100
100401327980848,National Parents Union,National Parents Union,≤100
293225127381200,Patriot Depot,The Patriot Depot,≤100
112735922758892,Charlie Kirk,Charlie Kirk,≤100
152264148166020,Moms Clean Air Force,Moms Clean Air Force,≤100
104098411152108,Seth Gaskins for Mason County Prosecutor,Committee to Elect Seth Gaskins,≤100
109111900634787,Reverend Raphael Warnock,WARNOCK FOR GEORGIA,≤100
15351475322,Cathy McMorris Rodgers,Cathy McMorris Rodgers for Congress,≤100
361960287311696,Better Medicare Alliance,"Better Medicare Alliance, Inc",≤100
85945492130,EnergyBoom,Energy Boom,≤100
108863797601847,CCW Advisor,Stephen Dennis Cesaro,≤100
259212814698356,Democratic Majority for Israel,DMFI PAC,≤100
101485734711187,Cox For Sheriff,Stephen Craig Ii Cox,≤100
832107710207069,Pam Keith FL,Committee to Elect Pam Keith,≤100
1079789672084038,SimonBooks,Simon & Schuster,≤100
101164484986617,To Be Frank Show,Real News PR,≤100
262577294462322,Kettle Freaks,Kettle Freaks LLC.,≤100
108726483993323,Chris T. Trent,Christopher Troy Trent,≤100
205395906412,UAW International Union,"INTERNATIONAL UNION, UNITED AUTOMOBILE, AEROSPACE AND AGRICULTURAL IMPLEMENT WORKERS OF AM",≤100
109360297266116,Fearless Patriot,TERESA NONE OHARA-MARSH,≤100
102636677971854,Trump Is The Storm,Legendary Trump Coins,≤100
493811210669780,Creative Action Network,Creative Action Network,≤100
104142543758770,Campaign Zero,We The Protesters,≤100
142992759853421,Be A Hero,BE A HERO PAC,≤100
1438808983108348,BOLD PAC,CHC BOLD PAC,≤100
242679302418244,Denison Forum,Denison Ministries,≤100
316887658336677,My Control Card,"NETSPEND HOLDINGS, INC.",≤100
628891490457484,Nancy Mace,Nancy Mace for Congress,≤100
104170004713256,Elect Black Democrats,THE COLLECTIVE PAC,≤100
115876346623189,Charles Horst for Delegate 62nd District,Committee To Elect Charles K "Chuck" Horst Sr,≤100
347063211984370,Fed of American Hospitals,Federation of American Hospitals,≤100
288110884600563,Lean In,"Sheryl Sandberg & Dave Goldberg Family Foundation d/b/a LeanIn.Org, LLC",≤100
46508415624,Scott Taylor,Scott Taylor for Congress 2020,≤100
384557995468219,Viral Casez,Viral Casez,≤100
1917715138510680,Follow Your Legend,Legend Bracelet,≤100
249716212080256,Jim Clyburn,FRIENDS OF JIM CLYBURN,≤100
872842866161157,One Nation Design,One Nation Design,≤100
282728185140429,Rep For Vets,The Rep For Vets,≤100
1338822066131069,Women's March,Women's March,≤100
102756811269921,Fellow Americans,Fellow Americans,≤100
862340897237764,Wood County WV Democratic Party,Wood County WV  Democratic Party,≤100
281844617168,Jewish Voice Ministries International,JEWISH VOICE MINISTRIES INTERNATIONAL,≤100
160630887998827,Let Them Live,Let Them Live,≤100
892673067526965,Project War Path,Project War Path,≤100
336470580233523,Pins and Aces Golf Co.,US Craft Brands LLC,≤100
123624513983,The Western Journal,The Western Journal,≤100
325578590837480,Protect Our Care,Sixteen Thirty Fund,≤100
566008736785269,Be Heard Project,Be Heard Project,≤100
113351505349955,The Christian Broadcasting Network,The Christian Broadcasting Network Inc,≤100
259212814698356,Democratic Majority for Israel,Democratic Majority for Israel,≤100
931907200310657,Patients Rising Now,Patients Rising Now Inc,≤100
53727956260,Republican Jewish Coalition,Republican Jewish Coalition,≤100
110525690698759,Awesome Coffee Recipes,These ads ran without a disclaimer,≤100
105556894599642,Protecting Rights,Raymond A Guevara,≤100
217569858071,Areva Martin,Areva Denise Martin,≤100
2146201085498440,Tony Gonzales,Tony Gonzales for Congress,≤100
6316744206,Jon Tester,MONTANANS FOR TESTER,≤100
267180743723148,National Geographic Society,National Geographic Society,≤100
21492729544,Catholic Relief Services,CATHOLIC RELIEF SERVICES - UNITED STATES CONFERENCE OF CATHOLIC BISHOPS,≤100
102137374563260,Confide in American Pride,John Allen Franson,≤100
2255846891314996,Corn Refiners Association,"corn refiners association, inc",≤100
44255328352,Farm Forward,Farm Forward,≤100
134452023239984,Human Coalition,Human Coalition,≤100
392524473904,Erie Insurance,ERIE INDEMNITY COMPANY,≤100
103030961522069,Nice Tee,These ads ran without a disclaimer,≤100
496696933682736,Jeff Merkley,JEFF MERKLEY FOR OREGON,≤100
201956993160690,MRCTV,MEDIA RESEARCH CENTER,≤100
277414242013,Joyce Elliott for Congress,JOYCE ELLIOTT FOR CONGRESS,≤100
1162286517277297,Canvass America,Canvass America,≤100
357554791340788,Liker,Omar Rivero,≤100
112805973431561,Elect Anna Lewis-District 16,Anna Warren Lewis,≤100
7219151423,The Fund for American Studies (TFAS),The Fund for American Studies,≤100
27311599342,Preemptive Love,Preemptive Love Coalition,≤100
114230073701403,Jetbound Dogs,Miguel Agustin Turk,≤100
111277640428691,President Donald J. Trump 2020,Trump Collections,≤100
577308239618384,Happy Patriots,Lambert Chan,≤100
330641537286442,Virginia Constitutional Conservatives,Virginia Constitutional Conservatives,≤100
115379705206001,U.S. Department of Homeland Security Blue Campaign,DHS Blue Campaign,≤100
248181906078243,National Institute for Civil Discourse,CommonSense American,≤100
110849485902,United Way,United Way Worldwide with Facebook Ad Credits,≤100
1099478666810053,Meals For Pets,Meals for Pets,≤100
327202261326682,Stephanie Bice,Bice for Congress,≤100
107665644228467,Conservative Journal Review,Conservative Journal Review LLC,≤100
105157841248307,No Filter Politics,No Filter Politics,≤100
950998258312654,Knowhere,"Knowhere, Inc.",≤100
83865976093,Truthout,TRUTHOUT,≤100
18709174006,National Audubon Society,"NATIONAL AUDUBON SOCIETY, INC.",≤100
394817334402124,2020 Trump Bill,Innovative Ecomm LLC,≤100
107398241021186,The John Lewis Bridge Project,John Lewis Bridge Project,≤100
1646823955646308,Mike Donovan,Michael Paul Donovan,≤100
192771954102960,Jordan Sekulow,American Center for Law and Justice,≤100
300992409852,Hoover Institution,Hoover Institution,≤100
360424321432255,Doha Debates,Doha Debates,≤100
408250066356,Bill O'Reilly,"Bill Me, Inc.",≤100
106114264313679,Hunt The Vote,"Hunter Nation, Inc.",≤100
15239367801,The Wilderness Society,"WILDERNESS SOCIETY, THE",≤100
100119981671668,Blue Senate,BLUE SENATE PAC,≤100
110439270638992,NE1else,Time Management LLc,≤100
6713653788,Gary Peters,PETERS FOR MICHIGAN,≤100
10150100007820094,Wendy Davis,WENDY DAVIS FOR CONGRESS,≤100
38235851310,USA for UNHCR,UNITED STATES ASSOCIATION FOR UNHCR,≤100
114959470308415,Americans Uniting,Grant Alan Johnston,≤100
317284821682168,Messianic Jewish Alliance of America (MJAA),Messianic Jewish Alliance of America,≤100
7341997111,Conservation International,Conservation International,≤100
36872302227,Cory Booker,Cory Booker for Senate,≤100
15503839732,Peter G. Peterson Foundation,Peter G. Peterson Foundation,≤100
2309566456030859,Human Coalition Action,Human Coalition Action,≤100
105010030848236,Bryant Cameron Webb,DR. CAMERON WEBB FOR CONGRESS,≤100
101136147910784,Represent Justice,Represent Justice,≤100
331037760381749,Sierra Magazine,SIERRA CLUB,≤100
1658135304460341,MANG,MANG,≤100
103026384819654,How to Vote,ACRONYM,≤100
169440273093442,The Center for Election Science,The Center for Election Science,≤100
24481937944,Theodore Roosevelt Conservation Partnership,"THEODORE ROOSEVELT CONSERVATION PARTNERSHIP, INC",≤100
169277310432049,"Texas Precision Optics, Inc.",Texas Precision Optics Inc,≤100
1194865807192273,Conservative Gear,Outergoods LLC,≤100
8936818385,Accuracy in Media,"ACCURACY IN MEDIA, INC",≤100
830890360316751,Nick Hanauer,Civic Action,≤100
1228396643984955,Michelle Steel,Michelle Steel for Congress,≤100
34701792581,EWTN,Eternal Word Television Network,≤100
896759427103774,Modern Medicaid Alliance,Modern Medicaid Alliance,≤100
67011831040,Canon Press,Canon Press,≤100
146211696845,University of Pennsylvania Carey Law School,Marin Nicole Smith,≤100
101080714884609,Making the Case,Mario J Fratto,≤100
105433064492153,The Return 2020,The Return International,≤100
330379807074211,Flavor God,These ads ran without a disclaimer,≤100
341163402640457,NowThis,Group Nine Media,≤100
101525774999212,BLM,Bryan Daley,≤100
111361091313,NICABM,"Theoria Associates for Health Education, Inc.",≤100
338218229911752,Integrity First PAC,INTEGRITY FIRST PAC,≤100
272618896537776,America First Agenda,America First Agenda PAC,≤100
113110137118723,Collectible Currency,Christopher Walter Adams,≤100
80987211775,Bill Cassidy,Bill Cassidy for US Senate,≤100
215968684159,AFT - American Federation of Teachers,American Federation of Teachers,≤100
1081577605248505,Elect Better USA,John E Palmer,≤100
112556903649130,Louder Than Hate,"Louder Than Hate, LLC",≤100
417542331752173,Message,Timothy Bruce Dannunzio,≤100
438677089976938,Trump Army Supply,Trump Army Suppy,≤100
9739634228,The Political Machine,"Hitcents.com, Inc",≤100
38234604057,PEN America,PEN AMERICAN CENTER INC,≤100
102131941610043,T-shirts Shop,These ads ran without a disclaimer,≤100
110525690698759,Awesome Coffee Recipes,John Phillip Angelo Vergara,≤100
112600915451330,No Labels,No Labels,≤100
181183059253295,Dorsal Bracelets,Dorsal Bracelets,≤100
108650400954148,Stopping Socialism TV,The Heartland Institute,≤100
34362997676,United States Holocaust Memorial Museum,UNITED STATES HOLOCAUST MEMORIAL MUSEUM,≤100
142474049098533,Robert Reich,Inequality Media,≤100
482100658584410,We Stand For Energy,"EDISON ELECTRIC INSTITUTE, INC.",≤100
23790541544,Democrats,DCCC,≤100
322551718276442,Lemons Are Blue,Lockwell LLC,≤100
780606555331010,American Student Loan Advocate,ASLR Marketing,≤100
139599847972,National Nurses United,National Nurses United,≤100
173470656019870,The Daily Yonder,Great Stories LLC,≤100
1667892193505378,Hold the House,HOLD THE HOUSE PAC,≤100
405355946226766,Todd Young,"FRIENDS OF TODD YOUNG, INC.",≤100
1690071827911682,Cleancult,cleancult,≤100
107273697461891,Dane Wills for Monroe County Commission,Dane Wills for Monroe County Commission,≤100
217976018236954,OutKick,Outkick Media LLC,≤100
1436428353267835,Greenbrier County Democratic Women's Club,Sarah Zadek Umberger,≤100
1084856268238034,Trump Talking,Roberto None Lugo,≤100
1545826148838592,Trump 2020,Gregory Lawrence Burright,≤100
126694924050678,Xavier Becerra,Becerra for Attorney General 2022,≤100
143729616392084,Van Drew for Congress,Van Drew for Congress,≤100
100846774982239,Protect Our Police PAC,Protect Our Police PAC,≤100
104910457974220,Pupper Enthusiasts Unlimited,Seanross Michael Holcomb,≤100
159597424207730,David Perdue,PERDUE FOR SENATE,≤100
1890172464541866,"Together Freedom, Inc.",These ads ran without a disclaimer,≤100
100540308165634,Greg Hudson for Dunbar Mayor,Gregory Leon Hudson,≤100
201248453800242,My Pay My Say,Mackinac Center for Public Policy,≤100
17911165812,Covenant House International,Covenant House,≤100
111892670610842,Political AF,Quyen Sanh Gip,≤100
105698674239617,Embed News,Embed News,≤100
291102898490822,Giant Maga Hat,Inventors club LLC,≤100
8914040942,Chesapeake Bay Foundation,"CHESAPEAKE BAY FOUNDATION, INC., THE",≤100
431099560800970,Front Page Live,"Front Page Live, Inc.",≤100
113398717117686,Beach Dogs Ltd.,Christopher James Lamos,≤100
467804929927622,Jason Smith,JASON SMITH FOR CONGRESS,≤100
99196609225,The African American Policy Forum,African American Policy Forum,≤100
211312745695184,Chris Stansbury for WV,Christopher Alan Stansbury,≤100
129523843754764,Vote Smart,PROJECT VOTE SMART,≤100
374848446414965,Pollking,Benjamin Aaron Perlman,≤100
300774350436838,Topplr,Data Genomix,≤100
1419388578092947,Anna Paulina Luna,ANNA PAULINA LUNA FOR CONGRESS,≤100
655065784538368,PredictIt,"PredictIt - Prediction Markets. A project of Victoria University of Wellington, PredictIt has been established to facilitate research into the way markets forecast events.",≤100
1721467687891795,Partnership for Conservation,Partnership for Conservation,≤100
260933440643373,UltraViolet,UltraViolet Action,≤100
21395843375,Dialysis Patient Citizens,DIALYSIS PATIENT CITIZENS INC,≤100
607626319739286,Black Voices for Trump,TRUMP MAKE AMERICA GREAT AGAIN COMMITTEE,≤100
303167829786891,Ed Markey,THE MARKEY COMMITTEE,≤100
2375815239314878,Dalton Haas,Committee To Elect Dalton Haas,≤100
683872625157265,Theresa Greenfield,THERESA GREENFIELD FOR IOWA,≤100
433919203362871,Bird + Stone,BIRD & STONE INC,≤100
710669049286394,Woo the People,Khosro David Illulian,≤100
675471506247724,Adair for Congress,ADAIR FOR CONGRESS,≤100
105732744375701,Steve Bullock,MONTANANS FOR BULLOCK,≤100
107953010886875,20Train.com,GEEG LLC,≤100
179909895355213,AIDS United,AIDS UNITED,≤100
1624206881186861,Lisa Blunt Rochester,LISA BLUNT ROCHESTER FOR CONGRESS,≤100
357750373755,National Domestic Workers Alliance,National Domestic Workers Alliance,≤100
107424894413326,Tio Bernie Book,Tio Bernie Book,≤100
19420215926,CNSNews.com,MEDIA RESEARCH CENTER,≤100
294508332028,Lakota People's Law Project,ROMERO INSTITUTE,≤100
50982313030,Food & Water Watch,Food & Water Watch,≤100
465483726908192,iVote,IVote Civic Education Fund,≤100
103912504763714,Freedom and Loyalty,Carlos None Leon Trejo,≤100
6593503709,Gabby Giffords,GIFFORDS PAC,≤100
537534316395916,Students for Trump,Turning Point Action,≤100
58158120046,ACLJ,American Center for Law and Justice,≤100
102527004893192,The National Standard,Howard Stephan Barbanel,≤100
67626834312,National Women's Law Center,National Women's Law Center,≤100
6236054211,Brady,Brady Campaign to Prevent Gun Violence,≤100
1733918116873254,BackWoods Mafia,Landon David Turner,≤100
135081079769,AFGE,American Federation of Government Employees,≤100
113308940478028,Talcum Powder Claims,Gold Sky Ventures LLC,≤100
1526736227567131,TrueCoverage,True Coverage,≤100
101591551371555,Fire Mitch. Save America.,SAVE AMERICA FUND,≤100
164370317273246,Committee to Elect Mark A Hurt,Mark Alan Hurt,≤100
112488757165613,Blue Line Stockpile,Blueline Stockpile,≤100
706716899745696,Women for Trump,TRUMP MAKE AMERICA GREAT AGAIN COMMITTEE,≤100
15041226930,Oxfam,"OXFAM AMERICA, INC.",≤100
1476342155924546,Big Rig Threads,Big Rig T-Shirts and Decals LLC,≤100
38471053686,Elizabeth Warren,"WARREN DEMOCRATS, INC.",≤100
1852520761657982,4ocean,4ocean,≤100
102617961152741,Barbara Bollier,BOLLIER FOR KANSAS,≤100
181924628560212,SumOfUs,SumOfUs,≤100
263210730984251,We Are Great Again Pac,WE ARE GREAT AGAIN PAC,≤100
1600300510259910,For Our Future Pennsylvania,For Our Future Action Fund,≤100
376776419037747,Turning Point USA,Turning Point USA,≤100
111248197347176,Protect & Serve PAC,PROTECT AND SERVE PAC,≤100
8057376739,The Nature Conservancy,Nature Conservancy,≤100
761026730951792,Lori Lightfoot,Lightfoot for Chicago,≤100
8340223883,Avaaz,Avaaz Foundation,≤100
113110137118723,Collectible Currency,Proud Patriots,≤100
166738743732702,All Above All Action,All Above All Action Fund,≤100
135997359926517,SSDC Services,Jefery James Wenzel,≤100
109678580574253,Politicool Clothing Co.,PolitiCoolClothing.com,≤100
128167457221813,Public Transportation,Voices for Public Transit,≤100
1809715209318581,Marjorie Taylor Greene for Congress,GREENE FOR CONGRESS,≤100
267458563867915,Washington County Republican Party - PA,Washington County Republican Party,≤100
455147011996099,The Ann and Phelim Scoop,The Unreported Story Society,≤100
111097990387822,Paul Blume for Raleigh County Magistrate,Paul Anthony Blume,≤100
290851614930809,Combat AntiSemitism,Combat Anti-Semitism,≤100
108506830560787,Jessica Scarane,JESS SCARANE FOR DELAWARE,≤100
143986912311328,University of Vermont Continuing and Distance Education,University of Vermont,≤100
176099072429809,Oceana in Florida,OCEANA,≤100
999775873528189,Stopping Socialism,The Heartland Institute,≤100
333710103706307,Giffords,GIFFORDS PAC,≤100
18017481462,Acton Institute,Acton Institute,≤100
186805048171120,U.S. & Texas LawShield,Texas LawShield,≤100
114937555342547,Seth Abramson,Macmillan Publishing,≤100
6165653060,AFSCME,AMERICAN FEDERATION OF STATE COUNTY & MUNICIPAL EMPLOYEES,≤100
104919414599745,People Over Profits,"The People Over Profits Florida, Inc.",≤100
814260155318929,The Fairness Project,The Fairness Project,≤100
115366836686423,RegrowAustralia,RegrowAustralia,≤100
12683623041,Society for Human Resource Management (SHRM),SOCIETY FOR HUMAN RESOURCE MANAGEMENT,≤100
340393855322,Van Taylor,VAN TAYLOR CAMPAIGN,≤100
1118500958164482,Rodney Miller WV House of Delegates,Rodney Miller for WV House,≤100
27544763621,Prison Fellowship,Brandon Anders Larsen,≤100
763491940427547,Roque  "Rocky"  De La Fuente,Rocky 101 LLC,≤100
108512875350,The Atlas Society,The Atlas Society,≤100
153167611414243,Ohio House Democrats,The Ohio House Democratic Caucus,≤100
191975737491988,Jennifer Wexton,WEXTON FOR CONGRESS,≤100
104260608058844,Awesome Survival Guides,Kirsten May Siosan Andrade,≤100
127637620616803,Comcast Newsmakers,Comcast,≤100
313723095478950,The Daily Citizen,Focus on the Family,≤100
168452723312821,Chisholm Chisholm & Kilpatrick LTD,Chisholm Chisholm & Kilpatrick LTD,≤100
129278807814364,Women of Welcome,Welcome.,≤100
1013304945470529,My Pride Apparel,My Pride Apparel,≤100
1028908663935923,Americans for Fair Treatment,Americans For Fair Treatment,≤100
5887538795,Education Week,Education Week,≤100
419992651425033,Guardianes del Pueblo-Consumer Law Group,Consumer Law Group,≤100
112334757233941,Right to Telehealth,Jeremy Joseph Schaller,≤100
23180353833,North Carolina Republican Party,North Carolina Republican Party,≤100
1691667177798461,Brut,Brut,≤100
79820371749,Ayanna Pressley,THE COMMITTEE TO ELECT AYANNA PRESSLEY,≤100
109200595768753,The Christian Left,The Christian Left,≤100
350784278974539,Turning Point Action,Turning Point Action,≤100
51379424899,Mercy Ships,MERCY SHIPS INTERNATIONAL,≤100
105370081104608,Veterans for Trump,TRUMP MAKE AMERICA GREAT AGAIN COMMITTEE,≤100
113310617054164,Trump Baseball Bats,Trump Baseball Bats,≤100
253791814655400,Doug Collins,"COLLINS FOR SENATE, INC.",≤100
215199482635728,Alek Skarlatos,ALEK FOR OREGON,≤100
107439427661844,Accountable Tech,Accountable Tech,≤100
2049170775107862,Resistance By Design,Resistance By Design,≤100
787182881400525,Having Kids,Having Kids,≤100
100123544800892,Disme Coin Company,Byron Michael Laughlin,≤100
156994304362574,American Bridge 21st Century,AB PAC,≤100
102796944877926,Black Men for Trump,Black Men for Trump,≤100
180230069923,American Life League,American Life League,≤100
108363924220843,Stacy Brooks for 4th District Judge,Brooks for Judge,≤100
141692255929599,Democratic Socialists of America,DEMOCRATIC SOCIALISTS OF AMERICA INC,≤100
70874333603,CatholicVote,CatholicVote,≤100
1452551204988299,GoReact,Speakworks Inc,≤100
138141366212571,Gravis Marketing,GRAVIS MARKETING INC.,≤100
7357041101,Tammy Baldwin,TAMMY BALDWIN FOR SENATE,≤100
1678492922390061,WorkingNation,WorkingNation,≤100
162695894106234,Co-ops Vote,National Rural Electric Cooperative Association,≤100
183792172090826,Northern Virginia Clean Water Partners,Northern Virginia Regional Commission,≤100
322044193958,Mike Turner for Congress,Citizens for Turner,≤100
49275915266,Marie Stopes International,MSI-US,≤100
97624620788,American Friends of Magen David Adom,AMERICAN FRIENDS OF MAGEN DAVID ADOM,≤100
281884085611820,Tedra Cobb,COMMITTEE TO ELECT TEDRA COBB,≤100
979720542211350,Humanize Being Black,Keyshun Quantarious Holmes,≤100
304062610300415,VozWire,Gregson E Mathe,≤100
1802177709900081,The Spectator US,The Spectator US,≤100
346937065399354,Occupy Democrats,Omar Rivero,≤100
2255535767896743,Mark Robinson for N.C.,Mark Robinson for NC,≤100
18983389920,Open Society Foundations,Open Society Foundations,≤100
114822686979118,Daily Saver,Smart Market Tips,≤100
21647204289,Michigan Education Association,Michigan Education Association,≤100
167473433290992,Inequality.org,Institute for Policy Studies,≤100
241621170478899,The Purpose of Allegiance,Harrison T Chung,≤100
143195412381888,"Georgia Gun Owners, Inc.",Georgia Gun Owners,≤100
525171637666780,Sandy Piña California Delegate,RCR,≤100
106245384043438,Tims For Congress,FRIENDS OF DESIREE TIMS,≤100
1977738355807406,Sharice For Congress,SHARICE FOR CONGRESS,≤100
2259323457517498,Abolish the Electoral College,ABOLISH THE ELECTORAL COLLEGE,≤100
77903485992,Concerned Women For America LAC,CONCERNED WOMAN FOR AMERICA LEGISLATIVE ACTION COMMITTEE,≤100
109866370700481,PushBlack Finance,PushBlack,≤100
341240953385902,Force Of Nature Meats,Force of Nature,≤100
2339203789732156,Kim Mangone for Congress,COMMITTEE TO ELECT KIM MANGONE FOR CONGRESS,≤100
751679868274074,Hope for Students,THE EXPECTATIONS PROJECT INC,≤100
296708523873754,Karla Dennis and Associates Inc.,"Karla Dennis & Associates, Inc",≤100
1402827079932843,Low Income Relief,The Lighthouse Information Network LLC,≤100
307225073311137,Irina Khanin for Delegate - HD-29,Irina Khanin for Delegate,≤100
110316697328742,People of Seniors Housing,People of Seniors Housing,≤100
583715925012376,Mayor Trent Staggs,Staggs for Mayor,≤100
1679521432262834,Physicians Grassroots Network,American Medical Association,≤100
53674651369,Susan B. Anthony List,Susan B. Anthony List,≤100
531623043662146,Flags of Valor,Flags of Valor,≤100
429812024048177,Doug Jones for Senate,DOUG JONES FOR SENATE COMMITTEE,≤100
348839551906904,Democracy in Color,POWERPAC DOT ORG,≤100
143173285763,Tenth Amendment Center,Tenth Amendment Center,≤100
53541257714,The Arc of the United States,"ARC OF THE UNITED STATES, INC., THE",≤100
107638384248580,Our America,Bryant Wayne Young,≤100
170591064699,Southern Poverty Law Center,"SOUTHERN POVERTY LAW CENTER, INC., THE",≤100
123963360928,SiriusXM,SIRIUS XM RADIO INC.,≤100
1945837408977507,Michael Moates,-MICHAEL STEVEN MOATES,≤100
17801244148,Jill Schupp,SCHUPP FOR CONGRESS,≤100
79820371749,Ayanna Pressley,THE SQUAD VICTORY FUND,≤100
1234251319933440,Exclusive Apparel,The Dude's Threads,≤100
172552106115265,Patheos Evangelical,Patheos Evangelical,≤100
109262490894983,Trump News,Albert Fernandez,≤100
7642602143,Mother Jones,FOUNDATION FOR NATIONAL PROGRESS,≤100
106445167434779,Duty and Honor,Duty and Honor,≤100
115828443489764,Fashion trends,These ads ran without a disclaimer,≤100
104563534593724,Women Speak Store,These ads ran without a disclaimer,≤100
6428288402,Kiva,KIVA MICROFUNDS,≤100
113553048669158,Rick Scott,TEAM RICK SCOTT,≤100
950837325113887,Life Money Stuff,Life Money Stuff,≤100
533987556776948,Campaign for Sustainable Rx Pricing,Campaign for Sustainable Rx Pricing,≤100
704297096411479,Kisakye Furniture mart,These ads ran without a disclaimer,≤100
142432192446984,David Horowitz Freedom Center,David Horowitz Freedom Center,≤100
113335773562471,President Trump For Re-Election,Great American Era,≤100
111536353963034,"Vote Him Out, Inc.",Vote Him Out,≤100
1747132688647028,Democratic Association of Secretaries of State,Democratic Association of Secretaries of State,≤100
101692531643025,Die Hard USA,Die Hard USA,≤100
174754989846475,NewDem Action Fund,New Democrat Coalition Action Fund,≤100
47710973068,Cooperative Action Network,National Rural Electric Cooperatives Association,≤100
2123425971065747,Sora Schools,Indra Putra Sofian,≤100
104084298079050,United Liberty,Carlos None Leon Trejo,≤100
165238836870566,MRC Culture,MEDIA RESEARCH CENTER,≤100
103646064618386,The Judge Show - James Judge,James Patrick Judge Jr.,≤100
673117639774135,Gretchen Whitmer,Gretchen Whitmer for Governor,≤100
19972147679,SEIU,SEIU,≤100
1695950424027488,Andy Hallinan,Andrew Lawrence Hallinan,≤100
1682548622033328,Commonwealth Partners Chamber of Entrepreneurs,Commonwealth Partners Chamber of Entrepreneurs,≤100
171524666565192,Dave Stauffer for Governor,David Stauffer,≤100
345751305447288,Daugherty Water for Food Global Institute,Daugherty Water for Food Global Institute,≤100
104504438466,Federal Voting Assistance Program - FVAP,Federal Voting Assistance Program,≤100
111499100431,National Association for Gun Rights,NATIONAL ASSOCIATION FOR GUN RIGHTS INC,≤100
1653251174924652,Fuzzu,Fuzzu,≤100
2070944712939738,American Police Officers Alliance,American Police Officers Alliance,≤100
100645541728080,Blue America Project,BLUE AMERICA PROJECT,≤100
24470472733,The Trevor Project,The Trevor Project,≤100
210820618956311,Community Change Action,Community Change Action,≤100
162493793737,Rick Green,Richard Arlin Green,≤100
110891467375018,Kinda Christian Show,Kinda Christian Show,≤100
303374266418976,AFPM,American Fuel & Petrochemical Manufacturers,≤100
717417908274761,Lady Freethinker,Lady Freethinker,≤100
175630693036967,South Carolina FYI,Awesome News Network,≤100
118178241651488,DSPolitical,"DSPolitical, LLC",≤100
721000238103165,Eric Early,Eric Early,≤100
485951371457440,Texas Gun Rights,Texas Gun Rights,≤100
24014374813,Christians United for Israel (CUFI),Christians United for Israel,≤100
407664862957433,Ammar Campa-Najjar for Congress,AMMAR CAMPA-NAJJAR FOR CONGRESS,≤100
100506848295759,Made to Fail,Made To Fail,≤100
653446288035243,Edward B. Goehring,Edward B. Goehring,≤100
210277954204,The Young Turks,"The Young Turks, Inc.",≤100
7145381235,American Jewish World Service - AJWS,"AMERICAN JEWISH WORLD SERVICE, INC.",≤100
180060629247353,Elaine Luria for Congress,ELAINE FOR CONGRESS,≤100
1864721517082089,Democratic Attorneys General Association,Democratic Attorneys General Association,≤100
2144413402256029,"UAP, Inc - United American Patriots",United American Patriots Inc,≤100
100906591716189,Beyond Patriots,Priscilla Bethany Kennedy,≤100
90498769709,Edenpure,EdenPURE®,≤100
308159713150350,Voter Protection Project,VOTER PROTECTION PROJECT,≤100
38895197117,EdChoice,"EDCHOICE, INC.",≤100
245741028804051,Barbara Sinatra Center,Barbara Sinatra Children's Center,≤100
412739549455010,Karena Reiter,PrimaDonna Reeds,≤100
101042758281184,Reading On the Right,Macmillan Publishing,≤100
201716719965863,Patient Safety Movement,Patient Safety Movement Foundation,≤100
228132537208218,Tammy Duckworth,TAMMY FOR ILLINOIS,≤100
101208514791301,Daniel Turner,Power The Future Inc,≤100
156097994412618,Empowering Change,Empowering Change,≤100
102413723172970,Nick Adams,Nick Adams,≤100
1202514329820178,Don Blankenship,Don Blankenship,≤100
104886497990508,T shirt trending,These ads ran without a disclaimer,≤100
151525932186806,When Democrats Turn Out,WHEN DEMOCRATS TURN OUT PAC,≤100
51761261956,The Bill of Rights Institute,"BILL OF RIGHTS INSTITUTE, THE",≤100
108090464296366,Republican Patriots,I Love My Freedom,≤100
530053250503201,Soul 2 Soul Sisters,Soul 2 Soul Sisters,≤100
856208611420219,Christina Finello,FINELLO FOR CONGRESS,≤100
309993142375589,Joe Kennedy III,KENNEDY FOR MASSACHUSETTS,≤100
612701059241880,Latinos for Trump,TRUMP MAKE AMERICA GREAT AGAIN COMMITTEE,≤100
100317551770029,Republican Hero,Ibrahim Arbab,≤100
324119001078997,"Sanford Heisler Sharp, LLP","Sanford Heisler Sharp, LLP",≤100
102651074597577,Faith Wins,FAITH WINS,≤100
100355778430951,By Our Own Bootstraps,Brandon Vu,≤100
2133130356918764,Common Justice,COMMON JUSTICE INC,≤100
115379705206001,U.S. Department of Homeland Security Blue Campaign,These ads ran without a disclaimer,≤100
102389457864860,Treehuggers Bracelets,ECOMX LLC,≤100
91346559231,Democratic Legislative Campaign Committee - DLCC,Democratic Legislative Campaign Committee,≤100
1668350569891953,Rainbow Movement,William James Ulrich,≤100
60261764250,Childhelp,"CHILDHELP, INC.",≤100
171651620209487,Brady PAC,Brady Pac,≤100
1789651861157958,Values To Action,Values to Action,≤100
309094279104553,Twelve Books,"Hachette Book Group, Inc.",≤100
219224241438635,Compassion & Choices,COMPASSION & CHOICES,≤100
106333028376,"Nichols Kaster, PLLP",Nichols Kaster PLLP,≤100
105455840860559,EagleRealm LLC,Eagle Realm,≤100
128716440866482,Adam Milstein,Adam Milstein,≤100
114386721939978,The Made in America Store,Made In America Store,≤100
1791698994276941,Women for Justice,WomenJustice.us,≤100
106868314285372,The Finance Kit,DYS Capital LLC,≤100
100697751658498,Stronger.org,The Public Good Projects,≤100
1397799040234106,OpinionUP,OpinionUP LLC,≤100
420424547981908,In Search of Liberty,Scott Dennis Welch,≤100
117513180002579,John Shallman,Target Marketing Digital,≤100
102579318191600,No Justice No Peace,NO JUSTICE NO PEACE PAC,≤100
2046092952294722,Lucy McBath for Congress,FRIENDS OF LUCY MCBATH,≤100
606005623390941,Anti-Vax Watch,Anti-Vax Watch,≤100
505653766599222,America First with Dr. Sebastian Gorka,Salem Media,≤100
108220794333329,The Patriot Trust,Christopher Allen Supek,≤100
107654244332660,Back BLM,Back BLM,≤100
105481140904672,Core Prestige,Core Prestige,≤100
5633824547,FreedomWorks,"FREEDOMWORKS, INC.",≤100
1613289982270065,Choose Courage Foundation,Choose Courage Foundation,≤100
194115677277113,A21,A21 with Facebook Ad Credits,≤100
451224838781405,Patriot Baby,Eric Todd Hunter,≤100
55549065733,Voto Latino,VOTO LATINO INC.,≤100
105707511217866,Communities Joining Hands,Elena Zhan,≤100
121067011091,Arab American Institute,Arab American Institute with Facebook Ad Credits,≤100
469609533112889,iDisciple,iDisciple,≤100
106954147689215,Just the Truth,JUST THE TRUTH POLITICAL ACTION COMMITTEE,≤100
213687698658,Americans for Prosperity Foundation,Americans for Prosperity Foundation,≤100
203197030603239,8 Billion Trees,8 Billion Trees LLC,≤100
529154000442477,America Rising,AMERICARISINGPAC.ORG,≤100
102846434825096,Beat Abbott,Beat Abbott PAC,≤100
246846192720018,War On Our Future,The Years Project,≤100
384336778589668,Defend Our Constitution,COMMON CAUSE,≤100
116238930177726,Artsiful,Brad Aaron Shaw,≤100
518194348194441,RepresentUs,RepresentUs,≤100
260754507296508,The Voter Participation Center,Voter Participation Center,≤100
9394693002,Bloomberg LP,Bloomberg LP,≤100
19554217292,American Heart Association: You're the Cure,American Heart Association,≤100
206743952696198,Lower My Bills,"LMB OpCo, LLC",≤100
133294620046953,Mission India,MISSION INDIA INC,≤100
28144169620,Alliance for Aging Research,Alliance for Aging Research,≤100
112164673854264,Living Patriotically,Living Patriotically,≤100
21834534343,Volunteers of America,"VOLUNTEERS OF AMERICA, INC.",≤100
1557722217817482,Texans For Vaccine Choice,TEXANS FOR VACCINE CHOICE,≤100
698400060189827,Dan Sullivan,Alaskans for Sullivan,≤100
107937014153581,Energized Health,John Jubilee Transformation LLC DBA Energized Health,≤100
39432041915,Capital Research Center,CAPITAL RESEARCH CENTER INC,≤100
987698164585861,Citizen Ed,Citizen Education,≤100
678707785538538,Dole Sunshine,These ads ran without a disclaimer,≤100
317667194946264,Ro Khanna,RO FOR CONGRESS INC,≤100
55549065733,Voto Latino,Voto Latino with Facebook Ad Credits,≤100
101366834743111,Staunch Moderates,Gregory Todd Simmons,≤100
514167322309353,Dan Crenshaw,Crenshaw For Congress,≤100
108838804083071,Etch The Edges,Critical Thinking Minds - DS Brown,≤100
112552187080266,Protecting Every Future,American Council of Life Insurers,≤100
502320477205654,I’m Bout Making My Ancestors Proud,Heritage Hill LLC,≤100
1841824626073676,Candace Valenzuela for Congress,CANDACE FOR 24,≤100
953113491536337,Black to the Future Action Fund,Black to the Future Action Fund,≤100
219247332354785,Phil Arballo for Congress,ARBALLO FOR CONGRESS,≤100
1682876188698809,United for Respect,United for Respect,≤100
114381883687309,RealityMatters.Net,RealityMatters.Net,≤100
1947525322184514,One Fair Wage,One Fair Wage,≤100
109709397469494,Dignity Unbound,Dignity Unbound,≤100
1439364926329185,Animal Matters,Animal Matters,≤100
317894938412949,Suntory,Suntory Holdings Limited,≤100
1425435377743310,Conversations with Bill Kristol,The Foundation for Constitutional Government,≤100
106756327769815,Stand For The Promise,Stand For The Promise,≤100
680549575421741,UnitedVoice.com,"Beachside Media, Inc.",≤100
13187955196,Young Americans for Liberty,Young Americans for Liberty,≤100
100124595113383,Victor Ashe,"William F. Buckley, Jr. Program",≤100
38897314734,The Trust for Public Land,"TRUST FOR PUBLIC LAND, THE",≤100
174777196873,Republican Party of New Mexico,REPUBLICAN CAMPAIGN COMMITTEE OF NEW MEXICO,≤100
621424308487724,Love 45 Store,These ads ran without a disclaimer,≤100
7100914121,American Experience | PBS,WGBH EDUCATIONAL FOUNDATION,≤100
320169391680407,TopCoat Products,These ads ran without a disclaimer,≤100
32975139631,If Americans Knew,If Americans Knew,≤100
102478528086004,Reading On the Left,St. Martin's Press,≤100
1632568446971453,Boredwalk,Boredwalk,≤100
106493481115475,Protect Our Election,Protect Our Election,≤100
107618675933249,Coalition for Smarter Growth,the Coalition for Smarter Growth,≤100
35169196082,Project HOPE,"PROJECT HOPE-THE PEOPLE-TO-PEOPLE HEALTH FOUNDATION, INC.",≤100
103934071014071,Fire Drill Fridays,"GREENPEACE, INC.",≤100
234628203317767,Made for Freedom,Made for Freedom,≤100
165779706726,Country Music Artist Carl Ray,Carl Ray Williams,≤100
487191351404842,National Women's Prayer and Voting Army,National Women's Prayer and Voting Army,≤100
109905900573403,BuzzVote2020,Bruce Edward Spector,≤100
123276481201934,Barry Loudermilk,LOUDERMILK FOR CONGRESS,≤100
339432396135584,The Exodus Road,EXODUS ROAD INC,≤100
2212066245574161,Sarah Huckabee Sanders,St. Martin's Press,≤100
21999960184,Operation Blessing,Operation Blessing,≤100
16792125167,Jimmy Patronis,Treasure Florida PC,≤100
2295062210811244,Coalition for American Veterans,COALITION FOR AMERICAN VETERANS POLITICAL ACTION COMMITTEE,≤100
394382318084500,United Against Mitch,GUARDIAN PAC,≤100
740266592735787,Free to Be Kids,Free To Be Kids,≤100
1584050195202316,Barbara Bry for Mayor,Barbara Bry for San Diego Mayor 2020,≤100
221401431386940,Pramila Jayapal,PRAMILA FOR CONGRESS,≤100
102010211314386,Donald Trump 2020 Voters,I Love My Freedom,≤100
34521916336,Brent Bozell,MEDIA RESEARCH CENTER,≤100
87777747127,Greg Palast,Palast Investigative Fund,≤100
1708467695859543,Veteran Transition Mission,Sonia Ivelisse Barriera Ayala,≤100
497081420632330,Dr. Hiral Tipirneni,HIRAL FOR CONGRESS,≤100
333081284065216,Brynne Kennedy for Congress,BRYNNE KENNEDY FOR CONGRESS,≤100
110955507365144,Hunt For Red October,Stephen Paul Benoit,≤100
94047978366,PCCC - BoldProgressives.org,PROGRESSIVE CHANGE CAMPAIGN COMMITTEE,≤100
216705888361546,Elbert Lee Guillory,ELBERT GUILLORY'S AMERICA,≤100
114885646899438,Mr. 45th,Clush,≤100
51533142540,Public Advocate of the U.S.,PUBLIC ADVOCATE OF THE US,≤100
655932468379088,American Dream Apparel,American Dream Apparel,≤100
105315327577677,Golden Goose Publishing,Lance Charles Greenberg,≤100
119006106155684,PI Energy,Andrew P Chung,≤100
153278754738777,Climate Reality,The Climate Reality Project,≤100
95356211637,Ben Ferguson,Ben Ferguson show,≤100
30079936984,CWS,"CHURCH WORLD SERVICE, INC.",≤100
116168629925789,"Rebecca L. Miller, Republican Candidate for Hampshire County Prosecutor",Rebecca Louise Miller,≤100
1612726335627171,We the Internet TV,We the Internet TV,≤100
100699775058659,Education Now NC,Education Now,≤100
313097997669,StreetLightUSA,StreetLightUSA,≤100
130848666099,Business Forward,Business Forward Inc.,≤100
106572950040377,Max Rose,MAX ROSE FOR CONGRESS,≤100
1715412445365976,NBC 4 Washington Brand Studio,NBCUniversal,≤100
78420171887,Sailors for the Sea,SAILORS FOR THE SEAINC,≤100
100729641303493,ICount NM,I Count New Mexico,≤100
341513602902369,CALL TO ACTIVISM,CALL TO ACTIVISM,≤100
108152933883451,TrumpTrendz,Troy Lorenzo Davis,≤100
102027764795677,American Wire,The USA Wire,≤100
312657362217994,Women's Heart Alliance,Women's Heart Alliance,≤100
256043277748645,NetChoice,NETCHOICE,≤100
56332452163,AMA Patients Action Network,American Medical Association,≤100
782093245218764,Qasim Rashid,RASHID FOR VA,≤100
127335473965761,Recycle Cartons,"Carton Council of North America, Inc.",≤100
173837496125511,Conscious Step,Conscious Step,≤100
113644103666790,America First,TruthLion,≤100
103150364587807,Gun Owners Care,National Shooting Sports Foundation,≤100
1438882392887793,ADF Church Alliance,Alliance Defending Freedom,≤100
127216280686110,Ann Wagner,Ann Wagner for Congress,≤100
26006662641,Arizona Democratic Party,Arizona Democratic Party,≤100
101391906600,Live Action News,Live Action News,≤100
104012084703106,One People United PAC,One People United,≤100
35715544220,Stand.earth,STAND,≤100
240617989816726,Jason Tolliver,Vote For Tolliver,≤100
160513344045084,John Neely Kennedy,"John Kennedy for Us, Inc",≤100
657343731290262,American Freedom Fighter,American Freedom Fighter,≤100
646594582623475,Republican Nations,wowengraving,≤100
123965317665623,N-Hance Wood Refinishing,N-Hance Inc.,≤100
700941689954518,Defend Our Future,Defend Our Future,≤100
118303441570966,Home Ownership Matters,NATIONAL ASSOCIATION OF REALTORS,≤100
101888608186192,MedicalCommunitynet,Medical Community LLC,≤100
114386721939978,The Made in America Store,Anthony Michael Falbo,≤100
284946111858895,Debbie Mucarsel-Powell,DEBBIE FOR CONGRESS,≤100
516725565030981,Brendan Boyle,CITIZENS FOR BOYLE,≤100
105943157686335,Trust Michigan Families,TRUST MICHIGAN FAMILIES,≤100
100437321592930,Pink Datas,These ads ran without a disclaimer,≤100