﻿Page ID,Page Name,Disclaimer,Amount Spent (USD)
7860876103,Joe Biden,BIDEN VICTORY FUND,1995
153080620724,Donald J. Trump,TRUMP MAKE AMERICA GREAT AGAIN COMMITTEE,523
156968474833352,Stop Republicans,Stop Republicans,493
2132738093632189,Brock Pierce,BROCK PIERCE FOR PRESIDENT,428
96935476345,Democratic Governors Association (DGA),Democratic Governors Association,335
127755494595870,Progressive Takeover,PROGRESSIVE TAKEOVER,327
1615018905412860,Progressive Turnout Project,PROGRESSIVE TURNOUT PROJECT,288
108824017345866,Facebook,"Facebook, Inc.",237
925007000949719,ExxonMobil,Exxon Mobil Corporation,197
20787991568,Senate Democrats,DSCC,190
172758932738142,PhRMA,PHARMACEUTICAL RESEARCH AND MANUFACTURERS OF AMERICA,135
1771156219840594,Team Trump,TRUMP MAKE AMERICA GREAT AGAIN COMMITTEE,121
1316372698453411,Alexandria Ocasio-Cortez,Alexandria Ocasio-Cortez for Congress,104
2330577043935831,Sara Gideon,SARA GIDEON FOR MAINE,≤100
1635441679872518,Kimberly Klacik,Kim Klacik for Congress,≤100
6726182861,Mike Pence,TRUMP MAKE AMERICA GREAT AGAIN COMMITTEE,≤100
328853823844484,Balance of Power,Balance of Power,≤100
96935476345,Democratic Governors Association (DGA),DEMOCRATIC ACTION,≤100
328072970642479,Jaime Harrison,JAIME HARRISON FOR US SENATE,≤100
24413227922,Kamala Harris,BIDEN VICTORY FUND,≤100
202626512363,U.S. Census Bureau,U.S. Census Bureau,≤100
830121337093232,National Democratic Training Committee,NATIONAL DEMOCRATIC TRAINING COMMITTEE PAC,≤100
100391581727524,Defeat By Tweet,DEFEAT BY TWEET,≤100
101279451606075,Democratic Strategy Institute,Democratic Strategy Institute,≤100
202626512363,U.S. Census Bureau,These ads ran without a disclaimer,≤100
109092142462587,Adam Schiff,SCHIFF FOR CONGRESS,≤100
1446711268937709,Vermont Coalition to Regulate Marijuana,Marijuana Policy Project,≤100
18982436812,ACLU,American Civil Liberties Union,≤100
791543660926838,"I'll go ahead and keep my guns, Thanks",2A4LIFE LLC,≤100
665345483483486,NRA - National Rifle Association of America,NATIONAL RIFLE ASSN OF AMERICA,≤100
277005566267077,Blueland,Blueland,≤100
7976226799,The Daily Show,Comedy Central,≤100
577579002349073,Let's Grow Kids,Let's Grow Kids,≤100
163148530407080,Captain Mark Kelly,MARK KELLY FOR SENATE,≤100
618480098621142,Social Security Event,Robert Jared Wilkins,≤100
8492293163,Environmental Defense Fund,Environmental Defense Fund,≤100
2267285956849056,Donald Trump 2020 Fans,I Love My Freedom,≤100
9324910069,NRSC,NRSC,≤100
21472760578,C-SPAN,C-SPAN,≤100
7292655492,MoveOn,MOVEON.ORG POLITICAL ACTION,≤100
20531316728,Facebook App,"Facebook, Inc.",≤100
143986912311328,University of Vermont Continuing and Distance Education,University of Vermont,≤100
602714436529710,End Citizens United,END CITIZENS UNITED,≤100
228754857151053,House Majority PAC,House Majority PAC,≤100
5435784683,Greenpeace USA,"GREENPEACE, INC.",≤100
33713453361,Amazon Prime Video,Amazon Prime Video,≤100
6204742571,Sierra Club,SIERRA CLUB,≤100
97493741436,John W. Hickenlooper,HICKENLOOPER FOR COLORADO,≤100
700806360047982,CFG Action,Club for Growth Action,≤100
127225910653607,PragerU,PragerU,≤100
406250659410174,David Zuckerman,Zuckerman for VT,≤100
345504286342057,Keeping America Great Again,RightWingGear.com,≤100
342294162453301,Planned Parenthood,Planned Parenthood Federation of America,≤100
106244251043808,Reuse Plastics,"AMERICAN CHEMISTRY COUNCIL, INC.",≤100
25852730092,Care2,Care2 Inc,≤100
114710126648118,Republican Dogs,Republican Dogs,≤100
197760674021143,Indivisible Guide,INDIVISIBLE ACTION,≤100
1449461518652183,4Patriots,4Patriots LLC,≤100
111428049989,Cal Cunningham,CAL FOR NC,≤100
165987503528599,Lindsey Graham,"TEAM GRAHAM, INC.",≤100
263891677826490,Earthsider,Ryan James Martin,≤100
1336293769761923,Jon Ossoff,JON OSSOFF FOR SENATE,≤100
309308412520731,Sandy Hook Promise,Sandy Hook Promise,≤100
236369846383459,Congressional Black Caucus PAC,Congressional Black Caucus PAC,≤100
278490715553293,Martha McSally,MCSALLY FOR SENATE INC,≤100
100575810307679,VICE TV,VICE Media,≤100
114625730266879,Republican Voters Against Trump,Defending Democracy Together,≤100
85273022315,NAMI,NAMI,≤100
104856814505092,The Kids Guide,The Kids Guide,≤100
168051710543266,Lacy Johnson,Lacy Johnson for Congress,≤100
176789922364429,Steve Daines,STEVE DAINES FOR MONTANA,≤100
23875187730,Feeding America,Feeding America,≤100
8934429638,Planned Parenthood Action,Planned Parenthood Action Fund,≤100
1316372698453411,Alexandria Ocasio-Cortez,THE SQUAD VICTORY FUND,≤100
105756057589080,The Lincoln Project,The Lincoln Project,≤100
605168822998856,314 Action,314 ACTION FUND,≤100
107654924064350,Pat Timmons-Goodson,PATRICIA TIMMONS-GOODSON FOR CONGRESS,≤100
2352630938293825,Mytacticalpromos,Entremax,≤100
111393882812494,Amy McGrath,"AMY MCGRATH FOR SENATE, INC.",≤100
104614641200137,MeidasTouch,MEIDASTOUCH,≤100
8325302025,Friends of the Earth U.S.,Friends of the Earth,≤100
158791100909689,Concerned Veterans for America,Concerned Veterans for America,≤100
92925746942,Judicial Watch,Judicial Watch,≤100
393932827634250,Dissent Pins,Common Practice,≤100
167586229923327,World Food Program USA,World Food Program USA,≤100
114420040286847,Carolyn Branagan For Treasurer,Elect Carolyn Branagan,≤100
103730928025980,Safe and Sound In 2020,Kin Ngai Yeung,≤100
737686089933715,Conservative Collections,Mainline Media Group,≤100
373814729643508,Let America Vote,LET AMERICA VOTE PAC,≤100
717115395103069,PrintedKicks,Printed Kicks,≤100
153080620724,Donald J. Trump,"DONALD J. TRUMP FOR PRESIDENT, INC.",≤100
314499212242,Pfizer,Pfizer Inc.,≤100
85452072376,Newsmax,Newsmax Media,≤100
2353537341582545,Proud Patriots,Proud Patriots,≤100
5720973755,Defenders of Wildlife,DEFENDERS OF WILDLIFE,≤100
309798029121030,Everytown for Gun Safety,Everytown for Gun Safety Action Fund Inc,≤100
728080537326482,The United State of Women,CIVIC NATION,≤100
18813753280,Human Rights Campaign,"HUMAN RIGHTS CAMPAIGN, INC",≤100
103597604713894,Team Trump Store,TRUMP MAKE AMERICA GREAT AGAIN COMMITTEE,≤100
114509405243551,Matthew Choate for VT State Senate - Caledonia/Orange District,Matthew A Choate,≤100
593887230746087,Protect Our Wildlife Vermont,Protect Our Wildlife Vermont,≤100
107210084216238,Humanity Forward,Humanity Forward,≤100
279410649307065,Richards in The House,These ads ran without a disclaimer,≤100
259130650776119,Mitch McConnell,MCCONNELL SENATE COMMITTEE,≤100
19192438096,AAAS - The American Association for the Advancement of Science,American Association for the Advancement of Science,≤100
596556607135301,The Earthling Co.,The Earthling Co.,≤100
159964696102,Kevin McCarthy,KEVIN MCCARTHY FOR CONGRESS,≤100
24330467048,Americans for Prosperity,AMERICANS FOR PROSPERITY,≤100
8047221596,Save the Children US,"SAVE THE CHILDREN FEDERATION, INC.",≤100
481559282597914,TrumpersUnite,Respect The Look,≤100
585942765164217,Elect Democratic Women,ELECT DEMOCRATIC WOMEN,≤100
125926684269659,Davis for State Senate,Davis for State Senate,≤100
70995214846,Business Roundtable,Business Roundtable,≤100
1010143499143169,Medicare Savings,"Mayo Labs, LLC",≤100
163302087408673,Stop The Donald,Stop the Donald,≤100
100137754724934,Trump 2020 Supporters,Proud Right Winger,≤100
184347775517856,Quick Medigap,These ads ran without a disclaimer,≤100
105732744375701,Steve Bullock,MONTANANS FOR BULLOCK,≤100
7263476274,Mercy Corps,Mercy Corps,≤100
101127364972509,Dems For USA,Dems For USA,≤100
109379100777665,Patriotism Isn't Dead,Patriot Polling,≤100
10423517786,Harvard Business Review,HARVARD BUSINESS SCHOOL PUBLISHING CORPORATION,≤100
103185334702225,Stop Trump PAC,STOP 45 PAC,≤100
152264148166020,Moms Clean Air Force,Moms Clean Air Force,≤100
87186661244,Johns Hopkins Bloomberg School of Public Health,Johns Hopkins Bloomberg School of Public Health,≤100
105577974544303,The USA Needs More Patriots,AmeriPolling,≤100
57259033959,AARP,AARP,≤100
100256754899828,Patriot's Cave,Patriots Cave,≤100
780941275347834,Ilhan Omar,ILHAN FOR CONGRESS,≤100
214536049346,VPIRG,VERMONT PUBLIC INTEREST RESEARCH GROUP,≤100
747436915270894,Congressional Leadership Fund,CONGRESSIONAL LEADERSHIP FUND,≤100
834645469890446,Devin Nunes,DEVIN NUNES CAMPAIGN COMMITTEE,≤100
142992759853421,Be A Hero,BE A HERO PAC,≤100
38235851310,USA for UNHCR,UNITED STATES ASSOCIATION FOR UNHCR,≤100
461204744067686,Family Protection Association,Family Protection Association,≤100
36160848633,PicturesOnGold.com,Daniel F Schifter,≤100
277414242013,Joyce Elliott for Congress,JOYCE ELLIOTT FOR CONGRESS,≤100
7833534974,Florida Democratic Party,Florida Democratic Party,≤100
105010030848236,Bryant Cameron Webb,DR. CAMERON WEBB FOR CONGRESS,≤100
8934429638,Planned Parenthood Action,Planned Parenthood Votes,≤100
1614690395258056,Into Action,Into Action,≤100
108273884315449,Real American Patriot,Gold Sky Ventures LLC,≤100
1809078699219595,Fat Tire,"NEW BELGIUM BREWING COMPANY, INC.",≤100
36872302227,Cory Booker,Cory Booker for Senate,≤100
6820348410,Kirsten Gillibrand,Gillibrand for Senate,≤100
102478061559294,Convention on Founding Principles,Convention on Founding Principles,≤100
305832706292882,American Gun Association,GunAssociation.org,≤100
18709174006,National Audubon Society,"NATIONAL AUDUBON SOCIETY, INC.",≤100
679171239164792,Supermajority,Supermajority,≤100
27311599342,Preemptive Love,Preemptive Love Coalition,≤100
839110726214614,Realtors,NATIONAL ASSOCIATION OF REALTORS,≤100
102617961152741,Barbara Bollier,BOLLIER FOR KANSAS,≤100
102671331487937,I Love My Freedom Store,I Love My Freedom,≤100
327837911149503,2A4Life,2A4LIFE LLC,≤100
102916288137405,The Daily Republican,USA Movements LLC,≤100
281884085611820,Tedra Cobb,COMMITTEE TO ELECT TEDRA COBB,≤100
132492254050920,American AF,AAF Nation,≤100
962934323862447,Bill Huff,Huff for Vermont State Senate Campaign,≤100
496696933682736,Jeff Merkley,JEFF MERKLEY FOR OREGON,≤100
303167829786891,Ed Markey,THE MARKEY COMMITTEE,≤100
683872625157265,Theresa Greenfield,THERESA GREENFIELD FOR IOWA,≤100
7483836629,Ancestry,Ancestry.com Operations Inc.,≤100
1439829396312534,The Movement for Black Lives,Movement for Black Lives,≤100
219612384781411,Bloomberg Philanthropies,Bloomberg Philanthropies,≤100
30139072158,CARE,CARE,≤100
832107710207069,Pam Keith FL,Committee to Elect Pam Keith,≤100
105577974544303,The USA Needs More Patriots,Anthony Alexander Morales,≤100
15239367801,The Wilderness Society,"WILDERNESS SOCIETY, THE",≤100
106663044307859,Mike Sievert,"T-MOBILE USA, INC.",≤100
210357995667559,The National Memo,The National Memo,≤100
2185993931653388,The Recount,"Recount Media, Inc",≤100
2037695643113766,Blexit,Blexit Foundation,≤100
255228057929785,Shayne Spence,Shayne Spence for House,≤100
17203056985,Partners In Health,Partners In Health,≤100
6820348410,Kirsten Gillibrand,Off the Sidelines,≤100
257019421075897,Cory Gardner,Cory Gardner for Senate,≤100
101690998009007,Improving Life Through Health,Nicolette Dalan,≤100
156994304362574,American Bridge 21st Century,AB PAC,≤100
34362997676,United States Holocaust Memorial Museum,UNITED STATES HOLOCAUST MEMORIAL MUSEUM,≤100
308159713150350,Voter Protection Project,VOTER PROTECTION PROJECT,≤100
11791104453,NRDC,Natural Resources Defense Council,≤100
137459917707,The Brookings Institution,The Brookings Institution,≤100
192015461630968,Supporting Our Brave Veterans,James Brian Plouf,≤100
104113317870732,Free Markets Destroy,Washington Policy Center,≤100
592707041080920,Stand Together,Stand Together Chamber of Commerce Inc.,≤100
405469100189512,Still My President - Donald Trump,Red State Politics LLC,≤100
6041057841,The Humane Society of the United States,"HUMANE SOCIETY OF THE UNITED STATES, THE",≤100
15687409793,World Wildlife Fund,World Wildlife Fund,≤100
433919203362871,Bird + Stone,BIRD & STONE INC,≤100
675471506247724,Adair for Congress,ADAIR FOR CONGRESS,≤100
280704452367167,Jason Crow,JASON CROW FOR CONGRESS,≤100
101210588150219,Boy Scouts Abuse Claims,X Social Media LLC,≤100
102592959026,Ocean Conservancy,"OCEAN CONSERVANCY, INC.",≤100
120448873031387,Our United Family,Daniel Wang,≤100
7962229886,Environmental Working Group,ENVIRONMENTAL WORKING GROUP,≤100
6500552187,Hulu,"HULU, LLC",≤100
2012750189007245,Liquid Death Mountain Water,Liquid Death,≤100
977704775606273,Balls Deep Tackle,Balls Deep Tackle,≤100
210277954204,The Young Turks,"The Young Turks, Inc.",≤100
104142543758770,Campaign Zero,We The Protesters,≤100
16477459734,League of Conservation Voters,"LEAGUE OF CONSERVATION VOTERS, INC",≤100
1443127535947107,Save the Children Action Network,Save the Children Action Network,≤100
1061240530648502,Joe Collins,JOE COLLINS FOR CONGRESS,≤100
8501031021,VoteVets.org,VOTEVETS,≤100
1883837055193241,Shield Republic,Shield Republic,≤100
30708742052,FCTRY,FCTRY,≤100
530604487365010,Old Glory Flagpole Kits,Service First Flag Poles,≤100
788394134539871,USPS Business,United States Postal Service,≤100
45393753416,Alliance Defending Freedom,Alliance Defending Freedom,≤100
110393153948638,Financial Help,Common Acquire,≤100
934438026690635,YouGov,YOUGOV AMERICA INC.,≤100
102745147891580,Trump Coolers,Eric Clifford Juels,≤100
598924810530984,Keeping America Great,FamTeeWorld,≤100
782093245218764,Qasim Rashid,RASHID FOR VA,≤100
101591551371555,Fire Mitch. Save America.,SAVE AMERICA FUND,≤100
36474716066,Color Of Change,ColorofChange.org,≤100
104934207736995,Paycheck to Paycheck,Center for American Progress Action Fund,≤100
1667892193505378,Hold the House,HOLD THE HOUSE PAC,≤100
302182941354,AARP Advocates,AARP,≤100
6316744206,Jon Tester,MONTANANS FOR TESTER,≤100
593289284500311,Trump Rack,BOXD Marketing,≤100
1228396643984955,Michelle Steel,Michelle Steel for Congress,≤100
419237048158257,Susan Collins,COLLINS FOR SENATOR,≤100
115366836686423,RegrowAustralia,RegrowAustralia,≤100
206677396413254,Abortion On Our Own Terms,Abortion On Our Own Terms,≤100
35169196082,Project HOPE,"PROJECT HOPE-THE PEOPLE-TO-PEOPLE HEALTH FOUNDATION, INC.",≤100
72186095846,Center For American Progress Action Fund,Center for American Progress Action Fund,≤100
6236054211,Brady,Brady Campaign to Prevent Gun Violence,≤100
259212814698356,Democratic Majority for Israel,DMFI PAC,≤100
105459947922475,Sheldon Law Group,Sheldon Law Group,≤100
111324359048459,Dr. Roger Marshall,KANSANS FOR MARSHALL,≤100
51405613519,Focus on the Family,Focus on the Family,≤100
49651563727,Live Action,Live Action,≤100
530604487365010,Old Glory Flagpole Kits,Service First,≤100
100119981671668,Blue Senate,BLUE SENATE PAC,≤100
100233228182981,Madison Cawthorn for Congress,CAWTHORN FOR NC,≤100
6787988478,Physicians for Human Rights,"PHYSICIANS FOR HUMAN RIGHTS, INC.",≤100
1456310534453054,Veteran Loans Online,"LMB OpCo, LLC",≤100
142370046577999,Shahid Buttar for Congress,Shahid Buttar for Congress Committee,≤100
79820371749,Ayanna Pressley,THE SQUAD VICTORY FUND,≤100
101136147910784,Represent Justice,Represent Justice,≤100
103682110993833,Arctic Refuge Defense Campaign,Alaska Wilderness League,≤100
109111900634787,Reverend Raphael Warnock,WARNOCK FOR GEORGIA,≤100
122890138436648,Generally Irritable,Benjamin N Redic,≤100
10150100007820094,Wendy Davis,WENDY DAVIS FOR CONGRESS,≤100
17801244148,Jill Schupp,SCHUPP FOR CONGRESS,≤100
103030961522069,Nice Tee,These ads ran without a disclaimer,≤100
1836138529938551,Greater Half,Greater Half,≤100
106224464107240,Jo Jorgensen,Jo Jorgensen for President,≤100
267180743723148,National Geographic Society,National Geographic Society,≤100
108794587327155,Good Programs 2020,Trevor Dale Seaks,≤100
213792049451918,Stand For America,Stand For America Inc,≤100
105995741220700,Patriots United,Le Huu Dong Huynh,≤100
7145381235,American Jewish World Service - AJWS,"AMERICAN JEWISH WORLD SERVICE, INC.",≤100
342887442508723,Convention of States,Convention of States Action,≤100
245284549333866,ASMDSS,ASMDSS,≤100
971668776283950,PolicyEd,Hoover Institution,≤100
6593503709,Gabby Giffords,GIFFORDS PAC,≤100
101209614956892,Take A Stand,Andrew Joseph Young,≤100
101278694809805,Meme2020,Meme2020,≤100
493811210669780,Creative Action Network,Creative Action Network,≤100
443329669123990,USAFacts,USAFacts Institute,≤100
213687698658,Americans for Prosperity Foundation,Americans for Prosperity Foundation,≤100
1109093812491437,Blaze Media,Blaze Media LLC,≤100
41309865723,Democrats.com,DEMOCRATS.COM,≤100
1338822066131069,Women's March,Women's March,≤100
1799282383731277,TwoSeventy,Alexander Jared Deutsch,≤100
113666459994300,Big Dan Rodimer for Congress,RODIMER FOR CONGRESS,≤100
110439270638992,NE1else,Time Management LLc,≤100
221401431386940,Pramila Jayapal,PRAMILA FOR CONGRESS,≤100
101481584557260,Help Asheville Bears-HAB,Heather Christina Williams,≤100
1204754733024419,People's Power Grab,ACRONYM,≤100
560140464159364,Stand for the 2nd Amendment,SFT2 Tactical Supply,≤100
108029674299216,We The People,We The People,≤100
21559454473,FAIR,FEDERATION FOR AMERICAN IMMIGRATION REFORM,≤100
260933440643373,UltraViolet,UltraViolet Action,≤100
139599847972,National Nurses United,National Nurses United,≤100
102875587947942,Keep Trump In Office,Keep Trump In Office,≤100
1859113087545137,Learn Everywhere,"yes. every kid, Inc.",≤100
223008867858902,American Action News,American Action News,≤100
112420993589373,Young and Old for America,Andrew Joseph Young,≤100
681745912255844,John Cummings for Congress,CUMMINGS FOR CONGRESS,≤100
1658135304460341,MANG,MANG,≤100
100382285111120,American Bells,Grant Alan Johnston,≤100
137746666253194,Ann Kirkpatrick,KIRKPATRICK FOR CONGRESS,≤100
1438808983108348,BOLD PAC,CHC BOLD PAC,≤100
249716212080256,Jim Clyburn,FRIENDS OF JIM CLYBURN,≤100
243947752771440,TJ Cox for Congress,TJ COX FOR CONGRESS,≤100
209516845093,NRDC Action Fund,NRDC Action Fund,≤100
2339203789732156,Kim Mangone for Congress,COMMITTEE TO ELECT KIM MANGONE FOR CONGRESS,≤100
227764782729,AMERICAN - STRONG!,American Strong LLC,≤100
46093654473,National Republican Congressional Committee,NRCC,≤100
169597416843751,Stand Up America,Stand Up America,≤100
176466646087311,DC Fawcett,Donald Chappell Fawcett,≤100
417522508294454,Job Creators Network,Job Creators Network,≤100
1917715138510680,Follow Your Legend,Legend Bracelet,≤100
219224241438635,Compassion & Choices,COMPASSION & CHOICES,≤100
53541257714,The Arc of the United States,The Arc with Facebook Ad Credits,≤100
1925751504337881,MJ Hegar,MJ FOR TEXAS,≤100
100735615003345,Pulling For Rutland Town,Pulling For Rutland Town,≤100
38471053686,Elizabeth Warren,"WARREN DEMOCRATS, INC.",≤100
839073729808623,Hillary Scholten,SCHOLTEN FOR CONGRESS,≤100
719913581472398,Napoli Shkolnik PLLC,Napoli Law,≤100
131306317680000,Social Goods,"Social Goods, LLC",≤100
106411777781402,Beatriz Pastor for NH Senate,Friends of Beatriz Pastor,≤100
21492729544,Catholic Relief Services,CATHOLIC RELIEF SERVICES - UNITED STATES CONFERENCE OF CATHOLIC BISHOPS,≤100
116222966843926,US Concealed,US Concealed,≤100
50982313030,Food & Water Watch,Food & Water Watch,≤100
278487153675,Redneck Nation Clothing,Tracie Milliron Gold,≤100
104170004713256,Elect Black Democrats,THE COLLECTIVE PAC,≤100
447868838745191,Andy Julow for State Representative,Committee to Elect Andy Julow,≤100
15188122178,The Hamilton Collection,The Hamilton Collection,≤100
586751814690068,Joni Ernst,Joni for Iowa,≤100
110010433804232,Falkirk Center,Falkirk Center,≤100
169130743498585,Tactical Pro Supply,Chad Keller,≤100
260366367717440,Committee to Protect Medicare,Committee to Protect Medicare PAC,≤100
30079936984,CWS,"CHURCH WORLD SERVICE, INC.",≤100
1055873511190792,Hello Resistance,Hello Resistance Apparel,≤100
169294473121454,Policetees.com,PoliceTees.com,≤100
265043653699570,Dan Feltes,Friends of Feltes,≤100
856208611420219,Christina Finello,FINELLO FOR CONGRESS,≤100
1530883997194411,United States Constitution,Flag and Cross,≤100
1268410219898273,Tango Tango,Tango Tango Inc,≤100
331037760381749,Sierra Magazine,SIERRA CLUB,≤100
1690071827911682,Cleancult,cleancult,≤100
350692761610088,Matt Cartwright for U.S. Congress,CARTWRIGHT FOR CONGRESS,≤100
105084617912738,PatriotQuizzes,patriotquizzes.com,≤100
420785874975425,Conservative Institute,The Conservative Institute,≤100
109320440856128,Together Beat Hate,"Foundation to Combat Anti-Semitism, Inc.",≤100
1852520761657982,4ocean,4ocean,≤100
149081336362,AmeriCorps VISTA,Corporation for National and Community Service,≤100
103036584847574,The Good Neighbor,Brandon Vu,≤100
6428288402,Kiva,KIVA MICROFUNDS,≤100
107398241021186,The John Lewis Bridge Project,John Lewis Bridge Project,≤100
184731548554164,PL+US,Plus Fund: Paid Leave for the United States,≤100
407664862957433,Ammar Campa-Najjar for Congress,AMMAR CAMPA-NAJJAR FOR CONGRESS,≤100
894096170667732,Ashley Hinson,Ashley Hinson For Congress,≤100
27544763621,Prison Fellowship,Prison Fellowship,≤100
1600352356914768,PushBlack,PushBlack,≤100
6231686654,Compassion International,"COMPASSION INTERNATIONAL, INCORPORATED",≤100
117144508670456,GUNVOTE,National Shooting Sports Foundation,≤100
101724361319410,Ronny Jackson for U.S. Congress TX-13,Texans for Ronny Jackson,≤100
1765073800454902,Reform Austin,Reform Austin Inc.,≤100
2196281620653830,Footprint,Footprint LLC,≤100
429812024048177,Doug Jones for Senate,DOUG JONES FOR SENATE COMMITTEE,≤100
106411444514775,Unity in Support,Jae W Seo,≤100
6240652407,Young America's Foundation,YOUNG AMERICA'S FOUNDATION INC,≤100
100977633407822,Alderman's Chevrolet Buick GMC,These ads ran without a disclaimer,≤100
516725565030981,Brendan Boyle,CITIZENS FOR BOYLE,≤100
176099072429809,Oceana in Florida,OCEANA,≤100
29770886815,Marijuana Policy Project,Marijuana Policy Project,≤100
103315378108004,True Patriot Strength,LE-HUU DONG HUYNH,≤100
115364585711,Lawyers' Committee for Civil Rights Under Law,Lawyers' Committee for Civil Rights Under the Law with Facebook Ad Credits,≤100
107589664099282,Stand Up To China,"Stand Up To China, Inc.",≤100
173837496125511,Conscious Step,Conscious Step,≤100
108506830560787,Jessica Scarane,JESS SCARANE FOR DELAWARE,≤100
83865976093,Truthout,TRUTHOUT,≤100
355316521236121,John Cornyn,TEXANS FOR SENATOR JOHN CORNYN INC.,≤100
284946111858895,Debbie Mucarsel-Powell,DEBBIE FOR CONGRESS,≤100
21375324480,The Heritage Foundation,HERITAGE FOUNDATION (THE),≤100
17911165812,Covenant House International,Covenant House,≤100
102563281572515,Keep America Great,RightWingGear.com,≤100
203197030603239,8 Billion Trees,8 Billion Trees LLC,≤100
761026730951792,Lori Lightfoot,Lightfoot for Chicago,≤100
202286639832171,Dr. Robert Jeffress,FIRST BAPTIST CHURCH DALLAS,≤100
108118933908193,Next Level Goods,Next Level Goods LLC,≤100
126694924050678,Xavier Becerra,Becerra for Attorney General 2022,≤100
179909895355213,AIDS United,AIDS UNITED,≤100
106323360959211,Patriots Republic,Matthew James Stine,≤100
34521916336,Brent Bozell,MEDIA RESEARCH CENTER,≤100
2081864865362439,Mike Espy,MIKE ESPY FOR SENATE CAMPAIGN COMMITTEE,≤100
892673067526965,Project War Path,Project War Path,≤100
109966290494892,Wagoner Law Firm,Nicholas Jordan Wagoner,≤100
202600839762879,I Am Pro-Life,Focus on the Family,≤100
171651620209487,Brady PAC,Brady Pac,≤100
221690171353068,Jay Obernolte,Jay Obernolte for Congress,≤100
711478725532801,Civiqs,Civiqs,≤100
181183059253295,Dorsal Bracelets,Dorsal Bracelets,≤100
1079789672084038,SimonBooks,Simon & Schuster,≤100
1081577605248505,Elect Better USA,John E Palmer,≤100
241672016328637,Lauren Underwood for Congress,LAUREN UNDERWOOD FOR CONGRESS,≤100
325578590837480,Protect Our Care,Sixteen Thirty Fund,≤100
624480958018698,Front Of The Pack,These ads ran without a disclaimer,≤100
106949844346620,Trumpian Republicans,Gregory Lawrence Burright,≤100
1452551204988299,GoReact,Speakworks Inc,≤100
1640970822834351,Plaine Products,Plaine Products,≤100
180060629247353,Elaine Luria for Congress,ELAINE FOR CONGRESS,≤100
107710887461480,Yes on 109,PSI 2020,≤100
44255328352,Farm Forward,Farm Forward,≤100
746938465317981,Nuclear Matters,Nuclear Matters,≤100
2256321067930356,Liberteeclub,libertyteeshop,≤100
551158678560402,Epimonia,Epimonia LLC,≤100
253791814655400,Doug Collins,"COLLINS FOR SENATE, INC.",≤100
104563534593724,Women Speak Store,These ads ran without a disclaimer,≤100
112735922758892,Charlie Kirk,Charlie Kirk,≤100
105943157686335,Trust Michigan Families,TRUST MICHIGAN FAMILIES,≤100
288110884600563,Lean In,"Sheryl Sandberg & Dave Goldberg Family Foundation d/b/a LeanIn.Org, LLC",≤100
195530355493,Chicks On The Right,Chicks on the Right,≤100
6713653788,Gary Peters,PETERS FOR MICHIGAN,≤100
621647948489627,The Good Companion,Megan Kristen Hall,≤100
61265398450,AmeriCorps NCCC,Corporation for National and Community Service,≤100
72931140459,Center for Biological Diversity,"CENTER FOR BIOLOGICAL DIVERSITY, INC.",≤100
502320477205654,I’m Bout Making My Ancestors Proud,Heritage Hill LLC,≤100
101295517956158,Tricia Zunker,Tricia Zunker for Wisconsin,≤100
592347634460462,Partnership for America's Health Care Future,Partnership for America's Health Care Future,≤100
198923770576,Annie Kuster,"KUSTER FOR CONGRESS, INC",≤100
896759427103774,Modern Medicaid Alliance,Modern Medicaid Alliance,≤100
345378512258813,Elise Stefanik,ELISE FOR CONGRESS,≤100
700941689954518,Defend Our Future,Defend Our Future,≤100
153678684700451,American Investment Council,AMERICAN INVESTMENT COUNCIL,≤100
101329438317952,Story Network Action,Story Network Foundation,≤100
103376804451432,Trending Politics,Making Web LLC,≤100
111361091313,NICABM,"Theoria Associates for Health Education, Inc.",≤100
629732217415068,Republican Party,Greater Half,≤100
171287339973880,LCV Victory Fund,"LCV Victory Fund, 202-785-8683, and not authorized by any candidate or candidate’s committee",≤100
361960287311696,Better Medicare Alliance,"Better Medicare Alliance, Inc",≤100
114623860329716,Daily Positivity Newsletter,John Phillip Angelo Vergara,≤100
399366360669553,Jamaal Bowman for Congress,Bowman For Congress,≤100
1709145412721991,The Center for Growth and Opportunity at Utah State University,The Center for Growth and Opportunity,≤100
262577294462322,Kettle Freaks,Kettle Freaks LLC.,≤100
336470580233523,Pins and Aces Golf Co.,US Craft Brands LLC,≤100
7814597100,Jim Jordan for Congress,JIM JORDAN FOR CONGRESS,≤100
120011306310420,Patriots Helping Others,Jae W Seo,≤100
1505244559517282,Colin Allred,COLIN ALLRED FOR CONGRESS,≤100
206743952696198,Lower My Bills,"LMB OpCo, LLC",≤100
181539958548011,Patheos Progressive Christian,Patheos,≤100
166738743732702,All Above All Action,All Above All Action Fund,≤100
178835922297833,American Clinical Laboratory Association,American Clinical Laboratory Association,≤100
518194348194441,RepresentUs,RepresentUs,≤100
1977738355807406,Sharice For Congress,SHARICE FOR CONGRESS,≤100
8057376739,The Nature Conservancy,Nature Conservancy,≤100
1551109418518461,The Honest Patriot,Amundson Media LLC,≤100
203330919857759,All On The Line,National Redistricting Action Fund,≤100
2040270322863853,Tina Smith,TINA SMITH FOR MINNESOTA,≤100
128167457221813,Public Transportation,Voices for Public Transit,≤100
58736997707,Marco Rubio,Marco Rubio for Senate,≤100
102636677971854,Trump Is The Storm,Legendary Trump Coins,≤100
209046616332309,Xochitl for Congress,Xochitl for New Mexico,≤100
352527958302,Israel on Campus Coalition,Israel on Campus Coalition,≤100
111023584012681,Open Road Homeward,Samantha Lyn Weldon,≤100
115379705206001,U.S. Department of Homeland Security Blue Campaign,DHS Blue Campaign,≤100
161356730701227,Amanda Stuck,Amanda Stuck for Congress,≤100
228132537208218,Tammy Duckworth,TAMMY FOR ILLINOIS,≤100
112164673854264,Living Patriotically,Living Patriotically,≤100
96171427550,Raja for Congress,FRIENDS OF RAJA FOR CONGRESS,≤100
360303722260,Kathleen Williams,KATHLEEN WILLIAMS FOR MONTANA,≤100
868405419972384,The Outrage,The Outrage,≤100
2646326642260384,New Hampshire Senate Republicans,NH Senate Republicans PAC,≤100
300774350436838,Topplr,Data Genomix,≤100
1393911800825140,OZY,OZY Media Inc,≤100
294508332028,Lakota People's Law Project,ROMERO INSTITUTE,≤100
20876805343,March of Dimes,MARCH OF DIMES INC.,≤100
53674651369,Susan B. Anthony List,Susan B. Anthony List Action PAC,≤100
42872222699,Dana Loesch,Dana Loesch Radio,≤100
465483726908192,iVote,IVote Civic Education Fund,≤100
48530203934,The American Alpine Club,"AMERICAN ALPINE CLUB, THE",≤100
105556894599642,Protecting Rights,Raymond A Guevara,≤100
112556903649130,Louder Than Hate,"Louder Than Hate, LLC",≤100
356482637745012,Stansberry Research,Stansberry Research,≤100
338218229911752,Integrity First PAC,INTEGRITY FIRST PAC,≤100
357750373755,National Domestic Workers Alliance,National Domestic Workers Alliance,≤100
655065784538368,PredictIt,"PredictIt - Prediction Markets. A project of Victoria University of Wellington, PredictIt has been established to facilitate research into the way markets forecast events.",≤100
107847454354960,Weekly American Lifestyle,Steve San,≤100
122536121212727,Mayor Miro Weinberger,Office of Mayor Miro Weinberger,≤100
30866133883,Alaska Wilderness League,ALASKA WILDERNESS LEAGUE,≤100
6333396177,NewsBusters.org,MEDIA RESEARCH CENTER,≤100
67626834312,National Women's Law Center,National Women's Law Center,≤100
176466646087311,DC Fawcett,VREIC,≤100
1864721517082089,Democratic Attorneys General Association,Democratic Attorneys General Association,≤100
602828763544800,Kate For Congress,KATE FOR CONGRESS,≤100
103644036958,United Association,United Association Political Education Committee,≤100
304058913005378,Senior and Disabled Concerns,Senior & Disabled Concerns,≤100
15503839732,Peter G. Peterson Foundation,Peter G. Peterson Foundation,≤100
115379705206001,U.S. Department of Homeland Security Blue Campaign,These ads ran without a disclaimer,≤100
497081420632330,Dr. Hiral Tipirneni,HIRAL FOR CONGRESS,≤100
319982881752525,Kara Eastman,EASTMAN FOR CONGRESS,≤100
105379034246471,Cinde Warmington for Executive Council,Friends of Cinde Warmington,≤100
451389174955443,Haverhill Collection,"Haverhill Leach, Inc",≤100
7209432197,Chris Coons,CHRIS COONS FOR DELAWARE,≤100
106140571085743,Natalia For Congress,NATALIA LINOS FOR CONGRESS,≤100
103934071014071,Fire Drill Fridays,"GREENPEACE, INC.",≤100
1957667094497467,Lynne Blankenbeker for Congress,LYNNE BLANKENBEKER FOR CONGRESS,≤100
32582320449,CMMB,CATHOLIC MEDICAL MISSION BOARD INC,≤100
23790541544,Democrats,DCCC,≤100
24481937944,Theodore Roosevelt Conservation Partnership,"THEODORE ROOSEVELT CONSERVATION PARTNERSHIP, INC",≤100
2225580284361712,Tommy Tuberville,"TUBERVILLE FOR SENATE, INC.",≤100
134597023235240,Rashida Tlaib,THE SQUAD VICTORY FUND,≤100
130848666099,Business Forward,Business Forward Inc.,≤100
106245384043438,Tims For Congress,FRIENDS OF DESIREE TIMS,≤100
747783932079184,Jared Golden,COMMITTEE TO ELECT JARED GOLDEN,≤100
217976018236954,OutKick,Outkick Media LLC,≤100
1612726335627171,We the Internet TV,We the Internet TV,≤100
242679302418244,Denison Forum,Denison Ministries,≤100
673117639774135,Gretchen Whitmer,Gretchen Whitmer for Governor,≤100
1476342155924546,Big Rig Threads,Big Rig T-Shirts and Decals LLC,≤100
120245278015173,Pacifico Beer,"CONSTELLATION BRANDS, INC.",≤100
1784991421516214,Seek Refuge,Seek Refuge,≤100
1841824626073676,Candace Valenzuela for Congress,CANDACE FOR 24,≤100
9739634228,The Political Machine,"Hitcents.com, Inc",≤100
106094077803532,Our National Family,Patrick Le Tran,≤100
106667854471975,Outspoken,Log Cabin Republicans,≤100
540707072979860,Brian Maryott,MARYOTT FOR CONGRESS,≤100
243510442756370,Justice Democrats,JUSTICE DEMOCRATS PAC,≤100
333710103706307,Giffords,GIFFORDS PAC,≤100
100506848295759,Made to Fail,Made To Fail,≤100
614134231980299,Veterans Empowered To Protect African Wildlife,VETPAW INC,≤100
44340057816,Uncommon Goods,UncommonGoods,≤100
101485404914361,Bad News Wares,Bad News Wares,≤100
79820371749,Ayanna Pressley,THE COMMITTEE TO ELECT AYANNA PRESSLEY,≤100
5887538795,Education Week,Education Week,≤100
643463669628493,Public Opinion Research Group,"Public Opinion Research Group, Inc",≤100
108397184298930,Patriots Defend,Claire Wang,≤100
143089732792,Marsha Blackburn,Blackburn Tennessee Victory Fund,≤100
142474049098533,Robert Reich,Inequality Media,≤100
151525932186806,When Democrats Turn Out,WHEN DEMOCRATS TURN OUT PAC,≤100
1634651343331439,Project Wren,Landon Brand,≤100
192771954102960,Jordan Sekulow,American Center for Law and Justice,≤100
102389457864860,Treehuggers Bracelets,ECOMX LLC,≤100
112333396969405,Jim Bognet,Bognet for Congress,≤100
156269771074135,VILLAGE HOMES,Randy Jay Rouleau,≤100
105536127617594,The American Digest,The American Digest,≤100
108838804083071,Etch The Edges,Critical Thinking Minds - DS Brown,≤100
105481140904672,Core Prestige,Core Prestige,≤100
1853678351560128,Drew Watkins,Carl Andrew Watkins,≤100
303061950155375,John James,"JOHN JAMES FOR SENATE, INC.",≤100
104732736288252,Caroline Gleich,Protect Our Winters,≤100
107439427661844,Accountable Tech,Accountable Tech,≤100
141692255929599,Democratic Socialists of America,DEMOCRATIC SOCIALISTS OF AMERICA INC,≤100
186932688457686,CHNGE,CHNGE,≤100
237477017606,Club for Growth,Club for Growth,≤100
399067003454888,Sudan Relief Fund,Sudan Relief Fund Inc,≤100
601472019907779,Latino Victory,Latino Victory,≤100
129255907131113,NumbersUSA,NUMBERSUSA EDUCATION AND RESEARCH FOUNDATION,≤100
24470472733,The Trevor Project,The Trevor Project,≤100
1139806362718939,Trafalgar Group,The Trafalgar Group,≤100
38234604057,PEN America,PEN AMERICAN CENTER INC,≤100
357554791340788,Liker,Omar Rivero,≤100
1205124206245013,Movement for a People's Party,People for a Working Democracy,≤100
1632568446971453,Boredwalk,Boredwalk,≤100
112043050446693,Together for 2020,Left of Center PAC,≤100
388547605724,Richard Neal,RICHARD E NEAL FOR CONGRESS COMMITTEE,≤100
2049170775107862,Resistance By Design,Resistance By Design,≤100
530053250503201,Soul 2 Soul Sisters,Soul 2 Soul Sisters,≤100
307375481705,AARP Maine,AARP,≤100
28144169620,Alliance for Aging Research,Alliance for Aging Research,≤100
785936231584382,Paula Jean Swearengin,Paula Jean for West Virginia,≤100
166618413413767,Jay Sekulow,American Center for Law and Justice,≤100
1947525322184514,One Fair Wage,One Fair Wage,≤100
911828698840246,ReLEntless Defender Apparel,ReLEntless Defender Apparel,≤100
103453544718913,Patriots Together,Anna Kasten Yu,≤100
106954147689215,Just the Truth,JUST THE TRUTH POLITICAL ACTION COMMITTEE,≤100
740266592735787,Free to Be Kids,Free To Be Kids,≤100
1099478666810053,Meals For Pets,Meals for Pets,≤100
101485931485408,UNITEDemocrats,UNITEDEMOCRATS PAC,≤100
431099560800970,Front Page Live,"Front Page Live, Inc.",≤100
7341997111,Conservation International,Conservation International,≤100
872842866161157,One Nation Design,One Nation Design,≤100
950998258312654,Knowhere,"Knowhere, Inc.",≤100
34701792581,EWTN,Eternal Word Television Network,≤100
2309566456030859,Human Coalition Action,PRO-LIFE TEXANS A HUMAN COALITION ACTION PAC,≤100
255208337943901,Jobs Growth,"JOBS FREEDOM AND SECURITY PAC, Not authorized by any candidate or candidate’s committee.",≤100
2146201085498440,Tony Gonzales,Tony Gonzales for Congress,≤100
341163402640457,NowThis,Group Nine Media,≤100
104327014699060,Dave DeVoy for NH State Senate,Dave Devoy For State Senate,≤100
117513180002579,John Shallman,Target Marketing Digital,≤100
1653251174924652,Fuzzu,Fuzzu,≤100
173470656019870,The Daily Yonder,Great Stories LLC,≤100
342294162453301,Planned Parenthood,These ads ran without a disclaimer,≤100
55549065733,Voto Latino,Voto Latino with Facebook Ad Credits,≤100
224684514243482,Tom Cotton,"COTTON FOR SENATE, INC.",≤100
114893233534632,Taking Back America,Apse Media LLC,≤100
110849485902,United Way,United Way Worldwide with Facebook Ad Credits,≤100
153278754738777,Climate Reality,The Climate Reality Project,≤100
651280068826683,A Great New Day,Trevor Barribeau,≤100
79125112926,Students for Life of America,"STUDENTS FOR LIFE OF AMERICA, INC.",≤100
327202261326682,Stephanie Bice,Bice for Congress,≤100
219247332354785,Phil Arballo for Congress,ARBALLO FOR CONGRESS,≤100
101075798356272,ReOpen America Now,Command Center Holdings LLC,≤100
69983322463,Ted Cruz,TED CRUZ FOR SENATE,≤100
259212814698356,Democratic Majority for Israel,Democratic Majority for Israel,≤100
119580358118014,NEA-New Hampshire,NEA New Hampshire,≤100
10234472029,Council on Foreign Relations,Council on Foreign Relations,≤100
104919414599745,People Over Profits,"The People Over Profits Florida, Inc.",≤100
15351475322,Cathy McMorris Rodgers,Cathy McMorris Rodgers for Congress,≤100
56680318666,Illinois Policy,Illinois Policy,≤100
830890360316751,Nick Hanauer,Civic Action,≤100
113110137118723,Collectible Currency,Christopher Walter Adams,≤100
1419388578092947,Anna Paulina Luna,ANNA PAULINA LUNA FOR CONGRESS,≤100
181924628560212,SumOfUs,SumOfUs,≤100
109947294143213,Republicanstorefront,Republicanstorefront.com,≤100
83290028957,Care Net,CARE NET,≤100
110468488981853,UNRWA USA,UNRWA USA,≤100
405355946226766,Todd Young,"FRIENDS OF TODD YOUNG, INC.",≤100
183424985463330,Joe Cunningham,JOE CUNNINGHAM FOR CONGRESS,≤100
159597424207730,David Perdue,PERDUE FOR SENATE,≤100
2068988876444634,Stand Up for Accurate Prenatal Answers,STAND UP FOR ACCURATE PRENATAL ANSWERS INC,≤100
51379424899,Mercy Ships,MERCY SHIPS INTERNATIONAL,≤100
215968684159,AFT - American Federation of Teachers,American Federation of Teachers,≤100
215199482635728,Alek Skarlatos,ALEK FOR OREGON,≤100
408250066356,Bill O'Reilly,"Bill Me, Inc.",≤100
130467958471,Jason Lewis,Jason Lewis for Senate,≤100
293225127381200,Patriot Depot,The Patriot Depot,≤100
1014486318584089,Armed American Supply,Armed American Supply,≤100
113891694102,Energy Citizens,AMERICAN PETROLEUM INSTITUTE,≤100
10498053716,Media Research Center,MEDIA RESEARCH CENTER,≤100
14413545701,Conservation Law Foundation,"CONSERVATION LAW FOUNDATION, INC.",≤100
261663760956534,America First Policies,America First Policies Inc,≤100
284852861535887,C-SPAN StudentCam,NATIONAL CABLE SATELLITE CORPORATION,≤100