﻿Location Name,Amount Spent (USD)
Alabama,68826
Alaska,18343
American Samoa,≤100
Arizona,232995
Arkansas,34958
California,643080
Colorado,126652
Connecticut,43459
Delaware,19233
Florida,546832
Georgia,168732
Guam,1447
Hawaii,15312
Idaho,20750
Illinois,174686
Indiana,70729
Iowa,69977
Kansas,35071
Kentucky,64847
Louisiana,52100
Maine,50467
Maryland,77545
Massachusetts,147411
Michigan,269786
Minnesota,102382
Mississippi,27296
Missouri,76114
Montana,39828
Nebraska,20999
Nevada,55296
New Hampshire,34161
New Jersey,116892
New Mexico,39056
New York,287838
North Carolina,267448
North Dakota,7700
Northern Mariana Islands,≤100
Ohio,169211
Oklahoma,49179
Oregon,71789
Pennsylvania,361349
Puerto Rico,905
Rhode Island,16371
South Carolina,78255
South Dakota,9805
Tennessee,74868
Texas,354763
Unknown,≤100
Utah,35646
Vermont,10109
Virgin Islands (U.S.),≤100
Virginia,113883
Washington,119543
"Washington, District of Columbia",20095
West Virginia,21708
Wisconsin,220860
Wyoming,7706