﻿Page ID,Page Name,Disclaimer,Amount Spent (USD)
153080620724,Donald J. Trump,TRUMP MAKE AMERICA GREAT AGAIN COMMITTEE,7649
373814729643508,Let America Vote,Let America Vote PAC and National Democratic Redistricting Committee,2060
259130650776119,Mitch McConnell,MCCONNELL SENATE COMMITTEE,1637
1771156219840594,Team Trump,TRUMP MAKE AMERICA GREAT AGAIN COMMITTEE,1634
139599847972,National Nurses United,National Nurses United,1263
156968474833352,Stop Republicans,Stop Republicans,979
7860876103,Joe Biden,BIDEN VICTORY FUND,846
1615018905412860,Progressive Turnout Project,PROGRESSIVE TURNOUT PROJECT,736
104856814505092,The Kids Guide,The Kids Guide,571
791543660926838,"I'll go ahead and keep my guns, Thanks",2A4LIFE LLC,560
112325855474892,Speak Up For Education and Kids,National Education Association,524
2283535575207809,Ditch Mitch,DITCH FUND,497
9324910069,NRSC,NRSC,444
156474368333576,Secure Democracy,Secure Democracy,406
108824017345866,Facebook,"Facebook, Inc.",403
96935476345,Democratic Governors Association (DGA),Democratic Governors Association,402
111393882812494,Amy McGrath,"AMY MCGRATH FOR SENATE, INC.",401
153080620724,Donald J. Trump,"DONALD J. TRUMP FOR PRESIDENT, INC.",350
2352630938293825,Mytacticalpromos,Entremax,349
665345483483486,NRA - National Rifle Association of America,NATIONAL RIFLE ASSN OF AMERICA,329
19554217292,American Heart Association: You're the Cure,American Heart Association,307
165987503528599,Lindsey Graham,"TEAM GRAHAM, INC.",283
1449461518652183,4Patriots,4Patriots LLC,281
1179947005448206,Own It Voice It,"RAI Services Company, a subsidiary of Reynolds American Inc.",278
127755494595870,Progressive Takeover,PROGRESSIVE TAKEOVER,274
109420333746226,Brad Barron,Brad Barron for US Senate,272
345504286342057,Keeping America Great Again,RightWingGear.com,252
260754507296508,The Voter Participation Center,Voter Participation Center,231
2267285956849056,Donald Trump 2020 Fans,I Love My Freedom,212
1888216188065538,Congressman James Comer,Congressman James Comer,210
134728729902219,Voter Rights Action,Voter Rights Action,208
17023576156,The Leadership Conference on Civil and Human Rights,The Leadership Conference on Civil and Human Rights,208
342294162453301,Planned Parenthood,Planned Parenthood Federation of America,203
7814597100,Jim Jordan for Congress,JIM JORDAN FOR CONGRESS,199
328072970642479,Jaime Harrison,JAIME HARRISON FOR US SENATE,193
1788937671403838,Americans For Better Infrastructure,Americans for Better Infrastructure,192
106323360959211,Patriots Republic,Matthew James Stine,185
107858693983382,The GOP Shop,The GOP Shop,184
103389641435407,Vote Wet Boyd,Vote Wet Boyd,178
292351509697,Jerusalem Prayer Team,Jerusalem Prayer Team,175
328853823844484,Balance of Power,Balance of Power,161
1447994318779650,AirMedCare Network,AIrMedCare Network,155
101181794707874,United Research Group,United Research Group,153
120372738138649,LG&E and KU,LG&E AND KU ENERGY LLC,148
1883837055193241,Shield Republic,Shield Republic,144
101279451606075,Democratic Strategy Institute,Democratic Strategy Institute,141
112974563687584,Robert Kiyosaki - The Rich Dad Poor Dad Letter,Long Form Creative Co.,139
158791100909689,Concerned Veterans for America,Concerned Veterans for America,138
2265971750329892,Dr. Manny Sethi for Senate,DR MANNY FOR US SENATE,133
176789922364429,Steve Daines,STEVE DAINES FOR MONTANA,130
106244251043808,Reuse Plastics,"AMERICAN CHEMISTRY COUNCIL, INC.",124
277005566267077,Blueland,Blueland,122
114710126648118,Republican Dogs,Republican Dogs,121
602714436529710,End Citizens United,END CITIZENS UNITED,118
102671331487937,I Love My Freedom Store,I Love My Freedom,114
1374134752633656,New Health Plans,Shop Insurance Plans,111
105756057589080,The Lincoln Project,The Lincoln Project,104
132492254050920,American AF,AAF Nation,104
830121337093232,National Democratic Training Committee,NATIONAL DEMOCRATIC TRAINING COMMITTEE PAC,≤100
85452072376,Newsmax,Newsmax Media,≤100
96935476345,Democratic Governors Association (DGA),DEMOCRATIC ACTION,≤100
717115395103069,PrintedKicks,Printed Kicks,≤100
355316521236121,John Cornyn,TEXANS FOR SENATOR JOHN CORNYN INC.,≤100
1336293769761923,Jon Ossoff,JON OSSOFF FOR SENATE,≤100
278490715553293,Martha McSally,MCSALLY FOR SENATE INC,≤100
106094077803532,Our National Family,Patrick Le Tran,≤100
228754857151053,House Majority PAC,House Majority PAC,≤100
33110852384,Doctors Without Borders/ Médecins Sans Frontières (MSF),Doctors Without Borders/Médecins Sans Frontières (MSF),≤100
168051710543266,Lacy Johnson,Lacy Johnson for Congress,≤100
105084617912738,PatriotQuizzes,patriotquizzes.com,≤100
429812024048177,Doug Jones for Senate,DOUG JONES FOR SENATE COMMITTEE,≤100
6204742571,Sierra Club,SIERRA CLUB,≤100
215968684159,AFT - American Federation of Teachers,American Federation of Teachers,≤100
24330467048,Americans for Prosperity,AMERICANS FOR PROSPERITY,≤100
1194865807192273,Conservative Gear,Outergoods LLC,≤100
7976226799,The Daily Show,Comedy Central,≤100
1393911800825140,OZY,OZY Media Inc,≤100
100137754724934,Trump 2020 Supporters,Proud Right Winger,≤100
461204744067686,Family Protection Association,Family Protection Association,≤100
105577974544303,The USA Needs More Patriots,Anthony Alexander Morales,≤100
560140464159364,Stand for the 2nd Amendment,SFT2 Tactical Supply,≤100
103597604713894,Team Trump Store,TRUMP MAKE AMERICA GREAT AGAIN COMMITTEE,≤100
596556607135301,The Earthling Co.,The Earthling Co.,≤100
100150218438227,Samuel Bruce Herald for Circuit Judge - 39th Judicial District,Committee to Elect Herald Circuit Judge,≤100
106645684412573,Cover Air Medical,Cover Air Medical,≤100
25852730092,Care2,Care2 Inc,≤100
42002969352,Center on Budget and Policy Priorities,Center on Budget and Policy Priorities,≤100
2353537341582545,Proud Patriots,Proud Patriots,≤100
106114264313679,Hunt The Vote,"Hunter Nation, Inc",≤100
373814729643508,Let America Vote,LET AMERICA VOTE PAC,≤100
101237551589520,Tactical Patriot,Trizzie Truong,≤100
100256754899828,Patriot's Cave,Patriots Cave,≤100
737686089933715,Conservative Collections,Mainline Media Group,≤100
530604487365010,Old Glory Flagpole Kits,Service First,≤100
598924810530984,Keeping America Great,FamTeeWorld,≤100
57259033959,AARP,AARP,≤100
163148530407080,Captain Mark Kelly,MARK KELLY FOR SENATE,≤100
105577974544303,The USA Needs More Patriots,AmeriPolling,≤100
5435784683,Greenpeace USA,"GREENPEACE, INC.",≤100
109379100777665,Patriotism Isn't Dead,Patriot Polling,≤100
681745912255844,John Cummings for Congress,CUMMINGS FOR CONGRESS,≤100
109111900634787,Reverend Raphael Warnock,WARNOCK FOR GEORGIA,≤100
788394134539871,USPS Business,United States Postal Service,≤100
106224464107240,Jo Jorgensen,Jo Jorgensen for President,≤100
1109093812491437,Blaze Media,Blaze Media LLC,≤100
530604487365010,Old Glory Flagpole Kits,Service First Flag Poles,≤100
327837911149503,2A4Life,2A4LIFE LLC,≤100
309308412520731,Sandy Hook Promise,Sandy Hook Promise,≤100
101210588150219,Boy Scouts Abuse Claims,X Social Media LLC,≤100
296708523873754,Karla Dennis and Associates Inc.,"Karla Dennis & Associates, Inc",≤100
80562389320,NARAL Pro-Choice America,NARAL Pro-Choice America,≤100
476079736080232,Derek Lewis KY State Representative,Derek Joel Lewis,≤100
192015461630968,Supporting Our Brave Veterans,James Brian Plouf,≤100
102183258209726,Patriots for Change,PATRIOTS FOR CHANGE,≤100
15188122178,The Hamilton Collection,The Hamilton Collection,≤100
8325302025,Friends of the Earth U.S.,Friends of the Earth,≤100
101690998009007,Improving Life Through Health,Nicolette Dalan,≤100
971668776283950,PolicyEd,Hoover Institution,≤100
174467403129304,Yoopine,Yoopine Inc.,≤100
23875187730,Feeding America,Feeding America,≤100
934438026690635,YouGov,YOUGOV AMERICA INC.,≤100
184731548554164,PL+US,Plus Fund: Paid Leave for the United States,≤100
2309566456030859,Human Coalition Action,Human Coalition Action,≤100
1204754733024419,People's Power Grab,ACRONYM,≤100
106756327769815,Stand For The Promise,Stand For The Promise,≤100
245284549333866,ASMDSS,ASMDSS,≤100
393932827634250,Dissent Pins,Common Practice,≤100
1836138529938551,Greater Half,Greater Half,≤100
309798029121030,Everytown for Gun Safety,Everytown for Gun Safety Action Fund Inc,≤100
1061240530648502,Joe Collins,JOE COLLINS FOR CONGRESS,≤100
257019421075897,Cory Gardner,Cory Gardner for Senate,≤100
115379705206001,U.S. Department of Homeland Security Blue Campaign,DHS Blue Campaign,≤100
45393753416,Alliance Defending Freedom,Alliance Defending Freedom,≤100
677005135756125,Community Catalyst Action Fund,Community Catalyst Action Fund,≤100
104051398040027,CCW Online Now_,Concealed Country,≤100
8047221596,Save the Children US,"SAVE THE CHILDREN FEDERATION, INC.",≤100
100627958214138,Carolyn Dupont for State Representative,Campaign Fund for Carolyn Dupont,≤100
2185993931653388,The Recount,"Recount Media, Inc",≤100
167586229923327,World Food Program USA,World Food Program USA,≤100
675471506247724,Adair for Congress,ADAIR FOR CONGRESS,≤100
405469100189512,Still My President - Donald Trump,Red State Politics LLC,≤100
113666459994300,Big Dan Rodimer for Congress,RODIMER FOR CONGRESS,≤100
21472760578,C-SPAN,C-SPAN,≤100
102478061559294,Convention on Founding Principles,Convention on Founding Principles,≤100
592707041080920,Stand Together,Stand Together Chamber of Commerce Inc.,≤100
8934429638,Planned Parenthood Action,Planned Parenthood Action Fund,≤100
100233228182981,Madison Cawthorn for Congress,CAWTHORN FOR NC,≤100
105351124333149,Ralph Hoskins for State Representative,Ralph Hoskins for State Representative,≤100
305832706292882,American Gun Association,GunAssociation.org,≤100
417522508294454,Job Creators Network,Job Creators Network,≤100
629732217415068,Republican Party,Greater Half,≤100
113271610392632,Tim Bohen,Long Form Creative Co.,≤100
101481584557260,Help Asheville Bears-HAB,Heather Christina Williams,≤100
109709397469494,Dignity Unbound,Dignity Unbound,≤100
21559454473,FAIR,FEDERATION FOR AMERICAN IMMIGRATION REFORM,≤100
6726182861,Mike Pence,TRUMP MAKE AMERICA GREAT AGAIN COMMITTEE,≤100
188021101215532,Dulce Candy,Grapevine Logic,≤100
107583940668688,Gumption Glasses,These ads ran without a disclaimer,≤100
420785874975425,Conservative Institute,The Conservative Institute,≤100
775525186130124,Center for a Free Economy,Center for a Free Economy,≤100
2068988876444634,Stand Up for Accurate Prenatal Answers,STAND UP FOR ACCURATE PRENATAL ANSWERS INC,≤100
103744930261937,Coalition for a 21st Century Postal Service,Coalition for a 21st Century Postal Service,≤100
72186095846,Center For American Progress Action Fund,Center for American Progress Action Fund,≤100
350316025478383,When We All Vote,When We All Vote,≤100
7292655492,MoveOn,MOVEON.ORG POLITICAL ACTION,≤100
108793243989822,Shannon Fabert,Fabert for the Fourth,≤100
18813753280,Human Rights Campaign,"HUMAN RIGHTS CAMPAIGN, INC.",≤100
2330577043935831,Sara Gideon,SARA GIDEON FOR MAINE,≤100
104934207736995,Paycheck to Paycheck,Center for American Progress Action Fund,≤100
104170004713256,Elect Black Democrats,THE COLLECTIVE PAC,≤100
195530355493,Chicks On The Right,Chicks on the Right,≤100
977704775606273,Balls Deep Tackle,Balls Deep Tackle,≤100
49651563727,Live Action,Live Action,≤100
109784800371914,Protect Kids: Fight Flavored E-Cigarettes,TOBACCO-FREE KIDS ACTION FUND,≤100
130851487657790,Grapevine Logic,Grapevine Logic,≤100
111428049989,Cal Cunningham,CAL FOR NC,≤100
18982436812,ACLU,American Civil Liberties Union,≤100
104614641200137,MeidasTouch,MEIDASTOUCH,≤100
129255907131113,NumbersUSA,NUMBERSUSA EDUCATION AND RESEARCH FOUNDATION,≤100
118612899940606,Mercer County Solar Project,Mercer County Solar Project,≤100
7833534974,Florida Democratic Party,Florida Democratic Party,≤100
53541257714,The Arc of the United States,The Arc with Facebook Ad Credits,≤100
1316372698453411,Alexandria Ocasio-Cortez,THE SQUAD VICTORY FUND,≤100
15687409793,World Wildlife Fund,World Wildlife Fund,≤100
394382318084500,United Against Mitch,GUARDIAN PAC,≤100
1600352356914768,PushBlack,PushBlack,≤100
223008867858902,American Action News,American Action News,≤100
205395906412,UAW International Union,"INTERNATIONAL UNION, UNITED AUTOMOBILE, AEROSPACE AND AGRICULTURAL IMPLEMENT WORKERS OF AM",≤100
100637888239523,Free Reign For All,Kin Ngai Yeung,≤100
209516845093,NRDC Action Fund,NRDC Action Fund,≤100
502320477205654,I’m Bout Making My Ancestors Proud,Heritage Hill LLC,≤100
1400927463555875,Imperfect Foods,Imperfect Produce,≤100
149081336362,AmeriCorps VISTA,Corporation for National and Community Service,≤100
6333396177,NewsBusters.org,MEDIA RESEARCH CENTER,≤100
102916288137405,The Daily Republican,USA Movements LLC,≤100
46093654473,National Republican Congressional Committee,NRCC,≤100
376776419037747,Turning Point USA,Turning Point USA,≤100
120942041354678,Marilyn Parker for Metro Council,Marilyn Parker for Metro Council,≤100
740310559469373,Opportunity Solutions Project,Opportunity Solutions Project,≤100
38235851310,USA for UNHCR,UNITED STATES ASSOCIATION FOR UNHCR,≤100
852784198406948,Boy Scouts Investigation,These ads ran without a disclaimer,≤100
107589664099282,Stand Up To China,"Stand Up To China, Inc.",≤100
102745147891580,Trump Coolers,Eric Clifford Juels,≤100
153678684700451,American Investment Council,AMERICAN INVESTMENT COUNCIL,≤100
106857474326459,John McMahan for State House,John Thomas Mcmahan,≤100
215830238462422,The LIBRE Initiative,The Libre Initiative,≤100
237477017606,Club for Growth,Club for Growth,≤100
1552675688372326,Color Of Change PAC,Color Of Change PAC,≤100
155901927790766,West Virginia American Water,West Virginia American Water Company,≤100
166618413413767,Jay Sekulow,American Center for Law and Justice,≤100
1741729849281711,Uber & Lyft Sexual Assault Attorneys,Safer America,≤100
163302087408673,Stop The Donald,Stop the Donald,≤100
107847454354960,Weekly American Lifestyle,Steve San,≤100
255208337943901,Jobs Growth,"JOBS FREEDOM AND SECURITY PAC, Not authorized by any candidate or candidate’s committee.",≤100
100798594958887,inseparable,Inseparable Action Inc,≤100
2037695643113766,Blexit,Blexit Foundation,≤100
50982313030,Food & Water Watch,Food & Water Watch,≤100
7263476274,Mercy Corps,Mercy Corps,≤100
43821078871,Transport Workers Union (TWU),Transport Workers Union of America,≤100
172758932738142,PhRMA,PHARMACEUTICAL RESEARCH AND MANUFACTURERS OF AMERICA,≤100
103644036958,United Association,United Association Political Education Committee,≤100
1799282383731277,TwoSeventy,Alexander Jared Deutsch,≤100
27311599342,Preemptive Love,Preemptive Love Coalition,≤100
167436749970543,Right to Life of Southwest Indiana,Right to Life of Southwest Indiana,≤100
342887442508723,Convention of States,Convention of States Action,≤100
593289284500311,Trump Rack,BOXD Marketing,≤100
8550121410,Free Speech America Project,MEDIA RESEARCH CENTER,≤100
107654924064350,Pat Timmons-Goodson,PATRICIA TIMMONS-GOODSON FOR CONGRESS,≤100
27544763621,Prison Fellowship,Prison Fellowship,≤100
317284821682168,Messianic Jewish Alliance of America (MJAA),Messianic Jewish Alliance of America,≤100
21375324480,The Heritage Foundation,HERITAGE FOUNDATION (THE),≤100
113474173781579,American Apparel AA,Click Wonders,≤100
2078647579047586,Project Pulso,Project Pulso,≤100
6231686654,Compassion International,"COMPASSION INTERNATIONAL, INCORPORATED",≤100
16477459734,League of Conservation Voters,"LEAGUE OF CONSERVATION VOTERS, INC",≤100
245741028804051,Barbara Sinatra Center,Barbara Sinatra Children's Center,≤100
911828698840246,ReLEntless Defender Apparel,ReLEntless Defender Apparel,≤100
114625730266879,Republican Voters Against Trump,Defending Democracy Together,≤100
103315378108004,True Patriot Strength,LE-HUU DONG HUYNH,≤100
706716899745696,Women for Trump,TRUMP MAKE AMERICA GREAT AGAIN COMMITTEE,≤100
101136147910784,Represent Justice,Represent Justice,≤100
109360297266116,Fearless Patriot,TERESA NONE OHARA-MARSH,≤100
329284771298646,Issue One Action,Issue One Action,≤100
17432811417,Working Families Party,Working Families Party National Independent Expenditure Committee,≤100
586751814690068,Joni Ernst,Joni for Iowa,≤100
1268410219898273,Tango Tango,Tango Tango Inc,≤100
1530883997194411,United States Constitution,Flag and Cross,≤100
1917715138510680,Follow Your Legend,Legend Bracelet,≤100
6713653788,Gary Peters,PETERS FOR MICHIGAN,≤100
114523727001748,Steve Cookson,The Good Folks For Cookson,≤100
103859441027698,Heartland Priorities,DCCC,≤100
679171239164792,Supermajority,Supermajority,≤100
6820348410,Kirsten Gillibrand,Off the Sidelines,≤100
417305028389253,Home Chef,These ads ran without a disclaimer,≤100
219247332354785,Phil Arballo for Congress,ARBALLO FOR CONGRESS,≤100
108273884315449,Real American Patriot,Gold Sky Ventures LLC,≤100
32682889528,U.S. Chamber of Commerce,The U.S. Chamber of Commerce,≤100
433919203362871,Bird + Stone,BIRD & STONE INC,≤100
19342050934,Leadership Institute,LEADERSHIP INSTITUTE INC,≤100
130467958471,Jason Lewis,Jason Lewis for Senate,≤100
35169196082,Project HOPE,"PROJECT HOPE-THE PEOPLE-TO-PEOPLE HEALTH FOUNDATION, INC.",≤100
354851377936744,BookTV,C-SPAN,≤100
51405613519,Focus on the Family,Focus on the Family,≤100
303167829786891,Ed Markey,THE MARKEY COMMITTEE,≤100
100391581727524,Defeat By Tweet,DEFEAT BY TWEET,≤100
94047978366,PCCC - BoldProgressives.org,PROGRESSIVE CHANGE CAMPAIGN COMMITTEE,≤100
496696933682736,Jeff Merkley,JEFF MERKLEY FOR OREGON,≤100
38471053686,Elizabeth Warren,"WARREN DEMOCRATS, INC.",≤100
55549065733,Voto Latino,Voto Latino with Facebook Ad Credits,≤100
6236054211,Brady,Brady Campaign to Prevent Gun Violence,≤100
110468488981853,UNRWA USA,UNRWA USA,≤100
277414242013,Joyce Elliott for Congress,JOYCE ELLIOTT FOR CONGRESS,≤100
103654464668995,Home With Our Family,Alexander Chung,≤100
360424321432255,Doha Debates,Doha Debates,≤100
655065784538368,PredictIt,"PredictIt - Prediction Markets. A project of Victoria University of Wellington, PredictIt has been established to facilitate research into the way markets forecast events.",≤100
105455840860559,Eagle Realm,Eagle Realm,≤100
105869887669907,Committee for Judicial Integrity,Committee for Judicial Integrity,≤100
217976018236954,OutKick,Outkick Media LLC,≤100
101591551371555,Fire Mitch. Save America.,SAVE AMERICA FUND,≤100
61265398450,AmeriCorps NCCC,Corporation for National and Community Service,≤100
116534199732974,USA Carry Online,USA Carry Online,≤100
67626834312,National Women's Law Center,National Women's Law Center,≤100
1526736227567131,TrueCoverage,True Coverage,≤100
105984667872147,Patriotic Liberty,Vivian Lam Nguyen,≤100
105732744375701,Steve Bullock,MONTANANS FOR BULLOCK,≤100
110010433804232,Falkirk Center,Falkirk Center,≤100
42872222699,Dana Loesch,Dana Loesch Radio,≤100
104396194587918,C3 Solutions,Conservative Coalition for Climate Solutions,≤100
30914589895,The International Fellowship of Christians and Jews,"INTERNATIONAL FELLOWSHIP OF CHRISTIANS & JEWS, INC.",≤100
134452023239984,Human Coalition,Human Coalition,≤100
112735922758892,Charlie Kirk,Charlie Kirk,≤100
11791104453,NRDC,Natural Resources Defense Council,≤100
79125112926,Students for Life of America,"STUDENTS FOR LIFE OF AMERICA, INC.",≤100
143089732792,Marsha Blackburn,Blackburn Tennessee Victory Fund,≤100
293225127381200,Patriot Depot,The Patriot Depot,≤100
384557995468219,Viral Casez,Viral Casez,≤100
104684067632334,Unite the Country,UNITE THE COUNTRY,≤100
53727956260,Republican Jewish Coalition,Republican Jewish Coalition,≤100
491878397627090,Florida Watch,"Florida Watch, Inc.",≤100
221401431386940,Pramila Jayapal,PRAMILA FOR CONGRESS,≤100
127225910653607,PragerU,PragerU,≤100
176099072429809,Oceana in Florida,OCEANA,≤100
30708742052,FCTRY,FCTRY,≤100
117144508670456,GUNVOTE,National Shooting Sports Foundation,≤100
540707072979860,Brian Maryott,MARYOTT FOR CONGRESS,≤100
1551109418518461,The Honest Patriot,Amundson Media LLC,≤100
7292655492,MoveOn,MOVEON.ORG CIVIC ACTION,≤100
169597416843751,Stand Up America,Stand Up America,≤100
157810487611661,Freethink,Freethink,≤100
780941275347834,Ilhan Omar,ILHAN FOR CONGRESS,≤100
135298176481584,Marine Corps Scholarship Foundation,Marine Corps Scholarship Foundation,≤100
112694470356789,Trumpcare For America,Stuart Joseph Millar,≤100
134597023235240,Rashida Tlaib,RASHIDA TLAIB FOR CONGRESS,≤100
2012750189007245,Liquid Death Mountain Water,Liquid Death,≤100
331037760381749,Sierra Magazine,SIERRA CLUB,≤100
105334957627720,Bush For Senate,COMMITTEE FOR BYRON BUSH FOR US SENATE,≤100
345347582335650,Francia Raisa,Grapevine Logic,≤100
763491940427547,Roque  "Rocky"  De La Fuente,Rocky 101 LLC,≤100
11006419356,The Voice of the Martyrs - USA,"VOICE OF THE MARTYRS, INC., THE",≤100
322551718276442,Lemons Are Blue,Lockwell LLC,≤100
5720973755,Defenders of Wildlife,DEFENDERS OF WILDLIFE,≤100
278487153675,Redneck Nation Clothing,Tracie Milliron Gold,≤100
548407915183371,Liz Cheney,Liz Cheney for Wyoming,≤100
217569858071,Areva Martin,Areva Denise Martin,≤100
21395843375,Dialysis Patient Citizens,DIALYSIS PATIENT CITIZENS INC,≤100
83290028957,Care Net,CARE NET,≤100
481559282597914,TrumpersUnite,Respect The Look,≤100
109788797242679,The Patriot Circle,Kin Ngai Yeung,≤100
100817908371975,The Patriot Authority,Catherine Sue Mantooth,≤100
108901687567015,Patriots Sound Off,Richard Brochetti,≤100
44255328352,Farm Forward,Farm Forward,≤100
105536127617594,The American Digest,The American Digest,≤100
109678580574253,Politicool Clothing Co.,PolitiCoolClothing.com,≤100
141757042515611,Veterans for Smart Power,U.S. Global Leadership Coalition,≤100
265268336865693,Do Amore,Do Amore Limited Company,≤100
102636677971854,Trump Is The Storm,Legendary Trump Coins,≤100
102592959026,Ocean Conservancy,"OCEAN CONSERVANCY, INC.",≤100
23790541544,Democrats,DCCC,≤100
197760674021143,Indivisible Guide,INDIVISIBLE ACTION,≤100
408250066356,Bill O'Reilly,"Bill Me, Inc.",≤100
200650357207240,I Love My Freedom,I Love My Freedom,≤100
345378512258813,Elise Stefanik,ELISE FOR CONGRESS,≤100
8492293163,Environmental Defense Fund,Environmental Defense Fund,≤100
356482637745012,Stansberry Research,Stansberry Research,≤100
210277954204,The Young Turks,"The Young Turks, Inc.",≤100
607626319739286,Black Voices for Trump,TRUMP MAKE AMERICA GREAT AGAIN COMMITTEE,≤100
9739634228,The Political Machine,"Hitcents.com, Inc",≤100
1316372698453411,Alexandria Ocasio-Cortez,Alexandria Ocasio-Cortez for Congress,≤100
92925746942,Judicial Watch,Judicial Watch,≤100
151525932186806,When Democrats Turn Out,WHEN DEMOCRATS TURN OUT PAC,≤100
106255327636474,Jason Bean for State Senate,jasonbeanforsenate.com,≤100
1690071827911682,Cleancult,cleancult,≤100
107210084216238,Humanity Forward,Humanity Forward,≤100
112293536861614,Councilwoman Keisha Dorsey,Councilwoman Keisha Dorsey-Louisville Metro-District 3,≤100
1342968705830419,Christian Motley,Christian Motley for City Council,≤100
104504438466,Federal Voting Assistance Program - FVAP,Federal Voting Assistance Program,≤100
465483726908192,iVote,IVote Civic Education Fund,≤100
114475890010131,Piggy Dollar Financial,Tyler Wayne Hedland,≤100
294196590710262,FWD.us,FWD.us,≤100
313426465202,Arizona Wildlife Federation,ARIZONA WILDLIFE FEDERATION,≤100
111451817314862,"Tom Morris, Write In Candidate for Mayor of Bowling Green KY",Campaign Fund of Tom Morris,≤100
407664862957433,Ammar Campa-Najjar for Congress,AMMAR CAMPA-NAJJAR FOR CONGRESS,≤100
999775873528189,Stopping Socialism,The Heartland Institute,≤100
117437204982602,American Wild Horse Campaign,American Wild Horse Campaign,≤100
1084856268238034,Trump Talking,Roberto None Lugo,≤100
357554791340788,Liker,Omar Rivero,≤100
336470580233523,Pins and Aces Golf Co.,US Craft Brands LLC,≤100
242679302418244,Denison Forum,Denison Ministries,≤100
109919770417450,Southern Priorities,DCCC,≤100
102499901286348,Bold Vision P.C.,Bold Vision PC,≤100
133294620046953,Mission India,MISSION INDIA INC,≤100
108512875350,The Atlas Society,The Atlas Society,≤100
96171427550,Raja for Congress,FRIENDS OF RAJA FOR CONGRESS,≤100
1859113087545137,Learn Everywhere,"yes. every kid, Inc.",≤100
112614656925530,Perry for Kentucky,Robert Lee Perry,≤100
375760676281438,Mermaid Straw,Mermaid Straw,≤100
107398241021186,The John Lewis Bridge Project,John Lewis Bridge Project,≤100
104667417857551,United Association LLC,United Association LLC,≤100
106166404519806,Black Lives Matter,Bryan Daley,≤100
100101018155207,Paid Leave for All,Paid Leave for All a project of Hopewell Fund,≤100
5633824547,FreedomWorks,"FREEDOMWORKS, INC.",≤100
747436915270894,Congressional Leadership Fund,CONGRESSIONAL LEADERSHIP FUND,≤100
202600839762879,I Am Pro-Life,Focus on the Family,≤100
17911165812,Covenant House International,Covenant House,≤100
112164673854264,Living Patriotically,Living Patriotically,≤100
192771954102960,Jordan Sekulow,American Center for Law and Justice,≤100
112623813202,LifeSiteNews.com,LifeSiteNews,≤100
34362997676,United States Holocaust Memorial Museum,UNITED STATES HOLOCAUST MEMORIAL MUSEUM,≤100
248306181862385,Live Lokai,Denise L Reina,≤100
100401327980848,National Parents Union,National Parents Union,≤100
247889542212230,DJ Johnson for Kentucky,DJ Johnson For State Representative,≤100
10150100007820094,Wendy Davis,WENDY DAVIS FOR CONGRESS,≤100
100722328329613,Every Single Vote,Every Single Vote,≤100
394817334402124,2020 Trump Bill,Innovative Ecomm LLC,≤100
419992651425033,Guardianes del Pueblo-Consumer Law Group,Consumer Law Group,≤100
246846192720018,War On Our Future,The Years Project,≤100
97493741436,John W. Hickenlooper,HICKENLOOPER FOR COLORADO,≤100
165779706726,Country Music Artist Carl Ray,Carl Ray Williams,≤100
17203056985,Partners In Health,Partners In Health,≤100
104138331327975,Chris Traughber for Assessor of Property,Committee to Elect Traughber for Assessor,≤100
123624513983,The Western Journal,The Western Journal,≤100
248181906078243,National Institute for Civil Discourse,CommonSense American,≤100
178024352559210,Great America PAC,GREAT AMERICA PAC,≤100
32975139631,If Americans Knew,If Americans Knew,≤100
808450969246896,"Rebecca Walser, Tax Attorney, CFP",Walser Wealth Management,≤100
101624531374275,Lamar Allen for Kentucky House District 56,Lamar Allen For Kentucky,≤100
140357056032320,NEA Today,National Education Association,≤100
169277310432049,"Texas Precision Optics, Inc.",Texas Precision Optics Inc,≤100
135997359926517,SSDC Services,Jefery James Wenzel,≤100
71945223065,Diamond Resorts,Diamond Resorts,≤100
21834534343,Volunteers of America,"VOLUNTEERS OF AMERICA, INC.",≤100
129523843754764,Vote Smart,PROJECT VOTE SMART,≤100
100119981671668,Blue Senate,BLUE SENATE PAC,≤100
361960287311696,Better Medicare Alliance,"Better Medicare Alliance, Inc",≤100
1005566252861190,VOTEPROCHOICE,DEMOCRATS.COM,≤100
51379424899,Mercy Ships,MERCY SHIPS INTERNATIONAL,≤100
1438882392887793,ADF Church Alliance,Alliance Defending Freedom,≤100
173470656019870,The Daily Yonder,Great Stories LLC,≤100
129278807814364,Women of Welcome,Welcome.,≤100
20876805343,March of Dimes,MARCH OF DIMES INC.,≤100
1765073800454902,Reform Austin,Reform Austin Inc.,≤100
100396551654198,Lisa Whisman for 39th Judicial Circuit Judge,Lisa Hayden Whisman,≤100
1428283027462702,Restoration PAC,RESTORATION PAC,≤100
272618896537776,America First Agenda,America First Agenda PAC,≤100
28144169620,Alliance for Aging Research,Alliance for Aging Research,≤100
101164484986617,To Be Frank Show,Real News PR,≤100
114302593701939,Silent Majority Member,Silent Majority Member,≤100
683872625157265,Theresa Greenfield,THERESA GREENFIELD FOR IOWA,≤100
109200595768753,The Christian Left,The Christian Left,≤100
232201568659,Pacific Justice Institute,PACIFIC JUSTICE INSTITUTE,≤100
953113491536337,Black to the Future Action Fund,Black to the Future Action Fund,≤100
6820348410,Kirsten Gillibrand,Gillibrand for Senate,≤100
291102898490822,Giant Maga Hat,Inventors club LLC,≤100
19474609238,Mercatus Center at George Mason University,Mercatus Center at George Mason University,≤100
284946111858895,Debbie Mucarsel-Powell,DEBBIE FOR CONGRESS,≤100
1721333671443168,Majority Forward,MAJORITY FORWARD,≤100
15041226930,Oxfam,"OXFAM AMERICA, INC.",≤100
455147011996099,The Ann and Phelim Scoop,The Unreported Story Society,≤100
117641114435,First Aid Beauty,First Aid Beauty,≤100
711909245654048,National Police Support Fund,National Police Support Fund,≤100
374848446414965,Pollking,Benjamin Aaron Perlman,≤100
58158120046,ACLJ,American Center for Law and Justice,≤100
896759427103774,Modern Medicaid Alliance,Modern Medicaid Alliance,≤100
123965317665623,N-Hance Wood Refinishing,N-Hance Inc.,≤100
469609533112889,iDisciple,iDisciple,≤100
210357995667559,The National Memo,The National Memo,≤100
116222966843926,US Concealed,US Concealed,≤100
396932197039819,SafeSleeve,"SafeSleeve, LLC",≤100
107665644228467,Conservative Journal Review,Conservative Journal Review LLC,≤100
119006106155684,PI Energy,Andrew P Chung,≤100
523486791061635,Jon Hoadley,JON HOADLEY FOR CONGRESS,≤100
186932688457686,CHNGE,CHNGE,≤100
101329438317952,Story Network Action,Story Network Foundation,≤100
337416009703682,Heather Carter,VOTE HEATHER CARTER SENATE,≤100
108173075911611,National Association of Letter Carriers,National Association of Letter Carriers,≤100
1682876188698809,United for Respect,United for Respect,≤100
18709174006,National Audubon Society,"NATIONAL AUDUBON SOCIETY, INC.",≤100
1668350569891953,Rainbow Movement,William James Ulrich,≤100
102617961152741,Barbara Bollier,BOLLIER FOR KANSAS,≤100
289213691238937,Thrasher Coffee,Thrasher Coffee Co.,≤100
1192579580831773,Supermajority News,Supermajority,≤100
979720542211350,Humanize Being Black,Keyshun Quantarious Holmes,≤100
55549065733,Voto Latino,VOTO LATINO INC.,≤100
10498053716,Media Research Center,MEDIA RESEARCH CENTER,≤100
1852520761657982,4ocean,4ocean,≤100
6165653060,AFSCME,AMERICAN FEDERATION OF STATE COUNTY & MUNICIPAL EMPLOYEES,≤100
1055873511190792,Hello Resistance,Hello Resistance Apparel,≤100
162493793737,Rick Green,Richard Arlin Green,≤100
111892670610842,Political AF,Quyen Sanh Gip,≤100
106379627578203,Jacob Clark for Grayson / Hardin County KY District 18 House Representative,Clark4KY,≤100
143986912311328,University of Vermont Continuing and Distance Education,University of Vermont,≤100
194115677277113,A21,A21 with Facebook Ad Credits,≤100
178835922297833,American Clinical Laboratory Association,American Clinical Laboratory Association,≤100
181183059253295,Dorsal Bracelets,Dorsal Bracelets,≤100
308159713150350,Voter Protection Project,VOTER PROTECTION PROJECT,≤100
179513292162226,American History TV,C-SPAN,≤100
105410567897348,Adopt an Officer,Adopt America LLC,≤100
102564128179023,Truth to Power,TRUTH TO POWER,≤100
169710960125365,Curzio Research,Curzio Research Inc.,≤100
531623043662146,Flags of Valor,Flags of Valor,≤100
416913748508616,We Welcome Refugees,We Welcome Refugees,≤100
169130743498585,Tactical Pro Supply,Chad Keller,≤100
110849485902,United Way,United Way Worldwide with Facebook Ad Credits,≤100
69039563201,Open Doors USA,"OPEN DOORS WITH BROTHER ANDREW, INC.",≤100
12683623041,Society for Human Resource Management (SHRM),SOCIETY FOR HUMAN RESOURCE MANAGEMENT,≤100
1439364926329185,Animal Matters,Animal Matters,≤100
1678492922390061,WorkingNation,WorkingNation,≤100
11111618026,Union of Concerned Scientists,"UNION OF CONCERNED SCIENTISTS, INC.",≤100
107197277617093,VoteSafe,National Vote At Home Institute,≤100
325578590837480,Obamacare,Sixteen Thirty Fund,≤100
90498769709,Edenpure,EdenPURE®,≤100
412739549455010,Karena Reiter,PrimaDonna Reeds,≤100
830890360316751,Nick Hanauer,Civic Action,≤100
186538388091065,Operation Sacred Trust,Purpose Built Families Foundation,≤100
2070944712939738,American Police Officers Alliance,American Police Officers Alliance,≤100
219224241438635,Compassion & Choices,COMPASSION & CHOICES,≤100
587676831343390,Raheem AI,RAHEEM AI,≤100
497081420632330,Dr. Hiral Tipirneni,HIRAL FOR CONGRESS,≤100
782093245218764,Qasim Rashid,RASHID FOR VA,≤100
926650430723985,Really American,REALLY AMERICAN PAC,≤100
101485404914361,Bad News Wares,Bad News Wares,≤100
357750373755,National Domestic Workers Alliance,National Domestic Workers Alliance,≤100
2165983337048601,LeverforChange,Lever for Change,≤100
2133130356918764,Common Justice,COMMON JUSTICE INC,≤100
1338822066131069,Women's March,Women's March,≤100
373980880018659,Congresswoman Abigail Spanberger,the Office of Rep. Spanberger,≤100
2204789813171086,Congresswoman Carol Miller,Congresswoman Carol Miller,≤100
166738743732702,All Above All Action,All Above All Action Fund,≤100
156994304362574,American Bridge 21st Century,AB PAC,≤100
114386721939978,The Made in America Store,Made In America Store,≤100
443329669123990,USAFacts,USAFacts Institute,≤100
342294162453301,Planned Parenthood,These ads ran without a disclaimer,≤100
136650483039197,Conduit News,Conduit For Action,≤100
24481937944,Theodore Roosevelt Conservation Partnership,"THEODORE ROOSEVELT CONSERVATION PARTNERSHIP, INC",≤100
108090464296366,Republican Patriots,I Love My Freedom,≤100
315151565831,Ascension,Ascension Press,≤100
112333396969405,Jim Bognet,Bognet for Congress,≤100
128167457221813,Public Transportation,Voices for Public Transit,≤100
104824871043650,Brian Chism for State Representative- 27th District,Brian Chism for State Representative,≤100
116688383113415,Ray Sandelli,"Ray Sandelli, Republican, For Lee County Commission District 3",≤100
111970730196550,World War Zero,AMERICAN SECURITY PROJECT,≤100
71284685294,Detroit Pistons,Detroit Pistons,≤100
2344792102514862,David Cole,Friends of David Cole,≤100
1925751504337881,MJ Hegar,MJ FOR TEXAS,≤100
39910576365,National Alliance for Public Charter Schools,NATIONAL ALLIANCE FOR PUBLIC CHARTER SCHOOLS,≤100
111407537179696,Keith Priestley For State Representative,Keith Priestley for State Representative,≤100
8225139261,New York Republican State Committee,NEW YORK REPUBLICAN STATE COMMITTEE,≤100
7686808625,Jim Inhofe,FRIENDS OF JIM INHOFE,≤100
106868314285372,The Finance Kit,DYS Capital LLC,≤100
119938779410497,Priorities for the People,DCCC,≤100
107937014153581,Energized Health,John Jubilee Transformation LLC DBA Energized Health,≤100
100123544800892,Disme Coin Company,Byron Michael Laughlin,≤100
69302491713,Freestore Foodbank,"FREESTORE FOODBANK, INC",≤100
186805048171120,U.S. & Texas LawShield,Texas LawShield,≤100
93683518468,Kentucky Voices for Health,Kentucky Voices for Health,≤100
101252258324890,The Con,Abramorama Inc.,≤100
189452770432,Women's Campaign Fund,WOMENS CAMPAIGN FUND INC,≤100
111001597165583,Brandon Wilkinson for US Congress,Missouri for Brandon Wilkinson,≤100
227764782729,AMERICAN - STRONG!,American Strong LLC,≤100
105260544466728,Conder Mayor 2020,Committee to Elect Larry Conder for Mayor of Owensboro,≤100
118303441570966,Home Ownership Matters,NATIONAL ASSOCIATION OF REALTORS,≤100
1443127535947107,Save the Children Action Network,Save the Children Action Network,≤100
103185334702225,Stop Trump PAC,STOP 45 PAC,≤100
137764189586887,Chicago Teachers Union,Chicago Teachers Union,≤100
253791814655400,Doug Collins,"COLLINS FOR SENATE, INC.",≤100
6041057841,The Humane Society of the United States,"HUMANE SOCIETY OF THE UNITED STATES, THE",≤100
1819658374974706,Arena,Arena PAC,≤100
24014374813,Christians United for Israel (CUFI),Christians United for Israel,≤100
2295062210811244,Coalition for American Veterans,COALITION FOR AMERICAN VETERANS POLITICAL ACTION COMMITTEE,≤100
100699775058659,Education Now NC,Education Now,≤100
160630887998827,Let Them Live,Let Them Live,≤100
105698674239617,Embed News,Embed News,≤100
56332452163,AMA Patients Action Network,American Medical Association,≤100
785936231584382,Paula Jean Swearengin,Paula Jean for West Virginia,≤100
139116726802413,Carol Abney for TN 38,Carol Abney for TN 38,≤100
461225434070955,Trump's Fans,StylishPros.com,≤100
309993142375589,Joe Kennedy III,KENNEDY FOR MASSACHUSETTS,≤100
34701792581,EWTN,Eternal Word Television Network,≤100
193618220508,LIFE Today,LIFE Outreach International,≤100
104745474214057,HRA - OTC Birth Control,Corey Francis Mc Govern,≤100
1452551204988299,GoReact,Speakworks Inc,≤100
105943157686335,Trust Michigan Families,TRUST MICHIGAN FAMILIES,≤100
106164314526,Legal Aid Society,LEGAL AID SOCIETY,≤100
1653885501501009,Propeller,Propeller Enterprises,≤100
105370081104608,Veterans for Trump,TRUMP MAKE AMERICA GREAT AGAIN COMMITTEE,≤100
108029674299216,We The People,We The People,≤100
313723095478950,The Daily Citizen,Focus on the Family,≤100
54787697857,Ron Wyden,WYDEN FOR SENATE,≤100
422202764649078,Rhode Island Department of Education - RIDE,Rhode Island Department of Education,≤100
260536047319339,RN Action,American Nurses Association,≤100
106402714456835,Trees 4 Australia,Trees4Australia,≤100
1642386799323957,Angie Craig,ANGIE CRAIG FOR CONGRESS,≤100
131352838109,Congressman Darrell Issa,DARRELL ISSA FOR CONGRESS,≤100
21492729544,Catholic Relief Services,CATHOLIC RELIEF SERVICES - UNITED STATES CONFERENCE OF CATHOLIC BISHOPS,≤100
106949844346620,Trumpian Republicans,Gregory Lawrence Burright,≤100
531739923640641,Pill Club,These ads ran without a disclaimer,≤100
420424547981908,In Search of Liberty,Scott Dennis Welch,≤100
1402827079932843,Low Income Relief,The Lighthouse Information Network LLC,≤100
18983389920,Open Society Foundations,Open Society Foundations,≤100
1545826148838592,Trump 2020,Gregory Lawrence Burright,≤100
111702860231554,Matt Lieberman,Matt Lieberman for Senate,≤100
108506830560787,Jessica Scarane,JESS SCARANE FOR DELAWARE,≤100
103131054573692,Crawfordology,Crawfordology,≤100
103571074540203,Ron Washington for Covington Commissioner,Elect Washington,≤100
7209432197,Chris Coons,CHRIS COONS FOR DELAWARE,≤100
103903914570915,Pro2a,Delta Team Marketing,≤100
1708467695859543,Veteran Transition Mission,Sonia Ivelisse Barriera Ayala,≤100
61878332769,ICNA Relief,ICNA RELIEF USA PROGRAMS,≤100
109866370700481,PushBlack Finance,PushBlack,≤100
103966331128460,Trump Train 2020 Campaign Tour,The Trump Train,≤100
102875587947942,Keep Trump In Office,Keep Trump In Office,≤100
112600915451330,No Labels,No Labels,≤100
59877921429,Lutheran Immigration and Refugee Service,"LUTHERAN IMMIGRATION AND REFUGEE SERVICE, INC.",≤100
317667194946264,Ro Khanna,RO FOR CONGRESS INC,≤100
24982445498,ProQuest,PROQUEST LLC,≤100
46508415624,Scott Taylor,Scott Taylor for Congress 2020,≤100
717417908274761,Lady Freethinker,Lady Freethinker,≤100
124530924015,Hank Gilbert,HANK GILBERT FOR CONGRESS,≤100
7219151423,The Fund for American Studies (TFAS),The Fund for American Studies,≤100
657708380952174,Voices of the Civil Rights Movement,Comcast,≤100
39432041915,Capital Research Center,CAPITAL RESEARCH CENTER INC,≤100
228132537208218,Tammy Duckworth,TAMMY FOR ILLINOIS,≤100
107722887387213,Lance Bachmann,Lance Bachmann,≤100
1295279420598401,Victoria Spartz,VICTORIA SPARTZ FOR CONGRESS,≤100
700941689954518,Defend Our Future,Defend Our Future,≤100
113751396838625,Blaine Goode for Judge,Committee To Elect Blaine Goode,≤100
141692255929599,Democratic Socialists of America,DEMOCRATIC SOCIALISTS OF AMERICA INC,≤100
148731991811588,Baird,Robert W. Baird & Co. Incorporated,≤100
617818515282920,Trumpbert: a Parody of "Dilbert",Freeman Ng,≤100
201716719965863,Patient Safety Movement,Patient Safety Movement Foundation,≤100
579300342209417,Oliver Gilbert,"Oliver Gilbert, Non-Partisan, for Miami-Dade County Commission Dist 1",≤100
36872302227,Cory Booker,Cory Booker for Senate,≤100
13187955196,Young Americans for Liberty,Young Americans for Liberty,≤100
1234251319933440,Exclusive Apparel,The Dude's Threads,≤100
281835005264380,Eric Swalwell,SWALWELL FOR CONGRESS,≤100
165566613453452,ERLC,ETHICS AND RELIGIOUS LIBERTY COMMISSION OF THE SOUTHERN BAPTIST,≤100
164567966937605,Freedom Network USA,FREEDOM NETWORK USA,≤100
121626482110,Operation Smile,"OPERATION SMILE, INC.",≤100
21647204289,Michigan Education Association,Michigan Education Association,≤100
341240953385902,Force Of Nature Meats,Force of Nature,≤100
110316697328742,People of Seniors Housing,People of Seniors Housing,≤100
551158678560402,Epimonia,Epimonia LLC,≤100
102175879855284,Harper Perennial,HARPERCOLLINS PUBLISHERS L.L.C.,≤100
1679521432262834,Physicians Grassroots Network,American Medical Association,≤100
751679868274074,Hope for Students,THE EXPECTATIONS PROJECT INC,≤100
281884085611820,Tedra Cobb,COMMITTEE TO ELECT TEDRA COBB,≤100
103376804451432,Trending Politics,Making Web LLC,≤100
100355778430951,By Our Own Bootstraps,Brandon Vu,≤100
206590736197463,Moving Forward Network,Moving Forward Network,≤100
130848666099,Business Forward,Business Forward Inc.,≤100
104919414599745,People Over Profits,"The People Over Profits Florida, Inc.",≤100
872842866161157,One Nation Design,One Nation Design,≤100
566008736785269,Be Heard Project,Be Heard Project,≤100
101127364972509,Dems For USA,Dems For USA,≤100
113706570069421,George Bray For Mayor 2020,Bray for Mayor,≤100
419237048158257,Susan Collins,COLLINS FOR SENATOR,≤100
1441431779211032,Power to Impeach,POWER TO IMPEACH,≤100
100421958357393,PodTv Network,PodTv Network,≤100
153278754738777,Climate Reality,The Climate Reality Project,≤100
180252152142614,Joe Neguse,JOE NEGUSE FOR CONGRESS,≤100
570524446405979,Only Human,Only Human,≤100
60865633726,Love Justice International,TINY HANDS INTERNATIONAL,≤100
102988084816186,Tennesseans for Putting Students First,Tennesseans for Putting Students First,≤100
102729624670835,MinuteStats,Minute Stats,≤100
1189321434561854,Vote Ranjeev for Rep,Friends of Ranjeev Puri,≤100
142370046577999,Shahid Buttar for Congress,Shahid Buttar for Congress Committee,≤100
313097997669,StreetLightUSA,StreetLightUSA,≤100
200201209253,Latino Community Foundation,Latino Community Foundation,≤100
107439427661844,Accountable Tech,Accountable Tech,≤100
158505287559920,Save the Storks,Diane Patricia Ferraro,≤100
1800072483402009,African Community & Conservation Foundation,African Community & Conservation Foundation,≤100
217744689082344,Jim Fiorelli,FIORELLI FOR KY SENATE 2020,≤100
127637620616803,Comcast Newsmakers,Comcast,≤100
680549575421741,UnitedVoice.com,"Beachside Media, Inc.",≤100
128716440866482,Adam Milstein,Adam Milstein,≤100
113310617054164,Trump Baseball Bats,Trump Baseball Bats,≤100
137737302951973,Kentucky Center for Economic Policy,MOUNTAIN ASSOCIATION FOR COMMUNITY ECONOMIC DEVELOPMENT INC,≤100
1629757947259221,Vote Eric Robinson for School Board,Eric Robinson for School Board,≤100
110798880680061,USA Strong,USA Strong,≤100
1438808983108348,BOLD PAC,CHC BOLD PAC,≤100
105872574403318,Project TAMMI,a research grant at The National Center on Addiction and Substance Abuse (CASA),≤100
207549645977714,Families Belong Together,Families Belong Together,≤100
107953199261156,ifaw,"INTERNATIONAL FUND FOR ANIMAL WELFARE, INC.",≤100
107528857654454,Detra Haycraft for Bardstown City Council,Detra Haycraft for Bardstown City Council Campaign,≤100
174046949421616,Phenomenal Woman Action Campaign,Phenomenal Woman Action Campaign,≤100
72931140459,Center for Biological Diversity,"CENTER FOR BIOLOGICAL DIVERSITY, INC.",≤100
2259323457517498,Abolish the Electoral College,ABOLISH THE ELECTORAL COLLEGE,≤100
161186620643972,American Institute for Economic Research,AMERICAN INSTITUTE FOR ECONOMIC RESEARCH,≤100
159964696102,Kevin McCarthy,KEVIN MCCARTHY FOR CONGRESS,≤100
100284648021034,New Tolerance Campaign,New Tolerance Campaign,≤100
514167322309353,Dan Crenshaw,Crenshaw For Congress,≤100
114885646899438,Mr. 45th,Clush,≤100
8321461609,MomsRising.org,MomsRising Together,≤100
814260155318929,The Fairness Project,The Fairness Project,≤100
868348663497441,U.S. Representative Greg Pence,Representative Greg Pence,≤100
1634651343331439,Project Wren,Landon Brand,≤100
1764185850558806,Apex Clean Energy,Apex Clean Energy,≤100
252146535148849,Re-elect Wes Drury for Scott County Sheriff,Citizens to Re-elect Drury Sheriff,≤100
111277640428691,President Donald J. Trump 2020,Trump Collections,≤100
102389457864860,Treehuggers Bracelets,ECOMX LLC,≤100
470241276500901,Women Vote,WOMEN VOTE!,≤100
93565224474,Mercy For Animals,MERCY FOR ANIMALS,≤100
18017481462,Acton Institute,Acton Institute,≤100
87777747127,Greg Palast,Palast Investigative Fund,≤100
101859834894652,Is The News Being Manipulated?,Donna Lee Klingman,≤100
290851614930809,Combat AntiSemitism,Combat Anti-Semitism,≤100
59543893235,National Constitution Center,National Constitution Center,≤100
1945237355733646,Giving Brush,Giving Brush LLC,≤100
1370474066365196,F1RST WARRIOR,First Warrior,≤100
173837496125511,Conscious Step,Conscious Step,≤100
1709145412721991,The Center for Growth and Opportunity at Utah State University,The Center for Growth and Opportunity,≤100
198875903295,Trek Bicycle,TREK BICYCLE CORPORATION,≤100
304062610300415,VozWire,Gregson E Mathe,≤100
961203647412577,VIDA News,VIDA News,≤100
13867925345,Equality Florida,Equality Florida,≤100
19972147679,SEIU,SEIU,≤100
1397799040234106,OpinionUP,OpinionUP LLC,≤100
103398001436928,Tex Raines,Daren Julius Hicks,≤100
106485611159214,Home Team USA,Home Team USA,≤100
1918477288251113,Floyd County Fiscal Court,Floyd County Fiscal Court,≤100
128958937175029,Trivia Today,Benjamin Aaron Perlman,≤100
1658135304460341,MANG,MANG,≤100
344690446467832,The Copper Courier,"Courier Newsroom, Inc.",≤100
467503009987109,"Healthy Forests, Healthy Communities","Healthy Forests, Healthy Communities",≤100
137459917707,The Brookings Institution,The Brookings Institution,≤100
386305465057247,Liberty Nation,Liberty Nation,≤100
598720023670599,Jennifer Carroll Foy,Jennifer Carroll Foy for Governor,≤100
346937065399354,Occupy Democrats,Omar Rivero,≤100
215483428568027,Ron Kresha For Minnesota,Campaign For Ron Kresha,≤100
112466490413952,Frank DeVenuto for State Representative,Frank S DeVenuto Committee to Elect,≤100
105315327577677,Golden Goose Publishing,Lance Charles Greenberg,≤100
482899722113894,Peymynt Financial,Peymynt Financial,≤100
1377401395908995,American Patriots,Triggered Freedom,≤100
109295990419284,Esther For Congress,ESTHER FOR CONGRESS,≤100
216705888361546,Elbert Lee Guillory,ELBERT GUILLORY'S AMERICA,≤100
172037886144659,Grand Central Publishing,"Hachette Book Group, Inc.",≤100
152264148166020,Moms Clean Air Force,Moms Clean Air Force,≤100
2025091014264618,The Funeral Leader,MKJ Marketing,≤100
151944694884237,"Solidarity Strategies, LLC",Solidarity Strategies,≤100
157307331013957,The History List,The History List,≤100
592347634460462,Partnership for America's Health Care Future,Partnership for America's Health Care Future,≤100
24470472733,The Trevor Project,The Trevor Project,≤100
200259660733791,Sanford Bishop,Sanford Bishop for Congress,≤100
1014291495249813,Politicon,Politicon,≤100
222745994575140,Project ChildSafe,"NATIONAL SHOOTING SPORTS FOUNDATION, INC.",≤100
543066585882629,Libertarian Country,Libertarian Country,≤100
1576236875930301,Global Cyber Alliance,Global Cyber Alliance with ad credits,≤100
92730524910,AdventHealth,AdventHealth,≤100
2256321067930356,Liberteeclub,libertyteeshop,≤100
212202479211340,Unofficial: Dearest White People,Stacie N York,≤100
111012093703552,Rick For Cole County,James Richard Mihalevich,≤100
116097500086,Samuel Chu,Samuel Muk Man Chu,≤100
288452868709310,Smart City Expo Atlanta,Smart City Expo Atlanta,≤100
102161004838994,Melissa Gould for Judge,Melissa Gould for Judge,≤100
1099779163410386,John Barrasso,Friends of John Barrasso,≤100
1272534336242476,World101,Council on Foreign Relations,≤100
103150364587807,Gun Owners Care,National Shooting Sports Foundation,≤100
169204449790211,Conservative News Today,"BizPac Review, Inc.",≤100
8936818385,Accuracy in Media,"ACCURACY IN MEDIA, INC",≤100
169042736456594,All Out,All Out Action Fund.,≤100
455595357859098,Richard DeNapoli,Richard DeNapoli for Broward Republican State Committeeman,≤100
105010030848236,Bryant Cameron Webb,DR. CAMERON WEBB FOR CONGRESS,≤100
166087830076297,WebPT,WebPT,≤100
100124595113383,Victor Ashe,"William F. Buckley, Jr. Program",≤100
154374415297879,Pat Hackett for Congress,Pat Hackett for Congress,≤100
946887545335976,Association of American Universities,The Association of American Universities (AAU),≤100
100316785079860,Citizens for Polk Education,Citizens for Polk Education,≤100
154269528015922,Byron Donalds,Byron Donalds for Congress,≤100
100503184678036,BioLargo Water Inc.,"BioLargo, Inc.",≤100
354586505391697,Derrick Evans - The Activist,Derrick Evans,≤100
207833736045744,MHAction.org,Kevin R Borden,≤100
11234736860,Tom McClintock,McClintock for Congress,≤100
28446275521,Military Officers Association of America (MOAA),Military Officers Association of America,≤100
153021214848890,Dean Browning,BROWNING FOR CONGRESS,≤100
344346245749372,Shore Trendz,RHW.COM LLC/DBA Shore Trendz,≤100
103877744493195,Briit Botanicals,Briit Botanicals,≤100
40491152079,The Kinsey Sicks,"The Kinsey Sicks, LLC",≤100
101485931485408,UNITEDemocrats,UNITEDEMOCRATS PAC,≤100
227535924071462,Animal Petitions,AnimalPetitions.org,≤100
1229789977123022,Debbie Lesko for Congress,DEBBIE LESKO FOR CONGRESS,≤100
103046977892124,Adam Christensen For Congress,ADAM J CHRISTENSEN FOR CONGRESS,≤100
202531447982,Jimmy Chin,Protect Our Winters,≤100
90022052772,Williams,"WILLIAMS COMPANIES, INC., THE",≤100
128289862750,Liberty in North Korea,Liberty in North Korea,≤100
1413682351987764,Andy Kim for Congress,ANDY KIM FOR CONGRESS,≤100
451385985596572,Walker Talkers LE,Anthony Bryant Walker,≤100
468906559794011,LaunchGood,LaunchGood Inc.,≤100
8934429638,Planned Parenthood Action,Planned Parenthood Votes,≤100
892673067526965,Project War Path,Project War Path,≤100
103144734491014,"James Calkins, Republican for County Commissioner",James Calkins for County Commissioner,≤100
124626320898336,Catholic Extension,"CATHOLIC CHURCH EXTENSION SOCIETY OF THE UNITED STATES OF AMERICA, THE",≤100
2317264024972785,American Populists,The New American Populist,≤100
221834965136991,Steve Roberts,Roberts for St. Louis,≤100
105031414415024,Francis Malofiy,Francis Malofiy,≤100
188863534474601,Americans for Prosperity - Tennessee,AMERICANS FOR PROSPERITY,≤100
143173285763,Tenth Amendment Center,Tenth Amendment Center,≤100
92021268117,Working America,Working America,≤100
101380274600494,Old North News,Metric Media LLC,≤100
605168822998856,314 Action,314 ACTION FUND,≤100
102711044826569,Dale Phillips for Mayor,Dale Phillips for Mayor,≤100
612701059241880,Latinos for Trump,TRUMP MAKE AMERICA GREAT AGAIN COMMITTEE,≤100
132439863446819,Capital Metro,Capital Metro,≤100
265045056894488,Mark Meckler,Convention of States Action,≤100
339432396135584,The Exodus Road,EXODUS ROAD INC,≤100
103075334816156,UFCW Votes,UNITED FOOD AND COMMERCIAL WORKERS INTERNATIONAL UNION,≤100
138141366212571,Gravis Marketing,GRAVIS MARKETING INC.,≤100
106982457726352,Great Again,Quyen Sanh Gip,≤100
1784991421516214,Seek Refuge,Seek Refuge,≤100
772690992764869,Larry Pivnick for Congress,Lilla Karman Pivnick,≤100
101146091319045,Elcove.green,Elcove,≤100
127335473965761,Recycle Cartons,"Carton Council of North America, Inc.",≤100
108152933883451,TrumpTrendz,Troy Lorenzo Davis,≤100
1561007084146010,All In Together,Priya Kimberly Elangovan,≤100
1397456727053085,Georgia Law Enforcement,Georgia Law Enforcement Organization,≤100
2049170775107862,Resistance By Design,Resistance By Design,≤100
115761269812805,Jeff Hinkle,Jeff Hinkle Campaign,≤100
101788601255619,Mark Sidney,Power To The Publisher,≤100
112262403621943,Bryan Knight for Highway Supervisor,Bryan Kevin Knight,≤100
104847667793857,Paducah United,Paducah United Inc,≤100
1400371370253041,Eagan Immigration,Eagan Immigration,≤100
2298883023504578,Readdy42020,READDY42020,≤100
108683164271262,Patriots for Life,Grant Alan Johnston,≤100
1448984361857166,Florida Federation for Children PAC,Florida Federation for Children,≤100
131306317680000,Social Goods,"Social Goods, LLC",≤100
8532248414,Wounded Warrior Project,"WOUNDED WARRIOR PROJECT, INC.",≤100
653446288035243,Edward B. Goehring,Edward B. Goehring,≤100
1550688541875633,John Clark for Congress,JOHN CLARK FOR CONGRESS,≤100
102004961614425,For The Love of Patriots,Trizzie Truong,≤100
182079698493370,Portside,Portside,≤100
64206021703,National Committee to Preserve Social Security and Medicare,NATIONAL COMMITTE TO PRESERVE SOCIAL SECURITY AND MEDICARE,≤100
102010211314386,Donald Trump 2020 Voters,I Love My Freedom,≤100
90215573480,"Dyer, Garofalo, Mann & Schultz","Dyer, Garofalo, Mann, & Schultz",≤100
1947525322184514,One Fair Wage,One Fair Wage,≤100
238473269650980,Capital & Main,CAPITAL & MAIN,≤100
216993775591259,America 2034: Utopia Rising,Progressive Source Communications LLC,≤100
103589316364355,LTI - Life Training Institute,Adrian Jobe Rink,≤100
1601467416816223,Lehigh Acres Fire Control and Rescue District,Lehigh Acres Fire Control and Rescue Department,≤100
1187681427913179,100 Years of Deception,Alan Adaschik,≤100
106375871170305,Rob Wittman Facts,RASHID FOR VA,≤100
102413723172970,Nick Adams,Nick Adams,≤100
107638384248580,Our America,Bryant Wayne Young,≤100
107624487697615,Ian Richards for Judge,"Committee to Elect Ian Richards, nonpartisan for Circuit Court Judge Group 30",≤100
106681674265863,Mike Lawler for State Assembly,Lawler 4 NY,≤100
195620754724,Helping Hand USA,HELPING HAND FOR RELIEF AND DEVELOPMENT INC.,≤100
2253210821388444,Ohio Strong Action,OHIO STRONG ACTION,≤100
17432811417,Working Families Party,Working Families Party,≤100
108400607228194,LaVerne Jones Gore,LAVERNE GORE FOR CONGRESS,≤100
106535887620176,Casey L. Hood For State Senate,"Casey L. Hood For State Senate, J. Bryant Cruce, Treasurer",≤100
150322194563,PASA Primates: Pan African Sanctuary Alliance,PAN AFRICAN SANCTUARIES ALLIANCE,≤100
74508408221,Dr. Joanne Bagshaw,"Joanne Bagshaw, PhD, LCPC",≤100
35715544220,Stand.earth,STAND,≤100
114386721939978,The Made in America Store,Anthony Michael Falbo,≤100
103235554648484,Elect Scientists,314 ACTION FUND,≤100
2123425971065747,Sora Schools,Indra Putra Sofian,≤100
102750021183412,Justice U,Altus Solutions Inc,≤100
2338979479650120,Genevieve Collins for Congress,COLLINS FOR TEXAS,≤100
592074077639509,Donald Trump Is Our President,Power To The Publisher,≤100
84280132559,American Legislative Exchange Council,American Legislative Exchange Council,≤100
562691707395320,Zach Dickerson,Friends of Zach Dickerson,≤100
372799605421,DeSmog,DeSmog,≤100
79212718536,Jim Boyd,Jim Boyd,≤100
252778660180,The Leaven,Leaven Program,≤100
111237577031486,AquiPor Technologies,William Powers,≤100
113335773562471,President Trump For Re-Election,Great American Era,≤100
993294760683044,Education Reform Now,Education Reform Now,≤100
525171637666780,Sandy Piña California Delegate,RCR,≤100
166166843531258,National Council of Resistance of Iran - شورای ملی مقاومت ایران,MEK-Iran (Saeid Saadati),≤100
345946329411380,Petal Soap,Jason Paul Domangue,≤100
97624620788,American Friends of Magen David Adom,AMERICAN FRIENDS OF MAGEN DAVID ADOM,≤100
388547605724,Richard Neal,RICHARD E NEAL FOR CONGRESS COMMITTEE,≤100
38882699096,Polaris,POLARIS PROJECT,≤100
89324781720,Pat Toomey,Friends of Pat Toomey,≤100
1670468429918309,We Are Uprisers,WEAREUPRISERS,≤100
109243500822158,The Greater Brand,Benjamin Pendera Ijah,≤100
377392172830318,Representative Ross Spano,Office of Representative Ross Spano,≤100
472981489476333,Alan Cohn,COHN FOR CONGRESS 2020,≤100
107523875954231,Danny Davis,Protect Our Winters,≤100
1494329120822927,Kraven Comics,Kraven Comics,≤100
167473433290992,Inequality.org,Institute for Policy Studies,≤100
324119001078997,"Sanford Heisler Sharp, LLP","Sanford Heisler Sharp, LLP",≤100
178051136001622,Representative Trey Hollingsworth,Office of Representative Trey Hollingsworth (IN-09),≤100
682990071843813,Center for the Study of Liberty,Center for the Study of Liberty,≤100
101042758281184,Reading On the Right,Macmillan Publishing,≤100
600751563338987,Father Edward J. Flanagan,These ads ran without a disclaimer,≤100
103316257862246,Cuba Great Again,Carlos None Ramos,≤100
281844617168,Jewish Voice Ministries International,JEWISH VOICE MINISTRIES INTERNATIONAL,≤100
457148521144304,Ingrid Burnett,Ingrid Burnett for Missouri,≤100
231940780152406,King P,Phillip Solomon Stewart,≤100
1498561767025112,Zephyr Teachout,Macmillan Publishing,≤100
7609325759,Jim McGovern,RE-ELECT MCGOVERN COMMITTEE,≤100
206052849902620,Intermountain Immigration,"Intermountain Immigration, LLC",≤100
7735858972,Humane Society Legislative Fund,Humane Society Legislative Fund,≤100
104498158021259,Republicans For Life,Brian Charles Mack,≤100
113891694102,Energy Citizens,AMERICAN PETROLEUM INSTITUTE,≤100
215199482635728,Alek Skarlatos,ALEK FOR OREGON,≤100
105835711208027,The Progressive List,THE PROGRESSIVE LIST,≤100
2510352149192473,Chris Leader,Christopher Alan Leader,≤100
111151490241542,Pollemix,Pollemix,≤100
7642602143,Mother Jones,FOUNDATION FOR NATIONAL PROGRESS,≤100
108296730569580,David Sanders for Surprise,DSandersForD5,≤100
12503116997,Dennis Prager,Salem Media,≤100
1425435377743310,Conversations with Bill Kristol,The Foundation for Constitutional Government,≤100
103531607822207,Noticias para Inmigrantes,"Wise Rock Media, PBC",≤100
1012679305536045,Elissa Slotkin for Congress,ELISSA SLOTKIN FOR CONGRESS,≤100
514167322309353,Dan Crenshaw,Dan Crenshaw for Congress,≤100
15239367801,The Wilderness Society,"WILDERNESS SOCIETY, THE",≤100
104230074722667,MAGA Store,William Devoe,≤100
101746962063,Mercy Home for Boys & Girls,MISSION OF OUR LADY OF MERCY,≤100
944885865692767,Trumpy Dumpty,Rebel Games LLC,≤100
162676813937511,Dan Forest,Committee to Elect Dan Forest,≤100
50711561090,Muslim Advocates,MUSLIM ADVOCATES,≤100
6012633110,Communications Workers of America,"COMMUNICATIONS WORKERS OF AMERICA, AFL-CIO, CLC",≤100
590322164393637,Joyce Krawiec for NC Senate,Joyce Krawiec for NC Senate,≤100
102999678178152,Saint John's Conservatives,Saint John's Conservatives,≤100
101647124981932,Patriot Flakes,Patriot Flakes,≤100
1747132688647028,Democratic Association of Secretaries of State,Democratic Association of Secretaries of State,≤100
354329797956187,The Catholic Association,"The Catholic Association, Inc",≤100
106346337836782,People for Community Equality,People for Community Equality,≤100
661744180680367,National Police Association,"NATIONAL POLICE ASSOCIATION, INC.",≤100
175403889150682,FindLaw.com,FindLaw Consumer,≤100
243362776583569,Air Mail,Air Mail,≤100
154042277970966,International Refugee Assistance Project,"INTERNATIONAL REFUGEE ASSISTANCE PROJECT, INC.",≤100
32582320449,CMMB,CATHOLIC MEDICAL MISSION BOARD INC,≤100
227877611392,The Alaska Center,The Alaska Center,≤100
73970658023,International Rescue Committee,International Rescue Committee,≤100
289047457785218,Mira Lehr,News Travels Fast,≤100
101542408248637,SMOAK 2020- Justin Smoak for Washington's 1st Congressional District,SMOAK 2020,≤100
693338200702307,Michelle Ugenti-Rita,Ugenti-Rita for Senate,≤100
166246706765337,The Experiment,The Experiment,≤100
302612457071883,Moving It Right,Richard P Ashton,≤100
1166660030079480,National Democratic Redistricting Committee,National Democratic Redistricting Committee,≤100
169440273093442,The Center for Election Science,The Center for Election Science,≤100
394518704240624,Dose of Reality New Mexico,New Mexico Behavioral Health Services Division,≤100
109041327572040,2BKK - Trump Collection,Kim Yen Nguyen,≤100
1156676274461345,Mikie Sherrill,MIKIE SHERRILL FOR CONGRESS,≤100
111480020618941,Big Bad Uncle Sam LLC,Collin Christian Johnson,≤100
130945114804,World Jewish Congress,WORLD JEWISH CONGRESS AMERICAN SECTION INC,≤100
151577215422581,Zioness Movement,"Zioness Movement, Inc.",≤100
544628295627375,Anna Tovar,Tovar for Arizona. Authorized by Anna Tovar.,≤100
376055446303845,Congresswoman Donna Shalala,Rep. Donna Shalala,≤100
119779936078342,Gastonia Times,Metric Media LLC,≤100
1667892193505378,Hold the House,HOLD THE HOUSE PAC,≤100
1085776961485494,Brenndan Riddles Boone County Comissioner District 2,Brenndan Sean Riddles,≤100
1580652728851833,Jim Justice,Committee to Re-Elect Jim Justice,≤100
78420171887,Sailors for the Sea,SAILORS FOR THE SEAINC,≤100
115757826468774,Statsigo,Statsigo,≤100
226080088033734,Tennessee Federation for Children PAC,Tennessee Federation for Children PAC,≤100
75353945070,Boxed Water Is Better,Boxed Water Is Better,≤100
107226350977260,Rookie,Mark Anthony Russell,≤100
110766700548684,"Stayton D. Black, Jr. ""Bubb"" for Montgomery County Highway Supervisor",Stayton D Black for Montgomery County Highway Department,≤100
101174331629641,Ring The Alarm,RingTheAlarm.US,≤100
53541257714,The Arc of the United States,"ARC OF THE UNITED STATES, INC., THE",≤100
100697751658498,Stronger.org,The Public Good Projects,≤100
1802177709900081,The Spectator US,The Spectator US,≤100
109970477058557,Rick LoCastro,Rick LoCastro for County Commissioner,≤100
179909895355213,AIDS United,AIDS UNITED,≤100
126817605260,Bold Type Books,"Hachette Book Group, Inc.",≤100
77790954801,Salesian Missions,Salesian Missions,≤100
276708266084189,Ray Dalio,"Principles, LLC",≤100
137746666253194,Ann Kirkpatrick,KIRKPATRICK FOR CONGRESS,≤100
922580991129339,People's Mojahedin Organization of Iran - MEK IRAN,MEK-Iran (Saeid Saadati),≤100
205795426669644,Facts and Logic about the Middle East,Facts and Logic About the Middle East,≤100
101817274965859,Ruth Bader Ginsburg,These ads ran without a disclaimer,≤100
103260841390360,Erin Johnson for Senate District 6,Friends of Erin Johnson,≤100
105561217523274,The_Dispatch,"Dispatch Media, Inc.",≤100
241247646424302,Jahana Hayes,FRIENDS OF JAHANA HAYES,≤100
114864793399013,Nicole Love Hendrickson for Gwinnett Chair,LOVE4GWINNETT,≤100
100184714677097,Election Year Knockout,Exceptionull Games,≤100
445724059289363,WellHealth Frisco,WellHealth,≤100
278355662356517,BallotReady,"BallotReady, Inc",≤100
108797534098691,Keep Gifts Great,Adrian Choi Conger,≤100
155443277896065,Dane Eagle,Dane Eagle For Congress,≤100
514446149038714,The Iowa Standard,Jacob Adam Hall,≤100
160513344045084,John Neely Kennedy,"John Kennedy for Us, Inc",≤100
1934191280189700,Health Care Voter,Health Care Voter,≤100
192036794235483,Workers Unite! Film Festival,Andrew J Tilson,≤100
279890513018,Islamic Networks Group - ING,"ISLAMIC NETWORKS, INC.",≤100
1528498354074301,Punching Bag Media - Conservative News,Sean Michael Probber,≤100
700153177010264,Plant Based Products Council,Plant Based Products Council,≤100
104938814276248,Brush Plastic Away,Brush Plastic Away,≤100
79820371749,Ayanna Pressley,THE SQUAD VICTORY FUND,≤100
1695950424027488,Andy Hallinan,Andrew Lawrence Hallinan,≤100
101254941260967,Retake the House 2020,RETAKE THE HOUSE 2020,≤100
710669049286394,Woo the People,Khosro David Illulian,≤100
164513254148611,America's Voice News,Barbara Jean Lawrence,≤100
172783160290727,New Civil Liberties Alliance,NEW CIVIL LIBERTIES ALLIANCE,≤100
111040616957411,Ricky Dale Harrington Jr for US Senate,Ricky Dale Harrington,≤100
181924628560212,SumOfUs,SumOfUs,≤100
454663890502,Alliance for Patient Access,ALLIANCE FOR PATIENT ACCESS,≤100
111489067224942,Christy Gordon for Elizabethtown City Council,Christy Michelle Gordon,≤100
341513602902369,CALL TO ACTIVISM,CALL TO ACTIVISM,≤100
165152251812,Planet Bonehead,Robert E Donohue,≤100
102930264579695,George Kruse for Manatee County Commission,"George Kruse, Republican, for Manatee County Commission",≤100
7962229886,Environmental Working Group,ENVIRONMENTAL WORKING GROUP,≤100
411431975550358,Marc Veasey,MARC VEASEY CONGRESSIONAL CAMPAIGN COMMITTEE,≤100
111395537274766,Utah Tonight,Michael Carl Jolley,≤100
332905134021585,Joe Harding for State Representative,Joe Harding for State Representative,≤100
105566824535889,Floridians for Ethics and Truth in Politics,Floridians for Ethics and Truth in Politics,≤100
248468095247223,Rastaclat,Rastaclat,≤100
44224524016,American Kidney Fund,"AMERICAN KIDNEY FUND, INC.",≤100
1752317058165359,Bibles For Free,Alan Mitchel Summerhill,≤100
1560105467624797,Generation180,Generation180,≤100
180230069923,American Life League,American Life League,≤100
106425730874644,Ruby Powell-Dennis for Tennessee,Citizens For Ruby Powell-Dennis,≤100
1145019702185006,Alliance for Safety and Justice,Alliance for Safety and Justice,≤100
212824105404256,Cook Inletkeeper,COOK INLETKEEPER,≤100
153309775026,SnapStream,SnapStream Media,≤100
101041998305221,The Proud Republicans,Great American Era LLC,≤100
832107710207069,Pam Keith FL,Committee to Elect Pam Keith,≤100
336440323158789,Jack Burkman Radio,Jack Burkman Radio,≤100
300992409852,Hoover Institution,Hoover Institution,≤100
101784627978365,David Pickett for City Council,David Henry Pickett,≤100
102315041409283,Horses in our Hands,In our Hands Action Fund,≤100
2223151871134889,Trump45Merch,Thomas Charles Granack,≤100
47710973068,Cooperative Action Network,National Rural Electric Cooperatives Association,≤100
147523538641547,Capitol Ministries,CAPITOL MINISTRIES,≤100
2133734536646325,United Conservatives for Florida,United Conservatives for Florida,≤100
148742108560,Generation Joshua,Generation Joshua,≤100
125319303823,Champlain College,Champlain College Incorporated,≤100
108906707265489,USA Pooch,"PRESIDENTIAL POOCH, INC",≤100
1518297238457643,Jeremiah Johnson Ministries,Jeremiah Johnson Ministries,≤100
32802178807,Homes For Our Troops,Homes For Our Troops,≤100
101496097937712,H&F,Holliday And Friends,≤100
103617578071596,Anti-Racism Campaign,Anti-Racism Campaign,≤100
312657362217994,Women's Heart Alliance,Women's Heart Alliance,≤100
109692427435332,Original Nathan's Franks,These ads ran without a disclaimer,≤100
273023971533,Dennis Bonnen,Dennis Bonnen Campaign,≤100
103373224404755,Impact Slates,COLLECTIVE IMPACT PAC,≤100
113644103666790,America First,TruthLion,≤100
17475614410,Hispanic Federation,Paid for by Hispanic Federation with Facebook Ad Credits,≤100
399060493533519,The Justice Foundation,JUSTICE FOUNDATION,≤100
110089227413037,The Prepared Patriot,Edward Ha,≤100
102673738084465,Illuxus,Illuxus,≤100
1458031494244160,VoteOurVoice,"VoteOurVoice, Inc.",≤100
405355946226766,Todd Young,"FRIENDS OF TODD YOUNG, INC.",≤100
614134231980299,Veterans Empowered To Protect African Wildlife,VETPAW INC,≤100
2477925168899669,The Renew Democracy Initiative,"The Renew Democracy Initiative, Inc",≤100
103653994359958,Harvard Forward,The Boarding School,≤100
70090474914,American Farmland Trust,"AMERICAN FARMLAND TRUST, INC",≤100
102846434825096,Beat Abbott,Beat Abbott PAC,≤100
104679177804089,45 Changes Lives,PKA Karate Academy Inc,≤100
110274720431086,Phyllis Harvey-Hall for US House District 2,CAMPAIGN TO ELECT PHYLLIS HARVEY-HALL,≤100
211049239087028,Association of Young Americans,Benjamin J Brown,≤100
1719944924709939,Saving Jane,Saving Jane,≤100
123276481201934,Barry Loudermilk,LOUDERMILK FOR CONGRESS,≤100
16534314739,Facing History and Ourselves,"FACING HISTORY AND OURSELVES NATIONAL FOUNDATION, INC.",≤100
102180301437619,2020 American Defense Fund,C3 PAC,≤100
103799351356602,Madeintrumpusa,Made In Trump USA LLC,≤100
113999160366182,Blue Wave HQ,BlueWaveHQ,≤100
638492549896672,Liberal Humans,Liberal Humans,≤100
2040270322863853,Tina Smith,TINA SMITH FOR MINNESOTA,≤100
911829795826330,Mark Penn Polls,AIRSNEXT Media,≤100
581283918990088,Five Military Wear,Jeremiah Harvey,≤100
106140571085743,Natalia For Congress,NATALIA LINOS FOR CONGRESS,≤100
142992759853421,Be A Hero,BE A HERO PAC,≤100
746938465317981,Nuclear Matters,Nuclear Matters,≤100
458142697588014,AARP Public Policy Institute,AARP,≤100
1640970822834351,Plaine Products,Plaine Products,≤100
870263019706481,Rick Kozell,"Rick Kozell, Republican, for State Representative District 82",≤100
570331853141386,Friends of Traditional Banking,FRIENDS OF TRADITIONAL BANKING INC,≤100
582293558518300,Abby Broyles,ABBY BROYLES FOR US SENATE,≤100
5887538795,Education Week,Education Week,≤100
100559204891447,Friends of Dr. James St. George,Friends of James St. George,≤100
108296990863730,Hero Action Fund,Hero Action Fund,≤100
362070734130110,Give Trump A Chance,David Slossberg,≤100
235302383820181,Laura Wright for Office,Committee To Elect Laura Wright For Office Campaign,≤100
16746288173,Population Services International,POPULATION SERVICES INTERNATIONAL,≤100
105953890782784,The Factual,The Factual,≤100
114209360263932,On Point with Rachel Tourgeman,Rachel Tourgeman,≤100
108282864070156,1776 Unites,Woodson Center,≤100
602828763544800,Kate For Congress,KATE FOR CONGRESS,≤100
799539910084929,Shaun King,"Premiere Marketing, Inc.",≤100
92111751018,"Paul Winkler, Inc.","PAUL WINKLER, INC",≤100
13885075114,Action Against Hunger USA,ACTION AGAINST HUNGER - USA,≤100
408252582872693,Daniella Levine Cava,"Daniella Levine Cava, Non-Partisan, for Miami-Dade County Mayor",≤100
452797224923658,Democratic Coalition Against Trump,THE DEMOCRATIC COALITION,≤100
104881317722736,Get-It-Out,Matthew Justin Viles,≤100
107780810930681,Citizen Action,"Citizen Action, Inc.",≤100
122773549121265,President Trump for Nobel Peace Prize 2020,Tarek None Kteleh,≤100
203330919857759,All On The Line,National Redistricting Action Fund,≤100
588762121302996,Black Superwoman Chronicles,Delisha Denise Sylvester,≤100
83960796709,Institute for Southern Studies,INSTITUTE FOR SOUTHERN STUDIES INC,≤100
106203264511020,Washington Changed Katko,DCCC,≤100
100729641303493,ICount NM,I Count New Mexico,≤100
195704103779569,Savage Outdoors & The One,Amanda Harris Lee,≤100
111495005590988,Pattern,Pattern Energy,≤100
102970113093477,Church Militant/St. Michael’s Media,Max Aldcander Douglas,≤100
192738164073627,A Better Balance,A BETTER BALANCE,≤100
194204731012691,Cloud Accounting Podcast,Cloud Accounting Podcast,≤100
343175436328856,CA Needs Energy Storage,California Alliance for Renewable Energy Solutions,≤100
291260461373618,News and News,News and News,≤100
255587152180,Shavitz Law Group,Paul James Herrmann,≤100
100821338289859,Republicans For Integrity,Republicans For Integrity,≤100
1914537155242810,Life: Powered,Texas Public Policy Foundation,≤100
96710501132,Eurasia Group,"EURASIA GROUP, LTD.",≤100
262138411622,Faces of Lawsuit Abuse,US Chamber Institute for Legal Reform,≤100
1862511410671222,Dana Ferguson for US Congress,FRIENDS OF DANA FERGUSON,≤100
117214891638398,Street Grace,Street Grace Inc,≤100
1869687273277265,Run for Something,Run For Something PAC,≤100
150287715066080,"Thomas Jefferson Unitarian Church/Louisville, KY",Thomas Jefferson Unitarian Church,≤100
139593949518278,College Of The Open Bible,Arthur Roland Belanger,≤100
105157841248307,No Filter Politics,No Filter Politics,≤100
103929304678916,Voter Action Project,Integrity First Voter Action Project,≤100
111648480319494,800DEMOCRAT,800DEMOCRAT,≤100
97466887664,Innocence Project,"INNOCENCE PROJECT, INC., THE",≤100
357484764271265,Dustin Stockton,Dustin Alan Stockton,≤100
102908978166114,Liberty Leadership Fund,Liberty Leadership Fund,≤100