﻿Page ID,Page Name,Disclaimer,Amount Spent (USD)
153080620724,Donald J. Trump,TRUMP MAKE AMERICA GREAT AGAIN COMMITTEE,7346
108824017345866,Facebook,"Facebook, Inc.",2359
1771156219840594,Team Trump,TRUMP MAKE AMERICA GREAT AGAIN COMMITTEE,1642
139599847972,National Nurses United,National Nurses United,1590
6726182861,Mike Pence,TRUMP MAKE AMERICA GREAT AGAIN COMMITTEE,1156
202626512363,U.S. Census Bureau,U.S. Census Bureau,870
925007000949719,ExxonMobil,Exxon Mobil Corporation,853
100866168200122,Utah Coronavirus Task Force,Utah Coronavirus Task Force,734
7860876103,Joe Biden,BIDEN VICTORY FUND,608
186975451322263,Salt Lake County Government,Salt Lake County,480
101691091213750,The Empowerment Alliance,The Empowerment Alliance,393
127225910653607,PragerU,PragerU,337
277005566267077,Blueland,Blueland,296
156968474833352,Stop Republicans,Stop Republicans,293
24330467048,Americans for Prosperity,AMERICANS FOR PROSPERITY,267
20787991568,Senate Democrats,DSCC,239
80562389320,NARAL Pro-Choice America,NARAL Pro-Choice America,230
9324910069,NRSC,NRSC,229
1615018905412860,Progressive Turnout Project,PROGRESSIVE TURNOUT PROJECT,227
791543660926838,"I'll go ahead and keep my guns, Thanks",2A4LIFE LLC,222
1449461518652183,4Patriots,4Patriots LLC,221
127755494595870,Progressive Takeover,PROGRESSIVE TAKEOVER,196
2267285956849056,Donald Trump 2020 Fans,I Love My Freedom,191
329720430474373,Rep. Ben McAdams,Rep. Ben McAdams,190
373814729643508,Let America Vote,Let America Vote PAC and National Democratic Redistricting Committee,186
62651611463,Utah Health Policy Project,UTAH HEALTH POLICY PROJECT,172
2352630938293825,Mytacticalpromos,Entremax,164
165987503528599,Lindsey Graham,"TEAM GRAHAM, INC.",163
17023576156,The Leadership Conference on Civil and Human Rights,The Leadership Conference on Civil and Human Rights,162
345504286342057,Keeping America Great Again,RightWingGear.com,157
176789922364429,Steve Daines,STEVE DAINES FOR MONTANA,144
2078647579047586,Project Pulso,Project Pulso,139
665345483483486,NRA - National Rifle Association of America,NATIONAL RIFLE ASSN OF AMERICA,137
96935476345,Democratic Governors Association (DGA),Democratic Governors Association,136
153080620724,Donald J. Trump,"DONALD J. TRUMP FOR PRESIDENT, INC.",130
347978955534783,Solcius,Solcius,123
305643856459460,Burgess Owens,Burgess 4 Utah,107
45555240203,America First Credit Union,America First Credit Union,≤100
342294162453301,Planned Parenthood,Planned Parenthood Federation of America,≤100
8047221596,Save the Children US,"SAVE THE CHILDREN FEDERATION, INC.",≤100
1556932204325823,ProgressPop,ProgressPop,≤100
168051710543266,Lacy Johnson,Lacy Johnson for Congress,≤100
342863659695191,Telemundo Utah Directo Al Consumidor,Thomas Roberto Talbot,≤100
92925746942,Judicial Watch,Judicial Watch,≤100
107858693983382,The GOP Shop,The GOP Shop,≤100
1316372698453411,Alexandria Ocasio-Cortez,Alexandria Ocasio-Cortez for Congress,≤100
8934429638,Planned Parenthood Action,Planned Parenthood Action Fund,≤100
602714436529710,End Citizens United,END CITIZENS UNITED,≤100
802271849850801,Freedom for All Americans,Freedom for All Americans,≤100
107398241021186,The John Lewis Bridge Project,John Lewis Bridge Project,≤100
111393882812494,Amy McGrath,"AMY MCGRATH FOR SENATE, INC.",≤100
158791100909689,Concerned Veterans for America,Concerned Veterans for America,≤100
38235851310,USA for UNHCR,UNITED STATES ASSOCIATION FOR UNHCR,≤100
101279451606075,Democratic Strategy Institute,Democratic Strategy Institute,≤100
33110852384,Doctors Without Borders/ Médecins Sans Frontières (MSF),Doctors Without Borders/Médecins Sans Frontières (MSF),≤100
278490715553293,Martha McSally,MCSALLY FOR SENATE INC,≤100
7814597100,Jim Jordan for Congress,JIM JORDAN FOR CONGRESS,≤100
6041057841,The Humane Society of the United States,"HUMANE SOCIETY OF THE UNITED STATES, THE",≤100
105829564471772,Patriots Stand Together,Trizzie Truong,≤100
85452072376,Newsmax,Newsmax Media,≤100
259130650776119,Mitch McConnell,MCCONNELL SENATE COMMITTEE,≤100
313097997669,StreetLightUSA,StreetLightUSA,≤100
163148530407080,Captain Mark Kelly,MARK KELLY FOR SENATE,≤100
328853823844484,Balance of Power,Balance of Power,≤100
102671331487937,I Love My Freedom Store,I Love My Freedom,≤100
105577974544303,The USA Needs More Patriots,AmeriPolling,≤100
200224630053159,Ben McAdams,FRIENDS OF BEN MCADAMS,≤100
1194865807192273,Conservative Gear,Outergoods LLC,≤100
302182941354,AARP Advocates,AARP,≤100
1227624340687831,United Utah Party,UNITED UTAH PARTY CANDIDATE COMMITTEE,≤100
103654464668995,Home With Our Family,Alexander Chung,≤100
107703210834494,Chris Peterson for Utah Governor,Peterson for Utah,≤100
583715925012376,Mayor Trent Staggs,Staggs for Mayor,≤100
18982436812,ACLU,American Civil Liberties Union,≤100
259212814698356,Democratic Majority for Israel,Democratic Majority for Israel,≤100
105084617912738,PatriotQuizzes,patriotquizzes.com,≤100
130434487619538,Shireen Ghorbani,Shireen Ghorbani for Salt Lake County Council At-Large,≤100
132492254050920,American AF,AAF Nation,≤100
100998680339,Utah Education Association,Utah Education Association,≤100
96935476345,Democratic Governors Association (DGA),DEMOCRATIC ACTION,≤100
455752241149223,Dolcefino Consulting,Dolcefino Consulting,≤100
113978176821776,"Catherine Voutaz, 2020",Catherine Voutaz for Office,≤100
213792049451918,Stand For America,Stand For America Inc,≤100
1061240530648502,Joe Collins,JOE COLLINS FOR CONGRESS,≤100
355316521236121,John Cornyn,TEXANS FOR SENATOR JOHN CORNYN INC.,≤100
1109093812491437,Blaze Media,Blaze Media LLC,≤100
67945990059,The American Petroleum Institute,The American Petroleum Institute,≤100
294196590710262,FWD.us,FWD.us,≤100
830121337093232,National Democratic Training Committee,NATIONAL DEMOCRATIC TRAINING COMMITTEE PAC,≤100
1883837055193241,Shield Republic,Shield Republic,≤100
101831448128006,Greg Skordas,Greg Skordas for AG,≤100
167586229923327,World Food Program USA,World Food Program USA,≤100
560140464159364,Stand for the 2nd Amendment,SFT2 Tactical Supply,≤100
1025055787535714,A Case for Women,A Case for Women,≤100
100137754724934,Trump 2020 Supporters,Proud Right Winger,≤100
1133281230074301,Better Days 2020,These ads ran without a disclaimer,≤100
109677057145919,Hot Issue,Astonishean Miracle Bundage,≤100
530604487365010,Old Glory Flagpole Kits,Service First,≤100
23875187730,Feeding America,Feeding America,≤100
106244251043808,Reuse Plastics,"AMERICAN CHEMISTRY COUNCIL, INC.",≤100
2353537341582545,Proud Patriots,Proud Patriots,≤100
108794587327155,Good Programs 2020,Trevor Dale Seaks,≤100
5435784683,Greenpeace USA,"GREENPEACE, INC.",≤100
57259033959,AARP,AARP,≤100
18813753280,Human Rights Campaign,"HUMAN RIGHTS CAMPAIGN, INC.",≤100
461204744067686,Family Protection Association,Family Protection Association,≤100
327837911149503,2A4Life,2A4LIFE LLC,≤100
481559282597914,TrumpersUnite,Respect The Look,≤100
834645469890446,Devin Nunes,DEVIN NUNES CAMPAIGN COMMITTEE,≤100
1133281230074301,Better Days 2020,Better Days 2020,≤100
332716170522025,America First Action,America First Action,≤100
109111900634787,Reverend Raphael Warnock,WARNOCK FOR GEORGIA,≤100
328072970642479,Jaime Harrison,JAIME HARRISON FOR US SENATE,≤100
114710126648118,Republican Dogs,Republican Dogs,≤100
1228396643984955,Michelle Steel,Michelle Steel for Congress,≤100
245284549333866,ASMDSS,ASMDSS,≤100
2330577043935831,Sara Gideon,SARA GIDEON FOR MAINE,≤100
104745474214057,HRA - OTC Birth Control,Corey Francis Mc Govern,≤100
359477377917,American Federation for Children,American Federation for Children,≤100
215968684159,AFT - American Federation of Teachers,American Federation of Teachers,≤100
25852730092,Care2,Care2 Inc,≤100
6204742571,Sierra Club,SIERRA CLUB,≤100
296708523873754,Karla Dennis and Associates Inc.,"Karla Dennis & Associates, Inc",≤100
113666459994300,Big Dan Rodimer for Congress,RODIMER FOR CONGRESS,≤100
8325302025,Friends of the Earth U.S.,Friends of the Earth,≤100
15687409793,World Wildlife Fund,World Wildlife Fund,≤100
7292655492,MoveOn,MOVEON.ORG POLITICAL ACTION,≤100
583715925012376,Mayor Trent Staggs,Staggs For Mayor,≤100
429812024048177,Doug Jones for Senate,DOUG JONES FOR SENATE COMMITTEE,≤100
108118933908193,Next Level Goods,Next Level Goods LLC,≤100
21375324480,The Heritage Foundation,HERITAGE FOUNDATION (THE),≤100
309798029121030,Everytown for Gun Safety,Everytown for Gun Safety Action Fund Inc,≤100
101690998009007,Improving Life Through Health,Nicolette Dalan,≤100
342887442508723,Convention of States,Convention of States Action,≤100
17911165812,Covenant House International,Covenant House,≤100
115379705206001,U.S. Department of Homeland Security Blue Campaign,DHS Blue Campaign,≤100
42872222699,Dana Loesch,Dana Loesch Radio,≤100
466215340133535,Utah Clean Air Partnership - UCAIR,UCAIR,≤100
112694470356789,Trumpcare For America,Stuart Joseph Millar,≤100
46093654473,National Republican Congressional Committee,NRCC,≤100
107654924064350,Pat Timmons-Goodson,PATRICIA TIMMONS-GOODSON FOR CONGRESS,≤100
717115395103069,PrintedKicks,Printed Kicks,≤100
373814729643508,Let America Vote,LET AMERICA VOTE PAC,≤100
433919203362871,Bird + Stone,BIRD & STONE INC,≤100
195530355493,Chicks On The Right,Chicks on the Right,≤100
112014070534875,Keith Huber Real Estate Agent,Keith Huber Realtor,≤100
16477459734,League of Conservation Voters,"LEAGUE OF CONSERVATION VOTERS, INC",≤100
25055115099,Intuit,INTUIT INC.,≤100
107758757670203,BLM Direct,BLM Store LLC,≤100
305832706292882,American Gun Association,GunAssociation.org,≤100
45393753416,Alliance Defending Freedom,Alliance Defending Freedom,≤100
309308412520731,Sandy Hook Promise,Sandy Hook Promise,≤100
105732744375701,Steve Bullock,MONTANANS FOR BULLOCK,≤100
102208351425317,Vote for Deborah - SLCo District 2,Deborah Gatrell County Council Candidate,≤100
106645684412573,Cover Air Medical,Cover Air Medical,≤100
105566671190013,What We All Need,Patrick Le Tran,≤100
118502801658228,Young Kim,Young Kim for Congress,≤100
100256754899828,Patriot's Cave,Patriots Cave,≤100
103597604713894,Team Trump Store,TRUMP MAKE AMERICA GREAT AGAIN COMMITTEE,≤100
126694924050678,Xavier Becerra,Becerra for Attorney General 2022,≤100
586751814690068,Joni Ernst,Joni for Iowa,≤100
105455840860559,Eagle Realm,Eagle Realm,≤100
7976226799,The Daily Show,Comedy Central,≤100
169710960125365,Curzio Research,Curzio Research Inc.,≤100
1374134752633656,New Health Plans,Shop Insurance Plans,≤100
209516845093,NRDC Action Fund,NRDC Action Fund,≤100
110987110398146,Make Liberty Win PAC,MAKE LIBERTY WIN,≤100
72186095846,Center For American Progress Action Fund,Center for American Progress Action Fund,≤100
27311599342,Preemptive Love,Preemptive Love Coalition,≤100
1836138529938551,Greater Half,Greater Half,≤100
151525932186806,When Democrats Turn Out,WHEN DEMOCRATS TURN OUT PAC,≤100
19342050934,Leadership Institute,LEADERSHIP INSTITUTE INC,≤100
598924810530984,Keeping America Great,FamTeeWorld,≤100
104934207736995,Paycheck to Paycheck,Center for American Progress Action Fund,≤100
101324451668413,Hot US Gears,Click Wonders,≤100
35169196082,Project HOPE,"PROJECT HOPE-THE PEOPLE-TO-PEOPLE HEALTH FOUNDATION, INC.",≤100
977704775606273,Balls Deep Tackle,Balls Deep Tackle,≤100
8550121410,Free Speech America Project,MEDIA RESEARCH CENTER,≤100
530604487365010,Old Glory Flagpole Kits,Service First Flag Poles,≤100
745910525468062,National Center on Sexual Exploitation,National Center on Sexual Exploitation,≤100
1945649795733674,Big Daddi Dro,These ads ran without a disclaimer,≤100
15188122178,The Hamilton Collection,The Hamilton Collection,≤100
181183059253295,Dorsal Bracelets,Dorsal Bracelets,≤100
101210588150219,Boy Scouts Abuse Claims,X Social Media LLC,≤100
894096170667732,Ashley Hinson,Ashley Hinson For Congress,≤100
105060677844787,Bill Savings,Bill Savings,≤100
303061950155375,John James,"JOHN JAMES FOR SENATE, INC.",≤100
946887545335976,Association of American Universities,The Association of American Universities (AAU),≤100
746938465317981,Nuclear Matters,Nuclear Matters,≤100
265268336865693,Do Amore,Do Amore Limited Company,≤100
106224464107240,Jo Jorgensen,Jo Jorgensen for President,≤100
2225580284361712,Tommy Tuberville,"TUBERVILLE FOR SENATE, INC.",≤100
100637888239523,Free Reign For All,Kin Ngai Yeung,≤100
103531607822207,Noticias para Inmigrantes,"Wise Rock Media, PBC",≤100
1540549669581410,Voices for Affordable Health,Voices for Affordable Health,≤100
1690071827911682,Cleancult,cleancult,≤100
111428049989,Cal Cunningham,CAL FOR NC,≤100
1799282383731277,TwoSeventy,Alexander Jared Deutsch,≤100
376250065793807,Citizens for Responsible Energy Solutions,Citizens for Responsible Energy Solutions,≤100
159964696102,Kevin McCarthy,KEVIN MCCARTHY FOR CONGRESS,≤100
8321461609,MomsRising.org,MomsRising Together,≤100
105060269781,Premiere Collectibles,"Premiere Marketing, Inc.",≤100
203550842430,Mike Lee,FRIENDS OF MIKE LEE INC,≤100
260933440643373,UltraViolet,UltraViolet Action,≤100
110974960642149,Proudly American,Grant Alan Johnston,≤100
337744583030802,Clare Collard,Committee to Elect Clare Collard,≤100
228754857151053,House Majority PAC,House Majority PAC,≤100
113702026736466,National Parks Action Fund,National Parks Action Fund,≤100
110177119192569,Knightscope,William Li,≤100
109092142462587,Adam Schiff,SCHIFF FOR CONGRESS,≤100
142370046577999,Shahid Buttar for Congress,Shahid Buttar for Congress Committee,≤100
193618220508,LIFE Today,LIFE Outreach International,≤100
58736997707,Marco Rubio,Marco Rubio for Senate,≤100
1526736227567131,TrueCoverage,True Coverage,≤100
124106431537661,Vincent Campo State Farm Agent,Vincent Campo State Farm Insurance,≤100
112431050497386,Patriotism For Life,Vivian Lam Nguyen,≤100
737686089933715,Conservative Collections,Mainline Media Group,≤100
1010143499143169,Medicare Savings,"Mayo Labs, LLC",≤100
6231686654,Compassion International,"COMPASSION INTERNATIONAL, INCORPORATED",≤100
2081864865362439,Mike Espy,MIKE ESPY FOR SENATE CAMPAIGN COMMITTEE,≤100
101436366655911,Bank of Utah,Bank of Utah,≤100
192015461630968,Supporting Our Brave Veterans,James Brian Plouf,≤100
69983322463,Ted Cruz,TED CRUZ FOR SENATE,≤100
8532248414,Wounded Warrior Project,"WOUNDED WARRIOR PROJECT, INC.",≤100
169130743498585,Tactical Pro Supply,Chad Keller,≤100
38471053686,Elizabeth Warren,"WARREN DEMOCRATS, INC.",≤100
105456291242733,Cooper Hefner For California,Cooper Hefner For California 2022 Exploratory Campaign,≤100
257019421075897,Cory Gardner,Cory Gardner for Senate,≤100
130467958471,Jason Lewis,Jason Lewis for Senate,≤100
101940074774164,Vote Cheryl Butler,Committee to Elect Cheryl Butler,≤100
51379424899,Mercy Ships,MERCY SHIPS INTERNATIONAL,≤100
596556607135301,The Earthling Co.,The Earthling Co.,≤100
2309566456030859,Human Coalition Action,Human Coalition Action,≤100
911828698840246,ReLEntless Defender Apparel,ReLEntless Defender Apparel,≤100
322050094509233,Devin Thorpe for Congress,Friends of Devin Thorpe,≤100
605168822998856,314 Action,314 ACTION FUND,≤100
178835922297833,American Clinical Laboratory Association,American Clinical Laboratory Association,≤100
87186661244,Johns Hopkins Bloomberg School of Public Health,Johns Hopkins Bloomberg School of Public Health,≤100
163302087408673,Stop The Donald,Stop the Donald,≤100
11791104453,NRDC,Natural Resources Defense Council,≤100
101459098271864,Vets United,Korie Lynn Padgett,≤100
129255907131113,NumbersUSA,NUMBERSUSA EDUCATION AND RESEARCH FOUNDATION,≤100
110018833813683,Flip the Senate,SMP,≤100
18709174006,National Audubon Society,"NATIONAL AUDUBON SOCIETY, INC.",≤100
219224241438635,Compassion & Choices,COMPASSION & CHOICES,≤100
21559454473,FAIR,FEDERATION FOR AMERICAN IMMIGRATION REFORM,≤100
83290028957,Care Net,CARE NET,≤100
72931140459,Center for Biological Diversity,"CENTER FOR BIOLOGICAL DIVERSITY, INC.",≤100
101591551371555,Fire Mitch. Save America.,SAVE AMERICA FUND,≤100
376776419037747,Turning Point USA,Turning Point USA,≤100
296295018082,AARP en Español,AARP,≤100
496696933682736,Jeff Merkley,JEFF MERKLEY FOR OREGON,≤100
5720973755,Defenders of Wildlife,DEFENDERS OF WILDLIFE,≤100
794490553914304,Dr. Nina Ansary,"Revela Press, LLC",≤100
206677396413254,Abortion On Our Own Terms,Abortion On Our Own Terms,≤100
15239367801,The Wilderness Society,"WILDERNESS SOCIETY, THE",≤100
49651563727,Live Action,Live Action,≤100
601108943431836,The Flip Side,TFS Inc,≤100
100757504960070,Concealed_Country,Concealed Country,≤100
1562713090633117,Operation Underground Railroad,"Operation Underground Railroad, Inc.",≤100
109360297266116,Fearless Patriot,TERESA NONE OHARA-MARSH,≤100
107589664099282,Stand Up To China,"Stand Up To China, Inc.",≤100
102875587947942,Keep Trump In Office,Keep Trump In Office,≤100
396451937049939,Sandy City,Sandy City,≤100
109788797242679,The Patriot Circle,Kin Ngai Yeung,≤100
454646555112511,David Hunt - Utah House of Representatives Candidate,Committee to Elect David Hunt,≤100
6236054211,Brady,Brady Campaign to Prevent Gun Violence,≤100
420785874975425,Conservative Institute,The Conservative Institute,≤100
103144548151014,Adrian Perkins,Perkins for LA,≤100
134452023239984,Human Coalition,Human Coalition,≤100
405469100189512,Still My President - Donald Trump,Red State Politics LLC,≤100
1467725903304588,EZ Insure,Benepath,≤100
101165966152,AFL-CIO,AFL-CIO,≤100
6333396177,NewsBusters.org,MEDIA RESEARCH CENTER,≤100
107953199261156,ifaw,"INTERNATIONAL FUND FOR ANIMAL WELFARE, INC.",≤100
176466646087311,DC Fawcett,Donald Chappell Fawcett,≤100
198741046833409,Utah Policy,Utah Policy,≤100
934438026690635,YouGov,YOUGOV AMERICA INC.,≤100
407664862957433,Ammar Campa-Najjar for Congress,AMMAR CAMPA-NAJJAR FOR CONGRESS,≤100
109379100777665,Patriotism Isn't Dead,Patriot Polling,≤100
360424321432255,Doha Debates,Doha Debates,≤100
166618413413767,Jay Sekulow,American Center for Law and Justice,≤100
149081336362,AmeriCorps VISTA,Corporation for National and Community Service,≤100
2037695643113766,Blexit,Blexit Foundation,≤100
107502780967858,Brent Gordon for Jordan School District Board of Education,Brent Gordon,≤100
720943967965149,AFSCME Retirees,AMERICAN FEDERATION OF STATE COUNTY & MUNICIPAL EMPLOYEES,≤100
971668776283950,PolicyEd,Hoover Institution,≤100
593289284500311,Trump Rack,BOXD Marketing,≤100
133913826633461,Grassroot Institute of Hawaii,Grassroot Institute of Hawaii,≤100
465483726908192,iVote,IVote Civic Education Fund,≤100
8501031021,VoteVets.org,VOTEVETS,≤100
775525186130124,Center for a Free Economy,Center for a Free Economy,≤100
20876805343,March of Dimes,MARCH OF DIMES INC.,≤100
592707041080920,Stand Together,Stand Together Chamber of Commerce Inc.,≤100
2185993931653388,The Recount,"Recount Media, Inc",≤100
102529568210127,Josh Bowden 4 Congress,Josh Bowden for Congress,≤100
107210084216238,Humanity Forward,Humanity Forward,≤100
629732217415068,Republican Party,Greater Half,≤100
27544763621,Prison Fellowship,Prison Fellowship,≤100
245741028804051,Barbara Sinatra Center,Barbara Sinatra Children's Center,≤100
67626834312,National Women's Law Center,National Women's Law Center,≤100
675471506247724,Adair for Congress,ADAIR FOR CONGRESS,≤100
21834534343,Volunteers of America,"VOLUNTEERS OF AMERICA, INC.",≤100
107150077720746,American Collectibles,Proud Patriots,≤100
102617961152741,Barbara Bollier,BOLLIER FOR KANSAS,≤100
115757826468774,Statsigo,Statsigo,≤100
936078336413158,Radiate,"Radiate The World, Inc",≤100
111772843789224,HURD PAC,HAVING UNWAVERING RESOLVE AND DETERMINATION PAC,≤100
1653885501501009,Propeller,Propeller Enterprises,≤100
73970658023,International Rescue Committee,International Rescue Committee,≤100
317284821682168,Messianic Jewish Alliance of America (MJAA),Messianic Jewish Alliance of America,≤100
97493741436,John W. Hickenlooper,HICKENLOOPER FOR COLORADO,≤100
157810487611661,Freethink,Freethink,≤100
655065784538368,PredictIt,"PredictIt - Prediction Markets. A project of Victoria University of Wellington, PredictIt has been established to facilitate research into the way markets forecast events.",≤100
7263476274,Mercy Corps,Mercy Corps,≤100
223008867858902,American Action News,American Action News,≤100
104835337545349,Lynette Wendel for Utah House District 39,Elect Lynette Wendel,≤100
408250066356,Bill O'Reilly,"Bill Me, Inc.",≤100
248181906078243,National Institute for Civil Discourse,CommonSense American,≤100
1055873511190792,Hello Resistance,Hello Resistance Apparel,≤100
102592959026,Ocean Conservancy,"OCEAN CONSERVANCY, INC.",≤100
50982313030,Food & Water Watch,Food & Water Watch,≤100
348839551906904,Democracy in Color,POWERPAC DOT ORG,≤100
7219151423,The Fund for American Studies (TFAS),The Fund for American Studies,≤100
788394134539871,USPS Business,United States Postal Service,≤100
518194348194441,RepresentUs,RepresentUs,≤100
30708742052,FCTRY,FCTRY,≤100
210277954204,The Young Turks,"The Young Turks, Inc.",≤100
306082439558656,KRAUSE & KINSMAN LAW FIRM,Krause & Kinsman Law Firm,≤100
143729616392084,Van Drew for Congress,Van Drew for Congress,≤100
57921319808,Michelob ULTRA,SocialCode,≤100
780941275347834,Ilhan Omar,ILHAN FOR CONGRESS,≤100
103185334702225,Stop Trump PAC,STOP 45 PAC,≤100
293225127381200,Patriot Depot,The Patriot Depot,≤100
53541257714,The Arc of the United States,The Arc with Facebook Ad Credits,≤100
100233228182981,Madison Cawthorn for Congress,CAWTHORN FOR NC,≤100
419992651425033,Guardianes del Pueblo-Consumer Law Group,Consumer Law Group,≤100
135298176481584,Marine Corps Scholarship Foundation,Marine Corps Scholarship Foundation,≤100
281844617168,Jewish Voice Ministries International,JEWISH VOICE MINISTRIES INTERNATIONAL,≤100
396932197039819,SafeSleeve,"SafeSleeve, LLC",≤100
103644036958,United Association,United Association Political Education Committee,≤100
514167322309353,Dan Crenshaw,Dan Crenshaw for Congress,≤100
101136147910784,Represent Justice,Represent Justice,≤100
134597023235240,Rashida Tlaib,RASHIDA TLAIB FOR CONGRESS,≤100
111529683946610,Jazz Fans Against Racism,Blair Dee Hodges,≤100
100798594958887,inseparable,Inseparable Action Inc,≤100
169597416843751,Stand Up America,Stand Up America,≤100
419237048158257,Susan Collins,COLLINS FOR SENATOR,≤100
104504438466,Federal Voting Assistance Program - FVAP,Federal Voting Assistance Program,≤100
118303441570966,Home Ownership Matters,NATIONAL ASSOCIATION OF REALTORS,≤100
384557995468219,Viral Casez,Viral Casez,≤100
103801844298982,Team Collins,COLLINS FOR SENATOR,≤100
1551109418518461,The Honest Patriot,Amundson Media LLC,≤100
1389807071117013,Lynn Afendoulis,Lynn Afendoulis for Congress,≤100
253791814655400,Doug Collins,"COLLINS FOR SENATE, INC.",≤100
186932688457686,CHNGE,CHNGE,≤100
342294162453301,Planned Parenthood,These ads ran without a disclaimer,≤100
1918126891550421,Rep. John Curtis,Congressman John Curtis,≤100
169277310432049,"Texas Precision Optics, Inc.",Texas Precision Optics Inc,≤100
15240089946,Costco,Costco Wholesale,≤100
113676922032321,Larry Elder,Salem Media,≤100
121626482110,Operation Smile,"OPERATION SMILE, INC.",≤100
106949844346620,Trumpian Republicans,Gregory Lawrence Burright,≤100
104051398040027,CCW Online Now_,Concealed Country,≤100
152264148166020,Moms Clean Air Force,Moms Clean Air Force,≤100
181924628560212,SumOfUs,SumOfUs,≤100
166166843531258,National Council of Resistance of Iran - شورای ملی مقاومت ایران,MEK-Iran (Saeid Saadati),≤100
503216076528757,Breaking Through,Crimson Steep Solano,≤100
111654690603599,NUIRC,Nonprofit Unemployment Insurance Relief Coalition (NUIRC),≤100
420424547981908,In Search of Liberty,Scott Dennis Welch,≤100
113891694102,Energy Citizens,AMERICAN PETROLEUM INSTITUTE,≤100
1438808983108348,BOLD PAC,CHC BOLD PAC,≤100
34521916336,Brent Bozell,MEDIA RESEARCH CENTER,≤100
108173075911611,National Association of Letter Carriers,National Association of Letter Carriers,≤100
1709145412721991,The Center for Growth and Opportunity at Utah State University,The Center for Growth and Opportunity,≤100
331037760381749,Sierra Magazine,SIERRA CLUB,≤100
1600352356914768,PushBlack,PushBlack,≤100
15041226930,Oxfam,"OXFAM AMERICA, INC.",≤100
153678684700451,American Investment Council,AMERICAN INVESTMENT COUNCIL,≤100
192771954102960,Jordan Sekulow,American Center for Law and Justice,≤100
112635417131908,Jackson Healthcare Heroes - SEIU 1991,Jackson Healthcare Heroes - SEIU 1991,≤100
115364585711,Lawyers' Committee for Civil Rights Under Law,Lawyers' Committee for Civil Rights Under the Law with Facebook Ad Credits,≤100
1338822066131069,Women's March,Women's March,≤100
96171427550,Raja for Congress,FRIENDS OF RAJA FOR CONGRESS,≤100
345378512258813,Elise Stefanik,ELISE FOR CONGRESS,≤100
106003594486756,Standing Up Together,Annie Wang,≤100
101139764811693,Family Love Faith,These ads ran without a disclaimer,≤100
5887538795,Education Week,Education Week,≤100
1234251319933440,Exclusive Apparel,The Dude's Threads,≤100
23790541544,Democrats,DCCC,≤100
166738743732702,All Above All Action,All Above All Action Fund,≤100
205395906412,UAW International Union,"INTERNATIONAL UNION, UNITED AUTOMOBILE, AEROSPACE AND AGRICULTURAL IMPLEMENT WORKERS OF AM",≤100
308159713150350,Voter Protection Project,VOTER PROTECTION PROJECT,≤100
148700451434,Paul Gosar for Congress,PAUL GOSAR FOR CONGRESS,≤100
7833534974,Florida Democratic Party,Florida Democratic Party,≤100
30914589895,The International Fellowship of Christians and Jews,"INTERNATIONAL FELLOWSHIP OF CHRISTIANS & JEWS, INC.",≤100
131352838109,Congressman Darrell Issa,DARRELL ISSA FOR CONGRESS,≤100
31966561030,National Taxpayers Union,National Taxpayers Union,≤100
131217580266597,National Council on Aging,"NATIONAL COUNCIL ON AGING, INC.",≤100
203330919857759,All On The Line,National Redistricting Action Fund,≤100
107937014153581,Energized Health,John Jubilee Transformation LLC DBA Energized Health,≤100
103315378108004,True Patriot Strength,LE-HUU DONG HUYNH,≤100
118269091671380,The Home T,The Home T,≤100
178024352559210,Great America PAC,GREAT AMERICA PAC,≤100
10150100007820094,Wendy Davis,WENDY DAVIS FOR CONGRESS,≤100
112735922758892,Charlie Kirk,Charlie Kirk,≤100
103737617898927,Alex McDonald the Thrifty Scot,Alexander Mars Mcdonald,≤100
44255328352,Farm Forward,Farm Forward,≤100
682990071843813,Center for the Study of Liberty,Center for the Study of Liberty,≤100
310003665764536,Representative Steve Eliason,Steven Allen Eliason,≤100
1530883997194411,United States Constitution,Flag and Cross,≤100
493811210669780,Creative Action Network,Creative Action Network,≤100
2012750189007245,Liquid Death Mountain Water,Liquid Death,≤100
628891490457484,Nancy Mace,Nancy Mace for Congress,≤100
172758932738142,PhRMA,PHARMACEUTICAL RESEARCH AND MANUFACTURERS OF AMERICA,≤100
7962229886,Environmental Working Group,ENVIRONMENTAL WORKING GROUP,≤100
102745147891580,Trump Coolers,Eric Clifford Juels,≤100
1945237355733646,Giving Brush,Giving Brush LLC,≤100
1917715138510680,Follow Your Legend,Legend Bracelet,≤100
176099072429809,Oceana in Florida,OCEANA,≤100
8145161702,Lambda Legal,"LAMBDA LEGAL DEFENSE & EDUCATION FUND, INC.",≤100
14440196673,Teamsters,INTERNATIONAL BROTHERHOOD OF TEAMSTERS,≤100
173837496125511,Conscious Step,Conscious Step,≤100
344690446467832,The Copper Courier,"Courier Newsroom, Inc.",≤100
249455845761285,Lindsey Must Go,LMG PAC,≤100
1336293769761923,Jon Ossoff,JON OSSOFF FOR SENATE,≤100
1447994318779650,AirMedCare Network,AIrMedCare Network,≤100
100120218307673,Kenzie Carter for Utah House District 74,Kenzie for HD74,≤100
259212814698356,Democratic Majority for Israel,DMFI PAC,≤100
115617711783870,Center for Union Facts,CENTER FOR UNION FACTS,≤100
277414242013,Joyce Elliott for Congress,JOYCE ELLIOTT FOR CONGRESS,≤100
717417908274761,Lady Freethinker,Lady Freethinker,≤100
105536127617594,The American Digest,The American Digest,≤100
5633824547,FreedomWorks,"FREEDOMWORKS, INC.",≤100
275908853303174,Pro-Israel America,Pro-Israel America United,≤100
197669827395385,Connected Commerce Council,Connected Commerce Council,≤100
111506250582498,Keeping Our Homes Safe,Steve San,≤100
114822686979118,Daily Saver,Smart Market Tips,≤100
117641114435,First Aid Beauty,First Aid Beauty,≤100
55549065733,Voto Latino,VOTO LATINO INC.,≤100
104667417857551,United Association LLC,United Association LLC,≤100
808450969246896,"Rebecca Walser, Tax Attorney, CFP",These ads ran without a disclaimer,≤100
187873189365,Urban Intellectuals,These ads ran without a disclaimer,≤100
29770886815,Marijuana Policy Project,Marijuana Policy Project,≤100
1452551204988299,GoReact,Speakworks Inc,≤100
101174331629641,Ring The Alarm,RingTheAlarm.US,≤100
1539034282981202,Virtual Strides,These ads ran without a disclaimer,≤100
814260155318929,The Fairness Project,The Fairness Project,≤100
110746996993983,The 'Gander Newsroom,"Courier Newsroom, Inc.",≤100
360303722260,Kathleen Williams,KATHLEEN WILLIAMS FOR MONTANA,≤100
90498769709,Edenpure,EdenPURE®,≤100
159597424207730,David Perdue,PERDUE FOR SENATE,≤100
1628679613829742,Josh Hicks,Josh Hicks for Congress,≤100
224684514243482,Tom Cotton,"COTTON FOR SENATE, INC.",≤100
2339203789732156,Kim Mangone for Congress,COMMITTEE TO ELECT KIM MANGONE FOR CONGRESS,≤100
2264090133834042,Invite Research,Precision Network,≤100
540707072979860,Brian Maryott,MARYOTT FOR CONGRESS,≤100
103235554648484,Elect Scientists,314 ACTION FUND,≤100
1370474066365196,F1RST WARRIOR,First Warrior,≤100
664200923596900,Sustain,Grove Collaborative,≤100
219247332354785,Phil Arballo for Congress,ARBALLO FOR CONGRESS,≤100
143089732792,Marsha Blackburn,Blackburn Tennessee Victory Fund,≤100
519590768083165,Abby Finkenauer for Congress,FINKENAUER FOR CONGRESS,≤100
124530924015,Hank Gilbert,HANK GILBERT FOR CONGRESS,≤100
101481584557260,Help Asheville Bears-HAB,Heather Christina Williams,≤100
109962170672116,Coalition for Affordable Dental Access,High View Strategies,≤100
1397799040234106,OpinionUP,OpinionUP LLC,≤100
243947752771440,TJ Cox for Congress,TJ COX FOR CONGRESS,≤100
747436915270894,Congressional Leadership Fund,CONGRESSIONAL LEADERSHIP FUND,≤100
1099478666810053,Meals For Pets,Meals for Pets,≤100
260754507296508,The Voter Participation Center,Voter Participation Center,≤100
1545826148838592,Trump 2020,Gregory Lawrence Burright,≤100
260254314444109,"Tasha Lowery, Draper City Council",Tasha Lowery,≤100
1679521432262834,Physicians Grassroots Network,American Medical Association,≤100
108296990863730,Hero Action Fund,Hero Action Fund,≤100
44340057816,Uncommon Goods,UncommonGoods,≤100
361960287311696,Better Medicare Alliance,"Better Medicare Alliance, Inc",≤100
394817334402124,2020 Trump Bill,Innovative Ecomm LLC,≤100
265045056894488,Mark Meckler,Convention of States Action,≤100
32582320449,CMMB,CATHOLIC MEDICAL MISSION BOARD INC,≤100
32975139631,If Americans Knew,If Americans Knew,≤100
2049170775107862,Resistance By Design,Resistance By Design,≤100
953113491536337,Black to the Future Action Fund,Black to the Future Action Fund,≤100
194115677277113,A21,A21 with Facebook Ad Credits,≤100
422202764649078,Rhode Island Department of Education - RIDE,Rhode Island Department of Education,≤100
8473889271,National Parks Conservation Association,National Parks Conservation Association,≤100
1640970822834351,Plaine Products,Plaine Products,≤100
282861997886,Majority Leader Steny Hoyer,House Majority Leader Steny Hoyer (MD05),≤100
103162411257510,Trumplican,USA Movements,≤100
721689044860696,OneBlinc,"BLINCLOANS, LLC",≤100
118670689926309,Debt Relief Secrets,Debt Relief Secrets,≤100
232201568659,Pacific Justice Institute,PACIFIC JUSTICE INSTITUTE,≤100
114386721939978,The Made in America Store,Made In America Store,≤100
100391581727524,Defeat By Tweet,DEFEAT BY TWEET,≤100
294508332028,Lakota People's Law Project,ROMERO INSTITUTE,≤100
466608670177692,Jonathan M. Tallman,Jonathan Tallman For State Representative,≤100
111237577031486,AquiPor Technologies,William Powers,≤100
333081284065216,Brynne Kennedy for Congress,BRYNNE KENNEDY FOR CONGRESS,≤100
13885075114,Action Against Hunger USA,ACTION AGAINST HUNGER - USA,≤100
197760674021143,Indivisible Guide,INDIVISIBLE ACTION,≤100
430964644347524,Campaign Ad-Cloud,Campaign Ad-Cloud,≤100
29008276590,The Salvation Army Greater New York Division,The Salvation Army,≤100
121033149320,American Indian College Fund,"AMERICAN INDIAN COLLEGE FUND, THE",≤100
1653251174924652,Fuzzu,Fuzzu,≤100
872842866161157,One Nation Design,One Nation Design,≤100
497081420632330,Dr. Hiral Tipirneni,HIRAL FOR CONGRESS,≤100
221401431386940,Pramila Jayapal,PRAMILA FOR CONGRESS,≤100
6756153498,Mike Bloomberg,Mike Bloomberg,≤100
1934191280189700,Health Care Voter,Health Care Voter,≤100
6713653788,Gary Peters,PETERS FOR MICHIGAN,≤100
128958937175029,Trivia Today,Benjamin Aaron Perlman,≤100
24481937944,Theodore Roosevelt Conservation Partnership,"THEODORE ROOSEVELT CONSERVATION PARTNERSHIP, INC",≤100
112600915451330,No Labels,No Labels,≤100
374848446414965,Pollking,Benjamin Aaron Perlman,≤100
130945114804,World Jewish Congress,WORLD JEWISH CONGRESS AMERICAN SECTION INC,≤100
2259323457517498,Abolish the Electoral College,ABOLISH THE ELECTORAL COLLEGE,≤100
104051398040027,CCW Online Now_,Amil Esmailpour,≤100
228132537208218,Tammy Duckworth,TAMMY FOR ILLINOIS,≤100
711909245654048,National Police Support Fund,National Police Support Fund,≤100
79125112926,Students for Life of America,"STUDENTS FOR LIFE OF AMERICA, INC.",≤100
683872625157265,Theresa Greenfield,THERESA GREENFIELD FOR IOWA,≤100
681626158940626,Mission Roll Call,Americas Warrior Partnership,≤100
109379393894282,Keep Texas Moving,TEXAS ASSOCIATION OF BUSINESS,≤100
106114264313679,Hunt The Vote,"Hunter Nation, Inc",≤100
443329669123990,USAFacts,USAFacts Institute,≤100
100543701730020,Against Hate at FSU,Against Hate at FSU,≤100
109678580574253,Politicool Clothing Co.,PolitiCoolClothing.com,≤100
13063797831,Ben Ray Luján,PEOPLE FOR BEN,≤100
896759427103774,Modern Medicaid Alliance,Modern Medicaid Alliance,≤100
615854911830541,Shore Buddies,Malte Niebelschetz,≤100
101459098271864,Vets United,Jae W Seo,≤100
123963360928,SiriusXM,SIRIUS XM RADIO INC.,≤100
103966331128460,Trump Train 2020 Campaign Tour,The Trump Train,≤100
175797376373,"WaterFurnace Geothermal Heating, Cooling & Hot Water","WATERFURNACE INTERNATIONAL, INC.",≤100
50711561090,Muslim Advocates,MUSLIM ADVOCATES,≤100
1079789672084038,SimonBooks,Simon & Schuster,≤100
1612726335627171,We the Internet TV,We the Internet TV,≤100
100119981671668,Blue Senate,BLUE SENATE PAC,≤100
101391906600,Live Action News,Live Action News,≤100
303167829786891,Ed Markey,THE MARKEY COMMITTEE,≤100
143986912311328,University of Vermont Continuing and Distance Education,University of Vermont,≤100
356482637745012,Stansberry Research,Stansberry Research,≤100
8321461609,MomsRising.org,MomsRising Education Fund,≤100
551158678560402,Epimonia,Epimonia LLC,≤100
135081079769,AFGE,American Federation of Government Employees,≤100
123624513983,The Western Journal,The Western Journal,≤100
1841824626073676,Candace Valenzuela for Congress,CANDACE FOR 24,≤100
300992409852,Hoover Institution,Hoover Institution,≤100
173470656019870,The Daily Yonder,Great Stories LLC,≤100
100123544800892,Disme Coin Company,Byron Michael Laughlin,≤100
375760676281438,Mermaid Straw,Mermaid Straw,≤100
290851614930809,Combat AntiSemitism,Combat Anti-Semitism,≤100
140357056032320,NEA Today,National Education Association,≤100
1646823955646308,Mike Donovan,Michael Paul Donovan,≤100
100906591716189,Beyond Patriots,Priscilla Bethany Kennedy,≤100
325578590837480,Obamacare,Sixteen Thirty Fund,≤100
10498053716,Media Research Center,MEDIA RESEARCH CENTER,≤100
950998258312654,Knowhere,"Knowhere, Inc.",≤100
102564128179023,Truth to Power,TRUTH TO POWER,≤100
427302110732180,Mike Cernovich,Michael C Cernovich,≤100
61265398450,AmeriCorps NCCC,Corporation for National and Community Service,≤100
2165983337048601,LeverforChange,Lever for Change,≤100
291102898490822,Giant Maga Hat,Inventors club LLC,≤100
58158120046,ACLJ,American Center for Law and Justice,≤100
7292655492,MoveOn,MOVEON.ORG CIVIC ACTION,≤100
108512875350,The Atlas Society,The Atlas Society,≤100
200676905671,We Are ALPA,Air Line Pilots Association,≤100
105331754570572,Presidents Mint,Kevin Ross Santiago,≤100
142992759853421,Be A Hero,BE A HERO PAC,≤100
106487520883333,Cardinal & Pine,"Courier Newsroom, Inc.",≤100
892673067526965,Project War Path,Project War Path,≤100
248306181862385,Live Lokai,Denise L Reina,≤100
210357995667559,The National Memo,The National Memo,≤100
357554791340788,Liker,Omar Rivero,≤100
141692255929599,Democratic Socialists of America,DEMOCRATIC SOCIALISTS OF AMERICA INC,≤100
592347634460462,Partnership for America's Health Care Future,Partnership for America's Health Care Future,≤100
21395843375,Dialysis Patient Citizens,DIALYSIS PATIENT CITIZENS INC,≤100
56332452163,AMA Patients Action Network,American Medical Association,≤100
104505064408799,Cove USA,"Cove USA, LLC",≤100
15351475322,Cathy McMorris Rodgers,Cathy McMorris Rodgers for Congress,≤100
69039563201,Open Doors USA,"OPEN DOORS WITH BROTHER ANDREW, INC.",≤100
1852520761657982,4ocean,4ocean,≤100
316887658336677,My Control Card,"NETSPEND HOLDINGS, INC.",≤100
1925751504337881,MJ Hegar,MJ FOR TEXAS,≤100
138141366212571,Gravis Marketing,GRAVIS MARKETING INC.,≤100
87777747127,Greg Palast,Palast Investigative Fund,≤100
2189265054726827,Liberty Tee Shop,www.libertyteeshop.com,≤100
714227512101604,Carolyn Long,ELECT CAROLYN LONG,≤100
780606555331010,American Student Loan Advocate,ASLR Marketing,≤100
830890360316751,Nick Hanauer,Civic Action,≤100
113223650193301,MAGA REVOLUTION,Apse Media LLC,≤100
408252582872693,Daniella Levine Cava,"Daniella Levine Cava, Non-Partisan, for Miami-Dade County Mayor",≤100
309993142375589,Joe Kennedy III,KENNEDY FOR MASSACHUSETTS,≤100
868405419972384,The Outrage,The Outrage,≤100
2070944712939738,American Police Officers Alliance,American Police Officers Alliance,≤100
123071612808075,Black Lives Matter,Bryan Daley,≤100
907919839243616,My Faith Votes,THEN VISION CHARITABLE TRUST,≤100
1636216106590985,Josh Hawley,JOSH HAWLEY FOR SENATE,≤100
1497851363851721,QLMS,Quicken Loans Mortgage Services,≤100
521924961194913,Bruce Westerman,Westerman for Congress,≤100
109243500822158,The Greater Brand,Benjamin Pendera Ijah,≤100
89324781720,Pat Toomey,Friends of Pat Toomey,≤100
587676831343390,Raheem AI,RAHEEM AI,≤100
215199482635728,Alek Skarlatos,ALEK FOR OREGON,≤100
589913688039969,Michigan Online,University of Michigan,≤100
169440273093442,The Center for Election Science,The Center for Election Science,≤100
1268410219898273,Tango Tango,Tango Tango Inc,≤100
113310617054164,Trump Baseball Bats,Trump Baseball Bats,≤100
105157841248307,No Filter Politics,No Filter Politics,≤100
111702860231554,Matt Lieberman,Matt Lieberman for Senate,≤100
661744180680367,National Police Association,"NATIONAL POLICE ASSOCIATION, INC.",≤100
117058854998779,The Gideons International,"GIDEONS INTERNATIONAL, THE",≤100
1784991421516214,Seek Refuge,Seek Refuge,≤100
279846350948,St. Labre Indian School,St. Labre Indian School,≤100
281884085611820,Tedra Cobb,COMMITTEE TO ELECT TEDRA COBB,≤100
129523843754764,Vote Smart,PROJECT VOTE SMART,≤100
48530203934,The American Alpine Club,"AMERICAN ALPINE CLUB, THE",≤100
103131054573692,Crawfordology,Crawfordology,≤100
427718161323565,Jessica Egbert - Mapleton City Council,Jessica Egbert,≤100
26006662641,Arizona Democratic Party,Arizona Democratic Party,≤100
278487153675,Redneck Nation Clothing,Tracie Milliron Gold,≤100
21647204289,Michigan Education Association,Michigan Education Association,≤100
1082522201878539,Gina Ortiz Jones for Congress,GINA ORTIZ JONES FOR CONGRESS,≤100
288957361213977,Consider Our Knowledge,Conor William Bentley,≤100
201248453800242,My Pay My Say,Mackinac Center for Public Policy,≤100
708375056271048,The Christendom Curriculum,The Christendom Curriculum,≤100
113474173781579,American Apparel AA,Click Wonders,≤100
105222917615301,Jen Richardson for Congress,CITIZENS FOR JEN RICHARDSON,≤100
153477451455783,The Optimist Daily,"The Optimist Publications, LLC",≤100
91223411833,Medical Teams International,Medical Teams International,≤100
100910971603037,Make Abortion Illegal Again,AUGBERN LLC,≤100
2123425971065747,Sora Schools,Indra Putra Sofian,≤100
750053788435485,Texas Oil and Gas Association,Texas Oil & Gas Association,≤100
165566613453452,ERLC,ETHICS AND RELIGIOUS LIBERTY COMMISSION OF THE SOUTHERN BAPTIST,≤100
39432041915,Capital Research Center,CAPITAL RESEARCH CENTER INC,≤100
103203971274743,Vairma/Herrera 2021 - Teamster Power Slate,Vairma 2021 Teamster Power Slate,≤100
329284771298646,Issue One Action,Issue One Action,≤100
115497288466814,Home Builders Association of Central Arizona,Home Builders Association of Central Arizona,≤100
130234313704399,United We Dream,UNITED WE DREAM NETWORK INC,≤100
1789651861157958,Values To Action,Values to Action,≤100
222745994575140,Project ChildSafe,"NATIONAL SHOOTING SPORTS FOUNDATION, INC.",≤100
1947525322184514,One Fair Wage,One Fair Wage,≤100
422250511163275,REMEDIGAP,Quinn Group LLC,≤100
350692761610088,Matt Cartwright for U.S. Congress,CARTWRIGHT FOR CONGRESS,≤100
2336022790003836,Patients + Providers United,Patients and Providers United,≤100
189452770432,Women's Campaign Fund,WOMENS CAMPAIGN FUND INC,≤100
1869687273277265,Run for Something,Run For Something PAC,≤100
235762319779450,Omar Navarro,OMAR NAVARRO FOR CONGRESS,≤100
108797534098691,Keep Gifts Great,Adrian Choi Conger,≤100
383677738397139,Association for Accessible Medicines,Association for Accessible Medicines,≤100
420756238503932,Your American Flag Store,Your American Flag Store,≤100
108152933883451,TrumpTrendz,Troy Lorenzo Davis,≤100
543066585882629,Libertarian Country,Libertarian Country,≤100
108286304249308,Hot Topics Daily,Gold Sky Ventures LLC,≤100
107037332686173,Michelle Fischbach for Congress,FISCHBACH FOR CONGRESS,≤100
114475890010131,Piggy Dollar Financial,Tyler Wayne Hedland,≤100
1438882392887793,ADF Church Alliance,Alliance Defending Freedom,≤100
105872574403318,Project TAMMI,a research grant at The National Center on Addiction and Substance Abuse (CASA),≤100
101164484986617,To Be Frank Show,Real News PR,≤100
21492729544,Catholic Relief Services,CATHOLIC RELIEF SERVICES - UNITED STATES CONFERENCE OF CATHOLIC BISHOPS,≤100
856208611420219,Christina Finello,FINELLO FOR CONGRESS,≤100
7209432197,Chris Coons,CHRIS COONS FOR DELAWARE,≤100
1584050195202316,Barbara Bry for Mayor,Barbara Bry for San Diego Mayor 2020,≤100
111815183628798,Curtis Johnson Jr 2020 for City Commissioner District 1,Curtis Edward Johnson,≤100
24470472733,The Trevor Project,The Trevor Project,≤100
336470580233523,Pins and Aces Golf Co.,US Craft Brands LLC,≤100
110316697328742,People of Seniors Housing,People of Seniors Housing,≤100
746838268687634,Tom O'Halleran,TOM O'HALLERAN FOR CONGRESS,≤100
186805048171120,U.S. & Texas LawShield,Texas LawShield,≤100
112442437191294,National Anti-Racism Teach-In,National Anti-Racism Teach-In,≤100
160630887998827,Let Them Live,Let Them Live,≤100
142288373333,HIMSS,HIMSS,≤100
75353945070,Boxed Water Is Better,Boxed Water Is Better,≤100
1539034282981202,Virtual Strides,Virtual Strides,≤100
345946329411380,Petal Soap,Jason Paul Domangue,≤100
61288747990,Real Warriors,Real Warriors Campaign,≤100
1297437463649811,by Humankind,These ads ran without a disclaimer,≤100
343714718985673,Think Wood,Think Wood,≤100
1229789977123022,Debbie Lesko for Congress,DEBBIE LESKO FOR CONGRESS,≤100
167139593306791,ACLU of Michigan,AMERICAN CIVIL LIBERTIES UNION,≤100
289213691238937,Thrasher Coffee,Thrasher Coffee Co.,≤100
366351973736242,Red Rock Secured,Red Rock Secured,≤100
698400060189827,Dan Sullivan,Alaskans for Sullivan,≤100
541807025833154,Malala Fund,Malala Fund,≤100
103376804451432,Trending Politics,Making Web LLC,≤100
164966660351345,Hope Outfitters,Hope Outfitters,≤100
101026774863684,Emily Bergeson for Utah SD 7,EMILY BRONWYN OHARA-BERGESON,≤100
100697751658498,Stronger.org,Christopher Michael Norris,≤100
110849485902,United Way,United Way Worldwide with Facebook Ad Credits,≤100
105808094507392,Republican Rally,S'Groovy Inc.,≤100
142432192446984,David Horowitz Freedom Center,David Horowitz Freedom Center,≤100
107698564046392,Lauren Boebert for Congress,LAUREN BOEBERT FOR CONGRESS,≤100
109551610742579,Judge Dale Cohen,"Dale Cohen, Non-Partisan, for Circuit Court Judge Group 30",≤100
463095630924391,US Business Funding,Credox,≤100
34701792581,EWTN,Eternal Word Television Network,≤100
112164673854264,Living Patriotically,Living Patriotically,≤100
317667194946264,Ro Khanna,RO FOR CONGRESS INC,≤100
1528498354074301,Punching Bag Media - Conservative News,Sean Michael Probber,≤100
101485404914361,Bad News Wares,Bad News Wares,≤100
111023584012681,Open Road Homeward,Samantha Lyn Weldon,≤100
113313830408238,Drain The Swamp Collection,Drain The Swamp Collection,≤100
53541257714,The Arc of the United States,"ARC OF THE UNITED STATES, INC., THE",≤100
127216280686110,Ann Wagner,Ann Wagner for Congress,≤100
1819658374974706,Arena,Arena PAC,≤100
59877921429,Lutheran Immigration and Refugee Service,"LUTHERAN IMMIGRATION AND REFUGEE SERVICE, INC.",≤100
1741729849281711,Uber & Lyft Sexual Assault Attorneys,David Jesiah Perez,≤100
84280132559,American Legislative Exchange Council,American Legislative Exchange Council,≤100
1425435377743310,Conversations with Bill Kristol,The Foundation for Constitutional Government,≤100
78420171887,Sailors for the Sea,SAILORS FOR THE SEAINC,≤100
147368882623027,Black Futures Lab,Black Futures Lab,≤100
122475637000,Georgia Forestry Association,Georgia Forestry Association,≤100
288110884600563,Lean In,"Sheryl Sandberg & Dave Goldberg Family Foundation d/b/a LeanIn.Org, LLC",≤100
161186620643972,American Institute for Economic Research,AMERICAN INSTITUTE FOR ECONOMIC RESEARCH,≤100
979720542211350,Humanize Being Black,Keyshun Quantarious Holmes,≤100
146736258721743,True The Vote,True the Vote,≤100
103617578071596,Anti-racism campaign,Anti-Racism Campaign,≤100
444843026057642,Born From A Wave,Born From A Wave LLC,≤100
514167322309353,Dan Crenshaw,Crenshaw For Congress,≤100
346390085432744,Sean Patrick Maloney,SEAN PATRICK MALONEY FOR CONGRESS,≤100
192013990902459,Roy Cooper,Cooper For North Carolina,≤100
79820371749,Ayanna Pressley,THE COMMITTEE TO ELECT AYANNA PRESSLEY,≤100
114739563265041,Robert "Bob" Abene,Thomas Albert Delegal,≤100
100503184678036,BioLargo Water Inc.,"BioLargo, Inc.",≤100
614134231980299,Veterans Empowered To Protect African Wildlife,VETPAW INC,≤100
113341064736,American Conservative Union,American Conservative Union,≤100
1634651343331439,Project Wren,Landon Brand,≤100
350784278974539,Turning Point Action,Turning Point Action,≤100
1099779163410386,John Barrasso,Friends of John Barrasso,≤100
184731548554164,PL+US,Plus Fund: Paid Leave for the United States,≤100
615854911830541,Shore Buddies,PB 1904 International LLC dba Shore Buddies,≤100
20531316728,Facebook App,These ads ran without a disclaimer,≤100
369214063089791,Lummis for Wyoming,LUMMIS FOR WYOMING INC.,≤100
151757038879920,Alyse Galvin for Congress 2020,ALYSE FOR ALASKA,≤100
174046949421616,Phenomenal Woman Action Campaign,Phenomenal Woman Action Campaign,≤100
211049239087028,Association of Young Americans,Benjamin J Brown,≤100
108807660826054,The Tired of Winning Store,Tired Of Winning Store,≤100
104881317722736,Get-It-Out,Matthew Justin Viles,≤100
339432396135584,The Exodus Road,EXODUS ROAD INC,≤100
111970730196550,World War Zero,AMERICAN SECURITY PROJECT,≤100
104615287614557,Nafisa Fai for Washington County,Friends of Nafisa Fai,≤100
243510442756370,Justice Democrats,JUSTICE DEMOCRATS PAC,≤100
107053850885866,The Wallet Guru,These ads ran without a disclaimer,≤100
580610428636345,Fight for $15,Fight for $15,≤100
1880279355630013,Humanity Stoked,"WHATSTOPSYOU.ORG FOUNDATION, INC.",≤100
1708467695859543,Veteran Transition Mission,Sonia Ivelisse Barriera Ayala,≤100
1000253160054572,Cori Bush,CORI BUSH FOR CONGRESS,≤100
105283560949571,Trump 2024 Film,2024 LLC,≤100
470241276500901,Women Vote,WOMEN VOTE!,≤100
160513344045084,John Neely Kennedy,"John Kennedy for Us, Inc",≤100
312066286397519,Manning Asylum Law,Manning Asylum Law,≤100
304750332920654,Carl DeMaio,Reform California,≤100
157307331013957,The History List,The History List,≤100
25121889784,Texas Public Policy Foundation,Texas Public Policy Foundation,≤100
207549645977714,Families Belong Together,Families Belong Together,≤100
2017884721848472,Bokeki,Kimbereley Iris Goldstein,≤100
198875903295,Trek Bicycle,TREK BICYCLE CORPORATION,≤100
7100914121,American Experience | PBS,WGBH EDUCATIONAL FOUNDATION,≤100
373980880018659,Congresswoman Abigail Spanberger,the Office of Rep. Spanberger,≤100
104684067632334,Unite the Country,UNITE THE COUNTRY,≤100
304062610300415,VozWire,Gregson E Mathe,≤100
1725090764414414,Wondery - A Parks Apparel Brand,These ads ran without a disclaimer,≤100
227535924071462,Animal Petitions,AnimalPetitions.org,≤100
17203056985,Partners In Health,Partners In Health,≤100
164513254148611,America's Voice News,Barbara Jean Lawrence,≤100
315151565831,Ascension,Ascension Press,≤100
113553048669158,Rick Scott,TEAM RICK SCOTT,≤100
1658135304460341,MANG,MANG,≤100
128289862750,Liberty in North Korea,Liberty in North Korea,≤100
103557118005382,Live Action Español,Live Action,≤100
158505287559920,Save the Storks,Diane Patricia Ferraro,≤100
1800072483402009,African Community & Conservation Foundation,African Community & Conservation Foundation,≤100
2295062210811244,Coalition for American Veterans,COALITION FOR AMERICAN VETERANS POLITICAL ACTION COMMITTEE,≤100
105561217523274,The_Dispatch,"Dispatch Media, Inc.",≤100
221631014637468,Look Human,"Print Syndicate, Inc.",≤100
13187955196,Young Americans for Liberty,Young Americans for Liberty,≤100
785936231584382,Paula Jean Swearengin,Paula Jean for West Virginia,≤100
24982445498,ProQuest,PROQUEST LLC,≤100
680549575421741,UnitedVoice.com,"Beachside Media, Inc.",≤100
1084856268238034,Trump Talking,Roberto None Lugo,≤100
1192579580831773,Supermajority News,Supermajority,≤100
638492549896672,Liberal Humans,Liberal Humans,≤100
100644915074416,45thdepot,45th depot,≤100
106402714456835,Trees 4 Australia,Trees4Australia,≤100
101252258324890,The Con,Abramorama Inc.,≤100
43287633515,Alliance for Climate Education,Alliance for Climate Education,≤100
21455818797,Feed the Children,"FEED THE CHILDREN, INC.",≤100
102499901286348,Bold Vision P.C.,Bold Vision PC,≤100
1145019702185006,Alliance for Safety and Justice,Alliance for Safety and Justice,≤100
123965317665623,N-Hance Wood Refinishing,N-Hance Inc.,≤100
357750373755,National Domestic Workers Alliance,National Domestic Workers Alliance,≤100
102636677971854,Trump Is The Storm,Legendary Trump Coins,≤100
531739923640641,Pill Club,These ads ran without a disclaimer,≤100
313723095478950,The Daily Citizen,Focus on the Family,≤100
174467403129304,Yoopine,Yoopine Inc.,≤100
105010030848236,Bryant Cameron Webb,DR. CAMERON WEBB FOR CONGRESS,≤100
276131699084792,YWAM Los Angeles,YWAM Los Angeles,≤100
721000238103165,Eric Early,Eric Early,≤100
1402827079932843,Low Income Relief,The Lighthouse Information Network LLC,≤100
169204449790211,Conservative News Today,"BizPac Review, Inc.",≤100
100355778430951,By Our Own Bootstraps,Brandon Vu,≤100
153309775026,SnapStream,SnapStream Media,≤100
1833879943496521,Spread The Vote,Spread the Vote,≤100
319982881752525,Kara Eastman,EASTMAN FOR CONGRESS,≤100
108090464296366,Republican Patriots,I Love My Freedom,≤100
6334782252,Oceana,OCEANA,≤100
248468095247223,Rastaclat,Rastaclat,≤100
99056648937,NIAC,NIAC Council,≤100
101352851565699,Somos PAC,SOMOS PAC,≤100
107665644228467,Conservative Journal Review,Conservative Journal Review LLC,≤100
1765073800454902,Reform Austin,Reform Austin Inc.,≤100
43426724597,Paper Culture,Paper Culture LLC,≤100
253153019746,Eric Greitens,Greitens for Missouri,≤100
54787697857,Ron Wyden,WYDEN FOR SENATE,≤100
114997005291710,dbrand,These ads ran without a disclaimer,≤100
1439364926329185,Animal Matters,Animal Matters,≤100
653079394725698,Aspiration,Aspiration,≤100
38882699096,Polaris,POLARIS PROJECT,≤100
12683623041,Society for Human Resource Management (SHRM),SOCIETY FOR HUMAN RESOURCE MANAGEMENT,≤100
412739549455010,Karena Reiter,PrimaDonna Reeds,≤100
113034087125584,Robert Underwood,Robert A Underwood,≤100
53727956260,Republican Jewish Coalition,Republican Jewish Coalition,≤100
1741729849281711,Uber & Lyft Sexual Assault Attorneys,1point21 Interactive,≤100
111163637324238,BA Apparel,Michael Seth Weathers,≤100
292351509697,Jerusalem Prayer Team,Jerusalem Prayer Team,≤100
100401327980848,National Parents Union,National Parents Union,≤100
139062085972,Illinois Family Institute,"ILLINOIS FAMILY INSTITUTE, THE INC",≤100
105953890782784,The Factual,The Factual,≤100
103877744493195,Briit Botanicals,Briit Botanicals,≤100
55549065733,Voto Latino,Voto Latino with Facebook Ad Credits,≤100
102540204580217,UpNorthNews,"Courier Newsroom, Inc.",≤100
119006106155684,PI Energy,Andrew P Chung,≤100
11111618026,Union of Concerned Scientists,"UNION OF CONCERNED SCIENTISTS, INC.",≤100
455147011996099,The Ann and Phelim Scoop,The Unreported Story Society,≤100
102180301437619,2020 American Defense Fund,C3 PAC,≤100
603230363139284,Anthony Bompiani,These ads ran without a disclaimer,≤100
6165653060,AFSCME,AMERICAN FEDERATION OF STATE COUNTY & MUNICIPAL EMPLOYEES,≤100
334748476594191,Rodney Davis,Rodney for Congress,≤100
237477017606,Club for Growth,Club for Growth,≤100
346937065399354,Occupy Democrats,Omar Rivero,≤100
122360425094991,Nasty Woman Cosmetics,Nasty Woman Cosmetics,≤100
100101018155207,Paid Leave for All,Paid Leave for All a project of Hopewell Fund,≤100
221864958662809,Iron Sharpens Iron,Andre Toccarrio Ford,≤100
12503116997,Dennis Prager,Salem Media,≤100
808450969246896,"Rebecca Walser, Tax Attorney, CFP",Walser Wealth Management,≤100
111947013529488,Mosher2020,Mosher for Pima County Attorney,≤100
306591716448427,Cindy Axne,CINDY AXNE FOR CONGRESS,≤100
107439427661844,Accountable Tech,Accountable Tech,≤100
468906559794011,LaunchGood,LaunchGood Inc.,≤100
103934071014071,Fire Drill Fridays,"GREENPEACE, INC.",≤100
199826043375900,Larry Hogan,An America United,≤100
60236215646,LGBTQ Victory Fund,LGBTQ VICTORY FUND,≤100
19972147679,SEIU,SEIU,≤100
341858589449,Save Bristol Bay,"TROUT UNLIMITED, INC.",≤100
101078188352772,Proud Patriots With Credit Cards,Cassandra Annette Holland,≤100
153278754738777,Climate Reality,The Climate Reality Project,≤100
723136714746586,The Common Ground Project,"The Common Ground Project, Inc",≤100