﻿Page ID,Page Name,Disclaimer,Amount Spent (USD)﻿
110707597007287,Mike Larsen for Congress,Friends of Mike Larsen,≤100
6500552187,Hulu,"HULU, LLC",≤100
2196281620653830,Footprint,Footprint,≤100
95356211637,Ben Ferguson,Ben Ferguson show,≤100
201956993160690,MRCTV,MEDIA RESEARCH CENTER,≤100
546497545399440,ASEC - African Sisters Education Collaborative,African Sisters Education Collaborative (ASEC),≤100
111182343682003,Certified CCW,CertifiedCCW.com,≤100
1014291495249813,Politicon,Politicon,≤100
16352069036,Mountain Rose Herbs,"MOUNTAIN ROSE, INC",≤100
7292655492,MoveOn,MOVEON.ORG POLITICAL ACTION,≤100
1001615463272722,Biosimilars Council,The Biosimilars Council,≤100
8492293163,Environmental Defense Fund,Environmental Defense Fund,≤100
130268756992804,Yale Climate Connections,Yale Climate Connections,≤100
673117639774135,Gretchen Whitmer,Gretchen Whitmer for Governor,≤100
28729603879,Food Bank of the Rockies,Food Bank of the Rockies,≤100
97466887664,Innocence Project,"INNOCENCE PROJECT, INC., THE",≤100
60865633726,Love Justice International,TINY HANDS INTERNATIONAL,≤100
100935474627180,Lisa Savage for US Senate,LISAFORMAINE,≤100
336470580233523,Pins and Aces Golf Co.,US Craft Brands LLC,≤100
1664959567149320,Wholesome Culture,Wholesome Culture,≤100
45555240203,America First Credit Union,America First Credit Union,≤100
1534290989956166,The Philanthropy Roundtable,"PHILANTHROPY ROUNDTABLE, THE",≤100
132081383503163,Autodesk,Autodesk,≤100
243056493267394,The Great Healing,Stephen John Erickson,≤100
336124860558275,Christine Hill for Assembly,Christine Hill for Assembly,≤100
374848446414965,Pollking,Benjamin Aaron Perlman,≤100
130848666099,Business Forward,Business Forward Inc.,≤100
473227436105637,American Jewish Congress,American Jewish Congress,≤100
427302110732180,Mike Cernovich,Michael C Cernovich,≤100
151235561684871,The Mama Bear Effect,mamabeareffect,≤100
394817334402124,2020 Trump Bill,Innovative Ecomm LLC,≤100
44015482829,United Nations Development Programme - UNDP,United Nations Development Programme,≤100
110749446963570,Courier,Courier Newsroom,≤100
105044144410490,Hot Gear Trends,SI Technews,≤100
241247646424302,Jahana Hayes,FRIENDS OF JAHANA HAYES,≤100
309798029121030,Everytown for Gun Safety,Everytown for Gun Safety Support Fund Inc,≤100
35169196082,Project HOPE,"PROJECT HOPE-THE PEOPLE-TO-PEOPLE HEALTH FOUNDATION, INC.",≤100
2321993584737314,The Markin Report,The Markin Report,≤100
214002058736436,Unite America,UNITE AMERICA,≤100
103558181259057,Safe Auto Discounts,Alexis Travieso,≤100
1737556389685016,Good Money,Good Money,≤100
463095630924391,US Business Funding,Credox,≤100
1312902825543317,American Nightmare Film,Jesus Nebot International,≤100
240203263118328,Elissa McBride,AMERICAN FEDERATION OF STATE COUNTY & MUNICIPAL EMPLOYEES,≤100
345378512258813,Elise Stefanik,ELISE FOR CONGRESS,≤100
275908853303174,Pro-Israel America,Pro-Israel America PAC,≤100
657343731290262,American Freedom Fighter,American Freedom Fighter,≤100
43647453076,familydoctor.org,AMERICAN ACADEMY OF FAMILY PHYSICIANS,≤100
52563647525,Kyrsten Sinema,SINEMA FOR ARIZONA,≤100
46347342434,EMILY's List,EMILY'S LIST,≤100
103473317929797,Trump My Pet,Trump My Pet,≤100
129523843754764,Vote Smart,PROJECT VOTE SMART,≤100
134956813238021,My Stupid Page,Ronald John Gembic,≤100
1646680868683515,Better Roads For Olney,Bryce P Fehrenbacher,≤100
111702860231554,Matt Lieberman,Matt Lieberman for Senate,≤100
20809300888,Rick Larsen,CITIZENS TO ELECT RICK LARSEN,≤100
44340057816,UncommonGoods,UncommonGoods,≤100
176789922364429,Steve Daines,STEVE DAINES FOR MONTANA,≤100
1139780232780908,Frugal Family,These ads ran without a disclaimer,≤100
108512875350,The Atlas Society,The Atlas Society,≤100
735450726543930,Clergy for a New Drug Policy,Clergy for a New Drug Policy,≤100
556053417823972,The Burkean Conservative,Joseph Weston Siler,≤100
168876449866088,The Years Project,The Years Project,≤100
1497851363851721,QLMS,Quicken Loans Mortgage Services,≤100
1852520761657982,4ocean,4ocean,≤100
551158678560402,Epimonia,Epimonia LLC,≤100
754520748264044,Wood by Stu,Stu Designs LLC,≤100
1340560252687219,MISSIO Hair,MISSIO HAIR,≤100
101295517956158,Tricia Zunker for Wisconsin,Tricia Zunker for Wisconsin,≤100
110306340348651,Donna More for State's Attorney,More for State's Attorney,≤100
112600915451330,No Labels,No Labels,≤100
171651620209487,Brady PAC,Brady Pac,≤100
10524821940,National Park Foundation,National Park Foundation,≤100
6500552187,Hulu,These ads ran without a disclaimer,≤100
240290369507552,Bend the Arc Jewish Action,Bend the Arc: Jewish Action,≤100
555394394483002,Urban Resource Institute,Urban Resource Institute,≤100
911828698840246,ReLEntless Defender Apparel,ReLEntless Defender Apparel,≤100
169830155029,m/Oppenheim Associates,m/Oppenheim,≤100
1387062348242626,ProgressNow Arizona,ProgressNow AZ,≤100
175862952587855,"Global Oceanic Designs, Inc.",Kenneth Wayne Welch,≤100
422250511163275,REMEDIGAP,Quinn Group LLC,≤100
101336841260036,The Christie Institute for Public Policy,The Christie Institute for Public Policy Inc.,≤100
246138065436030,Dr. Knute Buehler,Knute for Congress,≤100
101183127996396,Four Is Enough,PACRONYM,≤100
114518743442551,Catherine Smith McKnight for Commission,Sarah Harper Scott,≤100
263210730984251,We Are Great Again Pac,WE ARE GREAT AGAIN PAC,≤100
112735922758892,Charlie Kirk,"Premiere Marketing, Inc.",≤100
1800072483402009,African Community & Conservation Foundation,African Community & Conservation Foundation,≤100
111585603642437,Angelito Tenorio for West Allis,Tenorio for West Allis,≤100
100134398273326,Keeping America Great,Jessica Joan Allumbaugh,≤100
353682792005802,Heather Mulligan Begley for Judge,Committee to Elect Heather Begley for Judge,≤100
113666459994300,Big Dan Rodimer for Congress,RODIMER FOR CONGRESS,≤100
135500133147357,ProEnglish,US INC,≤100
121358125934736,Move Forward - Yes on 7,The Move Forward PAC,≤100
198365307706211,Illegal The Project,Illegal The Project,≤100
356431274698532,Ryan Hampton,Ryan Hampton,≤100
41396282622,CAP UCLA,Center for the Art of Performance at UCLA,≤100
175580571641,Out of Print,Out of Print,≤100
111226867129700,Prideful Patriots,Prideful Patriots,≤100
183424985463330,Joe Cunningham,JOE CUNNINGHAM FOR CONGRESS,≤100
1745418332339003,Aspire Gear,Aspire Gear,≤100
6502038524,First Book,FIRST BOOK,≤100
98887816626,Beef. It's What's For Dinner.,Shari Daniella Spooner,≤100
1791097094486498,Musings,Musings Magazine,≤100
616507365386105,Top Conservative,Eric Brian Rosenberg,≤100
242960515598,Military Spouse,Victory Media DBA Military Spouse,≤100
100298938781,Robert Wood Johnson Foundation,Robert Wood Johnson Foundation,≤100
2284034041921092,Coalition For Consumer Choices,Coalition For Consumer Choices,≤100
102413723172970,Nick Adams,Nick Adams,≤100
693338200702307,Michelle Ugenti-Rita,Ugenti-Rita for Senate,≤100
177608652618,VirtualJerusalem.com,J Media Global LLC,≤100
8501031021,VoteVets.org,VOTEVETS,≤100
255587152180,Shavitz Law Group,Paul James Herrmann,≤100
193618220508,LIFE Today,LIFE Outreach International,≤100
183989338318281,The American Legion National Headquarters,LEGIONNAIRE,≤100
191602167588409,Rotary Club of Victorville,Coleen Regina Luque,≤100
186319338839,GLAAD,"GLAAD, INC.",≤100
101132898077282,David Pahl for Sheriff,Pahl for Sheriff,≤100
101391906600,Live Action News,Live Action News,≤100
112611746799030,0-out,These ads ran without a disclaimer,≤100
2181403648815959,America United,America United Daily,≤100
394707496275,Threads 4 Thought,Threads 4 Thought,≤100
284561131891923,Skip Daly,Daly for Assembly District 31,≤100
462537231005690,Calvin Dane for Rock Island County State's Attorney,Friends of Calvin Dane,≤100
289359554914740,We Have A Stake,The ANCOR Foundation,≤100
34992314695,National Center for Public Policy Research,NATIONAL CENTER FOR PUBLIC POLICY RESEARCH,≤100
940653386126953,Standingwithyou.org,Standing With You,≤100
136299005939,Heifer International,HEIFER PROJECT INTERNATIONAL,≤100
433364950062784,Power Over Energy,Power Over Energy,≤100
758857317850758,Urban Farm Academy,Brandon Edward Youst,≤100
109789960632018,Trump Lightboxes,Michael C George,≤100
103292801078614,Given No Choice: A History of Abortion Rights,Cody Patrick Mcdevitt,≤100
321250352104571,Valerie Plame,VALERIE PLAME FOR CONGRESS,≤100
465483726908192,iVote,IVote Civic Education Fund,≤100
355229061267777,There's No Place Like Home - Environmental Blog Site,Daniel Anthony Slichter Aiuto,≤100
1824503584434809,I Vaccinate,Michigan Department of Health and Human Services,≤100
500781790066978,Sedera,Alana Marguerite Wong,≤100
1336293769761923,Jon Ossoff,JON OSSOFF FOR SENATE,≤100
1526736227567131,TrueCoverage,True Coverage,≤100
211211155280,Esri,Esri,≤100
146704311893,Montana Food Bank Network,Montana Food Bank Network Inc.,≤100
92925746942,Judicial Watch,Judicial Watch,≤100
154470397900936,Emin Eddie Egriu,EGRIU FOR CONGRESS,≤100
2452905398272083,Froy Jimenez for Illinois Senate - 1st District,Froy Jimenez for Senate,≤100
45013872425,The Ripon Society,RIPON SOCIETY,≤100
169561162745,The National Wild Turkey Federation,"NATIONAL WILD TURKEY FEDERATION, INC.",≤100
345504286342057,Keeping America Great Again,RightWingGear.com,≤100
18082780500,Detroit Public Television,DETROIT EDUCATIONAL TELEVISION FOUNDATION,≤100
43287633515,Alliance for Climate Education,Alliance for Climate Education,≤100
112325855474892,Speak Up For Education and Kids,National Education Association,≤100
278355662356517,BallotReady,"BallotReady, Inc",≤100
137459917707,The Brookings Institution,The Brookings Institution,≤100
243498882520314,FoodFinder,"FOODFINDER, INC.",≤100
120333829372239,Salvos,Salvos,≤100
166320873433123,Factory Direct Promos,"SUPERIOR BUSINESS FORMS, INC.",≤100
281844617168,Jewish Voice Ministries International,JEWISH VOICE MINISTRIES INTERNATIONAL,≤100
433919203362871,Bird + Stone,BIRD & STONE INC,≤100
1880507922255279,Question PAC,QUESTION PAC,≤100
2602473023098666,Democratic Polling Center,Democratic Governors Association,≤100
104849224417845,Trumpt-Shirt,Victoria A Fuller,≤100
100822738050183,Trump Star 2020,Greek Steel LLC,≤100
6041057841,The Humane Society of the United States,"HUMANE SOCIETY OF THE UNITED STATES, THE",≤100
79047202856,People's World,People's World,≤100
262173980908600,LTM,LTMShop,≤100
165014546858456,Free To Choose Network,FREE TO CHOOSE,≤100
112287913481898,Cindy Banyai for Florida Congressional District 19,FRIENDS OF CINDY BANYAI,≤100
309993142375589,Joe Kennedy III,KENNEDY FOR MASSACHUSETTS,≤100
408250066356,Bill O'Reilly,"Bill Me, Inc.",≤100
40523327759,American College of Physicians (ACP),"AMERICAN COLLEGE OF PHYSICIANS, INC.",≤100
1614345772179172,Greg Gianforte,Greg for Montana,≤100
153080620724,Donald J. Trump,"DONALD J. TRUMP FOR PRESIDENT, INC.",≤100
208872873173211,Truckers.com,"Small Business in Transportation Coalition, Inc.",≤100
2157366871006791,Full View Games,Scott Lindy Digirolamo,≤100
939489182849039,Ruben Major,Ruben Major for Oceanside Mayor,≤100
105082577572557,Shane Hernandez for Congress,SHANE HERNANDEZ FOR CONGRESS,≤100
114008535880,Foundation for Individual Rights in Education,FOUNDATION FOR INDIVIDUAL RIGHTS IN EDUCATION,≤100
181183059253295,Dorsal Bracelets,Dorsal Bracelets,≤100
173034779386389,Pines International,Ronald Seibold,≤100
1837356789847797,Fulcrum News,David George Seaman,≤100
73727120674,Rush University System for Health,Rush University System for Health,≤100
7483836629,Ancestry,Ancestry.com Operations Inc.,≤100
14038292386,Women for Women International,WOMEN FOR WOMEN INTERNATIONAL,≤100
2309566456030859,Human Coalition Action,Human Coalition,≤100
104883967707912,Heidi Sorenson,Heidi Sorenson,≤100
162373073824096,EdSurge,These ads ran without a disclaimer,≤100
438536186881177,All Clear Foundation,All Clear Foundation,≤100
8934429638,Planned Parenthood Action,Planned Parenthood Action Fund,≤100
7219151423,The Fund for American Studies (TFAS),The Fund for American Studies,≤100
1835838916635491,Transamerica Center for Health Studies,Transamerica Center for Health Studies,≤100
180631442719210,Cliff Bentz,Cliff Bentz for Congress,≤100
592707041080920,Stand Together,Stand Together Chamber of Commerce Inc.,≤100
212933805686,Because International,Because International Corp,≤100
133913826633461,Grassroot Institute of Hawaii,Grassroot Institute of Hawaii,≤100
428403504606135,The Average Joe Survey,"Zaydoe Films, LLC",≤100
197374340229,E2 - Environmental Entrepreneurs,E2 (Environmental Entrepreneurs),≤100
110509307164141,American Patriot Unite,American Patriot Unite,≤100
103009087770334,Get Trumpcare Now,The Stuart Agency,≤100
291260461373618,News and News,News and News,≤100
473558703216022,Gabfest,Paul W Queen,≤100
1754669597959219,Evie,Evie Magazine,≤100
624872801004570,Give a Child a Voice - Eric Erdman,Miguel Dacosta,≤100
59543893235,National Constitution Center,National Constitution Center,≤100
103131054573692,Crawfordology,Crawfordology,≤100
2469990016562535,John Grimm for Kootenai County Sheriff,John Grimm for Kootenai County Sheriff,≤100
286172688396138,South Dakota Association of Healthcare Organizations,South Dakota Association of Healthcare Organizations,≤100
461530314600399,Common Sense American Politics,Common Sense American Politics,≤100
109097990639753,Unite for Colorado,Unite for Colorado,≤100
477972716277486,Cavendish Consulting LLC,Cavendish Consulting,≤100
50711561090,Muslim Advocates,MUSLIM ADVOCATES,≤100
345751305447288,Daugherty Water for Food Global Institute,Daugherty Water for Food Global Institute,≤100
18067635868,Putney Student Travel,PUTNEY STUDENT TRAVEL INC,≤100
96159580682,Maine Democratic Party,MAINE DEMOCRATIC PARTY,≤100
156968474833352,Stop Republicans,Stop Republicans,121
341240953385902,Force Of Nature Meats,Force of Nature,≤100
1025055787535714,A Case for Women,A Case for Women,≤100
821614381344417,Democracy Tea Party,Democracy Tea Party,≤100
101455931403422,Support WE Schools,Willoughby Eastlake Levy Committee,≤100
434616383688551,Ocean & Co.,Ocean & Co,≤100
124853147616512,Send2Press Newswire,Neotrope dba Send2Press,≤100
104675730964100,Top Guy Tees,Top Guy Tees,≤100
590660300952992,CN4 Partners,CN4 Partners,≤100
117058854998779,The Gideons International,"GIDEONS INTERNATIONAL, THE",≤100
1268410219898273,Tango Tango,Tango Tango Inc,≤100
103150364587807,Gun Owners Care,These ads ran without a disclaimer,≤100
174095611084,Columban Center for Advocacy and Outreach,Columban Center for Advocacy and Outreach,≤100
105572280999889,Friends of Hamby for Athens10,Vincent Michael Hamby,≤100
108790689218537,Idaho Republican Party,Idaho Republican Party,≤100
105907419439290,Allen Skillicorn for IL,Taxpayers For Skillicorn,≤100
198741046833409,Utah Policy,Utah Policy,≤100
38235851310,USA for UNHCR,UNITED STATES ASSOCIATION FOR UNHCR,≤100
111387737042755,Jimmy Stewart for Recorder,Jimmy Stewart for Recorder,≤100
158020364262665,Dominion Energy,Dominion Energy,≤100
149366465128820,"Nicole Galloway, CPA",Nicole Galloway for Missouri,≤100
1382947485338199,David Benaym,David E Benaym,≤100
19045776114,The Better World Campaign,BETTER WORLD CAMPAIGN,≤100
105455840860559,Eagle Realm,Eagle Realm,≤100
471788803642592,Excital Store,Excital Store,≤100
293378383239,Flathead County Republican Central Committee,Dee Lynn Kirk Boon,≤100
58691227283,The New York Young Republican Club,The New York Young Republican Club,≤100
109903167155203,Mimi Rocah for District Attorney,Mimi Rocah for DA,≤100
34362997676,United States Holocaust Memorial Museum,UNITED STATES HOLOCAUST MEMORIAL MUSEUM,≤100
115268821893794,Environmental Action,"Environmental Action, Inc.",≤100
48837932638,Montana Democratic Party,Montana Democratic Party,≤100
100201718042226,Cory Eli Oshita for Cook County Circuit Judge,Support Cory Eli Oshita for Circuit Court Judge,≤100
23489729942,Mike Gallagher,Salem Media,≤100
558555244650663,Harriet Reynolds Music,Donald Craig Holt,≤100
169277310432049,"Texas Precision Optics, Inc.",Texas Precision Optics Inc,≤100
135865583728025,Dan Palmer,"Palmer Media, LLC",≤100
42940254353,Human Rights Watch,"HUMAN RIGHTS WATCH, INC.",≤100
278490715553293,Martha McSally,MCSALLY FOR SENATE INC,≤100
102860661680,Quetico Superior Wilderness News,Quetico Superior Foundation,≤100
480981622445006,Diana Alexander 2020,Diana Alexander Campaign Fund,≤100
112483970336673,VOPAC Victims of Parental Alienation Community,Bartolo Drago,≤100
172758932738142,PhRMA,PHARMACEUTICAL RESEARCH AND MANUFACTURERS OF AMERICA,≤100
308666759175660,Center for Migration Studies of New York,CENTER FOR MIGRATION STUDIES,≤100
106122894312740,Democrat Party Strong,James R Oddo,≤100
298964866859647,Flows To Bay,Flows To Bay,≤100
458142697588014,AARP Public Policy Institute,AARP,≤100
19219803864,Tax Foundation,TAX FOUNDATION,≤100
51405613519,Focus on the Family,Focus on the Family,≤100
518194348194441,RepresentUs,RepresentUs,≤100
169294473121454,Policetees.com,PoliceTees.com,≤100
409996956407830,Nathan Tull For Kootenai County Precinct 23,Nathan Daniel Tull,≤100
1019320294761019,Hatikvah Slate,Hadar None Susskind,≤100
105264094403642,Trump MAGA Swag,James Richard Griffin,≤100
1543830612580575,Beesponsible,Beesponsible,≤100
355552734797587,TruePublic,These ads ran without a disclaimer,≤100
104160191036129,Shermela For Judge,Shermela For Judge,≤100
257019421075897,Cory Gardner,Cory Gardner for Senate,≤100
263813250409546,Ugly Xmas Sweater Shop,Steven W Tyler,≤100
317667194946264,Ro Khanna,RO FOR CONGRESS INC,≤100
58158120046,ACLJ,American Center for Law and Justice,≤100
104117891137180,Everyday is a Second Chance,Shi Yuan Ge,≤100
2045579538797189,Advance Minnesota,Advance Minnesota Independent Expenditure Committee,≤100
129278807814364,Welcome.,Welcome.,≤100
108955156581769,Blue Mom Red State,Sarah Nell Bourne,≤100
1624907487621555,Rethink My Healthcare,RethinkMyHealthcare Inc,≤100
116410979912224,Jim Cole for Sheriff of Valley County ID,James Robert Cole,≤100
594519783957655,Citizens for National Security,Citizens For National Security,≤100
168109446538119,St. Martin's Press,St. Martin's Press,≤100
366869404022017,Josh Holstein House of Delegates,Joshua Allen Holstein,≤100
2068830876573768,Project Divided,Marley Benjamin Urbas Duchovnay,≤100
323631667743052,Rep. Rodney Davis,U.S. Rep. Rodney Davis,≤100
109360297266116,Fearless Patriot,TERESA NONE OHARA-MARSH,≤100
273546779885377,The Gallant Pelham,"The Gallant Pelham, LLC",≤100
168452723312821,Chisholm Chisholm & Kilpatrick LTD,Chisholm Chisholm & Kilpatrick LTD,≤100
999556810102061,Signature Seas,Signature Seas,≤100
81124177592,Planned Parenthood of the Great Northwest and the Hawaiian Islands,Planned Parenthood of the Great Northwest and Hawaiian Islands,≤100
253507715172780,Andy Levin,ANDY LEVIN FOR CONGRESS,≤100
17911165812,Covenant House International,Covenant House,≤100
102745147891580,Trump Coolers,Eric Clifford Juels,≤100
105025901091483,Republican Party Strong,James R Oddo,≤100
231056563609284,Fresno Metropolitan Flood Control District,Fresno Metropolitan Flood Control District,≤100
27544763621,Prison Fellowship,Prison Fellowship,≤100
322044193958,Mike Turner for Congress,Citizens for Turner,≤100
99039406843,Women Deliver,"Women Deliver, Inc.",≤100
11918108948,African Wildlife Foundation,AFRICAN WILDLIFE FOUNDATION,≤100
115525519830230,ישראל שלנו - Israel Shelanu,Yaakov Cohen,≤100
1632568446971453,Boredwalk,Boredwalk,≤100
112726036750149,American Team Republicans,AMERICAN TEAM - Republican Party Shop,≤100
114517875225866,The Other 98%,OTHER 98 PERCENT ACTION,≤100
154471447959196,Institute for Veterans and Military Families - IVMF,Institute for Veterans and Military Families,≤100
161879897191723,EarthX,EarthX,≤100
107642877509346,Shamley for Congress,DOYEL SHAMLEY FOR CONGRESS,≤100
111324359048459,Dr. Roger Marshall,KANSANS FOR MARSHALL,≤100
100844768044478,Lucia Vogel for US Congress Minnesota 5th District,COMMITTEE TO ELECT LUCIA VOGEL TO CONGRESS,≤100
384676381708957,Education NC,Education NC,≤100
177544721630,The Stanford Review,The Stanford Review,≤100
724141874433398,Free Press Action,Free Press Action Fund,≤100
586153888207980,To Kill a Mockingbird on Broadway,To Kill a Mockingbird on Broadway,≤100
103316257862246,Cuba Great Again,Carlos None Ramos,≤100
109795371069,Community Action Services and Food Bank,"COMMUNITY ACTION SERVICES AND FOOD BANK, INC.",≤100
6333396177,NewsBusters.org,MEDIA RESEARCH CENTER,≤100
112914570241993,Smart Investor Tips,Smart Investor Tips,≤100
102047517918,The Commonwealth Fund,"COMMONWEALTH FUND, THE",≤100
11024050756,Bioneers,Bioneers,≤100
365591516828390,Georgia's WIN List,Georgia WIN List,≤100
1722199728002734,The Hell Raisin' Hippies,Jerry Edgar Joplin,≤100
37892661587,JDC,JDC,≤100
466164103423147,Thorn,Thorn with Facebook Ad Credits,≤100
20566782501,Democracy for America,DEMOCRACY FOR AMERICA,≤100
39432041915,Capital Research Center,CAPITAL RESEARCH CENTER INC,≤100
104456304504348,Online Carry Course USA,Arin Aghajani,≤100
7629206115,The Nation Magazine,"NATION COMPANY, LLC, THE",≤100
8532248414,Wounded Warrior Project,"WOUNDED WARRIOR PROJECT, INC.",≤100
12301006942,Democratic Party,DNC SERVICES CORP./DEM. NAT'L COMMITTEE,≤100
8895898655,Rainforest Alliance,"RAINFOREST ALLIANCE, INC.",≤100
109175084014970,Trump Style,Tyrone None Byers,≤100
210329506043626,Marsy's Law for Idaho,"Marsy’s Law for Idaho, LLC",≤100
292351509697,Jerusalem Prayer Team,Jerusalem Prayer Team,≤100
194079794553700,Invested Interests,Invested Interests,≤100
182723117043,Chicago Council on Global Affairs,"CHICAGO COUNCIL ON GLOBAL AFFAIRS, THE",≤100
91346559231,Democratic Legislative Campaign Committee - DLCC,Democratic Legislative Campaign Committee,≤100
111101350350760,Denise Pedrow For Assembly District 44,Ian Michael Stikeleather,≤100
248181906078243,National Institute for Civil Discourse,CommonSense American,≤100
40973310753,Pathfinder International,Pathfinder International,≤100
106333028376,"Nichols Kaster, PLLP",Nichols Kaster PLLP,≤100
260131294484,Bethesda Lutheran Communities,Bethesda Lutheran Communities,≤100
103677891203218,Alex Stemle for School Board District 4,Alexander Leo Stemle,≤100
110573083801477,5G Action Now,5G Action Now,≤100
384336778589668,Defend Our Constitution,COMMON CAUSE,≤100
1305943179552668,Forrest Johnson,Forrest Nels Johnson,≤100
24330467048,Americans for Prosperity,AMERICANS FOR PROSPERITY,≤100
110318730393248,US speaking society,These ads ran without a disclaimer,≤100
178647322882839,MarinerEast2,Energy Transfer,≤100
1553978148244954,Build With Strength,Build With Strength,≤100
2470686072951022,Gilmer for Congress,THOMAS GILMER FOR CONGRESS,≤100
106503487393272,Ayala-Gonzalez for Judge 2020,Friends of Laura Ayala-Gonzalez,≤100
17706156005,Ashley Miers,Violet Vista Ventures,≤100
213998472307,Hoosier Environmental Council,"HOOSIER ENVIRONMENTAL COUNCIL, INC",≤100
510680265702016,Crowned Free,Crowned Free,≤100
354586505391697,Derrick Evans - The Activist,Derrick Evans,≤100
105943547657225,2020 Auto Programs,Richard Telfeja,≤100
114131299168,Idaho Freedom Foundation,Idaho Freedom Foundation,≤100
101137981379219,Digital Programs Helping All,Michael Yao Yang,≤100
72931140459,Center for Biological Diversity,"CENTER FOR BIOLOGICAL DIVERSITY, INC.",≤100
910055409088769,Syrian Forum USA,Syrian Forum USA,≤100
54580146753,Faith in Action,Faith in Action,≤100
521010658436453,Mike Ghassali For Congress,GHASSALI FOR CONGRESS,≤100
152926718105068,FloWater,FloWater,≤100
487569614682924,CAPP USA,Yellow Line Productions LLC,≤100
788632858205691,Zero Waste Face,Zero Waste Face,≤100
2023114331282570,Florida Daily,Florida Daily,≤100
13885075114,Action Against Hunger USA,ACTION AGAINST HUNGER - USA,≤100
246491525549550,Education Post,Education Post,≤100
230479744080754,Banuba,These ads ran without a disclaimer,≤100
110019037232941,Our Earth Straws,Our Earth Straws,≤100
148205145252473,Backcountry Hunters & Anglers,Backcountry Hunters & Anglers,≤100
1438808983108348,BOLD PAC,CHC BOLD PAC,≤100
627951147293090,FatFinger,Fat Finger LLC,≤100
259130650776119,Mitch McConnell,MCCONNELL SENATE COMMITTEE,≤100
229422593795044,State Government Leadership Foundation,State Government Leadership Foundation,≤100
105610970947657,MY 2A GEAR,Leon Mckensizy Dunn,≤100
111824001908,Hakeem Jeffries,JEFFRIES FOR CONGRESS,≤100
156994304362574,American Bridge,AMERICAN BRIDGE 21ST CENTURY,≤100
324850063717,Win Without War,Win Without War Education Fund,≤100
350316025478383,When We All Vote,When We All Vote,≤100
755175814541555,Law Office of Fernando Dubove - Immigration Attorney in Dallas,Law Office of Fernando Dubove,≤100
124081027752198,Idaho Education News,Idaho Education News,≤100
60182072999,Lila Rose,Live Action,≤100
121268821249550,World Central Kitchen,World Central Kitchen,≤100
802271849850801,Freedom for All Americans,Freedom for All Americans,≤100
102330281223041,Tradewater,"Tradewater, LLC",≤100
9890558205,New Era Colorado,New Era Colorado Foundation,≤100
328853823844484,Balance of Power,Balance of Power,≤100
1388428314740793,American Mint - Coins and Medals,American Mint,≤100
1658135304460341,MANG,MANG,≤100
1316308285142040,Planet Home,"Equilibrium Management, LLC",≤100
10150124349775072,"Riddle & Brantley, LLP","RIDDLE & BRANTLEY, LLP",≤100
156296274419595,HarperCollins,HARPERCOLLINS PUBLISHERS L.L.C.,≤100
279395135421721,Share Change,The Salvation Army - USA Western Territory,≤100
255535757792588,Rick Veenstra for Circuit Court Judge,Veenstra for Judge,≤100
8524198486,Physicians Committee for Responsible Medicine,"PHYSICIANS COMMITTEE FOR RESPONSIBLE MEDICINE, INC.",≤100
153080620724,Donald J. Trump,TRUMP MAKE AMERICA GREAT AGAIN COMMITTEE,509
27478282874,UNITE HERE!,UNITE HERE,≤100
641276169335113,Gretchen Driskell for Congress,Gretchen Driskell For Congress,≤100
1487587521541634,President Donald Trump Fan Club,I Love My Freedom,≤100
193700787360321,Our Public Lands,NATIONAL WILDLIFE FEDERATION,≤100
195388540623090,National Retiree Legislative Network,NRLN,≤100
108118933908193,Next Level Goods,Next Level Goods LLC,≤100
1010143499143169,Medicare Savings,"Mayo Labs, LLC",≤100
290851614930809,Combat AntiSemitism,Combat Anti-Semitism,≤100
44705166993,Vote.org,Vote.org,≤100
334748476594191,Rodney Davis,Rodney for Congress,≤100
112041183486666,Project Sunshine,ACRONYM,≤100
129660848992,LUNA,CLIF BAR & COMPANY,≤100
387055404685275,Basic Books,"Hachette Book Group, Inc.",≤100
947055948683779,Storus,Mia Kaminski,≤100
277005566267077,Blueland,Blueland,≤100
108176010748061,100 Insure,Robert Bradley Graham,≤100
654438468222089,Youth Activism Project,YOUTH ACTIVISM PROJECT INC,≤100
108111910614278,Planet911,Plane 911,≤100
97685946123,Columbus Public Health,Columbus Public Health,≤100
110415877229724,Real American Sportsmen,Real American Sportsmen,≤100
6787988478,Physicians for Human Rights,"PHYSICIANS FOR HUMAN RIGHTS, INC.",≤100
79125112926,Students for Life of America,"STUDENTS FOR LIFE OF AMERICA, INC.",≤100
1529468987331408,BulbHead,TELEBRANDS CORP.,≤100
133845049915,American Highway Users Alliance,American Highway Users Alliance,≤100
2363271500609808,Armitage For Congress,ARMITAGE FOR CONGRESS,≤100
194798557218627,AARP Wyoming,AARP,≤100
374876452974178,McShane LLC,McShane LLC,≤100
788394134539871,USPS Business,United States Postal Service,≤100
67822755168,Taina Asili,Gaetano Jonathan Vaccaro,≤100
2185993931653388,The Recount,"Recount Media, Inc",≤100
101432317199,Blue Cross and Blue Shield Association,BLUE CROSS AND BLUE SHIELD ASSOCIATION,≤100
8924408197,National Partnership for Women & Families,National Partnership for Women & Families,≤100
175886458122,People's Action,People's Action,≤100
195561910471475,CATALYST.cm,Catalyst.cm,≤100
331037760381749,Sierra Magazine,SIERRA CLUB,≤100
186932688457686,CHNGE,CHNGE,≤100
100401327980848,National Parents Union,National Parents Union,≤100
1019277421434298,Mike Stickler,Michael Louis Stickler,≤100
102782516806826,Kindle Books By Joe Dacy,Joe  Dacy,≤100
10498053716,Media Research Center,MEDIA RESEARCH CENTER,≤100
210277954204,The Young Turks,"The Young Turks, Inc.",≤100
652735891861686,Ben Loyola,BEN LOYOLA FOR CONGRESS,≤100
252709368876,The Future of Freedom Foundation,"FUTURE OF FREEDOM FOUNDATION, THE",≤100
1691667177798461,Brut,Brut,≤100
19192438096,AAAS - The American Association for the Advancement of Science,American Association for the Advancement of Science,≤100
1917715138510680,Follow Your Legend,Legend Bracelet,≤100
130936757062757,T-Mobile Workers United (TU),"COMMUNICATIONS WORKERS OF AMERICA, AFL-CIO, CLC",≤100
100911481267154,"Luke Gromen - FFTT, LLC","FFTT, LLC",≤100
834645469890446,Devin Nunes,DEVIN NUNES CAMPAIGN COMMITTEE,≤100
263643737472628,Earth 2.0,Earth 2.0,≤100
165551260479306,Lifting Hands International,Lifting Hands International,≤100
150451082120925,The other 54%,Gregory M Berube,≤100
104965807734320,Cave Jokes,Cave Jokes,≤100
192737024112371,TWU Local 556,Transport Workers Union Local 556,≤100
136126496460380,The Sweetest Land,These ads ran without a disclaimer,≤100
1082522201878539,Gina Ortiz Jones for Congress,GINA ORTIZ JONES FOR CONGRESS,≤100
591143641394911,Theresa Kohlhoff For Lake Oswego Mayor,Theresa for Lake Oswego Mayor,≤100
420424547981908,In Search of Liberty,Scott Dennis Welch,≤100
101617224555221,Nancy Pelosi Elects Democrats,PAC TO THE FUTURE,≤100
113005536951767,Planted,Andrew West Gardner,≤100
97736029457,Saint Paul Public Library,Saint Paul Public Library,≤100
1443864392358133,If These Ovaries Could Talk,Robin L Hopkins,≤100
467503009987109,"Healthy Forests, Healthy Communities","Healthy Forests, Healthy Communities",≤100
9062006483,REI,"RECREATIONAL EQUIPMENT, INC.",≤100
59826489083,SELC,SOUTHERN ENVIRONMENTAL LAW CENTER,≤100
116480163071468,VVandr Bobbles,Moses Ostreicher,≤100
105953890782784,The Factual,The Factual,≤100
166166843531258,National Council of Resistance of Iran - شورای ملی مقاومت ایران,MEK-Iran (Saeid Saadati),≤100
109295377337702,Trumplican Store,Minerva LLC,≤100
151757038879920,Alyse Galvin for Congress 2020,ALYSE FOR ALASKA,≤100
49059279814,Institute for Justice,INSTITUTE FOR JUSTICE,≤100
668145949990925,Responsible PA,Pennsylvania House Republican Campaign Committee,≤100
1963573807286825,The Western Way,The Western Way,≤100
113460456730293,Ben Salango,Ben Salango for West Virginia,≤100
391872261636792,2020unity,"ForFact LLC, DBA 2020unity",≤100
107053690842532,ABT 2020,ABT 2020,≤100
55713447392,30A,James M Ragsdale,≤100
93228695778,Tea Party Patriots,Tea Party Patriots,≤100
104679177804089,45 Changes Lives,Jeffrey Osinski,≤100
273474675643,HealthCareWithoutHarm,HEALTH CARE WITHOUT HARM,≤100
6244252028,Considerable,Considerable.com,≤100
108503659576,National Coalition for Public School Options,National Coalition for Public School Options,≤100
5919726343,Pandora,These ads ran without a disclaimer,≤100
109712673845685,Alliance for Charitable Excellence,Alliance for Charitable Excellence,≤100
1498711443768635,OccupyHeadspace,These ads ran without a disclaimer,≤100
104339194296642,Social Nostra,Social Nostra,≤100
2311489605552071,Customers Who Care,Customers Who Care,≤100
167842857168389,The Pressure People,The Pressure People,≤100
127225910653607,PragerU,PragerU,≤100
265121981068221,Civic 365,Muneer None Uddin,≤100
123324264379603,Committee of Interns and Residents,Committee of Interns and Residents,≤100
694340911004154,Americans for Intelligence Reform,Americans for Intelligence Reform,≤100
28807410414,Sea Education Association / SEA Semester,Sea Education Association,≤100
107036421410,National Safety Council,NATIONAL SAFETY COUNCIL,≤100
110359053638469,Julian Beaudion,Julian Cornelius Beaudion,≤100
236369846383459,Congressional Black Caucus PAC,Congressional Black Caucus PAC,≤100
98912141410,American Forests,American Forests,≤100
48818254473,Alexander Street,PROQUEST LLC,≤100
28889108258,Gospel for Asia,"GOSPEL FOR ASIA, INC.",≤100
488460945012999,President Trump 2020,Trump Collections,≤100
605168822998856,314 Action,314 ACTION FUND,≤100
427333170759393,ProRate Equine,Prorate Equine,≤100
110257623864359,Cool Mud Flaps,"OHIO LASER, LLC",≤100
114530700443,Food Bank of Contra Costa and Solano,Food Bank of Contra Costa & Solano,≤100
67626834312,National Women's Law Center,National Women's Law Center,≤100
157402764294444,"Union Mission Ministries, Norfolk","UNION MISSION INC, THE",≤100﻿
2059019737447210,ChangeRoots,ChangeRoots,≤100
115761269812805,Jeff Hinkle,Jeff Hinkle Campaign,≤100
24470472733,The Trevor Project,The Trevor Project,≤100
124738180800,Blood:Water,Blood:Water,≤100
515156762174672,The Claude Pepper Center,Claude Pepper Center,≤100
179145905973075,Sophie Ratner Jewelry,Sophie Ratner Jewelry,≤100
106029154202945,Trump Champion,Trump Champion,≤100
248262725706461,Power The Future,Power The Future Inc,≤100
17023576156,The Leadership Conference on Civil and Human Rights,The Leadership Conference on Civil and Human Rights,≤100
440850842779072,DuPage Policy Journal,Local Government Information Services,≤100
18709174006,National Audubon Society,"NATIONAL AUDUBON SOCIETY, INC.",≤100
1234251319933440,Exclusive Apparel,The Dude's Designs,≤100
1418907401547906,Rescü,"Rescu, LLC",≤100
657708380952174,Voices of the Civil Rights Movement,Comcast,≤100
104268817779821,Tag Nikki 2024,Tag Nikki 2024,≤100
328072970642479,Jaime Harrison,JAIME HARRISON FOR US SENATE,≤100
290157611894313,The Climate List,Climate List LLC,≤100
114782633404812,Veteran Alert Guide,Manisha Desiree Bocus,≤100
100959774775932,Moisant for District Judge,Friends of Jennifer Moisant LLC,≤100
104933662932387,CreativeFuture,CreativeFuture,≤100
157109854304120,Bonneville County Republican Party,John B Henager,≤100
126855128568,FEBC (Far East Broadcasting Company),"FAR EAST BROADCASTING COMPANY, INC.",≤100
971980592815747,Daniel Grossberg for State Representative,Grossberg for State Representative,≤100
1764185850558806,Apex Clean Energy,Apex Clean Energy,≤100
7518257857,Not For Sale,Terra Candace Judge,≤100
138141366212571,Gravis Marketing,GRAVIS MARKETING INC.,≤100
77130778113,Coalition for Medicare Choices,The Coalition for Medicare Choices,≤100
104703064331712,Trump Class Action,Emery Celli Brinckerhoff & Abady LLP,≤100
49978948774,Newsy,Newsy,≤100
16477459734,League of Conservation Voters,"LEAGUE OF CONSERVATION VOTERS, INC",≤100
77852784853,Absolut,Pernod Ricard USA,≤100
18479402361,No Kid Hungry,No Kid Hungry,≤100
19746387261,Humane Society International,Humane Society International,≤100
729627343834501,Kialo,Kialo,≤100
109665250456365,The Armed Patriot,Kenneth Micheal Parkerson,≤100
129159563777523,Conservancy of Southwest Florida,ST OF FL CONSERVANCY OF S,≤100
602040603170590,Americans for Food and Beverage Choice,Americans for Food and Beverage Choice,≤100
101755761321515,Aaron Harber for CU Regent,Harber for Colorado,≤100
12784656483,Union Rescue Mission,Union Rescue Mission,≤100
105556394228711,Republican Authority,Republican Authority,≤100
1145019702185006,Alliance for Safety and Justice,Alliance for Safety and Justice,≤100
109092142462587,Adam Schiff,SCHIFF FOR CONGRESS,≤100
11111618026,Union of Concerned Scientists,"UNION OF CONCERNED SCIENTISTS, INC.",≤100
7833534974,Florida Democratic Party,Florida Democratic Party,≤100
110406702361581,Chris Brown (NJ),Friends of Chris Brown,≤100
443426792909089,Americans for America,Thomas E Matakas Jr.,≤100
950998258312654,Knowhere,"Knowhere, Inc.",≤100
433446973789052,Let Us Vote For A Balanced Budget Amendment Citizen's Campaign,Let Us Vote For A Balanced Budget Amendment Citizen's Campaign,≤100
40906470040,World Pulse,World Pulse Voices,≤100
221890358218748,Til Valhalla Project,Til Valhalla Project,≤100
830890360316751,Nick Hanauer,Civic Action,≤100
392090254579689,The Nazarene Fund,The Nazarene Fund,≤100
468906559794011,LaunchGood,LaunchGood Inc.,≤100
2681078191918286,Deplorables The Game,Shutemdown LLC,≤100
121626482110,Operation Smile,"OPERATION SMILE, INC.",≤100
265268336865693,Do Amore,Do Amore Limited Company,≤100
383677738397139,Association for Accessible Medicines,Association for Accessible Medicines,≤100
5550296508,CNN,"Turner Broadcasting Sales, Inc",≤100
8325302025,Friends of the Earth U.S.,Friends of the Earth,≤100
383877235817031,Keep America Great,Keep America Great,≤100
1290536624348001,Informed Immigrant,FWD.us Education Fund,≤100
533347293669517,Great American Era,Great American Era,≤100
13187955196,Young Americans for Liberty,Young Americans for Liberty,≤100
147523538641547,Capitol Ministries,CAPITOL MINISTRIES,≤100
369213013828722,El Paso County Colorado Progressive Veterans,El Paso County Democratic Veterans Initiative dba El Paso County Colorado Progressive Veterans,≤100
100137754724934,Trump 2020 Supporters,Proud Right Winger,≤100
297281494147774,Good Morning Liberty Podcast,Good Morning Liberty,≤100
9538894955,John F. Kennedy Presidential Library and Museum,"John Fitzgerald Kennedy Library Foundation, Inc.",≤100
183872968312216,Popdust,cleancult,≤100
57259033959,AARP,AARP,≤100
106286944285178,Vote Your State,CATHERINE NAOMI COYLE-LEVY,≤100
2070944712939738,American Police Officers Alliance,American Police Officers Alliance,≤100
47924244850,Tony La Russa's Animal Rescue Foundation,Tony La Russa's Animal Rescue Foundation,≤100
21999960184,Operation Blessing,Operation Blessing,≤100
51379424899,Mercy Ships,MERCY SHIPS INTERNATIONAL,≤100
2323471027903589,Bridging Minds,Bridging Minds,≤100
804568342964376,2nd Amendment Rights,One Nation Design,≤100
6422138883,92nd Street Y,92nd Street Y,≤100
100284648021034,New Tolerance Campaign,New Tolerance Campaign,≤100
107592419594,Immigration Equality,IMMIGRATION EQUALITY INCORPORATED,≤100
746938465317981,Nuclear Matters,Nuclear Matters,≤100
274290832609763,Protect Our Defenders,Protect Our Defenders Foundation,≤100
291102898490822,Giant Maga Hat,Inventors club LLC,≤100
355799336705,Outreach International,Outreach International,≤100
97493741436,John W. Hickenlooper,HICKENLOOPER FOR COLORADO,≤100
1399736660066130,Jews for a Secular Democracy,Society for Humanistic Judaism,≤100
128155811565,Wyoming Liberty Group,Wyoming Liberty Group,≤100
1105105062859675,Initiative and Referendum Institute at USC,These ads ran without a disclaimer,≤100
137051766452,Purusha People Clothing,Purusha People,≤100
1059639207431974,Yes for Castro Valley Students,"Yes for Castro Valley Students, FPPC #1423085.",≤100
513695272011123,The Genesis Prize,GPF NA LLC,≤100
2225580284361712,Tommy Tuberville,"TUBERVILLE FOR SENATE, INC.",≤100
170918006892,G.I. Jobs,Victory Media DBA GI Jobs,≤100
655065784538368,PredictIt,"PredictIt - Prediction Markets. A project of Victoria University of Wellington, PredictIt has been established to facilitate research into the way markets forecast events.",≤100
313723095478950,The Daily Citizen,Focus on the Family,≤100
101786487987685,Planned Parenthood Association of Utah,Planned Parenthood Association of Utah,≤100
267180743723148,National Geographic Society,National Geographic Society,≤100
39910576365,National Alliance for Public Charter Schools,NATIONAL ALLIANCE FOR PUBLIC CHARTER SCHOOLS,102
885797821467046,Joyous Organics,Ronald Lee Yates,≤100
130777800271464,Redwood Gospel Mission,REDWOOD GOSPEL MISSIONS INC,≤100
87186661244,Johns Hopkins Bloomberg School of Public Health,Johns Hopkins Bloomberg School of Public Health,≤100
64064370581,North Texas Food Bank,North Texas Food Bank,≤100
112469786315,Boise Rescue Mission Ministries,BOISE RESCUE MISSION,≤100
1809715209318581,Marjorie Taylor Greene for Congress,GREENE FOR CONGRESS,≤100
105756057589080,The Lincoln Project,The Lincoln Project,≤100
1754669597959219,Evie,These ads ran without a disclaimer,≤100
359933137438156,Nine Line Apparel,Nine Line Apparel,≤100
1819990444891347,Progressive Source Communications,Progressive Source Communications LLC,≤100
6726182861,Mike Pence,TRUMP MAKE AMERICA GREAT AGAIN COMMITTEE,≤100
493811210669780,Creative Action Network,Creative Action Network,≤100
352527958302,Israel on Campus Coalition,Israel on Campus Coalition,≤100
106574022825492,Idaho Second Amendment Alliance,Idaho Second Amendment Alliance,≤100
112079853689170,Sharp Spender,SharpSender.com,≤100
154510321337994,Chris Pappas for Congress,CHRIS PAPPAS FOR CONGRESS,≤100
152766071443309,The City University of New York,The City University of New York,≤100
23790541544,Democrats,DCCC,≤100
27139120832,Advancing Native Missions,Advancing Native Missions,≤100
100679268000795,META for Providers,Caroline L Cerbus,≤100
131571436869348,Texas HDCC,Texas HDCC,≤100
1018914308173454,FStop Foundation,"FSTOP FOUNDATION INC, THE",≤100
105618920851539,Peaceful Regions,Jamie Sue Henderson,≤100
112623813202,LifeSiteNews.com,LifeSiteNews,≤100
2283535575207809,Ditch Mitch,DITCH FUND,≤100
109349507328179,Bernie Or Busters,Eric Christopher Mack,≤100
421279984738085,Thomas for State Representative - Republican,Elect Shayne Thomas,≤100
100671838129752,CCW Qualified,Kyle Francis Sekerak,≤100
67011831040,Canon Press,Canon Press,≤100
40102638699,J Street,J STREET INC,≤100
118303441570966,Home Ownership Matters,NATIONAL ASSOCIATION OF REALTORS,≤100
265045056894488,Mark Meckler,Convention of States Action,≤100
131217580266597,National Council on Aging,"NATIONAL COUNCIL ON AGING, INC.",≤100
29092950651,TED,TED Conferences,≤100
265584563563176,JCRC of Greater Washington,The Jewish Community Relations Council of Greater Washington,≤100
11791104453,NRDC,Natural Resources Defense Council,≤100
1719463118318375,Bees In The D,BEES IN THE D,≤100
2267405033373814,Doctor Patient Unity,Doctor Patient Unity,≤100
1311291038982513,2A Gear,Teecreations LLC,≤100
70090474914,American Farmland Trust,"AMERICAN FARMLAND TRUST, INC",≤100
195704103779569,Savage Outdoors & The One,Amanda Harris Lee,≤100
121233307907417,SEIU Local 99,Service Employees International Union Local 99,≤100
7292655492,MoveOn,MOVEON.ORG CIVIC ACTION,≤100
1548467052116987,Nichols for Idaho,Tammy  Nichols,≤100
192771954102960,Jordan Sekulow,American Center for Law and Justice,≤100
111193703661233,"Mallworld, Incorporated",Jeffery Ronald Zavadil,≤100
21492729544,Catholic Relief Services,CATHOLIC RELIEF SERVICES - UNITED STATES CONFERENCE OF CATHOLIC BISHOPS,≤100
6236054211,Brady,Brady Campaign to Prevent Gun Violence,≤100
402120963932260,Counterpoint,Counterpoint,≤100
148485621883625,40 Days for Life,40 Days for Life,≤100
151894654697,Save Our States,"OKLAHOMA COUNCIL OF PUBLIC AFFAIRS, INC.",≤100
260401648038890,Science101,Novelty Media,≤100
1148292668573296,Bernie 2020,Robin Alana Crabtree,≤100
467804929927622,Jason Smith,JASON SMITH FOR CONGRESS,≤100
80696790240,Global Ministries (Disciples of Christ and United Church of Christ),Global Ministries - United Church of Christ and Christian Church (Disciples of Christ),≤100
164513254148611,America's Voice News,Barbara Jean Lawrence,≤100
101865561191961,Ron Falconi for State Senate,Friends of Ron Falconi,≤100
43609808159,Happy Family Organics,Happy Family Organics,≤100
5644748986,National Wildlife Federation,NATIONAL WILDLIFE FEDERATION,≤100
7686808625,Jim Inhofe,FRIENDS OF JIM INHOFE,≤100
18780321251,American Chemistry,"AMERICAN CHEMISTRY COUNCIL, INC.",≤100
125937197447634,ACTA - American Council of Trustees and Alumni,AMERICAN COUNCIL OF TRUSTEES AND ALUMNI,≤100
6162159887,The World,The World,≤100
451133985355974,Civitas Capital Group,Civitas Capital Group,≤100
21834534343,Volunteers of America,"VOLUNTEERS OF AMERICA, INC.",≤100
169130743498585,Tactical Pro Supply,Chad Keller,≤100
137078141865,Kentucky Democratic Party,Kentucky Democratic Party,≤100
272565456712768,Bloomberg Government,"BUREAU OF NATIONAL AFFAIRS, INC., THE",≤100
123651254408327,Sokolove Law,"Sokolove Law, LLC",≤100
329893367738313,Yes Cascadia,Yes Cascadia,≤100
135403221037,City Journal,City Journal,≤100
1334691340028339,Hartigan for Judge,Committee To Elect Russ Hartigan Judge,≤100
1406149713044974,Intellectual Judaism,Vladimir Ephraim Minkov,≤100
7035457015,Brave New Films,BRAVE NEW FOUNDATION 501(C)(3),≤100
511235549007985,PRJKT RUBY,PRJKT RUBY,≤100
303698546498902,Castro & Co. - International Tax Attorneys,John Anthony Castro,≤100
103285009618,Tennessee Entertainment Commission,Tennessee Entertainment Commission,≤100
586751814690068,Joni Ernst,Joni for Iowa,≤100
110177119192569,Knightscope,William Li,≤100
18813753280,Human Rights Campaign,"HUMAN RIGHTS CAMPAIGN, INC.",≤100
747436915270894,Congressional Leadership Fund,CONGRESSIONAL LEADERSHIP FUND,≤100
126279571952,Huru International,HURU INTERNATIONAL,≤100
151721606865,Intrepid Fallen Heroes Fund,Intrepid Fallen Heroes Fund,≤100
100787471467527,Knowyourvote,Knowyourvote,≤100
2154804598181848,Conservatives informing Conservatives,Charles None Ostertag,≤100
269864630116380,"Michelle Bergstrom, School Committee Chair/Re-elect2020",Michelle D Bergstrom,≤100
15239367801,The Wilderness Society,"WILDERNESS SOCIETY, THE",≤100
1764920923527315,Denver High-Rise Living,These ads ran without a disclaimer,≤100
113335773562471,President Trump For Re-Election,Great American Era,≤100
104851617686932,Concealed Country,Concealed Country,≤100
6204742571,Sierra Club,SIERRA CLUB,≤100
665345483483486,NRA - National Rifle Association of America,NATIONAL RIFLE ASSN OF AMERICA,≤100
698400060189827,Dan Sullivan,Alaskans for Sullivan,≤100
2223151871134889,Trump45Merch,Thomas Charles Granack,≤100
1552070021731538,Be Conscious. Be Kind.,Be Conscious. Be Kind.™️,≤100
203330919857759,All On The Line,National Redistricting Action Fund,≤100
101210588150219,Boy Scouts Abuse Claims,X Social Media LLC,≤100
555787351119974,Coalition to Protect America's Health Care,Coalition to Protect America's Health Care,≤100
683872625157265,Theresa Greenfield,THERESA GREENFIELD FOR IOWA,≤100
91223411833,Medical Teams International,Medical Teams International,≤100
70795936969,Children International,CHILDREN INTERNATIONAL,≤100
102988591071943,Daniel Gade,"GADE FOR VIRGINIA, INC.",≤100
118502801658228,Young Kim,Young Kim for Congress,≤100
147390698637518,Free State Project,Free State Project,≤100
717115395103069,PrintedKicks,Printed Kicks,≤100
13063797831,Ben Ray Luján,PEOPLE FOR BEN,≤100
332716170522025,America First Action,America First Action,≤100
598924810530984,Keeping America Great,FamTeeWorld,≤100
734197643587370,Bitterroot,Bitterroot Media,≤100
354329797956187,The Catholic Association,"The Catholic Association, Inc",≤100
134571176638205,One Tree Planted,One Tree Planted,≤100
407664862957433,Ammar Campa-Najjar for Congress,AMMAR CAMPA-NAJJAR FOR CONGRESS,≤100
138400367267,Right Scan Right Time,NATIONAL ELECTRICAL MANUFACTURERS ASSOCIATION,≤100
2019228981443626,She the People,She The People,≤100
175149559508478,TreeDiaper,Zynnovation LLC,≤100
125649561365522,J.D. Scholten,SCHOLTEN4IOWA CAMPAIGN COMMITTEE,≤100
130824026321,Mott Community College,Mott Community College,≤100
30618466815,Pacific Legal Foundation,Pacific Legal Foundation,≤100
142370046577999,Shahid Buttar for Congress,Shahid Buttar for Congress Committee,≤100
163302087408673,Stop The Donald,Stop the Donald,≤100
109644353945630,Green Stem Straws,These ads ran without a disclaimer,≤100
151525932186806,When Democrats Turn Out,WHEN DEMOCRATS TURN OUT PAC,≤100
2352630938293825,Mytacticalpromos,Entremax,≤100
792668760881092,High Ball Time with your Uncle Otis,Patrick Joseph Fant,≤100
675665515802671,Wolven,Wolven,≤100
1431647400421353,Sheriff Troy E. Nehls,NEHLS FOR CONGRESS,≤100
196098536897,Texas Right to Life,Texas Right to Life,≤100
109784800371914,Protect Kids: Fight Flavored E-Cigarettes,TOBACCO-FREE KIDS ACTION FUND,≤100
84280132559,American Legislative Exchange Council,AMERICAN LEGISLATIVE EXCHANGE COUNCIL,≤100
69983322463,Ted Cruz,TED CRUZ FOR SENATE,≤100
662962894077729,The Well News,The Well News,≤100
133937690180,Student Conservation Association,Student Conservation Association,≤100
101377564806423,T-Shirt Hype,Michael Kim Martinez,≤100
8550121410,Free Speech America Project,MEDIA RESEARCH CENTER,≤100
155857265265319,Pre-IPO Buzz,Pre-IPO Buzz,≤100
111970730196550,World War Zero,AMERICAN SECURITY PROJECT,≤100
210455593021382,Health Care Voices,"Health Care Voices, a project of Social Good Fund",≤100
219224241438635,Compassion & Choices,COMPASSION & CHOICES,≤100
1417599265225727,Southwestern Medical Foundation,Collin M Quick,≤100
96935476345,Democratic Governors Association (DGA),Democratic Governors Association,≤100
740266592735787,Free to Be Kids,Free To Be Kids,≤100
8057376739,The Nature Conservancy,Nature Conservancy,≤100
133608809985411,One Colorado,ONE COLORADO,≤100
149034417891,ettitude,Ettitude,≤100
304600892905134,Hillsdale College Online Courses,HILLSDALE COLLEGE,≤100
101208514791301,Daniel Turner,Power The Future Inc,≤100
146754548089,CityTeam,CityTeam,≤100
107877690574738,"Citizens for Kiki Tidwell, Blaine County Commissioner Candidate",Citizens for Kiki Tidwell,≤100
6165653060,AFSCME,AMERICAN FEDERATION OF STATE COUNTY & MUNICIPAL EMPLOYEES,≤100
100169011550016,Legends Of Life,Matthew James Stine,≤100
29883711738,Independent Women's Voice,Independent Women's Voice,≤100
504118316658151,SilencedOrganic,SilencedOrganic.com,≤100
96171427550,Raja for Congress,FRIENDS OF RAJA FOR CONGRESS,≤100
69039563201,Open Doors USA,"OPEN DOORS WITH BROTHER ANDREW, INC.",≤100
362070734130110,Give Trump A Chance,David Slossberg,≤100
971668776283950,PolicyEd,Hoover Institution,≤100
74593887556,Miami's Community Newspapers,Miami's Community Newspapers,≤100
595854897124850,Shatterproof,Shatterproof,≤100
496696933682736,Jeff Merkley,JEFF MERKLEY FOR OREGON,≤100
96710501132,Eurasia Group,"EURASIA GROUP, LTD.",≤100
344690446467832,The Copper Courier,Courier Newsroom,≤100
77903485992,Concerned Women For America LAC,CONCERNED WOMAN FOR AMERICA LEGISLATIVE ACTION COMMITTEE,≤100
700941689954518,Defend Our Future,Defend Our Future,≤100
205693312974273,Tyler Servant,Servant Campaign Fund,≤100
1905515863109983,Power In Cooperation,ConocoPhillips,≤100
38882699096,Polaris,POLARIS PROJECT,≤100
472981489476333,Alan Cohn,COHN FOR CONGRESS 2020,≤100
1878290559083050,شو الأخبار ويب تيفي What's Up Media Network,What's Up Media Network,≤100
8002590959,Rainforest Action Network,RAINFOREST ACTION NETWORK,≤100
73970658023,International Rescue Committee,International Rescue Committee,≤100
108906707265489,USA Pooch,"PRESIDENTIAL POOCH, INC",≤100
153446658100252,Lumina Foundation,Lumina Foundation,≤100
10234472029,Council on Foreign Relations,Council on Foreign Relations,≤100
21375324480,The Heritage Foundation,HERITAGE FOUNDATION (THE),≤100
1425435377743310,Conversations with Bill Kristol,The Foundation for Constitutional Government,≤100
513785465632396,Airline Passengers for Justice,Airline Passengers for Justice,≤100
19420215926,CNSNews.com,MEDIA RESEARCH CENTER,≤100
130467958471,Jason Lewis,Jason Lewis for Senate,≤100
160191644025128,Walton Family Foundation,WALTON FAMILY FOUNDATION INC,≤100
16534314739,Facing History and Ourselves,"FACING HISTORY AND OURSELVES NATIONAL FOUNDATION, INC.",≤100
20876805343,March of Dimes,MARCH OF DIMES INC.,≤100
46785153750,National Fair Housing Alliance,National Fair Housing Alliance,≤100
101617391437914,KrisUdy4Commission,Kristine Udy,≤100
165566613453452,ERLC,ETHICS AND RELIGIOUS LIBERTY COMMISSION OF THE SOUTHERN BAPTIST,≤100
109001490469839,Railroaders for Joe Biden 2020,Railroaders for Joe Biden 2020,≤100
249958955122962,Raw Jaw,Kuhuk Goyal,≤100
275908853303174,Pro-Israel America,"Pro-Israel America, Inc.",≤100
942916745862885,Silver Falls Sustainability Co.,Silver Falls Sustainability Co,≤100
28896772146,San Diego Zoo,ZOOLOGICAL SOCIETY OF SAN DIEGO,≤100
107291750775792,The 100 Million,Knight Foundation,≤100
9514417573,David N. Cicilline,CICILLINE COMMITTEE,≤100
351310239372,Associated Republicans of Texas,Associated Republicans of Texas,≤100
5435784683,Greenpeace USA,"GREENPEACE, INC.",≤100
32802178807,Homes For Our Troops,Homes For Our Troops,≤100
321275377976909,The People's Lobby,The People's Lobby,≤100
106323360959211,Patriots Republic,Matthew James Stine,≤100
144850842237429,Independentvoting.org,Independent Voting (IndependentVoting.org),≤100
172756986111825,Capsa,"CITIZENS AGAINST PHYSICAL AND SEXUAL ABUSE, INC.",≤100
12357407443,American Friends Service Committee,AMERICAN FRIENDS SERVICE COMMITTEE,≤100
8145161702,Lambda Legal,"LAMBDA LEGAL DEFENSE & EDUCATION FUND, INC.",≤100
1379379132345446,Janice S Ellis,Janice S Ellis,≤100
23875187730,Feeding America,Feeding America,≤100
109673587226930,Danny K. Davis,Tumia None Romero,≤100
122174836956,Big Cat Rescue,BIG CAT RESCUE CORP.,≤100
1869687273277265,Run for Something,Run For Something PAC,≤100
566008736785269,Be Heard Project,Be Heard Project,≤100
112420993589373,Young and Old for America,Andrew Joseph Young,≤100
269719197271294,Accountable.US,Accountable.US,≤100
304062610300415,VozWire,Gregson E Mathe,≤100
630841967406196,StepChange Clothing,Joseph Harry Wagner,≤100
102377984581168,A Democrat in the Wilderness,Emmanuel Fourakis,≤100
166618413413767,Jay Sekulow,American Center for Law and Justice,≤100
491349724370791,Jack Patrick Lewis,Jack P Lewis,≤100
1435071773455316,Daily Wire,The Daily Wire,≤100
386305465057247,Liberty Nation,Liberty Nation,≤100
26060837166,Point Loma Nazarene University,Point Loma Nazarene University,≤100
128167457221813,Public Transportation,Voices for Public Transit,≤100
356501381631264,Jerusalem Post,Diane Elise Haner,≤100
100667714665946,Recon Jacks Apparel,Recon jacks apparel,≤100
221834965136991,Steve Roberts for State Senate,Roberts for St. Louis,≤100
1413682351987764,Andy Kim for Congress,Andy Kim for Congress,≤100
324428324697297,3F Labs,3F Labs,≤100
211095382256023,"Mars, Incorporated",These ads ran without a disclaimer,≤100
191975737491988,Jennifer Wexton,WEXTON FOR CONGRESS,≤100
1196769660363002,Same God Film,"DIGITAL COAST MEDIA, LLC",≤100
7263476274,Mercy Corps,Mercy Corps,≤100
212090022784120,Moments Engraved,Jeet None Banerjee,≤100
8934429638,Planned Parenthood Action,Planned Parenthood Votes,≤100
111393882812494,Amy McGrath,"AMY MCGRATH FOR SENATE, INC.",≤100
46428009499,The Jewish Agency for Israel,Shiri  Stern,≤100
105798656188643,Mark Welch for State Representative 52nd District,Friends Of Mark Welch,≤100
2096116803831566,Live Poll for Democrats: 11:59 P.M. Deadline,Democratic Governors Association,≤100
348927178837153,IL 14 UNITED,ILLINOIS 14 ALLIANCE,≤100
5633824547,FreedomWorks,"FREEDOMWORKS, INC.",≤100
171516669541491,Bright Hope,BRIGHT HOPE INTERNATIONAL,≤100
116805625019400,Union Gospel Mission Motors,Union Gospel Mission,≤100
139599847972,National Nurses United,National Nurses United,≤100
79743808136,NAIS -- National Association of Independent Schools,"NATIONAL ASSOCIATION OF INDEPENDENT SCHOOLS, INC.",≤100
79279853233,Professional Photographers of America,"PROFESSIONAL PHOTOGRAPHERS OF AMERICA, INC.",≤100
207901812670026,theSkimm,"TheSkimm, Inc",≤100
1452551204988299,GoReact,Speakworks Inc,≤100
46093654473,National Republican Congressional Committee,NRCC,≤100
738298126313472,John Thomas Political Strategist,The Thomas Guide Show,≤100
1945237355733646,Giving Brush,Giving Brush LLC,≤100
169597416843751,Stand Up America,Stand Up America,≤100
114710126648118,Republican Dogs,Republican Dogs,≤100
240515435979259,Nicholas Nasibyan,Nicholas Philip Nasibyan,≤100
6985452607,Brita USA,The Clorox Company,≤100
523486791061635,Jon Hoadley,JON HOADLEY FOR CONGRESS,≤100
9324910069,NRSC,NRSC,≤100
83290028957,Care Net,CARE NET,≤100
680549575421741,UnitedVoice.com,"Beachside Media, Inc.",≤100
337557199502,Nebraska Conservation Voters,Nebraska Conservation Voters,≤100
121750354532995,Yale Program on Climate Change Communication,Yale Program on Climate Change Communication,≤100
309308412520731,Sandy Hook Promise,Sandy Hook Promise,≤100
461204744067686,Family Protection Association,Family Protection Association,≤100
717417908274761,Lady Freethinker,Lady Freethinker,≤100
164637596937136,AARP Idaho,AARP,≤100
102540204580217,UpNorthNews,Courier Newsroom,≤100
105229062888132,Stop Soldier Suicide,Stop Soldier Suicide,≤100
111663158887300,Tacoma Rescue Mission,"RESCUE MISSION, THE",≤100
6266829799,Sherrod Brown,FRIENDS OF SHERROD BROWN,≤100
108152933883451,TrumpTrendz,Troy Lorenzo Davis,≤100
132732160104163,Ford Foundation,"FORD FOUNDATION, THE",≤100
188383074570800,Aquapparel,Aquapparel,≤100
702420713104927,truMedic,These ads ran without a disclaimer,≤100
1963834227223718,Britt Raybould for Idaho,Britt Raybould for Idaho,≤100
667097380056109,Bernie Sanders - We Shall Overcome,Todd R. Lockwood Works,≤100
52989768601,Population Connection Action Fund,Population Connection Action Fund,≤100
181813995726,Avalara,"AVALARA, INC.",≤100
1600352356914768,PushBlack,PushBlack,≤100
229812467461262,Big League Politics,Big League Politics,≤100
314463908651,After Fifty Living,Joanne Sullivan Lema,≤100
8815573924,Utah Food Bank,UTAH FOOD BANK,≤100
8473889271,National Parks Conservation Association,National Parks Conservation Association,≤100
105538624356773,My Kitchen Savior,Nicole Alexa Lebel,≤100
190987118163092,Connected Clothing Company,Connected Clothing Company,≤100
158791100909689,Concerned Veterans for America,Concerned Veterans for America,≤100
72565633140,Soles4Souls,"SOLES4SOULS, INC.",≤100
29776517202,Second Harvest Heartland,SECOND HARVEST HEARTLAND,≤100
872842866161157,One Nation Design,One Nation Design,≤100
287789785155313,State Representative Danny McCormick,Elect Danny Mccormick,≤100
107858693983382,The GOP Shop,The GOP Shop,130
2046280975668889,LeftvsRightIQ.com,LvR Intelligence LLC,≤100
18017481462,Acton Institute,Acton Institute,≤100
169204449790211,Conservative News Today,"BizPac Review, Inc.",≤100
109136650636111,Harold Hayes for State Representative,Friends of Harold M. Hayes,≤100
15041226930,Oxfam,"OXFAM AMERICA, INC.",≤100
129255907131113,NumbersUSA,NUMBERSUSA EDUCATION AND RESEARCH FOUNDATION,≤100
958164574314945,Cargill,"CARGILL, INCORPORATED",≤100
118379493631,Episcopal Relief & Development,EPISCOPAL RELIEF AND DEVELOPMENT,≤100
1925751504337881,MJ for Texas,MJ FOR TEXAS,≤100
729927510371645,The Libra Group,"Libra Capital US, Inc",≤100
117083799663539,Colleen Ann Reali for Judge,Colleen Ann Reali for Judge,≤100
105986927538317,Triump Apparel,Triump Apparel,≤100
207833736045744,MHAction.org,Kevin R Borden,≤100
7341997111,Conservation International,Conservation International,≤100
130025717077175,The Orangutan Project,"ORANG UTAN REPUBLIK FOUNDATION, INC.",≤100
1227468047416089,Duet,Give Duet Inc,≤100
300748678230,Tennessee Department of Economic and Community Development,Tennessee Department of Economic and Community Development,≤100
1224106861035505,Resistbot,Resistbot Action Fund,≤100
196382377057315,Learn Our History,Learn Our History,≤100
7642602143,Mother Jones,FOUNDATION FOR NATIONAL PROGRESS,≤100
80562389320,NARAL Pro-Choice America,NARAL Pro-Choice America,≤100
76025018070,San Francisco-Marin Food Bank,San Francisco-Marin Food Bank,≤100
170582513587720,Liberty Through Wealth,The Oxford Club,≤100
296708523873754,Karla Dennis and Associates Inc.,"Karla Dennis & Associates, Inc",≤100
384006901653736,The Moore Charitable Foundation,Moore Charitable Foundation,≤100
745910525468062,National Center on Sexual Exploitation,National Center on Sexual Exploitation,≤100
260754507296508,The Voter Participation Center,Voter Participation Center,≤100
279846350948,St. Labre Indian School,St. Labre Indian School,≤100
104679177804089,45 Changes Lives,PKA Karate Academy Inc,≤100
105698674239617,Embed News,Embed News,≤100
108777231824,Manhattan Institute for Policy Research,MANHATTAN INSTITUTE FOR POLICY RESEARCH INC,≤100
162676813937511,Dan Forest,Committee to Elect Dan Forest,≤100
124955570892789,Bernie Sanders,BERNIE 2020,305
33699882778,Dr. Bronner's,Dr. Bronner's,≤100
213254292034436,Out & Equal Workplace Advocates,OUT & EQUAL WORKPLACE ADVOCATES,≤100
104883137744509,The Patriotic Apparel Company,Jack Vincent Michael Givens,≤100
238473269650980,Capital & Main,CAPITAL & MAIN,≤100
105732744375701,Steve Bullock,Montanans for Bullock,143
103022784417075,NOW,NOW Company,≤100
149411962570,Do Something Church,Douglas Stuart Mcqueen,≤100
268311603350722,The American Independent,The American Independent,≤100
960045850672105,One More Wave,Ernad Civic,≤100
149745555082419,Pioneer Institute for Public Policy Research,"Pioneer Institute, Inc.",≤100
12692955711,Chronicle of Higher Education,"CHRONICLE OF HIGHER EDUCATION, INC. (THE)",≤100
104704000907113,Herb Schultz for Rock Island County State's Attorney,Friends of Herb Schultz,≤100
145380305523723,Secure America Now,Secure America Now,≤100
1695950424027488,Andy Hallinan,Andrew Lawrence Hallinan,≤100
1612726335627171,We the Internet TV,We the Internet TV,≤100
125319303823,Champlain College,Champlain College Incorporated,≤100
116546288359245,Heritage Action for America,HERITAGE ACTION FOR AMERICA,≤100
500410440069924,Dan "Taxation Is Theft" Behrman for President 2020,COMMITTEE TO ELECT DAN TAXATION IS THEFT BEHRMAN,≤100
224684514243482,Tom Cotton,"COTTON FOR SENATE, INC.",≤100
192448150001,Jeff Anderson & Associates,Jeffrey R Anderson PA,≤100
329272720965256,GALvanize USA,GALvanize USA,≤100
109678580574253,Politicool Clothing Co.,PolitiCoolClothing.com,≤100
159964696102,Kevin McCarthy,KEVIN MCCARTHY FOR CONGRESS,≤100
709046012792616,National Audubon Society Action Fund,National Audubon Society Action Fund,≤100
259632267542,Zionist Organization of America,Zionist Organization of America,≤100
112942500238297,Trees4Australia,Trees4Australia,≤100
102037361257173,Daniel J. Weckesser for Knox County Sheriff,Committee to Elect Daniel J. Weckesser,≤100
780941275347834,Ilhan Omar,ILHAN FOR CONGRESS,≤100
2111654082451335,Laila Saab,These ads ran without a disclaimer,≤100
2029539637337122,Left Right Fights,Jeffrey M Perkins,≤100
205795426669644,Facts and Logic about the Middle East,Facts and Logic About the Middle East,≤100
367292494407,AJC - American Jewish Committee,AMERICAN JEWISH COMMITTEE,≤100
2036389409806378,Backpage's Role in Prostitution and Trafficking,X Social Media LLC,≤100
138492335404,Scott Walker,"Walker Group, LLC",≤100
114371076772585,Andrew Garbarino for Congress,GARBARINO FOR CONGRESS,≤100
100391988083233,Triggered Freedom Apparel,Triggered Freedom Apparel,≤100
54210104594,Indiana University,Indiana University,≤100
6170309302,Dick Durbin,FRIENDS OF DICK DURBIN COMMITTEE,≤100
90498769709,Edenpure,EdenPURE®,≤100
294196590710262,FWD.us,FWD.us,≤100
410769492987710,Jeff Neff for PA Senate 2020,Friends of Jeff Neff,≤100
681626158940626,Mission Roll Call,Americas Warrior Partnership,≤100
304058913005378,Senior and Disabled Concerns,Senior & Disabled Concerns,≤100
324119001078997,"Sanford Heisler Sharp, LLP","Sanford Heisler Sharp, LLP",≤100
121033149320,American Indian College Fund,"AMERICAN INDIAN COLLEGE FUND, THE",≤100
26006662641,Arizona Democratic Party,Arizona Democratic Party,≤100
133740559987144,Native American Rights Fund,NATIVE AMERICAN RIGHTS FUND,≤100
338855069522459,Im Tirtzu,Im Tirtzu,≤100
1836138529938551,Greater Half,Greater Half,≤100
319982881752525,Kara Eastman,EASTMAN FOR CONGRESS,≤100
227535924071462,Animal Petitions,AnimalPetitions.org,≤100
143173285763,Tenth Amendment Center,Tenth Amendment Center,≤100
30708742052,FCTRY,FCTRY,≤100
104574721149424,Eliza Orlins,Eliza Orlins For New York,≤100
243510442756370,Justice Democrats,JUSTICE DEMOCRATS PAC,≤100
33110852384,Doctors Without Borders/ Médecins Sans Frontières (MSF),Doctors Without Borders/Médecins Sans Frontières (MSF),≤100
86134975779,Coast Guard Foundation,Coast Guard Foundation INC.,≤100
182658925089088,FINCA,"FINCA INTERNATIONAL, INC.",≤100
599037717094428,Lil Guillotine,Liam Robert Manjon,≤100
86711894400,National Write Your Congressman,National Write Your Congressman,≤100
203197030603239,8 Billion Trees,8 Billion Trees LLC,≤100
102909941095087,Stop Biased Banking,Center for Freedom and Prosperity,≤100
114520293319041,Tim Livengood for Williams County Sheriff 2020,Dareth Lea Livengood,≤100
213792049451918,Stand For America Now,Stand For America Inc,≤100
350692761610088,Matt Cartwright for U.S. Congress,CARTWRIGHT FOR CONGRESS,≤100
306591716448427,Cindy Axne,CINDY AXNE FOR CONGRESS,≤100
112760933447418,Alice DeWine for Greene County Prosecutor,Friends of Alice DeWine,≤100
791543660926838,"I'll go ahead and keep my guns, Thanks",2A4LIFE LLC,≤100
102395577963079,Takes on Freedom,David M Goloff,≤100
388475271497575,The Trump Revolution,Dora Louise Collier,≤100
110304423857607,Patriot Wear,Brandon Kyle Fink,≤100
25055115099,Intuit,INTUIT INC.,≤100
67178485959,Ploughshares Fund,PLOUGHSHARES FUND,≤100
135298176481584,Marine Corps Scholarship Foundation,Marine Corps Scholarship Foundation,≤100
150322194563,PASA Primates: Pan African Sanctuary Alliance,PAN AFRICAN SANCTUARIES ALLIANCE,≤100
13649914583,Equality Now,"EQUALITY NOW, INC.",≤100
117362515005706,The Bowery Mission,The Bowery Mission,≤100
780606555331010,American Student Loan Advocate,ASLR Marketing,≤100
1682876188698809,United for Respect,United for Respect,≤100
80668957414,GoSili,SiliKids Inc.,≤100
116784889192275,Vivrelle,These ads ran without a disclaimer,≤100
47712360678,Jobs With Justice,Jobs With Justice,≤100
182079698493370,Portside,Portside,≤100
434635993263210,"King County, Washington - Government","King County, WA",≤100
405355946226766,Todd Young,"FRIENDS OF TODD YOUNG, INC.",≤100
6240652407,Young America's Foundation,YOUNG AMERICA'S FOUNDATION INC,≤100﻿
1864721517082089,Democratic Attorneys General Association,Democratic Attorneys General Association,≤100
548407915183371,Liz Cheney,Liz Cheney for Wyoming,≤100
247342805512,Toward Being Non-Partisan,Ronald Seibold,≤100
59877921429,Lutheran Immigration and Refugee Service,"LUTHERAN IMMIGRATION AND REFUGEE SERVICE, INC.",≤100
1977738355807406,Sharice For Congress,SHARICE FOR CONGRESS,≤100
2171158826509354,Earth & Friends,These ads ran without a disclaimer,≤100
14440196673,Teamsters,INTERNATIONAL BROTHERHOOD OF TEAMSTERS,≤100
1892187271040911,FreedomWorks Foundation,FreedomWorks Foundation,≤100
102617961152741,Barbara Bollier,BOLLIER FOR KANSAS,≤100
112044923686511,Motivational Designz,Dominick Battiato,≤100
112955806896246,Dalia Al-Aqidi,Dalia for Congress,≤100
136121223083299,Sea Turtle Conservancy,"SEA TURTLE CONSERVANCY, INC.",≤100
104027894318612,Inclusion2020,Inclusion2020,≤100
202626512363,U.S. Census Bureau,U.S. Census Bureau,928
16352157727,Alfred A. Knopf,Penguin Random House LLC,≤100
596556607135301,The Earthling Co.,Educated Earthling,≤100
174009339411865,SmartNews,"SmartNews International, Inc.",≤100
253791814655400,Doug Collins,"COLLINS FOR SENATE, INC.",≤100
105561217523274,The_Dispatch,"Dispatch Media, Inc.",≤100
97624620788,American Friends of Magen David Adom,AMERICAN FRIENDS OF MAGEN DAVID ADOM,≤100
804006622956338,Friends of the Black River Forest,Mary Kathleen Faydash,≤100
100633308217473,Justice For Sara,Justice For Sara,≤100
452797224923658,Democratic Coalition Against Trump,THE DEMOCRATIC COALITION,≤100
7192716362,Amnesty International USA,Amnesty International USA,≤100
2330577043935831,Sara Gideon,SARA GIDEON FOR MAINE,≤100
160630887998827,Let Them Live,Let Them Live,≤100
162695894106234,Co-ops Vote,National Rural Electric Cooperative Association,≤100
1099478666810053,Meals For Pets,Meals for Pets,≤100
155818016761,First 5 LA,First 5 LA,≤100
122773549121265,President Trump for Nobel Peace Prize 2020,Tarek None Kteleh,≤100
341881063685,"Imprimis, a Publication of Hillsdale College",HILLSDALE COLLEGE,≤100
50714237985,The Rutherford Institute,RUTHERFORD INSTITUTE,≤100
200676905671,We Are ALPA,Air Line Pilots Association,≤100
769395966523308,Eddie J. Mauro,MAURO SENATE CAMPAIGN TEAM,≤100
105536127617594,The American Digest,The American Digest,≤100
5720973755,Defenders of Wildlife,DEFENDERS OF WILDLIFE,≤100
109140985838232,Progress Texas,Progress Texas,≤100
537299709721112,Advantage Gold,Advantage Gold Group,≤100
150720154976207,Protect My Public Media,"APTS Action, Inc.",≤100
636440989754325,Netamaker,Careventuresindia Inc,≤100
510983808935302,Parker Hudson,Frank Parker Hudson Jr,≤100
117762158270896,Washington State Department of Health,Washington State Department of Health,≤100
107470494175902,Idaho Association of Health Plans,Idaho Association of Health Plans,176
1084856268238034,Trump Talking,Roberto None Lugo,≤100
104567660952584,Macomb for Kids,Macomb For Kids,≤100
1627212824167934,Men4Choice,Men4Choice,≤100
833845080319275,The Daily Patriot,Full Tilt Holdings LLC,≤100
215689771967950,Plastic Tides,"Plastic Tides, Inc.",≤100
107107693152888,Anthropocene Alliance,ANTHROPOCENE ALLIANCE,≤100
758350044343921,Anthony V. Clark,Anthony Clark 2020,≤100
80987211775,Bill Cassidy,Bill Cassidy for US Senate,≤100
107953199261156,ifaw,"INTERNATIONAL FUND FOR ANIMAL WELFARE, INC.",≤100
104450731116649,Blair Reynolds for Congress,BLAIR REYNOLDS FOR CONGRESS,≤100
525171637666780,Sandy Piña California Delegate,RCR,≤100
224058138586,Greater Fort Lauderdale Alliance,Broward Alliance / DBA Greater Fort Lauderdale Alliance,≤100
203583423017526,National Immigration Law Center,National Immigration Law Center,≤100
2777578242259790,Great Again Gear,Great Again Gear,≤100
102026767904506,Matern 2020,Matern 2020,205
348973409274904,Velvet Hamster,Velvet Hamster,≤100
303061950155375,John James,"JOHN JAMES FOR SENATE, INC.",≤100
11006419356,The Voice of the Martyrs - USA,"VOICE OF THE MARTYRS, INC., THE",≤100
311896169406139,Trump 2020 Wear,Trump 2020 Wear,≤100
1711465445765878,Nancy Pelosi,NANCY PELOSI FOR CONGRESS,≤100
459890014763287,Rocky Mountain Values,Rocky Mountain Values,≤100
220934044722029,Florida Crystals Corporation,FLORIDA CRYSTALS CORPORATION,≤100
2377166239179411,Nancy Goroff for Congress,Goroff for Congress,≤100
237477017606,Club for Growth,Club for Growth,≤100
1156426531205011,Mailboxmascots,Jonathan Hall,≤100
112435823624987,Political Romance,Gabrielle Brea Grande,≤100
103636451186005,APV CAMO,Douglas Robert Maddi,≤100
387260852134552,Dr. Tom Tarter,CITIZENS FOR TOM TARTER,≤100
101317101242156,Make America Kind Again,Benevolently,≤100
85452072376,Newsmax,Newsmax Media,≤100
1194865807192273,Conservative Gear,Outergoods LLC,≤100
103817564565798,Sound Home Savings,Alexis Travieso,≤100
289213691238937,Thrasher Coffee,Thrasher Coffee Co.,≤100
101321914794113,Health Freedom Alliance,Health Freedom Alliance LLC,≤100
81517275796,UNICEF USA,UNITED STATES FUND FOR UNICEF,≤100
45393753416,Alliance Defending Freedom,Alliance Defending Freedom,≤100
350523542184,Trust Women,Trust Women,≤100
366351973736242,Red Rock Secured,Red Rock Secured,≤100
110962293652494,Donald Trump Keep America Great 2020 Re-election,Excital,≤100
21647204289,Michigan Education Association,Michigan Education Association,≤100
101167851512310,liquidlunchpodcast,These ads ran without a disclaimer,≤100
107377753962841,Usha Reddi For Senate,REDDI FOR SENATE,≤100
11131463701,truth,TRUTH INITIATIVE FOUNDATION,104
153278754738777,Climate Reality,The Climate Reality Project,≤100
107889174135541,David Malisow for Delavan's 3rd District Alderman,Deborah A Malisow,≤100
9785626650,Public Citizen,PUBLIC CITIZEN INC,≤100
305107172859194,Defeating Trump and the Republican Party,"Voices of Health Care Action, a project of Gamechanger Networks",≤100
276702939702491,Santa Barbara for Safe & Local Transport,Santa Barbara for Safe and Local Transport,≤100
6315243665,Faith in Public Life,"FAITH IN PUBLIC LIFE, INC.",≤100
1708467695859543,Veteran Transition Mission,Sonia Ivelisse Barriera Ayala,≤100
106900844254615,Chris Bruce For Idaho,Christopher Michael Bruce,≤100
508355855857086,The Prodigal Republican,Marc Thomas Little,≤100
101908424664094,Best Home Savers 2020,J D Grace Gorospe,≤100
519590768083165,Abby Finkenauer for Congress,FINKENAUER FOR CONGRESS,≤100
22234040933,United Nations Foundation,United Nations Foundation,≤100
107334019308912,Olive Crest - USA,OLIVE CREST,≤100
935018769979357,Suzanne Ness for Illinois State Representative District 66,Citizens for Suzanne Ness,≤100
41309865723,Democrats.com,DEMOCRATS.COM,≤100
384557995468219,Viral Casez,Viral Casez,≤100
100195511560092,Injury Compensation Center,Injury Compensation Center,≤100
130025717077175,The Orangutan Project,These ads ran without a disclaimer,≤100
156392276602,Strong Towns,Strong Towns,≤100
785936231584382,Paula Jean Swearengin,Paula Jean for West Virginia,≤100
20149036407,Earth Day Initiative,EARTH DAY NEW YORK,≤100
543066585882629,Libertarian Country,Libertarian Country,≤100
114815188528887,Neighborhood Nurse,Kristina Anne Larsen,≤100
109200595768753,The Christian Left,The Christian Left,≤100
202626512363,U.S. Census Bureau,These ads ran without a disclaimer,≤100
1933180256921396,IE United,"Inland Communities in Support of Eddie Tejeda for District 3 Supervisor, sponsored by IE United a project of Tides Advocacy",≤100
101784008065542,Commit to Seniors,American Commitment,≤100
55549065733,Voto Latino,VOTO LATINO INC.,≤100
1798647883714543,"Brock & Gonzales, LLP",These ads ran without a disclaimer,≤100
189758874031,Outside TV,"OUTSIDE TELEVISION, INC.",≤100
323083351064533,The News Literacy Project,The News Literacy Project,≤100
654671537880859,ArtProfileratx,ArtProfiler,≤100
123087310074,Washington Policy Center,WASHINGTON POLICY CENTER,≤100
327202261326682,Stephanie Bice,Bice for Congress,≤100
101148251446778,Keep America Great Committee,KEEP AMERICA GREAT COMMITTEE,≤100
292018201259366,We Raise Foundation,WE RAISE FOUNDATION,≤100
1765222000389393,Jill Karofsky for Justice,Jill for Justice,≤100
139599847972,National Nurses United,BE A HERO PAC,≤100
279599502172409,Patriot Mobile,Patriot Mobile,≤100
22872837832,Food Lifeline,FOOD LIFELINE,≤100
162616177521935,ACM Strategies,ACM Strategies,≤100
223315101050132,Waters Kraus & Paul,Waters Kraus & Paul,≤100
571182609571332,NextGen America,NEXTGEN CLIMATE ACTION COMMITTEE,≤100
1088950287806118,Climate Hustle 2,CFACT,≤100
573929926277617,My Beautiful Stutter,James Ryan Gielen,≤100
1362611860520997,Hill Firm,Hill Firm,≤100
137569740231452,Respect The Look,Respect The Look,≤100
2155040508095232,MonopolyWars,MonopolyWars.com,≤100
1712381442314346,STAND League,Church of Scientology International,≤100
332172544231683,America's Plastic Makers,"AMERICAN CHEMISTRY COUNCIL, INC.",≤100
420785874975425,Conservative Institute,The Conservative Institute,≤100
30139072158,CARE,CARE,≤100
887139178003592,The Dean Obeidallah Show,The Dean Obeidallah Show,≤100
107761702578379,American Institute for Cancer Research - AICR,American Institute for Cancer Research,≤100
100468121518961,La Porte News: By Chuck Rosa,Charles James Rosa,≤100
342887442508723,Convention of States,Convention of States Action,≤100
7962229886,Environmental Working Group,ENVIRONMENTAL WORKING GROUP,≤100
111955243675833,Brut News,Brut Media,≤100
314499212242,Pfizer,Pfizer Inc.,≤100
15771560300,Earthjustice,EARTHJUSTICE,≤100
34370387440,JDRF,JDRF INTERNATIONAL,≤100
342294162453301,Planned Parenthood,Planned Parenthood Federation of America,≤100
103851564652,Waterkeeper Alliance,WATERKEEPER ALLIANCE INC,≤100
222811984421691,Cold Bee Gone,Joyce K C None Dales,≤100
173837496125511,Conscious Step,Conscious Step,≤100
151883078314516,NationSwell,NationSwell,≤100
133764907211570,Concerned Citizen,Steven Niems,≤100
1849483715167852,Firefly Engagement,"Firefly Engagement Services, Inc.",≤100
116534199732974,USA Carry Online,USA Carry Online,≤100
153167611414243,Ohio House Democrats,The Ohio House Democratic Caucus,≤100
59254639983,Boston Medical Center,BOSTON MEDICAL CENTER,≤100
1389807071117013,Lynn Afendoulis,Lynn Afendoulis for Congress,≤100
108351177451734,TrumpMats.com,Trumpmat.com,≤100
142456572894631,Donald Trump Cardboard Cutouts,Garrett Earl Kirschbaum,≤100
77790954801,Salesian Missions,Salesian Missions,≤100
245284549333866,ASMDSS,ASMDSS,≤100
873550809444862,Mighty Earth,Mighty Earth,≤100
265339916844745,"Motion Picture Editors Guild, I.A.T.S.E. Local 700",MOTION PICTURE EDITORS GUILD,≤100
1585761838387907,Unity College Online,Unity College,≤100
113357956873068,Vote for Mike Petersen,Michael Jonathan Petersen,≤100
1750471095167410,Trump Train News,Trump Train News,≤100
101136147910784,Represent Justice,Represent Justice,≤100
152264148166020,Moms Clean Air Force,Moms Clean Air Force,≤100
124439470992784,Donahue for Sheriff,Jeanie Michelle Donahue,≤100
289446947817747,Global Citizen,"GLOBAL POVERTY PROJECT, INC.",≤100
375760676281438,Mermaid Straw,Mermaid Straw,≤100
602714436529710,End Citizens United,END CITIZENS UNITED,≤100
126498287375611,Michigan League of Conservation Voters,MICHIGAN LEAGUE OF CONSERVATION VOTERS,≤100
1055873511190792,Hello Resistance,Hello Resistance Apparel,≤100
163148530407080,Captain Mark Kelly,MARK KELLY FOR SENATE,≤100
105619777607169,Snarls And Kisses,Patrick Warren Mankins,≤100
589787637733608,Scherie S. Murray,SCHERIE MURRAY FOR CONGRESS,≤100
114477275237474,Mike Simpson For U.S. Congress,"Simpson for Congress, T. Layne Van Orden, Treasurer",≤100
1696537410609658,Graham Hill - Member of NRA Board of Directors,Graham Hill for NRA Board,≤100
1799282383731277,TwoSeventy,Alexander Jared Deutsch,≤100
458928061510318,Rita Hart for Iowa,RITA HART FOR IOWA,≤100
100968598130407,Tax Support Center,Mercedes Lease,≤100
1621211201473752,OKTreasure.com,Oklahoma State Treasurer's Office,≤100
115310769890538,Sadie's Joy Education,Leif Neil Olson,≤100
169440273093442,The Center for Election Science,The Center for Election Science,≤100
102548631287205,Keep America Great Coin 2020,Keep America Great Coin 2020,≤100
393932827634250,Dissent Pins,Common Practice,≤100
209516845093,NRDC Action Fund,NRDC Action Fund,≤100
99612358427,American Family Insurance,AMERICAN FAMILY LIFE INSURANCE COMPANY,≤100
293225127381200,Patriot Depot,The Patriot Depot,≤100
410950505604622,Omega Center for Sustainable Living (OCSL),"OMEGA INSTITUTE FOR HOLISTIC STUDIES, INC.",≤100
505653766599222,America First with Dr. Sebastian Gorka,Salem Media,≤100
723136714746586,The Common Ground Project,"The Common Ground Project, Inc.",≤100
2078647579047586,Project Pulso,Project Pulso,≤100
431001283775746,Sam Nation,Sam Nation,≤100
530604487365010,Old Glory Flagpole Kits,Service First Flag Poles,≤100
2254455051442790,Flag and Cross,Flag & Cross,≤100
656263988182462,Bill Hagerty,TEAM HAGERTY,≤100
80865461794,Public Service Company of Oklahoma (PSO),Whitney Shawn Emerick,≤100
108640580619154,Claire Gustafson for Congress,CLAIRE GUSTAFSON FOR CONGRESS 2020,≤100
602828763544800,Kate For Congress,KATE FOR CONGRESS,≤100
123857614319417,Texas Nationalist Movement,Texas Nationalist Movement,≤100
1747132688647028,Democratic Association of Secretaries of State,Democratic Association of Secretaries of State,≤100
186891114706643,Help Animals India,HelpAnimalsIndia,≤100
709491732434343,שורת הדין - Shurat HaDin,Israel Law Center,≤100
405469100189512,Still My President - Donald Trump,Red State Politics LLC,≤100
560140464159364,Stand for the 2nd Amendment,SFT2 Tactical Supply,≤100
1550688498409259,Alliance for Climate Resistant CA,Alliance for Climate Resistant California,≤100
102946544466689,No MO Slots,"No MO Slots, LLC",≤100
110312563826283,SadEarth,SADEARTHBRAND,≤100
132519055631,Farm Animal Rights Movement (FARM),FARM ANIMAL REFORM MOVEMENT INC,≤100
302504710102202,USUnited,Jeannette L Hoyt,≤100
1316372698453411,Alexandria Ocasio-Cortez,ALEXANDRIA OCASIO-CORTEZ FOR CONGRESS,≤100
1397799040234106,OpinionUP,OpinionUP LLC,≤100
1032931246869252,Ditch the Estate Tax,Policy And Taxation Group,≤100
108505303942541,Now Hear Me Out Podcast,Now Hear Me Out Podcast,≤100
431714727434474,Keep Idaho Free,Keep Idaho Free,≤100
107478604080028,Way To A Happy Heart,Iesha Marriah Nixon,≤100
1438882392887793,ADF Church Alliance,Alliance Defending Freedom,≤100
1419480864851393,Arizona Mirror,Arizona Mirror,≤100
108478014052676,Center Action Now,Center Action Now,303
109111900634787,Reverend Raphael Warnock,WARNOCK FOR GEORGIA,≤100
127755494595870,Progressive Takeover,PROGRESSIVE TAKEOVER,≤100
100256754899828,Patriot's Cave,Lucky Shot USA,≤100
101725991230589,Louisiana Conservative Republican Coalition,Louisiana Conservative Republican Coalition,≤100
184373328845372,Gigi Raffe,Gigi Raffe,≤100
109295990419284,Esther For Congress,ESTHER FOR CONGRESS,≤100
967055460165792,Maverick Doctor,Avishai Osher White,≤100
777657635932867,Blessings Through Action,Blessings Through Actions,≤100
101442908124605,Liberty Surveys,Liberty Surveys,≤100
587681288088728,Adam Brandon,"FREEDOMWORKS, INC.",≤100
171439799092,Riddell Sports,These ads ran without a disclaimer,≤100
387028015007642,Colorado Citizens Coalition,Colorado Citizens Coalition,≤100
17203056985,Partners In Health,Partners In Health,≤100
57846092173,American Bible Society,American Bible Society,≤100
44224524016,American Kidney Fund,"AMERICAN KIDNEY FUND, INC.",≤100
1383869268500535,Medicare World,Medicare World,≤100
100782758062291,Bernie Sanders Beanie,Stephen Alan Twyman,≤100
143986912311328,University of Vermont Continuing and Distance Education,University of Vermont,≤100
110019893736048,Grandpas Against Trump,Richard Carlton Carlton Daley,≤100
106281190989544,Help America Value Everyone  2020 HAVE Hat,These ads ran without a disclaimer,≤100
651030188696796,Desoto Parish District Attorney's Office,Desoto Parish District Attorney's Office,≤100
53541257714,The Arc of the United States,"ARC OF THE UNITED STATES, INC., THE",≤100
25998443394,MedPage Today,"EVERYDAY HEALTH, INC.",≤100
108180596030668,Elizabeth Dole Foundation,Elizabeth Dole Foundation,≤100
194377127954,Ladders,These ads ran without a disclaimer,≤100
7609325759,Jim McGovern,RE-ELECT MCGOVERN COMMITTEE,≤100
89324781720,Pat Toomey,Friends of Pat Toomey,≤100
15779440092,National Review,"NATIONAL REVIEW, INC.",≤100
165987503528599,Lindsey Graham,"TEAM GRAHAM, INC.",≤100
140944265994166,Center for Addiction Services and Psychotherapy Interventions Research,a research grant at The National Center on Addiction and Substance Abuse (CASA),≤100
183517831660100,Morning Consult,Morning Consult LLC,≤100
113051076740752,David Willingham for Cobb County State Court,Friends of Willingham for Cobb State Court,≤100
2072638396208222,Adam's Nest,"PTOWNLOVESHACK, LLC DBA Adam's Nest",≤100
104504438466,Federal Voting Assistance Program - FVAP,Federal Voting Assistance Program (FVAP),≤100
100113104866743,Political Action Committee for Model Aviation,POLITICAL ACTION COMMITTE FOR MODEL AVIATION INC,≤100
100926438191751,United We Succeed,United We Succeed,636
15687409793,World Wildlife Fund,World Wildlife Fund,≤100
593289284500311,Trump Rack,BOXD Marketing,≤100
497348647140658,Point Source Youth,Point Source Youth,≤100
175068270105,Seattle's Union Gospel Mission,SEATTLE'S UNION GOSPEL MISSION,≤100
25852730092,Care2,Care2 Inc,≤100
8047221596,Save the Children US,"SAVE THE CHILDREN FEDERATION, INC.",≤100
142474049098533,Robert Reich,Inequality Media Civic Action,≤100
1502654549792632,Protect Our Care,Sixteen Thirty Fund,≤100
184731548554164,PL+US,Plus Fund: Paid Leave for the United States,≤100
2346217618936823,Kendra Horn for Congress,KENDRA HORN FOR CONGRESS,≤100
280267791996700,Conservative Victory Fund,CONSERVATIVE VICTORY FUND,≤100
1836138529938551,Greater Half,Billy Benson,≤100
169746706728,Save Our Seas Foundation,Save Our Seas Foundation,≤100
1883837055193241,Shield Republic,Shield Republic,≤100
307943569254319,Florida Rights Restoration Coalition,Florida Rights Restoration Coalition,≤100
1399926390134311,Nature's Generator,Huntkey USA Inc,≤100
112252940283960,Joel for Ohio,Committee to elect Joel O'Dorisio,≤100
6231686654,Compassion International,"COMPASSION INTERNATIONAL, INCORPORATED",≤100
7209432197,Chris Coons,CHRIS COONS FOR DELAWARE,≤100
662005657324769,Inclusive Workers of the World - Humanist Edition,Andrew Williams Olmsted,≤100
304174600459936,Front Porch Sense,Marnie Lynn Kuhns,≤100
130912793621553,Food Bank For New York City,Food Bank For New York City,≤100
125601018054667,BelleLily Fashion,These ads ran without a disclaimer,≤100
127814007074,LIUNA,LABORERS INTERNATIONAL UNION OF NORTH AMERICA,≤100
130196227157534,American Forum For Israel,American Forum for Israel,≤100
107199049318619,Friends of Derek Kilmer,PEOPLE FOR DEREK KILMER,≤100
111309842220631,Greenleaf Gifts,"Greenleaf, Inc.",≤100
67180895597,National Shrine of St. Jude,The National Shrine of St. Jude,≤100
1023516414456183,Drain the DC Swamp PAC,DRAIN THE DC SWAMP PAC,≤100
302111635698,National Association of Tax Professionals (NATP),National Association of Tax Professionals,≤100
114386721939978,The Made in America Store,Made In America Store,≤100
28144169620,Alliance for Aging Research,Alliance for Aging Research,≤100
105010030848236,Bryant Cameron Webb,DR. CAMERON WEBB FOR CONGRESS,≤100
130196227157534,American Forum For Israel,Eugene Lekakh,≤100
1439364926329185,Animal Matters,Animal Matters,≤100
47710973068,Cooperative Action Network,National Rural Electric Cooperatives Association,≤100
197760674021143,Indivisible Guide,INDIVISIBLE ACTION,≤100
114017173453172,Eric Wolterman for Recorder,Eric Wolterman Campaign,≤100
20787991568,Senate Democrats,DSCC,≤100
201248453800242,My Pay My Say,Mackinac Center for Public Policy,≤100
79820371749,Ayanna Pressley,THE COMMITTEE TO ELECT AYANNA PRESSLEY,≤100
228754857151053,House Majority PAC,House Majority PAC,≤100
73277646827,Trees for the Future,Trees for the Future,≤100
1480061175614032,Kern Citizens for Energy,Kern Citizens for Energy,≤100
170591064699,Southern Poverty Law Center,"SOUTHERN POVERTY LAW CENTER, INC., THE",≤100
121388362246,Goldman Sachs,Goldman Sachs & Co.,≤100
102617961152741,Barbara Bollier,Bollier for Kansas,≤100
18982436812,ACLU,American Civil Liberties Union,≤100
105844410767627,The Mini Activist,The Mini Activist,≤100
96826022393,Yale Environment 360,Yale Environment 360,≤100
399067003454888,Sudan Relief Fund,Sudan Relief Fund Inc,≤100
34521916336,Brent Bozell,MEDIA RESEARCH CENTER,≤100
142992759853421,Be A Hero,BE A HERO PAC,≤100
103684467905403,"Million Majority Minority March to VOTE October 16, 2020""",Anthony Glenn Riley,≤100
589804548203965,Joe Biden for President 2020 - Unofficial,Bradley John Mancuso,≤100
10150100007820094,Wendy Davis,WENDY DAVIS FOR CONGRESS,≤100
175672252499829,Trending Views,Trending Views,≤100
123965317665623,N-Hance Wood Refinishing,N-Hance Inc.,≤100
140379955280,CFACT,Christina In Hae Wilson Norman,≤100
1692868424300466,"Socktopus, Ink",Socktopus Ink,≤100
106034100825061,The Constitution Avenger,Nicholas Chance Alexander,≤100
376638603087168,Save The Earth,8 Billion Trees LLC,≤100
1280400305319674,Tennesseans for Quality Early Education,Tennesseans for Quality Early Education Policy and Research,≤100
49414386380,Ilegal Mezcal,Ilegal Mezcal,≤100
309798029121030,Everytown for Gun Safety,Everytown for Gun Safety Action Fund Inc,≤100
1701899883357807,Seed Your Future,Seed Your Future,≤100
143152622368089,San Diego Zoo Safari Park,ZOOLOGICAL SOCIETY OF SAN DIEGO,≤100
1402827079932843,Low Income Relief,The Lighthouse Information Network LLC,≤100
1640970822834351,Plaine Products,Plaine Products,≤100
101339958052011,Lauren Necochea for Idaho,Lauren Necochea for Idaho,≤100
102250854673066,Jonathan Pinson for West Virginia House of Delegates District 13,Jonathan Adam Pinson,≤100
21559454473,FAIR,FEDERATION FOR AMERICAN IMMIGRATION REFORM,≤100
547176209061125,Medicare for All NOW,Medicare For All NOW!,≤100
2099448153445994,Students for Life Action,"STUDENTS FOR LIFE OF AMERICA, INC.",≤100
1451520385099902,Equal Voice Action,Equal Voice Action,≤100
328065780936817,Forest Fire Facts,Forest Fire Facts,≤100
56780242206,Agros International,Sierra Hana Golden,≤100
348856535576675,Legends of the Desert,William Michael Farmer,≤100
54787697857,Ron Wyden,WYDEN FOR SENATE,≤100
2188424341404612,Project Ready,Project Ready,≤100
150763151677363,Markwayne Mullin,MULLIN FOR CONGRESS,≤100
27311599342,Preemptive Love,Preemptive Love Coalition,≤100
1475056949212605,Charity Mobile,Charity Mobile,≤100
11911627997,Pancreatic Cancer Action Network,"PANCREATIC CANCER ACTION NETWORK, INC.",≤100
30914589895,The International Fellowship of Christians and Jews,"INTERNATIONAL FELLOWSHIP OF CHRISTIANS & JEWS, INC.",≤100
140357056032320,NEA Today,National Education Association,≤100
104006944272732,Honest Arizona,Advancing AZ,≤100
132492254050920,American AF,AAF Nation,≤100
178284854750,Nampa School District,Nampa School District,≤100
472558102932654,Peter Riggs for Idaho State Senate - District 3,Riggs for Idaho,≤100
229229790561217,Tamara Mellon,"Tamara Mellon Brand, Inc.",≤100
999775873528189,Stopping Socialism,The Heartland Institute,≤100
240425642652222,South Florida Wildlands Association,South Florida Wildlands Association,≤100
1087474374640616,Vocal,"Vocal Ventures, LLC",≤100
134845259917779,Rock 'Em Socks,Rock 'Em Socks,≤100
109889733883173,WE GOT TEEZ,RICHARD ANDREW-WITTE COMISKEY,≤100
115403471809909,Plastic Oceans,PLASTIC OCEANS INTERNATIONAL,≤100
296093157932840,The Fulcrum,Issue One,≤100
101568761447230,Compensation Experts USA,Injury Compensation Center,≤100
28446275521,Military Officers Association of America (MOAA),Military Officers Association of America,≤100
66926603938,American Zionist Movement,"AMERICAN ZIONIST MOVEMENT, INC.",≤100
25121889784,Texas Public Policy Foundation,Texas Public Policy Foundation,≤100
51533142540,Public Advocate of the U.S.,PUBLIC ADVOCATE OF THE US,≤100
100577113613446,Rock Your Bathroom,SK LANG Products,≤100
167586229923327,World Food Program USA,World Food Program USA,≤100
981661448510937,Meraki Journey,Meraki Bracelets,≤100
711478725532801,Civiqs,Civiqs,≤100
110084740444015,The Artist Out,The Artist Out,≤100
134452023239984,Human Coalition,Human Coalition,≤100
149657128797102,Boise River Enhancement Network,Boise River Enhancement Network INC,≤100
300774350436838,topplr,Data Genomix,≤100
203805062990264,Ben Shapiro,The Daily Wire,≤100
408252582872693,Daniella Levine Cava,"Daniella Levine Cava, Non-Partisan, for Miami-Dade County Mayor",≤100
385473284886474,Hillsdale College,HILLSDALE COLLEGE,≤100
2259323457517498,Abolish the Electoral College,ABOLISH THE ELECTORAL COLLEGE,≤100
146817005352784,Wellness.com,"Beachside Media, Inc.",≤100
106883907479649,HUPAC - Health Underwriters Political Action Committee,NATIONAL ASSOCIATION OF HEALTH UNDERWRITERS PAC (HUPAC),≤100
300719666712627,Moms Demand Action for Gun Sense in America,Everytown for Gun Safety Action Fund Inc,≤100
101591551371555,Fire Mitch. Save America.,SAVE AMERICA FUND,≤100
174046949421616,Phenomenal Woman Action Campaign,Phenomenal Woman Action Campaign,≤100
101103254533,SOS International,SOS International,≤100
1615018905412860,Progressive Turnout Project,PROGRESSIVE TURNOUT PROJECT,≤100
514442968569467,Northern Illinois Food Bank,NORTHERN ILLINOIS FOOD BANK,≤100
1166660030079480,National Democratic Redistricting Committee,National Democratic Redistricting Committee,≤100
137662367278,League of Women Voters of the U.S.,LEAGUE OF WOMEN VOTERS OF THE UNITED STATES,≤100
106667964023688,Modern Jungle,Modern Jungle Press,≤100
112735922758892,Charlie Kirk,Charlie Kirk,≤100
105175422857231,Association of American Railroads,ASSOCIATION OF AMERICAN RAILROADS,≤100
1690071827911682,Cleancult,cleancult,≤100
711909245654048,National Police Support Fund,National Police Support Fund,≤100
115911665626912,The Term Limit Revolution,Scott M Murphy,≤100
68771922854,Essence,Shaelyne Antonia Moodie,≤100
129240690441636,NAACP Legal Defense Fund,"N. A. A. C. P. LEGAL DEFENSE AND EDUCATIONAL FUND, INC.",≤100
109866783838178,Friends of Jason Atkinson,Friends of Jason Atkinson,≤100
1540549669581410,Voices for Affordable Health,Voices for Affordable Health,≤100
300992409852,Hoover Institution,Hoover Institution,≤100
481331019059116,The Published Reporter,The Published Reporter,≤100
163684173651518,SEIU Local 2015,SEIU LOCAL 2015,≤100
32975139631,If Americans Knew,If Americans Knew,≤100
142957224352,International Medical Corps,International Medical Corps,≤100
124626320898336,Catholic Extension,"CATHOLIC CHURCH EXTENSION SOCIETY OF THE UNITED STATES OF AMERICA, THE",≤100
661744180680367,National Police Association,"NATIONAL POLICE ASSOCIATION, INC.",≤100
262062478079324,Mckayla Wilkes for Congress,MCKAYLA WILKES FOR CONGRESS,≤100
126037931371545,Law Offices of Jonathan K. Park & Associates,Law Offices of Jonathan K. Park & Associates,≤100
28394917492,Second Harvest Food Bank of Central Florida,"SECOND HARVEST FOOD BANK OF CENTRAL FLORIDA, INC.",≤100
324785111015146,The Reformed Constitutionalist,Michael John Cuellar,≤100
8564653047,"Scott Thomas for Clearwater City Council, Seat 3",Scott Thomas Campaign,≤100
298827966811602,Trump Recession,Maurice Lane Ponsart,≤100
203652527043229,Chad Christensen for Idaho,Chad N Christensen,≤100
105405850844814,Mark Whitney for President,Ellerton Pratt Whitney,≤100
598830780279445,Say Yes to MCC,Say Yes to MCC,≤100
1528498354074301,Punching Bag Media - Conservative News,Sean Michael Probber,≤100
537181256742387,The New Center,The New Center,≤100
49209604726,Vermont Teddy Bear,"VERMONT TEDDY BEAR CO., INC., THE",≤100
283511548477587,ADD Advocate,Aaron Lawrence Friedman,≤100
336440323158789,Jack Burkman Radio,Jack Burkman Radio,≤100
2386704041588414,The Texan,The Texan,≤100
305832706292882,American Gun Association,GunAssociation.org,≤100
499379343409991,Impact Fund,"IMPACT FUND, THE",≤100
112235732143274,Glacier National Park Conservancy,Michael Robert Cantafio,≤100
27461595703,Carbonfund.org Foundation,829 Studios LLC,≤100
7976226799,The Daily Show,Comedy Central,238
1524411157786675,2moda,"A.M.D.A. DISTRIBUTORS, INC.",≤100
102592959026,Ocean Conservancy,"OCEAN CONSERVANCY, INC.",≤100
106241024214152,American Home Life Periodical,Steven Luu Nguyen,≤100
440551812676698,Open The Books,American Transparency,≤100
202281636466702,Unseen,Unseen,≤100
557113921291144,Learning Dynamics,4 Weeks To Read LLC,≤100
1819658374974706,Arena,THE ARENA PAC,≤100
106557934225461,Bellbrook Vote For 9,Citizens For Sugarcreek Schools,≤100
108970206976,World Vision USA,WORLD VISION INC.,≤100
237788366660686,Tax March,Tax March,≤100
490605891393110,Bead the Change,Bead the Change,≤100
1546952572205770,UAEUSAUnited,These ads ran without a disclaimer,≤100
107803440835562,US Hot Gears,Click Wonders,≤100
49651563727,Live Action,Live Action,≤100
162493793737,Rick Green,Richard Arlin Green,≤100
104796740879587,theobamachicksbook,Pamela Jasper,≤100
88849518243,Northwest Treaty Tribes,Northwest Indian Fisheries Commission,≤100
337490192991981,Grabien,Grabien Inc,≤100
1613516851999536,Sunrise Movement,SUNRISE PAC,≤100
100256754899828,Patriot's Cave,Patriot's Cave,≤100
143021112391265,Jacobin magazine,Jacobin Foundation,≤100
596730444143151,Pollytics,These ads ran without a disclaimer,≤100
109021767293838,Making Retirement Last,Making Retirement Last,≤100
39841702391,United States Conference of Mayors,UNITED STATES CONFERENCE OF MAYORS,≤100
125162818118662,Citizens to Elect Judge Sheree D. Henry,Citizens to Elect Judge Sheree D Henry,≤100
1892022607699008,Cocky Trump,Freedom Fighters USA,≤100
111812468884033,W.K. Kellogg Foundation,W. K. KELLOGG FOUNDATION,≤100
2406284459692230,Bees4Seas Natural Beeswax Food Wrap,Melissa Marie Eastin,≤100
216052228433696,Arcus Foundation - Social Justice,ARCUS FOUNDATION,≤100
109148490703523,Trump Gear Shop,Christiana None Dryden,≤100
830121337093232,National Democratic Training Committee,NATIONAL DEMOCRATIC TRAINING COMMITTEE PAC,≤100
28510612138,Uncommon Knowledge,Hoover Institution,≤100
15503839732,Peter G. Peterson Foundation,Peter G. Peterson Foundation,≤100
24126948070,PrintPlace,"Digital Room, Inc.",≤100
7860876103,Joe Biden,BIDEN FOR PRESIDENT,328
106136417435051,Iwantmyoceanback,Iwantmyoceanback,≤100
21455818797,Feed the Children,"FEED THE CHILDREN, INC.",≤100
1963992303848678,DHVANI,DHVANI,≤100
96935476345,Democratic Governors Association (DGA),DEMOCRATIC ACTION,≤100