﻿Page ID,Page Name,Disclaimer,Amount Spent (USD)
153080620724,Donald J. Trump,TRUMP MAKE AMERICA GREAT AGAIN COMMITTEE,7983
7860876103,Joe Biden,BIDEN VICTORY FUND,4012
1771156219840594,Team Trump,TRUMP MAKE AMERICA GREAT AGAIN COMMITTEE,3154
309993142375589,Joe Kennedy III,KENNEDY FOR MASSACHUSETTS,2609
156968474833352,Stop Republicans,Stop Republicans,2275
388547605724,Richard Neal,RICHARD E NEAL FOR CONGRESS COMMITTEE,1834
127755494595870,Progressive Takeover,PROGRESSIVE TAKEOVER,1543
20787991568,Senate Democrats,DSCC,1526
925007000949719,ExxonMobil,Exxon Mobil Corporation,1416
348735225520890,Becky Grossman for Congress,Becky Grossman for Congress,1396
470241276500901,Women Vote,WOMEN VOTE!,1260
212669305456262,V.A. Shiva Ayyadurai,SHIVA 4 SENATE,1227
198899403470180,Massachusetts Right to Repair Coalition,Mass Right To Repair Committee,1175
269499756522301,Seth Moulton,MOULTON FOR CONGRESS,1126
197760674021143,Indivisible Guide,INDIVISIBLE ACTION,1078
328072970642479,Jaime Harrison,JAIME HARRISON FOR US SENATE,1078
1615018905412860,Progressive Turnout Project,PROGRESSIVE TURNOUT PROJECT,976
202626512363,U.S. Census Bureau,U.S. Census Bureau,942
96935476345,Democratic Governors Association (DGA),Democratic Governors Association,859
355223168416491,Alex Morse for Congress,ALEX MORSE FOR CONGRESS,796
19554217292,American Heart Association: You're the Cure,American Heart Association,581
163148530407080,Captain Mark Kelly,MARK KELLY FOR SENATE,556
592250887586314,Jake Auchincloss,Jake Auchincloss for Congress,543
328853823844484,Balance of Power,Balance of Power,502
277005566267077,Blueland,Blueland,472
106885790754401,Robbie for Change,THE COMMITTEE TO ELECT ROBBIE GOLDSTEIN,434
9324910069,NRSC,NRSC,414
675471506247724,Adair for Congress,ADAIR FOR CONGRESS,395
57259033959,AARP,AARP,380
602714436529710,End Citizens United,END CITIZENS UNITED,380
6204742571,Sierra Club,SIERRA CLUB,367
303167829786891,Ed Markey,THE MARKEY COMMITTEE,338
358951317539562,Katherine Clark,KATHERINE CLARK FOR CONGRESS,331
104856814505092,The Kids Guide,The Kids Guide,323
105269984593079,The Way I See It,Focus Features,320
2267285956849056,Donald Trump 2020 Fans,I Love My Freedom,302
791543660926838,"I'll go ahead and keep my guns, Thanks",2A4LIFE LLC,284
165987503528599,Lindsey Graham,"TEAM GRAHAM, INC.",280
2078647579047586,Project Pulso,Project Pulso,279
1316372698453411,Alexandria Ocasio-Cortez,THE SQUAD VICTORY FUND,261
207116385995301,Massachusetts Clean Energy Center,Timothy A Davies,254
830121337093232,National Democratic Training Committee,NATIONAL DEMOCRATIC TRAINING COMMITTEE PAC,245
111749023656141,John Paul Moran For US Congress MA-6 - R,STAND WITH JOHN PAUL MORAN,245
33110852384,Doctors Without Borders/ Médecins Sans Frontières (MSF),Doctors Without Borders/Médecins Sans Frontières (MSF),241
114710126648118,Republican Dogs,Republican Dogs,241
158791100909689,Concerned Veterans for America,Concerned Veterans for America,239
106244251043808,Reuse Plastics,"AMERICAN CHEMISTRY COUNCIL, INC.",233
2352630938293825,Mytacticalpromos,Entremax,227
665345483483486,NRA - National Rifle Association of America,NATIONAL RIFLE ASSN OF AMERICA,218
311109592866662,Fund Our Future,Massachusetts Education Justice Alliance,205
438678183588710,Ihssane For Congress,IHSSANE FOR CONGRESS,205
1336293769761923,Jon Ossoff,JON OSSOFF FOR SENATE,204
102183001200470,Dave Cavell for Congress,CAVELL FOR CONGRESS,202
96935476345,Democratic Governors Association (DGA),DEMOCRATIC ACTION,198
101279451606075,Democratic Strategy Institute,Democratic Strategy Institute,186
5435784683,Greenpeace USA,"GREENPEACE, INC.",183
2054286024792538,It's Our Move,Barr Foundation,181
449474941903579,Andrew Flowers for State Representative,Andrew Flowers for State Representative,176
259130650776119,Mitch McConnell,MCCONNELL SENATE COMMITTEE,173
103736531150523,Phelan for Sheriff,Phelan for Sheriff,170
150473787512,MIRA: Massachusetts Immigrant & Refugee Advocacy Coalition,Massachusetts Immigrant and Refugee Advocacy Coalition,166
275364153020286,Massachusetts Voter Table,"THIRD SECTOR NEW ENGLAND, INC.",165
345504286342057,Keeping America Great Again,RightWingGear.com,164
260061455598,Alan Khazei,KHAZEI FOR CONGRESS,163
373814729643508,Let America Vote,LET AMERICA VOTE PAC,160
2330577043935831,Sara Gideon,SARA GIDEON FOR MAINE,159
224147074374068,Kevin G. Honan,Committee to ReElect Kevin G Honan,157
429812024048177,Doug Jones for Senate,DOUG JONES FOR SENATE COMMITTEE,152
596556607135301,The Earthling Co.,The Earthling Co.,147
309308412520731,Sandy Hook Promise,Sandy Hook Promise,146
23875187730,Feeding America,Feeding America,145
393932827634250,Dissent Pins,Common Practice,141
172758932738142,PhRMA,PHARMACEUTICAL RESEARCH AND MANUFACTURERS OF AMERICA,139
176789922364429,Steve Daines,STEVE DAINES FOR MONTANA,133
6726182861,Mike Pence,TRUMP MAKE AMERICA GREAT AGAIN COMMITTEE,129
630305224147469,Zero Debt Massachusetts,Zero Debt Massachusetts,129
153080620724,Donald J. Trump,"DONALD J. TRUMP FOR PRESIDENT, INC.",128
168051710543266,Lacy Johnson,Lacy Johnson for Congress,125
107858693983382,The GOP Shop,The GOP Shop,124
8047221596,Save the Children US,"SAVE THE CHILDREN FEDERATION, INC.",124
167586229923327,World Food Program USA,World Food Program USA,121
111393882812494,Amy McGrath,"AMY MCGRATH FOR SENATE, INC.",119
355316521236121,John Cornyn,TEXANS FOR SENATOR JOHN CORNYN INC.,119
717022005384027,BIOAction,BIOTECHNOLOGY INNOVATION ORGANIZATION,113
342294162453301,Planned Parenthood,Planned Parenthood Federation of America,110
677005135756125,Community Catalyst Action Fund,Community Catalyst Action Fund,108
17203056985,Partners In Health,Partners In Health,107
309798029121030,Everytown for Gun Safety,Everytown for Gun Safety Action Fund Inc,107
7263476274,Mercy Corps,Mercy Corps,101
109111900634787,Reverend Raphael Warnock,WARNOCK FOR GEORGIA,≤100
7292655492,MoveOn,MOVEON.ORG POLITICAL ACTION,≤100
8934429638,Planned Parenthood Action,Planned Parenthood Action Fund,≤100
107654924064350,Pat Timmons-Goodson,PATRICIA TIMMONS-GOODSON FOR CONGRESS,≤100
1316372698453411,Alexandria Ocasio-Cortez,Alexandria Ocasio-Cortez for Congress,≤100
7814597100,Jim Jordan for Congress,JIM JORDAN FOR CONGRESS,≤100
36872302227,Cory Booker,Cory Booker for Senate,≤100
310328405719890,Democrats for Education Reform - Massachusetts,Democrats for Education Reform Independent Expenditure PAC,≤100
1945649795733674,Big Daddi Dro,These ads ran without a disclaimer,≤100
8325302025,Friends of the Earth U.S.,Friends of the Earth,≤100
38235851310,USA for UNHCR,UNITED STATES ASSOCIATION FOR UNHCR,≤100
80562389320,NARAL Pro-Choice America,NARAL Pro-Choice America,≤100
1883837055193241,Shield Republic,Shield Republic,≤100
228754857151053,House Majority PAC,House Majority PAC,≤100
107210084216238,Humanity Forward,Humanity Forward,≤100
100256754899828,Patriot's Cave,Patriots Cave,≤100
7483836629,Ancestry,Ancestry.com Operations Inc.,≤100
102671331487937,I Love My Freedom Store,I Love My Freedom,≤100
311092829640373,"Salem, Massachusetts - City Government",Michael H Sperling,≤100
10423517786,Harvard Business Review,HARVARD BUSINESS SCHOOL PUBLISHING CORPORATION,≤100
109784800371914,Protect Kids: Fight Flavored E-Cigarettes,TOBACCO-FREE KIDS ACTION FUND,≤100
1393911800825140,OZY,OZY Media Inc,≤100
106140571085743,Natalia For Congress,NATALIA LINOS FOR CONGRESS,≤100
8492293163,Environmental Defense Fund,Environmental Defense Fund,≤100
717115395103069,PrintedKicks,Printed Kicks,≤100
20531316728,Facebook App,These ads ran without a disclaimer,≤100
278490715553293,Martha McSally,MCSALLY FOR SENATE INC,≤100
296708523873754,Karla Dennis and Associates Inc.,"Karla Dennis & Associates, Inc",≤100
292351509697,Jerusalem Prayer Team,Jerusalem Prayer Team,≤100
18813753280,Human Rights Campaign,"HUMAN RIGHTS CAMPAIGN, INC.",≤100
219224241438635,Compassion & Choices,COMPASSION & CHOICES,≤100
112974563687584,Robert Kiyosaki - The Rich Dad Poor Dad Letter,Long Form Creative Co.,≤100
134597023235240,Rashida Tlaib,RASHIDA TLAIB FOR CONGRESS,≤100
107171061008131,Mass Housing Coalition,Massachusetts Housing Coalition,≤100
35169196082,Project HOPE,"PROJECT HOPE-THE PEOPLE-TO-PEOPLE HEALTH FOUNDATION, INC.",≤100
132492254050920,American AF,AAF Nation,≤100
85452072376,Newsmax,Newsmax Media,≤100
17432811417,Working Families Party,Working Families Party National Independent Expenditure Committee,≤100
100391581727524,Defeat By Tweet,DEFEAT BY TWEET,≤100
143986912311328,University of Vermont Continuing and Distance Education,University of Vermont,≤100
1449461518652183,4Patriots,4Patriots LLC,≤100
106645684412573,Cover Air Medical,Cover Air Medical,≤100
106284734147532,Ceylan Rowe for Rep,Committee to Elect Ceylan Rowe,≤100
111581113532778,Yes on 2: Ranked Choice Voting,Ranked Choice Voting 2020 Committee,≤100
101181794707874,United Research Group,United Research Group,≤100
15687409793,World Wildlife Fund,World Wildlife Fund,≤100
102182598080480,Padraic Rafferty for Governor's Council,The Rafferty Committee,≤100
681745912255844,John Cummings for Congress,CUMMINGS FOR CONGRESS,≤100
221401431386940,Pramila Jayapal,PRAMILA FOR CONGRESS,≤100
103335911290689,Joe Gravellese for State Representative,The Committee to Elect Joseph Gravellese,≤100
6236054211,Brady,Brady Campaign to Prevent Gun Violence,≤100
103653994359958,Harvard Forward,The Boarding School,≤100
152931318114858,Jessica Giannino,Committee to Elect Jessica Giannino,≤100
7976226799,The Daily Show,Comedy Central,≤100
108794587327155,Good Programs 2020,Trevor Dale Seaks,≤100
79820371749,Ayanna Pressley,THE SQUAD VICTORY FUND,≤100
104614641200137,MeidasTouch,MEIDASTOUCH,≤100
101136147910784,Represent Justice,Represent Justice,≤100
2353537341582545,Proud Patriots,Proud Patriots,≤100
100137754724934,Trump 2020 Supporters,Proud Right Winger,≤100
92925746942,Judicial Watch,Judicial Watch,≤100
461204744067686,Family Protection Association,Family Protection Association,≤100
103597604713894,Team Trump Store,TRUMP MAKE AMERICA GREAT AGAIN COMMITTEE,≤100
1061240530648502,Joe Collins,JOE COLLINS FOR CONGRESS,≤100
1270054533067724,CleanChoice Energy,CleanChoice Energy,≤100
97493741436,John W. Hickenlooper,HICKENLOOPER FOR COLORADO,≤100
38471053686,Elizabeth Warren,"WARREN DEMOCRATS, INC.",≤100
113666459994300,Big Dan Rodimer for Congress,RODIMER FOR CONGRESS,≤100
104170004713256,Elect Black Democrats,THE COLLECTIVE PAC,≤100
105577974544303,The USA Needs More Patriots,Anthony Alexander Morales,≤100
605168822998856,314 Action,314 ACTION FUND,≤100
51610058563,Men's Health Network,Men's Health Network,≤100
236883347184272,Belsito for Congress,BELSITO FOR CONGRESS,≤100
114570545240850,Who Gives A Crap,These ads ran without a disclaimer,≤100
433919203362871,Bird + Stone,BIRD & STONE INC,≤100
407664862957433,Ammar Campa-Najjar for Congress,AMMAR CAMPA-NAJJAR FOR CONGRESS,≤100
971668776283950,PolicyEd,Hoover Institution,≤100
6713653788,Gary Peters,PETERS FOR MICHIGAN,≤100
110083713907570,Justin Klekota Democratic State Committee,Friends of Justin Klekota,≤100
101731594968834,Resist Tweety,Resist Tweety,≤100
6820348410,Kirsten Gillibrand,Off the Sidelines,≤100
115379705206001,U.S. Department of Homeland Security Blue Campaign,DHS Blue Campaign,≤100
1690071827911682,Cleancult,cleancult,≤100
1400927463555875,Imperfect Foods,Imperfect Produce,≤100
737686089933715,Conservative Collections,Mainline Media Group,≤100
277414242013,Joyce Elliott for Congress,JOYCE ELLIOTT FOR CONGRESS,≤100
5720973755,Defenders of Wildlife,DEFENDERS OF WILDLIFE,≤100
1917715138510680,Follow Your Legend,Legend Bracelet,≤100
25852730092,Care2,Care2 Inc,≤100
18982436812,ACLU,American Civil Liberties Union,≤100
109526232935380,Synthisophy,Synthisophy,≤100
109379100777665,Patriotism Isn't Dead,Patriot Polling,≤100
110018833813683,Flip the Senate,SMP,≤100
104051398040027,CCW Online Now_,Concealed Country,≤100
18709174006,National Audubon Society,"NATIONAL AUDUBON SOCIETY, INC.",≤100
15188122178,The Hamilton Collection,The Hamilton Collection,≤100
1836138529938551,Greater Half,Greater Half,≤100
184731548554164,PL+US,Plus Fund: Paid Leave for the United States,≤100
24330467048,Americans for Prosperity,AMERICANS FOR PROSPERITY,≤100
1041060392597763,Terrence Kennedy Governor's Councilor,Kennedy Committee,≤100
30708742052,FCTRY,FCTRY,≤100
112736695910012,Massachusetts Parents United,Massachusetts Parents United,≤100
19192438096,AAAS - The American Association for the Advancement of Science,American Association for the Advancement of Science,≤100
257019421075897,Cory Gardner,Cory Gardner for Senate,≤100
1528980567353817,Love Has No Labels,Love Has No Labels with Facebook Ad Credits,≤100
111428049989,Cal Cunningham,CAL FOR NC,≤100
106224464107240,Jo Jorgensen,Jo Jorgensen for President,≤100
192015461630968,Supporting Our Brave Veterans,James Brian Plouf,≤100
58654176998,Patrick O'Connor,The O'Connor Committee,≤100
629732217415068,Republican Party,Greater Half,≤100
325551154162360,Massachusetts Fiscal Alliance,Massachusetts Fiscal Alliance,≤100
111749023656141,John Paul Moran For US Congress MA-6 - R,John  Paul Moran,≤100
1765073800454902,Reform Austin,Reform Austin Inc.,≤100
45393753416,Alliance Defending Freedom,Alliance Defending Freedom,≤100
598924810530984,Keeping America Great,FamTeeWorld,≤100
788394134539871,USPS Business,United States Postal Service,≤100
102592959026,Ocean Conservancy,"OCEAN CONSERVANCY, INC.",≤100
780941275347834,Ilhan Omar,ILHAN FOR CONGRESS,≤100
104350371125616,Noel DiBona for Register of Probate Norfolk County,Committee to Elect Noel DiBona,≤100
105577974544303,The USA Needs More Patriots,AmeriPolling,≤100
683872625157265,Theresa Greenfield,THERESA GREENFIELD FOR IOWA,≤100
102617961152741,Barbara Bollier,BOLLIER FOR KANSAS,≤100
329284771298646,Issue One Action,Issue One Action,≤100
96171427550,Raja for Congress,FRIENDS OF RAJA FOR CONGRESS,≤100
72186095846,Center For American Progress Action Fund,Center for American Progress Action Fund,≤100
167517583278440,Northeast Animal Shelter,"NORTHEAST ANIMAL SHELTER, INC.",≤100
327837911149503,2A4Life,2A4LIFE LLC,≤100
151525932186806,When Democrats Turn Out,WHEN DEMOCRATS TURN OUT PAC,≤100
49651563727,Live Action,Live Action,≤100
42002969352,Center on Budget and Policy Priorities,Center on Budget and Policy Priorities,≤100
266365440187046,State Representative Dan Ryan,The Ryan Committee,≤100
105732744375701,Steve Bullock,MONTANANS FOR BULLOCK,≤100
11791104453,NRDC,Natural Resources Defense Council,≤100
16477459734,League of Conservation Voters,"LEAGUE OF CONSERVATION VOTERS, INC",≤100
152952848171986,Dave Rogers,Committee To Elect Dave Rogers,≤100
103235554648484,Elect Scientists,314 ACTION FUND,≤100
106323360959211,Patriots Republic,Matthew James Stine,≤100
50982313030,Food & Water Watch,Food & Water Watch,≤100
209516845093,NRDC Action Fund,NRDC Action Fund,≤100
350316025478383,When We All Vote,When We All Vote,≤100
814882078905268,Angus McQuilken for Congress,ANGUS MCQUILKEN COMMITTEE,≤100
178024352559210,Great America PAC,GREAT AMERICA PAC,≤100
6820348410,Kirsten Gillibrand,Gillibrand for Senate,≤100
113262676827762,Jordan Meehan for State Representative - 17th Suffolk,JORDAN MEEHAN COMMITTEE,≤100
118269091671380,The Home T,The Home T,≤100
100101018155207,Paid Leave for All,Paid Leave for All a project of Hopewell Fund,≤100
131306317680000,Social Goods,"Social Goods, LLC",≤100
679171239164792,Supermajority,Supermajority,≤100
934438026690635,YouGov,YOUGOV AMERICA INC.,≤100
1109093812491437,Blaze Media,Blaze Media LLC,≤100
245284549333866,ASMDSS,ASMDSS,≤100
592707041080920,Stand Together,Stand Together Chamber of Commerce Inc.,≤100
36474716066,Color Of Change,ColorofChange.org,≤100
163302087408673,Stop The Donald,Stop the Donald,≤100
21834534343,Volunteers of America,"VOLUNTEERS OF AMERICA, INC.",≤100
27311599342,Preemptive Love,Preemptive Love Coalition,≤100
17911165812,Covenant House International,Covenant House,≤100
105269984593079,The Way I See It,These ads ran without a disclaimer,≤100
530604487365010,Old Glory Flagpole Kits,Service First,≤100
101237551589520,Tactical Patriot,Trizzie Truong,≤100
84258068778,FIRM Action,Center for Community Change Action,≤100
530604487365010,Old Glory Flagpole Kits,Service First Flag Poles,≤100
465483726908192,iVote,IVote Civic Education Fund,≤100
496696933682736,Jeff Merkley,JEFF MERKLEY FOR OREGON,≤100
27544763621,Prison Fellowship,Prison Fellowship,≤100
51405613519,Focus on the Family,Focus on the Family,≤100
181183059253295,Dorsal Bracelets,Dorsal Bracelets,≤100
149081336362,AmeriCorps VISTA,Corporation for National and Community Service,≤100
21559454473,FAIR,FEDERATION FOR AMERICAN IMMIGRATION REFORM,≤100
114625730266879,Republican Voters Against Trump,Defending Democracy Together,≤100
420785874975425,Conservative Institute,The Conservative Institute,≤100
102478061559294,Convention on Founding Principles,Convention on Founding Principles,≤100
103315464587143,All Access,John Leroy Soderberg,≤100
113271610392632,Tim Bohen,Long Form Creative Co.,≤100
210277954204,The Young Turks,"The Young Turks, Inc.",≤100
106333028376,"Nichols Kaster, PLLP",Nichols Kaster PLLP,≤100
23790541544,Democrats,DCCC,≤100
2037695643113766,Blexit,Blexit Foundation,≤100
107480420632044,Political Perch,Kevin R Mccarthy,≤100
1799282383731277,TwoSeventy,Alexander Jared Deutsch,≤100
104934207736995,Paycheck to Paycheck,Center for American Progress Action Fund,≤100
193217097766,Bill Keating,THE BILL KEATING COMMITTEE,≤100
1925751504337881,MJ Hegar,MJ FOR TEXAS,≤100
15239367801,The Wilderness Society,"WILDERNESS SOCIETY, THE",≤100
1934191280189700,Health Care Voter,Health Care Voter,≤100
10150100007820094,Wendy Davis,WENDY DAVIS FOR CONGRESS,≤100
210357995667559,The National Memo,The National Memo,≤100
107589664099282,Stand Up To China,"Stand Up To China, Inc.",≤100
740266592735787,Free to Be Kids,Free To Be Kids,≤100
103644036958,United Association,United Association Political Education Committee,≤100
125523504157200,Mike Bellotti for Norfolk County Treasurer,the Bellotti Committee,≤100
53541257714,The Arc of the United States,The Arc with Facebook Ad Credits,≤100
7609325759,Jim McGovern,RE-ELECT MCGOVERN COMMITTEE,≤100
551158678560402,Epimonia,Epimonia LLC,≤100
419237048158257,Susan Collins,COLLINS FOR SENATOR,≤100
186932688457686,CHNGE,CHNGE,≤100
101252258324890,The Con,Abramorama Inc.,≤100
101278694809805,Meme2020,Meme2020,≤100
493811210669780,Creative Action Network,Creative Action Network,≤100
2309566456030859,Human Coalition Action,Human Coalition Action,≤100
248306181862385,Live Lokai,Denise L Reina,≤100
195530355493,Chicks On The Right,Chicks on the Right,≤100
12683623041,Society for Human Resource Management (SHRM),SOCIETY FOR HUMAN RESOURCE MANAGEMENT,≤100
21375324480,The Heritage Foundation,HERITAGE FOUNDATION (THE),≤100
1456310534453054,Veteran Loans Online,"LMB OpCo, LLC",≤100
100119981671668,Blue Senate,BLUE SENATE PAC,≤100
101165966152,AFL-CIO,AFL-CIO,≤100
153678684700451,American Investment Council,AMERICAN INVESTMENT COUNCIL,≤100
719913581472398,Napoli Shkolnik PLLC,Napoli Law,≤100
331037760381749,Sierra Magazine,SIERRA CLUB,≤100
19342050934,Leadership Institute,LEADERSHIP INSTITUTE INC,≤100
102314011228013,Hear Our Voice Store,These ads ran without a disclaimer,≤100
106094077803532,Our National Family,Patrick Le Tran,≤100
113996810389881,Unite Norman,"Local Voter Information Network, Inc.",≤100
107084894017720,Deb Busser for State Representative,Busser Committee,≤100
105410567897348,Adopt an Officer,Adopt America LLC,≤100
586751814690068,Joni Ernst,Joni for Iowa,≤100
49059279814,Institute for Justice,INSTITUTE FOR JUSTICE,≤100
101591551371555,Fire Mitch. Save America.,SAVE AMERICA FUND,≤100
1338822066131069,Women's March,Women's March,≤100
142370046577999,Shahid Buttar for Congress,Shahid Buttar for Congress Committee,≤100
34362997676,United States Holocaust Memorial Museum,UNITED STATES HOLOCAUST MEMORIAL MUSEUM,≤100
1600352356914768,PushBlack,PushBlack,≤100
852784198406948,Boy Scouts Investigation,These ads ran without a disclaimer,≤100
417522508294454,Job Creators Network,Job Creators Network,≤100
267180743723148,National Geographic Society,National Geographic Society,≤100
129255907131113,NumbersUSA,NUMBERSUSA EDUCATION AND RESEARCH FOUNDATION,≤100
67626834312,National Women's Law Center,National Women's Law Center,≤100
245741028804051,Barbara Sinatra Center,Barbara Sinatra Children's Center,≤100
356482637745012,Stansberry Research,Stansberry Research,≤100
219247332354785,Phil Arballo for Congress,ARBALLO FOR CONGRESS,≤100
419992651425033,Guardianes del Pueblo-Consumer Law Group,Consumer Law Group,≤100
51379424899,Mercy Ships,MERCY SHIPS INTERNATIONAL,≤100
130467958471,Jason Lewis,Jason Lewis for Senate,≤100
5887538795,Education Week,Education Week,≤100
265268336865693,Do Amore,Do Amore Limited Company,≤100
376776419037747,Turning Point USA,Turning Point USA,≤100
628891490457484,Nancy Mace,Nancy Mace for Congress,≤100
357554791340788,Liker,Omar Rivero,≤100
72931140459,Center for Biological Diversity,"CENTER FOR BIOLOGICAL DIVERSITY, INC.",≤100
43821078871,Transport Workers Union (TWU),Transport Workers Union of America,≤100
1556932204325823,ProgressPop,ProgressPop,≤100
555787351119974,Coalition to Protect America's Health Care,Coalition to Protect America's Health Care,≤100
94047978366,PCCC - BoldProgressives.org,PROGRESSIVE CHANGE CAMPAIGN COMMITTEE,≤100
482899722113894,Peymynt Financial,Peymynt Financial,≤100
475127753257885,Jarred Rose for State Senate,ROSE FOR STATE SENATE,≤100
102564128179023,Truth to Power,TRUTH TO POWER,≤100
1852520761657982,4ocean,4ocean,≤100
775525186130124,Center for a Free Economy,Center for a Free Economy,≤100
176099072429809,Oceana in Florida,OCEANA,≤100
17475614410,Hispanic Federation,Paid for by Hispanic Federation with Facebook Ad Credits,≤100
103046977892124,Adam Christensen For Congress,ADAM J CHRISTENSEN FOR CONGRESS,≤100
587676831343390,Raheem AI,RAHEEM AI,≤100
142992759853421,Be A Hero,BE A HERO PAC,≤100
20876805343,March of Dimes,MARCH OF DIMES INC.,≤100
137828333383238,Ampion,Ampion Renewable Energy,≤100
101485931485408,UNITEDemocrats,UNITEDEMOCRATS PAC,≤100
169710960125365,Curzio Research,Curzio Research Inc.,≤100
785936231584382,Paula Jean Swearengin,Paula Jean for West Virginia,≤100
293225127381200,Patriot Depot,The Patriot Depot,≤100
135298176481584,Marine Corps Scholarship Foundation,Marine Corps Scholarship Foundation,≤100
119006106155684,PI Energy,Andrew P Chung,≤100
101210588150219,Boy Scouts Abuse Claims,X Social Media LLC,≤100
203330919857759,All On The Line,National Redistricting Action Fund,≤100
154510321337994,Chris Pappas for Congress,CHRIS PAPPAS FOR CONGRESS,≤100
1526736227567131,TrueCoverage,True Coverage,≤100
143089732792,Marsha Blackburn,Blackburn Tennessee Victory Fund,≤100
107483817554072,WorkMoney,WorkMoney,≤100
100124595113383,Victor Ashe,"William F. Buckley, Jr. Program",≤100
142278567941,Massachusetts Teachers Association,Massachusetts Teachers Association,≤100
977704775606273,Balls Deep Tackle,Balls Deep Tackle,≤100
105455840860559,Eagle Realm,Eagle Realm,≤100
108683164271262,Patriots for Life,Grant Alan Johnston,≤100
79820371749,Ayanna Pressley,THE COMMITTEE TO ELECT AYANNA PRESSLEY,≤100
281884085611820,Tedra Cobb,COMMITTEE TO ELECT TEDRA COBB,≤100
7292655492,MoveOn,MOVEON.ORG CIVIC ACTION,≤100
121626482110,Operation Smile,"OPERATION SMILE, INC.",≤100
152264148166020,Moms Clean Air Force,Moms Clean Air Force,≤100
308159713150350,Voter Protection Project,VOTER PROTECTION PROJECT,≤100
457636937772389,Thomas Frank Ardinger,Thomas F Ardinger,≤100
102745147891580,Trump Coolers,Eric Clifford Juels,≤100
149366465128820,Nicole Galloway,Nicole Galloway for Missouri,≤100
747783932079184,Jared Golden for Congress,COMMITTEE TO ELECT JARED GOLDEN,≤100
6333396177,NewsBusters.org,MEDIA RESEARCH CENTER,≤100
911828698840246,ReLEntless Defender Apparel,ReLEntless Defender Apparel,≤100
2012750189007245,Liquid Death Mountain Water,Liquid Death,≤100
101485404914361,Bad News Wares,Bad News Wares,≤100
345378512258813,Elise Stefanik,ELISE FOR CONGRESS,≤100
34370387440,JDRF,JDRF INTERNATIONAL,≤100
173837496125511,Conscious Step,Conscious Step,≤100
6165653060,AFSCME,AMERICAN FEDERATION OF STATE COUNTY & MUNICIPAL EMPLOYEES,≤100
342887442508723,Convention of States,Convention of States Action,≤100
305832706292882,American Gun Association,GunAssociation.org,≤100
1194865807192273,Conservative Gear,Outergoods LLC,≤100
296295018082,AARP en Español,AARP,≤100
159964696102,Kevin McCarthy,KEVIN MCCARTHY FOR CONGRESS,≤100
2049170775107862,Resistance By Design,Resistance By Design,≤100
237477017606,Club for Growth,Club for Growth,≤100
102916288137405,The Daily Republican,USA Movements LLC,≤100
124530924015,Hank Gilbert,HANK GILBERT FOR CONGRESS,≤100
609022902623021,Senator Jim Welch,The Committee to Elect James T. Welch,≤100
105943157686335,Trust Michigan Families,TRUST MICHIGAN FAMILIES,≤100
41182871633,National Museum of American Jewish History,National Museum of American Jewish History,≤100
104684067632334,Unite the Country,UNITE THE COUNTRY,≤100
217976018236954,OutKick,Outkick Media LLC,≤100
134452023239984,Human Coalition,Human Coalition,≤100
103160196440308,Brendan Crighton,Committee to Elect Brendan Crighton,≤100
101481584557260,Help Asheville Bears-HAB,Heather Christina Williams,≤100
1488803804538481,Mike Siegel for Congress - TX-10,MIKE SIEGEL FOR CONGRESS,≤100
593289284500311,Trump Rack,BOXD Marketing,≤100
106818500820807,Ted Philips for State Representative,The Philips Committee,≤100
108901687567015,Patriots Sound Off,Richard Brochetti,≤100
111702860231554,Matt Lieberman,Matt Lieberman for Senate,≤100
109919770417450,Southern Priorities,DCCC,≤100
1055873511190792,Hello Resistance,Hello Resistance Apparel,≤100
44255328352,Farm Forward,Farm Forward,≤100
100244434823394,Clemmer For Congress,CLEMMER FOR CONGRESS,≤100
223008867858902,American Action News,American Action News,≤100
107439427661844,Accountable Tech,Accountable Tech,≤100
255208337943901,Jobs Growth,"JOBS FREEDOM AND SECURITY PAC, Not authorized by any candidate or candidate’s committee.",≤100
284946111858895,Debbie Mucarsel-Powell,DEBBIE FOR CONGRESS,≤100
102499901286348,Bold Vision P.C.,Bold Vision PC,≤100
107412414404634,2020Biden,Alex S Gilman,≤100
141692255929599,Democratic Socialists of America,DEMOCRATIC SOCIALISTS OF AMERICA INC,≤100
169597416843751,Stand Up America,Stand Up America,≤100
1837115116571746,Topic,"First Look Productions, Inc",≤100
61265398450,AmeriCorps NCCC,Corporation for National and Community Service,≤100
153278754738777,Climate Reality,The Climate Reality Project,≤100
227764782729,AMERICAN - STRONG!,American Strong LLC,≤100
110287393934484,Sharp for Somerville,Sharp for Somerville,≤100
289038354570701,City Councilor Dave Flaherty,David A Flaherty,≤100
228132537208218,Tammy Duckworth,TAMMY FOR ILLINOIS,≤100
1914537155242810,Life: Powered,Texas Public Policy Foundation,≤100
892673067526965,Project War Path,Project War Path,≤100
8321461609,MomsRising.org,MomsRising Together,≤100
104919414599745,People Over Profits,"The People Over Profits Florida, Inc.",≤100
46093654473,National Republican Congressional Committee,NRCC,≤100
166618413413767,Jay Sekulow,American Center for Law and Justice,≤100
55549065733,Voto Latino,VOTO LATINO INC.,≤100
1977738355807406,Sharice For Congress,SHARICE FOR CONGRESS,≤100
202600839762879,I Am Pro-Life,Focus on the Family,≤100
101690998009007,Improving Life Through Health,Nicolette Dalan,≤100
117437204982602,American Wild Horse Campaign,American Wild Horse Campaign,≤100
11111618026,Union of Concerned Scientists,"UNION OF CONCERNED SCIENTISTS, INC.",≤100
294196590710262,FWD.us,FWD.us,≤100
655065784538368,PredictIt,"PredictIt - Prediction Markets. A project of Victoria University of Wellington, PredictIt has been established to facilitate research into the way markets forecast events.",≤100
422202764649078,Rhode Island Department of Education - RIDE,Rhode Island Department of Education,≤100
560140464159364,Stand for the 2nd Amendment,SFT2 Tactical Supply,≤100
1323161541032507,For Our Future FL,For Our Future Action Fund,≤100
892335060832615,IFSI - Immigrant Family Services Institute-USA,Immigrant Family Services Institute Inc,≤100
1741729849281711,Uber & Lyft Sexual Assault Attorneys,Safer America,≤100
100233228182981,Madison Cawthorn for Congress,CAWTHORN FOR NC,≤100
408250066356,Bill O'Reilly,"Bill Me, Inc.",≤100
1012679305536045,Elissa Slotkin for Congress,ELISSA SLOTKIN FOR CONGRESS,≤100
111251062245160,Rob Consalvo,Consalvo Committee,≤100
1530883997194411,United States Constitution,Flag and Cross,≤100
405469100189512,Still My President - Donald Trump,Red State Politics LLC,≤100
19474609238,Mercatus Center at George Mason University,Mercatus Center at George Mason University,≤100
8550121410,Free Speech America Project,MEDIA RESEARCH CENTER,≤100
105010030848236,Bryant Cameron Webb,DR. CAMERON WEBB FOR CONGRESS,≤100
357750373755,National Domestic Workers Alliance,National Domestic Workers Alliance,≤100
1005566252861190,VOTEPROCHOICE,DEMOCRATS.COM,≤100
2132239103548917,Every Last One,Every Last One,≤100
117641114435,First Aid Beauty,First Aid Beauty,≤100
103730928025980,Safe and Sound In 2020,Kin Ngai Yeung,≤100
253791814655400,Doug Collins,"COLLINS FOR SENATE, INC.",≤100
1634651343331439,Project Wren,Landon Brand,≤100
295533050495998,Abogado de Inmigracion Jorge Rivera - Immigration Group LLC,Michael A Castillo,≤100
26006662641,Arizona Democratic Party,Arizona Democratic Party,≤100
101176014673943,Michelle for Kansas,MICHELLE FOR KANSAS,≤100
130945114804,World Jewish Congress,WORLD JEWISH CONGRESS AMERICAN SECTION INC,≤100
706716899745696,Women for Trump,TRUMP MAKE AMERICA GREAT AGAIN COMMITTEE,≤100
291102898490822,Giant Maga Hat,Inventors club LLC,≤100
373814729643508,Let America Vote,Let America Vote PAC and National Democratic Redistricting Committee,≤100
102636677971854,Trump Is The Storm,Legendary Trump Coins,≤100
21472760578,C-SPAN,C-SPAN,≤100
100722328329613,Every Single Vote,Every Single Vote,≤100
106402714456835,Trees 4 Australia,Trees4Australia,≤100
156994304362574,American Bridge 21st Century,AB PAC,≤100
127225910653607,PragerU,PragerU,≤100
103315378108004,True Patriot Strength,LE-HUU DONG HUYNH,≤100
42940254353,Human Rights Watch,"HUMAN RIGHTS WATCH, INC.",≤100
317284821682168,Messianic Jewish Alliance of America (MJAA),Messianic Jewish Alliance of America,≤100
103185334702225,Stop Trump PAC,STOP 45 PAC,≤100
1653251174924652,Fuzzu,Fuzzu,≤100
1632568446971453,Boredwalk,Boredwalk,≤100
502320477205654,I’m Bout Making My Ancestors Proud,Heritage Hill LLC,≤100
1439364926329185,Animal Matters,Animal Matters,≤100
953113491536337,Black to the Future Action Fund,Black to the Future Action Fund,≤100
607626319739286,Black Voices for Trump,TRUMP MAKE AMERICA GREAT AGAIN COMMITTEE,≤100
6231686654,Compassion International,"COMPASSION INTERNATIONAL, INCORPORATED",≤100
5943727453,American Humane,American Humane,≤100
2040270322863853,Tina Smith,TINA SMITH FOR MINNESOTA,≤100
9739634228,The Political Machine,"Hitcents.com, Inc",≤100
83290028957,Care Net,CARE NET,≤100
1192579580831773,Supermajority News,Supermajority,≤100
336470580233523,Pins and Aces Golf Co.,US Craft Brands LLC,≤100
137746666253194,Ann Kirkpatrick,KIRKPATRICK FOR CONGRESS,≤100
2185993931653388,The Recount,"Recount Media, Inc",≤100
34701792581,EWTN,Eternal Word Television Network,≤100
107594097685647,Julie Hall for Congress,COMMITTEE TO ELECT JULIE HALL,≤100
116534199732974,USA Carry Online,USA Carry Online,≤100
17023576156,The Leadership Conference on Civil and Human Rights,The Leadership Conference on Civil and Human Rights,≤100
1156676274461345,Mikie Sherrill,MIKIE SHERRILL FOR CONGRESS,≤100
303021540479767,Berkshire District Attorney's Office,Berkshire District Attorney's Office,≤100
595202960622885,John F. Lally,The Committee to Elect Jack Lally,≤100
110849485902,United Way,United Way Worldwide with Facebook Ad Credits,≤100
55549065733,Voto Latino,Voto Latino with Facebook Ad Credits,≤100
808450969246896,"Rebecca Walser, Tax Attorney, CFP",Walser Wealth Management,≤100
105084617912738,PatriotQuizzes,patriotquizzes.com,≤100
1413682351987764,Andy Kim for Congress,ANDY KIM FOR CONGRESS,≤100
21395843375,Dialysis Patient Citizens,DIALYSIS PATIENT CITIZENS INC,≤100
102389457864860,Treehuggers Bracelets,ECOMX LLC,≤100
15041226930,Oxfam,"OXFAM AMERICA, INC.",≤100
747436915270894,Congressional Leadership Fund,CONGRESSIONAL LEADERSHIP FUND,≤100
111892670610842,Political AF,Quyen Sanh Gip,≤100
112164673854264,Living Patriotically,Living Patriotically,≤100
416913748508616,We Welcome Refugees,We Welcome Refugees,≤100
75353945070,Boxed Water Is Better,Boxed Water Is Better,≤100
189452770432,Women's Campaign Fund,WOMENS CAMPAIGN FUND INC,≤100
106166404519806,Black Lives Matter,Bryan Daley,≤100
30914589895,The International Fellowship of Christians and Jews,"INTERNATIONAL FELLOWSHIP OF CHRISTIANS & JEWS, INC.",≤100
198875903295,Trek Bicycle,TREK BICYCLE CORPORATION,≤100
137764189586887,Chicago Teachers Union,Chicago Teachers Union,≤100
28144169620,Alliance for Aging Research,Alliance for Aging Research,≤100
128167457221813,Public Transportation,Voices for Public Transit,≤100
118303441570966,Home Ownership Matters,NATIONAL ASSOCIATION OF REALTORS,≤100
443329669123990,USAFacts,USAFacts Institute,≤100
114386721939978,The Made in America Store,Made In America Store,≤100
112735922758892,Charlie Kirk,Charlie Kirk,≤100
360424321432255,Doha Debates,Doha Debates,≤100
6041057841,The Humane Society of the United States,"HUMANE SOCIETY OF THE UNITED STATES, THE",≤100
107847454354960,Weekly American Lifestyle,Steve San,≤100
265866537068,Merrimack Valley Habitat for Humanity,"MERRIMACK VALLEY HABITAT FOR HUMANITY, INC.",≤100
105536127617594,The American Digest,The American Digest,≤100
1571453109770170,Reclaim The American Dream,Reclaim The American Dream,≤100
248181906078243,National Institute for Civil Discourse,CommonSense American,≤100
717417908274761,Lady Freethinker,Lady Freethinker,≤100
839073729808623,Hillary Scholten,SCHOLTEN FOR CONGRESS,≤100
548407915183371,Liz Cheney,Liz Cheney for Wyoming,≤100
109360297266116,Fearless Patriot,TERESA NONE OHARA-MARSH,≤100
260933440643373,UltraViolet,UltraViolet Action,≤100
614134231980299,Veterans Empowered To Protect African Wildlife,VETPAW INC,≤100
541807025833154,Malala Fund,Malala Fund,≤100
1424655311129385,Proud Pour,Proud Pour,≤100
1084856268238034,Trump Talking,Roberto None Lugo,≤100
109678580574253,Politicool Clothing Co.,PolitiCoolClothing.com,≤100
90498769709,Edenpure,EdenPURE®,≤100
105932937869050,Respect The Look Online Shop,Respect The Look Shop,≤100
107953199261156,ifaw,"INTERNATIONAL FUND FOR ANIMAL WELFARE, INC.",≤100
325578590837480,Protect Our Care,Sixteen Thirty Fund,≤100
1667892193505378,Hold the House,HOLD THE HOUSE PAC,≤100
13885075114,Action Against Hunger USA,ACTION AGAINST HUNGER - USA,≤100
10897453188,Operation Mobilization - OM USA,"OPERATION MOBILIZATION USA, INC.",≤100
100503184678036,BioLargo Water Inc.,"BioLargo, Inc.",≤100
35715544220,Stand.earth,STAND,≤100
174046949421616,Phenomenal Woman Action Campaign,Phenomenal Woman Action Campaign,≤100
1224429014390746,Catalysts,Freethink,≤100
262774994217218,Matt Mayberry for NH,MATT MAYBERRY FOR CONGRESS,≤100
1947525322184514,One Fair Wage,One Fair Wage,≤100
1575548746014602,The Order of Rights,Eden Digital Group LLC,≤100
7962229886,Environmental Working Group,ENVIRONMENTAL WORKING GROUP,≤100
105195651016535,Meg Wheeler For State Senate,Wheeler Committee,≤100
399366360669553,Jamaal Bowman for Congress,Bowman For Congress,≤100
819607471729183,Dr. Al Gross for US Senate,DR. AL GROSS FOR U.S. SENATE,≤100
361960287311696,Better Medicare Alliance,"Better Medicare Alliance, Inc",≤100
140357056032320,NEA Today,National Education Association,≤100
100719625004234,Home and Community,Cynthia Nguyen,≤100
8057376739,The Nature Conservancy,Nature Conservancy,≤100
103859441027698,Heartland Priorities,DCCC,≤100
32682889528,U.S. Chamber of Commerce,The U.S. Chamber of Commerce,≤100
1703389286598916,Rep. Nick Boldyga,The BOLDYGA CMTE,≤100
113302310024546,Medicare for All Education Initiative - MA,Kelley Caldwell Johnson,≤100
896759427103774,Modern Medicaid Alliance,Modern Medicaid Alliance,≤100
16534314739,Facing History and Ourselves,"FACING HISTORY AND OURSELVES NATIONAL FOUNDATION, INC.",≤100
24481937944,Theodore Roosevelt Conservation Partnership,"THEODORE ROOSEVELT CONSERVATION PARTNERSHIP, INC",≤100
169440273093442,The Center for Election Science,The Center for Election Science,≤100
6851405967,CREDO Mobile,"CREDO MOBILE, INC.",≤100
375760676281438,Mermaid Straw,Mermaid Straw,≤100
178835922297833,American Clinical Laboratory Association,American Clinical Laboratory Association,≤100
7219151423,The Fund for American Studies (TFAS),The Fund for American Studies,≤100
313097997669,StreetLightUSA,StreetLightUSA,≤100
1709145412721991,The Center for Growth and Opportunity at Utah State University,The Center for Growth and Opportunity,≤100
113266897143669,Stand To Defend,Korie Lynn Padgett,≤100
1859113087545137,Learn Everywhere,"yes. every kid, Inc.",≤100
556344894736772,"New England, New Energy",Resource Media,≤100
106280250950136,Attorney Courtney Madden for Register of Probate,Committee to Elect Courtney Madden,≤100
12177095451,El Planeta,Carlos Jose Munoz,≤100
1425435377743310,Conversations with Bill Kristol,The Foundation for Constitutional Government,≤100
1784991421516214,Seek Refuge,Seek Refuge,≤100
116222966843926,US Concealed,US Concealed,≤100
135537833142512,Massimo Dutti,These ads ran without a disclaimer,≤100
1527563887565895,Allen Waters for U.S. Senate,THE WATERS COMMITTEE,≤100
124626320898336,Catholic Extension,"CATHOLIC CHURCH EXTENSION SOCIETY OF THE UNITED STATES OF AMERICA, THE",≤100
112333396969405,Jim Bognet,Bognet for Congress,≤100
134597023235240,Rashida Tlaib,THE SQUAD VICTORY FUND,≤100
1204754733024419,People's Power Grab,ACRONYM,≤100
1640970822834351,Plaine Products,Plaine Products,≤100
108296990863730,Hero Action Fund,Hero Action Fund,≤100
105984667872147,Patriotic Liberty,Vivian Lam Nguyen,≤100
10498053716,Media Research Center,MEDIA RESEARCH CENTER,≤100
101127364972509,Dems For USA,Dems For USA,≤100
79125112926,Students for Life of America,"STUDENTS FOR LIFE OF AMERICA, INC.",≤100
107624487697615,Ian Richards for Judge,"Committee to Elect Ian Richards, nonpartisan for Circuit Court Judge Group 30",≤100
106680400989393,Boy Scouts Injury Survey,These ads ran without a disclaimer,≤100
394817334402124,2020 Trump Bill,Innovative Ecomm LLC,≤100
1452551204988299,GoReact,Speakworks Inc,≤100
8532248414,Wounded Warrior Project,"WOUNDED WARRIOR PROJECT, INC.",≤100
1721333671443168,Majority Forward,MAJORITY FORWARD,≤100
1425865851021246,Stephanie K. Fattman,Stephanie K Fattman,≤100
24982445498,ProQuest,PROQUEST LLC,≤100
32975139631,If Americans Knew,If Americans Knew,≤100
1268410219898273,Tango Tango,Tango Tango Inc,≤100
100355778430951,By Our Own Bootstraps,Brandon Vu,≤100
106949844346620,Trumpian Republicans,Gregory Lawrence Burright,≤100
646163692158881,Aníbal José Torres,Comité Aníbal José Senador,≤100
108729064265706,The Future Is Female,These ads ran without a disclaimer,≤100
897818990373008,Deaglan McEachern for New Hampshire,DEAGLAN MCEACHERN FOR SENATE,≤100
193618220508,LIFE Today,LIFE Outreach International,≤100
108173075911611,National Association of Letter Carriers,National Association of Letter Carriers,≤100
108273884315449,Real American Patriot,Gold Sky Ventures LLC,≤100
139837786064264,MASSterList,MASSterList,≤100
53727956260,Republican Jewish Coalition,Republican Jewish Coalition,≤100
1551109418518461,The Honest Patriot,Amundson Media LLC,≤100
384557995468219,Viral Casez,Viral Casez,≤100
1228396643984955,Michelle Steel,Michelle Steel for Congress,≤100
1869687273277265,Run for Something,Run For Something PAC,≤100
108029674299216,We The People,We The People,≤100
8934429638,Planned Parenthood Action,Planned Parenthood Votes,≤100
399067003454888,Sudan Relief Fund,Sudan Relief Fund Inc,≤100
711909245654048,National Police Support Fund,National Police Support Fund,≤100
109788797242679,The Patriot Circle,Kin Ngai Yeung,≤100
50711561090,Muslim Advocates,MUSLIM ADVOCATES,≤100
113110137118723,Collectible Currency,Christopher Walter Adams,≤100
7209432197,Chris Coons,CHRIS COONS FOR DELAWARE,≤100
73970658023,International Rescue Committee,International Rescue Committee,≤100
109459597525704,Living in Liberty,Korie Lynn Padgett,≤100
143021112391265,Jacobin magazine,Jacobin Foundation,≤100
174467403129304,Yoopine,Yoopine Inc.,≤100
102175879855284,Harper Perennial,HARPERCOLLINS PUBLISHERS L.L.C.,≤100
103322426424621,Jonathan Karl,Jonathan David Karl,≤100
148439128199,Massachusetts Down Syndrome Congress (MDSC),MA DOWN SYNDROME CONGRESS,≤100
105872574403318,Project TAMMI,a research grant at The National Center on Addiction and Substance Abuse (CASA),≤100
1658135304460341,MANG,MANG,≤100
200259660733791,Sanford Bishop,Sanford Bishop for Congress,≤100
700941689954518,Defend Our Future,Defend Our Future,≤100
999775873528189,Stopping Socialism,The Heartland Institute,≤100
28446275521,Military Officers Association of America (MOAA),Military Officers Association of America,≤100
1819658374974706,Arena,Arena PAC,≤100
456726427701838,Who Stole the American Dream?,Reclaim The American Dream,≤100
181924628560212,SumOfUs,SumOfUs,≤100
570524446405979,Only Human,Only Human,≤100
102315958243776,Patriotic Freedom,Vivian Lam Nguyen,≤100
6334782252,Oceana,OCEANA,≤100
598720023670599,Jennifer Carroll Foy,Jennifer Carroll Foy for Governor,≤100
2165983337048601,LeverforChange,Lever for Change,≤100
146302435441616,City Councilor Orlando Ramos,Orlando None Ramos,≤100
894096170667732,Ashley Hinson,Ashley Hinson For Congress,≤100
105428794198107,Dale Crafts,Dale Crafts for Congress,≤100
531623043662146,Flags of Valor,Flags of Valor,≤100
104828947838290,Sean Mullan for State Representative,the Mullan Committee,≤100
59877921429,Lutheran Immigration and Refugee Service,"LUTHERAN IMMIGRATION AND REFUGEE SERVICE, INC.",≤100
114885646899438,Mr. 45th,Clush,≤100
617818515282920,Trumpbert: a Parody of "Dilbert",Freeman Ng,≤100
330321486979917,WeWork,WeWork,≤100
205395906412,UAW International Union,"INTERNATIONAL UNION, UNITED AUTOMOBILE, AEROSPACE AND AGRICULTURAL IMPLEMENT WORKERS OF AM",≤100
15771560300,Earthjustice,EARTHJUSTICE,≤100
1802177709900081,The Spectator US,The Spectator US,≤100
107022520885752,Kathryn Hubley for Register of Probate,Committee to Elect Kathryn Hubley,≤100
108692310594568,UNITE HERE,UNITE HERE PAC,≤100
101647124981932,Patriot Flakes,Patriot Flakes,≤100
313426465202,Arizona Wildlife Federation,ARIZONA WILDLIFE FEDERATION,≤100
7642602143,Mother Jones,FOUNDATION FOR NATIONAL PROGRESS,≤100
1392215517462479,Lingua Franca,Lingua Franca NYC,≤100
110010433804232,Falkirk Center,Falkirk Center,≤100
111970730196550,World War Zero,AMERICAN SECURITY PROJECT,≤100
278487153675,Redneck Nation Clothing,Tracie Milliron Gold,≤100
829533340517729,"Tom Loughman, NH State Representative",Tom Loughman for NH,≤100
102781694834193,American Herald,America First Action,≤100
103654464668995,Home With Our Family,Alexander Chung,≤100
1642386799323957,Angie Craig,ANGIE CRAIG FOR CONGRESS,≤100
200201209253,Latino Community Foundation,Latino Community Foundation,≤100
830890360316751,Nick Hanauer,Civic Action,≤100
91346559231,Democratic Legislative Campaign Committee - DLCC,Democratic Legislative Campaign Committee,≤100
54787697857,Ron Wyden,WYDEN FOR SENATE,≤100
115757826468774,Statsigo,Statsigo,≤100
751679868274074,Hope for Students,THE EXPECTATIONS PROJECT INC,≤100
1789651861157958,Values To Action,Values to Action,≤100
112695097199217,Realtors for Grossman,National Association of REALTORS,≤100
107937014153581,Energized Health,John Jubilee Transformation LLC DBA Energized Health,≤100
101352851565699,Somos PAC,SOMOS PAC,≤100
59254639983,Boston Medical Center,BOSTON MEDICAL CENTER,≤100
160630887998827,Let Them Live,Let Them Live,≤100
136351733740927,State Representative Mike Soter,Committee to Elect Mike Soter,≤100
21492729544,Catholic Relief Services,CATHOLIC RELIEF SERVICES - UNITED STATES CONFERENCE OF CATHOLIC BISHOPS,≤100
100817908371975,The Patriot Authority,Catherine Sue Mantooth,≤100
104920704636017,Doctors For Democracy,Doctors for Democracy,≤100
100697751658498,Stronger.org,The Public Good Projects,≤100
175403889150682,FindLaw.com,FindLaw Consumer,≤100
186805048171120,U.S. & Texas LawShield,Texas LawShield,≤100
164638537494053,The Pollinator,United Church of Christ Environmental Justice Ministry,≤100
166087830076297,WebPT,WebPT,≤100
1441431779211032,Power to Impeach,POWER TO IMPEACH,≤100
180252152142614,Joe Neguse,JOE NEGUSE FOR CONGRESS,≤100
1627212824167934,Men4Choice,Men4Choice,≤100
227535924071462,Animal Petitions,AnimalPetitions.org,≤100
780606555331010,American Student Loan Advocate,ASLR Marketing,≤100
107197277617093,VoteSafe,National Vote At Home Institute,≤100
1679521432262834,Physicians Grassroots Network,American Medical Association,≤100
396932197039819,SafeSleeve,"SafeSleeve, LLC",≤100
394382318084500,United Against Mitch,GUARDIAN PAC,≤100
104704401202729,"Teresa's Tips, Tricks & Tools for Beauty, Health & Wealth",Teresa Marie Von Riegen,≤100
112492646811151,California Census,CA Census 2020,≤100
103929304678916,Voter Action Project,Integrity First Voter Action Project,≤100
6012633110,Communications Workers of America,"COMMUNICATIONS WORKERS OF AMERICA, AFL-CIO, CLC",≤100
109866370700481,PushBlack Finance,PushBlack,≤100
799539910084929,Shaun King,"Premiere Marketing, Inc.",≤100
123624513983,The Western Journal,The Western Journal,≤100
171651620209487,Brady PAC,Brady Pac,≤100
100568104869629,Palmucci Committee,Palmucci Committee,≤100
202531447982,Jimmy Chin,Protect Our Winters,≤100
1490352314409117,It's Pittsfield Tonight,Michael L Daly,≤100
102478528086004,Reading On the Left,St. Martin's Press,≤100
200650357207240,I Love My Freedom,I Love My Freedom,≤100
114123726635017,Alec for Rep,The DiFruscia Committee,≤100
194115677277113,A21,A21 with Facebook Ad Credits,≤100
169130743498585,Tactical Pro Supply,Chad Keller,≤100
374848446414965,Pollking,Benjamin Aaron Perlman,≤100
113310617054164,Trump Baseball Bats,Trump Baseball Bats,≤100
1234251319933440,Exclusive Apparel,The Dude's Threads,≤100
341513602902369,CALL TO ACTIVISM,CALL TO ACTIVISM,≤100
112623813202,LifeSiteNews.com,LifeSiteNews,≤100
107654244332660,Back BLM,Back BLM,≤100
121033149320,American Indian College Fund,"AMERICAN INDIAN COLLEGE FUND, THE",≤100
264352965583,Fall River Community Media,Fall River Community Media,≤100
18983389920,Open Society Foundations,Open Society Foundations,≤100
1600300510259910,For Our Future Pennsylvania,For Our Future Action Fund,≤100
10331123781,Special Olympics,Special Olympics Inc,≤100
108512875350,The Atlas Society,The Atlas Society,≤100
56332452163,AMA Patients Action Network,American Medical Association,≤100
248793048935235,Conservative Partnership,Conservative Partnership Institute,≤100
179909895355213,AIDS United,AIDS UNITED,≤100
78420171887,Sailors for the Sea,SAILORS FOR THE SEAINC,≤100
884042038424164,Christina Eckert for State Representative of 2nd Essex District,Campaign to Elect Christina Eckert for State Representative,≤100
691207914419036,RecyclingWorks MA,RecyclingWorks in Massachusetts,≤100
108074177199894,Ricky Canavan-Wagner for State Representative,Canavan-Wagner Committee,≤100
58158120046,ACLJ,American Center for Law and Justice,≤100
865976740219903,Jay McMahon for State Senate,McMahon Committee,≤100
167968013767335,Julie Oliver,JULIE OLIVER FOR CONGRESS,≤100
111237577031486,AquiPor Technologies,William Powers,≤100
105370081104608,Veterans for Trump,TRUMP MAKE AMERICA GREAT AGAIN COMMITTEE,≤100
814260155318929,The Fairness Project,The Fairness Project,≤100
341240953385902,Force Of Nature Meats,Force of Nature,≤100
102875587947942,Keep Trump In Office,Keep Trump In Office,≤100
2068988876444634,Stand Up for Accurate Prenatal Answers,STAND UP FOR ACCURATE PRENATAL ANSWERS INC,≤100
1862511410671222,Dana Ferguson for US Congress,FRIENDS OF DANA FERGUSON,≤100
190987118163092,Connected Clothing Company,Connected Clothing Company,≤100
259212814698356,Democratic Majority for Israel,Democratic Majority for Israel,≤100
103051554748325,Sherry Haller,"Sherry Haller 2020. Marlene Lambert, Treasurer. Approved by Sherry Haller.",≤100
156919911022572,Steven Horsford,NEVADANS FOR STEVEN HORSFORD,≤100
466775810098858,Retailers & Store Owners United to Rebuild our Communities' Economies,Retailers and Store Owners United to Rebuild our Communities’ Economies,≤100
241247646424302,Jahana Hayes,FRIENDS OF JAHANA HAYES,≤100
2646326642260384,New Hampshire Senate Republicans,NH Senate Republicans PAC,≤100
868405419972384,The Outrage,The Outrage,≤100
2259323457517498,Abolish the Electoral College,ABOLISH THE ELECTORAL COLLEGE,≤100
7735858972,Humane Society Legislative Fund,Humane Society Legislative Fund,≤100
1629757947259221,Vote Eric Robinson for School Board,Eric Robinson for School Board,≤100
211049239087028,Association of Young Americans,Benjamin J Brown,≤100
110089227413037,The Prepared Patriot,Edward Ha,≤100
169042736456594,All Out,All Out Action Fund.,≤100
42872222699,Dana Loesch,Dana Loesch Radio,≤100
789546641178807,Brand New Congress,Brand New Congress,≤100
1545826148838592,Trump 2020,Gregory Lawrence Burright,≤100
543066585882629,Libertarian Country,Libertarian Country,≤100
243399129090445,Christina Hale,HOOSIERS FOR HALE,≤100
133371530009217,WildEarth Guardians,WildEarth Guardians,≤100
8914040942,Chesapeake Bay Foundation,"CHESAPEAKE BAY FOUNDATION, INC., THE",≤100
192036794235483,Workers Unite! Film Festival,Andrew J Tilson,≤100
514167322309353,Dan Crenshaw,Dan Crenshaw for Congress,≤100
173470656019870,The Daily Yonder,Great Stories LLC,≤100
128716440866482,Adam Milstein,Adam Milstein,≤100
746938465317981,Nuclear Matters,Nuclear Matters,≤100
192771954102960,Jordan Sekulow,American Center for Law and Justice,≤100
13187955196,Young Americans for Liberty,Young Americans for Liberty,≤100
103526514708833,Lou Gargiulo for NH State Senate District 24,Friends of Lou Gargiulo PAC,≤100
339432396135584,The Exodus Road,EXODUS ROAD INC,≤100
5633824547,FreedomWorks,"FREEDOMWORKS, INC.",≤100
103983379801,Texas Democratic Party,Texas Democratic Party,≤100
1000253160054572,Cori Bush,CORI BUSH FOR CONGRESS,≤100
1782839735303295,Anthony J. Andronico,Andronico Committee,≤100
77790954801,Salesian Missions,Salesian Missions,≤100
931907200310657,Patients Rising Now,Patients Rising Now Inc,≤100
317667194946264,Ro Khanna,RO FOR CONGRESS INC,≤100
21647204289,Michigan Education Association,Michigan Education Association,≤100
98912141410,American Forests,American Forests,≤100
103531607822207,Noticias para Inmigrantes,"Wise Rock Media, PBC",≤100
196152367093112,Planned Parenthood Advocates of Nebraska,Planned Parenthood Advocates of Nebraska,≤100
103617578071596,Anti-Racism Campaign,Anti-Racism Campaign,≤100
872842866161157,One Nation Design,One Nation Design,≤100
102846434825096,Beat Abbott,Beat Abbott PAC,≤100
100668898359994,Michaud for Council at Large,Michaud for Newport,≤100
117144508670456,GUNVOTE,National Shooting Sports Foundation,≤100
119938779410497,Priorities for the People,DCCC,≤100
544628295627375,Anna Tovar,Tovar for Arizona. Authorized by Anna Tovar.,≤100
408252582872693,Daniella Levine Cava,"Daniella Levine Cava, Non-Partisan, for Miami-Dade County Mayor",≤100
135997359926517,SSDC Services,Jefery James Wenzel,≤100
104255784686223,The Lorna M. Johnson Global Institute,The Lorna M. Johnson Global Institute,≤100
71945223065,Diamond Resorts,Diamond Resorts,≤100
234628203317767,Made for Freedom,Made for Freedom,≤100
661744180680367,National Police Association,"NATIONAL POLICE ASSOCIATION, INC.",≤100
100401327980848,National Parents Union,National Parents Union,≤100
1719944924709939,Saving Jane,Saving Jane,≤100
100637888239523,Free Reign For All,Kin Ngai Yeung,≤100
114302593701939,Silent Majority Member,Silent Majority Member,≤100
143729616392084,Van Drew for Congress,Van Drew for Congress,≤100
114589523424777,Pat Duffy for State Rep,Kristen Anne Beam,≤100
540707072979860,Brian Maryott,MARYOTT FOR CONGRESS,≤100
24470472733,The Trevor Project,The Trevor Project,≤100
105882964535390,Cats Against Trump,Cats Against Trump,≤100
104469014642258,Plushie President 2020,Joshua E Livingston,≤100
102665201399226,Current Science Daily,Metric Media LLC,≤100
179145905973075,Sophie Ratner Jewelry,Sophie Ratner Jewelry,≤100
1397799040234106,OpinionUP,OpinionUP LLC,≤100
844605238920385,Laura Jens-Smith,FRIENDS OF LAURA JENS-SMITH,≤100
412739549455010,Karena Reiter,PrimaDonna Reeds,≤100
81517275796,UNICEF USA,UNITED STATES FUND FOR UNICEF,≤100
107665644228467,Conservative Journal Review,Conservative Journal Review LLC,≤100
109450437313515,Marcus Brown,"Brown4Senate, Anthony Musto, Treasurer. Approved by Marcus Brown",≤100
105023768642,U.S. Chamber Institute for Legal Reform,US Chamber Institute for Legal Reform,≤100
1290536624348001,Informed Immigrant,FWD.us Education Fund,≤100
2072638396208222,Adam's Nest,"PTOWNLOVESHACK, LLC DBA Adam's Nest",≤100
582293558518300,Abby Broyles,ABBY BROYLES FOR US SENATE,≤100
109497606063007,Councilorette Damali Vidot for State Representative,Vidot Committee,≤100
176239986344190,Brian Evans,BRIAN EVANS FOR US CONGRESS IN HAWAII,≤100
102180301437619,2020 American Defense Fund,C3 PAC,≤100
322551718276442,Lemons Are Blue,Lockwell LLC,≤100
106756327769815,Stand For The Promise,Stand For The Promise,≤100
102060947813668,"Brendan Lyons, MPA - For AZ State House, LD9",Lyons 4 AZ,≤100
2133130356918764,Common Justice,COMMON JUSTICE INC,≤100
2070944712939738,American Police Officers Alliance,American Police Officers Alliance,≤100
114319561948157,PCRF - Palestine Children's Relief Fund,Palestine Children's Relief Fund,≤100
150322194563,PASA Primates: Pan African Sanctuary Alliance,PAN AFRICAN SANCTUARIES ALLIANCE,≤100
13867925345,Equality Florida,Equality Florida,≤100
1498561767025112,Zephyr Teachout,Macmillan Publishing,≤100
7833534974,Florida Democratic Party,Florida Democratic Party,≤100
112325855474892,Speak Up For Education and Kids,National Education Association,≤100
638492549896672,Liberal Humans,Liberal Humans,≤100
289213691238937,Thrasher Coffee,Thrasher Coffee Co.,≤100
100123544800892,Disme Coin Company,Byron Michael Laughlin,≤100
216993775591259,America 2034: Utopia Rising,Progressive Source Communications LLC,≤100
104667417857551,United Association LLC,United Association LLC,≤100
108862184052039,ROMTech,"ROM Technologies, Inc.",≤100
123965317665623,N-Hance Wood Refinishing,N-Hance Inc.,≤100
1764185850558806,Apex Clean Energy,Apex Clean Energy,≤100
105702217760897,Pathogen Pro,Pathogen Pro,≤100
248468095247223,Rastaclat,Rastaclat,≤100
8936818385,Accuracy in Media,"ACCURACY IN MEDIA, INC",≤100
13531153805,Knight Foundation,Knight Foundation,≤100
315151565831,Ascension,Ascension Press,≤100
497081420632330,Dr. Hiral Tipirneni,HIRAL FOR CONGRESS,≤100
183424985463330,Joe Cunningham,JOE CUNNINGHAM FOR CONGRESS,≤100
292707798298161,Paz for Waltham,Paz For Waltham,≤100
114058190344853,A Woman's Place PAC,A WOMAN'S PLACE PAC,≤100
129523843754764,Vote Smart,PROJECT VOTE SMART,≤100
868259909915525,Susie Lee,Susie Lee for Congress,≤100
157810487611661,Freethink,Freethink,≤100
1678492922390061,WorkingNation,WorkingNation,≤100
576705655712575,Jason Williams,Run with Jason,≤100
105561217523274,The_Dispatch,"Dispatch Media, Inc.",≤100
107710887461480,Yes On IP34,Yes on IP 34,≤100
217569858071,Areva Martin,Areva Denise Martin,≤100
102970113093477,Church Militant/St. Michael’s Media,Max Aldcander Douglas,≤100
116122598445644,Elect James "Chip" Harrington,James Philip Harrington,≤100
32582320449,CMMB,CATHOLIC MEDICAL MISSION BOARD INC,≤100
1653885501501009,Propeller,Propeller Enterprises,≤100
128289862750,Liberty in North Korea,Liberty in North Korea,≤100
344690446467832,The Copper Courier,"Courier Newsroom, Inc.",≤100
274975862998213,Profs and Pints,Profs and Pints,≤100
337416009703682,Heather Carter,VOTE HEATHER CARTER SENATE,≤100
105157841248307,No Filter Politics,No Filter Politics,≤100
166166843531258,National Council of Resistance of Iran - شورای ملی مقاومت ایران,MEK-Iran (Saeid Saadati),≤100
260754507296508,The Voter Participation Center,Voter Participation Center,≤100
100699775058659,Education Now NC,Education Now,≤100
1945237355733646,Giving Brush,Giving Brush LLC,≤100
369214063089791,Lummis for Wyoming,LUMMIS FOR WYOMING INC.,≤100
523486791061635,Jon Hoadley,JON HOADLEY FOR CONGRESS,≤100
100594124879770,Vote for Vilma,CTE Vilma Martinez-Dominguez for Mayor of Lawrence,≤100
195620754724,Helping Hand USA,HELPING HAND FOR RELIEF AND DEVELOPMENT INC.,≤100
30866133883,Alaska Wilderness League,ALASKA WILDERNESS LEAGUE,≤100
39432041915,Capital Research Center,CAPITAL RESEARCH CENTER INC,≤100
160513344045084,John Neely Kennedy,"John Kennedy for Us, Inc",≤100
2047820865526225,Rebecca Holcombe for Vermont,Rebecca Holcombe for Vermont,≤100
111648480319494,800DEMOCRAT,800DEMOCRAT,≤100
87777747127,Greg Palast,Palast Investigative Fund,≤100
164567966937605,Freedom Network USA,FREEDOM NETWORK USA,≤100
242679302418244,Denison Forum,Denison Ministries,≤100
104504438466,Federal Voting Assistance Program - FVAP,Federal Voting Assistance Program,≤100
106157691177188,Hear Our Voice,These ads ran without a disclaimer,≤100
1747132688647028,Democratic Association of Secretaries of State,Democratic Association of Secretaries of State,≤100
105835711208027,The Progressive List,THE PROGRESSIVE LIST,≤100
103934071014071,Fire Drill Fridays,"GREENPEACE, INC.",≤100
840248259644404,DSA Merrimack Valley,Democratic Socialists of America,≤100
7686808625,Jim Inhofe,FRIENDS OF JIM INHOFE,≤100
103877744493195,Briit Botanicals,Briit Botanicals,≤100
153721124733767,Brevity Jewelry,Brevity,≤100
158505287559920,Save the Storks,Diane Patricia Ferraro,≤100
369325156488153,Ubuntu Life,These ads ran without a disclaimer,≤100
612701059241880,Latinos for Trump,TRUMP MAKE AMERICA GREAT AGAIN COMMITTEE,≤100
34521916336,Brent Bozell,MEDIA RESEARCH CENTER,≤100
1489199344466547,Paul DePalo,DePalo Committee,≤100
112600915451330,No Labels,No Labels,≤100
114475890010131,Piggy Dollar Financial,Tyler Wayne Hedland,≤100
207549645977714,Families Belong Together,Families Belong Together,≤100
113014397087583,Christina Haswood for Kansas House,Haswood for Kansas,≤100
252630252055279,Everything Ebony,Everthing Ebony,≤100
1438882392887793,ADF Church Alliance,Alliance Defending Freedom,≤100
290851614930809,Combat AntiSemitism,Combat Anti-Semitism,≤100
108152933883451,TrumpTrendz,Troy Lorenzo Davis,≤100
304062610300415,VozWire,Gregson E Mathe,≤100
228267351079856,123presets,These ads ran without a disclaimer,≤100
125319303823,Champlain College,Champlain College Incorporated,≤100
740310559469373,Opportunity Solutions Project,Opportunity Solutions Project,≤100
133294620046953,Mission India,MISSION INDIA INC,≤100
343175436328856,CA Needs Energy Storage,California Alliance for Renewable Energy Solutions,≤100
69039563201,Open Doors USA,"OPEN DOORS WITH BROTHER ANDREW, INC.",≤100
169294473121454,Policetees.com,PoliceTees.com,≤100
1648154845427417,Doggy Do Good,Do Something Good LLC,≤100
100318944827269,Amy Kennedy,AMY KENNEDY FOR CONGRESS,≤100
180230069923,American Life League,American Life League,≤100
143173285763,Tenth Amendment Center,Tenth Amendment Center,≤100
1145019702185006,Alliance for Safety and Justice,Alliance for Safety and Justice,≤100
110798880680061,USA Strong,USA Strong,≤100
1014291495249813,Politicon,Politicon,≤100
182079698493370,Portside,Portside,≤100
46508415624,Scott Taylor,Scott Taylor for Congress 2020,≤100
103150364587807,Gun Owners Care,National Shooting Sports Foundation,≤100
1377401395908995,American Patriots,Triggered Freedom,≤100
1166660030079480,National Democratic Redistricting Committee,National Democratic Redistricting Committee,≤100
779448475497508,David Scherr,Scherr for Vermont,≤100
168452723312821,Chisholm Chisholm & Kilpatrick LTD,Chisholm Chisholm & Kilpatrick LTD,≤100
680549575421741,UnitedVoice.com,"Beachside Media, Inc.",≤100
142033122983333,S-Y No Lie,S-Y No Lie,≤100
113644103666790,America First,TruthLion,≤100
17432811417,Working Families Party,Working Families Party,≤100
228194854286836,Kindness is Everything,SARA N FINGER-WARMUTH,≤100
206052849902620,Intermountain Immigration,"Intermountain Immigration, LLC",≤100
102449671140258,Joshua Rydell for State Attorney,"Joshua Rydell, Democrat, for State Attorney",≤100
222745994575140,Project ChildSafe,"NATIONAL SHOOTING SPORTS FOUNDATION, INC.",≤100
265043653699570,Dan Feltes,Friends of Feltes,≤100
255518205187813,Majors Challenge,These ads ran without a disclaimer,≤100
103376804451432,Trending Politics,Making Web LLC,≤100
106868314285372,The Finance Kit,DYS Capital LLC,≤100
176595629074067,Mixeum,Mixeum,≤100
1789962974566691,totBoxx,totBoxx LLC,≤100
133845049915,American Highway Users Alliance,American Highway Users Alliance,≤100
106375871170305,Rob Wittman Facts,RASHID FOR VA,≤100
105698674239617,Embed News,Embed News,≤100
279890513018,Islamic Networks Group - ING,"ISLAMIC NETWORKS, INC.",≤100
165566613453452,ERLC,ETHICS AND RELIGIOUS LIBERTY COMMISSION OF THE SOUTHERN BAPTIST,≤100
1708467695859543,Veteran Transition Mission,Sonia Ivelisse Barriera Ayala,≤100
100492918060703,RegiStart,LYNN E EL-HILLOW,≤100
66500958355,Wyoming Democratic Party,WY DEMOCRATIC STATE CENTRAL COMMITTEE,≤100
1127581437405717,Bumbler - The Boba Tea Tumbler,Bumbler LLC,≤100
10906383577,Vermont Democratic Party,VERMONT DEMOCRATIC PARTY,≤100
64206021703,National Committee to Preserve Social Security and Medicare,NATIONAL COMMITTE TO PRESERVE SOCIAL SECURITY AND MEDICARE,≤100
682990071843813,Center for the Study of Liberty,Center for the Study of Liberty,≤100
166738743732702,All Above All Action,All Above All Action Fund,≤100
175716473032461,MamaP,TAYLOR HATTIE-MARIE MERRICK,≤100
301302910021410,Virtual Running Club,"Virtual Running Club, LLC",≤100
109970477058557,Rick LoCastro,Rick LoCastro for County Commissioner,≤100
100224128362301,"Casey Mills for County Court Judge, Group 22","Casey Mills, Non-Partisan, for County Court Judge Group 22",≤100
276708266084189,Ray Dalio,"Principles, LLC",≤100
32724694233,Howard Brown Health,Howard Brown Health,≤100
1272534336242476,World101,Council on Foreign Relations,≤100
109692427435332,Original Nathan's Franks,These ads ran without a disclaimer,≤100
109709397469494,Dignity Unbound,Dignity Unbound,≤100
103131054573692,Crawfordology,Crawfordology,≤100
1354622541311687,Dr. Kim Schrier,DR KIM SCHRIER FOR CONGRESS,≤100
525171637666780,Sandy Piña California Delegate,RCR,≤100
460844281074800,Tiny Trump,Eric D Corriel,≤100
29008276590,The Salvation Army Greater New York Division,The Salvation Army,≤100
123838185676931,Quinn Nystrom for Congress,Quinn Nystrom for Congress,≤100
106346337836782,People for Community Equality,People for Community Equality,≤100
114971076538782,The Keystone,"Courier Newsroom, Inc.",≤100
100220094743136,New Millennium Health,New Millennium Health,≤100
987698164585861,Citizen Ed,Citizen Education,≤100
471928596287830,Brian Mast,Mast for Congress,≤100
68693168571,Jewish Federations of North America,Jewish Federations of North America,≤100
8895898655,Rainforest Alliance,"RAINFOREST ALLIANCE, INC.",≤100
87186661244,Johns Hopkins Bloomberg School of Public Health,Johns Hopkins Bloomberg School of Public Health,≤100
2212066245574161,Sarah Huckabee Sanders,St. Martin's Press,≤100
221690171353068,Jay Obernolte,JAY OBERNOLTE FOR CONGRESS 2020,≤100
2295062210811244,Coalition for American Veterans,COALITION FOR AMERICAN VETERANS POLITICAL ACTION COMMITTEE,≤100
19972147679,SEIU,SEIU,≤100
588762121302996,Black Superwoman Chronicles,Delisha Denise Sylvester,≤100
601108943431836,The Flip Side,TFS Inc,≤100
243362776583569,Air Mail,Air Mail,≤100
1370474066365196,F1RST WARRIOR,First Warrior,≤100
100314444742246,Dr. Raquel for Schools,Raquel Bild-Libbin Campaign,≤100
1576236875930301,Global Cyber Alliance,Global Cyber Alliance with ad credits,≤100
345946329411380,Petal Soap,Jason Paul Domangue,≤100
105008227886379,MOEF,Mask On Every Face,≤100
984228501766229,Congressman Sean Casten,U.S. House of Representatives,≤100
570654659658213,The Hunt Institute,The Hunt Institute,≤100
710669049286394,Woo the People,Khosro David Illulian,≤100
1418068308452353,Sumi K,Sumati Krishnan,≤100
162493793737,Rick Green,Richard Arlin Green,≤100
782093245218764,Qasim Rashid,RASHID FOR VA,≤100
116565033114715,Jean-Pierre Bado for Florida State House Representative - 114,"Jean-Pierre Bado, Democrat, for Florida House 114",≤100
106135624411830,My President Is Dumb,Raymond Barron Kelly,≤100
111480020618941,Big Bad Uncle Sam LLC,Collin Christian Johnson,≤100
106697787812360,Funny Politically,Quyen Sanh Gip,≤100
165734163437699,"Little, Brown and Company","Hachette Book Group, Inc.",≤100
167473433290992,Inequality.org,Institute for Policy Studies,≤100
1561007084146010,All In Together,Priya Kimberly Elangovan,≤100
390560688135747,Public Editor Press,"Public Editor Press, Inc",≤100
106407550821885,Chase Wilhelm for Illinois 95th District,Friends of Chase Wilhelm,≤100
2256321067930356,Liberteeclub,libertyteeshop,≤100
429651323843750,Verizon Wireless Workers Rising,"COMMUNICATIONS WORKERS OF AMERICA, AFL-CIO, CLC",≤100
6422138883,92nd Street Y,92nd Street Y,≤100
108997050902393,The Colors of Liberty,The Colors of Liberty,≤100
210820618956311,Community Change Action,Community Change Action,≤100
171495432868919,Imby,Enid S Futterman,≤100
111352803968252,__black_lives_matter_too,Dean J Thompson,≤100
32802178807,Homes For Our Troops,Homes For Our Troops,≤100
422008131240977,Equality Florida Action PAC,EQUALITY FLORIDA ACTION PAC INC,≤100
205795426669644,Facts and Logic about the Middle East,Facts and Logic About the Middle East,≤100
327202261326682,Stephanie Bice,Bice for Congress,≤100
180060629247353,Elaine Luria for Congress,ELAINE FOR CONGRESS,≤100
121750354532995,Yale Program on Climate Change Communication,Yale Program on Climate Change Communication,≤100
107107693152888,Anthropocene Alliance,ANTHROPOCENE ALLIANCE,≤100
792140450890876,Roger Eaton for Charlotte County Clerk of the Circuit Court,Roger Eaton,≤100
107037524341781,Fritzerstuff,Christa E Fritz,≤100
272618896537776,America First Agenda,America First Agenda PAC,≤100
1614690395258056,Into Action,Into Action,≤100
129278807814364,Women of Welcome,Welcome.,≤100
175149559508478,TreeDiaper,Zynnovation LLC,≤100
112232490508924,Black Lives Matter Nashua,Black Lives Matter Nashua,≤100
172783160290727,New Civil Liberties Alliance,NEW CIVIL LIBERTIES ALLIANCE,≤100
260668817346988,Ignite National,IGNITE,≤100
111699680636304,Vermont Conservation Voters Action Fund,Vermont Conservation Voters Action Fund,≤100
122773549121265,President Trump for Nobel Peace Prize 2020,Tarek None Kteleh,≤100
103627521296991,April Ghueder For District 5 School Board,Friends of April Ghueder,≤100
110316697328742,People of Seniors Housing,People of Seniors Housing,≤100
118522813376,San Diego State University,San Diego State University,≤100
169277310432049,"Texas Precision Optics, Inc.",Texas Precision Optics Inc,≤100
693338200702307,Michelle Ugenti-Rita,Ugenti-Rita for Senate,≤100
105474831199070,Stop GOP Gerrymandering,National Democratic Redistricting Committee,≤100
258470931719484,The Why Minutes,The Why Minutes,≤100
324119001078997,"Sanford Heisler Sharp, LLP","Sanford Heisler Sharp, LLP",≤100
1613516851999536,Sunrise Movement,Sunrise,≤100
346937065399354,Occupy Democrats,Omar Rivero,≤100
232201568659,Pacific Justice Institute,PACIFIC JUSTICE INSTITUTE,≤100
384336778589668,Defend Our Constitution,COMMON CAUSE,≤100
227594571444676,Building New York's Best,"Carpenter Contractor Alliance of Metropolitan New York, Inc.",≤100
1471417609816811,Terry Keys,Terry Lynn Keys,≤100
711591068911118,Hilaree Nelson,Protect Our Winters,≤100
1905515863109983,Power In Cooperation,Power in Cooperation,≤100
145022042990911,MEK Iran,MEK-Iran (Saeid Saadati),≤100
354168144595007,"Tim Sullivan for Lake County Commisioner, District 1",Tim Sullivan for Lake County Commission,≤100
460236704351535,Tracy Mitrano,TRACY MITRANO FOR CONGRESS,≤100
110889654010278,Restore West Virginia,West Virginia State Building & Construction Trades Council Afl-Cio,≤100
103903914570915,Pro2a,Delta Team Marketing,≤100
1458031494244160,VoteOurVoice,"VoteOurVoice, Inc.",≤100
234565267058051,Anthony Brindisi For Congress,BRINDISI FOR CONGRESS,≤100
135002490472474,Conor Lamb,CONOR LAMB FOR CONGRESS,≤100
313723095478950,The Daily Citizen,Focus on the Family,≤100
194193934698000,Jen McDonald for Hillsborough County Commission District 1,"Jen McDonald, Democrat, for Hillsborough County Commission District 1",≤100
109243500822158,The Greater Brand,Benjamin Pendera Ijah,≤100
106438594282514,TrumpTrain2020.Store,Trumptrain2020.store,≤100
178299885562976,Climate Nexus,Climate Nexus - Rockefeller Philanthropy Advisors Sponsored Project,≤100
112334757233941,Right to Telehealth,Jeremy Joseph Schaller,≤100
102139218008846,King Nation Apparel,King Nation Apparel,≤100
2176472882580975,Crusader Outlet,Crusader Marketing,≤100
111151490241542,Pollemix,Pollemix,≤100
111993203936139,Western Missouri Leadership Fund,Western Missouri Leadership Fund,≤100
2162300540459192,Fisher4Sheriff,Mike Fisher for Osceola County Sheriff,≤100
151560458967518,Mike Dooley for State Representative,Michael E Dooley,≤100
117513180002579,John Shallman,Target Marketing Digital,≤100
164472026916984,Masbia Soup Kitchen Network,MASBIA,≤100
363741920768563,RTBiQ Political,RTBiQ Political,≤100
103373224404755,Impact Slates,COLLECTIVE IMPACT PAC,≤100
102730741221466,VoteVan4Judge,"Mark Van Valkenburgh, Non-Partisan, for Circuit Court Judge",≤100
114066205306277,Franciscan Friars of the Atonement,Franciscan Friars of the Atonement,≤100
102729624670835,MinuteStats,Minute Stats,≤100
59543893235,National Constitution Center,National Constitution Center,≤100
281844617168,Jewish Voice Ministries International,JEWISH VOICE MINISTRIES INTERNATIONAL,≤100
914299901998647,Movimiento Cosecha,Movimiento Cosecha,≤100
90022052772,Williams,"WILLIAMS COMPANIES, INC., THE",≤100
150181591837186,Ted Terry,Ted for Dekalb,≤100
101208514791301,Daniel Turner,Power The Future Inc,≤100
300992409852,Hoover Institution,Hoover Institution,≤100
114806036986986,Laughing AF,Quyen Sanh Gip,≤100
546497545399440,ASEC - African Sisters Education Collaborative,African Sisters Education Collaborative (ASEC),≤100
735201700206403,LowTides Ocean Products,LowTides Ocean Products,≤100
112442437191294,National Anti-Racism Teach-In,National Anti-Racism Teach-In,≤100
120894889313043,Meg Hansen,Meghan Mala Hansen,≤100
104339748032689,Women and Minority Business,Needhelppayingbills.com,≤100
151944694884237,"Solidarity Strategies, LLC",Solidarity Strategies,≤100
111277640428691,President Donald J. Trump 2020,Trump Collections,≤100
1668350569891953,Rainbow Movement,William James Ulrich,≤100
103966331128460,Trump Train 2020 Campaign Tour,The Trump Train,≤100
112729157126203,Stronger Broward,COMMITTEE FOR A STRONGER BROWARD,≤100
105490641044894,Spencer Wetmore,Spencer Wetmore for Statehouse,≤100
110206523984709,Rural Not Stupid,Rural Not Stupid,≤100
122150409780,UC San Diego,University of California San Diego,≤100
1733918116873254,BackWoods Mafia,Landon David Turner,≤100
1448984361857166,Florida Federation for Children PAC,Florida Federation for Children,≤100
1949440971937523,Maine Voter Info,MAINE DEMOCRATIC PARTY,≤100
134571176638205,One Tree Planted,One Tree Planted,≤100
1682876188698809,United for Respect,United for Respect,≤100
1862142560544227,Green Estate Goods,Green Estate Goods LLC,≤100
107199049318619,Friends of Derek Kilmer,PEOPLE FOR DEREK KILMER,≤100
105315327577677,Golden Goose Publishing,Lance Charles Greenberg,≤100
101146091319045,Elcove.green,Elcove,≤100
2133734536646325,United Conservatives for Florida,United Conservatives for Florida,≤100
11911627997,Pancreatic Cancer Action Network,"PANCREATIC CANCER ACTION NETWORK, INC.",≤100
110382180339967,Samuel Smith for Texas,Samuel Chester Smith,≤100
455595357859098,Richard DeNapoli,Richard DeNapoli for Broward Republican State Committeeman,≤100
1443127535947107,Save the Children Action Network,Save the Children Action Network,≤100
101553758210575,The CT Strategist Report w / Daniel Kent Newmyer,Daniel Kent Newmyer,≤100
602828763544800,Kate For Congress,KATE FOR CONGRESS,≤100
138141366212571,Gravis Marketing,GRAVIS MARKETING INC.,≤100
1675630946095534,Franciscan Missions,Franciscan Missions,≤100
74508408221,Dr. Joanne Bagshaw,"Joanne Bagshaw, PhD, LCPC",≤100
532349253593620,Everett City Councilor At-Large Gerly Adrien,Gerly Adrien for Everett,≤100
132439863446819,Capital Metro,Capital Metro,≤100
1438808983108348,BOLD PAC,CHC BOLD PAC,≤100
2477925168899669,The Renew Democracy Initiative,"The Renew Democracy Initiative, Inc",≤100
291260461373618,News and News,News and News,≤100
221834965136991,Steve Roberts,Roberts for St. Louis,≤100
2046092952294722,Lucy McBath for Congress,FRIENDS OF LUCY MCBATH,≤100
10498053716,Media Research Center,These ads ran without a disclaimer,≤100
114279880005275,"Maureen Porras for State Representative, 105","Maureen Porras, Democrat, for Florida House 105",≤100
1131283233717873,Patriots For Trump,Jordan Ray Riddle,≤100
1601467416816223,Lehigh Acres Fire Control and Rescue District,Lehigh Acres Fire Control and Rescue Department,≤100
950998258312654,Knowhere,"Knowhere, Inc.",≤100
102477111567586,Democratic Voter Project,Democratic Voter Project,≤100
2023942721161526,Foundation Trust,DANTE DIESO FOUNDATION TR,≤100
143542762946146,Marcus Murphy,Marcus Murphy,≤100
40491152079,The Kinsey Sicks,"The Kinsey Sicks, LLC",≤100
100798594958887,inseparable,Inseparable Action Inc,≤100
104881317722736,Get-It-Out,Matthew Justin Viles,≤100
289047457785218,Mira Lehr,News Travels Fast,≤100
358930818155832,Ava Blaze Apparel Co.,Antoinette Kathleen Adkins,≤100
102455534898300,Face The Change,FaceTheChange.co,≤100
579300342209417,Oliver Gilbert,"Oliver Gilbert, Non-Partisan, for Miami-Dade County Commission Dist 1",≤100
590905468266473,US Apparel 2020,Americas Finest Products,≤100
101380274600494,Old North News,Metric Media LLC,≤100
172037886144659,Grand Central Publishing,"Hachette Book Group, Inc.",≤100
1375372595977513,UWorld Insurance Group,Jose Antonio Santana,≤100
130848666099,Business Forward,Business Forward Inc.,≤100
28068665077,American Academy of PAs,American Academy of PAs,≤100
114386721939978,The Made in America Store,Anthony Michael Falbo,≤100
45013872425,The Ripon Society,RIPON SOCIETY,≤100
212375358784914,Ed Brodsky for State Attorney,Ed Brodsky for State Attorney,≤100
109200595768753,The Christian Left,The Christian Left,≤100
193899114458191,James Mackler,JAMES MACKLER FOR US SENATE,≤100
109379393894282,Keep Texas Moving,TEXAS ASSOCIATION OF BUSINESS,≤100
664770743730817,Dan Feehan for Congress,FRIENDS OF DAN FEEHAN,≤100
1962432260715827,Kindhumans,Kindhumans,≤100
79212718536,Jim Boyd,Jim Boyd,≤100
154722517942157,Frasier Sterling Jewelry,These ads ran without a disclaimer,≤100
97466887664,Innocence Project,"INNOCENCE PROJECT, INC., THE",≤100
562691707395320,Zach Dickerson,Friends of Zach Dickerson,≤100
106164407854060,TDU Sucks,TDU SUCKS ORG,≤100
22426379899,Workman Publishing,WORKMAN PUBLISHING CO. INC.,≤100
1800072483402009,African Community & Conservation Foundation,African Community & Conservation Foundation,≤100
543055672532190,ConnecticutEast,Brian Scott-Smith - Broadcaster,≤100
615854911830541,Shore Buddies,PB 1904 International LLC dba Shore Buddies,≤100
482731661826882,Mike Miller,Mike Miller for Orange County Commission,≤100
976589385686285,Raúl Torrez,Raúl Torrez for NM,≤100
97624620788,American Friends of Magen David Adom,AMERICAN FRIENDS OF MAGEN DAVID ADOM,≤100
148731991811588,Baird,Robert W. Baird & Co. Incorporated,≤100
102750021183412,Justice U,Altus Solutions Inc,≤100
110618170405674,Best Money Tips,Best Money Tips,≤100
133649613319094,A CALL TO MEN,A CALL TO MEN,≤100
110280253735683,Alexandria Ocasio-Cortez Fan Club,Imran M Jemal,≤100
116688383113415,Ray Sandelli,"Ray Sandelli, Republican, For Lee County Commission District 3",≤100
285783398519074,Free the Facts,Free the Facts,≤100
1397456727053085,Georgia Law Enforcement,Georgia Law Enforcement Organization,≤100
646594582623475,Republican Nations,Quyen Sanh Gip,≤100
657708380952174,Voices of the Civil Rights Movement,Comcast,≤100
112915726803814,Keyes for State Rep,Keyes Committee,≤100
2025091014264618,The Funeral Leader,MKJ Marketing,≤100
631424927045830,Your Content,Original Media Group Corporation,≤100
1652003065088144,WendyBreeden2020,Wendy Breeden for Lake County Commission,≤100
142486699769075,Cabrera For The People,Cabrera for SD 17,≤100
481559282597914,TrumpersUnite,Respect The Look,≤100
106731947744113,The C4 Patriots,C4 Patriots,≤100
299295363912730,New Politics Leadership Academy,New Politics Leadership Academy,≤100
108639150727948,Cheryl Lee Andrews for County Commissioner 2020,Cheryl L Andrews,≤100
570331853141386,Friends of Traditional Banking,FRIENDS OF TRADITIONAL BANKING INC,≤100
420424547981908,In Search of Liberty,Scott Dennis Welch,≤100
109307304198206,"Michael J. Gras, 28th Ward Democratic Committeeman",Mike Gras for St. Louis,≤100
265045056894488,Mark Meckler,Convention of States Action,≤100
89324781720,Pat Toomey,Friends of Pat Toomey,≤100
2338979479650120,Genevieve Collins for Congress,COLLINS FOR TEXAS,≤100
5998839406,NARAL Pro-Choice Texas,NARAL Pro-Choice Texas,≤100
126191012512830,The Reason You,Growth Galaxy,≤100
911829795826330,Mark Penn Polls,AIRSNEXT Media,≤100
372799605421,DeSmog,DeSmog,≤100
302111635698,National Association of Tax Professionals (NATP),National Association of Tax Professionals,≤100
108797534098691,Keep Gifts Great,Adrian Choi Conger,≤100
150681061641282,Tri-State G&T,Tri-State Generation Transmission Association Inc,≤100
161186620643972,American Institute for Economic Research,AMERICAN INSTITUTE FOR ECONOMIC RESEARCH,≤100
411431975550358,Marc Veasey,MARC VEASEY CONGRESSIONAL CAMPAIGN COMMITTEE,≤100
832107710207069,Pam Keith FL,Committee to Elect Pam Keith,≤100
110539227379432,Eric Pendergraft for Boca Beach and Parks Seat 5,ERIC PENDERGRAFT CAMPAIGN,≤100
335372906543111,Lee Constantine For Seminole County Commission,Lee Constantine Campaign for Seminole County Commission,≤100
122360425094991,Nasty Woman Cosmetics,Nasty Woman Cosmetics,≤100
102161004838994,Melissa Gould for Judge,Melissa Gould for Judge,≤100
332172544231683,America's Plastic Makers,"AMERICAN CHEMISTRY COUNCIL, INC.",≤100
70090474914,American Farmland Trust,"AMERICAN FARMLAND TRUST, INC",≤100
116238930177726,Artsiful,Brad Aaron Shaw,≤100
103682988095910,Right Wing Support,Right Wing Support,≤100
105953890782784,The Factual,The Factual,≤100
114449923644887,Bob Wheeler for District 61,Committee To Elect Bob Wheeler,≤100
201956993160690,MRCTV,MEDIA RESEARCH CENTER,≤100
362835977563117,Craig Thompson for NH,Craig Thompson for NH,≤100
101746962063,Mercy Home for Boys & Girls,MISSION OF OUR LADY OF MERCY,≤100
100184714677097,Election Year Knockout,Exceptionull Games,≤100
107966294207235,American Reveille,James Lane Reichenbach,≤100
164513254148611,America's Voice News,Barbara Jean Lawrence,≤100
207833736045744,MHAction.org,Kevin R Borden,≤100
445724059289363,WellHealth Frisco,WellHealth,≤100
1412741965676712,Vermont Suicide Prevention Center,Eric Jones,≤100
103581791255718,Gepsie Metellus,"Gepsie Metellus, Non-Partisan, for Miami-Dade County Commissioner District 3",≤100
826460474101920,BitMari,Sinclair Matthew Skinner,≤100
373980880018659,Congresswoman Abigail Spanberger,the Office of Rep. Spanberger,≤100
83960796709,Institute for Southern Studies,INSTITUTE FOR SOUTHERN STUDIES INC,≤100
112368967177831,Back The Brave,These ads ran without a disclaimer,≤100
214002058736436,Unite America,UNITE AMERICA,≤100
154269528015922,Byron Donalds,Byron Donalds for Congress,≤100
107780810930681,Citizen Action,"Citizen Action, Inc.",≤100
101724361319410,Ronny Jackson for U.S. Congress TX-13,Texans for Ronny Jackson,≤100
111101131335,Littleton Coin Company,These ads ran without a disclaimer,≤100
12784656483,Union Rescue Mission,Union Rescue Mission,≤100
152766071443309,The City University of New York,The City University of New York,≤100
103026384819654,How to Vote,ACRONYM,≤100
278355662356517,BallotReady,"BallotReady, Inc",≤100
101209614956892,Take A Stand,Andrew Joseph Young,≤100
405355946226766,Todd Young,"FRIENDS OF TODD YOUNG, INC.",≤100
100591581698087,Michael James Freedman,Michael James Freedman,≤100
1528498354074301,Punching Bag Media - Conservative News,Sean Michael Probber,≤100
115209626876010,Save The Planet,Lamar Diontay Johnson,≤100
104938814276248,Brush Plastic Away,Brush Plastic Away,≤100
922580991129339,People's Mojahedin Organization of Iran - MEK IRAN,MEK-Iran (Saeid Saadati),≤100
214061167976,El Tiempo Latino,Carlos Jose Munoz,≤100
202626512363,U.S. Census Bureau,These ads ran without a disclaimer,≤100
436865753096340,MRC Latino,MEDIA RESEARCH CENTER,≤100
103075334816156,UFCW Votes,UNITED FOOD AND COMMERCIAL WORKERS INTERNATIONAL UNION,≤100
100724721707100,David J Place,David Place Place,≤100
344346245749372,Shore Trendz,RHW.COM LLC/DBA Shore Trendz,≤100
108401057171091,California Priorities,DCCC,≤100
72565633140,Soles4Souls,"SOLES4SOULS, INC.",≤100
243498882520314,FoodFinder,"FOODFINDER, INC.",≤100
24425672689,Museum of the City of New York,Museum of the City of New York,≤100
404039350165048,A Shot in the Arm Podcast,Erik  Espera,≤100
100729641303493,ICount NM,I Count New Mexico,≤100
6072343558,Center for American Progress,CENTER FOR AMERICAN PROGRESS,≤100
123107882828023,Realtors for Neal,National Association of REALTORS,≤100
101859834894652,Is The News Being Manipulated?,Donna Lee Klingman,≤100
467804929927622,Jason Smith,JASON SMITH FOR CONGRESS,≤100
108838804083071,Etch The Edges,Critical Thinking Minds - DS Brown,≤100
153309775026,SnapStream,SnapStream Media,≤100
155443277896065,Dane Eagle,Dane Eagle For Congress,≤100
1093100414183984,Americans United 4 Political Action,AMERICANS UNITED FOR POLITICAL ACTION,≤100
106954147689215,Just the Truth,JUST THE TRUTH POLITICAL ACTION COMMITTEE,≤100
128958937175029,Trivia Today,Benjamin Aaron Perlman,≤100
162019154641651,Deliver Liberty,Deliver Liberty,≤100
469609533112889,iDisciple,iDisciple,≤100
101042758281184,Reading On the Right,Macmillan Publishing,≤100
717339155320936,Better Solutions for Healthcare,Better Solutions for Healthcare,≤100
130268756992804,Yale Climate Connections,Yale Climate Connections,≤100
1486604288305133,Happy Earth Apparel,Happy Earth LLC,≤100
19420215926,CNSNews.com,MEDIA RESEARCH CENTER,≤100
165152251812,Planet Bonehead,Robert E Donohue,≤100
219870771412213,Raquel Regalado,Raquel Regalado Campaign,≤100
111216596892874,Abogado.com,Thomson Reuters,≤100
102673738084465,Illuxus,Illuxus,≤100
104653064566281,Judge Natasha DePrimo,"Judge Natasha DePrimo, Non-Partisan, for Broward County Court Judge Group 31",≤100
162244692732,Brennan Center for Justice at NYU Law,William J Brennan Jr Center for Justice Inc,≤100
82106496620,AARP New York,AARP,≤100
514167322309353,Dan Crenshaw,Crenshaw For Congress,≤100
529154000442477,America Rising,AMERICARISINGPAC.ORG,≤100
106245384043438,Tims For Congress,FRIENDS OF DESIREE TIMS,≤100
39910576365,National Alliance for Public Charter Schools,NATIONAL ALLIANCE FOR PUBLIC CHARTER SCHOOLS,≤100
409179052515324,Forrest Dunbar,Forrest Dunbar,≤100
103364877780972,Terry Turner For Sarasota City Commission,Terry Turner for Sarasota,≤100
566008736785269,Be Heard Project,Be Heard Project,≤100
125161609108,Charlie Stadtlander,Charles Randall Stadtlander,≤100
103851564652,Waterkeeper Alliance,WATERKEEPER ALLIANCE INC,≤100
137470926951018,"John Mina, Orange County Sheriff","John Mina, Democrat, for Orange County Sheriff",≤100
101103254533,SOS International,SOS International,≤100
106203264511020,Washington Changed Katko,DCCC,≤100
763491940427547,Roque  "Rocky"  De La Fuente,Rocky 101 LLC,≤100
101164484986617,To Be Frank Show,Real News PR,≤100
158367801002983,The Lozano Law Firm - Abogado de Inmigracion,Lozano Law Firm,≤100
1229789977123022,Debbie Lesko for Congress,DEBBIE LESKO FOR CONGRESS,≤100
213041185421849,Lance Harris,Lance Harris Campaign,≤100
1402827079932843,Low Income Relief,The Lighthouse Information Network LLC,≤100
1511412998966651,Altamar with Peter Schechter and Muni Jensen,Altamar LLC,≤100
8145161702,Lambda Legal,"LAMBDA LEGAL DEFENSE & EDUCATION FUND, INC.",≤100
1428283027462702,Restoration PAC,RESTORATION PAC,≤100
108906707265489,USA Pooch,"PRESIDENTIAL POOCH, INC",≤100
386305465057247,Liberty Nation,Liberty Nation,≤100
276131699084792,YWAM Los Angeles,YWAM Los Angeles,≤100
108090464296366,Republican Patriots,I Love My Freedom,≤100
110588273989071,Joe's Joe,Joes Joe LLC,≤100
133937690180,Student Conservation Association,Student Conservation Association,≤100
103637917712827,Re-Elect Judge Mavel Ruiz,Judge Mavel Ruiz Campaign,≤100
29123338521,Travelers Insurance,These ads ran without a disclaimer,≤100
6355254859,Michael McCaul,Congressman Michael McCaul,≤100
260536047319339,RN Action,American Nurses Association,≤100
110125904070783,Super Top Shelf,Super Top Shelf LLC,≤100
700153177010264,Plant Based Products Council,Plant Based Products Council,≤100
102801507792085,Kennebec Valley Society,Kennebec Valley Society LLC,≤100
1099779163410386,John Barrasso,Friends of John Barrasso,≤100
127335473965761,Recycle Cartons,"Carton Council of North America, Inc.",≤100
312657362217994,Women's Heart Alliance,Women's Heart Alliance,≤100
113110137118723,Collectible Currency,Proud Patriots,≤100