﻿Page ID,Page Name,Disclaimer,Amount Spent (USD)
153080620724,Donald J. Trump,TRUMP MAKE AMERICA GREAT AGAIN COMMITTEE,6380
123192635089,GOP,REPUBLICAN NATIONAL COMMITTEE,4681
1771156219840594,Team Trump,TRUMP MAKE AMERICA GREAT AGAIN COMMITTEE,4610
202626512363,U.S. Census Bureau,U.S. Census Bureau,4075
153080620724,Donald J. Trump,"DONALD J. TRUMP FOR PRESIDENT, INC.",1271
7860876103,Joe Biden,BIDEN VICTORY FUND,1121
260754507296508,The Voter Participation Center,Voter Participation Center,1040
6726182861,Mike Pence,TRUMP MAKE AMERICA GREAT AGAIN COMMITTEE,983
129731810448375,Center Forward,Center Forward,969
1382596251873013,Nevada Current,Nevada Current,959
925007000949719,ExxonMobil,Exxon Mobil Corporation,898
156968474833352,Stop Republicans,Stop Republicans,796
1615018905412860,Progressive Turnout Project,PROGRESSIVE TURNOUT PROJECT,702
331477136940451,Nevada Health Link,Nevada Health Link,694
20787991568,Senate Democrats,DSCC,473
7814597100,Jim Jordan for Congress,JIM JORDAN FOR CONGRESS,456
389002298352371,American Senior Benefits,John M Davis,404
104338357673828,New Day Nevada,New Day Nevada,350
96935476345,Democratic Governors Association (DGA),Democratic Governors Association,348
791543660926838,"I'll go ahead and keep my guns, Thanks",2A4LIFE LLC,321
210820618956311,Community Change Action,Center for Community Change Action,312
494652440603150,Battle Born Progress,BATTLE BORN PROGRESS,312
104856814505092,The Kids Guide,The Kids Guide,308
475456956305422,All Voting Is Local,Leadership Conference Education Fund,271
105756057589080,The Lincoln Project,The Lincoln Project,230
9324910069,NRSC,NRSC,229
259130650776119,Mitch McConnell,MCCONNELL SENATE COMMITTEE,215
127755494595870,Progressive Takeover,PROGRESSIVE TAKEOVER,204
156919911022572,Steven Horsford,NEVADANS FOR STEVEN HORSFORD,204
112974563687584,Robert Kiyosaki - The Rich Dad Poor Dad Letter,Long Form Creative Co.,203
1316372698453411,Alexandria Ocasio-Cortez,Alexandria Ocasio-Cortez for Congress,190
114625730266879,Republican Voters Against Trump,Defending Democracy Together,187
127225910653607,PragerU,PragerU,179
311134189218940,For Our Future Nevada,For Our Future Action Fund,167
126862261837,SEIU Nevada,SEIU COPE (SERVICE EMPLOYEES INTERNATIONAL UNION COMMITTEE ON POLITICAL EDUCATION),166
228754857151053,House Majority PAC,House Majority PAC,153
165987503528599,Lindsey Graham,"TEAM GRAHAM, INC.",149
665345483483486,NRA - National Rifle Association of America,NATIONAL RIFLE ASSN OF AMERICA,146
571182609571332,NextGen America,NEXTGEN CLIMATE ACTION COMMITTEE,142
345504286342057,Keeping America Great Again,RightWingGear.com,142
2267285956849056,Donald Trump 2020 Fans,I Love My Freedom,141
2352630938293825,Mytacticalpromos,Entremax,138
113666459994300,Big Dan Rodimer for Congress,RODIMER FOR CONGRESS,131
328072970642479,Jaime Harrison,JAIME HARRISON FOR US SENATE,126
261663760956534,America First Policies,America First Policies Inc,121
284561131891923,Skip Daly,Daly for Assembly District 31,119
176789922364429,Steve Daines,STEVE DAINES FOR MONTANA,119
328853823844484,Balance of Power,Balance of Power,118
119938779410497,Priorities for the People,DCCC,112
321461017954658,Congressman Steven Horsford,The Office of Congressman Steven Horsford,111
57259033959,AARP,AARP,110
114788670288716,Esta En Tus Manos Nevada,Esta en Tus Manos Nevada,106
113891694102,Energy Citizens,AMERICAN PETROLEUM INSTITUTE,103
117437204982602,American Wild Horse Campaign,American Wild Horse Campaign,102
107589664099282,Stand Up To China,"Stand Up To China, Inc.",≤100
706716899745696,Women for Trump,TRUMP MAKE AMERICA GREAT AGAIN COMMITTEE,≤100
106244251043808,Reuse Plastics,"AMERICAN CHEMISTRY COUNCIL, INC.",≤100
355316521236121,John Cornyn,TEXANS FOR SENATOR JOHN CORNYN INC.,≤100
107858693983382,The GOP Shop,The GOP Shop,≤100
219224241438635,Compassion & Choices,COMPASSION & CHOICES,≤100
112694470356789,Trumpcare For America,Stuart Joseph Millar,≤100
1556932204325823,ProgressPop,ProgressPop,≤100
302182941354,AARP Advocates,AARP,≤100
100219668159300,Alexis Hill,Friends of Alexis Hill,≤100
277005566267077,Blueland,Blueland,≤100
342294162453301,Planned Parenthood,Planned Parenthood Federation of America,≤100
103531607822207,Noticias para Inmigrantes,"Wise Rock Media, PBC",≤100
92925746942,Judicial Watch,Judicial Watch,≤100
24330467048,Americans for Prosperity,AMERICANS FOR PROSPERITY,≤100
278490715553293,Martha McSally,MCSALLY FOR SENATE INC,≤100
8934429638,Planned Parenthood Action,Planned Parenthood Action Fund,≤100
2078647579047586,Project Pulso,Project Pulso,≤100
213792049451918,Stand For America,Stand For America Inc,≤100
158791100909689,Concerned Veterans for America,Concerned Veterans for America,≤100
96935476345,Democratic Governors Association (DGA),DEMOCRATIC ACTION,≤100
1539683959599793,"Cristina M. Hughes, Esq",Hughes Law Group PC,≤100
31966561030,National Taxpayers Union,National Taxpayers Union,≤100
717115395103069,PrintedKicks,Printed Kicks,≤100
602714436529710,End Citizens United,END CITIZENS UNITED,≤100
429812024048177,Doug Jones for Senate,DOUG JONES FOR SENATE COMMITTEE,≤100
168051710543266,Lacy Johnson,Lacy Johnson for Congress,≤100
17023576156,The Leadership Conference on Civil and Human Rights,The Leadership Conference on Civil and Human Rights,≤100
101279451606075,Democratic Strategy Institute,Democratic Strategy Institute,≤100
152264148166020,Moms Clean Air Force,Moms Clean Air Force,≤100
834645469890446,Devin Nunes,DEVIN NUNES CAMPAIGN COMMITTEE,≤100
196792183733721,Councilwoman Michele Fiore,Councilwoman Michele Fiore,≤100
1456310534453054,Veteran Loans Online,"LMB OpCo, LLC",≤100
18982436812,ACLU,American Civil Liberties Union,≤100
332716170522025,America First Action,America First Action,≤100
49651563727,Live Action,Live Action,≤100
106645684412573,Cover Air Medical,Cover Air Medical,≤100
1883837055193241,Shield Republic,Shield Republic,≤100
1061240530648502,Joe Collins,JOE COLLINS FOR CONGRESS,≤100
276031029201666,Eddie Lorton,George Edward Lorton,≤100
830121337093232,National Democratic Training Committee,NATIONAL DEMOCRATIC TRAINING COMMITTEE PAC,≤100
23875187730,Feeding America,Feeding America,≤100
7976226799,The Daily Show,Comedy Central,≤100
132492254050920,American AF,AAF Nation,≤100
105577974544303,The USA Needs More Patriots,AmeriPolling,≤100
5435784683,Greenpeace USA,"GREENPEACE, INC.",≤100
109742407314234,Restoration Action,Restoration Action,≤100
309255402471894,FINRA Foundation,"FINANCIAL INDUSTRY REGULATORY AUTHORITY, INC.",≤100
33110852384,Doctors Without Borders/ Médecins Sans Frontières (MSF),Doctors Without Borders/Médecins Sans Frontières (MSF),≤100
16477459734,League of Conservation Voters,"LEAGUE OF CONSERVATION VOTERS, INC",≤100
115379705206001,U.S. Department of Homeland Security Blue Campaign,DHS Blue Campaign,≤100
85452072376,Newsmax,Newsmax Media,≤100
868259909915525,Susie Lee,Susie Lee for Congress,≤100
167586229923327,World Food Program USA,World Food Program USA,≤100
25852730092,Care2,Care2 Inc,≤100
100256754899828,Patriot's Cave,Patriots Cave,≤100
292351509697,Jerusalem Prayer Team,Jerusalem Prayer Team,≤100
109223233848495,Desde Nevada,Emilia Bazan,≤100
102671331487937,I Love My Freedom Store,I Love My Freedom,≤100
296708523873754,Karla Dennis and Associates Inc.,"Karla Dennis & Associates, Inc",≤100
1336293769761923,Jon Ossoff,JON OSSOFF FOR SENATE,≤100
107587444304681,We Win Black,Fight For The Base,≤100
159964696102,Kevin McCarthy,KEVIN MCCARTHY FOR CONGRESS,≤100
347978955534783,Solcius,Solcius,≤100
106323360959211,Patriots Republic,Matthew James Stine,≤100
327837911149503,2A4Life,2A4LIFE LLC,≤100
1204754733024419,People's Power Grab,ACRONYM,≤100
101547384911014,Smoke Free Truckee Meadows,Smoke Free Truckee Meadows,≤100
142665849854371,House Freedom,HOUSE FREEDOM FUND,≤100
107398241021186,The John Lewis Bridge Project,John Lewis Bridge Project,≤100
45555240203,America First Credit Union,America First Credit Union,≤100
1194865807192273,Conservative Gear,Outergoods LLC,≤100
67945990059,The American Petroleum Institute,The American Petroleum Institute,≤100
163148530407080,Captain Mark Kelly,MARK KELLY FOR SENATE,≤100
113271610392632,Tim Bohen,Long Form Creative Co.,≤100
109092142462587,Adam Schiff,SCHIFF FOR CONGRESS,≤100
114710126648118,Republican Dogs,Republican Dogs,≤100
100233228182981,Madison Cawthorn for Congress,CAWTHORN FOR NC,≤100
677005135756125,Community Catalyst Action Fund,Community Catalyst Action Fund,≤100
1400927463555875,Imperfect Foods,Imperfect Produce,≤100
2330577043935831,Sara Gideon,SARA GIDEON FOR MAINE,≤100
46093654473,National Republican Congressional Committee,NRCC,≤100
38235851310,USA for UNHCR,UNITED STATES ASSOCIATION FOR UNHCR,≤100
106094077803532,Our National Family,Patrick Le Tran,≤100
15188122178,The Hamilton Collection,The Hamilton Collection,≤100
103597604713894,Team Trump Store,TRUMP MAKE AMERICA GREAT AGAIN COMMITTEE,≤100
184731548554164,PL+US,Plus Fund: Paid Leave for the United States,≤100
596556607135301,The Earthling Co.,The Earthling Co.,≤100
2353537341582545,Proud Patriots,Proud Patriots,≤100
1480738612230655,BAD TOUCH SUPPLY,Alex Richard Ficco,≤100
6820348410,Kirsten Gillibrand,Off the Sidelines,≤100
6204742571,Sierra Club,SIERRA CLUB,≤100
100306238447663,Lazer Lab at Northeastern University,Northeastern University,≤100
346937065399354,Occupy Democrats,Omar Rivero,≤100
6165653060,AFSCME,AMERICAN FEDERATION OF STATE COUNTY & MUNICIPAL EMPLOYEES,≤100
1010143499143169,Medicare Savings,"Mayo Labs, LLC",≤100
1374134752633656,New Health Plans,Shop Insurance Plans,≤100
111393882812494,Amy McGrath,"AMY MCGRATH FOR SENATE, INC.",≤100
108794587327155,Good Programs 2020,Trevor Dale Seaks,≤100
2037695643113766,Blexit,Blexit Foundation,≤100
681745912255844,John Cummings for Congress,CUMMINGS FOR CONGRESS,≤100
18813753280,Human Rights Campaign,"HUMAN RIGHTS CAMPAIGN, INC.",≤100
105577974544303,The USA Needs More Patriots,Anthony Alexander Morales,≤100
53541257714,The Arc of the United States,The Arc with Facebook Ad Credits,≤100
560140464159364,Stand for the 2nd Amendment,SFT2 Tactical Supply,≤100
1109093812491437,Blaze Media,Blaze Media LLC,≤100
1600352356914768,PushBlack,PushBlack,≤100
629732217415068,Republican Party,Greater Half,≤100
245284549333866,ASMDSS,ASMDSS,≤100
461204744067686,Family Protection Association,Family Protection Association,≤100
80562389320,NARAL Pro-Choice America,NARAL Pro-Choice America,≤100
8047221596,Save the Children US,"SAVE THE CHILDREN FEDERATION, INC.",≤100
1228396643984955,Michelle Steel,Michelle Steel for Congress,≤100
104051398040027,CCW Online Now_,Concealed Country,≤100
112010257146076,Nevada Energy Solutions,Joshua Adam Sparks,≤100
203550842430,Mike Lee,FRIENDS OF MIKE LEE INC,≤100
113869800057923,"Dan Gilliam for District Court Judge, Dept 24",Committee to Elect Dan Gilliam,≤100
376250065793807,Citizens for Responsible Energy Solutions,Citizens for Responsible Energy Solutions,≤100
17911165812,Covenant House International,Covenant House,≤100
111428049989,Cal Cunningham,CAL FOR NC,≤100
6041057841,The Humane Society of the United States,"HUMANE SOCIETY OF THE UNITED STATES, THE",≤100
436246516411674,ACTIONN,ACTIONN,≤100
202531447982,Jimmy Chin,Protect Our Winters,≤100
106224464107240,Jo Jorgensen,Jo Jorgensen for President,≤100
223055747744143,Beto O'Rourke,Powered By People,≤100
100391581727524,Defeat By Tweet,DEFEAT BY TWEET,≤100
15687409793,World Wildlife Fund,World Wildlife Fund,≤100
1449461518652183,4Patriots,4Patriots LLC,≤100
934438026690635,YouGov,YOUGOV AMERICA INC.,≤100
100137754724934,Trump 2020 Supporters,Proud Right Winger,≤100
530604487365010,Old Glory Flagpole Kits,Service First,≤100
215199482635728,Alek Skarlatos,ALEK FOR OREGON,≤100
149394811746735,Nevada Clean Cars,Impact Communications,≤100
342887442508723,Convention of States,Convention of States Action,≤100
118303441570966,Home Ownership Matters,NATIONAL ASSOCIATION OF REALTORS,≤100
555787351119974,Coalition to Protect America's Health Care,Coalition to Protect America's Health Care,≤100
253791814655400,Doug Collins,"COLLINS FOR SENATE, INC.",≤100
373814729643508,Let America Vote,Let America Vote PAC and National Democratic Redistricting Committee,≤100
257019421075897,Cory Gardner,Cory Gardner for Senate,≤100
309798029121030,Everytown for Gun Safety,Everytown for Gun Safety Action Fund Inc,≤100
309308412520731,Sandy Hook Promise,Sandy Hook Promise,≤100
8325302025,Friends of the Earth U.S.,Friends of the Earth,≤100
104170004713256,Elect Black Democrats,THE COLLECTIVE PAC,≤100
43821078871,Transport Workers Union (TWU),Transport Workers Union of America,≤100
1486770511568211,Nevada Term Limits,U.S. Term Limits Inc.,≤100
100585598043377,Intelligent Investing Tips,Intelligent Investing Resource,≤100
303061950155375,John James,"JOHN JAMES FOR SENATE, INC.",≤100
2185993931653388,The Recount,"Recount Media, Inc",≤100
15239367801,The Wilderness Society,"WILDERNESS SOCIETY, THE",≤100
192015461630968,Supporting Our Brave Veterans,James Brian Plouf,≤100
598924810530984,Keeping America Great,FamTeeWorld,≤100
5720973755,Defenders of Wildlife,DEFENDERS OF WILDLIFE,≤100
13274260518,Planned Parenthood Votes Nevada,Planned Parenthood Votes Nevada,≤100
107523875954231,Danny Davis,Protect Our Winters,≤100
782093245218764,Qasim Rashid,RASHID FOR VA,≤100
45393753416,Alliance Defending Freedom,Alliance Defending Freedom,≤100
69983322463,Ted Cruz,TED CRUZ FOR SENATE,≤100
21375324480,The Heritage Foundation,HERITAGE FOUNDATION (THE),≤100
193618220508,LIFE Today,LIFE Outreach International,≤100
103654464668995,Home With Our Family,Alexander Chung,≤100
100637888239523,Free Reign For All,Kin Ngai Yeung,≤100
100560711450721,Evangelicals for Trump,TRUMP MAKE AMERICA GREAT AGAIN COMMITTEE,≤100
737686089933715,Conservative Collections,Mainline Media Group,≤100
530604487365010,Old Glory Flagpole Kits,Service First Flag Poles,≤100
110904615609349,Zona MX 103.5 FM,Lucille L. van Horne,≤100
130467958471,Jason Lewis,Jason Lewis for Senate,≤100
7292655492,MoveOn,MOVEON.ORG POLITICAL ACTION,≤100
284946111858895,Debbie Mucarsel-Powell,DEBBIE FOR CONGRESS,≤100
894096170667732,Ashley Hinson,Ashley Hinson For Congress,≤100
113238287134755,"American Target Advertising, Inc.",Marci Beth Troutman,≤100
119869508057838,Latino Mix Las Vegas,Lucille L. van Horne,≤100
101237551589520,Tactical Patriot,Trizzie Truong,≤100
405469100189512,Still My President - Donald Trump,Red State Politics LLC,≤100
971668776283950,PolicyEd,Hoover Institution,≤100
94047978366,PCCC - BoldProgressives.org,PROGRESSIVE CHANGE CAMPAIGN COMMITTEE,≤100
2068988876444634,Stand Up for Accurate Prenatal Answers,STAND UP FOR ACCURATE PRENATAL ANSWERS INC,≤100
393932827634250,Dissent Pins,Common Practice,≤100
1836138529938551,Greater Half,Greater Half,≤100
143729616392084,Van Drew for Congress,Van Drew for Congress,≤100
130851487657790,Grapevine Logic,Grapevine Logic,≤100
105084617912738,PatriotQuizzes,patriotquizzes.com,≤100
540707072979860,Brian Maryott,MARYOTT FOR CONGRESS,≤100
107307891059139,Law Enforcement Loyalty PAC,Law Enforcement Loyalty PAC,≤100
110018833813683,Flip the Senate,SMP,≤100
195530355493,Chicks On The Right,Chicks on the Right,≤100
345378512258813,Elise Stefanik,ELISE FOR CONGRESS,≤100
101165966152,AFL-CIO,AFL-CIO,≤100
112525773437910,Elect JD Drakulich for Reno City Council Ward 1,JD Drakulich For Reno City Council Ward 1,≤100
322044193958,Mike Turner for Congress,Citizens for Turner,≤100
109111900634787,Reverend Raphael Warnock,WARNOCK FOR GEORGIA,≤100
21559454473,FAIR,FEDERATION FOR AMERICAN IMMIGRATION REFORM,≤100
110425667380194,Aaron Bushur,"Aaron Bushur for Family Court Judge, Dept. 13",≤100
296295018082,AARP en Español,AARP,≤100
36872302227,Cory Booker,Cory Booker for Senate,≤100
108503659576,National Coalition for Public School Options,National Coalition for Public School Options,≤100
6236054211,Brady,Brady Campaign to Prevent Gun Violence,≤100
119006106155684,PI Energy,Andrew P Chung,≤100
221690171353068,Jay Obernolte,JAY OBERNOLTE FOR CONGRESS 2020,≤100
356482637745012,Stansberry Research,Stansberry Research,≤100
101183127996396,Four Is Enough,PACRONYM,≤100
101210588150219,Boy Scouts Abuse Claims,X Social Media LLC,≤100
1316372698453411,Alexandria Ocasio-Cortez,THE SQUAD VICTORY FUND,≤100
23996308754,Senate Conservatives,SENATE CONSERVATIVES FUND,≤100
548276005508853,Make The Road Nevada,Make the Road NV,≤100
101481584557260,Help Asheville Bears-HAB,Heather Christina Williams,≤100
7833534974,Florida Democratic Party,Florida Democratic Party,≤100
97493741436,John W. Hickenlooper,HICKENLOOPER FOR COLORADO,≤100
295533050495998,Abogado de Inmigracion Jorge Rivera - Immigration Group LLC,Michael A Castillo,≤100
305894606423160,ParentsTogether,ParentsTogether,≤100
360303722260,Kathleen Williams,KATHLEEN WILLIAMS FOR MONTANA,≤100
788394134539871,USPS Business,United States Postal Service,≤100
592707041080920,Stand Together,Stand Together Chamber of Commerce Inc.,≤100
188021101215532,Dulce Candy,Grapevine Logic,≤100
107654924064350,Pat Timmons-Goodson,PATRICIA TIMMONS-GOODSON FOR CONGRESS,≤100
417522508294454,Job Creators Network,Job Creators Network,≤100
106114264313679,Hunt The Vote,"Hunter Nation, Inc",≤100
102745147891580,Trump Coolers,Eric Clifford Juels,≤100
29770886815,Marijuana Policy Project,Marijuana Policy Project,≤100
911828698840246,ReLEntless Defender Apparel,ReLEntless Defender Apparel,≤100
420785874975425,Conservative Institute,The Conservative Institute,≤100
114349990014650,"Adam Ganz for District Court Judge, Dept. 3",Adam Ganz,≤100
780941275347834,Ilhan Omar,ILHAN FOR CONGRESS,≤100
109729897041138,David Richter,David Richter for Congress Inc,≤100
607626319739286,Black Voices for Trump,TRUMP MAKE AMERICA GREAT AGAIN COMMITTEE,≤100
1917715138510680,Follow Your Legend,Legend Bracelet,≤100
2012750189007245,Liquid Death Mountain Water,Liquid Death,≤100
6713653788,Gary Peters,PETERS FOR MICHIGAN,≤100
100101018155207,Paid Leave for All,Paid Leave for All a project of Hopewell Fund,≤100
81391603670,Carson City  Republican Party,Carson City Republican Central Committee,≤100
2309566456030859,Human Coalition Action,Human Coalition Action,≤100
327202261326682,Stephanie Bice,Bice for Congress,≤100
209516845093,NRDC Action Fund,NRDC Action Fund,≤100
10150100007820094,Wendy Davis,WENDY DAVIS FOR CONGRESS,≤100
21472760578,C-SPAN,C-SPAN,≤100
100392005072471,Center for Essential Information,Center for Essential Information; Not authorized by any candidate or candidate’s committee,≤100
166618413413767,Jay Sekulow,American Center for Law and Justice,≤100
101136147910784,Represent Justice,Represent Justice,≤100
105732744375701,Steve Bullock,MONTANANS FOR BULLOCK,≤100
96171427550,Raja for Congress,FRIENDS OF RAJA FOR CONGRESS,≤100
38471053686,Elizabeth Warren,"WARREN DEMOCRATS, INC.",≤100
586751814690068,Joni Ernst,Joni for Iowa,≤100
100353114849897,Choose Lynn Hughes for Judge,Choose Lynn Hughes,≤100
376776419037747,Turning Point USA,Turning Point USA,≤100
105455840860559,Eagle Realm,Eagle Realm,≤100
746938465317981,Nuclear Matters,Nuclear Matters,≤100
103644036958,United Association,United Association Political Education Committee,≤100
143089732792,Marsha Blackburn,Blackburn Tennessee Victory Fund,≤100
124530924015,Hank Gilbert,HANK GILBERT FOR CONGRESS,≤100
1765073800454902,Reform Austin,Reform Austin Inc.,≤100
129255907131113,NumbersUSA,NUMBERSUSA EDUCATION AND RESEARCH FOUNDATION,≤100
35169196082,Project HOPE,"PROJECT HOPE-THE PEOPLE-TO-PEOPLE HEALTH FOUNDATION, INC.",≤100
675471506247724,Adair for Congress,ADAIR FOR CONGRESS,≤100
111519731642,Montana Wildlife Federation,MONTANA WILDLIFE FEDERATION,≤100
42002969352,Center on Budget and Policy Priorities,Center on Budget and Policy Priorities,≤100
1447994318779650,AirMedCare Network,AIrMedCare Network,≤100
496696933682736,Jeff Merkley,JEFF MERKLEY FOR OREGON,≤100
683872625157265,Theresa Greenfield,THERESA GREENFIELD FOR IOWA,≤100
71945223065,Diamond Resorts,Diamond Resorts,≤100
538529476604437,Clean Energy Works for Nevada,Impact Communications,≤100
72186095846,Center For American Progress Action Fund,Center for American Progress Action Fund,≤100
212025079529295,New Americans Campaign,New Americans Campaign,≤100
104934207736995,Paycheck to Paycheck,Center for American Progress Action Fund,≤100
27544763621,Prison Fellowship,Prison Fellowship,≤100
1538506969789364,Renew NV,RenewNV,≤100
42872222699,Dana Loesch,Dana Loesch Radio,≤100
260933440643373,UltraViolet,UltraViolet Action,≤100
661744180680367,National Police Association,"NATIONAL POLICE ASSOCIATION, INC.",≤100
109709397469494,Dignity Unbound,Dignity Unbound,≤100
169710960125365,Curzio Research,Curzio Research Inc.,≤100
7263476274,Mercy Corps,Mercy Corps,≤100
329284771298646,Issue One Action,Issue One Action,≤100
6333396177,NewsBusters.org,MEDIA RESEARCH CENTER,≤100
151525932186806,When Democrats Turn Out,WHEN DEMOCRATS TURN OUT PAC,≤100
110746996993983,The 'Gander Newsroom,"Courier Newsroom, Inc.",≤100
245741028804051,Barbara Sinatra Center,Barbara Sinatra Children's Center,≤100
107210084216238,Humanity Forward,Humanity Forward,≤100
205395906412,UAW International Union,"INTERNATIONAL UNION, UNITED AUTOMOBILE, AEROSPACE AND AGRICULTURAL IMPLEMENT WORKERS OF AM",≤100
775525186130124,Center for a Free Economy,Center for a Free Economy,≤100
325578590837480,Obamacare,Sixteen Thirty Fund,≤100
210277954204,The Young Turks,"The Young Turks, Inc.",≤100
305832706292882,American Gun Association,GunAssociation.org,≤100
105410567897348,Adopt an Officer,Adopt America LLC,≤100
331037760381749,Sierra Magazine,SIERRA CLUB,≤100
104919414599745,People Over Profits,"The People Over Profits Florida, Inc.",≤100
679171239164792,Supermajority,Supermajority,≤100
50982313030,Food & Water Watch,Food & Water Watch,≤100
1934191280189700,Health Care Voter,Health Care Voter,≤100
135298176481584,Marine Corps Scholarship Foundation,Marine Corps Scholarship Foundation,≤100
8550121410,Free Speech America Project,MEDIA RESEARCH CENTER,≤100
1530883997194411,United States Constitution,Flag and Cross,≤100
1562713090633117,Operation Underground Railroad,"Operation Underground Railroad, Inc.",≤100
111023584012681,Open Road Homeward,Samantha Lyn Weldon,≤100
102564128179023,Truth to Power,TRUTH TO POWER,≤100
304435663079126,iAmerica,SERVICE EMPLOYEES INTERNATIONAL UNION,≤100
114386721939978,The Made in America Store,Made In America Store,≤100
23790541544,Democrats,DCCC,≤100
313426465202,Arizona Wildlife Federation,ARIZONA WILDLIFE FEDERATION,≤100
118269091671380,The Home T,The Home T,≤100
149081336362,AmeriCorps VISTA,Corporation for National and Community Service,≤100
316887658336677,My Control Card,"NETSPEND HOLDINGS, INC.",≤100
19342050934,Leadership Institute,LEADERSHIP INSTITUTE INC,≤100
221401431386940,Pramila Jayapal,PRAMILA FOR CONGRESS,≤100
265268336865693,Do Amore,Do Amore Limited Company,≤100
131352838109,Congressman Darrell Issa,DARRELL ISSA FOR CONGRESS,≤100
107953199261156,ifaw,"INTERNATIONAL FUND FOR ANIMAL WELFARE, INC.",≤100
293225127381200,Patriot Depot,The Patriot Depot,≤100
116534199732974,USA Carry Online,USA Carry Online,≤100
197760674021143,Indivisible Guide,INDIVISIBLE ACTION,≤100
465483726908192,iVote,IVote Civic Education Fund,≤100
118502801658228,Young Kim,Young Kim for Congress,≤100
108029674299216,We The People,We The People,≤100
209046616332309,Xochitl for Congress,Xochitl for New Mexico,≤100
950998258312654,Knowhere,"Knowhere, Inc.",≤100
419992651425033,Guardianes del Pueblo-Consumer Law Group,Consumer Law Group,≤100
116015728417129,Michelle Mortensen,Committee to Elect Michelle Mortensen,≤100
852784198406948,Boy Scouts Investigation,These ads ran without a disclaimer,≤100
115364585711,Lawyers' Committee for Civil Rights Under Law,Lawyers' Committee for Civil Rights Under the Law with Facebook Ad Credits,≤100
101329438317952,Story Network Action,Story Network Foundation,≤100
237477017606,Club for Growth,Club for Growth,≤100
344690446467832,The Copper Courier,"Courier Newsroom, Inc.",≤100
113474173781579,American Apparel AA,Click Wonders,≤100
30708742052,FCTRY,FCTRY,≤100
309993142375589,Joe Kennedy III,KENNEDY FOR MASSACHUSETTS,≤100
55549065733,Voto Latino,VOTO LATINO INC.,≤100
106756327769815,Stand For The Promise,Stand For The Promise,≤100
17432811417,Working Families Party,Working Families Party National Independent Expenditure Committee,≤100
6820348410,Kirsten Gillibrand,Gillibrand for Senate,≤100
19746387261,Humane Society International,Humane Society International,≤100
111702860231554,Matt Lieberman,Matt Lieberman for Senate,≤100
102592959026,Ocean Conservancy,"OCEAN CONSERVANCY, INC.",≤100
655065784538368,PredictIt,"PredictIt - Prediction Markets. A project of Victoria University of Wellington, PredictIt has been established to facilitate research into the way markets forecast events.",≤100
163302087408673,Stop The Donald,Stop the Donald,≤100
27311599342,Preemptive Love,Preemptive Love Coalition,≤100
1690071827911682,Cleancult,cleancult,≤100
107572730809638,End Money Bail California,"End Predatory & Unfair Money Bail, a coalition of justice reform and labor organizations. Committee major funding from Action Now Initiative, LLC, Patty Quillin, and Lynn Schusterman. Funding Details at www.fppc.ca.gov.",≤100
1338822066131069,Women's March,Women's March,≤100
102636677971854,Trump Is The Storm,Legendary Trump Coins,≤100
102617961152741,Barbara Bollier,BOLLIER FOR KANSAS,≤100
127216280686110,Ann Wagner,Ann Wagner for Congress,≤100
105010030848236,Bryant Cameron Webb,DR. CAMERON WEBB FOR CONGRESS,≤100
103235554648484,Elect Scientists,314 ACTION FUND,≤100
375301089246439,Thom Tillis,THOM TILLIS COMMITTEE,≤100
217976018236954,OutKick,Outkick Media LLC,≤100
583648525060535,"Libertarian Party of Clark County, Nevada",Steven Brown,≤100
1722835357995040,Jenny Brekhus,Jenny Brekhus for City Council,≤100
107847454354960,Weekly American Lifestyle,Steve San,≤100
1925751504337881,MJ Hegar,MJ FOR TEXAS,≤100
333081284065216,Brynne Kennedy for Congress,BRYNNE KENNEDY FOR CONGRESS,≤100
1800072483402009,African Community & Conservation Foundation,African Community & Conservation Foundation,≤100
13063797831,Ben Ray Luján,PEOPLE FOR BEN,≤100
104504438466,Federal Voting Assistance Program - FVAP,Federal Voting Assistance Program,≤100
176466646087311,DC Fawcett,Donald Chappell Fawcett,≤100
8532248414,Wounded Warrior Project,"WOUNDED WARRIOR PROJECT, INC.",≤100
101252258324890,The Con,Abramorama Inc.,≤100
104684067632334,Unite the Country,UNITE THE COUNTRY,≤100
32682889528,U.S. Chamber of Commerce,The U.S. Chamber of Commerce,≤100
103801844298982,Team Collins,COLLINS FOR SENATOR,≤100
281835005264380,Eric Swalwell,SWALWELL FOR CONGRESS,≤100
419237048158257,Susan Collins,COLLINS FOR SENATOR,≤100
44255328352,Farm Forward,Farm Forward,≤100
408250066356,Bill O'Reilly,"Bill Me, Inc.",≤100
977704775606273,Balls Deep Tackle,Balls Deep Tackle,≤100
100119981671668,Blue Senate,BLUE SENATE PAC,≤100
17475614410,Hispanic Federation,Paid for by Hispanic Federation with Facebook Ad Credits,≤100
601108943431836,The Flip Side,TFS Inc,≤100
106954147689215,Just the Truth,JUST THE TRUTH POLITICAL ACTION COMMITTEE,≤100
249455845761285,Lindsey Must Go,LMG PAC,≤100
405355946226766,Todd Young,"FRIENDS OF TODD YOUNG, INC.",≤100
1005566252861190,VOTEPROCHOICE,DEMOCRATS.COM,≤100
67626834312,National Women's Law Center,National Women's Law Center,≤100
17203056985,Partners In Health,Partners In Health,≤100
6231686654,Compassion International,"COMPASSION INTERNATIONAL, INCORPORATED",≤100
895222423889756,Building A Better Nevada,Michelle Marie Mortensen,≤100
1741729849281711,Uber & Lyft Sexual Assault Attorneys,Safer America,≤100
1654391474785866,Sybrina Fulton,"Sybrina Fulton for Miami-Dade County Commission, District 1, Nonpartisan",≤100
181924628560212,SumOfUs,SumOfUs,≤100
357554791340788,Liker,Omar Rivero,≤100
109360297266116,Fearless Patriot,TERESA NONE OHARA-MARSH,≤100
109271350879624,Something We All Need,Patrick Le Tran,≤100
111772843789224,HURD PAC,HAVING UNWAVERING RESOLVE AND DETERMINATION PAC,≤100
101591551371555,Fire Mitch. Save America.,SAVE AMERICA FUND,≤100
433919203362871,Bird + Stone,BIRD & STONE INC,≤100
157810487611661,Freethink,Freethink,≤100
5633824547,FreedomWorks,"FREEDOMWORKS, INC.",≤100
223008867858902,American Action News,American Action News,≤100
278703415666824,Jeremy Jones,Protect Our Winters,≤100
100722328329613,Every Single Vote,Every Single Vote,≤100
106487520883333,Cardinal & Pine,"Courier Newsroom, Inc.",≤100
1443127535947107,Save the Children Action Network,Save the Children Action Network,≤100
628891490457484,Nancy Mace,Nancy Mace for Congress,≤100
105536127617594,The American Digest,The American Digest,≤100
19474609238,Mercatus Center at George Mason University,Mercatus Center at George Mason University,≤100
105984667872147,Patriotic Liberty,Vivian Lam Nguyen,≤100
102756811269921,Fellow Americans,Fellow Americans,≤100
102916288137405,The Daily Republican,USA Movements LLC,≤100
115617711783870,Center for Union Facts,CENTER FOR UNION FACTS,≤100
112600915451330,No Labels,No Labels,≤100
112164673854264,Living Patriotically,Living Patriotically,≤100
1679521432262834,Physicians Grassroots Network,American Medical Association,≤100
178024352559210,Great America PAC,GREAT AMERICA PAC,≤100
1438808983108348,BOLD PAC,CHC BOLD PAC,≤100
15041226930,Oxfam,"OXFAM AMERICA, INC.",≤100
134452023239984,Human Coalition,Human Coalition,≤100
169597416843751,Stand Up America,Stand Up America,≤100
151944694884237,"Solidarity Strategies, LLC",Solidarity Strategies,≤100
21834534343,Volunteers of America,"VOLUNTEERS OF AMERICA, INC.",≤100
153678684700451,American Investment Council,AMERICAN INVESTMENT COUNCIL,≤100
345347582335650,Francia Raisa,Grapevine Logic,≤100
21395843375,Dialysis Patient Citizens,DIALYSIS PATIENT CITIZENS INC,≤100
563263527194297,Avocado Green Mattress,These ads ran without a disclaimer,≤100
2339203789732156,Kim Mangone for Congress,COMMITTEE TO ELECT KIM MANGONE FOR CONGRESS,≤100
143986912311328,University of Vermont Continuing and Distance Education,University of Vermont,≤100
593289284500311,Trump Rack,BOXD Marketing,≤100
61265398450,AmeriCorps NCCC,Corporation for National and Community Service,≤100
350784278974539,Turning Point Action,Turning Point Action,≤100
105370081104608,Veterans for Trump,TRUMP MAKE AMERICA GREAT AGAIN COMMITTEE,≤100
203330919857759,All On The Line,National Redistricting Action Fund,≤100
1526736227567131,TrueCoverage,True Coverage,≤100
2259323457517498,Abolish the Electoral College,ABOLISH THE ELECTORAL COLLEGE,≤100
11791104453,NRDC,Natural Resources Defense Council,≤100
126694924050678,Xavier Becerra,Becerra for Attorney General 2022,≤100
110468488981853,UNRWA USA,UNRWA USA,≤100
56332452163,AMA Patients Action Network,American Medical Association,≤100
192771954102960,Jordan Sekulow,American Center for Law and Justice,≤100
1084856268238034,Trump Talking,Roberto None Lugo,≤100
18709174006,National Audubon Society,"NATIONAL AUDUBON SOCIETY, INC.",≤100
813720578669614,Friends of the Truckee Library,Friends of the Truckee Library,≤100
248181906078243,National Institute for Civil Discourse,CommonSense American,≤100
468533133243616,"Nevada Insurance Enrollment - Auto, Homeowners, Health, Life",James Pugliano,≤100
548407915183371,Liz Cheney,Liz Cheney for Wyoming,≤100
439434939539107,"Steve Sanson President of Veterans In Politics International, Inc.","Veterans In Politics International, Inc.",≤100
1852520761657982,4ocean,4ocean,≤100
747436915270894,Congressional Leadership Fund,CONGRESSIONAL LEADERSHIP FUND,≤100
112333396969405,Jim Bognet,Bognet for Congress,≤100
228132537208218,Tammy Duckworth,TAMMY FOR ILLINOIS,≤100
50576707351,Republican State Leadership Committee,Republican State Leadership Committee,≤100
108683164271262,Patriots for Life,Grant Alan Johnston,≤100
2040270322863853,Tina Smith,TINA SMITH FOR MINNESOTA,≤100
58158120046,ACLJ,American Center for Law and Justice,≤100
110849485902,United Way,United Way Worldwide with Facebook Ad Credits,≤100
443329669123990,USAFacts,USAFacts Institute,≤100
10498053716,Media Research Center,MEDIA RESEARCH CENTER,≤100
374848446414965,Pollking,Benjamin Aaron Perlman,≤100
1819658374974706,Arena,Arena PAC,≤100
53727956260,Republican Jewish Coalition,Republican Jewish Coalition,≤100
407664862957433,Ammar Campa-Najjar for Congress,AMMAR CAMPA-NAJJAR FOR CONGRESS,≤100
814260155318929,The Fairness Project,The Fairness Project,≤100
206052849902620,Intermountain Immigration,"Intermountain Immigration, LLC",≤100
83290028957,Care Net,CARE NET,≤100
186932688457686,CHNGE,CHNGE,≤100
243947752771440,TJ Cox for Congress,TJ COX FOR CONGRESS,≤100
1393911800825140,OZY,OZY Media Inc,≤100
15351475322,Cathy McMorris Rodgers,Cathy McMorris Rodgers for Congress,≤100
79125112926,Students for Life of America,"STUDENTS FOR LIFE OF AMERICA, INC.",≤100
172758932738142,PhRMA,PHARMACEUTICAL RESEARCH AND MANUFACTURERS OF AMERICA,≤100
174467403129304,Yoopine,Yoopine Inc.,≤100
303817256420208,Leslie Rutledge for Arkansas,Leslie Rutledge for Governor,≤100
117641114435,First Aid Beauty,First Aid Beauty,≤100
109784800371914,Protect Kids: Fight Flavored E-Cigarettes,TOBACCO-FREE KIDS ACTION FUND,≤100
107698564046392,Lauren Boebert for Congress,LAUREN BOEBERT FOR CONGRESS,≤100
102499901286348,Bold Vision P.C.,Bold Vision PC,≤100
369214063089791,Lummis for Wyoming,LUMMIS FOR WYOMING INC.,≤100
167968013767335,Julie Oliver,JULIE OLIVER FOR CONGRESS,≤100
114971076538782,The Keystone,"Courier Newsroom, Inc.",≤100
108296990863730,Hero Action Fund,Hero Action Fund,≤100
711909245654048,National Police Support Fund,National Police Support Fund,≤100
34701792581,EWTN,Eternal Word Television Network,≤100
107037332686173,Michelle Fischbach for Congress,FISCHBACH FOR CONGRESS,≤100
2081864865362439,Mike Espy,MIKE ESPY FOR SENATE CAMPAIGN COMMITTEE,≤100
317284821682168,Messianic Jewish Alliance of America (MJAA),Messianic Jewish Alliance of America,≤100
110010433804232,Falkirk Center,Falkirk Center,≤100
106166404519806,Black Lives Matter,Bryan Daley,≤100
24481937944,Theodore Roosevelt Conservation Partnership,"THEODORE ROOSEVELT CONSERVATION PARTNERSHIP, INC",≤100
106402714456835,Trees 4 Australia,Trees4Australia,≤100
153278754738777,Climate Reality,The Climate Reality Project,≤100
100357018393041,Together We Stand,Grant Alan Johnston,≤100
12683623041,Society for Human Resource Management (SHRM),SOCIETY FOR HUMAN RESOURCE MANAGEMENT,≤100
121626482110,Operation Smile,"OPERATION SMILE, INC.",≤100
227764782729,AMERICAN - STRONG!,American Strong LLC,≤100
166738743732702,All Above All Action,All Above All Action Fund,≤100
531623043662146,Flags of Valor,Flags of Valor,≤100
107665644228467,Conservative Journal Review,Conservative Journal Review LLC,≤100
350692761610088,Matt Cartwright for U.S. Congress,CARTWRIGHT FOR CONGRESS,≤100
102540204580217,UpNorthNews,"Courier Newsroom, Inc.",≤100
116222966843926,US Concealed,US Concealed,≤100
186538388091065,Operation Sacred Trust,Purpose Built Families Foundation,≤100
323057528048557,LGBTQ Victory Institute,LGBTQ Victory Institute,≤100
207549645977714,Families Belong Together,Families Belong Together,≤100
605168822998856,314 Action,314 ACTION FUND,≤100
101352851565699,Somos PAC,SOMOS PAC,≤100
873203482775828,Poor People's Campaign: A National Call for Moral Revival,Poor People's Campaign,≤100
334748476594191,Rodney Davis,Rodney for Congress,≤100
176099072429809,Oceana in Florida,OCEANA,≤100
294879797332635,Debbie Dingell,DEBBIE DINGELL FOR CONGRESS,≤100
1600300510259910,For Our Future Pennsylvania,For Our Future Action Fund,≤100
104614641200137,MeidasTouch,MEIDASTOUCH,≤100
587676831343390,Raheem AI,RAHEEM AI,≤100
361960287311696,Better Medicare Alliance,"Better Medicare Alliance, Inc",≤100
51379424899,Mercy Ships,MERCY SHIPS INTERNATIONAL,≤100
953113491536337,Black to the Future Action Fund,Black to the Future Action Fund,≤100
322551718276442,Lemons Are Blue,Lockwell LLC,≤100
291102898490822,Giant Maga Hat,Inventors club LLC,≤100
123624513983,The Western Journal,The Western Journal,≤100
839073729808623,Hillary Scholten,SCHOLTEN FOR CONGRESS,≤100
1859113087545137,Learn Everywhere,"yes. every kid, Inc.",≤100
1678492922390061,WorkingNation,WorkingNation,≤100
109379100777665,Patriotism Isn't Dead,Patriot Polling,≤100
416913748508616,We Welcome Refugees,We Welcome Refugees,≤100
104732736288252,Caroline Gleich,Protect Our Winters,≤100
896759427103774,Modern Medicaid Alliance,Modern Medicaid Alliance,≤100
101690998009007,Improving Life Through Health,Nicolette Dalan,≤100
140357056032320,NEA Today,National Education Association,≤100
112735922758892,Charlie Kirk,Charlie Kirk,≤100
373814729643508,Let America Vote,LET AMERICA VOTE PAC,≤100
375760676281438,Mermaid Straw,Mermaid Straw,≤100
260713150211,Protect Our Winters,Protect Our Winters,≤100
303167829786891,Ed Markey,THE MARKEY COMMITTEE,≤100
13885075114,Action Against Hunger USA,ACTION AGAINST HUNGER - USA,≤100
277414242013,Joyce Elliott for Congress,JOYCE ELLIOTT FOR CONGRESS,≤100
232201568659,Pacific Justice Institute,PACIFIC JUSTICE INSTITUTE,≤100
468906559794011,LaunchGood,LaunchGood Inc.,≤100
123965317665623,N-Hance Wood Refinishing,N-Hance Inc.,≤100
394817334402124,2020 Trump Bill,Innovative Ecomm LLC,≤100
360424321432255,Doha Debates,Doha Debates,≤100
412739549455010,Karena Reiter,PrimaDonna Reeds,≤100
178835922297833,American Clinical Laboratory Association,American Clinical Laboratory Association,≤100
113341064736,American Conservative Union,American Conservative Union,≤100
113173667121573,BLM Society,BLM Society,≤100
979720542211350,Humanize Being Black,Keyshun Quantarious Holmes,≤100
111495005590988,Pattern,Pattern Energy,≤100
160513344045084,John Neely Kennedy,"John Kennedy for Us, Inc",≤100
108512875350,The Atlas Society,The Atlas Society,≤100
422202764649078,Rhode Island Department of Education - RIDE,Rhode Island Department of Education,≤100
101485931485408,UNITEDemocrats,UNITEDEMOCRATS PAC,≤100
54787697857,Ron Wyden,WYDEN FOR SENATE,≤100
717417908274761,Lady Freethinker,Lady Freethinker,≤100
101164484986617,To Be Frank Show,Real News PR,≤100
173837496125511,Conscious Step,Conscious Step,≤100
248306181862385,Live Lokai,Denise L Reina,≤100
592347634460462,Partnership for America's Health Care Future,Partnership for America's Health Care Future,≤100
102478061559294,Convention on Founding Principles,Convention on Founding Principles,≤100
90498769709,Edenpure,EdenPURE®,≤100
175403889150682,FindLaw.com,FindLaw Consumer,≤100
614134231980299,Veterans Empowered To Protect African Wildlife,VETPAW INC,≤100
20876805343,March of Dimes,MARCH OF DIMES INC.,≤100
819607471729183,Dr. Al Gross for US Senate,DR. AL GROSS FOR U.S. SENATE,≤100
117513180002579,John Shallman,Target Marketing Digital,≤100
11111618026,Union of Concerned Scientists,"UNION OF CONCERNED SCIENTISTS, INC.",≤100
79820371749,Ayanna Pressley,THE COMMITTEE TO ELECT AYANNA PRESSLEY,≤100
721689044860696,OneBlinc,"BLINCLOANS, LLC",≤100
154510321337994,Chris Pappas for Congress,CHRIS PAPPAS FOR CONGRESS,≤100
345946329411380,Petal Soap,Jason Paul Domangue,≤100
100503184678036,BioLargo Water Inc.,"BioLargo, Inc.",≤100
109678580574253,Politicool Clothing Co.,PolitiCoolClothing.com,≤100
147368882623027,Black Futures Lab,Black Futures Lab,≤100
502320477205654,I’m Bout Making My Ancestors Proud,Heritage Hill LLC,≤100
336470580233523,Pins and Aces Golf Co.,US Craft Brands LLC,≤100
306591716448427,Cindy Axne,CINDY AXNE FOR CONGRESS,≤100
60236215646,LGBTQ Victory Fund,LGBTQ VICTORY FUND,≤100
129523843754764,Vote Smart,PROJECT VOTE SMART,≤100
544628295627375,Anna Tovar,Tovar for Arizona. Authorized by Anna Tovar.,≤100
1667892193505378,Hold the House,HOLD THE HOUSE PAC,≤100
7219151423,The Fund for American Studies (TFAS),The Fund for American Studies,≤100
396932197039819,SafeSleeve,"SafeSleeve, LLC",≤100
103067581133922,Paul Junge,PAUL JUNGE FOR CONGRESS,≤100
169277310432049,"Texas Precision Optics, Inc.",Texas Precision Optics Inc,≤100
999775873528189,Stopping Socialism,The Heartland Institute,≤100
186805048171120,U.S. & Texas LawShield,Texas LawShield,≤100
110798880680061,USA Strong,USA Strong,≤100
343175436328856,CA Needs Energy Storage,California Alliance for Renewable Energy Solutions,≤100
114475890010131,Piggy Dollar Financial,Tyler Wayne Hedland,≤100
107248944146204,Carlos Gimenez for Congress,Carlos Gimenez for Congress,≤100
72931140459,Center for Biological Diversity,"CENTER FOR BIOLOGICAL DIVERSITY, INC.",≤100
420424547981908,In Search of Liberty,Scott Dennis Welch,≤100
101459098271864,Vets United,Korie Lynn Padgett,≤100
2118624975095038,Stephen Daniel for Congress,STEPHEN DANIEL FOR CONGRESS,≤100
142370046577999,Shahid Buttar for Congress,Shahid Buttar for Congress Committee,≤100
455147011996099,The Ann and Phelim Scoop,The Unreported Story Society,≤100
100123544800892,Disme Coin Company,Byron Michael Laughlin,≤100
156994304362574,American Bridge 21st Century,AB PAC,≤100
8321461609,MomsRising.org,MomsRising Together,≤100
107937014153581,Energized Health,John Jubilee Transformation LLC DBA Energized Health,≤100
6012633110,Communications Workers of America,"COMMUNICATIONS WORKERS OF AMERICA, AFL-CIO, CLC",≤100
100401327980848,National Parents Union,National Parents Union,≤100
103403971353908,Snap Medicare,These ads ran without a disclaimer,≤100
103557118005382,Live Action Español,Live Action,≤100
275908853303174,Pro-Israel America,Pro-Israel America United,≤100
201956993160690,MRCTV,MEDIA RESEARCH CENTER,≤100
109200595768753,The Christian Left,The Christian Left,≤100
1439364926329185,Animal Matters,Animal Matters,≤100
780606555331010,American Student Loan Advocate,ASLR Marketing,≤100
1634651343331439,Project Wren,Landon Brand,≤100
1709145412721991,The Center for Growth and Opportunity at Utah State University,The Center for Growth and Opportunity,≤100
265045056894488,Mark Meckler,Convention of States Action,≤100
7209432197,Chris Coons,CHRIS COONS FOR DELAWARE,≤100
808450969246896,"Rebecca Walser, Tax Attorney, CFP",Walser Wealth Management,≤100
2070944712939738,American Police Officers Alliance,American Police Officers Alliance,≤100
109041327572040,2BKK - Trump Collection,Kim Yen Nguyen,≤100
497081420632330,Dr. Hiral Tipirneni,HIRAL FOR CONGRESS,≤100
114885646899438,Mr. 45th,Clush,≤100
101647124981932,Patriot Flakes,Patriot Flakes,≤100
105702217760897,Pathogen Pro,Pathogen Pro,≤100
410825846009652,Commune,"Commune Media, Inc.",≤100
2165983337048601,LeverforChange,Lever for Change,≤100
357750373755,National Domestic Workers Alliance,National Domestic Workers Alliance,≤100
1192579580831773,Supermajority News,Supermajority,≤100
181183059253295,Dorsal Bracelets,Dorsal Bracelets,≤100
198875903295,Trek Bicycle,TREK BICYCLE CORPORATION,≤100
856208611420219,Christina Finello,FINELLO FOR CONGRESS,≤100
170088057656,Ben Kieckhefer,Committee to elect Ben Kieckhefer,≤100
103366416397616,Democratic Party of Washoe County,Sarah Yvonne Mahler,≤100
108173075911611,National Association of Letter Carriers,National Association of Letter Carriers,≤100
260366367717440,Committee to Protect Medicare,Committee to Protect Medicare,≤100
130945114804,World Jewish Congress,WORLD JEWISH CONGRESS AMERICAN SECTION INC,≤100
106308567506025,Moe Davis for Congress,MOE DAVIS FOR CONGRESS,≤100
785936231584382,Paula Jean Swearengin,Paula Jean for West Virginia,≤100
116987410178,Missouri Partnership,MISSOURI PARTNERSHIP,≤100
485754644838324,Lane County Tribune,Lane County Tribune,≤100
95483488591,Democratic Party of Wisconsin,DEMOCRATIC PARTY OF WISCONSIN,≤100
192448150001,Jeff Anderson & Associates,Jeffrey R Anderson PA,≤100
384557995468219,Viral Casez,Viral Casez,≤100
206590736197463,Moving Forward Network,Moving Forward Network,≤100
201248453800242,My Pay My Say,Mackinac Center for Public Policy,≤100
55549065733,Voto Latino,Voto Latino with Facebook Ad Credits,≤100
103315378108004,True Patriot Strength,LE-HUU DONG HUYNH,≤100
751679868274074,Hope for Students,THE EXPECTATIONS PROJECT INC,≤100
1055873511190792,Hello Resistance,Hello Resistance Apparel,≤100
1082522201878539,Gina Ortiz Jones for Congress,GINA ORTIZ JONES FOR CONGRESS,≤100
21492729544,Catholic Relief Services,CATHOLIC RELIEF SERVICES - UNITED STATES CONFERENCE OF CATHOLIC BISHOPS,≤100
89324781720,Pat Toomey,Friends of Pat Toomey,≤100
7292655492,MoveOn,MOVEON.ORG CIVIC ACTION,≤100
2046092952294722,Lucy McBath for Congress,FRIENDS OF LUCY MCBATH,≤100
294196590710262,FWD.us,FWD.us,≤100
612701059241880,Latinos for Trump,TRUMP MAKE AMERICA GREAT AGAIN COMMITTEE,≤100
206743952696198,Lower My Bills,These ads ran without a disclaimer,≤100
30914589895,The International Fellowship of Christians and Jews,"INTERNATIONAL FELLOWSHIP OF CHRISTIANS & JEWS, INC.",≤100
1653251174924652,Fuzzu,Fuzzu,≤100
111237577031486,AquiPor Technologies,William Powers,≤100
9739634228,The Political Machine,"Hitcents.com, Inc",≤100
281884085611820,Tedra Cobb,COMMITTEE TO ELECT TEDRA COBB,≤100
194350691288029,Fly For The Culture Inc.,"Fly for the Culture, Inc.",≤100
134597023235240,Rashida Tlaib,RASHIDA TLAIB FOR CONGRESS,≤100
111892670610842,Political AF,Quyen Sanh Gip,≤100
96020317460,Nellis Air Force Base Desert Lightning News,"Aerotech News and Review, Inc.",≤100
102180301437619,2020 American Defense Fund,C3 PAC,≤100
104667417857551,United Association LLC,United Association LLC,≤100
102729624670835,MinuteStats,Minute Stats,≤100
1721333671443168,Majority Forward,MAJORITY FORWARD,≤100
103185334702225,Stop Trump PAC,STOP 45 PAC,≤100
71284685294,Detroit Pistons,Detroit Pistons,≤100
242679302418244,Denison Forum,Denison Ministries,≤100
1551109418518461,The Honest Patriot,Amundson Media LLC,≤100
260366367717440,Committee to Protect Medicare,Committee to Protect Medicare PAC,≤100
117144508670456,GUNVOTE,National Shooting Sports Foundation,≤100
582293558518300,Abby Broyles,ABBY BROYLES FOR US SENATE,≤100
137746666253194,Ann Kirkpatrick,KIRKPATRICK FOR CONGRESS,≤100
183165025062107,The TESA Collective,"The Toolbox for Education and Social Action, Inc",≤100
255208337943901,Jobs Growth,"JOBS FREEDOM AND SECURITY PAC, Not authorized by any candidate or candidate’s committee.",≤100
194115677277113,A21,A21 with Facebook Ad Credits,≤100
103837514635067,Betterway Campaign,WAYMAKERS,≤100
115826266891294,Humour Political,Quyen Sanh Gip,≤100
103929304678916,Voter Action Project,Integrity First Voter Action Project,≤100
112623813202,LifeSiteNews.com,LifeSiteNews,≤100
519590768083165,Abby Finkenauer for Congress,FINKENAUER FOR CONGRESS,≤100
747783932079184,Jared Golden for Congress,COMMITTEE TO ELECT JARED GOLDEN,≤100
132732160104163,Ford Foundation,"FORD FOUNDATION, THE",≤100
1653885501501009,Propeller,Propeller Enterprises,≤100
823130421379647,Rosilicie Ochoa Bogh for Senate,Rosilicie Ochoa Bogh for Senate 2020,≤100
1480531258923286,JDoe,Ryan Michael Soscia,≤100
108090464296366,Republican Patriots,I Love My Freedom,≤100
7735858972,Humane Society Legislative Fund,Humane Society Legislative Fund,≤100
113460456730293,Ben Salango,Ben Salango for West Virginia,≤100
308159713150350,Voter Protection Project,VOTER PROTECTION PROJECT,≤100
101391906600,Live Action News,Live Action News,≤100
2049170775107862,Resistance By Design,Resistance By Design,≤100
758081107628328,Sheriff Schuster,The Committee to Elect Doug Schuster for Sheriff,≤100
366351973736242,Red Rock Secured,Red Rock Secured,≤100
111001597165583,Brandon Wilkinson for US Congress,Missouri for Brandon Wilkinson,≤100
1682876188698809,United for Respect,United for Respect,≤100
149366465128820,Nicole Galloway,Nicole Galloway for Missouri,≤100
1658135304460341,MANG,MANG,≤100
551158678560402,Epimonia,Epimonia LLC,≤100
19972147679,SEIU,SEIU,≤100
59877921429,Lutheran Immigration and Refugee Service,"LUTHERAN IMMIGRATION AND REFUGEE SERVICE, INC.",≤100
466775810098858,Retailers & Store Owners United to Rebuild our Communities' Economies,Retailers and Store Owners United to Rebuild our Communities’ Economies,≤100
262905633727,Los Angeles Mission,"Los Angeles Mission, Inc.",≤100
103316257862246,Cuba Great Again,Carlos None Ramos,≤100
1425435377743310,Conversations with Bill Kristol,The Foundation for Constitutional Government,≤100
1561007084146010,All In Together,Priya Kimberly Elangovan,≤100
315151565831,Ascension,Ascension Press,≤100
75353945070,Boxed Water Is Better,Boxed Water Is Better,≤100
1862511410671222,Dana Ferguson for US Congress,FRIENDS OF DANA FERGUSON,≤100
109243500822158,The Greater Brand,Benjamin Pendera Ijah,≤100
169440273093442,The Center for Election Science,The Center for Election Science,≤100
106949844346620,Trumpian Republicans,Gregory Lawrence Burright,≤100
121033149320,American Indian College Fund,"AMERICAN INDIAN COLLEGE FUND, THE",≤100
160630887998827,Let Them Live,Let Them Live,≤100
172783160290727,New Civil Liberties Alliance,NEW CIVIL LIBERTIES ALLIANCE,≤100
698400060189827,Dan Sullivan,Alaskans for Sullivan,≤100
312657362217994,Women's Heart Alliance,Women's Heart Alliance,≤100
115155056950430,Brainy Penny Finance,These ads ran without a disclaimer,≤100
113553048669158,Rick Scott,TEAM RICK SCOTT,≤100
104505064408799,Cove USA,"Cove USA, LLC",≤100
1802177709900081,The Spectator US,The Spectator US,≤100
131306317680000,Social Goods,"Social Goods, LLC",≤100
166166843531258,National Council of Resistance of Iran - شورای ملی مقاومت ایران,MEK-Iran (Saeid Saadati),≤100
25121889784,Texas Public Policy Foundation,Texas Public Policy Foundation,≤100
74508408221,Dr. Joanne Bagshaw,"Joanne Bagshaw, PhD, LCPC",≤100
337416009703682,Heather Carter,VOTE HEATHER CARTER SENATE,≤100
1397799040234106,OpinionUP,OpinionUP LLC,≤100
352527958302,Israel on Campus Coalition,Israel on Campus Coalition,≤100
105943157686335,Trust Michigan Families,TRUST MICHIGAN FAMILIES,≤100
18957518672,Rock the Vote,Teja Renee Foster,≤100
167139593306791,ACLU of Michigan,AMERICAN CIVIL LIBERTIES UNION,≤100
105872574403318,Project TAMMI,a research grant at The National Center on Addiction and Substance Abuse (CASA),≤100
108901687567015,Patriots Sound Off,Richard Brochetti,≤100
101181794707874,United Research Group,United Research Group,≤100
946887545335976,Association of American Universities,The Association of American Universities (AAU),≤100
133649613319094,A CALL TO MEN,A CALL TO MEN,≤100
326609084015,Mark Ridley-Thomas,Los Angeles County Supervisor Mark Ridley-Thomas,≤100
525171637666780,Sandy Piña California Delegate,RCR,≤100
1012679305536045,Elissa Slotkin for Congress,ELISSA SLOTKIN FOR CONGRESS,≤100
21647204289,Michigan Education Association,Michigan Education Association,≤100
540467496124903,SOAR Hydropower,"CANYON INDUSTRIES, INC.",≤100
51949171587,Cross International,"CROSS INTERNATIONAL, INC.",≤100
110836360426744,This Day In History with Dale Robbins,Dale S Robbins,≤100
21455818797,Feed the Children,"FEED THE CHILDREN, INC.",≤100
588762121302996,Black Superwoman Chronicles,Delisha Denise Sylvester,≤100
101176014673943,Michelle for Kansas,MICHELLE FOR KANSAS,≤100
107197277617093,VoteSafe,National Vote At Home Institute,≤100
1708467695859543,Veteran Transition Mission,Sonia Ivelisse Barriera Ayala,≤100
133294620046953,Mission India,MISSION INDIA INC,≤100
198296877515470,Switch4Good,Switch4Good,≤100
531739923640641,Pill Club,These ads ran without a disclaimer,≤100
100798594958887,inseparable,Inseparable Action Inc,≤100
1438882392887793,ADF Church Alliance,Alliance Defending Freedom,≤100
128716440866482,Adam Milstein,Adam Milstein,≤100
95135221781,Federal News Network,Hubbard Radio DC,≤100
892673067526965,Project War Path,Project War Path,≤100
290548664672,First Liberty,First Liberty Institute,≤100
312569146034029,BlueVote,BlueVote,≤100
142288373333,HIMSS,HIMSS,≤100
221834965136991,Steve Roberts,Roberts for St. Louis,≤100
664770743730817,Dan Feehan for Congress,FRIENDS OF DAN FEEHAN,≤100
2336022790003836,Patients + Providers United,Patients and Providers United,≤100
78420171887,Sailors for the Sea,SAILORS FOR THE SEAINC,≤100
289634374392752,ConservAmerica,ConservAmerica,≤100
97466887664,Innocence Project,"INNOCENCE PROJECT, INC., THE",≤100
101485404914361,Bad News Wares,Bad News Wares,≤100
107226350977260,Rookie,Mark Anthony Russell,≤100
103653994359958,Harvard Forward,The Boarding School,≤100
516063675105129,Protect Nevada,Institute For A Progressive Nevada,≤100
10331123781,Special Olympics,Special Olympics Inc,≤100
227535924071462,Animal Petitions,AnimalPetitions.org,≤100
7609325759,Jim McGovern,RE-ELECT MCGOVERN COMMITTEE,≤100
830890360316751,Nick Hanauer,Civic Action,≤100
105698674239617,Embed News,Embed News,≤100
135997359926517,SSDC Services,Jefery James Wenzel,≤100
272618896537776,America First Agenda,America First Agenda PAC,≤100
235762319779450,Omar Navarro,OMAR NAVARRO FOR CONGRESS,≤100
2054623111429269,Institute for a Progressive Nevada,Institute For A Progressive Nevada,≤100
514167322309353,Dan Crenshaw,Crenshaw For Congress,≤100
433329963408596,Lime Lush Boutique,These ads ran without a disclaimer,≤100
169130743498585,Tactical Pro Supply,Chad Keller,≤100
1947525322184514,One Fair Wage,One Fair Wage,≤100
1640970822834351,Plaine Products,Plaine Products,≤100
317667194946264,Ro Khanna,RO FOR CONGRESS INC,≤100
1099779163410386,John Barrasso,Friends of John Barrasso,≤100
214061167976,El Tiempo Latino,Carlos Jose Munoz,≤100
110938473959372,Quarantine Humor,QuarantineHumor,≤100
142992759853421,Be A Hero,BE A HERO PAC,≤100
374108446391390,Ted Howze for Congress,TED HOWZE FOR CONGRESS 2020,≤100
103935287613121,Noel Collis for Congress,DR. NOEL COLLIS FOR CONGRESS,≤100
1389807071117013,Lynn Afendoulis,Lynn Afendoulis for Congress,≤100
117468878295521,American-Arab Anti-Discrimination Committee (ADC),Roy Abdo,≤100
114739563265041,Robert "Bob" Abene,Thomas Albert Delegal,≤100
105287044367027,ObsessedwithTrump,Donald Lee Rowan,≤100
189452770432,Women's Campaign Fund,WOMENS CAMPAIGN FUND INC,≤100
183424985463330,Joe Cunningham,JOE CUNNINGHAM FOR CONGRESS,≤100
106629127527429,Kathy Barnette for Congress PA 04,Vico Nicholas Bertogli,≤100
111947013529488,Mosher2020,Mosher for Pima County Attorney,≤100
168876449866088,The Years Project,The Years Project,≤100
106203264511020,Washington Changed Katko,DCCC,≤100
1648154845427417,Doggy Do Good,Do Something Good LLC,≤100
103131054573692,Crawfordology,Crawfordology,≤100
1706061183015990,Caputi for Council,Caputi For Council,≤100
122150409780,UC San Diego,University of California San Diego,≤100
103376804451432,Trending Politics,Making Web LLC,≤100
28446275521,Military Officers Association of America (MOAA),Military Officers Association of America,≤100
248468095247223,Rastaclat,Rastaclat,≤100
102183258209726,Patriots for Change,PATRIOTS FOR CHANGE,≤100
109459597525704,Living in Liberty,Korie Lynn Padgett,≤100
2131646063716886,Asian Americans Against Trump,New American Voices,≤100
411431975550358,Marc Veasey,MARC VEASEY CONGRESSIONAL CAMPAIGN COMMITTEE,≤100
1413682351987764,Andy Kim for Congress,ANDY KIM FOR CONGRESS,≤100
7642602143,Mother Jones,FOUNDATION FOR NATIONAL PROGRESS,≤100
107722887387213,Lance Bachmann,Lance Bachmann,≤100
108282864070156,1776 Unites,Woodson Center,≤100
111970730196550,World War Zero,AMERICAN SECURITY PROJECT,≤100
108906707265489,USA Pooch,"PRESIDENTIAL POOCH, INC",≤100
233116802464,Independent Voter,Independent Voter Project,≤100
102060947813668,"Brendan Lyons, MPA - For AZ State House, LD9",Lyons 4 AZ,≤100
570524446405979,Only Human,Only Human,≤100
161186620643972,American Institute for Economic Research,AMERICAN INSTITUTE FOR ECONOMIC RESEARCH,≤100
304087737090173,FightWin,Mark Anthony Austin,≤100
657708380952174,Voices of the Civil Rights Movement,Comcast,≤100
271941253389528,Piccolina,These ads ran without a disclaimer,≤100
105561217523274,The_Dispatch,"Dispatch Media, Inc.",≤100
2256321067930356,Liberteeclub,libertyteeshop,≤100
110828620426941,Roger Polack for Congress,ROGER FOR WISCONSIN,≤100
789546641178807,Brand New Congress,Brand New Congress,≤100
445724059289363,WellHealth Frisco,WellHealth,≤100
101146091319045,Elcove.green,Elcove,≤100
105045014466630,Economic Opportunity Board of Clark County,Economic Opportunity Board of Clark County,≤100
69039563201,Open Doors USA,"OPEN DOORS WITH BROTHER ANDREW, INC.",≤100
481559282597914,TrumpersUnite,Respect The Look,≤100
132439863446819,Capital Metro,Capital Metro,≤100
1945237355733646,Giving Brush,Giving Brush LLC,≤100
210357995667559,The National Memo,The National Memo,≤100
1155840037910203,Nuevas Ideas Afiliados del Exterior,Nuevas Ideas Afiliados Exterior,≤100
629742243712069,The Kennedy Forum,Mental Health Leadership Initiative,≤100
115364585711,Lawyers' Committee for Civil Rights Under Law,LAWYERS' COMMITTEE FOR CIVIL RIGHTS UNDER LAW,≤100
341240953385902,Force Of Nature Meats,Force of Nature,≤100
399366360669553,Jamaal Bowman for Congress,Bowman For Congress,≤100
1545826148838592,Trump 2020,Gregory Lawrence Burright,≤100
300992409852,Hoover Institution,Hoover Institution,≤100
141692255929599,Democratic Socialists of America,DEMOCRATIC SOCIALISTS OF AMERICA INC,≤100
80987211775,Bill Cassidy,Bill Cassidy for US Senate,≤100
1695950424027488,Andy Hallinan,Andrew Lawrence Hallinan,≤100
1086209354874961,Resilience Force,"NEO PHILANTHROPY, INC.",≤100
166173897321426,Audrey Denney for Congress,AUDREY DENNEY FOR CONGRESS,≤100
24470472733,The Trevor Project,The Trevor Project,≤100
1290536624348001,Informed Immigrant,FWD.us Education Fund,≤100
304062610300415,VozWire,Gregson E Mathe,≤100
122009152120,Johnnie Moore,Johnnie Ray Moore Jr,≤100
150322194563,PASA Primates: Pan African Sanctuary Alliance,PAN AFRICAN SANCTUARIES ALLIANCE,≤100
61878332769,ICNA Relief,ICNA RELIEF USA PROGRAMS,≤100
105953890782784,The Factual,The Factual,≤100
79820371749,Ayanna Pressley,THE SQUAD VICTORY FUND,≤100
1799282383731277,TwoSeventy,Alexander Jared Deutsch,≤100
103150364587807,Gun Owners Care,National Shooting Sports Foundation,≤100
497741237272262,Susan Wild for Congress,Susan Wild for Congress,≤100
137764189586887,Chicago Teachers Union,Chicago Teachers Union,≤100
108506830560787,Jessica Scarane,JESS SCARANE FOR DELAWARE,≤100
5887538795,Education Week,Education Week,≤100
102750021183412,Justice U,Altus Solutions Inc,≤100
106333028376,"Nichols Kaster, PLLP",Nichols Kaster PLLP,≤100
1528498354074301,Punching Bag Media - Conservative News,Sean Michael Probber,≤100
122300848805,Texas AFL-CIO,Texas AFL-CIO,≤100
59543893235,National Constitution Center,National Constitution Center,≤100
617818515282920,Trumpbert: a Parody of "Dilbert",Freeman Ng,≤100
463095630924391,US Business Funding,Credox,≤100
101665134815641,"Adam L. Fleming Law, PC","Adam L. Fleming Law, PC",≤100
8225139261,New York Republican State Committee,NEW YORK REPUBLICAN STATE COMMITTEE,≤100
8749090685,GoDaddy,GoDaddy,≤100
12503116997,Dennis Prager,Salem Media,≤100
105031414415024,Francis Malofiy,Francis Malofiy,≤100
115497288466814,Home Builders Association of Central Arizona,Home Builders Association of Central Arizona,≤100
485980975070908,Abigail Spanberger,SPANBERGER FOR CONGRESS,≤100
466164103423147,Thorn,Thorn with Facebook Ad Credits,≤100
624113997772825,North Dakotans for Comprehensive Energy Solutions,Americans for Comprehensive Energy Solutions,≤100
5943727453,American Humane,American Humane,≤100
104126021393319,MAGA Supply,L&N Enterprises,≤100
304058913005378,Senior and Disabled Concerns,Senior & Disabled Concerns,≤100
1400371370253041,Eagan Immigration,Eagan Immigration,≤100
39910576365,National Alliance for Public Charter Schools,NATIONAL ALLIANCE FOR PUBLIC CHARTER SCHOOLS,≤100
138987533194878,Rick Stephens for Airport Board,Rick Stephens for Airport Board,≤100
131071596981970,EdVoice,EdVoice,≤100
113310617054164,Trump Baseball Bats,Trump Baseball Bats,≤100
222745994575140,Project ChildSafe,"NATIONAL SHOOTING SPORTS FOUNDATION, INC.",≤100
1636216106590985,Josh Hawley,JOSH HAWLEY FOR SENATE,≤100
137459917707,The Brookings Institution,The Brookings Institution,≤100
108273884315449,Real American Patriot,Gold Sky Ventures LLC,≤100
566008736785269,Be Heard Project,Be Heard Project,≤100
289213691238937,Thrasher Coffee,Thrasher Coffee Co.,≤100
100817908371975,The Patriot Authority,Catherine Sue Mantooth,≤100
105226784618306,Merica Mask Co. USA,Blue Ocean Enterprises LLC,≤100
211049239087028,Association of Young Americans,Benjamin J Brown,≤100
278487153675,Redneck Nation Clothing,Tracie Milliron Gold,≤100
100697751658498,Stronger.org,The Public Good Projects,≤100
708375056271048,The Christendom Curriculum,The Christendom Curriculum,≤100
104881317722736,Get-It-Out,Matthew Justin Viles,≤100
100387618442959,National Whistleblower Day,Mary Jane Wilmoth,≤100
922580991129339,People's Mojahedin Organization of Iran - MEK IRAN,MEK-Iran (Saeid Saadati),≤100
1869687273277265,Run for Something,Run For Something PAC,≤100
32975139631,If Americans Knew,If Americans Knew,≤100
2295062210811244,Coalition for American Veterans,COALITION FOR AMERICAN VETERANS POLITICAL ACTION COMMITTEE,≤100
562691707395320,Zach Dickerson,Friends of Zach Dickerson,≤100
717115395103069,PrintedKicks,These ads ran without a disclaimer,≤100
680549575421741,UnitedVoice.com,"Beachside Media, Inc.",≤100
1156676274461345,Mikie Sherrill,MIKIE SHERRILL FOR CONGRESS,≤100
103859441027698,Heartland Priorities,DCCC,≤100
711591068911118,Hilaree Nelson,Protect Our Winters,≤100
102175879855284,Harper Perennial,HARPERCOLLINS PUBLISHERS L.L.C.,≤100
28144169620,Alliance for Aging Research,Alliance for Aging Research,≤100
38882699096,Polaris,POLARIS PROJECT,≤100
169204449790211,Conservative News Today,"BizPac Review, Inc.",≤100
87777747127,Greg Palast,Palast Investigative Fund,≤100
50711561090,Muslim Advocates,MUSLIM ADVOCATES,≤100
105157841248307,No Filter Politics,No Filter Politics,≤100
18017481462,Acton Institute,Acton Institute,≤100
2133130356918764,Common Justice,COMMON JUSTICE INC,≤100
290851614930809,Combat AntiSemitism,Combat Anti-Semitism,≤100
8936818385,Accuracy in Media,"ACCURACY IN MEDIA, INC",≤100
1145019702185006,Alliance for Safety and Justice,Alliance for Safety and Justice,≤100
166087830076297,WebPT,WebPT,≤100
1234251319933440,Exclusive Apparel,The Dude's Threads,≤100
313723095478950,The Daily Citizen,Focus on the Family,≤100
35715544220,Stand.earth,STAND,≤100
1627212824167934,Men4Choice,Men4Choice,≤100
1612726335627171,We the Internet TV,We the Internet TV,≤100
1229789977123022,Debbie Lesko for Congress,DEBBIE LESKO FOR CONGRESS,≤100
102875587947942,Keep Trump In Office,Keep Trump In Office,≤100
107966294207235,American Reveille,James Lane Reichenbach,≤100
329272720965256,GALvanize USA,GALvanize USA,≤100
111993203936139,Western Missouri Leadership Fund,Western Missouri Leadership Fund,≤100
100355778430951,By Our Own Bootstraps,Brandon Vu,≤100
872842866161157,One Nation Design,One Nation Design,≤100
653079394725698,Aspiration,Aspiration,≤100
100220094743136,New Millennium Health,New Millennium Health,≤100
233232726827616,Mary Rabago Productions,Mary Rabago Productions,≤100
243362776583569,Air Mail,Air Mail,≤100
29008276590,The Salvation Army Greater New York Division,The Salvation Army,≤100
53541257714,The Arc of the United States,"ARC OF THE UNITED STATES, INC., THE",≤100
145973965440671,Carnegie Corporation of New York,CARNEGIE CORPORATION OF NEW YORK,≤100
108152933883451,TrumpTrendz,Troy Lorenzo Davis,≤100
7962229886,Environmental Working Group,ENVIRONMENTAL WORKING GROUP,≤100
207833736045744,MHAction.org,Kevin R Borden,≤100
105368190818267,Corky Messner for Senate,MESSNER FOR SENATE,≤100
1747132688647028,Democratic Association of Secretaries of State,Democratic Association of Secretaries of State,≤100
112619670526907,Ruthbaderginsburglove,These ads ran without a disclaimer,≤100
1488803804538481,Mike Siegel for Congress - TX-10,MIKE SIEGEL FOR CONGRESS,≤100
39432041915,Capital Research Center,CAPITAL RESEARCH CENTER INC,≤100
112325855474892,Speak Up For Education and Kids,National Education Association,≤100
114448126968717,Sherri Merriwether for District 1 Supervisor,Merriwether for Supervisor,≤100
103934071014071,Fire Drill Fridays,"GREENPEACE, INC.",≤100
560490170758241,No Small Matter,Eleven Thirteen Collective LLC,≤100
182727795209,Chicanos Por La Causa - CPLC,"Chicanos Por La Causa, Inc.",≤100
6072343558,Center for American Progress,CENTER FOR AMERICAN PROGRESS,≤100
12784656483,Union Rescue Mission,Union Rescue Mission,≤100
1441431779211032,Power to Impeach,POWER TO IMPEACH,≤100
505653766599222,America First with Dr. Sebastian Gorka,Salem Media,≤100
122773549121265,President Trump for Nobel Peace Prize 2020,Tarek None Kteleh,≤100
514167322309353,Dan Crenshaw,Dan Crenshaw for Congress,≤100
408252582872693,Daniella Levine Cava,"Daniella Levine Cava, Non-Partisan, for Miami-Dade County Mayor",≤100
2317264024972785,American Populists,The New American Populist,≤100
299295363912730,New Politics Leadership Academy,New Politics Leadership Academy,≤100
1764185850558806,Apex Clean Energy,Apex Clean Energy,≤100
2298883023504578,Readdy42020,READDY42020,≤100
521924961194913,Bruce Westerman,Westerman for Congress,≤100
231354176962252,Social Work Helper,"Social Work Helper, PBC",≤100
105566824535889,Floridians for Ethics and Truth in Politics,Floridians for Ethics and Truth in Politics,≤100
114302593701939,Silent Majority Member,Silent Majority Member,≤100
164513254148611,America's Voice News,Barbara Jean Lawrence,≤100
134597023235240,Rashida Tlaib,THE SQUAD VICTORY FUND,≤100
8934429638,Planned Parenthood Action,Planned Parenthood Votes,≤100