﻿Location Name,Amount Spent (USD)
Alabama,52761
Alaska,17086
American Samoa,≤100
Arizona,178842
Arkansas,31097
California,210624
Colorado,81054
Connecticut,29668
Delaware,10771
Florida,375566
Georgia,124040
Guam,361
Hawaii,17173
Idaho,18516
Illinois,123471
Indiana,59520
Iowa,47907
Kansas,40431
Kentucky,51955
Louisiana,49899
Maine,36625
Maryland,53932
Massachusetts,73837
Michigan,210993
Minnesota,66645
Mississippi,35255
Missouri,79082
Montana,27569
Nebraska,19336
Nevada,35618
New Hampshire,15743
New Jersey,73945
New Mexico,22350
New York,199421
North Carolina,172333
North Dakota,6622
Ohio,119868
Oklahoma,40183
Oregon,50809
Pennsylvania,185520
Puerto Rico,2597
Rhode Island,10099
South Carolina,77223
South Dakota,8024
Tennessee,82993
Texas,284901
Unknown,≤100
Utah,29155
Vermont,7138
Virgin Islands (U.S.),≤100
Virginia,87703
Washington,77571
"Washington, District of Columbia",12704
West Virginia,19946
Wisconsin,120967
Wyoming,7947