﻿Page ID,Page Name,Disclaimer,Amount Spent (USD)﻿
11131463701,truth,TRUTH INITIATIVE FOUNDATION,≤100
538713833208581,Charlie Delgado Altieri,Comité Amigos Carlos Delgado Altieri,≤100
409835579621290,Erasmo Vázquez Hernández,Thay An Marie Vazquez Méndez,≤100
152381964962170,Claribel Martínez + Senadora 2020,Leo Giovanni Acosta Martinez,≤100
292075591645198,Peter J. López Norat - Senador por Acumulación PPD,Moises Reyes Maldonado,≤100
2171656702899941,Carlos Delgado Irizarry - Alcalde 2020,Carlos Delgado Irizarry,≤100
1691667177798461,Brut,Brut,≤100
182079698493370,Portside,Portside,≤100
565225540184937,CGTN,These ads ran without a disclaimer,≤100
1055008051214942,Héctor Martínez Rosado,Hector Homi Martinez,≤100
203709216982986,Pesos y Contrapesos,Pesos y Contrapesos,≤100
294963660620753,Pedro R. Pierluisi,"Comité Pedro Pierluisi, Inc.",134
205238189588054,"Race, Racism and the Law",Professor Vernellia Randall,≤100
101377564806423,T-Shirt Hype,Michael Kim Martinez,≤100
1072222572917000,Alejandro Hernández - Alcalde 2020,Alejandro Hernández Rivera,≤100
2561243017222306,Dirty Donnie's Report Card by V. Poo Tin,Jeffrey Arnold Diver,≤100
298827966811602,Trump Recession,Maurice Lane Ponsart,≤100
229990273742684,Comisión Estatal de Elecciones de Puerto Rico,Comisión Estatal de Elecciones de Puerto Rico,≤100
521215601679070,El Cano Delgado 2020,Vincent Rivera,≤100
333199340043595,Alma Francis Heyliger,Alma Alicia Francis,≤100
992427717580796,Bunnies Hot Tips,Sharolyn Denise Forbes,≤100
99039406843,Women Deliver,"Women Deliver, Inc.",≤100
238914629482880,Ramón Luis Nieves,Comité Amigos Ramón Luis Nieves,≤100
585004911835101,Naformat,These ads ran without a disclaimer,≤100
365775453949582,Julio Roldan,Comité Amigos Julio Roldán,≤100
324785111015146,The Reformed Constitutionalist,Michael John Cuellar,≤100
101526347911862,Mariana García Benítez,Mariana García Benítez,≤100
2195247860693983,Luis Rodríguez,Luis A Rodriguez Diaz,≤100
61288747990,Real Warriors,Real Warriors Campaign,≤100
202626512363,U.S. Census Bureau,U.S. Census Bureau,≤100
182436861801487,Good Deeds Day,These ads ran without a disclaimer,≤100
205621160218305,Dr. Luis M. Irizarry Pabón 2020,Dr. Luis M. Irizarry Pabón 2020,≤100
1448956625326965,Tu Noticia PR,Luis Daniel Camacho Ortiz,≤100
124955570892789,Bernie Sanders,BERNIE 2020,≤100
397447437669420,Miguel "Ricky" Méndez,Miguel "Ricky" Méndez,≤100
1418111495154156,"Jaime Alverio Ramos, Alcalde 2020",Jaime Alverio Ramos,≤100
292680997602545,Manuel Calderón Cerame,Comité Manuel Calderón Cerame,≤100
12597491214,ADRA International,These ads ran without a disclaimer,≤100