﻿Page ID,Page Name,Disclaimer,Amount Spent (USD)
328072970642479,Jaime Harrison,JAIME HARRISON FOR US SENATE,13879
153080620724,Donald J. Trump,TRUMP MAKE AMERICA GREAT AGAIN COMMITTEE,4871
7860876103,Joe Biden,BIDEN VICTORY FUND,3496
1771156219840594,Team Trump,TRUMP MAKE AMERICA GREAT AGAIN COMMITTEE,1412
333710103706307,Giffords,GIFFORDS PAC,1235
202626512363,U.S. Census Bureau,U.S. Census Bureau,1045
183424985463330,Joe Cunningham,JOE CUNNINGHAM FOR CONGRESS,1006
172758932738142,PhRMA,PHARMACEUTICAL RESEARCH AND MANUFACTURERS OF AMERICA,973
6726182861,Mike Pence,TRUMP MAKE AMERICA GREAT AGAIN COMMITTEE,848
165987503528599,Lindsey Graham,"TEAM GRAHAM, INC.",834
223369128215207,South Carolina Community Alliance,South Carolina Community Alliance,733
1808917306038571,My South Carolina Education,My SC Education,712
108824017345866,Facebook,"Facebook, Inc.",585
791543660926838,"I'll go ahead and keep my guns, Thanks",2A4LIFE LLC,564
20787991568,Senate Democrats,DSCC,536
114710126648118,Republican Dogs,Republican Dogs,509
108445584282272,Opportunity Matters Fund,Opportunity Matters Fund,505
104856814505092,The Kids Guide,The Kids Guide,497
9324910069,NRSC,NRSC,485
156968474833352,Stop Republicans,Stop Republicans,464
123267457850239,SC DHEC,South Carolina Department of Health & Environmental Control,458
106627181062791,South Carolina Signal,JAIME HARRISON FOR US SENATE,432
376250065793807,Citizens for Responsible Energy Solutions,Citizens for Responsible Energy Solutions,428
116546288359245,Heritage Action for America,HERITAGE ACTION FOR AMERICA,419
665345483483486,NRA - National Rifle Association of America,NATIONAL RIFLE ASSN OF AMERICA,366
127225910653607,PragerU,PragerU,319
1667638686847579,The Collective PAC,COLLECTIVE FUTURE,286
347978955534783,Solcius,Solcius,282
2352630938293825,Mytacticalpromos,Entremax,280
176789922364429,Steve Daines,STEVE DAINES FOR MONTANA,276
1615018905412860,Progressive Turnout Project,PROGRESSIVE TURNOUT PROJECT,251
115093490189362,Defend NC,Defend NC,250
127755494595870,Progressive Takeover,PROGRESSIVE TAKEOVER,248
153080620724,Donald J. Trump,"DONALD J. TRUMP FOR PRESIDENT, INC.",240
107589664099282,Stand Up To China,"Stand Up To China, Inc.",240
2267285956849056,Donald Trump 2020 Fans,I Love My Freedom,236
345504286342057,Keeping America Great Again,RightWingGear.com,208
96935476345,Democratic Governors Association (DGA),Democratic Governors Association,204
1155212867963791,AFP Action,"AMERICANS FOR PROSPERITY ACTION, INC.(AFP ACTION)",174
1449461518652183,4Patriots,4Patriots LLC,173
1034959436558654,Clean Air Moms Action,Clean Air Moms Action,170
107858693983382,The GOP Shop,The GOP Shop,167
277005566267077,Blueland,Blueland,157
106244251043808,Reuse Plastics,"AMERICAN CHEMISTRY COUNCIL, INC.",153
213792049451918,Stand For America,Stand For America Inc,147
113668017062690,Citizens For Free Enterprise,Citizens for Free Enterprise,142
21626828809,American Council on Renewable Energy (ACORE),AMERICAN COUNCIL ON RENEWABLE ENERGY,134
7263476274,Mercy Corps,Mercy Corps,123
106634791143036,Vote William Schofield Florence County Council District 8,Citizens For William Schofield,122
259130650776119,Mitch McConnell,MCCONNELL SENATE COMMITTEE,122
129038841261426,Energy Consumers of the Carolinas,Energy Consumers of the Carolinas Inc,118
830121337093232,National Democratic Training Committee,NATIONAL DEMOCRATIC TRAINING COMMITTEE PAC,112
228754857151053,House Majority PAC,House Majority PAC,110
16477459734,League of Conservation Voters,"LEAGUE OF CONSERVATION VOTERS, INC",109
158791100909689,Concerned Veterans for America,Concerned Veterans for America,107
85452072376,Newsmax,Newsmax Media,101
717115395103069,PrintedKicks,Printed Kicks,≤100
168051710543266,Lacy Johnson,Lacy Johnson for Congress,≤100
132914570126743,Conservation Voters of South Carolina,Conservation Voters of South Carolina,≤100
355316521236121,John Cornyn,TEXANS FOR SENATOR JOHN CORNYN INC.,≤100
1528980567353817,Love Has No Labels,Love Has No Labels with Facebook Ad Credits,≤100
105490641044894,Spencer Wetmore,Spencer Wetmore for Statehouse,≤100
1374134752633656,New Health Plans,Shop Insurance Plans,≤100
96935476345,Democratic Governors Association (DGA),DEMOCRATIC ACTION,≤100
111428049989,Cal Cunningham,CAL FOR NC,≤100
278490715553293,Martha McSally,MCSALLY FOR SENATE INC,≤100
6204742571,Sierra Club,SIERRA CLUB,≤100
106323360959211,Patriots Republic,Matthew James Stine,≤100
102676001195557,Real Champions Inc.,Ricardo Jermaine Perry,≤100
296708523873754,Karla Dennis and Associates Inc.,"Karla Dennis & Associates, Inc",≤100
106094077803532,Our National Family,Patrick Le Tran,≤100
105577974544303,The USA Needs More Patriots,Anthony Alexander Morales,≤100
109379100777665,Patriotism Isn't Dead,Patriot Polling,≤100
102671331487937,I Love My Freedom Store,I Love My Freedom,≤100
328853823844484,Balance of Power,Balance of Power,≤100
100256754899828,Patriot's Cave,Patriots Cave,≤100
321424962053199,MetroConnects,Metro Connects,≤100
1809078699219595,Fat Tire,"NEW BELGIUM BREWING COMPANY, INC.",≤100
15239367801,The Wilderness Society,"WILDERNESS SOCIETY, THE",≤100
1883837055193241,Shield Republic,Shield Republic,≤100
602714436529710,End Citizens United,END CITIZENS UNITED,≤100
121692222300,BlueCross BlueShield of South Carolina,Slow The Spread SC,≤100
105756057589080,The Lincoln Project,The Lincoln Project,≤100
628891490457484,Nancy Mace,Nancy Mace for Congress,≤100
106645684412573,Cover Air Medical,Cover Air Medical,≤100
23875187730,Feeding America,Feeding America,≤100
100137754724934,Trump 2020 Supporters,Proud Right Winger,≤100
305832706292882,American Gun Association,GunAssociation.org,≤100
461204744067686,Family Protection Association,Family Protection Association,≤100
104684067632334,Unite the Country,UNITE THE COUNTRY,≤100
343603822462664,Josh Stokes - State House,Josh Stokes for House,≤100
737686089933715,Conservative Collections,Mainline Media Group,≤100
2353537341582545,Proud Patriots,Proud Patriots,≤100
132068606851719,Hippie Runner Funktional Runwear,These ads ran without a disclaimer,≤100
109111900634787,Reverend Raphael Warnock,WARNOCK FOR GEORGIA,≤100
1061240530648502,Joe Collins,JOE COLLINS FOR CONGRESS,≤100
100394524902471,"Steph Smith for Mayor Gaffney, SC",Stephanie Ann Smith,≤100
132492254050920,American AF,AAF Nation,≤100
51405613519,Focus on the Family,Focus on the Family,≤100
7483836629,Ancestry,Ancestry.com Operations Inc.,≤100
101690998009007,Improving Life Through Health,Nicolette Dalan,≤100
373814729643508,Let America Vote,LET AMERICA VOTE PAC,≤100
596556607135301,The Earthling Co.,The Earthling Co.,≤100
103732088041755,LEAD Home Improvement,John Leroy Soderberg,≤100
113666459994300,Big Dan Rodimer for Congress,RODIMER FOR CONGRESS,≤100
57259033959,AARP,AARP,≤100
675471506247724,Adair for Congress,ADAIR FOR CONGRESS,≤100
6072343558,Center for American Progress,CENTER FOR AMERICAN PROGRESS,≤100
2330577043935831,Sara Gideon,SARA GIDEON FOR MAINE,≤100
5435784683,Greenpeace USA,"GREENPEACE, INC.",≤100
103597604713894,Team Trump Store,TRUMP MAKE AMERICA GREAT AGAIN COMMITTEE,≤100
112278007096262,Case Brittain 2020,Case Brittain for State House,≤100
481559282597914,TrumpersUnite,Respect The Look,≤100
1377899069152090,Rep. Jonathon Hill,Jonathon Hill for SC House District 8,≤100
1109093812491437,Blaze Media,Blaze Media LLC,≤100
598924810530984,Keeping America Great,FamTeeWorld,≤100
175630693036967,South Carolina FYI,Awesome News Network,≤100
1393911800825140,OZY,OZY Media Inc,≤100
1316372698453411,Alexandria Ocasio-Cortez,Alexandria Ocasio-Cortez for Congress,≤100
7833534974,Florida Democratic Party,Florida Democratic Party,≤100
417522508294454,Job Creators Network,Job Creators Network,≤100
103994221232658,Braddock For Mayor,Bryan Braddock for Mayor,≤100
393932827634250,Dissent Pins,Common Practice,≤100
294196590710262,FWD.us,FWD.us,≤100
45393753416,Alliance Defending Freedom,Alliance Defending Freedom,≤100
677005135756125,Community Catalyst Action Fund,Community Catalyst Action Fund,≤100
342294162453301,Planned Parenthood,Planned Parenthood Federation of America,≤100
239463872925991,Curran Financial Partners,Curran Financial Partners,≤100
185650221903810,Ralph Norman for Congress,RALPH NORMAN FOR CONGRESS,≤100
8047221596,Save the Children US,"SAVE THE CHILDREN FEDERATION, INC.",≤100
103315464587143,All Access,John Leroy Soderberg,≤100
834645469890446,Devin Nunes,DEVIN NUNES CAMPAIGN COMMITTEE,≤100
111316390402027,Melissa Watson for Congress,Melissa Watson for Congress,≤100
314499212242,Pfizer,Pfizer Inc.,≤100
429812024048177,Doug Jones for Senate,DOUG JONES FOR SENATE COMMITTEE,≤100
2185993931653388,The Recount,"Recount Media, Inc",≤100
202288719786161,SC Club for Growth,SC Club For Growth,≤100
108683164271262,Patriots for Life,Grant Alan Johnston,≤100
101279451606075,Democratic Strategy Institute,Democratic Strategy Institute,≤100
327837911149503,2A4Life,2A4LIFE LLC,≤100
72186095846,Center For American Progress Action Fund,Center for American Progress Action Fund,≤100
101237551589520,Tactical Patriot,Trizzie Truong,≤100
7814597100,Jim Jordan for Congress,JIM JORDAN FOR CONGRESS,≤100
309308412520731,Sandy Hook Promise,Sandy Hook Promise,≤100
159164367581855,Senator Chip Campsen,Campsen for Senate,≤100
971668776283950,PolicyEd,Hoover Institution,≤100
104934207736995,Paycheck to Paycheck,Center for American Progress Action Fund,≤100
592707041080920,Stand Together,Stand Together Chamber of Commerce Inc.,≤100
87186661244,Johns Hopkins Bloomberg School of Public Health,Johns Hopkins Bloomberg School of Public Health,≤100
402488163467483,Charleston FYI,Awesome News Network,≤100
221890358218748,Til Valhalla Project,Til Valhalla Project,≤100
1336293769761923,Jon Ossoff,JON OSSOFF FOR SENATE,≤100
192015461630968,Supporting Our Brave Veterans,James Brian Plouf,≤100
356482637745012,Stansberry Research,Stansberry Research,≤100
530604487365010,Old Glory Flagpole Kits,Service First,≤100
108173075911611,National Association of Letter Carriers,National Association of Letter Carriers,≤100
104051398040027,CCW Online Now_,Concealed Country,≤100
101210588150219,Boy Scouts Abuse Claims,X Social Media LLC,≤100
226648591441555,Gullah Geechee Chamber of Commerce,Gullah Geechee Chamber of Commerce,≤100
114625730266879,Republican Voters Against Trump,Defending Democracy Together,≤100
49651563727,Live Action,Live Action,≤100
475456956305422,All Voting Is Local,Leadership Conference Education Fund,≤100
41182871633,National Museum of American Jewish History,National Museum of American Jewish History,≤100
30139072158,CARE,CARE,≤100
530604487365010,Old Glory Flagpole Kits,Service First Flag Poles,≤100
346937065399354,Occupy Democrats,Omar Rivero,≤100
167586229923327,World Food Program USA,World Food Program USA,≤100
163148530407080,Captain Mark Kelly,MARK KELLY FOR SENATE,≤100
8325302025,Friends of the Earth U.S.,Friends of the Earth,≤100
1836138529938551,Greater Half,Greater Half,≤100
113173667121573,BLM Society,BLM Society,≤100
80562389320,NARAL Pro-Choice America,NARAL Pro-Choice America,≤100
110937127360677,SC FYI: Elections,"TEAM GRAHAM, INC.",≤100
977704775606273,Balls Deep Tackle,Balls Deep Tackle,≤100
46093654473,National Republican Congressional Committee,NRCC,≤100
473191156175163,EDF Action,Environmental Defense Action Fund,≤100
309798029121030,Everytown for Gun Safety,Everytown for Gun Safety Action Fund Inc,≤100
108901687567015,Patriots Sound Off,Richard Brochetti,≤100
934438026690635,YouGov,YOUGOV AMERICA INC.,≤100
2309566456030859,Human Coalition Action,Human Coalition Action,≤100
115379705206001,U.S. Department of Homeland Security Blue Campaign,DHS Blue Campaign,≤100
304435663079126,iAmerica,SERVICE EMPLOYEES INTERNATIONAL UNION,≤100
341036202607871,Americans for Prosperity - South Carolina,AMERICANS FOR PROSPERITY,≤100
106224464107240,Jo Jorgensen,Jo Jorgensen for President,≤100
257019421075897,Cory Gardner,Cory Gardner for Senate,≤100
111393882812494,Amy McGrath,"AMY MCGRATH FOR SENATE, INC.",≤100
681745912255844,John Cummings for Congress,CUMMINGS FOR CONGRESS,≤100
107210084216238,Humanity Forward,Humanity Forward,≤100
27544763621,Prison Fellowship,Prison Fellowship,≤100
160135337361331,The SCEA,The South Carolina Education Association,≤100
730810230636150,TJ Joye for Sheriff,TJ Joye for Sheriff,≤100
102661701651,South Carolina Small Business Chamber of Commerce,South Carolina Small Business Chamber of Commerce,≤100
245284549333866,ASMDSS,ASMDSS,≤100
33110852384,Doctors Without Borders/ Médecins Sans Frontières (MSF),Doctors Without Borders/Médecins Sans Frontières (MSF),≤100
8934429638,Planned Parenthood Action,Planned Parenthood Action Fund,≤100
1316372698453411,Alexandria Ocasio-Cortez,THE SQUAD VICTORY FUND,≤100
102617961152741,Barbara Bollier,BOLLIER FOR KANSAS,≤100
100817908371975,The Patriot Authority,Catherine Sue Mantooth,≤100
25852730092,Care2,Care2 Inc,≤100
102478061559294,Convention on Founding Principles,Convention on Founding Principles,≤100
1228396643984955,Michelle Steel,Michelle Steel for Congress,≤100
108118933908193,Next Level Goods,Next Level Goods LLC,≤100
8492293163,Environmental Defense Fund,Environmental Defense Fund,≤100
108029674299216,We The People,We The People,≤100
118502801658228,Young Kim,Young Kim for Congress,≤100
420785874975425,Conservative Institute,The Conservative Institute,≤100
482899722113894,Peymynt Financial,Peymynt Financial,≤100
236369846383459,Congressional Black Caucus PAC,Congressional Black Caucus PAC,≤100
219612384781411,Bloomberg Philanthropies,Bloomberg Philanthropies,≤100
999775873528189,Stopping Socialism,The Heartland Institute,≤100
110987110398146,Make Liberty Win PAC,MAKE LIBERTY WIN,≤100
245741028804051,Barbara Sinatra Center,Barbara Sinatra Children's Center,≤100
788394134539871,USPS Business,United States Postal Service,≤100
1600352356914768,PushBlack,PushBlack,≤100
21559454473,FAIR,FEDERATION FOR AMERICAN IMMIGRATION REFORM,≤100
114893233534632,Taking Back America,Apse Media LLC,≤100
560140464159364,Stand for the 2nd Amendment,SFT2 Tactical Supply,≤100
21375324480,The Heritage Foundation,HERITAGE FOUNDATION (THE),≤100
18982436812,ACLU,American Civil Liberties Union,≤100
15687409793,World Wildlife Fund,World Wildlife Fund,≤100
10423517786,Harvard Business Review,HARVARD BUSINESS SCHOOL PUBLISHING CORPORATION,≤100
1438808983108348,BOLD PAC,CHC BOLD PAC,≤100
892673067526965,Project War Path,Project War Path,≤100
100101018155207,Paid Leave for All,Paid Leave for All a project of Hopewell Fund,≤100
1713005252363712,Freedom Action Network of South Carolina,Freedom Action Network of South Carolina,≤100
7292655492,MoveOn,MOVEON.ORG POLITICAL ACTION,≤100
104170004713256,Elect Black Democrats,THE COLLECTIVE PAC,≤100
107654924064350,Pat Timmons-Goodson,PATRICIA TIMMONS-GOODSON FOR CONGRESS,≤100
106114264313679,Hunt The Vote,"Hunter Nation, Inc",≤100
139766499461199,Tom Rice for Congress,TOM RICE FOR CONGRESS,≤100
8501031021,VoteVets.org,VOTEVETS,≤100
116222966843926,US Concealed,US Concealed,≤100
605168822998856,314 Action,314 ACTION FUND,≤100
302182941354,AARP Advocates,AARP,≤100
123963360928,SiriusXM,SIRIUS XM RADIO INC.,≤100
1447994318779650,AirMedCare Network,AIrMedCare Network,≤100
629732217415068,Republican Party,Greater Half,≤100
50982313030,Food & Water Watch,Food & Water Watch,≤100
109060854131067,Stop Dominion,Stop Dominion,≤100
15188122178,The Hamilton Collection,The Hamilton Collection,≤100
342887442508723,Convention of States,Convention of States Action,≤100
129255907131113,NumbersUSA,NUMBERSUSA EDUCATION AND RESEARCH FOUNDATION,≤100
159964696102,Kevin McCarthy,KEVIN MCCARTHY FOR CONGRESS,≤100
102916288137405,The Daily Republican,USA Movements LLC,≤100
101136147910784,Represent Justice,Represent Justice,≤100
166618413413767,Jay Sekulow,American Center for Law and Justice,≤100
589658204411894,Office of South Carolina Treasurer Curtis Loftis,Future Scholar. Administered by State Treasurer Curtis Loftis. Not paid for with state funds.,≤100
105577974544303,The USA Needs More Patriots,AmeriPolling,≤100
36872302227,Cory Booker,Cory Booker for Senate,≤100
101278694809805,Meme2020,Meme2020,≤100
19342050934,Leadership Institute,LEADERSHIP INSTITUTE INC,≤100
17911165812,Covenant House International,Covenant House,≤100
775525186130124,Center for a Free Economy,Center for a Free Economy,≤100
1204754733024419,People's Power Grab,ACRONYM,≤100
27311599342,Preemptive Love,Preemptive Love Coalition,≤100
146944270368,Senator Larry Grooms,LARRY GROOMS FOR SENATE,≤100
237477017606,Club for Growth,Club for Growth,≤100
6333396177,NewsBusters.org,MEDIA RESEARCH CENTER,≤100
42872222699,Dana Loesch,Dana Loesch Radio,≤100
103315378108004,True Patriot Strength,LE-HUU DONG HUYNH,≤100
143089732792,Marsha Blackburn,Blackburn Tennessee Victory Fund,≤100
209516845093,NRDC Action Fund,NRDC Action Fund,≤100
202600839762879,I Am Pro-Life,Focus on the Family,≤100
679171239164792,Supermajority,Supermajority,≤100
103012228130248,South Carolina Consumer Alliance,"South Carolina Consumer Alliance, Inc",≤100
100233228182981,Madison Cawthorn for Congress,CAWTHORN FOR NC,≤100
101875024818071,Byrd for Council,Byrd for Florence City Council,≤100
1799282383731277,TwoSeventy,Alexander Jared Deutsch,≤100
472938276849222,Heroes For Healthcare,"Center for Popular Democracy, INC.",≤100
107197277617093,VoteSafe,National Vote At Home Institute,≤100
109360297266116,Fearless Patriot,TERESA NONE OHARA-MARSH,≤100
1934191280189700,Health Care Voter,Health Care Voter,≤100
113725003650771,"Brad Jayne for S.C. House of Representatives, District 114",Brad Jayne for South Carolina,≤100
376776419037747,Turning Point USA,Turning Point USA,≤100
24330467048,Americans for Prosperity,AMERICANS FOR PROSPERITY,≤100
32975139631,If Americans Knew,If Americans Knew,≤100
1530883997194411,United States Constitution,Flag and Cross,≤100
293225127381200,Patriot Depot,The Patriot Depot,≤100
278487153675,Redneck Nation Clothing,Tracie Milliron Gold,≤100
6236054211,Brady,Brady Campaign to Prevent Gun Violence,≤100
330939216944508,Nikki Setzler for Senate,Nikki Setzler for South Carolina Senate,≤100
105732744375701,Steve Bullock,MONTANANS FOR BULLOCK,≤100
149081336362,AmeriCorps VISTA,Corporation for National and Community Service,≤100
178024352559210,Great America PAC,GREAT AMERICA PAC,≤100
780941275347834,Ilhan Omar,ILHAN FOR CONGRESS,≤100
107953199261156,ifaw,"INTERNATIONAL FUND FOR ANIMAL WELFARE, INC.",≤100
1556932204325823,ProgressPop,ProgressPop,≤100
345378512258813,Elise Stefanik,ELISE FOR CONGRESS,≤100
586751814690068,Joni Ernst,Joni for Iowa,≤100
419992651425033,Guardianes del Pueblo-Consumer Law Group,Consumer Law Group,≤100
153678684700451,American Investment Council,AMERICAN INVESTMENT COUNCIL,≤100
223008867858902,American Action News,American Action News,≤100
277414242013,Joyce Elliott for Congress,JOYCE ELLIOTT FOR CONGRESS,≤100
104628157828854,Max Dorsey for Sheriff,MAX FOR SHERIFF,≤100
10498053716,Media Research Center,MEDIA RESEARCH CENTER,≤100
1917715138510680,Follow Your Legend,Legend Bracelet,≤100
179513292162226,American History TV,C-SPAN,≤100
83290028957,Care Net,CARE NET,≤100
911828698840246,ReLEntless Defender Apparel,ReLEntless Defender Apparel,≤100
148205145252473,Backcountry Hunters & Anglers,Backcountry Hunters & Anglers,≤100
55549065733,Voto Latino,Voto Latino with Facebook Ad Credits,≤100
894096170667732,Ashley Hinson,Ashley Hinson For Congress,≤100
51379424899,Mercy Ships,MERCY SHIPS INTERNATIONAL,≤100
116534199732974,USA Carry Online,USA Carry Online,≤100
19192438096,AAAS - The American Association for the Advancement of Science,American Association for the Advancement of Science,≤100
163302087408673,Stop The Donald,Stop the Donald,≤100
354851377936744,BookTV,C-SPAN,≤100
217976018236954,OutKick,Outkick Media LLC,≤100
640112573298348,Black Lives Matterr,Bryan Daley,≤100
6041057841,The Humane Society of the United States,"HUMANE SOCIETY OF THE UNITED STATES, THE",≤100
106949844346620,Trumpian Republicans,Gregory Lawrence Burright,≤100
38235851310,USA for UNHCR,UNITED STATES ASSOCIATION FOR UNHCR,≤100
53541257714,The Arc of the United States,The Arc with Facebook Ad Credits,≤100
210277954204,The Young Turks,"The Young Turks, Inc.",≤100
101781744709441,Leningrad Lindsey Graham,Darian,≤100
7976226799,The Daily Show,Comedy Central,≤100
104396194587918,C3 Solutions,Conservative Coalition for Climate Solutions,≤100
100993258368487,James Weaver For DD2,James Weaver for DD2 School Board,≤100
100119981671668,Blue Senate,BLUE SENATE PAC,≤100
1526736227567131,TrueCoverage,True Coverage,≤100
551158678560402,Epimonia,Epimonia LLC,≤100
555787351119974,Coalition to Protect America's Health Care,Coalition to Protect America's Health Care,≤100
18813753280,Human Rights Campaign,"HUMAN RIGHTS CAMPAIGN, INC.",≤100
21834534343,Volunteers of America,"VOLUNTEERS OF AMERICA, INC.",≤100
134452023239984,Human Coalition,Human Coalition,≤100
102781694834193,American Herald,America First Action,≤100
143986912311328,University of Vermont Continuing and Distance Education,University of Vermont,≤100
683872625157265,Theresa Greenfield,THERESA GREENFIELD FOR IOWA,≤100
113266897143669,Stand To Defend,Korie Lynn Padgett,≤100
106648754481335,Keep IOP Free,Keep IOP Free,≤100
2225580284361712,Tommy Tuberville,"TUBERVILLE FOR SENATE, INC.",≤100
105010030848236,Bryant Cameron Webb,DR. CAMERON WEBB FOR CONGRESS,≤100
360424321432255,Doha Debates,Doha Debates,≤100
102592959026,Ocean Conservancy,"OCEAN CONSERVANCY, INC.",≤100
706716899745696,Women for Trump,TRUMP MAKE AMERICA GREAT AGAIN COMMITTEE,≤100
157849841559162,JA Moore For SC District 15,JA Moore for SC,≤100
593289284500311,Trump Rack,BOXD Marketing,≤100
1899825527005398,Tom Fernandez,Thomas Michael Fernandez,≤100
102499901286348,Bold Vision P.C.,Bold Vision PC,≤100
482541798528855,Staance,Apryl Crenshaw Doster,≤100
1162286517277297,Canvass America,Canvass America,≤100
114475890010131,Piggy Dollar Financial,Tyler Wayne Hedland,≤100
607626319739286,Black Voices for Trump,TRUMP MAKE AMERICA GREAT AGAIN COMMITTEE,≤100
18709174006,National Audubon Society,"NATIONAL AUDUBON SOCIETY, INC.",≤100
30708742052,FCTRY,FCTRY,≤100
1658135304460341,MANG,MANG,≤100
719913581472398,Napoli Shkolnik PLLC,Napoli Law,≤100
32682889528,U.S. Chamber of Commerce,The U.S. Chamber of Commerce,≤100
101459098271864,Vets United,Korie Lynn Padgett,≤100
119006106155684,PI Energy,Andrew P Chung,≤100
111702860231554,Matt Lieberman,Matt Lieberman for Senate,≤100
1551109418518461,The Honest Patriot,Amundson Media LLC,≤100
747436915270894,Congressional Leadership Fund,CONGRESSIONAL LEADERSHIP FUND,≤100
267180743723148,National Geographic Society,National Geographic Society,≤100
23790541544,Democrats,DCCC,≤100
2068988876444634,Stand Up for Accurate Prenatal Answers,STAND UP FOR ACCURATE PRENATAL ANSWERS INC,≤100
35169196082,Project HOPE,"PROJECT HOPE-THE PEOPLE-TO-PEOPLE HEALTH FOUNDATION, INC.",≤100
11791104453,NRDC,Natural Resources Defense Council,≤100
184731548554164,PL+US,Plus Fund: Paid Leave for the United States,≤100
162493793737,Rick Green,Richard Arlin Green,≤100
408250066356,Bill O'Reilly,"Bill Me, Inc.",≤100
419237048158257,Susan Collins,COLLINS FOR SENATOR,≤100
30914589895,The International Fellowship of Christians and Jews,"INTERNATIONAL FELLOWSHIP OF CHRISTIANS & JEWS, INC.",≤100
107226350977260,Rookie,Mark Anthony Russell,≤100
317284821682168,Messianic Jewish Alliance of America (MJAA),Messianic Jewish Alliance of America,≤100
467804929927622,Jason Smith,JASON SMITH FOR CONGRESS,≤100
105943157686335,Trust Michigan Families,TRUST MICHIGAN FAMILIES,≤100
6820348410,Kirsten Gillibrand,Off the Sidelines,≤100
21395843375,Dialysis Patient Citizens,DIALYSIS PATIENT CITIZENS INC,≤100
195530355493,Chicks On The Right,Chicks on the Right,≤100
213687698658,Americans for Prosperity Foundation,Americans for Prosperity Foundation,≤100
101481584557260,Help Asheville Bears-HAB,Heather Christina Williams,≤100
1323161541032507,For Our Future FL,For Our Future Action Fund,≤100
112783100361044,Jeffrey - Jeff Cila - SC District 66 Candidate,Jeffrey Paul Cila,≤100
103654464668995,Home With Our Family,Alexander Chung,≤100
711478725532801,Civiqs,Civiqs,≤100
96171427550,Raja for Congress,FRIENDS OF RAJA FOR CONGRESS,≤100
176099072429809,Oceana in Florida,OCEANA,≤100
100992784876988,Horry County First Monday Republican Club,Horry County First Monday Republican Club,≤100
210357995667559,The National Memo,The National Memo,≤100
259212814698356,Democratic Majority for Israel,Democratic Majority for Israel,≤100
178835922297833,American Clinical Laboratory Association,American Clinical Laboratory Association,≤100
112420993589373,Young and Old for America,Andrew Joseph Young,≤100
169597416843751,Stand Up America,Stand Up America,≤100
97493741436,John W. Hickenlooper,HICKENLOOPER FOR COLORADO,≤100
284946111858895,Debbie Mucarsel-Powell,DEBBIE FOR CONGRESS,≤100
106756327769815,Stand For The Promise,Stand For The Promise,≤100
348839551906904,Democracy in Color,POWERPAC DOT ORG,≤100
12683623041,Society for Human Resource Management (SHRM),SOCIETY FOR HUMAN RESOURCE MANAGEMENT,≤100
38471053686,Elizabeth Warren,"WARREN DEMOCRATS, INC.",≤100
105237711279797,Neil Lipsitz for Beaufort City Council,Bass Lipsitz,≤100
322551718276442,Lemons Are Blue,Lockwell LLC,≤100
206677396413254,Abortion On Our Own Terms,Abortion On Our Own Terms,≤100
102745147891580,Trump Coolers,Eric Clifford Juels,≤100
5633824547,FreedomWorks,"FREEDOMWORKS, INC.",≤100
103026384819654,How to Vote,ACRONYM,≤100
1852520761657982,4ocean,4ocean,≤100
105536127617594,The American Digest,The American Digest,≤100
294508332028,Lakota People's Law Project,ROMERO INSTITUTE,≤100
17203056985,Partners In Health,Partners In Health,≤100
112735922758892,Charlie Kirk,Charlie Kirk,≤100
618480098621142,Social Security Event,Robert Jared Wilkins,≤100
338758899543225,Alan Wilson,Alan Wilson for Attorney General,≤100
2037695643113766,Blexit,Blexit Foundation,≤100
253791814655400,Doug Collins,"COLLINS FOR SENATE, INC.",≤100
1690071827911682,Cleancult,cleancult,≤100
6231686654,Compassion International,"COMPASSION INTERNATIONAL, INCORPORATED",≤100
20876805343,March of Dimes,MARCH OF DIMES INC.,≤100
433919203362871,Bird + Stone,BIRD & STONE INC,≤100
46347342434,EMILY's List,EMILY'S LIST,≤100
137606354090,South Carolina Republican Party,SOUTH CAROLINA REPUBLICAN PARTY,≤100
331037760381749,Sierra Magazine,SIERRA CLUB,≤100
620717045241728,101Concealed,101Concealed,≤100
1765073800454902,Reform Austin,Reform Austin Inc.,≤100
109459597525704,Living in Liberty,Korie Lynn Padgett,≤100
263891677826490,Earthsider,Ryan James Martin,≤100
325578590837480,Protect Our Care,Sixteen Thirty Fund,≤100
169710960125365,Curzio Research,Curzio Research Inc.,≤100
1912943255631432,Renee Hoyos for Congress,HOYOS FOR CONGRESS,≤100
130467958471,Jason Lewis,Jason Lewis for Senate,≤100
221401431386940,Pramila Jayapal,PRAMILA FOR CONGRESS,≤100
67626834312,National Women's Law Center,National Women's Law Center,≤100
548407915183371,Liz Cheney,Liz Cheney for Wyoming,≤100
357554791340788,Liker,Omar Rivero,≤100
291102898490822,Giant Maga Hat,Inventors club LLC,≤100
104504438466,Federal Voting Assistance Program - FVAP,Federal Voting Assistance Program,≤100
407664862957433,Ammar Campa-Najjar for Congress,AMMAR CAMPA-NAJJAR FOR CONGRESS,≤100
103046977892124,Adam Christensen For Congress,ADAM J CHRISTENSEN FOR CONGRESS,≤100
107575997700986,Chris Kemper for Newberry SC City Council District 6,Christopher James Kemper,≤100
109205663852133,Southern Sustainability,Resource Media,≤100
105455840860559,Eagle Realm,Eagle Realm,≤100
108305427617357,Protect My Vote,"Protect My Vote, Inc.",≤100
112164673854264,Living Patriotically,Living Patriotically,≤100
43287633515,Alliance for Climate Education,Alliance for Climate Education,≤100
7962229886,Environmental Working Group,ENVIRONMENTAL WORKING GROUP,≤100
109451340732702,John McCollum for Congress,JOHN MCCOLLUM FOR CONGRESS,≤100
1268410219898273,Tango Tango,Tango Tango Inc,≤100
112333396969405,Jim Bognet,Bognet for Congress,≤100
5720973755,Defenders of Wildlife,DEFENDERS OF WILDLIFE,≤100
242679302418244,Denison Forum,Denison Ministries,≤100
1224429014390746,Catalysts,Freethink,≤100
61265398450,AmeriCorps NCCC,Corporation for National and Community Service,≤100
219247332354785,Phil Arballo for Congress,ARBALLO FOR CONGRESS,≤100
135298176481584,Marine Corps Scholarship Foundation,Marine Corps Scholarship Foundation,≤100
540707072979860,Brian Maryott,MARYOTT FOR CONGRESS,≤100
1764185850558806,Apex Clean Energy,Apex Clean Energy,≤100
826460474101920,BitMari,Sinclair Matthew Skinner,≤100
215830238462422,The LIBRE Initiative,The Libre Initiative,≤100
248181906078243,National Institute for Civil Discourse,CommonSense American,≤100
6713653788,Gary Peters,PETERS FOR MICHIGAN,≤100
102451464709521,Mccord for Senate District 5,McCord for SC District 5,≤100
100697751658498,Stronger.org,The Public Good Projects,≤100
1859113087545137,Learn Everywhere,"yes. every kid, Inc.",≤100
105984667872147,Patriotic Liberty,Vivian Lam Nguyen,≤100
105433064492153,The Return 2020,The Return International,≤100
655065784538368,PredictIt,"PredictIt - Prediction Markets. A project of Victoria University of Wellington, PredictIt has been established to facilitate research into the way markets forecast events.",≤100
2012750189007245,Liquid Death Mountain Water,Liquid Death,≤100
34362997676,United States Holocaust Memorial Museum,UNITED STATES HOLOCAUST MEMORIAL MUSEUM,≤100
100355778430951,By Our Own Bootstraps,Brandon Vu,≤100
71945223065,Diamond Resorts,Diamond Resorts,≤100
7686808625,Jim Inhofe,FRIENDS OF JIM INHOFE,≤100
8550121410,Free Speech America Project,MEDIA RESEARCH CENTER,≤100
498659143979394,The Road to Trump Shay McNeal,JACKIE SHAY MCNEAL-POULIN,≤100
100401327980848,National Parents Union,National Parents Union,≤100
1194865807192273,Conservative Gear,Outergoods LLC,≤100
2013803118888358,Vote Jackie Todd,Vote Jackie Todd,≤100
875703902528460,Matt Gurtler,"Friends of Matt Gurtler, Inc.",≤100
335347887171557,Crooked Columbia,Crooked Columbia,≤100
110010433804232,Falkirk Center,Falkirk Center,≤100
100719625004234,Home and Community,Cynthia Nguyen,≤100
110849485902,United Way,United Way Worldwide with Facebook Ad Credits,≤100
114386721939978,The Made in America Store,Made In America Store,≤100
6820348410,Kirsten Gillibrand,Gillibrand for Senate,≤100
118303441570966,Home Ownership Matters,NATIONAL ASSOCIATION OF REALTORS,≤100
128167457221813,Public Transportation,Voices for Public Transit,≤100
79125112926,Students for Life of America,"STUDENTS FOR LIFE OF AMERICA, INC.",≤100
852784198406948,Boy Scouts Investigation,These ads ran without a disclaimer,≤100
192771954102960,Jordan Sekulow,American Center for Law and Justice,≤100
182821668513294,(Official) South Carolina Libertarian Party,SOUTH CAROLINA LIBERTARIAN PARTY SCLP,≤100
112488757165613,Blue Line Stockpile,Blueline Stockpile,≤100
169277310432049,"Texas Precision Optics, Inc.",Texas Precision Optics Inc,≤100
90498769709,Edenpure,EdenPURE®,≤100
160513344045084,John Neely Kennedy,"John Kennedy for Us, Inc",≤100
109866370700481,PushBlack Finance,PushBlack,≤100
8057376739,The Nature Conservancy,Nature Conservancy,≤100
384557995468219,Viral Casez,Viral Casez,≤100
590905468266473,US Apparel 2020,Americas Finest Products,≤100
108273884315449,Real American Patriot,Gold Sky Ventures LLC,≤100
361960287311696,Better Medicare Alliance,"Better Medicare Alliance, Inc",≤100
2081864865362439,Mike Espy,MIKE ESPY FOR SENATE CAMPAIGN COMMITTEE,≤100
1682876188698809,United for Respect,United for Respect,≤100
465483726908192,iVote,IVote Civic Education Fund,≤100
531623043662146,Flags of Valor,Flags of Valor,≤100
197760674021143,Indivisible Guide,INDIVISIBLE ACTION,≤100
79820371749,Ayanna Pressley,THE SQUAD VICTORY FUND,≤100
1678492922390061,WorkingNation,WorkingNation,≤100
100252351542253,"Macie P. Smith, EdD - Candidate SC State Univ. Board of Trustees",Dr. Macie P. Smith,≤100
101164484986617,To Be Frank Show,Real News PR,≤100
318123688261332,"Dr George D. Pappas, Esq. PC",George D. Pappas ESQ PC,≤100
26006662641,Arizona Democratic Party,Arizona Democratic Party,≤100
740266592735787,Free to Be Kids,Free To Be Kids,≤100
2332380533514168,Kandiss Taylor,KANDISS TAYLOR FOR U.S. SENATE,≤100
1055873511190792,Hello Resistance,Hello Resistance Apparel,≤100
101254888098139,Walt Lawson for Clerk of Superior Court of Effingham County,Walter Darnell Lawson,≤100
1439829396312534,The Movement for Black Lives,Movement for Black Lives,≤100
8532248414,Wounded Warrior Project,"WOUNDED WARRIOR PROJECT, INC.",≤100
336470580233523,Pins and Aces Golf Co.,US Craft Brands LLC,≤100
112600915451330,No Labels,No Labels,≤100
2165983337048601,LeverforChange,Lever for Change,≤100
100699775058659,Education Now NC,Education Now,≤100
112334757233941,Right to Telehealth,Jeremy Joseph Schaller,≤100
107847454354960,Weekly American Lifestyle,Steve San,≤100
132732160104163,Ford Foundation,"FORD FOUNDATION, THE",≤100
101599774968168,Vote Merrill,Brian Lee Merrill,≤100
123624513983,The Western Journal,The Western Journal,≤100
117144508670456,GUNVOTE,National Shooting Sports Foundation,≤100
28510612138,Uncommon Knowledge,Hoover Institution,≤100
338020156837038,The Exodus Movement,Red Sea Rising PAC,≤100
374848446414965,Pollking,Benjamin Aaron Perlman,≤100
327202261326682,Stephanie Bice,Bice for Congress,≤100
186932688457686,CHNGE,CHNGE,≤100
93114332471,20/20 Research,2020 Research,≤100
263210730984251,We Are Great Again Pac,WE ARE GREAT AGAIN PAC,≤100
493811210669780,Creative Action Network,Creative Action Network,≤100
1192579580831773,Supermajority News,Supermajority,≤100
108506830560787,Jessica Scarane,JESS SCARANE FOR DELAWARE,≤100
9739634228,The Political Machine,"Hitcents.com, Inc",≤100
711909245654048,National Police Support Fund,National Police Support Fund,≤100
785936231584382,Paula Jean Swearengin,Paula Jean for West Virginia,≤100
105370081104608,Veterans for Trump,TRUMP MAKE AMERICA GREAT AGAIN COMMITTEE,≤100
106667854471975,Outspoken,Log Cabin Republicans,≤100
272618896537776,America First Agenda,America First Agenda PAC,≤100
94047978366,PCCC - BoldProgressives.org,PROGRESSIVE CHANGE CAMPAIGN COMMITTEE,≤100
101724361319410,Ronny Jackson for U.S. Congress TX-13,Texans for Ronny Jackson,≤100
258470931719484,The Why Minutes,The Why Minutes,≤100
111277640428691,President Donald J. Trump 2020,Trump Collections,≤100
839232182831341,SCWomenLead,South Carolina Women's Leadership Network,≤100
502320477205654,I’m Bout Making My Ancestors Proud,Heritage Hill LLC,≤100
103373224404755,Impact Slates,COLLECTIVE IMPACT PAC,≤100
110089227413037,The Prepared Patriot,Edward Ha,≤100
17023576156,The Leadership Conference on Civil and Human Rights,The Leadership Conference on Civil and Human Rights,≤100
103235554648484,Elect Scientists,314 ACTION FUND,≤100
246846192720018,War On Our Future,The Years Project,≤100
372082579523719,Rabbi Dr. Shmuly Yanklowitz,Rabbi Dr. Shmuly Yanklowitz,≤100
1691667177798461,Brut,Brut,≤100
13365227077,Planned Parenthood Advocates of Wisconsin,Planned Parenthood Advocates of Wisconsin,≤100
389417997767095,SourceAmerica,SOURCEAMERICA,≤100
205395906412,UAW International Union,"INTERNATIONAL UNION, UNITED AUTOMOBILE, AEROSPACE AND AGRICULTURAL IMPLEMENT WORKERS OF AM",≤100
2256321067930356,Liberteeclub,libertyteeshop,≤100
69983322463,Ted Cruz,TED CRUZ FOR SENATE,≤100
111888183726681,James Hudson Jr. for Darlington County Sheriff,Joseph Wyatt Kinard,≤100
111654690603599,NUIRC,Nonprofit Unemployment Insurance Relief Coalition (NUIRC),≤100
100722328329613,Every Single Vote,Every Single Vote,≤100
212375358784914,Ed Brodsky for State Attorney,Ed Brodsky for State Attorney,≤100
104704401202729,"Teresa's Tips, Tricks & Tools for Beauty, Health & Wealth",Teresa Marie Von Riegen,≤100
654702428226892,Stop the Corridor,Stop the Corridor,≤100
130882810308851,"The Law Offices of Jason E. Taylor, PC","The Law Offices of Jason E. Taylor, P.C.",≤100
721000238103165,Eric Early,Eric Early,≤100
469609533112889,iDisciple,iDisciple,≤100
24481937944,Theodore Roosevelt Conservation Partnership,"THEODORE ROOSEVELT CONSERVATION PARTNERSHIP, INC",≤100
394817334402124,2020 Trump Bill,Innovative Ecomm LLC,≤100
375760676281438,Mermaid Straw,Mermaid Straw,≤100
156994304362574,American Bridge 21st Century,AB PAC,≤100
58158120046,ACLJ,American Center for Law and Justice,≤100
19474609238,Mercatus Center at George Mason University,Mercatus Center at George Mason University,≤100
431781483507232,Keep Katherine Fernandez Rundle State Attorney,"Katherine Fernandez Rundle, Democrat, for State Attorney",≤100
103644036958,United Association,United Association Political Education Committee,≤100
1084856268238034,Trump Talking,Roberto None Lugo,≤100
181183059253295,Dorsal Bracelets,Dorsal Bracelets,≤100
420424547981908,In Search of Liberty,Scott Dennis Welch,≤100
29775770058,PATH,PATH,≤100
193675533982095,Ryan Chamberlin,Ryan Chamberlin for Congress,≤100
2146201085498440,Tony Gonzales,Tony Gonzales for Congress,≤100
113110137118723,Collectible Currency,Christopher Walter Adams,≤100
228132537208218,Tammy Duckworth,TAMMY FOR ILLINOIS,≤100
328633577711956,Alabama Counts,AL Census 2020,≤100
108400607228194,LaVerne Jones Gore,LAVERNE GORE FOR CONGRESS,≤100
105113810944826,Gary4Gov,Gary Votour,≤100
405469100189512,Still My President - Donald Trump,Red State Politics LLC,≤100
113629102022190,Lil Pokey,These ads ran without a disclaimer,≤100
109271350879624,Something We All Need,Patrick Le Tran,≤100
140357056032320,NEA Today,National Education Association,≤100
173837496125511,Conscious Step,Conscious Step,≤100
496696933682736,Jeff Merkley,JEFF MERKLEY FOR OREGON,≤100
106308567506025,Moe Davis for Congress,MOE DAVIS FOR CONGRESS,≤100
127216280686110,Ann Wagner,Ann Wagner for Congress,≤100
124155874263916,Participant Media,Participant Media,≤100
107665644228467,Conservative Journal Review,Conservative Journal Review LLC,≤100
1438882392887793,ADF Church Alliance,Alliance Defending Freedom,≤100
165238836870566,MRC Culture,MEDIA RESEARCH CENTER,≤100
21647204289,Michigan Education Association,Michigan Education Association,≤100
1819658374974706,Arena,Arena PAC,≤100
103694317846862,Making Congress Great Again,Making Congress Great Again,≤100
137746666253194,Ann Kirkpatrick,KIRKPATRICK FOR CONGRESS,≤100
129523843754764,Vote Smart,PROJECT VOTE SMART,≤100
422202764649078,Rhode Island Department of Education - RIDE,Rhode Island Department of Education,≤100
19420215926,CNSNews.com,MEDIA RESEARCH CENTER,≤100
313097997669,StreetLightUSA,StreetLightUSA,≤100
925007000949719,ExxonMobil,Exxon Mobil Corporation,≤100
100421958357393,PodTv Network,PodTv Network,≤100
111888183726681,James Hudson Jr. for Darlington County Sheriff,Freddie Engelbert,≤100
799539910084929,Shaun King,"Premiere Marketing, Inc.",≤100
1733918116873254,BackWoods Mafia,Landon David Turner,≤100
122894447754361,Institute for New Economic Thinking,"INSTITUTE FOR NEW ECONOMIC THINKING, THE",≤100
15041226930,Oxfam,"OXFAM AMERICA, INC.",≤100
2295062210811244,Coalition for American Veterans,COALITION FOR AMERICAN VETERANS POLITICAL ACTION COMMITTEE,≤100
100559204891447,Friends of Dr. James St. George,Friends of James St. George,≤100
151525932186806,When Democrats Turn Out,WHEN DEMOCRATS TURN OUT PAC,≤100
601472019907779,Latino Victory,Latino Victory,≤100
194115677277113,A21,A21 with Facebook Ad Credits,≤100
2070944712939738,American Police Officers Alliance,American Police Officers Alliance,≤100
219224241438635,Compassion & Choices,COMPASSION & CHOICES,≤100
102636677971854,Trump Is The Storm,Legendary Trump Coins,≤100
953113491536337,Black to the Future Action Fund,Black to the Future Action Fund,≤100
115103206548385,Cam Nuessle Aiken County School Board District 9,Nuessle for School Board,≤100
102175879855284,Harper Perennial,HARPERCOLLINS PUBLISHERS L.L.C.,≤100
455595357859098,Richard DeNapoli,Richard DeNapoli for Broward Republican State Committeeman,≤100
103531607822207,Noticias para Inmigrantes,"Wise Rock Media, PBC",≤100
296295018082,AARP en Español,AARP,≤100
1452551204988299,GoReact,Speakworks Inc,≤100
103097321307266,Conservative Action Alliance of the Carolinas,Conservative Action Alliance of the Carolinas,≤100
10150100007820094,Wendy Davis,WENDY DAVIS FOR CONGRESS,≤100
102875587947942,Keep Trump In Office,Keep Trump In Office,≤100
101861301612822,Life Goes On,Jhonmar R Castillo Bello,≤100
1397456727053085,Georgia Law Enforcement,Georgia Law Enforcement Organization,≤100
1614690395258056,Into Action,Into Action,≤100
181924628560212,SumOfUs,SumOfUs,≤100
1708467695859543,Veteran Transition Mission,Sonia Ivelisse Barriera Ayala,≤100
271956682821104,Laurie Slade Funderburk,Committee to Elect Funderburk,≤100
5943727453,American Humane,American Humane,≤100
313723095478950,The Daily Citizen,Focus on the Family,≤100
103653994359958,Harvard Forward,The Boarding School,≤100
103185334702225,Stop Trump PAC,STOP 45 PAC,≤100
2046092952294722,Lucy McBath for Congress,FRIENDS OF LUCY MCBATH,≤100
1667892193505378,Hold the House,HOLD THE HOUSE PAC,≤100
537534316395916,Students for Trump,Turning Point Action,≤100
289213691238937,Thrasher Coffee,Thrasher Coffee Co.,≤100
106402714456835,Trees 4 Australia,Trees4Australia,≤100
109267407229927,ZIPO: Zero Interest Principal Only,ZIPO Inc,≤100
114822686979118,Daily Saver,Smart Market Tips,≤100
53541257714,The Arc of the United States,"ARC OF THE UNITED STATES, INC., THE",≤100
106203264511020,Washington Changed Katko,DCCC,≤100
896759427103774,Modern Medicaid Alliance,Modern Medicaid Alliance,≤100
128716440866482,Adam Milstein,Adam Milstein,≤100
443329669123990,USAFacts,USAFacts Institute,≤100
1439364926329185,Animal Matters,Animal Matters,≤100
101209614956892,Take A Stand,Andrew Joseph Young,≤100
130268756992804,Yale Climate Connections,Yale Climate Connections,≤100
23245606841,Hachette Book Group,"Hachette Book Group, Inc.",≤100
1545826148838592,Trump 2020,Gregory Lawrence Burright,≤100
102527004893192,The National Standard,Howard Stephan Barbanel,≤100
104883717942262,Noah Lindemann for CCSD District 5,Noah Sheldon Lindemann,≤100
112552187080266,Protecting Every Future,American Council of Life Insurers,≤100
173470656019870,The Daily Yonder,Great Stories LLC,≤100
109678580574253,Politicool Clothing Co.,PolitiCoolClothing.com,≤100
12784656483,Union Rescue Mission,Union Rescue Mission,≤100
710669049286394,Woo the People,Khosro David Illulian,≤100
592250887586314,Jake Auchincloss,Jake Auchincloss for Congress,≤100
751679868274074,Hope for Students,THE EXPECTATIONS PROJECT INC,≤100
124452922352902,Nichell Newton For Fort Mill School Board,Nichell Fowler Newton,≤100
350101032570200,Lowcountry Home Rescue,Lowcountry Home Rescue,≤100
143021112391265,Jacobin magazine,Jacobin Foundation,≤100
169130743498585,Tactical Pro Supply,Chad Keller,≤100
107439427661844,Accountable Tech,Accountable Tech,≤100
117641114435,First Aid Beauty,First Aid Beauty,≤100
36999871079,Survivors of the Abortion Holocaust,Survivors,≤100
333081284065216,Brynne Kennedy for Congress,BRYNNE KENNEDY FOR CONGRESS,≤100
35715544220,Stand.earth,STAND,≤100
107225484068529,Donna Deegan for Congress,Donna Deegan For Congress,≤100
107248944146204,Carlos Gimenez for Congress,Carlos Gimenez for Congress,≤100
24982445498,ProQuest,PROQUEST LLC,≤100
872842866161157,One Nation Design,One Nation Design,≤100
108692310594568,UNITE HERE,UNITE HERE PAC,≤100
103847861152104,Citadel Preservation Party,Citadel Preservation Party,≤100
112492646811151,California Census,CA Census 2020,≤100
18983389920,Open Society Foundations,Open Society Foundations,≤100
101208514791301,Daniel Turner,Power The Future Inc,≤100
103376804451432,Trending Politics,Making Web LLC,≤100
2133130356918764,Common Justice,COMMON JUSTICE INC,≤100
91346559231,Democratic Legislative Campaign Committee - DLCC,Democratic Legislative Campaign Committee,≤100
111581113532778,Yes on 2: Ranked Choice Voting,Ranked Choice Voting 2020 Committee,≤100
108090464296366,Republican Patriots,I Love My Freedom,≤100
2212066245574161,Sarah Huckabee Sanders,St. Martin's Press,≤100
113110137118723,Collectible Currency,Proud Patriots,≤100
519861578414374,Lester Miller for Mayor,Lester Miller for Mayor,≤100
104667417857551,United Association LLC,United Association LLC,≤100
15771560300,Earthjustice,EARTHJUSTICE,≤100
104896112844,Wake County Government,John Andrew Hamlin,≤100
399067003454888,Sudan Relief Fund,Sudan Relief Fund Inc,≤100
23180353833,North Carolina Republican Party,North Carolina Republican Party,≤100
357750373755,National Domestic Workers Alliance,National Domestic Workers Alliance,≤100
5887538795,Education Week,Education Week,≤100
300774350436838,topplr,Data Genomix,≤100
8225139261,New York Republican State Committee,NEW YORK REPUBLICAN STATE COMMITTEE,≤100
341513602902369,CALL TO ACTIVISM,CALL TO ACTIVISM,≤100
102478528086004,Reading On the Left,St. Martin's Press,≤100
1679521432262834,Physicians Grassroots Network,American Medical Association,≤100
217569858071,Areva Martin,Areva Denise Martin,≤100
308159713150350,Voter Protection Project,VOTER PROTECTION PROJECT,≤100
1584050195202316,Barbara Bry for Mayor,Barbara Bry for San Diego Mayor 2020,≤100
235762319779450,Omar Navarro,OMAR NAVARRO FOR CONGRESS,≤100
7292655492,MoveOn,MOVEON.ORG CIVIC ACTION,≤100
362628781134387,Medicines360,"JONES PUBLIC AFFAIRS, INC.",≤100
1295279420598401,Victoria Spartz,VICTORIA SPARTZ FOR CONGRESS,≤100
115757826468774,Statsigo,Statsigo,≤100
1600300510259910,For Our Future Pennsylvania,For Our Future Action Fund,≤100
1741729849281711,Uber & Lyft Sexual Assault Attorneys,Safer America,≤100
168876449866088,The Years Project,The Years Project,≤100
110061623807565,Kelly Loeffler,Georgians for Kelly,≤100
124530924015,Hank Gilbert,HANK GILBERT FOR CONGRESS,≤100
189452770432,Women's Campaign Fund,WOMENS CAMPAIGN FUND INC,≤100
153278754738777,Climate Reality,The Climate Reality Project,≤100
1443127535947107,Save the Children Action Network,Save the Children Action Network,≤100
139700496669066,1 VoteCloser,1 VoteCloser,≤100
198875903295,Trek Bicycle,TREK BICYCLE CORPORATION,≤100
109905900573403,BuzzVote2020,Bruce Edward Spector,≤100
135997359926517,SSDC Services,Jefery James Wenzel,≤100
1653251174924652,Fuzzu,Fuzzu,≤100
103730928025980,Safe and Sound In 2020,Kin Ngai Yeung,≤100
324119001078997,"Sanford Heisler Sharp, LLP","Sanford Heisler Sharp, LLP",≤100
114302593701939,Silent Majority Member,Silent Majority Member,≤100
1014486318584089,Armed American Supply,Armed American Supply,≤100
309993142375589,Joe Kennedy III,KENNEDY FOR MASSACHUSETTS,≤100
135081079769,AFGE,American Federation of Government Employees,≤100
107937014153581,Energized Health,John Jubilee Transformation LLC DBA Energized Health,≤100
123965317665623,N-Hance Wood Refinishing,N-Hance Inc.,≤100
105084617912738,PatriotQuizzes,patriotquizzes.com,≤100
115617711783870,Center for Union Facts,CENTER FOR UNION FACTS,≤100
34701792581,EWTN,Eternal Word Television Network,≤100
102389457864860,Treehuggers Bracelets,ECOMX LLC,≤100
102315041409283,Horses in our Hands,In our Hands Action Fund,≤100
113891694102,Energy Citizens,AMERICAN PETROLEUM INSTITUTE,≤100
1634651343331439,Project Wren,Landon Brand,≤100
1986304678248628,Phil Healy For Liberty,Philip Mark Healy,≤100
141692255929599,Democratic Socialists of America,DEMOCRATIC SOCIALISTS OF AMERICA INC,≤100
249362448960808,Sanderson Farms Corporate,Sanderson Farms Corporate,≤100
101485931485408,UNITEDemocrats,UNITEDEMOCRATS PAC,≤100
152264148166020,Moms Clean Air Force,Moms Clean Air Force,≤100
56332452163,AMA Patients Action Network,American Medical Association,≤100
160630887998827,Let Them Live,Let Them Live,≤100
292351509697,Jerusalem Prayer Team,Jerusalem Prayer Team,≤100
89324781720,Pat Toomey,Friends of Pat Toomey,≤100
1925751504337881,MJ Hegar,MJ FOR TEXAS,≤100
8936818385,Accuracy in Media,"ACCURACY IN MEDIA, INC",≤100
583715925012376,Mayor Trent Staggs,Staggs for Mayor,≤100
100123544800892,Disme Coin Company,Byron Michael Laughlin,≤100
7209432197,Chris Coons,CHRIS COONS FOR DELAWARE,≤100
566008736785269,Be Heard Project,Be Heard Project,≤100
46508415624,Scott Taylor,Scott Taylor for Congress 2020,≤100
316332452231211,Voter Opinion Survey,"20-20 Insight, LLC",≤100
174467403129304,Yoopine,Yoopine Inc.,≤100
168452723312821,Chisholm Chisholm & Kilpatrick LTD,Chisholm Chisholm & Kilpatrick LTD,≤100
102180301437619,2020 American Defense Fund,C3 PAC,≤100
203330919857759,All On The Line,National Redistricting Action Fund,≤100
1632568446971453,Boredwalk,Boredwalk,≤100
2656520364418366,Tracy Pelt for Dillon County Sheriff,Marion Tracy Pelt,≤100
540475879444766,Captains For Clean Water,"CAPTAINS FOR CLEAN WATER, INC.",≤100
103131054573692,Crawfordology,Crawfordology,≤100
108296990863730,Hero Action Fund,Hero Action Fund,≤100
17475614410,Hispanic Federation,Paid for by Hispanic Federation with Facebook Ad Credits,≤100
296106753794181,Black Press USA - NNPA,Norman Rich,≤100
379373892662119,Healthcare Advisor Group,Healthcare Advisors Group,≤100
111519760493851,Jasmen Rogers-Shaw,"Jasmen Rogers-Shaw, Democrat, for State House",≤100
100798594958887,inseparable,Inseparable Action Inc,≤100
1425435377743310,Conversations with Bill Kristol,The Foundation for Constitutional Government,≤100
104519591175701,Jes and Reid,Jessica Marie Richardson,≤100
233033790583602,Myrtle Beach FYI,Awesome News Network,≤100
830890360316751,Nick Hanauer,Civic Action,≤100
109200595768753,The Christian Left,The Christian Left,≤100
700153177010264,Plant Based Products Council,Plant Based Products Council,≤100
105872574403318,Project TAMMI,a research grant at The National Center on Addiction and Substance Abuse (CASA),≤100
6165653060,AFSCME,AMERICAN FEDERATION OF STATE COUNTY & MUNICIPAL EMPLOYEES,≤100
113310617054164,Trump Baseball Bats,Trump Baseball Bats,≤100
105698674239617,Embed News,Embed News,≤100
612701059241880,Latinos for Trump,TRUMP MAKE AMERICA GREAT AGAIN COMMITTEE,≤100
131306317680000,Social Goods,"Social Goods, LLC",≤100
103806957816376,Kat Cammack,KAT FOR CONGRESS,≤100
102659217991609,Vote Samantha Wallace,Samantha S Wallace for County Council,≤100
142370046577999,Shahid Buttar for Congress,Shahid Buttar for Congress Committee,≤100
868259909915525,Susie Lee,Susie Lee for Congress,≤100
421486244558294,Ross Spano,ROSS SPANO FOR CONGRESS,≤100
1977738355807406,Sharice For Congress,SHARICE FOR CONGRESS,≤100
111648480319494,800DEMOCRAT,800DEMOCRAT,≤100
107522140633027,Thai Y'all,Thai Y'all,≤100
108152933883451,TrumpTrendz,Troy Lorenzo Davis,≤100
814260155318929,The Fairness Project,The Fairness Project,≤100
374876452974178,McShane LLC,McShane LLC,≤100
339432396135584,The Exodus Road,EXODUS ROAD INC,≤100
104881317722736,Get-It-Out,Matthew Justin Viles,≤100
1802177709900081,The Spectator US,The Spectator US,≤100
129278807814364,Women of Welcome,Welcome.,≤100
360303722260,Kathleen Williams,KATHLEEN WILLIAMS FOR MONTANA,≤100
164472026916984,Masbia Soup Kitchen Network,MASBIA,≤100
34521916336,Brent Bozell,MEDIA RESEARCH CENTER,≤100
458928061510318,Rita Hart for Iowa,RITA HART FOR IOWA,≤100
142992759853421,Be A Hero,BE A HERO PAC,≤100
661744180680367,National Police Association,"NATIONAL POLICE ASSOCIATION, INC.",≤100
193618220508,LIFE Today,LIFE Outreach International,≤100
32582320449,CMMB,CATHOLIC MEDICAL MISSION BOARD INC,≤100
98912141410,American Forests,American Forests,≤100
107710887461480,Yes On IP34,Yes on IP 34,≤100
810122486032496,Jackie Gordon,JACKIE GORDON FOR CONGRESS,≤100
28126338304,Surfrider Foundation,"SURFRIDER FOUNDATION, INC",≤100
113553048669158,Rick Scott,TEAM RICK SCOTT,≤100
45555240203,America First Credit Union,America First Credit Union,≤100
72565633140,Soles4Souls,"SOLES4SOULS, INC.",≤100
1712381442314346,STAND League,Church of Scientology International,≤100
110468488981853,UNRWA USA,UNRWA USA,≤100
116565033114715,Jean-Pierre Bado for Florida State House Representative - 114,"Jean-Pierre Bado, Democrat, for Florida House 114",≤100
329384734362985,Sharon Cooper,Sharon Cooper for State House,≤100
1402827079932843,Low Income Relief,The Lighthouse Information Network LLC,≤100
112062967001761,John Durrett for State Attorney,John Durrett for State Attorney,≤100
5457479962,Diabetes Daily,Thrivable,≤100
237697300232030,Michael Unbroken,Think Unroken LLC,≤100
108512875350,The Atlas Society,The Atlas Society,≤100
420756238503932,Your American Flag Store,Your American Flag Store,≤100
20612127118,North Carolina Democratic Party,NORTH CAROLINA DEMOCRATIC PARTY - FEDERAL,≤100
159114974140442,"Waldron Law Firm, PLLC",Joan Marie Waldron,≤100
341240953385902,Force Of Nature Meats,Force of Nature,≤100
105298561237754,We Are The Vocal Majority,We Are The Vocal Majority,≤100
25121889784,Texas Public Policy Foundation,Texas Public Policy Foundation,≤100
6851405967,CREDO Mobile,"CREDO MOBILE, INC.",≤100
575574529481182,Karen Rose for School Board,Karen Rose for School Board,≤100
525171637666780,Sandy Piña California Delegate,RCR,≤100
1498561767025112,Zephyr Teachout,Macmillan Publishing,≤100
32802178807,Homes For Our Troops,Homes For Our Troops,≤100
137470926951018,"John Mina, Orange County Sheriff","John Mina, Democrat, for Orange County Sheriff",≤100
201956993160690,MRCTV,MEDIA RESEARCH CENTER,≤100
110828620426941,Roger Polack for Congress,ROGER FOR WISCONSIN,≤100
12692955711,Chronicle of Higher Education,"CHRONICLE OF HIGHER EDUCATION, INC. (THE)",≤100
455147011996099,The Ann and Phelim Scoop,The Unreported Story Society,≤100
100224128362301,"Casey Mills for County Court Judge, Group 22","Casey Mills, Non-Partisan, for County Court Judge Group 22",≤100
101176014673943,Michelle for Kansas,MICHELLE FOR KANSAS,≤100
102970113093477,Church Militant/St. Michael’s Media,Max Aldcander Douglas,≤100
100911481267154,"Luke Gromen - FFTT, LLC","FFTT, LLC",≤100
892335060832615,IFSI - Immigrant Family Services Institute-USA,Immigrant Family Services Institute Inc,≤100
1640970822834351,Plaine Products,Plaine Products,≤100
104156324675314,Social Justice Social Club,Social Justice Social Club,≤100
93565224474,Mercy For Animals,MERCY FOR ANIMALS,≤100
232201568659,Pacific Justice Institute,PACIFIC JUSTICE INSTITUTE,≤100
200259660733791,Sanford Bishop,Sanford Bishop for Congress,≤100
234628203317767,Made for Freedom,Made for Freedom,≤100
50711561090,Muslim Advocates,MUSLIM ADVOCATES,≤100
22426379899,Workman Publishing,WORKMAN PUBLISHING CO. INC.,≤100
147523538641547,Capitol Ministries,CAPITOL MINISTRIES,≤100
2061610307468510,Stars and Stripes Depot,Stars and Stripes Depot,≤100
97624620788,American Friends of Magen David Adom,AMERICAN FRIENDS OF MAGEN DAVID ADOM,≤100
102750021183412,Justice U,Altus Solutions Inc,≤100
19848703448,The Wesleyan Church,The Wesleyan Church Corporation,≤100
416913748508616,We Welcome Refugees,We Welcome Refugees,≤100
104679177804089,45 Changes Lives,PKA Karate Academy Inc,≤100
104653064566281,Judge Natasha DePrimo,"Judge Natasha DePrimo, Non-Partisan, for Broward County Court Judge Group 31",≤100
69039563201,Open Doors USA,"OPEN DOORS WITH BROTHER ANDREW, INC.",≤100
113644103666790,America First,TruthLion,≤100
292811880858773,Ocean Voyages Institute / Project Kaisei,Ocean Voyages Institute,≤100
196152367093112,Planned Parenthood Advocates of Nebraska,Planned Parenthood Advocates of Nebraska,≤100
101380274600494,Old North News,Metric Media LLC,≤100
110316697328742,People of Seniors Housing,People of Seniors Housing,≤100
101187548040796,Allen Wellons for NC Senate,Allen Wellons for NC Senate,≤100
7735858972,Humane Society Legislative Fund,Humane Society Legislative Fund,≤100
28068665077,American Academy of PAs,American Academy of PAs,≤100
111324359048459,Dr. Roger Marshall,KANSANS FOR MARSHALL,≤100
19972147679,SEIU,SEIU,≤100
626681524134752,Williamson County Sheriff  Robert Chody,Robert Chody for Sheriff,≤100
1962432260715827,Kindhumans,Kindhumans,≤100
138141366212571,Gravis Marketing,GRAVIS MARKETING INC.,≤100
100667981611916,Flowpage,These ads ran without a disclaimer,≤100
105315327577677,Golden Goose Publishing,Lance Charles Greenberg,≤100
717417908274761,Lady Freethinker,Lady Freethinker,≤100
110125904070783,Super Top Shelf,Super Top Shelf LLC,≤100
130848666099,Business Forward,Business Forward Inc.,≤100
1789651861157958,Values To Action,Values to Action,≤100
102315958243776,Patriotic Freedom,Vivian Lam Nguyen,≤100
72120044076,Q90FM Radio,Andrew A Connell,≤100
1448984361857166,Florida Federation for Children PAC,Florida Federation for Children,≤100
592074077639509,Donald Trump Is Our President,Power To The Publisher,≤100
162019154641651,Deliver Liberty,Deliver Liberty,≤100
19746387261,Humane Society International,Humane Society International,≤100
682990071843813,Center for the Study of Liberty,Center for the Study of Liberty,≤100
546497545399440,ASEC - African Sisters Education Collaborative,African Sisters Education Collaborative (ASEC),≤100
1784991421516214,Seek Refuge,Seek Refuge,≤100
8145161702,Lambda Legal,"LAMBDA LEGAL DEFENSE & EDUCATION FUND, INC.",≤100
497081420632330,Dr. Hiral Tipirneni,HIRAL FOR CONGRESS,≤100
505653766599222,America First with Dr. Sebastian Gorka,Salem Media,≤100
114008535880,Foundation for Individual Rights in Education,FOUNDATION FOR INDIVIDUAL RIGHTS IN EDUCATION,≤100
1229789977123022,Debbie Lesko for Congress,DEBBIE LESKO FOR CONGRESS,≤100
7609325759,Jim McGovern,RE-ELECT MCGOVERN COMMITTEE,≤100
149745555082419,Pioneer Institute for Public Policy Research,"Pioneer Institute, Inc.",≤100
28144169620,Alliance for Aging Research,Alliance for Aging Research,≤100
1028908663935923,Americans for Fair Treatment,Americans For Fair Treatment,≤100
114864793399013,Nicole Love Hendrickson for Gwinnett Chair,LOVE4GWINNETT,≤100
2338979479650120,Genevieve Collins for Congress,COLLINS FOR TEXAS,≤100
280704452367167,Jason Crow,JASON CROW FOR CONGRESS,≤100
1400371370253041,Eagan Immigration,Eagan Immigration,≤100
100219668159300,Alexis Hill,Friends of Alexis Hill,≤100
139599847972,National Nurses United,National Nurses United,≤100
10331123781,Special Olympics,Special Olympics Inc,≤100
101041998305221,The Proud Republicans,Great American Era LLC,≤100
361224947290747,Together for Girls,"TOGETHER FOR GIRLS, INC.",≤100
109379393894282,Keep Texas Moving,TEXAS ASSOCIATION OF BUSINESS,≤100
779448475497508,David Scherr,Scherr for Vermont,≤100
391872261636792,2020unity,"ForFact LLC, DBA 2020unity",≤100
116238930177726,Artsiful,Brad Aaron Shaw,≤100
102112631507753,Doug Zandstra for State Representative - Michigan District 76,The Committee to Elect Douglas Zandstra,≤100
198296877515470,Switch4Good,Switch4Good,≤100
15351475322,Cathy McMorris Rodgers,Cathy McMorris Rodgers for Congress,≤100
165566613453452,ERLC,ETHICS AND RELIGIOUS LIBERTY COMMISSION OF THE SOUTHERN BAPTIST,≤100
124626320898336,Catholic Extension,"CATHOLIC CHURCH EXTENSION SOCIETY OF THE UNITED STATES OF AMERICA, THE",≤100
153477451455783,The Optimist Daily,"The Optimist Publications, LLC",≤100
125319303823,Champlain College,Champlain College Incorporated,≤100
133979276345,Georgia Farm Bureau,"GEORGIA FARM BUREAU FEDERATION, INC.",≤100
468906559794011,LaunchGood,LaunchGood Inc.,≤100
143729616392084,Van Drew for Congress,Van Drew for Congress,≤100
110309607045916,Lisa Scheller,"Scheller for Congress, Inc.",≤100
782093245218764,Qasim Rashid,RASHID FOR VA,≤100
227764782729,AMERICAN - STRONG!,American Strong LLC,≤100
412739549455010,Karena Reiter,PrimaDonna Reeds,≤100
128958937175029,Trivia Today,Benjamin Aaron Perlman,≤100
384336778589668,Defend Our Constitution,COMMON CAUSE,≤100
808450969246896,"Rebecca Walser, Tax Attorney, CFP",Walser Wealth Management,≤100
1338822066131069,Women's March,Women's March,≤100
1013558392124611,One Vote,One Vote Productions LLC,≤100
291260461373618,News and News,News and News,≤100
127335473965761,Recycle Cartons,"Carton Council of North America, Inc.",≤100
19554217292,American Heart Association: You're the Cure,American Heart Association,≤100
102139218008846,King Nation Apparel,King Nation Apparel,≤100
70090474914,American Farmland Trust,"AMERICAN FARMLAND TRUST, INC",≤100
2038106196458403,Israelism: American Jews & Israel,Tikkun Olam Productions Incorporated,≤100
130945114804,World Jewish Congress,WORLD JEWISH CONGRESS AMERICAN SECTION INC,≤100
153309775026,SnapStream,SnapStream Media,≤100
576705655712575,Jason Williams,Run with Jason,≤100
75353945070,Boxed Water Is Better,Boxed Water Is Better,≤100
408526523045391,Mammoth Nation,Mammoth Nation,≤100
335372906543111,Lee Constantine For Seminole County Commission,Lee Constantine Campaign for Seminole County Commission,≤100
103322426424621,Jonathan Karl,Jonathan David Karl,≤100
114386721939978,The Made in America Store,Anthony Michael Falbo,≤100
265045056894488,Mark Meckler,Convention of States Action,≤100
110798880680061,USA Strong,USA Strong,≤100
174046949421616,Phenomenal Woman Action Campaign,Phenomenal Woman Action Campaign,≤100
1424655311129385,Proud Pour,Proud Pour,≤100
100812534647756,EZPolitix,EZPolitix,≤100
1005566252861190,VOTEPROCHOICE,DEMOCRATS.COM,≤100
115531376769341,Fighting For Justice,Fighting for Justice PAC,≤100
83960796709,Institute for Southern Studies,INSTITUTE FOR SOUTHERN STUDIES INC,≤100
202531447982,Jimmy Chin,Protect Our Winters,≤100
103150364587807,Gun Owners Care,National Shooting Sports Foundation,≤100
102413723172970,Nick Adams,Nick Adams,≤100
260668817346988,Ignite National,IGNITE,≤100
1835838916635491,Transamerica Center for Health Studies,Transamerica Center for Health Studies,≤100
10150124349775072,"Riddle & Brantley, LLP","RIDDLE & BRANTLEY, LLP",≤100
1709145412721991,The Center for Growth and Opportunity at Utah State University,The Center for Growth and Opportunity,≤100
638492549896672,Liberal Humans,Liberal Humans,≤100
276708266084189,Ray Dalio,"Principles, LLC",≤100
106034297877945,VOTE Ingram for ATMC,ingram4atmc,≤100
100316785079860,Citizens for Polk Education,Citizens for Polk Education,≤100
2259323457517498,Abolish the Electoral College,ABOLISH THE ELECTORAL COLLEGE,≤100
109709397469494,Dignity Unbound,Dignity Unbound,≤100
614134231980299,Veterans Empowered To Protect African Wildlife,VETPAW INC,≤100
109450437313515,Marcus Brown,"Brown4Senate, Anthony Musto, Treasurer. Approved by Marcus Brown",≤100
105882964535390,Cats Against Trump,Cats Against Trump,≤100
109114803889902,ProVeg US,ProVeg International,≤100
245711905631405,Jeff Jackson,Jeffrey Jackson,≤100
304062610300415,VozWire,Gregson E Mathe,≤100
336440323158789,Jack Burkman Radio,Jack Burkman Radio,≤100
111499100431,National Association for Gun Rights,NATIONAL ASSOCIATION FOR GUN RIGHTS INC,≤100
278052172260101,ZERO TO THREE,ZERO TO THREE,≤100
1869687273277265,Run for Something,Run For Something PAC,≤100
100729641303493,ICount NM,I Count New Mexico,≤100
1837356789847797,Fulcrum News,David George Seaman,≤100
101888608186192,MedicalCommunitynet,Medical Community LLC,≤100
112638407053609,Jamal Osman for Ward Six,Osman Volunteer Committee,≤100
164513254148611,America's Voice News,Barbara Jean Lawrence,≤100
11918108948,African Wildlife Foundation,AFRICAN WILDLIFE FOUNDATION,≤100
115883606515801,Bob Good for Congress,Good for Congress,≤100
550622028319900,Headlock Press,Headlock Press,≤100
388547605724,Richard Neal,RICHARD E NEAL FOR CONGRESS COMMITTEE,≤100
7642602143,Mother Jones,FOUNDATION FOR NATIONAL PROGRESS,≤100
125161609108,Charlie Stadtlander,Charles Randall Stadtlander,≤100
134597023235240,Rashida Tlaib,THE SQUAD VICTORY FUND,≤100
104938814276248,Brush Plastic Away,Brush Plastic Away,≤100
1800072483402009,African Community & Conservation Foundation,African Community & Conservation Foundation,≤100
1806551369642527,The Eastside Voice,Diana Jean Pack,≤100
562691707395320,Zach Dickerson,Friends of Zach Dickerson,≤100
1526707030943680,Phoenix Dream Center,City Help Inc of Phoenix dba Phoenix Dream Center,≤100
112325855474892,Speak Up For Education and Kids,National Education Association,≤100
114209360263932,On Point with Rachel Tourgeman,Rachel Tourgeman,≤100
28446275521,Military Officers Association of America (MOAA),Military Officers Association of America,≤100
1747132688647028,Democratic Association of Secretaries of State,Democratic Association of Secretaries of State,≤100
1399926390134311,Nature's Generator,Huntkey USA Inc,≤100
7219151423,The Fund for American Studies (TFAS),The Fund for American Studies,≤100
1166660030079480,National Democratic Redistricting Committee,National Democratic Redistricting Committee,≤100
6012633110,Communications Workers of America,"COMMUNICATIONS WORKERS OF AMERICA, AFL-CIO, CLC",≤100
1947204578916961,Kionne McGhee,"Kionne McGhee, Non-Partisan, for Miami-Dade County Commissioner District 9",≤100
317667194946264,Ro Khanna,RO FOR CONGRESS INC,≤100
819607471729183,Dr. Al Gross for US Senate,DR. AL GROSS FOR U.S. SENATE,≤100
172783160290727,New Civil Liberties Alliance,NEW CIVIL LIBERTIES ALLIANCE,≤100
248793048935235,Conservative Partnership,Conservative Partnership Institute,≤100
141901795868393,Alaska Democrats,ALASKA DEMOCRATIC PARTY,≤100
111699680636304,Vermont Conservation Voters Action Fund,Vermont Conservation Voters Action Fund,≤100
529154000442477,America Rising,AMERICARISINGPAC.ORG,≤100
1691091571125390,Representative Shevrin Jones,"Shevrin Jones, Democrat for Florida Senate, District 35",≤100
90022052772,Williams,"WILLIAMS COMPANIES, INC., THE",≤100
2017884721848472,Bokeki,Kimbereley Iris Goldstein,≤100
343175436328856,CA Needs Energy Storage,California Alliance for Renewable Energy Solutions,≤100
111358143534851,Brad Thomas for State House,Brad for Georgia,≤100
111970730196550,World War Zero,AMERICAN SECURITY PROJECT,≤100
18017481462,Acton Institute,Acton Institute,≤100
105984667872147,Patriotic Liberty,These ads ran without a disclaimer,≤100
108761900654950,Jason Bragg for Clerk of Superior Court of Effingham County,"Jason Bragg for Clerk of Superior Court, Effingham County",≤100
856086028066485,Persona,"Persona Media, Inc.",≤100
122773549121265,President Trump for Nobel Peace Prize 2020,Tarek None Kteleh,≤100
161186620643972,American Institute for Economic Research,AMERICAN INSTITUTE FOR ECONOMIC RESEARCH,≤100
102908978166114,Liberty Leadership Fund,Liberty Leadership Fund,≤100
1099779163410386,John Barrasso,Friends of John Barrasso,≤100
166246706765337,The Experiment,The Experiment,≤100
103682988095910,Right Wing Support,Right Wing Support,≤100
149366465128820,Nicole Galloway,Nicole Galloway for Missouri,≤100
111168783611294,Jesse Mermell for Congress,THE COMMITTEE TO ELECT JESSE MERMELL,≤100
108503659576,National Coalition for Public School Options,National Coalition for Public School Options,≤100
220538341415523,The Satanic Temple,Justin Ali Rashidi,≤100
68563629337,Fred Upton,Upton for All of Us,≤100
299295363912730,New Politics Leadership Academy,New Politics Leadership Academy,≤100
106868314285372,The Finance Kit,DYS Capital LLC,≤100
172037886144659,Grand Central Publishing,"Hachette Book Group, Inc.",≤100
21455818797,Feed the Children,"FEED THE CHILDREN, INC.",≤100
166738743732702,All Above All Action,All Above All Action Fund,≤100
44340057816,Uncommon Goods,UncommonGoods,≤100
97466887664,Innocence Project,"INNOCENCE PROJECT, INC., THE",≤100
312066286397519,Manning Asylum Law,Manning Asylum Law,≤100
169204449790211,Conservative News Today,"BizPac Review, Inc.",≤100
87777747127,Greg Palast,Palast Investigative Fund,≤100
621045511876296,Silent Majority,Silent Majority LLC,≤100
700941689954518,Defend Our Future,Defend Our Future,≤100
1627212824167934,Men4Choice,Men4Choice,≤100
619476781405015,Billings Fire Fighters,Billings Firefighters IAFF Local 521,≤100
106971467777674,Democra-street wear,democrastreet wear,≤100
10683277758,Exodus Cry,Exodus Cry,≤100
151577215422581,Zioness Movement,"Zioness Movement, Inc.",≤100
602828763544800,Kate For Congress,KATE FOR CONGRESS,≤100
101301864984288,Race to the WH,Race to the White House,≤100
105481140904672,Core Prestige,Core Prestige,≤100
110959362410288,Jewish Insider,Anthony Parker Sheehan,≤100
108906707265489,USA Pooch,"PRESIDENTIAL POOCH, INC",≤100
417542331752173,Message,Timothy Bruce Dannunzio,≤100
698400060189827,Dan Sullivan,Alaskans for Sullivan,≤100
288452868709310,Smart City Expo Atlanta,Smart City Expo Atlanta,≤100
180230069923,American Life League,American Life League,≤100
10897453188,Operation Mobilization - OM USA,"OPERATION MOBILIZATION USA, INC.",≤100
113335773562471,President Trump For Re-Election,Great American Era,≤100
518194348194441,RepresentUs,RepresentUs,≤100
408252582872693,Daniella Levine Cava,"Daniella Levine Cava, Non-Partisan, for Miami-Dade County Mayor",≤100
12503116997,Dennis Prager,Salem Media,≤100
1947525322184514,One Fair Wage,One Fair Wage,≤100
119216091518705,Protect The Harvest,Karen Elizabeth Glueck,≤100
987698164585861,Citizen Ed,Citizen Education,≤100
124965355935,AARP Vermont,AARP,≤100
101042758281184,Reading On the Right,Macmillan Publishing,≤100
1528498354074301,Punching Bag Media - Conservative News,Sean Michael Probber,≤100
11911627997,Pancreatic Cancer Action Network,"PANCREATIC CANCER ACTION NETWORK, INC.",≤100
106375871170305,Rob Wittman Facts,RASHID FOR VA,≤100
195704103779569,Savage Outdoors & The One,Amanda Harris Lee,≤100
50576707351,Republican State Leadership Committee,Republican State Leadership Committee,≤100
1370474066365196,F1RST WARRIOR,First Warrior,≤100
460014491113867,Wesley Meredith,Wesley A. Meredith for Senate,≤100
322771814739545,Everyone In LA,"UNITED WAY, INC.",≤100
102161004838994,Melissa Gould for Judge,Melissa Gould for Judge,≤100
166166843531258,National Council of Resistance of Iran - شورای ملی مقاومت ایران,MEK-Iran (Saeid Saadati),≤100
166087830076297,WebPT,WebPT,≤100
496306987059093,Bow Belle,Bow Belle Productions,≤100
206052849902620,Intermountain Immigration,"Intermountain Immigration, LLC",≤100
104178947756744,Do.Better.,Do Better America,≤100
723113964421686,Justice for Christian Griggs,Dollie Sturdivant Griggs,≤100
2298883023504578,Readdy42020,READDY42020,≤100
2111385879084628,Bayou Brands,Blake Justin Haney,≤100
434224137354568,Dr. Rich McCormick for Congress,Friends of McCormick,≤100
398977847323767,Texas Signal,Texas Signal Media Company,≤100
123838185676931,Quinn Nystrom for Congress,Quinn Nystrom for Congress,≤100
109584730766616,Chris Pratt for Judge,THE COMMITTEE OF RESPONSIBLE PERSONS TO ELECT CHRIS PRATT.,≤100
2133734536646325,United Conservatives for Florida,United Conservatives for Florida,≤100
345946329411380,Petal Soap,Jason Paul Domangue,≤100
466608670177692,Jonathan M. Tallman,Jonathan Tallman For State Representative,≤100
179909895355213,AIDS United,AIDS UNITED,≤100
332798126798850,Diane Hutchings for Tax Collector,Diane Hutchings for Tax Collector,≤100
211049239087028,Association of Young Americans,Benjamin J Brown,≤100
110382180339967,Samuel Smith for Texas,Samuel Chester Smith,≤100
1001615463272722,Biosimilars Council,The Biosimilars Council,≤100
315151565831,Ascension,Ascension Press,≤100
256043277748645,NetChoice,NETCHOICE,≤100
227535924071462,Animal Petitions,AnimalPetitions.org,≤100
482731661826882,Mike Miller,Mike Miller for Orange County Commission,≤100
103929304678916,Voter Action Project,Integrity First Voter Action Project,≤100
911829795826330,Mark Penn Polls,AIRSNEXT Media,≤100
28486214581,Food for the Hungry,"FOOD FOR THE HUNGRY, INC.",≤100
107624487697615,Ian Richards for Judge,"Committee to Elect Ian Richards, nonpartisan for Circuit Court Judge Group 30",≤100
112623813202,LifeSiteNews.com,LifeSiteNews,≤100
195620754724,Helping Hand USA,HELPING HAND FOR RELIEF AND DEVELOPMENT INC.,≤100
411431975550358,Marc Veasey,MARC VEASEY CONGRESSIONAL CAMPAIGN COMMITTEE,≤100
141786816970,Cruise Lines International Association - CLIA,Cruise Lines International Association,≤100
107647557426981,Jonathon Hansen for State Senate 30,Hansen for Wisconsin,≤100
1695950424027488,Andy Hallinan,Andrew Lawrence Hallinan,≤100
102846434825096,Beat Abbott,Beat Abbott PAC,≤100
332172544231683,America's Plastic Makers,"AMERICAN CHEMISTRY COUNCIL, INC.",≤100
192013990902459,Roy Cooper,Cooper For North Carolina,≤100
2318731681689030,Southeast Utility Watch,Energy Media,≤100
494259170754224,Keeping IDentities Safe,KEEPING IDENTITIES SAFE,≤100
103314631439573,Steve McClinton for Hoover City Council,Campaign to Elect Steve McClinton for City Council,≤100
495950117447546,Protect Freedom PAC,PROTECT FREEDOM POLITICAL ACTION COMMITTEE,≤100
108066350761595,United Workers Party,United Workers' Party,≤100
39432041915,Capital Research Center,CAPITAL RESEARCH CENTER INC,≤100
598720023670599,Jennifer Carroll Foy,Jennifer Carroll Foy for Governor,≤100
64206021703,National Committee to Preserve Social Security and Medicare,NATIONAL COMMITTE TO PRESERVE SOCIAL SECURITY AND MEDICARE,≤100
392334540852644,Alder Darryl Brackeen Jr,Darryl James Brackeen,≤100
106245384043438,Tims For Congress,FRIENDS OF DESIREE TIMS,≤100
579300342209417,Oliver Gilbert,"Oliver Gilbert, Non-Partisan, for Miami-Dade County Commission Dist 1",≤100
2049170775107862,Resistance By Design,Resistance By Design,≤100
168109446538119,St. Martin's Press,Macmillan Publishing,≤100
10700147179,Atlas Network,These ads ran without a disclaimer,≤100
319982881752525,Kara Eastman,EASTMAN FOR CONGRESS,≤100
680549575421741,UnitedVoice.com,"Beachside Media, Inc.",≤100
54787697857,Ron Wyden,WYDEN FOR SENATE,≤100
1234251319933440,Exclusive Apparel,The Dude's Threads,≤100
587676831343390,Raheem AI,RAHEEM AI,≤100
1014291495249813,Politicon,Politicon,≤100
49275915266,Marie Stopes International,MSI-US,≤100
205795426669644,Facts and Logic about the Middle East,Facts and Logic About the Middle East,≤100
609022902623021,Senator Jim Welch,The Committee to Elect James T. Welch,≤100
110401877217497,Oscar Puig for Doral,Oscar Puig for Doral,≤100
300992409852,Hoover Institution,Hoover Institution,≤100
126096064096536,David Wheeler,Elect Dave Wheeler,≤100
1833879943496521,Spread The Vote,Spread the Vote,≤100
735201700206403,LowTides Ocean Products,LowTides Ocean Products,≤100
422008131240977,Equality Florida Action PAC,EQUALITY FLORIDA ACTION PAC INC,≤100
106140571085743,Natalia For Congress,NATALIA LINOS FOR CONGRESS,≤100
312208869424760,Field Team 6,Cory Cambridge Alpert,≤100
102530561547150,Andrew "China" Clyde,CONCERNED AMERICAN VOTERS,≤100
1476342155924546,Big Rig Threads,Big Rig T-Shirts and Decals LLC,≤100
104784143701,Al Lawson for Congress,AL LAWSON FOR CONGRESS,≤100
643645832937718,Fangeme,These ads ran without a disclaimer,≤100
105561217523274,The_Dispatch,"Dispatch Media, Inc.",≤100
100415021774551,Patriotic Stances,Korie Lynn Padgett,≤100
151944694884237,"Solidarity Strategies, LLC",Solidarity Strategies,≤100
109609147465063,Elect Kevin S. Gordon - Cleveland County Commissioner,Kevin Scott Gordon,≤100
218020061613734,UBS,UBS Financial Services Inc.,≤100
262905633727,Los Angeles Mission,"Los Angeles Mission, Inc.",≤100
1865047147110748,Death Penalty Action,Death Penalty Action,≤100
802271849850801,Freedom for All Americans,Freedom for All Americans,≤100
103903914570915,Pro2a,Delta Team Marketing,≤100
171516669541491,Bright Hope,BRIGHT HOPE INTERNATIONAL,≤100
106487520883333,Cardinal & Pine,"Courier Newsroom, Inc.",≤100
358930818155832,Ava Blaze Apparel Co.,Antoinette Kathleen Adkins,≤100
281844617168,Jewish Voice Ministries International,JEWISH VOICE MINISTRIES INTERNATIONAL,≤100
186805048171120,U.S. & Texas LawShield,Texas LawShield,≤100
114971076538782,The Keystone,"Courier Newsroom, Inc.",≤100
105474831199070,Stop GOP Gerrymandering,National Democratic Redistricting Committee,≤100
121626482110,Operation Smile,"OPERATION SMILE, INC.",≤100
105201114623362,Trump Americans,Fulvio David Deavila,≤100
464292670410321,Claudia Tenney for Congress,TENNEY FOR CONGRESS,≤100
122150409780,UC San Diego,University of California San Diego,≤100
241247646424302,Jahana Hayes,FRIENDS OF JAHANA HAYES,≤100
53727956260,Republican Jewish Coalition,Republican Jewish Coalition,≤100
106333028376,"Nichols Kaster, PLLP",Nichols Kaster PLLP,≤100
1555039491394668,Conservation Minnesota Voter Center,CM Voter Center,≤100
308353252483,Kristi Noem,Kristi for Governor,≤100
38882699096,Polaris,POLARIS PROJECT,≤100
657708380952174,Voices of the Civil Rights Movement,Comcast,≤100
162244692732,Brennan Center for Justice at NYU Law,William J Brennan Jr Center for Justice Inc,≤100
138400367267,Right Scan Right Time,NATIONAL ELECTRICAL MANUFACTURERS ASSOCIATION,≤100
1497851363851721,QLMS,Quicken Loans Mortgage Services,≤100
102449671140258,Joshua Rydell for State Attorney,"Joshua Rydell, Democrat, for State Attorney",≤100
197461723779499,"Vasquez Law Firm, PLLC",William Junior Vasquez,≤100
1145019702185006,Alliance for Safety and Justice,Alliance for Safety and Justice,≤100
708375056271048,The Christendom Curriculum,The Christendom Curriculum,≤100
103656897835779,Elect Corey Johnson,Committee to Elect Corey Johson,≤100
39656174351,V-103 The People's Station,Entercom Atlanta,≤100
212933805686,Because International,Because International Corp,≤100
105157841248307,No Filter Politics,No Filter Politics,≤100
922580991129339,People's Mojahedin Organization of Iran - MEK IRAN,MEK-Iran (Saeid Saadati),≤100
103192531413596,Briana Cartwright - The Youth Advocate,Briana Cartwright for DNC,≤100
451224838781405,Patriot Baby,Eric Todd Hunter,≤100
19463427992,Darrell Issa,DARRELL ISSA FOR CONGRESS,≤100
114319561948157,PCRF - Palestine Children's Relief Fund,Palestine Children's Relief Fund,≤100
1397799040234106,OpinionUP,OpinionUP LLC,≤100
931907200310657,Patients Rising Now,Patients Rising Now Inc,≤100
169440273093442,The Center for Election Science,The Center for Election Science,≤100
354168144595007,"Tim Sullivan for Lake County Commisioner, District 1",Tim Sullivan for Lake County Commission,≤100
111237577031486,AquiPor Technologies,William Powers,≤100
312657362217994,Women's Heart Alliance,Women's Heart Alliance,≤100
113679093412163,Ed Hunzeker,Ed Hunzeker,≤100
158505287559920,Save the Storks,Diane Patricia Ferraro,≤100