﻿Page ID,Page Name,Disclaimer,Amount Spent (USD)﻿
10572623775,Hammer Museum,Armand Hammer Museum of Art and Cultural Center Inc.,≤100
510983808935302,Parker Hudson,Frank Parker Hudson Jr,≤100
107344514164012,Mark R. Hopkins,These ads ran without a disclaimer,≤100
34521916336,Brent Bozell,MEDIA RESEARCH CENTER,≤100
169440273093442,The Center for Election Science,The Center for Election Science,≤100
709046012792616,National Audubon Society Action Fund,National Audubon Society Action Fund,≤100
788632858205691,Zero Waste Face,Zero Waste Face,≤100
11111618026,Union of Concerned Scientists,"UNION OF CONCERNED SCIENTISTS, INC.",≤100
942916745862885,Silver Falls Sustainability Co.,Silver Falls Sustainability Co,≤100
113302310024546,Medicare for All Education Initiative - MA,Kelley Caldwell Johnson,≤100
124244214586797,Wisconsin Alliance for Reform,Wisconsin Alliance for Reform,≤100
216052228433696,Arcus Foundation - Social Justice,ARCUS FOUNDATION,≤100
248262725706461,Power The Future,Power The Future Inc,≤100
110525106971306,Rich Desmond for Supervisor,Rich Desmond for Supervisor FPPC 1419486,≤100
791543660926838,"I'll go ahead and keep my guns, Thanks",2A4LIFE LLC,≤100
6204742571,Sierra Club,SIERRA CLUB,≤100
2059019737447210,ChangeRoots,ChangeRoots,≤100
175886458122,People's Action,People's Action,≤100
181813995726,Avalara,"AVALARA, INC.",≤100
204998436268114,Boyce Thompson Institute,Boyce Thompson Institute,≤100
118303441570966,Home Ownership Matters,NATIONAL ASSOCIATION OF REALTORS,≤100
103794891094099,Sam Nejabat for City Council,Sam Nejabat for San Diego City Council 2020,≤100
1917715138510680,Follow Your Legend,Legend Bracelet,≤100
1510835819221919,Ryan Chamberland - Republican State Committeeman,Red Massachusetts Grassroots Action,≤100
104325844436320,US Dollar Reports,US Dollar Reports,≤100
111393882812494,Amy McGrath,"AMY MCGRATH FOR SENATE, INC.",≤100
142370046577999,Shahid Buttar for Congress,Shahid Buttar for Congress Committee,≤100
169130743498585,Tactical Pro Supply,Chad Keller,≤100
523486791061635,Jon Hoadley,JON HOADLEY FOR CONGRESS,≤100
18082780500,Detroit Public Television,DETROIT EDUCATIONAL TELEVISION FOUNDATION,≤100
609450252894597,The Whistleblower Revolution,Heidi Ann Weber,≤100
90498769709,Edenpure,EdenPURE®,≤100
236312179825896,Republican Main Street Partnership,REPUBLICAN MAIN STREET PARTNERSHIP INC,≤100
104621777788682,Bill LeFurgy,William Godfrey Lefurgy,≤100
602714436529710,End Citizens United,END CITIZENS UNITED,≤100
210277954204,The Young Turks,"The Young Turks, Inc.",≤100
20006038080,David Chiu,DAVID CHIU FOR ASSEMBLY 2020 FPPC #1414326,≤100
109140985838232,Progress Texas,Progress Texas,≤100
57401739949,Better Angels,INSTITUTE FOR AMERICAN VALUES INC,≤100
129159563777523,Conservancy of Southwest Florida,ST OF FL CONSERVANCY OF S,≤100
2602473023098666,Democratic Polling Center,Democratic Governors Association,≤100
112211450352193,Illinois Justice & Public Safety PAC,Illinois Justice & Public Safety PAC,≤100
109843717162237,Kelly Groth,Kelly Akemi Groth for San Francisco Democratic County Central Committee 2020,≤100
91223411833,Medical Teams International,Medical Teams International,≤100
100351008152607,America Now,Dollar Informer,≤100
143986912311328,University of Vermont Continuing and Distance Education,University of Vermont,≤100
2283535575207809,Ditch Mitch,DITCH FUND,≤100
209516845093,NRDC Action Fund,NRDC Action Fund,≤100
474062436008137,Michael McCaul for Texas,"McCaul for Congress, Inc.",≤100
154042404618678,Nutty Steph's,Rabble-Rouser Chocolate & Craft Co.,≤100
49978948774,Newsy,Newsy,≤100
15779440092,National Review,"NATIONAL REVIEW, INC.",≤100
473191156175163,EDF Action,Environmental Defense Action Fund,≤100
313723095478950,The Daily Citizen,Focus on the Family,≤100
102592959026,Ocean Conservancy,"OCEAN CONSERVANCY, INC.",≤100
220934044722029,Florida Crystals Corporation,FLORIDA CRYSTALS CORPORATION,≤100
1156426531205011,Mailboxmascots,Jonathan Hall,≤100
156269771074135,VILLAGE HOMES,Randy Jay Rouleau,≤100
825475597557324,trueself,cleancult,≤100
115911665626912,The Term Limit Revolution,Scott M Murphy,≤100
117580534956446,Kellogg's Frosted Flakes,Kellogg Company,≤100
102377984581168,A Democrat in the Wilderness,Emmanuel Fourakis,≤100
110310557163704,Senior Financial,Tyler Wayne Hedland,≤100
111238083775065,Ethics & Transparency in Government,Ethics & Transparency in Government,≤100
2181403648815959,America United,America United Daily,≤100
1914537155242810,Life: Powered,Texas Public Policy Foundation,≤100
205148492837912,We Are Ohio,We Are Ohio,≤100
1642386799323957,Angie Craig,ANGIE CRAIG FOR CONGRESS,≤100
119875179042,Josh Stein,Josh Stein for Attorney General,≤100
472981489476333,Alan Cohn,COHN FOR CONGRESS 2020,≤100
444242679494016,Humanity Forward Fund,HUMANITY FORWARD FUND,≤100
25998443394,MedPage Today,"EVERYDAY HEALTH, INC.",≤100
27478282874,UNITE HERE!,UNITE HERE,≤100
2046280975668889,LeftvsRightIQ.com,LvR Intelligence LLC,≤100
473159232867321,"City of Rutland Alderman, Scott Tommola",Scott D Tommola,≤100
6244252028,Considerable,Considerable.com,≤100
100822738050183,Trump Star 2020,Greek Steel LLC,≤100
231518367314146,Kim Olson for Congress,KIMFORCONGRESS,≤100
147390698637518,Free State Project,Free State Project,≤100
565092390311856,Magnetek Rotation,Mohagani Adamu Magnetek,≤100
347709492097714,MyGreenFills,MyGreenFills,≤100
300719666712627,Moms Demand Action for Gun Sense in America,Everytown for Gun Safety Action Fund Inc,≤100
1397799040234106,OpinionUP,OpinionUP LLC,≤100
294695424535158,Shawn Johnson for Judge,Committee to Elect Shawn Johnson,≤100
305380096638473,Charles Booker,BOOKER FOR KENTUCKY,≤100
104243792943104,Saybrook University,TCS Education System,≤100
6985452607,Brita USA,The Clorox Company,≤100
213567227452,Christian Picciolini,Christian Marco Picciolini,≤100
29883711738,Independent Women's Voice,Independent Women's Voice,≤100
104188284328588,US Polling Research,US Polling Research LLC,≤100
557113921291144,Learning Dynamics,4 Weeks To Read LLC,≤100
7606381190,Amy Klobuchar,AMY FOR AMERICA,≤100
1032931246869252,Ditch the Estate Tax,Policy And Taxation Group,≤100
6041057841,The Humane Society of the United States,"HUMANE SOCIETY OF THE UNITED STATES, THE",≤100
807322165945344,Rick White,Richard T White,≤100
113330620093147,Sunny for Congress,Suneetha Chaparala,≤100
23790541544,Democrats,DCCC,≤100
471788803642592,Excital Store,Excital Store,≤100
163055010716637,G95,Peter Carlton Solle,≤100
383877235817031,Keep America Great,Keep America Great,≤100
1945237355733646,Giving Brush,Giving Brush LLC,≤100
960045850672105,One More Wave,Ernad Civic,≤100
1425435377743310,Conversations with Bill Kristol,The Foundation for Constitutional Government,≤100
103655591210902,Jeff Chase for Select Board,Jeff Chase for Select Board,≤100
106323360959211,Patriots Republic,Matthew James Stine,≤100
8532248414,Wounded Warrior Project,"WOUNDED WARRIOR PROJECT, INC.",≤100
102909941095087,Stop Biased Banking,Center for Freedom and Prosperity,≤100
1487587521541634,President Donald Trump Fan Club,I Love My Freedom,≤100
134312830086,Jimmy Gomez,Jimmy Gomez for Congress,≤100
121358125934736,Move Forward - Yes on 7,The Move Forward PAC,≤100
55644754632,Enel X,"ENEL X NORTH AMERICA, INC.",≤100
100298938781,Robert Wood Johnson Foundation,Robert Wood Johnson Foundation,≤100
91346559231,Democratic Legislative Campaign Committee - DLCC,Democratic Legislative Campaign Committee,≤100
100229244869674,Laurie Myers for Massachusetts Republican State Committeewoman,Red Massachusetts Grassroots Action,≤100
20787991568,Senate Democrats,DSCC,≤100
103276597856432,The Trump Collective,Alexander Quinn Urbach,≤100
215968684159,AFT - American Federation of Teachers,American Federation of Teachers,≤100
100314401549080,Taxpayers for Term Limits,Taxpayers for Term Limits,≤100
110019893736048,Grandpas Against Trump,Richard Carlton Carlton Daley,≤100
279846350948,St. Labre Indian School,St. Labre Indian School,≤100
290548664672,First Liberty,First Liberty Institute,≤100
5633824547,FreedomWorks,"FREEDOMWORKS, INC.",≤100
1963992303848678,DHVANI,DHVANI,≤100
214536049346,VPIRG,VERMONT PUBLIC INTEREST RESEARCH GROUP,≤100
2309566456030859,Human Coalition Action,Human Coalition,≤100
1533404100317939,Margaret Moore for District Attorney,Margaret Moore Campaign,≤100
109958900610551,AmericanPatrioticHome,AmericanPatrioticHome,≤100
1941010562619332,Curtis Legacy Foundation,John Edward Graybill,≤100
18813753280,Human Rights Campaign,"HUMAN RIGHTS CAMPAIGN, INC.",≤100
1801237890175919,The Denice Gary Show,Denice Garypandol,≤100
262014011153122,Maine Forward,MAINE CENTER FOR ECONOMIC POLICY,≤100
911828698840246,ReLEntless Defender Apparel,ReLEntless Defender Apparel,≤100
175580571641,Out of Print,Out of Print,≤100
738298126313472,John Thomas Political Strategist,The Thomas Guide Show,≤100
196731290352711,MDWCOMM,MDW Communications LLC,≤100
289213691238937,Thrasher Coffee,Thrasher Coffee Co.,≤100
461530314600399,Common Sense American Politics,Common Sense American Politics,≤100
59687083274,UCSB Arts & Lectures,UCSB Arts & Lectures,≤100
30060307711,Rock the Green,These ads ran without a disclaimer,≤100
80080296729,The Greater Boston Food Bank,"GREATER BOSTON FOOD BANK, INC., THE",≤100
101631584556463,Fym2020,FRANCES YASMEEN MOTIWALLA FOR CONGRESS,≤100
109151130456813,The News According To Me,Richard Siegel,≤100
101240613978671,Reggie Jones-Sawyer Sr.,Jones-Sawyer for Assembly 2020,≤100
205795426669644,Facts and Logic about the Middle East,Facts and Logic About the Middle East,≤100
38897314734,The Trust for Public Land,"TRUST FOR PUBLIC LAND, THE",≤100
64064370581,North Texas Food Bank,North Texas Food Bank,≤100
465483726908192,iVote,IVote Civic Education Fund,≤100
118737467661,New York State Department of Labor,New York State Department of Labor,≤100
2045477909082912,Midwest Truth,Midwest Truth Media LLC,≤100
53541257714,The Arc of the United States,"ARC OF THE UNITED STATES, INC., THE",≤100
168109446538119,St. Martin's Press,St. Martin's Press,≤100
680549575421741,UnitedVoice.com,"Beachside Media, Inc.",≤100
1881544935393322,Bobby Bliatout For The Valley,Bobby Bliatout for Congress,≤100
7629206115,The Nation Magazine,"NATION COMPANY, LLC, THE",≤100
2633851376631417,Daniel Quipp - Brattleboro Selectboard,Daniel C Quipp,≤100
13536897444,Corporate Accountability,Corporate Accountability International,≤100
18982436812,ACLU,American Civil Liberties Union,≤100
329893367738313,Yes Cascadia,Yes Cascadia,≤100
567209840427883,Chad Brown for Secretary of State,Chad Brown for Secretary of State,≤100
38882699096,Polaris,POLARIS PROJECT,≤100
100922331367685,Yes on Napa Measure K,"Protect Napa County Water, Parks and Open Space, Yes on Measure K, FPPC# 1421481",≤100
23875187730,Feeding America,Feeding America,≤100
101150021367551,Renee Swann for Congress,Renee Swann for Congress,≤100
183872968312216,Popdust,cleancult,≤100
630841967406196,StepChange Clothing,Joseph Harry Wagner,≤100
148485621883625,40 Days for Life,40 Days for Life,≤100
1452551204988299,GoReact,Speakworks Inc,≤100
444418959099711,Darrell Park for Supervisor,Darrell Park for Supervisor 2020,≤100
108687773798767,"Shut Down DC-Climate Strike Washington, DC",DC Action Fund Corporation,≤100
352527958302,Israel on Campus Coalition,Israel on Campus Coalition,≤100
543066585882629,Libertarian Country,Libertarian Country,≤100
21375324480,The Heritage Foundation,HERITAGE FOUNDATION (THE),≤100
135899876462184,Orange County Employees Association,ORANGE COUNTY EMPLOYEES ASSOCIATION,≤100
122890138436648,Redic For President,Benjamin N Redic,≤100
116534199732974,USA Carry Online,USA Carry Online,≤100
336848256815114,Eyeless on Campus,reconpresseusa,≤100
8002590959,Rainforest Action Network,RAINFOREST ACTION NETWORK,≤100
164098933662135,Dominick Miserandino,Dominick Anthony Miserandino,≤100
723136714746586,The Common Ground Project,"The Common Ground Project, Inc.",≤100
113709270193291,Nurses Trust Bernie,VOTE NURSES VALUES POLITICAL ACTION COMMITTEE: CALIFORNIA NURSES ASSOCIATION,≤100
428197401302854,Boatman for Congress,BOATMAN FOR CONGRESS,≤100
35715544220,Stand.earth,STAND,≤100
156392276602,Strong Towns,Strong Towns,≤100
149223915089170,Conversations on Health Care Radio Show,Gabrielle Marie Pantalena,≤100
433919203362871,Bird + Stone,BIRD & STONE INC,≤100
167968013767335,Julie Oliver,JULIE OLIVER FOR CONGRESS,≤100
112325855474892,Speak Up For Education and Kids,National Education Association,≤100
17801244148,Jill Schupp,SCHUPP FOR CONGRESS,≤100
101103254533,SOS International,SOS International,≤100
112279640235367,Judge Tanisa Jeffers for County Court At Law #4,Tanisa Jeffers Campaign,≤100
394707496275,Threads 4 Thought,Threads 4 Thought,≤100
215689771967950,Plastic Tides,"Plastic Tides, Inc.",≤100
370783806625168,CarsonWatch,PUBLIC ADVOCATES INC,≤100
100391988083233,Triggered Freedom Apparel,Triggered Freedom Apparel,≤100
123857614319417,Texas Nationalist Movement,Texas Nationalist Movement,≤100
662962894077729,The Well News,The Well News,≤100
518413051517496,Friends of Berryessa Schools - Yes on Measure U,"Outstanding Berryessa Schools - YES on U, FPPC# 1424091.",≤100
1745418332339003,Aspire Gear,Aspire Gear,≤100
815410965174024,Troy Brimage for Texas,Troy Brimage Campaign,≤100
1552070021731538,Be Conscious. Be Kind.,Be Conscious. Be Kind.™️,≤100
105619937447910,Manu for Supervisor,Manu Koenig for Santa Cruz County Supervisor 2020,≤100
101210588150219,Boy Scouts Abuse Claims,X Social Media LLC,≤100
196382377057315,Learn Our History,Learn Our History,≤100
96935476345,Democratic Governors Association (DGA),Democratic Governors Association,≤100
108702957217934,"Becky Coletta for State Senate, Plymouth & Barnstable District",Committee to Elect Becky Coletta,≤100
237788366660686,Tax March,Tax March,≤100
46785153750,National Fair Housing Alliance,National Fair Housing Alliance,≤100
112235732143274,Glacier National Park Conservancy,Michael Robert Cantafio,≤100
12301006942,Democratic Party,DNC SERVICES CORP./DEM. NAT'L COMMITTEE,≤100
73528878871,Center for Reproductive Rights,Center for Reproductive Rights,≤100
101757384635840,Jackie Fielder for State Senate 傑基.  菲爾德,Jackie Fielder for State Senate 2020,≤100
249546725064731,ScottCre8ive,Scott J Agnoli,≤100
19192438096,AAAS - The American Association for the Advancement of Science,American Association for the Advancement of Science,≤100
70126113702,Access Fund,Access Fund,≤100
60182072999,Lila Rose,Live Action,≤100
174941115857811,Campaign for Southern Equality,Campaign for Southern Equality,≤100
108079170558988,Judge Josh Newton for Circuit Judge,Josh Newton for Circuit Judge Campaign Committee,≤100
112721400205015,Casey Gray for Congress,CASEY GRAY FOR CONGRESS,≤100
412968318875397,Randy Keating,Keating for Council,≤100
2096116803831566,Live Poll for Democrats: 11:59 P.M. Deadline,Democratic Governors Association,≤100
1401906203153027,Myles Heger for Republican State Committeeman,Red Massachusetts Grassroots Action,≤100
29770886815,Marijuana Policy Project,Marijuana Policy Project,≤100
18067635868,Putney Student Travel,PUTNEY STUDENT TRAVEL INC,≤100
130025717077175,The Orangutan Project,These ads ran without a disclaimer,≤100
108649867230011,Margaret Chen Kercher for Judge,Margaret Chen Kercher Campaign,≤100
135298176481584,Marine Corps Scholarship Foundation,Marine Corps Scholarship Foundation,≤100
28510612138,Uncommon Knowledge,Hoover Institution,≤100
104851617686932,Concealed Country,Concealed Country,≤100
807166662727295,"Republican State Committeewoman Angela Davis, Bristol-Norfolk District",Red Massachusetts Grassroots Action,≤100
510680265702016,Crowned Free,Crowned Free,≤100
241247646424302,Jahana Hayes,FRIENDS OF JAHANA HAYES,≤100
168667859860190,Tarrant County Democratic Party,Tarrant County Democratic Party,≤100
126279571952,Huru International,HURU INTERNATIONAL,≤100
13187955196,Young Americans for Liberty,Young Americans for Liberty,≤100
77903485992,Concerned Women For America LAC,CONCERNED WOMAN FOR AMERICA LEGISLATIVE ACTION COMMITTEE,≤100
173837496125511,Conscious Step,Conscious Step,≤100
1456310534453054,Veteran Loans Online,"LMB OpCo, LLC",≤100
146817005352784,Wellness.com,"Beachside Media, Inc.",≤100
151894654697,Save Our States,"OKLAHOMA COUNCIL OF PUBLIC AFFAIRS, INC.",≤100
804568342964376,2nd Amendment Rights,One Nation Design,≤100
689986317770410,Jesús Andrade for State Senate,Jesús Andrade for State Senate 2020,≤100
113335773562471,President Trump For Re-Election,Great American Era,≤100
1864721517082089,Democratic Attorneys General Association,Democratic Attorneys General Association,≤100
6170309302,Dick Durbin,FRIENDS OF DICK DURBIN COMMITTEE,≤100
102183001200470,Dave Cavell for Congress,CAVELL FOR CONGRESS,≤100
114019869974920,John Harabedian,John Harabedian for Supervisor,≤100
1475056949212605,Charity Mobile,Charity Mobile,≤100
172758932738142,PhRMA,PHARMACEUTICAL RESEARCH AND MANUFACTURERS OF AMERICA,≤100
2259323457517498,Abolish the Electoral College,ABOLISH THE ELECTORAL COLLEGE,≤100
273168429458189,Center for Western Priorities,Center for Western Priorities,≤100
645538035569431,FundKite,AKF Inc. dba FundKite,≤100
110398490470951,Stephen Musselman  Progressive for Howard County Circuit Court Judge,Stephen Joseph Musselman,≤100
6315243665,Faith in Public Life,"FAITH IN PUBLIC LIFE, INC.",≤100
100665411478862,Charlotte for Republican Party Chair of Bexar County,TenX Media,≤100
111428049989,Cal Cunningham,DSCC,≤100
100671838129752,CCW Qualified,Kyle Francis Sekerak,≤100
2406809952939006,Hair to the Chief,"MHGA Holdings, LLC",≤100
1545826148838592,Trump 2020,Gregory Lawrence Burright,≤100
420424547981908,In Search of Liberty,Scott Dennis Welch,≤100
126694924050678,Xavier Becerra,Becerra for Attorney General 2022,≤100
109889733883173,WE GOT TEEZ,RICHARD ANDREW-WITTE COMISKEY,≤100
40102638699,J Street,J STREET INC,≤100
192448150001,Jeff Anderson & Associates,Jeffrey R Anderson PA,≤100
150322194563,PASA Primates: Pan African Sanctuary Alliance,PAN AFRICAN SANCTUARIES ALLIANCE,≤100
384557995468219,Viral Casez,Viral Casez,≤100
130912793621553,Food Bank For New York City,Food Bank For New York City,≤100
111236436913028,Fleur,Fleur,≤100
137459917707,The Brookings Institution,The Brookings Institution,≤100
14413545701,Conservation Law Foundation,"CONSERVATION LAW FOUNDATION, INC.",≤100
385473284886474,Hillsdale College,HILLSDALE COLLEGE,≤100
534775086560447,Rumpl,These ads ran without a disclaimer,≤100
228177263911871,New American Spring,Roger Anthony Farinha,≤100
109021767293838,Making Retirement Last,Making Retirement Last,≤100
118178241651488,DSPolitical,"DSPolitical, LLC",≤100
1502654549792632,Protect Our Care,Sixteen Thirty Fund,≤100
106620157564403,The Dem Shop,Anthony Jason Flack,≤100
1561007084146010,All In Together,Priya Kimberly Elangovan,≤100
221890358218748,Til Valhalla Project,Til Valhalla Project,≤100
6333396177,NewsBusters.org,MEDIA RESEARCH CENTER,≤100
381423518599637,"Hill and Ponton, P.A.","Hill and Ponton, P.A.",≤100
97736029457,Saint Paul Public Library,Saint Paul Public Library,≤100
1025055787535714,A Case for Women,A Case for Women,≤100
46347342434,EMILY's List,EMILY'S LIST,≤100
2068830876573768,Project Divided,Marley Benjamin Urbas Duchovnay,≤100
813271868798761,Ray McKinnon for Mecklenburg County,The Committee to Elect Ray McKinnon,≤100
104853560939069,Ross LaJeunesse for Maine,ROSS FOR MAINE,≤100
100787471467527,Knowyourvote,Knowyourvote,≤100
253791814655400,Doug Collins,"COLLINS FOR SENATE, INC.",≤100
273242612696824,Fresno County Young Democrats,Fresno County Young Democrats,≤100
6726182861,Mike Pence,"DONALD J. TRUMP FOR PRESIDENT, INC.",≤100
100195511560092,Injury Compensation Center,Injury Compensation Center,≤100
999556810102061,Signature Seas,Signature Seas,≤100
500410440069924,Dan "Taxation Is Theft" Behrman for President 2020,COMMITTEE TO ELECT DAN TAXATION IS THEFT BEHRMAN,≤100
104567660952584,Macomb for Kids,Macomb For Kids,≤100
100950401414532,State Committeewoman Judy Crocker,Elect Judy Crocker,≤100
121626482110,Operation Smile,"OPERATION SMILE, INC.",≤100
1023516414456183,Drain the DC Swamp PAC,DRAIN THE DC SWAMP PAC,≤100
128155811565,Wyoming Liberty Group,Wyoming Liberty Group,≤100
110480687148462,"Edward Tedesco, State Committeeman",Red Massachusetts Grassroots Action,≤100
134283193310894,Republican Party of San Joaquin County,Republican Party of San Joaquin County,≤100
101847833191062,Ian Slater,Ian Charles Slater,≤100
350523542184,Trust Women,Trust Women,≤100
411431975550358,Marc Veasey,MARC VEASEY CONGRESSIONAL CAMPAIGN COMMITTEE,≤100
789696478072946,The Liberty Loft,The Liberty Loft,≤100
101591551371555,Fire Mitch. Save America.,SAVE AMERICA FUND,≤100
118944994930,Supervisor Shirlee Zane,Shirlee Ruth Zane,≤100
27311599342,Preemptive Love,Preemptive Love Coalition,≤100
16352157727,Alfred A. Knopf,Penguin Random House LLC,≤100
102326684612174,Parish Moffitt NC House District 82,Committee to Elect Parish,≤100
101784008065542,Commit to Seniors,American Commitment,≤100
2346217618936823,Kendra Horn for Congress,KENDRA HORN FOR CONGRESS,≤100
99056648937,NIAC,NIAC Council,≤100
112604296792930,Jay Shue for Circuit Judge,Jay Shue for Circuit Judge,≤100
374108446391390,Ted Howze for Congress,TED HOWZE FOR CONGRESS 2020,≤100
111098087162502,Pete is Going to Win in 2024,These ads ran without a disclaimer,≤100
100348124774574,Blue Realities,Blue Realities,≤100
8524198486,Physicians Committee for Responsible Medicine,These ads ran without a disclaimer,≤100
111702860231554,Matt Lieberman,Matt Lieberman for Senate,≤100
112420993589373,Young and Old for America,Andrew Joseph Young,≤100
108309913905134,The Greta Thunberg Story Being Different is a Superpower,Sole Books,≤100
386305465057247,Liberty Nation,Liberty Nation,≤100
292351509697,Jerusalem Prayer Team,Jerusalem Prayer Team,≤100
45393753416,Alliance Defending Freedom,Alliance Defending Freedom,≤100
89660729827,National Wildlife Federation Action Fund,NATIONAL WILDLIFE FEDERATION ACTION FUND,≤100
135528903145833,Peter Ohtaki for State Assembly,Ohtaki for Assembly 2020,≤100
1336217249820099,Vermont Term Limits,U.S. Term Limits Inc.,≤100
560140464159364,Stand for the 2nd Amendment,SFT2 Tactical Supply,≤100
13341879933,Organic Consumers Association,ORGANIC CONSUMERS ASSOCIATION,≤100
512954815727434,Jake Ellzey,Jake Ellzey for Texas House,≤100
433364950062784,Power Over Energy,Power Over Energy,≤100
93228695778,Tea Party Patriots,Tea Party Patriots,≤100
266344180585578,Jim Jordan for Congress,JIM JORDAN FOR CONGRESS,≤100
183424985463330,Joe Cunningham,JOE CUNNINGHAM FOR CONGRESS,≤100
311896169406139,Trump 2020 Wear,Trump 2020 Wear,≤100
32802178807,Homes For Our Troops,Homes For Our Troops,≤100
10524821940,National Park Foundation,National Park Foundation,≤100
246491525549550,Education Post,Education Post,≤100
70090474914,American Farmland Trust,"AMERICAN FARMLAND TRUST, INC",≤100
100201718042226,Cory Eli Oshita for Cook County Circuit Judge,Support Cory Eli Oshita for Circuit Court Judge,≤100
49209604726,Vermont Teddy Bear,"VERMONT TEDDY BEAR CO., INC., THE",≤100
279961069348812,Oscar for Selectboard,Oscar Heller,≤100
2225580284361712,Tommy Tuberville,"TUBERVILLE FOR SENATE, INC.",≤100
132492254050920,American AF,AAF Nation,≤100
115444560008687,Equity Driven Democrats,Equity Driven Democrats,≤100
182658925089088,FINCA,"FINCA INTERNATIONAL, INC.",≤100
66926603938,American Zionist Movement,"AMERICAN ZIONIST MOVEMENT, INC.",≤100
68771922854,Essence,Shaelyne Antonia Moodie,≤100
269719197271294,Accountable.US,Accountable.US,≤100
222100221285943,Just Sockz,JustSockz,≤100
102617961152741,Barbara Bollier,Bollier for Kansas,≤100
197340437494901,Real VT News,Rescue Vermont,≤100
551158678560402,Epimonia,Epimonia LLC,≤100
109168517144555,Mike Denton,Mike Denton Campaign,≤100
130025717077175,The Orangutan Project,"ORANG UTAN REPUBLIK FOUNDATION, INC.",≤100
100454114890902,Wise Choice 2020,Wise Choice 2020,≤100
586751814690068,Joni Ernst,Joni for Iowa,≤100
44224524016,American Kidney Fund,"AMERICAN KIDNEY FUND, INC.",≤100
306591716448427,Cindy Axne,CINDY AXNE FOR CONGRESS,≤100
100528478183204,Savvy Market Picks,Savvy Market Picks,≤100
678900828863555,IfNotNow,If Not Now Movement,≤100
112463982125496,Maryland State Education Association,MARYLAND STATE EDUCATION ASSOCIATION,≤100
109712673845685,Alliance for Charitable Excellence,Alliance for Charitable Excellence,≤100
151235561684871,The Mama Bear Effect,mamabeareffect,≤100
1610834479233860,Fight For Reform,End Citizens United Non-federal,≤100
2681078191918286,Deplorables The Game,Shutemdown LLC,≤100
111417456906008,Re-Elect Commissioner Meyers,Andy Meyers Campaign,≤100
100461498036438,steinhart.frank,These ads ran without a disclaimer,≤100
1234251319933440,Exclusive Apparel,The Dude's Designs,≤100
1585761838387907,Unity College Online,Unity College,≤100
115525519830230,ישראל שלנו - Israel Shelanu,Yaakov Cohen,≤100
2240258106195469,Kennon Wooten for Judge,Kennon Wooten for Judge,≤100
48818254473,Alexander Street,PROQUEST LLC,≤100
53727956260,Republican Jewish Coalition,Republican Jewish Coalition,≤100
106704780840515,"Car-some, Awesome",Rickey Laquan Calvin,≤100
18017481462,Acton Institute,Acton Institute,≤100
80865461794,Public Service Company of Oklahoma (PSO),Whitney Shawn Emerick,≤100
79743808136,NAIS -- National Association of Independent Schools,"NATIONAL ASSOCIATION OF INDEPENDENT SCHOOLS, INC.",≤100
345504286342057,Keeping America Great Again,RightWingGear.com,≤100
1099478666810053,Meals For Pets,Meals for Pets,≤100
112600915451330,No Labels,No Labels,≤100
1503295233268493,Lebowski Lovers,The Dude's Designs,≤100
525171637666780,Sandy Piña California Delegate,RCR,≤100
590268577988919,"Kim Souza, Hartford VT Selectboard",Kimberly A Souza,≤100
992427717580796,Bunnies Hot Tips,Sharolyn Denise Forbes,≤100
417199565739561,GOPCult,Harsaheb Dhall,≤100
73970658023,International Rescue Committee,International Rescue Committee,116
6236054211,Brady,Brady Campaign to Prevent Gun Violence,≤100
334925200513155,Justin Berry for Texas HD 47,Justin Berry For Texas House,≤100
111824001908,Hakeem Jeffries,JEFFRIES FOR CONGRESS,≤100
116480163071468,VVandr Bobbles,Moses Ostreicher,≤100
120333829372239,Salvos,Salvos,≤100
103348724514356,Abbasi for Supervisor 2020,Abbasi For Supervisor 2020,≤100
190987118163092,Connected Clothing Company,Connected Clothing Company,≤100
174754989846475,NewDem Action Fund,New Democrat Coalition Action Fund,≤100
109113597307292,Kern Democrats Slate,Kern Democrats Slate,≤100
21559454473,FAIR,FEDERATION FOR AMERICAN IMMIGRATION REFORM,≤100
467804929927622,Jason Smith,JASON SMITH FOR CONGRESS,≤100
348973409274904,Velvet Hamster,Velvet Hamster,≤100
375760676281438,Mermaid Straw,Mermaid Straw,≤100
21834534343,Volunteers of America,"VOLUNTEERS OF AMERICA, INC.",≤100
107925864067328,RightSize2020,RightSize2020,≤100
304750332920654,Carl DeMaio,CARL DEMAIO FOR CONGRESS,≤100
25121889784,Texas Public Policy Foundation,Texas Public Policy Foundation,≤100
324119001078997,"Sanford Heisler Sharp, LLP","Sanford Heisler Sharp, LLP",≤100
1691667177798461,Brut,Brut,≤100
296438217073791,11th Hour Racing,11th Hour Racing,≤100
34362997676,United States Holocaust Memorial Museum,UNITED STATES HOLOCAUST MEMORIAL MUSEUM,≤100
548407915183371,Liz Cheney,Liz Cheney for Wyoming,≤100
103285009618,Tennessee Entertainment Commission,Tennessee Entertainment Commission,≤100
49414386380,Ilegal Mezcal,Ilegal Mezcal,≤100
111531370343439,Gil Pagan For Wake County,Gil For Wake,≤100
1849483715167852,Firefly Engagement,"Firefly Engagement Services, Inc.",≤100
107036421410,National Safety Council,NATIONAL SAFETY COUNCIL,≤100
144850842237429,Independentvoting.org,Independent Voting (IndependentVoting.org),≤100
2352630938293825,Mytacticalpromos,Entremax,≤100
104504438466,Federal Voting Assistance Program - FVAP,Federal Voting Assistance Program (FVAP),≤100
169830155029,m/Oppenheim Associates,m/Oppenheim,≤100
236369846383459,Congressional Black Caucus PAC,Congressional Black Caucus PAC,≤100
296093157932840,The Fulcrum,Issue One,≤100
2406284459692230,Bees4Seas Natural Beeswax Food Wrap,Melissa Marie Eastin,≤100
107544687455154,Michael Talbott for Rutland City Alderman,Michael P Talbott,≤100
2330577043935831,Sara Gideon,SARA GIDEON FOR MAINE,≤100
156968474833352,Stop Republicans,Stop Republicans,≤100
59877921429,Lutheran Immigration and Refugee Service,"LUTHERAN IMMIGRATION AND REFUGEE SERVICE, INC.",≤100
81517275796,UNICEF USA,UNITED STATES FUND FOR UNICEF,≤100
110318730393248,US speaking society,These ads ran without a disclaimer,≤100
21472760578,C-SPAN,C-SPAN,≤100
777657635932867,Blessings Through Action,Blessings Through Actions,≤100
15503839732,Peter G. Peterson Foundation,Peter G. Peterson Foundation,≤100
1266607793492739,"Godfrey Santos Plata for CA State Assembly, District 53","Plata for Assembly 2020, #ID1417528",≤100
7192716362,Amnesty International USA,Amnesty International USA,≤100
729627343834501,Kialo,Kialo,≤100
1417599265225727,Southwestern Medical Foundation,Collin M Quick,≤100
9284565026,Bike & Build,BIKE & BUILD INC,≤100
720943967965149,AFSCME Retirees,AMERICAN FEDERATION OF STATE COUNTY & MUNICIPAL EMPLOYEES,≤100
7609325759,Jim McGovern,RE-ELECT MCGOVERN COMMITTEE,≤100
138141366212571,Gravis Marketing,GRAVIS MARKETING INC.,≤100
54580146753,Faith in Action,Faith in Action,≤100
213792049451918,Stand For America Now,Stand For America Inc,≤100
15687409793,World Wildlife Fund,World Wildlife Fund,≤100
112454848794673,Community Food Bank of Southern Arizona,"COMMUNITY FOOD BANK, INC.",≤100
6851405967,CREDO Mobile,"CREDO MOBILE, INC.",≤100
117058854998779,The Gideons International,"GIDEONS INTERNATIONAL, THE",≤100
109274930500934,Tyson For NC House,Tyson for NC House,≤100
72931140459,Center for Biological Diversity,"CENTER FOR BIOLOGICAL DIVERSITY, INC.",≤100
8934429638,Planned Parenthood Action,Planned Parenthood Action Fund,≤100
5435784683,Greenpeace USA,"GREENPEACE, INC.",≤100
201031876608118,Communications Workers of America - Next Generation,"COMMUNICATIONS WORKERS OF AMERICA, AFL-CIO, CLC",≤100
186932688457686,CHNGE,CHNGE,≤100
304062610300415,VozWire,Gregson E Mathe,≤100
172552106115265,Patheos Evangelical,Patheos Evangelical,≤100
1690240034454817,BDS Report,BDS Report,≤100
28144169620,Alliance for Aging Research,Alliance for Aging Research,≤100
162695894106234,Co-ops Vote,National Rural Electric Cooperative Association,≤100
136299005939,Heifer International,HEIFER PROJECT INTERNATIONAL,≤100
784658445076447,JohnCheckforhouse,John Check for House,≤100
299030337168976,Commissioner Angelo Castillo,"Angelo Castillo, Non-Partisan, for Pembroke Pines Mayor",≤100
2072638396208222,Adam's Nest,"PTOWNLOVESHACK, LLC DBA Adam's Nest",≤100
100935474627180,Lisa Savage for US Senate,LISAFORMAINE,≤100
589476101534866,American Progressives,Alan Mislove,≤100
325771844133731,Mike Gipson,Gipson for Assembly 2020,≤100
540389016310346,Kathaleen Wall,KATHALEEN WALL FOR CONGRESS,≤100
1836138529938551,Greater Half,Billy Benson,≤100
253507715172780,Andy Levin,ANDY LEVIN FOR CONGRESS,≤100
333081284065216,Brynne Kennedy for Congress,BRYNNE KENNEDY FOR CONGRESS,≤100
342294162453301,Planned Parenthood,Planned Parenthood Federation of America,≤100
309962672389562,AmeriCorps,Corporation for National and Community Service,≤100
1928070720628350,Brian Rusch,Brian Christopher Rusch,≤100
303374266418976,AFPM,American Fuel & Petrochemical Manufacturers,≤100
657708380952174,Voices of the Civil Rights Movement,Comcast,≤100
110031723895365,Living As One Now,Lynn Nguyen,≤100
6756153498,Mike Bloomberg,Mike Bloomberg 2020 Inc,3467
105876520967285,Spirit of Democracy,Spirit of Democracy California,≤100
56332452163,AMA Patients Action Network,American Medical Association,≤100
196021640986783,Cristina Tzintzun Ramirez,CRISTINA FOR TEXAS,≤100
341715643214947,The Last House Standing,Joseph George Siegal,≤100
301228420816284,Teresa Leger Fernandez,TERESA FOR ALL,≤100
113401826751064,Jim DeBello,DEBELLO FOR CONGRESS,≤100
6240652407,Young America's Foundation,YOUNG AMERICA'S FOUNDATION INC,≤100
1765222000389393,Jill Karofsky for Justice,Jill for Justice,≤100
420785874975425,Conservative Institute,The Conservative Institute,≤100
493811210669780,Creative Action Network,Creative Action Network,≤100
483560265149399,Joan Hartmann for Third District Supervisor,Joan Hartmann for Supervisor 2020,≤100
993668450793555,Alliance for Housing Justice,PUBLIC ADVOCATES INC,≤100
107888314009005,Earrings for Hearing,Earrings For Hearing,≤100
207901812670026,theSkimm,"TheSkimm, Inc",≤100
272565456712768,Bloomberg Government,"BUREAU OF NATIONAL AFFAIRS, INC., THE",≤100
342887442508723,Convention of States,Convention of States Action,≤100
108777231824,Manhattan Institute for Policy Research,MANHATTAN INSTITUTE FOR POLICY RESEARCH INC,≤100
134452023239984,Human Coalition,Human Coalition,≤100
110749446963570,Courier,Courier Newsroom,≤100
2070944712939738,American Police Officers Alliance,American Police Officers Alliance,≤100
191210710930194,Susan Talamantes Eggman for State Senate,Susan Eggman for State Senate,≤100
109784800371914,Protect Kids: Fight Flavored E-Cigarettes,TOBACCO-FREE KIDS ACTION FUND,≤100
1194865807192273,Conservative Gear,Outergoods LLC,≤100
313842111853,Patrick McHenry,McHenry For Congress,≤100
200245357422636,Unpolitically Correct,Unpolitically Correct,≤100
399067003454888,Sudan Relief Fund,Sudan Relief Fund Inc,≤100
530604487365010,Old Glory Flagpole Kits,Service First Flag Poles,≤100
102078704686512,Nancy Stanton Cross Republican State Committeewoman,Red Massachusetts Grassroots Action,≤100﻿
114008535880,Foundation for Individual Rights in Education,FOUNDATION FOR INDIVIDUAL RIGHTS IN EDUCATION,≤100
1600352356914768,PushBlack,PushBlack,≤100
21492729544,Catholic Relief Services,CATHOLIC RELIEF SERVICES - UNITED STATES CONFERENCE OF CATHOLIC BISHOPS,≤100
102548631287205,Keep America Great Coin 2020,Keep America Great Coin 2020,≤100
907919839243616,My Faith Votes,My Faith Votes,≤100
240509379437127,Shawn Dooley State Representative,Red Massachusetts Grassroots Action,≤100
211575795534483,Ohio Nature Conservancy,Nature Conservancy,≤100
209038435961062,Stand with Judge Roy Moore,JUDGE ROY MOORE FOR US SENATE,≤100
9514417573,David N. Cicilline,CICILLINE COMMITTEE,≤100
85452072376,Newsmax,Newsmax Media,≤100
596556607135301,The Earthling Co.,Educated Earthling,≤100
336448507217150,Chris Lewis for U.S. Congress,FRIENDS OF CHRIS LEWIS,≤100
103108651267478,Joyce Paul for State Committee,Red Massachusetts Grassroots Action,≤100
105836824266252,TORAH from SINAI,These ads ran without a disclaimer,≤100
39432041915,Capital Research Center,CAPITAL RESEARCH CENTER INC,≤100
348602605618510,Invidme,InVidMe,≤100
2126347230725979,Not Putting on a Shirt,Not Putting on a Shirt,≤100
289216861751561,Path to 100,"Solar Energy Industries Association, Inc",≤100
613924535450605,Daniel L. Hatcher,Daniel Landon Hatcher,≤100
343175436328856,CA Needs Energy Storage,California Alliance for Renewable Energy Solutions,≤100
2188424341404612,Project Ready,Project Ready,≤100
237477017606,Club for Growth,Club for Growth,≤100
125319303823,Champlain College,Champlain College Incorporated,≤100
28889108258,Gospel for Asia,"GOSPEL FOR ASIA, INC.",≤100
394817334402124,2020 Trump Bill,Innovative Ecomm LLC,≤100
1505244559517282,Colin Allred,COLIN ALLRED FOR CONGRESS,≤100
7100914121,American Experience | PBS,WGBH EDUCATIONAL FOUNDATION,≤100
293225127381200,Patriot Depot,The Patriot Depot,≤100
1387062348242626,ProgressNow Arizona,ProgressNow AZ,≤100
1385294418360578,Linda Koop,KOOP FOR TEXAS,≤100
137051766452,Purusha People Clothing,Purusha People,≤100
362070734130110,Give Trump A Chance,David Slossberg,≤100
1336293769761923,Jon Ossoff,JON OSSOFF FOR SENATE,≤100
110309607045916,Lisa Scheller,"Scheller for Congress, Inc.",≤100
514167322309353,Dan Crenshaw,Dan Crenshaw for Congress,≤100
497348647140658,Point Source Youth,Point Source Youth,≤100
612484949138774,Bradley Center for Natural and Artificial Intelligence,Robert Leonard Ii Crowther,≤100
1643757559196160,Rail Customer Coalition,"AMERICAN CHEMISTRY COUNCIL, INC.",≤100
661744180680367,National Police Association,"NATIONAL POLICE ASSOCIATION, INC.",≤100
100179808132206,Resonation,Resonation Inc,≤100
182079698493370,Portside,Portside,≤100
298827966811602,Trump Recession,Maurice Lane Ponsart,≤100
354329797956187,The Catholic Association,"The Catholic Association, Inc",≤100
247685485360819,South Bay Young Democrats,Southbay Young Democrats,≤100
108777600590194,Patrick Stanton for GOP State Committeeman,Red Massachusetts Grassroots Action,≤100
134845259917779,Rock 'Em Socks,Rock 'Em Socks,≤100
124955570892789,Bernie Sanders,BERNIE 2020,1034
1937171279661046,Margaret Good,MARGARET GOOD FOR CONGRESS,≤100
592707041080920,Stand Together,Stand Together Chamber of Commerce Inc.,≤100
434616383688551,Ocean & Co.,Ocean & Co,≤100
1690071827911682,Cleancult,cleancult,≤100
466164103423147,Thorn,Thorn with Facebook Ad Credits,≤100
252745415616347,Republicans for Bernie,John Derrick Bowen,≤100
440850842779072,DuPage Policy Journal,Local Government Information Services,≤100
112767930190251,Kay Granger Campaign,KAY GRANGER CAMPAIGN FUND,≤100
252528708986554,Kenya Taylor For Supervisor 2020,Kenya Taylor for Supervisor 2020,≤100
135403221037,City Journal,City Journal,≤100
105044144410490,Hot Gear Trends,SI Technews,≤100
100215234868091,Brian Burke for Republican State Committee,Red Massachusetts Grassroots Action,≤100
143173285763,Tenth Amendment Center,Tenth Amendment Center,≤100
67011831040,Canon Press,Canon Press,≤100
138656902866992,The Daily Evolver,Daily Evolver,≤100
113946520165958,Anticom Media,Anticom Media,≤100
28446275521,Military Officers Association of America (MOAA),Military Officers Association of America,≤100
106029154202945,Trump Champion,Trump Champion,≤100
211211155280,Esri,Esri,≤100
1604364886537751,Gray Management Inc./ 336 Records Publishing,Gary Garnell Gray,≤100
2377166239179411,Nancy Goroff for Congress,Goroff for Congress,≤100
54787697857,Ron Wyden,WYDEN FOR SENATE,≤100
106526980840322,Medina For Constable Pct #4,Louie Medina,≤100
51379424899,Mercy Ships,MERCY SHIPS INTERNATIONAL,≤100
107782110749303,"Gee Singh, Write In Candidate, Glenn County Supervisor District #5",Gee Singh For Glenn County Supervisor District #5,≤100
711478725532801,Civiqs,Civiqs,≤100
11602044174,Independent Women's Forum,Independent Women's Forum,≤100
598924810530984,Keeping America Great,FamTeeWorld,≤100
26006662641,Arizona Democratic Party,Arizona Democratic Party,≤100
87777747127,Greg Palast,Palast Investigative Fund,≤100
181183059253295,Dorsal Bracelets,Dorsal Bracelets,≤100
175034712516314,WaterAid America,WaterAid America,≤100
390560688135747,Public Editor Press,"Public Editor Press, Inc",≤100
105561217523274,The_Dispatch,"Dispatch Media, Inc.",≤100
340645001925,San Diego County Democratic Party,SAN DIEGO COUNTY DEMOCRATIC PARTY (FED. ACCT.),≤100
292018201259366,We Raise Foundation,WE RAISE FOUNDATION,≤100
107761702578379,American Institute for Cancer Research - AICR,American Institute for Cancer Research,≤100
598830780279445,Say Yes to MCC,Say Yes to MCC,≤100
30618466815,Pacific Legal Foundation,Pacific Legal Foundation,≤100
7962229886,Environmental Working Group,ENVIRONMENTAL WORKING GROUP,≤100
1145019702185006,Alliance for Safety and Justice,Alliance for Safety and Justice,≤100
514442968569467,Northern Illinois Food Bank,NORTHERN ILLINOIS FOOD BANK,≤100
1925751504337881,MJ for Texas,MJ FOR TEXAS,≤100
807928599580142,JAKE JEONG for Los Angeles County Supervisor,Hye Kyung Joung,≤100
114815188528887,Neighborhood Nurse,Kristina Anne Larsen,≤100
186108419168,SEIU Local 503,"SERVICE EMPLOYEES INTERNATIONAL UNION LOCAL 503, OREGON PUBLIC EMPLOYEES UNION",≤100
104686564209483,I Want My Mommy A Parent's Guide to Child Care and Education,Cameron Kidston,≤100
388475271497575,The Trump Revolution,Dora Louise Collier,≤100
108637660597586,victoria_zirkiev,These ads ran without a disclaimer,≤100
473227436105637,American Jewish Congress,American Jewish Congress,≤100
6266829799,Sherrod Brown,FRIENDS OF SHERROD BROWN,≤100
885797821467046,Joyous Organics,Ronald Lee Yates,≤100
57259033959,AARP,AARP,≤100
332172544231683,America's Plastic Makers,"AMERICAN CHEMISTRY COUNCIL, INC.",≤100
317667194946264,Ro Khanna,RO FOR CONGRESS INC,≤100
110707597007287,Mike Larsen for Congress,Friends of Mike Larsen,≤100
109295990419284,Esther For Congress,ESTHER FOR CONGRESS,≤100
277005566267077,Blueland,Blueland,≤100
174866249236469,Tulsi Gabbard,TULSI NOW,≤100
170330057884,Vermont Progressive Party,Vermont Progressive Party,≤100
1950319871930431,Special Gift,These ads ran without a disclaimer,≤100
108177347380482,Market Watch,Smart Market Tips,≤100
566008736785269,Be Heard Project,Be Heard Project,≤100
114467748592136,RacingUSA.com,William David Carrington,≤100
511235549007985,PRJKT RUBY,PRJKT RUBY,≤100
1562290543991677,Alliance for a Healthy Kansas,Community Care Network of Kansas,≤100
17432811417,Working Families Party,Working Families Party National Independent Expenditure Committee,≤100
556344894736772,"New England, New Energy",Energy Media,≤100
69118604016,Carnegie Institution for Science,Carnegie Institution for Science,≤100
103731291163629,Mike Case State Commiteeman,Red Massachusetts Grassroots Action,≤100
114147563346577,The Paleoconservative,Eric Lance Mccain,≤100
309308412520731,Sandy Hook Promise,Sandy Hook Promise,≤100
84280132559,American Legislative Exchange Council,AMERICAN LEGISLATIVE EXCHANGE COUNCIL,≤100
197760674021143,Indivisible Guide,INDIVISIBLE ACTION,≤100
324850063717,Win Without War,Win Without War Education Fund,≤100
165987503528599,Lindsey Graham,"TEAM GRAHAM, INC.",≤100
103907624408152,Catalist,CATALIST L.L.C.,≤100
336470580233523,Pins and Aces Golf Co.,US Craft Brands LLC,≤100
1451520385099902,Equal Voice Action,Equal Voice Action,≤100
431001283775746,Sam Nation,Sam Nation,≤100
405660130044489,SavingNature,Saving Nature,≤100
7341997111,Conservation International,Conservation International,≤100
340583536575643,Shawn Terry for Texas HD108,Shawn for Texas,≤100
1316308285142040,Planet Home,"Equilibrium Management, LLC",≤100
589787637733608,Scherie S. Murray,SCHERIE MURRAY FOR CONGRESS,≤100
6231686654,Compassion International,"COMPASSION INTERNATIONAL, INCORPORATED",≤100
2315161412139966,Jacobs for Congress,JACOBS FOR CONGRESS,≤100
83960796709,Institute for Southern Studies,INSTITUTE FOR SOUTHERN STUDIES INC,≤100
336440323158789,Jack Burkman Radio,Jack Burkman Radio,≤100
30708742052,FCTRY,FCTRY,≤100
375307592830342,The Veterans Advocacy and Benefit Association,VABA LLC,≤100
1224106861035505,Resistbot,Resistbot Action Fund,≤100
338855069522459,Im Tirtzu,Im Tirtzu,≤100
397130463730560,MOVE Texas,MOVE Texas Action Fund,≤100
102619234665360,Rosenquest for Mayor,Christopher Charles Rosenquest,≤100
1115949995266000,Paras Parekh For Lake County Board - District 12,Paras Parekh,≤100
309798029121030,Everytown for Gun Safety,Everytown for Gun Safety Action Fund Inc,≤100
106531967593301,Fairness First,Fairness First,≤100
1413858742171052,Melinda Gates,Melinda Gates,≤100
152766071443309,The City University of New York,The City University of New York,≤100
103664744402353,Medicare Saviors,Sean Thomas Hofmans,≤100
303061950155375,John James,"JOHN JAMES FOR SENATE, INC.",≤100
1701899883357807,Seed Your Future,Seed Your Future,≤100
174046949421616,Phenomenal Woman Action Campaign,Phenomenal Woman Action Campaign,≤100
96171427550,Raja for Congress,FRIENDS OF RAJA FOR CONGRESS,≤100
305107172859194,Defeating Trump and the Republican Party,"Voices of Health Care Action, a project of Gamechanger Networks",≤100
808450969246896,"Rebecca Walser, Tax Attorney, CFP",Walser Wealth Management,≤100
521010658436453,Mike Ghassali For Congress,GHASSALI FOR CONGRESS,≤100
408252582872693,Daniella Levine Cava,"Daniella Levine Cava, Non-Partisan, for Miami-Dade County Mayor",≤100
95356211637,Ben Ferguson,Ben Ferguson show,≤100
616507365386105,Top Conservative,Eric Brian Rosenberg,≤100
101907961347822,Friends of Val Verde Schools - Yes on Measure C,"Friends of Val Verde Schools - Yes on Measure C, FPPC# 1423767",≤100
265045056894488,Mark Meckler,Convention of States Action,≤100
169277310432049,"Texas Precision Optics, Inc.",Texas Precision Optics Inc,≤100
1737556389685016,Good Money,Good Money,≤100
214826488544615,San Mateo County Republican Party,San Mateo County Republican Party,≤100
468906559794011,LaunchGood,LaunchGood Inc.,≤100
101336841260036,The Christie Institute for Public Policy,The Christie Institute for Public Policy Inc.,≤100
639286346085573,Gordon C Andrews,Red Massachusetts Grassroots Action,≤100
2072089876250719,Backpage Investigation,X Social Media LLC,≤100
100809994773420,Trump 2020 Swag,Trump Swag USA,≤100
1418907401547906,Rescü,"Rescu, LLC",≤100
205238189588054,"Race, Racism and the Law",Professor Vernellia Randall,≤100
328853823844484,Balance of Power,Balance of Power,≤100
274290832609763,Protect Our Defenders,Protect Our Defenders Foundation,≤100
259130650776119,Mitch McConnell,MCCONNELL SENATE COMMITTEE,≤100
667097380056109,Bernie Sanders - We Shall Overcome,Todd R. Lockwood Works,≤100
104006944272732,Honest Arizona,Advancing AZ,≤100
160389977329803,ATTN:,ATTN: INC.,≤100
304174600459936,Front Porch Sense,Marnie Lynn Kuhns,≤100
193618220508,LIFE Today,LIFE Outreach International,≤100
527517893943355,Worldstrong Athletics,Worldstrong Athletics,≤100
137662367278,League of Women Voters of the U.S.,LEAGUE OF WOMEN VOTERS OF THE UNITED STATES,≤100
351310239372,Associated Republicans of Texas,Associated Republicans of Texas,≤100
27461595703,Carbonfund.org Foundation,829 Studios LLC,≤100
106641210826839,The Facts About Darrell Issa,CARL DEMAIO FOR CONGRESS,≤100
12357407443,American Friends Service Committee,AMERICAN FRIENDS SERVICE COMMITTEE,≤100
23996308754,Senate Conservatives,SENATE CONSERVATIVES FUND,≤100
15771560300,Earthjustice,EARTHJUSTICE,≤100
107334019308912,Olive Crest - USA,OLIVE CREST,≤100
7642602143,Mother Jones,FOUNDATION FOR NATIONAL PROGRESS,≤100
6072343558,Center for American Progress,CENTER FOR AMERICAN PROGRESS,≤100
2092316420802349,You've got to be kidding me,Active 7 Warehouse,≤100
109092142462587,Adam Schiff,SCHIFF FOR CONGRESS,≤100
104679177804089,45 Changes Lives,Jeffrey Osinski,≤100
104027894318612,Inclusion2020,Inclusion2020,≤100
111663158887300,Tacoma Rescue Mission,"RESCUE MISSION, THE",≤100
380243416105600,Geanie Morrison,Geanie Morrison Campaign,≤100
145380305523723,Secure America Now,Secure America Now,≤100
100628841338430,Hays for Congress,HAYS FOR CONGRESS,≤100
106120240940046,Zaehringer 4 Judge,George Martin Zaehringer,≤100
7263476274,Mercy Corps,Mercy Corps,≤100
101317101242156,Make America Kind Again,Benevolently,≤100
2294830990636604,Streets For All,Streets For All,≤100
356482637745012,Stansberry Research,Stansberry Research,≤100
117362515005706,The Bowery Mission,The Bowery Mission,≤100
166618413413767,Jay Sekulow,American Center for Law and Justice,≤100
107929979247766,Teacher's Discovery,Charles Ho Dert Verhey,≤100
106334117471036,Anbaric,Anbaric Development Partners,≤100
64343851262,National Catholic Reporter,"NATIONAL CATHOLIC REPORTER PUBLISHING COMPANY, THE",≤100
83290028957,Care Net,CARE NET,≤100
605168822998856,314 Action,314 ACTION FUND,≤100
145913185948648,"TREE GOAT MEDIA, LLC","Tree Goat Media, LLC",≤100
9538894955,John F. Kennedy Presidential Library and Museum,"John Fitzgerald Kennedy Library Foundation, Inc.",≤100
108034187459089,Yes on H for Sac City Schools,"Yes on Measure H to Repair and Upgrade Local Schools, FPPC# 1423497",≤100
111428049989,Cal Cunningham,CAL FOR NC,≤100
151883078314516,NationSwell,NationSwell,≤100
356501381631264,Jerusalem Post,Diane Elise Haner,≤100
161879897191723,EarthX,EarthX,≤100
167586229923327,World Food Program USA,World Food Program USA,≤100
100872898092765,Tom Leonard for State Committee,Red Massachusetts Grassroots Action,≤100
142957224352,International Medical Corps,International Medical Corps,≤100
8047221596,Save the Children US,"SAVE THE CHILDREN FEDERATION, INC.",≤100
1166660030079480,National Democratic Redistricting Committee,National Democratic Redistricting Committee,≤100
910055409088769,Syrian Forum USA,Syrian Forum USA,≤100
222811984421691,Cold Bee Gone,Joyce K C None Dales,≤100
101481584557260,Help Asheville Bears-HAB,Heather Christina Williams,≤100
174009339411865,SmartNews,"SmartNews International, Inc.",≤100
487569614682924,CAPP USA,Yellow Line Productions LLC,≤100
837749476375937,Darrell Hale - Collin County Commissioner Precinct 3,Friends of Darrell Hale,≤100
187912903933,Socialist Alternative,Socialist Alternative,≤100
410659902474456,"Andy Maslen, Kindle Storyteller Award Shortlisted Author",These ads ran without a disclaimer,≤100
386280348647138,"Rebecca Parson for Congress, WA-06",REBECCA PARSON 2020,≤100
2605176596166384,Amy Meredith for Judge,Amy Meredith Campaign,≤100
366351973736242,Red Rock Secured,Red Rock Secured,≤100
302504710102202,USUnited,Jeannette L Hoyt,≤100
121731445898409,I Love Great Deals,Roberto None Lugo,≤100
101968561346087,Jillian Scannell for Ward 1,Scannell for Ward One,≤100
97466887664,Innocence Project,"INNOCENCE PROJECT, INC., THE",≤100
27544763621,Prison Fellowship,Prison Fellowship,≤100
1399926390134311,Nature's Generator,Huntkey USA Inc,≤100
1438808983108348,BOLD PAC,CHC BOLD PAC,≤100
105735397284,United States Conference of Catholic Bishops,UNITED STATES CONFERENCE OF CATHOLIC BISHOPS,≤100
355148051693804,Torres Targets,Torres Targets,≤100
107647202592570,AARP NH,AARP,≤100
591143641394911,Theresa Kohlhoff For Lake Oswego Mayor,Theresa for Lake Oswego Mayor,≤100
405469100189512,Still My President - Donald Trump,Red State Politics LLC,≤100
105556394228711,Republican Authority,Republican Authority,≤100
1711465445765878,Nancy Pelosi,NANCY PELOSI FOR CONGRESS,≤100
194377127954,Ladders,These ads ran without a disclaimer,≤100
24126948070,PrintPlace,"Digital Room, Inc.",≤100
240425642652222,South Florida Wildlands Association,South Florida Wildlands Association,≤100
286765578022499,Scobar,Scott M Barber,≤100
110084740444015,The Artist Out,The Artist Out,≤100
202626512363,U.S. Census Bureau,U.S. Census Bureau,214
289359554914740,We Have A Stake,The ANCOR Foundation,≤100
106010520990886,Citizens for AI Safety PAC,Citizens for Artificial Intelligence Safety Political Action Committee,≤100
116546288359245,Heritage Action for America,HERITAGE ACTION FOR AMERICA,≤100
636440989754325,Netamaker,Careventuresindia Inc,≤100
11131463701,truth,TRUTH INITIATIVE FOUNDATION,≤100
96159580682,Maine Democratic Party,MAINE DEMOCRATIC PARTY,≤100
627928087343042,Representative Mickey Dollens,Mickey Dollens for State House 2020,≤100
533347293669517,Great American Era,Great American Era,≤100
111182343682003,Certified CCW,CertifiedCCW.com,≤100
627951147293090,FatFinger,Fat Finger LLC,≤100
1439364926329185,Animal Matters,Animal Matters,≤100
165566613453452,ERLC,ETHICS AND RELIGIOUS LIBERTY COMMISSION OF THE SOUTHERN BAPTIST,≤100
192771954102960,Jordan Sekulow,American Center for Law and Justice,≤100
7292655492,MoveOn,MOVEON.ORG POLITICAL ACTION,≤100
15239367801,The Wilderness Society,"WILDERNESS SOCIETY, THE",≤100
58691227283,The New York Young Republican Club,The New York Young Republican Club,≤100
100887404782458,Puns For President,Puns For President,≤100
19746387261,Humane Society International,Humane Society International,≤100
259632267542,Zionist Organization of America,Zionist Organization of America,≤100
177608652618,VirtualJerusalem.com,J Media Global LLC,≤100
6726182861,Mike Pence,TRUMP MAKE AMERICA GREAT AGAIN COMMITTEE,≤100
223108721634736,Dump Trump,IT STARTS TODAY,≤100
17274984050,Consumer Reports Advocacy,Consumer Reports Inc,≤100
567371470277443,The Wilderness Society Action Fund,The Wilderness Society Action Fund,≤100
213998472307,Hoosier Environmental Council,"HOOSIER ENVIRONMENTAL COUNCIL, INC",≤100
113040043498170,Tulcan For Judge 2020,Tulcan for Judge 2020,≤100
1600562666931906,Erik Underwood for Colorado,Erik Monroe Underwood,≤100
112914570241993,Smart Investor Tips,Smart Investor Tips,≤100
108118933908193,Next Level Goods,Next Level Goods LLC,≤100
80668957414,GoSili,SiliKids Inc.,≤100
106968690805026,Sima for Texas,SIMA FOR TEXAS,≤100
290851614930809,Combat AntiSemitism,Combat Anti-Semitism,≤100
106241024214152,American Home Life Periodical,Steven Luu Nguyen,≤100
175068270105,Seattle's Union Gospel Mission,SEATTLE'S UNION GOSPEL MISSION,≤100
167818016571872,Ann & Robert H. Lurie Children's Hospital of Chicago,Ann & Robert H. Lurie Children's Hospital of Chicago,≤100
1809715209318581,Marjorie Taylor Greene for Congress,GREENE FOR CONGRESS,≤100
333259590350049,Yachtsman Condo Rentals,"CIL Digital Marketing, LLC",≤100
111580587019589,"Stay Green, Keep SMART 2020","Stay Green, Keep SMART 2020 - YES on I, Committee major funding from Federated Indians of Graton Rancheria",≤100
279599502172409,Patriot Mobile,Patriot Mobile,≤100
44705166993,Vote.org,Vote.org,≤100
281937548504046,Mike Schofield,Mike Schofield Campaign,≤100
141269525933538,Democrats for Education Reform,Education Reform Now Advocacy Inc.,≤100
304600892905134,Hillsdale College Online Courses,HILLSDALE COLLEGE,≤100
140379955280,CFACT,Christina In Hae Wilson Norman,≤100
1312902825543317,American Nightmare Film,Jesus Nebot International,≤100
1539972792944463,Forge Leadership Network,Forge Leadership Network,≤100
1812708279016004,PalmieriReport,Jacob William Palmieri,≤100
290157611894313,The Climate List,Climate List LLC,≤100
101145864761466,Mainstreet Middle America,Steven M Rawlings,≤100
203197030603239,8 Billion Trees,8 Billion Trees LLC,≤100
113892789980948,Vipan Bajwa,Vipan Bajwa for State Assembly 2020,≤100
695764197240058,San Joaquin County Democratic Party,SAN JOAQUIN COUNTY DEMOCRATIC CENTRAL COMMITTEE,≤100
281844617168,Jewish Voice Ministries International,JEWISH VOICE MINISTRIES INTERNATIONAL,≤100
103817564565798,Sound Home Savings,Alexis Travieso,≤100
162616177521935,ACM Strategies,ACM Strategies,≤100
260401648038890,Science101,Novelty Media,≤100
367292494407,AJC - American Jewish Committee,AMERICAN JEWISH COMMITTEE,≤100
103131054573692,Crawfordology,Crawfordology,≤100
2074996929444345,Jenner Law,Robert Keith Jenner,≤100
109443897176214,Memorabilia WorldWide LLC,Memorabilia WorldWide LLC,≤100
167842857168389,The Pressure People,The Pressure People,≤100
79355523842,University of the People,University of the People,≤100
101181794707874,United Research Group,United Research Group,≤100
87186661244,Johns Hopkins Bloomberg School of Public Health,Johns Hopkins Bloomberg School of Public Health,≤100
143195412381888,"Georgia Gun Owners, Inc.",Georgia Gun Owners,≤100
7833534974,Florida Democratic Party,Florida Democratic Party,≤100
1268410219898273,Tango Tango,Tango Tango Inc,≤100
546497545399440,ASEC - African Sisters Education Collaborative,African Sisters Education Collaborative (ASEC),≤100
337490192991981,Grabien,Grabien Inc,≤100
46093654473,National Republican Congressional Committee,NRCC,≤100
684016825122195,Andy Thorburn for OC Board of Education,Andy Thorburn for Orange County Board of Education 2020,≤100
461204744067686,Family Protection Association,Family Protection Association,≤100
101163924751541,The College Conservatives,Keith Koontz,≤100
958164574314945,Cargill,"CARGILL, INCORPORATED",≤100
1682876188698809,United for Respect,United for Respect,≤100
169294473121454,Policetees.com,PoliceTees.com,≤100
305832706292882,American Gun Association,GunAssociation.org,≤100
153080620724,Donald J. Trump,"DONALD J. TRUMP FOR PRESIDENT, INC.",≤100
110509307164141,American Patriot Unite,American Patriot Unite,≤100
537299709721112,Advantage Gold,Advantage Gold Group,≤100
131994543867785,New Nationalism.com,Robert Woodward Claude,≤100
161453087348302,The Committee to Defend the President,THE COMMITTEE TO DEFEND THE PRESIDENT,≤100
25719788463,Kipp Brothers,NOVELTY INC,≤100
717115395103069,PrintedKicks,Printed Kicks,≤100
110177119192569,Knightscope,William Li,≤100
102809134474382,David Ryu for Los Angeles City Council,David Ryu for City Council 2020,≤100
105979540829005,theyoungspiller,Young Spiller Music,≤100
464510790410497,Irritated Genie of Soufeese,Ayo Hance Kimathi,≤100
89324781720,Pat Toomey,Friends of Pat Toomey,≤100
467503009987109,"Healthy Forests, Healthy Communities","Healthy Forests, Healthy Communities",≤100
602040603170590,Americans for Food and Beverage Choice,Americans for Food and Beverage Choice,≤100
5593944035,Competitive Enterprise Institute,COMPETITIVE ENTERPRISE INSTITUTE,≤100
107488157405298,Todd McMurtry for Congress,MCMURTRY FOR CONGRESS,≤100
12692955711,Chronicle of Higher Education,"CHRONICLE OF HIGHER EDUCATION, INC. (THE)",≤100
108152933883451,TrumpTrendz,Troy Lorenzo Davis,≤100
49059279814,Institute for Justice,INSTITUTE FOR JUSTICE,≤100
260754507296508,The Voter Participation Center,Voter Participation Center,≤100
438536186881177,All Clear Foundation,All Clear Foundation,≤100
2353537341582545,Proud Patriots,"Unicorn Wealth, LLC",≤100
108599743871418,Climate2020 Podcast,Climate 2020 Podcast,≤100
8145161702,Lambda Legal,"LAMBDA LEGAL DEFENSE & EDUCATION FUND, INC.",≤100
27139120832,Advancing Native Missions,Advancing Native Missions,≤100
102860661680,Quetico Superior Wilderness News,Quetico Superior Foundation,≤100
277005566267077,Blueland,These ads ran without a disclaimer,≤100
289446947817747,Global Citizen,"GLOBAL POVERTY PROJECT, INC.",≤100
780606555331010,American Student Loan Advocate,ASLR Marketing,≤100
458142697588014,AARP Public Policy Institute,AARP,≤100
1055873511190792,Hello Resistance,Hello Resistance Apparel,≤100
150451082120925,The other 54%,Gregory M Berube,≤100
1664959567149320,Wholesome Culture,Wholesome Culture,≤100
1435071773455316,Daily Wire,The Daily Wire,≤100
126855128568,FEBC (Far East Broadcasting Company),"FAR EAST BROADCASTING COMPANY, INC.",≤100
7826953993,SXSW,"SXSW, LLC",≤100
100794248139278,Red Wave Movement,Red Wave Movement,≤100
165014546858456,Free To Choose Network,FREE TO CHOOSE,≤100
102957524548390,YES on L for Santa Ana College and Santiago Canyon College,"Campaign for Our Colleges – Yes on Measure L, FPPC# 1423251, committee major funding from Santa Ana College Foundation, Santiago Canyon College Foundation",≤100
219224241438635,Compassion & Choices,COMPASSION & CHOICES,≤100
112735922758892,Charlie Kirk,Charlie Kirk,≤100
513785465632396,Airline Passengers for Justice,Airline Passengers for Justice,≤100
100577113613446,Rock Your Bathroom,SK LANG Products,≤100
35169196082,Project HOPE,"PROJECT HOPE-THE PEOPLE-TO-PEOPLE HEALTH FOUNDATION, INC.",≤100
58158120046,ACLJ,American Center for Law and Justice,≤100
104679177804089,45 Changes Lives,PKA Karate Academy Inc,≤100
111970730196550,World War Zero,AMERICAN SECURITY PROJECT,≤100
433269033696623,Liberty & Co.,Tyson Craig Frantz,≤100
105229062888132,Stop Soldier Suicide,Stop Soldier Suicide,≤100
1529468987331408,BulbHead,TELEBRANDS CORP.,≤100
1692868424300466,"Socktopus, Ink",Socktopus Ink,≤100
1228396643984955,Michelle Steel,Michelle Steel for Congress,≤100
2777578242259790,Great Again Gear,Great Again Gear,≤100
1305943179552668,Forrest Johnson,Forrest Nels Johnson,≤100
9324910069,NRSC,NRSC,≤100
7518257857,Not For Sale,Terra Candace Judge,≤100
275171202515968,Wolf-PAC,Wolf PAC,≤100
481331019059116,The Published Reporter,The Published Reporter,≤100
452797224923658,Democratic Coalition Against Trump,THE DEMOCRATIC COALITION,≤100
183517831660100,Morning Consult,Morning Consult LLC,≤100
184609361596971,Scott Peters,SCOTT PETERS FOR CONGRESS,≤100
24470472733,The Trevor Project,The Trevor Project,≤100
1531214650424631,Breathe California of Los Angeles County,BREATHE CALIFORNIA OF LOS ANGELES COUNTY,≤100
414882008521910,Maura Ryan-Ciardiello State Committeewoman,Red Massachusetts Grassroots Action,≤100
321250352104571,Valerie Plame,VALERIE PLAME FOR CONGRESS,≤100
237052729573,African Diaspora Film Festival (ADFF),Diarah Ndaw Spech,≤100
49906899425,Ramapo College of New Jersey,Ramapo College of New Jersey,≤100
296527950373,Felix W. Ortiz,Friends of Felix W. Ortiz,≤100
132125483479295,Mayor Robert Rickman,Rickman for Supervisor 2020,≤100
110615300479559,Emily Halevy for DeKalb Commissioner,"Emily For DeKalb, Inc.",≤100
314499212242,Pfizer,Pfizer Inc.,≤100
121750354532995,Yale Program on Climate Change Communication,Yale Program on Climate Change Communication,≤100
70795936969,Children International,CHILDREN INTERNATIONAL,≤100
757796280970472,Supervisor John Leopold,Friends of John Leopold,≤100
1750471095167410,Trump Train News,Trump Train News,≤100
168452723312821,Chisholm Chisholm & Kilpatrick LTD,Chisholm Chisholm & Kilpatrick LTD,≤100
242960515598,Military Spouse,Victory Media DBA Military Spouse,≤100
54210104594,Indiana University,Indiana University,≤100
106969733988200,Reed Cooper News GVS,Clear Creek Institute,≤100
112124190306103,ME for Mike,Mike Bloomberg 2020 Inc,≤100
9062006483,REI,"RECREATIONAL EQUIPMENT, INC.",≤100
496696933682736,Jeff Merkley,JEFF MERKLEY FOR OREGON,≤100
164513254148611,America's Voice News,Barbara Jean Lawrence,≤100
107858693983382,The GOP Shop,The GOP Shop,≤100
222811984421691,Cold Bee Gone,These ads ran without a disclaimer,≤100
128167457221813,Public Transportation,Voices for Public Transit,≤100
108512875350,The Atlas Society,The Atlas Society,≤100
256962657714094,Denise Hall Currituck Co. Register of Deeds,Denise Asaro Hall,≤100
187582501289833,Anthony Rendon,Rendon for Assembly 2020,≤100
1685882151741283,Miguel Santiago For Assembly,Miguel Santiago for Assembly 2020,≤100
106507847608975,American Freedom Fund,American Freedom Fund,≤100
207833736045744,MHAction.org,Kevin R Borden,≤100
107487420841260,From a kid’s prespective,These ads ran without a disclaimer,≤100
136121223083299,Sea Turtle Conservancy,"SEA TURTLE CONSERVANCY, INC.",≤100
19420215926,CNSNews.com,MEDIA RESEARCH CENTER,≤100
1835838916635491,Transamerica Center for Health Studies,Transamerica Center for Health Studies,≤100
101617224555221,Nancy Pelosi Elects Democrats,PAC TO THE FUTURE,≤100
673117639774135,Gretchen Whitmer,Gretchen Whitmer for Governor,≤100
981661448510937,Meraki Journey,Meraki Bracelets,≤100
2254455051442790,Flag and Cross,Flag & Cross,≤100
140944265994166,Center for Addiction Services and Psychotherapy Interventions Research,a research grant at The National Center on Addiction and Substance Abuse (CASA),≤100
866779926670025,Citizens for Tobacco Rights,Citizens for Tobacco Rights,≤100
173062966431046,Power California,Power CA Business Account,≤100
43287633515,Alliance for Climate Education,Alliance for Climate Education,≤100
555787351119974,Coalition to Protect America's Health Care,Coalition to Protect America's Health Care,≤100
104796740879587,theobamachicksbook,Pamela Jasper,≤100
357021351674162,Cause Bracelet,Cause Bracelet,≤100
125162818118662,Citizens to Elect Judge Sheree D. Henry,Citizens to Elect Judge Sheree D Henry,≤100
107199049318619,Friends of Derek Kilmer,PEOPLE FOR DEREK KILMER,≤100
73178840361,POLYWOOD,These ads ran without a disclaimer,≤100
203550842430,Mike Lee,FRIENDS OF MIKE LEE INC,≤100
130848666099,Business Forward,Business Forward Inc.,≤100
106030702041,Aspen Snowmass,"ASPEN SKIING COMPANY, L.L.C.",≤100
117497942983942,Austin Hunter for Democratic County Central Committee,Austin Hunter for Democratic County Central Committee,≤100
105202730827149,Michael Moore for Commissioner,Michael Moore for Commissioner,≤100
565283270180788,HECHO,"HECHO (Hispanics Enjoying Camping, Hunting, and the Outdoors)",≤100
106503487393272,Ayala-Gonzalez for Judge 2020,Friends of Laura Ayala-Gonzalez,≤100
163202650462603,Doug LaMalfa for US Representative,DOUG LAMALFA COMMITTEE,≤100
281884085611820,Tedra Cobb,COMMITTEE TO ELECT TEDRA COBB,≤100
501268180023938,Ann Ravel for CA State Senate,Ann Ravel for Senate 2020,≤100
7292655492,MoveOn,MOVEON.ORG CIVIC ACTION,≤100
508433235840691,Minnesota Bio-Fuels Association,"The Minnesota Bio-Fuels Association, Inc",≤100
950998258312654,Knowhere,"Knowhere, Inc.",≤100
100825108110375,3lection.com,Thorin Williams Simpson,≤100
38471053686,Elizabeth Warren,"WARREN FOR PRESIDENT, INC.",188
473558703216022,Gabfest,Paul W Queen,≤100
1087474374640616,Vocal,"Vocal Ventures, LLC",≤100
830121337093232,National Democratic Training Committee,NATIONAL DEMOCRATIC TRAINING COMMITTEE PAC,≤100
121388362246,Goldman Sachs,Goldman Sachs & Co.,≤100
50540749125,International Orthodox Christian Charities,"INTERNATIONAL ORTHODOX CHRISTIAN CHARITIES, INC.",≤100
201074366682970,Representative Jared Patterson,Jared Patterson Campaign,≤100
113657099992344,Sweeten Lemon Grove,Save Lemon Grove - Yes on S,≤100
1374260589465543,Sheepdog Church Security,Sheepdog Church Security,≤100
100104648181442,barrevtjake,Jacob M Hemmerick,≤100
38235851310,USA for UNHCR,UNITED STATES ASSOCIATION FOR UNHCR,≤100
86134975779,Coast Guard Foundation,Coast Guard Foundation INC.,≤100
101645494657056,Social Justice Democrats,SF Social Justice Democrats,≤100
681626158940626,Mission Roll Call,Americas Warrior Partnership,≤100
108176010748061,100 Insure,Robert Bradley Graham,≤100
134571176638205,One Tree Planted,One Tree Planted,≤100
179145905973075,Sophie Ratner Jewelry,Sophie Ratner Jewelry,≤100
131217580266597,National Council on Aging,"NATIONAL COUNCIL ON AGING, INC.",≤100
163302087408673,Stop The Donald,Stop the Donald,≤100
176036105183,Los Angeles County Democratic Party,Los Angeles County Democratic Party – State Candidate Committee,≤100
195388540623090,National Retiree Legislative Network,NRLN,≤100
593887230746087,Protect Our Wildlife Vermont,Protect Our Wildlife Vermont,≤100
5644748986,National Wildlife Federation,NATIONAL WILDLIFE FEDERATION,≤100
24330467048,Americans for Prosperity,AMERICANS FOR PROSPERITY,≤100
110257623864359,Cool Mud Flaps,"OHIO LASER, LLC",≤100
213254292034436,Out & Equal Workplace Advocates,OUT & EQUAL WORKPLACE ADVOCATES,≤100
50714237985,The Rutherford Institute,RUTHERFORD INSTITUTE,≤100
109616377239456,Elect Jason Dominguez,Dominguez for State Assembly 2020,≤100
393932827634250,Dissent Pins,Common Practice,≤100
371077866782536,Jessica Mangrum for Judge,Jessica Mangrum Campaign,≤100
160630887998827,Let Them Live,Let Them Live,≤100
146962105319196,Grass Roots North Carolina (GRNC),Francis Valone,≤100
240290369507552,Bend the Arc Jewish Action,Bend the Arc: Jewish Action,≤100
227814397416402,Delia Garza,Delia Garza Campaign,≤100
243510442756370,Justice Democrats,JUSTICE DEMOCRATS PAC,≤100
6165653060,AFSCME,AMERICAN FEDERATION OF STATE COUNTY & MUNICIPAL EMPLOYEES,≤100
328072970642479,Jaime Harrison,JAIME HARRISON FOR US SENATE,≤100
1905515863109983,Power In Cooperation,ConocoPhillips,≤100
840932896018826,Fran Manzelli Cape & Islands State Committee,Red Massachusetts Grassroots Action,≤100
7483836629,Ancestry,Ancestry.com Operations Inc.,≤100
105536127617594,The American Digest,The American Digest,≤100
109678580574253,Politicool Clothing Co.,PolitiCoolClothing.com,≤100
1609777622487405,CJ for Congress 2020,CJ FOR CONGRESS,≤100
118502801658228,Young Kim,Young Kim for Congress,≤100
162676813937511,Dan Forest,Committee to Elect Dan Forest,≤100
102047517918,The Commonwealth Fund,"COMMONWEALTH FUND, THE",≤100
101908424664094,Best Home Savers 2020,J D Grace Gorospe,≤100﻿
102745147891580,Trump Coolers,Eric Clifford Juels,≤100
110304423857607,Patriot Wear,Brandon Kyle Fink,≤100
163965296965203,32BJ SEIU,LOCAL 32 BJ SEIU,≤100
1318134684947847,Aura Vasquez,Aura Vasquez for the People of L.A Council District 10 in 2020,≤100
227813534020769,Monica Garcia,Monica Garcia for City Council 2020,≤100
1836138529938551,Greater Half,Greater Half,≤100
188234184551165,PV Squared,"PIONEER VALLEY PHOTOVOLTAICS COOPERATIVE, INC.",≤100
332716170522025,America First Action,America First Action,≤100
1517919588502283,Christy Smith for Congress,CHRISTY SMITH FOR CONGRESS,≤100
101136147910784,Represent Justice,Represent Justice,≤100
1615018905412860,Progressive Turnout Project,PROGRESSIVE TURNOUT PROJECT,≤100
537181256742387,The New Center,The New Center,≤100
101137981379219,Digital Programs Helping All,Michael Yao Yang,≤100
98912141410,American Forests,American Forests,≤100
1977738355807406,Sharice For Congress,SHARICE FOR CONGRESS,≤100
318661705009334,Derrick Reed For Congress,REED FOR CONGRESS,≤100
268311603350722,The American Independent,The American Independent,≤100
1852520761657982,4ocean,4ocean,≤100
101724361319410,Ronny Jackson for U.S. Congress TX-13,Texans for Ronny Jackson,≤100
262062478079324,Mckayla Wilkes for Congress,MCKAYLA WILKES FOR CONGRESS,≤100
102285387997920,Freedom First Co,Freedom First Co,≤100
130268756992804,Yale Climate Connections,Yale Climate Connections,≤100
156994304362574,American Bridge,AMERICAN BRIDGE 21ST CENTURY,≤100
5887538795,Education Week,Education Week,≤100
14851158643,Southern Utah Wilderness Alliance,SOUTHERN UTAH WILDERNESS ALLIANCE,≤100
93683518468,Kentucky Voices for Health,Kentucky Voices for Health,≤100
79279853233,Professional Photographers of America,"PROFESSIONAL PHOTOGRAPHERS OF AMERICA, INC.",≤100
323591707707048,Contra Costa Republican Party,CONTRA COSTA REPUBLICAN PARTY (FED),≤100
115058793196716,Big Tree Pac,Big Tree PAC,≤100
415306179228629,"Mike Carroll - Vice Mayor, City of Irvine","Mike Carroll - Vice Mayor, City of Irvine",≤100
13063797831,Ben Ray Luján,PEOPLE FOR BEN,≤100
502969216761221,Common Sense Civics and Citizenship,Candace Donnelly,≤100
102032647945036,Sam Bedwell for City Council District 9,Bedwell for City Council 2020,≤100
312652025484896,Americans for Tax Fairness,Americans for Tax Fairness,≤100
133913826633461,Grassroot Institute of Hawaii,Grassroot Institute of Hawaii,≤100
383677738397139,Association for Accessible Medicines,Association for Accessible Medicines,≤100
196743663140,Baha'is of the United States,National Spiritual Assembly of the Baha'is of the United States,≤100
56780242206,Agros International,Sierra Hana Golden,≤100
43647453076,familydoctor.org,AMERICAN ACADEMY OF FAMILY PHYSICIANS,≤100
6444807415,Food Allergy Research & Education,Food Allergy Research & Education,≤100
10150100007820094,Wendy Davis,WENDY DAVIS FOR CONGRESS,≤100
2036389409806378,Backpage's Role in Prostitution and Trafficking,X Social Media LLC,≤100
124626320898336,Catholic Extension,"CATHOLIC CHURCH EXTENSION SOCIETY OF THE UNITED STATES OF AMERICA, THE",≤100
118363268823600,Andrew F. Kotyuk Republican for Assembly,Kotyuk for State Assembly 2020,≤100
1354622541311687,Dr. Kim Schrier,DR KIM SCHRIER FOR CONGRESS,≤100
222164564466305,Civic Life Project - www.civiclifeproject.org,Dominique Lasseur,≤100
112393473625448,Del Norte for Elizabeth Warren,Mykaela Janette Mc Grew Higgins,≤100
378026659413306,Elizabeth McLoughlin for Selectboard,Elizabeth S Mcloughlin,≤100
114371076772585,Andrew Garbarino for Congress,GARBARINO FOR CONGRESS,≤100
417003782372467,Foundation Blue Media,Foundation Blue LLC,≤100
158791100909689,Concerned Veterans for America,Concerned Veterans for America,≤100
1438882392887793,ADF Church Alliance,Alliance Defending Freedom,≤100
7630216751,DoSomething.org,DOSOMETHING.ORG,≤100
1550688498409259,Alliance for Climate Resistant CA,Alliance for Climate Resistant California,≤100
109665250456365,The Armed Patriot,Kenneth Micheal Parkerson,≤100
971668776283950,PolicyEd,Hoover Institution,≤100
1388428314740793,American Mint - Coins and Medals,American Mint,≤100
104822127538277,Liberservative Party,Liberservative Party,≤100
830890360316751,Nick Hanauer,Civic Action,≤100
109200595768753,The Christian Left,The Christian Left,≤100
103252811047521,No on Measure A,"No on A, Planning Today for San Diego's Future, a Coalition of Housing Advocates, Save Our Rural Economy, Building Industry Association of San Diego County, Farmers, Taxpayers, Firefighters & Law Enforcement. Committee major funding from National Association of Realtors, California Association of Realtors Issues Mobilization Political Action Committee and Building Industry Association of San Diego County.",≤100
243498882520314,FoodFinder,"FOODFINDER, INC.",≤100
53167307346,Communist Party USA,Communist Party USA,≤100
153446658100252,Lumina Foundation,Lumina Foundation,≤100
348856535576675,Legends of the Desert,William Michael Farmer,≤100
307943569254319,Florida Rights Restoration Coalition,Florida Rights Restoration Coalition,≤100
1406149713044974,Intellectual Judaism,Vladimir Ephraim Minkov,≤100
341881063685,"Imprimis, a Publication of Hillsdale College",HILLSDALE COLLEGE,≤100
133644154059176,State Representative Brandon Ogles,Brandon Thomas Ogles,≤100
109067990582704,Neighbors for an Affordable San Jose,"Neighbors For An Affordable San Jose, Yes on E, Supported by Mayor Sam Liccardo",≤100
229944963718518,ArtPlaceAmerica,ArtPlace America,≤100
587681288088728,Adam Brandon,"FREEDOMWORKS, INC.",≤100
55713447392,30A,James M Ragsdale,≤100
402120963932260,Counterpoint,Counterpoint,≤100
1338822066131069,Women's March,Women's March,≤100
101391906600,Live Action News,Live Action News,≤100
8924408197,National Partnership for Women & Families,National Partnership for Women & Families,≤100
105398187486351,Escaping Dystopia,Roy Mitchell Taylor,≤100
175149559508478,TreeDiaper,Zynnovation LLC,≤100
1413682351987764,Andy Kim for Congress,Andy Kim for Congress,≤100
32975139631,If Americans Knew,If Americans Knew,≤100
1694420803940197,Tim Seay 4 Mayor of Phoenix,Tim Seay for Mayor,≤100
16477459734,League of Conservation Voters,"LEAGUE OF CONSERVATION VOTERS, INC",≤100
357484764271265,Dustin Stockton,Dustin Alan Stockton,≤100
110371320486720,United Democrats for the 43rd,Responsible Leadership for a Better Community,≤100
408250066356,Bill O'Reilly,"Bill Me, Inc.",≤100
365591516828390,Georgia's WIN List,Georgia WIN List,≤100
947007518669446,"Jaime M. Andrade, Jr. for IL 40th District State Representative","Friends of Jaime M. Andrade, Jr.",≤100
123778085411,American Society of Radiologic Technologists,ASRT,≤100
665345483483486,NRA - National Rifle Association of America,NATIONAL RIFLE ASSN OF AMERICA,≤100
2154804598181848,Defend against "Resist" Conservative Cause,Charles None Ostertag,≤100
383821768741044,Woodsmall for Congress,Woodsmall for Congress,≤100
1709705439291371,Rain in Sahara,These ads ran without a disclaimer,≤100
15041226930,Oxfam,"OXFAM AMERICA, INC.",≤100
384336778589668,Defend Our Constitution,COMMON CAUSE,≤100
405355946226766,Todd Young,"FRIENDS OF TODD YOUNG, INC.",≤100
104183524335594,Peter Gallotta,Peter Gallotta for San Francisco Democratic County Central Committee 2020,≤100
1088950287806118,Climate Hustle 2,Christina In Hae Wilson Norman,≤100
391872261636792,2020unity,"ForFact LLC, DBA 2020unity",≤100
42940254353,Human Rights Watch,"HUMAN RIGHTS WATCH, INC.",≤100
69039563201,Open Doors USA,"OPEN DOORS WITH BROTHER ANDREW, INC.",≤100
291260461373618,News and News,News and News,≤100
104883137744509,The Patriotic Apparel Company,Jack Vincent Michael Givens,≤100
153080620724,Donald J. Trump,TRUMP MAKE AMERICA GREAT AGAIN COMMITTEE,114
105760093238417,Jobs Opportunity and Freedom,JOFPAC,≤100
101434874740633,Julie Hulburd For Colchester Select Board,Julie Hulburd for Select Board,≤100
155818016761,First 5 LA,First 5 LA,≤100
209187239098381,Treatment Advocacy Center,TREATMENT ADVOCACY CENTER,≤100
1528741944038372,Boyd For Mayor,Candidate for mayor of Wilton Manors,≤100
5720973755,Defenders of Wildlife,DEFENDERS OF WILDLIFE,≤100
109561937133580,Mary Nan Huffman,Friends of Mary Nan Huffman,≤100
278490715553293,Martha McSally,MCSALLY FOR SENATE INC,≤100
202626512363,U.S. Census Bureau,These ads ran without a disclaimer,≤100
440551812676698,Open The Books,American Transparency,≤100
103558181259057,Safe Auto Discounts,Alexis Travieso,≤100
44015482829,United Nations Development Programme - UNDP,United Nations Development Programme,≤100
344690446467832,The Copper Courier,Courier Newsroom,≤100
2267405033373814,Doctor Patient Unity,Doctor Patient Unity,≤100
357704677979748,American Conservation Coalition - ACC,American Conservation Coalition,≤100
628891490457484,Nancy Mace,Nancy Mace for Congress,≤100
102988591071943,Daniel Gade,"GADE FOR VIRGINIA, INC.",≤100
711909245654048,National Police Support Fund,National Police Support Fund,≤100
112962521120,Ben Ray Luján,Congressman Ben Ray Luján,≤100
248181906078243,National Institute for Civil Discourse,CommonSense American,≤100
137078141865,Kentucky Democratic Party,Kentucky Democratic Party,≤100
940653386126953,Standingwithyou.org,Standing With You,≤100
101129019929080,Friends in Adoption,"Friends in Adoption, INC",≤100
152926718105068,FloWater,FloWater,≤100
746708092061660,One Must Focus Media,Leonard E Palmer,≤100
178647322882839,MarinerEast2,Energy Transfer,≤100
103009087770334,Get Trumpcare Now,The Stuart Agency,≤100
101755761321515,Aaron Harber for CU Regent,Harber for Colorado,≤100
203805062990264,Ben Shapiro,The Daily Wire,≤100
67180895597,National Shrine of St. Jude,The National Shrine of St. Jude,≤100
36474716066,Color Of Change,COLOROFCHANGE.ORG,≤100
96935476345,Democratic Governors Association (DGA),DEMOCRATIC ACTION,≤100
148205145252473,Backcountry Hunters & Anglers,Backcountry Hunters & Anglers,≤100
238473269650980,Capital & Main,CAPITAL & MAIN,≤100
33110852384,Doctors Without Borders/ Médecins Sans Frontières (MSF),Doctors Without Borders/Médecins Sans Frontières (MSF),≤100
100137754724934,Trump 2020 Supporters,Proud Right Winger,≤100
1612726335627171,We the Internet TV,We the Internet TV,≤100
135500133147357,ProEnglish,US INC,≤100
1719000921660893,Sabrina Cervantes,Sabrina Cervantes for Assembly 2020,≤100
101444091459702,Robin Almgren GOP State Committee,Red Massachusetts Grassroots Action,≤100
20876805343,March of Dimes,MARCH OF DIMES INC.,≤100
188383074570800,Aquapparel,Aquapparel,≤100
129181937109516,CFT - California Federation of Teachers,CALIFORNIA FEDERATION OF TEACHERS,≤100
1383869268500535,Medicare World,Medicare World,≤100
108180596030668,Elizabeth Dole Foundation,Elizabeth Dole Foundation,≤100
129278807814364,Welcome.,Welcome.,≤100
11791104453,NRDC,Natural Resources Defense Council,≤100
109111900634787,Reverend Raphael Warnock,WARNOCK FOR GEORGIA,≤100
802271849850801,Freedom for All Americans,Freedom for All Americans,≤100
105610970947657,MY 2A GEAR,Leon Mckensizy Dunn,≤100
111309842220631,Greenleaf Gifts,"Greenleaf, Inc.",≤100
110567837138699,"Nathan Bech, State Committeeman",Red Massachusetts Grassroots Action,≤100
112735922758892,Charlie Kirk,"Premiere Marketing, Inc.",≤100
257019421075897,Cory Gardner,Cory Gardner for Senate,≤100
1658135304460341,MANG,MANG,≤100
271045939918645,Doug Knight for District 4 School Board,Paul Douglas Knight,≤100
147486638599345,Urban Teachers,Urban Teachers,≤100
153278754738777,Climate Reality,The Climate Reality Project,≤100
2037938779622595,Tina Arias Miller for Democratic Party OC Central Committee - AD 68th Dist.,"Tina Arias Miller Central Committee, AD68 Democratic Party, FPPC#1424994",≤100
404164463091452,Chas Castell,Charles William Peter Castell,≤100
1799282383731277,TwoSeventy,Alexander Jared Deutsch,≤100
123963360928,SiriusXM,SiriusXM,≤100
319982881752525,Kara Eastman,EASTMAN FOR CONGRESS,≤100
104187981117293,"Sid Starks, State Committeeman",Red Massachusetts Grassroots Action,≤100
240541500603,Lone Star Project,Lone Star Project Nonfederal,≤100
776264359372720,ConservativeModern.com,ConservativeModern.com,≤100
683872625157265,Theresa Greenfield,THERESA GREENFIELD FOR IOWA,≤100
41309865723,Democrats.com,DEMOCRATS.COM,≤100
18709174006,National Audubon Society,"NATIONAL AUDUBON SOCIETY, INC.",≤100
30139072158,CARE,CARE,≤100
17023576156,The Leadership Conference on Civil and Human Rights,The Leadership Conference on Civil and Human Rights,≤100
105157547707027,Patriot Provision Co.,Patriot Provision Co.,≤100
104704000907113,Herb Schultz for Rock Island County State's Attorney,Friends of Herb Schultz,≤100
18479402361,No Kid Hungry,No Kid Hungry,≤100
228754857151053,House Majority PAC,House Majority PAC,≤100
508128102542448,Michael Owens for Congress,OWENS FOR CONGRESS,≤100
49651563727,Live Action,Live Action,≤100
362597400470914,Shamann Walton 華頌善,Shamann Walton for Democratic Central Committee 2020 • FPPC ID# 1422994• Financial disclosures available at SF Ethics,≤100
133937690180,Student Conservation Association,Student Conservation Association,≤100
717417908274761,Lady Freethinker,Lady Freethinker,≤100
375687949238823,Creative Exchange,These ads ran without a disclaimer,≤100
158649644246826,"Elizabeth Romero for CA State Senate, 28th District",Elizabeth Romero for Senate District 28,≤100
107098254062936,"Judge Dimple Malhotra, County Court at Law 4",Dimple Malhotra,≤100
819607471729183,Dr. Al Gross for US Senate,DR. AL GROSS FOR U.S. SENATE,≤100
9316648525,The Chicago School of Professional Psychology,TCS Education System,≤100
11911627997,Pancreatic Cancer Action Network,"PANCREATIC CANCER ACTION NETWORK, INC.",≤100
17911165812,Covenant House International,Covenant House,≤100
1677111425839949,The American Promise,American Promise,≤100
171651620209487,Brady PAC,Brady Pac,≤100
262173980908600,LTM,LTMShop,≤100
7219151423,The Fund for American Studies (TFAS),The Fund for American Studies,≤100
13885075114,Action Against Hunger USA,ACTION AGAINST HUNGER - USA,≤100
1020951917927616,GRRRL Clothing,Kortney Kay Olson,≤100
19342050934,Leadership Institute,LEADERSHIP INSTITUTE INC,≤100
53467825060,Institute of American Indian Arts (IAIA),These ads ran without a disclaimer,≤100
138492335404,Scott Walker,"Walker Group, LLC",≤100
309798029121030,Everytown for Gun Safety,Everytown for Gun Safety Support Fund Inc,≤100
230991440288731,American College of Obstetricians and Gynecologists - ACOG,"OBSTETRICIANS AND GYNECOLOGISTS, AMERICAN COLLEGE OF",≤100
431099560800970,Front Page Live,"Front Page Live, Inc.",≤100
112942500238297,Trees4Australia,Trees4Australia,≤100
108748565833974,Purpose,Purpose,≤100
80562389320,NARAL Pro-Choice America,NARAL Pro-Choice America,≤100
414280728767306,Right Side Broadcasting,"Right Side Broadcasting Network, LLC",≤100
315995348904534,Cottie for State Assembly,Petrie-Norris for Assembly 2020 FPPC ID #1414368,≤100
594519783957655,Citizens for National Security,Citizens For National Security,≤100
1311291038982513,2A Gear,Teecreations LLC,≤100
221439681914095,Clouthub,CloutHub,≤100
355799336705,Outreach International,Outreach International,≤100
7860876103,Joe Biden,BIDEN FOR PRESIDENT,782
268455716958888,Maurahealey.exposed,Maura Healey Exposed,≤100
77130778113,Coalition for Medicare Choices,The Coalition for Medicare Choices,≤100
133764907211570,Concerned Citizen,Steven Niems,≤100
1184615968318810,Emma Ramirez for San Dimas,Emma for San Dimas City Council,≤100
294196590710262,FWD.us,FWD.us,≤100
459917967443818,Stephanie Potter Barrett for Court of Appeals,Stephanie Potter Barrett Court of Appeals Campaign,≤100
1390816891028615,OZY Fest,OZY Media Inc,≤100
1695950424027488,Andy Hallinan,Andrew Lawrence Hallinan,≤100
1640970822834351,Plaine Products,Plaine Products,≤100
577579002349073,Let's Grow Kids,Let's Grow Kids,≤100
184373328845372,Gigi Raffe,Gigi Raffe,≤100
166173897321426,Audrey Denney for Congress,AUDREY DENNEY FOR CONGRESS,≤100
21647204289,Michigan Education Association,Michigan Education Association,≤100
7209432197,Chris Coons,CHRIS COONS FOR DELAWARE,≤100
51944927864,San Diego County Taxpayers Association,San Diego County Taxpayers Association PAC,≤100
1653885501501009,Propeller,Propeller Enterprises,≤100
919247181586782,WAVE,Women for American Values and Ethics Political Action Committee,≤100
273474675643,HealthCareWithoutHarm,HEALTH CARE WITHOUT HARM,≤100
89336510798,American Friends of the Hebrew University,American Friends of Hebrew University,≤100
113953261998824,All American Clothing Co.,These ads ran without a disclaimer,≤100
872842866161157,One Nation Design,One Nation Design,≤100
343482746001103,Kate Gibbs,"KATE FOR NJ, INC",≤100
109905900573403,BuzzVote2020,Bruce Edward Spector,≤100
217137015152702,National Sikh Campaign,National Sikh Campaign,≤100
50711561090,Muslim Advocates,MUSLIM ADVOCATES,≤100
29092950651,TED,TED Conferences,≤100
655065784538368,PredictIt,"PredictIt - Prediction Markets. A project of Victoria University of Wellington, PredictIt has been established to facilitate research into the way markets forecast events.",≤100
154471447959196,Institute for Veterans and Military Families - IVMF,Institute for Veterans and Military Families,≤100
195828260501505,M.M.LaFleur,These ads ran without a disclaimer,≤100
227535924071462,Animal Petitions,AnimalPetitions.org,≤100
329272720965256,GALvanize USA,GALvanize USA,≤100
109136650636111,Harold Hayes for State Representative,Friends of Harold M. Hayes,≤100
105698674239617,Embed News,Embed News,≤100
129255907131113,NumbersUSA,NUMBERSUSA EDUCATION AND RESEARCH FOUNDATION,≤100
97830335456,Patagonia,"PATAGONIA, INC.",≤100
100954708112820,Americans for Medicare Dental Coverage,Freeroots,≤100
2244779792507645,Gray Matters Radio,Gray Matters Radio,≤100
170918006892,G.I. Jobs,Victory Media DBA GI Jobs,≤100
216311481960,Bill Gates,Bill Gates,≤100
407664862957433,Ammar Campa-Najjar for Congress,AMMAR CAMPA-NAJJAR FOR CONGRESS,≤100
109265100610613,Rep. Jay Barrows for Republican State Committee,Red Massachusetts Grassroots Action,≤100
1019320294761019,Hatikvah Slate,Hadar None Susskind,≤100
265268336865693,Do Amore,Do Amore Limited Company,≤100
300992409852,Hoover Institution,Hoover Institution,≤100
229422593795044,State Government Leadership Foundation,State Government Leadership Foundation,≤100
69983322463,Ted Cruz,TED CRUZ FOR SENATE,≤100
109295377337702,Trumplican Store,Minerva LLC,≤100
195704103779569,Savage Outdoors & The One,Amanda Harris Lee,≤100
57846092173,American Bible Society,American Bible Society,≤100
25852730092,Care2,Care2 Inc,≤100
1883837055193241,Shield Republic,Shield Republic,≤100
111812468884033,W.K. Kellogg Foundation,W. K. KELLOGG FOUNDATION,≤100
2212272129014080,Politiq Trivia,Connor Randolph Halline,≤100
242679302418244,Denison Forum,Denison Ministries,≤100
8492293163,Environmental Defense Fund,Environmental Defense Fund,≤100
100401327980848,National Parents Union,National Parents Union,≤100
102330281223041,Tradewater,"Tradewater, LLC",≤100
11309713071,Gates Foundation,Bill & Melinda Gates Foundation,≤100
81372493950,POET,POET,≤100
103022784417075,NOW,NOW Company,≤100
371380326923893,Terra Lawson-Remer for San Diego County Board of Supervisors - District 3,Terra Lawson-Remer for SD Board of Supervisors 2020,≤100
113778473517987,My Jewish Question,These ads ran without a disclaimer,≤100
593289284500311,Trump Rack,BOXD Marketing,≤100
1526736227567131,TrueCoverage,True Coverage,≤100
1309343439206208,Hugh Finkelstein for Circuit Judge,Hugh Finkelstein for Circuit Judge,≤100
107107693152888,Anthropocene Alliance,ANTHROPOCENE ALLIANCE,≤100
100978971393908,Larry Thompson For Congress,LARRY THOMPSON FOR CONGRESS,≤100
291102898490822,Giant Maga Hat,Inventors club LLC,≤100
2123857067900729,Brenda Siegel for Vermont,Brenda For Vermont,≤100
54820342268,National Association of Secondary School Principals (NASSP),NASSP,≤100
785936231584382,Paula Jean Swearengin,Paula Jean for West Virginia,≤100
788394134539871,USPS Business,United States Postal Service,≤100
124530924015,Hank Gilbert,HANK GILBERT FOR CONGRESS,≤100
1580844735465499,Mighty Oaks Warrior Programs,Mighty Oaks Foundation,≤100
1449461518652183,4Patriots,4Patriots LLC,≤100
6502038524,First Book,FIRST BOOK,≤100
152264148166020,Moms Clean Air Force,Moms Clean Air Force,≤100
10423517786,Harvard Business Review,HARVARD BUSINESS SCHOOL PUBLISHING CORPORATION,≤100
296708523873754,Karla Dennis and Associates Inc.,"Karla Dennis & Associates, Inc",≤100
137569740231452,Respect The Look,Respect The Look,≤100
109668833970851,theartofdougie,ALEXZANDER JEROME DOUGLAS-MASON,≤100
124939484209078,Langevin for Congress,LANGEVIN FOR CONGRESS,≤100
110306340348651,Donna More for State's Attorney,More for State's Attorney,≤100
1824165801199201,The Fight Against Antimicrobial Resistance,"Paradigm Solutions, LLC",≤100
395537933838201,לקט ישראל Leket Israel,These ads ran without a disclaimer,≤100
116529081344,Greg Hughes Utah,Hughes for Governor,≤100
127755494595870,Progressive Takeover,PROGRESSIVE TAKEOVER,≤100
105953890782784,The Factual,The Factual,≤100
300748678230,Tennessee Department of Economic and Community Development,Tennessee Department of Economic and Community Development,≤100
2290975831120740,Jenny Roan Forgey for Texas State Rep,Jenny Roan Forgey Campaign,≤100
110823813831113,C. Antonio Delgado for Congress,Antonio Delgado for Congress,≤100
2311489605552071,Customers Who Care,Customers Who Care,≤100
1018914308173454,FStop Foundation,"FSTOP FOUNDATION INC, THE",≤100
1284735221676638,BELatina News,BELatina News,≤100
2223151871134889,Trump45Merch,Thomas Charles Granack,≤100
147523538641547,Capitol Ministries,CAPITOL MINISTRIES,≤100
110357190488361,The People for Joanna Bryn Smith,The People for Joanna Bryn Smith,≤100
10150124349775072,"Riddle & Brantley, LLP","RIDDLE & BRANTLEY, LLP",≤100
724141874433398,Free Press Action,Free Press Action Fund,≤100
2185993931653388,The Recount,"Recount Media, Inc",≤100
122174836956,Big Cat Rescue,BIG CAT RESCUE CORP.,≤100
2452905398272083,Froy Jimenez for Illinois Senate - 1st District,Froy Jimenez for Senate,≤100
458928061510318,Rita Hart for Iowa,RITA HART FOR IOWA,≤100
117914958389209,Amelia Rose Romance Books,These ads ran without a disclaimer,≤100
184731548554164,PL+US,Plus Fund: Paid Leave for the United States,≤100
960002584337213,Shannon Freshour,SHANNON 4 CONGRESS COMMITTEE,≤100
111226867129700,Prideful Patriots,Christopher Lee Bruce,≤100
374876452974178,McShane LLC,McShane LLC,≤100
76025018070,San Francisco-Marin Food Bank,San Francisco-Marin Food Bank,≤100
34370387440,JDRF,JDRF INTERNATIONAL,≤100
100837844754859,Working Families for Holly Mitchell,Working Families For Holly Mitchell,≤100
1553978148244954,Build With Strength,Build With Strength,≤100
2078647579047586,Project Pulso,Project Pulso,≤100
656263988182462,Bill Hagerty,TEAM HAGERTY,≤100
595854897124850,Shatterproof,Shatterproof,≤100
101432317199,Blue Cross and Blue Shield Association,BLUE CROSS AND BLUE SHIELD ASSOCIATION,≤100
104105024458411,Big Perspective Media Group,Chas Lynell Sampson,≤100
359933137438156,Nine Line Apparel,Nine Line Apparel,≤100
266145305529,Henry Holt,"Macmillan Holdings, LLC",≤100
105025901091483,Republican Party Strong,James R Oddo,≤100
153167611414243,Ohio House Democrats,The Ohio House Democratic Caucus,≤100
497081420632330,Hiral Tipirneni,HIRAL FOR CONGRESS,≤100
97685946123,Columbus Public Health,Columbus Public Health,≤100
340754919866502,Tom Foolery Podcast,Tom Foolery Podcast,≤100
100111224862322,Mary Burns for Republican State Committee,Red Massachusetts Grassroots Action,≤100
675665515802671,Wolven,Wolven,≤100
1232504693563411,Clay Ford for District Judge,Clay Ford for District Judge Campaign Committee,≤100
10498053716,Media Research Center,MEDIA RESEARCH CENTER,≤100
1671853789719240,Palomar: Oklahoma City's Family Justice Center,Oklahoma City Family Justice Center Inc.,≤100
43695969284,Society of Critical Care Medicine (SCCM),SOCIETY OF CRITICAL CARE MEDICINE,≤100
169543260659539,The Venn Media,The Venn Media,≤100
100166241563331,Envikit,These ads ran without a disclaimer,≤100
1747132688647028,Democratic Association of Secretaries of State,Democratic Association of Secretaries of State,≤100
101401179944527,Mona Foundation,MONA FOUNDATION,≤100
16534314739,Facing History and Ourselves,"FACING HISTORY AND OURSELVES NATIONAL FOUNDATION, INC.",≤100
106927400764857,Team Mike 2020,Mike Bloomberg 2020 Inc,179
2196281620653830,Footprint,Footprint,≤100
104190161088262,Let SC Decide,Let SC Decide,≤100
6787988478,Physicians for Human Rights,"PHYSICIANS FOR HUMAN RIGHTS, INC.",≤100
9785626650,Public Citizen,PUBLIC CITIZEN INC,≤100
350316025478383,When We All Vote,When We All Vote,≤100
106980596149844,Andrew Romanoff,ROMANOFF FOR COLORADO,≤100
100380224841094,Murray Simpkins for Harnett County Commissioner District 5,Murray Simpkins 2020,≤100
652735891861686,Ben Loyola,BEN LOYOLA FOR CONGRESS,≤100
151525932186806,When Democrats Turn Out,WHEN DEMOCRATS TURN OUT PAC,≤100
993262894116770,Pillars Fund,Pillars Fund,≤100
555394394483002,Urban Resource Institute,Urban Resource Institute,≤100
374848446414965,Pollking,Benjamin Aaron Perlman,≤100
185753078030,TakeAction Minnesota,TAKE ACTION MINNESOTA,≤100
237447847040302,Faith Underground,Pamela N Danziger,≤100
156995058171029,Newman for Senate,Newman for State Senate 2020,≤100
2251074751672451,"Micah Perlin for State Assembly, 78th District",Micah Perlin for Assembly 2020,≤100
422362971693359,MenRec,George Weiss,≤100
102617961152741,Barbara Bollier,BOLLIER FOR KANSAS,≤100
214002058736436,Unite America,UNITE AMERICA,≤100
1001615463272722,Biosimilars Council,The Biosimilars Council,≤100
103851564652,Waterkeeper Alliance,WATERKEEPER ALLIANCE INC,≤100
275908853303174,Pro-Israel America,"Pro-Israel America, Inc.",≤100
1084856268238034,Trump Talking,Roberto None Lugo,≤100
121033149320,American Indian College Fund,"AMERICAN INDIAN COLLEGE FUND, THE",≤100
1004230109966179,Leonard Manoukian,Leonard Manoukian,≤100
107578644013555,Parker Sloan for County Commission,Elect Parker Sloan,≤100
2232022923556262,Travels With Charlie,Imperium Advisors,≤100
833845080319275,The Daily Patriot,Full Tilt Holdings LLC,≤100
681016675362080,u4See,Aviad Sar Shalom Giath,≤100
116515020980,Free Speech TV,Public Communicators Inc.,≤100
106780677544893,Good Karma Mart,Good Karma Mart LLC,≤100
278355662356517,BallotReady,"BallotReady, Inc",≤100
590660300952992,CN4 Partners,CN4 Partners,≤100
10906383577,Vermont Democratic Party,VERMONT DEMOCRATIC PARTY,140
105844410767627,The Mini Activist,The Mini Activist,≤100
127225910653607,PragerU,PragerU,≤100
658026721380446,Harrison Daws SCV,These ads ran without a disclaimer,≤100
139599847972,National Nurses United,BE A HERO PAC,≤100
8057376739,The Nature Conservancy,Nature Conservancy,≤100
104161174448480,Terry Clark For County Commissioner,Terry Clark,≤100
82637311931,Citymeals on Wheels,CITYMEALS-ON-WHEELS,≤100
104523977720056,Savvy Market Picks,Savvy Market Picks,≤100
267180743723148,National Geographic Society,National Geographic Society,≤100
114589483331967,Build Affordable Faster,"Housing Forward SF, Yes on E",≤100
101276824722213,Cota for Council,Matthew H Cota,≤100
109903167155203,Mimi Rocah for District Attorney,Mimi Rocah for DA,≤100
769395966523308,Eddie J. Mauro,MAURO SENATE CAMPAIGN TEAM,≤100
170582513587720,Liberty Through Wealth,The Oxford Club,≤100
102946544466689,No MO Slots,"No MO Slots, LLC",≤100
8325302025,Friends of the Earth U.S.,Friends of the Earth,≤100
14038292386,Women for Women International,WOMEN FOR WOMEN INTERNATIONAL,≤100