﻿Page ID,Page Name,Disclaimer,Amount Spent (USD)﻿
1497851363851721,QLMS,Quicken Loans Mortgage Services,≤100
2070944712939738,American Police Officers Alliance,American Police Officers Alliance,≤100
109789960632018,Trump Lightboxes,Michael C George,≤100
605168822998856,314 Action,314 ACTION FUND,≤100
8934429638,Planned Parenthood Action,Planned Parenthood Action Fund,≤100
55713447392,30A,James M Ragsdale,≤100
107889174135541,David Malisow for Delavan's 3rd District Alderman,Deborah A Malisow,≤100
112235732143274,Glacier National Park Conservancy,Michael Robert Cantafio,≤100
215689771967950,Plastic Tides,"Plastic Tides, Inc.",≤100
292018201259366,We Raise Foundation,WE RAISE FOUNDATION,≤100
758857317850758,Urban Farm Academy,Brandon Edward Youst,≤100
105405850844814,Mark Whitney for President,Ellerton Pratt Whitney,≤100
101293961237894,United Parents NM,"OLE EDUCATION FUND, THE",≤100
28896772146,San Diego Zoo,ZOOLOGICAL SOCIETY OF SAN DIEGO,≤100
434635993263210,"King County, Washington - Government","King County, WA",≤100
602040603170590,Americans for Food and Beverage Choice,Americans for Food and Beverage Choice,≤100
243498882520314,FoodFinder,"FOODFINDER, INC.",≤100
58691227283,The New York Young Republican Club,The New York Young Republican Club,≤100
122773549121265,President Trump for Nobel Peace Prize 2020,Tarek None Kteleh,≤100
108906707265489,USA Pooch,"PRESIDENTIAL POOCH, INC",≤100
262173980908600,LTM,LTMShop,≤100
289446947817747,Global Citizen,"GLOBAL POVERTY PROJECT, INC.",≤100
96710501132,Eurasia Group,"EURASIA GROUP, LTD.",≤100
110509307164141,American Patriot Unite,American Patriot Unite,≤100
120421071407438,World Mizrachi,The Orthodox Israel Coalition,≤100
114172129975113,Elisa Martinez for New Mexico,ELISA FOR NM,146
16534314739,Facing History and Ourselves,"FACING HISTORY AND OURSELVES NATIONAL FOUNDATION, INC.",≤100
111324359048459,Dr. Roger Marshall,KANSANS FOR MARSHALL,≤100
399997860992,Educators for Excellence,Educators for Excellence,≤100
355799336705,Outreach International,Outreach International,≤100
109200595768753,The Christian Left,The Christian Left,≤100
107277147375038,The Penrose Papers,Richard W. Gray Jr.,≤100
104499437823630,Winner Takes All,Winner Takes All WTA,≤100
910055409088769,Syrian Forum USA,Syrian Forum USA,≤100
127637620616803,Comcast Newsmakers,These ads ran without a disclaimer,≤100
1019320294761019,Hatikvah Slate,Hadar None Susskind,≤100
1017685345047041,Kim Amen for WEA Vice President,Kimberly Michelle Amen,≤100
2295380127401679,Issues & Insights,Issues & Insights LLC,≤100
427333170759393,ProRate Equine,Prorate Equine,≤100
268311603350722,The American Independent,The American Independent,≤100
10498053716,Media Research Center,MEDIA RESEARCH CENTER,≤100
417465488759285,Gear Genie,Benjamin Phillip Tweedy,≤100
104262622974259,Hollister Incorporated,Mark D Fletcher,≤100
18709174006,National Audubon Society,"NATIONAL AUDUBON SOCIETY, INC.",≤100
1765222000389393,Jill Karofsky for Justice,Jill for Justice,≤100
130912793621553,Food Bank For New York City,Food Bank For New York City,≤100
116546288359245,Heritage Action for America,HERITAGE ACTION FOR AMERICA,≤100
7860876103,Joe Biden,BIDEN FOR PRESIDENT,850
265045056894488,Mark Meckler,Convention of States Action,≤100
30500779658,Interfaith Power & Light,"REGENERATION PROJECT, THE",≤100
59826489083,SELC,SOUTHERN ENVIRONMENTAL LAW CENTER,≤100
104745474214057,HRA - OTC Birth Control,Corey Francis Mc Govern,≤100
183424985463330,Joe Cunningham,JOE CUNNINGHAM FOR CONGRESS,≤100
32802178807,Homes For Our Troops,Homes For Our Troops,≤100
136299005939,Heifer International,HEIFER PROJECT INTERNATIONAL,≤100
191602167588409,Rotary Club of Victorville,Coleen Regina Luque,≤100
40906470040,World Pulse,World Pulse Voices,≤100
8815573924,Utah Food Bank,UTAH FOOD BANK,≤100
267180743723148,National Geographic Society,National Geographic Society,≤100
405469100189512,Still My President - Donald Trump,Red State Politics LLC,≤100
143173285763,Tenth Amendment Center,Tenth Amendment Center,≤100
7833534974,Florida Democratic Party,Florida Democratic Party,≤100
19036504767,Center for Victims of Torture,"CENTER FOR VICTIMS OF TORTURE, THE",≤100
341881063685,"Imprimis, a Publication of Hillsdale College",HILLSDALE COLLEGE,≤100
27461595703,Carbonfund.org Foundation,829 Studios LLC,≤100
130467958471,Jason Lewis,Jason Lewis for Senate,≤100
24470472733,The Trevor Project,The Trevor Project,≤100
314463908651,After Fifty Living,Joanne Sullivan Lema,≤100
301228420816284,Teresa Leger Fernandez,TERESA FOR ALL,≤100
193848101876,Republican Party of SJCNM,Republican Party of San Juan County,≤100
402120963932260,Counterpoint,Counterpoint,≤100
277005566267077,Blueland,These ads ran without a disclaimer,≤100
1737556389685016,Good Money,Good Money,≤100
241247646424302,Jahana Hayes,FRIENDS OF JAHANA HAYES,≤100
2059019737447210,ChangeRoots,ChangeRoots,≤100
613924535450605,Daniel L. Hatcher,Daniel Landon Hatcher,≤100
106123827666098,flatbushgirl,These ads ran without a disclaimer,≤100
675665515802671,Wolven,Wolven,≤100
103116414447197,"Paletz for Colorado, Democrat for House District 6",Steven Andrew Paletz,≤100
169130743498585,Tactical Pro Supply,Chad Keller,≤100
23790541544,Democrats,DCCC,≤100
165364270823448,Aaron Lieberman for Arizona,Elect Aaron Lieberman. Authorized by Aaron Lieberman.,≤100
1849483715167852,Firefly Engagement,"Firefly Engagement Services, Inc.",≤100
112454848794673,Community Food Bank of Southern Arizona,"COMMUNITY FOOD BANK, INC.",≤100
221364705166573,NUNYO & COMPANY,NUNYO & COMPANY,≤100
108180596030668,Elizabeth Dole Foundation,Elizabeth Dole Foundation,≤100
1892187271040911,FreedomWorks Foundation,FreedomWorks Foundation,≤100
641276169335113,Gretchen Driskell for Congress,Gretchen Driskell For Congress,≤100
260131294484,Bethesda Lutheran Communities,Bethesda Lutheran Communities,≤100
111375640322925,Immigrants and Friends for Bernie Sanders-2020,Zeljko Radovanovic,≤100
213289449057297,THE HILLS BOYS,Oscar Hills,≤100
151721606865,Intrepid Fallen Heroes Fund,Intrepid Fallen Heroes Fund,≤100
260401648038890,Science101,Novelty Media,≤100
97685946123,Columbus Public Health,Columbus Public Health,≤100
6726182861,Mike Pence,TRUMP MAKE AMERICA GREAT AGAIN COMMITTEE,≤100
102548631287205,Keep America Great Coin 2020,Keep America Great Coin 2020,≤100
106122894312740,Democrat Party Strong,James R Oddo,≤100
2157366871006791,Full View Games,Scott Lindy Digirolamo,≤100
1010143499143169,Medicare Savings,"Mayo Labs, LLC",≤100
6444807415,Food Allergy Research & Education,Food Allergy Research & Education,≤100
805578126181533,Adrian DeLeon,These ads ran without a disclaimer,≤100
10150100007820094,Wendy Davis,WENDY DAVIS FOR CONGRESS,≤100
350692761610088,Matt Cartwright for U.S. Congress,CARTWRIGHT FOR CONGRESS,≤100
100794248139278,Red Wave Movement,Red Wave Movement,≤100
7192716362,Amnesty International USA,Amnesty International USA,≤100
102377984581168,A Democrat in the Wilderness,Emmanuel Fourakis,≤100
100928564715182,Shout Your Truth,Jeffrey Warren Wright,≤100
18067635868,Putney Student Travel,PUTNEY STUDENT TRAVEL INC,≤100
40523327759,American College of Physicians (ACP),"AMERICAN COLLEGE OF PHYSICIANS, INC.",≤100
275171202515968,Wolf-PAC,Wolf PAC,≤100
2097894726895751,Progressive Blue,Christian None Gardinier,≤100
109903167155203,Mimi Rocah for District Attorney,Mimi Rocah for DA,≤100
651030188696796,Desoto Parish District Attorney's Office,Desoto Parish District Attorney's Office,≤100
2406809952939006,Hair to the Chief,"MHGA Holdings, LLC",≤100
142914269087072,Cornell Lab of Ornithology,Cornell Lab of Ornithology,≤100
128551641258085,Melanie Stansbury for NM,Melanie for New Mexico,≤100
216311481960,Bill Gates,Bill Gates,≤100
374848446414965,Pollking,Benjamin Aaron Perlman,≤100
144429905313,AFSCME Council 31,AMERICAN FEDERATION OF STATE COUNTY & MUNICIPAL EMPLOYEES,≤100
110201667002800,Jewish Republican Alliance,YukoSocial LLC,≤100
8057376739,The Nature Conservancy,Nature Conservancy,≤100
1691667177798461,Brut,Brut,≤100
175149559508478,TreeDiaper,Zynnovation LLC,≤100
139599847972,National Nurses United,BE A HERO PAC,≤100
2406284459692230,Bees4Seas Natural Beeswax Food Wrap,Melissa Marie Eastin,≤100
1653885501501009,Propeller,Propeller Enterprises,≤100
111143288919034,Kate Brophy McGee - State Senate,Kate Brophy McGee AZ - Senate,≤100
111702860231554,Matt Lieberman,Matt Lieberman for Senate,≤100
387028015007642,Colorado Citizens Coalition,Colorado Citizens Coalition,≤100
187209628087347,Defund Planned Parenthood,Joseph Anthony Molnar,≤100
1526736227567131,TrueCoverage,True Coverage,≤100
167586229923327,World Food Program USA,World Food Program USA,≤100
1696537410609658,Graham Hill - Member of NRA Board of Directors,Graham Hill for NRA Board,≤100
102946544466689,No MO Slots,"No MO Slots, LLC",≤100
111216596892874,Abogado.com,Thomson Reuters,≤100
154470397900936,Emin Eddie Egriu,EGRIU FOR CONGRESS,≤100
27139120832,Advancing Native Missions,Advancing Native Missions,≤100
110304423857607,Patriot Wear,Brandon Kyle Fink,≤100
171516669541491,Bright Hope,BRIGHT HOPE INTERNATIONAL,≤100
121033149320,American Indian College Fund,"AMERICAN INDIAN COLLEGE FUND, THE",≤100
109092142462587,Adam Schiff,SCHIFF FOR CONGRESS,≤100
1614345772179172,Greg Gianforte,Greg for Montana,≤100
5720973755,Defenders of Wildlife,DEFENDERS OF WILDLIFE,≤100
468906559794011,LaunchGood,LaunchGood Inc.,≤100
163148530407080,Captain Mark Kelly,MARK KELLY FOR SENATE,≤100
109575145733890,McGuireWoods Consulting,MCGUIREWOODS CONSULTING LLC,≤100
939489182849039,Ruben Major,Ruben Major for Oceanside Mayor,≤100
1374260589465543,Sheepdog Church Security,Sheepdog Church Security,≤100
1436129040048603,Lone Candle,Aaron Kurz,≤100
461204744067686,Family Protection Association,Family Protection Association,≤100
360424321432255,Doha Debates,Doha Debates,≤100
940653386126953,Standingwithyou.org,Standing With You,≤100
140379955280,CFACT,Christina In Hae Wilson Norman,≤100
18082780500,Detroit Public Television,DETROIT EDUCATIONAL TELEVISION FOUNDATION,≤100
1977738355807406,Sharice For Congress,SHARICE FOR CONGRESS,≤100
1280400305319674,Tennesseans for Quality Early Education,Tennesseans for Quality Early Education Policy and Research,≤100
210277954204,The Young Turks,"The Young Turks, Inc.",≤100
1632568446971453,Boredwalk,Boredwalk,≤100
1438882392887793,ADF Church Alliance,Alliance Defending Freedom,≤100
193618220508,LIFE Today,LIFE Outreach International,≤100
2078647579047586,Project Pulso,Project Pulso,≤100
101336841260036,The Christie Institute for Public Policy,The Christie Institute for Public Policy Inc.,≤100
296708523873754,Karla Dennis and Associates Inc.,"Karla Dennis & Associates, Inc",≤100
107036421410,National Safety Council,NATIONAL SAFETY COUNCIL,≤100
458928061510318,Rita Hart for Iowa,RITA HART FOR IOWA,≤100
381423518599637,"Hill and Ponton, P.A.","Hill and Ponton, P.A.",≤100
101714424645728,Martina Jackson for State Representative,Martina Marie Jackson Haynes,≤100
150181591837186,Ted Terry,Ted for Dekalb,≤100
598830780279445,Say Yes to MCC,Say Yes to MCC,≤100
1799282383731277,TwoSeventy,Alexander Jared Deutsch,≤100
10572623775,Hammer Museum,Armand Hammer Museum of Art and Cultural Center Inc.,≤100
213792049451918,Stand For America Now,Stand For America Inc,≤100
104933662932387,CreativeFuture,CreativeFuture,≤100
514442968569467,Northern Illinois Food Bank,NORTHERN ILLINOIS FOOD BANK,≤100
100822738050183,Trump Star 2020,Greek Steel LLC,≤100
142370046577999,Shahid Buttar for Congress,Shahid Buttar for Congress Committee,≤100
20787991568,Senate Democrats,DSCC,≤100
217137015152702,National Sikh Campaign,National Sikh Campaign,≤100
2330577043935831,Sara Gideon,SARA GIDEON FOR MAINE,≤100
594519783957655,Citizens for National Security,Citizens For National Security,≤100
129159563777523,Conservancy of Southwest Florida,ST OF FL CONSERVANCY OF S,≤100
2019228981443626,She the People,She The People,≤100
169561162745,The National Wild Turkey Federation,"NATIONAL WILD TURKEY FEDERATION, INC.",≤100
134845259917779,Rock 'Em Socks,Rock 'Em Socks,≤100
19192438096,AAAS - The American Association for the Advancement of Science,American Association for the Advancement of Science,≤100
195388540623090,National Retiree Legislative Network,NRLN,≤100
160630887998827,Let Them Live,Nathan Montgomery Berning,≤100
109295377337702,Trumplican Store,Minerva LLC,≤100
102592959026,Ocean Conservancy,"OCEAN CONSERVANCY, INC.",≤100
2244779792507645,Gray Matters Radio,Gray Matters Radio,≤100
442177416350461,Jim Kennedy for Congress,JIM KENNEDY FOR CONGRESS,≤100
359933137438156,Nine Line Apparel,Nine Line Apparel,≤100
1487587521541634,President Donald Trump Fan Club,I Love My Freedom,≤100
102413723172970,Nick Adams,Nick Adams,≤100
115525519830230,ישראל שלנו - Israel Shelanu,Yaakov Cohen,≤100
44340057816,UncommonGoods,UncommonGoods,≤100
109097990639753,Unite for Colorado,Unite for Colorado,≤100
788394134539871,USPS Business,United States Postal Service,≤100
142456572894631,Donald Trump Cardboard Cutouts,Garrett Earl Kirschbaum,≤100
1562290543991677,Alliance for a Healthy Kansas,Community Care Network of Kansas,≤100
240290369507552,Bend the Arc Jewish Action,Bend the Arc: Jewish Action,≤100
1187681427913179,100 Years of Deception,Alan Adaschik,≤100
474062436008137,Michael McCaul for Texas,"McCaul for Congress, Inc.",≤100
2602473023098666,Democratic Polling Center,Democratic Governors Association,≤100
97624620788,American Friends of Magen David Adom,AMERICAN FRIENDS OF MAGEN DAVID ADOM,≤100
109784800371914,Protect Kids: Fight Flavored E-Cigarettes,TOBACCO-FREE KIDS ACTION FUND,≤100
237788366660686,Tax March,Tax March,≤100
125319303823,Champlain College,Champlain College Incorporated,≤100
115414341850692,Pastor Stephen Grant Novels,Raymond J Keating,≤100
105229062888132,Stop Soldier Suicide,Stop Soldier Suicide,≤100
163302087408673,Stop The Donald,Stop the Donald,≤100
6244252028,Considerable,Considerable.com,≤100
8895898655,Rainforest Alliance,"RAINFOREST ALLIANCE, INC.",≤100
159964696102,Kevin McCarthy,KEVIN MCCARTHY FOR CONGRESS,≤100
185650221903810,Ralph Norman for Congress,RALPH NORMAN FOR CONGRESS,≤100
155690047804722,Jeanne Morales Attorney,Jeanne Marie Morales,≤100
291260461373618,News and News,News and News,≤100
136211573758668,State Representative Steve Allison,Steve Allison,≤100
147523538641547,Capitol Ministries,CAPITOL MINISTRIES,≤100
46785153750,National Fair Housing Alliance,National Fair Housing Alliance,≤100
336470580233523,Pins and Aces Golf Co.,US Craft Brands LLC,≤100
207901812670026,theSkimm,"TheSkimm, Inc",≤100
2188424341404612,Project Ready,Project Ready,≤100
175580571641,Out of Print,Out of Print,≤100
155818016761,First 5 LA,First 5 LA,≤100
290851614930809,Combat AntiSemitism,Combat Anti-Semitism,≤100
12876978977,SPCA of Texas,SPCA of Texas,≤100
103959221222594,IL Citizens for Accountability,Citizens for Accountability,≤100
2096116803831566,Live Poll for Democrats: 11:59 P.M. Deadline,Democratic Governors Association,≤100
89660729827,National Wildlife Federation Action Fund,NATIONAL WILDLIFE FEDERATION ACTION FUND,144
1621211201473752,OKTreasure.com,Oklahoma State Treasurer's Office,≤100
102617961152741,Barbara Bollier,BOLLIER FOR KANSAS,≤100
408252582872693,Daniella Levine Cava,"Daniella Levine Cava, Non-Partisan, for Miami-Dade County Mayor",≤100
293225127381200,Patriot Depot,The Patriot Depot,≤100
175034712516314,WaterAid America,WaterAid America,≤100
101148251446778,Keep America Great Committee,KEEP AMERICA GREAT COMMITTEE,≤100
433364950062784,Power Over Energy,Power Over Energy,≤100
103616257739565,Vote For Greta,Vote For Greta,≤100
1600352356914768,PushBlack,PushBlack,≤100
100298938781,Robert Wood Johnson Foundation,Robert Wood Johnson Foundation,≤100
100271794771726,New Mexico News,"SmartNews International, Inc.",≤100
723136714746586,The Common Ground Project,"The Common Ground Project, Inc.",≤100
100671838129752,CCW Qualified,Kyle Francis Sekerak,≤100
333259590350049,Yachtsman Condo Rentals,"CIL Digital Marketing, LLC",≤100
112483970336673,VOPAC Victims of Parental Alienation Community,Bartolo Drago,≤100
300719666712627,Moms Demand Action for Gun Sense in America,Everytown for Gun Safety Action Fund Inc,≤100
11111618026,Union of Concerned Scientists,"UNION OF CONCERNED SCIENTISTS, INC.",≤100
13885075114,Action Against Hunger USA,ACTION AGAINST HUNGER - USA,≤100
1764185850558806,Apex Clean Energy,Apex Clean Energy,≤100
72565633140,Soles4Souls,"SOLES4SOULS, INC.",≤100
19342050934,Leadership Institute,LEADERSHIP INSTITUTE INC,≤100
278355662356517,BallotReady,"BallotReady, Inc",≤100
11131463701,truth,TRUTH INITIATIVE FOUNDATION,114
102037361257173,Daniel J. Weckesser for Knox County Sheriff,Committee to Elect Daniel J. Weckesser,≤100
228754857151053,House Majority PAC,House Majority PAC,≤100
175886458122,People's Action,People's Action,≤100
145973965440671,Carnegie Corporation of New York,CARNEGIE CORPORATION OF NEW YORK,≤100
150451082120925,The other 54%,Gregory M Berube,≤100
114467748592136,RacingUSA.com,William David Carrington,≤100
652735891861686,Ben Loyola,BEN LOYOLA FOR CONGRESS,≤100
499379343409991,Impact Fund,"IMPACT FUND, THE",≤100
14440196673,Teamsters,INTERNATIONAL BROTHERHOOD OF TEAMSTERS,≤100
323083351064533,The News Literacy Project,The News Literacy Project,≤100
309308412520731,Sandy Hook Promise,Sandy Hook Promise,≤100
106272007486127,Karen DeSanto Kellogg,Committee to Elect Karen DeSanto Kellogg Judge,≤100
2185993931653388,The Recount,"Recount Media, Inc",≤100
1917715138510680,Follow Your Legend,Legend Bracelet,≤100
327202261326682,Stephanie Bice,Bice for Congress,≤100
137662367278,League of Women Voters of the U.S.,LEAGUE OF WOMEN VOTERS OF THE UNITED STATES,≤100
90498769709,Edenpure,EdenPURE®,≤100
586147734741827,Post Hill Press,Post Hill Press,≤100
152766071443309,The City University of New York,The City University of New York,≤100
104006944272732,Honest Arizona,Advancing AZ,≤100
9538894955,John F. Kennedy Presidential Library and Museum,"John Fitzgerald Kennedy Library Foundation, Inc.",≤100
67945990059,The American Petroleum Institute,AMERICAN PETROLEUM INSTITUTE,≤100
484112108637869,Celeste Williams for Arkansas,CAMPAIGN TO ELECT CELESTE WILLIAMS,≤100
183989338318281,The American Legion National Headquarters,LEGIONNAIRE,≤100
103473317929797,Trump My Pet,Trump My Pet,≤100
247342805512,Toward Being Non-Partisan,Ronald Seibold,≤100
431001283775746,Sam Nation,Sam Nation,≤100
54580146753,Faith in Action,Faith in Action,≤100
114710126648118,Republican Dogs,Republican Dogs,≤100
7962229886,Environmental Working Group,ENVIRONMENTAL WORKING GROUP,≤100
3136140586411627,Jesse Reyes for Illinois Supreme Court,Committee to Elect Jesse G Reyes,≤100
1581066988819381,Alums for Campus Fairness,StandWithUs,≤100
77852784853,Absolut,Pernod Ricard USA,≤100
92925746942,Judicial Watch,Judicial Watch,≤100
101103254533,SOS International,SOS International,≤100
80696790240,Global Ministries (Disciples of Christ and United Church of Christ),Global Ministries - United Church of Christ and Christian Church (Disciples of Christ),≤100
543066585882629,Libertarian Country,Libertarian Country,≤100
127637620616803,Comcast Newsmakers,Comcast,≤100
262062478079324,Mckayla Wilkes for Congress,MCKAYLA WILKES FOR CONGRESS,≤100
104567660952584,Macomb for Kids,Macomb For Kids,≤100
1690071827911682,Cleancult,cleancult,≤100
110948720307431,Americans for a Prosperous Future,WINDWARD FUND,≤100
345751305447288,Daugherty Water for Food Global Institute,Daugherty Water for Food Global Institute,≤100
332172544231683,America's Plastic Makers,"AMERICAN CHEMISTRY COUNCIL, INC.",≤100
1402827079932843,Low Income Relief,The Lighthouse Information Network LLC,≤100
51379424899,Mercy Ships,MERCY SHIPS INTERNATIONAL,≤100
1585761838387907,Unity College Online,Unity College,≤100
673117639774135,Gretchen Whitmer,Gretchen Whitmer for Governor,≤100
103383441248216,James S. Simon,Re-Elect James Simon Committee,≤100
102617961152741,Barbara Bollier,Bollier for Kansas,≤100
5644748986,National Wildlife Federation,NATIONAL WILDLIFE FEDERATION,≤100
132492254050920,American AF,AAF Nation,≤100
746938465317981,Nuclear Matters,Nuclear Matters,≤100
259130650776119,Mitch McConnell,MCCONNELL SENATE COMMITTEE,≤100
1692868424300466,"Socktopus, Ink",Socktopus Ink,≤100
1268410219898273,Tango Tango,Tango Tango Inc,≤100
226678304362580,Healthy Workforce ABQ,Jennifer N Matthews,≤100
2246364628908665,Uniting Missouri,Uniting Missouri,≤100
769395966523308,Eddie J. Mauro,MAURO SENATE CAMPAIGN TEAM,≤100
2311489605552071,Customers Who Care,Customers Who Care,≤100
345504286342057,Keeping America Great Again,RightWingGear.com,≤100
80865461794,Public Service Company of Oklahoma (PSO),Whitney Shawn Emerick,≤100
61878332769,ICNA Relief,ICNA RELIEF USA PROGRAMS,≤100
145380305523723,Secure America Now,Secure America Now,≤100
399067003454888,Sudan Relief Fund,Sudan Relief Fund Inc,≤100
19219803864,Tax Foundation,TAX FOUNDATION,≤100
49414386380,Ilegal Mezcal,Ilegal Mezcal,≤100
179145905973075,Sophie Ratner Jewelry,Sophie Ratner Jewelry,≤100
309993142375589,Joe Kennedy III,KENNEDY FOR MASSACHUSETTS,≤100
151525932186806,When Democrats Turn Out,WHEN DEMOCRATS TURN OUT PAC,≤100
332717716852626,Andrew Warren,Andrew Warren for State Attorney,≤100
328853823844484,Balance of Power,Balance of Power,≤100
178647322882839,MarinerEast2,Energy Transfer,≤100
2023114331282570,Florida Daily,Florida Daily,≤100
375760676281438,Mermaid Straw,Mermaid Straw,≤100
278509982187064,City of Las Cruces Government,"LAS CRUCES, CITY OF",≤100
110306340348651,Donna More for State's Attorney,More for State's Attorney,≤100
133937690180,Student Conservation Association,Student Conservation Association,≤100
28394917492,Second Harvest Food Bank of Central Florida,"SECOND HARVEST FOOD BANK OF CENTRAL FLORIDA, INC.",≤100
112735922758892,Charlie Kirk,Charlie Kirk,≤100
8473889271,National Parks Conservation Association,National Parks Conservation Association,≤100
350316025478383,When We All Vote,When We All Vote,≤100
488460945012999,President Trump 2020,Trump Collections,≤100
345378512258813,Elise Stefanik,ELISE FOR CONGRESS,≤100
111181236964067,New Mexico News Share,New Mexico News Share,≤100
338776239487764,Pennsylvania Record,The Record,≤100
79279853233,Professional Photographers of America,"PROFESSIONAL PHOTOGRAPHERS OF AMERICA, INC.",≤100
43647453076,familydoctor.org,AMERICAN ACADEMY OF FAMILY PHYSICIANS,≤100
138492335404,Scott Walker,"Walker Group, LLC",≤100
216052228433696,Arcus Foundation - Social Justice,ARCUS FOUNDATION,≤100
182723117043,Chicago Council on Global Affairs,"CHICAGO COUNCIL ON GLOBAL AFFAIRS, THE",≤100
45013872425,The Ripon Society,RIPON SOCIETY,≤100
105044144410490,Hot Gear Trends,SI Technews,≤100
143986912311328,University of Vermont Continuing and Distance Education,University of Vermont,≤100
1529468987331408,BulbHead,TELEBRANDS CORP.,≤100
356501381631264,Jerusalem Post,Diane Elise Haner,≤100
2181403648815959,America United,America United Daily,≤100
169277310432049,"Texas Precision Optics, Inc.",Texas Precision Optics Inc,≤100
2452905398272083,Froy Jimenez for Illinois Senate - 1st District,Froy Jimenez for Senate,≤100
100287418232737,Manuel for Washington County,Manuel for Washington County,≤100
229422593795044,State Government Leadership Foundation,State Government Leadership Foundation,≤100
1543830612580575,Beesponsible,Beesponsible,≤100
960002584337213,Shannon Freshour,SHANNON 4 CONGRESS COMMITTEE,≤100
971668776283950,PolicyEd,Hoover Institution,≤100
14038292386,Women for Women International,WOMEN FOR WOMEN INTERNATIONAL,≤100
291102898490822,Giant Maga Hat,Inventors club LLC,≤100
125162818118662,Citizens to Elect Judge Sheree D. Henry,Citizens to Elect Judge Sheree D Henry,≤100
153167611414243,Ohio House Democrats,The Ohio House Democratic Caucus,≤100
394707496275,Threads 4 Thought,Threads 4 Thought,≤100
114008535880,Foundation for Individual Rights in Education,FOUNDATION FOR INDIVIDUAL RIGHTS IN EDUCATION,≤100
2221239651245614,Young Conservatives for Carbon Dividends,Young Conservatives for Carbon Dividends Inc,≤100
433446973789052,Let Us Vote For A Balanced Budget Amendment Citizen's Campaign,Let Us Vote For A Balanced Budget Amendment Citizen's Campaign,≤100
100201718042226,Cory Eli Oshita for Cook County Circuit Judge,Support Cory Eli Oshita for Circuit Court Judge,≤100
103532451038835,Wooden Journey,Wooden Journey,≤100
102330281223041,Tradewater,"Tradewater, LLC",≤100
160946931268,SaludAmerica,These ads ran without a disclaimer,≤100
2681078191918286,Deplorables The Game,Shutemdown LLC,≤100
156296274419595,HarperCollins,HARPERCOLLINS PUBLISHERS L.L.C.,≤100
668145949990925,Responsible PA,Pennsylvania House Republican Campaign Committee,≤100
547176209061125,Medicare for All NOW,Medicare For All NOW,≤100
182079698493370,Portside,Portside,≤100
329272720965256,GALvanize USA,GALvanize USA,≤100
175723919259349,Mayor Scott Singer,Scott Singer for Mayor,≤100
830890360316751,Nick Hanauer,Civic Action,≤100
15687409793,World Wildlife Fund,World Wildlife Fund,≤100
134452023239984,Human Coalition,Human Coalition,≤100
203583423017526,National Immigration Law Center,National Immigration Law Center,≤100
205795426669644,Facts and Logic about the Middle East,Facts and Logic About the Middle East,≤100
328072970642479,Jaime Harrison,JAIME HARRISON FOR US SENATE,107
8924408197,National Partnership for Women & Families,National Partnership for Women & Families,≤100
711478725532801,Civiqs,Civiqs,≤100
142957224352,International Medical Corps,International Medical Corps,≤100
129255907131113,NumbersUSA,NUMBERSUSA EDUCATION AND RESEARCH FOUNDATION,≤100
22898109808,Grist.org,Grist Magazine,≤100
202281636466702,Unseen,Unseen,≤100
657708380952174,Voices of the Civil Rights Movement,Comcast,≤100
17706156005,Ashley Miers,Violet Vista Ventures,≤100
804006622956338,Friends of the Black River Forest,Mary Kathleen Faydash,≤100
1316372698453411,Alexandria Ocasio-Cortez,ALEXANDRIA OCASIO-CORTEZ FOR CONGRESS,118
443426792909089,Americans for America,Thomas E Matakas Jr.,≤100
2267405033373814,Doctor Patient Unity,Doctor Patient Unity,≤100
999556810102061,Signature Seas,Signature Seas,≤100
387809521679376,Support the Residences at Hampshire,The Residences at Hampshire,≤100
147390698637518,Free State Project,Free State Project,≤100
20149036407,Earth Day Initiative,EARTH DAY NEW YORK,≤100
106136417435051,Iwantmyoceanback,Iwantmyoceanback,≤100
11791104453,NRDC,Natural Resources Defense Council,≤100
1284735221676638,BELatina News,BELatina News,≤100
204998436268114,Boyce Thompson Institute,Boyce Thompson Institute,≤100
2386704041588414,The Texan,The Texan,≤100
102988591071943,Daniel Gade,"GADE FOR VIRGINIA, INC.",≤100
384336778589668,Defend Our Constitution,COMMON CAUSE,≤100
200676905671,We Are ALPA,Air Line Pilots Association,≤100
755175814541555,Law Office of Fernando Dubove - Immigration Attorney in Dallas,Law Office of Fernando Dubove,≤100
114386721939978,The Made in America Store,Made In America Store,≤100
102476811262365,Jon Ickes for Common Pleas Judge,Jon M Ickes,≤100
533347293669517,Great American Era,Great American Era,≤100
989115077828893,John Muir Project of Earth Island Institute,John Muir Project,≤100
213998472307,Hoosier Environmental Council,"HOOSIER ENVIRONMENTAL COUNCIL, INC",≤100
100729641303493,ICount NM,I Count New Mexico,313
68771922854,Essence,Shaelyne Antonia Moodie,≤100
958164574314945,Cargill,"CARGILL, INCORPORATED",≤100
21834534343,Volunteers of America,"VOLUNTEERS OF AMERICA, INC.",≤100
192771954102960,Jordan Sekulow,American Center for Law and Justice,≤100
52989768601,Population Connection Action Fund,Population Connection Action Fund,≤100
180382898275,Lerner and Rowe,Lerner & Rowe Injury Attorneys,≤100
229229790561217,Tamara Mellon,"Tamara Mellon Brand, Inc.",≤100
1869687273277265,Run for Something,Run For Something PAC,≤100
109665250456365,The Armed Patriot,Kenneth Micheal Parkerson,≤100
58158120046,ACLJ,American Center for Law and Justice,≤100
80668957414,GoSili,SiliKids Inc.,≤100
296527950373,Felix W. Ortiz,Friends of Felix W. Ortiz,≤100
109111900634787,Reverend Raphael Warnock,WARNOCK FOR GEORGIA,≤100
193700787360321,Our Public Lands,NATIONAL WILDLIFE FEDERATION,≤100
161718535966,Chapman University,Chapman University,≤100
109831277211901,Lauren Bubba McDonald PSC,McDonald for PSC,≤100
100583918006300,Claire-ity,Harvester Road LLC,≤100
101432317199,Blue Cross and Blue Shield Association,BLUE CROSS AND BLUE SHIELD ASSOCIATION,≤100
106883907479649,HUPAC - Health Underwriters Political Action Committee,NATIONAL ASSOCIATION OF HEALTH UNDERWRITERS PAC (HUPAC),≤100
79047202856,People's World,People's World,≤100
13649914583,Equality Now,"EQUALITY NOW, INC.",≤100
55549065733,Voto Latino,VOTO LATINO INC.,≤100
967055460165792,Maverick Doctor,Avishai Osher White,≤100
104027894318612,Inclusion2020,Inclusion2020,≤100
341534259844023,Marco Serna,Marco for Congress,≤100
6985452607,Brita USA,The Clorox Company,≤100
457978651005876,John Schneider,These ads ran without a disclaimer,≤100
2309566456030859,Human Coalition Action,Human Coalition,≤100
7686808625,Jim Inhofe,FRIENDS OF JIM INHOFE,≤100
391872261636792,2020unity,"ForFact LLC, DBA 2020unity",≤100
127755494595870,Progressive Takeover,PROGRESSIVE TAKEOVER,≤100
148485621883625,40 Days for Life,40 Days for Life,≤100
150720154976207,Protect My Public Media,"APTS Action, Inc.",≤100
1224106861035505,Resistbot,Resistbot Action Fund,≤100
23978156246,UnidosUS,UNIDOSUS,≤100
427173501049877,K.T. Manis,People for KT Manis,≤100
13187955196,Young Americans for Liberty,Young Americans for Liberty,≤100
157810487611661,Freethink,Freethink,≤100
497348647140658,Point Source Youth,Point Source Youth,≤100
165551260479306,Lifting Hands International,Lifting Hands International,≤100
107270820796019,Mark Ronchetti,Mark Ronchetti for New Mexico,≤100
30139072158,CARE,CARE,≤100
2074996929444345,Jenner Law,Robert Keith Jenner,≤100
227330344038678,Disco Donnie Presents,Disco Donnie Presents,≤100
6500552187,Hulu,"HULU, LLC",363
46093654473,National Republican Congressional Committee,NRCC,≤100
135500133147357,ProEnglish,US INC,≤100
734827913225473,Center for Communication and Engagement,Kathleen Mary Kennedy,≤100
717417908274761,Lady Freethinker,Lady Freethinker,≤100
203677106322266,Hunnid,Hunnid,≤100
104965807734320,Cave Jokes,Cave Jokes,≤100
179513292162226,American History TV,C-SPAN,≤100
112325855474892,Speak Up For Education and Kids,National Education Association,≤100
322043381633719,Gavin Clarkson for Senate,GAVIN CLARKSON FOR SENATE,274
1934273516856559,Betsy Dirksen Londrigan,BETSY DIRKSEN LONDRIGAN FOR CONGRESS,≤100
440551812676698,Open The Books,American Transparency,≤100
173470656019870,The Daily Yonder,Great Stories LLC,≤100
353682792005802,Heather Mulligan Begley for Judge,Committee to Elect Heather Begley for Judge,≤100
911828698840246,ReLEntless Defender Apparel,ReLEntless Defender Apparel,≤100
11006419356,The Voice of the Martyrs - USA,"VOICE OF THE MARTYRS, INC., THE",≤100
39910576365,National Alliance for Public Charter Schools,NATIONAL ALLIANCE FOR PUBLIC CHARTER SCHOOLS,≤100
309798029121030,Everytown for Gun Safety,Everytown for Gun Safety Action Fund Inc,≤100
138141366212571,Gravis Marketing,GRAVIS MARKETING INC.,≤100
348973409274904,Velvet Hamster,Velvet Hamster,≤100
201248453800242,My Pay My Say,Mackinac Center for Public Policy,≤100
222811984421691,Cold Bee Gone,Joyce K C None Dales,≤100
121626482110,Operation Smile,"OPERATION SMILE, INC.",≤100
57401739949,Better Angels,INSTITUTE FOR AMERICAN VALUES INC,≤100
803133663149079,Dave Heil for Sandoval,David Joseph Heil,≤100
245284549333866,ASMDSS,ASMDSS,≤100
438536186881177,All Clear Foundation,All Clear Foundation,≤100
440850842779072,DuPage Policy Journal,Local Government Information Services,≤100
546497545399440,ASEC - African Sisters Education Collaborative,African Sisters Education Collaborative (ASEC),≤100
195704103779569,Savage Outdoors & The One,Amanda Harris Lee,≤100
662962894077729,The Well News,The Well News,≤100
152264148166020,Moms Clean Air Force,Moms Clean Air Force,≤100
1312902825543317,American Nightmare Film,Jesus Nebot International,≤100
111226867129700,Prideful Patriots,Prideful Patriots,≤100
105561217523274,The_Dispatch,"Dispatch Media, Inc.",≤100
202626512363,U.S. Census Bureau,U.S. Census Bureau,1274
1084856268238034,Trump Talking,Roberto None Lugo,≤100
109889733883173,WE GOT TEEZ,RICHARD ANDREW-WITTE COMISKEY,≤100
253507715172780,Andy Levin,ANDY LEVIN FOR CONGRESS,≤100
127225910653607,PragerU,PragerU,≤100
168109446538119,St. Martin's Press,St. Martin's Press,≤100
467804929927622,Jason Smith,JASON SMITH FOR CONGRESS,≤100
153278754738777,Climate Reality,The Climate Reality Project,≤100﻿
1234251319933440,Exclusive Apparel,The Dude's Designs,≤100
97493741436,John W. Hickenlooper,HICKENLOOPER FOR COLORADO,≤100
1399736660066130,Jews for a Secular Democracy,Society for Humanistic Judaism,≤100
408250066356,Bill O'Reilly,"Bill Me, Inc.",≤100
355294377918872,American Federation for Children - Arizona Chapter,American Federation for Children,≤100
654438468222089,Youth Activism Project,YOUTH ACTIVISM PROJECT INC,≤100
8550121410,Free Speech America Project,MEDIA RESEARCH CENTER,≤100
2777578242259790,Great Again Gear,Great Again Gear,≤100
558555244650663,Harriet Reynolds Music,Donald Craig Holt,≤100
83960796709,Institute for Southern Studies,INSTITUTE FOR SOUTHERN STUDIES INC,≤100
1835838916635491,Transamerica Center for Health Studies,Transamerica Center for Health Studies,≤100
95335385742,National Fish and Wildlife Foundation,NATIONAL FISH AND WILDLIFE FOUNDATION,≤100
133608809985411,One Colorado,ONE COLORADO,≤100
407664862957433,Ammar Campa-Najjar for Congress,AMMAR CAMPA-NAJJAR FOR CONGRESS,≤100
1711465445765878,Nancy Pelosi,NANCY PELOSI FOR CONGRESS,≤100
1194865807192273,Conservative Gear,Outergoods LLC,≤100
107888314009005,Earrings for Hearing,Earrings For Hearing,≤100
2378764399062080,Morrison For State Board of Education,Friends for Jacquelyn Morrison for State Board of Education,≤100
211211155280,Esri,Esri,≤100
245711905631405,Jeff Jackson,Jeffrey Jackson,≤100
302111635698,National Association of Tax Professionals (NATP),National Association of Tax Professionals,≤100
18780321251,American Chemistry,"AMERICAN CHEMISTRY COUNCIL, INC.",≤100
103916901051975,Immigration Ally,Walker Gates Vela PLLC,≤100
1051430974924195,I Love Donald Trump,James R Oddo,≤100
23362993101,Center for Immigration Studies,CENTER FOR IMMIGRATION STUDIES,≤100
149745555082419,Pioneer Institute for Public Policy Research,"Pioneer Institute, Inc.",≤100
118502801658228,Young Kim,Young Kim for Congress,≤100
458142697588014,AARP Public Policy Institute,AARP,≤100
376250065793807,Citizens for Responsible Energy Solutions,Citizens for Responsible Energy Solutions,≤100
21375324480,The Heritage Foundation,HERITAGE FOUNDATION (THE),≤100
111812468884033,W.K. Kellogg Foundation,W. K. KELLOGG FOUNDATION,≤100
296093157932840,The Fulcrum,Issue One,≤100
103009087770334,Get Trumpcare Now,The Stuart Agency,≤100
665345483483486,NRA - National Rifle Association of America,NATIONAL RIFLE ASSN OF AMERICA,≤100
180396722015199,Reporters Without Borders (RSF USA),REPORTERS WITHOUT BORDERS INCORPORATED,≤100
711909245654048,National Police Support Fund,National Police Support Fund,≤100
792668760881092,High Ball Time with your Uncle Otis,Patrick Joseph Fant,≤100
289359554914740,We Have A Stake,The ANCOR Foundation,≤100
18479402361,No Kid Hungry,No Kid Hungry,≤100
105610970947657,MY 2A GEAR,Leon Mckensizy Dunn,≤100
76025018070,San Francisco-Marin Food Bank,San Francisco-Marin Food Bank,≤100
1475056949212605,Charity Mobile,Charity Mobile,≤100
366351973736242,Red Rock Secured,Red Rock Secured,≤100
38882699096,Polaris,POLARIS PROJECT,≤100
487569614682924,CAPP USA,Yellow Line Productions LLC,≤100
279599502172409,Patriot Mobile,Patriot Mobile,≤100
143073625758172,Utica Education Association,Utica Education Association,≤100
383877235817031,Keep America Great,Keep America Great,≤100
33110852384,Doctors Without Borders/ Médecins Sans Frontières (MSF),Doctors Without Borders/Médecins Sans Frontières (MSF),114
214784070808,104.7 WIOT Toledo's Rock,These ads ran without a disclaimer,≤100
500410440069924,Dan "Taxation Is Theft" Behrman for President 2020,COMMITTEE TO ELECT DAN TAXATION IS THEFT BEHRMAN,≤100
104982977708871,Dr. Bisham Singh,Dr. Bisham Singh for Congress,≤100
205148492837912,We Are Ohio,We Are Ohio,≤100
108954867161862,Keep Judge Melissa Kennelly,The Committee to Keep Judge Melissa A Kennelly,≤100
89324781720,Pat Toomey,Friends of Pat Toomey,≤100
30914589895,The International Fellowship of Christians and Jews,"INTERNATIONAL FELLOWSHIP OF CHRISTIANS & JEWS, INC.",≤100
15503839732,Peter G. Peterson Foundation,Peter G. Peterson Foundation,≤100
100968598130407,Tax Support Center,Mercedes Lease,≤100
130824026321,Mott Community College,Mott Community College,≤100
130196227157534,American Forum For Israel,Eugene Lekakh,≤100
1099089066943112,MAGA Louisiana,MAGA Louisiana,≤100
567371470277443,The Wilderness Society Action Fund,The Wilderness Society Action Fund,≤100
1399926390134311,Nature's Generator,Huntkey USA Inc,≤100
993170540697253,"City of Lovington, New Mexico",James Williams,≤100
298827966811602,Trump Recession,Maurice Lane Ponsart,≤100
461530314600399,Common Sense American Politics,Common Sense American Politics,≤100
160191644025128,Walton Family Foundation,WALTON FAMILY FOUNDATION INC,≤100
427084097477881,America's Health Insurance Plans (AHIP),America's Health Insurance Plans,≤100
207833736045744,MHAction.org,Kevin R Borden,≤100
47924244850,Tony La Russa's Animal Rescue Foundation,Tony La Russa's Animal Rescue Foundation,≤100
97466887664,Innocence Project,"INNOCENCE PROJECT, INC., THE",≤100
84280132559,American Legislative Exchange Council,AMERICAN LEGISLATIVE EXCHANGE COUNCIL,≤100
243056493267394,The Great Healing,Stephen John Erickson,≤100
27544763621,Prison Fellowship,Prison Fellowship,≤100
73727120674,Rush University System for Health,Rush University System for Health,≤100
105953890782784,The Factual,The Factual,≤100
1305943179552668,Forrest Johnson,Forrest Nels Johnson,≤100
109136650636111,Harold Hayes for State Representative,Friends of Harold M. Hayes,≤100
6165653060,AFSCME,AMERICAN FEDERATION OF STATE COUNTY & MUNICIPAL EMPLOYEES,≤100
73970658023,International Rescue Committee,International Rescue Committee,≤100
213254292034436,Out & Equal Workplace Advocates,OUT & EQUAL WORKPLACE ADVOCATES,≤100
121358125934736,Move Forward - Yes on 7,The Move Forward PAC,≤100
1750699881894920,Yvette Herrell for Congress,YVETTE4CONGRESS,177
100401327980848,National Parents Union,National Parents Union,≤100
112914570241993,Smart Investor Tips,Smart Investor Tips,≤100
1191336950894416,City of Carlsbad NM Government,Social Media Manager,≤100
56780242206,Agros International,Sierra Hana Golden,≤100
950998258312654,Knowhere,"Knowhere, Inc.",≤100
223315101050132,Waters Kraus & Paul,Waters Kraus & Paul,≤100
1402630976626068,Adelante con Patricia NM House District 13,Campaign to Elect Patricia Roybal Caballero,≤100
177608652618,VirtualJerusalem.com,J Media Global LLC,≤100
1745418332339003,Aspire Gear,Aspire Gear,≤100
93228695778,Tea Party Patriots,Tea Party Patriots,≤100
79820371749,Ayanna Pressley,THE COMMITTEE TO ELECT AYANNA PRESSLEY,≤100
1362611860520997,Hill Firm,Hill Firm,≤100
560140464159364,Stand for the 2nd Amendment,SFT2 Tactical Supply,≤100
156971704365930,Democratic Party of Valencia County,Democratic Party of Valencia County,≤100
49209604726,Vermont Teddy Bear,"VERMONT TEDDY BEAR CO., INC., THE",≤100
111393882812494,Amy McGrath,"AMY MCGRATH FOR SENATE, INC.",≤100
104160191036129,Shermela For Judge,Shermela For Judge,≤100
168876449866088,The Years Project,The Years Project,≤100
102099304568286,Protecting Ohio: Alice DeWine for Greene County Prosecutor,Protecting Ohio Action Fund,≤100
105536127617594,The American Digest,The American Digest,≤100
274290832609763,Protect Our Defenders,Protect Our Defenders Foundation,≤100
386305465057247,Liberty Nation,Liberty Nation,≤100
602714436529710,End Citizens United,END CITIZENS UNITED,≤100
1864721517082089,Democratic Attorneys General Association,Democratic Attorneys General Association,≤100
240425642652222,South Florida Wildlands Association,South Florida Wildlands Association,≤100
203197030603239,8 Billion Trees,8 Billion Trees LLC,≤100
104162591089536,Travis Cox for PEC Board District 4,Victoria Anne Cox,≤100
110257623864359,Cool Mud Flaps,"OHIO LASER, LLC",≤100
130268756992804,Yale Climate Connections,Yale Climate Connections,≤100
44224524016,American Kidney Fund,"AMERICAN KIDNEY FUND, INC.",≤100
66926603938,American Zionist Movement,"AMERICAN ZIONIST MOVEMENT, INC.",≤100
104339194296642,Social Nostra,Social Nostra,≤100
123965317665623,N-Hance Wood Refinishing,N-Hance Inc.,≤100
661744180680367,National Police Association,"NATIONAL POLICE ASSOCIATION, INC.",≤100
100580918059008,Gary Bradford for Pasco County Commissioner,"Gary Bradford, Republican, for Pasco County Commissioner",≤100
129240690441636,NAACP Legal Defense Fund,"N. A. A. C. P. LEGAL DEFENSE AND EDUCATIONAL FUND, INC.",≤100
2323471027903589,Bridging Minds,Bridging Minds,≤100
1227468047416089,Duet,Give Duet Inc,≤100
131571436869348,Texas HDCC,Texas HDCC,≤100
5435784683,Greenpeace USA,"GREENPEACE, INC.",≤100
133913826633461,Grassroot Institute of Hawaii,Grassroot Institute of Hawaii,≤100
473227436105637,American Jewish Congress,American Jewish Congress,≤100
2092316420802349,You've got to be kidding me,Active 7 Warehouse,≤100
1148292668573296,Bernie 2020,Robin Alana Crabtree,≤100
304062610300415,VozWire,Gregson E Mathe,≤100
164427643612907,Futures Without Violence,Wendi Lea Aarons,≤100
201956993160690,MRCTV,MEDIA RESEARCH CENTER,≤100
472981489476333,Alan Cohn,COHN FOR CONGRESS 2020,≤100
248181906078243,National Institute for Civil Discourse,CommonSense American,≤100
108418657355607,LoneStar Graphix,These ads ran without a disclaimer,≤100
680549575421741,UnitedVoice.com,"Beachside Media, Inc.",≤100
237477017606,Club for Growth,Club for Growth,≤100
785936231584382,Paula Jean Swearengin,Paula Jean for West Virginia,≤100
976589385686285,Raúl Torrez,Raúl Torrez for NM,≤100
348927178837153,IL 14 UNITED,ILLINOIS 14 ALLIANCE,≤100
573929926277617,My Beautiful Stutter,James Ryan Gielen,≤100
281844617168,Jewish Voice Ministries International,JEWISH VOICE MINISTRIES INTERNATIONAL,≤100
57846092173,American Bible Society,American Bible Society,≤100
101377564806423,T-Shirt Hype,Michael Kim Martinez,≤100
113666459994300,Big Dan Rodimer for Congress,RODIMER FOR CONGRESS,≤100
104679177804089,45 Changes Lives,Jeffrey Osinski,≤100
502969216761221,Common Sense Civics and Citizenship,Candace Donnelly,≤100
103851564652,Waterkeeper Alliance,WATERKEEPER ALLIANCE INC,≤100
1754034854890885,Joseph Sanchez for Congress,JOSEPH SANCHEZ FOR CONGRESS,≤100
7483836629,Ancestry,Ancestry.com Operations Inc.,≤100
175672252499829,Trending Views,Trending Views,≤100
50714237985,The Rutherford Institute,RUTHERFORD INSTITUTE,≤100
338855069522459,Im Tirtzu,Im Tirtzu,≤100
1750471095167410,Trump Train News,Trump Train News,≤100
1658135304460341,MANG,MANG,≤100
7292655492,MoveOn,MOVEON.ORG CIVIC ACTION,≤100
1800072483402009,African Community & Conservation Foundation,African Community & Conservation Foundation,≤100
872842866161157,One Nation Design,One Nation Design,≤100
15351475322,Cathy McMorris Rodgers,Cathy McMorris Rodgers for Congress,≤100
1387062348242626,ProgressNow Arizona,ProgressNow AZ,≤100
112942500238297,Trees4Australia,Trees4Australia,≤100
1451520385099902,Equal Voice Action,Equal Voice Action,≤100
102469394705590,Freedom Studios,These ads ran without a disclaimer,≤100
46884117504,John Matthew Walker,John Matthew Walker,≤100
101183127996396,Four Is Enough,PACRONYM,≤100
788632858205691,Zero Waste Face,Zero Waste Face,≤100
25998443394,MedPage Today,"EVERYDAY HEALTH, INC.",≤100
7035457015,Brave New Films,BRAVE NEW FOUNDATION 501(C)(3),≤100
152926718105068,FloWater,FloWater,≤100
885797821467046,Joyous Organics,Ronald Lee Yates,≤100
459890014763287,Rocky Mountain Values,Rocky Mountain Values,≤100
104883137744509,The Patriotic Apparel Company,Jack Vincent Michael Givens,≤100
96935476345,Democratic Governors Association (DGA),DEMOCRATIC ACTION,≤100
942916745862885,Silver Falls Sustainability Co.,Silver Falls Sustainability Co,≤100
101445944792751,Ben Rodefer for NM,Ben Rodefer for NM,≤100
198365307706211,Illegal The Project,Illegal The Project,≤100
2223151871134889,Trump45Merch,Thomas Charles Granack,≤100
1441704426074372,Douglas Taurel,The American Soldier,≤100
21492729544,Catholic Relief Services,CATHOLIC RELIEF SERVICES - UNITED STATES CONFERENCE OF CATHOLIC BISHOPS,≤100
104704000907113,Herb Schultz for Rock Island County State's Attorney,Friends of Herb Schultz,≤100
171651620209487,Brady PAC,Brady Pac,≤100
12692955711,Chronicle of Higher Education,"CHRONICLE OF HIGHER EDUCATION, INC. (THE)",≤100
101568761447230,Compensation Experts USA,Injury Compensation Center,≤100
142665849854371,House Freedom,HOUSE FREEDOM FUND,≤100
1836138529938551,Greater Half,Greater Half,≤100
125649561365522,J.D. Scholten,SCHOLTEN4IOWA CAMPAIGN COMMITTEE,≤100
96171427550,Raja for Congress,FRIENDS OF RAJA FOR CONGRESS,≤100
720943967965149,AFSCME Retirees,AMERICAN FEDERATION OF STATE COUNTY & MUNICIPAL EMPLOYEES,≤100
420424547981908,In Search of Liberty,Scott Dennis Welch,≤100
106333028376,"Nichols Kaster, PLLP",Nichols Kaster PLLP,≤100
465483726908192,iVote,IVote Civic Education Fund,≤100
590660300952992,CN4 Partners,CN4 Partners,≤100
108970206976,World Vision USA,WORLD VISION INC.,≤100
7292655492,MoveOn,MOVEON.ORG POLITICAL ACTION,≤100
114017173453172,Eric Wolterman for Recorder,Eric Wolterman Campaign,≤100
194377127954,Ladders,These ads ran without a disclaimer,≤100
102795071235619,Vote Blue Not Orange,Vote Blue Not Orange™,≤100
70795936969,Children International,CHILDREN INTERNATIONAL,≤100
238473269650980,Capital & Main,CAPITAL & MAIN,≤100
393152446778,Forward Together,FORWARD TOGETHER,≤100
104851617686932,Concealed Country,Concealed Country,≤100
43287633515,Alliance for Climate Education,Alliance for Climate Education,≤100
126498287375611,Michigan League of Conservation Voters,MICHIGAN LEAGUE OF CONSERVATION VOTERS,≤100
92368229508,Community Food Bank of Eastern Oklahoma,Community Food Bank of Eastern Oklahoma,≤100
131217580266597,National Council on Aging,"NATIONAL COUNCIL ON AGING, INC.",≤100
424443217623488,Clarion Project,Clarion Project,≤100
1528741944038372,Boyd For Mayor,Candidate for mayor of Wilton Manors,≤100
1311291038982513,2A Gear,Teecreations LLC,≤100
100169011550016,Legends Of Life,Matthew James Stine,≤100
273546779885377,The Gallant Pelham,"The Gallant Pelham, LLC",≤100
105264094403642,Trump MAGA Swag,James Richard Griffin,≤100
143021112391265,Jacobin magazine,Jacobin Foundation,≤100
224684514243482,Tom Cotton,"COTTON FOR SENATE, INC.",≤100
297281494147774,Good Morning Liberty Podcast,Good Morning Liberty,≤100
143152622368089,San Diego Zoo Safari Park,ZOOLOGICAL SOCIETY OF SAN DIEGO,≤100
111309842220631,Greenleaf Gifts,"Greenleaf, Inc.",≤100
113335773562471,President Trump For Re-Election,Great American Era,≤100
88224465289,Dropps,"Dropps (Cot'n Wash, Inc.)",≤100
1553978148244954,Build With Strength,Build With Strength,≤100
29776517202,Second Harvest Heartland,SECOND HARVEST HEARTLAND,≤100
317667194946264,Ro Khanna,RO FOR CONGRESS INC,≤100
64064370581,North Texas Food Bank,North Texas Food Bank,≤100
1664959567149320,Wholesome Culture,Wholesome Culture,≤100
106364329441748,Margaret W. Wong & Associates,"WONG, MARGARET W & ASSOCIATES CO LPA (INC)",≤100
165987503528599,Lindsey Graham,"TEAM GRAHAM, INC.",≤100
630718673748746,Women for America First,Women for America First,≤100
279846350948,St. Labre Indian School,St. Labre Indian School,≤100
1552070021731538,Be Conscious. Be Kind.,Be Conscious. Be Kind.™️,≤100
169294473121454,Policetees.com,PoliceTees.com,≤100
242960515598,Military Spouse,Victory Media DBA Military Spouse,≤100
307943569254319,Florida Rights Restoration Coalition,Florida Rights Restoration Coalition,≤100
555394394483002,Urban Resource Institute,Urban Resource Institute,≤100
105157547707027,Patriot Provision Co.,Patriot Provision Co.,≤100
168367339845613,The Humane League,The Humane League,≤100
383677738397139,Association for Accessible Medicines,Association for Accessible Medicines,≤100
6396394069,Ron Kind,KIND FOR CONGRESS COMMITTEE,≤100
46347342434,EMILY's List,EMILY'S LIST,≤100
100475094679367,Pete Cowden,Friends to Elect Pete Cowden,≤100
102745147891580,Trump Coolers,Eric Clifford Juels,≤100
370783806625168,CarsonWatch,PUBLIC ADVOCATES INC,≤100
166618413413767,Jay Sekulow,American Center for Law and Justice,≤100
190987118163092,Connected Clothing Company,Connected Clothing Company,≤100
436340226444357,Clergy in Support of the 2nd Amendment,Robert Warde,≤100
90107797870,Houston Food Bank,"HOUSTON FOOD BANK, THE",≤100
222849185175901,Better Jobs New Mexico,Energy Media,≤100
30708742052,FCTRY,FCTRY,≤100
16477459734,League of Conservation Voters,"LEAGUE OF CONSERVATION VOTERS, INC",≤100
137427899615856,"Central Union Mission, DC",CENTRAL UNION MISSION (INC),≤100
200786346607536,Phil Marden Design,Philip Snyder Marden,≤100
791543660926838,"I'll go ahead and keep my guns, Thanks",2A4LIFE LLC,≤100
17203056985,Partners In Health,Partners In Health,≤100
6315243665,Faith in Public Life,"FAITH IN PUBLIC LIFE, INC.",≤100
153080620724,Donald J. Trump,TRUMP MAKE AMERICA GREAT AGAIN COMMITTEE,141
9062006483,REI,"RECREATIONAL EQUIPMENT, INC.",≤100
322044193958,Mike Turner for Congress,Citizens for Turner,≤100
6162159887,The World,The World,≤100
394817334402124,2020 Trump Bill,Innovative Ecomm LLC,≤100
101489494640761,Jared Vander Dussen,JARED FOR NEW MEXICO,≤100
1801237890175919,The Denice Gary Show,Denice Garypandol,≤100
490605891393110,Bead the Change,Bead the Change,≤100
595854897124850,Shatterproof,Shatterproof,≤100
431099560800970,Front Page Live,"Front Page Live, Inc.",≤100
99056648937,NIAC,NIAC Council,≤100
949106395170846,"Kevin Shutty for Mason County Commissioner, Dist.2",Kevin Sean Shutty,≤100
219224241438635,Compassion & Choices,COMPASSION & CHOICES,≤100
80562389320,NARAL Pro-Choice America,NARAL Pro-Choice America,≤100
521010658436453,Mike Ghassali For Congress,GHASSALI FOR CONGRESS,≤100
169440273093442,The Center for Election Science,The Center for Election Science,≤100
110448730460497,Tom Watson for Congress,William Spencer Hatton,≤100
2171158826509354,Earth & Friends,These ads ran without a disclaimer,≤100
165014546858456,Free To Choose Network,FREE TO CHOOSE,≤100
169830155029,m/Oppenheim Associates,m/Oppenheim,≤100
153080620724,Donald J. Trump,"DONALD J. TRUMP FOR PRESIDENT, INC.",≤100
96159580682,Maine Democratic Party,MAINE DEMOCRATIC PARTY,≤100
18813753280,Human Rights Campaign,"HUMAN RIGHTS CAMPAIGN, INC.",≤100
103817564565798,Sound Home Savings,Alexis Travieso,≤100
101422711355357,Erich Cole For County Commissioner District 4,Erich Franklin Cole,≤100
1055873511190792,Hello Resistance,Hello Resistance Apparel,≤100
108519723832934,RAFT,Alexandra Marie Duany Saavedra,≤100
177544721630,The Stanford Review,The Stanford Review,≤100
117058854998779,The Gideons International,"GIDEONS INTERNATIONAL, THE",≤100
352527958302,Israel on Campus Coalition,Israel on Campus Coalition,≤100
109360297266116,Fearless Patriot,TERESA NONE OHARA-MARSH,≤100
103022784417075,NOW,NOW Company,≤100
108777231824,Manhattan Institute for Policy Research,MANHATTAN INSTITUTE FOR POLICY RESEARCH INC,≤100
298964866859647,Flows To Bay,Flows To Bay,≤100
9785626650,Public Citizen,PUBLIC CITIZEN INC,≤100
17911165812,Covenant House International,Covenant House,≤100
19420215926,CNSNews.com,MEDIA RESEARCH CENTER,≤100
103285009618,Tennessee Entertainment Commission,Tennessee Entertainment Commission,≤100
593289284500311,Trump Rack,BOXD Marketing,≤100
154510321337994,Chris Pappas for Congress,CHRIS PAPPAS FOR CONGRESS,≤100
209516845093,NRDC Action Fund,NRDC Action Fund,≤100
54787697857,Ron Wyden,WYDEN FOR SENATE,≤100
159451857482535,New Mexico Nature Conservancy,Nature Conservancy,≤100
183517831660100,Morning Consult,Morning Consult LLC,≤100
113139700106608,Should be in Canada 2,Sandra Tabacinic,≤100
2196281620653830,Footprint,Footprint,≤100
96826022393,Yale Environment 360,Yale Environment 360,≤100
6787988478,Physicians for Human Rights,"PHYSICIANS FOR HUMAN RIGHTS, INC.",≤100
101755761321515,Aaron Harber for CU Regent,Harber for Colorado,≤100
105556394228711,Republican Authority,Republican Authority,≤100
156392276602,Strong Towns,Strong Towns,≤100
624872801004570,Give a Child a Voice - Eric Erdman,Miguel Dacosta,≤100
1671853789719240,Palomar: Oklahoma City's Family Justice Center,Oklahoma City Family Justice Center Inc.,≤100
1824165801199201,The Fight Against Antimicrobial Resistance,"Paradigm Solutions, LLC",≤100
236661948182,SEMA Action Network,SPECIALTY EQUIPMENT MARKET ASSOCIATION,≤100
182658925089088,FINCA,"FINCA INTERNATIONAL, INC.",≤100
102940454617160,Liberty For All Co.,Liberty For All Co.,≤100
150322194563,PASA Primates: Pan African Sanctuary Alliance,PAN AFRICAN SANCTUARIES ALLIANCE,≤100
51405613519,Focus on the Family,Focus on the Family,≤100
356431274698532,Ryan Hampton,Ryan Hampton,≤100
299588323424419,Legal Newsline,The Record,≤100
279395135421721,Share Change,The Salvation Army - USA Western Territory,≤100
186932688457686,CHNGE,CHNGE,≤100
735450726543930,Clergy for a New Drug Policy,Clergy for a New Drug Policy,≤100
246491525549550,Education Post,Education Post,≤100
107953199261156,ifaw,"INTERNATIONAL FUND FOR ANIMAL WELFARE, INC.",≤100
578692095955262,Protect the Promise,Protect the Promise,≤100
1682876188698809,United for Respect,United for Respect,≤100
124955570892789,Bernie Sanders,BERNIE 2020,366
329893367738313,Yes Cascadia,Yes Cascadia,≤100
240203263118328,Elissa McBride,AMERICAN FEDERATION OF STATE COUNTY & MUNICIPAL EMPLOYEES,≤100
729627343834501,Kialo,Kialo,≤100
342294162453301,Planned Parenthood,Planned Parenthood Federation of America,≤100
129278807814364,Welcome.,Welcome.,≤100
789696478072946,The Liberty Loft,The Liberty Loft,≤100
740266592735787,Free to Be Kids,Free To Be Kids,≤100
116534199732974,USA Carry Online,USA Carry Online,≤100
115543458525814,New Mexico Oil & Gas,New Mexico Oil and Gas Association,376
700941689954518,Defend Our Future,Defend Our Future,≤100
110962293652494,Donald Trump Keep America Great 2020 Re-election,Excital,≤100
510983808935302,Parker Hudson,Frank Parker Hudson Jr,≤100
175068270105,Seattle's Union Gospel Mission,SEATTLE'S UNION GOSPEL MISSION,≤100
104456304504348,Online Carry Course USA,Arin Aghajani,≤100
2123857067900729,Brenda Siegel for Vermont,Brenda For Vermont,≤100
114128055303516,ProgressNow New Mexico,ProgressNow New Mexico Education Fund,547
112760933447418,Alice DeWine for Greene County Prosecutor,Friends of Alice DeWine,≤100
59877921429,Lutheran Immigration and Refugee Service,"LUTHERAN IMMIGRATION AND REFUGEE SERVICE, INC.",≤100
1892022607699008,Cocky Trump,Freedom Fighters USA,≤100
109119117309521,Two For All Anchorage - Vote YES on 12,Robert Allen Cupples,≤100
1334691340028339,Hartigan for Judge,Committee To Elect Russ Hartigan Judge,≤100
107199049318619,Friends of Derek Kilmer,PEOPLE FOR DEREK KILMER,≤100
259632267542,Zionist Organization of America,Zionist Organization of America,≤100
198001351897,Wounded Warriors Family Support,WOUNDEDWARRIORS FAMILY SUPPORT INC,≤100
109788797242679,The Patriot Circle,These ads ran without a disclaimer,≤100
599037717094428,Lil Guillotine,Liam Robert Manjon,≤100
698400060189827,Dan Sullivan,Alaskans for Sullivan,≤100
8047221596,Save the Children US,"SAVE THE CHILDREN FEDERATION, INC.",≤100
384279532213665,Becca Linnig For Scottsdale Council,Becca Linnig For Scottsdale Council,≤100
850987751583079,Windermere Sun,These ads ran without a disclaimer,≤100
100787471467527,Knowyourvote,Knowyourvote,≤100
105025901091483,Republican Party Strong,James R Oddo,≤100
136121223083299,Sea Turtle Conservancy,"SEA TURTLE CONSERVANCY, INC.",≤100
530604487365010,Old Glory Flagpole Kits,Service First Flag Poles,≤100
186319338839,GLAAD,"GLAAD, INC.",≤100
8524198486,Physicians Committee for Responsible Medicine,"PHYSICIANS COMMITTEE FOR RESPONSIBLE MEDICINE, INC.",≤100
2283535575207809,Ditch Mitch,DITCH FUND,≤100
106667964023688,Modern Jungle,Modern Jungle Press,≤100
115268821893794,Environmental Action,"Environmental Action, Inc.",≤100
15041226930,Oxfam,"OXFAM AMERICA, INC.",≤100
481331019059116,The Published Reporter,The Published Reporter,≤100
557113921291144,Learning Dynamics,4 Weeks To Read LLC,≤100
645538035569431,FundKite,AKF Inc. dba FundKite,≤100
149411962570,Do Something Church,Douglas Stuart Mcqueen,≤100
176940959017718,Mayor Frank C. Ortis,Mayor Frank Ortis,≤100
28510612138,Uncommon Knowledge,Hoover Institution,≤100
105844410767627,The Mini Activist,The Mini Activist,≤100
188383074570800,Aquapparel,Aquapparel,≤100
127387580531,Meals on Wheels North Central Texas,MEALS ON WHEELS OF JOHNSON AND ELLIS COUNTIES INC.,≤100
91223411833,Medical Teams International,Medical Teams International,≤100
278490715553293,Martha McSally,MCSALLY FOR SENATE INC,≤100
100256754899828,Patriot's Cave,Patriot's Cave,≤100
120522437962280,Hutchins Center for African & African American Research,The Hutchins Center for African & African American Research at Harvard University,≤100
78420171887,Sailors for the Sea,SAILORS FOR THE SEAINC,≤100
265121981068221,Civic 365,Muneer None Uddin,≤100
117083799663539,Colleen Ann Reali for Judge,Colleen Ann Reali for Judge,≤100
293409964049501,World Tree: Growing a Sustainable Future,World Tree Technologies Inc.,≤100
384006901653736,The Moore Charitable Foundation,Moore Charitable Foundation,≤100
27478282874,UNITE HERE!,UNITE HERE,≤100
34521916336,Brent Bozell,MEDIA RESEARCH CENTER,≤100
112420993589373,Young and Old for America,Andrew Joseph Young,≤100
77903485992,Concerned Women For America LAC,CONCERNED WOMAN FOR AMERICA LEGISLATIVE ACTION COMMITTEE,≤100
7219151423,The Fund for American Studies (TFAS),The Fund for American Studies,≤100
416381175589490,Sam Peters,COMMITTEE TO ELECT SAM PETERS,≤100
107761702578379,American Institute for Cancer Research - AICR,American Institute for Cancer Research,≤100
1963992303848678,DHVANI,DHVANI,≤100
289213691238937,Thrasher Coffee,Thrasher Coffee Co.,≤100
164513254148611,America's Voice News,Barbara Jean Lawrence,≤100
148874901834882,Luke Air Force Base Thunderbolt,"Aerotech News and Review, Inc.",≤100
102047517918,The Commonwealth Fund,"COMMONWEALTH FUND, THE",≤100
6041057841,The Humane Society of the United States,"HUMANE SOCIETY OF THE UNITED STATES, THE",≤100
289216861751561,Path to 100,"Solar Energy Industries Association, Inc",≤100
309798029121030,Everytown for Gun Safety,Everytown for Gun Safety Support Fund Inc,≤100
21455818797,Feed the Children,"FEED THE CHILDREN, INC.",≤100
417003782372467,Foundation Blue Media,Foundation Blue LLC,≤100
197374340229,E2 - Environmental Entrepreneurs,E2 (Environmental Entrepreneurs),≤100
153446658100252,Lumina Foundation,Lumina Foundation,≤100
11911627997,Pancreatic Cancer Action Network,"PANCREATIC CANCER ACTION NETWORK, INC.",≤100
21999960184,Operation Blessing,Operation Blessing,≤100
547176209061125,Medicare for All NOW,Medicare For All NOW!,≤100
105907419439290,Allen Skillicorn for IL,Taxpayers For Skillicorn,≤100
587681288088728,Adam Brandon,"FREEDOMWORKS, INC.",≤100
834645469890446,Devin Nunes,DEVIN NUNES CAMPAIGN COMMITTEE,≤100
109163063823636,Adrienne for Kansas,FOSTER FOR KANSAS,≤100
107384664162352,Trumpocchio,John Edward Smythe,≤100
344690446467832,The Copper Courier,Courier Newsroom,≤100
161879897191723,EarthX,EarthX,≤100
105986927538317,Triump Apparel,Triump Apparel,≤100
1290536624348001,Informed Immigrant,FWD.us Education Fund,≤100
556053417823972,The Burkean Conservative,Joseph Weston Siler,≤100
28446275521,Military Officers Association of America (MOAA),Military Officers Association of America,≤100
8492293163,Environmental Defense Fund,Environmental Defense Fund,≤100
60182072999,Lila Rose,Live Action,≤100
184373328845372,Gigi Raffe,Gigi Raffe,≤100
73277646827,Trees for the Future,Trees for the Future,≤100
1905515863109983,Power In Cooperation,ConocoPhillips,≤100
67822755168,Taina Asili,Gaetano Jonathan Vaccaro,≤100
69039563201,Open Doors USA,"OPEN DOORS WITH BROTHER ANDREW, INC.",≤100
181183059253295,Dorsal Bracelets,Dorsal Bracelets,≤100
356454461180194,Shon Mehta,These ads ran without a disclaimer,≤100
6240652407,Young America's Foundation,YOUNG AMERICA'S FOUNDATION INC,≤100
83290028957,Care Net,CARE NET,≤100
105105017698613,Friends for Judge Marubio,Friends for Judge Marubio,≤100
1406149713044974,Intellectual Judaism,Vladimir Ephraim Minkov,≤100
170918006892,G.I. Jobs,Victory Media DBA GI Jobs,≤100
15779440092,National Review,"NATIONAL REVIEW, INC.",≤100
221890358218748,Til Valhalla Project,Til Valhalla Project,≤100
1413682351987764,Andy Kim for Congress,Andy Kim for Congress,≤100
102540204580217,UpNorthNews,Courier Newsroom,≤100
987698164585861,Citizen Ed,Citizen Education,≤100
1336293769761923,Jon Ossoff,JON OSSOFF FOR SENATE,≤100
110177119192569,Knightscope,William Li,≤100
1389807071117013,Lynn Afendoulis,Lynn Afendoulis for Congress,≤100
101784008065542,Commit to Seniors,American Commitment,≤100
627951147293090,FatFinger,Fat Finger LLC,≤100
10524821940,National Park Foundation,National Park Foundation,≤100
37495431484,Bassel & The Supernaturals,Ronnie Bassel Almadani,≤100
260754507296508,The Voter Participation Center,Voter Participation Center,215
100256754899828,Patriot's Cave,Lucky Shot USA,≤100
176789922364429,Steve Daines,STEVE DAINES FOR MONTANA,≤100
428403504606135,The Average Joe Survey,"Zaydoe Films, LLC",≤100
384557995468219,Viral Casez,Viral Casez,≤100
277005566267077,Blueland,Blueland,≤100
109295990419284,Esther For Congress,ESTHER FOR CONGRESS,≤100
173034779386389,Pines International,Ronald Seibold,≤100
1955953381348064,State Representative Trent Ashby,Texans for Trent Ashby,≤100
146817005352784,Wellness.com,"Beachside Media, Inc.",≤100
160630887998827,Let Them Live,Let Them Live,≤100
175862952587855,"Global Oceanic Designs, Inc.",Kenneth Wayne Welch,≤100
111278356635,Civitas Institute,Civitas Institute,≤100
1383869268500535,Medicare World,Medicare World,≤100
112041183486666,Project Sunshine,ACRONYM,≤100
505653766599222,America First with Dr. Sebastian Gorka,Salem Media,≤100
508433235840691,Minnesota Bio-Fuels Association,"The Minnesota Bio-Fuels Association, Inc",≤100
123324264379603,Committee of Interns and Residents,Committee of Interns and Residents,≤100
77790954801,Salesian Missions,Salesian Missions,≤100
67178485959,Ploughshares Fund,PLOUGHSHARES FUND,≤100
1708467695859543,Veteran Transition Mission,Sonia Ivelisse Barriera Ayala,≤100
155857265265319,Pre-IPO Buzz,Pre-IPO Buzz,≤100
589787637733608,Scherie S. Murray,SCHERIE MURRAY FOR CONGRESS,≤100
1145019702185006,Alliance for Safety and Justice,Alliance for Safety and Justice,≤100
17023576156,The Leadership Conference on Civil and Human Rights,The Leadership Conference on Civil and Human Rights,≤100
19045776114,The Better World Campaign,BETTER WORLD CAMPAIGN,≤100
115214215185886,My-HappyFeet,These ads ran without a disclaimer,≤100
1379379132345446,Janice S Ellis,Janice S Ellis,≤100
480981622445006,Diana Alexander 2020,Diana Alexander Campaign Fund,≤100
22872837832,Food Lifeline,FOOD LIFELINE,≤100
108118933908193,Next Level Goods,Next Level Goods LLC,≤100
28889108258,Gospel for Asia,"GOSPEL FOR ASIA, INC.",≤100
1752355788333516,Joe Schriner For President 2020,Joseph Moreaux,≤100
7090829369,Peter DeFazio,DEFAZIO FOR CONGRESS,≤100
234142976633158,Wake Up World & Smell the Coffee,Edith Dume Lerner,≤100
110019893736048,Grandpas Against Trump,Richard Carlton Carlton Daley,≤100
6502038524,First Book,FIRST BOOK,≤100
513785465632396,Airline Passengers for Justice,Airline Passengers for Justice,≤100
7609325759,Jim McGovern,RE-ELECT MCGOVERN COMMITTEE,≤100
107334019308912,Olive Crest - USA,OLIVE CREST,≤100
35169196082,Project HOPE,"PROJECT HOPE-THE PEOPLE-TO-PEOPLE HEALTH FOUNDATION, INC.",≤100
100184714677097,Election Year Knockout,Exceptionull Games,≤100
352875881899730,Bill Murphy,These ads ran without a disclaimer,≤100
274637252169,Creative Action Institute,Hilary  Wolkan,≤100
140357056032320,NEA Today,National Education Association,≤100
153570224679284,City of New London,New London Economic Development,≤100
1945237355733646,Giving Brush,Giving Brush LLC,≤100
376695479838990,CrowdSourced Politics,Anthony Charles Straine,≤100
135298176481584,Marine Corps Scholarship Foundation,Marine Corps Scholarship Foundation,≤100
1087474374640616,Vocal,"Vocal Ventures, LLC",≤100
101317101242156,Make America Kind Again,Benevolently,≤100
318772742238,Jewish Review of Books,Jewish Review of Books,≤100
1425435377743310,Conversations with Bill Kristol,The Foundation for Constitutional Government,≤100
168452723312821,Chisholm Chisholm & Kilpatrick LTD,Chisholm Chisholm & Kilpatrick LTD,≤100
306591716448427,Cindy Axne,CINDY AXNE FOR CONGRESS,≤100
11024050756,Bioneers,Bioneers,≤100
981661448510937,Meraki Journey,Meraki Bracelets,≤100
1695950424027488,Andy Hallinan,Andrew Lawrence Hallinan,≤100
12301006942,Democratic Party,DNC SERVICES CORP./DEM. NAT'L COMMITTEE,≤100
51533142540,Public Advocate of the U.S.,PUBLIC ADVOCATE OF THE US,≤100
477972716277486,Cavendish Consulting LLC,Cavendish Consulting,≤100
121750354532995,Yale Program on Climate Change Communication,Yale Program on Climate Change Communication,≤100
105698674239617,Embed News,Embed News,≤100
724141874433398,Free Press Action,Free Press Action Fund,≤100﻿
192448150001,Jeff Anderson & Associates,Jeffrey R Anderson PA,≤100
40102638699,J Street,J STREET INC,≤100
183872968312216,Popdust,cleancult,≤100
332716170522025,America First Action,America First Action,136
87186661244,Johns Hopkins Bloomberg School of Public Health,Johns Hopkins Bloomberg School of Public Health,≤100
170582513587720,Liberty Through Wealth,The Oxford Club,≤100
324119001078997,"Sanford Heisler Sharp, LLP","Sanford Heisler Sharp, LLP",≤100
150763151677363,Markwayne Mullin,MULLIN FOR CONGRESS,≤100
104849224417845,Trumpt-Shirt,Victoria A Fuller,≤100
60865633726,Love Justice International,TINY HANDS INTERNATIONAL,≤100
801168856602067,Shadyside Church of Christ,Richard Joseph Zumpano,≤100
39006887293,Victory Enterprises,"Victory Enterprises, Inc.",≤100
709046012792616,National Audubon Society Action Fund,National Audubon Society Action Fund,≤100
130848666099,Business Forward,Business Forward Inc.,≤100
2409830825744254,Local Driver Co-op,These ads ran without a disclaimer,≤100
592707041080920,Stand Together,Stand Together Chamber of Commerce Inc.,≤100
114622329920,Law Offices of Dean Malone,LAW OFFICES OF DEAN MALONE PC,≤100
108503659576,National Coalition for Public School Options,National Coalition for Public School Options,≤100
311896169406139,Trump 2020 Wear,Trump 2020 Wear,≤100
830121337093232,National Democratic Training Committee,NATIONAL DEMOCRATIC TRAINING COMMITTEE PAC,≤100
172758932738142,PhRMA,PHARMACEUTICAL RESEARCH AND MANUFACTURERS OF AMERICA,≤100
103276597856432,The Trump Collective,Alexander Quinn Urbach,≤100
98912141410,American Forests,American Forests,≤100
79355523842,University of the People,University of the People,≤100
336440323158789,Jack Burkman Radio,Jack Burkman Radio,≤100
694340911004154,Americans for Intelligence Reform,Americans for Intelligence Reform,≤100
9890558205,New Era Colorado,New Era Colorado Foundation,≤100
104796740879587,theobamachicksbook,Pamela Jasper,≤100
1563759350580669,MIZIZI,"MIZIZI International, LLC.",≤100
236369846383459,Congressional Black Caucus PAC,Congressional Black Caucus PAC,≤100
2072638396208222,Adam's Nest,"PTOWNLOVESHACK, LLC DBA Adam's Nest",≤100
255587152180,Shavitz Law Group,Paul James Herrmann,≤100
100391988083233,Triggered Freedom Apparel,Triggered Freedom Apparel,≤100
313723095478950,The Daily Citizen,Focus on the Family,≤100
28144169620,Alliance for Aging Research,Alliance for Aging Research,≤100
1032931246869252,Ditch the Estate Tax,Policy And Taxation Group,≤100
19746387261,Humane Society International,Humane Society International,≤100
1081657668631713,Wild Bobby,Yehuda Arye Berman,≤100
364483264211309,Mollye Barrows,These ads ran without a disclaimer,≤100
15239367801,The Wilderness Society,"WILDERNESS SOCIETY, THE",≤100
18982436812,ACLU,American Civil Liberties Union,≤100
6314728663,Remedy Drive,Remedy Drive,≤100
149366465128820,"Nicole Galloway, CPA",Nicole Galloway for Missouri,≤100
7341997111,Conservation International,Conservation International,≤100
22234040933,United Nations Foundation,United Nations Foundation,≤100
445063912714249,Palestine Writes,Rima Najjar Merriman,≤100
107858693983382,The GOP Shop,The GOP Shop,≤100
106323360959211,Patriots Republic,Matthew James Stine,≤100
473558703216022,Gabfest,Paul W Queen,≤100
7642602143,Mother Jones,FOUNDATION FOR NATIONAL PROGRESS,≤100
555787351119974,Coalition to Protect America's Health Care,Coalition to Protect America's Health Care,≤100
105082577572557,Shane Hernandez for Congress,SHANE HERNANDEZ FOR CONGRESS,≤100
110084740444015,The Artist Out,The Artist Out,≤100
354851377936744,BookTV,C-SPAN,≤100
130025717077175,The Orangutan Project,"ORANG UTAN REPUBLIK FOUNDATION, INC.",≤100
804568342964376,2nd Amendment Rights,One Nation Design,≤100
525171637666780,Sandy Piña California Delegate,RCR,≤100
45393753416,Alliance Defending Freedom,Alliance Defending Freedom,≤100
196098536897,Texas Right to Life,Texas Right to Life,≤100
2029539637337122,Left Right Fights,Jeffrey M Perkins,≤100
1166660030079480,National Democratic Redistricting Committee,National Democratic Redistricting Committee,≤100
431880113676264,Dan Gielchinsky,Daniel Yehuda Gielchinsky,≤100
2045579538797189,Advance Minnesota,Advance Minnesota Independent Expenditure Committee,≤100
126279571952,Huru International,HURU INTERNATIONAL,≤100
174009339411865,SmartNews,"SmartNews International, Inc.",≤100
105175422857231,Association of American Railroads,ASSOCIATION OF AMERICAN RAILROADS,≤100
452797224923658,Democratic Coalition Against Trump,THE DEMOCRATIC COALITION,≤100
148205145252473,Backcountry Hunters & Anglers,Backcountry Hunters & Anglers,≤100
86134975779,Coast Guard Foundation,Coast Guard Foundation INC.,≤100
176513531861,Deidre Baumann For Judge  2020,Deidre  Baumann,≤100
405355946226766,Todd Young,"FRIENDS OF TODD YOUNG, INC.",≤100
11918108948,African Wildlife Foundation,AFRICAN WILDLIFE FOUNDATION,≤100
1628684420678885,Eddy County,Social Media Manager,≤100
10150124349775072,"Riddle & Brantley, LLP","RIDDLE & BRANTLEY, LLP",≤100
107013564156866,Louie Sanchez For US Senate,Sanchez for New Mexico,≤100
165566613453452,ERLC,ETHICS AND RELIGIOUS LIBERTY COMMISSION OF THE SOUTHERN BAPTIST,≤100
142201966171,Akron-Canton Regional Foodbank,Akron-Canton Regional Foodbank,≤100
109788797242679,The Patriot Circle,Kin Ngai Yeung,≤100
999775873528189,Stopping Socialism,The Heartland Institute,≤100
467503009987109,"Healthy Forests, Healthy Communities","Healthy Forests, Healthy Communities",≤100
493811210669780,Creative Action Network,Creative Action Network,≤100
47710973068,Cooperative Action Network,National Rural Electric Cooperatives Association,≤100
151883078314516,NationSwell,NationSwell,≤100
324850063717,Win Without War,Win Without War Education Fund,≤100
34992314695,National Center for Public Policy Research,NATIONAL CENTER FOR PUBLIC POLICY RESEARCH,≤100
303061950155375,John James,"JOHN JAMES FOR SENATE, INC.",≤100
2155040508095232,MonopolyWars,MonopolyWars.com,≤100
1452551204988299,GoReact,Speakworks Inc,≤100
101617224555221,Nancy Pelosi Elects Democrats,PAC TO THE FUTURE,≤100
130196227157534,American Forum For Israel,American Forum for Israel,≤100
118303441570966,Home Ownership Matters,NATIONAL ASSOCIATION OF REALTORS,≤100
111970730196550,World War Zero,AMERICAN SECURITY PROJECT,≤100
121388362246,Goldman Sachs,Goldman Sachs & Co.,≤100
6266829799,Sherrod Brown,FRIENDS OF SHERROD BROWN,≤100
616507365386105,Top Conservative,Eric Brian Rosenberg,≤100
1550688498409259,Alliance for Climate Resistant CA,Alliance for Climate Resistant California,≤100
7629206115,The Nation Magazine,"NATION COMPANY, LLC, THE",≤100
140944265994166,Center for Addiction Services and Psychotherapy Interventions Research,a research grant at The National Center on Addiction and Substance Abuse (CASA),≤100
1812708279016004,PalmieriReport,Jacob William Palmieri,≤100
109678580574253,Politicool Clothing Co.,PolitiCoolClothing.com,≤100
128167457221813,Public Transportation,Voices for Public Transit,≤100
112735922758892,Charlie Kirk,"Premiere Marketing, Inc.",≤100
1316308285142040,Planet Home,"Equilibrium Management, LLC",≤100
21559454473,FAIR,FEDERATION FOR AMERICAN IMMIGRATION REFORM,≤100
6236054211,Brady,Brady Campaign to Prevent Gun Violence,≤100
780619362083463,Vision Impact Institute,The Vision Impact Institute,≤100
294196590710262,FWD.us,FWD.us,≤100
135865583728025,Dan Palmer,"Palmer Media, LLC",≤100
1438808983108348,BOLD PAC,CHC BOLD PAC,≤100
342887442508723,Convention of States,Convention of States Action,≤100
57259033959,AARP,AARP,≤100
1023516414456183,Drain the DC Swamp PAC,DRAIN THE DC SWAMP PAC,≤100
189758874031,Outside TV,"OUTSIDE TELEVISION, INC.",≤100
195301784540277,coastalteesfashion,These ads ran without a disclaimer,≤100
29092950651,TED,TED Conferences,≤100
89336510798,American Friends of the Hebrew University,American Friends of Hebrew University,≤100
24126948070,PrintPlace,"Digital Room, Inc.",≤100
108152933883451,TrumpTrendz,Troy Lorenzo Davis,≤100
118379493631,Episcopal Relief & Development,EPISCOPAL RELIEF AND DEVELOPMENT,≤100
103307974592561,Savvy Life Tips,Savvy Life Tips,≤100
586751814690068,Joni Ernst,Joni for Iowa,≤100
103663967786462,Climate Strike Friday,Story Network Foundation,≤100
471788803642592,Excital Store,Excital Store,≤100
133845049915,American Highway Users Alliance,American Highway Users Alliance,≤100
192737024112371,TWU Local 556,Transport Workers Union Local 556,≤100
1478671962158641,Country Bumpkin,Robert Clifford Millender,≤100
48570030993,The Lanier Law Firm,Grace Lamb,≤100
1615018905412860,Progressive Turnout Project,PROGRESSIVE TURNOUT PROJECT,≤100
101210588150219,Boy Scouts Abuse Claims,X Social Media LLC,≤100
18017481462,Acton Institute,Acton Institute,≤100
7100914121,American Experience | PBS,WGBH EDUCATIONAL FOUNDATION,≤100
116480163071468,VVandr Bobbles,Moses Ostreicher,≤100
420785874975425,Conservative Institute,The Conservative Institute,≤100
54210104594,Indiana University,Indiana University,≤100
304600892905134,Hillsdale College Online Courses,HILLSDALE COLLEGE,≤100
101176014673943,Michelle for Kansas,MICHELLE FOR KANSAS,≤100
109349507328179,Bernie Or Busters,Eric Christopher Mack,≤100
110975680242486,Qodalyth,These ads ran without a disclaimer,≤100
618480098621142,Social Security Event,Robert Jared Wilkins,≤100
156994304362574,American Bridge,AMERICAN BRIDGE 21ST CENTURY,≤100
110573083801477,5G Action Now,5G Action Now,≤100
1914537155242810,Life: Powered,Texas Public Policy Foundation,≤100
102909941095087,Stop Biased Banking,Center for Freedom and Prosperity,≤100
1824503584434809,I Vaccinate,Michigan Department of Health and Human Services,≤100
300992409852,Hoover Institution,Hoover Institution,≤100
169204449790211,Conservative News Today,"BizPac Review, Inc.",≤100
1099478666810053,Meals For Pets,Meals for Pets,≤100
1653251174924652,Fuzzu,Fuzzu,≤100
2225580284361712,Tommy Tuberville,"TUBERVILLE FOR SENATE, INC.",≤100
348856535576675,Legends of the Desert,William Michael Farmer,≤100
777657635932867,Blessings Through Action,Blessings Through Actions,≤100
100134398273326,Keeping America Great,Jessica Joan Allumbaugh,≤100
72931140459,Center for Biological Diversity,"CENTER FOR BIOLOGICAL DIVERSITY, INC.",≤100
162616177521935,ACM Strategies,ACM Strategies,≤100
337490192991981,Grabien,Grabien Inc,≤100
109638903906629,Roger Baker for NM Senate,Roger Baker State Senate District 36 Candidate,≤100
13063797831,Ben Ray Luján,PEOPLE FOR BEN,≤100
184731548554164,PL+US,Plus Fund: Paid Leave for the United States,≤100
518194348194441,RepresentUs,RepresentUs,≤100
566008736785269,Be Heard Project,Be Heard Project,≤100
95356211637,Ben Ferguson,Ben Ferguson show,≤100
833845080319275,The Daily Patriot,Full Tilt Holdings LLC,≤100
114518743442551,Catherine Smith McKnight for Commission,Sarah Harper Scott,≤100
102702544522502,OneLife Cares,Connor Gallic,≤100
111824001908,Hakeem Jeffries,JEFFRIES FOR CONGRESS,≤100
97261063097,Global Fund for Women,"GLOBAL FUND FOR WOMEN, INC., THE",≤100
100825108110375,3lection.com,Thorin Williams Simpson,≤100
286172688396138,South Dakota Association of Healthcare Organizations,South Dakota Association of Healthcare Organizations,≤100
134571176638205,One Tree Planted,One Tree Planted,≤100
25852730092,Care2,Care2 Inc,≤100
1001615463272722,Biosimilars Council,The Biosimilars Council,≤100
49059279814,Institute for Justice,INSTITUTE FOR JUSTICE,≤100
123857614319417,Texas Nationalist Movement,Texas Nationalist Movement,≤100
314499212242,Pfizer,Pfizer Inc.,≤100
112211450352193,Illinois Justice & Public Safety PAC,Illinois Justice & Public Safety PAC,≤100
1340560252687219,MISSIO Hair,MISSIO HAIR,≤100
7209432197,Chris Coons,CHRIS COONS FOR DELAWARE,≤100
290157611894313,The Climate List,Climate List LLC,≤100
44015482829,United Nations Development Programme - UNDP,United Nations Development Programme,≤100
27311599342,Preemptive Love,Preemptive Love Coalition,≤100
655065784538368,PredictIt,"PredictIt - Prediction Markets. A project of Victoria University of Wellington, PredictIt has been established to facilitate research into the way markets forecast events.",≤100
1836138529938551,Greater Half,Billy Benson,≤100
49978948774,Newsy,Newsy,≤100
104117891137180,Everyday is a Second Chance,Shi Yuan Ge,≤100
323631667743052,Rep. Rodney Davis,U.S. Rep. Rodney Davis,≤100
1701899883357807,Seed Your Future,Seed Your Future,≤100
77130778113,Coalition for Medicare Choices,The Coalition for Medicare Choices,≤100
214002058736436,Unite America,UNITE AMERICA,≤100
2315161412139966,Jacobs for Congress,JACOBS FOR CONGRESS,≤100
303374266418976,AFPM,These ads ran without a disclaimer,≤100
106503487393272,Ayala-Gonzalez for Judge 2020,Friends of Laura Ayala-Gonzalez,≤100
338147992880790,Kenneth Sanders for Justice of the Peace,Judge Kenneth Sanders,≤100
504118316658151,SilencedOrganic,SilencedOrganic.com,≤100
124626320898336,Catholic Extension,"CATHOLIC CHURCH EXTENSION SOCIETY OF THE UNITED STATES OF AMERICA, THE",≤100
7518257857,Not For Sale,Terra Candace Judge,≤100
100405956709980,Concerned Citizens for Nuclear Safety (CCNS),CONCERNED CITIZENS FOR NUCLEAR SAFETY,≤100
107291750775792,The 100 Million,Knight Foundation,≤100
101136147910784,Represent Justice,Represent Justice,≤100
156968474833352,Stop Republicans,Stop Republicans,328
126694924050678,Xavier Becerra,Becerra for Attorney General 2022,≤100
393932827634250,Dissent Pins,Common Practice,≤100
248262725706461,Power The Future,Power The Future Inc,≤100
337557199502,Nebraska Conservation Voters,Nebraska Conservation Voters,≤100
85452072376,Newsmax,Newsmax Media,≤100
21647204289,Michigan Education Association,Michigan Education Association,≤100
337519599658111,Fix the Debt,Committee for a Responsible Federal Budget,≤100
596556607135301,The Earthling Co.,Educated Earthling,≤100
729927510371645,The Libra Group,"Libra Capital US, Inc",≤100
300748678230,Tennessee Department of Economic and Community Development,Tennessee Department of Economic and Community Development,≤100
410950505604622,Omega Center for Sustainable Living (OCSL),"OMEGA INSTITUTE FOR HOLISTIC STUDIES, INC.",≤100
319982881752525,Kara Eastman,EASTMAN FOR CONGRESS,≤100
2377166239179411,Nancy Goroff for Congress,Goroff for Congress,≤100
1418907401547906,Rescü,"Rescu, LLC",≤100
40973310753,Pathfinder International,Pathfinder International,≤100
1088950287806118,Climate Hustle 2,CFACT,≤100
683872625157265,Theresa Greenfield,THERESA GREENFIELD FOR IOWA,≤100
608732389466592,TranSending,Allison Leigh Smookler,≤100
375307592830342,The Veterans Advocacy and Benefit Association,VABA LLC,≤100
38235851310,USA for UNHCR,UNITED STATES ASSOCIATION FOR UNHCR,≤100
100844768044478,Lucia Vogel for US Congress Minnesota 5th District,COMMITTEE TO ELECT LUCIA VOGEL TO CONGRESS,≤100
265268336865693,Do Amore,Do Amore Limited Company,≤100
377572616357769,Russ Vernon-Jones' Blog,"Coming Together: Understanding Racism, Working for Justice & Building Connections",≤100
2046280975668889,LeftvsRightIQ.com,LvR Intelligence LLC,≤100
341906876203951,Troy Doucet for Ohio State Senate,Doucet for the People,≤100
227594571444676,Building New York's Best,"Carpenter Contractor Alliance of Metropolitan New York, Inc.",≤100
1382947485338199,David Benaym,David E Benaym,≤100
214002058736436,Unite America,These ads ran without a disclaimer,≤100
56129410661,Justice Policy Institute,SARAH RACHEL ROSE-STERN,≤100
111182343682003,Certified CCW,CertifiedCCW.com,≤100
96935476345,Democratic Governors Association (DGA),Democratic Governors Association,≤100
49651563727,Live Action,Live Action,≤100
106120240940046,Zaehringer 4 Judge,George Martin Zaehringer,≤100
351310239372,Associated Republicans of Texas,Associated Republicans of Texas,≤100
112044923686511,Motivational Designz,Dominick Battiato,≤100
100577113613446,Rock Your Bathroom,SK LANG Products,≤100
183149705503047,Paramount Network,Paramount Network,≤100
70242384902,The WorldPost,The WorldPost,≤100
174046949421616,Phenomenal Woman Action Campaign,Phenomenal Woman Action Campaign,≤100
13341879933,Organic Consumers Association,ORGANIC CONSUMERS ASSOCIATION,≤100
203330919857759,All On The Line,National Redistricting Action Fund,≤100
101591551371555,Fire Mitch. Save America.,SAVE AMERICA FUND,≤100
734197643587370,Bitterroot,Bitterroot Media,≤100
636440989754325,Netamaker,Careventuresindia Inc,≤100
2352630938293825,Mytacticalpromos,Entremax,≤100
70090474914,American Farmland Trust,"AMERICAN FARMLAND TRUST, INC",≤100
130936757062757,T-Mobile Workers United (TU),"COMMUNICATIONS WORKERS OF AMERICA, AFL-CIO, CLC",≤100
6204742571,Sierra Club,SIERRA CLUB,≤100
23875187730,Feeding America,Feeding America,≤100
101321914794113,Health Freedom Alliance,Health Freedom Alliance LLC,≤100
196382377057315,Learn Our History,Learn Our History,≤100
300774350436838,topplr,Data Genomix,≤100
109140985838232,Progress Texas,Progress Texas,≤100
372439495935,Mel Trotter Ministries,MEL TROTTER MINISTRIES,≤100
42940254353,Human Rights Watch,"HUMAN RIGHTS WATCH, INC.",≤100
114520293319041,Tim Livengood for Williams County Sheriff 2020,Dareth Lea Livengood,≤100
100137754724934,Trump 2020 Supporters,Proud Right Winger,≤100
2259323457517498,Abolish the Electoral College,ABOLISH THE ELECTORAL COLLEGE,≤100
137569740231452,Respect The Look,Respect The Look,≤100
151235561684871,The Mama Bear Effect,mamabeareffect,≤100
1878290559083050,شو الأخبار ويب تيفي What's Up Media Network,What's Up Media Network,≤100
101481584557260,Help Asheville Bears-HAB,Heather Christina Williams,≤100
74442380906,Encyclopaedia Britannica,Encyclopaedia Britannica,≤100
110406702361581,Chris Brown (NJ),Friends of Chris Brown,≤100
101391906600,Live Action News,Live Action News,≤100
100195511560092,Injury Compensation Center,Injury Compensation Center,≤100
388475271497575,The Trump Revolution,Dora Louise Collier,≤100
67180895597,National Shrine of St. Jude,The National Shrine of St. Jude,≤100
1534290989956166,The Philanthropy Roundtable,"PHILANTHROPY ROUNDTABLE, THE",≤100
598924810530984,Keeping America Great,FamTeeWorld,≤100
115364585711,Lawyers' Committee for Civil Rights Under Law,LAWYERS' COMMITTEE FOR CIVIL RIGHTS UNDER LAW,≤100
112600915451330,No Labels,No Labels,≤100
110749446963570,Courier,Courier Newsroom,166
1852520761657982,4ocean,4ocean,≤100
1883837055193241,Shield Republic,Shield Republic,≤100
173837496125511,Conscious Step,Conscious Step,≤100
108512875350,The Atlas Society,The Atlas Society,≤100
745910525468062,National Center on Sexual Exploitation,National Center on Sexual Exploitation,≤100
1082522201878539,Gina Ortiz Jones for Congress,GINA ORTIZ JONES FOR CONGRESS,≤100
17432811417,Working Families Party,Working Families Party,≤100
365591516828390,Georgia's WIN List,Georgia WIN List,≤100
1397799040234106,OpinionUP,OpinionUP LLC,≤100
103974389650244,Amenders for Federal Spending Control,Mark Albert Meier,≤100
100667714665946,Recon Jacks Apparel,Recon jacks apparel,≤100
126855128568,FEBC (Far East Broadcasting Company),"FAR EAST BROADCASTING COMPANY, INC.",≤100
24330467048,Americans for Prosperity,AMERICANS FOR PROSPERITY,≤100
123963360928,SiriusXM,SiriusXM,≤100
9324910069,NRSC,NRSC,≤100
119954938436763,Virguez Law,Virguez Law,≤100
993294760683044,Education Reform Now,Education Reform Now,≤100
105455840860559,Eagle Realm,Eagle Realm,≤100
434616383688551,Ocean & Co.,Ocean & Co,≤100
104763577712814,Jeffrey Blydenburgh for Winter Park,Jeffrey Blydenburgh for Winter Park City Commission,≤100
8145161702,Lambda Legal,"LAMBDA LEGAL DEFENSE & EDUCATION FUND, INC.",≤100
34370387440,JDRF,JDRF INTERNATIONAL,≤100
154471447959196,Institute for Veterans and Military Families - IVMF,Institute for Veterans and Military Families,≤100
108176010748061,100 Insure,Robert Bradley Graham,≤100
433919203362871,Bird + Stone,BIRD & STONE INC,≤100
111241040360707,Tax Fairly,Tax Fairly,≤100
1167092243351075,The Voting Project,The Voting Project,≤100
98887816626,Beef. It's What's For Dinner.,Shari Daniella Spooner,≤100
133764907211570,Concerned Citizen,Steven Niems,≤100
227535924071462,Animal Petitions,AnimalPetitions.org,≤100
1925751504337881,MJ for Texas,MJ FOR TEXAS,≤100
112955806896246,Dalia Al-Aqidi,Dalia for Congress,≤100
53541257714,The Arc of the United States,"ARC OF THE UNITED STATES, INC., THE",≤100
305832706292882,American Gun Association,GunAssociation.org,≤100
109712673845685,Alliance for Charitable Excellence,Alliance for Charitable Excellence,≤100
571286260019617,Thinking Things Through,Red Hen Media,≤100
1018914308173454,FStop Foundation,"FSTOP FOUNDATION INC, THE",≤100
128155811565,Wyoming Liberty Group,Wyoming Liberty Group,≤100
305107172859194,Defeating Trump and the Republican Party,"Voices of Health Care Action, a project of Gamechanger Networks",≤100
114815188528887,Neighborhood Nurse,Kristina Anne Larsen,≤100
7263476274,Mercy Corps,Mercy Corps,≤100
101295517956158,Tricia Zunker for Wisconsin,Tricia Zunker for Wisconsin,≤100
654671537880859,ArtProfileratx,ArtProfiler,≤100
1747132688647028,Democratic Association of Secretaries of State,Democratic Association of Secretaries of State,≤100
591143641394911,Theresa Kohlhoff For Lake Oswego Mayor,Theresa for Lake Oswego Mayor,≤100
389661238515891,Craig Curry For County Commission,Craig Curry for County Commission,≤100
287694681754849,Pennsylvania Conservative Energy Forum,Pennsylvania Conservative Energy Forum,≤100
30618466815,Pacific Legal Foundation,Pacific Legal Foundation,≤100
160389977329803,ATTN:,ATTN: INC.,≤100
1640970822834351,Plaine Products,Plaine Products,≤100
212025079529295,New Americans Campaign,New Americans Campaign,≤100
20876805343,March of Dimes,MARCH OF DIMES INC.,≤100
105756057589080,The Lincoln Project,The Lincoln Project,≤100
1187828951298252,Tyler Prize for Environmental Achievement,ReAgency LLC,≤100
46372749933,University Business Magazine,LRP Media Group,≤100
511235549007985,PRJKT RUBY,PRJKT RUBY,≤100
132081383503163,Autodesk,Autodesk,≤100
1646680868683515,Better Roads For Olney,Bryce P Fehrenbacher,≤100
330617944306531,Jerica Richardson,Jerica Marie Richardson,≤100
415306179228629,"Mike Carroll - Vice Mayor, City of Irvine","Mike Carroll - Vice Mayor, City of Irvine",≤100
97736029457,Saint Paul Public Library,Saint Paul Public Library,≤100
16352157727,Alfred A. Knopf,Penguin Random House LLC,≤100
12690173701,V-Day,V-Day,≤100
124853147616512,Send2Press Newswire,Neotrope dba Send2Press,≤100
181813995726,Avalara,"AVALARA, INC.",≤100
220934044722029,Florida Crystals Corporation,FLORIDA CRYSTALS CORPORATION,≤100
1417599265225727,Southwestern Medical Foundation,Collin M Quick,≤100
283511548477587,ADD Advocate,Aaron Lawrence Friedman,≤100
195561910471475,CATALYST.cm,Catalyst.cm,≤100
166166843531258,National Council of Resistance of Iran - شورای ملی مقاومت ایران,MEK-Iran (Saeid Saadati),≤100
2036389409806378,Backpage's Role in Prostitution and Trafficking,X Social Media LLC,≤100
253791814655400,Doug Collins,"COLLINS FOR SENATE, INC.",≤100
514167322309353,Dan Crenshaw,Dan Crenshaw for Congress,≤100
117362515005706,The Bowery Mission,The Bowery Mission,≤100
1895413960698075,Debbie Nez Manuel,Debbie Nez-Manuel,≤100
367292494407,AJC - American Jewish Committee,AMERICAN JEWISH COMMITTEE,≤100
106512767573097,Louie Bonaguidi For Mayor,Rhonda L Chewning,≤100
1933180256921396,IE United,"Inland Communities in Support of Eddie Tejeda for District 3 Supervisor, sponsored by IE United a project of Tides Advocacy",≤100
292351509697,Jerusalem Prayer Team,Jerusalem Prayer Team,≤100
5550296508,CNN,"Turner Broadcasting Sales, Inc",≤100
127814007074,LIUNA,LABORERS INTERNATIONAL UNION OF NORTH AMERICA,≤100
224058138586,Greater Fort Lauderdale Alliance,Broward Alliance / DBA Greater Fort Lauderdale Alliance,≤100
109617800644354,Females First,Dominique Rose Sottile,≤100
2068830876573768,Project Divided,Marley Benjamin Urbas Duchovnay,≤100
537299709721112,Advantage Gold,Advantage Gold Group,≤100
100679268000795,META for Providers,Caroline L Cerbus,≤100
717115395103069,PrintedKicks,Printed Kicks,≤100
1447994318779650,AirMedCare Network,AIrMedCare Network,≤100
630841967406196,StepChange Clothing,Joseph Harry Wagner,≤100
657343731290262,American Freedom Fighter,American Freedom Fighter,≤100
100563931462646,Remember In November RI,Patricia L Morgan,≤100
135403221037,City Journal,City Journal,≤100
151894654697,Save Our States,"OKLAHOMA COUNCIL OF PUBLIC AFFAIRS, INC.",≤100
385473284886474,Hillsdale College,HILLSDALE COLLEGE,≤100
112287913481898,Cindy Banyai for Florida Congressional District 19,FRIENDS OF CINDY BANYAI,≤100
384676381708957,Education NC,Education NC,≤100
1439364926329185,Animal Matters,Animal Matters,≤100
350523542184,Trust Women,Trust Women,≤100
1612726335627171,We the Internet TV,We the Internet TV,≤100
15771560300,Earthjustice,EARTHJUSTICE,≤100
109866783838178,Friends of Jason Atkinson,Friends of Jason Atkinson,≤100
253153019746,Eric Greitens,Greitens for Missouri,≤100
1025055787535714,A Case for Women,A Case for Women,≤100
2336022790003836,Patients + Providers United,Patients and Providers United,≤100
130025717077175,The Orangutan Project,These ads ran without a disclaimer,≤100
142992759853421,Be A Hero,BE A HERO PAC,≤100
519590768083165,Abby Finkenauer for Congress,FINKENAUER FOR CONGRESS,≤100
100935474627180,Lisa Savage for US Senate,LISAFORMAINE,≤100
496696933682736,Jeff Merkley,JEFF MERKLEY FOR OREGON,≤100
105353807719451,Linda Calhoun for New Mexcio,Linda Kay Calhoun,≤100
81517275796,UNICEF USA,UNITED STATES FUND FOR UNICEF,≤100
257019421075897,Cory Gardner,Cory Gardner for Senate,≤100
249215512733,Amer Zahr,Amer George Zahr,≤100
322771814739545,Everyone In LA,"UNITED WAY, INC.",≤100
111387737042755,Jimmy Stewart for Recorder,Jimmy Stewart for Recorder,≤100
105869134358705,Left Is Right,Story Network Foundation,≤100
137078141865,Kentucky Democratic Party,Kentucky Democratic Party,≤100
110707597007287,Mike Larsen for Congress,Friends of Mike Larsen,≤100
8002590959,Rainforest Action Network,RAINFOREST ACTION NETWORK,≤100
114371076772585,Andrew Garbarino for Congress,GARBARINO FOR CONGRESS,≤100
484300471681895,John Katko for Congress,KATKO FOR CONGRESS,≤100
102860661680,Quetico Superior Wilderness News,Quetico Superior Foundation,≤100
374876452974178,McShane LLC,McShane LLC,≤100
25121889784,Texas Public Policy Foundation,Texas Public Policy Foundation,≤100
132732160104163,Ford Foundation,"FORD FOUNDATION, THE",≤100
100151061609410,Resist Trump,These ads ran without a disclaimer,≤100
656263988182462,Bill Hagerty,TEAM HAGERTY,≤100
197760674021143,Indivisible Guide,INDIVISIBLE ACTION,≤100
1435071773455316,Daily Wire,The Daily Wire,≤100
110415877229724,Real American Sportsmen,Real American Sportsmen,≤100
681626158940626,Mission Roll Call,Americas Warrior Partnership,≤100
709491732434343,שורת הדין - Shurat HaDin,Israel Law Center,≤100
122671561263552,Committee for Better Banks,"COMMUNICATIONS WORKERS OF AMERICA, AFL-CIO, CLC",≤100
6851405967,CREDO Mobile,"CREDO MOBILE, INC.",≤100
12357407443,American Friends Service Committee,AMERICAN FRIENDS SERVICE COMMITTEE,≤100
802271849850801,Freedom for All Americans,Freedom for All Americans,≤100
132519055631,Farm Animal Rights Movement (FARM),FARM ANIMAL REFORM MOVEMENT INC,≤100
123651254408327,Sokolove Law,"Sokolove Law, LLC",≤100
917165515112598,Progressive Power,USA Unify Media Inc,≤100
105538624356773,My Kitchen Savior,These ads ran without a disclaimer,≤100
993668450793555,Alliance for Housing Justice,PUBLIC ADVOCATES INC,≤100
59543893235,National Constitution Center,National Constitution Center,≤100
354329797956187,The Catholic Association,"The Catholic Association, Inc",≤100
103131054573692,Crawfordology,Crawfordology,≤100
308666759175660,Center for Migration Studies of New York,CENTER FOR MIGRATION STUDIES,≤100
99050726344,Phillips Theological Seminary,PHILLIPS THEOLOGICAL SEMINARY,≤100
113005536951767,Planted,Andrew West Gardner,≤100
275908853303174,Pro-Israel America,Pro-Israel America PAC,≤100
203805062990264,Ben Shapiro,The Daily Wire,≤100
129493054374966,Businesses for Responsible Tax Reform,Businesses for Responsible Tax Reform,≤100
8325302025,Friends of the Earth U.S.,Friends of the Earth,≤100
103236608177,Crisis Aid International,"INTERNATIONAL CRISIS AID, INC.",≤100
162493793737,Rick Green,Richard Arlin Green,≤100
280267791996700,Conservative Victory Fund,CONSERVATIVE VICTORY FUND,≤100
523486791061635,Jon Hoadley,JON HOADLEY FOR CONGRESS,≤100
269719197271294,Accountable.US,Accountable.US,≤100
144850842237429,Independentvoting.org,Independent Voting (IndependentVoting.org),≤100
34362997676,United States Holocaust Memorial Museum,UNITED STATES HOLOCAUST MEMORIAL MUSEUM,≤100
111428049989,Cal Cunningham,CAL FOR NC,≤100
1722199728002734,The Hell Raisin' Hippies,Jerry Edgar Joplin,≤100
8532248414,Wounded Warrior Project,"WOUNDED WARRIOR PROJECT, INC.",≤100
500781790066978,Sedera,Alana Marguerite Wong,≤100
324785111015146,The Reformed Constitutionalist,Michael John Cuellar,≤100
1613516851999536,Sunrise Movement,SUNRISE PAC,≤100
158791100909689,Concerned Veterans for America,Concerned Veterans for America,≤100
108748565833974,Purpose,Purpose,≤100
101208514791301,Daniel Turner,Power The Future Inc,≤100
6333396177,NewsBusters.org,MEDIA RESEARCH CENTER,≤100
339509270166412,Representative Kevin Hern,House of Representatives for the 1st District of Oklahoma,≤100
115761269812805,Jeff Hinkle,Jeff Hinkle Campaign,≤100
5633824547,FreedomWorks,"FREEDOMWORKS, INC.",≤100
275908853303174,Pro-Israel America,"Pro-Israel America, Inc.",≤100
23489729942,Mike Gallagher,Salem Media,≤100
780941275347834,Ilhan Omar,ILHAN FOR CONGRESS,≤100
104504438466,Federal Voting Assistance Program - FVAP,Federal Voting Assistance Program (FVAP),≤100
960045850672105,One More Wave,Ernad Civic,≤100
122174836956,Big Cat Rescue,BIG CAT RESCUE CORP.,≤100