﻿Page ID,Page Name,Disclaimer,Amount Spent (USD)
1411485062416786,Jack Reed,THE REED COMMITTEE,1624
156968474833352,Stop Republicans,Stop Republicans,371
1615018905412860,Progressive Turnout Project,PROGRESSIVE TURNOUT PROJECT,350
925007000949719,ExxonMobil,Exxon Mobil Corporation,342
95483488591,Democratic Party of Wisconsin,DEMOCRATIC PARTY OF WISCONSIN,313
144842292223105,Rhode Island Department of Health,Rhode Island Department Health,289
153080620724,Donald J. Trump,TRUMP MAKE AMERICA GREAT AGAIN COMMITTEE,271
108824017345866,Facebook,"Facebook, Inc.",229
1771156219840594,Team Trump,TRUMP MAKE AMERICA GREAT AGAIN COMMITTEE,212
624703557992005,Rhode Island Census 2020,Rhode Island Complete Count Committee,192
100391581727524,Defeat By Tweet,DEFEAT BY TWEET,142
96935476345,Democratic Governors Association (DGA),Democratic Governors Association,124
127755494595870,Progressive Takeover,PROGRESSIVE TAKEOVER,114
9002965673,Freeform,Freeform,≤100
105756057589080,The Lincoln Project,The Lincoln Project,≤100
165987503528599,Lindsey Graham,"TEAM GRAHAM, INC.",≤100
176789922364429,Steve Daines,STEVE DAINES FOR MONTANA,≤100
202626512363,U.S. Census Bureau,U.S. Census Bureau,≤100
328072970642479,Jaime Harrison,JAIME HARRISON FOR US SENATE,≤100
1909465542698901,Nelson Recruiting LLC,Jessica Larea Nelson,≤100
1316372698453411,Alexandria Ocasio-Cortez,Alexandria Ocasio-Cortez for Congress,≤100
2330577043935831,Sara Gideon,SARA GIDEON FOR MAINE,≤100
109814333905287,RIght from the Start,RIght from the Start,≤100
20787991568,Senate Democrats,DSCC,≤100
101822678057029,Barbara Ann Fenton-Fung,Barbara Ann None Fenton Fung,≤100
124939484209078,Langevin for Congress,LANGEVIN FOR CONGRESS,≤100
104919517531062,Vote Yes For Fairness,Vote Yes for Fairness,≤100
1528980567353817,Love Has No Labels,Love Has No Labels with Facebook Ad Credits,≤100
1061240530648502,Joe Collins,JOE COLLINS FOR CONGRESS,≤100
328853823844484,Balance of Power,Balance of Power,≤100
163148530407080,Captain Mark Kelly,MARK KELLY FOR SENATE,≤100
408250066356,Bill O'Reilly,"Bill Me, Inc.",≤100
168051710543266,Lacy Johnson,Lacy Johnson for Congress,≤100
1883837055193241,Shield Republic,Shield Republic,≤100
107210084216238,Humanity Forward,Humanity Forward,≤100
140357056032320,NEA Today,National Education Association,≤100
791543660926838,"I'll go ahead and keep my guns, Thanks",2A4LIFE LLC,≤100
1635441679872518,Kimberly Klacik,Kim Klacik for Congress,≤100
602714436529710,End Citizens United,END CITIZENS UNITED,≤100
103983379801,Texas Democratic Party,SUPER STATES 2020,≤100
338028696036,Yahoo News,Verizon Media Inc,≤100
747436915270894,Congressional Leadership Fund,CONGRESSIONAL LEADERSHIP FUND,≤100
104614641200137,MeidasTouch,MEIDASTOUCH,≤100
203197030603239,8 Billion Trees,8 Billion Trees,≤100
7833534974,Florida Democratic Party,Florida Democratic Party,≤100
114710126648118,Republican Dogs,Republican Dogs,≤100
327837911149503,2A4Life,2A4LIFE LLC,≤100
665345483483486,NRA - National Rifle Association of America,NATIONAL RIFLE ASSN OF AMERICA,≤100
92925746942,Judicial Watch,Judicial Watch,≤100
428821014132730,Katie Porter,Katie Porter For Congress,≤100
127225910653607,PragerU,PragerU,≤100
2580750575289726,Raise the Bar on Resident Care,SEIU Healthcare 1199NE,≤100
23875187730,Feeding America,Feeding America,≤100
9324910069,NRSC,NRSC,≤100
1439829396312534,The Movement for Black Lives,Movement for Black Lives,≤100
51405613519,Focus on the Family,Focus on the Family,≤100
102975771471410,Scott Zambarano for RI State Senate,Friends of Scott Zambarano,≤100
104856814505092,The Kids Guide,The Kids Guide,≤100
309308412520731,Sandy Hook Promise,Sandy Hook Promise,≤100
103216521432154,Aaron Mackisey,Friends of Aaron Mackisey,≤100
2267285956849056,Donald Trump 2020 Fans,I Love My Freedom,≤100
2352630938293825,Mytacticalpromos,Entremax,≤100
109379100777665,Patriotism Isn't Dead,Patriot Polling,≤100
101279451606075,Democratic Strategy Institute,Democratic Strategy Institute,≤100
101591551371555,Fire Mitch. Save America.,SAVE AMERICA FUND,≤100
6204742571,Sierra Club,SIERRA CLUB,≤100
8934429638,Planned Parenthood Action,Planned Parenthood Action Fund,≤100
228754857151053,House Majority PAC,House Majority PAC,≤100
101165966152,AFL-CIO,AFL-CIO,≤100
1456310534453054,Veteran Loans Online,"LMB OpCo, LLC",≤100
100137754724934,Trump 2020 Supporters,Proud Right Winger,≤100
2353537341582545,Proud Patriots,Proud Patriots,≤100
167586229923327,World Food Program USA,World Food Program USA,≤100
259130650776119,Mitch McConnell,MCCONNELL SENATE COMMITTEE,≤100
85452072376,Newsmax,Newsmax Media,≤100
126466837372807,1199 SEIU Rhode Island,SEIU Healthcare 1199NE,≤100
278490715553293,Martha McSally,MCSALLY FOR SENATE INC,≤100
33713453361,Amazon Prime Video,Amazon Prime Video,≤100
95181800661,Levi's,Levi's®,≤100
111393882812494,Amy McGrath,"AMY MCGRATH FOR SENATE, INC.",≤100
96935476345,Democratic Governors Association (DGA),DEMOCRATIC ACTION,≤100
131677553516197,Citizens Bank,CITIZENS FINANCIAL GROUP INC.,≤100
456708538089334,Mayor Joe Solomon,Joseph J Solomon,≤100
598924810530984,Keeping America Great,FamTeeWorld,≤100
1336293769761923,Jon Ossoff,JON OSSOFF FOR SENATE,≤100
18982436812,ACLU,American Civil Liberties Union,≤100
7263476274,Mercy Corps,Mercy Corps,≤100
433919203362871,Bird + Stone,BIRD & STONE INC,≤100
1571576279741760,Boston Spirit,David Zimmerman,≤100
109111900634787,Reverend Raphael Warnock,WARNOCK FOR GEORGIA,≤100
18813753280,Human Rights Campaign,"HUMAN RIGHTS CAMPAIGN, INC",≤100
355316521236121,John Cornyn,TEXANS FOR SENATOR JOHN CORNYN INC.,≤100
8325302025,Friends of the Earth U.S.,Friends of the Earth,≤100
926650430723985,Really American,REALLY AMERICAN PAC,≤100
681745912255844,John Cummings for Congress,CUMMINGS FOR CONGRESS,≤100
1378728485761873,Rhode Island Progressive Democrats of America,Rhode Island Progressive Democrats,≤100
25852730092,Care2,Care2 Inc,≤100
159964696102,Kevin McCarthy,KEVIN MCCARTHY FOR CONGRESS,≤100
105577974544303,The USA Needs More Patriots,AmeriPolling,≤100
16477459734,League of Conservation Voters,"LEAGUE OF CONSERVATION VOTERS, INC",≤100
106244251043808,Reuse Plastics,"AMERICAN CHEMISTRY COUNCIL, INC.",≤100
107654924064350,Pat Timmons-Goodson,PATRICIA TIMMONS-GOODSON FOR CONGRESS,≤100
314499212242,Pfizer,Pfizer Inc.,≤100
100256754899828,Patriot's Cave,Patriots Cave,≤100
106323360959211,Patriots Republic,Matthew James Stine,≤100
42002969352,Center on Budget and Policy Priorities,Center on Budget and Policy Priorities,≤100
5435784683,Greenpeace USA,"GREENPEACE, INC.",≤100
38235851310,USA for UNHCR,UNITED STATES ASSOCIATION FOR UNHCR,≤100
493811210669780,Creative Action Network,Creative Action Network,≤100
354716314909000,Swing Left,Swing Left,≤100
683872625157265,Theresa Greenfield,THERESA GREENFIELD FOR IOWA,≤100
675471506247724,Adair for Congress,ADAIR FOR CONGRESS,≤100
717115395103069,PrintedKicks,Printed Kicks,≤100
35169196082,Project HOPE,"PROJECT HOPE-THE PEOPLE-TO-PEOPLE HEALTH FOUNDATION, INC.",≤100
277005566267077,Blueland,Blueland,≤100
596556607135301,The Earthling Co.,The Earthling Co.,≤100
605168822998856,314 Action,314 ACTION FUND,≤100
5720973755,Defenders of Wildlife,DEFENDERS OF WILDLIFE,≤100
19192438096,AAAS - The American Association for the Advancement of Science,American Association for the Advancement of Science,≤100
114009933764548,The Patriot Club,RightWingGear,≤100
108557097612242,Vote By Mail PAC,Vote By Mail PAC,≤100
100848154957461,Ken Hopkins for Mayor of Cranston,Friends of Hopkins,≤100
2019228981443626,She the People,She The People,≤100
105269984593079,The Way I See It,Focus Features,≤100
309798029121030,Everytown for Gun Safety,Everytown for Gun Safety Action Fund Inc,≤100
14413545701,Conservation Law Foundation,"CONSERVATION LAW FOUNDATION, INC.",≤100
7292655492,MoveOn,MOVEON.ORG POLITICAL ACTION,≤100
215199482635728,Alek Skarlatos,ALEK FOR OREGON,≤100
1204754733024419,People's Power Grab,ACRONYM,≤100
342294162453301,Planned Parenthood,Planned Parenthood Federation of America,≤100
373814729643508,Let America Vote,LET AMERICA VOTE PAC,≤100
46093654473,National Republican Congressional Committee,NRCC,≤100
113666459994300,Big Dan Rodimer for Congress,RODIMER FOR CONGRESS,≤100
873203482775828,Poor People's Campaign: A National Call for Moral Revival,Poor People's Campaign,≤100
15239367801,The Wilderness Society,"WILDERNESS SOCIETY, THE",≤100
223055747744143,Beto O'Rourke,Powered By People,≤100
200650357207240,I Love My Freedom,I Love My Freedom,≤100
105577974544303,The USA Needs More Patriots,Anthony Alexander Morales,≤100
7292655492,MoveOn,MOVEON.ORG CIVIC ACTION,≤100
5943727453,American Humane,American Humane,≤100
8501031021,VoteVets.org,VOTEVETS,≤100
223008867858902,American Action News,American Action News,≤100
101894128312659,My President,wowengraving,≤100
1610834479233860,Fight For Reform,End Citizens United Non-federal,≤100
461204744067686,Family Protection Association,Family Protection Association,≤100
101404047991647,Smiley 4 Senate,Friends of Mark Smiley,≤100
97493741436,John W. Hickenlooper,HICKENLOOPER FOR COLORADO,≤100
393932827634250,Dissent Pins,Common Practice,≤100
130467958471,Jason Lewis,Jason Lewis for Senate,≤100
7145381235,American Jewish World Service - AJWS,"AMERICAN JEWISH WORLD SERVICE, INC.",≤100
101127364972509,Dems For USA,Dems For USA,≤100
126694924050678,Xavier Becerra,Becerra for Attorney General 2022,≤100
219612384781411,Bloomberg Philanthropies,Bloomberg Philanthropies,≤100
106973694007283,Keep America Great Again,KagaGear.com,≤100
143986912311328,University of Vermont Continuing and Distance Education,University of Vermont,≤100
197760674021143,Indivisible Guide,INDIVISIBLE ACTION,≤100
116546288359245,Heritage Action for America,HERITAGE ACTION FOR AMERICA,≤100
407664862957433,Ammar Campa-Najjar for Congress,AMMAR CAMPA-NAJJAR FOR CONGRESS,≤100
195530355493,Chicks On The Right,Chicks on the Right,≤100
1013304945470529,My Pride Apparel,My Pride Apparel,≤100
103026384819654,How to Vote,ACRONYM,≤100
679171239164792,Supermajority,"Supermajority PAC, https://supermajority.com/pac/. Not authorized by any candidate or candidate's committee.",≤100
30866133883,Alaska Wilderness League,ALASKA WILDERNESS LEAGUE,≤100
305832706292882,American Gun Association,GunAssociation.org,≤100
1934191280189700,Health Care Voter,Health Care Voter,≤100
30708742052,FCTRY,FCTRY,≤100
356482637745012,Stansberry Research,Stansberry Research,≤100
105608381208028,Chris Simpkins for North Smithfield Town Council,Christopher P Simpkins,≤100
102875587947942,Keep Trump In Office,Keep Trump In Office,≤100
839110726214614,Realtors,NATIONAL ASSOCIATION OF REALTORS,≤100
15687409793,World Wildlife Fund,World Wildlife Fund,≤100
1005566252861190,VOTEPROCHOICE,DEMOCRATS.COM,≤100
6820348410,Kirsten Gillibrand,Off the Sidelines,≤100
105010030848236,Bryant Cameron Webb,DR. CAMERON WEBB FOR CONGRESS,≤100
2037695643113766,Blexit,Blexit Foundation,≤100
132492254050920,American AF,AAF Nation,≤100
100724721707100,David J Place,David Place Place,≤100
376638603087168,Save The Earth,8 Billion Trees,≤100
102671331487937,I Love My Freedom Store,I Love My Freedom,≤100
788394134539871,USPS Business,United States Postal Service,≤100
1382195548475373,Maria Rivera For Mayor,Maria Rivera for Mayor,≤100
7962229886,Environmental Working Group,ENVIRONMENTAL WORKING GROUP,≤100
1836138529938551,Greater Half,Greater Half,≤100
1419388578092947,Anna Paulina Luna,ANNA PAULINA LUNA FOR CONGRESS,≤100
6236054211,Brady,Brady Campaign to Prevent Gun Violence,≤100
15524934075,Banana Republic,Banana Republic,≤100
560140464159364,Stand for the 2nd Amendment,SFT2 Tactical Supply,≤100
104521178045033,Philip M. Overton Jr.,Philip M. Overton Jr.,≤100
1109093812491437,Blaze Media,Blaze Media LLC,≤100
242077219243971,The Presidential Coalition,The Presidential Coalition,≤100
103597604713894,Team Trump Store,TRUMP MAKE AMERICA GREAT AGAIN COMMITTEE,≤100
10423517786,Harvard Business Review,HARVARD BUSINESS SCHOOL PUBLISHING CORPORATION,≤100
1648154845427417,Doggy Do Good,Do Something Good LLC,≤100
110393153948638,Financial Help,Common Acquire,≤100
934438026690635,YouGov,YOUGOV AMERICA INC.,≤100
585942765164217,Elect Democratic Women,ELECT DEMOCRATIC WOMEN,≤100
8473889271,National Parks Conservation Association,National Parks Conservation Association,≤100
100719625004234,Home and Community,Cynthia Nguyen,≤100
128191957875317,Cooking With Hope,Soyoung Cho,≤100
100233228182981,Madison Cawthorn for Congress,CAWTHORN FOR NC,≤100
892673067526965,Project War Path,Project War Path,≤100
101859698263382,Foley for Warwick-Ward 1,Friends For Foley,≤100
679171239164792,Supermajority,Supermajority,≤100
406456986070332,Matt Gaetz,Friends of Matt Gaetz,≤100
110962313941403,Vote from Home 2020,PEOPLE FOR GOVERNMENT PAC,≤100
376776419037747,Turning Point USA,Turning Point USA,≤100
21559454473,FAIR,FEDERATION FOR AMERICAN IMMIGRATION REFORM,≤100
834645469890446,Devin Nunes,DEVIN NUNES CAMPAIGN COMMITTEE,≤100
102564128179023,Truth to Power,TRUTH TO POWER,≤100
1121064611564743,"Kendra Anderson for RI State Senate, District 31",Friends of Kendra Anderson,≤100
1600352356914768,PushBlack,PushBlack,≤100
17203056985,Partners In Health,Partners In Health,≤100
104934207736995,Paycheck to Paycheck,Center for American Progress Action Fund,≤100
236369846383459,Congressional Black Caucus PAC,Congressional Black Caucus PAC,≤100
2012750189007245,Liquid Death Mountain Water,Liquid Death,≤100
111023584012681,Open Road Homeward,Samantha Lyn Weldon,≤100
1136781033034012,Brave New Look,Brave New Look,≤100
106667854471975,Outspoken,Log Cabin Republicans,≤100
629732217415068,Republican Party,Greater Half,≤100
20876805343,March of Dimes,MARCH OF DIMES INC.,≤100
96171427550,Raja for Congress,FRIENDS OF RAJA FOR CONGRESS,≤100
95356211637,Ben Ferguson,Ben Ferguson show,≤100
872842866161157,One Nation Design,One Nation Design,≤100
103185334702225,Stop Trump PAC,STOP 45 PAC,≤100
429812024048177,Doug Jones for Senate,DOUG JONES FOR SENATE COMMITTEE,≤100
266344180585578,Jim Jordan for Congress,JIM JORDAN FOR CONGRESS,≤100
27544763621,Prison Fellowship,Prison Fellowship,≤100
108118933908193,Next Level Goods,Next Level Goods LLC,≤100
18709174006,National Audubon Society,"NATIONAL AUDUBON SOCIETY, INC.",≤100
103373224404755,Impact Slates,COLLECTIVE IMPACT PAC,≤100
8550121410,Free Speech America Project,MEDIA RESEARCH CENTER,≤100
116222966843926,US Concealed,US Concealed,≤100
345378512258813,Elise Stefanik,ELISE FOR CONGRESS,≤100
628891490457484,Nancy Mace,Nancy Mace for Congress,≤100
124155874263916,Participant Media,Participant Media,≤100
1088950287806118,Climate Hustle 2,CFACT,≤100
481559282597914,TrumpersUnite,Respect The Look,≤100
142992759853421,Be A Hero,BE A HERO PAC,≤100
199756330090514,Solar United Neighbors,Solar United Neighbors,≤100
76625396025,CDC,U.S. Centers for Disease Control and Prevention with Facebook Ad Credits,≤100
57259033959,AARP,AARP,≤100
2309566456030859,Human Coalition Action,Human Coalition Action,≤100
794490553914304,Dr. Nina Ansary,"Revela Press, LLC",≤100
238952242804777,RI Center for Freedom and Prosperity,RHODE ISLAND CENTER FOR FREEDOM AND PROSPERITY,≤100
114646533630729,Yes. Every Kid.,"yes. every kid, Inc.",≤100
10128918116,Gavin Newsom,NEWSOM FOR CALIFORNIA GOVERNOR 2022,≤100
36474716066,Color Of Change,ColorofChange.org,≤100
1683659714985244,Phil Ehr,EHR FOR CONGRESS,≤100
175886458122,People's Action,People's Action,≤100
195670133784207,Charlestown Citizens Alliance,Charlestown Citizens Alliance,≤100
103406084765618,Kohlman for House 38,Friends of Don Kohlman,≤100
102592959026,Ocean Conservancy,"OCEAN CONSERVANCY, INC.",≤100
116238930177726,Artsiful,Brad Aaron Shaw,≤100
54684090291,Partnership to End Addiction,The National Center on Addiction and Substance Abuse with Facebook ad credits,≤100
267180743723148,National Geographic Society,National Geographic Society,≤100
163302087408673,Stop The Donald,Stop the Donald,≤100
106663044307859,Mike Sievert,"T-MOBILE USA, INC.",≤100
108109934203874,Insta Shop Boutique,Insta Shop Boutique,≤100
11653741889,Ad Council,Ad Council with Facebook Ad Credits,≤100
72186095846,Center For American Progress Action Fund,Center for American Progress Action Fund,≤100
131306317680000,Social Goods,"Social Goods, LLC",≤100
107315591003146,Healthier Lifestyle,Katie Yazhen Gao,≤100
151525932186806,When Democrats Turn Out,WHEN DEMOCRATS TURN OUT PAC,≤100
11791104453,NRDC,Natural Resources Defense Council,≤100
156268994819596,Marc J. Bern & Partners LLP,Marc J. Bern & Partners LLP,≤100
50982313030,Food & Water Watch,Food & Water Watch,≤100
119006106155684,PI Energy,Andrew P Chung,≤100
1025055787535714,A Case for Women,A Case for Women,≤100
342887442508723,Convention of States,Convention of States Action,≤100
114475890010131,Piggy Dollar Financial,Tyler Wayne Hedland,≤100
120846146252663,One More Thing,Story Network Foundation,≤100
102137374563260,Confide in American Pride,John Allen Franson,≤100
443329669123990,USAFacts,USAFacts Institute,≤100
115209826981358,Families Surviving Catastrophe,Henry George Hansen,≤100
322551718276442,Lemons Are Blue,Lockwell LLC,≤100
103644036958,United Association,United Association Political Education Committee,≤100
586751814690068,Joni Ernst,Joni for Iowa,≤100
1691667177798461,Brut,Brut,≤100
419992651425033,Guardianes del Pueblo-Consumer Law Group,Consumer Law Group,≤100
105084617912738,PatriotQuizzes,patriotquizzes.com,≤100
21455818797,Feed the Children,"FEED THE CHILDREN, INC.",≤100
102617961152741,Barbara Bollier,BOLLIER FOR KANSAS,≤100
141692255929599,Democratic Socialists of America,DEMOCRATIC SOCIALISTS OF AMERICA INC,≤100
117641114435,First Aid Beauty,First Aid Beauty,≤100
21834534343,Volunteers of America,"VOLUNTEERS OF AMERICA, INC.",≤100
118502801658228,Young Kim,Young Kim for Congress,≤100
34362997676,United States Holocaust Memorial Museum,UNITED STATES HOLOCAUST MEMORIAL MUSEUM,≤100
289446947817747,Global Citizen,"GLOBAL POVERTY PROJECT, INC.",≤100
6713653788,Gary Peters,PETERS FOR MICHIGAN,≤100
36872302227,Cory Booker,Cory Booker for Senate,≤100
293225127381200,Patriot Depot,The Patriot Depot,≤100
420785874975425,Conservative Institute,The Conservative Institute,≤100
112735922758892,Charlie Kirk,Charlie Kirk,≤100
1690071827911682,Cleancult,cleancult,≤100
643463669628493,Public Opinion Research Group,"Public Opinion Research Group, Inc",≤100
350784278974539,Turning Point Action,Turning Point Action,≤100
655065784538368,PredictIt,"PredictIt - Prediction Markets. A project of Victoria University of Wellington, PredictIt has been established to facilitate research into the way markets forecast events.",≤100
129255907131113,NumbersUSA,NUMBERSUSA EDUCATION AND RESEARCH FOUNDATION,≤100
113553048669158,Rick Scott,TEAM RICK SCOTT,≤100
2078647579047586,Project Pulso,Pulso,≤100
182620315479,Plan International USA,Plan International USA,≤100
213792049451918,Stand For America,Stand For America Inc,≤100
21492729544,Catholic Relief Services,CATHOLIC RELIEF SERVICES - UNITED STATES CONFERENCE OF CATHOLIC BISHOPS,≤100
13867925345,Equality Florida,Equality Florida,≤100
110439270638992,NE1else,Time Management LLc,≤100
530604487365010,Old Glory Flagpole Kits,Service First,≤100
107109947803536,Analyzing America,Gregory Lawrence Burright,≤100
1055873511190792,Hello Resistance,Hello Resistance Apparel,≤100
331037760381749,Sierra Magazine,SIERRA CLUB,≤100
8492293163,Environmental Defense Fund,Environmental Defense Fund,≤100
1799282383731277,TwoSeventy,Alexander Jared Deutsch,≤100
105707511217866,Communities Joining Hands,Elena Zhan,≤100
1530883997194411,United States Constitution,Flag and Cross,≤100
1048486145183452,We Testify,We Testify,≤100
896759427103774,Modern Medicaid Alliance,Modern Medicaid Alliance,≤100
1634651343331439,Project Wren,Landon Brand,≤100
35142679763,Alzheimer's Disease Research,"BRIGHTFOCUS FOUNDATION, INC. A/K/A BRIGHTFOCUS FOUNDATION",≤100
1084856268238034,Trump Talking,Roberto None Lugo,≤100
19575923823,Farm Sanctuary,"Farm Sanctuary, Inc.",≤100
321088559302,Keep America Beautiful,"KEEP AMERICA BEAUTIFUL, INC.",≤100
203805062990264,Ben Shapiro,The Daily Wire,≤100
6333396177,NewsBusters.org,MEDIA RESEARCH CENTER,≤100
45393753416,Alliance Defending Freedom,Alliance Defending Freedom,≤100
100170524856374,Evangelical Resistance,Patrick John Kahnke,≤100
269479249997,National Shooting Sports Foundation | NSSF,National Shooting Sports Foundation,≤100
297254237585636,Sheriff Strafe,These ads ran without a disclaimer,≤100
113696667080942,Mary Ann Shallcross Smith for Representative,Friends of Mary Ann Shallcross Smith,≤100
210277954204,The Young Turks,"The Young Turks, Inc.",≤100
203197030603239,8 Billion Trees,8 Billion Trees LLC,≤100
96832392186,US Open Tennis Championships,United States Tennis Association (USTA),≤100
41309865723,Democrats.com,DEMOCRATS.COM,≤100
303061950155375,John James,"JOHN JAMES FOR SENATE, INC.",≤100
215968684159,AFT - American Federation of Teachers,American Federation of Teachers,≤100
111428049989,Cal Cunningham,CAL FOR NC,≤100
700806360047982,CFG Action,Club for Growth Action,≤100
51379424899,Mercy Ships,MERCY SHIPS INTERNATIONAL,≤100
107439427661844,Accountable Tech,Accountable Tech,≤100
15771560300,Earthjustice,EARTHJUSTICE,≤100
152264148166020,Moms Clean Air Force,Moms Clean Air Force,≤100
118269091671380,The Home T,THE HOME T,≤100
1917715138510680,Follow Your Legend,Legend Bracelet,≤100
160484230634663,National Urban Indian Family Coalition,National Urban Indian family Coalition with Facebook Ad Credits,≤100
38471053686,Elizabeth Warren,"WARREN DEMOCRATS, INC.",≤100
112164673854264,Living Patriotically,Living Patriotically,≤100
115364585711,Lawyers' Committee for Civil Rights Under Law,Lawyers' Committee for Civil Rights Under the Law with Facebook Ad Credits,≤100
160513344045084,John Neely Kennedy,"John Kennedy for Us, Inc",≤100
104704401202729,"Teresa's Tips, Tricks & Tools for Beauty, Health & Wealth",Teresa Marie Von Riegen,≤100
101461559911714,The Posh Pearl Apparel Co.,The Posh Pearl Apparel Co,≤100
181183059253295,Dorsal Bracelets,Dorsal Bracelets,≤100
111140093672868,Josh Eisen for Congress,Joshua E Eisen,≤100
288110884600563,Lean In,"Sheryl Sandberg & Dave Goldberg Family Foundation d/b/a LeanIn.Org, LLC",≤100
296295018082,AARP en Español,AARP,≤100
143729616392084,Van Drew for Congress,Van Drew for Congress,≤100
7814597100,Jim Jordan for Congress,JIM JORDAN FOR CONGRESS,≤100
431099560800970,Front Page Live,"Front Page Live, Inc.",≤100
971668776283950,PolicyEd,Hoover Institution,≤100
101136147910784,Represent Justice,Represent Justice,≤100
172758932738142,PhRMA,PHARMACEUTICAL RESEARCH AND MANUFACTURERS OF AMERICA,≤100
756307334729769,Little Compton Community Bulletin Board,Michael William Rocha,≤100
465483726908192,iVote,IVote Civic Education Fund,≤100
124530924015,Hank Gilbert,HANK GILBERT FOR CONGRESS,≤100
228132537208218,Tammy Duckworth,TAMMY FOR ILLINOIS,≤100
49651563727,Live Action,Live Action,≤100
166618413413767,Jay Sekulow,American Center for Law and Justice,≤100
259212814698356,Democratic Majority for Israel,DMFI PAC,≤100
111702860231554,Matt Lieberman,Matt Lieberman for Senate,≤100
107589664099282,Stand Up To China,"Stand Up To China, Inc.",≤100
103164911512902,ShopDemocratic,"DANWAL, INC.",≤100
109984394118472,Mask Exemption Cards,Mask Exemption Cards,≤100
20395377020,Old Navy,Old Navy LLC,≤100
128167457221813,Public Transportation,Voices for Public Transit,≤100
21375324480,The Heritage Foundation,HERITAGE FOUNDATION (THE),≤100
277414242013,Joyce Elliott for Congress,JOYCE ELLIOTT FOR CONGRESS,≤100
46347342434,EMILY's List,EMILY'S LIST,≤100
210357995667559,The National Memo,The National Memo,≤100
100318944827269,Amy Kennedy,AMY KENNEDY FOR CONGRESS,≤100
1832744013698336,Mahogany Mommies,Mahogany Mommies,≤100
350316025478383,When We All Vote,When We All Vote,≤100
746938465317981,Nuclear Matters,Nuclear Matters,≤100
894096170667732,Ashley Hinson,Ashley Hinson For Congress,≤100
123651254408327,Sokolove Law,"Sokolove Law, LLC",≤100
184731548554164,PL+US,Plus Fund: Paid Leave for the United States,≤100
102846434825096,Beat Abbott,Beat Abbott PAC,≤100
496696933682736,Jeff Merkley,JEFF MERKLEY FOR OREGON,≤100
737686089933715,Conservative Collections,Mainline Media Group,≤100
116808566362551,Boomer Naturals,Boomer Naturals Inc,≤100
112251693934101,Dog Boys Adverts,Nicholas Taylor Rowe,≤100
291102898490822,Giant Maga Hat,Inventors club LLC,≤100
398757490729,The National Network to End Domestic Violence,"NATIONAL NETWORK TO END DOMESTIC VIOLENCE, INC.",≤100
405469100189512,Still My President - Donald Trump,Red State Politics LLC,≤100
1354622541311687,Dr. Kim Schrier,DR KIM SCHRIER FOR CONGRESS,≤100
1010143499143169,Medicare Savings,"Mayo Labs, LLC",≤100
121067011091,Arab American Institute,Arab American Institute with Facebook Ad Credits,≤100
2256321067930356,Liberteeclub,libertyteeshop,≤100
1556932204325823,ProgressPop,ProgressPop,≤100
210333902420876,Sean Parnell,AMERICANS FOR PARNELL COMMITTEE,≤100
215642455673147,Build the Wave,BUILD THE WAVE,≤100
2146201085498440,Tony Gonzales,Tony Gonzales for Congress,≤100
23790541544,Democrats,DCCC,≤100
101769576791,Health Action Network,Health Action Network,≤100
6851405967,CREDO Mobile,"CREDO MOBILE, INC.",≤100
830121337093232,National Democratic Training Committee,NATIONAL DEMOCRATIC TRAINING COMMITTEE PAC,≤100
911828698840246,ReLEntless Defender Apparel,ReLEntless Defender Apparel,≤100
1526736227567131,TrueCoverage,True Coverage,≤100
1316372698453411,Alexandria Ocasio-Cortez,THE SQUAD VICTORY FUND,≤100
227764782729,AMERICAN - STRONG!,American Strong LLC,≤100
530604487365010,Old Glory Flagpole Kits,Service First Flag Poles,≤100
206743952696198,Lower My Bills,"LMB OpCo, LLC",≤100
2113400635561647,Andrea Mitchell Center for the Study of Democracy,Andrea Mitchell Center for the Study of Democracy at the University of Pennsylvania,≤100
100517105076564,Shining Lifetime,Daniel Vasquez,≤100
100804765055576,Chris Logan for Middletown Town Council,Christopher Michael Logan,≤100
10498053716,Media Research Center,MEDIA RESEARCH CENTER,≤100
231154884924705,AboutTrump.org - and Biden,A MARK FOUNDATION,≤100
209516845093,NRDC Action Fund,NRDC Action Fund,≤100
185366302047944,Councilor Mark Schwager,Friends of Mark Schwager,≤100
101485404914361,Bad News Wares,Bad News Wares,≤100
2130092453868820,Kate Rotella for 43,HDCC,≤100
100696128366533,Compare-HealthPlans.com,Darius Alexander Mcdougle,≤100
102756811269921,Fellow Americans,Fellow Americans,≤100
284002627318,Adobe Acrobat,Adriana None Frias,≤100
151297638887120,Upswell,Independent Sector,≤100
1438808983108348,BOLD PAC,CHC BOLD PAC,≤100
101329438317952,Story Network Action,Story Network Foundation,≤100
193618220508,LIFE Today,LIFE Outreach International,≤100
357554791340788,Liker,Omar Rivero,≤100
106890801114065,Right Wing Maga,Right Wing Maga,≤100
55549065733,Voto Latino,VOTO LATINO INC.,≤100
6231686654,Compassion International,"COMPASSION INTERNATIONAL, INCORPORATED",≤100
103911824657671,Health Insurance,Michael Melen,≤100
134452023239984,Human Coalition,Human Coalition,≤100
101481584557260,Help Asheville Bears-HAB,Heather Christina Williams,≤100
109526232935380,Synthisophy,Synthisophy,≤100
518194348194441,RepresentUs,RepresentUs,≤100
352527958302,Israel on Campus Coalition,Israel on Campus Coalition,≤100
43609808159,Happy Family Organics,Happy Family Organics,≤100
2477925168899669,The Renew Democracy Initiative,"The Renew Democracy Initiative, Inc",≤100
1945837408977507,Michael Moates,-MICHAEL STEVEN MOATES,≤100
103067581133922,Paul Junge,PAUL JUNGE FOR CONGRESS,≤100
1709411425966576,Trump Store America,SPALDING GROUP INC,≤100
18079407397,CPAC 2020,Conservative Political Action Conference,≤100
114937555342547,Seth Abramson,Macmillan Publishing,≤100
282765295135322,The Pray in Jesus Name Project,"GJK, Inc. d/b/a The Pray In Jesus Name Project",≤100
814260155318929,The Fairness Project,The Fairness Project,≤100
614134231980299,Veterans Empowered To Protect African Wildlife,VETPAW INC,≤100
40973310753,Pathfinder International,Pathfinder International,≤100
551158678560402,Epimonia,Epimonia LLC,≤100
166166843531258,National Council of Resistance of Iran - شورای ملی مقاومت ایران,MEK-Iran (Saeid Saadati),≤100
21395843375,Dialysis Patient Citizens,DIALYSIS PATIENT CITIZENS INC,≤100
1486604288305133,Happy Earth Apparel,Happy Earth LLC,≤100
30914589895,The International Fellowship of Christians and Jews,"INTERNATIONAL FELLOWSHIP OF CHRISTIANS & JEWS, INC.",≤100
105698674239617,Embed News,Embed News,≤100
67626834312,National Women's Law Center,National Women's Law Center,≤100
175335262547741,Dan Kildee,FRIENDS OF DAN KILDEE,≤100
110849485902,United Way,United Way Worldwide with Facebook Ad Credits,≤100
27544763621,Prison Fellowship,Brandon Anders Larsen,≤100
141786816970,Cruise Lines International Association - CLIA,Cruise Lines International Association,≤100
192015461630968,Supporting Our Brave Veterans,James Brian Plouf,≤100
19972147679,SEIU,SEIU,≤100
105995741220700,Patriots United,Le Huu Dong Huynh,≤100
570524446405979,Only Human,Only Human,≤100
105882964535390,Cats Against Trump,Cats Against Trump,≤100
234628203317767,Made for Freedom,Made for Freedom,≤100
83600052210,Citizens Count,Citizens Count,≤100
260713150211,Protect Our Winters,Protect Our Winters,≤100
792140450890876,Roger Eaton for Charlotte County Clerk of the Circuit Court,Roger Eaton,≤100
1268410219898273,Tango Tango,Tango Tango Inc,≤100
80562389320,NARAL Pro-Choice America,NARAL Pro-Choice America,≤100
232201568659,Pacific Justice Institute,PACIFIC JUSTICE INSTITUTE,≤100
108029674299216,We The People,We The People,≤100
111564220280298,Lenny Cioe for RI,Friends of Lenny Cioe,≤100
17911165812,Covenant House International,Covenant House,≤100
150322194563,PASA Primates: Pan African Sanctuary Alliance,PAN AFRICAN SANCTUARIES ALLIANCE,≤100
169294473121454,Policetees.com,PoliceTees.com,≤100
1437139799857705,National Medal of Honor Museum,Medal of Honor Museum Foundation,≤100
390560688135747,Public Editor Press,"Public Editor Press, Inc",≤100
1344753008968781,Birds Aren't Real,Birds Aren't Real,≤100
170806736923126,Harmony Turbines,Harmony Turbines Inc,≤100
57495285387,Michael Bennet,BENNET FOR AMERICA,≤100
304062610300415,VozWire,Gregson E Mathe,≤100
79125112926,Students for Life of America,"STUDENTS FOR LIFE OF AMERICA, INC.",≤100
111324359048459,Dr. Roger Marshall,KANSANS FOR MARSHALL,≤100
169130743498585,Tactical Pro Supply,Chad Keller,≤100
1784991421516214,Seek Refuge,Seek Refuge,≤100
6041057841,The Humane Society of the United States,"HUMANE SOCIETY OF THE UNITED STATES, THE",≤100
60449667441,Family Research Council,FAMILY RESEARCH COUNCIL,≤100
165566613453452,ERLC,ETHICS AND RELIGIOUS LIBERTY COMMISSION OF THE SOUTHERN BAPTIST,≤100
243947752771440,TJ Cox for Congress,TJ COX FOR CONGRESS,≤100
94047978366,PCCC - BoldProgressives.org,PROGRESSIVE CHANGE CAMPAIGN COMMITTEE,≤100
114386721939978,The Made in America Store,Made In America Store,≤100
24470472733,The Trevor Project,The Trevor Project,≤100
115024746010017,MediaWise,MediaWise,≤100
399067003454888,Sudan Relief Fund,Sudan Relief Fund Inc,≤100
446813398834728,Mijente,Mijente,≤100
384557995468219,Viral Casez,Viral Casez,≤100
2309566456030859,Human Coalition Action,PRO-LIFE TEXANS A HUMAN COALITION ACTION PAC,≤100
243510442756370,Justice Democrats,JUSTICE DEMOCRATS PAC,≤100
183424985463330,Joe Cunningham,JOE CUNNINGHAM FOR CONGRESS,≤100
5887538795,Education Week,Education Week,≤100
1000253160054572,Cori Bush,CORI BUSH FOR CONGRESS,≤100
36634376117,HarperKids Books,HARPERCOLLINS PUBLISHERS LLC,≤100
6240652407,Young America's Foundation,YOUNG AMERICA'S FOUNDATION INC,≤100
1520483958208446,Seeger Weiss LLP,SEEGER WEISS LLP,≤100
102161004838994,Melissa Gould for Judge,Melissa Gould for Judge,≤100
514167322309353,Dan Crenshaw,Crenshaw For Congress,≤100
325578590837480,Protect Our Care,Sixteen Thirty Fund,≤100
102631891465634,Vividchic.com,These ads ran without a disclaimer,≤100
8047221596,Save the Children US,"SAVE THE CHILDREN FEDERATION, INC.",≤100
127216280686110,Ann Wagner,Ann Wagner for Congress,≤100
370657382416,Stanley Black & Decker,"STANLEY BLACK & DECKER, INC.",≤100
123315077689118,Atria Books,Simon and Schuster,≤100
105872574403318,Project TAMMI,a research grant at The National Center on Addiction and Substance Abuse (CASA),≤100
17475614410,Hispanic Federation,Paid for by Hispanic Federation with Facebook Ad Credits,≤100
102439174938829,Liberty Center for God and Country,Liberty Center for God & Country,≤100
1949440971937523,Maine Voter Info,MAINE DEMOCRATIC PARTY,≤100
108512875350,The Atlas Society,The Atlas Society,≤100
1977738355807406,Sharice For Congress,SHARICE FOR CONGRESS,≤100
537534316395916,Students for Trump,Turning Point Action,≤100
112704783859268,Boy Scouts Abuse Claim Help,X Social Media LLC,≤100
101174331629641,Ring The Alarm,RingTheAlarm.US,≤100
8057376739,The Nature Conservancy,Nature Conservancy,≤100
73410005545,Women & Infants Hospital of Rhode Island,These ads ran without a disclaimer,≤100
72931140459,Center for Biological Diversity,"CENTER FOR BIOLOGICAL DIVERSITY, INC.",≤100
110010433804232,Falkirk Center,Falkirk Center,≤100
30079936984,CWS,"CHURCH WORLD SERVICE, INC.",≤100
13187955196,Young Americans for Liberty,Young Americans for Liberty,≤100
105732744375701,Steve Bullock,MONTANANS FOR BULLOCK,≤100
336470580233523,Pins and Aces Golf Co.,US Craft Brands LLC,≤100
102970113093477,Church Militant/St. Michael’s Media,Max Aldcander Douglas,≤100
7341997111,Conservation International,Conservation International,≤100
1681120172099567,Libertarian Candidates,Ryan Allen Raymond,≤100
374848446414965,Pollking,Benjamin Aaron Perlman,≤100
419237048158257,Susan Collins,COLLINS FOR SENATOR,≤100
121626482110,Operation Smile,"OPERATION SMILE, INC.",≤100
64742342517,Hagee Ministries,"GLOBAL EVANGELISM, INC.",≤100
83865976093,Truthout,TRUTHOUT,≤100
166738743732702,All Above All Action,All Above All Action Fund,≤100
106372766264,NYS Democratic Senate Campaign Committee (DSCC),NYS Democratic Senate Campaign Committee,≤100
195620754724,Helping Hand USA,HELPING HAND FOR RELIEF AND DEVELOPMENT INC.,≤100
922580991129339,People's Mojahedin Organization of Iran - MEK IRAN,MEK-Iran (Saeid Saadati),≤100
1747132688647028,Democratic Association of Secretaries of State,Democratic Association of Secretaries of State,≤100
24330467048,Americans for Prosperity,AMERICANS FOR PROSPERITY,≤100
858210161010020,Tom Malinowski for Congress,TOM MALINOWSKI FOR CONGRESS,≤100
113702026736466,National Parks Action Fund,National Parks Action Fund,≤100
242679302418244,Denison Forum,Denison Ministries,≤100
1708467695859543,Veteran Transition Mission,Sonia Ivelisse Barriera Ayala,≤100
163965296965203,32BJ SEIU,LOCAL 32 BJ SEIU,≤100
1658135304460341,MANG,MANG,≤100
181924628560212,SumOfUs,SumOfUs,≤100
18813753280,Human Rights Campaign,"HUMAN RIGHTS CAMPAIGN, INC.",≤100
102745147891580,Trump Coolers,Eric Clifford Juels,≤100
117513180002579,John Shallman,Target Marketing Digital,≤100
13885075114,Action Against Hunger USA,ACTION AGAINST HUNGER - USA,≤100
112600915451330,No Labels,No Labels,≤100
27311599342,Preemptive Love,Preemptive Love Coalition,≤100
166623896739812,Citizens United Political Victory Fund,Citizens United Political Victory Fund,≤100
121033149320,American Indian College Fund,"AMERICAN INDIAN COLLEGE FUND, THE",≤100
11111618026,Union of Concerned Scientists,"UNION OF CONCERNED SCIENTISTS, INC.",≤100
248181906078243,National Institute for Civil Discourse,CommonSense American,≤100
233116802464,Independent Voter,Independent Voter Project,≤100
138141366212571,Gravis Marketing,GRAVIS MARKETING INC.,≤100
97466887664,Innocence Project,"INNOCENCE PROJECT, INC., THE",≤100
192771954102960,Jordan Sekulow,American Center for Law and Justice,≤100
1014486318584089,Armed American Supply,Armed American Supply,≤100
47712360678,Jobs With Justice,Jobs With Justice,≤100
105835711208027,The Progressive List,THE PROGRESSIVE LIST,≤100
19474609238,Mercatus Center at George Mason University,Mercatus Center at George Mason University,≤100
103531607822207,Noticias para Inmigrantes,"Wise Rock Media, PBC",≤100
110061623807565,Kelly Loeffler,Georgians for Kelly,≤100
111718570352005,Yes on Measure A - A Solution for Homelessness,"Yes on Measure A - Homes for San Diegans, Sponsored by a Coalition of Civic Nonprofits and Housing Providers.  Committee major funding from  Affirmed Housing Group Inc  Eden Housing Inc  Metropolitan Area Advisory Committee (MAAC)  Funding details at www.sandiego.gov/donors. ",≤100
130848666099,Business Forward,Business Forward Inc.,≤100
1099478666810053,Meals For Pets,Meals for Pets,≤100
456262374764387,Voters Not Politicians,Voters Not Politicians,≤100
102180301437619,2020 American Defense Fund,C3 PAC,≤100
113179897027654,Fypgear,Anne Marie Ward,≤100
105455840860559,EagleRealm LLC,Eagle Realm,≤100
101464921262312,Alaina for Congress 2020,Alaina Shearer for Congress,≤100
296708523873754,Karla Dennis and Associates Inc.,"Karla Dennis & Associates, Inc",≤100
7209432197,Chris Coons,CHRIS COONS FOR DELAWARE,≤100
281884085611820,Tedra Cobb,COMMITTEE TO ELECT TEDRA COBB,≤100
467804929927622,Jason Smith,JASON SMITH FOR CONGRESS,≤100
7642602143,Mother Jones,FOUNDATION FOR NATIONAL PROGRESS,≤100
497081420632330,Dr. Hiral Tipirneni,HIRAL FOR CONGRESS,≤100
711909245654048,National Police Support Fund,National Police Support Fund,≤100
418951294827718,Wren + Glory,WREN + GLORY,≤100
104878167964386,Patriots Together,Marijo L Schlegel,≤100
1338822066131069,Women's March,Women's March,≤100
1452551204988299,GoReact,Speakworks Inc,≤100
111173387386506,BBCC: Barbershop and Black Congregation Cooperative,Faith in Minnesota,≤100
700941689954518,Defend Our Future,Defend Our Future,≤100
219247332354785,Phil Arballo for Congress,ARBALLO FOR CONGRESS,≤100
999775873528189,Stopping Socialism,The Heartland Institute,≤100
322222884530329,Former State Representative Bob Cortes,"Bob Cortes, Republican, for State Representative",≤100
11006419356,The Voice of the Martyrs - USA,"VOICE OF THE MARTYRS, INC., THE",≤100
1632568446971453,Boredwalk,Boredwalk,≤100
216709768355686,Dinesh D'Souza,America2020 Film LLC,≤100
103979520737,WildCare,WILDCARE TERWILLIGER NATURE EDUCATION & WILDLIFE REHABILITATION,≤100
128716440866482,Adam Milstein,Adam Milstein,≤100
556344894736772,"New England, New Energy",Resource Media,≤100
219224241438635,Compassion & Choices,COMPASSION & CHOICES,≤100
56282222521,Houghton Mifflin Harcourt Trade,Houghton Mifflin Harcourt,≤100
109078917443178,Independent OC,Independent OC,≤100
165440947428068,Mamás Con Poder,MomsRising Together,≤100
785936231584382,Paula Jean Swearengin,Paula Jean for West Virginia,≤100
2049170775107862,Resistance By Design,Resistance By Design,≤100
105536127617594,The American Digest,The American Digest,≤100
780941275347834,Ilhan Omar,ILHAN FOR CONGRESS,≤100
615854911830541,Shore Buddies,Shore Buddies,≤100
263210730984251,We Are Great Again Pac,WE ARE GREAT AGAIN PAC,≤100
130945114804,World Jewish Congress,WORLD JEWISH CONGRESS AMERICAN SECTION INC,≤100
12185972707,350.org,350.org,≤100
29008276590,The Salvation Army Greater New York Division,The Salvation Army,≤100
245741028804051,Barbara Sinatra Center,Barbara Sinatra Children's Center,≤100
1833879943496521,Spread The Vote,Spread the Vote,≤100
253791814655400,Doug Collins,"COLLINS FOR SENATE, INC.",≤100
100401327980848,National Parents Union,National Parents Union,≤100
314212505331993,Museum of the American Revolution,These ads ran without a disclaimer,≤100
6170309302,Dick Durbin,FRIENDS OF DICK DURBIN COMMITTEE,≤100
296914550322200,Jose Javier Rodriguez,Florida Democratic Legislative Campaign Committee,≤100
202531447982,Jimmy Chin,Protect Our Winters,≤100
100506848295759,Made to Fail,Made To Fail,≤100
258371987557825,Rosenfeld Injury Lawyers LLC,These ads ran without a disclaimer,≤100
109914474151573,COMMUNITYx App,Chloe Cheyenne Rogers,≤100
394817334402124,2020 Trump Bill,Innovative Ecomm LLC,≤100
455147011996099,The Ann and Phelim Scoop,The Unreported Story Society,≤100
90498769709,Edenpure,EdenPURE®,≤100
638673103424933,Retired Americans PAC,Retired Americans PAC,≤100
593289284500311,Trump Rack,BOXD Marketing,≤100
19342050934,Leadership Institute,LEADERSHIP INSTITUTE INC,≤100
12683623041,Society for Human Resource Management (SHRM),SOCIETY FOR HUMAN RESOURCE MANAGEMENT,≤100
100119981671668,Blue Senate,BLUE SENATE PAC,≤100
830890360316751,Nick Hanauer,Civic Action,≤100
1393911800825140,OZY,OZY Media Inc,≤100
12128466831,Amazon Watch,"AMAZON WATCH, INC.",≤100
6787988478,Physicians for Human Rights,"PHYSICIANS FOR HUMAN RIGHTS, INC.",≤100
1640970822834351,Plaine Products,Plaine Products,≤100
110588273989071,Joe's Joe,Joes Joe LLC,≤100
112641177220237,Center News,Concealed Center,≤100
8321461609,MomsRising.org,MomsRising Together,≤100
175797376373,"WaterFurnace Geothermal Heating, Cooling & Hot Water","WATERFURNACE INTERNATIONAL, INC.",≤100
82106496620,AARP New York,AARP,≤100
107953010886875,20Train.com,GEEG LLC,≤100
1156676274461345,Mikie Sherrill,MIKIE SHERRILL FOR CONGRESS,≤100
442553959494293,Pay Up Climate Polluters,Center for Climate Integrity,≤100
59543893235,National Constitution Center,National Constitution Center,≤100
657708380952174,Voices of the Civil Rights Movement,Comcast,≤100
102579318191600,No Justice No Peace,NO JUSTICE NO PEACE PAC,≤100
9739634228,The Political Machine,"Hitcents.com, Inc",≤100
58736997707,Marco Rubio,Marco Rubio for Senate,≤100
59254639983,Boston Medical Center,BOSTON MEDICAL CENTER,≤100
156994304362574,American Bridge 21st Century,AB PAC,≤100
110828620426941,Roger Polack for Congress,ROGER FOR WISCONSIN,≤100
319982881752525,Kara Eastman,EASTMAN FOR CONGRESS,≤100
109966290494892,Wagoner Law Firm,Nicholas Jordan Wagoner,≤100
2046092952294722,Lucy McBath for Congress,FRIENDS OF LUCY MCBATH,≤100
383754825699166,Beloved Benefit,Beloved Benefit,≤100
486742462081051,Mike Cooney for Governor,Cooney for Montana,≤100
160630887998827,Let Them Live,Let Them Live,≤100
75353945070,Boxed Water Is Better,Boxed Water Is Better,≤100
2068988876444634,Stand Up for Accurate Prenatal Answers,STAND UP FOR ACCURATE PRENATAL ANSWERS INC,≤100
104881317722736,Get-It-Out,Matthew Justin Viles,≤100
15351475322,Cathy McMorris Rodgers,Cathy McMorris Rodgers for Congress,≤100
1653251174924652,Fuzzu,Fuzzu,≤100
1667892193505378,Hold the House,HOLD THE HOUSE PAC,≤100
87199812705,Advocates for Youth,ADVOCATES FOR YOUTH INC,≤100
26006662641,Arizona Democratic Party,Arizona Democratic Party,≤100
104504438466,Federal Voting Assistance Program - FVAP,Federal Voting Assistance Program,≤100
1664959567149320,Wholesome Culture,Wholesome Culture,≤100
367292494407,AJC - American Jewish Committee,AMERICAN JEWISH COMMITTEE,≤100
35715544220,Stand.earth,STAND,≤100
103046977892124,Adam Christensen For Congress,ADAM J CHRISTENSEN FOR CONGRESS,≤100
142370046577999,Shahid Buttar for Congress,Shahid Buttar for Congress Committee,≤100
143089732792,Marsha Blackburn,Blackburn Tennessee Victory Fund,≤100
1678492922390061,WorkingNation,WorkingNation,≤100
111970730196550,World War Zero,AMERICAN SECURITY PROJECT,≤100
106596314443572,Dmitriy Yakubovich,"Dmitriy Yakubovich for Hallandale Beach City Commission, Seat 4",≤100
123624513983,The Western Journal,The Western Journal,≤100
71383025128,PARIS - Guerrilla Funk Recordings,"Guerrilla Funk Recordings and Filmworks, LLC",≤100
290851614930809,Combat AntiSemitism,Combat Anti-Semitism,≤100
105425681281873,The Way to Liberty,Christopher Allen Supek,≤100
434224137354568,Dr. Rich McCormick for Congress,Friends of McCormick,≤100
101888608186192,MedicalCommunitynet,Medical Community LLC,≤100
106968690805026,Sima for Texas,SIMA FOR TEXAS,≤100
105433064492153,The Return 2020,The Return International,≤100
104027944769027,Proud Patriot Shop,Georgia Rose Benoit,≤100
598720023670599,Jennifer Carroll Foy,Jennifer Carroll Foy for Governor,≤100
28144169620,Alliance for Aging Research,Alliance for Aging Research,≤100
153477451455783,The Optimist Daily,"The Optimist Publications, LLC",≤100
6355071377,American Cancer Society Cancer Action Network - ACS CAN,AMERICAN CANCER SOCIETY CANCER ACTION NETWORK INC,≤100
51761261956,The Bill of Rights Institute,"BILL OF RIGHTS INSTITUTE, THE",≤100
661744180680367,National Police Association,"NATIONAL POLICE ASSOCIATION, INC.",≤100
702582586516561,CBN Israel,"The Christian Broadcasting Network, Inc.",≤100
103315378108004,True Patriot Strength,LE-HUU DONG HUYNH,≤100
262577294462322,Kettle Freaks,Kettle Freaks LLC.,≤100
34701792581,EWTN,Eternal Word Television Network,≤100
1255514891283096,RGA Right Direction PAC,RGA RIGHT DIRECTION PAC,≤100
931907200310657,Patients Rising Now,Patients Rising Now Inc,≤100
100523018383357,National Federation of Christian Businesses - NFCB,National Federation of Christian Businesses Inc,≤100
129278807814364,Women of Welcome,Welcome.,≤100
186932688457686,CHNGE,CHNGE,≤100
237477017606,Club for Growth,Club for Growth,≤100
205395906412,UAW International Union,"INTERNATIONAL UNION, UNITED AUTOMOBILE, AEROSPACE AND AGRICULTURAL IMPLEMENT WORKERS OF AM",≤100
151757038879920,Alyse Galvin for Congress 2020,ALYSE FOR ALASKA,≤100
2259323457517498,Abolish the Electoral College,ABOLISH THE ELECTORAL COLLEGE,≤100
153678684700451,American Investment Council,AMERICAN INVESTMENT COUNCIL,≤100
104917974464673,No Plastic Drinks,No Plastic Drinks,≤100
83290028957,Care Net,CARE NET,≤100
147508068653822,Massachusetts Building Trades Council,American Federation of Labor & Massachusetts Building & Const Trds,≤100
1425435377743310,Conversations with Bill Kristol,The Foundation for Constitutional Government,≤100
868405419972384,The Outrage,The Outrage,≤100
176466646087311,DC Fawcett,Donald Chappell Fawcett,≤100
16534314739,Facing History and Ourselves,"FACING HISTORY AND OURSELVES NATIONAL FOUNDATION, INC.",≤100
70874333603,CatholicVote,CatholicVote,≤100
102436701226752,Is It Sunday Yet?,Jarrett J Rogers,≤100
1228396643984955,Michelle Steel,Michelle Steel for Congress,≤100
438536186881177,All Clear Foundation,All Clear Foundation,≤100