﻿Page ID,Page Name,Disclaimer,Amount Spent (USD)
629062130882339,Congressman Michael F.Q. San Nicolas - Guam,United States House of Representatives,229
1461863774118436,Bureau of Statistics & Plans,Bureau of Statistics & Plans,≤100
751378318588766,Prevent UnWanted Species Guam,"Sustainable Resources Group Intn'l, Inc.",≤100
213289449057297,THE HILLS BOYS,Oscar Hills,≤100
11131463701,truth,TRUTH INITIATIVE FOUNDATION,≤100
308817409741999,Governor Lou Leon Guerrero,Office of the Governor of Guam,≤100
101301278284850,Ken Leon Guerrero for Senator,Joaquin Leon Guerrero,≤100
171540600327698,Senator Amanda L. Shelton,Amanda L. Shelton,≤100
463135357452749,Senator James Camacho Moylan,Committee to Re-Elect James Moylan for Senator,≤100
106347817561634,Vince Borja for Senator,Vincent Anthony Velasco Borja,≤100
114190323669248,walles.world,These ads ran without a disclaimer,≤100
147247385296588,Senator Telo T. Taitague,Telo Teresa Taitague,≤100
205238189588054,"Race, Racism and the Law",Professor Vernellia Randall,≤100