﻿Page ID,Page Name,Disclaimer,Amount Spent (USD)
153080620724,Donald J. Trump,TRUMP MAKE AMERICA GREAT AGAIN COMMITTEE,6886
1771156219840594,Team Trump,TRUMP MAKE AMERICA GREAT AGAIN COMMITTEE,2290
7860876103,Joe Biden,BIDEN VICTORY FUND,1652
6726182861,Mike Pence,TRUMP MAKE AMERICA GREAT AGAIN COMMITTEE,902
1615018905412860,Progressive Turnout Project,PROGRESSIVE TURNOUT PROJECT,636
108824017345866,Facebook,"Facebook, Inc.",617
156968474833352,Stop Republicans,Stop Republicans,414
96935476345,Democratic Governors Association (DGA),Democratic Governors Association,295
114710126648118,Republican Dogs,Republican Dogs,292
101279451606075,Democratic Strategy Institute,Democratic Strategy Institute,266
172758932738142,PhRMA,PHARMACEUTICAL RESEARCH AND MANUFACTURERS OF AMERICA,241
717115395103069,PrintedKicks,Printed Kicks,230
791543660926838,"I'll go ahead and keep my guns, Thanks",2A4LIFE LLC,195
1635441679872518,Kimberly Klacik,Kim Klacik for Congress,191
9324910069,NRSC,NRSC,177
747436915270894,Congressional Leadership Fund,CONGRESSIONAL LEADERSHIP FUND,172
127755494595870,Progressive Takeover,PROGRESSIVE TAKEOVER,167
665345483483486,NRA - National Rifle Association of America,NATIONAL RIFLE ASSN OF AMERICA,158
127225910653607,PragerU,PragerU,141
105756057589080,The Lincoln Project,The Lincoln Project,132
36160848633,PicturesOnGold.com,Daniel F Schifter,128
165987503528599,Lindsey Graham,"TEAM GRAHAM, INC.",120
2352630938293825,Mytacticalpromos,Entremax,118
104856814505092,The Kids Guide,The Kids Guide,117
253124008097628,Idaho Wildlife Federation,IDAHO WILDLIFE FEDERATION,115
163148530407080,Captain Mark Kelly,MARK KELLY FOR SENATE,111
176789922364429,Steve Daines,STEVE DAINES FOR MONTANA,105
202626512363,U.S. Census Bureau,U.S. Census Bureau,≤100
20787991568,Senate Democrats,DSCC,≤100
168051710543266,Lacy Johnson,Lacy Johnson for Congress,≤100
166151583508708,All American Sports,Bill's Bike and Run,≤100
203197030603239,8 Billion Trees,8 Billion Trees LLC,≤100
103730928025980,Safe and Sound In 2020,Kin Ngai Yeung,≤100
328853823844484,Balance of Power,Balance of Power,≤100
100392931351292,Northwest RiverPartners,Northwest RiverPartners,≤100
7976226799,The Daily Show,Comedy Central,≤100
102563281572515,Keep America Great,RightWingGear.com,≤100
322551718276442,Lemons Are Blue,Lockwell LLC,≤100
14856729724,Gap,Gap Inc,≤100
101144694984082,Dennis Doan for Boise,"Dennis Doan for Boise Schools—Shawn Doan, Treasurer",≤100
92925746942,Judicial Watch,Judicial Watch,≤100
328072970642479,Jaime Harrison,JAIME HARRISON FOR US SENATE,≤100
105577974544303,The USA Needs More Patriots,AmeriPolling,≤100
33713453361,Amazon Prime Video,Amazon Prime Video,≤100
156535884411111,Idaho Forest Products Commission,Idaho Forest Products Commission,≤100
2353537341582545,Proud Patriots,Proud Patriots,≤100
100391581727524,Defeat By Tweet,DEFEAT BY TWEET,≤100
100137754724934,Trump 2020 Supporters,Proud Right Winger,≤100
1316372698453411,Alexandria Ocasio-Cortez,Alexandria Ocasio-Cortez for Congress,≤100
113891694102,Energy Citizens,AMERICAN PETROLEUM INSTITUTE,≤100
109379100777665,Patriotism Isn't Dead,Patriot Polling,≤100
830121337093232,National Democratic Training Committee,NATIONAL DEMOCRATIC TRAINING COMMITTEE PAC,≤100
158791100909689,Concerned Veterans for America,Concerned Veterans for America,≤100
327837911149503,2A4Life,2A4LIFE LLC,≤100
934438026690635,YouGov,YOUGOV AMERICA INC.,≤100
596556607135301,The Earthling Co.,The Earthling Co.,≤100
81124177592,Planned Parenthood of the Great Northwest and the Hawaiian Islands,Planned Parenthood of the Great Northwest and Hawaiian Islands,≤100
103597604713894,Team Trump Store,TRUMP MAKE AMERICA GREAT AGAIN COMMITTEE,≤100
108118933908193,Next Level Goods,Next Level Goods LLC,≤100
278490715553293,Martha McSally,MCSALLY FOR SENATE INC,≤100
103036584847574,The Good Neighbor,Brandon Vu,≤100
277005566267077,Blueland,Blueland,≤100
106244251043808,Reuse Plastics,"AMERICAN CHEMISTRY COUNCIL, INC.",≤100
105732744375701,Steve Bullock,MONTANANS FOR BULLOCK,≤100
1419388578092947,Anna Paulina Luna,ANNA PAULINA LUNA FOR CONGRESS,≤100
259130650776119,Mitch McConnell,MCCONNELL SENATE COMMITTEE,≤100
602714436529710,End Citizens United,END CITIZENS UNITED,≤100
700806360047982,CFG Action,Club for Growth Action,≤100
112694470356789,Trumpcare For America,Stuart Joseph Millar,≤100
24330467048,Americans for Prosperity,AMERICANS FOR PROSPERITY,≤100
6204742571,Sierra Club,SIERRA CLUB,≤100
530604487365010,Old Glory Flagpole Kits,Service First,≤100
120448873031387,Our United Family,Daniel Wang,≤100
105577974544303,The USA Needs More Patriots,Anthony Alexander Morales,≤100
51405613519,Focus on the Family,Focus on the Family,≤100
560140464159364,Stand for the 2nd Amendment,SFT2 Tactical Supply,≤100
1109093812491437,Blaze Media,Blaze Media LLC,≤100
116222966843926,US Concealed,US Concealed,≤100
2330577043935831,Sara Gideon,SARA GIDEON FOR MAINE,≤100
21472760578,C-SPAN,C-SPAN,≤100
737686089933715,Conservative Collections,Mainline Media Group,≤100
213792049451918,Stand For America,Stand For America Inc,≤100
461204744067686,Family Protection Association,Family Protection Association,≤100
18982436812,ACLU,American Civil Liberties Union,≤100
314499212242,Pfizer,Pfizer Inc.,≤100
481559282597914,TrumpersUnite,Respect The Look,≤100
598924810530984,Keeping America Great,FamTeeWorld,≤100
109837984127706,Kara Veit For ACHD,Kara Ann Veit,≤100
103315378108004,True Patriot Strength,LE-HUU DONG HUYNH,≤100
405469100189512,Still My President - Donald Trump,Red State Politics LLC,≤100
834645469890446,Devin Nunes,DEVIN NUNES CAMPAIGN COMMITTEE,≤100
159964696102,Kevin McCarthy,KEVIN MCCARTHY FOR CONGRESS,≤100
85452072376,Newsmax,Newsmax Media,≤100
23875187730,Feeding America,Feeding America,≤100
305832706292882,American Gun Association,GunAssociation.org,≤100
100256754899828,Patriot's Cave,Patriots Cave,≤100
108273884315449,Real American Patriot,Gold Sky Ventures LLC,≤100
102883404710701,Bryce Scrimsher for Nez Perce County Sheriff,Bryce Scrimsher for Nez Perce County Sheriff,≤100
15188122178,The Hamilton Collection,The Hamilton Collection,≤100
49651563727,Live Action,Live Action,≤100
7292655492,MoveOn,MOVEON.ORG POLITICAL ACTION,≤100
108220794333329,The Patriot Trust,Christopher Allen Supek,≤100
1061240530648502,Joe Collins,JOE COLLINS FOR CONGRESS,≤100
96935476345,Democratic Governors Association (DGA),DEMOCRATIC ACTION,≤100
5435784683,Greenpeace USA,"GREENPEACE, INC.",≤100
445240538909364,Inergy,These ads ran without a disclaimer,≤100
680894095682539,Cowboy Life,"Nine Ranch Enterprises, LLC",≤100
106224464107240,Jo Jorgensen,Jo Jorgensen for President,≤100
102745147891580,Trump Coolers,Eric Clifford Juels,≤100
8492293163,Environmental Defense Fund,Environmental Defense Fund,≤100
102478061559294,Convention on Founding Principles,Convention on Founding Principles,≤100
1883837055193241,Shield Republic,Shield Republic,≤100
45393753416,Alliance Defending Freedom,Alliance Defending Freedom,≤100
530604487365010,Old Glory Flagpole Kits,Service First Flag Poles,≤100
132492254050920,American AF,AAF Nation,≤100
925007000949719,ExxonMobil,Exxon Mobil Corporation,≤100
114230073701403,Jetbound Dogs,Miguel Agustin Turk,≤100
681745912255844,John Cummings for Congress,CUMMINGS FOR CONGRESS,≤100
8047221596,Save the Children US,"SAVE THE CHILDREN FEDERATION, INC.",≤100
593289284500311,Trump Rack,BOXD Marketing,≤100
104614641200137,MeidasTouch,MEIDASTOUCH,≤100
8325302025,Friends of the Earth U.S.,Friends of the Earth,≤100
57259033959,AARP,AARP,≤100
393932827634250,Dissent Pins,Common Practice,≤100
164637596937136,AARP Idaho,AARP,≤100
355316521236121,John Cornyn,TEXANS FOR SENATOR JOHN CORNYN INC.,≤100
8550121410,Free Speech America Project,MEDIA RESEARCH CENTER,≤100
373814729643508,Let America Vote,LET AMERICA VOTE PAC,≤100
101075798356272,ReOpen America Now,Command Center Holdings LLC,≤100
605168822998856,314 Action,314 ACTION FUND,≤100
110547940574501,Alexis Pickering for ACHD,Alexis Pickering for ACHD,≤100
342294162453301,Planned Parenthood,Planned Parenthood Federation of America,≤100
309798029121030,Everytown for Gun Safety,Everytown for Gun Safety Action Fund Inc,≤100
109111900634787,Reverend Raphael Warnock,WARNOCK FOR GEORGIA,≤100
107210084216238,Humanity Forward,Humanity Forward,≤100
106114264313679,Hunt The Vote,"Hunter Nation, Inc",≤100
192015461630968,Supporting Our Brave Veterans,James Brian Plouf,≤100
316955281351,APWU - The American Postal Workers Union,AMERICAN POSTAL WORKERS UNION,≤100
417522508294454,Job Creators Network,Job Creators Network,≤100
2037695643113766,Blexit,Blexit Foundation,≤100
1194865807192273,Conservative Gear,Outergoods LLC,≤100
163302087408673,Stop The Donald,Stop the Donald,≤100
15239367801,The Wilderness Society,"WILDERNESS SOCIETY, THE",≤100
1336293769761923,Jon Ossoff,JON OSSOFF FOR SENATE,≤100
101210588150219,Boy Scouts Abuse Claims,X Social Media LLC,≤100
6231686654,Compassion International,"COMPASSION INTERNATIONAL, INCORPORATED",≤100
114625730266879,Republican Voters Against Trump,Defending Democracy Together,≤100
892673067526965,Project War Path,Project War Path,≤100
27311599342,Preemptive Love,Preemptive Love Coalition,≤100
8934429638,Planned Parenthood Action,Planned Parenthood Action Fund,≤100
679171239164792,Supermajority,Supermajority,≤100
228754857151053,House Majority PAC,House Majority PAC,≤100
102875587947942,Keep Trump In Office,Keep Trump In Office,≤100
675471506247724,Adair for Congress,ADAIR FOR CONGRESS,≤100
57218184395,Walla Walla Community College,Walla Walla Community College,≤100
2012750189007245,Liquid Death Mountain Water,Liquid Death,≤100
111428049989,Cal Cunningham,CAL FOR NC,≤100
167586229923327,World Food Program USA,World Food Program USA,≤100
111393882812494,Amy McGrath,"AMY MCGRATH FOR SENATE, INC.",≤100
101209614956892,Take A Stand,Andrew Joseph Young,≤100
21375324480,The Heritage Foundation,HERITAGE FOUNDATION (THE),≤100
839110726214614,Realtors,NATIONAL ASSOCIATION OF REALTORS,≤100
977704775606273,Balls Deep Tackle,Balls Deep Tackle,≤100
7833534974,Florida Democratic Party,Florida Democratic Party,≤100
45555240203,America First Credit Union,America First Credit Union,≤100
46093654473,National Republican Congressional Committee,NRCC,≤100
1416776665285641,Idaho Mining Association,Idaho Mining Association,≤100
629732217415068,Republican Party,Greater Half,≤100
103453544718913,Patriots Together,Anna Kasten Yu,≤100
586751814690068,Joni Ernst,Joni for Iowa,≤100
103185334702225,Stop Trump PAC,STOP 45 PAC,≤100
1836138529938551,Greater Half,Greater Half,≤100
2283535575207809,Ditch Mitch,DITCH FUND,≤100
7263476274,Mercy Corps,Mercy Corps,≤100
103682110993833,Arctic Refuge Defense Campaign,Alaska Wilderness League,≤100
419237048158257,Susan Collins,COLLINS FOR SENATOR,≤100
193618220508,LIFE Today,LIFE Outreach International,≤100
178835922297833,American Clinical Laboratory Association,American Clinical Laboratory Association,≤100
215199482635728,Alek Skarlatos,ALEK FOR OREGON,≤100
342887442508723,Convention of States,Convention of States Action,≤100
112469786315,Boise Rescue Mission Ministries,BOISE RESCUE MISSION,≤100
309308412520731,Sandy Hook Promise,Sandy Hook Promise,≤100
257019421075897,Cory Gardner,Cory Gardner for Senate,≤100
1653775244706341,C. Scott Grow for State Senate,"C. Scott Grow for Idaho, Rod Lewis, Treasurer",≤100
1316372698453411,Alexandria Ocasio-Cortez,THE SQUAD VICTORY FUND,≤100
227764782729,AMERICAN - STRONG!,American Strong LLC,≤100
219612384781411,Bloomberg Philanthropies,Bloomberg Philanthropies,≤100
5720973755,Defenders of Wildlife,DEFENDERS OF WILDLIFE,≤100
443329669123990,USAFacts,USAFacts Institute,≤100
103911824657671,Health Insurance,Alexander Melen,≤100
7814597100,Jim Jordan for Congress,JIM JORDAN FOR CONGRESS,≤100
142992759853421,Be A Hero,BE A HERO PAC,≤100
38897314734,The Trust for Public Land,"TRUST FOR PUBLIC LAND, THE",≤100
33110852384,Doctors Without Borders/Médecins Sans Frontières (MSF),Doctors Without Borders/Médecins Sans Frontières (MSF),≤100
107654924064350,Pat Timmons-Goodson,PATRICIA TIMMONS-GOODSON FOR CONGRESS,≤100
2078647579047586,Project Pulso,Project Pulso,≤100
1809078699219595,Fat Tire,"NEW BELGIUM BREWING COMPANY, INC.",≤100
585942765164217,Elect Democratic Women,ELECT DEMOCRATIC WOMEN,≤100
117144508670456,GUNVOTE,National Shooting Sports Foundation,≤100
105556894599642,Protecting Rights,Raymond A Guevara,≤100
106411444514775,Unity in Support,Jae W Seo,≤100
197760674021143,Indivisible Guide,INDIVISIBLE ACTION,≤100
101127364972509,Dems For USA,Dems For USA,≤100
7860876103,Joe Biden,BIDEN FOR PRESIDENT,≤100
1530883997194411,United States Constitution,Flag and Cross,≤100
30139072158,CARE,CARE,≤100
169130743498585,Tactical Pro Supply,Chad Keller,≤100
236369846383459,Congressional Black Caucus PAC,Congressional Black Caucus PAC,≤100
105084617912738,PatriotQuizzes,patriotquizzes.com,≤100
101144694984082,Dennis Doan for Boise,Dennis Leroy Doan,≤100
169294473121454,Policetees.com,PoliceTees.com,≤100
124081027752198,Idaho Education News,Idaho Education News,≤100
25852730092,Care2,Care2 Inc,≤100
56680318666,Illinois Policy,Illinois Policy,≤100
166618413413767,Jay Sekulow,American Center for Law and Justice,≤100
894096170667732,Ashley Hinson,Ashley Hinson For Congress,≤100
499119426771382,Bonneville Democrats,Bonneville County Democratic Central Committee,≤100
6820348410,Kirsten Gillibrand,Off the Sidelines,≤100
19342050934,Leadership Institute,LEADERSHIP INSTITUTE INC,≤100
109092142462587,Adam Schiff,SCHIFF FOR CONGRESS,≤100
42872222699,Dana Loesch,Dana Loesch Radio,≤100
277414242013,Joyce Elliott for Congress,JOYCE ELLIOTT FOR CONGRESS,≤100
100233228182981,Madison Cawthorn for Congress,CAWTHORN FOR NC,≤100
451079825294599,Ada County Commissioner Diana Lachiondo,Lachiondo For Ada,≤100
106667854471975,Outspoken,Log Cabin Republicans,≤100
6240652407,Young America's Foundation,YOUNG AMERICA'S FOUNDATION INC,≤100
587560171926370,Small Business Recovery Initiative,"Small Business Recovery Initiative, Inc",≤100
911828698840246,ReLEntless Defender Apparel,ReLEntless Defender Apparel,≤100
223008867858902,American Action News,American Action News,≤100
828902563856302,Chuck Schumer D-NY,FRIENDS OF SCHUMER,≤100
420785874975425,Conservative Institute,The Conservative Institute,≤100
104934207736995,Paycheck to Paycheck,Center for American Progress Action Fund,≤100
102004961614425,For The Love of Patriots,Trizzie Truong,≤100
72186095846,Center For American Progress Action Fund,Center for American Progress Action Fund,≤100
293225127381200,Patriot Depot,The Patriot Depot,≤100
746938465317981,Nuclear Matters,Nuclear Matters,≤100
15687409793,World Wildlife Fund,World Wildlife Fund,≤100
108397184298930,Patriots Defend,Claire Wang,≤100
651280068826683,A Great New Day,Trevor Barribeau,≤100
130467958471,Jason Lewis,Jason Lewis for Senate,≤100
27544763621,Prison Fellowship,Prison Fellowship,≤100
1983088561745901,Mark Bost for Idaho State Senate,Mark Andrew Bost,≤100
102636677971854,Trump Is The Storm,Legendary Trump Coins,≤100
137459917707,The Brookings Institution,The Brookings Institution,≤100
107589664099282,Stand Up To China,"Stand Up To China, Inc.",≤100
120011306310420,Patriots Helping Others,Jae W Seo,≤100
352527958302,Israel on Campus Coalition,Israel on Campus Coalition,≤100
21559454473,FAIR,FEDERATION FOR AMERICAN IMMIGRATION REFORM,≤100
109360297266116,Fearless Patriot,TERESA NONE OHARA-MARSH,≤100
407664862957433,Ammar Campa-Najjar for Congress,AMMAR CAMPA-NAJJAR FOR CONGRESS,≤100
6500552187,Hulu,"HULU, LLC",≤100
1443127535947107,Save the Children Action Network,Save the Children Action Network,≤100
195530355493,Chicks On The Right,Chicks on the Right,≤100
15351475322,Cathy McMorris Rodgers,Cathy McMorris Rodgers for Congress,≤100
1079789672084038,SimonBooks,Simon & Schuster,≤100
104113317870732,Free Markets Destroy,Washington Policy Center,≤100
296708523873754,Karla Dennis and Associates Inc.,"Karla Dennis & Associates, Inc",≤100
1439829396312534,The Movement for Black Lives,Movement for Black Lives,≤100
384557995468219,Viral Casez,Viral Casez,≤100
11791104453,NRDC,Natural Resources Defense Council,≤100
129255907131113,NumbersUSA,NUMBERSUSA EDUCATION AND RESEARCH FOUNDATION,≤100
10128918116,Gavin Newsom,NEWSOM FOR CALIFORNIA GOVERNOR 2022,≤100
1551109418518461,The Honest Patriot,Amundson Media LLC,≤100
1799282383731277,TwoSeventy,Alexander Jared Deutsch,≤100
110175554112613,Josh Hurley,Josh Hurley,≤100
643463669628493,Public Opinion Research Group,"Public Opinion Research Group, Inc",≤100
292351509697,Jerusalem Prayer Team,Jerusalem Prayer Team,≤100
1055873511190792,Hello Resistance,Hello Resistance Apparel,≤100
7483836629,Ancestry,Ancestry.com Operations Inc.,≤100
105995741220700,Patriots United,Le Huu Dong Huynh,≤100
104910457974220,Pupper Enthusiasts Unlimited,Seanross Michael Holcomb,≤100
294508332028,Lakota People's Law Project,ROMERO INSTITUTE,≤100
16477459734,League of Conservation Voters,"LEAGUE OF CONSERVATION VOTERS, INC",≤100
1540549669581410,Voices for Affordable Health,Voices for Affordable Health,≤100
97493741436,John W. Hickenlooper,HICKENLOOPER FOR COLORADO,≤100
1765073800454902,Reform Austin,Reform Austin Inc.,≤100
103912504763714,Freedom and Loyalty,Carlos None Leon Trejo,≤100
2309566456030859,Human Coalition Action,Human Coalition Action,≤100
360303722260,Kathleen Williams,KATHLEEN WILLIAMS FOR MONTANA,≤100
134452023239984,Human Coalition,Human Coalition,≤100
113666459994300,Big Dan Rodimer for Congress,RODIMER FOR CONGRESS,≤100
115379705206001,U.S. Department of Homeland Security Blue Campaign,DHS Blue Campaign,≤100
53541257714,The Arc of the United States,The Arc with Facebook Ad Credits,≤100
496696933682736,Jeff Merkley,JEFF MERKLEY FOR OREGON,≤100
114885646899438,Mr. 45th,Clush,≤100
2225580284361712,Tommy Tuberville,"TUBERVILLE FOR SENATE, INC.",≤100
30866133883,Alaska Wilderness League,ALASKA WILDERNESS LEAGUE,≤100
206677396413254,Abortion On Our Own Terms,Abortion On Our Own Terms,≤100
58736997707,Marco Rubio,Marco Rubio for Senate,≤100
493811210669780,Creative Action Network,Creative Action Network,≤100
6333396177,NewsBusters.org,MEDIA RESEARCH CENTER,≤100
331037760381749,Sierra Magazine,SIERRA CLUB,≤100
111324359048459,Dr. Roger Marshall,KANSANS FOR MARSHALL,≤100
108029674299216,We The People,We The People,≤100
18709174006,National Audubon Society,"NATIONAL AUDUBON SOCIETY, INC.",≤100
117437204982602,American Wild Horse Campaign,American Wild Horse Campaign,≤100
7962229886,Environmental Working Group,ENVIRONMENTAL WORKING GROUP,≤100
1393911800825140,OZY,OZY Media Inc,≤100
18813753280,Human Rights Campaign,"HUMAN RIGHTS CAMPAIGN, INC",≤100
100355778430951,By Our Own Bootstraps,Brandon Vu,≤100
162493793737,Rick Green,Richard Arlin Green,≤100
1014486318584089,Armed American Supply,Armed American Supply,≤100
102009144766393,The Boise Avenue Student Apartments by CDG,Collegiate Development Group,≤100
345378512258813,Elise Stefanik,ELISE FOR CONGRESS,≤100
245284549333866,ASMDSS,ASMDSS,≤100
104142543758770,Campaign Zero,We The Protesters,≤100
10423517786,Harvard Business Review,HARVARD BUSINESS SCHOOL PUBLISHING CORPORATION,≤100
110010433804232,Falkirk Center,Falkirk Center,≤100
176466646087311,DC Fawcett,Donald Chappell Fawcett,≤100
6787988478,Physicians for Human Rights,"PHYSICIANS FOR HUMAN RIGHTS, INC.",≤100
209516845093,NRDC Action Fund,NRDC Action Fund,≤100
107847454354960,Weekly American Lifestyle,Steve San,≤100
149081336362,AmeriCorps VISTA,Corporation for National and Community Service,≤100
1228396643984955,Michelle Steel,Michelle Steel for Congress,≤100
112735922758892,Charlie Kirk,Charlie Kirk,≤100
114008647010101,Commissioner Jeff Hough,Committee to Elect Jeff Hough,≤100
280704452367167,Jason Crow,JASON CROW FOR CONGRESS,≤100
181924628560212,SumOfUs,SumOfUs,≤100
2256321067930356,Liberteeclub,libertyteeshop,≤100
6041057841,The Humane Society of the United States,"HUMANE SOCIETY OF THE UNITED STATES, THE",≤100
872842866161157,One Nation Design,One Nation Design,≤100
1690071827911682,Cleancult,cleancult,≤100
103405747975934,Shelley Brock For Idaho,Committee to Elect Shelley Brock,≤100
219457576170706,Patriotic Volunteers,Harrison T Chung,≤100
51761261956,The Bill of Rights Institute,"BILL OF RIGHTS INSTITUTE, THE",≤100
1809715209318581,Marjorie Taylor Greene for Congress,GREENE FOR CONGRESS,≤100
38471053686,Elizabeth Warren,"WARREN DEMOCRATS, INC.",≤100
143089732792,Marsha Blackburn,Blackburn Tennessee Victory Fund,≤100
711478725532801,Civiqs,Civiqs,≤100
1099478666810053,Meals For Pets,Meals for Pets,≤100
683872625157265,Theresa Greenfield,THERESA GREENFIELD FOR IOWA,≤100
6236054211,Brady,Brady Campaign to Prevent Gun Violence,≤100
255208337943901,Jobs Growth,"JOBS FREEDOM AND SECURITY PAC, Not authorized by any candidate or candidate’s committee.",≤100
36474716066,Color Of Change,ColorofChange.org,≤100
10150100007820094,Wendy Davis,WENDY DAVIS FOR CONGRESS,≤100
263891677826490,Earthsider,Ryan James Martin,≤100
6820348410,Kirsten Gillibrand,Gillibrand for Senate,≤100
2185993931653388,The Recount,"Recount Media, Inc",≤100
1338822066131069,Women's March,Women's March,≤100
405355946226766,Todd Young,"FRIENDS OF TODD YOUNG, INC.",≤100
102617961152741,Barbara Bollier,BOLLIER FOR KANSAS,≤100
780941275347834,Ilhan Omar,ILHAN FOR CONGRESS,≤100
261663760956534,America First Policies,America First Policies Inc,≤100
361379030380,Centennial Institute,Centennial Institute,≤100
467804929927622,Jason Smith,JASON SMITH FOR CONGRESS,≤100
408250066356,Bill O'Reilly,"Bill Me, Inc.",≤100
102592959026,Ocean Conservancy,"OCEAN CONSERVANCY, INC.",≤100
113398717117686,Beach Dogs Ltd.,Christopher James Lamos,≤100
586464328178743,Dustin Manwaring,Manwaring for Idaho,≤100
30708742052,FCTRY,FCTRY,≤100
38235851310,USA for UNHCR,UNITED STATES ASSOCIATION FOR UNHCR,≤100
186538388091065,Operation Sacred Trust,Purpose Built Families Foundation,≤100
180631442719210,Cliff Bentz,Cliff Bentz for Congress,≤100
228132537208218,Tammy Duckworth,TAMMY FOR ILLINOIS,≤100
308159713150350,Voter Protection Project,VOTER PROTECTION PROJECT,≤100
592707041080920,Stand Together,Stand Together Chamber of Commerce Inc.,≤100
115364585711,Lawyers' Committee for Civil Rights Under Law,Lawyers' Committee for Civil Rights Under the Law with Facebook Ad Credits,≤100
101788168307680,Pause Politics,FreedomWorks Foundation,≤100
110018833813683,Flip the Senate,SMP,≤100
101591551371555,Fire Mitch. Save America.,SAVE AMERICA FUND,≤100
237477017606,Club for Growth,Club for Growth,≤100
216709768355686,Dinesh D'Souza,America2020 Film LLC,≤100
183649031658419,Boise Metro Chamber,"BOISE METRO CHAMBER OF COMMERCE, INC.",≤100
788394134539871,USPS Business,United States Postal Service,≤100
317284821682168,Messianic Jewish Alliance of America (MJAA),Messianic Jewish Alliance of America,≤100
83290028957,Care Net,CARE NET,≤100
153657598048710,The Hodgetwins,These ads ran without a disclaimer,≤100
303167829786891,Ed Markey,THE MARKEY COMMITTEE,≤100
112702297149978,Nagel For Sheriff,Nagel For Sheriff,≤100
102137374563260,Confide in American Pride,John Allen Franson,≤100
10498053716,Media Research Center,MEDIA RESEARCH CENTER,≤100
103644036958,United Association,United Association Political Education Committee,≤100
105330117745461,Vote Paul Thompson,Paul Robert Thompson,≤100
304058913005378,Senior and Disabled Concerns,Senior & Disabled Concerns,≤100
1576236875930301,Global Cyber Alliance,Global Cyber Alliance with ad credits,≤100
111248197347176,Protect & Serve PAC,PROTECT AND SERVE PAC,≤100
61265398450,AmeriCorps NCCC,Corporation for National and Community Service,≤100
1438808983108348,BOLD PAC,CHC BOLD PAC,≤100
94047978366,PCCC - BoldProgressives.org,PROGRESSIVE CHANGE CAMPAIGN COMMITTEE,≤100
83865976093,Truthout,TRUTHOUT,≤100
85273022315,NAMI,NAMI,≤100
253791814655400,Doug Collins,"COLLINS FOR SENATE, INC.",≤100
420424547981908,In Search of Liberty,Scott Dennis Welch,≤100
284946111858895,Debbie Mucarsel-Powell,DEBBIE FOR CONGRESS,≤100
433919203362871,Bird + Stone,BIRD & STONE INC,≤100
112600915451330,No Labels,No Labels,≤100
181183059253295,Dorsal Bracelets,Dorsal Bracelets,≤100
1476342155924546,Big Rig Threads,Big Rig T-Shirts and Decals LLC,≤100
1612726335627171,We the Internet TV,We the Internet TV,≤100
103373224404755,Impact Slates,COLLECTIVE IMPACT PAC,≤100
2068988876444634,Stand Up for Accurate Prenatal Answers,STAND UP FOR ACCURATE PRENATAL ANSWERS INC,≤100
143729616392084,Van Drew for Congress,Van Drew for Congress,≤100
6428288402,Kiva,KIVA MICROFUNDS,≤100
209046616332309,Xochitl for Congress,Xochitl for New Mexico,≤100
5647744585,PETA (People for the Ethical Treatment of Animals),"PEOPLE FOR THE ETHICAL TREATMENT OF ANIMALS, INC.",≤100
106094077803532,Our National Family,Patrick Le Tran,≤100
108281434237351,UBS Financial Services Inc.,UBS Financial Services,≤100
303061950155375,John James,"JOHN JAMES FOR SENATE, INC.",≤100
111892670610842,Political AF,Quyen Sanh Gip,≤100
221690171353068,Jay Obernolte,Jay Obernolte for Congress,≤100
950998258312654,Knowhere,"Knowhere, Inc.",≤100
112164673854264,Living Patriotically,Living Patriotically,≤100
179513292162226,American History TV,C-SPAN,≤100
17203056985,Partners In Health,Partners In Health,≤100
655065784538368,PredictIt,"PredictIt - Prediction Markets. A project of Victoria University of Wellington, PredictIt has been established to facilitate research into the way markets forecast events.",≤100
105536127617594,The American Digest,The American Digest,≤100
628891490457484,Nancy Mace,Nancy Mace for Congress,≤100
110525690698759,Awesome Coffee Recipes,John Phillip Angelo Vergara,≤100
151757038879920,Alyse Galvin for Congress 2020,ALYSE FOR ALASKA,≤100
21492729544,Catholic Relief Services,CATHOLIC RELIEF SERVICES - UNITED STATES CONFERENCE OF CATHOLIC BISHOPS,≤100
217976018236954,OutKick,Outkick Media LLC,≤100
243362776583569,Air Mail,Air Mail,≤100
200224630053159,Ben McAdams,FRIENDS OF BEN MCADAMS,≤100
7219151423,The Fund for American Studies (TFAS),The Fund for American Studies,≤100
316887658336677,My Control Card,"NETSPEND HOLDINGS, INC.",≤100
79125112926,Students for Life of America,"STUDENTS FOR LIFE OF AMERICA, INC.",≤100
131459315949,CBS News,These ads ran without a disclaimer,≤100
267180743723148,National Geographic Society,National Geographic Society,≤100
340393855322,Van Taylor,VAN TAYLOR CAMPAIGN,≤100
24481937944,Theodore Roosevelt Conservation Partnership,"THEODORE ROOSEVELT CONSERVATION PARTNERSHIP, INC",≤100
248181906078243,National Institute for Civil Discourse,CommonSense American,≤100
105157841248307,No Filter Politics,No Filter Politics,≤100
319982881752525,Kara Eastman,EASTMAN FOR CONGRESS,≤100
100722328329613,Every Single Vote,Every Single Vote,≤100
192771954102960,Jordan Sekulow,American Center for Law and Justice,≤100
518194348194441,RepresentUs,RepresentUs,≤100
540707072979860,Brian Maryott,MARYOTT FOR CONGRESS,≤100
35169196082,Project HOPE,"PROJECT HOPE-THE PEOPLE-TO-PEOPLE HEALTH FOUNDATION, INC.",≤100
278487153675,Redneck Nation Clothing,Tracie Milliron Gold,≤100
169277310432049,"Texas Precision Optics, Inc.",Texas Precision Optics Inc,≤100
69983322463,Ted Cruz,TED CRUZ FOR SENATE,≤100
298147117056532,Protect Our Water Jackson Hole,Protect our Water Jackson Hole,≤100
103376804451432,Trending Politics,Making Web LLC,≤100
243947752771440,TJ Cox for Congress,TJ COX FOR CONGRESS,≤100
203852986391750,Steve Berch for Idaho,"Committee to Elect Steve Berch, Susan Eastlake, Treasurer",≤100
514167322309353,Dan Crenshaw,Crenshaw For Congress,≤100
109678580574253,Politicool Clothing Co.,PolitiCoolClothing.com,≤100
143986912311328,University of Vermont Continuing and Distance Education,University of Vermont,≤100
112488757165613,Blue Line Stockpile,Blueline Stockpile,≤100
123624513983,The Western Journal,The Western Journal,≤100
105455840860559,EagleRealm LLC,Eagle Realm,≤100
100119981671668,Blue Senate,BLUE SENATE PAC,≤100
325578590837480,Protect Our Care,Sixteen Thirty Fund,≤100
20876805343,March of Dimes,MARCH OF DIMES INC.,≤100
58158120046,ACLJ,American Center for Law and Justice,≤100
15503839732,Peter G. Peterson Foundation,Peter G. Peterson Foundation,≤100
152264148166020,Moms Clean Air Force,Moms Clean Air Force,≤100
104370080928459,Ellen Spencer for Idaho Senate 2020,Spencer for District 14,≤100
90498769709,Edenpure,EdenPURE®,≤100
1859113087545137,Learn Everywhere,"yes. every kid, Inc.",≤100
100318944827269,Amy Kennedy,AMY KENNEDY FOR CONGRESS,≤100
114959470308415,Americans Uniting,Grant Alan Johnston,≤100
205395906412,UAW International Union,"INTERNATIONAL UNION, UNITED AUTOMOBILE, AEROSPACE AND AGRICULTURAL IMPLEMENT WORKERS OF AM",≤100
112043050446693,Together for 2020,Left of Center PAC,≤100
7341997111,Conservation International,Conservation International,≤100
160630887998827,Let Them Live,Let Them Live,≤100
7822408815,Jane Nelson,Friends of Senator Jane Nelson,≤100
213687698658,Americans for Prosperity Foundation,Americans for Prosperity Foundation,≤100
202286639832171,Dr. Robert Jeffress,FIRST BAPTIST CHURCH DALLAS,≤100
219224241438635,Compassion & Choices,COMPASSION & CHOICES,≤100
856208611420219,Christina Finello,FINELLO FOR CONGRESS,≤100
41309865723,Democrats.com,DEMOCRATS.COM,≤100
103801844298982,Team Collins,COLLINS FOR SENATOR,≤100
1268410219898273,Tango Tango,Tango Tango Inc,≤100
108152933883451,TrumpTrendz,Troy Lorenzo Davis,≤100
173837496125511,Conscious Step,Conscious Step,≤100
119006106155684,PI Energy,Andrew P Chung,≤100
340153562850578,Tim Tebow,TIM TEBOW FOUNDATION,≤100
8057376739,The Nature Conservancy,Nature Conservancy,≤100
710669049286394,Woo the People,Khosro David Illulian,≤100
113213953736393,Mike Bauer for Kootenai County Sheriff,Mike Bauer for Kootenai County Sheriff,≤100
2118624975095038,Stephen Daniel for Congress,STEPHEN DANIEL FOR CONGRESS,≤100
166738743732702,All Above All Action,All Above All Action Fund,≤100
1084856268238034,Trump Talking,Roberto None Lugo,≤100
333710103706307,Giffords,GIFFORDS PAC,≤100
661744180680367,National Police Association,"NATIONAL POLICE ASSOCIATION, INC.",≤100
101481584557260,Help Asheville Bears-HAB,Heather Christina Williams,≤100
17911165812,Covenant House International,Covenant House,≤100
110177119192569,Knightscope,William Li,≤100
873550809444862,Mighty Earth,Mighty Earth,≤100
202600839762879,I Am Pro-Life,Focus on the Family,≤100
18492769291,Faithful America,Faithful America,≤100
971668776283950,PolicyEd,Hoover Institution,≤100
537492463326062,WestGame,These ads ran without a disclaimer,≤100
1917715138510680,Follow Your Legend,Legend Bracelet,≤100
719913581472398,Napoli Shkolnik PLLC,Napoli Law,≤100
1449461518652183,4Patriots,4Patriots LLC,≤100
112420993589373,Young and Old for America,Andrew Joseph Young,≤100
210357995667559,The National Memo,The National Memo,≤100
1295279420598401,Victoria Spartz,VICTORIA SPARTZ FOR CONGRESS,≤100
30914589895,The International Fellowship of Christians and Jews,"INTERNATIONAL FELLOWSHIP OF CHRISTIANS & JEWS, INC.",≤100
19192438096,AAAS - The American Association for the Advancement of Science,American Association for the Advancement of Science,≤100
153678684700451,American Investment Council,AMERICAN INVESTMENT COUNCIL,≤100
34701792581,EWTN,Eternal Word Television Network,≤100
336470580233523,Pins and Aces Golf Co.,US Craft Brands LLC,≤100
96171427550,Raja for Congress,FRIENDS OF RAJA FOR CONGRESS,≤100
354851377936744,BookTV,C-SPAN,≤100
931907200310657,Patients Rising Now,Patients Rising Now Inc,≤100
1234251319933440,Exclusive Apparel,The Dude's Threads,≤100
105481140904672,Core Prestige,Core Prestige,≤100
465483726908192,iVote,IVote Civic Education Fund,≤100
169597416843751,Stand Up America,Stand Up America,≤100
419992651425033,Guardianes del Pueblo-Consumer Law Group,Consumer Law Group,≤100
105943157686335,Trust Michigan Families,TRUST MICHIGAN FAMILIES,≤100
184731548554164,PL+US,Plus Fund: Paid Leave for the United States,≤100
34362997676,United States Holocaust Memorial Museum,UNITED STATES HOLOCAUST MEMORIAL MUSEUM,≤100
341163402640457,NowThis,Group Nine Media,≤100
263210730984251,We Are Great Again Pac,WE ARE GREAT AGAIN PAC,≤100
139599847972,National Nurses United,National Nurses United,≤100
153278754738777,Climate Reality,The Climate Reality Project,≤100
156268994819596,Marc J. Bern & Partners LLP,Marc J. Bern & Partners LLP,≤100
201395353943940,Boise DSA,Boise DSA,≤100
46347342434,EMILY's List,EMILY'S LIST,≤100
108650400954148,Stopping Socialism TV,The Heartland Institute,≤100
142474049098533,Robert Reich,Inequality Media,≤100
102756811269921,Fellow Americans,Fellow Americans,≤100
106949844346620,Trumpian Republicans,Gregory Lawrence Burright,≤100
259212814698356,Democratic Majority for Israel,Democratic Majority for Israel,≤100
107953199261156,ifaw,"INTERNATIONAL FUND FOR ANIMAL WELFARE, INC.",≤100
101690998009007,Improving Life Through Health,Nicolette Dalan,≤100
114731213645183,Support Your Local Police,Jonathan Lee Schrock,≤100
114822686979118,Daily Saver,Smart Market Tips,≤100
1658135304460341,MANG,MANG,≤100
110849485902,United Way,United Way Worldwide with Facebook Ad Credits,≤100
819607471729183,Dr. Al Gross for US Senate,DR. AL GROSS FOR U.S. SENATE,≤100
160513344045084,John Neely Kennedy,"John Kennedy for Us, Inc",≤100
51379424899,Mercy Ships,MERCY SHIPS INTERNATIONAL,≤100
210277954204,The Young Turks,"The Young Turks, Inc.",≤100
566008736785269,Be Heard Project,Be Heard Project,≤100
680549575421741,UnitedVoice.com,"Beachside Media, Inc.",≤100
159597424207730,David Perdue,PERDUE FOR SENATE,≤100
111970730196550,World War Zero,AMERICAN SECURITY PROJECT,≤100
429812024048177,Doug Jones for Senate,DOUG JONES FOR SENATE COMMITTEE,≤100
50982313030,Food & Water Watch,Food & Water Watch,≤100
6713653788,Gary Peters,PETERS FOR MICHIGAN,≤100
107398241021186,The John Lewis Bridge Project,John Lewis Bridge Project,≤100
234628203317767,Made for Freedom,Made for Freedom,≤100
357554791340788,Liker,Omar Rivero,≤100
101136147910784,Represent Justice,Represent Justice,≤100
114386721939978,The Made in America Store,Anthony Michael Falbo,≤100
1395687177363424,Cup O' Joe with Joe,JOE EVANS FOR CONGRESS,≤100
102527004893192,The National Standard,Howard Stephan Barbanel,≤100
127216280686110,Ann Wagner,Ann Wagner for Congress,≤100
537534316395916,Students for Trump,Turning Point Action,≤100
106445167434779,Duty and Honor,Duty and Honor,≤100
29770886815,Marijuana Policy Project,Marijuana Policy Project,≤100
291102898490822,Giant Maga Hat,Inventors club LLC,≤100
120846146252663,One More Thing,Story Network Foundation,≤100
653079394725698,Aspiration,Aspiration,≤100
1914537155242810,Life: Powered,Texas Public Policy Foundation,≤100
109200595768753,The Christian Left,The Christian Left,≤100
104168777735273,Alley For Justice,Justice Jeff Alley Campaign in compliance with the voluntary limits of the Judicial Campaign Fairness Act.,≤100
156994304362574,American Bridge 21st Century,AB PAC,≤100
96491683438,"The Friends of Israel Gospel Ministry, Inc.","FRIENDS OF ISRAEL GOSPEL MINISTRY, INC, THE",≤100
244798719959050,We Are Patriots,Catherine Sue Mantooth,≤100
103046977892124,Adam Christensen For Congress,ADAM J CHRISTENSEN FOR CONGRESS,≤100
17023576156,The Leadership Conference on Civil and Human Rights,The Leadership Conference on Civil and Human Rights,≤100
101949754750112,Redashell,Red As Hell,≤100
313097997669,StreetLightUSA,StreetLightUSA,≤100
1526736227567131,TrueCoverage,True Coverage,≤100
309993142375589,Joe Kennedy III,KENNEDY FOR MASSACHUSETTS,≤100
176099072429809,Oceana in Florida,OCEANA,≤100
118303441570966,Home Ownership Matters,NATIONAL ASSOCIATION OF REALTORS,≤100
7100914121,American Experience | PBS,WGBH EDUCATIONAL FOUNDATION,≤100
374848446414965,Pollking,Benjamin Aaron Perlman,≤100
103834811386284,Red Elephant Apparel,DESTROYER PROMOTIONAL PRODUCTS LLC,≤100
417712255663393,Equality Can't Wait,Equality Can't Wait,≤100
262577294462322,Kettle Freaks,Kettle Freaks LLC.,≤100
106841030944424,Christopher Matthews for Idaho,Christopher S Matthews,≤100
296295018082,AARP en Español,AARP,≤100
108794587327155,Good Programs 2020,Trevor Dale Seaks,≤100
611111826212672,Be A Patriot,William Mckinley Kremer,≤100
5633824547,FreedomWorks,"FREEDOMWORKS, INC.",≤100
360424321432255,Doha Debates,Doha Debates,≤100
357750373755,National Domestic Workers Alliance,National Domestic Workers Alliance,≤100
102522874781212,The Gift Pros,CHRZSZ6BPBER JOHN HOUGHTON,≤100
106323360959211,Patriots Republic,Matthew James Stine,≤100
247432468622391,Washington State Democratic Party,WASHINGTON STATE DEMOCRATIC CENTRAL COMMITTEE,≤100
339432396135584,The Exodus Road,EXODUS ROAD INC,≤100
7292655492,MoveOn,MOVEON.ORG CIVIC ACTION,≤100
109268046086,Idaho Trial Lawyers Association,These ads ran without a disclaimer,≤100
12503116997,Dennis Prager,Salem Media,≤100
131306317680000,Social Goods,"Social Goods, LLC",≤100
106572950040377,Max Rose,MAX ROSE FOR CONGRESS,≤100
2288029254769681,Jessica Garvin for Oklahoma Senate,Jessica Garvin for State Senate 2020,≤100
113110137118723,Collectible Currency,Proud Patriots,≤100
531623043662146,Flags of Valor,Flags of Valor,≤100
14851158643,Southern Utah Wilderness Alliance,SOUTHERN UTAH WILDERNESS ALLIANCE,≤100
281844617168,Jewish Voice Ministries International,JEWISH VOICE MINISTRIES INTERNATIONAL,≤100
112334757233941,Right to Telehealth,Jeremy Joseph Schaller,≤100
38234604057,PEN America,PEN AMERICAN CENTER INC,≤100
186805048171120,U.S. & Texas LawShield,Texas LawShield,≤100
116238930177726,Artsiful,Brad Aaron Shaw,≤100
1000253160054572,Cori Bush,CORI BUSH FOR CONGRESS,≤100
308353252483,Kristi Noem,Kristi for Governor,≤100
158505287559920,Save the Storks,Save the Storks,≤100
114137307071679,31 October,Quyen Sanh Gip,≤100
1852520761657982,4ocean,4ocean,≤100
698400060189827,Dan Sullivan,Alaskans for Sullivan,≤100
53674651369,Susan B. Anthony List,Susan B. Anthony List,≤100
109947294143213,Republicanstorefront,Republicanstorefront.com,≤100
107439427661844,Accountable Tech,Accountable Tech,≤100
202200909969136,Diane Dixon,Dixon for Assembly 2020,≤100
412739549455010,Karena Reiter,PrimaDonna Reeds,≤100
113310617054164,Trump Baseball Bats,Trump Baseball Bats,≤100
1600352356914768,PushBlack,PushBlack,≤100
434224137354568,Dr. Rich McCormick for Congress,Friends of McCormick,≤100
24470472733,The Trevor Project,The Trevor Project,≤100
211049239087028,Association of Young Americans,Benjamin J Brown,≤100
376776419037747,Turning Point USA,Turning Point USA,≤100
102846434825096,Beat Abbott,Beat Abbott PAC,≤100
101724361319410,Ronny Jackson for U.S. Congress TX-13,Texans for Ronny Jackson,≤100
104881317722736,Get-It-Out,Matthew Justin Viles,≤100
19746387261,Humane Society International,Humane Society International,≤100
700941689954518,Defend Our Future,Defend Our Future,≤100
721961664497462,CD5 MNGOP,5TH CONGRESSIONAL DISTRICT RPM,≤100
60261764250,Childhelp,"CHILDHELP, INC.",≤100
1191593944306272,State Representative Julie Johnson,Julie Johnson for Texas,≤100
102010211314386,Donald Trump 2020 Voters,I Love My Freedom,≤100
682990071843813,Center for the Study of Liberty,Center for the Study of Liberty,≤100
2046092952294722,Lucy McBath for Congress,FRIENDS OF LUCY MCBATH,≤100
23245606841,Hachette Book Group,"Hachette Book Group, Inc.",≤100
1709145412721991,The Center for Growth and Opportunity at Utah State University,The Center for Growth and Opportunity,≤100
324119001078997,"Sanford Heisler Sharp, LLP","Sanford Heisler Sharp, LLP",≤100
103646064618386,The Judge Show - James Judge,James Patrick Judge Jr.,≤100
782093245218764,Qasim Rashid,RASHID FOR VA,≤100
100176084940130,True Georgia Conservatives,"COLLINS FOR SENATE, INC.",≤100
1456310534453054,Veteran Loans Online,"LMB OpCo, LLC",≤100
1370474066365196,F1RST WARRIOR,First Warrior,≤100
216104159842481,The Volga Vow Project,Sanjeev Chopra,≤100
18017481462,Acton Institute,Acton Institute,≤100
349068689306,Tim Scott,TIM SCOTT FOR SENATE,≤100
1397799040234106,OpinionUP,OpinionUP LLC,≤100
251632675552663,Rigged: The Voter Suppression Playbook,American Issues Initiative,≤100
9739634228,The Political Machine,"Hitcents.com, Inc",≤100
114386721939978,The Made in America Store,Made In America Store,≤100
1695950424027488,Andy Hallinan,Andrew Lawrence Hallinan,≤100
1667892193505378,Hold the House,HOLD THE HOUSE PAC,≤100
69039563201,Open Doors USA,"OPEN DOORS WITH BROTHER ANDREW, INC.",≤100
2339203789732156,Kim Mangone for Congress,COMMITTEE TO ELECT KIM MANGONE FOR CONGRESS,≤100
103144548151014,Adrian Perkins,Perkins for LA,≤100
169440273093442,The Center for Election Science,The Center for Election Science,≤100
174754989846475,NewDem Action Fund,New Democrat Coalition Action Fund,≤100
104602514593537,A New Voice for Justice,"The Committees to Elect Ned Fuller For NM Supreme Court, Kerry Morris For NM Supreme Court, B Johnson Judge - Ct App & Lee For NMCA",≤100
100437321592930,Pink Datas,These ads ran without a disclaimer,≤100
26006662641,Arizona Democratic Party,Arizona Democratic Party,≤100
108433238844,Cweb,CWEB Inc.,≤100
135217359858599,Pacific Northwest Waterways Association (PNWA),Pacific Northwest Waterways Association,≤100
61288747990,Real Warriors,Real Warriors Campaign,≤100
1668350569891953,Rainbow Movement,William James Ulrich,≤100
107665644228467,Conservative Journal Review,Conservative Journal Review LLC,≤100
121626482110,Operation Smile,"OPERATION SMILE, INC.",≤100
899370276752607,Lifeboost Coffee,These ads ran without a disclaimer,≤100
102825963097158,Every Child Matters,Every Child Matters Education Fund,≤100
124626320898336,Catholic Extension,"CATHOLIC CHURCH EXTENSION SOCIETY OF THE UNITED STATES OF AMERICA, THE",≤100
114937555342547,Seth Abramson,Macmillan Publishing,≤100
315151565831,Ascension,Ascension Press,≤100
2176472882580975,Crusader Outlet,Crusader Marketing,≤100
102315041409283,Horses in our Hands,In our Hands Action Fund,≤100
333081284065216,Brynne Kennedy for Congress,BRYNNE KENNEDY FOR CONGRESS,≤100
615935445223906,Jim Marchant,MARCHANT FOR CONGRESS,≤100
102579318191600,No Justice No Peace,NO JUSTICE NO PEACE PAC,≤100
898651906923421,"Devils Music, Holy Rollers and Hillbillies: How America Gave Birth to Rock",James Cosby,≤100
105425681281873,The Way to Liberty,Christopher Allen Supek,≤100
5887538795,Education Week,Education Week,≤100
136211573758668,State Representative Steve Allison,Steve Allison,≤100
183424985463330,Joe Cunningham,JOE CUNNINGHAM FOR CONGRESS,≤100
301228420816284,Teresa Leger Fernandez,TERESA FOR ALL,≤100
106114264313679,Hunt The Vote,"Hunter Nation, Inc.",≤100
318576225387055,Be Woke.Vote,Darrick Robert Angelone,≤100
1425435377743310,Conversations with Bill Kristol,The Foundation for Constitutional Government,≤100
151525932186806,When Democrats Turn Out,WHEN DEMOCRATS TURN OUT PAC,≤100
106106443174,My Fingers Fly,My Fingers Fly,≤100
105742487805078,Shirt Dots,Racheal Anne Wigley,≤100
70531357576,Freedom Forum,"FREEDOM FORUM INC, THE",≤100
142432192446984,David Horowitz Freedom Center,David Horowitz Freedom Center,≤100
110998592305221,Dr. Martens,Dr. Martens AirWair USA LLC,≤100
217569858071,Areva Martin,Areva Denise Martin,≤100
322044193958,Mike Turner for Congress,Citizens for Turner,≤100
281884085611820,Tedra Cobb,COMMITTEE TO ELECT TEDRA COBB,≤100
142370046577999,Shahid Buttar for Congress,Shahid Buttar for Congress Committee,≤100
422202764649078,Rhode Island Department of Education - RIDE,Rhode Island Department of Education,≤100
334748476594191,Rodney Davis,Rodney for Congress,≤100
104504438466,Federal Voting Assistance Program - FVAP,Federal Voting Assistance Program,≤100
100697751658498,Stronger.org,The Public Good Projects,≤100
1925751504337881,MJ Hegar,MJ FOR TEXAS,≤100
1747132688647028,Democratic Association of Secretaries of State,Democratic Association of Secretaries of State,≤100
973744915977481,Concerted Action,Blue Bulldog Digital inc.,≤100
156919911022572,Steven Horsford,NEVADANS FOR STEVEN HORSFORD,≤100
988865517971648,Women's Vote 100,Women's Suffrage Centennial Commission,≤100
41036437395,Macular Degeneration Research,"BRIGHTFOCUS FOUNDATION, INC. A/K/A BRIGHTFOCUS FOUNDATION",≤100
1614345772179172,Greg Gianforte,Greg for Montana,≤100
529154000442477,America Rising,AMERICARISINGPAC.ORG,≤100
141692255929599,Democratic Socialists of America,DEMOCRATIC SOCIALISTS OF AMERICA INC,≤100
176466646087311,DC Fawcett,VREIC,≤100
1596671280578981,Schools & Communities First,Schools and Communities First,≤100
309798029121030,Everytown for Gun Safety,EVERYTOWN FOR GUN SAFETY VICTORY FUND,≤100
28144169620,Alliance for Aging Research,Alliance for Aging Research,≤100
350784278974539,Turning Point Action,Turning Point Action,≤100
467503009987109,"Healthy Forests, Healthy Communities","Healthy Forests, Healthy Communities",≤100
7642602143,Mother Jones,FOUNDATION FOR NATIONAL PROGRESS,≤100
999775873528189,Stopping Socialism,The Heartland Institute,≤100
100401327980848,National Parents Union,National Parents Union,≤100
52563647525,Kyrsten Sinema,SINEMA FOR ARIZONA,≤100
256521221031254,Spokane River Forum,Spokane River Forum - EnviroCertified,≤100
1452551204988299,GoReact,Speakworks Inc,≤100
657343731290262,American Freedom Fighter,American Freedom Fighter,≤100
299311920159,AARP Washington,AARP,≤100
79820371749,Ayanna Pressley,THE COMMITTEE TO ELECT AYANNA PRESSLEY,≤100
108506830560787,Jessica Scarane,JESS SCARANE FOR DELAWARE,≤100
120778038066631,EveryLibrary,EveryLibrary,≤100
107953010886875,20Train.com,GEEG LLC,≤100
1533695766904443,Trainwreck,Trainwreck,≤100
241672016328637,Lauren Underwood for Congress,LAUREN UNDERWOOD FOR CONGRESS,≤100
1681120172099567,Libertarian Candidates,Ryan Allen Raymond,≤100
111277640428691,President Donald J. Trump 2020,Trump Collections,≤100
207549645977714,Families Belong Together,Families Belong Together,≤100
112333396969405,Jim Bognet,Bognet for Congress,≤100
551158678560402,Epimonia,Epimonia LLC,≤100
169710960125365,Curzio Research,Curzio Research Inc.,≤100
168452723312821,Chisholm Chisholm & Kilpatrick LTD,Chisholm Chisholm & Kilpatrick LTD,≤100
235762319779450,Omar Navarro,OMAR NAVARRO FOR CONGRESS,≤100
656263988182462,Bill Hagerty,TEAM HAGERTY,≤100
102478528086004,Reading On the Left,St. Martin's Press,≤100
113553048669158,Rick Scott,TEAM RICK SCOTT,≤100
2477925168899669,The Renew Democracy Initiative,"The Renew Democracy Initiative, Inc",≤100
1579508625690680,Kris Swanson for Minnehaha Treasurer,Kris Swanson for Minnehaha Treasurer,≤100
120085718005638,American Prairie Reserve,American Prairie Reserve,≤100
219247332354785,Phil Arballo for Congress,ARBALLO FOR CONGRESS,≤100
106687664476106,US Speaking Society,These ads ran without a disclaimer,≤100
375760676281438,Mermaid Straw,Mermaid Straw,≤100
107523875954231,Danny Davis,Protect Our Winters,≤100
455147011996099,The Ann and Phelim Scoop,The Unreported Story Society,≤100
721689044860696,OneBlinc,"BLINCLOANS, LLC",≤100
12683623041,Society for Human Resource Management (SHRM),SOCIETY FOR HUMAN RESOURCE MANAGEMENT,≤100
272618896537776,America First Agenda,America First Agenda PAC,≤100
67626834312,National Women's Law Center,National Women's Law Center,≤100
113110137118723,Collectible Currency,Christopher Walter Adams,≤100
1013304945470529,My Pride Apparel,My Pride Apparel,≤100
147983582632869,Colin Nash for Idaho,Nash for Idaho,≤100
123963360928,SiriusXM,SIRIUS XM RADIO INC.,≤100
1513706568846680,Harry Brower Jr.,Harry Brower Jr.,≤100
706716899745696,Women for Trump,TRUMP MAKE AMERICA GREAT AGAIN COMMITTEE,≤100
107199049318619,Friends of Derek Kilmer,PEOPLE FOR DEREK KILMER,≤100
907919839243616,My Faith Votes,My Faith Votes,≤100
249716212080256,Jim Clyburn,FRIENDS OF JIM CLYBURN,≤100
312657362217994,Women's Heart Alliance,Women's Heart Alliance,≤100
107937014153581,Energized Health,John Jubilee Transformation LLC DBA Energized Health,≤100
53727956260,Republican Jewish Coalition,Republican Jewish Coalition,≤100
110891467375018,Kinda Christian Show,Kinda Christian Show,≤100
117513180002579,John Shallman,Target Marketing Digital,≤100
1545826148838592,Trump 2020,Gregory Lawrence Burright,≤100
170591064699,Southern Poverty Law Center,"SOUTHERN POVERTY LAW CENTER, INC., THE",≤100
1864721517082089,Democratic Attorneys General Association,Democratic Attorneys General Association,≤100
7630216751,DoSomething.org,DOSOMETHING.ORG,≤100
548407915183371,Liz Cheney,Liz Cheney for Wyoming,≤100
106756327769815,Stand For The Promise,Stand For The Promise,≤100
111499100431,National Association for Gun Rights,NATIONAL ASSOCIATION FOR GUN RIGHTS INC,≤100
327202261326682,Stephanie Bice,Bice for Congress,≤100
49059279814,Institute for Justice,INSTITUTE FOR JUSTICE,≤100
36872302227,Cory Booker,Cory Booker for Senate,≤100
747783932079184,Jared Golden,COMMITTEE TO ELECT JARED GOLDEN,≤100
802271849850801,Freedom for All Americans,Freedom for All Americans,≤100
101164484986617,To Be Frank Show,Real News PR,≤100
103131054573692,Crawfordology,Crawfordology,≤100
811733152187744,Freese and Goss - Nationwide Law Firm,Freese and Goss,≤100
896759427103774,Modern Medicaid Alliance,Modern Medicaid Alliance,≤100
173470656019870,The Daily Yonder,Great Stories LLC,≤100
180060629247353,Elaine Luria for Congress,ELAINE FOR CONGRESS,≤100
104260608058844,Awesome Survival Guides,Kirsten May Siosan Andrade,≤100
369325156488153,Ubuntu Life,Ubuntu Life,≤100
1311291038982513,2A Gear,Teecreations LLC,≤100
317894938412949,Suntory,Suntory Holdings Limited,≤100
9364828262,Citizens Against Government Waste,CITIZENS AGAINST GOVERNMENT WASTE,≤100
130848666099,Business Forward,Business Forward Inc.,≤100
205448902831467,Family Policy Alliance of Idaho,Family Policy Alliance of Idaho,≤100
109709397469494,Dignity Unbound,Dignity Unbound,≤100
110740242303537,CAVU,Climate Advocates Voces Unidas,≤100
21395843375,Dialysis Patient Citizens,DIALYSIS PATIENT CITIZENS INC,≤100
341240953385902,Force Of Nature Meats,Force of Nature,≤100
200676905671,We Are ALPA,Air Line Pilots Association,≤100
53674651369,Susan B. Anthony List,Susan B. Anthony List Action PAC,≤100
17801244148,Jill Schupp,SCHUPP FOR CONGRESS,≤100
370939753393588,Invest in Education Arizona,Invest in Education. (Sponsored by AEA and Stand for Children). Not authorized by any candidate./,≤100
108512875350,The Atlas Society,The Atlas Society,≤100
201248453800242,My Pay My Say,Mackinac Center for Public Policy,≤100
1438882392887793,ADF Church Alliance,Alliance Defending Freedom,≤100
1905515863109983,Power In Cooperation,Power in Cooperation,≤100
102413723172970,Nick Adams,Nick Adams,≤100
101888608186192,MedicalCommunitynet,Medical Community LLC,≤100
107424894413326,Tio Bernie Book,Tio Bernie Book,≤100
128167457221813,Public Transportation,Voices for Public Transit,≤100
111702860231554,Matt Lieberman,Matt Lieberman for Senate,≤100
289213691238937,Thrasher Coffee,Thrasher Coffee Co.,≤100
141786816970,Cruise Lines International Association - CLIA,Cruise Lines International Association,≤100
646594582623475,Republican Nations,wowengraving,≤100
126694924050678,Xavier Becerra,Becerra for Attorney General 2022,≤100
129523843754764,Vote Smart,PROJECT VOTE SMART,≤100
1802177709900081,The Spectator US,The Spectator US,≤100
221401431386940,Pramila Jayapal,PRAMILA FOR CONGRESS,≤100
128716440866482,Adam Milstein,Adam Milstein,≤100
101485931485408,UNITEDemocrats,UNITEDEMOCRATS PAC,≤100
17475614410,Hispanic Federation,Paid for by Hispanic Federation with Facebook Ad Credits,≤100
338218229911752,Integrity First PAC,INTEGRITY FIRST PAC,≤100
350692761610088,Matt Cartwright for U.S. Congress,CARTWRIGHT FOR CONGRESS,≤100
100123544800892,Disme Coin Company,Byron Michael Laughlin,≤100
614134231980299,Veterans Empowered To Protect African Wildlife,VETPAW INC,≤100
746838268687634,Tom O'Halleran,TOM O'HALLERAN FOR CONGRESS,≤100
278052172260101,ZERO TO THREE,ZERO TO THREE,≤100
12185972707,350.org,350.org,≤100
1082522201878539,Gina Ortiz Jones for Congress,GINA ORTIZ JONES FOR CONGRESS,≤100
273023971533,Dennis Bonnen,Dennis Bonnen Campaign,≤100
221890358218748,Til Valhalla Project,Til Valhalla Project,≤100
106890801114065,Right Wing Maga,Right Wing Maga,≤100
2146201085498440,Tony Gonzales,Tony Gonzales for Congress,≤100
105698674239617,Embed News,Embed News,≤100
242679302418244,Denison Forum,Denison Ministries,≤100
35715544220,Stand.earth,STAND,≤100
394817334402124,2020 Trump Bill,Innovative Ecomm LLC,≤100
51052893175,Kevin McCarthy,Leader Kevin McCarthy,≤100
186932688457686,CHNGE,CHNGE,≤100
101777618318730,We Stand For Liberty,Sebastian Ta,≤100
227653210738154,"Mothers Against Police Brutality, Inc.",MOTHERS AGAINST POLICE BRUTALITY,≤100
1691667177798461,Brut,Brut,≤100
306591716448427,Cindy Axne,CINDY AXNE FOR CONGRESS,≤100
1632568446971453,Boredwalk,Boredwalk,≤100
525171637666780,Sandy Piña California Delegate,RCR,≤100
601472019907779,Latino Victory,Latino Victory,≤100
110316697328742,People of Seniors Housing,People of Seniors Housing,≤100
1977738355807406,Sharice For Congress,SHARICE FOR CONGRESS,≤100
131987110145558,Canyon County Democratic Party,Rebecca Yamamoto Hanson,≤100
653446288035243,Edward B. Goehring,Edward B. Goehring,≤100
113893390401923,American Survival,Tein Yang Sun,≤100
169204449790211,Conservative News Today,"BizPac Review, Inc.",≤100
299295363912730,New Politics Leadership Academy,New Politics Leadership Academy,≤100
526226314251607,Don Fletcher Tempe Union High School District Board,Fletcher for TUHSD,≤100
260933440643373,UltraViolet,UltraViolet Action,≤100
105010030848236,Bryant Cameron Webb,DR. CAMERON WEBB FOR CONGRESS,≤100
21834534343,Volunteers of America,"VOLUNTEERS OF AMERICA, INC.",≤100
375301089246439,Thom Tillis,THOM TILLIS COMMITTEE,≤100
102180301437619,2020 American Defense Fund,C3 PAC,≤100
259212814698356,Democratic Majority for Israel,DMFI PAC,≤100
2259323457517498,Abolish the Electoral College,ABOLISH THE ELECTORAL COLLEGE,≤100
85945492130,EnergyBoom,Energy Boom,≤100
121067011091,Arab American Institute,Arab American Institute with Facebook Ad Credits,≤100
514167322309353,Dan Crenshaw,Dan Crenshaw for Congress,≤100
1819658374974706,Arena,Arena PAC,≤100
194115677277113,A21,A21 with Facebook Ad Credits,≤100
316498251698370,Adam Gray for Assembly,Gray for Assembly 2020,≤100
265045056894488,Mark Meckler,Convention of States Action,≤100
91346559231,Democratic Legislative Campaign Committee - DLCC,Democratic Legislative Campaign Committee,≤100
1439364926329185,Animal Matters,Animal Matters,≤100
32582320449,CMMB,CATHOLIC MEDICAL MISSION BOARD INC,≤100
10897453188,Operation Mobilization - OM USA,"OPERATION MOBILIZATION USA, INC.",≤100
1750699881894920,Yvette Herrell for Congress,YVETTE4CONGRESS,≤100
1784991421516214,Seek Refuge,Seek Refuge,≤100
7209432197,Chris Coons,CHRIS COONS FOR DELAWARE,≤100
101525774999212,BLM,Bryan Daley,≤100
841733696181163,Contest Every Race,Contest Every Race,≤100
260366367717440,Committee to Protect Medicare,Committee to Protect Medicare,≤100
497081420632330,Dr. Hiral Tipirneni,HIRAL FOR CONGRESS,≤100
103929304678916,Voter Action Project,Integrity First Voter Action Project,≤100
1789651861157958,Values To Action,Values to Action,≤100
830890360316751,Nick Hanauer,Civic Action,≤100
2295062210811244,Coalition for American Veterans,COALITION FOR AMERICAN VETERANS POLITICAL ACTION COMMITTEE,≤100
13187955196,Young Americans for Liberty,Young Americans for Liberty,≤100
102671331487937,I Love My Freedom Store,I Love My Freedom,≤100
342294162453301,Planned Parenthood,These ads ran without a disclaimer,≤100
313723095478950,The Daily Citizen,Focus on the Family,≤100
8446177150,Chosen People Ministries,CHOSEN PEOPLE MINISTRIES INC,≤100
109061570850845,Proud U.S.,ProudUS,≤100
105561217523274,The_Dispatch,"Dispatch Media, Inc.",≤100
47710973068,Cooperative Action Network,National Rural Electric Cooperatives Association,≤100
39432041915,Capital Research Center,CAPITAL RESEARCH CENTER INC,≤100
357844454633380,Dan Whitfield for Senate 2020,DANWHITCONGRESS,≤100
416913748508616,We Welcome Refugees,We Welcome Refugees,≤100
100506848295759,Made to Fail,Made To Fail,≤100
23790541544,Democrats,DCCC,≤100
117641114435,First Aid Beauty,First Aid Beauty,≤100
304062610300415,VozWire,Gregson E Mathe,≤100
102796944877926,Black Men for Trump,Black Men for Trump,≤100
246846192720018,War On Our Future,The Years Project,≤100
304750332920654,Carl DeMaio,Reform California,≤100
18079407397,CPAC 2020,Conservative Political Action Conference,≤100
763491940427547,Roque  "Rocky"  De La Fuente,Rocky 101 LLC,≤100
110439270638992,NE1else,Time Management LLc,≤100
282728185140429,Rep For Vets,The Rep For Vets,≤100
108228890579947,KOZ Water,Marcelle Renee Abel,≤100
116546288359245,Heritage Action for America,HERITAGE ACTION FOR AMERICA,≤100
111892670610842,Political AF,wowengraving,≤100
112075920436304,Kelly Sloop,Friends of Kelly Sloop,≤100
101176014673943,Michelle for Kansas,MICHELLE FOR KANSAS,≤100