﻿Page ID,Page Name,Disclaimer,Amount Spent (USD)
153080620724,Donald J. Trump,TRUMP MAKE AMERICA GREAT AGAIN COMMITTEE,11446
7860876103,Joe Biden,BIDEN VICTORY FUND,9546
1771156219840594,Team Trump,TRUMP MAKE AMERICA GREAT AGAIN COMMITTEE,3857
108824017345866,Facebook,"Facebook, Inc.",2227
96935476345,Democratic Governors Association (DGA),Democratic Governors Association,2145
1615018905412860,Progressive Turnout Project,PROGRESSIVE TURNOUT PROJECT,2097
156968474833352,Stop Republicans,Stop Republicans,1859
6726182861,Mike Pence,TRUMP MAKE AMERICA GREAT AGAIN COMMITTEE,1336
36160848633,PicturesOnGold.com,Daniel F Schifter,1170
101279451606075,Democratic Strategy Institute,Democratic Strategy Institute,1009
172758932738142,PhRMA,PHARMACEUTICAL RESEARCH AND MANUFACTURERS OF AMERICA,994
20787991568,Senate Democrats,DSCC,860
105756057589080,The Lincoln Project,The Lincoln Project,845
1635441679872518,Kimberly Klacik,Kim Klacik for Congress,840
1439829396312534,The Movement for Black Lives,Movement for Black Lives,809
108193380921326,Bob Wallace for Baltimore Mayor 2020,Robert Wallace For Mayor,751
328072970642479,Jaime Harrison,JAIME HARRISON FOR US SENATE,738
202626512363,U.S. Census Bureau,U.S. Census Bureau,712
127755494595870,Progressive Takeover,PROGRESSIVE TAKEOVER,705
163148530407080,Captain Mark Kelly,MARK KELLY FOR SENATE,546
200676905671,We Are ALPA,Air Line Pilots Association,476
328853823844484,Balance of Power,Balance of Power,465
108627927232709,Maryland Census 2020,Maryland Department of Planning,397
747436915270894,Congressional Leadership Fund,CONGRESSIONAL LEADERSHIP FUND,369
417522508294454,Job Creators Network,Job Creators Network,357
592347634460462,Partnership for America's Health Care Future,Partnership for America's Health Care Future,330
9324910069,NRSC,NRSC,327
7976226799,The Daily Show,Comedy Central,325
165987503528599,Lindsey Graham,"TEAM GRAHAM, INC.",313
1316372698453411,Alexandria Ocasio-Cortez,Alexandria Ocasio-Cortez for Congress,307
203197030603239,8 Billion Trees,8 Billion Trees LLC,302
1998005350416562,The Northeast Maglev,The Northeast Maglev,301
2330577043935831,Sara Gideon,SARA GIDEON FOR MAINE,292
100391581727524,Defeat By Tweet,DEFEAT BY TWEET,285
296240482878,Calvin Ball,The Calvin Ball Team,279
665345483483486,NRA - National Rifle Association of America,NATIONAL RIFLE ASSN OF AMERICA,276
33713453361,Amazon Prime Video,Amazon Prime Video,255
238863219889613,1199 SEIU Maryland/DC,1199SEIU United Healthcare Workers East,251
168051710543266,Lacy Johnson,Lacy Johnson for Congress,237
32682889528,U.S. Chamber of Commerce,The U.S. Chamber of Commerce,226
1235234926651814,51 for 51,51 for 51,221
7483836629,Ancestry,Ancestry.com Operations Inc.,204
23875187730,Feeding America,Feeding America,196
830121337093232,National Democratic Training Committee,NATIONAL DEMOCRATIC TRAINING COMMITTEE PAC,195
7845419973,Steny Hoyer,HOYER FOR CONGRESS,192
67945990059,The American Petroleum Institute,The American Petroleum Institute,191
791543660926838,"I'll go ahead and keep my guns, Thanks",2A4LIFE LLC,188
176789922364429,Steve Daines,STEVE DAINES FOR MONTANA,188
109111900634787,Reverend Raphael Warnock,WARNOCK FOR GEORGIA,186
18982436812,ACLU,American Civil Liberties Union,185
14856729724,Gap,Gap Inc,182
112600915451330,No Labels,No Labels,178
57259033959,AARP,AARP,176
602714436529710,End Citizens United,END CITIZENS UNITED,176
127225910653607,PragerU,PragerU,168
1715412445365976,NBC 4 Washington Brand Studio,NBCUniversal,168
178602115837123,David Trone,"DAVID TRONE FOR CONGRESS, INC",165
2353537341582545,Proud Patriots,Proud Patriots,165
24330467048,Americans for Prosperity,AMERICANS FOR PROSPERITY,159
2352630938293825,Mytacticalpromos,Entremax,150
106244251043808,Reuse Plastics,"AMERICAN CHEMISTRY COUNCIL, INC.",146
114710126648118,Republican Dogs,Republican Dogs,145
104856814505092,The Kids Guide,The Kids Guide,143
7292655492,MoveOn,MOVEON.ORG POLITICAL ACTION,143
8340223883,Avaaz,Avaaz Foundation,141
296708523873754,Karla Dennis and Associates Inc.,"Karla Dennis & Associates, Inc",139
8492293163,Environmental Defense Fund,Environmental Defense Fund,133
105732744375701,Steve Bullock,MONTANANS FOR BULLOCK,132
322551718276442,Lemons Are Blue,Lockwell LLC,128
167586229923327,World Food Program USA,World Food Program USA,127
342294162453301,Planned Parenthood,Planned Parenthood Federation of America,125
148940961842532,Helping Up Mission,Helping Up Mission,122
21472760578,C-SPAN,C-SPAN,120
15224565129,Gerry Connolly,CONNOLLY FOR CONGRESS,119
111428049989,Cal Cunningham,CAL FOR NC,118
7833534974,Florida Democratic Party,Florida Democratic Party,118
383677738397139,Association for Accessible Medicines,Association for Accessible Medicines,116
96935476345,Democratic Governors Association (DGA),DEMOCRATIC ACTION,113
92925746942,Judicial Watch,Judicial Watch,111
259130650776119,Mitch McConnell,MCCONNELL SENATE COMMITTEE,110
104614641200137,MeidasTouch,MEIDASTOUCH,107
158791100909689,Concerned Veterans for America,Concerned Veterans for America,102
5435784683,Greenpeace USA,"GREENPEACE, INC.",102
178835922297833,American Clinical Laboratory Association,American Clinical Laboratory Association,101
277005566267077,Blueland,Blueland,101
502320477205654,I’m Bout Making My Ancestors Proud,Heritage Hill LLC,101
104745474214057,HRA - OTC Birth Control,Corey Francis Mc Govern,≤100
361960287311696,Better Medicare Alliance,"Better Medicare Alliance, Inc",≤100
103597604713894,Team Trump Store,TRUMP MAKE AMERICA GREAT AGAIN COMMITTEE,≤100
8914040942,Chesapeake Bay Foundation,"CHESAPEAKE BAY FOUNDATION, INC., THE",≤100
153678684700451,American Investment Council,AMERICAN INVESTMENT COUNCIL,≤100
18079407397,CPAC 2020,Conservative Political Action Conference,≤100
107654924064350,Pat Timmons-Goodson,PATRICIA TIMMONS-GOODSON FOR CONGRESS,≤100
393932827634250,Dissent Pins,Common Practice,≤100
605168822998856,314 Action,314 ACTION FUND,≤100
100137754724934,Trump 2020 Supporters,Proud Right Winger,≤100
8325302025,Friends of the Earth U.S.,Friends of the Earth,≤100
278490715553293,Martha McSally,MCSALLY FOR SENATE INC,≤100
102563281572515,Keep America Great,RightWingGear.com,≤100
717115395103069,PrintedKicks,Printed Kicks,≤100
142992759853421,Be A Hero,BE A HERO PAC,≤100
6204742571,Sierra Club,SIERRA CLUB,≤100
405469100189512,Still My President - Donald Trump,Red State Politics LLC,≤100
1061240530648502,Joe Collins,JOE COLLINS FOR CONGRESS,≤100
700806360047982,CFG Action,Club for Growth Action,≤100
7320486731,Chris Van Hollen,VAN HOLLEN FOR SENATE,≤100
675471506247724,Adair for Congress,ADAIR FOR CONGRESS,≤100
1419388578092947,Anna Paulina Luna,ANNA PAULINA LUNA FOR CONGRESS,≤100
7263476274,Mercy Corps,Mercy Corps,≤100
679171239164792,Supermajority,Supermajority,≤100
934438026690635,YouGov,YOUGOV AMERICA INC.,≤100
314499212242,Pfizer,Pfizer Inc.,≤100
1316372698453411,Alexandria Ocasio-Cortez,THE SQUAD VICTORY FUND,≤100
596556607135301,The Earthling Co.,The Earthling Co.,≤100
108273884315449,Real American Patriot,Gold Sky Ventures LLC,≤100
103730928025980,Safe and Sound In 2020,Kin Ngai Yeung,≤100
309308412520731,Sandy Hook Promise,Sandy Hook Promise,≤100
105577974544303,The USA Needs More Patriots,AmeriPolling,≤100
109092142462587,Adam Schiff,SCHIFF FOR CONGRESS,≤100
103036584847574,The Good Neighbor,Brandon Vu,≤100
8934429638,Planned Parenthood Action,Planned Parenthood Action Fund,≤100
114625730266879,Republican Voters Against Trump,Defending Democracy Together,≤100
111393882812494,Amy McGrath,"AMY MCGRATH FOR SENATE, INC.",≤100
100256754899828,Patriot's Cave,Patriots Cave,≤100
85452072376,Newsmax,Newsmax Media,≤100
15188122178,The Hamilton Collection,The Hamilton Collection,≤100
373814729643508,Let America Vote,LET AMERICA VOTE PAC,≤100
154753361224926,CASA in Action,CASA in Action Inc,≤100
228754857151053,House Majority PAC,House Majority PAC,≤100
309798029121030,Everytown for Gun Safety,Everytown for Gun Safety Action Fund Inc,≤100
316955281351,APWU - The American Postal Workers Union,AMERICAN POSTAL WORKERS UNION,≤100
197760674021143,Indivisible Guide,INDIVISIBLE ACTION,≤100
6072343558,Center for American Progress,CENTER FOR AMERICAN PROGRESS,≤100
15239367801,The Wilderness Society,"WILDERNESS SOCIETY, THE",≤100
8047221596,Save the Children US,"SAVE THE CHILDREN FEDERATION, INC.",≤100
1079789672084038,SimonBooks,Simon & Schuster,≤100
213792049451918,Stand For America,Stand For America Inc,≤100
107210084216238,Humanity Forward,Humanity Forward,≤100
109379100777665,Patriotism Isn't Dead,Patriot Polling,≤100
779309092233298,Ben Crump,X Social Media,≤100
224143668537493,Better Care America,Better Care America,≤100
110849485902,United Way,United Way Worldwide with Facebook Ad Credits,≤100
5720973755,Defenders of Wildlife,DEFENDERS OF WILDLIFE,≤100
592707041080920,Stand Together,Stand Together Chamber of Commerce Inc.,≤100
834645469890446,Devin Nunes,DEVIN NUNES CAMPAIGN COMMITTEE,≤100
130848666099,Business Forward,Business Forward Inc.,≤100
105577974544303,The USA Needs More Patriots,Anthony Alexander Morales,≤100
51405613519,Focus on the Family,Focus on the Family,≤100
433919203362871,Bird + Stone,BIRD & STONE INC,≤100
185740015159478,340B Matters,340B Matters,≤100
2078647579047586,Project Pulso,Project Pulso,≤100
101127364972509,Dems For USA,Dems For USA,≤100
103185334702225,Stop Trump PAC,STOP 45 PAC,≤100
10423517786,Harvard Business Review,HARVARD BUSINESS SCHOOL PUBLISHING CORPORATION,≤100
163302087408673,Stop The Donald,Stop the Donald,≤100
737686089933715,Conservative Collections,Mainline Media Group,≤100
355316521236121,John Cornyn,TEXANS FOR SENATOR JOHN CORNYN INC.,≤100
38235851310,USA for UNHCR,UNITED STATES ASSOCIATION FOR UNHCR,≤100
106594320841665,Gregory Coll,GREGORY COLL FOR CONGRESS,≤100
159964696102,Kevin McCarthy,KEVIN MCCARTHY FOR CONGRESS,≤100
586751814690068,Joni Ernst,Joni for Iowa,≤100
828902563856302,Chuck Schumer D-NY,FRIENDS OF SCHUMER,≤100
788394134539871,USPS Business,United States Postal Service,≤100
7860876103,Joe Biden,BIDEN FOR PRESIDENT,≤100
27311599342,Preemptive Love,Preemptive Love Coalition,≤100
103315378108004,True Patriot Strength,LE-HUU DONG HUYNH,≤100
2283535575207809,Ditch Mitch,DITCH FUND,≤100
1013304945470529,My Pride Apparel,My Pride Apparel,≤100
839110726214614,Realtors,NATIONAL ASSOCIATION OF REALTORS,≤100
2037695643113766,Blexit,Blexit Foundation,≤100
30139072158,CARE,CARE,≤100
1883837055193241,Shield Republic,Shield Republic,≤100
461204744067686,Family Protection Association,Family Protection Association,≤100
892673067526965,Project War Path,Project War Path,≤100
327837911149503,2A4Life,2A4LIFE LLC,≤100
102478061559294,Convention on Founding Principles,Convention on Founding Principles,≤100
106224464107240,Jo Jorgensen,Jo Jorgensen for President,≤100
6820348410,Kirsten Gillibrand,Off the Sidelines,≤100
108118933908193,Next Level Goods,Next Level Goods LLC,≤100
681745912255844,John Cummings for Congress,CUMMINGS FOR CONGRESS,≤100
101662321369876,WGL Energy,WGL Energy,≤100
303167829786891,Ed Markey,THE MARKEY COMMITTEE,≤100
419237048158257,Susan Collins,COLLINS FOR SENATOR,≤100
6041057841,The Humane Society of the United States,"HUMANE SOCIETY OF THE UNITED STATES, THE",≤100
598924810530984,Keeping America Great,FamTeeWorld,≤100
30866133883,Alaska Wilderness League,ALASKA WILDERNESS LEAGUE,≤100
215199482635728,Alek Skarlatos,ALEK FOR OREGON,≤100
443329669123990,USAFacts,USAFacts Institute,≤100
10128918116,Gavin Newsom,NEWSOM FOR CALIFORNIA GOVERNOR 2022,≤100
33110852384,Doctors Without Borders/Médecins Sans Frontières (MSF),Doctors Without Borders/Médecins Sans Frontières (MSF),≤100
101591551371555,Fire Mitch. Save America.,SAVE AMERICA FUND,≤100
560140464159364,Stand for the 2nd Amendment,SFT2 Tactical Supply,≤100
593289284500311,Trump Rack,BOXD Marketing,≤100
49651563727,Live Action,Live Action,≤100
104934207736995,Paycheck to Paycheck,Center for American Progress Action Fund,≤100
102875587947942,Keep Trump In Office,Keep Trump In Office,≤100
21559454473,FAIR,FEDERATION FOR AMERICAN IMMIGRATION REFORM,≤100
120448873031387,Our United Family,Daniel Wang,≤100
101210588150219,Boy Scouts Abuse Claims,X Social Media LLC,≤100
132492254050920,American AF,AAF Nation,≤100
10150100007820094,Wendy Davis,WENDY DAVIS FOR CONGRESS,≤100
72186095846,Center For American Progress Action Fund,Center for American Progress Action Fund,≤100
192015461630968,Supporting Our Brave Veterans,James Brian Plouf,≤100
1336293769761923,Jon Ossoff,JON OSSOFF FOR SENATE,≤100
193618220508,LIFE Today,LIFE Outreach International,≤100
6231686654,Compassion International,"COMPASSION INTERNATIONAL, INCORPORATED",≤100
53541257714,The Arc of the United States,The Arc with Facebook Ad Credits,≤100
118303441570966,Home Ownership Matters,NATIONAL ASSOCIATION OF REALTORS,≤100
1809078699219595,Fat Tire,"NEW BELGIUM BREWING COMPANY, INC.",≤100
27544763621,Prison Fellowship,Prison Fellowship,≤100
30708742052,FCTRY,FCTRY,≤100
45393753416,Alliance Defending Freedom,Alliance Defending Freedom,≤100
115379705206001,U.S. Department of Homeland Security Blue Campaign,DHS Blue Campaign,≤100
6236054211,Brady,Brady Campaign to Prevent Gun Violence,≤100
585942765164217,Elect Democratic Women,ELECT DEMOCRATIC WOMEN,≤100
493811210669780,Creative Action Network,Creative Action Network,≤100
925007000949719,ExxonMobil,Exxon Mobil Corporation,≤100
25852730092,Care2,Care2 Inc,≤100
481559282597914,TrumpersUnite,Respect The Look,≤100
228132537208218,Tammy Duckworth,TAMMY FOR ILLINOIS,≤100
100233228182981,Madison Cawthorn for Congress,CAWTHORN FOR NC,≤100
219612384781411,Bloomberg Philanthropies,Bloomberg Philanthropies,≤100
257019421075897,Cory Gardner,Cory Gardner for Senate,≤100
780941275347834,Ilhan Omar,ILHAN FOR CONGRESS,≤100
8934429638,Planned Parenthood Action,Planned Parenthood Votes,≤100
6820348410,Kirsten Gillibrand,Gillibrand for Senate,≤100
18709174006,National Audubon Society,"NATIONAL AUDUBON SOCIETY, INC.",≤100
530604487365010,Old Glory Flagpole Kits,Service First,≤100
1526736227567131,TrueCoverage,True Coverage,≤100
116222966843926,US Concealed,US Concealed,≤100
38471053686,Elizabeth Warren,"WARREN DEMOCRATS, INC.",≤100
190343811069679,Peter Franchot,Friends of Peter Franchot,≤100
35169196082,Project HOPE,"PROJECT HOPE-THE PEOPLE-TO-PEOPLE HEALTH FOUNDATION, INC.",≤100
101525774999212,BLM,Bryan Daley,≤100
417712255663393,Equality Can't Wait,Equality Can't Wait,≤100
101075798356272,ReOpen America Now,Command Center Holdings LLC,≤100
305832706292882,American Gun Association,GunAssociation.org,≤100
236369846383459,Congressional Black Caucus PAC,Congressional Black Caucus PAC,≤100
116064745113092,Neighborhood Sun,Neighborhood Sun,≤100
36474716066,Color Of Change,ColorofChange.org,≤100
1055873511190792,Hello Resistance,Hello Resistance Apparel,≤100
277414242013,Joyce Elliott for Congress,JOYCE ELLIOTT FOR CONGRESS,≤100
216311481960,Bill Gates,Bill Gates,≤100
21375324480,The Heritage Foundation,HERITAGE FOUNDATION (THE),≤100
683872625157265,Theresa Greenfield,THERESA GREENFIELD FOR IOWA,≤100
308159713150350,Voter Protection Project,VOTER PROTECTION PROJECT,≤100
130467958471,Jason Lewis,Jason Lewis for Senate,≤100
46093654473,National Republican Congressional Committee,NRCC,≤100
103911824657671,Health Insurance,Alexander Melen,≤100
342887442508723,Convention of States,Convention of States Action,≤100
15687409793,World Wildlife Fund,World Wildlife Fund,≤100
1109093812491437,Blaze Media,Blaze Media LLC,≤100
225693857938375,DC Department of For-Hire Vehicles l DFHV,Seaberry Design & Communications LLC,≤100
212025079529295,New Americans Campaign,New Americans Campaign,≤100
204744222890124,The National Center for Children and Families,NATIONAL CENTER FOR CHILDREN AND FAMILIES,≤100
1393911800825140,OZY,OZY Media Inc,≤100
183792172090826,Northern Virginia Clean Water Partners,Northern Virginia Regional Commission,≤100
7814597100,Jim Jordan for Congress,JIM JORDAN FOR CONGRESS,≤100
894096170667732,Ashley Hinson,Ashley Hinson For Congress,≤100
953113491536337,Black to the Future Action Fund,Black to the Future Action Fund,≤100
653079394725698,Aspiration,Aspiration,≤100
1836138529938551,Greater Half,Greater Half,≤100
106667854471975,Outspoken,Log Cabin Republicans,≤100
108281434237351,UBS Financial Services Inc.,UBS Financial Services,≤100
587560171926370,Small Business Recovery Initiative,"Small Business Recovery Initiative, Inc",≤100
97493741436,John W. Hickenlooper,HICKENLOOPER FOR COLORADO,≤100
105023768642,U.S. Chamber Institute for Legal Reform,US Chamber Institute for Legal Reform,≤100
356482637745012,Stansberry Research,Stansberry Research,≤100
2046092952294722,Lucy McBath for Congress,FRIENDS OF LUCY MCBATH,≤100
102617961152741,Barbara Bollier,BOLLIER FOR KANSAS,≤100
104113317870732,Free Markets Destroy,Washington Policy Center,≤100
139599847972,National Nurses United,National Nurses United,≤100
243362776583569,Air Mail,Air Mail,≤100
2263108893911990,PLUS Communications,PLUS Communicationis,≤100
110177119192569,Knightscope,William Li,≤100
280704452367167,Jason Crow,JASON CROW FOR CONGRESS,≤100
598720023670599,Jennifer Carroll Foy,Jennifer Carroll Foy for Governor,≤100
6787988478,Physicians for Human Rights,"PHYSICIANS FOR HUMAN RIGHTS, INC.",≤100
8550121410,Free Speech America Project,MEDIA RESEARCH CENTER,≤100
79820371749,Ayanna Pressley,THE COMMITTEE TO ELECT AYANNA PRESSLEY,≤100
316887658336677,My Control Card,"NETSPEND HOLDINGS, INC.",≤100
90022052772,Williams,"WILLIAMS COMPANIES, INC., THE",≤100
108220794333329,The Patriot Trust,Christopher Allen Supek,≤100
977704775606273,Balls Deep Tackle,Balls Deep Tackle,≤100
102592959026,Ocean Conservancy,"OCEAN CONSERVANCY, INC.",≤100
345378512258813,Elise Stefanik,ELISE FOR CONGRESS,≤100
209516845093,NRDC Action Fund,NRDC Action Fund,≤100
17203056985,Partners In Health,Partners In Health,≤100
260933440643373,UltraViolet,UltraViolet Action,≤100
376776419037747,Turning Point USA,Turning Point USA,≤100
530604487365010,Old Glory Flagpole Kits,Service First Flag Poles,≤100
18813753280,Human Rights Campaign,"HUMAN RIGHTS CAMPAIGN, INC",≤100
56680318666,Illinois Policy,Illinois Policy,≤100
101411555005361,Stars and Strife,David Smick "Stars and Strife",≤100
2068988876444634,Stand Up for Accurate Prenatal Answers,STAND UP FOR ACCURATE PRENATAL ANSWERS INC,≤100
107398241021186,The John Lewis Bridge Project,John Lewis Bridge Project,≤100
1338822066131069,Women's March,Women's March,≤100
1765073800454902,Reform Austin,Reform Austin Inc.,≤100
143986912311328,University of Vermont Continuing and Distance Education,University of Vermont,≤100
103644036958,United Association,United Association Political Education Committee,≤100
8127889355,Americans for Tax Reform,AMERICANS FOR TAX REFORM,≤100
210357995667559,The National Memo,The National Memo,≤100
191975737491988,Jennifer Wexton,WEXTON FOR CONGRESS,≤100
169124877249,AARP Virginia,AARP,≤100
38897314734,The Trust for Public Land,"TRUST FOR PUBLIC LAND, THE",≤100
102745147891580,Trump Coolers,Eric Clifford Juels,≤100
1799282383731277,TwoSeventy,Alexander Jared Deutsch,≤100
1194865807192273,Conservative Gear,Outergoods LLC,≤100
169294473121454,Policetees.com,PoliceTees.com,≤100
100239201403192,Census Frederick County 2020,Frederick County Government,≤100
239658882763974,Poverty USA by CCHD,UNITED STATES CONFERENCE OF CATHOLIC BISHOPS,≤100
979720542211350,Humanize Being Black,Keyshun Quantarious Holmes,≤100
34362997676,United States Holocaust Memorial Museum,UNITED STATES HOLOCAUST MEMORIAL MUSEUM,≤100
1600352356914768,PushBlack,PushBlack,≤100
1099478666810053,Meals For Pets,Meals for Pets,≤100
110812293684869,The High Road Foundation,Robert Francis Windley,≤100
1443127535947107,Save the Children Action Network,Save the Children Action Network,≤100
100722328329613,Every Single Vote,Every Single Vote,≤100
137459917707,The Brookings Institution,The Brookings Institution,≤100
183424985463330,Joe Cunningham,JOE CUNNINGHAM FOR CONGRESS,≤100
5647744585,PETA (People for the Ethical Treatment of Animals),"PEOPLE FOR THE ETHICAL TREATMENT OF ANIMALS, INC.",≤100
184731548554164,PL+US,Plus Fund: Paid Leave for the United States,≤100
267180743723148,National Geographic Society,National Geographic Society,≤100
117144508670456,GUNVOTE,National Shooting Sports Foundation,≤100
1530883997194411,United States Constitution,Flag and Cross,≤100
51379424899,Mercy Ships,MERCY SHIPS INTERNATIONAL,≤100
397548920857340,PG Census 2020,Maryland-National Capital Park and Planning Commission,≤100
210277954204,The Young Turks,"The Young Turks, Inc.",≤100
16477459734,League of Conservation Voters,"LEAGUE OF CONSERVATION VOTERS, INC",≤100
104142543758770,Campaign Zero,We The Protesters,≤100
143729616392084,Van Drew for Congress,Van Drew for Congress,≤100
241672016328637,Lauren Underwood for Congress,LAUREN UNDERWOOD FOR CONGRESS,≤100
213687698658,Americans for Prosperity Foundation,Americans for Prosperity Foundation,≤100
105481140904672,Core Prestige,Core Prestige,≤100
629732217415068,Republican Party,Greater Half,≤100
104760636770,Vera Institute of Justice,"VERA INSTITUTE OF JUSTICE, INC.",≤100
393553007327551,Southwest Partnership,Southwest Partnership,≤100
2056485407811667,Clean Energy for Maryland,Energy Media,≤100
100119981671668,Blue Senate,BLUE SENATE PAC,≤100
143089732792,Marsha Blackburn,Blackburn Tennessee Victory Fund,≤100
110439270638992,NE1else,Time Management LLc,≤100
2056485407811667,Clean Energy for Maryland,Resource Media,≤100
114230073701403,Jetbound Dogs,Miguel Agustin Turk,≤100
294196590710262,FWD.us,FWD.us,≤100
643463669628493,Public Opinion Research Group,"Public Opinion Research Group, Inc",≤100
96171427550,Raja for Congress,FRIENDS OF RAJA FOR CONGRESS,≤100
103453544718913,Patriots Together,Anna Kasten Yu,≤100
149081336362,AmeriCorps VISTA,Corporation for National and Community Service,≤100
17911165812,Covenant House International,Covenant House,≤100
50982313030,Food & Water Watch,Food & Water Watch,≤100
465483726908192,iVote,IVote Civic Education Fund,≤100
496696933682736,Jeff Merkley,JEFF MERKLEY FOR OREGON,≤100
104944811154618,Empire State Today,Metric Media LLC,≤100
419992651425033,Guardianes del Pueblo-Consumer Law Group,Consumer Law Group,≤100
131306317680000,Social Goods,"Social Goods, LLC",≤100
101690998009007,Improving Life Through Health,Nicolette Dalan,≤100
293225127381200,Patriot Depot,The Patriot Depot,≤100
107226350977260,Rookie,Mark Anthony Russell,≤100
105010030848236,Bryant Cameron Webb,DR. CAMERON WEBB FOR CONGRESS,≤100
2012750189007245,Liquid Death Mountain Water,Liquid Death,≤100
1690071827911682,Cleancult,cleancult,≤100
445240538909364,Inergy,These ads ran without a disclaimer,≤100
550622028319900,Headlock Press,Headlock Press,≤100
284946111858895,Debbie Mucarsel-Powell,DEBBIE FOR CONGRESS,≤100
420785874975425,Conservative Institute,The Conservative Institute,≤100
331037760381749,Sierra Magazine,SIERRA CLUB,≤100
206677396413254,Abortion On Our Own Terms,Abortion On Our Own Terms,≤100
113666459994300,Big Dan Rodimer for Congress,RODIMER FOR CONGRESS,≤100
156268994819596,Marc J. Bern & Partners LLP,Marc J. Bern & Partners LLP,≤100
223008867858902,American Action News,American Action News,≤100
105084617912738,PatriotQuizzes,patriotquizzes.com,≤100
7962229886,Environmental Working Group,ENVIRONMENTAL WORKING GROUP,≤100
102636677971854,Trump Is The Storm,Legendary Trump Coins,≤100
260075957396036,Campbell Wealth Management,Kelly Peter Campbell,≤100
180060629247353,Elaine Luria for Congress,ELAINE FOR CONGRESS,≤100
292351509697,Jerusalem Prayer Team,Jerusalem Prayer Team,≤100
153657598048710,The Hodgetwins,These ads ran without a disclaimer,≤100
6713653788,Gary Peters,PETERS FOR MICHIGAN,≤100
11791104453,NRDC,Natural Resources Defense Council,≤100
101920824546802,Social Forensics,Geoff Golberg,≤100
103373224404755,Impact Slates,COLLECTIVE IMPACT PAC,≤100
1721467687891795,Partnership for Conservation,Partnership for Conservation,≤100
181183059253295,Dorsal Bracelets,Dorsal Bracelets,≤100
1917715138510680,Follow Your Legend,Legend Bracelet,≤100
107589664099282,Stand Up To China,"Stand Up To China, Inc.",≤100
263891677826490,Earthsider,Ryan James Martin,≤100
601472019907779,Latino Victory,Latino Victory,≤100
352527958302,Israel on Campus Coalition,Israel on Campus Coalition,≤100
303061950155375,John James,"JOHN JAMES FOR SENATE, INC.",≤100
101209614956892,Take A Stand,Andrew Joseph Young,≤100
19342050934,Leadership Institute,LEADERSHIP INSTITUTE INC,≤100
103682110993833,Arctic Refuge Defense Campaign,Alaska Wilderness League,≤100
111702860231554,Matt Lieberman,Matt Lieberman for Senate,≤100
7341997111,Conservation International,Conservation International,≤100
281884085611820,Tedra Cobb,COMMITTEE TO ELECT TEDRA COBB,≤100
129255907131113,NumbersUSA,NUMBERSUSA EDUCATION AND RESEARCH FOUNDATION,≤100
872842866161157,One Nation Design,One Nation Design,≤100
1014486318584089,Armed American Supply,Armed American Supply,≤100
348839551906904,Democracy in Color,POWERPAC DOT ORG,≤100
119006106155684,PI Energy,Andrew P Chung,≤100
249716212080256,Jim Clyburn,FRIENDS OF JIM CLYBURN,≤100
628891490457484,Nancy Mace,Nancy Mace for Congress,≤100
166618413413767,Jay Sekulow,American Center for Law and Justice,≤100
911828698840246,ReLEntless Defender Apparel,ReLEntless Defender Apparel,≤100
1000253160054572,Cori Bush,CORI BUSH FOR CONGRESS,≤100
101788168307680,Pause Politics,FreedomWorks Foundation,≤100
83865976093,Truthout,TRUTHOUT,≤100
173837496125511,Conscious Step,Conscious Step,≤100
176466646087311,DC Fawcett,Donald Chappell Fawcett,≤100
169597416843751,Stand Up America,Stand Up America,≤100
746938465317981,Nuclear Matters,Nuclear Matters,≤100
253791814655400,Doug Collins,"COLLINS FOR SENATE, INC.",≤100
2255846891314996,Corn Refiners Association,"corn refiners association, inc",≤100
94047978366,PCCC - BoldProgressives.org,PROGRESSIVE CHANGE CAMPAIGN COMMITTEE,≤100
42872222699,Dana Loesch,Dana Loesch Radio,≤100
20876805343,March of Dimes,MARCH OF DIMES INC.,≤100
26006662641,Arizona Democratic Party,Arizona Democratic Party,≤100
262680017949612,Quincy Institute for Responsible Statecraft,Quincy Institute,≤100
111892670610842,Political AF,Quyen Sanh Gip,≤100
227764782729,AMERICAN - STRONG!,American Strong LLC,≤100
15351475322,Cathy McMorris Rodgers,Cathy McMorris Rodgers for Congress,≤100
58736997707,Marco Rubio,Marco Rubio for Senate,≤100
429812024048177,Doug Jones for Senate,DOUG JONES FOR SENATE COMMITTEE,≤100
347063211984370,Fed of American Hospitals,Federation of American Hospitals,≤100
1600907069987131,March For Our Lives,March For Our Lives,≤100
115364585711,Lawyers' Committee for Civil Rights Under Law,Lawyers' Committee for Civil Rights Under the Law with Facebook Ad Credits,≤100
67626834312,National Women's Law Center,National Women's Law Center,≤100
101136147910784,Represent Justice,Represent Justice,≤100
100585598043377,Intelligent Investing Tips,Intelligent Investing Resource,≤100
6240652407,Young America's Foundation,YOUNG AMERICA'S FOUNDATION INC,≤100
61265398450,AmeriCorps NCCC,Corporation for National and Community Service,≤100
186538388091065,Operation Sacred Trust,Purpose Built Families Foundation,≤100
1600300510259910,For Our Future Pennsylvania,For Our Future Action Fund,≤100
169130743498585,Tactical Pro Supply,Chad Keller,≤100
100355778430951,By Our Own Bootstraps,Brandon Vu,≤100
782093245218764,Qasim Rashid,RASHID FOR VA,≤100
104170004713256,Elect Black Democrats,THE COLLECTIVE PAC,≤100
856208611420219,Christina Finello,FINELLO FOR CONGRESS,≤100
21834534343,Volunteers of America,"VOLUNTEERS OF AMERICA, INC.",≤100
6500552187,Hulu,"HULU, LLC",≤100
105943157686335,Trust Michigan Families,TRUST MICHIGAN FAMILIES,≤100
2225580284361712,Tommy Tuberville,"TUBERVILLE FOR SENATE, INC.",≤100
19474609238,Mercatus Center at George Mason University,Mercatus Center at George Mason University,≤100
113340130104376,Joanna Bache Tobin for Board of Education District 6,Silas Brandon Denton,≤100
217976018236954,OutKick,Outkick Media LLC,≤100
83290028957,Care Net,CARE NET,≤100
405355946226766,Todd Young,"FRIENDS OF TODD YOUNG, INC.",≤100
905023632893973,Reproaction,Reproaction,≤100
23790541544,Democrats,DCCC,≤100
456244124886097,FactSpread.org,factspread,≤100
209046616332309,Xochitl for Congress,Xochitl for New Mexico,≤100
245284549333866,ASMDSS,ASMDSS,≤100
79125112926,Students for Life of America,"STUDENTS FOR LIFE OF AMERICA, INC.",≤100
6165653060,AFSCME,AMERICAN FEDERATION OF STATE COUNTY & MUNICIPAL EMPLOYEES,≤100
1658135304460341,MANG,MANG,≤100
6333396177,NewsBusters.org,MEDIA RESEARCH CENTER,≤100
111324359048459,Dr. Roger Marshall,KANSANS FOR MARSHALL,≤100
21492729544,Catholic Relief Services,CATHOLIC RELIEF SERVICES - UNITED STATES CONFERENCE OF CATHOLIC BISHOPS,≤100
181924628560212,SumOfUs,SumOfUs,≤100
105995741220700,Patriots United,Le Huu Dong Huynh,≤100
6428288402,Kiva,KIVA MICROFUNDS,≤100
103402638590,United Planning Organization,UNITED PLANNING ORGANIZATION,≤100
317284821682168,Messianic Jewish Alliance of America (MJAA),Messianic Jewish Alliance of America,≤100
19746387261,Humane Society International,Humane Society International,≤100
30079936984,CWS,"CHURCH WORLD SERVICE, INC.",≤100
85273022315,NAMI,NAMI,≤100
1819658374974706,Arena,Arena PAC,≤100
9394693002,Bloomberg LP,Bloomberg LP,≤100
1400722936854943,Friends of Alan Bowser,Alan Steele Bowser,≤100
219247332354785,Phil Arballo for Congress,ARBALLO FOR CONGRESS,≤100
719913581472398,Napoli Shkolnik PLLC,Napoli Law,≤100
183517831660100,Morning Consult,Morning Consult LLC,≤100
145288335882139,Chicago City Wire,Local Government Information Services,≤100
319982881752525,Kara Eastman,EASTMAN FOR CONGRESS,≤100
152264148166020,Moms Clean Air Force,Moms Clean Air Force,≤100
154985541346438,Delegate Brooke Lierman,Brooke Lierman for Delegate,≤100
108506830560787,Jessica Scarane,JESS SCARANE FOR DELAWARE,≤100
1859113087545137,Learn Everywhere,"yes. every kid, Inc.",≤100
541807025833154,Malala Fund,Malala Fund,≤100
186805048171120,U.S. & Texas LawShield,Texas LawShield,≤100
51761261956,The Bill of Rights Institute,"BILL OF RIGHTS INSTITUTE, THE",≤100
102137374563260,Confide in American Pride,John Allen Franson,≤100
2309566456030859,Human Coalition Action,Human Coalition Action,≤100
408250066356,Bill O'Reilly,"Bill Me, Inc.",≤100
34701792581,EWTN,Eternal Word Television Network,≤100
107439427661844,Accountable Tech,Accountable Tech,≤100
195530355493,Chicks On The Right,Chicks on the Right,≤100
46347342434,EMILY's List,EMILY'S LIST,≤100
61288747990,Real Warriors,Real Warriors Campaign,≤100
103368368136687,Citizens for Transparency and Inclusion,Citizens for Transparency and Inclusion,≤100
1667892193505378,Hold the House,HOLD THE HOUSE PAC,≤100
248181906078243,National Institute for Civil Discourse,CommonSense American,≤100
117437204982602,American Wild Horse Campaign,American Wild Horse Campaign,≤100
340393855322,Van Taylor,VAN TAYLOR CAMPAIGN,≤100
2256321067930356,Liberteeclub,libertyteeshop,≤100
350692761610088,Matt Cartwright for U.S. Congress,CARTWRIGHT FOR CONGRESS,≤100
137427899615856,"Central Union Mission, DC",CENTRAL UNION MISSION (INC),≤100
278052172260101,ZERO TO THREE,ZERO TO THREE,≤100
407664862957433,Ammar Campa-Najjar for Congress,AMMAR CAMPA-NAJJAR FOR CONGRESS,≤100
19192438096,AAAS - The American Association for the Advancement of Science,American Association for the Advancement of Science,≤100
110018833813683,Flip the Senate,SMP,≤100
30914589895,The International Fellowship of Christians and Jews,"INTERNATIONAL FELLOWSHIP OF CHRISTIANS & JEWS, INC.",≤100
111248197347176,Protect & Serve PAC,PROTECT AND SERVE PAC,≤100
52563647525,Kyrsten Sinema,SINEMA FOR ARIZONA,≤100
100437321592930,Pink Datas,These ads ran without a disclaimer,≤100
243502949110951,Airport Workers United,SERVICE EMPLOYEES INTERNATIONAL UNION,≤100
221401431386940,Pramila Jayapal,PRAMILA FOR CONGRESS,≤100
259212814698356,Democratic Majority for Israel,Democratic Majority for Israel,≤100
117641114435,First Aid Beauty,First Aid Beauty,≤100
174046949421616,Phenomenal Woman Action Campaign,Phenomenal Woman Action Campaign,≤100
91346559231,Democratic Legislative Campaign Committee - DLCC,Democratic Legislative Campaign Committee,≤100
587871501292093,Delegate Harry Bhandari,Friends of Harry HB Bhandari,≤100
1082522201878539,Gina Ortiz Jones for Congress,GINA ORTIZ JONES FOR CONGRESS,≤100
205395906412,UAW International Union,"INTERNATIONAL UNION, UNITED AUTOMOBILE, AEROSPACE AND AGRICULTURAL IMPLEMENT WORKERS OF AM",≤100
156919911022572,Steven Horsford,NEVADANS FOR STEVEN HORSFORD,≤100
333710103706307,Giffords,GIFFORDS PAC,≤100
1947525322184514,One Fair Wage,One Fair Wage,≤100
467804929927622,Jason Smith,JASON SMITH FOR CONGRESS,≤100
176099072429809,Oceana in Florida,OCEANA,≤100
1977738355807406,Sharice For Congress,SHARICE FOR CONGRESS,≤100
136714166339952,Health In Harmony,Kristen Annette Grauer,≤100
261663760956534,America First Policies,America First Policies Inc,≤100
1438808983108348,BOLD PAC,CHC BOLD PAC,≤100
210820618956311,Community Change Action,Community Change Action,≤100
150681061641282,Tri-State G&T,Tri-State Generation Transmission Association Inc,≤100
255208337943901,Jobs Growth,"JOBS FREEDOM AND SECURITY PAC, Not authorized by any candidate or candidate’s committee.",≤100
587676831343390,Raheem AI,RAHEEM AI,≤100
1741729849281711,Uber & Lyft Sexual Assault Attorneys,Safer America,≤100
110010433804232,Falkirk Center,Falkirk Center,≤100
101724361319410,Ronny Jackson for U.S. Congress TX-13,Texans for Ronny Jackson,≤100
102661701651,South Carolina Small Business Chamber of Commerce,South Carolina Small Business Chamber of Commerce,≤100
533987556776948,Campaign for Sustainable Rx Pricing,Campaign for Sustainable Rx Pricing,≤100
108029674299216,We The People,We The People,≤100
518194348194441,RepresentUs,RepresentUs,≤100
120011306310420,Patriots Helping Others,Jae W Seo,≤100
237477017606,Club for Growth,Club for Growth,≤100
53674651369,Susan B. Anthony List,Susan B. Anthony List,≤100
655065784538368,PredictIt,"PredictIt - Prediction Markets. A project of Victoria University of Wellington, PredictIt has been established to facilitate research into the way markets forecast events.",≤100
70995214846,Business Roundtable,Business Roundtable,≤100
1551109418518461,The Honest Patriot,Amundson Media LLC,≤100
300774350436838,Topplr,Data Genomix,≤100
53727956260,Republican Jewish Coalition,Republican Jewish Coalition,≤100
162493793737,Rick Green,Richard Arlin Green,≤100
107847454354960,Weekly American Lifestyle,Steve San,≤100
123397377677195,"School of International Service, AU","School of International Service, American University",≤100
304058913005378,Senior and Disabled Concerns,Senior & Disabled Concerns,≤100
107531474125229,Lynne4Students,Friends of Lynne Harris,≤100
29770886815,Marijuana Policy Project,Marijuana Policy Project,≤100
41309865723,Democrats.com,DEMOCRATS.COM,≤100
325578590837480,Protect Our Care,Sixteen Thirty Fund,≤100
811733152187744,Freese and Goss - Nationwide Law Firm,Freese and Goss,≤100
221690171353068,Jay Obernolte,Jay Obernolte for Congress,≤100
105872574403318,Project TAMMI,a research grant at The National Center on Addiction and Substance Abuse (CASA),≤100
195620754724,Helping Hand USA,HELPING HAND FOR RELIEF AND DEVELOPMENT INC.,≤100
104504438466,Federal Voting Assistance Program - FVAP,Federal Voting Assistance Program,≤100
151757038879920,Alyse Galvin for Congress 2020,ALYSE FOR ALASKA,≤100
79820371749,Ayanna Pressley,THE SQUAD VICTORY FUND,≤100
112420993589373,Young and Old for America,Andrew Joseph Young,≤100
114885646899438,Mr. 45th,Clush,≤100
2185993931653388,The Recount,"Recount Media, Inc",≤100
179513292162226,American History TV,C-SPAN,≤100
112043050446693,Together for 2020,Left of Center PAC,≤100
128167457221813,Public Transportation,Voices for Public Transit,≤100
166166843531258,National Council of Resistance of Iran - شورای ملی مقاومت ایران,MEK-Iran (Saeid Saadati),≤100
146211696845,University of Pennsylvania Carey Law School,Marin Nicole Smith,≤100
296295018082,AARP en Español,AARP,≤100
360303722260,Kathleen Williams,KATHLEEN WILLIAMS FOR MONTANA,≤100
160513344045084,John Neely Kennedy,"John Kennedy for Us, Inc",≤100
105536127617594,The American Digest,The American Digest,≤100
126694924050678,Xavier Becerra,Becerra for Attorney General 2022,≤100
1852520761657982,4ocean,4ocean,≤100
802271849850801,Freedom for All Americans,Freedom for All Americans,≤100
216709768355686,Dinesh D'Souza,America2020 Film LLC,≤100
1228396643984955,Michelle Steel,Michelle Steel for Congress,≤100
105556894599642,Protecting Rights,Raymond A Guevara,≤100
1204754733024419,People's Power Grab,ACRONYM,≤100
21395843375,Dialysis Patient Citizens,DIALYSIS PATIENT CITIZENS INC,≤100
526163704576977,Keep Judge Patrick Devine,Patrick Joseph Devine,≤100
112492646811151,California Census,CA Census 2020,≤100
1234251319933440,Exclusive Apparel,The Dude's Threads,≤100
110998592305221,Dr. Martens,Dr. Martens AirWair USA LLC,≤100
537534316395916,Students for Trump,Turning Point Action,≤100
182620315479,Plan International USA,Plan International USA,≤100
10498053716,Media Research Center,MEDIA RESEARCH CENTER,≤100
153278754738777,Climate Reality,The Climate Reality Project,≤100
121067011091,Arab American Institute,Arab American Institute with Facebook Ad Credits,≤100
101485931485408,UNITEDemocrats,UNITEDEMOCRATS PAC,≤100
294508332028,Lakota People's Law Project,ROMERO INSTITUTE,≤100
101888608186192,MedicalCommunitynet,Medical Community LLC,≤100
109360297266116,Fearless Patriot,TERESA NONE OHARA-MARSH,≤100
680894095682539,Cowboy Life,"Nine Ranch Enterprises, LLC",≤100
109866370700481,PushBlack Finance,PushBlack,≤100
85620546149,Paul Simon Public Policy Institute,Paul Simon Public Policy Institute,≤100
12692955711,Chronicle of Higher Education,"CHRONICLE OF HIGHER EDUCATION, INC. (THE)",≤100
747783932079184,Jared Golden,COMMITTEE TO ELECT JARED GOLDEN,≤100
922580991129339,People's Mojahedin Organization of Iran - MEK IRAN,MEK-Iran (Saeid Saadati),≤100
106572950040377,Max Rose,MAX ROSE FOR CONGRESS,≤100
104910457974220,Pupper Enthusiasts Unlimited,Seanross Michael Holcomb,≤100
259212814698356,Democratic Majority for Israel,DMFI PAC,≤100
839073729808623,Hillary Scholten,SCHOLTEN FOR CONGRESS,≤100
44340057816,Uncommon Goods,UncommonGoods,≤100
114822686979118,Daily Saver,Smart Market Tips,≤100
245152275619372,FloridaPolitics,Florida Politics,≤100
740266592735787,Free to Be Kids,Free To Be Kids,≤100
105835711208027,The Progressive List,THE PROGRESSIVE LIST,≤100
106245384043438,Tims For Congress,FRIENDS OF DESIREE TIMS,≤100
2146201085498440,Tony Gonzales,Tony Gonzales for Congress,≤100
357750373755,National Domestic Workers Alliance,National Domestic Workers Alliance,≤100
100124595113383,Victor Ashe,"William F. Buckley, Jr. Program",≤100
6422138883,92nd Street Y,92nd Street Y,≤100
950837325113887,Life Money Stuff,Life Money Stuff,≤100
7292655492,MoveOn,MOVEON.ORG CIVIC ACTION,≤100
8446177150,Chosen People Ministries,CHOSEN PEOPLE MINISTRIES INC,≤100
545313338963764,Matt Meyer,Meyer for New Castle County,≤100
527370111384272,My Momala,Adam Kyle Rosen,≤100
357554791340788,Liker,Omar Rivero,≤100
1268410219898273,Tango Tango,Tango Tango Inc,≤100
112735922758892,Charlie Kirk,Charlie Kirk,≤100
369325156488153,Ubuntu Life,Ubuntu Life,≤100
361379030380,Centennial Institute,Centennial Institute,≤100
100506848295759,Made to Fail,Made To Fail,≤100
2049170775107862,Resistance By Design,Resistance By Design,≤100
1452218028331099,Matthew D. Molyett for D1 HoCo BOE,Committee to Elect Matthew Molyett,≤100
272618896537776,America First Agenda,America First Agenda PAC,≤100
8057376739,The Nature Conservancy,Nature Conservancy,≤100
2123425971065747,Sora Schools,Indra Putra Sofian,≤100
341163402640457,NowThis,Group Nine Media,≤100
291102898490822,Giant Maga Hat,Inventors club LLC,≤100
142474049098533,Robert Reich,Inequality Media,≤100
85945492130,EnergyBoom,Energy Boom,≤100
72931140459,Center for Biological Diversity,"CENTER FOR BIOLOGICAL DIVERSITY, INC.",≤100
309993142375589,Joe Kennedy III,KENNEDY FOR MASSACHUSETTS,≤100
90498769709,Edenpure,EdenPURE®,≤100
53674651369,Susan B. Anthony List,Susan B. Anthony List Action PAC,≤100
186932688457686,CHNGE,CHNGE,≤100
115589465160388,Scribner Books,Simon and Schuster,≤100
109947294143213,Republicanstorefront,Republicanstorefront.com,≤100
140877979844,American Gas Association,AMERICAN GAS ASSOCIATION,≤100
15503839732,Peter G. Peterson Foundation,Peter G. Peterson Foundation,≤100
111237577031486,AquiPor Technologies,William Powers,≤100
384557995468219,Viral Casez,Viral Casez,≤100
651280068826683,A Great New Day,Trevor Barribeau,≤100
134452023239984,Human Coalition,Human Coalition,≤100
614134231980299,Veterans Empowered To Protect African Wildlife,VETPAW INC,≤100
106411444514775,Unity in Support,Jae W Seo,≤100
1084856268238034,Trump Talking,Roberto None Lugo,≤100
103912504763714,Freedom and Loyalty,Carlos None Leon Trejo,≤100
330641537286442,Virginia Constitutional Conservatives,Virginia Constitutional Conservatives,≤100
159597424207730,David Perdue,PERDUE FOR SENATE,≤100
103046977892124,Adam Christensen For Congress,ADAM J CHRISTENSEN FOR CONGRESS,≤100
17475614410,Hispanic Federation,Hispanic Federation,≤100
24481937944,Theodore Roosevelt Conservation Partnership,"THEODORE ROOSEVELT CONSERVATION PARTNERSHIP, INC",≤100
514167322309353,Dan Crenshaw,Crenshaw For Congress,≤100
112824416194,United Steelworkers,United Steelworkers,≤100
109678580574253,Politicool Clothing Co.,PolitiCoolClothing.com,≤100
131459315949,CBS News,These ads ran without a disclaimer,≤100
262577294462322,Kettle Freaks,Kettle Freaks LLC.,≤100
497081420632330,Dr. Hiral Tipirneni,HIRAL FOR CONGRESS,≤100
102756811269921,Fellow Americans,Fellow Americans,≤100
7209432197,Chris Coons,CHRIS COONS FOR DELAWARE,≤100
219224241438635,Compassion & Choices,COMPASSION & CHOICES,≤100
32582320449,CMMB,CATHOLIC MEDICAL MISSION BOARD INC,≤100
1438882392887793,ADF Church Alliance,Alliance Defending Freedom,≤100
69039563201,Open Doors USA,"OPEN DOORS WITH BROTHER ANDREW, INC.",≤100
142370046577999,Shahid Buttar for Congress,Shahid Buttar for Congress Committee,≤100
102747281355975,This Is Our Democracy,Julia Carol Peter,≤100
336470580233523,Pins and Aces Golf Co.,US Craft Brands LLC,≤100
58158120046,ACLJ,American Center for Law and Justice,≤100
1449461518652183,4Patriots,4Patriots LLC,≤100
260366367717440,Committee to Protect Medicare,Committee to Protect Medicare,≤100
1014291495249813,Politicon,Politicon,≤100
826460474101920,BitMari,Sinclair Matthew Skinner,≤100
102004961614425,For The Love of Patriots,Trizzie Truong,≤100
103026384819654,How to Vote,ACRONYM,≤100
102825963097158,Every Child Matters,Every Child Matters Education Fund,≤100
1576236875930301,Global Cyber Alliance,Global Cyber Alliance with ad credits,≤100
56332452163,AMA Patients Action Network,American Medical Association,≤100
1809715209318581,Marjorie Taylor Greene for Congress,GREENE FOR CONGRESS,≤100
101481584557260,Help Asheville Bears-HAB,Heather Christina Williams,≤100
537492463326062,WestGame,These ads ran without a disclaimer,≤100
2339203789732156,Kim Mangone for Congress,COMMITTEE TO ELECT KIM MANGONE FOR CONGRESS,≤100
534064333315303,Nova Bucks,Network of Victim Assistance (NOVA),≤100
112488757165613,Blue Line Stockpile,Blueline Stockpile,≤100
1864721517082089,Democratic Attorneys General Association,Democratic Attorneys General Association,≤100
498441453550795,Jean Guerrero,Jean Carolyn Guerrero,≤100
120846146252663,One More Thing,Story Network Foundation,≤100
281312429284144,Tees Distributions,Tees Distributions,≤100
12683623041,Society for Human Resource Management (SHRM),SOCIETY FOR HUMAN RESOURCE MANAGEMENT,≤100
343304506320266,USAGM Association,Adeyemi A. Jimason,≤100
445317815484782,"Democratic Women's Club of Worcester County, MD",Joan Bellet Roache,≤100
112164673854264,Living Patriotically,Living Patriotically,≤100
156994304362574,American Bridge 21st Century,AB PAC,≤100
69983322463,Ted Cruz,TED CRUZ FOR SENATE,≤100
1632568446971453,Boredwalk,Boredwalk,≤100
354851377936744,BookTV,C-SPAN,≤100
711478725532801,Civiqs,Civiqs,≤100
1295279420598401,Victoria Spartz,VICTORIA SPARTZ FOR CONGRESS,≤100
514167322309353,Dan Crenshaw,Dan Crenshaw for Congress,≤100
106687664476106,US Speaking Society,These ads ran without a disclaimer,≤100
105157841248307,No Filter Politics,No Filter Politics,≤100
251632675552663,Rigged: The Voter Suppression Playbook,American Issues Initiative,≤100
278487153675,Redneck Nation Clothing,Tracie Milliron Gold,≤100
814260155318929,The Fairness Project,The Fairness Project,≤100
39432041915,Capital Research Center,CAPITAL RESEARCH CENTER INC,≤100
950998258312654,Knowhere,"Knowhere, Inc.",≤100
1925751504337881,MJ Hegar,MJ FOR TEXAS,≤100
56282222521,Houghton Mifflin Harcourt Trade,Houghton Mifflin Harcourt,≤100
108397184298930,Patriots Defend,Claire Wang,≤100
1784991421516214,Seek Refuge,Seek Refuge,≤100
1629925673968109,Refuse Fascism,Refuse Fascism,≤100
201248453800242,My Pay My Say,Mackinac Center for Public Policy,≤100
113398717117686,Beach Dogs Ltd.,Christopher James Lamos,≤100
114137307071679,31 October,Quyen Sanh Gip,≤100
6170309302,Dick Durbin,FRIENDS OF DICK DURBIN COMMITTEE,≤100
75353945070,Boxed Water Is Better,Boxed Water Is Better,≤100
785936231584382,Paula Jean Swearengin,Paula Jean for West Virginia,≤100
551158678560402,Epimonia,Epimonia LLC,≤100
108838804083071,Etch The Edges,Critical Thinking Minds - DS Brown,≤100
18492769291,Faithful America,Faithful America,≤100
170591064699,Southern Poverty Law Center,"SOUTHERN POVERTY LAW CENTER, INC., THE",≤100
141692255929599,Democratic Socialists of America,DEMOCRATIC SOCIALISTS OF AMERICA INC,≤100
112333396969405,Jim Bognet,Bognet for Congress,≤100
154894841387125,Keep America American,Keep America American,≤100
396875270663,Julian Jones for Baltimore County Council Dist.4,Citizens for Julian Jones,≤100
789546641178807,Brand New Congress,Brand New Congress,≤100
133979276345,Georgia Farm Bureau,"GEORGIA FARM BUREAU FEDERATION, INC.",≤100
2165983337048601,LeverforChange,Lever for Change,≤100
107953199261156,ifaw,"INTERNATIONAL FUND FOR ANIMAL WELFARE, INC.",≤100
107424894413326,Tio Bernie Book,Tio Bernie Book,≤100
281844617168,Jewish Voice Ministries International,JEWISH VOICE MINISTRIES INTERNATIONAL,≤100
141269525933538,Democrats for Education Reform,Education Reform Now Advocacy Inc.,≤100
2295062210811244,Coalition for American Veterans,COALITION FOR AMERICAN VETERANS POLITICAL ACTION COMMITTEE,≤100
121626482110,Operation Smile,"OPERATION SMILE, INC.",≤100
100123544800892,Disme Coin Company,Byron Michael Laughlin,≤100
441381813042465,Boundary Waters Action Fund,Boundary Waters Action Fund,≤100
1802177709900081,The Spectator US,The Spectator US,≤100
680549575421741,UnitedVoice.com,"Beachside Media, Inc.",≤100
49275915266,Marie Stopes International,MSI-US,≤100
143021112391265,Jacobin magazine,Jacobin Foundation,≤100
40973310753,Pathfinder International,Pathfinder International,≤100
1099779163410386,John Barrasso,Friends of John Barrasso,≤100
5887538795,Education Week,Education Week,≤100
362628781134387,Medicines360,"JONES PUBLIC AFFAIRS, INC.",≤100
1863789933891583,Black people who invest in the stock market,These ads ran without a disclaimer,≤100
1497851363851721,QLMS,Quicken Loans Mortgage Services,≤100
242679302418244,Denison Forum,Denison Ministries,≤100
106094077803532,Our National Family,Patrick Le Tran,≤100
117758198297225,Rep. Terri Sewell,Office of U.S. Representative Terri Sewell (AL-07),≤100
41036437395,Macular Degeneration Research,"BRIGHTFOCUS FOUNDATION, INC. A/K/A BRIGHTFOCUS FOUNDATION",≤100
661744180680367,National Police Association,"NATIONAL POLICE ASSOCIATION, INC.",≤100
35715544220,Stand.earth,STAND,≤100
114386721939978,The Made in America Store,Anthony Michael Falbo,≤100
202286639832171,Dr. Robert Jeffress,FIRST BAPTIST CHURCH DALLAS,≤100
106445167434779,Duty and Honor,Duty and Honor,≤100
169440273093442,The Center for Election Science,The Center for Election Science,≤100
11111618026,Union of Concerned Scientists,"UNION OF CONCERNED SCIENTISTS, INC.",≤100
111648480319494,800DEMOCRAT,800DEMOCRAT,≤100
10760692978,World Hope International,World Hope International,≤100
34732466459,Enterprise Community Partners,"ENTERPRISE COMMUNITY PARTNERS, INC.",≤100
531623043662146,Flags of Valor,Flags of Valor,≤100
106203264511020,Washington Changed Katko,DCCC,≤100
113891694102,Energy Citizens,AMERICAN PETROLEUM INSTITUTE,≤100
118178241651488,DSPolitical,"DSPolitical, LLC",≤100
97466887664,Innocence Project,"INNOCENCE PROJECT, INC., THE",≤100
971668776283950,PolicyEd,Hoover Institution,≤100
103801844298982,Team Collins,COLLINS FOR SENATOR,≤100
899370276752607,Lifeboost Coffee,These ads ran without a disclaimer,≤100
664770743730817,Dan Feehan for Congress,FRIENDS OF DAN FEEHAN,≤100
1642386799323957,Angie Craig,ANGIE CRAIG FOR CONGRESS,≤100
229696090508305,American Power and Gas,AMERICAN POWER AND GAS LLC,≤100
1265705333582297,Akilah Bacy for Texas,Akilah Bacy for Texas,≤100
17023576156,The Leadership Conference on Civil and Human Rights,The Leadership Conference on Civil and Human Rights,≤100
110525690698759,Awesome Coffee Recipes,John Phillip Angelo Vergara,≤100
35142679763,Alzheimer's Disease Research,"BRIGHTFOCUS FOUNDATION, INC. A/K/A BRIGHTFOCUS FOUNDATION",≤100
300992409852,Hoover Institution,Hoover Institution,≤100
28144169620,Alliance for Aging Research,Alliance for Aging Research,≤100
105287044367027,ObsessedwithTrump,Donald Lee Rowan,≤100
166738743732702,All Above All Action,All Above All Action Fund,≤100
145022042990911,MEK Iran,MEK-Iran (Saeid Saadati),≤100
1634651343331439,Project Wren,Landon Brand,≤100
5943727453,American Humane,American Humane,≤100
113110137118723,Collectible Currency,Christopher Walter Adams,≤100
338218229911752,Integrity First PAC,INTEGRITY FIRST PAC,≤100
260536047319339,RN Action,American Nurses Association,≤100
23245606841,Hachette Book Group,"Hachette Book Group, Inc.",≤100
198559607605482,Gunnigle 2020,Gunnigle 2020,≤100
717417908274761,Lady Freethinker,Lady Freethinker,≤100
1678492922390061,WorkingNation,WorkingNation,≤100
611111826212672,Be A Patriot,William Mckinley Kremer,≤100
105698674239617,Embed News,Embed News,≤100
243947752771440,TJ Cox for Congress,TJ COX FOR CONGRESS,≤100
169710960125365,Curzio Research,Curzio Research Inc.,≤100
216104159842481,The Volga Vow Project,Sanjeev Chopra,≤100
87186661244,Johns Hopkins Bloomberg School of Public Health,Johns Hopkins Bloomberg School of Public Health,≤100
96159580682,Maine Democratic Party,MAINE DEMOCRATIC PARTY,≤100
111970730196550,World War Zero,AMERICAN SECURITY PROJECT,≤100
17475614410,Hispanic Federation,Paid for by Hispanic Federation with Facebook Ad Credits,≤100
103376804451432,Trending Politics,Making Web LLC,≤100
194115677277113,A21,A21 with Facebook Ad Credits,≤100
214061167976,El Tiempo Latino,Carlos Jose Munoz,≤100
322044193958,Mike Turner for Congress,Citizens for Turner,≤100
1789651861157958,Values To Action,Values to Action,≤100
49059279814,Institute for Justice,INSTITUTE FOR JUSTICE,≤100
256541998141424,Justice Forward Virginia,Justice Forward Virginia PAC,≤100
104012084703106,One People United PAC,One People United,≤100
548407915183371,Liz Cheney,Liz Cheney for Wyoming,≤100
312208869424760,Field Team 6,Cory Cambridge Alpert,≤100
1425435377743310,Conversations with Bill Kristol,The Foundation for Constitutional Government,≤100
2133130356918764,Common Justice,COMMON JUSTICE INC,≤100
434224137354568,Dr. Rich McCormick for Congress,Friends of McCormick,≤100
207549645977714,Families Belong Together,Families Belong Together,≤100
28446275521,Military Officers Association of America (MOAA),Military Officers Association of America,≤100
287568124699578,We Dream In Black - National Domestic Workers Alliance,National Domestic Workers Alliance,≤100
931907200310657,Patients Rising Now,Patients Rising Now Inc,≤100
134597023235240,Rashida Tlaib,THE SQUAD VICTORY FUND,≤100
192771954102960,Jordan Sekulow,American Center for Law and Justice,≤100
151525932186806,When Democrats Turn Out,WHEN DEMOCRATS TURN OUT PAC,≤100
174754989846475,NewDem Action Fund,New Democrat Coalition Action Fund,≤100
1833879943496521,Spread The Vote,Spread the Vote,≤100
171287339973880,LCV Victory Fund,"LCV Victory Fund, 202-785-8683, and not authorized by any candidate or candidate’s committee",≤100
896759427103774,Modern Medicaid Alliance,Modern Medicaid Alliance,≤100
36634376117,HarperKids Books,HARPERCOLLINS PUBLISHERS LLC,≤100
394817334402124,2020 Trump Bill,Innovative Ecomm LLC,≤100
32724694233,Howard Brown Health,Howard Brown Health,≤100
10897453188,Operation Mobilization - OM USA,"OPERATION MOBILIZATION USA, INC.",≤100
68693168571,Jewish Federations of North America,Jewish Federations of North America,≤100
106333028376,"Nichols Kaster, PLLP",Nichols Kaster PLLP,≤100
315151565831,Ascension,Ascension Press,≤100
1488803804538481,Mike Siegel,MIKE SIEGEL FOR CONGRESS,≤100
819607471729183,Dr. Al Gross for US Senate,DR. AL GROSS FOR U.S. SENATE,≤100
313097997669,StreetLightUSA,StreetLightUSA,≤100
108152933883451,TrumpTrendz,Troy Lorenzo Davis,≤100
468906559794011,LaunchGood,LaunchGood Inc.,≤100
176466646087311,DC Fawcett,VREIC,≤100
1515996888626831,Nexus-Woodbourne Family Healing,NEXUS,≤100
868405419972384,The Outrage,The Outrage,≤100
357844454633380,Dan Whitfield for Senate 2020,DANWHITCONGRESS,≤100
102522874781212,The Gift Pros,CHRZSZ6BPBER JOHN HOUGHTON,≤100
566008736785269,Be Heard Project,Be Heard Project,≤100
160630887998827,Let Them Live,Let Them Live,≤100
327202261326682,Stephanie Bice,Bice for Congress,≤100
9739634228,The Political Machine,"Hitcents.com, Inc",≤100
170458177029365,Delegate Heather Bagnall,Citizens For Heather Bagnall,≤100
144176402370987,Karamu House,KARAMU HOUSE INC,≤100
167473433290992,Inequality.org,Institute for Policy Studies,≤100
420424547981908,In Search of Liberty,Scott Dennis Welch,≤100
243399129090445,Christina Hale,HOOSIERS FOR HALE,≤100
1311291038982513,2A Gear,Teecreations LLC,≤100
110891467375018,Kinda Christian Show,Kinda Christian Show,≤100
340153562850578,Tim Tebow,TIM TEBOW FOUNDATION,≤100
237697300232030,Michael Unbroken,Think Unroken LLC,≤100
192013990902459,Roy Cooper,Cooper For North Carolina,≤100
125319303823,Champlain College,Champlain College Incorporated,≤100
13187955196,Young Americans for Liberty,Young Americans for Liberty,≤100
103656848047337,Harry Clark for Manassas,Harry Clark for Manassas,≤100
135002490472474,Conor Lamb,CONOR LAMB FOR CONGRESS,≤100
114386721939978,The Made in America Store,Made In America Store,≤100
108433238844,Cweb,CWEB Inc.,≤100
1402827079932843,Low Income Relief,The Lighthouse Information Network LLC,≤100
181467702005600,Mark Warner VA,FRIENDS OF MARK WARNER,≤100
879080068773526,One City Schools,Michael Steven Caire,≤100
108650400954148,Stopping Socialism TV,The Heartland Institute,≤100
1640970822834351,Plaine Products,Plaine Products,≤100
372799605421,DeSmog,DeSmog,≤100
129181937109516,CFT - California Federation of Teachers,CALIFORNIA FEDERATION OF TEACHERS,≤100
144850842237429,Independentvoting.org,Independent Voting (IndependentVoting.org),≤100
102352021282055,Friends of Sezin Palmer,Friends of Sezin Palmer,≤100
223055747744143,Beto O'Rourke,Powered By People,≤100
7822408815,Jane Nelson,Friends of Senator Jane Nelson,≤100
345946329411380,Petal Soap,Jason Paul Domangue,≤100
105455840860559,EagleRealm LLC,Eagle Realm,≤100
260754507296508,The Voter Participation Center,Voter Participation Center,≤100
102846434825096,Beat Abbott,Beat Abbott PAC,≤100
9316648525,The Chicago School of Professional Psychology,TCS Education System,≤100
168452723312821,Chisholm Chisholm & Kilpatrick LTD,Chisholm Chisholm & Kilpatrick LTD,≤100
289213691238937,Thrasher Coffee,Thrasher Coffee Co.,≤100
70090474914,American Farmland Trust,"AMERICAN FARMLAND TRUST, INC",≤100
1437989106414271,League of Women Voters of Montgomery County Maryland,LEAGUE OF  WOMEN VOTERS MONTGOMERY COUNTY INC,≤100
1229789977123022,Debbie Lesko for Congress,DEBBIE LESKO FOR CONGRESS,≤100
175149559508478,TreeDiaper,Zynnovation LLC,≤100
111597310595312,Enough Already 2020,Enough Already,≤100
100787471467527,Knowyourvote,Knowyourvote,≤100
29775770058,PATH,PATH,≤100
114971076538782,The Keystone,"Courier Newsroom, Inc.",≤100
124530924015,Hank Gilbert,HANK GILBERT FOR CONGRESS,≤100
1517919588502283,Christy Smith for Congress,CHRISTY SMITH FOR CONGRESS,≤100
1413682351987764,Andy Kim for Congress,ANDY KIM FOR CONGRESS,≤100
1536587453277219,Dr. Steve Turley,Turley Talks LLC,≤100
7219151423,The Fund for American Studies (TFAS),The Fund for American Studies,≤100
165734163437699,"Little, Brown and Company","Hachette Book Group, Inc.",≤100
274975862998213,Profs and Pints,Profs and Pints,≤100
101174331629641,Ring The Alarm,RingTheAlarm.US,≤100
1476342155924546,Big Rig Threads,Big Rig T-Shirts and Decals LLC,≤100
102641321233918,Stop Maduro,Humano y Libre,≤100
303374266418976,AFPM,American Fuel & Petrochemical Manufacturers,≤100
7735858972,Humane Society Legislative Fund,Humane Society Legislative Fund,≤100
111892670610842,Political AF,wowengraving,≤100
375760676281438,Mermaid Straw,Mermaid Straw,≤100
333081284065216,Brynne Kennedy for Congress,BRYNNE KENNEDY FOR CONGRESS,≤100
114959470308415,Americans Uniting,Grant Alan Johnston,≤100
27544763621,Prison Fellowship,Brandon Anders Larsen,≤100
196731290352711,MDWCOMM,MDW Communications LLC,≤100
116546288359245,Heritage Action for America,HERITAGE ACTION FOR AMERICA,≤100
646594582623475,Republican Nations,wowengraving,≤100
108512875350,The Atlas Society,The Atlas Society,≤100
59543893235,National Constitution Center,National Constitution Center,≤100
100645541728080,Blue America Project,BLUE AMERICA PROJECT,≤100
318576225387055,Be Woke.Vote,Darrick Robert Angelone,≤100
102527004893192,The National Standard,Howard Stephan Barbanel,≤100
102139218008846,King Nation Apparel,King Nation Apparel,≤100
102478528086004,Reading On the Left,St. Martin's Press,≤100
497348647140658,Point Source Youth,Point Source Youth,≤100
51949171587,Cross International,"CROSS INTERNATIONAL, INC.",≤100
149366465128820,Nicole Galloway,Nicole Galloway for Missouri,≤100
111586150622579,Kanye West 2020 Merch,James Michael Price,≤100
17801244148,Jill Schupp,SCHUPP FOR CONGRESS,≤100
106949844346620,Trumpian Republicans,Gregory Lawrence Burright,≤100
106106443174,My Fingers Fly,My Fingers Fly,≤100
301228420816284,Teresa Leger Fernandez,TERESA FOR ALL,≤100
142432192446984,David Horowitz Freedom Center,David Horowitz Freedom Center,≤100
6851405967,CREDO Mobile,"CREDO MOBILE, INC.",≤100
1424655311129385,Proud Pour,Proud Pour,≤100
113553048669158,Rick Scott,TEAM RICK SCOTT,≤100
110584643688268,Chander 2020,Balchander Jayaraman,≤100
201172843320667,Maryland Association of Counties,Maryland Association of Counties,≤100
162244692732,Brennan Center for Justice at NYU Law,William J Brennan Jr Center for Justice Inc,≤100
123624513983,The Western Journal,The Western Journal,≤100
2259323457517498,Abolish the Electoral College,ABOLISH THE ELECTORAL COLLEGE,≤100
234628203317767,Made for Freedom,Made for Freedom,≤100
73970658023,International Rescue Committee,International Rescue Committee,≤100
100699775058659,Education Now NC,Education Now,≤100
243510442756370,Justice Democrats,JUSTICE DEMOCRATS PAC,≤100
1452551204988299,GoReact,Speakworks Inc,≤100
105293274456590,Yale Forward,The Boarding School Inc,≤100
104168777735273,Alley For Justice,Justice Jeff Alley Campaign in compliance with the voluntary limits of the Judicial Campaign Fairness Act.,≤100
161356730701227,Amanda Stuck,Amanda Stuck for Congress,≤100
103983379801,Texas Democratic Party,Texas Democratic Party,≤100
1869687273277265,Run for Something,Run For Something PAC,≤100
21647204289,Michigan Education Association,Michigan Education Association,≤100
1399736660066130,Jews for a Secular Democracy,Society for Humanistic Judaism,≤100
85569513068,International Planned Parenthood Federation/Western Hemisphere Region,International Planned Parenthood Federation/Western Hemisphere Region,≤100
107756450629760,Todd Rowley 2020,TODD ROWLEY FOR CONGRESS,≤100
392524473904,Erie Insurance,ERIE INDEMNITY COMPANY,≤100
1937171279661046,Margaret Good,MARGARET GOOD FOR CONGRESS,≤100
1747132688647028,Democratic Association of Secretaries of State,Democratic Association of Secretaries of State,≤100
111581113532778,Yes on 2: Ranked Choice Voting,Ranked Choice Voting 2020 Committee,≤100
317667194946264,Ro Khanna,RO FOR CONGRESS INC,≤100
103218576421422,GirlTrek: Healthy Black Women and Girls,GirlTrek,≤100
102683071542633,G.G.'s Shoppe,Grace Hopkins Beard,≤100
248262725706461,Power The Future,Power The Future Inc,≤100
605465949605330,Jesus for New York,Friends of Jesus Gonzalez,≤100
108794587327155,Good Programs 2020,Trevor Dale Seaks,≤100
682990071843813,Center for the Study of Liberty,Center for the Study of Liberty,≤100
101164484986617,To Be Frank Show,Real News PR,≤100
202600839762879,I Am Pro-Life,Focus on the Family,≤100
359434355433,Black Facts Online,Dale Anthony Dowdie,≤100
103222211467991,Sourcestream,SourceStream,≤100
808450969246896,"Rebecca Walser, Tax Attorney, CFP",Walser Wealth Management,≤100
129523843754764,Vote Smart,PROJECT VOTE SMART,≤100
227653210738154,"Mothers Against Police Brutality, Inc.",MOTHERS AGAINST POLICE BRUTALITY,≤100
153309775026,SnapStream,SnapStream Media,≤100
525171637666780,Sandy Piña California Delegate,RCR,≤100
346937065399354,Occupy Democrats,Omar Rivero,≤100
358930818155832,Ava Blaze Apparel Co.,Antoinette Kathleen Adkins,≤100
473191156175163,EDF Action,Environmental Defense Action Fund,≤100
106469237841757,Biden & Commala 2020,Kevin Lee Mendel,≤100
123963360928,SiriusXM,SIRIUS XM RADIO INC.,≤100
32975139631,If Americans Knew,If Americans Knew,≤100
36872302227,Cory Booker,Cory Booker for Senate,≤100
104519591175701,Jes and Reid,Jessica Marie Richardson,≤100
2462191704005828,Rainey Center,The Joseph Rainey Center for Public Policy,≤100
312657362217994,Women's Heart Alliance,Women's Heart Alliance,≤100
231154884924705,AboutTrump.org - and Biden,A MARK FOUNDATION,≤100
102579318191600,No Justice No Peace,NO JUSTICE NO PEACE PAC,≤100
309798029121030,Everytown for Gun Safety,EVERYTOWN FOR GUN SAFETY VICTORY FUND,≤100
109843734118639,Spoofed Apparel,Spoofed Apparel Co.,≤100
107107693152888,Anthropocene Alliance,ANTHROPOCENE ALLIANCE,≤100
785996468249945,Bite Toothpaste Bits,These ads ran without a disclaimer,≤100
546066468753446,Black Health Matters,BLACK HEALTH MATTERS FOUNDATION INC,≤100
706716899745696,Women for Trump,TRUMP MAKE AMERICA GREAT AGAIN COMMITTEE,≤100
138141366212571,Gravis Marketing,GRAVIS MARKETING INC.,≤100
2288029254769681,Jessica Garvin for Oklahoma Senate,Jessica Garvin for State Senate 2020,≤100
334748476594191,Rodney Davis,Rodney for Congress,≤100
241247646424302,Jahana Hayes,FRIENDS OF JAHANA HAYES,≤100
399067003454888,Sudan Relief Fund,Sudan Relief Fund Inc,≤100
72565633140,Soles4Souls,"SOLES4SOULS, INC.",≤100
124626320898336,Catholic Extension,"CATHOLIC CHURCH EXTENSION SOCIETY OF THE UNITED STATES OF AMERICA, THE",≤100
110316697328742,People of Seniors Housing,People of Seniors Housing,≤100
102729624670835,MinuteStats,Minute Stats,≤100
169277310432049,"Texas Precision Optics, Inc.",Texas Precision Optics Inc,≤100
206052849902620,Intermountain Immigration,"Intermountain Immigration, LLC",≤100
100401327980848,National Parents Union,National Parents Union,≤100
1463195153693785,Citizens for a Pro-Business Delaware,Citizens for a Pro-Business Delaware,≤100
102671331487937,I Love My Freedom Store,I Love My Freedom,≤100
282404394803,DC Fiscal Policy Institute,DC Fiscal Policy Institute,≤100
189136045151081,Face the Music,Face The Music Collective,≤100
110828620426941,Roger Polack for Congress,ROGER FOR WISCONSIN,≤100
144359178921200,Majic 102.3/92.7,Brian Douglas Hartz,≤100
102336501236330,Alliance for an Affordable DC,The American Beverage Association. Brought to you by the Alliance for an Affordable DC.,≤100
219457576170706,Patriotic Volunteers,Harrison T Chung,≤100
103851564652,Waterkeeper Alliance,WATERKEEPER ALLIANCE INC,≤100
168109446538119,St. Martin's Press,Macmillan Publishing,≤100
487571108071357,North Carolina Coalition for Fiscal Health,North Carolina Coalition for Fiscal Health,≤100
433447875270,ErinCondren.com,These ads ran without a disclaimer,≤100
107953010886875,20Train.com,GEEG LLC,≤100
231354176962252,Social Work Helper,"Social Work Helper, PBC",≤100
273023971533,Dennis Bonnen,Dennis Bonnen Campaign,≤100
12185972707,350.org,350.org,≤100
374848446414965,Pollking,Benjamin Aaron Perlman,≤100
830890360316751,Nick Hanauer,Civic Action,≤100
45954849475,Food Bank of Delaware,"FOOD BANK OF DELAWARE, INC.",≤100
521924961194913,Bruce Westerman,Westerman for Congress,≤100
68425839132,AARP Maryland,AARP,≤100
2040270322863853,Tina Smith,TINA SMITH FOR MINNESOTA,≤100
2477925168899669,The Renew Democracy Initiative,"The Renew Democracy Initiative, Inc",≤100
1691667177798461,Brut,Brut,≤100
1508257779494159,Deborah Ross,DEBORAH ROSS FOR CONGRESS,≤100
102180301437619,2020 American Defense Fund,C3 PAC,≤100
260366367717440,Committee to Protect Medicare,Committee to Protect Medicare PAC,≤100
109200595768753,The Christian Left,The Christian Left,≤100
271113386295157,The Equity Project (TEP) Charter School,"EQUITY PROJECT CHARTER SCHOOL, THE",≤100
156097994412618,Empowering Change,Empowering Change,≤100
102413723172970,Nick Adams,Nick Adams,≤100
262941177855669,The race brand.,The Race Brand,≤100
657708380952174,Voices of the Civil Rights Movement,Comcast,≤100
15041226930,Oxfam,"OXFAM AMERICA, INC.",≤100
24470472733,The Trevor Project,The Trevor Project,≤100
59254639983,Boston Medical Center,BOSTON MEDICAL CENTER,≤100
2406972266252679,BloombergLaw,"BUREAU OF NATIONAL AFFAIRS, INC., THE",≤100
1708467695859543,Veteran Transition Mission,Sonia Ivelisse Barriera Ayala,≤100
455147011996099,The Ann and Phelim Scoop,The Unreported Story Society,≤100
607626319739286,Black Voices for Trump,TRUMP MAKE AMERICA GREAT AGAIN COMMITTEE,≤100
179909895355213,AIDS United,AIDS UNITED,≤100
109729897041138,David Richter,David Richter for Congress Inc,≤100
107665644228467,Conservative Journal Review,Conservative Journal Review LLC,≤100
121750354532995,Yale Program on Climate Change Communication,Yale Program on Climate Change Communication,≤100
1653885501501009,Propeller,Propeller Enterprises,≤100
355223168416491,Alex Morse for Congress,ALEX MORSE FOR CONGRESS,≤100
244798719959050,We Are Patriots,Catherine Sue Mantooth,≤100
110588273989071,Joe's Joe,Joes Joe LLC,≤100
33860907121,FunTimes Magazine,"FUNTIMES MAGAZINE, LLC",≤100
100685395080816,The Hate Hate Brand,Hate Hate Brand,≤100
1614345772179172,Greg Gianforte,Greg for Montana,≤100
1050474972008396,Bryan Berghoef for Congress,BRYAN BERGHOEF FOR CONGRESS,≤100
147882195352934,Delegate Mike McKay,Delegate Mike McKay,≤100
2176472882580975,Crusader Outlet,Crusader Marketing,≤100
5633824547,FreedomWorks,"FREEDOMWORKS, INC.",≤100
375301089246439,Thom Tillis,THOM TILLIS COMMITTEE,≤100
264732694387733,She's All That Shop,She's All That,≤100
38234604057,PEN America,PEN AMERICAN CENTER INC,≤100
1328521163825142,Fortune Hill Group,Scott Elliott Comer,≤100
6315243665,Faith in Public Life,"FAITH IN PUBLIC LIFE, INC.",≤100
1683659714985244,Phil Ehr,EHR FOR CONGRESS,≤100
308353252483,Kristi Noem,Kristi for Governor,≤100
103131054573692,Crawfordology,Crawfordology,≤100
104881317722736,Get-It-Out,Matthew Justin Viles,≤100
202531447982,Jimmy Chin,Protect Our Winters,≤100
976589385686285,Raúl Torrez,Raúl Torrez for NM,≤100
21935371894,Metro United Way,"METRO UNITED WAY, INC.",≤100
18983389920,Open Society Foundations,Open Society Foundations,≤100
412739549455010,Karena Reiter,PrimaDonna Reeds,≤100
322047585353961,Carbon Down,Carbon Down,≤100
130945114804,World Jewish Congress,WORLD JEWISH CONGRESS AMERICAN SECTION INC,≤100
546497545399440,ASEC - African Sisters Education Collaborative,African Sisters Education Collaborative (ASEC),≤100
228025664576921,Boss Betty News,Boss Betty Publishing LLC,≤100
342294162453301,Planned Parenthood,These ads ran without a disclaimer,≤100
329418020548,Cardozo School of Law,Cardozo School of Law,≤100
111277640428691,President Donald J. Trump 2020,Trump Collections,≤100
184122871609550,Prince George's County Memorial Library System,Nicholas Alexander Brown,≤100
103022784417075,NOW,NOW Company,≤100
1375618656016062,Deb Haaland for Congress,DEB HAALAND FOR CONGRESS,≤100
645923972717669,Tank Hill Crew,Conroy Tanzer Photographic,≤100
55549065733,Voto Latino,VOTO LATINO INC.,≤100
973744915977481,Concerted Action,Blue Bulldog Digital inc.,≤100
102964924453030,Kristy Gnibus,KRISTY FOR CONGRESS,≤100
317894938412949,Suntory,Suntory Holdings Limited,≤100
1274746369267915,Le Lion,Le Lion LLC,≤100
214002058736436,Unite America,UNITE AMERICA,≤100
987698164585861,Citizen Ed,Citizen Education,≤100
2350631784978320,Michigan Families Matter,Michigan Democratic State Central Committee,≤100
206743952696198,Lower My Bills,"LMB OpCo, LLC",≤100
345751305447288,Daugherty Water for Food Global Institute,Daugherty Water for Food Global Institute,≤100
1370474066365196,F1RST WARRIOR,First Warrior,≤100
196932257010820,Zion's Greek and Apparel Boutique,Katrice Yvette Smith,≤100
116097500086,Samuel Chu,Samuel Muk Man Chu,≤100
1272534336242476,World101,Council on Foreign Relations,≤100
140050619898393,The Archive,Open Road Integrated Media Inc.,≤100
276708266084189,Ray Dalio,"Principles, LLC",≤100
391872261636792,2020unity,"ForFact LLC, DBA 2020unity",≤100
416913748508616,We Welcome Refugees,We Welcome Refugees,≤100
1679521432262834,Physicians Grassroots Network,American Medical Association,≤100
80668957414,GoSili,SiliKids Inc.,≤100
165566613453452,ERLC,ETHICS AND RELIGIOUS LIBERTY COMMISSION OF THE SOUTHERN BAPTIST,≤100
47712360678,Jobs With Justice,Jobs With Justice,≤100
100901094851044,Unity United,"PRESIDENTIAL DESIGNS, LLC.",≤100
429651323843750,Verizon Wireless Workers Rising,"COMMUNICATIONS WORKERS OF AMERICA, AFL-CIO, CLC",≤100
788979264777861,Daily Rap Up Crew 18,These ads ran without a disclaimer,≤100
221890358218748,Til Valhalla Project,Til Valhalla Project,≤100
2109637279297531,The Bad Seed,Adam Kidron,≤100
171651620209487,Brady PAC,Brady Pac,≤100
44224524016,American Kidney Fund,"AMERICAN KIDNEY FUND, INC.",≤100
1533695766904443,Trainwreck,Trainwreck,≤100
103531607822207,Noticias para Inmigrantes,"Wise Rock Media, PBC",≤100
102959799834968,Diane Mitsch Bush for Colorado,DIANE FOR COLORADO CD3,≤100
58709265392,Americans United for Separation of Church and State,AMERICANS UNITED FOR SEPARATION OF CHURCH & STATE,≤100
1051845434854276,John David Smith for Mayor,Friends of John David Smith,≤100
898651906923421,"Devils Music, Holy Rollers and Hillbillies: How America Gave Birth to Rock",James Cosby,≤100
2212066245574161,Sarah Huckabee Sanders,St. Martin's Press,≤100
130110347120598,Amigos Internacionales,AMIGOS INTERNACIONALES CORPORATION,≤100
473956976508778,The Slowdown,Slowdown Media,≤100
227535924071462,Animal Petitions,AnimalPetitions.org,≤100
723113964421686,Justice for Christian Griggs,Dollie Sturdivant Griggs,≤100
106756327769815,Stand For The Promise,Stand For The Promise,≤100
349068689306,Tim Scott,TIM SCOTT FOR SENATE,≤100
1063951390472034,Team JJ USA,TEAM JJ USA,≤100
133316366682233,Kind to Kids Foundation,Caroline M Jones,≤100
819942484773775,Tax Sale Blueprint,These ads ran without a disclaimer,≤100
278703415666824,Jeremy Jones,Protect Our Winters,≤100
209379712992137,David Sink For NC Senate 8,David Sink for NC State Senate,≤100
1675630946095534,Franciscan Missions,Franciscan Missions,≤100
235667486509987,U.S. Vote Foundation,U.S. VOTE FOUNDATION,≤100
1555039491394668,Conservation Minnesota Voter Center,CM Voter Center,≤100
127216280686110,Ann Wagner,Ann Wagner for Congress,≤100
306591716448427,Cindy Axne,CINDY AXNE FOR CONGRESS,≤100
458928061510318,Rita Hart for Iowa,RITA HART FOR IOWA,≤100
114937555342547,Seth Abramson,Macmillan Publishing,≤100
350784278974539,Turning Point Action,Turning Point Action,≤100
242960515598,Military Spouse,Victory Media DBA Military Spouse,≤100
103769001367830,Iparitygift go,These ads ran without a disclaimer,≤100
112388493820536,Patriots United For America,Patriots United For America,≤100
1018914308173454,FStop Foundation,"FSTOP FOUNDATION INC, THE",≤100
11911627997,Pancreatic Cancer Action Network,"PANCREATIC CANCER ACTION NETWORK, INC.",≤100
109915620606066,Franca Muller Paz,Franca Muller Paz for the People,≤100
243498882520314,FoodFinder,"FOODFINDER, INC.",≤100
282728185140429,Rep For Vets,The Rep For Vets,≤100
173766563174642,One Door Studios,Stephen Philip Wollwerth,≤100
54462167997,Loudoun County Government,Loudoun County Government,≤100
472938276849222,Heroes For Healthcare,"Center for Popular Democracy, INC.",≤100
657343731290262,American Freedom Fighter,American Freedom Fighter,≤100
109104833758307,CannedGood,CannedGood,≤100
5970424893,MIT Press,MIT Press,≤100
171524666565192,Dave Stauffer for Governor,David Stauffer,≤100
363741920768563,RTBiQ Political,RTBiQ Political,≤100
65677122035,Allegany County Library System,These ads ran without a disclaimer,≤100
150322194563,PASA Primates: Pan African Sanctuary Alliance,PAN AFRICAN SANCTUARIES ALLIANCE,≤100
160418807408255,TargetSmart,TargetSmart Communications,≤100
111361091313,NICABM,"Theoria Associates for Health Education, Inc.",≤100
245741028804051,Barbara Sinatra Center,Barbara Sinatra Children's Center,≤100
647003022577166,Made Ya Look BLM,Made Ya Look BLM,≤100
22426379899,Workman Publishing,WORKMAN PUBLISHING CO. INC.,≤100
260131294484,Bethesda Lutheran Communities,Bethesda Lutheran Communities,≤100
30792325085,Bipartisan Policy Center,"BIPARTISAN POLICY CENTER, INC.",≤100
7100914121,American Experience | PBS,WGBH EDUCATIONAL FOUNDATION,≤100
1486349431622271,Progressive Citizen X/The Matt McNeil Show,Matthew Alan Mc Neil,≤100
1800072483402009,African Community & Conservation Foundation,African Community & Conservation Foundation,≤100
232264683462806,"Arc Manor, LLC",ARC MANOR LLC,≤100
2017884721848472,Bokeki,Kimbereley Iris Goldstein,≤100
262905633727,Los Angeles Mission,"Los Angeles Mission, Inc.",≤100
128716440866482,Adam Milstein,Adam Milstein,≤100
1608486456083217,Hoochi Coochi,Color Light + Sound,≤100
25121889784,Texas Public Policy Foundation,Texas Public Policy Foundation,≤100
101176014673943,Michelle for Kansas,MICHELLE FOR KANSAS,≤100
103526514708833,Lou Gargiulo for NH State Senate District 24,Friends of Lou Gargiulo PAC,≤100
46508415624,Scott Taylor,Scott Taylor for Congress 2020,≤100
653446288035243,Edward B. Goehring,Edward B. Goehring,≤100
1354622541311687,Dr. Kim Schrier,DR KIM SCHRIER FOR CONGRESS,≤100
1698784143548041,Racism Is Lame,Racism Is Lame LLC,≤100
111550550550458,BARK for BIDEN,BARK for BIDEN,≤100
263210730984251,We Are Great Again Pac,WE ARE GREAT AGAIN PAC,≤100
113644103666790,America First,TruthLion,≤100
70531357576,Freedom Forum,"FREEDOM FORUM INC, THE",≤100
486324651440186,Plastic Bank,Erin Lillian Rand,≤100
234565267058051,Anthony Brindisi For Congress,BRINDISI FOR CONGRESS,≤100
162695894106234,Co-ops Vote,National Rural Electric Cooperative Association,≤100
1205124206245013,Movement for a People's Party,People for a Working Democracy,≤100
506680536015406,HumanProgress.org,"CATO INSTITUTE, INC.",≤100
1397799040234106,OpinionUP,OpinionUP LLC,≤100
1456310534453054,Veteran Loans Online,"LMB OpCo, LLC",≤100
2007361039550045,"Free, Fair, and Accountable Democracy","CENTER FOR FREE, FAIR, AND ACCOUNTABLE DEMOCRACY, INC.",≤100
1628679613829742,Josh Hicks,Josh Hicks for Congress,≤100
13909525938,PAAIA,PAAIA,≤100
110502340695786,360 Collective,360 Collective,≤100
1862142560544227,Green Estate Goods,Green Estate Goods LLC,≤100
78420171887,Sailors for the Sea,SAILORS FOR THE SEAINC,≤100
7148723514,Sundance Film Festival,SUNDANCE INSTITUTE,≤100
111023584012681,Open Road Homeward,Samantha Lyn Weldon,≤100
1612726335627171,We the Internet TV,We the Internet TV,≤100
110309607045916,Lisa Scheller,"Scheller for Congress, Inc.",≤100
653076538223048,Pennsylvania Firearms Association,Pennsylvania Firearms Association,≤100
108862184052039,ROMTech,"ROM Technologies, Inc.",≤100
1059320777468378,David Kustoff,Kustoff for Congress,≤100
202200909969136,Diane Dixon,Dixon for Assembly 2020,≤100
615935445223906,Jim Marchant,MARCHANT FOR CONGRESS,≤100
108906707265489,USA Pooch,"PRESIDENTIAL POOCH, INC",≤100
112552187080266,Protecting Every Future,American Council of Life Insurers,≤100
47710973068,Cooperative Action Network,National Rural Electric Cooperatives Association,≤100
114301413446447,Kennebunkport Climate Initiative,Kennebunkport Climate Initiative,≤100
103341131486608,Anti Racist Social,Salman Ahmed Elmi,≤100
104602514593537,A New Voice for Justice,"The Committees to Elect Ned Fuller For NM Supreme Court, Kerry Morris For NM Supreme Court, B Johnson Judge - Ct App & Lee For NMCA",≤100
54740222845,Houston Style Magazine,Francis Jr Page,≤100
103646064618386,The Judge Show - James Judge,James Patrick Judge Jr.,≤100
336848256815114,Eyeless on Campus,James C. L'Angelle,≤100
2110554565703964,Eric Morrison for State Representative,Friends of Eric Morrison,≤100
124939484209078,Langevin for Congress,LANGEVIN FOR CONGRESS,≤100
158605298258235,"Dr. Michele Guyton, MD State House of Delegates District 42B",Micheelet Sheri Jenkins Guyton,≤100
497741237272262,Susan Wild for Congress,Susan Wild for Congress,≤100
247432468622391,Washington State Democratic Party,WASHINGTON STATE DEMOCRATIC CENTRAL COMMITTEE,≤100
1596671280578981,Schools & Communities First,Schools and Communities First,≤100
109709397469494,Dignity Unbound,Dignity Unbound,≤100
107022520885752,Kathryn Hubley for Register of Probate,Committee to Elect Kathryn Hubley,≤100
101352851565699,Somos PAC,SOMOS PAC,≤100
13885075114,Action Against Hunger USA,ACTION AGAINST HUNGER - USA,≤100
101719608083889,Mike Purzycki,People for Purzycki,≤100
702582586516561,CBN Israel,"The Christian Broadcasting Network, Inc.",≤100
103877744493195,Briit Botanicals,Briit Botanicals,≤100
113310617054164,Trump Baseball Bats,Trump Baseball Bats,≤100
107710887461480,Yes on 109,PSI 2020,≤100
577214555786847,Lessons from Military History,Hoover Institution,≤100
170918006892,G.I. Jobs,Victory Media DBA GI Jobs,≤100
121033149320,American Indian College Fund,"AMERICAN INDIAN COLLEGE FUND, THE",≤100
106140571085743,Natalia For Congress,NATALIA LINOS FOR CONGRESS,≤100
339432396135584,The Exodus Road,EXODUS ROAD INC,≤100
1436428353267835,Greenbrier County Democratic Women's Club,Sarah Zadek Umberger,≤100
211049239087028,Association of Young Americans,Benjamin J Brown,≤100
115403471809909,Plastic Oceans,PLASTIC OCEANS INTERNATIONAL,≤100
182079698493370,Portside,Portside,≤100
700941689954518,Defend Our Future,Defend Our Future,≤100
1962432260715827,Kindhumans,Kindhumans,≤100
87199812705,Advocates for Youth,ADVOCATES FOR YOUTH INC,≤100
105188847940993,Red America Store,Red America Store,≤100
234621494446654,We Can’t Trust Nancy Mace,DCCC,≤100
153477354680659,Fair World Project,Fair World Project,≤100
105425681281873,The Way to Liberty,Christopher Allen Supek,≤100
107069817453712,Pontuni,Pontuni,≤100
116238930177726,Artsiful,Brad Aaron Shaw,≤100
102315041409283,Horses in our Hands,In our Hands Action Fund,≤100
746838268687634,Tom O'Halleran,TOM O'HALLERAN FOR CONGRESS,≤100
21999960184,Operation Blessing,Operation Blessing,≤100
122360425094991,Nasty Woman Cosmetics,Nasty Woman Cosmetics,≤100
246846192720018,War On Our Future,The Years Project,≤100
810122486032496,Jackie Gordon,JACKIE GORDON FOR CONGRESS,≤100
44255328352,Farm Forward,Farm Forward,≤100
154510321337994,Chris Pappas for Congress,CHRIS PAPPAS FOR CONGRESS,≤100
638492549896672,Liberal Humans,Liberal Humans,≤100
111168783611294,Jesse Mermell for Congress,THE COMMITTEE TO ELECT JESSE MERMELL,≤100
474747745952487,BDesh Foundation,"B Desh Foundation, Inc.",≤100
304750332920654,Carl DeMaio,Reform California,≤100
143542762946146,Marcus Murphy,Marcus Murphy,≤100
16792125167,Jimmy Patronis,Treasure Florida PC,≤100
583715925012376,Mayor Trent Staggs,Staggs for Mayor,≤100
344346245749372,Shore Trendz,RHW.COM LLC/DBA Shore Trendz,≤100
999775873528189,Stopping Socialism,The Heartland Institute,≤100
102980181445363,Shorty's General Store,NATIONAL NETWORK SERVICES GROUP,≤100
96491683438,"The Friends of Israel Gospel Ministry, Inc.","FRIENDS OF ISRAEL GOSPEL MINISTRY, INC, THE",≤100
796047737272396,My Treasured Gifts,My Treasured Gifts,≤100
19554217292,American Heart Association: You're the Cure,American Heart Association,≤100
107199049318619,Friends of Derek Kilmer,PEOPLE FOR DEREK KILMER,≤100
206903342678029,ACLU of West Virginia,"American Civil Liberties Union of West Virginia Foundation, Inc.",≤100
19972147679,SEIU,SEIU,≤100
109267407229927,ZIPO: Zero Interest Principal Only,ZIPO Inc,≤100
121268821249550,World Central Kitchen,World Central Kitchen,≤100
190987118163092,Connected Clothing Company,Connected Clothing Company,≤100
1772437266382039,Black Buck Apparel,Black Buck Apparel,≤100
110656667127712,Old Gold Goods,These ads ran without a disclaimer,≤100
180024415404279,Pacific Research Institute,Pacific Research Institute,≤100
1668350569891953,Rainbow Movement,William James Ulrich,≤100
100697751658498,Stronger.org,The Public Good Projects,≤100
226650564194268,CV Water Counts,CV Water Counts,≤100
269819176888460,Digital Democrat,Digital Democrat,≤100
1709145412721991,The Center for Growth and Opportunity at Utah State University,The Center for Growth and Opportunity,≤100
20121229658,Movement Alliance Project,"MEDIA MOBILIZING PROJECT, THE",≤100
299295363912730,New Politics Leadership Academy,New Politics Leadership Academy,≤100
109966290494892,Wagoner Law Firm,Nicholas Jordan Wagoner,≤100
100176084940130,True Georgia Conservatives,"COLLINS FOR SENATE, INC.",≤100
259642357409826,Cumberland County GOP,Cumberland County Republican Committee,≤100
600217573480158,GOPStore.com,GOPStore.com,≤100
113110137118723,Collectible Currency,Proud Patriots,≤100
1191593944306272,State Representative Julie Johnson,Julie Johnson for Texas,≤100
101042758281184,Reading On the Right,Macmillan Publishing,≤100
122150409780,UC San Diego,University of California San Diego,≤100
9694956217,Animal Legal Defense Fund,ANIMAL LEGAL DEFENSE FUND,≤100
1439364926329185,Animal Matters,Animal Matters,≤100
710669049286394,Woo the People,Khosro David Illulian,≤100
360424321432255,Doha Debates,Doha Debates,≤100
313723095478950,The Daily Citizen,Focus on the Family,≤100
200224630053159,Ben McAdams,FRIENDS OF BEN MCADAMS,≤100
118714808054,Mi Familia Vota,Paid For By Mi Familia Vota with Facebook Ad Credits,≤100
1681120172099567,Libertarian Candidates,Ryan Allen Raymond,≤100
288881517835621,CEAI Christian Educators Association International,CHRISTIAN EDUCATORS ASSOCIATION INTERNATIONAL,≤100
324119001078997,"Sanford Heisler Sharp, LLP","Sanford Heisler Sharp, LLP",≤100
107638384248580,Our America,Bryant Wayne Young,≤100
278355662356517,BallotReady,"BallotReady, Inc",≤100
279890513018,Islamic Networks Group - ING,"ISLAMIC NETWORKS, INC.",≤100
1646823955646308,Mike Donovan,Michael Paul Donovan,≤100
115700478533045,Progress North Carolina Action,Progress NC Action,≤100
235979110617339,Real Truth and Power,Everett Mitchell Winchester,≤100
101777618318730,We Stand For Liberty,Sebastian Ta,≤100
405646593341352,The Takoma Torch,The Takoma Torch,≤100
522661794851179,West Michigan Families First,Michigan Democratic State Central Committee,≤100
612701059241880,Latinos for Trump,TRUMP MAKE AMERICA GREAT AGAIN COMMITTEE,≤100
108797534098691,Keep Gifts Great,Adrian Choi Conger,≤100
265045056894488,Mark Meckler,Convention of States Action,≤100
101391906600,Live Action News,Live Action News,≤100
106479211113367,Senatevictoryfund,Senate Victory Fund,≤100
588762121302996,Black Superwoman Chronicles,Delisha Denise Sylvester,≤100
117513180002579,John Shallman,Target Marketing Digital,≤100
23180353833,North Carolina Republican Party,North Carolina Republican Party,≤100
589178731746528,Rebellion PAC,Rebellion PAC,≤100
128167727289093,Lancaster City Alliance,Lancaster City Alliance,≤100
18017481462,Acton Institute,Acton Institute,≤100
1400371370253041,Eagan Immigration,Eagan Immigration,≤100
339406392862392,Weller Does Delmarva,James J. Weller Jr.,≤100
873550809444862,Mighty Earth,Mighty Earth,≤100
721961664497462,CD5 MNGOP,5TH CONGRESSIONAL DISTRICT RPM,≤100
1028908663935923,Americans for Fair Treatment,Americans For Fair Treatment,≤100
255486647814076,Penguin Kids,Penguin Random House,≤100
100571605107864,AmeriCan-Citizen,AmeriCan-Citizen,≤100
370939753393588,Invest in Education Arizona,Invest in Education. (Sponsored by AEA and Stand for Children). Not authorized by any candidate./,≤100
13867925345,Equality Florida,Equality Florida,≤100
263648290958488,Trix Magazine,"Trix Media, LLC",≤100
111499100431,National Association for Gun Rights,NATIONAL ASSOCIATION FOR GUN RIGHTS INC,≤100
341240953385902,Force Of Nature Meats,Force of Nature,≤100
101295517956158,Tricia Zunker,Tricia Zunker for Wisconsin,≤100
158505287559920,Save the Storks,Save the Storks,≤100
26668999076,The Cato Institute,"CATO INSTITUTE, INC.",≤100
276131699084792,YWAM Los Angeles,YWAM Los Angeles,≤100
2377166239179411,Nancy Goroff for Congress,Goroff for Congress,≤100
252642368084919,"Life Dynamics, Inc.",Marcus H Cru Tcher,≤100
359761977474993,New Virginia Majority,New Virginia Majority,≤100
940653386126953,StandingWithYou.org,Standingwithyou.org,≤100
110256340664614,Alexis N. Branch,Action for Alexis Branch,≤100
698400060189827,Dan Sullivan,Alaskans for Sullivan,≤100
195704103779569,Savage Outdoors & The One,Amanda Harris Lee,≤100
100712784807776,Christian Willauer for City Council,Friends of Christian Willauer,≤100
110138633724265,Count Me In WV Coalition,Our Future West Virginia with Facebook Ad Credits,≤100
260713150211,Protect Our Winters,Protect Our Winters,≤100
51359055679,LeadingAge,"LEADINGAGE, INC.",≤100
103929304678916,Voter Action Project,Integrity First Voter Action Project,≤100
516725565030981,Brendan Boyle,CITIZENS FOR BOYLE,≤100
272565456712768,Bloomberg Government,"BUREAU OF NATIONAL AFFAIRS, INC., THE",≤100
168367339845613,The Humane League,The Humane League,≤100
1771751039543331,Georgia King Therapy,Georgia Martin King,≤100
763491940427547,Roque  "Rocky"  De La Fuente,Rocky 101 LLC,≤100
100492918060703,RegiStart,RegiStart,≤100
183165025062107,The TESA Collective,"The Toolbox for Education and Social Action, Inc",≤100
460844281074800,Tiny Trump,Eric D Corriel,≤100
129278807814364,Women of Welcome,Welcome.,≤100
106524727819174,True Patriot Supply Co.,True Patriot Supply Co,≤100
106114264313679,Hunt The Vote,"Hunter Nation, Inc",≤100
103837514635067,Betterway Campaign,WAYMAKERS,≤100
173470656019870,The Daily Yonder,Great Stories LLC,≤100
120778038066631,EveryLibrary,EveryLibrary,≤100
265584563563176,JCRC of Greater Washington,The Jewish Community Relations Council of Greater Washington,≤100
164638537494053,The Pollinator,United Church of Christ Environmental Justice Ministry,≤100
114494714746,L.A. Focus,These ads ran without a disclaimer,≤100
1682876188698809,United for Respect,United for Respect,≤100
7630216751,DoSomething.org,DOSOMETHING.ORG,≤100
98912141410,American Forests,American Forests,≤100
1545826148838592,Trump 2020,Gregory Lawrence Burright,≤100
529154000442477,America Rising,AMERICARISINGPAC.ORG,≤100
107937014153581,Energized Health,John Jubilee Transformation LLC DBA Energized Health,≤100
1914537155242810,Life: Powered,Texas Public Policy Foundation,≤100
2255535767896743,Mark Robinson for N.C.,Mark Robinson for NC,≤100
451224838781405,Patriot Baby,Eric Todd Hunter,≤100
511235549007985,PRJKT RUBY,PRJKT RUBY,≤100
751679868274074,Hope for Students,THE EXPECTATIONS PROJECT INC,≤100
101485404914361,Bad News Wares,Bad News Wares,≤100
161186620643972,American Institute for Economic Research,AMERICAN INSTITUTE FOR ECONOMIC RESEARCH,≤100
2070944712939738,American Police Officers Alliance,American Police Officers Alliance,≤100
1399926390134311,Nature's Generator,Huntkey USA Inc,≤100
300748678230,Tennessee Department of Economic and Community Development,Tennessee Department of Economic and Community Development,≤100
106890801114065,Right Wing Maga,Right Wing Maga,≤100
14851158643,Southern Utah Wilderness Alliance,SOUTHERN UTAH WILDERNESS ALLIANCE,≤100
143195412381888,"Georgia Gun Owners, Inc.",Georgia Gun Owners,≤100
2187732528163720,Swaggy Q,PRJRSOUND,≤100
482100658584410,We Stand For Energy,"EDISON ELECTRIC INSTITUTE, INC.",≤100
787182881400525,Having Kids,Having Kids,≤100
60261764250,Childhelp,"CHILDHELP, INC.",≤100
112334757233941,Right to Telehealth,Jeremy Joseph Schaller,≤100
10766391539,POZ Magazine,"CDM PUBLISHING, LLC",≤100
1518297238457643,Jeremiah Johnson Ministries,Jeremiah Johnson Ministries,≤100
120085718005638,American Prairie Reserve,American Prairie Reserve,≤100
988865517971648,Women's Vote 100,Women's Suffrage Centennial Commission,≤100
792668760881092,High Ball Time with your Uncle Otis,Patrick Joseph Fant,≤100
7642602143,Mother Jones,FOUNDATION FOR NATIONAL PROGRESS,≤100
1290536624348001,Informed Immigrant,FWD.us Education Fund,≤100
164513254148611,America's Voice News,Barbara Jean Lawrence,≤100
841733696181163,Contest Every Race,Contest Every Race,≤100
104260608058844,Awesome Survival Guides,Kirsten May Siosan Andrade,≤100
102651074597577,Faith Wins,FAITH WINS,≤100
108282864070156,1776 Unites,Woodson Center,≤100
301302910021410,Virtual Running Club,"Virtual Running Club, LLC",≤100
126191012512830,The Reason You,Growth Galaxy,≤100
100318944827269,Amy Kennedy,AMY KENNEDY FOR CONGRESS,≤100
105953890782784,The Factual,The Factual,≤100
103203971274743,Vairma/Herrera 2021 - Teamster Power Slate,Vairma 2021 Teamster Power Slate,≤100
248306181862385,Live Lokai,LOKAI HOLDINGS LLC,≤100
20188298765,ACLU of Maryland,AMERICAN CIVIL LIBERTIES UNION OF MARYLAND INC,≤100
348948148522246,MHB - Men Having Babies,"MEN HAVING BABIES, INC.",≤100
131493461739618,Take America Back,864511320 Apparel,≤100
256760055231702,Beware of B,Beware of B,≤100
151577215422581,Zioness Movement,"Zioness Movement, Inc.",≤100
111151490241542,Pollemix,Pollemix,≤100
475456956305422,All Voting Is Local,Leadership Conference Education Fund,≤100
299405436754707,FP1 Strategies,FP1 Strategies,≤100
110468488981853,UNRWA USA,UNRWA USA,≤100
6316744206,Jon Tester,MONTANANS FOR TESTER,≤100
269771276461482,Leigh Dollar for Mayor,Leigh Dollar for Mayor,≤100
113843693493716,Moe Brown,MOE BROWN FOR CONGRESS,≤100
166087830076297,WebPT,WebPT,≤100
100133611824182,Cortwo,"Cortwo, Inc.",≤100
110576817417667,maskamericagreat.com,Matthew P Gallagher,≤100
102796944877926,Black Men for Trump,Black Men for Trump,≤100
104243792943104,Saybrook University,TCS Education System,≤100
451389174955443,Haverhill Collection,"Haverhill Leach, Inc",≤100
50711561090,Muslim Advocates,MUSLIM ADVOCATES,≤100
304062610300415,VozWire,Gregson E Mathe,≤100
102455491417600,Calm Down Caren,John A Rosano,≤100
1670468429918309,We Are Uprisers,WEAREUPRISERS,≤100
241621170478899,The Purpose of Allegiance,Harrison T Chung,≤100
1374134752633656,New Health Plans,Shop Insurance Plans,≤100
133937690180,Student Conservation Association,Student Conservation Association,≤100
102970113093477,Church Militant/St. Michael’s Media,Max Aldcander Douglas,≤100
1156676274461345,Mikie Sherrill,MIKIE SHERRILL FOR CONGRESS,≤100
103316901311254,Williamson County 2020 Census Complete Count Committee,Justin Adam Staples,≤100
114319561948157,PCRF - Palestine Children's Relief Fund,Palestine Children's Relief Fund,≤100
101692531643025,Die Hard USA,Die Hard USA,≤100
422202764649078,Rhode Island Department of Education - RIDE,Rhode Island Department of Education,≤100
1145019702185006,Alliance for Safety and Justice,Alliance for Safety and Justice,≤100
105882964535390,Cats Against Trump,Cats Against Trump,≤100
133845049915,American Highway Users Alliance,American Highway Users Alliance,≤100
348521388580843,Talks On Law,Talks On Law,≤100
103144548151014,Adrian Perkins,Perkins for LA,≤100
152766071443309,The City University of New York,The City University of New York,≤100
141786816970,Cruise Lines International Association - CLIA,Cruise Lines International Association,≤100
105031414415024,Francis Malofiy,Francis Malofiy,≤100
217569858071,Areva Martin,Areva Denise Martin,≤100
28068665077,American Academy of PAs,American Academy of PAs,≤100
136710773025912,Salus University,Caren Jennifer Cremen,≤100
106360021137575,Multicultural Classroom,Multicultural Classroom,≤100
243549586384868,Cindy Green for County Council,Friends to Elect Cindy Green,≤100
106323360959211,Patriots Republic,Matthew James Stine,≤100
103903914570915,Pro2a,Delta Team Marketing,≤100
284849325335566,Giftsbybesta,Allen Ray Best,≤100
235762319779450,Omar Navarro,OMAR NAVARRO FOR CONGRESS,≤100
110959362410288,Jewish Insider,Anthony Parker Sheehan,≤100
118697061602554,Jason Brodeur,"Jason Brodeur, Republican, for State Senate",≤100
9364828262,Citizens Against Government Waste,CITIZENS AGAINST GOVERNMENT WASTE,≤100
639945089977837,POLIFLIX,Barrett Edward Goetz,≤100
223315101050132,Waters Kraus & Paul,Waters Kraus & Paul,≤100
107131104421675,Boy Scouts Survivor,Dunk Law Firm,≤100
433364950062784,Power Over Energy,Power Over Energy,≤100
89324781720,Pat Toomey,Friends of Pat Toomey,≤100
102010211314386,Donald Trump 2020 Voters,I Love My Freedom,≤100
263328113800478,Lamppost Education Initiative,Lamppost Education Initiative,≤100
1865047147110748,Death Penalty Action,Death Penalty Action,≤100
101949754750112,Redashell,Red As Hell,≤100
105561217523274,The_Dispatch,"Dispatch Media, Inc.",≤100