﻿Page ID,Page Name,Disclaimer,Amount Spent (USD)
11131463701,truth,TRUTH INITIATIVE FOUNDATION,≤100
153080620724,Donald J. Trump,TRUMP MAKE AMERICA GREAT AGAIN COMMITTEE,≤100
7860876103,Joe Biden,BIDEN FOR PRESIDENT,≤100
202626512363,U.S. Census Bureau,U.S. Census Bureau,≤100
100284010017717,Foster Friess,Foster Friess,≤100
113842443643787,QuickConcealed,QuickConcealed.com,≤100
172758932738142,PhRMA,PHARMACEUTICAL RESEARCH AND MANUFACTURERS OF AMERICA,≤100
346938105913332,Sarah Davis for Assembly,Sarah Davis for Assembly 2020,≤100
8047221596,Save the Children US,"SAVE THE CHILDREN FEDERATION, INC.",≤100
25055115099,Intuit,INTUIT INC.,≤100
153080620724,Donald J. Trump,"DONALD J. TRUMP FOR PRESIDENT, INC.",≤100
111393882812494,Amy McGrath,"AMY MCGRATH FOR SENATE, INC.",≤100
92925746942,Judicial Watch,Judicial Watch,≤100
97830335456,Patagonia,"PATAGONIA, INC.",≤100
101494604796591,Women Against Legal Abuse,Wendy Walther Meigs,≤100
59254639983,Boston Medical Center,BOSTON MEDICAL CENTER,≤100
309308412520731,Sandy Hook Promise,Sandy Hook Promise,≤100
2078647579047586,Project Pulso,Project Pulso,≤100
6726182861,Mike Pence,TRUMP MAKE AMERICA GREAT AGAIN COMMITTEE,≤100
27544763621,Prison Fellowship,Prison Fellowship,≤100
1316372698453411,Alexandria Ocasio-Cortez,ALEXANDRIA OCASIO-CORTEZ FOR CONGRESS,≤100
1771156219840594,Team Trump,TRUMP MAKE AMERICA GREAT AGAIN COMMITTEE,≤100
101210588150219,Boy Scouts Abuse Claims,X Social Media LLC,≤100
0,Instagram User 337096128,These ads ran without a disclaimer,≤100
203805062990264,Ben Shapiro,The Daily Wire,≤100
112735922758892,Charlie Kirk,Charlie Kirk,≤100
21559454473,FAIR,FEDERATION FOR AMERICAN IMMIGRATION REFORM,≤100
129914120385683,Families USA,Families USA,≤100
69983322463,Ted Cruz,TED CRUZ FOR SENATE,≤100
345504286342057,Keeping America Great Again,RightWingGear.com,≤100
96935476345,Democratic Governors Association (DGA),Democratic Governors Association,≤100
746938465317981,Nuclear Matters,Nuclear Matters,≤100
9324910069,NRSC,NRSC,≤100
2309566456030859,Human Coalition Action,Human Coalition Action,≤100
1449461518652183,4Patriots,4Patriots LLC,≤100
314499212242,Pfizer,Pfizer Inc.,≤100
209516845093,NRDC Action Fund,NRDC Action Fund,≤100
681626158940626,Mission Roll Call,Americas Warrior Partnership,≤100
110266808996023,Port of San Diego,SAN DIEGO UNIFIED PORT DISTRICT,≤100
384557995468219,Viral Casez,Viral Casez,≤100
12301006942,Democratic Party,DNC SERVICES CORP./DEM. NAT'L COMMITTEE,≤100
193618220508,LIFE Today,LIFE Outreach International,≤100
169130743498585,Tactical Pro Supply,Chad Keller,≤100
1883837055193241,Shield Republic,Shield Republic,≤100
18966853961,WTIU Public Television,These ads ran without a disclaimer,≤100
287596385058663,Anthony Brian Logan - ABL,Anthony Brian Logan,≤100
2409216849324204,School District of Newberry County,School District of Newberry County,≤100
127225910653607,PragerU,PragerU,≤100
113519323687640,HEZ,These ads ran without a disclaimer,≤100
73970658023,International Rescue Committee,International Rescue Committee,≤100
1771156219840594,Team Trump,"DONALD J. TRUMP FOR PRESIDENT, INC.",≤100
1837926829849385,PHIRI Art,These ads ran without a disclaimer,≤100
196382377057315,Learn Our History,Learn Our History,≤100
211095382256023,"Mars, Incorporated","Mars Wrigley Confectionery US, LLC",≤100