﻿Page ID,Page Name,Disclaimer,Amount Spent (USD)
7860876103,Joe Biden,BIDEN VICTORY FUND,≤100
224684514243482,Tom Cotton,"COTTON FOR SENATE, INC.",≤100
8550121410,Free Speech America Project,MEDIA RESEARCH CENTER,≤100
153080620724,Donald J. Trump,TRUMP MAKE AMERICA GREAT AGAIN COMMITTEE,≤100
111581497026836,Harris County Community Services Department- HCCSD,Harris County Community Services Department,≤100
153080620724,Donald J. Trump,"DONALD J. TRUMP FOR PRESIDENT, INC.",≤100
1771156219840594,Team Trump,TRUMP MAKE AMERICA GREAT AGAIN COMMITTEE,≤100
96935476345,Democratic Governors Association (DGA),Democratic Governors Association,≤100
6726182861,Mike Pence,TRUMP MAKE AMERICA GREAT AGAIN COMMITTEE,≤100