﻿Page ID,Page Name,Disclaimer,Amount Spent (USD)
7860876103,Joe Biden,BIDEN FOR PRESIDENT,≤100
96935476345,Democratic Governors Association (DGA),Democratic Governors Association,≤100
11131463701,truth,TRUTH INITIATIVE FOUNDATION,≤100
219612384781411,Bloomberg Philanthropies,Bloomberg Philanthropies,≤100
102625914454226,David Peelman for Arizona,David Peelman for Arizona,≤100
1321967181226313,Mo Abusaft for Spartanburg,Paid for by Committee to Elect Monier Abusaft,≤100
113478223715049,Mark Kohl for State Attorney,Campaign for Mark Kohl,≤100
122611068879,ACLU of San Diego and Imperial Counties,ACLU of San Diego and Imperial Counties,≤100
117641114435,First Aid Beauty,First Aid Beauty,≤100
653079394725698,Aspiration,Aspiration,≤100
196382377057315,Learn Our History,Learn Our History,≤100
530604487365010,Old Glory Flagpole Kits,Service First Flag Poles,≤100
238473269650980,Capital & Main,CAPITAL & MAIN,≤100
6231686654,Compassion International,"COMPASSION INTERNATIONAL, INCORPORATED",≤100
1316372698453411,Alexandria Ocasio-Cortez,Alexandria Ocasio-Cortez for Congress,≤100
102330281223041,Tradewater,"Tradewater, LLC",≤100
6726182861,Mike Pence,TRUMP MAKE AMERICA GREAT AGAIN COMMITTEE,≤100
38235851310,USA for UNHCR,UNITED STATES ASSOCIATION FOR UNHCR,≤100
345504286342057,Keeping America Great Again,RightWingGear.com,≤100
203197030603239,8 Billion Trees,8 Billion Trees LLC,≤100
102329548192435,James Baisden for Alaska State House District 30,James Cullen Baisden,≤100
305380096638473,Charles Booker,BOOKER FOR KENTUCKY,≤100
33110852384,Doctors Without Borders/ Médecins Sans Frontières (MSF),Doctors Without Borders/Médecins Sans Frontières (MSF),≤100
53269056142,FAMM,FAMM,≤100
6500552187,Hulu,"HULU, LLC",≤100
57227737940,The City of West Palm Beach,City of West Palm Beach,≤100
124966805563833,Robert H. Stansfield for Superior Court Judge,"Committee to Elect Robert H. Stansfield, Inc",≤100
104847667793857,Paducah United,Paducah United Inc,≤100
858660534290000,Lil Baby,These ads ran without a disclaimer,≤100
1883837055193241,Shield Republic,Shield Republic,≤100
49651563727,Live Action,Live Action,≤100
1771156219840594,Team Trump,TRUMP MAKE AMERICA GREAT AGAIN COMMITTEE,≤100
433919203362871,Bird + Stone,BIRD & STONE INC,≤100
73970658023,International Rescue Committee,International Rescue Committee,≤100
2189265054726827,Liberty Tee Shop,www.libertyteeshop.com,≤100
153080620724,Donald J. Trump,TRUMP MAKE AMERICA GREAT AGAIN COMMITTEE,≤100
112383205925136,Supervisor David Canepa,"David Canepa for Supervisor 2024, FPPC ID 1399463",≤100
309798029121030,Everytown for Gun Safety,Everytown for Gun Safety Action Fund Inc,≤100
314499212242,Pfizer,Pfizer Inc.,≤100
12301006942,Democratic Party,DNC SERVICES CORP./DEM. NAT'L COMMITTEE,≤100
230251243697957,Wendy Rogers,Wendy Rogers for AZ Senate,≤100
1025055787535714,A Case for Women,A Case for Women,≤100
101210588150219,Boy Scouts Abuse Claims,X Social Media LLC,≤100
358345794906955,Texas 2036,Texas 2036,≤100
32802178807,Homes For Our Troops,Homes For Our Troops,≤100
172758932738142,PhRMA,PHARMACEUTICAL RESEARCH AND MANUFACTURERS OF AMERICA,≤100
309308412520731,Sandy Hook Promise,Sandy Hook Promise,≤100
167586229923327,World Food Program USA,World Food Program USA,≤100
123267457850239,SC DHEC,South Carolina Department of Health & Environmental Control,≤100
1113066565547358,Recall Dunleavy,Recall Dunleavy,≤100
681626158940626,Mission Roll Call,Americas Warrior Partnership,≤100
305832706292882,American Gun Association,GunAssociation.org,≤100
105093694569442,Support Black Lives Matter,Black Lives Matter,≤100
97830335456,Patagonia,"PATAGONIA, INC.",≤100
630361950488652,Rhonda Rebman Lopez,"Rhonda Rebman Lopez For State Representative, District 120",≤100
111108370466162,Capitol Tee,Capitol Tee,≤100
414873796022535,Amelia Island TV,Amelia Island TV,≤100
586751814690068,Joni Ernst,Joni for Iowa,≤100
5435784683,Greenpeace USA,"GREENPEACE, INC.",≤100
30060307711,Rock the Green,Rock the Green,≤100
342294162453301,Planned Parenthood,Planned Parenthood Federation of America,≤100
1509381532707477,Robby Majeska for Monroe County,Campaign for Robby Majeska,≤100
153080620724,Donald J. Trump,"DONALD J. TRUMP FOR PRESIDENT, INC.",≤100
239880129983455,California Term Limits,U.S. Term Limits Inc.,≤100
1837356789847797,Fulcrum News,David George Seaman,≤100
259130650776119,Mitch McConnell,MCCONNELL SENATE COMMITTEE,≤100
177514745689,David B. Hooten,David Benjamin Hooten,≤100
101723238238343,Re-Elect Mayor Teri Johnston,Teri for Mayor,≤100
105490641044894,Spencer Wetmore,Spencer Wetmore for Statehouse,≤100
114367169942433,Illinois Real ID,Illinois Real ID,≤100
176789922364429,Steve Daines,STEVE DAINES FOR MONTANA,≤100
169130743498585,Tactical Pro Supply,Chad Keller,≤100
245284549333866,ASMDSS,ASMDSS,≤100
202626512363,U.S. Census Bureau,U.S. Census Bureau,≤100
169294473121454,Policetees.com,PoliceTees.com,≤100
155875451219691,Wisconsin LGBT Chamber of Commerce,Wisconsin LGBT Chamber of Commerce,≤100
113842443643787,QuickConcealed,QuickConcealed.com,≤100
102389731274006,Shield Republic Charities,Shield Republic,≤100
111477550457730,Chris McNeill for Court of Appeals,McNeill for Court of Appeals,≤100
102206620458674,Leaders Igniting Transformation,"Leaders Igniting Transformation Action Fund, Inc.",≤100
156968474833352,Stop Republicans,Stop Republicans,≤100
8934429638,Planned Parenthood Action,Planned Parenthood Action Fund,≤100
1917715138510680,Follow Your Legend,Legend Bracelet,≤100
433364950062784,Power Over Energy,Power Over Energy,≤100