﻿Page ID,Page Name,Disclaimer,Amount Spent (USD)
1461863774118436,Bureau of Statistics & Plans,Bureau of Statistics & Plans,138
839110726214614,Realtors,NATIONAL ASSOCIATION OF REALTORS,≤100
240142306105643,Responsible Guam - Michael F.Q. San Nicolas,MICHAEL SAN NICOLAS FOR CONGRESS,≤100
205698873305873,Senator Kelly G. Marsh-Taitano,The Committee to Elect Kelly G. Marsh (Taitano),≤100
150845118287330,Speaker Tina Rose Muña Barnes,Tina Rose Muna Barnes,≤100
106347817561634,Vince Borja for Senator,Committee to Elect Vince Borja for Senator,≤100
108297274303860,Joanne Brown for Senator,COMMITTEE TO ELECT JOANNE M BROWN FOR SENATOR,≤100
303943826419440,Wil Castro for Congress,4 Wil Drive,≤100
463135357452749,Senator James Camacho Moylan,Committee to Re-Elect James Moylan for Senator,≤100
171540600327698,Senator Amanda L. Shelton,Amanda L. Shelton,≤100
1885580335051756,Age of Magic,These ads ran without a disclaimer,≤100
1804158766351614,Perfect Body's DNA,These ads ran without a disclaimer,≤100
101301278284850,Ken Leon Guerrero for Senator,Joaquin Leon Guerrero,≤100
114431362549885,Bid Wars: Pawn Empire,These ads ran without a disclaimer,≤100
198644983500739,Guam Seventh-day Adventist Clinic,These ads ran without a disclaimer,≤100
1347951498684646,Xchanged Guam,These ads ran without a disclaimer,≤100