﻿Page ID,Page Name,Disclaimer,Amount Spent (USD)
105756057589080,The Lincoln Project,The Lincoln Project,≤100
17432811417,Working Families Party,Working Families Party,≤100
185208942307904,Oakland County Board of Commissioners,Oakland County Board of Commissioners,≤100
6726182861,Mike Pence,TRUMP MAKE AMERICA GREAT AGAIN COMMITTEE,≤100
103932294697808,US Final Expense Assistance,Laperryrea Daniyell Hobbs,≤100
1632455890305236,Wyoming Hunters & Anglers Alliance,Wyoming Hunters and Anglers Alliance,≤100
197374340229,E2 - Environmental Entrepreneurs,E2 (Environmental Entrepreneurs),≤100
153080620724,Donald J. Trump,TRUMP MAKE AMERICA GREAT AGAIN COMMITTEE,≤100
108824017345866,Facebook,"Facebook, Inc.",≤100
105927651177869,Go Get Tested,WellHealth,≤100
533987556776948,Campaign for Sustainable Rx Pricing,Campaign for Sustainable Rx Pricing,≤100
108764997572711,Re-Elect Scott McBrayer,Re-Elect Scott McBrayer,≤100
779309092233298,Ben Crump,Ben Crump Law PLLC,≤100
618480098621142,Social Security Event,Robert Jared Wilkins,≤100
7860876103,Joe Biden,BIDEN VICTORY FUND,≤100
697853070421244,Virginia League for Planned Parenthood,Virginia League for Planned Parenthood,≤100
110120640713461,Mark Bussman,Mark Bussman,≤100
96935476345,Democratic Governors Association (DGA),Democratic Governors Association,≤100
627288151114676,Organization Abuse,X Social Media LLC,≤100
2345293012156829,Willie Jones 2020,Willie Jones 2020 Democrat for Broward County Sheriff,≤100
1862511410671222,Dana Ferguson for US Congress,FRIENDS OF DANA FERGUSON,≤100
112297957222321,Aqui Se Vota,Instituto Power,≤100
104227922954334,Organize Florida,SEIU COPE (SERVICE EMPLOYEES INTERNATIONAL UNION COMMITTEE ON POLITICAL EDUCATION),≤100
101372334677493,Dancer Rights,Kristensen LLP,≤100
104745474214057,HRA - OTC Birth Control,Corey Francis Mc Govern,≤100
342294162453301,Planned Parenthood,Planned Parenthood Federation of America,≤100
106694234090208,Gene Smith for Mayor 2020,Gene Smith for Mayor,≤100
1771156219840594,Team Trump,TRUMP MAKE AMERICA GREAT AGAIN COMMITTEE,≤100
19972147679,SEIU,SEIU,≤100
215616835406,Accel Research Sites,Accel Research Sites,≤100
130128870345442,The Lilith Fund for Reproductive Equity,Lilith Fund,≤100
103560911106582,Ben Crump for Flint,Law Scout,≤100
329548021121218,Chicago Clean Energy Authority,Chicago Clean Energy Authority,≤100
113768033675093,Greater New York Hospital Association,"GREATER NEW YORK HOSPITAL ASSOCIATION, INC",≤100
357275101142388,Everglades-Trust,"EVERGLADES TRUST INC, THE",≤100
104898837935556,Dr. Michael Burgess,MICHAEL BURGESS FOR CONGRESS,≤100
112492646811151,California Census,CA Census 2020,≤100