﻿Page ID,Page Name,Disclaimer,Amount Spent (USD)﻿
6170309302,Dick Durbin,FRIENDS OF DICK DURBIN COMMITTEE,≤100
121358125934736,Move Forward - Yes on 7,The Move Forward PAC,≤100
22898109808,Grist.org,Grist Magazine,≤100
59877921429,Lutheran Immigration and Refugee Service,"LUTHERAN IMMIGRATION AND REFUGEE SERVICE, INC.",≤100
1502654549792632,Protect Our Care,Sixteen Thirty Fund,≤100
102909941095087,Stop Biased Banking,Center for Freedom and Prosperity,≤100
387028015007642,Colorado Citizens Coalition,Colorado Citizens Coalition,≤100
104006944272732,Honest Arizona,Advancing AZ,≤100
24481937944,Theodore Roosevelt Conservation Partnership,"THEODORE ROOSEVELT CONSERVATION PARTNERSHIP, INC",≤100
560140464159364,Stand for the 2nd Amendment,SFT2 Tactical Supply,≤100
283950395533648,Robert Norris for Kootenai County Sheriff,Robert Brian Norris,≤100
1612726335627171,We the Internet TV,We the Internet TV,≤100
53541257714,The Arc of the United States,"ARC OF THE UNITED STATES, INC., THE",≤100
102617961152741,Barbara Bollier,Bollier for Kansas,≤100
2352630938293825,Mytacticalpromos,Entremax,≤100
290157611894313,The Climate List,Climate List LLC,≤100
188383074570800,Aquapparel,Aquapparel,≤100
108118933908193,Next Level Goods,Next Level Goods LLC,≤100
114386721939978,The Made in America Store,Made In America Store,≤100
440551812676698,Open The Books,American Transparency,≤100
105536127617594,The American Digest,The American Digest,≤100
243056493267394,The Great Healing,Stephen John Erickson,≤100
1511412998966651,Altamar with Peter Schechter and Muni Jensen,Altamar LLC,≤100
109111900634787,Reverend Raphael Warnock,WARNOCK FOR GEORGIA,≤100
108176010748061,100 Insure,Robert Bradley Graham,≤100
1892187271040911,FreedomWorks Foundation,FreedomWorks Foundation,≤100
289213691238937,Thrasher Coffee,Thrasher Coffee Co.,≤100
1487587521541634,President Donald Trump Fan Club,I Love My Freedom,≤100
655065784538368,PredictIt,"PredictIt - Prediction Markets. A project of Victoria University of Wellington, PredictIt has been established to facilitate research into the way markets forecast events.",≤100
758857317850758,Urban Farm Academy,Brandon Edward Youst,≤100
99039406843,Women Deliver,"Women Deliver, Inc.",≤100
108512875350,The Atlas Society,The Atlas Society,≤100
694340911004154,Americans for Intelligence Reform,Americans for Intelligence Reform,≤100
100671838129752,CCW Qualified,Kyle Francis Sekerak,≤100
1316372698453411,Alexandria Ocasio-Cortez,ALEXANDRIA OCASIO-CORTEZ FOR CONGRESS,≤100
17203056985,Partners In Health,Partners In Health,≤100
2602473023098666,Democratic Polling Center,Democratic Governors Association,≤100
175886458122,People's Action,People's Action,≤100
203583423017526,National Immigration Law Center,National Immigration Law Center,≤100
1846324612256008,Your Car. Your Data.,Auto Care Association,≤100
101481584557260,Help Asheville Bears-HAB,Heather Christina Williams,≤100
675471506247724,Adair for Congress,ADAIR FOR CONGRESS,≤100
122174836956,Big Cat Rescue,BIG CAT RESCUE CORP.,≤100
152258821985032,Disrupt Aging,AARP,≤100
1754669597959219,Evie,Evie Magazine,≤100
350523542184,Trust Women,Trust Women,≤100
399067003454888,Sudan Relief Fund,Sudan Relief Fund Inc,≤100
746938465317981,Nuclear Matters,Nuclear Matters,≤100
746708092061660,One Must Focus Media,Leonard E Palmer,≤100
309798029121030,Everytown for Gun Safety,Everytown for Gun Safety Action Fund Inc,≤100
112041183486666,Project Sunshine,ACRONYM,≤100
1585761838387907,Unity College Online,Unity College,≤100
428403504606135,The Average Joe Survey,"Zaydoe Films, LLC",≤100
2185993931653388,The Recount,"Recount Media, Inc",≤100
691099754308631,Convention of States South Dakota,Convention of States Action,≤100
116546288359245,Heritage Action for America,HERITAGE ACTION FOR AMERICA,≤100
45013872425,The Ripon Society,RIPON SOCIETY,≤100
124530924015,Hank Gilbert,HANK GILBERT FOR CONGRESS,≤100
1737556389685016,Good Money,Good Money,≤100
72931140459,Center for Biological Diversity,"CENTER FOR BIOLOGICAL DIVERSITY, INC.",≤100
18082780500,Detroit Public Television,DETROIT EDUCATIONAL TELEVISION FOUNDATION,≤100
98887816626,Beef. It's What's For Dinner.,Shari Daniella Spooner,≤100
57846092173,American Bible Society,American Bible Society,≤100
80865461794,Public Service Company of Oklahoma (PSO),Whitney Shawn Emerick,≤100
225449500250,Constellation Political Consulting,Constellation Political,≤100
109200595768753,The Christian Left,The Christian Left,≤100
1883837055193241,Shield Republic,Shield Republic,≤100
369214063089791,Lummis for Wyoming,LUMMIS FOR WYOMING INC.,109
58691227283,The New York Young Republican Club,The New York Young Republican Club,≤100
100401327980848,National Parents Union,National Parents Union,≤100
32802178807,Homes For Our Troops,Homes For Our Troops,≤100
2354481724812667,Spencer for Milwaukee City Attorney,Spencer for Milwaukee,≤100
1196769660363002,Same God Film,"DIGITAL COAST MEDIA, LLC",≤100
2365214577056673,Wesley Morgan,Clinton W Morgan,≤100
605271956644076,Friends of John Peake for Sheriff,Friends of John Peake for Sheriff,≤100
533347293669517,Great American Era,Great American Era,≤100
1402827079932843,Low Income Relief,The Lighthouse Information Network LLC,≤100
34370387440,JDRF,JDRF INTERNATIONAL,≤100
113562136754572,"Justice John B. Barberis, Jr. for Illinois Supreme Court",Friends of Barberis,≤100
427290978110426,Backpage Trafficking,X Social Media LLC,≤100
313474280391,Teton County Democrats,Teton County Democrats,≤100
2254455051442790,Flag and Cross,Flag & Cross,≤100
163302087408673,Stop The Donald,Stop the Donald,≤100
103022784417075,NOW,NOW Company,≤100
146704311893,Montana Food Bank Network,Montana Food Bank Network Inc.,≤100
834645469890446,Devin Nunes,DEVIN NUNES CAMPAIGN COMMITTEE,≤100
198741046833409,Utah Policy,Utah Policy,≤100
79279853233,Professional Photographers of America,"PROFESSIONAL PHOTOGRAPHERS OF AMERICA, INC.",≤100
107199049318619,Friends of Derek Kilmer,PEOPLE FOR DEREK KILMER,≤100
57259033959,AARP,AARP,≤100
133608809985411,One Colorado,ONE COLORADO,≤100
25121889784,Texas Public Policy Foundation,Texas Public Policy Foundation,≤100
147924435225364,Independent We Stand,William Thomas Brunelle Jr,≤100
605168822998856,314 Action,314 ACTION FUND,≤100
1836138529938551,Greater Half,Billy Benson,≤100
723136714746586,The Common Ground Project,"The Common Ground Project, Inc.",≤100
113335773562471,President Trump For Re-Election,Great American Era,≤100
290851614930809,Combat AntiSemitism,Combat Anti-Semitism,≤100
427302110732180,Mike Cernovich,Michael C Cernovich,≤100
546497545399440,ASEC - African Sisters Education Collaborative,African Sisters Education Collaborative (ASEC),≤100
7642602143,Mother Jones,FOUNDATION FOR NATIONAL PROGRESS,≤100
348973409274904,Velvet Hamster,Velvet Hamster,≤100
102004144751210,Life Insurance Savings,Melissa Marie Luces,≤100
36474716066,Color Of Change,COLOROFCHANGE.ORG,≤100
237477017606,Club for Growth,Club for Growth,≤100
134452023239984,Human Coalition,Human Coalition,≤100
2777578242259790,Great Again Gear,Great Again Gear,≤100
385473284886474,Hillsdale College,HILLSDALE COLLEGE,≤100
169277310432049,"Texas Precision Optics, Inc.",Texas Precision Optics Inc,≤100
311896169406139,Trump 2020 Wear,Trump 2020 Wear,≤100
102389457864860,Treehuggers Bracelets,ECOMX LLC,≤100
808450969246896,"Rebecca Walser, Tax Attorney, CFP",Walser Wealth Management,≤100
192015461630968,Supporting Our Brave Veterans,James Brian Plouf,≤100
222834814437802,Self-Help Center,"SELF HELP CENTER, INC",≤100
48570030993,The Lanier Law Firm,Grace Lamb,≤100
149220264647,ADL - Anti-Defamation League,Anti-Defamation League,≤100
108926330594488,Colorado's Health Care Future,"Partnership for America’s Health Care Future Action, Inc.",≤100
740266592735787,Free to Be Kids,Free To Be Kids,≤100
170918006892,G.I. Jobs,Victory Media DBA GI Jobs,≤100
124955570892789,Bernie Sanders,BERNIE 2020,≤100
785936231584382,Paula Jean Swearengin,Paula Jean for West Virginia,≤100
461530314600399,Common Sense American Politics,Common Sense American Politics,≤100
487296634750429,Elect Karen Fann,Elect Karen Fann LD1 Senate,≤100
268311603350722,The American Independent,The American Independent,≤100
101442908124605,Liberty Surveys,Liberty Surveys,≤100
103131054573692,Crawfordology,Crawfordology,≤100
1001615463272722,Biosimilars Council,The Biosimilars Council,≤100
18780321251,American Chemistry,"AMERICAN CHEMISTRY COUNCIL, INC.",≤100
313723095478950,The Daily Citizen,Focus on the Family,≤100
134696280446,Central Pennsylvania Food Bank,CENTRAL PENNSYLVANIA FOOD BANK,≤100
2199861276757213,Ryan Ledendecker,Ryan J Ledendecker,≤100
106136417435051,Iwantmyoceanback,Iwantmyoceanback,≤100
5720973755,Defenders of Wildlife,DEFENDERS OF WILDLIFE,≤100
14038292386,Women for Women International,WOMEN FOR WOMEN INTERNATIONAL,≤100
344690446467832,The Copper Courier,Courier Newsroom,≤100
8047221596,Save the Children US,"SAVE THE CHILDREN FEDERATION, INC.",≤100
33110852384,Doctors Without Borders/ Médecins Sans Frontières (MSF),Doctors Without Borders/Médecins Sans Frontières (MSF),≤100
940653386126953,Standingwithyou.org,Standing With You,≤100
183989338318281,The American Legion National Headquarters,LEGIONNAIRE,≤100
162493793737,Rick Green,Richard Arlin Green,≤100
111182343682003,Certified CCW,CertifiedCCW.com,≤100
298827966811602,Trump Recession,Maurice Lane Ponsart,≤100
1311291038982513,2A Gear,Teecreations LLC,≤100
103893510971054,The Truth Podcast: Question Everything,Richard Ucheabuchi Ojeh,≤100
461204744067686,Family Protection Association,Family Protection Association,≤100
20876805343,March of Dimes,MARCH OF DIMES INC.,≤100
181813995726,Avalara,"AVALARA, INC.",≤100
105610970947657,MY 2A GEAR,Leon Mckensizy Dunn,≤100
2330577043935831,Sara Gideon,SARA GIDEON FOR MAINE,≤100
24126948070,PrintPlace,"Digital Room, Inc.",≤100
537299709721112,Advantage Gold,Advantage Gold Group,≤100
110177119192569,Knightscope,William Li,≤100
327202261326682,Stephanie Bice,Bice for Congress,≤100
130848666099,Business Forward,Business Forward Inc.,≤100
22219555276,Children's Defense Fund,CHILDRENS DEFENSE FUND (INC),≤100
152264148166020,Moms Clean Air Force,Moms Clean Air Force,≤100
1452551204988299,GoReact,Speakworks Inc,≤100
386280348647138,"Rebecca Parson for Congress, WA-06",REBECCA PARSON 2020,≤100
246491525549550,Education Post,Education Post,≤100
546707688675095,Smart Approaches to Marijuana,SAM Action,≤100
745910525468062,National Center on Sexual Exploitation,National Center on Sexual Exploitation,≤100
183872968312216,Popdust,cleancult,≤100
2188424341404612,Project Ready,Project Ready,≤100
147088585355847,Pride Fowler Industries,Ruben Alvarez,≤100
1864721517082089,Democratic Attorneys General Association,Democratic Attorneys General Association,≤100
96159580682,Maine Democratic Party,MAINE DEMOCRATIC PARTY,≤100
153080620724,Donald J. Trump,"DONALD J. TRUMP FOR PRESIDENT, INC.",≤100
135298176481584,Marine Corps Scholarship Foundation,Marine Corps Scholarship Foundation,≤100
9514417573,David N. Cicilline,CICILLINE COMMITTEE,≤100
337490192991981,Grabien,Grabien Inc,≤100
7263476274,Mercy Corps,Mercy Corps,≤100
37540989546,Power to Decide,Power to Decide,≤100
802271849850801,Freedom for All Americans,Freedom for All Americans,≤100
1719463118318375,Bees In The D,BEES IN THE D,≤100
592707041080920,Stand Together,Stand Together Chamber of Commerce Inc.,≤100
386305465057247,Liberty Nation,Liberty Nation,≤100
389661238515891,Craig Curry For County Commission,Craig Curry for County Commission,≤100
366351973736242,Red Rock Secured,Red Rock Secured,≤100
133937690180,Student Conservation Association,Student Conservation Association,≤100
7192716362,Amnesty International USA,Amnesty International USA,≤100
109295990419284,Esther For Congress,ESTHER FOR CONGRESS,≤100
100753978079700,Shay Hawkins for Ohio,Hawkins for Ohio,≤100
729627343834501,Kialo,Kialo,≤100
100910174878328,Love 45 store,These ads ran without a disclaimer,≤100
162695894106234,Co-ops Vote,National Rural Electric Cooperative Association,≤100
205795426669644,Facts and Logic about the Middle East,Facts and Logic About the Middle East,≤100
104851617686932,Concealed Country,Concealed Country,≤100
116103198461511,North Shore Animal League America,"NORTH SHORE ANIMAL LEAGUE AMERICA, INC.",≤100
23875187730,Feeding America,Feeding America,≤100
374520129877,ACCE Action,Alliance of Californians for Community Empowerment Action,≤100
405469100189512,Still My President - Donald Trump,Red State Politics LLC,≤100
1925751504337881,MJ for Texas,MJ FOR TEXAS,≤100
151721606865,Intrepid Fallen Heroes Fund,Intrepid Fallen Heroes Fund,≤100
299256220090206,First Utah Bank,These ads ran without a disclaimer,≤100
1353948297956614,Let Africa Live,Let Africa Live,≤100
1577523552567917,Elect Jon Walker,Paige Olivia Sondrup,≤100
1474261695976941,Excital,Excital,≤100
67626834312,National Women's Law Center,National Women's Law Center,≤100
220934044722029,Florida Crystals Corporation,FLORIDA CRYSTALS CORPORATION,≤100
100682821402342,Karpus for Congress,KARPUS FOR CONGRESS,≤100
101136147910784,Represent Justice,Represent Justice,≤100
355799336705,Outreach International,Outreach International,≤100
118269091671380,The Home T,The Home T,≤100
214002058736436,Unite America,UNITE AMERICA,≤100
203330919857759,All On The Line,National Redistricting Action Fund,≤100
109788797242679,The Patriot Circle,Kin Ngai Yeung,≤100
193700787360321,Our Public Lands,NATIONAL WILDLIFE FEDERATION,≤100
957641814627684,Collaborative Imaging,Collaborative Imaging LLC,≤100
85452072376,Newsmax,Newsmax Media,≤100
111309842220631,Greenleaf Gifts,"Greenleaf, Inc.",≤100
304174600459936,Front Porch Sense,Marnie Lynn Kuhns,≤100
511597776017378,House Of Chingasos,Carlos John Ugalde,≤100
7609325759,Jim McGovern,RE-ELECT MCGOVERN COMMITTEE,≤100
155988345183384,Concealed Coalition,Concealed Coalition,≤100
2311489605552071,Customers Who Care,Customers Who Care,≤100
73478266116,SoulPancake,SoulPancake,≤100
195338444154749,Ecolox Tech,These ads ran without a disclaimer,≤100
355112203771,Utility Workers Union of America,UTILITY WORKERS UNION OF AMERICA,≤100
1927474697351454,The Patriot League,The Patriot League,≤100
30139072158,CARE,CARE,≤100
111393882812494,Amy McGrath,"AMY MCGRATH FOR SENATE, INC.",≤100
248262725706461,Power The Future,Power The Future Inc,≤100
162019154641651,Deliver Liberty,Deliver Liberty,≤100
711478725532801,Civiqs,Civiqs,≤100
303374266418976,AFPM,American Fuel & Petrochemical Manufacturers,≤100
112942500238297,Trees4Australia,Trees4Australia,≤100
100585318107139,"Mark Alan Harrison for Constable, Harris County Precinct 5",The Mark Alan Harrison Campaign,≤100
384557995468219,Viral Casez,Viral Casez,≤100
105844410767627,The Mini Activist,The Mini Activist,≤100
6236054211,Brady,Brady Campaign to Prevent Gun Violence,≤100
278487153675,Redneck Nation Clothing,Tracie Milliron Gold,≤100
265268336865693,Do Amore,Do Amore Limited Company,≤100
21834534343,Volunteers of America,"VOLUNTEERS OF AMERICA, INC.",≤100
324119001078997,"Sanford Heisler Sharp, LLP","Sanford Heisler Sharp, LLP",≤100
404929222888251,Conservation Colorado,Conservation Colorado,≤100
19746387261,Humane Society International,Humane Society International,≤100
1413682351987764,Andy Kim for Congress,Andy Kim for Congress,≤100
607756062649744,The Syria Campaign,The Syria Campaign,≤100
421279984738085,Thomas for State Representative - Republican,Elect Shayne Thomas,≤100
289446947817747,Global Citizen,"GLOBAL POVERTY PROJECT, INC.",≤100
1312902825543317,American Nightmare Film,Jesus Nebot International,≤100
387260852134552,Dr. Tom Tarter,CITIZENS FOR TOM TARTER,≤100
102745147891580,Trump Coolers,Eric Clifford Juels,≤100
1224106861035505,Resistbot,Resistbot Action Fund,≤100
113341064736,American Conservative Union,American Conservative Union,≤100
162676813937511,Dan Forest,Committee to Elect Dan Forest,≤100
108267439700260,Bargain Heroes,Bargain Heroes,≤100
109175084014970,Trump Style,Tyrone None Byers,≤100
303061950155375,John James,"JOHN JAMES FOR SENATE, INC.",≤100
438678183588710,Ihssane For Congress,IHSSANE FOR CONGRESS,≤100
7341997111,Conservation International,Conservation International,≤100
44224524016,American Kidney Fund,"AMERICAN KIDNEY FUND, INC.",≤100
86134975779,Coast Guard Foundation,Coast Guard Foundation INC.,≤100
12692955711,Chronicle of Higher Education,"CHRONICLE OF HIGHER EDUCATION, INC. (THE)",≤100
202286639832171,Dr. Robert Jeffress,FIRST BAPTIST CHURCH DALLAS,≤100
133545795918,Erie County Democratic Committee,Erie County Democratic Committee,≤100
37892661587,JDC,JDC,≤100
15239367801,The Wilderness Society,"WILDERNESS SOCIETY, THE",≤100
168171867079383,PODER of Idaho,Estefania Mondragon,≤100
224684514243482,Tom Cotton,"COTTON FOR SENATE, INC.",≤100
155857265265319,Pre-IPO Buzz,Pre-IPO Buzz,≤100
112719376780180,The Democratic Change Store,The Democratic Change Store,≤100
830121337093232,National Democratic Training Committee,NATIONAL DEMOCRATIC TRAINING COMMITTEE PAC,≤100
2046280975668889,LeftvsRightIQ.com,LvR Intelligence LLC,≤100
110257623864359,Cool Mud Flaps,"OHIO LASER, LLC",≤100
1835838916635491,Transamerica Center for Health Studies,Transamerica Center for Health Studies,≤100
777657635932867,Blessings Through Action,Blessings Through Actions,≤100
100201718042226,Cory Eli Oshita for Cook County Circuit Judge,Support Cory Eli Oshita for Circuit Court Judge,≤100
508433235840691,Minnesota Bio-Fuels Association,"The Minnesota Bio-Fuels Association, Inc",≤100
142957224352,International Medical Corps,International Medical Corps,≤100
241247646424302,Jahana Hayes,FRIENDS OF JAHANA HAYES,≤100
203652527043229,Chad Christensen for Idaho,Chad N Christensen,≤100
101103254533,SOS International,SOS International,≤100
1014291495249813,Politicon,Politicon,≤100
151262268372,Military Child Education Coalition,These ads ran without a disclaimer,≤100
473558703216022,Gabfest,Paul W Queen,≤100
108906707265489,USA Pooch,"PRESIDENTIAL POOCH, INC",≤100
163055010716637,G95,Peter Carlton Solle,≤100
104243792943104,Saybrook University,TCS Education System,≤100
370622083412823,John Connor for State Senate,Citizens to Elect John Connor,≤100
207833736045744,MHAction.org,Kevin R Borden,≤100
12301006942,Democratic Party,DNC SERVICES CORP./DEM. NAT'L COMMITTEE,≤100
106333028376,"Nichols Kaster, PLLP",Nichols Kaster PLLP,≤100
304600892905134,Hillsdale College Online Courses,HILLSDALE COLLEGE,≤100
242898282712875,SolSmart,SolSmart,≤100
1849483715167852,Firefly Engagement,"Firefly Engagement Services, Inc.",≤100
142665849854371,House Freedom,HOUSE FREEDOM FUND,≤100
107036421410,National Safety Council,NATIONAL SAFETY COUNCIL,≤100
104113087669604,Opportunity Arizona,Opportunity Arizona,≤100
143021112391265,Jacobin magazine,Jacobin Foundation,≤100
292018201259366,We Raise Foundation,WE RAISE FOUNDATION,≤100
78420171887,Sailors for the Sea,SAILORS FOR THE SEAINC,≤100
165987503528599,Lindsey Graham,"TEAM GRAHAM, INC.",≤100
106241024214152,American Home Life Periodical,Steven Luu Nguyen,≤100
101784008065542,Commit to Seniors,American Commitment,≤100
172758932738142,PhRMA,PHARMACEUTICAL RESEARCH AND MANUFACTURERS OF AMERICA,≤100
1869687273277265,Run for Something,Run For Something PAC,≤100
86711894400,National Write Your Congressman,National Write Your Congressman,≤100
336440323158789,Jack Burkman Radio,Jack Burkman Radio,≤100
6279167307,Easterseals,Easterseals,≤100
1934721976748070,Perspective Wealth Planning,Perspective Wealth Planning,≤100
115371986580371,EllipsisWit,EllipsisWit,≤100
348856535576675,Legends of the Desert,William Michael Farmer,≤100
1632568446971453,Boredwalk,Boredwalk,≤100
10760692978,World Hope International,World Hope International,≤100
240425642652222,South Florida Wildlands Association,South Florida Wildlands Association,≤100
599037717094428,Lil Guillotine,Liam Robert Manjon,≤100
11131463701,truth,TRUTH INITIATIVE FOUNDATION,≤100
175068270105,Seattle's Union Gospel Mission,SEATTLE'S UNION GOSPEL MISSION,≤100
10423517786,Harvard Business Review,HARVARD BUSINESS SCHOOL PUBLISHING CORPORATION,≤100
153167611414243,Ohio House Democrats,The Ohio House Democratic Caucus,≤100
278490715553293,Martha McSally,MCSALLY FOR SENATE INC,≤100
109295377337702,Trumplican Store,Minerva LLC,≤100
109889733883173,WE GOT TEEZ,RICHARD ANDREW-WITTE COMISKEY,≤100
975849335817140,Northern California Record,The Record,≤100
38897314734,The Trust for Public Land,"TRUST FOR PUBLIC LAND, THE",≤100
328853823844484,Balance of Power,Balance of Power,≤100
601249690070354,forestproud,#forestproud | North American Forest Partnership,≤100
27311599342,Preemptive Love,Preemptive Love Coalition,≤100
146381485376355,Steve Montenegro,Montenegro For House,≤100
27461595703,Carbonfund.org Foundation,829 Studios LLC,≤100
394595717253524,Moody Church Media,MOODY CHURCH,≤100
111833201704,Faith and Freedom Coalition,Faith & Freedom Coalition,≤100
15041226930,Oxfam,"OXFAM AMERICA, INC.",≤100
248181906078243,National Institute for Civil Discourse,CommonSense American,≤100
293225127381200,Patriot Depot,The Patriot Depot,≤100
159964696102,Kevin McCarthy,KEVIN MCCARTHY FOR CONGRESS,≤100
104141422951673,Chicago Booth Review,University of Chicago,≤100
101790027912408,Vote for Danielle P,Citizens for Danielle M Pascucci,≤100
434616383688551,Ocean & Co.,Ocean & Co,≤100
242960515598,Military Spouse,Victory Media DBA Military Spouse,≤100
1268410219898273,Tango Tango,Tango Tango Inc,≤100
1397799040234106,OpinionUP,OpinionUP LLC,≤100
657708380952174,Voices of the Civil Rights Movement,Comcast,≤100
1745418332339003,Aspire Gear,Aspire Gear,≤100
2406284459692230,Bees4Seas Natural Beeswax Food Wrap,Melissa Marie Eastin,≤100
103664744402353,Medicare Saviors,Sean Thomas Hofmans,≤100
496696933682736,Jeff Merkley,JEFF MERKLEY FOR OREGON,≤100
28144169620,Alliance for Aging Research,Alliance for Aging Research,≤100
7209432197,Chris Coons,CHRIS COONS FOR DELAWARE,≤100
341240953385902,Force Of Nature Meats,Force of Nature,≤100
1627212824167934,Men4Choice,Men4Choice,≤100
296093157932840,The Fulcrum,Issue One,≤100
1664959567149320,Wholesome Culture,Wholesome Culture,≤100
5593944035,Competitive Enterprise Institute,COMPETITIVE ENTERPRISE INSTITUTE,≤100
219224241438635,Compassion & Choices,COMPASSION & CHOICES,≤100
46884117504,John Matthew Walker,John Matthew Walker,≤100
1438808983108348,BOLD PAC,CHC BOLD PAC,≤100
124626320898336,Catholic Extension,"CATHOLIC CHURCH EXTENSION SOCIETY OF THE UNITED STATES OF AMERICA, THE",≤100
27139120832,Advancing Native Missions,Advancing Native Missions,≤100
203805062990264,Ben Shapiro,The Daily Wire,≤100
427333170759393,ProRate Equine,Prorate Equine,≤100
438536186881177,All Clear Foundation,All Clear Foundation,≤100
173837496125511,Conscious Step,Conscious Step,≤100
100256754899828,Patriot's Cave,Patriot's Cave,≤100
166166843531258,National Council of Resistance of Iran - شورای ملی مقاومت ایران,MEK-Iran (Saeid Saadati),≤100
9324910069,NRSC,NRSC,≤100
13885075114,Action Against Hunger USA,ACTION AGAINST HUNGER - USA,≤100
514167322309353,Dan Crenshaw,Crenshaw For Congress,≤100
617037072140415,420 Waldos Watch,Time Concepts,≤100
243498882520314,FoodFinder,"FOODFINDER, INC.",≤100
668145949990925,Responsible PA,Pennsylvania House Republican Campaign Committee,≤100
681626158940626,Mission Roll Call,Americas Warrior Partnership,≤100
1977738355807406,Sharice For Congress,SHARICE FOR CONGRESS,≤100
101617224555221,Nancy Pelosi Elects Democrats,PAC TO THE FUTURE,≤100
872842866161157,One Nation Design,One Nation Design,≤100
201248453800242,My Pay My Say,Mackinac Center for Public Policy,≤100
476893546417529,Jamie Guerra Dickler for Cook County Circuit Court Judge,Citizens for Jamie Guerra Dickler,≤100
1640970822834351,Plaine Products,Plaine Products,≤100
34992314695,National Center for Public Policy Research,NATIONAL CENTER FOR PUBLIC POLICY RESEARCH,≤100
111081706926063,Jason Fields for Milwaukee Comptroller,Jason Fields for Milwaukee,≤100
404164463091452,Chas Castell,Charles William Peter Castell,≤100
2259323457517498,Abolish the Electoral College,ABOLISH THE ELECTORAL COLLEGE,≤100
1033248857066144,NewsDaylighter,General Memetics LLC,≤100
108661937180567,MAGA Outfitters,MAGA Outfitters,≤100
459890014763287,Rocky Mountain Values,Rocky Mountain Values,≤100
101295517956158,Tricia Zunker for Wisconsin,Tricia Zunker for Wisconsin,≤100
573084822773932,Joe Perkins for Circuit Judge Campaign Committee,Joe Perkins for Circuit Judge Campaign Committee,≤100
103959221222594,IL Citizens for Accountability,Citizens for Accountability,≤100
1852520761657982,4ocean,4ocean,≤100
30914589895,The International Fellowship of Christians and Jews,"INTERNATIONAL FELLOWSHIP OF CHRISTIANS & JEWS, INC.",≤100
28394917492,Second Harvest Food Bank of Central Florida,"SECOND HARVEST FOOD BANK OF CENTRAL FLORIDA, INC.",≤100
101210588150219,Boy Scouts Abuse Claims,X Social Media LLC,≤100
163719214304167,Ruthie For Citrus,Ruthie Schlabach for Citrus County Commission,≤100
467804929927622,Jason Smith,JASON SMITH FOR CONGRESS,≤100
304058913005378,Senior and Disabled Concerns,Senior & Disabled Concerns,≤100
2223151871134889,Trump45Merch,Thomas Charles Granack,≤100
530604487365010,Old Glory Flagpole Kits,Service First Flag Poles,≤100
1541975212799536,Dave Radford for Idaho Seat 32B,Dave Radford for Representative,≤100
1677111425839949,The American Promise,American Promise,≤100
1667638686847579,The Collective PAC,THE COLLECTIVE PAC,≤100
69039563201,Open Doors USA,"OPEN DOORS WITH BROTHER ANDREW, INC.",≤100
392090254579689,The Nazarene Fund,The Nazarene Fund,≤100
109866783838178,Friends of Jason Atkinson,Friends of Jason Atkinson,≤100
109374912424067,Drew McKissick,DrewMcKissick.com,≤100
201446296572389,Compassion in World Farming (USA),These ads ran without a disclaimer,≤100
747436915270894,Congressional Leadership Fund,CONGRESSIONAL LEADERSHIP FUND,≤100
101682706561261,"Freedom Watch, Inc.","Freedom Watch, Inc.",≤100
6162159887,The World,The World,≤100
376638603087168,Save The Earth,8 Billion Trees LLC,≤100
656263988182462,Bill Hagerty,TEAM HAGERTY,≤100
462537231005690,Calvin Dane for Rock Island County State's Attorney,Friends of Calvin Dane,≤100
129278807814364,Welcome.,Welcome.,≤100
101391906600,Live Action News,Live Action News,≤100
149745555082419,Pioneer Institute for Public Policy Research,"Pioneer Institute, Inc.",≤100
2336022790003836,Patients + Providers United,Patients and Providers United,≤100
24982445498,ProQuest,PROQUEST LLC,≤100
384006901653736,The Moore Charitable Foundation,Moore Charitable Foundation,≤100
1145019702185006,Alliance for Safety and Justice,Alliance for Safety and Justice,≤100
281844617168,Jewish Voice Ministries International,JEWISH VOICE MINISTRIES INTERNATIONAL,≤100
101432317199,Blue Cross and Blue Shield Association,BLUE CROSS AND BLUE SHIELD ASSOCIATION,≤100
118303441570966,Home Ownership Matters,NATIONAL ASSOCIATION OF REALTORS,≤100
772624976214511,Florida Record,The Record,≤100
105732744375701,Steve Bullock,Montanans for Bullock,≤100
96935476345,Democratic Governors Association (DGA),DEMOCRATIC ACTION,≤100
1441704426074372,Douglas Taurel,The American Soldier,≤100
183517831660100,Morning Consult,Morning Consult LLC,≤100
84280132559,American Legislative Exchange Council,AMERICAN LEGISLATIVE EXCHANGE COUNCIL,≤100
73727120674,Rush University System for Health,Rush University System for Health,≤100
19420215926,CNSNews.com,MEDIA RESEARCH CENTER,≤100
137932966292045,Holly Rehder,Friends of Holly Rehder,≤100
135500133147357,ProEnglish,US INC,≤100
1691667177798461,Brut,Brut,≤100
356431274698532,Ryan Hampton,Ryan Hampton,≤100
103443657955531,Changing Democracy,James Benjamin Elliott,≤100
100787471467527,Knowyourvote,Knowyourvote,≤100
5435784683,Greenpeace USA,"GREENPEACE, INC.",≤100
169294473121454,Policetees.com,PoliceTees.com,≤100
101208514791301,Daniel Turner,Power The Future Inc,≤100
209516845093,NRDC Action Fund,NRDC Action Fund,≤100
1017685345047041,Kim Amen for WEA Vice President,Kimberly Michelle Amen,≤100
101986534664017,Pro-Trump Merchandise,Pro-Trump Merchandise,≤100
717115395103069,PrintedKicks,Printed Kicks,≤100
7292655492,MoveOn,MOVEON.ORG POLITICAL ACTION,≤100
309308412520731,Sandy Hook Promise,Sandy Hook Promise,≤100
729927510371645,The Libra Group,"Libra Capital US, Inc",≤100
341881063685,"Imprimis, a Publication of Hillsdale College",HILLSDALE COLLEGE,≤100
698400060189827,Dan Sullivan,Alaskans for Sullivan,≤100
105538624356773,My Kitchen Savior,Nicole Alexa Lebel,≤100
114008535880,Foundation for Individual Rights in Education,FOUNDATION FOR INDIVIDUAL RIGHTS IN EDUCATION,≤100
109185783848163,Sweet Pea Living,Morgan T Freeck,≤100
198296877515470,Switch4Good,Switch4Good,≤100
35169196082,Project HOPE,"PROJECT HOPE-THE PEOPLE-TO-PEOPLE HEALTH FOUNDATION, INC.",≤100
23996308754,Senate Conservatives,SENATE CONSERVATIVES FUND,≤100
60182072999,Lila Rose,Live Action,≤100
2078647579047586,Project Pulso,Project Pulso,≤100
106431740799515,Susan Moran for State Senate  - Plymouth & Barnstable District,Joseph J Manning,≤100
159616034235,Walmart,WALMART INC.,≤100
121388362246,Goldman Sachs,Goldman Sachs & Co.,≤100
107761702578379,American Institute for Cancer Research - AICR,American Institute for Cancer Research,≤100
129240690441636,NAACP Legal Defense Fund,"N. A. A. C. P. LEGAL DEFENSE AND EDUCATIONAL FUND, INC.",≤100
1023516414456183,Drain the DC Swamp PAC,DRAIN THE DC SWAMP PAC,≤100
111143288919034,Kate Brophy McGee - State Senate,Kate Brophy McGee AZ - Senate,≤100
2336921226330918,The Climate Trail,William David Volk,≤100
1526736227567131,TrueCoverage,True Coverage,≤100
25852730092,Care2,Care2 Inc,≤100
1439364926329185,Animal Matters,Animal Matters,≤100
106245384043438,Tims For Congress,FRIENDS OF DESIREE TIMS,≤100
68771922854,Essence,Shaelyne Antonia Moodie,≤100
53167307346,Communist Party USA,Communist Party USA,≤100
44015482829,United Nations Development Programme - UNDP,United Nations Development Programme,≤100
260131294484,Bethesda Lutheran Communities,Bethesda Lutheran Communities,≤100
352527958302,Israel on Campus Coalition,Israel on Campus Coalition,≤100
174866249236469,Tulsi Gabbard,TULSI NOW,≤100
780606555331010,American Student Loan Advocate,ASLR Marketing,≤100
107642877509346,Shamley for Congress,DOYEL SHAMLEY FOR CONGRESS,≤100
111663158887300,Tacoma Rescue Mission,"RESCUE MISSION, THE",≤100
114815188528887,Neighborhood Nurse,Kristina Anne Larsen,≤100
7860876103,Joe Biden,BIDEN FOR PRESIDENT,152
389119978332258,We Are Apartments,The National Association of Apartments and the National Multifamily Housing Council,≤100
61265398450,AmeriCorps NCCC,Corporation for National and Community Service,≤100
172630052226,James Felton Keith,JFK ORGANIZERS,≤100
123857614319417,Texas Nationalist Movement,Texas Nationalist Movement,≤100
129285844553515,The Right To Shower,Conopco Inc,≤100
1475056949212605,Charity Mobile,Charity Mobile,≤100
499379343409991,Impact Fund,"IMPACT FUND, THE",≤100
111361670448099,Christian Wise Smith for Fulton,Committee to Elect Christian Wise Smith,≤100
481331019059116,The Published Reporter,The Published Reporter,≤100
105025901091483,Republican Party Strong,James R Oddo,≤100
147390698637518,Free State Project,Free State Project,≤100
2225580284361712,Tommy Tuberville,"TUBERVILLE FOR SENATE, INC.",≤100
273546779885377,The Gallant Pelham,"The Gallant Pelham, LLC",≤100
231518367314146,Kim Olson for Congress,KIMFORCONGRESS,≤100
278703415666824,Jeremy Jones,Protect Our Winters,≤100
56780242206,Agros International,Sierra Hana Golden,≤100
108180596030668,Elizabeth Dole Foundation,Elizabeth Dole Foundation,≤100
566008736785269,Be Heard Project,Be Heard Project,≤100
110749446963570,Courier,Courier Newsroom,≤100
101788601255619,Mark Sidney,Power To The Publisher,≤100
115268821893794,Environmental Action,"Environmental Action, Inc.",≤100
518194348194441,RepresentUs,RepresentUs,≤100
98912141410,American Forests,American Forests,≤100
110485813834971,MAGASM2020.com,magasm2020.com,≤100
374848446414965,Pollking,Benjamin Aaron Perlman,≤100
46093654473,National Republican Congressional Committee,NRCC,≤100
1528498354074301,Punching Bag Media - Conservative News,Sean Michael Probber,≤100
100284010017717,Foster Friess,Foster Friess,≤100
6851405967,CREDO Mobile,"CREDO MOBILE, INC.",≤100
159085947564255,American Sugar Alliance,American Sugar Alliance,≤100
167842857168389,The Pressure People,The Pressure People,≤100﻿
192737024112371,TWU Local 556,Transport Workers Union Local 556,≤100
202626512363,U.S. Census Bureau,These ads ran without a disclaimer,≤100
110019893736048,Grandpas Against Trump,Richard Carlton Carlton Daley,≤100
171516669541491,Bright Hope,BRIGHT HOPE INTERNATIONAL,≤100
113139700106608,Should be in Canada 2,Sandra Tabacinic,≤100
102540204580217,UpNorthNews,Courier Newsroom,≤100
104504438466,Federal Voting Assistance Program - FVAP,Federal Voting Assistance Program (FVAP),≤100
11111618026,Union of Concerned Scientists,"UNION OF CONCERNED SCIENTISTS, INC.",≤100
101163924751541,The College Conservatives,Keith Koontz,≤100
43609808159,Happy Family Organics,Happy Family Organics,≤100
122671561263552,Committee for Better Banks,"COMMUNICATIONS WORKERS OF AMERICA, AFL-CIO, CLC",≤100
193618220508,LIFE Today,LIFE Outreach International,≤100
407664862957433,Ammar Campa-Najjar for Congress,AMMAR CAMPA-NAJJAR FOR CONGRESS,≤100
100284648021034,New Tolerance Campaign,New Tolerance Campaign,≤100
86574174383,House Speaker Nancy Pelosi,Office of the Speaker,≤100
101908424664094,Best Home Savers 2020,J D Grace Gorospe,≤100
323083351064533,The News Literacy Project,The News Literacy Project,≤100
735392426643177,NeptuneCafe,NeptuneCafe,≤100
100123544800892,Disme Coin Company,Byron Michael Laughlin,≤100
2099448153445994,Students for Life Action,"STUDENTS FOR LIFE OF AMERICA, INC.",≤100
191975737491988,Jennifer Wexton,WEXTON FOR CONGRESS,≤100
681016675362080,u4See,Aviad Sar Shalom Giath,≤100
1001412010049604,Peace 24-7,John D Linnehan,≤100
490605891393110,Bead the Change,Bead the Change,≤100
833845080319275,The Daily Patriot,Full Tilt Holdings LLC,≤100
290499984378506,"Cade Maestas, Lander City Council",These ads ran without a disclaimer,≤100
393932827634250,Dissent Pins,Common Practice,≤100
2068830876573768,Project Divided,Marley Benjamin Urbas Duchovnay,≤100
64064370581,North Texas Food Bank,North Texas Food Bank,≤100
126279571952,Huru International,HURU INTERNATIONAL,≤100
192448150001,Jeff Anderson & Associates,Jeffrey R Anderson PA,≤100
291260461373618,News and News,News and News,≤100
1597171150506754,The Liberty Project,cleancult,≤100
279846350948,St. Labre Indian School,St. Labre Indian School,≤100
8564653047,"Scott Thomas for Clearwater City Council, Seat 3",Scott Thomas Campaign,≤100
13063797831,Ben Ray Luján,PEOPLE FOR BEN,≤100
1032931246869252,Ditch the Estate Tax,Policy And Taxation Group,≤100
45393753416,Alliance Defending Freedom,Alliance Defending Freedom,≤100
112211450352193,Illinois Justice & Public Safety PAC,Illinois Justice & Public Safety PAC,≤100
107858693983382,The GOP Shop,The GOP Shop,≤100
60865633726,Love Justice International,TINY HANDS INTERNATIONAL,≤100
2323471027903589,Bridging Minds,Bridging Minds,≤100
211049239087028,Association of Young Americans,Benjamin J Brown,≤100
709046012792616,National Audubon Society Action Fund,National Audubon Society Action Fund,≤100
433446973789052,Let Us Vote For A Balanced Budget Amendment Citizen's Campaign,Let Us Vote For A Balanced Budget Amendment Citizen's Campaign,≤100
1148292668573296,Bernie 2020,Robin Alana Crabtree,≤100
152766071443309,The City University of New York,The City University of New York,≤100
2154804598181848,Conservatives informing Conservatives,Charles None Ostertag,≤100
102617961152741,Barbara Bollier,BOLLIER FOR KANSAS,≤100
420424547981908,In Search of Liberty,Scott Dennis Welch,≤100
2452905398272083,Froy Jimenez for Illinois Senate - 1st District,Froy Jimenez for Senate,≤100
39432041915,Capital Research Center,CAPITAL RESEARCH CENTER INC,≤100
7219151423,The Fund for American Studies (TFAS),The Fund for American Studies,≤100
46428009499,The Jewish Agency for Israel,Shiri  Stern,≤100
279599502172409,Patriot Mobile,Patriot Mobile,≤100
109349507328179,Bernie Or Busters,Eric Christopher Mack,≤100
6333396177,NewsBusters.org,MEDIA RESEARCH CENTER,≤100
135403221037,City Journal,City Journal,≤100
156968474833352,Stop Republicans,Stop Republicans,≤100
365591516828390,Georgia's WIN List,Georgia WIN List,≤100
2353537341582545,Proud Patriots,"Unicorn Wealth, LLC",≤100
42597808880,Ami Horowitz,Ami Horowitz,≤100
1812708279016004,PalmieriReport,Jacob William Palmieri,≤100
105060269781,Premiere Collectibles,"Premiere Marketing, Inc.",≤100
522143758171437,Mayor of Woodland Park - vote for VAL CARR,James Val Carr,≤100
2244779792507645,Gray Matters Radio,Gray Matters Radio,≤100
121626482110,Operation Smile,"OPERATION SMILE, INC.",≤100
981661448510937,Meraki Journey,Meraki Bracelets,≤100
25254987383,Joyce Meyer Ministries,"JOYCE MEYER MINISTRIES, INC.",≤100
16534314739,Facing History and Ourselves,"FACING HISTORY AND OURSELVES NATIONAL FOUNDATION, INC.",≤100
77903485992,Concerned Women For America LAC,CONCERNED WOMAN FOR AMERICA LEGISLATIVE ACTION COMMITTEE,≤100
217137015152702,National Sikh Campaign,National Sikh Campaign,≤100
283511548477587,ADD Advocate,Aaron Lawrence Friedman,≤100
258012354252280,Informing Christians,Debra J M Smith,≤100
23790541544,Democrats,DCCC,≤100
596556607135301,The Earthling Co.,Educated Earthling,≤100
314121315788033,Stand with Parkland,Stand With Parkland,≤100
11006419356,The Voice of the Martyrs - USA,"VOICE OF THE MARTYRS, INC., THE",≤100
165014546858456,Free To Choose Network,FREE TO CHOOSE,≤100
1996971637047489,ProQuest Schools & Communities,PROQUEST LLC,≤100
51379424899,Mercy Ships,MERCY SHIPS INTERNATIONAL,≤100
211642542220470,"AARP Medicare Supplement Plans, insured by UnitedHealthcare Insurance Co.",United Healthcare,≤100
1003562459729504,Transportation Nation Network,Transportation Nation Network,≤100
170591064699,Southern Poverty Law Center,"SOUTHERN POVERTY LAW CENTER, INC., THE",≤100
109617800644354,Females First,Dominique Rose Sottile,≤100
79125112926,Students for Life of America,"STUDENTS FOR LIFE OF AMERICA, INC.",≤100
55713447392,30A,James M Ragsdale,≤100
129159563777523,Conservancy of Southwest Florida,ST OF FL CONSERVANCY OF S,≤100
112483970336673,VOPAC Victims of Parental Alienation Community,Bartolo Drago,≤100
184404096774,Lupus Foundation of America,"Lupus Foundation of America, Inc.",≤100
384336778589668,Defend Our Constitution,COMMON CAUSE,≤100
207381586628343,Donna McLeod,Donna T Mcleod,≤100
221890358218748,Til Valhalla Project,Til Valhalla Project,≤100
105229062888132,Stop Soldier Suicide,Stop Soldier Suicide,≤100
130268756992804,Yale Climate Connections,Yale Climate Connections,≤100
94047978366,PCCC - BoldProgressives.org,PROGRESSIVE CHANGE CAMPAIGN COMMITTEE,≤100
1099478666810053,Meals For Pets,Meals for Pets,≤100
278355662356517,BallotReady,"BallotReady, Inc",≤100
35715544220,Stand.earth,STAND,≤100
30618466815,Pacific Legal Foundation,Pacific Legal Foundation,≤100
8321461609,MomsRising.org,MomsRising Together,≤100
300748678230,Tennessee Department of Economic and Community Development,Tennessee Department of Economic and Community Development,≤100
105044144410490,Hot Gear Trends,SI Technews,≤100
114114643384183,Vote Yes for MPS,Vote Yes for MPS Referendum Committee,≤100
125937197447634,ACTA - American Council of Trustees and Alumni,AMERICAN COUNCIL OF TRUSTEES AND ALUMNI,≤100
2012750189007245,Liquid Death Mountain Water,Liquid Death,≤100
265045056894488,Mark Meckler,Convention of States Action,≤100
452797224923658,Democratic Coalition Against Trump,THE DEMOCRATIC COALITION,≤100
102377984581168,A Democrat in the Wilderness,Emmanuel Fourakis,≤100
38235851310,USA for UNHCR,UNITED STATES ASSOCIATION FOR UNHCR,≤100
1055873511190792,Hello Resistance,Hello Resistance Apparel,≤100
1389807071117013,Lynn Afendoulis,Lynn Afendoulis for Congress,≤100
1431647400421353,Sheriff Troy E. Nehls,NEHLS FOR CONGRESS,≤100
1690071827911682,Cleancult,cleancult,≤100
1553978148244954,Build With Strength,Build With Strength,≤100
118502801658228,Young Kim,Young Kim for Congress,≤100
194798557218627,AARP Wyoming,AARP,≤100
23978156246,UnidosUS,UNIDOSUS,≤100
123651254408327,Sokolove Law,"Sokolove Law, LLC",≤100
789696478072946,The Liberty Loft,The Liberty Loft,≤100
1626952504226671,Tiger Grafx LLC,TIGER GRAFX LLC,≤100
7483836629,Ancestry,Ancestry.com Operations Inc.,≤100
502969216761221,Common Sense Civics and Citizenship,Candace Donnelly,≤100
49414386380,Ilegal Mezcal,Ilegal Mezcal,≤100
711909245654048,National Police Support Fund,National Police Support Fund,≤100
49651563727,Live Action,Live Action,≤100
1624907487621555,Rethink My Healthcare,RethinkMyHealthcare Inc,≤100
370657382416,Stanley Black & Decker,These ads ran without a disclaimer,≤100
3136140586411627,Jesse Reyes for Illinois Supreme Court,Committee to Elect Jesse G Reyes,≤100
2077528499191868,Oh Hey Heather,Heather Wirtz,≤100
100137754724934,Trump 2020 Supporters,Proud Right Winger,≤100
132492254050920,American AF,AAF Nation,≤100
107809714081743,Evidence Based Wyoming,Evidence Based Wyoming - Doug Gerard,≤100
34521916336,Brent Bozell,MEDIA RESEARCH CENTER,≤100
170582513587720,Liberty Through Wealth,The Oxford Club,≤100
440850842779072,DuPage Policy Journal,Local Government Information Services,≤100
593289284500311,Trump Rack,BOXD Marketing,≤100
942916745862885,Silver Falls Sustainability Co.,Silver Falls Sustainability Co,≤100
277005566267077,Blueland,Blueland,≤100
102099304568286,Protecting Ohio: Alice DeWine for Greene County Prosecutor,Protecting Ohio Action Fund,≤100
5644748986,National Wildlife Federation,NATIONAL WILDLIFE FEDERATION,≤100
107478604080028,Way To A Happy Heart,Iesha Marriah Nixon,≤100
196743663140,Baha'is of the United States,National Spiritual Assembly of the Baha'is of the United States,≤100
362232354250108,Becky Evans for Georgia House,"Friends of Becky Evans, Inc",≤100
100989951448459,World's News Buzz Updates,Ky'ana Counts,≤100
788394134539871,USPS Business,United States Postal Service,≤100
222811984421691,Cold Bee Gone,Joyce K C None Dales,≤100
255535757792588,Rick Veenstra for Circuit Court Judge,Veenstra for Judge,≤100
6041057841,The Humane Society of the United States,"HUMANE SOCIETY OF THE UNITED STATES, THE",≤100
297281494147774,Good Morning Liberty Podcast,Good Morning Liberty,≤100
383877235817031,Keep America Great,Keep America Great,≤100
1963573807286825,The Western Way,The Western Way,≤100
47710973068,Cooperative Action Network,National Rural Electric Cooperatives Association,≤100
143173285763,Tenth Amendment Center,Tenth Amendment Center,≤100
720943967965149,AFSCME Retirees,AMERICAN FEDERATION OF STATE COUNTY & MUNICIPAL EMPLOYEES,≤100
77852784853,Absolut,Pernod Ricard USA,≤100
148485621883625,40 Days for Life,40 Days for Life,≤100
543066585882629,Libertarian Country,Libertarian Country,≤100
356501381631264,Jerusalem Post,Diane Elise Haner,≤100
598924810530984,Keeping America Great,FamTeeWorld,≤100
1914537155242810,Life: Powered,Texas Public Policy Foundation,≤100
160630887998827,Let Them Live,Let Them Live,≤100
101321914794113,Health Freedom Alliance,Health Freedom Alliance LLC,≤100
8934429638,Planned Parenthood Action,Planned Parenthood Action Fund,≤100
153080620724,Donald J. Trump,TRUMP MAKE AMERICA GREAT AGAIN COMMITTEE,152
6985452607,Brita USA,The Clorox Company,≤100
309094279104553,Twelve Books,"Hachette Book Group, Inc.",≤100
105264094403642,Trump MAGA Swag,James Richard Griffin,≤100
213792049451918,Stand For America Now,Stand For America Inc,≤100
105953890782784,The Factual,The Factual,≤100
149034417891,ettitude,Ettitude,≤100
354329797956187,The Catholic Association,"The Catholic Association, Inc",≤100
142370046577999,Shahid Buttar for Congress,Shahid Buttar for Congress Committee,≤100
100794248139278,Red Wave Movement,Red Wave Movement,≤100
143986912311328,University of Vermont Continuing and Distance Education,University of Vermont,≤100
100256754899828,Patriot's Cave,Lucky Shot USA,≤100
602074469965571,Plan C,NATIONAL WOMENS HEALTH NETWORK,≤100
1340560252687219,MISSIO Hair,MISSIO HAIR,≤100
420785874975425,Conservative Institute,The Conservative Institute,≤100
276131699084792,YWAM Los Angeles,YWAM Los Angeles,≤100
227535924071462,Animal Petitions,AnimalPetitions.org,≤100
8473889271,National Parks Conservation Association,National Parks Conservation Association,≤100
126855128568,FEBC (Far East Broadcasting Company),"FAR EAST BROADCASTING COMPANY, INC.",≤100
2309566456030859,Human Coalition Action,Human Coalition,≤100
1909465542698901,Nelson Recruiting LLC,Jessica Larea Nelson,≤100
493811210669780,Creative Action Network,Creative Action Network,≤100
8325302025,Friends of the Earth U.S.,Friends of the Earth,≤100
2072638396208222,Adam's Nest,"PTOWNLOVESHACK, LLC DBA Adam's Nest",≤100
262062478079324,Mckayla Wilkes for Congress,MCKAYLA WILKES FOR CONGRESS,≤100
1764185850558806,Apex Clean Energy,Apex Clean Energy,≤100
2036389409806378,Backpage's Role in Prostitution and Trafficking,X Social Media LLC,≤100
20566782501,Democracy for America,DEMOCRACY FOR AMERICA,≤100
49978948774,Newsy,Newsy,≤100
28446275521,Military Officers Association of America (MOAA),Military Officers Association of America,≤100
100633308217473,Justice For Sara,Justice For Sara,≤100
169561162745,The National Wild Turkey Federation,"NATIONAL WILD TURKEY FEDERATION, INC.",≤100
332716170522025,America First Action,America First Action,≤100
118916718118531,Feeding America West Michigan,FEEDING AMERICA WEST MICHIGAN,≤100
683872625157265,Theresa Greenfield,THERESA GREENFIELD FOR IOWA,≤100
58158120046,ACLJ,American Center for Law and Justice,≤100
253791814655400,Doug Collins,"COLLINS FOR SENATE, INC.",≤100
52989768601,Population Connection Action Fund,Population Connection Action Fund,≤100
192771954102960,Jordan Sekulow,American Center for Law and Justice,≤100
433919203362871,Bird + Stone,BIRD & STONE INC,≤100
619891858182645,Black Yankee Apparel,Keith R Laskey,≤100
97466887664,Innocence Project,"INNOCENCE PROJECT, INC., THE",≤100
251512801547984,Ken King,Ken King for State Representative,≤100
17911165812,Covenant House International,Covenant House,≤100
112735922758892,Charlie Kirk,Charlie Kirk,≤100
1917715138510680,Follow Your Legend,Legend Bracelet,≤100
11791104453,NRDC,Natural Resources Defense Council,≤100
594519783957655,Citizens for National Security,Citizens For National Security,≤100
50540749125,International Orthodox Christian Charities,"INTERNATIONAL ORTHODOX CHRISTIAN CHARITIES, INC.",≤100
190987118163092,Connected Clothing Company,Connected Clothing Company,≤100
408250066356,Bill O'Reilly,"Bill Me, Inc.",≤100
513785465632396,Airline Passengers for Justice,Airline Passengers for Justice,≤100
179145905973075,Sophie Ratner Jewelry,Sophie Ratner Jewelry,≤100
15503839732,Peter G. Peterson Foundation,Peter G. Peterson Foundation,≤100
117362515005706,The Bowery Mission,The Bowery Mission,≤100
167586229923327,World Food Program USA,World Food Program USA,≤100
394817334402124,2020 Trump Bill,Innovative Ecomm LLC,≤100
107053690842532,ABT 2020,ABT 2020,≤100
130467958471,Jason Lewis,Jason Lewis for Senate,≤100
2096116803831566,Live Poll for Democrats: 11:59 P.M. Deadline,Democratic Governors Association,≤100
29770886815,Marijuana Policy Project,Marijuana Policy Project,≤100
101568761447230,Compensation Experts USA,Injury Compensation Center,≤100
1447994318779650,AirMedCare Network,AIrMedCare Network,≤100
93228695778,Tea Party Patriots,Tea Party Patriots,≤100
245284549333866,ASMDSS,ASMDSS,≤100
10498053716,Media Research Center,MEDIA RESEARCH CENTER,≤100
1449461518652183,4Patriots,4Patriots LLC,≤100
1809715209318581,Marjorie Taylor Greene for Congress,GREENE FOR CONGRESS,≤100
7474340746,Human Rights First,HUMAN RIGHTS FIRST,≤100
186932688457686,CHNGE,CHNGE,≤100
46347342434,EMILY's List,EMILY'S LIST,≤100
328072970642479,Jaime Harrison,JAIME HARRISON FOR US SENATE,≤100
164966660351345,Hope Outfitters,Hope Outfitters,≤100
1039601176181323,Kathy Wyenandt for State Senate,Friends of Kathy Wyenandt,≤100
156994304362574,American Bridge,AMERICAN BRIDGE 21ST CENTURY,≤100
451133985355974,Civitas Capital Group,Civitas Capital Group,≤100
104325844436320,US Dollar Reports,US Dollar Reports,≤100
6500552187,Hulu,"HULU, LLC",≤100
105986927538317,Triump Apparel,Triump Apparel,≤100
175034712516314,WaterAid America,WaterAid America,≤100
110415877229724,Real American Sportsmen,Real American Sportsmen,≤100
192738164073627,A Better Balance,A BETTER BALANCE,≤100
1166660030079480,National Democratic Redistricting Committee,National Democratic Redistricting Committee,≤100
112600915451330,No Labels,No Labels,≤100
103376984454021,Colorado Rising State Action,Colorado Rising State Action,≤100
339509270166412,Representative Kevin Hern,House of Representatives for the 1st District of Oklahoma,≤100
160191644025128,Walton Family Foundation,WALTON FAMILY FOUNDATION INC,≤100
117709002968266,Green Ocean Co.,Green Ocean Co.,≤100
80562389320,NARAL Pro-Choice America,NARAL Pro-Choice America,≤100
47712360678,Jobs With Justice,Jobs With Justice,≤100
284472231667570,Lincoln and Obama,Benjamin E Griessman,≤100
54580146753,Faith in Action,Faith in Action,≤100
121750354532995,Yale Program on Climate Change Communication,Yale Program on Climate Change Communication,≤100
106639387396814,Political Forecast Weekly,These ads ran without a disclaimer,≤100
8492293163,Environmental Defense Fund,Environmental Defense Fund,≤100
107291750775792,The 100 Million,Knight Foundation,≤100
1615018905412860,Progressive Turnout Project,PROGRESSIVE TURNOUT PROJECT,≤100
971668776283950,PolicyEd,Hoover Institution,≤100
229812467461262,Big League Politics,Big League Politics,≤100
73970658023,International Rescue Committee,International Rescue Committee,≤100
25055115099,Intuit,INTUIT INC.,≤100
9132102354,E*TRADE Financial,E*TRADE,≤100
175672252499829,Trending Views,Trending Views,≤100
184731548554164,PL+US,Plus Fund: Paid Leave for the United States,≤100
312652025484896,Americans for Tax Fairness,Americans for Tax Fairness,≤100
9538894955,John F. Kennedy Presidential Library and Museum,"John Fitzgerald Kennedy Library Foundation, Inc.",≤100
1437429989675914,Huckabee,"TRINITY CHRISTIAN CENTER OF SANTA ANA, INC.",≤100
161879897191723,EarthX,EarthX,≤100
487569614682924,CAPP USA,Yellow Line Productions LLC,≤100
110300057228517,David Torres for Congress,Phillip None Fisher,≤100
500410440069924,Dan "Taxation Is Theft" Behrman for President 2020,COMMITTEE TO ELECT DAN TAXATION IS THEFT BEHRMAN,≤100
75305414159,National Beer Wholesalers Association,National Beer Wholesalers Association,≤100
153278754738777,Climate Reality,The Climate Reality Project,≤100
1836138529938551,Greater Half,Greater Half,≤100
107313307477841,KLM Design,Kevin Lynn Mcilroy,≤100
91223411833,Medical Teams International,Medical Teams International,≤100
7292655492,MoveOn,MOVEON.ORG CIVIC ACTION,≤100
70090474914,American Farmland Trust,"AMERICAN FARMLAND TRUST, INC",≤100
142992759853421,Be A Hero,BE A HERO PAC,≤100
383677738397139,Association for Accessible Medicines,Association for Accessible Medicines,≤100
137662367278,League of Women Voters of the U.S.,LEAGUE OF WOMEN VOTERS OF THE UNITED STATES,≤100
410595875750098,Todd Graham - America's Debate Coach,Steven Todd Graham,≤100
269819176888460,Digital Democrat,Grayson Alexander Pangilinan,≤100
178024352559210,Great America PAC,GREAT AMERICA PAC,≤100
101865561191961,Ron Falconi for State Senate,Friends of Ron Falconi,≤100
112414850378589,COVID-19 Tips,Braidi Kase,≤100
126053105675,Save the Redwoods League,Save The Redwoods League,≤100
105556394228711,Republican Authority,Republican Authority,≤100
105561217523274,The_Dispatch,"Dispatch Media, Inc.",≤100
202281636466702,Unseen,Unseen,≤100
259130650776119,Mitch McConnell,MCCONNELL SENATE COMMITTEE,≤100
90498769709,Edenpure,EdenPURE®,≤100
1679521432262834,Physicians Grassroots Network,American Medical Association,≤100
336470580233523,Pins and Aces Golf Co.,US Craft Brands LLC,≤100
497209044353754,Author Austin Grayson,These ads ran without a disclaimer,≤100
120522437962280,Hutchins Center for African & African American Research,The Hutchins Center for African & African American Research at Harvard University,≤100
300992409852,Hoover Institution,Hoover Institution,≤100
296708523873754,Karla Dennis and Associates Inc.,"Karla Dennis & Associates, Inc",≤100
1800072483402009,African Community & Conservation Foundation,African Community & Conservation Foundation,≤100
292351509697,Jerusalem Prayer Team,Jerusalem Prayer Team,≤100
105783281039179,Professional Services Alliance,Professional Services Alliance,≤100
133740559987144,Native American Rights Fund,NATIVE AMERICAN RIGHTS FUND,≤100
1791097094486498,Musings,Musings Magazine,≤100
195155184265445,Choosing Clean Energy: A Campaign of The Nature Conservancy,Nature Conservancy,≤100
134845259917779,Rock 'Em Socks,Rock 'Em Socks,≤100
102047517918,The Commonwealth Fund,"COMMONWEALTH FUND, THE",≤100
92021268117,Working America,Working America,≤100
402120963932260,Counterpoint,Counterpoint,≤100
164513254148611,America's Voice News,Barbara Jean Lawrence,≤100
1334691340028339,Hartigan for Judge,Committee To Elect Russ Hartigan Judge,≤100
342294162453301,Planned Parenthood,Planned Parenthood Federation of America,≤100
106122894312740,Democrat Party Strong,James R Oddo,≤100
351310239372,Associated Republicans of Texas,Associated Republicans of Texas,≤100
103851564652,Waterkeeper Alliance,WATERKEEPER ALLIANCE INC,≤100
105756057589080,The Lincoln Project,The Lincoln Project,≤100
403715869999642,Kathy Ellis for Congress,Ellis for Congress,≤100
434635993263210,"King County, Washington - Government","King County, WA",≤100
263210730984251,We Are Great Again Pac,WE ARE GREAT AGAIN PAC,≤100
108503659576,National Coalition for Public School Options,National Coalition for Public School Options,≤100
602040603170590,Americans for Food and Beverage Choice,Americans for Food and Beverage Choice,≤100
314463908651,After Fifty Living,Joanne Sullivan Lema,≤100
168452723312821,Chisholm Chisholm & Kilpatrick LTD,Chisholm Chisholm & Kilpatrick LTD,≤100
375760676281438,Mermaid Straw,Mermaid Straw,≤100
96171427550,Raja for Congress,FRIENDS OF RAJA FOR CONGRESS,≤100
21492729544,Catholic Relief Services,CATHOLIC RELIEF SERVICES - UNITED STATES CONFERENCE OF CATHOLIC BISHOPS,≤100
106503487393272,Ayala-Gonzalez for Judge 2020,Friends of Laura Ayala-Gonzalez,≤100
166618413413767,Jay Sekulow,American Center for Law and Justice,≤100
13649914583,Equality Now,"EQUALITY NOW, INC.",≤100
260366367717440,Committee to Protect Medicare,Committee to Protect Medicare PAC,≤100
207901812670026,theSkimm,"TheSkimm, Inc",≤100
1695950424027488,Andy Hallinan,Andrew Lawrence Hallinan,≤100
542530592949093,Dave Lindstrom,Lindstrom for Senate,≤100
1747132688647028,Democratic Association of Secretaries of State,Democratic Association of Secretaries of State,≤100
1399926390134311,Nature's Generator,Huntkey USA Inc,≤100
1194865807192273,Conservative Gear,Outergoods LLC,≤100
1682876188698809,United for Respect,United for Respect,≤100
15687409793,World Wildlife Fund,World Wildlife Fund,≤100
321275377976909,The People's Lobby,The People's Lobby,≤100
110312563826283,SadEarth,SADEARTHBRAND,≤100
182723117043,Chicago Council on Global Affairs,"CHICAGO COUNCIL ON GLOBAL AFFAIRS, THE",≤100
463095630924391,US Business Funding,Credox,≤100
95356211637,Ben Ferguson,Ben Ferguson show,≤100
267180743723148,National Geographic Society,National Geographic Society,≤100
126575267904438,Love Beauty and Planet,Unilever,≤100
332172544231683,America's Plastic Makers,"AMERICAN CHEMISTRY COUNCIL, INC.",≤100
2181403648815959,America United,America United Daily,≤100
46372749933,University Business Magazine,LRP Media Group,≤100
260401648038890,Science101,Novelty Media,≤100
111955243675833,Brut News,Brut Media,≤100
174009339411865,SmartNews,"SmartNews International, Inc.",≤100
1701899883357807,Seed Your Future,Seed Your Future,≤100
1050320055029012,Outrider Foundation,OUTRIDER FOUNDATION,≤100
136121223083299,Sea Turtle Conservancy,"SEA TURTLE CONSERVANCY, INC.",≤100
243510442756370,Justice Democrats,JUSTICE DEMOCRATS PAC,≤100
1419480864851393,Arizona Mirror,Arizona Mirror,≤100
128155811565,Wyoming Liberty Group,Wyoming Liberty Group,≤100
999775873528189,Stopping Socialism,The Heartland Institute,≤100
8057376739,The Nature Conservancy,Nature Conservancy,≤100
129255907131113,NumbersUSA,NUMBERSUSA EDUCATION AND RESEARCH FOUNDATION,≤100
630841967406196,StepChange Clothing,Joseph Harry Wagner,≤100
169597416843751,Stand Up America,Stand Up America,≤100
465483726908192,iVote,IVote Civic Education Fund,≤100
372701716170134,Sold No More,Samantha C Byard,≤100
8002590959,Rainforest Action Network,RAINFOREST ACTION NETWORK,≤100
169830155029,m/Oppenheim Associates,m/Oppenheim,≤100
2059019737447210,ChangeRoots,ChangeRoots,≤100
150322194563,PASA Primates: Pan African Sanctuary Alliance,PAN AFRICAN SANCTUARIES ALLIANCE,≤100
360424321432255,Doha Debates,Doha Debates,≤100
2070944712939738,American Police Officers Alliance,American Police Officers Alliance,≤100
431099560800970,Front Page Live,"Front Page Live, Inc.",≤100
112353640205530,Samuel Hulse,Samuel Mark Hulse,≤100
384676381708957,Education NC,Education NC,≤100
24330467048,Americans for Prosperity,AMERICANS FOR PROSPERITY,≤100
122773549121265,President Trump for Nobel Peace Prize 2020,Tarek None Kteleh,≤100
21455818797,Feed the Children,"FEED THE CHILDREN, INC.",≤100
44948378512,Destiny Image Publishers,"DESTINY IMAGE, INC.",≤100
28510612138,Uncommon Knowledge,Hoover Institution,≤100
2377166239179411,Nancy Goroff for Congress,Goroff for Congress,≤100
1708467695859543,Veteran Transition Mission,Sonia Ivelisse Barriera Ayala,≤100
116534199732974,USA Carry Online,USA Carry Online,≤100
115403471809909,Plastic Oceans,PLASTIC OCEANS INTERNATIONAL,≤100
140944265994166,Center for Addiction Services and Psychotherapy Interventions Research,a research grant at The National Center on Addiction and Substance Abuse (CASA),≤100
510680265702016,Crowned Free,Crowned Free,≤100
103372041280696,Jennifer Butler,Gregory Philip Williams,≤100
379594116100374,CaucusRoom,These ads ran without a disclaimer,≤100
993668450793555,Alliance for Housing Justice,PUBLIC ADVOCATES INC,≤100
376776419037747,Turning Point USA,Turning Point USA,≤100
110304423857607,Patriot Wear,Brandon Kyle Fink,≤100
370783806625168,CarsonWatch,PUBLIC ADVOCATES INC,≤100
101336841260036,The Christie Institute for Public Policy,The Christie Institute for Public Policy Inc.,≤100
111181236964067,New Mexico News Share,New Mexico News Share,≤100
2283535575207809,Ditch Mitch,DITCH FUND,≤100
1148818901808925,Sheriff Jim Neil,Keep Jim Neil Sheriff Committee,≤100
602714436529710,End Citizens United,END CITIZENS UNITED,≤100
534488750036661,"Ohio Value Voters, Inc.","Ohio Value Voters, Inc.",≤100
1529468987331408,BulbHead,TELEBRANDS CORP.,≤100
1696537410609658,Graham Hill - Member of NRA Board of Directors,Graham Hill for NRA Board,≤100
56332452163,AMA Patients Action Network,American Medical Association,≤100
109784800371914,Protect Kids: Fight Flavored E-Cigarettes,TOBACCO-FREE KIDS ACTION FUND,≤100
83960796709,Institute for Southern Studies,INSTITUTE FOR SOUTHERN STUDIES INC,≤100
34362997676,United States Holocaust Memorial Museum,UNITED STATES HOLOCAUST MEMORIAL MUSEUM,≤100
228754857151053,House Majority PAC,House Majority PAC,≤100
1425435377743310,Conversations with Bill Kristol,The Foundation for Constitutional Government,≤100
29883711738,Independent Women's Voice,Independent Women's Voice,≤100
6500552187,Hulu,These ads ran without a disclaimer,≤100
1224156504416050,American Patriot Depot,American Patriot Depot,≤100
111082723761270,K.C. Tomlinson for State Representative,K.C. Tomlinson for State Representative,≤100
1010143499143169,Medicare Savings,"Mayo Labs, LLC",≤100
100179808132206,Resonation,Resonation Inc,≤100
376695479838990,CrowdSourced Politics,Anthony Charles Straine,≤100
298920260604,American Heart Association - Nebraska,American Heart Association,≤100
158791100909689,Concerned Veterans for America,Concerned Veterans for America,≤100
103276597856432,The Trump Collective,Alexander Quinn Urbach,≤100
111324359048459,Dr. Roger Marshall,KANSANS FOR MARSHALL,≤100
121033149320,American Indian College Fund,"AMERICAN INDIAN COLLEGE FUND, THE",≤100
496341171111777,Mike Broihier for Kentucky,MIKE BROIHIER FOR SENATE,≤100
1025055787535714,A Case for Women,A Case for Women,≤100
46785153750,National Fair Housing Alliance,National Fair Housing Alliance,≤100
511235549007985,PRJKT RUBY,PRJKT RUBY,≤100
109360297266116,Fearless Patriot,TERESA NONE OHARA-MARSH,≤100
163148530407080,Captain Mark Kelly,MARK KELLY FOR SENATE,≤100
5887538795,Education Week,Education Week,≤100
17023576156,The Leadership Conference on Civil and Human Rights,The Leadership Conference on Civil and Human Rights,≤100
15771560300,Earthjustice,EARTHJUSTICE,≤100
70795936969,Children International,CHILDREN INTERNATIONAL,≤100
654671537880859,ArtProfileratx,ArtProfiler,≤100
100579177991814,Linda Thompson Gonzalez for FL House 93,LindaTGonzalez for Florida State House District 93,≤100
67945990059,The American Petroleum Institute,AMERICAN PETROLEUM INSTITUTE,≤100
127225910653607,PragerU,PragerU,≤100
101455931403422,Support WE Schools,Willoughby Eastlake Levy Committee,≤100
81517275796,UNICEF USA,UNITED STATES FUND FOR UNICEF,≤100
298964866859647,Flows To Bay,Flows To Bay,≤100
138141366212571,Gravis Marketing,GRAVIS MARKETING INC.,≤100
717417908274761,Lady Freethinker,Lady Freethinker,≤100
168367339845613,The Humane League,The Humane League,≤100
369213013828722,El Paso County Colorado Progressive Veterans,El Paso County Democratic Veterans Initiative dba El Paso County Colorado Progressive Veterans,≤100
500781790066978,Sedera,Alana Marguerite Wong,≤100
197760674021143,Indivisible Guide,INDIVISIBLE ACTION,≤100
1552070021731538,Be Conscious. Be Kind.,Be Conscious. Be Kind.™️,≤100
67011831040,Canon Press,Canon Press,≤100
680549575421741,UnitedVoice.com,"Beachside Media, Inc.",≤100
359933137438156,Nine Line Apparel,Nine Line Apparel,≤100
911828698840246,ReLEntless Defender Apparel,ReLEntless Defender Apparel,≤100
48485058304,Pachamama Alliance,"PACHAMAMA ALLIANCE, THE",≤100
1374134752633656,New Health Plans,Shop Insurance Plans,≤100
200201209253,Latino Community Foundation,Latino Community Foundation,≤100
102860661680,Quetico Superior Wilderness News,Quetico Superior Foundation,≤100
101755761321515,Aaron Harber for CU Regent,Harber for Colorado,≤100
589787637733608,Scherie S. Murray,SCHERIE MURRAY FOR CONGRESS,≤100
109665250456365,The Armed Patriot,Kenneth Micheal Parkerson,≤100
118379493631,Episcopal Relief & Development,EPISCOPAL RELIEF AND DEVELOPMENT,≤100
478339735681991,Friends of Joe Cook,Friends Of Joe Cook,≤100
1905515863109983,Power In Cooperation,ConocoPhillips,≤100
26006662641,Arizona Democratic Party,Arizona Democratic Party,≤100
11024050756,Bioneers,Bioneers,≤100
987698164585861,Citizen Ed,Citizen Education,≤100
138492335404,Scott Walker,"Walker Group, LLC",≤100
730523726972795,Ponytail Mafia,Danna Lucia Siciliano,≤100
171651620209487,Brady PAC,Brady Pac,≤100
137427899615856,"Central Union Mission, DC",CENTRAL UNION MISSION (INC),≤100
458142697588014,AARP Public Policy Institute,AARP,≤100
557113921291144,Learning Dynamics,4 Weeks To Read LLC,≤100
181183059253295,Dorsal Bracelets,Dorsal Bracelets,≤100
83290028957,Care Net,CARE NET,≤100
176789922364429,Steve Daines,STEVE DAINES FOR MONTANA,≤100
100954708112820,Americans for Medicare Dental Coverage,Freeroots,≤100
1799282383731277,TwoSeventy,Alexander Jared Deutsch,≤100
100298938781,Robert Wood Johnson Foundation,Robert Wood Johnson Foundation,≤100
100577113613446,Rock Your Bathroom,SK LANG Products,≤100
8145161702,Lambda Legal,"LAMBDA LEGAL DEFENSE & EDUCATION FUND, INC.",≤100
147523538641547,Capitol Ministries,CAPITOL MINISTRIES,≤100
1018914308173454,FStop Foundation,"FSTOP FOUNDATION INC, THE",≤100
219842411373576,Faith Mission,Lutheran Social Services of Central Ohio,≤100
807322165945344,Rick White,Richard T White,≤100
133764907211570,Concerned Citizen,Steven Niems,≤100
1435071773455316,Daily Wire,The Daily Wire,≤100
6204742571,Sierra Club,SIERRA CLUB,≤100
6502038524,First Book,FIRST BOOK,≤100
514167322309353,Dan Crenshaw,Dan Crenshaw for Congress,≤100
316955281351,APWU - The American Postal Workers Union,AMERICAN POSTAL WORKERS UNION,≤100
109678580574253,Politicool Clothing Co.,PolitiCoolClothing.com,≤100
127755494595870,Progressive Takeover,PROGRESSIVE TAKEOVER,≤100
169130743498585,Tactical Pro Supply,Chad Keller,≤100
319982881752525,Kara Eastman,EASTMAN FOR CONGRESS,≤100
571182609571332,NextGen America,NEXTGEN CLIMATE ACTION COMMITTEE,≤100
236369846383459,Congressional Black Caucus PAC,Congressional Black Caucus PAC,≤100
586751814690068,Joni Ernst,Joni for Iowa,≤100
104704000907113,Herb Schultz for Rock Island County State's Attorney,Friends of Herb Schultz,≤100
180008532044787,Adventure Scientists,Adventure Scientists,≤100
375307592830342,The Veterans Advocacy and Benefit Association,VABA LLC,≤100
780941275347834,Ilhan Omar,ILHAN FOR CONGRESS,≤100
223315101050132,Waters Kraus & Paul,Waters Kraus & Paul,≤100
111704606890940,Brian Martin for Congress 2020,Brian Martin for Congress,≤100
178647322882839,MarinerEast2,Energy Transfer,≤100
184373328845372,Gigi Raffe,Gigi Raffe,≤100
830890360316751,Nick Hanauer,Civic Action,≤100﻿
665345483483486,NRA - National Rifle Association of America,NATIONAL RIFLE ASSN OF AMERICA,≤100
59543893235,National Constitution Center,National Constitution Center,≤100
108970206976,World Vision USA,WORLD VISION INC.,≤100
20787991568,Senate Democrats,DSCC,≤100
1316308285142040,Planet Home,"Equilibrium Management, LLC",≤100
111946517063849,Pets4Watkins,The Committee to Elect David Watkins,≤100
152334631910868,Brewers Association,Brewers Association,≤100
224058138586,Greater Fort Lauderdale Alliance,Broward Alliance / DBA Greater Fort Lauderdale Alliance,≤100
1438882392887793,ADF Church Alliance,Alliance Defending Freedom,≤100
791543660926838,"I'll go ahead and keep my guns, Thanks",2A4LIFE LLC,≤100
18709174006,National Audubon Society,"NATIONAL AUDUBON SOCIETY, INC.",≤100
13187955196,Young Americans for Liberty,Young Americans for Liberty,≤100
146817005352784,Wellness.com,"Beachside Media, Inc.",≤100
7629206115,The Nation Magazine,"NATION COMPANY, LLC, THE",≤100
1336293769761923,Jon Ossoff,JON OSSOFF FOR SENATE,≤100
198875903295,Trek Bicycle,TREK BICYCLE CORPORATION,≤100
24470472733,The Trevor Project,The Trevor Project,≤100
110509307164141,American Patriot Unite,American Patriot Unite,≤100
1837356789847797,Fulcrum News,David George Seaman,≤100
145380305523723,Secure America Now,Secure America Now,≤100
175403889150682,FindLaw.com,FindLaw Consumer,≤100
113330620093147,Sunny for Congress,Suneetha Chaparala,≤100
117039803022825,Araceli De La Cruz For Judge,Friends of Araceli Reyes De La Cruz,≤100
692098794280101,Seth Gruber,Seth David Gruber,≤100
1525472414388476,Better Wyoming,Better Wyoming,≤100
111970730196550,World War Zero,AMERICAN SECURITY PROJECT,≤100
106736034281444,This Place People Together,Lucy  Tran,≤100
96935476345,Democratic Governors Association (DGA),Democratic Governors Association,≤100
321250352104571,Valerie Plame,VALERIE PLAME FOR CONGRESS,≤100
160389977329803,ATTN:,ATTN: INC.,≤100
92925746942,Judicial Watch,Judicial Watch,≤100
28889108258,Gospel for Asia,"GOSPEL FOR ASIA, INC.",≤100
137569740231452,Respect The Look,Respect The Look,≤100
255587152180,Shavitz Law Group,Paul James Herrmann,≤100
201956993160690,MRCTV,MEDIA RESEARCH CENTER,≤100
107803440835562,US Hot Gears,Click Wonders,≤100
525171637666780,Sandy Piña California Delegate,RCR,≤100
654470874584798,Save The Inventor,Innovation Alliance,≤100
102756811269921,Fellow Americans,Fellow Americans,≤100
18479402361,No Kid Hungry,No Kid Hungry,≤100
8815573924,Utah Food Bank,UTAH FOOD BANK,≤100
917165515112598,Progressive Power,USA Unify Media Inc,≤100
123963360928,SiriusXM,SiriusXM,≤100
202626512363,U.S. Census Bureau,U.S. Census Bureau,111
30708742052,FCTRY,FCTRY,≤100
346814612024906,BoyerAZ,Boyer for Senate,≤100
314499212242,Pfizer,Pfizer Inc.,≤100
7976226799,The Daily Show,Comedy Central,≤100
1543830612580575,Beesponsible,Beesponsible,≤100
395414573846518,SunFrog Shirts,SunFrog LLC,≤100
110019037232941,Our Earth Straws,Our Earth Straws,≤100
128167457221813,Public Transportation,Voices for Public Transit,≤100
103532451038835,Wooden Journey,Wooden Journey,≤100
530628950745171,Vote In Or Out,Lisa Chin Mollica,≤100
289359554914740,We Have A Stake,The ANCOR Foundation,≤100
137459917707,The Brookings Institution,The Brookings Institution,≤100
323631667743052,Rep. Rodney Davis,U.S. Rep. Rodney Davis,≤100
234142976633158,Wake Up World & Smell the Coffee,Edith Dume Lerner,≤100
8924408197,National Partnership for Women & Families,National Partnership for Women & Families,≤100
18982436812,ACLU,American Civil Liberties Union,≤100
1947204578916961,Kionne McGhee,"Kionne McGhee, Non-Partisan, for Miami-Dade County Commissioner District 9",≤100
105175422857231,Association of American Railroads,ASSOCIATION OF AMERICAN RAILROADS,≤100
1961490360828207,SEMA US,SEMA US,≤100
39851621214,Student Press Law Center,STUDENT PRESS LAW CENTER INC,≤100
169543260659539,The Venn Media,The Venn Media,≤100
1084856268238034,Trump Talking,Roberto None Lugo,≤100
112325855474892,Speak Up For Education and Kids,National Education Association,≤100
305832706292882,American Gun Association,GunAssociation.org,≤100
210277954204,The Young Turks,"The Young Turks, Inc.",≤100
331037760381749,Sierra Magazine,SIERRA CLUB,≤100
2058612901075444,Melanie Leneghan for Republican State Central Committee,Leneghan for Central Committee,≤100
309798029121030,Everytown for Gun Safety,Everytown for Gun Safety Support Fund Inc,≤100
1387062348242626,ProgressNow Arizona,ProgressNow AZ,≤100
100822738050183,Trump Star 2020,Greek Steel LLC,≤100
7962229886,Environmental Working Group,ENVIRONMENTAL WORKING GROUP,≤100
769395966523308,Eddie J. Mauro,MAURO SENATE CAMPAIGN TEAM,≤100
547176209061125,Medicare for All NOW,Medicare For All NOW!,≤100
259343267436363,Representative Ed Thompson,Friends of Ed Thompson,≤100
131217580266597,National Council on Aging,"NATIONAL COUNCIL ON AGING, INC.",≤100
128364383840489,Chris Larson,Larson for MKE,≤100
109712673845685,Alliance for Charitable Excellence,Alliance for Charitable Excellence,≤100
104845836238949,World Animal Protection US,World Animal Protection,≤100
16477459734,League of Conservation Voters,"LEAGUE OF CONSERVATION VOTERS, INC",≤100
260754507296508,The Voter Participation Center,Voter Participation Center,≤100
1637823176332591,Ecocred,Branislav Seslija,≤100
6355071377,American Cancer Society Cancer Action Network - ACS CAN,AMERICAN CANCER SOCIETY CANCER ACTION NETWORK INC,≤100
108111910614278,Planet911,Plane 911,≤100
151894654697,Save Our States,"OKLAHOMA COUNCIL OF PUBLIC AFFAIRS, INC.",≤100
109330015765713,American Friends of the Episcopal Diocese of Jerusalem,AMERICAN FRIENDS OF THE EPISCOPAL DIOCESE OF JERUSALEM. INC.,≤100
108777231824,Manhattan Institute for Policy Research,MANHATTAN INSTITUTE FOR POLICY RESEARCH INC,≤100
5633824547,FreedomWorks,"FREEDOMWORKS, INC.",≤100
215689771967950,Plastic Tides,"Plastic Tides, Inc.",≤100
587681288088728,Adam Brandon,"FREEDOMWORKS, INC.",≤100
165238836870566,MRC Culture,MEDIA RESEARCH CENTER,≤100
291102898490822,Giant Maga Hat,Inventors club LLC,≤100
358728047975931,Robert Martwick,Friends of Robert Martwick,≤100
21375324480,The Heritage Foundation,HERITAGE FOUNDATION (THE),≤100
104853560939069,Ross LaJeunesse for Maine,ROSS FOR MAINE,≤100
329272720965256,GALvanize USA,GALvanize USA,≤100
1290536624348001,Informed Immigrant,FWD.us Education Fund,≤100
28729603879,Food Bank of the Rockies,Food Bank of the Rockies,≤100
43647453076,familydoctor.org,AMERICAN ACADEMY OF FAMILY PHYSICIANS,≤100
196382377057315,Learn Our History,Learn Our History,≤100
2196281620653830,Footprint,Footprint,≤100
950998258312654,Knowhere,"Knowhere, Inc.",≤100
136211573758668,State Representative Steve Allison,Steve Allison,≤100
100847831440144,Trump 2020 Tees,Robert William Zagby,≤100
154471447959196,Institute for Veterans and Military Families - IVMF,Institute for Veterans and Military Families,≤100
264115353958802,Independence Party,Brent Morris,≤100
468906559794011,LaunchGood,LaunchGood Inc.,≤100
21559454473,FAIR,FEDERATION FOR AMERICAN IMMIGRATION REFORM,≤100
345378512258813,Elise Stefanik,ELISE FOR CONGRESS,≤100
129523843754764,Vote Smart,PROJECT VOTE SMART,≤100
429651323843750,Verizon Wireless Workers Rising,"COMMUNICATIONS WORKERS OF AMERICA, AFL-CIO, CLC",≤100
6165653060,AFSCME,AMERICAN FEDERATION OF STATE COUNTY & MUNICIPAL EMPLOYEES,≤100
101183127996396,Four Is Enough,PACRONYM,≤100
106883907479649,HUPAC - Health Underwriters Political Action Committee,NATIONAL ASSOCIATION OF HEALTH UNDERWRITERS PAC (HUPAC),≤100
194377127954,Ladders,These ads ran without a disclaimer,≤100
1600352356914768,PushBlack,PushBlack,≤100
101591551371555,Fire Mitch. Save America.,SAVE AMERICA FUND,≤100
1580844735465499,Mighty Oaks Warrior Programs,Mighty Oaks Foundation,≤100
18813753280,Human Rights Campaign,"HUMAN RIGHTS CAMPAIGN, INC.",≤100
11918108948,African Wildlife Foundation,AFRICAN WILDLIFE FOUNDATION,≤100
876792955797863,Pillow Guy,These ads ran without a disclaimer,≤100
110201667002800,Jewish Republican Alliance,YukoSocial LLC,≤100
175149559508478,TreeDiaper,Zynnovation LLC,≤100
1711465445765878,Nancy Pelosi,NANCY PELOSI FOR CONGRESS,≤100
661744180680367,National Police Association,"NATIONAL POLICE ASSOCIATION, INC.",≤100
109097990639753,Unite for Colorado,Unite for Colorado,≤100
112955806896246,Dalia Al-Aqidi,Dalia for Congress,≤100
107456970701014,Mary Fitzgerald for District 31 House,Aary Fitzgerald,≤100
1495305734112316,Keep Tuttle for Clerk of Courts,Elect Tuttle for Clerk of Courts,≤100
627951147293090,FatFinger,Fat Finger LLC,≤100
167818016571872,Ann & Robert H. Lurie Children's Hospital of Chicago,Ann & Robert H. Lurie Children's Hospital of Chicago,≤100
134571176638205,One Tree Planted,One Tree Planted,≤100
139599847972,National Nurses United,BE A HERO PAC,≤100
38882699096,Polaris,POLARIS PROJECT,≤100
797361757127895,Justin Busch,Justin Busch for State Senate,≤100
342887442508723,Convention of States,Convention of States Action,≤100
592074077639509,Donald Trump Is Our President,Power To The Publisher,≤100
130025717077175,The Orangutan Project,These ads ran without a disclaimer,≤100
54210104594,Indiana University,Indiana University,≤100
97624620788,American Friends of Magen David Adom,AMERICAN FRIENDS OF MAGEN DAVID ADOM,≤100
302718150248207,Wyoming Rural Electric Association,Wyoming Rural Electric Association,≤100
425523490830832,Baresoaps,Jessie Babbitt,≤100
110084740444015,The Artist Out,The Artist Out,≤100
284561131891923,Skip Daly,Daly for Assembly District 31,≤100
130025717077175,The Orangutan Project,"ORANG UTAN REPUBLIK FOUNDATION, INC.",≤100
299588323424419,Legal Newsline,The Record,≤100
7833534974,Florida Democratic Party,Florida Democratic Party,≤100
169710960125365,Curzio Research,Curzio Research Inc.,≤100
100911481267154,"Luke Gromen - FFTT, LLC","FFTT, LLC",≤100
109092142462587,Adam Schiff,SCHIFF FOR CONGRESS,≤100
54787697857,Ron Wyden,WYDEN FOR SENATE,≤100
25998443394,MedPage Today,"EVERYDAY HEALTH, INC.",≤100
467503009987109,"Healthy Forests, Healthy Communities","Healthy Forests, Healthy Communities",≤100
294196590710262,FWD.us,FWD.us,≤100
334748476594191,Rodney Davis,Rodney for Congress,≤100
1338822066131069,Women's March,Women's March,≤100
738298126313472,John Thomas Political Strategist,The Thomas Guide Show,≤100
114710126648118,Republican Dogs,Republican Dogs,≤100
151752186809,Wyoming Republican Party,Wyoming Republican Party,≤100
345504286342057,Keeping America Great Again,RightWingGear.com,≤100
27544763621,Prison Fellowship,Prison Fellowship,≤100
1750471095167410,Trump Train News,Trump Train News,≤100
110316380149,Family Policy Alliance,Family Policy Alliance,≤100
125319303823,Champlain College,Champlain College Incorporated,≤100
101317101242156,Make America Kind Again,Benevolently,≤100
203197030603239,8 Billion Trees,8 Billion Trees LLC,≤100
626681524134752,Williamson County Sheriff  Robert Chody,Robert Chody for Sheriff,≤100
104933662932387,CreativeFuture,CreativeFuture,≤100
1824503584434809,I Vaccinate,Michigan Department of Health and Human Services,≤100
79820371749,Ayanna Pressley,THE COMMITTEE TO ELECT AYANNA PRESSLEY,≤100
143509339045414,Americans for Peace and Tolerance,"AMERICANS FOR PEACE AND TOLERANCE, INC.",≤100
152926718105068,FloWater,FloWater,≤100
40973310753,Pathfinder International,Pathfinder International,≤100
8532248414,Wounded Warrior Project,"WOUNDED WARRIOR PROJECT, INC.",≤100
102592959026,Ocean Conservancy,"OCEAN CONSERVANCY, INC.",≤100
226392040719886,Poached Jobs,Poached Jobs,≤100
169204449790211,Conservative News Today,"BizPac Review, Inc.",≤100
109818220645741,Coronavirus Shirt Company,Coronavirus Shirt Co,≤100
1945237355733646,Giving Brush,Giving Brush LLC,≤100
555394394483002,Urban Resource Institute,Urban Resource Institute,≤100