﻿Page ID,Page Name,Disclaimer,Amount Spent (USD)
153080620724,Donald J. Trump,TRUMP MAKE AMERICA GREAT AGAIN COMMITTEE,7971
20531316728,Facebook App,"Facebook, Inc.",4946
925007000949719,ExxonMobil,Exxon Mobil Corporation,2852
1771156219840594,Team Trump,TRUMP MAKE AMERICA GREAT AGAIN COMMITTEE,2811
6726182861,Mike Pence,TRUMP MAKE AMERICA GREAT AGAIN COMMITTEE,2403
7860876103,Joe Biden,BIDEN VICTORY FUND,2196
1615018905412860,Progressive Turnout Project,PROGRESSIVE TURNOUT PROJECT,896
2346217618936823,Kendra Horn for Congress,KENDRA HORN FOR CONGRESS,689
202626512363,U.S. Census Bureau,U.S. Census Bureau,626
156968474833352,Stop Republicans,Stop Republicans,606
747436915270894,Congressional Leadership Fund,CONGRESSIONAL LEADERSHIP FUND,505
1162286517277297,Canvass America,Canvass America,467
9324910069,NRSC,NRSC,439
127755494595870,Progressive Takeover,PROGRESSIVE TAKEOVER,409
150763151677363,Markwayne Mullin,MULLIN FOR CONGRESS,370
791543660926838,"I'll go ahead and keep my guns, Thanks",2A4LIFE LLC,365
20787991568,Senate Democrats,DSCC,357
165987503528599,Lindsey Graham,"TEAM GRAHAM, INC.",349
602714436529710,End Citizens United,END CITIZENS UNITED,342
1096328397070428,Hunger Free Oklahoma,TULSA COMMUNITY FOUNDATION,317
665345483483486,NRA - National Rifle Association of America,NATIONAL RIFLE ASSN OF AMERICA,298
14856729724,Gap,Gap Inc,280
2352630938293825,Mytacticalpromos,Entremax,257
259130650776119,Mitch McConnell,MCCONNELL SENATE COMMITTEE,250
1635441679872518,Kimberly Klacik,Kim Klacik for Congress,243
127225910653607,PragerU,PragerU,223
158791100909689,Concerned Veterans for America,Concerned Veterans for America,218
114710126648118,Republican Dogs,Republican Dogs,218
96935476345,Democratic Governors Association (DGA),Democratic Governors Association,206
834645469890446,Devin Nunes,DEVIN NUNES CAMPAIGN COMMITTEE,194
24330467048,Americans for Prosperity,AMERICANS FOR PROSPERITY,191
116222966843926,US Concealed,US Concealed,190
327202261326682,Stephanie Bice,Bice for Congress,179
1883837055193241,Shield Republic,Shield Republic,167
101165966152,AFL-CIO,AFL-CIO,165
168051710543266,Lacy Johnson,Lacy Johnson for Congress,157
65364914445,Oklahoma Council of Public Affairs,"OKLAHOMA COUNCIL OF PUBLIC AFFAIRS, INC.",155
92925746942,Judicial Watch,Judicial Watch,151
100137754724934,Trump 2020 Supporters,Proud Right Winger,148
159964696102,Kevin McCarthy,KEVIN MCCARTHY FOR CONGRESS,148
96935476345,Democratic Governors Association (DGA),DEMOCRATIC ACTION,142
57259033959,AARP,AARP,142
106224464107240,Jo Jorgensen,Jo Jorgensen for President,141
176789922364429,Steve Daines,STEVE DAINES FOR MONTANA,138
5633824547,FreedomWorks,"FREEDOMWORKS, INC.",135
100391581727524,Defeat By Tweet,DEFEAT BY TWEET,131
1061240530648502,Joe Collins,JOE COLLINS FOR CONGRESS,130
830121337093232,National Democratic Training Committee,NATIONAL DEMOCRATIC TRAINING COMMITTEE PAC,130
328072970642479,Jaime Harrison,JAIME HARRISON FOR US SENATE,130
15188122178,The Hamilton Collection,The Hamilton Collection,124
328853823844484,Balance of Power,Balance of Power,124
314499212242,Pfizer,Pfizer Inc.,124
355316521236121,John Cornyn,TEXANS FOR SENATOR JOHN CORNYN INC.,123
106244251043808,Reuse Plastics,"AMERICAN CHEMISTRY COUNCIL, INC.",119
101279451606075,Democratic Strategy Institute,Democratic Strategy Institute,117
717115395103069,PrintedKicks,Printed Kicks,113
342294162453301,Planned Parenthood,Planned Parenthood Federation of America,112
85452072376,Newsmax,Newsmax Media,110
1528980567353817,Love Has No Labels,Love Has No Labels with Facebook Ad Credits,109
278490715553293,Martha McSally,MCSALLY FOR SENATE INC,109
109379100777665,Patriotism Isn't Dead,Patriot Polling,103
2353537341582545,Proud Patriots,Proud Patriots,103
327837911149503,2A4Life,2A4LIFE LLC,101
294196590710262,FWD.us,FWD.us,101
1374134752633656,New Health Plans,Shop Insurance Plans,101
288035911228085,Frank Lucas,LUCAS FOR CONGRESS,≤100
7483836629,Ancestry,Ancestry.com Operations Inc.,≤100
46093654473,National Republican Congressional Committee,NRCC,≤100
291318298488215,Veterans for Career Education,Veterans for Career Education,≤100
7976226799,The Daily Show,Comedy Central,≤100
105756057589080,The Lincoln Project,The Lincoln Project,≤100
100355778430951,By Our Own Bootstraps,Brandon Vu,≤100
160596130662670,Tulsa Health Department,Tulsa Health Department,≤100
51405613519,Focus on the Family,Focus on the Family,≤100
109320440856128,Together Beat Hate,"Foundation to Combat Anti-Semitism, Inc.",≤100
105577974544303,The USA Needs More Patriots,Anthony Alexander Morales,≤100
216311481960,Bill Gates,Bill Gates,≤100
112167446928938,Trump Pop Up Shop,Jeremy Wayne Boyts,≤100
18982436812,ACLU,American Civil Liberties Union,≤100
239866352781313,Tom Cole,COLE FOR CONGRESS,≤100
405469100189512,Still My President - Donald Trump,Red State Politics LLC,≤100
143089732792,Marsha Blackburn,Marsha for Senate,≤100
1163921807008864,MINT & LILY,Mint&Lily,≤100
101329438317952,Story Network Action,Story Network Foundation,≤100
105577974544303,The USA Needs More Patriots,AmeriPolling,≤100
210333902420876,Sean Parnell,AMERICANS FOR PARNELL COMMITTEE,≤100
100233228182981,Madison Cawthorn for Congress,CAWTHORN FOR NC,≤100
737686089933715,Conservative Collections,Mainline Media Group,≤100
103036584847574,The Good Neighbor,Brandon Vu,≤100
598924810530984,Keeping America Great,FamTeeWorld,≤100
700806360047982,CFG Action,Club for Growth Action,≤100
116844906527185,OKvote,OK Vote,≤100
1467725903304588,EZ Insure,Benepath,≤100
49651563727,Live Action,Live Action,≤100
213792049451918,Stand For America,Stand For America Inc,≤100
113666459994300,Big Dan Rodimer for Congress,RODIMER FOR CONGRESS,≤100
228754857151053,House Majority PAC,House Majority PAC,≤100
5435784683,Greenpeace USA,"GREENPEACE, INC.",≤100
680894095682539,Cowboy Life,"Nine Ranch Enterprises, LLC",≤100
518194348194441,RepresentUs,RepresentUs,≤100
461204744067686,Family Protection Association,Family Protection Association,≤100
1316372698453411,Alexandria Ocasio-Cortez,Alexandria Ocasio-Cortez for Congress,≤100
1109093812491437,Blaze Media,Blaze Media LLC,≤100
305832706292882,American Gun Association,GunAssociation.org,≤100
140357056032320,NEA Today,National Education Association,≤100
6756153498,Mike Bloomberg,Mike Bloomberg,≤100
103597604713894,Team Trump Store,TRUMP MAKE AMERICA GREAT AGAIN COMMITTEE,≤100
481559282597914,TrumpersUnite,Respect The Look,≤100
101788168307680,Pause Politics,FreedomWorks Foundation,≤100
114230073701403,Jetbound Dogs,Miguel Agustin Turk,≤100
530604487365010,Old Glory Flagpole Kits,Service First,≤100
490374428003966,Oklahomans For Energy Options,Oklahomans For Energy Options,≤100
17023576156,The Leadership Conference on Civil and Human Rights,The Leadership Conference on Civil and Human Rights,≤100
560140464159364,Stand for the 2nd Amendment,SFT2 Tactical Supply,≤100
104856814505092,The Kids Guide,The Kids Guide,≤100
6204742571,Sierra Club,SIERRA CLUB,≤100
219457576170706,Patriotic Volunteers,Harrison T Chung,≤100
309308412520731,Sandy Hook Promise,Sandy Hook Promise,≤100
101955644961936,For All Things Patriotic,Jae W Seo,≤100
111930463963056,The 2nd Amendment Book Club,Yoonjoo Park,≤100
1419388578092947,Anna Paulina Luna,ANNA PAULINA LUNA FOR CONGRESS,≤100
191563461270081,Kevin Hern,Hern For Congress,≤100
18813753280,Human Rights Campaign,"HUMAN RIGHTS CAMPAIGN, INC",≤100
98830223822,Stillwater Public Library,Emily Jean States,≤100
114501575391943,Compare Medicare Quotes,Benepath,≤100
112694470356789,Trumpcare For America,Stuart Joseph Millar,≤100
19192438096,AAAS - The American Association for the Advancement of Science,American Association for the Advancement of Science,≤100
193618220508,LIFE Today,LIFE Outreach International,≤100
113398717117686,Beach Dogs Ltd.,Christopher James Lamos,≤100
892673067526965,Project War Path,Project War Path,≤100
8934429638,Planned Parenthood Action,Planned Parenthood Action Fund,≤100
109966387497033,Support Our Freedoms,Kin Ngai Yeung,≤100
108794587327155,Good Programs 2020,Trevor Dale Seaks,≤100
100256754899828,Patriot's Cave,Patriots Cave,≤100
262577294462322,Kettle Freaks,Kettle Freaks LLC.,≤100
430071127185303,Dave Rader for State Senate,Friends of Dave Rader 2020,≤100
104910457974220,Pupper Enthusiasts Unlimited,Seanross Michael Holcomb,≤100
176466646087311,DC Fawcett,VREIC,≤100
30139072158,CARE,CARE,≤100
1336293769761923,Jon Ossoff,JON OSSOFF FOR SENATE,≤100
1668350569891953,Rainbow Movement,William James Ulrich,≤100
101461559911714,The Posh Pearl Apparel Co.,The Posh Pearl Apparel Co,≤100
894096170667732,Ashley Hinson,Ashley Hinson For Congress,≤100
25852730092,Care2,Care2 Inc,≤100
103912504763714,Freedom and Loyalty,Carlos None Leon Trejo,≤100
586751814690068,Joni Ernst,Joni for Iowa,≤100
839110726214614,Realtors,NATIONAL ASSOCIATION OF REALTORS,≤100
132492254050920,American AF,AAF Nation,≤100
42002969352,Center on Budget and Policy Priorities,Center on Budget and Policy Priorities,≤100
100485018111188,Juan Garcia for State House,Garcia for House 2020,≤100
45393753416,Alliance Defending Freedom,Alliance Defending Freedom,≤100
106663044307859,Mike Sievert,"T-MOBILE USA, INC.",≤100
169294473121454,Policetees.com,PoliceTees.com,≤100
90022052772,Williams,"WILLIAMS COMPANIES, INC., THE",≤100
2019228981443626,She the People,She The People,≤100
675471506247724,Adair for Congress,ADAIR FOR CONGRESS,≤100
106667854471975,Outspoken,Log Cabin Republicans,≤100
108118933908193,Next Level Goods,Next Level Goods LLC,≤100
1449461518652183,4Patriots,4Patriots LLC,≤100
163148530407080,Captain Mark Kelly,MARK KELLY FOR SENATE,≤100
117144508670456,GUNVOTE,National Shooting Sports Foundation,≤100
485076538504636,Senator Allison Ikley-Freeman,Allison Ikley-Freeman for Oklahoma 2020,≤100
2330577043935831,Sara Gideon,SARA GIDEON FOR MAINE,≤100
112373136969224,Craig Parham for State House,Parham for House 2020,≤100
596556607135301,The Earthling Co.,The Earthling Co.,≤100
130467958471,Jason Lewis,Jason Lewis for Senate,≤100
23875187730,Feeding America,Feeding America,≤100
152068302046,Oklahoma Second Amendment Association,Oklahoma Second Amendment Association,≤100
114625730266879,Republican Voters Against Trump,Defending Democracy Together,≤100
2037695643113766,Blexit,Blexit Foundation,≤100
103315378108004,True Patriot Strength,LE-HUU DONG HUYNH,≤100
219612384781411,Bloomberg Philanthropies,Bloomberg Philanthropies,≤100
872842866161157,One Nation Design,One Nation Design,≤100
395511077198384,Senator Rob Standridge,Robert Mathew Standridge,≤100
109092142462587,Adam Schiff,SCHIFF FOR CONGRESS,≤100
102875587947942,Keep Trump In Office,Keep Trump In Office,≤100
8550121410,Free Speech America Project,MEDIA RESEARCH CENTER,≤100
108109934203874,Insta Shop Boutique,Insta Shop Boutique,≤100
296708523873754,Karla Dennis and Associates Inc.,"Karla Dennis & Associates, Inc",≤100
788394134539871,USPS Business,United States Postal Service,≤100
21472760578,C-SPAN,C-SPAN,≤100
277005566267077,Blueland,Blueland,≤100
382724835246339,"OKC Fraternal Order of Police, Lodge 123","Oklahoma City Fraternal Order of Police, Lodge 123",≤100
342887442508723,Convention of States,Convention of States Action,≤100
103012967799090,Kojo for Congress,FRIENDS OF KOJO ASAMOA-CAESAR,≤100
82009427502,State Chamber of Oklahoma,STATE CHAMBER OF OKLAHOMA,≤100
627928087343042,Representative Mickey Dollens,Mickey Dollens for State House 2020,≤100
530604487365010,Old Glory Flagpole Kits,Service First Flag Poles,≤100
8325302025,Friends of the Earth U.S.,Friends of the Earth,≤100
102636677971854,Trump Is The Storm,Legendary Trump Coins,≤100
2078647579047586,Project Pulso,Project Pulso,≤100
108273884315449,Real American Patriot,Gold Sky Ventures LLC,≤100
1836138529938551,Greater Half,Greater Half,≤100
107589664099282,Stand Up To China,"Stand Up To China, Inc.",≤100
21375324480,The Heritage Foundation,HERITAGE FOUNDATION (THE),≤100
102745147891580,Trump Coolers,Eric Clifford Juels,≤100
6240652407,Young America's Foundation,YOUNG AMERICA'S FOUNDATION INC,≤100
126694924050678,Xavier Becerra,Becerra for Attorney General 2022,≤100
393932827634250,Dissent Pins,Common Practice,≤100
16477459734,League of Conservation Voters,"LEAGUE OF CONSERVATION VOTERS, INC",≤100
420785874975425,Conservative Institute,The Conservative Institute,≤100
8501031021,VoteVets.org,VOTEVETS,≤100
322551718276442,Lemons Are Blue,Lockwell LLC,≤100
977704775606273,Balls Deep Tackle,Balls Deep Tackle,≤100
7263476274,Mercy Corps,Mercy Corps,≤100
110509184108983,American Survival,Andrew Joseph Young,≤100
117939306256638,Burkholder Wealth Management,Burkholder Wealth Management,≤100
104934207736995,Paycheck to Paycheck,Center for American Progress Action Fund,≤100
7814597100,Jim Jordan for Congress,JIM JORDAN FOR CONGRESS,≤100
309798029121030,Everytown for Gun Safety,Everytown for Gun Safety Action Fund Inc,≤100
352527958302,Israel on Campus Coalition,Israel on Campus Coalition,≤100
257019421075897,Cory Gardner,Cory Gardner for Senate,≤100
36474716066,Color Of Change,ColorofChange.org,≤100
443329669123990,USAFacts,USAFacts Institute,≤100
577308239618384,Happy Patriots,Lambert Chan,≤100
105084617912738,PatriotQuizzes,patriotquizzes.com,≤100
21559454473,FAIR,FEDERATION FOR AMERICAN IMMIGRATION REFORM,≤100
746938465317981,Nuclear Matters,Nuclear Matters,≤100
6231686654,Compassion International,"COMPASSION INTERNATIONAL, INCORPORATED",≤100
167586229923327,World Food Program USA,World Food Program USA,≤100
433919203362871,Bird + Stone,BIRD & STONE INC,≤100
643463669628493,Public Opinion Research Group,"Public Opinion Research Group, Inc",≤100
7833534974,Florida Democratic Party,Florida Democratic Party,≤100
1048486145183452,We Testify,We Testify,≤100
2185993931653388,The Recount,"Recount Media, Inc",≤100
345378512258813,Elise Stefanik,ELISE FOR CONGRESS,≤100
629732217415068,Republican Party,Greater Half,≤100
102137374563260,Confide in American Pride,John Allen Franson,≤100
354851377936744,BookTV,C-SPAN,≤100
102212541306207,Self-Employed Health Insurance,GROW with MKG LLC,≤100
2045063472456560,Institute for Responsible Alcohol Policy,Institute for Responsible Alcohol Policy,≤100
51761261956,The Bill of Rights Institute,"BILL OF RIGHTS INSTITUTE, THE",≤100
2309566456030859,Human Coalition Action,Human Coalition Action,≤100
1809078699219595,Fat Tire,"NEW BELGIUM BREWING COMPANY, INC.",≤100
107654924064350,Pat Timmons-Goodson,PATRICIA TIMMONS-GOODSON FOR CONGRESS,≤100
111023584012681,Open Road Homeward,Samantha Lyn Weldon,≤100
627211184587103,Forever Patriot,Harrison T Chung,≤100
679171239164792,Supermajority,Supermajority,≤100
628891490457484,Nancy Mace,Nancy Mace for Congress,≤100
27311599342,Preemptive Love,Preemptive Love Coalition,≤100
11653741889,Ad Council,Ad Council with Facebook Ad Credits,≤100
15687409793,World Wildlife Fund,World Wildlife Fund,≤100
934438026690635,YouGov,YOUGOV AMERICA INC.,≤100
203197030603239,8 Billion Trees,8 Billion Trees LLC,≤100
29770886815,Marijuana Policy Project,Marijuana Policy Project,≤100
8492293163,Environmental Defense Fund,Environmental Defense Fund,≤100
104260608058844,Awesome Survival Guides,Kirsten May Siosan Andrade,≤100
223008867858902,American Action News,American Action News,≤100
172298889630363,Republican Attorneys General Association,REPUBLICAN ATTORNEYS GENERAL ASSOCIATION,≤100
27544763621,Prison Fellowship,Prison Fellowship,≤100
112420993589373,Young and Old for America,Andrew Joseph Young,≤100
794490553914304,Dr. Nina Ansary,"Revela Press, LLC",≤100
113173667121573,BLM Society,BLM Society,≤100
166618413413767,Jay Sekulow,American Center for Law and Justice,≤100
2267285956849056,Donald Trump 2020 Fans,I Love My Freedom,≤100
779309092233298,Ben Crump,X Social Media,≤100
113891694102,Energy Citizens,AMERICAN PETROLEUM INSTITUTE,≤100
72186095846,Center For American Progress Action Fund,Center for American Progress Action Fund,≤100
1556932204325823,ProgressPop,ProgressPop,≤100
100554768420470,Boy Scouts Abuse Claimants,Robert Ladd Wilson,≤100
1600352356914768,PushBlack,PushBlack,≤100
111393882812494,Amy McGrath,"AMY MCGRATH FOR SENATE, INC.",≤100
113893390401923,American Survival,Tein Yang Sun,≤100
235701154010364,E Pluribus Unum,E Pluribus Unum Fund,≤100
1204754733024419,People's Power Grab,ACRONYM,≤100
593289284500311,Trump Rack,BOXD Marketing,≤100
103185334702225,Stop Trump PAC,STOP 45 PAC,≤100
1799282383731277,TwoSeventy,Alexander Jared Deutsch,≤100
317894938412949,Suntory,Suntory Holdings Limited,≤100
8047221596,Save the Children US,"SAVE THE CHILDREN FEDERATION, INC.",≤100
1079789672084038,SimonBooks,Simon & Schuster,≤100
107210084216238,Humanity Forward,Humanity Forward,≤100
109360297266116,Fearless Patriot,TERESA NONE OHARA-MARSH,≤100
7860876103,Joe Biden,BIDEN FOR PRESIDENT,≤100
1025055787535714,A Case for Women,A Case for Women,≤100
108029674299216,We The People,We The People,≤100
73016054191,Regional Food Bank of Oklahoma,"REGIONAL FOOD BANK OF OKLAHOMA, INC.",≤100
1055873511190792,Hello Resistance,Hello Resistance Apparel,≤100
127470355419209,A Family Stands Together,Daniel Wang,≤100
105995741220700,Patriots United,Le Huu Dong Huynh,≤100
51052893175,Kevin McCarthy,Leader Kevin McCarthy,≤100
101965554769558,Christina Chicoraske for County Clerk,Christina Chicoraske for County Clerk,≤100
35169196082,Project HOPE,"PROJECT HOPE-THE PEOPLE-TO-PEOPLE HEALTH FOUNDATION, INC.",≤100
5720973755,Defenders of Wildlife,DEFENDERS OF WILDLIFE,≤100
103026384819654,How to Vote,ACRONYM,≤100
179513292162226,American History TV,C-SPAN,≤100
106949844346620,Trumpian Republicans,Gregory Lawrence Burright,≤100
417712255663393,Equality Can't Wait,Equality Can't Wait,≤100
2256321067930356,Liberteeclub,libertyteeshop,≤100
315467021926595,Native Voice Network,"AMERICANS FOR INDIAN OPPORTUNITY, INC",≤100
36160848633,PicturesOnGold.com,Daniel F Schifter,≤100
15239367801,The Wilderness Society,"WILDERNESS SOCIETY, THE",≤100
6333396177,NewsBusters.org,MEDIA RESEARCH CENTER,≤100
8057376739,The Nature Conservancy,Nature Conservancy,≤100
236369846383459,Congressional Black Caucus PAC,Congressional Black Caucus PAC,≤100
277414242013,Joyce Elliott for Congress,JOYCE ELLIOTT FOR CONGRESS,≤100
584310238588325,Killing Pain,FATE INC - FIGHTING ADDICTION THROUGH EDUCATION,≤100
493811210669780,Creative Action Network,Creative Action Network,≤100
110010433804232,Falkirk Center,Falkirk Center,≤100
11791104453,NRDC,Natural Resources Defense Council,≤100
1447994318779650,AirMedCare Network,AIrMedCare Network,≤100
393368004100464,Representative Cyndi A. Munson,Friends of Cyndi Munson,≤100
6500552187,Hulu,"HULU, LLC",≤100
111324359048459,Dr. Roger Marshall,KANSANS FOR MARSHALL,≤100
100552925014483,Susan Carle Young For House District 23,Friends of Susan Carle Young,≤100
163302087408673,Stop The Donald,Stop the Donald,≤100
97493741436,John W. Hickenlooper,HICKENLOOPER FOR COLORADO,≤100
167968013767335,Julie Oliver,JULIE OLIVER FOR CONGRESS,≤100
1551109418518461,The Honest Patriot,Amundson Media LLC,≤100
58736997707,Marco Rubio,Marco Rubio for Senate,≤100
7455579958,Oklahoma Hall of Fame at the Gaylord-Pickens Museum,The Oklahoma Hall of Fame,≤100
105732744375701,Steve Bullock,MONTANANS FOR BULLOCK,≤100
305643856459460,Burgess Owens,Burgess 4 Utah,≤100
1194865807192273,Conservative Gear,Outergoods LLC,≤100
255208337943901,Jobs Growth,"JOBS FREEDOM AND SECURITY PAC, Not authorized by any candidate or candidate’s committee.",≤100
53541257714,The Arc of the United States,The Arc with Facebook Ad Credits,≤100
162493793737,Rick Green,Richard Arlin Green,≤100
293225127381200,Patriot Depot,The Patriot Depot,≤100
8446177150,Chosen People Ministries,CHOSEN PEOPLE MINISTRIES INC,≤100
331037760381749,Sierra Magazine,SIERRA CLUB,≤100
1316372698453411,Alexandria Ocasio-Cortez,THE SQUAD VICTORY FUND,≤100
205395906412,UAW International Union,"INTERNATIONAL UNION, UNITED AUTOMOBILE, AEROSPACE AND AGRICULTURAL IMPLEMENT WORKERS OF AM",≤100
106323360959211,Patriots Republic,Matthew James Stine,≤100
356482637745012,Stansberry Research,Stansberry Research,≤100
181924628560212,SumOfUs,SumOfUs,≤100
209516845093,NRDC Action Fund,NRDC Action Fund,≤100
638955386458447,"Sheets Law Firm, P.C.",Matthew Sheets,≤100
294508332028,Lakota People's Law Project,ROMERO INSTITUTE,≤100
105859044142749,Summer for OK House Dist 100,Friends of Summer Wesley,≤100
419992651425033,Guardianes del Pueblo-Consumer Law Group,Consumer Law Group,≤100
11006419356,The Voice of the Martyrs - USA,"VOICE OF THE MARTYRS, INC., THE",≤100
101127364972509,Dems For USA,Dems For USA,≤100
129255907131113,NumbersUSA,NUMBERSUSA EDUCATION AND RESEARCH FOUNDATION,≤100
102478061559294,Convention on Founding Principles,Convention on Founding Principles,≤100
103047261116520,Spencer Hicks For County Commissioner,Friends of Spencer Hicks,≤100
681745912255844,John Cummings for Congress,CUMMINGS FOR CONGRESS,≤100
100131288480883,"Let Live, Let Liberty",Jae W Seo,≤100
85273022315,NAMI,NAMI,≤100
111615060404108,Mayor Craig Thurmond,Craig William Thurmond,≤100
585942765164217,Elect Democratic Women,ELECT DEMOCRATIC WOMEN,≤100
911828698840246,ReLEntless Defender Apparel,ReLEntless Defender Apparel,≤100
227764782729,AMERICAN - STRONG!,American Strong LLC,≤100
249716212080256,Jim Clyburn,FRIENDS OF JIM CLYBURN,≤100
33110852384,Doctors Without Borders/Médecins Sans Frontières (MSF),Doctors Without Borders/Médecins Sans Frontières (MSF),≤100
587676831343390,Raheem AI,RAHEEM AI,≤100
104614641200137,MeidasTouch,MEIDASTOUCH,≤100
1439829396312534,The Movement for Black Lives,Movement for Black Lives,≤100
280704452367167,Jason Crow,JASON CROW FOR CONGRESS,≤100
195530355493,Chicks On The Right,Chicks on the Right,≤100
10128918116,Gavin Newsom,NEWSOM FOR CALIFORNIA GOVERNOR 2022,≤100
115379705206001,U.S. Department of Homeland Security Blue Campaign,DHS Blue Campaign,≤100
105536127617594,The American Digest,The American Digest,≤100
2012750189007245,Liquid Death Mountain Water,Liquid Death,≤100
108733284000016,Oklahoma Families for Affordable Health Care,Oklahoma Families for Affordable Health Care,≤100
10150100007820094,Wendy Davis,WENDY DAVIS FOR CONGRESS,≤100
30708742052,FCTRY,FCTRY,≤100
1136781033034012,Brave New Look,Brave New Look,≤100
101075798356272,ReOpen America Now,Command Center Holdings LLC,≤100
156268994819596,Marc J. Bern & Partners LLP,Marc J. Bern & Partners LLP,≤100
146530254776,"Kachelle Kelly, Business Development Mentor & Life Coach",Kachelle Glenae Kelly,≤100
526816887691591,NO New Oklahoma TAXES,"No New Oklahoma Taxes, Inc.",≤100
24481937944,Theodore Roosevelt Conservation Partnership,"THEODORE ROOSEVELT CONSERVATION PARTNERSHIP, INC",≤100
1859113087545137,Learn Everywhere,"yes. every kid, Inc.",≤100
1934191280189700,Health Care Voter,Health Care Voter,≤100
405355946226766,Todd Young,"FRIENDS OF TODD YOUNG, INC.",≤100
555542987983302,Rank the Vote Oklahoma,Clinton Allen Givens,≤100
104272998052746,Standing Strong Together,Claire Wang,≤100
261663760956534,America First Policies,America First Policies Inc,≤100
1530883997194411,United States Constitution,Flag and Cross,≤100
1738519226421172,Arnall Family Foundation,ARNALL FAMILY FOUNDATION,≤100
28510612138,Uncommon Knowledge,Hoover Institution,≤100
8524198486,Physicians Committee for Responsible Medicine,"PHYSICIANS COMMITTEE FOR RESPONSIBLE MEDICINE, INC.",≤100
153678684700451,American Investment Council,AMERICAN INVESTMENT COUNCIL,≤100
24413227922,Kamala Harris,BIDEN VICTORY FUND,≤100
103644036958,United Association,United Association Political Education Committee,≤100
113702026736466,National Parks Action Fund,National Parks Action Fund,≤100
106308567506025,Moe Davis for Congress,MOE DAVIS FOR CONGRESS,≤100
109111900634787,Reverend Raphael Warnock,WARNOCK FOR GEORGIA,≤100
149081336362,AmeriCorps VISTA,Corporation for National and Community Service,≤100
110964673629130,Kyle Meraz for Oklahoma House of Representatives District 64,KYLE MERAZ FOR DISTRICT 64 2020,≤100
1014922041922205,The Dragonfly Home,"DRAGONFLY HOME, INC., THE",≤100
146211696845,University of Pennsylvania Carey Law School,Marin Nicole Smith,≤100
176466646087311,DC Fawcett,Donald Chappell Fawcett,≤100
100119854890282,Wayland Cubit for Sheriff,Friends of Wayland Cubit,≤100
103911824657671,Health Insurance,Alexander Melen,≤100
102846434825096,Beat Abbott,Beat Abbott PAC,≤100
160513344045084,John Neely Kennedy,"John Kennedy for Us, Inc",≤100
105433064492153,The Return 2020,The Return International,≤100
1084856268238034,Trump Talking,Roberto None Lugo,≤100
267180743723148,National Geographic Society,National Geographic Society,≤100
139599847972,National Nurses United,National Nurses United,≤100
2225580284361712,Tommy Tuberville,"TUBERVILLE FOR SENATE, INC.",≤100
118502801658228,Young Kim,Young Kim for Congress,≤100
112735922758892,Charlie Kirk,Charlie Kirk,≤100
780941275347834,Ilhan Omar,ILHAN FOR CONGRESS,≤100
10498053716,Media Research Center,MEDIA RESEARCH CENTER,≤100
10423517786,Harvard Business Review,HARVARD BUSINESS SCHOOL PUBLISHING CORPORATION,≤100
83290028957,Care Net,CARE NET,≤100
419237048158257,Susan Collins,COLLINS FOR SENATOR,≤100
206677396413254,Abortion On Our Own Terms,Abortion On Our Own Terms,≤100
210357995667559,The National Memo,The National Memo,≤100
1841824626073676,Candace Valenzuela for Congress,CANDACE FOR 24,≤100
101769576791,Health Action Network,Health Action Network,≤100
199301850444484,Representative Jacob Rosecrants,Jacob Rosecrants for HD 46,≤100
376776419037747,Turning Point USA,Turning Point USA,≤100
1268410219898273,Tango Tango,Tango Tango Inc,≤100
384557995468219,Viral Casez,Viral Casez,≤100
253791814655400,Doug Collins,"COLLINS FOR SENATE, INC.",≤100
113351505349955,The Christian Broadcasting Network,The Christian Broadcasting Network Inc,≤100
143729616392084,Van Drew for Congress,Van Drew for Congress,≤100
137459917707,The Brookings Institution,The Brookings Institution,≤100
197760674021143,Indivisible Guide,INDIVISIBLE ACTION,≤100
129523843754764,Vote Smart,PROJECT VOTE SMART,≤100
119006106155684,PI Energy,Andrew P Chung,≤100
115364585711,Lawyers' Committee for Civil Rights Under Law,Lawyers' Committee for Civil Rights Under the Law with Facebook Ad Credits,≤100
496696933682736,Jeff Merkley,JEFF MERKLEY FOR OREGON,≤100
169130743498585,Tactical Pro Supply,Chad Keller,≤100
112704783859268,Boy Scouts Abuse Claim Help,X Social Media LLC,≤100
67626834312,National Women's Law Center,National Women's Law Center,≤100
95483488591,Democratic Party of Wisconsin,DEMOCRATIC PARTY OF WISCONSIN,≤100
53674651369,Susan B. Anthony List,Susan B. Anthony List,≤100
953113491536337,Black to the Future Action Fund,Black to the Future Action Fund,≤100
42872222699,Dana Loesch,Dana Loesch Radio,≤100
192771954102960,Jordan Sekulow,American Center for Law and Justice,≤100
6820348410,Kirsten Gillibrand,Off the Sidelines,≤100
79125112926,Students for Life of America,"STUDENTS FOR LIFE OF AMERICA, INC.",≤100
169277310432049,"Texas Precision Optics, Inc.",Texas Precision Optics Inc,≤100
1832744013698336,Mahogany Mommies,Mahogany Mommies,≤100
1338822066131069,Women's March,Women's March,≤100
112334757233941,Right to Telehealth,Jeremy Joseph Schaller,≤100
587560171926370,Small Business Recovery Initiative,"Small Business Recovery Initiative, Inc",≤100
95356211637,Ben Ferguson,Ben Ferguson show,≤100
181183059253295,Dorsal Bracelets,Dorsal Bracelets,≤100
303167829786891,Ed Markey,THE MARKEY COMMITTEE,≤100
184731548554164,PL+US,Plus Fund: Paid Leave for the United States,≤100
350784278974539,Turning Point Action,Turning Point Action,≤100
325578590837480,Protect Our Care,Sixteen Thirty Fund,≤100
38235851310,USA for UNHCR,UNITED STATES ASSOCIATION FOR UNHCR,≤100
107992724140411,George Burns for State Senate 2020,George H Burns 2020,≤100
263210730984251,We Are Great Again Pac,WE ARE GREAT AGAIN PAC,≤100
114885646899438,Mr. 45th,Clush,≤100
514167322309353,Dan Crenshaw,Dan Crenshaw for Congress,≤100
416913748508616,We Welcome Refugees,We Welcome Refugees,≤100
105943157686335,Trust Michigan Families,TRUST MICHIGAN FAMILIES,≤100
6236054211,Brady,Brady Campaign to Prevent Gun Violence,≤100
1667638686847579,The Collective PAC,COLLECTIVE FUTURE,≤100
18709174006,National Audubon Society,"NATIONAL AUDUBON SOCIETY, INC.",≤100
248181906078243,National Institute for Civil Discourse,CommonSense American,≤100
19342050934,Leadership Institute,LEADERSHIP INSTITUTE INC,≤100
456244124886097,FactSpread.org,factspread,≤100
336470580233523,Pins and Aces Golf Co.,US Craft Brands LLC,≤100
108831660841719,Stop the Illinois Tax Hike Amendment,Coalition to Stop the Proposed Tax Hike Amendment,≤100
114137307071679,31 October,Quyen Sanh Gip,≤100
375760676281438,Mermaid Straw,Mermaid Straw,≤100
80060992758,Center for Food Safety,"CENTER FOR FOOD SAFETY, THE",≤100
407664862957433,Ammar Campa-Najjar for Congress,AMMAR CAMPA-NAJJAR FOR CONGRESS,≤100
950998258312654,Knowhere,"Knowhere, Inc.",≤100
131459315949,CBS News,These ads ran without a disclaimer,≤100
94047978366,PCCC - BoldProgressives.org,PROGRESSIVE CHANGE CAMPAIGN COMMITTEE,≤100
92368229508,Community Food Bank of Eastern Oklahoma,Community Food Bank of Eastern Oklahoma,≤100
228132537208218,Tammy Duckworth,TAMMY FOR ILLINOIS,≤100
1321100204656413,Madeline Scott For HD 101,Friends of Madeline Scott,≤100
156994304362574,American Bridge 21st Century,AB PAC,≤100
241672016328637,Lauren Underwood for Congress,LAUREN UNDERWOOD FOR CONGRESS,≤100
656263988182462,Bill Hagerty,TEAM HAGERTY,≤100
113110137118723,Collectible Currency,Proud Patriots,≤100
680549575421741,UnitedVoice.com,"Beachside Media, Inc.",≤100
513695272011123,The Genesis Prize,GPF NA LLC,≤100
291102898490822,Giant Maga Hat,Inventors club LLC,≤100
101574025015329,Emergency Tips,Christopher Allen Supek,≤100
1010143499143169,Medicare Savings,"Mayo Labs, LLC",≤100
46347342434,EMILY's List,EMILY'S LIST,≤100
90498769709,Edenpure,EdenPURE®,≤100
317284821682168,Messianic Jewish Alliance of America (MJAA),Messianic Jewish Alliance of America,≤100
102081678052471,Midyett For Congress 2020,Midyett For Congress,≤100
1013304945470529,My Pride Apparel,These ads ran without a disclaimer,≤100
101481584557260,Help Asheville Bears-HAB,Heather Christina Williams,≤100
455147011996099,The Ann and Phelim Scoop,The Unreported Story Society,≤100
6787988478,Physicians for Human Rights,"PHYSICIANS FOR HUMAN RIGHTS, INC.",≤100
104224114671958,Energy For Progress,The American Petroleum Institute,≤100
110849485902,United Way,United Way Worldwide with Facebook Ad Credits,≤100
348839551906904,Democracy in Color,POWERPAC DOT ORG,≤100
1545826148838592,Trump 2020,Gregory Lawrence Burright,≤100
811733152187744,Freese and Goss - Nationwide Law Firm,Freese and Goss,≤100
100719625004234,Home and Community,Cynthia Nguyen,≤100
41309865723,Democrats.com,DEMOCRATS.COM,≤100
301228420816284,Teresa Leger Fernandez,TERESA FOR ALL,≤100
116546288359245,Heritage Action for America,HERITAGE ACTION FOR AMERICA,≤100
357554791340788,Liker,Omar Rivero,≤100
118916718118531,Feeding America West Michigan,FEEDING AMERICA WEST MICHIGAN,≤100
1917715138510680,Follow Your Legend,Legend Bracelet,≤100
605168822998856,314 Action,314 ACTION FUND,≤100
101690998009007,Improving Life Through Health,Nicolette Dalan,≤100
7292655492,MoveOn,MOVEON.ORG CIVIC ACTION,≤100
1495031800595524,Women Together Now,Women Together Now,≤100
1671853789719240,Palomar: Oklahoma City's Family Justice Center,Oklahoma City Family Justice Center Inc.,≤100
140877979844,American Gas Association,AMERICAN GAS ASSOCIATION,≤100
112488757165613,Blue Line Stockpile,Blueline Stockpile,≤100
360303722260,Kathleen Williams,KATHLEEN WILLIAMS FOR MONTANA,≤100
132111055253864,Furry Friends Ads,Joseph Michael Tumminello,≤100
15351475322,Cathy McMorris Rodgers,Cathy McMorris Rodgers for Congress,≤100
217976018236954,OutKick,Outkick Media LLC,≤100
281844617168,Jewish Voice Ministries International,JEWISH VOICE MINISTRIES INTERNATIONAL,≤100
70874333603,CatholicVote,CatholicVote,≤100
108641837323970,Emilie Tindle for House District 11,Emilie Tindle for Oklahoma 2020,≤100
224684514243482,Tom Cotton,"COTTON FOR SENATE, INC.",≤100
101525774999212,BLM,Bryan Daley,≤100
159597424207730,David Perdue,PERDUE FOR SENATE,≤100
702582586516561,CBN Israel,"The Christian Broadcasting Network, Inc.",≤100
243510442756370,Justice Democrats,JUSTICE DEMOCRATS PAC,≤100
193246844702687,Defending Democracy Together,Defending Democracy Together,≤100
2283535575207809,Ditch Mitch,DITCH FUND,≤100
802271849850801,Freedom for All Americans,Freedom for All Americans,≤100
102756811269921,Fellow Americans,Fellow Americans,≤100
110525690698759,Awesome Coffee Recipes,John Phillip Angelo Vergara,≤100
2068988876444634,Stand Up for Accurate Prenatal Answers,STAND UP FOR ACCURATE PRENATAL ANSWERS INC,≤100
103801844298982,Team Collins,COLLINS FOR SENATOR,≤100
242679302418244,Denison Forum,Denison Ministries,≤100
15041226930,Oxfam,"OXFAM AMERICA, INC.",≤100
44660013720,CAIR Oklahoma,Adam Mehdi Soltani,≤100
105011510862677,Dyllon Fite for State Senate District 3 2020,Dyllon Wyeth Fite,≤100
112791620539384,No on Prop 15,"No on Proposition 15, Protecting Our Family Farms sponsored by Alliance of California's Farmers and Ranchers. Committee major funding from California Dairies.",≤100
2334360790142367,Ed Crocker Reports,Ed Crocker,≤100
370055416386850,OAEC - Oklahoma Association of Electric Cooperatives,Oklahoma Association of Electric Cooperatives,≤100
166738743732702,All Above All Action,All Above All Action Fund,≤100
5887538795,Education Week,Education Week,≤100
34362997676,United States Holocaust Memorial Museum,UNITED STATES HOLOCAUST MEMORIAL MUSEUM,≤100
592707041080920,Stand Together,Stand Together Chamber of Commerce Inc.,≤100
135298176481584,Marine Corps Scholarship Foundation,Marine Corps Scholarship Foundation,≤100
104504438466,Federal Voting Assistance Program - FVAP,Federal Voting Assistance Program,≤100
1809715209318581,Marjorie Taylor Greene for Congress,GREENE FOR CONGRESS,≤100
178835922297833,American Clinical Laboratory Association,American Clinical Laboratory Association,≤100
50982313030,Food & Water Watch,Food & Water Watch,≤100
442159053368561,Women Speak Out PAC,Women Speak Out PAC,≤100
222296191864609,Representative Trish Ranson - OK House District 34,Ranson for OK House 2020,≤100
931907200310657,Patients Rising Now,Patients Rising Now Inc,≤100
1612726335627171,We the Internet TV,We the Internet TV,≤100
112973743503693,Vote Walker 2020,Walker For County Commissioner 2020,≤100
114386721939978,The Made in America Store,Anthony Michael Falbo,≤100
143089732792,Marsha Blackburn,Blackburn Tennessee Victory Fund,≤100
303061950155375,John James,"JOHN JAMES FOR SENATE, INC.",≤100
108761157264828,Jacob Baccus for House District 81,Friends of Jacob Baccus,≤100
979720542211350,Humanize Being Black,Keyshun Quantarious Holmes,≤100
123624513983,The Western Journal,The Western Journal,≤100
408250066356,Bill O'Reilly,"Bill Me, Inc.",≤100
107937014153581,Energized Health,John Jubilee Transformation LLC DBA Energized Health,≤100
21455818797,Feed the Children,"FEED THE CHILDREN, INC.",≤100
1393911800825140,OZY,OZY Media Inc,≤100
61265398450,AmeriCorps NCCC,Corporation for National and Community Service,≤100
604742389649107,Seekers Notes: Hidden Mystery,These ads ran without a disclaimer,≤100
620619085055774,Sandy Smith,"SANDY SMITH FOR CONGRESS, INC.",≤100
106140571085743,Natalia For Congress,NATALIA LINOS FOR CONGRESS,≤100
112600915451330,No Labels,No Labels,≤100
219247332354785,Phil Arballo for Congress,ARBALLO FOR CONGRESS,≤100
107289609296509,American Heart Association - Missouri,American Heart Association,≤100
13187955196,Young Americans for Liberty,Young Americans for Liberty,≤100
110488807350258,Oklahomans For Better Representation,Oklahomans For Better Representation,≤100
15503839732,Peter G. Peterson Foundation,Peter G. Peterson Foundation,≤100
278487153675,Redneck Nation Clothing,Tracie Milliron Gold,≤100
465483726908192,iVote,IVote Civic Education Fund,≤100
108152933883451,TrumpTrendz,Troy Lorenzo Davis,≤100
100318944827269,Amy Kennedy,AMY KENNEDY FOR CONGRESS,≤100
111222497310531,Lower My Bills Reverse Mortgage,These ads ran without a disclaimer,≤100
79820371749,Ayanna Pressley,THE COMMITTEE TO ELECT AYANNA PRESSLEY,≤100
30866133883,Alaska Wilderness League,ALASKA WILDERNESS LEAGUE,≤100
219224241438635,Compassion & Choices,COMPASSION & CHOICES,≤100
221690171353068,Jay Obernolte,Jay Obernolte for Congress,≤100
130848666099,Business Forward,Business Forward Inc.,≤100
6691963292,Jeanne Shaheen,SHAHEEN FOR SENATE,≤100
537534316395916,Students for Trump,Turning Point Action,≤100
429812024048177,Doug Jones for Senate,DOUG JONES FOR SENATE COMMITTEE,≤100
173470656019870,The Daily Yonder,Great Stories LLC,≤100
394817334402124,2020 Trump Bill,Innovative Ecomm LLC,≤100
237477017606,Club for Growth,Club for Growth,≤100
103531607822207,Noticias para Inmigrantes,"Wise Rock Media, PBC",≤100
101164484986617,To Be Frank Show,Real News PR,≤100
672213539861652,John Anthony Castro,John Anthony Castro,≤100
1099478666810053,Meals For Pets,Meals for Pets,≤100
107529267737819,Steady Patriot Hands,Hanson Han Xu,≤100
100119981671668,Blue Senate,BLUE SENATE PAC,≤100
111536353963034,"Vote Him Out, Inc.",Vote Him Out,≤100
17203056985,Partners In Health,Partners In Health,≤100
102592959026,Ocean Conservancy,"OCEAN CONSERVANCY, INC.",≤100
111499100431,National Association for Gun Rights,NATIONAL ASSOCIATION FOR GUN RIGHTS INC,≤100
153278754738777,Climate Reality,The Climate Reality Project,≤100
222745994575140,Project ChildSafe,"NATIONAL SHOOTING SPORTS FOUNDATION, INC.",≤100
361379030380,Centennial Institute,Centennial Institute,≤100
101724361319410,Ronny Jackson for U.S. Congress TX-13,Texans for Ronny Jackson,≤100
1476342155924546,Big Rig Threads,Big Rig T-Shirts and Decals LLC,≤100
782093245218764,Qasim Rashid,RASHID FOR VA,≤100
1443127535947107,Save the Children Action Network,Save the Children Action Network,≤100
105017907770913,Hughes for House 90,Hughes for House 2020,≤100
655065784538368,PredictIt,"PredictIt - Prediction Markets. A project of Victoria University of Wellington, PredictIt has been established to facilitate research into the way markets forecast events.",≤100
721689044860696,OneBlinc,"BLINCLOANS, LLC",≤100
102617961152741,Barbara Bollier,BOLLIER FOR KANSAS,≤100
282728185140429,Rep For Vets,The Rep For Vets,≤100
7962229886,Environmental Working Group,ENVIRONMENTAL WORKING GROUP,≤100
1228396643984955,Michelle Steel,Michelle Steel for Congress,≤100
514167322309353,Dan Crenshaw,Crenshaw For Congress,≤100
497081420632330,Dr. Hiral Tipirneni,HIRAL FOR CONGRESS,≤100
234628203317767,Made for Freedom,Made for Freedom,≤100
152264148166020,Moms Clean Air Force,Moms Clean Air Force,≤100
105010030848236,Bryant Cameron Webb,DR. CAMERON WEBB FOR CONGRESS,≤100
504269149745567,Our Anthem,AGAPE INTERNATIONAL MISSIONS,≤100
1000253160054572,Cori Bush,CORI BUSH FOR CONGRESS,≤100
1708467695859543,Veteran Transition Mission,Sonia Ivelisse Barriera Ayala,≤100
623339164538852,National Security Action,Nationalsecurityaction.org,≤100
2309566456030859,Human Coalition Action,PRO-LIFE TEXANS A HUMAN COALITION ACTION PAC,≤100
107665644228467,Conservative Journal Review,Conservative Journal Review LLC,≤100
23790541544,Democrats,DCCC,≤100
44255328352,Farm Forward,Farm Forward,≤100
592347634460462,Partnership for America's Health Care Future,Partnership for America's Health Care Future,≤100
51379424899,Mercy Ships,MERCY SHIPS INTERNATIONAL,≤100
566008736785269,Be Heard Project,Be Heard Project,≤100
683872625157265,Theresa Greenfield,THERESA GREENFIELD FOR IOWA,≤100
272618896537776,America First Agenda,America First Agenda PAC,≤100
96171427550,Raja for Congress,FRIENDS OF RAJA FOR CONGRESS,≤100
296295018082,AARP en Español,AARP,≤100
87977452433,Zumiez,Zumiez,≤100
303374266418976,AFPM,American Fuel & Petrochemical Manufacturers,≤100
511833966305911,Holland for Cherokee County Sheriff,Jackie Lynn Holland,≤100
9739634228,The Political Machine,"Hitcents.com, Inc",≤100
101591551371555,Fire Mitch. Save America.,SAVE AMERICA FUND,≤100
300992409852,Hoover Institution,Hoover Institution,≤100
105455840860559,EagleRealm LLC,Eagle Realm,≤100
8473889271,National Parks Conservation Association,National Parks Conservation Association,≤100
1438882392887793,ADF Church Alliance,Alliance Defending Freedom,≤100
259212814698356,Democratic Majority for Israel,Democratic Majority for Israel,≤100
103067581133922,Paul Junge,PAUL JUNGE FOR CONGRESS,≤100
1819658374974706,Arena,Arena PAC,≤100
112333396969405,Jim Bognet,Bognet for Congress,≤100
661744180680367,National Police Association,"NATIONAL POLICE ASSOCIATION, INC.",≤100
266344180585578,Jim Jordan for Congress,JIM JORDAN FOR CONGRESS,≤100
107698564046392,Lauren Boebert for Congress,LAUREN BOEBERT FOR CONGRESS,≤100
111892670610842,Political AF,Quyen Sanh Gip,≤100
333710103706307,Giffords,GIFFORDS PAC,≤100
53727956260,Republican Jewish Coalition,Republican Jewish Coalition,≤100
2081864865362439,Mike Espy,MIKE ESPY FOR SENATE CAMPAIGN COMMITTEE,≤100
1449073545419430,The Lone Liberal Republican,TheLoneLiberalRepublican.Org,≤100
2046092952294722,Lucy McBath for Congress,FRIENDS OF LUCY MCBATH,≤100
420424547981908,In Search of Liberty,Scott Dennis Welch,≤100
117641114435,First Aid Beauty,First Aid Beauty,≤100
1439364926329185,Animal Matters,Animal Matters,≤100
1667892193505378,Hold the House,HOLD THE HOUSE PAC,≤100
1655317144553574,Major Williams of Pasadena,Major Williams for Governor,≤100
43287633515,Alliance for Climate Education,Alliance for Climate Education,≤100
950837325113887,Life Money Stuff,Life Money Stuff,≤100
5943727453,American Humane,American Humane,≤100
103144548151014,Adrian Perkins,Perkins for LA,≤100
30914589895,The International Fellowship of Christians and Jews,"INTERNATIONAL FELLOWSHIP OF CHRISTIANS & JEWS, INC.",≤100
207549645977714,Families Belong Together,Families Belong Together,≤100
123963360928,SiriusXM,SIRIUS XM RADIO INC.,≤100
186805048171120,U.S. & Texas LawShield,Texas LawShield,≤100
129278807814364,Women of Welcome,Welcome.,≤100
34701792581,EWTN,Eternal Word Television Network,≤100
7219151423,The Fund for American Studies (TFAS),The Fund for American Studies,≤100
106572950040377,Max Rose,MAX ROSE FOR CONGRESS,≤100
103322921464230,Standing United,Tein Yang Sun,≤100
174754989846475,NewDem Action Fund,New Democrat Coalition Action Fund,≤100
194115677277113,A21,A21 with Facebook Ad Credits,≤100
1691667177798461,Brut,Brut,≤100
1632568446971453,Boredwalk,Boredwalk,≤100
189439811635489,Alex Scott for Senate District 15,Alexandra Cassiopeia Scott,≤100
17911165812,Covenant House International,Covenant House,≤100
1678492922390061,WorkingNation,WorkingNation,≤100
102180301437619,2020 American Defense Fund,C3 PAC,≤100
2144413402256029,"UAP, Inc - United American Patriots",United American Patriots Inc,≤100
105698674239617,Embed News,Embed News,≤100
71284685294,Detroit Pistons,Detroit Pistons,≤100
128716440866482,Adam Milstein,Adam Milstein,≤100
113668017062690,Citizens For Free Enterprise,Citizens for Free Enterprise,≤100
183424985463330,Joe Cunningham,JOE CUNNINGHAM FOR CONGRESS,≤100
217569858071,Areva Martin,Areva Denise Martin,≤100
339432396135584,The Exodus Road,EXODUS ROAD INC,≤100
201248453800242,My Pay My Say,Mackinac Center for Public Policy,≤100
113553048669158,Rick Scott,TEAM RICK SCOTT,≤100
100506848295759,Made to Fail,Made To Fail,≤100
142432192446984,David Horowitz Freedom Center,David Horowitz Freedom Center,≤100
550622028319900,Headlock Press,Headlock Press,≤100
114181676608677,Canadian Valley Quail Forever Chapter,Laura Miller Mciver,≤100
172758932738142,PhRMA,PHARMACEUTICAL RESEARCH AND MANUFACTURERS OF AMERICA,≤100
143986912311328,University of Vermont Continuing and Distance Education,University of Vermont,≤100
105707511217866,Communities Joining Hands,Elena Zhan,≤100
102796944877926,Black Men for Trump,Black Men for Trump,≤100
221401431386940,Pramila Jayapal,PRAMILA FOR CONGRESS,≤100
896759427103774,Modern Medicaid Alliance,Modern Medicaid Alliance,≤100
20876805343,March of Dimes,MARCH OF DIMES INC.,≤100
313723095478950,The Daily Citizen,Focus on the Family,≤100
2146201085498440,Tony Gonzales,Tony Gonzales for Congress,≤100
483889558374204,Collin Walke,Friends of Collin Walke 2020,≤100
100401327980848,National Parents Union,National Parents Union,≤100
103373224404755,Impact Slates,COLLECTIVE IMPACT PAC,≤100
151525932186806,When Democrats Turn Out,WHEN DEMOCRATS TURN OUT PAC,≤100
105157841248307,No Filter Politics,No Filter Politics,≤100
109866370700481,PushBlack Finance,PushBlack,≤100
110439270638992,NE1else,Time Management LLc,≤100
142474049098533,Robert Reich,Inequality Media,≤100
284946111858895,Debbie Mucarsel-Powell,DEBBIE FOR CONGRESS,≤100
108281434237351,UBS Financial Services Inc.,UBS Financial Services,≤100
83673249645,Planned Parenthood Great Plains,Planned Parenthood Great Plains,≤100
698400060189827,Dan Sullivan,Alaskans for Sullivan,≤100
6820348410,Kirsten Gillibrand,Gillibrand for Senate,≤100
711478725532801,Civiqs,Civiqs,≤100
103131054573692,Crawfordology,Crawfordology,≤100
105561217523274,The_Dispatch,"Dispatch Media, Inc.",≤100
169597416843751,Stand Up America,Stand Up America,≤100
290851614930809,Combat AntiSemitism,Combat Anti-Semitism,≤100
102527004893192,The National Standard,Howard Stephan Barbanel,≤100
370939753393588,Invest in Education Arizona,Invest in Education. (Sponsored by AEA and Stand for Children). Not authorized by any candidate./,≤100
451224838781405,Patriot Baby,Eric Todd Hunter,≤100
21834534343,Volunteers of America,"VOLUNTEERS OF AMERICA, INC.",≤100
112043050446693,Together for 2020,Left of Center PAC,≤100
106968690805026,Sima for Texas,SIMA FOR TEXAS,≤100
106890801114065,Right Wing Maga,Right Wing Maga,≤100
1053833861326820,John Burke,Presidential Playbook,≤100
16792125167,Jimmy Patronis,Treasure Florida PC,≤100
369325156488153,Ubuntu Life,Ubuntu Life,≤100
38471053686,Elizabeth Warren,"WARREN DEMOCRATS, INC.",≤100
50576707351,Republican State Leadership Committee,Republican State Leadership Committee,≤100
107248944146204,Carlos Gimenez for Congress,Carlos Gimenez for Congress,≤100
1526736227567131,TrueCoverage,True Coverage,≤100
1690071827911682,Cleancult,cleancult,≤100
128041845508205,In Good Company,Hanson Han Xu,≤100
69983322463,Ted Cruz,TED CRUZ FOR SENATE,≤100
106445167434779,Duty and Honor,Duty and Honor,≤100
7341997111,Conservation International,Conservation International,≤100
131306317680000,Social Goods,"Social Goods, LLC",≤100
2264090133834042,Invite Research,Precision Network,≤100
1013304945470529,My Pride Apparel,My Pride Apparel,≤100
475456956305422,All Voting Is Local,Leadership Conference Education Fund,≤100
320533948089022,Angie Chen Button for Texas,Angie Chen Button,≤100
142992759853421,Be A Hero,BE A HERO PAC,≤100
96832392186,US Open Tennis Championships,United States Tennis Association (USTA),≤100
657708380952174,Voices of the Civil Rights Movement,Comcast,≤100
18017481462,Acton Institute,Acton Institute,≤100
1063260777120366,Care/of,These ads ran without a disclaimer,≤100
498441453550795,Jean Guerrero,Jean Carolyn Guerrero,≤100
105481140904672,Core Prestige,Core Prestige,≤100
100284648021034,New Tolerance Campaign,New Tolerance Campaign,≤100
898651906923421,"Devils Music, Holy Rollers and Hillbillies: How America Gave Birth to Rock",James Cosby,≤100
104602514593537,A New Voice for Justice,"The Committees to Elect Ned Fuller For NM Supreme Court, Kerry Morris For NM Supreme Court, B Johnson Judge - Ct App & Lee For NMCA",≤100
1577105462352750,Oklahoma City University Executive & Professional Education Center,Meinders School of Business Executive & Professional Education Center,≤100
1234251319933440,Exclusive Apparel,The Dude's Threads,≤100
170591064699,Southern Poverty Law Center,"SOUTHERN POVERTY LAW CENTER, INC., THE",≤100
186932688457686,CHNGE,CHNGE,≤100
117513180002579,John Shallman,Target Marketing Digital,≤100
618293268996755,America's Citizen Press,America's Citizen Press,≤100
101485404914361,Bad News Wares,Bad News Wares,≤100
19746387261,Humane Society International,Humane Society International,≤100
1681120172099567,Libertarian Candidates,Ryan Allen Raymond,≤100
373814729643508,Let America Vote,LET AMERICA VOTE PAC,≤100
166495790533335,American Population Panel,CHRR,≤100
12683623041,Society for Human Resource Management (SHRM),SOCIETY FOR HUMAN RESOURCE MANAGEMENT,≤100
169710960125365,Curzio Research,Curzio Research Inc.,≤100
173837496125511,Conscious Step,Conscious Step,≤100
525171637666780,Sandy Piña California Delegate,RCR,≤100
24470472733,The Trevor Project,The Trevor Project,≤100
117437204982602,American Wild Horse Campaign,American Wild Horse Campaign,≤100
434224137354568,Dr. Rich McCormick for Congress,Friends of McCormick,≤100
107953010886875,20Train.com,GEEG LLC,≤100
304750332920654,Carl DeMaio,SECURE THE BORDER SUPERPAC,≤100
110962313941403,Vote from Home 2020,PEOPLE FOR GOVERNMENT PAC,≤100
8225139261,New York Republican State Committee,NEW YORK REPUBLICAN STATE COMMITTEE,≤100
6002238585,Discovery,These ads ran without a disclaimer,≤100
116238930177726,Artsiful,Brad Aaron Shaw,≤100
776264359372720,ConservativeModern.com,ConservativeModern.com,≤100
83865976093,Truthout,TRUTHOUT,≤100
830890360316751,Nick Hanauer,Civic Action,≤100
181385265351965,Mosaic Magazine,Mosaic,≤100
164771506031,Claremont Institute,Nicholas Dylan Short,≤100
164529664123,All Community Events,These ads ran without a disclaimer,≤100
6713653788,Gary Peters,PETERS FOR MICHIGAN,≤100
9364828262,Citizens Against Government Waste,CITIZENS AGAINST GOVERNMENT WASTE,≤100
35715544220,Stand.earth,STAND,≤100
8936818385,Accuracy in Media,"ACCURACY IN MEDIA, INC",≤100
1486604288305133,Happy Earth Apparel,Happy Earth LLC,≤100
128167457221813,Public Transportation,Voices for Public Transit,≤100
107953199261156,ifaw,"INTERNATIONAL FUND FOR ANIMAL WELFARE, INC.",≤100
100697751658498,Stronger.org,The Public Good Projects,≤100
107483911082907,Trump Footballs,"Local Guys Marketing, LLC",≤100
25255876194,GOPAC,GOPAC Election Fund,≤100
2295062210811244,Coalition for American Veterans,COALITION FOR AMERICAN VETERANS POLITICAL ACTION COMMITTEE,≤100
2190200147671191,The Balance of Power,Jorge Hernando,≤100
169440273093442,The Center for Election Science,The Center for Election Science,≤100
260933440643373,UltraViolet,UltraViolet Action,≤100
485980975070908,Abigail Spanberger,SPANBERGER FOR CONGRESS,≤100
21395843375,Dialysis Patient Citizens,DIALYSIS PATIENT CITIZENS INC,≤100
396763120791972,Native Business,Native Business Magazine,≤100
101391906600,Live Action News,Live Action News,≤100
1438808983108348,BOLD PAC,CHC BOLD PAC,≤100
107424894413326,Tio Bernie Book,Tio Bernie Book,≤100
9394693002,Bloomberg LP,Bloomberg LP,≤100
7427054686,Secular Student Alliance,SECULAR STUDENT ALLIANCE,≤100
1682876188698809,United for Respect,United for Respect,≤100
107114204450319,Kraft for CPN Chairman,Lee Mccaleb Williams,≤100
134597023235240,Rashida Tlaib,THE SQUAD VICTORY FUND,≤100
111428049989,Cal Cunningham,CAL FOR NC,≤100
114822686979118,Daily Saver,Smart Market Tips,≤100
1596671280578981,Schools & Communities First,Schools and Communities First,≤100
108848347139943,The Amazing Paint Party,These ads ran without a disclaimer,≤100
607626319739286,Black Voices for Trump,TRUMP MAKE AMERICA GREAT AGAIN COMMITTEE,≤100
2165983337048601,LeverforChange,Lever for Change,≤100
121067011091,Arab American Institute,Arab American Institute with Facebook Ad Credits,≤100
102010211314386,Donald Trump 2020 Voters,I Love My Freedom,≤100
287568124699578,We Dream In Black - National Domestic Workers Alliance,National Domestic Workers Alliance,≤100
108650400954148,Stopping Socialism TV,The Heartland Institute,≤100
6355071377,American Cancer Society Cancer Action Network - ACS CAN,AMERICAN CANCER SOCIETY CANCER ACTION NETWORK INC,≤100
292351509697,Jerusalem Prayer Team,Jerusalem Prayer Team,≤100
179909895355213,AIDS United,AIDS UNITED,≤100
706716899745696,Women for Trump,TRUMP MAKE AMERICA GREAT AGAIN COMMITTEE,≤100
354329797956187,The Catholic Association,"The Catholic Association, Inc",≤100
209046616332309,Xochitl for Congress,Xochitl for New Mexico,≤100
309798029121030,Everytown for Gun Safety,EVERYTOWN FOR GUN SAFETY VICTORY FUND,≤100
101827381636940,Patriots 101,Lambert Chan,≤100
1385294418360578,Linda Koop,KOOP FOR TEXAS,≤100
49275915266,Marie Stopes International,MSI-US,≤100
69039563201,Open Doors USA,"OPEN DOORS WITH BROTHER ANDREW, INC.",≤100
152315634778510,UsAgainstAlzheimer’s,UsAgainstAlzheimer's,≤100
101485931485408,UNITEDemocrats,UNITEDEMOCRATS PAC,≤100
200650357207240,I Love My Freedom,I Love My Freedom,≤100
106963877549911,Greg Laird for State House 66,Greg Laird for State House 2020,≤100
2133130356918764,Common Justice,COMMON JUSTICE INC,≤100
210277954204,The Young Turks,"The Young Turks, Inc.",≤100
1852520761657982,4ocean,4ocean,≤100
100721221427071,Nightly Observer,Blake Anthony Spurgin,≤100
710669049286394,Woo the People,Khosro David Illulian,≤100
284002627318,Adobe Acrobat,Adriana None Frias,≤100
101042758281184,Reading On the Right,Macmillan Publishing,≤100
91346559231,Democratic Legislative Campaign Committee - DLCC,Democratic Legislative Campaign Committee,≤100
85018334294,Praise 106.5,CRISTA Media - PRAISE 106.5,≤100
55549065733,Voto Latino,VOTO LATINO INC.,≤100
19437978960,Chris Murphy,FRIENDS OF CHRIS MURPHY,≤100
1977738355807406,Sharice For Congress,SHARICE FOR CONGRESS,≤100
47710973068,Cooperative Action Network,National Rural Electric Cooperatives Association,≤100
1575347412785991,Cheddar,Cheddar,≤100
127216280686110,Ann Wagner,Ann Wagner for Congress,≤100
101208514791301,Daniel Turner,Power The Future Inc,≤100
154042277970966,International Refugee Assistance Project,"INTERNATIONAL REFUGEE ASSISTANCE PROJECT, INC.",≤100
165858562140,Western Resource Advocates,Western Resource Advocates,≤100
2212066245574161,Sarah Huckabee Sanders,St. Martin's Press,≤100
32582320449,CMMB,CATHOLIC MEDICAL MISSION BOARD INC,≤100
280540675818039,Representative Kelly Albright,Friends of Kelly Albright,≤100
112164673854264,Living Patriotically,Living Patriotically,≤100
250328845333372,Wagoner County Republican Party,Wagoner County Republican Party,≤100
141692255929599,Democratic Socialists of America,DEMOCRATIC SOCIALISTS OF AMERICA INC,≤100
333081284065216,Brynne Kennedy for Congress,BRYNNE KENNEDY FOR CONGRESS,≤100
1375618656016062,Deb Haaland for Congress,DEB HAALAND FOR CONGRESS,≤100
111036740654773,ToddCella2020,American Party 2020,≤100
95356211637,Ben Ferguson,Benjamin Grant Ferguson,≤100
126000505734703,Devoted Allegiance,Lambert Chan,≤100
109894877501594,Steve Daines Follows The Money,DSCC,≤100
25121889784,Texas Public Policy Foundation,Texas Public Policy Foundation,≤100
657343731290262,American Freedom Fighter,American Freedom Fighter,≤100
7292655492,MoveOn,MOVEON.ORG POLITICAL ACTION,≤100
1658135304460341,MANG,MANG,≤100
107226350977260,Rookie,Mark Anthony Russell,≤100
6041057841,The Humane Society of the United States,"HUMANE SOCIETY OF THE UNITED STATES, THE",≤100
1781966122036223,Prime Layers,These ads ran without a disclaimer,≤100
308353252483,Kristi Noem,Kristi for Governor,≤100
971668776283950,PolicyEd,Hoover Institution,≤100
374848446414965,Pollking,Benjamin Aaron Perlman,≤100
341513602902369,CALL TO ACTIVISM,CALL TO ACTIVISM,≤100
521924961194913,Bruce Westerman,Westerman for Congress,≤100
102027764795677,American Wire,The USA Wire,≤100
1613289982270065,Choose Courage Foundation,Choose Courage Foundation,≤100
7630216751,DoSomething.org,DOSOMETHING.ORG,≤100
355223168416491,Alex Morse for Congress,ALEX MORSE FOR CONGRESS,≤100
1014486318584089,Armed American Supply,Armed American Supply,≤100
104519591175701,Jes and Reid,Jessica Marie Richardson,≤100
102579318191600,No Justice No Peace,NO JUSTICE NO PEACE PAC,≤100
260754507296508,The Voter Participation Center,Voter Participation Center,≤100
2246364628908665,Uniting Missouri,Uniting Missouri,≤100
127335473965761,Recycle Cartons,"Carton Council of North America, Inc.",≤100
315151565831,Ascension,Ascension Press,≤100
101366834743111,Staunch Moderates,Gregory Todd Simmons,≤100
18813753280,Human Rights Campaign,"HUMAN RIGHTS CAMPAIGN, INC.",≤100
111248197347176,Protect & Serve PAC,PROTECT AND SERVE PAC,≤100
192015461630968,Supporting Our Brave Veterans,James Brian Plouf,≤100
116808566362551,Boomer Naturals,Boomer Naturals Inc,≤100
1709145412721991,The Center for Growth and Opportunity at Utah State University,The Center for Growth and Opportunity,≤100
529154000442477,America Rising,AMERICARISINGPAC.ORG,≤100
1741729849281711,Uber & Lyft Sexual Assault Attorneys,Safer America,≤100
319982881752525,Kara Eastman,EASTMAN FOR CONGRESS,≤100
121626482110,Operation Smile,"OPERATION SMILE, INC.",≤100
275902373084496,Justin Ray for Texas,Justin Ray for Texas,≤100
243947752771440,TJ Cox for Congress,TJ COX FOR CONGRESS,≤100
2049170775107862,Resistance By Design,Resistance By Design,≤100
1354622541311687,Dr. Kim Schrier,DR KIM SCHRIER FOR CONGRESS,≤100
100492918060703,RegiStart,RegiStart,≤100
868405419972384,The Outrage,The Outrage,≤100
106756327769815,Stand For The Promise,Stand For The Promise,≤100
1636216106590985,Josh Hawley,JOSH HAWLEY FOR SENATE,≤100
111361091313,NICABM,"Theoria Associates for Health Education, Inc.",≤100
5593944035,Competitive Enterprise Institute,COMPETITIVE ENTERPRISE INSTITUTE,≤100
320487991392267,Yellow River Calls,Justin Matthew Rosso,≤100
100729641303493,ICount NM,I Count New Mexico,≤100
101176014673943,Michelle for Kansas,MICHELLE FOR KANSAS,≤100
21492729544,Catholic Relief Services,CATHOLIC RELIEF SERVICES - UNITED STATES CONFERENCE OF CATHOLIC BISHOPS,≤100
50711561090,Muslim Advocates,MUSLIM ADVOCATES,≤100
174046949421616,Phenomenal Woman Action Campaign,Phenomenal Woman Action Campaign,≤100
1014291495249813,Politicon,Politicon,≤100
344690446467832,The Copper Courier,"Courier Newsroom, Inc.",≤100
785936231584382,Paula Jean Swearengin,Paula Jean for West Virginia,≤100
1388428314740793,American Mint - Coins and Medals,American Mint,≤100
486324651440186,Plastic Bank,Erin Lillian Rand,≤100
856208611420219,Christina Finello,FINELLO FOR CONGRESS,≤100
27544763621,Prison Fellowship,Brandon Anders Larsen,≤100
375301089246439,Thom Tillis,THOM TILLIS COMMITTEE,≤100
79820371749,Ayanna Pressley,THE SQUAD VICTORY FUND,≤100
101278694809805,Meme2020,Meme2020,≤100
72565633140,Soles4Souls,"SOLES4SOULS, INC.",≤100
201716719965863,Patient Safety Movement,Patient Safety Movement Foundation,≤100
548407915183371,Liz Cheney,Liz Cheney for Wyoming,≤100
75353945070,Boxed Water Is Better,Boxed Water Is Better,≤100
112552187080266,Protecting Every Future,American Council of Life Insurers,≤100
114936470195389,Kodiak Candle Company LLC,Kodiak Candle Company LLC,≤100
102285138227999,"Marsha Blackburn, Author","Premiere Marketing, Inc.",≤100
1518297238457643,Jeremiah Johnson Ministries,Jeremiah Johnson Ministries,≤100
112848967200786,Perfect gifts,These ads ran without a disclaimer,≤100
103046977892124,Adam Christensen For Congress,ADAM J CHRISTENSEN FOR CONGRESS,≤100
29775770058,PATH,PATH,≤100
174971709316,Cigna,Cigna,≤100
1295279420598401,Victoria Spartz,VICTORIA SPARTZ FOR CONGRESS,≤100
96491683438,"The Friends of Israel Gospel Ministry, Inc.","FRIENDS OF ISRAEL GOSPEL MINISTRY, INC, THE",≤100
111892670610842,Political AF,wowengraving,≤100
153477451455783,The Optimist Daily,"The Optimist Publications, LLC",≤100
191114702491,Equality Forum,"EQUALITY FORUM, INC",≤100
30079936984,CWS,"CHURCH WORLD SERVICE, INC.",≤100
231354176962252,Social Work Helper,"Social Work Helper, PBC",≤100
112200843755002,Tag Trump Flag,David None Reyna,≤100
412739549455010,Karena Reiter,PrimaDonna Reeds,≤100
100484821338312,Susanne Groebner for Judge 2020,Citizens for Susanne Groebner,≤100
46428009499,The Jewish Agency for Israel,Shiri  Stern,≤100
99050726344,Phillips Theological Seminary,PHILLIPS THEOLOGICAL SEMINARY,≤100
206202032757114,Nature and Culture International,NATURE AND CULTURE INTERNATIONAL,≤100
922580991129339,People's Mojahedin Organization of Iran - MEK IRAN,MEK-Iran (Saeid Saadati),≤100
44224524016,American Kidney Fund,"AMERICAN KIDNEY FUND, INC.",≤100
2259323457517498,Abolish the Electoral College,ABOLISH THE ELECTORAL COLLEGE,≤100
105706577749042,The Special Report,Areva Denise Martin,≤100
268258690640,Freeland,FRIENDS OF FREELAND FOUNDATION,≤100
557406414408076,NEXT TV,NEXT TV LLC,≤100
674885176225079,America's Wall of Honor,"Art of Honor, LLC",≤100
144176402370987,Karamu House,KARAMU HOUSE INC,≤100
1452551204988299,GoReact,Speakworks Inc,≤100
376044452473138,Acronym TV,Dennis Gerard Trainor,≤100
114622329920,Law Offices of Dean Malone,LAW OFFICES OF DEAN MALONE PC,≤100
522661794851179,West Michigan Families First,Michigan Democratic State Central Committee,≤100
119165929474477,Danyell for Congress,DANYELL LANIER FOR CONGRESS,≤100
211049239087028,Association of Young Americans,Benjamin J Brown,≤100
1536587453277219,Dr. Steve Turley,Turley Talks LLC,≤100
106900734464050,Testypoliticaltees,Testy Politics,≤100
19420215926,CNSNews.com,MEDIA RESEARCH CENTER,≤100
182620315479,Plan International USA,Plan International USA,≤100
7209432197,Chris Coons,CHRIS COONS FOR DELAWARE,≤100
105145707971929,Florida Votes,TECH FOR CAMPAIGNS,≤100
106883907479649,HUPAC - Health Underwriters Political Action Committee,NATIONAL ASSOCIATION OF HEALTH UNDERWRITERS PAC (HUPAC),≤100
1905515863109983,Power In Cooperation,Power in Cooperation,≤100
14038292386,Women for Women International,WOMEN FOR WOMEN INTERNATIONAL,≤100
166328030086167,Tango Public Relations,Brenda None Hernandez,≤100
763491940427547,Roque  "Rocky"  De La Fuente,Rocky 101 LLC,≤100
359651584655941,Luisa del Rosal,Luisa Del Rosal Campaign,≤100
114937555342547,Seth Abramson,Macmillan Publishing,≤100
77273593330,Hillel International,HILLEL THE FOUNDATION FOR JEWISH CAMPUS LIFE,≤100
149366465128820,Nicole Galloway,Nicole Galloway for Missouri,≤100
289753757748740,Sgt. Benjamin Anthony,Our Soldiers Speak,≤100
107638384248580,Our America,Bryant Wayne Young,≤100
113335773562471,President Trump For Re-Election,Great American Era,≤100
497348647140658,Point Source Youth,Point Source Youth,≤100
609022902623021,Senator Jim Welch,The Committee to Elect James T. Welch,≤100
614134231980299,Veterans Empowered To Protect African Wildlife,VETPAW INC,≤100
103834811386284,Red Elephant Apparel,DESTROYER PROMOTIONAL PRODUCTS LLC,≤100
217187838327836,The Story Exchange,The Story Exchange Foundation,≤100
166166843531258,National Council of Resistance of Iran - شورای ملی مقاومت ایران,MEK-Iran (Saeid Saadati),≤100
104667417857551,United Association LLC,United Association LLC,≤100
104164498028393,"Capitalism, Socialism, and the Promise of Democracy",William Dale Barber,≤100
284624954962951,Gus Bilirakis for Congress,Bilirakis For Congress,≤100
319216208986434,"Timothy D. Japhet, Attorney at Law",Timothy Daniel Japhet,≤100
142836829093760,The American Constitutional Rights Union,Jorge Ernesto Amselle,≤100
104030038010531,Tera Myers,American Federation for Children,≤100
130945114804,World Jewish Congress,WORLD JEWISH CONGRESS AMERICAN SECTION INC,≤100
105552374242090,DontNYmyFlorida.com,DontNYmyFlorida.com,≤100
23245606841,Hachette Book Group,"Hachette Book Group, Inc.",≤100
336848256815114,Eyeless on Campus,James C. L'Angelle,≤100
349068689306,Tim Scott,TIM SCOTT FOR SENATE,≤100
103744091462809,The Trump Closet,Kenneth Dione Keith Jr,≤100
202200909969136,Diane Dixon,Dixon for Assembly 2020,≤100
8321461609,MomsRising.org,MomsRising Together,≤100
262905633727,Los Angeles Mission,"Los Angeles Mission, Inc.",≤100
372922692828,seiu-uhw,SEIU United Healthcare Workers West Local 2005,≤100
106868314285372,The Finance Kit,DYS Capital LLC,≤100
572946842722169,Jake LaTurner,KANSANS FOR LATURNER,≤100
174905503013610,Harley Rouda,HARLEY ROUDA FOR CONGRESS,≤100
324119001078997,"Sanford Heisler Sharp, LLP","Sanford Heisler Sharp, LLP",≤100
108791180898784,Poor Lives Matter,Paul Matthew Goulart,≤100
270826723039149,The Coalition to Protect Americas National Parks,"COALITION OF NATIONAL PARK SERVICE RETIREES, INC.",≤100
141269525933538,Democrats for Education Reform,Education Reform Now Advocacy Inc.,≤100
106114264313679,Hunt The Vote,"Hunter Nation, Inc",≤100
1374260589465543,Sheepdog Church Security,Sheepdog Church Security,≤100
1400772006635782,Josh Harder,JOSH HARDER FOR CONGRESS,≤100
97261063097,Global Fund for Women,"GLOBAL FUND FOR WOMEN, INC., THE",≤100
984421991732710,Paycheckology,Paycheckology,≤100
296914550322200,Jose Javier Rodriguez,Florida Democratic Legislative Campaign Committee,≤100
102683071542633,G.G.'s Shoppe,Grace Hopkins Beard,≤100
203583423017526,National Immigration Law Center,National Immigration Law Center,≤100
119216091518705,Protect The Harvest,Karen Elizabeth Glueck,≤100
108906707265489,USA Pooch,"PRESIDENTIAL POOCH, INC",≤100
1925751504337881,MJ Hegar,MJ FOR TEXAS,≤100
104339194296642,SOCIAL NOSTRA,Social Nostra,≤100
1947525322184514,One Fair Wage,One Fair Wage,≤100
342294162453301,Planned Parenthood,These ads ran without a disclaimer,≤100
111550550550458,BARK for BIDEN,BARK for BIDEN,≤100
276466976142714,Moguldom,NUBAI VENTURES LLC,≤100
198559607605482,Gunnigle 2020,Gunnigle 2020,≤100
399366360669553,Jamaal Bowman for Congress,Bowman For Congress,≤100
108090464296366,Republican Patriots,I Love My Freedom,≤100
230081331660936,Take A Stand 2020,Take A Stand 2020,≤100
265045056894488,Mark Meckler,Convention of States Action,≤100
232201568659,Pacific Justice Institute,PACIFIC JUSTICE INSTITUTE,≤100
103934071014071,Fire Drill Fridays,"GREENPEACE, INC.",≤100
145022042990911,MEK Iran,MEK-Iran (Saeid Saadati),≤100
134452023239984,Human Coalition,Human Coalition,≤100
260366367717440,Committee to Protect Medicare,Committee to Protect Medicare,≤100
166235850642503,Imagine That,American Fuel and Petrochemical Manufacturers,≤100
151757038879920,Alyse Galvin for Congress 2020,ALYSE FOR ALASKA,≤100
136211573758668,State Representative Steve Allison,Steve Allison,≤100
1397799040234106,OpinionUP,OpinionUP LLC,≤100
110257623864359,Cool Mud Flaps,"OHIO LASER, LLC",≤100
1869687273277265,Run for Something,Run For Something PAC,≤100
102315041409283,Horses in our Hands,In our Hands Action Fund,≤100
626681524134752,Williamson County Sheriff  Robert Chody,Robert Chody for Sheriff,≤100
19972147679,SEIU,SEIU,≤100
399060493533519,The Justice Foundation,JUSTICE FOUNDATION,≤100
298271003840760,Bluestem Kansas,Bluestem Foundation,≤100
71383025128,PARIS - Guerrilla Funk Recordings,These ads ran without a disclaimer,≤100
6334782252,Oceana,OCEANA,≤100
808450969246896,"Rebecca Walser, Tax Attorney, CFP",Walser Wealth Management,≤100
110798880680061,USA Strong,USA Strong,≤100
108797534098691,Keep Gifts Great,Adrian Choi Conger,≤100
1402827079932843,Low Income Relief,The Lighthouse Information Network LLC,≤100
9694956217,Animal Legal Defense Fund,ANIMAL LEGAL DEFENSE FUND,≤100
109709397469494,Dignity Unbound,Dignity Unbound,≤100
104679177804089,45 Changes Lives,PKA Karate Academy Inc,≤100
117412780444,PP Great Plains Votes,Planned Parenthood Great Plains Votes,≤100
1709411425966576,Trump Store America,SPALDING GROUP INC,≤100
276708266084189,Ray Dalio,"Principles, LLC",≤100
781510041970720,Hippo Sak,Hippo Sak,≤100
103376804451432,Trending Politics,Making Web LLC,≤100
100123544800892,Disme Coin Company,Byron Michael Laughlin,≤100
1806551369642527,The Eastside Voice,Diana Jean Pack,≤100
150322194563,PASA Primates: Pan African Sanctuary Alliance,PAN AFRICAN SANCTUARIES ALLIANCE,≤100
113644103666790,America First,TruthLion,≤100
12692955711,Chronicle of Higher Education,"CHRONICLE OF HIGHER EDUCATION, INC. (THE)",≤100
103236124788338,"Dr. Jerry Griffin, Member Tulsa School Board - District 6",Gerald Ray Griffin,≤100
36474716066,Color Of Change,COLOROFCHANGE.ORG,≤100
306591716448427,Cindy Axne,CINDY AXNE FOR CONGRESS,≤100
475820496534374,Trend Droppers,Trend Droppers,≤100
107199049318619,Friends of Derek Kilmer,PEOPLE FOR DEREK KILMER,≤100
106203264511020,Washington Changed Katko,DCCC,≤100
101136147910784,Represent Justice,Represent Justice,≤100
262173980908600,LTM,LTMShop,≤100
134063808787,3 Generations,Three Generations Inc,≤100
195704103779569,Savage Outdoors & The One,Amanda Harris Lee,≤100
154860200019,Immigrants Rising,Immigrants Rising,≤100
1425435377743310,Conversations with Bill Kristol,The Foundation for Constitutional Government,≤100
244579043463375,The Three Masketeers,Three Masketeers,≤100
103219773657059,Black Vibe Tribe,These ads ran without a disclaimer,≤100
139062085972,Illinois Family Institute,"ILLINOIS FAMILY INSTITUTE, THE INC",≤100
105188847940993,Red America Store,Red America Store,≤100
100846774982239,Protect Our Police PAC,Protect Our Police PAC,≤100
110316697328742,People of Seniors Housing,People of Seniors Housing,≤100
118697061602554,Jason Brodeur,"Jason Brodeur, Republican, for State Senate",≤100
17801244148,Jill Schupp,SCHUPP FOR CONGRESS,≤100
104881317722736,Get-It-Out,Matthew Justin Viles,≤100
102707767976896,Liberty Patriots USA,"Gentry Hardy Holdings, LP",≤100
200224630053159,Ben McAdams,FRIENDS OF BEN MCADAMS,≤100
182079698493370,Portside,Portside,≤100
53674651369,Susan B. Anthony List,Susan B. Anthony List Action PAC,≤100
505653766599222,America First with Dr. Sebastian Gorka,Salem Media,≤100
107439427661844,Accountable Tech,Accountable Tech,≤100
1819990444891347,Progressive Source Communications,Progressive Source Communications LLC,≤100
353979181297114,KenTimmerman,Kenneth Rogers Timmerman,≤100
113502933787595,Patriots United,Tyler Wayne Hedland,≤100
112915307115298,Lynnette Grey Bull for Congress,GREY BULL FOR CONGRESS,≤100
121033149320,American Indian College Fund,"AMERICAN INDIAN COLLEGE FUND, THE",≤100
215199482635728,Alek Skarlatos,ALEK FOR OREGON,≤100
113285443729534,California Freedom,California Freedom,≤100
70531357576,Freedom Forum,"FREEDOM FORUM INC, THE",≤100
1600300510259910,For Our Future Pennsylvania,For Our Future Action Fund,≤100
245741028804051,Barbara Sinatra Center,Barbara Sinatra Children's Center,≤100
2077297152507222,Trade Alliance to Promote Prosperity - TAPP,Trade Alliance to Promote Prosperity,≤100
169204449790211,Conservative News Today,"BizPac Review, Inc.",≤100
278052172260101,ZERO TO THREE,ZERO TO THREE,≤100
115589465160388,Scribner Books,Simon and Schuster,≤100
114274475307351,Greg Raths For Congress,GREG RATHS FOR CONGRESS 2020,≤100
182658925089088,FINCA,"FINCA INTERNATIONAL, INC.",≤100
682990071843813,Center for the Study of Liberty,Center for the Study of Liberty,≤100
329418020548,Cardozo School of Law,Cardozo School of Law,≤100
279890513018,Islamic Networks Group - ING,"ISLAMIC NETWORKS, INC.",≤100
114386721939978,The Made in America Store,Made In America Store,≤100
646201455449049,Police and Fire Memorials - "We Shall Never Forget","Art of Honor, LLC",≤100
653076538223048,Pennsylvania Firearms Association,Pennsylvania Firearms Association,≤100
458928061510318,Rita Hart for Iowa,RITA HART FOR IOWA,≤100
279256605891946,CalmEffect,"Balance Marketing Group, LLC",≤100
97466887664,Innocence Project,"INNOCENCE PROJECT, INC., THE",≤100
311664679737865,David Preston Sharp,David Preston Sharp,≤100
612701059241880,Latinos for Trump,TRUMP MAKE AMERICA GREAT AGAIN COMMITTEE,≤100
19754937733,Oklahoma Association of REALTORS®,Oklahoma Association of REALTORS®,≤100
105882964535390,Cats Against Trump,Cats Against Trump,≤100
2123425971065747,Sora Schools,Indra Putra Sofian,≤100
235667486509987,U.S. Vote Foundation,U.S. VOTE FOUNDATION,≤100
58158120046,ACLJ,American Center for Law and Justice,≤100
336440323158789,Jack Burkman Radio,Jack Burkman Radio,≤100
999775873528189,Stopping Socialism,The Heartland Institute,≤100
156919911022572,Steven Horsford,NEVADANS FOR STEVEN HORSFORD,≤100
110998592305221,Dr. Martens,Dr. Martens AirWair USA LLC,≤100
56332452163,AMA Patients Action Network,American Medical Association,≤100
102959799834968,Diane Mitsch Bush for Colorado,DIANE FOR COLORADO CD3,≤100
12503116997,Dennis Prager,Salem Media,≤100
108970206976,World Vision USA,WORLD VISION INC.,≤100
1646823955646308,Mike Donovan,Michael Paul Donovan,≤100
1695950424027488,Andy Hallinan,Andrew Lawrence Hallinan,≤100
104012084703106,One People United PAC,One People United,≤100
1387062348242626,Progress Arizona,ProgressNow AZ,≤100
110828620426941,Roger Polack for Congress,ROGER FOR WISCONSIN,≤100
1745236555735695,EverBright Kids,EverBright Kids,≤100
780606555331010,American Student Loan Advocate,ASLR Marketing,≤100
100699775058659,Education Now NC,Education Now,≤100
1436428353267835,Greenbrier County Democratic Women's Club,Sarah Zadek Umberger,≤100
708375056271048,The Christendom Curriculum,The Christendom Curriculum,≤100
322044193958,Mike Turner for Congress,Citizens for Turner,≤100
15771560300,Earthjustice,EARTHJUSTICE,≤100
10760692978,World Hope International,World Hope International,≤100
1166660030079480,National Democratic Redistricting Committee,National Democratic Redistricting Committee,≤100
102970113093477,Church Militant/St. Michael’s Media,Max Aldcander Douglas,≤100
113110137118723,Collectible Currency,Christopher Walter Adams,≤100
1624206881186861,Lisa Blunt Rochester,LISA BLUNT ROCHESTER FOR CONGRESS,≤100
7148723514,Sundance Film Festival,SUNDANCE INSTITUTE,≤100
338218229911752,Integrity First PAC,INTEGRITY FIRST PAC,≤100
346937065399354,Occupy Democrats,Omar Rivero,≤100
6766783198,John Carter,JOHN CARTER FOR CONGRESS,≤100
48530203934,The American Alpine Club,"AMERICAN ALPINE CLUB, THE",≤100
101252258324890,The Con,Abramorama Inc.,≤100
102436701226752,Is It Sunday Yet?,Jarrett J Rogers,≤100
103218576421422,GirlTrek: Healthy Black Women and Girls,GirlTrek,≤100
100934287932609,You Don't Have to Yell,"YDHTY Media, LLC",≤100
6851405967,CREDO Mobile,"CREDO MOBILE, INC.",≤100
112492646811151,California Census,CA Census 2020,≤100
583715925012376,Mayor Trent Staggs,Staggs for Mayor,≤100
960002584337213,Shannon Freshour,SHANNON 4 CONGRESS COMMITTEE,≤100
109295990419284,Esther For Congress,ESTHER FOR CONGRESS,≤100
36091862898,The Mackinac Center for Public Policy,The Mackinac Center for Public Policy,≤100
255713945428,Lactation Education Resources,Lactation Education Resources,≤100
1528498354074301,Punching Bag Media - Conservative News,Sean Michael Probber,≤100
1438402866378921,BookShark,BookShark,≤100
289634374392752,ConservAmerica,ConservAmerica,≤100
8145161702,Lambda Legal,"LAMBDA LEGAL DEFENSE & EDUCATION FUND, INC.",≤100
312208869424760,Field Team 6,Cory Cambridge Alpert,≤100
317667194946264,Ro Khanna,RO FOR CONGRESS INC,≤100
2350631784978320,Michigan Families Matter,Michigan Democratic State Central Committee,≤100
168452723312821,Chisholm Chisholm & Kilpatrick LTD,Chisholm Chisholm & Kilpatrick LTD,≤100
431180057018014,Sand Cloud,These ads ran without a disclaimer,≤100
191975737491988,Jennifer Wexton,WEXTON FOR CONGRESS,≤100
294021837428958,Free the Pill,IBIS REPRODUCTIVE HEALTH,≤100
2477925168899669,The Renew Democracy Initiative,"The Renew Democracy Initiative, Inc",≤100
218020061613734,UBS,UBS Financial Services Inc.,≤100
100911481267154,"Luke Gromen - FFTT, LLC","FFTT, LLC",≤100
61288747990,Real Warriors,Real Warriors Campaign,≤100
304058913005378,Senior and Disabled Concerns,Senior & Disabled Concerns,≤100
611111826212672,Be A Patriot,William Mckinley Kremer,≤100
1003562459729504,Transportation Nation Network,Transportation Nation Network,≤100
1272534336242476,World101,Council on Foreign Relations,≤100
100821338289859,Republicans For Integrity,Republicans For Integrity,≤100
325896334774311,Richie Jackson,Target Marketing Digital,≤100
85569513068,International Planned Parenthood Federation/Western Hemisphere Region,International Planned Parenthood Federation/Western Hemisphere Region,≤100
101041998305221,The Proud Republicans,Great American Era LLC,≤100
485025198583040,Southern AF,Southern AF,≤100
1802177709900081,The Spectator US,The Spectator US,≤100
345946329411380,Petal Soap,Jason Paul Domangue,≤100
46508415624,Scott Taylor,Scott Taylor for Congress 2020,≤100
696930446991476,Financialadviser.com,FinancialAdviser.com,≤100
810122486032496,Jackie Gordon,JACKIE GORDON FOR CONGRESS,≤100
160630887998827,Let Them Live,Let Them Live,≤100
251632675552663,Rigged: The Voter Suppression Playbook,American Issues Initiative,≤100
299295363912730,New Politics Leadership Academy,New Politics Leadership Academy,≤100
309993142375589,Joe Kennedy III,KENNEDY FOR MASSACHUSETTS,≤100
259212814698356,Democratic Majority for Israel,DMFI PAC,≤100
111204039054580,Konni Burton,The Texan for Konni Burton,≤100
2462191704005828,Rainey Center,The Joseph Rainey Center for Public Policy,≤100
188607107843102,Texas Values,TEXAS VALUES,≤100
172552106115265,Patheos Evangelical,Patheos Evangelical,≤100
113310617054164,Trump Baseball Bats,Trump Baseball Bats,≤100
151894654697,Save Our States,Save Our States,≤100
6165653060,AFSCME,AMERICAN FEDERATION OF STATE COUNTY & MUNICIPAL EMPLOYEES,≤100
430661420473720,State Representative Lynn Stucky,Lynn Stucky Campaign,≤100
109200595768753,The Christian Left,The Christian Left,≤100
103341131486608,Anti Racist Social,Salman Ahmed Elmi,≤100
135500133147357,ProEnglish,US INC,≤100
97624620788,American Friends of Magen David Adom,AMERICAN FRIENDS OF MAGEN DAVID ADOM,≤100
47712360678,Jobs With Justice,Jobs With Justice,≤100
72931140459,Center for Biological Diversity,"CENTER FOR BIOLOGICAL DIVERSITY, INC.",≤100
203330919857759,All On The Line,National Redistricting Action Fund,≤100
2339203789732156,Kim Mangone for Congress,COMMITTEE TO ELECT KIM MANGONE FOR CONGRESS,≤100
103983379801,Texas Democratic Party,Texas Democratic Party,≤100
118178241651488,DSPolitical,"DSPolitical, LLC",≤100
216709768355686,Dinesh D'Souza,America2020 Film LLC,≤100
2025091014264618,The Funeral Leader,MKJ Marketing,≤100
2070944712939738,American Police Officers Alliance,American Police Officers Alliance,≤100
206052849902620,Intermountain Immigration,"Intermountain Immigration, LLC",≤100
357750373755,National Domestic Workers Alliance,National Domestic Workers Alliance,≤100
190987118163092,Connected Clothing Company,Connected Clothing Company,≤100
1863789933891583,Black people who invest in the stock market,These ads ran without a disclaimer,≤100
1311291038982513,2A Gear,Teecreations LLC,≤100
133979276345,Georgia Farm Bureau,"GEORGIA FARM BUREAU FEDERATION, INC.",≤100
212933805686,Because International,Because International Corp,≤100
162623897133712,David French,Macmillan Publishing,≤100
89324781720,Pat Toomey,Friends of Pat Toomey,≤100
494259170754224,Keeping IDentities Safe,KEEPING IDENTITIES SAFE,≤100
467503009987109,"Healthy Forests, Healthy Communities","Healthy Forests, Healthy Communities",≤100
221890358218748,Til Valhalla Project,Til Valhalla Project,≤100
124530924015,Hank Gilbert,HANK GILBERT FOR CONGRESS,≤100
279846350948,St. Labre Indian School,St. Labre Indian School,≤100
1640970822834351,Plaine Products,Plaine Products,≤100
109865740778942,Jesal Amin for East Brunswick Mayor,Jesal Amin for Mayor,≤100
747783932079184,Jared Golden,COMMITTEE TO ELECT JARED GOLDEN,≤100
1437429989675914,Huckabee,"TRINITY BROADCASTING NETWORK, INC.",≤100
551158678560402,Epimonia,Epimonia LLC,≤100
7642602143,Mother Jones,FOUNDATION FOR NATIONAL PROGRESS,≤100
180230069923,American Life League,American Life League,≤100
1400371370253041,Eagan Immigration,Eagan Immigration,≤100
127637620616803,Comcast Newsmakers,Comcast,≤100
531623043662146,Flags of Valor,Flags of Valor,≤100
11911627997,Pancreatic Cancer Action Network,"PANCREATIC CANCER ACTION NETWORK, INC.",≤100
1028908663935923,Americans for Fair Treatment,Americans For Fair Treatment,≤100
100722328329613,Every Single Vote,Every Single Vote,≤100
1437139799857705,National Medal of Honor Museum,Medal of Honor Museum Foundation,≤100
221676957953311,The Missouri Plan,The Missouri Bar,≤100
101536768123944,Royal Freedom,Diego Morcillo,≤100
245284549333866,ASMDSS,ASMDSS,≤100
54787697857,Ron Wyden,WYDEN FOR SENATE,≤100
1579877262318501,Ohio Federation of Teachers,Ohio Federation of Teachers,≤100
102661701651,South Carolina Small Business Chamber of Commerce,South Carolina Small Business Chamber of Commerce,≤100
511235549007985,PRJKT RUBY,PRJKT RUBY,≤100
103571278142168,Joni Ernst Isn’t On Our Side,DSCC,≤100
102478528086004,Reading On the Left,St. Martin's Press,≤100
304062610300415,VozWire,Gregson E Mathe,≤100
340393855322,Van Taylor,VAN TAYLOR CAMPAIGN,≤100
102413723172970,Nick Adams,Nick Adams,≤100
105872574403318,Project TAMMI,a research grant at The National Center on Addiction and Substance Abuse (CASA),≤100
350293028423754,PFLAG Oklahoma City,PFLAG Oklahoma City,≤100
103034718068007,Pigeon Poolitics,Sassan Yousefi,≤100
1835838916635491,Transamerica Center for Health Studies,Transamerica Center for Health Studies,≤100
100370051625099,Friends of GB3 Candidate District 11 Metro Council,Gordon Bargas,≤100
101103254533,SOS International,SOS International,≤100
482100658584410,We Stand For Energy,"EDISON ELECTRIC INSTITUTE, INC.",≤100
1850752118493392,Kanaeokana,Kanaeokana,≤100
1634651343331439,Project Wren,Landon Brand,≤100
19474609238,Mercatus Center at George Mason University,Mercatus Center at George Mason University,≤100
83996318078,Change.org,"Change.org, PBC",≤100
473191156175163,EDF Action,Environmental Defense Action Fund,≤100
10252353761,Commonwealth Foundation,The Commonwealth Foundation,≤100
1265705333582297,Akilah Bacy for Texas,Akilah Bacy for Texas,≤100
127821707877,YWCA USA,"YWCA OF THE USA, NATIONAL BOARD (INC)",≤100
110280253735683,Alexandria Ocasio-Cortez Fan Club,Imran M Jemal,≤100
114184489945533,Hawkfish,Hawkfish LLC,≤100
740266592735787,Free to Be Kids,Free To Be Kids,≤100
246846192720018,War On Our Future,The Years Project,≤100
162676813937511,Dan Forest,Committee to Elect Dan Forest,≤100
100150625143458,Rainer Zitelmann,William R Collier,≤100
289213691238937,Thrasher Coffee,Thrasher Coffee Co.,≤100
51949171587,Cross International,"CROSS INTERNATIONAL, INC.",≤100
34992314695,National Center for Public Policy Research,NATIONAL CENTER FOR PUBLIC POLICY RESEARCH,≤100
621647948489627,The Good Companion,Megan Kristen Hall,≤100
543066585882629,Libertarian Country,Libertarian Country,≤100
123651254408327,Sokolove Law,"Sokolove Law, LLC",≤100
10897453188,Operation Mobilization - OM USA,"OPERATION MOBILIZATION USA, INC.",≤100
231154884924705,AboutTrump.org - and Biden,A MARK FOUNDATION,≤100
143021112391265,Jacobin magazine,Jacobin Foundation,≤100
1370474066365196,F1RST WARRIOR,First Warrior,≤100
110959362410288,Jewish Insider,Anthony Parker Sheehan,≤100
299907453682524,American Legacy Center,American Legacy Center,≤100
1670468429918309,We Are Uprisers,WEAREUPRISERS,≤100
44340057816,Uncommon Goods,UncommonGoods,≤100
21090771700,Gun Owners of America,Gun Owners of America,≤100
154510321337994,Chris Pappas for Congress,CHRIS PAPPAS FOR CONGRESS,≤100
334748476594191,Rodney Davis,Rodney for Congress,≤100
142370046577999,Shahid Buttar for Congress,Shahid Buttar for Congress Committee,≤100
101147105012102,Solidu USA,Solidu USA,≤100
243362776583569,Air Mail,Air Mail,≤100
101968381266941,Ghana Diaspora PAC,Ghana Diaspora Public Affairs Collective,≤100
598720023670599,Jennifer Carroll Foy,Jennifer Carroll Foy for Governor,≤100
171524666565192,Dave Stauffer for Governor,David Stauffer,≤100
1945837408977507,Michael Moates,-MICHAEL STEVEN MOATES,≤100
1145019702185006,Alliance for Safety and Justice,Alliance for Safety and Justice,≤100
70995214846,Business Roundtable,Business Roundtable,≤100
579225059416653,Moderate Majority Rising,Luke Lorenz,≤100
334925200513155,Justin Berry for Texas HD 47,Justin Berry For Texas House,≤100
471487683059990,American Mind,Nicholas Dylan Short,≤100
100606771657216,Faith 2020,Faith 2020 Inc.,≤100
158505287559920,Save the Storks,Save the Storks,≤100
39432041915,Capital Research Center,CAPITAL RESEARCH CENTER INC,≤100
340349546358726,Jeff Krasno,Jeffrey Patrick Krasno,≤100
131571436869348,Texas HDCC,Texas HDCC,≤100
192448150001,Jeff Anderson & Associates,Jeffrey R Anderson PA,≤100
120085718005638,American Prairie Reserve,American Prairie Reserve,≤100
2417346194990675,GCRMC Careers - Alamogordo NM,Rollis None Fontenot,≤100
422202764649078,Rhode Island Department of Education - RIDE,Rhode Island Department of Education,≤100
111597310595312,Enough Already 2020,Enough Already,≤100
1747132688647028,Democratic Association of Secretaries of State,Democratic Association of Secretaries of State,≤100
223315101050132,Waters Kraus & Paul,Waters Kraus & Paul,≤100
281884085611820,Tedra Cobb,COMMITTEE TO ELECT TEDRA COBB,≤100
258470931719484,The Why Minutes,The Why Minutes,≤100
105953890782784,The Factual,The Factual,≤100
104168777735273,Alley For Justice,Justice Jeff Alley Campaign in compliance with the voluntary limits of the Judicial Campaign Fairness Act.,≤100
105287044367027,ObsessedwithTrump,Donald Lee Rowan,≤100
1308229519201637,DC Chronicle News,Michael Steven Moates,≤100