﻿Page ID,Page Name,Disclaimer,Amount Spent (USD)
6726182861,Mike Pence,TRUMP MAKE AMERICA GREAT AGAIN COMMITTEE,1544
153080620724,Donald J. Trump,TRUMP MAKE AMERICA GREAT AGAIN COMMITTEE,1075
108824017345866,Facebook,"Facebook, Inc.",1043
153080620724,Donald J. Trump,"DONALD J. TRUMP FOR PRESIDENT, INC.",967
791543660926838,"I'll go ahead and keep my guns, Thanks",2A4LIFE LLC,745
367152833370567,Instagram,"Facebook, Inc.",626
147542771956309,Katrina Pierson,TRUMP MAKE AMERICA GREAT AGAIN COMMITTEE,533
20787991568,Senate Democrats,DSCC,491
1771156219840594,Team Trump,"DONALD J. TRUMP FOR PRESIDENT, INC.",414
294196590710262,FWD.us,FWD.us,383
102671331487937,I Love My Freedom Store,I Love My Freedom,352
156968474833352,Stop Republicans,Stop Republicans,348
1771156219840594,Team Trump,TRUMP MAKE AMERICA GREAT AGAIN COMMITTEE,303
196382377057315,Learn Our History,Learn Our History,280
1449461518652183,4Patriots,4Patriots LLC,256
6726182861,Mike Pence,"DONALD J. TRUMP FOR PRESIDENT, INC.",228
925007000949719,ExxonMobil,Exxon Mobil Corporation,228
9324910069,NRSC,NRSC,176
259130650776119,Mitch McConnell,MCCONNELL SENATE COMMITTEE,169
165987503528599,Lindsey Graham,"TEAM GRAHAM, INC.",159
1883837055193241,Shield Republic,Shield Republic,158
108794587327155,Good Programs 2020,Trevor Dale Seaks,148
112974563687584,Robert Kiyosaki - The Rich Dad Poor Dad Letter,Long Form Creative Co.,136
132492254050920,American AF,AAF Nation,135
345504286342057,Keeping America Great Again,RightWingGear.com,126
717115395103069,PrintedKicks,Printed Kicks,126
665345483483486,NRA - National Rifle Association of America,NATIONAL RIFLE ASSN OF AMERICA,124
1745691098822972,Brad Parscale,TRUMP MAKE AMERICA GREAT AGAIN COMMITTEE,121
7860876103,Joe Biden,BIDEN VICTORY FUND,117
100126201737278,Patriots Take a Stand,Jae W Seo,117
186908658003781,Congressman Steven Palazzo,the Office of Congressman Steven Palazzo,107
112694470356789,Trumpcare For America,Stuart Joseph Millar,103
1745691098822972,Brad Parscale,"DONALD J. TRUMP FOR PRESIDENT, INC.",101
2352630938293825,Mytacticalpromos,Entremax,≤100
127225910653607,PragerU,PragerU,≤100
107858693983382,The GOP Shop,The GOP Shop,≤100
114710126648118,Republican Dogs,Republican Dogs,≤100
2189265054726827,Liberty Tee Shop,www.libertyteeshop.com,≤100
1374134752633656,New Health Plans,Shop Insurance Plans,≤100
109677057145919,Hot Issue,Astonishean Miracle Bundage,≤100
278490715553293,Martha McSally,MCSALLY FOR SENATE INC,≤100
560140464159364,Stand for the 2nd Amendment,SFT2 Tactical Supply,≤100
127755494595870,Progressive Takeover,PROGRESSIVE TAKEOVER,≤100
25852730092,Care2,Care2 Inc,≤100
203805062990264,Ben Shapiro,The Daily Wire,≤100
866462300044758,"Mayor George Flaggs, Jr.",City of Vicksburg,≤100
100560711450721,Evangelicals for Trump,"DONALD J. TRUMP FOR PRESIDENT, INC.",≤100
67518500519,Mississippi Center for Public Policy,Mississippi Center for Public Policy,≤100
706716899745696,Women for Trump,"DONALD J. TRUMP FOR PRESIDENT, INC.",≤100
12301006942,Democratic Party,DNC SERVICES CORP./DEM. NAT'L COMMITTEE,≤100
92925746942,Judicial Watch,Judicial Watch,≤100
85452072376,Newsmax,Newsmax Media,≤100
104856814505092,The Kids Guide,The Kids Guide,≤100
461204744067686,Family Protection Association,Family Protection Association,≤100
100137754724934,Trump 2020 Supporters,Proud Right Winger,≤100
389002298352371,American Senior Benefits,John M Davis,≤100
137569740231452,Respect The Look,Respect The Look,≤100
296708523873754,Karla Dennis and Associates Inc.,"Karla Dennis & Associates, Inc",≤100
607626319739286,Black Voices for Trump,"DONALD J. TRUMP FOR PRESIDENT, INC.",≤100
103654464668995,Home With Our Family,Alexander Chung,≤100
105566671190013,What We All Need,Patrick Le Tran,≤100
305832706292882,American Gun Association,GunAssociation.org,≤100
96935476345,Democratic Governors Association (DGA),Democratic Governors Association,≤100
1615018905412860,Progressive Turnout Project,PROGRESSIVE TURNOUT PROJECT,≤100
100637888239523,Free Reign For All,Kin Ngai Yeung,≤100
100757504960070,Concealed_Country,Concealed Country,≤100
169294473121454,Policetees.com,PoliceTees.com,≤100
1528980567353817,Love Has No Labels,Love Has No Labels with Facebook Ad Credits,≤100
109379100777665,Patriotism Isn't Dead,Patriot Polling,≤100
176789922364429,Steve Daines,STEVE DAINES FOR MONTANA,≤100
1435071773455316,Daily Wire,The Daily Wire,≤100
598924810530984,Keeping America Great,FamTeeWorld,≤100
612701059241880,Latinos for Trump,"DONALD J. TRUMP FOR PRESIDENT, INC.",≤100
114501575391943,Compare Medicare Quotes,Benepath,≤100
1025055787535714,A Case for Women,A Case for Women,≤100
24330467048,Americans for Prosperity,AMERICANS FOR PROSPERITY,≤100
8532248414,Wounded Warrior Project,"WOUNDED WARRIOR PROJECT, INC.",≤100
33110852384,Doctors Without Borders/ Médecins Sans Frontières (MSF),Doctors Without Borders/Médecins Sans Frontières (MSF),≤100
1836138529938551,Greater Half,Greater Half,≤100
57259033959,AARP,AARP,≤100
115370196777407,Gerald Weathers for MCEPA Board of Directors,Gerald Wayne Weathers,≤100
105829564471772,Patriots Stand Together,Trizzie Truong,≤100
23875187730,Feeding America,Feeding America,≤100
213792049451918,Stand For America,Stand For America Inc,≤100
109784800371914,Protect Kids: Fight Flavored E-Cigarettes,TOBACCO-FREE KIDS ACTION FUND,≤100
112347913766343,2A Forever,US Programs And Benefits,≤100
168051710543266,Lacy Johnson,Lacy Johnson for Congress,≤100
245284549333866,ASMDSS,ASMDSS,≤100
110124618713,American Principles Project,American Principles Project,≤100
530604487365010,Old Glory Flagpole Kits,Service First,≤100
108118933908193,Next Level Goods,Next Level Goods LLC,≤100
1061240530648502,Joe Collins,JOE COLLINS FOR CONGRESS,≤100
653079394725698,Aspiration,Aspiration,≤100
7814597100,Jim Jordan for Congress,JIM JORDAN FOR CONGRESS,≤100
627806690985589,Rep. Kent McCarty,The Committee to Elect Kent McCarty,≤100
111506250582498,Keeping Our Homes Safe,Steve San,≤100
16477459734,League of Conservation Voters,"LEAGUE OF CONSERVATION VOTERS, INC",≤100
1194865807192273,Conservative Gear,Outergoods LLC,≤100
934438026690635,YouGov,YOUGOV AMERICA INC.,≤100
96935476345,Democratic Governors Association (DGA),DEMOCRATIC ACTION,≤100
530604487365010,Old Glory Flagpole Kits,Service First Flag Poles,≤100
328072970642479,Jaime Harrison,JAIME HARRISON FOR US SENATE,≤100
332716170522025,America First Action,America First Action,≤100
359477377917,American Federation for Children,American Federation for Children,≤100
1109093812491437,Blaze Media,Blaze Media LLC,≤100
106114264313679,Hunt The Vote,"Hunter Nation, Inc",≤100
18982436812,ACLU,American Civil Liberties Union,≤100
830121337093232,National Democratic Training Committee,NATIONAL DEMOCRATIC TRAINING COMMITTEE PAC,≤100
112369900345497,Main Street Economics,Leslie Rubin,≤100
5435784683,Greenpeace USA,"GREENPEACE, INC.",≤100
249362448960808,Sanderson Farms Corporate,Sanderson Farms Corporate,≤100
45393753416,Alliance Defending Freedom,Alliance Defending Freedom,≤100
112431050497386,Patriotism For Life,Vivian Lam Nguyen,≤100
104157647998999,Hot Topic News,Robyn-Lee Mary Wolchyn,≤100
192015461630968,Supporting Our Brave Veterans,James Brian Plouf,≤100
174971709316,Cigna,Cigna,≤100
101210588150219,Boy Scouts Abuse Claims,X Social Media LLC,≤100
602714436529710,End Citizens United,END CITIZENS UNITED,≤100
2037695643113766,Blexit,Blexit Foundation,≤100
1456310534453054,Veteran Loans Online,"LMB OpCo, LLC",≤100
115379705206001,U.S. Department of Homeland Security Blue Campaign,DHS Blue Campaign,≤100
570092813023833,Matt Walsh,The Daily Wire,≤100
7976226799,The Daily Show,Comedy Central,≤100
1733918116873254,BackWoods Mafia,Landon David Turner,≤100
7860876103,Joe Biden,BIDEN FOR PRESIDENT,≤100
100256754899828,Patriot's Cave,Patriots Cave,≤100
8934429638,Planned Parenthood Action,Planned Parenthood Action Fund,≤100
294508332028,Lakota People's Law Project,ROMERO INSTITUTE,≤100
109360297266116,Fearless Patriot,TERESA NONE OHARA-MARSH,≤100
1934191280189700,Health Care Voter,Health Care Voter,≤100
1993067430786788,Congressman Michael Guest,Representative Michael Guest,≤100
373814729643508,Let America Vote,LET AMERICA VOTE PAC,≤100
342294162453301,Planned Parenthood,Planned Parenthood Federation of America,≤100
105756057589080,The Lincoln Project,The Lincoln Project,≤100
21559454473,FAIR,FEDERATION FOR AMERICAN IMMIGRATION REFORM,≤100
111393882812494,Amy McGrath,"AMY MCGRATH FOR SENATE, INC.",≤100
193618220508,LIFE Today,LIFE Outreach International,≤100
17023576156,The Leadership Conference on Civil and Human Rights,The Leadership Conference on Civil and Human Rights,≤100
38235851310,USA for UNHCR,UNITED STATES ASSOCIATION FOR UNHCR,≤100
107398241021186,The John Lewis Bridge Project,John Lewis Bridge Project,≤100
692220144192046,Empower Mississippi,Empower Mississippi,≤100
126694924050678,Xavier Becerra,Becerra for Attorney General 2022,≤100
681626158940626,Mission Roll Call,Americas Warrior Partnership,≤100
19342050934,Leadership Institute,LEADERSHIP INSTITUTE INC,≤100
855135964527710,Trent Kelly,KELLY FOR CONGRESS,≤100
113563323745924,Keep America Great,Keep America Great,≤100
327837911149503,2A4Life,2A4LIFE LLC,≤100
2185993931653388,The Recount,"Recount Media, Inc",≤100
9364828262,Citizens Against Government Waste,COUNCIL FOR CITIZENS AGAINST GOVERNMENT WASTE,≤100
24481937944,Theodore Roosevelt Conservation Partnership,"THEODORE ROOSEVELT CONSERVATION PARTNERSHIP, INC",≤100
21375324480,The Heritage Foundation,HERITAGE FOUNDATION (THE),≤100
112880207070872,Windows Roof Driveway,Kenji None Tomoda,≤100
228754857151053,House Majority PAC,House Majority PAC,≤100
8741241286,Under Armour,These ads ran without a disclaimer,≤100
110974960642149,Proudly American,Grant Alan Johnston,≤100
160630887998827,Let Them Live,Let Them Live,≤100
376776419037747,Turning Point USA,Turning Point USA,≤100
106224464107240,Jo Jorgensen,JO JORGENSEN FOR PRESIDENT,≤100
129921337078906,YallPolitics,"Jackson New Media, Inc.",≤100
2267285956849056,Donald Trump 2020 Fans,I Love My Freedom,≤100
46093654473,National Republican Congressional Committee,NRCC,≤100
110177119192569,Knightscope,William Li,≤100
8047221596,Save the Children US,"SAVE THE CHILDREN FEDERATION, INC.",≤100
8501031021,VoteVets.org,"VoteVets Action Fund, Inc.",≤100
112735922758892,Charlie Kirk,Charlie Kirk,≤100
106645684412573,Cover Air Medical,Cover Air Medical,≤100
328853823844484,Balance of Power,Balance of Power,≤100
103597604713894,Team Trump Store,TRUMP MAKE AMERICA GREAT AGAIN COMMITTEE,≤100
142370046577999,Shahid Buttar for Congress,Shahid Buttar for Congress Committee,≤100
593289284500311,Trump Rack,BOXD Marketing,≤100
788394134539871,USPS Business,United States Postal Service,≤100
422166491190540,Collegiate Realty,Collegiate Realty,≤100
293225127381200,Patriot Depot,The Patriot Depot,≤100
5633824547,FreedomWorks,"FREEDOMWORKS, INC.",≤100
309798029121030,Everytown for Gun Safety,Everytown for Gun Safety Action Fund Inc,≤100
439743359462418,RePublic Schools,Republic Schools Nashville,≤100
22561081832,NRA Institute for Legislative Action,National Rifle Association of America,≤100
106949844346620,Trumpian Republicans,Gregory Lawrence Burright,≤100
8550121410,Free Speech America Project,MEDIA RESEARCH CENTER,≤100
1576236875930301,Global Cyber Alliance,Global Cyber Alliance with ad credits,≤100
107698564046392,Lauren Boebert for Congress,LAUREN BOEBERT FOR CONGRESS,≤100
309308412520731,Sandy Hook Promise,Sandy Hook Promise,≤100
104934207736995,Paycheck to Paycheck,Center for American Progress Action Fund,≤100
977704775606273,Balls Deep Tackle,Balls Deep Tackle,≤100
155610174477083,The Clinton Courier,Michael Clay Mansell,≤100
118303441570966,Home Ownership Matters,NATIONAL ASSOCIATION OF REALTORS,≤100
329284771298646,Issue One Action,Issue One Action,≤100
103162411257510,Trumplican,USA Movements,≤100
107761702578379,American Institute for Cancer Research - AICR,American Institute for Cancer Research,≤100
203197030603239,8 Billion Trees,8 Billion Trees LLC,≤100
129255907131113,NumbersUSA,NUMBERSUSA EDUCATION AND RESEARCH FOUNDATION,≤100
69039563201,Open Doors USA,"OPEN DOORS WITH BROTHER ANDREW, INC.",≤100
1204754733024419,People's Power Grab,ACRONYM,≤100
15560644170,Beyond Conflict,Beyond Conflict,≤100
2012750189007245,Liquid Death Mountain Water,Liquid Death,≤100
72186095846,Center For American Progress Action Fund,Center for American Progress Action Fund,≤100
109822293929207,Brian Flowers for Congress,Flowers for Congress,≤100
143729616392084,Van Drew for Congress,Van Drew for Congress,≤100
420785874975425,Conservative Institute,The Conservative Institute,≤100
1447994318779650,AirMedCare Network,AIrMedCare Network,≤100
169710960125365,Curzio Research,Curzio Research Inc.,≤100
443329669123990,USAFacts,USAFacts Institute,≤100
215199482635728,Alek Skarlatos,ALEK FOR OREGON,≤100
167586229923327,World Food Program USA,World Food Program USA,≤100
102756811269921,Fellow Americans,Fellow Americans,≤100
775525186130124,Center for a Free Economy,Center for a Free Economy,≤100
150452905455,Andrew Klavan,The Daily Wire,≤100
110746996993983,The 'Gander Newsroom,Courier Newsroom,≤100
1917715138510680,Follow Your Legend,Legend Bracelet,≤100
36474716066,Color Of Change,ColorofChange.org,≤100
303061950155375,John James,"JOHN JAMES FOR SENATE, INC.",≤100
101041998305221,The Proud Republicans,Great American Era LLC,≤100
104760636770,Vera Institute of Justice,"Vera Institute of Justice, Inc.",≤100
128958937175029,Trivia Today,Benjamin Aaron Perlman,≤100
30139072158,CARE,CARE,≤100
130467958471,Jason Lewis,Jason Lewis for Senate,≤100
1799282383731277,TwoSeventy,Alexander Jared Deutsch,≤100
107654924064350,Pat Timmons-Goodson,PATRICIA TIMMONS-GOODSON FOR CONGRESS,≤100
38471053686,Elizabeth Warren,"WARREN DEMOCRATS, INC.",≤100
8325302025,Friends of the Earth U.S.,Friends of the Earth,≤100
30914589895,The International Fellowship of Christians and Jews,"INTERNATIONAL FELLOWSHIP OF CHRISTIANS & JEWS, INC.",≤100
17911165812,Covenant House International,Covenant House,≤100
51052893175,Kevin McCarthy,Leader Kevin McCarthy,≤100
127856880579586,Epic Charter Schools,These ads ran without a disclaimer,≤100
105455840860559,Eagle Realm,Eagle Realm,≤100
15687409793,World Wildlife Fund,World Wildlife Fund,≤100
438987046299274,The First,"The First Digital, Inc",≤100
53541257714,The Arc of the United States,The Arc with Facebook Ad Credits,≤100
425771317501061,Michael Knowles,The Daily Wire,≤100
206677396413254,Abortion On Our Own Terms,Abortion On Our Own Terms,≤100
433919203362871,Bird + Stone,BIRD & STONE INC,≤100
102745147891580,Trump Coolers,Eric Clifford Juels,≤100
166166843531258,National Council of Resistance of Iran - شورای ملی مقاومت ایران,MEK-Iran (Saeid Saadati),≤100
166618413413767,Jay Sekulow,American Center for Law and Justice,≤100
153678684700451,American Investment Council,AMERICAN INVESTMENT COUNCIL,≤100
222745994575140,Project ChildSafe,"NATIONAL SHOOTING SPORTS FOUNDATION, INC.",≤100
6231686654,Compassion International,"COMPASSION INTERNATIONAL, INCORPORATED",≤100
195530355493,Chicks On The Right,Chicks on the Right,≤100
894096170667732,Ashley Hinson,Ashley Hinson For Congress,≤100
118502801658228,Young Kim,Young Kim for Congress,≤100
140357056032320,NEA Today,National Education Association,≤100
183517831660100,Morning Consult,Morning Consult LLC,≤100
104504438466,Federal Voting Assistance Program - FVAP,Federal Voting Assistance Program,≤100
178835922297833,American Clinical Laboratory Association,American Clinical Laboratory Association,≤100
7292655492,MoveOn,MOVEON.ORG POLITICAL ACTION,≤100
111428049989,Cal Cunningham,CAL FOR NC,≤100
27544763621,Prison Fellowship,Prison Fellowship,≤100
169277310432049,"Texas Precision Optics, Inc.",Texas Precision Optics Inc,≤100
971668776283950,PolicyEd,Hoover Institution,≤100
104721201111500,Grassroots Law Project,Grassroots Law Project,≤100
375760676281438,Mermaid Straw,Mermaid Straw,≤100
1336293769761923,Jon Ossoff,JON OSSOFF FOR SENATE,≤100
277005566267077,Blueland,Blueland,≤100
49651563727,Live Action,Live Action,≤100
114475890010131,Piggy Dollar Financial,Tyler Wayne Hedland,≤100
384557995468219,Viral Casez,Viral Casez,≤100
342887442508723,Convention of States,Convention of States Action,≤100
2264090133834042,Invite Research,Precision Network,≤100
103801844298982,Team Collins,COLLINS FOR SENATOR,≤100
18813753280,Human Rights Campaign,"HUMAN RIGHTS CAMPAIGN, INC.",≤100
19420215926,CNSNews.com,MEDIA RESEARCH CENTER,≤100
242679302418244,Denison Forum,Denison Ministries,≤100
679171239164792,Supermajority,Supermajority Education Fund,≤100
463095630924391,US Business Funding,Credox,≤100
143089732792,Marsha Blackburn,Blackburn Tennessee Victory Fund,≤100
15041226930,Oxfam,"OXFAM AMERICA, INC.",≤100
1530883997194411,United States Constitution,Flag and Cross,≤100
103644036958,United Association,United Association Political Education Committee,≤100
117058854998779,The Gideons International,"GIDEONS INTERNATIONAL, THE",≤100
107803440835562,US Hot Gears,Click Wonders,≤100
114625730266879,Republican Voters Against Trump,Defending Democracy Together,≤100
101279451606075,Democratic Strategy Institute,Democratic Strategy Institute,≤100
163148530407080,Captain Mark Kelly,MARK KELLY FOR SENATE,≤100
212009062197107,Higher Heights for America,Aprill Olivia Turner,≤100
100401327980848,National Parents Union,National Parents Union,≤100
799539910084929,Shaun King,Grassroots Law Project,≤100
110010433804232,Falkirk Center,Falkirk Center,≤100
2330577043935831,Sara Gideon,SARA GIDEON FOR MAINE,≤100
23790541544,Democrats,DCCC,≤100
192771954102960,Jordan Sekulow,American Center for Law and Justice,≤100
1545826148838592,Trump 2020,Gregory Lawrence Burright,≤100
169130743498585,Tactical Pro Supply,Chad Keller,≤100
105577974544303,The USA Needs More Patriots,Anthony Alexander Morales,≤100
101391906600,Live Action News,Live Action News,≤100
97493741436,John W. Hickenlooper,HICKENLOOPER FOR COLORADO,≤100
109111900634787,Reverend Raphael Warnock,WARNOCK FOR GEORGIA,≤100
103185334702225,Stop Trump PAC,STOP 45 PAC,≤100
135298176481584,Marine Corps Scholarship Foundation,Marine Corps Scholarship Foundation,≤100
107150077720746,American Collectibles,Christopher Walter Adams,≤100
73970658023,International Rescue Committee,International Rescue Committee,≤100
518194348194441,RepresentUs,RepresentUs,≤100
215968684159,AFT - American Federation of Teachers,American Federation of Teachers,≤100
908457082692365,Akholi,Akholi,≤100
202286639832171,Dr. Robert Jeffress,FIRST BAPTIST CHURCH DALLAS,≤100
389119978332258,We Are Apartments,The National Association of Apartments and the National Multifamily Housing Council,≤100
408250066356,Bill O'Reilly,"Bill Me, Inc.",≤100
356482637745012,Stansberry Research,Stansberry Research,≤100
113417653739985,New Jersey Division of Elections,New Jersey Division of Elections,≤100
248181906078243,National Institute for Civil Discourse,CommonSense American,≤100
101237551589520,Tactical Patriot,Tyler Austin Middaugh,≤100
105536127617594,The American Digest,The American Digest,≤100
101724361319410,Ronny Jackson for U.S. Congress TX-13,Texans for Ronny Jackson,≤100
355316521236121,John Cornyn,TEXANS FOR SENATOR JOHN CORNYN INC.,≤100
1646823955646308,Mike Donovan,Michael Paul Donovan,≤100
8321461609,MomsRising.org,MomsRising Together,≤100
419237048158257,Susan Collins,COLLINS FOR SENATOR,≤100
106114264313679,Hunt The Vote,"Hunter Nation, Inc.",≤100
18479402361,No Kid Hungry,No Kid Hungry,≤100
21472760578,C-SPAN,C-SPAN,≤100
300125763392341,Bigger Pie Forum,Bigger Pie Forum,≤100
1636216106590985,Josh Hawley,JOSH HAWLEY FOR SENATE,≤100
83290028957,Care Net,CARE NET,≤100
85273022315,NAMI,NAMI,≤100
235044373216552,National Purple Heart Honor Mission,National Purple Heart Honor Mission,≤100
104505064408799,Cove USA,"Cove USA, LLC",≤100
201956993160690,MRCTV,MEDIA RESEARCH CENTER,≤100
1682876188698809,United for Respect,United for Respect,≤100
109866370700481,PushBlack Finance,PushBlack,≤100
186932688457686,CHNGE,CHNGE,≤100
265268336865693,Do Amore,Do Amore Limited Company,≤100
209516845093,NRDC Action Fund,NRDC Action Fund,≤100
592707041080920,Stand Together,Stand Together Chamber of Commerce Inc.,≤100
1526736227567131,TrueCoverage,True Coverage,≤100
107589664099282,Stand Up To China,"Stand Up To China, Inc.",≤100
145973965440671,Carnegie Corporation of New York,CARNEGIE CORPORATION OF NEW YORK,≤100
6820348410,Kirsten Gillibrand,Off the Sidelines,≤100
134452023239984,Human Coalition,Human Coalition,≤100
135081079769,AFGE,American Federation of Government Employees,≤100
114386721939978,The Made in America Store,Made In America Store,≤100
629732217415068,Republican Party,Greater Half,≤100
189937564380490,Louisiana Trans Advocates,Louisiana Trans Advocates,≤100
249455845761285,Lindsey Must Go,LMG PAC,≤100
1483708521773090,Finally Affordable Health & Life Insurance,Roy D Griffin,≤100
113168840368379,Quality of Life,Eddie Haw Chen,≤100
21834534343,Volunteers of America,"VOLUNTEERS OF AMERICA, INC.",≤100
60449667441,Family Research Council,FAMILY RESEARCH COUNCIL,≤100
1600352356914768,PushBlack,PushBlack,≤100
331037760381749,Sierra Magazine,SIERRA CLUB,≤100
108512875350,The Atlas Society,The Atlas Society,≤100
158791100909689,Concerned Veterans for America,Concerned Veterans for America,≤100
105732744375701,Steve Bullock,MONTANANS FOR BULLOCK,≤100
465483726908192,iVote,IVote Civic Education Fund,≤100
101334008292009,Patriots Unite,Chien Jinn Lim,≤100
35169196082,Project HOPE,"PROJECT HOPE-THE PEOPLE-TO-PEOPLE HEALTH FOUNDATION, INC.",≤100
101165966152,AFL-CIO,AFL-CIO,≤100
281844617168,Jewish Voice Ministries International,JEWISH VOICE MINISTRIES INTERNATIONAL,≤100
125937197447634,ACTA - American Council of Trustees and Alumni,AMERICAN COUNCIL OF TRUSTEES AND ALUMNI,≤100
282728185140429,Rep For Vets,These ads ran without a disclaimer,≤100
18709174006,National Audubon Society,"NATIONAL AUDUBON SOCIETY, INC.",≤100
6236054211,Brady,Brady Campaign to Prevent Gun Violence,≤100
101591551371555,Fire Mitch. Save America.,SAVE AMERICA FUND,≤100
7219151423,The Fund for American Studies (TFAS),The Fund for American Studies,≤100
169597416843751,Stand Up America,Stand Up America,≤100
27311599342,Preemptive Love,Preemptive Love Coalition,≤100
106487520883333,Cardinal & Pine,Courier Newsroom,≤100
113313830408238,Drain The Swamp Collection,Drain The Swamp Collection,≤100
336470580233523,Pins and Aces Golf Co.,US Craft Brands LLC,≤100
101181794707874,United Research Group,United Research Group,≤100
266145305529,Henry Holt,"Macmillan Holdings, LLC",≤100
101136147910784,Represent Justice,Represent Justice,≤100
105433064492153,The Return 2020,The Return International,≤100
121388362246,Goldman Sachs,Goldman Sachs & Co.,≤100
605168822998856,314 Action,314 ACTION FUND,≤100
55708608675,RAND Corporation,"RAND CORPORATION, THE",≤100
23245606841,Hachette Book Group,"Hachette Book Group, Inc.",≤100
79125112926,Students for Life of America,"STUDENTS FOR LIFE OF AMERICA, INC.",≤100
1695950424027488,Andy Hallinan,Andrew Lawrence Hallinan,≤100
369214063089791,Lummis for Wyoming,LUMMIS FOR WYOMING INC.,≤100
235701154010364,E Pluribus Unum,E Pluribus Unum Fund,≤100
393076844046051,Progressive Caucus,CONGRESSIONAL PROGRESSIVE CAUCUS PAC,≤100
2265971750329892,Dr. Manny Sethi for Senate,DR MANNY FOR US SENATE,≤100
257019421075897,Cory Gardner,Cory Gardner for Senate,≤100
987698164585861,Citizen Ed,Citizen Education,≤100
419992651425033,Guardianes del Pueblo-Consumer Law Group,Consumer Law Group,≤100
292351509697,Jerusalem Prayer Team,Jerusalem Prayer Team,≤100
55549065733,Voto Latino,VOTO LATINO INC.,≤100
290851614930809,Combat AntiSemitism,Combat Anti-Semitism,≤100
237477017606,Club for Growth,Club for Growth,≤100
259212814698356,Democratic Majority for Israel,DMFI PAC,≤100
50982313030,Food & Water Watch,Food & Water Watch,≤100
143986912311328,University of Vermont Continuing and Distance Education,University of Vermont,≤100
34521916336,Brent Bozell,MEDIA RESEARCH CENTER,≤100
379373892662119,Healthcare Advisor Group,Healthcare Advisors Group,≤100
1756387101127726,Keeping it LITE,Pedro A Serrano,≤100
2078647579047586,Project Pulso,Project Pulso,≤100
896759427103774,Modern Medicaid Alliance,Modern Medicaid Alliance,≤100
150720154976207,Protect My Public Media,"APTS Action, Inc.",≤100
780606555331010,American Student Loan Advocate,ASLR Marketing,≤100
396932197039819,SafeSleeve,"SafeSleeve, LLC",≤100
172758932738142,PhRMA,PHARMACEUTICAL RESEARCH AND MANUFACTURERS OF AMERICA,≤100
2353537341582545,Proud Patriots,Proud Patriots,≤100
1438882392887793,ADF Church Alliance,Alliance Defending Freedom,≤100
2011677365822396,Ground News,Snapwise Inc.,≤100
116546288359245,Heritage Action for America,HERITAGE ACTION FOR AMERICA,≤100
2025207544419903,The Last Coat - TLC Products,Chad Shaady Fawzi Hamzeh,≤100
300992409852,Hoover Institution,Hoover Institution,≤100
1580455205581813,Justice Matters,"Justice Matters, INC.",≤100
1443127535947107,Save the Children Action Network,Save the Children Action Network,≤100
729384937091168,Bevel,"WALKER & CO. BRANDS, INC.",≤100
281730608648092,Augusta Precious Metals,These ads ran without a disclaimer,≤100
21395843375,Dialysis Patient Citizens,DIALYSIS PATIENT CITIZENS INC,≤100
126855128568,FEBC (Far East Broadcasting Company),"FAR EAST BROADCASTING COMPANY, INC.",≤100
1055873511190792,Hello Resistance,Hello Resistance Apparel,≤100
518930051586033,Brooke Worthy - Marchbanks Real Estate,"Brooke Worthy, Marchbanks Real Estate Realtor",≤100
8501031021,VoteVets.org,VOTEVETS,≤100
100968598130407,Tax Support Center,Mercedes Lease,≤100
1650167181867684,"Madison County, MS Government","MADISON, COUNTY OF",≤100
2283535575207809,Ditch Mitch,DITCH FUND,≤100
302182941354,AARP Advocates,AARP,≤100
176466646087311,DC Fawcett,Donald Chappell Fawcett,≤100
103072301192981,Elect Chris Stricklin Vidalia Chief of Police,Tracie Jones Stricklin,≤100
173470656019870,The Daily Yonder,Great Stories LLC,≤100
169561162745,The National Wild Turkey Federation,"NATIONAL WILD TURKEY FEDERATION, INC.",≤100
129278807814364,Welcome.,Welcome.,≤100
113916090337970,Patriot Mint Store,These ads ran without a disclaimer,≤100
1234251319933440,Exclusive Apparel,The Dude's Threads,≤100
115364585711,Lawyers' Committee for Civil Rights Under Law,Lawyers' Committee for Civil Rights Under the Law with Facebook Ad Credits,≤100
394817334402124,2020 Trump Bill,Innovative Ecomm LLC,≤100
374848446414965,Pollking,Benjamin Aaron Perlman,≤100
223008867858902,American Action News,American Action News,≤100
103911824657671,Health Insurance,Alexander Melen,≤100
232201568659,Pacific Justice Institute,PACIFIC JUSTICE INSTITUTE,≤100
341240953385902,Force Of Nature Meats,Force of Nature,≤100
142432192446984,David Horowitz Freedom Center,David Horowitz Freedom Center,≤100
186805048171120,U.S. & Texas LawShield,Texas LawShield,≤100
163302087408673,Stop The Donald,Stop the Donald,≤100
100233228182981,Madison Cawthorn for Congress,CAWTHORN FOR NC,≤100
422202764649078,Rhode Island Department of Education - RIDE,Rhode Island Department of Education,≤100
80060992758,Center for Food Safety,"CENTER FOR FOOD SAFETY, THE",≤100
496696933682736,Jeff Merkley,JEFF MERKLEY FOR OREGON,≤100
228132537208218,Tammy Duckworth,TAMMY FOR ILLINOIS,≤100
803753543035784,Songs for Good,Songs for Good,≤100
174009339411865,SmartNews,"SmartNews International, Inc.",≤100
106629127527429,Kathy Barnette for Congress PA 04,Kathy Jean Barnette,≤100
173032699386730,The Penny Hoarder,Kyle Bradley Taylor,≤100
655065784538368,PredictIt,"PredictIt - Prediction Markets. A project of Victoria University of Wellington, PredictIt has been established to facilitate research into the way markets forecast events.",≤100
587676831343390,Raheem AI,RAHEEM AI,≤100
102389731274006,Shield Republic Charities,Shield Republic,≤100
175548090797,House Conservatives Fund,HOUSE CONSERVATIVES FUND AND NOT AUTHORIZED BY ANY CANDIDATE OR CANDIDATE’S COMMITTEE,≤100
172298889630363,Republican Attorneys General Association,REPUBLICAN ATTORNEYS GENERAL ASSOCIATION,≤100
826460474101920,BitMari,Sinclair Matthew Skinner,≤100
115757826468774,Statsigo,Statsigo,≤100
108777231824,Manhattan Institute for Policy Research,MANHATTAN INSTITUTE FOR POLICY RESEARCH INC,≤100
106402714456835,Trees 4 Australia,Trees4Australia,≤100
654702428226892,Stop the Corridor,Stop the Corridor,≤100
255486647814076,Penguin Kids,Penguin Random House,≤100
291102898490822,Giant Maga Hat,Inventors club LLC,≤100
780941275347834,Ilhan Omar,ILHAN FOR CONGRESS,≤100
117641114435,First Aid Beauty,First Aid Beauty,≤100
1439364926329185,Animal Matters,Animal Matters,≤100
493811210669780,Creative Action Network,Creative Action Network,≤100
469609533112889,iDisciple,iDisciple,≤100
1003562459729504,Transportation Nation Network,Transportation Nation Network,≤100
107340277685401,Stand with Tennessee Families,SEIU Local 205,≤100
109678580574253,Politicool Clothing Co.,PolitiCoolClothing.com,≤100
32975139631,If Americans Knew,If Americans Knew,≤100
107665644228467,Conservative Journal Review,Conservative Journal Review LLC,≤100
90498769709,Edenpure,EdenPURE®,≤100
543066585882629,Libertarian Country,Libertarian Country,≤100
911828698840246,ReLEntless Defender Apparel,ReLEntless Defender Apparel,≤100
1774166319503581,Strong Women Society,Christopher John Smith,≤100
359780944896828,American Lodestar,Polaris Media Lab LLC,≤100
953113491536337,Black to the Future Action Fund,Black to the Future Action Fund,≤100
110018833813683,Flip the Senate,SMP,≤100
5720973755,Defenders of Wildlife,DEFENDERS OF WILDLIFE,≤100
1393911800825140,OZY,OZY Media Inc,≤100
436059093630877,Karen McDonald for Prosecutor,Karen McDonald for Prosecutor,≤100
21647204289,Michigan Education Association,Michigan Education Association,≤100
814260155318929,The Fairness Project,The Fairness Project,≤100
102580641488276,Standagainstdarkblue,Stand Against Dark Blue,≤100
1852520761657982,4ocean,4ocean,≤100
764132963795317,Banyan Hill Publishing,Banyan Hill Publishing,≤100
366351973736242,Red Rock Secured,Red Rock Secured,≤100
953623958136043,FinalStraw,The Final Co. LLC,≤100
61265398450,AmeriCorps NCCC,Corporation for National and Community Service,≤100
7962229886,Environmental Working Group,ENVIRONMENTAL WORKING GROUP,≤100
106425730874644,Ruby Powell-Dennis for Tennessee,Citizens For Ruby Powell-Dennis,≤100
872842866161157,One Nation Design,One Nation Design,≤100
123624513983,The Western Journal,The Western Journal,≤100
58158120046,ACLJ,American Center for Law and Justice,≤100
51379424899,Mercy Ships,MERCY SHIPS INTERNATIONAL,≤100
196382377057315,Learn Our History,These ads ran without a disclaimer,≤100
2165983337048601,LeverforChange,Lever for Change,≤100
114971076538782,The Keystone,Courier Newsroom,≤100
101442908124605,Liberty Surveys,Liberty Surveys,≤100
119006106155684,PI Energy,Andrew P Chung,≤100
7292655492,MoveOn,MOVEON.ORG CIVIC ACTION,≤100
2665248266836092,Rednecko,Michael Rodd Brown,≤100
856086028066485,Persona,"Persona Media, Inc.",≤100
1658135304460341,MANG,MANG,≤100
262577294462322,Kettle Freaks,Michael Joseph Hach,≤100
1765073800454902,Reform Austin,Reform Austin Inc.,≤100
43287633515,Alliance for Climate Education,Alliance for Climate Education,≤100
313723095478950,The Daily Citizen,Focus on the Family,≤100
420424547981908,In Search of Liberty,Scott Dennis Welch,≤100
279256605891946,CalmEffect,"Balance Marketing Group, LLC",≤100
2336022790003836,Patients + Providers United,Patients and Providers United,≤100
10150100007820094,Wendy Davis,WENDY DAVIS FOR CONGRESS,≤100
112600915451330,No Labels,No Labels,≤100
102049864884130,Patriotic Liberties,Christopher Allen Supek,≤100
102592959026,Ocean Conservancy,"OCEAN CONSERVANCY, INC.",≤100
375307592830342,The Veterans Advocacy and Benefit Association,VABA LLC,≤100
103983379801,Texas Democratic Party,Texas Democratic Party,≤100
497348647140658,Point Source Youth,Point Source Youth,≤100
407664862957433,Ammar Campa-Najjar for Congress,AMMAR CAMPA-NAJJAR FOR CONGRESS,≤100
100535808394168,Patriots For Freedom,I Love My Freedom,≤100
7263476274,Mercy Corps,Mercy Corps,≤100
6333396177,NewsBusters.org,MEDIA RESEARCH CENTER,≤100
7100914121,American Experience | PBS,WGBH EDUCATIONAL FOUNDATION,≤100
802271849850801,Freedom for All Americans,Freedom for All Americans,≤100
111970730196550,World War Zero,AMERICAN SECURITY PROJECT,≤100
133855567312842,Scott Lively Ministries,Scott D Lively,≤100
109259090549237,Yes on National Popular Vote,Yes on National Popular Vote,≤100
1166660030079480,National Democratic Redistricting Committee,National Democratic Redistricting Committee,≤100
72931140459,Center for Biological Diversity,"CENTER FOR BIOLOGICAL DIVERSITY, INC.",≤100
73528878871,Center for Reproductive Rights,Center for Reproductive Rights,≤100
592347634460462,Partnership for America's Health Care Future,Partnership for America's Health Care Future,≤100
10498053716,Media Research Center,MEDIA RESEARCH CENTER,≤100
11791104453,NRDC,Natural Resources Defense Council,≤100
102540204580217,UpNorthNews,Courier Newsroom,≤100
104030038010531,Tera Myers,American Federation for Children,≤100
1518297238457643,Jeremiah Johnson Ministries,Jeremiah Johnson Ministries,≤100
546066468753446,Black Health Matters,BLACK HEALTH MATTERS FOUNDATION INC,≤100
100184714677097,Election Year Knockout,Exceptionull Games,≤100
223055747744143,Beto O'Rourke,Powered By People,≤100
19972147679,SEIU,SEIU,≤100
455147011996099,The Ann and Phelim Scoop,The Unreported Story Society,≤100
1402827079932843,Low Income Relief,The Lighthouse Information Network LLC,≤100
129602743740560,Illinois Family Action,ILLINOIS FAMILY ACTION NFP,≤100
344690446467832,The Copper Courier,Courier Newsroom,≤100
105283560949571,Trump 2024 Film,2024 LLC,≤100
131217580266597,National Council on Aging,"NATIONAL COUNCIL ON AGING, INC.",≤100
771947142920359,IReader,These ads ran without a disclaimer,≤100
104373990972152,Nubluu Decor,Nubluu,≤100
105060269781,Premiere Collectibles,"Premiere Marketing, Inc.",≤100
109578110815571,Friends of House of Providence,Corey Jack Lemay,≤100
205395906412,UAW International Union,"INTERNATIONAL UNION, UNITED AUTOMOBILE, AEROSPACE AND AGRICULTURAL IMPLEMENT WORKERS OF AM",≤100
596556607135301,The Earthling Co.,The Earthling Co.,≤100
166087830076297,WebPT,WebPT,≤100
102180301437619,2020 American Defense Fund,C3 PAC,≤100
180230069923,American Life League,American Life League,≤100
24470472733,The Trevor Project,The Trevor Project,≤100
105202730827149,Michael Moore for Commissioner,Michael Moore for Commissioner,≤100
717417908274761,Lady Freethinker,Lady Freethinker,≤100
175797376373,"WaterFurnace Geothermal Heating, Cooling & Hot Water","WATERFURNACE INTERNATIONAL, INC.",≤100
28446275521,Military Officers Association of America (MOAA),Military Officers Association of America,≤100
994823313871585,Dr. Timothy Quinn,These ads ran without a disclaimer,≤100
34661411150,AIDS Healthcare Foundation,AIDS HEALTHCARE FOUNDATION,≤100
89324781720,Pat Toomey,Friends of Pat Toomey,≤100
1690071827911682,Cleancult,cleancult,≤100
393330191303459,YouGov Signal,YouGov US,≤100
1667892193505378,Hold the House,HOLD THE HOUSE PAC,≤100
152264148166020,Moms Clean Air Force,Moms Clean Air Force,≤100
102970113093477,Church Militant/St. Michael’s Media,Max Aldcander Douglas,≤100
74508408221,Dr. Joanne Bagshaw,"Joanne Bagshaw, PhD, LCPC",≤100
6165653060,AFSCME,AMERICAN FEDERATION OF STATE COUNTY & MUNICIPAL EMPLOYEES,≤100
122773549121265,President Trump for Nobel Peace Prize 2020,Tarek None Kteleh,≤100
480894425412441,InClub Magazine,Dion W Ringgold,≤100
106333028376,"Nichols Kaster, PLLP",Nichols Kaster PLLP,≤100
130268756992804,Yale Climate Connections,Yale Climate Connections,≤100
13187955196,Young Americans for Liberty,Young Americans for Liberty,≤100
1050320055029012,Outrider Foundation,OUTRIDER FOUNDATION,≤100
105610970947657,MY 2A GEAR,Leon Mckensizy Dunn,≤100
100959774775932,Moisant for District Judge,Steve Verzwyvelt Jr.,≤100
124924174551188,Awe Inspired,These ads ran without a disclaimer,≤100
102988967826032,Awa Case - 100% Biodegradable Phone Cases,AWA CASE LLC,≤100
53727956260,Republican Jewish Coalition,Republican Jewish Coalition,≤100
1507689979455306,American Bail Coalition,American Bail Coalition,≤100
107937014153581,Energized Health,John Jubilee Transformation LLC DBA Energized Health,≤100
2295062210811244,Coalition for American Veterans,COALITION FOR AMERICAN VETERANS POLITICAL ACTION COMMITTEE,≤100
210277954204,The Young Turks,"The Young Turks, Inc.",≤100
238473269650980,Capital & Main,CAPITAL & MAIN,≤100
357554791340788,Liker,Omar Rivero,≤100
165566613453452,ERLC,ETHICS AND RELIGIOUS LIBERTY COMMISSION OF THE SOUTHERN BAPTIST,≤100
97466887664,Innocence Project,"INNOCENCE PROJECT, INC., THE",≤100
101179314763409,Presidential Old Maid,Megga Group LLC,≤100
105986927538317,Triump Apparel,Triump Apparel,≤100
128716440866482,Adam Milstein,Adam Milstein,≤100
164513254148611,America's Voice News,Barbara Jean Lawrence,≤100
361224947290747,Together for Girls,"TOGETHER FOR GIRLS, INC.",≤100
710669049286394,Woo the People,Khosro David Illulian,≤100
1747132688647028,Democratic Association of Secretaries of State,Democratic Association of Secretaries of State,≤100
1612726335627171,We the Internet TV,We the Internet TV,≤100
180815385284363,Organize Florida Education Fund,Florida Institute for Reform and Empowerment Inc DBA Organize Florida Education Fund,≤100
21492729544,Catholic Relief Services,CATHOLIC RELIEF SERVICES - UNITED STATES CONFERENCE OF CATHOLIC BISHOPS,≤100
427343180625328,Big Tim,Timothy Leon Chandler,≤100
153278754738777,Climate Reality,The Climate Reality Project,≤100
112058837201547,Black Lives Matter Merch,Black Lives Matter Merch,≤100
17432811417,Working Families Party,Working Families Party National Independent Expenditure Committee,≤100
210357995667559,The National Memo,The National Memo,≤100
1673673942931374,Mafia City,These ads ran without a disclaimer,≤100
197760674021143,Indivisible Guide,INDIVISIBLE ACTION,≤100
472758906150050,The Freedomist,William R Collier,≤100
138644937392,SEIU California,SEIU California,≤100
28510612138,Uncommon Knowledge,Hoover Institution,≤100
94047978366,PCCC - BoldProgressives.org,PROGRESSIVE CHANGE CAMPAIGN COMMITTEE,≤100
114994916573293,CareForAllChildren,CareForAllChildren,≤100
107572730809638,End Money Bail California,"End Predatory & Unfair Money Bail, a coalition of justice reform and labor organizations. Committee major funding from Action Now Initiative, LLC, Patty Quillin, and Lynn Schusterman. Funding Details at www.fppc.ca.gov.",≤100
121626482110,Operation Smile,"OPERATION SMILE, INC.",≤100
292649794717694,The Bulwark,The Bulwark,≤100
105804624116745,HKDC - Hong Kong Democracy Council US,"Hong Kong Democracy Council, USA",≤100
103322426424621,Jonathan Karl,Jonathan David Karl,≤100
15239367801,The Wilderness Society,"WILDERNESS SOCIETY, THE",≤100
103409464590028,Citizens for Dan Griffin,Citizens for Dan Griffin,≤100
187809941803009,IVYPAC,IVYPAC,≤100
277414242013,Joyce Elliott for Congress,JOYCE ELLIOTT FOR CONGRESS,≤100
1397799040234106,OpinionUP,OpinionUP LLC,≤100
101164484986617,To Be Frank Show,Real News PR,≤100
405469100189512,Still My President - Donald Trump,Red State Politics LLC,≤100
102703188127463,Winning Energy,Winning Energy LLC,≤100
111061857325061,Stacey Abrams for Vice President,Michael Ellman Harrison,≤100
239658882763974,Poverty USA by CCHD,UNITED STATES CONFERENCE OF CATHOLIC BISHOPS,≤100
278487153675,Redneck Nation Clothing,Tracie Milliron Gold,≤100
195704103779569,Savage Outdoors & The One,Amanda Harris Lee,≤100
6334782252,Oceana,OCEANA,≤100
316887658336677,My Control Card,"NETSPEND HOLDINGS, INC.",≤100
1080205062117462,Greg Garrett,Gregory Mosteller Garrett Sr,≤100
238008626268343,Israel365,Teach for Israel Inc,≤100
80562389320,NARAL Pro-Choice America,NARAL Pro-Choice America,≤100
1099478666810053,Meals For Pets,Meals for Pets,≤100
346937065399354,Occupy Democrats,Omar Rivero,≤100
304062610300415,VozWire,Gregson E Mathe,≤100
112325855474892,Speak Up For Education and Kids,National Education Association,≤100
1708467695859543,Veteran Transition Mission,Sonia Ivelisse Barriera Ayala,≤100
130945114804,World Jewish Congress,WORLD JEWISH CONGRESS AMERICAN SECTION INC,≤100
91223411833,Medical Teams International,Medical Teams International,≤100
105572511019028,iPondr,iPondr,≤100
265045056894488,Mark Meckler,Convention of States Action,≤100
127913103970095,C Club of Houston,The "C" Club of Houston,≤100
111831805841449,BoldTV,Bold TV,≤100
25121889784,Texas Public Policy Foundation,Texas Public Policy Foundation,≤100
105474831199070,Stop GOP Gerrymandering,National Democratic Redistricting Committee,≤100
300341323465160,The Daily Signal,HERITAGE FOUNDATION (THE),≤100
1338822066131069,Women's March,Women's March,≤100
105872574403318,Project TAMMI,a research grant at The National Center on Addiction and Substance Abuse (CASA),≤100
2279710945611409,Raw Topic,Hamin Malik Phillips,≤100
10150096009920008,Pro-Life Action League,PRO LIFE ACTION LEAGUE,≤100
1945237355733646,Giving Brush,Giving Brush LLC,≤100
19474609238,Mercatus Center at George Mason University,Mercatus Center at George Mason University,≤100
11024050756,Bioneers,Bioneers,≤100
249813266826,Environment North Carolina,"Environment America Research and Policy Center, Inc.",≤100
399067003454888,Sudan Relief Fund,Sudan Relief Fund Inc,≤100
1268410219898273,Tango Tango,Tango Tango Inc,≤100
153418591515382,act.tv,DEMOCRATS.COM,≤100
101481584557260,Help Asheville Bears-HAB,Heather Christina Williams,≤100
1084856268238034,Trump Talking,Roberto None Lugo,≤100
182079698493370,Portside,Portside,≤100
627951147293090,FatFinger,Fat Finger LLC,≤100
308159713150350,Voter Protection Project,VOTER PROTECTION PROJECT,≤100
657708380952174,Voices of the Civil Rights Movement,Comcast,≤100
87186661244,Johns Hopkins Bloomberg School of Public Health,Johns Hopkins Bloomberg School of Public Health,≤100
1945837408977507,Michael Moates,-MICHAEL STEVEN MOATES,≤100
241869749851122,Parents Against Vaping e-cigs,Steven Koester,≤100
360424321432255,Doha Debates,Doha Debates,≤100
110773130329664,Lulu Seikaly for Congress,LULU FOR TEXAS,≤100
711478725532801,Civiqs,Civiqs,≤100
100123544800892,Disme Coin Company,Byron Michael Laughlin,≤100
180207826090799,Tiffany D. Cross,Tiffany D. Cross,≤100
2223151871134889,Trump45Merch,Thomas Charles Granack,≤100
195850380468630,Derek Dickow,Derek Joseph Dickow,≤100
6041057841,The Humane Society of the United States,"HUMANE SOCIETY OF THE UNITED STATES, THE",≤100
114218040306362,TFN PAC,TFN PAC,≤100
339432396135584,The Exodus Road,EXODUS ROAD INC,≤100
1869687273277265,Run for Something,Run For Something PAC,≤100
100119981671668,Blue Senate,BLUE SENATE PAC,≤100
263891677826490,Earthsider,Ryan James Martin,≤100
141692255929599,Democratic Socialists of America,DEMOCRATIC SOCIALISTS OF AMERICA INC,≤100
105334957627720,Bush For Senate,COMMITTEE FOR BYRON BUSH FOR US SENATE,≤100
2317264024972785,American Populists,The New American Populist,≤100
683872625157265,Theresa Greenfield,THERESA GREENFIELD FOR IOWA,≤100
166166843531258,National Council of Resistance of Iran - شورای ملی مقاومت ایران,These ads ran without a disclaimer,≤100
147497942385,To the Contrary on PBS,Persephone Productions,≤100
44224524016,American Kidney Fund,"AMERICAN KIDNEY FUND, INC.",≤100
104604207970781,Left For Us,LeftForUs,≤100
723136714746586,The Common Ground Project,"The Common Ground Project, Inc",≤100
268311603350722,The American Independent,The American Independent,≤100
105899717855678,Grateful Dead Fans,These ads ran without a disclaimer,≤100
354211448620959,Alexandra Owensby For the People,ALEXANDRA OWENSBY FOR THE PEOPLE,≤100
102315041409283,Horses in our Hands,In our Hands Action Fund,≤100
104289224445219,2020SupplyCo,Aiden Schutt,≤100
249024947110,WhoWhatWhy,REAL NEWS PROJECT INC,≤100
449202631932231,Mike Johnson,MIKE JOHNSON FOR LOUISIANA,≤100
107953199261156,ifaw,"INTERNATIONAL FUND FOR ANIMAL WELFARE, INC.",≤100
107037524341781,Fritzerstuff,Christa E Fritz,≤100
100511488394186,10-4 Good Buggy,These ads ran without a disclaimer,≤100
6820348410,Kirsten Gillibrand,Gillibrand for Senate,≤100
215830238462422,The LIBRE Initiative,The Libre Initiative,≤100
278487153675,Redneck Nation Clothing,redneck nation,≤100
311109592866662,Fund Our Future,Massachusetts Education Justice Alliance,≤100
108090464296366,Republican Patriots,I Love My Freedom,≤100
39432041915,Capital Research Center,CAPITAL RESEARCH CENTER INC,≤100
19219803864,Tax Foundation,Tax Foundation,≤100
129523843754764,Vote Smart,PROJECT VOTE SMART,≤100
105000114570881,Pats Lashes,These ads ran without a disclaimer,≤100
83865976093,Truthout,TRUTHOUT,≤100
334925200513155,Justin Berry for Texas HD 47,Justin Berry For Texas House,≤100
312569146034029,BlueVote,BlueVote,≤100
107654244332660,Back BLM,Back BLM,≤100
51405613519,Focus on the Family,Focus on the Family,≤100
169204449790211,Conservative News Today,"BizPac Review, Inc.",≤100
6422690687,Clearly Canadian,The Clearly Food & Beverage Company,≤100
819942484773775,Tax Sale Blueprint,Bob Diamond,≤100
240290369507552,Bend the Arc Jewish Action,Bend the Arc: Jewish Action,≤100
105127177821259,Richard Cheek for Township Committee Member,Richard Cheek for Township Committee Member,≤100
157307331013957,The History List,The History List,≤100
312657362217994,Women's Heart Alliance,Women's Heart Alliance,≤100
32802178807,Homes For Our Troops,Homes For Our Troops,≤100
19463427992,Darrell Issa,DARRELL ISSA FOR CONGRESS,≤100
166738743732702,All Above All Action,All Above All Action Fund,≤100
892673067526965,Project War Path,Project War Path,≤100
448720325467547,Citizens for a New Louisiana,Citizens for a New Louisiana,≤100
566008736785269,Be Heard Project,Be Heard Project,≤100
1752317058165359,Bibles For Free,Alan Mitchel Summerhill,≤100
6502038524,First Book,FIRST BOOK,≤100
2339203789732156,Kim Mangone for Congress,COMMITTEE TO ELECT KIM MANGONE FOR CONGRESS,≤100
96171427550,Raja for Congress,FRIENDS OF RAJA FOR CONGRESS,≤100
546497545399440,ASEC - African Sisters Education Collaborative,African Sisters Education Collaborative (ASEC),≤100
961203647412577,VIDA News,VIDA News,≤100
291260461373618,News and News,News and News,≤100
26668999076,The Cato Institute,"CATO INSTITUTE, INC.",≤100
109379393894282,Keep Texas Moving,TEXAS ASSOCIATION OF BUSINESS,≤100
313878881955855,Jewish Community Centers of North America (JCCs),JEWISH COMMUNITY CENTERS ASSOCIATION OF NORTH AMERICA,≤100
105561217523274,The_Dispatch,"Dispatch Media, Inc.",≤100
1455697381393441,SRVS,"SRVS, LLC",≤100
120778038066631,EveryLibrary,EveryLibrary,≤100
104917627885720,Love Beautiful Birds,These ads ran without a disclaimer,≤100
136769859682655,Derek Schmidt,"Schmidt for Attorney General, Inc.",≤100
18017481462,Acton Institute,Acton Institute,≤100
147126507164,ACTwireless,ACTwireless,≤100
336440323158789,Jack Burkman Radio,Jack Burkman Radio,≤100
592074077639509,Donald Trump Is Our President,Power To The Publisher,≤100
525171637666780,Sandy Piña California Delegate,RCR,≤100
680549575421741,UnitedVoice.com,"Beachside Media, Inc.",≤100
33860907121,FunTimes Magazine,"FUNTIMES MAGAZINE, LLC",≤100
143509339045414,Americans for Peace and Tolerance,"AMERICANS FOR PEACE AND TOLERANCE, INC.",≤100
356419611427623,Jemar Tisby,Zondervan,≤100
108615842526079,The Ronald Reagan Presidential Foundation and Institute,The Ronald Reagan Presidential Foundation and Institute,≤100
103131054573692,Crawfordology,Crawfordology,≤100
102499901286348,Bold Vision P.C.,Bold Vision PC,≤100
128591300513012,Senator Eddie Lucio,Senator Eddie Lucio Campaign,≤100
54787697857,Ron Wyden,WYDEN FOR SENATE,≤100
1189321434561854,Vote Ranjeev for Rep,Friends of Ranjeev Puri,≤100
219224241438635,Compassion & Choices,COMPASSION & CHOICES,≤100
241247646424302,Jahana Hayes,FRIENDS OF JAHANA HAYES,≤100
916908791847627,Prosperity Michigan,Prosperity Michigan,≤100
181183059253295,Dorsal Bracelets,Dorsal Bracelets,≤100
49059279814,Institute for Justice,INSTITUTE FOR JUSTICE,≤100
1192579580831773,Supermajority News,Supermajority,≤100
102139218008846,King Nation Apparel,King Nation Apparel,≤100
105229062888132,Stop Soldier Suicide,Stop Soldier Suicide,≤100
524821051606971,Young Americans Against Socialism,Young Americans Against Socialism,≤100
11111618026,Union of Concerned Scientists,"UNION OF CONCERNED SCIENTISTS, INC.",≤100
55713447392,30A,James M Ragsdale,≤100
173837496125511,Conscious Step,Conscious Step,≤100
90710744308,The Steamboat Institute,The Steamboat Institute,≤100
316326582121279,LCCM,Louisiana Committee For A Conservative Majority,≤100
108925558017,Shared Hope International,Shared Hope International,≤100
1228396643984955,Michelle Steel,Michelle Steel for Congress,≤100
162695894106234,Co-ops Vote,National Rural Electric Cooperative Association,≤100
464106427322973,B'own Black Owned,B'own Company Inc.,≤100
1452551204988299,GoReact,Speakworks Inc,≤100
112164673854264,Living Patriotically,Living Patriotically,≤100
357275101142388,Everglades-Trust,"EVERGLADES TRUST INC, THE",≤100
181924628560212,SumOfUs,SumOfUs,≤100
54820342268,National Association of Secondary School Principals (NASSP),NASSP,≤100
111702860231554,Matt Lieberman,Matt Lieberman for Senate,≤100
219242560293,Meals on Wheels America,Meals on Wheels,≤100
194204731012691,Cloud Accounting Podcast,Cloud Accounting Podcast,≤100
103565657756782,Anne Marie Ward for Congress,ANNE MARIE WARD FOR CONGRESS,≤100
300748678230,Tennessee Department of Economic and Community Development,Tennessee Department of Economic and Community Development,≤100
198875903295,Trek Bicycle,TREK BICYCLE CORPORATION,≤100
502320477205654,I’m Bout Making My Ancestors Proud,Heritage Hill LLC,≤100
262138411622,Faces of Lawsuit Abuse,US Chamber Institute for Legal Reform,≤100
353536061784768,Deadshot Customs,Brian Matthew Rubenstein,≤100
278052172260101,ZERO TO THREE,ZERO TO THREE,≤100
51560645913,The Patriot Post,The Patriot Post,≤100
111648480319494,800DEMOCRAT,800DEMOCRAT,≤100
377392172830318,Representative Ross Spano,Office of Representative Ross Spano,≤100
114367169942433,Illinois Real ID,Illinois Real ID,≤100
111772843789224,HURD PAC,HAVING UNWAVERING RESOLVE AND DETERMINATION PAC,≤100
115589465160388,Scribner Books,Simon and Schuster,≤100
466164103423147,Thorn,Thorn with Facebook Ad Credits,≤100
879661055726728,Lights for Liberty,Lights for Liberty,≤100
19746387261,Humane Society International,Humane Society International,≤100
445356476201457,How To Get An 800 Credit Score LLC,These ads ran without a disclaimer,≤100
267106057519444,Bllack Lives Matter,Black Lives Matter,≤100
107569650978840,Sanall,Sanall,≤100
314121315788033,Stand with Parkland,Stand With Parkland,≤100
8524198486,Physicians Committee for Responsible Medicine,"PHYSICIANS COMMITTEE FOR RESPONSIBLE MEDICINE, INC.",≤100
1758704494448322,Bitter Lake,Bitter Lake,≤100
144850842237429,Independentvoting.org,Independent Voting (IndependentVoting.org),≤100
262610761306,Counterpoint Press,Counterpoint Press,≤100
139398939438430,Left Action,Left Action LLC,≤100
2259323457517498,Abolish the Electoral College,ABOLISH THE ELECTORAL COLLEGE,≤100
922580991129339,People's Mojahedin Organization of Iran - MEK IRAN,MEK-Iran (Saeid Saadati),≤100
666146200500920,Tom Adair for Texas House District 67,Tom Adair for Texas,≤100
112475783730246,Defeat Disinfo,DEFEAT DISINFO PAC,≤100
83960796709,Institute for Southern Studies,INSTITUTE FOR SOUTHERN STUDIES INC,≤100
103711654664084,Melvin Kindall Myles,Melvin Kindall Myles,≤100
505653766599222,America First with Dr. Sebastian Gorka,Salem Media,≤100
2309566456030859,Human Coalition Action,Human Coalition Action,≤100
168724037138709,The Good Frank,Tyrone Edwards Jackson,≤100
295533050495998,Abogado de Inmigracion Jorge Rivera - Immigration Group LLC,Michael A Castillo,≤100
511235549007985,PRJKT RUBY,PRJKT RUBY,≤100
161453087348302,The Committee to Defend the President,THE COMMITTEE TO DEFEND THE PRESIDENT,≤100
510680265702016,Crowned Free,Crowned Free,≤100
977275212316648,bUnited,bUnited Inc,≤100
656263988182462,Bill Hagerty,TEAM HAGERTY,≤100
102413723172970,Nick Adams,Nick Adams,≤100
70090474914,American Farmland Trust,"AMERICAN FARMLAND TRUST, INC",≤100
106858047573234,Agreed to Disagree Show,Kenneth Peyton Zeigler,≤100
857314914350139,Black Lives Matter Lansing,Black Lives Matter Lansing,≤100
1553978148244954,Build With Strength,Build With Strength,≤100
101208514791301,Daniel Turner,Power The Future Inc,≤100
101190628284383,Leading Louisiana,Leading Louisiana,≤100
59543893235,National Constitution Center,National Constitution Center,≤100
657343731290262,American Freedom Fighter,American Freedom Fighter,≤100
100138488043778,John Cascone for Judge,John Cascone for Judge,≤100
808450969246896,"Rebecca Walser, Tax Attorney, CFP",Walser Wealth Management,≤100
279846350948,St. Labre Indian School,St. Labre Indian School,≤100
320738328865866,Dr. Arati Kreibich for Congress,ARATI FOR CONGRESS,≤100
103136118084233,Californians for Independent Work,Californians for Independent Work,≤100
107262864176040,Chris Missick for NY State Senate,Friends of Chris Missick,≤100
8934429638,Planned Parenthood Action,Planned Parenthood Votes,≤100
454663890502,Alliance for Patient Access,ALLIANCE FOR PATIENT ACCESS,≤100
745910525468062,National Center on Sexual Exploitation,National Center on Sexual Exploitation,≤100
111140093672868,Josh Eisen for Congress,Joshua E Eisen,≤100
8145161702,Lambda Legal,"LAMBDA LEGAL DEFENSE & EDUCATION FUND, INC.",≤100
830890360316751,Nick Hanauer,Civic Action,≤100
110849485902,United Way,United Way Worldwide with Facebook Ad Credits,≤100
110316697328742,People of Seniors Housing,People of Seniors Housing,≤100
325578590837480,Obamacare,Sixteen Thirty Fund,≤100
106868314285372,The Finance Kit,DYS Capital LLC,≤100
36872302227,Cory Booker,Cory Booker for Senate,≤100
110849485902,United Way,United Way Worldwide,≤100
327202261326682,Stephanie Bice,Bice for Congress,≤100
1868885156673680,Sarasota citizen Martin Hyde,Martin Hyde for Sarasota City Commission,≤100
1528498354074301,Punching Bag Media - Conservative News,Sean Michael Probber,≤100
193675533982095,Ryan Chamberlin,Ryan Chamberlin for Congress,≤100
2296497987261921,Amy Pope Wells for Congress,AMY POPE WELLS FOR CONGRESS,≤100
104516481228439,Peelitical Targets,Pee-Litical Targets,≤100
113335773562471,President Trump For Re-Election,Great American Era,≤100
253791814655400,Doug Collins,"COLLINS FOR SENATE, INC.",≤100