﻿Page ID,Page Name,Disclaimer,Amount Spent (USD)
119580358118014,NEA-New Hampshire,NEA New Hampshire,4732
7860876103,Joe Biden,BIDEN VICTORY FUND,3768
153080620724,Donald J. Trump,TRUMP MAKE AMERICA GREAT AGAIN COMMITTEE,2398
7860876103,Joe Biden,BIDEN FOR PRESIDENT,1567
111686463879913,Respect New Hampshire,Respect New Hampshire,1402
1771156219840594,Team Trump,TRUMP MAKE AMERICA GREAT AGAIN COMMITTEE,1284
6691963292,Jeanne Shaheen,SHAHEEN FOR SENATE,1194
265043653699570,Dan Feltes for Governor,Friends of Feltes,1092
1615018905412860,Progressive Turnout Project,PROGRESSIVE TURNOUT PROJECT,795
205826147784,New Hampshire Democratic Party,NEW HAMPSHIRE DEMOCRATIC PARTY,770
20531316728,Facebook App,"Facebook, Inc.",712
925007000949719,ExxonMobil,Exxon Mobil Corporation,565
105368190818267,Corky Messner for Senate,MESSNER FOR SENATE,544
104263254713855,Register to Vote Republican,REPUBLICAN NATIONAL COMMITTEE,515
123192635089,GOP,REPUBLICAN NATIONAL COMMITTEE,413
106954524055078,Plunkett for Executive Council,Plunkett for New Hampshire,397
370099376346078,Americans for Prosperity New Hampshire,AMERICANS FOR PROSPERITY,390
128557117506,New Hampshire Coalition Against Domestic and Sexual Violence,New Hampshire Coalition Against Domestic & Sexual Violence,376
1635441679872518,Kimberly Klacik,Kim Klacik for Congress,366
1619004528356166,Rebecca Perkins Kwoka for New Hampshire,Perkins Kwoka for New Hampshire,342
2646326642260384,New Hampshire Senate Republicans,NH Senate Republicans PAC,303
156968474833352,Stop Republicans,Stop Republicans,302
133666160060982,Senate Majority PAC,SMP,299
105379034246471,Cinde Warmington for Executive Council,Friends of Cinde Warmington,281
108824017345866,Facebook,"Facebook, Inc.",238
110620317395330,The Wheeler Record,Bob Clegg for executive council,212
96935476345,Democratic Governors Association (DGA),Democratic Governors Association,198
195435017689344,Mindi For NH,Mindi 4 NH,187
20787991568,Senate Democrats,DSCC,183
127755494595870,Progressive Takeover,PROGRESSIVE TAKEOVER,174
165987503528599,Lindsey Graham,"TEAM GRAHAM, INC.",172
828902563856302,Chuck Schumer D-NY,FRIENDS OF SCHUMER,149
1556932204325823,ProgressPop,ProgressPop,147
202626512363,U.S. Census Bureau,U.S. Census Bureau,141
152386885585568,Jenn Alford-Teaster for NH State Senate,Friends of Jenn Alford-Teaster,141
24330467048,Americans for Prosperity,AMERICANS FOR PROSPERITY,141
100258504855920,Matt Mowers for Congress,MOWERS FOR CONGRESS,137
106508764399374,Bob Clegg for Executive Council,Bob Clegg for executive council,135
6726182861,Mike Pence,TRUMP MAKE AMERICA GREAT AGAIN COMMITTEE,135
328853823844484,Balance of Power,Balance of Power,133
310875636463673,Don Bolduc,"BOLDUC 2020, INC.",129
101279451606075,Democratic Strategy Institute,Democratic Strategy Institute,124
9324910069,NRSC,NRSC,122
103526514708833,Lou Gargiulo for NH State Senate District 24,Friends of Lou Gargiulo PAC,121
109161497557450,Jay for New Hampshire,Jay for New Hampshire,120
105756057589080,The Lincoln Project,The Lincoln Project,119
791543660926838,"I'll go ahead and keep my guns, Thanks",2A4LIFE LLC,117
113891694102,Energy Citizens,AMERICAN PETROLEUM INSTITUTE,114
665345483483486,NRA - National Rifle Association of America,NATIONAL RIFLE ASSN OF AMERICA,111
897818990373008,Deaglan McEachern for New Hampshire,DEAGLAN MCEACHERN FOR SENATE,110
1654364364841305,Volinsky for New Hampshire,Volinsky for New Hampshire,108
406304822776259,ACLU of New Hampshire,AMERICAN CIVIL LIBERTIES UNION,≤100
747436915270894,Congressional Leadership Fund,CONGRESSIONAL LEADERSHIP FUND,≤100
328072970642479,Jaime Harrison,JAIME HARRISON FOR US SENATE,≤100
36160848633,PicturesOnGold.com,Daniel F Schifter,≤100
102563281572515,Keep America Great,RightWingGear.com,≤100
25852730092,Care2,Care2 Inc,≤100
126096064096536,David Wheeler,Elect Dave Wheeler,≤100
346937065399354,Occupy Democrats,Omar Rivero,≤100
14856729724,Gap,Gap Inc,≤100
163148530407080,Captain Mark Kelly,MARK KELLY FOR SENATE,≤100
101525041616176,Power the Polls,Power The Polls,≤100
100244434823394,Clemmer For Congress,CLEMMER FOR CONGRESS,≤100
246642355527002,New Hampshire Youth Movement,NH Peoples PAC,≤100
934438026690635,YouGov,YOUGOV AMERICA INC.,≤100
1316372698453411,Alexandria Ocasio-Cortez,Alexandria Ocasio-Cortez for Congress,≤100
104856814505092,The Kids Guide,The Kids Guide,≤100
127225910653607,PragerU,PragerU,≤100
108794587327155,Good Programs 2020,Trevor Dale Seaks,≤100
103023217770606,Emmett Soldati for NH,Friends of Emmett Soldati,≤100
101787724753808,Chris Connelly for Hillsborough County Sheriff,Chris Connelly for Sheriff,≤100
168051710543266,Lacy Johnson,Lacy Johnson for Congress,≤100
262774994217218,Matt Mayberry for NH,MATT MAYBERRY FOR CONGRESS,≤100
18982436812,ACLU,American Civil Liberties Union,≤100
111499100431,National Association for Gun Rights,National Association for Gun Rights PAC,≤100
114710126648118,Republican Dogs,Republican Dogs,≤100
2352630938293825,Mytacticalpromos,Entremax,≤100
96935476345,Democratic Governors Association (DGA),DEMOCRATIC ACTION,≤100
228754857151053,House Majority PAC,House Majority PAC,≤100
114630060285714,Tim Comerford for Executive Council,Timothy P.  Comerford,≤100
110373865639447,Chris Sununu,Friends of Chris Sununu,≤100
2373206389409646,Bill O'Brien,Bill O'Brien for State Representative,≤100
1496269597272920,Senator Bill Gannon,Gannon for Senate,≤100
109436357470916,"John Coughlin, Candidate for Hillsborough County Attorney",John Coughlin for Hillsborough County Attorney,≤100
2353537341582545,Proud Patriots,Proud Patriots,≤100
602714436529710,End Citizens United,END CITIZENS UNITED,≤100
2330577043935831,Sara Gideon,SARA GIDEON FOR MAINE,≤100
194016141090830,Jon Morgan for NH,Friends of Jon Morgan,≤100
109679657448551,Bruce Crochetiere for Executive Council,Bruce Crochetiere for Executive Council,≤100
7976226799,The Daily Show,Comedy Central,≤100
107589664099282,Stand Up To China,"Stand Up To China, Inc.",≤100
5435784683,Greenpeace USA,"GREENPEACE, INC.",≤100
7292655492,MoveOn,MOVEON.ORG POLITICAL ACTION,≤100
158791100909689,Concerned Veterans for America,Concerned Veterans for America,≤100
737686089933715,Conservative Collections,Mainline Media Group,≤100
15188122178,The Hamilton Collection,The Hamilton Collection,≤100
203197030603239,8 Billion Trees,8 Billion Trees LLC,≤100
100137754724934,Trump 2020 Supporters,Proud Right Winger,≤100
309308412520731,Sandy Hook Promise,Sandy Hook Promise,≤100
103597604713894,Team Trump Store,TRUMP MAKE AMERICA GREAT AGAIN COMMITTEE,≤100
134478338062334,Covid Safe Communities,DEFEAT DISINFO PAC,≤100
21472760578,C-SPAN,C-SPAN,≤100
106244251043808,Reuse Plastics,"AMERICAN CHEMISTRY COUNCIL, INC.",≤100
92925746942,Judicial Watch,Judicial Watch,≤100
67945990059,The American Petroleum Institute,The American Petroleum Institute,≤100
19192438096,AAAS - The American Association for the Advancement of Science,American Association for the Advancement of Science,≤100
8492293163,Environmental Defense Fund,Environmental Defense Fund,≤100
176789922364429,Steve Daines,STEVE DAINES FOR MONTANA,≤100
109931964086175,Steve Kenda for State Representative - Bedford,kenda4nh,≤100
104614641200137,MeidasTouch,MEIDASTOUCH,≤100
277005566267077,Blueland,Blueland,≤100
830121337093232,National Democratic Training Committee,NATIONAL DEMOCRATIC TRAINING COMMITTEE PAC,≤100
112694470356789,Trumpcare For America,Stuart Joseph Millar,≤100
2078647579047586,Project Pulso,Project Pulso,≤100
109871464004307,Crime Free NH,U.S. Attorney's Office for the District of New Hampshire,≤100
1419388578092947,Anna Paulina Luna,ANNA PAULINA LUNA FOR CONGRESS,≤100
717115395103069,PrintedKicks,Printed Kicks,≤100
224143668537493,Better Care America,Better Care America,≤100
100391581727524,Defeat By Tweet,DEFEAT BY TWEET,≤100
362835977563117,Craig Thompson for NH,Craig Thompson for NH,≤100
103730928025980,Safe and Sound In 2020,Kin Ngai Yeung,≤100
596556607135301,The Earthling Co.,The Earthling Co.,≤100
288978674860744,Chuck Massahos for Rockingham County Sheriff,Friends of Chuck Massahos,≤100
23875187730,Feeding America,Feeding America,≤100
631555360821184,David Greene for Ward 3 Dover State Representative,David Greene,≤100
105577974544303,The USA Needs More Patriots,AmeriPolling,≤100
6204742571,Sierra Club,SIERRA CLUB,≤100
110256434024901,Ryan Lent for State Representative,Committee to Elect Ryan Lent,≤100
8325302025,Friends of the Earth U.S.,Friends of the Earth,≤100
314499212242,Pfizer,Pfizer Inc.,≤100
405469100189512,Still My President - Donald Trump,Red State Politics LLC,≤100
106411777781402,Beatriz Pastor for NH Senate,Friends of Beatriz Pastor,≤100
393932827634250,Dissent Pins,Common Practice,≤100
106224464107240,Jo Jorgensen,Jo Jorgensen for President,≤100
342294162453301,Planned Parenthood,Planned Parenthood Federation of America,≤100
109742407314234,Restoration Action,Restoration Action,≤100
100256754899828,Patriot's Cave,Patriots Cave,≤100
102478061559294,Convention on Founding Principles,Convention on Founding Principles,≤100
115013400302621,Britton For Bedford,Britton Albiston for State Representative Committee,≤100
154510321337994,Chris Pappas for Congress,CHRIS PAPPAS FOR CONGRESS,≤100
1061240530648502,Joe Collins,JOE COLLINS FOR CONGRESS,≤100
15239367801,The Wilderness Society,"WILDERNESS SOCIETY, THE",≤100
140357056032320,NEA Today,National Education Association,≤100
85452072376,Newsmax,Newsmax Media,≤100
421611808251181,Bob Greene - NH State Representative,Bob Greene - NH State Representative,≤100
7263476274,Mercy Corps,Mercy Corps,≤100
278490715553293,Martha McSally,MCSALLY FOR SENATE INC,≤100
186319338839,GLAAD,"GLAAD, INC.",≤100
101127364972509,Dems For USA,Dems For USA,≤100
327837911149503,2A4Life,2A4LIFE LLC,≤100
197760674021143,Indivisible Guide,INDIVISIBLE ACTION,≤100
8934429638,Planned Parenthood Action,Planned Parenthood Action Fund,≤100
207216579934657,New Hampshire Local News,These ads ran without a disclaimer,≤100
322551718276442,Lemons Are Blue,Lockwell LLC,≤100
109379100777665,Patriotism Isn't Dead,Patriot Polling,≤100
167586229923327,World Food Program USA,World Food Program USA,≤100
102866874575985,Rep. Dick Hinch,Friends of Dick Hinch,≤100
103036584847574,The Good Neighbor,Brandon Vu,≤100
18813753280,Human Rights Campaign,"HUMAN RIGHTS CAMPAIGN, INC",≤100
111393882812494,Amy McGrath,"AMY MCGRATH FOR SENATE, INC.",≤100
104623897984816,Peter Brunette for Belknap County Commissioner,Peter R Brunette,≤100
105577974544303,The USA Needs More Patriots,Anthony Alexander Morales,≤100
107210084216238,Humanity Forward,Humanity Forward,≤100
1336293769761923,Jon Ossoff,JON OSSOFF FOR SENATE,≤100
5720973755,Defenders of Wildlife,DEFENDERS OF WILDLIFE,≤100
1543000252590722,"Jason Osborne, State Representative",Friends of Jason Osborne,≤100
108774517513983,Dan Hynes for Hillsborough NH County Attorney,Friends of Dan Hynes,≤100
700806360047982,CFG Action,Club for Growth Action,≤100
159964696102,Kevin McCarthy,KEVIN MCCARTHY FOR CONGRESS,≤100
731387216999087,Janet Stevens for Executive Council,Friends of Janet Stevens,≤100
481559282597914,TrumpersUnite,Respect The Look,≤100
210333902420876,Sean Parnell,AMERICANS FOR PARNELL COMMITTEE,≤100
407664862957433,Ammar Campa-Najjar for Congress,AMMAR CAMPA-NAJJAR FOR CONGRESS,≤100
1316372698453411,Alexandria Ocasio-Cortez,THE SQUAD VICTORY FUND,≤100
1341255642684432,Joe Alexander for Goffstown,Friends of Joe Alexander,≤100
259130650776119,Mitch McConnell,MCCONNELL SENATE COMMITTEE,≤100
419237048158257,Susan Collins,COLLINS FOR SENATOR,≤100
7814597100,Jim Jordan for Congress,JIM JORDAN FOR CONGRESS,≤100
303167829786891,Ed Markey,THE MARKEY COMMITTEE,≤100
142992759853421,Be A Hero,BE A HERO PAC,≤100
834645469890446,Devin Nunes,DEVIN NUNES CAMPAIGN COMMITTEE,≤100
143986912311328,University of Vermont Continuing and Distance Education,University of Vermont,≤100
30866133883,Alaska Wilderness League,ALASKA WILDERNESS LEAGUE,≤100
309798029121030,Everytown for Gun Safety,Everytown for Gun Safety Action Fund Inc,≤100
51405613519,Focus on the Family,Focus on the Family,≤100
1702595286657629,Melanie Renfrew-Hebert for Goffstown NH,Melanie Elaine Renfrew Hebert,≤100
169288666437036,NH Journal,InsideSources,≤100
6756153498,Mike Bloomberg,Mike Bloomberg,≤100
112704783859268,Boy Scouts Abuse Claim Help,X Social Media LLC,≤100
598924810530984,Keeping America Great,FamTeeWorld,≤100
1528980567353817,Love Has No Labels,Love Has No Labels with Facebook Ad Credits,≤100
586751814690068,Joni Ernst,Joni for Iowa,≤100
6231686654,Compassion International,"COMPASSION INTERNATIONAL, INCORPORATED",≤100
104243057993518,Lisa DeMio for NH State Representative,Lisa DeMio for NH State Representative,≤100
101187091596701,Marcella Termini for Hillsborough 43 State Representative,Marcella Termini for New Hampshire Legislator,≤100
683872625157265,Theresa Greenfield,THERESA GREENFIELD FOR IOWA,≤100
530604487365010,Old Glory Flagpole Kits,Service First,≤100
213792049451918,Stand For America,Stand For America Inc,≤100
102617961152741,Barbara Bollier,BOLLIER FOR KANSAS,≤100
108118933908193,Next Level Goods,Next Level Goods LLC,≤100
192015461630968,Supporting Our Brave Veterans,James Brian Plouf,≤100
101209614956892,Take A Stand,Andrew Joseph Young,≤100
100355778430951,By Our Own Bootstraps,Brandon Vu,≤100
7833534974,Florida Democratic Party,Florida Democratic Party,≤100
107654924064350,Pat Timmons-Goodson,PATRICIA TIMMONS-GOODSON FOR CONGRESS,≤100
33110852384,Doctors Without Borders/Médecins Sans Frontières (MSF),Doctors Without Borders/Médecins Sans Frontières (MSF),≤100
10128918116,Gavin Newsom,NEWSOM FOR CALIFORNIA GOVERNOR 2022,≤100
496696933682736,Jeff Merkley,JEFF MERKLEY FOR OREGON,≤100
355316521236121,John Cornyn,TEXANS FOR SENATOR JOHN CORNYN INC.,≤100
769405393099340,David Watters for NH Senate,David Watters for NH Senate,≤100
461204744067686,Family Protection Association,Family Protection Association,≤100
7962229886,Environmental Working Group,ENVIRONMENTAL WORKING GROUP,≤100
675471506247724,Adair for Congress,ADAIR FOR CONGRESS,≤100
305832706292882,American Gun Association,GunAssociation.org,≤100
106472694091208,Ron Shaw for New Hampshire,Ronald Shaw for New Hampshire,≤100
45393753416,Alliance Defending Freedom,Alliance Defending Freedom,≤100
57259033959,AARP,AARP,≤100
109092142462587,Adam Schiff,SCHIFF FOR CONGRESS,≤100
681745912255844,John Cummings for Congress,CUMMINGS FOR CONGRESS,≤100
14440196673,Teamsters,INTERNATIONAL BROTHERHOOD OF TEAMSTERS,≤100
1338822066131069,Women's March,Women's March,≤100
560140464159364,Stand for the 2nd Amendment,SFT2 Tactical Supply,≤100
101788168307680,Pause Politics,FreedomWorks Foundation,≤100
102875587947942,Keep Trump In Office,Keep Trump In Office,≤100
163302087408673,Stop The Donald,Stop the Donald,≤100
209046616332309,Xochitl for Congress,Xochitl for New Mexico,≤100
116222966843926,US Concealed,US Concealed,≤100
1809078699219595,Fat Tire,"NEW BELGIUM BREWING COMPANY, INC.",≤100
679171239164792,Supermajority,Supermajority,≤100
49651563727,Live Action,Live Action,≤100
7483836629,Ancestry,Ancestry.com Operations Inc.,≤100
8047221596,Save the Children US,"SAVE THE CHILDREN FEDERATION, INC.",≤100
493811210669780,Creative Action Network,Creative Action Network,≤100
101075798356272,ReOpen America Now,Command Center Holdings LLC,≤100
5633824547,FreedomWorks,"FREEDOMWORKS, INC.",≤100
215199482635728,Alek Skarlatos,ALEK FOR OREGON,≤100
10423517786,Harvard Business Review,HARVARD BUSINESS SCHOOL PUBLISHING CORPORATION,≤100
485980975070908,Abigail Spanberger,SPANBERGER FOR CONGRESS,≤100
233636310519183,Rep. Willis Griffith,Committee to Elect Rep. Willis Griffith,≤100
390560688135747,Public Editor Press,"Public Editor Press, Inc",≤100
203992683335451,Negron For Congress,Steven J Negron,≤100
629732217415068,Republican Party,Greater Half,≤100
177725632972150,Matt Towne,Matthew D Towne,≤100
36474716066,Color Of Change,ColorofChange.org,≤100
316955281351,APWU - The American Postal Workers Union,AMERICAN POSTAL WORKERS UNION,≤100
103185334702225,Stop Trump PAC,STOP 45 PAC,≤100
585942765164217,Elect Democratic Women,ELECT DEMOCRATIC WOMEN,≤100
68879022755,Joe Sweeney,Joe Sweeney for New Hampshire,≤100
1912928555424679,NH State Rep Josh Yokela,Joshua S Yokela,≤100
839110726214614,Realtors,NATIONAL ASSOCIATION OF REALTORS,≤100
103315378108004,True Patriot Strength,LE-HUU DONG HUYNH,≤100
1836138529938551,Greater Half,Greater Half,≤100
1600352356914768,PushBlack,PushBlack,≤100
108220794333329,The Patriot Trust,Christopher Allen Supek,≤100
1136781033034012,Brave New Look,Brave New Look,≤100
228132537208218,Tammy Duckworth,TAMMY FOR ILLINOIS,≤100
8550121410,Free Speech America Project,MEDIA RESEARCH CENTER,≤100
219612384781411,Bloomberg Philanthropies,Bloomberg Philanthropies,≤100
27311599342,Preemptive Love,Preemptive Love Coalition,≤100
103741967998194,Amy Jeffrey for NH,Amy Jeffrey for NH,≤100
1055873511190792,Hello Resistance,Hello Resistance Apparel,≤100
112420993589373,Young and Old for America,Andrew Joseph Young,≤100
1443127535947107,Save the Children Action Network,Save the Children Action Network,≤100
72186095846,Center For American Progress Action Fund,Center for American Progress Action Fund,≤100
100233228182981,Madison Cawthorn for Congress,CAWTHORN FOR NC,≤100
1079789672084038,SimonBooks,Simon & Schuster,≤100
15687409793,World Wildlife Fund,World Wildlife Fund,≤100
100322475076309,Bob Lynn for State Representative,Bob Lynn for State Representative,≤100
112232490508924,Black Lives Matter Nashua,Black Lives Matter Nashua,≤100
345378512258813,Elise Stefanik,ELISE FOR CONGRESS,≤100
97493741436,John W. Hickenlooper,HICKENLOOPER FOR COLORADO,≤100
46093654473,National Republican Congressional Committee,NRCC,≤100
530604487365010,Old Glory Flagpole Kits,Service First Flag Poles,≤100
593289284500311,Trump Rack,BOXD Marketing,≤100
30139072158,CARE,CARE,≤100
2037695643113766,Blexit,Blexit Foundation,≤100
356482637745012,Stansberry Research,Stansberry Research,≤100
30708742052,FCTRY,FCTRY,≤100
219457576170706,Patriotic Volunteers,Harrison T Chung,≤100
202531447982,Jimmy Chin,Protect Our Winters,≤100
350784278974539,Turning Point Action,Turning Point Action,≤100
100722328329613,Every Single Vote,Every Single Vote,≤100
321760547905423,Representative Paul Berch,Paul Sender Berch,≤100
16477459734,League of Conservation Voters,"LEAGUE OF CONSERVATION VOTERS, INC",≤100
510202515840553,Kat McGhee NH State Rep,Kat McGhee for NH,≤100
114230073701403,Jetbound Dogs,Miguel Agustin Turk,≤100
433919203362871,Bird + Stone,BIRD & STONE INC,≤100
443329669123990,USAFacts,USAFacts Institute,≤100
223008867858902,American Action News,American Action News,≤100
193618220508,LIFE Today,LIFE Outreach International,≤100
6820348410,Kirsten Gillibrand,Off the Sidelines,≤100
117144508670456,GUNVOTE,National Shooting Sports Foundation,≤100
109111900634787,Reverend Raphael Warnock,WARNOCK FOR GEORGIA,≤100
1000253160054572,Cori Bush,CORI BUSH FOR CONGRESS,≤100
751857841624184,Carla Gericke for New Hampshire,Carla Gericke for NH Senate,≤100
587560171926370,Small Business Recovery Initiative,"Small Business Recovery Initiative, Inc",≤100
113666459994300,Big Dan Rodimer for Congress,RODIMER FOR CONGRESS,≤100
342887442508723,Convention of States,Convention of States Action,≤100
106663044307859,Mike Sievert,"T-MOBILE USA, INC.",≤100
104113317870732,Free Markets Destroy,Washington Policy Center,≤100
8524198486,Physicians Committee for Responsible Medicine,"PHYSICIANS COMMITTEE FOR RESPONSIBLE MEDICINE, INC.",≤100
105995741220700,Patriots United,Le Huu Dong Huynh,≤100
104327014699060,Dave DeVoy for NH State Senate,Dave Devoy For State Senate,≤100
21375324480,The Heritage Foundation,HERITAGE FOUNDATION (THE),≤100
2185993931653388,The Recount,"Recount Media, Inc",≤100
107523875954231,Danny Davis,Protect Our Winters,≤100
977704775606273,Balls Deep Tackle,Balls Deep Tackle,≤100
2012750189007245,Liquid Death Mountain Water,Liquid Death,≤100
105732744375701,Steve Bullock,MONTANANS FOR BULLOCK,≤100
2283535575207809,Ditch Mitch,DITCH FUND,≤100
107755467628605,Keith Mitchell for Merrimack County Sheriff,Keith Mitchell for Sheriff,≤100
111735607213518,Leah Cushman for New Hampshire State Representative,Friends of Leah Cushman,≤100
106323360959211,Patriots Republic,Matthew James Stine,≤100
892673067526965,Project War Path,Project War Path,≤100
101481584557260,Help Asheville Bears-HAB,Heather Christina Williams,≤100
105533121141074,Vote Gregg Hough for the New Hampshire State House of Representatives,Gregg R Hough,≤100
510202515840553,Kat McGhee NH State Rep,Kathy Marie Mcghee,≤100
130467958471,Jason Lewis,Jason Lewis for Senate,≤100
38235851310,USA for UNHCR,UNITED STATES ASSOCIATION FOR UNHCR,≤100
11791104453,NRDC,Natural Resources Defense Council,≤100
243510442756370,Justice Democrats,JUSTICE DEMOCRATS PAC,≤100
294508332028,Lakota People's Law Project,ROMERO INSTITUTE,≤100
257019421075897,Cory Gardner,Cory Gardner for Senate,≤100
107037464370556,Tim Baxter,Baxter For NH,≤100
2019228981443626,She the People,She The People,≤100
169294473121454,Policetees.com,PoliceTees.com,≤100
110086283906954,Brodie for Wolfeboro,The Friends of Brodie Deshaies,≤100
102137374563260,Confide in American Pride,John Allen Franson,≤100
102636677971854,Trump Is The Storm,Legendary Trump Coins,≤100
108029674299216,We The People,We The People,≤100
56680318666,Illinois Policy,Illinois Policy,≤100
746938465317981,Nuclear Matters,Nuclear Matters,≤100
169130743498585,Tactical Pro Supply,Chad Keller,≤100
103373224404755,Impact Slates,COLLECTIVE IMPACT PAC,≤100
105333224570468,Dan Goldner,Daniel Curtis Goldner,≤100
18709174006,National Audubon Society,"NATIONAL AUDUBON SOCIETY, INC.",≤100
6820348410,Kirsten Gillibrand,Gillibrand for Senate,≤100
102745147891580,Trump Coolers,Eric Clifford Juels,≤100
106667854471975,Outspoken,Log Cabin Republicans,≤100
227764782729,AMERICAN - STRONG!,American Strong LLC,≤100
8057376739,The Nature Conservancy,Nature Conservancy,≤100
107721234273908,Nicholas Bramlage,Nicholas Bramlage,≤100
6236054211,Brady,Brady Campaign to Prevent Gun Violence,≤100
35169196082,Project HOPE,"PROJECT HOPE-THE PEOPLE-TO-PEOPLE HEALTH FOUNDATION, INC.",≤100
296708523873754,Karla Dennis and Associates Inc.,"Karla Dennis & Associates, Inc",≤100
1109093812491437,Blaze Media,Blaze Media LLC,≤100
106508764399374,Bob Clegg for Executive Council,Periklis None Karoutas,≤100
7630216751,DoSomething.org,DOSOMETHING.ORG,≤100
280704452367167,Jason Crow,JASON CROW FOR CONGRESS,≤100
173837496125511,Conscious Step,Conscious Step,≤100
2068988876444634,Stand Up for Accurate Prenatal Answers,STAND UP FOR ACCURATE PRENATAL ANSWERS INC,≤100
137459917707,The Brookings Institution,The Brookings Institution,≤100
304058913005378,Senior and Disabled Concerns,Senior & Disabled Concerns,≤100
260713150211,Protect Our Winters,Protect Our Winters,≤100
6500552187,Hulu,"HULU, LLC",≤100
236369846383459,Congressional Black Caucus PAC,Congressional Black Caucus PAC,≤100
262577294462322,Kettle Freaks,Kettle Freaks LLC.,≤100
132492254050920,American AF,AAF Nation,≤100
465483726908192,iVote,IVote Civic Education Fund,≤100
209516845093,NRDC Action Fund,NRDC Action Fund,≤100
1439829396312534,The Movement for Black Lives,Movement for Black Lives,≤100
241672016328637,Lauren Underwood for Congress,LAUREN UNDERWOOD FOR CONGRESS,≤100
143089732792,Marsha Blackburn,Marsha for Senate,≤100
10150100007820094,Wendy Davis,WENDY DAVIS FOR CONGRESS,≤100
27544763621,Prison Fellowship,Prison Fellowship,≤100
17203056985,Partners In Health,Partners In Health,≤100
106411444514775,Unity in Support,Jae W Seo,≤100
578141822852455,Bob Healey for Merrimack State Representative,Robert V Healey,≤100
102592959026,Ocean Conservancy,"OCEAN CONSERVANCY, INC.",≤100
104934207736995,Paycheck to Paycheck,Center for American Progress Action Fund,≤100
293225127381200,Patriot Depot,The Patriot Depot,≤100
114137307071679,31 October,Quyen Sanh Gip,≤100
120448873031387,Our United Family,Daniel Wang,≤100
2256321067930356,Liberteeclub,libertyteeshop,≤100
206677396413254,Abortion On Our Own Terms,Abortion On Our Own Terms,≤100
108668687540802,Mark Brave for Sheriff,Mark A Brave,≤100
105084617912738,PatriotQuizzes,patriotquizzes.com,≤100
1010143499143169,Medicare Savings,"Mayo Labs, LLC",≤100
105246547735959,North Star Values,Senate Victory Fund,≤100
107407264392036,Glenn Bailey,Glenn Bailey,≤100
241152813294252,Cody Belanger for State Representative,Friends of Cody Belanger,≤100
1456310534453054,Veteran Loans Online,"LMB OpCo, LLC",≤100
149081336362,AmeriCorps VISTA,Corporation for National and Community Service,≤100
780941275347834,Ilhan Omar,ILHAN FOR CONGRESS,≤100
605168822998856,314 Action,314 ACTION FUND,≤100
169710960125365,Curzio Research,Curzio Research Inc.,≤100
111324359048459,Dr. Roger Marshall,KANSANS FOR MARSHALL,≤100
181183059253295,Dorsal Bracelets,Dorsal Bracelets,≤100
100473565062698,Natalie Quevedo for Winchester,Natalie Quevedo for State Representative Cheshire 13,≤100
405355946226766,Todd Young,"FRIENDS OF TODD YOUNG, INC.",≤100
52563647525,Kyrsten Sinema,SINEMA FOR ARIZONA,≤100
592707041080920,Stand Together,Stand Together Chamber of Commerce Inc.,≤100
352527958302,Israel on Campus Coalition,Israel on Campus Coalition,≤100
1530883997194411,United States Constitution,Flag and Cross,≤100
17911165812,Covenant House International,Covenant House,≤100
911828698840246,ReLEntless Defender Apparel,ReLEntless Defender Apparel,≤100
21559454473,FAIR,FEDERATION FOR AMERICAN IMMIGRATION REFORM,≤100
260933440643373,UltraViolet,UltraViolet Action,≤100
420785874975425,Conservative Institute,The Conservative Institute,≤100
117437204982602,American Wild Horse Campaign,American Wild Horse Campaign,≤100
1048486145183452,We Testify,We Testify,≤100
284946111858895,Debbie Mucarsel-Powell,DEBBIE FOR CONGRESS,≤100
10498053716,Media Research Center,MEDIA RESEARCH CENTER,≤100
1447107085315067,Kevin Scully - State Representative Candidate - Ward 6 Nashua NH,Kevin Scully for New Hampshire,≤100
139599847972,National Nurses United,National Nurses United,≤100
1690071827911682,Cleancult,cleancult,≤100
1917715138510680,Follow Your Legend,Legend Bracelet,≤100
103023217770606,Emmett Soldati for NH,These ads ran without a disclaimer,≤100
176466646087311,DC Fawcett,VREIC,≤100
1912068369010321,Ken Gilchrest - Make Plainfield Great Again,Kenneth A Gilchrest,≤100
872842866161157,One Nation Design,One Nation Design,≤100
106923357749661,Chris Collins for N.H. State Rep,Chris Collins for NH State Rep,≤100
152264148166020,Moms Clean Air Force,Moms Clean Air Force,≤100
1883837055193241,Shield Republic,Shield Republic,≤100
176466646087311,DC Fawcett,Donald Chappell Fawcett,≤100
316868062481543,Joel Prescott. NH State Rep.- District 10,Joel C Prescott,≤100
1449461518652183,4Patriots,4Patriots LLC,≤100
94047978366,PCCC - BoldProgressives.org,PROGRESSIVE CHANGE CAMPAIGN COMMITTEE,≤100
110439270638992,NE1else,Time Management LLc,≤100
788394134539871,USPS Business,United States Postal Service,≤100
58736997707,Marco Rubio,Marco Rubio for Senate,≤100
29770886815,Marijuana Policy Project,Marijuana Policy Project,≤100
6713653788,Gary Peters,PETERS FOR MICHIGAN,≤100
85273022315,NAMI,NAMI,≤100
176099072429809,Oceana in Florida,OCEANA,≤100
1668350569891953,Rainbow Movement,William James Ulrich,≤100
142474049098533,Robert Reich,Inequality Media Civic Action,≤100
894096170667732,Ashley Hinson,Ashley Hinson For Congress,≤100
34362997676,United States Holocaust Memorial Museum,UNITED STATES HOLOCAUST MEMORIAL MUSEUM,≤100
6787988478,Physicians for Human Rights,"PHYSICIANS FOR HUMAN RIGHTS, INC.",≤100
105943157686335,Trust Michigan Families,TRUST MICHIGAN FAMILIES,≤100
83290028957,Care Net,CARE NET,≤100
643463669628493,Public Opinion Research Group,"Public Opinion Research Group, Inc",≤100
129255907131113,NumbersUSA,NUMBERSUSA EDUCATION AND RESEARCH FOUNDATION,≤100
1551109418518461,The Honest Patriot,Amundson Media LLC,≤100
263891677826490,Earthsider,Ryan James Martin,≤100
104910457974220,Pupper Enthusiasts Unlimited,Seanross Michael Holcomb,≤100
30079936984,CWS,"CHURCH WORLD SERVICE, INC.",≤100
206202032757114,Nature and Culture International,NATURE AND CULTURE INTERNATIONAL,≤100
210357995667559,The National Memo,The National Memo,≤100
106333028376,"Nichols Kaster, PLLP",Nichols Kaster PLLP,≤100
113238287134755,"American Target Advertising, Inc.",Marci Beth Troutman,≤100
156994304362574,American Bridge 21st Century,AB PAC,≤100
105557511245195,Allen Cook,Allen Cook for State Senate,≤100
6240652407,Young America's Foundation,YOUNG AMERICA'S FOUNDATION INC,≤100
106140571085743,Natalia For Congress,NATALIA LINOS FOR CONGRESS,≤100
162493793737,Rick Green,Richard Arlin Green,≤100
111428049989,Cal Cunningham,CAL FOR NC,≤100
96171427550,Raja for Congress,FRIENDS OF RAJA FOR CONGRESS,≤100
1204754733024419,People's Power Grab,ACRONYM,≤100
1194865807192273,Conservative Gear,Outergoods LLC,≤100
1675319662786649,Clare Gallagher,Protect Our Winters,≤100
153678684700451,American Investment Council,AMERICAN INVESTMENT COUNCIL,≤100
6041057841,The Humane Society of the United States,"HUMANE SOCIETY OF THE UNITED STATES, THE",≤100
143729616392084,Van Drew for Congress,Van Drew for Congress,≤100
103912504763714,Freedom and Loyalty,Carlos None Leon Trejo,≤100
131459315949,CBS News,These ads ran without a disclaimer,≤100
101475748209223,Vanna Howard for State Representative,Committee to Elect Vanna Howard,≤100
108551467486050,Itoroo,These ads ran without a disclaimer,≤100
38471053686,Elizabeth Warren,"WARREN DEMOCRATS, INC.",≤100
24481937944,Theodore Roosevelt Conservation Partnership,"THEODORE ROOSEVELT CONSERVATION PARTNERSHIP, INC",≤100
267180743723148,National Geographic Society,National Geographic Society,≤100
308159713150350,Voter Protection Project,VOTER PROTECTION PROJECT,≤100
1852520761657982,4ocean,4ocean,≤100
195530355493,Chicks On The Right,Chicks on the Right,≤100
108397184298930,Patriots Defend,Claire Wang,≤100
7292655492,MoveOn,MOVEON.ORG CIVIC ACTION,≤100
181924628560212,SumOfUs,SumOfUs,≤100
101052811536245,Riley Gordon,Riley Gordon Committee To Elect for State Representative,≤100
115364585711,Lawyers' Committee for Civil Rights Under Law,Lawyers' Committee for Civil Rights Under the Law with Facebook Ad Credits,≤100
110177119192569,Knightscope,William Li,≤100
51761261956,The Bill of Rights Institute,"BILL OF RIGHTS INSTITUTE, THE",≤100
1765073800454902,Reform Austin,Reform Austin Inc.,≤100
2309566456030859,Human Coalition Action,Human Coalition Action,≤100
83865976093,Truthout,TRUTHOUT,≤100
143089732792,Marsha Blackburn,Blackburn Tennessee Victory Fund,≤100
1658135304460341,MANG,MANG,≤100
655065784538368,PredictIt,"PredictIt - Prediction Markets. A project of Victoria University of Wellington, PredictIt has been established to facilitate research into the way markets forecast events.",≤100
357554791340788,Liker,Omar Rivero,≤100
104732736288252,Caroline Gleich,Protect Our Winters,≤100
1799282383731277,TwoSeventy,Alexander Jared Deutsch,≤100
316887658336677,My Control Card,"NETSPEND HOLDINGS, INC.",≤100
408250066356,Bill O'Reilly,"Bill Me, Inc.",≤100
50982313030,Food & Water Watch,Food & Water Watch,≤100
2040270322863853,Tina Smith,TINA SMITH FOR MINNESOTA,≤100
105803281168063,Niki Kelsey For NH State Rep,Niki Kelsey For NH State Rep,≤100
103129741415843,Brett Gagnon - Protecting New Hampshire,Brett Gagnon,≤100
711478725532801,Civiqs,Civiqs,≤100
404848430279720,John Schneller Bedford State Representative,John Schneller,≤100
113592197026234,Sarwark for the People,Sarwark for the People,≤100
281884085611820,Tedra Cobb,COMMITTEE TO ELECT TEDRA COBB,≤100
101690998009007,Improving Life Through Health,Nicolette Dalan,≤100
72931140459,Center for Biological Diversity,"CENTER FOR BIOLOGICAL DIVERSITY, INC.",≤100
307375481705,AARP Maine,AARP,≤100
67626834312,National Women's Law Center,National Women's Law Center,≤100
7341997111,Conservation International,Conservation International,≤100
100119981671668,Blue Senate,BLUE SENATE PAC,≤100
109320440856128,Together Beat Hate,"Foundation to Combat Anti-Semitism, Inc.",≤100
747783932079184,Jared Golden,COMMITTEE TO ELECT JARED GOLDEN,≤100
115379705206001,U.S. Department of Homeland Security Blue Campaign,DHS Blue Campaign,≤100
153278754738777,Climate Reality,The Climate Reality Project,≤100
131306317680000,Social Goods,"Social Goods, LLC",≤100
1859113087545137,Learn Everywhere,"yes. every kid, Inc.",≤100
19746387261,Humane Society International,Humane Society International,≤100
376776419037747,Turning Point USA,Turning Point USA,≤100
247432468622391,Washington State Democratic Party,WASHINGTON STATE DEMOCRATIC CENTRAL COMMITTEE,≤100
166618413413767,Jay Sekulow,American Center for Law and Justice,≤100
14413545701,Conservation Law Foundation,"CONSERVATION LAW FOUNDATION, INC.",≤100
108152933883451,TrumpTrendz,Troy Lorenzo Davis,≤100
129523843754764,Vote Smart,PROJECT VOTE SMART,≤100
680549575421741,UnitedVoice.com,"Beachside Media, Inc.",≤100
69983322463,Ted Cruz,TED CRUZ FOR SENATE,≤100
100719625004234,Home and Community,Cynthia Nguyen,≤100
42872222699,Dana Loesch,Dana Loesch Radio,≤100
1163921807008864,MINT & LILY,Mint&Lily,≤100
333710103706307,Giffords,GIFFORDS PAC,≤100
42002969352,Center on Budget and Policy Priorities,Center on Budget and Policy Priorities,≤100
1014486318584089,Armed American Supply,Armed American Supply,≤100
1628679613829742,Josh Hicks,Josh Hicks for Congress,≤100
105010030848236,Bryant Cameron Webb,DR. CAMERON WEBB FOR CONGRESS,≤100
110018833813683,Flip the Senate,SMP,≤100
1099478666810053,Meals For Pets,Meals for Pets,≤100
108070667602198,Rosemary Russell for NH State Representative,Friends of Rosemary Russell,≤100
44340057816,Uncommon Goods,UncommonGoods,≤100
142474049098533,Robert Reich,Inequality Media,≤100
174754989846475,NewDem Action Fund,New Democrat Coalition Action Fund,≤100
21834534343,Volunteers of America,"VOLUNTEERS OF AMERICA, INC.",≤100
361379030380,Centennial Institute,Centennial Institute,≤100
101136147910784,Represent Justice,Represent Justice,≤100
13187955196,Young Americans for Liberty,Young Americans for Liberty,≤100
360303722260,Kathleen Williams,KATHLEEN WILLIAMS FOR MONTANA,≤100
105428794198107,Dale Crafts,Dale Crafts for Congress,≤100
291102898490822,Giant Maga Hat,Inventors club LLC,≤100
2075884415961587,Rep. Jerry M. Stringham,Jerry M. Stringham,≤100
303061950155375,John James,"JOHN JAMES FOR SENATE, INC.",≤100
369325156488153,Ubuntu Life,Ubuntu Life,≤100
819607471729183,Dr. Al Gross for US Senate,DR. AL GROSS FOR U.S. SENATE,≤100
19554217292,American Heart Association: You're the Cure,American Heart Association,≤100
142370046577999,Shahid Buttar for Congress,Shahid Buttar for Congress Committee,≤100
248181906078243,National Institute for Civil Discourse,CommonSense American,≤100
101591551371555,Fire Mitch. Save America.,SAVE AMERICA FUND,≤100
648335462024721,Haley Stevens,HALEY STEVENS FOR CONGRESS,≤100
309798029121030,Everytown for Gun Safety,EVERYTOWN FOR GUN SAFETY VICTORY FUND,≤100
186932688457686,CHNGE,CHNGE,≤100
1575347412785991,Cheddar,Cheddar,≤100
107424894413326,Tio Bernie Book,Tio Bernie Book,≤100
134452023239984,Human Coalition,Human Coalition,≤100
1268410219898273,Tango Tango,Tango Tango Inc,≤100
103644036958,United Association,United Association Political Education Committee,≤100
317284821682168,Messianic Jewish Alliance of America (MJAA),Messianic Jewish Alliance of America,≤100
219247332354785,Phil Arballo for Congress,ARBALLO FOR CONGRESS,≤100
111023584012681,Open Road Homeward,Samantha Lyn Weldon,≤100
53541257714,The Arc of the United States,The Arc with Facebook Ad Credits,≤100
1084856268238034,Trump Talking,Roberto None Lugo,≤100
611111826212672,Be A Patriot,William Mckinley Kremer,≤100
322044193958,Mike Turner for Congress,Citizens for Turner,≤100
169597416843751,Stand Up America,Stand Up America,≤100
331037760381749,Sierra Magazine,SIERRA CLUB,≤100
135298176481584,Marine Corps Scholarship Foundation,Marine Corps Scholarship Foundation,≤100
210277954204,The Young Turks,"The Young Turks, Inc.",≤100
108281434237351,UBS Financial Services Inc.,UBS Financial Services,≤100
112600915451330,No Labels,No Labels,≤100
278487153675,Redneck Nation Clothing,Tracie Milliron Gold,≤100
105536127617594,The American Digest,The American Digest,≤100
110849485902,United Way,United Way Worldwide with Facebook Ad Credits,≤100
213687698658,Americans for Prosperity Foundation,Americans for Prosperity Foundation,≤100
23790541544,Democrats,DCCC,≤100
26006662641,Arizona Democratic Party,Arizona Democratic Party,≤100
108492860869647,Marianela Rivera for State Representative - Committee to Elect,Jonathan Guzman,≤100
1354622541311687,Dr. Kim Schrier,DR KIM SCHRIER FOR CONGRESS,≤100
105835341175050,John Wall for NH State Representative from Wolfeboro,John Wall for Wolfeboro,≤100
101485931485408,UNITEDemocrats,UNITEDEMOCRATS PAC,≤100
277414242013,Joyce Elliott for Congress,JOYCE ELLIOTT FOR CONGRESS,≤100
15351475322,Cathy McMorris Rodgers,Cathy McMorris Rodgers for Congress,≤100
868259909915525,Susie Lee,Susie Lee for Congress,≤100
112488757165613,Blue Line Stockpile,Blueline Stockpile,≤100
581256405884164,John Graham for State Representative,John Graham for State Representative,≤100
169277310432049,"Texas Precision Optics, Inc.",Texas Precision Optics Inc,≤100
120846146252663,One More Thing,Story Network Foundation,≤100
2225580284361712,Tommy Tuberville,"TUBERVILLE FOR SENATE, INC.",≤100
120011306310420,Patriots Helping Others,Jae W Seo,≤100
41036437395,Macular Degeneration Research,"BRIGHTFOCUS FOUNDATION, INC. A/K/A BRIGHTFOCUS FOUNDATION",≤100
160513344045084,John Neely Kennedy,"John Kennedy for Us, Inc",≤100
226081851636303,Puppy Dogs & Ice Cream Books,These ads ran without a disclaimer,≤100
118502801658228,Young Kim,Young Kim for Congress,≤100
126694924050678,Xavier Becerra,Becerra for Attorney General 2022,≤100
114885646899438,Mr. 45th,Clush,≤100
142432192446984,David Horowitz Freedom Center,David Horowitz Freedom Center,≤100
19342050934,Leadership Institute,LEADERSHIP INSTITUTE INC,≤100
336470580233523,Pins and Aces Golf Co.,US Craft Brands LLC,≤100
375760676281438,Mermaid Straw,Mermaid Straw,≤100
79820371749,Ayanna Pressley,THE COMMITTEE TO ELECT AYANNA PRESSLEY,≤100
105967904480106,Ray S. Gilmore,Ray S Gilmore,≤100
108273884315449,Real American Patriot,Gold Sky Ventures LLC,≤100
111248197347176,Protect & Serve PAC,PROTECT AND SERVE PAC,≤100
2049170775107862,Resistance By Design,Resistance By Design,≤100
2046092952294722,Lucy McBath for Congress,FRIENDS OF LUCY MCBATH,≤100
109360297266116,Fearless Patriot,TERESA NONE OHARA-MARSH,≤100
577308239618384,Happy Patriots,Lambert Chan,≤100
114126890033652,Becky Whitley for NH Senate,Friends of Becky Whitley,≤100
141692255929599,Democratic Socialists of America,DEMOCRATIC SOCIALISTS OF AMERICA INC,≤100
106949844346620,Trumpian Republicans,Gregory Lawrence Burright,≤100
782093245218764,Qasim Rashid,RASHID FOR VA,≤100
1106859749348899,Brody Leven,Protect Our Winters,≤100
514167322309353,Dan Crenshaw,Dan Crenshaw for Congress,≤100
221401431386940,Pramila Jayapal,PRAMILA FOR CONGRESS,≤100
183424985463330,Joe Cunningham,JOE CUNNINGHAM FOR CONGRESS,≤100
34701792581,EWTN,Eternal Word Television Network,≤100
112735922758892,Charlie Kirk,Charlie Kirk,≤100
373814729643508,Let America Vote,LET AMERICA VOTE PAC,≤100
184731548554164,PL+US,Plus Fund: Paid Leave for the United States,≤100
219224241438635,Compassion & Choices,COMPASSION & CHOICES,≤100
429812024048177,Doug Jones for Senate,DOUG JONES FOR SENATE COMMITTEE,≤100
680894095682539,Cowboy Life,"Nine Ranch Enterprises, LLC",≤100
107618675933249,Coalition for Smarter Growth,the Coalition for Smarter Growth,≤100
6333396177,NewsBusters.org,MEDIA RESEARCH CENTER,≤100
112043050446693,Together for 2020,Left of Center PAC,≤100
100124595113383,Victor Ashe,"William F. Buckley, Jr. Program",≤100
105481140904672,Core Prestige,Core Prestige,≤100
1438808983108348,BOLD PAC,CHC BOLD PAC,≤100
653446288035243,Edward B. Goehring,Edward B. Goehring,≤100
475820496534374,Trend Droppers,These ads ran without a disclaimer,≤100
156919911022572,Steven Horsford,NEVADANS FOR STEVEN HORSFORD,≤100
1809715209318581,Marjorie Taylor Greene for Congress,GREENE FOR CONGRESS,≤100
660064074075637,Rabbi David-Seth Kirshner,Davidseth M Kirshner,≤100
101042758281184,Reading On the Right,Macmillan Publishing,≤100
119006106155684,PI Energy,Andrew P Chung,≤100
420424547981908,In Search of Liberty,Scott Dennis Welch,≤100
814260155318929,The Fairness Project,The Fairness Project,≤100
260366367717440,Committee to Protect Medicare,Committee to Protect Medicare,≤100
24470472733,The Trevor Project,The Trevor Project,≤100
210063369158387,DomesticShelters.org,Theresa's Fund,≤100
107439427661844,Accountable Tech,Accountable Tech,≤100
232201568659,Pacific Justice Institute,PACIFIC JUSTICE INSTITUTE,≤100
111499100431,National Association for Gun Rights,NATIONAL ASSOCIATION FOR GUN RIGHTS INC,≤100
69039563201,Open Doors USA,"OPEN DOORS WITH BROTHER ANDREW, INC.",≤100
114386721939978,The Made in America Store,Made In America Store,≤100
607626319739286,Black Voices for Trump,TRUMP MAKE AMERICA GREAT AGAIN COMMITTEE,≤100
105882964535390,Cats Against Trump,Cats Against Trump,≤100
48530203934,The American Alpine Club,"AMERICAN ALPINE CLUB, THE",≤100
216311481960,Bill Gates,Bill Gates,≤100
108748174204723,Melissa Blasek for N.H. State Representative,Melissa B Blasek,≤100
13867925345,Equality Florida,Equality Florida,≤100
153592951409664,Sanford GOP,Sanford Republican Committee,≤100
63059760237,Learning A-Z,These ads ran without a disclaimer,≤100
53674651369,Susan B. Anthony List,Susan B. Anthony List,≤100
253791814655400,Doug Collins,"COLLINS FOR SENATE, INC.",≤100
112333396969405,Jim Bognet,Bognet for Congress,≤100
201248453800242,My Pay My Say,Mackinac Center for Public Policy,≤100
1476342155924546,Big Rig Threads,Big Rig T-Shirts and Decals LLC,≤100
112552187080266,Protecting Every Future,American Council of Life Insurers,≤100
315151565831,Ascension,Ascension Press,≤100
106890801114065,Right Wing Maga,Right Wing Maga,≤100
6851405967,CREDO Mobile,"CREDO MOBILE, INC.",≤100
103462479704439,Bedford Republican Committee Bedford NH,Bedford Republican Committee,≤100
327202261326682,Stephanie Bice,Bice for Congress,≤100
451224838781405,Patriot Baby,Eric Todd Hunter,≤100
1086042774800835,Cumberland County Soil & Water Conservation District,Cumberland County Soil & Water Conservation District,≤100
120085718005638,American Prairie Reserve,American Prairie Reserve,≤100
111892670610842,Political AF,wowengraving,≤100
151525932186806,When Democrats Turn Out,WHEN DEMOCRATS TURN OUT PAC,≤100
107665644228467,Conservative Journal Review,Conservative Journal Review LLC,≤100
32582320449,CMMB,CATHOLIC MEDICAL MISSION BOARD INC,≤100
341513602902369,CALL TO ACTIVISM,CALL TO ACTIVISM,≤100
107398241021186,The John Lewis Bridge Project,John Lewis Bridge Project,≤100
1977738355807406,Sharice For Congress,SHARICE FOR CONGRESS,≤100
563679263677354,Greats Brand,These ads ran without a disclaimer,≤100
556344894736772,"New England, New Energy",Resource Media,≤100
299907453682524,American Legacy Center,American Legacy Center,≤100
113173667121573,BLM Society,BLM Society,≤100
661744180680367,National Police Association,"NATIONAL POLICE ASSOCIATION, INC.",≤100
179909895355213,AIDS United,AIDS UNITED,≤100
1439364926329185,Animal Matters,Animal Matters,≤100
103046977892124,Adam Christensen For Congress,ADAM J CHRISTENSEN FOR CONGRESS,≤100
109966290494892,Wagoner Law Firm,Nicholas Jordan Wagoner,≤100
113553048669158,Rick Scott,TEAM RICK SCOTT,≤100
1632568446971453,Boredwalk,Boredwalk,≤100
111036740654773,ToddCella2020,American Party 2020,≤100
112164673854264,Living Patriotically,Living Patriotically,≤100
1228396643984955,Michelle Steel,Michelle Steel for Congress,≤100
861706743991799,Carolyn Bourdeaux for Congress,CAROLYN FOR CONGRESS,≤100
104084298079050,United Liberty,Carlos None Leon Trejo,≤100
1789651861157958,Values To Action,Values to Action,≤100
101949754750112,Redashell,Red As Hell,≤100
90022052772,Williams,"WILLIAMS COMPANIES, INC., THE",≤100
1526736227567131,TrueCoverage,True Coverage,≤100
2339203789732156,Kim Mangone for Congress,COMMITTEE TO ELECT KIM MANGONE FOR CONGRESS,≤100
7735858972,Humane Society Legislative Fund,Humane Society Legislative Fund,≤100
1681120172099567,Libertarian Candidates,Ryan Allen Raymond,≤100
325578590837480,Protect Our Care,Sixteen Thirty Fund,≤100
80060992758,Center for Food Safety,"CENTER FOR FOOD SAFETY, THE",≤100
105433064492153,The Return 2020,The Return International,≤100
113893390401923,American Survival,Tein Yang Sun,≤100
497081420632330,Dr. Hiral Tipirneni,HIRAL FOR CONGRESS,≤100
706716899745696,Women for Trump,TRUMP MAKE AMERICA GREAT AGAIN COMMITTEE,≤100
180585928681390,The Dovetail Project,These ads ran without a disclaimer,≤100
245284549333866,ASMDSS,ASMDSS,≤100
7209432197,Chris Coons,CHRIS COONS FOR DELAWARE,≤100
355223168416491,Alex Morse for Congress,ALEX MORSE FOR CONGRESS,≤100
15503839732,Peter G. Peterson Foundation,Peter G. Peterson Foundation,≤100
111168783611294,Jesse Mermell for Congress,THE COMMITTEE TO ELECT JESSE MERMELL,≤100
592347634460462,Partnership for America's Health Care Future,Partnership for America's Health Care Future,≤100
103322921464230,Standing United,Tein Yang Sun,≤100
121626482110,Operation Smile,"OPERATION SMILE, INC.",≤100
116546288359245,Heritage Action for America,HERITAGE ACTION FOR AMERICA,≤100
113398717117686,Beach Dogs Ltd.,Christopher James Lamos,≤100
85945492130,EnergyBoom,Energy Boom,≤100
898651906923421,"Devils Music, Holy Rollers and Hillbillies: How America Gave Birth to Rock",James Cosby,≤100
106203264511020,Washington Changed Katko,DCCC,≤100
259212814698356,Democratic Majority for Israel,Democratic Majority for Israel,≤100
8501031021,VoteVets.org,VOTEVETS,≤100
46347342434,EMILY's List,EMILY'S LIST,≤100
53674651369,Susan B. Anthony List,Susan B. Anthony List Action PAC,≤100
112334757233941,Right to Telehealth,Jeremy Joseph Schaller,≤100
1424655311129385,Proud Pour,Proud Pour,≤100
105199626748,Massachusetts Republican Party,Massachusetts Republican Party,≤100
79125112926,Students for Life of America,"STUDENTS FOR LIFE OF AMERICA, INC.",≤100
151757038879920,Alyse Galvin for Congress 2020,ALYSE FOR ALASKA,≤100
971668776283950,PolicyEd,Hoover Institution,≤100
115700478533045,Progress North Carolina Action,Progress NC Action,≤100
449474941903579,Andrew Flowers for State Representative,Andrew Flowers for State Representative,≤100
149366465128820,Nicole Galloway,Nicole Galloway for Missouri,≤100
180060629247353,Elaine Luria for Congress,ELAINE FOR CONGRESS,≤100
100506848295759,Made to Fail,Made To Fail,≤100
113135913568107,Sayers for Kennebec County Sheriff 2020,Michael Joseph Sayers,≤100
53727956260,Republican Jewish Coalition,Republican Jewish Coalition,≤100
615854911830541,Shore Buddies,Shore Buddies,≤100
110010433804232,Falkirk Center,Falkirk Center,≤100
70531357576,Freedom Forum,"FREEDOM FORUM INC, THE",≤100
109709397469494,Dignity Unbound,Dignity Unbound,≤100
110828620426941,Roger Polack for Congress,ROGER FOR WISCONSIN,≤100
1234251319933440,Exclusive Apparel,The Dude's Threads,≤100
105835711208027,The Progressive List,THE PROGRESSIVE LIST,≤100
1653251174924652,Fuzzu,Fuzzu,≤100
190987118163092,Connected Clothing Company,Connected Clothing Company,≤100
103531607822207,Noticias para Inmigrantes,"Wise Rock Media, PBC",≤100
169440273093442,The Center for Election Science,The Center for Election Science,≤100
802271849850801,Freedom for All Americans,Freedom for All Americans,≤100
9739634228,The Political Machine,"Hitcents.com, Inc",≤100
78420171887,Sailors for the Sea,SAILORS FOR THE SEAINC,≤100
173470656019870,The Daily Yonder,Great Stories LLC,≤100
700941689954518,Defend Our Future,Defend Our Future,≤100
101888608186192,MedicalCommunitynet,Medical Community LLC,≤100
259212814698356,Democratic Majority for Israel,DMFI PAC,≤100
1925751504337881,MJ Hegar,MJ FOR TEXAS,≤100
101724361319410,Ronny Jackson for U.S. Congress TX-13,Texans for Ronny Jackson,≤100
211049239087028,Association of Young Americans,Benjamin J Brown,≤100
394817334402124,2020 Trump Bill,Innovative Ecomm LLC,≤100
384557995468219,Viral Casez,Viral Casez,≤100
1667892193505378,Hold the House,HOLD THE HOUSE PAC,≤100
628891490457484,Nancy Mace,Nancy Mace for Congress,≤100
153080620724,Donald J. Trump,"DONALD J. TRUMP FOR PRESIDENT, INC.",≤100
243947752771440,TJ Cox for Congress,TJ COX FOR CONGRESS,≤100
167968013767335,Julie Oliver,JULIE OLIVER FOR CONGRESS,≤100
1708467695859543,Veteran Transition Mission,Sonia Ivelisse Barriera Ayala,≤100
2259323457517498,Abolish the Electoral College,ABOLISH THE ELECTORAL COLLEGE,≤100
104260608058844,Awesome Survival Guides,Kirsten May Siosan Andrade,≤100
128167457221813,Public Transportation,Voices for Public Transit,≤100
20876805343,March of Dimes,MARCH OF DIMES INC.,≤100
189136045151081,Face the Music,Face The Music Collective,≤100
12683623041,Society for Human Resource Management (SHRM),SOCIETY FOR HUMAN RESOURCE MANAGEMENT,≤100
102315041409283,Horses in our Hands,In our Hands Action Fund,≤100
627211184587103,Forever Patriot,Harrison T Chung,≤100
1832744013698336,Mahogany Mommies,Mahogany Mommies,≤100
108862184052039,ROMTech,"ROM Technologies, Inc.",≤100
1640970822834351,Plaine Products,Plaine Products,≤100
25121889784,Texas Public Policy Foundation,Texas Public Policy Foundation,≤100
30914589895,The International Fellowship of Christians and Jews,"INTERNATIONAL FELLOWSHIP OF CHRISTIANS & JEWS, INC.",≤100
20531316728,Facebook App,These ads ran without a disclaimer,≤100
107654244332660,Back BLM,Back BLM,≤100
103834811386284,Red Elephant Apparel,DESTROYER PROMOTIONAL PRODUCTS LLC,≤100
41309865723,Democrats.com,DEMOCRATS.COM,≤100
130848666099,Business Forward,Business Forward Inc.,≤100
17475614410,Hispanic Federation,Paid for by Hispanic Federation with Facebook Ad Credits,≤100
7100914121,American Experience | PBS,WGBH EDUCATIONAL FOUNDATION,≤100
105707511217866,Communities Joining Hands,Elena Zhan,≤100
417712255663393,Equality Can't Wait,Equality Can't Wait,≤100
166738743732702,All Above All Action,All Above All Action Fund,≤100
179145905973075,Sophie Ratner Jewelry,Sophie Ratner Jewelry,≤100
399067003454888,Sudan Relief Fund,Sudan Relief Fund Inc,≤100
111892670610842,Political AF,Quyen Sanh Gip,≤100
102478528086004,Reading On the Left,St. Martin's Press,≤100
123624513983,The Western Journal,The Western Journal,≤100
1545826148838592,Trump 2020,Gregory Lawrence Burright,≤100
289213691238937,Thrasher Coffee,Thrasher Coffee Co.,≤100
216709768355686,Dinesh D'Souza,America2020 Film LLC,≤100
514167322309353,Dan Crenshaw,Crenshaw For Congress,≤100
537534316395916,Students for Trump,Turning Point Action,≤100
1612726335627171,We the Internet TV,We the Internet TV,≤100
357750373755,National Domestic Workers Alliance,National Domestic Workers Alliance,≤100
106954147689215,Just the Truth,JUST THE TRUTH POLITICAL ACTION COMMITTEE,≤100
116238930177726,Artsiful,Brad Aaron Shaw,≤100
502320477205654,I’m Bout Making My Ancestors Proud,Heritage Hill LLC,≤100
278703415666824,Jeremy Jones,Protect Our Winters,≤100
103026384819654,How to Vote,ACRONYM,≤100
1819658374974706,Arena,Arena PAC,≤100
108650400954148,Stopping Socialism TV,The Heartland Institute,≤100
2146201085498440,Tony Gonzales,Tony Gonzales for Congress,≤100
303374266418976,AFPM,American Fuel & Petrochemical Manufacturers,≤100
102527004893192,The National Standard,Howard Stephan Barbanel,≤100
1393911800825140,OZY,OZY Media Inc,≤100
166495790533335,American Population Panel,CHRR,≤100
38897314734,The Trust for Public Land,"TRUST FOR PUBLIC LAND, THE",≤100
106524727819174,True Patriot Supply Co.,True Patriot Supply Co,≤100
170591064699,Southern Poverty Law Center,"SOUTHERN POVERTY LAW CENTER, INC., THE",≤100
114893233534632,Taking Back America,Apse Media LLC,≤100
1053833861326820,John Burke,Presidential Playbook,≤100
217976018236954,OutKick,Outkick Media LLC,≤100
105561217523274,The_Dispatch,"Dispatch Media, Inc.",≤100
292351509697,Jerusalem Prayer Team,Jerusalem Prayer Team,≤100
141269525933538,Democrats for Education Reform,Education Reform Now Advocacy Inc.,≤100
195620754724,Helping Hand USA,HELPING HAND FOR RELIEF AND DEVELOPMENT INC.,≤100
198559607605482,Gunnigle 2020,Gunnigle 2020,≤100
231354176962252,Social Work Helper,"Social Work Helper, PBC",≤100
123963360928,SiriusXM,SIRIUS XM RADIO INC.,≤100
7642602143,Mother Jones,FOUNDATION FOR NATIONAL PROGRESS,≤100
614134231980299,Veterans Empowered To Protect African Wildlife,VETPAW INC,≤100
127216280686110,Ann Wagner,Ann Wagner for Congress,≤100
192771954102960,Jordan Sekulow,American Center for Law and Justice,≤100
51379424899,Mercy Ships,MERCY SHIPS INTERNATIONAL,≤100
531623043662146,Flags of Valor,Flags of Valor,≤100
237477017606,Club for Growth,Club for Growth,≤100
21395843375,Dialysis Patient Citizens,DIALYSIS PATIENT CITIZENS INC,≤100
105455840860559,EagleRealm LLC,Eagle Realm,≤100
249716212080256,Jim Clyburn,FRIENDS OF JIM CLYBURN,≤100
193246844702687,Defending Democracy Together,Defending Democracy Together,≤100
104881317722736,Get-It-Out,Matthew Justin Viles,≤100
109678580574253,Politicool Clothing Co.,PolitiCoolClothing.com,≤100
100846774982239,Protect Our Police PAC,Protect Our Police PAC,≤100
205395906412,UAW International Union,"INTERNATIONAL UNION, UNITED AUTOMOBILE, AEROSPACE AND AGRICULTURAL IMPLEMENT WORKERS OF AM",≤100
873550809444862,Mighty Earth,Mighty Earth,≤100
100102211766139,4 The Nation,These ads ran without a disclaimer,≤100
121067011091,Arab American Institute,Arab American Institute with Facebook Ad Credits,≤100
300992409852,Hoover Institution,Hoover Institution,≤100
317894938412949,Suntory,Suntory Holdings Limited,≤100
103325051070780,Green People of the Earth,Jawwad Asghar,≤100
35715544220,Stand.earth,STAND,≤100
896759427103774,Modern Medicaid Alliance,Modern Medicaid Alliance,≤100
113110137118723,Collectible Currency,Christopher Walter Adams,≤100
61265398450,AmeriCorps NCCC,Corporation for National and Community Service,≤100
234628203317767,Made for Freedom,Made for Freedom,≤100
114386721939978,The Made in America Store,Anthony Michael Falbo,≤100
172758932738142,PhRMA,PHARMACEUTICAL RESEARCH AND MANUFACTURERS OF AMERICA,≤100
104504438466,Federal Voting Assistance Program - FVAP,Federal Voting Assistance Program,≤100
113110137118723,Collectible Currency,Proud Patriots,≤100
18813753280,Human Rights Campaign,"HUMAN RIGHTS CAMPAIGN, INC.",≤100
103376804451432,Trending Politics,Making Web LLC,≤100
111597310595312,Enough Already 2020,Enough Already,≤100
101210588150219,Boy Scouts Abuse Claims,X Social Media LLC,≤100
1862142560544227,Green Estate Goods,Green Estate Goods LLC,≤100
251632675552663,Rigged: The Voter Suppression Playbook,American Issues Initiative,≤100
1013304945470529,My Pride Apparel,My Pride Apparel,≤100
7822408815,Jane Nelson,Friends of Senator Jane Nelson,≤100
202600839762879,I Am Pro-Life,Focus on the Family,≤100
192013990902459,Roy Cooper,Cooper For North Carolina,≤100
107847454354960,Weekly American Lifestyle,Steve San,≤100
1428283027462702,Restoration PAC,RESTORATION PAC,≤100
1295279420598401,Victoria Spartz,VICTORIA SPARTZ FOR CONGRESS,≤100
10760692978,World Hope International,World Hope International,≤100
315467021926595,Native Voice Network,"AMERICANS FOR INDIAN OPPORTUNITY, INC",≤100
1063260777120366,Care/of,These ads ran without a disclaimer,≤100
261663760956534,America First Policies,America First Policies Inc,≤100
101525774999212,BLM,Bryan Daley,≤100
12185972707,350.org,350.org,≤100
243399129090445,Christina Hale,HOOSIERS FOR HALE,≤100
1691667177798461,Brut,Brut,≤100
246846192720018,War On Our Future,The Years Project,≤100
103341131486608,Anti Racist Social,Salman Ahmed Elmi,≤100
1949440971937523,Maine Voter Info,MAINE DEMOCRATIC PARTY,≤100
111702860231554,Matt Lieberman,Matt Lieberman for Senate,≤100
101692531643025,Die Hard USA,Die Hard USA,≤100
1634651343331439,Project Wren,Landon Brand,≤100
242679302418244,Denison Forum,Denison Ministries,≤100
340153562850578,Tim Tebow,TIM TEBOW FOUNDATION,≤100
39432041915,Capital Research Center,CAPITAL RESEARCH CENTER INC,≤100
1065693703478217,Senator Lisa Keim,Committee to Elect Lisa Keim,≤100
156268994819596,Marc J. Bern & Partners LLP,Marc J. Bern & Partners LLP,≤100
518194348194441,RepresentUs,RepresentUs,≤100
70874333603,CatholicVote,CatholicVote,≤100
378762945521182,Leon H Rideout COOS County Register Of Deeds,Leon H Rideout,≤100
107953199261156,ifaw,"INTERNATIONAL FUND FOR ANIMAL WELFARE, INC.",≤100
1790149321287567,In The Know Reports,These ads ran without a disclaimer,≤100
830890360316751,Nick Hanauer,Civic Action,≤100
931907200310657,Patients Rising Now,Patients Rising Now Inc,≤100
159597424207730,David Perdue,PERDUE FOR SENATE,≤100
374869376253144,Dave Robertson for State Rep,David A Robertson,≤100
102579318191600,No Justice No Peace,NO JUSTICE NO PEACE PAC,≤100
178835922297833,American Clinical Laboratory Association,American Clinical Laboratory Association,≤100
114822686979118,Daily Saver,Smart Market Tips,≤100
21492729544,Catholic Relief Services,CATHOLIC RELIEF SERVICES - UNITED STATES CONFERENCE OF CATHOLIC BISHOPS,≤100
102756811269921,Fellow Americans,Fellow Americans,≤100
657343731290262,American Freedom Fighter,American Freedom Fighter,≤100
785936231584382,Paula Jean Swearengin,Paula Jean for West Virginia,≤100
110525690698759,Awesome Coffee Recipes,John Phillip Angelo Vergara,≤100
102825963097158,Every Child Matters,Every Child Matters Education Fund,≤100
72565633140,Soles4Souls,"SOLES4SOULS, INC.",≤100
1461100540775171,The Tuttle Twins,These ads ran without a disclaimer,≤100
467804929927622,Jason Smith,JASON SMITH FOR CONGRESS,≤100
374848446414965,Pollking,Benjamin Aaron Perlman,≤100
513695272011123,The Genesis Prize,GPF NA LLC,≤100
221890358218748,Til Valhalla Project,Til Valhalla Project,≤100
664770743730817,Dan Feehan for Congress,FRIENDS OF DAN FEEHAN,≤100
304062610300415,VozWire,Gregson E Mathe,≤100
868405419972384,The Outrage,The Outrage,≤100
6165653060,AFSCME,AMERICAN FEDERATION OF STATE COUNTY & MUNICIPAL EMPLOYEES,≤100
1747132688647028,Democratic Association of Secretaries of State,Democratic Association of Secretaries of State,≤100
255208337943901,Jobs Growth,"JOBS FREEDOM AND SECURITY PAC, Not authorized by any candidate or candidate’s committee.",≤100
551158678560402,Epimonia,Epimonia LLC,≤100
221690171353068,Jay Obernolte,Jay Obernolte for Congress,≤100
90498769709,Edenpure,EdenPURE®,≤100
75353945070,Boxed Water Is Better,Boxed Water Is Better,≤100
412739549455010,Karena Reiter,PrimaDonna Reeds,≤100
601472019907779,Latino Victory,Latino Victory,≤100
260366367717440,Committee to Protect Medicare,Committee to Protect Medicare PAC,≤100
818240858302275,Dan Lauzon for House of Representatives,Dan Lauzon for Maine,≤100
106402714456835,Trees 4 Australia,Trees4Australia,≤100
50576707351,Republican State Leadership Committee,Republican State Leadership Committee,≤100
794490553914304,Dr. Nina Ansary,"Revela Press, LLC",≤100
100131288480883,"Let Live, Let Liberty",Jae W Seo,≤100
988865517971648,Women's Vote 100,Women's Suffrage Centennial Commission,≤100
8446177150,Chosen People Ministries,CHOSEN PEOPLE MINISTRIES INC,≤100
100627914988162,Massachusetts Majority IE PAC,Massachusetts Majority IE PAC,≤100
109738020722308,"Brittney Joyce for NH State Representative, Grafton District 12",Brittney Joyce for NH,≤100
375301089246439,Thom Tillis,THOM TILLIS COMMITTEE,≤100
110858640414760,Re-Elect Hon. John A. Leavitt,John A Leavitt,≤100
103801844298982,Team Collins,COLLINS FOR SENATOR,≤100
108109934203874,Insta Shop Boutique,Insta Shop Boutique,≤100
40973310753,Pathfinder International,Pathfinder International,≤100
113351505349955,The Christian Broadcasting Network,The Christian Broadcasting Network Inc,≤100
110998592305221,Dr. Martens,Dr. Martens AirWair USA LLC,≤100
109916414010782,Jen Zinone for Congress,JEN ZINONE FOR CONGRESS,≤100
107489371065169,Ben Beaulieu for Merrimac Selectman,Ben Beaulieu for Merrimac Selectman,≤100
2477925168899669,The Renew Democracy Initiative,"The Renew Democracy Initiative, Inc",≤100
102413723172970,Nick Adams,Nick Adams,≤100
541807025833154,Malala Fund,Malala Fund,≤100
105157841248307,No Filter Politics,No Filter Politics,≤100
1311291038982513,2A Gear,Teecreations LLC,≤100
100318944827269,Amy Kennedy,AMY KENNEDY FOR CONGRESS,≤100
17023576156,The Leadership Conference on Civil and Human Rights,The Leadership Conference on Civil and Human Rights,≤100
1682876188698809,United for Respect,United for Respect,≤100
117641114435,First Aid Beauty,First Aid Beauty,≤100
5887538795,Education Week,Education Week,≤100
740266592735787,Free to Be Kids,Free To Be Kids,≤100
143173285763,Tenth Amendment Center,Tenth Amendment Center,≤100
106445167434779,Duty and Honor,Duty and Honor,≤100
656263988182462,Bill Hagerty,TEAM HAGERTY,≤100
309993142375589,Joe Kennedy III,KENNEDY FOR MASSACHUSETTS,≤100
338218229911752,Integrity First PAC,INTEGRITY FIRST PAC,≤100
106572950040377,Max Rose,MAX ROSE FOR CONGRESS,≤100
455147011996099,The Ann and Phelim Scoop,The Unreported Story Society,≤100
1709145412721991,The Center for Growth and Opportunity at Utah State University,The Center for Growth and Opportunity,≤100