﻿Page ID,Page Name,Disclaimer,Amount Spent (USD)
153080620724,Donald J. Trump,TRUMP MAKE AMERICA GREAT AGAIN COMMITTEE,4796
7860876103,Joe Biden,BIDEN VICTORY FUND,3556
1771156219840594,Team Trump,TRUMP MAKE AMERICA GREAT AGAIN COMMITTEE,2438
20531316728,Facebook App,"Facebook, Inc.",2325
1615018905412860,Progressive Turnout Project,PROGRESSIVE TURNOUT PROJECT,1806
925007000949719,ExxonMobil,Exxon Mobil Corporation,1408
1635441679872518,Kimberly Klacik,Kim Klacik for Congress,870
156968474833352,Stop Republicans,Stop Republicans,797
202626512363,U.S. Census Bureau,U.S. Census Bureau,653
108824017345866,Facebook,"Facebook, Inc.",562
100662881656261,DeBarba For State Rep,DeBarba For State Rep,500
96935476345,Democratic Governors Association (DGA),Democratic Governors Association,490
20787991568,Senate Democrats,DSCC,487
165987503528599,Lindsey Graham,"TEAM GRAHAM, INC.",462
127755494595870,Progressive Takeover,PROGRESSIVE TAKEOVER,413
103429127949372,CT Covid-19 Response,State of Connecticut,399
828902563856302,Chuck Schumer D-NY,FRIENDS OF SCHUMER,339
36160848633,PicturesOnGold.com,Daniel F Schifter,309
6726182861,Mike Pence,TRUMP MAKE AMERICA GREAT AGAIN COMMITTEE,287
101279451606075,Democratic Strategy Institute,Democratic Strategy Institute,286
328853823844484,Balance of Power,Balance of Power,281
644655489007210,The Solar Institute,The Solar Institute,272
9324910069,NRSC,NRSC,265
328072970642479,Jaime Harrison,JAIME HARRISON FOR US SENATE,265
105756057589080,The Lincoln Project,The Lincoln Project,264
747436915270894,Congressional Leadership Fund,CONGRESSIONAL LEADERSHIP FUND,210
25852730092,Care2,Care2 Inc,202
163148530407080,Captain Mark Kelly,MARK KELLY FOR SENATE,196
665345483483486,NRA - National Rifle Association of America,NATIONAL RIFLE ASSN OF AMERICA,195
14856729724,Gap,Gap Inc,185
1316372698453411,Alexandria Ocasio-Cortez,Alexandria Ocasio-Cortez for Congress,177
309308412520731,Sandy Hook Promise,Sandy Hook Promise,176
7976226799,The Daily Show,Comedy Central,171
7860876103,Joe Biden,BIDEN FOR PRESIDENT,169
228754857151053,House Majority PAC,House Majority PAC,168
791543660926838,"I'll go ahead and keep my guns, Thanks",2A4LIFE LLC,167
18982436812,ACLU,American Civil Liberties Union,153
2330577043935831,Sara Gideon,SARA GIDEON FOR MAINE,151
168051710543266,Lacy Johnson,Lacy Johnson for Congress,150
102563281572515,Keep America Great,RightWingGear.com,142
106244251043808,Reuse Plastics,"AMERICAN CHEMISTRY COUNCIL, INC.",137
57259033959,AARP,AARP,136
176789922364429,Steve Daines,STEVE DAINES FOR MONTANA,124
127225910653607,PragerU,PragerU,122
104856814505092,The Kids Guide,The Kids Guide,116
7292655492,MoveOn,MOVEON.ORG POLITICAL ACTION,113
96935476345,Democratic Governors Association (DGA),DEMOCRATIC ACTION,106
23875187730,Feeding America,Feeding America,105
934438026690635,YouGov,YOUGOV AMERICA INC.,104
203197030603239,8 Billion Trees,8 Billion Trees LLC,104
342294162453301,Planned Parenthood,Planned Parenthood Federation of America,103
602714436529710,End Citizens United,END CITIZENS UNITED,102
110734820461125,Cate Steel for State Rep,Catherine Steel for State Representative,≤100
2352630938293825,Mytacticalpromos,Entremax,≤100
830121337093232,National Democratic Training Committee,NATIONAL DEMOCRATIC TRAINING COMMITTEE PAC,≤100
102636861398852,John Shaban for State Rep,Shaban For State Rep,≤100
109593680378663,Brian Farnen for Fairfield,Farnen for Fairfield,≤100
2353537341582545,Proud Patriots,Proud Patriots,≤100
92925746942,Judicial Watch,Judicial Watch,≤100
21472760578,C-SPAN,C-SPAN,≤100
104614641200137,MeidasTouch,MEIDASTOUCH,≤100
114710126648118,Republican Dogs,Republican Dogs,≤100
19192438096,AAAS - The American Association for the Advancement of Science,American Association for the Advancement of Science,≤100
846042892195824,Re-Elect Senator George Logan,Re-elect Senator Logan,≤100
100289406783527,Dan Carter,Carter 2020,≤100
130564031656,AARP-CT,AARP,≤100
104861257866369,Paul Cicarella for State Senate-34th District,PaulChic2020,≤100
15188122178,The Hamilton Collection,The Hamilton Collection,≤100
8492293163,Environmental Defense Fund,Environmental Defense Fund,≤100
103597604713894,Team Trump Store,TRUMP MAKE AMERICA GREAT AGAIN COMMITTEE,≤100
158791100909689,Concerned Veterans for America,Concerned Veterans for America,≤100
5435784683,Greenpeace USA,"GREENPEACE, INC.",≤100
1061240530648502,Joe Collins,JOE COLLINS FOR CONGRESS,≤100
737686089933715,Conservative Collections,Mainline Media Group,≤100
100391581727524,Defeat By Tweet,DEFEAT BY TWEET,≤100
1847649088608941,Susan Chapman for State Senate,Susan Chapman for State Senate,≤100
1419388578092947,Anna Paulina Luna,ANNA PAULINA LUNA FOR CONGRESS,≤100
314499212242,Pfizer,Pfizer Inc.,≤100
18813753280,Human Rights Campaign,"HUMAN RIGHTS CAMPAIGN, INC",≤100
108794587327155,Good Programs 2020,Trevor Dale Seaks,≤100
1930610017167931,State Representative Joe Polletta,Polletta for Rep,≤100
167586229923327,World Food Program USA,World Food Program USA,≤100
1528980567353817,Love Has No Labels,Love Has No Labels with Facebook Ad Credits,≤100
405469100189512,Still My President - Donald Trump,Red State Politics LLC,≤100
278490715553293,Martha McSally,MCSALLY FOR SENATE INC,≤100
277005566267077,Blueland,Blueland,≤100
6204742571,Sierra Club,SIERRA CLUB,≤100
428808574377826,David X. Sullivan,SULLIVAN FOR CONGRESS,≤100
300879470268608,Connecticut HDCC,HMC,≤100
100137754724934,Trump 2020 Supporters,Proud Right Winger,≤100
197760674021143,Indivisible Guide,INDIVISIBLE ACTION,≤100
7263476274,Mercy Corps,Mercy Corps,≤100
117109506688860,Justin4all,"COMMITTEE TO ELECT JUSTIN PAGLINO FOR US CONGRESS, JUSTIN4ALL",≤100
102478061559294,Convention on Founding Principles,Convention on Founding Principles,≤100
2078647579047586,Project Pulso,Project Pulso,≤100
8325302025,Friends of the Earth U.S.,Friends of the Earth,≤100
884438908321976,Danbury Prospect Charter School,PROSPECT SCHOOLS INC,≤100
7483836629,Ancestry,Ancestry.com Operations Inc.,≤100
8934429638,Planned Parenthood Action,Planned Parenthood Action Fund,≤100
393932827634250,Dissent Pins,Common Practice,≤100
581303911959961,Connecticut State Department of Education,Nicole None Glorioso,≤100
569773883535039,SunLife Solar,SunLife LLC,≤100
1818137318253942,Martha Marx For CT,MARTHA 2020,≤100
15239367801,The Wilderness Society,"WILDERNESS SOCIETY, THE",≤100
106224464107240,Jo Jorgensen,Jo Jorgensen for President,≤100
107210084216238,Humanity Forward,Humanity Forward,≤100
7814597100,Jim Jordan for Congress,JIM JORDAN FOR CONGRESS,≤100
114969233564328,Lezlye Zupkus for the 89th District,Lezlye Zupkus for State Rep,≤100
107654924064350,Pat Timmons-Goodson,PATRICIA TIMMONS-GOODSON FOR CONGRESS,≤100
259130650776119,Mitch McConnell,MCCONNELL SENATE COMMITTEE,≤100
111393882812494,Amy McGrath,"AMY MCGRATH FOR SENATE, INC.",≤100
7833534974,Florida Democratic Party,Florida Democratic Party,≤100
100256754899828,Patriot's Cave,Patriots Cave,≤100
717115395103069,PrintedKicks,Printed Kicks,≤100
102244648206922,Riccio for Branford - Election to State Rep CT - 102,Riccio for Branford,≤100
85452072376,Newsmax,Newsmax Media,≤100
109092142462587,Adam Schiff,SCHIFF FOR CONGRESS,≤100
107451977452962,Steve Weir For CT,Steve Weir for CT,≤100
142992759853421,Be A Hero,BE A HERO PAC,≤100
109898994007423,Richie for Senate,Richie for State Senate,≤100
675471506247724,Adair for Congress,ADAIR FOR CONGRESS,≤100
140357056032320,NEA Today,National Education Association,≤100
1743330725953647,Fishbein for State Representative,Craig Fishbein for State Representative,≤100
355316521236121,John Cornyn,TEXANS FOR SENATOR JOHN CORNYN INC.,≤100
419237048158257,Susan Collins,COLLINS FOR SENATOR,≤100
296708523873754,Karla Dennis and Associates Inc.,"Karla Dennis & Associates, Inc",≤100
103730928025980,Safe and Sound In 2020,Kin Ngai Yeung,≤100
596556607135301,The Earthling Co.,The Earthling Co.,≤100
105577974544303,The USA Needs More Patriots,AmeriPolling,≤100
303167829786891,Ed Markey,THE MARKEY COMMITTEE,≤100
101127364972509,Dems For USA,Dems For USA,≤100
103036584847574,The Good Neighbor,Brandon Vu,≤100
159964696102,Kevin McCarthy,KEVIN MCCARTHY FOR CONGRESS,≤100
101690998009007,Improving Life Through Health,Nicolette Dalan,≤100
210333902420876,Sean Parnell,AMERICANS FOR PARNELL COMMITTEE,≤100
100722328329613,Every Single Vote,Every Single Vote,≤100
109379100777665,Patriotism Isn't Dead,Patriot Polling,≤100
105577974544303,The USA Needs More Patriots,Anthony Alexander Morales,≤100
1316372698453411,Alexandria Ocasio-Cortez,THE SQUAD VICTORY FUND,≤100
700806360047982,CFG Action,Club for Growth Action,≤100
834645469890446,Devin Nunes,DEVIN NUNES CAMPAIGN COMMITTEE,≤100
327837911149503,2A4Life,2A4LIFE LLC,≤100
493811210669780,Creative Action Network,Creative Action Network,≤100
110583747169789,Hoyt for Hamden,Hoyt for Hamden 2020. Alan Llewelyn treasurer. Approved by Kathy Hoyt,≤100
6596078916,Joe Courtney for Congress,COURTNEY FOR CONGRESS,≤100
309798029121030,Everytown for Gun Safety,Everytown for Gun Safety Action Fund Inc,≤100
10423517786,Harvard Business Review,HARVARD BUSINESS SCHOOL PUBLISHING CORPORATION,≤100
103911824657671,Health Insurance,Alexander Melen,≤100
105475300992784,Gary 2020,Gary 2020,≤100
101788168307680,Pause Politics,FreedomWorks Foundation,≤100
679171239164792,Supermajority,Supermajority,≤100
681745912255844,John Cummings for Congress,CUMMINGS FOR CONGRESS,≤100
586751814690068,Joni Ernst,Joni for Iowa,≤100
26414222930,"Community Health Center, Inc.",Gabrielle Marie Pantalena,≤100
213792049451918,Stand For America,Stand For America Inc,≤100
101977354876926,Christopher Bowen for the 105th District,Lower Naugatuck Valley Prosperity Committee,≤100
215199482635728,Alek Skarlatos,ALEK FOR OREGON,≤100
1336293769761923,Jon Ossoff,JON OSSOFF FOR SENATE,≤100
5720973755,Defenders of Wildlife,DEFENDERS OF WILDLIFE,≤100
27311599342,Preemptive Love,Preemptive Love Coalition,≤100
103929304678916,Voter Action Project,Integrity First Voter Action Project,≤100
322551718276442,Lemons Are Blue,Lockwell LLC,≤100
8047221596,Save the Children US,"SAVE THE CHILDREN FEDERATION, INC.",≤100
7962229886,Environmental Working Group,ENVIRONMENTAL WORKING GROUP,≤100
103185334702225,Stop Trump PAC,STOP 45 PAC,≤100
106663044307859,Mike Sievert,"T-MOBILE USA, INC.",≤100
598924810530984,Keeping America Great,FamTeeWorld,≤100
36474716066,Color Of Change,ColorofChange.org,≤100
219612384781411,Bloomberg Philanthropies,Bloomberg Philanthropies,≤100
51405613519,Focus on the Family,Focus on the Family,≤100
100728821544877,Ryan Fazio for State Senate,Fazio for Connecticut,≤100
45393753416,Alliance Defending Freedom,Alliance Defending Freedom,≤100
345378512258813,Elise Stefanik,ELISE FOR CONGRESS,≤100
113666459994300,Big Dan Rodimer for Congress,RODIMER FOR CONGRESS,≤100
1809078699219595,Fat Tire,"NEW BELGIUM BREWING COMPANY, INC.",≤100
24330467048,Americans for Prosperity,AMERICANS FOR PROSPERITY,≤100
433919203362871,Bird + Stone,BIRD & STONE INC,≤100
2037695643113766,Blexit,Blexit Foundation,≤100
1079789672084038,SimonBooks,Simon & Schuster,≤100
585942765164217,Elect Democratic Women,ELECT DEMOCRATIC WOMEN,≤100
2019228981443626,She the People,She The People,≤100
354831731593118,Fred Wilms 2020,Fred Wilms 2020,≤100
407664862957433,Ammar Campa-Najjar for Congress,AMMAR CAMPA-NAJJAR FOR CONGRESS,≤100
30866133883,Alaska Wilderness League,ALASKA WILDERNESS LEAGUE,≤100
38235851310,USA for UNHCR,UNITED STATES ASSOCIATION FOR UNHCR,≤100
109111900634787,Reverend Raphael Warnock,WARNOCK FOR GEORGIA,≤100
105732744375701,Steve Bullock,MONTANANS FOR BULLOCK,≤100
6756153498,Mike Bloomberg,Mike Bloomberg,≤100
481559282597914,TrumpersUnite,Respect The Look,≤100
130467958471,Jason Lewis,Jason Lewis for Senate,≤100
163965296965203,32BJ SEIU,LOCAL 32 BJ SEIU,≤100
228132537208218,Tammy Duckworth,TAMMY FOR ILLINOIS,≤100
30708742052,FCTRY,FCTRY,≤100
6231686654,Compassion International,"COMPASSION INTERNATIONAL, INCORPORATED",≤100
30139072158,CARE,CARE,≤100
35169196082,Project HOPE,"PROJECT HOPE-THE PEOPLE-TO-PEOPLE HEALTH FOUNDATION, INC.",≤100
97493741436,John W. Hickenlooper,HICKENLOOPER FOR COLORADO,≤100
5633824547,FreedomWorks,"FREEDOMWORKS, INC.",≤100
839110726214614,Realtors,NATIONAL ASSOCIATION OF REALTORS,≤100
587560171926370,Small Business Recovery Initiative,"Small Business Recovery Initiative, Inc",≤100
49651563727,Live Action,Live Action,≤100
100355778430951,By Our Own Bootstraps,Brandon Vu,≤100
604815952949093,Szynkowicz 2020,Szynkowicz 2020,≤100
101038674974780,Mary Fay 4 Congress,Mary Fay 4 Congress,≤100
193618220508,LIFE Today,LIFE Outreach International,≤100
103373224404755,Impact Slates,COLLECTIVE IMPACT PAC,≤100
6820348410,Kirsten Gillibrand,Off the Sidelines,≤100
356482637745012,Stansberry Research,Stansberry Research,≤100
1439829396312534,The Movement for Black Lives,Movement for Black Lives,≤100
46093654473,National Republican Congressional Committee,NRCC,≤100
102875587947942,Keep Trump In Office,Keep Trump In Office,≤100
10128918116,Gavin Newsom,NEWSOM FOR CALIFORNIA GOVERNOR 2022,≤100
115513153471625,Patrick Pentalow,Pentalow for Wethersfield,≤100
461204744067686,Family Protection Association,Family Protection Association,≤100
192015461630968,Supporting Our Brave Veterans,James Brian Plouf,≤100
605168822998856,314 Action,314 ACTION FUND,≤100
1136781033034012,Brave New Look,Brave New Look,≤100
143986912311328,University of Vermont Continuing and Distance Education,University of Vermont,≤100
6820348410,Kirsten Gillibrand,Gillibrand for Senate,≤100
103078951050057,Brian Marois for State Representative,Marois Is My Choice,≤100
15687409793,World Wildlife Fund,World Wildlife Fund,≤100
163302087408673,Stop The Donald,Stop the Donald,≤100
33110852384,Doctors Without Borders/Médecins Sans Frontières (MSF),Doctors Without Borders/Médecins Sans Frontières (MSF),≤100
176466646087311,DC Fawcett,VREIC,≤100
8524198486,Physicians Committee for Responsible Medicine,"PHYSICIANS COMMITTEE FOR RESPONSIBLE MEDICINE, INC.",≤100
112704783859268,Boy Scouts Abuse Claim Help,X Social Media LLC,≤100
280704452367167,Jason Crow,JASON CROW FOR CONGRESS,≤100
1338822066131069,Women's March,Women's March,≤100
443329669123990,USAFacts,USAFacts Institute,≤100
788394134539871,USPS Business,United States Postal Service,≤100
100233228182981,Madison Cawthorn for Congress,CAWTHORN FOR NC,≤100
108118933908193,Next Level Goods,Next Level Goods LLC,≤100
1055873511190792,Hello Resistance,Hello Resistance Apparel,≤100
21375324480,The Heritage Foundation,HERITAGE FOUNDATION (THE),≤100
139599847972,National Nurses United,National Nurses United,≤100
108220794333329,The Patriot Trust,Christopher Allen Supek,≤100
102592959026,Ocean Conservancy,"OCEAN CONSERVANCY, INC.",≤100
1600352356914768,PushBlack,PushBlack,≤100
100124595113383,Victor Ashe,"William F. Buckley, Jr. Program",≤100
18709174006,National Audubon Society,"NATIONAL AUDUBON SOCIETY, INC.",≤100
683872625157265,Theresa Greenfield,THERESA GREENFIELD FOR IOWA,≤100
388547605724,Richard Neal,RICHARD E NEAL FOR CONGRESS COMMITTEE,≤100
131306317680000,Social Goods,"Social Goods, LLC",≤100
6236054211,Brady,Brady Campaign to Prevent Gun Violence,≤100
101075798356272,ReOpen America Now,Command Center Holdings LLC,≤100
1836138529938551,Greater Half,Greater Half,≤100
1000253160054572,Cori Bush,CORI BUSH FOR CONGRESS,≤100
2012782102122157,The Mack Talks,Scott David Johnson,≤100
17475614410,Hispanic Federation,Paid for by Hispanic Federation with Facebook Ad Credits,≤100
305832706292882,American Gun Association,GunAssociation.org,≤100
342887442508723,Convention of States,Convention of States Action,≤100
209516845093,NRDC Action Fund,NRDC Action Fund,≤100
560140464159364,Stand for the 2nd Amendment,SFT2 Tactical Supply,≤100
894096170667732,Ashley Hinson,Ashley Hinson For Congress,≤100
496696933682736,Jeff Merkley,JEFF MERKLEY FOR OREGON,≤100
419992651425033,Guardianes del Pueblo-Consumer Law Group,Consumer Law Group,≤100
58736997707,Marco Rubio,Marco Rubio for Senate,≤100
16477459734,League of Conservation Voters,"LEAGUE OF CONSERVATION VOTERS, INC",≤100
2283535575207809,Ditch Mitch,DITCH FUND,≤100
427390334523492,Justin Anderson for Congress,JUSTIN ANDERSON FOR CONGRESS,≤100
72186095846,Center For American Progress Action Fund,Center for American Progress Action Fund,≤100
2185993931653388,The Recount,"Recount Media, Inc",≤100
629732217415068,Republican Party,Greater Half,≤100
101209614956892,Take A Stand,Andrew Joseph Young,≤100
350784278974539,Turning Point Action,Turning Point Action,≤100
110439270638992,NE1else,Time Management LLc,≤100
102617961152741,Barbara Bollier,BOLLIER FOR KANSAS,≤100
369325156488153,Ubuntu Life,Ubuntu Life,≤100
111023584012681,Open Road Homeward,Samantha Lyn Weldon,≤100
112420993589373,Young and Old for America,Andrew Joseph Young,≤100
115379705206001,U.S. Department of Homeland Security Blue Campaign,DHS Blue Campaign,≤100
21559454473,FAIR,FEDERATION FOR AMERICAN IMMIGRATION REFORM,≤100
101591551371555,Fire Mitch. Save America.,SAVE AMERICA FUND,≤100
780941275347834,Ilhan Omar,ILHAN FOR CONGRESS,≤100
2068988876444634,Stand Up for Accurate Prenatal Answers,STAND UP FOR ACCURATE PRENATAL ANSWERS INC,≤100
1204754733024419,People's Power Grab,ACRONYM,≤100
101481584557260,Help Asheville Bears-HAB,Heather Christina Williams,≤100
106323360959211,Patriots Republic,Matthew James Stine,≤100
1530883997194411,United States Constitution,Flag and Cross,≤100
257019421075897,Cory Gardner,Cory Gardner for Senate,≤100
2012750189007245,Liquid Death Mountain Water,Liquid Death,≤100
116222966843926,US Concealed,US Concealed,≤100
103315378108004,True Patriot Strength,LE-HUU DONG HUYNH,≤100
56680318666,Illinois Policy,Illinois Policy,≤100
11791104453,NRDC,Natural Resources Defense Council,≤100
206677396413254,Abortion On Our Own Terms,Abortion On Our Own Terms,≤100
169130743498585,Tactical Pro Supply,Chad Keller,≤100
8057376739,The Nature Conservancy,Nature Conservancy,≤100
331037760381749,Sierra Magazine,SIERRA CLUB,≤100
241672016328637,Lauren Underwood for Congress,LAUREN UNDERWOOD FOR CONGRESS,≤100
368516063671255,Paul Honig 2020,Honig 2020,≤100
105995741220700,Patriots United,Le Huu Dong Huynh,≤100
10150100007820094,Wendy Davis,WENDY DAVIS FOR CONGRESS,≤100
117144508670456,GUNVOTE,National Shooting Sports Foundation,≤100
352527958302,Israel on Campus Coalition,Israel on Campus Coalition,≤100
530604487365010,Old Glory Flagpole Kits,Service First,≤100
892673067526965,Project War Path,Project War Path,≤100
106667854471975,Outspoken,Log Cabin Republicans,≤100
593289284500311,Trump Rack,BOXD Marketing,≤100
143089732792,Marsha Blackburn,Blackburn Tennessee Victory Fund,≤100
183424985463330,Joe Cunningham,JOE CUNNINGHAM FOR CONGRESS,≤100
210357995667559,The National Memo,The National Memo,≤100
977704775606273,Balls Deep Tackle,Balls Deep Tackle,≤100
1449461518652183,4Patriots,4Patriots LLC,≤100
19342050934,Leadership Institute,LEADERSHIP INSTITUTE INC,≤100
1109093812491437,Blaze Media,Blaze Media LLC,≤100
113173667121573,BLM Society,BLM Society,≤100
104934207736995,Paycheck to Paycheck,Center for American Progress Action Fund,≤100
110849485902,United Way,United Way Worldwide with Facebook Ad Credits,≤100
156994304362574,American Bridge 21st Century,AB PAC,≤100
223008867858902,American Action News,American Action News,≤100
17203056985,Partners In Health,Partners In Health,≤100
281884085611820,Tedra Cobb,COMMITTEE TO ELECT TEDRA COBB,≤100
153678684700451,American Investment Council,AMERICAN INVESTMENT COUNCIL,≤100
2046092952294722,Lucy McBath for Congress,FRIENDS OF LUCY MCBATH,≤100
355223168416491,Alex Morse for Congress,ALEX MORSE FOR CONGRESS,≤100
105218397714263,Turner for Enfield,Turner for Enfield,≤100
149081336362,AmeriCorps VISTA,Corporation for National and Community Service,≤100
104113317870732,Free Markets Destroy,Washington Policy Center,≤100
1765073800454902,Reform Austin,Reform Austin Inc.,≤100
6500552187,Hulu,"HULU, LLC",≤100
296295018082,AARP en Español,AARP,≤100
316887658336677,My Control Card,"NETSPEND HOLDINGS, INC.",≤100
628891490457484,Nancy Mace,Nancy Mace for Congress,≤100
174417116551655,Robin Comey for State Rep 2020,Friends of Robin Comey,≤100
1010143499143169,Medicare Savings,"Mayo Labs, LLC",≤100
308159713150350,Voter Protection Project,VOTER PROTECTION PROJECT,≤100
592707041080920,Stand Together,Stand Together Chamber of Commerce Inc.,≤100
115364585711,Lawyers' Committee for Civil Rights Under Law,Lawyers' Committee for Civil Rights Under the Law with Facebook Ad Credits,≤100
243510442756370,Justice Democrats,JUSTICE DEMOCRATS PAC,≤100
1672061526405158,Holly Cheeseman,Cheeseman for the 37th,≤100
236369846383459,Congressional Black Caucus PAC,Congressional Black Caucus PAC,≤100
216245642301313,John-Michael Parker,Friends of John-Michael,≤100
1451954991724762,Steinberg for State Representative,Jonathan Steinberg for State Representative,≤100
132492254050920,American AF,AAF Nation,≤100
417712255663393,Equality Can't Wait,Equality Can't Wait,≤100
169294473121454,Policetees.com,PoliceTees.com,≤100
746938465317981,Nuclear Matters,Nuclear Matters,≤100
107589664099282,Stand Up To China,"Stand Up To China, Inc.",≤100
267180743723148,National Geographic Society,National Geographic Society,≤100
1013304945470529,My Pride Apparel,My Pride Apparel,≤100
7341997111,Conservation International,Conservation International,≤100
181183059253295,Dorsal Bracelets,Dorsal Bracelets,≤100
94047978366,PCCC - BoldProgressives.org,PROGRESSIVE CHANGE CAMPAIGN COMMITTEE,≤100
114230073701403,Jetbound Dogs,Miguel Agustin Turk,≤100
872842866161157,One Nation Design,One Nation Design,≤100
23790541544,Democrats,DCCC,≤100
102636677971854,Trump Is The Storm,Legendary Trump Coins,≤100
111324359048459,Dr. Roger Marshall,KANSANS FOR MARSHALL,≤100
112991460422488,Pam Salamone for State Representative,Committee to Elect Pam Salamone,≤100
420785874975425,Conservative Institute,The Conservative Institute,≤100
143089732792,Marsha Blackburn,Marsha for Senate,≤100
104004620940896,Hilary Ram,Hilary Holt Ram,≤100
176466646087311,DC Fawcett,Donald Chappell Fawcett,≤100
156268994819596,Marc J. Bern & Partners LLP,Marc J. Bern & Partners LLP,≤100
2256321067930356,Liberteeclub,libertyteeshop,≤100
316955281351,APWU - The American Postal Workers Union,AMERICAN POSTAL WORKERS UNION,≤100
1799282383731277,TwoSeventy,Alexander Jared Deutsch,≤100
6787988478,Physicians for Human Rights,"PHYSICIANS FOR HUMAN RIGHTS, INC.",≤100
262577294462322,Kettle Freaks,Kettle Freaks LLC.,≤100
105084617912738,PatriotQuizzes,patriotquizzes.com,≤100
284946111858895,Debbie Mucarsel-Powell,DEBBIE FOR CONGRESS,≤100
143729616392084,Van Drew for Congress,Van Drew for Congress,≤100
294508332028,Lakota People's Law Project,ROMERO INSTITUTE,≤100
137459917707,The Brookings Institution,The Brookings Institution,≤100
1663633860555352,Laura Devlin for State Representative,Laura Devlin for State Representative,≤100
27544763621,Prison Fellowship,Prison Fellowship,≤100
6713653788,Gary Peters,PETERS FOR MICHIGAN,≤100
108029674299216,We The People,We The People,≤100
153818201377620,Madison CT Democrats,Madison Democratic Town Committee,≤100
176099072429809,Oceana in Florida,OCEANA,≤100
1859113087545137,Learn Everywhere,"yes. every kid, Inc.",≤100
114137307071679,31 October,Quyen Sanh Gip,≤100
609022902623021,Senator Jim Welch,The Committee to Elect James T. Welch,≤100
178835922297833,American Clinical Laboratory Association,American Clinical Laboratory Association,≤100
1883837055193241,Shield Republic,Shield Republic,≤100
110746927192154,Lampert for CT,AUDREY MEYER-LAMPERT,≤100
15351475322,Cathy McMorris Rodgers,Cathy McMorris Rodgers for Congress,≤100
96171427550,Raja for Congress,FRIENDS OF RAJA FOR CONGRESS,≤100
102591491213285,Fred DeCaro III - Registrar of Voters,Fred D for ROV,≤100
53541257714,The Arc of the United States,The Arc with Facebook Ad Credits,≤100
953113491536337,Black to the Future Action Fund,Black to the Future Action Fund,≤100
102745147891580,Trump Coolers,Eric Clifford Juels,≤100
106658757783695,Hamzy for Probate Judge,Hamzy for Probate Judge,≤100
34362997676,United States Holocaust Memorial Museum,UNITED STATES HOLOCAUST MEMORIAL MUSEUM,≤100
50982313030,Food & Water Watch,Food & Water Watch,≤100
293225127381200,Patriot Depot,The Patriot Depot,≤100
103644036958,United Association,United Association Political Education Committee,≤100
911828698840246,ReLEntless Defender Apparel,ReLEntless Defender Apparel,≤100
42002969352,Center on Budget and Policy Priorities,Center on Budget and Policy Priorities,≤100
126066354160504,East Lyme Democrats,East Lyme Democratic Town Committee,≤100
1917715138510680,Follow Your Legend,Legend Bracelet,≤100
1668350569891953,Rainbow Movement,William James Ulrich,≤100
6240652407,Young America's Foundation,YOUNG AMERICA'S FOUNDATION INC,≤100
111428049989,Cal Cunningham,CAL FOR NC,≤100
643463669628493,Public Opinion Research Group,"Public Opinion Research Group, Inc",≤100
780993358738144,Jennifer Leeper,Jennifer Leeper 2020,≤100
120846146252663,One More Thing,Story Network Foundation,≤100
1852520761657982,4ocean,4ocean,≤100
126694924050678,Xavier Becerra,Becerra for Attorney General 2022,≤100
38471053686,Elizabeth Warren,"WARREN DEMOCRATS, INC.",≤100
152264148166020,Moms Clean Air Force,Moms Clean Air Force,≤100
20876805343,March of Dimes,MARCH OF DIMES INC.,≤100
429812024048177,Doug Jones for Senate,DOUG JONES FOR SENATE COMMITTEE,≤100
1456310534453054,Veteran Loans Online,"LMB OpCo, LLC",≤100
104910457974220,Pupper Enthusiasts Unlimited,Seanross Michael Holcomb,≤100
117437204982602,American Wild Horse Campaign,American Wild Horse Campaign,≤100
101525774999212,BLM,Bryan Daley,≤100
100119981671668,Blue Senate,BLUE SENATE PAC,≤100
52563647525,Kyrsten Sinema,SINEMA FOR ARIZONA,≤100
502320477205654,I’m Bout Making My Ancestors Proud,Heritage Hill LLC,≤100
173837496125511,Conscious Step,Conscious Step,≤100
219457576170706,Patriotic Volunteers,Harrison T Chung,≤100
106411444514775,Unity in Support,Jae W Seo,≤100
118502801658228,Young Kim,Young Kim for Congress,≤100
102137374563260,Confide in American Pride,John Allen Franson,≤100
656263988182462,Bill Hagerty,TEAM HAGERTY,≤100
206202032757114,Nature and Culture International,NATURE AND CULTURE INTERNATIONAL,≤100
30079936984,CWS,"CHURCH WORLD SERVICE, INC.",≤100
6041057841,The Humane Society of the United States,"HUMANE SOCIETY OF THE UNITED STATES, THE",≤100
1048486145183452,We Testify,We Testify,≤100
1658135304460341,MANG,MANG,≤100
465483726908192,iVote,IVote Civic Education Fund,≤100
105010030848236,Bryant Cameron Webb,DR. CAMERON WEBB FOR CONGRESS,≤100
109320440856128,Together Beat Hate,"Foundation to Combat Anti-Semitism, Inc.",≤100
530604487365010,Old Glory Flagpole Kits,Service First Flag Poles,≤100
83865976093,Truthout,TRUTHOUT,≤100
376776419037747,Turning Point USA,Turning Point USA,≤100
2309566456030859,Human Coalition Action,Human Coalition Action,≤100
260933440643373,UltraViolet,UltraViolet Action,≤100
108551467486050,Itoroo,These ads ran without a disclaimer,≤100
85273022315,NAMI,NAMI,≤100
44340057816,Uncommon Goods,UncommonGoods,≤100
110018833813683,Flip the Senate,SMP,≤100
174754989846475,NewDem Action Fund,New Democrat Coalition Action Fund,≤100
160513344045084,John Neely Kennedy,"John Kennedy for Us, Inc",≤100
2146201085498440,Tony Gonzales,Tony Gonzales for Congress,≤100
153278754738777,Climate Reality,The Climate Reality Project,≤100
180060629247353,Elaine Luria for Congress,ELAINE FOR CONGRESS,≤100
103903914570915,Pro2a,Delta Team Marketing,≤100
209046616332309,Xochitl for Congress,Xochitl for New Mexico,≤100
181924628560212,SumOfUs,SumOfUs,≤100
17911165812,Covenant House International,Covenant House,≤100
405355946226766,Todd Young,"FRIENDS OF TODD YOUNG, INC.",≤100
79820371749,Ayanna Pressley,THE COMMITTEE TO ELECT AYANNA PRESSLEY,≤100
1228396643984955,Michelle Steel,Michelle Steel for Congress,≤100
67626834312,National Women's Law Center,National Women's Law Center,≤100
120448873031387,Our United Family,Daniel Wang,≤100
357554791340788,Liker,Omar Rivero,≤100
129255907131113,NumbersUSA,NUMBERSUSA EDUCATION AND RESEARCH FOUNDATION,≤100
1575347412785991,Cheddar,Cheddar,≤100
408250066356,Bill O'Reilly,"Bill Me, Inc.",≤100
180585928681390,The Dovetail Project,These ads ran without a disclaimer,≤100
121067011091,Arab American Institute,Arab American Institute with Facebook Ad Credits,≤100
172758932738142,PhRMA,PHARMACEUTICAL RESEARCH AND MANUFACTURERS OF AMERICA,≤100
312106992422,State Senator Rob Sampson,Robert C Sampson,≤100
655065784538368,PredictIt,"PredictIt - Prediction Markets. A project of Victoria University of Wellington, PredictIt has been established to facilitate research into the way markets forecast events.",≤100
2225580284361712,Tommy Tuberville,"TUBERVILLE FOR SENATE, INC.",≤100
1084856268238034,Trump Talking,Roberto None Lugo,≤100
263891677826490,Earthsider,Ryan James Martin,≤100
227764782729,AMERICAN - STRONG!,American Strong LLC,≤100
303061950155375,John James,"JOHN JAMES FOR SENATE, INC.",≤100
221401431386940,Pramila Jayapal,PRAMILA FOR CONGRESS,≤100
1526736227567131,TrueCoverage,True Coverage,≤100
1235643176538340,State Senator Alex Kasser,Alex4CT,≤100
2049170775107862,Resistance By Design,Resistance By Design,≤100
19746387261,Humane Society International,Humane Society International,≤100
601472019907779,Latino Victory,Latino Victory,≤100
53727956260,Republican Jewish Coalition,Republican Jewish Coalition,≤100
10498053716,Media Research Center,MEDIA RESEARCH CENTER,≤100
273184802815820,Identidad Latina Multimedia,Jorge A Alatrista,≤100
306530733570183,cagg4council,Jeffrey J Caggiano,≤100
7292655492,MoveOn,MOVEON.ORG CIVIC ACTION,≤100
543055672532190,ConnecticutEast,Brian Scott-Smith - Broadcaster,≤100
7209432197,Chris Coons,CHRIS COONS FOR DELAWARE,≤100
6333396177,NewsBusters.org,MEDIA RESEARCH CENTER,≤100
300879470268608,Connecticut HDCC,CTMT,≤100
46347342434,EMILY's List,EMILY'S LIST,≤100
169597416843751,Stand Up America,Stand Up America,≤100
243947752771440,TJ Cox for Congress,TJ COX FOR CONGRESS,≤100
253791814655400,Doug Collins,"COLLINS FOR SENATE, INC.",≤100
782093245218764,Qasim Rashid,RASHID FOR VA,≤100
979720542211350,Humanize Being Black,Keyshun Quantarious Holmes,≤100
333710103706307,Giffords,GIFFORDS PAC,≤100
112600915451330,No Labels,No Labels,≤100
2275810462537522,The Elms Party,The Elms Party,≤100
100506848295759,Made to Fail,Made To Fail,≤100
1163921807008864,MINT & LILY,Mint&Lily,≤100
184731548554164,PL+US,Plus Fund: Paid Leave for the United States,≤100
51379424899,Mercy Ships,MERCY SHIPS INTERNATIONAL,≤100
1268410219898273,Tango Tango,Tango Tango Inc,≤100
295533050495998,Abogado de Inmigracion Jorge Rivera - Immigration Group LLC,Michael A Castillo,≤100
69983322463,Ted Cruz,TED CRUZ FOR SENATE,≤100
91346559231,Democratic Legislative Campaign Committee - DLCC,Democratic Legislative Campaign Committee,≤100
1690071827911682,Cleancult,cleancult,≤100
142474049098533,Robert Reich,Inequality Media,≤100
101769576791,Health Action Network,Health Action Network,≤100
1396826627092902,Sue Hatfield,Sue Hatfield,≤100
108273884315449,Real American Patriot,Gold Sky Ventures LLC,≤100
8550121410,Free Speech America Project,MEDIA RESEARCH CENTER,≤100
794490553914304,Dr. Nina Ansary,"Revela Press, LLC",≤100
103912504763714,Freedom and Loyalty,Carlos None Leon Trejo,≤100
1443127535947107,Save the Children Action Network,Save the Children Action Network,≤100
24481937944,Theodore Roosevelt Conservation Partnership,"THEODORE ROOSEVELT CONSERVATION PARTNERSHIP, INC",≤100
219247332354785,Phil Arballo for Congress,ARBALLO FOR CONGRESS,≤100
2225724194377884,Re-Elect Stephanie Cummings for State Representative,Vote Cummings,≤100
19554217292,American Heart Association: You're the Cure,American Heart Association,≤100
317284821682168,Messianic Jewish Alliance of America (MJAA),Messianic Jewish Alliance of America,≤100
34701792581,EWTN,Eternal Word Television Network,≤100
216311481960,Bill Gates,Bill Gates,≤100
611111826212672,Be A Patriot,William Mckinley Kremer,≤100
130268756992804,Yale Climate Connections,Yale Climate Connections,≤100
780993358738144,Jennifer Leeper,"Jennifer Leeper 2020. Eric Newman, Treasurer. Approved by Jennifer Leeper.",≤100
107953199261156,ifaw,"INTERNATIONAL FUND FOR ANIMAL WELFARE, INC.",≤100
485980975070908,Abigail Spanberger,SPANBERGER FOR CONGRESS,≤100
103026384819654,How to Vote,ACRONYM,≤100
513695272011123,The Genesis Prize,GPF NA LLC,≤100
1194865807192273,Conservative Gear,Outergoods LLC,≤100
29770886815,Marijuana Policy Project,Marijuana Policy Project,≤100
111702860231554,Matt Lieberman,Matt Lieberman for Senate,≤100
61265398450,AmeriCorps NCCC,Corporation for National and Community Service,≤100
130848666099,Business Forward,Business Forward Inc.,≤100
108281434237351,UBS Financial Services Inc.,UBS Financial Services,≤100
166618413413767,Jay Sekulow,American Center for Law and Justice,≤100
18957518672,Rock the Vote,Teja Renee Foster,≤100
711478725532801,Civiqs,Civiqs,≤100
284019295313159,Rutigliano For Trumbull,Rutigliano For Trumbull,≤100
108397184298930,Patriots Defend,Claire Wang,≤100
112488757165613,Blue Line Stockpile,Blueline Stockpile,≤100
277414242013,Joyce Elliott for Congress,JOYCE ELLIOTT FOR CONGRESS,≤100
210820618956311,Community Change Action,Community Change Action,≤100
10897453188,Operation Mobilization - OM USA,"OPERATION MOBILIZATION USA, INC.",≤100
317894938412949,Suntory,Suntory Holdings Limited,≤100
83290028957,Care Net,CARE NET,≤100
1947525322184514,One Fair Wage,One Fair Wage,≤100
100632794808488,Kelly Pease For State Representative,Committee to Elect Kelly Pease,≤100
1099478666810053,Meals For Pets,Meals for Pets,≤100
102756811269921,Fellow Americans,Fellow Americans,≤100
101136147910784,Represent Justice,Represent Justice,≤100
1354622541311687,Dr. Kim Schrier,DR KIM SCHRIER FOR CONGRESS,≤100
110010433804232,Falkirk Center,Falkirk Center,≤100
251632675552663,Rigged: The Voter Suppression Playbook,American Issues Initiative,≤100
105481140904672,Core Prestige,Core Prestige,≤100
105943157686335,Trust Michigan Families,TRUST MICHIGAN FAMILIES,≤100
330280744268309,CT Examiner,Gregory Stroud,≤100
134452023239984,Human Coalition,Human Coalition,≤100
325578590837480,Protect Our Care,Sixteen Thirty Fund,≤100
101485931485408,UNITEDemocrats,UNITEDEMOCRATS PAC,≤100
110965977245543,CT Liberty Rally,Jonathan Milon Johnson,≤100
110177119192569,Knightscope,William Li,≤100
166738743732702,All Above All Action,All Above All Action Fund,≤100
90022052772,Williams,"WILLIAMS COMPANIES, INC., THE",≤100
109151567368804,John Dolan for Register of Probate Committee,Dolan Committee,≤100
514167322309353,Dan Crenshaw,Dan Crenshaw for Congress,≤100
2339203789732156,Kim Mangone for Congress,COMMITTEE TO ELECT KIM MANGONE FOR CONGRESS,≤100
106402714456835,Trees 4 Australia,Trees4Australia,≤100
747783932079184,Jared Golden,COMMITTEE TO ELECT JARED GOLDEN,≤100
72931140459,Center for Biological Diversity,"CENTER FOR BIOLOGICAL DIVERSITY, INC.",≤100
12177095451,El Planeta,Carlos Jose Munoz,≤100
107424894413326,Tio Bernie Book,Tio Bernie Book,≤100
1925751504337881,MJ Hegar,MJ FOR TEXAS,≤100
315467021926595,Native Voice Network,"AMERICANS FOR INDIAN OPPORTUNITY, INC",≤100
213687698658,Americans for Prosperity Foundation,Americans for Prosperity Foundation,≤100
348839551906904,Democracy in Color,POWERPAC DOT ORG,≤100
30914589895,The International Fellowship of Christians and Jews,"INTERNATIONAL FELLOWSHIP OF CHRISTIANS & JEWS, INC.",≤100
1438808983108348,BOLD PAC,CHC BOLD PAC,≤100
105293274456590,Yale Forward,The Boarding School Inc,≤100
106949844346620,Trumpian Republicans,Gregory Lawrence Burright,≤100
119006106155684,PI Energy,Andrew P Chung,≤100
375760676281438,Mermaid Straw,Mermaid Straw,≤100
898651906923421,"Devils Music, Holy Rollers and Hillbillies: How America Gave Birth to Rock",James Cosby,≤100
304058913005378,Senior and Disabled Concerns,Senior & Disabled Concerns,≤100
105433064492153,The Return 2020,The Return International,≤100
101553758210575,The CT Strategist Report w / Daniel Kent Newmyer,Daniel Kent Newmyer,≤100
101888608186192,MedicalCommunitynet,Medical Community LLC,≤100
779309092233298,Ben Crump,X Social Media,≤100
53674651369,Susan B. Anthony List,Susan B. Anthony List,≤100
109866370700481,PushBlack Finance,PushBlack,≤100
10760692978,World Hope International,World Hope International,≤100
246846192720018,War On Our Future,The Years Project,≤100
248181906078243,National Institute for Civil Discourse,CommonSense American,≤100
373814729643508,Let America Vote,LET AMERICA VOTE PAC,≤100
303374266418976,AFPM,American Fuel & Petrochemical Manufacturers,≤100
219224241438635,Compassion & Choices,COMPASSION & CHOICES,≤100
210277954204,The Young Turks,"The Young Turks, Inc.",≤100
255208337943901,Jobs Growth,"JOBS FREEDOM AND SECURITY PAC, Not authorized by any candidate or candidate’s committee.",≤100
292351509697,Jerusalem Prayer Team,Jerusalem Prayer Team,≤100
1393911800825140,OZY,OZY Media Inc,≤100
112735922758892,Charlie Kirk,Charlie Kirk,≤100
740266592735787,Free to Be Kids,Free To Be Kids,≤100
1667892193505378,Hold the House,HOLD THE HOUSE PAC,≤100
896759427103774,Modern Medicaid Alliance,Modern Medicaid Alliance,≤100
130234313704399,United We Dream,UNITED WE DREAM NETWORK INC,≤100
1977738355807406,Sharice For Congress,SHARICE FOR CONGRESS,≤100
1741729849281711,Uber & Lyft Sexual Assault Attorneys,Safer America,≤100
1653251174924652,Fuzzu,Fuzzu,≤100
106333028376,"Nichols Kaster, PLLP",Nichols Kaster PLLP,≤100
1551109418518461,The Honest Patriot,Amundson Media LLC,≤100
873550809444862,Mighty Earth,Mighty Earth,≤100
162493793737,Rick Green,Richard Arlin Green,≤100
141692255929599,Democratic Socialists of America,DEMOCRATIC SOCIALISTS OF AMERICA INC,≤100
232201568659,Pacific Justice Institute,PACIFIC JUSTICE INSTITUTE,≤100
101411555005361,Stars and Strife,David Smick "Stars and Strife",≤100
1864721517082089,Democratic Attorneys General Association,Democratic Attorneys General Association,≤100
26006662641,Arizona Democratic Party,Arizona Democratic Party,≤100
861706743991799,Carolyn Bourdeaux for Congress,CAROLYN FOR CONGRESS,≤100
109709397469494,Dignity Unbound,Dignity Unbound,≤100
226081851636303,Puppy Dogs & Ice Cream Books,These ads ran without a disclaimer,≤100
261663760956534,America First Policies,America First Policies Inc,≤100
868405419972384,The Outrage,The Outrage,≤100
451389174955443,Haverhill Collection,"Haverhill Leach, Inc",≤100
107654244332660,Back BLM,Back BLM,≤100
7219151423,The Fund for American Studies (TFAS),The Fund for American Studies,≤100
79125112926,Students for Life of America,"STUDENTS FOR LIFE OF AMERICA, INC.",≤100
113302310024546,Medicare for All Education Initiative - MA,Kelley Caldwell Johnson,≤100
700941689954518,Defend Our Future,Defend Our Future,≤100
361379030380,Centennial Institute,Centennial Institute,≤100
563679263677354,Greats Brand,These ads ran without a disclaimer,≤100
135298176481584,Marine Corps Scholarship Foundation,Marine Corps Scholarship Foundation,≤100
814260155318929,The Fairness Project,The Fairness Project,≤100
342294162453301,Planned Parenthood,These ads ran without a disclaimer,≤100
215223965270049,Mitch for Newtown,Mitch for Newtown,≤100
195620754724,Helping Hand USA,HELPING HAND FOR RELIEF AND DEVELOPMENT INC.,≤100
556344894736772,"New England, New Energy",Resource Media,≤100
309993142375589,Joe Kennedy III,KENNEDY FOR MASSACHUSETTS,≤100
360303722260,Kathleen Williams,KATHLEEN WILLIAMS FOR MONTANA,≤100
434224137354568,Dr. Rich McCormick for Congress,Friends of McCormick,≤100
131459315949,CBS News,These ads ran without a disclaimer,≤100
6165653060,AFSCME,AMERICAN FEDERATION OF STATE COUNTY & MUNICIPAL EMPLOYEES,≤100
217976018236954,OutKick,Outkick Media LLC,≤100
518194348194441,RepresentUs,RepresentUs,≤100
231354176962252,Social Work Helper,"Social Work Helper, PBC",≤100
109360297266116,Fearless Patriot,TERESA NONE OHARA-MARSH,≤100
467804929927622,Jason Smith,JASON SMITH FOR CONGRESS,≤100
121626482110,Operation Smile,"OPERATION SMILE, INC.",≤100
70995214846,Business Roundtable,Business Roundtable,≤100
114386721939978,The Made in America Store,Anthony Michael Falbo,≤100
105835711208027,The Progressive List,THE PROGRESSIVE LIST,≤100
15503839732,Peter G. Peterson Foundation,Peter G. Peterson Foundation,≤100
205395906412,UAW International Union,"INTERNATIONAL UNION, UNITED AUTOMOBILE, AEROSPACE AND AGRICULTURAL IMPLEMENT WORKERS OF AM",≤100
856208611420219,Christina Finello,FINELLO FOR CONGRESS,≤100
107439427661844,Accountable Tech,Accountable Tech,≤100
114885646899438,Mr. 45th,Clush,≤100
237477017606,Club for Growth,Club for Growth,≤100
152766071443309,The City University of New York,The City University of New York,≤100
110998592305221,Dr. Martens,Dr. Martens AirWair USA LLC,≤100
291102898490822,Giant Maga Hat,Inventors club LLC,≤100
42872222699,Dana Loesch,Dana Loesch Radio,≤100
193246844702687,Defending Democracy Together,Defending Democracy Together,≤100
259212814698356,Democratic Majority for Israel,DMFI PAC,≤100
17475614410,Hispanic Federation,Hispanic Federation,≤100
357750373755,National Domestic Workers Alliance,National Domestic Workers Alliance,≤100
195530355493,Chicks On The Right,Chicks on the Right,≤100
577308239618384,Happy Patriots,Lambert Chan,≤100
21492729544,Catholic Relief Services,CATHOLIC RELIEF SERVICES - UNITED STATES CONFERENCE OF CATHOLIC BISHOPS,≤100
51761261956,The Bill of Rights Institute,"BILL OF RIGHTS INSTITUTE, THE",≤100
338218229911752,Integrity First PAC,INTEGRITY FIRST PAC,≤100
129523843754764,Vote Smart,PROJECT VOTE SMART,≤100
142370046577999,Shahid Buttar for Congress,Shahid Buttar for Congress Committee,≤100
38897314734,The Trust for Public Land,"TRUST FOR PUBLIC LAND, THE",≤100
105536127617594,The American Digest,The American Digest,≤100
151525932186806,When Democrats Turn Out,WHEN DEMOCRATS TURN OUT PAC,≤100
113398717117686,Beach Dogs Ltd.,Christopher James Lamos,≤100
117641114435,First Aid Beauty,First Aid Beauty,≤100
111892670610842,Political AF,Quyen Sanh Gip,≤100
128167457221813,Public Transportation,Voices for Public Transit,≤100
14413545701,Conservation Law Foundation,"CONSERVATION LAW FOUNDATION, INC.",≤100
1675319662786649,Clare Gallagher,Protect Our Winters,≤100
8446177150,Chosen People Ministries,CHOSEN PEOPLE MINISTRIES INC,≤100
112043050446693,Together for 2020,Left of Center PAC,≤100
167968013767335,Julie Oliver,JULIE OLIVER FOR CONGRESS,≤100
514167322309353,Dan Crenshaw,Crenshaw For Congress,≤100
680894095682539,Cowboy Life,"Nine Ranch Enterprises, LLC",≤100
106572950040377,Max Rose,MAX ROSE FOR CONGRESS,≤100
19972147679,SEIU,SEIU,≤100
186932688457686,CHNGE,CHNGE,≤100
20531316728,Facebook App,These ads ran without a disclaimer,≤100
53674651369,Susan B. Anthony List,Susan B. Anthony List Action PAC,≤100
116546288359245,Heritage Action for America,HERITAGE ACTION FOR AMERICA,≤100
100719625004234,Home and Community,Cynthia Nguyen,≤100
551158678560402,Epimonia,Epimonia LLC,≤100
802271849850801,Freedom for All Americans,Freedom for All Americans,≤100
455147011996099,The Ann and Phelim Scoop,The Unreported Story Society,≤100
107226350977260,Rookie,Mark Anthony Russell,≤100
300992409852,Hoover Institution,Hoover Institution,≤100
390560688135747,Public Editor Press,"Public Editor Press, Inc",≤100
41309865723,Democrats.com,DEMOCRATS.COM,≤100
1708467695859543,Veteran Transition Mission,Sonia Ivelisse Barriera Ayala,≤100
104504438466,Federal Voting Assistance Program - FVAP,Federal Voting Assistance Program,≤100
233163507421646,"Dockside Brewery, LLC",These ads ran without a disclaimer,≤100
141269525933538,Democrats for Education Reform,Education Reform Now Advocacy Inc.,≤100
357844454633380,Dan Whitfield for Senate 2020,DANWHITCONGRESS,≤100
1014486318584089,Armed American Supply,Armed American Supply,≤100
1439364926329185,Animal Matters,Animal Matters,≤100
1802177709900081,The Spectator US,The Spectator US,≤100
80060992758,Center for Food Safety,"CENTER FOR FOOD SAFETY, THE",≤100
971668776283950,PolicyEd,Hoover Institution,≤100
1819658374974706,Arena,Arena PAC,≤100
101724361319410,Ronny Jackson for U.S. Congress TX-13,Texans for Ronny Jackson,≤100
1709145412721991,The Center for Growth and Opportunity at Utah State University,The Center for Growth and Opportunity,≤100
114822686979118,Daily Saver,Smart Market Tips,≤100
100102211766139,4 The Nation,These ads ran without a disclaimer,≤100
100911481267154,"Luke Gromen - FFTT, LLC","FFTT, LLC",≤100
660064074075637,Rabbi David-Seth Kirshner,Davidseth M Kirshner,≤100
592347634460462,Partnership for America's Health Care Future,Partnership for America's Health Care Future,≤100
112333396969405,Jim Bognet,Bognet for Congress,≤100
123963360928,SiriusXM,SIRIUS XM RADIO INC.,≤100
106203264511020,Washington Changed Katko,DCCC,≤100
247432468622391,Washington State Democratic Party,WASHINGTON STATE DEMOCRATIC CENTRAL COMMITTEE,≤100
103531607822207,Noticias para Inmigrantes,"Wise Rock Media, PBC",≤100
2259323457517498,Abolish the Electoral College,ABOLISH THE ELECTORAL COLLEGE,≤100
308353252483,Kristi Noem,Kristi for Governor,≤100
107398241021186,The John Lewis Bridge Project,John Lewis Bridge Project,≤100
497081420632330,Dr. Hiral Tipirneni,HIRAL FOR CONGRESS,≤100
1632568446971453,Boredwalk,Boredwalk,≤100
95356211637,Ben Ferguson,Ben Ferguson show,≤100
262905633727,Los Angeles Mission,"Los Angeles Mission, Inc.",≤100
1476342155924546,Big Rig Threads,Big Rig T-Shirts and Decals LLC,≤100
111248197347176,Protect & Serve PAC,PROTECT AND SERVE PAC,≤100
111036740654773,ToddCella2020,American Party 2020,≤100
35715544220,Stand.earth,STAND,≤100
1424655311129385,Proud Pour,Proud Pour,≤100
79820371749,Ayanna Pressley,THE SQUAD VICTORY FUND,≤100
278052172260101,ZERO TO THREE,ZERO TO THREE,≤100
113110137118723,Collectible Currency,Christopher Walter Adams,≤100
63059760237,Learning A-Z,These ads ran without a disclaimer,≤100
109966290494892,Wagoner Law Firm,Nicholas Jordan Wagoner,≤100
104521178045033,Philip M. Overton Jr.,Philip M. Overton Jr.,≤100
541807025833154,Malala Fund,Malala Fund,≤100
543417332759926,Sunflour Bakery,These ads ran without a disclaimer,≤100
661744180680367,National Police Association,"NATIONAL POLICE ASSOCIATION, INC.",≤100
110468488981853,UNRWA USA,UNRWA USA,≤100
106140571085743,Natalia For Congress,NATALIA LINOS FOR CONGRESS,≤100
203959769765313,Monica R. Martinez for State Senate,Friends of Monica Martinez,≤100
32582320449,CMMB,CATHOLIC MEDICAL MISSION BOARD INC,≤100
5887538795,Education Week,Education Week,≤100
1600300510259910,For Our Future Pennsylvania,For Our Future Action Fund,≤100
570820956735766,CT Immigrant & Refugee Coalition,CT Immigrant and Refugee Coalition,≤100
151757038879920,Alyse Galvin for Congress 2020,ALYSE FOR ALASKA,≤100
107847454354960,Weekly American Lifestyle,Steve San,≤100
101210588150219,Boy Scouts Abuse Claims,X Social Media LLC,≤100
104519591175701,Jes and Reid,Jessica Marie Richardson,≤100
830890360316751,Nick Hanauer,Civic Action,≤100
15041226930,Oxfam,"OXFAM AMERICA, INC.",≤100
322044193958,Mike Turner for Congress,Citizens for Turner,≤100
309798029121030,Everytown for Gun Safety,EVERYTOWN FOR GUN SAFETY VICTORY FUND,≤100
1063260777120366,Care/of,These ads ran without a disclaimer,≤100
259212814698356,Democratic Majority for Israel,Democratic Majority for Israel,≤100
169440273093442,The Center for Election Science,The Center for Election Science,≤100
620619085055774,Sandy Smith,"SANDY SMITH FOR CONGRESS, INC.",≤100
105477217902691,Geo Cast,GeoCast,≤100
614134231980299,Veterans Empowered To Protect African Wildlife,VETPAW INC,≤100
1628679613829742,Josh Hicks,Josh Hicks for Congress,≤100
171287339973880,LCV Victory Fund,"LCV Victory Fund, 202-785-8683, and not authorized by any candidate or candidate’s committee",≤100
102478528086004,Reading On the Left,St. Martin's Press,≤100
21395843375,Dialysis Patient Citizens,DIALYSIS PATIENT CITIZENS INC,≤100
682990071843813,Center for the Study of Liberty,Center for the Study of Liberty,≤100
374848446414965,Pollking,Benjamin Aaron Perlman,≤100
24470472733,The Trevor Project,The Trevor Project,≤100
706716899745696,Women for Trump,TRUMP MAKE AMERICA GREAT AGAIN COMMITTEE,≤100
112164673854264,Living Patriotically,Living Patriotically,≤100
105455840860559,EagleRealm LLC,Eagle Realm,≤100
262680017949612,Quincy Institute for Responsible Statecraft,Quincy Institute,≤100
278487153675,Redneck Nation Clothing,Tracie Milliron Gold,≤100
336470580233523,Pins and Aces Golf Co.,US Craft Brands LLC,≤100
106445167434779,Duty and Honor,Duty and Honor,≤100
85945492130,EnergyBoom,Energy Boom,≤100
242679302418244,Denison Forum,Denison Ministries,≤100
227908433937826,State Representative Michael J. Finn,Committee to Elect Michael J Finn,≤100
1790149321287567,In The Know Reports,These ads ran without a disclaimer,≤100
105986091121402,Elect Kathleen Stowe,Elect Kathleen Stowe,≤100
112492646811151,California Census,CA Census 2020,≤100
315151565831,Ascension,Ascension Press,≤100
19474609238,Mercatus Center at George Mason University,Mercatus Center at George Mason University,≤100
7630216751,DoSomething.org,DOSOMETHING.ORG,≤100
182620315479,Plan International USA,Plan International USA,≤100
192771954102960,Jordan Sekulow,American Center for Law and Justice,≤100
75353945070,Boxed Water Is Better,Boxed Water Is Better,≤100
110352830530733,Menswear Daily,These ads ran without a disclaimer,≤100
114893233534632,Taking Back America,Apse Media LLC,≤100
90498769709,Edenpure,EdenPURE®,≤100
104012084703106,One People United PAC,One People United,≤100
868259909915525,Susie Lee,Susie Lee for Congress,≤100
102527004893192,The National Standard,Howard Stephan Barbanel,≤100
40973310753,Pathfinder International,Pathfinder International,≤100
101278694809805,Meme2020,Meme2020,≤100
179909895355213,AIDS United,AIDS UNITED,≤100
166495790533335,American Population Panel,CHRR,≤100
105882964535390,Cats Against Trump,Cats Against Trump,≤100
1614690395258056,Into Action,Into Action,≤100
102579318191600,No Justice No Peace,NO JUSTICE NO PEACE PAC,≤100
243362776583569,Air Mail,Air Mail,≤100
241247646424302,Jahana Hayes,FRIENDS OF JAHANA HAYES,≤100
1517919588502283,Christy Smith for Congress,CHRISTY SMITH FOR CONGRESS,≤100
1005566252861190,VOTEPROCHOICE,DEMOCRATS.COM,≤100
1634651343331439,Project Wren,Landon Brand,≤100
124939484209078,Langevin for Congress,LANGEVIN FOR CONGRESS,≤100
203330919857759,All On The Line,National Redistricting Action Fund,≤100
100846774982239,Protect Our Police PAC,Protect Our Police PAC,≤100
102315041409283,Horses in our Hands,In our Hands Action Fund,≤100
70531357576,Freedom Forum,"FREEDOM FORUM INC, THE",≤100
105698674239617,Embed News,Embed News,≤100
104667417857551,United Association LLC,United Association LLC,≤100
103983379801,Texas Democratic Party,Texas Democratic Party,≤100
1082522201878539,Gina Ortiz Jones for Congress,GINA ORTIZ JONES FOR CONGRESS,≤100
1545826148838592,Trump 2020,Gregory Lawrence Burright,≤100
18813753280,Human Rights Campaign,"HUMAN RIGHTS CAMPAIGN, INC.",≤100
1234251319933440,Exclusive Apparel,The Dude's Threads,≤100
194115677277113,A21,A21 with Facebook Ad Credits,≤100
108152933883451,TrumpTrendz,Troy Lorenzo Davis,≤100
680549575421741,UnitedVoice.com,"Beachside Media, Inc.",≤100
1425435377743310,Conversations with Bill Kristol,The Foundation for Constitutional Government,≤100
988865517971648,Women's Vote 100,Women's Suffrage Centennial Commission,≤100
174046949421616,Phenomenal Woman Action Campaign,Phenomenal Woman Action Campaign,≤100
27544763621,Prison Fellowship,Brandon Anders Larsen,≤100
130945114804,World Jewish Congress,WORLD JEWISH CONGRESS AMERICAN SECTION INC,≤100
109678580574253,Politicool Clothing Co.,PolitiCoolClothing.com,≤100
102825963097158,Every Child Matters,Every Child Matters Education Fund,≤100
1832744013698336,Mahogany Mommies,Mahogany Mommies,≤100
260366367717440,Committee to Protect Medicare,Committee to Protect Medicare,≤100
112334757233941,Right to Telehealth,Jeremy Joseph Schaller,≤100
61288747990,Real Warriors,Real Warriors Campaign,≤100
1640970822834351,Plaine Products,Plaine Products,≤100
449474941903579,Andrew Flowers for State Representative,Andrew Flowers for State Representative,≤100
106470264179582,Stickman Battle Fight,These ads ran without a disclaimer,≤100
149366465128820,Nicole Galloway,Nicole Galloway for Missouri,≤100
105157841248307,No Filter Politics,No Filter Politics,≤100
312208869424760,Field Team 6,Cory Cambridge Alpert,≤100
100437321592930,Pink Datas,These ads ran without a disclaimer,≤100
263210730984251,We Are Great Again Pac,WE ARE GREAT AGAIN PAC,≤100
97466887664,Innocence Project,"INNOCENCE PROJECT, INC., THE",≤100
120085718005638,American Prairie Reserve,American Prairie Reserve,≤100
126196544216164,American Solidarity Party,AMERICAN SOLIDARITY PARTY,≤100
7642602143,Mother Jones,FOUNDATION FOR NATIONAL PROGRESS,≤100
142474049098533,Robert Reich,Inequality Media Civic Action,≤100
144035583232,American Standard,These ads ran without a disclaimer,≤100
110828620426941,Roger Polack for Congress,ROGER FOR WISCONSIN,≤100
47712360678,Jobs With Justice,Jobs With Justice,≤100
12692955711,Chronicle of Higher Education,"CHRONICLE OF HIGHER EDUCATION, INC. (THE)",≤100
39432041915,Capital Research Center,CAPITAL RESEARCH CENTER INC,≤100
327202261326682,Stephanie Bice,Bice for Congress,≤100
107199049318619,Friends of Derek Kilmer,PEOPLE FOR DEREK KILMER,≤100
1452551204988299,GoReact,Speakworks Inc,≤100
16792125167,Jimmy Patronis,Treasure Florida PC,≤100
24425672689,Museum of the City of New York,Museum of the City of New York,≤100
202531447982,Jimmy Chin,Protect Our Winters,≤100
168109446538119,St. Martin's Press,Macmillan Publishing,≤100
103851564652,Waterkeeper Alliance,WATERKEEPER ALLIANCE INC,≤100
104704401202729,"Teresa's Tips, Tricks & Tools for Beauty, Health & Wealth",Teresa Marie Von Riegen,≤100
207833736045744,MHAction.org,Kevin R Borden,≤100
1508257779494159,Deborah Ross,DEBORAH ROSS FOR CONGRESS,≤100
143021112391265,Jacobin magazine,Jacobin Foundation,≤100
651280068826683,A Great New Day,Trevor Barribeau,≤100
1295279420598401,Victoria Spartz,VICTORIA SPARTZ FOR CONGRESS,≤100
602237796584621,What It Takes,American Academy of Achievement,≤100
58158120046,ACLJ,American Center for Law and Justice,≤100
73970658023,International Rescue Committee,International Rescue Committee,≤100
200224630053159,Ben McAdams,FRIENDS OF BEN MCADAMS,≤100
105246547735959,North Star Values,Senate Victory Fund,≤100
114494345263491,E&J Brandy,These ads ran without a disclaimer,≤100
100123544800892,Disme Coin Company,Byron Michael Laughlin,≤100
698400060189827,Dan Sullivan,Alaskans for Sullivan,≤100
296914550322200,Jose Javier Rodriguez,Florida Democratic Legislative Campaign Committee,≤100
162623897133712,David French,Macmillan Publishing,≤100
2133130356918764,Common Justice,COMMON JUSTICE INC,≤100
114971076538782,The Keystone,"Courier Newsroom, Inc.",≤100
664770743730817,Dan Feehan for Congress,FRIENDS OF DAN FEEHAN,≤100
170918006892,G.I. Jobs,Victory Media DBA GI Jobs,≤100
260536047319339,RN Action,American Nurses Association,≤100
375301089246439,Thom Tillis,THOM TILLIS COMMITTEE,≤100
102916288137405,The Daily Republican,USA Movements LLC,≤100
324119001078997,"Sanford Heisler Sharp, LLP","Sanford Heisler Sharp, LLP",≤100
161186620643972,American Institute for Economic Research,AMERICAN INSTITUTE FOR ECONOMIC RESEARCH,≤100
1402827079932843,Low Income Relief,The Lighthouse Information Network LLC,≤100
28807410414,Sea Education Association / SEA Semester,These ads ran without a disclaimer,≤100
1511676245779456,E-Z Inmigración,These ads ran without a disclaimer,≤100
59254639983,Boston Medical Center,BOSTON MEDICAL CENTER,≤100
269771276461482,Leigh Dollar for Mayor,Leigh Dollar for Mayor,≤100
104255784686223,The Lorna M. Johnson Global Institute,The Lorna M. Johnson Global Institute,≤100
2309566456030859,Human Coalition Action,PRO-LIFE TEXANS A HUMAN COALITION ACTION PAC,≤100
427084097477881,America's Health Insurance Plans (AHIP),These ads ran without a disclaimer,≤100
341240953385902,Force Of Nature Meats,Force of Nature,≤100
272618896537776,America First Agenda,America First Agenda PAC,≤100
50576707351,Republican State Leadership Committee,Republican State Leadership Committee,≤100
1681120172099567,Libertarian Candidates,Ryan Allen Raymond,≤100
360424321432255,Doha Debates,Doha Debates,≤100
207268325970395,Colin Schmitt,Schmitt4NY,≤100
28446275521,Military Officers Association of America (MOAA),Military Officers Association of America,≤100
118303441570966,Home Ownership Matters,NATIONAL ASSOCIATION OF REALTORS,≤100
1311291038982513,2A Gear,Teecreations LLC,≤100
192609620649,The University of Chicago,The University of Chicago,≤100
111930463963056,The 2nd Amendment Book Club,Yoonjoo Park,≤100
103222211467991,Sourcestream,SourceStream,≤100
49275915266,Marie Stopes International,MSI-US,≤100
128041845508205,In Good Company,Hanson Han Xu,≤100
111361091313,NICABM,"Theoria Associates for Health Education, Inc.",≤100
102683071542633,G.G.'s Shoppe,Grace Hopkins Beard,≤100
11006419356,The Voice of the Martyrs - USA,"VOICE OF THE MARTYRS, INC., THE",≤100
301228420816284,Teresa Leger Fernandez,TERESA FOR ALL,≤100
950837325113887,Life Money Stuff,Life Money Stuff,≤100
531623043662146,Flags of Valor,Flags of Valor,≤100
299295363912730,New Politics Leadership Academy,New Politics Leadership Academy,≤100
150322194563,PASA Primates: Pan African Sanctuary Alliance,PAN AFRICAN SANCTUARIES ALLIANCE,≤100
175403889150682,FindLaw.com,FindLaw Consumer,≤100
2165983337048601,LeverforChange,Lever for Change,≤100
12185972707,350.org,350.org,≤100
115700478533045,Progress North Carolina Action,Progress NC Action,≤100
102661701651,South Carolina Small Business Chamber of Commerce,South Carolina Small Business Chamber of Commerce,≤100
598720023670599,Jennifer Carroll Foy,Jennifer Carroll Foy for Governor,≤100
70874333603,CatholicVote,CatholicVote,≤100
123624513983,The Western Journal,The Western Journal,≤100
751679868274074,Hope for Students,THE EXPECTATIONS PROJECT INC,≤100
114209360263932,On Point with Rachel Tourgeman,Rachel Tourgeman,≤100
164472026916984,Masbia Soup Kitchen Network,MASBIA,≤100
170591064699,Southern Poverty Law Center,"SOUTHERN POVERTY LAW CENTER, INC., THE",≤100
107107693152888,Anthropocene Alliance,ANTHROPOCENE ALLIANCE,≤100
108650400954148,Stopping Socialism TV,The Heartland Institute,≤100
138141366212571,Gravis Marketing,GRAVIS MARKETING INC.,≤100
281844617168,Jewish Voice Ministries International,JEWISH VOICE MINISTRIES INTERNATIONAL,≤100
639945089977837,POLIFLIX,Barrett Edward Goetz,≤100
127637620616803,Comcast Newsmakers,Comcast,≤100
68693168571,Jewish Federations of North America,Jewish Federations of North America,≤100
101208514791301,Daniel Turner,Power The Future Inc,≤100
1747132688647028,Democratic Association of Secretaries of State,Democratic Association of Secretaries of State,≤100
345751305447288,Daugherty Water for Food Global Institute,Daugherty Water for Food Global Institute,≤100
113310617054164,Trump Baseball Bats,Trump Baseball Bats,≤100
165858562140,Western Resource Advocates,Western Resource Advocates,≤100
1682876188698809,United for Respect,United for Respect,≤100
299907453682524,American Legacy Center,American Legacy Center,≤100
109729897041138,David Richter,David Richter for Congress Inc,≤100
819607471729183,Dr. Al Gross for US Senate,DR. AL GROSS FOR U.S. SENATE,≤100
118340904863152,Official Crown of Laurel,These ads ran without a disclaimer,≤100
1461100540775171,The Tuttle Twins,These ads ran without a disclaimer,≤100
1274746369267915,Le Lion,Le Lion LLC,≤100
103218576421422,GirlTrek: Healthy Black Women and Girls,GirlTrek,≤100
106524727819174,True Patriot Supply Co.,True Patriot Supply Co,≤100
100699775058659,Education Now NC,Education Now,≤100
1865047147110748,Death Penalty Action,Death Penalty Action,≤100
260366367717440,Committee to Protect Medicare,Committee to Protect Medicare PAC,≤100
562062183807179,United Plant Savers,UNITED PLANT SAVERS,≤100
111046557292073,Tees by Joe,Joleena Marie Copeland,≤100
420424547981908,In Search of Liberty,Scott Dennis Welch,≤100
169277310432049,"Texas Precision Optics, Inc.",Texas Precision Optics Inc,≤100
113351505349955,The Christian Broadcasting Network,The Christian Broadcasting Network Inc,≤100
168452723312821,Chisholm Chisholm & Kilpatrick LTD,Chisholm Chisholm & Kilpatrick LTD,≤100
545313338963764,Matt Meyer,Meyer for New Castle County,≤100
1691667177798461,Brut,Brut,≤100
11111618026,Union of Concerned Scientists,"UNION OF CONCERNED SCIENTISTS, INC.",≤100
102455534898300,Face The Change,FaceTheChange.co,≤100
107953010886875,20Train.com,GEEG LLC,≤100
384557995468219,Viral Casez,Viral Casez,≤100
2477925168899669,The Renew Democracy Initiative,"The Renew Democracy Initiative, Inc",≤100
104881317722736,Get-It-Out,Matthew Justin Viles,≤100
110576817417667,maskamericagreat.com,Matthew P Gallagher,≤100
104168777735273,Alley For Justice,Justice Jeff Alley Campaign in compliance with the voluntary limits of the Judicial Campaign Fairness Act.,≤100
103503957958666,Cathy Hopperstad for State Representative 9th District,Elect Hopperstad 2020,≤100
2266444033567875,Grump Merch,Grump Merch,≤100
104141422951673,Chicago Booth Review,University of Chicago,≤100
105953890782784,The Factual,The Factual,≤100
537534316395916,Students for Trump,Turning Point Action,≤100
1678492922390061,WorkingNation,WorkingNation,≤100
104260608058844,Awesome Survival Guides,Kirsten May Siosan Andrade,≤100
412739549455010,Karena Reiter,PrimaDonna Reeds,≤100
103341131486608,Anti Racist Social,Salman Ahmed Elmi,≤100
159597424207730,David Perdue,PERDUE FOR SENATE,≤100
246659596183131,Bury This Regime,Bury This Regime,≤100
922580991129339,People's Mojahedin Organization of Iran - MEK IRAN,MEK-Iran (Saeid Saadati),≤100
1519947858277621,Pazazmall.com,These ads ran without a disclaimer,≤100
627211184587103,Forever Patriot,Harrison T Chung,≤100
162244692732,Brennan Center for Justice at NYU Law,William J Brennan Jr Center for Justice Inc,≤100
100697751658498,Stronger.org,The Public Good Projects,≤100
120011306310420,Patriots Helping Others,Jae W Seo,≤100
7100914121,American Experience | PBS,WGBH EDUCATIONAL FOUNDATION,≤100
653076538223048,Pennsylvania Firearms Association,Pennsylvania Firearms Association,≤100
228025664576921,Boss Betty News,Boss Betty Publishing LLC,≤100
231154884924705,AboutTrump.org - and Biden,A MARK FOUNDATION,≤100
341513602902369,CALL TO ACTIVISM,CALL TO ACTIVISM,≤100
710669049286394,Woo the People,Khosro David Illulian,≤100
85569513068,International Planned Parenthood Federation/Western Hemisphere Region,International Planned Parenthood Federation/Western Hemisphere Region,≤100
104755587694351,Health Insured,"Mayo Labs, LLC",≤100
648335462024721,Haley Stevens,HALEY STEVENS FOR CONGRESS,≤100
221690171353068,Jay Obernolte,Jay Obernolte for Congress,≤100
653079394725698,Aspiration,Aspiration,≤100
525171637666780,Sandy Piña California Delegate,RCR,≤100
529154000442477,America Rising,AMERICARISINGPAC.ORG,≤100
113374503487179,Jessica Segal for Dutchess County Court Judge,Jessica Segal for County Court,≤100
451224838781405,Patriot Baby,Eric Todd Hunter,≤100
113891694102,Energy Citizens,AMERICAN PETROLEUM INSTITUTE,≤100
696930446991476,Financialadviser.com,FinancialAdviser.com,≤100
2295062210811244,Coalition for American Veterans,COALITION FOR AMERICAN VETERANS POLITICAL ACTION COMMITTEE,≤100
106890801114065,Right Wing Maga,Right Wing Maga,≤100
17023576156,The Leadership Conference on Civil and Human Rights,The Leadership Conference on Civil and Human Rights,≤100
9739634228,The Political Machine,"Hitcents.com, Inc",≤100
202600839762879,I Am Pro-Life,Focus on the Family,≤100
111168783611294,Jesse Mermell for Congress,THE COMMITTEE TO ELECT JESSE MERMELL,≤100
206052849902620,Intermountain Immigration,"Intermountain Immigration, LLC",≤100
111550550550458,BARK for BIDEN,BARK for BIDEN,≤100
198559607605482,Gunnigle 2020,Gunnigle 2020,≤100
129278807814364,Women of Welcome,Welcome.,≤100
2081864865362439,Mike Espy,MIKE ESPY FOR SENATE CAMPAIGN COMMITTEE,≤100
190987118163092,Connected Clothing Company,Connected Clothing Company,≤100
151577215422581,Zioness Movement,"Zioness Movement, Inc.",≤100
17801244148,Jill Schupp,SCHUPP FOR CONGRESS,≤100
70090474914,American Farmland Trust,"AMERICAN FARMLAND TRUST, INC",≤100
102846434825096,Beat Abbott,Beat Abbott PAC,≤100
587676831343390,Raheem AI,RAHEEM AI,≤100
312066286397519,Manning Asylum Law,Manning Asylum Law,≤100
206743952696198,Lower My Bills,"LMB OpCo, LLC",≤100
36634376117,HarperKids Books,HARPERCOLLINS PUBLISHERS LLC,≤100
44255328352,Farm Forward,Farm Forward,≤100
416913748508616,We Welcome Refugees,We Welcome Refugees,≤100
1438882392887793,ADF Church Alliance,Alliance Defending Freedom,≤100
114301413446447,Kennebunkport Climate Initiative,Kennebunkport Climate Initiative,≤100
100318944827269,Amy Kennedy,AMY KENNEDY FOR CONGRESS,≤100
583715925012376,Mayor Trent Staggs,Staggs for Mayor,≤100
789546641178807,Brand New Congress,Brand New Congress,≤100
346937065399354,Occupy Democrats,Omar Rivero,≤100
100158548486722,Trump Cups,Isaac Raymond Leary,≤100
359434355433,Black Facts Online,Dale Anthony Dowdie,≤100
810122486032496,Jackie Gordon,JACKIE GORDON FOR CONGRESS,≤100
6422138883,92nd Street Y,92nd Street Y,≤100
35142679763,Alzheimer's Disease Research,"BRIGHTFOCUS FOUNDATION, INC. A/K/A BRIGHTFOCUS FOUNDATION",≤100
9316648525,The Chicago School of Professional Psychology,TCS Education System,≤100
243502949110951,Airport Workers United,SERVICE EMPLOYEES INTERNATIONAL UNION,≤100
89324781720,Pat Toomey,Friends of Pat Toomey,≤100
103646064618386,The Judge Show - James Judge,James Patrick Judge Jr.,≤100
282728185140429,Rep For Vets,The Rep For Vets,≤100
239658882763974,Poverty USA by CCHD,UNITED STATES CONFERENCE OF CATHOLIC BISHOPS,≤100
169042736456594,All Out,All Out Action Fund.,≤100
217569858071,Areva Martin,Areva Denise Martin,≤100
114319561948157,PCRF - Palestine Children's Relief Fund,Palestine Children's Relief Fund,≤100
211596438980002,Ampersand Consulting,Ampersand Consulting,≤100
1272534336242476,World101,Council on Foreign Relations,≤100
300774350436838,Topplr,Data Genomix,≤100
101042758281184,Reading On the Right,Macmillan Publishing,≤100
6334782252,Oceana,OCEANA,≤100
361960287311696,Better Medicare Alliance,"Better Medicare Alliance, Inc",≤100
108797534098691,Keep Gifts Great,Adrian Choi Conger,≤100
522661794851179,West Michigan Families First,Michigan Democratic State Central Committee,≤100
134597023235240,Rashida Tlaib,THE SQUAD VICTORY FUND,≤100
306591716448427,Cindy Axne,CINDY AXNE FOR CONGRESS,≤100
153309775026,SnapStream,SnapStream Media,≤100
289213691238937,Thrasher Coffee,Thrasher Coffee Co.,≤100
1863789933891583,Black people who invest in the stock market,These ads ran without a disclaimer,≤100
497741237272262,Susan Wild for Congress,Susan Wild for Congress,≤100
103034718068007,Pigeon Poolitics,Sassan Yousefi,≤100
1612726335627171,We the Internet TV,We the Internet TV,≤100
100131288480883,"Let Live, Let Liberty",Jae W Seo,≤100
112388493820536,Patriots United For America,Patriots United For America,≤100
221890358218748,Til Valhalla Project,Til Valhalla Project,≤100
1636047213327633,Nice Life,"Nice Life Recording Company, LLC",≤100
109061570850845,Proud U.S.,ProudUS,≤100
6851405967,CREDO Mobile,"CREDO MOBILE, INC.",≤100
203583423017526,National Immigration Law Center,National Immigration Law Center,≤100
497348647140658,Point Source Youth,Point Source Youth,≤100
100401327980848,National Parents Union,National Parents Union,≤100
607626319739286,Black Voices for Trump,TRUMP MAKE AMERICA GREAT AGAIN COMMITTEE,≤100
657343731290262,American Freedom Fighter,American Freedom Fighter,≤100
1914537155242810,Life: Powered,Texas Public Policy Foundation,≤100
115589465160388,Scribner Books,Simon and Schuster,≤100
125319303823,Champlain College,Champlain College Incorporated,≤100
103067581133922,Paul Junge,PAUL JUNGE FOR CONGRESS,≤100
108109934203874,Insta Shop Boutique,Insta Shop Boutique,≤100
102796944877926,Black Men for Trump,Black Men for Trump,≤100
114386721939978,The Made in America Store,Made In America Store,≤100
167473433290992,Inequality.org,Institute for Policy Studies,≤100
1205124206245013,Movement for a People's Party,People for a Working Democracy,≤100
304062610300415,VozWire,Gregson E Mathe,≤100
11911627997,Pancreatic Cancer Action Network,"PANCREATIC CANCER ACTION NETWORK, INC.",≤100
1576236875930301,Global Cyber Alliance,Global Cyber Alliance with ad credits,≤100
144176402370987,Karamu House,KARAMU HOUSE INC,≤100
107665644228467,Conservative Journal Review,Conservative Journal Review LLC,≤100
166166843531258,National Council of Resistance of Iran - شورای ملی مقاومت ایران,MEK-Iran (Saeid Saadati),≤100
109299497437235,Desmarais for State Senate CT 32nd,Desmarais 2020,≤100
156919911022572,Steven Horsford,NEVADANS FOR STEVEN HORSFORD,≤100
50711561090,Muslim Advocates,MUSLIM ADVOCATES,≤100
72565633140,Soles4Souls,"SOLES4SOULS, INC.",≤100
1549009352000546,SchiffGold,SchiffGold,≤100
105707511217866,Communities Joining Hands,Elena Zhan,≤100
1156676274461345,Mikie Sherrill,MIKIE SHERRILL FOR CONGRESS,≤100
154510321337994,Chris Pappas for Congress,CHRIS PAPPAS FOR CONGRESS,≤100
17432811417,Working Families Party,Working Families Party,≤100
56282222521,Houghton Mifflin Harcourt Trade,Houghton Mifflin Harcourt,≤100
484230975262860,Tom Palzewicz for Congress,PALZEWICZ FOR WISCONSIN,≤100
260131294484,Bethesda Lutheran Communities,Bethesda Lutheran Communities,≤100
490374428003966,Oklahomans For Energy Options,Oklahomans For Energy Options,≤100
179145905973075,Sophie Ratner Jewelry,Sophie Ratner Jewelry,≤100
468906559794011,LaunchGood,LaunchGood Inc.,≤100
288881517835621,CEAI Christian Educators Association International,CHRISTIAN EDUCATORS ASSOCIATION INTERNATIONAL,≤100
124626320898336,Catholic Extension,"CATHOLIC CHURCH EXTENSION SOCIETY OF THE UNITED STATES OF AMERICA, THE",≤100
10234472029,Council on Foreign Relations,Council on Foreign Relations,≤100
1670468429918309,We Are Uprisers,WEAREUPRISERS,≤100
189136045151081,Face the Music,Face The Music Collective,≤100
28068665077,American Academy of PAs,American Academy of PAs,≤100
289446947817747,Global Citizen,"GLOBAL POVERTY PROJECT, INC.",≤100
137340530379463,Sri for Congress 2020,SRI FOR CONGRESS,≤100
109865740778942,Jesal Amin for East Brunswick Mayor,Jesal Amin for Mayor,≤100
168367339845613,The Humane League,The Humane League,≤100
429651323843750,Verizon Wireless Workers Rising,"COMMUNICATIONS WORKERS OF AMERICA, AFL-CIO, CLC",≤100
182658925089088,FINCA,"FINCA INTERNATIONAL, INC.",≤100
110309607045916,Lisa Scheller,"Scheller for Congress, Inc.",≤100
287568124699578,We Dream In Black - National Domestic Workers Alliance,National Domestic Workers Alliance,≤100
102970113093477,Church Militant/St. Michael’s Media,Max Aldcander Douglas,≤100
208463585839891,Living Future Institute,International Living Future Institute,≤100
999775873528189,Stopping Socialism,The Heartland Institute,≤100
221599395100738,Coalition Of Polish Americans,Coalition of Polish Americans,≤100
785936231584382,Paula Jean Swearengin,Paula Jean for West Virginia,≤100
334748476594191,Rodney Davis,Rodney for Congress,≤100
113553048669158,Rick Scott,TEAM RICK SCOTT,≤100
321088559302,Keep America Beautiful,Keep America Beautiful,≤100
110525690698759,Awesome Coffee Recipes,John Phillip Angelo Vergara,≤100
114937555342547,Seth Abramson,Macmillan Publishing,≤100
1596671280578981,Schools & Communities First,Schools and Communities First,≤100
113644103666790,America First,TruthLion,≤100
102413723172970,Nick Adams,Nick Adams,≤100
118178241651488,DSPolitical,"DSPolitical, LLC",≤100
192013990902459,Roy Cooper,Cooper For North Carolina,≤100
103376804451432,Trending Politics,Making Web LLC,≤100
399366360669553,Jamaal Bowman for Congress,Bowman For Congress,≤100
475820496534374,Trend Droppers,These ads ran without a disclaimer,≤100
486324651440186,Plastic Bank,Erin Lillian Rand,≤100
117818902663,Stephanie Humphrey,Stephanie Tyleta Humphrey,≤100
234628203317767,Made for Freedom,Made for Freedom,≤100
104602514593537,A New Voice for Justice,"The Committees to Elect Ned Fuller For NM Supreme Court, Kerry Morris For NM Supreme Court, B Johnson Judge - Ct App & Lee For NMCA",≤100
100627914988162,Massachusetts Majority IE PAC,Massachusetts Majority IE PAC,≤100
1028908663935923,Americans for Fair Treatment,Americans For Fair Treatment,≤100
333081284065216,Brynne Kennedy for Congress,BRYNNE KENNEDY FOR CONGRESS,≤100
108970206976,World Vision USA,WORLD VISION INC.,≤100
227535924071462,Animal Petitions,AnimalPetitions.org,≤100
122360425094991,Nasty Woman Cosmetics,Nasty Woman Cosmetics,≤100
1449073545419430,The Lone Liberal Republican,TheLoneLiberalRepublican.Org,≤100
646594582623475,Republican Nations,wowengraving,≤100
12683623041,Society for Human Resource Management (SHRM),SOCIETY FOR HUMAN RESOURCE MANAGEMENT,≤100
116238930177726,Artsiful,Brad Aaron Shaw,≤100
87977452433,Zumiez,Zumiez,≤100
103322921464230,Standing United,Tein Yang Sun,≤100
90705538313,Sheet Metal Air Rail and Transportation Workers,SMART,≤100
1633385836944159,Manhattan Street Capital,FundAthena Inc,≤100
113893390401923,American Survival,Tein Yang Sun,≤100
1505244559517282,Colin Allred,COLIN ALLRED FOR CONGRESS,≤100
108687773798767,"Shut Down DC-Climate Strike Washington, DC",DC Action Fund Corporation,≤100
657708380952174,Voices of the Civil Rights Movement,Comcast,≤100
243399129090445,Christina Hale,HOOSIERS FOR HALE,≤100
102336501236330,Alliance for an Affordable DC,The American Beverage Association. Brought to you by the Alliance for an Affordable DC.,≤100
235667486509987,U.S. Vote Foundation,U.S. VOTE FOUNDATION,≤100
394817334402124,2020 Trump Bill,Innovative Ecomm LLC,≤100
211049239087028,Association of Young Americans,Benjamin J Brown,≤100
2377166239179411,Nancy Goroff for Congress,Goroff for Congress,≤100
106756327769815,Stand For The Promise,Stand For The Promise,≤100
103046977892124,Adam Christensen For Congress,ADAM J CHRISTENSEN FOR CONGRESS,≤100
479803215706927,Baird Welch-Collins,Baird for 38,≤100
245284549333866,ASMDSS,ASMDSS,≤100
340153562850578,Tim Tebow,TIM TEBOW FOUNDATION,≤100
96491683438,"The Friends of Israel Gospel Ministry, Inc.","FRIENDS OF ISRAEL GOSPEL MINISTRY, INC, THE",≤100
566008736785269,Be Heard Project,Be Heard Project,≤100
101366834743111,Staunch Moderates,Gregory Todd Simmons,≤100
102522874781212,The Gift Pros,CHRZSZ6BPBER JOHN HOUGHTON,≤100
102436701226752,Is It Sunday Yet?,Jarrett J Rogers,≤100
112552187080266,Protecting Every Future,American Council of Life Insurers,≤100
96159580682,Maine Democratic Party,MAINE DEMOCRATIC PARTY,≤100
615935445223906,Jim Marchant,MARCHANT FOR CONGRESS,≤100
47710973068,Cooperative Action Network,National Rural Electric Cooperatives Association,≤100
521924961194913,Bruce Westerman,Westerman for Congress,≤100
1809715209318581,Marjorie Taylor Greene for Congress,GREENE FOR CONGRESS,≤100
291318298488215,Veterans for Career Education,Veterans for Career Education,≤100
78420171887,Sailors for the Sea,SAILORS FOR THE SEAINC,≤100
124530924015,Hank Gilbert,HANK GILBERT FOR CONGRESS,≤100
105561217523274,The_Dispatch,"Dispatch Media, Inc.",≤100
519590768083165,Abby Finkenauer for Congress,FINKENAUER FOR CONGRESS,≤100
2144413402256029,"UAP, Inc - United American Patriots",United American Patriots Inc,≤100
181467702005600,Mark Warner VA,FRIENDS OF MARK WARNER,≤100
265045056894488,Mark Meckler,Convention of States Action,≤100
69039563201,Open Doors USA,"OPEN DOORS WITH BROTHER ANDREW, INC.",≤100
7735858972,Humane Society Legislative Fund,Humane Society Legislative Fund,≤100
1375618656016062,Deb Haaland for Congress,DEB HAALAND FOR CONGRESS,≤100
142432192446984,David Horowitz Freedom Center,David Horowitz Freedom Center,≤100
612701059241880,Latinos for Trump,TRUMP MAKE AMERICA GREAT AGAIN COMMITTEE,≤100
1014291495249813,Politicon,Politicon,≤100
106308567506025,Moe Davis for Congress,MOE DAVIS FOR CONGRESS,≤100
1053833861326820,John Burke,Presidential Playbook,≤100
158505287559920,Save the Storks,Save the Storks,≤100
1869687273277265,Run for Something,Run For Something PAC,≤100
317510461992641,Dana Balter,FRIENDS OF DANA BALTER,≤100
101176014673943,Michelle for Kansas,MICHELLE FOR KANSAS,≤100
104366694647716,Mike Price Muscle Shoals City Council Place 5,Michael Scott Price,≤100
13187955196,Young Americans for Liberty,Young Americans for Liberty,≤100
102010211314386,Donald Trump 2020 Voters,I Love My Freedom,≤100
2267285956849056,Donald Trump 2020 Fans,I Love My Freedom,≤100
1397799040234106,OpinionUP,OpinionUP LLC,≤100
128716440866482,Adam Milstein,Adam Milstein,≤100
394382318084500,United Against Mitch,GUARDIAN PAC,≤100
111597310595312,Enough Already 2020,Enough Already,≤100
312657362217994,Women's Heart Alliance,Women's Heart Alliance,≤100
1800072483402009,African Community & Conservation Foundation,African Community & Conservation Foundation,≤100
111499100431,National Association for Gun Rights,NATIONAL ASSOCIATION FOR GUN RIGHTS INC,≤100
1784991421516214,Seek Refuge,Seek Refuge,≤100
2040270322863853,Tina Smith,TINA SMITH FOR MINNESOTA,≤100
8914040942,Chesapeake Bay Foundation,"CHESAPEAKE BAY FOUNDATION, INC., THE",≤100
534064333315303,Nova Bucks,Network of Victim Assistance (NOVA),≤100
48530203934,The American Alpine Club,"AMERICAN ALPINE CLUB, THE",≤100
808450969246896,"Rebecca Walser, Tax Attorney, CFP",Walser Wealth Management,≤100
171495432868919,Imby,Enid S Futterman,≤100
173470656019870,The Daily Yonder,Great Stories LLC,≤100
673117639774135,Gretchen Whitmer,Gretchen Whitmer for Governor,≤100
101164484986617,To Be Frank Show,Real News PR,≤100
1436428353267835,Greenbrier County Democratic Women's Club,Sarah Zadek Umberger,≤100
169710960125365,Curzio Research,Curzio Research Inc.,≤100
103801844298982,Team Collins,COLLINS FOR SENATOR,≤100
987698164585861,Citizen Ed,Citizen Education,≤100
59543893235,National Constitution Center,National Constitution Center,≤100
1370474066365196,F1RST WARRIOR,First Warrior,≤100
102180301437619,2020 American Defense Fund,C3 PAC,≤100
317667194946264,Ro Khanna,RO FOR CONGRESS INC,≤100
234621494446654,We Can’t Trust Nancy Mace,DCCC,≤100
319982881752525,Kara Eastman,EASTMAN FOR CONGRESS,≤100
1115138095180309,Brian Farkas for NC House,Brian Farkas for NC House,≤100
294196590710262,FWD.us,FWD.us,≤100
110588273989071,Joe's Joe,Joes Joe LLC,≤100
80856241270,Wyland Foundation,These ads ran without a disclaimer,≤100
101174331629641,Ring The Alarm,RingTheAlarm.US,≤100
105872574403318,Project TAMMI,a research grant at The National Center on Addiction and Substance Abuse (CASA),≤100
110959362410288,Jewish Insider,Anthony Parker Sheehan,≤100
214061167976,El Tiempo Latino,Carlos Jose Munoz,≤100
102213854930272,Rocky Ford Tees,John Stephen Monahan,≤100
101494248328640,AgEvents,"Monument Valley, Inc.",≤100
249716212080256,Jim Clyburn,FRIENDS OF JIM CLYBURN,≤100
104084298079050,United Liberty,Carlos None Leon Trejo,≤100
108512875350,The Atlas Society,The Atlas Society,≤100
96832392186,US Open Tennis Championships,United States Tennis Association (USTA),≤100
143195412381888,"Georgia Gun Owners, Inc.",Georgia Gun Owners,≤100
133979276345,Georgia Farm Bureau,"GEORGIA FARM BUREAU FEDERATION, INC.",≤100
109941664086607,Richmond Action Alliance - RAA,The Richmond Action Alliance,≤100
931907200310657,Patients Rising Now,Patients Rising Now Inc,≤100
150867398278576,Oceana in South Carolina,OCEANA,≤100
216709768355686,Dinesh D'Souza,America2020 Film LLC,≤100
7822408815,Jane Nelson,Friends of Senator Jane Nelson,≤100
56332452163,AMA Patients Action Network,American Medical Association,≤100