﻿Page ID,Page Name,Disclaimer,Amount Spent (USD)
153080620724,Donald J. Trump,TRUMP MAKE AMERICA GREAT AGAIN COMMITTEE,1818
6726182861,Mike Pence,TRUMP MAKE AMERICA GREAT AGAIN COMMITTEE,1785
108824017345866,Facebook,"Facebook, Inc.",1102
202626512363,U.S. Census Bureau,U.S. Census Bureau,816
925007000949719,ExxonMobil,Exxon Mobil Corporation,782
1771156219840594,Team Trump,TRUMP MAKE AMERICA GREAT AGAIN COMMITTEE,602
148205145252473,Backcountry Hunters & Anglers,Backcountry Hunters & Anglers,397
156968474833352,Stop Republicans,Stop Republicans,344
271121199639002,Paulette for Senate 2020,PAULETTE FOR SENATE 2020,251
127225910653607,PragerU,PragerU,214
7860876103,Joe Biden,BIDEN VICTORY FUND,192
791543660926838,"I'll go ahead and keep my guns, Thanks",2A4LIFE LLC,192
1416776665285641,Idaho Mining Association,Idaho Mining Association,158
2267285956849056,Donald Trump 2020 Fans,I Love My Freedom,156
9324910069,NRSC,NRSC,152
20787991568,Senate Democrats,DSCC,151
107398241021186,The John Lewis Bridge Project,John Lewis Bridge Project,142
345504286342057,Keeping America Great Again,RightWingGear.com,133
112974563687584,Robert Kiyosaki - The Rich Dad Poor Dad Letter,Long Form Creative Co.,133
734911883307392,Idaho Freedom Action,Idaho Freedom Action,127
80562389320,NARAL Pro-Choice America,NARAL Pro-Choice America,126
153080620724,Donald J. Trump,"DONALD J. TRUMP FOR PRESIDENT, INC.",125
389002298352371,American Senior Benefits,John M Davis,112
665345483483486,NRA - National Rifle Association of America,NATIONAL RIFLE ASSN OF AMERICA,109
96935476345,Democratic Governors Association (DGA),Democratic Governors Association,103
132492254050920,American AF,AAF Nation,≤100
277005566267077,Blueland,Blueland,≤100
328853823844484,Balance of Power,Balance of Power,≤100
24330467048,Americans for Prosperity,AMERICANS FOR PROSPERITY,≤100
102671331487937,I Love My Freedom Store,I Love My Freedom,≤100
127755494595870,Progressive Takeover,PROGRESSIVE TAKEOVER,≤100
2352630938293825,Mytacticalpromos,Entremax,≤100
107858693983382,The GOP Shop,The GOP Shop,≤100
1615018905412860,Progressive Turnout Project,PROGRESSIVE TURNOUT PROJECT,≤100
92925746942,Judicial Watch,Judicial Watch,≤100
112720626850415,Rudy For Congress,RUDY FOR CONGRESS,≤100
168051710543266,Lacy Johnson,Lacy Johnson for Congress,≤100
176789922364429,Steve Daines,STEVE DAINES FOR MONTANA,≤100
1194865807192273,Conservative Gear,Outergoods LLC,≤100
33110852384,Doctors Without Borders/ Médecins Sans Frontières (MSF),Doctors Without Borders/Médecins Sans Frontières (MSF),≤100
602714436529710,End Citizens United,END CITIZENS UNITED,≤100
111393882812494,Amy McGrath,"AMY MCGRATH FOR SENATE, INC.",≤100
158791100909689,Concerned Veterans for America,Concerned Veterans for America,≤100
359477377917,American Federation for Children,American Federation for Children,≤100
481559282597914,TrumpersUnite,Respect The Look,≤100
105829564471772,Patriots Stand Together,Trizzie Truong,≤100
560140464159364,Stand for the 2nd Amendment,SFT2 Tactical Supply,≤100
112469786315,Boise Rescue Mission Ministries,BOISE RESCUE MISSION,≤100
322194751726887,Rep. Russ Fulcher,The Office of Congressman Russ Fulcher,≤100
245284549333866,ASMDSS,ASMDSS,≤100
278490715553293,Martha McSally,MCSALLY FOR SENATE INC,≤100
108118933908193,Next Level Goods,Next Level Goods LLC,≤100
586751814690068,Joni Ernst,Joni for Iowa,≤100
1883837055193241,Shield Republic,Shield Republic,≤100
96935476345,Democratic Governors Association (DGA),DEMOCRATIC ACTION,≤100
105084617912738,PatriotQuizzes,patriotquizzes.com,≤100
109092142462587,Adam Schiff,SCHIFF FOR CONGRESS,≤100
100137754724934,Trump 2020 Supporters,Proud Right Winger,≤100
259130650776119,Mitch McConnell,MCCONNELL SENATE COMMITTEE,≤100
85452072376,Newsmax,Newsmax Media,≤100
1109093812491437,Blaze Media,Blaze Media LLC,≤100
165987503528599,Lindsey Graham,"TEAM GRAHAM, INC.",≤100
305832706292882,American Gun Association,GunAssociation.org,≤100
105577974544303,The USA Needs More Patriots,AmeriPolling,≤100
101279451606075,Democratic Strategy Institute,Democratic Strategy Institute,≤100
203197030603239,8 Billion Trees,8 Billion Trees LLC,≤100
110974960642149,Proudly American,Grant Alan Johnston,≤100
213792049451918,Stand For America,Stand For America Inc,≤100
461204744067686,Family Protection Association,Family Protection Association,≤100
342294162453301,Planned Parenthood,Planned Parenthood Federation of America,≤100
302182941354,AARP Advocates,AARP,≤100
7976226799,The Daily Show,Comedy Central,≤100
57218184395,Walla Walla Community College,Walla Walla Community College,≤100
109111900634787,Reverend Raphael Warnock,WARNOCK FOR GEORGIA,≤100
181183059253295,Dorsal Bracelets,Dorsal Bracelets,≤100
429812024048177,Doug Jones for Senate,DOUG JONES FOR SENATE COMMITTEE,≤100
100392931351292,Northwest RiverPartners,Northwest RiverPartners,≤100
104856814505092,The Kids Guide,The Kids Guide,≤100
100256754899828,Patriot's Cave,Patriots Cave,≤100
112431050497386,Patriotism For Life,Vivian Lam Nguyen,≤100
530604487365010,Old Glory Flagpole Kits,Service First,≤100
977704775606273,Balls Deep Tackle,Balls Deep Tackle,≤100
332716170522025,America First Action,America First Action,≤100
114710126648118,Republican Dogs,Republican Dogs,≤100
328072970642479,Jaime Harrison,JAIME HARRISON FOR US SENATE,≤100
433919203362871,Bird + Stone,BIRD & STONE INC,≤100
2353537341582545,Proud Patriots,Proud Patriots,≤100
8934429638,Planned Parenthood Action,Planned Parenthood Action Fund,≤100
355316521236121,John Cornyn,TEXANS FOR SENATOR JOHN CORNYN INC.,≤100
45393753416,Alliance Defending Freedom,Alliance Defending Freedom,≤100
105732744375701,Steve Bullock,MONTANANS FOR BULLOCK,≤100
678029215732185,Reclaim Idaho,Reclaim Idaho,≤100
107758757670203,BLM Direct,BLM Store LLC,≤100
313097997669,StreetLightUSA,StreetLightUSA,≤100
18982436812,ACLU,American Civil Liberties Union,≤100
2330577043935831,Sara Gideon,SARA GIDEON FOR MAINE,≤100
717115395103069,PrintedKicks,Printed Kicks,≤100
106244251043808,Reuse Plastics,"AMERICAN CHEMISTRY COUNCIL, INC.",≤100
327837911149503,2A4Life,2A4LIFE LLC,≤100
830121337093232,National Democratic Training Committee,NATIONAL DEMOCRATIC TRAINING COMMITTEE PAC,≤100
373814729643508,Let America Vote,LET AMERICA VOTE PAC,≤100
580610428636345,Fight for $15,Fight for $15,≤100
23875187730,Feeding America,Feeding America,≤100
113891694102,Energy Citizens,AMERICAN PETROLEUM INSTITUTE,≤100
1316372698453411,Alexandria Ocasio-Cortez,Alexandria Ocasio-Cortez for Congress,≤100
163148530407080,Captain Mark Kelly,MARK KELLY FOR SENATE,≤100
5435784683,Greenpeace USA,"GREENPEACE, INC.",≤100
57259033959,AARP,AARP,≤100
113666459994300,Big Dan Rodimer for Congress,RODIMER FOR CONGRESS,≤100
18813753280,Human Rights Campaign,"HUMAN RIGHTS CAMPAIGN, INC.",≤100
1836138529938551,Greater Half,Greater Half,≤100
103597604713894,Team Trump Store,TRUMP MAKE AMERICA GREAT AGAIN COMMITTEE,≤100
1228396643984955,Michelle Steel,Michelle Steel for Congress,≤100
834645469890446,Devin Nunes,DEVIN NUNES CAMPAIGN COMMITTEE,≤100
7814597100,Jim Jordan for Congress,JIM JORDAN FOR CONGRESS,≤100
259212814698356,Democratic Majority for Israel,Democratic Majority for Israel,≤100
8325302025,Friends of the Earth U.S.,Friends of the Earth,≤100
21375324480,The Heritage Foundation,HERITAGE FOUNDATION (THE),≤100
257019421075897,Cory Gardner,Cory Gardner for Senate,≤100
1449461518652183,4Patriots,4Patriots LLC,≤100
6041057841,The Humane Society of the United States,"HUMANE SOCIETY OF THE UNITED STATES, THE",≤100
228754857151053,House Majority PAC,House Majority PAC,≤100
6820348410,Kirsten Gillibrand,Off the Sidelines,≤100
296708523873754,Karla Dennis and Associates Inc.,"Karla Dennis & Associates, Inc",≤100
19972147679,SEIU,SEIU,≤100
342887442508723,Convention of States,Convention of States Action,≤100
101459098271864,Vets United,Jae W Seo,≤100
101459098271864,Vets United,Korie Lynn Padgett,≤100
45555240203,America First Credit Union,America First Credit Union,≤100
106224464107240,Jo Jorgensen,Jo Jorgensen for President,≤100
193618220508,LIFE Today,LIFE Outreach International,≤100
598924810530984,Keeping America Great,FamTeeWorld,≤100
8550121410,Free Speech America Project,MEDIA RESEARCH CENTER,≤100
42872222699,Dana Loesch,Dana Loesch Radio,≤100
105455840860559,Eagle Realm,Eagle Realm,≤100
17911165812,Covenant House International,Covenant House,≤100
167586229923327,World Food Program USA,World Food Program USA,≤100
110177119192569,Knightscope,William Li,≤100
124081027752198,Idaho Education News,Idaho Education News,≤100
25055115099,Intuit,INTUIT INC.,≤100
894096170667732,Ashley Hinson,Ashley Hinson For Congress,≤100
107363964202840,Natural Security,Natural Security,≤100
6204742571,Sierra Club,SIERRA CLUB,≤100
6231686654,Compassion International,"COMPASSION INTERNATIONAL, INCORPORATED",≤100
105566671190013,What We All Need,Patrick Le Tran,≤100
118502801658228,Young Kim,Young Kim for Congress,≤100
309798029121030,Everytown for Gun Safety,Everytown for Gun Safety Action Fund Inc,≤100
15687409793,World Wildlife Fund,World Wildlife Fund,≤100
73970658023,International Rescue Committee,International Rescue Committee,≤100
16477459734,League of Conservation Voters,"LEAGUE OF CONSERVATION VOTERS, INC",≤100
142665849854371,House Freedom,HOUSE FREEDOM FUND,≤100
1025055787535714,A Case for Women,A Case for Women,≤100
114625730266879,Republican Voters Against Trump,Defending Democracy Together,≤100
1061240530648502,Joe Collins,JOE COLLINS FOR CONGRESS,≤100
110018833813683,Flip the Senate,SMP,≤100
178835922297833,American Clinical Laboratory Association,American Clinical Laboratory Association,≤100
530604487365010,Old Glory Flagpole Kits,Service First Flag Poles,≤100
151525932186806,When Democrats Turn Out,WHEN DEMOCRATS TURN OUT PAC,≤100
309308412520731,Sandy Hook Promise,Sandy Hook Promise,≤100
219224241438635,Compassion & Choices,COMPASSION & CHOICES,≤100
593289284500311,Trump Rack,BOXD Marketing,≤100
596556607135301,The Earthling Co.,The Earthling Co.,≤100
101324451668413,Hot US Gears,Click Wonders,≤100
126694924050678,Xavier Becerra,Becerra for Attorney General 2022,≤100
30139072158,CARE,CARE,≤100
195530355493,Chicks On The Right,Chicks on the Right,≤100
737686089933715,Conservative Collections,Mainline Media Group,≤100
130467958471,Jason Lewis,Jason Lewis for Senate,≤100
1983088561745901,Mark Bost for Idaho State Senate,Mark Andrew Bost,≤100
2081864865362439,Mike Espy,MIKE ESPY FOR SENATE CAMPAIGN COMMITTEE,≤100
628891490457484,Nancy Mace,Nancy Mace for Congress,≤100
101181794707874,United Research Group,United Research Group,≤100
7833534974,Florida Democratic Party,Florida Democratic Party,≤100
8047221596,Save the Children US,"SAVE THE CHILDREN FEDERATION, INC.",≤100
15188122178,The Hamilton Collection,The Hamilton Collection,≤100
27311599342,Preemptive Love,Preemptive Love Coalition,≤100
106549220701674,Pat Soulliere For Idaho,Patrick Soulliere For Idaho,≤100
2309566456030859,Human Coalition Action,Human Coalition Action,≤100
112694470356789,Trumpcare For America,Stuart Joseph Millar,≤100
115379705206001,U.S. Department of Homeland Security Blue Campaign,DHS Blue Campaign,≤100
19342050934,Leadership Institute,LEADERSHIP INSTITUTE INC,≤100
159964696102,Kevin McCarthy,KEVIN MCCARTHY FOR CONGRESS,≤100
754389791414401,Tony Wisniewski Idaho Representative District 3 Seat B,Wieslaw Antoni Wisniewski,≤100
303061950155375,John James,"JOHN JAMES FOR SENATE, INC.",≤100
592707041080920,Stand Together,Stand Together Chamber of Commerce Inc.,≤100
746938465317981,Nuclear Matters,Nuclear Matters,≤100
376776419037747,Turning Point USA,Turning Point USA,≤100
69983322463,Ted Cruz,TED CRUZ FOR SENATE,≤100
106645684412573,Cover Air Medical,Cover Air Medical,≤100
169130743498585,Tactical Pro Supply,Chad Keller,≤100
49651563727,Live Action,Live Action,≤100
72186095846,Center For American Progress Action Fund,Center for American Progress Action Fund,≤100
113417460443334,The Pie Hole Workers' Union,Austin Ray Losinger-Eggiman,≤100
203550842430,Mike Lee,FRIENDS OF MIKE LEE INC,≤100
265268336865693,Do Amore,Do Amore Limited Company,≤100
163302087408673,Stop The Donald,Stop the Donald,≤100
107654924064350,Pat Timmons-Goodson,PATRICIA TIMMONS-GOODSON FOR CONGRESS,≤100
104934207736995,Paycheck to Paycheck,Center for American Progress Action Fund,≤100
8321461609,MomsRising.org,MomsRising Together,≤100
21559454473,FAIR,FEDERATION FOR AMERICAN IMMIGRATION REFORM,≤100
100757504960070,Concealed_Country,Concealed Country,≤100
105756057589080,The Lincoln Project,The Lincoln Project,≤100
166618413413767,Jay Sekulow,American Center for Law and Justice,≤100
139599847972,National Nurses United,National Nurses United,≤100
8532248414,Wounded Warrior Project,"WOUNDED WARRIOR PROJECT, INC.",≤100
103185334702225,Stop Trump PAC,STOP 45 PAC,≤100
6333396177,NewsBusters.org,MEDIA RESEARCH CENTER,≤100
971668776283950,PolicyEd,Hoover Institution,≤100
109788797242679,The Patriot Circle,Kin Ngai Yeung,≤100
953136401464403,"Boise, ID Local - News Break",These ads ran without a disclaimer,≤100
108173075911611,National Association of Letter Carriers,National Association of Letter Carriers,≤100
605168822998856,314 Action,314 ACTION FUND,≤100
5720973755,Defenders of Wildlife,DEFENDERS OF WILDLIFE,≤100
775525186130124,Center for a Free Economy,Center for a Free Economy,≤100
102617961152741,Barbara Bollier,BOLLIER FOR KANSAS,≤100
134452023239984,Human Coalition,Human Coalition,≤100
105456291242733,Cooper Hefner For California,Cooper Hefner For California 2022 Exploratory Campaign,≤100
1530883997194411,United States Constitution,Flag and Cross,≤100
934438026690635,YouGov,YOUGOV AMERICA INC.,≤100
102745147891580,Trump Coolers,Eric Clifford Juels,≤100
1690071827911682,Cleancult,cleancult,≤100
2225580284361712,Tommy Tuberville,"TUBERVILLE FOR SENATE, INC.",≤100
23996308754,Senate Conservatives,SENATE CONSERVATIVES FUND,≤100
420785874975425,Conservative Institute,The Conservative Institute,≤100
113702026736466,National Parks Action Fund,National Parks Action Fund,≤100
2189265054726827,Liberty Tee Shop,www.libertyteeshop.com,≤100
206677396413254,Abortion On Our Own Terms,Abortion On Our Own Terms,≤100
142370046577999,Shahid Buttar for Congress,Shahid Buttar for Congress Committee,≤100
911828698840246,ReLEntless Defender Apparel,ReLEntless Defender Apparel,≤100
143729616392084,Van Drew for Congress,Van Drew for Congress,≤100
465483726908192,iVote,IVote Civic Education Fund,≤100
107589664099282,Stand Up To China,"Stand Up To China, Inc.",≤100
1540549669581410,Voices for Affordable Health,Voices for Affordable Health,≤100
102875587947942,Keep Trump In Office,Keep Trump In Office,≤100
601108943431836,The Flip Side,TFS Inc,≤100
950998258312654,Knowhere,"Knowhere, Inc.",≤100
7292655492,MoveOn,MOVEON.ORG POLITICAL ACTION,≤100
223008867858902,American Action News,American Action News,≤100
209516845093,NRDC Action Fund,NRDC Action Fund,≤100
25852730092,Care2,Care2 Inc,≤100
109360297266116,Fearless Patriot,TERESA NONE OHARA-MARSH,≤100
169277310432049,"Texas Precision Optics, Inc.",Texas Precision Optics Inc,≤100
215830238462422,The LIBRE Initiative,The Libre Initiative,≤100
745910525468062,National Center on Sexual Exploitation,National Center on Sexual Exploitation,≤100
2185993931653388,The Recount,"Recount Media, Inc",≤100
1336293769761923,Jon Ossoff,JON OSSOFF FOR SENATE,≤100
129255907131113,NumbersUSA,NUMBERSUSA EDUCATION AND RESEARCH FOUNDATION,≤100
169710960125365,Curzio Research,Curzio Research Inc.,≤100
228132537208218,Tammy Duckworth,TAMMY FOR ILLINOIS,≤100
135298176481584,Marine Corps Scholarship Foundation,Marine Corps Scholarship Foundation,≤100
105060677844787,Bill Savings,Bill Savings,≤100
83290028957,Care Net,CARE NET,≤100
215968684159,AFT - American Federation of Teachers,American Federation of Teachers,≤100
106003594486756,Standing Up Together,Annie Wang,≤100
1055873511190792,Hello Resistance,Hello Resistance Apparel,≤100
72931140459,Center for Biological Diversity,"CENTER FOR BIOLOGICAL DIVERSITY, INC.",≤100
87186661244,Johns Hopkins Bloomberg School of Public Health,Johns Hopkins Bloomberg School of Public Health,≤100
109379100777665,Patriotism Isn't Dead,Patriot Polling,≤100
18709174006,National Audubon Society,"NATIONAL AUDUBON SOCIETY, INC.",≤100
6820348410,Kirsten Gillibrand,Gillibrand for Senate,≤100
159597424207730,David Perdue,PERDUE FOR SENATE,≤100
105060269781,Premiere Collectibles,"Premiere Marketing, Inc.",≤100
407664862957433,Ammar Campa-Najjar for Congress,AMMAR CAMPA-NAJJAR FOR CONGRESS,≤100
38471053686,Elizabeth Warren,"WARREN DEMOCRATS, INC.",≤100
408250066356,Bill O'Reilly,"Bill Me, Inc.",≤100
107150077720746,American Collectibles,Christopher Walter Adams,≤100
101210588150219,Boy Scouts Abuse Claims,X Social Media LLC,≤100
405469100189512,Still My President - Donald Trump,Red State Politics LLC,≤100
46093654473,National Republican Congressional Committee,NRCC,≤100
100233228182981,Madison Cawthorn for Congress,CAWTHORN FOR NC,≤100
496696933682736,Jeff Merkley,JEFF MERKLEY FOR OREGON,≤100
6236054211,Brady,Brady Campaign to Prevent Gun Violence,≤100
102636677971854,Trump Is The Storm,Legendary Trump Coins,≤100
540526852677746,Bruce Skaug for Idaho,Bruce David Skaug,≤100
1551109418518461,The Honest Patriot,Amundson Media LLC,≤100
103315378108004,True Patriot Strength,LE-HUU DONG HUYNH,≤100
249455845761285,Lindsey Must Go,LMG PAC,≤100
1526736227567131,TrueCoverage,True Coverage,≤100
50982313030,Food & Water Watch,Food & Water Watch,≤100
104504438466,Federal Voting Assistance Program - FVAP,Federal Voting Assistance Program,≤100
101481584557260,Help Asheville Bears-HAB,Heather Christina Williams,≤100
210277954204,The Young Turks,"The Young Turks, Inc.",≤100
384557995468219,Viral Casez,Viral Casez,≤100
675471506247724,Adair for Congress,ADAIR FOR CONGRESS,≤100
107150077720746,American Collectibles,Proud Patriots,≤100
192771954102960,Jordan Sekulow,American Center for Law and Justice,≤100
97493741436,John W. Hickenlooper,HICKENLOOPER FOR COLORADO,≤100
1338822066131069,Women's March,Women's March,≤100
51379424899,Mercy Ships,MERCY SHIPS INTERNATIONAL,≤100
101591551371555,Fire Mitch. Save America.,SAVE AMERICA FUND,≤100
259212814698356,Democratic Majority for Israel,DMFI PAC,≤100
253791814655400,Doug Collins,"COLLINS FOR SENATE, INC.",≤100
153678684700451,American Investment Council,AMERICAN INVESTMENT COUNCIL,≤100
205395906412,UAW International Union,"INTERNATIONAL UNION, UNITED AUTOMOBILE, AEROSPACE AND AGRICULTURAL IMPLEMENT WORKERS OF AM",≤100
2339203789732156,Kim Mangone for Congress,COMMITTEE TO ELECT KIM MANGONE FOR CONGRESS,≤100
15041226930,Oxfam,"OXFAM AMERICA, INC.",≤100
629732217415068,Republican Party,Greater Half,≤100
2078647579047586,Project Pulso,Project Pulso,≤100
11791104453,NRDC,Natural Resources Defense Council,≤100
1234251319933440,Exclusive Apparel,The Dude's Threads,≤100
360303722260,Kathleen Williams,KATHLEEN WILLIAMS FOR MONTANA,≤100
1079789672084038,SimonBooks,Simon & Schuster,≤100
245741028804051,Barbara Sinatra Center,Barbara Sinatra Children's Center,≤100
27544763621,Prison Fellowship,Prison Fellowship,≤100
683872625157265,Theresa Greenfield,THERESA GREENFIELD FOR IOWA,≤100
107210084216238,Humanity Forward,Humanity Forward,≤100
106949844346620,Trumpian Republicans,Gregory Lawrence Burright,≤100
277005566267077,Blueland,These ads ran without a disclaimer,≤100
655065784538368,PredictIt,"PredictIt - Prediction Markets. A project of Victoria University of Wellington, PredictIt has been established to facilitate research into the way markets forecast events.",≤100
171651620209487,Brady PAC,Brady Pac,≤100
235762319779450,Omar Navarro,OMAR NAVARRO FOR CONGRESS,≤100
101995691603162,2BKK,Kim Yen Nguyen,≤100
7219151423,The Fund for American Studies (TFAS),The Fund for American Studies,≤100
102314011228013,Hear Our Voice Store,These ads ran without a disclaimer,≤100
788394134539871,USPS Business,United States Postal Service,≤100
1917715138510680,Follow Your Legend,Legend Bracelet,≤100
7263476274,Mercy Corps,Mercy Corps,≤100
58736997707,Marco Rubio,Marco Rubio for Senate,≤100
96171427550,Raja for Congress,FRIENDS OF RAJA FOR CONGRESS,≤100
118303441570966,Home Ownership Matters,NATIONAL ASSOCIATION OF REALTORS,≤100
1925751504337881,MJ Hegar,MJ FOR TEXAS,≤100
333081284065216,Brynne Kennedy for Congress,BRYNNE KENNEDY FOR CONGRESS,≤100
30708742052,FCTRY,FCTRY,≤100
277414242013,Joyce Elliott for Congress,JOYCE ELLIOTT FOR CONGRESS,≤100
248181906078243,National Institute for Civil Discourse,CommonSense American,≤100
101136147910784,Represent Justice,Represent Justice,≤100
5633824547,FreedomWorks,"FREEDOMWORKS, INC.",≤100
6713653788,Gary Peters,PETERS FOR MICHIGAN,≤100
58158120046,ACLJ,American Center for Law and Justice,≤100
152264148166020,Moms Clean Air Force,Moms Clean Air Force,≤100
290851614930809,Combat AntiSemitism,Combat Anti-Semitism,≤100
143986912311328,University of Vermont Continuing and Distance Education,University of Vermont,≤100
303167829786891,Ed Markey,THE MARKEY COMMITTEE,≤100
102564128179023,Truth to Power,TRUTH TO POWER,≤100
243947752771440,TJ Cox for Congress,TJ COX FOR CONGRESS,≤100
149081336362,AmeriCorps VISTA,Corporation for National and Community Service,≤100
30914589895,The International Fellowship of Christians and Jews,"INTERNATIONAL FELLOWSHIP OF CHRISTIANS & JEWS, INC.",≤100
217976018236954,OutKick,Outkick Media LLC,≤100
103644036958,United Association,United Association Political Education Committee,≤100
296295018082,AARP en Español,AARP,≤100
2012750189007245,Liquid Death Mountain Water,Liquid Death,≤100
29770886815,Marijuana Policy Project,Marijuana Policy Project,≤100
105536127617594,The American Digest,The American Digest,≤100
293225127381200,Patriot Depot,The Patriot Depot,≤100
211642542220470,"AARP Medicare Supplement Plans, insured by UnitedHealthcare Insurance Co.",United Healthcare,≤100
24481937944,Theodore Roosevelt Conservation Partnership,"THEODORE ROOSEVELT CONSERVATION PARTNERSHIP, INC",≤100
102592959026,Ocean Conservancy,"OCEAN CONSERVANCY, INC.",≤100
493811210669780,Creative Action Network,Creative Action Network,≤100
317284821682168,Messianic Jewish Alliance of America (MJAA),Messianic Jewish Alliance of America,≤100
103235554648484,Elect Scientists,314 ACTION FUND,≤100
10498053716,Media Research Center,MEDIA RESEARCH CENTER,≤100
103162411257510,Trumplican,USA Movements,≤100
1600352356914768,PushBlack,PushBlack,≤100
1799282383731277,TwoSeventy,Alexander Jared Deutsch,≤100
1389807071117013,Lynn Afendoulis,Lynn Afendoulis for Congress,≤100
21834534343,Volunteers of America,"VOLUNTEERS OF AMERICA, INC.",≤100
1439364926329185,Animal Matters,Animal Matters,≤100
103801844298982,Team Collins,COLLINS FOR SENATOR,≤100
420424547981908,In Search of Liberty,Scott Dennis Welch,≤100
7962229886,Environmental Working Group,ENVIRONMENTAL WORKING GROUP,≤100
396932197039819,SafeSleeve,"SafeSleeve, LLC",≤100
35169196082,Project HOPE,"PROJECT HOPE-THE PEOPLE-TO-PEOPLE HEALTH FOUNDATION, INC.",≤100
15240089946,Costco,Costco Wholesale,≤100
203330919857759,All On The Line,National Redistricting Action Fund,≤100
1576236875930301,Global Cyber Alliance,Global Cyber Alliance with ad credits,≤100
114386721939978,The Made in America Store,Made In America Store,≤100
113676922032321,Larry Elder,Salem Media,≤100
53541257714,The Arc of the United States,The Arc with Facebook Ad Credits,≤100
176466646087311,DC Fawcett,Donald Chappell Fawcett,≤100
67626834312,National Women's Law Center,National Women's Law Center,≤100
106841030944424,Christopher Matthews for Idaho,Christopher S Matthews,≤100
346390085432744,Sean Patrick Maloney,SEAN PATRICK MALONEY FOR CONGRESS,≤100
111428049989,Cal Cunningham,CAL FOR NC,≤100
113310617054164,Trump Baseball Bats,Trump Baseball Bats,≤100
1545826148838592,Trump 2020,Gregory Lawrence Burright,≤100
780941275347834,Ilhan Omar,ILHAN FOR CONGRESS,≤100
186932688457686,CHNGE,CHNGE,≤100
112600915451330,No Labels,No Labels,≤100
50576707351,Republican State Leadership Committee,Republican State Leadership Committee,≤100
294508332028,Lakota People's Law Project,ROMERO INSTITUTE,≤100
8501031021,VoteVets.org,VOTEVETS,≤100
115757826468774,Statsigo,Statsigo,≤100
345378512258813,Elise Stefanik,ELISE FOR CONGRESS,≤100
503216076528757,Breaking Through,Crimson Steep Solano,≤100
107937014153581,Energized Health,John Jubilee Transformation LLC DBA Energized Health,≤100
21395843375,Dialysis Patient Citizens,DIALYSIS PATIENT CITIZENS INC,≤100
115364585711,Lawyers' Committee for Civil Rights Under Law,Lawyers' Committee for Civil Rights Under the Law with Facebook Ad Credits,≤100
107953199261156,ifaw,"INTERNATIONAL FUND FOR ANIMAL WELFARE, INC.",≤100
110987110398146,Make Liberty Win PAC,MAKE LIBERTY WIN,≤100
543066585882629,Libertarian Country,Libertarian Country,≤100
497081420632330,Dr. Hiral Tipirneni,HIRAL FOR CONGRESS,≤100
1841824626073676,Candace Valenzuela for Congress,CANDACE FOR 24,≤100
143089732792,Marsha Blackburn,Blackburn Tennessee Victory Fund,≤100
348839551906904,Democracy in Color,POWERPAC DOT ORG,≤100
681626158940626,Mission Roll Call,Americas Warrior Partnership,≤100
336470580233523,Pins and Aces Golf Co.,US Craft Brands LLC,≤100
357554791340788,Liker,Omar Rivero,≤100
519590768083165,Abby Finkenauer for Congress,FINKENAUER FOR CONGRESS,≤100
1721651621468777,Fairyseason Trend,These ads ran without a disclaimer,≤100
1709145412721991,The Center for Growth and Opportunity at Utah State University,The Center for Growth and Opportunity,≤100
422202764649078,Rhode Island Department of Education - RIDE,Rhode Island Department of Education,≤100
181924628560212,SumOfUs,SumOfUs,≤100
111929803714895,SN Research,Story Network Foundation,≤100
1555039491394668,CM Voter Center,CM Voter Center,≤100
50711561090,Muslim Advocates,MUSLIM ADVOCATES,≤100
87777747127,Greg Palast,Palast Investigative Fund,≤100
104051398040027,CCW Online Now_,Concealed Country,≤100
169597416843751,Stand Up America,Stand Up America,≤100
108512875350,The Atlas Society,The Atlas Society,≤100
291102898490822,Giant Maga Hat,Inventors club LLC,≤100
399823770409371,Runge Furniture,These ads ran without a disclaimer,≤100
101174331629641,Ring The Alarm,RingTheAlarm.US,≤100
31966561030,National Taxpayers Union,National Taxpayers Union,≤100
166738743732702,All Above All Action,All Above All Action Fund,≤100
107698564046392,Lauren Boebert for Congress,LAUREN BOEBERT FOR CONGRESS,≤100
892673067526965,Project War Path,Project War Path,≤100
104051398040027,CCW Online Now_,Amil Esmailpour,≤100
105283560949571,Trump 2024 Film,2024 LLC,≤100
23790541544,Democrats,DCCC,≤100
106402714456835,Trees 4 Australia,Trees4Australia,≤100
343714718985673,Think Wood,Think Wood,≤100
342294162453301,Planned Parenthood,These ads ran without a disclaimer,≤100
129523843754764,Vote Smart,PROJECT VOTE SMART,≤100
172758932738142,PhRMA,PHARMACEUTICAL RESEARCH AND MANUFACTURERS OF AMERICA,≤100
178024352559210,Great America PAC,GREAT AMERICA PAC,≤100
2070944712939738,American Police Officers Alliance,American Police Officers Alliance,≤100
173837496125511,Conscious Step,Conscious Step,≤100
896759427103774,Modern Medicaid Alliance,Modern Medicaid Alliance,≤100
109678580574253,Politicool Clothing Co.,PolitiCoolClothing.com,≤100
55549065733,Voto Latino,VOTO LATINO INC.,≤100
1613516851999536,Sunrise Movement,Sunrise,≤100
103405747975934,Shelley Brock For Idaho,Shelley Brock,≤100
210357995667559,The National Memo,The National Memo,≤100
166166843531258,National Council of Resistance of Iran - شورای ملی مقاومت ایران,MEK-Iran (Saeid Saadati),≤100
664200923596900,Sustain,Grove Collaborative,≤100
104881317722736,Get-It-Out,Matthew Justin Viles,≤100
123963360928,SiriusXM,SIRIUS XM RADIO INC.,≤100
55549065733,Voto Latino,Voto Latino with Facebook Ad Credits,≤100
128958937175029,Trivia Today,Benjamin Aaron Perlman,≤100
190791934406034,HRC Ministries,HRC MINISTRIES,≤100
394817334402124,2020 Trump Bill,Innovative Ecomm LLC,≤100
192015461630968,Supporting Our Brave Veterans,James Brian Plouf,≤100
246846192720018,War On Our Future,The Years Project,≤100
682990071843813,Center for the Study of Liberty,Center for the Study of Liberty,≤100
872842866161157,One Nation Design,One Nation Design,≤100
354851377936744,BookTV,C-SPAN,≤100
350784278974539,Turning Point Action,Turning Point Action,≤100
20876805343,March of Dimes,MARCH OF DIMES INC.,≤100
117058854998779,The Gideons International,"GIDEONS INTERNATIONAL, THE",≤100
1612726335627171,We the Internet TV,We the Internet TV,≤100
106940962666985,United By Blue,These ads ran without a disclaimer,≤100
44340057816,Uncommon Goods,UncommonGoods,≤100
13063797831,Ben Ray Luján,PEOPLE FOR BEN,≤100
1370474066365196,F1RST WARRIOR,First Warrior,≤100
11111618026,Union of Concerned Scientists,"UNION OF CONCERNED SCIENTISTS, INC.",≤100
419992651425033,Guardianes del Pueblo-Consumer Law Group,Consumer Law Group,≤100
717417908274761,Lady Freethinker,Lady Freethinker,≤100
112735922758892,Charlie Kirk,Charlie Kirk,≤100
17432811417,Working Families Party,Working Families Party National Independent Expenditure Committee,≤100
540707072979860,Brian Maryott,MARYOTT FOR CONGRESS,≤100
100213321426014,Northwest Gun News,Northwest Gun News,≤100
300992409852,Hoover Institution,Hoover Institution,≤100
104667417857551,United Association LLC,United Association LLC,≤100
281844617168,Jewish Voice Ministries International,JEWISH VOICE MINISTRIES INTERNATIONAL,≤100
28144169620,Alliance for Aging Research,Alliance for Aging Research,≤100
551158678560402,Epimonia,Epimonia LLC,≤100
711909245654048,National Police Support Fund,National Police Support Fund,≤100
460236704351535,Tracy Mitrano,TRACY MITRANO FOR CONGRESS,≤100
1099478666810053,Meals For Pets,Meals for Pets,≤100
360424321432255,Doha Debates,Doha Debates,≤100
1658135304460341,MANG,MANG,≤100
61265398450,AmeriCorps NCCC,Corporation for National and Community Service,≤100
328853823844484,Balance of Power,These ads ran without a disclaimer,≤100
2264090133834042,Invite Research,Precision Network,≤100
361960287311696,Better Medicare Alliance,"Better Medicare Alliance, Inc",≤100
59877921429,Lutheran Immigration and Refugee Service,"LUTHERAN IMMIGRATION AND REFUGEE SERVICE, INC.",≤100
124626320898336,Catholic Extension,"CATHOLIC CHURCH EXTENSION SOCIETY OF THE UNITED STATES OF AMERICA, THE",≤100
39432041915,Capital Research Center,CAPITAL RESEARCH CENTER INC,≤100
262138411622,Faces of Lawsuit Abuse,US Chamber Institute for Legal Reform,≤100
8321461609,MomsRising.org,MomsRising Education Fund,≤100
101324451668413,Hot US Gears,These ads ran without a disclaimer,≤100
121626482110,Operation Smile,"OPERATION SMILE, INC.",≤100
110010433804232,Falkirk Center,Falkirk Center,≤100
101295517956158,Tricia Zunker for Wisconsin,Tricia Zunker for Wisconsin,≤100
785936231584382,Paula Jean Swearengin,Paula Jean for West Virginia,≤100
1653251174924652,Fuzzu,Fuzzu,≤100
2259323457517498,Abolish the Electoral College,ABOLISH THE ELECTORAL COLLEGE,≤100
101391906600,Live Action News,Live Action News,≤100
468906559794011,LaunchGood,LaunchGood Inc.,≤100
100401327980848,National Parents Union,National Parents Union,≤100
1528498354074301,Punching Bag Media - Conservative News,Sean Michael Probber,≤100
127216280686110,Ann Wagner,Ann Wagner for Congress,≤100
123965317665623,N-Hance Wood Refinishing,N-Hance Inc.,≤100
113553048669158,Rick Scott,TEAM RICK SCOTT,≤100
122475637000,Georgia Forestry Association,Georgia Forestry Association,≤100
108090464296366,Republican Patriots,I Love My Freedom,≤100
135081079769,AFGE,American Federation of Government Employees,≤100
92021268117,Working America,Working America,≤100
211049239087028,Association of Young Americans,Benjamin J Brown,≤100
135217359858599,Pacific Northwest Waterways Association (PNWA),Pacific Northwest Waterways Association,≤100
54787697857,Ron Wyden,WYDEN FOR SENATE,≤100
9739634228,The Political Machine,"Hitcents.com, Inc",≤100
566008736785269,Be Heard Project,Be Heard Project,≤100
105561217523274,The_Dispatch,"Dispatch Media, Inc.",≤100
121033149320,American Indian College Fund,"AMERICAN INDIAN COLLEGE FUND, THE",≤100
100697751658498,Stronger.org,Christopher Michael Norris,≤100
334748476594191,Rodney Davis,Rodney for Congress,≤100
153278754738777,Climate Reality,The Climate Reality Project,≤100
141692255929599,Democratic Socialists of America,DEMOCRATIC SOCIALISTS OF AMERICA INC,≤100
104505064408799,Cove USA,"Cove USA, LLC",≤100
248306181862385,Live Lokai,Denise L Reina,≤100
161186620643972,American Institute for Economic Research,AMERICAN INSTITUTE FOR ECONOMIC RESEARCH,≤100
810122486032496,Jackie Gordon,JACKIE GORDON FOR CONGRESS,≤100
154510321337994,Chris Pappas for Congress,CHRIS PAPPAS FOR CONGRESS,≤100
19474609238,Mercatus Center at George Mason University,Mercatus Center at George Mason University,≤100
51405613519,Focus on the Family,Focus on the Family,≤100
107665644228467,Conservative Journal Review,Conservative Journal Review LLC,≤100
275908853303174,Pro-Israel America,Pro-Israel America United,≤100
215199482635728,Alek Skarlatos,ALEK FOR OREGON,≤100
1668350569891953,Rainbow Movement,William James Ulrich,≤100
109379393894282,Keep Texas Moving,TEXAS ASSOCIATION OF BUSINESS,≤100
21666599859,Healthcare Providers Service Organization,These ads ran without a disclaimer,≤100
100637888239523,Free Reign For All,Kin Ngai Yeung,≤100
169204449790211,Conservative News Today,"BizPac Review, Inc.",≤100
341858589449,Save Bristol Bay,"TROUT UNLIMITED, INC.",≤100
1934191280189700,Health Care Voter,Health Care Voter,≤100
710669049286394,Woo the People,Khosro David Illulian,≤100
664770743730817,Dan Feehan for Congress,FRIENDS OF DAN FEEHAN,≤100
221401431386940,Pramila Jayapal,PRAMILA FOR CONGRESS,≤100
157307331013957,The History List,The History List,≤100
288110884600563,Lean In,"Sheryl Sandberg & Dave Goldberg Family Foundation d/b/a LeanIn.Org, LLC",≤100
146736258721743,True The Vote,True the Vote,≤100
1443127535947107,Save the Children Action Network,Save the Children Action Network,≤100
455147011996099,The Ann and Phelim Scoop,The Unreported Story Society,≤100
103617578071596,Anti-racism campaign,Anti-Racism Campaign,≤100
375760676281438,Mermaid Straw,Mermaid Straw,≤100
137459917707,The Brookings Institution,The Brookings Institution,≤100
104684067632334,Unite the Country,UNITE THE COUNTRY,≤100
304062610300415,VozWire,Gregson E Mathe,≤100
113313830408238,Drain The Swamp Collection,Drain The Swamp Collection,≤100
2336022790003836,Patients + Providers United,Patients and Providers United,≤100
721689044860696,OneBlinc,"BLINCLOANS, LLC",≤100
100644915074416,45thdepot,45th depot,≤100
105222917615301,Jen Richardson for Congress,CITIZENS FOR JEN RICHARDSON,≤100
131217580266597,National Council on Aging,"NATIONAL COUNCIL ON AGING, INC.",≤100
167139593306791,ACLU of Michigan,AMERICAN CIVIL LIBERTIES UNION,≤100
339432396135584,The Exodus Road,EXODUS ROAD INC,≤100
105331754570572,Presidents Mint,Kevin Ross Santiago,≤100
160513344045084,John Neely Kennedy,"John Kennedy for Us, Inc",≤100
1833879943496521,Spread The Vote,Spread the Vote,≤100
111970730196550,World War Zero,AMERICAN SECURITY PROJECT,≤100
53727956260,Republican Jewish Coalition,Republican Jewish Coalition,≤100
85273022315,NAMI,NAMI,≤100
242679302418244,Denison Forum,Denison Ministries,≤100
173470656019870,The Daily Yonder,Great Stories LLC,≤100
117641114435,First Aid Beauty,First Aid Beauty,≤100
113341064736,American Conservative Union,American Conservative Union,≤100
323534524852061,Future Coalition,Future Coalition,≤100
518194348194441,RepresentUs,RepresentUs,≤100
1819658374974706,Arena,Arena PAC,≤100
1637425586536650,Thin Blue Line USA,These ads ran without a disclaimer,≤100
2165983337048601,LeverforChange,Lever for Change,≤100
179513292162226,American History TV,C-SPAN,≤100
227535924071462,Animal Petitions,AnimalPetitions.org,≤100
1640970822834351,Plaine Products,Plaine Products,≤100
7642602143,Mother Jones,FOUNDATION FOR NATIONAL PROGRESS,≤100
592347634460462,Partnership for America's Health Care Future,Partnership for America's Health Care Future,≤100
21492729544,Catholic Relief Services,CATHOLIC RELIEF SERVICES - UNITED STATES CONFERENCE OF CATHOLIC BISHOPS,≤100
7292655492,MoveOn,MOVEON.ORG CIVIC ACTION,≤100
284946111858895,Debbie Mucarsel-Powell,DEBBIE FOR CONGRESS,≤100
514167322309353,Dan Crenshaw,Crenshaw For Congress,≤100
100101018155207,Paid Leave for All,Paid Leave for All a project of Hopewell Fund,≤100
113223650193301,MAGA REVOLUTION,Apse Media LLC,≤100
28510612138,Uncommon Knowledge,Hoover Institution,≤100
101164484986617,To Be Frank Show,Real News PR,≤100
101127364972509,Dems For USA,Dems For USA,≤100
17023576156,The Leadership Conference on Civil and Human Rights,The Leadership Conference on Civil and Human Rights,≤100
26006662641,Arizona Democratic Party,Arizona Democratic Party,≤100
469609533112889,iDisciple,iDisciple,≤100
1014291495249813,Politicon,Politicon,≤100
25121889784,Texas Public Policy Foundation,Texas Public Policy Foundation,≤100
420756238503932,Your American Flag Store,Your American Flag Store,≤100
331037760381749,Sierra Magazine,SIERRA CLUB,≤100
256521221031254,Spokane River Forum,Spokane River Forum - EnviroCertified,≤100
265045056894488,Mark Meckler,Convention of States Action,≤100
443329669123990,USAFacts,USAFacts Institute,≤100
127225910653607,PragerU,These ads ran without a disclaimer,≤100
169440273093442,The Center for Election Science,The Center for Election Science,≤100
260754507296508,The Voter Participation Center,Voter Participation Center,≤100
374848446414965,Pollking,Benjamin Aaron Perlman,≤100
130945114804,World Jewish Congress,WORLD JEWISH CONGRESS AMERICAN SECTION INC,≤100
1425435377743310,Conversations with Bill Kristol,The Foundation for Constitutional Government,≤100
106114264313679,Hunt The Vote,"Hunter Nation, Inc",≤100
444843026057642,Born From A Wave,Born From A Wave LLC,≤100
10150100007820094,Wendy Davis,WENDY DAVIS FOR CONGRESS,≤100
6165653060,AFSCME,AMERICAN FEDERATION OF STATE COUNTY & MUNICIPAL EMPLOYEES,≤100
36872302227,Cory Booker,Cory Booker for Senate,≤100
197760674021143,Indivisible Guide,INDIVISIBLE ACTION,≤100
1679521432262834,Physicians Grassroots Network,American Medical Association,≤100
2295062210811244,Coalition for American Veterans,COALITION FOR AMERICAN VETERANS POLITICAL ACTION COMMITTEE,≤100
7209432197,Chris Coons,CHRIS COONS FOR DELAWARE,≤100
180060629247353,Elaine Luria for Congress,ELAINE FOR CONGRESS,≤100
1784991421516214,Seek Refuge,Seek Refuge,≤100
103877744493195,Briit Botanicals,Briit Botanicals,≤100
342623112567750,The Shoe That Grows,Because International Corp,≤100
419237048158257,Susan Collins,COLLINS FOR SENATOR,≤100
114885646899438,Mr. 45th,Clush,≤100
111772843789224,HURD PAC,HAVING UNWAVERING RESOLVE AND DETERMINATION PAC,≤100
907919839243616,My Faith Votes,THEN VISION CHARITABLE TRUST,≤100
109551610742579,Judge Dale Cohen,"Dale Cohen, Non-Partisan, for Circuit Court Judge Group 30",≤100
1084856268238034,Trump Talking,Roberto None Lugo,≤100
373980880018659,Congresswoman Abigail Spanberger,the Office of Rep. Spanberger,≤100
103966331128460,Trump Train 2020 Campaign Tour,The Trump Train,≤100
1636216106590985,Josh Hawley,JOSH HAWLEY FOR SENATE,≤100
101910618215076,Our Big Sky Country,MAJORITY FORWARD,≤100
113034087125584,Robert Underwood,Robert A Underwood,≤100
49059279814,Institute for Justice,INSTITUTE FOR JUSTICE,≤100
830890360316751,Nick Hanauer,Civic Action,≤100
102413723172970,Nick Adams,Nick Adams,≤100
1852520761657982,4ocean,4ocean,≤100
100543701730020,Against Hate at FSU,Against Hate at FSU,≤100
306082439558656,KRAUSE & KINSMAN LAW FIRM,Krause & Kinsman Law Firm,≤100
2049170775107862,Resistance By Design,Resistance By Design,≤100
856208611420219,Christina Finello,FINELLO FOR CONGRESS,≤100
1452551204988299,GoReact,Speakworks Inc,≤100
1354622541311687,Dr. Kim Schrier,DR KIM SCHRIER FOR CONGRESS,≤100
34701792581,EWTN,Eternal Word Television Network,≤100
240937060405,Center for Science in the Public Interest (CSPI),CENTER FOR SCIENCE IN THE PUBLIC INTEREST,≤100
2283535575207809,Ditch Mitch,DITCH FUND,≤100
103903914570915,Pro2a,Delta Team Marketing,≤100
114475890010131,Piggy Dollar Financial,Tyler Wayne Hedland,≤100
308159713150350,Voter Protection Project,VOTER PROTECTION PROJECT,≤100
103929304678916,Voter Action Project,Integrity First Voter Action Project,≤100
19182454196,Newt Gingrich,"Premiere Marketing, Inc.",≤100
108152933883451,TrumpTrendz,Troy Lorenzo Davis,≤100
313723095478950,The Daily Citizen,Focus on the Family,≤100
571748412859876,Matt Rosendale,Matt Rosendale for Montana,≤100
1880279355630013,Humanity Stoked,"WHATSTOPSYOU.ORG FOUNDATION, INC.",≤100
127882247420,Jillian Michaels,These ads ran without a disclaimer,≤100
105433064492153,The Return 2020,The Return International,≤100
101208514791301,Daniel Turner,Power The Future Inc,≤100
1868885156673680,Sarasota citizen Martin Hyde,Martin Hyde for Sarasota City Commission,≤100
680549575421741,UnitedVoice.com,"Beachside Media, Inc.",≤100
101690998009007,Improving Life Through Health,Nicolette Dalan,≤100
1268410219898273,Tango Tango,Tango Tango Inc,≤100
814260155318929,The Fairness Project,The Fairness Project,≤100
158505287559920,Save the Storks,Diane Patricia Ferraro,≤100
5887538795,Education Week,Education Week,≤100
87977452433,Zumiez,Zumiez,≤100
123624513983,The Western Journal,The Western Journal,≤100
723136714746586,The Common Ground Project,"The Common Ground Project, Inc",≤100
369214063089791,Lummis for Wyoming,LUMMIS FOR WYOMING INC.,≤100
200201209253,Latino Community Foundation,Latino Community Foundation,≤100
357750373755,National Domestic Workers Alliance,National Domestic Workers Alliance,≤100
337963610428971,Yana for Wyo,YANA FOR WYO,≤100
111163637324238,BA Apparel,Michael Seth Weathers,≤100
1653885501501009,Propeller,Propeller Enterprises,≤100
342006339184405,National Children's Alliance,NATIONAL CHILDRENS ALLIANCE INC,≤100
329284771298646,Issue One Action,Issue One Action,≤100
237477017606,Club for Growth,Club for Growth,≤100
1397799040234106,OpinionUP,OpinionUP LLC,≤100
427302110732180,Mike Cernovich,Michael C Cernovich,≤100
587676831343390,Raheem AI,RAHEEM AI,≤100
100391581727524,Defeat By Tweet,DEFEAT BY TWEET,≤100
189452770432,Women's Campaign Fund,WOMENS CAMPAIGN FUND INC,≤100
207549645977714,Families Belong Together,Families Belong Together,≤100
142992759853421,Be A Hero,BE A HERO PAC,≤100
950837325113887,Life Money Stuff,Life Money Stuff,≤100
160630887998827,Let Them Live,Let Them Live,≤100
6012633110,Communications Workers of America,"COMMUNICATIONS WORKERS OF AMERICA, AFL-CIO, CLC",≤100
317667194946264,Ro Khanna,RO FOR CONGRESS INC,≤100
6756153498,Mike Bloomberg,Mike Bloomberg,≤100
110316697328742,People of Seniors Housing,People of Seniors Housing,≤100
201248453800242,My Pay My Say,Mackinac Center for Public Policy,≤100
541807025833154,Malala Fund,Malala Fund,≤100
844369892298162,Jake Ellis for District 15,Committee to elect Jake Ellis,≤100
21647204289,Michigan Education Association,Michigan Education Association,≤100
1747132688647028,Democratic Association of Secretaries of State,Democratic Association of Secretaries of State,≤100
100119981671668,Blue Senate,BLUE SENATE PAC,≤100
653079394725698,Aspiration,Aspiration,≤100
32975139631,If Americans Knew,If Americans Knew,≤100
105410567897348,Adopt an Officer,Adopt America LLC,≤100
412739549455010,Karena Reiter,PrimaDonna Reeds,≤100
315151565831,Ascension,Ascension Press,≤100
101176014673943,Michelle for Kansas,MICHELLE FOR KANSAS,≤100
399366360669553,Jamaal Bowman for Congress,Bowman For Congress,≤100
90498769709,Edenpure,EdenPURE®,≤100
1667892193505378,Hold the House,HOLD THE HOUSE PAC,≤100
103376804451432,Trending Politics,Making Web LLC,≤100
103131054573692,Crawfordology,Crawfordology,≤100
366351973736242,Red Rock Secured,Red Rock Secured,≤100
79125112926,Students for Life of America,"STUDENTS FOR LIFE OF AMERICA, INC.",≤100
100123544800892,Disme Coin Company,Byron Michael Laughlin,≤100
1145019702185006,Alliance for Safety and Justice,Alliance for Safety and Justice,≤100
1229789977123022,Debbie Lesko for Congress,DEBBIE LESKO FOR CONGRESS,≤100
1082522201878539,Gina Ortiz Jones for Congress,GINA ORTIZ JONES FOR CONGRESS,≤100
325578590837480,Obamacare,Sixteen Thirty Fund,≤100
747436915270894,Congressional Leadership Fund,CONGRESSIONAL LEADERSHIP FUND,≤100
99033391274,Brian Kemp,Kemp for Governor Inc,≤100
112325855474892,Speak Up For Education and Kids,National Education Association,≤100
140357056032320,NEA Today,National Education Association,≤100
514167322309353,Dan Crenshaw,Dan Crenshaw for Congress,≤100
341513602902369,CALL TO ACTIVISM,CALL TO ACTIVISM,≤100
615854911830541,Shore Buddies,Malte Niebelschetz,≤100
265246660989491,"Franklin County Probate Court, Robert G. Montgomery, Judge",Judge Montgomery Franklin County Probate Court,≤100
1099779163410386,John Barrasso,Friends of John Barrasso,≤100
316887658336677,My Control Card,"NETSPEND HOLDINGS, INC.",≤100
186805048171120,U.S. & Texas LawShield,Texas LawShield,≤100
176099072429809,Oceana in Florida,OCEANA,≤100
124530924015,Hank Gilbert,HANK GILBERT FOR CONGRESS,≤100
194115677277113,A21,A21 with Facebook Ad Credits,≤100
802271849850801,Freedom for All Americans,Freedom for All Americans,≤100
41309865723,Democrats.com,DEMOCRATS.COM,≤100
278487153675,Redneck Nation Clothing,Tracie Milliron Gold,≤100
1000253160054572,Cori Bush,CORI BUSH FOR CONGRESS,≤100