﻿Page ID,Page Name,Disclaimer,Amount Spent (USD)﻿
307001599398600,Audi San Juan Puerto Rico,These ads ran without a disclaimer,≤100
294963660620753,Pedro R. Pierluisi,"Comité Pedro Pierluisi, Inc.",149
333199340043595,Alma Francis Heyliger,Alma Alicia Francis,≤100
2171656702899941,Carlos Delgado Irizarry - Alcalde 2020,Carlos Delgado Irizarry,≤100
409835579621290,Erasmo Vázquez Hernández,Thay An Marie Vazquez Méndez,≤100
101526347911862,Mariana García Benítez,Mariana García Benítez,≤100
497046574368616,Frankie Guerra,Comite Amigos Frankie Guerra Morales,≤100
182079698493370,Portside,Portside,≤100
1418111495154156,"Jaime Alverio Ramos, Alcalde 2020",Jaime Alverio Ramos,≤100
1639730212934172,"DOVA International Charities, Ltd, 501c3 Non-Profit Charity",Kathleen Louise D'Ovido,≤100
1284735221676638,BELatina News,BELatina News,≤100
397447437669420,Miguel "Ricky" Méndez,Miguel "Ricky" Méndez,≤100
118389879571665,Palomo Colon,Luis Daniel Camacho Ortiz,≤100
1055008051214942,Héctor Martínez Rosado,Hector Homi Martinez,≤100
11131463701,truth,TRUTH INITIATIVE FOUNDATION,≤100
203709216982986,Pesos y Contrapesos,Pesos y Contrapesos,≤100
135006496544064,Discover Puerto Rico,These ads ran without a disclaimer,≤100
205621160218305,Dr. Luis M. Irizarry Pabón 2020,Dr. Luis M. Irizarry Pabón 2020,≤100
641472952610298,Gabriel López Arrieta,Comité Amigos Gabriel López Arrieta,≤100
100636124829686,Hispano OnLine Amigos-HOLA,These ads ran without a disclaimer,≤100
298827966811602,Trump Recession,Maurice Lane Ponsart,≤100
1123129514510486,Maserati Puerto Rico,These ads ran without a disclaimer,≤100
106658274208314,Inrainqho,These ads ran without a disclaimer,≤100
205238189588054,"Race, Racism and the Law",Professor Vernellia Randall,≤100
621144291234625,Miguel Romero,Comité Miguel Romero,≤100
505304629504971,Hyundai de San Juan,These ads ran without a disclaimer,≤100
2042619532519335,Lamborghini Puerto Rico,These ads ran without a disclaimer,≤100
1547457055530916,Comité  Pip Cayey Oficial,Comité Pip Cayey Oficial,≤100
295352480890635,Ferrari Puerto Rico,These ads ran without a disclaimer,≤100
103658724374108,Gladys Díaz al Senado 2020,Fatima J Cedano,≤100