﻿Page ID,Page Name,Disclaimer,Amount Spent (USD)﻿
2267405033373814,Doctor Patient Unity,Doctor Patient Unity,≤100
167586229923327,World Food Program USA,World Food Program USA,≤100
108152933883451,TrumpTrendz,Troy Lorenzo Davis,≤100
201248453800242,My Pay My Say,Mackinac Center for Public Policy,≤100
46785153750,National Fair Housing Alliance,National Fair Housing Alliance,≤100
104851617686932,Concealed Country,Concealed Country,≤100
17432811417,Working Families Party,Working Families Party,≤100
198001351897,Wounded Warriors Family Support,WOUNDEDWARRIORS FAMILY SUPPORT INC,≤100
101129019929080,Friends in Adoption,"Friends in Adoption, INC",≤100
44340057816,UncommonGoods,UncommonGoods,≤100
124955570892789,Bernie Sanders,BERNIE 2020,613
182079698493370,Portside,Portside,≤100
151235561684871,The Mama Bear Effect,mamabeareffect,≤100
110749446963570,Courier,Courier Newsroom,≤100
109712673845685,Alliance for Charitable Excellence,Alliance for Charitable Excellence,≤100
46347342434,EMILY's List,EMILY'S LIST,≤100
6162159887,The World,The World,≤100
113335773562471,President Trump For Re-Election,Great American Era,≤100
107199049318619,Friends of Derek Kilmer,PEOPLE FOR DEREK KILMER,≤100
210277954204,The Young Turks,"The Young Turks, Inc.",≤100
253153019746,Eric Greitens,Greitens for Missouri,≤100
112942500238297,Trees4Australia,Trees4Australia,≤100
134845259917779,Rock 'Em Socks,Rock 'Em Socks,≤100
21455818797,Feed the Children,"FEED THE CHILDREN, INC.",≤100
834645469890446,Devin Nunes,DEVIN NUNES CAMPAIGN COMMITTEE,≤100
216311481960,Bill Gates,Bill Gates,≤100
25121889784,Texas Public Policy Foundation,Texas Public Policy Foundation,≤100
461204744067686,Family Protection Association,Family Protection Association,≤100
18479402361,No Kid Hungry,No Kid Hungry,≤100
283511548477587,ADD Advocate,Aaron Lawrence Friedman,≤100
169277310432049,"Texas Precision Optics, Inc.",Texas Precision Optics Inc,≤100
8047221596,Save the Children US,"SAVE THE CHILDREN FEDERATION, INC.",≤100
468423900299272,Enough Is Enough Voter Project,ENOUGH IS ENOUGH VOTER PROJECT,≤100
201956993160690,MRCTV,MEDIA RESEARCH CENTER,≤100
717417908274761,Lady Freethinker,Lady Freethinker,≤100
630841967406196,StepChange Clothing,Joseph Harry Wagner,≤100
112325855474892,Speak Up For Education and Kids,National Education Association,≤100
105943547657225,2020 Auto Programs,Richard Telfeja,≤100
306591716448427,Cindy Axne,CINDY AXNE FOR CONGRESS,≤100
366351973736242,Red Rock Secured,Red Rock Secured,≤100
394707496275,Threads 4 Thought,Threads 4 Thought,≤100
30708742052,FCTRY,FCTRY,≤100
468906559794011,LaunchGood,LaunchGood Inc.,≤100
79820371749,Ayanna Pressley,THE COMMITTEE TO ELECT AYANNA PRESSLEY,≤100
336440323158789,Jack Burkman Radio,Jack Burkman Radio,≤100
142914269087072,Cornell Lab of Ornithology,Cornell Lab of Ornithology,≤100
348973409274904,Velvet Hamster,Velvet Hamster,≤100
175068270105,Seattle's Union Gospel Mission,SEATTLE'S UNION GOSPEL MISSION,≤100
345751305447288,Daugherty Water for Food Global Institute,Daugherty Water for Food Global Institute,≤100
1032931246869252,Ditch the Estate Tax,Policy And Taxation Group,≤100
159964696102,Kevin McCarthy,KEVIN MCCARTHY FOR CONGRESS,≤100
304062610300415,VozWire,Gregson E Mathe,≤100
636440989754325,Netamaker,Careventuresindia Inc,≤100
109360297266116,Fearless Patriot,TERESA NONE OHARA-MARSH,≤100
885797821467046,Joyous Organics,Ronald Lee Yates,≤100
487569614682924,CAPP USA,Yellow Line Productions LLC,≤100
122174836956,Big Cat Rescue,BIG CAT RESCUE CORP.,≤100
40906470040,World Pulse,World Pulse Voices,≤100
508128102542448,Michael Owens for Congress,OWENS FOR CONGRESS,≤100
116534199732974,USA Carry Online,USA Carry Online,≤100
101295517956158,Tricia Zunker for Wisconsin,Tricia Zunker for Wisconsin,≤100
1883837055193241,Shield Republic,Shield Republic,≤100
1534290989956166,The Philanthropy Roundtable,"PHILANTHROPY ROUNDTABLE, THE",≤100
484112108637869,Celeste Williams for Arkansas,CAMPAIGN TO ELECT CELESTE WILLIAMS,≤100
44015482829,United Nations Development Programme - UNDP,United Nations Development Programme,≤100
100195511560092,Injury Compensation Center,Injury Compensation Center,≤100
93228695778,Tea Party Patriots,Tea Party Patriots,≤100
109678580574253,Politicool Clothing Co.,PolitiCoolClothing.com,≤100
112420993589373,Young and Old for America,Andrew Joseph Young,≤100
121388362246,Goldman Sachs,Goldman Sachs & Co.,≤100
100577113613446,Rock Your Bathroom,SK LANG Products,≤100
77130778113,Coalition for Medicare Choices,The Coalition for Medicare Choices,≤100
1708467695859543,Veteran Transition Mission,Sonia Ivelisse Barriera Ayala,≤100
119875179042,Josh Stein,Josh Stein for Attorney General,≤100
1338822066131069,Women's March,Women's March,≤100
6236054211,Brady,Brady Campaign to Prevent Gun Violence,≤100
114017173453172,Eric Wolterman for Recorder,Eric Wolterman Campaign,≤100
97466887664,Innocence Project,"INNOCENCE PROJECT, INC., THE",≤100
18982436812,ACLU,American Civil Liberties Union,≤100
384006901653736,The Moore Charitable Foundation,Moore Charitable Foundation,≤100
345378512258813,Elise Stefanik,ELISE FOR CONGRESS,≤100
262173980908600,LTM,LTMShop,≤100
53541257714,The Arc of the United States,"ARC OF THE UNITED STATES, INC., THE",≤100
142665849854371,House Freedom,HOUSE FREEDOM FUND,≤100
101755761321515,Aaron Harber for CU Regent,Harber for Colorado,≤100
112044923686511,Motivational Designz,Dominick Battiato,≤100
910055409088769,Syrian Forum USA,Syrian Forum USA,≤100
6240652407,Young America's Foundation,YOUNG AMERICA'S FOUNDATION INC,≤100
675665515802671,Wolven,Wolven,≤100
6204742571,Sierra Club,SIERRA CLUB,≤100
112041183486666,Project Sunshine,ACRONYM,≤100
1627212824167934,Men4Choice,Men4Choice,≤100
19036504767,Center for Victims of Torture,"CENTER FOR VICTIMS OF TORTURE, THE",≤100
268311603350722,The American Independent,The American Independent,≤100
205795426669644,Facts and Logic about the Middle East,Facts and Logic About the Middle East,≤100
107888314009005,Earrings for Hearing,Earrings For Hearing,≤100
780619362083463,Vision Impact Institute,The Vision Impact Institute,≤100
8057376739,The Nature Conservancy,Nature Conservancy,≤100
652735891861686,Ben Loyola,BEN LOYOLA FOR CONGRESS,≤100
2235255343223630,My Stretch Of Texas Ground,Ralph Christocher Cinque,≤100
7686808625,Jim Inhofe,FRIENDS OF JIM INHOFE,≤100
508433235840691,Minnesota Bio-Fuels Association,"The Minnesota Bio-Fuels Association, Inc",≤100
121750354532995,Yale Program on Climate Change Communication,Yale Program on Climate Change Communication,≤100
113341064736,American Conservative Union,American Conservative Union,≤100
23790541544,Democrats,DCCC,≤100
596556607135301,The Earthling Co.,Educated Earthling,≤100
109140985838232,Progress Texas,Progress Texas,≤100
46808654791,Eric Steffensen Music,Eric Steffensen,≤100
126855128568,FEBC (Far East Broadcasting Company),"FAR EAST BROADCASTING COMPANY, INC.",≤100
1166660030079480,National Democratic Redistricting Committee,National Democratic Redistricting Committee,≤100
259632267542,Zionist Organization of America,Zionist Organization of America,≤100
350692761610088,Matt Cartwright for U.S. Congress,CARTWRIGHT FOR CONGRESS,≤100
152264148166020,Moms Clean Air Force,Moms Clean Air Force,≤100
91223411833,Medical Teams International,Medical Teams International,≤100
605168822998856,314 Action,314 ACTION FUND,≤100
35169196082,Project HOPE,"PROJECT HOPE-THE PEOPLE-TO-PEOPLE HEALTH FOUNDATION, INC.",≤100
116480163071468,VVandr Bobbles,Moses Ostreicher,≤100
370622083412823,John Connor for State Senate,Citizens to Elect John Connor,≤100
410950505604622,Omega Center for Sustainable Living (OCSL),"OMEGA INSTITUTE FOR HOLISTIC STUDIES, INC.",≤100
1023516414456183,Drain the DC Swamp PAC,DRAIN THE DC SWAMP PAC,≤100
1088950287806118,Climate Hustle 2,CFACT,≤100
958164574314945,Cargill,"CARGILL, INCORPORATED",≤100
203550842430,Mike Lee,FRIENDS OF MIKE LEE INC,≤100
127814007074,LIUNA,LABORERS INTERNATIONAL UNION OF NORTH AMERICA,≤100
112463982125496,Maryland State Education Association,MARYLAND STATE EDUCATION ASSOCIATION,≤100
1449461518652183,4Patriots,4Patriots LLC,≤100
101210588150219,Boy Scouts Abuse Claims,X Social Media LLC,≤100
30618466815,Pacific Legal Foundation,Pacific Legal Foundation,≤100
1653885501501009,Propeller,Propeller Enterprises,≤100
322278407910875,The Information,The Information,≤100
746938465317981,Nuclear Matters,Nuclear Matters,≤100
34992314695,National Center for Public Policy Research,NATIONAL CENTER FOR PUBLIC POLICY RESEARCH,≤100
18067635868,Putney Student Travel,PUTNEY STUDENT TRAVEL INC,≤100
1690071827911682,Cleancult,cleancult,≤100
602040603170590,Americans for Food and Beverage Choice,Americans for Food and Beverage Choice,≤100
98887816626,Beef. It's What's For Dinner.,Shari Daniella Spooner,≤100
129240690441636,NAACP Legal Defense Fund,"N. A. A. C. P. LEGAL DEFENSE AND EDUCATIONAL FUND, INC.",≤100
69983322463,Ted Cruz,TED CRUZ FOR SENATE,≤100
226969117414041,"The Law Offices of Herbert Wiggins, APLC",These ads ran without a disclaimer,≤100
169130743498585,Tactical Pro Supply,Chad Keller,≤100
157810487611661,Freethink,Freethink,≤100
29883711738,Independent Women's Voice,Independent Women's Voice,≤100
213998472307,Hoosier Environmental Council,"HOOSIER ENVIRONMENTAL COUNCIL, INC",≤100
150720154976207,Protect My Public Media,"APTS Action, Inc.",≤100
12357407443,American Friends Service Committee,AMERICAN FRIENDS SERVICE COMMITTEE,≤100
297281494147774,Good Morning Liberty Podcast,Good Morning Liberty,≤100
1019320294761019,Hatikvah Slate,Hadar None Susskind,≤100
187912903933,Socialist Alternative,Socialist Alternative,≤100
192448150001,Jeff Anderson & Associates,Jeffrey R Anderson PA,≤100
126279571952,Huru International,HURU INTERNATIONAL,≤100
114386721939978,The Made in America Store,Made In America Store,≤100
182723117043,Chicago Council on Global Affairs,"CHICAGO COUNCIL ON GLOBAL AFFAIRS, THE",≤100
323631667743052,Rep. Rodney Davis,U.S. Rep. Rodney Davis,≤100
129278807814364,Welcome.,Welcome.,≤100
1864721517082089,Democratic Attorneys General Association,Democratic Attorneys General Association,≤100
830121337093232,National Democratic Training Committee,NATIONAL DEMOCRATIC TRAINING COMMITTEE PAC,≤100
117058854998779,The Gideons International,"GIDEONS INTERNATIONAL, THE",≤100
2221239651245614,Young Conservatives for Carbon Dividends,Young Conservatives for Carbon Dividends Inc,≤100
107107693152888,Anthropocene Alliance,ANTHROPOCENE ALLIANCE,≤100
289359554914740,We Have A Stake,The ANCOR Foundation,≤100
28144169620,Alliance for Aging Research,Alliance for Aging Research,≤100
1268410219898273,Tango Tango,Tango Tango Inc,≤100
173034779386389,Pines International,Ronald Seibold,≤100
341881063685,"Imprimis, a Publication of Hillsdale College",HILLSDALE COLLEGE,≤100
57401739949,Better Angels,INSTITUTE FOR AMERICAN VALUES INC,≤100
132081383503163,Autodesk,Autodesk,≤100
175149559508478,TreeDiaper,Zynnovation LLC,≤100
126498287375611,Michigan League of Conservation Voters,MICHIGAN LEAGUE OF CONSERVATION VOTERS,≤100
118303441570966,Home Ownership Matters,NATIONAL ASSOCIATION OF REALTORS,≤100
95135221781,Federal News Network,Federal News Network,≤100
104796740879587,theobamachicksbook,Pamela Jasper,≤100
40973310753,Pathfinder International,Pathfinder International,≤100
2181403648815959,America United,America United Daily,≤100
86134975779,Coast Guard Foundation,Coast Guard Foundation INC.,≤100
518194348194441,RepresentUs,RepresentUs,≤100
490605891393110,Bead the Change,Bead the Change,≤100
106615267589375,Weekend Healthy Tips,Carl Harmon Jr.,≤100
105735397284,United States Conference of Catholic Bishops,UNITED STATES CONFERENCE OF CATHOLIC BISHOPS,≤100
96935476345,Democratic Governors Association (DGA),DEMOCRATIC ACTION,≤100
247342805512,Toward Being Non-Partisan,Ronald Seibold,≤100
257019421075897,Cory Gardner,Cory Gardner for Senate,≤100
408250066356,Bill O'Reilly,"Bill Me, Inc.",≤100
272565456712768,Bloomberg Government,"BUREAU OF NATIONAL AFFAIRS, INC., THE",≤100
24470472733,The Trevor Project,The Trevor Project,≤100
106333028376,"Nichols Kaster, PLLP",Nichols Kaster PLLP,≤100
104141422951673,Chicago Booth Review,University of Chicago,≤100
96935476345,Democratic Governors Association (DGA),Democratic Governors Association,≤100
792668760881092,High Ball Time with your Uncle Otis,Patrick Joseph Fant,≤100
101784008065542,Commit to Seniors,American Commitment,≤100
88224465289,Dropps,"Dropps (Cot'n Wash, Inc.)",≤100
356482637745012,Stansberry Research,Stansberry Research,≤100
102617961152741,Barbara Bollier,Bollier for Kansas,≤100
104679177804089,45 Changes Lives,Jeffrey Osinski,≤100
74442380906,Encyclopaedia Britannica,Encyclopaedia Britannica,≤100
322044193958,Mike Turner for Congress,Citizens for Turner,≤100
289446947817747,Global Citizen,"GLOBAL POVERTY PROJECT, INC.",≤100
171651620209487,Brady PAC,Brady Pac,≤100
2223151871134889,Trump45Merch,Thomas Charles Granack,≤100
58691227283,The New York Young Republican Club,The New York Young Republican Club,≤100
103851564652,Waterkeeper Alliance,WATERKEEPER ALLIANCE INC,≤100
10150100007820094,Wendy Davis,WENDY DAVIS FOR CONGRESS,≤100
43949868082,OutRight Action International,OUTRIGHT ACTION INTERNATIONAL,≤100
80668957414,GoSili,SiliKids Inc.,≤100
183989338318281,The American Legion National Headquarters,LEGIONNAIRE,≤100
118502801658228,Young Kim,Young Kim for Congress,≤100
81517275796,UNICEF USA,UNITED STATES FUND FOR UNICEF,≤100
313723095478950,The Daily Citizen,Focus on the Family,≤100
499379343409991,Impact Fund,"IMPACT FUND, THE",≤100
138492335404,Scott Walker,"Walker Group, LLC",≤100
163965296965203,32BJ SEIU,LOCAL 32 BJ SEIU,≤100
651030188696796,Desoto Parish District Attorney's Office,Desoto Parish District Attorney's Office,≤100
9785626650,Public Citizen,PUBLIC CITIZEN INC,≤100
1701899883357807,Seed Your Future,Seed Your Future,≤100
21999960184,Operation Blessing,Operation Blessing,≤100
110707597007287,Mike Larsen for Congress,Friends of Mike Larsen,≤100
107858693983382,The GOP Shop,The GOP Shop,≤100
431099560800970,Front Page Live,"Front Page Live, Inc.",≤100
1485046298224624,Betsy Sweet,SWEET FOR SENATE,≤100
8145161702,Lambda Legal,"LAMBDA LEGAL DEFENSE & EDUCATION FUND, INC.",≤100
101568761447230,Compensation Experts USA,Injury Compensation Center,≤100
1632866270065962,Jewish Democratic Council of America,Jewish Democratic Council of America,≤100
160389977329803,ATTN:,ATTN: INC.,≤100
1145019702185006,Alliance for Safety and Justice,Alliance for Safety and Justice,≤100
586751814690068,Joni Ernst,Joni for Iowa,≤100
260754507296508,The Voter Participation Center,Voter Participation Center,≤100
19420215926,CNSNews.com,MEDIA RESEARCH CENTER,≤100
1475056949212605,Charity Mobile,Charity Mobile,≤100
248262725706461,Power The Future,Power The Future Inc,≤100
49209604726,Vermont Teddy Bear,"VERMONT TEDDY BEAR CO., INC., THE",≤100
129159563777523,Conservancy of Southwest Florida,ST OF FL CONSERVANCY OF S,≤100
103663967786462,Climate Strike Friday,Story Network Foundation,≤100
181813995726,Avalara,"AVALARA, INC.",≤100
267180743723148,National Geographic Society,National Geographic Society,≤100
107291750775792,The 100 Million,Knight Foundation,≤100
67180895597,National Shrine of St. Jude,The National Shrine of St. Jude,≤100
111543450256118,Trey Wilkerson for Diboll Mayor,Trey Landel Wilkerson,≤100
1336217249820099,Vermont Term Limits,U.S. Term Limits Inc.,≤100
219247332354785,Phil Arballo for Congress,ARBALLO FOR CONGRESS,≤100
70242384902,The WorldPost,The WorldPost,≤100
332172544231683,America's Plastic Makers,"AMERICAN CHEMISTRY COUNCIL, INC.",≤100
341906876203951,Troy Doucet for Ohio State Senate,Doucet for the People,≤100
2777578242259790,Great Again Gear,Great Again Gear,≤100
57846092173,American Bible Society,American Bible Society,≤100
291102898490822,Giant Maga Hat,Inventors club LLC,≤100
245284549333866,ASMDSS,ASMDSS,≤100
519590768083165,Abby Finkenauer for Congress,FINKENAUER FOR CONGRESS,≤100
8473889271,National Parks Conservation Association,National Parks Conservation Association,≤100
100256754899828,Patriot's Cave,Lucky Shot USA,≤100
1452551204988299,GoReact,Speakworks Inc,≤100
100822738050183,Trump Star 2020,Greek Steel LLC,≤100
2377166239179411,Nancy Goroff for Congress,Goroff for Congress,≤100
19219803864,Tax Foundation,TAX FOUNDATION,≤100
6422138883,92nd Street Y,92nd Street Y,≤100
16352157727,Alfred A. Knopf,Penguin Random House LLC,≤100
183872968312216,Popdust,cleancult,≤100
568103006940639,Law Office of Gary J. Kim,Law Offices of Gary J. Kim,≤100
28896772146,San Diego Zoo,ZOOLOGICAL SOCIETY OF SAN DIEGO,≤100
126694924050678,Xavier Becerra,Becerra for Attorney General 2022,≤100
58158120046,ACLJ,American Center for Law and Justice,≤100
319982881752525,Kara Eastman,EASTMAN FOR CONGRESS,≤100
108115677250375,Trending Right Wing,Christopher James Dorsano,≤100
83290028957,Care Net,CARE NET,≤100
101336841260036,The Christie Institute for Public Policy,The Christie Institute for Public Policy Inc.,≤100
125162818118662,Citizens to Elect Judge Sheree D. Henry,Citizens to Elect Judge Sheree D Henry,≤100
7962229886,Environmental Working Group,ENVIRONMENTAL WORKING GROUP,≤100
15687409793,World Wildlife Fund,World Wildlife Fund,≤100
187809941803009,IVYPAC,IVYPAC,≤100
110316380149,Family Policy Alliance,Family Policy Alliance,≤100
290157611894313,The Climate List,Climate List LLC,≤100
104574721149424,Eliza Orlins,Eliza Orlins For New York,≤100
105869134358705,Left Is Right,Story Network Foundation,≤100
136299005939,Heifer International,HEIFER PROJECT INTERNATIONAL,≤100
314499212242,Pfizer,Pfizer Inc.,≤100
1336293769761923,Jon Ossoff,JON OSSOFF FOR SENATE,≤100
1824165801199201,The Fight Against Antimicrobial Resistance,"Paradigm Solutions, LLC",≤100
89324781720,Pat Toomey,Friends of Pat Toomey,≤100
337490192991981,Grabien,Grabien Inc,≤100
29092950651,TED,TED Conferences,≤100
100298938781,Robert Wood Johnson Foundation,Robert Wood Johnson Foundation,≤100
309308412520731,Sandy Hook Promise,Sandy Hook Promise,≤100
221890358218748,Til Valhalla Project,Til Valhalla Project,≤100
153278754738777,Climate Reality,The Climate Reality Project,≤100
99056648937,NIAC,NIAC Council,≤100
1187681427913179,100 Years of Deception,Alan Adaschik,≤100
5720973755,Defenders of Wildlife,DEFENDERS OF WILDLIFE,≤100
178647322882839,MarinerEast2,Energy Transfer,≤100
111393882812494,Amy McGrath,"AMY MCGRATH FOR SENATE, INC.",≤100
103131054573692,Crawfordology,Crawfordology,≤100
105556394228711,Republican Authority,Republican Authority,≤100
262062478079324,Mckayla Wilkes for Congress,MCKAYLA WILKES FOR CONGRESS,≤100
79125112926,Students for Life of America,"STUDENTS FOR LIFE OF AMERICA, INC.",≤100
656263988182462,Bill Hagerty,TEAM HAGERTY,≤100
21492729544,Catholic Relief Services,CATHOLIC RELIEF SERVICES - UNITED STATES CONFERENCE OF CATHOLIC BISHOPS,≤100
20566782501,Democracy for America,DEMOCRACY FOR AMERICA,≤100
301875176553696,Tri-Seven Entertainment,Shavar Malik Ross,≤100
301228420816284,Teresa Leger Fernandez,TERESA FOR ALL,≤100
109575145733890,McGuireWoods Consulting,MCGUIREWOODS CONSULTING LLC,≤100
173837496125511,Conscious Step,Conscious Step,≤100
7035457015,Brave New Films,BRAVE NEW FOUNDATION 501(C)(3),≤100
385473284886474,Hillsdale College,HILLSDALE COLLEGE,≤100
109119117309521,Two For All Anchorage - Vote YES on 12,Robert Allen Cupples,≤100
2279711785585973,We Are Trump 2020,Harsaheb Dhall,≤100
405355946226766,Todd Young,"FRIENDS OF TODD YOUNG, INC.",≤100
28446275521,Military Officers Association of America (MOAA),Military Officers Association of America,≤100
342294162453301,Planned Parenthood,Planned Parenthood Federation of America,≤100
112735922758892,Charlie Kirk,Charlie Kirk,≤100
102377984581168,A Democrat in the Wilderness,Emmanuel Fourakis,≤100
145380305523723,Secure America Now,Secure America Now,≤100
543066585882629,Libertarian Country,Libertarian Country,≤100
253729188397828,Almost Jewish,These ads ran without a disclaimer,≤100
196743663140,Baha'is of the United States,National Spiritual Assembly of the Baha'is of the United States,≤100
29770886815,Marijuana Policy Project,Marijuana Policy Project,≤100
80562389320,NARAL Pro-Choice America,NARAL Pro-Choice America,≤100
384676381708957,Education NC,Education NC,≤100
8002590959,Rainforest Action Network,RAINFOREST ACTION NETWORK,≤100
1615018905412860,Progressive Turnout Project,PROGRESSIVE TURNOUT PROJECT,≤100
82478087678,Georgia Budget and Policy Institute,"GEORGIA BUDGET & POLICY IN, THE",≤100
44667476574,In These Times,INSTITUTE FOR PUBLIC AFFAIRS,≤100
165858562140,Western Resource Advocates,Western Resource Advocates,≤100
281884085611820,Tedra Cobb,COMMITTEE TO ELECT TEDRA COBB,≤100
125649561365522,J.D. Scholten,SCHOLTEN4IOWA CAMPAIGN COMMITTEE,≤100
51379424899,Mercy Ships,MERCY SHIPS INTERNATIONAL,≤100
100671838129752,CCW Qualified,Kyle Francis Sekerak,≤100
100912354755468,Canvas Paw,These ads ran without a disclaimer,≤100
6333396177,NewsBusters.org,MEDIA RESEARCH CENTER,≤100
1950319871930431,Special Gift,These ads ran without a disclaimer,≤100
9062006483,REI,"RECREATIONAL EQUIPMENT, INC.",≤100
109668833970851,theartofdougie,ALEXZANDER JEROME DOUGLAS-MASON,≤100
1801237890175919,The Denice Gary Show,Denice Garypandol,≤100
168109446538119,St. Martin's Press,St. Martin's Press,≤100
135500133147357,ProEnglish,US INC,≤100
942916745862885,Silver Falls Sustainability Co.,Silver Falls Sustainability Co,≤100
547176209061125,Medicare for All NOW,Medicare For All NOW,≤100
1649500268614178,Arizona Democratic Legislative Campaign Committee,"Arizona Democratic Legislative Campaign Committee, a project of the Arizona Democratic Party. Not authorized by any candidate or candidate's committee.",≤100
1835838916635491,Transamerica Center for Health Studies,Transamerica Center for Health Studies,≤100
105913157473430,Put it on a Tee Shirt,Ida N Azoolay,≤100
336470580233523,Pins and Aces Golf Co.,US Craft Brands LLC,≤100
165566613453452,ERLC,ETHICS AND RELIGIOUS LIBERTY COMMISSION OF THE SOUTHERN BAPTIST,≤100
296708523873754,Karla Dennis and Associates Inc.,"Karla Dennis & Associates, Inc",≤100
27478282874,UNITE HERE!,UNITE HERE,≤100
34521916336,Brent Bozell,MEDIA RESEARCH CENTER,≤100
1553978148244954,Build With Strength,Build With Strength,≤100
228754857151053,House Majority PAC,House Majority PAC,≤100
10068001187,Nick DiPaolo,These ads ran without a disclaimer,≤100
166618413413767,Jay Sekulow,American Center for Law and Justice,≤100
6500552187,Hulu,"HULU, LLC",≤100
124939484209078,Langevin for Congress,LANGEVIN FOR CONGRESS,≤100
132519055631,Farm Animal Rights Movement (FARM),FARM ANIMAL REFORM MOVEMENT INC,≤100
100137754724934,Trump 2020 Supporters,Proud Right Winger,≤100
144429905313,AFSCME Council 31,AMERICAN FEDERATION OF STATE COUNTY & MUNICIPAL EMPLOYEES,≤100
589787637733608,Scherie S. Murray,SCHERIE MURRAY FOR CONGRESS,≤100
289213691238937,Thrasher Coffee,Thrasher Coffee Co.,≤100
1613516851999536,Sunrise Movement,SUNRISE PAC,≤100
1487587521541634,President Donald Trump Fan Club,I Love My Freedom,≤100
212933805686,Because International,Because International Corp,≤100
144850842237429,Independentvoting.org,Independent Voting (IndependentVoting.org),≤100
19746387261,Humane Society International,Humane Society International,≤100
351787465744580,Mikel Crump,These ads ran without a disclaimer,≤100
160191644025128,Walton Family Foundation,WALTON FAMILY FOUNDATION INC,≤100
804568342964376,2nd Amendment Rights,One Nation Design,≤100
104027894318612,Inclusion2020,Inclusion2020,≤100
113139700106608,Should be in Canada 2,Sandra Tabacinic,≤100
250942112137749,AK4WA,Amber Krabach for WA,≤100
76050196975,Light of Life Rescue Mission,LIGHT OF LIFE MINISTRIES INC,≤100
70795936969,Children International,CHILDREN INTERNATIONAL,≤100
1425435377743310,Conversations with Bill Kristol,The Foundation for Constitutional Government,≤100
265268336865693,Do Amore,Do Amore Limited Company,≤100
61878332769,ICNA Relief,ICNA RELIEF USA PROGRAMS,≤100
521010658436453,Mike Ghassali For Congress,GHASSALI FOR CONGRESS,≤100
1439364926329185,Animal Matters,Animal Matters,≤100
296093157932840,The Fulcrum,Issue One,≤100
143173285763,Tenth Amendment Center,Tenth Amendment Center,≤100
103022784417075,NOW,NOW Company,≤100
11111618026,Union of Concerned Scientists,"UNION OF CONCERNED SCIENTISTS, INC.",≤100
1082522201878539,Gina Ortiz Jones for Congress,GINA ORTIZ JONES FOR CONGRESS,≤100
97736029457,Saint Paul Public Library,Saint Paul Public Library,≤100
53167307346,Communist Party USA,Communist Party USA,≤100
153446658100252,Lumina Foundation,Lumina Foundation,≤100
84280132559,American Legislative Exchange Council,AMERICAN LEGISLATIVE EXCHANGE COUNCIL,≤100
136121223083299,Sea Turtle Conservancy,"SEA TURTLE CONSERVANCY, INC.",≤100
6985452607,Brita USA,The Clorox Company,≤100
102265514484361,Nate and Hila,Hila Eileen Perry,≤100
100401327980848,National Parents Union,National Parents Union,≤100
477972716277486,Cavendish Consulting LLC,Cavendish Consulting,≤100
40102638699,J Street,J STREET INC,≤100
472981489476333,Alan Cohn,COHN FOR CONGRESS 2020,≤100
196382377057315,Learn Our History,Learn Our History,≤100
769395966523308,Eddie J. Mauro,MAURO SENATE CAMPAIGN TEAM,≤100
219224241438635,Compassion & Choices,COMPASSION & CHOICES,≤100
427084097477881,America's Health Insurance Plans (AHIP),America's Health Insurance Plans,≤100
802271849850801,Freedom for All Americans,Freedom for All Americans,≤100
49651563727,Live Action,Live Action,≤100
20787991568,Senate Democrats,DSCC,≤100
9284565026,Bike & Build,BIKE & BUILD INC,≤100
110962293652494,Donald Trump Keep America Great 2020 Re-election,Excital,≤100
555394394483002,Urban Resource Institute,Urban Resource Institute,≤100
19342050934,Leadership Institute,LEADERSHIP INSTITUTE INC,≤100
130025717077175,The Orangutan Project,"ORANG UTAN REPUBLIK FOUNDATION, INC.",≤100
169561162745,The National Wild Turkey Federation,"NATIONAL WILD TURKEY FEDERATION, INC.",≤100
105044144410490,Hot Gear Trends,SI Technews,≤100
560140464159364,Stand for the 2nd Amendment,SFT2 Tactical Supply,≤100
227535924071462,Animal Petitions,AnimalPetitions.org,≤100
46372749933,University Business Magazine,LRP Media Group,≤100
5550296508,CNN,"Turner Broadcasting Sales, Inc",≤100
92925746942,Judicial Watch,Judicial Watch,≤100
98912141410,American Forests,American Forests,≤100
155818016761,First 5 LA,First 5 LA,≤100
111824001908,Hakeem Jeffries,JEFFRIES FOR CONGRESS,≤100
103664744402353,Medicare Saviors,Sean Thomas Hofmans,≤100
115375976512747,Margaret Stanton McBride,These ads ran without a disclaimer,≤100
11006419356,The Voice of the Martyrs - USA,"VOICE OF THE MARTYRS, INC., THE",≤100
1311291038982513,2A Gear,Teecreations LLC,≤100
15041226930,Oxfam,"OXFAM AMERICA, INC.",≤100
203330919857759,All On The Line,National Redistricting Action Fund,≤100
128950643812629,Julian Edelman,These ads ran without a disclaimer,≤100
305107172859194,Defeating Trump and the Republican Party,"Voices of Health Care Action, a project of Gamechanger Networks",≤100
107478604080028,Way To A Happy Heart,Iesha Marriah Nixon,≤100
6851405967,CREDO Mobile,"CREDO MOBILE, INC.",≤100
455147011996099,The Ann and Phelim Scoop,The Unreported Story Society,≤100
100928564715182,Shout Your Truth,Jeffrey Warren Wright,≤100
429651323843750,Verizon Wireless Workers Rising,"COMMUNICATIONS WORKERS OF AMERICA, AFL-CIO, CLC",≤100
169440273093442,The Center for Election Science,The Center for Election Science,≤100
1722199728002734,The Hell Raisin' Hippies,Jerry Edgar Joplin,≤100
777657635932867,Blessings Through Action,Blessings Through Actions,≤100
116546288359245,Heritage Action for America,HERITAGE ACTION FOR AMERICA,≤100
717115395103069,PrintedKicks,Printed Kicks,≤100
28729603879,Food Bank of the Rockies,Food Bank of the Rockies,≤100
1413682351987764,Andy Kim for Congress,Andy Kim for Congress,≤100
142957224352,International Medical Corps,International Medical Corps,≤100
70126113702,Access Fund,Access Fund,≤100
8492293163,Environmental Defense Fund,Environmental Defense Fund,≤100
197340437494901,Real VT News,Rescue Vermont,≤100
789696478072946,The Liberty Loft,The Liberty Loft,≤100
327202261326682,Stephanie Bice,Bice for Congress,≤100
391872261636792,2020unity,"ForFact LLC, DBA 2020unity",≤100
104117891137180,Everyday is a Second Chance,Shi Yuan Ge,≤100
169204449790211,Conservative News Today,"BizPac Review, Inc.",≤100
43287633515,Alliance for Climate Education,Alliance for Climate Education,≤100
108777231824,Manhattan Institute for Policy Research,MANHATTAN INSTITUTE FOR POLICY RESEARCH INC,≤100
7629206115,The Nation Magazine,"NATION COMPANY, LLC, THE",≤100
300992409852,Hoover Institution,Hoover Institution,≤100
10498053716,Media Research Center,MEDIA RESEARCH CENTER,≤100
8304333127,The Wall Street Journal,These ads ran without a disclaimer,≤100
2072638396208222,Adam's Nest,"PTOWNLOVESHACK, LLC DBA Adam's Nest",≤100
590660300952992,CN4 Partners,CN4 Partners,≤100
103532451038835,Wooden Journey,Wooden Journey,≤100
10524821940,National Park Foundation,National Park Foundation,≤100
1099478666810053,Meals For Pets,Meals for Pets,≤100
442177416350461,Jim Kennedy for Congress,JIM KENNEDY FOR CONGRESS,≤100
223315101050132,Waters Kraus & Paul,Waters Kraus & Paul,≤100
130467958471,Jason Lewis,Jason Lewis for Senate,≤100
60182072999,Lila Rose,Live Action,≤100
111970730196550,World War Zero,AMERICAN SECURITY PROJECT,≤100
2406809952939006,Hair to the Chief,"MHGA Holdings, LLC",≤100
105405850844814,Mark Whitney for President,Ellerton Pratt Whitney,≤100
13536897444,Corporate Accountability,Corporate Accountability International,≤100
100794248139278,Red Wave Movement,Red Wave Movement,≤100
217137015152702,National Sikh Campaign,National Sikh Campaign,≤100
290851614930809,Combat AntiSemitism,Combat Anti-Semitism,≤100
103307974592561,Savvy Life Tips,Savvy Life Tips,≤100
467503009987109,"Healthy Forests, Healthy Communities","Healthy Forests, Healthy Communities",≤100
73727120674,Rush University System for Health,Rush University System for Health,≤100
351310239372,Associated Republicans of Texas,Associated Republicans of Texas,≤100
101317101242156,Make America Kind Again,Benevolently,≤100
344690446467832,The Copper Courier,Courier Newsroom,≤100
147291252094484,Paper Raven Books,These ads ran without a disclaimer,≤100
110306340348651,Donna More for State's Attorney,More for State's Attorney,≤100
210368456477,Vermont Natural Resources Council (VNRC),Vermont Natural Resources Council,≤100
95356211637,Ben Ferguson,Ben Ferguson show,≤100
107036421410,National Safety Council,NATIONAL SAFETY COUNCIL,≤100
1658135304460341,MANG,MANG,≤100
248181906078243,National Institute for Civil Discourse,CommonSense American,≤100
281844617168,Jewish Voice Ministries International,JEWISH VOICE MINISTRIES INTERNATIONAL,≤100
213289449057297,THE HILLS BOYS,Oscar Hills,≤100
30914589895,The International Fellowship of Christians and Jews,"INTERNATIONAL FELLOWSHIP OF CHRISTIANS & JEWS, INC.",≤100
1316372698453411,Alexandria Ocasio-Cortez,ALEXANDRIA OCASIO-CORTEZ FOR CONGRESS,≤100
433919203362871,Bird + Stone,BIRD & STONE INC,≤100
533347293669517,Great American Era,Great American Era,≤100
399997860992,Educators for Excellence,Educators for Excellence,≤100
557113921291144,Learning Dynamics,4 Weeks To Read LLC,≤100
11918108948,African Wildlife Foundation,AFRICAN WILDLIFE FOUNDATION,≤100
374848446414965,Pollking,Benjamin Aaron Perlman,≤100
558555244650663,Harriet Reynolds Music,Donald Craig Holt,≤100
353682792005802,Heather Mulligan Begley for Judge,Committee to Elect Heather Begley for Judge,≤100
275171202515968,Wolf-PAC,Wolf PAC,≤100
115320503345204,Black Wall Street 1921,These ads ran without a disclaimer,≤100
68771922854,Essence,Shaelyne Antonia Moodie,≤100
296527950373,Felix W. Ortiz,Friends of Felix W. Ortiz,≤100
1692868424300466,"Socktopus, Ink",Socktopus Ink,≤100
72565633140,Soles4Souls,"SOLES4SOULS, INC.",≤100
114520293319041,Tim Livengood for Williams County Sheriff 2020,Dareth Lea Livengood,≤100
109295990419284,Esther For Congress,ESTHER FOR CONGRESS,≤100
1506772346299932,Ribble Trust,Brendon Ribble,≤100
312087222175938,Southeast Texas Record,The Record,≤100
665345483483486,NRA - National Rifle Association of America,NATIONAL RIFLE ASSN OF AMERICA,≤100
887139178003592,The Dean Obeidallah Show,The Dean Obeidallah Show,≤100
141269525933538,Democrats for Education Reform,Education Reform Now Advocacy Inc.,≤100
255535757792588,Rick Veenstra for Circuit Court Judge,Veenstra for Judge,≤100
237477017606,Club for Growth,Club for Growth,≤100
493811210669780,Creative Action Network,Creative Action Network,≤100﻿
107761702578379,American Institute for Cancer Research - AICR,American Institute for Cancer Research,≤100
104686564209483,I Want My Mommy A Parent's Guide to Child Care and Education,Cameron Kidston,≤100
1001615463272722,Biosimilars Council,The Biosimilars Council,≤100
20876805343,March of Dimes,MARCH OF DIMES INC.,≤100
175886458122,People's Action,People's Action,≤100
153167611414243,Ohio House Democrats,The Ohio House Democratic Caucus,≤100
724141874433398,Free Press Action,Free Press Action Fund,≤100
1284735221676638,BELatina News,BELatina News,≤100
220934044722029,Florida Crystals Corporation,FLORIDA CRYSTALS CORPORATION,≤100
791543660926838,"I'll go ahead and keep my guns, Thanks",2A4LIFE LLC,≤100
745910525468062,National Center on Sexual Exploitation,National Center on Sexual Exploitation,≤100
7609325759,Jim McGovern,RE-ELECT MCGOVERN COMMITTEE,≤100
211211155280,Esri,Esri,≤100
1614345772179172,Greg Gianforte,Greg for Montana,≤100
376250065793807,Citizens for Responsible Energy Solutions,Citizens for Responsible Energy Solutions,≤100
1374260589465543,Sheepdog Church Security,Sheepdog Church Security,≤100
127755494595870,Progressive Takeover,PROGRESSIVE TAKEOVER,≤100
376695479838990,CrowdSourced Politics,Anthony Charles Straine,≤100
43695969284,Society of Critical Care Medicine (SCCM),SOCIETY OF CRITICAL CARE MEDICINE,≤100
51405613519,Focus on the Family,Focus on the Family,≤100
12301006942,Democratic Party,DNC SERVICES CORP./DEM. NAT'L COMMITTEE,≤100
700941689954518,Defend Our Future,Defend Our Future,≤100
1563759350580669,MIZIZI,"MIZIZI International, LLC.",≤100
135403221037,City Journal,City Journal,≤100
8340223883,Avaaz,Avaaz Foundation,≤100
651032398295103,Faith on View,Rondall Chambers Reynoso,≤100
324119001078997,"Sanford Heisler Sharp, LLP","Sanford Heisler Sharp, LLP",≤100
420785874975425,Conservative Institute,The Conservative Institute,≤100
101865561191961,Ron Falconi for State Senate,Friends of Ron Falconi,≤100
106620157564403,The Dem Shop,Anthony Jason Flack,≤100
114095430135270,The Radical Middle,Crossroads Church,≤100
224058138586,Greater Fort Lauderdale Alliance,Broward Alliance / DBA Greater Fort Lauderdale Alliance,≤100
105756057589080,The Lincoln Project,The Lincoln Project,≤100
2154804598181848,Defend against "Resist" Conservative Cause,Charles None Ostertag,≤100
405469100189512,Still My President - Donald Trump,Red State Politics LLC,≤100
133937690180,Student Conservation Association,Student Conservation Association,≤100
1836138529938551,Greater Half,Greater Half,≤100
134571176638205,One Tree Planted,One Tree Planted,≤100
15239367801,The Wilderness Society,"WILDERNESS SOCIETY, THE",≤100
143021112391265,Jacobin magazine,Jacobin Foundation,≤100
109295377337702,Trumplican Store,Minerva LLC,≤100
105455840860559,Eagle Realm,Eagle Realm,≤100
135865583728025,Dan Palmer,"Palmer Media, LLC",≤100
1745418332339003,Aspire Gear,Aspire Gear,≤100
2244779792507645,Gray Matters Radio,Gray Matters Radio,≤100
22898109808,Grist.org,Grist Magazine,≤100
2315161412139966,Jacobs for Congress,JACOBS FOR CONGRESS,≤100
77903485992,Concerned Women For America LAC,CONCERNED WOMAN FOR AMERICA LEGISLATIVE ACTION COMMITTEE,≤100
111428049989,Cal Cunningham,CAL FOR NC,≤100
128167457221813,Public Transportation,Voices for Public Transit,≤100
7642602143,Mother Jones,FOUNDATION FOR NATIONAL PROGRESS,≤100
205148492837912,We Are Ohio,We Are Ohio,≤100
38882699096,Polaris,POLARIS PROJECT,≤100
459890014763287,Rocky Mountain Values,Rocky Mountain Values,≤100
28889108258,Gospel for Asia,"GOSPEL FOR ASIA, INC.",≤100
5633824547,FreedomWorks,"FREEDOMWORKS, INC.",≤100
109200595768753,The Christian Left,The Christian Left,≤100
127225910653607,PragerU,PragerU,≤100
102540204580217,UpNorthNews,Courier Newsroom,≤100
102860661680,Quetico Superior Wilderness News,Quetico Superior Foundation,≤100
10150124349775072,"Riddle & Brantley, LLP","RIDDLE & BRANTLEY, LLP",≤100
100562019990818,U.S. Term Limits,U.S. Term Limits Inc.,≤100
80865461794,Public Service Company of Oklahoma (PSO),Whitney Shawn Emerick,≤100
164513254148611,America's Voice News,Barbara Jean Lawrence,≤100
100825108110375,3lection.com,Thorin Williams Simpson,≤100
102988591071943,Daniel Gade,"GADE FOR VIRGINIA, INC.",≤100
150322194563,PASA Primates: Pan African Sanctuary Alliance,PAN AFRICAN SANCTUARIES ALLIANCE,≤100
110257623864359,Cool Mud Flaps,"OHIO LASER, LLC",≤100
323083351064533,The News Literacy Project,The News Literacy Project,≤100
103817564565798,Sound Home Savings,Alexis Travieso,≤100
153080620724,Donald J. Trump,TRUMP MAKE AMERICA GREAT AGAIN COMMITTEE,≤100
5887538795,Education Week,Education Week,≤100
537299709721112,Advantage Gold,Advantage Gold Group,≤100
655065784538368,PredictIt,"PredictIt - Prediction Markets. A project of Victoria University of Wellington, PredictIt has been established to facilitate research into the way markets forecast events.",≤100
1600352356914768,PushBlack,PushBlack,≤100
1632568446971453,Boredwalk,Boredwalk,≤100
333259590350049,Yachtsman Condo Rentals,"CIL Digital Marketing, LLC",≤100
109889733883173,WE GOT TEEZ,RICHARD ANDREW-WITTE COMISKEY,≤100
258012354252280,Informing Christians,Debra J M Smith,≤100
1441704426074372,Douglas Taurel,The American Soldier,≤100
1545826148838592,Trump 2020,Gregory Lawrence Burright,≤100
635850443292528,Nasty Woman Coloring,Nasty Woman Coloring,≤100
17023576156,The Leadership Conference on Civil and Human Rights,The Leadership Conference on Civil and Human Rights,≤100
1765222000389393,Jill Karofsky for Justice,Jill for Justice,≤100
2602473023098666,Democratic Polling Center,Democratic Governors Association,≤100
101481584557260,Help Asheville Bears-HAB,Heather Christina Williams,≤100
104499437823630,Winner Takes All,Robert Harold Lee,≤100
189764987822613,Arcane Treasures Antique Store WWII Items And Other Oddities,Christopher Jarom Vitrano,≤100
375307592830342,The Veterans Advocacy and Benefit Association,VABA LLC,≤100
989115077828893,John Muir Project of Earth Island Institute,John Muir Project,≤100
452119908156321,Grow Ahead,Grow Ahead,≤100
236661948182,SEMA Action Network,SPECIALTY EQUIPMENT MARKET ASSOCIATION,≤100
111236436913028,Fleur,Fleur,≤100
438536186881177,All Clear Foundation,All Clear Foundation,≤100
317667194946264,Ro Khanna,RO FOR CONGRESS INC,≤100
28394917492,Second Harvest Food Bank of Central Florida,"SECOND HARVEST FOOD BANK OF CENTRAL FLORIDA, INC.",≤100
163148530407080,Captain Mark Kelly,MARK KELLY FOR SENATE,≤100
106030702041,Aspen Snowmass,"ASPEN SKIING COMPANY, L.L.C.",≤100
6502038524,First Book,FIRST BOOK,≤100
2019228981443626,She the People,She The People,≤100
91346559231,Democratic Legislative Campaign Committee - DLCC,Democratic Legislative Campaign Committee,≤100
123857614319417,Texas Nationalist Movement,Texas Nationalist Movement,≤100
2283535575207809,Ditch Mitch,DITCH FUND,≤100
231535463595178,Steve Scott Roots Music,BonaVita Publishing,≤100
253507715172780,Andy Levin,ANDY LEVIN FOR CONGRESS,≤100
135308650091,Community Service Society of New York,COMMUNITY SERVICE SOCIETY OF NEW YORK,≤100
7219151423,The Fund for American Studies (TFAS),The Fund for American Studies,≤100
181183059253295,Dorsal Bracelets,Dorsal Bracelets,≤100
165014546858456,Free To Choose Network,FREE TO CHOOSE,≤100
109136650636111,Harold Hayes for State Representative,Friends of Harold M. Hayes,≤100
96171427550,Raja for Congress,FRIENDS OF RAJA FOR CONGRESS,≤100
123963360928,SiriusXM,SiriusXM,≤100
198365307706211,Illegal The Project,Illegal The Project,≤100
1799282383731277,TwoSeventy,Alexander Jared Deutsch,≤100
735450726543930,Clergy for a New Drug Policy,Clergy for a New Drug Policy,≤100
577579002349073,Let's Grow Kids,Let's Grow Kids,≤100
203805062990264,Ben Shapiro,The Daily Wire,≤100
458928061510318,Rita Hart for Iowa,RITA HART FOR IOWA,≤100
151525932186806,When Democrats Turn Out,WHEN DEMOCRATS TURN OUT PAC,≤100
464510790410497,Irritated Genie of Soufeese,Ayo Hance Kimathi,≤100
314463908651,After Fifty Living,Joanne Sullivan Lema,≤100
50711561090,Muslim Advocates,MUSLIM ADVOCATES,≤100
109788797242679,The Patriot Circle,Kin Ngai Yeung,≤100
350316025478383,When We All Vote,When We All Vote,≤100
59543893235,National Constitution Center,National Constitution Center,≤100
174754989846475,NewDem Action Fund,New Democrat Coalition Action Fund,≤100
102619234665360,Rosenquest for Mayor,Christopher Charles Rosenquest,≤100
2254455051442790,Flag and Cross,Flag & Cross,≤100
101591551371555,Fire Mitch. Save America.,SAVE AMERICA FUND,≤100
155857265265319,Pre-IPO Buzz,Pre-IPO Buzz,≤100
833845080319275,The Daily Patriot,Full Tilt Holdings LLC,≤100
200676905671,We Are ALPA,Air Line Pilots Association,≤100
204998436268114,Boyce Thompson Institute,Boyce Thompson Institute,≤100
514442968569467,Northern Illinois Food Bank,NORTHERN ILLINOIS FOOD BANK,≤100
128155811565,Wyoming Liberty Group,Wyoming Liberty Group,≤100
45013872425,The Ripon Society,RIPON SOCIETY,≤100
2059019737447210,ChangeRoots,ChangeRoots,≤100
16477459734,League of Conservation Voters,"LEAGUE OF CONSERVATION VOTERS, INC",≤100
102909941095087,Stop Biased Banking,Center for Freedom and Prosperity,≤100
723136714746586,The Common Ground Project,"The Common Ground Project, Inc.",≤100
173470656019870,The Daily Yonder,Great Stories LLC,≤100
434616383688551,Ocean & Co.,Ocean & Co,≤100
6444807415,Food Allergy Research & Education,Food Allergy Research & Education,≤100
2452905398272083,Froy Jimenez for Illinois Senate - 1st District,Froy Jimenez for Senate,≤100
7292655492,MoveOn,MOVEON.ORG CIVIC ACTION,≤100
26006662641,Arizona Democratic Party,Arizona Democratic Party,≤100
108118933908193,Next Level Goods,Next Level Goods LLC,≤100
241247646424302,Jahana Hayes,FRIENDS OF JAHANA HAYES,≤100
76523801829,the Christian Century,CHRISTIAN CENTURY,≤100
7292655492,MoveOn,MOVEON.ORG POLITICAL ACTION,≤100
788394134539871,USPS Business,United States Postal Service,≤100
566008736785269,Be Heard Project,Be Heard Project,≤100
152766071443309,The City University of New York,The City University of New York,≤100
160630887998827,Let Them Live,Let Them Live,≤100
27311599342,Preemptive Love,Preemptive Love Coalition,≤100
102592959026,Ocean Conservancy,"OCEAN CONSERVANCY, INC.",≤100
150763151677363,Markwayne Mullin,MULLIN FOR CONGRESS,≤100
67553971312,The Century Foundation,"CENTURY FOUNDATION INC, THE",≤100
683872625157265,Theresa Greenfield,THERESA GREENFIELD FOR IOWA,≤100
97830335456,Patagonia,"PATAGONIA, INC.",≤100
1925751504337881,MJ for Texas,MJ FOR TEXAS,≤100
28510612138,Uncommon Knowledge,Hoover Institution,≤100
207833736045744,MHAction.org,Kevin R Borden,≤100
69039563201,Open Doors USA,"OPEN DOORS WITH BROTHER ANDREW, INC.",≤100
24126948070,PrintPlace,"Digital Room, Inc.",≤100
156968474833352,Stop Republicans,Stop Republicans,324
143986912311328,University of Vermont Continuing and Distance Education,University of Vermont,≤100
184731548554164,PL+US,Plus Fund: Paid Leave for the United States,≤100
106136417435051,Iwantmyoceanback,Iwantmyoceanback,≤100
8532248414,Wounded Warrior Project,"WOUNDED WARRIOR PROJECT, INC.",≤100
240203263118328,Elissa McBride,AMERICAN FEDERATION OF STATE COUNTY & MUNICIPAL EMPLOYEES,≤100
175672252499829,Trending Views,Trending Views,≤100
103276597856432,The Trump Collective,Alexander Quinn Urbach,≤100
1664959567149320,Wholesome Culture,Wholesome Culture,≤100
168452723312821,Chisholm Chisholm & Kilpatrick LTD,Chisholm Chisholm & Kilpatrick LTD,≤100
260401648038890,Science101,Novelty Media,≤100
1905515863109983,Power In Cooperation,ConocoPhillips,≤100
2097894726895751,Progressive Blue,Christian None Gardinier,≤100
154510321337994,Chris Pappas for Congress,CHRIS PAPPAS FOR CONGRESS,≤100
140944265994166,Center for Addiction Services and Psychotherapy Interventions Research,a research grant at The National Center on Addiction and Substance Abuse (CASA),≤100
162493793737,Rick Green,Richard Arlin Green,≤100
24330467048,Americans for Prosperity,AMERICANS FOR PROSPERITY,≤100
3136140586411627,Jesse Reyes for Illinois Supreme Court,Committee to Elect Jesse G Reyes,≤100
152926718105068,FloWater,FloWater,≤100
207901812670026,theSkimm,"TheSkimm, Inc",≤100
21813808850,American Battlefield Trust,These ads ran without a disclaimer,≤100
1963992303848678,DHVANI,DHVANI,≤100
720943967965149,AFSCME Retirees,AMERICAN FEDERATION OF STATE COUNTY & MUNICIPAL EMPLOYEES,≤100
1852520761657982,4ocean,4ocean,≤100
48818254473,Alexander Street,PROQUEST LLC,≤100
780606555331010,American Student Loan Advocate,ASLR Marketing,≤100
540467496124903,SOAR Hydropower,"CANYON INDUSTRIES, INC.",≤100
5644748986,National Wildlife Federation,NATIONAL WILDLIFE FEDERATION,≤100
147486638599345,Urban Teachers,Urban Teachers,≤100
194377127954,Ladders,These ads ran without a disclaimer,≤100
100314401549080,Taxpayers for Term Limits,Taxpayers for Term Limits,≤100
387055404685275,Basic Books,"Hachette Book Group, Inc.",≤100
122671561263552,Committee for Better Banks,"COMMUNICATIONS WORKERS OF AMERICA, AFL-CIO, CLC",≤100
169130470583214,Demand Justice,Demand Justice,≤100
59826489083,SELC,SOUTHERN ENVIRONMENTAL LAW CENTER,≤100
83960796709,Institute for Southern Studies,INSTITUTE FOR SOUTHERN STUDIES INC,≤100
6170309302,Dick Durbin,FRIENDS OF DICK DURBIN COMMITTEE,≤100
106630747474687,Nolan Bylenga for State Representative,Nolan Edward Bylenga,≤100
2406284459692230,Bees4Seas Natural Beeswax Food Wrap,Melissa Marie Eastin,≤100
109784800371914,Protect Kids: Fight Flavored E-Cigarettes,TOBACCO-FREE KIDS ACTION FUND,≤100
259130650776119,Mitch McConnell,MCCONNELL SENATE COMMITTEE,≤100
175862952587855,"Global Oceanic Designs, Inc.",Kenneth Wayne Welch,≤100
153570224679284,City of New London,New London Economic Development,≤100
273546779885377,The Gallant Pelham,"The Gallant Pelham, LLC",≤100
150181591837186,Ted Terry,Ted for Dekalb,≤100
101432317199,Blue Cross and Blue Shield Association,BLUE CROSS AND BLUE SHIELD ASSOCIATION,≤100
114710126648118,Republican Dogs,Republican Dogs,≤100
113005536951767,Planted,Andrew West Gardner,≤100
678900828863555,IfNotNow,If Not Now Movement,≤100
807413476285845,Prism,Prism,≤100
184373328845372,Gigi Raffe,Gigi Raffe,≤100
2225580284361712,Tommy Tuberville,"TUBERVILLE FOR SENATE, INC.",≤100
132492254050920,American AF,AAF Nation,≤100
109092142462587,Adam Schiff,SCHIFF FOR CONGRESS,≤100
25852730092,Care2,Care2 Inc,≤100
120421071407438,World Mizrachi,The Orthodox Israel Coalition,≤100
496696933682736,Jeff Merkley,JEFF MERKLEY FOR OREGON,≤100
129255907131113,NumbersUSA,NUMBERSUSA EDUCATION AND RESEARCH FOUNDATION,≤100
100391988083233,Triggered Freedom Apparel,Triggered Freedom Apparel,≤100
785936231584382,Paula Jean Swearengin,Paula Jean for West Virginia,≤100
9324910069,NRSC,NRSC,≤100
224684514243482,Tom Cotton,"COTTON FOR SENATE, INC.",≤100
165987503528599,Lindsey Graham,"TEAM GRAHAM, INC.",≤100
142992759853421,Be A Hero,BE A HERO PAC,≤100
305832706292882,American Gun Association,GunAssociation.org,≤100
160630887998827,Let Them Live,Nathan Montgomery Berning,≤100
465483726908192,iVote,IVote Civic Education Fund,≤100
304174600459936,Front Porch Sense,Marnie Lynn Kuhns,≤100
195388540623090,National Retiree Legislative Network,NRLN,≤100
148205145252473,Backcountry Hunters & Anglers,Backcountry Hunters & Anglers,≤100
598830780279445,Say Yes to MCC,Say Yes to MCC,≤100
103473317929797,Trump My Pet,Trump My Pet,≤100
6787988478,Physicians for Human Rights,"PHYSICIANS FOR HUMAN RIGHTS, INC.",≤100
111812468884033,W.K. Kellogg Foundation,W. K. KELLOGG FOUNDATION,≤100
149411962570,Do Something Church,Douglas Stuart Mcqueen,≤100
29776517202,Second Harvest Heartland,SECOND HARVEST HEARTLAND,≤100
108177347380482,Market Watch,Smart Market Tips,≤100
120333829372239,Salvos,Salvos,≤100
49414386380,Ilegal Mezcal,Ilegal Mezcal,≤100
408252582872693,Daniella Levine Cava,"Daniella Levine Cava, Non-Partisan, for Miami-Dade County Mayor",≤100
130025717077175,The Orangutan Project,These ads ran without a disclaimer,≤100
1397799040234106,OpinionUP,OpinionUP LLC,≤100
2185993931653388,The Recount,"Recount Media, Inc",≤100
106323360959211,Patriots Republic,Matthew James Stine,≤100
182658925089088,FINCA,"FINCA INTERNATIONAL, INC.",≤100
8524198486,Physicians Committee for Responsible Medicine,"PHYSICIANS COMMITTEE FOR RESPONSIBLE MEDICINE, INC.",≤100
1418907401547906,Rescü,"Rescu, LLC",≤100
300748678230,Tennessee Department of Economic and Community Development,Tennessee Department of Economic and Community Development,≤100
309798029121030,Everytown for Gun Safety,Everytown for Gun Safety Action Fund Inc,≤100
5435784683,Greenpeace USA,"GREENPEACE, INC.",≤100
176789922364429,Steve Daines,STEVE DAINES FOR MONTANA,≤100
2070944712939738,American Police Officers Alliance,American Police Officers Alliance,≤100
14413545701,Conservation Law Foundation,"CONSERVATION LAW FOUNDATION, INC.",≤100
17203056985,Partners In Health,Partners In Health,≤100
102745147891580,Trump Coolers,Eric Clifford Juels,≤100
108505303942541,Now Hear Me Out Podcast,Now Hear Me Out Podcast,≤100
1526736227567131,TrueCoverage,True Coverage,≤100
21559454473,FAIR,FEDERATION FOR AMERICAN IMMIGRATION REFORM,≤100
7833534974,Florida Democratic Party,Florida Democratic Party,≤100
25719788463,Kipp Brothers,NOVELTY INC,≤100
269150413103084,Xulon Press,These ads ran without a disclaimer,≤100
165551260479306,Lifting Hands International,Lifting Hands International,≤100
243498882520314,FoodFinder,"FOODFINDER, INC.",≤100
6266829799,Sherrod Brown,FRIENDS OF SHERROD BROWN,≤100
131217580266597,National Council on Aging,"NATIONAL COUNCIL ON AGING, INC.",≤100
1945237355733646,Giving Brush,Giving Brush LLC,≤100
105157547707027,Patriot Provision Co.,Patriot Provision Co.,≤100
103622324590214,Millennial Majority,Story Network Foundation,≤100
595854897124850,Shatterproof,Shatterproof,≤100
78420171887,Sailors for the Sea,SAILORS FOR THE SEAINC,≤100
104504438466,Federal Voting Assistance Program - FVAP,Federal Voting Assistance Program (FVAP),≤100
1234251319933440,Exclusive Apparel,The Dude's Designs,≤100
1383869268500535,Medicare World,Medicare World,≤100
111182343682003,Certified CCW,CertifiedCCW.com,≤100
307943569254319,Florida Rights Restoration Coalition,Florida Rights Restoration Coalition,≤100
104832861120256,Bernies Budget,Dennis K Byrd,≤100
179145905973075,Sophie Ratner Jewelry,Sophie Ratner Jewelry,≤100
1791097094486498,Musings,Musings Magazine,≤100
1434793590124759,Evonomics: The Next Evolution of Economics,Evonomics,≤100
142456572894631,Donald Trump Cardboard Cutouts,Garrett Earl Kirschbaum,≤100
213254292034436,Out & Equal Workplace Advocates,OUT & EQUAL WORKPLACE ADVOCATES,≤100
680549575421741,UnitedVoice.com,"Beachside Media, Inc.",≤100
103009087770334,Get Trumpcare Now,The Stuart Agency,≤100
109097990639753,Unite for Colorado,Unite for Colorado,≤100
121626482110,Operation Smile,"OPERATION SMILE, INC.",≤100
90498769709,Edenpure,EdenPURE®,≤100
1556323534653761,Richard Attias & Associates,Richard Attias & Associates,≤100
1933180256921396,IE United,"Inland Communities in Support of Eddie Tejeda for District 3 Supervisor, sponsored by IE United a project of Tides Advocacy",≤100
1977738355807406,Sharice For Congress,SHARICE FOR CONGRESS,≤100
97624620788,American Friends of Magen David Adom,AMERICAN FRIENDS OF MAGEN DAVID ADOM,≤100
89336510798,American Friends of the Hebrew University,American Friends of Hebrew University,≤100
420424547981908,In Search of Liberty,Scott Dennis Welch,≤100
645538035569431,FundKite,AKF Inc. dba FundKite,≤100
25265606959,eDeadShop.com,These ads ran without a disclaimer,≤100
467804929927622,Jason Smith,JASON SMITH FOR CONGRESS,≤100
15351475322,Cathy McMorris Rodgers,Cathy McMorris Rodgers for Congress,≤100
11131463701,truth,TRUTH INITIATIVE FOUNDATION,≤100
709491732434343,שורת הדין - Shurat HaDin,Israel Law Center,≤100
11791104453,NRDC,Natural Resources Defense Council,≤100
101391906600,Live Action News,Live Action News,≤100
64064370581,North Texas Food Bank,North Texas Food Bank,≤100
447484109420511,Taylorfor2021,Joycelyn M Taylor,≤100
1682876188698809,United for Respect,United for Respect,≤100
275908853303174,Pro-Israel America,Pro-Israel America PAC,≤100
196731290352711,MDWCOMM,MDW Communications LLC,≤100
87186661244,Johns Hopkins Bloomberg School of Public Health,Johns Hopkins Bloomberg School of Public Health,≤100
151883078314516,NationSwell,NationSwell,≤100
648528708657585,New Skills Academy USA,These ads ran without a disclaimer,≤100
12692955711,Chronicle of Higher Education,"CHRONICLE OF HIGHER EDUCATION, INC. (THE)",≤100
309094279104553,Twelve Books,"Hachette Book Group, Inc.",≤100
110201667002800,Jewish Republican Alliance,YukoSocial LLC,≤100
125319303823,Champlain College,Champlain College Incorporated,≤100
511235549007985,PRJKT RUBY,PRJKT RUBY,≤100
19192438096,AAAS - The American Association for the Advancement of Science,American Association for the Advancement of Science,≤100
788632858205691,Zero Waste Face,Zero Waste Face,≤100
213792049451918,Stand For America Now,Stand For America Inc,≤100
73970658023,International Rescue Committee,International Rescue Committee,≤100
115214215185886,My-HappyFeet,These ads ran without a disclaimer,≤100
154471447959196,Institute for Veterans and Military Families - IVMF,Institute for Veterans and Military Families,≤100
2079184822304023,Nabilah for Congress,NABILAH FOR GEORGIA,≤100
2188424341404612,Project Ready,Project Ready,≤100
138141366212571,Gravis Marketing,GRAVIS MARKETING INC.,≤100
52989768601,Population Connection Action Fund,Population Connection Action Fund,≤100
234142976633158,Wake Up World & Smell the Coffee,Edith Dume Lerner,≤100
304600892905134,Hillsdale College Online Courses,HILLSDALE COLLEGE,≤100
1402827079932843,Low Income Relief,The Lighthouse Information Network LLC,≤100
38235851310,USA for UNHCR,UNITED STATES ASSOCIATION FOR UNHCR,≤100
681626158940626,Mission Roll Call,Americas Warrior Partnership,≤100
102413723172970,Nick Adams,Nick Adams,≤100
101183127996396,Four Is Enough,PACRONYM,≤100
975849335817140,Northern California Record,The Record,≤100
305380096638473,Charles Booker,BOOKER FOR KENTUCKY,≤100
1612726335627171,We the Internet TV,We the Internet TV,≤100
1824503584434809,I Vaccinate,Michigan Department of Health and Human Services,≤100
7483836629,Ancestry,Ancestry.com Operations Inc.,≤100
510680265702016,Crowned Free,Crowned Free,≤100
1692863337593150,EvoBuzz,Denis Bradshaw Jorgensen,≤100
102617961152741,Barbara Bollier,BOLLIER FOR KANSAS,≤100
45393753416,Alliance Defending Freedom,Alliance Defending Freedom,≤100
350523542184,Trust Women,Trust Women,≤100
76025018070,San Francisco-Marin Food Bank,San Francisco-Marin Food Bank,≤100
1018914308173454,FStop Foundation,"FSTOP FOUNDATION INC, THE",≤100
137569740231452,Respect The Look,Respect The Look,≤100
107488157405298,Todd McMurtry for Congress,MCMURTRY FOR CONGRESS,≤100
318772742238,Jewish Review of Books,Jewish Review of Books,≤100
1800072483402009,African Community & Conservation Foundation,African Community & Conservation Foundation,≤100
105953890782784,The Factual,The Factual,≤100
108519723832934,RAFT,Alexandra Marie Duany Saavedra,≤100
161879897191723,EarthX,EarthX,≤100
1917715138510680,Follow Your Legend,Legend Bracelet,≤100
309993142375589,Joe Kennedy III,KENNEDY FOR MASSACHUSETTS,≤100
97493741436,John W. Hickenlooper,HICKENLOOPER FOR COLORADO,≤100
137051766452,Purusha People Clothing,Purusha People,≤100
30500779658,Interfaith Power & Light,"REGENERATION PROJECT, THE",≤100
177608652618,VirtualJerusalem.com,J Media Global LLC,≤100
112735922758892,Charlie Kirk,"Premiere Marketing, Inc.",≤100
104704000907113,Herb Schultz for Rock Island County State's Attorney,Friends of Herb Schultz,≤100
229422593795044,State Government Leadership Foundation,State Government Leadership Foundation,≤100
104567660952584,Macomb for Kids,Macomb For Kids,≤100
143152622368089,San Diego Zoo Safari Park,ZOOLOGICAL SOCIETY OF SAN DIEGO,≤100
121731445898409,I Love Great Deals,Roberto None Lugo,≤100
260131294484,Bethesda Lutheran Communities,Bethesda Lutheran Communities,≤100
100887404782458,Puns For President,Puns For President,≤100
2330577043935831,Sara Gideon,SARA GIDEON FOR MAINE,≤100
77790954801,Salesian Missions,Salesian Missions,≤100
1747132688647028,Democratic Association of Secretaries of State,Democratic Association of Secretaries of State,≤100
311896169406139,Trump 2020 Wear,Trump 2020 Wear,≤100
18813753280,Human Rights Campaign,"HUMAN RIGHTS CAMPAIGN, INC.",≤100
106120240940046,Zaehringer 4 Judge,George Martin Zaehringer,≤100
105561217523274,The_Dispatch,"Dispatch Media, Inc.",≤100
967055460165792,Maverick Doctor,Avishai Osher White,≤100
56780242206,Agros International,Sierra Hana Golden,≤100
163302087408673,Stop The Donald,Stop the Donald,≤100
227330344038678,Disco Donnie Presents,Disco Donnie Presents,≤100
175723919259349,Mayor Scott Singer,Scott Singer for Mayor,≤100
131571436869348,Texas HDCC,Texas HDCC,≤100
137078141865,Kentucky Democratic Party,Kentucky Democratic Party,≤100
101617224555221,Nancy Pelosi Elects Democrats,PAC TO THE FUTURE,≤100
14440196673,Teamsters,INTERNATIONAL BROTHERHOOD OF TEAMSTERS,≤100
950998258312654,Knowhere,"Knowhere, Inc.",≤100
11602044174,Independent Women's Forum,Independent Women's Forum,≤100
188234184551165,PV Squared,"PIONEER VALLEY PHOTOVOLTAICS COOPERATIVE, INC.",≤100
125926684269659,Davis for State Senate,Davis for State Senate,≤100
106382017600422,Billy Prempeh,THE BILLY PREMPEH FOR CONGRESS COMMITTEE,≤100
107953199261156,ifaw,"INTERNATIONAL FUND FOR ANIMAL WELFARE, INC.",≤100
111375640322925,Immigrants and Friends for Bernie Sanders-2020,Zeljko Radovanovic,≤100
598924810530984,Keeping America Great,FamTeeWorld,≤100
236312179825896,Republican Main Street Partnership,REPUBLICAN MAIN STREET PARTNERSHIP INC,≤100
137662367278,League of Women Voters of the U.S.,LEAGUE OF WOMEN VOTERS OF THE UNITED STATES,≤100
939489182849039,Ruben Major,Ruben Major for Oceanside Mayor,≤100
102047517918,The Commonwealth Fund,"COMMONWEALTH FUND, THE",≤100
100968598130407,Tax Support Center,Mercedes Lease,≤100
38895197117,EdChoice,"EDCHOICE, INC.",≤100
80080296729,The Greater Boston Food Bank,"GREATER BOSTON FOOD BANK, INC., THE",≤100
312870062895448,StateThugs,StateThugs.com,≤100
274290832609763,Protect Our Defenders,Protect Our Defenders Foundation,≤100
13187955196,Young Americans for Liberty,Young Americans for Liberty,≤100
203197030603239,8 Billion Trees,8 Billion Trees LLC,≤100
2046280975668889,LeftvsRightIQ.com,LvR Intelligence LLC,≤100
105610970947657,MY 2A GEAR,Leon Mckensizy Dunn,≤100
193618220508,LIFE Today,LIFE Outreach International,≤100
112600915451330,No Labels,No Labels,≤100
1316308285142040,Planet Home,"Equilibrium Management, LLC",≤100
372799605421,DeSmog,DeSmog,≤100
110019893736048,Grandpas Against Trump,Richard Carlton Carlton Daley,≤100
237788366660686,Tax March,Tax March,≤100
101908424664094,Best Home Savers 2020,J D Grace Gorospe,≤100
7192716362,Amnesty International USA,Amnesty International USA,≤100
112955806896246,Dalia Al-Aqidi,Dalia for Congress,≤100
1305943179552668,Forrest Johnson,Forrest Nels Johnson,≤100
153080620724,Donald J. Trump,"DONALD J. TRUMP FOR PRESIDENT, INC.",≤100
149745555082419,Pioneer Institute for Public Policy Research,"Pioneer Institute, Inc.",≤100
112914570241993,Smart Investor Tips,Smart Investor Tips,≤100
77852784853,Absolut,Pernod Ricard USA,≤100
383877235817031,Keep America Great,Keep America Great,≤100
602714436529710,End Citizens United,END CITIZENS UNITED,≤100
565283270180788,HECHO,"HECHO (Hispanics Enjoying Camping, Hunting, and the Outdoors)",≤100
108512875350,The Atlas Society,The Atlas Society,≤100
329893367738313,Yes Cascadia,Yes Cascadia,≤100
337519599658111,Fix the Debt,Committee for a Responsible Federal Budget,≤100
113511700171466,Five Borough Jobs Campaign,Five Borough Jobs Campaign,≤100
555787351119974,Coalition to Protect America's Health Care,Coalition to Protect America's Health Care,≤100
104006944272732,Honest Arizona,Advancing AZ,≤100
130912793621553,Food Bank For New York City,Food Bank For New York City,≤100
169294473121454,Policetees.com,PoliceTees.com,≤100
33699882778,Dr. Bronner's,Dr. Bronner's,≤100
1647193241982429,Say NO to “Gun Control”,Tanner Reed Mccartney,≤100
7860876103,Joe Biden,BIDEN FOR PRESIDENT,690
1451520385099902,Equal Voice Action,Equal Voice Action,≤100
594519783957655,Citizens for National Security,Citizens For National Security,≤100
269719197271294,Accountable.US,Accountable.US,≤100
292351509697,Jerusalem Prayer Team,Jerusalem Prayer Team,≤100
72931140459,Center for Biological Diversity,"CENTER FOR BIOLOGICAL DIVERSITY, INC.",≤100
402120963932260,Counterpoint,Counterpoint,≤100
38897314734,The Trust for Public Land,"TRUST FOR PUBLIC LAND, THE",≤100
112235732143274,Glacier National Park Conservancy,Michael Robert Cantafio,≤100
101103254533,SOS International,SOS International,≤100
15779440092,National Review,"NATIONAL REVIEW, INC.",≤100
332716170522025,America First Action,America First Action,≤100
105175422857231,Association of American Railroads,ASSOCIATION OF AMERICAN RAILROADS,≤100
1081657668631713,Wild Bobby,Yehuda Arye Berman,≤100
279846350948,St. Labre Indian School,St. Labre Indian School,≤100
260366367717440,Committee to Protect Medicare,Committee to Protect Medicare,≤100
11024050756,Bioneers,Bioneers,≤100
1849483715167852,Firefly Engagement,"Firefly Engagement Services, Inc.",≤100
2196281620653830,Footprint,Footprint,≤100
1505244559517282,Colin Allred,COLIN ALLRED FOR CONGRESS,≤100
102082608048497,End Ocean Pollution,Brian Sherwin,≤100
1387062348242626,ProgressNow Arizona,ProgressNow AZ,≤100
103285009618,Tennessee Entertainment Commission,Tennessee Entertainment Commission,≤100
6726182861,Mike Pence,TRUMP MAKE AMERICA GREAT AGAIN COMMITTEE,≤100
79743808136,NAIS -- National Association of Independent Schools,"NATIONAL ASSOCIATION OF INDEPENDENT SCHOOLS, INC.",≤100
96159580682,Maine Democratic Party,MAINE DEMOCRATIC PARTY,≤100
28807410414,Sea Education Association / SEA Semester,Sea Education Association,≤100
657708380952174,Voices of the Civil Rights Movement,Comcast,≤100
460844281074800,Tiny Trump,Eric D Corriel,≤100
999556810102061,Signature Seas,Signature Seas,≤100
279395135421721,Share Change,The Salvation Army - USA Western Territory,≤100
123651254408327,Sokolove Law,"Sokolove Law, LLC",≤100
47710973068,Cooperative Action Network,National Rural Electric Cooperatives Association,≤100
466164103423147,Thorn,Thorn with Facebook Ad Credits,≤100
1438808983108348,BOLD PAC,CHC BOLD PAC,≤100
156269771074135,VILLAGE HOMES,Randy Jay Rouleau,≤100
109789960632018,Trump Lightboxes,Michael C George,≤100
993294760683044,Education Reform Now,Education Reform Now,≤100
167818016571872,Ann & Robert H. Lurie Children's Hospital of Chicago,Ann & Robert H. Lurie Children's Hospital of Chicago,≤100
231518367314146,Kim Olson for Congress,KIMFORCONGRESS,≤100
1497851363851721,QLMS,Quicken Loans Mortgage Services,≤100
30139072158,CARE,CARE,≤100
110573083801477,5G Action Now,5G Action Now,≤100
15503839732,Peter G. Peterson Foundation,Peter G. Peterson Foundation,≤100
110177119192569,Knightscope,William Li,≤100
100935474627180,Lisa Savage for US Senate,LISAFORMAINE,≤100
43647453076,familydoctor.org,AMERICAN ACADEMY OF FAMILY PHYSICIANS,≤100
64343851262,National Catholic Reporter,"NATIONAL CATHOLIC REPORTER PUBLISHING COMPANY, THE",≤100
294196590710262,FWD.us,FWD.us,≤100
14038292386,Women for Women International,WOMEN FOR WOMEN INTERNATIONAL,≤100
1610834479233860,Fight For Reform,End Citizens United Non-federal,≤100
175580571641,Out of Print,Out of Print,≤100
108785873927718,Jimmy Garfield for State Representative,Garfield for State Representative,≤100
592707041080920,Stand Together,Stand Together Chamber of Commerce Inc.,≤100
1640970822834351,Plaine Products,Plaine Products,≤100
170582513587720,Liberty Through Wealth,The Oxford Club,≤100
110304423857607,Patriot Wear,Brandon Kyle Fink,≤100
44224524016,American Kidney Fund,"AMERICAN KIDNEY FUND, INC.",≤100
2036389409806378,Backpage's Role in Prostitution and Trafficking,X Social Media LLC,≤100
166166843531258,National Council of Resistance of Iran - شورای ملی مقاومت ایران,MEK-Iran (Saeid Saadati),≤100
18017481462,Acton Institute,Acton Institute,≤100
1750471095167410,Trump Train News,Trump Train News,≤100
2220605218032318,Research in Algorithmic Redlining,Aleksandra Korolova,≤100
309798029121030,Everytown for Gun Safety,Everytown for Gun Safety Support Fund Inc,≤100
100954708112820,Americans for Medicare Dental Coverage,Freeroots,≤100
238473269650980,Capital & Main,CAPITAL & MAIN,≤100
293225127381200,Patriot Depot,The Patriot Depot,≤100
355799336705,Outreach International,Outreach International,≤100﻿
277005566267077,Blueland,Blueland,≤100
209516845093,NRDC Action Fund,NRDC Action Fund,≤100
436340226444357,Clergy in Support of the 2nd Amendment,Robert Warde,≤100
8815573924,Utah Food Bank,UTAH FOOD BANK,≤100
365591516828390,Georgia's WIN List,Georgia WIN List,≤100
354369924642184,Bill Holt's Dreamies,William Holt,≤100
1224106861035505,Resistbot,Resistbot Action Fund,≤100
135298176481584,Marine Corps Scholarship Foundation,Marine Corps Scholarship Foundation,≤100
188383074570800,Aquapparel,Aquapparel,≤100
1711465445765878,Nancy Pelosi,NANCY PELOSI FOR CONGRESS,≤100
34370387440,JDRF,JDRF INTERNATIONAL,≤100
202626512363,U.S. Census Bureau,These ads ran without a disclaimer,≤100
711909245654048,National Police Support Fund,National Police Support Fund,≤100
105536127617594,The American Digest,The American Digest,≤100
981661448510937,Meraki Journey,Meraki Bracelets,≤100
473558703216022,Gabfest,Paul W Queen,≤100
147523538641547,Capitol Ministries,CAPITOL MINISTRIES,≤100
1382947485338199,David Benaym,David E Benaym,≤100
23875187730,Feeding America,Feeding America,≤100
103916901051975,Immigration Ally,Walker Gates Vela PLLC,≤100
1869687273277265,Run for Something,Run For Something PAC,≤100
123324264379603,Committee of Interns and Residents,Committee of Interns and Residents,≤100
186932688457686,CHNGE,CHNGE,≤100
240425642652222,South Florida Wildlands Association,South Florida Wildlands Association,≤100
6244252028,Considerable,Considerable.com,≤100
151894654697,Save Our States,"OKLAHOMA COUNCIL OF PUBLIC AFFAIRS, INC.",≤100
18709174006,National Audubon Society,"NATIONAL AUDUBON SOCIETY, INC.",≤100
872842866161157,One Nation Design,One Nation Design,≤100
513785465632396,Airline Passengers for Justice,Airline Passengers for Justice,≤100
110415877229724,Real American Sportsmen,Real American Sportsmen,≤100
298964866859647,Flows To Bay,Flows To Bay,≤100
130824026321,Mott Community College,Mott Community College,≤100
345504286342057,Keeping America Great Again,RightWingGear.com,≤100
168876449866088,The Years Project,The Years Project,≤100
183424985463330,Joe Cunningham,JOE CUNNINGHAM FOR CONGRESS,≤100
167842857168389,The Pressure People,The Pressure People,≤100
148485621883625,40 Days for Life,40 Days for Life,≤100
242960515598,Military Spouse,Victory Media DBA Military Spouse,≤100
162616177521935,ACM Strategies,ACM Strategies,≤100
46093654473,National Republican Congressional Committee,NRCC,≤100
149366465128820,"Nicole Galloway, CPA",Nicole Galloway for Missouri,≤100
673117639774135,Gretchen Whitmer,Gretchen Whitmer for Governor,≤100
277005566267077,Blueland,These ads ran without a disclaimer,≤100
547176209061125,Medicare for All NOW,Medicare For All NOW!,≤100
90107797870,Houston Food Bank,"HOUSTON FOOD BANK, THE",≤100
102330281223041,Tradewater,"Tradewater, LLC",≤100
263210730984251,We Are Great Again Pac,WE ARE GREAT AGAIN PAC,≤100
79279853233,Professional Photographers of America,"PROFESSIONAL PHOTOGRAPHERS OF AMERICA, INC.",≤100
686691511782556,Heirloom,These ads ran without a disclaimer,≤100
107868640615645,Paint The Ballot Blue 2020 And Beyond,Howard Rolls,≤100
279599502172409,Patriot Mobile,Patriot Mobile,≤100
2323471027903589,Bridging Minds,Bridging Minds,≤100
170918006892,G.I. Jobs,Victory Media DBA GI Jobs,≤100
154470397900936,Emin Eddie Egriu,EGRIU FOR CONGRESS,≤100
79047202856,People's World,People's World,≤100
114008535880,Foundation for Individual Rights in Education,FOUNDATION FOR INDIVIDUAL RIGHTS IN EDUCATION,≤100
102946544466689,No MO Slots,"No MO Slots, LLC",≤100
42940254353,Human Rights Watch,"HUMAN RIGHTS WATCH, INC.",≤100
657343731290262,American Freedom Fighter,American Freedom Fighter,≤100
196098536897,Texas Right to Life,Texas Right to Life,≤100
370783806625168,CarsonWatch,PUBLIC ADVOCATES INC,≤100
23996308754,Senate Conservatives,SENATE CONSERVATIVES FUND,≤100
627951147293090,FatFinger,Fat Finger LLC,≤100
79355523842,University of the People,University of the People,≤100
10897453188,Operation Mobilization - OM USA,"OPERATION MOBILIZATION USA, INC.",≤100
184715621591606,"Psi Chi, the International Honor Society in Psychology","PSI CHI, INC",≤100
57259033959,AARP,AARP,≤100
33110852384,Doctors Without Borders/ Médecins Sans Frontières (MSF),Doctors Without Borders/Médecins Sans Frontières (MSF),≤100
1087474374640616,Vocal,"Vocal Ventures, LLC",≤100
830890360316751,Nick Hanauer,Civic Action,≤100
1585761838387907,Unity College Online,Unity College,≤100
27461595703,Carbonfund.org Foundation,829 Studios LLC,≤100
172758932738142,PhRMA,PHARMACEUTICAL RESEARCH AND MANUFACTURERS OF AMERICA,≤100
386305465057247,Liberty Nation,Liberty Nation,≤100
106241024214152,American Home Life Periodical,Steven Luu Nguyen,≤100
1055873511190792,Hello Resistance,Hello Resistance Apparel,≤100
1084856268238034,Trump Talking,Roberto None Lugo,≤100
1227468047416089,Duet,Give Duet Inc,≤100
275908853303174,Pro-Israel America,"Pro-Israel America, Inc.",≤100
102099304568286,Protecting Ohio: Alice DeWine for Greene County Prosecutor,Protecting Ohio Action Fund,≤100
711478725532801,Civiqs,Civiqs,≤100
407664862957433,Ammar Campa-Najjar for Congress,AMMAR CAMPA-NAJJAR FOR CONGRESS,≤100
424443217623488,Clarion Project,Clarion Project,≤100
108180596030668,Elizabeth Dole Foundation,Elizabeth Dole Foundation,≤100
1552070021731538,Be Conscious. Be Kind.,Be Conscious. Be Kind.™️,≤100
147497942385,To the Contrary on PBS,Persephone Productions,≤100
253791814655400,Doug Collins,"COLLINS FOR SENATE, INC.",≤100
500478543656675,Institute for Communitarian Policy Studies,Amitai Etzioni,≤100
32802178807,Homes For Our Troops,Homes For Our Troops,≤100
34362997676,United States Holocaust Memorial Museum,UNITED STATES HOLOCAUST MEMORIAL MUSEUM,≤100
370549906309170,ActionSprout,"ActionSprout, Inc.",≤100
1539972792944463,Forge Leadership Network,Forge Leadership Network,≤100
109021767293838,Making Retirement Last,Making Retirement Last,≤100
740266592735787,Free to Be Kids,Free To Be Kids,≤100
9538894955,John F. Kennedy Presidential Library and Museum,"John Fitzgerald Kennedy Library Foundation, Inc.",≤100
202626512363,U.S. Census Bureau,U.S. Census Bureau,511
190987118163092,Connected Clothing Company,Connected Clothing Company,≤100
105229062888132,Stop Soldier Suicide,Stop Soldier Suicide,≤100
111309842220631,Greenleaf Gifts,"Greenleaf, Inc.",≤100
183149705503047,Paramount Network,Paramount Network,≤100
166320873433123,Factory Direct Promos,"SUPERIOR BUSINESS FORMS, INC.",≤100
433364950062784,Power Over Energy,Power Over Energy,≤100
25998443394,MedPage Today,"EVERYDAY HEALTH, INC.",≤100
525171637666780,Sandy Piña California Delegate,RCR,≤100
7341997111,Conservation International,Conservation International,≤100
342887442508723,Convention of States,Convention of States Action,≤100
2078647579047586,Project Pulso,Project Pulso,≤100
81372493950,POET,POET,≤100
151721606865,Intrepid Fallen Heroes Fund,Intrepid Fallen Heroes Fund,≤100
174866249236469,Tulsi Gabbard,TULSI NOW,≤100
112483970336673,VOPAC,Bartolo Drago,≤100
285907905427022,Bet on NY,FanDuel and Draft Kings,≤100
7209432197,Chris Coons,CHRIS COONS FOR DELAWARE,≤100
59254639983,Boston Medical Center,BOSTON MEDICAL CENTER,≤100
375760676281438,Mermaid Straw,Mermaid Straw,≤100
86711894400,National Write Your Congressman,National Write Your Congressman,≤100
2353537341582545,Proud Patriots,"Unicorn Wealth, LLC",≤100
8550121410,Free Speech America Project,MEDIA RESEARCH CENTER,≤100
2311489605552071,Customers Who Care,Customers Who Care,≤100
192771954102960,Jordan Sekulow,American Center for Law and Justice,≤100
146817005352784,Wellness.com,"Beachside Media, Inc.",≤100
156392276602,Strong Towns,Strong Towns,≤100
13885075114,Action Against Hunger USA,ACTION AGAINST HUNGER - USA,≤100
85452072376,Newsmax,Newsmax Media,≤100
394817334402124,2020 Trump Bill,Innovative Ecomm LLC,≤100
228177263911871,New American Spring,Roger Anthony Farinha,≤100
105281310938561,Evelyn For New York,Evelyn For NY,≤100
124626320898336,Catholic Extension,"CATHOLIC CHURCH EXTENSION SOCIETY OF THE UNITED STATES OF AMERICA, THE",≤100
624872801004570,Give a Child a Voice - Eric Erdman,Miguel Dacosta,≤100
333710103706307,Giffords,GIFFORDS PAC,≤100
13649914583,Equality Now,"EQUALITY NOW, INC.",≤100
440551812676698,Open The Books,American Transparency,≤100
49978948774,Newsy,Newsy,≤100
13063797831,Ben Ray Luján,PEOPLE FOR BEN,≤100
17911165812,Covenant House International,Covenant House,≤100
1417599265225727,Southwestern Medical Foundation,Collin M Quick,≤100
497348647140658,Point Source Youth,Point Source Youth,≤100
8325302025,Friends of the Earth U.S.,Friends of the Earth,≤100
100134398273326,Keeping America Great,Jessica Joan Allumbaugh,≤100
1691667177798461,Brut,Brut,≤100
1438882392887793,ADF Church Alliance,Alliance Defending Freedom,≤100
113302310024546,Medicare for All Education Initiative - MA,Kelley Caldwell Johnson,≤100
676396276075145,F3 Tech,These ads ran without a disclaimer,≤100
347709492097714,MyGreenFills,MyGreenFills,≤100
1752355788333516,Joe Schriner For President 2020,Joseph Moreaux,≤100
1025055787535714,A Case for Women,A Case for Women,≤100
105264094403642,Trump MAGA Swag,James Richard Griffin,≤100
960002584337213,Shannon Freshour,SHANNON 4 CONGRESS COMMITTEE,≤100
101464861365288,Americans Networking Together,Lucy  Tran,≤100
158791100909689,Concerned Veterans for America,Concerned Veterans for America,≤100
367292494407,AJC - American Jewish Committee,AMERICAN JEWISH COMMITTEE,≤100
298827966811602,Trump Recession,Maurice Lane Ponsart,≤100
255587152180,Shavitz Law Group,Paul James Herrmann,≤100
121033149320,American Indian College Fund,"AMERICAN INDIAN COLLEGE FUND, THE",≤100
105025901091483,Republican Party Strong,James R Oddo,≤100
54787697857,Ron Wyden,WYDEN FOR SENATE,≤100
399067003454888,Sudan Relief Fund,Sudan Relief Fund Inc,≤100
156994304362574,American Bridge,AMERICAN BRIDGE 21ST CENTURY,≤100
236369846383459,Congressional Black Caucus PAC,Congressional Black Caucus PAC,≤100
8934429638,Planned Parenthood Action,Planned Parenthood Action Fund,≤100
328072970642479,Jaime Harrison,JAIME HARRISON FOR US SENATE,136
134452023239984,Human Coalition,Human Coalition,≤100
147390698637518,Free State Project,Free State Project,≤100
49059279814,Institute for Justice,INSTITUTE FOR JUSTICE,≤100
111387737042755,Jimmy Stewart for Recorder,Jimmy Stewart for Recorder,≤100
291260461373618,News and News,News and News,≤100
960045850672105,One More Wave,Ernad Civic,≤100
1194865807192273,Conservative Gear,Outergoods LLC,≤100
66926603938,American Zionist Movement,"AMERICAN ZIONIST MOVEMENT, INC.",≤100
1764185850558806,Apex Clean Energy,Apex Clean Energy,≤100
6041057841,The Humane Society of the United States,"HUMANE SOCIETY OF THE UNITED STATES, THE",≤100
104883137744509,The Patriotic Apparel Company,Jack Vincent Michael Givens,≤100
662962894077729,The Well News,The Well News,≤100
763601047305653,"Mark Vaughan, NRA Board of Directors",Vaughan 4 NRA,≤100
1836138529938551,Greater Half,Billy Benson,≤100
780941275347834,Ilhan Omar,ILHAN FOR CONGRESS,≤100
2068830876573768,Project Divided,Marley Benjamin Urbas Duchovnay,≤100
530604487365010,Old Glory Flagpole Kits,Service First Flag Poles,≤100
130268756992804,Yale Climate Connections,Yale Climate Connections,≤100
16534314739,Facing History and Ourselves,"FACING HISTORY AND OURSELVES NATIONAL FOUNDATION, INC.",≤100
415306179228629,"Mike Carroll - Vice Mayor, City of Irvine","Mike Carroll - Vice Mayor, City of Irvine",≤100
1695950424027488,Andy Hallinan,Andrew Lawrence Hallinan,≤100
105202730827149,Michael Moore for Commissioner,Michael Moore for Commissioner,≤100
338855069522459,Im Tirtzu,Im Tirtzu,≤100
616507365386105,Top Conservative,Eric Brian Rosenberg,≤100
215689771967950,Plastic Tides,"Plastic Tides, Inc.",≤100
108176010748061,100 Insure,Robert Bradley Graham,≤100
221364705166573,NUNYO & COMPANY,NUNYO & COMPANY,≤100
1435071773455316,Daily Wire,The Daily Wire,≤100
1399926390134311,Nature's Generator,Huntkey USA Inc,≤100
599037717094428,Lil Guillotine,Liam Robert Manjon,≤100
571286260019617,Thinking Things Through,Red Hen Media,≤100
102548631287205,Keep America Great Coin 2020,Keep America Great Coin 2020,≤100
118737467661,New York State Department of Labor,New York State Department of Labor,≤100
109111900634787,Reverend Raphael Warnock,WARNOCK FOR GEORGIA,≤100
214002058736436,Unite America,UNITE AMERICA,≤100
940653386126953,Standingwithyou.org,Standing With You,≤100
139599847972,National Nurses United,BE A HERO PAC,≤100
105844410767627,The Mini Activist,The Mini Activist,≤100
168367339845613,The Humane League,The Humane League,≤100
1340560252687219,MISSIO Hair,MISSIO HAIR,≤100
2259323457517498,Abolish the Electoral College,ABOLISH THE ELECTORAL COLLEGE,≤100
54580146753,Faith in Action,Faith in Action,≤100
110509307164141,American Patriot Unite,American Patriot Unite,≤100
6315243665,Faith in Public Life,"FAITH IN PUBLIC LIFE, INC.",≤100
101208514791301,Daniel Turner,Power The Future Inc,≤100
1941010562619332,Curtis Legacy Foundation,John Edward Graybill,≤100
15771560300,Earthjustice,EARTHJUSTICE,≤100
352527958302,Israel on Campus Coalition,Israel on Campus Coalition,≤100
110031723895365,Living As One Now,Lynn Nguyen,≤100
1737556389685016,Good Money,Good Money,≤100
709046012792616,National Audubon Society Action Fund,National Audubon Society Action Fund,≤100
130196227157534,American Forum For Israel,Eugene Lekakh,≤100
328853823844484,Balance of Power,Balance of Power,≤100
2068645770095563,Timber Surf Co,These ads ran without a disclaimer,≤100
2309566456030859,Human Coalition Action,Human Coalition,≤100
121034115140,Airstrike,AIRSTRIKE INC,≤100
993668450793555,Alliance for Housing Justice,PUBLIC ADVOCATES INC,≤100
55644754632,Enel X,"ENEL X NORTH AMERICA, INC.",≤100
124965355935,AARP Vermont,AARP,≤100
2092316420802349,You've got to be kidding me,Active 7 Warehouse,≤100
27544763621,Prison Fellowship,Prison Fellowship,≤100
1837356789847797,Fulcrum News,David George Seaman,≤100
1389807071117013,Lynn Afendoulis,Lynn Afendoulis for Congress,≤100
1529468987331408,BulbHead,TELEBRANDS CORP.,≤100
111702860231554,Matt Lieberman,Matt Lieberman for Senate,≤100
452797224923658,Democratic Coalition Against Trump,THE DEMOCRATIC COALITION,≤100
411606772641925,ConservativeOpinion.com,ConservativeOpinion.com,≤100
384336778589668,Defend Our Constitution,COMMON CAUSE,≤100
384557995468219,Viral Casez,Viral Casez,≤100
471788803642592,Excital Store,Excital Store,≤100
122773549121265,President Trump for Nobel Peace Prize 2020,Tarek None Kteleh,≤100
309962672389562,AmeriCorps,Corporation for National and Community Service,≤100
278490715553293,Martha McSally,MCSALLY FOR SENATE INC,≤100
371171589575669,China.org.cn,These ads ran without a disclaimer,≤100
89660729827,National Wildlife Federation Action Fund,NATIONAL WILDLIFE FEDERATION ACTION FUND,≤100
48570030993,The Lanier Law Firm,Grace Lamb,≤100
54210104594,Indiana University,Indiana University,≤100
2074996929444345,Jenner Law,Robert Keith Jenner,≤100
303061950155375,John James,"JOHN JAMES FOR SENATE, INC.",≤100
510983808935302,Parker Hudson,Frank Parker Hudson Jr,≤100
7263476274,Mercy Corps,Mercy Corps,≤100
292018201259366,We Raise Foundation,WE RAISE FOUNDATION,≤100
729627343834501,Kialo,Kialo,≤100
118379493631,Episcopal Relief & Development,EPISCOPAL RELIEF AND DEVELOPMENT,≤100
511597776017378,House Of Chingasos,Carlos John Ugalde,≤100
1443864392358133,If These Ovaries Could Talk,Robin L Hopkins,≤100
393932827634250,Dissent Pins,Common Practice,≤100
2096116803831566,Live Poll for Democrats: 11:59 P.M. Deadline,Democratic Governors Association,≤100
6165653060,AFSCME,AMERICAN FEDERATION OF STATE COUNTY & MUNICIPAL EMPLOYEES,≤100
21834534343,Volunteers of America,"VOLUNTEERS OF AMERICA, INC.",≤100
21375324480,The Heritage Foundation,HERITAGE FOUNDATION (THE),≤100
100787471467527,Knowyourvote,Knowyourvote,≤100
369213013828722,El Paso County Colorado Progressive Veterans,El Paso County Democratic Veterans Initiative dba El Paso County Colorado Progressive Veterans,≤100
150451082120925,The other 54%,Gregory M Berube,≤100
911828698840246,ReLEntless Defender Apparel,ReLEntless Defender Apparel,≤100
971668776283950,PolicyEd,Hoover Institution,≤100
80696790240,Global Ministries (Disciples of Christ and United Church of Christ),Global Ministries - United Church of Christ and Christian Church (Disciples of Christ),≤100
383677738397139,Association for Accessible Medicines,Association for Accessible Medicines,≤100
1671853789719240,Palomar: Oklahoma City's Family Justice Center,Oklahoma City Family Justice Center Inc.,≤100
109665250456365,The Armed Patriot,Kenneth Micheal Parkerson,≤100
240290369507552,Bend the Arc Jewish Action,Bend the Arc: Jewish Action,≤100
140357056032320,NEA Today,National Education Association,≤100
1696537410609658,Graham Hill - Member of NRA Board of Directors,Graham Hill for NRA Board,≤100
104325844436320,US Dollar Reports,US Dollar Reports,≤100
11911627997,Pancreatic Cancer Action Network,"PANCREATIC CANCER ACTION NETWORK, INC.",≤100
197760674021143,Indivisible Guide,INDIVISIBLE ACTION,≤100
105698674239617,Embed News,Embed News,≤100
49906899425,Ramapo College of New Jersey,Ramapo College of New Jersey,≤100
214536049346,VPIRG,VERMONT PUBLIC INTEREST RESEARCH GROUP,237
8924408197,National Partnership for Women & Families,National Partnership for Women & Families,≤100
265045056894488,Mark Meckler,Convention of States Action,≤100
500410440069924,Dan "Taxation Is Theft" Behrman for President 2020,COMMITTEE TO ELECT DAN TAXATION IS THEFT BEHRMAN,≤100
2352630938293825,Mytacticalpromos,Entremax,≤100
107929979247766,Teacher's Discovery,Charles Ho Dert Verhey,≤100
104188284328588,US Polling Research,US Polling Research LLC,≤100
130848666099,Business Forward,Business Forward Inc.,≤100
174009339411865,SmartNews,"SmartNews International, Inc.",≤100
108906707265489,USA Pooch,"PRESIDENTIAL POOCH, INC",≤100
1390816891028615,OZY Fest,OZY Media Inc,≤100
359933137438156,Nine Line Apparel,Nine Line Apparel,≤100