﻿Page ID,Page Name,Disclaimer,Amount Spent (USD)﻿
102491847878451,Margaret Scott for Judge,Scott for Judge,≤100
11024050756,Bioneers,Bioneers,≤100
108152933883451,TrumpTrendz,Troy Lorenzo Davis,≤100
8127889355,Americans for Tax Reform,Americans for Tax Reform,≤100
375307592830342,The Veterans Advocacy and Benefit Association,VABA LLC,≤100
69039563201,Open Doors USA,"OPEN DOORS WITH BROTHER ANDREW, INC.",≤100
260754507296508,The Voter Participation Center,Voter Participation Center,≤100
49059279814,Institute for Justice,INSTITUTE FOR JUSTICE,≤100
960002584337213,Shannon Freshour,SHANNON 4 CONGRESS COMMITTEE,≤100
2254455051442790,Flag and Cross,Flag & Cross,≤100
2059019737447210,ChangeRoots,ChangeRoots,≤100
105668207674409,Alliance for Infant Lifetime Care,Alliance for Infant Lifetime Care,≤100
281844617168,Jewish Voice Ministries International,JEWISH VOICE MINISTRIES INTERNATIONAL,≤100
483627918401705,Cushing for Judge,Cushing for Judge,≤100
18479402361,No Kid Hungry,No Kid Hungry,≤100
1374134752633656,New Health Plans,Shop Insurance Plans,≤100
2377166239179411,Nancy Goroff for Congress,Goroff for Congress,≤100
72565633140,Soles4Souls,"SOLES4SOULS, INC.",≤100
228754857151053,House Majority PAC,House Majority PAC,≤100
393932827634250,Dissent Pins,Common Practice,≤100
165566613453452,ERLC,ETHICS AND RELIGIOUS LIBERTY COMMISSION OF THE SOUTHERN BAPTIST,≤100
802271849850801,Freedom for All Americans,Freedom for All Americans,≤100
385473284886474,Hillsdale College,HILLSDALE COLLEGE,≤100
91223411833,Medical Teams International,Medical Teams International,≤100
74442380906,Encyclopaedia Britannica,Encyclopaedia Britannica,≤100
224807714597069,Women’s March on Roanoke,Women's March on Roanoke,≤100
1390816891028615,OZY Fest,OZY Media Inc,≤100
84280132559,American Legislative Exchange Council,AMERICAN LEGISLATIVE EXCHANGE COUNCIL,≤100
324119001078997,"Sanford Heisler Sharp, LLP","Sanford Heisler Sharp, LLP",≤100
681626158940626,Mission Roll Call,Americas Warrior Partnership,≤100
9538894955,John F. Kennedy Presidential Library and Museum,"John Fitzgerald Kennedy Library Foundation, Inc.",≤100
305832706292882,American Gun Association,GunAssociation.org,≤100
118737467661,New York State Department of Labor,New York State Department of Labor,≤100
11131463701,truth,TRUTH INITIATIVE FOUNDATION,≤100
207901812670026,theSkimm,"TheSkimm, Inc",≤100
21999960184,Operation Blessing,Operation Blessing,≤100
461204744067686,Family Protection Association,Family Protection Association,≤100
116030521840,Maccabi USA,Limor Gurevich,≤100
940653386126953,Standingwithyou.org,Standing With You,≤100
289359554914740,We Have A Stake,The ANCOR Foundation,≤100
182658925089088,FINCA,"FINCA INTERNATIONAL, INC.",≤100
169294473121454,Policetees.com,PoliceTees.com,≤100
86134975779,Coast Guard Foundation,Coast Guard Foundation INC.,≤100
291102898490822,Giant Maga Hat,Inventors club LLC,≤100
7030901126,Campaign for Tobacco-Free Kids,Campaign for Tobacco-Free Kids,≤100
87186661244,Johns Hopkins Bloomberg School of Public Health,Johns Hopkins Bloomberg School of Public Health,≤100
709046012792616,National Audubon Society Action Fund,National Audubon Society Action Fund,≤100
500410440069924,Dan "Taxation Is Theft" Behrman for President 2020,COMMITTEE TO ELECT DAN TAXATION IS THEFT BEHRMAN,≤100
174371409720577,Abdul El-Sayed,ABDULRAHMAN MOHAMED EL-SAYED,≤100
96710501132,Eurasia Group,"EURASIA GROUP, LTD.",≤100
565283270180788,HECHO,"HECHO (Hispanics Enjoying Camping, Hunting, and the Outdoors)",≤100
49906899425,Ramapo College of New Jersey,Ramapo College of New Jersey,≤100
359933137438156,Nine Line Apparel,Nine Line Apparel,≤100
292018201259366,We Raise Foundation,WE RAISE FOUNDATION,≤100
361623737832919,Mom's Guide to Politics,Moms Guide to Politics,≤100
19036504767,Center for Victims of Torture,"CENTER FOR VICTIMS OF TORTURE, THE",≤100
555394394483002,Urban Resource Institute,Urban Resource Institute,≤100
353682792005802,Heather Mulligan Begley for Judge,Committee to Elect Heather Begley for Judge,≤100
438536186881177,All Clear Foundation,All Clear Foundation,≤100
138141366212571,Gravis Marketing,GRAVIS MARKETING INC.,≤100
717417908274761,Lady Freethinker,Lady Freethinker,≤100
178093668911508,"Law Office of Michael D.J. Eisenberg, Attorney and Counselor at Law","Law Office of Michael D.J. Eisenberg, Attorney and Counselor at Law",≤100
1234251319933440,Exclusive Apparel,The Dude's Designs,≤100
305380096638473,Charles Booker,BOOKER FOR KENTUCKY,≤100
530628950745171,Vote In Or Out,Lisa Chin Mollica,≤100
166320873433123,Factory Direct Promos,"SUPERIOR BUSINESS FORMS, INC.",≤100
394707496275,Threads 4 Thought,Threads 4 Thought,≤100
33110852384,Doctors Without Borders/ Médecins Sans Frontières (MSF),Doctors Without Borders/Médecins Sans Frontières (MSF),≤100
109439817056024,Elect Logan Endow,Friends of Logan Endow,≤100
101208514791301,Daniel Turner,Power The Future Inc,≤100
785936231584382,Paula Jean Swearengin,Paula Jean for West Virginia,≤100
1600300510259910,For Our Future Pennsylvania,FOR OUR FUTURE,≤100
110553206990630,"Newport News School Board Member- Marvin Harris, ""A Children's Champion"".",Marvin Lee Harris,≤100
1552070021731538,Be Conscious. Be Kind.,Be Conscious. Be Kind.™️,≤100
1934273516856559,Betsy Dirksen Londrigan,BETSY DIRKSEN LONDRIGAN FOR CONGRESS,≤100
30708742052,FCTRY,FCTRY,≤100
82478087678,Georgia Budget and Policy Institute,"GEORGIA BUDGET & POLICY IN, THE",≤100
950998258312654,Knowhere,"Knowhere, Inc.",≤100
6204742571,Sierra Club,SIERRA CLUB,≤100
1284735221676638,BELatina News,BELatina News,≤100
17911165812,Covenant House International,Covenant House,≤100
654470874584798,Save The Inventor,Innovation Alliance,≤100
194079794553700,Invested Interests,Invested Interests,≤100
108177347380482,Market Watch,Smart Market Tips,≤100
91346559231,Democratic Legislative Campaign Committee - DLCC,Democratic Legislative Campaign Committee,≤100
241247646424302,Jahana Hayes,FRIENDS OF JAHANA HAYES,≤100
112565666483,WTOP News,"Hubbard Radio Washington DC, LLC",≤100
1917715138510680,Follow Your Legend,Legend Bracelet,≤100
484112108637869,Celeste Williams for Arkansas,CAMPAIGN TO ELECT CELESTE WILLIAMS,≤100
3136140586411627,Jesse Reyes for Illinois Supreme Court,Committee to Elect Jesse G Reyes,≤100
135403221037,City Journal,City Journal,≤100
314499212242,Pfizer,Pfizer Inc.,≤100
2452905398272083,Froy Jimenez for Illinois Senate - 1st District,Froy Jimenez for Senate,≤100
8934429638,Planned Parenthood Action,Planned Parenthood Action Fund,≤100
130196227157534,American Forum For Israel,Eugene Lekakh,≤100
165674110118949,Clearing out the Clutter,Colin Moore,≤100
80865461794,Public Service Company of Oklahoma (PSO),Whitney Shawn Emerick,≤100
147291252094484,Paper Raven Books,These ads ran without a disclaimer,≤100
2330577043935831,Sara Gideon,SARA GIDEON FOR MAINE,140
474628202569962,Rescue:Freedom International,RESCUE: FREEDOM INTERNATIONAL,≤100
112463982125496,Maryland State Education Association,MARYLAND STATE EDUCATION ASSOCIATION,≤100
52989768601,Population Connection Action Fund,Population Connection Action Fund,≤100
518194348194441,RepresentUs,RepresentUs,≤100
203805062990264,Ben Shapiro,The Daily Wire,≤100
2279711785585973,We Are Trump 2020,Harsaheb Dhall,≤100
240203263118328,Elissa McBride,AMERICAN FEDERATION OF STATE COUNTY & MUNICIPAL EMPLOYEES,≤100
399067003454888,Sudan Relief Fund,Sudan Relief Fund Inc,≤100
77790954801,Salesian Missions,Salesian Missions,≤100
464510790410497,Irritated Genie of Soufeese,Ayo Hance Kimathi,≤100
80696790240,Global Ministries (Disciples of Christ and United Church of Christ),Global Ministries - United Church of Christ and Christian Church (Disciples of Christ),≤100
277005566267077,Blueland,These ads ran without a disclaimer,≤100
100137754724934,Trump 2020 Supporters,Proud Right Winger,≤100
7518257857,Not For Sale,Terra Candace Judge,≤100
109295377337702,Trumplican Store,Minerva LLC,≤100
910055409088769,Syrian Forum USA,Syrian Forum USA,≤100
5720973755,Defenders of Wildlife,DEFENDERS OF WILDLIFE,≤100
107199049318619,Friends of Derek Kilmer,PEOPLE FOR DEREK KILMER,≤100
720943967965149,AFSCME Retirees,AMERICAN FEDERATION OF STATE COUNTY & MUNICIPAL EMPLOYEES,≤100
510983808935302,Parker Hudson,Frank Parker Hudson Jr,≤100
156968474833352,Stop Republicans,Stop Republicans,372
586147734741827,Post Hill Press,Post Hill Press,≤100
1747132688647028,Democratic Association of Secretaries of State,Democratic Association of Secretaries of State,≤100
175149559508478,TreeDiaper,Zynnovation LLC,≤100
126855128568,FEBC (Far East Broadcasting Company),"FAR EAST BROADCASTING COMPANY, INC.",≤100
413624532105681,Collin County Republican Party,Collin County Republican Party,≤100
70126113702,Access Fund,Access Fund,≤100
21375324480,The Heritage Foundation,HERITAGE FOUNDATION (THE),≤100
309962672389562,AmeriCorps,Corporation for National and Community Service,≤100
102330281223041,Tradewater,"Tradewater, LLC",≤100
105229062888132,Stop Soldier Suicide,Stop Soldier Suicide,≤100
410950505604622,Omega Center for Sustainable Living (OCSL),"OMEGA INSTITUTE FOR HOLISTIC STUDIES, INC.",≤100
8145161702,Lambda Legal,"LAMBDA LEGAL DEFENSE & EDUCATION FUND, INC.",≤100
117270568319993,NYSUT - A Union of Professionals,New York State United Teachers,≤100
34370387440,JDRF,JDRF INTERNATIONAL,≤100
109360297266116,Fearless Patriot,TERESA NONE OHARA-MARSH,≤100
67178485959,Ploughshares Fund,PLOUGHSHARES FUND,≤100
1604364886537751,Gray Management Inc./ 336 Records Publishing,Gary Garnell Gray,≤100
105618920851539,Peaceful Regions,Jamie Sue Henderson,≤100
1600352356914768,PushBlack,PushBlack,≤100
101255921350728,Yukong Zhao for Congress,YUKONG ZHAO FOR CONGRESS,≤100
1382947485338199,David Benaym,David E Benaym,≤100
38882699096,Polaris,POLARIS PROJECT,≤100
51379424899,Mercy Ships,MERCY SHIPS INTERNATIONAL,≤100
116480163071468,VVandr Bobbles,Moses Ostreicher,≤100
458142697588014,AARP Public Policy Institute,AARP,≤100
305107172859194,Defeating Trump and the Republican Party,"Voices of Health Care Action, a project of Gamechanger Networks",≤100
1227468047416089,Duet,Give Duet Inc,≤100
12692955711,Chronicle of Higher Education,"CHRONICLE OF HIGHER EDUCATION, INC. (THE)",≤100
130936757062757,T-Mobile Workers United (TU),"COMMUNICATIONS WORKERS OF AMERICA, AFL-CIO, CLC",≤100
1963992303848678,DHVANI,DHVANI,≤100
57259033959,AARP,AARP,≤100
112735922758892,Charlie Kirk,Charlie Kirk,≤100
911828698840246,ReLEntless Defender Apparel,ReLEntless Defender Apparel,≤100
108337384472,CASA,CASA,≤100
213998472307,Hoosier Environmental Council,"HOOSIER ENVIRONMENTAL COUNCIL, INC",≤100
278355662356517,BallotReady,"BallotReady, Inc",≤100
149745555082419,Pioneer Institute for Public Policy Research,"Pioneer Institute, Inc.",≤100
2079184822304023,Nabilah for Congress,NABILAH FOR GEORGIA,≤100
104504438466,Federal Voting Assistance Program - FVAP,Federal Voting Assistance Program (FVAP),≤100
95356211637,Ben Ferguson,Ben Ferguson show,≤100
15503839732,Peter G. Peterson Foundation,Peter G. Peterson Foundation,≤100
323083351064533,The News Literacy Project,The News Literacy Project,≤100
1553978148244954,Build With Strength,Build With Strength,≤100
14957887077,Freedom House,"FREEDOM HOUSE, INC.",≤100
2225580284361712,Tommy Tuberville,"TUBERVILLE FOR SENATE, INC.",≤100
100435314857680,Orange Township Community Coalition,Orange Township Community Coalition,≤100
20566782501,Democracy for America,DEMOCRACY FOR AMERICA,≤100
30914589895,The International Fellowship of Christians and Jews,"INTERNATIONAL FELLOWSHIP OF CHRISTIANS & JEWS, INC.",≤100
438406449585336,Eversweet Apiaries,Eversweet Apiaries,≤100
22234040933,United Nations Foundation,United Nations Foundation,≤100
167721133253158,The White House Historical Association,These ads ran without a disclaimer,≤100
351310239372,Associated Republicans of Texas,Associated Republicans of Texas,≤100
356482637745012,Stansberry Research,Stansberry Research,≤100
111576496924261,Natalia Cornelio for Criminal District Judge- 351st Court,Natalia Cornelio 351st District Court Candidate,≤100
127225910653607,PragerU,PragerU,≤100
168876449866088,The Years Project,The Years Project,≤100
272565456712768,Bloomberg Government,"BUREAU OF NATIONAL AFFAIRS, INC., THE",≤100
1025055787535714,A Case for Women,A Case for Women,≤100
6502038524,First Book,FIRST BOOK,≤100
387260852134552,Dr. Tom Tarter,CITIZENS FOR TOM TARTER,≤100
375760676281438,Mermaid Straw,Mermaid Straw,≤100
277005566267077,Blueland,Blueland,≤100
466164103423147,Thorn,Thorn with Facebook Ad Credits,≤100
2244779792507645,Gray Matters Radio,Gray Matters Radio,≤100
352527958302,Israel on Campus Coalition,Israel on Campus Coalition,≤100
15351475322,Cathy McMorris Rodgers,Cathy McMorris Rodgers for Congress,≤100
433364950062784,Power Over Energy,Power Over Energy,≤100
116546288359245,Heritage Action for America,HERITAGE ACTION FOR AMERICA,≤100
100298938781,Robert Wood Johnson Foundation,Robert Wood Johnson Foundation,≤100
792668760881092,High Ball Time with your Uncle Otis,Patrick Joseph Fant,≤100
433446973789052,Let Us Vote For A Balanced Budget Amendment Citizen's Campaign,Let Us Vote For A Balanced Budget Amendment Citizen's Campaign,≤100
160191644025128,Walton Family Foundation,WALTON FAMILY FOUNDATION INC,≤100
648528708657585,New Skills Academy USA,These ads ran without a disclaimer,≤100
602040603170590,Americans for Food and Beverage Choice,Americans for Food and Beverage Choice,≤100
942916745862885,Silver Falls Sustainability Co.,Silver Falls Sustainability Co,≤100
44224524016,American Kidney Fund,"AMERICAN KIDNEY FUND, INC.",≤100
106883907479649,HUPAC - Health Underwriters Political Action Committee,NATIONAL ASSOCIATION OF HEALTH UNDERWRITERS PAC (HUPAC),≤100
109295990419284,Esther For Congress,ESTHER FOR CONGRESS,≤100
374848446414965,Pollking,Benjamin Aaron Perlman,≤100
118721114820239,Sen. Mary Washington for Mayor,"PEOPLE UNITING TO ELECT MARY WASHINGTON, JOSEPH J. PALUMBO, CPA, TREASURER",≤100
43287633515,Alliance for Climate Education,Alliance for Climate Education,≤100
311896169406139,Trump 2020 Wear,Trump 2020 Wear,≤100
103532451038835,Wooden Journey,Wooden Journey,≤100
745910525468062,National Center on Sexual Exploitation,National Center on Sexual Exploitation,≤100
468906559794011,LaunchGood,LaunchGood Inc.,≤100
90107797870,Houston Food Bank,"HOUSTON FOOD BANK, THE",≤100
387809521679376,Support the Residences at Hampshire,The Residences at Hampshire,≤100
220934044722029,Florida Crystals Corporation,FLORIDA CRYSTALS CORPORATION,≤100
49414386380,Ilegal Mezcal,Ilegal Mezcal,≤100
201248453800242,My Pay My Say,Mackinac Center for Public Policy,≤100
301875176553696,Tri-Seven Entertainment,Shavar Malik Ross,≤100
153080620724,Donald J. Trump,TRUMP MAKE AMERICA GREAT AGAIN COMMITTEE,≤100
22898109808,Grist.org,Grist Magazine,≤100
185740015159478,340B Matters,340B Matters,≤100
44340057816,UncommonGoods,UncommonGoods,≤100
105953890782784,The Factual,The Factual,≤100
53167307346,Communist Party USA,Communist Party USA,≤100
523486791061635,Jon Hoadley,JON HOADLEY FOR CONGRESS,≤100
59826489083,SELC,SOUTHERN ENVIRONMENTAL LAW CENTER,≤100
105907419439290,Allen Skillicorn for IL,Taxpayers For Skillicorn,≤100
394817334402124,2020 Trump Bill,Innovative Ecomm LLC,≤100
104574721149424,Eliza Orlins,Eliza Orlins For New York,≤100
154510321337994,Chris Pappas for Congress,CHRIS PAPPAS FOR CONGRESS,≤100
169277310432049,"Texas Precision Optics, Inc.",Texas Precision Optics Inc,≤100
630841967406196,StepChange Clothing,Joseph Harry Wagner,≤100
7962229886,Environmental Working Group,ENVIRONMENTAL WORKING GROUP,≤100
981661448510937,Meraki Journey,Meraki Bracelets,≤100
1402827079932843,Low Income Relief,The Lighthouse Information Network LLC,≤100
434616383688551,Ocean & Co.,Ocean & Co,≤100
56129410661,Justice Policy Institute,SARAH RACHEL ROSE-STERN,≤100
305085265725,Committee For a Responsible Federal Budget,Committee for a Responsible Federal Budget,≤100
23996308754,Senate Conservatives,SENATE CONSERVATIVES FUND,≤100
2196281620653830,Footprint,Footprint,≤100
497348647140658,Point Source Youth,Point Source Youth,≤100
262173980908600,LTM,LTMShop,≤100
106120240940046,Zaehringer 4 Judge,George Martin Zaehringer,≤100
265268336865693,Do Amore,Do Amore Limited Company,≤100
109889733883173,WE GOT TEEZ,RICHARD ANDREW-WITTE COMISKEY,≤100
132492254050920,American AF,AAF Nation,≤100
592347634460462,Partnership for America's Health Care Future,Partnership for America's Health Care Future,≤100
227535924071462,Animal Petitions,AnimalPetitions.org,≤100
780941275347834,Ilhan Omar,ILHAN FOR CONGRESS,≤100
106620157564403,The Dem Shop,Anthony Jason Flack,≤100
101336841260036,The Christie Institute for Public Policy,The Christie Institute for Public Policy Inc.,≤100
493811210669780,Creative Action Network,Creative Action Network,≤100
112760933447418,Alice DeWine for Greene County Prosecutor,Friends of Alice DeWine,≤100
126573750728848,Tea Party Nation,Tea Party Nation,≤100
269479249997,National Shooting Sports Foundation | NSSF,National Shooting Sports Foundation,158
1487587521541634,President Donald Trump Fan Club,I Love My Freedom,≤100
10150100007820094,Wendy Davis,WENDY DAVIS FOR CONGRESS,≤100
13063797831,Ben Ray Luján,PEOPLE FOR BEN,≤100
191195674423572,Great Plains Tribal Chairmen's Health Board,GREAT PLAINS TRIBAL CHAIRMEN'S HEALTH BOARD,≤100
95135221781,Federal News Network,Federal News Network,≤100
275171202515968,Wolf-PAC,Wolf PAC,≤100
92925746942,Judicial Watch,Judicial Watch,≤100
1039380292934365,Stop Air Tax Now,Airlines for America,417
15771560300,Earthjustice,EARTHJUSTICE,≤100
129285844553515,The Right To Shower,Conopco Inc,≤100
106667964023688,Modern Jungle,Modern Jungle Press,≤100
255535757792588,Rick Veenstra for Circuit Court Judge,Veenstra for Judge,≤100
107078204155592,Bamanewsnow.com,David Leonard Preston,≤100
18709174006,National Audubon Society,"NATIONAL AUDUBON SOCIETY, INC.",≤100
999556810102061,Signature Seas,Signature Seas,≤100
303061950155375,John James,"JOHN JAMES FOR SENATE, INC.",≤100
533987556776948,Campaign for Sustainable Rx Pricing,Campaign for Sustainable Rx Pricing,≤100
1268410219898273,Tango Tango,Tango Tango Inc,≤100
107888314009005,Earrings for Hearing,Earrings For Hearing,≤100
245284549333866,ASMDSS,ASMDSS,≤100
102617961152741,Barbara Bollier,Bollier for Kansas,≤100
27461595703,Carbonfund.org Foundation,829 Studios LLC,≤100
67945990059,The American Petroleum Institute,AMERICAN PETROLEUM INSTITUTE,≤100
190987118163092,Connected Clothing Company,Connected Clothing Company,≤100
197760674021143,Indivisible Guide,INDIVISIBLE ACTION,≤100
1945237355733646,Giving Brush,Giving Brush LLC,≤100
302111635698,National Association of Tax Professionals (NATP),National Association of Tax Professionals,≤100
665345483483486,NRA - National Rifle Association of America,NATIONAL RIFLE ASSN OF AMERICA,≤100
481717441888024,Mamaroneck Coastal,Mamaroneck Coastal Environment Coalition,≤100
51405613519,Focus on the Family,Focus on the Family,≤100
309798029121030,Everytown for Gun Safety,Everytown for Gun Safety Support Fund Inc,≤100
467804929927622,Jason Smith,JASON SMITH FOR CONGRESS,≤100
109888527222533,Foutris For Judge,FOUTRIS FOR JUDGE,≤100
1145019702185006,Alliance for Safety and Justice,Alliance for Safety and Justice,≤100
374876452974178,McShane LLC,McShane LLC,≤100
1529468987331408,BulbHead,TELEBRANDS CORP.,≤100
568103006940639,Law Office of Gary J. Kim,Law Offices of Gary J. Kim,≤100
103622324590214,Millennial Majority,Story Network Foundation,≤100
8325302025,Friends of the Earth U.S.,Friends of the Earth,≤100
188826798147081,Trump Delegates VA - Congressional 4th District,TRUMP DELEGATES LLC,≤100
105157547707027,Patriot Provision Co.,Patriot Provision Co.,≤100
19219803864,Tax Foundation,TAX FOUNDATION,≤100
58158120046,ACLJ,American Center for Law and Justice,≤100
616507365386105,Top Conservative,Eric Brian Rosenberg,≤100
300719666712627,Moms Demand Action for Gun Sense in America,Everytown for Gun Safety Action Fund Inc,≤100
50711561090,Muslim Advocates,MUSLIM ADVOCATES,≤100
96171427550,Raja for Congress,FRIENDS OF RAJA FOR CONGRESS,≤100
547176209061125,Medicare for All NOW,Medicare For All NOW,≤100
1998005350416562,The Northeast Maglev,The Northeast Maglev,≤100
1148292668573296,Bernie 2020,Robin Alana Crabtree,≤100
103022784417075,NOW,NOW Company,≤100
165014546858456,Free To Choose Network,FREE TO CHOOSE,≤100
190400207672014,American Bankers Association,American Bankers Association,≤100
133228237406678,Ryan Fenwick for Metro Council District 10,Ryan Fenwick for Metro Council,≤100
168367339845613,The Humane League,The Humane League,≤100
104851617686932,Concealed Country,Concealed Country,≤100
102617961152741,Barbara Bollier,BOLLIER FOR KANSAS,≤100
100471041577065,steven_loud,These ads ran without a disclaimer,≤100
2663200843709393,Heather Bauer,Heather Bauer for District 75,≤100
12629041467,George Street Playhouse,George Street Playhouse,≤100
780606555331010,American Student Loan Advocate,ASLR Marketing,≤100
110084740444015,The Artist Out,The Artist Out,≤100
1328521163825142,Fortune Hill Group,Scott Elliott Comer,≤100
112041183486666,Project Sunshine,ACRONYM,≤100
21834534343,Volunteers of America,"VOLUNTEERS OF AMERICA, INC.",≤100
21455818797,Feed the Children,"FEED THE CHILDREN, INC.",≤100
135127753212592,National Association of Chain Drug Stores (NACDS),"NATIONAL ASSOCIATION OF CHAIN DRUG STORES, INC.",≤100
345751305447288,Daugherty Water for Food Global Institute,Daugherty Water for Food Global Institute,≤100
38235851310,USA for UNHCR,UNITED STATES ASSOCIATION FOR UNHCR,≤100
740266592735787,Free to Be Kids,Free To Be Kids,≤100
147390698637518,Free State Project,Free State Project,≤100
183149705503047,Paramount Network,Paramount Network,≤100
788632858205691,Zero Waste Face,Zero Waste Face,≤100
24126948070,PrintPlace,"Digital Room, Inc.",≤100
156296274419595,HarperCollins,HARPERCOLLINS PUBLISHERS L.L.C.,≤100
1087474374640616,Vocal,"Vocal Ventures, LLC",≤100
20876805343,March of Dimes,MARCH OF DIMES INC.,≤100
2602473023098666,Democratic Polling Center,Democratic Governors Association,≤100
96826022393,Yale Environment 360,Yale Environment 360,≤100
1649500268614178,Arizona Democratic Legislative Campaign Committee,"Arizona Democratic Legislative Campaign Committee, a project of the Arizona Democratic Party. Not authorized by any candidate or candidate's committee.",≤100
19972147679,SEIU,SEIU,≤100
547176209061125,Medicare for All NOW,Medicare For All NOW!,≤100
219247332354785,Phil Arballo for Congress,ARBALLO FOR CONGRESS,≤100
169204449790211,Conservative News Today,"BizPac Review, Inc.",≤100
971668776283950,PolicyEd,Hoover Institution,≤100
2323471027903589,Bridging Minds,Bridging Minds,≤100
290851614930809,Combat AntiSemitism,Combat Anti-Semitism,≤100
1389807071117013,Lynn Afendoulis,Lynn Afendoulis for Congress,≤100
51949171587,Cross International,"CROSS INTERNATIONAL, INC.",≤100
175580571641,Out of Print,Out of Print,≤100
202626512363,U.S. Census Bureau,These ads ran without a disclaimer,≤100
234142976633158,Wake Up World & Smell the Coffee,Edith Dume Lerner,≤100
18067635868,Putney Student Travel,PUTNEY STUDENT TRAVEL INC,≤100
153167611414243,Ohio House Democrats,The Ohio House Democratic Caucus,≤100
104027894318612,Inclusion2020,Inclusion2020,≤100
106333028376,"Nichols Kaster, PLLP",Nichols Kaster PLLP,≤100
1534290989956166,The Philanthropy Roundtable,"PHILANTHROPY ROUNDTABLE, THE",≤100
11791104453,NRDC,Natural Resources Defense Council,≤100
1167092243351075,The Voting Project,The Voting Project,≤100
126694924050678,Xavier Becerra,Becerra for Attorney General 2022,≤100
370783806625168,CarsonWatch,PUBLIC ADVOCATES INC,≤100
7686808625,Jim Inhofe,FRIENDS OF JIM INHOFE,≤100
23875187730,Feeding America,Feeding America,≤100
57846092173,American Bible Society,American Bible Society,≤100
1439364926329185,Animal Matters,Animal Matters,≤100
111278356635,Civitas Institute,Civitas Institute,≤100
560140464159364,Stand for the 2nd Amendment,SFT2 Tactical Supply,≤100
108612092492163,Elect Ilene Shapiro,Elect Ilene Shapiro,≤100
216311481960,Bill Gates,Bill Gates,≤100
80080296729,The Greater Boston Food Bank,"GREATER BOSTON FOOD BANK, INC., THE",≤100
1194865807192273,Conservative Gear,Outergoods LLC,≤100
265091094057597,Americans For Carbon Dividends,Americans for Carbon Dividends Inc,≤100
13649914583,Equality Now,"EQUALITY NOW, INC.",≤100
100134398273326,Keeping America Great,Jessica Joan Allumbaugh,≤100
118303441570966,Home Ownership Matters,NATIONAL ASSOCIATION OF REALTORS,≤100
104933662932387,CreativeFuture,CreativeFuture,≤100
592707041080920,Stand Together,Stand Together Chamber of Commerce Inc.,≤100
97736029457,Saint Paul Public Library,Saint Paul Public Library,≤100
654438468222089,Youth Activism Project,YOUTH ACTIVISM PROJECT INC,≤100
120333829372239,Salvos,Salvos,≤100
181813995726,Avalara,"AVALARA, INC.",≤100
386305465057247,Liberty Nation,Liberty Nation,≤100
13885075114,Action Against Hunger USA,ACTION AGAINST HUNGER - USA,≤100
143173285763,Tenth Amendment Center,Tenth Amendment Center,≤100
143986912311328,University of Vermont Continuing and Distance Education,University of Vermont,≤100
16352157727,Alfred A. Knopf,Penguin Random House LLC,≤100
225049687661781,Environmental Integrity Project,ENVIRONMENTAL INTEGRITY PROJECT,≤100
99050726344,Phillips Theological Seminary,PHILLIPS THEOLOGICAL SEMINARY,≤100
46884117504,John Matthew Walker,John Matthew Walker,≤100
112726036750149,American Team Republicans,AMERICAN TEAM - Republican Party Shop,≤100
447484109420511,Taylorfor2021,Joycelyn M Taylor,≤100
407664862957433,Ammar Campa-Najjar for Congress,AMMAR CAMPA-NAJJAR FOR CONGRESS,≤100
101103254533,SOS International,SOS International,≤100
6485101073,Tides,Tides Foundation,≤100
299588323424419,Legal Newsline,The Record,≤100
99056648937,NIAC,NIAC Council,≤100
15041226930,Oxfam,"OXFAM AMERICA, INC.",≤100
13187955196,Young Americans for Liberty,Young Americans for Liberty,≤100
1682876188698809,United for Respect,United for Respect,≤100
309308412520731,Sandy Hook Promise,Sandy Hook Promise,≤100
209516845093,NRDC Action Fund,NRDC Action Fund,≤100
126279571952,Huru International,HURU INTERNATIONAL,≤100
2105377849784291,A Tour Of Her Own,Kaitlin Grace Calogera,≤100
408250066356,Bill O'Reilly,"Bill Me, Inc.",≤100
76025018070,San Francisco-Marin Food Bank,San Francisco-Marin Food Bank,≤100
866779926670025,Citizens for Tobacco Rights,Citizens for Tobacco Rights,≤100
1933180256921396,IE United,"Inland Communities in Support of Eddie Tejeda for District 3 Supervisor, sponsored by IE United a project of Tides Advocacy",≤100
2074996929444345,Jenner Law,These ads ran without a disclaimer,≤100
186891114706643,Help Animals India,HelpAnimalsIndia,≤100
9785626650,Public Citizen,PUBLIC CITIZEN INC,≤100
21813808850,American Battlefield Trust,These ads ran without a disclaimer,≤100
61288747990,Real Warriors,Real Warriors Campaign,≤100
428392633866185,Justice For All,JUSTICE FOR ALL,≤100
152264148166020,Moms Clean Air Force,Moms Clean Air Force,≤100
360398091311995,DC Census,DC Office of Planning - DC Census 2020,187
105023768642,U.S. Chamber Institute for Legal Reform,US Chamber Institute for Legal Reform,≤100
152926718105068,FloWater,FloWater,≤100
508128102542448,Michael Owens for Congress,OWENS FOR CONGRESS,≤100
1745418332339003,Aspire Gear,Aspire Gear,≤100
341881063685,"Imprimis, a Publication of Hillsdale College",HILLSDALE COLLEGE,≤100
121626482110,Operation Smile,"OPERATION SMILE, INC.",≤100
296527950373,Felix W. Ortiz,Friends of Felix W. Ortiz,≤100
105175422857231,Association of American Railroads,ASSOCIATION OF AMERICAN RAILROADS,≤100
296708523873754,Karla Dennis and Associates Inc.,"Karla Dennis & Associates, Inc",≤100
5435784683,Greenpeace USA,"GREENPEACE, INC.",≤100
37892661587,JDC,JDC,≤100
236661948182,SEMA Action Network,SPECIALTY EQUIPMENT MARKET ASSOCIATION,≤100
300774350436838,topplr,Data Genomix,≤100
2311489605552071,Customers Who Care,Customers Who Care,≤100
303533992998673,Arlington Young Democrats,Arlington Young Democrats,≤100
113341064736,American Conservative Union,American Conservative Union,≤100
105844410767627,The Mini Activist,The Mini Activist,≤100
1418907401547906,Rescü,"Rescu, LLC",≤100
711478725532801,Civiqs,Civiqs,≤100
238473269650980,Capital & Main,CAPITAL & MAIN,≤100
184715621591606,"Psi Chi, the International Honor Society in Psychology","PSI CHI, INC",≤100
102988591071943,Daniel Gade,"GADE FOR VIRGINIA, INC.",≤100
73970658023,International Rescue Committee,International Rescue Committee,126
102346259064,Mayor Byron W. Brown,Mayor Byron W. Brown,≤100
157402764294444,"Union Mission Ministries, Norfolk","UNION MISSION INC, THE",≤100
111702860231554,Matt Lieberman,Matt Lieberman for Senate,≤100
1955953381348064,State Representative Trent Ashby,Texans for Trent Ashby,≤100
137569740231452,Respect The Look,Respect The Look,≤100
336440323158789,Jack Burkman Radio,Jack Burkman Radio,≤100
70795936969,Children International,CHILDREN INTERNATIONAL,≤100
108819359744879,Dalbin Osorio,DalbinOsorioForSchoolBoard,≤100
177608652618,VirtualJerusalem.com,J Media Global LLC,≤100
322278407910875,The Information,The Information,≤100
109678580574253,Politicool Clothing Co.,PolitiCoolClothing.com,≤100
309798029121030,Everytown for Gun Safety,Everytown for Gun Safety Action Fund Inc,≤100
105281310938561,Evelyn For New York,Evelyn For NY,≤100
755175814541555,Law Office of Fernando Dubove - Immigration Attorney in Dallas,Law Office of Fernando Dubove,≤100
107857334148826,Virginia Planning District 16 Census Awareness,Gregory Verne Swanson,≤100
319982881752525,Kara Eastman,EASTMAN FOR CONGRESS,≤100
73277646827,Trees for the Future,Trees for the Future,≤100
260244824449371,Consumers for Quality Care,Consumers for Quality Care,109
120421071407438,World Mizrachi,The Orthodox Israel Coalition,≤100
387055404685275,Basic Books,"Hachette Book Group, Inc.",≤100
268311603350722,The American Independent,The American Independent,≤100
1869687273277265,Run for Something,Run For Something PAC,≤100
210277954204,The Young Turks,"The Young Turks, Inc.",≤100
255587152180,Shavitz Law Group,Paul James Herrmann,≤100
1440545886225537,Blue Ticket Consulting,Blue Ticket Consulting,≤100
18813753280,Human Rights Campaign,"HUMAN RIGHTS CAMPAIGN, INC.",≤100
602714436529710,End Citizens United,END CITIZENS UNITED,≤100
1658135304460341,MANG,MANG,≤100
130824026321,Mott Community College,Mott Community College,≤100
480981622445006,Diana Alexander 2020,Diana Alexander Campaign Fund,≤100
285225202392761,Bluon Solutions,"Bluon, Inc.",≤100
83960796709,Institute for Southern Studies,INSTITUTE FOR SOUTHERN STUDIES INC,≤100
11911627997,Pancreatic Cancer Action Network,"PANCREATIC CANCER ACTION NETWORK, INC.",≤100
274290832609763,Protect Our Defenders,Protect Our Defenders Foundation,≤100
16534314739,Facing History and Ourselves,"FACING HISTORY AND OURSELVES NATIONAL FOUNDATION, INC.",≤100
130467958471,Jason Lewis,Jason Lewis for Senate,≤100
6500552187,Hulu,"HULU, LLC",≤100
183424985463330,Joe Cunningham,JOE CUNNINGHAM FOR CONGRESS,≤100
192771954102960,Jordan Sekulow,American Center for Law and Justice,≤100
151883078314516,NationSwell,NationSwell,≤100
102499901286348,Bold Vision P.C.,BOLD VISION PC,≤100
317667194946264,Ro Khanna,RO FOR CONGRESS INC,≤100
596556607135301,The Earthling Co.,Educated Earthling,≤100
723136714746586,The Common Ground Project,"The Common Ground Project, Inc.",≤100
150322194563,PASA Primates: Pan African Sanctuary Alliance,PAN AFRICAN SANCTUARIES ALLIANCE,≤100
49209604726,Vermont Teddy Bear,"VERMONT TEDDY BEAR CO., INC., THE",≤100
311151153135009,Josephine Cashman,These ads ran without a disclaimer,≤100
103473317929797,Trump My Pet,Trump My Pet,≤100
694340911004154,Americans for Intelligence Reform,Americans for Intelligence Reform,≤100
490605891393110,Bead the Change,Bead the Change,≤100
1387062348242626,ProgressNow Arizona,ProgressNow AZ,≤100
108512875350,The Atlas Society,The Atlas Society,≤100
79279853233,Professional Photographers of America,"PROFESSIONAL PHOTOGRAPHERS OF AMERICA, INC.",≤100
152766071443309,The City University of New York,The City University of New York,≤100
7341997111,Conservation International,Conservation International,≤100
165987503528599,Lindsey Graham,"TEAM GRAHAM, INC.",≤100
28896772146,San Diego Zoo,ZOOLOGICAL SOCIETY OF SAN DIEGO,≤100
101710227985301,Coalition for Affordable and Resilient Infrastructure,"AMERICAN CHEMISTRY COUNCIL, INC.",≤100
460844281074800,Tiny Trump,Eric D Corriel,≤100
179301645517086,Advanced Energy Economy,Advanced Energy Economy,≤100
35169196082,Project HOPE,"PROJECT HOPE-THE PEOPLE-TO-PEOPLE HEALTH FOUNDATION, INC.",≤100
636093333133893,UCR School of Public Policy,UCR School of Public Policy,≤100
112325855474892,Speak Up For Education and Kids,National Education Association,≤100
17203056985,Partners In Health,Partners In Health,≤100
70090474914,American Farmland Trust,"AMERICAN FARMLAND TRUST, INC",≤100
45013872425,The Ripon Society,RIPON SOCIETY,≤100
110398490470951,Stephen Musselman  Progressive for Howard County Circuit Court Judge,Stephen Joseph Musselman,≤100
1800072483402009,African Community & Conservation Foundation,African Community & Conservation Foundation,≤100
105044144410490,Hot Gear Trends,SI Technews,≤100
897994503631860,HealthInsurance.net,These ads ran without a disclaimer,≤100
420785874975425,Conservative Institute,The Conservative Institute,≤100
546497545399440,ASEC - African Sisters Education Collaborative,African Sisters Education Collaborative (ASEC),≤100
2255846891314996,Corn Refiners Association,"corn refiners association, inc",≤100
332172544231683,America's Plastic Makers,"AMERICAN CHEMISTRY COUNCIL, INC.",≤100﻿
424443217623488,Clarion Project,Clarion Project,≤100
66926603938,American Zionist Movement,"AMERICAN ZIONIST MOVEMENT, INC.",≤100
342294162453301,Planned Parenthood,Planned Parenthood Federation of America,≤100
1916108188466958,Elad Gross For Missouri,Elad Gross For Missouri,≤100
8524198486,Physicians Committee for Responsible Medicine,"PHYSICIANS COMMITTEE FOR RESPONSIBLE MEDICINE, INC.",≤100
15687409793,World Wildlife Fund,World Wildlife Fund,≤100
72931140459,Center for Biological Diversity,"CENTER FOR BIOLOGICAL DIVERSITY, INC.",≤100
383677738397139,Association for Accessible Medicines,Association for Accessible Medicines,≤100
101481584557260,Help Asheville Bears-HAB,Heather Christina Williams,≤100
26006662641,Arizona Democratic Party,Arizona Democratic Party,≤100
1316308285142040,Planet Home,"Equilibrium Management, LLC",≤100
27311599342,Preemptive Love,Preemptive Love Coalition,≤100
106303597451657,Angel Garcia for Judge,Friends of Angel Garcia,≤100
1019320294761019,Hatikvah Slate,Hadar None Susskind,≤100
102540204580217,UpNorthNews,Courier Newsroom,≤100
415306179228629,"Mike Carroll - Vice Mayor, City of Irvine","Mike Carroll - Vice Mayor, City of Irvine",≤100
7629206115,The Nation Magazine,"NATION COMPANY, LLC, THE",≤100
104832861120256,Bernies Budget,Dennis K Byrd,≤100
724141874433398,Free Press Action,Free Press Action Fund,≤100
12876978977,SPCA of Texas,SPCA of Texas,≤100
21559454473,FAIR,FEDERATION FOR AMERICAN IMMIGRATION REFORM,≤100
249546725064731,ScottCre8ive,Scott J Agnoli,≤100
2259323457517498,Abolish the Electoral College,ABOLISH THE ELECTORAL COLLEGE,≤100
276076065781622,Culture of Alarmism,Ebonique Janine Ellis,≤100
7192716362,Amnesty International USA,Amnesty International USA,≤100
109021767293838,Making Retirement Last,Making Retirement Last,≤100
203197030603239,8 Billion Trees,8 Billion Trees LLC,≤100
102099304568286,Protecting Ohio: Alice DeWine for Greene County Prosecutor,Protecting Ohio Action Fund,≤100
993294760683044,Education Reform Now,Education Reform Now,≤100
25998443394,MedPage Today,"EVERYDAY HEALTH, INC.",≤100
175068270105,Seattle's Union Gospel Mission,SEATTLE'S UNION GOSPEL MISSION,≤100
530604487365010,Old Glory Flagpole Kits,Service First Flag Poles,≤100
586751814690068,Joni Ernst,Joni for Iowa,≤100
1505244559517282,Colin Allred,COLIN ALLRED FOR CONGRESS,≤100
174046949421616,Phenomenal Woman Action Campaign,Phenomenal Woman Action Campaign,≤100
683872625157265,Theresa Greenfield,THERESA GREENFIELD FOR IOWA,≤100
384336778589668,Defend Our Constitution,COMMON CAUSE,≤100
2045579538797189,Advance Minnesota,Advance Minnesota Independent Expenditure Committee,≤100
13909525938,PAAIA,PAAIA,≤100
289446947817747,Global Citizen,"GLOBAL POVERTY PROJECT, INC.",≤100
598924810530984,Keeping America Great,FamTeeWorld,≤100
196731290352711,MDWCOMM,MDW Communications LLC,≤100
145380305523723,Secure America Now,Secure America Now,≤100
391872261636792,2020unity,"ForFact LLC, DBA 2020unity",≤100
153278754738777,Climate Reality,The Climate Reality Project,≤100
1082522201878539,Gina Ortiz Jones for Congress,GINA ORTIZ JONES FOR CONGRESS,≤100
1690071827911682,Cleancult,cleancult,≤100
60182072999,Lila Rose,Live Action,≤100
306591716448427,Cindy Axne,CINDY AXNE FOR CONGRESS,≤100
17901934974,Anthony G. Brown,ANTHONY BROWN FOR CONGRESS,≤100
166166843531258,National Council of Resistance of Iran - شورای ملی مقاومت ایران,MEK-Iran (Saeid Saadati),≤100
150720154976207,Protect My Public Media,"APTS Action, Inc.",≤100
200850100068459,Buzz360,Lisa Marie Schneegans,≤100
112600915451330,No Labels,No Labels,≤100
1396293943952550,Chicken Fried Politics,ChickenFriedPolitics.com,≤100
112044923686511,Motivational Designz,Dominick Battiato,≤100
263813250409546,Ugly Xmas Sweater Shop,Steven W Tyler,≤100
1472549903019349,CCAN Action Fund,Chesapeake Climate Action Network Action Fund,≤100
103974389650244,Amenders for Federal Spending Control,Mark Albert Meier,≤100
624872801004570,Give a Child a Voice - Eric Erdman,Miguel Dacosta,≤100
157810487611661,Freethink,Freethink,≤100
384557995468219,Viral Casez,Viral Casez,≤100
1099478666810053,Meals For Pets,Meals for Pets,≤100
149411962570,Do Something Church,Douglas Stuart Mcqueen,≤100
201956993160690,MRCTV,MEDIA RESEARCH CENTER,≤100
525171637666780,Sandy Piña California Delegate,RCR,≤100
158791100909689,Concerned Veterans for America,Concerned Veterans for America,≤100
102320684634153,Care to Talk Show,Gary Keith Ritterstein Ii,≤100
147486638599345,Urban Teachers,Urban Teachers,≤100
101865561191961,Ron Falconi for State Senate,Friends of Ron Falconi,≤100
2406284459692230,Bees4Seas Natural Beeswax Food Wrap,Melissa Marie Eastin,≤100
154470397900936,Emin Eddie Egriu,EGRIU FOR CONGRESS,≤100
43647453076,familydoctor.org,AMERICAN ACADEMY OF FAMILY PHYSICIANS,≤100
132081383503163,Autodesk,Autodesk,≤100
25719788463,Kipp Brothers,NOVELTY INC,≤100
151525932186806,When Democrats Turn Out,WHEN DEMOCRATS TURN OUT PAC,≤100
111824001908,Hakeem Jeffries,JEFFRIES FOR CONGRESS,≤100
184731548554164,PL+US,Plus Fund: Paid Leave for the United States,≤100
474062436008137,Michael McCaul for Texas,"McCaul for Congress, Inc.",≤100
134571176638205,One Tree Planted,One Tree Planted,≤100
769395966523308,Eddie J. Mauro,MAURO SENATE CAMPAIGN TEAM,≤100
1824165801199201,The Fight Against Antimicrobial Resistance,"Paradigm Solutions, LLC",≤100
216052228433696,Arcus Foundation - Social Justice,ARCUS FOUNDATION,≤100
667097380056109,Bernie Sanders - We Shall Overcome,Todd R. Lockwood Works,≤100
350523542184,Trust Women,Trust Women,≤100
19192438096,AAAS - The American Association for the Advancement of Science,American Association for the Advancement of Science,≤100
118379493631,Episcopal Relief & Development,EPISCOPAL RELIEF AND DEVELOPMENT,≤100
106074810746613,Enhanced Clinical Nutrition,Enhanced Clinical Nutrition,≤100
54787697857,Ron Wyden,WYDEN FOR SENATE,≤100
274975862998213,Profs and Pints,Profs and Pints,≤100
354253951601784,LiberalResistance,USA Unify Media Inc,≤100
170918006892,G.I. Jobs,Victory Media DBA GI Jobs,≤100
102047517918,The Commonwealth Fund,"COMMONWEALTH FUND, THE",≤100
49978948774,Newsy,Newsy,≤100
260075957396036,Campbell Wealth Management,Kelly Peter Campbell,≤100
801168856602067,Shadyside Church of Christ,Richard Joseph Zumpano,≤100
112955806896246,Dalia Al-Aqidi,Dalia for Congress,≤100
213523388786742,E Afolabi,Emmanuel A Otiko,≤100
114008535880,Foundation for Individual Rights in Education,FOUNDATION FOR INDIVIDUAL RIGHTS IN EDUCATION,≤100
459890014763287,Rocky Mountain Values,Rocky Mountain Values,≤100
133608809985411,One Colorado,ONE COLORADO,≤100
384676381708957,Education NC,Education NC,≤100
227330344038678,Disco Donnie Presents,Disco Donnie Presents,≤100
54580146753,Faith in Action,Faith in Action,≤100
170582513587720,Liberty Through Wealth,The Oxford Club,≤100
110304423857607,Patriot Wear,Brandon Kyle Fink,≤100
384006901653736,The Moore Charitable Foundation,Moore Charitable Foundation,≤100
127814007074,LIUNA,LABORERS INTERNATIONAL UNION OF NORTH AMERICA,≤100
10572623775,Hammer Museum,Armand Hammer Museum of Art and Cultural Center Inc.,≤100
38895197117,EdChoice,"EDCHOICE, INC.",≤100
111393882812494,Amy McGrath,"AMY MCGRATH FOR SENATE, INC.",≤100
6170309302,Dick Durbin,FRIENDS OF DICK DURBIN COMMITTEE,≤100
59254639983,Boston Medical Center,These ads ran without a disclaimer,≤100
372439495935,Mel Trotter Ministries,MEL TROTTER MINISTRIES,≤100
106503487393272,Ayala-Gonzalez for Judge 2020,Friends of Laura Ayala-Gonzalez,≤100
1708467695859543,Veteran Transition Mission,Sonia Ivelisse Barriera Ayala,≤100
960045850672105,One More Wave,Ernad Civic,≤100
2123857067900729,Brenda Siegel for Vermont,Brenda For Vermont,≤100
110573083801477,5G Action Now,5G Action Now,≤100
77852784853,Absolut,Pernod Ricard USA,≤100
108180596030668,Elizabeth Dole Foundation,Elizabeth Dole Foundation,≤100
14038292386,Women for Women International,WOMEN FOR WOMEN INTERNATIONAL,≤100
6041057841,The Humane Society of the United States,"HUMANE SOCIETY OF THE UNITED STATES, THE",≤100
111309842220631,Greenleaf Gifts,"Greenleaf, Inc.",≤100
101797474714086,Mitra Ahadpour for MoCo Board of Education,Mitra None Ahadpour,≤100
107761702578379,American Institute for Cancer Research - AICR,American Institute for Cancer Research,≤100
85452072376,Newsmax,Newsmax Media,≤100
184373328845372,Gigi Raffe,Gigi Raffe,≤100
187912903933,Socialist Alternative,Socialist Alternative,≤100
193618220508,LIFE Today,LIFE Outreach International,≤100
6240652407,Young America's Foundation,YOUNG AMERICA'S FOUNDATION INC,≤100
186932688457686,CHNGE,CHNGE,≤100
496696933682736,Jeff Merkley,JEFF MERKLEY FOR OREGON,≤100
28394917492,Second Harvest Food Bank of Central Florida,"SECOND HARVEST FOOD BANK OF CENTRAL FLORIDA, INC.",≤100
136211573758668,State Representative Steve Allison,Steve Allison,≤100
1711465445765878,Nancy Pelosi,NANCY PELOSI FOR CONGRESS,≤100
16477459734,League of Conservation Voters,"LEAGUE OF CONSERVATION VOTERS, INC",≤100
117362515005706,The Bowery Mission,The Bowery Mission,≤100
151894654697,Save Our States,"OKLAHOMA COUNCIL OF PUBLIC AFFAIRS, INC.",≤100
8002590959,Rainforest Action Network,RAINFOREST ACTION NETWORK,≤100
245152275619372,FloridaPolitics,Florida Politics,≤100
103285009618,Tennessee Entertainment Commission,Tennessee Entertainment Commission,≤100
59254639983,Boston Medical Center,BOSTON MEDICAL CENTER,≤100
163148530407080,Captain Mark Kelly,MARK KELLY FOR SENATE,≤100
309094279104553,Twelve Books,"Hachette Book Group, Inc.",≤100
101984764551026,Hope Town United,Hope Town United,≤100
130025717077175,The Orangutan Project,"ORANG UTAN REPUBLIK FOUNDATION, INC.",≤100
2096116803831566,Live Poll for Democrats: 11:59 P.M. Deadline,Democratic Governors Association,≤100
114386721939978,The Made in America Store,Made In America Store,≤100
176789922364429,Steve Daines,STEVE DAINES FOR MONTANA,≤100
110415877229724,Real American Sportsmen,Real American Sportsmen,≤100
304600892905134,Hillsdale College Online Courses,HILLSDALE COLLEGE,≤100
143021112391265,Jacobin magazine,Jacobin Foundation,≤100
402120963932260,Counterpoint,Counterpoint,≤100
2043883232397356,Marlon Hill for D9,"Marlon Hill for Miami-Dade County Commissioner, District 9",≤100
13536897444,Corporate Accountability,Corporate Accountability International,≤100
709491732434343,שורת הדין - Shurat HaDin,Israel Law Center,≤100
110749446963570,Courier,Courier Newsroom,≤100
307943569254319,Florida Rights Restoration Coalition,Florida Rights Restoration Coalition,≤100
100179808132206,Resonation,Resonation Inc,≤100
465483726908192,iVote,IVote Civic Education Fund,≤100
807413476285845,Prism,Prism,≤100
341906876203951,Troy Doucet for Ohio State Senate,Doucet for the People,≤100
224058138586,Greater Fort Lauderdale Alliance,Broward Alliance / DBA Greater Fort Lauderdale Alliance,≤100
142665849854371,House Freedom,HOUSE FREEDOM FUND,≤100
121388362246,Goldman Sachs,Goldman Sachs & Co.,≤100
103817564565798,Sound Home Savings,Alexis Travieso,≤100
139599847972,National Nurses United,BE A HERO PAC,≤100
126975136952,Progressive Policy Institute,PROGRESSIVE POLICY INSTITUTE,≤100
109866783838178,Friends of Jason Atkinson,Friends of Jason Atkinson,≤100
993668450793555,Alliance for Housing Justice,PUBLIC ADVOCATES INC,≤100
369213013828722,El Paso County Colorado Progressive Veterans,El Paso County Democratic Veterans Initiative dba El Paso County Colorado Progressive Veterans,≤100
107769029247935,Magee-Womens Research Institute & Foundation,Magee-Womens Research Institute & Foundation,≤100
680549575421741,UnitedVoice.com,"Beachside Media, Inc.",≤100
101143617942555,Rhodes Bailey for SC House 75,Rhodes Bailey for SC House,≤100
123651254408327,Sokolove Law,"Sokolove Law, LLC",≤100
167586229923327,World Food Program USA,World Food Program USA,≤100
323631667743052,Rep. Rodney Davis,U.S. Rep. Rodney Davis,≤100
1524411157786675,2moda,"A.M.D.A. DISTRIBUTORS, INC.",≤100
1334691340028339,Hartigan for Judge,Committee To Elect Russ Hartigan Judge,≤100
678900828863555,IfNotNow,If Not Now Movement,≤100
23978156246,UnidosUS,UNIDOSUS,≤100
147497942385,To the Contrary on PBS,Persephone Productions,≤100
289213691238937,Thrasher Coffee,Thrasher Coffee Co.,≤100
81517275796,UNICEF USA,UNITED STATES FUND FOR UNICEF,≤100
746938465317981,Nuclear Matters,Nuclear Matters,≤100
530468333806150,Gary Johnson for Sheriff,Citizens to Elect Gary Johnson,≤100
513785465632396,Airline Passengers for Justice,Airline Passengers for Justice,≤100
240290369507552,Bend the Arc Jewish Action,Bend the Arc: Jewish Action,≤100
472981489476333,Alan Cohn,COHN FOR CONGRESS 2020,≤100
108785873927718,Jimmy Garfield for State Representative,Garfield for State Representative,≤100
383877235817031,Keep America Great,Keep America Great,≤100
473227436105637,American Jewish Congress,American Jewish Congress,≤100
350692761610088,Matt Cartwright for U.S. Congress,CARTWRIGHT FOR CONGRESS,≤100
104704000907113,Herb Schultz for Rock Island County State's Attorney,Friends of Herb Schultz,≤100
729627343834501,Kialo,Kialo,≤100
939489182849039,Ruben Major,Ruben Major for Oceanside Mayor,≤100
275908853303174,Pro-Israel America,"Pro-Israel America, Inc.",≤100
11388175860,Smithsonian Associates,Smithsonian Associates,≤100
188259117930724,"Sean Reyes, Utah's Attorney General",Lee Bagdasarian Rech,≤100
101755761321515,Aaron Harber for CU Regent,Harber for Colorado,≤100
105756057589080,The Lincoln Project,The Lincoln Project,≤100
213289449057297,THE HILLS BOYS,Oscar Hills,≤100
169440273093442,The Center for Election Science,The Center for Election Science,≤100
77903485992,Concerned Women For America LAC,CONCERNED WOMAN FOR AMERICA LEGISLATIVE ACTION COMMITTEE,≤100
1305943179552668,Forrest Johnson,Forrest Nels Johnson,≤100
269719197271294,Accountable.US,Accountable.US,≤100
221364705166573,NUNYO & COMPANY,NUNYO & COMPANY,≤100
171651620209487,Brady PAC,Brady Pac,≤100
229944963718518,ArtPlaceAmerica,ArtPlace America,≤100
128167457221813,Public Transportation,Voices for Public Transit,≤100
2078647579047586,Project Pulso,Project Pulso,≤100
116534199732974,USA Carry Online,USA Carry Online,≤100
181183059253295,Dorsal Bracelets,Dorsal Bracelets,≤100
160389977329803,ATTN:,ATTN: INC.,≤100
1502654549792632,Protect Our Care,Sixteen Thirty Fund,≤100
657708380952174,Voices of the Civil Rights Movement,Comcast,≤100
135865583728025,Dan Palmer,"Palmer Media, LLC",≤100
214002058736436,Unite America,UNITE AMERICA,≤100
68771922854,Essence,Shaelyne Antonia Moodie,≤100
291260461373618,News and News,News and News,≤100
200676905671,We Are ALPA,Air Line Pilots Association,≤100
427084097477881,America's Health Insurance Plans (AHIP),America's Health Insurance Plans,≤100
455147011996099,The Ann and Phelim Scoop,The Unreported Story Society,≤100
111428049989,Cal Cunningham,CAL FOR NC,≤100
137662367278,League of Women Voters of the U.S.,LEAGUE OF WOMEN VOTERS OF THE UNITED STATES,≤100
248181906078243,National Institute for Civil Discourse,CommonSense American,≤100
372799605421,DeSmog,DeSmog,≤100
28729603879,Food Bank of the Rockies,Food Bank of the Rockies,≤100
5887538795,Education Week,Education Week,≤100
7219151423,The Fund for American Studies (TFAS),The Fund for American Studies,≤100
54210104594,Indiana University,Indiana University,≤100
46347342434,EMILY's List,EMILY'S LIST,≤100
202626512363,U.S. Census Bureau,U.S. Census Bureau,404
112735922758892,Charlie Kirk,"Premiere Marketing, Inc.",≤100
452797224923658,Democratic Coalition Against Trump,THE DEMOCRATIC COALITION,≤100
112420993589373,Young and Old for America,Andrew Joseph Young,≤100
40102638699,J Street,J STREET INC,≤100
1316372698453411,Alexandria Ocasio-Cortez,ALEXANDRIA OCASIO-CORTEZ FOR CONGRESS,≤100
79820371749,Ayanna Pressley,THE COMMITTEE TO ELECT AYANNA PRESSLEY,≤100
28807410414,Sea Education Association / SEA Semester,Sea Education Association,≤100
80668957414,GoSili,SiliKids Inc.,≤100
872842866161157,One Nation Design,One Nation Design,≤100
50714237985,The Rutherford Institute,RUTHERFORD INSTITUTE,≤100
101591551371555,Fire Mitch. Save America.,SAVE AMERICA FUND,≤100
18017481462,Acton Institute,Acton Institute,≤100
537299709721112,Advantage Gold,Advantage Gold Group,≤100
40973310753,Pathfinder International,Pathfinder International,≤100
223315101050132,Waters Kraus & Paul,Waters Kraus & Paul,≤100
28446275521,Military Officers Association of America (MOAA),Military Officers Association of America,≤100
1824503584434809,I Vaccinate,Michigan Department of Health and Human Services,≤100
102909941095087,Stop Biased Banking,Center for Freedom and Prosperity,≤100
259130650776119,Mitch McConnell,MCCONNELL SENATE COMMITTEE,≤100
151721606865,Intrepid Fallen Heroes Fund,Intrepid Fallen Heroes Fund,≤100
299030337168976,Commissioner Angelo Castillo,"Angelo Castillo, Non-Partisan, for Pembroke Pines Mayor",≤100
28144169620,Alliance for Aging Research,Alliance for Aging Research,≤100
182723117043,Chicago Council on Global Affairs,"CHICAGO COUNCIL ON GLOBAL AFFAIRS, THE",≤100
1941010562619332,Curtis Legacy Foundation,John Edward Graybill,≤100
160630887998827,Let Them Live,Nathan Montgomery Berning,≤100
30618466815,Pacific Legal Foundation,Pacific Legal Foundation,≤100
355799336705,Outreach International,Outreach International,≤100
104141422951673,Chicago Booth Review,University of Chicago,≤100
686280825079327,Citizens for a Secure and Safe America,Citizens for A Secure and Safe America Non Profit Corporation,≤100
126037931371545,Law Offices of Jonathan K. Park & Associates,Law Offices of Jonathan K. Park & Associates,≤100
191602167588409,Rotary Club of Victorville,Coleen Regina Luque,≤100
107858693983382,The GOP Shop,The GOP Shop,≤100
101714424645728,Martina Jackson for State Representative,Martina Marie Jackson Haynes,≤100
260131294484,Bethesda Lutheran Communities,Bethesda Lutheran Communities,≤100
108503659576,National Coalition for Public School Options,National Coalition for Public School Options,≤100
107478604080028,Way To A Happy Heart,Iesha Marriah Nixon,≤100
557113921291144,Learning Dynamics,4 Weeks To Read LLC,≤100
8057376739,The Nature Conservancy,Nature Conservancy,≤100
662962894077729,The Well News,The Well News,≤100
420424547981908,In Search of Liberty,Scott Dennis Welch,≤100
1438882392887793,ADF Church Alliance,Alliance Defending Freedom,≤100
39910576365,National Alliance for Public Charter Schools,NATIONAL ALLIANCE FOR PUBLIC CHARTER SCHOOLS,≤100
110707597007287,Mike Larsen for Congress,Friends of Mike Larsen,≤100
598830780279445,Say Yes to MCC,Say Yes to MCC,≤100
10498053716,Media Research Center,MEDIA RESEARCH CENTER,≤100
290157611894313,The Climate List,Climate List LLC,≤100
1001615463272722,Biosimilars Council,The Biosimilars Council,≤100
165551260479306,Lifting Hands International,Lifting Hands International,≤100
125319303823,Champlain College,Champlain College Incorporated,≤100
134452023239984,Human Coalition,Human Coalition,≤100
103009087770334,Get Trumpcare Now,The Stuart Agency,≤100
958164574314945,Cargill,"CARGILL, INCORPORATED",≤100
2283535575207809,Ditch Mitch,DITCH FUND,≤100
100256754899828,Patriot's Cave,Lucky Shot USA,≤100
1338822066131069,Women's March,Women's March,≤100
159964696102,Kevin McCarthy,KEVIN MCCARTHY FOR CONGRESS,≤100
259632267542,Zionist Organization of America,Zionist Organization of America,≤100
248262725706461,Power The Future,Power The Future Inc,≤100
511597776017378,House Of Chingasos,Carlos John Ugalde,≤100
104006944272732,Honest Arizona,Advancing AZ,≤100
8473889271,National Parks Conservation Association,National Parks Conservation Association,≤100
114017173453172,Eric Wolterman for Recorder,Eric Wolterman Campaign,≤100
101568761447230,Compensation Experts USA,Injury Compensation Center,≤100
338855069522459,Im Tirtzu,Im Tirtzu,≤100
121750354532995,Yale Program on Climate Change Communication,Yale Program on Climate Change Communication,≤100
173837496125511,Conscious Step,Conscious Step,≤100
431099560800970,Front Page Live,"Front Page Live, Inc.",≤100
105698674239617,Embed News,Embed News,≤100
19342050934,Leadership Institute,LEADERSHIP INSTITUTE INC,≤100
242960515598,Military Spouse,Victory Media DBA Military Spouse,≤100
224684514243482,Tom Cotton,"COTTON FOR SENATE, INC.",≤100
9324910069,NRSC,NRSC,≤100
1556323534653761,Richard Attias & Associates,Richard Attias & Associates,≤100
112942500238297,Trees4Australia,Trees4Australia,≤100
152950318087920,AARP DC,AARP,≤100
104796740879587,theobamachicksbook,Pamela Jasper,≤100
499379343409991,Impact Fund,"IMPACT FUND, THE",≤100
8340223883,Avaaz,Avaaz Foundation,≤100
97493741436,John W. Hickenlooper,HICKENLOOPER FOR COLORADO,≤100
129255907131113,NumbersUSA,NUMBERSUSA EDUCATION AND RESEARCH FOUNDATION,≤100
367292494407,AJC - American Jewish Committee,AMERICAN JEWISH COMMITTEE,≤100
655065784538368,PredictIt,"PredictIt - Prediction Markets. A project of Victoria University of Wellington, PredictIt has been established to facilitate research into the way markets forecast events.",≤100
142957224352,International Medical Corps,International Medical Corps,≤100
143152622368089,San Diego Zoo Safari Park,ZOOLOGICAL SOCIETY OF SAN DIEGO,≤100
313723095478950,The Daily Citizen,Focus on the Family,≤100
106615267589375,Weekend Healthy Tips,Carl Harmon Jr.,≤100
8532248414,Wounded Warrior Project,"WOUNDED WARRIOR PROJECT, INC.",≤100
1632568446971453,Boredwalk,Boredwalk,≤100
107953199261156,ifaw,"INTERNATIONAL FUND FOR ANIMAL WELFARE, INC.",≤100
42940254353,Human Rights Watch,"HUMAN RIGHTS WATCH, INC.",≤100
198296877515470,Switch4Good,Switch4Good,≤100
100787471467527,Knowyourvote,Knowyourvote,≤100
89324781720,Pat Toomey,Friends of Pat Toomey,≤100
109092142462587,Adam Schiff,SCHIFF FOR CONGRESS,≤100
278490715553293,Martha McSally,MCSALLY FOR SENATE INC,≤100
336470580233523,Pins and Aces Golf Co.,US Craft Brands LLC,≤100
179145905973075,Sophie Ratner Jewelry,Sophie Ratner Jewelry,≤100
43695969284,Society of Critical Care Medicine (SCCM),SOCIETY OF CRITICAL CARE MEDICINE,≤100
24470472733,The Trevor Project,The Trevor Project,≤100
121358125934736,Move Forward - Yes on 7,The Move Forward PAC,≤100
519590768083165,Abby Finkenauer for Congress,FINKENAUER FOR CONGRESS,≤100
1024251497648833,Bluon HVAC,"Bluon, Inc.",≤100
213792049451918,Stand For America Now,Stand For America Inc,≤100
153080620724,Donald J. Trump,"DONALD J. TRUMP FOR PRESIDENT, INC.",≤100
55644754632,Enel X,"ENEL X NORTH AMERICA, INC.",≤100
112914570241993,Smart Investor Tips,Smart Investor Tips,≤100
661744180680367,National Police Association,"NATIONAL POLICE ASSOCIATION, INC.",≤100
2036389409806378,Backpage's Role in Prostitution and Trafficking,X Social Media LLC,≤100
2352630938293825,Mytacticalpromos,Entremax,≤100
630718673748746,Women for America First,Women for America First,≤100
1451520385099902,Equal Voice Action,Equal Voice Action,≤100
9062006483,REI,"RECREATIONAL EQUIPMENT, INC.",≤100
1585761838387907,Unity College Online,Unity College,≤100
101304624782822,Redway Living,Redway Living,≤100
344690446467832,The Copper Courier,Courier Newsroom,≤100
1413682351987764,Andy Kim for Congress,Andy Kim for Congress,≤100
408252582872693,Daniella Levine Cava,"Daniella Levine Cava, Non-Partisan, for Miami-Dade County Mayor",≤100
301228420816284,Teresa Leger Fernandez,TERESA FOR ALL,≤100
1799282383731277,TwoSeventy,Alexander Jared Deutsch,≤100
339509270166412,Representative Kevin Hern,House of Representatives for the 1st District of Oklahoma,≤100
101391906600,Live Action News,Live Action News,≤100
101295517956158,Tricia Zunker for Wisconsin,Tricia Zunker for Wisconsin,≤100
292351509697,Jerusalem Prayer Team,Jerusalem Prayer Team,≤100
127755494595870,Progressive Takeover,PROGRESSIVE TAKEOVER,213
192737024112371,TWU Local 556,Transport Workers Union Local 556,≤100
6985452607,Brita USA,The Clorox Company,≤100
183517831660100,Morning Consult,Morning Consult LLC,≤100
21647204289,Michigan Education Association,Michigan Education Association,≤100
123397377677195,"School of International Service, AU","School of International Service, American University",≤100
107291750775792,The 100 Million,Knight Foundation,≤100
104499197578239,Citizens4TrafficRelief,Robert Francis Windley,≤100
197374340229,E2 - Environmental Entrepreneurs,E2 (Environmental Entrepreneurs),≤100
17432811417,Working Families Party,Working Families Party,≤100
108176010748061,100 Insure,Robert Bradley Graham,≤100
106323360959211,Patriots Republic,Matthew James Stine,≤100
2220605218032318,Research in Algorithmic Redlining,Aleksandra Korolova,≤100
142914269087072,Cornell Lab of Ornithology,Cornell Lab of Ornithology,≤100
100186984869259,Not In NoVa,Not In NoVa,≤100
14440196673,Teamsters,INTERNATIONAL BROTHERHOOD OF TEAMSTERS,≤100
343618292379217,Planned Parenthood of Metropolitan Washington DC - PPMW,Planned Parenthood of Metropolitan Washington DC,211
19420215926,CNSNews.com,MEDIA RESEARCH CENTER,≤100
105943547657225,2020 Auto Programs,Richard Telfeja,≤100
130268756992804,Yale Climate Connections,Yale Climate Connections,≤100
1452551204988299,GoReact,Speakworks Inc,≤100
115761269812805,Jeff Hinkle,Jeff Hinkle Campaign,≤100
135500133147357,ProEnglish,US INC,≤100
156392276602,Strong Towns,Strong Towns,≤100
217137015152702,National Sikh Campaign,National Sikh Campaign,≤100
1721467687891795,Partnership for Conservation,Partnership for Conservation,≤100
366351973736242,Red Rock Secured,Red Rock Secured,≤100
111663158887300,Tacoma Rescue Mission,"RESCUE MISSION, THE",≤100
316498251698370,Adam Gray for Assembly,Gray for Assembly 2020,≤100
312087222175938,Southeast Texas Record,The Record,≤100
6236054211,Brady,Brady Campaign to Prevent Gun Violence,≤100
7835151610,Carolyn B. Maloney,MALONEY FOR CONGRESS,≤100
279599502172409,Patriot Mobile,Patriot Mobile,≤100
237447847040302,Faith Underground,Pamela N Danziger,≤100
110177119192569,Knightscope,William Li,≤100
6244252028,Considerable,Considerable.com,≤100
111970730196550,World War Zero,AMERICAN SECURITY PROJECT,≤100
101148251446778,Keep America Great Committee,KEEP AMERICA GREAT COMMITTEE,≤100
543066585882629,Libertarian Country,Libertarian Country,≤100
1088950287806118,Climate Hustle 2,CFACT,≤100
221890358218748,Til Valhalla Project,Til Valhalla Project,≤100
546497545399440,ASEC - African Sisters Education Collaborative,African Sisters Education Collaborative,≤100
130848666099,Business Forward,Business Forward Inc.,≤100
109136650636111,Harold Hayes for State Representative,Friends of Harold M. Hayes,≤100
19746387261,Humane Society International,Humane Society International,≤100
89660729827,National Wildlife Federation Action Fund,NATIONAL WILDLIFE FEDERATION ACTION FUND,≤100
564944890224398,Southworth PC - Attorneys For Federal Employees,Southworth PC,≤100
6396394069,Ron Kind,KIND FOR CONGRESS COMMITTEE,≤100
137427899615856,"Central Union Mission, DC",CENTRAL UNION MISSION (INC),≤100
657343731290262,American Freedom Fighter,American Freedom Fighter,≤100
156994304362574,American Bridge,AMERICAN BRIDGE 21ST CENTURY,≤100
1563759350580669,MIZIZI,"MIZIZI International, LLC.",≤100
100911481267154,"Luke Gromen - FFTT, LLC","FFTT, LLC",≤100
546643589052271,Sarah Godlewski,Sarah for Wisconsin,≤100
833845080319275,The Daily Patriot,Full Tilt Holdings LLC,≤100
89336510798,American Friends of the Hebrew University,American Friends of Hebrew University,≤100
652735891861686,Ben Loyola,BEN LOYOLA FOR CONGRESS,≤100
675665515802671,Wolven,Wolven,≤100
100822738050183,Trump Star 2020,Greek Steel LLC,≤100
100912354755468,Canvas Paw,These ads ran without a disclaimer,≤100
103276597856432,The Trump Collective,Alexander Quinn Urbach,≤100
106030702041,Aspen Snowmass,"ASPEN SKIING COMPANY, L.L.C.",≤100
100667714665946,Recon Jacks Apparel,Recon jacks apparel,≤100
102336501236330,Alliance for an Affordable DC,The American Beverage Association. Brought to you by the Alliance for an Affordable DC.,295
1905515863109983,Power In Cooperation,ConocoPhillips,≤100
163302087408673,Stop The Donald,Stop the Donald,≤100
237052729573,African Diaspora Film Festival (ADFF),Diarah Ndaw Spech,≤100
69118604016,Carnegie Institution for Science,Carnegie Institution for Science,≤100
11111618026,Union of Concerned Scientists,"UNION OF CONCERNED SCIENTISTS, INC.",≤100
115525519830230,ישראל שלנו - Israel Shelanu,Yaakov Cohen,≤100
11918108948,African Wildlife Foundation,AFRICAN WILDLIFE FOUNDATION,≤100
6266829799,Sherrod Brown,FRIENDS OF SHERROD BROWN,≤100
22219555276,Children's Defense Fund,CHILDRENS DEFENSE FUND (INC),≤100
399997860992,Educators for Excellence,Educators for Excellence,≤100
1864721517082089,Democratic Attorneys General Association,Democratic Attorneys General Association,≤100
49651563727,Live Action,Live Action,≤100
173470656019870,The Daily Yonder,Great Stories LLC,≤100
1836138529938551,Greater Half,Billy Benson,≤100
717115395103069,PrintedKicks,Printed Kicks,≤100
101317101242156,Make America Kind Again,Benevolently,≤100
471662392942995,Delegate Jheanelle Wilkins,Friends of Jheanelle Wilkins,≤100
791543660926838,"I'll go ahead and keep my guns, Thanks",2A4LIFE LLC,≤100
788394134539871,USPS Business,United States Postal Service,≤100
185049816088,Global Justice Center,GLOBAL JUSTICE CENTER,≤100
8924408197,National Partnership for Women & Families,National Partnership for Women & Families,≤100
29770886815,Marijuana Policy Project,Marijuana Policy Project,≤100
2336022790003836,Patients + Providers United,Patients and Providers United,≤100
350316025478383,When We All Vote,When We All Vote,≤100
5644748986,National Wildlife Federation,NATIONAL WILDLIFE FEDERATION,≤100
332716170522025,America First Action,America First Action,≤100
318772742238,Jewish Review of Books,Jewish Review of Books,≤100
124955570892789,Bernie Sanders,BERNIE 2020,948
28889108258,Gospel for Asia,"GOSPEL FOR ASIA, INC.",≤100
328072970642479,Jaime Harrison,JAIME HARRISON FOR US SENATE,462
2072638396208222,Adam's Nest,"PTOWNLOVESHACK, LLC DBA Adam's Nest",≤100
263210730984251,We Are Great Again Pac,WE ARE GREAT AGAIN PAC,≤100
44015482829,United Nations Development Programme - UNDP,United Nations Development Programme,≤100
8492293163,Environmental Defense Fund,Environmental Defense Fund,≤100
100401327980848,National Parents Union,National Parents Union,≤100
122174836956,Big Cat Rescue,BIG CAT RESCUE CORP.,≤100
64343851262,National Catholic Reporter,"NATIONAL CATHOLIC REPORTER PUBLISHING COMPANY, THE",≤100
88224465289,Dropps,"Dropps (Cot'n Wash, Inc.)",≤100
196382377057315,Learn Our History,Learn Our History,≤100
246491525549550,Education Post,Education Post,≤100
396341050418432,WORLD Channel,WGBH WORLD Channel,≤100
429651323843750,Verizon Wireless Workers Rising,"COMMUNICATIONS WORKERS OF AMERICA, AFL-CIO, CLC",≤100
114585393293833,Holden For Sheriff,James Lee Holden,≤100
668145949990925,Responsible PA,Pennsylvania House Republican Campaign Committee,≤100
27544763621,Prison Fellowship,Prison Fellowship,≤100
79047202856,People's World,People's World,≤100
10803722213,Common Cause,COMMON CAUSE,≤100
7483836629,Ancestry,Ancestry.com Operations Inc.,≤100
130912793621553,Food Bank For New York City,Food Bank For New York City,≤100
1750471095167410,Trump Train News,Trump Train News,≤100
1677111425839949,The American Promise,American Promise,≤100
164513254148611,America's Voice News,Barbara Jean Lawrence,≤100
38897314734,The Trust for Public Land,"TRUST FOR PUBLIC LAND, THE",≤100
23489729942,Mike Gallagher,Salem Media,≤100
1435071773455316,Daily Wire,The Daily Wire,≤100
885797821467046,Joyous Organics,Ronald Lee Yates,≤100
1434793590124759,Evonomics: The Next Evolution of Economics,Evonomics,≤100
627951147293090,FatFinger,Fat Finger LLC,≤100
124939484209078,Langevin for Congress,LANGEVIN FOR CONGRESS,≤100
97466887664,Innocence Project,"INNOCENCE PROJECT, INC., THE",≤100
182079698493370,Portside,Portside,≤100
110812293684869,The High Road Foundation,Robert Francis Windley,≤100
1526736227567131,TrueCoverage,True Coverage,≤100
1947204578916961,Kionne McGhee,"Kionne McGhee, Non-Partisan, for Miami-Dade County Commissioner District 9",≤100
101617224555221,Nancy Pelosi Elects Democrats,PAC TO THE FUTURE,≤100
648118055203804,Reset Public Affairs,RESET PUBLIC AFFAIRS LLC,≤100
121033149320,American Indian College Fund,"AMERICAN INDIAN COLLEGE FUND, THE",≤100
487569614682924,CAPP USA,Yellow Line Productions LLC,≤100
15779440092,National Review,"NATIONAL REVIEW, INC.",≤100
103851564652,Waterkeeper Alliance,WATERKEEPER ALLIANCE INC,≤100
29776517202,Second Harvest Heartland,SECOND HARVEST HEARTLAND,≤100
7642602143,Mother Jones,FOUNDATION FOR NATIONAL PROGRESS,≤100
195704103779569,Savage Outdoors & The One,Amanda Harris Lee,≤100
169597416843751,Stand Up America,Stand Up America,≤100
12301006942,Democratic Party,DNC SERVICES CORP./DEM. NAT'L COMMITTEE,≤100
299295363912730,New Politics Leadership Academy,New Politics Leadership Academy,≤100
1692868424300466,"Socktopus, Ink",Socktopus Ink,≤100
5550296508,CNN,"Turner Broadcasting Sales, Inc",≤100
1397799040234106,OpinionUP,OpinionUP LLC,≤100﻿
300992409852,Hoover Institution,Hoover Institution,≤100
1925751504337881,MJ for Texas,MJ FOR TEXAS,≤100
830890360316751,Nick Hanauer,Civic Action,≤100
203330919857759,All On The Line,National Redistricting Action Fund,≤100
673117639774135,Gretchen Whitmer,Gretchen Whitmer for Governor,≤100
110382180339967,Samuel Smith,Samuel Chester Smith,≤100
53541257714,The Arc of the United States,"ARC OF THE UNITED STATES, INC., THE",≤100
174866249236469,Tulsi Gabbard,TULSI NOW,≤100
100577113613446,Rock Your Bathroom,SK LANG Products,≤100
947007518669446,"Jaime M. Andrade, Jr. for IL 40th District State Representative","Friends of Jaime M. Andrade, Jr.",≤100
105561217523274,The_Dispatch,"Dispatch Media, Inc.",≤100
98912141410,American Forests,American Forests,≤100
198001351897,Wounded Warriors Family Support,WOUNDEDWARRIORS FAMILY SUPPORT INC,≤100
111182343682003,Certified CCW,CertifiedCCW.com,≤100
257019421075897,Cory Gardner,Cory Gardner for Senate,≤100
365591516828390,Georgia's WIN List,Georgia WIN List,≤100
59543893235,National Constitution Center,National Constitution Center,≤100
80562389320,NARAL Pro-Choice America,NARAL Pro-Choice America,≤100
96159580682,Maine Democratic Party,MAINE DEMOCRATIC PARTY,≤100
140357056032320,NEA Today,National Education Association,≤100
107036421410,National Safety Council,NATIONAL SAFETY COUNCIL,≤100
134845259917779,Rock 'Em Socks,Rock 'Em Socks,≤100
129306574279449,EFB Advocacy,EFB Advocacy,≤100
267180743723148,National Geographic Society,National Geographic Society,≤100
347063211984370,Fed of American Hospitals,Federation of American Hospitals,≤100
442177416350461,Jim Kennedy for Congress,JIM KENNEDY FOR CONGRESS,≤100
2681078191918286,Deplorables The Game,Shutemdown LLC,≤100
154471447959196,Institute for Veterans and Military Families - IVMF,Institute for Veterans and Military Families,≤100
1187681427913179,100 Years of Deception,Alan Adaschik,≤100
1664959567149320,Wholesome Culture,Wholesome Culture,≤100
117007611809140,Elect Nick Palmer,Citizens to Elect Nick Palmer,≤100
514442968569467,Northern Illinois Food Bank,NORTHERN ILLINOIS FOOD BANK,≤100
376250065793807,Citizens for Responsible Energy Solutions,Citizens for Responsible Energy Solutions,≤100
237477017606,Club for Growth,Club for Growth,≤100
100437734826584,Sayers For Congress,SAYERS FOR CONGRESS,≤100
111812468884033,W.K. Kellogg Foundation,W. K. KELLOGG FOUNDATION,≤100
6726182861,Mike Pence,TRUMP MAKE AMERICA GREAT AGAIN COMMITTEE,≤100
174009339411865,SmartNews,"SmartNews International, Inc.",≤100
149034417891,ettitude,Ettitude,≤100
109784800371914,Protect Kids: Fight Flavored E-Cigarettes,TOBACCO-FREE KIDS ACTION FUND,≤100
222164564466305,Civic Life Project - www.civiclifeproject.org,Dominique Lasseur,≤100
119875179042,Josh Stein,Josh Stein for Attorney General,≤100
50710138582,Campaign Solutions,CAMPAIGN SERVICES INC,≤100
32802178807,Homes For Our Troops,Homes For Our Troops,≤100
77130778113,Coalition for Medicare Choices,The Coalition for Medicare Choices,159
1290536624348001,Informed Immigrant,FWD.us Education Fund,≤100
348973409274904,Velvet Hamster,Velvet Hamster,≤100
141269525933538,Democrats for Education Reform,Education Reform Now Advocacy Inc.,≤100
102082608048497,End Ocean Pollution,Brian Sherwin,≤100
112211450352193,Illinois Justice & Public Safety PAC,Illinois Justice & Public Safety PAC,≤100
777657635932867,Blessings Through Action,Blessings Through Actions,≤100
149366465128820,"Nicole Galloway, CPA",Nicole Galloway for Missouri,≤100
83290028957,Care Net,CARE NET,≤100
1640970822834351,Plaine Products,Plaine Products,≤100
265251610146,Virginia League of Conservation Voters,Virginia League of Conservation Voters,≤100
313942829424,Morgan & Morgan P.A.,"MORGAN & MORGAN, P.A.",≤100
101210588150219,Boy Scouts Abuse Claims,X Social Media LLC,≤100
20787991568,Senate Democrats,DSCC,≤100
589476101534866,American Progressives,Alan Mislove,≤100
1550688498409259,Alliance for Climate Resistant CA,Alliance for Climate Resistant California,≤100
91620749060,Montgomery County Education Association (MCEA),MONTGOMERY COUNTY EDUCATION ASSOCIATION,≤100
1475056949212605,Charity Mobile,Charity Mobile,≤100
1612726335627171,We the Internet TV,We the Internet TV,≤100
555787351119974,Coalition to Protect America's Health Care,Coalition to Protect America's Health Care,≤100
1425435377743310,Conversations with Bill Kristol,The Foundation for Constitutional Government,≤100
183989338318281,The American Legion National Headquarters,LEGIONNAIRE,≤100
309993142375589,Joe Kennedy III,KENNEDY FOR MASSACHUSETTS,≤100
136299005939,Heifer International,HEIFER PROJECT INTERNATIONAL,≤100
122671561263552,Committee for Better Banks,"COMMUNICATIONS WORKERS OF AMERICA, AFL-CIO, CLC",≤100
137078141865,Kentucky Democratic Party,Kentucky Democratic Party,≤100
162676813937511,Dan Forest,Committee to Elect Dan Forest,≤100
1829941277232215,DC Democratic Party,DC DEMOCRATIC STATE COMMITTEE,≤100
219224241438635,Compassion & Choices,COMPASSION & CHOICES,≤100
283511548477587,ADD Advocate,Aaron Lawrence Friedman,≤100
1443864392358133,If These Ovaries Could Talk,Robin L Hopkins,≤100
1312902825543317,American Nightmare Film,Jesus Nebot International,≤100
273546779885377,The Gallant Pelham,"The Gallant Pelham, LLC",≤100
566008736785269,Be Heard Project,Be Heard Project,≤100
433919203362871,Bird + Stone,BIRD & STONE INC,≤100
10150124349775072,"Riddle & Brantley, LLP","RIDDLE & BRANTLEY, LLP",≤100
330617944306531,Jerica Richardson,Jerica Marie Richardson,≤100
169130743498585,Tactical Pro Supply,Chad Keller,≤100
17023576156,The Leadership Conference on Civil and Human Rights,The Leadership Conference on Civil and Human Rights,≤100
2188424341404612,Project Ready,Project Ready,≤100
162616177521935,ACM Strategies,ACM Strategies,≤100
163965296965203,32BJ SEIU,LOCAL 32 BJ SEIU,≤100
1497851363851721,QLMS,Quicken Loans Mortgage Services,≤100
155857265265319,Pre-IPO Buzz,Pre-IPO Buzz,≤100
115195631833717,NAHREP The National Association of Hispanic Real Estate Professionals,NATIONAL ASSOCIATION OF HISPANIC REAL ESTATE PROFESSIONALS,≤100
1383869268500535,Medicare World,Medicare World,≤100
23790541544,Democrats,DCCC,≤100
142992759853421,Be A Hero,BE A HERO PAC,≤100
69983322463,Ted Cruz,TED CRUZ FOR SENATE,≤100
105869134358705,Left Is Right,Story Network Foundation,≤100
279846350948,St. Labre Indian School,St. Labre Indian School,≤100
989115077828893,John Muir Project of Earth Island Institute,John Muir Project,≤100
29883711738,Independent Women's Voice,Independent Women's Voice,≤100
123324264379603,Committee of Interns and Residents,Committee of Interns and Residents,≤100
537181256742387,The New Center,The New Center,≤100
510680265702016,Crowned Free,Crowned Free,≤100
44667476574,In These Times,INSTITUTE FOR PUBLIC AFFAIRS,≤100
168109446538119,St. Martin's Press,St. Martin's Press,≤100
39006887293,Victory Enterprises,"Victory Enterprises, Inc.",≤100
96935476345,Democratic Governors Association (DGA),DEMOCRATIC ACTION,≤100
134696280446,Central Pennsylvania Food Bank,CENTRAL PENNSYLVANIA FOOD BANK,≤100
105038634421418,Cirilo Moronta,Jonathan Dubvelis Nunez Frometa,≤100
1835838916635491,Transamerica Center for Health Studies,Transamerica Center for Health Studies,≤100
103959221222594,IL Citizens for Accountability,Citizens for Accountability,≤100
103383441248216,James S. Simon,Re-Elect James Simon Committee,≤100
304062610300415,VozWire,Gregson E Mathe,≤100
150451082120925,The other 54%,Gregory M Berube,≤100
7292655492,MoveOn,MOVEON.ORG CIVIC ACTION,≤100
240425642652222,South Florida Wildlands Association,South Florida Wildlands Association,≤100
183094755077388,Doug McAuliffe Strategic Creative,"Doug McAuliffe Strategic + Creative, LLC",≤100
6162159887,The World,The World,≤100
2185993931653388,The Recount,"Recount Media, Inc",≤100
27478282874,UNITE HERE!,UNITE HERE,≤100
117401524973663,Chamomile Tea Party,Chamomile Tea Party,≤100
205795426669644,Facts and Logic about the Middle East,Facts and Logic About the Middle East,≤100
115375976512747,Margaret Stanton McBride,These ads ran without a disclaimer,≤100
1018914308173454,FStop Foundation,"FSTOP FOUNDATION INC, THE",≤100
405355946226766,Todd Young,"FRIENDS OF TODD YOUNG, INC.",≤100
153446658100252,Lumina Foundation,Lumina Foundation,≤100
57401739949,Better Angels,INSTITUTE FOR AMERICAN VALUES INC,≤100
2267405033373814,Doctor Patient Unity,Doctor Patient Unity,≤100
100968598130407,Tax Support Center,Mercedes Lease,≤100
107352137347376,Re-Elect Shirley Johnson,Shirley Johnson For Delray Beach City Commission,≤100
123963360928,SiriusXM,SiriusXM,≤100
172758932738142,PhRMA,PHARMACEUTICAL RESEARCH AND MANUFACTURERS OF AMERICA,294
7833534974,Florida Democratic Party,Florida Democratic Party,≤100
115214215185886,My-HappyFeet,These ads ran without a disclaimer,≤100
417003782372467,Foundation Blue Media,Foundation Blue LLC,≤100
1765222000389393,Jill Karofsky for Justice,Jill for Justice,≤100
106136417435051,Iwantmyoceanback,Iwantmyoceanback,≤100
178647322882839,MarinerEast2,Energy Transfer,≤100
109712673845685,Alliance for Charitable Excellence,Alliance for Charitable Excellence,≤100
183872968312216,Popdust,cleancult,≤100
142864489085700,Pars Equality Center,Pars Equality Center,≤100
130025717077175,The Orangutan Project,These ads ran without a disclaimer,≤100
811900825495982,Niskanen Center,The Niskanen Center,≤100
169130470583214,Demand Justice,Demand Justice,≤100
260366367717440,Committee to Protect Medicare,Committee to Protect Medicare,≤100
18982436812,ACLU,American Civil Liberties Union,≤100
34362997676,United States Holocaust Memorial Museum,UNITED STATES HOLOCAUST MEMORIAL MUSEUM,≤100
150181591837186,Ted Terry,Ted for Dekalb,≤100
329286557095658,Joyce Beatty for Congress,Beatty for Congress,≤100
270366089746859,Positive Behavior Supports Corp.,Elizabeth Ann  Focazio,≤100
2056485407811667,Clean Energy for Maryland,Energy Media,≤100
262062478079324,Mckayla Wilkes for Congress,MCKAYLA WILKES FOR CONGRESS,≤100
111241040360707,Tax Fairly,Tax Fairly,≤100
6315243665,Faith in Public Life,"FAITH IN PUBLIC LIFE, INC.",≤100
917165515112598,Progressive Power,USA Unify Media Inc,≤100
175723919259349,Mayor Scott Singer,Scott Singer for Mayor,≤100
109111900634787,Reverend Raphael Warnock,WARNOCK FOR GEORGIA,≤100
131217580266597,National Council on Aging,"NATIONAL COUNCIL ON AGING, INC.",≤100
253791814655400,Doug Collins,"COLLINS FOR SENATE, INC.",≤100
2309566456030859,Human Coalition Action,Human Coalition,≤100
125649561365522,J.D. Scholten,SCHOLTEN4IOWA CAMPAIGN COMMITTEE,≤100
294196590710262,FWD.us,FWD.us,≤100
33699882778,Dr. Bronner's,Dr. Bronner's,≤100
7292655492,MoveOn,MOVEON.ORG POLITICAL ACTION,≤100
1539972792944463,Forge Leadership Network,Forge Leadership Network,≤100
211211155280,Esri,Esri,≤100
751679868274074,Hope for Students,THE EXPECTATIONS PROJECT INC,≤100
328853823844484,Balance of Power,Balance of Power,≤100
56780242206,Agros International,Sierra Hana Golden,≤100
187809941803009,IVYPAC,IVYPAC,≤100
700941689954518,Defend Our Future,Defend Our Future,≤100
104325844436320,US Dollar Reports,US Dollar Reports,≤100
107107693152888,Anthropocene Alliance,ANTHROPOCENE ALLIANCE,≤100
106557934225461,Bellbrook Vote For 9,Citizens For Sugarcreek Schools,≤100
7035457015,Brave New Films,BRAVE NEW FOUNDATION 501(C)(3),≤100
8047221596,Save the Children US,"SAVE THE CHILDREN FEDERATION, INC.",≤100
61878332769,ICNA Relief,ICNA RELIEF USA PROGRAMS,≤100
112365866805225,RepYourBlock2020,RepYourBlock2020,≤100
46093654473,National Republican Congressional Committee,NRCC,≤100
131571436869348,Texas HDCC,Texas HDCC,≤100
329272720965256,GALvanize USA,GALvanize USA,≤100
15239367801,The Wilderness Society,"WILDERNESS SOCIETY, THE",≤100
181815018520,DC Water,Francesca Justine Thompson,≤100
11006419356,The Voice of the Martyrs - USA,"VOICE OF THE MARTYRS, INC., THE",≤100
48818254473,Alexander Street,PROQUEST LLC,≤100
176940959017718,Mayor Frank C. Ortis,Mayor Frank Ortis,≤100
834645469890446,Devin Nunes,DEVIN NUNES CAMPAIGN COMMITTEE,≤100
6787988478,Physicians for Human Rights,"PHYSICIANS FOR HUMAN RIGHTS, INC.",≤100
40906470040,World Pulse,World Pulse Voices,≤100
111324359048459,Dr. Roger Marshall,KANSANS FOR MARSHALL,≤100
101439284539574,Janeese Lewis George for Ward 4,The Committee to Elect Janeese Lewis George,≤100
79743808136,NAIS -- National Association of Independent Schools,"NATIONAL ASSOCIATION OF INDEPENDENT SCHOOLS, INC.",≤100
679192075585170,Strong Schools Maryland,"FUND FOR EDUCATIONAL EXCELLENCE, INC.",≤100
168452723312821,Chisholm Chisholm & Kilpatrick LTD,Chisholm Chisholm & Kilpatrick LTD,≤100
143073625758172,Utica Education Association,Utica Education Association,≤100
101176014673943,Michelle for Kansas,MICHELLE FOR KANSAS,≤100
484300471681895,John Katko for Congress,KATKO FOR CONGRESS,≤100
1055873511190792,Hello Resistance,Hello Resistance Apparel,≤100
45393753416,Alliance Defending Freedom,Alliance Defending Freedom,≤100
2092316420802349,You've got to be kidding me,Active 7 Warehouse,≤100
1977738355807406,Sharice For Congress,SHARICE FOR CONGRESS,≤100
345378512258813,Elise Stefanik,ELISE FOR CONGRESS,≤100
117058854998779,The Gideons International,"GIDEONS INTERNATIONAL, THE",≤100
2315161412139966,Jacobs for Congress,JACOBS FOR CONGRESS,≤100
125162818118662,Citizens to Elect Judge Sheree D. Henry,Citizens to Elect Judge Sheree D Henry,≤100
102377984581168,A Democrat in the Wilderness,Emmanuel Fourakis,≤100
7263476274,Mercy Corps,Mercy Corps,≤100
90527934565,Global Energy Institute,The U.S. Chamber of Commerce,≤100
110468488981853,UNRWA USA,UNRWA USA,≤100
1653885501501009,Propeller,Propeller Enterprises,≤100
78420171887,Sailors for the Sea,SAILORS FOR THE SEAINC,≤100
109903167155203,Mimi Rocah for District Attorney,Mimi Rocah for DA,≤100
104763577712814,Jeffrey Blydenburgh for Winter Park,Jeffrey Blydenburgh for Winter Park City Commission,≤100
327202261326682,Stephanie Bice,Bice for Congress,≤100
103916901051975,Immigration Ally,Walker Gates Vela PLLC,≤100
276131699084792,YWAM Los Angeles,YWAM Los Angeles,≤100
126498287375611,Michigan League of Conservation Voters,MICHIGAN LEAGUE OF CONSERVATION VOTERS,≤100
146817005352784,Wellness.com,"Beachside Media, Inc.",≤100
227594571444676,Building New York's Best,"Carpenter Contractor Alliance of Metropolitan New York, Inc.",≤100
1722199728002734,The Hell Raisin' Hippies,Jerry Edgar Joplin,≤100
108519723832934,RAFT,Alexandra Marie Duany Saavedra,≤100
103663967786462,Climate Strike Friday,Story Network Foundation,≤100
656263988182462,Bill Hagerty,TEAM HAGERTY,≤100
112235732143274,Glacier National Park Conservancy,Michael Robert Cantafio,≤100
1691667177798461,Brut,Brut,≤100
100195511560092,Injury Compensation Center,Injury Compensation Center,≤100
229422593795044,State Government Leadership Foundation,State Government Leadership Foundation,≤100
231056563609284,Fresno Metropolitan Flood Control District,Fresno Metropolitan Flood Control District,≤100
97685946123,Columbus Public Health,Columbus Public Health,≤100
2353537341582545,Proud Patriots,"Unicorn Wealth, LLC",≤100
175034712516314,WaterAid America,WaterAid America,≤100
2171158826509354,Earth & Friends,These ads ran without a disclaimer,≤100
293225127381200,Patriot Depot,The Patriot Depot,≤100
429087633897093,Western Values Project,Western Values Project,≤100
196743663140,Baha'is of the United States,National Spiritual Assembly of the Baha'is of the United States,≤100
780619362083463,Vision Impact Institute,The Vision Impact Institute,≤100
148205145252473,Backcountry Hunters & Anglers,Backcountry Hunters & Anglers,≤100
2046280975668889,LeftvsRightIQ.com,LvR Intelligence LLC,≤100
25852730092,Care2,Care2 Inc,≤100
1737556389685016,Good Money,Good Money,≤100
2336609516620656,Human Age Digital,Human Age Digital,≤100
1791097094486498,Musings,Musings Magazine,≤100
533347293669517,Great American Era,Great American Era,≤100
558555244650663,Harriet Reynolds Music,Donald Craig Holt,≤100
28510612138,Uncommon Knowledge,Hoover Institution,≤100
109665250456365,The Armed Patriot,Kenneth Micheal Parkerson,≤100
2221239651245614,Young Conservatives for Carbon Dividends,Young Conservatives for Carbon Dividends Inc,≤100
347709492097714,MyGreenFills,MyGreenFills,≤100
136121223083299,Sea Turtle Conservancy,"SEA TURTLE CONSERVANCY, INC.",≤100
203550842430,Mike Lee,FRIENDS OF MIKE LEE INC,≤100
590660300952992,CN4 Partners,CN4 Partners,≤100
7090829369,Peter DeFazio,DEFAZIO FOR CONGRESS,≤100
64064370581,North Texas Food Bank,North Texas Food Bank,≤100
1224106861035505,Resistbot,Resistbot Action Fund,≤100
467503009987109,"Healthy Forests, Healthy Communities","Healthy Forests, Healthy Communities",≤100
133937690180,Student Conservation Association,Student Conservation Association,≤100
1399926390134311,Nature's Generator,Huntkey USA Inc,≤100
104117891137180,Everyday is a Second Chance,Shi Yuan Ge,≤100
165858562140,Western Resource Advocates,Western Resource Advocates,≤100
102592959026,Ocean Conservancy,"OCEAN CONSERVANCY, INC.",≤100
167818016571872,Ann & Robert H. Lurie Children's Hospital of Chicago,Ann & Robert H. Lurie Children's Hospital of Chicago,≤100
96935476345,Democratic Governors Association (DGA),Democratic Governors Association,≤100
67553971312,The Century Foundation,"CENTURY FOUNDATION INC, THE",≤100
129240690441636,NAACP Legal Defense Fund,"N. A. A. C. P. LEGAL DEFENSE AND EDUCATIONAL FUND, INC.",≤100
333710103706307,Giffords,GIFFORDS PAC,≤100
1701899883357807,Seed Your Future,Seed Your Future,≤100
109200595768753,The Christian Left,The Christian Left,≤100
103307974592561,Savvy Life Tips,Savvy Life Tips,≤100
140944265994166,Center for Addiction Services and Psychotherapy Interventions Research,a research grant at The National Center on Addiction and Substance Abuse (CASA),≤100
1613516851999536,Sunrise Movement,SUNRISE PAC,≤100
253153019746,Eric Greitens,Greitens for Missouri,≤100
113005536951767,Planted,Andrew West Gardner,≤100
605168822998856,314 Action,314 ACTION FUND,≤100
345504286342057,Keeping America Great Again,RightWingGear.com,≤100
160630887998827,Let Them Live,Let Them Live,≤100
17801244148,Jill Schupp,SCHUPP FOR CONGRESS,≤100
1340560252687219,MISSIO Hair,MISSIO HAIR,≤100
29092950651,TED,TED Conferences,≤100
46785153750,National Fair Housing Alliance,National Fair Housing Alliance,≤100
1836138529938551,Greater Half,Greater Half,≤100
73727120674,Rush University System for Health,Rush University System for Health,≤100
11602044174,Independent Women's Forum,Independent Women's Forum,≤100
30139072158,CARE,CARE,≤100
100201718042226,Cory Eli Oshita for Cook County Circuit Judge,Support Cory Eli Oshita for Circuit Court Judge,≤100
106364329441748,Margaret W. Wong & Associates,"WONG, MARGARET W & ASSOCIATES CO LPA (INC)",≤100
1883837055193241,Shield Republic,Shield Republic,≤100
103402638590,United Planning Organization,UNITED PLANNING ORGANIZATION,109
122345792491083,The Supreme Courts,William David Corriher,≤100
231518367314146,Kim Olson for Congress,KIMFORCONGRESS,≤100
6165653060,AFSCME,AMERICAN FEDERATION OF STATE COUNTY & MUNICIPAL EMPLOYEES,≤100
1081657668631713,Wild Bobby,Yehuda Arye Berman,≤100
108777231824,Manhattan Institute for Policy Research,MANHATTAN INSTITUTE FOR POLICY RESEARCH INC,≤100
24330467048,Americans for Prosperity,AMERICANS FOR PROSPERITY,≤100
166618413413767,Jay Sekulow,American Center for Law and Justice,≤100
101183127996396,Four Is Enough,PACRONYM,≤100
1856668847929536,Do The Most Good,DoTheMostGood,≤100
8815573924,Utah Food Bank,UTAH FOOD BANK,≤100
6851405967,CREDO Mobile,"CREDO MOBILE, INC.",≤100
140730499336721,Upaya Social Ventures,UPAYA SOCIAL VENTURES,≤100
283627317761,Atlanta Mission,ATLANTA UNION MISSION CORPORATION,≤100
10524821940,National Park Foundation,National Park Foundation,≤100
431574684286070,"Melissa Jordan, Delaware County Recorder",The Committee to Elect Melissa Jordan,≤100
132519055631,Farm Animal Rights Movement (FARM),FARM ANIMAL REFORM MOVEMENT INC,≤100
243498882520314,FoodFinder,"FOODFINDER, INC.",≤100
1166660030079480,National Democratic Redistricting Committee,National Democratic Redistricting Committee,≤100
104567660952584,Macomb for Kids,Macomb For Kids,≤100
111375640322925,Immigrants and Friends for Bernie Sanders-2020,Zeljko Radovanovic,≤100
342887442508723,Convention of States,Convention of States Action,≤100
161879897191723,EarthX,EarthX,≤100
118502801658228,Young Kim,Young Kim for Congress,≤100
194377127954,Ladders,These ads ran without a disclaimer,≤100
6422138883,92nd Street Y,92nd Street Y,≤100
7860876103,Joe Biden,BIDEN FOR PRESIDENT,1379
13341879933,Organic Consumers Association,ORGANIC CONSUMERS ASSOCIATION,≤100
1852520761657982,4ocean,4ocean,≤100
7209432197,Chris Coons,CHRIS COONS FOR DELAWARE,≤100
21492729544,Catholic Relief Services,CATHOLIC RELIEF SERVICES - UNITED STATES CONFERENCE OF CATHOLIC BISHOPS,≤100
203677106322266,Hunnid,Hunnid,≤100
589787637733608,Scherie S. Murray,SCHERIE MURRAY FOR CONGRESS,≤100
5633824547,FreedomWorks,"FREEDOMWORKS, INC.",≤100
102986821125273,Lakesia for State Representative,Friends of Lakesia,≤100
57783358482,Airports Council International - North America,Airports Council International - North America,≤100
314463908651,After Fifty Living,Joanne Sullivan Lema,≤100
107929979247766,Teacher's Discovery,Charles Ho Dert Verhey,≤100
147523538641547,Capitol Ministries,CAPITOL MINISTRIES,≤100
381423518599637,"Hill and Ponton, P.A.","Hill and Ponton, P.A.",≤100
471788803642592,Excital Store,Excital Store,≤100