﻿Location Name,Amount Spent (USD)
Alabama,44101
Alaska,11283
American Samoa,≤100
Arizona,171079
Arkansas,25434
California,408745
Colorado,133978
Connecticut,28510
Delaware,10298
Florida,347706
Georgia,114188
Guam,235
Hawaii,12117
Idaho,14164
Illinois,107998
Indiana,50387
Iowa,38013
Kansas,27833
Kentucky,39847
Louisiana,49793
Maine,42742
Maryland,58243
Massachusetts,64465
Michigan,197740
Minnesota,67070
Mississippi,22141
Missouri,56792
Montana,22085
Nebraska,15323
Nevada,36863
New Hampshire,16871
New Jersey,99678
New Mexico,28715
New York,243946
North Carolina,160622
North Dakota,5577
Northern Mariana Islands,≤100
Ohio,118144
Oklahoma,67778
Oregon,47331
Pennsylvania,201739
Puerto Rico,2319
Rhode Island,9175
South Carolina,51016
South Dakota,6053
Tennessee,60868
Texas,317814
Unknown,≤100
Utah,50799
Vermont,7885
Virgin Islands (U.S.),≤100
Virginia,99813
Washington,80447
"Washington, District of Columbia",23364
West Virginia,16095
Wisconsin,96335
Wyoming,5597