﻿Page ID,Page Name,Disclaimer,Amount Spent (USD)
11131463701,truth,TRUTH INITIATIVE FOUNDATION,≤100
1771156219840594,Team Trump,TRUMP MAKE AMERICA GREAT AGAIN COMMITTEE,≤100
202626512363,U.S. Census Bureau,U.S. Census Bureau,≤100
197461723779499,"Vasquez Law Firm, PLLC",William Junior Vasquez,≤100
108794587327155,Good Programs 2020,Trevor Dale Seaks,≤100
15188122178,The Hamilton Collection,The Hamilton Collection,≤100
105108124386482,Irina Kalinina,These ads ran without a disclaimer,≤100
103276821014871,Aileen Galvan for Tax Collector,"Aileen Galvan, Dem. Party, for Monroe County Tax Collector",≤100
720943967965149,AFSCME Retirees,AMERICAN FEDERATION OF STATE COUNTY & MUNICIPAL EMPLOYEES,≤100
6204742571,Sierra Club,SIERRA CLUB,≤100
433364950062784,Power Over Energy,Power Over Energy,≤100
1682876188698809,United for Respect,United for Respect,≤100
143986912311328,University of Vermont Continuing and Distance Education,University of Vermont,≤100
172758932738142,PhRMA,PHARMACEUTICAL RESEARCH AND MANUFACTURERS OF AMERICA,≤100
110206523984709,Rural Not Stupid,Rural Not Stupid,≤100
27544763621,Prison Fellowship,Prison Fellowship,≤100
314499212242,Pfizer,Pfizer Inc.,≤100
38235851310,USA for UNHCR,UNITED STATES ASSOCIATION FOR UNHCR,≤100
7860876103,Joe Biden,BIDEN FOR PRESIDENT,≤100
111622410196045,State of Youth,KidsRights with Facebook ad credits,≤100
100221518205428,Hawaii Counts,Hawaii Community Foundation,≤100
2352630938293825,Mytacticalpromos,Entremax,≤100
169130743498585,Tactical Pro Supply,Chad Keller,≤100
305832706292882,American Gun Association,GunAssociation.org,≤100
203805062990264,Ben Shapiro,The Daily Wire,≤100
1883837055193241,Shield Republic,Shield Republic,≤100
110584643688268,Chander 2020,Balchander Jayaraman,≤100
211095382256023,"Mars, Incorporated","Mars Wrigley Confectionery US, LLC",≤100
160389977329803,ATTN:,ATTN: INC.,≤100
1025055787535714,A Case for Women,A Case for Women,≤100
1316372698453411,Alexandria Ocasio-Cortez,ALEXANDRIA OCASIO-CORTEZ FOR CONGRESS,≤100
105295977816659,Turtle's Journey.Co,Binh Tai Lam Dang,≤100
1819658374974706,Arena,Arena PAC,≤100
7476269851,Congressman Don Young,The Office of Congressman Don Young,≤100
309798029121030,Everytown for Gun Safety,Everytown for Gun Safety Action Fund Inc,≤100
12301006942,Democratic Party,DNC SERVICES CORP./DEM. NAT'L COMMITTEE,≤100
684473794899189,"Sanders Phillips Grossman, LLC",Legal Action Media,≤100
153080620724,Donald J. Trump,TRUMP MAKE AMERICA GREAT AGAIN COMMITTEE,≤100
6726182861,Mike Pence,TRUMP MAKE AMERICA GREAT AGAIN COMMITTEE,≤100
156968474833352,Stop Republicans,Stop Republicans,≤100
2602473023098666,Democratic Polling Center,Democratic Governors Association,≤100
110266808996023,Port of San Diego,SAN DIEGO UNIFIED PORT DISTRICT,≤100
239880129983455,California Term Limits,U.S. Term Limits Inc.,≤100
973725612743156,Cambio Texas,Cambio Texas,≤100
115379705206001,U.S. Department of Homeland Security Blue Campaign,DHS Blue Campaign,≤100
127225910653607,PragerU,PragerU,≤100
186805048171120,U.S. & Texas LawShield,Texas LawShield,≤100
101210588150219,Boy Scouts Abuse Claims,X Social Media LLC,≤100
167586229923327,World Food Program USA,World Food Program USA,≤100
21559454473,FAIR,FEDERATION FOR AMERICAN IMMIGRATION REFORM,≤100
1708467695859543,Veteran Transition Mission,Sonia Ivelisse Barriera Ayala,≤100
345504286342057,Keeping America Great Again,RightWingGear.com,≤100
511996862318810,True Homestead,James Mcdonough,≤100
203197030603239,8 Billion Trees,8 Billion Trees LLC,≤100
8934429638,Planned Parenthood Action,Planned Parenthood Action Fund,≤100