﻿Page ID,Page Name,Disclaimer,Amount Spent (USD)﻿
238473269650980,Capital & Main,CAPITAL & MAIN,≤100
1811299719016313,Kishan for D.C.,Allison Jeanne Kimble,≤100
1719618084947050,"Senator Ed Harbison, 15th District",Georgia State Senate,≤100
201172843320667,Maryland Association of Counties,Maryland Association of Counties,≤100
527517893943355,Worldstrong Athletics,Worldstrong Athletics,≤100
109563262497,The Jewish Federation of Greater Washington,"JEWISH FEDERATION OF GREATER WASHINGTON, INC., THE",≤100
15779440092,National Review,"NATIONAL REVIEW, INC.",≤100
713157118860265,Platypus Oregon,Platypus Affiliated Society Oregon,≤100
73277646827,Trees for the Future,Trees for the Future,≤100
1485046298224624,Betsy Sweet,SWEET FOR SENATE,≤100
452797224923658,Democratic Coalition Against Trump,THE DEMOCRATIC COALITION,≤100
70795936969,Children International,CHILDREN INTERNATIONAL,≤100
8924408197,National Partnership for Women & Families,National Partnership for Women & Families,≤100
711591068911118,Hilaree Nelson,Protect Our Winters,≤100
210455593021382,Health Care Voices,"Health Care Voices, a project of Social Good Fund",≤100
314463908651,After Fifty Living,Joanne Sullivan Lema,≤100
152264148166020,Moms Clean Air Force,Moms Clean Air Force,≤100
392090254579689,The Nazarene Fund,The Nazarene Fund,≤100
383877235817031,Keep America Great,Keep America Great,≤100
43949868082,OutRight Action International,OUTRIGHT ACTION INTERNATIONAL,≤100
104006944272732,Honest Arizona,Advancing AZ,≤100
22877548156,Earth Day Network,EARTH DAY NETWORK INC,≤100
144850842237429,Independentvoting.org,Independent Voting (IndependentVoting.org),≤100
156968474833352,Stop Republicans,Stop Republicans,≤100
51379424899,Mercy Ships,MERCY SHIPS INTERNATIONAL,≤100
911828698840246,ReLEntless Defender Apparel,ReLEntless Defender Apparel,≤100
30792325085,Bipartisan Policy Center,"BIPARTISAN POLICY CENTER, INC.",≤100
103646064618386,The Judge Show - James Judge,James Patrick Judge Jr.,≤100
113193283653377,Healthy Decisions,Megan Kristen Hall,≤100
100666038243915,Trump Flag 2020,Gold Sky Ventures LLC,≤100
153278754738777,Climate Reality,The Climate Reality Project,≤100
168051710543266,Friends of Lacy Johnson,Lacy Johnson for Congress,≤100
100423268274562,DIY Crafts,These ads ran without a disclaimer,≤100
257019421075897,Cory Gardner,Cory Gardner for Senate,≤100
175797376373,"WaterFurnace Geothermal Heating, Cooling & Hot Water",These ads ran without a disclaimer,≤100
780606555331010,American Student Loan Advocate,ASLR Marketing,≤100
97466887664,Innocence Project,"INNOCENCE PROJECT, INC., THE",≤100
5435784683,Greenpeace USA,"GREENPEACE, INC.",≤100
133937690180,Student Conservation Association,Student Conservation Association,≤100
15687409793,World Wildlife Fund,World Wildlife Fund,≤100
151757038879920,Alyse Galvin for Congress 2020,ALYSE FOR ALASKA,≤100
971668776283950,PolicyEd,Hoover Institution,≤100
376638603087168,Save The Earth,8 Billion Trees LLC,≤100
389119978332258,We Are Apartments,The National Association of Apartments and the National Multifamily Housing Council,≤100
136126341809,American Bird Conservancy,American Bird Conservancy,≤100
102940184545425,Brigid Callahan Harrison for Congress,Brigid for South Jersey,≤100
461530314600399,Common Sense American Politics,Common Sense American Politics,≤100
24470472733,The Trevor Project,The Trevor Project,≤100
7219151423,The Fund for American Studies (TFAS),The Fund for American Studies,≤100
100935474627180,Lisa Savage for US Senate,LISAFORMAINE,≤100
1316372698453411,Alexandria Ocasio-Cortez,ALEXANDRIA OCASIO-CORTEZ FOR CONGRESS,≤100
101446898176303,Healthy Good Times,ECOMX LLC,≤100
221416561801,Thomas B. Fordham Institute,Thomas B. Fordham Institute,≤100
109200595768753,The Christian Left,The Christian Left,≤100
100454114890902,Wise Choice 2020,Wise Choice 2020,≤100
150451082120925,The other 54%,Gregory M Berube,≤100
399067003454888,Sudan Relief Fund,Sudan Relief Fund Inc,≤100
353682792005802,Heather Mulligan Begley for Judge,Committee to Elect Heather Begley for Judge,≤100
143021112391265,Jacobin magazine,Jacobin Foundation,≤100
182723117043,Chicago Council on Global Affairs,"CHICAGO COUNCIL ON GLOBAL AFFAIRS, THE",≤100
22898109808,Grist.org,Grist Magazine,≤100
115403471809909,Plastic Oceans,PLASTIC OCEANS INTERNATIONAL,≤100
109881057200996,Jones42,Matthew P Jones,≤100
193675533982095,Ryan D. Chamberlin,Ryan Chamberlin for Congress,≤100
105953890782784,The Factual,The Factual,≤100
106875060931336,National News Flash,Denisia Monea Williams,≤100
1747132688647028,Democratic Association of Secretaries of State,Democratic Association of Secretaries of State,≤100
277005566267077,Blueland,Blueland,≤100
198296877515470,Switch4Good,Switch4Good,≤100
320738328865866,Arati Kreibich for Congress NJ5,ARATI FOR CONGRESS,≤100
329272720965256,GALvanize USA,GALvanize USA,≤100
692143357580562,64 Parishes,Louisiana Endowment for the Humanities,≤100
53541257714,The Arc of the United States,"ARC OF THE UNITED STATES, INC., THE",≤100
105992814375720,3M Lawsuit For Vets,Alejandro Giovann Caracoza,≤100
105060269781,Premiere Collectibles,"Premiere Marketing, Inc.",≤100
369214063089791,Lummis for Wyoming,LUMMIS FOR WYOMING INC.,≤100
1852520761657982,4ocean,4ocean,≤100
6500552187,Hulu,"HULU, LLC",≤100
140540983217409,Social Clothing Co.,Social Clothing,≤100
37892661587,JDC,JDC,≤100
8057376739,The Nature Conservancy,Nature Conservancy,≤100
108687773798767,"Shut Down DC-Climate Strike Washington, DC",DC Action Fund Corporation,≤100
109349507328179,Bernie Or Busters,Eric Christopher Mack,≤100
44224524016,American Kidney Fund,"AMERICAN KIDNEY FUND, INC.",≤100
228754857151053,House Majority PAC,House Majority PAC,≤100
260075957396036,Campbell Wealth Management,Kelly Peter Campbell,≤100
168452723312821,Chisholm Chisholm & Kilpatrick LTD,Chisholm Chisholm & Kilpatrick LTD,≤100
139599847972,National Nurses United,National Nurses United,≤100
950998258312654,Knowhere,"Knowhere, Inc.",≤100
218676881551760,CRY America Inc.,"CRY, Child Rights and You America Inc",≤100
236312179825896,Republican Main Street Partnership,REPUBLICAN MAIN STREET PARTNERSHIP INC,≤100
87186661244,Johns Hopkins Bloomberg School of Public Health,Johns Hopkins Bloomberg School of Public Health,≤100
608896929582416,Kali Barnett for Kansas,Kali for Kansas,≤100
16477459734,League of Conservation Voters,"LEAGUE OF CONSERVATION VOTERS, INC",≤100
100195511560092,Injury Compensation Center,Injury Compensation Center,≤100
10423517786,Harvard Business Review,HARVARD BUSINESS SCHOOL PUBLISHING CORPORATION,≤100
80313731878,The Network - Advocating Against Domestic Violence,CHICAGO METROPOLITAN BATTERED WOMENS NETWORK,≤100
547176209061125,Medicare for All NOW,Medicare For All NOW!,≤100
560140464159364,Stand for the 2nd Amendment,SFT2 Tactical Supply,≤100
219247332354785,Phil Arballo for Congress,ARBALLO FOR CONGRESS,≤100
115364585711,Lawyers' Committee for Civil Rights Under Law,LAWYERS' COMMITTEE FOR CIVIL RIGHTS UNDER LAW,≤100
375760676281438,Mermaid Straw,Mermaid Straw,≤100
15503839732,Peter G. Peterson Foundation,Peter G. Peterson Foundation,≤100
121388362246,Goldman Sachs,Goldman Sachs & Co.,≤100
273546779885377,The Gallant Pelham,"The Gallant Pelham, LLC",≤100
109163063823636,Adrienne for Kansas,FOSTER FOR KANSAS,≤100
458969224264762,Caleb Howe,Caleb Thomas Howe,≤100
26006662641,Arizona Democratic Party,Arizona Democratic Party,≤100
6787988478,Physicians for Human Rights,"PHYSICIANS FOR HUMAN RIGHTS, INC.",≤100
185740015159478,340B Matters,340B Matters,≤100
112942500238297,Trees4Australia,Trees4Australia,≤100
101304331288112,Sean Mooney,Committee to Elect Sean Mooney,≤100
125649561365522,J.D. Scholten,SCHOLTEN4IOWA CAMPAIGN COMMITTEE,≤100
113051076740752,David Willingham for Cobb County State Court,Friends of Willingham for Cobb State Court,≤100
304600892905134,Hillsdale College Online Courses,HILLSDALE COLLEGE,≤100
466279197281062,Slay The Dragon,Magnolia Pictures,≤100
106215047605899,Scott Cornuaud for Hunt County Attorney,Scott Allan Cornuaud,≤100
172758932738142,PhRMA,PHARMACEUTICAL RESEARCH AND MANUFACTURERS OF AMERICA,477
104245131196246,Jordan Richard,Jordan Eric Richard,≤100
186932688457686,CHNGE,CHNGE,≤100
81517275796,UNICEF USA,UNITED STATES FUND FOR UNICEF,111
113721100093250,"Dr. Kunnel, Radhika ""RPK"" for Assembly District 2",Committee to elect Radhika Kunnel,≤100
98912141410,American Forests,American Forests,≤100
1404914223144340,Great Big Story,"Turner Broadcasting Sales, Inc",≤100
182079698493370,Portside,Portside,≤100
121067011091,Arab American Institute,Arab American Institute Foundation,≤100
105538624356773,My Kitchen Savior,Nicole Alexa Lebel,≤100
101210588150219,Boy Scouts Abuse Claims,X Social Media LLC,≤100
777657635932867,Blessings Through Action,Blessings Through Actions,≤100
397548920857340,PG Census 2020,Maryland-National Capital Park and Planning Commission,≤100
1000141133453662,Girl Gang Craft,Phoebe B Sherman,≤100
141373209280703,Michael Rapaport,These ads ran without a disclaimer,≤100
97830335456,Patagonia,"PATAGONIA, INC.",≤100
387887044562107,Michael Folk for West Virginia Governor,Michael Folk for Governor,≤100
106780677544893,Good Karma Mart,Good Karma Mart LLC,≤100
108736064097262,American Family Programs,Penelope Mylynn Nguyen,≤100
260131294484,Bethesda Lutheran Communities,Bethesda Lutheran Communities,≤100
38235851310,USA for UNHCR,UNITED STATES ASSOCIATION FOR UNHCR,107
107761702578379,American Institute for Cancer Research - AICR,American Institute for Cancer Research,≤100
108777231824,Manhattan Institute for Policy Research,MANHATTAN INSTITUTE FOR POLICY RESEARCH INC,≤100
305380096638473,Charles Booker,BOOKER FOR KENTUCKY,≤100
278490715553293,Martha McSally,MCSALLY FOR SENATE INC,≤100
152258821985032,Disrupt Aging,AARP,≤100
192448150001,Jeff Anderson & Associates,Jeffrey R Anderson PA,≤100
551158678560402,Epimonia,Epimonia LLC,≤100
203550842430,Mike Lee,FRIENDS OF MIKE LEE INC,≤100
404164463091452,Chas Castell,Charles William Peter Castell,≤100
9316648525,The Chicago School of Professional Psychology,TCS Education System,≤100
854748721570632,A Second Opinion,Motus Creative Group,≤100
169277310432049,"Texas Precision Optics, Inc.",Texas Precision Optics Inc,≤100
394817334402124,2020 Trump Bill,Innovative Ecomm LLC,≤100
92021268117,Working America,Working America,≤100
111393882812494,Amy McGrath,"AMY MCGRATH FOR SENATE, INC.",≤100
2217400561854578,Kimberly Graham for US Senate - D-Iowa,KIMBERLY FOR IOWA,≤100
137427899615856,"Central Union Mission, DC",CENTRAL UNION MISSION (INC),126
111226867129700,Prideful Patriots,Prideful Patriots,≤100
292018201259366,We Raise Foundation,WE RAISE FOUNDATION,≤100
161186620643972,American Institute for Economic Research,AMERICAN INSTITUTE FOR ECONOMIC RESEARCH,≤100
196217197990683,"Tinsley Surgical, P.A.",These ads ran without a disclaimer,≤100
519590768083165,Abby Finkenauer for Congress,FINKENAUER FOR CONGRESS,≤100
403716816314673,Lee Saunders,AMERICAN FEDERATION OF STATE COUNTY & MUNICIPAL EMPLOYEES,≤100
819607471729183,Dr. Al Gross for US Senate,DR. AL GROSS FOR U.S. SENATE,≤100
203805062990264,Ben Shapiro,The Daily Wire,≤100
18982436812,ACLU,American Civil Liberties Union,≤100
54580146753,Faith in Action,Faith in Action,≤100
115848097551,Institute for Women's Policy Research,Institute for Women's Policy Research,≤100
98039565779,Public Affairs Council,Public Affairs Council,≤100
46508415624,Scott Taylor,Scott Taylor for Congress 2020,≤100
1482947308676311,Topdust,cleancult,≤100
342887442508723,Convention of States,Convention of States Action,≤100
111702860231554,Matt Lieberman,Matt Lieberman for Senate,≤100
213792049451918,Stand For America Now,Stand For America Inc,≤100
159085947564255,American Sugar Alliance,American Sugar Alliance,≤100
2353115591423642,James Brown for Montana Public Service Commission,jamesbrown4psc,≤100
1819658374974706,Arena,Arena PAC,≤100
300103172268,Pacific Battleship Center - Battleship USS Iowa,Jonathan Thompson Williams,≤100
375679954510,What Took You So Long?,These ads ran without a disclaimer,≤100
360398091311995,DC Census,DC Office of Planning - DC Census 2020,195
8047221596,Save the Children US,"SAVE THE CHILDREN FEDERATION, INC.",≤100
122773549121265,President Trump for Nobel Peace Prize 2020,Tarek None Kteleh,≤100
39006887293,Victory Enterprises,"Victory Enterprises, Inc.",≤100
108180596030668,Elizabeth Dole Foundation,Elizabeth Dole Foundation,≤100
112252320119719,"Aycha Sawa, CPA for Comptroller",Aycha Sawa for Milwaukee City Comptroller,≤100
110177119192569,Knightscope,William Li,≤100
590806791253037,The AJAM,Arish None Jamil,≤100
109866783838178,Friends of Jason Atkinson,Friends of Jason Atkinson,≤100
190987118163092,Connected Clothing Company,Connected Clothing Company,≤100
115617711783870,Center for Union Facts,CENTER FOR UNION FACTS,≤100
1014291495249813,Politicon,Politicon,≤100
207833736045744,MHAction.org,Kevin R Borden,≤100
499379343409991,Impact Fund,"IMPACT FUND, THE",≤100
96826022393,Yale Environment 360,Yale Environment 360,≤100
28446275521,Military Officers Association of America (MOAA),Military Officers Association of America,≤100
6213734772,AHA Foundation,AHA Foundation,≤100
315170549321392,Slightly Sophisticated,Slightly Sophisticated,≤100
348973409274904,Velvet Hamster,Velvet Hamster,≤100
104325844436320,US Dollar Reports,US Dollar Reports,≤100
24330467048,Americans for Prosperity,AMERICANS FOR PROSPERITY,≤100
124098128982982,VoteMatt4HoCo,Friends of Matt Levine,≤100
157810487611661,Freethink,Freethink,≤100
137459917707,The Brookings Institution,The Brookings Institution,≤100
106883907479649,HUPAC - Health Underwriters Political Action Committee,NATIONAL ASSOCIATION OF HEALTH UNDERWRITERS PAC (HUPAC),≤100
971463449533074,Nate McMurray for Congress,NATE MCMURRAY FOR CONGRESS,≤100
652735891861686,Ben Loyola,BEN LOYOLA FOR CONGRESS,≤100
170582513587720,Liberty Through Wealth,The Oxford Club,≤100
1402827079932843,Low Income Relief,The Lighthouse Information Network LLC,≤100
501948036662661,Kristine Reeves,KRISTINE REEVES FOR CONGRESS,≤100
109205663852133,Southern Sustainability,Energy Media,≤100
136211573758668,State Representative Steve Allison,Steve Allison,≤100
170918006892,G.I. Jobs,Victory Media DBA GI Jobs,≤100
7962229886,Environmental Working Group,ENVIRONMENTAL WORKING GROUP,≤100
114314450118087,Darma for City Council 37,Darma V Diaz CD37,≤100
101589521232053,Dani Brzozowski,DANI FOR ILLINOIS,≤100
79743808136,NAIS -- National Association of Independent Schools,"NATIONAL ASSOCIATION OF INDEPENDENT SCHOOLS, INC.",≤100
29092950651,TED,TED Conferences,≤100
147523538641547,Capitol Ministries,CAPITOL MINISTRIES,≤100
510680265702016,Crowned Free,Crowned Free,≤100
355956634503101,One Tax For All,ONE TAX FOR ALL,≤100
109111900634787,Reverend Raphael Warnock,WARNOCK FOR GEORGIA,≤100
514167322309353,Dan Crenshaw,Dan Crenshaw for Congress,≤100
23362993101,Center for Immigration Studies,CENTER FOR IMMIGRATION STUDIES,≤100
122174836956,Big Cat Rescue,BIG CAT RESCUE CORP.,≤100
120547365195,National LGBTQ Task Force,National LGBTQ Task Force,≤100
332716170522025,America First Action,America First Action,≤100
100123544800892,Disme Coin Company,Byron Michael Laughlin,≤100
434635993263210,"King County, Washington - Government","King County, WA",≤100
431099560800970,Front Page Live,"Front Page Live, Inc.",≤100
289359554914740,We Have A Stake,The ANCOR Foundation,≤100
7292655492,MoveOn,MOVEON.ORG CIVIC ACTION,≤100
112600915451330,No Labels,No Labels,≤100
114815188528887,Neighborhood Nurse,Kristina Anne Larsen,≤100
376990832355915,National Women's Coalition Against Violence & Exploitation (NWCAVE),Michelle Ann Bart,≤100
142957224352,International Medical Corps,International Medical Corps,≤100
103384664607891,Gilbert Simon MD,Gilbert Simon MD,≤100
164513254148611,America's Voice News,Barbara Jean Lawrence,≤100
101181794707874,United Research Group,United Research Group,≤100
1925751504337881,MJ for Texas,MJ FOR TEXAS,≤100
72931140459,Center for Biological Diversity,"CENTER FOR BIOLOGICAL DIVERSITY, INC.",≤100
305832706292882,American Gun Association,GunAssociation.org,≤100
96935476345,Democratic Governors Association (DGA),DEMOCRATIC ACTION,≤100
314499212242,Pfizer,Pfizer Inc.,≤100
29776517202,Second Harvest Heartland,SECOND HARVEST HEARTLAND,≤100
253791814655400,Doug Collins,"COLLINS FOR SENATE, INC.",≤100
629742243712069,The Kennedy Forum,Mental Health Leadership Initiative,≤100
56332452163,AMA Patients Action Network,American Medical Association,≤100
2346217618936823,Kendra Horn for Congress,KENDRA HORN FOR CONGRESS,≤100
468906559794011,LaunchGood,LaunchGood Inc.,≤100
67180895597,National Shrine of St. Jude,The National Shrine of St. Jude,≤100
10331123781,Special Olympics,Special Olympics Inc,≤100
7145381235,American Jewish World Service - AJWS,"AMERICAN JEWISH WORLD SERVICE, INC.",≤100
1449461518652183,4Patriots,4Patriots LLC,≤100
1864721517082089,Democratic Attorneys General Association,Democratic Attorneys General Association,≤100
12683623041,Society for Human Resource Management (SHRM),SOCIETY FOR HUMAN RESOURCE MANAGEMENT,≤100
103851564652,Waterkeeper Alliance,WATERKEEPER ALLIANCE INC,≤100
163302087408673,Stop The Donald,Stop the Donald,≤100
1212227562288757,Divided We Fall,Divided We Fall,≤100
174009339411865,SmartNews,"SmartNews International, Inc.",≤100
6162159887,The World,The World,≤100
128985777176957,Church Life Journal,Church Life Journal,≤100
109190967329516,Car Headline Bulletin,Abraham Osayomi,≤100
356482637745012,Stansberry Research,Stansberry Research,≤100
11911627997,Pancreatic Cancer Action Network,"PANCREATIC CANCER ACTION NETWORK, INC.",≤100
35169196082,Project HOPE,"PROJECT HOPE-THE PEOPLE-TO-PEOPLE HEALTH FOUNDATION, INC.",≤100
270366089746859,Positive Behavior Supports Corp.,Elizabeth Ann  Focazio,≤100
110061623807565,Kelly Loeffler,Georgians for Kelly,≤100
30914589895,The International Fellowship of Christians and Jews,"INTERNATIONAL FELLOWSHIP OF CHRISTIANS & JEWS, INC.",≤100
49906899425,Ramapo College of New Jersey,Ramapo College of New Jersey,≤100
328853823844484,Balance of Power,Balance of Power,≤100
104933662932387,CreativeFuture,CreativeFuture,≤100
101176014673943,Michelle for Kansas,MICHELLE FOR KANSAS,≤100
612308568954383,Goldilocks Wraps,These ads ran without a disclaimer,≤100
101591551371555,Fire Mitch. Save America.,SAVE AMERICA FUND,≤100
170591064699,Southern Poverty Law Center,"SOUTHERN POVERTY LAW CENTER, INC., THE",≤100
167586229923327,World Food Program USA,World Food Program USA,≤100
67945990059,The American Petroleum Institute,AMERICAN PETROLEUM INSTITUTE,112
96171427550,Raja for Congress,FRIENDS OF RAJA FOR CONGRESS,≤100
993262894116770,Pillars Fund,Pillars Fund,≤100
1836138529938551,Greater Half,Billy Benson,≤100
175149559508478,TreeDiaper,Zynnovation LLC,≤100
219842411373576,Faith Mission,Lutheran Social Services of Central Ohio,≤100
407664862957433,Ammar Campa-Najjar for Congress,AMMAR CAMPA-NAJJAR FOR CONGRESS,≤100
110304423857607,Patriot Wear,Brandon Kyle Fink,≤100
130268756992804,Yale Climate Connections,Yale Climate Connections,≤100
110746996993983,The Gander Newsroom,Courier Newsroom,≤100
56129410661,Justice Policy Institute,SARAH RACHEL ROSE-STERN,≤100
985769721551214,Career Attraction,These ads ran without a disclaimer,≤100
323057528048557,LGBTQ Victory Institute,LGBTQ Victory Institute,≤100
1290536624348001,Informed Immigrant,FWD.us Education Fund,≤100
11791104453,NRDC,Natural Resources Defense Council,≤100
2181403648815959,America United,America United Daily,≤100
111635640430369,Defend the Constitution,David Debatto,≤100
2311489605552071,Customers Who Care,Customers Who Care,≤100
126279571952,Huru International,HURU INTERNATIONAL,≤100
110280253735683,Alexandria Ocasio-Cortez Fan Club,Imran M Jemal,≤100
1945237355733646,Giving Brush,Giving Brush LLC,≤100
127216280686110,Ann Wagner,Ann Wagner for Congress,≤100
6165653060,AFSCME,AMERICAN FEDERATION OF STATE COUNTY & MUNICIPAL EMPLOYEES,≤100
661744180680367,National Police Association,"NATIONAL POLICE ASSOCIATION, INC.",≤100
1668519860031350,Blair Halver,These ads ran without a disclaimer,≤100
114172129975113,Elisa Martinez for New Mexico,ELISA FOR NM,≤100
28889108258,Gospel for Asia,"GOSPEL FOR ASIA, INC.",≤100
1262237997166592,Make America Laugh Again,Samy Abdeslem Chouia,≤100
158791100909689,Concerned Veterans for America,Concerned Veterans for America,≤100
1383869268500535,Medicare World,Medicare World,≤100
100718241380366,American Awakening,SWORD & SPOON ENTERPRISES INCORPORATED,≤100
27549728910,Fairfax County Government,Fairfax County Government,≤100
67553971312,The Century Foundation,"CENTURY FOUNDATION INC, THE",≤100
7474340746,Human Rights First,HUMAN RIGHTS FIRST,≤100
43647453076,familydoctor.org,AMERICAN ACADEMY OF FAMILY PHYSICIANS,≤100
102206620458674,Leaders Igniting Transformation,"Leaders Igniting Transformation Action Fund, Inc.",≤100
279599502172409,Patriot Mobile,Patriot Mobile,≤100
253507715172780,Andy Levin,ANDY LEVIN FOR CONGRESS,≤100
17203056985,Partners In Health,Partners In Health,≤100
1679521432262834,Physicians Grassroots Network,American Medical Association,≤100
1614345772179172,Greg Gianforte,Greg for Montana,≤100
109360297266116,Fearless Patriot,TERESA NONE OHARA-MARSH,≤100
103664744402353,Medicare Saviors,Sean Thomas Hofmans,≤100
203677106322266,Hunnid,Hunnid,≤100
428821014132730,Katie Porter,Katie Porter For Congress,≤100
159964696102,Kevin McCarthy,KEVIN MCCARTHY FOR CONGRESS,≤100
7629206115,The Nation Magazine,"NATION COMPANY, LLC, THE",≤100
308666759175660,Center for Migration Studies of New York,CENTER FOR MIGRATION STUDIES,≤100
192737024112371,TWU Local 556,Transport Workers Union Local 556,≤100
474628202569962,Rescue:Freedom International,RESCUE: FREEDOM INTERNATIONAL,≤100
242960515598,Military Spouse,Victory Media DBA Military Spouse,≤100
95356211637,Ben Ferguson,Ben Ferguson show,≤100
1284735221676638,BELatina News,BELatina News,≤100
108748565833974,Purpose,Purpose,≤100
598924810530984,Keeping America Great,FamTeeWorld,≤100
2196281620653830,Footprint,Footprint,≤100
162616177521935,ACM Strategies,ACM Strategies,≤100
103376804451432,Trending Politics,Making Web LLC,≤100
73970658023,International Rescue Committee,International Rescue Committee,291
178093668911508,"Law Office of Michael D.J. Eisenberg, Attorney and Counselor at Law","Law Office of Michael D.J. Eisenberg, Attorney and Counselor at Law",≤100
112735922758892,Charlie Kirk,Charlie Kirk,≤100
21834534343,Volunteers of America,"VOLUNTEERS OF AMERICA, INC.",≤100
105843050830812,Agent Carla Johnson,These ads ran without a disclaimer,≤100
1295279420598401,Victoria Spartz,Victoria Spartz for Congress,≤100
1000253160054572,Cori Bush,CORI BUSH FOR CONGRESS,≤100
108111910614278,Planet911,Plane 911,≤100
107321130715958,"Ben Marcus for State Representative, District 16",Ben Marcus for State Representative,≤100
1018914308173454,FStop Foundation,"FSTOP FOUNDATION INC, THE",≤100
1653885501501009,Propeller,Propeller Enterprises,≤100
440551812676698,Open The Books,American Transparency,≤100
90705538313,Sheet Metal Air Rail and Transportation Workers,SMART,≤100
292351509697,Jerusalem Prayer Team,Jerusalem Prayer Team,≤100
1934158976830122,Sean Casten for Congress,CASTEN FOR CONGRESS,≤100
80562389320,NARAL Pro-Choice America,NARAL Pro-Choice America,≤100
166618413413767,Jay Sekulow,American Center for Law and Justice,≤100
42940254353,Human Rights Watch,"HUMAN RIGHTS WATCH, INC.",≤100
169597416843751,Stand Up America,Stand Up America,≤100
182620315479,Plan International USA,Plan International USA,≤100
5633824547,FreedomWorks,"FREEDOMWORKS, INC.",≤100
168367339845613,The Humane League,The Humane League,≤100
109968057082674,Dr. Nancy Lawther,"Dr. Nancy Lawther, Non-Partisan, for Miami-Dade School Board District 9",≤100
153446658100252,Lumina Foundation,Lumina Foundation,≤100
360424321432255,Doha Debates,Doha Debates,≤100
187809941803009,IVYPAC,IVYPAC,≤100
112621057029615,Stay Home Save Lives,"Stay Home, Save Lives",≤100
126855128568,FEBC (Far East Broadcasting Company),"FAR EAST BROADCASTING COMPANY, INC.",≤100
13063797831,Ben Ray Luján,PEOPLE FOR BEN,≤100
57846092173,American Bible Society,American Bible Society,≤100
210277954204,The Young Turks,"The Young Turks, Inc.",≤100
602196353633485,Crusade.Live,"Crusade, Inc.",≤100
108512875350,The Atlas Society,The Atlas Society,≤100
332172544231683,America's Plastic Makers,"AMERICAN CHEMISTRY COUNCIL, INC.",≤100
504509279946722,Robin Wilt For Congress,ROCHESTER FOR ROBIN,≤100
6355254859,Michael McCaul,Congressman Michael McCaul,≤100
121033149320,American Indian College Fund,"AMERICAN INDIAN COLLEGE FUND, THE",≤100
104851617686932,Concealed Country,Concealed Country,≤100
101278054704505,Scipio 2020 Florence City Council,Osbbie Kimbrell Scipio,≤100
656263988182462,Bill Hagerty,TEAM HAGERTY,≤100
8914040942,Chesapeake Bay Foundation,"CHESAPEAKE BAY FOUNDATION, INC., THE",112
372439495935,Mel Trotter Ministries,MEL TROTTER MINISTRIES,≤100
2254455051442790,Flag and Cross,Flag & Cross,≤100
914697298671821,Dr. Jené Walker,These ads ran without a disclaimer,≤100
265268336865693,Do Amore,Do Amore Limited Company,≤100
1701899883357807,Seed Your Future,Seed Your Future,≤100
345378512258813,Elise Stefanik,ELISE FOR CONGRESS,≤100
150681061641282,Tri-State G&T,Tri-State Generation Transmission Association Inc,≤100
18780321251,American Chemistry,"AMERICAN CHEMISTRY COUNCIL, INC.",≤100
108862184052039,ROMTech,"ROM Technologies, Inc.",≤100
433364950062784,Power Over Energy,Power Over Energy,≤100
110151130591161,News Outbreak,Carl Harmon Jr.,≤100
101336841260036,The Christie Institute for Public Policy,The Christie Institute for Public Policy Inc.,≤100
683872625157265,Theresa Greenfield,THERESA GREENFIELD FOR IOWA,≤100
7483836629,Ancestry,Ancestry.com Operations Inc.,≤100
169130743498585,Tactical Pro Supply,Chad Keller,≤100
513785465632396,Airline Passengers for Justice,Airline Passengers for Justice,≤100
102320684634153,Care to Talk Show,Gary Keith Ritterstein Ii,≤100
248262725706461,Power The Future,Power The Future Inc,≤100
363741920768563,RTBiQ Political,RTBiQ Political,≤100
18983389920,Open Society Foundations,Open Society Foundations,≤100
434616383688551,Ocean & Co.,Ocean & Co,≤100
1271490519602575,Jeff Dove for Congress,JEFF DOVE FOR CONGRESS,≤100
384006901653736,The Moore Charitable Foundation,Moore Charitable Foundation,≤100
263210730984251,We Are Great Again Pac,WE ARE GREAT AGAIN PAC,≤100
2189265054726827,Liberty Tee Shop,www.libertyteeshop.com,≤100
153080620724,Donald J. Trump,TRUMP MAKE AMERICA GREAT AGAIN COMMITTEE,≤100
112611923595310,Linda Colbert for Mayor,Linda Colbert for Mayor,≤100
811900825495982,Niskanen Center,The Niskanen Center,≤100
6204742571,Sierra Club,SIERRA CLUB,≤100
1585761838387907,Unity College Online,Unity College,≤100
1438553336457672,Fair Housing Council of Greater San Antonio,SAN ANTONIO FAIR HOUSING COUNCIL INC,≤100
114989253202136,Consumer Protection Law,Sift Legal Marketing,≤100
1432327983677583,Jobble,These ads ran without a disclaimer,≤100
39432041915,Capital Research Center,CAPITAL RESEARCH CENTER INC,≤100
182193211815005,Issue One,Issue One,≤100
192013990902459,Roy Cooper,Cooper For North Carolina,≤100
169204449790211,Conservative News Today,"BizPac Review, Inc.",≤100
94047978366,PCCC - BoldProgressives.org,PROGRESSIVE CHANGE CAMPAIGN COMMITTEE,≤100
380377548641697,Elect Chris Steverson to  Georgia House District 149,Christopher William Steverson,≤100
1545826148838592,Trump 2020,Gregory Lawrence Burright,≤100
134696280446,Central Pennsylvania Food Bank,CENTRAL PENNSYLVANIA FOOD BANK,≤100
114530700443,Food Bank of Contra Costa and Solano,Food Bank of Contra Costa & Solano,≤100
989115077828893,John Muir Project of Earth Island Institute,John Muir Project,≤100
126248487428598,"Church Mutual Insurance Company, S.I.",CHURCH MUTUAL INSURANCE COMPANY,≤100
48818254473,Alexander Street,PROQUEST LLC,≤100
858210161010020,Tom Malinowski for Congress,Tom Malinowski for Congress,≤100
23875187730,Feeding America,Feeding America,≤100
260366367717440,Committee to Protect Medicare,Committee to Protect Medicare,≤100
164427643612907,Futures Without Violence,Wendi Lea Aarons,≤100
8325302025,Friends of the Earth U.S.,Friends of the Earth,≤100
101481584557260,Help Asheville Bears-HAB,Heather Christina Williams,≤100
175403889150682,FindLaw.com,FindLaw Consumer,≤100
23790541544,Democrats,DCCC,≤100
109175084014970,Trump Style,Tyrone None Byers,≤100
792668760881092,High Ball Time with your Uncle Otis,Patrick Joseph Fant,≤100
268311603350722,The American Independent,The American Independent,≤100
588762121302996,Black Superwoman Chronicles,Delisha Denise Sylvester,≤100
1892187271040911,FreedomWorks Foundation,FreedomWorks Foundation,≤100
106136417435051,Iwantmyoceanback,Iwantmyoceanback,≤100
104760636770,Vera Institute of Justice,"Vera Institute of Justice, Inc.",≤100
1055873511190792,Hello Resistance,Hello Resistance Apparel,≤100
2225580284361712,Tommy Tuberville,"TUBERVILLE FOR SENATE, INC.",≤100
102617961152741,Barbara Bollier,BOLLIER FOR KANSAS,≤100
313723095478950,The Daily Citizen,Focus on the Family,≤100
1664959567149320,Wholesome Culture,Wholesome Culture,≤100
6851405967,CREDO Mobile,"CREDO MOBILE, INC.",≤100
80080296729,The Greater Boston Food Bank,"GREATER BOSTON FOOD BANK, INC., THE",≤100
111430667130680,Jimmy Holbrook For Commissioner,Lebron Jimmy Charles Holbrook,≤100
91346559231,Democratic Legislative Campaign Committee - DLCC,Democratic Legislative Campaign Committee,≤100
97493741436,John W. Hickenlooper,HICKENLOOPER FOR COLORADO,≤100
161879897191723,EarthX,EarthX,≤100
2223151871134889,Trump45Merch,Thomas Charles Granack,≤100
295533050495998,Abogado de Inmigracion Jorge Rivera - Immigration Group LLC,Michael A Castillo,≤100
856208611420219,Christina Finello,FINELLO FOR CONGRESS,≤100
7341997111,Conservation International,Conservation International,≤100
101202938057197,Phil Gardner,PHIL GARDNER FOR CONGRESS,≤100
85452072376,Newsmax,Newsmax Media,≤100
101662321369876,WGL Energy,WGL Energy,≤100
110035463860647,Trump Signs,Bankov Enterprises LLC,≤100
394707496275,Threads 4 Thought,Threads 4 Thought,≤100
34362997676,United States Holocaust Memorial Museum,UNITED STATES HOLOCAUST MEMORIAL MUSEUM,≤100
987698164585861,Citizen Ed,Citizen Education,≤100
1502597423327057,Rep. Doug LaMalfa,Rep. Doug LaMalfa,≤100
100437734826584,Sayers For Congress,SAYERS FOR CONGRESS,≤100
911845658833043,I Am An Immigrant,FWD.us Education Fund,≤100
324388020982326,Fulfill,Fulfill Monmouth & Ocean,≤100
67626834312,National Women's Law Center,National Women's Law Center,≤100
100401327980848,National Parents Union,National Parents Union,≤100
124626320898336,Catholic Extension,"CATHOLIC CHURCH EXTENSION SOCIETY OF THE UNITED STATES OF AMERICA, THE",≤100
104399301183506,Ban-AR-Now,Ban AR Now,≤100
100577113613446,Rock Your Bathroom,SK LANG Products,≤100
110749446963570,Courier,Courier Newsroom,≤100
77852784853,Absolut,Pernod Ricard USA,≤100
323083351064533,The News Literacy Project,The News Literacy Project,≤100
129278807814364,Welcome.,Welcome.,≤100
1658135304460341,MANG,MANG,≤100
102756811269921,Fellow Americans,Fellow Americans,≤100
97261063097,Global Fund for Women,"GLOBAL FUND FOR WOMEN, INC., THE",≤100
1628679613829742,Josh Hicks,Josh Hicks for Congress,≤100
130912793621553,Food Bank For New York City,Food Bank For New York City,≤100
241994476248897,Wild Minimalist,Wild Minimalist,≤100
110553206990630,"Newport News School Board Member- Marvin Harris, ""A Children's Champion"".",Marvin Lee Harris,≤100
56780242206,Agros International,Sierra Hana Golden,≤100
7192716362,Amnesty International USA,Amnesty International USA,≤100
347063211984370,Fed of American Hospitals,Federation of American Hospitals,≤100
306591716448427,Cindy Axne,CINDY AXNE FOR CONGRESS,≤100
148205145252473,Backcountry Hunters & Anglers,Backcountry Hunters & Anglers,≤100
194377127954,Ladders,These ads ran without a disclaimer,≤100
525171637666780,Sandy Piña California Delegate,RCR,≤100
334748476594191,Rodney Davis,Rodney for Congress,≤100
19746387261,Humane Society International,Humane Society International,≤100
260366367717440,Committee to Protect Medicare,Committee to Protect Medicare PAC,≤100
1340560252687219,MISSIO Hair,MISSIO HAIR,≤100
378564186275256,Bill Olson,William Olson for Congress,≤100
421071442006280,Jacob Campbell for Legislature,FRIENDS OF JACOB CAMPBELL INC,≤100
110909022379213,Re-Elect Nydia Velázquez To Congress,Committee to Re-Elect Nydia M. Velázquez to Congress,≤100
939489182849039,Ruben Major,Ruben Major for Oceanside Mayor,≤100
107199049318619,Friends of Derek Kilmer,PEOPLE FOR DEREK KILMER,≤100
7090829369,Peter DeFazio,DEFAZIO FOR CONGRESS,≤100
1666922183524165,ReThink Energy NJ,ReThink Energy NJ,≤100
134452023239984,Human Coalition,Human Coalition,≤100
100256754899828,Patriot's Cave,Patriot's Cave,≤100
497741237272262,Susan Wild for Congress,Susan Wild for Congress,≤100
155818016761,First 5 LA,First 5 LA,≤100
9694956217,Animal Legal Defense Fund,ANIMAL LEGAL DEFENSE FUND,≤100
166166843531258,National Council of Resistance of Iran - شورای ملی مقاومت ایران,MEK-Iran (Saeid Saadati),≤100
296356694135040,Goods Unite Us,Goods Unite Us,≤100﻿
842721202508267,Diaz Campaigns,Diaz Campaigns,≤100
458142697588014,AARP Public Policy Institute,AARP,≤100
105610970947657,MY 2A GEAR,Leon Mckensizy Dunn,≤100
665345483483486,NRA - National Rifle Association of America,NATIONAL RIFLE ASSN OF AMERICA,≤100
1809136919401174,Representative Toby Overdorf,Toby Overdorf for State Representative,≤100
104448071128968,Live Well & Healthy,These ads ran without a disclaimer,≤100
26689153393,Muslim Public Affairs Council - MPAC,MUSLIM PUBLIC AFFAIRS COUNCIL,≤100
8895898655,Rainforest Alliance,"RAINFOREST ALLIANCE, INC.",≤100
100256754899828,Patriot's Cave,Lucky Shot USA,≤100
2118255895111228,Nail Arts Addict,These ads ran without a disclaimer,≤100
460844281074800,Tiny Trump,Eric D Corriel,≤100
1389807071117013,Lynn Afendoulis,Lynn Afendoulis for Congress,≤100
118303441570966,Home Ownership Matters,NATIONAL ASSOCIATION OF REALTORS,≤100
455147011996099,The Ann and Phelim Scoop,The Unreported Story Society,≤100
101163924751541,The College Conservatives,Keith Koontz,≤100
327202261326682,Stephanie Bice,Bice for Congress,≤100
192801900825328,Kimberly Dudik,Friends of Kimberly Dudik,≤100
165987503528599,Lindsey Graham,"TEAM GRAHAM, INC.",≤100
374848446414965,Pollking,Benjamin Aaron Perlman,≤100
420785874975425,Conservative Institute,The Conservative Institute,≤100
64064370581,North Texas Food Bank,North Texas Food Bank,≤100
738298126313472,John Thomas Political Strategist,The Thomas Guide Show,≤100
137403894741,"Haven of Rest Ministries Akron,OH","HAVEN OF REST MINISTRIES, INCORPORATED",≤100
168876449866088,The Years Project,The Years Project,≤100
834645469890446,Devin Nunes,DEVIN NUNES CAMPAIGN COMMITTEE,≤100
1092340954202973,Maya Rockeymoore-Cummings for Congress,Maya Rockeymoore-Cummings for Congress,≤100
108746510732149,Trump Mats,Conservative Movers,≤100
113784851983291,Friends of Bill Henry,Friends of Bill Henry,≤100
275908853303174,Pro-Israel America,"Pro-Israel America, Inc.",≤100
136299005939,Heifer International,HEIFER PROJECT INTERNATIONAL,≤100
383677738397139,Association for Accessible Medicines,Association for Accessible Medicines,≤100
617037072140415,420 Waldos Watch,Time Concepts,≤100
872842866161157,One Nation Design,One Nation Design,≤100
300199557012,Medina Law Group,"Medina Law Group, LLC",≤100
332642190140781,Stop the left,THOMAS S MARKOWSKI 3RD,≤100
415495255196708,Joel Engardio,Engardio for District 7 Supervisor 2020 FPPC #1420655 Financial disclosures available at sfethics.org,≤100
533347293669517,Great American Era,Great American Era,≤100
291070360576,Latino Economic Development Center,"LATINO ECONOMIC DEVELOPMENT CORPORATION OF WASHINGTON, D.C.",≤100
111428049989,Cal Cunningham,CAL FOR NC,≤100
1385294418360578,Linda Koop,KOOP FOR TEXAS,≤100
887139178003592,The Dean Obeidallah Show,The Dean Obeidallah Show,≤100
1050320055029012,Outrider Foundation,OUTRIDER FOUNDATION,≤100
175548090797,House Conservatives Fund,HOUSE CONSERVATIVES FUND AND NOT AUTHORIZED BY ANY CANDIDATE OR CANDIDATE’S COMMITTEE,≤100
36474716066,Color Of Change,COLOROFCHANGE.ORG,≤100
207901812670026,theSkimm,"TheSkimm, Inc",≤100
100137754724934,Trump 2020 Supporters,Proud Right Winger,≤100
467503009987109,"Healthy Forests, Healthy Communities","Healthy Forests, Healthy Communities",≤100
648335462024721,Haley Stevens,HALEY STEVENS FOR CONGRESS,≤100
304062610300415,VozWire,Gregson E Mathe,≤100
102389457864860,Treehuggers Bracelets,ECOMX LLC,≤100
6279167307,Easterseals,Easterseals,≤100
222811984421691,Cold Bee Gone,Joyce K C None Dales,≤100
577214555786847,Lessons from Military History,Hoover Institution,≤100
86649244630,Citizen Action of Wisconsin,"CITIZEN ACTION OF WISCONSIN, INC.",≤100
465483726908192,iVote,IVote Civic Education Fund,≤100
105069107799184,Spread Love Everywhere You Go,Shi Yuan Ge,≤100
107100124240210,Virginia Energy Savings Program,Virginia Energy Savings Program,≤100
121626482110,Operation Smile,"OPERATION SMILE, INC.",≤100
1515578192021449,WHOLETONES,Wholetones Inc.,≤100
130945114804,World Jewish Congress,WORLD JEWISH CONGRESS AMERICAN SECTION INC,≤100
1837356789847797,Fulcrum News,David George Seaman,≤100
709046012792616,National Audubon Society Action Fund,National Audubon Society Action Fund,≤100
148485621883625,40 Days for Life,40 Days for Life,≤100
46347342434,EMILY's List,EMILY'S LIST,≤100
23516382545,B Corporation,B LAB COMPANY,≤100
218721288205051,Thomas Massie,Thomas Massie for Congress,≤100
473191156175163,EDF Action,Environmental Defense Action Fund,≤100
1626818077381131,Mike Hallquist for Brookfield,Michael Nolan Hallquist,≤100
1438882392887793,ADF Church Alliance,Alliance Defending Freedom,≤100
76050196975,Light of Life Rescue Mission,LIGHT OF LIFE MINISTRIES INC,≤100
2078647579047586,Project Pulso,Project Pulso,≤100
105229062888132,Stop Soldier Suicide,Stop Soldier Suicide,≤100
101439284539574,Janeese Lewis George for Ward 4,The Committee to Elect Janeese Lewis George,≤100
102047517918,The Commonwealth Fund,"COMMONWEALTH FUND, THE",≤100
96159580682,Maine Democratic Party,MAINE DEMOCRATIC PARTY,≤100
8501031021,VoteVets.org,VOTEVETS,≤100
1690071827911682,Cleancult,cleancult,≤100
79047202856,People's World,People's World,≤100
1234251319933440,Exclusive Apparel,The Dude's Designs,≤100
73727120674,Rush University System for Health,Rush University System for Health,≤100
1691667177798461,Brut,Brut,≤100
675471506247724,Adair for Congress,ADAIR FOR CONGRESS,≤100
109678580574253,Politicool Clothing Co.,PolitiCoolClothing.com,≤100
298043743589859,Omaze,Omaze,≤100
381423518599637,"Hill and Ponton, P.A.","Hill and Ponton, P.A.",≤100
169294473121454,Policetees.com,PoliceTees.com,≤100
108505303942541,Now Hear Me Out Podcast,Now Hear Me Out Podcast,≤100
487569614682924,CAPP USA,Yellow Line Productions LLC,≤100
27461595703,Carbonfund.org Foundation,829 Studios LLC,≤100
1667892193505378,Hold the House,HOLD THE HOUSE PAC,≤100
70090474914,American Farmland Trust,"AMERICAN FARMLAND TRUST, INC",≤100
175716473032461,MamaP,MamaP,≤100
136047226646,Alliance for Retired Americans,ALLIANCE FOR RETIRED AMERICANS,≤100
117362515005706,The Bowery Mission,The Bowery Mission,≤100
105536127617594,The American Digest,The American Digest,≤100
1600352356914768,PushBlack,PushBlack,≤100
20876805343,March of Dimes,MARCH OF DIMES INC.,≤100
30168234791,California Health Care Foundation,CALIFORNIA HEALTH CARE FOUNDATION,≤100
322044193958,Mike Turner for Congress,Citizens for Turner,≤100
103213601095503,ParentsTogether Action,ParentsTogether Action,≤100
107858693983382,The GOP Shop,The GOP Shop,≤100
143509339045414,Americans for Peace and Tolerance,"AMERICANS FOR PEACE AND TOLERANCE, INC.",≤100
342623112567750,The Shoe That Grows,Because International Corp,≤100
113334930102591,Glystn,Glystn Inc.,≤100
314121315788033,Stand with Parkland,Stand With Parkland,≤100
343618292379217,Planned Parenthood of Metropolitan Washington DC - PPMW,Planned Parenthood of Metropolitan Washington DC,≤100
2255846891314996,Corn Refiners Association,"corn refiners association, inc",≤100
262610761306,Counterpoint Press,Counterpoint Press,≤100
127225910653607,PragerU,PragerU,≤100
300992409852,Hoover Institution,Hoover Institution,≤100
9538894955,John F. Kennedy Presidential Library and Museum,"John Fitzgerald Kennedy Library Foundation, Inc.",≤100
138492335404,Scott Walker,"Walker Group, LLC",≤100
394543574676082,Wisconsin Counts,Wisconsin Voices,≤100
105936053461,1776 Coalition,"ALLIANCE STRATEGIES GROUP, INC.",≤100
1833879943496521,Spread The Vote,Spread the Vote,≤100
518194348194441,RepresentUs,RepresentUs,≤100
680549575421741,UnitedVoice.com,"Beachside Media, Inc.",≤100
203197030603239,8 Billion Trees,8 Billion Trees LLC,≤100
108186217331098,Vote Like Mad,Vote Like Mad LLC,≤100
107291750775792,The 100 Million,Knight Foundation,≤100
262682313760159,Cooper/T. Smith,Cooper/T. Smith,≤100
13909525938,PAAIA,PAAIA,≤100
645538035569431,FundKite,AKF Inc. dba FundKite,≤100
110707597007287,Mike Larsen for Congress,Friends of Mike Larsen,≤100
90498769709,Edenpure,EdenPURE®,≤100
19812849944,United Food and Commercial Workers International Union,United Food and Commercial Workers International Union,≤100
833845080319275,The Daily Patriot,Full Tilt Holdings LLC,≤100
22585467017,LATV,"LATV Networks, LLC",≤100
107078204155592,Bamanewsnow.com,David Leonard Preston,≤100
311896169406139,Trump 2020 Wear,Trump 2020 Wear,≤100
122894447754361,Institute for New Economic Thinking,"INSTITUTE FOR NEW ECONOMIC THINKING, THE",≤100
407259346037246,Elect Andre Horton for State Senate,Friends of Andre Horton,≤100
118255521596677,Superior Business Solutions,"SUPERIOR BUSINESS FORMS, INC.",≤100
77590795932,John Kasich,Kasich For America,≤100
388475271497575,The Trump Revolution,Dora Louise Collier,≤100
1520483958208446,Seeger Weiss LLP,SEEGER WEISS LLP,≤100
112955806896246,Dalia Al-Aqidi,Dalia for Congress,≤100
107857334148826,Virginia Planning District 16 Census Awareness,Gregory Verne Swanson,≤100
117507751891,United Poultry Concerns,"UNITED POULTRY CONCERNS, INC",≤100
1917715138510680,Follow Your Legend,Legend Bracelet,≤100
717115395103069,PrintedKicks,Printed Kicks,≤100
203583423017526,National Immigration Law Center,National Immigration Law Center,≤100
116534199732974,USA Carry Online,USA Carry Online,≤100
176789922364429,Steve Daines,STEVE DAINES FOR MONTANA,≤100
13341879933,Organic Consumers Association,ORGANIC CONSUMERS ASSOCIATION,≤100
584011418669191,Dave's News & Views,David Edward Denomie,≤100
44821210086,American Numismatic Association,AMERICAN NUMISMATIC ASSOCIATION,≤100
102592959026,Ocean Conservancy,"OCEAN CONSERVANCY, INC.",≤100
22872837832,Food Lifeline,FOOD LIFELINE,≤100
111182343682003,Certified CCW,CertifiedCCW.com,110
102692084436431,"William Haston for Congress, GA-4",WILLIAM HASTON FOR CONGRESS,≤100
105750427689798,DumpTrump,BSPolitics LLC,≤100
312652025484896,Americans for Tax Fairness,Americans for Tax Fairness,≤100
515224855346579,New Politics,New Politics,≤100
676841686046073,Bring Our Troops Home,Bring Our Troops Home,≤100
76025018070,San Francisco-Marin Food Bank,San Francisco-Marin Food Bank,≤100
303167829786891,Ed Markey,THE MARKEY COMMITTEE,≤100
173837496125511,Conscious Step,Conscious Step,≤100
28896772146,San Diego Zoo,ZOOLOGICAL SOCIETY OF SAN DIEGO,≤100
1439364926329185,Animal Matters,Animal Matters,≤100
614134231980299,Veterans Empowered To Protect African Wildlife,VETPAW INC,≤100
589787637733608,Scherie S. Murray,SCHERIE MURRAY FOR CONGRESS,≤100
49414386380,Ilegal Mezcal,Ilegal Mezcal,≤100
102793237860655,The Power To Control,Apathy Productions LLC,≤100
17023576156,The Leadership Conference on Civil and Human Rights,The Leadership Conference on Civil and Human Rights,≤100
530604487365010,Old Glory Flagpole Kits,Service First Flag Poles,≤100
338855069522459,Im Tirtzu,Im Tirtzu,≤100
14084625156,Susan G. Komen,Susan G. Komen,≤100
1719463118318375,Bees In The D,BEES IN THE D,≤100
342294162453301,Planned Parenthood,Planned Parenthood Federation of America,≤100
47924244850,Tony La Russa's Animal Rescue Foundation,Tony La Russa's Animal Rescue Foundation,≤100
109194237204315,Huntsman 2020,Huntsman 2020,≤100
336470580233523,Pins and Aces Golf Co.,US Craft Brands LLC,≤100
198365307706211,Illegal The Project,Illegal The Project,≤100
1721467687891795,Partnership for Conservation,Partnership for Conservation,≤100
139398939438430,Left Action,Left Action LLC,≤100
830121337093232,National Democratic Training Committee,NATIONAL DEMOCRATIC TRAINING COMMITTEE PAC,≤100
154042404618678,Nutty Steph's,Rabble-Rouser Chocolate & Craft Co.,≤100
146704311893,Montana Food Bank Network,Montana Food Bank Network Inc.,≤100
159451857482535,New Mexico Nature Conservancy,Nature Conservancy,≤100
79125112926,Students for Life of America,"STUDENTS FOR LIFE OF AMERICA, INC.",≤100
317667194946264,Ro Khanna,RO FOR CONGRESS INC,≤100
49651563727,Live Action,Live Action,≤100
183989338318281,The American Legion National Headquarters,LEGIONNAIRE,≤100
1708467695859543,Veteran Transition Mission,Sonia Ivelisse Barriera Ayala,≤100
769395966523308,Eddie J. Mauro,MAURO SENATE CAMPAIGN TEAM,≤100
217137015152702,National Sikh Campaign,National Sikh Campaign,≤100
14440196673,Teamsters,INTERNATIONAL BROTHERHOOD OF TEAMSTERS,≤100
13187955196,Young Americans for Liberty,Young Americans for Liberty,≤100
77903485992,Concerned Women For America LAC,CONCERNED WOMAN FOR AMERICA LEGISLATIVE ACTION COMMITTEE,≤100
246323280108,American Medical Association (AMA),American Medical Association,≤100
360951033963549,Ali Forney Center,The Ali Forney Center,≤100
351387758241489,JaVaughn Murphy,Javaughn Darien Murphy,≤100
15239367801,The Wilderness Society,"WILDERNESS SOCIETY, THE",≤100
126893748252841,American Firearms Coalition,American Firearms Coalition,≤100
1368289979868721,Mi-Box San Diego Mobile Moving and Storage,These ads ran without a disclaimer,≤100
123397377677195,"School of International Service, AU","School of International Service, American University",≤100
1750471095167410,Trump Train News,Trump Train News,≤100
22457171014,Sam Harris,These ads ran without a disclaimer,≤100
138141366212571,Gravis Marketing,GRAVIS MARKETING INC.,≤100
11006419356,The Voice of the Martyrs - USA,"VOICE OF THE MARTYRS, INC., THE",≤100
114971076538782,The Keystone,Courier Newsroom,≤100
54787697857,Ron Wyden,WYDEN FOR SENATE,≤100
158321844178230,CPECredit.com,"CPE Solutions, LLC",≤100
278487153675,Redneck Nation Clothing,Tracie Milliron Gold,≤100
37495431484,Bassel & The Supernaturals,Ronnie Bassel Almadani,≤100
153678684700451,American Investment Council,AMERICAN INVESTMENT COUNCIL,≤100
618233308607752,Carolyn Vance,simpleself-realization.blog,≤100
90107797870,Houston Food Bank,"HOUSTON FOOD BANK, THE",≤100
160191644025128,Walton Family Foundation,WALTON FAMILY FOUNDATION INC,≤100
45013872425,The Ripon Society,RIPON SOCIETY,≤100
109575145733890,McGuireWoods Consulting,MCGUIREWOODS CONSULTING LLC,≤100
104835457824332,"Foster Campbell, Public Service Commission, District 5",Steve Verzwyvelt Jr.,≤100
142864489085700,Pars Equality Center,Pars Equality Center,≤100
2071229469789306,Katica Roy,"Pipeline Equity, Inc.",≤100
175580571641,Out of Print,Out of Print,≤100
107139134274282,We Deserve Better - Yes on the Recall,We Deserve Better – Yes on the Recall of Mayor Tri Ta and Council Members Kimberly Ho and Chi Charlie Nguyen. Committee major funding from  Kieu Hoang. Not authorized by a candidate or a committee controlled by a candidate,≤100
112839420355640,Laughing Liberals,Laughing Liberals,≤100
227594571444676,Building New York's Best,"Carpenter Contractor Alliance of Metropolitan New York, Inc.",≤100
86711894400,National Write Your Congressman,National Write Your Congressman,≤100
37630324302,Rational 360,Rational 360,≤100
83960796709,Institute for Southern Studies,INSTITUTE FOR SOUTHERN STUDIES INC,≤100
192609620649,The University of Chicago,The University of Chicago,≤100
2330577043935831,Sara Gideon,SARA GIDEON FOR MAINE,108
1503295233268493,Lebowski Lovers,The Dude's Designs,≤100
202626512363,U.S. Census Bureau,U.S. Census Bureau,491
1883837055193241,Shield Republic,Shield Republic,≤100
143729616392084,Van Drew for Congress,Van Drew for Congress,≤100
169124877249,AARP Virginia,AARP,≤100
1627212824167934,Men4Choice,Men4Choice,≤100
654470874584798,Save The Inventor,Innovation Alliance,≤100
8524198486,Physicians Committee for Responsible Medicine,"PHYSICIANS COMMITTEE FOR RESPONSIBLE MEDICINE, INC.",≤100
255587152180,Shavitz Law Group,Paul James Herrmann,≤100
129093317111985,Rx Outreach,Susan Gabrielle Fodor,≤100
139599847972,National Nurses United,BE A HERO PAC,≤100
41182871633,National Museum of American Jewish History,National Museum of American Jewish History,≤100
6041057841,The Humane Society of the United States,"HUMANE SOCIETY OF THE UNITED STATES, THE",≤100
106469240890813,Military Support,Whats Your Injury Worth,≤100
1203003053119398,Pallet Shelter,Pallet SPC,≤100
7860876103,Joe Biden,BIDEN FOR PRESIDENT,1100
57783358482,Airports Council International - North America,Airports Council International - North America,≤100
30708742052,FCTRY,FCTRY,≤100
361960287311696,Better Medicare Alliance,"Better Medicare Alliance, Inc",≤100
58401218435,National Pork Producers Council,National Pork Producers Council,≤100
386305465057247,Liberty Nation,Liberty Nation,≤100
210357995667559,The National Memo,The National Memo,≤100
55549065733,Voto Latino,VOTO LATINO INC.,≤100
322870825821,Macmillan Audio,"HOLTZBRINCK PUBLISHERS, LLC",≤100
169746706728,Save Our Seas Foundation,Save Our Seas Foundation,≤100
440850842779072,DuPage Policy Journal,Local Government Information Services,≤100
564944890224398,Southworth PC - Attorneys For Federal Employees,Southworth PC,≤100
120393112689694,Super Agents Safety Squad,Denize Moraes Rodriques,≤100
1010143499143169,Medicare Savings,"Mayo Labs, LLC",≤100
586751814690068,Joni Ernst,Joni for Iowa,≤100
19192438096,AAAS - The American Association for the Advancement of Science,American Association for the Advancement of Science,≤100
110828620426941,Roger Polack for Congress,ROGER FOR WISCONSIN,≤100
2036389409806378,Backpage's Role in Prostitution and Trafficking,X Social Media LLC,≤100
60865633726,Love Justice International,TINY HANDS INTERNATIONAL,≤100
734391880235305,Citizens PAC,Citizens PAC,≤100
746938465317981,Nuclear Matters,Nuclear Matters,≤100
115286365119,National Pork Board,National Pork Board,≤100
163148530407080,Captain Mark Kelly,MARK KELLY FOR SENATE,123
215710880194,VidaySalud.com,HITN - Hispanic Information and Telecommunications Network,≤100
101568761447230,Compensation Experts USA,Injury Compensation Center,≤100
1166660030079480,National Democratic Redistricting Committee,National Democratic Redistricting Committee,≤100
18709174006,National Audubon Society,"NATIONAL AUDUBON SOCIETY, INC.",≤100
1809715209318581,Marjorie Taylor Greene for Congress,GREENE FOR CONGRESS,≤100
99271753546,DERMA E,These ads ran without a disclaimer,≤100
165674110118949,Clearing out the Clutter,Colin Moore,≤100
2353537341582545,Proud Patriots,"Unicorn Wealth, LLC",≤100
184373328845372,Gigi Raffe,Gigi Raffe,≤100
110584643688268,Chander 2020,Balchander Jayaraman,≤100
161517020535049,Noah Mazé Yoga,Noah Maze,≤100
104556811046290,United Against China,United Against China Inc,≤100
630841967406196,StepChange Clothing,Joseph Harry Wagner,≤100
106364329441748,Margaret W. Wong & Associates,"WONG, MARGARET W & ASSOCIATES CO LPA (INC)",≤100
108223613871921,Re-Elect Trump 2020,Beyond Patriots LLC,≤100
262589367126101,The Tikvah Fund,TIKVAH FUND,≤100
126575267904438,Love Beauty and Planet,Unilever,≤100
252126914850996,Labor Campaign for Single Payer,Labor for Single-Payer Healthcare,≤100
101255921350728,Yukong Zhao for Congress,YUKONG ZHAO FOR CONGRESS,≤100
7292655492,MoveOn,MOVEON.ORG POLITICAL ACTION,≤100
39851621214,Student Press Law Center,STUDENT PRESS LAW CENTER INC,≤100
111350917102742,Medicture,Medicture,≤100
106333028376,"Nichols Kaster, PLLP",Nichols Kaster PLLP,≤100
102988591071943,Daniel Gade,"GADE FOR VIRGINIA, INC.",≤100
137569740231452,Respect The Look,Respect The Look,≤100
111663158887300,Tacoma Rescue Mission,"RESCUE MISSION, THE",≤100
100669208248416,Casey Askar for Congress,CASEY ASKAR FOR CONGRESS,≤100
101459351485507,Diana for Congress,DIANA FOR CONGRESS,≤100
85064269154,Second Harvest Food Bank of Metrolina,Second Harvest Food Bank of Metrolina,≤100
109295990419284,Esther For Congress,ESTHER FOR CONGRESS,≤100
543066585882629,Libertarian Country,Libertarian Country,≤100
236373756410374,Fred Seghetti Designs,Frederick Salvatore Seghetti,≤100
142474049098533,Robert Reich,Penguin Random House LLC,≤100
153080620724,Donald J. Trump,"DONALD J. TRUMP FOR PRESIDENT, INC.",≤100
19972147679,SEIU,SEIU,≤100
30139072158,CARE,CARE,≤100
28144169620,Alliance for Aging Research,Alliance for Aging Research,≤100
69983322463,Ted Cruz,TED CRUZ FOR SENATE,≤100
1580844735465499,Mighty Oaks Warrior Programs,Mighty Oaks Foundation,≤100
172403529991272,The Bros in Convo Initiative,These ads ran without a disclaimer,≤100
29770886815,Marijuana Policy Project,Marijuana Policy Project,≤100
110022477032429,Mike Franken,FRANKEN FOR IOWA,≤100
107210084216238,Humanity Forward,Humanity Forward,≤100
111970730196550,World War Zero,AMERICAN SECURITY PROJECT,≤100
1375618656016062,Deb Haaland for Congress,DEB HAALAND FOR CONGRESS,≤100
101136147910784,Represent Justice,Represent Justice,≤100
2081864865362439,Mike Espy,MIKE ESPY FOR SENATE CAMPAIGN COMMITTEE,≤100
1961490360828207,SEMA US,SEMA US,≤100
2037096416617043,Elect Kristin Dybvig-Pawelko,Elect KDP,≤100
170400999661458,Green Olive Tours,Green Olive Collective Inc.,≤100
782144548488388,Ryan Dorsey,Friends of Ryan Dorsey,≤100
192015461630968,Supporting Our Brave Veterans,James Brian Plouf,≤100
1274580979339358,MyCoalition,Coalition for College,≤100
60236215646,LGBTQ Victory Fund,GAY & LESBIAN VICTORY FUND INC,≤100
159597424207730,David Perdue,PERDUE FOR SENATE,≤100
100822738050183,Trump Star 2020,Greek Steel LLC,≤100
113351505349955,The Christian Broadcasting Network,The Christian Broadcasting Network Inc,≤100
151721606865,Intrepid Fallen Heroes Fund,Intrepid Fallen Heroes Fund,≤100
1754669597959219,Evie,Evie Magazine,≤100
1963992303848678,DHVANI,DHVANI,≤100
40973310753,Pathfinder International,Pathfinder International,≤100
213998472307,Hoosier Environmental Council,"HOOSIER ENVIRONMENTAL COUNCIL, INC",≤100
781510041970720,Hippo Sak,Hippo Sak,≤100
104332121089758,Fitness and Nutrition,Zheng Ling Pan,≤100
111946517063849,Pets4Watkins,The Committee to Elect David Watkins,≤100
1435071773455316,Daily Wire,The Daily Wire,≤100
717417908274761,Lady Freethinker,Lady Freethinker,≤100
1836138529938551,Greater Half,Greater Half,≤100
78120879969,ACLU of Florida,ACLU of Florida,≤100
131217580266597,National Council on Aging,"NATIONAL COUNCIL ON AGING, INC.",≤100
210475695747035,"The Law Offices of Adam R. Banner, P.C.",Adam Robert Banner,≤100
105010030848236,Bryant Cameron Webb,DR. CAMERON WEBB FOR CONGRESS,≤100
1745418332339003,Aspire Gear,Aspire Gear,≤100
21375324480,The Heritage Foundation,HERITAGE FOUNDATION (THE),≤100
108824017345866,Facebook,"Facebook, Inc.",2120
2012750189007245,Liquid Death Mountain Water,Liquid Death,≤100
219224241438635,Compassion & Choices,COMPASSION & CHOICES,≤100
107600877320090,Brad Hutto,Hutto for Senate,≤100
1338822066131069,Women's March,Women's March,≤100
181813995726,Avalara,"AVALARA, INC.",≤100
20188298765,ACLU of Maryland,AMERICAN CIVIL LIBERTIES UNION OF MARYLAND INC,≤100
102469394705590,Freedom Studios,William Charles Holmberg,≤100
106968690805026,Sima for Texas,SIMA FOR TEXAS,≤100
47710973068,Cooperative Action Network,National Rural Electric Cooperatives Association,≤100
243510442756370,Justice Democrats,JUSTICE DEMOCRATS PAC,≤100
283511548477587,ADD Advocate,Aaron Lawrence Friedman,≤100
60870102434,Salvation Army California South,The Salvation Army California South,≤100
353666241706706,Route 1 Reporter,Michael Joseph Theis,≤100
245284549333866,ASMDSS,ASMDSS,≤100
537299709721112,Advantage Gold,Advantage Gold Group,≤100
120522437962280,Hutchins Center for African & African American Research,The Hutchins Center for African & African American Research at Harvard University,≤100
212933805686,Because International,Because International Corp,≤100
1835838916635491,Transamerica Center for Health Studies,Transamerica Center for Health Studies,≤100
57259033959,AARP,AARP,≤100
121072318410610,MagdakineDesigns Swimwear,Magdalena Rose Berger,≤100
274597959396166,Docs 4 Patient Care Foundation,Docs 4 Patient Care Foundation,≤100
21455818797,Feed the Children,"FEED THE CHILDREN, INC.",≤100
533987556776948,Campaign for Sustainable Rx Pricing,Campaign for Sustainable Rx Pricing,≤100
127637620616803,Comcast Newsmakers,Comcast,≤100
242679302418244,Denison Forum,These ads ran without a disclaimer,≤100
433446973789052,Let Us Vote For A Balanced Budget Amendment Citizen's Campaign,Let Us Vote For A Balanced Budget Amendment Citizen's Campaign,≤100
111257493838566,Home Vote 4 All,Home Vote 4 All,≤100
459890014763287,Rocky Mountain Values,Rocky Mountain Values,≤100
105023768642,U.S. Chamber Institute for Legal Reform,US Chamber Institute for Legal Reform,≤100
121750354532995,Yale Program on Climate Change Communication,Yale Program on Climate Change Communication,≤100
217137015152702,National Sikh Campaign,We Are Sikhs,≤100
108176010748061,100 Insure,Robert Bradley Graham,≤100
1006110349586564,Congressman TJ Cox,Office of Congressman TJ Cox,≤100
723136714746586,The Common Ground Project,"The Common Ground Project, Inc.",≤100
103284947927286,Roaring Right,Keegan Scott Boston Rush,≤100
183872968312216,Popdust,cleancult,≤100
89336510798,American Friends of the Hebrew University,American Friends of Hebrew University,≤100
68771922854,Essence,Shaelyne Antonia Moodie,≤100
940653386126953,Standingwithyou.org,Standing With You,≤100
61878332769,ICNA Relief,ICNA RELIEF USA PROGRAMS,≤100
2352630938293825,Mytacticalpromos,Entremax,≤100
19342050934,Leadership Institute,LEADERSHIP INSTITUTE INC,≤100
103131054573692,Crawfordology,Crawfordology,≤100
201956993160690,MRCTV,MEDIA RESEARCH CENTER,≤100
130467958471,Jason Lewis,Jason Lewis for Senate,≤100
193618220508,LIFE Today,LIFE Outreach International,≤100
1084856268238034,Trump Talking,Roberto None Lugo,≤100
279846350948,St. Labre Indian School,St. Labre Indian School,≤100
830890360316751,Nick Hanauer,Civic Action,≤100
114988926312,HITN,HITN - Hispanic Information and Telecommunications Network,≤100
221890358218748,Til Valhalla Project,Til Valhalla Project,≤100
25121889784,Texas Public Policy Foundation,Texas Public Policy Foundation,≤100
145330045785,The Advocates for Self-Government,The Advocates for Self-Government,≤100
111324359048459,Dr. Roger Marshall,KANSANS FOR MARSHALL,≤100
83290028957,Care Net,CARE NET,≤100
17911165812,Covenant House International,Covenant House,≤100
11162728079,U.S. PIRG,UNITED STATES PUBLIC INTEREST RESEARCH GROUP,≤100
1642386799323957,Angie Craig,ANGIE CRAIG FOR CONGRESS,≤100
385473284886474,Hillsdale College,HILLSDALE COLLEGE,≤100
106879084130090,KEVIN COOK FOR IDAHO,Kevin Cook for Idaho State Senate,≤100
106915147623474,Diamond Crafts,These ads ran without a disclaimer,≤100
93209809316,The Prosper Group,The Prosper Group,≤100
157546398049625,Marsy's Law for Wisconsin,"Marsy’s Law for Wisconsin, LLC",≤100
2035688363419679,Changing the Narrative CO,Changing the Narrative in Colorado,≤100
101103254533,SOS International,SOS International,≤100
223424284727002,Newsworthy Stories,Jacqueline Larue Jimenez,≤100
1431240990520150,Chevalier for Family Court Judge 2020,Committee to Elect Yvette Chevalier,≤100
319982881752525,Kara Eastman,EASTMAN FOR CONGRESS,≤100
6096369029,Comedy Central,Comedy Central,≤100
981661448510937,Meraki Journey,Meraki Bracelets,≤100
189789411070083,Jewish Labor Committee,Lawrence Kenneth Lebowitz,≤100
1655317144553574,Major Williams For Mayor Of Pasadena,Major Williams for Mayor of Pasadena 2020,≤100
371061443691769,From the Flag to the Cross,Nikolas Jb Grosfield,≤100
302111635698,National Association of Tax Professionals (NATP),National Association of Tax Professionals,≤100
11111618026,Union of Concerned Scientists,"UNION OF CONCERNED SCIENTISTS, INC.",≤100
289213691238937,Thrasher Coffee,Thrasher Coffee Co.,≤100
114975389535,TAN Books,"SAINT BENEDICT PRESS, LLC",≤100
1505244559517282,Colin Allred,COLIN ALLRED FOR CONGRESS,≤100
328072970642479,Jaime Harrison,JAIME HARRISON FOR US SENATE,≤100
102029821201699,Planet Earth: Trumped,Planet Earth TRumped,≤100
100585318107139,"Mark Alan Harrison for Constable, Harris County Precinct 5",The Mark Alan Harrison Campaign,≤100
304252657027476,George Buck,"COMMITTEE TO ELECT GEORGE BUCK, PHD",≤100
125319303823,Champlain College,Champlain College Incorporated,≤100
2079184822304023,Nabilah for Congress,NABILAH FOR GEORGIA,≤100
54310679625,Alliance for Justice,ALLIANCE FOR JUSTICE,≤100
34370387440,JDRF,JDRF INTERNATIONAL,≤100
278799112231915,Sue-Ham,Sulondia Renice Hammond,≤100
159616034235,Walmart,WALMART INC.,≤100
104504438466,Federal Voting Assistance Program - FVAP,Federal Voting Assistance Program (FVAP),≤100
154471447959196,Institute for Veterans and Military Families - IVMF,Institute for Veterans and Military Families,≤100
145973965440671,Carnegie Corporation of New York,CARNEGIE CORPORATION OF NEW YORK,≤100
267180743723148,National Geographic Society,National Geographic Society,≤100
33110852384,Doctors Without Borders/ Médecins Sans Frontières (MSF),Doctors Without Borders/Médecins Sans Frontières (MSF),328
69039563201,Open Doors USA,"OPEN DOORS WITH BROTHER ANDREW, INC.",≤100
106896930901493,Support The Military,My Earplug Injury,≤100
105561217523274,The_Dispatch,"Dispatch Media, Inc.",≤100
32802178807,Homes For Our Troops,Homes For Our Troops,≤100
86134975779,Coast Guard Foundation,Coast Guard Foundation INC.,≤100
58158120046,ACLJ,American Center for Law and Justice,≤100
772624976214511,Florida Record,The Record,≤100
433919203362871,Bird + Stone,BIRD & STONE INC,≤100
6231686654,Compassion International,"COMPASSION INTERNATIONAL, INCORPORATED",≤100
461204744067686,Family Protection Association,Family Protection Association,≤100
103423411287089,Custom Political T-Shirts,Bridget Lynn Morningstar,≤100
885797821467046,Joyous Organics,Ronald Lee Yates,≤100
104027894318612,Inclusion2020,Inclusion2020,≤100
259130650776119,Mitch McConnell,MCCONNELL SENATE COMMITTEE,≤100
839073729808623,Hillary Scholten,SCHOLTEN FOR CONGRESS,≤100
356431274698532,Ryan Hampton,Ryan Hampton,≤100
151617221654821,Natalie Jean,Natalie Jean,≤100
21559454473,FAIR,FEDERATION FOR AMERICAN IMMIGRATION REFORM,≤100
657708380952174,Voices of the Civil Rights Movement,Comcast,≤100
52989768601,Population Connection Action Fund,Population Connection Action Fund,≤100
406992250081573,Woody Thrasher,Woody Thrasher for Governor 2020,≤100
1525838977485952,Will Cunningham for New Jersey,TRUE DEMOCRATS FOR CUNNINGHAM,≤100
240425642652222,South Florida Wildlands Association,South Florida Wildlands Association,≤100
111955243675833,Brut News,Brut Media,≤100
2059019737447210,ChangeRoots,ChangeRoots,≤100
2283535575207809,Ditch Mitch,DITCH FUND,≤100
181183059253295,Dorsal Bracelets,Dorsal Bracelets,≤100
223315101050132,Waters Kraus & Paul,Waters Kraus & Paul,≤100
20787991568,Senate Democrats,DSCC,366
592707041080920,Stand Together,Stand Together Chamber of Commerce Inc.,320
6726182861,Mike Pence,"DONALD J. TRUMP FOR PRESIDENT, INC.",≤100
104228797863918,ByeDon 2020,Byedon 2020,≤100
142370046577999,Shahid Buttar for Congress,Shahid Buttar for Congress Committee,≤100
38471053686,Elizabeth Warren,"WARREN DEMOCRATS, INC.",≤100
127520567290836,Push Digital Inc,Push Digital Inc,≤100
49209604726,Vermont Teddy Bear,"VERMONT TEDDY BEAR CO., INC., THE",≤100
46093654473,National Republican Congressional Committee,NRCC,≤100
154510321337994,Chris Pappas for Congress,CHRIS PAPPAS FOR CONGRESS,≤100
1621690511405010,Civic Action,Civic Action,≤100
8492293163,Environmental Defense Fund,Environmental Defense Fund,≤100
447484109420511,Taylorfor2021,Joycelyn M Taylor,≤100
359933137438156,Nine Line Apparel,Nine Line Apparel,≤100
128167457221813,Public Transportation,Voices for Public Transit,≤100
25852730092,Care2,Care2 Inc,≤100
92115252205,Armory Center for the Arts,ARMORY CENTER FOR THE ARTS,≤100
102617961152741,Barbara Bollier,Bollier for Kansas,≤100
84280132559,American Legislative Exchange Council,AMERICAN LEGISLATIVE EXCHANGE COUNCIL,≤100
235979110617339,Real Truth and Power,Everett Mitchell Winchester,≤100
1025055787535714,A Case for Women,A Case for Women,≤100
81372493950,POET,"POET, LLC",≤100
754520748264044,Wood by Stu,Stu Designs LLC,≤100
18813753280,Human Rights Campaign,"HUMAN RIGHTS CAMPAIGN, INC.",≤100
32975139631,If Americans Knew,If Americans Knew,≤100
131385910227393,Catholic Mobilizing Network,CATHOLIC MOBILIZING NETWORK,≤100
305107172859194,Defeating Trump and the Republican Party,"Voices of Health Care Action, a project of Gamechanger Networks",≤100
59877921429,Lutheran Immigration and Refugee Service,"LUTHERAN IMMIGRATION AND REFUGEE SERVICE, INC.",≤100
1511412998966651,Altamar with Peter Schechter and Muni Jensen,Altamar LLC,≤100
13885075114,Action Against Hunger USA,ACTION AGAINST HUNGER - USA,≤100
149366465128820,"Nicole Galloway, CPA",Nicole Galloway for Missouri,≤100
567371470277443,The Wilderness Society Action Fund,The Wilderness Society Action Fund,≤100
129240690441636,NAACP Legal Defense Fund,"N. A. A. C. P. LEGAL DEFENSE AND EDUCATIONAL FUND, INC.",≤100
1452551204988299,GoReact,Speakworks Inc,≤100
1846324612256008,Your Car. Your Data.,Auto Care Association,≤100
119466662095645,Jay Wamsted,John Oliver Wamsted,≤100
898056057254433,Nine Districts for MoCo,Mark David Lautman,≤100
127755494595870,Progressive Takeover,PROGRESSIVE TAKEOVER,≤100
272565456712768,Bloomberg Government,"BUREAU OF NATIONAL AFFAIRS, INC., THE",≤100
692098794280101,Seth Gruber,Seth David Gruber,≤100
85620546149,Paul Simon Public Policy Institute,Paul Simon Public Policy Institute,≤100
791543660926838,"I'll go ahead and keep my guns, Thanks",2A4LIFE LLC,≤100﻿
365591516828390,Georgia's WIN List,Georgia WIN List,≤100
244582632289534,The Family & Youth Institute,The Family and Youth Institute,≤100
102745147891580,Trump Coolers,Eric Clifford Juels,≤100
23954995487,FoodPrint,Foodprint,≤100
109502067261883,Elect Clint Dorris,THE COMMITTEE TO ELECT CLINT DORRIS,≤100
1729198467311786,G.A. Matiasz,George Anthony Matiasz,≤100
108042855937121,Owens Corning,OWENS CORNING,≤100
102336501236330,Alliance for an Affordable DC,The American Beverage Association. Brought to you by the Alliance for an Affordable DC.,≤100
191195674423572,Great Plains Tribal Chairmen's Health Board,GREAT PLAINS TRIBAL CHAIRMEN'S HEALTH BOARD,≤100
1640970822834351,Plaine Products,Plaine Products,≤100
301228420816284,Teresa Leger Fernandez,TERESA FOR ALL,≤100
1151226001683046,Luz Collective,Luz Collective,≤100
825475597557324,trueself,cleancult,≤100
96472420073,Moment Magazine,Moment Magazine,≤100
6236054211,Brady,Brady Campaign to Prevent Gun Violence,≤100
135403221037,City Journal,City Journal,≤100
171651620209487,Brady PAC,Brady Pac,≤100
209516845093,NRDC Action Fund,NRDC Action Fund,≤100
243362776583569,Air Mail,Air Mail,≤100
105270434360519,The Dirty Dems,Robert Jeffrey Johnson,≤100
48570030993,The Lanier Law Firm,Grace Lamb,≤100
27544763621,Prison Fellowship,Prison Fellowship,≤100
167818016571872,Ann & Robert H. Lurie Children's Hospital of Chicago,Ann & Robert H. Lurie Children's Hospital of Chicago,≤100
171745749505805,Glenn I. Johnson,Friends of Glenn,≤100
681626158940626,Mission Roll Call,Americas Warrior Partnership,≤100
107478604080028,Way To A Happy Heart,Iesha Marriah Nixon,≤100
393932827634250,Dissent Pins,Common Practice,≤100
6315243665,Faith in Public Life,"FAITH IN PUBLIC LIFE, INC.",≤100
108906707265489,USA Pooch,"PRESIDENTIAL POOCH, INC",≤100
1435492506725411,Russian Passport and Visa Expedited Services by Russian Agency,These ads ran without a disclaimer,≤100
953113491536337,Black to the Future Action Fund,Black to the Future Action Fund,≤100
237477017606,Club for Growth,Club for Growth,≤100
585486821509139,Jannquell Peters,"FRIENDS OF JANNQUELL, INC.",≤100
176466646087311,DC Fawcett,Donald Chappell Fawcett,≤100
186150601993240,The Holiday Roundtable,Michael Aaron Sadler,≤100
112287913481898,Cindy Banyai for Florida Congressional District 19,FRIENDS OF CINDY BANYAI,≤100
59254639983,Boston Medical Center,BOSTON MEDICAL CENTER,≤100
7642602143,Mother Jones,FOUNDATION FOR NATIONAL PROGRESS,≤100
45393753416,Alliance Defending Freedom,Alliance Defending Freedom,≤100
290851614930809,Combat AntiSemitism,Combat Anti-Semitism,≤100
25998443394,MedPage Today,"EVERYDAY HEALTH, INC.",≤100
12301006942,Democratic Party,DNC SERVICES CORP./DEM. NAT'L COMMITTEE,≤100
133666160060982,Senate Majority PAC,SMP,≤100
165551260479306,Lifting Hands International,Lifting Hands International,≤100
8002590959,Rainforest Action Network,RAINFOREST ACTION NETWORK,≤100
332905134021585,Joe Harding for State Representative,Joe Harding for State Representative,≤100
309308412520731,Sandy Hook Promise,Sandy Hook Promise,≤100
108309913905134,The Greta Thunberg Story Being Different is a Superpower,Sole Books,≤100
179145905973075,Sophie Ratner Jewelry,Sophie Ratner Jewelry,≤100
214002058736436,Unite America,UNITE AMERICA,≤100
357750373755,National Domestic Workers Alliance,National Domestic Workers Alliance,126
481717441888024,Mamaroneck Coastal,Mamaroneck Coastal Environment Coalition,≤100
210820618956311,Community Change Action,Center for Community Change Action,≤100
1145019702185006,Alliance for Safety and Justice,Alliance for Safety and Justice,≤100
126057642122621,Hillary O'Connor Mueri,HILLARY O'CONNOR MUERI FOR OHIO,≤100
351310239372,Associated Republicans of Texas,Associated Republicans of Texas,≤100
957810197669209,Re-Elect Johns For St. Johns County Commissioner,Jimmy Johns for St. Johns County,≤100
225049687661781,Environmental Integrity Project,ENVIRONMENTAL INTEGRITY PROJECT,≤100
7209432197,Chris Coons,CHRIS COONS FOR DELAWARE,≤100
300774350436838,topplr,Data Genomix,≤100
183517831660100,Morning Consult,Morning Consult LLC,≤100
2309566456030859,Human Coalition Action,Human Coalition,≤100
118502801658228,Young Kim,Young Kim for Congress,≤100
2390004754407420,"Our Kids, Our Work, Our Families",Center for Community Change Action,≤100
344690446467832,The Copper Courier,Courier Newsroom,≤100
72565633140,Soles4Souls,"SOLES4SOULS, INC.",≤100
105452337640985,Stephen Sundquist,Stephen Michael Sundquist,≤100
810122486032496,Jackie Gordon,Jackie Gordon for Congress,≤100
79820371749,Ayanna Pressley,THE COMMITTEE TO ELECT AYANNA PRESSLEY,≤100
27311599342,Preemptive Love,Preemptive Love Coalition,≤100
350316025478383,When We All Vote,When We All Vote,≤100
107053690842532,ABT 2020,ABT 2020,≤100
100425334813868,This Is Fine Coffee.,These ads ran without a disclaimer,≤100
101710227985301,Coalition for Affordable and Resilient Infrastructure,"AMERICAN CHEMISTRY COUNCIL, INC.",≤100
2070944712939738,American Police Officers Alliance,American Police Officers Alliance,≤100
89757739264,Farm Credit,Farm Credit Council,≤100
101987144592086,Stollings for West Virginia,Stollings for West Virginia,≤100
135298176481584,Marine Corps Scholarship Foundation,Marine Corps Scholarship Foundation,≤100
642268192537646,American Immigration Control Foundation,American Immigration Control Foundation,≤100
6355071377,American Cancer Society Cancer Action Network - ACS CAN,AMERICAN CANCER SOCIETY CANCER ACTION NETWORK INC,≤100
417542331752173,Message,Timothy Bruce Dannunzio,≤100
497348647140658,Point Source Youth,Point Source Youth,≤100
111495005590988,Pattern,Pattern Energy,≤100
333710103706307,Giffords,GIFFORDS PAC,≤100
230251243697957,Wendy Rogers,Wendy Rogers for AZ Senate,≤100
293225127381200,Patriot Depot,The Patriot Depot,≤100
2267405033373814,Doctor Patient Unity,Doctor Patient Unity,≤100
101687591270843,Russ Rywell,"Russ Rywell, Non-Partisan, for Miami-Dade School Board District 3",≤100
169543260659539,The Venn Media,The Venn Media,≤100
263813250409546,Ugly Xmas Sweater Shop,Steven W Tyler,≤100
21492729544,Catholic Relief Services,CATHOLIC RELIEF SERVICES - UNITED STATES CONFERENCE OF CATHOLIC BISHOPS,≤100
104845836238949,World Animal Protection US,World Animal Protection,≤100
1456310534453054,Veteran Loans Online,"LMB OpCo, LLC",≤100
1353948297956614,Let Africa Live,Let Africa Live,≤100
354329797956187,The Catholic Association,"The Catholic Association, Inc",≤100
113460456730293,Ben Salango,Ben Salango for West Virginia,≤100
104289224445219,2020SupplyCo,Aiden Schutt,≤100
1033248857066144,NewsDaylighter,General Memetics LLC,≤100
673553909438696,Tom Kean,KEAN FOR CONGRESS INC,≤100
104141422951673,Chicago Booth Review,University of Chicago,≤100
907919839243616,My Faith Votes,My Faith Votes,≤100
1502654549792632,Protect Our Care,Sixteen Thirty Fund,≤100
104837654463416,Health Smarts,Ariel Earl Jordan,≤100
2264090133834042,Invite Research,Precision Network,≤100
114289029948093,Denny Doyle,Friends to Re-elect Mayor Denny Doyle,≤100
104117891137180,Everyday is a Second Chance,Shi Yuan Ge,≤100
107626047540927,Veteran Earplug Claims,My Earplug Injury,≤100
8934429638,Planned Parenthood Action,Planned Parenthood Action Fund,≤100
172630052226,James Felton Keith,JFK ORGANIZERS,≤100
88224465289,Dropps,"Dropps (Cot'n Wash, Inc.)",≤100
282404394803,DC Fiscal Policy Institute,DC Fiscal Policy Institute,≤100
404041503001995,Time On The Hill,"Time On The Hill, Inc.",≤100
456051981200997,Focus for Health Foundation,Focus Autism Inc.,≤100
217647305005750,Erasing 76 Crimes,Colin Emerson Stewart,≤100
1397799040234106,OpinionUP,OpinionUP LLC,≤100
521962367827109,New Baptist Covenant,New Baptist Covenant,≤100
698400060189827,Dan Sullivan,Alaskans for Sullivan,≤100
828734874147555,American Council to Advance Medicare for All,American Council to Advance Medicare for All,≤100
276131699084792,YWAM Los Angeles,YWAM Los Angeles,≤100
114008535880,Foundation for Individual Rights in Education,FOUNDATION FOR INDIVIDUAL RIGHTS IN EDUCATION,≤100
262062478079324,Mckayla Wilkes for Congress,MCKAYLA WILKES FOR CONGRESS,≤100
6334782252,Oceana,OCEANA,≤100
179555652704579,NextGen News,Emma S Barnett,≤100
106122894312740,Democrat Party Strong,James R Oddo,≤100
165566613453452,ERLC,ETHICS AND RELIGIOUS LIBERTY COMMISSION OF THE SOUTHERN BAPTIST,≤100
6170309302,Dick Durbin,FRIENDS OF DICK DURBIN COMMITTEE,≤100
143173285763,Tenth Amendment Center,Tenth Amendment Center,≤100
12692955711,Chronicle of Higher Education,"CHRONICLE OF HIGHER EDUCATION, INC. (THE)",≤100
114710126648118,Republican Dogs,Republican Dogs,≤100
493811210669780,Creative Action Network,Creative Action Network,≤100
106487520883333,Cardinal & Pine,Courier Newsroom,≤100
27139120832,Advancing Native Missions,Advancing Native Missions,≤100
460134787357280,Our Health Oregon,OAHHS,≤100
60182072999,Lila Rose,Live Action,≤100
137662367278,League of Women Voters of the U.S.,LEAGUE OF WOMEN VOTERS OF THE UNITED STATES,≤100
398986710654234,"Rob Barrett, Jr. for US Senate",ROB BARRETT FOR SENATE,≤100
9324910069,NRSC,NRSC,≤100
1539972792944463,Forge Leadership Network,Forge Leadership Network,≤100
2377166239179411,Nancy Goroff for Congress,Goroff for Congress,≤100
14673807622,Wisconsin Conservation Voters,Wisconsin Conservation Voters Independent Expenditure Committee,≤100
12357407443,American Friends Service Committee,AMERICAN FRIENDS SERVICE COMMITTEE,≤100
1453339054911514,Latino Community Fund -LCF Georgia,Latino Community Fund Inc.,≤100
700941689954518,Defend Our Future,Defend Our Future,≤100
158233651450504,The Palestine Institute for Public Diplomacy,The Palestine Institute for Public DIplomacy,≤100
112565666483,WTOP News,"Hubbard Radio Washington DC, LLC",≤100
109092142462587,Adam Schiff,SCHIFF FOR CONGRESS,≤100
35715544220,Stand.earth,STAND,≤100
1947204578916961,Kionne McGhee,"Kionne McGhee, Non-Partisan, for Miami-Dade County Commissioner District 9",≤100
331037760381749,Sierra Magazine,SIERRA CLUB,≤100
102540204580217,UpNorthNews,Courier Newsroom,≤100
281844617168,Jewish Voice Ministries International,JEWISH VOICE MINISTRIES INTERNATIONAL,≤100
246491525549550,Education Post,Education Post,≤100
120551431317,Nickelodeon,Nickelodeon with Facebook Ad Credits,≤100
18479402361,No Kid Hungry,No Kid Hungry,≤100
546497545399440,ASEC - African Sisters Education Collaborative,African Sisters Education Collaborative (ASEC),≤100
80841742978,Adirondack Council,ADIRONDACK COUNCIL (INC),≤100
393076844046051,Progressive Caucus,CONGRESSIONAL PROGRESSIVE CAUCUS PAC,≤100
101724361319410,Ronny Jackson for U.S. Congress TX-13,Texans for Ronny Jackson,≤100
2244779792507645,Gray Matters Radio,Gray Matters Radio,≤100
181924628560212,SumOfUs,SumOfUs,≤100
103682110993833,Arctic Refuge Defense Campaign,Alaska Wilderness League,≤100
118457494984886,Montgomery County Republican Club,Montgomery County Republican Club,≤100
108868307182723,Phara for Assembly,Phara for Assembly,≤100
1268410219898273,Tango Tango,Tango Tango Inc,≤100
109889733883173,WE GOT TEEZ,RICHARD ANDREW-WITTE COMISKEY,≤100
474062436008137,Michael McCaul for Texas,"McCaul for Congress, Inc.",≤100
101295517956158,Tricia Zunker for Wisconsin,Tricia Zunker for Wisconsin,≤100
1543830612580575,Beesponsible,Beesponsible,≤100
92925746942,Judicial Watch,Judicial Watch,≤100
752627911745280,Elect Phillip Westry,Citizens for Phillip Westry,≤100
5887538795,Education Week,Education Week,≤100
580610428636345,Fight for $15,Fight for $15,≤100
83865976093,Truthout,TRUTHOUT,≤100
114386721939978,The Made in America Store,Made In America Store,≤100
129285844553515,The Right To Shower,Conopco Inc,≤100
2056485407811667,Clean Energy for Maryland,Energy Media,≤100
222164564466305,Civic Life Project - www.civiclifeproject.org,Dominique Lasseur,≤100
999556810102061,Signature Seas,Signature Seas,≤100
281618778426,River Network,RIVER NETWORK,≤100
373691923229975,The Sweet Bee Co.,The Sweet Bee Co.,≤100
376638603087168,Save The Earth,Michael Todd Powell,≤100
366351973736242,Red Rock Secured,Red Rock Secured,≤100
352527958302,Israel on Campus Coalition,Israel on Campus Coalition,417
32682889528,U.S. Chamber of Commerce,The U.S. Chamber of Commerce,≤100
99056648937,NIAC,NIAC Council,≤100
207381586628343,Donna McLeod,Donna T Mcleod,≤100
100298938781,Robert Wood Johnson Foundation,Robert Wood Johnson Foundation,≤100
19045776114,The Better World Campaign,BETTER WORLD CAMPAIGN,≤100
150322194563,PASA Primates: Pan African Sanctuary Alliance,PAN AFRICAN SANCTUARIES ALLIANCE,≤100
238052089570737,Marion Medical Mission,MARION MEDICAL MISSION,≤100
320533948089022,Angie Chen Button for Texas,Angie Chen Button,≤100
1475056949212605,Charity Mobile,Charity Mobile,≤100
557113921291144,Learning Dynamics,4 Weeks To Read LLC,≤100
166269923431086,Senator Dennis Baxley,Dennis Baxley for State Senate,≤100
605168822998856,314 Action,314 ACTION FUND,≤100
289446947817747,Global Citizen,"GLOBAL POVERTY PROJECT, INC.",≤100
110415877229724,Real American Sportsmen,Real American Sportsmen,≤100
675665515802671,Wolven,Wolven,≤100
35142679763,Alzheimer's Disease Research,"BRIGHTFOCUS FOUNDATION, INC. A/K/A BRIGHTFOCUS FOUNDATION",≤100
162019154641651,Deliver Liberty,Deliver Liberty,≤100
1118677698164230,Meli Wraps,Jaime Ella Harmon,≤100
117709002968266,Green Ocean Co.,Green Ocean Co.,≤100
98887816626,Beef. It's What's For Dinner.,Shari Daniella Spooner,≤100
30540098788,National Psoriasis Foundation,National Psoriasis Foundation,≤100
360303722260,Kathleen Williams for Montana,KATHLEEN WILLIAMS FOR MONTANA,≤100
294196590710262,FWD.us,FWD.us,≤100
310875636463673,Don Bolduc,"Bolduc 2020, Inc.",≤100
132492254050920,American AF,AAF Nation,≤100
143986912311328,University of Vermont Continuing and Distance Education,University of Vermont,≤100
189036631118228,COMMONworks,COMMON,≤100
101333462265,Distilled Spirits Council of the United States,Distilled Spirits Council of the United States,≤100
97685946123,Columbus Public Health,Columbus Public Health,≤100
1001615463272722,Biosimilars Council,The Biosimilars Council,≤100
8473889271,National Parks Conservation Association,National Parks Conservation Association,≤100
1682876188698809,United for Respect,United for Respect,≤100
25254987383,Joyce Meyer Ministries,"JOYCE MEYER MINISTRIES, INC.",≤100
573084822773932,Joe Perkins for Circuit Judge Campaign Committee,Joe Perkins for Circuit Judge Campaign Committee,≤100
136121223083299,Sea Turtle Conservancy,"SEA TURTLE CONSERVANCY, INC.",≤100
105732744375701,Steve Bullock,Montanans for Bullock,≤100
134845259917779,Rock 'Em Socks,Rock 'Em Socks,≤100
109665250456365,The Armed Patriot,Kenneth Micheal Parkerson,≤100
6502038524,First Book,FIRST BOOK,≤100
34992314695,National Center for Public Policy Research,NATIONAL CENTER FOR PUBLIC POLICY RESEARCH,≤100
312066286397519,Manning Asylum Law,Brian Steven Manning,≤100
483987631637740,Heather McDonald,Peter James Dobias,≤100
103383657824254,Ocean Cleanup Group,Michael Todd Powell,≤100
1632866270065962,Jewish Democratic Council of America,Jewish Democratic Council of America,≤100
321250352104571,Valerie Plame,VALERIE PLAME FOR CONGRESS,≤100
110019893736048,Grandpas Against Trump,Richard Carlton Carlton Daley,≤100
100740754669752,Megan Thompson for Commissioner,Megan Nicole Thompson,≤100
210100860523,Braille Institute,Braille Institute,≤100
18492769291,Faithful America,Faithful America,≤100
7814597100,Jim Jordan for Congress,JIM JORDAN FOR CONGRESS,≤100
108290434048026,Error Not Era Apparel,Cornelious M Anderson,≤100
287626442158465,Laws101,Laws101,≤100
225449500250,Constellation Political Consulting,Constellation Political,≤100
160630887998827,Let Them Live,Let Them Live,≤100
555394394483002,Urban Resource Institute,Urban Resource Institute,≤100
427084097477881,America's Health Insurance Plans (AHIP),America's Health Insurance Plans,≤100
185538520004,End Poverty,ENDPOVERTY.ORG,≤100
114114643384183,Vote Yes for MPS,Vote Yes for MPS Referendum Committee,≤100
156296274419595,HarperCollins,HARPERCOLLINS PUBLISHERS L.L.C.,≤100
323631667743052,Rep. Rodney Davis,U.S. Rep. Rodney Davis,≤100
711909245654048,National Police Support Fund,National Police Support Fund,≤100
107803440835562,US Hot Gears,Click Wonders,≤100
150621451650636,Montana Wilderness Association,Montana Wilderness Association,≤100
103647117959066,Coronavirus Fvg Senza Censura,These ads ran without a disclaimer,≤100
105281310938561,Evelyn For New York,Evelyn For NY,≤100
105698674239617,Embed News,Embed News,≤100
296093157932840,The Fulcrum,Issue One,≤100
1413682351987764,Andy Kim for Congress,Andy Kim for Congress,≤100
102299993165580,Marty McCutchen CPA P.C.,These ads ran without a disclaimer,≤100
105025901091483,Republican Party Strong,James R Oddo,≤100
43609808159,Happy Family Organics,Happy Family Organics,≤100
303061950155375,John James,"JOHN JAMES FOR SENATE, INC.",≤100
169561162745,The National Wild Turkey Federation,"NATIONAL WILD TURKEY FEDERATION, INC.",≤100
211049239087028,Association of Young Americans,Benjamin J Brown,≤100
192771954102960,Jordan Sekulow,American Center for Law and Justice,≤100
140944265994166,Center for Addiction Services and Psychotherapy Interventions Research,a research grant at The National Center on Addiction and Substance Abuse (CASA),≤100
107036421410,National Safety Council,NATIONAL SAFETY COUNCIL,≤100
11131463701,truth,TRUTH INITIATIVE FOUNDATION,≤100
101183127996396,Four Is Enough,PACRONYM,≤100
602714436529710,End Citizens United,END CITIZENS UNITED,≤100
5720973755,Defenders of Wildlife,DEFENDERS OF WILDLIFE,≤100
291260461373618,News and News,News and News,≤100
51791915551,Binghamton University,Binghamton University,≤100
95335385742,National Fish and Wildlife Foundation,NATIONAL FISH AND WILDLIFE FOUNDATION,≤100
157402764294444,"Union Mission Ministries, Norfolk","UNION MISSION INC, THE",≤100
621417577921908,Johnson for DA,Johnson for DA,≤100
1800072483402009,African Community & Conservation Foundation,African Community & Conservation Foundation,≤100
212353718892604,Kent Clothier,These ads ran without a disclaimer,≤100
2185993931653388,The Recount,"Recount Media, Inc",≤100
147486638599345,Urban Teachers,Urban Teachers,≤100
196743663140,Baha'is of the United States,National Spiritual Assembly of the Baha'is of the United States,≤100
10524821940,National Park Foundation,National Park Foundation,≤100
243498882520314,FoodFinder,"FOODFINDER, INC.",≤100
1608037099452838,Brianna Wu,BRIANNA WU FOR CONGRESS,≤100
13649914583,Equality Now,"EQUALITY NOW, INC.",≤100
2146201085498440,Tony Gonzales,Tony Gonzales for Congress,≤100
101624321445953,Garrett Blad for State Rep,Blad for Indiana,≤100
5943727453,American Humane,American Humane,≤100
163737697799356,Justice Brett Busby,Brett Busby Campaign,≤100
73016054191,Regional Food Bank of Oklahoma,"REGIONAL FOOD BANK OF OKLAHOMA, INC.",≤100
53214848444,Wisconsin Family Action,WISCONSIN FAMILY ACTION,≤100
284946111858895,Debbie Mucarsel-Powell,DEBBIE FOR CONGRESS,≤100
602040603170590,Americans for Food and Beverage Choice,Americans for Food and Beverage Choice,≤100
1529468987331408,BulbHead,TELEBRANDS CORP.,≤100
202286639832171,Dr. Robert Jeffress,FIRST BAPTIST CHURCH DALLAS,≤100
1637823176332591,Ecocred,Branislav Seslija,≤100
747436915270894,Congressional Leadership Fund,CONGRESSIONAL LEADERSHIP FUND,≤100
221378424569014,Vito Glazers,Vito Guido Glazers,≤100
408250066356,Bill O'Reilly,"Bill Me, Inc.",≤100
6726182861,Mike Pence,TRUMP MAKE AMERICA GREAT AGAIN COMMITTEE,≤100
555637991181566,Aimee Winder Newton,Friends of Aimee Winder Newton,≤100
234142976633158,Wake Up World & Smell the Coffee,Edith Dume Lerner,≤100
104796740879587,theobamachicksbook,Pamela Jasper,≤100
1612726335627171,We the Internet TV,We the Internet TV,≤100
22234040933,United Nations Foundation,United Nations Foundation,≤100
593289284500311,Trump Rack,BOXD Marketing,≤100
28126338304,Surfrider Foundation,"SURFRIDER FOUNDATION, INC",≤100
260754507296508,The Voter Participation Center,Voter Participation Center,≤100
7263476274,Mercy Corps,Mercy Corps,≤100
596556607135301,The Earthling Co.,Educated Earthling,≤100
109339580684861,Boy Scouts of America Abuse Claims,These ads ran without a disclaimer,≤100
165364270823448,Aaron Lieberman for Arizona,Elect Aaron Lieberman,≤100
107334019308912,Olive Crest - USA,OLIVE CREST,≤100
115414341850692,Pastor Stephen Grant Novels,Raymond J Keating,≤100
1568427803440202,Columbia Global Reports,The Trustees of Columbia University in the City of New York,≤100
1764185850558806,Apex Clean Energy,Apex Clean Energy,≤100
41309865723,Democrats.com,DEMOCRATS.COM,≤100
169440273093442,The Center for Election Science,The Center for Election Science,≤100
10150100007820094,Wendy Davis,WENDY DAVIS FOR CONGRESS,≤100
198741046833409,Utah Policy,Utah Policy,≤100
53167307346,Communist Party USA,Communist Party USA,≤100
1791097094486498,Musings,Musings Magazine,≤100
1374134752633656,New Health Plans,Shop Insurance Plans,≤100
2602473023098666,Democratic Polling Center,Democratic Governors Association,≤100
301754953437,Brian Tome,These ads ran without a disclaimer,≤100
104425167656033,StopStupid.com,Terry Scott Laskowski,≤100
156994304362574,American Bridge,AMERICAN BRIDGE 21ST CENTURY,≤100
77790954801,Salesian Missions,Salesian Missions,≤100
19474609238,Mercatus Center at George Mason University,Mercatus Center at George Mason University,≤100
112712482782718,Magical Duck General Store,Michael G Schurmann,≤100
170458177029365,Delegate Heather Bagnall,Citizens For Heather Bagnall,≤100
7976226799,The Daily Show,Comedy Central,225
196382377057315,Learn Our History,Learn Our History,≤100
490772387954022,Suraj Patel,Friends of Suraj Patel,≤100
101359254623819,Grace Lee for NY Assembly,Grace Lee for NYC,≤100
472938276849222,Heroes 4 Healthcare,"Center for Popular Democracy, INC.",≤100
497081420632330,Hiral Tipirneni,HIRAL FOR CONGRESS,≤100
296708523873754,Karla Dennis and Associates Inc.,"Karla Dennis & Associates, Inc",≤100
104042187683127,Christy Cauble Davis for Kansas,Christy Cauble Davis for Kansas,≤100
101298708093667,Quincy Coleman For Judge,Courtney Nadine Coleman,≤100
1526736227567131,TrueCoverage,True Coverage,≤100
202281636466702,Unseen,Unseen,≤100
164966660351345,Hope Outfitters,Hope Outfitters,≤100
102377984581168,A Democrat in the Wilderness,Emmanuel Fourakis,≤100
101895607980616,Newsday Headlines,PETER-GAY NIKORA LINDO,≤100
8532248414,Wounded Warrior Project,"WOUNDED WARRIOR PROJECT, INC.",≤100
136320503067331,TuneIn,TuneIn,≤100
33699882778,Dr. Bronner's,Dr. Bronner's,≤100
47712360678,Jobs With Justice,Jobs With Justice,≤100
41036437395,Macular Degeneration Research,"BRIGHTFOCUS FOUNDATION, INC. A/K/A BRIGHTFOCUS FOUNDATION",≤100
143432832863234,Katie Witt for Congress,KATIE WITT FOR CONGRESS,≤100
145380305523723,Secure America Now,Secure America Now,≤100
59543893235,National Constitution Center,National Constitution Center,≤100
102123058009298,Tips For Cleaning Your Car,Cornelia Lanisha Holston,≤100
231056563609284,Fresno Metropolitan Flood Control District,Fresno Metropolitan Flood Control District,≤100
248181906078243,National Institute for Civil Discourse,CommonSense American,≤100
627951147293090,FatFinger,Fat Finger LLC,≤100
96935476345,Democratic Governors Association (DGA),Democratic Governors Association,138
2259323457517498,Abolish the Electoral College,ABOLISH THE ELECTORAL COLLEGE,≤100
10498053716,Media Research Center,MEDIA RESEARCH CENTER,≤100
101391906600,Live Action News,Live Action News,≤100
720943967965149,AFSCME Retirees,AMERICAN FEDERATION OF STATE COUNTY & MUNICIPAL EMPLOYEES,≤100
1934191280189700,Health Care Voter,Health Care Voter,≤100
134571176638205,One Tree Planted,One Tree Planted,≤100
101675144792542,Earth & Clover,Earth and Clover,≤100
294879797332635,Debbie Dingell,DEBBIE DINGELL FOR CONGRESS,≤100
189163006809,Clark,These ads ran without a disclaimer,≤100
28510612138,Uncommon Knowledge,Hoover Institution,≤100
104243792943104,Saybrook University,TCS Education System,≤100
1487587521541634,President Donald Trump Fan Club,I Love My Freedom,≤100
384557995468219,Viral Casez,Viral Casez,≤100
181815018520,DC Water,Francesca Justine Thompson,≤100
16534314739,Facing History and Ourselves,"FACING HISTORY AND OURSELVES NATIONAL FOUNDATION, INC.",≤100
108925558017,Shared Hope International,Shared Hope International,≤100
107276507409124,Make America Bad Again,"Provoking Thoughts, LLC",≤100
376776419037747,Turning Point USA,Turning Point USA,≤100
5644748986,National Wildlife Federation,NATIONAL WILDLIFE FEDERATION,≤100
37540989546,Power to Decide,Power to Decide,≤100
312087222175938,Southeast Texas Record,The Record,≤100
105556394228711,Republican Authority,Republican Authority,≤100
126053105675,Save the Redwoods League,Save The Redwoods League,≤100
345504286342057,Keeping America Great Again,RightWingGear.com,≤100
597117373778973,Addicted to Golf,The Dude's Designs,≤100
111585603642437,Angelito Tenorio for West Allis,Tenorio for West Allis,≤100
122671561263552,Committee for Better Banks,"COMMUNICATIONS WORKERS OF AMERICA, AFL-CIO, CLC",≤100
405355946226766,Todd Young,"FRIENDS OF TODD YOUNG, INC.",≤100
458928061510318,Rita Hart for Iowa,RITA HART FOR IOWA,≤100
602074469965571,Plan C,NATIONAL WOMENS HEALTH NETWORK,≤100
140978009255170,Leon County,Leon County Government,≤100
1425435377743310,Conversations with Bill Kristol,The Foundation for Constitutional Government,≤100
269479249997,National Shooting Sports Foundation | NSSF,National Shooting Sports Foundation,172
1392215517462479,Lingua Franca,Lingua Franca NYC,≤100
544741092252764,Congressman Jason Smith,Congressman Jason Smith,≤100
384676381708957,Education NC,Education NC,≤100
1001515190293760,Teddy Daniels,TEDDY DANIELS FOR CONGRESS,≤100
562118050848255,Adam Hattersley,Adam Hattersley for Congress,≤100
1441704426074372,Douglas Taurel,The American Soldier,≤100
292649794717694,The Bulwark,The Bulwark,≤100
40523327759,American College of Physicians (ACP),"AMERICAN COLLEGE OF PHYSICIANS, INC.",≤100
102757964504021,Greta Thunberg Fan Club,Imran M Jemal,≤100
2046280975668889,LeftvsRightIQ.com,LvR Intelligence LLC,≤100
146817005352784,Wellness.com,"Beachside Media, Inc.",≤100
168109446538119,St. Martin's Press,St. Martin's Press,≤100
82637311931,Citymeals on Wheels,CITYMEALS-ON-WHEELS,≤100
54210104594,Indiana University,Indiana University,≤100
14038292386,Women for Women International,WOMEN FOR WOMEN INTERNATIONAL,≤100
85273022315,NAMI,NAMI,≤100
1914537155242810,Life: Powered,Texas Public Policy Foundation,≤100
103652349763757,Dinkleboo,These ads ran without a disclaimer,≤100
107953199261156,ifaw,"INTERNATIONAL FUND FOR ANIMAL WELFARE, INC.",≤100
80668957414,GoSili,SiliKids Inc.,≤100
14673807622,Wisconsin Conservation Voters,WISCONSIN LEAGUE OF CONSERVATION VOTERS,≤100
103974389650244,Amenders for Federal Spending Control,Mark Albert Meier,≤100
109021767293838,Making Retirement Last,Making Retirement Last,≤100
1626952504226671,Tiger Grafx LLC,TIGER GRAFX LLC,≤100