﻿Page ID,Page Name,Disclaimer,Amount Spent (USD)﻿
1639730212934172,"DOVA International Charities, Ltd, 501c3 Non-Profit Charity",Kathleen Louise D'Ovido,≤100
1461863774118436,Bureau of Statistics & Plans,Bureau of Statistics & Plans,≤100
11131463701,truth,TRUTH INITIATIVE FOUNDATION,≤100
106347817561634,Vince Borja for Senator,Vincent Anthony Velasco Borja,≤100
205238189588054,"Race, Racism and the Law",Professor Vernellia Randall,≤100
147247385296588,Senator Telo T. Taitague,Telo T Taitague,≤100
124955570892789,Bernie Sanders,BERNIE 2020,≤100