﻿Page ID,Page Name,Disclaimer,Amount Spent (USD)﻿
1438882392887793,ADF Church Alliance,Alliance Defending Freedom,≤100
612308568954383,Goldilocks Wraps,These ads ran without a disclaimer,≤100
278355662356517,BallotReady,"BallotReady, Inc",≤100
260131294484,Bethesda Lutheran Communities,Bethesda Lutheran Communities,≤100
112735922758892,Charlie Kirk,Charlie Kirk,≤100
1800072483402009,African Community & Conservation Foundation,African Community & Conservation Foundation,≤100
390560688135747,Public Editor Press,"Public Editor Press, Inc",≤100
28889108258,Gospel for Asia,"GOSPEL FOR ASIA, INC.",≤100
595854897124850,Shatterproof,Shatterproof,≤100
165551260479306,Lifting Hands International,Lifting Hands International,≤100
1750471095167410,Trump Train News,Trump Train News,≤100
566008736785269,Be Heard Project,Be Heard Project,≤100
142957224352,International Medical Corps,International Medical Corps,≤100
1557241274325268,Oteas,These ads ran without a disclaimer,≤100
198296877515470,Switch4Good,Switch4Good,≤100
1311291038982513,2A Gear,Teecreations LLC,≤100
720943967965149,AFSCME Retirees,AMERICAN FEDERATION OF STATE COUNTY & MUNICIPAL EMPLOYEES,≤100
102377984581168,A Democrat in the Wilderness,Emmanuel Fourakis,≤100
11111618026,Union of Concerned Scientists,"UNION OF CONCERNED SCIENTISTS, INC.",≤100
6165653060,AFSCME,AMERICAN FEDERATION OF STATE COUNTY & MUNICIPAL EMPLOYEES,≤100
169204449790211,Conservative News Today,"BizPac Review, Inc.",≤100
1677111425839949,The American Promise,American Promise,≤100
2353537341582545,Proud Patriots,"Unicorn Wealth, LLC",≤100
43647453076,familydoctor.org,AMERICAN ACADEMY OF FAMILY PHYSICIANS,≤100
514167322309353,Dan Crenshaw,Crenshaw For Congress,≤100
2283535575207809,Ditch Mitch,DITCH FUND,≤100
101432317199,Blue Cross and Blue Shield Association,BLUE CROSS AND BLUE SHIELD ASSOCIATION,≤100
264352965583,Fall River Community Media,Fall River Community Media,≤100
169294473121454,Policetees.com,PoliceTees.com,≤100
46884117504,John Matthew Walker,John Matthew Walker,≤100
194377127954,Ladders,These ads ran without a disclaimer,≤100
1419480864851393,Arizona Mirror,Arizona Mirror,≤100
14038292386,Women for Women International,WOMEN FOR WOMEN INTERNATIONAL,≤100
103664744402353,Medicare Saviors,Sean Thomas Hofmans,≤100
166618413413767,Jay Sekulow,American Center for Law and Justice,≤100
19746387261,Humane Society International,Humane Society International,≤100
169561162745,The National Wild Turkey Federation,"NATIONAL WILD TURKEY FEDERATION, INC.",≤100
735450726543930,Clergy for a New Drug Policy,Clergy for a New Drug Policy,≤100
1627858584123041,The Apparel Plaza,The Apparel Plaza,≤100
694340911004154,Americans for Intelligence Reform,Americans for Intelligence Reform,≤100
44340057816,UncommonGoods,UncommonGoods,≤100
927809933968663,SupChina,SupChina,≤100
110022477032429,Mike Franken,FRANKEN FOR IOWA,≤100
111955243675833,Brut News,Brut Media,≤100
121388362246,Goldman Sachs,Goldman Sachs & Co.,≤100
101136147910784,Represent Justice,Represent Justice,≤100
7962229886,Environmental Working Group,ENVIRONMENTAL WORKING GROUP,≤100
559064320775674,Col Rob Maness ret,Iron Liberty Group LLC,≤100
314499212242,Pfizer,Pfizer Inc.,≤100
15779440092,National Review,"NATIONAL REVIEW, INC.",≤100
107313307477841,KLM Design,Kevin Lynn Mcilroy,≤100
81517275796,UNICEF USA,UNITED STATES FUND FOR UNICEF,≤100
394817334402124,2020 Trump Bill,Innovative Ecomm LLC,≤100
780606555331010,American Student Loan Advocate,ASLR Marketing,≤100
106431740799515,Susan Moran for State Senate  - Plymouth & Barnstable District,CTE Susan Moran,≤100
2196281620653830,Footprint,Footprint,≤100
1837356789847797,Fulcrum News,David George Seaman,≤100
605168822998856,314 Action,314 ACTION FUND,≤100
12357407443,American Friends Service Committee,AMERICAN FRIENDS SERVICE COMMITTEE,≤100
2225444111055068,AirTrac Transport,"AirTrac Transport, LLC",≤100
147523538641547,Capitol Ministries,CAPITOL MINISTRIES,≤100
1801237890175919,The Denice Gary Show,Denice Garypandol,≤100
476893546417529,Jamie Guerra Dickler for Cook County Circuit Court Judge,Citizens for Jamie Guerra Dickler,≤100
200201209253,Latino Community Foundation,Latino Community Foundation,≤100
5633824547,FreedomWorks,"FREEDOMWORKS, INC.",≤100
356501381631264,Jerusalem Post,Diane Elise Haner,≤100
29883711738,Independent Women's Voice,Independent Women's Voice,≤100
109665250456365,The Armed Patriot,Kenneth Micheal Parkerson,≤100
56332452163,AMA Patients Action Network,American Medical Association,≤100
2309566456030859,Human Coalition Action,Human Coalition,≤100
626681524134752,Williamson County Sheriff  Robert Chody,Robert Chody for Sheriff,≤100
100577113613446,Rock Your Bathroom,SK LANG Products,≤100
113575490062092,Ramon Iglesias for Hendry County Commission,Ramon Iglesias for Hendry County Commission,≤100
101682706561261,"Freedom Watch, Inc.","Freedom Watch, Inc.",≤100
98887816626,Beef. It's What's For Dinner.,Shari Daniella Spooner,≤100
116546288359245,Heritage Action for America,HERITAGE ACTION FOR AMERICA,≤100
113357956873068,Vote for Mike Petersen,Michael Jonathan Petersen,≤100
237477017606,Club for Growth,Club for Growth,≤100
101295517956158,Tricia Zunker for Wisconsin,Tricia Zunker for Wisconsin,≤100
202281636466702,Unseen,Unseen,≤100
568103006940639,Law Office of Gary J. Kim,Law Offices of Gary J. Kim,≤100
2267405033373814,Doctor Patient Unity,Doctor Patient Unity,≤100
186932688457686,CHNGE,CHNGE,≤100
345378512258813,Elise Stefanik,ELISE FOR CONGRESS,≤100
122773549121265,President Trump for Nobel Peace Prize 2020,Tarek None Kteleh,≤100
110415877229724,Real American Sportsmen,Real American Sportsmen,≤100
319618354715606,Providence Student Union,Providence Student Union,≤100
103285009618,Tennessee Entertainment Commission,Tennessee Entertainment Commission,≤100
109175084014970,Trump Style,Tyrone None Byers,≤100
2181403648815959,America United,America United Daily,≤100
1708467695859543,Veteran Transition Mission,Sonia Ivelisse Barriera Ayala,≤100
30708742052,FCTRY,FCTRY,≤100
169830155029,m/Oppenheim Associates,m/Oppenheim,≤100
6985452607,Brita USA,The Clorox Company,≤100
184731548554164,PL+US,Plus Fund: Paid Leave for the United States,≤100
149220264647,ADL - Anti-Defamation League,Anti-Defamation League,≤100
56431624743,Ceres,These ads ran without a disclaimer,≤100
294196590710262,FWD.us,FWD.us,≤100
23954995487,FoodPrint,Foodprint,≤100
5644748986,National Wildlife Federation,NATIONAL WILDLIFE FEDERATION,≤100
311896169406139,Trump 2020 Wear,Trump 2020 Wear,≤100
1909465542698901,Nelson Recruiting LLC,Jessica Larea Nelson,≤100
12692955711,Chronicle of Higher Education,"CHRONICLE OF HIGHER EDUCATION, INC. (THE)",≤100
1050320055029012,Outrider Foundation,OUTRIDER FOUNDATION,≤100
10423517786,Harvard Business Review,HARVARD BUSINESS SCHOOL PUBLISHING CORPORATION,≤100
132492254050920,American AF,AAF Nation,≤100
303061950155375,John James,"JOHN JAMES FOR SENATE, INC.",≤100
1811405699080331,Recovery Advocacy Project,Recovery Advocacy Project,≤100
101336841260036,The Christie Institute for Public Policy,The Christie Institute for Public Policy Inc.,≤100
1701899883357807,Seed Your Future,Seed Your Future,≤100
589787637733608,Scherie S. Murray,SCHERIE MURRAY FOR CONGRESS,≤100
36474716066,Color Of Change,COLOROFCHANGE.ORG,≤100
169440273093442,The Center for Election Science,The Center for Election Science,≤100
106241024214152,American Home Life Periodical,Steven Luu Nguyen,≤100
1438808983108348,BOLD PAC,CHC BOLD PAC,≤100
107334019308912,Olive Crest - USA,OLIVE CREST,≤100
1399926390134311,Nature's Generator,Huntkey USA Inc,≤100
289359554914740,We Have A Stake,The ANCOR Foundation,≤100
304058913005378,Senior and Disabled Concerns,Senior & Disabled Concerns,≤100
158020364262665,Dominion Energy,Dominion Energy,≤100
101788601255619,Mark Sidney,Power To The Publisher,≤100
130848666099,Business Forward,Business Forward Inc.,≤100
45393753416,Alliance Defending Freedom,Alliance Defending Freedom,≤100
136121223083299,Sea Turtle Conservancy,"SEA TURTLE CONSERVANCY, INC.",≤100
136201633772201,SisterSquad,These ads ran without a disclaimer,≤100
1145019702185006,Alliance for Safety and Justice,Alliance for Safety and Justice,≤100
730523726972795,Ponytail Mafia,Danna Lucia Siciliano,≤100
147775309249550,Tracy Lovvorn For Congress,Tracy Lyn Lovvorn,≤100
193618220508,LIFE Today,LIFE Outreach International,≤100
769395966523308,Eddie J. Mauro,MAURO SENATE CAMPAIGN TEAM,≤100
1627212824167934,Men4Choice,Men4Choice,≤100
211049239087028,Association of Young Americans,Benjamin J Brown,≤100
112942500238297,Trees4Australia,Trees4Australia,≤100
147390698637518,Free State Project,Free State Project,≤100
47710973068,Cooperative Action Network,National Rural Electric Cooperatives Association,≤100
129523843754764,Vote Smart,PROJECT VOTE SMART,≤100
348973409274904,Velvet Hamster,Velvet Hamster,≤100
174866249236469,Tulsi Gabbard,TULSI NOW,≤100
293225127381200,Patriot Depot,The Patriot Depot,≤100
384336778589668,Defend Our Constitution,COMMON CAUSE,≤100
115911665626912,The Term Limit Revolution,Scott M Murphy,≤100
354329797956187,The Catholic Association,"The Catholic Association, Inc",≤100
86711894400,National Write Your Congressman,National Write Your Congressman,≤100
67180895597,National Shrine of St. Jude,The National Shrine of St. Jude,≤100
1651376218448809,"Parker Destin for Okaloosa County Commissioner, District 5","Parker Destin for Okaloosa County Commissioner, District 5",≤100
89336510798,American Friends of the Hebrew University,American Friends of Hebrew University,≤100
107803440835562,US Hot Gears,Click Wonders,≤100
6204742571,Sierra Club,SIERRA CLUB,≤100
321334725246666,Anton Sakharov for Governor GOP,Anton Sakharov for Governor,≤100
100666038243915,Trump Flag 2020,Gold Sky Ventures LLC,≤100
180396722015199,Reporters Without Borders (RSF USA),REPORTERS WITHOUT BORDERS INCORPORATED,≤100
164427643612907,Futures Without Violence,Wendi Lea Aarons,≤100
278490715553293,Martha McSally,MCSALLY FOR SENATE INC,≤100
499379343409991,Impact Fund,"IMPACT FUND, THE",≤100
214876605277049,Laura M. Montoya 4 NM,LAURA MONTOYA 4 NM,≤100
97830335456,Patagonia,"PATAGONIA, INC.",≤100
136126341809,American Bird Conservancy,American Bird Conservancy,≤100
5435784683,Greenpeace USA,"GREENPEACE, INC.",≤100
1615018905412860,Progressive Turnout Project,PROGRESSIVE TURNOUT PROJECT,≤100
2096116803831566,Live Poll for Democrats: 11:59 P.M. Deadline,Democratic Governors Association,≤100
107761702578379,American Institute for Cancer Research - AICR,American Institute for Cancer Research,≤100
77852784853,Absolut,Pernod Ricard USA,≤100
1441704426074372,Douglas Taurel,The American Soldier,≤100
8524198486,Physicians Committee for Responsible Medicine,"PHYSICIANS COMMITTEE FOR RESPONSIBLE MEDICINE, INC.",≤100
7483836629,Ancestry,Ancestry.com Operations Inc.,≤100
1083949645080409,Bob Statchen for State Senate,Robert R Statchen,≤100
547176209061125,Medicare for All NOW,Medicare For All NOW!,≤100
103893510971054,The Truth Podcast: Question Everything,Richard Ucheabuchi Ojeh,≤100
192771954102960,Jordan Sekulow,American Center for Law and Justice,≤100
131217580266597,National Council on Aging,"NATIONAL COUNCIL ON AGING, INC.",≤100
19045776114,The Better World Campaign,BETTER WORLD CAMPAIGN,≤100
243510442756370,Justice Democrats,JUSTICE DEMOCRATS PAC,≤100
1234251319933440,Exclusive Apparel,The Dude's Designs,≤100
118916718118531,Feeding America West Michigan,FEEDING AMERICA WEST MICHIGAN,≤100
328072970642479,Jaime Harrison,JAIME HARRISON FOR US SENATE,≤100
73478266116,SoulPancake,SoulPancake,≤100
384676381708957,Education NC,Education NC,≤100
112719376780180,The Democratic Change Store,The Democratic Change Store,≤100
109889733883173,WE GOT TEEZ,RICHARD ANDREW-WITTE COMISKEY,≤100
100123544800892,Disme Coin Company,Byron Michael Laughlin,≤100
365591516828390,Georgia's WIN List,Georgia WIN List,≤100
198875903295,Trek Bicycle,TREK BICYCLE CORPORATION,≤100
407259346037246,Elect Andre Horton for State Senate,Friends of Andre Horton,≤100
1224156504416050,American Patriot Depot,American Patriot Depot,≤100
115142449914066,Reporter's Journal,Shakyra Avantee Mccutchen,≤100
100671838129752,CCW Qualified,Kyle Francis Sekerak,≤100
108512875350,The Atlas Society,The Atlas Society,≤100
127225910653607,PragerU,PragerU,≤100
143509339045414,Americans for Peace and Tolerance,"AMERICANS FOR PEACE AND TOLERANCE, INC.",≤100
291102898490822,Giant Maga Hat,Inventors club LLC,≤100
169130743498585,Tactical Pro Supply,Chad Keller,≤100
463095630924391,US Business Funding,Credox,≤100
20787991568,Senate Democrats,DSCC,≤100
130936757062757,T-Mobile Workers United (TU),"COMMUNICATIONS WORKERS OF AMERICA, AFL-CIO, CLC",≤100
298827966811602,Trump Recession,Maurice Lane Ponsart,≤100
399997860992,Educators for Excellence,Educators for Excellence,≤100
111585603642437,Angelito Tenorio for West Allis,Tenorio for West Allis,≤100
127637620616803,Comcast Newsmakers,Comcast,≤100
58691227283,The New York Young Republican Club,The New York Young Republican Club,≤100
181183059253295,Dorsal Bracelets,Dorsal Bracelets,≤100
102213261325325,Timothy Aldal for Oregon,Timothy Wayne Aldal,≤100
17203056985,Partners In Health,Partners In Health,≤100
81372493950,POET,POET,≤100
629742243712069,The Kennedy Forum,Mental Health Leadership Initiative,≤100
103384664607891,Gilbert Simon MD,Gilbert Simon MD,≤100
111946517063849,Pets4Watkins,The Committee to Elect David Watkins,≤100
1883837055193241,Shield Republic,Shield Republic,≤100
50540749125,International Orthodox Christian Charities,"INTERNATIONAL ORTHODOX CHRISTIAN CHARITIES, INC.",≤100
146817005352784,Wellness.com,"Beachside Media, Inc.",≤100
106064790999964,Blair for Congress - Tennessee 1st,BLAIR FOR CONGRESS 2020,≤100
122894447754361,Institute for New Economic Thinking,"INSTITUTE FOR NEW ECONOMIC THINKING, THE",≤100
191975737491988,Jennifer Wexton,WEXTON FOR CONGRESS,≤100
472938276849222,Heroes 4 Healthcare,"Center for Popular Democracy, INC.",≤100
111499786969475,Vohallo,These ads ran without a disclaimer,≤100
103974389650244,Amenders for Federal Spending Control,Mark Albert Meier,≤100
93228695778,Tea Party Patriots,Tea Party Patriots,≤100
103276597856432,The Trump Collective,Alexander Quinn Urbach,≤100
50710138582,Campaign Solutions,CAMPAIGN SERVICES INC,≤100
165014546858456,Free To Choose Network,FREE TO CHOOSE,≤100
277005566267077,Blueland,Blueland,≤100
407664862957433,Ammar Campa-Najjar for Congress,AMMAR CAMPA-NAJJAR FOR CONGRESS,≤100
182620315479,Plan International USA,Plan International USA,≤100
37618389051,United Way of Rhode Island,UNITED WAY OF RHODE ISLAND INC,105
104851617686932,Concealed Country,Concealed Country,≤100
441216289222516,Production for the People,Production for the People,≤100
309308412520731,Sandy Hook Promise,Sandy Hook Promise,≤100
314121315788033,Stand with Parkland,Stand With Parkland,≤100
500410440069924,Dan "Taxation Is Theft" Behrman for President 2020,COMMITTEE TO ELECT DAN TAXATION IS THEFT BEHRMAN,≤100
265268336865693,Do Amore,Do Amore Limited Company,≤100
461530314600399,Common Sense American Politics,Common Sense American Politics,≤100
101784008065542,Commit to Seniors,American Commitment,≤100
2354481724812667,Spencer for Milwaukee City Attorney,Spencer for Milwaukee,≤100
1290536624348001,Informed Immigrant,FWD.us Education Fund,≤100
2259323457517498,Abolish the Electoral College,ABOLISH THE ELECTORAL COLLEGE,≤100
73727120674,Rush University System for Health,Rush University System for Health,≤100
201248453800242,My Pay My Say,Mackinac Center for Public Policy,≤100
2154804598181848,Conservatives informing Conservatives,Charles None Ostertag,≤100
149034417891,ettitude,Ettitude,≤100
1435071773455316,Daily Wire,The Daily Wire,≤100
103998411193631,Love in the Time of Trump,Michnael Loris Millard,≤100
121750354532995,Yale Program on Climate Change Communication,Yale Program on Climate Change Communication,≤100
104933662932387,CreativeFuture,CreativeFuture,≤100
2323471027903589,Bridging Minds,Bridging Minds,≤100
103372041280696,Jennifer Butler,Gregory Philip Williams,≤100
698400060189827,Dan Sullivan,Alaskans for Sullivan,≤100
560140464159364,Stand for the 2nd Amendment,SFT2 Tactical Supply,≤100
777657635932867,Blessings Through Action,Blessings Through Actions,≤100
108661937180567,MAGA Outfitters,MAGA Outfitters,≤100
2171158826509354,Earth & Friends,These ads ran without a disclaimer,≤100
125319303823,Champlain College,Champlain College Incorporated,≤100
911828698840246,ReLEntless Defender Apparel,ReLEntless Defender Apparel,≤100
276015033095157,NYS DACC,DEMOCRATIC ASSEMBLY CAMPAIGN COMMITTEE,≤100
98912141410,American Forests,American Forests,≤100
332172544231683,America's Plastic Makers,"AMERICAN CHEMISTRY COUNCIL, INC.",≤100
18082780500,Detroit Public Television,DETROIT EDUCATIONAL TELEVISION FOUNDATION,≤100
102617961152741,Barbara Bollier,BOLLIER FOR KANSAS,≤100
7609325759,Jim McGovern,RE-ELECT MCGOVERN COMMITTEE,≤100
205795426669644,Facts and Logic about the Middle East,Facts and Logic About the Middle East,≤100
280285049085,Homes.com,Homes.com,≤100
255587152180,Shavitz Law Group,Paul James Herrmann,≤100
109295377337702,Trumplican Store,Minerva LLC,≤100
2059019737447210,ChangeRoots,ChangeRoots,≤100
1502654549792632,Protect Our Care,Sixteen Thirty Fund,≤100
32802178807,Homes For Our Troops,Homes For Our Troops,≤100
1691667177798461,Brut,Brut,≤100
1849483715167852,Firefly Engagement,"Firefly Engagement Services, Inc.",≤100
126855128568,FEBC (Far East Broadcasting Company),"FAR EAST BROADCASTING COMPANY, INC.",≤100
305832706292882,American Gun Association,GunAssociation.org,≤100
123963360928,SiriusXM,SiriusXM,127
2602473023098666,Democratic Polling Center,Democratic Governors Association,≤100
106503487393272,Ayala-Gonzalez for Judge 2020,Friends of Laura Ayala-Gonzalez,≤100
267180743723148,National Geographic Society,National Geographic Society,≤100
2377166239179411,Nancy Goroff for Congress,Goroff for Congress,≤100
97624620788,American Friends of Magen David Adom,AMERICAN FRIENDS OF MAGEN DAVID ADOM,≤100
6851405967,CREDO Mobile,"CREDO MOBILE, INC.",≤100
362556243875747,Dan Schwartz,FRIENDS OF DAN SCHWARTZ,≤100
334960786913,Luigi's Gourmet Express & Restaurant,These ads ran without a disclaimer,≤100
106883907479649,HUPAC - Health Underwriters Political Action Committee,NATIONAL ASSOCIATION OF HEALTH UNDERWRITERS PAC (HUPAC),≤100
17414523278,Democracy Now!,Ishmael Daro,≤100
95356211637,Ben Ferguson,Ben Ferguson show,≤100
438536186881177,All Clear Foundation,All Clear Foundation,≤100
195155184265445,Choosing Clean Energy: A Campaign of The Nature Conservancy,Nature Conservancy,≤100
16477459734,League of Conservation Voters,"LEAGUE OF CONSERVATION VOTERS, INC",≤100
1437429989675914,Huckabee,"TRINITY CHRISTIAN CENTER OF SANTA ANA, INC.",≤100
115268821893794,Environmental Action,"Environmental Action, Inc.",≤100
440551812676698,Open The Books,American Transparency,≤100
35715544220,Stand.earth,STAND,≤100
2099448153445994,Students for Life Action,"STUDENTS FOR LIFE OF AMERICA, INC.",≤100
15239367801,The Wilderness Society,"WILDERNESS SOCIETY, THE",≤100
11131463701,truth,TRUTH INITIATIVE FOUNDATION,≤100
43609808159,Happy Family Organics,Happy Family Organics,≤100
385473284886474,Hillsdale College,HILLSDALE COLLEGE,≤100
8914040942,Chesapeake Bay Foundation,"CHESAPEAKE BAY FOUNDATION, INC., THE",≤100
8934429638,Planned Parenthood Action,Planned Parenthood Action Fund,≤100
7263476274,Mercy Corps,Mercy Corps,≤100
143021112391265,Jacobin magazine,Jacobin Foundation,≤100
134956813238021,My Stupid Page,Ronald John Gembic,≤100
102756811269921,Fellow Americans,Fellow Americans,≤100
15687409793,World Wildlife Fund,World Wildlife Fund,≤100
7474340746,Human Rights First,HUMAN RIGHTS FIRST,≤100
38882699096,Polaris,POLARIS PROJECT,≤100
480300542088246,Just1 International Mission,Just1 International Mission,≤100
106215047605899,Scott Cornuaud for Hunt County Attorney,Scott Allan Cornuaud,≤100
336470580233523,Pins and Aces Golf Co.,US Craft Brands LLC,≤100
280632008752608,Peter Schweyer,Friends of Peter Schweyer,≤100
383677738397139,Association for Accessible Medicines,Association for Accessible Medicines,≤100
97466887664,Innocence Project,"INNOCENCE PROJECT, INC., THE",≤100
1387062348242626,ProgressNow Arizona,ProgressNow AZ,≤100
999775873528189,Stopping Socialism,The Heartland Institute,≤100
59254639983,Boston Medical Center,BOSTON MEDICAL CENTER,≤100
6500552187,Hulu,"HULU, LLC",≤100
1719463118318375,Bees In The D,BEES IN THE D,≤100
159616034235,Walmart,WALMART INC.,≤100
490605891393110,Bead the Change,Bead the Change,≤100
1166660030079480,National Democratic Redistricting Committee,National Democratic Redistricting Committee,≤100
27311599342,Preemptive Love,Preemptive Love Coalition,≤100
1084856268238034,Trump Talking,Roberto None Lugo,≤100
105538624356773,My Kitchen Savior,Nicole Alexa Lebel,≤100
102617961152741,Barbara Bollier,Bollier for Kansas,≤100
1600352356914768,PushBlack,PushBlack,≤100
85452072376,Newsmax,Newsmax Media,≤100
1224106861035505,Resistbot,Resistbot Action Fund,≤100
184373328845372,Gigi Raffe,Gigi Raffe,≤100
118303441570966,Home Ownership Matters,NATIONAL ASSOCIATION OF REALTORS,≤100
317667194946264,Ro Khanna,RO FOR CONGRESS INC,≤100
80668957414,GoSili,SiliKids Inc.,≤100
175068270105,Seattle's Union Gospel Mission,SEATTLE'S UNION GOSPEL MISSION,≤100
614134231980299,Veterans Empowered To Protect African Wildlife,VETPAW INC,≤100
8550121410,Free Speech America Project,MEDIA RESEARCH CENTER,≤100
1439364926329185,Animal Matters,Animal Matters,≤100
7642602143,Mother Jones,FOUNDATION FOR NATIONAL PROGRESS,≤100
13885075114,Action Against Hunger USA,ACTION AGAINST HUNGER - USA,≤100
791543660926838,"I'll go ahead and keep my guns, Thanks",2A4LIFE LLC,≤100
1824503584434809,I Vaccinate,Michigan Department of Health and Human Services,≤100
1905515863109983,Power In Cooperation,ConocoPhillips,≤100
263192400997017,ment nelson,These ads ran without a disclaimer,≤100
665345483483486,NRA - National Rifle Association of America,NATIONAL RIFLE ASSN OF AMERICA,≤100
100284648021034,New Tolerance Campaign,New Tolerance Campaign,≤100
473227436105637,American Jewish Congress,American Jewish Congress,≤100
451133985355974,Civitas Capital Group,Civitas Capital Group,≤100
11918108948,African Wildlife Foundation,AFRICAN WILDLIFE FOUNDATION,≤100
46093654473,National Republican Congressional Committee,NRCC,≤100
598924810530984,Keeping America Great,FamTeeWorld,≤100
117039803022825,Araceli De La Cruz For Judge,Friends of Araceli Reyes De La Cruz,≤100
1336293769761923,Jon Ossoff,JON OSSOFF FOR SENATE,≤100
262062478079324,Mckayla Wilkes for Congress,MCKAYLA WILKES FOR CONGRESS,≤100
118379493631,Episcopal Relief & Development,EPISCOPAL RELIEF AND DEVELOPMENT,≤100
251512801547984,Ken King,Ken King for State Representative,≤100
100633308217473,Justice For Sara,Justice For Sara,≤100
25852730092,Care2,Care2 Inc,≤100
105060269781,Premiere Collectibles,"Premiere Marketing, Inc.",≤100
14413545701,Conservation Law Foundation,"CONSERVATION LAW FOUNDATION, INC.",≤100
21375324480,The Heritage Foundation,HERITAGE FOUNDATION (THE),≤100
121626482110,Operation Smile,"OPERATION SMILE, INC.",≤100
213687698658,Americans for Prosperity Foundation,Americans for Prosperity Foundation,≤100
386280348647138,"Rebecca Parson for Congress, WA-06",REBECCA PARSON 2020,≤100
21455818797,Feed the Children,"FEED THE CHILDREN, INC.",≤100
82637311931,Citymeals on Wheels,CITYMEALS-ON-WHEELS,≤100
1527563887565895,Allen Waters for U.S. Senate,THE WATERS COMMITTEE,≤100
183989338318281,The American Legion National Headquarters,LEGIONNAIRE,≤100
160191644025128,Walton Family Foundation,WALTON FAMILY FOUNDATION INC,≤100
374520129877,ACCE Action,Alliance of Californians for Community Empowerment Action,≤100
7629206115,The Nation Magazine,"NATION COMPANY, LLC, THE",≤100
590660300952992,CN4 Partners,CN4 Partners,≤100
1338822066131069,Women's March,Women's March,≤100
161879897191723,EarthX,EarthX,≤100
346814612024906,BoyerAZ,Boyer for Senate,≤100
130025717077175,The Orangutan Project,"ORANG UTAN REPUBLIK FOUNDATION, INC.",≤100
1092340954202973,Maya Rockeymoore-Cummings for Congress,Maya Rockeymoore-Cummings for Congress,≤100
67945990059,The American Petroleum Institute,AMERICAN PETROLEUM INSTITUTE,≤100
134452023239984,Human Coalition,Human Coalition,≤100
1640970822834351,Plaine Products,Plaine Products,≤100
417522508294454,Job Creators Network,Job Creators Network,≤100
387055404685275,Basic Books,"Hachette Book Group, Inc.",≤100
133937690180,Student Conservation Association,Student Conservation Association,≤100
717115395103069,PrintedKicks,Printed Kicks,≤100
158887400816820,SAP Sports & Entertainment,SAP,≤100
290851614930809,Combat AntiSemitism,Combat Anti-Semitism,≤100
114371076772585,Andrew Garbarino for Congress,GARBARINO FOR CONGRESS,≤100
399067003454888,Sudan Relief Fund,Sudan Relief Fund Inc,≤100
107291750775792,The 100 Million,Knight Foundation,≤100
253791814655400,Doug Collins,"COLLINS FOR SENATE, INC.",≤100
389661238515891,Craig Curry For County Commission,Craig Curry for County Commission,≤100
1316372698453411,Alexandria Ocasio-Cortez,ALEXANDRIA OCASIO-CORTEZ FOR CONGRESS,≤100
135865583728025,Dan Palmer,"Palmer Media, LLC",≤100
96159580682,Maine Democratic Party,MAINE DEMOCRATIC PARTY,≤100
58158120046,ACLJ,American Center for Law and Justice,≤100
166166843531258,National Council of Resistance of Iran - شورای ملی مقاومت ایران,MEK-Iran (Saeid Saadati),≤100
110909022379213,Re-Elect Nydia Velázquez To Congress,Committee to Re-Elect Nydia M. Velázquez to Congress,≤100
152264148166020,Moms Clean Air Force,Moms Clean Air Force,≤100
151894654697,Save Our States,"OKLAHOMA COUNCIL OF PUBLIC AFFAIRS, INC.",≤100
420424547981908,In Search of Liberty,Scott Dennis Welch,≤100
28896772146,San Diego Zoo,ZOOLOGICAL SOCIETY OF SAN DIEGO,≤100
101908424664094,Best Home Savers 2020,J D Grace Gorospe,≤100
410595875750098,Todd Graham - America's Debate Coach,Steven Todd Graham,≤100
2244779792507645,Gray Matters Radio,Gray Matters Radio,≤100
502969216761221,Common Sense Civics and Citizenship,Candace Donnelly,≤100
110749446963570,Courier,Courier Newsroom,≤100
259130650776119,Mitch McConnell,MCCONNELL SENATE COMMITTEE,≤100
155857265265319,Pre-IPO Buzz,Pre-IPO Buzz,≤100
624872801004570,Give a Child a Voice - Eric Erdman,Miguel Dacosta,≤100
150322194563,PASA Primates: Pan African Sanctuary Alliance,PAN AFRICAN SANCTUARIES ALLIANCE,≤100
711478725532801,Civiqs,Civiqs,≤100
154042404618678,Nutty Steph's,Rabble-Rouser Chocolate & Craft Co.,≤100
8532248414,Wounded Warrior Project,"WOUNDED WARRIOR PROJECT, INC.",≤100
147486638599345,Urban Teachers,Urban Teachers,≤100
111970730196550,World War Zero,AMERICAN SECURITY PROJECT,≤100
296093157932840,The Fulcrum,Issue One,≤100
493811210669780,Creative Action Network,Creative Action Network,≤100
171651620209487,Brady PAC,Brady Pac,≤100
245284549333866,ASMDSS,ASMDSS,≤100
101176014673943,Michelle for Kansas,MICHELLE FOR KANSAS,≤100
1799282383731277,TwoSeventy,Alexander Jared Deutsch,≤100
248262725706461,Power The Future,Power The Future Inc,≤100
66500958355,Wyoming Democratic Party,WY DEMOCRATIC STATE CENTRAL COMMITTEE,≤100
176789922364429,Steve Daines,STEVE DAINES FOR MONTANA,≤100
102745147891580,Trump Coolers,Eric Clifford Juels,≤100
152334631910868,Brewers Association,Brewers Association,≤100
541807025833154,Malala Fund,Malala Fund,≤100
100195511560092,Injury Compensation Center,Injury Compensation Center,≤100
279599502172409,Patriot Mobile,Patriot Mobile,≤100
56780242206,Agros International,Sierra Hana Golden,≤100
192448150001,Jeff Anderson & Associates,Jeffrey R Anderson PA,≤100
263210730984251,We Are Great Again Pac,WE ARE GREAT AGAIN PAC,≤100
163055010716637,G95,Peter Carlton Solle,≤100
27139120832,Advancing Native Missions,Advancing Native Missions,≤100
111024693843511,bamboomainstreet,These ads ran without a disclaimer,≤100
109097990639753,Unite for Colorado,Unite for Colorado,≤100
1452551204988299,GoReact,Speakworks Inc,≤100
160630887998827,Let Them Live,Let Them Live,≤100
391880624260848,RespectAbility,RespectAbility,≤100
571182609571332,NextGen America,NEXTGEN CLIMATE ACTION COMMITTEE,≤100
207381586628343,Donna McLeod,Donna T Mcleod,≤100
2365214577056673,Wesley Morgan,Clinton W Morgan,≤100
102389457864860,Treehuggers Bracelets,ECOMX LLC,≤100
110019893736048,Grandpas Against Trump,Richard Carlton Carlton Daley,≤100
147088585355847,Pride Fowler Industries,Ruben Alvarez,≤100
44224524016,American Kidney Fund,"AMERICAN KIDNEY FUND, INC.",≤100
34362997676,United States Holocaust Memorial Museum,UNITED STATES HOLOCAUST MEMORIAL MUSEUM,≤100
490772387954022,Suraj Patel,Friends of Suraj Patel,≤100
2068830876573768,Project Divided,Marley Benjamin Urbas Duchovnay,≤100
868259909915525,Susie Lee,SUSIE LEE FOR CONGRESS,≤100
300748678230,Tennessee Department of Economic and Community Development,Tennessee Department of Economic and Community Development,≤100
2352630938293825,Mytacticalpromos,Entremax,≤100
102004144751210,Life Insurance Savings,Melissa Marie Luces,≤100
107384664162352,Trumpocchio,John Edward Smythe,≤100
1737556389685016,Good Money,Good Money,≤100
652735891861686,Ben Loyola,BEN LOYOLA FOR CONGRESS,≤100
203583423017526,National Immigration Law Center,National Immigration Law Center,≤100
110084740444015,The Artist Out,The Artist Out,≤100
396341050418432,WORLD Channel,WGBH WORLD Channel,≤100
102776291233869,Increaseoff,These ads ran without a disclaimer,≤100
7209432197,Chris Coons,CHRIS COONS FOR DELAWARE,≤100
162676813937511,Dan Forest,Committee to Elect Dan Forest,≤100
245711905631405,Jeff Jackson,Jeffrey Jackson,≤100
76025018070,San Francisco-Marin Food Bank,San Francisco-Marin Food Bank,≤100
156296274419595,HarperCollins,HARPERCOLLINS PUBLISHERS L.L.C.,≤100
154471447959196,Institute for Veterans and Military Families - IVMF,Institute for Veterans and Military Families,≤100
6279167307,Easterseals,Easterseals,≤100
37892661587,JDC,JDC,≤100
6162159887,The World,The World,≤100
210455593021382,Health Care Voices,"Health Care Voices, a project of Social Good Fund",≤100
519590768083165,Abby Finkenauer for Congress,FINKENAUER FOR CONGRESS,≤100
619891858182645,Black Yankee Apparel,Keith R Laskey,≤100
513785465632396,Airline Passengers for Justice,Airline Passengers for Justice,≤100
711909245654048,National Police Support Fund,National Police Support Fund,≤100
47924244850,Tony La Russa's Animal Rescue Foundation,Tony La Russa's Animal Rescue Foundation,≤100
8924408197,National Partnership for Women & Families,National Partnership for Women & Families,≤100
110201667002800,Jewish Republican Alliance,YukoSocial LLC,≤100
11791104453,NRDC,Natural Resources Defense Council,≤100
1485046298224624,Betsy Sweet,SWEET FOR SENATE,≤100
101401179944527,Mona Foundation,MONA FOUNDATION,≤100
169277310432049,"Texas Precision Optics, Inc.",Texas Precision Optics Inc,≤100
109185783848163,Sweet Pea Living,Morgan T Freeck,≤100
467503009987109,"Healthy Forests, Healthy Communities","Healthy Forests, Healthy Communities",≤100
355799336705,Outreach International,Outreach International,≤100
55713447392,30A,James M Ragsdale,≤100
8564653047,Scott R. Thomas,Scott Thomas Campaign,≤100
16534314739,Facing History and Ourselves,"FACING HISTORY AND OURSELVES NATIONAL FOUNDATION, INC.",≤100
30139072158,CARE,CARE,≤100
2070944712939738,American Police Officers Alliance,American Police Officers Alliance,≤100
39851621214,Student Press Law Center,STUDENT PRESS LAW CENTER INC,≤100
323083351064533,The News Literacy Project,The News Literacy Project,≤100
105793840927838,Amigos Por Marcos A. Gonzales,Amigos Por Marcos A. Gonzales,≤100
102909941095087,Stop Biased Banking,Center for Freedom and Prosperity,≤100
745910525468062,National Center on Sexual Exploitation,National Center on Sexual Exploitation,≤100
16266289036,International Campaign for Tibet,INTERNATIONAL CAMPAIGN FOR TIBET,≤100
716251641755941,New Hampshire Camping & Recreational Vehicle Show,These ads ran without a disclaimer,≤100
23362993101,Center for Immigration Studies,CENTER FOR IMMIGRATION STUDIES,≤100
1626952504226671,Tiger Grafx LLC,TIGER GRAFX LLC,≤100
546497545399440,ASEC - African Sisters Education Collaborative,African Sisters Education Collaborative,≤100
105756057589080,The Lincoln Project,The Lincoln Project,≤100
184943371545358,ASTA - American Society of Travel Advisors,ASTA,≤100
163302087408673,Stop The Donald,Stop the Donald,≤100
103652601269436,Sean W,Sean Winston Media,≤100
465483726908192,iVote,IVote Civic Education Fund,≤100
107053690842532,ABT 2020,ABT 2020,≤100
100489714905608,Democracy Network,Democracy Network,≤100
120522437962280,Hutchins Center for African & African American Research,The Hutchins Center for African & African American Research at Harvard University,≤100
278487153675,Redneck Nation Clothing,Tracie Milliron Gold,≤100﻿
392090254579689,The Nazarene Fund,The Nazarene Fund,≤100
21834534343,Volunteers of America,"VOLUNTEERS OF AMERICA, INC.",≤100
214002058736436,Unite America,UNITE AMERICA,≤100
148774365901126,Natalie Mercedes Negrotti,These ads ran without a disclaimer,≤100
119954938436763,Virguez Law,Virguez Law,≤100
100935474627180,Lisa Savage for US Senate,LISAFORMAINE,≤100
802271849850801,Freedom for All Americans,Freedom for All Americans,≤100
141692255929599,Democratic Socialists of America,DEMOCRATIC SOCIALISTS OF AMERICA INC,≤100
1511412998966651,Altamar with Peter Schechter and Muni Jensen,Altamar LLC,≤100
34992314695,National Center for Public Policy Research,NATIONAL CENTER FOR PUBLIC POLICY RESEARCH,≤100
1892187271040911,FreedomWorks Foundation,FreedomWorks Foundation,≤100
173837496125511,Conscious Step,Conscious Step,≤100
118502801658228,Young Kim,Young Kim for Congress,≤100
90671958533,Lexus,These ads ran without a disclaimer,≤100
151721606865,Intrepid Fallen Heroes Fund,Intrepid Fallen Heroes Fund,≤100
692098794280101,Seth Gruber,Seth David Gruber,≤100
101208514791301,Daniel Turner,Power The Future Inc,≤100
186070498791676,The Dude's Designs,The Dude's Designs,≤100
90498769709,Edenpure,EdenPURE®,≤100
1316308285142040,Planet Home,"Equilibrium Management, LLC",≤100
100256754899828,Patriot's Cave,Patriot's Cave,≤100
105536127617594,The American Digest,The American Digest,≤100
303340767054069,floa,Michael Anthony Stagno,≤100
345751305447288,Daugherty Water for Food Global Institute,Daugherty Water for Food Global Institute,≤100
111309842220631,Greenleaf Gifts,"Greenleaf, Inc.",≤100
246491525549550,Education Post,Education Post,≤100
135403221037,City Journal,City Journal,≤100
851202298296485,Freeman Formula,These ads ran without a disclaimer,≤100
42940254353,Human Rights Watch,"HUMAN RIGHTS WATCH, INC.",≤100
112252320119719,"Aycha Sawa, CPA for Comptroller",Aycha Sawa for Milwaukee City Comptroller,≤100
23978156246,UnidosUS,UNIDOSUS,≤100
148485621883625,40 Days for Life,40 Days for Life,≤100
935745513177754,Elect David Norton - Mayor of Pawtucket,David F Norton,≤100
46347342434,EMILY's List,EMILY'S LIST,≤100
77790954801,Salesian Missions,Salesian Missions,≤100
101343267911968,I-Lead Institute,Erick None Guerrero,≤100
279846350948,St. Labre Indian School,St. Labre Indian School,≤100
100563931462646,Remember In November RI,Patricia L Morgan,≤100
356482637745012,Stansberry Research,Stansberry Research,≤100
115371986580371,EllipsisWit,EllipsisWit,≤100
7630216751,DoSomething.org,DOSOMETHING.ORG,≤100
300992409852,Hoover Institution,Hoover Institution,≤100
1977738355807406,Sharice For Congress,SHARICE FOR CONGRESS,≤100
111198783748504,Elect Judge Trevino,Elect Judge Trevino,≤100
527152117317000,Boss Lady Vegas,These ads ran without a disclaimer,≤100
309798029121030,Everytown for Gun Safety,Everytown for Gun Safety Action Fund Inc,≤100
359933137438156,Nine Line Apparel,Nine Line Apparel,≤100
210277954204,The Young Turks,"The Young Turks, Inc.",≤100
83290028957,Care Net,CARE NET,≤100
44705166993,Vote.org,Vote.org,≤100
1001615463272722,Biosimilars Council,The Biosimilars Council,≤100
215689771967950,Plastic Tides,"Plastic Tides, Inc.",≤100
105732744375701,Steve Bullock,Montanans for Bullock,≤100
118178241651488,DSPolitical,"DSPolitical, LLC",≤100
112044923686511,Motivational Designz,Dominick Battiato,≤100
146381485376355,Steve Montenegro,Montenegro For House,≤100
23996308754,Senate Conservatives,SENATE CONSERVATIVES FUND,≤100
111324359048459,Dr. Roger Marshall,KANSANS FOR MARSHALL,≤100
1082522201878539,Gina Ortiz Jones for Congress,GINA ORTIZ JONES FOR CONGRESS,≤100
101210588150219,Boy Scouts Abuse Claims,X Social Media LLC,≤100
181813995726,Avalara,"AVALARA, INC.",≤100
1025055787535714,A Case for Women,A Case for Women,≤100
127755494595870,Progressive Takeover,PROGRESSIVE TAKEOVER,≤100
376665551018,Rhode Island Commerce,Rhode Island Commerce,≤100
48485058304,Pachamama Alliance,"PACHAMAMA ALLIANCE, THE",≤100
420785874975425,Conservative Institute,The Conservative Institute,≤100
103851564652,Waterkeeper Alliance,WATERKEEPER ALLIANCE INC,≤100
112287913481898,Cindy Banyai for Florida Congressional District 19,FRIENDS OF CINDY BANYAI,≤100
175149559508478,TreeDiaper,Zynnovation LLC,≤100
79743808136,NAIS -- National Association of Independent Schools,"NATIONAL ASSOCIATION OF INDEPENDENT SCHOOLS, INC.",≤100
34370387440,JDRF,JDRF INTERNATIONAL,≤100
100287418232737,Manuel for Washington County,Manuel for Washington County,≤100
110019037232941,Our Earth Straws,Our Earth Straws,≤100
186891114706643,Help Animals India,HelpAnimalsIndia,≤100
2580750575289726,Raise the Bar on Resident Care,SEIU Healthcare 1199NE,≤100
304174600459936,Front Porch Sense,Marnie Lynn Kuhns,≤100
156994304362574,American Bridge,AMERICAN BRIDGE 21ST CENTURY,≤100
83960796709,Institute for Southern Studies,INSTITUTE FOR SOUTHERN STUDIES INC,≤100
124955570892789,Bernie Sanders,BERNIE 2020,≤100
196382377057315,Learn Our History,Learn Our History,≤100
183424985463330,Joe Cunningham,JOE CUNNINGHAM FOR CONGRESS,≤100
1353948297956614,Let Africa Live,Let Africa Live,≤100
35169196082,Project HOPE,"PROJECT HOPE-THE PEOPLE-TO-PEOPLE HEALTH FOUNDATION, INC.",≤100
375760676281438,Mermaid Straw,Mermaid Straw,≤100
376776419037747,Turning Point USA,Turning Point USA,≤100
13063797831,Ben Ray Luján,PEOPLE FOR BEN,≤100
104836377541994,Ride The Fence,Ride The Fence,≤100
101129019929080,Friends in Adoption,"Friends in Adoption, INC",≤100
240509379437127,Shawn Dooley State Representative,Shawn Dooley Election Committee,≤100
23790541544,Democrats,DCCC,≤100
25998443394,MedPage Today,"EVERYDAY HEALTH, INC.",≤100
109113024021709,David Blass,David Eric Blass,≤100
356431274698532,Ryan Hampton,Ryan Hampton,≤100
28807410414,Sea Education Association / SEA Semester,Sea Education Association,≤100
341881063685,"Imprimis, a Publication of Hillsdale College",HILLSDALE COLLEGE,≤100
1711465445765878,Nancy Pelosi,NANCY PELOSI FOR CONGRESS,≤100
103131054573692,Crawfordology,Crawfordology,≤100
675471506247724,Adair for Congress,ADAIR FOR CONGRESS,≤100
428821014132730,Katie Porter,Katie Porter For Congress,≤100
111702860231554,Matt Lieberman,Matt Lieberman for Senate,≤100
52989768601,Population Connection Action Fund,Population Connection Action Fund,≤100
106469240890813,Military Support,These ads ran without a disclaimer,≤100
105783281039179,Professional Services Alliance,Professional Services Alliance,≤100
1809715209318581,Marjorie Taylor Greene for Congress,GREENE FOR CONGRESS,≤100
100911481267154,"Luke Gromen - FFTT, LLC","FFTT, LLC",≤100
100179808132206,Resonation,Resonation Inc,≤100
189285628396655,Vote Common Good,Vote Common Good,≤100
110177119192569,Knightscope,William Li,≤100
19192438096,AAAS - The American Association for the Advancement of Science,American Association for the Advancement of Science,≤100
100284010017717,Foster Friess,Foster Friess,≤100
168876449866088,The Years Project,The Years Project,≤100
353682792005802,Heather Mulligan Begley for Judge,Committee to Elect Heather Begley for Judge,≤100
481717441888024,Mamaroneck Coastal,Mamaroneck Coastal Environment Coalition,≤100
187912903933,Socialist Alternative,Socialist Alternative,≤100
61878332769,ICNA Relief,ICNA RELIEF USA PROGRAMS,≤100
109784800371914,Protect Kids: Fight Flavored E-Cigarettes,TOBACCO-FREE KIDS ACTION FUND,≤100
1389807071117013,Lynn Afendoulis,Lynn Afendoulis for Congress,≤100
289213691238937,Thrasher Coffee,Thrasher Coffee Co.,≤100
22898109808,Grist.org,Grist Magazine,≤100
100787471467527,Knowyourvote,Knowyourvote,≤100
15503839732,Peter G. Peterson Foundation,Peter G. Peterson Foundation,≤100
100823518022814,Laurie Wimmer for State Representative,Laurie for Oregon,≤100
351310239372,Associated Republicans of Texas,Associated Republicans of Texas,≤100
8815573924,Utah Food Bank,UTAH FOOD BANK,≤100
342887442508723,Convention of States,Convention of States Action,≤100
395414573846518,SunFrog Shirts,SunFrog LLC,≤100
135298176481584,Marine Corps Scholarship Foundation,Marine Corps Scholarship Foundation,≤100
304709940450333,Sezmesezu,Christopher James Bates,≤100
497348647140658,Point Source Youth,Point Source Youth,≤100
1791097094486498,Musings,Musings Magazine,≤100
38235851310,USA for UNHCR,UNITED STATES ASSOCIATION FOR UNHCR,≤100
537299709721112,Advantage Gold,Advantage Gold Group,≤100
229944963718518,ArtPlaceAmerica,ArtPlace America,≤100
19972147679,SEIU,SEIU,≤100
6355071377,American Cancer Society Cancer Action Network - ACS CAN,AMERICAN CANCER SOCIETY CANCER ACTION NETWORK INC,≤100
1667638686847579,The Collective PAC,THE COLLECTIVE PAC,≤100
1846324612256008,Your Car. Your Data.,Auto Care Association,≤100
27544763621,Prison Fellowship,Prison Fellowship,≤100
137569740231452,Respect The Look,Respect The Look,≤100
780941275347834,Ilhan Omar,ILHAN FOR CONGRESS,≤100
126575267904438,Love Beauty and Planet,Unilever,≤100
116103198461511,North Shore Animal League America,"NORTH SHORE ANIMAL LEAGUE AMERICA, INC.",≤100
360524400804160,Sam Fein for Assembly,Fein for Assembly,≤100
1614345772179172,Greg Gianforte,Greg for Montana,≤100
214536049346,VPIRG,VERMONT PUBLIC INTEREST RESEARCH GROUP,≤100
101617224555221,Nancy Pelosi Elects Democrats,PAC TO THE FUTURE,≤100
92925746942,Judicial Watch,Judicial Watch,≤100
117709002968266,Green Ocean Co.,Green Ocean Co.,≤100
106333028376,"Nichols Kaster, PLLP",Nichols Kaster PLLP,≤100
1518931974885904,Islamic Ummah Relief,Islamic Ummah Relief,≤100
73970658023,International Rescue Committee,International Rescue Committee,≤100
275908853303174,Pro-Israel America,"Pro-Israel America, Inc.",≤100
100579177991814,Linda Thompson Gonzalez for FL House 93,LindaTGonzalez for Florida State House District 93,≤100
101755761321515,Aaron Harber for CU Regent,Harber for Colorado,≤100
833845080319275,The Daily Patriot,Full Tilt Holdings LLC,≤100
300774350436838,topplr,Data Genomix,≤100
251966044929626,Island Sun Tanning Somers Point / EHT,These ads ran without a disclaimer,≤100
24470472733,The Trevor Project,The Trevor Project,≤100
433919203362871,Bird + Stone,BIRD & STONE INC,≤100
298964866859647,Flows To Bay,Flows To Bay,≤100
1528741944038372,Boyd For Mayor,Candidate for mayor of Wilton Manors,≤100
281844617168,Jewish Voice Ministries International,JEWISH VOICE MINISTRIES INTERNATIONAL,≤100
729927510371645,The Libra Group,"Libra Capital US, Inc",≤100
101103254533,SOS International,SOS International,≤100
717417908274761,Lady Freethinker,Lady Freethinker,≤100
142370046577999,Shahid Buttar for Congress,Shahid Buttar for Congress Committee,≤100
158233651450504,The Palestine Institute for Public Diplomacy,The Palestine Institute for Public DIplomacy,≤100
2225580284361712,Tommy Tuberville,"TUBERVILLE FOR SENATE, INC.",≤100
316955281351,APWU - The American Postal Workers Union,AMERICAN POSTAL WORKERS UNION,≤100
950998258312654,Knowhere,"Knowhere, Inc.",≤100
2406284459692230,Bees4Seas Natural Beeswax Food Wrap,Melissa Marie Eastin,≤100
438678183588710,Ihssane For Congress,IHSSANE FOR CONGRESS,≤100
236369846383459,Congressional Black Caucus PAC,Congressional Black Caucus PAC,≤100
1032931246869252,Ditch the Estate Tax,Policy And Taxation Group,≤100
227535924071462,Animal Petitions,AnimalPetitions.org,≤100
630841967406196,StepChange Clothing,Joseph Harry Wagner,≤100
178647322882839,MarinerEast2,Energy Transfer,≤100
2254455051442790,Flag and Cross,Flag & Cross,≤100
106736034281444,This Place People Together,Lucy  Tran,≤100
109788797242679,The Patriot Circle,Kin Ngai Yeung,≤100
107725512599782,Family Tree Clinic,Alison Naomi Nowak,≤100
124530924015,Hank Gilbert,HANK GILBERT FOR CONGRESS,≤100
159964696102,Kevin McCarthy,KEVIN MCCARTHY FOR CONGRESS,≤100
6333396177,NewsBusters.org,MEDIA RESEARCH CENTER,≤100
19474609238,Mercatus Center at George Mason University,Mercatus Center at George Mason University,≤100
304062610300415,VozWire,Gregson E Mathe,≤100
344690446467832,The Copper Courier,Courier Newsroom,≤100
424916041045138,Point Wealth Management,These ads ran without a disclaimer,≤100
152926718105068,FloWater,FloWater,≤100
44948378512,Destiny Image Publishers,"DESTINY IMAGE, INC.",≤100
96171427550,Raja for Congress,FRIENDS OF RAJA FOR CONGRESS,≤100
84280132559,American Legislative Exchange Council,AMERICAN LEGISLATIVE EXCHANGE COUNCIL,≤100
546707688675095,Smart Approaches to Marijuana,SAM Action,≤100
2195599517186588,Pride,Levi Larry Chambers,≤100
1194865807192273,Conservative Gear,Outergoods LLC,≤100
142665849854371,House Freedom,HOUSE FREEDOM FUND,≤100
602040603170590,Americans for Food and Beverage Choice,Americans for Food and Beverage Choice,≤100
297281494147774,Good Morning Liberty Podcast,Good Morning Liberty,≤100
109360297266116,Fearless Patriot,TERESA NONE OHARA-MARSH,≤100
105556394228711,Republican Authority,Republican Authority,≤100
105229062888132,Stop Soldier Suicide,Stop Soldier Suicide,≤100
260401648038890,Science101,Novelty Media,≤100
290548664672,First Liberty,First Liberty Institute,≤100
111081706926063,Jason Fields for Milwaukee Comptroller,Jason Fields for Milwaukee,≤100
607756062649744,The Syria Campaign,The Syria Campaign,≤100
2223151871134889,Trump45Merch,Thomas Charles Granack,≤100
592074077639509,Donald Trump Is Our President,Power To The Publisher,≤100
386305465057247,Liberty Nation,Liberty Nation,≤100
100822738050183,Trump Star 2020,Greek Steel LLC,≤100
229812467461262,Big League Politics,Big League Politics,≤100
19420215926,CNSNews.com,MEDIA RESEARCH CENTER,≤100
104658830978720,Jeffrey Mack for DuPage County Auditor,Jeffrey None Mack,≤100
96826022393,Yale Environment 360,Yale Environment 360,≤100
102782516806826,Kindle Books By Joe Dacy,Joe  Dacy,≤100
594519783957655,Citizens for National Security,Citizens For National Security,≤100
101591551371555,Fire Mitch. Save America.,SAVE AMERICA FUND,≤100
182079698493370,Portside,Portside,≤100
152258821985032,Disrupt Aging,AARP,≤100
1148818901808925,Sheriff Jim Neil,Keep Jim Neil Sheriff Committee,≤100
207901812670026,theSkimm,"TheSkimm, Inc",≤100
80080296729,The Greater Boston Food Bank,"GREATER BOSTON FOOD BANK, INC., THE",≤100
18982436812,ACLU,American Civil Liberties Union,≤100
111361670448099,Christian Wise Smith for Fulton,Committee to Elect Christian Wise Smith,≤100
510680265702016,Crowned Free,Crowned Free,≤100
137051766452,Purusha People Clothing,Purusha People,≤100
129255907131113,NumbersUSA,NUMBERSUSA EDUCATION AND RESEARCH FOUNDATION,≤100
668145949990925,Responsible PA,Pennsylvania House Republican Campaign Committee,≤100
174009339411865,SmartNews,"SmartNews International, Inc.",302
321275377976909,The People's Lobby,The People's Lobby,≤100
133764907211570,Concerned Citizen,Steven Niems,≤100
78420171887,Sailors for the Sea,SAILORS FOR THE SEAINC,≤100
1945237355733646,Giving Brush,Giving Brush LLC,≤100
179145905973075,Sophie Ratner Jewelry,Sophie Ratner Jewelry,≤100
60182072999,Lila Rose,Live Action,≤100
13341879933,Organic Consumers Association,ORGANIC CONSUMERS ASSOCIATION,≤100
7860876103,Joe Biden,BIDEN FOR PRESIDENT,478
1864721517082089,Democratic Attorneys General Association,Democratic Attorneys General Association,≤100
1836138529938551,Greater Half,Greater Half,≤100
96935476345,Democratic Governors Association (DGA),Democratic Governors Association,≤100
177544721630,The Stanford Review,The Stanford Review,≤100
46428009499,The Jewish Agency for Israel,Shiri  Stern,≤100
1425435377743310,Conversations with Bill Kristol,The Foundation for Constitutional Government,≤100
100133478298109,jodi_aikau,These ads ran without a disclaimer,≤100
438165796775128,Full Moon Features,These ads ran without a disclaimer,≤100
112325855474892,Speak Up For Education and Kids,National Education Association,≤100
107078204155592,Bamanewsnow.com,David Leonard Preston,≤100
28144169620,Alliance for Aging Research,Alliance for Aging Research,≤100
785936231584382,Paula Jean Swearengin,Paula Jean for West Virginia,≤100
102988591071943,Daniel Gade,"GADE FOR VIRGINIA, INC.",≤100
100256754899828,Patriot's Cave,Lucky Shot USA,≤100
262173980908600,LTM,LTMShop,≤100
1018914308173454,FStop Foundation,"FSTOP FOUNDATION INC, THE",≤100
64343851262,National Catholic Reporter,"NATIONAL CATHOLIC REPORTER PUBLISHING COMPANY, THE",≤100
231518367314146,Kim Olson for Congress,KIMFORCONGRESS,≤100
100298938781,Robert Wood Johnson Foundation,Robert Wood Johnson Foundation,≤100
229229790561217,Tamara Mellon,"Tamara Mellon Brand, Inc.",≤100
197760674021143,Indivisible Guide,INDIVISIBLE ACTION,≤100
101183127996396,Four Is Enough,PACRONYM,≤100
118269091671380,The Home T,The Home T,≤100
1597171150506754,The Liberty Project,cleancult,≤100
79279853233,Professional Photographers of America,"PROFESSIONAL PHOTOGRAPHERS OF AMERICA, INC.",≤100
143173285763,Tenth Amendment Center,Tenth Amendment Center,≤100
942916745862885,Silver Falls Sustainability Co.,Silver Falls Sustainability Co,≤100
171516669541491,Bright Hope,BRIGHT HOPE INTERNATIONAL,≤100
593289284500311,Trump Rack,BOXD Marketing,≤100
104845836238949,World Animal Protection US,World Animal Protection,≤100
9538894955,John F. Kennedy Presidential Library and Museum,"John Fitzgerald Kennedy Library Foundation, Inc.",≤100
460844281074800,Tiny Trump,Eric D Corriel,≤100
461204744067686,Family Protection Association,Family Protection Association,≤100
746938465317981,Nuclear Matters,Nuclear Matters,≤100
105264094403642,Trump MAGA Swag,James Richard Griffin,≤100
100782758062291,Bernie Sanders Beanie,Stephen Alan Twyman,≤100
555460057980407,Patricia Morgan,Patricia L Morgan,≤100
301228420816284,Teresa Leger Fernandez,TERESA FOR ALL,≤100
2012750189007245,Liquid Death Mountain Water,Liquid Death,≤100
106431740799515,Susan Moran for State Senate  - Plymouth & Barnstable District,Joseph J Manning,≤100
134571176638205,One Tree Planted,One Tree Planted,≤100
1580844735465499,Mighty Oaks Warrior Programs,Mighty Oaks Foundation,≤100
67011831040,Canon Press,Canon Press,≤100
18479402361,No Kid Hungry,No Kid Hungry,≤100
96472420073,Moment Magazine,Moment Magazine,≤100
172630052226,James Felton Keith,JFK ORGANIZERS,≤100
213998472307,Hoosier Environmental Council,"HOOSIER ENVIRONMENTAL COUNCIL, INC",≤100
101724361319410,Ronny Jackson for U.S. Congress TX-13,Texans for Ronny Jackson,≤100
105813914219921,Senior Benefits Network,These ads ran without a disclaimer,≤100
855790991125675,TakeItBack.Org,TAKEITBACK.ORG POLITICAL ACTION,≤100
100468121518961,La Porte News: By Chuck Rosa,Charles James Rosa,≤100
2046280975668889,LeftvsRightIQ.com,LvR Intelligence LLC,≤100
2247157928890191,Compromiso5,Compromiso Social Por la Revolución Ciudadana,≤100
113051076740752,David Willingham for Cobb County State Court,Friends of Willingham for Cobb State Court,≤100
1917715138510680,Follow Your Legend,Legend Bracelet,≤100
587681288088728,Adam Brandon,"FREEDOMWORKS, INC.",≤100
733226656816228,etee,These ads ran without a disclaimer,≤100
917165515112598,Progressive Power,USA Unify Media Inc,≤100
102860661680,Quetico Superior Wilderness News,Quetico Superior Foundation,≤100
1624907487621555,Rethink My Healthcare,RethinkMyHealthcare Inc,≤100
17911165812,Covenant House International,Covenant House,≤100
203197030603239,8 Billion Trees,8 Billion Trees LLC,≤100
408250066356,Bill O'Reilly,"Bill Me, Inc.",≤100
170582513587720,Liberty Through Wealth,The Oxford Club,≤100
947055948683779,Storus,Mia Kaminski,≤100
104325844436320,US Dollar Reports,US Dollar Reports,≤100
467804929927622,Jason Smith,JASON SMITH FOR CONGRESS,≤100
201031876608118,Communications Workers of America - Next Generation,"COMMUNICATIONS WORKERS OF AMERICA, AFL-CIO, CLC",≤100
481663778643815,CLR Community Empowerment Inc.,"CLR COMMUNITY EMPOWERMENT, INC.",≤100
192738164073627,A Better Balance,A BETTER BALANCE,≤100
533347293669517,Great American Era,Great American Era,≤100
106136417435051,Iwantmyoceanback,Iwantmyoceanback,≤100
7192716362,Amnesty International USA,Amnesty International USA,≤100
157810487611661,Freethink,Freethink,≤100
114710126648118,Republican Dogs,Republican Dogs,≤100
54580146753,Faith in Action,Faith in Action,≤100
279256605891946,CalmEffect,"Balance Marketing Group, LLC",≤100
108777231824,Manhattan Institute for Policy Research,MANHATTAN INSTITUTE FOR POLICY RESEARCH INC,≤100
30079936984,CWS,"CHURCH WORLD SERVICE, INC.",≤100
143152622368089,San Diego Zoo Safari Park,ZOOLOGICAL SOCIETY OF SAN DIEGO,≤100
103292801078614,Given No Choice: A History of Abortion Rights,Cody Patrick Mcdevitt,≤100
5887538795,Education Week,Education Week,≤100
627951147293090,FatFinger,Fat Finger LLC,≤100
100391988083233,Triggered Freedom Apparel,Triggered Freedom Apparel,≤100
53167307346,Communist Party USA,Communist Party USA,≤100
103116414447197,"Paletz for Colorado, Democrat for House District 6",Steven Andrew Paletz,≤100
374848446414965,Pollking,Benjamin Aaron Perlman,≤100
312034739463594,Kina Collins,KINA FOR CONGRESS,≤100
127387580531,Meals on Wheels North Central Texas,MEALS ON WHEELS OF JOHNSON AND ELLIS COUNTIES INC.,≤100
651030188696796,Desoto Parish District Attorney's Office,Desoto Parish District Attorney's Office,≤100
197374340229,E2 - Environmental Entrepreneurs,E2 (Environmental Entrepreneurs),≤100
109788797242679,The Patriot Circle,These ads ran without a disclaimer,≤100
7341997111,Conservation International,Conservation International,≤100
459890014763287,Rocky Mountain Values,Rocky Mountain Values,≤100
8145161702,Lambda Legal,"LAMBDA LEGAL DEFENSE & EDUCATION FUND, INC.",≤100
497991007020677,Elmore Indian Art,These ads ran without a disclaimer,≤100
114815188528887,Neighborhood Nurse,Kristina Anne Larsen,≤100
130025717077175,The Orangutan Project,These ads ran without a disclaimer,≤100
86134975779,Coast Guard Foundation,Coast Guard Foundation INC.,≤100
170591064699,Southern Poverty Law Center,"SOUTHERN POVERTY LAW CENTER, INC., THE",≤100
1305943179552668,Forrest Johnson,Forrest Nels Johnson,≤100
108906707265489,USA Pooch,"PRESIDENTIAL POOCH, INC",≤100
114386721939978,The Made in America Store,Made In America Store,≤100
451017325081762,Robin Knapp- Onslow County Commissioner,Kelli Knapp,≤100
102540204580217,UpNorthNews,Courier Newsroom,≤100
54787697857,Ron Wyden,WYDEN FOR SENATE,≤100
1666922183524165,ReThink Energy NJ,ReThink Energy NJ,≤100
284946111858895,Debbie Mucarsel-Powell,DEBBIE FOR CONGRESS,≤100
57259033959,AARP,These ads ran without a disclaimer,≤100
313723095478950,The Daily Citizen,Focus on the Family,≤100
100137754724934,Trump 2020 Supporters,Proud Right Winger,≤100
40102638699,J Street,J STREET INC,≤100
309094279104553,Twelve Books,"Hachette Book Group, Inc.",≤100
1375618656016062,Deb Haaland for Congress,DEB HAALAND FOR CONGRESS,≤100
53541257714,The Arc of the United States,"ARC OF THE UNITED STATES, INC., THE",≤100
6041057841,The Humane Society of the United States,"HUMANE SOCIETY OF THE UNITED STATES, THE",≤100
279813765513458,Lauren Carson,Friends of Lauren Carson,≤100
107199049318619,Friends of Derek Kilmer,PEOPLE FOR DEREK KILMER,≤100
332716170522025,America First Action,America First Action,≤100
427302110732180,Mike Cernovich,Michael C Cernovich,≤100
115364585711,Lawyers' Committee for Civil Rights Under Law,LAWYERS' COMMITTEE FOR CIVIL RIGHTS UNDER LAW,≤100
431099560800970,Front Page Live,"Front Page Live, Inc.",≤100
404041503001995,Time On The Hill,"Time On The Hill, Inc.",≤100
45013872425,The Ripon Society,RIPON SOCIETY,≤100
804568342964376,2nd Amendment Rights,One Nation Design,≤100
738298126313472,John Thomas Political Strategist,The Thomas Guide Show,≤100
2078647579047586,Project Pulso,Project Pulso,≤100
49906899425,Ramapo College of New Jersey,Ramapo College of New Jersey,≤100
2777578242259790,Great Again Gear,Great Again Gear,≤100
107858693983382,The GOP Shop,The GOP Shop,≤100
27461595703,Carbonfund.org Foundation,829 Studios LLC,≤100
139599847972,National Nurses United,BE A HERO PAC,≤100
101568761447230,Compensation Experts USA,Injury Compensation Center,≤100
1612726335627171,We the Internet TV,We the Internet TV,≤100
270953679726380,Re-Elect Judge Joyce Kimbler,Re-Elect Judge KImbler Committee,≤100
484570714895331,The Monte Scoop,Susan C Montemorano,≤100
508433235840691,Minnesota Bio-Fuels Association,"The Minnesota Bio-Fuels Association, Inc",≤100
402120963932260,Counterpoint,Counterpoint,≤100
203805062990264,Ben Shapiro,The Daily Wire,≤100
1196769660363002,Same God Film,"DIGITAL COAST MEDIA, LLC",≤100
268311603350722,The American Independent,The American Independent,≤100
1585761838387907,Unity College Online,Unity College,≤100
163684173651518,SEIU Local 2015,SEIU LOCAL 2015,≤100
110312563826283,SadEarth,SADEARTHBRAND,≤100
242960515598,Military Spouse,Victory Media DBA Military Spouse,≤100
8895898655,Rainforest Alliance,"RAINFOREST ALLIANCE, INC.",≤100
152766071443309,The City University of New York,The City University of New York,≤100
151617221654821,Natalie Jean,Natalie Jean,≤100
153080620724,Donald J. Trump,"DONALD J. TRUMP FOR PRESIDENT, INC.",≤100
721340781352249,The Digital Plan,The Digital Plan,≤100
75305414159,National Beer Wholesalers Association,National Beer Wholesalers Association,≤100
599037717094428,Lil Guillotine,Liam Robert Manjon,≤100
33110852384,Doctors Without Borders/ Médecins Sans Frontières (MSF),Doctors Without Borders/Médecins Sans Frontières (MSF),≤100
462537231005690,Calvin Dane for Rock Island County State's Attorney,Friends of Calvin Dane,≤100
117362515005706,The Bowery Mission,The Bowery Mission,≤100
136211573758668,State Representative Steve Allison,Steve Allison,≤100
79125112926,Students for Life of America,"STUDENTS FOR LIFE OF AMERICA, INC.",≤100
723136714746586,The Common Ground Project,"The Common Ground Project, Inc.",≤100
103959221222594,IL Citizens for Accountability,Citizens for Accountability,≤100
6502038524,First Book,FIRST BOOK,≤100
387260852134552,Dr. Tom Tarter,CITIZENS FOR TOM TARTER,≤100
324119001078997,"Sanford Heisler Sharp, LLP","Sanford Heisler Sharp, LLP",≤100
508128102542448,Michael Owens for Congress,OWENS FOR CONGRESS,≤100
123651254408327,Sokolove Law,"Sokolove Law, LLC",≤100
169597416843751,Stand Up America,Stand Up America,≤100
602714436529710,End Citizens United,END CITIZENS UNITED,≤100
313213485894348,Meghan Schroeder,Friends of Meghan Schroeder,≤100
112600915451330,No Labels,No Labels,≤100
455219198167409,Johnathan S. Perkins,Johnathan S. Perkins,≤100
103682110993833,Arctic Refuge Defense Campaign,Alaska Wilderness League,≤100
22872837832,Food Lifeline,FOOD LIFELINE,≤100
18780321251,American Chemistry,"AMERICAN CHEMISTRY COUNCIL, INC.",≤100
360424321432255,Doha Debates,Doha Debates,≤100
300719666712627,Moms Demand Action for Gun Sense in America,Everytown for Gun Safety Action Fund Inc,≤100
209516845093,NRDC Action Fund,NRDC Action Fund,≤100
191602167588409,Rotary Club of Victorville,Coleen Regina Luque,≤100
8492293163,Environmental Defense Fund,Environmental Defense Fund,≤100
110257623864359,Cool Mud Flaps,"OHIO LASER, LLC",≤100
292351509697,Jerusalem Prayer Team,Jerusalem Prayer Team,≤100
534568670214804,NM Comunidades en Acción y de Fé - CAFé,NM COMUNIDADES EN ACCION Y DE FE (CAFE),≤100
207833736045744,MHAction.org,Kevin R Borden,≤100
21559454473,FAIR,FEDERATION FOR AMERICAN IMMIGRATION REFORM,≤100
100401327980848,National Parents Union,National Parents Union,≤100
110534837143289,John Goncalves for Providence City Council Ward 1,Friends of John Goncalves For City Council,≤100
1039601176181323,Kathy Wyenandt for State Senate,Friends of Kathy Wyenandt,≤100
110316380149,Family Policy Alliance,Family Policy Alliance,≤100
167586229923327,World Food Program USA,World Food Program USA,≤100
511235549007985,PRJKT RUBY,PRJKT RUBY,≤100
110304423857607,Patriot Wear,Brandon Kyle Fink,≤100
110180100608226,Magic Straw,These ads ran without a disclaimer,≤100
808450969246896,"Rebecca Walser, Tax Attorney, CFP",Walser Wealth Management,≤100
103022784417075,NOW,NOW Company,≤100
34521916336,Brent Bozell,MEDIA RESEARCH CENTER,≤100
7219151423,The Fund for American Studies (TFAS),The Fund for American Studies,≤100
22984054572,Numi Organic Tea,Numi Organic Tea,≤100
174990912523108,Rhode Island Resource Recovery Corporation,Rhode Island Resource Recovery Corporation,≤100
427290978110426,Backpage Trafficking,X Social Media LLC,≤100
1431647400421353,Sheriff Troy E. Nehls,NEHLS FOR CONGRESS,≤100
740266592735787,Free to Be Kids,Free To Be Kids,≤100
1836138529938551,Greater Half,Billy Benson,≤100
109111900634787,Reverend Raphael Warnock,WARNOCK FOR GEORGIA,≤100
25121889784,Texas Public Policy Foundation,Texas Public Policy Foundation,≤100
222164564466305,Civic Life Project - www.civiclifeproject.org,Dominique Lasseur,≤100
100847831440144,Trump 2020 Tees,Robert William Zagby,≤100
104574721149424,Eliza Orlins,Eliza Orlins For New York,≤100
8057376739,The Nature Conservancy,Nature Conservancy,≤100
1402827079932843,Low Income Relief,The Lighthouse Information Network LLC,≤100
302182941354,AARP Advocates,AARP,≤100
129240690441636,NAACP Legal Defense Fund,"N. A. A. C. P. LEGAL DEFENSE AND EDUCATIONAL FUND, INC.",≤100
830121337093232,National Democratic Training Committee,NATIONAL DEMOCRATIC TRAINING COMMITTEE PAC,≤100
212090022784120,Moments Engraved,Jeet None Banerjee,≤100
772624976214511,Florida Record,The Record,≤100
201956993160690,MRCTV,MEDIA RESEARCH CENTER,≤100
3136140586411627,Jesse Reyes for Illinois Supreme Court,Committee to Elect Jesse G Reyes,≤100
452797224923658,Democratic Coalition Against Trump,THE DEMOCRATIC COALITION,≤100
105175422857231,Association of American Railroads,ASSOCIATION OF AMERICAN RAILROADS,≤100
156392276602,Strong Towns,Strong Towns,≤100
11024050756,Bioneers,Bioneers,≤100
107723573986142,TrumpBook2020,Alexander Bruen Trevor,≤100
107028457454214,therealkdmcnair,These ads ran without a disclaimer,≤100
184404096774,Lupus Foundation of America,"Lupus Foundation of America, Inc.",≤100
1542366099393100,Brilliant in Color,Brilliant In Color,≤100
140944265994166,Center for Addiction Services and Psychotherapy Interventions Research,a research grant at The National Center on Addiction and Substance Abuse (CASA),≤100
154269528015922,Byron Donalds,Byron Donalds for Congress,≤100
99039406843,Women Deliver,"Women Deliver, Inc.",≤100
114520293319041,Tim Livengood for Williams County Sheriff 2020,Dareth Lea Livengood,≤100
109881057200996,Jones42,Matthew P Jones,≤100
1833879943496521,Spread The Vote,Spread the Vote,≤100
9324910069,NRSC,NRSC,≤100
113330620093147,Sunny for Congress,Suneetha Chaparala,≤100
415306179228629,"Mike Carroll - Vice Mayor, City of Irvine","Mike Carroll - Vice Mayor, City of Irvine",≤100
93534862768,Georgia Conservation Voters,Georgia Conservation Voters,≤100
1379379132345446,Janice S Ellis,Janice S Ellis,≤100
940653386126953,Standingwithyou.org,Standing With You,≤100
433364950062784,Power Over Energy,Power Over Energy,≤100
64064370581,North Texas Food Bank,North Texas Food Bank,≤100
269819176888460,Digital Democrat,Grayson Alexander Pangilinan,≤100
2336022790003836,Patients + Providers United,Patients and Providers United,≤100
120333829372239,Salvos,Salvos,≤100
104006944272732,Honest Arizona,Advancing AZ,≤100
96935476345,Democratic Governors Association (DGA),DEMOCRATIC ACTION,≤100
681626158940626,Mission Roll Call,Americas Warrior Partnership,≤100
383877235817031,Keep America Great,Keep America Great,≤100
17023576156,The Leadership Conference on Civil and Human Rights,The Leadership Conference on Civil and Human Rights,≤100
292018201259366,We Raise Foundation,WE RAISE FOUNDATION,≤100
825475597557324,trueself,cleancult,≤100
1033248857066144,NewsDaylighter,General Memetics LLC,≤100
112573050368125,Spangled Life,Spangled Life,≤100
2311489605552071,Customers Who Care,Customers Who Care,≤100
109216620662177,Jess Clifton for Chief Magistrate of Emanuel County,Jess William Clifton,≤100
1754669597959219,Evie,Evie Magazine,≤100
434635993263210,"King County, Washington - Government","King County, WA",≤100
458142697588014,AARP Public Policy Institute,AARP,≤100
37495431484,Bassel & The Supernaturals,Ronnie Bassel Almadani,≤100
29874840900,Ty Cratic for State Representative,Friends of Ty Cratic,≤100
680549575421741,UnitedVoice.com,"Beachside Media, Inc.",≤100
329272720965256,GALvanize USA,GALvanize USA,≤100
18017481462,Acton Institute,Acton Institute,≤100
309798029121030,Everytown for Gun Safety,Everytown for Gun Safety Support Fund Inc,≤100
101895607980616,Newsday Headlines,PETER-GAY NIKORA LINDO,≤100
103532451038835,Wooden Journey,Wooden Journey,≤100
153278754738777,Climate Reality,The Climate Reality Project,≤100
177982522814087,Helen Moise for Arlington City Council,Helen for Arlington City Council,≤100
8321461609,MomsRising.org,MomsRising Together,≤100﻿
2185993931653388,The Recount,"Recount Media, Inc",≤100
1892022607699008,Cocky Trump,Freedom Fighters USA,≤100
110485813834971,MAGASM2020.com,magasm2020.com,≤100
107478604080028,Way To A Happy Heart,Iesha Marriah Nixon,≤100
175403889150682,FindLaw.com,FindLaw Consumer,≤100
29770886815,Marijuana Policy Project,Marijuana Policy Project,≤100
260754507296508,The Voter Participation Center,Voter Participation Center,≤100
105025901091483,Republican Party Strong,James R Oddo,≤100
129278807814364,Welcome.,Welcome.,≤100
525171637666780,Sandy Piña California Delegate,RCR,≤100
49978948774,Newsy,Newsy,≤100
314463908651,After Fifty Living,Joanne Sullivan Lema,≤100
162815323592,Massachusetts Nonprofit Network,"Massachusetts Nonprofit Network, Inc.",≤100
79820371749,Ayanna Pressley,THE COMMITTEE TO ELECT AYANNA PRESSLEY,≤100
639796166125261,Rep. Debbie Dingell,Office of Congresswoman Debbie Dingell,≤100
425523490830832,Baresoaps,Jessie Babbitt,≤100
59877921429,Lutheran Immigration and Refugee Service,"LUTHERAN IMMIGRATION AND REFUGEE SERVICE, INC.",≤100
1895413960698075,Debbie Nez Manuel,Debbie Nez-Manuel,≤100
9132102354,E*TRADE Financial,E*TRADE,≤100
537181256742387,The New Center,The New Center,≤100
337671796260169,Norwich Public Utilities,These ads ran without a disclaimer,≤100
144850842237429,Independentvoting.org,Independent Voting (IndependentVoting.org),≤100
530628950745171,Vote In Or Out,Lisa Chin Mollica,≤100
255535757792588,Rick Veenstra for Circuit Court Judge,Veenstra for Judge,≤100
145380305523723,Secure America Now,Secure America Now,≤100
162616177521935,ACM Strategies,ACM Strategies,≤100
91346559231,Democratic Legislative Campaign Committee - DLCC,Democratic Legislative Campaign Committee,≤100
153353825330196,ETHS Gun Control Walkouts,These ads ran without a disclaimer,≤100
834645469890446,Devin Nunes,DEVIN NUNES CAMPAIGN COMMITTEE,≤100
334748476594191,Rodney Davis,Rodney for Congress,≤100
28446275521,Military Officers Association of America (MOAA),Military Officers Association of America,≤100
555394394483002,Urban Resource Institute,Urban Resource Institute,≤100
23875187730,Feeding America,Feeding America,≤100
52890372337,Roger Williams University,These ads ran without a disclaimer,≤100
102047517918,The Commonwealth Fund,"COMMONWEALTH FUND, THE",≤100
939489182849039,Ruben Major,Ruben Major for Oceanside Mayor,≤100
557113921291144,Learning Dynamics,4 Weeks To Read LLC,≤100
80562389320,NARAL Pro-Choice America,NARAL Pro-Choice America,120
6236054211,Brady,Brady Campaign to Prevent Gun Violence,≤100
345504286342057,Keeping America Great Again,RightWingGear.com,≤100
1765222000389393,Jill Karofsky for Justice,Jill for Justice,≤100
167818016571872,Ann & Robert H. Lurie Children's Hospital of Chicago,Ann & Robert H. Lurie Children's Hospital of Chicago,≤100
1340560252687219,MISSIO Hair,MISSIO HAIR,≤100
434616383688551,Ocean & Co.,Ocean & Co,≤100
1696537410609658,Graham Hill - Member of NRA Board of Directors,Graham Hill for NRA Board,≤100
342294162453301,Planned Parenthood,Planned Parenthood Federation of America,≤100
240203263118328,Elissa McBride,AMERICAN FEDERATION OF STATE COUNTY & MUNICIPAL EMPLOYEES,≤100
15041226930,Oxfam,"OXFAM AMERICA, INC.",≤100
153080620724,Donald J. Trump,TRUMP MAKE AMERICA GREAT AGAIN COMMITTEE,105
216052228433696,Arcus Foundation - Social Justice,ARCUS FOUNDATION,≤100
429651323843750,Verizon Wireless Workers Rising,"COMMUNICATIONS WORKERS OF AMERICA, AFL-CIO, CLC",≤100
108180596030668,Elizabeth Dole Foundation,Elizabeth Dole Foundation,≤100
324684164243,God's Love We Deliver,Cara W Miller,≤100
149745555082419,Pioneer Institute for Public Policy Research,"Pioneer Institute, Inc.",≤100
165238836870566,MRC Culture,MEDIA RESEARCH CENTER,≤100
5720973755,Defenders of Wildlife,DEFENDERS OF WILDLIFE,≤100
1474261695976941,Excital,Excital,≤100
248181906078243,National Institute for Civil Discourse,CommonSense American,≤100
1679521432262834,Physicians Grassroots Network,American Medical Association,≤100
2468420886721445,disabilityhasnoage,These ads ran without a disclaimer,≤100
126053105675,Save the Redwoods League,Save The Redwoods League,≤100
172758932738142,PhRMA,PHARMACEUTICAL RESEARCH AND MANUFACTURERS OF AMERICA,≤100
7292655492,MoveOn,MOVEON.ORG POLITICAL ACTION,≤100
1747132688647028,Democratic Association of Secretaries of State,Democratic Association of Secretaries of State,≤100
384006901653736,The Moore Charitable Foundation,Moore Charitable Foundation,≤100
657708380952174,Voices of the Civil Rights Movement,Comcast,≤100
635850443292528,Nasty Woman Coloring,Nasty Woman Coloring,≤100
1268410219898273,Tango Tango,Tango Tango Inc,≤100
478339735681991,Friends of Joe Cook,Friends Of Joe Cook,≤100
49059279814,Institute for Justice,INSTITUTE FOR JUSTICE,≤100
70795936969,Children International,CHILDREN INTERNATIONAL,≤100
130467958471,Jason Lewis,Jason Lewis for Senate,≤100
163148530407080,Captain Mark Kelly,MARK KELLY FOR SENATE,≤100
1925751504337881,MJ for Texas,MJ FOR TEXAS,≤100
165987503528599,Lindsey Graham,"TEAM GRAHAM, INC.",≤100
175034712516314,WaterAid America,WaterAid America,≤100
487296634750429,Elect Karen Fann,Elect Karen Fann LD1 Senate,≤100
11006419356,The Voice of the Martyrs - USA,"VOICE OF THE MARTYRS, INC., THE",≤100
156968474833352,Stop Republicans,Stop Republicans,≤100
118697061602554,Jason Brodeur,"Jason Brodeur, Republican, for State Senate",≤100
134845259917779,Rock 'Em Socks,Rock 'Em Socks,≤100
291260461373618,News and News,News and News,≤100
1010143499143169,Medicare Savings,"Mayo Labs, LLC",≤100
386211198174313,Jorge Elorza,City of Providence,≤100
107036421410,National Safety Council,NATIONAL SAFETY COUNCIL,≤100
87186661244,Johns Hopkins Bloomberg School of Public Health,Johns Hopkins Bloomberg School of Public Health,≤100
661744180680367,National Police Association,"NATIONAL POLICE ASSOCIATION, INC.",≤100
357750373755,National Domestic Workers Alliance,National Domestic Workers Alliance,≤100
15771560300,Earthjustice,EARTHJUSTICE,≤100
176940959017718,Mayor Frank C. Ortis,Mayor Frank Ortis,≤100
47712360678,Jobs With Justice,Jobs With Justice,≤100
243498882520314,FoodFinder,"FOODFINDER, INC.",≤100
128167457221813,Public Transportation,Voices for Public Transit,≤100
1383869268500535,Medicare World,Medicare World,≤100
94047978366,PCCC - BoldProgressives.org,PROGRESSIVE CHANGE CAMPAIGN COMMITTEE,≤100
228754857151053,House Majority PAC,House Majority PAC,≤100
69039563201,Open Doors USA,"OPEN DOORS WITH BROTHER ANDREW, INC.",≤100
113341064736,American Conservative Union,American Conservative Union,≤100
203330919857759,All On The Line,National Redistricting Action Fund,≤100
546497545399440,ASEC - African Sisters Education Collaborative,African Sisters Education Collaborative (ASEC),≤100
106122894312740,Democrat Party Strong,James R Oddo,≤100
24330467048,Americans for Prosperity,AMERICANS FOR PROSPERITY,≤100
137459917707,The Brookings Institution,The Brookings Institution,≤100
656263988182462,Bill Hagerty,TEAM HAGERTY,≤100
105610970947657,MY 2A GEAR,Leon Mckensizy Dunn,≤100
103987634439727,Marilyn Strickland,STRICKLAND FOR WASHINGTON,≤100
159023914150996,UCOMMBlog,UCOMM Media Group,≤100
1745418332339003,Aspire Gear,Aspire Gear,≤100
2452905398272083,Froy Jimenez for Illinois Senate - 1st District,Froy Jimenez for Senate,≤100
25254987383,Joyce Meyer Ministries,"JOYCE MEYER MINISTRIES, INC.",≤100
146754548089,CityTeam,CityTeam,≤100
252126914850996,Labor Campaign for Single Payer,Labor for Single-Payer Healthcare,≤100
112211450352193,Illinois Justice & Public Safety PAC,Illinois Justice & Public Safety PAC,≤100
104673551044684,Republicans 2020,Rep Republican,≤100
101317101242156,Make America Kind Again,Benevolently,≤100
404164463091452,Chas Castell,Charles William Peter Castell,≤100
60870102434,Salvation Army California South,The Salvation Army California South,≤100
981661448510937,Meraki Journey,Meraki Bracelets,≤100
20876805343,March of Dimes,MARCH OF DIMES INC.,≤100
1219784524755717,Kickstarter & Indiegogo Project Alerts,These ads ran without a disclaimer,≤100
143986912311328,University of Vermont Continuing and Distance Education,University of Vermont,≤100
40523327759,American College of Physicians (ACP),"AMERICAN COLLEGE OF PHYSICIANS, INC.",≤100
2188424341404612,Project Ready,Project Ready,≤100
146678415405673,FindLaw for Legal Professionals,FindLaw Legal Professionals,≤100
70090474914,American Farmland Trust,"AMERICAN FARMLAND TRUST, INC",≤100
530604487365010,Old Glory Flagpole Kits,Service First Flag Poles,≤100
206821333312617,State of Childhood Obesity,State of Childhood Obesity,≤100
1475056949212605,Charity Mobile,Charity Mobile,≤100
1664959567149320,Wholesome Culture,Wholesome Culture,≤100
323631667743052,Rep. Rodney Davis,U.S. Rep. Rodney Davis,≤100
709046012792616,National Audubon Society Action Fund,National Audubon Society Action Fund,≤100
100794248139278,Red Wave Movement,Red Wave Movement,≤100
122174836956,Big Cat Rescue,BIG CAT RESCUE CORP.,≤100
1690071827911682,Cleancult,cleancult,≤100
202626512363,U.S. Census Bureau,These ads ran without a disclaimer,≤100
13187955196,Young Americans for Liberty,Young Americans for Liberty,≤100
220934044722029,Florida Crystals Corporation,FLORIDA CRYSTALS CORPORATION,≤100
540467496124903,SOAR Hydropower,"CANYON INDUSTRIES, INC.",≤100
357484764271265,Dustin Stockton,Dustin Alan Stockton,≤100
112483970336673,VOPAC Victims of Parental Alienation Community,Bartolo Drago,≤100
8047221596,Save the Children US,"SAVE THE CHILDREN FEDERATION, INC.",≤100
129285844553515,The Right To Shower,Conopco Inc,≤100
80865461794,Public Service Company of Oklahoma (PSO),Whitney Shawn Emerick,≤100
223315101050132,Waters Kraus & Paul,Waters Kraus & Paul,≤100
1055873511190792,Hello Resistance,Hello Resistance Apparel,≤100
77903485992,Concerned Women For America LAC,CONCERNED WOMAN FOR AMERICA LEGISLATIVE ACTION COMMITTEE,≤100
57259033959,AARP,AARP,≤100
1955953381348064,State Representative Trent Ashby,Texans for Trent Ashby,≤100
104600487737895,Facelots,These ads ran without a disclaimer,≤100
283511548477587,ADD Advocate,Aaron Lawrence Friedman,≤100
1695950424027488,Andy Hallinan,Andrew Lawrence Hallinan,≤100
1449461518652183,4Patriots,4Patriots LLC,≤100
328853823844484,Balance of Power,Balance of Power,≤100
1482947308676311,Topdust,cleancult,≤100
117744204970039,Providence College School of Continuing Education,Providence College School of Continuing Education,≤100
219224241438635,Compassion & Choices,COMPASSION & CHOICES,≤100
2072638396208222,Adam's Nest,"PTOWNLOVESHACK, LLC DBA Adam's Nest",≤100
192737024112371,TWU Local 556,Transport Workers Union Local 556,≤100
872842866161157,One Nation Design,One Nation Design,≤100
352527958302,Israel on Campus Coalition,Israel on Campus Coalition,≤100
319982881752525,Kara Eastman,EASTMAN FOR CONGRESS,≤100
101391906600,Live Action News,Live Action News,≤100
21492729544,Catholic Relief Services,CATHOLIC RELIEF SERVICES - UNITED STATES CONFERENCE OF CATHOLIC BISHOPS,≤100
72931140459,Center for Biological Diversity,"CENTER FOR BIOLOGICAL DIVERSITY, INC.",≤100
30914589895,The International Fellowship of Christians and Jews,"INTERNATIONAL FELLOWSHIP OF CHRISTIANS & JEWS, INC.",≤100
49651563727,Live Action,Live Action,≤100
602074469965571,Plan C,NATIONAL WOMENS HEALTH NETWORK,≤100
105561217523274,The_Dispatch,"Dispatch Media, Inc.",≤100
170918006892,G.I. Jobs,Victory Media DBA GI Jobs,≤100
230838096929793,Windex,"S. C. JOHNSON & SON, INC.",≤100
496341171111777,Mike Broihier for Kentucky,MIKE BROIHIER FOR SENATE,≤100
7833534974,Florida Democratic Party,Florida Democratic Party,≤100
160389977329803,ATTN:,ATTN: INC.,≤100
336440323158789,Jack Burkman Radio,Jack Burkman Radio,≤100
49414386380,Ilegal Mezcal,Ilegal Mezcal,≤100
110509307164141,American Patriot Unite,American Patriot Unite,≤100
265045056894488,Mark Meckler,Convention of States Action,≤100
158791100909689,Concerned Veterans for America,Concerned Veterans for America,≤100
543066585882629,Libertarian Country,Libertarian Country,≤100
440850842779072,DuPage Policy Journal,Local Government Information Services,≤100
115403471809909,Plastic Oceans,PLASTIC OCEANS INTERNATIONAL,≤100
124626320898336,Catholic Extension,"CATHOLIC CHURCH EXTENSION SOCIETY OF THE UNITED STATES OF AMERICA, THE",≤100
221890358218748,Til Valhalla Project,Til Valhalla Project,≤100
112955806896246,Dalia Al-Aqidi,Dalia for Congress,≤100
192015461630968,Supporting Our Brave Veterans,James Brian Plouf,≤100
1682876188698809,United for Respect,United for Respect,≤100
67626834312,National Women's Law Center,National Women's Law Center,≤100
971668776283950,PolicyEd,Hoover Institution,≤100
102123058009298,Tips For Cleaning Your Car,Cornelia Lanisha Holston,≤100
1710424059239890,Max Rymer,Maxwell Richard Rymer,≤100
1397799040234106,OpinionUP,OpinionUP LLC,≤100
355112203771,Utility Workers Union of America,UTILITY WORKERS UNION OF AMERICA,≤100
1413682351987764,Andy Kim for Congress,Andy Kim for Congress,≤100
2036389409806378,Backpage's Role in Prostitution and Trafficking,X Social Media LLC,≤100
29092950651,TED,TED Conferences,≤100
18709174006,National Audubon Society,"NATIONAL AUDUBON SOCIETY, INC.",≤100
41309865723,Democrats.com,DEMOCRATS.COM,≤100
511597776017378,House Of Chingasos,Carlos John Ugalde,≤100
468906559794011,LaunchGood,LaunchGood Inc.,≤100
372701716170134,Sold No More,Samantha C Byard,≤100
1417599265225727,Southwestern Medical Foundation,Collin M Quick,≤100
586751814690068,Joni Ernst,Joni for Iowa,≤100
135500133147357,ProEnglish,US INC,≤100
321250352104571,Valerie Plame,VALERIE PLAME FOR CONGRESS,≤100
102592959026,Ocean Conservancy,"OCEAN CONSERVANCY, INC.",≤100
830890360316751,Nick Hanauer,Civic Action,≤100
51379424899,Mercy Ships,MERCY SHIPS INTERNATIONAL,≤100
1526736227567131,TrueCoverage,True Coverage,≤100
164513254148611,America's Voice News,Barbara Jean Lawrence,≤100
1637823176332591,Ecocred,Branislav Seslija,≤100
111168406971417,Esser for Justice,Esser for Justice,≤100
101321914794113,Health Freedom Alliance,Health Freedom Alliance LLC,≤100
113335773562471,President Trump For Re-Election,Great American Era,≤100
975849335817140,Northern California Record,The Record,≤100
105038634421418,Cirilo Moronta,Jonathan Dubvelis Nunez Frometa,≤100
547992872038188,And Another Thing with Darci and Kelly,Darci Christine Smith Monet,≤100
366351973736242,Red Rock Secured,Red Rock Secured,≤100
108111910614278,Planet911,Plane 911,≤100
105698674239617,Embed News,Embed News,≤100
690998164395556,Elders Climate Action - Massachusetts Chapter,Michael J Sales,≤100
167842857168389,The Pressure People,The Pressure People,≤100
183872968312216,Popdust,cleancult,≤100
86574174383,House Speaker Nancy Pelosi,Office of the Speaker,≤100
474062436008137,Michael McCaul for Texas,"McCaul for Congress, Inc.",≤100
125162818118662,Citizens to Elect Judge Sheree D. Henry,Citizens to Elect Judge Sheree D Henry,≤100
194079794553700,Invested Interests,Invested Interests,≤100
104675730964100,Top Guy Tees,Top Guy Tees,≤100
329893367738313,Yes Cascadia,Yes Cascadia,≤100
2386704041588414,The Texan,The Texan,≤100
59543893235,National Constitution Center,National Constitution Center,≤100
403716816314673,Lee Saunders,AMERICAN FEDERATION OF STATE COUNTY & MUNICIPAL EMPLOYEES,≤100
1388428314740793,American Mint - Coins and Medals,American Mint,≤100
153167611414243,Ohio House Democrats,The Ohio House Democratic Caucus,≤100
28510612138,Uncommon Knowledge,Hoover Institution,≤100
1487587521541634,President Donald Trump Fan Club,I Love My Freedom,≤100
104853560939069,Ross LaJeunesse for Maine,ROSS FOR MAINE,≤100
111082723761270,K.C. Tomlinson for State Representative,K.C. Tomlinson for State Representative,≤100
111393882812494,Amy McGrath,"AMY MCGRATH FOR SENATE, INC.",≤100
1835838916635491,Transamerica Center for Health Studies,Transamerica Center for Health Studies,≤100
42597808880,Ami Horowitz,Ami Horowitz,≤100
10498053716,Media Research Center,MEDIA RESEARCH CENTER,≤100
68771922854,Essence,Shaelyne Antonia Moodie,≤100
169710960125365,Curzio Research,Curzio Research Inc.,≤100
1869687273277265,Run for Something,Run For Something PAC,≤100
327202261326682,Stephanie Bice,Bice for Congress,≤100
105953890782784,The Factual,The Factual,≤100
1023516414456183,Drain the DC Swamp PAC,DRAIN THE DC SWAMP PAC,≤100
601249690070354,forestproud,#forestproud | North American Forest Partnership,≤100
624703557992005,Rhode Island Census 2020,Rhode Island Complete Count Committee,≤100
405469100189512,Still My President - Donald Trump,Red State Politics LLC,≤100
50714237985,The Rutherford Institute,RUTHERFORD INSTITUTE,≤100
683872625157265,Theresa Greenfield,THERESA GREENFIELD FOR IOWA,≤100
7292655492,MoveOn,MOVEON.ORG CIVIC ACTION,≤100
30618466815,Pacific Legal Foundation,Pacific Legal Foundation,≤100
1810420079228523,Abigail Adams Institute,James Albert Capuzzi,≤100
126279571952,Huru International,HURU INTERNATIONAL,≤100
108505303942541,Now Hear Me Out Podcast,Now Hear Me Out Podcast,≤100
137662367278,League of Women Voters of the U.S.,LEAGUE OF WOMEN VOTERS OF THE UNITED STATES,≤100
384557995468219,Viral Casez,Viral Casez,≤100
182723117043,Chicago Council on Global Affairs,"CHICAGO COUNCIL ON GLOBAL AFFAIRS, THE",≤100
729627343834501,Kialo,Kialo,≤100
57846092173,American Bible Society,American Bible Society,≤100
80841742978,Adirondack Council,ADIRONDACK COUNCIL (INC),≤100
427084097477881,America's Health Insurance Plans (AHIP),America's Health Insurance Plans,≤100
304600892905134,Hillsdale College Online Courses,HILLSDALE COLLEGE,≤100
609450252894597,The Whistleblower Revolution,Heidi Ann Weber,≤100
13649914583,Equality Now,"EQUALITY NOW, INC.",≤100
8002590959,Rainforest Action Network,RAINFOREST ACTION NETWORK,≤100
116534199732974,USA Carry Online,USA Carry Online,≤100
164966660351345,Hope Outfitters,Hope Outfitters,≤100
39432041915,Capital Research Center,CAPITAL RESEARCH CENTER INC,≤100
104504438466,Federal Voting Assistance Program - FVAP,Federal Voting Assistance Program (FVAP),≤100
100954708112820,Americans for Medicare Dental Coverage,Freeroots,≤100
54210104594,Indiana University,Indiana University,≤100
105844410767627,The Mini Activist,The Mini Activist,≤100
296708523873754,Karla Dennis and Associates Inc.,"Karla Dennis & Associates, Inc",≤100
111182343682003,Certified CCW,CertifiedCCW.com,≤100
101442908124605,Liberty Surveys,Liberty Surveys,≤100
2123425971065747,Sora Schools,Indra Putra Sofian,≤100
102757921316210,Christy Joy for the 125th,Friends of Christy Joy,≤100
1524411157786675,2moda,"A.M.D.A. DISTRIBUTORS, INC.",≤100
305107172859194,Defeating Trump and the Republican Party,"Voices of Health Care Action, a project of Gamechanger Networks",≤100
175580571641,Out of Print,Out of Print,≤100
679171239164792,Supermajority,Supermajority Education Fund,≤100
227594571444676,Building New York's Best,"Carpenter Contractor Alliance of Metropolitan New York, Inc.",≤100
12301006942,Democratic Party,DNC SERVICES CORP./DEM. NAT'L COMMITTEE,≤100
1764185850558806,Apex Clean Energy,Apex Clean Energy,≤100
75353945070,Boxed Water Is Better,Boxed Water Is Better,≤100
243056493267394,The Great Healing,Stephen John Erickson,≤100
8473889271,National Parks Conservation Association,National Parks Conservation Association,≤100
189758874031,Outside TV,"OUTSIDE TELEVISION, INC.",≤100
369213013828722,El Paso County Colorado Progressive Veterans,El Paso County Democratic Veterans Initiative dba El Paso County Colorado Progressive Veterans,≤100
202626512363,U.S. Census Bureau,U.S. Census Bureau,204
1914537155242810,Life: Powered,Texas Public Policy Foundation,≤100
289446947817747,Global Citizen,"GLOBAL POVERTY PROJECT, INC.",≤100
362232354250108,Becky Evans for Georgia House,"Friends of Becky Evans, Inc",≤100
190987118163092,Connected Clothing Company,Connected Clothing Company,≤100
104042187683127,Christy Cauble Davis for Kansas,Christy Cauble Davis for Kansas,≤100
1529468987331408,BulbHead,TELEBRANDS CORP.,≤100
260366367717440,Committee to Protect Medicare,Committee to Protect Medicare PAC,≤100
169543260659539,The Venn Media,The Venn Media,≤100
8325302025,Friends of the Earth U.S.,Friends of the Earth,≤100
26233666109,Give2Asia,GIVE2ASIA,≤100
1852520761657982,4ocean,4ocean,≤100
393932827634250,Dissent Pins,Common Practice,≤100
100585318107139,"Mark Alan Harrison for Constable, Harris County Precinct 5",The Mark Alan Harrison Campaign,≤100
240425642652222,South Florida Wildlands Association,South Florida Wildlands Association,≤100
109678580574253,Politicool Clothing Co.,PolitiCoolClothing.com,≤100
108176010748061,100 Insure,Robert Bradley Graham,≤100
100201718042226,Cory Eli Oshita for Cook County Circuit Judge,Support Cory Eli Oshita for Circuit Court Judge,≤100
159085947564255,American Sugar Alliance,American Sugar Alliance,≤100
211642542220470,"AARP Medicare Supplement Plans, insured by UnitedHealthcare Insurance Co.",United Healthcare,≤100
122671561263552,Committee for Better Banks,"COMMUNICATIONS WORKERS OF AMERICA, AFL-CIO, CLC",≤100
655065784538368,PredictIt,"PredictIt - Prediction Markets. A project of Victoria University of Wellington, PredictIt has been established to facilitate research into the way markets forecast events.",≤100
142992759853421,Be A Hero,BE A HERO PAC,≤100
104704000907113,Herb Schultz for Rock Island County State's Attorney,Friends of Herb Schultz,≤100
130268756992804,Yale Climate Connections,Yale Climate Connections,≤100
102039711269282,Jerry For Mayor,Friends of NewTown Party,≤100
276131699084792,YWAM Los Angeles,YWAM Los Angeles,≤100
40973310753,Pathfinder International,Pathfinder International,≤100
80313731878,The Network - Advocating Against Domestic Violence,CHICAGO METROPOLITAN BATTERED WOMENS NETWORK,≤100
18813753280,Human Rights Campaign,"HUMAN RIGHTS CAMPAIGN, INC.",≤100