﻿Location Name,Amount Spent (USD)
Alabama,26167
Alaska,8754
American Samoa,≤100
Arizona,79810
Arkansas,15139
California,230332
Colorado,48119
Connecticut,19182
Delaware,5824
Florida,168960
Georgia,69182
Guam,≤100
Hawaii,7871
Idaho,20173
Illinois,79819
Indiana,35834
Iowa,24415
Kansas,17999
Kentucky,28603
Louisiana,23498
Maine,21195
Maryland,36131
Massachusetts,44031
Michigan,98882
Minnesota,31879
Mississippi,15221
Missouri,36337
Montana,8236
Nebraska,10805
Nevada,22651
New Hampshire,9263
New Jersey,51912
New Mexico,14674
New York,163075
North Carolina,72504
North Dakota,3928
Northern Mariana Islands,≤100
Ohio,63364
Oklahoma,25299
Oregon,31691
Pennsylvania,100594
Puerto Rico,476
Rhode Island,7261
South Carolina,26583
South Dakota,4399
Tennessee,37076
Texas,160632
Unknown,≤100
Utah,17139
Vermont,5294
Virgin Islands (U.S.),≤100
Virginia,57343
Washington,49459
"Washington, District of Columbia",9261
West Virginia,11995
Wisconsin,115586
Wyoming,3588