﻿Page ID,Page Name,Disclaimer,Amount Spent (USD)
101910618215076,Our Big Sky Country,MAJORITY FORWARD,3233
40561217922,Planned Parenthood Advocates of Montana,Planned Parenthood Advocates of Montana,2073
113437503753889,The Real Steve Bullock,NRSC,1356
1155212867963791,AFP Action,"AMERICANS FOR PROSPERITY ACTION, INC.(AFP ACTION)",1355
108182347571417,Steve Daines: China's Cheerleader,Montana Democratic Party,1163
105732744375701,Steve Bullock,MONTANANS FOR BULLOCK,1155
215968684159,AFT - American Federation of Teachers,American Federation of Teachers,1152
6726182861,Mike Pence,TRUMP MAKE AMERICA GREAT AGAIN COMMITTEE,954
153080620724,Donald J. Trump,TRUMP MAKE AMERICA GREAT AGAIN COMMITTEE,823
105756057589080,The Lincoln Project,The Lincoln Project,751
176789922364429,Steve Daines,STEVE DAINES FOR MONTANA,488
925007000949719,ExxonMobil,Exxon Mobil Corporation,457
916623425064173,One Nation,One Nation,383
108173075911611,National Association of Letter Carriers,National Association of Letter Carriers,375
8934429638,Planned Parenthood Action,Planned Parenthood Action Fund,362
1745691098822972,Brad Parscale,TRUMP MAKE AMERICA GREAT AGAIN COMMITTEE,321
1771156219840594,Team Trump,TRUMP MAKE AMERICA GREAT AGAIN COMMITTEE,254
156968474833352,Stop Republicans,Stop Republicans,248
333710103706307,Giffords,GIFFORDS PAC,218
2328575754031723,Equality Montana,"Equality Montana, A project of the Montana Human Rights Network",206
102172141548735,Montana Outdoors,Montana Democratic Party,203
7860876103,Joe Biden,BIDEN VICTORY FUND,199
202626512363,U.S. Census Bureau,U.S. Census Bureau,182
6072343558,Center for American Progress,CENTER FOR AMERICAN PROGRESS,170
20787991568,Senate Democrats,DSCC,165
153080620724,Donald J. Trump,"DONALD J. TRUMP FOR PRESIDENT, INC.",153
127755494595870,Progressive Takeover,PROGRESSIVE TAKEOVER,141
571748412859876,Matt Rosendale,Matt Rosendale for Montana,132
104856814505092,The Kids Guide,The Kids Guide,113
115136483565562,Dishonest Daines,Montana Democratic Party,112
9324910069,NRSC,NRSC,≤100
96935476345,Democratic Governors Association (DGA),Democratic Governors Association,≤100
791543660926838,"I'll go ahead and keep my guns, Thanks",2A4LIFE LLC,≤100
1615018905412860,Progressive Turnout Project,PROGRESSIVE TURNOUT PROJECT,≤100
345504286342057,Keeping America Great Again,RightWingGear.com,≤100
102671331487937,I Love My Freedom Store,I Love My Freedom,≤100
132492254050920,American AF,AAF Nation,≤100
665345483483486,NRA - National Rifle Association of America,NATIONAL RIFLE ASSN OF AMERICA,≤100
114710126648118,Republican Dogs,Republican Dogs,≤100
429812024048177,Doug Jones for Senate,DOUG JONES FOR SENATE COMMITTEE,≤100
150621451650636,Montana Wilderness Association,Montana Wilderness Association,≤100
165987503528599,Lindsey Graham,"TEAM GRAHAM, INC.",≤100
2330577043935831,Sara Gideon,SARA GIDEON FOR MAINE,≤100
109092142462587,Adam Schiff,SCHIFF FOR CONGRESS,≤100
602714436529710,End Citizens United,END CITIZENS UNITED,≤100
219224241438635,Compassion & Choices,COMPASSION & CHOICES,≤100
2352630938293825,Mytacticalpromos,Entremax,≤100
33110852384,Doctors Without Borders/ Médecins Sans Frontières (MSF),Doctors Without Borders/Médecins Sans Frontières (MSF),≤100
106323360959211,Patriots Republic,Matthew James Stine,≤100
203805062990264,Ben Shapiro,The Daily Wire,≤100
1556932204325823,ProgressPop,ProgressPop,≤100
137569740231452,Respect The Look,Respect The Look,≤100
118303441570966,Home Ownership Matters,NATIONAL ASSOCIATION OF REALTORS,≤100
80562389320,NARAL Pro-Choice America,NARAL Pro-Choice America,≤100
111393882812494,Amy McGrath,"AMY MCGRATH FOR SENATE, INC.",≤100
342294162453301,Planned Parenthood,Planned Parenthood Federation of America,≤100
24330467048,Americans for Prosperity,AMERICANS FOR PROSPERITY,≤100
107858693983382,The GOP Shop,The GOP Shop,≤100
127225910653607,PragerU,PragerU,≤100
96935476345,Democratic Governors Association (DGA),DEMOCRATIC ACTION,≤100
25852730092,Care2,Care2 Inc,≤100
203197030603239,8 Billion Trees,8 Billion Trees LLC,≤100
259130650776119,Mitch McConnell,MCCONNELL SENATE COMMITTEE,≤100
717115395103069,PrintedKicks,Printed Kicks,≤100
163148530407080,Captain Mark Kelly,MARK KELLY FOR SENATE,≤100
328853823844484,Balance of Power,Balance of Power,≤100
328072970642479,Jaime Harrison,JAIME HARRISON FOR US SENATE,≤100
92925746942,Judicial Watch,Judicial Watch,≤100
2267285956849056,Donald Trump 2020 Fans,I Love My Freedom,≤100
277005566267077,Blueland,Blueland,≤100
18982436812,ACLU,American Civil Liberties Union,≤100
85452072376,Newsmax,Newsmax Media,≤100
12301006942,Democratic Party,BIDEN VICTORY FUND,≤100
248775065305797,Black Butte Copper,Sandfire Resources America,≤100
15239367801,The Wilderness Society,"WILDERNESS SOCIETY, THE",≤100
560140464159364,Stand for the 2nd Amendment,SFT2 Tactical Supply,≤100
110974960642149,Proudly American,Grant Alan Johnston,≤100
109111900634787,Reverend Raphael Warnock,WARNOCK FOR GEORGIA,≤100
100137754724934,Trump 2020 Supporters,Proud Right Winger,≤100
112694470356789,Trumpcare For America,Stuart Joseph Millar,≤100
112431050497386,Patriotism For Life,Vivian Lam Nguyen,≤100
530604487365010,Old Glory Flagpole Kits,Service First,≤100
1336293769761923,Jon Ossoff,JON OSSOFF FOR SENATE,≤100
359477377917,American Federation for Children,American Federation for Children,≤100
7814597100,Jim Jordan for Congress,JIM JORDAN FOR CONGRESS,≤100
2353537341582545,Proud Patriots,Proud Patriots,≤100
7292655492,MoveOn,MOVEON.ORG POLITICAL ACTION,≤100
278490715553293,Martha McSally,MCSALLY FOR SENATE INC,≤100
1883837055193241,Shield Republic,Shield Republic,≤100
1194865807192273,Conservative Gear,Outergoods LLC,≤100
213792049451918,Stand For America,Stand For America Inc,≤100
101181794707874,United Research Group,United Research Group,≤100
305832706292882,American Gun Association,GunAssociation.org,≤100
7833534974,Florida Democratic Party,Florida Democratic Party,≤100
105084617912738,PatriotQuizzes,patriotquizzes.com,≤100
107758757670203,BLM Direct,BLM Store LLC,≤100
228754857151053,House Majority PAC,House Majority PAC,≤100
100126201737278,Patriots Take a Stand,Jae W Seo,≤100
245284549333866,ASMDSS,ASMDSS,≤100
100392931351292,Northwest RiverPartners,Northwest RiverPartners,≤100
100256754899828,Patriot's Cave,Patriots Cave,≤100
196382377057315,Learn Our History,Learn Our History,≤100
1025055787535714,A Case for Women,A Case for Women,≤100
57259033959,AARP,AARP,≤100
6820348410,Kirsten Gillibrand,Off the Sidelines,≤100
101279451606075,Democratic Strategy Institute,Democratic Strategy Institute,≤100
106244251043808,Reuse Plastics,"AMERICAN CHEMISTRY COUNCIL, INC.",≤100
1109093812491437,Blaze Media,Blaze Media LLC,≤100
105566671190013,What We All Need,Patrick Le Tran,≤100
8325302025,Friends of the Earth U.S.,Friends of the Earth,≤100
461204744067686,Family Protection Association,Family Protection Association,≤100
257019421075897,Cory Gardner,Cory Gardner for Senate,≤100
294196590710262,FWD.us,FWD.us,≤100
332716170522025,America First Action,America First Action,≤100
108794587327155,Good Programs 2020,Trevor Dale Seaks,≤100
355316521236121,John Cornyn,TEXANS FOR SENATOR JOHN CORNYN INC.,≤100
103597604713894,Team Trump Store,TRUMP MAKE AMERICA GREAT AGAIN COMMITTEE,≤100
586751814690068,Joni Ernst,Joni for Iowa,≤100
287754774569171,Americans for Prosperity-Montana,AMERICANS FOR PROSPERITY,≤100
8501031021,VoteVets.org,"VoteVets Action Fund, Inc.",≤100
107654924064350,Pat Timmons-Goodson,PATRICIA TIMMONS-GOODSON FOR CONGRESS,≤100
228132537208218,Tammy Duckworth,TAMMY FOR ILLINOIS,≤100
111428049989,Cal Cunningham,CAL FOR NC,≤100
23875187730,Feeding America,Feeding America,≤100
309308412520731,Sandy Hook Promise,Sandy Hook Promise,≤100
1010143499143169,Medicare Savings,"Mayo Labs, LLC",≤100
6231686654,Compassion International,"COMPASSION INTERNATIONAL, INCORPORATED",≤100
45393753416,Alliance Defending Freedom,Alliance Defending Freedom,≤100
1600352356914768,PushBlack,PushBlack,≤100
1725861054373085,Troy Downing,Troy Downing for State Auditor,≤100
105577974544303,The USA Needs More Patriots,AmeriPolling,≤100
1061240530648502,Joe Collins,JOE COLLINS FOR CONGRESS,≤100
180496871664,Citizens For Balanced Use,CITIZENS FOR BALANCED USE,≤100
834645469890446,Devin Nunes,DEVIN NUNES CAMPAIGN COMMITTEE,≤100
38235851310,USA for UNHCR,UNITED STATES ASSOCIATION FOR UNHCR,≤100
605168822998856,314 Action,314 ACTION FUND,≤100
159964696102,Kevin McCarthy,KEVIN MCCARTHY FOR CONGRESS,≤100
6204742571,Sierra Club,SIERRA CLUB,≤100
148205145252473,Backcountry Hunters & Anglers,Backcountry Hunters & Anglers,≤100
18813753280,Human Rights Campaign,"HUMAN RIGHTS CAMPAIGN, INC.",≤100
107363964202840,Natural Security,Natural Security,≤100
327837911149503,2A4Life,2A4LIFE LLC,≤100
103446009808,CASA of Yellowstone County,"YELLOWSTONE CASA, INC.",≤100
2078647579047586,Project Pulso,Project Pulso,≤100
1374134752633656,New Health Plans,Shop Insurance Plans,≤100
110177119192569,Knightscope,William Li,≤100
6041057841,The Humane Society of the United States,"HUMANE SOCIETY OF THE UNITED STATES, THE",≤100
166618413413767,Jay Sekulow,American Center for Law and Justice,≤100
9364828262,Citizens Against Government Waste,COUNCIL FOR CITIZENS AGAINST GOVERNMENT WASTE,≤100
27311599342,Preemptive Love,Preemptive Love Coalition,≤100
21375324480,The Heritage Foundation,HERITAGE FOUNDATION (THE),≤100
126694924050678,Xavier Becerra,Becerra for Attorney General 2022,≤100
111247993833532,Lisa Pavlock for House District 93,Lisa Marie Pavlock,≤100
114625730266879,Republican Voters Against Trump,Defending Democracy Together,≤100
15687409793,World Wildlife Fund,World Wildlife Fund,≤100
433919203362871,Bird + Stone,BIRD & STONE INC,≤100
209516845093,NRDC Action Fund,NRDC Action Fund,≤100
1316372698453411,Alexandria Ocasio-Cortez,Alexandria Ocasio-Cortez for Congress,≤100
105577974544303,The USA Needs More Patriots,Anthony Alexander Morales,≤100
530604487365010,Old Glory Flagpole Kits,Service First Flag Poles,≤100
110018833813683,Flip the Senate,SMP,≤100
23996308754,Senate Conservatives,SENATE CONSERVATIVES FUND,≤100
794490553914304,Dr. Nina Ansary,"Revela Press, LLC",≤100
977704775606273,Balls Deep Tackle,Balls Deep Tackle,≤100
1836138529938551,Greater Half,Greater Half,≤100
5633824547,FreedomWorks,"FREEDOMWORKS, INC.",≤100
139441926128681,New Saint Andrews College,New Saint Andrews College,≤100
192015461630968,Supporting Our Brave Veterans,James Brian Plouf,≤100
309798029121030,Everytown for Gun Safety,Everytown for Gun Safety Action Fund Inc,≤100
308353252483,Kristi Noem,Kristi for Governor,≤100
72186095846,Center For American Progress Action Fund,Center for American Progress Action Fund,≤100
105060677844787,Bill Savings,Bill Savings,≤100
373814729643508,Let America Vote,LET AMERICA VOTE PAC,≤100
25055115099,Intuit,INTUIT INC.,≤100
598924810530984,Keeping America Great,FamTeeWorld,≤100
142665849854371,House Freedom,HOUSE FREEDOM FUND,≤100
265268336865693,Do Amore,Do Amore Limited Company,≤100
636840206489219,Montana Business Quarterly,University of Montana,≤100
109439470678419,Robin Hammond for District Court Judge,Robin Hammond for Judge,≤100
788394134539871,USPS Business,United States Postal Service,≤100
19972147679,SEIU,SEIU,≤100
2353115591423642,James Brown for Montana Public Service Commission,jamesbrown4psc,≤100
342887442508723,Convention of States,Convention of States Action,≤100
17911165812,Covenant House International,Covenant House,≤100
139599847972,National Nurses United,National Nurses United,≤100
195530355493,Chicks On The Right,Chicks on the Right,≤100
2185993931653388,The Recount,"Recount Media, Inc",≤100
580610428636345,Fight for $15,Fight for $15,≤100
73970658023,International Rescue Committee,International Rescue Committee,≤100
101210588150219,Boy Scouts Abuse Claims,X Social Media LLC,≤100
101329438317952,Story Network Action,Story Network Foundation,≤100
69039563201,Open Doors USA,"OPEN DOORS WITH BROTHER ANDREW, INC.",≤100
108118933908193,Next Level Goods,Next Level Goods LLC,≤100
108342854070297,Jim For SD38,Jim Buterbaugh for SD 38,≤100
1456310534453054,Veteran Loans Online,"LMB OpCo, LLC",≤100
2309566456030859,Human Coalition Action,Human Coalition Action,≤100
934438026690635,YouGov,YOUGOV AMERICA INC.,≤100
8047221596,Save the Children US,"SAVE THE CHILDREN FEDERATION, INC.",≤100
103185334702225,Stop Trump PAC,STOP 45 PAC,≤100
111155977283079,My Medication Rights,Pharmaceutical Printed Literature Association,≤100
193618220508,LIFE Today,LIFE Outreach International,≤100
106645684412573,Cover Air Medical,Cover Air Medical,≤100
107803440835562,US Hot Gears,Click Wonders,≤100
167586229923327,World Food Program USA,World Food Program USA,≤100
100757504960070,Concealed_Country,Concealed Country,≤100
104934207736995,Paycheck to Paycheck,Center for American Progress Action Fund,≤100
215830238462422,The LIBRE Initiative,The Libre Initiative,≤100
106114264313679,Hunt The Vote,"Hunter Nation, Inc",≤100
105829564471772,Patriots Stand Together,Trizzie Truong,≤100
158791100909689,Concerned Veterans for America,Concerned Veterans for America,≤100
322954821077735,Tom Woods For Public Service Commission,Tom Woods for Public Service Commission-Democrat,≤100
107398241021186,The John Lewis Bridge Project,John Lewis Bridge Project,≤100
8321461609,MomsRising.org,MomsRising Together,≤100
303061950155375,John James,"JOHN JAMES FOR SENATE, INC.",≤100
107150077720746,American Collectibles,Christopher Walter Adams,≤100
42872222699,Dana Loesch,Dana Loesch Radio,≤100
106224464107240,Jo Jorgensen,Jo Jorgensen for President,≤100
1690071827911682,Cleancult,cleancult,≤100
169130743498585,Tactical Pro Supply,Chad Keller,≤100
8550121410,Free Speech America Project,MEDIA RESEARCH CENTER,≤100
103235554648484,Elect Scientists,314 ACTION FUND,≤100
69983322463,Ted Cruz,TED CRUZ FOR SENATE,≤100
97493741436,John W. Hickenlooper,HICKENLOOPER FOR COLORADO,≤100
80433353285,Taradel LLC,Taradel,≤100
5435784683,Greenpeace USA,"GREENPEACE, INC.",≤100
259212814698356,Democratic Majority for Israel,Democratic Majority for Israel,≤100
12301006942,Democratic Party,DNC SERVICES CORP./DEM. NAT'L COMMITTEE,≤100
1435071773455316,Daily Wire,The Daily Wire,≤100
18709174006,National Audubon Society,"NATIONAL AUDUBON SOCIETY, INC.",≤100
112974563687584,Robert Kiyosaki - The Rich Dad Poor Dad Letter,Long Form Creative Co.,≤100
465483726908192,iVote,IVote Civic Education Fund,≤100
8532248414,Wounded Warrior Project,"WOUNDED WARRIOR PROJECT, INC.",≤100
1228396643984955,Michelle Steel,Michelle Steel for Congress,≤100
296708523873754,Karla Dennis and Associates Inc.,"Karla Dennis & Associates, Inc",≤100
102745147891580,Trump Coolers,Eric Clifford Juels,≤100
628891490457484,Nancy Mace,Nancy Mace for Congress,≤100
6820348410,Kirsten Gillibrand,Gillibrand for Senate,≤100
151525932186806,When Democrats Turn Out,WHEN DEMOCRATS TURN OUT PAC,≤100
21559454473,FAIR,FEDERATION FOR AMERICAN IMMIGRATION REFORM,≤100
87777747127,Greg Palast,Palast Investigative Fund,≤100
100175268282397,Molly Bradberry for Clerk of District Court,Molly Bradberry Campaign Account,≤100
360303722260,Kathleen Williams for Montana,KATHLEEN WILLIAMS FOR MONTANA,≤100
107439427661844,Accountable Tech,Accountable Tech,≤100
894096170667732,Ashley Hinson,Ashley Hinson For Congress,≤100
46093654473,National Republican Congressional Committee,NRCC,≤100
87186661244,Johns Hopkins Bloomberg School of Public Health,Johns Hopkins Bloomberg School of Public Health,≤100
1917715138510680,Follow Your Legend,Legend Bracelet,≤100
420785874975425,Conservative Institute,The Conservative Institute,≤100
376776419037747,Turning Point USA,Turning Point USA,≤100
72931140459,Center for Biological Diversity,"CENTER FOR BIOLOGICAL DIVERSITY, INC.",≤100
19342050934,Leadership Institute,LEADERSHIP INSTITUTE INC,≤100
7976226799,The Daily Show,Comedy Central,≤100
171651620209487,Brady PAC,Brady Pac,≤100
2189265054726827,Liberty Tee Shop,www.libertyteeshop.com,≤100
775525186130124,Center for a Free Economy,Center for a Free Economy,≤100
163302087408673,Stop The Donald,Stop the Donald,≤100
2225580284361712,Tommy Tuberville,"TUBERVILLE FOR SENATE, INC.",≤100
129255907131113,NumbersUSA,NUMBERSUSA EDUCATION AND RESEARCH FOUNDATION,≤100
113702026736466,National Parks Action Fund,National Parks Action Fund,≤100
313097997669,StreetLightUSA,StreetLightUSA,≤100
102617961152741,Barbara Bollier,BOLLIER FOR KANSAS,≤100
593289284500311,Trump Rack,BOXD Marketing,≤100
130467958471,Jason Lewis,Jason Lewis for Senate,≤100
5720973755,Defenders of Wildlife,DEFENDERS OF WILDLIFE,≤100
105060269781,Premiere Collectibles,"Premiere Marketing, Inc.",≤100
111506250582498,Keeping Our Homes Safe,Steve San,≤100
203550842430,Mike Lee,FRIENDS OF MIKE LEE INC,≤100
102592959026,Ocean Conservancy,"OCEAN CONSERVANCY, INC.",≤100
103654464668995,Home With Our Family,Alexander Chung,≤100
30139072158,CARE,CARE,≤100
1530883997194411,United States Constitution,Flag and Cross,≤100
1055873511190792,Hello Resistance,Hello Resistance Apparel,≤100
92021268117,Working America,Working America,≤100
1079789672084038,SimonBooks,Simon & Schuster,≤100
259212814698356,Democratic Majority for Israel,DMFI PAC,≤100
223008867858902,American Action News,American Action News,≤100
192771954102960,Jordan Sekulow,American Center for Law and Justice,≤100
971668776283950,PolicyEd,Hoover Institution,≤100
30914589895,The International Fellowship of Christians and Jews,"INTERNATIONAL FELLOWSHIP OF CHRISTIANS & JEWS, INC.",≤100
27544763621,Prison Fellowship,Prison Fellowship,≤100
115379705206001,U.S. Department of Homeland Security Blue Campaign,DHS Blue Campaign,≤100
109360297266116,Fearless Patriot,TERESA NONE OHARA-MARSH,≤100
29770886815,Marijuana Policy Project,Marijuana Policy Project,≤100
570092813023833,Matt Walsh,The Daily Wire,≤100
655065784538368,PredictIt,"PredictIt - Prediction Markets. A project of Victoria University of Wellington, PredictIt has been established to facilitate research into the way markets forecast events.",≤100
496696933682736,Jeff Merkley,JEFF MERKLEY FOR OREGON,≤100
128531120636129,IVC Media,Solutions for Change,≤100
249455845761285,Lindsey Must Go,LMG PAC,≤100
6236054211,Brady,Brady Campaign to Prevent Gun Violence,≤100
907919839243616,My Faith Votes,My Faith Votes,≤100
118502801658228,Young Kim,Young Kim for Congress,≤100
814260155318929,The Fairness Project,The Fairness Project,≤100
7962229886,Environmental Working Group,ENVIRONMENTAL WORKING GROUP,≤100
13063797831,Ben Ray Luján,PEOPLE FOR BEN,≤100
83290028957,Care Net,CARE NET,≤100
329284771298646,Issue One Action,Issue One Action,≤100
35169196082,Project HOPE,"PROJECT HOPE-THE PEOPLE-TO-PEOPLE HEALTH FOUNDATION, INC.",≤100
2339203789732156,Kim Mangone for Congress,COMMITTEE TO ELECT KIM MANGONE FOR CONGRESS,≤100
178835922297833,American Clinical Laboratory Association,American Clinical Laboratory Association,≤100
38471053686,Elizabeth Warren,"WARREN DEMOCRATS, INC.",≤100
303167829786891,Ed Markey,THE MARKEY COMMITTEE,≤100
493811210669780,Creative Action Network,Creative Action Network,≤100
31966561030,National Taxpayers Union,National Taxpayers Union,≤100
1526736227567131,TrueCoverage,True Coverage,≤100
277414242013,Joyce Elliott for Congress,JOYCE ELLIOTT FOR CONGRESS,≤100
169710960125365,Curzio Research,Curzio Research Inc.,≤100
49651563727,Live Action,Live Action,≤100
425771317501061,Michael Knowles,The Daily Wire,≤100
592707041080920,Stand Together,Stand Together Chamber of Commerce Inc.,≤100
106949844346620,Trumpian Republicans,Gregory Lawrence Burright,≤100
11791104453,NRDC,Natural Resources Defense Council,≤100
101459098271864,Vets United,Jae W Seo,≤100
596556607135301,The Earthling Co.,The Earthling Co.,≤100
830121337093232,National Democratic Training Committee,NATIONAL DEMOCRATIC TRAINING COMMITTEE PAC,≤100
1338822066131069,Women's March,Women's March,≤100
107589664099282,Stand Up To China,"Stand Up To China, Inc.",≤100
111702860231554,Matt Lieberman,Matt Lieberman for Senate,≤100
21834534343,Volunteers of America,"VOLUNTEERS OF AMERICA, INC.",≤100
103801844298982,Team Collins,COLLINS FOR SENATOR,≤100
183517831660100,Morning Consult,Morning Consult LLC,≤100
683872625157265,Theresa Greenfield,THERESA GREENFIELD FOR IOWA,≤100
23790541544,Democrats,DCCC,≤100
1799282383731277,TwoSeventy,Alexander Jared Deutsch,≤100
105456291242733,Cooper Hefner For California,Cooper Hefner For California 2022 Exploratory Campaign,≤100
169597416843751,Stand Up America,Stand Up America,≤100
100391581727524,Defeat By Tweet,DEFEAT BY TWEET,≤100
55549065733,Voto Latino,VOTO LATINO INC.,≤100
67626834312,National Women's Law Center,National Women's Law Center,≤100
111449657160486,Gerry Browning House District 12 - Democrat,Gerry Browning for HD 12,≤100
300992409852,Hoover Institution,Hoover Institution,≤100
105010030848236,Bryant Cameron Webb,DR. CAMERON WEBB FOR CONGRESS,≤100
20876805343,March of Dimes,MARCH OF DIMES INC.,≤100
221401431386940,Pramila Jayapal,PRAMILA FOR CONGRESS,≤100
205395906412,UAW International Union,"INTERNATIONAL UNION, UNITED AUTOMOBILE, AEROSPACE AND AGRICULTURAL IMPLEMENT WORKERS OF AM",≤100
169277310432049,"Texas Precision Optics, Inc.",Texas Precision Optics Inc,≤100
102540204580217,UpNorthNews,Courier Newsroom,≤100
107953199261156,ifaw,"INTERNATIONAL FUND FOR ANIMAL WELFARE, INC.",≤100
96171427550,Raja for Congress,FRIENDS OF RAJA FOR CONGRESS,≤100
197908256931216,Tim Ryan,TIM RYAN FOR CONGRESS,≤100
135298176481584,Marine Corps Scholarship Foundation,Marine Corps Scholarship Foundation,≤100
15041226930,Oxfam,"OXFAM AMERICA, INC.",≤100
308159713150350,Voter Protection Project,VOTER PROTECTION PROJECT,≤100
215199482635728,Alek Skarlatos,ALEK FOR OREGON,≤100
105536127617594,The American Digest,The American Digest,≤100
106003594486756,Standing Up Together,Annie Wang,≤100
143729616392084,Van Drew for Congress,Van Drew for Congress,≤100
107512540818740,Patriot Mitt Romney,Darian,≤100
142992759853421,Be A Hero,BE A HERO PAC,≤100
408250066356,Bill O'Reilly,"Bill Me, Inc.",≤100
110746996993983,The 'Gander Newsroom,Courier Newsroom,≤100
317284821682168,Messianic Jewish Alliance of America (MJAA),Messianic Jewish Alliance of America,≤100
109259090549237,Yes on National Popular Vote,Yes on National Popular Vote,≤100
176466646087311,DC Fawcett,Donald Chappell Fawcett,≤100
7219151423,The Fund for American Studies (TFAS),The Fund for American Studies,≤100
102330281223041,Tradewater,"Tradewater, LLC",≤100
114386721939978,The Made in America Store,Made In America Store,≤100
780941275347834,Ilhan Omar,ILHAN FOR CONGRESS,≤100
153678684700451,American Investment Council,AMERICAN INVESTMENT COUNCIL,≤100
105929991030423,My Freedom Jersey,"My Freedom Jersey, LLP",≤100
384557995468219,Viral Casez,Viral Casez,≤100
143986912311328,University of Vermont Continuing and Distance Education,University of Vermont,≤100
830890360316751,Nick Hanauer,Civic Action,≤100
104504438466,Federal Voting Assistance Program - FVAP,Federal Voting Assistance Program,≤100
6713653788,Gary Peters,PETERS FOR MICHIGAN,≤100
79125112926,Students for Life of America,"STUDENTS FOR LIFE OF AMERICA, INC.",≤100
396932197039819,SafeSleeve,"SafeSleeve, LLC",≤100
50982313030,Food & Water Watch,Food & Water Watch,≤100
601108943431836,The Flip Side,TFS Inc,≤100
51379424899,Mercy Ships,MERCY SHIPS INTERNATIONAL,≤100
911828698840246,ReLEntless Defender Apparel,ReLEntless Defender Apparel,≤100
10150100007820094,Wendy Davis,WENDY DAVIS FOR CONGRESS,≤100
103644036958,United Association,United Association Political Education Committee,≤100
166166843531258,National Council of Resistance of Iran - شورای ملی مقاومت ایران,MEK-Iran (Saeid Saadati),≤100
2012750189007245,Liquid Death Mountain Water,Liquid Death,≤100
103531607822207,Noticias para Inmigrantes,"Wise Rock Media, PBC",≤100
172758932738142,PhRMA,PHARMACEUTICAL RESEARCH AND MANUFACTURERS OF AMERICA,≤100
101324424793972,Jimmy Patelis,"Montanans for Jimmy Patelis, 6312 Gray Hawk Way, Billings MT 59106 (R)",≤100
2146201085498440,Tony Gonzales,Tony Gonzales for Congress,≤100
100213294936548,Margaret Gorski for SD44,Margaret Gorski for SD 44,≤100
10498053716,Media Research Center,MEDIA RESEARCH CENTER,≤100
1628679613829742,Josh Hicks,Josh Hicks for Congress,≤100
111772843789224,HURD PAC,HAVING UNWAVERING RESOLVE AND DETERMINATION PAC,≤100
253791814655400,Doug Collins,"COLLINS FOR SENATE, INC.",≤100
1234251319933440,Exclusive Apparel,The Dude's Threads,≤100
100637888239523,Free Reign For All,Kin Ngai Yeung,≤100
2264090133834042,Invite Research,Precision Network,≤100
2165983337048601,LeverforChange,Lever for Change,≤100
419237048158257,Susan Collins,COLLINS FOR SENATOR,≤100
101724361319410,Ronny Jackson for U.S. Congress TX-13,Texans for Ronny Jackson,≤100
1925751504337881,MJ Hegar,MJ FOR TEXAS,≤100
950998258312654,Knowhere,"Knowhere, Inc.",≤100
143089732792,Marsha Blackburn,Blackburn Tennessee Victory Fund,≤100
150452905455,Andrew Klavan,The Daily Wire,≤100
134452023239984,Human Coalition,Human Coalition,≤100
24481937944,Theodore Roosevelt Conservation Partnership,"THEODORE ROOSEVELT CONSERVATION PARTNERSHIP, INC",≤100
197760674021143,Indivisible Guide,INDIVISIBLE ACTION,≤100
17432811417,Working Families Party,Working Families Party National Independent Expenditure Committee,≤100
149081336362,AmeriCorps VISTA,Corporation for National and Community Service,≤100
123192635089,GOP,REPUBLICAN NATIONAL COMMITTEE,≤100
8934429638,Planned Parenthood Action,Planned Parenthood Votes,≤100
107150077720746,American Collectibles,Proud Patriots,≤100
113666459994300,Big Dan Rodimer for Congress,RODIMER FOR CONGRESS,≤100
1551109418518461,The Honest Patriot,Amundson Media LLC,≤100
1449461518652183,4Patriots,4Patriots LLC,≤100
7263476274,Mercy Corps,Mercy Corps,≤100
169294473121454,Policetees.com,PoliceTees.com,≤100
336470580233523,Pins and Aces Golf Co.,US Craft Brands LLC,≤100
101481584557260,Help Asheville Bears-HAB,Heather Christina Williams,≤100
112235732143274,Glacier National Park Conservancy,Michael Robert Cantafio,≤100
519590768083165,Abby Finkenauer for Congress,FINKENAUER FOR CONGRESS,≤100
374848446414965,Pollking,Benjamin Aaron Perlman,≤100
1545826148838592,Trump 2020,Gregory Lawrence Burright,≤100
344690446467832,The Copper Courier,Courier Newsroom,≤100
1082522201878539,Gina Ortiz Jones for Congress,GINA ORTIZ JONES FOR CONGRESS,≤100
108152933883451,TrumpTrendz,Troy Lorenzo Davis,≤100
101690998009007,Improving Life Through Health,Nicolette Dalan,≤100
1389807071117013,Lynn Afendoulis,Lynn Afendoulis for Congress,≤100
210277954204,The Young Turks,"The Young Turks, Inc.",≤100
284858734889913,Bull Mountain Grille,These ads ran without a disclaimer,≤100
1947525322184514,One Fair Wage,One Fair Wage,≤100
50711561090,Muslim Advocates,MUSLIM ADVOCATES,≤100
112164673854264,Living Patriotically,Living Patriotically,≤100
497081420632330,Dr. Hiral Tipirneni,HIRAL FOR CONGRESS,≤100
108512875350,The Atlas Society,The Atlas Society,≤100
102875587947942,Keep Trump In Office,Keep Trump In Office,≤100
217976018236954,OutKick,Outkick Media LLC,≤100
106487520883333,Cardinal & Pine,Courier Newsroom,≤100
293225127381200,Patriot Depot,The Patriot Depot,≤100
130945114804,World Jewish Congress,WORLD JEWISH CONGRESS AMERICAN SECTION INC,≤100
143021112391265,Jacobin magazine,Jacobin Foundation,≤100
102756811269921,Fellow Americans,Fellow Americans,≤100
101391906600,Live Action News,Live Action News,≤100
802271849850801,Freedom for All Americans,Freedom for All Americans,≤100
85273022315,NAMI,NAMI,≤100
103929304678916,Voter Action Project,Integrity First Voter Action Project,≤100
111970730196550,World War Zero,AMERICAN SECURITY PROJECT,≤100
100233228182981,Madison Cawthorn for Congress,CAWTHORN FOR NC,≤100
422202764649078,Rhode Island Department of Education - RIDE,Rhode Island Department of Education,≤100
121033149320,American Indian College Fund,"AMERICAN INDIAN COLLEGE FUND, THE",≤100
6165653060,AFSCME,AMERICAN FEDERATION OF STATE COUNTY & MUNICIPAL EMPLOYEES,≤100
90498769709,Edenpure,EdenPURE®,≤100
160513344045084,John Neely Kennedy,"John Kennedy for Us, Inc",≤100
186805048171120,U.S. & Texas LawShield,Texas LawShield,≤100
2259323457517498,Abolish the Electoral College,ABOLISH THE ELECTORAL COLLEGE,≤100
279846350948,St. Labre Indian School,St. Labre Indian School,≤100
7292655492,MoveOn,MOVEON.ORG CIVIC ACTION,≤100
151944694884237,"Solidarity Strategies, LLC",Solidarity Strategies,≤100
129523843754764,Vote Smart,PROJECT VOTE SMART,≤100
160630887998827,Let Them Live,Let Them Live,≤100
138020572909535,Texas VLB,Texas Veterans Land Board,≤100
223055747744143,Beto O'Rourke,Powered By People,≤100
128958937175029,Trivia Today,Benjamin Aaron Perlman,≤100
17023576156,The Leadership Conference on Civil and Human Rights,The Leadership Conference on Civil and Human Rights,≤100
86071521216,Second Amendment Foundation,SECOND AMENDMENT FOUNDATION INC,≤100
717417908274761,Lady Freethinker,Lady Freethinker,≤100
122475637000,Georgia Forestry Association,Georgia Forestry Association,≤100
106629127527429,Kathy Barnette for Congress PA 04,Kathy Jean Barnette,≤100
622644971176455,Pravda Media,Jacob Fredrick Pointon,≤100
17203056985,Partners In Health,Partners In Health,≤100
316887658336677,My Control Card,"NETSPEND HOLDINGS, INC.",≤100
394817334402124,2020 Trump Bill,Innovative Ecomm LLC,≤100
131217580266597,National Council on Aging,"NATIONAL COUNCIL ON AGING, INC.",≤100
337963610428971,Yana for Wyo,YANA FOR WYO,≤100
111495005590988,Pattern,Pattern Energy,≤100
412739549455010,Karena Reiter,PrimaDonna Reeds,≤100
1439364926329185,Animal Matters,Animal Matters,≤100
518194348194441,RepresentUs,RepresentUs,≤100
265045056894488,Mark Meckler,Convention of States Action,≤100
780606555331010,American Student Loan Advocate,ASLR Marketing,≤100
543066585882629,Libertarian Country,Libertarian Country,≤100
11111618026,Union of Concerned Scientists,"UNION OF CONCERNED SCIENTISTS, INC.",≤100
194115677277113,A21,A21 with Facebook Ad Credits,≤100
361960287311696,Better Medicare Alliance,"Better Medicare Alliance, Inc",≤100
77790954801,Salesian Missions,Salesian Missions,≤100
100101018155207,Paid Leave for All,Paid Leave for All a project of Hopewell Fund,≤100
224684514243482,Tom Cotton,"COTTON FOR SENATE, INC.",≤100
2256321067930356,Liberteeclub,libertyteeshop,≤100
181924628560212,SumOfUs,SumOfUs,≤100
172298889630363,Republican Attorneys General Association,REPUBLICAN ATTORNEYS GENERAL ASSOCIATION,≤100
341858589449,Save Bristol Bay,"TROUT UNLIMITED, INC.",≤100
1370474066365196,F1RST WARRIOR,First Warrior,≤100
245741028804051,Barbara Sinatra Center,Barbara Sinatra Children's Center,≤100
114475890010131,Piggy Dollar Financial,Tyler Wayne Hedland,≤100
101136147910784,Represent Justice,Represent Justice,≤100
8936818385,Accuracy in Media,"ACCURACY IN MEDIA, INC",≤100
117058854998779,The Gideons International,"GIDEONS INTERNATIONAL, THE",≤100
1613516851999536,Sunrise Movement,Sunrise,≤100
333081284065216,Brynne Kennedy for Congress,BRYNNE KENNEDY FOR CONGRESS,≤100
745910525468062,National Center on Sexual Exploitation,National Center on Sexual Exploitation,≤100
896759427103774,Modern Medicaid Alliance,Modern Medicaid Alliance,≤100
19746387261,Humane Society International,Humane Society International,≤100
105062461269553,Lifes Choices,These ads ran without a disclaimer,≤100
168051710543266,Lacy Johnson,Lacy Johnson for Congress,≤100
334748476594191,Rodney Davis,Rodney for Congress,≤100
407664862957433,Ammar Campa-Najjar for Congress,AMMAR CAMPA-NAJJAR FOR CONGRESS,≤100
291102898490822,Giant Maga Hat,Inventors club LLC,≤100
114971076538782,The Keystone,Courier Newsroom,≤100
2081864865362439,Mike Espy,MIKE ESPY FOR SENATE CAMPAIGN COMMITTEE,≤100
785936231584382,Paula Jean Swearengin,Paula Jean for West Virginia,≤100
141692255929599,Democratic Socialists of America,DEMOCRATIC SOCIALISTS OF AMERICA INC,≤100
51405613519,Focus on the Family,Focus on the Family,≤100
100119981671668,Blue Senate,BLUE SENATE PAC,≤100
48530203934,The American Alpine Club,"AMERICAN ALPINE CLUB, THE",≤100
2040270322863853,Tina Smith,TINA SMITH FOR MINNESOTA,≤100
159597424207730,David Perdue,PERDUE FOR SENATE,≤100
107210084216238,Humanity Forward,Humanity Forward,≤100
8002590959,Rainforest Action Network,RAINFOREST ACTION NETWORK,≤100
100554838408746,Donald J. Trump 2020,Keep America Great,≤100
341513602902369,CALL TO ACTIVISM,CALL TO ACTIVISM,≤100
420756238503932,Your American Flag Store,Your American Flag Store,≤100
112325855474892,Speak Up For Education and Kids,National Education Association,≤100
248181906078243,National Institute for Civil Discourse,CommonSense American,≤100
173470656019870,The Daily Yonder,Great Stories LLC,≤100
1945237355733646,Giving Brush,Giving Brush LLC,≤100
2283535575207809,Ditch Mitch,DITCH FUND,≤100
1268410219898273,Tango Tango,Tango Tango Inc,≤100
1658135304460341,MANG,MANG,≤100
201956993160690,MRCTV,MEDIA RESEARCH CENTER,≤100
153278754738777,Climate Reality,The Climate Reality Project,≤100
1528498354074301,Punching Bag Media - Conservative News,Sean Michael Probber,≤100
58158120046,ACLJ,American Center for Law and Justice,≤100
45013872425,The Ripon Society,RIPON SOCIETY,≤100
105222917615301,Jen Richardson for Congress,CITIZENS FOR JEN RICHARDSON,≤100
463095630924391,US Business Funding,Credox,≤100
872842866161157,One Nation Design,One Nation Design,≤100
284946111858895,Debbie Mucarsel-Powell,DEBBIE FOR CONGRESS,≤100
629732217415068,Republican Party,Greater Half,≤100
219247332354785,Phil Arballo for Congress,ARBALLO FOR CONGRESS,≤100
102389457864860,Treehuggers Bracelets,ECOMX LLC,≤100
375760676281438,Mermaid Straw,Mermaid Straw,≤100
1612726335627171,We the Internet TV,We the Internet TV,≤100
152264148166020,Moms Clean Air Force,Moms Clean Air Force,≤100
1708467695859543,Veteran Transition Mission,Sonia Ivelisse Barriera Ayala,≤100
950837325113887,Life Money Stuff,Life Money Stuff,≤100
324119001078997,"Sanford Heisler Sharp, LLP","Sanford Heisler Sharp, LLP",≤100
1636216106590985,Josh Hawley,JOSH HAWLEY FOR SENATE,≤100
510680265702016,Crowned Free,Crowned Free,≤100
107750347614769,Chip Neiman,Committee to Elect Chip Neiman,≤100
111071730549863,Debt Relief Secrets,Debt Relief Secrets,≤100
17801244148,Jill Schupp,SCHUPP FOR CONGRESS,≤100
266145305529,Henry Holt,"Macmillan Holdings, LLC",≤100
105331754570572,Presidents Mint,Kevin Ross Santiago,≤100
107698564046392,Lauren Boebert for Congress,LAUREN BOEBERT FOR CONGRESS,≤100
653079394725698,Aspiration,Aspiration,≤100
112600915451330,No Labels,No Labels,≤100
100503184678036,BioLargo Water Inc.,"BioLargo, Inc.",≤100
111941237005726,Just The News,Just the News,≤100
235762319779450,Omar Navarro,OMAR NAVARRO FOR CONGRESS,≤100
103162411257510,Trumplican,USA Movements,≤100
79820371749,Ayanna Pressley,THE COMMITTEE TO ELECT AYANNA PRESSLEY,≤100
48837932638,Montana Democratic Party,Montana Democratic Party,≤100
1640970822834351,Plaine Products,Plaine Products,≤100
325578590837480,Obamacare,Sixteen Thirty Fund,≤100
143509339045414,Americans for Peace and Tolerance,"AMERICANS FOR PEACE AND TOLERANCE, INC.",≤100
262138411622,Faces of Lawsuit Abuse,US Chamber Institute for Legal Reform,≤100
746938465317981,Nuclear Matters,Nuclear Matters,≤100
470241276500901,Women Vote,WOMEN VOTE!,≤100
1099779163410386,John Barrasso,Friends of John Barrasso,≤100
157307331013957,The History List,The History List,≤100
36872302227,Cory Booker,Cory Booker for Senate,≤100
345378512258813,Elise Stefanik,ELISE FOR CONGRESS,≤100
26006662641,Arizona Democratic Party,Arizona Democratic Party,≤100
2295062210811244,Coalition for American Veterans,COALITION FOR AMERICAN VETERANS POLITICAL ACTION COMMITTEE,≤100
53541257714,The Arc of the United States,The Arc with Facebook Ad Credits,≤100
112735922758892,Charlie Kirk,Charlie Kirk,≤100
101331784823473,USA Custom Gifts,These ads ran without a disclaimer,≤100
357554791340788,Liker,Omar Rivero,≤100
292351509697,Jerusalem Prayer Team,Jerusalem Prayer Team,≤100
107665644228467,Conservative Journal Review,Conservative Journal Review LLC,≤100
681626158940626,Mission Roll Call,Americas Warrior Partnership,≤100
21647204289,Michigan Education Association,Michigan Education Association,≤100
162493793737,Rick Green,Richard Arlin Green,≤100
101831013191301,The California Coast,California Coastal Commission Public Education Program,≤100
839073729808623,Hillary Scholten,SCHOLTEN FOR CONGRESS,≤100
1099478666810053,Meals For Pets,Meals for Pets,≤100
156919911022572,Steven Horsford,NEVADANS FOR STEVEN HORSFORD,≤100
61265398450,AmeriCorps NCCC,Corporation for National and Community Service,≤100
273023971533,Dennis Bonnen,Dennis Bonnen Campaign,≤100
103131054573692,Crawfordology,Crawfordology,≤100
53727956260,Republican Jewish Coalition,Republican Jewish Coalition,≤100
360424321432255,Doha Debates,Doha Debates,≤100
240290369507552,Bend the Arc Jewish Action,Bend the Arc: Jewish Action,≤100
101591551371555,Fire Mitch. Save America.,SAVE AMERICA FUND,≤100
38882699096,Polaris,POLARIS PROJECT,≤100
103315378108004,True Patriot Strength,LE-HUU DONG HUYNH,≤100
25121889784,Texas Public Policy Foundation,Texas Public Policy Foundation,≤100
149366465128820,Nicole Galloway,Nicole Galloway for Missouri,≤100
142370046577999,Shahid Buttar for Congress,Shahid Buttar for Congress Committee,≤100
551158678560402,Epimonia,Epimonia LLC,≤100
7100914121,American Experience | PBS,WGBH EDUCATIONAL FOUNDATION,≤100
1765073800454902,Reform Austin,Reform Austin Inc.,≤100
922580991129339,People's Mojahedin Organization of Iran - MEK IRAN,MEK-Iran (Saeid Saadati),≤100
8741241286,Under Armour,These ads ran without a disclaimer,≤100
100781605034049,Trump 2020 Team,Jordan Ray Riddle,≤100
2070944712939738,American Police Officers Alliance,American Police Officers Alliance,≤100
28144169620,Alliance for Aging Research,Alliance for Aging Research,≤100
892673067526965,Project War Path,Project War Path,≤100
2049170775107862,Resistance By Design,Resistance By Design,≤100
175797376373,"WaterFurnace Geothermal Heating, Cooling & Hot Water","WATERFURNACE INTERNATIONAL, INC.",≤100
166738743732702,All Above All Action,All Above All Action Fund,≤100
101127364972509,Dems For USA,Dems For USA,≤100
369214063089791,Lummis for Wyoming,LUMMIS FOR WYOMING INC.,≤100
109678580574253,Politicool Clothing Co.,PolitiCoolClothing.com,≤100
104505064408799,Cove USA,"Cove USA, LLC",≤100
108906707265489,USA Pooch,"PRESIDENTIAL POOCH, INC",≤100
61288747990,Real Warriors,Real Warriors Campaign,≤100
675471506247724,Adair for Congress,ADAIR FOR CONGRESS,≤100
290851614930809,Combat AntiSemitism,Combat Anti-Semitism,≤100
331037760381749,Sierra Magazine,SIERRA CLUB,≤100
108296990863730,Hero Action Fund,Hero Action Fund,≤100
673117639774135,Gretchen Whitmer,Gretchen Whitmer for Governor,≤100
203330919857759,All On The Line,National Redistricting Action Fund,≤100
102636677971854,Trump Is The Storm,Legendary Trump Coins,≤100
682990071843813,Center for the Study of Liberty,Center for the Study of Liberty,≤100
420424547981908,In Search of Liberty,Scott Dennis Welch,≤100
206677396413254,Abortion On Our Own Terms,Abortion On Our Own Terms,≤100
108777231824,Manhattan Institute for Policy Research,MANHATTAN INSTITUTE FOR POLICY RESEARCH INC,≤100
100401327980848,National Parents Union,National Parents Union,≤100
237477017606,Club for Growth,Club for Growth,≤100
109379100777665,Patriotism Isn't Dead,Patriot Polling,≤100
142432192446984,David Horowitz Freedom Center,David Horowitz Freedom Center,≤100
99033391274,Brian Kemp,Kemp for Governor Inc,≤100
281844617168,Jewish Voice Ministries International,JEWISH VOICE MINISTRIES INTERNATIONAL,≤100
178024352559210,Great America PAC,GREAT AMERICA PAC,≤100
96159580682,Maine Democratic Party,MAINE DEMOCRATIC PARTY,≤100
316498251698370,Adam Gray for Assembly,Gray for Assembly 2020,≤100
104051398040027,CCW Online Now_,Concealed Country,≤100
1192579580831773,Supermajority News,Supermajority,≤100
121626482110,Operation Smile,"OPERATION SMILE, INC.",≤100
59877921429,Lutheran Immigration and Refugee Service,"LUTHERAN IMMIGRATION AND REFUGEE SERVICE, INC.",≤100
1709145412721991,The Center for Growth and Opportunity at Utah State University,The Center for Growth and Opportunity,≤100
21395843375,Dialysis Patient Citizens,DIALYSIS PATIENT CITIZENS INC,≤100
309993142375589,Joe Kennedy III,KENNEDY FOR MASSACHUSETTS,≤100