﻿Page ID,Page Name,Disclaimer,Amount Spent (USD)
6726182861,Mike Pence,TRUMP MAKE AMERICA GREAT AGAIN COMMITTEE,3606
153080620724,Donald J. Trump,TRUMP MAKE AMERICA GREAT AGAIN COMMITTEE,3073
780941275347834,Ilhan Omar,ILHAN FOR CONGRESS,2832
102595498024546,MN vs Trump,Alliance for a Better Minnesota Federal PAC,1485
156968474833352,Stop Republicans,Stop Republicans,1203
7860876103,Joe Biden,BIDEN VICTORY FUND,1197
202626512363,U.S. Census Bureau,U.S. Census Bureau,1116
163303407407167,State of Great MN,Coalition of Minnesota Businesses,1091
1745691098822972,Brad Parscale,TRUMP MAKE AMERICA GREAT AGAIN COMMITTEE,1017
925007000949719,ExxonMobil,Exxon Mobil Corporation,1001
20787991568,Senate Democrats,DSCC,971
1771156219840594,Team Trump,TRUMP MAKE AMERICA GREAT AGAIN COMMITTEE,850
153080620724,Donald J. Trump,"DONALD J. TRUMP FOR PRESIDENT, INC.",824
108824017345866,Facebook,"Facebook, Inc.",760
333710103706307,Giffords,GIFFORDS PAC,726
2177005695867568,Minnesota Ag-Energy Alliance,Minnesota AG Energy Alliance,713
347978955534783,Solcius,Solcius,674
309798029121030,Everytown for Gun Safety,Everytown for Gun Safety Action Fund Inc,626
127755494595870,Progressive Takeover,PROGRESSIVE TAKEOVER,624
15650561930,Conservation Minnesota,CONSERVATION MINNESOTA,580
96935476345,Democratic Governors Association (DGA),Democratic Governors Association,550
95779211526,Minnesota DFL Party,MINNESOTA DEMOCRATIC-FARMER-LABOR PARTY,527
1417093208526654,Action 4 Liberty,Action 4 Liberty,475
104856814505092,The Kids Guide,The Kids Guide,455
70373038195,FairVote Minnesota,Fairvote Minnesota,454
2045579538797189,Advance Minnesota,Advance Minnesota Independent Expenditure Committee,436
435917576827538,Minnesotans for Line 3,Minnesotans for Line 3,428
1555039491394668,CM Voter Center,CM Voter Center,417
105756057589080,The Lincoln Project,The Lincoln Project,378
9324910069,NRSC,NRSC,372
260754507296508,The Voter Participation Center,Voter Participation Center,370
40656699159,Washington Examiner,Washington Examiner,315
1615018905412860,Progressive Turnout Project,PROGRESSIVE TURNOUT PROJECT,308
33110852384,Doctors Without Borders/ Médecins Sans Frontières (MSF),Doctors Without Borders/Médecins Sans Frontières (MSF),306
49651563727,Live Action,Live Action,268
791543660926838,"I'll go ahead and keep my guns, Thanks",2A4LIFE LLC,267
429812024048177,Doug Jones for Senate,DOUG JONES FOR SENATE COMMITTEE,253
345504286342057,Keeping America Great Again,RightWingGear.com,250
132492254050920,American AF,AAF Nation,240
1163396097051646,PILMA,Pharmaceutical Industry Labor Management Association,239
665345483483486,NRA - National Rifle Association of America,NATIONAL RIFLE ASSN OF AMERICA,234
102671331487937,I Love My Freedom Store,I Love My Freedom,223
664770743730817,Dan Feehan for Congress,FRIENDS OF DAN FEEHAN,221
277005566267077,Blueland,Blueland,220
107758757670203,BLM Direct,BLM Store LLC,208
2330577043935831,Sara Gideon,SARA GIDEON FOR MAINE,206
342294162453301,Planned Parenthood,Planned Parenthood Federation of America,204
111393882812494,Amy McGrath,"AMY MCGRATH FOR SENATE, INC.",203
165987503528599,Lindsey Graham,"TEAM GRAHAM, INC.",202
107458830915941,Jeff Hayden for State Senate,Jeff Hayden For Senate,200
203805062990264,Ben Shapiro,The Daily Wire,192
109092142462587,Adam Schiff,SCHIFF FOR CONGRESS,191
80562389320,NARAL Pro-Choice America,NARAL Pro-Choice America,190
84206511914,MN AFL-CIO,Minnesota AFL-CIO Politcal Fund,188
237158469893,YWCA Minneapolis,YWCA Minneapolis,184
176789922364429,Steve Daines,STEVE DAINES FOR MONTANA,177
18982436812,ACLU,American Civil Liberties Union,177
602714436529710,End Citizens United,END CITIZENS UNITED,176
2352630938293825,Mytacticalpromos,Entremax,176
19972147679,SEIU,SEIU,175
105246547735959,North Star Values,Senate Victory Fund,174
328853823844484,Balance of Power,Balance of Power,168
75702136583,"City of St. Louis Park, Minnesota",City of St. Louis Park,167
25852730092,Care2,Care2 Inc,165
130181447841752,The Power of Minnesota,Seiche,163
148899492344271,Pete Stauber,PETE STAUBER FOR CONGRESS,163
107858693983382,The GOP Shop,The GOP Shop,153
24330467048,Americans for Prosperity,AMERICANS FOR PROSPERITY,153
113221460405028,America One Policies,America One Policies,150
1556932204325823,ProgressPop,ProgressPop,149
8934429638,Planned Parenthood Action,Planned Parenthood Action Fund,148
12301006942,Democratic Party,BIDEN VICTORY FUND,148
96935476345,Democratic Governors Association (DGA),DEMOCRATIC ACTION,147
1400927463555875,Imperfect Foods,Imperfect Produce,142
433919203362871,Bird + Stone,BIRD & STONE INC,135
203197030603239,8 Billion Trees,8 Billion Trees LLC,131
372748186440079,Minnesota Senate DFL Campaign,Minnesota Senate DFL Caucus,129
127225910653607,PragerU,PragerU,128
92925746942,Judicial Watch,Judicial Watch,127
103935287613121,Noel Collis for Congress,DR. NOEL COLLIS FOR CONGRESS,123
309308412520731,Sandy Hook Promise,Sandy Hook Promise,118
15239367801,The Wilderness Society,"WILDERNESS SOCIETY, THE",115
259130650776119,Mitch McConnell,MCCONNELL SENATE COMMITTEE,113
92021268117,Working America,Working America,112
7292655492,MoveOn,MOVEON.ORG POLITICAL ACTION,109
101181794707874,United Research Group,United Research Group,108
109111900634787,Reverend Raphael Warnock,WARNOCK FOR GEORGIA,105
137569740231452,Respect The Look,Respect The Look,105
38235851310,USA for UNHCR,UNITED STATES ASSOCIATION FOR UNHCR,103
23875187730,Feeding America,Feeding America,≤100
100137754724934,Trump 2020 Supporters,Proud Right Winger,≤100
106323360959211,Patriots Republic,Matthew James Stine,≤100
717115395103069,PrintedKicks,Printed Kicks,≤100
1336293769761923,Jon Ossoff,JON OSSOFF FOR SENATE,≤100
127335473965761,Recycle Cartons,"Carton Council of North America, Inc.",≤100
2267285956849056,Donald Trump 2020 Fans,I Love My Freedom,≤100
18813753280,Human Rights Campaign,"HUMAN RIGHTS CAMPAIGN, INC.",≤100
276967979123378,Dario Anselmo for Hennepin Commissioner,Dario Anselmo for Commissioner,≤100
14440196673,Teamsters,INTERNATIONAL BROTHERHOOD OF TEAMSTERS,≤100
656803827845924,Zack Stephenson For MN House,Stephenson for House,≤100
85452072376,Newsmax,Newsmax Media,≤100
27311599342,Preemptive Love,Preemptive Love Coalition,≤100
105732744375701,Steve Bullock,MONTANANS FOR BULLOCK,≤100
130467958471,Jason Lewis,Jason Lewis for Senate,≤100
272618896537776,America First Agenda,America First Agenda PAC,≤100
106244251043808,Reuse Plastics,"AMERICAN CHEMISTRY COUNCIL, INC.",≤100
1883837055193241,Shield Republic,Shield Republic,≤100
114710126648118,Republican Dogs,Republican Dogs,≤100
110177119192569,Knightscope,William Li,≤100
332716170522025,America First Action,America First Action,≤100
215968684159,AFT - American Federation of Teachers,American Federation of Teachers,≤100
213792049451918,Stand For America,Stand For America Inc,≤100
945005292238581,Minnesotans for a Smoke-Free Generation,ClearWay Minnesota,≤100
101340647941724,Sara Flick for MN Senate District 25,Sara Flick for Senate Committee,≤100
853871734698509,Lindsey Port for MN State Senate District 56,Lindsey Port for MN,≤100
167586229923327,World Food Program USA,World Food Program USA,≤100
2353537341582545,Proud Patriots,Proud Patriots,≤100
196382377057315,Learn Our History,Learn Our History,≤100
6820348410,Kirsten Gillibrand,Off the Sidelines,≤100
100256754899828,Patriot's Cave,Patriots Cave,≤100
7833534974,Florida Democratic Party,Florida Democratic Party,≤100
110974960642149,Proudly American,Grant Alan Johnston,≤100
112431050497386,Patriotism For Life,Vivian Lam Nguyen,≤100
381914798901031,National Democratic County Officials,National Democratic County Officials - NDCO,≤100
461204744067686,Family Protection Association,Family Protection Association,≤100
580610428636345,Fight for $15,Fight for $15,≤100
560140464159364,Stand for the 2nd Amendment,SFT2 Tactical Supply,≤100
57259033959,AARP,AARP,≤100
296708523873754,Karla Dennis and Associates Inc.,"Karla Dennis & Associates, Inc",≤100
7814597100,Jim Jordan for Congress,JIM JORDAN FOR CONGRESS,≤100
19972147679,SEIU,SEIU COPE (SERVICE EMPLOYEES INTERNATIONAL UNION COMMITTEE ON POLITICAL EDUCATION),≤100
8047221596,Save the Children US,"SAVE THE CHILDREN FEDERATION, INC.",≤100
6041057841,The Humane Society of the United States,"HUMANE SOCIETY OF THE UNITED STATES, THE",≤100
359477377917,American Federation for Children,American Federation for Children,≤100
1025055787535714,A Case for Women,A Case for Women,≤100
278490715553293,Martha McSally,MCSALLY FOR SENATE INC,≤100
1194865807192273,Conservative Gear,Outergoods LLC,≤100
410784729505143,Danny Nadeau,Danny Nadeau for Hennepin County Commissioner,≤100
73970658023,International Rescue Committee,International Rescue Committee,≤100
113091103576321,Cheri Sudit for Hennepin County Commissioner,Sudit for County Commissioner,≤100
107654924064350,Pat Timmons-Goodson,PATRICIA TIMMONS-GOODSON FOR CONGRESS,≤100
228132537208218,Tammy Duckworth,TAMMY FOR ILLINOIS,≤100
530604487365010,Old Glory Flagpole Kits,Service First,≤100
228754857151053,House Majority PAC,House Majority PAC,≤100
107439427661844,Accountable Tech,Accountable Tech,≤100
8325302025,Friends of the Earth U.S.,Friends of the Earth,≤100
305832706292882,American Gun Association,GunAssociation.org,≤100
104745474214057,HRA - OTC Birth Control,Corey Francis Mc Govern,≤100
72186095846,Center For American Progress Action Fund,Center for American Progress Action Fund,≤100
30139072158,CARE,CARE,≤100
8501031021,VoteVets.org,"VoteVets Action Fund, Inc.",≤100
222161551455730,Senator John Jasinski,Jasinski for Senate Campaign,≤100
1316372698453411,Alexandria Ocasio-Cortez,Alexandria Ocasio-Cortez for Congress,≤100
111428049989,Cal Cunningham,CAL FOR NC,≤100
105084617912738,PatriotQuizzes,patriotquizzes.com,≤100
1642386799323957,Angie Craig,ANGIE CRAIG FOR CONGRESS,≤100
100126201737278,Patriots Take a Stand,Jae W Seo,≤100
1061240530648502,Joe Collins,JOE COLLINS FOR CONGRESS,≤100
103597604713894,Team Trump Store,TRUMP MAKE AMERICA GREAT AGAIN COMMITTEE,≤100
1877050422352181,Julia Coleman for State Senate,Julia for MN,≤100
100880874670508,Mason for Minnesota,John Wesley Leonard Mason,≤100
6231686654,Compassion International,"COMPASSION INTERNATIONAL, INCORPORATED",≤100
1600352356914768,PushBlack,PushBlack,≤100
260131294484,Bethesda Lutheran Communities,Bethesda Lutheran Communities,≤100
1310142905757632,State Representative John Lesch,John Lesch for State Representative,≤100
373814729643508,Let America Vote,LET AMERICA VOTE PAC,≤100
101403571593709,Lucia Vogel for Senator District 41,Ronald Ray Vogel,≤100
101279451606075,Democratic Strategy Institute,Democratic Strategy Institute,≤100
126694924050678,Xavier Becerra,Becerra for Attorney General 2022,≤100
1109093812491437,Blaze Media,Blaze Media LLC,≤100
25055115099,Intuit,INTUIT INC.,≤100
45393753416,Alliance Defending Freedom,Alliance Defending Freedom,≤100
102540204580217,UpNorthNews,Courier Newsroom,≤100
104934207736995,Paycheck to Paycheck,Center for American Progress Action Fund,≤100
114625730266879,Republican Voters Against Trump,Defending Democracy Together,≤100
15687409793,World Wildlife Fund,World Wildlife Fund,≤100
264394540255889,AFP Minnesota,AMERICANS FOR PROSPERITY,≤100
834645469890446,Devin Nunes,DEVIN NUNES CAMPAIGN COMMITTEE,≤100
21375324480,The Heritage Foundation,HERITAGE FOUNDATION (THE),≤100
87186661244,Johns Hopkins Bloomberg School of Public Health,Johns Hopkins Bloomberg School of Public Health,≤100
245284549333866,ASMDSS,ASMDSS,≤100
103531607822207,Noticias para Inmigrantes,"Wise Rock Media, PBC",≤100
17911165812,Covenant House International,Covenant House,≤100
605168822998856,314 Action,314 ACTION FUND,≤100
105566671190013,What We All Need,Patrick Le Tran,≤100
380314912386667,Minnesota Right to Life,Minnesota Right to Life,≤100
1836138529938551,Greater Half,Greater Half,≤100
106645684412573,Cover Air Medical,Cover Air Medical,≤100
105577974544303,The USA Needs More Patriots,AmeriPolling,≤100
159964696102,Kevin McCarthy,KEVIN MCCARTHY FOR CONGRESS,≤100
586751814690068,Joni Ernst,Joni for Iowa,≤100
8321461609,MomsRising.org,MomsRising Together,≤100
340878903016433,Chris LaTondresse for Hennepin County Commissioner,LaTondresse for Commissioner,≤100
101183127996396,Four Is Enough,PACRONYM,≤100
107398241021186,The John Lewis Bridge Project,John Lewis Bridge Project,≤100
6204742571,Sierra Club,SIERRA CLUB,≤100
2078647579047586,Project Pulso,Project Pulso,≤100
193618220508,LIFE Today,LIFE Outreach International,≤100
12301006942,Democratic Party,DNC SERVICES CORP./DEM. NAT'L COMMITTEE,≤100
493811210669780,Creative Action Network,Creative Action Network,≤100
139441926128681,New Saint Andrews College,New Saint Andrews College,≤100
355316521236121,John Cornyn,TEXANS FOR SENATOR JOHN CORNYN INC.,≤100
259212814698356,Democratic Majority for Israel,Democratic Majority for Israel,≤100
465483726908192,iVote,IVote Civic Education Fund,≤100
102863274537312,Antone for Congress,ANTONE FOR CONGRESS,≤100
609926319458332,Rep. Dean Phillips,Representative Dean Phillips,≤100
2185993931653388,The Recount,"Recount Media, Inc",≤100
1690071827911682,Cleancult,cleancult,≤100
107037332686173,Michelle Fischbach for Congress,FISCHBACH FOR CONGRESS,≤100
105060677844787,Bill Savings,Bill Savings,≤100
109330805754158,AARP MN,AARP,≤100
265268336865693,Do Amore,Do Amore Limited Company,≤100
252375344865979,House Republican Campaign Committee,HRCC,≤100
5633824547,FreedomWorks,"FREEDOMWORKS, INC.",≤100
308353252483,Kristi Noem,Kristi for Governor,≤100
30698398385,Problem Gambling Support,RUSSELL HERDER GBC,≤100
109473413934162,Minnesotans for Clean Cars,Minnesotans for Clean Cars,≤100
192015461630968,Supporting Our Brave Veterans,James Brian Plouf,≤100
257019421075897,Cory Gardner,Cory Gardner for Senate,≤100
87777747127,Greg Palast,Palast Investigative Fund,≤100
6820348410,Kirsten Gillibrand,Gillibrand for Senate,≤100
7976226799,The Daily Show,Comedy Central,≤100
444134662298280,Erik Simonson,Simonson for Senate,≤100
195530355493,Chicks On The Right,Chicks on the Right,≤100
103185334702225,Stop Trump PAC,STOP 45 PAC,≤100
977704775606273,Balls Deep Tackle,Balls Deep Tackle,≤100
2309566456030859,Human Coalition Action,Human Coalition Action,≤100
171651620209487,Brady PAC,Brady Pac,≤100
209516845093,NRDC Action Fund,NRDC Action Fund,≤100
104158171339370,Jeffrey  Lunde for Hennepin County Commissioner,Lunde for Commissioner,≤100
123838185676931,Quinn Nystrom for Congress,Quinn Nystrom for Congress,≤100
142665849854371,House Freedom,HOUSE FREEDOM FUND,≤100
151525932186806,When Democrats Turn Out,WHEN DEMOCRATS TURN OUT PAC,≤100
105577974544303,The USA Needs More Patriots,Anthony Alexander Morales,≤100
101210588150219,Boy Scouts Abuse Claims,X Social Media LLC,≤100
219224241438635,Compassion & Choices,COMPASSION & CHOICES,≤100
158791100909689,Concerned Veterans for America,Concerned Veterans for America,≤100
235302383820181,Laura Wright for Office,Committee To Elect Laura Wright For Office Campaign,≤100
106114264313679,Hunt The Vote,"Hunter Nation, Inc",≤100
1456310534453054,Veteran Loans Online,"LMB OpCo, LLC",≤100
19342050934,Leadership Institute,LEADERSHIP INSTITUTE INC,≤100
90072588167,Education Minnesota,EDUCATION MINNESOTA,≤100
16477459734,League of Conservation Voters,"LEAGUE OF CONSERVATION VOTERS, INC",≤100
598924810530984,Keeping America Great,FamTeeWorld,≤100
100757504960070,Concealed_Country,Concealed Country,≤100
5435784683,Greenpeace USA,"GREENPEACE, INC.",≤100
102508321443632,Jen McEwen for State Senate,Jen McEwen for Senate,≤100
303061950155375,John James,"JOHN JAMES FOR SENATE, INC.",≤100
8532248414,Wounded Warrior Project,"WOUNDED WARRIOR PROJECT, INC.",≤100
23996308754,Senate Conservatives,SENATE CONSERVATIVES FUND,≤100
530604487365010,Old Glory Flagpole Kits,Service First Flag Poles,≤100
342887442508723,Convention of States,Convention of States Action,≤100
191983474530324,Diesslin for House,Diesslin for House,≤100
166618413413767,Jay Sekulow,American Center for Law and Justice,≤100
107803440835562,US Hot Gears,Click Wonders,≤100
108794587327155,Good Programs 2020,Trevor Dale Seaks,≤100
38471053686,Elizabeth Warren,"WARREN DEMOCRATS, INC.",≤100
18709174006,National Audubon Society,"NATIONAL AUDUBON SOCIETY, INC.",≤100
169130743498585,Tactical Pro Supply,Chad Keller,≤100
934438026690635,YouGov,YOUGOV AMERICA INC.,≤100
105829564471772,Patriots Stand Together,Trizzie Truong,≤100
1055873511190792,Hello Resistance,Hello Resistance Apparel,≤100
628891490457484,Nancy Mace,Nancy Mace for Congress,≤100
106333028376,"Nichols Kaster, PLLP",Nichols Kaster PLLP,≤100
1526736227567131,TrueCoverage,True Coverage,≤100
163148530407080,Captain Mark Kelly,MARK KELLY FOR SENATE,≤100
110018833813683,Flip the Senate,SMP,≤100
313097997669,StreetLightUSA,StreetLightUSA,≤100
1917715138510680,Follow Your Legend,Legend Bracelet,≤100
118502801658228,Young Kim,Young Kim for Congress,≤100
35169196082,Project HOPE,"PROJECT HOPE-THE PEOPLE-TO-PEOPLE HEALTH FOUNDATION, INC.",≤100
794490553914304,Dr. Nina Ansary,"Revela Press, LLC",≤100
1079789672084038,SimonBooks,Simon & Schuster,≤100
108118933908193,Next Level Goods,Next Level Goods LLC,≤100
172758932738142,PhRMA,PHARMACEUTICAL RESEARCH AND MANUFACTURERS OF AMERICA,≤100
1435071773455316,Daily Wire,The Daily Wire,≤100
570092813023833,Matt Walsh,The Daily Wire,≤100
788394134539871,USPS Business,United States Postal Service,≤100
104536112956,"Ramsey County, Minnesota",Ramsey County,≤100
191247007554047,Center of the American Experiment,Center of the American Experiment,≤100
29776517202,Second Harvest Heartland,SECOND HARVEST HEARTLAND,≤100
163302087408673,Stop The Donald,Stop the Donald,≤100
111295497192914,Middle America Project,Middle America Project,≤100
102317147871096,Treat People Like People,Treat People Like People Campaign,≤100
107362890683965,Ann Johnson Stewart for Minnesota Senate,Campaign of Ann Johnson Stewart,≤100
1668487009910433,Minnesota Term Limits,U.S. Term Limits Inc.,≤100
27544763621,Prison Fellowship,Prison Fellowship,≤100
830121337093232,National Democratic Training Committee,NATIONAL DEMOCRATIC TRAINING COMMITTEE PAC,≤100
110191720591726,Paap for Commissioner,Paap for Commissioner,≤100
107150077720746,American Collectibles,Christopher Walter Adams,≤100
105505194202387,Esther Agbaje for State Representative,Esther Agbaje for State Representative,≤100
393895987389937,Morrison County GOP,Morrison County Republicans,≤100
6236054211,Brady,Brady Campaign to Prevent Gun Violence,≤100
8550121410,Free Speech America Project,MEDIA RESEARCH CENTER,≤100
72931140459,Center for Biological Diversity,"CENTER FOR BIOLOGICAL DIVERSITY, INC.",≤100
115379705206001,U.S. Department of Homeland Security Blue Campaign,DHS Blue Campaign,≤100
166166843531258,National Council of Resistance of Iran - شورای ملی مقاومت ایران,MEK-Iran (Saeid Saadati),≤100
8934429638,Planned Parenthood Action,Planned Parenthood Votes,≤100
101231248215069,Greg Pulles for MN State Senate,Greg Pulles for Minnesota Senate,≤100
107792087574285,Vote Andrew,Andrew John Boche Tjernlund,≤100
262187964204063,Representative Jeremy Munson,Munson For House,≤100
69039563201,Open Doors USA,"OPEN DOORS WITH BROTHER ANDREW, INC.",≤100
152264148166020,Moms Clean Air Force,Moms Clean Air Force,≤100
102617961152741,Barbara Bollier,BOLLIER FOR KANSAS,≤100
123858990997243,Libertarian Party of Minnesota,David Gregory Johnson,≤100
178835922297833,American Clinical Laboratory Association,American Clinical Laboratory Association,≤100
1228396643984955,Michelle Steel,Michelle Steel for Congress,≤100
104401787851526,Vote Andrew Myers for Minnesota House,Andrew Myers for House,≤100
596556607135301,The Earthling Co.,The Earthling Co.,≤100
21559454473,FAIR,FEDERATION FOR AMERICAN IMMIGRATION REFORM,≤100
327837911149503,2A4Life,2A4LIFE LLC,≤100
185753078030,TakeAction Minnesota,TAKE ACTION MINNESOTA,≤100
105060269781,Premiere Collectibles,"Premiere Marketing, Inc.",≤100
655065784538368,PredictIt,"PredictIt - Prediction Markets. A project of Victoria University of Wellington, PredictIt has been established to facilitate research into the way markets forecast events.",≤100
303167829786891,Ed Markey,THE MARKEY COMMITTEE,≤100
329284771298646,Issue One Action,Issue One Action,≤100
103644036958,United Association,United Association Political Education Committee,≤100
2803414476340565,Scott Yelle for Wright County Commissioner,Scott Yelle for Wright County Comissioner,≤100
284021001932612,"Rick Gnemi, 3rd District, Steele County Commissioner",Rick Gnemi 3rd District Steele County Commissioner,≤100
259212814698356,Democratic Majority for Israel,DMFI PAC,≤100
203550842430,Mike Lee,FRIENDS OF MIKE LEE INC,≤100
425771317501061,Michael Knowles,The Daily Wire,≤100
601108943431836,The Flip Side,TFS Inc,≤100
85273022315,NAMI,NAMI,≤100
1422044311357928,Minnesota Young Republicans,Minnesota Young Republicans,≤100
108852734196455,Vote Marquita Stephens,Campaign Funds for Marquita Stephens,≤100
106224464107240,Jo Jorgensen,Jo Jorgensen for President,≤100
894096170667732,Ashley Hinson,Ashley Hinson For Congress,≤100
496696933682736,Jeff Merkley,JEFF MERKLEY FOR OREGON,≤100
6165653060,AFSCME,AMERICAN FEDERATION OF STATE COUNTY & MUNICIPAL EMPLOYEES,≤100
100431471461772,Minnesota CD6 Libertarians,Libertarian Party of Minnesota,≤100
593289284500311,Trump Rack,BOXD Marketing,≤100
15041226930,Oxfam,"OXFAM AMERICA, INC.",≤100
118303441570966,Home Ownership Matters,NATIONAL ASSOCIATION OF REALTORS,≤100
102592959026,Ocean Conservancy,"OCEAN CONSERVANCY, INC.",≤100
149081336362,AmeriCorps VISTA,Corporation for National and Community Service,≤100
814260155318929,The Fairness Project,The Fairness Project,≤100
683872625157265,Theresa Greenfield,THERESA GREENFIELD FOR IOWA,≤100
89757739264,Farm Credit,Farm Credit Council,≤100
113666459994300,Big Dan Rodimer for Congress,RODIMER FOR CONGRESS,≤100
207951142571473,National Mutual Benefit,National Mutual Benefit,≤100
102756811269921,Fellow Americans,Fellow Americans,≤100
13063797831,Ben Ray Luján,PEOPLE FOR BEN,≤100
23790541544,Democrats,DCCC,≤100
971668776283950,PolicyEd,Hoover Institution,≤100
83290028957,Care Net,CARE NET,≤100
1451024714911271,Just Ask MN,RUSSELL HERDER GBC,≤100
20876805343,March of Dimes,MARCH OF DIMES INC.,≤100
420785874975425,Conservative Institute,The Conservative Institute,≤100
1234251319933440,Exclusive Apparel,The Dude's Threads,≤100
129255907131113,NumbersUSA,NUMBERSUSA EDUCATION AND RESEARCH FOUNDATION,≤100
354603541332563,David Pascoe for Carver County Commissioner,Pascoe for Carver,≤100
169710960125365,Curzio Research,Curzio Research Inc.,≤100
745910525468062,National Center on Sexual Exploitation,National Center on Sexual Exploitation,≤100
17432811417,Working Families Party,Working Families Party National Independent Expenditure Committee,≤100
775525186130124,Center for a Free Economy,Center for a Free Economy,≤100
1338822066131069,Women's March,Women's March,≤100
1530883997194411,United States Constitution,Flag and Cross,≤100
103203971274743,Vairma/Herrera 2021 - Teamster Power Slate,Vairma 2021 Teamster Power Slate,≤100
9364828262,Citizens Against Government Waste,COUNCIL FOR CITIZENS AGAINST GOVERNMENT WASTE,≤100
376776419037747,Turning Point USA,Turning Point USA,≤100
110746996993983,The 'Gander Newsroom,Courier Newsroom,≤100
5720973755,Defenders of Wildlife,DEFENDERS OF WILDLIFE,≤100
153678684700451,American Investment Council,AMERICAN INVESTMENT COUNCIL,≤100
102330281223041,Tradewater,"Tradewater, LLC",≤100
109360297266116,Fearless Patriot,TERESA NONE OHARA-MARSH,≤100
150452905455,Andrew Klavan,The Daily Wire,≤100
46093654473,National Republican Congressional Committee,NRCC,≤100
2339203789732156,Kim Mangone for Congress,COMMITTEE TO ELECT KIM MANGONE FOR CONGRESS,≤100
277414242013,Joyce Elliott for Congress,JOYCE ELLIOTT FOR CONGRESS,≤100
100255568392741,Brian Morgan for Olmsted County Board,Morgan For Board,≤100
11791104453,NRDC,Natural Resources Defense Council,≤100
113891694102,Energy Citizens,Molly Anne Smathers,≤100
42872222699,Dana Loesch,Dana Loesch Radio,≤100
112974563687584,Robert Kiyosaki - The Rich Dad Poor Dad Letter,Long Form Creative Co.,≤100
205395906412,UAW International Union,"INTERNATIONAL UNION, UNITED AUTOMOBILE, AEROSPACE AND AGRICULTURAL IMPLEMENT WORKERS OF AM",≤100
101136147910784,Represent Justice,Represent Justice,≤100
106746847726231,Kathleen Harrington,Harrington for City Council Committee,≤100
142370046577999,Shahid Buttar for Congress,Shahid Buttar for Congress Committee,≤100
592707041080920,Stand Together,Stand Together Chamber of Commerce Inc.,≤100
69983322463,Ted Cruz,TED CRUZ FOR SENATE,≤100
1799282383731277,TwoSeventy,Alexander Jared Deutsch,≤100
105010030848236,Bryant Cameron Webb,DR. CAMERON WEBB FOR CONGRESS,≤100
7962229886,Environmental Working Group,ENVIRONMENTAL WORKING GROUP,≤100
151398941597414,Maguire for House,Maguire for House,≤100
143729616392084,Van Drew for Congress,Van Drew for Congress,≤100
6713653788,Gary Peters,PETERS FOR MICHIGAN,≤100
249746208558923,"Jorge Prince for Mayor - Dream Big, Bemidji",Committee to Elect Jorge Prince Mayor,≤100
2225580284361712,Tommy Tuberville,"TUBERVILLE FOR SENATE, INC.",≤100
113891694102,Energy Citizens,AMERICAN PETROLEUM INSTITUTE,≤100
107150077720746,American Collectibles,Proud Patriots,≤100
50982313030,Food & Water Watch,Food & Water Watch,≤100
419237048158257,Susan Collins,COLLINS FOR SENATOR,≤100
1632133670357384,"Vote Scott D Johnson, Dakota County Commissioner 2020",Vote Scott D. Johnson,≤100
551158678560402,Epimonia,Epimonia LLC,≤100
103235554648484,Elect Scientists,314 ACTION FUND,≤100
107589664099282,Stand Up To China,"Stand Up To China, Inc.",≤100
223008867858902,American Action News,American Action News,≤100
105841750758055,Matt Bruns for MN House,Matt Bruns for MN House Committee,≤100
336470580233523,Pins and Aces Golf Co.,US Craft Brands LLC,≤100
168051710543266,Lacy Johnson,Lacy Johnson for Congress,≤100
7219151423,The Fund for American Studies (TFAS),The Fund for American Studies,≤100
100101018155207,Paid Leave for All,Paid Leave for All a project of Hopewell Fund,≤100
953113491536337,Black to the Future Action Fund,Black to the Future Action Fund,≤100
113891694102,Energy Citizens,These ads ran without a disclaimer,≤100
122401195146002,Jerome T Evans,Evans for Minnesota,≤100
2189265054726827,Liberty Tee Shop,www.libertyteeshop.com,≤100
2146201085498440,Tony Gonzales,Tony Gonzales for Congress,≤100
17203056985,Partners In Health,Partners In Health,≤100
102745147891580,Trump Coolers,Eric Clifford Juels,≤100
357554791340788,Liker,Omar Rivero,≤100
111506250582498,Keeping Our Homes Safe,Steve San,≤100
143021112391265,Jacobin magazine,Jacobin Foundation,≤100
101459098271864,Vets United,Jae W Seo,≤100
7263476274,Mercy Corps,Mercy Corps,≤100
104819864273869,Jeff Jiang For Minnesota Senate,Jeff Jiang for Minnesota Senate Campaign Committee,≤100
249455845761285,Lindsey Must Go,LMG PAC,≤100
112608413802809,John P. Fahey for County Commissioner,John Fahey for Carver County,≤100
143986912311328,University of Vermont Continuing and Distance Education,University of Vermont,≤100
104834871272622,Naptural Brand,These ads ran without a disclaimer,≤100
101329438317952,Story Network Action,Story Network Foundation,≤100
123192635089,GOP,REPUBLICAN NATIONAL COMMITTEE,≤100
29770886815,Marijuana Policy Project,Marijuana Policy Project,≤100
24481937944,Theodore Roosevelt Conservation Partnership,"THEODORE ROOSEVELT CONSERVATION PARTNERSHIP, INC",≤100
112058837201547,Black Lives Matter Merch,Black Lives Matter Merch,≤100
1764185850558806,Apex Clean Energy,Apex Clean Energy,≤100
10498053716,Media Research Center,MEDIA RESEARCH CENTER,≤100
109439974121887,Jovy Rockey for Mayor,The Committee to Elect Jovy Rockey,≤100
21834534343,Volunteers of America,"VOLUNTEERS OF AMERICA, INC.",≤100
1252258741615539,Joe4House,Campaign Fund of Joe Rosh,≤100
113702026736466,National Parks Action Fund,National Parks Action Fund,≤100
51379424899,Mercy Ships,MERCY SHIPS INTERNATIONAL,≤100
1099478666810053,Meals For Pets,Meals for Pets,≤100
907919839243616,My Faith Votes,My Faith Votes,≤100
67626834312,National Women's Law Center,National Women's Law Center,≤100
1628679613829742,Josh Hicks,Josh Hicks for Congress,≤100
518194348194441,RepresentUs,RepresentUs,≤100
192771954102960,Jordan Sekulow,American Center for Law and Justice,≤100
468906559794011,LaunchGood,LaunchGood Inc.,≤100
134452023239984,Human Coalition,Human Coalition,≤100
109163774168403,Todd Pisarski - Ward 6,Todd Gregory Pisarski,≤100
109259090549237,Yes on National Popular Vote,Yes on National Popular Vote,≤100
143089732792,Marsha Blackburn,Blackburn Tennessee Victory Fund,≤100
248181906078243,National Institute for Civil Discourse,CommonSense American,≤100
197760674021143,Indivisible Guide,INDIVISIBLE ACTION,≤100
100391581727524,Defeat By Tweet,DEFEAT BY TWEET,≤100
203330919857759,All On The Line,National Redistricting Action Fund,≤100
112524810484749,Wale Elegbede for Olmsted County Commissioner - District 7,Wale for Olmsted County Commissioner - District 7,≤100
1000253160054572,Cori Bush,CORI BUSH FOR CONGRESS,≤100
10150100007820094,Wendy Davis,WENDY DAVIS FOR CONGRESS,≤100
106361681100096,RogerSenate,Roger Senate Campaign,≤100
176466646087311,DC Fawcett,Donald Chappell Fawcett,≤100
55549065733,Voto Latino,VOTO LATINO INC.,≤100
19746387261,Humane Society International,Humane Society International,≤100
138228229539206,Neighborhood HealthSource,Neighborhood HealthSource,≤100
300992409852,Hoover Institution,Hoover Institution,≤100
911828698840246,ReLEntless Defender Apparel,ReLEntless Defender Apparel,≤100
2081864865362439,Mike Espy,MIKE ESPY FOR SENATE CAMPAIGN COMMITTEE,≤100
830890360316751,Nick Hanauer,Civic Action,≤100
408250066356,Bill O'Reilly,"Bill Me, Inc.",≤100
107953199261156,ifaw,"INTERNATIONAL FUND FOR ANIMAL WELFARE, INC.",≤100
110820600528266,Holly Link for State Representative 48B,Link Volunteer Committee,≤100
219247332354785,Phil Arballo for Congress,ARBALLO FOR CONGRESS,≤100
105929991030423,My Freedom Jersey,"My Freedom Jersey, LLP",≤100
1709145412721991,The Center for Growth and Opportunity at Utah State University,The Center for Growth and Opportunity,≤100
153385632035294,Kelly Morrison for Minnesota House - District 33B,Kelly Morrison for Minnesota House,≤100
103654464668995,Home With Our Family,Alexander Chung,≤100
30914589895,The International Fellowship of Christians and Jews,"INTERNATIONAL FELLOWSHIP OF CHRISTIANS & JEWS, INC.",≤100
281844617168,Jewish Voice Ministries International,JEWISH VOICE MINISTRIES INTERNATIONAL,≤100
396932197039819,SafeSleeve,"SafeSleeve, LLC",≤100
111702860231554,Matt Lieberman,Matt Lieberman for Senate,≤100
101165966152,AFL-CIO,AFL-CIO,≤100
309460467728,The Minnesota Transportation Alliance,"MINNESOTA TRANSPORTATION A, THE",≤100
384557995468219,Viral Casez,Viral Casez,≤100
297989840794,Minnesota Budget Project,Laura Mortenson,≤100
248306181862385,Live Lokai,Denise L Reina,≤100
53541257714,The Arc of the United States,The Arc with Facebook Ad Credits,≤100
2165983337048601,LeverforChange,Lever for Change,≤100
2264090133834042,Invite Research,Precision Network,≤100
215199482635728,Alek Skarlatos,ALEK FOR OREGON,≤100
291102898490822,Giant Maga Hat,Inventors club LLC,≤100
308159713150350,Voter Protection Project,VOTER PROTECTION PROJECT,≤100
746938465317981,Nuclear Matters,Nuclear Matters,≤100
97493741436,John W. Hickenlooper,HICKENLOOPER FOR COLORADO,≤100
103470541119519,Justin Stofferahn for SD38,Justin Stofferahn for Senate,≤100
24318354379,Minnesota Rural Electric Association,Minnesota Rural Electric Association,≤100
109084284033498,Boni Njenga for Hennepin Commissioner D5,BONI NJENGA FOR COMMISSIONER D5,≤100
331037760381749,Sierra Magazine,SIERRA CLUB,≤100
2012750189007245,Liquid Death Mountain Water,Liquid Death,≤100
105071457884748,Laura Dorle for Columbia Heights City Council,Neighbors for Dorle,≤100
344690446467832,The Copper Courier,Courier Newsroom,≤100
210277954204,The Young Turks,"The Young Turks, Inc.",≤100
100554838408746,Donald J. Trump 2020,Keep America Great,≤100
2283535575207809,Ditch Mitch,DITCH FUND,≤100
1934191280189700,Health Care Voter,Health Care Voter,≤100
114386721939978,The Made in America Store,Made In America Store,≤100
2259323457517498,Abolish the Electoral College,ABOLISH THE ELECTORAL COLLEGE,≤100
106954147689215,Just the Truth,JUST THE TRUTH POLITICAL ACTION COMMITTEE,≤100
246846192720018,War On Our Future,The Years Project,≤100
21647204289,Michigan Education Association,Michigan Education Association,≤100
1204754733024419,People's Power Grab,ACRONYM,≤100
751823818285038,Badgers United,Badgers United,≤100
169294473121454,Policetees.com,PoliceTees.com,≤100
108620667163768,For Our Future,Resource Media,≤100
96171427550,Raja for Congress,FRIENDS OF RAJA FOR CONGRESS,≤100
100637888239523,Free Reign For All,Kin Ngai Yeung,≤100
79125112926,Students for Life of America,"STUDENTS FOR LIFE OF AMERICA, INC.",≤100
1447994318779650,AirMedCare Network,AIrMedCare Network,≤100
1925751504337881,MJ Hegar,MJ FOR TEXAS,≤100
106949844346620,Trumpian Republicans,Gregory Lawrence Burright,≤100
128958937175029,Trivia Today,Benjamin Aaron Perlman,≤100
107512540818740,Patriot Mitt Romney,Darian,≤100
50711561090,Muslim Advocates,MUSLIM ADVOCATES,≤100
629732217415068,Republican Party,Greater Half,≤100
700283120139217,Omar Fateh for MN Senate 62,Omar Fateh Senate Committee,≤100
106003594486756,Standing Up Together,Annie Wang,≤100
785936231584382,Paula Jean Swearengin,Paula Jean for West Virginia,≤100
720943967965149,AFSCME Retirees,AMERICAN FEDERATION OF STATE COUNTY & MUNICIPAL EMPLOYEES,≤100
121033149320,American Indian College Fund,"AMERICAN INDIAN COLLEGE FUND, THE",≤100
111772843789224,HURD PAC,HAVING UNWAVERING RESOLVE AND DETERMINATION PAC,≤100
169277310432049,"Texas Precision Optics, Inc.",Texas Precision Optics Inc,≤100
17023576156,The Leadership Conference on Civil and Human Rights,The Leadership Conference on Civil and Human Rights,≤100
183517831660100,Morning Consult,Morning Consult LLC,≤100
628423320573742,Vote Run Lead,VOTERUNLEAD,≤100
613463062021927,Rob Farnsworth for State Representative,Rob Farnsworth for State Representative,≤100
1203060876427537,AK Hassan for Ward 6,AK for Ward 6,≤100
47710973068,Cooperative Action Network,National Rural Electric Cooperatives Association,≤100
135298176481584,Marine Corps Scholarship Foundation,Marine Corps Scholarship Foundation,≤100
79820371749,Ayanna Pressley,THE COMMITTEE TO ELECT AYANNA PRESSLEY,≤100
105456291242733,Cooper Hefner For California,Cooper Hefner For California 2022 Exploratory Campaign,≤100
142992759853421,Be A Hero,BE A HERO PAC,≤100
59877921429,Lutheran Immigration and Refugee Service,"LUTHERAN IMMIGRATION AND REFUGEE SERVICE, INC.",≤100
108771900698904,Bjorn Olson For MN House 23A,Bjorn Olson For MN House,≤100
356482637745012,Stansberry Research,Stansberry Research,≤100
717417908274761,Lady Freethinker,Lady Freethinker,≤100
100380798025659,Kaehler for MN Senate,Kaehler for MN Senate,≤100
169597416843751,Stand Up America,Stand Up America,≤100
653079394725698,Aspiration,Aspiration,≤100
543066585882629,Libertarian Country,Libertarian Country,≤100
896759427103774,Modern Medicaid Alliance,Modern Medicaid Alliance,≤100
262905633727,Los Angeles Mission,"Los Angeles Mission, Inc.",≤100
221401431386940,Pramila Jayapal,PRAMILA FOR CONGRESS,≤100
102636677971854,Trump Is The Storm,Legendary Trump Coins,≤100
103315378108004,True Patriot Strength,LE-HUU DONG HUYNH,≤100
166738743732702,All Above All Action,All Above All Action Fund,≤100
201956993160690,MRCTV,MEDIA RESEARCH CENTER,≤100
206677396413254,Abortion On Our Own Terms,Abortion On Our Own Terms,≤100
1632866270065962,Jewish Democratic Council of America,Jewish Democratic Council of America,≤100
153278754738777,Climate Reality,The Climate Reality Project,≤100
293225127381200,Patriot Depot,The Patriot Depot,≤100
266145305529,Henry Holt,"Macmillan Holdings, LLC",≤100
2049170775107862,Resistance By Design,Resistance By Design,≤100
121626482110,Operation Smile,"OPERATION SMILE, INC.",≤100
129523843754764,Vote Smart,PROJECT VOTE SMART,≤100
174046949421616,Phenomenal Woman Action Campaign,Phenomenal Woman Action Campaign,≤100
950998258312654,Knowhere,"Knowhere, Inc.",≤100
100119981671668,Blue Senate,BLUE SENATE PAC,≤100
1647443822178141,Siouxland Coalition Against Human Trafficking,Siouxland Coalition Against Human Trafficking,≤100
58158120046,ACLJ,American Center for Law and Justice,≤100
11111618026,Union of Concerned Scientists,"UNION OF CONCERNED SCIENTISTS, INC.",≤100
101485404914361,Bad News Wares,Bad News Wares,≤100
375760676281438,Mermaid Straw,Mermaid Straw,≤100
104051398040027,CCW Online Now_,Concealed Country,≤100
109212267348401,Doug Malsom for MN House 38A,Doug Malsom for House Comittee,≤100
197908256931216,Tim Ryan,TIM RYAN FOR CONGRESS,≤100
110769717201389,Justin Eichorn for Senate,Eichorn for MN Senate Campaign Committee,≤100
493557357515960,DivInc,DIVINC,≤100
1028415420611423,Vangie Castro,Vangie Castro for City Council President,≤100
1679521432262834,Physicians Grassroots Network,American Medical Association,≤100
141692255929599,Democratic Socialists of America,DEMOCRATIC SOCIALISTS OF AMERICA INC,≤100
101127364972509,Dems For USA,Dems For USA,≤100
519590768083165,Abby Finkenauer for Congress,FINKENAUER FOR CONGRESS,≤100
131306317680000,Social Goods,"Social Goods, LLC",≤100
105536127617594,The American Digest,The American Digest,≤100
260032334350936,Mike Supina for Eagan City Council,Supina4Eagan Committee,≤100
1449461518652183,4Patriots,4Patriots LLC,≤100
1082522201878539,Gina Ortiz Jones for Congress,GINA ORTIZ JONES FOR CONGRESS,≤100
108296990863730,Hero Action Fund,Hero Action Fund,≤100
317284821682168,Messianic Jewish Alliance of America (MJAA),Messianic Jewish Alliance of America,≤100
104178704279594,Main St. First,Resource Media,≤100
139599847972,National Nurses United,National Nurses United,≤100
140357056032320,NEA Today,National Education Association,≤100
257506964275959,Tabke for MN,Tabke for MN,≤100
100145544831970,Opportunity Wisconsin,Opportunity Wisconsin,≤100
102659421320465,Michael Sukalski for MN House 23A,Campaign Fund of Michael J Sukalski,≤100
334748476594191,Rodney Davis,Rodney for Congress,≤100
592347634460462,Partnership for America's Health Care Future,Partnership for America's Health Care Future,≤100
1947525322184514,One Fair Wage,One Fair Wage,≤100
103162411257510,Trumplican,USA Movements,≤100
682990071843813,Center for the Study of Liberty,Center for the Study of Liberty,≤100
892673067526965,Project War Path,Project War Path,≤100
175797376373,"WaterFurnace Geothermal Heating, Cooling & Hot Water","WATERFURNACE INTERNATIONAL, INC.",≤100
30708742052,FCTRY,FCTRY,≤100
108512875350,The Atlas Society,The Atlas Society,≤100
105231434548909,Scott Sherman for Mayor,Committee to Elect Scott Sherman,≤100
108788187379096,Elliott Engen For State Representative,Campaign Committee of Elliott Engen,≤100
103801844298982,Team Collins,COLLINS FOR SENATOR,≤100
1800072483402009,African Community & Conservation Foundation,African Community & Conservation Foundation,≤100
1784991421516214,Seek Refuge,Seek Refuge,≤100
299683200371553,Rob Ecklund-DFL MN State Representative 3A,Committee to re-elect Rob Ecklund,≤100
1528498354074301,Punching Bag Media - Conservative News,Sean Michael Probber,≤100
17801244148,Jill Schupp,SCHUPP FOR CONGRESS,≤100
101690998009007,Improving Life Through Health,Nicolette Dalan,≤100
101831013191301,The California Coast,California Coastal Commission Public Education Program,≤100
7292655492,MoveOn,MOVEON.ORG CIVIC ACTION,≤100
31966561030,National Taxpayers Union,National Taxpayers Union,≤100
224684514243482,Tom Cotton,"COTTON FOR SENATE, INC.",≤100
1452551204988299,GoReact,Speakworks Inc,≤100
463095630924391,US Business Funding,Credox,≤100
21492729544,Catholic Relief Services,CATHOLIC RELIEF SERVICES - UNITED STATES CONFERENCE OF CATHOLIC BISHOPS,≤100
173470656019870,The Daily Yonder,Great Stories LLC,≤100
100233228182981,Madison Cawthorn for Congress,CAWTHORN FOR NC,≤100
1613516851999536,Sunrise Movement,Sunrise,≤100
839073729808623,Hillary Scholten,SCHOLTEN FOR CONGRESS,≤100
361960287311696,Better Medicare Alliance,"Better Medicare Alliance, Inc",≤100
296295018082,AARP en Español,AARP,≤100
8145161702,Lambda Legal,"LAMBDA LEGAL DEFENSE & EDUCATION FUND, INC.",≤100
101724361319410,Ronny Jackson for U.S. Congress TX-13,Texans for Ronny Jackson,≤100
1551109418518461,The Honest Patriot,Amundson Media LLC,≤100
588760197905663,Advanced Tactical Solutions LLC,Bradley Roger Johnson,≤100
104505064408799,Cove USA,"Cove USA, LLC",≤100
108777231824,Manhattan Institute for Policy Research,MANHATTAN INSTITUTE FOR POLICY RESEARCH INC,≤100
99753625313,Jewish Currents,Jewish Currents,≤100
198875903295,Trek Bicycle,TREK BICYCLE CORPORATION,≤100
240290369507552,Bend the Arc Jewish Action,Bend the Arc: Jewish Action,≤100
217976018236954,OutKick,Outkick Media LLC,≤100
101295517956158,Tricia Zunker for Wisconsin,Tricia Zunker for Wisconsin,≤100
345378512258813,Elise Stefanik,ELISE FOR CONGRESS,≤100
160630887998827,Let Them Live,Let Them Live,≤100
422202764649078,Rhode Island Department of Education - RIDE,Rhode Island Department of Education,≤100
394817334402124,2020 Trump Bill,Innovative Ecomm LLC,≤100
159597424207730,David Perdue,PERDUE FOR SENATE,≤100
1667892193505378,Hold the House,HOLD THE HOUSE PAC,≤100
207549645977714,Families Belong Together,Families Belong Together,≤100
107210084216238,Humanity Forward,Humanity Forward,≤100
108152933883451,TrumpTrendz,Troy Lorenzo Davis,≤100
476354575729592,Minnesota Public Transit Association,"MINNESOTA TRANSPORTATION A, THE",≤100
104504438466,Federal Voting Assistance Program - FVAP,Federal Voting Assistance Program,≤100
1640970822834351,Plaine Products,Plaine Products,≤100
102561788055862,Adam Fortwengler for ND District 42 House,Adam Fortwengler for North Dakota,≤100
470241276500901,Women Vote,WOMEN VOTE!,≤100
102174711552471,Dan McGrath,Campaign Committee of Dan McGrath,≤100
188814880376,Minnesota 7th Congressional District Republican Party,"Minnesota 7th Congressional District Republicans - Craig Bishop, Chair",≤100
117058854998779,The Gideons International,"GIDEONS INTERNATIONAL, THE",≤100
105222917615301,Jen Richardson for Congress,CITIZENS FOR JEN RICHARDSON,≤100
106629127527429,Kathy Barnette for Congress PA 04,Kathy Jean Barnette,≤100
290851614930809,Combat AntiSemitism,Combat Anti-Semitism,≤100
101591551371555,Fire Mitch. Save America.,SAVE AMERICA FUND,≤100
51405613519,Focus on the Family,Focus on the Family,≤100
2014519985445047,Clean Jobs Midwest,Resource Media,≤100
61265398450,AmeriCorps NCCC,Corporation for National and Community Service,≤100
112735922758892,Charlie Kirk,Charlie Kirk,≤100
237477017606,Club for Growth,Club for Growth,≤100
243510442756370,Justice Democrats,JUSTICE DEMOCRATS PAC,≤100
112600915451330,No Labels,No Labels,≤100
178024352559210,Great America PAC,GREAT AMERICA PAC,≤100
34521916336,Brent Bozell,MEDIA RESEARCH CENTER,≤100
99033391274,Brian Kemp,Kemp for Governor Inc,≤100
419992651425033,Guardianes del Pueblo-Consumer Law Group,Consumer Law Group,≤100
181924628560212,SumOfUs,SumOfUs,≤100
53727956260,Republican Jewish Coalition,Republican Jewish Coalition,≤100
8002590959,Rainforest Action Network,RAINFOREST ACTION NETWORK,≤100
111970730196550,World War Zero,AMERICAN SECURITY PROJECT,≤100
369214063089791,Lummis for Wyoming,LUMMIS FOR WYOMING INC.,≤100
38882699096,Polaris,POLARIS PROJECT,≤100
278487153675,Redneck Nation Clothing,Tracie Milliron Gold,≤100
911845658833043,I Am An Immigrant,FWD.us Education Fund,≤100
452797224923658,Democratic Coalition Against Trump,THE DEMOCRATIC COALITION,≤100
113676922032321,Larry Elder,Salem Media,≤100
45354572064,Forté Foundation,"FORTE FOUNDATION, THE",≤100
1993714917617167,Right Now MN,Right Now MN,≤100
1765073800454902,Reform Austin,Reform Austin Inc.,≤100
156994304362574,American Bridge 21st Century,AB PAC,≤100
275908853303174,Pro-Israel America,Pro-Israel America United,≤100
341513602902369,CALL TO ACTIVISM,CALL TO ACTIVISM,≤100
21455818797,Feed the Children,"FEED THE CHILDREN, INC.",≤100
113238287134755,"American Target Advertising, Inc.",These ads ran without a disclaimer,≤100
111071730549863,Debt Relief Secrets,Debt Relief Secrets,≤100
328072970642479,Jaime Harrison,JAIME HARRISON FOR US SENATE,≤100
292351509697,Jerusalem Prayer Team,Jerusalem Prayer Team,≤100
922580991129339,People's Mojahedin Organization of Iran - MEK IRAN,MEK-Iran (Saeid Saadati),≤100
420424547981908,In Search of Liberty,Scott Dennis Welch,≤100
111155977283079,My Medication Rights,Pharmaceutical Printed Literature Association,≤100
154510321337994,Chris Pappas for Congress,CHRIS PAPPAS FOR CONGRESS,≤100
641276169335113,Gretchen Driskell for Congress,Gretchen Driskell For Congress,≤100
235762319779450,Omar Navarro,OMAR NAVARRO FOR CONGRESS,≤100
194115677277113,A21,A21 with Facebook Ad Credits,≤100
546066468753446,Black Health Matters,BLACK HEALTH MATTERS FOUNDATION INC,≤100
90498769709,Edenpure,EdenPURE®,≤100
259836344140845,Isanti County Public Health,Isanti County Public Health,≤100
130945114804,World Jewish Congress,WORLD JEWISH CONGRESS AMERICAN SECTION INC,≤100
106278160728805,Tony for Crystal,Friends of Tony Sumnicht,≤100
131217580266597,National Council on Aging,"NATIONAL COUNCIL ON AGING, INC.",≤100
117641114435,First Aid Beauty,First Aid Beauty,≤100
111654690603599,NUIRC,Nonprofit Unemployment Insurance Relief Coalition (NUIRC),≤100
114475890010131,Piggy Dollar Financial,Tyler Wayne Hedland,≤100
73528878871,Center for Reproductive Rights,Center for Reproductive Rights,≤100
44705166993,Vote.org,Vote.Org,≤100
169440273093442,The Center for Election Science,The Center for Election Science,≤100
105062461269553,Lifes Choices,These ads ran without a disclaimer,≤100
100401327980848,National Parents Union,National Parents Union,≤100
104615287614557,Nafisa Fai for Washington County,Friends of Nafisa Fai,≤100
210357995667559,The National Memo,The National Memo,≤100
950837325113887,Life Money Stuff,Life Money Stuff,≤100
374848446414965,Pollking,Benjamin Aaron Perlman,≤100
28144169620,Alliance for Aging Research,Alliance for Aging Research,≤100
780606555331010,American Student Loan Advocate,ASLR Marketing,≤100
681626158940626,Mission Roll Call,Americas Warrior Partnership,≤100
8741241286,Under Armour,These ads ran without a disclaimer,≤100
36872302227,Cory Booker,Cory Booker for Senate,≤100
872842866161157,One Nation Design,One Nation Design,≤100
2256321067930356,Liberteeclub,libertyteeshop,≤100
175071456031572,Asian American Organizing Project,Asian American Organizing Project (AAOP),≤100
455147011996099,The Ann and Phelim Scoop,The Unreported Story Society,≤100
7209432197,Chris Coons,CHRIS COONS FOR DELAWARE,≤100
1393911800825140,OZY,OZY Media Inc,≤100
7100914121,American Experience | PBS,WGBH EDUCATIONAL FOUNDATION,≤100
106097001137943,John K Murphy,John Kennedy Murphy,≤100
497081420632330,Dr. Hiral Tipirneni,HIRAL FOR CONGRESS,≤100
1370474066365196,F1RST WARRIOR,First Warrior,≤100
300774350436838,topplr,Data Genomix,≤100
113313830408238,Drain The Swamp Collection,Drain The Swamp Collection,≤100
115364585711,Lawyers' Committee for Civil Rights Under Law,Lawyers' Committee for Civil Rights Under the Law with Facebook Ad Credits,≤100
101286764958423,Engelmann for Minnesota District 17A,Edwin Herman Engelmann,≤100
942067839280404,Sioux Falls Feminists,Dale Richmond Hemming,≤100
101331784823473,USA Custom Gifts,These ads ran without a disclaimer,≤100
1439364926329185,Animal Matters,Animal Matters,≤100
102875587947942,Keep Trump In Office,Keep Trump In Office,≤100
12683623041,Society for Human Resource Management (SHRM),SOCIETY FOR HUMAN RESOURCE MANAGEMENT,≤100
109678580574253,Politicool Clothing Co.,PolitiCoolClothing.com,≤100
106487520883333,Cardinal & Pine,Courier Newsroom,≤100
1014291495249813,Politicon,Politicon,≤100
111581113532778,Voter Choice for Massachusetts,Ranked Choice Voting 2020 Committee,≤100
316887658336677,My Control Card,"NETSPEND HOLDINGS, INC.",≤100
142288373333,HIMSS,HIMSS,≤100
1268410219898273,Tango Tango,Tango Tango Inc,≤100
124626320898336,Catholic Extension,"CATHOLIC CHURCH EXTENSION SOCIETY OF THE UNITED STATES OF AMERICA, THE",≤100
101336754932713,Betsy Roder for OTC Commissioner District 1,Betsy Ann Buerkle Roder,≤100
21395843375,Dialysis Patient Citizens,DIALYSIS PATIENT CITIZENS INC,≤100
223055747744143,Beto O'Rourke,Powered By People,≤100
1945237355733646,Giving Brush,Giving Brush LLC,≤100
100543701730020,Against Hate at FSU,Against Hate at FSU,≤100
112442437191294,National Anti-Racism Teach-In,National Anti-Racism Teach-In,≤100
26006662641,Arizona Democratic Party,Arizona Democratic Party,≤100
582293558518300,Abby Broyles,ABBY BROYLES FOR US SENATE,≤100
313723095478950,The Daily Citizen,Focus on the Family,≤100
158505287559920,Save the Storks,Diane Patricia Ferraro,≤100
675471506247724,Adair for Congress,ADAIR FOR CONGRESS,≤100
19474609238,Mercatus Center at George Mason University,Mercatus Center at George Mason University,≤100
101352851565699,Somos PAC,SOMOS PAC,≤100
2040270322863853,Tina Smith,TINA SMITH FOR MINNESOTA,≤100
109243500822158,The Greater Brand,Benjamin Pendera Ijah,≤100
2336022790003836,Patients + Providers United,Patients and Providers United,≤100
122360425094991,Nasty Woman Cosmetics,Nasty Woman Cosmetics,≤100
327202261326682,Stephanie Bice,Bice for Congress,≤100
102389457864860,Treehuggers Bracelets,ECOMX LLC,≤100
1438882392887793,ADF Church Alliance,Alliance Defending Freedom,≤100
2288988181424325,Ashley Grimm for St. Louis County Commissioner,Ashley Grimm for Duluth,≤100
589913688039969,Michigan Online,University of Michigan,≤100
1683659714985244,Phil Ehr,EHR FOR CONGRESS,≤100
107559207653033,Chris Rubesch for MNA 1st Vice President,Christopher John Rubesch,≤100
103877744493195,Briit Botanicals,Briit Botanicals,≤100
104093784662066,Brad Kovach for State Representative,Brad Kovach Committee to Elect for House,≤100
7642602143,Mother Jones,FOUNDATION FOR NATIONAL PROGRESS,≤100
42590232694,CAIR,"CAIR-FOUNDATION, INC.",≤100
979720542211350,Humanize Being Black,Keyshun Quantarious Holmes,≤100
680549575421741,UnitedVoice.com,"Beachside Media, Inc.",≤100
107698564046392,Lauren Boebert for Congress,LAUREN BOEBERT FOR CONGRESS,≤100
143509339045414,Americans for Peace and Tolerance,"AMERICANS FOR PEACE AND TOLERANCE, INC.",≤100
115757826468774,Statsigo,Statsigo,≤100
106402714456835,Trees 4 Australia,Trees4Australia,≤100
444843026057642,Born From A Wave,Born From A Wave LLC,≤100
104881317722736,Get-It-Out,Matthew Justin Viles,≤100
449053535114688,"Polk County Sheriff's Office, Iowa",Polk County Sheriff's Office,≤100
331962060734197,Sioux Falls Free Thinkers,Dale Richmond Hemming,≤100
107289609296509,American Heart Association - Missouri,American Heart Association,≤100
265045056894488,Mark Meckler,Convention of States Action,≤100
304062610300415,VozWire,Gregson E Mathe,≤100
56332452163,AMA Patients Action Network,American Medical Association,≤100
102110384688071,Elect Antonio Nerios for MN State Rep Dist 43B,Antonio Nerios,≤100
24470472733,The Trevor Project,The Trevor Project,≤100
545775132233909,The Late Show with Stephen Colbert,These ads ran without a disclaimer,≤100
112325855474892,Speak Up For Education and Kids,National Education Association,≤100
2070944712939738,American Police Officers Alliance,American Police Officers Alliance,≤100
151944694884237,"Solidarity Strategies, LLC",Solidarity Strategies,≤100
103131054573692,Crawfordology,Crawfordology,≤100
9739634228,The Political Machine,"Hitcents.com, Inc",≤100
253791814655400,Doug Collins,"COLLINS FOR SENATE, INC.",≤100
245741028804051,Barbara Sinatra Center,Barbara Sinatra Children's Center,≤100
18079407397,CPAC 2020,Conservative Political Action Conference,≤100
1658135304460341,MANG,MANG,≤100
273023971533,Dennis Bonnen,Dennis Bonnen Campaign,≤100
94047978366,PCCC - BoldProgressives.org,PROGRESSIVE CHANGE CAMPAIGN COMMITTEE,≤100
103851564652,Waterkeeper Alliance,WATERKEEPER ALLIANCE INC,≤100
109379100777665,Patriotism Isn't Dead,Patriot Polling,≤100
128213101272117,Sioux Falls Atheists,Dale Richmond Hemming,≤100
673117639774135,Gretchen Whitmer,Gretchen Whitmer for Governor,≤100
195620754724,Helping Hand USA,HELPING HAND FOR RELIEF AND DEVELOPMENT INC.,≤100
359780944896828,American Lodestar,Polaris Media Lab LLC,≤100
128531120636129,IVC Media,Solutions for Change,≤100
25121889784,Texas Public Policy Foundation,Texas Public Policy Foundation,≤100
615854911830541,Shore Buddies,Malte Niebelschetz,≤100
502320477205654,I’m Bout Making My Ancestors Proud,Heritage Hill LLC,≤100
1747132688647028,Democratic Association of Secretaries of State,Democratic Association of Secretaries of State,≤100
138020572909535,Texas VLB,Texas Veterans Land Board,≤100
763220717125963,DFL Environmental Caucus,DFL Environmental Caucus,≤100
357275101142388,Everglades-Trust,"EVERGLADES TRUST INC, THE",≤100
868405419972384,The Outrage,The Outrage,≤100
162493793737,Rick Green,Richard Arlin Green,≤100
2047820865526225,Rebecca Holcombe for Vermont,Rebecca Holcombe for Vermont,≤100
2229523293969166,Perkins For MN1,Reed Perkins,≤100
251044965436699,Changing Dynamics,Riley Thomas Sutton,≤100
172298889630363,Republican Attorneys General Association,REPUBLICAN ATTORNEYS GENERAL ASSOCIATION,≤100
91223411833,Medical Teams International,Medical Teams International,≤100
10331123781,Special Olympics,Special Olympics Inc,≤100
97466887664,Innocence Project,"INNOCENCE PROJECT, INC., THE",≤100
102175879855284,Harper Perennial,HARPERCOLLINS PUBLISHERS L.L.C.,≤100
168876449866088,The Years Project,The Years Project,≤100
96159580682,Maine Democratic Party,MAINE DEMOCRATIC PARTY,≤100
317667194946264,Ro Khanna,RO FOR CONGRESS INC,≤100
114971076538782,The Keystone,Courier Newsroom,≤100
1654364364841305,Volinsky for New Hampshire,Volinsky for New Hampshire,≤100
100781605034049,Trump 2020 Team,Jordan Ray Riddle,≤100
216709768355686,Dinesh D'Souza,America2020 Film LLC,≤100
232201568659,Pacific Justice Institute,PACIFIC JUSTICE INSTITUTE,≤100
54787697857,Ron Wyden,WYDEN FOR SENATE,≤100
260713150211,Protect Our Winters,Protect Our Winters,≤100
196229839437,Ephraim's Realty Services- with Lakes Area Realty,These ads ran without a disclaimer,≤100
104516481228439,Peelitical Targets,Pee-Litical Targets,≤100
852211998452591,ND Dem-NPL District 20,Gail A Mooney,≤100
808450969246896,"Rebecca Walser, Tax Attorney, CFP",Walser Wealth Management,≤100
309993142375589,Joe Kennedy III,KENNEDY FOR MASSACHUSETTS,≤100
13885075114,Action Against Hunger USA,ACTION AGAINST HUNGER - USA,≤100
105283560949571,Trump 2024 Film,2024 LLC,≤100
111524643597687,Beyond Contempt,Erica Kyle Etelson,≤100
1545826148838592,Trump 2020,Gregory Lawrence Burright,≤100
622644971176455,Pravda Media,Jacob Fredrick Pointon,≤100
157307331013957,The History List,The History List,≤100
1653251174924652,Fuzzu,Fuzzu,≤100
110036207380562,Adventure Bliss,These ads ran without a disclaimer,≤100
1397799040234106,OpinionUP,OpinionUP LLC,≤100
1482405088666199,"Minneapolis/St. Paul Alumnae Chapter, Delta Sigma Theta Sorority, Inc.",These ads ran without a disclaimer,≤100
192448150001,Jeff Anderson & Associates,Jeffrey R Anderson PA,≤100
18017481462,Acton Institute,Acton Institute,≤100
105561217523274,The_Dispatch,"Dispatch Media, Inc.",≤100
43426724597,Paper Culture,Paper Culture LLC,≤100
101174331629641,Ring The Alarm,RingTheAlarm.US,≤100
122177631810218,Benjamin J. Carollo,Carollo for MN 13B,≤100
101488278273703,Vote Joe Gould for Bemidji City Council Ward 1,Joe Gould for City Council,≤100
103322426424621,Jonathan Karl,Jonathan David Karl,≤100
100489714905608,Democracy Network,Democracy Network,≤100
100503184678036,BioLargo Water Inc.,"BioLargo, Inc.",≤100
102970113093477,Church Militant/St. Michael’s Media,Max Aldcander Douglas,≤100
325578590837480,Obamacare,Sixteen Thirty Fund,≤100
106657774077733,Alan Roy for State Senate,Committee to Elect Leonard Alan Roy,≤100
8936818385,Accuracy in Media,"ACCURACY IN MEDIA, INC",≤100
107259647700364,Mark A Phelps,Mark A Phelps,≤100
108173075911611,National Association of Letter Carriers,National Association of Letter Carriers,≤100
100123544800892,Disme Coin Company,Byron Michael Laughlin,≤100
107428150756519,US Money Daily,USMoneyDaily,≤100
100176221392665,Brad Aho for Hennepin Commissioner,Brad Aho Volunteer Committee,≤100
346937065399354,Occupy Democrats,Omar Rivero,≤100
441381813042465,Boundary Waters Action Fund,Boundary Waters Action Fund,≤100
1675319662786649,Clare Gallagher,Protect Our Winters,≤100
552580508224925,Chan Zuckerberg Initiative,These ads ran without a disclaimer,≤100
122475637000,Georgia Forestry Association,Georgia Forestry Association,≤100
324119001078997,"Sanford Heisler Sharp, LLP","Sanford Heisler Sharp, LLP",≤100
110316697328742,People of Seniors Housing,People of Seniors Housing,≤100
111278008942618,Wicked Clothes,Wicked Clothes,≤100
142432192446984,David Horowitz Freedom Center,David Horowitz Freedom Center,≤100
227535924071462,Animal Petitions,AnimalPetitions.org,≤100
176099072429809,Oceana in Florida,OCEANA,≤100
1099779163410386,John Barrasso,Friends of John Barrasso,≤100
110913227305662,Scurlock 2020,Steve Verzwyvelt Jr.,≤100
566008736785269,Be Heard Project,Be Heard Project,≤100
186805048171120,U.S. & Texas LawShield,Texas LawShield,≤100
211049239087028,Association of Young Americans,Benjamin J Brown,≤100
1612726335627171,We the Internet TV,We the Internet TV,≤100
1084856268238034,Trump Talking,Roberto None Lugo,≤100
598720023670599,Jennifer Carroll Foy,Jennifer Carroll Foy for Governor,≤100
34701792581,EWTN,Eternal Word Television Network,≤100
101391906600,Live Action News,Live Action News,≤100
420756238503932,Your American Flag Store,Your American Flag Store,≤100
802271849850801,Freedom for All Americans,Freedom for All Americans,≤100
520951651666979,Christopher Smith,Christopher Smith for City Council,≤100
1192579580831773,Supermajority News,Supermajority,≤100
313788135730191,Sioux Falls Scientists,Dale Richmond Hemming,≤100
110089227413037,The Prepared Patriot,Edward Ha,≤100
412739549455010,Karena Reiter,PrimaDonna Reeds,≤100
1389807071117013,Lynn Afendoulis,Lynn Afendoulis for Congress,≤100
271680110244621,Jeff Dotseth for State Representative MN,Dotseth Volunteer Committee,≤100
1425435377743310,Conversations with Bill Kristol,The Foundation for Constitutional Government,≤100
221631014637468,Look Human,"Print Syndicate, Inc.",≤100
26668999076,The Cato Institute,"CATO INSTITUTE, INC.",≤100
2294357790627745,Steve Hendrix for Van Zandt County Sheriff,Stephen Dwayne Hendrix,≤100
2176472882580975,Crusader Outlet,Crusader Marketing,≤100
624113997772825,North Dakotans for Comprehensive Energy Solutions,Americans for Comprehensive Energy Solutions,≤100
105872574403318,Project TAMMI,a research grant at The National Center on Addiction and Substance Abuse (CASA),≤100
1745418332339003,Aspire Gear,Aspire Gear,≤100
107665644228467,Conservative Journal Review,Conservative Journal Review LLC,≤100
89324781720,Pat Toomey,Friends of Pat Toomey,≤100
243947752771440,TJ Cox for Congress,TJ COX FOR CONGRESS,≤100
103646064618386,The Judge Show - James Judge,James Patrick Judge Jr.,≤100
101041998305221,The Proud Republicans,Great American Era LLC,≤100
1400371370253041,Eagan Immigration,Eagan Immigration,≤100
100911481267154,"Luke Gromen - FFTT, LLC","FFTT, LLC",≤100
102506434784451,Solomon for OV Council,Shawn Amadeo Campbell,≤100
294508332028,Lakota People's Law Project,ROMERO INSTITUTE,≤100
103642334724435,Rolexydeals,Roland Alexandre,≤100
102673738084465,Illuxus,Illuxus,≤100
147368882623027,Black Futures Lab,Black Futures Lab,≤100
104665041326815,US Concealed From Home,These ads ran without a disclaimer,≤100
165014546858456,Free To Choose Network,FREE TO CHOOSE,≤100
24982445498,ProQuest,PROQUEST LLC,≤100
407664862957433,Ammar Campa-Najjar for Congress,AMMAR CAMPA-NAJJAR FOR CONGRESS,≤100
262138411622,Faces of Lawsuit Abuse,US Chamber Institute for Legal Reform,≤100
9364828262,Citizens Against Government Waste,CITIZENS AGAINST GOVERNMENT WASTE,≤100
1789651861157958,Values To Action,Values to Action,≤100
421177048353664,PetJoy,These ads ran without a disclaimer,≤100
240937060405,Center for Science in the Public Interest (CSPI),CENTER FOR SCIENCE IN THE PUBLIC INTEREST,≤100
109628957455377,T-shirtofthemonth,tshirtofthemonth,≤100
1653885501501009,Propeller,Propeller Enterprises,≤100
460844281074800,Tiny Trump,Eric D Corriel,≤100
1852520761657982,4ocean,4ocean,≤100
162695894106234,Co-ops Vote,National Rural Electric Cooperative Association,≤100
102580641488276,Standagainstdarkblue,Stand Against Dark Blue,≤100
241869749851122,Parents Against Vaping e-cigs,Steven Koester,≤100
107227900663267,Laurie For Travis County,Laurie Eiserloh Campaign,≤100
195704103779569,Savage Outdoors & The One,Amanda Harris Lee,≤100
104684067632334,Unite the Country,UNITE THE COUNTRY,≤100
38897314734,The Trust for Public Land,"TRUST FOR PUBLIC LAND, THE",≤100
122150409780,UC San Diego,University of California San Diego,≤100
112488757165613,Blue Line Stockpile,Blueline Stockpile,≤100
336354959779612,White House Gifts,White House Gifts,≤100
106712811092006,Make Shirts Great Again,David William Samra,≤100
2025785507702182,Avoid Opioid SD,South Dakota Department of Health and Social Services,≤100
1402827079932843,Low Income Relief,The Lighthouse Information Network LLC,≤100
262589367126101,The Tikvah Fund,TIKVAH FUND,≤100
53453003949,Hope Ministries,HOPE MINISTRIES,≤100
161879897191723,EarthX,EarthX,≤100
276131699084792,YWAM Los Angeles,YWAM Los Angeles,≤100
505653766599222,America First with Dr. Sebastian Gorka,Salem Media,≤100
20715882266,Wisconsin Right to Life,Wisconsin Right to Life,≤100
213289449057297,THE HILLS BOYS,Oscar Hills,≤100
103929304678916,Voter Action Project,Integrity First Voter Action Project,≤100
238008626268343,Israel365,Teach for Israel Inc,≤100
43287633515,Alliance for Climate Education,Alliance for Climate Education,≤100
373980880018659,Congresswoman Abigail Spanberger,the Office of Rep. Spanberger,≤100
113223650193301,MAGA REVOLUTION,Apse Media LLC,≤100
440115222844154,Nick Frentz,Nick Andrew Frentz,≤100
294196590710262,FWD.us,FWD.us,≤100
124530924015,Hank Gilbert,HANK GILBERT FOR CONGRESS,≤100
101042758281184,Reading On the Right,Macmillan Publishing,≤100
111982742583496,Kairos Traders,YOUTH WITH A MISSION STRATEGIC FRONTIER,≤100
1862142560544227,Green Estate Goods,Green Estate Goods LLC,≤100
101150021367551,Renee Swann for Congress,Renee Swann for Congress,≤100
113057553790255,Pro-Life America General Purpose Committee,PRO-LIFE AMERICA GENERAL PURPOSE COMMITTEE,≤100
657708380952174,Voices of the Civil Rights Movement,Comcast,≤100
1621690511405010,Civic Action,Civic Action,≤100
48530203934,The American Alpine Club,"AMERICAN ALPINE CLUB, THE",≤100
312657362217994,Women's Heart Alliance,Women's Heart Alliance,≤100
952269798498571,Carmine Marceno for Lee County Sheriff,"Carmine Marceno, Republican for Lee County Sheriff",≤100
524821051606971,Young Americans Against Socialism,Young Americans Against Socialism,≤100
2140339289356027,Dr. Pritesh Gandhi for Congress,GANDHI FOR TEXAS,≤100
112164673854264,Living Patriotically,Living Patriotically,≤100
107682373929182,Link For Senate,Link For Senate,≤100
140877979844,American Gas Association,AMERICAN GAS ASSOCIATION,≤100
118178241651488,DSPolitical,"DSPolitical, LLC",≤100
1229789977123022,Debbie Lesko for Congress,DEBBIE LESKO FOR CONGRESS,≤100
222745994575140,Project ChildSafe,"NATIONAL SHOOTING SPORTS FOUNDATION, INC.",≤100
104952231285892,Marc Falzon,Marc A Falzon,≤100
216705888361546,Elbert Lee Guillory,ELBERT GUILLORY'S AMERICA,≤100
278355662356517,BallotReady,"BallotReady, Inc",≤100
101442908124605,Liberty Surveys,Liberty Surveys,≤100
1480531258923286,JDoe,Ryan Michael Soscia,≤100
105943157686335,Trust Michigan Families,TRUST MICHIGAN FAMILIES,≤100
103744903024220,MN350: Building a Climate Movement in Minnesota,MN350 & MN350 Action,≤100
156919911022572,Steven Horsford,NEVADANS FOR STEVEN HORSFORD,≤100
1156676274461345,Mikie Sherrill,MIKIE SHERRILL FOR CONGRESS,≤100
107234674355454,2bkkstore,Kim Yen Nguyen,≤100
102748367972912,Ernest Joseph Oppegaard-Peltier,Ernest Joseph Oppegaard-Peltier III,≤100
287388624626915,kSquare IT,Arwa Desai,≤100
108503659576,National Coalition for Public School Options,National Coalition for Public School Options,≤100
546497545399440,ASEC - African Sisters Education Collaborative,African Sisters Education Collaborative (ASEC),≤100
803753543035784,Songs for Good,Songs for Good,≤100
114646533630729,Yes. Every Kid.,"yes. every kid, Inc.",≤100
6334782252,Oceana,OCEANA,≤100
115773513509388,Kristy Janigo For Maple Grove City Council,Kristy Janigo for Maple Grove City Council,≤100
2338979479650120,Genevieve Collins for Congress,COLLINS FOR TEXAS,≤100
115497288466814,Home Builders Association of Central Arizona,Home Builders Association of Central Arizona,≤100
105953890782784,The Factual,The Factual,≤100
7361892567,Born Free USA,"BORN FREE USA, UNITED WITH ANIMAL PROTECTION INSTITUTE",≤100
102499901286348,Bold Vision P.C.,Bold Vision PC,≤100
312066286397519,Manning Asylum Law,Manning Asylum Law,≤100
405469100189512,Still My President - Donald Trump,Red State Politics LLC,≤100
248468095247223,Rastaclat,Rastaclat,≤100
110585410627372,Monkeyed Up Equine,"The Business Brokers, Inc.",≤100
2133130356918764,Common Justice,COMMON JUSTICE INC,≤100
291260461373618,News and News,News and News,≤100
102027764795677,American Wire,The USA Wire,≤100
105455840860559,Eagle Realm,Eagle Realm,≤100
110010433804232,Falkirk Center,Falkirk Center,≤100
210831325617010,One Mind,4 RESEARCH 1 MIND,≤100
169204449790211,Conservative News Today,"BizPac Review, Inc.",≤100
1043098235895409,Minnesota Billboard Project,MN Billboard Project,≤100
78420171887,Sailors for the Sea,SAILORS FOR THE SEAINC,≤100
99196609225,The African American Policy Forum,African American Policy Forum,≤100
102860661680,Quetico Superior Wilderness News,Quetico Superior Foundation,≤100
101481584557260,Help Asheville Bears-HAB,Heather Christina Williams,≤100
856086028066485,Persona,"Persona Media, Inc.",≤100
10234472029,Council on Foreign Relations,Council on Foreign Relations,≤100
95135221781,Federal News Network,Hubbard Radio DC,≤100
102512224765633,PeeLitical Trump Target,Pee-Litical Targets,≤100
103617578071596,Anti-racism campaign,Jason Charles King,≤100
109551610742579,Judge Dale Cohen,"Dale Cohen, Non-Partisan, for Circuit Court Judge Group 30",≤100
205621732795876,NARAL Pro-Choice Ohio,NARAL PRO-CHOICE OHIO,≤100
105157841248307,No Filter Politics,No Filter Politics,≤100
635850443292528,Nasty Woman Coloring,Nasty Woman Coloring,≤100
98008554575,US Embassy Reykjavik Iceland,These ads ran without a disclaimer,≤100
946887545335976,Association of American Universities,The Association of American Universities (AAU),≤100
104294011155360,Personalized Gifts,These ads ran without a disclaimer,≤100
146817005352784,Wellness.com,"Beachside Media, Inc.",≤100
96315553086,Crop Insurance Keeps America Growing,National Crop Insurance Services,≤100
107199049318619,Friends of Derek Kilmer,PEOPLE FOR DEREK KILMER,≤100
108090464296366,Republican Patriots,I Love My Freedom,≤100
345946329411380,Petal Soap,Jason Paul Domangue,≤100
111237577031486,AquiPor Technologies,William Powers,≤100
334925200513155,Justin Berry for Texas HD 47,Justin Berry For Texas House,≤100
242845139551348,GVPedia,GVPEDIA INC,≤100
112872847134143,Teamster Power Slate Vairma - Herrera - Kelly 2021,Bernadette Mc Culloch Kelly,≤100
763491940427547,Roque  "Rocky"  De La Fuente,Rocky 101 LLC,≤100
104622121026372,Earthbreeze,These ads ran without a disclaimer,≤100
333081284065216,Brynne Kennedy for Congress,BRYNNE KENNEDY FOR CONGRESS,≤100
150322194563,PASA Primates: Pan African Sanctuary Alliance,PAN AFRICAN SANCTUARIES ALLIANCE,≤100
114218040306362,TFN PAC,TFN PAC,≤100
106140571085743,Natalia For Congress,NATALIA LINOS FOR CONGRESS,≤100
165779706726,Country Music Artist Carl Ray,Carl Ray Williams,≤100
511235549007985,PRJKT RUBY,PRJKT RUBY,≤100
339432396135584,The Exodus Road,EXODUS ROAD INC,≤100
357844454633380,Dan Whitfield for Senate 2020,DANWHITCONGRESS,≤100
100421958357393,PodTv Network,PodTv Network,≤100
341858589449,Save Bristol Bay,"TROUT UNLIMITED, INC.",≤100
284946111858895,Debbie Mucarsel-Powell,DEBBIE FOR CONGRESS,≤100
1708467695859543,Veteran Transition Mission,Sonia Ivelisse Barriera Ayala,≤100
1691091571125390,Representative Shevrin Jones,"Shevrin Jones, Democrat for Florida Senate, District 35",≤100
105433064492153,The Return 2020,The Return International,≤100
2062801664046032,WalkAway Foundation,WalkAway Foundation,≤100
109866370700481,PushBlack Finance,PushBlack,≤100
408252582872693,Daniella Levine Cava,"Daniella Levine Cava, Non-Partisan, for Miami-Dade County Mayor",≤100
103011894739074,Campaignly Group,Campaignly Group,≤100
155443277896065,Dane Eagle,Dane Eagle For Congress,≤100
113872293671487,Matt Woestehoff for Ramsey City Council,Matt Woestehoff for City Council,≤100
122773549121265,President Trump for Nobel Peace Prize 2020,Tarek None Kteleh,≤100
182079698493370,Portside,Portside,≤100
237788366660686,Tax March,Tax March,≤100
113553048669158,Rick Scott,TEAM RICK SCOTT,≤100
109295990419284,Esther For Congress,ESTHER FOR CONGRESS,≤100
466608670177692,Jonathan M. Tallman,Jonathan Tallman For State Representative,≤100
151577215422581,Zioness Movement,"Zioness Movement, Inc.",≤100
283925872728,Stand for Children Arizona,Stand for Children Arizona IEC,≤100
104098541370097,Gordon for City Council,Gordon Vizecky for Richfield,≤100
354329797956187,The Catholic Association,"The Catholic Association, Inc",≤100
1413682351987764,Andy Kim for Congress,Andy Kim for Congress,≤100
168367339845613,The Humane League,The Humane League,≤100
1290536624348001,Informed Immigrant,FWD.us Education Fund,≤100
123624513983,The Western Journal,The Western Journal,≤100
101164484986617,To Be Frank Show,Real News PR,≤100
408613059501889,Hala Ayala,Hala for Virginia,≤100
100299504968731,Unified Modern Party,Unified Modern Party Corporation,≤100
592707041080920,Stand Together,These ads ran without a disclaimer,≤100
52490448966,StorQuest,"WILLIAM WARREN GROUP, INC., THE",≤100
28446275521,Military Officers Association of America (MOAA),Military Officers Association of America,≤100
1299326366748402,Hippy Feet,Hippy Feet GBC,≤100
26490791479,Nuclear Information and Resource Service,Nuclear Information and Resource Service,≤100
312569146034029,BlueVote,BlueVote,≤100
8225139261,New York Republican State Committee,NEW YORK REPUBLICAN STATE COMMITTEE,≤100
399067003454888,Sudan Relief Fund,Sudan Relief Fund Inc,≤100
106114264313679,Hunt The Vote,"Hunter Nation, Inc.",≤100
1189321434561854,Vote Ranjeev for Rep,Friends of Ranjeev Puri,≤100
718475924980443,Amsterdam & Partners LLP,Amsterdam & Partners LLP,≤100
105698674239617,Embed News,Embed News,≤100
103617578071596,Anti-racism campaign,Anti-Racism Campaign,≤100
754069418112623,Right Now USA,RIGHT NOW USA,≤100
181183059253295,Dorsal Bracelets,Dorsal Bracelets,≤100
469609533112889,iDisciple,iDisciple,≤100
113679093412163,Ed Hunzeker,Ed Hunzeker,≤100
723136714746586,The Common Ground Project,"The Common Ground Project, Inc",≤100
427302110732180,Mike Cernovich,Michael C Cernovich,≤100
55549065733,Voto Latino,Voto Latino with Facebook Ad Credits,≤100
149366465128820,Nicole Galloway,Nicole Galloway for Missouri,≤100
916908791847627,Prosperity Michigan,Prosperity Michigan,≤100
385917001840678,1st Tuesday Conservatives,James Scott Nintzel,≤100
116515020980,Free Speech TV,Public Communicators Inc.,≤100
48837932638,Montana Democratic Party,Montana Democratic Party,≤100
19182454196,Newt Gingrich,"Premiere Marketing, Inc.",≤100
111941237005726,Just The News,Just the News,≤100
32802178807,Homes For Our Troops,Homes For Our Troops,≤100
199826043375900,Larry Hogan,An America United,≤100
1682876188698809,United for Respect,United for Respect,≤100
7735858972,Humane Society Legislative Fund,Humane Society Legislative Fund,≤100
83865976093,Truthout,TRUTHOUT,≤100
130668606428,Natur-Tec® Sustainable Biobased Materials,Natur-Tec,≤100
114885646899438,Mr. 45th,Clush,≤100
108106344055747,Unlock American Investment,The U.S. Chamber of Commerce,≤100
180230069923,American Life League,American Life League,≤100
103966331128460,Trump Train 2020 Campaign Tour,The Trump Train,≤100
693338200702307,Michelle Ugenti-Rita,Ugenti-Rita for Senate,≤100
540707072979860,Brian Maryott,MARYOTT FOR CONGRESS,≤100
329892087389909,Deuel Harvest Wind Farm,Invenergy,≤100
166087830076297,WebPT,WebPT,≤100
970043956422239,Jeremy McClymonds Chandler City Council,McClymonds for Chandler,≤100
104099074492299,Derrick Van Orden,VAN ORDEN FOR CONGRESS,≤100
171516669541491,Bright Hope,BRIGHT HOPE INTERNATIONAL,≤100
111947013529488,Mosher2020,Mosher for Pima County Attorney,≤100
254574931245780,Health Care Service Corporation,Health Care Service Corporation,≤100
130268756992804,Yale Climate Connections,Yale Climate Connections,≤100
102797464600754,Jessi Ebben,EBBEN FOR WISCONSIN,≤100
1050474972008396,Bryan Berghoef for Congress,BRYAN BERGHOEF FOR CONGRESS,≤100
287754774569171,Americans for Prosperity-Montana,AMERICANS FOR PROSPERITY,≤100
1015449978587077,Alliance for Youth Action,The Alliance For Youth Action,≤100
999695356830090,Bed Threads,These ads ran without a disclaimer,≤100
1166660030079480,National Democratic Redistricting Committee,National Democratic Redistricting Committee,≤100
449202631932231,Mike Johnson,MIKE JOHNSON FOR LOUISIANA,≤100
180207826090799,Tiffany D. Cross,HARPERCOLLINS PUBLISHERS L.L.C.,≤100
475763355967142,John Huot for Minnesota House,Huot for House,≤100
198001351897,Wounded Warriors Family Support,WOUNDEDWARRIORS FAMILY SUPPORT INC,≤100
987698164585861,Citizen Ed,Citizen Education,≤100
2123425971065747,Sora Schools,Indra Putra Sofian,≤100
748661791841793,Science on Tap - Oregon & Washington,Chelsea Cochran Schuyler,≤100
911829795826330,Mark Penn Polls,AIRSNEXT Media,≤100
105993417661743,The Church of Wells,The Church of Wells,≤100
114994916573293,CareForAllChildren,CareForAllChildren,≤100
117468878295521,American-Arab Anti-Discrimination Committee (ADC),Roy Abdo,≤100
129602743740560,Illinois Family Action,ILLINOIS FAMILY ACTION NFP,≤100
698400060189827,Dan Sullivan,Alaskans for Sullivan,≤100
205795426669644,Facts and Logic about the Middle East,Facts and Logic About the Middle East,≤100
708375056271048,The Christendom Curriculum,The Christendom Curriculum,≤100
391872261636792,2020unity,"ForFact LLC, DBA 2020unity",≤100
135403221037,City Journal,City Journal,≤100
1668350569891953,Rainbow Movement,William James Ulrich,≤100
104039267946975,Boy Scouts Abuse Claims,These ads ran without a disclaimer,≤100
11911627997,Pancreatic Cancer Action Network,"PANCREATIC CANCER ACTION NETWORK, INC.",≤100
17432811417,Working Families Party,Working Families Party,≤100
219242560293,Meals on Wheels America,Meals on Wheels,≤100
180060629247353,Elaine Luria for Congress,ELAINE FOR CONGRESS,≤100
39432041915,Capital Research Center,CAPITAL RESEARCH CENTER INC,≤100
46520703030,Fulton County Government,Fulton County Government,≤100
2011677365822396,Ground News,Snapwise Inc.,≤100
100535808394168,Patriots For Freedom,I Love My Freedom,≤100
1807181726160635,Noble Energy,"NOBLE ENERGY, INC.",≤100
477131125780900,The War Horse,War Horse News,≤100
22219555276,Children's Defense Fund,CHILDRENS DEFENSE FUND (INC),≤100
249024947110,WhoWhatWhy,REAL NEWS PROJECT INC,≤100
360424321432255,Doha Debates,Doha Debates,≤100
377392172830318,Representative Ross Spano,Office of Representative Ross Spano,≤100
451389174955443,Haverhill Collection,"Haverhill Leach, Inc",≤100
58709265392,Americans United for Separation of Church and State,AMERICANS UNITED FOR SEPARATION OF CHURCH & STATE,≤100
44224524016,American Kidney Fund,"AMERICAN KIDNEY FUND, INC.",≤100
525171637666780,Sandy Piña California Delegate,RCR,≤100
120752178235,Sandra Masin,Masin Campaign Committee,≤100
53541257714,The Arc of the United States,"ARC OF THE UNITED STATES, INC., THE",≤100
747436915270894,Congressional Leadership Fund,CONGRESSIONAL LEADERSHIP FUND,≤100
102413723172970,Nick Adams,Nick Adams,≤100
110849485902,United Way,United Way Worldwide with Facebook Ad Credits,≤100
102478528086004,Reading On the Left,St. Martin's Press,≤100
363741920768563,RTBiQ Political,RTBiQ Political,≤100
148731991811588,Baird,Robert W. Baird & Co. Incorporated,≤100
587676831343390,Raheem AI,RAHEEM AI,≤100
467503009987109,"Healthy Forests, Healthy Communities","Healthy Forests, Healthy Communities",≤100
167139593306791,ACLU of Michigan,AMERICAN CIVIL LIBERTIES UNION,≤100
108495594256618,A Better Miami-Dade,"A Better Miami-Dade, Inc.",≤100
101208514791301,Daniel Turner,Power The Future Inc,≤100
500802290051377,Workers Defense in Action,Workers Defense in Action PAC,≤100
145902116128546,Rebecca Friedrichs - For Kids & Country,For Kids & Country,≤100
75353945070,Boxed Water Is Better,Boxed Water Is Better,≤100
241247646424302,Jahana Hayes,FRIENDS OF JAHANA HAYES,≤100
255486647814076,Penguin Kids,Penguin Random House,≤100
112880207070872,Windows Roof Driveway,Kenji None Tomoda,≤100
2295062210811244,Coalition for American Veterans,COALITION FOR AMERICAN VETERANS POLITICAL ACTION COMMITTEE,≤100
2255846891314996,Corn Refiners Association,"corn refiners association, inc",≤100
18813753280,Human Rights Campaign,HUMAN RIGHTS CAMPAIGN EQUALITY VOTES,≤100
28510612138,Uncommon Knowledge,Hoover Institution,≤100
175403889150682,FindLaw.com,FindLaw Consumer,≤100
110440390375032,"Lindsay Lyons, Educational Consulting",Lindsay Beth Lyons,≤100
307103852871,MADEO,MADEO USA LLC,≤100
225694334157299,Carol Wenner,Wenner For MN House,≤100
100968598130407,Tax Support Center,Mercedes Lease,≤100
64206021703,National Committee to Preserve Social Security and Medicare,NATIONAL COMMITTE TO PRESERVE SOCIAL SECURITY AND MEDICARE,≤100
243362776583569,Air Mail,Air Mail,≤100
198160180214387,Christopher and Banks,These ads ran without a disclaimer,≤100
279846350948,St. Labre Indian School,St. Labre Indian School,≤100
105410567897348,Adopt an Officer,Adopt America LLC,≤100
342006339184405,National Children's Alliance,NATIONAL CHILDRENS ALLIANCE INC,≤100
1833879943496521,Spread The Vote,Spread the Vote,≤100
111480020618941,Big Bad Uncle Sam LLC,Collin Christian Johnson,≤100
1408321932578614,Andrés Cano,Andrés for Arizona | Authorized by Andrés Cano,≤100
124386427623018,PeaceBeWithU,"BN Media, LLC",≤100
2462191704005828,Rainey Center,The Joseph Rainey Center for Public Policy,≤100
104038541334426,BailoutWatch,Elisabeth Marie Soto,≤100
117513180002579,John Shallman,These ads ran without a disclaimer,≤100
656263988182462,Bill Hagerty,TEAM HAGERTY,≤100
1733918116873254,BackWoods Mafia,Landon David Turner,≤100
110206523984709,Rural Not Stupid,Rural Not Stupid,≤100
113341064736,American Conservative Union,American Conservative Union,≤100
242679302418244,Denison Forum,Denison Ministries,≤100
110280253735683,Alexandria Ocasio-Cortez Fan Club,Imran M Jemal,≤100
1634651343331439,Project Wren,Landon Brand,≤100
6072343558,Center for American Progress,CENTER FOR AMERICAN PROGRESS,≤100
160513344045084,John Neely Kennedy,"John Kennedy for Us, Inc",≤100
110849485902,United Way,United Way Worldwide,≤100
145022042990911,MEK Iran,MEK-Iran (Saeid Saadati),≤100
107754560609465,Ramón For Milwaukee County Register of Deeds,Friends of Israel Ramón,≤100
300341323465160,The Daily Signal,HERITAGE FOUNDATION (THE),≤100
112650016883848,Fair and Square,Fair And Square PAC,≤100
1553978148244954,Build With Strength,Build With Strength,≤100
1636216106590985,Josh Hawley,JOSH HAWLEY FOR SENATE,≤100