﻿Page ID,Page Name,Disclaimer,Amount Spent (USD)
7860876103,Joe Biden,BIDEN VICTORY FUND,16677
153080620724,Donald J. Trump,TRUMP MAKE AMERICA GREAT AGAIN COMMITTEE,9411
925007000949719,ExxonMobil,Exxon Mobil Corporation,3655
6726182861,Mike Pence,TRUMP MAKE AMERICA GREAT AGAIN COMMITTEE,3155
156968474833352,Stop Republicans,Stop Republicans,2757
149366465128820,Nicole Galloway,Nicole Galloway for Missouri,2537
1771156219840594,Team Trump,TRUMP MAKE AMERICA GREAT AGAIN COMMITTEE,2279
108824017345866,Facebook,"Facebook, Inc.",1874
96935476345,Democratic Governors Association (DGA),Democratic Governors Association,1711
373814729643508,Let America Vote,Let America Vote PAC and National Democratic Redistricting Committee,1318
172758932738142,PhRMA,PHARMACEUTICAL RESEARCH AND MANUFACTURERS OF AMERICA,1289
17801244148,Jill Schupp,SCHUPP FOR CONGRESS,1212
20787991568,Senate Democrats,DSCC,985
1615018905412860,Progressive Turnout Project,PROGRESSIVE TURNOUT PROJECT,911
467804929927622,Jason Smith,JASON SMITH FOR CONGRESS,777
127755494595870,Progressive Takeover,PROGRESSIVE TAKEOVER,738
202626512363,U.S. Census Bureau,U.S. Census Bureau,682
791543660926838,"I'll go ahead and keep my guns, Thanks",2A4LIFE LLC,660
9324910069,NRSC,NRSC,604
96935476345,Democratic Governors Association (DGA),DEMOCRATIC ACTION,554
373814729643508,Let America Vote,LET AMERICA VOTE PAC,543
259130650776119,Mitch McConnell,MCCONNELL SENATE COMMITTEE,537
165987503528599,Lindsey Graham,"TEAM GRAHAM, INC.",499
6204742571,Sierra Club,SIERRA CLUB,496
153080620724,Donald J. Trump,"DONALD J. TRUMP FOR PRESIDENT, INC.",474
2267285956849056,Donald Trump 2020 Fans,I Love My Freedom,459
518194348194441,RepresentUs,RepresentUs,445
665345483483486,NRA - National Rifle Association of America,NATIONAL RIFLE ASSN OF AMERICA,423
701314813317534,New Wentzvillian For St Charles Countians,New Wentzvillian,401
127225910653607,PragerU,PragerU,400
104856814505092,The Kids Guide,The Kids Guide,394
2352630938293825,Mytacticalpromos,Entremax,364
328853823844484,Balance of Power,Balance of Power,350
830121337093232,National Democratic Training Committee,NATIONAL DEMOCRATIC TRAINING COMMITTEE PAC,343
101279451606075,Democratic Strategy Institute,Democratic Strategy Institute,312
345504286342057,Keeping America Great Again,RightWingGear.com,309
260754507296508,The Voter Participation Center,Voter Participation Center,301
105756057589080,The Lincoln Project,The Lincoln Project,261
106224464107240,Jo Jorgensen,Jo Jorgensen for President,247
1449461518652183,4Patriots,4Patriots LLC,239
176789922364429,Steve Daines,STEVE DAINES FOR MONTANA,232
328072970642479,Jaime Harrison,JAIME HARRISON FOR US SENATE,222
168051710543266,Lacy Johnson,Lacy Johnson for Congress,215
239452426714,American Action Network,American Action Network,215
57259033959,AARP,AARP,213
95483488591,Democratic Party of Wisconsin,DEMOCRATIC PARTY OF WISCONSIN,206
18982436812,ACLU,American Civil Liberties Union,204
277005566267077,Blueland,Blueland,201
602714436529710,End Citizens United,END CITIZENS UNITED,198
114710126648118,Republican Dogs,Republican Dogs,197
147781045791179,Liberty Alliance,Liberty Alliance USA,188
342294162453301,Planned Parenthood,Planned Parenthood Federation of America,186
7292655492,MoveOn,MOVEON.ORG POLITICAL ACTION,184
106244251043808,Reuse Plastics,"AMERICAN CHEMISTRY COUNCIL, INC.",181
228754857151053,House Majority PAC,House Majority PAC,179
103730928025980,Safe and Sound In 2020,Kin Ngai Yeung,176
717115395103069,PrintedKicks,Printed Kicks,168
17023576156,The Leadership Conference on Civil and Human Rights,The Leadership Conference on Civil and Human Rights,166
1316372698453411,Alexandria Ocasio-Cortez,Alexandria Ocasio-Cortez for Congress,166
158791100909689,Concerned Veterans for America,Concerned Veterans for America,162
2353537341582545,Proud Patriots,Proud Patriots,152
1528582864058061,Missouri Century Foundation,Missouri Century Foundation,151
101237551589520,Tactical Patriot,Trizzie Truong,151
108683164271262,Patriots for Life,Grant Alan Johnston,147
106323360959211,Patriots Republic,Matthew James Stine,141
106094077803532,Our National Family,Patrick Le Tran,138
92925746942,Judicial Watch,Judicial Watch,135
355316521236121,John Cornyn,TEXANS FOR SENATOR JOHN CORNYN INC.,134
109111900634787,Reverend Raphael Warnock,WARNOCK FOR GEORGIA,128
109379100777665,Patriotism Isn't Dead,Patriot Polling,126
116301515238863,Dr. Bob Onder,"Onder for Missouri, Doug Mueller, CPA Treasurer",126
1374134752633656,New Health Plans,Shop Insurance Plans,124
717339155320936,Better Solutions for Healthcare,Better Solutions for Healthcare,122
205395906412,UAW International Union,"INTERNATIONAL UNION, UNITED AUTOMOBILE, AEROSPACE AND AGRICULTURAL IMPLEMENT WORKERS OF AM",120
1883837055193241,Shield Republic,Shield Republic,119
100137754724934,Trump 2020 Supporters,Proud Right Winger,118
314499212242,Pfizer,Pfizer Inc.,114
27311599342,Preemptive Love,Preemptive Love Coalition,110
2330577043935831,Sara Gideon,SARA GIDEON FOR MAINE,110
221890358218748,Til Valhalla Project,Til Valhalla Project,110
105577974544303,The USA Needs More Patriots,Anthony Alexander Morales,109
163148530407080,Captain Mark Kelly,MARK KELLY FOR SENATE,106
104227857783529,Ryan Derks for US Congress,Derks For Congress,106
1528980567353817,Love Has No Labels,Love Has No Labels with Facebook Ad Credits,105
103597604713894,Team Trump Store,TRUMP MAKE AMERICA GREAT AGAIN COMMITTEE,104
126694924050678,Xavier Becerra,Becerra for Attorney General 2022,101
85452072376,Newsmax,Newsmax Media,≤100
102671331487937,I Love My Freedom Store,I Love My Freedom,≤100
105577974544303,The USA Needs More Patriots,AmeriPolling,≤100
112540970493928,Freedom Suits Memorial,Julianna Pauline Bonk,≤100
461204744067686,Family Protection Association,Family Protection Association,≤100
116222966843926,US Concealed,US Concealed,≤100
1079789672084038,SimonBooks,Simon & Schuster,≤100
106663044307859,Mike Sievert,"T-MOBILE USA, INC.",≤100
15620146095,Judy Baker,Baker for Missouri,≤100
23875187730,Feeding America,Feeding America,≤100
1504244649711873,The Right Time,Power to Decide,≤100
834645469890446,Devin Nunes,DEVIN NUNES CAMPAIGN COMMITTEE,≤100
51405613519,Focus on the Family,Focus on the Family,≤100
7976226799,The Daily Show,Comedy Central,≤100
87186661244,Johns Hopkins Bloomberg School of Public Health,Johns Hopkins Bloomberg School of Public Health,≤100
1109093812491437,Blaze Media,Blaze Media LLC,≤100
393932827634250,Dissent Pins,Common Practice,≤100
16177663441,Eric Schmitt,SCHMITT FOR MISSOURI,≤100
7860876103,Joe Biden,BIDEN FOR PRESIDENT,≤100
100256754899828,Patriot's Cave,Patriots Cave,≤100
305832706292882,American Gun Association,GunAssociation.org,≤100
7814597100,Jim Jordan for Congress,JIM JORDAN FOR CONGRESS,≤100
100452208447078,The Patriot Shop,John Allen Franson,≤100
278490715553293,Martha McSally,MCSALLY FOR SENATE INC,≤100
8934429638,Planned Parenthood Action,Planned Parenthood Action Fund,≤100
327837911149503,2A4Life,2A4LIFE LLC,≤100
102617961152741,Barbara Bollier,BOLLIER FOR KANSAS,≤100
379629934282,Mike Parson,Parson for Missouri,≤100
159964696102,Kevin McCarthy,KEVIN MCCARTHY FOR CONGRESS,≤100
8492293163,Environmental Defense Fund,Environmental Defense Fund,≤100
1061240530648502,Joe Collins,JOE COLLINS FOR CONGRESS,≤100
292686994103045,Caleb Rowden,Friends of Caleb Rowden,≤100
127216280686110,Ann Wagner,Ann Wagner for Congress,≤100
587560171926370,Small Business Recovery Initiative,"Small Business Recovery Initiative, Inc",≤100
167586229923327,World Food Program USA,World Food Program USA,≤100
105732744375701,Steve Bullock,MONTANANS FOR BULLOCK,≤100
679171239164792,Supermajority,Supermajority,≤100
598924810530984,Keeping America Great,FamTeeWorld,≤100
302182941354,AARP Advocates,AARP,≤100
2037695643113766,Blexit,Blexit Foundation,≤100
49651563727,Live Action,Live Action,≤100
8321461609,MomsRising.org,MomsRising Education Fund,≤100
5435784683,Greenpeace USA,"GREENPEACE, INC.",≤100
101210588150219,Boy Scouts Abuse Claims,X Social Media LLC,≤100
45393753416,Alliance Defending Freedom,Alliance Defending Freedom,≤100
107210084216238,Humanity Forward,Humanity Forward,≤100
113666459994300,Big Dan Rodimer for Congress,RODIMER FOR CONGRESS,≤100
865570390139870,Cara Spencer for Mayor of St. Louis City,Cara Spencer for Mayor,≤100
102745147891580,Trump Coolers,Eric Clifford Juels,≤100
8325302025,Friends of the Earth U.S.,Friends of the Earth,≤100
132492254050920,American AF,AAF Nation,≤100
737686089933715,Conservative Collections,Mainline Media Group,≤100
530604487365010,Old Glory Flagpole Kits,Service First,≤100
221676957953311,The Missouri Plan,The Missouri Bar,≤100
109459597525704,Living in Liberty,Korie Lynn Padgett,≤100
971668776283950,PolicyEd,Hoover Institution,≤100
106667854471975,Outspoken,Log Cabin Republicans,≤100
30139072158,CARE,CARE,≤100
481559282597914,TrumpersUnite,Respect The Look,≤100
102478061559294,Convention on Founding Principles,Convention on Founding Principles,≤100
7483836629,Ancestry,Ancestry.com Operations Inc.,≤100
610790429573292,Promises Made Promises Kept,Promises Made Promises Kept,≤100
115379705206001,U.S. Department of Homeland Security Blue Campaign,DHS Blue Campaign,≤100
152264148166020,Moms Clean Air Force,Moms Clean Air Force,≤100
309308412520731,Sandy Hook Promise,Sandy Hook Promise,≤100
219612384781411,Bloomberg Philanthropies,Bloomberg Philanthropies,≤100
111393882812494,Amy McGrath,"AMY MCGRATH FOR SENATE, INC.",≤100
309798029121030,Everytown for Gun Safety,Everytown for Gun Safety Action Fund Inc,≤100
100517105076564,Shining Lifetime,Daniel Vasquez,≤100
111428049989,Cal Cunningham,CAL FOR NC,≤100
1636216106590985,Josh Hawley,JOSH HAWLEY FOR SENATE,≤100
203805062990264,Ben Shapiro,These ads ran without a disclaimer,≤100
107847454354960,Weekly American Lifestyle,Steve San,≤100
788394134539871,USPS Business,United States Postal Service,≤100
192015461630968,Supporting Our Brave Veterans,James Brian Plouf,≤100
530604487365010,Old Glory Flagpole Kits,Service First Flag Poles,≤100
24330467048,Americans for Prosperity,AMERICANS FOR PROSPERITY,≤100
934438026690635,YouGov,YOUGOV AMERICA INC.,≤100
257019421075897,Cory Gardner,Cory Gardner for Senate,≤100
356482637745012,Stansberry Research,Stansberry Research,≤100
8047221596,Save the Children US,"SAVE THE CHILDREN FEDERATION, INC.",≤100
108305427617357,Protect My Vote,"Protect My Vote, Inc.",≤100
675471506247724,Adair for Congress,ADAIR FOR CONGRESS,≤100
977704775606273,Balls Deep Tackle,Balls Deep Tackle,≤100
23641203189,Show-Me Institute,Show-Me Institute,≤100
7833534974,Florida Democratic Party,Florida Democratic Party,≤100
1336293769761923,Jon Ossoff,JON OSSOFF FOR SENATE,≤100
102841328052963,Cindy Berne for MO District 106,"Committee to Elect Cindy Berne 2020, Don Crozier, Treasurer",≤100
108503659576,National Coalition for Public School Options,National Coalition for Public School Options,≤100
264950563891314,Bob Burns,Bob Burns for Missouri,≤100
245284549333866,ASMDSS,ASMDSS,≤100
15687409793,World Wildlife Fund,World Wildlife Fund,≤100
596556607135301,The Earthling Co.,The Earthling Co.,≤100
106665770746177,Yinka Faleti For Missouri,Faleti for Missouri,≤100
236369846383459,Congressional Black Caucus PAC,Congressional Black Caucus PAC,≤100
2255846891314996,Corn Refiners Association,"corn refiners association, inc",≤100
6500552187,Hulu,"HULU, LLC",≤100
239149449446107,Americans For Prosperity - Missouri,AMERICANS FOR PROSPERITY,≤100
113266897143669,Stand To Defend,Korie Lynn Padgett,≤100
21472760578,C-SPAN,C-SPAN,≤100
7263476274,Mercy Corps,Mercy Corps,≤100
1456310534453054,Veteran Loans Online,"LMB OpCo, LLC",≤100
112420993589373,Young and Old for America,Andrew Joseph Young,≤100
1836138529938551,Greater Half,Greater Half,≤100
108901687567015,Patriots Sound Off,Richard Brochetti,≤100
2185993931653388,The Recount,"Recount Media, Inc",≤100
223008867858902,American Action News,American Action News,≤100
6820348410,Kirsten Gillibrand,Off the Sidelines,≤100
701098776699196,"Law Office of Jessica Piedra, LLC","Law Office of Jessica Piedra, LLC",≤100
104614641200137,MeidasTouch,MEIDASTOUCH,≤100
802271849850801,Freedom for All Americans,Freedom for All Americans,≤100
101278694809805,Meme2020,Meme2020,≤100
258470931719484,The Why Minutes,The Why Minutes,≤100
21375324480,The Heritage Foundation,HERITAGE FOUNDATION (THE),≤100
6041057841,The Humane Society of the United States,"HUMANE SOCIETY OF THE UNITED STATES, THE",≤100
195530355493,Chicks On The Right,Chicks on the Right,≤100
297254237585636,Sheriff Strafe,These ads ran without a disclaimer,≤100
108433090718220,Missouri Needs Moore,"Citizens for Bridget Walsh Moore; Treasurer, Gregory C. Moore",≤100
42002969352,Center on Budget and Policy Priorities,Center on Budget and Policy Priorities,≤100
24413227922,Kamala Harris,BIDEN VICTORY FUND,≤100
1600352356914768,PushBlack,PushBlack,≤100
560140464159364,Stand for the 2nd Amendment,SFT2 Tactical Supply,≤100
2078647579047586,Project Pulso,Project Pulso,≤100
749569748480446,Campaign Armor,Michael Stanley Goodart,≤100
108794587327155,Good Programs 2020,Trevor Dale Seaks,≤100
104684067632334,Unite the Country,UNITE THE COUNTRY,≤100
101459098271864,Vets United,Jae W Seo,≤100
629732217415068,Republican Party,Greater Half,≤100
1510490272520473,Keen Wealth Advisors,Keen Wealth Advisors,≤100
240937060405,Center for Science in the Public Interest (CSPI),CENTER FOR SCIENCE IN THE PUBLIC INTEREST,≤100
1439829396312534,The Movement for Black Lives,Movement for Black Lives,≤100
420785874975425,Conservative Institute,The Conservative Institute,≤100
417522508294454,Job Creators Network,Job Creators Network,≤100
100415021774551,Patriotic Stances,Korie Lynn Padgett,≤100
21559454473,FAIR,FEDERATION FOR AMERICAN IMMIGRATION REFORM,≤100
1809078699219595,Fat Tire,"NEW BELGIUM BREWING COMPANY, INC.",≤100
134388193343920,Elijah Haahr,"Friends Of Elijah Haahr, Trevor Crist Treasurer",≤100
118502801658228,Young Kim,Young Kim for Congress,≤100
1447994318779650,AirMedCare Network,AIrMedCare Network,≤100
114625730266879,Republican Voters Against Trump,Defending Democracy Together,≤100
10423517786,Harvard Business Review,HARVARD BUSINESS SCHOOL PUBLISHING CORPORATION,≤100
605168822998856,314 Action,314 ACTION FUND,≤100
109870560801998,Elect John S. Waters for White River Valley Electric Board of Directors,Casandra Paige Williams,≤100
1204754733024419,People's Power Grab,ACRONYM,≤100
108029674299216,We The People,We The People,≤100
1393911800825140,OZY,OZY Media Inc,≤100
209516845093,NRDC Action Fund,NRDC Action Fund,≤100
277414242013,Joyce Elliott for Congress,JOYCE ELLIOTT FOR CONGRESS,≤100
1799282383731277,TwoSeventy,Alexander Jared Deutsch,≤100
100233228182981,Madison Cawthorn for Congress,CAWTHORN FOR NC,≤100
376776419037747,Turning Point USA,Turning Point USA,≤100
618480098621142,Social Security Event,Robert Jared Wilkins,≤100
101135494890027,Citizens to elect Charles Blair for Sheriff,Ryan Mathew Benedict,≤100
46093654473,National Republican Congressional Committee,NRCC,≤100
892673067526965,Project War Path,Project War Path,≤100
1377749459221033,MO Electric Co-ops,MO Electric Co-ops,≤100
166618413413767,Jay Sekulow,American Center for Law and Justice,≤100
130467958471,Jason Lewis,Jason Lewis for Senate,≤100
102315041409283,Horses in our Hands,In our Hands Action Fund,≤100
100575810307679,VICE TV,VICE Media,≤100
107654924064350,Pat Timmons-Goodson,PATRICIA TIMMONS-GOODSON FOR CONGRESS,≤100
129255907131113,NumbersUSA,NUMBERSUSA EDUCATION AND RESEARCH FOUNDATION,≤100
110987110398146,Make Liberty Win PAC,MAKE LIBERTY WIN,≤100
342887442508723,Convention of States,Convention of States Action,≤100
325578590837480,Protect Our Care,Sixteen Thirty Fund,≤100
36474716066,Color Of Change,ColorofChange.org,≤100
1443127535947107,Save the Children Action Network,Save the Children Action Network,≤100
106744830786874,Boone County Counts,City of Columbia,≤100
336167245084,Osage Valley Electric Cooperative,Osage Valley Electric Cooperative,≤100
16477459734,League of Conservation Voters,"LEAGUE OF CONSERVATION VOTERS, INC",≤100
438719273175922,Missouri House Democrats,House Democratic Campaign Committee,≤100
104934207736995,Paycheck to Paycheck,Center for American Progress Action Fund,≤100
345378512258813,Elise Stefanik,ELISE FOR CONGRESS,≤100
592707041080920,Stand Together,Stand Together Chamber of Commerce Inc.,≤100
47710973068,Cooperative Action Network,National Rural Electric Cooperatives Association,≤100
72186095846,Center For American Progress Action Fund,Center for American Progress Action Fund,≤100
245741028804051,Barbara Sinatra Center,Barbara Sinatra Children's Center,≤100
1014486318584089,Armed American Supply,Armed American Supply,≤100
202600839762879,I Am Pro-Life,Focus on the Family,≤100
163302087408673,Stop The Donald,Stop the Donald,≤100
103644036958,United Association,United Association Political Education Committee,≤100
169597416843751,Stand Up America,Stand Up America,≤100
655065784538368,PredictIt,"PredictIt - Prediction Markets. A project of Victoria University of Wellington, PredictIt has been established to facilitate research into the way markets forecast events.",≤100
107129417712939,Don't Tread On MO PAC,Dont Tread On MO PAC,≤100
1316372698453411,Alexandria Ocasio-Cortez,THE SQUAD VICTORY FUND,≤100
107589664099282,Stand Up To China,"Stand Up To China, Inc.",≤100
18813753280,Human Rights Campaign,"HUMAN RIGHTS CAMPAIGN, INC.",≤100
106949844346620,Trumpian Republicans,Gregory Lawrence Burright,≤100
2068988876444634,Stand Up for Accurate Prenatal Answers,STAND UP FOR ACCURATE PRENATAL ANSWERS INC,≤100
206677396413254,Abortion On Our Own Terms,Abortion On Our Own Terms,≤100
894096170667732,Ashley Hinson,Ashley Hinson For Congress,≤100
555787351119974,Coalition to Protect America's Health Care,Coalition to Protect America's Health Care,≤100
111324359048459,Dr. Roger Marshall,KANSANS FOR MARSHALL,≤100
27544763621,Prison Fellowship,Prison Fellowship,≤100
215968684159,AFT - American Federation of Teachers,American Federation of Teachers,≤100
593289284500311,Trump Rack,BOXD Marketing,≤100
116534199732974,USA Carry Online,USA Carry Online,≤100
108273884315449,Real American Patriot,Gold Sky Ventures LLC,≤100
426611004039451,Deb Lavender For State Senate,Lavender for State Senate,≤100
482899722113894,Peymynt Financial,Peymynt Financial,≤100
261663760956534,America First Policies,America First Policies Inc,≤100
6236054211,Brady,Brady Campaign to Prevent Gun Violence,≤100
2309566456030859,Human Coalition Action,Human Coalition Action,≤100
15188122178,The Hamilton Collection,The Hamilton Collection,≤100
1551109418518461,The Honest Patriot,Amundson Media LLC,≤100
683872625157265,Theresa Greenfield,THERESA GREENFIELD FOR IOWA,≤100
303680192977564,Andrew Koenig,"Friends of Andrew Koenig, Brooke Koenig, Treasurer",≤100
1010143499143169,Medicare Savings,"Mayo Labs, LLC",≤100
110393153948638,Financial Help,Common Acquire,≤100
109459597525704,Living in Liberty,Jae W Seo,≤100
118269091671380,The Home T,The Home T,≤100
8501031021,VoteVets.org,VOTEVETS,≤100
108118933908193,Next Level Goods,Next Level Goods LLC,≤100
586751814690068,Joni Ernst,Joni for Iowa,≤100
169130743498585,Tactical Pro Supply,Chad Keller,≤100
329769232383,Alliance Credit Union,Alliance Credit Union,≤100
746938465317981,Nuclear Matters,Nuclear Matters,≤100
296708523873754,Karla Dennis and Associates Inc.,"Karla Dennis & Associates, Inc",≤100
11791104453,NRDC,Natural Resources Defense Council,≤100
281844617168,Jewish Voice Ministries International,JEWISH VOICE MINISTRIES INTERNATIONAL,≤100
53541257714,The Arc of the United States,The Arc with Facebook Ad Credits,≤100
258648987534331,Sam Graves for Congress,GRAVES FOR CONGRESS,≤100
113266897143669,Stand To Defend,Jae W Seo,≤100
178024352559210,Great America PAC,GREAT AMERICA PAC,≤100
97493741436,John W. Hickenlooper,HICKENLOOPER FOR COLORADO,≤100
107398241021186,The John Lewis Bridge Project,John Lewis Bridge Project,≤100
405469100189512,Still My President - Donald Trump,Red State Politics LLC,≤100
1977738355807406,Sharice For Congress,SHARICE FOR CONGRESS,≤100
19192438096,AAAS - The American Association for the Advancement of Science,American Association for the Advancement of Science,≤100
101210588150219,Boy Scouts Abuse Claims,These ads ran without a disclaimer,≤100
114623860329716,Daily Positivity Newsletter,John Phillip Angelo Vergara,≤100
107197277617093,VoteSafe,National Vote At Home Institute,≤100
17203056985,Partners In Health,Partners In Health,≤100
425639080930367,Missouri Firearms Coalition,Missouri Firearms Coalition,≤100
213792049451918,Stand For America,Stand For America Inc,≤100
149081336362,AmeriCorps VISTA,Corporation for National and Community Service,≤100
1438808983108348,BOLD PAC,CHC BOLD PAC,≤100
293225127381200,Patriot Depot,The Patriot Depot,≤100
109092142462587,Adam Schiff,SCHIFF FOR CONGRESS,≤100
109360297266116,Fearless Patriot,TERESA NONE OHARA-MARSH,≤100
38235851310,USA for UNHCR,UNITED STATES ASSOCIATION FOR UNHCR,≤100
6787988478,Physicians for Human Rights,"PHYSICIANS FOR HUMAN RIGHTS, INC.",≤100
628891490457484,Nancy Mace,Nancy Mace for Congress,≤100
42872222699,Dana Loesch,Dana Loesch Radio,≤100
322551718276442,Lemons Are Blue,Lockwell LLC,≤100
46347342434,EMILY's List,EMILY'S LIST,≤100
143089732792,Marsha Blackburn,Blackburn Tennessee Victory Fund,≤100
278487153675,Redneck Nation Clothing,Tracie Milliron Gold,≤100
101136147910784,Represent Justice,Represent Justice,≤100
1530883997194411,United States Constitution,Flag and Cross,≤100
10498053716,Media Research Center,MEDIA RESEARCH CENTER,≤100
30708742052,FCTRY,FCTRY,≤100
114893233534632,Taking Back America,Apse Media LLC,≤100
110177057396242,"Ramiz Hakim -  Wright City, MO Alderman",Ramiz Hakim,≤100
143422575684457,Planned Parenthood Advocates in Missouri,Planned Parenthood Advocates in Missouri,≤100
83290028957,Care Net,CARE NET,≤100
100119981671668,Blue Senate,BLUE SENATE PAC,≤100
335191034092526,Yvonne Reeves-Chong for HD122,"Yvonne Reeves Chong for Us Committee, Stacy Amick Kramer Treasurer",≤100
50982313030,Food & Water Watch,Food & Water Watch,≤100
1576236875930301,Global Cyber Alliance,Global Cyber Alliance with ad credits,≤100
145407846228971,Adrian Plank for the 47th,Friends of Adrian Plank,≤100
102592959026,Ocean Conservancy,"OCEAN CONSERVANCY, INC.",≤100
51379424899,Mercy Ships,MERCY SHIPS INTERNATIONAL,≤100
780941275347834,Ilhan Omar,ILHAN FOR CONGRESS,≤100
331037760381749,Sierra Magazine,SIERRA CLUB,≤100
305643856459460,Burgess Owens,Burgess 4 Utah,≤100
493811210669780,Creative Action Network,Creative Action Network,≤100
243875378989899,John Brunner,Stand With Liberty ™,≤100
6231686654,Compassion International,"COMPASSION INTERNATIONAL, INCORPORATED",≤100
35169196082,Project HOPE,"PROJECT HOPE-THE PEOPLE-TO-PEOPLE HEALTH FOUNDATION, INC.",≤100
224684514243482,Tom Cotton,"COTTON FOR SENATE, INC.",≤100
272310719507929,Citizens for Good - Derrick R Good,Derrick R Good,≤100
288110884600563,Lean In,"Sheryl Sandberg & Dave Goldberg Family Foundation d/b/a LeanIn.Org, LLC",≤100
1338822066131069,Women's March,Women's March,≤100
341513602902369,CALL TO ACTIVISM,CALL TO ACTIVISM,≤100
110010433804232,Falkirk Center,Falkirk Center,≤100
100391581727524,Defeat By Tweet,DEFEAT BY TWEET,≤100
360424321432255,Doha Debates,Doha Debates,≤100
153678684700451,American Investment Council,AMERICAN INVESTMENT COUNCIL,≤100
102781694834193,American Herald,America First Action,≤100
103654464668995,Home With Our Family,Alexander Chung,≤100
101127364972509,Dems For USA,Dems For USA,≤100
103185334702225,Stop Trump PAC,STOP 45 PAC,≤100
219247332354785,Phil Arballo for Congress,ARBALLO FOR CONGRESS,≤100
202067433160375,Level Press,Braddock USA,≤100
6333396177,NewsBusters.org,MEDIA RESEARCH CENTER,≤100
7292655492,MoveOn,MOVEON.ORG CIVIC ACTION,≤100
1859113087545137,Learn Everywhere,"yes. every kid, Inc.",≤100
103315378108004,True Patriot Strength,LE-HUU DONG HUYNH,≤100
217976018236954,OutKick,Outkick Media LLC,≤100
114501575391943,Compare Medicare Quotes,Benepath,≤100
101525774999212,BLM,Bryan Daley,≤100
105084617912738,PatriotQuizzes,patriotquizzes.com,≤100
108790380851067,Neal Barnes for MO State Rep Dist. 56,Committee to Elect Neal Barnes,≤100
17911165812,Covenant House International,Covenant House,≤100
122894447754361,Institute for New Economic Thinking,"INSTITUTE FOR NEW ECONOMIC THINKING, THE",≤100
102916288137405,The Daily Republican,USA Movements LLC,≤100
23790541544,Democrats,DCCC,≤100
700806360047982,CFG Action,Club for Growth Action,≤100
107780284159237,Daniel Zdrodowski,Daniel Zdrodowski for Circuit Attorney,≤100
134452023239984,Human Coalition,Human Coalition,≤100
145687912131213,"City of Olathe, KS Government",City of Olathe,≤100
96171427550,Raja for Congress,FRIENDS OF RAJA FOR CONGRESS,≤100
67626834312,National Women's Law Center,National Women's Law Center,≤100
25852730092,Care2,Care2 Inc,≤100
1841824626073676,Candace Valenzuela for Congress,CANDACE FOR 24,≤100
911828698840246,ReLEntless Defender Apparel,ReLEntless Defender Apparel,≤100
8550121410,Free Speech America Project,MEDIA RESEARCH CENTER,≤100
1055873511190792,Hello Resistance,Hello Resistance Apparel,≤100
117144508670456,GUNVOTE,National Shooting Sports Foundation,≤100
284946111858895,Debbie Mucarsel-Powell,DEBBIE FOR CONGRESS,≤100
20876805343,March of Dimes,MARCH OF DIMES INC.,≤100
1917715138510680,Follow Your Legend,Legend Bracelet,≤100
5720973755,Defenders of Wildlife,DEFENDERS OF WILDLIFE,≤100
100798594958887,inseparable,Inseparable Action Inc,≤100
114510643684687,Woman Sisterhood,These ads ran without a disclaimer,≤100
112735922758892,Charlie Kirk,Charlie Kirk,≤100
101329438317952,Story Network Action,Story Network Foundation,≤100
243510442756370,Justice Democrats,JUSTICE DEMOCRATS PAC,≤100
6713653788,Gary Peters,PETERS FOR MICHIGAN,≤100
298271003840760,Bluestem Kansas,Bluestem Foundation,≤100
101690998009007,Improving Life Through Health,Nicolette Dalan,≤100
267180743723148,National Geographic Society,National Geographic Society,≤100
111023584012681,Open Road Homeward,Samantha Lyn Weldon,≤100
101591551371555,Fire Mitch. Save America.,SAVE AMERICA FUND,≤100
78771300387,White River Valley Electric Cooperative,White River Valley Electric Cooperative,≤100
7341997111,Conservation International,Conservation International,≤100
18709174006,National Audubon Society,"NATIONAL AUDUBON SOCIETY, INC.",≤100
6820348410,Kirsten Gillibrand,Gillibrand for Senate,≤100
87977452433,Zumiez,Zumiez,≤100
61265398450,AmeriCorps NCCC,Corporation for National and Community Service,≤100
7962229886,Environmental Working Group,ENVIRONMENTAL WORKING GROUP,≤100
711478725532801,Civiqs,Civiqs,≤100
140357056032320,NEA Today,National Education Association,≤100
8446177150,Chosen People Ministries,CHOSEN PEOPLE MINISTRIES INC,≤100
408250066356,Bill O'Reilly,"Bill Me, Inc.",≤100
303167829786891,Ed Markey,THE MARKEY COMMITTEE,≤100
197760674021143,Indivisible Guide,INDIVISIBLE ACTION,≤100
255208337943901,Jobs Growth,"JOBS FREEDOM AND SECURITY PAC, Not authorized by any candidate or candidate’s committee.",≤100
10150100007820094,Wendy Davis,WENDY DAVIS FOR CONGRESS,≤100
109825017427880,Bruce Sassmann for Rep,Bruce Sassmann Election Committee,≤100
348839551906904,Democracy in Color,POWERPAC DOT ORG,≤100
259212814698356,Democratic Majority for Israel,DMFI PAC,≤100
169003113120574,SS&B Heating & Cooling,"SS & B HEATING & COOLING, INC",≤100
105433064492153,The Return 2020,The Return International,≤100
455147011996099,The Ann and Phelim Scoop,The Unreported Story Society,≤100
105157841248307,No Filter Politics,No Filter Politics,≤100
319982881752525,Kara Eastman,EASTMAN FOR CONGRESS,≤100
106691907452893,Judge Judy Cates for Illinois Supreme Court,Judge Judy Cates for Supreme Court,≤100
85273022315,NAMI,NAMI,≤100
896759427103774,Modern Medicaid Alliance,Modern Medicaid Alliance,≤100
100699775058659,Education Now NC,Education Now,≤100
407664862957433,Ammar Campa-Najjar for Congress,AMMAR CAMPA-NAJJAR FOR CONGRESS,≤100
111892670610842,Political AF,Quyen Sanh Gip,≤100
609088272858551,Big Rob Savage,FaithWorks Productions,≤100
112488757165613,Blue Line Stockpile,Blueline Stockpile,≤100
105010030848236,Bryant Cameron Webb,DR. CAMERON WEBB FOR CONGRESS,≤100
1526736227567131,TrueCoverage,True Coverage,≤100
18079407397,CPAC 2020,Conservative Political Action Conference,≤100
104170004713256,Elect Black Democrats,THE COLLECTIVE PAC,≤100
720943967965149,AFSCME Retirees,AMERICAN FEDERATION OF STATE COUNTY & MUNICIPAL EMPLOYEES,≤100
252134274009,Platte-Clay Electric Cooperative,Platte-Clay Electric Cooperative,≤100
1614690395258056,Into Action,Into Action,≤100
1611693192203335,Derrick Nowlin for the 134th,Nowlin for the 134th,≤100
213687698658,Americans for Prosperity Foundation,Americans for Prosperity Foundation,≤100
429812024048177,Doug Jones for Senate,DOUG JONES FOR SENATE COMMITTEE,≤100
1268410219898273,Tango Tango,Tango Tango Inc,≤100
1691667177798461,Brut,Brut,≤100
30914589895,The International Fellowship of Christians and Jews,"INTERNATIONAL FELLOWSHIP OF CHRISTIANS & JEWS, INC.",≤100
139599847972,National Nurses United,National Nurses United,≤100
197463843555,Dave Schatz,"Citizens for Schatz, Don Kappelmann, Treasurer",≤100
1809715209318581,Marjorie Taylor Greene for Congress,GREENE FOR CONGRESS,≤100
384557995468219,Viral Casez,Viral Casez,≤100
706716899745696,Women for Trump,TRUMP MAKE AMERICA GREAT AGAIN COMMITTEE,≤100
32975139631,If Americans Knew,If Americans Knew,≤100
102527004893192,The National Standard,Howard Stephan Barbanel,≤100
551158678560402,Epimonia,Epimonia LLC,≤100
2012750189007245,Liquid Death Mountain Water,Liquid Death,≤100
110439270638992,NE1else,Time Management LLc,≤100
105536127617594,The American Digest,The American Digest,≤100
2309566456030859,Human Coalition Action,PRO-LIFE TEXANS A HUMAN COALITION ACTION PAC,≤100
537534316395916,Students for Trump,Turning Point Action,≤100
38471053686,Elizabeth Warren,"WARREN DEMOCRATS, INC.",≤100
357554791340788,Liker,Omar Rivero,≤100
210277954204,The Young Turks,"The Young Turks, Inc.",≤100
2256321067930356,Liberteeclub,libertyteeshop,≤100
181924628560212,SumOfUs,SumOfUs,≤100
44255328352,Farm Forward,Farm Forward,≤100
179513292162226,American History TV,C-SPAN,≤100
719913581472398,Napoli Shkolnik PLLC,Napoli Law,≤100
2359674457587796,Trish Gunby,Friends Of Trish Gunby,≤100
34362997676,United States Holocaust Memorial Museum,UNITED STATES HOLOCAUST MEMORIAL MUSEUM,≤100
402969533432277,Cisneros for Congress,CISNEROS FOR CONGRESS,≤100
248181906078243,National Institute for Civil Discourse,CommonSense American,≤100
181183059253295,Dorsal Bracelets,Dorsal Bracelets,≤100
6428288402,Kiva,KIVA MICROFUNDS,≤100
69983322463,Ted Cruz,TED CRUZ FOR SENATE,≤100
102877571215418,Tracy Grundy for Missouri,TracyGrundy4Missouri,≤100
184731548554164,PL+US,Plus Fund: Paid Leave for the United States,≤100
28510612138,Uncommon Knowledge,Hoover Institution,≤100
106296706070279,AGC of Missouri,AGC of Missouri,≤100
102636677971854,Trump Is The Storm,Legendary Trump Coins,≤100
115364585711,Lawyers' Committee for Civil Rights Under Law,Lawyers' Committee for Civil Rights Under the Law with Facebook Ad Credits,≤100
111168783611294,Jesse Mermell for Congress,THE COMMITTEE TO ELECT JESSE MERMELL,≤100
110781120452742,David Lenihan for Senate,David Lenihan for Senate Com,≤100
1224429014390746,Catalysts,Freethink,≤100
531623043662146,Flags of Valor,Flags of Valor,≤100
740266592735787,Free to Be Kids,Free To Be Kids,≤100
19342050934,Leadership Institute,LEADERSHIP INSTITUTE INC,≤100
79125112926,Students for Life of America,"STUDENTS FOR LIFE OF AMERICA, INC.",≤100
55549065733,Voto Latino,Voto Latino with Facebook Ad Credits,≤100
979720542211350,Humanize Being Black,Keyshun Quantarious Holmes,≤100
999775873528189,Stopping Socialism,The Heartland Institute,≤100
55549065733,Voto Latino,VOTO LATINO INC.,≤100
29770886815,Marijuana Policy Project,Marijuana Policy Project,≤100
2225580284361712,Tommy Tuberville,"TUBERVILLE FOR SENATE, INC.",≤100
433919203362871,Bird + Stone,BIRD & STONE INC,≤100
565614740200355,Mike Cierpiot,Missourians For Mike Cierpiot,≤100
419992651425033,Guardianes del Pueblo-Consumer Law Group,Consumer Law Group,≤100
50576707351,Republican State Leadership Committee,Republican State Leadership Committee,≤100
176099072429809,Oceana in Florida,OCEANA,≤100
830890360316751,Nick Hanauer,Civic Action,≤100
114822686979118,Daily Saver,Smart Market Tips,≤100
97913698213,PROMO,PROMO FUND INC,≤100
24481937944,Theodore Roosevelt Conservation Partnership,"THEODORE ROOSEVELT CONSERVATION PARTNERSHIP, INC",≤100
112164673854264,Living Patriotically,Living Patriotically,≤100
215199482635728,Alek Skarlatos,ALEK FOR OREGON,≤100
443329669123990,USAFacts,USAFacts Institute,≤100
107439427661844,Accountable Tech,Accountable Tech,≤100
201956993160690,MRCTV,MEDIA RESEARCH CENTER,≤100
875826982592504,Bill Heisse,Citizens to Elect Bill Heisse,≤100
101107218266091,J. Scott Lindley,Lindley for Coroner,≤100
782093245218764,Qasim Rashid,RASHID FOR VA,≤100
102756811269921,Fellow Americans,Fellow Americans,≤100
166738743732702,All Above All Action,All Above All Action Fund,≤100
253791814655400,Doug Collins,"COLLINS FOR SENATE, INC.",≤100
173837496125511,Conscious Step,Conscious Step,≤100
336470580233523,Pins and Aces Golf Co.,US Craft Brands LLC,≤100
333710103706307,Giffords,GIFFORDS PAC,≤100
21834534343,Volunteers of America,"VOLUNTEERS OF AMERICA, INC.",≤100
361960287311696,Better Medicare Alliance,"Better Medicare Alliance, Inc",≤100
344140582276295,Scott Fitzpatrick,"FITZPATRICK FOR MISSOURI - DANNY BUCHANAN, TREASURER",≤100
109947294143213,Republicanstorefront,Republicanstorefront.com,≤100
502320477205654,I’m Bout Making My Ancestors Proud,Heritage Hill LLC,≤100
105943157686335,Trust Michigan Families,TRUST MICHIGAN FAMILIES,≤100
100401327980848,National Parents Union,National Parents Union,≤100
192771954102960,Jordan Sekulow,American Center for Law and Justice,≤100
327202261326682,Stephanie Bice,Bice for Congress,≤100
34701792581,EWTN,Eternal Word Television Network,≤100
114386721939978,The Made in America Store,Made In America Store,≤100
101164484986617,To Be Frank Show,Real News PR,≤100
103653994359958,Harvard Forward,The Boarding School,≤100
242679302418244,Denison Forum,Denison Ministries,≤100
83865976093,Truthout,TRUTHOUT,≤100
103046977892124,Adam Christensen For Congress,ADAM J CHRISTENSEN FOR CONGRESS,≤100
80987211775,Bill Cassidy,Bill Cassidy for US Senate,≤100
85620546149,Paul Simon Public Policy Institute,Paul Simon Public Policy Institute,≤100
216311481960,Bill Gates,Bill Gates,≤100
101485931485408,UNITEDemocrats,UNITEDEMOCRATS PAC,≤100
785936231584382,Paula Jean Swearengin,Paula Jean for West Virginia,≤100
104919414599745,People Over Profits,"The People Over Profits Florida, Inc.",≤100
111277640428691,President Donald J. Trump 2020,Trump Collections,≤100
1099478666810053,Meals For Pets,Meals for Pets,≤100
2217730994909136,24:1,"Beyond Housing, Inc.",≤100
780606555331010,American Student Loan Advocate,ASLR Marketing,≤100
601472019907779,Latino Victory,Latino Victory,≤100
1690071827911682,Cleancult,cleancult,≤100
1480205205561898,EnlightnU Medicare School,These ads ran without a disclaimer,≤100
15239367801,The Wilderness Society,"WILDERNESS SOCIETY, THE",≤100
1667863356625155,The Collective Super PAC,Collective Super PAC,≤100
36872302227,Cory Booker,Cory Booker for Senate,≤100
103026384819654,How to Vote,ACRONYM,≤100
90498769709,Edenpure,EdenPURE®,≤100
100719625004234,Home and Community,Cynthia Nguyen,≤100
111702860231554,Matt Lieberman,Matt Lieberman for Senate,≤100
339432396135584,The Exodus Road,EXODUS ROAD INC,≤100
112600915451330,No Labels,No Labels,≤100
1084856268238034,Trump Talking,Roberto None Lugo,≤100
839073729808623,Hillary Scholten,SCHOLTEN FOR CONGRESS,≤100
313097997669,StreetLightUSA,StreetLightUSA,≤100
101481584557260,Help Asheville Bears-HAB,Heather Christina Williams,≤100
128167457221813,Public Transportation,Voices for Public Transit,≤100
1658135304460341,MANG,MANG,≤100
953113491536337,Black to the Future Action Fund,Black to the Future Action Fund,≤100
260933440643373,UltraViolet,UltraViolet Action,≤100
108506830560787,Jessica Scarane,JESS SCARANE FOR DELAWARE,≤100
186932688457686,CHNGE,CHNGE,≤100
237477017606,Club for Growth,Club for Growth,≤100
263891677826490,Earthsider,Ryan James Martin,≤100
130848666099,Business Forward,Business Forward Inc.,≤100
100101018155207,Paid Leave for All,Paid Leave for All a project of Hopewell Fund,≤100
110849485902,United Way,United Way Worldwide with Facebook Ad Credits,≤100
643463669628493,Public Opinion Research Group,"Public Opinion Research Group, Inc",≤100
173470656019870,The Daily Yonder,Great Stories LLC,≤100
29775770058,PATH,PATH,≤100
1632568446971453,Boredwalk,Boredwalk,≤100
215154208654953,Oregon Gun Owners,Oregon Gun Owners,≤100
72931140459,Center for Biological Diversity,"CENTER FOR BIOLOGICAL DIVERSITY, INC.",≤100
9394693002,Bloomberg LP,Bloomberg LP,≤100
15771560300,Earthjustice,EARTHJUSTICE,≤100
19474609238,Mercatus Center at George Mason University,Mercatus Center at George Mason University,≤100
105370081104608,Veterans for Trump,TRUMP MAKE AMERICA GREAT AGAIN COMMITTEE,≤100
179909895355213,AIDS United,AIDS UNITED,≤100
1612726335627171,We the Internet TV,We the Internet TV,≤100
420424547981908,In Search of Liberty,Scott Dennis Welch,≤100
132732160104163,Ford Foundation,"FORD FOUNDATION, THE",≤100
15041226930,Oxfam,"OXFAM AMERICA, INC.",≤100
282728185140429,Rep For Vets,The Rep For Vets,≤100
21395843375,Dialysis Patient Citizens,DIALYSIS PATIENT CITIZENS INC,≤100
103934071014071,Fire Drill Fridays,"GREENPEACE, INC.",≤100
291102898490822,Giant Maga Hat,Inventors club LLC,≤100
135298176481584,Marine Corps Scholarship Foundation,Marine Corps Scholarship Foundation,≤100
107665644228467,Conservative Journal Review,Conservative Journal Review LLC,≤100
8532248414,Wounded Warrior Project,"WOUNDED WARRIOR PROJECT, INC.",≤100
219224241438635,Compassion & Choices,COMPASSION & CHOICES,≤100
129523843754764,Vote Smart,PROJECT VOTE SMART,≤100
143986912311328,University of Vermont Continuing and Distance Education,University of Vermont,≤100
100669191309756,Audrey Richards for Congress,Audrey Elizabeth Richards,≤100
114111550299859,Fogle for Missouri,Fogle for Missouri,≤100
103036584847574,The Good Neighbor,Brandon Vu,≤100
607626319739286,Black Voices for Trump,TRUMP MAKE AMERICA GREAT AGAIN COMMITTEE,≤100
711909245654048,National Police Support Fund,National Police Support Fund,≤100
2339203789732156,Kim Mangone for Congress,COMMITTEE TO ELECT KIM MANGONE FOR CONGRESS,≤100
354851377936744,BookTV,C-SPAN,≤100
987698164585861,Citizen Ed,Citizen Education,≤100
142992759853421,Be A Hero,BE A HERO PAC,≤100
41309865723,Democrats.com,DEMOCRATS.COM,≤100
5633824547,FreedomWorks,"FREEDOMWORKS, INC.",≤100
931907200310657,Patients Rising Now,Patients Rising Now Inc,≤100
260366367717440,Committee to Protect Medicare,Committee to Protect Medicare PAC,≤100
100906591716189,Beyond Patriots,Priscilla Bethany Kennedy,≤100
1194865807192273,Conservative Gear,Outergoods LLC,≤100
272618896537776,America First Agenda,America First Agenda PAC,≤100
118303441570966,Home Ownership Matters,NATIONAL ASSOCIATION OF REALTORS,≤100
465483726908192,iVote,IVote Civic Education Fund,≤100
357750373755,National Domestic Workers Alliance,National Domestic Workers Alliance,≤100
1192579580831773,Supermajority News,Supermajority,≤100
1612585298811274,Pettis County Clerk Nick La Strada,Nicholas Jonathan La Strada,≤100
13365227077,Planned Parenthood Advocates of Wisconsin,Planned Parenthood Advocates of Wisconsin,≤100
2165983337048601,LeverforChange,Lever for Change,≤100
9423488774,American Wind Energy Association (AWEA),AMERICAN WIND ENERGY ASSOCIATION,≤100
203330919857759,All On The Line,National Redistricting Action Fund,≤100
128716440866482,Adam Milstein,Adam Milstein,≤100
102499901286348,Bold Vision P.C.,Bold Vision PC,≤100
280704452367167,Jason Crow,JASON CROW FOR CONGRESS,≤100
566008736785269,Be Heard Project,Be Heard Project,≤100
141692255929599,Democratic Socialists of America,DEMOCRATIC SOCIALISTS OF AMERICA INC,≤100
11006419356,The Voice of the Martyrs - USA,"VOICE OF THE MARTYRS, INC., THE",≤100
35715544220,Stand.earth,STAND,≤100
351010522286316,Dakota Access Pipeline,Energy Transfer,≤100
1765073800454902,Reform Austin,Reform Austin Inc.,≤100
1852520761657982,4ocean,4ocean,≤100
162493793737,Rick Green,Richard Arlin Green,≤100
294508332028,Lakota People's Law Project,ROMERO INSTITUTE,≤100
1099779163410386,John Barrasso,Friends of John Barrasso,≤100
107226350977260,Rookie,Mark Anthony Russell,≤100
58158120046,ACLJ,American Center for Law and Justice,≤100
814260155318929,The Fairness Project,The Fairness Project,≤100
500206816797653,Nurture KC,NURTURE KC,≤100
2061852400602914,Vicke Kepling for MO135,Vicke Kepling for MO135,≤100
142432192446984,David Horowitz Freedom Center,David Horowitz Freedom Center,≤100
717417908274761,Lady Freethinker,Lady Freethinker,≤100
106756327769815,Stand For The Promise,Stand For The Promise,≤100
394817334402124,2020 Trump Bill,Innovative Ecomm LLC,≤100
101295517956158,Tricia Zunker,Tricia Zunker for Wisconsin,≤100
119006106155684,PI Energy,Andrew P Chung,≤100
728080537326482,The United State of Women,CIVIC NATION,≤100
7219151423,The Fund for American Studies (TFAS),The Fund for American Studies,≤100
108296990863730,Hero Action Fund,Hero Action Fund,≤100
21090771700,Gun Owners of America,Gun Owners of America,≤100
9739634228,The Political Machine,"Hitcents.com, Inc",≤100
169440273093442,The Center for Election Science,The Center for Election Science,≤100
194115677277113,A21,A21 with Facebook Ad Credits,≤100
34521916336,Brent Bozell,MEDIA RESEARCH CENTER,≤100
19420215926,CNSNews.com,MEDIA RESEARCH CENTER,≤100
476127029450706,Jim Murphy State Representative 94th House District,Citizens for Murphy,≤100
217569858071,Areva Martin,Areva Denise Martin,≤100
1488803804538481,Mike Siegel,MIKE SIEGEL FOR CONGRESS,≤100
317284821682168,Messianic Jewish Alliance of America (MJAA),Messianic Jewish Alliance of America,≤100
374848446414965,Pollking,Benjamin Aaron Perlman,≤100
1819658374974706,Arena,Arena PAC,≤100
115950979462,Speak Now for Kids,"NATIONAL ASSOCIATION OF CHILDREN'S HOSPITALS, INC.",≤100
7209432197,Chris Coons,CHRIS COONS FOR DELAWARE,≤100
79820371749,Ayanna Pressley,THE SQUAD VICTORY FUND,≤100
8057376739,The Nature Conservancy,Nature Conservancy,≤100
102027764795677,American Wire,The USA Wire,≤100
107428150756519,US Money Daily,USMoneyDaily,≤100
111884680427086,Ashley Aune for Missouri,Ashley Aune for Missouri,≤100
94047978366,PCCC - BoldProgressives.org,PROGRESSIVE CHANGE CAMPAIGN COMMITTEE,≤100
91346559231,Democratic Legislative Campaign Committee - DLCC,Democratic Legislative Campaign Committee,≤100
101724361319410,Ronny Jackson for U.S. Congress TX-13,Texans for Ronny Jackson,≤100
80060992758,Center for Food Safety,"CENTER FOR FOOD SAFETY, THE",≤100
102875587947942,Keep Trump In Office,Keep Trump In Office,≤100
114959470308415,Americans Uniting,Grant Alan Johnston,≤100
1439364926329185,Animal Matters,Animal Matters,≤100
747436915270894,Congressional Leadership Fund,CONGRESSIONAL LEADERSHIP FUND,≤100
105702217760897,Pathogen Pro,Pathogen Pro,≤100
1667892193505378,Hold the House,HOLD THE HOUSE PAC,≤100
369214063089791,Lummis for Wyoming,LUMMIS FOR WYOMING INC.,≤100
156994304362574,American Bridge 21st Century,AB PAC,≤100
105698674239617,Embed News,Embed News,≤100
263210730984251,We Are Great Again Pac,WE ARE GREAT AGAIN PAC,≤100
186538388091065,Operation Sacred Trust,Purpose Built Families Foundation,≤100
1452551204988299,GoReact,Speakworks Inc,≤100
434224137354568,Dr. Rich McCormick for Congress,Friends of McCormick,≤100
361708091016484,WEPOWER,WEPOWER,≤100
60261764250,Childhelp,"CHILDHELP, INC.",≤100
101788168307680,Pause Politics,FreedomWorks Foundation,≤100
102769134675149,Evergreen Action,Evergreen Action,≤100
142370046577999,Shahid Buttar for Congress,Shahid Buttar for Congress Committee,≤100
106445167434779,Duty and Honor,Duty and Honor,≤100
300992409852,Hoover Institution,Hoover Institution,≤100
1605624399676319,AFSCME-Florida,"Pd. pol. adv., AFSCME Florida, 1625 L Street, NW, Washington, DC 20036, independently of any candidate or committee. No candidate has approved this.",≤100
438677089976938,Trump Army Supply,Trump Army Suppy,≤100
102389457864860,Treehuggers Bracelets,ECOMX LLC,≤100
107225484068529,Donna Deegan for Congress,Donna Deegan For Congress,≤100
114230073701403,Jetbound Dogs,Miguel Agustin Turk,≤100
160513344045084,John Neely Kennedy,"John Kennedy for Us, Inc",≤100
210820618956311,Community Change Action,Community Change Action,≤100
422202764649078,Rhode Island Department of Education - RIDE,Rhode Island Department of Education,≤100
104504438466,Federal Voting Assistance Program - FVAP,Federal Voting Assistance Program,≤100
169277310432049,"Texas Precision Optics, Inc.",Texas Precision Optics Inc,≤100
58736997707,Marco Rubio,Marco Rubio for Senate,≤100
598720023670599,Jennifer Carroll Foy,Jennifer Carroll Foy for Governor,≤100
984421991732710,Paycheckology,Paycheckology,≤100
221401431386940,Pramila Jayapal,PRAMILA FOR CONGRESS,≤100
710669049286394,Woo the People,Khosro David Illulian,≤100
36999871079,Survivors of the Abortion Holocaust,Survivors,≤100
469609533112889,iDisciple,iDisciple,≤100
411431975550358,Marc Veasey,MARC VEASEY CONGRESSIONAL CAMPAIGN COMMITTEE,≤100
579300342209417,Oliver Gilbert,"Oliver Gilbert, Non-Partisan, for Miami-Dade County Commission Dist 1",≤100
2259323457517498,Abolish the Electoral College,ABOLISH THE ELECTORAL COLLEGE,≤100
21647204289,Michigan Education Association,Michigan Education Association,≤100
69039563201,Open Doors USA,"OPEN DOORS WITH BROTHER ANDREW, INC.",≤100
235762319779450,Omar Navarro,OMAR NAVARRO FOR CONGRESS,≤100
2426111570952383,Frontlines,Frontlines,≤100
100897534631778,Lenzi for Congress,LENZI FOR CONGRESS,≤100
2081864865362439,Mike Espy,MIKE ESPY FOR SENATE CAMPAIGN COMMITTEE,≤100
431781483507232,Keep Katherine Fernandez Rundle State Attorney,"Katherine Fernandez Rundle, Democrat, for State Attorney",≤100
1425435377743310,Conversations with Bill Kristol,The Foundation for Constitutional Government,≤100
1741729849281711,Uber & Lyft Sexual Assault Attorneys,Safer America,≤100
259212814698356,Democratic Majority for Israel,Democratic Majority for Israel,≤100
170591064699,Southern Poverty Law Center,"SOUTHERN POVERTY LAW CENTER, INC., THE",≤100
145856919176812,BridgeTower Media,BridgeTower Media,≤100
1833879943496521,Spread The Vote,Spread the Vote,≤100
399366360669553,Jamaal Bowman for Congress,Bowman For Congress,≤100
103192667942560,Planet Solutions,"Planet Solutions Group, LLC",≤100
109866370700481,PushBlack Finance,PushBlack,≤100
54787697857,Ron Wyden,WYDEN FOR SENATE,≤100
119894626271747,WSD March For Our Kids,These ads ran without a disclaimer,≤100
117641114435,First Aid Beauty,First Aid Beauty,≤100
108090464296366,Republican Patriots,I Love My Freedom,≤100
408252582872693,Daniella Levine Cava,"Daniella Levine Cava, Non-Partisan, for Miami-Dade County Mayor",≤100
53674651369,Susan B. Anthony List,Susan B. Anthony List,≤100
28144169620,Alliance for Aging Research,Alliance for Aging Research,≤100
1682876188698809,United for Respect,United for Respect,≤100
193618220508,LIFE Today,LIFE Outreach International,≤100
2070944712939738,American Police Officers Alliance,American Police Officers Alliance,≤100
102004961614425,For The Love of Patriots,Trizzie Truong,≤100
2049170775107862,Resistance By Design,Resistance By Design,≤100
106629127527429,Kathy Barnette for Congress PA 04,Kathy Jean Barnette,≤100
1653251174924652,Fuzzu,Fuzzu,≤100
2295062210811244,Coalition for American Veterans,COALITION FOR AMERICAN VETERANS POLITICAL ACTION COMMITTEE,≤100
10897453188,Operation Mobilization - OM USA,"OPERATION MOBILIZATION USA, INC.",≤100
112351917057757,Jessica DeVoto For Missouri,Jessica DeVoto For Missouri,≤100
360303722260,Kathleen Williams,KATHLEEN WILLIAMS FOR MONTANA,≤100
960687040731425,Twist it Up Urban Styling Comb,Twist It Up Inc,≤100
165779706726,Country Music Artist Carl Ray,Carl Ray Williams,≤100
114885646899438,Mr. 45th,Clush,≤100
292351509697,Jerusalem Prayer Team,Jerusalem Prayer Team,≤100
474680926275770,Quincy Reporter,Local Government Information Services,≤100
1397799040234106,OpinionUP,OpinionUP LLC,≤100
210357995667559,The National Memo,The National Memo,≤100
103376804451432,Trending Politics,Making Web LLC,≤100
110089227413037,The Prepared Patriot,Edward Ha,≤100
2046092952294722,Lucy McBath for Congress,FRIENDS OF LUCY MCBATH,≤100
32582320449,CMMB,CATHOLIC MEDICAL MISSION BOARD INC,≤100
180230069923,American Life League,American Life League,≤100
1082522201878539,Gina Ortiz Jones for Congress,GINA ORTIZ JONES FOR CONGRESS,≤100
8225139261,New York Republican State Committee,NEW YORK REPUBLICAN STATE COMMITTEE,≤100
1809078699219595,Fat Tire,These ads ran without a disclaimer,≤100
290105534341548,Coalition For Life St Louis,Coalition For Life STL,≤100
317667194946264,Ro Khanna,RO FOR CONGRESS INC,≤100
41182871633,National Museum of American Jewish History,National Museum of American Jewish History,≤100
313723095478950,The Daily Citizen,Focus on the Family,≤100
106954147689215,Just the Truth,JUST THE TRUTH POLITICAL ACTION COMMITTEE,≤100
1534290989956166,The Philanthropy Roundtable,"PHILANTHROPY ROUNDTABLE, THE",≤100
110024645702155,William "Bill" White,"Elect Bill White, Margaret Nichols Treasurer.",≤100
186805048171120,U.S. & Texas LawShield,Texas LawShield,≤100
355913551109735,The Andrew Goodman Foundation,The Andrew Goodman Foundation,≤100
1476342155924546,Big Rig Threads,Big Rig T-Shirts and Decals LLC,≤100
246846192720018,War On Our Future,The Years Project,≤100
108152933883451,TrumpTrendz,Troy Lorenzo Davis,≤100
105984667872147,Patriotic Liberty,Vivian Lam Nguyen,≤100
112579363874762,Az-4,These ads ran without a disclaimer,≤100
102180301437619,2020 American Defense Fund,C3 PAC,≤100
1003562459729504,Transportation Nation Network,Transportation Nation Network,≤100
100697751658498,Stronger.org,The Public Good Projects,≤100
113310617054164,Trump Baseball Bats,Trump Baseball Bats,≤100
131306317680000,Social Goods,"Social Goods, LLC",≤100
97466887664,Innocence Project,"INNOCENCE PROJECT, INC., THE",≤100
111248197347176,Protect & Serve PAC,PROTECT AND SERVE PAC,≤100
657343731290262,American Freedom Fighter,American Freedom Fighter,≤100
100950704816839,Brian Seitz for MO State Rep. 156th District,Seitz Conservative Coalition,≤100
110557007154443,Robert Aderholt for Congress,Robert Aderholt for Congress,≤100
212375358784914,Ed Brodsky for State Attorney,Ed Brodsky for State Attorney,≤100
333081284065216,Brynne Kennedy for Congress,BRYNNE KENNEDY FOR CONGRESS,≤100
304252657027476,George Buck,"COMMITTEE TO ELECT GEORGE BUCK, PHD",≤100
107248944146204,Carlos Gimenez for Congress,Carlos Gimenez for Congress,≤100
700941689954518,Defend Our Future,Defend Our Future,≤100
206743952696198,Lower My Bills,"LMB OpCo, LLC",≤100
160630887998827,Let Them Live,Let Them Live,≤100
71945223065,Diamond Resorts,Diamond Resorts,≤100
113110137118723,Collectible Currency,Christopher Walter Adams,≤100
102538184874476,Vote KC,#VOTEKC,≤100
375760676281438,Mermaid Straw,Mermaid Straw,≤100
111970730196550,World War Zero,AMERICAN SECURITY PROJECT,≤100
151525932186806,When Democrats Turn Out,WHEN DEMOCRATS TURN OUT PAC,≤100
113110137118723,Collectible Currency,Proud Patriots,≤100
819607471729183,Dr. Al Gross for US Senate,DR. AL GROSS FOR U.S. SENATE,≤100
1438882392887793,ADF Church Alliance,Alliance Defending Freedom,≤100
95356211637,Ben Ferguson,Ben Ferguson show,≤100
101176014673943,Michelle for Kansas,MICHELLE FOR KANSAS,≤100
19219803864,Tax Foundation,Tax Foundation,≤100
26006662641,Arizona Democratic Party,Arizona Democratic Party,≤100
130936757062757,T-Mobile Workers United (TU),"COMMUNICATIONS WORKERS OF AMERICA, AFL-CIO, CLC",≤100
103806957816376,Kat Cammack,KAT FOR CONGRESS,≤100
646594582623475,Republican Nations,wowengraving,≤100
1945837408977507,Michael Moates,-MICHAEL STEVEN MOATES,≤100
315151565831,Ascension,Ascension Press,≤100
137746666253194,Ann Kirkpatrick,KIRKPATRICK FOR CONGRESS,≤100
1545826148838592,Trump 2020,Gregory Lawrence Burright,≤100
153278754738777,Climate Reality,The Climate Reality Project,≤100
107624487697615,Ian Richards for Judge,"Committee to Elect Ian Richards, nonpartisan for Circuit Court Judge Group 30",≤100
232201568659,Pacific Justice Institute,PACIFIC JUSTICE INSTITUTE,≤100
187809941803009,IVYPAC,IVYPAC,≤100
171516669541491,Bright Hope,BRIGHT HOPE INTERNATIONAL,≤100
211596438980002,Ampersand Consulting,Ampersand Consulting,≤100
153309775026,SnapStream,SnapStream Media,≤100
2146201085498440,Tony Gonzales,Tony Gonzales for Congress,≤100
1771751039543331,Georgia King Therapy,Georgia Martin King,≤100
1683472645227089,TRUMPWholesaleProducts.com,www.abcSigns.Biz,≤100
529154000442477,America Rising,AMERICARISINGPAC.ORG,≤100
17475614410,Hispanic Federation,Paid for by Hispanic Federation with Facebook Ad Credits,≤100
104667417857551,United Association LLC,United Association LLC,≤100
324119001078997,"Sanford Heisler Sharp, LLP","Sanford Heisler Sharp, LLP",≤100
826460474101920,BitMari,Sinclair Matthew Skinner,≤100
451224838781405,Patriot Baby,Eric Todd Hunter,≤100
138141366212571,Gravis Marketing,GRAVIS MARKETING INC.,≤100
1205124206245013,Movement for a People's Party,People for a Working Democracy,≤100
154894841387125,Keep America American,Keep America American,≤100
100124595113383,Victor Ashe,"William F. Buckley, Jr. Program",≤100
114475890010131,Piggy Dollar Financial,Tyler Wayne Hedland,≤100
1234251319933440,Exclusive Apparel,The Dude's Threads,≤100
300748678230,Tennessee Department of Economic and Community Development,Tennessee Department of Economic and Community Development,≤100
5457479962,Diabetes Daily,Thrivable,≤100
109709397469494,Dignity Unbound,Dignity Unbound,≤100
296295018082,AARP en Español,AARP,≤100
102846434825096,Beat Abbott,Beat Abbott PAC,≤100
102315958243776,Patriotic Freedom,Vivian Lam Nguyen,≤100
129278807814364,Women of Welcome,Welcome.,≤100
682990071843813,Center for the Study of Liberty,Center for the Study of Liberty,≤100
22426379899,Workman Publishing,WORKMAN PUBLISHING CO. INC.,≤100
167721133253158,The White House Historical Association,These ads ran without a disclaimer,≤100
113644103666790,America First,TruthLion,≤100
260131294484,Bethesda Lutheran Communities,Bethesda Lutheran Communities,≤100
8936818385,Accuracy in Media,"ACCURACY IN MEDIA, INC",≤100
12683623041,Society for Human Resource Management (SHRM),SOCIETY FOR HUMAN RESOURCE MANAGEMENT,≤100
117412780444,PP Great Plains Votes,Planned Parenthood Great Plains Votes,≤100
405355946226766,Todd Young,"FRIENDS OF TODD YOUNG, INC.",≤100
303061950155375,John James,"JOHN JAMES FOR SENATE, INC.",≤100
104704401202729,"Teresa's Tips, Tricks & Tools for Beauty, Health & Wealth",Teresa Marie Von Riegen,≤100
1555039491394668,Conservation Minnesota Voter Center,CM Voter Center,≤100
1295279420598401,Victoria Spartz,VICTORIA SPARTZ FOR CONGRESS,≤100
1370474066365196,F1RST WARRIOR,First Warrior,≤100
19972147679,SEIU,SEIU,≤100
114302593701939,Silent Majority Member,Silent Majority Member,≤100
53541257714,The Arc of the United States,"ARC OF THE UNITED STATES, INC., THE",≤100
211049239087028,Association of Young Americans,Benjamin J Brown,≤100
136835449678790,Mike Kehoe,Citizens To Elect Mike Kehoe,≤100
197669827395385,Connected Commerce Council,Connected Commerce Council,≤100
1747132688647028,Democratic Association of Secretaries of State,Democratic Association of Secretaries of State,≤100
102478528086004,Reading On the Left,St. Martin's Press,≤100
633017507209226,"Kaylee Tuck for Florida House of Representatives, District 55",Kaylee Tuck for Florida House of Representatives,≤100
116238930177726,Artsiful,Brad Aaron Shaw,≤100
1634651343331439,Project Wren,Landon Brand,≤100
1323161541032507,For Our Future FL,For Our Future Action Fund,≤100
108512875350,The Atlas Society,The Atlas Society,≤100
105519714213242,Perry County Conservative Newsletter,Keith Alexander Carroll,≤100
103322426424621,Jonathan Karl,Jonathan David Karl,≤100
398977847323767,Texas Signal,Texas Signal Media Company,≤100
1166660030079480,National Democratic Redistricting Committee,National Democratic Redistricting Committee,≤100
104756191284695,Patriot News,These ads ran without a disclaimer,≤100
111237577031486,AquiPor Technologies,William Powers,≤100
109729897041138,David Richter,David Richter for Congress Inc,≤100
345946329411380,Petal Soap,Jason Paul Domangue,≤100
116546288359245,Heritage Action for America,HERITAGE ACTION FOR AMERICA,≤100
8895898655,Rainforest Alliance,"RAINFOREST ALLIANCE, INC.",≤100
116983848450009,Discovery Institute,Robert Leonard Ii Crowther,≤100
346937065399354,Occupy Democrats,Omar Rivero,≤100
101391906600,Live Action News,Live Action News,≤100
114386721939978,The Made in America Store,Anthony Michael Falbo,≤100
309993142375589,Joe Kennedy III,KENNEDY FOR MASSACHUSETTS,≤100
418009045654715,"FluMist® Quadrivalent (Influenza Vaccine Live, Intranasal)",These ads ran without a disclaimer,≤100
1424655311129385,Proud Pour,Proud Pour,≤100
506760326025846,Easterseals SoCal,"EASTER SEALS SOUTHERN CALIFORNIA, INC.",≤100
36372698072,FosterClub,"FOSTERCLUB, INC.",≤100
1869687273277265,Run for Something,Run For Something PAC,≤100
113502933787595,Patriots United,Tyler Wayne Hedland,≤100
680549575421741,UnitedVoice.com,"Beachside Media, Inc.",≤100
670159703147062,13 Fifty Apparel,These ads ran without a disclaimer,≤100
540707072979860,Brian Maryott,MARYOTT FOR CONGRESS,≤100
112333396969405,Jim Bognet,Bognet for Congress,≤100
2133130356918764,Common Justice,COMMON JUSTICE INC,≤100
416913748508616,We Welcome Refugees,We Welcome Refugees,≤100
110061623807565,Kelly Loeffler,Georgians for Kelly,≤100
172552106115265,Patheos Evangelical,Patheos Evangelical,≤100
1003945899645199,Refuser Solidarity Network,Seth Morrison,≤100
165238836870566,MRC Culture,MEDIA RESEARCH CENTER,≤100
149200677056,Americans for Prosperity - Pennsylvania,AMERICANS FOR PROSPERITY,≤100
110316697328742,People of Seniors Housing,People of Seniors Housing,≤100
1865047147110748,Death Penalty Action,Death Penalty Action,≤100
497081420632330,Dr. Hiral Tipirneni,HIRAL FOR CONGRESS,≤100
168452723312821,Chisholm Chisholm & Kilpatrick LTD,Chisholm Chisholm & Kilpatrick LTD,≤100
44340057816,Uncommon Goods,UncommonGoods,≤100
50711561090,Muslim Advocates,MUSLIM ADVOCATES,≤100
1947525322184514,One Fair Wage,One Fair Wage,≤100
115757826468774,Statsigo,Statsigo,≤100
308353252483,Kristi Noem,Kristi for Governor,≤100
100284648021034,New Tolerance Campaign,New Tolerance Campaign,≤100
112492646811151,California Census,CA Census 2020,≤100
698400060189827,Dan Sullivan,Alaskans for Sullivan,≤100
122360425094991,Nasty Woman Cosmetics,Nasty Woman Cosmetics,≤100
128342200512304,Cultural Heritage Partners,CULTURAL HERITAGE PARTNERS PLLC,≤100
159597424207730,David Perdue,PERDUE FOR SENATE,≤100
108204035866609,Democrats For Life of America (DFLA),DEMOCRATS FOR LIFE OF AMERICA INC,≤100
121626482110,Operation Smile,"OPERATION SMILE, INC.",≤100
249716212080256,Jim Clyburn,FRIENDS OF JIM CLYBURN,≤100
156919701454702,St. Louis Record,The Record,≤100
661744180680367,National Police Association,"NATIONAL POLICE ASSOCIATION, INC.",≤100
48485058304,Pachamama Alliance,"PACHAMAMA ALLIANCE, THE",≤100
612701059241880,Latinos for Trump,TRUMP MAKE AMERICA GREAT AGAIN COMMITTEE,≤100
167473433290992,Inequality.org,Institute for Policy Studies,≤100
227535924071462,Animal Petitions,AnimalPetitions.org,≤100
158505287559920,Save the Storks,Save the Storks,≤100
113891694102,Energy Citizens,AMERICAN PETROLEUM INSTITUTE,≤100
2377166239179411,Nancy Goroff for Congress,Goroff for Congress,≤100
48818254473,Alexander Street,PROQUEST LLC,≤100
165566613453452,ERLC,ETHICS AND RELIGIOUS LIBERTY COMMISSION OF THE SOUTHERN BAPTIST,≤100
107638384248580,Our America,Bryant Wayne Young,≤100
123963360928,SiriusXM,SIRIUS XM RADIO INC.,≤100
6165653060,AFSCME,AMERICAN FEDERATION OF STATE COUNTY & MUNICIPAL EMPLOYEES,≤100
1640970822834351,Plaine Products,Plaine Products,≤100
46508415624,Scott Taylor,Scott Taylor for Congress 2020,≤100
2212066245574161,Sarah Huckabee Sanders,St. Martin's Press,≤100
113157907700,National League of Cities,National League of Cities,≤100
312657362217994,Women's Heart Alliance,Women's Heart Alliance,≤100
484112108637869,Celeste Williams for Arkansas,CAMPAIGN TO ELECT CELESTE WILLIAMS,≤100
1229789977123022,Debbie Lesko for Congress,DEBBIE LESKO FOR CONGRESS,≤100
1600300510259910,For Our Future Pennsylvania,For Our Future Action Fund,≤100
458142697588014,AARP Public Policy Institute,AARP,≤100
86293486184,Boone Electric Cooperative,Boone Electric Cooperative,≤100
20006038080,David Chiu,DAVID CHIU FOR ASSEMBLY 2020 FPPC #1414326,≤100
304062610300415,VozWire,Gregson E Mathe,≤100
110563080301468,Candidles,Lighthouse Financial Technologies,≤100
294196590710262,FWD.us,FWD.us,≤100
174046949421616,Phenomenal Woman Action Campaign,Phenomenal Woman Action Campaign,≤100
56332452163,AMA Patients Action Network,American Medical Association,≤100
9316648525,The Chicago School of Professional Psychology,TCS Education System,≤100
255486647814076,Penguin Kids,Penguin Random House,≤100
2113400635561647,Andrea Mitchell Center for the Study of Democracy,Andrea Mitchell Center for the Study of Democracy at the University of Pennsylvania,≤100
700153177010264,Plant Based Products Council,Plant Based Products Council,≤100
103361888147446,President Univers,These ads ran without a disclaimer,≤100
12503116997,Dennis Prager,Salem Media,≤100
139661999752,Medical Association of Georgia (MAG),"MEDICAL ASSOCIATION OF GEORGIA, THE",≤100
1402827079932843,Low Income Relief,The Lighthouse Information Network LLC,≤100
289213691238937,Thrasher Coffee,Thrasher Coffee Co.,≤100
178835922297833,American Clinical Laboratory Association,American Clinical Laboratory Association,≤100
201446296572389,Compassion in World Farming (USA),Compassion in World Farming USA,≤100
101352851565699,Somos PAC,SOMOS PAC,≤100
198296877515470,Switch4Good,Switch4Good,≤100
18017481462,Acton Institute,Acton Institute,≤100
1059320777468378,David Kustoff,Kustoff for Congress,≤100
112325855474892,Speak Up For Education and Kids,National Education Association,≤100
525171637666780,Sandy Piña California Delegate,RCR,≤100
101682706561261,"Freedom Watch, Inc.","Freedom Watch, Inc.",≤100
505653766599222,America First with Dr. Sebastian Gorka,Salem Media,≤100
1709145412721991,The Center for Growth and Opportunity at Utah State University,The Center for Growth and Opportunity,≤100
38234604057,PEN America,PEN AMERICAN CENTER INC,≤100
264774890721566,Clear Energy Alliance,Clear Energy Alliance,≤100
412739549455010,Karena Reiter,PrimaDonna Reeds,≤100
7642602143,Mother Jones,FOUNDATION FOR NATIONAL PROGRESS,≤100
872842866161157,One Nation Design,One Nation Design,≤100
25121889784,Texas Public Policy Foundation,Texas Public Policy Foundation,≤100
101208514791301,Daniel Turner,Power The Future Inc,≤100
39432041915,Capital Research Center,CAPITAL RESEARCH CENTER INC,≤100
96491683438,"The Friends of Israel Gospel Ministry, Inc.","FRIENDS OF ISRAEL GOSPEL MINISTRY, INC, THE",≤100
111495005590988,Pattern,Pattern Energy,≤100
583715925012376,Mayor Trent Staggs,Staggs for Mayor,≤100
110257623864359,Cool Mud Flaps,"OHIO LASER, LLC",≤100
751679868274074,Hope for Students,THE EXPECTATIONS PROJECT INC,≤100
1584050195202316,Barbara Bry for Mayor,Barbara Bry for San Diego Mayor 2020,≤100
205303126186718,St Charles County Missouri Democrats,St Charles County Democratic Central Committee,≤100
151757038879920,Alyse Galvin for Congress 2020,ALYSE FOR ALASKA,≤100
195620754724,Helping Hand USA,HELPING HAND FOR RELIEF AND DEVELOPMENT INC.,≤100
357484764271265,Dustin Stockton,Dustin Alan Stockton,≤100
193675533982095,Ryan Chamberlin,Ryan Chamberlin for Congress,≤100
284300559123,Miami Heat,These ads ran without a disclaimer,≤100
190028064393532,DonorVoice,Kevin Mark Schulman,≤100
138354569532939,"Tradition, Family, Property - TFP","American Society for the Defense of Tradition, Family and Property",≤100
104012084703106,One People United PAC,One People United,≤100
1802177709900081,The Spectator US,The Spectator US,≤100
2406972266252679,BloombergLaw,"BUREAU OF NATIONAL AFFAIRS, INC., THE",≤100
295533050495998,Abogado de Inmigracion Jorge Rivera - Immigration Group LLC,Michael A Castillo,≤100
290851614930809,Combat AntiSemitism,Combat Anti-Semitism,≤100
100123544800892,Disme Coin Company,Byron Michael Laughlin,≤100
5943727453,American Humane,American Humane,≤100
598394107018675,Assist the Resistance,Assist the Resistance,≤100
102970113093477,Church Militant/St. Michael’s Media,Max Aldcander Douglas,≤100
112552187080266,Protecting Every Future,American Council of Life Insurers,≤100
105561217523274,The_Dispatch,"Dispatch Media, Inc.",≤100
356431274698532,Ryan Hampton,Ryan Hampton,≤100
1028908663935923,Americans for Fair Treatment,Americans For Fair Treatment,≤100
107937014153581,Energized Health,John Jubilee Transformation LLC DBA Energized Health,≤100
124626320898336,Catholic Extension,"CATHOLIC CHURCH EXTENSION SOCIETY OF THE UNITED STATES OF AMERICA, THE",≤100
510680265702016,Crowned Free,Crowned Free,≤100
125319303823,Champlain College,Champlain College Incorporated,≤100
109200595768753,The Christian Left,The Christian Left,≤100
18983389920,Open Society Foundations,Open Society Foundations,≤100
207833736045744,MHAction.org,Kevin R Borden,≤100
97624620788,American Friends of Magen David Adom,AMERICAN FRIENDS OF MAGEN DAVID ADOM,≤100
72565633140,Soles4Souls,"SOLES4SOULS, INC.",≤100
345751305447288,Daugherty Water for Food Global Institute,Daugherty Water for Food Global Institute,≤100
103144734491014,"James Calkins, Republican for County Commissioner",James Calkins for County Commissioner,≤100
203197030603239,8 Billion Trees,8 Billion Trees LLC,≤100
105031414415024,Francis Malofiy,Francis Malofiy,≤100
106449324428706,Dump Rump Bumper Stickers and T-Shirts,These ads ran without a disclaimer,≤100
1962432260715827,Kindhumans,Kindhumans,≤100
77459136187,Gavin Rollins,GAVIN ROLLINS FOR CONGRESS,≤100
102665201399226,Current Science Daily,Metric Media LLC,≤100
562691707395320,Zach Dickerson,Friends of Zach Dickerson,≤100
179145905973075,Sophie Ratner Jewelry,Sophie Ratner Jewelry,≤100
1311291038982513,2A Gear,Teecreations LLC,≤100
432453943618967,Wichita Newsroom,JASON LIGHTBEARER EDWARDS FOR PRESIDENT,≤100
1354622541311687,Dr. Kim Schrier,DR KIM SCHRIER FOR CONGRESS,≤100
108838804083071,Etch The Edges,Critical Thinking Minds - DS Brown,≤100
419237048158257,Susan Collins,COLLINS FOR SENATOR,≤100
101146091319045,Elcove.green,Elcove,≤100
64206021703,National Committee to Preserve Social Security and Medicare,NATIONAL COMMITTE TO PRESERVE SOCIAL SECURITY AND MEDICARE,≤100
391872261636792,2020unity,"ForFact LLC, DBA 2020unity",≤100
106868314285372,The Finance Kit,DYS Capital LLC,≤100
112556903649130,Louder Than Hate,"Louder Than Hate, LLC",≤100
468906559794011,LaunchGood,LaunchGood Inc.,≤100
105201114623362,Trump Americans,Fulvio David Deavila,≤100
111499100431,National Association for Gun Rights,NATIONAL ASSOCIATION FOR GUN RIGHTS INC,≤100
102161004838994,Melissa Gould for Judge,Melissa Gould for Judge,≤100
128958937175029,Trivia Today,Benjamin Aaron Perlman,≤100
2176472882580975,Crusader Outlet,Crusader Marketing,≤100
170918006892,G.I. Jobs,Victory Media DBA GI Jobs,≤100
366351973736242,Red Rock Secured,Red Rock Secured,≤100
73970658023,International Rescue Committee,International Rescue Committee,≤100
262680017949612,Quincy Institute for Responsible Statecraft,Quincy Institute,≤100
102908978166114,Liberty Leadership Fund,Liberty Leadership Fund,≤100
540594436135086,FORGE in Wisconsin,C Michael Munson,≤100
1498561767025112,Zephyr Teachout,Macmillan Publishing,≤100
169204449790211,Conservative News Today,"BizPac Review, Inc.",≤100
24470472733,The Trevor Project,The Trevor Project,≤100
103131054573692,Crawfordology,Crawfordology,≤100
174905503013610,Harley Rouda,HARLEY ROUDA FOR CONGRESS,≤100
143981748956175,Rural Assembly,Rural Assembly,≤100
399067003454888,Sudan Relief Fund,Sudan Relief Fund Inc,≤100
548407915183371,Liz Cheney,Liz Cheney for Wyoming,≤100
114066205306277,Franciscan Friars of the Atonement,Franciscan Friars of the Atonement,≤100
541807025833154,Malala Fund,Malala Fund,≤100
664770743730817,Dan Feehan for Congress,FRIENDS OF DAN FEEHAN,≤100
523486791061635,Jon Hoadley,JON HOADLEY FOR CONGRESS,≤100
111581113532778,Yes on 2: Ranked Choice Voting,Ranked Choice Voting 2020 Committee,≤100
284586358857361,Outlery,These ads ran without a disclaimer,≤100
247496682083709,Meg Donnelly,These ads ran without a disclaimer,≤100
279890513018,Islamic Networks Group - ING,"ISLAMIC NETWORKS, INC.",≤100
100821338289859,Republicans For Integrity,Republicans For Integrity,≤100
89324781720,Pat Toomey,Friends of Pat Toomey,≤100
101746962063,Mercy Home for Boys & Girls,MISSION OF OUR LADY OF MERCY,≤100
1536587453277219,Dr. Steve Turley,Turley Talks LLC,≤100
332905134021585,Joe Harding for State Representative,Joe Harding for State Representative,≤100
114937555342547,Seth Abramson,Macmillan Publishing,≤100
227764782729,AMERICAN - STRONG!,American Strong LLC,≤100
154269528015922,Byron Donalds,Byron Donalds for Congress,≤100
911829795826330,Mark Penn Polls,AIRSNEXT Media,≤100
31105432855,Illinois Education Association,Illinois Education Association,≤100
54740222845,Houston Style Magazine,Francis Jr Page,≤100
102455534898300,Face The Change,FaceTheChange.co,≤100
262905633727,Los Angeles Mission,"Los Angeles Mission, Inc.",≤100
167968013767335,Julie Oliver,JULIE OLIVER FOR CONGRESS,≤100
344346245749372,Shore Trendz,RHW.COM LLC/DBA Shore Trendz,≤100
11024050756,Bioneers,Bioneers,≤100
1399736660066130,Jews for a Secular Democracy,Society for Humanistic Judaism,≤100
106971467777674,Democra-street wear,democrastreet wear,≤100
543066585882629,Libertarian Country,Libertarian Country,≤100
92942188037,Chowdaheadz,These ads ran without a disclaimer,≤100
93565224474,Mercy For Animals,MERCY FOR ANIMALS,≤100
56790136798,UCLA Health,UCLA HOSPITAL SYSTEMS,≤100
868405419972384,The Outrage,The Outrage,≤100
172037886144659,Grand Central Publishing,"Hachette Book Group, Inc.",≤100
190987118163092,Connected Clothing Company,Connected Clothing Company,≤100
85945492130,EnergyBoom,Energy Boom,≤100
169042736456594,All Out,All Out Action Fund.,≤100
49275915266,Marie Stopes International,MSI-US,≤100
102808838160609,Bala Wear Apparel,Bala Wear LLC,≤100
2040270322863853,Tina Smith,TINA SMITH FOR MINNESOTA,≤100
1272534336242476,World101,Council on Foreign Relations,≤100
108692310594568,UNITE HERE,UNITE HERE PAC,≤100
157022225145063,Dave Stauffer for President,STAUF ENTERPRISES INC,≤100
108797534098691,Keep Gifts Great,Adrian Choi Conger,≤100
105953890782784,The Factual,The Factual,≤100
265045056894488,Mark Meckler,Convention of States Action,≤100
276708266084189,Ray Dalio,"Principles, LLC",≤100
129403184999,Matt Nye,"Matt Nye, Republican for Florida House, District 52",≤100
108282864070156,1776 Unites,Woodson Center,≤100
130945114804,World Jewish Congress,WORLD JEWISH CONGRESS AMERICAN SECTION INC,≤100
2187732528163720,Swaggy Q,PRJRSOUND,≤100
105882964535390,Cats Against Trump,Cats Against Trump,≤100
14038292386,Women for Women International,WOMEN FOR WOMEN INTERNATIONAL,≤100
26668999076,The Cato Institute,"CATO INSTITUTE, INC.",≤100
101485404914361,Bad News Wares,Bad News Wares,≤100
243399129090445,Christina Hale,HOOSIERS FOR HALE,≤100
392403244214360,"Grace Farms, CT","Grace Farms Foundation, Inc.",≤100
460002281235040,"Mike Giallombardo For State Representative, District 77",Mike Giallombardo Campaign,≤100
2154804598181848,Conservatives informing Conservatives,Charles None Ostertag,≤100
606005623390941,Anti-Vax Watch,Anti-Vax Watch,≤100
105315327577677,Golden Goose Publishing,Lance Charles Greenberg,≤100
135278469828569,Elect John D'Hondt for Volusia County Council District 3,Johan Joseph D'Hondt,≤100
1145019702185006,Alliance for Safety and Justice,Alliance for Safety and Justice,≤100
103232824659142,Collect Beautiful Moments,Warden Hong Da Chen,≤100
7735858972,Humane Society Legislative Fund,Humane Society Legislative Fund,≤100
869834083131145,Conservative Writers,Conservative Writers,≤100
332172544231683,America's Plastic Makers,"AMERICAN CHEMISTRY COUNCIL, INC.",≤100
299295363912730,New Politics Leadership Academy,New Politics Leadership Academy,≤100
100559204891447,Friends of Dr. James St. George,Friends of James St. George,≤100
113688303742241,The Philadelphia Statement,The Philly Statement,≤100
113335773562471,President Trump For Re-Election,Great American Era,≤100
614134231980299,Veterans Empowered To Protect African Wildlife,VETPAW INC,≤100
123838185676931,Quinn Nystrom for Congress,Quinn Nystrom for Congress,≤100
576705655712575,Jason Williams,Run with Jason,≤100
107199049318619,Friends of Derek Kilmer,PEOPLE FOR DEREK KILMER,≤100
109083337499215,Max Sherman for Oregon,Friends of Max Sherman,≤100
216705888361546,Elbert Lee Guillory,ELBERT GUILLORY'S AMERICA,≤100
785996468249945,Bite Toothpaste Bits,These ads ran without a disclaimer,≤100
482100658584410,We Stand For Energy,"EDISON ELECTRIC INSTITUTE, INC.",≤100
70090474914,American Farmland Trust,"AMERICAN FARMLAND TRUST, INC",≤100
112957340470360,Brad Smith for Cullman City Council,Megga Group LLC,≤100
336440323158789,Jack Burkman Radio,Jack Burkman Radio,≤100
1549009352000546,SchiffGold,SchiffGold,≤100
1514020342224273,Certified Whiteboy Clothing,These ads ran without a disclaimer,≤100
209046616332309,Xochitl for Congress,XOCHITL FOR NEW MEXICO,≤100
301302910021410,Virtual Running Club,"Virtual Running Club, LLC",≤100
421486244558294,Ross Spano,ROSS SPANO FOR CONGRESS,≤100
79820371749,Ayanna Pressley,THE COMMITTEE TO ELECT AYANNA PRESSLEY,≤100
106308567506025,Moe Davis for Congress,MOE DAVIS FOR CONGRESS,≤100
102139218008846,King Nation Apparel,King Nation Apparel,≤100
482731661826882,Mike Miller,Mike Miller for Orange County Commission,≤100
205795426669644,Facts and Logic about the Middle East,Facts and Logic About the Middle East,≤100
1513706568846680,Harry Brower Jr.,Harry Brower Jr.,≤100
108193134061366,Win One Over,WinOneOver LLC,≤100
237697300232030,Michael Unbroken,Think Unroken LLC,≤100
415184108572146,ZFacts,zFacts,≤100
104488577782903,Peter Helms,Peter M Helms,≤100
21455818797,Feed the Children,"FEED THE CHILDREN, INC.",≤100
19848703448,The Wesleyan Church,The Wesleyan Church Corporation,≤100
514167322309353,Dan Crenshaw,Dan Crenshaw for Congress,≤100
592250887586314,Jake Auchincloss,Jake Auchincloss for Congress,≤100
433526590123775,Goodwell Co.,Patrick Ryan Triato,≤100
106890801114065,Right Wing Maga,Right Wing Maga,≤100
944885865692767,Trumpy Dumpty,Rebel Games LLC,≤100
116688383113415,Ray Sandelli,"Ray Sandelli, Republican, For Lee County Commission District 3",≤100
1679521432262834,Physicians Grassroots Network,American Medical Association,≤100
304750332920654,Carl DeMaio,Reform California,≤100
182723117043,Chicago Council on Global Affairs,"CHICAGO COUNCIL ON GLOBAL AFFAIRS, THE",≤100
300774350436838,Topplr,Data Genomix,≤100
312083582149652,Zoomcopy.com,Zoomcopy,≤100
6851405967,CREDO Mobile,"CREDO MOBILE, INC.",≤100
471928596287830,Brian Mast,Mast for Congress,≤100
108906707265489,USA Pooch,"PRESIDENTIAL POOCH, INC",≤100
278355662356517,BallotReady,"BallotReady, Inc",≤100
1695950424027488,Andy Hallinan,Andrew Lawrence Hallinan,≤100
103704664766202,Clarion Films,Karen Ilana Finegan,≤100
175403889150682,FindLaw.com,FindLaw Consumer,≤100
1528498354074301,Punching Bag Media - Conservative News,Sean Michael Probber,≤100
164513254148611,America's Voice News,Barbara Jean Lawrence,≤100
162244692732,Brennan Center for Justice at NYU Law,William J Brennan Jr Center for Justice Inc,≤100
101254941260967,Retake the House 2020,RETAKE THE HOUSE 2020,≤100
463095630924391,US Business Funding,Credox,≤100
308159713150350,Voter Protection Project,VOTER PROTECTION PROJECT,≤100
320533948089022,Angie Chen Button for Texas,Angie Chen Button,≤100
110959362410288,Jewish Insider,Anthony Parker Sheehan,≤100
104679177804089,45 Changes Lives,PKA Karate Academy Inc,≤100
101103254533,SOS International,SOS International,≤100
133979276345,Georgia Farm Bureau,"GEORGIA FARM BUREAU FEDERATION, INC.",≤100
238711349624826,The Wetherall Company Public Service Advertising,The Wetherall Company LLC,≤100
100177518473235,The GOP Shop,John Allen Franson,≤100
207549645977714,Families Belong Together,Families Belong Together,≤100
117513180002579,John Shallman,Target Marketing Digital,≤100
386305465057247,Liberty Nation,Liberty Nation,≤100
185650221903810,Ralph Norman for Congress,RALPH NORMAN FOR CONGRESS,≤100
150322194563,PASA Primates: Pan African Sanctuary Alliance,PAN AFRICAN SANCTUARIES ALLIANCE,≤100
102183258209726,Patriots for Change,PATRIOTS FOR CHANGE,≤100
100831001694399,Rave The Vote,Rave The Vote,≤100
101888608186192,MedicalCommunitynet,Medical Community LLC,≤100
521924961194913,Bruce Westerman,Westerman for Congress,≤100
120778038066631,EveryLibrary,EveryLibrary,≤100
231354176962252,Social Work Helper,"Social Work Helper, PBC",≤100
392755584208966,FinanceBuzz.com,These ads ran without a disclaimer,≤100
109104833758307,CannedGood,CannedGood,≤100
122150409780,UC San Diego,University of California San Diego,≤100
100224128362301,"Casey Mills for County Court Judge, Group 22","Casey Mills, Non-Partisan, for County Court Judge Group 22",≤100
102010211314386,Donald Trump 2020 Voters,I Love My Freedom,≤100
1291331167557645,Political Ref,Aaron Duane Rossiter,≤100
21492729544,Catholic Relief Services,CATHOLIC RELIEF SERVICES - UNITED STATES CONFERENCE OF CATHOLIC BISHOPS,≤100
111151490241542,Pollemix,Pollemix,≤100
24014374813,Christians United for Israel (CUFI),Christians United for Israel,≤100
449053535114688,"Polk County Sheriff's Office, Iowa",Polk County Sheriff's Office,≤100
488959201218139,Planned Parenthood of the Pacific Southwest,Planned Parenthood of the Pacific Southwest,≤100
144176402370987,Karamu House,KARAMU HOUSE INC,≤100
2082869332042511,Hope4Orcas,Hope4Orcas,≤100
100729641303493,ICount NM,I Count New Mexico,≤100
113677340374880,Make Black Lives Matter,Make Black Lives Matter,≤100
592074077639509,Donald Trump Is Our President,Power To The Publisher,≤100
137470926951018,"John Mina, Orange County Sheriff","John Mina, Democrat, for Orange County Sheriff",≤100
102661701651,South Carolina Small Business Chamber of Commerce,South Carolina Small Business Chamber of Commerce,≤100
103929304678916,Voter Action Project,Integrity First Voter Action Project,≤100
27544763621,Prison Fellowship,Brandon Anders Larsen,≤100
433636330010294,"City of Kirkwood, MO (Government)",City of Kirkwood,≤100
1653885501501009,Propeller,Propeller Enterprises,≤100
1714632911933752,John Kiehne for State Representative,Kiehne for Missouri,≤100
1789651861157958,Values To Action,Values to Action,≤100
858210161010020,Tom Malinowski for Congress,TOM MALINOWSKI FOR CONGRESS,≤100
142836829093760,The American Constitutional Rights Union,Jorge Ernesto Amselle,≤100
588762121302996,Black Superwoman Chronicles,Delisha Denise Sylvester,≤100
1667301676837031,The Cultural Diplomacy Institute,The Cultural Diplomacy Institute,≤100
110280253735683,Alexandria Ocasio-Cortez Fan Club,Imran M Jemal,≤100
114008535880,Foundation for Individual Rights in Education,FOUNDATION FOR INDIVIDUAL RIGHTS IN EDUCATION,≤100
114971076538782,The Keystone,"Courier Newsroom, Inc.",≤100
102646114629176,Boomer Wright,Friends of Boomer Wright,≤100
1377401395908995,American Patriots,Triggered Freedom,≤100
260668817346988,Ignite National,IGNITE,≤100
194350691288029,Fly For The Culture Inc.,"Fly for the Culture, Inc.",≤100
44705166993,Vote.org,Vote.Org,≤100
374876452974178,McShane LLC,McShane LLC,≤100
123965317665623,N-Hance Wood Refinishing,N-Hance Inc.,≤100
57495285387,Michael Bennet,BENNET FOR AMERICA,≤100
77790954801,Salesian Missions,Salesian Missions,≤100
41036437395,Macular Degeneration Research,"BRIGHTFOCUS FOUNDATION, INC. A/K/A BRIGHTFOCUS FOUNDATION",≤100
638492549896672,Liberal Humans,Liberal Humans,≤100
358930818155832,Ava Blaze Apparel Co.,Antoinette Kathleen Adkins,≤100
105202730827149,Michael Moore for Commissioner,Michael Moore for Commissioner,≤100
1937171279661046,Margaret Good,MARGARET GOOD FOR CONGRESS,≤100
153477354680659,Fair World Project,Fair World Project,≤100
109843734118639,Spoofed Apparel,Spoofed Apparel Co.,≤100
146678415405673,FindLaw for Legal Professionals,FindLaw Legal Professionals,≤100
2255535767896743,Mark Robinson for N.C.,Mark Robinson for NC,≤100
121033149320,American Indian College Fund,"AMERICAN INDIAN COLLEGE FUND, THE",≤100
127335473965761,Recycle Cartons,"Carton Council of North America, Inc.",≤100
103216521432154,Aaron Mackisey,Friends of Aaron Mackisey,≤100
103851564652,Waterkeeper Alliance,WATERKEEPER ALLIANCE INC,≤100
185892250607,Missouri Republican Party,MISSOURI REPUBLICAN STATE COMMITTEE-FEDERAL,≤100
95398792631,Perfect Word Ministries,Perfect Word Ministries,≤100
10760692978,World Hope International,World Hope International,≤100
87777747127,Greg Palast,Palast Investigative Fund,≤100
195704103779569,Savage Outdoors & The One,Amanda Harris Lee,≤100
202531447982,Jimmy Chin,Protect Our Winters,≤100
11911627997,Pancreatic Cancer Action Network,"PANCREATIC CANCER ACTION NETWORK, INC.",≤100
103983379801,Texas Democratic Party,Texas Democratic Party,≤100
106203264511020,Washington Changed Katko,DCCC,≤100
11918108948,African Wildlife Foundation,AFRICAN WILDLIFE FOUNDATION,≤100
455595357859098,Richard DeNapoli,Richard DeNapoli for Broward Republican State Committeeman,≤100
407031276454095,The Donald Stuff,Daniel Joseph Bender,≤100
105474831199070,Stop GOP Gerrymandering,National Democratic Redistricting Committee,≤100
5887538795,Education Week,Education Week,≤100
228229007697380,Down Home North Carolina,Down Home North Carolina IE PAC,≤100
619476781405015,Billings Fire Fighters,Billings Firefighters IAFF Local 521,≤100
8321461609,MomsRising.org,MomsRising Together,≤100
245805692122708,John Lithgow,Chronicle Books,≤100
90022052772,Williams,"WILLIAMS COMPANIES, INC., THE",≤100
116515020980,Free Speech TV,Public Communicators Inc.,≤100
296093157932840,The Fulcrum,The Fulcrum,≤100
102339101351620,Re-elect Pam Gould 4 School Board,Pam Gould for School Board,≤100
101041998305221,The Proud Republicans,Great American Era LLC,≤100
218096501664109,April Griffin For Tax Collector,April Griffin for Hillsborough County Tax Collector,≤100
151944694884237,"Solidarity Strategies, LLC",Solidarity Strategies,≤100
1399926390134311,Nature's Generator,Huntkey USA Inc,≤100
808450969246896,"Rebecca Walser, Tax Attorney, CFP",Walser Wealth Management,≤100
270366089746859,Positive Behavior Supports Corp.,Elizabeth Ann  Focazio,≤100
111306296902469,Child Care Providers United,SERVICE EMPLOYEES INTERNATIONAL UNION,≤100
1837356789847797,Fulcrum News,David George Seaman,≤100
23169911720,Chris Mann,Chris Mann Music,≤100
110798880680061,USA Strong,USA Strong,≤100
1588837714734721,Great School Voices,great school voices,≤100
524399207959953,Truth & Liberty Coalition,Truth & Liberty Coalition,≤100
116907753042353,TOL,Serdar Turan,≤100
105287044367027,ObsessedwithTrump,Donald Lee Rowan,≤100
747783932079184,Jared Golden,COMMITTEE TO ELECT JARED GOLDEN,≤100
2462191704005828,Rainey Center,The Joseph Rainey Center for Public Policy,≤100
51533142540,Public Advocate of the U.S.,PUBLIC ADVOCATE OF THE US,≤100
104469014642258,Plushie President 2020,Joshua E Livingston,≤100
109349107125073,Kalamazoo Times,Metric Media LLC,≤100
104224114671958,Energy For Progress,The American Petroleum Institute,≤100
657708380952174,Voices of the Civil Rights Movement,Comcast,≤100
464661937077937,Carbondale Reporter,Local Government Information Services,≤100
494259170754224,Keeping IDentities Safe,KEEPING IDENTITIES SAFE,≤100
101459098271864,Vets United,Korie Lynn Padgett,≤100
76477313287,Sepsis Alliance,SEPSIS ALLIANCE,≤100
276131699084792,YWAM Los Angeles,YWAM Los Angeles,≤100
1905515863109983,Power In Cooperation,Power in Cooperation,≤100
102825963097158,Every Child Matters,Every Child Matters Education Fund,≤100
103144548151014,Adrian Perkins,Perkins for LA,≤100
341240953385902,Force Of Nature Meats,Force of Nature,≤100
11111618026,Union of Concerned Scientists,"UNION OF CONCERNED SCIENTISTS, INC.",≤100
197374340229,E2 - Environmental Entrepreneurs,E2 (Environmental Entrepreneurs),≤100
102413723172970,Nick Adams,Nick Adams,≤100
1013558392124611,One Vote,One Vote Productions LLC,≤100
19463427992,Darrell Issa,DARRELL ISSA FOR CONGRESS,≤100
108862184052039,ROMTech,"ROM Technologies, Inc.",≤100
2133734536646325,United Conservatives for Florida,United Conservatives for Florida,≤100
1712381442314346,STAND League,Church of Scientology International,≤100
104320074406295,David Cook for State Representative,David Cook Campaign,≤100
1437429989675914,Huckabee,"TRINITY BROADCASTING NETWORK, INC.",≤100
171287339973880,LCV Victory Fund,"LCV Victory Fund, 202-785-8683, and not authorized by any candidate or candidate’s committee",≤100
177789462289480,Everybody Loves Lincoln,Jacqueline Alexandra Koppell,≤100
1806551369642527,The Eastside Voice,Diana Jean Pack,≤100
164771506031,Claremont Institute,Nicholas Dylan Short,≤100
106524727819174,True Patriot Supply Co.,True Patriot Supply Co,≤100
103877744493195,Briit Botanicals,Briit Botanicals,≤100
475456956305422,All Voting Is Local,Leadership Conference Education Fund,≤100
110955507365144,Hunt For Red October,Stephen Paul Benoit,≤100
106487520883333,Cardinal & Pine,"Courier Newsroom, Inc.",≤100
44224524016,American Kidney Fund,"AMERICAN KIDNEY FUND, INC.",≤100
165734163437699,"Little, Brown and Company","Hachette Book Group, Inc.",≤100
49059279814,Institute for Justice,INSTITUTE FOR JUSTICE,≤100
291260461373618,News and News,News and News,≤100
1925751504337881,MJ Hegar,MJ FOR TEXAS,≤100
776264359372720,ConservativeModern.com,ConservativeModern.com,≤100
584120358946945,Rapid Tests Advocacy,RapidTests,≤100
168109446538119,St. Martin's Press,Macmillan Publishing,≤100
107654244332660,Back BLM,Back BLM,≤100
164472026916984,Masbia Soup Kitchen Network,MASBIA,≤100
44948378512,Destiny Image Publishers,"DESTINY IMAGE, INC.",≤100
16792125167,Jimmy Patronis,Treasure Florida PC,≤100
1764185850558806,Apex Clean Energy,Apex Clean Energy,≤100
257370728294647,Liberal Lunacy,Thomas S Mc Cullagh,≤100
169710960125365,Curzio Research,Curzio Research Inc.,≤100
501848263164423,The Commonwealth Policy Center,Richard Ryan Nelson,≤100
186221328059961,Dr. John Tantillo,John Jr Tantillo,≤100
399060493533519,The Justice Foundation,JUSTICE FOUNDATION,≤100
48530203934,The American Alpine Club,"AMERICAN ALPINE CLUB, THE",≤100
45013872425,The Ripon Society,RIPON SOCIETY,≤100
1832744013698336,Mahogany Mommies,Mahogany Mommies,≤100
105481140904672,Core Prestige,Core Prestige,≤100
243968462785604,The Oxford Outlaw,Outlawed Productions LLC,≤100
78420171887,Sailors for the Sea,SAILORS FOR THE SEAINC,≤100
1014291495249813,Politicon,Politicon,≤100
311664679737865,David Preston Sharp,David Preston Sharp,≤100
609022902623021,Senator Jim Welch,The Committee to Elect James T. Welch,≤100
107474777590035,The Anti-Human Trafficking Alliance,Jennifer Anne Piasecki,≤100
50714237985,The Rutherford Institute,RUTHERFORD INSTITUTE,≤100
103235554648484,Elect Scientists,314 ACTION FUND,≤100
110176385723423,Patheos Catholic,Patheos Catholic,≤100
103373224404755,Impact Slates,COLLECTIVE IMPACT PAC,≤100
355729668551243,Veterans Education Project,Veterans Education Project,≤100
75353945070,Boxed Water Is Better,Boxed Water Is Better,≤100
217187838327836,The Story Exchange,The Story Exchange Foundation,≤100
166087830076297,WebPT,WebPT,≤100
455051657910840,Piper Perabo,COLLECTIVE IMPACT PAC,≤100
234628203317767,Made for Freedom,Made for Freedom,≤100
106215047605899,Scott Cornuaud for Hunt County Attorney,Scott Allan Cornuaud,≤100
111648480319494,800DEMOCRAT,800DEMOCRAT,≤100
100485018111188,Juan Garcia for State House,Garcia for House 2020,≤100
103075334816156,UFCW Votes,UNITED FOOD AND COMMERCIAL WORKERS INTERNATIONAL UNION,≤100
110206523984709,Rural Not Stupid,Rural Not Stupid,≤100
33110852384,Doctors Without Borders/Médecins Sans Frontières (MSF),Doctors Without Borders/Médecins Sans Frontières (MSF),≤100
1601467416816223,Lehigh Acres Fire Control and Rescue District,Lehigh Acres Fire Control and Rescue Department,≤100
5593944035,Competitive Enterprise Institute,COMPETITIVE ENTERPRISE INSTITUTE,≤100
709491732434343,שורת הדין - Shurat HaDin,Israel Law Center,≤100
107107693152888,Anthropocene Alliance,ANTHROPOCENE ALLIANCE,≤100
106493481115475,Protect Our Election,Protect Our Election,≤100
1800072483402009,African Community & Conservation Foundation,African Community & Conservation Foundation,≤100
101042758281184,Reading On the Right,Macmillan Publishing,≤100
102398758231584,,Najeeullah Kimani Ali,≤100
115531376769341,Fighting For Justice,Fighting for Justice PAC,≤100
142474049098533,Robert Reich,Inequality Media,≤100
103531607822207,Noticias para Inmigrantes,"Wise Rock Media, PBC",≤100
153477451455783,The Optimist Daily,"The Optimist Publications, LLC",≤100
112278007096262,Case Brittain 2020,Case Brittain for State House,≤100
2277040565894718,Roger Lolly for State Rep District 78,"Roger Lolly, Republican, for State Representative, District 78",≤100
514167322309353,Dan Crenshaw,Crenshaw For Congress,≤100
391941310952652,Nipyata,These ads ran without a disclaimer,≤100
101011374703725,Dr. William Figlesthaler,WILLIAM FIGLESTHALER FOR CONGRESS,≤100
22877548156,Earth Day Network,Earth Day Network Inc,≤100
102729624670835,MinuteStats,Minute Stats,≤100
59543893235,National Constitution Center,National Constitution Center,≤100
107618675933249,Coalition for Smarter Growth,the Coalition for Smarter Growth,≤100
1708467695859543,Veteran Transition Mission,Sonia Ivelisse Barriera Ayala,≤100
160245817034,Texas Civil Rights Project,Texas Civil Rights Project,≤100
103222211467991,Sourcestream,SourceStream,≤100
101301864984288,Race to the WH,Race to the White House,≤100
106333028376,"Nichols Kaster, PLLP",Nichols Kaster PLLP,≤100
101336461608099,Off The RAC,Paul Eliot Irving,≤100
109267407229927,ZIPO: Zero Interest Principal Only,ZIPO Inc,≤100
124530924015,Hank Gilbert,HANK GILBERT FOR CONGRESS,≤100
105916610957570,Protect Military Votes,Jorge Ernesto Amselle,≤100
103150364587807,Gun Owners Care,National Shooting Sports Foundation,≤100
590905468266473,US Apparel 2020,Americas Finest Products,≤100
105298561237754,We Are The Vocal Majority,We Are The Vocal Majority,≤100
161186620643972,American Institute for Economic Research,AMERICAN INSTITUTE FOR ECONOMIC RESEARCH,≤100
592347634460462,Partnership for America's Health Care Future,Partnership for America's Health Care Future,≤100
105872574403318,Project TAMMI,a research grant at The National Center on Addiction and Substance Abuse (CASA),≤100
38897314734,The Trust for Public Land,"TRUST FOR PUBLIC LAND, THE",≤100
59254639983,Boston Medical Center,BOSTON MEDICAL CENTER,≤100
248306181862385,Live Lokai,LOKAI HOLDINGS LLC,≤100
111519760493851,Jasmen Rogers-Shaw,"Jasmen Rogers-Shaw, Democrat, for State House",≤100
135997359926517,SSDC Services,Jefery James Wenzel,≤100
105039654644795,Real News USA,Refugio Joe Campos,≤100
281248592526621,UnBossed Apparel,Katrice Smith,≤100
107404144243892,"Will LaRose for State Representative, MA - 2nd Franklin",LaRose Committee,≤100
344690446467832,The Copper Courier,"Courier Newsroom, Inc.",≤100
219870771412213,Raquel Regalado,Raquel Regalado Campaign,≤100
2223151871134889,Trump45Merch,Thomas Charles Granack,≤100
103131054573692,Crawfordology,James T Crawford,≤100
53727956260,Republican Jewish Coalition,Republican Jewish Coalition,≤100
182079698493370,Portside,Portside,≤100
110938473959372,Quarantine Humor,QuarantineHumor,≤100
51949171587,Cross International,"CROSS INTERNATIONAL, INC.",≤100
109302890501027,Pride Candle Company,These ads ran without a disclaimer,≤100
178611532577238,Aubray McPherson,Aubray Jontelle Mcpherson,≤100
100651304999744,Committee for a Better Ohio,Committee For a Better Ohio,≤100
354329797956187,The Catholic Association,"The Catholic Association, Inc",≤100
101286161432946,Anna Kasachev,Friends of Anna Kasachev,≤100
635850443292528,Nasty Woman Coloring,Nasty Woman Coloring,≤100
773787689497438,Chele Farley for Congress,CHELE FARLEY FOR CONGRESS INC.,≤100
110539227379432,Eric Pendergraft for Boca Beach and Parks Seat 5,ERIC PENDERGRAFT CAMPAIGN,≤100
38882699096,Polaris,POLARIS PROJECT,≤100
110146167251293,DEAR HUMAN,Dear Human Mvmt,≤100
2143340522648113,Daring Handbags,The Daring Company,≤100
1385294418360578,Linda Koop,KOOP FOR TEXAS,≤100
1413682351987764,Andy Kim for Congress,ANDY KIM FOR CONGRESS,≤100
102750021183412,Justice U,Altus Solutions Inc,≤100
11234736860,Tom McClintock,McClintock for Congress,≤100
162019154641651,Deliver Liberty,Deliver Liberty,≤100
141901795868393,Alaska Democrats,ALASKA DEMOCRATIC PARTY,≤100
922580991129339,People's Mojahedin Organization of Iran - MEK IRAN,MEK-Iran (Saeid Saadati),≤100
113553048669158,Rick Scott,TEAM RICK SCOTT,≤100
166166843531258,National Council of Resistance of Iran - شورای ملی مقاومت ایران,MEK-Iran (Saeid Saadati),≤100
103617578071596,Anti-Racism Campaign,Anti-Racism Campaign,≤100
126191012512830,The Reason You,Growth Galaxy,≤100
577308239618384,Happy Patriots,Lambert Chan,≤100
2047925575248614,Indiana Term Limits,U.S. Term Limits Inc.,≤100
202286639832171,Dr. Robert Jeffress,FIRST BAPTIST CHURCH DALLAS,≤100
9694956217,Animal Legal Defense Fund,ANIMAL LEGAL DEFENSE FUND,≤100
262138411622,Faces of Lawsuit Abuse,US Chamber Institute for Legal Reform,≤100
160844834773039,Athanasios Dilos Journalism,Athanasios Dilos,≤100
56680318666,Illinois Policy,Illinois Policy,≤100
100911481267154,"Luke Gromen - FFTT, LLC","FFTT, LLC",≤100
191975737491988,Jennifer Wexton,WEXTON FOR CONGRESS,≤100
1404914223144340,Great Big Story,"Turner Broadcasting Sales, Inc",≤100