﻿Page ID,Page Name,Disclaimer,Amount Spent (USD)
101279451606075,Democratic Strategy Institute,Democratic Strategy Institute,4056
328072970642479,Jaime Harrison,JAIME HARRISON FOR US SENATE,3062
163148530407080,Captain Mark Kelly,MARK KELLY FOR SENATE,2986
156968474833352,Stop Republicans,Stop Republicans,2466
1615018905412860,Progressive Turnout Project,PROGRESSIVE TURNOUT PROJECT,1791
153080620724,Donald J. Trump,TRUMP MAKE AMERICA GREAT AGAIN COMMITTEE,1783
20787991568,Senate Democrats,DSCC,1754
108824017345866,Facebook,"Facebook, Inc.",1731
7860876103,Joe Biden,BIDEN VICTORY FUND,1647
24413227922,Kamala Harris,BIDEN VICTORY FUND,1384
925007000949719,ExxonMobil,Exxon Mobil Corporation,1131
326974419055,Xfinity,COMCAST CORPORATION,898
110018833813683,Flip the Senate,SMP,894
644655489007210,The Solar Institute,The Solar Institute,882
100391581727524,Defeat By Tweet,DEFEAT BY TWEET,826
127755494595870,Progressive Takeover,PROGRESSIVE TAKEOVER,804
2330577043935831,Sara Gideon,SARA GIDEON FOR MAINE,582
103983379801,Texas Democratic Party,SUPER STATES 2020,553
342294162453301,Planned Parenthood,Planned Parenthood Federation of America,549
80562389320,NARAL Pro-Choice America,NARAL Pro-Choice America,534
165987503528599,Lindsey Graham,"TEAM GRAHAM, INC.",533
202626512363,U.S. Census Bureau,U.S. Census Bureau,469
105732744375701,Steve Bullock,MONTANANS FOR BULLOCK,414
717339155320936,Better Solutions for Healthcare,Better Solutions for Healthcare,405
605168822998856,314 Action,314 ACTION FUND,400
428808574377826,David X. Sullivan,SULLIVAN FOR CONGRESS,398
96935476345,Democratic Governors Association (DGA),Democratic Governors Association,355
259130650776119,Mitch McConnell,MCCONNELL SENATE COMMITTEE,346
258982621353444,SEBAC,CT State Employee Bargaining Agent Coalition,326
100662881656261,DeBarba For State Rep,DeBarba For State Rep,324
97493741436,John W. Hickenlooper,HICKENLOOPER FOR COLORADO,318
846042892195824,Re-Elect Senator George Logan,Re-elect Senator Logan,304
274000798088,Connecticut Republican Party,Connecticut Republican Party,292
101591551371555,Fire Mitch. Save America.,SAVE AMERICA FUND,283
9002965673,Freeform,Freeform,283
111428049989,Cal Cunningham,CAL FOR NC,282
300879470268608,Connecticut HDCC,CTMT,276
1635441679872518,Kimberly Klacik,Kim Klacik for Congress,246
1155722127781939,USA Financial & Tax Services,"USA Financial & Tax Services, LLC.",229
602714436529710,End Citizens United,END CITIZENS UNITED,221
6726182861,Mike Pence,TRUMP MAKE AMERICA GREAT AGAIN COMMITTEE,215
97279934919,bp America,BP CORPORATION NORTH AMERICA INC.,212
228754857151053,House Majority PAC,House Majority PAC,212
17432811417,Working Families Party,"Working Families Organization, Inc",208
679171239164792,Supermajority,"Supermajority PAC, https://supermajority.com/pac/. Not authorized by any candidate or candidate's committee.",204
106737187823771,Justice for Tianna,CT Inmate Medical Project LLC,202
171915456763518,Dan Champagne for State Senate,Champagne 4 Senate,185
300879470268608,Connecticut HDCC,HMC,172
1336293769761923,Jon Ossoff,JON OSSOFF FOR SENATE,164
106634230981891,Kim Healy for State Senate,Kim Healy for CT,162
463031467414553,Jack Perry for State Senate,Perry 2020,161
1316372698453411,Alexandria Ocasio-Cortez,Alexandria Ocasio-Cortez for Congress,152
105213897799817,Southworth for Senate,Southworth For Senate,147
109092142462587,Adam Schiff,SCHIFF FOR CONGRESS,144
747436915270894,Congressional Leadership Fund,CONGRESSIONAL LEADERSHIP FUND,139
7292655492,MoveOn,MOVEON.ORG POLITICAL ACTION,139
127225910653607,PragerU,PragerU,138
594587074027748,Senator Kevin Witkos,Witkos 2020,138
327837911149503,2A4Life,2A4LIFE LLC,128
8501031021,VoteVets.org,VOTEVETS,128
104919517531062,Vote Yes For Fairness,Vote Yes for Fairness,126
100174688299245,Saunders For Senate,Saunders for Senate,126
7833534974,Florida Democratic Party,Florida Democratic Party,125
347342729105803,Pat Wilson Pheanious,RepPat 2020,121
107654924064350,Pat Timmons-Goodson,PATRICIA TIMMONS-GOODSON FOR CONGRESS,121
147361008735959,Tony Hwang CT,Hwang4Senate,117
328853823844484,Balance of Power,Balance of Power,115
142486699769075,Cabrera For The People,Cabrera for SD 17,114
169130470583214,Demand Justice,Demand Justice,113
830121337093232,National Democratic Training Committee,NATIONAL DEMOCRATIC TRAINING COMMITTEE PAC,113
109593680378663,Brian Farnen for Fairfield,Farnen for Fairfield,113
428821014132730,Katie Porter,Katie Porter For Congress,112
104614641200137,MeidasTouch,MEIDASTOUCH,111
101176641713779,John Hall 2020,John Hall 2020,110
2283535575207809,Ditch Mitch,DITCH FUND,107
109898994007423,Richie for Senate,Richie for State Senate,104
791543660926838,"I'll go ahead and keep my guns, Thanks",2A4LIFE LLC,≤100
393932827634250,Dissent Pins,Common Practice,≤100
107210084216238,Humanity Forward,Humanity Forward,≤100
100523768357979,Stewart for Hartford District 1 Assembly,Stewart for Hartford,≤100
1061240530648502,Joe Collins,JOE COLLINS FOR CONGRESS,≤100
107772770912655,Suzio 2020,Suzio 2020,≤100
18982436812,ACLU,American Civil Liberties Union,≤100
104856814505092,The Kids Guide,The Kids Guide,≤100
103279457862328,Joe LaPorta for State Senate,LaPorta For CT,≤100
314499212242,Pfizer,Pfizer Inc.,≤100
74100576336,Facebook for Business,"Facebook, Inc.",≤100
1607769002853598,Kevin Kelly for State Senate,Kevin Kelly for State Senate,≤100
107451977452962,Steve Weir For CT,Steve Weir for CT,≤100
102636861398852,John Shaban for State Rep,Shaban For State Rep,≤100
675471506247724,Adair for Congress,ADAIR FOR CONGRESS,≤100
408250066356,Bill O'Reilly,"Bill Me, Inc.",≤100
2353537341582545,Proud Patriots,Proud Patriots,≤100
300879470268608,Connecticut HDCC,HDCC,≤100
1787052981618045,Eric Berthel State Senator 32nd,Eric Berthel For Senate,≤100
92925746942,Judicial Watch,Judicial Watch,≤100
109111900634787,Reverend Raphael Warnock,WARNOCK FOR GEORGIA,≤100
429812024048177,Doug Jones for Senate,DOUG JONES FOR SENATE COMMITTEE,≤100
95181800661,Levi's,Levi's®,≤100
152639512112687,Larry Groh Jr. 2020,Groh 2020,≤100
23875187730,Feeding America,Feeding America,≤100
18813753280,Human Rights Campaign,"HUMAN RIGHTS CAMPAIGN, INC",≤100
96935476345,Democratic Governors Association (DGA),DEMOCRATIC ACTION,≤100
2015956171986471,Green for State Representative,Robin Green for State Rep,≤100
203197030603239,8 Billion Trees,8 Billion Trees,≤100
1930610017167931,State Representative Joe Polletta,Polletta for Rep,≤100
158791100909689,Concerned Veterans for America,Concerned Veterans for America,≤100
102257104725897,Lisa for Eastern CT,Lisa for Eastern CT,≤100
19192438096,AAAS - The American Association for the Advancement of Science,American Association for the Advancement of Science,≤100
102683276500013,Nolan for New London,Nolan4NL,≤100
108020694257208,Mike Skelps for Connecticut State House of Representatives,Skelps 2020,≤100
6713653788,Gary Peters,PETERS FOR MICHIGAN,≤100
8325302025,Friends of the Earth U.S.,Friends of the Earth,≤100
277005566267077,Blueland,Blueland,≤100
203805062990264,Ben Shapiro,The Daily Wire,≤100
309308412520731,Sandy Hook Promise,Sandy Hook Promise,≤100
5435784683,Greenpeace USA,"GREENPEACE, INC.",≤100
1419388578092947,Anna Paulina Luna,ANNA PAULINA LUNA FOR CONGRESS,≤100
1818137318253942,Martha Marx For CT,MARTHA 2020,≤100
278490715553293,Martha McSally,MCSALLY FOR SENATE INC,≤100
2267285956849056,Donald Trump 2020 Fans,I Love My Freedom,≤100
242077219243971,The Presidential Coalition,The Presidential Coalition,≤100
159964696102,Kevin McCarthy,KEVIN MCCARTHY FOR CONGRESS,≤100
8492293163,Environmental Defense Fund,Environmental Defense Fund,≤100
176789922364429,Steve Daines,STEVE DAINES FOR MONTANA,≤100
102490794676635,Tammy Nuccio for House of Representatives 2020,Nuccio 2020,≤100
131677553516197,Citizens Bank,CITIZENS FINANCIAL GROUP INC.,≤100
168051710543266,Lacy Johnson,Lacy Johnson for Congress,≤100
8934429638,Planned Parenthood Action,Planned Parenthood Action Fund,≤100
200650357207240,I Love My Freedom,I Love My Freedom,≤100
167586229923327,World Food Program USA,World Food Program USA,≤100
16477459734,League of Conservation Voters,"LEAGUE OF CONSERVATION VOTERS, INC",≤100
201510330492135,Re-elect Noreen Kokoruda,Noreen Kokoruda State Rep,≤100
103078951050057,Brian Marois for State Representative,Marois Is My Choice,≤100
276446475782587,State Representative Tami Zawistowski,Tami Z 2020,≤100
100137754724934,Trump 2020 Supporters,Proud Right Winger,≤100
362608464074295,CT Senate Republican Campaign Committee,CT Senate Republican Campaign Committee,≤100
106244251043808,Reuse Plastics,"AMERICAN CHEMISTRY COUNCIL, INC.",≤100
55549065733,Voto Latino,VOTO LATINO INC.,≤100
338028696036,Yahoo News,Verizon Media Inc,≤100
9324910069,NRSC,NRSC,≤100
215223965270049,Mitch for Newtown,Mitch for Newtown,≤100
6820348410,Kirsten Gillibrand,Off the Sidelines,≤100
51405613519,Focus on the Family,Focus on the Family,≤100
1456310534453054,Veteran Loans Online,"LMB OpCo, LLC",≤100
6204742571,Sierra Club,SIERRA CLUB,≤100
100256754899828,Patriot's Cave,Patriots Cave,≤100
354716314909000,Swing Left,Swing Left,≤100
10150100007820094,Wendy Davis,WENDY DAVIS FOR CONGRESS,≤100
101828401384077,Case for 63rd,Case 2020,≤100
175430096606327,Michelle Lapine McCabe,"McCabe 2020, Treasurer Karen Sanger. Approved by Michelle McCabe",≤100
7263476274,Mercy Corps,Mercy Corps,≤100
100289406783527,Dan Carter,Carter 2020,≤100
2352630938293825,Mytacticalpromos,Entremax,≤100
569773883535039,SunLife Solar,SunLife LLC,≤100
108237424220218,Bob for State Representative,Bob For State Rep,≤100
110329020803949,Vote NO to Matt Harper 2020,Patrick Joseph Mondaca,≤100
1626045997711052,Craig Miner Candidate for Senate 30th District,Craig Miner 2020,≤100
5720973755,Defenders of Wildlife,DEFENDERS OF WILDLIFE,≤100
213792049451918,Stand For America,Stand For America Inc,≤100
354831731593118,Fred Wilms 2020,Fred Wilms 2020,≤100
407664862957433,Ammar Campa-Najjar for Congress,AMMAR CAMPA-NAJJAR FOR CONGRESS,≤100
104905491126985,Erik Smith for State Representative,Smith for Milford,≤100
155640675098595,Sujata For CT,Sujata for Connecticut,≤100
38235851310,USA for UNHCR,UNITED STATES ASSOCIATION FOR UNHCR,≤100
151525932186806,When Democrats Turn Out,WHEN DEMOCRATS TURN OUT PAC,≤100
143055773143383,Patients For Affordable Drugs NOW,Patients for Affordable Drugs Now,≤100
884438908321976,Danbury Prospect Charter School,PROSPECT SCHOOLS INC,≤100
828902563856302,Chuck Schumer D-NY,FRIENDS OF SCHUMER,≤100
15239367801,The Wilderness Society,"WILDERNESS SOCIETY, THE",≤100
223008867858902,American Action News,American Action News,≤100
143528022388140,The Allstate Foundation,The Allstate Foundation,≤100
103597604713894,Team Trump Store,TRUMP MAKE AMERICA GREAT AGAIN COMMITTEE,≤100
114009933764548,The Patriot Club,RightWingGear,≤100
6041057841,The Humane Society of the United States,"HUMANE SOCIETY OF THE UNITED STATES, THE",≤100
114710126648118,Republican Dogs,Republican Dogs,≤100
167606528159,Dockers,Levi Strauss & Co.,≤100
170371520285147,State Senator Mary Daugherty Abrams,"Abrams for State Senate, Peter N Hargett Treasurer, Approved by Mary Daugherty Abrams",≤100
109299497437235,Desmarais for State Senate CT 32nd,Desmarais 2020,≤100
281884085611820,Tedra Cobb,COMMITTEE TO ELECT TEDRA COBB,≤100
1570436056589861,Tom Delnicki,Tom Delnicki for State Rep,≤100
1672061526405158,Holly Cheeseman,Cheeseman for the 37th,≤100
493811210669780,Creative Action Network,Creative Action Network,≤100
681476628582019,Christine Rosati Randall,Christine for State Representative,≤100
102675031291746,Tammy Exum,"Exum 2020. Thomas L. Goodrum, Treasurer. Approved by Tammy Exum.",≤100
717115395103069,PrintedKicks,Printed Kicks,≤100
1743330725953647,Fishbein for State Representative,Craig Fishbein for State Representative,≤100
428143347684012,Jack Henrie for the 61st,Henrie for 61st,≤100
834645469890446,Devin Nunes,DEVIN NUNES CAMPAIGN COMMITTEE,≤100
1459398524272127,Re-Elect Devin Carney,Carney 2020,≤100
1427434070891061,Dave Gronbach for 30th Senate District,Gronbach 2020,≤100
405469100189512,Still My President - Donald Trump,Red State Politics LLC,≤100
643463669628493,Public Opinion Research Group,"Public Opinion Research Group, Inc",≤100
46093654473,National Republican Congressional Committee,NRCC,≤100
60449667441,Family Research Council,FAMILY RESEARCH COUNCIL,≤100
1204754733024419,People's Power Grab,ACRONYM,≤100
110583747169789,Hoyt for Hamden,Hoyt for Hamden 2020. Alan Llewelyn treasurer. Approved by Kathy Hoyt,≤100
1136781033034012,Brave New Look,Brave New Look,≤100
7145381235,American Jewish World Service - AJWS,"AMERICAN JEWISH WORLD SERVICE, INC.",≤100
665345483483486,NRA - National Rifle Association of America,NATIONAL RIFLE ASSN OF AMERICA,≤100
111393882812494,Amy McGrath,"AMY MCGRATH FOR SENATE, INC.",≤100
1653089834804575,Jim Feehan for State Rep,Feehan for 120,≤100
215968684159,AFT - American Federation of Teachers,American Federation of Teachers,≤100
7357041101,Tammy Baldwin,TAMMY BALDWIN FOR SENATE,≤100
132492254050920,American AF,AAF Nation,≤100
104351147973521,BLM Store,www.BLM.store,≤100
142992759853421,Be A Hero,BE A HERO PAC,≤100
103450621404978,Patrick Callahan for State Rep,PC 108,≤100
116546288359245,Heritage Action for America,HERITAGE ACTION FOR AMERICA,≤100
114969233564328,Lezlye Zupkus for the 89th District,Lezlye Zupkus for State Rep,≤100
513695272011123,The Genesis Prize,GPF NA LLC,≤100
461204744067686,Family Protection Association,Family Protection Association,≤100
100119981671668,Blue Senate,BLUE SENATE PAC,≤100
30708742052,FCTRY,FCTRY,≤100
100722328329613,Every Single Vote,Every Single Vote,≤100
24330467048,Americans for Prosperity,AMERICANS FOR PROSPERITY,≤100
596556607135301,The Earthling Co.,The Earthling Co.,≤100
223055747744143,Beto O'Rourke,Powered By People,≤100
800733046626902,Zadig&Voltaire,These ads ran without a disclaimer,≤100
372794289451630,Mike France for State Representative,MIKE FRANCE 2020,≤100
2010380035901743,Rebekah for Newtown,"Rebekah for Newtown 2020. Chris Gardner, Treasurer. Approved by Rebekah Harriman-Stites.",≤100
101127364972509,Dems For USA,Dems For USA,≤100
1107973016071967,Wesley Hunt,Hunt for Congress,≤100
116712290119930,Leamon for Probate,Leamon for Probate,≤100
197760674021143,Indivisible Guide,INDIVISIBLE ACTION,≤100
309798029121030,Everytown for Gun Safety,Everytown for Gun Safety Action Fund Inc,≤100
36872302227,Cory Booker,Cory Booker for Senate,≤100
107206034355112,Rick Bush for State Representative,Bush2020CT,≤100
109976445836,Darim Online,Darim Online,≤100
1449461518652183,4Patriots,4Patriots LLC,≤100
103026384819654,How to Vote,ACRONYM,≤100
17023576156,The Leadership Conference on Civil and Human Rights,Leadership Conference Education Fund,≤100
130467958471,Jason Lewis,Jason Lewis for Senate,≤100
10423517786,Harvard Business Review,HARVARD BUSINESS SCHOOL PUBLISHING CORPORATION,≤100
117109506688860,Justin4all: Paglino for Congress,"COMMITTEE TO ELECT JUSTIN PAGLINO FOR US CONGRESS, JUSTIN4ALL",≤100
102617961152741,Barbara Bollier,BOLLIER FOR KANSAS,≤100
355316521236121,John Cornyn,TEXANS FOR SENATOR JOHN CORNYN INC.,≤100
35169196082,Project HOPE,"PROJECT HOPE-THE PEOPLE-TO-PEOPLE HEALTH FOUNDATION, INC.",≤100
123064705856,FRC Action,Family Research Council Action,≤100
356482637745012,Stansberry Research,Stansberry Research,≤100
215199482635728,Alek Skarlatos,ALEK FOR OREGON,≤100
683872625157265,Theresa Greenfield,THERESA GREENFIELD FOR IOWA,≤100
773307893015171,Candelora for State Rep,Vin Candelora for State,≤100
106224464107240,Jo Jorgensen,Jo Jorgensen for President,≤100
153278754738777,Climate Reality,The Climate Reality Project,≤100
1005566252861190,VOTEPROCHOICE,DEMOCRATS.COM,≤100
892673067526965,Project War Path,Project War Path,≤100
20876805343,March of Dimes,MARCH OF DIMES INC.,≤100
103232231535182,Truly Loyal Patriots,Truly Loyal Patriots,≤100
170643583063156,Formica for Senate 2020,Formica for Senate,≤100
1925751504337881,MJ Hegar,MJ FOR TEXAS,≤100
8047221596,Save the Children US,"SAVE THE CHILDREN FEDERATION, INC.",≤100
102592959026,Ocean Conservancy,"OCEAN CONSERVANCY, INC.",≤100
104099074492299,Derrick Van Orden,VAN ORDEN FOR CONGRESS,≤100
1438808983108348,BOLD PAC,CHC BOLD PAC,≤100
1610834479233860,Fight For Reform,End Citizens United Non-federal,≤100
219612384781411,Bloomberg Philanthropies,Bloomberg Philanthropies,≤100
25852730092,Care2,Care2 Inc,≤100
104385708078979,Fusco4CT,Fusco4CT,≤100
1663633860555352,Laura Devlin for State Representative,Laura Devlin for State Representative,≤100
1683659714985244,Phil Ehr,EHR FOR CONGRESS,≤100
105577974544303,The USA Needs More Patriots,Anthony Alexander Morales,≤100
6316744206,Jon Tester,MONTANANS FOR TESTER,≤100
373814729643508,Let America Vote,LET AMERICA VOTE PAC,≤100
106973694007283,Keep America Great Again,KagaGear.com,≤100
103531607822207,Noticias para Inmigrantes,"Wise Rock Media, PBC",≤100
69983322463,Ted Cruz,TED CRUZ FOR SENATE,≤100
105577974544303,The USA Needs More Patriots,AmeriPolling,≤100
103091088191918,Rosa for Naugatuck,Rosa for Naugatuck,≤100
232577930643719,Salvatore Ritacco for Probate Judge,Salvatore Ritacco for Probate Judge,≤100
45393753416,Alliance Defending Freedom,Alliance Defending Freedom,≤100
872842866161157,One Nation Design,One Nation Design,≤100
1338822066131069,Women's March,Women's March,≤100
6820348410,Kirsten Gillibrand,Gillibrand for Senate,≤100
160513344045084,John Neely Kennedy,"John Kennedy for Us, Inc",≤100
114646533630729,Yes. Every Kid.,"yes. every kid, Inc.",≤100
171651620209487,Brady PAC,Brady Pac,≤100
106323360959211,Patriots Republic,Matthew James Stine,≤100
2019228981443626,She the People,She The People,≤100
406456986070332,Matt Gaetz,Friends of Matt Gaetz,≤100
5246634919,Zazzle,Zazzle Inc.,≤100
110734820461125,Cate Steel for State Rep,Catherine Steel for State Representative,≤100
483071318479403,Ridgefield CT Republican Town Committee,Ridgefield Republican Town Committee,≤100
956112704484286,American Update,American Update,≤100
7483836629,Ancestry,Ancestry.com Operations Inc.,≤100
103503957958666,Cathy Hopperstad for State Representative 9th District,Elect Hopperstad 2020,≤100
266344180585578,Jim Jordan for Congress,JIM JORDAN FOR CONGRESS,≤100
100233228182981,Madison Cawthorn for Congress,CAWTHORN FOR NC,≤100
113666459994300,Big Dan Rodimer for Congress,RODIMER FOR CONGRESS,≤100
102564128179023,Truth to Power,TRUTH TO POWER,≤100
17911165812,Covenant House International,Covenant House,≤100
116595013519384,Sarah Smith,8 Billion Trees,≤100
107256511084285,Staffer,Global Strategy Group,≤100
106663044307859,Mike Sievert,"T-MOBILE USA, INC.",≤100
604815952949093,Szynkowicz 2020,Szynkowicz 2020,≤100
134022479983303,"Morizio Law Firm, P.C.",Crisp Video Group,≤100
167397780555638,Phil Young for State Representative,Re-Elect Phil Young 2020,≤100
89336510798,American Friends of the Hebrew University,American Friends of Hebrew University,≤100
102606954857459,Beckett for Glastonbury,Beckett for Glastonbury,≤100
305832706292882,American Gun Association,GunAssociation.org,≤100
700806360047982,CFG Action,Club for Growth Action,≤100
289446947817747,Global Citizen,"GLOBAL POVERTY PROJECT, INC.",≤100
111023584012681,Open Road Homeward,Samantha Lyn Weldon,≤100
277414242013,Joyce Elliott for Congress,JOYCE ELLIOTT FOR CONGRESS,≤100
113553048669158,Rick Scott,TEAM RICK SCOTT,≤100
103911824657671,Health Insurance,Michael Melen,≤100
95356211637,Ben Ferguson,Ben Ferguson show,≤100
433919203362871,Bird + Stone,BIRD & STONE INC,≤100
103144548151014,Adrian Perkins,Perkins for LA,≤100
103373224404755,Impact Slates,COLLECTIVE IMPACT PAC,≤100
146771345429478,"Senator Bob Duff, Senate Majority Leader",Friends of Bob Duff,≤100
94047978366,PCCC - BoldProgressives.org,PROGRESSIVE CHANGE CAMPAIGN COMMITTEE,≤100
629732217415068,Republican Party,Greater Half,≤100
11653741889,Ad Council,Ad Council with Facebook Ad Credits,≤100
158257444210466,Morelli Law Firm,Morelli Law Firm,≤100
108557097612242,Vote By Mail PAC,Vote By Mail PAC,≤100
284946111858895,Debbie Mucarsel-Powell,DEBBIE FOR CONGRESS,≤100
51379424899,Mercy Ships,MERCY SHIPS INTERNATIONAL,≤100
143986912311328,University of Vermont Continuing and Distance Education,University of Vermont,≤100
105010030848236,Bryant Cameron Webb,DR. CAMERON WEBB FOR CONGRESS,≤100
297254237585636,Sheriff Strafe,These ads ran without a disclaimer,≤100
59386210330,American Lung Association,AMERICAN LUNG ASSOCIATION,≤100
1268410219898273,Tango Tango,Tango Tango Inc,≤100
57259033959,AARP,AARP,≤100
681745912255844,John Cummings for Congress,CUMMINGS FOR CONGRESS,≤100
17475614410,Hispanic Federation,Paid for by Hispanic Federation with Facebook Ad Credits,≤100
1970500023161948,New Friends PAC,New Friends PAC,≤100
209516845093,NRDC Action Fund,NRDC Action Fund,≤100
1088950287806118,Climate Hustle 2,CFACT,≤100
192015461630968,Supporting Our Brave Veterans,James Brian Plouf,≤100
112991460422488,Pam Salamone for State Representative,Committee to Elect Pam Salamone,≤100
341163402640457,NowThis,Group Nine Media,≤100
443329669123990,USAFacts,USAFacts Institute,≤100
159616034235,Walmart,WALMART INC.,≤100
7962229886,Environmental Working Group,ENVIRONMENTAL WORKING GROUP,≤100
118502801658228,Young Kim,Young Kim for Congress,≤100
530604487365010,Old Glory Flagpole Kits,Service First,≤100
206743952696198,Lower My Bills,"LMB OpCo, LLC",≤100
49651563727,Live Action,Live Action,≤100
593289284500311,Trump Rack,BOXD Marketing,≤100
102671331487937,I Love My Freedom Store,I Love My Freedom,≤100
190359334425329,David Arconti for State Representative,Arconti 2020,≤100
76625396025,CDC,U.S. Centers for Disease Control and Prevention with Facebook Ad Credits,≤100
108109934203874,Insta Shop Boutique,Insta Shop Boutique,≤100
103185334702225,Stop Trump PAC,STOP 45 PAC,≤100
21375324480,The Heritage Foundation,HERITAGE FOUNDATION (THE),≤100
926650430723985,Really American,REALLY AMERICAN PAC,≤100
1799282383731277,TwoSeventy,Alexander Jared Deutsch,≤100
907919839243616,My Faith Votes,My Faith Votes,≤100
71383025128,PARIS - Guerrilla Funk Recordings,"Guerrilla Funk Recordings and Filmworks, LLC",≤100
103218576421422,GirlTrek: Healthy Black Women and Girls,GirlTrek,≤100
34362997676,United States Holocaust Memorial Museum,UNITED STATES HOLOCAUST MEMORIAL MUSEUM,≤100
1934191280189700,Health Care Voter,Health Care Voter,≤100
1648154845427417,Doggy Do Good,Do Something Good LLC,≤100
1765073800454902,Reform Austin,Reform Austin Inc.,≤100
96171427550,Raja for Congress,FRIENDS OF RAJA FOR CONGRESS,≤100
376776419037747,Turning Point USA,Turning Point USA,≤100
894096170667732,Ashley Hinson,Ashley Hinson For Congress,≤100
38471053686,Elizabeth Warren,"WARREN DEMOCRATS, INC.",≤100
129255907131113,NumbersUSA,NUMBERSUSA EDUCATION AND RESEARCH FOUNDATION,≤100
1745785302349765,Bridgeport Generation Now,Bridgeport Generation Now Inc,≤100
1600352356914768,PushBlack,PushBlack,≤100
105986091121402,Elect Kathleen Stowe,Elect Kathleen Stowe,≤100
102745147891580,Trump Coolers,Trump Coolers,≤100
116238930177726,Artsiful,Brad Aaron Shaw,≤100
102875587947942,Keep Trump In Office,Keep Trump In Office,≤100
5943727453,American Humane,American Humane,≤100
1900853040223913,Count All Kids,Partnership for America's Children with Facebook Ad Credits,≤100
2339203789732156,Kim Mangone for Congress,COMMITTEE TO ELECT KIM MANGONE FOR CONGRESS,≤100
105707511217866,Communities Joining Hands,Elena Zhan,≤100
108692310594568,UNITE HERE,UNITE HERE PAC,≤100
193618220508,LIFE Today,LIFE Outreach International,≤100
345378512258813,Elise Stefanik,ELISE FOR CONGRESS,≤100
105278394175506,Stephanie for New Jersey,Stephanie for New Jersey,≤100
115024746010017,MediaWise,MediaWise,≤100
253791814655400,Doug Collins,"COLLINS FOR SENATE, INC.",≤100
118269091671380,The Home T,THE HOME T,≤100
6231686654,Compassion International,"COMPASSION INTERNATIONAL, INCORPORATED",≤100
145973965440671,Carnegie Corporation of New York,CARNEGIE CORPORATION OF NEW YORK,≤100
180540152778924,Steve Meskers 4 Greenwich,Steve Meskers 4 Greenwich,≤100
103644036958,United Association,United Association Political Education Committee,≤100
102787534748500,Kousidis for Connecticut,Kousidis4CTSenate,≤100
355316521236121,John Cornyn,Cornyn Majority Texas,≤100
530604487365010,Old Glory Flagpole Kits,Service First Flag Poles,≤100
491601111328453,State Representative Maria Horn,HDCC,≤100
419237048158257,Susan Collins,COLLINS FOR SENATOR,≤100
560140464159364,Stand for the 2nd Amendment,SFT2 Tactical Supply,≤100
101769576791,Health Action Network,Health Action Network,≤100
131306317680000,Social Goods,"Social Goods, LLC",≤100
419992651425033,Guardianes del Pueblo-Consumer Law Group,Consumer Law Group,≤100
58736997707,Marco Rubio,Marco Rubio for Senate,≤100
2078647579047586,Project Pulso,Pulso,≤100
50982313030,Food & Water Watch,Food & Water Watch,≤100
104027944769027,Proud Patriot Shop,The GOP Shop,≤100
210357995667559,The National Memo,The National Memo,≤100
2309566456030859,Human Coalition Action,Human Coalition Action,≤100
1771156219840594,Team Trump,TRUMP MAKE AMERICA GREAT AGAIN COMMITTEE,≤100
719913581472398,Napoli Shkolnik PLLC,Napoli Law,≤100
2225724194377884,Re-Elect Stephanie Cummings for State Representative,Vote Cummings,≤100
15771560300,Earthjustice,EARTHJUSTICE,≤100
2264090133834042,Invite Research,Precision Network,≤100
592707041080920,Stand Together,Stand Together Chamber of Commerce Inc.,≤100
1048486145183452,We Testify,We Testify,≤100
1451954991724762,Steinberg for State Representative,Jonathan Steinberg for State Representative,≤100
102777884781207,WinklerforVernon,Winkler for Vernon,≤100
17203056985,Partners In Health,Partners In Health,≤100
20395377020,Old Navy,Old Navy LLC,≤100
109947294143213,Republicanstorefront,Republicanstorefront.com,≤100
586751814690068,Joni Ernst,Joni for Iowa,≤100
236369846383459,Congressional Black Caucus PAC,Congressional Black Caucus PAC,≤100
442553959494293,Pay Up Climate Polluters,Center for Climate Integrity,≤100
780993358738144,Jennifer Leeper,"Jennifer Leeper 2020. Eric Newman, Treasurer. Approved by Jennifer Leeper.",≤100
103431981367088,Carla Volpe for State Representative,"Carla for CT. Diana Sisler, Treasurer. Approved by Carla Volpe.",≤100
1475749352708018,Cristin McCarthy Vahey,"Cristin McCarthy Vahey 2020. Eric Newman, Treasurer. Approved by Cristin McCarthy Vahey.",≤100
35142679763,Alzheimer's Disease Research,"BRIGHTFOCUS FOUNDATION, INC. A/K/A BRIGHTFOCUS FOUNDATION",≤100
121067011091,Arab American Institute,Arab American Institute with Facebook Ad Credits,≤100
110965977245543,CT Liberty Rally,Jonathan Milon Johnson,≤100
21559454473,FAIR,FEDERATION FOR AMERICAN IMMIGRATION REFORM,≤100
186932688457686,CHNGE,CHNGE,≤100
27544763621,Prison Fellowship,Prison Fellowship,≤100
481559282597914,TrumpersUnite,Respect The Look,≤100
166471303706,OkCupid,"MATCH GROUP, LLC",≤100
628891490457484,Nancy Mace,Nancy Mace for Congress,≤100
638673103424933,Retired Americans PAC,Retired Americans PAC,≤100
368516063671255,Paul Honig 2020,Honig 2020,≤100
153818201377620,Madison CT Democrats,Madison Democratic Town Committee,≤100
11791104453,NRDC,Natural Resources Defense Council,≤100
607626319739286,Black Voices for Trump,TRUMP MAKE AMERICA GREAT AGAIN COMMITTEE,≤100
107315591003146,Healthier Lifestyle,Katie Yazhen Gao,≤100
518194348194441,RepresentUs,RepresentUs,≤100
23790541544,Democrats,DCCC,≤100
207901812670026,theSkimm,"theSkimm, Inc.",≤100
201964110750378,The Alliance Party,THE ALLIANCE PARTY OF CONNECTICUT,≤100
18709174006,National Audubon Society,"NATIONAL AUDUBON SOCIETY, INC.",≤100
21455818797,Feed the Children,"FEED THE CHILDREN, INC.",≤100
228132537208218,Tammy Duckworth,TAMMY FOR ILLINOIS,≤100
625163578131723,Bravely Facing Tomorrow,Gregory Inwha Park,≤100
109320440856128,Together Beat Hate,"Foundation to Combat Anti-Semitism, Inc.",≤100
465483726908192,iVote,IVote Civic Education Fund,≤100
109984394118472,Mask Exemption Cards,Mask Exemption Cards,≤100
19746387261,Humane Society International,Humane Society International,≤100
104004620940896,Hilary Ram,Hilary Holt Ram,≤100
18479402361,No Kid Hungry,No Kid Hungry,≤100
110439270638992,NE1else,Time Management LLc,≤100
6165653060,AFSCME,AMERICAN FEDERATION OF STATE COUNTY & MUNICIPAL EMPLOYEES,≤100
123651254408327,Sokolove Law,"Sokolove Law, LLC",≤100
195530355493,Chicks On The Right,Chicks on the Right,≤100
123315077689118,Atria Books,Simon and Schuster,≤100
11111618026,Union of Concerned Scientists,"UNION OF CONCERNED SCIENTISTS, INC.",≤100
127821707877,YWCA USA,"YWCA OF THE USA, NATIONAL BOARD (INC)",≤100
248306181862385,Live Lokai,LOKAI HOLDINGS LLC,≤100
219247332354785,Phil Arballo for Congress,ARBALLO FOR CONGRESS,≤100
198684830716841,Anne Hughes,Anne Hughes Proactive CT,≤100
1530883997194411,United States Constitution,Flag and Cross,≤100
420785874975425,Conservative Institute,The Conservative Institute,≤100
124155874263916,Participant Media,Participant Media,≤100
152561628240904,SEIU PA State Council,SEIU COPE (SERVICE EMPLOYEES INTERNATIONAL UNION COMMITTEE ON POLITICAL EDUCATION),≤100
2068988876444634,Stand Up for Accurate Prenatal Answers,STAND UP FOR ACCURATE PRENATAL ANSWERS INC,≤100
143021112391265,Jacobin magazine,Jacobin Foundation,≤100
1109093812491437,Blaze Media,Blaze Media LLC,≤100
15524934075,Banana Republic,Banana Republic,≤100
142370046577999,Shahid Buttar for Congress,Shahid Buttar for Congress Committee,≤100
12301006942,Democratic Party,DNC SERVICES CORP./DEM. NAT'L COMMITTEE,≤100
2130092453868820,Kate Rotella for 43,HDCC,≤100
180308889033683,Country Lifestyle,Outergoods LLC,≤100
210333902420876,Sean Parnell,AMERICANS FOR PARNELL COMMITTEE,≤100
331037760381749,Sierra Magazine,SIERRA CLUB,≤100
293225127381200,Patriot Depot,The Patriot Depot,≤100
241672016328637,Lauren Underwood for Congress,LAUREN UNDERWOOD FOR CONGRESS,≤100
543055672532190,ConnecticutEast,Brian Scott-Smith - Broadcaster,≤100
1055873511190792,Hello Resistance,Hello Resistance Apparel,≤100
342887442508723,Convention of States,Convention of States Action,≤100
46347342434,EMILY's List,EMILY'S LIST,≤100
249455845761285,Lindsey Must Go,LMG PAC,≤100
128167457221813,Public Transportation,Voices for Public Transit,≤100
6756153498,Mike Bloomberg,Mike Bloomberg,≤100
1084856268238034,Trump Talking,Roberto None Lugo,≤100
152315634778510,UsAgainstAlzheimer’s,UsAgainstAlzheimer's,≤100
243510442756370,Justice Democrats,JUSTICE DEMOCRATS PAC,≤100
12301006942,Democratic Party,BIDEN VICTORY FUND,≤100
1836138529938551,Greater Half,Greater Half,≤100
107589664099282,Stand Up To China,"Stand Up To China, Inc.",≤100
101888608186192,MedicalCommunitynet,Medical Community LLC,≤100
2256321067930356,Liberteeclub,libertyteeshop,≤100
21492729544,Catholic Relief Services,CATHOLIC RELIEF SERVICES - UNITED STATES CONFERENCE OF CATHOLIC BISHOPS,≤100
808450969246896,"Rebecca Walser, Tax Attorney, CFP",Walser Wealth Management,≤100
8321461609,MomsRising.org,MomsRising Together,≤100
231166637464110,Lucy 2020,HMC,≤100
101411555005361,Stars and Strife,David Smick "Stars and Strife",≤100
202531447982,Jimmy Chin,Protect Our Winters,≤100
746938465317981,Nuclear Matters,Nuclear Matters,≤100
117770038046,United Services of Connecticut,Emily Catherine Morrison,≤100
873550809444862,Mighty Earth,Mighty Earth,≤100
117641114435,First Aid Beauty,First Aid Beauty,≤100
971668776283950,PolicyEd,Hoover Institution,≤100
130268756992804,Yale Climate Connections,Yale Climate Connections,≤100
19437978960,Chris Murphy,FRIENDS OF CHRIS MURPHY,≤100
911828698840246,ReLEntless Defender Apparel,ReLEntless Defender Apparel,≤100
2081864865362439,Mike Espy,MIKE ESPY FOR SENATE CAMPAIGN COMMITTEE,≤100
111892670610842,Political AF,wowengraving,≤100
655065784538368,PredictIt,"PredictIt - Prediction Markets. A project of Victoria University of Wellington, PredictIt has been established to facilitate research into the way markets forecast events.",≤100
396171943766601,John Hampton For State Representative,Hampton 2020,≤100
106667854471975,Outspoken,Log Cabin Republicans,≤100
398757490729,The National Network to End Domestic Violence,"NATIONAL NETWORK TO END DOMESTIC VIOLENCE, INC.",≤100
80987211775,Bill Cassidy,Bill Cassidy for US Senate,≤100
1690071827911682,Cleancult,cleancult,≤100
111237380629308,Corky Mazurek for State Representative,Corky 2020,≤100
1556932204325823,ProgressPop,ProgressPop,≤100
102244648206922,Riccio for Branford - Election to State Rep CT - 102,Riccio for Branford,≤100
585942765164217,Elect Democratic Women,ELECT DEMOCRATIC WOMEN,≤100
308159713150350,Voter Protection Project,VOTER PROTECTION PROJECT,≤100
303061950155375,John James,"JOHN JAMES FOR SENATE, INC.",≤100
124530924015,Hank Gilbert,HANK GILBERT FOR CONGRESS,≤100
8057376739,The Nature Conservancy,Nature Conservancy,≤100
1053833861326820,John Burke,Presidential Playbook,≤100
417522508294454,Job Creators Network,Job Creators Network,≤100
467804929927622,Jason Smith,JASON SMITH FOR CONGRESS,≤100
291102898490822,Giant Maga Hat,Inventors club LLC,≤100
152264148166020,Moms Clean Air Force,Moms Clean Air Force,≤100
19342050934,Leadership Institute,LEADERSHIP INSTITUTE INC,≤100
598720023670599,Jennifer Carroll Foy,Jennifer Carroll Foy for Governor,≤100
324558475104607,United We Dream Action,United We Dream Action,≤100
104006161328622,Kimberly Fiorello For CT House 149,Committee to Elect Kimberly Fiorello,≤100
225047548933396,Hip-Hop Political Education,Hip Hop Political Education Summit,≤100
317284821682168,Messianic Jewish Alliance of America (MJAA),Messianic Jewish Alliance of America,≤100
87199812705,Advocates for Youth,ADVOCATES FOR YOUTH INC,≤100
2046092952294722,Lucy McBath for Congress,FRIENDS OF LUCY MCBATH,≤100
231154884924705,AboutTrump.org - and Biden,A MARK FOUNDATION,≤100
154269528015922,Byron Donalds,Byron Donalds for Congress,≤100
184731548554164,PL+US,Plus Fund: Paid Leave for the United States,≤100
67626834312,National Women's Law Center,National Women's Law Center,≤100
104170004713256,Elect Black Democrats,THE COLLECTIVE PAC,≤100
216709768355686,Dinesh D'Souza,America2020 Film LLC,≤100
711478725532801,Civiqs,Civiqs,≤100
979720542211350,Humanize Being Black,Keyshun Quantarious Holmes,≤100
2012750189007245,Liquid Death Mountain Water,Liquid Death,≤100
166618413413767,Jay Sekulow,American Center for Law and Justice,≤100
267180743723148,National Geographic Society,National Geographic Society,≤100
259212814698356,Democratic Majority for Israel,DMFI PAC,≤100
260933440643373,UltraViolet,UltraViolet Action,≤100
537709253344323,The News Break - News Break,These ads ran without a disclaimer,≤100
163302087408673,Stop The Donald,Stop the Donald,≤100
108281434237351,UBS Financial Services Inc.,UBS Financial Services,≤100
244600896983,New Canaan Democrats,New Canaan Democratic Town Committee,≤100
7292655492,MoveOn,MOVEON.ORG CIVIC ACTION,≤100
496696933682736,Jeff Merkley,JEFF MERKLEY FOR OREGON,≤100
273184802815820,Identidad Latina Multimedia,Jorge A Alatrista,≤100
6333396177,NewsBusters.org,MEDIA RESEARCH CENTER,≤100
1634651343331439,Project Wren,Landon Brand,≤100
19972147679,SEIU,SEIU,≤100
551158678560402,Epimonia,Epimonia LLC,≤100
243947752771440,TJ Cox for Congress,TJ COX FOR CONGRESS,≤100
598394107018675,Assist the Resistance,Assist the Resistance,≤100
102829994892258,Election Year Merch,Election Year Merch,≤100
203197030603239,8 Billion Trees,8 Billion Trees LLC,≤100
105084617912738,PatriotQuizzes,patriotquizzes.com,≤100
6787988478,Physicians for Human Rights,"PHYSICIANS FOR HUMAN RIGHTS, INC.",≤100
153678684700451,American Investment Council,AMERICAN INVESTMENT COUNCIL,≤100
1681120172099567,Libertarian Candidates,Ryan Allen Raymond,≤100
162695894106234,Co-ops Vote,National Rural Electric Cooperative Association,≤100
1028908663935923,Americans for Fair Treatment,Americans For Fair Treatment,≤100
72931140459,Center for Biological Diversity,"CENTER FOR BIOLOGICAL DIVERSITY, INC.",≤100
53674651369,Susan B. Anthony List,Susan B. Anthony List,≤100
315151565831,Ascension,Ascension Press,≤100
152766071443309,The City University of New York,City University of New York,≤100
113702026736466,National Parks Action Fund,National Parks Action Fund,≤100
141692255929599,Democratic Socialists of America,DEMOCRATIC SOCIALISTS OF AMERICA INC,≤100
30914589895,The International Fellowship of Christians and Jews,"INTERNATIONAL FELLOWSHIP OF CHRISTIANS & JEWS, INC.",≤100
258470931719484,The Why Minutes,The Why Minutes,≤100
1864721517082089,Democratic Attorneys General Association,DAGA PAC,≤100
104241424297600,Fems for Democracy,Fems For Democracy,≤100
1396826627092902,Sue Hatfield,Sue Hatfield,≤100
296295018082,AARP en Español,AARP,≤100
258068384354843,"Cheshire, CT Democratic Town Committee","Cheshire, CT Democratic Town Committee",≤100
10498053716,Media Research Center,MEDIA RESEARCH CENTER,≤100
130945114804,World Jewish Congress,WORLD JEWISH CONGRESS AMERICAN SECTION INC,≤100
13867925345,Equality Florida,Equality Florida,≤100
29697575576,Paralyzed Veterans of America,PARALYZED VETERANS OF AMERICA,≤100
109379100777665,Patriotism Isn't Dead,Patriot Polling,≤100
132381633592940,The Lundquist Institute,LUNDQUIST INSTITUTE FOR BIOMEDICAL INNOVATION AT HARBOR-UCLA MEDICAL CENTER,≤100
2113400635561647,Andrea Mitchell Center for the Study of Democracy,Andrea Mitchell Center for the Study of Democracy at the University of Pennsylvania,≤100
200627077367103,Re-elect Carol Hall,Re Elect Carol Hall 59th. Bart Guistina Treasurer,≤100
1656666204620806,The Wright Stuff Chics,The Wright Stuff Chics,≤100
352527958302,Israel on Campus Coalition,Israel on Campus Coalition,≤100
100617774807036,The Reclaim Party,The Reclaim Party,≤100
51761261956,The Bill of Rights Institute,"BILL OF RIGHTS INSTITUTE, THE",≤100
27311599342,Preemptive Love,Preemptive Love Coalition,≤100
126066354160504,East Lyme Democrats,East Lyme Democratic Town Committee,≤100
119006106155684,PI Energy,Andrew P Chung,≤100
108932104229697,Ride the Red Wave,Vina American LLC,≤100
102137374563260,Confide in American Pride,John Allen Franson,≤100
919247181586782,WAVE,Women for American Values and Ethics,≤100
30079936984,CWS,"CHURCH WORLD SERVICE, INC.",≤100
284019295313159,Rutigliano For Trumbull,Rutigliano For Trumbull,≤100
537534316395916,Students for Trump,Turning Point Action,≤100
181183059253295,Dorsal Bracelets,Dorsal Bracelets,≤100
858210161010020,Tom Malinowski for Congress,TOM MALINOWSKI FOR CONGRESS,≤100
2049170775107862,Resistance By Design,Resistance By Design,≤100
113893130439041,GenFree,Gen Free,≤100
101533684726659,You Are A Pro,Ruth Nduta Karanja,≤100
142734833108860,Kara Rochelle for State Representative,HDCC,≤100
109186244232765,The Liberty Club,Cindy None Dao,≤100
225132657540724,Nicole Klarides-Ditria,"NKD20, Annmarie Drugonis - Treasurer. Approved by Nicole Klarides-Ditria.",≤100
101300771722995,The Patriotic Movement,Christopher Allen Supek,≤100
568257590245036,Blacks Against BDS,Blacks Against BDS,≤100
360303722260,Kathleen Williams,KATHLEEN WILLIAMS FOR MONTANA,≤100
82106496620,AARP New York,AARP,≤100
504161563089343,BlackPAC,Black PAC,≤100
102846434825096,Beat Abbott,Beat Abbott PAC,≤100
115364585711,Lawyers' Committee for Civil Rights Under Law,Lawyers' Committee for Civil Rights Under the Law with Facebook Ad Credits,≤100
108029674299216,We The People,We The People,≤100
102591491213285,Fred DeCaro III - Registrar of Voters,Fred D for ROV,≤100
485980975070908,Abigail Spanberger,SPANBERGER FOR CONGRESS,≤100
102579318191600,No Justice No Peace,NO JUSTICE NO PEACE PAC,≤100
107109947803536,Analyzing America,Gregory Lawrence Burright,≤100
233116802464,Independent Voter,Independent Voter Project,≤100
173837496125511,Conscious Step,Conscious Step,≤100
11006419356,The Voice of the Martyrs - USA,"VOICE OF THE MARTYRS, INC., THE",≤100
110849485902,United Way,United Way Worldwide with Facebook Ad Credits,≤100
278703415666824,Jeremy Jones,Protect Our Winters,≤100
6240652407,Young America's Foundation,YOUNG AMERICA'S FOUNDATION INC,≤100
74697123892,SEIU MN State Council,SEIU MN State Council,≤100
782093245218764,Qasim Rashid,RASHID FOR VA,≤100
121626482110,Operation Smile,"OPERATION SMILE, INC.",≤100
217976018236954,OutKick,Outkick Media LLC,≤100
248181906078243,National Institute for Civil Discourse,CommonSense American,≤100
102436701226752,Is It Sunday Yet?,Jarrett J Rogers,≤100
367292494407,AJC - American Jewish Committee,AMERICAN JEWISH COMMITTEE,≤100
110010433804232,Falkirk Center,Falkirk Center,≤100
114475890010131,Piggy Dollar Financial,Tyler Wayne Hedland,≤100
1678492922390061,WorkingNation,WorkingNation,≤100
1393911800825140,OZY,OZY Media Inc,≤100
257019421075897,Cory Gardner,Cory Gardner for Senate,≤100
1526736227567131,TrueCoverage,True Coverage,≤100
111324359048459,Dr. Roger Marshall,KANSANS FOR MARSHALL,≤100
601108943431836,The Flip Side,TFS Inc,≤100
6236054211,Brady,Brady Campaign to Prevent Gun Violence,≤100
156994304362574,American Bridge 21st Century,AB PAC,≤100
105536127617594,The American Digest,The American Digest,≤100
664770743730817,Dan Feehan for Congress,FRIENDS OF DAN FEEHAN,≤100
209046616332309,Xochitl for Congress,Xochitl for New Mexico,≤100
12683623041,Society for Human Resource Management (SHRM),SOCIETY FOR HUMAN RESOURCE MANAGEMENT,≤100
29883711738,Independent Women's Voice,Independent Women's Voice,≤100
134452023239984,Human Coalition,Human Coalition,≤100
104521178045033,Philip M. Overton Jr.,Philip M. Overton Jr.,≤100
172758932738142,PhRMA,PHARMACEUTICAL RESEARCH AND MANUFACTURERS OF AMERICA,≤100
2146201085498440,Tony Gonzales,Tony Gonzales for Congress,≤100
106949844346620,Trumpian Republicans,Gregory Lawrence Burright,≤100
598575284137858,The Trump I Know,Wolf Rock Pictures,≤100
702582586516561,CBN Israel,"The Christian Broadcasting Network, Inc.",≤100
105433064492153,The Return 2020,The Return International,≤100
296708523873754,Karla Dennis and Associates Inc.,"Karla Dennis & Associates, Inc",≤100
810122486032496,Jackie Gordon,JACKIE GORDON FOR CONGRESS,≤100
299907453682524,American Legacy Center,American Legacy Center,≤100
1025055787535714,A Case for Women,A Case for Women,≤100
1316372698453411,Alexandria Ocasio-Cortez,THE SQUAD VICTORY FUND,≤100
42002969352,Center on Budget and Policy Priorities,Center on Budget and Policy Priorities,≤100
43609808159,Happy Family Organics,Happy Family Organics,≤100
780941275347834,Ilhan Omar,ILHAN FOR CONGRESS,≤100
12185972707,350.org,350.org,≤100
1156676274461345,Mikie Sherrill,MIKIE SHERRILL FOR CONGRESS,≤100
700558280309875,Sootchy App,Sootchy Inc,≤100
107066557603584,Bennie Frank,Bennie Frank,≤100
2037695643113766,Blexit,Blexit Foundation,≤100
112164673854264,Living Patriotically,Living Patriotically,≤100
221038798332239,POACT,Police Officers Association of Connecticut,≤100
107226350977260,Rookie,Mark Anthony Russell,≤100
514167322309353,Dan Crenshaw,Crenshaw For Congress,≤100
6422138883,92nd Street Y,92nd Street Y,≤100
8550121410,Free Speech America Project,MEDIA RESEARCH CENTER,≤100
90498769709,Edenpure,EdenPURE®,≤100
102756811269921,Fellow Americans,Fellow Americans,≤100
31337944597,Harriet Beecher Stowe Center,Melissa Marie Combs,≤100
1194865807192273,Conservative Gear,Outergoods LLC,≤100
1420119678080729,EveryDistrict,EVERYDISTRICT,≤100
153448568178288,Silkies,"Semper Silkies, LLC",≤100
169294473121454,Policetees.com,PoliceTees.com,≤100
83865976093,Truthout,TRUTHOUT,≤100
2259323457517498,Abolish the Electoral College,ABOLISH THE ELECTORAL COLLEGE,≤100
1439364926329185,Animal Matters,Animal Matters,≤100
69039563201,Open Doors USA,"OPEN DOORS WITH BROTHER ANDREW, INC.",≤100
322551718276442,Lemons Are Blue,Lockwell LLC,≤100
55549065733,Voto Latino,Voto Latino with Facebook Ad Credits,≤100
12177095451,El Planeta,Carlos Jose Munoz,≤100
883795848342468,Westbrook CT Democratic Town Committee,Westbrook Democratic Town Committee,≤100
112735922758892,Charlie Kirk,Charlie Kirk,≤100
234621494446654,We Can’t Trust Nancy Mace,DCCC,≤100
112333396969405,Jim Bognet,Bognet for Congress,≤100
103046977892124,Adam Christensen For Congress,ADAM J CHRISTENSEN FOR CONGRESS,≤100
289544064711784,Progress North Carolina,Progress North Carolina,≤100
370657382416,Stanley Black & Decker,"STANLEY BLACK & DECKER, INC.",≤100
166166843531258,National Council of Resistance of Iran - شورای ملی مقاومت ایران,MEK-Iran (Saeid Saadati),≤100
167968013767335,Julie Oliver,JULIE OLIVER FOR CONGRESS,≤100
2225580284361712,Tommy Tuberville,"TUBERVILLE FOR SENATE, INC.",≤100
108635370971125,Home Value Club,Isaac Mari Jata,≤100
245284549333866,ASMDSS,ASMDSS,≤100
1435071773455316,Daily Wire,The Daily Wire,≤100
205395906412,UAW International Union,"INTERNATIONAL UNION, UNITED AUTOMOBILE, AEROSPACE AND AGRICULTURAL IMPLEMENT WORKERS OF AM",≤100
105481140904672,Core Prestige,Core Prestige,≤100
109698737529541,WomanKindness,WomanKindness,≤100
151757038879920,Alyse Galvin for Congress 2020,ALYSE FOR ALASKA,≤100
388506914678562,Radical Advocates for Cross-Cultural Education,Robert M Goodrich,≤100
1010143499143169,Medicare Savings,"Mayo Labs, LLC",≤100
227764782729,AMERICAN - STRONG!,American Strong LLC,≤100
17475614410,Hispanic Federation,Hispanic Federation,≤100
105269984593079,The Way I See It,Focus Features,≤100
193628397865385,Chip Roy,CHIP ROY FOR CONGRESS,≤100
1228396643984955,Michelle Steel,Michelle Steel for Congress,≤100
113891694102,Energy Citizens,AMERICAN PETROLEUM INSTITUTE,≤100
430964644347524,Campaign Ad-Cloud,Campaign Ad-Cloud,≤100
15041226930,Oxfam,"OXFAM AMERICA, INC.",≤100
18813753280,Human Rights Campaign,"HUMAN RIGHTS CAMPAIGN, INC.",≤100
1439322439499211,60 Second Docs Presents,Indigenous Media,≤100
248539568517772,New Jersey League of Conservation Voters,NJ LEAGUE OF CONSERVATION,≤100
111970730196550,World War Zero,AMERICAN SECURITY PROJECT,≤100
107953010886875,20Train.com,GEEG LLC,≤100
102959799834968,Diane Mitsch Bush for Colorado,DIANE FOR COLORADO CD3,≤100
6851405967,CREDO Mobile,"CREDO MOBILE, INC.",≤100
1413682351987764,Andy Kim for Congress,ANDY KIM FOR CONGRESS,≤100
48530203934,The American Alpine Club,"AMERICAN ALPINE CLUB, THE",≤100
1452551204988299,GoReact,Speakworks Inc,≤100
1977738355807406,Sharice For Congress,SHARICE FOR CONGRESS,≤100
1653251174924652,Fuzzu,Fuzzu,≤100
839110726214614,Realtors,NATIONAL ASSOCIATION OF REALTORS,≤100
700941689954518,Defend Our Future,Defend Our Future,≤100
2040270322863853,Tina Smith,TINA SMITH FOR MINNESOTA,≤100
1632568446971453,Boredwalk,Boredwalk,≤100
192013990902459,Roy Cooper,Cooper For North Carolina,≤100
111714948863671,Mid-Hudson Library System,Mid-Hudson Library System,≤100
100728821544877,Ryan Fazio for State Senate,Fazio for Connecticut,≤100
113632273787005,Unite The Fight PAC,Unite The Fight PAC,≤100
556344894736772,"New England, New Energy",Resource Media,≤100
100506848295759,Made to Fail,Made To Fail,≤100
101136147910784,Represent Justice,Represent Justice,≤100
312106992422,State Senator Rob Sampson,Robert C Sampson,≤100
333081284065216,Brynne Kennedy for Congress,BRYNNE KENNEDY FOR CONGRESS,≤100
350784278974539,Turning Point Action,Turning Point Action,≤100
953113491536337,Black to the Future Action Fund,Black to the Future Action Fund,≤100
336470580233523,Pins and Aces Golf Co.,US Craft Brands LLC,≤100
113110137118723,Collectible Currency,Proud Patriots,≤100
1000253160054572,Cori Bush,CORI BUSH FOR CONGRESS,≤100
100696128366533,Compare-HealthPlans.com,Darius Alexander Mcdougle,≤100
192771954102960,Jordan Sekulow,American Center for Law and Justice,≤100
114386721939978,The Made in America Store,Made In America Store,≤100
303167829786891,Ed Markey,THE MARKEY COMMITTEE,≤100
219224241438635,Compassion & Choices,COMPASSION & CHOICES,≤100
868405419972384,The Outrage,The Outrage,≤100
260713150211,Protect Our Winters,Protect Our Winters,≤100
25121889784,Texas Public Policy Foundation,Texas Public Policy Foundation,≤100
182620315479,Plan International USA,Plan International USA,≤100
210277954204,The Young Turks,"The Young Turks, Inc.",≤100
113502933787595,Patriots United,Tyler Wayne Hedland,≤100
249276273228,Phil Scott for Vermont,Phil Scott For Vermont,≤100
177468535761851,Cruelty Free International - United States,Cruelty Free International - United States,≤100
30792325085,Bipartisan Policy Center,"BIPARTISAN POLICY CENTER, INC.",≤100
73970658023,International Rescue Committee,These ads ran without a disclaimer,≤100
137459917707,The Brookings Institution,The Brookings Institution,≤100
1439829396312534,The Movement for Black Lives,Movement for Black Lives,≤100
680549575421741,UnitedVoice.com,"Beachside Media, Inc.",≤100
114226275387369,RepublicEn,republicEn,≤100
135298176481584,Marine Corps Scholarship Foundation,Marine Corps Scholarship Foundation,≤100
1486604288305133,Happy Earth Apparel,Happy Earth LLC,≤100
159597424207730,David Perdue,PERDUE FOR SENATE,≤100
706716899745696,Women for Trump,TRUMP MAKE AMERICA GREAT AGAIN COMMITTEE,≤100
497741237272262,Susan Wild for Congress,Susan Wild for Congress,≤100
59543893235,National Constitution Center,National Constitution Center,≤100
7341997111,Conservation International,Conservation International,≤100
1781731108749356,Eli Electric Vehicles,Eli Electric Vehicles Inc.,≤100
740266592735787,Free to Be Kids,Free To Be Kids,≤100
64742342517,Hagee Ministries,"GLOBAL EVANGELISM, INC.",≤100
91346559231,Democratic Legislative Campaign Committee - DLCC,Democratic Legislative Campaign Committee,≤100
1553558311617419,People United for Privacy,People United for Privacy,≤100
42940254353,Human Rights Watch,"Human Rights Watch, Inc.",≤100
657343731290262,American Freedom Fighter,American Freedom Fighter,≤100
180060629247353,Elaine Luria for Congress,ELAINE FOR CONGRESS,≤100
237477017606,Club for Growth,Club for Growth,≤100
108797534098691,Keep Gifts Great,Adrian Choi Conger,≤100
458928061510318,Rita Hart for Iowa,RITA HART FOR IOWA,≤100
242679302418244,Denison Forum,Denison Ministries,≤100
47712360678,Jobs With Justice,Jobs With Justice,≤100
374848446414965,Pollking,Benjamin Aaron Perlman,≤100
109894877501594,Steve Daines Follows The Money,DSCC,≤100
602828763544800,Kate For Congress,KATE FOR CONGRESS,≤100
203143199790433,Republic Services Teamsters,INTERNATIONAL BROTHERHOOD OF TEAMSTERS,≤100
106204621230673,Tactical Community,Empowerment Tactics LLC,≤100
186070498791676,The Dude,The Dude's Designs,≤100
163965296965203,32BJ SEIU,LOCAL 32 BJ SEIU,≤100
195620754724,Helping Hand USA,HELPING HAND FOR RELIEF AND DEVELOPMENT INC.,≤100
143729616392084,Van Drew for Congress,Van Drew for Congress,≤100
12784656483,Union Rescue Mission,Union Rescue Mission,≤100
98912141410,American Forests,American Forests,≤100
1424655311129385,Proud Pour,Proud Pour,≤100
34701792581,EWTN,Eternal Word Television Network,≤100
104504438466,Federal Voting Assistance Program - FVAP,Federal Voting Assistance Program,≤100
839073729808623,Hillary Scholten,SCHOLTEN FOR CONGRESS,≤100
121033149320,American Indian College Fund,"AMERICAN INDIAN COLLEGE FUND, THE",≤100
104027944769027,Proud Patriot Shop,Georgia Rose Benoit,≤100
106333028376,"Nichols Kaster, PLLP",Nichols Kaster PLLP,≤100
278487153675,Redneck Nation Clothing,Tracie Milliron Gold,≤100
100518621527781,Scott Gelber,Scott Gelber,≤100
13885075114,Action Against Hunger USA,ACTION AGAINST HUNGER - USA,≤100
260668817346988,Ignite National,IGNITE,≤100
1947525322184514,One Fair Wage,One Fair Wage,≤100
109866370700481,PushBlack Finance,PushBlack,≤100
785936231584382,Paula Jean Swearengin,Paula Jean for West Virginia,≤100
156268994819596,Marc J. Bern & Partners LLP,Marc J. Bern & Partners LLP,≤100
154860200019,Immigrants Rising,Immigrants Rising,≤100
497081420632330,Dr. Hiral Tipirneni,HIRAL FOR CONGRESS,≤100
656263988182462,Bill Hagerty,TEAM HAGERTY,≤100
468906559794011,LaunchGood,LaunchGood Inc.,≤100
123838185676931,Quinn Nystrom for Congress,Quinn Nystrom for Congress,≤100
14413545701,Conservation Law Foundation,"CONSERVATION LAW FOUNDATION, INC.",≤100
59254639983,Boston Medical Center,BOSTON MEDICAL CENTER,≤100
19420215926,CNSNews.com,MEDIA RESEARCH CENTER,≤100
101553758210575,The CT Strategist Report w / Daniel Kent Newmyer,Daniel Kent Newmyer,≤100
174046949421616,Phenomenal Woman Action Campaign,Phenomenal Woman Action Campaign,≤100
200224630053159,Ben McAdams,FRIENDS OF BEN MCADAMS,≤100
143089732792,Marsha Blackburn,Blackburn Tennessee Victory Fund,≤100
1658135304460341,MANG,MANG,≤100
114937555342547,Seth Abramson,Macmillan Publishing,≤100
1691667177798461,Brut,Brut,≤100
70874333603,CatholicVote,CatholicVote,≤100
103164911512902,ShopDemocratic,"DANWAL, INC.",≤100
129278807814364,Women of Welcome,Welcome.,≤100
49275915266,Marie Stopes International,MSI-US,≤100
325578590837480,Protect Our Care,Sixteen Thirty Fund,≤100
1447829315468579,Protect Colorado,"Protecting Colorado's Environment, Economy, and Energy Independence",≤100
35715544220,Stand.earth,STAND,≤100
1917715138510680,Follow Your Legend,Legend Bracelet,≤100
72565633140,Soles4Souls,"SOLES4SOULS, INC.",≤100
109914474151573,COMMUNITYx App,Chloe Cheyenne Rogers,≤100
166738743732702,All Above All Action,All Above All Action Fund,≤100
306591716448427,Cindy Axne,CINDY AXNE FOR CONGRESS,≤100
711909245654048,National Police Support Fund,National Police Support Fund,≤100
113222857176102,Home Auto Deals,Home Auto Deals,≤100
13046377116,Senator Matt Lesser,Matt 2020,≤100
740835272633567,Scott Milne for Vermont,Scott Milne for Vermont,≤100
648335462024721,Haley Stevens,HALEY STEVENS FOR CONGRESS,≤100
830890360316751,Nick Hanauer,Civic Action,≤100
106697787812360,Melanin For Life,wowengraving,≤100
19554217292,American Heart Association: You're the Cure,American Heart Association,≤100
361960287311696,Better Medicare Alliance,"Better Medicare Alliance, Inc",≤100
1487185301595755,Wish Local,CONTEXTLOGIC INC.,≤100
104704401202729,"Teresa's Tips, Tricks & Tools for Beauty, Health & Wealth",Teresa Marie Von Riegen,≤100
177820122658949,Marlin & Saltzman,Marlin & Saltzman,≤100
792140450890876,Roger Eaton for Charlotte County Clerk of the Circuit Court,Roger Eaton,≤100
130848666099,Business Forward,Business Forward Inc.,≤100
105872574403318,Project TAMMI,a research grant at The National Center on Addiction and Substance Abuse (CASA),≤100
26006662641,Arizona Democratic Party,Arizona Democratic Party,≤100
160630887998827,Let Them Live,Let Them Live,≤100
102439174938829,Liberty Center for God and Country,Liberty Center for God & Country,≤100
221401431386940,Pramila Jayapal,PRAMILA FOR CONGRESS,≤100
154042277970966,International Refugee Assistance Project,"INTERNATIONAL REFUGEE ASSISTANCE PROJECT, INC.",≤100
106556251148324,Westestylish.com,These ads ran without a disclaimer,≤100
252814820267,HIAS,HIAS,≤100
34233921079,National Queer Asian Pacific Islander Alliance,"NATIONAL QUEER ASIAN PACIFIC ISLANDER ALLIANCE, INC., THE",≤100
153309775026,SnapStream,SnapStream Media,≤100
5633824547,FreedomWorks,"FREEDOMWORKS, INC.",≤100
124626320898336,Catholic Extension,"CATHOLIC CHURCH EXTENSION SOCIETY OF THE UNITED STATES OF AMERICA, THE",≤100
102161004838994,Melissa Gould for Judge,Melissa Gould for Judge,≤100
1709145412721991,The Center for Growth and Opportunity at Utah State University,The Center for Growth and Opportunity,≤100
237400249787995,OLLI: the Osher Lifelong Learning Institute at Berkshire Community College,Osher Lifelong Learning Institute at Berkshire Community College,≤100
137078141865,Kentucky Democratic Party,Kentucky Democratic Party,≤100
922580991129339,People's Mojahedin Organization of Iran - MEK IRAN,MEK-Iran (Saeid Saadati),≤100
290851614930809,Combat AntiSemitism,Combat Anti-Semitism,≤100
108232074355032,Second-Rate Democracy,Douglas James Amy,≤100
108777231824,Manhattan Institute for Policy Research,MANHATTAN INSTITUTE FOR POLICY RESEARCH INC,≤100
105561217523274,The_Dispatch,"Dispatch Media, Inc.",≤100
112325855474892,Speak Up For Education and Kids,National Education Association,≤100
548407915183371,Liz Cheney,Liz Cheney for Wyoming,≤100
112254017245488,Citizens for a Better NC Senate,Citizens for a Better NC Senate,≤100
199928852452,Men's Wearhouse,These ads ran without a disclaimer,≤100
470241276500901,Women Vote,WOMEN VOTE!,≤100
70995214846,Business Roundtable,Business Roundtable,≤100
1472549903019349,CCAN Action Fund,Chesapeake Climate Action Network Action Fund,≤100
466164103423147,Thorn,Thorn with Facebook Ad Credits,≤100
104038541334426,BailoutWatch,Climate Nexus,≤100
117410271826,American Public University,These ads ran without a disclaimer,≤100
83290028957,Care Net,CARE NET,≤100
111648480319494,800DEMOCRAT,800DEMOCRAT,≤100
1096622853789812,Forward Promise,Forward Promise,≤100
494434100982424,AARP Long Island,AARP,≤100
16477459734,League of Conservation Voters,League of Conservation Voters Education Fund,≤100
111633800672097,"Safer Together New York, Inc.",Safe Together NY Inc,≤100
110828620426941,Roger Polack for Congress,ROGER FOR WISCONSIN,≤100
44705166993,Vote.org,Vote.Org,≤100
79125112926,Students for Life of America,"STUDENTS FOR LIFE OF AMERICA, INC.",≤100
140614202619821,iCivics,iCivics,≤100
1354622541311687,Dr. Kim Schrier,DR KIM SCHRIER FOR CONGRESS,≤100
319085508164191,Affordable Pharmacy Action Network,Paid for by Pharmaceutical Care Management Association,≤100
175797376373,"WaterFurnace Geothermal Heating, Cooling & Hot Water","WATERFURNACE INTERNATIONAL, INC.",≤100
747783932079184,Jared Golden for Congress,COMMITTEE TO ELECT JARED GOLDEN,≤100
19474609238,Mercatus Center at George Mason University,Mercatus Center at George Mason University,≤100
101894128312659,My President,wowengraving,≤100
292351509697,Jerusalem Prayer Team,Jerusalem Prayer Team,≤100
1295279420598401,Victoria Spartz,VICTORIA SPARTZ FOR CONGRESS,≤100
100501611534904,BDS is BS,BDS is BS,≤100
9316648525,The Chicago School of Professional Psychology,TCS Education System,≤100
147447783311,Charlie Crist,CHARLIE CRIST FOR CONGRESS,≤100
24470472733,The Trevor Project,The Trevor Project,≤100
55708608675,RAND Corporation,"RAND CORPORATION, THE",≤100
106284501132110,Demoquiz,David Charles Madden,≤100
358113240871900,Nuclear Energy Institute,"NUCLEAR ENERGY INSTITUTE, INC.",≤100
109526232935380,Synthisophy,Synthisophy,≤100
1443127535947107,Save the Children Action Network,Save the Children Action Network,≤100
871459806310539,DABAR = Dalyvaukime ir Aktyviai Balsuokime Ateinančiuose Rinkimuose,Musu Metas Dabar,≤100
394817334402124,2020 Trump Bill,Innovative Ecomm LLC,≤100
162493793737,Rick Green,Richard Arlin Green,≤100
101295517956158,Tricia Zunker,Tricia Zunker for Wisconsin,≤100
59386210330,American Lung Association,These ads ran without a disclaimer,≤100
103336027796367,Jeff Bishop,These ads ran without a disclaimer,≤100
116967995034184,Westchester Hispano,Westchester Hispano Inc,≤100
215281808519580,Random House,Penguin Random House LLC,≤100
1949440971937523,Maine Voter Info,MAINE DEMOCRATIC PARTY,≤100
107665644228467,Conservative Journal Review,Conservative Journal Review LLC,≤100
737686089933715,Conservative Collections,Mainline Media Group,≤100
103963987985703,Birth Defects Victims,Birth Defects Victims,≤100
12503116997,Dennis Prager,Salem Media,≤100
514167322309353,Dan Crenshaw,Dan Crenshaw for Congress,≤100
103979520737,WildCare,WILDCARE TERWILLIGER NATURE EDUCATION & WILDLIFE REHABILITATION,≤100
148789241860673,Scuf Gaming,These ads ran without a disclaimer,≤100
194413290579640,Wisconsin Assembly Democrats,Assembly Democratic Campaign Committee,≤100
81372493950,POET,POET,≤100
112600915451330,No Labels,No Labels,≤100
269479249997,National Shooting Sports Foundation | NSSF,National Shooting Sports Foundation,≤100
174905503013610,Harley Rouda,HARLEY ROUDA FOR CONGRESS,≤100
106572950040377,Max Rose,MAX ROSE FOR CONGRESS,≤100
136116246452638,"Forestdale, Inc.","FORESTDALE, INC.",≤100
59877921429,Lutheran Immigration and Refugee Service,"LUTHERAN IMMIGRATION AND REFUGEE SERVICE, INC.",≤100
32582320449,CMMB,CATHOLIC MEDICAL MISSION BOARD INC,≤100
661744180680367,National Police Association,"NATIONAL POLICE ASSOCIATION, INC.",≤100
157652584384932,David Schweikert,FRIENDS OF DAVID SCHWEIKERT,≤100
100105951856542,Merican Outpost,'Merican Outpost,≤100
1082522201878539,Gina Ortiz Jones for Congress,GINA ORTIZ JONES FOR CONGRESS,≤100
118116893361371,Citizens for a Better NC House,Citizens for a Better NC House,≤100
103645227897737,Zesty Salsa,Gabriel F Serrano,≤100
112679213772857,Truth Lion,Truth Lion,≤100
263160922963,Qué Buena 98.9-99.1 FM,Univision Communiciations Inc.,≤100
224110651893,International African American Museum,IAAM,≤100
644965592787776,Teachers for Public School Excellence,Teachers for Public School Excellence,≤100
384557995468219,Viral Casez,Viral Casez,≤100
1865047147110748,Death Penalty Action,Death Penalty Action,≤100
56332452163,AMA Patients Action Network,American Medical Association,≤100
151142722351597,Palm for State Representative,HDCC,≤100
215144770606,American Muslims for Palestine,Ajp Educational Foundation Inc,≤100
96491683438,"The Friends of Israel Gospel Ministry, Inc.","FRIENDS OF ISRAEL GOSPEL MINISTRY, INC, THE",≤100
1438882392887793,ADF Church Alliance,Alliance Defending Freedom,≤100
334748476594191,Rodney Davis,Rodney for Congress,≤100
615854911830541,Shore Buddies,Shore Buddies,≤100
357554791340788,Liker,Omar Rivero,≤100
181813995726,Avalara,"AVALARA, INC.",≤100
1624206881186861,Lisa Blunt Rochester,LISA BLUNT ROCHESTER FOR CONGRESS,≤100
868259909915525,Susie Lee,Susie Lee for Congress,≤100
7219151423,The Fund for American Studies (TFAS),The Fund for American Studies,≤100
84206511914,MN AFL-CIO,Minnesota AFL-CIO Politcal Fund,≤100
263386623815099,NCLD,NATIONAL CENTER FOR LEARNING DISABILITIES INC.,≤100
332172544231683,America's Plastic Makers,"AMERICAN CHEMISTRY COUNCIL, INC.",≤100
174971709316,Cigna,Cigna,≤100
116616056408494,Poder NC Action,Poder NC Action,≤100
142432192446984,David Horowitz Freedom Center,David Horowitz Freedom Center,≤100
6315243665,Faith in Public Life,"FAITH IN PUBLIC LIFE, INC.",≤100
141901795868393,Alaska Democrats,ALASKA DEMOCRATIC PARTY,≤100
1605226979725996,State Representative Nick Duran,"Nick Duran, Democrat, for Florida House",≤100
102661701651,South Carolina Small Business Chamber of Commerce,South Carolina Small Business Chamber of Commerce,≤100
110962313941403,Vote from Home 2020,PEOPLE FOR GOVERNMENT PAC,≤100
570331853141386,Friends of Traditional Banking,FRIENDS OF TRADITIONAL BANKING INC,≤100
246846192720018,War On Our Future,The Years Project,≤100
101208514791301,Daniel Turner,Power The Future Inc,≤100
1099478666810053,Meals For Pets,Meals for Pets,≤100
17801244148,Jill Schupp,SCHUPP FOR CONGRESS,≤100
276466976142714,Moguldom,NUBAI VENTURES LLC,≤100
179909895355213,AIDS United,AIDS UNITED,≤100
100699775058659,Education Now NC,Education Now,≤100
111499100431,National Association for Gun Rights,NATIONAL ASSOCIATION FOR GUN RIGHTS INC,≤100
554883387889248,Movement Day,Movement Day,≤100
121731445898409,I Love Great Deals,Roberto None Lugo,≤100
122008864019,Sasquatch Books,SASQUATCH BOOKS LLC,≤100
282728185140429,Rep For Vets,The Rep For Vets,≤100
90022052772,Williams,"WILLIAMS COMPANIES, INC., THE",≤100
103597034685122,Vote Like A Madre,LATINO VICTORY PROJECT,≤100
248468095247223,Rastaclat,Rastaclat,≤100
102315041409283,Horses in our Hands,In our Hands Action Fund,≤100
110141897436476,Cooper for Mayor,Kenneth D. Cooper for Mayor,≤100
303374266418976,AFPM,American Fuel & Petrochemical Manufacturers,≤100
884608308247144,Armadillo Hat Company,Armadillo Hat Company,≤100
103376804451432,Trending Politics,Making Web LLC,≤100
105882964535390,Cats Against Trump,Cats Against Trump,≤100
106203264511020,Washington Changed Katko,DCCC,≤100
1718260095117355,Representative Ben Diamond,Representative Ben Diamond,≤100
1397456727053085,Georgia Law Enforcement,Georgia Law Enforcement Organization,≤100
103276641416832,The Juggernaut Project,JUGGERNAUT PROJECT LLC,≤100
2070944712939738,American Police Officers Alliance,American Police Officers Alliance,≤100
312657362217994,Women's Heart Alliance,Women's Heart Alliance,≤100
428838360823173,Empowering Pacific Islander Communities,Empowering Pacific Islander Communities (EPIC) with Facebook Ad Credits,≤100
294196590710262,FWD.us,FWD.us,≤100
345946329411380,Petal Soap,Jason Paul Domangue,≤100
23503994928,Healthcare IT News,HIMSS,≤100
106215047605899,Scott Cornuaud for Hunt County Attorney,Scott Allan Cornuaud,≤100
128716440866482,Adam Milstein,Adam Milstein,≤100
111173387386506,BBCC: Barbershop and Black Congregation Cooperative,Faith in Minnesota,≤100
931907200310657,Patients Rising Now,Patients Rising Now Inc,≤100
91438942057,United States Tennis Association - USTA (Official),United States Tennis Association (USTA),≤100
1800072483402009,African Community & Conservation Foundation,African Community & Conservation Foundation,≤100
201956993160690,MRCTV,MEDIA RESEARCH CENTER,≤100
1772437266382039,Black Buck Apparel,Black Buck Apparel,≤100
162635987104707,GOP Mall,"DANWAL, INC.",≤100
146211696845,University of Pennsylvania Carey Law School,University of Pennsylvania Carey Law School,≤100
314121315788033,Stand with Parkland,Stand With Parkland,≤100
125182621527545,Sarah McBride,Friends of Sarah McBride,≤100
105287044367027,ObsessedwithTrump,Donald Lee Rowan,≤100
79820371749,Ayanna Pressley,THE SQUAD VICTORY FUND,≤100
85337666730,Republican Governors Association (RGA),REPUBLICAN GOVERNORS ASSOCIATION,≤100
1428283027462702,Restoration PAC,RESTORATION PAC,≤100
103131054573692,Crawfordology,Crawfordology,≤100
109104833758307,CannedGood,CannedGood,≤100
318769698528236,End Party Politics,End Party Politics,≤100
541807025833154,Malala Fund,Malala Fund,≤100
394382318084500,United Against Mitch,GUARDIAN PAC,≤100
185177981584491,Brooklyn Law School,Brooklyn Law School,≤100
396932197039819,SafeSleeve,"SafeSleeve, LLC",≤100
100697751658498,Stronger.org,The Public Good Projects,≤100
966289866735471,Senator Larry Walker,Larry Walker For State Senate,≤100
263210730984251,We Are Great Again Pac,WE ARE GREAT AGAIN PAC,≤100
1613516851999536,Sunrise Movement,Sunrise,≤100
100846774982239,Protect Our Police PAC,Protect Our Police PAC,≤100
497348647140658,Point Source Youth,Point Source Youth,≤100
227535924071462,Animal Petitions,AnimalPetitions.org,≤100
227594571444676,Building New York's Best,"Carpenter Contractor Alliance of Metropolitan New York, Inc.",≤100
449816192500640,Shield Legal,"Shield Legal, LP",≤100
108971449133,Fisher House Foundation,"FISHER HOUSE FOUNDATION, INC.",≤100
107199049318619,Friends of Derek Kilmer,PEOPLE FOR DEREK KILMER,≤100
101894128312659,My President,Republican Nations,≤100
182658925089088,FINCA,"FINCA INTERNATIONAL, INC.",≤100
73528878871,Center for Reproductive Rights,Center for Reproductive Rights,≤100
950998258312654,Knowhere,"Knowhere, Inc.",≤100
149366465128820,Nicole Galloway,Nicole Galloway for Missouri,≤100
358930818155832,Ava Blaze Apparel Co.,Antoinette Kathleen Adkins,≤100
346937065399354,Occupy Democrats,Omar Rivero,≤100
372082579523719,Rabbi Dr. Shmuly Yanklowitz,Rabbi Dr. Shmuly Yanklowitz,≤100
960045850672105,One More Wave,Ernad Civic,≤100
30139072158,CARE,CARE,≤100
551158138917043,Support Black Lives,Support Black Lives,≤100
399067003454888,Sudan Relief Fund,Sudan Relief Fund Inc,≤100
1013558392124611,One Vote,One Vote Productions LLC,≤100
1472496323054612,It's About Time Mets: Elevating Metastatic Cancer Stories,GILDA'S CLUB CHICAGO,≤100
322870825821,Macmillan Audio,"HOLTZBRINCK PUBLISHERS, LLC",≤100
114201266689800,Soo Hong for State House,"Hong for State House, Inc.",≤100
102139218008846,King Nation Apparel,King Nation Apparel,≤100
211049239087028,Association of Young Americans,Benjamin J Brown,≤100
160484230634663,National Urban Indian Family Coalition,National Urban Indian family Coalition with Facebook Ad Credits,≤100
114848270361930,All Red,Republican Nations,≤100
130848666099,Business Forward,BUSINESS FORWARD,≤100
111954788847971,Charlotte-Mecklenburg Storm Water Services,Charlotte-Mecklenburg Storm Water Services,≤100
1809715209318581,Marjorie Taylor Greene for Congress,GREENE FOR CONGRESS,≤100
296914550322200,Jose Javier Rodriguez,Florida Democratic Legislative Campaign Committee,≤100
239369754353,Wooden Ships by Paola Buendia,WOODEN SHIPS OF HOBOKEN,≤100
1815446788701999,CHIEF ZABU Movie,Miguel Da Costa,≤100
11911627997,Pancreatic Cancer Action Network,"PANCREATIC CANCER ACTION NETWORK, INC.",≤100
112651498758184,RockinLeather,These ads ran without a disclaimer,≤100
46508415624,Scott Taylor,Scott Taylor for Congress 2020,≤100
172350046891,Dr. Dons Buttons,"RATLIFF ENTERPRISES, INC.",≤100
100318648456990,Red Merle Design,Red Merle Design,≤100
819607471729183,Dr. Al Gross for US Senate,DR. AL GROSS FOR U.S. SENATE,≤100
289213691238937,Thrasher Coffee,Thrasher Coffee Co.,≤100
250093028763321,State Rep. Deborah Silcox,Friends of Deborah Silcox,≤100
103682744790863,Mike Bennett,Mike Bennett,≤100
614134231980299,Veterans Empowered To Protect African Wildlife,VETPAW INC,≤100
146508528746285,The Raben Group,Brenda Vanesa Arredondo,≤100
102527004893192,The National Standard,Howard Stephan Barbanel,≤100
592347634460462,Partnership for America's Health Care Future,Partnership for America's Health Care Future,≤100
1642386799323957,Angie Craig,ANGIE CRAIG FOR CONGRESS,≤100
1345951945549438,The Trump Prophecy,"DIGITAL COAST MEDIA, LLC",≤100
99753625313,Jewish Currents,Jewish Currents,≤100
328536134533302,Timothy McMahan King,Timothy M King,≤100
243498882520314,FoodFinder,"FOODFINDER, INC.",≤100
102455534898300,Face The Change,FaceTheChange.co,≤100
402969533432277,Cisneros for Congress,CISNEROS FOR CONGRESS,≤100
306420763347824,Mamadou.,Mamadou Tiemoko Yattassaye,≤100
233232726827616,Mary Rabago Productions,Mary Rabago Productions,≤100
181924628560212,SumOfUs,SumOfUs,≤100
971463449533074,Nate McMurray for Congress,NATE MCMURRAY FOR CONGRESS,≤100
38234604057,PEN America,PEN AMERICAN CENTER INC,≤100
109360297266116,Fearless Patriot,TERESA NONE OHARA-MARSH,≤100
313723095478950,The Daily Citizen,Focus on the Family,≤100
109093764266209,The Unwavering Patriot,Alexander Olivio Blanco,≤100
486742462081051,Mike Cooney for Governor,Cooney for Montana,≤100
211769902266016,Killingworth Republican Town Committee,Scott Derek Phelps,≤100
105735397284,United States Conference of Catholic Bishops,UNITED STATES CONFERENCE OF CATHOLIC BISHOPS,≤100
119211622812975,"Advance Georgia, Inc","Advance Georgia, Inc.",≤100
375760676281438,Mermaid Straw,Mermaid Straw,≤100
169440273093442,The Center for Election Science,The Center for Election Science,≤100
114971076538782,The Keystone,"Courier Newsroom, Inc.",≤100
113976907107946,Dumps for Trumps,Dumps for Trumps,≤100
284362934917960,Scott Wilk,Scott Wilk for Senate 2020 FPPC ID#: 1392822,≤100
102455491417600,Calm Down Caren,John A Rosano,≤100
105157841248307,No Filter Politics,No Filter Politics,≤100
8936818385,Accuracy in Media,"ACCURACY IN MEDIA, INC",≤100
111718570352005,Yes on Measure A - A Solution for Homelessness,"Yes on Measure A - Homes for San Diegans, Sponsored by a Coalition of Civic Nonprofits and Housing Providers.  Committee major funding from  Affirmed Housing Group Inc  Eden Housing Inc  Metropolitan Area Advisory Committee (MAAC)  Funding details at www.sandiego.gov/donors. ",≤100
169116383716122,Shanna Danielson for PA State Senate,Friends of Shanna Danielson,≤100
1596671280578981,Schools & Communities First,Schools and Communities First,≤100
78420171887,Sailors for the Sea,SAILORS FOR THE SEAINC,≤100
413004792116827,Lucky Shot,Lucky Shot USA,≤100
168109446538119,St. Martin's Press,Macmillan Publishing,≤100
110191837500636,Better Legislators,Better Prosecutors for PA,≤100
341240953385902,Force Of Nature Meats,Force of Nature,≤100
165566613453452,ERLC,ETHICS AND RELIGIOUS LIBERTY COMMISSION OF THE SOUTHERN BAPTIST,≤100
112388493820536,Patriots United For America,Patriots United For America,≤100
114485130396677,Patients First USA,Patients First USA,≤100
317198638317313,Leslie Danks Burke,Friends of Leslie,≤100
256043277748645,NetChoice,NETCHOICE,≤100
108430860703956,Fascinating Cards,"Fascinating Cards, LLC",≤100
7735858972,Humane Society Legislative Fund,Humane Society Legislative Fund,≤100
311134189218940,For Our Future Nevada,For Our Future Action Fund,≤100
118714808054,Mi Familia Vota,Paid For By Mi Familia Vota with Facebook Ad Credits,≤100
102180301437619,2020 American Defense Fund,C3 PAC,≤100
112831537216212,Politasource,Politasource LLC,≤100
180994485384812,Rep. Chuck Efstration,"Efstration for House, Inc.",≤100
109489840860646,Doctors Against Trump,COMMITTEE TO PROTECT MEDICARE PAC,≤100
350692761610088,Matt Cartwright for U.S. Congress,CARTWRIGHT FOR CONGRESS,≤100
21090771700,Gun Owners of America,Gun Owners of America,≤100
18982436812,ACLU,American Civil Liberties Union Foundation,≤100
104500742993682,"League of Women Voters of Huntington, NY",Deborah Lynn Cosher,≤100
29008276590,The Salvation Army Greater New York Division,The Salvation Army,≤100
125649561365522,J.D. Scholten,SCHOLTEN4IOWA CAMPAIGN COMMITTEE,≤100
144850842237429,Independentvoting.org,Independent Voting (IndependentVoting.org),≤100
25255876194,GOPAC,GOPAC Election Fund,≤100
332803374044043,Chris Bubser for Congress,CHRIS BUBSER FOR CONGRESS,≤100
1397799040234106,OpinionUP,OpinionUP LLC,≤100
108906707265489,USA Pooch,"PRESIDENTIAL POOCH, INC",≤100
516232695098088,Defenders of Freedom and Security,DEFENDERS OF FREEDOM AND SECURITY,≤100
104339748032689,Women and Minority Business,Needhelppayingbills.com,≤100
319982881752525,Kara Eastman,EASTMAN FOR CONGRESS,≤100
121259182476,Intercessors for America,INTERCESSORS FOR AMERICA,≤100
42872222699,Dana Loesch,Dana Loesch Radio,≤100
2321993584737314,The Markin Report,The Markin Report,≤100
1897590443853130,Will Robinson,Will Robinson for State Representative,≤100
106524727819174,True Patriot Supply Co.,True Patriot Supply Co,≤100
107439427661844,Accountable Tech,Accountable Tech,≤100
100317328397968,Daniel Hill,HarperCollins Christian Publishing,≤100
664287716946897,The Refuge for DMST,THE REFUGE FOR DMST,≤100
1668350569891953,Rainbow Movement,William James Ulrich,≤100
107248944146204,Carlos Gimenez for Congress,Carlos Gimenez for Congress,≤100
16534314739,Facing History and Ourselves,"FACING HISTORY AND OURSELVES NATIONAL FOUNDATION, INC.",≤100
243399129090445,Christina Hale,HOOSIERS FOR HALE,≤100
15503839732,Peter G. Peterson Foundation,Peter G. Peterson Foundation,≤100
162244692732,Brennan Center for Justice at NYU Law,William J Brennan Jr Center for Justice Inc,≤100
1224295357599212,Miguel Laureano Senador Distrito de Humacao,Comité Miguel Laureano,≤100
54787697857,Ron Wyden,WYDEN FOR SENATE,≤100
118686519962406,NIOSH Aerosol Respirator and Face Shield Protection for The General Public,"Eastern PPE Imports, LLC",≤100
181385265351965,Mosaic Magazine,Mosaic,≤100
1830908377227716,Jane Bland,Justice Jane Bland Campaign,≤100
108512875350,The Atlas Society,The Atlas Society,≤100
898651906923421,"Devils Music, Holy Rollers and Hillbillies: How America Gave Birth to Rock",James Cosby,≤100
191975737491988,Jennifer Wexton,WEXTON FOR CONGRESS,≤100
108635370971125,Home Value Club,Home Value Club,≤100
27544763621,Prison Fellowship,Brandon Anders Larsen,≤100
169130743498585,Tactical Pro Supply,Chad Keller,≤100
540707072979860,Brian Maryott,MARYOTT FOR CONGRESS,≤100
115497288466814,Home Builders Association of Central Arizona,Home Builders Association of Central Arizona,≤100
1573514862764092,Speech First,Speech First,≤100
425303257834064,Tom Basile,TomBasile.com,≤100
59473866945,Oregon AFL-CIO,OREGON AFL-CIO,≤100
361587717312833,"The Shapiro Law Firm, LLC",Amanda Brooke Shaffer,≤100
103983379801,Texas Democratic Party,Texas Democratic Party,≤100
103322426424621,Jonathan Karl,Jonathan David Karl,≤100
136299005939,Heifer International,HEIFER PROJECT INTERNATIONAL,≤100
202590841969,Erie City Mission,Erie City Mission,≤100
221890358218748,Til Valhalla Project,Til Valhalla Project,≤100
109259897568722,The Democratic Senate Action Committee,THE DEMOCRATIC SENATE ACTION COMMITTEE,≤100
1784991421516214,Seek Refuge,Seek Refuge,≤100
101252208408663,Bill Cutters,Bill Cutters,≤100
138141366212571,Gravis Marketing,GRAVIS MARKETING INC.,≤100
102970113093477,Church Militant/St. Michael’s Media,Max Aldcander Douglas,≤100
304062610300415,VozWire,Gregson E Mathe,≤100
456262374764387,Voters Not Politicians,Voters Not Politicians,≤100
28144169620,Alliance for Aging Research,Alliance for Aging Research,≤100
332843176870186,Dr. Tom Sherman,Tom Sherman for State Senate,≤100
463095630924391,US Business Funding,Credox,≤100
7814597100,Jim Jordan for Congress,JIM JORDAN FOR CONGRESS,≤100
103825151267369,No Progressive Tax,No on the Progressive Tax,≤100
105715796618476,Protect Greater Chaco,Protect Greater Chaco,≤100
69869352985,Freedom Debt Relief,These ads ran without a disclaimer,≤100
300476911222,Middlesex County Democratic Organization,"Pinkin for Clerk, Tomaro for Freeholder, and Koppel for Freeholder, PO Box 434, Edison, NJ 08818",≤100
1066463660056620,Common Defense,COMMON DEFENSE ACTION FUND,≤100
455147011996099,The Ann and Phelim Scoop,The Unreported Story Society,≤100
2341701139443660,Liz Joy for New York,JOY FOR NY,≤100
2176472882580975,Crusader Outlet,Crusader Marketing,≤100
263878310977179,Senator Pete Flores,Pete Flores Campaign,≤100
472938276849222,Heroes For Healthcare,"Center for Popular Democracy, INC.",≤100
1234251319933440,Exclusive Apparel,The Dude's Designs,≤100
28510612138,Uncommon Knowledge,Hoover Institution,≤100
16775672689,Heartland Institute,The Heartland Institute,≤100
254943996005,Catholic Answers,"CATHOLIC ANSWERS, INC.",≤100
97466887664,Innocence Project,"INNOCENCE PROJECT, INC., THE",≤100
2295062210811244,Coalition for American Veterans,COALITION FOR AMERICAN VETERANS POLITICAL ACTION COMMITTEE,≤100
1453339054911514,Latino Community Fund -LCF Georgia,Latino Community Fund Georgia,≤100
114885646899438,Mr. 45th,Clush,≤100
682990071843813,Center for the Study of Liberty,Center for the Study of Liberty,≤100
384676381708957,Education NC,Education NC,≤100
105691622840015,Human Rights Foundation (HRF),Human Rights Foundation,≤100
865633690313272,Unbothered,VICE MEDIA INC,≤100
327202261326682,Stephanie Bice,Bice for Congress,≤100
39432041915,Capital Research Center,CAPITAL RESEARCH CENTER INC,≤100
131724126872982,"District Council 37, AFSCME","District Council 37, AFSCME",≤100
6334782252,Oceana,OCEANA,≤100
172531602775264,Joe Gruters,Joe Gruters for Florida State Senate (District 23),≤100
100401327980848,National Parents Union,National Parents Union,≤100
521924961194913,Bruce Westerman,Westerman for Congress,≤100
154510321337994,Chris Pappas for Congress,CHRIS PAPPAS FOR CONGRESS,≤100
103864061464089,Maine Liberty Coalition,"Maine Liberty Coalition, LLC",≤100
789546641178807,Brand New Congress,Brand New Congress,≤100
260536047319339,RN Action,American Nurses Association,≤100
117513180002579,John Shallman,Target Marketing Digital,≤100
1819038681660595,Erik Charles Russell,Erik Charles Russell,≤100
16317479654,Deseret News,Deseret News,≤100
570524446405979,Only Human,Only Human,≤100
149081336362,AmeriCorps VISTA,Corporation for National and Community Service,≤100
135002490472474,Conor Lamb,CONOR LAMB FOR CONGRESS,≤100
300992409852,Hoover Institution,Hoover Institution,≤100
612701059241880,Latinos for Trump,TRUMP MAKE AMERICA GREAT AGAIN COMMITTEE,≤100
171287339973880,LCV Victory Fund,"LCV Victory Fund, 202-785-8683, and not authorized by any candidate or candidate’s committee",≤100
1311291038982513,2A Gear,Teecreations LLC,≤100
1229789977123022,Debbie Lesko for Congress,DEBBIE LESKO FOR CONGRESS,≤100
190987118163092,Connected Clothing Company,Connected Clothing Company,≤100
514649125971110,EDF Action Votes,EDF Action Votes INC,≤100
110588273989071,Joe's Joe,Joes Joe LLC,≤100
1747132688647028,Democratic Association of Secretaries of State,Democratic Association of Secretaries of State,≤100
709491732434343,שורת הדין - Shurat HaDin,Israel Law Center,≤100
1274746369267915,Le Lion,Le Lion LLC,≤100
123624513983,The Western Journal,The Western Journal,≤100
111945553601129,Trump2020 Coffee,Trump2020 Coffee,≤100
301228420816284,Teresa Leger Fernandez,TERESA FOR ALL,≤100
1272534336242476,World101,Council on Foreign Relations,≤100
2132239103548917,Every Last One,Every Last One,≤100
58158120046,ACLJ,American Center for Law and Justice,≤100
208463585839891,Living Future Institute,International Living Future Institute,≤100
101322804991434,Friends of Eliseo Santana,Friends of Eliseo Santana,≤100
1628679613829742,Josh Hicks,Josh Hicks for Congress,≤100
107297026677,Labor Council for Latin American Advancement (LCLAA),Labor Council for Latin American Advancement with Facebook ad Credits,≤100
107937014153581,Energized Health,John Jubilee Transformation LLC DBA Energized Health,≤100
1789962974566691,totBoxx,totBoxx LLC,≤100
999775873528189,Stopping Socialism,The Heartland Institute,≤100
223315101050132,Waters Kraus & Paul,Waters Kraus & Paul,≤100
40973310753,Pathfinder International,Pathfinder International,≤100
718475924980443,Amsterdam & Partners LLP,Amsterdam & Partners LLP,≤100
53541257714,The Arc of the United States,"ARC OF THE UNITED STATES, INC., THE",≤100
101724361319410,Ronny Jackson for U.S. Congress TX-13,Texans for Ronny Jackson,≤100
109774654107757,Sauucee,Sauucee,≤100
2212066245574161,Sarah Huckabee Sanders,St. Martin's Press,≤100
110998592305221,Dr. Martens,Dr. Martens AirWair USA LLC,≤100
1533092446942704,Nicole Malliotakis for Congress,NICOLE FOR NEW YORK,≤100
14673807622,Wisconsin Conservation Voters,Wisconsin Conservation Voters Independent Expenditure Committee,≤100
102281264932254,The Southern Strategy,Southern Strategy,≤100
519590768083165,Abby Finkenauer for Congress,FINKENAUER FOR CONGRESS,≤100
357750373755,National Domestic Workers Alliance,National Domestic Workers Alliance,≤100
100133611824182,Cortwo,"Cortwo, Inc.",≤100
115209826981358,Families Surviving Catastrophe,Henry George Hansen,≤100
1951010831847963,Connecticut Council of Family Service Agencies,Connecticut Council of Family Service Agencies,≤100
150322194563,PASA Primates: Pan African Sanctuary Alliance,PAN AFRICAN SANCTUARIES ALLIANCE,≤100
1255514891283096,RGA Right Direction PAC,RGA RIGHT DIRECTION PAC,≤100
141786816970,Cruise Lines International Association - CLIA,Cruise Lines International Association,≤100
105339390844700,Back The Blue Love,These ads ran without a disclaimer,≤100
380150085350039,Justice Ken Wise,Friends of Justice Ken Wise,≤100
100523018383357,National Federation of Christian Businesses - NFCB,National Federation of Christian Businesses Inc,≤100
104618567915577,Yes on L - Oceanside,"Yes on L - Oceansiders for Jobs, Health, and Safety, a coalition of Farmers, Firefighters, Business Leaders & Affordable Housing Advocates, sponsored by The NRF Project Owner",≤100
106493481115475,Protect Our Election,Protect Our Election,≤100
667406426724032,Cocoa Butter,Amazon Studios,≤100
339432396135584,The Exodus Road,EXODUS ROAD INC,≤100
1081518195353411,Erik Rock - Rock Productions LOL,Erik Andrew Rock,≤100
100968128255680,Strong Women,These ads ran without a disclaimer,≤100
1438553336457672,Fair Housing Council of Greater San Antonio,SAN ANTONIO FAIR HOUSING COUNCIL INC,≤100
369325156488153,Ubuntu Life,Ubuntu Life,≤100
104012084703106,One People United PAC,One People United,≤100
1488803804538481,Mike Siegel,MIKE SIEGEL FOR CONGRESS,≤100
7642602143,Mother Jones,FOUNDATION FOR NATIONAL PROGRESS,≤100
106284687700661,Bob Dallari,"Robert Dallari, Republican, for Seminole County Commission, District 1",≤100
856208611420219,Christina Finello,FINELLO FOR CONGRESS,≤100
322222884530329,Former State Representative Bob Cortes,"Bob Cortes, Republican, for State Representative",≤100
112473780428837,Chasten Buttigieg,Kenneth James Gillett,≤100
101553991315236,Jay Lin for State House,Jay Lin for Georgia,≤100
15351475322,Cathy McMorris Rodgers,Cathy McMorris Rodgers for Congress,≤100
17023576156,The Leadership Conference on Civil and Human Rights,The Leadership Conference on Civil and Human Rights,≤100
110468488981853,UNRWA USA,UNRWA USA,≤100
429651323843750,Verizon Wireless Workers Rising,"COMMUNICATIONS WORKERS OF AMERICA, AFL-CIO, CLC",≤100
211596438980002,Ampersand Consulting,Ampersand Consulting,≤100
814260155318929,The Fairness Project,The Fairness Project,≤100
1463195153693785,Citizens for a Pro-Business Delaware,Citizens for a Pro-Business Delaware,≤100
108073649248029,The CLEO Institute,The CLEO Institute Inc,≤100
99033391274,Brian Kemp,Kemp for Governor Inc,≤100
12692955711,Chronicle of Higher Education,"CHRONICLE OF HIGHER EDUCATION, INC. (THE)",≤100
102747281355975,This Is Our Democracy,Center for Popular Democracy Action,≤100
100123544800892,Disme Coin Company,Byron Michael Laughlin,≤100
355306710087,STONE DECISION,Paul Stanley,≤100
73970658023,International Rescue Committee,International Rescue Committee,≤100
24425672689,Museum of the City of New York,Museum of the City of New York,≤100
249209315116542,Enfield Democrats,Enfield Democratic Town Committee,≤100
105318696193467,Indiana AFL-CIO,AMERICAN FEDERATION OF LABOR & CONGRESS OF INDUSTRIAL ORGANIZATIONS,≤100
1640970822834351,Plaine Products,Plaine Products,≤100
108273097641608,The Biden Store,David Paul Kim,≤100
154146314774110,Chris Latvala,"Chris Latvala, Republican for Florida House, District 67",≤100
207549645977714,Families Belong Together,Families Belong Together,≤100
150681061641282,Tri-State G&T,Tri-State Generation Transmission Association Inc,≤100
227653210738154,"Mothers Against Police Brutality, Inc.",MOTHERS AGAINST POLICE BRUTALITY,≤100
108543130978621,Proud American Gifts,The GOP Shop,≤100
317667194946264,Ro Khanna,RO FOR CONGRESS INC,≤100
304750332920654,Carl DeMaio,Reform California,≤100
113310617054164,Trump Baseball Bats,Trump Baseball Bats,≤100
2133130356918764,Common Justice,COMMON JUSTICE INC,≤100
104255784686223,The Lorna M. Johnson Global Institute,The Lorna M. Johnson Global Institute,≤100
333710103706307,Giffords,GIFFORDS PAC,≤100
1962432260715827,Kindhumans,Kindhumans,≤100
11234736860,Tom McClintock,MCCLINTOCK FOR CONGRESS,≤100
109536287551897,Yes on Measure PM,CITIZENS FOR SAFE ACCESS 2020,≤100
143195412381888,"Georgia Gun Owners, Inc.",Georgia Gun Owners,≤100
107953199261156,ifaw,"INTERNATIONAL FUND FOR ANIMAL WELFARE, INC.",≤100
106629127527429,Kathy Barnette for Congress PA 04,Friends for Kathy Barnette,≤100
160389977329803,ATTN:,ATTN: INC.,≤100
234628203317767,Made for Freedom,Made for Freedom,≤100
114517875225866,The Other 98%,OTHER 98 PERCENT ACTION,≤100
112378316832885,Better PA,"Better Pennsylvania, Inc.",≤100
50711561090,Muslim Advocates,MUSLIM ADVOCATES,≤100
100101998363705,Agit Pop Shop,AGIT POP Shop,≤100
57495285387,Michael Bennet,BENNET FOR AMERICA,≤100
104697624670916,Elect Fabian Nelson Mississippi House District 66,COMMITTEE TO ELECT FABIAN NELSON HOUSE DISTRICT 66,≤100
296106753794181,Black Press USA - NNPA,Norman Rich,≤100
1667892193505378,Hold the House,HOLD THE HOUSE PAC,≤100
306224406752164,The Texan Patriot,Texan Patriot,≤100
103744091462809,The Trump Closet,Kenneth Dione Keith Jr,≤100
350523542184,Trust Women,Trust Women,≤100
1536587453277219,Dr. Steve Turley,Turley Talks LLC,≤100
103639724457386,Detectives' Endowment Association,Detectives' Endowment Association,≤100
103571278142168,Joni Ernst Isn’t On Our Side,DSCC,≤100
469720850049722,Mike Marron for State Representative,Citizens to Elect Mike Marron,≤100
6476528946,NAACP,National Association for the Advancement of Colored People (NAACP),≤100
10897453188,Operation Mobilization - OM USA,"OPERATION MOBILIZATION USA, INC.",≤100
335372906543111,Lee Constantine For Seminole County Commission,Lee Constantine Campaign for Seminole County Commission,≤100
124793512644293,Best Days Ahead,BEST DAYS AHEAD,≤100
438536186881177,All Clear Foundation,All Clear Foundation,≤100
110316697328742,People of Seniors Housing,People of Seniors Housing,≤100
896759427103774,Modern Medicaid Alliance,Modern Medicaid Alliance,≤100
169277310432049,"Texas Precision Optics, Inc.",Texas Precision Optics Inc,≤100
106308567506025,Moe Davis for Congress,MOE DAVIS FOR CONGRESS,≤100
44211307147,Digital Remedy,Digital Remedy,≤100
1741729849281711,Uber & Lyft Sexual Assault Attorneys,Safer America,≤100
153477451455783,The Optimist Daily,"The Optimist Publications, LLC",≤100
124924174551188,Awe Inspired,JILCO,≤100
123397377677195,"School of International Service, AU","School of International Service, American University",≤100
45758312413,Black Public Media,Black Public Media,≤100
295644160460352,Donald Trump Jr.,"Premiere Marketing, Inc.",≤100
108118933908193,Next Level Goods,Next Level Goods LLC,≤100
623339164538852,National Security Action,Nationalsecurityaction.org,≤100
260366367717440,Committee to Protect Medicare,Committee to Protect Medicare PAC,≤100
61265398450,AmeriCorps NCCC,Corporation for National and Community Service,≤100
113042546706999,Wendell Champion,CHAMPION FOR CONGRESS,≤100
165014546858456,Free To Choose Network,FREE TO CHOOSE,≤100
120085718005638,American Prairie Reserve,American Prairie Reserve,≤100
129602743740560,Illinois Family Action,ILLINOIS FAMILY ACTION NFP,≤100
79212718536,Jim Boyd,Jim Boyd,≤100
602237796584621,What It Takes,American Academy of Achievement,≤100
156919911022572,Steven Horsford,NEVADANS FOR STEVEN HORSFORD,≤100
112230466965874,Vote Like a Woman,PEOPLE FOR PEOPLE,≤100
105474881165649,Francesca Hong For Assembly,Friends of Francesca Hong,≤100
238473269650980,Capital & Main,CAPITAL & MAIN,≤100
105953890782784,The Factual,The Factual,≤100
1208669005920585,159 Georgia Together,159 Georgia Together,≤100
105698674239617,Embed News,Embed News,≤100
87977452433,Zumiez,Zumiez,≤100
209255512459483,DentaQuest,"DENTAQUEST VENTURES, LLC",≤100
28446275521,Military Officers Association of America (MOAA),Military Officers Association of America,≤100
399366360669553,Jamaal Bowman for Congress,Bowman For Congress,≤100
583715925012376,Mayor Trent Staggs,Staggs for Mayor,≤100
79820371749,Ayanna Pressley,THE COMMITTEE TO ELECT AYANNA PRESSLEY,≤100
487571108071357,North Carolina Coalition for Fiscal Health,North Carolina Coalition for Fiscal Health,≤100
957641814627684,Collaborative Imaging,Collaborative Imaging LLC,≤100
109088011473,Motorcycle Mechanics Institute,These ads ran without a disclaimer,≤100
1425435377743310,Conversations with Bill Kristol,The Foundation for Constitutional Government,≤100