﻿Page ID,Page Name,Disclaimer,Amount Spent (USD)﻿
107858693983382,The GOP Shop,The GOP Shop,≤100
305085265725,Committee For a Responsible Federal Budget,Committee for a Responsible Federal Budget,≤100
308666759175660,Center for Migration Studies of New York,CENTER FOR MIGRATION STUDIES,≤100
21472760578,C-SPAN,C-SPAN,≤100
167586229923327,World Food Program USA,World Food Program USA,≤100
600217573480158,GOPStore.com,Brian James Harlin,≤100
754520748264044,Wood by Stu,Stu Designs LLC,≤100
1764185850558806,Apex Clean Energy,Apex Clean Energy,≤100
245284549333866,ASMDSS,ASMDSS,≤100
130643246984786,James Diossa,City of Central Falls,≤100
507737986226896,The Happy Givers NPO,These ads ran without a disclaimer,≤100
22627435207,Presbyterian Church (U.S.A.),Presbyterian Church (U.S.A.),≤100
108111910614278,Planet911,Plane 911,≤100
69039563201,Open Doors USA,"OPEN DOORS WITH BROTHER ANDREW, INC.",≤100
133740559987144,Native American Rights Fund,NATIVE AMERICAN RIGHTS FUND,≤100
7814597100,Jim Jordan for Congress,JIM JORDAN FOR CONGRESS,≤100
1311291038982513,2A Gear,Teecreations LLC,≤100
125319303823,Champlain College,Champlain College Incorporated,≤100
2777578242259790,Great Again Gear,Great Again Gear,≤100
28889108258,Gospel for Asia,"GOSPEL FOR ASIA, INC.",≤100
260366367717440,Committee to Protect Medicare,Committee to Protect Medicare,≤100
274597959396166,Docs 4 Patient Care Foundation,Docs 4 Patient Care Foundation,≤100
792068250891835,Bobby Payne,Bobby Payne for State Representative,≤100
113721100093250,Dr. Radhika P. Kunnel  "RPK" for Assembly District 2,Committee to elect Radhika Kunnel,≤100
146678415405673,FindLaw for Legal Professionals,FindLaw Legal Professionals,≤100
393932827634250,Dissent Pins,Common Practice,≤100
324785111015146,The Reformed Constitutionalist,Michael John Cuellar,≤100
6279167307,Easterseals,Easterseals,≤100
1413682351987764,Andy Kim for Congress,Andy Kim for Congress,≤100
342887442508723,Convention of States,Convention of States Action,≤100
57259033959,AARP,AARP,≤100
108118933908193,Next Level Goods,Next Level Goods LLC,≤100
2283535575207809,Ditch Mitch,DITCH FUND,≤100
214002058736436,Unite America,UNITE AMERICA,≤100
148205145252473,Backcountry Hunters & Anglers,Backcountry Hunters & Anglers,≤100
111702860231554,Matt Lieberman,Matt Lieberman for Senate,≤100
112454848794673,Community Food Bank of Southern Arizona,"COMMUNITY FOOD BANK, INC.",≤100
1800759923583199,Rep. Liz Cheney,Congresswoman Liz Cheney,≤100
624703557992005,Rhode Island Census 2020,Rhode Island Complete Count Committee,106
1849483715167852,Firefly Engagement,"Firefly Engagement Services, Inc.",≤100
290851614930809,Combat AntiSemitism,Combat Anti-Semitism,≤100
19554217292,American Heart Association: You're the Cure,American Heart Association,≤100
85452072376,Newsmax,Newsmax Media,≤100
21375324480,The Heritage Foundation,HERITAGE FOUNDATION (THE),≤100
103162411257510,Trumplican,USA Movements,≤100
114971076538782,The Keystone,Courier Newsroom,≤100
213792049451918,Stand For America Now,Stand For America Inc,≤100
24834672986,Hip Hop Caucus,Hip Hop Caucus,≤100
681626158940626,Mission Roll Call,Americas Warrior Partnership,≤100
2189265054726827,Liberty Tee Shop,www.libertyteeshop.com,≤100
240425642652222,South Florida Wildlands Association,South Florida Wildlands Association,≤100
107761702578379,American Institute for Cancer Research - AICR,American Institute for Cancer Research,≤100
872842866161157,One Nation Design,One Nation Design,≤100
999556810102061,Signature Seas,Signature Seas,≤100
248181906078243,National Institute for Civil Discourse,CommonSense American,≤100
100454114890902,Wise Choice 2020,Wise Choice 2020,≤100
558201104233965,Stephanie Vela Anderson,Stephanie Vela Anderson,≤100
236369846383459,Congressional Black Caucus PAC,Congressional Black Caucus PAC,≤100
1006110349586564,Congressman TJ Cox,Office of Congressman TJ Cox,≤100
101136147910784,Represent Justice,Represent Justice,≤100
192737024112371,TWU Local 556,Transport Workers Union Local 556,≤100
284472231667570,Lincoln and Obama,Benjamin E Griessman,≤100
33110852384,Doctors Without Borders/ Médecins Sans Frontières (MSF),Doctors Without Borders/Médecins Sans Frontières (MSF),166
142288373333,HIMSS,HIMSS,≤100
108048380819042,Cliff Whitby for Mayor,Campaign to Elect Cliffard Whitby for Mayor of Macon-Bibb,≤100
8934429638,Planned Parenthood Action,Planned Parenthood Action Fund,≤100
106136417435051,Iwantmyoceanback,Iwantmyoceanback,≤100
107229050703874,Bernie Sanders Fan Club,Imran M Jemal,≤100
717115395103069,PrintedKicks,Printed Kicks,≤100
150322194563,PASA Primates: Pan African Sanctuary Alliance,PAN AFRICAN SANCTUARIES ALLIANCE,≤100
342294162453301,Planned Parenthood,Planned Parenthood Federation of America,≤100
126279571952,Huru International,HURU INTERNATIONAL,≤100
128155811565,Wyoming Liberty Group,Wyoming Liberty Group,≤100
122671561263552,Committee for Better Banks,"COMMUNICATIONS WORKERS OF AMERICA, AFL-CIO, CLC",≤100
83290028957,Care Net,CARE NET,≤100
101965401424828,James Cleavenger for Lane County District Attorney,James Cleavenger Campaign Fund,≤100
96171427550,Raja for Congress,FRIENDS OF RAJA FOR CONGRESS,≤100
1917715138510680,Follow Your Legend,Legend Bracelet,≤100
213998472307,Hoosier Environmental Council,"HOOSIER ENVIRONMENTAL COUNCIL, INC",≤100
566008736785269,Be Heard Project,Be Heard Project,≤100
7341997111,Conservation International,Conservation International,≤100
146817005352784,Wellness.com,"Beachside Media, Inc.",≤100
229229790561217,Tamara Mellon,"Tamara Mellon Brand, Inc.",≤100
117507751891,United Poultry Concerns,"UNITED POULTRY CONCERNS, INC",≤100
100562019990818,U.S. Term Limits,U.S. Term Limits Inc.,≤100
438536186881177,All Clear Foundation,All Clear Foundation,≤100
227594571444676,Building New York's Best,"Carpenter Contractor Alliance of Metropolitan New York, Inc.",≤100
8924408197,National Partnership for Women & Families,National Partnership for Women & Families,≤100
504118316658151,SilencedOrganic,SilencedOrganic.com,≤100
136211573758668,State Representative Steve Allison,Steve Allison,≤100
420785874975425,Conservative Institute,The Conservative Institute,≤100
263210730984251,We Are Great Again Pac,WE ARE GREAT AGAIN PAC,≤100
277005566267077,Blueland,Blueland,≤100
130912793621553,Food Bank For New York City,Food Bank For New York City,≤100
34370387440,JDRF,JDRF INTERNATIONAL,≤100
720943967965149,AFSCME Retirees,AMERICAN FEDERATION OF STATE COUNTY & MUNICIPAL EMPLOYEES,≤100
106241024214152,American Home Life Periodical,Steven Luu Nguyen,≤100
155857265265319,Pre-IPO Buzz,Pre-IPO Buzz,≤100
911845658833043,I Am An Immigrant,FWD.us Education Fund,≤100
210357995667559,The National Memo,The National Memo,≤100
104316084518762,DeFillippo For NYS 23rd District Senate,Justin M Defillippo,≤100
21834534343,Volunteers of America,"VOLUNTEERS OF AMERICA, INC.",≤100
165551260479306,Lifting Hands International,Lifting Hands International,≤100
37618389051,United Way of Rhode Island,UNITED WAY OF RHODE ISLAND INC,371
107834404161011,2econd Rights,Oscar Jose Trinidad,≤100
111712270202112,Mingus Mapps for Portland City Council,Mingus Mapps for Portland City Council,≤100
222811984421691,Cold Bee Gone,Joyce K C None Dales,≤100
125757680931707,National Association of Disability Representatives,These ads ran without a disclaimer,≤100
174665949220535,MiracleFeet,MiracleFeet,≤100
511018939262914,Support Pro-Life Kathy Barnette For US Congress District PA 04,Promise Land Men’s Ministries,≤100
108505303942541,Now Hear Me Out Podcast,Now Hear Me Out Podcast,≤100
101423907875536,Umbrella PAC,UMBRELLA PAC,≤100
7263476274,Mercy Corps,Mercy Corps,≤100
1166660030079480,National Democratic Redistricting Committee,National Democratic Redistricting Committee,≤100
109116647123146,Matthew Leonard for State Senate,Matthew Joseph Leonard,≤100
496696933682736,Jeff Merkley,JEFF MERKLEY FOR OREGON,≤100
159616034235,Walmart,WALMART INC.,≤100
136121223083299,Sea Turtle Conservancy,"SEA TURTLE CONSERVANCY, INC.",≤100
16352157727,Alfred A. Knopf,Penguin Random House LLC,≤100
1449461518652183,4Patriots,4Patriots LLC,≤100
7219151423,The Fund for American Studies (TFAS),The Fund for American Studies,≤100
1568427803440202,Columbia Global Reports,The Trustees of Columbia University in the City of New York,≤100
83600052210,Citizens Count,Citizens Count,≤100
1961490360828207,SEMA US,SEMA US,≤100
198875903295,Trek Bicycle,TREK BICYCLE CORPORATION,≤100
1079789672084038,SimonBooks,Simon & Schuster,≤100
8002590959,Rainforest Action Network,RAINFOREST ACTION NETWORK,≤100
294196590710262,FWD.us,FWD.us,≤100
336440323158789,Jack Burkman Radio,Jack Burkman Radio,≤100
104399301183506,Ban-AR-Now,Ban AR Now,≤100
95356211637,Ben Ferguson,Ben Ferguson show,≤100
101908424664094,Best Home Savers 2020,J D Grace Gorospe,≤100
153080620724,Donald J. Trump,"DONALD J. TRUMP FOR PRESIDENT, INC.",≤100
186150601993240,The Holiday Roundtable,Michael Aaron Sadler,≤100
7292655492,MoveOn,MOVEON.ORG CIVIC ACTION,≤100
104707767821415,Adam Andre Elkhorn School Board,Charles Adam Andre Iii,≤100
242351902481164,The Radical Tea Towel Company,These ads ran without a disclaimer,≤100
162493793737,Rick Green,Richard Arlin Green,≤100
24330467048,Americans for Prosperity,AMERICANS FOR PROSPERITY,≤100
136812255593,Brazos Press,Baker Publishing Group,≤100
384557995468219,Viral Casez,Viral Casez,≤100
87777747127,Greg Palast,Palast Investigative Fund,≤100
196622367084590,Dulcie Taylor,Thomas M Wainman,≤100
394817334402124,2020 Trump Bill,Innovative Ecomm LLC,≤100
129278807814364,Welcome.,Welcome.,≤100
154510321337994,Chris Pappas for Congress,CHRIS PAPPAS FOR CONGRESS,≤100
182633468499582,Tae Phoenix,Tae Phoenix Entertainment,≤100
356501381631264,Jerusalem Post,Diane Elise Haner,≤100
101247484747218,conservative_perspective,David Cooper Stephens,≤100
398986710654234,"Rob Barrett, Jr. for US Senate",ROB BARRETT FOR SENATE,≤100
363741920768563,RTBiQ Political,RTBiQ Political,≤100
106406727517594,2020 Trump,Christopher Joseph Garner,≤100
6041057841,The Humane Society of the United States,"HUMANE SOCIETY OF THE UNITED STATES, THE",≤100
107274614188149,Supportourmilitary,Jimmy Cristian Jurado,≤100
78120879969,ACLU of Florida,ACLU of Florida,≤100
997108126967413,Anonymous,These ads ran without a disclaimer,≤100
118178241651488,DSPolitical,"DSPolitical, LLC",≤100
181813995726,Avalara,"AVALARA, INC.",≤100
60865633726,Love Justice International,TINY HANDS INTERNATIONAL,≤100
1018914308173454,FStop Foundation,"FSTOP FOUNDATION INC, THE",≤100
109175084014970,Trump Style,Tyrone None Byers,≤100
298827966811602,Trump Recession,Maurice Lane Ponsart,≤100
314499212242,Pfizer,Pfizer Inc.,≤100
104622121026372,Earthbreeze,These ads ran without a disclaimer,≤100
216311481960,Bill Gates,These ads ran without a disclaimer,≤100
305107172859194,Defeating Trump and the Republican Party,"Voices of Health Care Action, a project of Gamechanger Networks",≤100
47710973068,Cooperative Action Network,National Rural Electric Cooperatives Association,≤100
312066286397519,Manning Asylum Law,Brian Steven Manning,≤100
7962229886,Environmental Working Group,ENVIRONMENTAL WORKING GROUP,≤100
100822738050183,Trump Star 2020,Greek Steel LLC,≤100
268311603350722,The American Independent,The American Independent,≤100
134956813238021,My Stupid Page,Ronald John Gembic,≤100
713157118860265,Platypus Oregon,Platypus Affiliated Society Oregon,≤100
2681078191918286,Deplorables The Game,Shutemdown LLC,≤100
2188424341404612,Project Ready,Project Ready,≤100
683872625157265,Theresa Greenfield,THERESA GREENFIELD FOR IOWA,≤100
384676381708957,Education NC,Education NC,≤100
2059019737447210,ChangeRoots,ChangeRoots,≤100
174990912523108,Rhode Island Resource Recovery Corporation,Rhode Island Resource Recovery Corporation,≤100
111782833723637,Guido Weiss for Congress,GUIDO WEISS FOR CONGRESS,≤100
1092340954202973,Maya Rockeymoore-Cummings for Congress,Maya Rockeymoore-Cummings for Congress,≤100
11111618026,Union of Concerned Scientists,"UNION OF CONCERNED SCIENTISTS, INC.",≤100
41182871633,National Museum of American Jewish History,National Museum of American Jewish History,≤100
149745555082419,Pioneer Institute for Public Policy Research,"Pioneer Institute, Inc.",≤100
184628874933227,The Elisha Project,These ads ran without a disclaimer,≤100
207901812670026,theSkimm,"TheSkimm, Inc",≤100
252814820267,HIAS,HIAS,≤100
172758932738142,PhRMA,PHARMACEUTICAL RESEARCH AND MANUFACTURERS OF AMERICA,≤100
146754548089,CityTeam,CityTeam,≤100
6096369029,Comedy Central,Comedy Central,≤100
89757739264,Farm Credit,Farm Credit Council,≤100
310875636463673,Don Bolduc,"Bolduc 2020, Inc.",≤100
105025901091483,Republican Party Strong,James R Oddo,≤100
169130743498585,Tactical Pro Supply,Chad Keller,≤100
6787988478,Physicians for Human Rights,"PHYSICIANS FOR HUMAN RIGHTS, INC.",≤100
122074182522878,Keep America Great 20,AMER AHMAD ABDEL-AZIZ,≤100
183872968312216,Popdust,cleancult,≤100
102413723172970,Nick Adams,Nick Adams,≤100
111955243675833,Brut News,Brut Media,≤100
6236054211,Brady,Brady Campaign to Prevent Gun Violence,≤100
15239367801,The Wilderness Society,"WILDERNESS SOCIETY, THE",≤100
110304423857607,Patriot Wear,Brandon Kyle Fink,≤100
106487520883333,Cardinal & Pine,Courier Newsroom,≤100
1290536624348001,Informed Immigrant,FWD.us Education Fund,≤100
105953890782784,The Factual,The Factual,≤100
2296497987261921,Amy Pope Wells for Congress,AMY POPE WELLS FOR CONGRESS,≤100
27544763621,Prison Fellowship,Prison Fellowship,≤100
452797224923658,Democratic Coalition Against Trump,THE DEMOCRATIC COALITION,≤100
7209432197,Chris Coons,CHRIS COONS FOR DELAWARE,≤100
114710126648118,Republican Dogs,Republican Dogs,≤100
21455818797,Feed the Children,"FEED THE CHILDREN, INC.",≤100
207245375352,SAGE,"SERVICES AND ADVOCACY FOR GLBT ELDERS, INC",≤100
150451082120925,The other 54%,Gregory M Berube,≤100
104289224445219,2020SupplyCo,Aiden Schutt,≤100
154042404618678,Nutty Steph's,Rabble-Rouser Chocolate & Craft Co.,≤100
22585467017,LATV,"LATV Networks, LLC",≤100
215689771967950,Plastic Tides,"Plastic Tides, Inc.",≤100
656263988182462,Bill Hagerty,TEAM HAGERTY,≤100
1234251319933440,Exclusive Apparel,The Dude's Designs,≤100
105732744375701,Steve Bullock,Montanans for Bullock,≤100
222164564466305,Civic Life Project - www.civiclifeproject.org,Dominique Lasseur,≤100
139466462865129,The Silver State Awards,Silver State Awards,≤100
682555508619370,Wake Up Atlanta,"ASIAN AMERICANS ADVANCING JUSTICE-ATLANTA, INC.",≤100
37540989546,Power to Decide,Power to Decide,≤100
304058913005378,Senior and Disabled Concerns,Senior & Disabled Concerns,≤100
13885075114,Action Against Hunger USA,ACTION AGAINST HUNGER - USA,≤100
243362776583569,Air Mail,Air Mail,≤100
833845080319275,The Daily Patriot,Full Tilt Holdings LLC,≤100
48570030993,The Lanier Law Firm,Grace Lamb,≤100
107305447560084,Just Win 2020,Andrew James Renk,≤100
110201667002800,Jewish Republican Alliance,YukoSocial LLC,≤100
203284909734636,Stan McClain,Stan McClain for State Representative,≤100
102745147891580,Trump Coolers,Eric Clifford Juels,≤100
279846350948,St. Labre Indian School,St. Labre Indian School,≤100
30618466815,Pacific Legal Foundation,Pacific Legal Foundation,≤100
109200595768753,The Christian Left,The Christian Left,≤100
508128102542448,Michael Owens for Congress,OWENS FOR CONGRESS,≤100
17023576156,The Leadership Conference on Civil and Human Rights,The Leadership Conference on Civil and Human Rights,≤100
304062610300415,VozWire,Gregson E Mathe,≤100
305832706292882,American Gun Association,GunAssociation.org,≤100
112600915451330,No Labels,No Labels,≤100
28896772146,San Diego Zoo,ZOOLOGICAL SOCIETY OF SAN DIEGO,≤100
229931827195676,Art of Teaching,John Russell Hassard,≤100
56780242206,Agros International,Sierra Hana Golden,≤100
237477017606,Club for Growth,Club for Growth,≤100
298043743589859,Omaze,Omaze,≤100
103292801078614,Given No Choice: A History of Abortion Rights,Cody Patrick Mcdevitt,≤100
209516845093,NRDC Action Fund,NRDC Action Fund,≤100
223315101050132,Waters Kraus & Paul,Waters Kraus & Paul,≤100
139398939438430,Left Action,Left Action LLC,≤100
136299005939,Heifer International,HEIFER PROJECT INTERNATIONAL,≤100
144429905313,AFSCME Council 31,AMERICAN FEDERATION OF STATE COUNTY & MUNICIPAL EMPLOYEES,≤100
64064370581,North Texas Food Bank,North Texas Food Bank,≤100
96935476345,Democratic Governors Association (DGA),DEMOCRATIC ACTION,≤100
101080714884609,Making the Case,Mario J Fratto,≤100
17274984050,Consumer Reports Advocacy,Consumer Reports Inc,≤100
11791104453,NRDC,Natural Resources Defense Council,≤100
2185993931653388,The Recount,"Recount Media, Inc",≤100
355956634503101,One Tax For All,ONE TAX FOR ALL,≤100
30708742052,FCTRY,FCTRY,≤100
278434943062355,WellBeing International,Kathleen Zuroski Rowan,≤100
7292655492,MoveOn,MOVEON.ORG POLITICAL ACTION,≤100
246323280108,American Medical Association (AMA),American Medical Association,≤100
185538520004,End Poverty,ENDPOVERTY.ORG,≤100
103298567844632,UCount UCSD,Benjamin Michael Mendoza,≤100
296708523873754,Karla Dennis and Associates Inc.,"Karla Dennis & Associates, Inc",≤100
27311599342,Preemptive Love,Preemptive Love Coalition,≤100
147523538641547,Capitol Ministries,CAPITOL MINISTRIES,≤100
1145019702185006,Alliance for Safety and Justice,Alliance for Safety and Justice,≤100
1019277421434298,Mike Stickler,Michael Louis Stickler,≤100
2264090133834042,Invite Research,Precision Network,≤100
126466837372807,1199 SEIU Rhode Island,SEIU Healthcare 1199NE,≤100
8473889271,National Parks Conservation Association,National Parks Conservation Association,≤100
202281636466702,Unseen,Unseen,≤100
130945114804,World Jewish Congress,WORLD JEWISH CONGRESS AMERICAN SECTION INC,≤100
711591068911118,Hilaree Nelson,Protect Our Winters,≤100
367292494407,AJC - American Jewish Committee,AMERICAN JEWISH COMMITTEE,≤100
112483970336673,VOPAC Victims of Parental Alienation Community,Bartolo Drago,≤100
101568761447230,Compensation Experts USA,Injury Compensation Center,≤100
109021767293838,Making Retirement Last,Making Retirement Last,≤100
830890360316751,Nick Hanauer,Civic Action,≤100
91223411833,Medical Teams International,Medical Teams International,≤100
497209044353754,Author Austin Grayson,These ads ran without a disclaimer,≤100
665345483483486,NRA - National Rifle Association of America,NATIONAL RIFLE ASSN OF AMERICA,≤100
191195674423572,Great Plains Tribal Chairmen's Health Board,GREAT PLAINS TRIBAL CHAIRMEN'S HEALTH BOARD,≤100
440551812676698,Open The Books,American Transparency,≤100
5720973755,Defenders of Wildlife,DEFENDERS OF WILDLIFE,≤100
8532248414,Wounded Warrior Project,"WOUNDED WARRIOR PROJECT, INC.",≤100
171651620209487,Brady PAC,Brady Pac,≤100
109665250456365,The Armed Patriot,Kenneth Micheal Parkerson,≤100
169597416843751,Stand Up America,Stand Up America,≤100
101446898176303,Healthy Good Times,ECOMX LLC,≤100
717417908274761,Lady Freethinker,Lady Freethinker,≤100
657708380952174,Voices of the Civil Rights Movement,Comcast,≤100
1424938841083415,Patrick M Simpson - Voting Songs,Voting Songs,≤100
107626047540927,Veteran Earplug Claims,My Earplug Injury,≤100
195704103779569,Savage Outdoors & The One,Amanda Harris Lee,≤100
291260461373618,News and News,News and News,≤100
121388362246,Goldman Sachs,Goldman Sachs & Co.,≤100
134256654140,Bob Davis,The Bob Davis Podcasts,≤100
513785465632396,Airline Passengers for Justice,Airline Passengers for Justice,≤100
103851564652,Waterkeeper Alliance,WATERKEEPER ALLIANCE INC,≤100
303698546498902,Castro & Co. - International Tax Attorneys,John Anthony Castro,≤100
5647744585,PETA (People for the Ethical Treatment of Animals),"PEOPLE FOR THE ETHICAL TREATMENT OF ANIMALS, INC.",≤100
83960796709,Institute for Southern Studies,INSTITUTE FOR SOUTHERN STUDIES INC,≤100
108824017345866,Facebook,"Facebook, Inc.",485
374876452974178,McShane LLC,McShane LLC,≤100
323414744723405,Florida Voices for Health,Florida Voices for Health,≤100
157810487611661,Freethink,Freethink,≤100
221890358218748,Til Valhalla Project,Til Valhalla Project,≤100
121626482110,Operation Smile,"OPERATION SMILE, INC.",≤100
30914589895,The International Fellowship of Christians and Jews,"INTERNATIONAL FELLOWSHIP OF CHRISTIANS & JEWS, INC.",≤100
115286365119,National Pork Board,National Pork Board,≤100
1314395568689979,Sam Creighton,IAT Artist Management,≤100
126855128568,FEBC (Far East Broadcasting Company),"FAR EAST BROADCASTING COMPANY, INC.",≤100
100577113613446,Rock Your Bathroom,SK LANG Products,≤100
111970730196550,World War Zero,AMERICAN SECURITY PROJECT,≤100
1268410219898273,Tango Tango,Tango Tango Inc,≤100
189036631118228,COMMONworks,COMMON,≤100
10524821940,National Park Foundation,National Park Foundation,≤100
100669208248416,Casey Askar for Congress,CASEY ASKAR FOR CONGRESS,≤100
110749446963570,Courier,Courier Newsroom,≤100
289359554914740,We Have A Stake,The ANCOR Foundation,≤100
216705888361546,Elbert Lee Guillory,ELBERT GUILLORY'S AMERICA,≤100
101624321445953,Garrett Blad for State Rep,Blad for Indiana,≤100
100256754899828,Patriot's Cave,Lucky Shot USA,≤100
119466662095645,Jay Wamsted,John Oliver Wamsted,≤100
152351908154834,Union Gospel Mission Twin Cities,UNION GOSPEL MISSION ASSOCIATION OF ST PAUL INC,≤100
202626512363,U.S. Census Bureau,U.S. Census Bureau,1169
20876805343,March of Dimes,MARCH OF DIMES INC.,≤100
109360297266116,Fearless Patriot,TERESA NONE OHARA-MARSH,≤100
2071229469789306,Katica Roy,"Pipeline Equity, Inc.",≤100
15779440092,National Review,"NATIONAL REVIEW, INC.",≤100
373814729643508,Let America Vote,LET AMERICA VOTE PAC,≤100
1527563887565895,Allen Waters for U.S. Senate,THE WATERS COMMITTEE,≤100
105060269781,Premiere Collectibles,"Premiere Marketing, Inc.",≤100
384336778589668,Defend Our Constitution,COMMON CAUSE,≤100
217137015152702,National Sikh Campaign,National Sikh Campaign,≤100
311896169406139,Trump 2020 Wear,Trump 2020 Wear,≤100
176466646087311,DC Fawcett,Donald Chappell Fawcett,≤100
300103172268,Pacific Battleship Center - Battleship USS Iowa,Jonathan Thompson Williams,≤100
6165653060,AFSCME,AMERICAN FEDERATION OF STATE COUNTY & MUNICIPAL EMPLOYEES,≤100
110316380149,Family Policy Alliance,Family Policy Alliance,≤100
238473269650980,Capital & Main,CAPITAL & MAIN,≤100
89336510798,American Friends of the Hebrew University,American Friends of Hebrew University,≤100
188292320919,Pollen,Julie Rachel Cohen,≤100
890233131136684,Unconventional Nomad,Madeleine M Matthies,≤100
174095611084,Columban Center for Advocacy and Outreach,Columban Center for Advocacy and Outreach,≤100
28144169620,Alliance for Aging Research,Alliance for Aging Research,≤100
113330620093147,Sunny for Congress,Suneetha Chaparala,≤100
408250066356,Bill O'Reilly,"Bill Me, Inc.",≤100
108868307182723,Phara for Assembly,Phara for Assembly,≤100
407259346037246,Elect Andre Horton for State Senate,Friends of Andre Horton,≤100
940653386126953,Standingwithyou.org,Standing With You,≤100
117744204970039,Providence College School of Continuing Education,Providence College School of Continuing Education,≤100
118204781638402,Pierce County Auditor's Office,Pierce County Auditor's Office,≤100
109151567368804,John Dolan for Register of Probate Committee,Dolan Committee,≤100
2037695643113766,Blexit,Blexit Foundation,≤100
11131463701,truth,TRUTH INITIATIVE FOUNDATION,≤100
96472420073,Moment Magazine,Moment Magazine,≤100
346160419639660,Awhi US,Keen Social,≤100
102683961366550,A Better Southeast Wisconsin,"A BETTER SOUTHEAST WISCONSIN, INC.",≤100
105849717625995,Ben Sigel for Congress,BEN SIGEL FOR CONGRESS,≤100
381423518599637,"Hill and Ponton, P.A.","Hill and Ponton, P.A.",≤100
1438882392887793,ADF Church Alliance,Alliance Defending Freedom,≤100
407664862957433,Ammar Campa-Najjar for Congress,AMMAR CAMPA-NAJJAR FOR CONGRESS,≤100
107099660896459,US Medicine News,Kadija Nyambi Robinson,≤100
1925751504337881,MJ for Texas,MJ FOR TEXAS,≤100
109374912424067,Drew McKissick,DrewMcKissick.com,≤100
1612726335627171,We the Internet TV,We the Internet TV,≤100
37630324302,Rational 360,Rational 360,≤100
123323833895,"Chris Johnson, writer & humorist",Kudzu Kid Press,≤100
219353138086907,School on Wheels of Massachusetts,Marilyn Mccunney,≤100
114989253202136,Consumer Protection Law,Sift Legal Marketing,≤100
329272720965256,GALvanize USA,GALvanize USA,≤100
103213601095503,ParentsTogether Action,ParentsTogether Action,≤100
106946107609572,Minimum Opacity,These ads ran without a disclaimer,≤100
661744180680367,National Police Association,"NATIONAL POLICE ASSOCIATION, INC.",≤100
97830335456,Patagonia,"PATAGONIA, INC.",≤100
46093654473,National Republican Congressional Committee,NRCC,≤100
182723117043,Chicago Council on Global Affairs,"CHICAGO COUNCIL ON GLOBAL AFFAIRS, THE",≤100
108746510732149,Trump Mats,Conservative Movers,≤100
142370046577999,Shahid Buttar for Congress,Shahid Buttar for Congress Committee,≤100
1747132688647028,Democratic Association of Secretaries of State,Democratic Association of Secretaries of State,≤100
153678684700451,American Investment Council,AMERICAN INVESTMENT COUNCIL,≤100
115047249866343,Ethan Knight for District Attorney,Ethan Knight for District Attorney,≤100
203677106322266,Hunnid,Hunnid,≤100
32975139631,If Americans Knew,If Americans Knew,≤100
109267407229927,ZIPO: Zero Interest Principle Only,ZIPO Inc,≤100
100667714665946,Recon Jacks Apparel,Recon jacks apparel,≤100
2012750189007245,Liquid Death Mountain Water,Liquid Death,≤100
1541585046060098,Wyoming Migration Initiative,Wyoming Migration Initiative,≤100
128167457221813,Public Transportation,Voices for Public Transit,≤100
114975389535,TAN Books,"SAINT BENEDICT PRESS, LLC",≤100
136714166339952,Health In Harmony,Kristen Annette Grauer,≤100
129255907131113,NumbersUSA,NUMBERSUSA EDUCATION AND RESEARCH FOUNDATION,≤100
510680265702016,Crowned Free,Crowned Free,≤100
164513254148611,America's Voice News,Barbara Jean Lawrence,≤100
38471053686,Elizabeth Warren,"WARREN DEMOCRATS, INC.",≤100
527517893943355,Worldstrong Athletics,Worldstrong Athletics,≤100
110019893736048,Grandpas Against Trump,Richard Carlton Carlton Daley,≤100
103998411193631,Love in the Time of Trump,Michnael Loris Millard,≤100
481331019059116,The Published Reporter,The Published Reporter,≤100
106879084130090,KEVIN COOK FOR IDAHO,Kevin Cook for Idaho State Senate,≤100
356431274698532,Ryan Hampton,Ryan Hampton,≤100
103060411321001,Sarah Palin 2020,Palin4Prez,≤100
114274475307351,Greg Raths For Congress,GREG RATHS FOR CONGRESS 2020,≤100
114371076772585,Andrew Garbarino for Congress,GARBARINO FOR CONGRESS,≤100
27139120832,Advancing Native Missions,Advancing Native Missions,≤100
292018201259366,We Raise Foundation,WE RAISE FOUNDATION,≤100
1055873511190792,Hello Resistance,Hello Resistance Apparel,≤100
580610428636345,Fight for $15,Fight for $15,≤100
101148251446778,Keep America Great Committee,KEEP AMERICA GREAT COMMITTEE,≤100
333081284065216,Brynne Kennedy for Congress,BRYNNE KENNEDY FOR CONGRESS,≤100
192609620649,The University of Chicago,The University of Chicago,≤100
169440273093442,The Center for Election Science,The Center for Election Science,≤100
248262725706461,Power The Future,Power The Future Inc,≤100
47924244850,Tony La Russa's Animal Rescue Foundation,Tony La Russa's Animal Rescue Foundation,≤100
110177119192569,Knightscope,William Li,≤100
605168822998856,314 Action,314 ACTION FUND,≤100
11234736860,Tom McClintock,McClintock for Congress,≤100
58158120046,ACLJ,American Center for Law and Justice,≤100
142474049098533,Robert Reich,Penguin Random House LLC,≤100
172630052226,James Felton Keith,JFK ORGANIZERS,≤100
338855069522459,Im Tirtzu,Im Tirtzu,≤100
139599847972,National Nurses United,BE A HERO PAC,≤100
6726182861,Mike Pence,TRUMP MAKE AMERICA GREAT AGAIN COMMITTEE,≤100
487569614682924,CAPP USA,Yellow Line Productions LLC,≤100
37495431484,Bassel & The Supernaturals,Ronnie Bassel Almadani,≤100
2181403648815959,America United,America United Daily,≤100
80841742978,Adirondack Council,ADIRONDACK COUNCIL (INC),≤100
111257493838566,Home Vote 4 All,Home Vote 4 All,≤100
2046280975668889,LeftvsRightIQ.com,LvR Intelligence LLC,≤100
207381586628343,Donna McLeod,Donna T Mcleod,≤100
1475056949212605,Charity Mobile,Charity Mobile,≤100
9324910069,NRSC,NRSC,≤100
515224855346579,New Politics,New Politics,≤100
169042736456594,All Out,"All Out Action Fund, Inc.",≤100
267180743723148,National Geographic Society,National Geographic Society,≤100
791543660926838,"I'll go ahead and keep my guns, Thanks",2A4LIFE LLC,≤100
10150100007820094,Wendy Davis,WENDY DAVIS FOR CONGRESS,≤100
700283120139217,Omar Fateh for MN Senate 62,Omar Fateh Senate Committee,≤100
843026725707543,Maui Causes,Maui Causes,≤100
981661448510937,Meraki Journey,Meraki Bracelets,≤100
192015461630968,Supporting Our Brave Veterans,James Brian Plouf,≤100
79047202856,People's World,People's World,≤100
85273022315,NAMI,NAMI,≤100
35169196082,Project HOPE,"PROJECT HOPE-THE PEOPLE-TO-PEOPLE HEALTH FOUNDATION, INC.",≤100
112325855474892,Speak Up For Education and Kids,National Education Association,≤100
433919203362871,Bird + Stone,BIRD & STONE INC,≤100
1668519860031350,Blair Halver,These ads ran without a disclaimer,≤100
20188298765,ACLU of Maryland,AMERICAN CIVIL LIBERTIES UNION OF MARYLAND INC,≤100
373691923229975,The Sweet Bee Co.,The Sweet Bee Co.,≤100
137662367278,League of Women Voters of the U.S.,LEAGUE OF WOMEN VOTERS OF THE UNITED STATES,≤100
110746996993983,The Gander Newsroom,Courier Newsroom,≤100
10498053716,Media Research Center,MEDIA RESEARCH CENTER,≤100
115848097551,Institute for Women's Policy Research,Institute for Women's Policy Research,≤100
355799336705,Outreach International,Outreach International,≤100
69983322463,Ted Cruz,TED CRUZ FOR SENATE,≤100
100913471486535,POTUS T-Shirt,POTUS T-Shirts,≤100
105750427689798,DumpTrump,BSPolitics LLC,≤100
302111635698,National Association of Tax Professionals (NATP),National Association of Tax Professionals,≤100
100718241380366,American Awakening,SWORD & SPOON ENTERPRISES INCORPORATED,≤100
106333028376,"Nichols Kaster, PLLP",Nichols Kaster PLLP,≤100
1487587521541634,President Donald Trump Fan Club,I Love My Freedom,≤100
473191156175163,EDF Action,Environmental Defense Action Fund,≤100
130721141674,General Board of Global Ministries,These ads ran without a disclaimer,≤100
108051577394988,Thai Viet Phan for Santa Ana City Council 2020,Thai Viet Phan for City Council 2020,≤100
134845259917779,Rock 'Em Socks,Rock 'Em Socks,≤100
427894490587758,Democrats Need to Vote,Democrats Need to Vote,≤100
375760676281438,Mermaid Straw,Mermaid Straw,≤100
104117891137180,Everyday is a Second Chance,Shi Yuan Ge,≤100
675665515802671,Wolven,Wolven,≤100
101459351485507,Diana for Congress,DIANA FOR CONGRESS,≤100
90671958533,Lexus,These ads ran without a disclaimer,≤100
567371470277443,The Wilderness Society Action Fund,The Wilderness Society Action Fund,≤100
103396117935508,अश्विनी कुमार पाण्डेय भाजपा नेता झारखण्ड प्रदेश,These ads ran without a disclaimer,≤100
6204742571,Sierra Club,SIERRA CLUB,≤100
42940254353,Human Rights Watch,"HUMAN RIGHTS WATCH, INC.",≤100
1637823176332591,Ecocred,Branislav Seslija,≤100
153446658100252,Lumina Foundation,Lumina Foundation,≤100
24470472733,The Trevor Project,The Trevor Project,≤100
393076844046051,Progressive Caucus,CONGRESSIONAL PROGRESSIVE CAUCUS PAC,≤100
28126338304,Surfrider Foundation,"SURFRIDER FOUNDATION, INC",≤100
279599502172409,Patriot Mobile,Patriot Mobile,≤100
169543260659539,The Venn Media,The Venn Media,≤100
53167307346,Communist Party USA,Communist Party USA,≤100
1624907487621555,Rethink My Healthcare,RethinkMyHealthcare Inc,≤100
291102898490822,Giant Maga Hat,Inventors club LLC,≤100
22898109808,Grist.org,Grist Magazine,≤100
107589664099282,Stand Up To China,"Stand Up To China, Inc.",≤100
28510612138,Uncommon Knowledge,Hoover Institution,≤100
7609325759,Jim McGovern,RE-ELECT MCGOVERN COMMITTEE,≤100
113531616954236,Politees,Gary Timothy Frazier,≤100
22877548156,Earth Day Network,EARTH DAY NETWORK INC,≤100
147775309249550,Tracy Lovvorn For Congress,Tracy Lyn Lovvorn,≤100
2223151871134889,Trump45Merch,Thomas Charles Granack,≤100
1387062348242626,ProgressNow Arizona,ProgressNow AZ,≤100
8501031021,VoteVets.org,VOTEVETS,≤100
54787697857,Ron Wyden,WYDEN FOR SENATE,≤100﻿
265045056894488,Mark Meckler,Convention of States Action,≤100
136126341809,American Bird Conservancy,American Bird Conservancy,≤100
7219151423,The Fund for American Studies (TFAS),These ads ran without a disclaimer,≤100
8325302025,Friends of the Earth U.S.,Friends of the Earth,≤100
262610761306,Counterpoint Press,Counterpoint Press,≤100
935745513177754,Elect David Norton - Mayor of Pawtucket,David F Norton,≤100
1095906937121564,"The City of College Park, MD",City of College Park,≤100
167818016571872,Ann & Robert H. Lurie Children's Hospital of Chicago,Ann & Robert H. Lurie Children's Hospital of Chicago,≤100
1502597423327057,Rep. Doug LaMalfa,Rep. Doug LaMalfa,≤100
834645469890446,Devin Nunes,DEVIN NUNES CAMPAIGN COMMITTEE,≤100
6334782252,Oceana,OCEANA,≤100
309308412520731,Sandy Hook Promise,Sandy Hook Promise,≤100
303061950155375,John James,"JOHN JAMES FOR SENATE, INC.",≤100
122174836956,Big Cat Rescue,BIG CAT RESCUE CORP.,≤100
73970658023,International Rescue Committee,International Rescue Committee,≤100
110909022379213,Re-Elect Nydia Velázquez To Congress,Committee to Re-Elect Nydia M. Velázquez to Congress,≤100
113335773562471,President Trump For Re-Election,Great American Era,≤100
79212718536,Jim Boyd,Jim Boyd,≤100
614134231980299,Veterans Empowered To Protect African Wildlife,VETPAW INC,≤100
7833534974,Florida Democratic Party,Florida Democratic Party,≤100
2259323457517498,Abolish the Electoral College,ABOLISH THE ELECTORAL COLLEGE,≤100
143173285763,Tenth Amendment Center,Tenth Amendment Center,≤100
221378424569014,Vito Glazers,Vito Guido Glazers,≤100
1708467695859543,Veteran Transition Mission,Sonia Ivelisse Barriera Ayala,≤100
599037717094428,Lil Guillotine,Liam Robert Manjon,≤100
102047517918,The Commonwealth Fund,"COMMONWEALTH FUND, THE",≤100
45393753416,Alliance Defending Freedom,Alliance Defending Freedom,≤100
109111900634787,Reverend Raphael Warnock,WARNOCK FOR GEORGIA,≤100
300774350436838,topplr,Data Genomix,≤100
365591516828390,Georgia's WIN List,Georgia WIN List,≤100
200548226627766,The Progressive Magazine,Norman Joseph Stockwell,≤100
115403471809909,Plastic Oceans,PLASTIC OCEANS INTERNATIONAL,≤100
483987631637740,Heather McDonald,Peter James Dobias,≤100
1443864392358133,If These Ovaries Could Talk,Robin L Hopkins,≤100
100794248139278,Red Wave Movement,Red Wave Movement,≤100
2029539637337122,Left Right Fights,Jeffrey M Perkins,≤100
612308568954383,Goldilocks Wraps,These ads ran without a disclaimer,≤100
120393112689694,Super Agents Safety Squad,Denize Moraes Rodriques,≤100
116321819775097,Jemal King,These ads ran without a disclaimer,≤100
592707041080920,Stand Together,Stand Together Chamber of Commerce Inc.,≤100
151235561684871,The Mama Bear Effect,mamabeareffect,≤100
780941275347834,Ilhan Omar,ILHAN FOR CONGRESS,≤100
458142697588014,AARP Public Policy Institute,AARP,≤100
319982881752525,Kara Eastman,EASTMAN FOR CONGRESS,≤100
77590795932,John Kasich,Kasich For America,≤100
102377984581168,A Democrat in the Wilderness,Emmanuel Fourakis,≤100
1963992303848678,DHVANI,DHVANI,≤100
107291750775792,The 100 Million,Knight Foundation,≤100
104851617686932,Concealed Country,Concealed Country,≤100
158791100909689,Concerned Veterans for America,Concerned Veterans for America,≤100
108223613871921,Re-Elect Trump 2020,Beyond Patriots LLC,≤100
116534199732974,USA Carry Online,USA Carry Online,≤100
359933137438156,Nine Line Apparel,Nine Line Apparel,≤100
57846092173,American Bible Society,American Bible Society,≤100
1812708279016004,PalmieriReport,Jacob William Palmieri,≤100
103664744402353,Medicare Saviors,Sean Thomas Hofmans,≤100
105538624356773,My Kitchen Savior,Nicole Alexa Lebel,≤100
404164463091452,Chas Castell,Charles William Peter Castell,≤100
863665797365574,Eternal Earth Eco-friendly,Josh Newmark,≤100
555460057980407,Patricia Morgan,Patricia L Morgan,≤100
37892661587,JDC,JDC,≤100
6726182861,Mike Pence,"DONALD J. TRUMP FOR PRESIDENT, INC.",≤100
77161696676,New England Forestry Foundation,"NEW ENGLAND FORESTRY FOUNDATION, INC.",≤100
121033149320,American Indian College Fund,"AMERICAN INDIAN COLLEGE FUND, THE",≤100
1729198467311786,G.A. Matiasz,George Anthony Matiasz,≤100
1750471095167410,Trump Train News,Trump Train News,≤100
533347293669517,Great American Era,Great American Era,≤100
102889331338691,The World Journal,Tyrone Codjoe,≤100
461530314600399,Common Sense American Politics,Common Sense American Politics,≤100
72931140459,Center for Biological Diversity,"CENTER FOR BIOLOGICAL DIVERSITY, INC.",≤100
544741092252764,Congressman Jason Smith,Congressman Jason Smith,≤100
103935091195461,Mark Angres for Mayor,Mark B. Angres for Mayor,≤100
2267405033373814,Doctor Patient Unity,Doctor Patient Unity,≤100
593289284500311,Trump Rack,BOXD Marketing,≤100
120778038066631,EveryLibrary,EveryLibrary,≤100
842721202508267,Diaz Campaigns,Diaz Campaigns,≤100
105455840860559,Eagle Realm,Eagle Realm,≤100
690998164395556,Elders Climate Action - Massachusetts Chapter,Michael J Sales,≤100
175149559508478,TreeDiaper,Zynnovation LLC,≤100
1754669597959219,Evie,Evie Magazine,≤100
102469394705590,Freedom Studios,William Charles Holmberg,≤100
151686754920712,The West Virginia Record,The Record,≤100
49906899425,Ramapo College of New Jersey,Ramapo College of New Jersey,≤100
130268756992804,Yale Climate Connections,Yale Climate Connections,≤100
278355662356517,BallotReady,"BallotReady, Inc",≤100
104721124439807,Ginger Bowden Madden for State Attorney,Ginger Bowden Madden for State Attorney,≤100
1404914223144340,Great Big Story,"Turner Broadcasting Sales, Inc",≤100
108777231824,Manhattan Institute for Policy Research,MANHATTAN INSTITUTE FOR POLICY RESEARCH INC,≤100
314121315788033,Stand with Parkland,Stand With Parkland,≤100
100391988083233,Triggered Freedom Apparel,Triggered Freedom Apparel,≤100
39432041915,Capital Research Center,CAPITAL RESEARCH CENTER INC,≤100
210100860523,Braille Institute,Braille Institute,≤100
12357407443,American Friends Service Committee,AMERICAN FRIENDS SERVICE COMMITTEE,≤100
200650357207240,I Love My Freedom,Making Web LLC,≤100
107210084216238,Humanity Forward,Humanity Forward,≤100
219224241438635,Compassion & Choices,COMPASSION & CHOICES,≤100
383877235817031,Keep America Great,Keep America Great,≤100
105556394228711,Republican Authority,Republican Authority,≤100
193618220508,LIFE Today,LIFE Outreach International,≤100
101163924751541,The College Conservatives,Keith Koontz,≤100
181183059253295,Dorsal Bracelets,Dorsal Bracelets,≤100
15503839732,Peter G. Peterson Foundation,Peter G. Peterson Foundation,≤100
102540204580217,UpNorthNews,Courier Newsroom,≤100
104006944272732,Honest Arizona,Advancing AZ,≤100
161517020535049,Noah Mazé Yoga,Noah Maze,≤100
123651254408327,Sokolove Law,"Sokolove Law, LLC",≤100
207985279219826,AARP Rhode Island,AARP,≤100
999775873528189,Stopping Socialism,The Heartland Institute,≤100
489028831496182,Healthcare Workers Rising,Healthcare Workers Rising New York,≤100
314463908651,After Fifty Living,Joanne Sullivan Lema,≤100
105452337640985,Stephen Sundquist,Stephen Michael Sundquist,≤100
43695969284,Society of Critical Care Medicine (SCCM),SOCIETY OF CRITICAL CARE MEDICINE,≤100
321250352104571,Valerie Plame,VALERIE PLAME FOR CONGRESS,≤100
602714436529710,End Citizens United,END CITIZENS UNITED,≤100
6502038524,First Book,FIRST BOOK,≤100
598924810530984,Keeping America Great,FamTeeWorld,≤100
107600877320090,Brad Hutto,Hutto for Senate,≤100
43949868082,OutRight Action International,OUTRIGHT ACTION INTERNATIONAL,≤100
109575145733890,McGuireWoods Consulting,MCGUIREWOODS CONSULTING LLC,≤100
169294473121454,Policetees.com,PoliceTees.com,≤100
45013872425,The Ripon Society,RIPON SOCIETY,≤100
117362515005706,The Bowery Mission,The Bowery Mission,≤100
112252320119719,"Aycha Sawa, CPA for Comptroller",Aycha Sawa for Milwaukee City Comptroller,≤100
105610970947657,MY 2A GEAR,Leon Mckensizy Dunn,≤100
17203056985,Partners In Health,Partners In Health,≤100
278703415666824,Jeremy Jones,Protect Our Winters,≤100
153080620724,Donald J. Trump,TRUMP MAKE AMERICA GREAT AGAIN COMMITTEE,117
497081420632330,Hiral Tipirneni,HIRAL FOR CONGRESS,≤100
2352630938293825,Mytacticalpromos,Entremax,≤100
825475597557324,trueself,cleancult,≤100
1545826148838592,Trump 2020,Gregory Lawrence Burright,≤100
1083949645080409,Bob Statchen for State Senate,Robert R Statchen,≤100
105561217523274,The_Dispatch,"Dispatch Media, Inc.",≤100
133764907211570,Concerned Citizen,Steven Niems,≤100
120522437962280,Hutchins Center for African & African American Research,The Hutchins Center for African & African American Research at Harvard University,≤100
987698164585861,Citizen Ed,Citizen Education,≤100
190290411556485,Dave Weaver - Freelance Writer,ElectionOpinions.com,≤100
100137754724934,Trump 2020 Supporters,Proud Right Winger,≤100
1072222572917000,Alejandro Hernández - Alcalde 2020,Alejandro Hernández Rivera,≤100
29770886815,Marijuana Policy Project,Marijuana Policy Project,≤100
360951033963549,Ali Forney Center,The Ali Forney Center,≤100
485702968124390,Tina Newcomb,These ads ran without a disclaimer,≤100
1556932204325823,ProgressPop,ProgressPop,≤100
47712360678,Jobs With Justice,Jobs With Justice,≤100
19036504767,Center for Victims of Torture,"CENTER FOR VICTIMS OF TORTURE, THE",≤100
808450969246896,"Rebecca Walser, Tax Attorney, CFP",Walser Wealth Management,≤100
7474340746,Human Rights First,HUMAN RIGHTS FIRST,≤100
20787991568,Senate Democrats,DSCC,160
1482947308676311,Topdust,cleancult,≤100
25852730092,Care2,Care2 Inc,≤100
354253951601784,LiberalResistance,USA Unify Media Inc,≤100
939489182849039,Ruben Major,Ruben Major for Oceanside Mayor,≤100
228754857151053,House Majority PAC,House Majority PAC,≤100
152264148166020,Moms Clean Air Force,Moms Clean Air Force,≤100
103276597856432,The Trump Collective,Alexander Quinn Urbach,≤100
108186217331098,Vote Like Mad,Vote Like Mad LLC,≤100
260754507296508,The Voter Participation Center,Voter Participation Center,≤100
108971449133,Fisher House Foundation,"FISHER HOUSE FOUNDATION, INC.",≤100
19812849944,United Food and Commercial Workers International Union,United Food and Commercial Workers International Union,≤100
1649500268614178,Arizona Democratic Legislative Campaign Committee,"Arizona Democratic Legislative Campaign Committee, a project of the Arizona Democratic Party. Not authorized by any candidate or candidate's committee.",≤100
105270434360519,The Dirty Dems,Robert Jeffrey Johnson,≤100
294508332028,Lakota People's Law Project,ROMERO INSTITUTE,≤100
546497545399440,ASEC - African Sisters Education Collaborative,African Sisters Education Collaborative,≤100
161879897191723,EarthX,EarthX,≤100
12683623041,Society for Human Resource Management (SHRM),SOCIETY FOR HUMAN RESOURCE MANAGEMENT,≤100
143986912311328,University of Vermont Continuing and Distance Education,University of Vermont,≤100
17911165812,Covenant House International,Covenant House,≤100
1084856268238034,Trump Talking,Roberto None Lugo,≤100
1627212824167934,Men4Choice,Men4Choice,≤100
100195511560092,Injury Compensation Center,Injury Compensation Center,≤100
106968690805026,Sima for Texas,SIMA FOR TEXAS,≤100
386305465057247,Liberty Nation,Liberty Nation,≤100
26689153393,Muslim Public Affairs Council - MPAC,MUSLIM PUBLIC AFFAIRS COUNCIL,≤100
162695894106234,Co-ops Vote,National Rural Electric Cooperative Association,≤100
296356694135040,Goods Unite Us,Goods Unite Us,≤100
376990832355915,National Women's Coalition Against Violence & Exploitation (NWCAVE),Michelle Ann Bart,≤100
23362993101,Center for Immigration Studies,CENTER FOR IMMIGRATION STUDIES,≤100
21559454473,FAIR,FEDERATION FOR AMERICAN IMMIGRATION REFORM,≤100
164966660351345,Hope Outfitters,Hope Outfitters,≤100
1852520761657982,4ocean,4ocean,≤100
190987118163092,Connected Clothing Company,Connected Clothing Company,≤100
262173980908600,LTM,LTMShop,≤100
101333462265,Distilled Spirits Council of the United States,Distilled Spirits Council of the United States,≤100
304600892905134,Hillsdale College Online Courses,HILLSDALE COLLEGE,≤100
51791915551,Binghamton University,Binghamton University,≤100
27713232096,The Art of Jason Heuser AKA: Sharpwriter,Brandon Kyle Fink,≤100
11006419356,The Voice of the Martyrs - USA,"VOICE OF THE MARTYRS, INC., THE",≤100
1691667177798461,Brut,Brut,≤100
103646064618386,The Judge Show - James Judge,James Patrick Judge Jr.,≤100
129285844553515,The Right To Shower,Conopco Inc,≤100
1520483958208446,Seeger Weiss LLP,SEEGER WEISS LLP,≤100
1353948297956614,Let Africa Live,Let Africa Live,≤100
192448150001,Jeff Anderson & Associates,Jeffrey R Anderson PA,≤100
6485101073,Tides,Tides Foundation,≤100
110707597007287,Mike Larsen for Congress,Friends of Mike Larsen,≤100
109194237204315,Huntsman 2020,Huntsman 2020,≤100
19192438096,AAAS - The American Association for the Advancement of Science,American Association for the Advancement of Science,≤100
519590768083165,Abby Finkenauer for Congress,FINKENAUER FOR CONGRESS,≤100
41309865723,Democrats.com,DEMOCRATS.COM,≤100
1374260589465543,Sheepdog Church Security,Sheepdog Church Security,≤100
109889733883173,WE GOT TEEZ,RICHARD ANDREW-WITTE COMISKEY,≤100
169204449790211,Conservative News Today,"BizPac Review, Inc.",≤100
386211198174313,Jorge Elorza,City of Providence,≤100
38882699096,Polaris,POLARIS PROJECT,≤100
385473284886474,Hillsdale College,HILLSDALE COLLEGE,≤100
107803440835562,US Hot Gears,Click Wonders,≤100
587835028017559,Eric Holcomb,Eric Holcomb for Indiana,≤100
102757964504021,Greta Thunberg Fan Club,Imran M Jemal,≤100
399067003454888,Sudan Relief Fund,Sudan Relief Fund Inc,≤100
433364950062784,Power Over Energy,Power Over Energy,≤100
328072970642479,Jaime Harrison,JAIME HARRISON FOR US SENATE,≤100
156994304362574,American Bridge,AMERICAN BRIDGE 21ST CENTURY,≤100
328853823844484,Balance of Power,Balance of Power,≤100
105264094403642,Trump MAGA Swag,James Richard Griffin,≤100
7629206115,The Nation Magazine,"NATION COMPANY, LLC, THE",≤100
1573989029398622,Donald Trump's Americans,I Love My Freedom,≤100
121750354532995,Yale Program on Climate Change Communication,Yale Program on Climate Change Communication,≤100
102078391326391,chinasupermarket,These ads ran without a disclaimer,≤100
211049239087028,Association of Young Americans,Benjamin J Brown,≤100
781510041970720,Hippo Sak,Hippo Sak,≤100
597117373778973,Addicted to Golf,The Dude's Designs,≤100
186932688457686,CHNGE,CHNGE,≤100
235979110617339,Real Truth and Power,Everett Mitchell Winchester,≤100
189789411070083,Jewish Labor Committee,Lawrence Kenneth Lebowitz,≤100
9356077966,NCSA Athletic Recruiting,These ads ran without a disclaimer,≤100
652735891861686,Ben Loyola,BEN LOYOLA FOR CONGRESS,≤100
21898300328,BuzzFeed,U.S. Census Bureau,≤100
103682110993833,Arctic Refuge Defense Campaign,Alaska Wilderness League,≤100
1511412998966651,Altamar with Peter Schechter and Muni Jensen,Altamar LLC,≤100
107161604154850,Hanson for Clerk,Rebekah Catherine Hanson,≤100
169277310432049,"Texas Precision Optics, Inc.",Texas Precision Optics Inc,≤100
218721288205051,Thomas Massie,Thomas Massie for Congress,≤100
376776419037747,Turning Point USA,Turning Point USA,≤100
1799282383731277,TwoSeventy,Alexander Jared Deutsch,≤100
488460945012999,President Trump 2020,Trump Collections,≤100
173470656019870,The Daily Yonder,Great Stories LLC,≤100
2335428506707414,Wild & Beguiled,Ivy Marie Guild,≤100
159403248441,Khan Academy,"KHAN ACADEMY, INC.",≤100
12301006942,Democratic Party,DNC SERVICES CORP./DEM. NAT'L COMMITTEE,≤100
879390699066299,BernieFlag2020,MaxCo Products,≤100
79125112926,Students for Life of America,"STUDENTS FOR LIFE OF AMERICA, INC.",≤100
107953199261156,ifaw,"INTERNATIONAL FUND FOR ANIMAL WELFARE, INC.",≤100
377572616357769,Russ Vernon-Jones' Blog,"Coming Together: Understanding Racism, Working for Justice & Building Connections",≤100
1593518174052711,Candace Owens,Candace Owens LLC,≤100
322870825821,Macmillan Audio,"HOLTZBRINCK PUBLISHERS, LLC",≤100
260131294484,Bethesda Lutheran Communities,Bethesda Lutheran Communities,≤100
102756811269921,Fellow Americans,Fellow Americans,≤100
1177329825688370,Politics,Paul C Salom,≤100
1383869268500535,Medicare World,Medicare World,≤100
1600352356914768,PushBlack,PushBlack,≤100
97261063097,Global Fund for Women,"GLOBAL FUND FOR WOMEN, INC., THE",≤100
1320840104644018,InfoMullet.com,Timothy Burke Clancy,≤100
80562389320,NARAL Pro-Choice America,NARAL Pro-Choice America,≤100
2078647579047586,Project Pulso,Project Pulso,≤100
137569740231452,Respect The Look,Respect The Look,≤100
1658135304460341,MANG,MANG,≤100
1864721517082089,Democratic Attorneys General Association,Democratic Attorneys General Association,≤100
459890014763287,Rocky Mountain Values,Rocky Mountain Values,≤100
107053690842532,ABT 2020,ABT 2020,≤100
324119001078997,"Sanford Heisler Sharp, LLP","Sanford Heisler Sharp, LLP",≤100
153278754738777,Climate Reality,The Climate Reality Project,≤100
428403504606135,The Average Joe Survey,"Zaydoe Films, LLC",≤100
698400060189827,Dan Sullivan,Alaskans for Sullivan,≤100
333710103706307,Giffords,GIFFORDS PAC,≤100
114008535880,Foundation for Individual Rights in Education,FOUNDATION FOR INDIVIDUAL RIGHTS IN EDUCATION,≤100
164660287630560,The Freeing Energy Project,AnEnergyProject LLC,≤100
347252395734160,Paul Jacobs for Illinois State Representative District 115,Committee to Elect Paul Jacobs,≤100
145973965440671,Carnegie Corporation of New York,CARNEGIE CORPORATION OF NEW YORK,≤100
80080296729,The Greater Boston Food Bank,"GREATER BOSTON FOOD BANK, INC., THE",≤100
56332452163,AMA Patients Action Network,American Medical Association,≤100
764132963795317,Banyan Hill Publishing,Banyan Hill Publishing,≤100
150763151677363,Markwayne Mullin,MULLIN FOR CONGRESS,≤100
252126914850996,Labor Campaign for Single Payer,Labor for Single-Payer Healthcare,≤100
1224156504416050,American Patriot Depot,American Patriot Depot,≤100
242960515598,Military Spouse,Victory Media DBA Military Spouse,≤100
75353945070,Boxed Water Is Better,Boxed Water Is Better,≤100
280267791996700,Conservative Victory Fund,CONSERVATIVE VICTORY FUND,≤100
155818016761,First 5 LA,First 5 LA,≤100
67178485959,Ploughshares Fund,PLOUGHSHARES FUND,≤100
6851405967,CREDO Mobile,"CREDO MOBILE, INC.",≤100
1801237890175919,The Denice Gary Show,Denice Garypandol,≤100
10331123781,Special Olympics,Special Olympics Inc,≤100
281844617168,Jewish Voice Ministries International,JEWISH VOICE MINISTRIES INTERNATIONAL,≤100
61265398450,AmeriCorps NCCC,Corporation for National and Community Service,≤100
1280400305319674,Tennesseans for Quality Early Education,Tennesseans for Quality Early Education Policy and Research,≤100
105698674239617,Embed News,Embed News,≤100
1399926390134311,Nature's Generator,Huntkey USA Inc,≤100
140114664993,Planned Parenthood of Southern New England,"PLANNED PARENTHOOD OF SOUTHERN NEW ENGLAND, INC.",≤100
168876449866088,The Years Project,The Years Project,≤100
391872261636792,2020unity,"ForFact LLC, DBA 2020unity",≤100
181924628560212,SumOfUs,SumOfUs,≤100
341906876203951,Troy Doucet for Ohio State Senate,Doucet for the People,≤100
257019421075897,Cory Gardner,Cory Gardner for Senate,≤100
1010143499143169,Medicare Savings,"Mayo Labs, LLC",≤100
789696478072946,The Liberty Loft,The Liberty Loft,≤100
122773549121265,President Trump for Nobel Peace Prize 2020,Tarek None Kteleh,≤100
111495005590988,Pattern,Pattern Energy,≤100
1553978148244954,Build With Strength,Build With Strength,≤100
127225910653607,PragerU,PragerU,≤100
102010211314386,Donald Trump 2020 Voters,I Love My Freedom,≤100
627951147293090,FatFinger,Fat Finger LLC,≤100
345504286342057,Keeping America Great Again,RightWingGear.com,≤100
313723095478950,The Daily Citizen,Focus on the Family,≤100
135298176481584,Marine Corps Scholarship Foundation,Marine Corps Scholarship Foundation,≤100
106875060931336,National News Flash,Denisia Monea Williams,≤100
25121889784,Texas Public Policy Foundation,Texas Public Policy Foundation,≤100
210455593021382,Health Care Voices,"Health Care Voices, a project of Social Good Fund",≤100
73277646827,Trees for the Future,Trees for the Future,≤100
1447994318779650,AirMedCare Network,AIrMedCare Network,≤100
196743663140,Baha'is of the United States,National Spiritual Assembly of the Baha'is of the United States,≤100
109740710433033,Ladies for Trump 2020,Proud Right Winger,≤100
1745418332339003,Aspire Gear,Aspire Gear,≤100
114833761835,Dan Patrick,Texans For Dan Patrick,≤100
43609808159,Happy Family Organics,Happy Family Organics,≤100
973744915977481,Concerted Action,Blue Bulldog Digital inc.,≤100
6355254859,Michael McCaul,Congressman Michael McCaul,≤100
67626834312,National Women's Law Center,National Women's Law Center,≤100
497348647140658,Point Source Youth,Point Source Youth,≤100
112839420355640,Laughing Liberals,Laughing Liberals,≤100
322043381633719,Gavin Clarkson for Senate,GAVIN CLARKSON FOR SENATE,≤100
108156144154617,Auie4u,AUIE4U,≤100
30139072158,CARE,CARE,≤100
1539972792944463,Forge Leadership Network,Forge Leadership Network,≤100
117641114435,First Aid Beauty,First Aid Beauty,≤100
99050726344,Phillips Theological Seminary,PHILLIPS THEOLOGICAL SEMINARY,≤100
714964525283154,Texas Citizens Coalition,Texas Citizens Coalition,≤100
547176209061125,Medicare for All NOW,Medicare For All NOW!,≤100
111324359048459,Dr. Roger Marshall,KANSANS FOR MARSHALL,≤100
1402827079932843,Low Income Relief,The Lighthouse Information Network LLC,≤100
5943727453,American Humane,American Humane,≤100
1664959567149320,Wholesome Culture,Wholesome Culture,≤100
1438808983108348,BOLD PAC,CHC BOLD PAC,≤100
16534314739,Facing History and Ourselves,"FACING HISTORY AND OURSELVES NATIONAL FOUNDATION, INC.",≤100
182079698493370,Portside,Portside,≤100
115364585711,Lawyers' Committee for Civil Rights Under Law,LAWYERS' COMMITTEE FOR CIVIL RIGHTS UNDER LAW,≤100
102988591071943,Daniel Gade,"GADE FOR VIRGINIA, INC.",≤100
2365214577056673,Wesley Morgan,Clinton W Morgan,≤100
38311834847,AC Transit,AC Transit,≤100
109092142462587,Adam Schiff,SCHIFF FOR CONGRESS,≤100
184715621591606,"Psi Chi, the International Honor Society in Psychology","PSI CHI, INC",≤100
210772065612205,AARP Colorado,AARP,≤100
109881057200996,Jones42,Matthew P Jones,≤100
854831008020872,Marty Bryan Moss  for President of the United States,Marty  Bryan Moss,≤100
405355946226766,Todd Young,"FRIENDS OF TODD YOUNG, INC.",≤100
108906707265489,USA Pooch,"PRESIDENTIAL POOCH, INC",≤100
2309566456030859,Human Coalition Action,Human Coalition,≤100
81372493950,POET,POET,≤100
86134975779,Coast Guard Foundation,Coast Guard Foundation INC.,≤100
49651563727,Live Action,Live Action,≤100
460844281074800,Tiny Trump,Eric D Corriel,≤100
843214662368281,El Poder En Ti,These ads ran without a disclaimer,≤100
1965356090372687,Red Authority,Nicholas Ryan Leuschen,≤100
499379343409991,Impact Fund,"IMPACT FUND, THE",≤100
111226867129700,Prideful Patriots,Prideful Patriots,≤100
170591064699,Southern Poverty Law Center,"SOUTHERN POVERTY LAW CENTER, INC., THE",≤100
53541257714,The Arc of the United States,"ARC OF THE UNITED STATES, INC., THE",≤100
42597808880,Ami Horowitz,Ami Horowitz,≤100
35715544220,Stand.earth,STAND,≤100
1517919588502283,Christy Smith for Congress,CHRISTY SMITH FOR CONGRESS,≤100
135500133147357,ProEnglish,US INC,≤100
259130650776119,Mitch McConnell,MCCONNELL SENATE COMMITTEE,≤100
312652025484896,Americans for Tax Fairness,Americans for Tax Fairness,≤100
537181256742387,The New Center,The New Center,≤100
243510442756370,Justice Democrats,JUSTICE DEMOCRATS PAC,≤100
109349507328179,Bernie Or Busters,Eric Christopher Mack,≤100
204243816263754,Rev Yearwood,Hip Hop Caucus,≤100
536257053085194,Woody Guthrie Center,These ads ran without a disclaimer,≤100
1621690511405010,Civic Action,Civic Action,≤100
196382377057315,Learn Our History,Learn Our History,≤100
30168234791,California Health Care Foundation,CALIFORNIA HEALTH CARE FOUNDATION,≤100
101181794707874,United Research Group,United Research Group,≤100
134452023239984,Human Coalition,Human Coalition,≤100
216052228433696,Arcus Foundation - Social Justice,ARCUS FOUNDATION,≤100
203197030603239,8 Billion Trees,8 Billion Trees LLC,≤100
108237963861600,Complex Culture Beauty,These ads ran without a disclaimer,≤100
130936757062757,T-Mobile Workers United (TU),"COMMUNICATIONS WORKERS OF AMERICA, AFL-CIO, CLC",≤100
138492335404,Scott Walker,"Walker Group, LLC",≤100
164771506031,Claremont Institute,Nicholas Dylan Short,≤100
5435784683,Greenpeace USA,"GREENPEACE, INC.",≤100
1976887775897254,Toadsilk Apparel,Felix Ah Lufkin,≤100
121067011091,Arab American Institute,Arab American Institute Foundation,≤100
101210588150219,Boy Scouts Abuse Claims,X Social Media LLC,≤100
77880604838,The Bare Soul,Committee to Elect Rick Roeber to the 34th,≤100
1791097094486498,Musings,Musings Magazine,≤100
166618413413767,Jay Sekulow,American Center for Law and Justice,≤100
101383508020332,Flexhealthplan,FlexHealthPlan,≤100
143509339045414,Americans for Peace and Tolerance,"AMERICANS FOR PEACE AND TOLERANCE, INC.",≤100
2602473023098666,Democratic Polling Center,Democratic Governors Association,≤100
104760636770,Vera Institute of Justice,"Vera Institute of Justice, Inc.",≤100
1435071773455316,Daily Wire,The Daily Wire,≤100
105536127617594,The American Digest,The American Digest,≤100
100401327980848,National Parents Union,National Parents Union,≤100
107916557529161,Re-Election 45th President,Applelon,≤100
170918006892,G.I. Jobs,Victory Media DBA GI Jobs,≤100
366351973736242,Red Rock Secured,Red Rock Secured,≤100
19474609238,Mercatus Center at George Mason University,Mercatus Center at George Mason University,≤100
289213691238937,Thrasher Coffee,Thrasher Coffee Co.,≤100
680549575421741,UnitedVoice.com,"Beachside Media, Inc.",≤100
105229062888132,Stop Soldier Suicide,Stop Soldier Suicide,≤100
467503009987109,"Healthy Forests, Healthy Communities","Healthy Forests, Healthy Communities",≤100
1194865807192273,Conservative Gear,Outergoods LLC,≤100
97624620788,American Friends of Magen David Adom,AMERICAN FRIENDS OF MAGEN DAVID ADOM,≤100
658093914667081,Let Them Know,Let Them Know,≤100
356482637745012,Stansberry Research,Stansberry Research,≤100
354369924642184,Bill Holt's Dreamies,William Holt,≤100
81517275796,UNICEF USA,UNITED STATES FUND FOR UNICEF,≤100
676841686046073,Bring Our Troops Home,Bring Our Troops Home,≤100
105281310938561,Evelyn For New York,Evelyn For NY,≤100
109295990419284,Esther For Congress,ESTHER FOR CONGRESS,≤100
108736064097262,American Family Programs,Penelope Mylynn Nguyen,≤100
96826022393,Yale Environment 360,Yale Environment 360,≤100
96935476345,Democratic Governors Association (DGA),Democratic Governors Association,119
1503295233268493,Lebowski Lovers,The Dude's Designs,≤100
77790954801,Salesian Missions,Salesian Missions,≤100
2311489605552071,Customers Who Care,Customers Who Care,≤100
210277954204,The Young Turks,"The Young Turks, Inc.",≤100
525171637666780,Sandy Piña California Delegate,RCR,≤100
374848446414965,Pollking,Benjamin Aaron Perlman,≤100
100123544800892,Disme Coin Company,Byron Michael Laughlin,≤100
205795426669644,Facts and Logic about the Middle East,Facts and Logic About the Middle East,≤100
158233651450504,The Palestine Institute for Public Diplomacy,The Palestine Institute for Public DIplomacy,≤100
911828698840246,ReLEntless Defender Apparel,ReLEntless Defender Apparel,≤100
100928564715182,Shout Your Truth,Jeffrey Warren Wright,≤100
19342050934,Leadership Institute,LEADERSHIP INSTITUTE INC,≤100
70090474914,American Farmland Trust,"AMERICAN FARMLAND TRUST, INC",≤100
83865976093,Truthout,TRUTHOUT,≤100
156392276602,Strong Towns,Strong Towns,≤100
101183127996396,Four Is Enough,PACRONYM,≤100
557113921291144,Learning Dynamics,4 Weeks To Read LLC,≤100
1695950424027488,Andy Hallinan,Andrew Lawrence Hallinan,≤100
111350917102742,Medicture,Medicture,≤100
18982436812,ACLU,American Civil Liberties Union,≤100
102592959026,Ocean Conservancy,"OCEAN CONSERVANCY, INC.",≤100
223424284727002,Newsworthy Stories,Jacqueline Larue Jimenez,≤100
103652349763757,Dinkleboo,These ads ran without a disclaimer,≤100
104332121089758,Fitness and Nutrition,Zheng Ling Pan,≤100
294879797332635,Debbie Dingell,DEBBIE DINGELL FOR CONGRESS,≤100
10234472029,Council on Foreign Relations,Council on Foreign Relations,≤100
262062478079324,Mckayla Wilkes for Congress,MCKAYLA WILKES FOR CONGRESS,≤100
49209604726,Vermont Teddy Bear,"VERMONT TEDDY BEAR CO., INC., THE",≤100
745910525468062,National Center on Sexual Exploitation,National Center on Sexual Exploitation,≤100
107297540666889,DemCast Arizona,DemCast USA,≤100
1688725768007141,Michelle Caruso-Cabrera,CARUSO-CABRERA FOR NEW YORK,≤100
102039711269282,Jerry For Mayor,Friends of NewTown Party,≤100
30792325085,Bipartisan Policy Center,"BIPARTISAN POLICY CENTER, INC.",≤100
633017507209226,"Kaylee Tuck for Florida House of Representatives, District 55",Kaylee Tuck for Florida House of Representatives,≤100
100585318107139,"Mark Alan Harrison for Constable, Harris County Precinct 5",The Mark Alan Harrison Campaign,≤100
101103254533,SOS International,SOS International,≤100
417522508294454,Job Creators Network,Job Creators Network,≤100
105990960984259,"Rena Ware, California rep. Independiente",Alejandro None Sanchez,≤100
543066585882629,Libertarian Country,Libertarian Country,≤100
5633824547,FreedomWorks,"FREEDOMWORKS, INC.",≤100
134571176638205,One Tree Planted,One Tree Planted,≤100
2410084349217985,Living Facts,These ads ran without a disclaimer,≤100
221046091240452,Stephen Kramer Glickman,800 Pound Gorilla Records,≤100
102206620458674,Leaders Igniting Transformation,"Leaders Igniting Transformation Action Fund, Inc.",≤100
7976226799,The Daily Show,Comedy Central,142
152766071443309,The City University of New York,The City University of New York,≤100
546497545399440,ASEC - African Sisters Education Collaborative,African Sisters Education Collaborative (ASEC),≤100
1679521432262834,Physicians Grassroots Network,American Medical Association,≤100
53214848444,Wisconsin Family Action,WISCONSIN FAMILY ACTION,≤100
110035463860647,Trump Signs,Bankov Enterprises LLC,≤100
292351509697,Jerusalem Prayer Team,Jerusalem Prayer Team,≤100
518194348194441,RepresentUs,RepresentUs,≤100
11162728079,U.S. PIRG,UNITED STATES PUBLIC INTEREST RESEARCH GROUP,≤100
114467748592136,RacingUSA.com,William David Carrington,≤100
176789922364429,Steve Daines,STEVE DAINES FOR MONTANA,≤100
140241941982,Weekly World News,Gregory Michael Dzzlessandro,≤100
20149036407,Earth Day Initiative,EARTH DAY NEW YORK,≤100
52989768601,Population Connection Action Fund,Population Connection Action Fund,≤100
1375618656016062,Deb Haaland for Congress,DEB HAALAND FOR CONGRESS,≤100
23875187730,Feeding America,Feeding America,≤100
114815188528887,Neighborhood Nurse,Kristina Anne Larsen,≤100
354329797956187,The Catholic Association,"The Catholic Association, Inc",≤100
27591534505,SPIRIT 105.3,CRISTA MINISTRIES,≤100
6500552187,Hulu,"HULU, LLC",≤100
223008867858902,American Action News,American Action News,≤100
198296877515470,Switch4Good,Switch4Good,≤100
891985210895000,Act To Change,Act To Change,≤100
97466887664,Innocence Project,"INNOCENCE PROJECT, INC., THE",≤100
143152622368089,San Diego Zoo Safari Park,ZOOLOGICAL SOCIETY OF SAN DIEGO,≤100
87186661244,Johns Hopkins Bloomberg School of Public Health,Johns Hopkins Bloomberg School of Public Health,≤100
246491525549550,Education Post,Education Post,≤100
168452723312821,Chisholm Chisholm & Kilpatrick LTD,Chisholm Chisholm & Kilpatrick LTD,≤100
493811210669780,Creative Action Network,Creative Action Network,≤100
92925746942,Judicial Watch,Judicial Watch,≤100
120333829372239,Salvos,Salvos,≤100
8047221596,Save the Children US,"SAVE THE CHILDREN FEDERATION, INC.",≤100
113826593350277,Economic Left,Economic Left,≤100
2354481724812667,Spencer for Milwaukee City Attorney,Spencer for Milwaukee,≤100
405469100189512,Still My President - Donald Trump,Red State Politics LLC,≤100
466279197281062,Slay The Dragon,Magnolia Pictures,≤100
1719463118318375,Bees In The D,BEES IN THE D,≤100
36474716066,Color Of Change,COLOROFCHANGE.ORG,≤100
110509307164141,American Patriot Unite,American Patriot Unite,≤100
1001615463272722,Biosimilars Council,The Biosimilars Council,≤100
1032931246869252,Ditch the Estate Tax,Policy And Taxation Group,≤100
1724818571163958,Action Center on Race and the Economy,"ACTION CENTER ON RACE AND THE ECON, THE",≤100
389119978332258,We Are Apartments,The National Association of Apartments and the National Multifamily Housing Council,≤100
1534290989956166,The Philanthropy Roundtable,"PHILANTHROPY ROUNDTABLE, THE",≤100﻿
1892187271040911,FreedomWorks Foundation,FreedomWorks Foundation,≤100
2323471027903589,Bridging Minds,Bridging Minds,≤100
192771954102960,Jordan Sekulow,American Center for Law and Justice,≤100
126545090842652,Sean M. Spiller,Election Fund of Sean M. Spiller,≤100
187912903933,Socialist Alternative,Socialist Alternative,≤100
118303441570966,Home Ownership Matters,NATIONAL ASSOCIATION OF REALTORS,≤100
1025055787535714,A Case for Women,A Case for Women,≤100
348868709136665,Conservative Defense Fund,Conservative Defense Fund (CDF),≤100
101391114847542,Public Service Workers Protect Us,AMERICAN FEDERATION OF STATE COUNTY & MUNICIPAL EMPLOYEES,≤100
272565456712768,Bloomberg Government,"BUREAU OF NATIONAL AFFAIRS, INC., THE",≤100
119817566077063,Friends of Dave Perez,David James Perez,≤100
957810197669209,Re-Elect Johns For St. Johns County Commissioner,Jimmy Johns for St. Johns County,≤100
121072318410610,MagdakineDesigns Swimwear,Magdalena Rose Berger,≤100
130467958471,Jason Lewis,Jason Lewis for Senate,≤100
55549065733,Voto Latino,VOTO LATINO INC.,≤100
1485046298224624,Betsy Sweet,SWEET FOR SENATE,≤100
314934432050445,Keeping Our Promise - Rochester,Ellen Elisabeth Smith,≤100
94047978366,PCCC - BoldProgressives.org,PROGRESSIVE CHANGE CAMPAIGN COMMITTEE,≤100
907919839243616,My Faith Votes,My Faith Votes,≤100
11024050756,Bioneers,Bioneers,≤100
109449563939515,Susan for 7th District,Friends of Susan Marie Smith,≤100
1927977257228284,Jack Murphy,I Love My Freedom,≤100
1000253160054572,Cori Bush,CORI BUSH FOR CONGRESS,≤100
114386721939978,The Made in America Store,Made In America Store,≤100
163302087408673,Stop The Donald,Stop the Donald,≤100
304709940450333,Sezmesezu,Christopher James Bates,≤100
681016675362080,u4See,Aviad Sar Shalom Giath,≤100
124626320898336,Catholic Extension,"CATHOLIC CHURCH EXTENSION SOCIETY OF THE UNITED STATES OF AMERICA, THE",≤100
99056648937,NIAC,NIAC Council,≤100
163148530407080,Captain Mark Kelly,MARK KELLY FOR SENATE,≤100
1640970822834351,Plaine Products,Plaine Products,≤100
13649914583,Equality Now,"EQUALITY NOW, INC.",≤100
694340911004154,Americans for Intelligence Reform,Americans for Intelligence Reform,≤100
394707496275,Threads 4 Thought,Threads 4 Thought,≤100
203805062990264,Ben Shapiro,The Daily Wire,≤100
300992409852,Hoover Institution,Hoover Institution,≤100
103284947927286,Roaring Right,Keegan Scott Boston Rush,≤100
709046012792616,National Audubon Society Action Fund,National Audubon Society Action Fund,≤100
122894447754361,Institute for New Economic Thinking,"INSTITUTE FOR NEW ECONOMIC THINKING, THE",≤100
2254455051442790,Flag and Cross,Flag & Cross,≤100
189269999292,Wärtsilä Corporation,These ads ran without a disclaimer,≤100
109678580574253,Politicool Clothing Co.,PolitiCoolClothing.com,≤100
107276507409124,Make America Bad Again,"Provoking Thoughts, LLC",≤100
276015033095157,NYS DACC,DEMOCRATIC ASSEMBLY CAMPAIGN COMMITTEE,≤100
1425435377743310,Conversations with Bill Kristol,The Foundation for Constitutional Government,≤100
2036389409806378,Backpage's Role in Prostitution and Trafficking,X Social Media LLC,≤100
5644748986,National Wildlife Federation,NATIONAL WILDLIFE FEDERATION,≤100
13187955196,Young Americans for Liberty,Young Americans for Liberty,≤100
1431240990520150,Chevalier for Family Court Judge 2020,Committee to Elect Yvette Chevalier,≤100
434616383688551,Ocean & Co.,Ocean & Co,≤100
427302110732180,Mike Cernovich,Michael C Cernovich,≤100
344690446467832,The Copper Courier,Courier Newsroom,≤100
26060837166,Point Loma Nazarene University,Point Loma Nazarene University,≤100
721000238103165,Eric Early,Eric Early,≤100
61878332769,ICNA Relief,ICNA RELIEF USA PROGRAMS,≤100
777657635932867,Blessings Through Action,Blessings Through Actions,≤100
56129410661,Justice Policy Institute,SARAH RACHEL ROSE-STERN,≤100
706524116176287,Collective Agency,Collective Agency,≤100
112614656925530,Perry for Kentucky,Robert Lee Perry,≤100
202286639832171,Dr. Robert Jeffress,FIRST BAPTIST CHURCH DALLAS,≤100
420424547981908,In Search of Liberty,Scott Dennis Welch,≤100
384006901653736,The Moore Charitable Foundation,Moore Charitable Foundation,≤100
102250854673066,Jonathan Pinson for West Virginia House of Delegates District 13,Jonathan Adam Pinson,≤100
175580571641,Out of Print,Out of Print,≤100
594519783957655,Citizens for National Security,Citizens For National Security,≤100
115761269812805,Jeff Hinkle,Jeff Hinkle Campaign,≤100
1883837055193241,Shield Republic,Shield Republic,≤100
104933662932387,CreativeFuture,CreativeFuture,≤100
104008511164798,Boy Scouts Abuse,These ads ran without a disclaimer,≤100
108512875350,The Atlas Society,The Atlas Society,≤100
830121337093232,National Democratic Training Committee,NATIONAL DEMOCRATIC TRAINING COMMITTEE PAC,≤100
1526736227567131,TrueCoverage,True Coverage,≤100
67180895597,National Shrine of St. Jude,The National Shrine of St. Jude,≤100
2353537341582545,Proud Patriots,"Unicorn Wealth, LLC",≤100
537299709721112,Advantage Gold,Advantage Gold Group,≤100
560140464159364,Stand for the 2nd Amendment,SFT2 Tactical Supply,≤100
156968474833352,Stop Republicans,Stop Republicans,344
950998258312654,Knowhere,"Knowhere, Inc.",≤100
136047226646,Alliance for Retired Americans,ALLIANCE FOR RETIRED AMERICANS,≤100
100954708112820,Americans for Medicare Dental Coverage,Freeroots,≤100
971463449533074,Nate McMurray for Congress,NATE MCMURRAY FOR CONGRESS,≤100
171613416336444,Nature's Yoke,Helen Chazal Leibee,≤100
23516382545,B Corporation,B LAB COMPANY,≤100
390560688135747,Public Editor Press,"Public Editor Press, Inc",≤100
500410440069924,Dan "Taxation Is Theft" Behrman for President 2020,COMMITTEE TO ELECT DAN TAXATION IS THEFT BEHRMAN,≤100
504509279946722,Robin Wilt For Congress,ROCHESTER FOR ROBIN,≤100
780606555331010,American Student Loan Advocate,ASLR Marketing,≤100
6170309302,Dick Durbin,FRIENDS OF DICK DURBIN COMMITTEE,≤100
68693168571,Jewish Federations of North America,Jewish Federations of North America,≤100
240273729440157,Civic Ecology Lab,These ads ran without a disclaimer,≤100
342623112567750,The Shoe That Grows,Because International Corp,≤100
101788601255619,Mark Sidney,Power To The Publisher,≤100
577214555786847,Lessons from Military History,Hoover Institution,≤100
620301151471659,Weak Ends at Bernies,Paul Anthony Goodno,≤100
511235549007985,PRJKT RUBY,PRJKT RUBY,≤100
15188122178,The Hamilton Collection,The Hamilton Collection,≤100
133855567312842,Scott Lively Ministries,Scott D Lively,≤100
34992314695,National Center for Public Policy Research,NATIONAL CENTER FOR PUBLIC POLICY RESEARCH,≤100
455147011996099,The Ann and Phelim Scoop,The Unreported Story Society,≤100
468906559794011,LaunchGood,LaunchGood Inc.,≤100
90498769709,Edenpure,EdenPURE®,≤100
1452551204988299,GoReact,Speakworks Inc,≤100
362232354250108,Becky Evans for Georgia House,"Friends of Becky Evans, Inc",≤100
1610834479233860,Fight For Reform,End Citizens United Non-federal,≤100
6355071377,American Cancer Society Cancer Action Network - ACS CAN,AMERICAN CANCER SOCIETY CANCER ACTION NETWORK INC,≤100
271434569418,HumaneWatch,Center for Consumer Freedom,≤100
440850842779072,DuPage Policy Journal,Local Government Information Services,≤100
7860876103,Joe Biden,BIDEN FOR PRESIDENT,489
403716816314673,Lee Saunders,AMERICAN FEDERATION OF STATE COUNTY & MUNICIPAL EMPLOYEES,≤100
168367339845613,The Humane League,The Humane League,≤100
103636294535112,Libertarian Party of UNCG,Joseph Timothy Swiggett,≤100
522066681172920,Justin Prince,These ads ran without a disclaimer,≤100
137459917707,The Brookings Institution,The Brookings Institution,≤100
90705538313,Sheet Metal Air Rail and Transportation Workers,SMART,≤100
165014546858456,Free To Choose Network,FREE TO CHOOSE,≤100
1653885501501009,Propeller,Propeller Enterprises,≤100
117270568319993,NYSUT - A Union of Professionals,New York State United Teachers,≤100
132492254050920,American AF,AAF Nation,≤100
84280132559,American Legislative Exchange Council,AMERICAN LEGISLATIVE EXCHANGE COUNCIL,≤100
20811642728,Change to Win,Change to Win,≤100
100179808132206,Resonation,Resonation Inc,≤100
331037760381749,Sierra Magazine,SIERRA CLUB,≤100
212933805686,Because International,Because International Corp,≤100
1428379550735892,Senator Sue Serino,Serino4NY,≤100
51379424899,Mercy Ships,MERCY SHIPS INTERNATIONAL,≤100
12692955711,Chronicle of Higher Education,"CHRONICLE OF HIGHER EDUCATION, INC. (THE)",≤100
1438553336457672,Fair Housing Council of Greater San Antonio,SAN ANTONIO FAIR HOUSING COUNCIL INC,≤100
109134830615573,Christina Gomez Schmidt for Madison Schools,Friends of Christina Gomez Schmidt,≤100
336470580233523,Pins and Aces Golf Co.,US Craft Brands LLC,≤100
434635993263210,"King County, Washington - Government","King County, WA",≤100
212009062197107,Higher Heights for America,Aprill Olivia Turner,≤100
8492293163,Environmental Defense Fund,Environmental Defense Fund,≤100
1305943179552668,Forrest Johnson,Forrest Nels Johnson,≤100
602074469965571,Plan C,NATIONAL WOMENS HEALTH NETWORK,≤100
184943371545358,ASTA - American Society of Travel Advisors,ASTA,≤100
321334725246666,Anton Sakharov for Governor GOP,Anton Sakharov for Governor,≤100
296093157932840,The Fulcrum,Issue One,≤100
87199812705,Advocates for Youth,ADVOCATES FOR YOUTH INC,≤100
112942500238297,Trees4Australia,Trees4Australia,≤100
157402764294444,"Union Mission Ministries, Norfolk","UNION MISSION INC, THE",≤100
615854911830541,Shore Buddies,Malte Niebelschetz,≤100
127637620616803,Comcast Newsmakers,Comcast,≤100
93104154930,Voices for the Voiceless,"Voices for the Voiceless, Inc.",≤100
357750373755,National Domestic Workers Alliance,National Domestic Workers Alliance,≤100
662962894077729,The Well News,The Well News,≤100
175716473032461,MamaP,MamaP,≤100
360424321432255,Doha Debates,Doha Debates,≤100
101992031368419,Vote Steve Now for State House,Friends of Steve Leibel,≤100
114314450118087,Darma for City Council 37,Darma V Diaz CD37,≤100
1755810367986271,Eurasia Group Foundation,Eurasia Group Foundation,≤100
50540749125,International Orthodox Christian Charities,"INTERNATIONAL ORTHODOX CHRISTIAN CHARITIES, INC.",≤100
125937197447634,ACTA - American Council of Trustees and Alumni,AMERICAN COUNCIL OF TRUSTEES AND ALUMNI,≤100
18780321251,American Chemistry,"AMERICAN CHEMISTRY COUNCIL, INC.",≤100
147486638599345,Urban Teachers,Urban Teachers,≤100
1615018905412860,Progressive Turnout Project,PROGRESSIVE TURNOUT PROJECT,≤100
18813753280,Human Rights Campaign,"HUMAN RIGHTS CAMPAIGN, INC.",≤100
221416561801,Thomas B. Fordham Institute,Thomas B. Fordham Institute,≤100
110991348608,Michael Caldwell for Georgia,"Caldwell for Georgia, Inc.",≤100
7814597100,Jim Jordan for Congress,These ads ran without a disclaimer,≤100
154471447959196,Institute for Veterans and Military Families - IVMF,Institute for Veterans and Military Families,≤100
514167322309353,Dan Crenshaw,Dan Crenshaw for Congress,≤100
823946404613948,The President Trump Fan Club,I Love My Freedom,≤100
174009339411865,SmartNews,"SmartNews International, Inc.",≤100
44445668667,UMCOR - United Methodist Committee On Relief,These ads ran without a disclaimer,≤100
260401648038890,Science101,Novelty Media,≤100
1529468987331408,BulbHead,TELEBRANDS CORP.,≤100
287626442158465,Laws101,Laws101,≤100
173837496125511,Conscious Step,Conscious Step,≤100
161186620643972,American Institute for Economic Research,AMERICAN INSTITUTE FOR ECONOMIC RESEARCH,≤100
106469240890813,Military Support,Whats Your Injury Worth,≤100
105821344592,Eugene A. DePasquale,DEPASQUALE FOR PA 10,≤100
100666038243915,True American Patriot,Gold Sky Ventures LLC,≤100
1608037099452838,Brianna Wu,BRIANNA WU FOR CONGRESS,≤100
15687409793,World Wildlife Fund,World Wildlife Fund,≤100
194798557218627,AARP Wyoming,AARP,≤100
105756057589080,The Lincoln Project,The Lincoln Project,≤100
971668776283950,PolicyEd,Hoover Institution,≤100
179145905973075,Sophie Ratner Jewelry,Sophie Ratner Jewelry,≤100
1580844735465499,Mighty Oaks Warrior Programs,Mighty Oaks Foundation,≤100
350316025478383,When We All Vote,When We All Vote,≤100
111182343682003,Certified CCW,CertifiedCCW.com,≤100
133666160060982,Senate Majority PAC,SMP,≤100
1502654549792632,Protect Our Care,Sixteen Thirty Fund,≤100
38235851310,USA for UNHCR,UNITED STATES ASSOCIATION FOR UNHCR,≤100
140357056032320,NEA Today,National Education Association,≤100
104965807734320,Cave Jokes,Cave Jokes,≤100
183989338318281,The American Legion National Headquarters,LEGIONNAIRE,≤100
103636184440791,The Epoch Times US News,These ads ran without a disclaimer,≤100
170582513587720,Liberty Through Wealth,The Oxford Club,≤100
120547365195,National LGBTQ Task Force,National LGBTQ Task Force,≤100
161994493811699,Conservation Lands Foundation,Conservation Lands Foundation,≤100
106224464107240,Jo Jorgensen for President,JO JORGENSEN FOR PRESIDENT,≤100
28446275521,Military Officers Association of America (MOAA),Military Officers Association of America,≤100
165987503528599,Lindsey Graham,"TEAM GRAHAM, INC.",≤100
735392426643177,NeptuneCafe,NeptuneCafe,≤100
1914537155242810,Life: Powered,Texas Public Policy Foundation,≤100
18017481462,Acton Institute,Acton Institute,≤100
112621057029615,Stay Home Save Lives,"Stay Home, Save Lives",≤100
917165515112598,Progressive Power,USA Unify Media Inc,≤100
286487148036558,NEAVS,NEW ENGLAND ANTI VIVISECTION SOCIETY,≤100
361960287311696,Better Medicare Alliance,"Better Medicare Alliance, Inc",≤100
1690071827911682,Cleancult,cleancult,≤100
278487153675,Redneck Nation Clothing,Tracie Milliron Gold,≤100
72565633140,Soles4Souls,"SOLES4SOULS, INC.",≤100
113543090115189,Democracy.ai,Luke Thomas Willoughby,≤100
59254639983,Boston Medical Center,BOSTON MEDICAL CENTER,≤100
276131699084792,YWAM Los Angeles,YWAM Los Angeles,≤100
198365307706211,Illegal The Project,Illegal The Project,≤100
106122894312740,Democrat Party Strong,James R Oddo,≤100
103376804451432,Trending Politics,Making Web LLC,≤100
110280253735683,Alexandria Ocasio-Cortez Fan Club,Imran M Jemal,≤100
127755494595870,Progressive Takeover,PROGRESSIVE TAKEOVER,≤100
194377127954,Ladders,These ads ran without a disclaimer,≤100
23790541544,Democrats,DCCC,≤100
108838240704138,Operation Restoration 2020,CITIZENS FOR JADE SIMMONS,≤100
461204744067686,Family Protection Association,Family Protection Association,≤100
1985325944862707,Jineea Butler,JINEEA FOR CONGRESS,≤100
2123425971065747,Sora Schools,Indra Putra Sofian,≤100
101391906600,Live Action News,Live Action News,≤100
1262237997166592,Make America Laugh Again,Samy Abdeslem Chouia,≤100
117709002968266,Green Ocean Co.,Green Ocean Co.,≤100
34362997676,United States Holocaust Memorial Museum,UNITED STATES HOLOCAUST MEMORIAL MUSEUM,≤100
1652003065088144,Wendy2020,Wendy Breeden for Lake County Commission,≤100
44821210086,American Numismatic Association,AMERICAN NUMISMATIC ASSOCIATION,≤100
148485621883625,40 Days for Life,40 Days for Life,≤100
1118677698164230,Meli Wraps,Jaime Ella Harmon,≤100
101987144592086,Stollings for West Virginia,Stollings for West Virginia,≤100
21492729544,Catholic Relief Services,CATHOLIC RELIEF SERVICES - UNITED STATES CONFERENCE OF CATHOLIC BISHOPS,≤100
166269923431086,Senator Dennis Baxley,Dennis Baxley for State Senate,≤100
118916718118531,Feeding America West Michigan,FEEDING AMERICA WEST MICHIGAN,≤100
118502801658228,Young Kim,Young Kim for Congress,≤100
92021268117,Working America,Working America,≤100
102389457864860,Treehuggers Bracelets,ECOMX LLC,≤100
1014291495249813,Politicon,Politicon,≤100
14084625156,Susan G. Komen,Susan G. Komen,≤100
110257623864359,Cool Mud Flaps,"OHIO LASER, LLC",≤100
126893748252841,American Firearms Coalition,American Firearms Coalition,≤100
1392215517462479,Lingua Franca,Lingua Franca NYC,≤100
139599847972,National Nurses United,National Nurses United,≤100
101682706561261,"Freedom Watch, Inc.","Freedom Watch, Inc.",≤100
32802178807,Homes For Our Troops,Homes For Our Troops,≤100
162616177521935,ACM Strategies,ACM Strategies,≤100
19746387261,Humane Society International,Humane Society International,≤100
738298126313472,John Thomas Political Strategist,The Thomas Guide Show,≤100
2390004754407420,"Our Kids, Our Work, Our Families",Center for Community Change Action,≤100
105618920851539,Peaceful Regions,Jamie Sue Henderson,≤100
186891114706643,Help Animals India,HelpAnimalsIndia,≤100
106250831014171,Conservative Nonno,Frank Joseph Vaccarelli,≤100
8340223883,Avaaz,Avaaz Foundation,≤100
253507715172780,Andy Levin,ANDY LEVIN FOR CONGRESS,≤100
1336293769761923,Jon Ossoff,JON OSSOFF FOR SENATE,≤100
12876978977,SPCA of Texas,SPCA of Texas,≤100
151894654697,Save Our States,"OKLAHOMA COUNCIL OF PUBLIC AFFAIRS, INC.",≤100
7192716362,Amnesty International USA,Amnesty International USA,≤100
723136714746586,The Common Ground Project,"The Common Ground Project, Inc.",≤100
108133417467910,Forest Carbon Coalition,CENTER FOR SUSTAINABLE ECONOMY,≤100
110534837143289,John Goncalves for Providence City Council Ward 1,Friends of John Goncalves For City Council,≤100
142957224352,International Medical Corps,International Medical Corps,≤100
106736034281444,This Place People Together,Lucy  Tran,≤100
810122486032496,Jackie Gordon,Jackie Gordon for Congress,≤100
635850443292528,Nasty Woman Coloring,Nasty Woman Coloring,≤100
1836138529938551,Greater Half,Greater Half,≤100
1151226001683046,Luz Collective,Luz Collective,≤100
265268336865693,Do Amore,Do Amore Limited Company,≤100
184373328845372,Gigi Raffe,Gigi Raffe,≤100
101591551371555,Fire Mitch. Save America.,SAVE AMERICA FUND,≤100
92115252205,Armory Center for the Arts,ARMORY CENTER FOR THE ARTS,≤100
596556607135301,The Earthling Co.,Educated Earthling,≤100
44224524016,American Kidney Fund,"AMERICAN KIDNEY FUND, INC.",≤100
165674110118949,Clearing out the Clutter,Colin Moore,≤100
101464861365288,Americans Networking Together,Lucy  Tran,≤100
304174600459936,Front Porch Sense,Marnie Lynn Kuhns,≤100
8524198486,Physicians Committee for Responsible Medicine,"PHYSICIANS COMMITTEE FOR RESPONSIBLE MEDICINE, INC.",≤100
710669049286394,Woo the People,Khosro David Illulian,≤100
376638603087168,Save The Earth,8 Billion Trees LLC,≤100
240841589886168,We Still Hold These Truths,Ronald Hirsch,≤100
100489714905608,Democracy Network,Democracy Network,≤100
196098536897,Texas Right to Life,Texas Right to Life,≤100
105986927538317,Triump Apparel,Triump Apparel,≤100
530604487365010,Old Glory Flagpole Kits,Service First Flag Poles,≤100
106762244183809,Sam for 4,Campaign to Elect Sam for 4,≤100
104686564209483,I Want My Mommy A Parent's Guide to Child Care and Education,Cameron Kidston,≤100
107856557376203,The Right Tees,therighttees.com,≤100
111585603642437,Angelito Tenorio for West Allis,Tenorio for West Allis,≤100
113334930102591,Glystn,Glystn Inc.,≤100
101129019929080,Friends in Adoption,"Friends in Adoption, INC",≤100
6231686654,Compassion International,"COMPASSION INTERNATIONAL, INCORPORATED",≤100
1585761838387907,Unity College Online,Unity College,≤100
59877921429,Lutheran Immigration and Refugee Service,"LUTHERAN IMMIGRATION AND REFUGEE SERVICE, INC.",≤100
172662909415805,I-N-S,These ads ran without a disclaimer,≤100
157546398049625,Marsy's Law for Wisconsin,"Marsy’s Law for Wisconsin, LLC",≤100
208448029308099,Neal F. Thompson,Neal Francis Thompson,≤100
25998443394,MedPage Today,"EVERYDAY HEALTH, INC.",≤100
481717441888024,Mamaroneck Coastal,Mamaroneck Coastal Environment Coalition,≤100
95335385742,National Fish and Wildlife Foundation,NATIONAL FISH AND WILDLIFE FOUNDATION,≤100
16477459734,League of Conservation Voters,"LEAGUE OF CONSERVATION VOTERS, INC",≤100
1338822066131069,Women's March,Women's March,≤100
160630887998827,Let Them Live,Let Them Live,≤100
1439364926329185,Animal Matters,Animal Matters,≤100
293225127381200,Patriot Depot,The Patriot Depot,≤100
80668957414,GoSili,SiliKids Inc.,≤100
102424843756,Pathways for Exceptional Children,"Pathways for Exceptional Children, Inc.",≤100
18479402361,No Kid Hungry,No Kid Hungry,≤100
337490192991981,Grabien,Grabien Inc,≤100
111393882812494,Amy McGrath,"AMY MCGRATH FOR SENATE, INC.",≤100
102029821201699,Planet Earth: Trumped,Planet Earth TRumped,≤100
1515578192021449,WHOLETONES,Wholetones Inc.,≤100
241994476248897,Wild Minimalist,Wild Minimalist,≤100
1836138529938551,Greater Half,Billy Benson,≤100
1934191280189700,Health Care Voter,Health Care Voter,≤100
19474609238,Mercatus Center at George Mason University,These ads ran without a disclaimer,≤100
168051710543266,Friends of Lacy Johnson,Lacy Johnson for Congress,≤100
18709174006,National Audubon Society,"NATIONAL AUDUBON SOCIETY, INC.",≤100
425303257834064,Tom Basile,TomBasile.com,≤100