﻿Page ID,Page Name,Disclaimer,Amount Spent (USD)﻿
1691667177798461,Brut,Brut,≤100
105735284384163,Marianas Business Journal,These ads ran without a disclaimer,≤100
106347817561634,Vince Borja for Senator,Vincent Anthony Velasco Borja,≤100
527358433996753,Voodoo,These ads ran without a disclaimer,≤100
303943826419440,Senator Wil Castro,4 Wil Drive,≤100
308817409741999,Governor Lou Leon Guerrero,Office of the Governor of Guam,≤100
109606223941032,Senator Sabina Flores Perez,Jaceth M Duenas,≤100
189269999292,Wärtsilä Corporation,These ads ran without a disclaimer,≤100
751378318588766,Prevent UnWanted Species Guam,"Sustainable Resources Group Intn'l, Inc.",≤100
2207991836092014,Sabinetek Audio,These ads ran without a disclaimer,≤100
147247385296588,Senator Telo T. Taitague,Telo T Taitague,≤100
11131463701,truth,TRUTH INITIATIVE FOUNDATION,≤100
629062130882339,Congressman Michael F.Q. San Nicolas - Guam,United States House of Representatives,140
292780334633,International Christian Embassy Jerusalem (ICEJ),These ads ran without a disclaimer,≤100