﻿Page ID,Page Name,Disclaimer,Amount Spent (USD)﻿
83290028957,Care Net,CARE NET,≤100
12301006942,Democratic Party,DNC SERVICES CORP./DEM. NAT'L COMMITTEE,≤100
1690071827911682,Cleancult,cleancult,≤100
112287913481898,Cindy Banyai for Florida Congressional District 19,FRIENDS OF CINDY BANYAI,≤100
1383869268500535,Medicare World,Medicare World,≤100
99050726344,Phillips Theological Seminary,PHILLIPS THEOLOGICAL SEMINARY,≤100
307943569254319,Florida Rights Restoration Coalition,Florida Rights Restoration Coalition,≤100
105446074359028,Cancel Conway,VOTE LIBERATION,≤100
7686808625,Jim Inhofe,FRIENDS OF JIM INHOFE,≤100
265339916844745,"Motion Picture Editors Guild, I.A.T.S.E. Local 700",MOTION PICTURE EDITORS GUILD,≤100
589787637733608,Scherie S. Murray,SCHERIE MURRAY FOR CONGRESS,≤100
101790027912408,Vote for Danielle P,Citizens for Danielle M Pascucci,≤100
160191644025128,Walton Family Foundation,WALTON FAMILY FOUNDATION INC,≤100
297281494147774,Good Morning Liberty Podcast,Good Morning Liberty,≤100
105287044367027,ObsessedwithTrump,Donald Lee Rowan,≤100
312652025484896,Americans for Tax Fairness,Americans for Tax Fairness,≤100
46884117504,John Matthew Walker,John Matthew Walker,≤100
210277954204,The Young Turks,"The Young Turks, Inc.",≤100
8914040942,Chesapeake Bay Foundation,"CHESAPEAKE BAY FOUNDATION, INC., THE",≤100
359933137438156,Nine Line Apparel,Nine Line Apparel,≤100
375760676281438,Mermaid Straw,Mermaid Straw,≤100
105698674239617,Embed News,Embed News,≤100
388475271497575,The Trump Revolution,Dora Louise Collier,≤100
370345423898,Alaska Children's Trust,Alaska Children's Trust,≤100
240203263118328,Elissa McBride,AMERICAN FEDERATION OF STATE COUNTY & MUNICIPAL EMPLOYEES,≤100
502528666480497,Kiss The Ground,KISS THE GROUND,≤100
1800072483402009,African Community & Conservation Foundation,African Community & Conservation Foundation,≤100
142474049098533,Robert Reich,Inequality Media Civic Action,≤100
308506536540046,Alaskans for Better Elections,Alaskans for Better Elections,≤100
352527958302,Israel on Campus Coalition,Israel on Campus Coalition,≤100
107291750775792,The 100 Million,Knight Foundation,≤100
652735891861686,Ben Loyola,BEN LOYOLA FOR CONGRESS,≤100
168109446538119,St. Martin's Press,St. Martin's Press,≤100
175716473032461,MamaP,MamaP,≤100
101784008065542,Commit to Seniors,American Commitment,≤100
543066585882629,Libertarian Country,Libertarian Country,≤100
183424985463330,Joe Cunningham,JOE CUNNINGHAM FOR CONGRESS,≤100
121268821249550,World Central Kitchen,World Central Kitchen,≤100
110316380149,Family Policy Alliance,Family Policy Alliance,≤100
2266444033567875,Grump Merch,Grump Merch,≤100
46428009499,The Jewish Agency for Israel,Shiri  Stern,≤100
777657635932867,Blessings Through Action,Blessings Through Actions,≤100
2196281620653830,Footprint,Footprint,≤100
1475056949212605,Charity Mobile,Charity Mobile,≤100
2155040508095232,MonopolyWars,MonopolyWars.com,≤100
1711465445765878,Nancy Pelosi,NANCY PELOSI FOR CONGRESS,≤100
110177119192569,Knightscope,William Li,≤100
102745147891580,Trump Coolers,Eric Clifford Juels,≤100
19746387261,Humane Society International,Humane Society International,≤100
627951147293090,FatFinger,Fat Finger LLC,≤100
144850842237429,Independentvoting.org,Independent Voting (IndependentVoting.org),≤100
190987118163092,Connected Clothing Company,Connected Clothing Company,≤100
1799282383731277,TwoSeventy,Alexander Jared Deutsch,≤100
160630887998827,Let Them Live,Let Them Live,≤100
67626834312,National Women's Law Center,National Women's Law Center,≤100
1399926390134311,Nature's Generator,Huntkey USA Inc,≤100
1334691340028339,Hartigan for Judge,Committee To Elect Russ Hartigan Judge,≤100
7035457015,Brave New Films,BRAVE NEW FOUNDATION 501(C)(3),≤100
20876805343,March of Dimes,MARCH OF DIMES INC.,≤100
354329797956187,The Catholic Association,"The Catholic Association, Inc",≤100
108267439700260,Bargain Heroes,Bargain Heroes,≤100
592707041080920,Stand Together,Stand Together Chamber of Commerce Inc.,≤100
665345483483486,NRA - National Rifle Association of America,NATIONAL RIFLE ASSN OF AMERICA,≤100
110201667002800,Jewish Republican Alliance,YukoSocial LLC,≤100
1336293769761923,Jon Ossoff,JON OSSOFF FOR SENATE,≤100
18479402361,No Kid Hungry,No Kid Hungry,≤100
171651620209487,Brady PAC,Brady Pac,≤100
59254639983,Boston Medical Center,BOSTON MEDICAL CENTER,≤100
971668776283950,PolicyEd,Hoover Institution,≤100
313723095478950,The Daily Citizen,Focus on the Family,≤100
7292655492,MoveOn,MOVEON.ORG POLITICAL ACTION,≤100
110415877229724,Real American Sportsmen,Real American Sportsmen,≤100
738298126313472,John Thomas Political Strategist,The Thomas Guide Show,≤100
342887442508723,Convention of States,Convention of States Action,≤100
283511548477587,ADD Advocate,Aaron Lawrence Friedman,≤100
2244779792507645,Gray Matters Radio,Gray Matters Radio,≤100
2246364628908665,Uniting Missouri,Uniting Missouri,≤100
229422593795044,State Government Leadership Foundation,State Government Leadership Foundation,≤100
395414573846518,SunFrog Shirts,SunFrog LLC,≤100
607756062649744,The Syria Campaign,The Syria Campaign,≤100
210455593021382,Health Care Voices,"Health Care Voices, a project of Social Good Fund",≤100
153080620724,Donald J. Trump,TRUMP MAKE AMERICA GREAT AGAIN COMMITTEE,126
394707496275,Threads 4 Thought,Threads 4 Thought,≤100
590660300952992,CN4 Partners,CN4 Partners,≤100
112802816740656,Alex Penelas for Miami-Dade County Mayor,ALEX PENELAS CAMPAIGN,≤100
224684514243482,Tom Cotton,"COTTON FOR SENATE, INC.",≤100
18017481462,Acton Institute,Acton Institute,≤100
729627343834501,Kialo,Kialo,≤100
49651563727,Live Action,Live Action,≤100
40102638699,J Street,J STREET INC,≤100
1419480864851393,Arizona Mirror,Arizona Mirror,≤100
33110852384,Doctors Without Borders/ Médecins Sans Frontières (MSF),Doctors Without Borders/Médecins Sans Frontières (MSF),≤100
139599847972,National Nurses United,National Nurses United,≤100
103130504551652,Americonia,John Joseph Turi,≤100
26060837166,Point Loma Nazarene University,Point Loma Nazarene University,≤100
797361757127895,Justin Busch,Justin Busch for State Senate,≤100
341240953385902,Force Of Nature Meats,Force of Nature,≤100
6316744206,Jon Tester,MONTANANS FOR TESTER,≤100
6279167307,Easterseals,Easterseals,≤100
129255907131113,NumbersUSA,NUMBERSUSA EDUCATION AND RESEARCH FOUNDATION,≤100
151525932186806,When Democrats Turn Out,WHEN DEMOCRATS TURN OUT PAC,≤100
459890014763287,Rocky Mountain Values,Rocky Mountain Values,≤100
20149036407,Earth Day Initiative,EARTH DAY NEW YORK,≤100
40906470040,World Pulse,World Pulse Voices,≤100
1878290559083050,شو الأخبار ويب تيفي What's Up Media Network,What's Up Media Network,≤100
109021767293838,Making Retirement Last,Making Retirement Last,≤100
222164564466305,Civic Life Project - www.civiclifeproject.org,Dominique Lasseur,≤100
160389977329803,ATTN:,ATTN: INC.,≤100
134452023239984,Human Coalition,Human Coalition,≤100
462537231005690,Calvin Dane for Rock Island County State's Attorney,Friends of Calvin Dane,≤100
169277310432049,"Texas Precision Optics, Inc.",Texas Precision Optics Inc,≤100
2072638396208222,Adam's Nest,"PTOWNLOVESHACK, LLC DBA Adam's Nest",≤100
107761702578379,American Institute for Cancer Research - AICR,American Institute for Cancer Research,≤100
1194865807192273,Conservative Gear,Outergoods LLC,≤100
723136714746586,The Common Ground Project,"The Common Ground Project, Inc.",≤100
296708523873754,Karla Dennis and Associates Inc.,"Karla Dennis & Associates, Inc",≤100
109119117309521,Two For All Anchorage - Vote YES on 12,Robert Allen Cupples,≤100
92925746942,Judicial Watch,Judicial Watch,≤100
7263476274,Mercy Corps,Mercy Corps,≤100
229812467461262,Big League Politics,Big League Politics,≤100
29092950651,TED,TED Conferences,≤100
348973409274904,Velvet Hamster,Velvet Hamster,≤100
1018914308173454,FStop Foundation,"FSTOP FOUNDATION INC, THE",≤100
105264094403642,Trump MAGA Swag,James Richard Griffin,≤100
114386721939978,The Made in America Store,Made In America Store,≤100
69983322463,Ted Cruz,TED CRUZ FOR SENATE,≤100
105175422857231,Association of American Railroads,ASSOCIATION OF AMERICAN RAILROADS,≤100
104675730964100,Top Guy Tees,Top Guy Tees,≤100
133608809985411,One Colorado,ONE COLORADO,≤100
304062610300415,VozWire,Gregson E Mathe,≤100
11791104453,NRDC,Natural Resources Defense Council,≤100
355799336705,Outreach International,Outreach International,≤100
67178485959,Ploughshares Fund,PLOUGHSHARES FUND,≤100
153278754738777,Climate Reality,The Climate Reality Project,≤100
9364828262,Citizens Against Government Waste,CITIZENS AGAINST GOVERNMENT WASTE,≤100
67945990059,The American Petroleum Institute,AMERICAN PETROLEUM INSTITUTE,≤100
111401363805464,Women for Trump 2020,Julia Elizabeth Westerfield,≤100
42940254353,Human Rights Watch,"HUMAN RIGHTS WATCH, INC.",≤100
112719376780180,The Democratic Change Store,The Democratic Change Store,≤100
112623813202,LifeSiteNews.com,LifeSiteNews,≤100
229944963718518,ArtPlaceAmerica,ArtPlace America,≤100
243498882520314,FoodFinder,"FOODFINDER, INC.",≤100
345761178862282,Yossi Klein Halevi,Stefanie L Pearson Argamon,≤100
102909941095087,Stop Biased Banking,Center for Freedom and Prosperity,≤100
111309842220631,Greenleaf Gifts,"Greenleaf, Inc.",≤100
120333829372239,Salvos,Salvos,≤100
105610970947657,MY 2A GEAR,Leon Mckensizy Dunn,≤100
203197030603239,8 Billion Trees,8 Billion Trees LLC,≤100
555787351119974,Coalition to Protect America's Health Care,Coalition to Protect America's Health Care,≤100
129240690441636,NAACP Legal Defense Fund,"N. A. A. C. P. LEGAL DEFENSE AND EDUCATIONAL FUND, INC.",≤100
112365866805225,RepYourBlock2020,RepYourBlock2020,≤100
336440323158789,Jack Burkman Radio,Jack Burkman Radio,≤100
129660848992,LUNA,CLIF BAR & COMPANY,≤100
290157611894313,The Climate List,Climate List LLC,≤100
110633543714256,"Rebeca Clay-Flores for Co Commissioner, Pct 1",Rebeca "Becky" Clay-Flores Campaign,≤100
1664959567149320,Wholesome Culture,Wholesome Culture,≤100
101401179944527,Mona Foundation,MONA FOUNDATION,≤100
104933662932387,CreativeFuture,CreativeFuture,≤100
109678580574253,Politicool Clothing Co.,PolitiCoolClothing.com,≤100
110084740444015,The Artist Out,The Artist Out,≤100
129159563777523,Conservancy of Southwest Florida,ST OF FL CONSERVANCY OF S,≤100
885797821467046,Joyous Organics,Ronald Lee Yates,≤100
127814007074,LIUNA,LABORERS INTERNATIONAL UNION OF NORTH AMERICA,≤100
1640970822834351,Plaine Products,Plaine Products,≤100
215689771967950,Plastic Tides,"Plastic Tides, Inc.",≤100
38895197117,EdChoice,"EDCHOICE, INC.",≤100
717417908274761,Lady Freethinker,Lady Freethinker,≤100
1737556389685016,Good Money,Good Money,≤100
262062478079324,Mckayla Wilkes for Congress,MCKAYLA WILKES FOR CONGRESS,≤100
6240652407,Young America's Foundation,YOUNG AMERICA'S FOUNDATION INC,≤100
237477017606,Club for Growth,Club for Growth,≤100
149034417891,ettitude,Ettitude,≤100
372439495935,Mel Trotter Ministries,MEL TROTTER MINISTRIES,≤100
34370387440,JDRF,JDRF INTERNATIONAL,≤100
104763577712814,Jeffrey Blydenburgh for Winter Park,Jeffrey Blydenburgh for Winter Park City Commission,≤100
133764907211570,Concerned Citizen,Steven Niems,≤100
103131054573692,Crawfordology,Crawfordology,≤100
9324910069,NRSC,NRSC,≤100
100284648021034,New Tolerance Campaign,New Tolerance Campaign,≤100
198296877515470,Switch4Good,Switch4Good,≤100
421279984738085,Thomas for State Representative - Republican,Elect Shayne Thomas,≤100
17432811417,Working Families Party,Working Families Party,≤100
2036389409806378,Backpage's Role in Prostitution and Trafficking,X Social Media LLC,≤100
2188424341404612,Project Ready,Project Ready,≤100
100794248139278,Red Wave Movement,Red Wave Movement,≤100
11024050756,Bioneers,Bioneers,≤100
571182609571332,NextGen America,NEXTGEN CLIMATE ACTION COMMITTEE,≤100
602196353633485,Crusade.Live,"Crusade, Inc.",≤100
304600892905134,Hillsdale College Online Courses,HILLSDALE COLLEGE,≤100
240290369507552,Bend the Arc Jewish Action,Bend the Arc: Jewish Action,≤100
224058138586,Greater Fort Lauderdale Alliance,Broward Alliance / DBA Greater Fort Lauderdale Alliance,≤100
1210309259055520,Package Free,These ads ran without a disclaimer,≤100
8564653047,"Scott Thomas for Clearwater City Council, Seat 3",Scott Thomas Campaign,≤100
1627212824167934,Men4Choice,Men4Choice,≤100
28446275521,Military Officers Association of America (MOAA),Military Officers Association of America,≤100
655065784538368,PredictIt,"PredictIt - Prediction Markets. A project of Victoria University of Wellington, PredictIt has been established to facilitate research into the way markets forecast events.",≤100
461204744067686,Family Protection Association,Family Protection Association,≤100
1305943179552668,Forrest Johnson,Forrest Nels Johnson,≤100
133913826633461,Grassroot Institute of Hawaii,Grassroot Institute of Hawaii,≤100
263813250409546,Ugly Xmas Sweater Shop,Steven W Tyler,≤100
22984054572,Numi Organic Tea,Numi Organic Tea,≤100
681016675362080,u4See,Aviad Sar Shalom Giath,≤100
105044144410490,Hot Gear Trends,SI Technews,≤100
101150021367551,Renee Swann for Congress,Renee Swann for Congress,≤100
151721606865,Intrepid Fallen Heroes Fund,Intrepid Fallen Heroes Fund,≤100
183517831660100,Morning Consult,Morning Consult LLC,≤100
162493793737,Rick Green,Richard Arlin Green,≤100
173345522694004,Southern Maine Workers' Center,Southern Maine Workers Center,≤100
70090474914,American Farmland Trust,"AMERICAN FARMLAND TRUST, INC",≤100
350316025478383,When We All Vote,When We All Vote,≤100
15239367801,The Wilderness Society,"WILDERNESS SOCIETY, THE",≤100
111324359048459,Dr. Roger Marshall,KANSANS FOR MARSHALL,≤100
150451082120925,The other 54%,Gregory M Berube,≤100
43609808159,Happy Family Organics,Happy Family Organics,≤100
214002058736436,Unite America,UNITE AMERICA,≤100
23875187730,Feeding America,Feeding America,≤100
84280132559,American Legislative Exchange Council,AMERICAN LEGISLATIVE EXCHANGE COUNCIL,≤100
58691227283,The New York Young Republican Club,The New York Young Republican Club,≤100
183989338318281,The American Legion National Headquarters,LEGIONNAIRE,≤100
1443864392358133,If These Ovaries Could Talk,Robin L Hopkins,≤100
518805738317612,AMAZE Parents,AMAZE.org,≤100
43287633515,Alliance for Climate Education,Alliance for Climate Education,≤100
113666459994300,Big Dan Rodimer for Congress,RODIMER FOR CONGRESS,≤100
175034712516314,WaterAid America,WaterAid America,≤100
700941689954518,Defend Our Future,Defend Our Future,≤100
133937690180,Student Conservation Association,Student Conservation Association,≤100
351310239372,Associated Republicans of Texas,Associated Republicans of Texas,≤100
114815188528887,Neighborhood Nurse,Kristina Anne Larsen,≤100
717115395103069,PrintedKicks,Printed Kicks,≤100
260366367717440,Committee to Protect Medicare,Committee to Protect Medicare,≤100
154471447959196,Institute for Veterans and Military Families - IVMF,Institute for Veterans and Military Families,≤100
101481584557260,Help Asheville Bears-HAB,Heather Christina Williams,≤100
105619777607169,Snarls And Kisses,Patrick Warren Mankins,≤100
788632858205691,Zero Waste Face,Zero Waste Face,≤100
481717441888024,Mamaroneck Coastal,Mamaroneck Coastal Environment Coalition,≤100
121626482110,Operation Smile,"OPERATION SMILE, INC.",≤100
278703415666824,Jeremy Jones,Protect Our Winters,≤100
80668957414,GoSili,SiliKids Inc.,≤100
2099448153445994,Students for Life Action,"STUDENTS FOR LIFE OF AMERICA, INC.",≤100
1526736227567131,TrueCoverage,True Coverage,≤100
626681524134752,Williamson County Sheriff  Robert Chody,Robert Chody for Sheriff,≤100
110304423857607,Patriot Wear,Brandon Kyle Fink,≤100
23996308754,Senate Conservatives,SENATE CONSERVATIVES FUND,≤100
2406284459692230,Bees4Seas Natural Beeswax Food Wrap,Melissa Marie Eastin,≤100
1389807071117013,Lynn Afendoulis,Lynn Afendoulis for Congress,≤100
138400367267,Right Scan Right Time,NATIONAL ELECTRICAL MANUFACTURERS ASSOCIATION,≤100
2046280975668889,LeftvsRightIQ.com,LvR Intelligence LLC,≤100
804006622956338,Friends of the Black River Forest,Mary Kathleen Faydash,≤100
314121315788033,Stand with Parkland,Stand With Parkland,≤100
126279571952,Huru International,HURU INTERNATIONAL,≤100
7609325759,Jim McGovern,RE-ELECT MCGOVERN COMMITTEE,≤100
169130743498585,Tactical Pro Supply,Chad Keller,≤100
96171427550,Raja for Congress,FRIENDS OF RAJA FOR CONGRESS,≤100
499379343409991,Impact Fund,"IMPACT FUND, THE",≤100
2070944712939738,American Police Officers Alliance,American Police Officers Alliance,≤100
107803440835562,US Hot Gears,Click Wonders,≤100
112346726995677,ConservativeAmerica,Saige Anthony Alegria,≤100
533347293669517,Great American Era,Great American Era,≤100
111829986862386,Save The Cid,Bradley C Bruggemann,≤100
49978948774,Newsy,Newsy,≤100
28889108258,Gospel for Asia,"GOSPEL FOR ASIA, INC.",≤100
175068270105,Seattle's Union Gospel Mission,SEATTLE'S UNION GOSPEL MISSION,≤100
28144169620,Alliance for Aging Research,Alliance for Aging Research,≤100
143986912311328,University of Vermont Continuing and Distance Education,University of Vermont,≤100
322044193958,Mike Turner for Congress,Citizens for Turner,≤100
25998443394,MedPage Today,"EVERYDAY HEALTH, INC.",≤100
391872261636792,2020unity,"ForFact LLC, DBA 2020unity",≤100
108512875350,The Atlas Society,The Atlas Society,≤100
1824503584434809,I Vaccinate,Michigan Department of Health and Human Services,≤100
112955806896246,Dalia Al-Aqidi,Dalia for Congress,≤100
111216596892874,Abogado.com,Thomson Reuters,≤100
10498053716,Media Research Center,MEDIA RESEARCH CENTER,≤100
162695894106234,Co-ops Vote,National Rural Electric Cooperative Association,≤100
187912903933,Socialist Alternative,Socialist Alternative,≤100
296527950373,Felix W. Ortiz,Friends of Felix W. Ortiz,≤100
96710501132,Eurasia Group,"EURASIA GROUP, LTD.",≤100
277005566267077,Blueland,Blueland,≤100
113460456730293,Ben Salango,Ben Salango for West Virginia,≤100
245284549333866,ASMDSS,ASMDSS,≤100
152258821985032,Disrupt Aging,AARP,≤100
1502654549792632,Protect Our Care,Sixteen Thirty Fund,≤100
369213013828722,El Paso County Colorado Progressive Veterans,El Paso County Democratic Veterans Initiative dba El Paso County Colorado Progressive Veterans,≤100
560140464159364,Stand for the 2nd Amendment,SFT2 Tactical Supply,≤100
305380096638473,Charles Booker,BOOKER FOR KENTUCKY,≤100
103383441248216,James S. Simon,Re-Elect James Simon Committee,≤100
1745418332339003,Aspire Gear,Aspire Gear,≤100
58158120046,ACLJ,American Center for Law and Justice,≤100
211095382256023,"Mars, Incorporated","Mars Wrigley Confectionery US, LLC",≤100
131772324913,J Street U,Nathan Zachary Wolfson,≤100
18709174006,National Audubon Society,"NATIONAL AUDUBON SOCIETY, INC.",≤100
1846324612256008,Your Car. Your Data.,Auto Care Association,≤100
213998472307,Hoosier Environmental Council,"HOOSIER ENVIRONMENTAL COUNCIL, INC",≤100
101132898077282,David Pahl for Sheriff,Pahl for Sheriff,≤100
167586229923327,World Food Program USA,World Food Program USA,≤100
1600352356914768,PushBlack,PushBlack,≤100
148485621883625,40 Days for Life,40 Days for Life,≤100
1402827079932843,Low Income Relief,The Lighthouse Information Network LLC,≤100
474062436008137,Michael McCaul for Texas,"McCaul for Congress, Inc.",≤100
1613516851999536,Sunrise Movement,SUNRISE PAC,≤100
124955570892789,Bernie Sanders,BERNIE 2020,≤100
46093654473,National Republican Congressional Committee,NRCC,≤100
169294473121454,Policetees.com,PoliceTees.com,≤100
101336841260036,The Christie Institute for Public Policy,The Christie Institute for Public Policy Inc.,≤100
284142068031,John O'Leary - Live Inspired,John O'Leary - Live Inspired,≤100
102617961152741,Barbara Bollier,Bollier for Kansas,≤100
79125112926,Students for Life of America,"STUDENTS FOR LIFE OF AMERICA, INC.",≤100
73727120674,Rush University System for Health,Rush University System for Health,≤100
108176010748061,100 Insure,Robert Bradley Graham,≤100
106970107593695,Saline County Citizens for Jail Reform,These ads ran without a disclaimer,≤100
86711894400,National Write Your Congressman,National Write Your Congressman,≤100
73478266116,SoulPancake,SoulPancake,≤100
547176209061125,Medicare for All NOW,Medicare For All NOW!,≤100
711909245654048,National Police Support Fund,National Police Support Fund,≤100
207381586628343,Donna McLeod,Donna T Mcleod,≤100
41309865723,Democrats.com,DEMOCRATS.COM,≤100
110019893736048,Grandpas Against Trump,Richard Carlton Carlton Daley,≤100
8057376739,The Nature Conservancy,Nature Conservancy,≤100
100284010017717,Foster Friess,Foster Friess,≤100
872842866161157,One Nation Design,One Nation Design,≤100
958164574314945,Cargill,"CARGILL, INCORPORATED",≤100
96935476345,Democratic Governors Association (DGA),Democratic Governors Association,≤100
173837496125511,Conscious Step,Conscious Step,≤100
36474716066,Color Of Change,COLOROFCHANGE.ORG,≤100
96159580682,Maine Democratic Party,MAINE DEMOCRATIC PARTY,≤100
804568342964376,2nd Amendment Rights,One Nation Design,≤100
473558703216022,Gabfest,Paul W Queen,≤100
189758874031,Outside TV,"OUTSIDE TELEVISION, INC.",≤100
27478282874,UNITE HERE!,UNITE HERE,≤100
132519055631,Farm Animal Rights Movement (FARM),FARM ANIMAL REFORM MOVEMENT INC,≤100
73970658023,International Rescue Committee,International Rescue Committee,≤100
163302087408673,Stop The Donald,Stop the Donald,≤100
268311603350722,The American Independent,The American Independent,≤100
7518257857,Not For Sale,Terra Candace Judge,≤100
112435823624987,Political Romance,Gabrielle Brea Grande,≤100
100401327980848,National Parents Union,National Parents Union,≤100
166166843531258,National Council of Resistance of Iran - شورای ملی مقاومت ایران,MEK-Iran (Saeid Saadati),≤100
19045776114,The Better World Campaign,BETTER WORLD CAMPAIGN,≤100
668145949990925,Responsible PA,Pennsylvania House Republican Campaign Committee,≤100
1438882392887793,ADF Church Alliance,Alliance Defending Freedom,≤100
156968474833352,Stop Republicans,Stop Republicans,≤100
292351509697,Jerusalem Prayer Team,Jerusalem Prayer Team,≤100
136121223083299,Sea Turtle Conservancy,"SEA TURTLE CONSERVANCY, INC.",≤100
103285009618,Tennessee Entertainment Commission,Tennessee Entertainment Commission,≤100
231518367314146,Kim Olson for Congress,KIMFORCONGRESS,≤100
801168856602067,Shadyside Church of Christ,Richard Joseph Zumpano,≤100
100911481267154,"Luke Gromen - FFTT, LLC","FFTT, LLC",≤100
1290536624348001,Informed Immigrant,FWD.us Education Fund,≤100
100106931449653,Suzanne LaFrance for Assembly,Suzanne LaFrance for Assembly,≤100
460844281074800,Tiny Trump,Eric D Corriel,≤100
86880509778,AARP North Carolina,AARP,≤100
104883137744509,The Patriotic Apparel Company,Jack Vincent Michael Givens,≤100
8473889271,National Parks Conservation Association,National Parks Conservation Association,≤100
602714436529710,End Citizens United,END CITIZENS UNITED,≤100
573084822773932,Joe Perkins for Circuit Judge Campaign Committee,Joe Perkins for Circuit Judge Campaign Committee,≤100
69039563201,Open Doors USA,"OPEN DOORS WITH BROTHER ANDREW, INC.",≤100
149745555082419,Pioneer Institute for Public Policy Research,"Pioneer Institute, Inc.",≤100
20787991568,Senate Democrats,DSCC,≤100
97830335456,Patagonia,"PATAGONIA, INC.",≤100
6985452607,Brita USA,The Clorox Company,≤100
110310557163704,Senior Financial,Tyler Wayne Hedland,≤100
1166660030079480,National Democratic Redistricting Committee,National Democratic Redistricting Committee,≤100
13885075114,Action Against Hunger USA,ACTION AGAINST HUNGER - USA,≤100
137662367278,League of Women Voters of the U.S.,LEAGUE OF WOMEN VOTERS OF THE UNITED STATES,≤100
8047221596,Save the Children US,"SAVE THE CHILDREN FEDERATION, INC.",≤100
1692868424300466,"Socktopus, Ink",Socktopus Ink,≤100
1375618656016062,Deb Haaland for Congress,DEB HAALAND FOR CONGRESS,≤100
366351973736242,Red Rock Secured,Red Rock Secured,≤100
1088950287806118,Climate Hustle 2,CFACT,≤100
161879897191723,EarthX,EarthX,≤100
97493741436,John W. Hickenlooper,HICKENLOOPER FOR COLORADO,≤100
587681288088728,Adam Brandon,"FREEDOMWORKS, INC.",≤100
357021351674162,Cause Bracelet,Cause Bracelet,≤100
1542366099393100,Brilliant in Color,Brilliant In Color,≤100
101148251446778,Keep America Great Committee,KEEP AMERICA GREAT COMMITTEE,≤100
324850063717,Win Without War,Win Without War Education Fund,≤100
1435071773455316,Daily Wire,The Daily Wire,≤100
16352069036,Mountain Rose Herbs,"MOUNTAIN ROSE, INC",≤100
1425435377743310,Conversations with Bill Kristol,The Foundation for Constitutional Government,≤100
1529468987331408,BulbHead,TELEBRANDS CORP.,≤100
44224524016,American Kidney Fund,"AMERICAN KIDNEY FUND, INC.",≤100
1837356789847797,Fulcrum News,David George Seaman,≤100
77130778113,Coalition for Medicare Choices,The Coalition for Medicare Choices,≤100
113860552639151,Henry Bingham-Author,These ads ran without a disclaimer,≤100
102499901286348,Bold Vision P.C.,BOLD VISION PC,≤100
79279853233,Professional Photographers of America,"PROFESSIONAL PHOTOGRAPHERS OF AMERICA, INC.",≤100
2777578242259790,Great Again Gear,Great Again Gear,≤100
280704452367167,Jason Crow,JASON CROW FOR CONGRESS,≤100
28510612138,Uncommon Knowledge,Hoover Institution,≤100
181183059253295,Dorsal Bracelets,Dorsal Bracelets,≤100
303061950155375,John James,"JOHN JAMES FOR SENATE, INC.",≤100
7483836629,Ancestry,Ancestry.com Operations Inc.,≤100
39432041915,Capital Research Center,CAPITAL RESEARCH CENTER INC,≤100
169543260659539,The Venn Media,The Venn Media,≤100
514167322309353,Dan Crenshaw,Dan Crenshaw for Congress,≤100
360424321432255,Doha Debates,Doha Debates,≤100
96826022393,Yale Environment 360,Yale Environment 360,≤100
34362997676,United States Holocaust Memorial Museum,UNITED STATES HOLOCAUST MEMORIAL MUSEUM,≤100
121388362246,Goldman Sachs,Goldman Sachs & Co.,≤100
275171202515968,Wolf-PAC,Wolf PAC,≤100
89336510798,American Friends of the Hebrew University,American Friends of Hebrew University,≤100
137459917707,The Brookings Institution,The Brookings Institution,≤100
641276169335113,Gretchen Driskell for Congress,Gretchen Driskell For Congress,≤100
1497851363851721,QLMS,Quicken Loans Mortgage Services,≤100
213792049451918,Stand For America Now,Stand For America Inc,≤100
300774350436838,topplr,Data Genomix,≤100
151686754920712,The West Virginia Record,The Record,≤100
87186661244,Johns Hopkins Bloomberg School of Public Health,Johns Hopkins Bloomberg School of Public Health,≤100
133545795918,Erie County Democratic Committee,Erie County Democratic Committee,≤100
213289449057297,THE HILLS BOYS,Oscar Hills,≤100
849708811854768,Project Human,These ads ran without a disclaimer,≤100
2205129203148606,Seth Hettena,Seth Jonathan Hettena,≤100
165987503528599,Lindsey Graham,"TEAM GRAHAM, INC.",≤100
27544763621,Prison Fellowship,Prison Fellowship,≤100
1438808983108348,BOLD PAC,CHC BOLD PAC,≤100
589738808072926,Hecla Greens Creek,Hecla Greens Creek,≤100
24330467048,Americans for Prosperity,AMERICANS FOR PROSPERITY,≤100
106029154202945,Trump Champion,Trump Champion,≤100
46372749933,University Business Magazine,LRP Media Group,≤100
142370046577999,Shahid Buttar for Congress,Shahid Buttar for Congress Committee,≤100
6041057841,The Humane Society of the United States,"HUMANE SOCIETY OF THE UNITED STATES, THE",≤100
111702860231554,Matt Lieberman,Matt Lieberman for Senate,≤100
34992314695,National Center for Public Policy Research,NATIONAL CENTER FOR PUBLIC POLICY RESEARCH,≤100
332172544231683,America's Plastic Makers,"AMERICAN CHEMISTRY COUNCIL, INC.",≤100
345378512258813,Elise Stefanik,ELISE FOR CONGRESS,≤100
104228797863918,ByeDon 2020,Byedon 2020,≤100
30708742052,FCTRY,FCTRY,≤100
263210730984251,We Are Great Again Pac,WE ARE GREAT AGAIN PAC,≤100
125319303823,Champlain College,Champlain College Incorporated,≤100
101103254533,SOS International,SOS International,≤100
133740559987144,Native American Rights Fund,NATIVE AMERICAN RIGHTS FUND,≤100
1682876188698809,United for Respect,United for Respect,≤100
143173285763,Tenth Amendment Center,Tenth Amendment Center,≤100
246491525549550,Education Post,Education Post,≤100
537299709721112,Advantage Gold,Advantage Gold Group,≤100
275908853303174,Pro-Israel America,Pro-Israel America PAC,≤100
122177661170978,NewsOne,"INTERACTIVE ONE, LLC",≤100
108970206976,World Vision USA,WORLD VISION INC.,≤100
1597171150506754,The Liberty Project,cleancult,≤100
108152933883451,TrumpTrendz,Troy Lorenzo Davis,≤100
162676813937511,Dan Forest,Committee to Elect Dan Forest,≤100
175580571641,Out of Print,Out of Print,≤100
1955953381348064,State Representative Trent Ashby,Texans for Trent Ashby,≤100
21375324480,The Heritage Foundation,HERITAGE FOUNDATION (THE),≤100
321250352104571,Valerie Plame,VALERIE PLAME FOR CONGRESS,≤100
182193211815005,Issue One,Issue One,≤100
150720154976207,Protect My Public Media,"APTS Action, Inc.",≤100
309993142375589,Joe Kennedy III,KENNEDY FOR MASSACHUSETTS,≤100
6315243665,Faith in Public Life,"FAITH IN PUBLIC LIFE, INC.",≤100
807322165945344,Rick White,Richard T White,≤100
257019421075897,Cory Gardner,Cory Gardner for Senate,≤100
467503009987109,"Healthy Forests, Healthy Communities","Healthy Forests, Healthy Communities",≤100
1947204578916961,Kionne McGhee,"Kionne McGhee, Non-Partisan, for Miami-Dade County Commissioner District 9",≤100
1001615463272722,Biosimilars Council,The Biosimilars Council,≤100
100671838129752,CCW Qualified,Kyle Francis Sekerak,≤100
179145905973075,Sophie Ratner Jewelry,Sophie Ratner Jewelry,≤100
654438468222089,Youth Activism Project,YOUTH ACTIVISM PROJECT INC,≤100
551158678560402,Epimonia,Epimonia LLC,≤100
104006944272732,Honest Arizona,Advancing AZ,≤100
108111910614278,Planet911,Plane 911,≤100
174095611084,Columban Center for Advocacy and Outreach,Columban Center for Advocacy and Outreach,≤100
525171637666780,Sandy Piña California Delegate,RCR,≤100
106883907479649,HUPAC - Health Underwriters Political Action Committee,NATIONAL ASSOCIATION OF HEALTH UNDERWRITERS PAC (HUPAC),≤100
698400060189827,Dan Sullivan,Alaskans for Sullivan,≤100
134845259917779,Rock 'Em Socks,Rock 'Em Socks,≤100
102413723172970,Nick Adams,Nick Adams,≤100
1234251319933440,Exclusive Apparel,The Dude's Designs,≤100
218020061613734,UBS,These ads ran without a disclaimer,≤100
1722199728002734,The Hell Raisin' Hippies,Jerry Edgar Joplin,≤100
192015461630968,Supporting Our Brave Veterans,James Brian Plouf,≤100
1552070021731538,Be Conscious. Be Kind.,Be Conscious. Be Kind.™️,≤100
17911165812,Covenant House International,Covenant House,≤100
1113066565547358,Recall Dunleavy,Recall Dunleavy,≤100
355112203771,Utility Workers Union of America,UTILITY WORKERS UNION OF AMERICA,≤100
193618220508,LIFE Today,LIFE Outreach International,≤100
121692222300,BlueCross BlueShield of South Carolina,BlueCross BlueShield of South Carolina,≤100
289359554914740,We Have A Stake,The ANCOR Foundation,≤100
113575490062092,Ramon Iglesias for Hendry County Commission,Ramon Iglesias for Hendry County Commission,≤100
102540204580217,UpNorthNews,Courier Newsroom,≤100
97466887664,Innocence Project,"INNOCENCE PROJECT, INC., THE",≤100
109665250456365,The Armed Patriot,Kenneth Micheal Parkerson,≤100
7341997111,Conservation International,Conservation International,≤100
107377753962841,Usha Reddi For Senate,REDDI FOR SENATE,≤100
981661448510937,Meraki Journey,Meraki Bracelets,≤100
45393753416,Alliance Defending Freedom,Alliance Defending Freedom,≤100
118379493631,Episcopal Relief & Development,EPISCOPAL RELIEF AND DEVELOPMENT,≤100
405469100189512,Still My President - Donald Trump,Red State Politics LLC,≤100
2059019737447210,ChangeRoots,ChangeRoots,≤100
940653386126953,Standingwithyou.org,Standing With You,≤100
92021268117,Working America,Working America,≤100
1196769660363002,Same God Film,"DIGITAL COAST MEDIA, LLC",≤100
18479402361,No Kid Hungry,These ads ran without a disclaimer,≤100
103558181259057,Safe Auto Discounts,Alexis Travieso,≤100
159964696102,Kevin McCarthy,KEVIN MCCARTHY FOR CONGRESS,≤100
141269525933538,Democrats for Education Reform,Education Reform Now Advocacy Inc.,≤100
472981489476333,Alan Cohn,COHN FOR CONGRESS 2020,≤100
323083351064533,The News Literacy Project,The News Literacy Project,≤100
228754857151053,House Majority PAC,House Majority PAC,≤100
169830155029,m/Oppenheim Associates,m/Oppenheim,≤100
586751814690068,Joni Ernst,Joni for Iowa,≤100
241247646424302,Jahana Hayes,FRIENDS OF JAHANA HAYES,≤100﻿
2580750575289726,Raise the Bar on Resident Care,SEIU Healthcare 1199NE,≤100
1658135304460341,MANG,MANG,≤100
2346217618936823,Kendra Horn for Congress,KENDRA HORN FOR CONGRESS,≤100
324428324697297,3F Labs,3F Labs,≤100
105953890782784,The Factual,The Factual,≤100
81124177592,Planned Parenthood of the Great Northwest and the Hawaiian Islands,Planned Parenthood of the Great Northwest and Hawaiian Islands,≤100
9514417573,David N. Cicilline,CICILLINE COMMITTEE,≤100
18780321251,American Chemistry,"AMERICAN CHEMISTRY COUNCIL, INC.",≤100
427302110732180,Mike Cernovich,Michael C Cernovich,≤100
116534199732974,USA Carry Online,USA Carry Online,≤100
102037361257173,Daniel J. Weckesser for Knox County Sheriff,Committee to Elect Daniel J. Weckesser,≤100
103372041280696,Jennifer Butler,Gregory Philip Williams,≤100
260754507296508,The Voter Participation Center,Voter Participation Center,≤100
175862952587855,"Global Oceanic Designs, Inc.",Kenneth Wayne Welch,≤100
1039601176181323,Kathy Wyenandt for State Senate,Friends of Kathy Wyenandt,≤100
54580146753,Faith in Action,Faith in Action,≤100
105455840860559,Eagle Realm,Eagle Realm,≤100
124738180800,Blood:Water,Blood:Water,≤100
566008736785269,Be Heard Project,Be Heard Project,≤100
182658925089088,FINCA,"FINCA INTERNATIONAL, INC.",≤100
7833534974,Florida Democratic Party,Florida Democratic Party,≤100
327202261326682,Stephanie Bice,Bice for Congress,≤100
50072648161,Rasmuson Foundation,These ads ran without a disclaimer,≤100
165551260479306,Lifting Hands International,Lifting Hands International,≤100
142957224352,International Medical Corps,International Medical Corps,≤100
338211436811716,PATH Colorado,PATH Colorado,≤100
220934044722029,Florida Crystals Corporation,FLORIDA CRYSTALS CORPORATION,≤100
15779440092,National Review,"NATIONAL REVIEW, INC.",≤100
52989768601,Population Connection Action Fund,Population Connection Action Fund,≤100
312087222175938,Southeast Texas Record,The Record,≤100
109295990419284,Esther For Congress,ESTHER FOR CONGRESS,≤100
1849483715167852,Firefly Engagement,"Firefly Engagement Services, Inc.",≤100
373600379832804,Janice Park for Alaska,Janice For Alaska,≤100
1646680868683515,Better Roads For Olney,Bryce P Fehrenbacher,≤100
467804929927622,Jason Smith,JASON SMITH FOR CONGRESS,≤100
111812468884033,W.K. Kellogg Foundation,W. K. KELLOGG FOUNDATION,≤100
487569614682924,CAPP USA,Yellow Line Productions LLC,≤100
1224106861035505,Resistbot,Resistbot Action Fund,≤100
680549575421741,UnitedVoice.com,"Beachside Media, Inc.",≤100
130196227157534,American Forum For Israel,Eugene Lekakh,≤100
100468121518961,La Porte News: By Chuck Rosa,Charles James Rosa,≤100
149366465128820,"Nicole Galloway, CPA",Nicole Galloway for Missouri,≤100
137569740231452,Respect The Look,Respect The Look,≤100
521010658436453,Mike Ghassali For Congress,GHASSALI FOR CONGRESS,≤100
389119978332258,We Are Apartments,The National Association of Apartments and the National Multifamily Housing Council,≤100
203805062990264,Ben Shapiro,The Daily Wire,≤100
117709002968266,Green Ocean Co.,Green Ocean Co.,≤100
1099478666810053,Meals For Pets,Meals for Pets,≤100
2181403648815959,America United,America United Daily,≤100
114710126648118,Republican Dogs,Republican Dogs,≤100
131217580266597,National Council on Aging,"NATIONAL COUNCIL ON AGING, INC.",≤100
23489729942,Mike Gallagher,Salem Media,≤100
150322194563,PASA Primates: Pan African Sanctuary Alliance,PAN AFRICAN SANCTUARIES ALLIANCE,≤100
104162591089536,Travis Cox for PEC Board District 4,Victoria Anne Cox,≤100
126855128568,FEBC (Far East Broadcasting Company),"FAR EAST BROADCASTING COMPANY, INC.",≤100
219224241438635,Compassion & Choices,COMPASSION & CHOICES,≤100
24126948070,PrintPlace,"Digital Room, Inc.",≤100
1667638686847579,The Collective PAC,THE COLLECTIVE PAC,≤100
28394917492,Second Harvest Food Bank of Central Florida,"SECOND HARVEST FOOD BANK OF CENTRAL FLORIDA, INC.",≤100
656263988182462,Bill Hagerty,TEAM HAGERTY,≤100
100633308217473,Justice For Sara,Justice For Sara,≤100
473227436105637,American Jewish Congress,American Jewish Congress,≤100
711478725532801,Civiqs,Civiqs,≤100
130268756992804,Yale Climate Connections,Yale Climate Connections,≤100
365591516828390,Georgia's WIN List,Georgia WIN List,≤100
290851614930809,Combat AntiSemitism,Combat Anti-Semitism,≤100
100935474627180,Lisa Savage for US Senate,LISAFORMAINE,≤100
127225910653607,PragerU,PragerU,≤100
1914537155242810,Life: Powered,Texas Public Policy Foundation,≤100
275908853303174,Pro-Israel America,"Pro-Israel America, Inc.",≤100
105561217523274,The_Dispatch,"Dispatch Media, Inc.",≤100
110306340348651,Donna More for State's Attorney,More for State's Attorney,≤100
59543893235,National Constitution Center,National Constitution Center,≤100
79820371749,Ayanna Pressley,THE COMMITTEE TO ELECT AYANNA PRESSLEY,≤100
15041226930,Oxfam,"OXFAM AMERICA, INC.",≤100
2377166239179411,Nancy Goroff for Congress,Goroff for Congress,≤100
341881063685,"Imprimis, a Publication of Hillsdale College",HILLSDALE COLLEGE,≤100
155818016761,First 5 LA,First 5 LA,≤100
178647322882839,MarinerEast2,Energy Transfer,≤100
344690446467832,The Copper Courier,Courier Newsroom,≤100
43647453076,familydoctor.org,AMERICAN ACADEMY OF FAMILY PHYSICIANS,≤100
101295517956158,Tricia Zunker for Wisconsin,Tricia Zunker for Wisconsin,≤100
372799605421,DeSmog,DeSmog,≤100
1892187271040911,FreedomWorks Foundation,FreedomWorks Foundation,≤100
10524821940,National Park Foundation,National Park Foundation,≤100
387055404685275,Basic Books,"Hachette Book Group, Inc.",≤100
1819658374974706,Arena,THE ARENA PAC,≤100
113824995295707,Second Harvest Foodbank of Southern Wisconsin,Second Harvest Foodbank of Southern Wisconsin,≤100
6266829799,Sherrod Brown,FRIENDS OF SHERROD BROWN,≤100
5644748986,National Wildlife Federation,NATIONAL WILDLIFE FEDERATION,≤100
136299005939,Heifer International,HEIFER PROJECT INTERNATIONAL,≤100
118178241651488,DSPolitical,"DSPolitical, LLC",≤100
100822738050183,Trump Star 2020,Greek Steel LLC,≤100
25121889784,Texas Public Policy Foundation,Texas Public Policy Foundation,≤100
314499212242,Pfizer,Pfizer Inc.,≤100
27139120832,Advancing Native Missions,Advancing Native Missions,≤100
152264148166020,Moms Clean Air Force,Moms Clean Air Force,≤100
201956993160690,MRCTV,MEDIA RESEARCH CENTER,≤100
262741493751666,The Pew Charitable Trusts,These ads ran without a disclaimer,≤100
240541500603,Lone Star Project,Lone Star Project Nonfederal,≤100
7292655492,MoveOn,MOVEON.ORG CIVIC ACTION,≤100
2019228981443626,She the People,She The People,≤100
99039406843,Women Deliver,"Women Deliver, Inc.",≤100
1747132688647028,Democratic Association of Secretaries of State,Democratic Association of Secretaries of State,≤100
2045579538797189,Advance Minnesota,Advance Minnesota Independent Expenditure Committee,≤100
465483726908192,iVote,IVote Civic Education Fund,≤100
279846350948,St. Labre Indian School,St. Labre Indian School,≤100
6165653060,AFSCME,AMERICAN FEDERATION OF STATE COUNTY & MUNICIPAL EMPLOYEES,≤100
1750471095167410,Trump Train News,Trump Train News,≤100
2199861276757213,Ryan Ledendecker,Ryan J Ledendecker,≤100
165566613453452,ERLC,ETHICS AND RELIGIOUS LIBERTY COMMISSION OF THE SOUTHERN BAPTIST,≤100
30079936984,CWS,"CHURCH WORLD SERVICE, INC.",≤100
1925751504337881,MJ for Texas,MJ FOR TEXAS,≤100
2336022790003836,Patients + Providers United,Patients and Providers United,≤100
257579082898,Stand for Children - Washington,Stand for Children,≤100
1487587521541634,President Donald Trump Fan Club,I Love My Freedom,≤100
172758932738142,PhRMA,PHARMACEUTICAL RESEARCH AND MANUFACTURERS OF AMERICA,≤100
433364950062784,Power Over Energy,Power Over Energy,≤100
117058854998779,The Gideons International,"GIDEONS INTERNATIONAL, THE",≤100
105010030848236,Bryant Cameron Webb,DR. CAMERON WEBB FOR CONGRESS,≤100
2185993931653388,The Recount,"Recount Media, Inc",≤100
67180895597,National Shrine of St. Jude,The National Shrine of St. Jude,≤100
405355946226766,Todd Young,"FRIENDS OF TODD YOUNG, INC.",≤100
106245384043438,Tims For Congress,FRIENDS OF DESIREE TIMS,≤100
6236054211,Brady,Brady Campaign to Prevent Gun Violence,≤100
404164463091452,Chas Castell,Charles William Peter Castell,≤100
105986927538317,Triump Apparel,Triump Apparel,≤100
103916901051975,Immigration Ally,Walker Gates Vela PLLC,≤100
21559454473,FAIR,FEDERATION FOR AMERICAN IMMIGRATION REFORM,≤100
158791100909689,Concerned Veterans for America,Concerned Veterans for America,≤100
311896169406139,Trump 2020 Wear,Trump 2020 Wear,≤100
356431274698532,Ryan Hampton,Ryan Hampton,≤100
15687409793,World Wildlife Fund,World Wildlife Fund,≤100
1340560252687219,MISSIO Hair,MISSIO HAIR,≤100
130025717077175,The Orangutan Project,These ads ran without a disclaimer,≤100
25254987383,Joyce Meyer Ministries,"JOYCE MEYER MINISTRIES, INC.",≤100
11006419356,The Voice of the Martyrs - USA,"VOICE OF THE MARTYRS, INC., THE",≤100
186932688457686,CHNGE,CHNGE,≤100
108420633977735,Darbro for Rep,Citizens for Michelle Darbro,≤100
115911665626912,The Term Limit Revolution,Scott M Murphy,≤100
345504286342057,Keeping America Great Again,RightWingGear.com,≤100
68771922854,Essence,Shaelyne Antonia Moodie,≤100
95356211637,Ben Ferguson,Ben Ferguson show,≤100
14440196673,Teamsters,INTERNATIONAL BROTHERHOOD OF TEAMSTERS,≤100
102988591071943,Daniel Gade,"GADE FOR VIRGINIA, INC.",≤100
87777747127,Greg Palast,Palast Investigative Fund,≤100
1316308285142040,Planet Home,"Equilibrium Management, LLC",≤100
1388428314740793,American Mint - Coins and Medals,American Mint,≤100
134571176638205,One Tree Planted,One Tree Planted,≤100
108906707265489,USA Pooch,"PRESIDENTIAL POOCH, INC",≤100
477972716277486,Cavendish Consulting LLC,Cavendish Consulting,≤100
184373328845372,Gigi Raffe,Gigi Raffe,≤100
2254455051442790,Flag and Cross,Flag & Cross,≤100
105756057589080,The Lincoln Project,The Lincoln Project,≤100
1338822066131069,Women's March,Women's March,≤100
259343267436363,Representative Ed Thompson,Friends of Ed Thompson,≤100
7209432197,Chris Coons,CHRIS COONS FOR DELAWARE,≤100
1023516414456183,Drain the DC Swamp PAC,DRAIN THE DC SWAMP PAC,≤100
304058913005378,Senior and Disabled Concerns,Senior & Disabled Concerns,≤100
164513254148611,America's Voice News,Barbara Jean Lawrence,≤100
79047202856,People's World,People's World,≤100
1712381442314346,STAND League,Church of Scientology International,≤100
146754548089,CityTeam,CityTeam,≤100
167842857168389,The Pressure People,The Pressure People,≤100
1353948297956614,Let Africa Live,Let Africa Live,≤100
111027456985128,Lavinia Goodell,These ads ran without a disclaimer,≤100
434616383688551,Ocean & Co.,Ocean & Co,≤100
255587152180,Shavitz Law Group,Paul James Herrmann,≤100
1836138529938551,Greater Half,Billy Benson,≤100
596556607135301,The Earthling Co.,Educated Earthling,≤100
273546779885377,The Gallant Pelham,"The Gallant Pelham, LLC",≤100
137051766452,Purusha People Clothing,Purusha People,≤100
107478604080028,Way To A Happy Heart,Iesha Marriah Nixon,≤100
106333028376,"Nichols Kaster, PLLP",Nichols Kaster PLLP,≤100
556053417823972,The Burkean Conservative,Joseph Weston Siler,≤100
433446973789052,Let Us Vote For A Balanced Budget Amendment Citizen's Campaign,Let Us Vote For A Balanced Budget Amendment Citizen's Campaign,≤100
1543830612580575,Beesponsible,Beesponsible,≤100
187809941803009,IVYPAC,IVYPAC,≤100
196382377057315,Learn Our History,Learn Our History,≤100
493811210669780,Creative Action Network,Creative Action Network,≤100
7629206115,The Nation Magazine,"NATION COMPANY, LLC, THE",≤100
205795426669644,Facts and Logic about the Middle East,Facts and Logic About the Middle East,≤100
101391906600,Live Action News,Live Action News,≤100
48818254473,Alexander Street,PROQUEST LLC,≤100
540467496124903,SOAR Hydropower,"CANYON INDUSTRIES, INC.",≤100
227535924071462,Animal Petitions,AnimalPetitions.org,≤100
788394134539871,USPS Business,United States Postal Service,≤100
101210588150219,Boy Scouts Abuse Claims,X Social Media LLC,≤100
458928061510318,Rita Hart for Iowa,RITA HART FOR IOWA,≤100
605168822998856,314 Action,314 ACTION FUND,≤100
393932827634250,Dissent Pins,Common Practice,≤100
109295377337702,Trumplican Store,Minerva LLC,≤100
169204449790211,Conservative News Today,"BizPac Review, Inc.",≤100
634635016977585,No Alcohol Taxes,Alaskans Against Unfair Alcohol Taxes,≤100
85452072376,Newsmax,Newsmax Media,≤100
8321461609,MomsRising.org,MomsRising Together,≤100
1399736660066130,Jews for a Secular Democracy,Society for Humanistic Judaism,≤100
745910525468062,National Center on Sexual Exploitation,National Center on Sexual Exploitation,≤100
182079698493370,Portside,Portside,≤100
137726233047389,Rajiv Malhotra,Infinity Foundation,≤100
1148292668573296,Bernie 2020,Robin Alana Crabtree,≤100
942916745862885,Silver Falls Sustainability Co.,Silver Falls Sustainability Co,≤100
8492293163,Environmental Defense Fund,Environmental Defense Fund,≤100
1950319871930431,Special Gift,These ads ran without a disclaimer,≤100
2221239651245614,Young Conservatives for Carbon Dividends,Young Conservatives for Carbon Dividends Inc,≤100
1809715209318581,Marjorie Taylor Greene for Congress,GREENE FOR CONGRESS,≤100
30914589895,The International Fellowship of Christians and Jews,"INTERNATIONAL FELLOWSHIP OF CHRISTIANS & JEWS, INC.",≤100
216052228433696,Arcus Foundation - Social Justice,ARCUS FOUNDATION,≤100
38882699096,Polaris,POLARIS PROJECT,≤100
47712360678,Jobs With Justice,Jobs With Justice,≤100
229229790561217,Tamara Mellon,"Tamara Mellon Brand, Inc.",≤100
118303441570966,Home Ownership Matters,NATIONAL ASSOCIATION OF REALTORS,≤100
7860876103,Joe Biden,BIDEN FOR PRESIDENT,209
105618920851539,Peaceful Regions,Jamie Sue Henderson,≤100
129278807814364,Welcome.,Welcome.,≤100
18982436812,ACLU,American Civil Liberties Union,≤100
720943967965149,AFSCME Retirees,AMERICAN FEDERATION OF STATE COUNTY & MUNICIPAL EMPLOYEES,≤100
91346559231,Democratic Legislative Campaign Committee - DLCC,Democratic Legislative Campaign Committee,≤100
289446947817747,Global Citizen,"GLOBAL POVERTY PROJECT, INC.",≤100
122174836956,Big Cat Rescue,BIG CAT RESCUE CORP.,≤100
675665515802671,Wolven,Wolven,≤100
195561910471475,CATALYST.cm,Catalyst.cm,≤100
1311291038982513,2A Gear,Teecreations LLC,≤100
174046949421616,Phenomenal Woman Action Campaign,Phenomenal Woman Action Campaign,≤100
54787697857,Ron Wyden,WYDEN FOR SENATE,≤100
286172688396138,South Dakota Association of Healthcare Organizations,South Dakota Association of Healthcare Organizations,≤100
383877235817031,Keep America Great,Keep America Great,≤100
101165966152,AFL-CIO,AFL-CIO,≤100
1010143499143169,Medicare Savings,"Mayo Labs, LLC",≤100
209516845093,NRDC Action Fund,NRDC Action Fund,≤100
98887816626,Beef. It's What's For Dinner.,Shari Daniella Spooner,≤100
108687773798767,"Shut Down DC-Climate Strike Washington, DC",DC Action Fund Corporation,≤100
161453087348302,The Committee to Defend the President,THE COMMITTEE TO DEFEND THE PRESIDENT,≤100
682324175519466,Bellelily Outfits,These ads ran without a disclaimer,≤100
1439364926329185,Animal Matters,Animal Matters,≤100
155857265265319,Pre-IPO Buzz,Pre-IPO Buzz,≤100
110257623864359,Cool Mud Flaps,"OHIO LASER, LLC",≤100
1012844478903955,Permeating Light Project,Lady Donna Dutchess,≤100
754520748264044,Wood by Stu,Stu Designs LLC,≤100
112235732143274,Glacier National Park Conservancy,Michael Robert Cantafio,≤100
243056493267394,The Great Healing,Stephen John Erickson,≤100
1025055787535714,A Case for Women,A Case for Women,≤100
149220264647,ADL - Anti-Defamation League,Anti-Defamation League,≤100
834645469890446,Devin Nunes,DEVIN NUNES CAMPAIGN COMMITTEE,≤100
203330919857759,All On The Line,National Redistricting Action Fund,≤100
740266592735787,Free to Be Kids,Free To Be Kids,≤100
104339194296642,Social Nostra,Social Nostra,≤100
127755494595870,Progressive Takeover,PROGRESSIVE TAKEOVER,≤100
1905515863109983,Power In Cooperation,ConocoPhillips,404
16352157727,Alfred A. Knopf,Penguin Random House LLC,≤100
51405613519,Focus on the Family,Focus on the Family,≤100
356501381631264,Jerusalem Post,Diane Elise Haner,≤100
5435784683,Greenpeace USA,"GREENPEACE, INC.",≤100
101568761447230,Compensation Experts USA,Injury Compensation Center,≤100
328853823844484,Balance of Power,Balance of Power,≤100
157849334030,SEIU Healthcare Pennsylvania,SEIU Healthcare Pennsylvania,≤100
107834404161011,2econd Rights,Oscar Jose Trinidad,≤100
434635993263210,"King County, Washington - Government","King County, WA",≤100
51949171587,Cross International,"CROSS INTERNATIONAL, INC.",≤100
6231686654,Compassion International,"COMPASSION INTERNATIONAL, INCORPORATED",≤100
265584563563176,JCRC of Greater Washington,The Jewish Community Relations Council of Greater Washington,≤100
143152622368089,San Diego Zoo Safari Park,ZOOLOGICAL SOCIETY OF SAN DIEGO,≤100
25852730092,Care2,Care2 Inc,≤100
184715621591606,"Psi Chi, the International Honor Society in Psychology","PSI CHI, INC",≤100
1387062348242626,ProgressNow Arizona,ProgressNow AZ,≤100
137427899615856,"Central Union Mission, DC",CENTRAL UNION MISSION (INC),≤100
60870102434,Salvation Army California South,The Salvation Army California South,≤100
10150100007820094,Wendy Davis,WENDY DAVIS FOR CONGRESS,≤100
6422138883,92nd Street Y,92nd Street Y,≤100
101869427978020,Year of the Planet,These ads ran without a disclaimer,≤100
130467958471,Jason Lewis,Jason Lewis for Senate,≤100
112942500238297,Trees4Australia,Trees4Australia,≤100
102592959026,Ocean Conservancy,"OCEAN CONSERVANCY, INC.",≤100
657708380952174,Voices of the Civil Rights Movement,Comcast,≤100
51379424899,Mercy Ships,MERCY SHIPS INTERNATIONAL,≤100
103131054573692,Crawfordology,These ads ran without a disclaimer,≤100
56780242206,Agros International,Sierra Hana Golden,≤100
253791814655400,Doug Collins,"COLLINS FOR SENATE, INC.",≤100
77852784853,Absolut,Pernod Ricard USA,≤100
83960796709,Institute for Southern Studies,INSTITUTE FOR SOUTHERN STUDIES INC,≤100
53541257714,The Arc of the United States,"ARC OF THE UNITED STATES, INC., THE",≤100
1528498354074301,Punching Bag Media - Conservative News,Sean Michael Probber,≤100
107352137347376,Re-Elect Shirley Johnson,Shirley Johnson For Delray Beach City Commission,≤100
384557995468219,Viral Casez,Viral Casez,≤100
7192716362,Amnesty International USA,Amnesty International USA,≤100
67011831040,Canon Press,Canon Press,≤100
108661937180567,MAGA Outfitters,MAGA Outfitters,≤100
607626319739286,Black Voices for Trump,"DONALD J. TRUMP FOR PRESIDENT, INC.",≤100
433919203362871,Bird + Stone,BIRD & STONE INC,≤100
316955281351,APWU - The American Postal Workers Union,AMERICAN POSTAL WORKERS UNION,≤100
80562389320,NARAL Pro-Choice America,NARAL Pro-Choice America,≤100
102099304568286,Protecting Ohio: Alice DeWine for Greene County Prosecutor,Protecting Ohio Action Fund,≤100
8924408197,National Partnership for Women & Families,National Partnership for Women & Families,≤100
109360297266116,Fearless Patriot,TERESA NONE OHARA-MARSH,≤100
105536127617594,The American Digest,The American Digest,≤100
116546288359245,Heritage Action for America,HERITAGE ACTION FOR AMERICA,≤100
480300542088246,Just1 International Mission,Just1 International Mission,≤100
132492254050920,American AF,AAF Nation,≤100
384336778589668,Defend Our Constitution,COMMON CAUSE,≤100
598924810530984,Keeping America Great,FamTeeWorld,≤100
911828698840246,ReLEntless Defender Apparel,ReLEntless Defender Apparel,≤100
54210104594,Indiana University,Indiana University,≤100
2259323457517498,Abolish the Electoral College,ABOLISH THE ELECTORAL COLLEGE,≤100
5720973755,Defenders of Wildlife,DEFENDERS OF WILDLIFE,≤100
38897314734,The Trust for Public Land,"TRUST FOR PUBLIC LAND, THE",≤100
152926718105068,FloWater,FloWater,≤100
292018201259366,We Raise Foundation,WE RAISE FOUNDATION,≤100
353682792005802,Heather Mulligan Begley for Judge,Committee to Elect Heather Begley for Judge,≤100
73277646827,Trees for the Future,Trees for the Future,≤100
267180743723148,National Geographic Society,National Geographic Society,≤100
108777231824,Manhattan Institute for Policy Research,MANHATTAN INSTITUTE FOR POLICY RESEARCH INC,≤100
113335773562471,President Trump For Re-Election,Great American Era,≤100
13341879933,Organic Consumers Association,ORGANIC CONSUMERS ASSOCIATION,≤100
139599847972,National Nurses United,BE A HERO PAC,≤100
259130650776119,Mitch McConnell,MCCONNELL SENATE COMMITTEE,≤100
111970730196550,World War Zero,AMERICAN SECURITY PROJECT,≤100
2096116803831566,Live Poll for Democrats: 11:59 P.M. Deadline,Democratic Governors Association,≤100
176789922364429,Steve Daines,STEVE DAINES FOR MONTANA,≤100
278490715553293,Martha McSally,MCSALLY FOR SENATE INC,≤100
23790541544,Democrats,DCCC,≤100
112735922758892,Charlie Kirk,Charlie Kirk,≤100
105538624356773,My Kitchen Savior,Nicole Alexa Lebel,≤100
78420171887,Sailors for the Sea,SAILORS FOR THE SEAINC,≤100
537181256742387,The New Center,The New Center,≤100
111182343682003,Certified CCW,CertifiedCCW.com,≤100
90498769709,Edenpure,EdenPURE®,≤100
57259033959,AARP,AARP,≤100
35169196082,Project HOPE,"PROJECT HOPE-THE PEOPLE-TO-PEOPLE HEALTH FOUNDATION, INC.",≤100
342249199276323,Trout Unlimited Alaska,"TROUT UNLIMITED, INC.",≤100
130912793621553,Food Bank For New York City,Food Bank For New York City,≤100
868462976676176,Southpac Group,These ads ran without a disclaimer,≤100
2078647579047586,Project Pulso,Project Pulso,≤100
106122894312740,Democrat Party Strong,James R Oddo,≤100
324119001078997,"Sanford Heisler Sharp, LLP","Sanford Heisler Sharp, LLP",≤100
530604487365010,Old Glory Flagpole Kits,Service First Flag Poles,≤100
2323471027903589,Bridging Minds,Bridging Minds,≤100
6726182861,Mike Pence,TRUMP MAKE AMERICA GREAT AGAIN COMMITTEE,≤100
291260461373618,News and News,News and News,≤100
103276597856432,The Trump Collective,Alexander Quinn Urbach,≤100
6333396177,NewsBusters.org,MEDIA RESEARCH CENTER,≤100
548407915183371,Liz Cheney,Liz Cheney for Wyoming,≤100
957641814627684,Collaborative Imaging,Collaborative Imaging LLC,≤100
174009339411865,SmartNews,"SmartNews International, Inc.",≤100
104845836238949,World Animal Protection US,World Animal Protection,≤100
129523843754764,Vote Smart,PROJECT VOTE SMART,≤100
104833847603971,Immigrant Gear,These ads ran without a disclaimer,≤100
138492335404,Scott Walker,"Walker Group, LLC",≤100
19420215926,CNSNews.com,MEDIA RESEARCH CENTER,≤100
26006662641,Arizona Democratic Party,Arizona Democratic Party,≤100
402120963932260,Counterpoint,Counterpoint,≤100
102782516806826,Kindle Books By Joe Dacy,Joe  Dacy,≤100
269719197271294,Accountable.US,Accountable.US,≤100
374876452974178,McShane LLC,McShane LLC,≤100
334748476594191,Rodney Davis,Rodney for Congress,≤100
61288747990,Real Warriors,Real Warriors Campaign,≤100
114371076772585,Andrew Garbarino for Congress,GARBARINO FOR CONGRESS,≤100
1917715138510680,Follow Your Legend,Legend Bracelet,≤100
1977738355807406,Sharice For Congress,SHARICE FOR CONGRESS,≤100
122773549121265,President Trump for Nobel Peace Prize 2020,Tarek None Kteleh,≤100
104851617686932,Concealed Country,Concealed Country,≤100
123857614319417,Texas Nationalist Movement,Texas Nationalist Movement,≤100
168452723312821,Chisholm Chisholm & Kilpatrick LTD,Chisholm Chisholm & Kilpatrick LTD,≤100
276131699084792,YWAM Los Angeles,YWAM Los Angeles,≤100
175672252499829,Trending Views,Trending Views,≤100
112325855474892,Speak Up For Education and Kids,National Education Association,≤100
112044923686511,Motivational Designz,Dominick Battiato,≤100
59877921429,Lutheran Immigration and Refugee Service,"LUTHERAN IMMIGRATION AND REFUGEE SERVICE, INC.",≤100
372082579523719,Rabbi Dr. Shmuly Yanklowitz,Rabbi Dr. Shmuly Yanklowitz,≤100
74988074159,Christendom College,These ads ran without a disclaimer,≤100
8815573924,Utah Food Bank,UTAH FOOD BANK,≤100
6500552187,Hulu,"HULU, LLC",≤100
7476269851,Congressman Don Young,The Office of Congressman Don Young,≤100
100954708112820,Americans for Medicare Dental Coverage,Freeroots,≤100
112041183486666,Project Sunshine,ACRONYM,≤100
17023576156,The Leadership Conference on Civil and Human Rights,The Leadership Conference on Civil and Human Rights,≤100
496696933682736,Jeff Merkley,JEFF MERKLEY FOR OREGON,≤100
917165515112598,Progressive Power,USA Unify Media Inc,≤100
7642602143,Mother Jones,FOUNDATION FOR NATIONAL PROGRESS,≤100
109866783838178,Friends of Jason Atkinson,Friends of Jason Atkinson,≤100
140944265994166,Center for Addiction Services and Psychotherapy Interventions Research,a research grant at The National Center on Addiction and Substance Abuse (CASA),≤100
21455818797,Feed the Children,"FEED THE CHILDREN, INC.",≤100
14038292386,Women for Women International,WOMEN FOR WOMEN INTERNATIONAL,≤100
100256754899828,Patriot's Cave,Lucky Shot USA,≤100
463095630924391,US Business Funding,Credox,≤100
166618413413767,Jay Sekulow,American Center for Law and Justice,≤100
134956813238021,My Stupid Page,Ronald John Gembic,≤100
999556810102061,Signature Seas,Signature Seas,≤100
399067003454888,Sudan Relief Fund,Sudan Relief Fund Inc,≤100
248181906078243,National Institute for Civil Discourse,CommonSense American,≤100
121033149320,American Indian College Fund,"AMERICAN INDIAN COLLEGE FUND, THE",≤100
240425642652222,South Florida Wildlands Association,South Florida Wildlands Association,≤100
431001283775746,Sam Nation,Sam Nation,≤100
23362993101,Center for Immigration Studies,CENTER FOR IMMIGRATION STUDIES,≤100
947055948683779,Storus,Mia Kaminski,≤100
106916074935,Lance Wallnau,"Ninja Sheep Marketing, Inc.",≤100
113139700106608,Should be in Canada 2,Sandra Tabacinic,≤100
709046012792616,National Audubon Society Action Fund,National Audubon Society Action Fund,≤100
8550121410,Free Speech America Project,MEDIA RESEARCH CENTER,≤100
5887538795,Education Week,Education Week,≤100
336470580233523,Pins and Aces Golf Co.,US Craft Brands LLC,≤100
222811984421691,Cold Bee Gone,Joyce K C None Dales,≤100
103316257862246,Cuba Great Again,Carlos None Ramos,≤100
1945237355733646,Giving Brush,Giving Brush LLC,≤100
100137754724934,Trump 2020 Supporters,Proud Right Winger,≤100
116030521840,Maccabi USA,Limor Gurevich,≤100
101321914794113,Health Freedom Alliance,Health Freedom Alliance LLC,≤100
1055873511190792,Hello Resistance,Hello Resistance Apparel,≤100
147390698637518,Free State Project,Free State Project,≤100
96935476345,Democratic Governors Association (DGA),DEMOCRATIC ACTION,≤100
114008535880,Foundation for Individual Rights in Education,FOUNDATION FOR INDIVIDUAL RIGHTS IN EDUCATION,≤100
1883837055193241,Shield Republic,Shield Republic,≤100
117362515005706,The Bowery Mission,The Bowery Mission,≤100
93228695778,Tea Party Patriots,Tea Party Patriots,≤100
1701899883357807,Seed Your Future,Seed Your Future,≤100
170582513587720,Liberty Through Wealth,The Oxford Club,≤100
202600839762879,I Am Pro-Life,Focus on the Family,≤100
681626158940626,Mission Roll Call,Americas Warrior Partnership,≤100
125162818118662,Citizens to Elect Judge Sheree D. Henry,Citizens to Elect Judge Sheree D Henry,≤100
111663158887300,Tacoma Rescue Mission,"RESCUE MISSION, THE",≤100
100391988083233,Triggered Freedom Apparel,Triggered Freedom Apparel,≤100
174941115857811,Campaign for Southern Equality,Campaign for Southern Equality,≤100
182242252476443,Lyn Franks For State House,Lyn Franks for State House,≤100
40973310753,Pathfinder International,Pathfinder International,≤100
202626512363,U.S. Census Bureau,These ads ran without a disclaimer,≤100
758350044343921,Anthony V. Clark,Anthony Clark 2020,≤100
276702939702491,Santa Barbara for Safe & Local Transport,Santa Barbara for Safe and Local Transport,≤100
128167457221813,Public Transportation,Voices for Public Transit,≤100
101432317199,Blue Cross and Blue Shield Association,BLUE CROSS AND BLUE SHIELD ASSOCIATION,≤100
169597416843751,Stand Up America,Stand Up America,≤100
1695950424027488,Andy Hallinan,Andrew Lawrence Hallinan,≤100
714420095625020,Heymaybu,Ruben Alvarez,≤100
227330344038678,Disco Donnie Presents,Disco Donnie Presents,≤100
487296634750429,Elect Karen Fann,Elect Karen Fann LD1 Senate,≤100
45013872425,The Ripon Society,RIPON SOCIETY,≤100
676042872452848,Japan - The Government of Japan,These ads ran without a disclaimer,≤100
1452551204988299,GoReact,Speakworks Inc,≤100
101208514791301,Daniel Turner,Power The Future Inc,≤100
429651323843750,Verizon Wireless Workers Rising,"COMMUNICATIONS WORKERS OF AMERICA, AFL-CIO, CLC",≤100
100787471467527,Knowyourvote,Knowyourvote,≤100
1624907487621555,Rethink My Healthcare,RethinkMyHealthcare Inc,≤100
6204742571,Sierra Club,SIERRA CLUB,≤100
15503839732,Peter G. Peterson Foundation,Peter G. Peterson Foundation,≤100
18082780500,Detroit Public Television,DETROIT EDUCATIONAL TELEVISION FOUNDATION,≤100
309798029121030,Everytown for Gun Safety,Everytown for Gun Safety Action Fund Inc,≤100
260401648038890,Science101,Novelty Media,≤100
17203056985,Partners In Health,Partners In Health,≤100
28896772146,San Diego Zoo,ZOOLOGICAL SOCIETY OF SAN DIEGO,≤100
109092142462587,Adam Schiff,SCHIFF FOR CONGRESS,≤100
101591551371555,Fire Mitch. Save America.,SAVE AMERICA FUND,≤100
1764185850558806,Apex Clean Energy,Apex Clean Energy,≤100
27461595703,Carbonfund.org Foundation,829 Studios LLC,≤100
106136417435051,Iwantmyoceanback,Iwantmyoceanback,≤100
100256754899828,Patriot's Cave,Patriot's Cave,≤100
314463908651,After Fifty Living,Joanne Sullivan Lema,≤100
242960515598,Military Spouse,Victory Media DBA Military Spouse,≤100
21834534343,Volunteers of America,"VOLUNTEERS OF AMERICA, INC.",≤100
102702544522502,OneLife Cares,Connor Gallic,≤100
103022784417075,NOW,NOW Company,≤100
1503295233268493,Lebowski Lovers,The Dude's Designs,≤100
30618466815,Pacific Legal Foundation,Pacific Legal Foundation,≤100
780606555331010,American Student Loan Advocate,ASLR Marketing,≤100
223315101050132,Waters Kraus & Paul,Waters Kraus & Paul,≤100
408250066356,Bill O'Reilly,"Bill Me, Inc.",≤100
6162159887,The World,The World,≤100
468906559794011,LaunchGood,LaunchGood Inc.,≤100
32802178807,Homes For Our Troops,Homes For Our Troops,≤100
1719463118318375,Bees In The D,BEES IN THE D,≤100
197760674021143,Indivisible Guide,INDIVISIBLE ACTION,≤100
167818016571872,Ann & Robert H. Lurie Children's Hospital of Chicago,Ann & Robert H. Lurie Children's Hospital of Chicago,≤100
2154804598181848,Conservatives informing Conservatives,Charles None Ostertag,≤100
124626320898336,Catholic Extension,"CATHOLIC CHURCH EXTENSION SOCIETY OF THE UNITED STATES OF AMERICA, THE",≤100
317667194946264,Ro Khanna,RO FOR CONGRESS INC,≤100
77790954801,Salesian Missions,Salesian Missions,≤100
586153888207980,To Kill a Mockingbird on Broadway,To Kill a Mockingbird on Broadway,≤100
156296274419595,HarperCollins,HARPERCOLLINS PUBLISHERS L.L.C.,≤100
135500133147357,ProEnglish,US INC,≤100
34521916336,Brent Bozell,MEDIA RESEARCH CENTER,≤100
375307592830342,The Veterans Advocacy and Benefit Association,VABA LLC,≤100
207901812670026,theSkimm,"TheSkimm, Inc",≤100
519590768083165,Abby Finkenauer for Congress,FINKENAUER FOR CONGRESS,≤100
101317101242156,Make America Kind Again,Benevolently,≤100
385473284886474,Hillsdale College,HILLSDALE COLLEGE,≤100
111181236964067,New Mexico News Share,New Mexico News Share,≤100
11131463701,truth,TRUTH INITIATIVE FOUNDATION,≤100
2352630938293825,Mytacticalpromos,Entremax,≤100
1864721517082089,Democratic Attorneys General Association,Democratic Attorneys General Association,≤100
683872625157265,Theresa Greenfield,THERESA GREENFIELD FOR IOWA,≤100
181813995726,Avalara,"AVALARA, INC.",≤100
57846092173,American Bible Society,American Bible Society,≤100
408252582872693,Daniella Levine Cava,"Daniella Levine Cava, Non-Partisan, for Miami-Dade County Mayor",≤100
8934429638,Planned Parenthood Action,Planned Parenthood Votes,≤100
81517275796,UNICEF USA,UNITED STATES FUND FOR UNICEF,≤100
345751305447288,Daugherty Water for Food Global Institute,Daugherty Water for Food Global Institute,≤100
151894654697,Save Our States,"OKLAHOMA COUNCIL OF PUBLIC AFFAIRS, INC.",≤100
1632568446971453,Boredwalk,Boredwalk,≤100
110509307164141,American Patriot Unite,American Patriot Unite,≤100
196098536897,Texas Right to Life,Texas Right to Life,≤100
115268821893794,Environmental Action,"Environmental Action, Inc.",≤100
191975737491988,Jennifer Wexton,WEXTON FOR CONGRESS,≤100
1417599265225727,Southwestern Medical Foundation,Collin M Quick,≤100﻿
2092316420802349,You've got to be kidding me,Active 7 Warehouse,≤100
174866249236469,Tulsi Gabbard,TULSI NOW,≤100
29883711738,Independent Women's Voice,Independent Women's Voice,≤100
102047517918,The Commonwealth Fund,"COMMONWEALTH FUND, THE",≤100
508433235840691,Minnesota Bio-Fuels Association,"The Minnesota Bio-Fuels Association, Inc",≤100
1626952504226671,Tiger Grafx LLC,TIGER GRAFX LLC,≤100
2267405033373814,Doctor Patient Unity,Doctor Patient Unity,≤100
252709368876,The Future of Freedom Foundation,"FUTURE OF FREEDOM FOUNDATION, THE",≤100
100298938781,Robert Wood Johnson Foundation,Robert Wood Johnson Foundation,≤100
231056563609284,Fresno Metropolitan Flood Control District,Fresno Metropolitan Flood Control District,≤100
293225127381200,Patriot Depot,The Patriot Depot,≤100
106991060749369,OneALASKA,OneAlaska,350
40523327759,American College of Physicians (ACP),"AMERICAN COLLEGE OF PHYSICIANS, INC.",≤100
110210055663448,AIDSVu,These ads ran without a disclaimer,≤100
376638603087168,Save The Earth,8 Billion Trees LLC,≤100
197374340229,E2 - Environmental Entrepreneurs,E2 (Environmental Entrepreneurs),≤100
440551812676698,Open The Books,American Transparency,≤100
109889733883173,WE GOT TEEZ,RICHARD ANDREW-WITTE COMISKEY,≤100
195388540623090,National Retiree Legislative Network,NRLN,≤100
27311599342,Preemptive Love,Preemptive Love Coalition,≤100
129285844553515,The Right To Shower,Conopco Inc,≤100
8934429638,Planned Parenthood Action,Planned Parenthood Action Fund,≤100
76050196975,Light of Life Rescue Mission,LIGHT OF LIFE MINISTRIES INC,≤100
374848446414965,Pollking,Benjamin Aaron Perlman,≤100
747436915270894,Congressional Leadership Fund,CONGRESSIONAL LEADERSHIP FUND,≤100
1145019702185006,Alliance for Safety and Justice,Alliance for Safety and Justice,≤100
802271849850801,Freedom for All Americans,Freedom for All Americans,≤100
91223411833,Medical Teams International,Medical Teams International,≤100
602040603170590,Americans for Food and Beverage Choice,Americans for Food and Beverage Choice,≤100
80987211775,Bill Cassidy,Bill Cassidy for US Senate,≤100
105783281039179,Professional Services Alliance,Professional Services Alliance,≤100
602074469965571,Plan C,NATIONAL WOMENS HEALTH NETWORK,≤100
2353537341582545,Proud Patriots,"Unicorn Wealth, LLC",≤100
102617961152741,Barbara Bollier,BOLLIER FOR KANSAS,≤100
505653766599222,America First with Dr. Sebastian Gorka,Salem Media,≤100
30139072158,CARE,CARE,≤100
305107172859194,Defeating Trump and the Republican Party,"Voices of Health Care Action, a project of Gamechanger Networks",≤100
109097990639753,Unite for Colorado,Unite for Colorado,≤100
281844617168,Jewish Voice Ministries International,JEWISH VOICE MINISTRIES INTERNATIONAL,≤100
102860661680,Quetico Superior Wilderness News,Quetico Superior Foundation,≤100
202626512363,U.S. Census Bureau,U.S. Census Bureau,201
111955243675833,Brut News,Brut Media,≤100
123324264379603,Committee of Interns and Residents,Committee of Interns and Residents,≤100
568103006940639,Law Office of Gary J. Kim,Law Offices of Gary J. Kim,≤100
128155811565,Wyoming Liberty Group,Wyoming Liberty Group,≤100
10185996596,Local Motors,These ads ran without a disclaimer,≤100
46785153750,National Fair Housing Alliance,National Fair Housing Alliance,≤100
1014291495249813,Politicon,Politicon,≤100
513785465632396,Airline Passengers for Justice,Airline Passengers for Justice,≤100
106736034281444,This Place People Together,Lucy  Tran,≤100
791543660926838,"I'll go ahead and keep my guns, Thanks",2A4LIFE LLC,≤100
2081864865362439,Mike Espy,MIKE ESPY FOR SENATE CAMPAIGN COMMITTEE,≤100
16534314739,Facing History and Ourselves,"FACING HISTORY AND OURSELVES NATIONAL FOUNDATION, INC.",≤100
19192438096,AAAS - The American Association for the Advancement of Science,American Association for the Advancement of Science,≤100
37495431484,Bassel & The Supernaturals,Ronnie Bassel Almadani,≤100
265268336865693,Do Amore,Do Amore Limited Company,≤100
466164103423147,Thorn,Thorn with Facebook Ad Credits,≤100
2162483073873761,Alaska Counts,Alaska Counts,≤100
300992409852,Hoover Institution,Hoover Institution,≤100
1585761838387907,Unity College Online,Unity College,≤100
7976226799,The Daily Show,Comedy Central,≤100
102377984581168,A Democrat in the Wilderness,Emmanuel Fourakis,≤100
136211573758668,State Representative Steve Allison,Steve Allison,≤100
321275377976909,The People's Lobby,The People's Lobby,≤100
420785874975425,Conservative Institute,The Conservative Institute,≤100
194377127954,Ladders,These ads ran without a disclaimer,≤100
100577113613446,Rock Your Bathroom,SK LANG Products,≤100
101724361319410,Ronny Jackson for U.S. Congress TX-13,Texans for Ronny Jackson,≤100
329893367738313,Yes Cascadia,Yes Cascadia,≤100
488460945012999,President Trump 2020,Trump Collections,≤100
511235549007985,PRJKT RUBY,PRJKT RUBY,≤100
635850443292528,Nasty Woman Coloring,Nasty Woman Coloring,≤100
451133985355974,Civitas Capital Group,Civitas Capital Group,≤100
18813753280,Human Rights Campaign,"HUMAN RIGHTS CAMPAIGN, INC.",≤100
207833736045744,MHAction.org,Kevin R Borden,≤100
142992759853421,Be A Hero,BE A HERO PAC,≤100
76025018070,San Francisco-Marin Food Bank,San Francisco-Marin Food Bank,≤100
109005187317369,A Better Anchorage,"Yes for a Safe, Healthy Anchorage",343
480981622445006,Diana Alexander 2020,Diana Alexander Campaign Fund,≤100
59386210330,American Lung Association,AMERICAN LUNG ASSOCIATION,≤100
243510442756370,Justice Democrats,JUSTICE DEMOCRATS PAC,≤100
1869687273277265,Run for Something,Run For Something PAC,≤100
46347342434,EMILY's List,EMILY'S LIST,≤100
80865461794,Public Service Company of Oklahoma (PSO),Whitney Shawn Emerick,≤100
338855069522459,Im Tirtzu,Im Tirtzu,≤100
89324781720,Pat Toomey,Friends of Pat Toomey,≤100
329272720965256,GALvanize USA,GALvanize USA,≤100
1791097094486498,Musings,Musings Magazine,≤100
305832706292882,American Gun Association,GunAssociation.org,≤100
194079794553700,Invested Interests,Invested Interests,≤100
1397799040234106,OpinionUP,OpinionUP LLC,≤100
500410440069924,Dan "Taxation Is Theft" Behrman for President 2020,COMMITTEE TO ELECT DAN TAXATION IS THEFT BEHRMAN,≤100
2309566456030859,Human Coalition Action,Human Coalition,≤100
392090254579689,The Nazarene Fund,The Nazarene Fund,≤100
11918108948,African Wildlife Foundation,AFRICAN WILDLIFE FOUNDATION,≤100
126037931371545,Law Offices of Jonathan K. Park & Associates,Law Offices of Jonathan K. Park & Associates,≤100
105804624116745,HKDC - Hong Kong Democracy Council US,"Hong Kong Democracy Council, USA",≤100
262014011153122,Maine Forward,MAINE CENTER FOR ECONOMIC POLICY,≤100
24470472733,The Trevor Project,The Trevor Project,≤100
112820508787790,ClassAction.org,These ads ran without a disclaimer,≤100
170591064699,Southern Poverty Law Center,"SOUTHERN POVERTY LAW CENTER, INC., THE",≤100
101908424664094,Best Home Savers 2020,J D Grace Gorospe,≤100
830890360316751,Nick Hanauer,Civic Action,≤100
296093157932840,The Fulcrum,Issue One,≤100
203677106322266,Hunnid,Hunnid,≤100
100682821402342,Karpus for Congress,KARPUS FOR CONGRESS,≤100
120522437962280,Hutchins Center for African & African American Research,The Hutchins Center for African & African American Research at Harvard University,≤100
111833201704,Faith and Freedom Coalition,Faith & Freedom Coalition,≤100
111226867129700,Prideful Patriots,Prideful Patriots,≤100
169561162745,The National Wild Turkey Federation,"NATIONAL WILD TURKEY FEDERATION, INC.",≤100
101183127996396,Four Is Enough,PACRONYM,≤100
294196590710262,FWD.us,FWD.us,≤100
104450731116649,Blair Reynolds for Congress,BLAIR REYNOLDS FOR CONGRESS,≤100
555394394483002,Urban Resource Institute,Urban Resource Institute,≤100
101442908124605,Liberty Surveys,Liberty Surveys,≤100
2283535575207809,Ditch Mitch,DITCH FUND,≤100
101176014673943,Michelle for Kansas,MICHELLE FOR KANSAS,≤100
1612726335627171,We the Internet TV,We the Internet TV,≤100
950998258312654,Knowhere,"Knowhere, Inc.",≤100
780941275347834,Ilhan Omar,ILHAN FOR CONGRESS,≤100
108118933908193,Next Level Goods,Next Level Goods LLC,≤100
37540989546,Power to Decide,Power to Decide,≤100
118502801658228,Young Kim,Young Kim for Congress,≤100
557113921291144,Learning Dynamics,4 Weeks To Read LLC,≤100
48570030993,The Lanier Law Firm,Grace Lamb,≤100
125937197447634,ACTA - American Council of Trustees and Alumni,AMERICAN COUNCIL OF TRUSTEES AND ALUMNI,≤100
2223151871134889,Trump45Merch,Thomas Charles Granack,≤100
116480163071468,VVandr Bobbles,Moses Ostreicher,≤100
108505303942541,Now Hear Me Out Podcast,Now Hear Me Out Podcast,≤100
147523538641547,Capitol Ministries,CAPITOL MINISTRIES,≤100
86134975779,Coast Guard Foundation,Coast Guard Foundation INC.,≤100
103532451038835,Wooden Journey,Wooden Journey,≤100
336124860558275,Christine Hill for Assembly,Christine Hill for Assembly,≤100
38235851310,USA for UNHCR,UNITED STATES ASSOCIATION FOR UNHCR,≤100
135298176481584,Marine Corps Scholarship Foundation,Marine Corps Scholarship Foundation,≤100
152766071443309,The City University of New York,The City University of New York,≤100
157810487611661,Freethink,Freethink,≤100
8145161702,Lambda Legal,"LAMBDA LEGAL DEFENSE & EDUCATION FUND, INC.",≤100
102213261325325,Timothy Aldal for Oregon,Timothy Wayne Aldal,≤100
7962229886,Environmental Working Group,ENVIRONMENTAL WORKING GROUP,≤100
455147011996099,The Ann and Phelim Scoop,The Unreported Story Society,≤100
188383074570800,Aquapparel,Aquapparel,≤100
80841742978,Adirondack Council,ADIRONDACK COUNCIL (INC),≤100
594519783957655,Citizens for National Security,Citizens For National Security,≤100
386305465057247,Liberty Nation,Liberty Nation,≤100
407664862957433,Ammar Campa-Najjar for Congress,AMMAR CAMPA-NAJJAR FOR CONGRESS,≤100
386280348647138,"Rebecca Parson for Congress, WA-06",REBECCA PARSON 2020,≤100
236369846383459,Congressional Black Caucus PAC,Congressional Black Caucus PAC,≤100
49209604726,Vermont Teddy Bear,"VERMONT TEDDY BEAR CO., INC., THE",≤100
215975785799644,Austin Quinn-Davidson for Anchorage Assembly,Austin for Anchorage,≤100
107858693983382,The GOP Shop,The GOP Shop,≤100
107770355935086,Alaska Community Action on Toxics,ALASKA COMMUNITY ACTION ON TOXICS,≤100
195704103779569,Savage Outdoors & The One,Amanda Harris Lee,≤100
546497545399440,ASEC - African Sisters Education Collaborative,African Sisters Education Collaborative (ASEC),≤100
337490192991981,Grabien,Grabien Inc,≤100
110749446963570,Courier,Courier Newsroom,≤100
208872873173211,Truckers.com,"Small Business in Transportation Coalition, Inc.",≤100
1836138529938551,Greater Half,Greater Half,≤100
221890358218748,Til Valhalla Project,Til Valhalla Project,≤100
111771696824902,"Rick Castillo, Rick for the 6, Anchorage Assembly, South Anchorage Dist. 6",Ricardo Lee Castillo,≤100
616507365386105,Top Conservative,Eric Brian Rosenberg,≤100
100847831440144,Trump 2020 Tees,Robert William Zagby,≤100
5633824547,FreedomWorks,"FREEDOMWORKS, INC.",≤100
201248453800242,My Pay My Say,Mackinac Center for Public Policy,≤100
9062006483,REI,"RECREATIONAL EQUIPMENT, INC.",≤100
49059279814,Institute for Justice,INSTITUTE FOR JUSTICE,≤100
112600915451330,No Labels,No Labels,≤100
161108570702119,Apologia Studios,Jeffrey Wayne Durbin,≤100
7219151423,The Fund for American Studies (TFAS),The Fund for American Studies,≤100
108503659576,National Coalition for Public School Options,National Coalition for Public School Options,≤100
420424547981908,In Search of Liberty,Scott Dennis Welch,≤100
518194348194441,RepresentUs,RepresentUs,≤100
342294162453301,Planned Parenthood,Planned Parenthood Federation of America,≤100
11111618026,Union of Concerned Scientists,"UNION OF CONCERNED SCIENTISTS, INC.",≤100
192448150001,Jeff Anderson & Associates,Jeffrey R Anderson PA,≤100
265045056894488,Mark Meckler,Convention of States Action,≤100
1963992303848678,DHVANI,DHVANI,≤100
1553978148244954,Build With Strength,Build With Strength,≤100
191602167588409,Rotary Club of Victorville,Coleen Regina Luque,≤100
44015482829,United Nations Development Programme - UNDP,United Nations Development Programme,≤100
111622410196045,State of Youth,KidsRights with Facebook ad credits,≤100
260131294484,Bethesda Lutheran Communities,Bethesda Lutheran Communities,≤100
165014546858456,Free To Choose Network,FREE TO CHOOSE,≤100
2012750189007245,Liquid Death Mountain Water,Liquid Death,≤100
394817334402124,2020 Trump Bill,Innovative Ecomm LLC,≤100
194798557218627,AARP Wyoming,AARP,≤100
321334725246666,Anton Sakharov for Governor GOP,Anton Sakharov for Governor,≤100
452797224923658,Democratic Coalition Against Trump,THE DEMOCRATIC COALITION,≤100
156994304362574,American Bridge,AMERICAN BRIDGE 21ST CENTURY,≤100
70795936969,Children International,CHILDREN INTERNATIONAL,≤100
170918006892,G.I. Jobs,Victory Media DBA GI Jobs,≤100
100195511560092,Injury Compensation Center,Injury Compensation Center,≤100
8532248414,Wounded Warrior Project,"WOUNDED WARRIOR PROJECT, INC.",≤100
481331019059116,The Published Reporter,The Published Reporter,≤100
6355071377,American Cancer Society Cancer Action Network - ACS CAN,AMERICAN CANCER SOCIETY CANCER ACTION NETWORK INC,≤100
107199049318619,Friends of Derek Kilmer,PEOPLE FOR DEREK KILMER,≤100
1754669597959219,Evie,Evie Magazine,≤100
309798029121030,Everytown for Gun Safety,Everytown for Gun Safety Support Fund Inc,≤100
2225580284361712,Tommy Tuberville,"TUBERVILLE FOR SENATE, INC.",≤100
1312902825543317,American Nightmare Film,Jesus Nebot International,≤100
110573083801477,5G Action Now,5G Action Now,≤100
12357407443,American Friends Service Committee,AMERICAN FRIENDS SERVICE COMMITTEE,≤100
21472760578,C-SPAN,C-SPAN,≤100
6502038524,First Book,FIRST BOOK,≤100
1696537410609658,Graham Hill - Member of NRA Board of Directors,Graham Hill for NRA Board,≤100
143021112391265,Jacobin magazine,Jacobin Foundation,≤100
12692955711,Chronicle of Higher Education,"CHRONICLE OF HIGHER EDUCATION, INC. (THE)",≤100
107107693152888,Anthropocene Alliance,ANTHROPOCENE ALLIANCE,≤100
79743808136,NAIS -- National Association of Independent Schools,"NATIONAL ASSOCIATION OF INDEPENDENT SCHOOLS, INC.",≤100
121750354532995,Yale Program on Climate Change Communication,Yale Program on Climate Change Communication,≤100
77903485992,Concerned Women For America LAC,CONCERNED WOMAN FOR AMERICA LEGISLATIVE ACTION COMMITTEE,≤100
13063797831,Ben Ray Luján,PEOPLE FOR BEN,≤100
1050320055029012,Outrider Foundation,OUTRIDER FOUNDATION,≤100
458142697588014,AARP Public Policy Institute,AARP,≤100
97736029457,Saint Paul Public Library,Saint Paul Public Library,≤100
130025717077175,The Orangutan Project,"ORANG UTAN REPUBLIK FOUNDATION, INC.",≤100
103959221222594,IL Citizens for Accountability,Citizens for Accountability,≤100
2330577043935831,Sara Gideon,SARA GIDEON FOR MAINE,≤100
1441704426074372,Douglas Taurel,The American Soldier,≤100
198365307706211,Illegal The Project,Illegal The Project,≤100
111101350350760,Denise Pedrow For Assembly District 44,Ian Michael Stikeleather,≤100
105556394228711,Republican Authority,Republican Authority,≤100
1265705333582297,Akilah Bacy for Texas,Akilah Bacy for Texas,≤100
97624620788,American Friends of Magen David Adom,AMERICAN FRIENDS OF MAGEN DAVID ADOM,≤100
121072318410610,MagdakineDesigns Swimwear,Magdalena Rose Berger,≤100
1852520761657982,4ocean,4ocean,≤100
145380305523723,Secure America Now,Secure America Now,≤100
153446658100252,Lumina Foundation,Lumina Foundation,≤100
13187955196,Young Americans for Liberty,Young Americans for Liberty,≤100
13649914583,Equality Now,"EQUALITY NOW, INC.",≤100
109111900634787,Reverend Raphael Warnock,WARNOCK FOR GEORGIA,≤100
105025901091483,Republican Party Strong,James R Oddo,≤100
248262725706461,Power The Future,Power The Future Inc,≤100
101202938057197,Phil Gardner,PHIL GARDNER FOR CONGRESS,≤100
100782758062291,Bernie Sanders Beanie,Stephen Alan Twyman,≤100
304174600459936,Front Porch Sense,Marnie Lynn Kuhns,≤100
8002590959,Rainforest Action Network,RAINFOREST ACTION NETWORK,≤100
103636451186005,APV CAMO,Douglas Robert Maddi,≤100
2602473023098666,Democratic Polling Center,Democratic Governors Association,≤100
176238466533,Alaska Republican Party,ALASKA REPUBLICAN PARTY,≤100
130848666099,Business Forward,Business Forward Inc.,≤100
22872837832,Food Lifeline,FOOD LIFELINE,≤100
171516669541491,Bright Hope,BRIGHT HOPE INTERNATIONAL,≤100
107036421410,National Safety Council,NATIONAL SAFETY COUNCIL,≤100
331037760381749,Sierra Magazine,SIERRA CLUB,≤100
105732744375701,Steve Bullock,Montanans for Bullock,≤100
183872968312216,Popdust,cleancult,≤100
108180596030668,Elizabeth Dole Foundation,Elizabeth Dole Foundation,≤100
90107797870,Houston Food Bank,"HOUSTON FOOD BANK, THE",≤100
211211155280,Esri,Esri,≤100
300719666712627,Moms Demand Action for Gun Sense in America,Everytown for Gun Safety Action Fund Inc,≤100
332716170522025,America First Action,America First Action,≤100
1691667177798461,Brut,Brut,≤100
1268410219898273,Tango Tango,Tango Tango Inc,≤100
2406809952939006,Hair to the Chief,"MHGA Holdings, LLC",≤100
23978156246,UnidosUS,UNIDOSUS,≤100
15771560300,Earthjustice,EARTHJUSTICE,≤100
291102898490822,Giant Maga Hat,Inventors club LLC,≤100
60182072999,Lila Rose,Live Action,≤100
192771954102960,Jordan Sekulow,American Center for Law and Justice,≤100
153080620724,Donald J. Trump,"DONALD J. TRUMP FOR PRESIDENT, INC.",≤100
64064370581,North Texas Food Bank,North Texas Food Bank,≤100
22219555276,Children's Defense Fund,CHILDRENS DEFENSE FUND (INC),≤100
101755761321515,Aaron Harber for CU Regent,Harber for Colorado,≤100
37892661587,JDC,JDC,≤100
101142254665268,Don Tyer for Circuit Judge,Don Tyer For Judge,≤100
253507715172780,Andy Levin,ANDY LEVIN FOR CONGRESS,≤100
184868114869272,Full Compass Systems,These ads ran without a disclaimer,≤100
50714237985,The Rutherford Institute,RUTHERFORD INSTITUTE,≤100
242898282712875,SolSmart,SolSmart,≤100
112483970336673,VOPAC Victims of Parental Alienation Community,Bartolo Drago,≤100
1413682351987764,Andy Kim for Congress,Andy Kim for Congress,≤100
111393882812494,Amy McGrath,"AMY MCGRATH FOR SENATE, INC.",≤100
1708467695859543,Veteran Transition Mission,Sonia Ivelisse Barriera Ayala,≤100
53167307346,Communist Party USA,Communist Party USA,≤100
265121981068221,Civic 365,Muneer None Uddin,≤100
163148530407080,Captain Mark Kelly,MARK KELLY FOR SENATE,≤100
1084856268238034,Trump Talking,Roberto None Lugo,≤100
595854897124850,Shatterproof,Shatterproof,≤100
1494279480805358,Don Young,ALASKANS FOR DON YOUNG,≤100
289213691238937,Thrasher Coffee,Thrasher Coffee Co.,≤100
2452905398272083,Froy Jimenez for Illinois Senate - 1st District,Froy Jimenez for Senate,≤100
1615018905412860,Progressive Turnout Project,PROGRESSIVE TURNOUT PROJECT,≤100
2311489605552071,Customers Who Care,Customers Who Care,≤100
453349085219771,Albanians for Biden,Albanian American Public Affairs Committee,≤100
8325302025,Friends of the Earth U.S.,Friends of the Earth,≤100
300748678230,Tennessee Department of Economic and Community Development,Tennessee Department of Economic and Community Development,≤100
32975139631,If Americans Knew,If Americans Knew,≤100
1082522201878539,Gina Ortiz Jones for Congress,GINA ORTIZ JONES FOR CONGRESS,≤100
135403221037,City Journal,City Journal,≤100
497348647140658,Point Source Youth,Point Source Youth,≤100
1316372698453411,Alexandria Ocasio-Cortez,ALEXANDRIA OCASIO-CORTEZ FOR CONGRESS,≤100
90072588167,Education Minnesota,EDUCATION MINNESOTA,≤100
180008532044787,Adventure Scientists,Adventure Scientists,≤100
785936231584382,Paula Jean Swearengin,Paula Jean for West Virginia,≤100
105229062888132,Stop Soldier Suicide,Stop Soldier Suicide,≤100
98912141410,American Forests,American Forests,≤100
203583423017526,National Immigration Law Center,National Immigration Law Center,≤100
694340911004154,Americans for Intelligence Reform,Americans for Intelligence Reform,≤100
72931140459,Center for Biological Diversity,"CENTER FOR BIOLOGICAL DIVERSITY, INC.",≤100
101617224555221,Nancy Pelosi Elects Democrats,PAC TO THE FUTURE,≤100
328072970642479,Jaime Harrison,JAIME HARRISON FOR US SENATE,≤100
102004144751210,Life Insurance Savings,Melissa Marie Luces,≤100
546707688675095,Smart Approaches to Marijuana,SAM Action,≤100
103851564652,Waterkeeper Alliance,WATERKEEPER ALLIANCE INC,≤100
509467169261454,Team Honda Cares,"Honda North America, Inc.",≤100
104504438466,Federal Voting Assistance Program - FVAP,Federal Voting Assistance Program (FVAP),≤100
341188284587,AARP Alaska,AARP,≤100
109349507328179,Bernie Or Busters,Eric Christopher Mack,≤100
1550688498409259,Alliance for Climate Resistant CA,Alliance for Climate Resistant California,≤100
999775873528189,Stopping Socialism,The Heartland Institute,≤100
1614345772179172,Greg Gianforte,Greg for Montana,≤100
103684467905403,"Million Majority Minority March to VOTE October 16, 2020""",Anthony Glenn Riley,≤100
105060104432562,Re-Elect Bill Husfelt for Superintendent,Re-Elect Bill Husfelt for Superintendent,≤100
151617221654821,Natalie Jean,Natalie Jean,≤100
151757038879920,Alyse Galvin for Congress 2020,ALYSE FOR ALASKA,≤100
309308412520731,Sandy Hook Promise,Sandy Hook Promise,≤100
746938465317981,Nuclear Matters,Nuclear Matters,≤100
299295363912730,New Politics Leadership Academy,New Politics Leadership Academy,≤100
109784800371914,Protect Kids: Fight Flavored E-Cigarettes,TOBACCO-FREE KIDS ACTION FUND,≤100
21492729544,Catholic Relief Services,CATHOLIC RELIEF SERVICES - UNITED STATES CONFERENCE OF CATHOLIC BISHOPS,≤100
146817005352784,Wellness.com,"Beachside Media, Inc.",≤100
169440273093442,The Center for Election Science,The Center for Election Science,≤100
303698546498902,Castro & Co. - International Tax Attorneys,John Anthony Castro,≤100
44667476574,In These Times,INSTITUTE FOR PUBLIC AFFAIRS,≤100
523486791061635,Jon Hoadley,JON HOADLEY FOR CONGRESS,≤100