﻿Page ID,Page Name,Disclaimer,Amount Spent (USD)
6726182861,Mike Pence,TRUMP MAKE AMERICA GREAT AGAIN COMMITTEE,3854
153080620724,Donald J. Trump,TRUMP MAKE AMERICA GREAT AGAIN COMMITTEE,2906
153080620724,Donald J. Trump,"DONALD J. TRUMP FOR PRESIDENT, INC.",1639
7860876103,Joe Biden,BIDEN VICTORY FUND,1455
1615018905412860,Progressive Turnout Project,PROGRESSIVE TURNOUT PROJECT,1390
271991555961,American Ambulance Association,"American Ambulance Association, Inc",1210
1745691098822972,Brad Parscale,TRUMP MAKE AMERICA GREAT AGAIN COMMITTEE,1031
376250065793807,Citizens for Responsible Energy Solutions,Citizens for Responsible Energy Solutions,1002
1771156219840594,Team Trump,TRUMP MAKE AMERICA GREAT AGAIN COMMITTEE,859
20787991568,Senate Democrats,DSCC,659
104856814505092,The Kids Guide,The Kids Guide,621
791543660926838,"I'll go ahead and keep my guns, Thanks",2A4LIFE LLC,515
96935476345,Democratic Governors Association (DGA),Democratic Governors Association,467
9324910069,NRSC,NRSC,456
57259033959,AARP,AARP,456
156968474833352,Stop Republicans,Stop Republicans,434
132492254050920,American AF,AAF Nation,384
665345483483486,NRA - National Rifle Association of America,NATIONAL RIFLE ASSN OF AMERICA,377
2352630938293825,Mytacticalpromos,Entremax,370
42002969352,Center on Budget and Policy Priorities,Center on Budget and Policy Priorities,366
587835028017559,Eric Holcomb,Eric Holcomb for Indiana,353
102671331487937,I Love My Freedom Store,I Love My Freedom,302
345504286342057,Keeping America Great Again,RightWingGear.com,302
107858693983382,The GOP Shop,The GOP Shop,284
196382377057315,Learn Our History,Learn Our History,277
203805062990264,Ben Shapiro,The Daily Wire,266
100126201737278,Patriots Take a Stand,Jae W Seo,229
165987503528599,Lindsey Graham,"TEAM GRAHAM, INC.",224
105756057589080,The Lincoln Project,The Lincoln Project,204
6726182861,Mike Pence,"DONALD J. TRUMP FOR PRESIDENT, INC.",201
92925746942,Judicial Watch,Judicial Watch,192
108524420538011,Hoosiers for Renewables,Hoosiers for Renewables LLC,177
1883837055193241,Shield Republic,Shield Republic,174
756232037796207,POWER HOME SOLAR,POWER HOME SOLAR,172
33110852384,Doctors Without Borders/ Médecins Sans Frontières (MSF),Doctors Without Borders/Médecins Sans Frontières (MSF),168
112974563687584,Robert Kiyosaki - The Rich Dad Poor Dad Letter,Long Form Creative Co.,161
127225910653607,PragerU,PragerU,154
373814729643508,Let America Vote,LET AMERICA VOTE PAC,154
85452072376,Newsmax,Newsmax Media,150
24330467048,Americans for Prosperity,AMERICANS FOR PROSPERITY,149
925007000949719,ExxonMobil,Exxon Mobil Corporation,142
277005566267077,Blueland,Blueland,137
717115395103069,PrintedKicks,Printed Kicks,136
1771156219840594,Team Trump,"DONALD J. TRUMP FOR PRESIDENT, INC.",129
111393882812494,Amy McGrath,"AMY MCGRATH FOR SENATE, INC.",129
164010305863,Nipsco,NIPSCO,128
176789922364429,Steve Daines,STEVE DAINES FOR MONTANA,127
100137754724934,Trump 2020 Supporters,Proud Right Winger,126
461204744067686,Family Protection Association,Family Protection Association,124
213792049451918,Stand For America,Stand For America Inc,122
137569740231452,Respect The Look,Respect The Look,120
243399129090445,Christina Hale,HOOSIERS FOR HALE,118
112694470356789,Trumpcare For America,Stuart Joseph Millar,114
106323360959211,Patriots Republic,Matthew James Stine,111
114710126648118,Republican Dogs,Republican Dogs,108
8934429638,Planned Parenthood Action,Planned Parenthood Action Fund,105
96935476345,Democratic Governors Association (DGA),DEMOCRATIC ACTION,104
1374134752633656,New Health Plans,Shop Insurance Plans,104
106244251043808,Reuse Plastics,"AMERICAN CHEMISTRY COUNCIL, INC.",102
178051136001622,Representative Trey Hollingsworth,Office of Representative Trey Hollingsworth (IN-09),≤100
159964696102,Kevin McCarthy,KEVIN MCCARTHY FOR CONGRESS,≤100
23875187730,Feeding America,Feeding America,≤100
195530355493,Chicks On The Right,Chicks on the Right,≤100
278490715553293,Martha McSally,MCSALLY FOR SENATE INC,≤100
2353537341582545,Proud Patriots,Proud Patriots,≤100
5435784683,Greenpeace USA,"GREENPEACE, INC.",≤100
203197030603239,8 Billion Trees,8 Billion Trees LLC,≤100
305832706292882,American Gun Association,GunAssociation.org,≤100
112431050497386,Patriotism For Life,Vivian Lam Nguyen,≤100
18982436812,ACLU,American Civil Liberties Union,≤100
107758757670203,BLM Direct,BLM Store LLC,≤100
1194865807192273,Conservative Gear,Outergoods LLC,≤100
25055115099,Intuit,INTUIT INC.,≤100
100637888239523,Free Reign For All,Kin Ngai Yeung,≤100
38235851310,USA for UNHCR,UNITED STATES ASSOCIATION FOR UNHCR,≤100
830121337093232,National Democratic Training Committee,NATIONAL DEMOCRATIC TRAINING COMMITTEE PAC,≤100
105829564471772,Patriots Stand Together,Trizzie Truong,≤100
296708523873754,Karla Dennis and Associates Inc.,"Karla Dennis & Associates, Inc",≤100
1025055787535714,A Case for Women,A Case for Women,≤100
7814597100,Jim Jordan for Congress,JIM JORDAN FOR CONGRESS,≤100
1109093812491437,Blaze Media,Blaze Media LLC,≤100
1336293769761923,Jon Ossoff,JON OSSOFF FOR SENATE,≤100
108118933908193,Next Level Goods,Next Level Goods LLC,≤100
245284549333866,ASMDSS,ASMDSS,≤100
977704775606273,Balls Deep Tackle,Balls Deep Tackle,≤100
110974960642149,Proudly American,Grant Alan Johnston,≤100
105566671190013,What We All Need,Patrick Le Tran,≤100
309308412520731,Sandy Hook Promise,Sandy Hook Promise,≤100
103597604713894,Team Trump Store,TRUMP MAKE AMERICA GREAT AGAIN COMMITTEE,≤100
560140464159364,Stand for the 2nd Amendment,SFT2 Tactical Supply,≤100
2189265054726827,Liberty Tee Shop,www.libertyteeshop.com,≤100
7292655492,MoveOn,MOVEON.ORG POLITICAL ACTION,≤100
328072970642479,Jaime Harrison,JAIME HARRISON FOR US SENATE,≤100
570092813023833,Matt Walsh,The Daily Wire,≤100
2267285956849056,Donald Trump 2020 Fans,I Love My Freedom,≤100
5633824547,FreedomWorks,"FREEDOMWORKS, INC.",≤100
328853823844484,Balance of Power,Balance of Power,≤100
8501031021,VoteVets.org,"VoteVets Action Fund, Inc.",≤100
100757504960070,Concealed_Country,Concealed Country,≤100
25852730092,Care2,Care2 Inc,≤100
100256754899828,Patriot's Cave,Patriots Cave,≤100
6041057841,The Humane Society of the United States,"HUMANE SOCIETY OF THE UNITED STATES, THE",≤100
101210588150219,Boy Scouts Abuse Claims,X Social Media LLC,≤100
530604487365010,Old Glory Flagpole Kits,Service First,≤100
1467725903304588,EZ Insure,Benepath,≤100
104242142960296,Marc Lopez Law,Marcelino Gustov Lopez,≤100
113891694102,Energy Citizens,AMERICAN PETROLEUM INSTITUTE,≤100
8741241286,Under Armour,These ads ran without a disclaimer,≤100
17911165812,Covenant House International,Covenant House,≤100
192015461630968,Supporting Our Brave Veterans,James Brian Plouf,≤100
105410567897348,Adopt an Officer,Adopt America LLC,≤100
105455840860559,Eagle Realm,Eagle Realm,≤100
18813753280,Human Rights Campaign,"HUMAN RIGHTS CAMPAIGN, INC.",≤100
425771317501061,Michael Knowles,The Daily Wire,≤100
1528980567353817,Love Has No Labels,Love Has No Labels with Facebook Ad Credits,≤100
602714436529710,End Citizens United,END CITIZENS UNITED,≤100
107803440835562,US Hot Gears,Click Wonders,≤100
303061950155375,John James,"JOHN JAMES FOR SENATE, INC.",≤100
87186661244,Johns Hopkins Bloomberg School of Public Health,Johns Hopkins Bloomberg School of Public Health,≤100
1764185850558806,Apex Clean Energy,Apex Clean Energy,≤100
23996308754,Senate Conservatives,SENATE CONSERVATIVES FUND,≤100
309798029121030,Everytown for Gun Safety,Everytown for Gun Safety Action Fund Inc,≤100
27311599342,Preemptive Love,Preemptive Love Coalition,≤100
107654924064350,Pat Timmons-Goodson,PATRICIA TIMMONS-GOODSON FOR CONGRESS,≤100
1061240530648502,Joe Collins,JOE COLLINS FOR CONGRESS,≤100
100585598043377,Intelligent Investing Tips,Intelligent Investing Resource,≤100
131479060257,YWCA Metropolitan Chicago,YWCA METROPOLITAN CHICAGO,≤100
114501575391943,Compare Medicare Quotes,Benepath,≤100
265268336865693,Do Amore,Do Amore Limited Company,≤100
530604487365010,Old Glory Flagpole Kits,Service First Flag Poles,≤100
139599847972,National Nurses United,National Nurses United,≤100
154374415297879,Pat Hackett for Congress,Pat Hackett for Congress,≤100
15687409793,World Wildlife Fund,World Wildlife Fund,≤100
342294162453301,Planned Parenthood,Planned Parenthood Federation of America,≤100
355316521236121,John Cornyn,TEXANS FOR SENATOR JOHN CORNYN INC.,≤100
433919203362871,Bird + Stone,BIRD & STONE INC,≤100
90604156025,Wheeler Mission,Wheeler Mission,≤100
8325302025,Friends of the Earth U.S.,Friends of the Earth,≤100
45393753416,Alliance Defending Freedom,Alliance Defending Freedom,≤100
101279451606075,Democratic Strategy Institute,Democratic Strategy Institute,≤100
598924810530984,Keeping America Great,FamTeeWorld,≤100
6231686654,Compassion International,"COMPASSION INTERNATIONAL, INCORPORATED",≤100
127755494595870,Progressive Takeover,PROGRESSIVE TAKEOVER,≤100
193618220508,LIFE Today,LIFE Outreach International,≤100
1917715138510680,Follow Your Legend,Legend Bracelet,≤100
72186095846,Center For American Progress Action Fund,Center for American Progress Action Fund,≤100
103654464668995,Home With Our Family,Alexander Chung,≤100
102240821243251,The Cut Your Power Bill Event - Powered by POWERHOME SOLAR,These ads ran without a disclaimer,≤100
105577974544303,The USA Needs More Patriots,Anthony Alexander Morales,≤100
8047221596,Save the Children US,"SAVE THE CHILDREN FEDERATION, INC.",≤100
283454432145669,Indiana First PAC,Indiana First PAC,≤100
1836138529938551,Greater Half,Greater Half,≤100
110124618713,American Principles Project,American Principles Project,≤100
178835922297833,American Clinical Laboratory Association,American Clinical Laboratory Association,≤100
2185993931653388,The Recount,"Recount Media, Inc",≤100
167586229923327,World Food Program USA,World Food Program USA,≤100
332716170522025,America First Action,America First Action,≤100
106645684412573,Cover Air Medical,Cover Air Medical,≤100
8532248414,Wounded Warrior Project,"WOUNDED WARRIOR PROJECT, INC.",≤100
1400927463555875,Imperfect Foods,Imperfect Produce,≤100
354851377936744,BookTV,C-SPAN,≤100
30139072158,CARE,CARE,≤100
107572730809638,End Money Bail California,"End Predatory & Unfair Money Bail, a coalition of justice reform and labor organizations. Committee major funding from Action Now Initiative, LLC, Patty Quillin, and Lynn Schusterman. Funding Details at www.fppc.ca.gov.",≤100
163148530407080,Captain Mark Kelly,MARK KELLY FOR SENATE,≤100
1435071773455316,Daily Wire,The Daily Wire,≤100
2309566456030859,Human Coalition Action,Human Coalition Action,≤100
114625730266879,Republican Voters Against Trump,Defending Democracy Together,≤100
118502801658228,Young Kim,Young Kim for Congress,≤100
9364828262,Citizens Against Government Waste,COUNCIL FOR CITIZENS AGAINST GOVERNMENT WASTE,≤100
2330577043935831,Sara Gideon,SARA GIDEON FOR MAINE,≤100
228132537208218,Tammy Duckworth,TAMMY FOR ILLINOIS,≤100
6500552187,Hulu,"HULU, LLC",≤100
653079394725698,Aspiration,Aspiration,≤100
126694924050678,Xavier Becerra,Becerra for Attorney General 2022,≤100
166618413413767,Jay Sekulow,American Center for Law and Justice,≤100
429812024048177,Doug Jones for Senate,DOUG JONES FOR SENATE COMMITTEE,≤100
104934207736995,Paycheck to Paycheck,Center for American Progress Action Fund,≤100
112880207070872,Windows Roof Driveway,Kenji None Tomoda,≤100
788394134539871,USPS Business,United States Postal Service,≤100
103185334702225,Stop Trump PAC,STOP 45 PAC,≤100
294508332028,Lakota People's Law Project,ROMERO INSTITUTE,≤100
8550121410,Free Speech America Project,MEDIA RESEARCH CENTER,≤100
46093654473,National Republican Congressional Committee,NRCC,≤100
580610428636345,Fight for $15,Fight for $15,≤100
105929991030423,My Freedom Jersey,"My Freedom Jersey, LLP",≤100
7833534974,Florida Democratic Party,Florida Democratic Party,≤100
27544763621,Prison Fellowship,Prison Fellowship,≤100
342887442508723,Convention of States,Convention of States Action,≤100
21559454473,FAIR,FEDERATION FOR AMERICAN IMMIGRATION REFORM,≤100
107150077720746,American Collectibles,Christopher Walter Adams,≤100
103162411257510,Trumplican,USA Movements,≤100
150452905455,Andrew Klavan,The Daily Wire,≤100
1316372698453411,Alexandria Ocasio-Cortez,Alexandria Ocasio-Cortez for Congress,≤100
19972147679,SEIU,SEIU,≤100
109295990419284,Esther For Congress,ESTHER FOR CONGRESS,≤100
257019421075897,Cory Gardner,Cory Gardner for Senate,≤100
359477377917,American Federation for Children,American Federation for Children,≤100
169710960125365,Curzio Research,Curzio Research Inc.,≤100
73970658023,International Rescue Committee,International Rescue Committee,≤100
18709174006,National Audubon Society,"NATIONAL AUDUBON SOCIETY, INC.",≤100
21375324480,The Heritage Foundation,HERITAGE FOUNDATION (THE),≤100
106114264313679,Hunt The Vote,"Hunter Nation, Inc",≤100
2012750189007245,Liquid Death Mountain Water,Liquid Death,≤100
111506250582498,Keeping Our Homes Safe,Steve San,≤100
215968684159,AFT - American Federation of Teachers,American Federation of Teachers,≤100
209516845093,NRDC Action Fund,NRDC Action Fund,≤100
1556932204325823,ProgressPop,ProgressPop,≤100
12301006942,Democratic Party,DNC SERVICES CORP./DEM. NAT'L COMMITTEE,≤100
1010143499143169,Medicare Savings,"Mayo Labs, LLC",≤100
101591551371555,Fire Mitch. Save America.,SAVE AMERICA FUND,≤100
110177119192569,Knightscope,William Li,≤100
607626319739286,Black Voices for Trump,TRUMP MAKE AMERICA GREAT AGAIN COMMITTEE,≤100
80562389320,NARAL Pro-Choice America,NARAL Pro-Choice America,≤100
115379705206001,U.S. Department of Homeland Security Blue Campaign,DHS Blue Campaign,≤100
103644036958,United Association,United Association Political Education Committee,≤100
118303441570966,Home Ownership Matters,NATIONAL ASSOCIATION OF REALTORS,≤100
224684514243482,Tom Cotton,"COTTON FOR SENATE, INC.",≤100
1055873511190792,Hello Resistance,Hello Resistance Apparel,≤100
1799282383731277,TwoSeventy,Alexander Jared Deutsch,≤100
420785874975425,Conservative Institute,The Conservative Institute,≤100
142665849854371,House Freedom,HOUSE FREEDOM FUND,≤100
317284821682168,Messianic Jewish Alliance of America (MJAA),Messianic Jewish Alliance of America,≤100
169130743498585,Tactical Pro Supply,Chad Keller,≤100
171651620209487,Brady PAC,Brady Pac,≤100
36474716066,Color Of Change,ColorofChange.org,≤100
1754859074566368,Tonya Pfaff for Indiana,Elect Tonya Pfaff,≤100
15239367801,The Wilderness Society,"WILDERNESS SOCIETY, THE",≤100
17023576156,The Leadership Conference on Civil and Human Rights,The Leadership Conference on Civil and Human Rights,≤100
775525186130124,Center for a Free Economy,Center for a Free Economy,≤100
42872222699,Dana Loesch,Dana Loesch Radio,≤100
202626512363,U.S. Census Bureau,These ads ran without a disclaimer,≤100
971668776283950,PolicyEd,Hoover Institution,≤100
129255907131113,NumbersUSA,NUMBERSUSA EDUCATION AND RESEARCH FOUNDATION,≤100
259130650776119,Mitch McConnell,MCCONNELL SENATE COMMITTEE,≤100
329284771298646,Issue One Action,Issue One Action,≤100
586751814690068,Joni Ernst,Joni for Iowa,≤100
85273022315,NAMI,NAMI,≤100
206247402752122,Indiana Elite,Kathleen Marie Mc Clure,≤100
1526736227567131,TrueCoverage,True Coverage,≤100
1852520761657982,4ocean,4ocean,≤100
169294473121454,Policetees.com,PoliceTees.com,≤100
140357056032320,NEA Today,National Education Association,≤100
89757739264,Farm Credit,Farm Credit Council,≤100
376776419037747,Turning Point USA,Turning Point USA,≤100
206677396413254,Abortion On Our Own Terms,Abortion On Our Own Terms,≤100
101209614956892,Take A Stand,Andrew Joseph Young,≤100
907919839243616,My Faith Votes,My Faith Votes,≤100
1228396643984955,Michelle Steel,Michelle Steel for Congress,≤100
24481937944,Theodore Roosevelt Conservation Partnership,"THEODORE ROOSEVELT CONSERVATION PARTNERSHIP, INC",≤100
302182941354,AARP Advocates,AARP,≤100
107150077720746,American Collectibles,Proud Patriots,≤100
1628679613829742,Josh Hicks,Josh Hicks for Congress,≤100
111278008942618,Wicked Clothes,Wicked Clothes,≤100
655065784538368,PredictIt,"PredictIt - Prediction Markets. A project of Victoria University of Wellington, PredictIt has been established to facilitate research into the way markets forecast events.",≤100
49651563727,Live Action,Live Action,≤100
149081336362,AmeriCorps VISTA,Corporation for National and Community Service,≤100
2037695643113766,Blexit,Blexit Foundation,≤100
19342050934,Leadership Institute,LEADERSHIP INSTITUTE INC,≤100
1234251319933440,Exclusive Apparel,The Dude's Threads,≤100
108794587327155,Good Programs 2020,Trevor Dale Seaks,≤100
7263476274,Mercy Corps,Mercy Corps,≤100
35169196082,Project HOPE,"PROJECT HOPE-THE PEOPLE-TO-PEOPLE HEALTH FOUNDATION, INC.",≤100
113563323745924,Keep America Great,Keep America Great,≤100
706716899745696,Women for Trump,TRUMP MAKE AMERICA GREAT AGAIN COMMITTEE,≤100
493811210669780,Creative Action Network,Creative Action Network,≤100
172758932738142,PhRMA,PHARMACEUTICAL RESEARCH AND MANUFACTURERS OF AMERICA,≤100
69039563201,Open Doors USA,"OPEN DOORS WITH BROTHER ANDREW, INC.",≤100
69983322463,Ted Cruz,TED CRUZ FOR SENATE,≤100
186932688457686,CHNGE,CHNGE,≤100
109092142462587,Adam Schiff,SCHIFF FOR CONGRESS,≤100
179513292162226,American History TV,C-SPAN,≤100
215830238462422,The LIBRE Initiative,The Libre Initiative,≤100
911828698840246,ReLEntless Defender Apparel,ReLEntless Defender Apparel,≤100
163302087408673,Stop The Donald,Stop the Donald,≤100
109360297266116,Fearless Patriot,TERESA NONE OHARA-MARSH,≤100
109788797242679,The Patriot Circle,Kin Ngai Yeung,≤100
105732744375701,Steve Bullock,MONTANANS FOR BULLOCK,≤100
168051710543266,Lacy Johnson,Lacy Johnson for Congress,≤100
153678684700451,American Investment Council,AMERICAN INVESTMENT COUNCIL,≤100
593289284500311,Trump Rack,BOXD Marketing,≤100
1530883997194411,United States Constitution,Flag and Cross,≤100
389002298352371,American Senior Benefits,John M Davis,≤100
612701059241880,Latinos for Trump,TRUMP MAKE AMERICA GREAT AGAIN COMMITTEE,≤100
97493741436,John W. Hickenlooper,HICKENLOOPER FOR COLORADO,≤100
107589664099282,Stand Up To China,"Stand Up To China, Inc.",≤100
11791104453,NRDC,Natural Resources Defense Council,≤100
10498053716,Media Research Center,MEDIA RESEARCH CENTER,≤100
419237048158257,Susan Collins,COLLINS FOR SENATOR,≤100
203550842430,Mike Lee,FRIENDS OF MIKE LEE INC,≤100
83290028957,Care Net,CARE NET,≤100
605168822998856,314 Action,314 ACTION FUND,≤100
303167829786891,Ed Markey,THE MARKEY COMMITTEE,≤100
105577974544303,The USA Needs More Patriots,AmeriPolling,≤100
333710103706307,Giffords,GIFFORDS PAC,≤100
1934191280189700,Health Care Voter,Health Care Voter,≤100
53541257714,The Arc of the United States,The Arc with Facebook Ad Credits,≤100
110746996993983,The 'Gander Newsroom,Courier Newsroom,≤100
894096170667732,Ashley Hinson,Ashley Hinson For Congress,≤100
496696933682736,Jeff Merkley,JEFF MERKLEY FOR OREGON,≤100
934438026690635,YouGov,YOUGOV AMERICA INC.,≤100
106949844346620,Trumpian Republicans,Gregory Lawrence Burright,≤100
143729616392084,Van Drew for Congress,Van Drew for Congress,≤100
105060269781,Premiere Collectibles,"Premiere Marketing, Inc.",≤100
1005566252861190,VOTEPROCHOICE,DEMOCRATS.COM,≤100
465483726908192,iVote,IVote Civic Education Fund,≤100
1690071827911682,Cleancult,cleancult,≤100
167436749970543,Right to Life of Southwest Indiana,Right to Life of Southwest Indiana,≤100
892673067526965,Project War Path,Project War Path,≤100
259212814698356,Democratic Majority for Israel,DMFI PAC,≤100
128958937175029,Trivia Today,Benjamin Aaron Perlman,≤100
142370046577999,Shahid Buttar for Congress,Shahid Buttar for Congress Committee,≤100
109111900634787,Reverend Raphael Warnock,WARNOCK FOR GEORGIA,≤100
92021268117,Working America,Working America,≤100
29770886815,Marijuana Policy Project,Marijuana Policy Project,≤100
6820348410,Kirsten Gillibrand,Off the Sidelines,≤100
223055747744143,Beto O'Rourke,Powered By People,≤100
2078647579047586,Project Pulso,Project Pulso,≤100
356482637745012,Stansberry Research,Stansberry Research,≤100
248181906078243,National Institute for Civil Discourse,CommonSense American,≤100
30914589895,The International Fellowship of Christians and Jews,"INTERNATIONAL FELLOWSHIP OF CHRISTIANS & JEWS, INC.",≤100
408250066356,Bill O'Reilly,"Bill Me, Inc.",≤100
103801844298982,Team Collins,COLLINS FOR SENATOR,≤100
116924065002990,Indiana Democratic Party,INDIANA DEMOCRATIC CONGRESSIONAL VICTORY COMMITTEE,≤100
1600352356914768,PushBlack,PushBlack,≤100
149576021182,Indiana Right to Life,Indiana Right to Life,≤100
79125112926,Students for Life of America,"STUDENTS FOR LIFE OF AMERICA, INC.",≤100
351010522286316,Dakota Access Pipeline,Energy Transfer,≤100
134452023239984,Human Coalition,Human Coalition,≤100
192771954102960,Jordan Sekulow,American Center for Law and Justice,≤100
39910576365,National Alliance for Public Charter Schools,NATIONAL ALLIANCE FOR PUBLIC CHARTER SCHOOLS,≤100
102592959026,Ocean Conservancy,"OCEAN CONSERVANCY, INC.",≤100
308159713150350,Voter Protection Project,VOTER PROTECTION PROJECT,≤100
375760676281438,Mermaid Straw,Mermaid Straw,≤100
592707041080920,Stand Together,Stand Together Chamber of Commerce Inc.,≤100
814260155318929,The Fairness Project,The Fairness Project,≤100
6236054211,Brady,Brady Campaign to Prevent Gun Violence,≤100
15041226930,Oxfam,"OXFAM AMERICA, INC.",≤100
113666459994300,Big Dan Rodimer for Congress,RODIMER FOR CONGRESS,≤100
281844617168,Jewish Voice Ministries International,JEWISH VOICE MINISTRIES INTERNATIONAL,≤100
216709768355686,Dinesh D'Souza,America2020 Film LLC,≤100
963696287027083,Americans for Transportation Mobility Coalition,Maurice Alan Tobin,≤100
142992759853421,Be A Hero,BE A HERO PAC,≤100
780941275347834,Ilhan Omar,ILHAN FOR CONGRESS,≤100
105084617912738,PatriotQuizzes,patriotquizzes.com,≤100
166166843531258,National Council of Resistance of Iran - شورای ملی مقاومت ایران,MEK-Iran (Saeid Saadati),≤100
107398241021186,The John Lewis Bridge Project,John Lewis Bridge Project,≤100
105060677844787,Bill Savings,Bill Savings,≤100
16477459734,League of Conservation Voters,"LEAGUE OF CONSERVATION VOTERS, INC",≤100
111428049989,Cal Cunningham,CAL FOR NC,≤100
158791100909689,Concerned Veterans for America,Concerned Veterans for America,≤100
834645469890446,Devin Nunes,DEVIN NUNES CAMPAIGN COMMITTEE,≤100
135298176481584,Marine Corps Scholarship Foundation,Marine Corps Scholarship Foundation,≤100
101165966152,AFL-CIO,AFL-CIO,≤100
1338822066131069,Women's March,Women's March,≤100
199756330090514,Solar United Neighbors,Solar United Neighbors,≤100
953113491536337,Black to the Future Action Fund,Black to the Future Action Fund,≤100
1765073800454902,Reform Austin,Reform Austin Inc.,≤100
2225580284361712,Tommy Tuberville,"TUBERVILLE FOR SENATE, INC.",≤100
176466646087311,DC Fawcett,Donald Chappell Fawcett,≤100
101136147910784,Represent Justice,Represent Justice,≤100
8321461609,MomsRising.org,MomsRising Together,≤100
673117639774135,Gretchen Whitmer,Gretchen Whitmer for Governor,≤100
596556607135301,The Earthling Co.,The Earthling Co.,≤100
349722662249360,Hoosiers for Clean Energy,Mass Ave Public Relations,≤100
277414242013,Joyce Elliott for Congress,JOYCE ELLIOTT FOR CONGRESS,≤100
111155977283079,My Medication Rights,Pharmaceutical Printed Literature Association,≤100
443329669123990,USAFacts,USAFacts Institute,≤100
470241276500901,Women Vote,WOMEN VOTE!,≤100
102745147891580,Trump Coolers,Eric Clifford Juels,≤100
101711647861192,Ashley Klein 2020,Hoosiers for Ashley Klein,≤100
228754857151053,House Majority PAC,House Majority PAC,≤100
143089732792,Marsha Blackburn,Blackburn Tennessee Victory Fund,≤100
129523843754764,Vote Smart,PROJECT VOTE SMART,≤100
1099478666810053,Meals For Pets,Meals for Pets,≤100
1551109418518461,The Honest Patriot,Amundson Media LLC,≤100
745910525468062,National Center on Sexual Exploitation,National Center on Sexual Exploitation,≤100
5720973755,Defenders of Wildlife,DEFENDERS OF WILDLIFE,≤100
1204754733024419,People's Power Grab,ACRONYM,≤100
253791814655400,Doug Collins,"COLLINS FOR SENATE, INC.",≤100
87777747127,Greg Palast,Palast Investigative Fund,≤100
105536127617594,The American Digest,The American Digest,≤100
23790541544,Democrats,DCCC,≤100
1389807071117013,Lynn Afendoulis,Lynn Afendoulis for Congress,≤100
316887658336677,My Control Card,"NETSPEND HOLDINGS, INC.",≤100
505611609823540,Campus Action for Democracy,Hoosier Action,≤100
72931140459,Center for Biological Diversity,"CENTER FOR BIOLOGICAL DIVERSITY, INC.",≤100
223008867858902,American Action News,American Action News,≤100
331037760381749,Sierra Magazine,SIERRA CLUB,≤100
100101018155207,Paid Leave for All,Paid Leave for All a project of Hopewell Fund,≤100
785936231584382,Paula Jean Swearengin,Paula Jean for West Virginia,≤100
104178704279594,Main St. First,Resource Media,≤100
34521916336,Brent Bozell,MEDIA RESEARCH CENTER,≤100
201956993160690,MRCTV,MEDIA RESEARCH CENTER,≤100
21647204289,Michigan Education Association,Michigan Education Association,≤100
683872625157265,Theresa Greenfield,THERESA GREENFIELD FOR IOWA,≤100
55549065733,Voto Latino,VOTO LATINO INC.,≤100
231518367314146,Kim Olson for Congress,KIMFORCONGRESS,≤100
169277310432049,"Texas Precision Optics, Inc.",Texas Precision Optics Inc,≤100
102636677971854,Trump Is The Storm,Legendary Trump Coins,≤100
518194348194441,RepresentUs,RepresentUs,≤100
2339203789732156,Kim Mangone for Congress,COMMITTEE TO ELECT KIM MANGONE FOR CONGRESS,≤100
357554791340788,Liker,Omar Rivero,≤100
106003594486756,Standing Up Together,Annie Wang,≤100
130467958471,Jason Lewis,Jason Lewis for Senate,≤100
6820348410,Kirsten Gillibrand,Gillibrand for Senate,≤100
107439427661844,Accountable Tech,Accountable Tech,≤100
109678580574253,Politicool Clothing Co.,PolitiCoolClothing.com,≤100
108204035866609,Democrats For Life of America (DFLA),DEMOCRATS FOR LIFE OF AMERICA INC,≤100
275908853303174,Pro-Israel America,Pro-Israel America United,≤100
794490553914304,Dr. Nina Ansary,"Revela Press, LLC",≤100
291102898490822,Giant Maga Hat,Inventors club LLC,≤100
292351509697,Jerusalem Prayer Team,Jerusalem Prayer Team,≤100
143986912311328,University of Vermont Continuing and Distance Education,University of Vermont,≤100
114386721939978,The Made in America Store,Made In America Store,≤100
1439364926329185,Animal Matters,Animal Matters,≤100
1695950424027488,Andy Hallinan,Andrew Lawrence Hallinan,≤100
51379424899,Mercy Ships,MERCY SHIPS INTERNATIONAL,≤100
19746387261,Humane Society International,Humane Society International,≤100
326944440680400,Chris Bauman,Chris Bauman for Congress,≤100
181924628560212,SumOfUs,SumOfUs,≤100
266145305529,Henry Holt,"Macmillan Holdings, LLC",≤100
112164673854264,Living Patriotically,Living Patriotically,≤100
290851614930809,Combat AntiSemitism,Combat Anti-Semitism,≤100
102756811269921,Fellow Americans,Fellow Americans,≤100
108152933883451,TrumpTrendz,Troy Lorenzo Davis,≤100
249455845761285,Lindsey Must Go,LMG PAC,≤100
50982313030,Food & Water Watch,Food & Water Watch,≤100
345378512258813,Elise Stefanik,ELISE FOR CONGRESS,≤100
219247332354785,Phil Arballo for Congress,ARBALLO FOR CONGRESS,≤100
58158120046,ACLJ,American Center for Law and Justice,≤100
393076844046051,Progressive Caucus,CONGRESSIONAL PROGRESSIVE CAUCUS PAC,≤100
21395843375,Dialysis Patient Citizens,DIALYSIS PATIENT CITIZENS INC,≤100
112325855474892,Speak Up For Education and Kids,National Education Association,≤100
1613516851999536,Sunrise Movement,Sunrise,≤100
108512875350,The Atlas Society,The Atlas Society,≤100
7962229886,Environmental Working Group,ENVIRONMENTAL WORKING GROUP,≤100
221401431386940,Pramila Jayapal,PRAMILA FOR CONGRESS,≤100
336470580233523,Pins and Aces Golf Co.,US Craft Brands LLC,≤100
105010030848236,Bryant Cameron Webb,DR. CAMERON WEBB FOR CONGRESS,≤100
112735922758892,Charlie Kirk,Charlie Kirk,≤100
8934429638,Planned Parenthood Action,Planned Parenthood Votes,≤100
20876805343,March of Dimes,MARCH OF DIMES INC.,≤100
169597416843751,Stand Up America,Stand Up America,≤100
950998258312654,Knowhere,"Knowhere, Inc.",≤100
110018833813683,Flip the Senate,SMP,≤100
2014519985445047,Clean Jobs Midwest,Resource Media,≤100
183517831660100,Morning Consult,Morning Consult LLC,≤100
21834534343,Volunteers of America,"VOLUNTEERS OF AMERICA, INC.",≤100
197760674021143,Indivisible Guide,INDIVISIBLE ACTION,≤100
384557995468219,Viral Casez,Viral Casez,≤100
1679521432262834,Physicians Grassroots Network,American Medical Association,≤100
102617961152741,Barbara Bollier,BOLLIER FOR KANSAS,≤100
172298889630363,Republican Attorneys General Association,REPUBLICAN ATTORNEYS GENERAL ASSOCIATION,≤100
1653885501501009,Propeller,Propeller Enterprises,≤100
629732217415068,Republican Party,Greater Half,≤100
306960616436336,Chris For Vigo,Chris for Vigo,≤100
105557940990671,Ryan Webb For County Council,Ryan Scott Webb,≤100
235762319779450,Omar Navarro,OMAR NAVARRO FOR CONGRESS,≤100
178024352559210,Great America PAC,GREAT AMERICA PAC,≤100
2283535575207809,Ditch Mitch,DITCH FUND,≤100
660064074075637,Rabbi David-Seth Kirshner,Davidseth M Kirshner,≤100
15351475322,Cathy McMorris Rodgers,Cathy McMorris Rodgers for Congress,≤100
282861997886,Majority Leader Steny Hoyer,House Majority Leader Steny Hoyer (MD05),≤100
210277954204,The Young Turks,"The Young Turks, Inc.",≤100
173470656019870,The Daily Yonder,Great Stories LLC,≤100
10150100007820094,Wendy Davis,WENDY DAVIS FOR CONGRESS,≤100
628891490457484,Nancy Mace,Nancy Mace for Congress,≤100
103235554648484,Elect Scientists,314 ACTION FUND,≤100
601108943431836,The Flip Side,TFS Inc,≤100
313097997669,StreetLightUSA,StreetLightUSA,≤100
159597424207730,David Perdue,PERDUE FOR SENATE,≤100
194115677277113,A21,A21 with Facebook Ad Credits,≤100
1447994318779650,AirMedCare Network,AIrMedCare Network,≤100
108620667163768,For Our Future,Resource Media,≤100
1268410219898273,Tango Tango,Tango Tango Inc,≤100
723136714746586,The Common Ground Project,"The Common Ground Project, Inc",≤100
911845658833043,I Am An Immigrant,FWD.us Education Fund,≤100
112058837201547,Black Lives Matter Merch,Black Lives Matter Merch,≤100
300992409852,Hoover Institution,Hoover Institution,≤100
109200595768753,The Christian Left,The Christian Left,≤100
61265398450,AmeriCorps NCCC,Corporation for National and Community Service,≤100
158734417875178,RC Thomas Company,RC Thomas,≤100
74508408221,Dr. Joanne Bagshaw,"Joanne Bagshaw, PhD, LCPC",≤100
13063797831,Ben Ray Luján,PEOPLE FOR BEN,≤100
896759427103774,Modern Medicaid Alliance,Modern Medicaid Alliance,≤100
117058854998779,The Gideons International,"GIDEONS INTERNATIONAL, THE",≤100
1545826148838592,Trump 2020,Gregory Lawrence Burright,≤100
2081864865362439,Mike Espy,MIKE ESPY FOR SENATE CAMPAIGN COMMITTEE,≤100
100401327980848,National Parents Union,National Parents Union,≤100
17432811417,Working Families Party,Working Families Party National Independent Expenditure Committee,≤100
396932197039819,SafeSleeve,"SafeSleeve, LLC",≤100
1580455205581813,Justice Matters,"Justice Matters, INC.",≤100
175797376373,"WaterFurnace Geothermal Heating, Cooling & Hot Water","WATERFURNACE INTERNATIONAL, INC.",≤100
111702860231554,Matt Lieberman,Matt Lieberman for Senate,≤100
717417908274761,Lady Freethinker,Lady Freethinker,≤100
112600915451330,No Labels,No Labels,≤100
106402714456835,Trees 4 Australia,Trees4Australia,≤100
1636216106590985,Josh Hawley,JOSH HAWLEY FOR SENATE,≤100
7219151423,The Fund for American Studies (TFAS),The Fund for American Studies,≤100
237477017606,Club for Growth,Club for Growth,≤100
394817334402124,2020 Trump Bill,Innovative Ecomm LLC,≤100
546066468753446,Black Health Matters,BLACK HEALTH MATTERS FOUNDATION INC,≤100
207951142571473,National Mutual Benefit,National Mutual Benefit,≤100
232201568659,Pacific Justice Institute,PACIFIC JUSTICE INSTITUTE,≤100
305894606423160,ParentsTogether,ParentsTogether,≤100
255486647814076,Penguin Kids,Penguin Random House,≤100
73528878871,Center for Reproductive Rights,Center for Reproductive Rights,≤100
105610970947657,MY 2A GEAR,Leon Mckensizy Dunn,≤100
184072721624475,"Besomebody, Inc.",Besomebody Inc,≤100
107953199261156,ifaw,"INTERNATIONAL FUND FOR ANIMAL WELFARE, INC.",≤100
469609533112889,iDisciple,iDisciple,≤100
197908256931216,Tim Ryan,TIM RYAN FOR CONGRESS,≤100
467917923411955,Dale Nowlin for State Rep,Committee to Elect Dale Nowlin for State Rep,≤100
119953292796,Jim Banks for Congress,"JIM BANKS FOR CONGRESS, INC.",≤100
681626158940626,Mission Roll Call,Americas Warrior Partnership,≤100
543066585882629,Libertarian Country,Libertarian Country,≤100
1449461518652183,4Patriots,4Patriots LLC,≤100
2011677365822396,Ground News,Snapwise Inc.,≤100
115329081886838,I'm for Mike Moore,I'm for Mike Moore,≤100
2146201085498440,Tony Gonzales,Tony Gonzales for Congress,≤100
106114264313679,Hunt The Vote,"Hunter Nation, Inc.",≤100
8936818385,Accuracy in Media,"ACCURACY IN MEDIA, INC",≤100
2259323457517498,Abolish the Electoral College,ABOLISH THE ELECTORAL COLLEGE,≤100
2295062210811244,Coalition for American Veterans,COALITION FOR AMERICAN VETERANS POLITICAL ACTION COMMITTEE,≤100
407664862957433,Ammar Campa-Najjar for Congress,AMMAR CAMPA-NAJJAR FOR CONGRESS,≤100
101391906600,Live Action News,Live Action News,≤100
102330281223041,Tradewater,"Tradewater, LLC",≤100
53727956260,Republican Jewish Coalition,Republican Jewish Coalition,≤100
166738743732702,All Above All Action,All Above All Action Fund,≤100
101724361319410,Ronny Jackson for U.S. Congress TX-13,Texans for Ronny Jackson,≤100
103131054573692,Crawfordology,Crawfordology,≤100
131217580266597,National Council on Aging,"NATIONAL COUNCIL ON AGING, INC.",≤100
1682876188698809,United for Respect,United for Respect,≤100
1667892193505378,Hold the House,HOLD THE HOUSE PAC,≤100
675471506247724,Adair for Congress,ADAIR FOR CONGRESS,≤100
103531607822207,Noticias para Inmigrantes,"Wise Rock Media, PBC",≤100
1205124206245013,Movement for a People's Party,People for a Working Democracy,≤100
592347634460462,Partnership for America's Health Care Future,Partnership for America's Health Care Future,≤100
374848446414965,Pollking,Benjamin Aaron Perlman,≤100
199826043375900,Larry Hogan,An America United,≤100
419992651425033,Guardianes del Pueblo-Consumer Law Group,Consumer Law Group,≤100
173837496125511,Conscious Step,Conscious Step,≤100
219224241438635,Compassion & Choices,COMPASSION & CHOICES,≤100
104504438466,Federal Voting Assistance Program - FVAP,Federal Voting Assistance Program,≤100
217976018236954,OutKick,Outkick Media LLC,≤100
153278754738777,Climate Reality,The Climate Reality Project,≤100
102540204580217,UpNorthNews,Courier Newsroom,≤100
101442908124605,Liberty Surveys,Liberty Surveys,≤100
830890360316751,Nick Hanauer,Civic Action,≤100
344690446467832,The Copper Courier,Courier Newsroom,≤100
111772843789224,HURD PAC,HAVING UNWAVERING RESOLVE AND DETERMINATION PAC,≤100
51405613519,Focus on the Family,Focus on the Family,≤100
162493793737,Rick Green,Richard Arlin Green,≤100
341513602902369,CALL TO ACTIVISM,CALL TO ACTIVISM,≤100
152264148166020,Moms Clean Air Force,Moms Clean Air Force,≤100
1612726335627171,We the Internet TV,We the Internet TV,≤100
369214063089791,Lummis for Wyoming,LUMMIS FOR WYOMING INC.,≤100
67626834312,National Women's Law Center,National Women's Law Center,≤100
497081420632330,Hiral Tipirneni,HIRAL FOR CONGRESS,≤100
210357995667559,The National Memo,The National Memo,≤100
2165983337048601,LeverforChange,Lever for Change,≤100
278487153675,Redneck Nation Clothing,Tracie Milliron Gold,≤100
80433353285,Taradel LLC,Taradel,≤100
1733918116873254,BackWoods Mafia,Landon David Turner,≤100
463095630924391,US Business Funding,Credox,≤100
420424547981908,In Search of Liberty,Scott Dennis Welch,≤100
203330919857759,All On The Line,National Redistricting Action Fund,≤100
1528498354074301,Punching Bag Media - Conservative News,Sean Michael Probber,≤100
141692255929599,Democratic Socialists of America,DEMOCRATIC SOCIALISTS OF AMERICA INC,≤100
114475890010131,Piggy Dollar Financial,Tyler Wayne Hedland,≤100
357275101142388,Everglades-Trust,"EVERGLADES TRUST INC, THE",≤100
617323772010662,Tre Productions,Floyd Allen Holland,≤100
90498769709,Edenpure,EdenPURE®,≤100
107210084216238,Humanity Forward,Humanity Forward,≤100
872842866161157,One Nation Design,One Nation Design,≤100
117641114435,First Aid Beauty,First Aid Beauty,≤100
100123544800892,Disme Coin Company,Byron Michael Laughlin,≤100
541807025833154,Malala Fund,Malala Fund,≤100
7100914121,American Experience | PBS,WGBH EDUCATIONAL FOUNDATION,≤100
99033391274,Brian Kemp,Kemp for Governor Inc,≤100
1438882392887793,ADF Church Alliance,Alliance Defending Freedom,≤100
113313830408238,Drain The Swamp Collection,Drain The Swamp Collection,≤100
551158678560402,Epimonia,Epimonia LLC,≤100
46396911959,Bethany Christian Services,Bethany Christian Services,≤100
198875903295,Trek Bicycle,TREK BICYCLE CORPORATION,≤100
2401099560163263,VibeFront,VibeFront,≤100
109449563939515,Susan for 7th District,Friends of Susan Marie Smith,≤100
242679302418244,Denison Forum,Denison Ministries,≤100
313723095478950,The Daily Citizen,Focus on the Family,≤100
107665644228467,Conservative Journal Review,Conservative Journal Review LLC,≤100
105222917615301,Jen Richardson for Congress,CITIZENS FOR JEN RICHARDSON,≤100
262138411622,Faces of Lawsuit Abuse,US Chamber Institute for Legal Reform,≤100
100535808394168,Patriots For Freedom,I Love My Freedom,≤100
44705166993,Vote.org,Vote.Org,≤100
110089227413037,The Prepared Patriot,Edward Ha,≤100
324119001078997,"Sanford Heisler Sharp, LLP","Sanford Heisler Sharp, LLP",≤100
156789668448705,Loretta Barnes for Indiana House,Committee to Elect Loretta Barnes,≤100
108503659576,National Coalition for Public School Options,National Coalition for Public School Options,≤100
110892757171221,Steve Koester for Judge,Stephen J Koester,≤100
780606555331010,American Student Loan Advocate,ASLR Marketing,≤100
121626482110,Operation Smile,"OPERATION SMILE, INC.",≤100
979720542211350,Humanize Being Black,Keyshun Quantarious Holmes,≤100
265045056894488,Mark Meckler,Convention of States Action,≤100
21492729544,Catholic Relief Services,CATHOLIC RELIEF SERVICES - UNITED STATES CONFERENCE OF CATHOLIC BISHOPS,≤100
219242560293,Meals on Wheels America,Meals on Wheels,≤100
101329438317952,Story Network Action,Story Network Foundation,≤100
260754507296508,The Voter Participation Center,Voter Participation Center,≤100
104881317722736,Get-It-Out,Matthew Justin Viles,≤100
139607626096080,Indiana Electric Cooperatives,Indiana Electric Cooperatives,≤100
116546288359245,Heritage Action for America,HERITAGE ACTION FOR AMERICA,≤100
288110884600563,Lean In,"Sheryl Sandberg & Dave Goldberg Family Foundation d/b/a LeanIn.Org, LLC",≤100
103376804451432,Trending Politics,Making Web LLC,≤100
96171427550,Raja for Congress,FRIENDS OF RAJA FOR CONGRESS,≤100
104505064408799,Cove USA,"Cove USA, LLC",≤100
333081284065216,Brynne Kennedy for Congress,BRYNNE KENNEDY FOR CONGRESS,≤100
7735858972,Humane Society Legislative Fund,Humane Society Legislative Fund,≤100
114367169942433,Illinois Real ID,Illinois Real ID,≤100
59877921429,Lutheran Immigration and Refugee Service,"LUTHERAN IMMIGRATION AND REFUGEE SERVICE, INC.",≤100
11111618026,Union of Concerned Scientists,"UNION OF CONCERNED SCIENTISTS, INC.",≤100
1800072483402009,African Community & Conservation Foundation,African Community & Conservation Foundation,≤100
1668350569891953,Rainbow Movement,William James Ulrich,≤100
359780944896828,American Lodestar,Polaris Media Lab LLC,≤100
213289449057297,THE HILLS BOYS,Oscar Hills,≤100
102303321149005,Accountable For Equality,Accountable for Equality,≤100
1640970822834351,Plaine Products,Plaine Products,≤100
121033149320,American Indian College Fund,"AMERICAN INDIAN COLLEGE FUND, THE",≤100
123963360928,SiriusXM,SIRIUS XM RADIO INC.,≤100
30708742052,FCTRY,FCTRY,≤100
160630887998827,Let Them Live,Let Them Live,≤100
54787697857,Ron Wyden,WYDEN FOR SENATE,≤100
181183059253295,Dorsal Bracelets,Dorsal Bracelets,≤100
105433064492153,The Return 2020,The Return International,≤100
100757515012464,Native American Reparation Act,Andrew Arthur Lehti,≤100
2707134102637529,Rep. Josh Harder,Congressman Josh Harder,≤100
1003562459729504,Transportation Nation Network,Transportation Nation Network,≤100
1050320055029012,Outrider Foundation,OUTRIDER FOUNDATION,≤100
104329844668,American Bar Association,These ads ran without a disclaimer,≤100
100959774775932,Moisant for District Judge,Steve Verzwyvelt Jr.,≤100
1224429014390746,Catalysts,Freethink,≤100
111941237005726,Just The News,Just the News,≤100
61288747990,Real Warriors,Real Warriors Campaign,≤100
104616490980324,John Westercamp for Attorney General,Friends of John Westercamp,≤100
105283560949571,Trump 2024 Film,2024 LLC,≤100
325578590837480,Obamacare,Sixteen Thirty Fund,≤100
313779779310461,Diabetic Sock Club,Samantha Rees Ledford,≤100
83865976093,Truthout,TRUTHOUT,≤100
101913871155146,Elena Oelke For Congress,ELENA OELKE FOR CONGRESS,≤100
111495005590988,Pattern,Pattern Energy,≤100
422202764649078,Rhode Island Department of Education - RIDE,Rhode Island Department of Education,≤100
12683623041,Society for Human Resource Management (SHRM),SOCIETY FOR HUMAN RESOURCE MANAGEMENT,≤100
763491940427547,Roque  "Rocky"  De La Fuente,Rocky 101 LLC,≤100
186805048171120,U.S. & Texas LawShield,Texas LawShield,≤100
444843026057642,Born From A Wave,Born From A Wave LLC,≤100
124626320898336,Catholic Extension,"CATHOLIC CHURCH EXTENSION SOCIETY OF THE UNITED STATES OF AMERICA, THE",≤100
207549645977714,Families Belong Together,Families Belong Together,≤100
17203056985,Partners In Health,Partners In Health,≤100
93565224474,Mercy For Animals,MERCY FOR ANIMALS,≤100
115364585711,Lawyers' Committee for Civil Rights Under Law,Lawyers' Committee for Civil Rights Under the Law with Facebook Ad Credits,≤100
100424078224939,Dylan McHenry for State Representative,Friends of Dylan,≤100
49059279814,Institute for Justice,INSTITUTE FOR JUSTICE,≤100
248306181862385,Live Lokai,Denise L Reina,≤100
56332452163,AMA Patients Action Network,American Medical Association,≤100
1084856268238034,Trump Talking,Roberto None Lugo,≤100
18017481462,Acton Institute,Acton Institute,≤100
1402827079932843,Low Income Relief,The Lighthouse Information Network LLC,≤100
1443127535947107,Save the Children Action Network,Save the Children Action Network,≤100
205395906412,UAW International Union,"INTERNATIONAL UNION, UNITED AUTOMOBILE, AEROSPACE AND AGRICULTURAL IMPLEMENT WORKERS OF AM",≤100
1709145412721991,The Center for Growth and Opportunity at Utah State University,The Center for Growth and Opportunity,≤100
100119981671668,Blue Senate,BLUE SENATE PAC,≤100
6165653060,AFSCME,AMERICAN FEDERATION OF STATE COUNTY & MUNICIPAL EMPLOYEES,≤100
1370474066365196,F1RST WARRIOR,First Warrior,≤100
114041936953264,Lets Connect Everyone,Kyle Adam Ray,≤100
2049170775107862,Resistance By Design,Resistance By Design,≤100
587676831343390,Raheem AI,RAHEEM AI,≤100
1945837408977507,Michael Moates,-MICHAEL STEVEN MOATES,≤100
105331754570572,Presidents Mint,Kevin Ross Santiago,≤100
1774166319503581,Strong Women Society,Christopher John Smith,≤100
193899114458191,James Mackler,JAMES MACKLER FOR US SENATE,≤100
987698164585861,Citizen Ed,Citizen Education,≤100
162695894106234,Co-ops Vote,National Rural Electric Cooperative Association,≤100
105872574403318,Project TAMMI,a research grant at The National Center on Addiction and Substance Abuse (CASA),≤100
111970730196550,World War Zero,AMERICAN SECURITY PROJECT,≤100
294196590710262,FWD.us,FWD.us,≤100
11911627997,Pancreatic Cancer Action Network,"PANCREATIC CANCER ACTION NETWORK, INC.",≤100
38812906703,United Friends of the Children,United Friends of the Children,≤100
6334782252,Oceana,OCEANA,≤100
110948383618248,John Berry - Winning The Next Battle,Raoul Andre Davis,≤100
8002590959,Rainforest Action Network,RAINFOREST ACTION NETWORK,≤100
102827188107972,Anchor Out,These ads ran without a disclaimer,≤100
19474609238,Mercatus Center at George Mason University,Mercatus Center at George Mason University,≤100
171516669541491,Bright Hope,BRIGHT HOPE INTERNATIONAL,≤100
1654364364841305,Volinsky for New Hampshire,Volinsky for New Hampshire,≤100
102389457864860,Treehuggers Bracelets,ECOMX LLC,≤100
907787732640615,Curtis Hill,Curtis Hill for Indiana,≤100
110670127380554,Concealed USA,Priscilla Bethany Kennedy,≤100
211049239087028,Association of Young Americans,Benjamin J Brown,≤100
103495367946527,Progress for Randolph County,Barton Wayne Teeters,≤100
922580991129339,People's Mojahedin Organization of Iran - MEK IRAN,MEK-Iran (Saeid Saadati),≤100
260713150211,Protect Our Winters,Protect Our Winters,≤100
79820371749,Ayanna Pressley,THE COMMITTEE TO ELECT AYANNA PRESSLEY,≤100
114994916573293,CareForAllChildren,CareForAllChildren,≤100
100184714677097,Election Year Knockout,Exceptionull Games,≤100
56780242206,Agros International,Sierra Hana Golden,≤100
28446275521,Military Officers Association of America (MOAA),Military Officers Association of America,≤100
38897314734,The Trust for Public Land,"TRUST FOR PUBLIC LAND, THE",≤100
182079698493370,Portside,Portside,≤100
1683659714985244,Phil Ehr,EHR FOR CONGRESS,≤100
566008736785269,Be Heard Project,Be Heard Project,≤100
110849485902,United Way,United Way Worldwide with Facebook Ad Credits,≤100
102970113093477,Church Militant/St. Michael’s Media,Max Aldcander Douglas,≤100
249813266826,Environment North Carolina,"Environment America Research and Policy Center, Inc.",≤100
240290369507552,Bend the Arc Jewish Action,Bend the Arc: Jewish Action,≤100
417542331752173,Message,These ads ran without a disclaimer,≤100
1653251174924652,Fuzzu,Fuzzu,≤100
40912053758,Ohio Republican Party,Ohio Republican Party,≤100
7642602143,Mother Jones,FOUNDATION FOR NATIONAL PROGRESS,≤100
241869749851122,Parents Against Vaping e-cigs,Steven Koester,≤100
1925751504337881,MJ Hegar,MJ FOR TEXAS,≤100
222745994575140,Project ChildSafe,"NATIONAL SHOOTING SPORTS FOUNDATION, INC.",≤100
100968598130407,Tax Support Center,Mercedes Lease,≤100
1675319662786649,Clare Gallagher,Protect Our Winters,≤100
107698564046392,Lauren Boebert for Congress,LAUREN BOEBERT FOR CONGRESS,≤100
573084822773932,Joe Perkins for Circuit Judge Campaign Committee,Joe Perkins for Circuit Judge Campaign Committee,≤100
108090464296366,Republican Patriots,I Love My Freedom,≤100
747436915270894,Congressional Leadership Fund,CONGRESSIONAL LEADERSHIP FUND,≤100
113553048669158,Rick Scott,TEAM RICK SCOTT,≤100
145973965440671,Carnegie Corporation of New York,CARNEGIE CORPORATION OF NEW YORK,≤100
243947752771440,TJ Cox for Congress,TJ COX FOR CONGRESS,≤100
39432041915,Capital Research Center,CAPITAL RESEARCH CENTER INC,≤100
1658135304460341,MANG,MANG,≤100
114971076538782,The Keystone,Courier Newsroom,≤100
78420171887,Sailors for the Sea,SAILORS FOR THE SEAINC,≤100
44224524016,American Kidney Fund,"AMERICAN KIDNEY FUND, INC.",≤100
737686089933715,Conservative Collections,Mainline Media Group,≤100
157307331013957,The History List,The History List,≤100
169440273093442,The Center for Election Science,The Center for Election Science,≤100
455147011996099,The Ann and Phelim Scoop,The Unreported Story Society,≤100
24470472733,The Trevor Project,The Trevor Project,≤100
124386427623018,PeaceBeWithU,"BN Media, LLC",≤100
856086028066485,Persona,"Persona Media, Inc.",≤100
105287044367027,ObsessedwithTrump,Donald Lee Rowan,≤100
224143668537493,Better Care America,Better Care America,≤100
106868314285372,The Finance Kit,DYS Capital LLC,≤100
28510612138,Uncommon Knowledge,Hoover Institution,≤100
1518297238457643,Jeremiah Johnson Ministries,Jeremiah Johnson Ministries,≤100
346937065399354,Occupy Democrats,Omar Rivero,≤100
169204449790211,Conservative News Today,"BizPac Review, Inc.",≤100
394582097543668,"I, Pastafari Documentary","I, Pastafari Documentary",≤100
525171637666780,Sandy Piña California Delegate,RCR,≤100
808450969246896,"Rebecca Walser, Tax Attorney, CFP",Walser Wealth Management,≤100
101164484986617,To Be Frank Show,Real News PR,≤100
2392327931036570,Brightmark,Brightmark LLC,≤100
238008626268343,Israel365,Teach for Israel Inc,≤100
916908791847627,Prosperity Michigan,Prosperity Michigan,≤100
100543701730020,Against Hate at FSU,Against Hate at FSU,≤100
259212814698356,Democratic Majority for Israel,Democratic Majority for Israel,≤100
101352851565699,Somos PAC,SOMOS PAC,≤100
1654391474785866,Sybrina Fulton,"Sybrina Fulton for Miami-Dade County Commission, District 1, Nonpartisan",≤100
102175879855284,Harper Perennial,HARPERCOLLINS PUBLISHERS L.L.C.,≤100
156994304362574,American Bridge 21st Century,AB PAC,≤100
132210170171604,Ed Martin Automotive,Julie Ann Van Ameyde,≤100
110316697328742,People of Seniors Housing,People of Seniors Housing,≤100
911829795826330,Mark Penn Polls,AIRSNEXT Media,≤100
408252582872693,Daniella Levine Cava,"Daniella Levine Cava, Non-Partisan, for Miami-Dade County Mayor",≤100
680549575421741,UnitedVoice.com,"Beachside Media, Inc.",≤100
155443277896065,Dane Eagle,Dane Eagle For Congress,≤100
101127364972509,Dems For USA,Dems For USA,≤100
6713653788,Gary Peters,PETERS FOR MICHIGAN,≤100
103221954479261,Luke Bohm for State Senate,Luke M Bohm,≤100
119006106155684,PI Energy,Andrew P Chung,≤100
438678183588710,Ihssane For Congress,IHSSANE FOR CONGRESS,≤100
104684067632334,Unite the Country,UNITE THE COUNTRY,≤100
110987110398146,Make Liberty Win PAC,MAKE LIBERTY WIN,≤100
354211448620959,Alexandra Owensby For the People,ALEXANDRA OWENSBY FOR THE PEOPLE,≤100
279256605891946,CalmEffect,"Balance Marketing Group, LLC",≤100
105943157686335,Trust Michigan Families,TRUST MICHIGAN FAMILIES,≤100
148485621883625,40 Days for Life,40 Days for Life,≤100
1747132688647028,Democratic Association of Secretaries of State,Democratic Association of Secretaries of State,≤100
412739549455010,Karena Reiter,PrimaDonna Reeds,≤100
106333028376,"Nichols Kaster, PLLP",Nichols Kaster PLLP,≤100
129014217147120,Lark Health,These ads ran without a disclaimer,≤100
424443217623488,Clarion Project,Clarion Project,≤100
1397799040234106,OpinionUP,OpinionUP LLC,≤100
112475783730246,Defeat Disinfo,DEFEAT DISINFO PAC,≤100
1413682351987764,Andy Kim for Congress,Andy Kim for Congress,≤100
110849485902,United Way,United Way Worldwide,≤100
175403889150682,FindLaw.com,FindLaw Consumer,≤100
317667194946264,Ro Khanna,RO FOR CONGRESS INC,≤100
366351973736242,Red Rock Secured,Red Rock Secured,≤100
873550809444862,Mighty Earth,Mighty Earth,≤100
148731991811588,Baird,Robert W. Baird & Co. Incorporated,≤100
645392368909975,carafem,carafem,≤100
102499901286348,Bold Vision P.C.,Bold Vision PC,≤100
420756238503932,Your American Flag Store,Your American Flag Store,≤100
339432396135584,The Exodus Road,EXODUS ROAD INC,≤100
177795649493321,Neighbors for Steve Folz for State Representative House District 76,Stephen Allen Folz,≤100
108282864070156,1776 Unites,Woodson Center,≤100
115757826468774,Statsigo,Statsigo,≤100
304062610300415,VozWire,Gregson E Mathe,≤100
279846350948,St. Labre Indian School,St. Labre Indian School,≤100
25121889784,Texas Public Policy Foundation,Texas Public Policy Foundation,≤100
466608670177692,Jonathan M. Tallman,Jonathan Tallman For State Representative,≤100
100233228182981,Madison Cawthorn for Congress,CAWTHORN FOR NC,≤100
1809715209318581,Marjorie Taylor Greene for Congress,GREENE FOR CONGRESS,≤100
130945114804,World Jewish Congress,WORLD JEWISH CONGRESS AMERICAN SECTION INC,≤100
107428150756519,US Money Daily,USMoneyDaily,≤100
1452551204988299,GoReact,Speakworks Inc,≤100
21472760578,C-SPAN,C-SPAN,≤100
939093556283687,Clean Energy Michigan,Clean Energy Michigan,≤100
113679093412163,Ed Hunzeker,Ed Hunzeker,≤100
2255846891314996,Corn Refiners Association,"corn refiners association, inc",≤100
260131294484,Bethesda Lutheran Communities,Bethesda Lutheran Communities,≤100
107844824322712,Finish the Ballot - Prosper,Economic Growth Committee,≤100
166087830076297,WebPT,WebPT,≤100
28144169620,Alliance for Aging Research,Alliance for Aging Research,≤100
43426724597,Paper Culture,Paper Culture LLC,≤100
167818016571872,Ann & Robert H. Lurie Children's Hospital of Chicago,Ann & Robert H. Lurie Children's Hospital of Chicago,≤100
431397234098614,Jack for State Representative,Jack Daniel Coleman,≤100
79801326619,Beau Ties Ltd. of Vermont,Beau Ties of Vermont,≤100
157424581125374,Jacey Jetton for State Rep,Jacey Jetton Campaign,≤100
108565480734473,Walter Ritte for House,Ritte for House,≤100
116789554394,Illinois House Republican Organization,Illinois House Republican Organization,≤100
1649666645246215,St. Peter's United Church of Christ,Derek Anthony Terry,≤100
329548021121218,Chicago Clean Energy Authority,Chicago Clean Energy Authority,≤100
105561217523274,The_Dispatch,"Dispatch Media, Inc.",≤100
227535924071462,Animal Petitions,AnimalPetitions.org,≤100
100781605034049,Trump 2020 Team,Jordan Ray Riddle,≤100
89324781720,Pat Toomey,Friends of Pat Toomey,≤100
237788366660686,Tax March,Tax March,≤100
1927977257228284,Jack Murphy,I Love My Freedom,≤100
312657362217994,Women's Heart Alliance,Women's Heart Alliance,≤100
96159580682,Maine Democratic Party,MAINE DEMOCRATIC PARTY,≤100
935639933233835,Congressman Charlie Crist,Office of Congressman Charlie Crist,≤100
344346245749372,Shore Trendz,RHW.COM LLC/DBA Shore Trendz,≤100
101788601255619,Mark Sidney,Power To The Publisher,≤100
1050474972008396,Bryan Berghoef for Congress,BRYAN BERGHOEF FOR CONGRESS,≤100
187279915711,Patti's 1880's Settlement,These ads ran without a disclaimer,≤100
135500133147357,ProEnglish,US INC,≤100
879661055726728,Lights for Liberty,Lights for Liberty,≤100
125937197447634,ACTA - American Council of Trustees and Alumni,AMERICAN COUNCIL OF TRUSTEES AND ALUMNI,≤100
103361958107443,Americans Are Pissed,Americans Are Pissed,≤100
129278807814364,Welcome.,Welcome.,≤100
142836829093760,The American Constitutional Rights Union,Jorge Ernesto Amselle,≤100
357484764271265,Dustin Stockton,Dustin Alan Stockton,≤100
165566613453452,ERLC,ETHICS AND RELIGIOUS LIBERTY COMMISSION OF THE SOUTHERN BAPTIST,≤100
103384871245727,Doug Wacker for Floyd County Council at Large,Douglas L Wacker,≤100
1507689979455306,American Bail Coalition,American Bail Coalition,≤100
105157841248307,No Filter Politics,No Filter Politics,≤100
420756238503932,Your American Flag Store,These ads ran without a disclaimer,≤100
422250511163275,REMEDIGAP,Quinn Group LLC,≤100
355148051693804,Torres Targets,Torres Targets,≤100
316498251698370,Adam Gray for Assembly,Gray for Assembly 2020,≤100
105202730827149,Michael Moore for Commissioner,Michael Moore for Commissioner,≤100
100470205043537,Joe Barbetta for Sarasota City Commission,Joe Barbetta for City Commission,≤100
1755810367986271,Eurasia Group Foundation,Eurasia Group Foundation,≤100
657708380952174,Voices of the Civil Rights Movement,Comcast,≤100
961203647412577,VIDA News,VIDA News,≤100
553737021364990,The Nation's Christ-based Leader/Healing & Wholeness,Amazing Things The Church (Legacy A3CEES),≤100
105474831199070,Stop GOP Gerrymandering,National Democratic Redistricting Committee,≤100
107937014153581,Energized Health,John Jubilee Transformation LLC DBA Energized Health,≤100
1000253160054572,Cori Bush,CORI BUSH FOR CONGRESS,≤100
190543018083996,Joan Greene for Congress,JOAN GREENE FOR CONGRESS,≤100
239658882763974,Poverty USA by CCHD,UNITED STATES CONFERENCE OF CATHOLIC BISHOPS,≤100
103191431299152,Samba for State Assembly,Samba for state assembly,≤100
104038541334426,BailoutWatch,Elisabeth Marie Soto,≤100
64206021703,National Committee to Preserve Social Security and Medicare,NATIONAL COMMITTE TO PRESERVE SOCIAL SECURITY AND MEDICARE,≤100
227814397416402,Delia Garza,Delia Garza Campaign,≤100
145902116128546,Rebecca Friedrichs - For Kids & Country,For Kids & Country,≤100
105056767589816,Lisa McClain for Congress,LISA MCCLAIN FOR CONGRESS,≤100
635850443292528,Nasty Woman Coloring,Nasty Woman Coloring,≤100
1962432260715827,Kindhumans,Kindhumans,≤100
241247646424302,Jahana Hayes,FRIENDS OF JAHANA HAYES,≤100
138492335404,Scott Walker,"Walker Group, LLC",≤100
96315553086,Crop Insurance Keeps America Growing,National Crop Insurance Services,≤100
405469100189512,Still My President - Donald Trump,Red State Politics LLC,≤100
102788858089885,Bill Ferko,Ferko for Senate,≤100
147523538641547,Capitol Ministries,CAPITOL MINISTRIES,≤100
243362776583569,Air Mail,Air Mail,≤100
421486244558294,Ross Spano,ROSS SPANO FOR CONGRESS,≤100
29703753976,About Face Theatre,ABOUT FACE THEATRE COLLECTIVE,≤100
164513254148611,America's Voice News,Barbara Jean Lawrence,≤100
360424321432255,Doha Debates,Doha Debates,≤100
139441926128681,New Saint Andrews College,New Saint Andrews College,≤100
262610761306,Counterpoint Press,Counterpoint Press,≤100
1833879943496521,Spread The Vote,Spread the Vote,≤100
10760692978,World Hope International,World Hope International,≤100
215199482635728,Alek Skarlatos,ALEK FOR OREGON,≤100
102512224765633,PeeLitical Trump Target,Pee-Litical Targets,≤100
1553978148244954,Build With Strength,Build With Strength,≤100
90215573480,"Dyer, Garofalo, Mann & Schultz","Dyer, Garofalo, Mann, & Schultz",≤100
267276486938513,Michele for Florida,Michele  for Florida,≤100
174046949421616,Phenomenal Woman Action Campaign,Phenomenal Woman Action Campaign,≤100
106364329441748,Margaret W. Wong & Associates,"WONG, MARGARET W & ASSOCIATES CO LPA (INC)",≤100
110759237264253,Respi-Safe.US,Respi-Safe LLC,≤100
256760055231702,Beware of B,Beware of B,≤100
102161004838994,Melissa Gould for Judge,Melissa Gould for Judge,≤100
320487991392267,Yellow River Calls,Justin Matthew Rosso,≤100
110280253735683,Alexandria Ocasio-Cortez Fan Club,Imran M Jemal,≤100
718475924980443,Amsterdam & Partners LLP,Amsterdam & Partners LLP,≤100
101485404914361,Bad News Wares,Bad News Wares,≤100
55549065733,Voto Latino,Voto Latino with Facebook Ad Credits,≤100
100821338289859,Republicans For Integrity,Republicans For Integrity,≤100
111237577031486,AquiPor Technologies,William Powers,≤100
2017884721848472,Bokeki,Kimbereley Iris Goldstein,≤100
9316648525,The Chicago School of Professional Psychology,TCS Education System,≤100
1788937671403838,Americans For Better Infrastructure,Americans for Better Infrastructure,≤100
303991847213938,José Garza for DA,Texas Justice & Public Safety PAC,≤100
26060837166,Point Loma Nazarene University,Point Loma Nazarene University,≤100
25998443394,MedPage Today,"EVERYDAY HEALTH, INC.",≤100
1023698444330392,The Tylt,The Tylt,≤100
216705888361546,Elbert Lee Guillory,ELBERT GUILLORY'S AMERICA,≤100
318769698528236,End Party Politics,End Party Politics,≤100
134571176638205,One Tree Planted,One Tree Planted,≤100
309660569121570,"Mitch O'Connell, The World's Best Artist! By Mitch O'Connell",Mitchell R O Connell,≤100
114218040306362,TFN PAC,TFN PAC,≤100
7209432197,Chris Coons,CHRIS COONS FOR DELAWARE,≤100
307943569254319,Florida Rights Restoration Coalition,Florida Rights Restoration Coalition,≤100
399067003454888,Sudan Relief Fund,Sudan Relief Fund Inc,≤100
505653766599222,America First with Dr. Sebastian Gorka,Salem Media,≤100
514167322309353,Dan Crenshaw,Crenshaw For Congress,≤100
139398939438430,Left Action,Left Action LLC,≤100
332905134021585,Joe Harding for State Representative,Joe Harding for State Representative,≤100
1807181726160635,Noble Energy,"NOBLE ENERGY, INC.",≤100
100776601524523,Ram Thorburn,Robert Huston Tronnes,≤100
34992314695,National Center for Public Policy Research,NATIONAL CENTER FOR PUBLIC POLICY RESEARCH,≤100
287754774569171,Americans for Prosperity-Montana,AMERICANS FOR PROSPERITY,≤100
103111058130686,Black Lives Matter Coin,BlackLivesMatterCoin,≤100
103877744493195,Briit Botanicals,Briit Botanicals,≤100
363741920768563,RTBiQ Political,RTBiQ Political,≤100
427894490587758,Democrats Need to Vote,Democrats Need to Vote,≤100
1629757947259221,Vote Eric Robinson for School Board,Eric Robinson for School Board,≤100
105015984557394,Elect Councilwoman Hunt,Lori Hunt,≤100
105953890782784,The Factual,The Factual,≤100
1945237355733646,Giving Brush,Giving Brush LLC,≤100
166166843531258,National Council of Resistance of Iran - شورای ملی مقاومت ایران,Vanessa Marie Macmillan,≤100
102183258209726,Patriots for Change,PATRIOTS FOR CHANGE,≤100
288452868709310,Smart City Expo Atlanta,Smart City Expo Atlanta,≤100
549164205222742,Defend Innocence,Defend Innocence,≤100
74783093812,Just Vision,JUST VISION INC,≤100
131306317680000,Social Goods,"Social Goods, LLC",≤100
109970477058557,Rick LoCastro,Rick LoCastro for County Commissioner,≤100
454663890502,Alliance for Patient Access,ALLIANCE FOR PATIENT ACCESS,≤100
100510325055939,Rights & Pandemics,Rights & Pandemics,≤100
2140339289356027,Dr. Pritesh Gandhi for Congress,GANDHI FOR TEXAS,≤100
110010433804232,Falkirk Center,Falkirk Center,≤100
285524032277725,COOL Church,COOL Church,≤100
108777231824,Manhattan Institute for Policy Research,MANHATTAN INSTITUTE FOR POLICY RESEARCH INC,≤100
567321037078441,Gerard "Jerry" Sheridan,Sheridan4Sheriff2020,≤100
104516481228439,Peelitical Targets,Pee-Litical Targets,≤100
160418807408255,TargetSmart,TargetSmart Communications,≤100
2476697005733769,Nations' 9th of Av,Nations 9th of Av,≤100
75353945070,Boxed Water Is Better,Boxed Water Is Better,≤100
124530924015,Hank Gilbert,HANK GILBERT FOR CONGRESS,≤100
195704103779569,Savage Outdoors & The One,Amanda Harris Lee,≤100
109379393894282,Keep Texas Moving,TEXAS ASSOCIATION OF BUSINESS,≤100
376044452473138,Acronym TV,Dennis Gerard Trainor,≤100
248468095247223,Rastaclat,Rastaclat,≤100
118697061602554,Jason Brodeur,"Jason Brodeur, Republican, for State Senate",≤100
101041998305221,The Proud Republicans,Great American Era LLC,≤100
13885075114,Action Against Hunger USA,ACTION AGAINST HUNGER - USA,≤100
8895898655,Rainforest Alliance,"RAINFOREST ALLIANCE, INC.",≤100
2338979479650120,Genevieve Collins for Congress,COLLINS FOR TEXAS,≤100
1955953381348064,State Representative Trent Ashby,Texans for Trent Ashby,≤100
309993142375589,Joe Kennedy III,KENNEDY FOR MASSACHUSETTS,≤100
53541257714,The Arc of the United States,"ARC OF THE UNITED STATES, INC., THE",≤100
372799605421,DeSmog,DeSmog,≤100
624113997772825,North Dakotans for Comprehensive Energy Solutions,Americans for Comprehensive Energy Solutions,≤100
26668999076,The Cato Institute,"CATO INSTITUTE, INC.",≤100
17270171477,NC Conservation Network,NC CONSERVATION NETWORK,≤100
110440390375032,"Lindsay Lyons, Educational Consulting",Lindsay Beth Lyons,≤100
114008535880,Foundation for Individual Rights in Education,FOUNDATION FOR INDIVIDUAL RIGHTS IN EDUCATION,≤100
106730327595680,Tongue N Cheek Apparel,Tongue N Cheek Apparel,≤100
1627212824167934,Men4Choice,Men4Choice,≤100
105698674239617,Embed News,Embed News,≤100
112442437191294,National Anti-Racism Teach-In,National Anti-Racism Teach-In,≤100
123965317665623,N-Hance Wood Refinishing,N-Hance Inc.,≤100
153167611414243,Ohio House Democrats,The Ohio House Democratic Caucus,≤100
101208514791301,Daniel Turner,Power The Future Inc,≤100
221690171353068,Jay Obernolte,JAY OBERNOLTE FOR CONGRESS 2020,≤100
356419611427623,Jemar Tisby,Zondervan,≤100
1202514329820178,Don Blankenship,Don Blankenship,≤100
110773130329664,Lulu Seikaly for Congress,LULU FOR TEXAS,≤100
2223151871134889,Trump45Merch,Thomas Charles Granack,≤100
34701792581,EWTN,Eternal Word Television Network,≤100
105993417661743,The Church of Wells,The Church of Wells,≤100
112000667080350,White House Hats,Stoke Interactive,≤100
108066350761595,United Workers Party,United Workers' Party,≤100
108906707265489,USA Pooch,"PRESIDENTIAL POOCH, INC",≤100
1789651861157958,Values To Action,Values to Action,≤100
108495594256618,A Better Miami-Dade,"A Better Miami-Dade, Inc.",≤100
1082522201878539,Gina Ortiz Jones for Congress,GINA ORTIZ JONES FOR CONGRESS,≤100
95779211526,Minnesota DFL Party,MINNESOTA DEMOCRATIC-FARMER-LABOR PARTY,≤100
592074077639509,Donald Trump Is Our President,Power To The Publisher,≤100
734911883307392,Idaho Freedom Action,Idaho Freedom Action,≤100
575574529481182,Karen Rose for School Board,Karen Rose for School Board,≤100
698400060189827,Dan Sullivan,Alaskans for Sullivan,≤100
1156676274461345,Mikie Sherrill,MIKIE SHERRILL FOR CONGRESS,≤100
100318944827269,Amy Kennedy,AMY KENNEDY FOR CONGRESS,≤100
720943967965149,AFSCME Retirees,AMERICAN FEDERATION OF STATE COUNTY & MUNICIPAL EMPLOYEES,≤100
40043524983,Constitutional Accountability Center (CAC),Constitutional Accountability Center,≤100
375581189182158,Energy Independence Group,Richard Joseph Forrester,≤100
468906559794011,LaunchGood,LaunchGood Inc.,≤100
180207826090799,Tiffany D. Cross,HARPERCOLLINS PUBLISHERS L.L.C.,≤100
99753625313,Jewish Currents,Jewish Currents,≤100
123651254408327,Sokolove Law,"Sokolove Law, LLC",≤100
143537616049847,Libertarian Party of Morgan County,Libertarian Party of Morgan County,≤100
17364823283,SEIU Healthcare Michigan,SEIU HEALTHCARE MICHIGAN,≤100
77130778113,Coalition for Medicare Choices,The Coalition for Medicare Choices,≤100
104243792943104,Saybrook University,TCS Education System,≤100
751823818285038,Badgers United,Badgers United,≤100
2176472882580975,Crusader Outlet,Crusader Marketing,≤100
467503009987109,"Healthy Forests, Healthy Communities","Healthy Forests, Healthy Communities",≤100
300341323465160,The Daily Signal,HERITAGE FOUNDATION (THE),≤100
51560645913,The Patriot Post,The Patriot Post,≤100
464106427322973,B'own Black Owned,B'own Company Inc.,≤100
45013872425,The Ripon Society,RIPON SOCIETY,≤100
164966660351345,Hope Outfitters,Hope Outfitters,≤100
399060493533519,The Justice Foundation,JUSTICE FOUNDATION,≤100
125161609108,Charlie Stadtlander,Charles Randall Stadtlander,≤100
1393911800825140,OZY,OZY Media Inc,≤100
107199049318619,Friends of Derek Kilmer,PEOPLE FOR DEREK KILMER,≤100
102010211314386,Donald Trump 2020 Voters,I Love My Freedom,≤100
106487520883333,Cardinal & Pine,Courier Newsroom,≤100
953623958136043,FinalStraw,The Final Co. LLC,≤100
104952231285892,Marc Falzon,Marc A Falzon,≤100
106697111081088,The Trump Store,Luis Anthony Benedicto Rios,≤100
165734163437699,"Little, Brown and Company","Hachette Book Group, Inc.",≤100
6422690687,Clearly Canadian,The Clearly Food & Beverage Company,≤100
721000238103165,Eric Early,ERIC EARLY FOR CONGRESS,≤100
460844281074800,Tiny Trump,Eric D Corriel,≤100
102049351349335,Susan Schechter for County Council at Large,Susan for Tippecanoe County Council,≤100
2043008436020426,Justice for Janitors,SEIU,≤100
105229062888132,Stop Soldier Suicide,Stop Soldier Suicide,≤100
203031223135707,Angela Koehler Lindsey County Council,Citizens for Angela,≤100
38882699096,Polaris,POLARIS PROJECT,≤100
113644103666790,America First,TruthLion,≤100
771947142920359,IReader,These ads ran without a disclaimer,≤100
1438808983108348,BOLD PAC,CHC BOLD PAC,≤100
77790954801,Salesian Missions,Salesian Missions,≤100
99237926163,Virginia Interfaith Center for Public Policy,VIRGINIA INTERFAITH CENTER FOR PUBLIC POLICY,≤100
111648480319494,800DEMOCRAT,800DEMOCRAT,≤100
91223411833,Medical Teams International,Medical Teams International,≤100
1425435377743310,Conversations with Bill Kristol,The Foundation for Constitutional Government,≤100
108797534098691,Keep Gifts Great,Adrian Choi Conger,≤100
97624620788,American Friends of Magen David Adom,AMERICAN FRIENDS OF MAGEN DAVID ADOM,≤100
113335773562471,President Trump For Re-Election,Great American Era,≤100
103017537991978,Replorables2020,Replorables2020,≤100
1015449978587077,Alliance for Youth Action,The Alliance For Youth Action,≤100
467790593780990,Ray Rodrigues For State Senate,"Ray Rodrigues, Republican, for State Senate",≤100
1634651343331439,Project Wren,Landon Brand,≤100
1014291495249813,Politicon,Politicon,≤100
2336022790003836,Patients + Providers United,Patients and Providers United,≤100
117758198297225,Rep. Terri Sewell,Office of U.S. Representative Terri Sewell (AL-07),≤100
284946111858895,Debbie Mucarsel-Powell,DEBBIE FOR CONGRESS,≤100
291260461373618,News and News,News and News,≤100
97466887664,Innocence Project,"INNOCENCE PROJECT, INC., THE",≤100
1448984361857166,Florida Federation for Children PAC,Florida Federation for Children,≤100
664770743730817,Dan Feehan for Congress,FRIENDS OF DAN FEEHAN,≤100
286084075135455,Support After Abortion,Support After Abortion,≤100
302612457071883,Moving It Right,Richard P Ashton,≤100
103617578071596,Anti-racism campaign,Jason Charles King,≤100
276131699084792,YWAM Los Angeles,YWAM Los Angeles,≤100
108925558017,Shared Hope International,Shared Hope International,≤100
101179314763409,Presidential Old Maid,Megga Group LLC,≤100
153477451455783,The Optimist Daily,"The Optimist Publications, LLC",≤100
2309566456030859,Human Coalition Action,Human Coalition,≤100
101146091319045,Elcove.green,Elcove,≤100
342006339184405,National Children's Alliance,NATIONAL CHILDRENS ALLIANCE INC,≤100
100164151601418,CRBNtech,These ads ran without a disclaimer,≤100
266052813781092,The Delite,These ads ran without a disclaimer,≤100
110206523984709,Rural Not Stupid,Rural Not Stupid,≤100
154510321337994,Chris Pappas for Congress,CHRIS PAPPAS FOR CONGRESS,≤100
622644971176455,Pravda Media,Jacob Fredrick Pointon,≤100
195620754724,Helping Hand USA,HELPING HAND FOR RELIEF AND DEVELOPMENT INC.,≤100
262536810935097,Housing Is A Human Right,AIDS HEALTHCARE FOUNDATION,≤100
292811880858773,Ocean Voyages Institute / Project Kaisei,Ocean Voyages Institute,≤100
546805145721191,Chris Campbell,Committee To Elect Campbell,≤100
105264094403642,Trump MAGA Swag,James Richard Griffin,≤100
787182881400525,Having Kids,Having Kids,≤100
197669827395385,Connected Commerce Council,Connected Commerce Council,≤100
101042758281184,Reading On the Right,Macmillan Publishing,≤100
104679177804089,45 Changes Lives,PKA Karate Academy Inc,≤100
1166660030079480,National Democratic Redistricting Committee,National Democratic Redistricting Committee,≤100
143173285763,Tenth Amendment Center,Tenth Amendment Center,≤100
1400371370253041,Eagan Immigration,Eagan Immigration,≤100
357844454633380,Dan Whitfield for Senate 2020,DANWHITCONGRESS,≤100
107227900663267,Laurie For Travis County,Laurie Eiserloh Campaign,≤100
656263988182462,Bill Hagerty,TEAM HAGERTY,≤100
254943996005,Catholic Answers,"CATHOLIC ANSWERS, INC.",≤100
47710973068,Cooperative Action Network,National Rural Electric Cooperatives Association,≤100
150322194563,PASA Primates: Pan African Sanctuary Alliance,PAN AFRICAN SANCTUARIES ALLIANCE,≤100
114269133449843,Andrew Fink for State Representative,Andrew Fink for State Representative,≤100
101746962063,Mercy Home for Boys & Girls,MISSION OF OUR LADY OF MERCY,≤100
161879897191723,EarthX,EarthX,≤100
111163637324238,Bring Ammo Apparel,Michael Seth Weathers,≤100
193675533982095,Ryan Chamberlin,Ryan Chamberlin for Congress,≤100
223315101050132,Waters Kraus & Paul,Waters Kraus & Paul,≤100
449202631932231,Mike Johnson,MIKE JOHNSON FOR LOUISIANA,≤100
336440323158789,Jack Burkman Radio,Jack Burkman Radio,≤100
497348647140658,Point Source Youth,Point Source Youth,≤100
80313731878,The Network - Advocating Against Domestic Violence,CHICAGO METROPOLITAN BATTERED WOMENS NETWORK,≤100
2123425971065747,Sora Schools,Indra Putra Sofian,≤100
1947525322184514,One Fair Wage,One Fair Wage,≤100
181861021831773,2 Chainz,Street Execs,≤100
103993957966386,Troy Rolling for Berrien County Treasurer,Committee to Elect Troy Rolling,≤100
111216193611875,Sean McCaffity for Congress,MCCAFFITY FOR CONGRESS,≤100
1491458271125644,Jesus "Chuy" Garcia,CHUY GARCIA FOR CONGRESS,≤100
126057642122621,Hillary O'Connor Mueri,HILLARY O'CONNOR MUERI FOR OHIO,≤100
118283728182293,SEIU Healthcare IL & IN,SEIU Healthcare Illinois & Indiana,≤100
1555039491394668,CM Voter Center,CM Voter Center,≤100
122773549121265,President Trump for Nobel Peace Prize 2020,Tarek None Kteleh,≤100
102059261586782,Kanye West 2020,These ads ran without a disclaimer,≤100
377392172830318,Representative Ross Spano,Office of Representative Ross Spano,≤100
857314914350139,Black Lives Matter Lansing,Black Lives Matter Lansing,≤100
101682706561261,"Freedom Watch, Inc.","Freedom Watch, Inc.",≤100
158505287559920,Save the Storks,Diane Patricia Ferraro,≤100
111036740654773,ToddCella2020,American Party 2020,≤100
221631014637468,Look Human,"Print Syndicate, Inc.",≤100
1576236875930301,Global Cyber Alliance,Global Cyber Alliance with ad credits,≤100
108236884278657,The Patriot Resistance,The Patriot Resistance,≤100
1595781660539201,Daniel Hinkle for State Representative,Daniel Hinkle For State Representative,≤100
115617711783870,Center for Union Facts,CENTER FOR UNION FACTS,≤100
582293558518300,Abby Broyles,ABBY BROYLES FOR US SENATE,≤100
126817605260,Bold Type Books,"Hachette Book Group, Inc.",≤100
1981008652172441,Maia Espinoza,Friends of Maia Espinoza,≤100
540707072979860,Brian Maryott,MARYOTT FOR CONGRESS,≤100
334925200513155,Justin Berry for Texas HD 47,Justin Berry For Texas House,≤100
809045919469761,Wallace Global Fund,Kindred Case Motes,≤100
145022042990911,MEK Iran,MEK-Iran (Saeid Saadati),≤100
262905633727,Los Angeles Mission,"Los Angeles Mission, Inc.",≤100
312066286397519,Manning Asylum Law,Manning Asylum Law,≤100
2317264024972785,American Populists,The New American Populist,≤100
1045577468791860,Dayton Watchdog,Dayton Watchdog,≤100
122360425094991,Nasty Woman Cosmetics,Nasty Woman Cosmetics,≤100
192013990902459,Roy Cooper,Cooper For North Carolina,≤100
429651323843750,Verizon Wireless Workers Rising,"COMMUNICATIONS WORKERS OF AMERICA, AFL-CIO, CLC",≤100
163684173651518,SEIU Local 2015,SEIU LOCAL 2015,≤100
135403221037,City Journal,City Journal,≤100
1086209354874961,Resilience Force,"NEO PHILANTHROPY, INC.",≤100
103851564652,Waterkeeper Alliance,WATERKEEPER ALLIANCE INC,≤100
100919384966361,411 Inspired,411 Inspired,≤100
1679206408997588,Element 47,Marco Argenti,≤100
107638384248580,Our America,Bryant Wayne Young,≤100
299295363912730,New Politics Leadership Academy,New Politics Leadership Academy,≤100
7361892567,Born Free USA,"BORN FREE USA, UNITED WITH ANIMAL PROTECTION INSTITUTE",≤100
26006662641,Arizona Democratic Party,Arizona Democratic Party,≤100
615854911830541,Shore Buddies,Malte Niebelschetz,≤100
128591300513012,Senator Eddie Lucio,Senator Eddie Lucio Campaign,≤100
110731684021924,StillurPresident,StillUrPresident,≤100
102139218008846,King Nation Apparel,King Nation Apparel,≤100
2462191704005828,Rainey Center,The Joseph Rainey Center for Public Policy,≤100
103646064618386,The Judge Show - James Judge,James Patrick Judge Jr.,≤100
111753503664494,Lee Haywood for Congress- Lee for NC,LEE HAYWOOD FOR CONGRESS COMMITTEE,≤100
180230069923,American Life League,American Life League,≤100
161186620643972,American Institute for Economic Research,AMERICAN INSTITUTE FOR ECONOMIC RESEARCH,≤100
133666160060982,Senate Majority PAC,SMP,≤100
127335473965761,Recycle Cartons,"Carton Council of North America, Inc.",≤100
32802178807,Homes For Our Troops,Homes For Our Troops,≤100
221864958662809,Iron Sharpens Iron,Andre Toccarrio Ford,≤100
167139593306791,ACLU of Michigan,AMERICAN CIVIL LIBERTIES UNION,≤100
115589465160388,Scribner Books,Simon and Schuster,≤100
1835838916635491,Transamerica Center for Health Studies,Transamerica Center for Health Studies,≤100
111581113532778,Voter Choice for Massachusetts,Ranked Choice Voting 2020 Committee,≤100
487569614682924,CAPP USA,Yellow Line Productions LLC,≤100
187809941803009,IVYPAC,IVYPAC,≤100
103557118005382,Live Action Español,Live Action,≤100
312569146034029,BlueVote,BlueVote,≤100
93104154930,Voices for the Voiceless,"Voices for the Voiceless, Inc.",≤100
205795426669644,Facts and Logic about the Middle East,Facts and Logic About the Middle East,≤100
160513344045084,John Neely Kennedy,"John Kennedy for Us, Inc",≤100
104493631299422,Common Sense Patriots '76,Christopher Michael Eubanks,≤100
1784991421516214,Seek Refuge,Seek Refuge,≤100
101255921350728,Yukong Zhao for Congress,YUKONG ZHAO FOR CONGRESS,≤100
102413723172970,Nick Adams,Nick Adams,≤100
708375056271048,The Christendom Curriculum,The Christendom Curriculum,≤100
335372906543111,Lee Constantine For Seminole County Commission,Lee Constantine Campaign for Seminole County Commission,≤100
477131125780900,The War Horse,War Horse News,≤100
1868885156673680,Sarasota citizen Martin Hyde,Martin Hyde for Sarasota City Commission,≤100
127913103970095,C Club of Houston,The "C" Club of Houston,≤100
106883907479649,HUPAC - Health Underwriters Political Action Committee,NATIONAL ASSOCIATION OF HEALTH UNDERWRITERS PAC (HUPAC),≤100
1627656304116135,Patrick Nelson,Nelson for Senate,≤100
693338200702307,Michelle Ugenti-Rita,Ugenti-Rita for Senate,≤100
342623112567750,The Shoe That Grows,Because International Corp,≤100
43821078871,Transport Workers Union (TWU),Transport Workers Union of America,≤100
107654244332660,Back BLM,Back BLM,≤100
719443925157040,Lorenzo Sanchez For Texas HD67,Lorenzo for Texas,≤100
109379100777665,Patriotism Isn't Dead,Patriot Polling,≤100
109584730766616,Chris Pratt for Judge,THE COMMITTEE OF RESPONSIBLE PERSONS TO ELECT CHRIS PRATT.,≤100