﻿Location Name,Amount Spent (USD)
Alabama,51339
Alaska,8419
American Samoa,≤100
Arizona,161416
Arkansas,23497
California,140280
Colorado,72136
Connecticut,22536
Delaware,8378
Florida,295835
Georgia,111467
Guam,200
Hawaii,10995
Idaho,12892
Illinois,98461
Indiana,43707
Iowa,47513
Kansas,29732
Kentucky,38162
Louisiana,39713
Maine,32865
Maryland,41793
Massachusetts,54662
Michigan,195205
Minnesota,53153
Mississippi,20598
Missouri,55881
Montana,23231
Nebraska,12765
Nevada,25167
New Hampshire,12523
New Jersey,61874
New Mexico,18506
New York,147073
North Carolina,157469
North Dakota,4839
Ohio,96827
Oklahoma,31706
Oregon,37043
Pennsylvania,172585
Puerto Rico,1425
Rhode Island,8474
South Carolina,53313
South Dakota,6448
Tennessee,60904
Texas,311003
Unknown,≤100
Utah,23222
Vermont,5403
Virgin Islands (U.S.),≤100
Virginia,68486
Washington,59757
"Washington, District of Columbia",11328
West Virginia,15640
Wisconsin,104889
Wyoming,6024