﻿Page ID,Page Name,Disclaimer,Amount Spent (USD)
328072970642479,Jaime Harrison,JAIME HARRISON FOR US SENATE,11589
153080620724,Donald J. Trump,TRUMP MAKE AMERICA GREAT AGAIN COMMITTEE,5786
7860876103,Joe Biden,BIDEN VICTORY FUND,4347
925007000949719,ExxonMobil,Exxon Mobil Corporation,2893
6726182861,Mike Pence,TRUMP MAKE AMERICA GREAT AGAIN COMMITTEE,2376
1771156219840594,Team Trump,TRUMP MAKE AMERICA GREAT AGAIN COMMITTEE,1973
183424985463330,Joe Cunningham,JOE CUNNINGHAM FOR CONGRESS,1119
202626512363,U.S. Census Bureau,U.S. Census Bureau,941
165987503528599,Lindsey Graham,"TEAM GRAHAM, INC.",836
20787991568,Senate Democrats,DSCC,678
1808917306038571,My South Carolina Education,My SC Education,667
791543660926838,"I'll go ahead and keep my guns, Thanks",2A4LIFE LLC,566
108824017345866,Facebook,"Facebook, Inc.",514
127755494595870,Progressive Takeover,PROGRESSIVE TAKEOVER,503
223369128215207,South Carolina Community Alliance,South Carolina Community Alliance,487
156968474833352,Stop Republicans,Stop Republicans,476
123267457850239,SC DHEC,South Carolina Department of Health & Environmental Control,474
9324910069,NRSC,NRSC,419
104856814505092,The Kids Guide,The Kids Guide,417
1615018905412860,Progressive Turnout Project,PROGRESSIVE TURNOUT PROJECT,405
1667638686847579,The Collective PAC,COLLECTIVE FUTURE,386
116546288359245,Heritage Action for America,HERITAGE ACTION FOR AMERICA,355
129731810448375,Center Forward,Center Forward,300
115093490189362,Defend NC,Defend NC,291
665345483483486,NRA - National Rifle Association of America,NATIONAL RIFLE ASSN OF AMERICA,291
355316521236121,John Cornyn,TEXANS FOR SENATOR JOHN CORNYN INC.,281
105269984593079,The Way I See It,Focus Features,273
107589664099282,Stand Up To China,"Stand Up To China, Inc.",269
96935476345,Democratic Governors Association (DGA),Democratic Governors Association,268
2352630938293825,Mytacticalpromos,Entremax,250
106627181062791,South Carolina Signal,JAIME HARRISON FOR US SENATE,240
2267285956849056,Donald Trump 2020 Fans,I Love My Freedom,238
1449461518652183,4Patriots,4Patriots LLC,224
106244251043808,Reuse Plastics,"AMERICAN CHEMISTRY COUNCIL, INC.",221
153080620724,Donald J. Trump,"DONALD J. TRUMP FOR PRESIDENT, INC.",219
176789922364429,Steve Daines,STEVE DAINES FOR MONTANA,209
185650221903810,Ralph Norman for Congress,RALPH NORMAN FOR CONGRESS,206
1614690395258056,Into Action,Into Action,205
102676001195557,Real Champions Inc.,Ricardo Jermaine Perry,204
259130650776119,Mitch McConnell,MCCONNELL SENATE COMMITTEE,195
1034959436558654,Clean Air Moms Action,Clean Air Moms Action,191
328853823844484,Balance of Power,Balance of Power,183
345504286342057,Keeping America Great Again,RightWingGear.com,181
107858693983382,The GOP Shop,The GOP Shop,161
102661701651,South Carolina Small Business Chamber of Commerce,South Carolina Small Business Chamber of Commerce,151
21626828809,American Council on Renewable Energy (ACORE),AMERICAN COUNCIL ON RENEWABLE ENERGY,145
277005566267077,Blueland,Blueland,144
1155212867963791,AFP Action,"AMERICANS FOR PROSPERITY ACTION, INC.(AFP ACTION)",121
106323360959211,Patriots Republic,Matthew James Stine,119
113668017062690,Citizens For Free Enterprise,Citizens for Free Enterprise,117
168051710543266,Lacy Johnson,Lacy Johnson for Congress,115
129038841261426,Energy Consumers of the Carolinas,Energy Consumers of the Carolinas Inc,113
172758932738142,PhRMA,PHARMACEUTICAL RESEARCH AND MANUFACTURERS OF AMERICA,112
1556932204325823,ProgressPop,ProgressPop,112
85452072376,Newsmax,Newsmax Media,111
102671331487937,I Love My Freedom Store,I Love My Freedom,107
292351509697,Jerusalem Prayer Team,Jerusalem Prayer Team,107
278490715553293,Martha McSally,MCSALLY FOR SENATE INC,≤100
92925746942,Judicial Watch,Judicial Watch,≤100
158791100909689,Concerned Veterans for America,Concerned Veterans for America,≤100
127225910653607,PragerU,PragerU,≤100
830121337093232,National Democratic Training Committee,NATIONAL DEMOCRATIC TRAINING COMMITTEE PAC,≤100
101181794707874,United Research Group,United Research Group,≤100
105490641044894,Spencer Wetmore,Spencer Wetmore for Statehouse,≤100
105577974544303,The USA Needs More Patriots,Anthony Alexander Morales,≤100
1374134752633656,New Health Plans,Shop Insurance Plans,≤100
1061240530648502,Joe Collins,JOE COLLINS FOR CONGRESS,≤100
111428049989,Cal Cunningham,CAL FOR NC,≤100
7814597100,Jim Jordan for Congress,JIM JORDAN FOR CONGRESS,≤100
100798594958887,inseparable,Inseparable Action Inc,≤100
6072343558,Center for American Progress,CENTER FOR AMERICAN PROGRESS,≤100
602714436529710,End Citizens United,END CITIZENS UNITED,≤100
628891490457484,Nancy Mace,Nancy Mace for Congress,≤100
23875187730,Feeding America,Feeding America,≤100
1883837055193241,Shield Republic,Shield Republic,≤100
343603822462664,Josh Stokes - State House,Josh Stokes for House,≤100
2037695643113766,Blexit,Blexit Foundation,≤100
106645684412573,Cover Air Medical,Cover Air Medical,≤100
228754857151053,House Majority PAC,House Majority PAC,≤100
717115395103069,PrintedKicks,Printed Kicks,≤100
105756057589080,The Lincoln Project,The Lincoln Project,≤100
461204744067686,Family Protection Association,Family Protection Association,≤100
675471506247724,Adair for Congress,ADAIR FOR CONGRESS,≤100
33110852384,Doctors Without Borders/ Médecins Sans Frontières (MSF),Doctors Without Borders/Médecins Sans Frontières (MSF),≤100
109784800371914,Protect Kids: Fight Flavored E-Cigarettes,TOBACCO-FREE KIDS ACTION FUND,≤100
296708523873754,Karla Dennis and Associates Inc.,"Karla Dennis & Associates, Inc",≤100
321424962053199,MetroConnects,Metro Connects,≤100
18982436812,ACLU,American Civil Liberties Union,≤100
25852730092,Care2,Care2 Inc,≤100
121692222300,BlueCross BlueShield of South Carolina,Slow The Spread SC,≤100
109379100777665,Patriotism Isn't Dead,Patriot Polling,≤100
100137754724934,Trump 2020 Supporters,Proud Right Winger,≤100
109111900634787,Reverend Raphael Warnock,WARNOCK FOR GEORGIA,≤100
7483836629,Ancestry,Ancestry.com Operations Inc.,≤100
15239367801,The Wilderness Society,"WILDERNESS SOCIETY, THE",≤100
132914570126743,Conservation Voters of South Carolina,Conservation Voters of South Carolina,≤100
1713005252363712,Freedom Action Network of South Carolina,Freedom Action Network of South Carolina,≤100
96935476345,Democratic Governors Association (DGA),DEMOCRATIC ACTION,≤100
114710126648118,Republican Dogs,Republican Dogs,≤100
103597604713894,Team Trump Store,TRUMP MAKE AMERICA GREAT AGAIN COMMITTEE,≤100
373814729643508,Let America Vote,LET AMERICA VOTE PAC,≤100
213792049451918,Stand For America,Stand For America Inc,≤100
101690998009007,Improving Life Through Health,Nicolette Dalan,≤100
1528980567353817,Love Has No Labels,Love Has No Labels with Facebook Ad Credits,≤100
51405613519,Focus on the Family,Focus on the Family,≤100
681745912255844,John Cummings for Congress,CUMMINGS FOR CONGRESS,≤100
101237551589520,Tactical Patriot,Trizzie Truong,≤100
80562389320,NARAL Pro-Choice America,NARAL Pro-Choice America,≤100
596556607135301,The Earthling Co.,The Earthling Co.,≤100
16477459734,League of Conservation Voters,"LEAGUE OF CONSERVATION VOTERS, INC",≤100
677005135756125,Community Catalyst Action Fund,Community Catalyst Action Fund,≤100
6204742571,Sierra Club,SIERRA CLUB,≤100
114501575391943,Compare Medicare Quotes,Benepath,≤100
2353537341582545,Proud Patriots,Proud Patriots,≤100
36474716066,Color Of Change,ColorofChange.org,≤100
57259033959,AARP,AARP,≤100
1393911800825140,OZY,OZY Media Inc,≤100
108683164271262,Patriots for Life,Grant Alan Johnston,≤100
27311599342,Preemptive Love,Preemptive Love Coalition,≤100
376250065793807,Citizens for Responsible Energy Solutions,Citizens for Responsible Energy Solutions,≤100
5435784683,Greenpeace USA,"GREENPEACE, INC.",≤100
106114264313679,Hunt The Vote,"Hunter Nation, Inc",≤100
294196590710262,FWD.us,FWD.us,≤100
42002969352,Center on Budget and Policy Priorities,Center on Budget and Policy Priorities,≤100
342294162453301,Planned Parenthood,Planned Parenthood Federation of America,≤100
8934429638,Planned Parenthood Action,Planned Parenthood Action Fund,≤100
103994221232658,Braddock For Mayor,Bryan Braddock for Mayor,≤100
103315464587143,All Access,John Leroy Soderberg,≤100
393932827634250,Dissent Pins,Common Practice,≤100
175630693036967,South Carolina FYI,Awesome News Network,≤100
1109093812491437,Blaze Media,Blaze Media LLC,≤100
598924810530984,Keeping America Great,FamTeeWorld,≤100
103730928025980,Safe and Sound In 2020,Kin Ngai Yeung,≤100
15188122178,The Hamilton Collection,The Hamilton Collection,≤100
202288719786161,SC Club for Growth,SC Club For Growth,≤100
971668776283950,PolicyEd,Hoover Institution,≤100
72186095846,Center For American Progress Action Fund,Center for American Progress Action Fund,≤100
104934207736995,Paycheck to Paycheck,Center for American Progress Action Fund,≤100
132492254050920,American AF,AAF Nation,≤100
1010143499143169,Medicare Savings,"Mayo Labs, LLC",≤100
1600352356914768,PushBlack,PushBlack,≤100
257019421075897,Cory Gardner,Cory Gardner for Senate,≤100
221890358218748,Til Valhalla Project,Til Valhalla Project,≤100
7263476274,Mercy Corps,Mercy Corps,≤100
45393753416,Alliance Defending Freedom,Alliance Defending Freedom,≤100
159164367581855,Senator Chip Campsen,Campsen for Senate,≤100
106094077803532,Our National Family,Patrick Le Tran,≤100
7833534974,Florida Democratic Party,Florida Democratic Party,≤100
103654464668995,Home With Our Family,Alexander Chung,≤100
1336293769761923,Jon Ossoff,JON OSSOFF FOR SENATE,≤100
108901687567015,Patriots Sound Off,Richard Brochetti,≤100
327837911149503,2A4Life,2A4LIFE LLC,≤100
104170004713256,Elect Black Democrats,THE COLLECTIVE PAC,≤100
429812024048177,Doug Jones for Senate,DOUG JONES FOR SENATE COMMITTEE,≤100
530604487365010,Old Glory Flagpole Kits,Service First,≤100
108794587327155,Good Programs 2020,Trevor Dale Seaks,≤100
8325302025,Friends of the Earth U.S.,Friends of the Earth,≤100
1467725903304588,EZ Insure,Benepath,≤100
108173075911611,National Association of Letter Carriers,National Association of Letter Carriers,≤100
226648591441555,Gullah Geechee Chamber of Commerce,Gullah Geechee Chamber of Commerce,≤100
192015461630968,Supporting Our Brave Veterans,James Brian Plouf,≤100
346937065399354,Occupy Democrats,Omar Rivero,≤100
115379705206001,U.S. Department of Homeland Security Blue Campaign,DHS Blue Campaign,≤100
642587263042784,Trumpcare Healthcare,Stuart Joseph Millar,≤100
41182871633,National Museum of American Jewish History,National Museum of American Jewish History,≤100
103732088041755,LEAD Home Improvement,John Leroy Soderberg,≤100
10423517786,Harvard Business Review,HARVARD BUSINESS SCHOOL PUBLISHING CORPORATION,≤100
110937127360677,SC FYI: Elections,"TEAM GRAHAM, INC.",≤100
305832706292882,American Gun Association,GunAssociation.org,≤100
402488163467483,Charleston FYI,Awesome News Network,≤100
309308412520731,Sandy Hook Promise,Sandy Hook Promise,≤100
104051398040027,CCW Online Now_,Concealed Country,≤100
113666459994300,Big Dan Rodimer for Congress,RODIMER FOR CONGRESS,≤100
592707041080920,Stand Together,Stand Together Chamber of Commerce Inc.,≤100
934438026690635,YouGov,YOUGOV AMERICA INC.,≤100
341036202607871,Americans for Prosperity - South Carolina,AMERICANS FOR PROSPERITY,≤100
8047221596,Save the Children US,"SAVE THE CHILDREN FEDERATION, INC.",≤100
167586229923327,World Food Program USA,World Food Program USA,≤100
111393882812494,Amy McGrath,"AMY MCGRATH FOR SENATE, INC.",≤100
586751814690068,Joni Ernst,Joni for Iowa,≤100
356482637745012,Stansberry Research,Stansberry Research,≤100
103932294697808,US Final Expense Assistance,Laperryrea Daniyell Hobbs,≤100
105577974544303,The USA Needs More Patriots,AmeriPolling,≤100
530604487365010,Old Glory Flagpole Kits,Service First Flag Poles,≤100
112278007096262,Case Brittain 2020,Case Brittain for State House,≤100
730810230636150,TJ Joye for Sheriff,TJ Joye for Sheriff,≤100
101279451606075,Democratic Strategy Institute,Democratic Strategy Institute,≤100
7292655492,MoveOn,MOVEON.ORG POLITICAL ACTION,≤100
160135337361331,The SCEA,The South Carolina Education Association,≤100
49651563727,Live Action,Live Action,≤100
1377899069152090,Rep. Jonathon Hill,Jonathon Hill for SC House District 8,≤100
2185993931653388,The Recount,"Recount Media, Inc",≤100
21375324480,The Heritage Foundation,HERITAGE FOUNDATION (THE),≤100
2330577043935831,Sara Gideon,SARA GIDEON FOR MAINE,≤100
407664862957433,Ammar Campa-Najjar for Congress,AMMAR CAMPA-NAJJAR FOR CONGRESS,≤100
253791814655400,Doug Collins,"COLLINS FOR SENATE, INC.",≤100
107654924064350,Pat Timmons-Goodson,PATRICIA TIMMONS-GOODSON FOR CONGRESS,≤100
255208337943901,Jobs Growth,"JOBS FREEDOM AND SECURITY PAC, Not authorized by any candidate or candidate’s committee.",≤100
105984667872147,Patriotic Liberty,Vivian Lam Nguyen,≤100
223008867858902,American Action News,American Action News,≤100
788394134539871,USPS Business,United States Postal Service,≤100
1836138529938551,Greater Half,Greater Half,≤100
15687409793,World Wildlife Fund,World Wildlife Fund,≤100
420785874975425,Conservative Institute,The Conservative Institute,≤100
1438808983108348,BOLD PAC,CHC BOLD PAC,≤100
104684067632334,Unite the Country,UNITE THE COUNTRY,≤100
309798029121030,Everytown for Gun Safety,Everytown for Gun Safety Action Fund Inc,≤100
100817908371975,The Patriot Authority,Catherine Sue Mantooth,≤100
43821078871,Transport Workers Union (TWU),Transport Workers Union of America,≤100
21559454473,FAIR,FEDERATION FOR AMERICAN IMMIGRATION REFORM,≤100
157849841559162,JA Moore For SC District 15,JA Moore for SC,≤100
101481584557260,Help Asheville Bears-HAB,Heather Christina Williams,≤100
159964696102,Kevin McCarthy,KEVIN MCCARTHY FOR CONGRESS,≤100
163148530407080,Captain Mark Kelly,MARK KELLY FOR SENATE,≤100
1323161541032507,For Our Future FL,For Our Future Action Fund,≤100
1316372698453411,Alexandria Ocasio-Cortez,Alexandria Ocasio-Cortez for Congress,≤100
184731548554164,PL+US,Plus Fund: Paid Leave for the United States,≤100
107210084216238,Humanity Forward,Humanity Forward,≤100
417522508294454,Job Creators Network,Job Creators Network,≤100
2309566456030859,Human Coalition Action,Human Coalition Action,≤100
245284549333866,ASMDSS,ASMDSS,≤100
1917715138510680,Follow Your Legend,Legend Bracelet,≤100
100101018155207,Paid Leave for All,Paid Leave for All a project of Hopewell Fund,≤100
977704775606273,Balls Deep Tackle,Balls Deep Tackle,≤100
111316390402027,Melissa Watson for Congress,Melissa Watson for Congress,≤100
129255907131113,NumbersUSA,NUMBERSUSA EDUCATION AND RESEARCH FOUNDATION,≤100
101136147910784,Represent Justice,Represent Justice,≤100
419992651425033,Guardianes del Pueblo-Consumer Law Group,Consumer Law Group,≤100
245741028804051,Barbara Sinatra Center,Barbara Sinatra Children's Center,≤100
104614641200137,MeidasTouch,MEIDASTOUCH,≤100
1228396643984955,Michelle Steel,Michelle Steel for Congress,≤100
50982313030,Food & Water Watch,Food & Water Watch,≤100
101278694809805,Meme2020,Meme2020,≤100
473191156175163,EDF Action,Environmental Defense Action Fund,≤100
106224464107240,Jo Jorgensen,Jo Jorgensen for President,≤100
109788797242679,The Patriot Circle,Kin Ngai Yeung,≤100
8492293163,Environmental Defense Fund,Environmental Defense Fund,≤100
607626319739286,Black Voices for Trump,TRUMP MAKE AMERICA GREAT AGAIN COMMITTEE,≤100
1799282383731277,TwoSeventy,Alexander Jared Deutsch,≤100
1934191280189700,Health Care Voter,Health Care Voter,≤100
18709174006,National Audubon Society,"NATIONAL AUDUBON SOCIETY, INC.",≤100
101210588150219,Boy Scouts Abuse Claims,X Social Media LLC,≤100
202600839762879,I Am Pro-Life,Focus on the Family,≤100
277414242013,Joyce Elliott for Congress,JOYCE ELLIOTT FOR CONGRESS,≤100
302182941354,AARP Advocates,AARP,≤100
195530355493,Chicks On The Right,Chicks on the Right,≤100
1580652728851833,Jim Justice,Committee to Re-Elect Jim Justice,≤100
103315378108004,True Patriot Strength,LE-HUU DONG HUYNH,≤100
737686089933715,Conservative Collections,Mainline Media Group,≤100
308159713150350,Voter Protection Project,VOTER PROTECTION PROJECT,≤100
775525186130124,Center for a Free Economy,Center for a Free Economy,≤100
113266897143669,Stand To Defend,Korie Lynn Padgett,≤100
314499212242,Pfizer,Pfizer Inc.,≤100
102745147891580,Trump Coolers,Eric Clifford Juels,≤100
6333396177,NewsBusters.org,MEDIA RESEARCH CENTER,≤100
97493741436,John W. Hickenlooper,HICKENLOOPER FOR COLORADO,≤100
475456956305422,All Voting Is Local,Leadership Conference Education Fund,≤100
711478725532801,Civiqs,Civiqs,≤100
107483817554072,WorkMoney,WorkMoney,≤100
629732217415068,Republican Party,Greater Half,≤100
360424321432255,Doha Debates,Doha Debates,≤100
217976018236954,OutKick,Outkick Media LLC,≤100
19342050934,Leadership Institute,LEADERSHIP INSTITUTE INC,≤100
342887442508723,Convention of States,Convention of States Action,≤100
35169196082,Project HOPE,"PROJECT HOPE-THE PEOPLE-TO-PEOPLE HEALTH FOUNDATION, INC.",≤100
146944270368,Senator Larry Grooms,LARRY GROOMS FOR SENATE,≤100
102478061559294,Convention on Founding Principles,Convention on Founding Principles,≤100
38235851310,USA for UNHCR,UNITED STATES ASSOCIATION FOR UNHCR,≤100
1447994318779650,AirMedCare Network,AIrMedCare Network,≤100
27544763621,Prison Fellowship,Prison Fellowship,≤100
481559282597914,TrumpersUnite,Respect The Look,≤100
560140464159364,Stand for the 2nd Amendment,SFT2 Tactical Supply,≤100
472938276849222,Heroes For Healthcare,"Center for Popular Democracy, INC.",≤100
18813753280,Human Rights Campaign,"HUMAN RIGHTS CAMPAIGN, INC.",≤100
419237048158257,Susan Collins,COLLINS FOR SENATOR,≤100
19192438096,AAAS - The American Association for the Advancement of Science,American Association for the Advancement of Science,≤100
1204754733024419,People's Power Grab,ACRONYM,≤100
169710960125365,Curzio Research,Curzio Research Inc.,≤100
9739634228,The Political Machine,"Hitcents.com, Inc",≤100
373814729643508,Let America Vote,Let America Vote PAC and National Democratic Redistricting Committee,≤100
1194865807192273,Conservative Gear,Outergoods LLC,≤100
101252258324890,The Con,Abramorama Inc.,≤100
329284771298646,Issue One Action,Issue One Action,≤100
153678684700451,American Investment Council,AMERICAN INVESTMENT COUNCIL,≤100
376776419037747,Turning Point USA,Turning Point USA,≤100
6231686654,Compassion International,"COMPASSION INTERNATIONAL, INCORPORATED",≤100
679171239164792,Supermajority,Supermajority,≤100
104628157828854,Max Dorsey for Sheriff,MAX FOR SHERIFF,≤100
118502801658228,Young Kim,Young Kim for Congress,≤100
10498053716,Media Research Center,MEDIA RESEARCH CENTER,≤100
100233228182981,Madison Cawthorn for Congress,CAWTHORN FOR NC,≤100
8550121410,Free Speech America Project,MEDIA RESEARCH CENTER,≤100
163302087408673,Stop The Donald,Stop the Donald,≤100
166618413413767,Jay Sekulow,American Center for Law and Justice,≤100
5720973755,Defenders of Wildlife,DEFENDERS OF WILDLIFE,≤100
104396194587918,C3 Solutions,Conservative Coalition for Climate Solutions,≤100
148205145252473,Backcountry Hunters & Anglers,Backcountry Hunters & Anglers,≤100
149081336362,AmeriCorps VISTA,Corporation for National and Community Service,≤100
111324359048459,Dr. Roger Marshall,KANSANS FOR MARSHALL,≤100
46093654473,National Republican Congressional Committee,NRCC,≤100
1162286517277297,Canvass America,Canvass America,≤100
605168822998856,314 Action,314 ACTION FUND,≤100
53541257714,The Arc of the United States,The Arc with Facebook Ad Credits,≤100
105732744375701,Steve Bullock,MONTANANS FOR BULLOCK,≤100
780941275347834,Ilhan Omar,ILHAN FOR CONGRESS,≤100
843214662368281,El Poder En Ti,Telemundo Digital Media,≤100
555787351119974,Coalition to Protect America's Health Care,Coalition to Protect America's Health Care,≤100
143089732792,Marsha Blackburn,Blackburn Tennessee Victory Fund,≤100
1690071827911682,Cleancult,cleancult,≤100
209516845093,NRDC Action Fund,NRDC Action Fund,≤100
106648754481335,Keep IOP Free,Keep IOP Free,≤100
482899722113894,Peymynt Financial,Peymynt Financial,≤100
293225127381200,Patriot Depot,The Patriot Depot,≤100
6236054211,Brady,Brady Campaign to Prevent Gun Violence,≤100
481807565214969,Palmetto Promise Institute,Palmetto Promise Institute,≤100
112974563687584,Robert Kiyosaki - The Rich Dad Poor Dad Letter,Long Form Creative Co.,≤100
24330467048,Americans for Prosperity,AMERICANS FOR PROSPERITY,≤100
102592959026,Ocean Conservancy,"OCEAN CONSERVANCY, INC.",≤100
17911165812,Covenant House International,Covenant House,≤100
278487153675,Redneck Nation Clothing,Tracie Milliron Gold,≤100
347978955534783,Solcius,Solcius,≤100
109360297266116,Fearless Patriot,TERESA NONE OHARA-MARSH,≤100
380419718638319,Josh Kimbrell for Senate,Josh Kimbrell for Senate,≤100
116222966843926,US Concealed,US Concealed,≤100
683872625157265,Theresa Greenfield,THERESA GREENFIELD FOR IOWA,≤100
1526736227567131,TrueCoverage,True Coverage,≤100
102916288137405,The Daily Republican,USA Movements LLC,≤100
408250066356,Bill O'Reilly,"Bill Me, Inc.",≤100
101209614956892,Take A Stand,Andrew Joseph Young,≤100
32975139631,If Americans Knew,If Americans Knew,≤100
130467958471,Jason Lewis,Jason Lewis for Senate,≤100
105455840860559,Eagle Realm,Eagle Realm,≤100
110968130547726,Chris deVries For SC 123,Committee to Elect Chris deVries for SC 123,≤100
102781694834193,American Herald,America First Action,≤100
911828698840246,ReLEntless Defender Apparel,ReLEntless Defender Apparel,≤100
93114332471,20/20 Research,2020 Research,≤100
108029674299216,We The People,We The People,≤100
100394524902471,"Steph Smith for Mayor Gaffney, SC",Stephanie Ann Smith,≤100
345378512258813,Elise Stefanik,ELISE FOR CONGRESS,≤100
265268336865693,Do Amore,Do Amore Limited Company,≤100
21395843375,Dialysis Patient Citizens,DIALYSIS PATIENT CITIZENS INC,≤100
100119981671668,Blue Senate,BLUE SENATE PAC,≤100
1925751504337881,MJ Hegar,MJ FOR TEXAS,≤100
706716899745696,Women for Trump,TRUMP MAKE AMERICA GREAT AGAIN COMMITTEE,≤100
1551109418518461,The Honest Patriot,Amundson Media LLC,≤100
467804929927622,Jason Smith,JASON SMITH FOR CONGRESS,≤100
219247332354785,Phil Arballo for Congress,ARBALLO FOR CONGRESS,≤100
531623043662146,Flags of Valor,Flags of Valor,≤100
134452023239984,Human Coalition,Human Coalition,≤100
46347342434,EMILY's List,EMILY'S LIST,≤100
36872302227,Cory Booker,Cory Booker for Senate,≤100
28144169620,Alliance for Aging Research,Alliance for Aging Research,≤100
106949844346620,Trumpian Republicans,Gregory Lawrence Burright,≤100
205395906412,UAW International Union,"INTERNATIONAL UNION, UNITED AUTOMOBILE, AEROSPACE AND AGRICULTURAL IMPLEMENT WORKERS OF AM",≤100
11791104453,NRDC,Natural Resources Defense Council,≤100
112735922758892,Charlie Kirk,Charlie Kirk,≤100
160630887998827,Let Them Live,Let Them Live,≤100
55549065733,Voto Latino,Voto Latino with Facebook Ad Credits,≤100
179513292162226,American History TV,C-SPAN,≤100
593289284500311,Trump Rack,BOXD Marketing,≤100
1655699274695954,Wilson For Florence,Isaac Wilson,≤100
1530883997194411,United States Constitution,Flag and Cross,≤100
17023576156,The Leadership Conference on Civil and Human Rights,The Leadership Conference on Civil and Human Rights,≤100
107226350977260,Rookie,Mark Anthony Russell,≤100
30914589895,The International Fellowship of Christians and Jews,"INTERNATIONAL FELLOWSHIP OF CHRISTIANS & JEWS, INC.",≤100
6820348410,Kirsten Gillibrand,Off the Sidelines,≤100
105943157686335,Trust Michigan Families,TRUST MICHIGAN FAMILIES,≤100
12683623041,Society for Human Resource Management (SHRM),SOCIETY FOR HUMAN RESOURCE MANAGEMENT,≤100
433919203362871,Bird + Stone,BIRD & STONE INC,≤100
747436915270894,Congressional Leadership Fund,CONGRESSIONAL LEADERSHIP FUND,≤100
116534199732974,USA Carry Online,USA Carry Online,≤100
32682889528,U.S. Chamber of Commerce,The U.S. Chamber of Commerce,≤100
6713653788,Gary Peters,PETERS FOR MICHIGAN,≤100
2078647579047586,Project Pulso,Project Pulso,≤100
108118933908193,Next Level Goods,Next Level Goods LLC,≤100
267180743723148,National Geographic Society,National Geographic Society,≤100
109866370700481,PushBlack Finance,PushBlack,≤100
151525932186806,When Democrats Turn Out,WHEN DEMOCRATS TURN OUT PAC,≤100
105536127617594,The American Digest,The American Digest,≤100
20876805343,March of Dimes,MARCH OF DIMES INC.,≤100
101165966152,AFL-CIO,AFL-CIO,≤100
23790541544,Democrats,DCCC,≤100
113725003650771,"Brad Jayne for S.C. House of Representatives, District 114",Brad Jayne for South Carolina,≤100
892673067526965,Project War Path,Project War Path,≤100
237477017606,Club for Growth,Club for Growth,≤100
113201087013394,David Ellison for State Senate - District 32,David Ellison for State Senate District 32,≤100
51379424899,Mercy Ships,MERCY SHIPS INTERNATIONAL,≤100
17203056985,Partners In Health,Partners In Health,≤100
6041057841,The Humane Society of the United States,"HUMANE SOCIETY OF THE UNITED STATES, THE",≤100
384557995468219,Viral Casez,Viral Casez,≤100
137606354090,South Carolina Republican Party,SOUTH CAROLINA REPUBLICAN PARTY,≤100
322551718276442,Lemons Are Blue,Lockwell LLC,≤100
119006106155684,PI Energy,Andrew P Chung,≤100
102636677971854,Trump Is The Storm,Legendary Trump Coins,≤100
100993258368487,James Weaver For DD2,James Weaver for DD2 School Board,≤100
53727956260,Republican Jewish Coalition,Republican Jewish Coalition,≤100
655065784538368,PredictIt,"PredictIt - Prediction Markets. A project of Victoria University of Wellington, PredictIt has been established to facilitate research into the way markets forecast events.",≤100
61265398450,AmeriCorps NCCC,Corporation for National and Community Service,≤100
548407915183371,Liz Cheney,Liz Cheney for Wyoming,≤100
169597416843751,Stand Up America,Stand Up America,≤100
1268410219898273,Tango Tango,Tango Tango Inc,≤100
1837115116571746,Topic,"First Look Productions, Inc",≤100
178835922297833,American Clinical Laboratory Association,American Clinical Laboratory Association,≤100
2012750189007245,Liquid Death Mountain Water,Liquid Death,≤100
338758899543225,Alan Wilson,Alan Wilson for Attorney General,≤100
100401327980848,National Parents Union,National Parents Union,≤100
176099072429809,Oceana in Florida,OCEANA,≤100
135298176481584,Marine Corps Scholarship Foundation,Marine Corps Scholarship Foundation,≤100
143986912311328,University of Vermont Continuing and Distance Education,University of Vermont,≤100
331037760381749,Sierra Magazine,SIERRA CLUB,≤100
248181906078243,National Institute for Civil Discourse,CommonSense American,≤100
1297437463649811,by Humankind,These ads ran without a disclaimer,≤100
110010433804232,Falkirk Center,Falkirk Center,≤100
102617961152741,Barbara Bollier,BOLLIER FOR KANSAS,≤100
67626834312,National Women's Law Center,National Women's Law Center,≤100
108400607228194,LaVerne Jones Gore,LAVERNE GORE FOR CONGRESS,≤100
42872222699,Dana Loesch,Dana Loesch Radio,≤100
103046977892124,Adam Christensen For Congress,ADAM J CHRISTENSEN FOR CONGRESS,≤100
96171427550,Raja for Congress,FRIENDS OF RAJA FOR CONGRESS,≤100
104504438466,Federal Voting Assistance Program - FVAP,Federal Voting Assistance Program,≤100
108273884315449,Real American Patriot,Gold Sky Ventures LLC,≤100
590905468266473,US Apparel 2020,Americas Finest Products,≤100
206743952696198,Lower My Bills,These ads ran without a disclaimer,≤100
284946111858895,Debbie Mucarsel-Powell,DEBBIE FOR CONGRESS,≤100
63240625785,National Immigration Forum,NATIONAL IMMIGRATION FORUM,≤100
107575997700986,Chris Kemper for Newberry SC City Council District 6,Christopher James Kemper,≤100
496696933682736,Jeff Merkley,JEFF MERKLEY FOR OREGON,≤100
105010030848236,Bryant Cameron Webb,DR. CAMERON WEBB FOR CONGRESS,≤100
162493793737,Rick Green,Richard Arlin Green,≤100
1224429014390746,Catalysts,Freethink,≤100
336470580233523,Pins and Aces Golf Co.,US Craft Brands LLC,≤100
294508332028,Lakota People's Law Project,ROMERO INSTITUTE,≤100
215199482635728,Alek Skarlatos,ALEK FOR OREGON,≤100
1859113087545137,Learn Everywhere,"yes. every kid, Inc.",≤100
325578590837480,Protect Our Care,Sixteen Thirty Fund,≤100
317284821682168,Messianic Jewish Alliance of America (MJAA),Messianic Jewish Alliance of America,≤100
299448340464709,Something to Think About,Something to Think About,≤100
102451464709521,Mccord for Senate District 5,McCord for SC District 5,≤100
1765073800454902,Reform Austin,Reform Austin Inc.,≤100
7962229886,Environmental Working Group,ENVIRONMENTAL WORKING GROUP,≤100
112164673854264,Living Patriotically,Living Patriotically,≤100
109451340732702,John McCollum for Congress,JOHN MCCOLLUM FOR CONGRESS,≤100
30708742052,FCTRY,FCTRY,≤100
465483726908192,iVote,IVote Civic Education Fund,≤100
113271610392632,Tim Bohen,Long Form Creative Co.,≤100
105410567897348,Adopt an Officer,Adopt America LLC,≤100
109678580574253,Politicool Clothing Co.,PolitiCoolClothing.com,≤100
1456310534453054,Veteran Loans Online,"LMB OpCo, LLC",≤100
197760674021143,Indivisible Guide,INDIVISIBLE ACTION,≤100
111702860231554,Matt Lieberman,Matt Lieberman for Senate,≤100
100719625004234,Home and Community,Cynthia Nguyen,≤100
102499901286348,Bold Vision P.C.,Bold Vision PC,≤100
2165983337048601,LeverforChange,Lever for Change,≤100
21834534343,Volunteers of America,"VOLUNTEERS OF AMERICA, INC.",≤100
181183059253295,Dorsal Bracelets,Dorsal Bracelets,≤100
312208869424760,Field Team 6,Cory Cambridge Alpert,≤100
112783100361044,Jeffrey - Jeff Cila - SC District 66 Candidate,Jeffrey Paul Cila,≤100
894096170667732,Ashley Hinson,Ashley Hinson For Congress,≤100
973308212736692,Allison Love  York County Council District 2 Clover,allison love york county council d2,≤100
215830238462422,The LIBRE Initiative,The Libre Initiative,≤100
156994304362574,American Bridge 21st Century,AB PAC,≤100
1852520761657982,4ocean,4ocean,≤100
71945223065,Diamond Resorts,Diamond Resorts,≤100
357554791340788,Liker,Omar Rivero,≤100
248306181862385,Live Lokai,Denise L Reina,≤100
101724361319410,Ronny Jackson for U.S. Congress TX-13,Texans for Ronny Jackson,≤100
210277954204,The Young Turks,"The Young Turks, Inc.",≤100
1354622541311687,Dr. Kim Schrier,DR KIM SCHRIER FOR CONGRESS,≤100
5633824547,FreedomWorks,"FREEDOMWORKS, INC.",≤100
105370081104608,Veterans for Trump,TRUMP MAKE AMERICA GREAT AGAIN COMMITTEE,≤100
114885646899438,Mr. 45th,Clush,≤100
618480098621142,Social Security Event,Robert Jared Wilkins,≤100
169277310432049,"Texas Precision Optics, Inc.",Texas Precision Optics Inc,≤100
128167457221813,Public Transportation,Voices for Public Transit,≤100
109709397469494,Dignity Unbound,Dignity Unbound,≤100
375760676281438,Mermaid Straw,Mermaid Straw,≤100
335347887171557,Crooked Columbia,Crooked Columbia,≤100
587676831343390,Raheem AI,RAHEEM AI,≤100
242679302418244,Denison Forum,Denison Ministries,≤100
19474609238,Mercatus Center at George Mason University,Mercatus Center at George Mason University,≤100
114475890010131,Piggy Dollar Financial,Tyler Wayne Hedland,≤100
248793048935235,Conservative Partnership,Conservative Partnership Institute,≤100
719913581472398,Napoli Shkolnik PLLC,Napoli Law,≤100
79125112926,Students for Life of America,"STUDENTS FOR LIFE OF AMERICA, INC.",≤100
109060854131067,Stop Dominion,Stop Dominion,≤100
49059279814,Institute for Justice,INSTITUTE FOR JUSTICE,≤100
20531316728,Facebook App,These ads ran without a disclaimer,≤100
1668138383488902,Katie Hill,Her Time,≤100
114386721939978,The Made in America Store,Made In America Store,≤100
272618896537776,America First Agenda,America First Agenda PAC,≤100
493811210669780,Creative Action Network,Creative Action Network,≤100
103026384819654,How to Vote,ACRONYM,≤100
1316372698453411,Alexandria Ocasio-Cortez,THE SQUAD VICTORY FUND,≤100
38471053686,Elizabeth Warren,"WARREN DEMOCRATS, INC.",≤100
34362997676,United States Holocaust Memorial Museum,UNITED STATES HOLOCAUST MEMORIAL MUSEUM,≤100
405469100189512,Still My President - Donald Trump,Red State Politics LLC,≤100
327202261326682,Stephanie Bice,Bice for Congress,≤100
394817334402124,2020 Trump Bill,Innovative Ecomm LLC,≤100
10150100007820094,Wendy Davis,WENDY DAVIS FOR CONGRESS,≤100
44255328352,Farm Forward,Farm Forward,≤100
5943727453,American Humane,American Humane,≤100
118303441570966,Home Ownership Matters,NATIONAL ASSOCIATION OF REALTORS,≤100
100697751658498,Stronger.org,The Public Good Projects,≤100
80060992758,Center for Food Safety,"CENTER FOR FOOD SAFETY, THE",≤100
112623813202,LifeSiteNews.com,LifeSiteNews,≤100
350101032570200,Lowcountry Home Rescue,Lowcountry Home Rescue,≤100
103531607822207,Noticias para Inmigrantes,"Wise Rock Media, PBC",≤100
114893233534632,Taking Back America,Apse Media LLC,≤100
469609533112889,iDisciple,iDisciple,≤100
106756327769815,Stand For The Promise,Stand For The Promise,≤100
212375358784914,Ed Brodsky for State Attorney,Ed Brodsky for State Attorney,≤100
1658135304460341,MANG,MANG,≤100
291102898490822,Giant Maga Hat,Inventors club LLC,≤100
1682876188698809,United for Respect,United for Respect,≤100
8532248414,Wounded Warrior Project,"WOUNDED WARRIOR PROJECT, INC.",≤100
100699775058659,Education Now NC,Education Now,≤100
104919414599745,People Over Profits,"The People Over Profits Florida, Inc.",≤100
110849485902,United Way,United Way Worldwide with Facebook Ad Credits,≤100
140357056032320,NEA Today,National Education Association,≤100
110089227413037,The Prepared Patriot,Edward Ha,≤100
7292655492,MoveOn,MOVEON.ORG CIVIC ACTION,≤100
103644036958,United Association,United Association Political Education Committee,≤100
34370387440,JDRF,JDRF INTERNATIONAL,≤100
808450969246896,"Rebecca Walser, Tax Attorney, CFP",Walser Wealth Management,≤100
361960287311696,Better Medicare Alliance,"Better Medicare Alliance, Inc",≤100
102389457864860,Treehuggers Bracelets,ECOMX LLC,≤100
953113491536337,Black to the Future Action Fund,Black to the Future Action Fund,≤100
875703902528460,Matt Gurtler,"Friends of Matt Gurtler, Inc.",≤100
110018833813683,Flip the Senate,SMP,≤100
623761824782109,Zanvos,ZanVos,≤100
94047978366,PCCC - BoldProgressives.org,PROGRESSIVE CHANGE CAMPAIGN COMMITTEE,≤100
249362448960808,Sanderson Farms Corporate,Sanderson Farms Corporate,≤100
101591551371555,Fire Mitch. Save America.,SAVE AMERICA FUND,≤100
164567966937605,Freedom Network USA,FREEDOM NETWORK USA,≤100
1084856268238034,Trump Talking,Roberto None Lugo,≤100
1575548746014602,The Order of Rights,Eden Digital Group LLC,≤100
111654690603599,NUIRC,Nonprofit Unemployment Insurance Relief Coalition (NUIRC),≤100
102315958243776,Patriotic Freedom,Vivian Lam Nguyen,≤100
192771954102960,Jordan Sekulow,American Center for Law and Justice,≤100
103185334702225,Stop Trump PAC,STOP 45 PAC,≤100
102564128179023,Truth to Power,TRUTH TO POWER,≤100
1733918116873254,BackWoods Mafia,Landon David Turner,≤100
130882810308851,"The Law Offices of Jason E. Taylor, PC","The Law Offices of Jason E. Taylor, P.C.",≤100
101164484986617,To Be Frank Show,Real News PR,≤100
646594582623475,Republican Nations,Quyen Sanh Gip,≤100
28510612138,Uncommon Knowledge,Hoover Institution,≤100
1627212824167934,Men4Choice,Men4Choice,≤100
107847454354960,Weekly American Lifestyle,Steve San,≤100
814260155318929,The Fairness Project,The Fairness Project,≤100
108512875350,The Atlas Society,The Atlas Society,≤100
7209432197,Chris Coons,CHRIS COONS FOR DELAWARE,≤100
83290028957,Care Net,CARE NET,≤100
6820348410,Kirsten Gillibrand,Gillibrand for Senate,≤100
24481937944,Theodore Roosevelt Conservation Partnership,"THEODORE ROOSEVELT CONSERVATION PARTNERSHIP, INC",≤100
129278807814364,Women of Welcome,Welcome.,≤100
999775873528189,Stopping Socialism,The Heartland Institute,≤100
123624513983,The Western Journal,The Western Journal,≤100
210820618956311,Community Change Action,Community Change Action,≤100
296295018082,AARP en Español,AARP,≤100
1708467695859543,Veteran Transition Mission,Sonia Ivelisse Barriera Ayala,≤100
174467403129304,Yoopine,Yoopine Inc.,≤100
1338822066131069,Women's March,Women's March,≤100
194115677277113,A21,A21 with Facebook Ad Credits,≤100
2070944712939738,American Police Officers Alliance,American Police Officers Alliance,≤100
1452551204988299,GoReact,Speakworks Inc,≤100
271956682821104,Laurie Slade Funderburk,Committee to Elect Funderburk,≤100
232201568659,Pacific Justice Institute,PACIFIC JUSTICE INSTITUTE,≤100
117641114435,First Aid Beauty,First Aid Beauty,≤100
799539910084929,Shaun King,"Premiere Marketing, Inc.",≤100
90498769709,Edenpure,EdenPURE®,≤100
524088387712395,"Maria Walls, CPA, Beaufort County Treasurer",Beaufort County Treasurer's Office,≤100
1802177709900081,The Spectator US,The Spectator US,≤100
422202764649078,Rhode Island Department of Education - RIDE,Rhode Island Department of Education,≤100
612701059241880,Latinos for Trump,TRUMP MAKE AMERICA GREAT AGAIN COMMITTEE,≤100
1413682351987764,Andy Kim for Congress,ANDY KIM FOR CONGRESS,≤100
113110137118723,Collectible Currency,Christopher Walter Adams,≤100
103235554648484,Elect Scientists,314 ACTION FUND,≤100
111888183726681,James Hudson Jr. for Darlington County Sheriff,Joseph Wyatt Kinard,≤100
7686808625,Jim Inhofe,FRIENDS OF JIM INHOFE,≤100
711909245654048,National Police Support Fund,National Police Support Fund,≤100
258470931719484,The Why Minutes,The Why Minutes,≤100
153278754738777,Climate Reality,The Climate Reality Project,≤100
102315041409283,Horses in our Hands,In our Hands Action Fund,≤100
121626482110,Operation Smile,"OPERATION SMILE, INC.",≤100
112334757233941,Right to Telehealth,Jeremy Joseph Schaller,≤100
46508415624,Scott Taylor,Scott Taylor for Congress 2020,≤100
374848446414965,Pollking,Benjamin Aaron Perlman,≤100
23180353833,North Carolina Republican Party,North Carolina Republican Party,≤100
113460456730293,Ben Salango,Ben Salango for West Virginia,≤100
112600915451330,No Labels,No Labels,≤100
717417908274761,Lady Freethinker,Lady Freethinker,≤100
107665644228467,Conservative Journal Review,Conservative Journal Review LLC,≤100
109205663852133,Southern Sustainability,Resource Media,≤100
110889654010278,Restore West Virginia,West Virginia State Building & Construction Trades Council Afl-Cio,≤100
34701792581,EWTN,Eternal Word Television Network,≤100
1823397994580969,Foreman Metal Works,These ads ran without a disclaimer,≤100
721000238103165,Eric Early,Eric Early,≤100
219852195252003,Howard for 19,Howard of Hope Campaign Team,≤100
123965317665623,N-Hance Wood Refinishing,N-Hance Inc.,≤100
502320477205654,I’m Bout Making My Ancestors Proud,Heritage Hill LLC,≤100
443329669123990,USAFacts,USAFacts Institute,≤100
104417574704589,National Black Student Alliance,These ads ran without a disclaimer,≤100
203330919857759,All On The Line,National Redistricting Action Fund,≤100
313097997669,StreetLightUSA,StreetLightUSA,≤100
950998258312654,Knowhere,"Knowhere, Inc.",≤100
931907200310657,Patients Rising Now,Patients Rising Now Inc,≤100
826460474101920,BitMari,Sinclair Matthew Skinner,≤100
100391581727524,Defeat By Tweet,DEFEAT BY TWEET,≤100
529154000442477,America Rising,AMERICARISINGPAC.ORG,≤100
246846192720018,War On Our Future,The Years Project,≤100
21647204289,Michigan Education Association,Michigan Education Association,≤100
313723095478950,The Daily Citizen,Focus on the Family,≤100
785936231584382,Paula Jean Swearengin,Paula Jean for West Virginia,≤100
182821668513294,(Official) South Carolina Libertarian Party,SOUTH CAROLINA LIBERTARIAN PARTY SCLP,≤100
109271350879624,Something We All Need,Patrick Le Tran,≤100
34521916336,Brent Bozell,MEDIA RESEARCH CENTER,≤100
102771646440276,Jesus Christ Savior by Beliefnet,"BN Media, LLC",≤100
1005566252861190,VOTEPROCHOICE,DEMOCRATS.COM,≤100
1192579580831773,Supermajority News,Supermajority,≤100
328633577711956,Alabama Counts,AL Census 2020,≤100
124530924015,Hank Gilbert,HANK GILBERT FOR CONGRESS,≤100
1443127535947107,Save the Children Action Network,Save the Children Action Network,≤100
165238836870566,MRC Culture,MEDIA RESEARCH CENTER,≤100
740266592735787,Free to Be Kids,Free To Be Kids,≤100
58158120046,ACLJ,American Center for Law and Justice,≤100
109459597525704,Living in Liberty,Korie Lynn Padgett,≤100
108296990863730,Hero Action Fund,Hero Action Fund,≤100
107624487697615,Ian Richards for Judge,"Committee to Elect Ian Richards, nonpartisan for Circuit Court Judge Group 30",≤100
1819658374974706,Arena,Arena PAC,≤100
233033790583602,Myrtle Beach FYI,Awesome News Network,≤100
309993142375589,Joe Kennedy III,KENNEDY FOR MASSACHUSETTS,≤100
106166404519806,Black Lives Matter,Bryan Daley,≤100
110104967326680,Finally Affordable Insurance,Roy D Griffin,≤100
173470656019870,The Daily Yonder,Great Stories LLC,≤100
186932688457686,CHNGE,CHNGE,≤100
8057376739,The Nature Conservancy,Nature Conservancy,≤100
259212814698356,Democratic Majority for Israel,Democratic Majority for Israel,≤100
747783932079184,Jared Golden for Congress,COMMITTEE TO ELECT JARED GOLDEN,≤100
111277640428691,President Donald J. Trump 2020,Trump Collections,≤100
420424547981908,In Search of Liberty,Scott Dennis Welch,≤100
896759427103774,Modern Medicaid Alliance,Modern Medicaid Alliance,≤100
7219151423,The Fund for American Studies (TFAS),The Fund for American Studies,≤100
389417997767095,SourceAmerica,SOURCEAMERICA,≤100
1438882392887793,ADF Church Alliance,Alliance Defending Freedom,≤100
11111618026,Union of Concerned Scientists,"UNION OF CONCERNED SCIENTISTS, INC.",≤100
8914040942,Chesapeake Bay Foundation,"CHESAPEAKE BAY FOUNDATION, INC., THE",≤100
128716440866482,Adam Milstein,Adam Milstein,≤100
1055873511190792,Hello Resistance,Hello Resistance Apparel,≤100
1003562459729504,Transportation Nation Network,Transportation Nation Network,≤100
1678492922390061,WorkingNation,WorkingNation,≤100
193675533982095,Ryan Chamberlin,Ryan Chamberlin for Congress,≤100
1545826148838592,Trump 2020,Gregory Lawrence Burright,≤100
142370046577999,Shahid Buttar for Congress,Shahid Buttar for Congress Committee,≤100
175403889150682,FindLaw.com,FindLaw Consumer,≤100
124626320898336,Catholic Extension,"CATHOLIC CHURCH EXTENSION SOCIETY OF THE UNITED STATES OF AMERICA, THE",≤100
89324781720,Pat Toomey,Friends of Pat Toomey,≤100
105872574403318,Project TAMMI,a research grant at The National Center on Addiction and Substance Abuse (CASA),≤100
143729616392084,Van Drew for Congress,Van Drew for Congress,≤100
179909895355213,AIDS United,AIDS UNITED,≤100
13365227077,Planned Parenthood Advocates of Wisconsin,Planned Parenthood Advocates of Wisconsin,≤100
252630252055279,Everything Ebony,Everthing Ebony,≤100
104883717942262,Noah Lindemann for CCSD District 5,Noah Sheldon Lindemann,≤100
105561217523274,The_Dispatch,"Dispatch Media, Inc.",≤100
721689044860696,OneBlinc,"BLINCLOANS, LLC",≤100
113893390401923,American Survival,Tein Yang Sun,≤100
217569858071,Areva Martin,Areva Denise Martin,≤100
213041185421849,Lance Harris,Lance Harris Campaign,≤100
868259909915525,Susie Lee,Susie Lee for Congress,≤100
654702428226892,Stop the Corridor,Stop the Corridor,≤100
1014486318584089,Armed American Supply,Armed American Supply,≤100
111888183726681,James Hudson Jr. for Darlington County Sheriff,Freddie Engelbert,≤100
103653994359958,Harvard Forward,The Boarding School,≤100
166087830076297,WebPT,WebPT,≤100
5887538795,Education Week,Education Week,≤100
114302593701939,Silent Majority Member,Silent Majority Member,≤100
149366465128820,Nicole Galloway,Nicole Galloway for Missouri,≤100
525171637666780,Sandy Piña California Delegate,RCR,≤100
153309775026,SnapStream,SnapStream Media,≤100
260536047319339,RN Action,American Nurses Association,≤100
10897453188,Operation Mobilization - OM USA,"OPERATION MOBILIZATION USA, INC.",≤100
109032560695013,Jason Buelterman for Chairman,"Committee To Elect Buelterman, Inc.",≤100
50711561090,Muslim Advocates,MUSLIM ADVOCATES,≤100
55549065733,Voto Latino,VOTO LATINO INC.,≤100
6165653060,AFSCME,AMERICAN FEDERATION OF STATE COUNTY & MUNICIPAL EMPLOYEES,≤100
338020156837038,The Exodus Movement,Red Sea Rising PAC,≤100
360303722260,Kathleen Williams,KATHLEEN WILLIAMS FOR MONTANA,≤100
91346559231,Democratic Legislative Campaign Committee - DLCC,Democratic Legislative Campaign Committee,≤100
100503184678036,BioLargo Water Inc.,"BioLargo, Inc.",≤100
100559204891447,Friends of Dr. James St. George,Friends of James St. George,≤100
458928061510318,Rita Hart for Iowa,RITA HART FOR IOWA,≤100
251632675552663,Rigged: The Voter Suppression Playbook,American Issues Initiative,≤100
852784198406948,Boy Scouts Investigation,These ads ran without a disclaimer,≤100
241247646424302,Jahana Hayes,FRIENDS OF JAHANA HAYES,≤100
210357995667559,The National Memo,The National Memo,≤100
102478528086004,Reading On the Left,St. Martin's Press,≤100
1977738355807406,Sharice For Congress,SHARICE FOR CONGRESS,≤100
18983389920,Open Society Foundations,Open Society Foundations,≤100
103847861152104,Citadel Preservation Party,Citadel Preservation Party,≤100
2256321067930356,Liberteeclub,libertyteeshop,≤100
24982445498,ProQuest,PROQUEST LLC,≤100
104896112844,Wake County Government,John Andrew Hamlin,≤100
103929304678916,Voter Action Project,Integrity First Voter Action Project,≤100
2295062210811244,Coalition for American Veterans,COALITION FOR AMERICAN VETERANS POLITICAL ACTION COMMITTEE,≤100
1425435377743310,Conversations with Bill Kristol,The Foundation for Constitutional Government,≤100
15041226930,Oxfam,"OXFAM AMERICA, INC.",≤100
455147011996099,The Ann and Phelim Scoop,The Unreported Story Society,≤100
464585024304179,Logan Cunningham For County Council,Logan Cunningham For County Council,≤100
408252582872693,Daniella Levine Cava,"Daniella Levine Cava, Non-Partisan, for Miami-Dade County Mayor",≤100
182874798954637,ZIP TOP,These ads ran without a disclaimer,≤100
25121889784,Texas Public Policy Foundation,Texas Public Policy Foundation,≤100
103694317846862,Making Congress Great Again,Making Congress Great Again,≤100
602828763544800,Kate For Congress,KATE FOR CONGRESS,≤100
198875903295,Trek Bicycle,TREK BICYCLE CORPORATION,≤100
138141366212571,Gravis Marketing,GRAVIS MARKETING INC.,≤100
112333396969405,Jim Bognet,Bognet for Congress,≤100
87877000648,Monster,These ads ran without a disclaimer,≤100
1640970822834351,Plaine Products,Plaine Products,≤100
1741729849281711,Uber & Lyft Sexual Assault Attorneys,Safer America,≤100
319982881752525,Kara Eastman,EASTMAN FOR CONGRESS,≤100
2332380533514168,Kandiss Taylor,KANDISS TAYLOR FOR U.S. SENATE,≤100
173837496125511,Conscious Step,Conscious Step,≤100
113110137118723,Collectible Currency,Proud Patriots,≤100
186805048171120,U.S. & Texas LawShield,Texas LawShield,≤100
26006662641,Arizona Democratic Party,Arizona Democratic Party,≤100
19972147679,SEIU,SEIU,≤100
107439427661844,Accountable Tech,Accountable Tech,≤100
1634651343331439,Project Wren,Landon Brand,≤100
108506830560787,Jessica Scarane,JESS SCARANE FOR DELAWARE,≤100
2013803118888358,Vote Jackie Todd,Vote Jackie Todd,≤100
35715544220,Stand.earth,STAND,≤100
105932937869050,Respect The Look Online Shop,Respect The Look Shop,≤100
551158678560402,Epimonia,Epimonia LLC,≤100
106203264511020,Washington Changed Katko,DCCC,≤100
357750373755,National Domestic Workers Alliance,National Domestic Workers Alliance,≤100
152264148166020,Moms Clean Air Force,Moms Clean Air Force,≤100
221690171353068,Jay Obernolte,JAY OBERNOLTE FOR CONGRESS 2020,≤100
164472026916984,Masbia Soup Kitchen Network,MASBIA,≤100
570524446405979,Only Human,Only Human,≤100
2068988876444634,Stand Up for Accurate Prenatal Answers,STAND UP FOR ACCURATE PRENATAL ANSWERS INC,≤100
1400371370253041,Eagan Immigration,Eagan Immigration,≤100
1099779163410386,John Barrasso,Friends of John Barrasso,≤100
1764185850558806,Apex Clean Energy,Apex Clean Energy,≤100
133294620046953,Mission India,MISSION INDIA INC,≤100
228132537208218,Tammy Duckworth,TAMMY FOR ILLINOIS,≤100
22426379899,Workman Publishing,WORKMAN PUBLISHING CO. INC.,≤100
2132239103548917,Every Last One,Every Last One,≤100
113891694102,Energy Citizens,AMERICAN PETROLEUM INSTITUTE,≤100
103627521296991,April Ghueder For District 5 School Board,Friends of April Ghueder,≤100
455595357859098,Richard DeNapoli,Richard DeNapoli for Broward Republican State Committeeman,≤100
124155874263916,Participant Media,Participant Media,≤100
111970730196550,World War Zero,AMERICAN SECURITY PROJECT,≤100
169130743498585,Tactical Pro Supply,Chad Keller,≤100
111892670610842,Political AF,Quyen Sanh Gip,≤100
103376804451432,Trending Politics,Making Web LLC,≤100
1653251174924652,Fuzzu,Fuzzu,≤100
1986304678248628,Phil Healy For Liberty,Philip Mark Healy,≤100
193899114458191,James Mackler,JAMES MACKLER FOR US SENATE,≤100
129523843754764,Vote Smart,PROJECT VOTE SMART,≤100
205279718892,Habitat for Humanity Cabarrus County,Habitat for Humanity Cabarrus County,≤100
324119001078997,"Sanford Heisler Sharp, LLP","Sanford Heisler Sharp, LLP",≤100
103656897835779,Elect Corey Johnson,Committee to Elect Corey Johson,≤100
412739549455010,Karena Reiter,PrimaDonna Reeds,≤100
139062085972,Illinois Family Institute,"ILLINOIS FAMILY INSTITUTE, THE INC",≤100
1600300510259910,For Our Future Pennsylvania,For Our Future Action Fund,≤100
1679521432262834,Physicians Grassroots Network,American Medical Association,≤100
374876452974178,McShane LLC,McShane LLC,≤100
130268756992804,Yale Climate Connections,Yale Climate Connections,≤100
69039563201,Open Doors USA,"OPEN DOORS WITH BROTHER ANDREW, INC.",≤100
15771560300,Earthjustice,EARTHJUSTICE,≤100
819607471729183,Dr. Al Gross for US Senate,DR. AL GROSS FOR U.S. SENATE,≤100
105157841248307,No Filter Politics,No Filter Politics,≤100
451224838781405,Patriot Baby,Eric Todd Hunter,≤100
109097790883988,OurTrump.com,Alan Neil Fink,≤100
756232037796207,POWER HOME SOLAR,POWER HOME SOLAR,≤100
53541257714,The Arc of the United States,"ARC OF THE UNITED STATES, INC., THE",≤100
108152933883451,TrumpTrendz,Troy Lorenzo Davis,≤100
106402714456835,Trees 4 Australia,Trees4Australia,≤100
17475614410,Hispanic Federation,Paid for by Hispanic Federation with Facebook Ad Credits,≤100
10331123781,Special Olympics,Special Olympics Inc,≤100
142992759853421,Be A Hero,BE A HERO PAC,≤100
108090464296366,Republican Patriots,I Love My Freedom,≤100
872842866161157,One Nation Design,One Nation Design,≤100
102527004893192,The National Standard,Howard Stephan Barbanel,≤100
379373892662119,Healthcare Advisor Group,Healthcare Advisors Group,≤100
104667417857551,United Association LLC,United Association LLC,≤100
160844834773039,Athanasios Dilos Journalism,Athanasios Dilos,≤100
100252351542253,"Macie P. Smith, EdD - Candidate SC State Univ. Board of Trustees",Dr. Macie P. Smith,≤100
181924628560212,SumOfUs,SumOfUs,≤100
135997359926517,SSDC Services,Jefery James Wenzel,≤100
102180301437619,2020 American Defense Fund,C3 PAC,≤100
2212066245574161,Sarah Huckabee Sanders,St. Martin's Press,≤100
102665201399226,Current Science Daily,Metric Media LLC,≤100
100355778430951,By Our Own Bootstraps,Brandon Vu,≤100
263891677826490,Earthsider,Ryan James Martin,≤100
101103254533,SOS International,SOS International,≤100
661744180680367,National Police Association,"NATIONAL POLICE ASSOCIATION, INC.",≤100
384336778589668,Defend Our Constitution,COMMON CAUSE,≤100
2133130356918764,Common Justice,COMMON JUSTICE INC,≤100
621045511876296,Silent Majority,Silent Majority LLC,≤100
141692255929599,Democratic Socialists of America,DEMOCRATIC SOCIALISTS OF AMERICA INC,≤100
107197277617093,VoteSafe,National Vote At Home Institute,≤100
107937014153581,Energized Health,John Jubilee Transformation LLC DBA Energized Health,≤100
56332452163,AMA Patients Action Network,American Medical Association,≤100
102875587947942,Keep Trump In Office,Keep Trump In Office,≤100
102659217991609,Vote Samantha Wallace,Samantha S Wallace for County Council,≤100
143021112391265,Jacobin magazine,Jacobin Foundation,≤100
339432396135584,The Exodus Road,EXODUS ROAD INC,≤100
70874333603,CatholicVote,CatholicVote,≤100
2146201085498440,Tony Gonzales,Tony Gonzales for Congress,≤100
296106753794181,Black Press USA - NNPA,Norman Rich,≤100
148731991811588,Baird,Robert W. Baird & Co. Incorporated,≤100
289213691238937,Thrasher Coffee,Thrasher Coffee Co.,≤100
105698674239617,Embed News,Embed News,≤100
839232182831341,SCWomenLead,South Carolina Women's Leadership Network,≤100
103682988095910,Right Wing Support,Right Wing Support,≤100
100123544800892,Disme Coin Company,Byron Michael Laughlin,≤100
219224241438635,Compassion & Choices,COMPASSION & CHOICES,≤100
1788530101402591,Rep. John McCravy,McCravy for House,≤100
830890360316751,Nick Hanauer,Civic Action,≤100
115757826468774,Statsigo,Statsigo,≤100
193618220508,LIFE Today,LIFE Outreach International,≤100
100274421421778,Mitch4SC118,mitch4sc118,≤100
113310617054164,Trump Baseball Bats,Trump Baseball Bats,≤100
1439364926329185,Animal Matters,Animal Matters,≤100
464292670410321,Claudia Tenney for Congress,TENNEY FOR CONGRESS,≤100
103150364587807,Gun Owners Care,National Shooting Sports Foundation,≤100
44340057816,Uncommon Goods,UncommonGoods,≤100
110468488981853,UNRWA USA,UNRWA USA,≤100
39656174351,V-103 The People's Station,Entercom Atlanta,≤100
136650483039197,Conduit News,These ads ran without a disclaimer,≤100
98912141410,American Forests,American Forests,≤100
869834083131145,Conservative Writers,Conservative Writers,≤100
197461723779499,"Vasquez Law Firm, PLLC",William Junior Vasquez,≤100
168109446538119,St. Martin's Press,Macmillan Publishing,≤100
103934071014071,Fire Drill Fridays,"GREENPEACE, INC.",≤100
112062967001761,John Durrett for State Attorney,John Durrett for State Attorney,≤100
72931140459,Center for Biological Diversity,"CENTER FOR BIOLOGICAL DIVERSITY, INC.",≤100
300992409852,Hoover Institution,Hoover Institution,≤100
137470926951018,"John Mina, Orange County Sheriff","John Mina, Democrat, for Orange County Sheriff",≤100
143173285763,Tenth Amendment Center,Tenth Amendment Center,≤100
83061458456,DC Vote,COALITION FOR D.C. REPRESENTATION EDUCATION FUND,≤100
106425730874644,Ruby Powell-Dennis for Tennessee,Citizens For Ruby Powell-Dennis,≤100
291260461373618,News and News,News and News,≤100
110382180339967,Samuel Smith for Texas,Samuel Chester Smith,≤100
1613516851999536,Sunrise Movement,Sunrise,≤100
104784143701,Al Lawson for Congress,AL LAWSON FOR CONGRESS,≤100
213687698658,Americans for Prosperity Foundation,Americans for Prosperity Foundation,≤100
101304331288112,Sean Mooney,Committee to Elect Sean Mooney,≤100
1709145412721991,The Center for Growth and Opportunity at Utah State University,The Center for Growth and Opportunity,≤100
218020061613734,UBS,UBS Financial Services Inc.,≤100
413010578799934,Sue-Ham for County Council,Sulondia Renice Hammond,≤100
265045056894488,Mark Meckler,Convention of States Action,≤100
18017481462,Acton Institute,Acton Institute,≤100
234628203317767,Made for Freedom,Made for Freedom,≤100
97624620788,American Friends of Magen David Adom,AMERICAN FRIENDS OF MAGEN DAVID ADOM,≤100
260754507296508,The Voter Participation Center,Voter Participation Center,≤100
200259660733791,Sanford Bishop,Sanford Bishop for Congress,≤100
107225484068529,Donna Deegan for Congress,Donna Deegan For Congress,≤100
105638420825,California College Republicans,California College Republicans,≤100
110061623807565,Kelly Loeffler,Georgians for Kelly,≤100
19420215926,CNSNews.com,MEDIA RESEARCH CENTER,≤100
615854911830541,Shore Buddies,PB 1904 International LLC dba Shore Buddies,≤100
125319303823,Champlain College,Champlain College Incorporated,≤100
550622028319900,Headlock Press,Headlock Press,≤100
497081420632330,Dr. Hiral Tipirneni,HIRAL FOR CONGRESS,≤100
101781744709441,Leningrad Lindsey Graham,Darian,≤100
161186620643972,American Institute for Economic Research,AMERICAN INSTITUTE FOR ECONOMIC RESEARCH,≤100
1962432260715827,Kindhumans,Kindhumans,≤100
1691091571125390,Representative Shevrin Jones,"Shevrin Jones, Democrat for Florida Senate, District 35",≤100
101391906600,Live Action News,Live Action News,≤100
100906591716189,Beyond Patriots,Priscilla Bethany Kennedy,≤100
109200595768753,The Christian Left,The Christian Left,≤100
751679868274074,Hope for Students,THE EXPECTATIONS PROJECT INC,≤100
260933440643373,UltraViolet,UltraViolet Action,≤100
227764782729,AMERICAN - STRONG!,American Strong LLC,≤100
28068665077,American Academy of PAs,American Academy of PAs,≤100
101859834894652,Is The News Being Manipulated?,Donna Lee Klingman,≤100
315151565831,Ascension,Ascension Press,≤100
824542604252069,Erick Erickson,Erick Woods Erickson,≤100
105031414415024,Francis Malofiy,Francis Malofiy,≤100
279890513018,Islamic Networks Group - ING,"ISLAMIC NETWORKS, INC.",≤100
104255784686223,The Lorna M. Johnson Global Institute,The Lorna M. Johnson Global Institute,≤100
105566824535889,Floridians for Ethics and Truth in Politics,Floridians for Ethics and Truth in Politics,≤100
101380274600494,Old North News,Metric Media LLC,≤100
21455818797,Feed the Children,"FEED THE CHILDREN, INC.",≤100
2030590757228019,Rev. Mark Creech,Mark Creech,≤100
8145161702,Lambda Legal,"LAMBDA LEGAL DEFENSE & EDUCATION FUND, INC.",≤100
102991041296417,Health Insurance Plan,These ads ran without a disclaimer,≤100
1229789977123022,Debbie Lesko for Congress,DEBBIE LESKO FOR CONGRESS,≤100
164513254148611,America's Voice News,Barbara Jean Lawrence,≤100
1668350569891953,Rainbow Movement,William James Ulrich,≤100
102988084816186,Tennesseans for Putting Students First,Tennesseans for Putting Students First,≤100
103851564652,Waterkeeper Alliance,WATERKEEPER ALLIANCE INC,≤100
386305465057247,Liberty Nation,Liberty Nation,≤100
1014291495249813,Politicon,Politicon,≤100
108906707265489,USA Pooch,"PRESIDENTIAL POOCH, INC",≤100
92730524910,AdventHealth,AdventHealth,≤100
540475879444766,Captains For Clean Water,"CAPTAINS FOR CLEAN WATER, INC.",≤100
2318731681689030,Southeast Utility Watch,Energy Media,≤100
308353252483,Kristi Noem,Kristi for Governor,≤100
2338979479650120,Genevieve Collins for Congress,COLLINS FOR TEXAS,≤100
113335773562471,President Trump For Re-Election,Great American Era,≤100
110401877217497,Oscar Puig for Doral,Oscar Puig for Doral,≤100
103903914570915,Pro2a,Delta Team Marketing,≤100
174777196873,Republican Party of New Mexico,REPUBLICAN CAMPAIGN COMMITTEE OF NEW MEXICO,≤100
108862184052039,ROMTech,"ROM Technologies, Inc.",≤100
103979520737,WildCare,WILDCARE TERWILLIGER NATURE EDUCATION & WILDLIFE REHABILITATION,≤100
344346245749372,Shore Trendz,RHW.COM LLC/DBA Shore Trendz,≤100
102999678178152,Saint John's Conservatives,Saint John's Conservatives,≤100
196152367093112,Planned Parenthood Advocates of Nebraska,Planned Parenthood Advocates of Nebraska,≤100
50576707351,Republican State Leadership Committee,Republican State Leadership Committee,≤100
104230074722667,MAGA Store,William Devoe,≤100
110798880680061,USA Strong,USA Strong,≤100
192013990902459,Roy Cooper,Cooper For North Carolina,≤100
514167322309353,Dan Crenshaw,Dan Crenshaw for Congress,≤100
416913748508616,We Welcome Refugees,We Welcome Refugees,≤100
108904930490427,Daddyish,DaddyishAsf,≤100
101485931485408,UNITEDemocrats,UNITEDEMOCRATS PAC,≤100
114386721939978,The Made in America Store,Anthony Michael Falbo,≤100
106954147689215,Just the Truth,JUST THE TRUTH POLITICAL ACTION COMMITTEE,≤100
104938814276248,Brush Plastic Away,Brush Plastic Away,≤100
217187838327836,The Story Exchange,The Story Exchange Foundation,≤100
102455534898300,Face The Change,FaceTheChange.co,≤100
7735858972,Humane Society Legislative Fund,Humane Society Legislative Fund,≤100
114864793399013,Nicole Love Hendrickson for Gwinnett Chair,LOVE4GWINNETT,≤100
162244692732,Brennan Center for Justice at NYU Law,William J Brennan Jr Center for Justice Inc,≤100
1695950424027488,Andy Hallinan,Andrew Lawrence Hallinan,≤100
109383104181346,2 Black Authors,Mind Body Spirit Solution LLC,≤100
332172544231683,America's Plastic Makers,"AMERICAN CHEMISTRY COUNCIL, INC.",≤100
103617578071596,Anti-Racism Campaign,Anti-Racism Campaign,≤100
106034297877945,VOTE Ingram for ATMC,ingram4atmc,≤100
312066286397519,Manning Asylum Law,Manning Asylum Law,≤100
243362776583569,Air Mail,Air Mail,≤100
317667194946264,Ro Khanna,RO FOR CONGRESS INC,≤100
1636216106590985,Josh Hawley,JOSH HAWLEY FOR SENATE,≤100
773787689497438,Chele Farley for Congress,CHELE FARLEY FOR CONGRESS INC.,≤100
2259323457517498,Abolish the Electoral College,ABOLISH THE ELECTORAL COLLEGE,≤100
93565224474,Mercy For Animals,MERCY FOR ANIMALS,≤100
1424655311129385,Proud Pour,Proud Pour,≤100
698400060189827,Dan Sullivan,Alaskans for Sullivan,≤100
700153177010264,Plant Based Products Council,Plant Based Products Council,≤100
543066585882629,Libertarian Country,Libertarian Country,≤100
2656520364418366,Tracy Pelt for Dillon County Sheriff,Marion Tracy Pelt,≤100
129403184999,Matt Nye,"Matt Nye, Republican for Florida House, District 52",≤100
12503116997,Dennis Prager,Salem Media,≤100
399067003454888,Sudan Relief Fund,Sudan Relief Fund Inc,≤100
68563629337,Fred Upton,Upton for All of Us,≤100
73970658023,International Rescue Committee,International Rescue Committee,≤100
460014491113867,Wesley Meredith,Wesley A. Meredith for Senate,≤100
100992801635617,Conservative American Strategies,These ads ran without a disclaimer,≤100
106375871170305,Rob Wittman Facts,RASHID FOR VA,≤100
673339636435416,Seth Clark for Macon-Bibb County Commission,Friends of Seth Clark,≤100
100831001694399,Rave The Vote,Rave The Vote,≤100
59543893235,National Constitution Center,National Constitution Center,≤100
103322426424621,Jonathan Karl,Jonathan David Karl,≤100
77459136187,Gavin Rollins,GAVIN ROLLINS FOR CONGRESS,≤100
189452770432,Women's Campaign Fund,WOMENS CAMPAIGN FUND INC,≤100
115209626876010,Save The Planet,Lamar Diontay Johnson,≤100
110070650346482,The Change Leon Valley Project,The Change Leon Valley Project,≤100
13885075114,Action Against Hunger USA,ACTION AGAINST HUNGER - USA,≤100
1397456727053085,Georgia Law Enforcement,Georgia Law Enforcement Organization,≤100
32582320449,CMMB,CATHOLIC MEDICAL MISSION BOARD INC,≤100
101888608186192,MedicalCommunitynet,Medical Community LLC,≤100
168452723312821,Chisholm Chisholm & Kilpatrick LTD,Chisholm Chisholm & Kilpatrick LTD,≤100
167517583278440,Northeast Animal Shelter,"NORTHEAST ANIMAL SHELTER, INC.",≤100
260668817346988,Ignite National,IGNITE,≤100
700941689954518,Defend Our Future,Defend Our Future,≤100
101041998305221,The Proud Republicans,Great American Era LLC,≤100
657708380952174,Voices of the Civil Rights Movement,Comcast,≤100
345946329411380,Petal Soap,Jason Paul Domangue,≤100
248262725706461,Power The Future,Power The Future Inc,≤100
1869687273277265,Run for Something,Run For Something PAC,≤100
1719944924709939,Saving Jane,Saving Jane,≤100
19554217292,American Heart Association: You're the Cure,American Heart Association,≤100
793294667347992,North State Journal,Jonathan Neal Robbins,≤100
70090474914,American Farmland Trust,"AMERICAN FARMLAND TRUST, INC",≤100
165566613453452,ERLC,ETHICS AND RELIGIOUS LIBERTY COMMISSION OF THE SOUTHERN BAPTIST,≤100
123192635089,GOP,REPUBLICAN NATIONAL COMMITTEE,≤100
111320687282447,BLM Drip,BLM Drip,≤100
107710887461480,Yes On IP34,Yes on IP 34,≤100
108997050902393,The Colors of Liberty,The Colors of Liberty,≤100
104679177804089,45 Changes Lives,PKA Karate Academy Inc,≤100
106868314285372,The Finance Kit,DYS Capital LLC,≤100
104403007783509,Anthony Palumbo for State Senate,New York State Senate Republican Campaign Committee,≤100
260713150211,Protect Our Winters,Protect Our Winters,≤100
10683277758,Exodus Cry,Exodus Cry,≤100
116238930177726,Artsiful,Brad Aaron Shaw,≤100
682990071843813,Center for the Study of Liberty,Center for the Study of Liberty,≤100
135002490472474,Conor Lamb,CONOR LAMB FOR CONGRESS,≤100
109609147465063,Elect Kevin S. Gordon - Cleveland County Commissioner,Kevin Scott Gordon,≤100
278052172260101,ZERO TO THREE,ZERO TO THREE,≤100
20612127118,North Carolina Democratic Party,NORTH CAROLINA DEMOCRATIC PARTY - FEDERAL,≤100
221401431386940,Pramila Jayapal,PRAMILA FOR CONGRESS,≤100
211049239087028,Association of Young Americans,Benjamin J Brown,≤100
122150409780,UC San Diego,University of California San Diego,≤100
101819051503206,Stephen Trimble for Alaska,Stephen Trimble for Alaska,≤100
201956993160690,MRCTV,MEDIA RESEARCH CENTER,≤100
566008736785269,Be Heard Project,Be Heard Project,≤100
1555039491394668,Conservation Minnesota Voter Center,CM Voter Center,≤100
107754975940054,Young Hurt 2.0,Leherschell Vaughn Lett,≤100
102010211314386,Donald Trump 2020 Voters,I Love My Freedom,≤100
11911627997,Pancreatic Cancer Action Network,"PANCREATIC CANCER ACTION NETWORK, INC.",≤100
110316697328742,People of Seniors Housing,People of Seniors Housing,≤100
108797534098691,Keep Gifts Great,Adrian Choi Conger,≤100
102175879855284,Harper Perennial,HARPERCOLLINS PUBLISHERS L.L.C.,≤100
588762121302996,Black Superwoman Chronicles,Delisha Denise Sylvester,≤100
115617711783870,Center for Union Facts,CENTER FOR UNION FACTS,≤100
108503659576,National Coalition for Public School Options,National Coalition for Public School Options,≤100
354168144595007,"Tim Sullivan for Lake County Commisioner, District 1",Tim Sullivan for Lake County Commission,≤100
452797224923658,Democratic Coalition Against Trump,THE DEMOCRATIC COALITION,≤100
482731661826882,Mike Miller,Mike Miller for Orange County Commission,≤100
198296877515470,Switch4Good,Switch4Good,≤100
1028908663935923,Americans for Fair Treatment,Americans For Fair Treatment,≤100
111987740159598,Matthew Park for State House,Matthew Park for Tennessee,≤100
159114974140442,"Waldron Law Firm, PLLC",Joan Marie Waldron,≤100
102964924453030,Kristy Gnibus,KRISTY FOR CONGRESS,≤100
541807025833154,Malala Fund,Malala Fund,≤100
109551610742579,Judge Dale Cohen,"Dale Cohen, Non-Partisan, for Circuit Court Judge Group 30",≤100
207268325970395,Colin Schmitt,Schmitt4NY,≤100
276708266084189,Ray Dalio,"Principles, LLC",≤100
422008131240977,Equality Florida Action PAC,EQUALITY FLORIDA ACTION PAC INC,≤100
102750021183412,Justice U,Altus Solutions Inc,≤100
493698201094539,Trend Tank Supply,Siddharth Gore,≤100
305859026094125,Texas Latino Conservatives,Texas Latino Conservatives PAC,≤100
779448475497508,David Scherr,Scherr for Vermont,≤100
114806036986986,Laughing AF,Quyen Sanh Gip,≤100
119888884771548,Micah Ali,Micah Ali for School Board 2020,≤100
110316380149,Family Policy Alliance,Family Policy Alliance,≤100
6012633110,Communications Workers of America,"COMMUNICATIONS WORKERS OF AMERICA, AFL-CIO, CLC",≤100
802271849850801,Freedom for All Americans,Freedom for All Americans,≤100
113644103666790,America First,TruthLion,≤100
1272534336242476,World101,Council on Foreign Relations,≤100
1747132688647028,Democratic Association of Secretaries of State,Democratic Association of Secretaries of State,≤100
111648480319494,800DEMOCRAT,800DEMOCRAT,≤100
100256754899828,Patriot's Cave,Patriots Cave,≤100
101176781688638,Vets In America,Thanh Phuc Tran Nguyen,≤100
102139218008846,King Nation Apparel,King Nation Apparel,≤100
570654659658213,The Hunt Institute,The Hunt Institute,≤100
90022052772,Williams,"WILLIAMS COMPANIES, INC., THE",≤100
117214891638398,Street Grace,Street Grace Inc,≤100
117513180002579,John Shallman,Target Marketing Digital,≤100
782093245218764,Qasim Rashid,RASHID FOR VA,≤100
103131054573692,Crawfordology,Crawfordology,≤100
302612457071883,Moving It Right,Richard P Ashton,≤100
1397799040234106,OpinionUP,OpinionUP LLC,≤100
103803147648868,Nifty Blends,Nifty Blends,≤100
343175436328856,CA Needs Energy Storage,California Alliance for Renewable Energy Solutions,≤100
2025091014264618,The Funeral Leader,MKJ Marketing,≤100
2046092952294722,Lucy McBath for Congress,FRIENDS OF LUCY MCBATH,≤100
195704103779569,Savage Outdoors & The One,Amanda Harris Lee,≤100
114209360263932,On Point with Rachel Tourgeman,Rachel Tourgeman,≤100
304062610300415,VozWire,Gregson E Mathe,≤100
111237577031486,AquiPor Technologies,William Powers,≤100
79820371749,Ayanna Pressley,THE SQUAD VICTORY FUND,≤100
106697787812360,Funny Politically,Quyen Sanh Gip,≤100
1370474066365196,F1RST WARRIOR,First Warrior,≤100
49275915266,Marie Stopes International,MSI-US,≤100
243510442756370,Justice Democrats,JUSTICE DEMOCRATS PAC,≤100
341240953385902,Force Of Nature Meats,Force of Nature,≤100
106346337836782,People for Community Equality,People for Community Equality,≤100
8321461609,MomsRising.org,MomsRising Together,≤100
1295279420598401,Victoria Spartz,VICTORIA SPARTZ FOR CONGRESS,≤100
1402827079932843,Low Income Relief,The Lighthouse Information Network LLC,≤100
201446296572389,Compassion in World Farming (USA),Compassion in World Farming USA,≤100
1528498354074301,Punching Bag Media - Conservative News,Sean Michael Probber,≤100
1145019702185006,Alliance for Safety and Justice,Alliance for Safety and Justice,≤100
207152169356805,Re-Elect Circuit Judge Alan Apte,"Alan Apte, Non-Partisan, for Circuit Court Judge",≤100
169440273093442,The Center for Election Science,The Center for Election Science,≤100
278355662356517,BallotReady,"BallotReady, Inc",≤100
710669049286394,Woo the People,Khosro David Illulian,≤100
109379393894282,Keep Texas Moving,TEXAS ASSOCIATION OF BUSINESS,≤100
1498561767025112,Zephyr Teachout,Macmillan Publishing,≤100
463095630924391,US Business Funding,Credox,≤100
911829795826330,Mark Penn Polls,AIRSNEXT Media,≤100
13187955196,Young Americans for Liberty,Young Americans for Liberty,≤100
110828620426941,Roger Polack for Congress,ROGER FOR WISCONSIN,≤100
1612585298811274,Pettis County Clerk Nick La Strada,Nicholas Jonathan La Strada,≤100
154510321337994,Chris Pappas for Congress,CHRIS PAPPAS FOR CONGRESS,≤100
100284648021034,New Tolerance Campaign,New Tolerance Campaign,≤100
216705888361546,Elbert Lee Guillory,ELBERT GUILLORY'S AMERICA,≤100
1892552227740121,Human Race Unite,Human Race United Group of America Incorporated,≤100
167473433290992,Inequality.org,Institute for Policy Studies,≤100
8934429638,Planned Parenthood Action,Planned Parenthood Votes,≤100
102413723172970,Nick Adams,Nick Adams,≤100
106487520883333,Cardinal & Pine,"Courier Newsroom, Inc.",≤100
54787697857,Ron Wyden,WYDEN FOR SENATE,≤100
202531447982,Jimmy Chin,Protect Our Winters,≤100
723113964421686,Justice for Christian Griggs,Dollie Sturdivant Griggs,≤100
11918108948,African Wildlife Foundation,AFRICAN WILDLIFE FOUNDATION,≤100
102449671140258,Joshua Rydell for State Attorney,"Joshua Rydell, Democrat, for State Attorney",≤100
116616056408494,Poder NC Action,Poder NC Action,≤100
102908978166114,Liberty Leadership Fund,Liberty Leadership Fund,≤100
100911481267154,"Luke Gromen - FFTT, LLC","FFTT, LLC",≤100
844605238920385,Laura Jens-Smith,FRIENDS OF LAURA JENS-SMITH,≤100
431781483507232,Keep Katherine Fernandez Rundle State Attorney,"Katherine Fernandez Rundle, Democrat, for State Attorney",≤100
102729624670835,MinuteStats,Minute Stats,≤100
166732173519455,Suzette Martinez Valladares,Suzette Valladares for Assembly 2020,≤100
103097321307266,Conservative Action Alliance of the Carolinas,Conservative Action Alliance of the Carolinas,≤100
129921337078906,YallPolitics,"Jackson New Media, Inc.",≤100
899236290225176,Sylvia for State Assembly,Citizens for Sylvia Ortiz-Velez,≤100
151944694884237,"Solidarity Strategies, LLC",Solidarity Strategies,≤100
114491353326933,Life with Scott,Adrian Jobe Rink,≤100
77790954801,Salesian Missions,Salesian Missions,≤100
131306317680000,Social Goods,"Social Goods, LLC",≤100
617818515282920,Trumpbert: a Parody of "Dilbert",Freeman Ng,≤100
7642602143,Mother Jones,FOUNDATION FOR NATIONAL PROGRESS,≤100
105882964535390,Cats Against Trump,Cats Against Trump,≤100
1001615463272722,Biosimilars Council,The Biosimilars Council,≤100
106460480894605,Hintaguagaming,These ads ran without a disclaimer,≤100
102027764795677,American Wire,The USA Wire,≤100
28446275521,Military Officers Association of America (MOAA),Military Officers Association of America,≤100
166738743732702,All Above All Action,All Above All Action Fund,≤100
151577215422581,Zioness Movement,"Zioness Movement, Inc.",≤100
411431975550358,Marc Veasey,MARC VEASEY CONGRESSIONAL CAMPAIGN COMMITTEE,≤100
169204449790211,Conservative News Today,"BizPac Review, Inc.",≤100
165152251812,Planet Bonehead,Robert E Donohue,≤100
130945114804,World Jewish Congress,WORLD JEWISH CONGRESS AMERICAN SECTION INC,≤100
341513602902369,CALL TO ACTIVISM,CALL TO ACTIVISM,≤100
109035147533100,National Treasures,Shield Masks US Inc,≤100
97466887664,Innocence Project,"INNOCENCE PROJECT, INC., THE",≤100
105201114623362,Trump Americans,Fulvio David Deavila,≤100
248468095247223,Rastaclat,Rastaclat,≤100
1601467416816223,Lehigh Acres Fire Control and Rescue District,Lehigh Acres Fire Control and Rescue Department,≤100
987698164585861,Citizen Ed,Citizen Education,≤100
132439863446819,Capital Metro,Capital Metro,≤100
222745994575140,Project ChildSafe,"NATIONAL SHOOTING SPORTS FOUNDATION, INC.",≤100
312657362217994,Women's Heart Alliance,Women's Heart Alliance,≤100
592074077639509,Donald Trump Is Our President,Power To The Publisher,≤100
180230069923,American Life League,American Life League,≤100
514167322309353,Dan Crenshaw,Crenshaw For Congress,≤100
105113810944826,Gary4Gov,Gary Votour,≤100
164638537494053,The Pollinator,United Church of Christ Environmental Justice Ministry,≤100
1632568446971453,Boredwalk,Boredwalk,≤100
1234251319933440,Exclusive Apparel,The Dude's Threads,≤100
388547605724,Richard Neal,RICHARD E NEAL FOR CONGRESS COMMITTEE,≤100
111151490241542,Pollemix,Pollemix,≤100
336848256815114,Eyeless on Campus,reconpresseusa,≤100
266903613999178,Rayonier,RAYONIER INC.,≤100
103966331128460,Trump Train 2020 Campaign Tour,The Trump Train,≤100
119216091518705,Protect The Harvest,Karen Elizabeth Glueck,≤100
108692310594568,UNITE HERE,UNITE HERE PAC,≤100
101485404914361,Bad News Wares,Bad News Wares,≤100
122773549121265,President Trump for Nobel Peace Prize 2020,Tarek None Kteleh,≤100
100415021774551,Patriotic Stances,Korie Lynn Padgett,≤100
201716719965863,Patient Safety Movement,Patient Safety Movement Foundation,≤100
158505287559920,Save the Storks,Diane Patricia Ferraro,≤100
429651323843750,Verizon Wireless Workers Rising,"COMMUNICATIONS WORKERS OF AMERICA, AFL-CIO, CLC",≤100
1691667177798461,Brut,Brut,≤100
2049170775107862,Resistance By Design,Resistance By Design,≤100
592250887586314,Jake Auchincloss,Jake Auchincloss for Congress,≤100
540707072979860,Brian Maryott,MARYOTT FOR CONGRESS,≤100
206052849902620,Intermountain Immigration,"Intermountain Immigration, LLC",≤100
13531153805,Knight Foundation,Knight Foundation,≤100
680549575421741,UnitedVoice.com,"Beachside Media, Inc.",≤100
32802178807,Homes For Our Troops,Homes For Our Troops,≤100
2298883023504578,Readdy42020,READDY42020,≤100
562691707395320,Zach Dickerson,Friends of Zach Dickerson,≤100
1652003065088144,WendyBreeden2020,Wendy Breeden for Lake County Commission,≤100
195620754724,Helping Hand USA,HELPING HAND FOR RELIEF AND DEVELOPMENT INC.,≤100
112492646811151,California Census,CA Census 2020,≤100
1561007084146010,All In Together,Priya Kimberly Elangovan,≤100
1947204578916961,Kionne McGhee,"Kionne McGhee, Non-Partisan, for Miami-Dade County Commissioner District 9",≤100
1653885501501009,Propeller,Propeller Enterprises,≤100
103877744493195,Briit Botanicals,Briit Botanicals,≤100
104653064566281,Judge Natasha DePrimo,"Judge Natasha DePrimo, Non-Partisan, for Broward County Court Judge Group 31",≤100
101187548040796,Allen Wellons for NC Senate,Allen Wellons for NC Senate,≤100
128289862750,Liberty in North Korea,Liberty in North Korea,≤100
104881317722736,Get-It-Out,Matthew Justin Viles,≤100
111615162210903,Community Baptist Church,Jonathan Samuel Smith,≤100
1784991421516214,Seek Refuge,Seek Refuge,≤100
100729641303493,ICount NM,I Count New Mexico,≤100
579300342209417,Oliver Gilbert,"Oliver Gilbert, Non-Partisan, for Miami-Dade County Commission Dist 1",≤100
6334782252,Oceana,OCEANA,≤100
1441431779211032,Power to Impeach,POWER TO IMPEACH,≤100
113679093412163,Ed Hunzeker,Ed Hunzeker,≤100
1947525322184514,One Fair Wage,One Fair Wage,≤100
335372906543111,Lee Constantine For Seminole County Commission,Lee Constantine Campaign for Seminole County Commission,≤100
114042806948420,American Patriots,Priscilla Bethany Kennedy,≤100
102970113093477,Church Militant/St. Michael’s Media,Max Aldcander Douglas,≤100
107654244332660,Back BLM,Back BLM,≤100
1156676274461345,Mikie Sherrill,MIKIE SHERRILL FOR CONGRESS,≤100
8936818385,Accuracy in Media,"ACCURACY IN MEDIA, INC",≤100
1667892193505378,Hold the House,HOLD THE HOUSE PAC,≤100
205795426669644,Facts and Logic about the Middle East,Facts and Logic About the Middle East,≤100
102747281355975,This Is Our Democracy,Julia Carol Peter,≤100
72565633140,Soles4Souls,"SOLES4SOULS, INC.",≤100
107953199261156,ifaw,"INTERNATIONAL FUND FOR ANIMAL WELFARE, INC.",≤100
614134231980299,Veterans Empowered To Protect African Wildlife,VETPAW INC,≤100
856086028066485,Persona,"Persona Media, Inc.",≤100
299295363912730,New Politics Leadership Academy,New Politics Leadership Academy,≤100
78420171887,Sailors for the Sea,SAILORS FOR THE SEAINC,≤100
39432041915,Capital Research Center,CAPITAL RESEARCH CENTER INC,≤100
922580991129339,People's Mojahedin Organization of Iran - MEK IRAN,MEK-Iran (Saeid Saadati),≤100
1835838916635491,Transamerica Center for Health Studies,Transamerica Center for Health Studies,≤100
2046280975668889,LeftvsRightIQ.com,LvR Intelligence LLC,≤100
288452868709310,Smart City Expo Atlanta,Smart City Expo Atlanta,≤100
292811880858773,Ocean Voyages Institute / Project Kaisei,Ocean Voyages Institute,≤100
302182941354,AARP Advocates,These ads ran without a disclaimer,≤100
166166843531258,National Council of Resistance of Iran - شورای ملی مقاومت ایران,MEK-Iran (Saeid Saadati),≤100
10234472029,Council on Foreign Relations,Council on Foreign Relations,≤100
598720023670599,Jennifer Carroll Foy,Jennifer Carroll Foy for Governor,≤100
111040616957411,Ricky Dale Harrington Jr for US Senate,Ricky Dale Harrington,≤100
64206021703,National Committee to Preserve Social Security and Medicare,NATIONAL COMMITTE TO PRESERVE SOCIAL SECURITY AND MEDICARE,≤100
75353945070,Boxed Water Is Better,Boxed Water Is Better,≤100
290851614930809,Combat AntiSemitism,Combat Anti-Semitism,≤100
396932197039819,SafeSleeve,"SafeSleeve, LLC",≤100
780606555331010,American Student Loan Advocate,ASLR Marketing,≤100
19746387261,Humane Society International,Humane Society International,≤100
106731947744113,The C4 Patriots,C4 Patriots,≤100
1399926390134311,Nature's Generator,Huntkey USA Inc,≤100
142486699769075,Cabrera For The People,Cabrera for SD 17,≤100
108796160521260,Triangle ADOS,Latosha Marie Gibson,≤100
105023768642,U.S. Chamber Institute for Legal Reform,US Chamber Institute for Legal Reform,≤100
100812534647756,EZPolitix,EZPolitix,≤100
107248944146204,Carlos Gimenez for Congress,Carlos Gimenez for Congress,≤100
159023914150996,UCOMMBlog,UCOMM Media Group,≤100
102846434825096,Beat Abbott,Beat Abbott PAC,≤100
108193134061366,Win One Over,WinOneOver LLC,≤100
160513344045084,John Neely Kennedy,"John Kennedy for Us, Inc",≤100
100224128362301,"Casey Mills for County Court Judge, Group 22","Casey Mills, Non-Partisan, for County Court Judge Group 22",≤100
190987118163092,Connected Clothing Company,Connected Clothing Company,≤100
150181591837186,Ted Terry,Ted for Dekalb,≤100
112442437191294,National Anti-Racism Teach-In,National Anti-Racism Teach-In,≤100
117437204982602,American Wild Horse Campaign,American Wild Horse Campaign,≤100
104519591175701,Jes and Reid,Jessica Marie Richardson,≤100
350784278974539,Turning Point Action,Turning Point Action,≤100
197669827395385,Connected Commerce Council,Connected Commerce Council,≤100
114274493350512,Georgia Alliance for Community Hospitals,Georgia Alliance for Community Hospitals,≤100
172783160290727,New Civil Liberties Alliance,NEW CIVIL LIBERTIES ALLIANCE,≤100
207833736045744,MHAction.org,Kevin R Borden,≤100
495950117447546,Protect Freedom PAC,PROTECT FREEDOM POLITICAL ACTION COMMITTEE,≤100
83960796709,Institute for Southern Studies,INSTITUTE FOR SOUTHERN STUDIES INC,≤100
106333028376,"Nichols Kaster, PLLP",Nichols Kaster PLLP,≤100
807413476285845,Prism,DAILY KOS EDUCATION FUND,≤100
101042758281184,Reading On the Right,Macmillan Publishing,≤100
87777747127,Greg Palast,Palast Investigative Fund,≤100
101208514791301,Daniel Turner,Power The Future Inc,≤100
112325855474892,Speak Up For Education and Kids,National Education Association,≤100
1488803804538481,Mike Siegel for Congress - TX-10,MIKE SIEGEL FOR CONGRESS,≤100
111519760493851,Jasmen Rogers-Shaw,"Jasmen Rogers-Shaw, Democrat, for State House",≤100
1131283233717873,Patriots For Trump,Jordan Ray Riddle,≤100
546497545399440,ASEC - African Sisters Education Collaborative,African Sisters Education Collaborative (ASEC),≤100