﻿Page ID,Page Name,Disclaimer,Amount Spent (USD)
172758932738142,PhRMA,PHARMACEUTICAL RESEARCH AND MANUFACTURERS OF AMERICA,9497
7860876103,Joe Biden,BIDEN VICTORY FUND,4654
126163087403162,International Franchise Association,International Franchise Association,1699
302182941354,AARP Advocates,AARP,1181
108824017345866,Facebook,"Facebook, Inc.",610
1235234926651814,51 for 51,51 for 51,401
328072970642479,Jaime Harrison,JAIME HARRISON FOR US SENATE,378
20787991568,Senate Democrats,DSCC,356
8127889355,Americans for Tax Reform,AMERICANS FOR TAX REFORM,327
1934191280189700,Health Care Voter,Health Care Voter,315
105424307884143,Job Shield America,Job Shield America,253
127755494595870,Progressive Takeover,PROGRESSIVE TAKEOVER,243
775525186130124,Center for a Free Economy,Center for a Free Economy,218
67945990059,The American Petroleum Institute,The American Petroleum Institute,199
202626512363,U.S. Census Bureau,U.S. Census Bureau,194
153080620724,Donald J. Trump,TRUMP MAKE AMERICA GREAT AGAIN COMMITTEE,146
491362440908122,The Beer Institute,BEER INSTITUTE,143
32682889528,U.S. Chamber of Commerce,The U.S. Chamber of Commerce,140
156968474833352,Stop Republicans,Stop Republicans,138
304435663079126,iAmerica,SERVICE EMPLOYEES INTERNATIONAL UNION,133
31966561030,National Taxpayers Union,National Taxpayers Union,132
96935476345,Democratic Governors Association (DGA),Democratic Governors Association,125
294196590710262,FWD.us,FWD.us,123
277005566267077,Blueland,Blueland,114
108632024053665,Elect Mónica Palacio,Elect Mónica Palacio for City Council Committee,103
105269984593079,The Way I See It,Focus Features,≤100
675471506247724,Adair for Congress,ADAIR FOR CONGRESS,≤100
8914040942,Chesapeake Bay Foundation,"CHESAPEAKE BAY FOUNDATION, INC., THE",≤100
102336501236330,Alliance for an Affordable DC,The American Beverage Association. Brought to you by the Alliance for an Affordable DC.,≤100
328853823844484,Balance of Power,Balance of Power,≤100
109784800371914,Protect Kids: Fight Flavored E-Cigarettes,TOBACCO-FREE KIDS ACTION FUND,≤100
800526200021074,American Truck Dealers,NATIONAL AUTOMOBILE DEALERS ASSOCIATION,≤100
925007000949719,ExxonMobil,Exxon Mobil Corporation,≤100
100798594958887,inseparable,Inseparable Action Inc,≤100
10423517786,Harvard Business Review,HARVARD BUSINESS SCHOOL PUBLISHING CORPORATION,≤100
112711020364839,Keystone XL Pipeline,TC Energy,≤100
105756057589080,The Lincoln Project,The Lincoln Project,≤100
602714436529710,End Citizens United,END CITIZENS UNITED,≤100
1771156219840594,Team Trump,TRUMP MAKE AMERICA GREAT AGAIN COMMITTEE,≤100
5633824547,FreedomWorks,"FREEDOMWORKS, INC.",≤100
41182871633,National Museum of American Jewish History,National Museum of American Jewish History,≤100
111428049989,Cal Cunningham,CAL FOR NC,≤100
36474716066,Color Of Change,ColorofChange.org,≤100
296708523873754,Karla Dennis and Associates Inc.,"Karla Dennis & Associates, Inc",≤100
7833534974,Florida Democratic Party,Florida Democratic Party,≤100
178835922297833,American Clinical Laboratory Association,American Clinical Laboratory Association,≤100
33110852384,Doctors Without Borders/ Médecins Sans Frontières (MSF),Doctors Without Borders/Médecins Sans Frontières (MSF),≤100
502320477205654,I’m Bout Making My Ancestors Proud,Heritage Hill LLC,≤100
224143668537493,Better Care America,Better Care America,≤100
7483836629,Ancestry,Ancestry.com Operations Inc.,≤100
1614690395258056,Into Action,Into Action,≤100
153678684700451,American Investment Council,AMERICAN INVESTMENT COUNCIL,≤100
2330577043935831,Sara Gideon,SARA GIDEON FOR MAINE,≤100
260244824449371,Consumers for Quality Care,Consumers for Quality Care,≤100
109111900634787,Reverend Raphael Warnock,WARNOCK FOR GEORGIA,≤100
237477017606,Club for Growth,Club for Growth,≤100
106244251043808,Reuse Plastics,"AMERICAN CHEMISTRY COUNCIL, INC.",≤100
533987556776948,Campaign for Sustainable Rx Pricing,Campaign for Sustainable Rx Pricing,≤100
110734933802600,Marya Pickering for DC Council At-Large,Marya DC 2020,≤100
241253672599689,Restaurants Act,National Restaurant Association,≤100
184122871609550,Prince George's County Memorial Library System,Nicholas Alexander Brown,≤100
27311599342,Preemptive Love,Preemptive Love Coalition,≤100
178093668911508,"Law Office of Michael D.J. Eisenberg, Attorney and Counselor at Law","Law Office of Michael D.J. Eisenberg, Attorney and Counselor at Law",≤100
347063211984370,Fed of American Hospitals,Federation of American Hospitals,≤100
57259033959,AARP,AARP,≤100
81372493950,POET,"POET, LLC",≤100
8047221596,Save the Children US,"SAVE THE CHILDREN FEDERATION, INC.",≤100
1270054533067724,CleanChoice Energy,CleanChoice Energy,≤100
830121337093232,National Democratic Training Committee,NATIONAL DEMOCRATIC TRAINING COMMITTEE PAC,≤100
361960287311696,Better Medicare Alliance,"Better Medicare Alliance, Inc",≤100
308159713150350,Voter Protection Project,VOTER PROTECTION PROJECT,≤100
101181794707874,United Research Group,United Research Group,≤100
96935476345,Democratic Governors Association (DGA),DEMOCRATIC ACTION,≤100
23875187730,Feeding America,Feeding America,≤100
342294162453301,Planned Parenthood,Planned Parenthood Federation of America,≤100
429812024048177,Doug Jones for Senate,DOUG JONES FOR SENATE COMMITTEE,≤100
97493741436,John W. Hickenlooper,HICKENLOOPER FOR COLORADO,≤100
383677738397139,Association for Accessible Medicines,Association for Accessible Medicines,≤100
1316372698453411,Alexandria Ocasio-Cortez,Alexandria Ocasio-Cortez for Congress,≤100
109231370525017,U.S. Chamber Action,The U.S. Chamber of Commerce,≤100
200676905671,We Are ALPA,Air Line Pilots Association,≤100
372799605421,DeSmog,DeSmog,≤100
5435784683,Greenpeace USA,"GREENPEACE, INC.",≤100
167586229923327,World Food Program USA,World Food Program USA,≤100
8934429638,Planned Parenthood Action,Planned Parenthood Action Fund,≤100
791543660926838,"I'll go ahead and keep my guns, Thanks",2A4LIFE LLC,≤100
111654690603599,NUIRC,Nonprofit Unemployment Insurance Relief Coalition (NUIRC),≤100
156474368333576,Secure Democracy,Secure Democracy,≤100
107654924064350,Pat Timmons-Goodson,PATRICIA TIMMONS-GOODSON FOR CONGRESS,≤100
228754857151053,House Majority PAC,House Majority PAC,≤100
393932827634250,Dissent Pins,Common Practice,≤100
163148530407080,Captain Mark Kelly,MARK KELLY FOR SENATE,≤100
80562389320,NARAL Pro-Choice America,NARAL Pro-Choice America,≤100
25852730092,Care2,Care2 Inc,≤100
8492293163,Environmental Defense Fund,Environmental Defense Fund,≤100
165987503528599,Lindsey Graham,"TEAM GRAHAM, INC.",≤100
185740015159478,340B Matters,340B Matters,≤100
18813753280,Human Rights Campaign,"HUMAN RIGHTS CAMPAIGN, INC.",≤100
6726182861,Mike Pence,TRUMP MAKE AMERICA GREAT AGAIN COMMITTEE,≤100
355316521236121,John Cornyn,TEXANS FOR SENATOR JOHN CORNYN INC.,≤100
1528980567353817,Love Has No Labels,Love Has No Labels with Facebook Ad Credits,≤100
7263476274,Mercy Corps,Mercy Corps,≤100
102617961152741,Barbara Bollier,BOLLIER FOR KANSAS,≤100
309798029121030,Everytown for Gun Safety,Everytown for Gun Safety Action Fund Inc,≤100
677005135756125,Community Catalyst Action Fund,Community Catalyst Action Fund,≤100
103894401110795,Decriminalize Nature DC,Campaign to Decriminalize Nature DC,≤100
780941275347834,Ilhan Omar,ILHAN FOR CONGRESS,≤100
277414242013,Joyce Elliott for Congress,JOYCE ELLIOTT FOR CONGRESS,≤100
19192438096,AAAS - The American Association for the Advancement of Science,American Association for the Advancement of Science,≤100
51275855094,Bobby Jindal,AMERICA NEXT INC,≤100
107210084216238,Humanity Forward,Humanity Forward,≤100
106645684412573,Cover Air Medical,Cover Air Medical,≤100
101136147910784,Represent Justice,Represent Justice,≤100
332716170522025,America First Action,America First Action,≤100
38235851310,USA for UNHCR,UNITED STATES ASSOCIATION FOR UNHCR,≤100
605168822998856,314 Action,314 ACTION FUND,≤100
111393882812494,Amy McGrath,"AMY MCGRATH FOR SENATE, INC.",≤100
83061458456,DC Vote,COALITION FOR D.C. REPRESENTATION EDUCATION FUND,≤100
105732744375701,Steve Bullock,MONTANANS FOR BULLOCK,≤100
6236054211,Brady,Brady Campaign to Prevent Gun Violence,≤100
1690071827911682,Cleancult,cleancult,≤100
101662321369876,WGL Energy,WGL Energy,≤100
219247332354785,Phil Arballo for Congress,ARBALLO FOR CONGRESS,≤100
156994304362574,American Bridge 21st Century,AB PAC,≤100
6204742571,Sierra Club,SIERRA CLUB,≤100
115379705206001,U.S. Department of Homeland Security Blue Campaign,DHS Blue Campaign,≤100
655065784538368,PredictIt,"PredictIt - Prediction Markets. A project of Victoria University of Wellington, PredictIt has been established to facilitate research into the way markets forecast events.",≤100
6165653060,AFSCME,AMERICAN FEDERATION OF STATE COUNTY & MUNICIPAL EMPLOYEES,≤100
1393911800825140,OZY,OZY Media Inc,≤100
592707041080920,Stand Together,Stand Together Chamber of Commerce Inc.,≤100
35169196082,Project HOPE,"PROJECT HOPE-THE PEOPLE-TO-PEOPLE HEALTH FOUNDATION, INC.",≤100
103653994359958,Harvard Forward,The Boarding School,≤100
7292655492,MoveOn,MOVEON.ORG POLITICAL ACTION,≤100
482899722113894,Peymynt Financial,Peymynt Financial,≤100
9324910069,NRSC,NRSC,≤100
15687409793,World Wildlife Fund,World Wildlife Fund,≤100
8210266638,93.9 WKYS,Brian Douglas Hartz,≤100
433919203362871,Bird + Stone,BIRD & STONE INC,≤100
1297437463649811,by Humankind,These ads ran without a disclaimer,≤100
309308412520731,Sandy Hook Promise,Sandy Hook Promise,≤100
259130650776119,Mitch McConnell,MCCONNELL SENATE COMMITTEE,≤100
176789922364429,Steve Daines,STEVE DAINES FOR MONTANA,≤100
183792172090826,Northern Virginia Clean Water Partners,Northern Virginia Regional Commission,≤100
1600352356914768,PushBlack,PushBlack,≤100
665345483483486,NRA - National Rifle Association of America,NATIONAL RIFLE ASSN OF AMERICA,≤100
153080620724,Donald J. Trump,"DONALD J. TRUMP FOR PRESIDENT, INC.",≤100
183424985463330,Joe Cunningham,JOE CUNNINGHAM FOR CONGRESS,≤100
17911165812,Covenant House International,Covenant House,≤100
1977738355807406,Sharice For Congress,SHARICE FOR CONGRESS,≤100
108854430811842,Stop Pebble Mine,Stop Pebble Mine,≤100
898056057254433,Nine Districts for MoCo,Mark David Lautman,≤100
38471053686,Elizabeth Warren,"WARREN DEMOCRATS, INC.",≤100
46347342434,EMILY's List,EMILY'S LIST,≤100
788394134539871,USPS Business,United States Postal Service,≤100
104856814505092,The Kids Guide,The Kids Guide,≤100
90022052772,Williams,"WILLIAMS COMPANIES, INC., THE",≤100
596556607135301,The Earthling Co.,The Earthling Co.,≤100
101278694809805,Meme2020,Meme2020,≤100
131306317680000,Social Goods,"Social Goods, LLC",≤100
1556932204325823,ProgressPop,ProgressPop,≤100
683872625157265,Theresa Greenfield,THERESA GREENFIELD FOR IOWA,≤100
587676831343390,Raheem AI,RAHEEM AI,≤100
1449461518652183,4Patriots,4Patriots LLC,≤100
6713653788,Gary Peters,PETERS FOR MICHIGAN,≤100
49059279814,Institute for Justice,INSTITUTE FOR JUSTICE,≤100
1679521432262834,Physicians Grassroots Network,American Medical Association,≤100
158791100909689,Concerned Veterans for America,Concerned Veterans for America,≤100
286224862049910,Commissioner Salim Adofo,Salim Kwabena Thandiwe Adofo,≤100
1488803804538481,Mike Siegel for Congress - TX-10,MIKE SIEGEL FOR CONGRESS,≤100
124530924015,Hank Gilbert,HANK GILBERT FOR CONGRESS,≤100
50982313030,Food & Water Watch,Food & Water Watch,≤100
343175436328856,CA Needs Energy Storage,California Alliance for Renewable Energy Solutions,≤100
197760674021143,Indivisible Guide,INDIVISIBLE ACTION,≤100
292351509697,Jerusalem Prayer Team,Jerusalem Prayer Team,≤100
108667090893234,Vote Dr. Mic DC Council at Large 2020 drmicdccouncil.com,Committee to Elect Dr. Mich DC Council At Large,≤100
17203056985,Partners In Health,Partners In Health,≤100
6820348410,Kirsten Gillibrand,Off the Sidelines,≤100
36872302227,Cory Booker,Cory Booker for Senate,≤100
1316372698453411,Alexandria Ocasio-Cortez,THE SQUAD VICTORY FUND,≤100
2049170775107862,Resistance By Design,Resistance By Design,≤100
103235554648484,Elect Scientists,314 ACTION FUND,≤100
184731548554164,PL+US,Plus Fund: Paid Leave for the United States,≤100
2352630938293825,Mytacticalpromos,Entremax,≤100
72186095846,Center For American Progress Action Fund,Center for American Progress Action Fund,≤100
2037695643113766,Blexit,Blexit Foundation,≤100
101252258324890,The Con,Abramorama Inc.,≤100
8325302025,Friends of the Earth U.S.,Friends of the Earth,≤100
104934207736995,Paycheck to Paycheck,Center for American Progress Action Fund,≤100
152950318087920,AARP DC,AARP,≤100
105010030848236,Bryant Cameron Webb,DR. CAMERON WEBB FOR CONGRESS,≤100
56332452163,AMA Patients Action Network,American Medical Association,≤100
1925751504337881,MJ Hegar,MJ FOR TEXAS,≤100
23790541544,Democrats,DCCC,≤100
101475554866663,Re-Elect Trayon White 2020,Trayon Antonio White,≤100
105023768642,U.S. Chamber Institute for Legal Reform,US Chamber Institute for Legal Reform,≤100
351010522286316,Dakota Access Pipeline,Energy Transfer,≤100
6820348410,Kirsten Gillibrand,Gillibrand for Senate,≤100
143986912311328,University of Vermont Continuing and Distance Education,University of Vermont,≤100
168051710543266,Lacy Johnson,Lacy Johnson for Congress,≤100
497081420632330,Dr. Hiral Tipirneni,HIRAL FOR CONGRESS,≤100
51379424899,Mercy Ships,MERCY SHIPS INTERNATIONAL,≤100
1061240530648502,Joe Collins,JOE COLLINS FOR CONGRESS,≤100
21834534343,Volunteers of America,"VOLUNTEERS OF AMERICA, INC.",≤100
102499901286348,Bold Vision P.C.,Bold Vision PC,≤100
6041057841,The Humane Society of the United States,"HUMANE SOCIETY OF THE UNITED STATES, THE",≤100
407664862957433,Ammar Campa-Najjar for Congress,AMMAR CAMPA-NAJJAR FOR CONGRESS,≤100
740266592735787,Free to Be Kids,Free To Be Kids,≤100
7814597100,Jim Jordan for Congress,JIM JORDAN FOR CONGRESS,≤100
103046977892124,Adam Christensen For Congress,ADAM J CHRISTENSEN FOR CONGRESS,≤100
100391581727524,Defeat By Tweet,DEFEAT BY TWEET,≤100
598720023670599,Jennifer Carroll Foy,Jennifer Carroll Foy for Governor,≤100
107439427661844,Accountable Tech,Accountable Tech,≤100
104614641200137,MeidasTouch,MEIDASTOUCH,≤100
278490715553293,Martha McSally,MCSALLY FOR SENATE INC,≤100
826460474101920,BitMari,Sinclair Matthew Skinner,≤100
10150100007820094,Wendy Davis,WENDY DAVIS FOR CONGRESS,≤100
85452072376,Newsmax,Newsmax Media,≤100
79820371749,Ayanna Pressley,THE SQUAD VICTORY FUND,≤100
971668776283950,PolicyEd,Hoover Institution,≤100
18982436812,ACLU,American Civil Liberties Union,≤100
493811210669780,Creative Action Network,Creative Action Network,≤100
30708742052,FCTRY,FCTRY,≤100
1837115116571746,Topic,"First Look Productions, Inc",≤100
284946111858895,Debbie Mucarsel-Powell,DEBBIE FOR CONGRESS,≤100
20876805343,March of Dimes,MARCH OF DIMES INC.,≤100
42940254353,Human Rights Watch,"HUMAN RIGHTS WATCH, INC.",≤100
245741028804051,Barbara Sinatra Center,Barbara Sinatra Children's Center,≤100
858683790971210,Inside Arabia,Inside Arabia,≤100
191975737491988,Jennifer Wexton,WEXTON FOR CONGRESS,≤100
142370046577999,Shahid Buttar for Congress,Shahid Buttar for Congress Committee,≤100
257019421075897,Cory Gardner,Cory Gardner for Senate,≤100
209516845093,NRDC Action Fund,NRDC Action Fund,≤100
785936231584382,Paula Jean Swearengin,Paula Jean for West Virginia,≤100
110018833813683,Flip the Senate,SMP,≤100
1721467687891795,Partnership for Conservation,Partnership for Conservation,≤100
149366465128820,Nicole Galloway,Nicole Galloway for Missouri,≤100
1374134752633656,New Health Plans,Shop Insurance Plans,≤100
151525932186806,When Democrats Turn Out,WHEN DEMOCRATS TURN OUT PAC,≤100
123397377677195,"School of International Service, AU","School of International Service, American University",≤100
1998005350416562,The Northeast Maglev,The Northeast Maglev,≤100
108173075911611,National Association of Letter Carriers,National Association of Letter Carriers,≤100
21559454473,FAIR,FEDERATION FOR AMERICAN IMMIGRATION REFORM,≤100
101210588150219,Boy Scouts Abuse Claims,X Social Media LLC,≤100
104684067632334,Unite the Country,UNITE THE COUNTRY,≤100
5720973755,Defenders of Wildlife,DEFENDERS OF WILDLIFE,≤100
419992651425033,Guardianes del Pueblo-Consumer Law Group,Consumer Law Group,≤100
811900825495982,Niskanen Center,The Niskanen Center,≤100
101591551371555,Fire Mitch. Save America.,SAVE AMERICA FUND,≤100
419237048158257,Susan Collins,COLLINS FOR SENATOR,≤100
839073729808623,Hillary Scholten,SCHOLTEN FOR CONGRESS,≤100
228132537208218,Tammy Duckworth,TAMMY FOR ILLINOIS,≤100
42002969352,Center on Budget and Policy Priorities,Center on Budget and Policy Priorities,≤100
18709174006,National Audubon Society,"NATIONAL AUDUBON SOCIETY, INC.",≤100
373814729643508,Let America Vote,Let America Vote PAC and National Democratic Redistricting Committee,≤100
551158678560402,Epimonia,Epimonia LLC,≤100
210277954204,The Young Turks,"The Young Turks, Inc.",≤100
345504286342057,Keeping America Great Again,RightWingGear.com,≤100
111702860231554,Matt Lieberman,Matt Lieberman for Senate,≤100
110849485902,United Way,United Way Worldwide with Facebook Ad Credits,≤100
104745474214057,HRA - OTC Birth Control,Corey Francis Mc Govern,≤100
1799282383731277,TwoSeventy,Alexander Jared Deutsch,≤100
8145161702,Lambda Legal,"LAMBDA LEGAL DEFENSE & EDUCATION FUND, INC.",≤100
53541257714,The Arc of the United States,"ARC OF THE UNITED STATES, INC., THE",≤100
91642297490,American Association for Justice,American Association for Justice,≤100
546066468753446,Black Health Matters,Black Health Matters,≤100
343618292379217,Planned Parenthood of Metropolitan Washington DC - PPMW,Planned Parenthood of Metropolitan Washington DC,≤100
267180743723148,National Geographic Society,National Geographic Society,≤100
541807025833154,Malala Fund,Malala Fund,≤100
89757739264,Farm Credit,Farm Credit Council,≤100
7209432197,Chris Coons,CHRIS COONS FOR DELAWARE,≤100
101165966152,AFL-CIO,AFL-CIO,≤100
747783932079184,Jared Golden for Congress,COMMITTEE TO ELECT JARED GOLDEN,≤100
1917715138510680,Follow Your Legend,Legend Bracelet,≤100
852784198406948,Boy Scouts Investigation,These ads ran without a disclaimer,≤100
9739634228,The Political Machine,"Hitcents.com, Inc",≤100
34370387440,JDRF,JDRF INTERNATIONAL,≤100
376776419037747,Turning Point USA,Turning Point USA,≤100
679171239164792,Supermajority,Supermajority,≤100
204744222890124,The National Center for Children and Families,NATIONAL CENTER FOR CHILDREN AND FAMILIES,≤100
1323161541032507,For Our Future FL,For Our Future Action Fund,≤100
2185993931653388,The Recount,"Recount Media, Inc",≤100
105872574403318,Project TAMMI,a research grant at The National Center on Addiction and Substance Abuse (CASA),≤100
274975862998213,Profs and Pints,Profs and Pints,≤100
27544763621,Prison Fellowship,Prison Fellowship,≤100
108794587327155,Good Programs 2020,Trevor Dale Seaks,≤100
107226350977260,Rookie,Mark Anthony Russell,≤100
243510442756370,Justice Democrats,JUSTICE DEMOCRATS PAC,≤100
118303441570966,Home Ownership Matters,NATIONAL ASSOCIATION OF REALTORS,≤100
711478725532801,Civiqs,Civiqs,≤100
2263108893911990,PLUS Communications,PLUS Communicationis,≤100
2267285956849056,Donald Trump 2020 Fans,I Love My Freedom,≤100
868405419972384,The Outrage,The Outrage,≤100
116534199732974,USA Carry Online,USA Carry Online,≤100
111324359048459,Dr. Roger Marshall,KANSANS FOR MARSHALL,≤100
319982881752525,Kara Eastman,EASTMAN FOR CONGRESS,≤100
186932688457686,CHNGE,CHNGE,≤100
53541257714,The Arc of the United States,The Arc with Facebook Ad Credits,≤100
34362997676,United States Holocaust Memorial Museum,UNITED STATES HOLOCAUST MEMORIAL MUSEUM,≤100
149081336362,AmeriCorps VISTA,Corporation for National and Community Service,≤100
45393753416,Alliance Defending Freedom,Alliance Defending Freedom,≤100
465483726908192,iVote,IVote Civic Education Fund,≤100
102592959026,Ocean Conservancy,"OCEAN CONSERVANCY, INC.",≤100
76139586670,The Equal Rights Center,The Equal Rights Center,≤100
1204754733024419,People's Power Grab,ACRONYM,≤100
496696933682736,Jeff Merkley,JEFF MERKLEY FOR OREGON,≤100
176099072429809,Oceana in Florida,OCEANA,≤100
119006106155684,PI Energy,Andrew P Chung,≤100
55549065733,Voto Latino,Voto Latino with Facebook Ad Credits,≤100
156919911022572,Steven Horsford,NEVADANS FOR STEVEN HORSFORD,≤100
96171427550,Raja for Congress,FRIENDS OF RAJA FOR CONGRESS,≤100
2078647579047586,Project Pulso,Project Pulso,≤100
67626834312,National Women's Law Center,National Women's Law Center,≤100
1784991421516214,Seek Refuge,Seek Refuge,≤100
103934071014071,Fire Drill Fridays,"GREENPEACE, INC.",≤100
282404394803,DC Fiscal Policy Institute,DC Fiscal Policy Institute,≤100
329284771298646,Issue One Action,Issue One Action,≤100
248793048935235,Conservative Partnership,Conservative Partnership Institute,≤100
153309775026,SnapStream,SnapStream Media,≤100
102747281355975,This Is Our Democracy,Julia Carol Peter,≤100
142992759853421,Be A Hero,BE A HERO PAC,≤100
150681061641282,Tri-State G&T,Tri-State Generation Transmission Association Inc,≤100
143021112391265,Jacobin magazine,Jacobin Foundation,≤100
92925746942,Judicial Watch,Judicial Watch,≤100
360303722260,Kathleen Williams,KATHLEEN WILLIAMS FOR MONTANA,≤100
141692255929599,Democratic Socialists of America,DEMOCRATIC SOCIALISTS OF AMERICA INC,≤100
173837496125511,Conscious Step,Conscious Step,≤100
303167829786891,Ed Markey,THE MARKEY COMMITTEE,≤100
28446275521,Military Officers Association of America (MOAA),Military Officers Association of America,≤100
331037760381749,Sierra Magazine,SIERRA CLUB,≤100
782093245218764,Qasim Rashid,RASHID FOR VA,≤100
265268336865693,Do Amore,Do Amore Limited Company,≤100
107953199261156,ifaw,"INTERNATIONAL FUND FOR ANIMAL WELFARE, INC.",≤100
152264148166020,Moms Clean Air Force,Moms Clean Air Force,≤100
49651563727,Live Action,Live Action,≤100
175647186421524,Team ENOUGH,Team ENOUGH,≤100
252630252055279,Everything Ebony,Everthing Ebony,≤100
107858693983382,The GOP Shop,The GOP Shop,≤100
153278754738777,Climate Reality,The Climate Reality Project,≤100
101665421625320,James A,James Thant Aung,≤100
106166404519806,Black Lives Matter,Bryan Daley,≤100
179909895355213,AIDS United,AIDS UNITED,≤100
2165983337048601,LeverforChange,Lever for Change,≤100
112600915451330,No Labels,No Labels,≤100
8532248414,Wounded Warrior Project,"WOUNDED WARRIOR PROJECT, INC.",≤100
105943157686335,Trust Michigan Families,TRUST MICHIGAN FAMILIES,≤100
132492254050920,American AF,AAF Nation,≤100
140357056032320,NEA Today,National Education Association,≤100
108506830560787,Jessica Scarane,JESS SCARANE FOR DELAWARE,≤100
21395843375,Dialysis Patient Citizens,DIALYSIS PATIENT CITIZENS INC,≤100
127225910653607,PragerU,PragerU,≤100
102564128179023,Truth to Power,TRUTH TO POWER,≤100
1819658374974706,Arena,Arena PAC,≤100
221401431386940,Pramila Jayapal,PRAMILA FOR CONGRESS,≤100
309993142375589,Joe Kennedy III,KENNEDY FOR MASSACHUSETTS,≤100
85620546149,Paul Simon Public Policy Institute,Paul Simon Public Policy Institute,≤100
296106753794181,Black Press USA - NNPA,Norman Rich,≤100
26006662641,Arizona Democratic Party,Arizona Democratic Party,≤100
330321486979917,WeWork,WeWork,≤100
113666459994300,Big Dan Rodimer for Congress,RODIMER FOR CONGRESS,≤100
719913581472398,Napoli Shkolnik PLLC,Napoli Law,≤100
100585598043377,Intelligent Investing Tips,Intelligent Investing Resource,≤100
259212814698356,Democratic Majority for Israel,Democratic Majority for Israel,≤100
43821078871,Transport Workers Union (TWU),Transport Workers Union of America,≤100
19474609238,Mercatus Center at George Mason University,Mercatus Center at George Mason University,≤100
1765073800454902,Reform Austin,Reform Austin Inc.,≤100
2353537341582545,Proud Patriots,Proud Patriots,≤100
154753361224926,CASA in Action,CASA in Action Inc,≤100
73970658023,International Rescue Committee,International Rescue Committee,≤100
5943727453,American Humane,American Humane,≤100
203330919857759,All On The Line,National Redistricting Action Fund,≤100
103644036958,United Association,United Association Political Education Committee,≤100
174046949421616,Phenomenal Woman Action Campaign,Phenomenal Woman Action Campaign,≤100
100119981671668,Blue Senate,BLUE SENATE PAC,≤100
1413682351987764,Andy Kim for Congress,ANDY KIM FOR CONGRESS,≤100
17475614410,Hispanic Federation,Paid for by Hispanic Federation with Facebook Ad Credits,≤100
6231686654,Compassion International,"COMPASSION INTERNATIONAL, INCORPORATED",≤100
19342050934,Leadership Institute,LEADERSHIP INSTITUTE INC,≤100
225049687661781,Environmental Integrity Project,ENVIRONMENTAL INTEGRITY PROJECT,≤100
11791104453,NRDC,Natural Resources Defense Council,≤100
7962229886,Environmental Working Group,ENVIRONMENTAL WORKING GROUP,≤100
422202764649078,Rhode Island Department of Education - RIDE,Rhode Island Department of Education,≤100
103597604713894,Team Trump Store,TRUMP MAKE AMERICA GREAT AGAIN COMMITTEE,≤100
198875903295,Trek Bicycle,TREK BICYCLE CORPORATION,≤100
107624487697615,Ian Richards for Judge,"Committee to Elect Ian Richards, nonpartisan for Circuit Court Judge Group 30",≤100
101485404914361,Bad News Wares,Bad News Wares,≤100
1883837055193241,Shield Republic,Shield Republic,≤100
104051398040027,CCW Online Now_,Concealed Country,≤100
103012967799090,Kojo for Congress,FRIENDS OF KOJO ASAMOA-CAESAR,≤100
217976018236954,OutKick,Outkick Media LLC,≤100
8934429638,Planned Parenthood Action,Planned Parenthood Votes,≤100
106224464107240,Jo Jorgensen,Jo Jorgensen for President,≤100
953113491536337,Black to the Future Action Fund,Black to the Future Action Fund,≤100
169597416843751,Stand Up America,Stand Up America,≤100
7292655492,MoveOn,MOVEON.ORG CIVIC ACTION,≤100
154510321337994,Chris Pappas for Congress,CHRIS PAPPAS FOR CONGRESS,≤100
1632568446971453,Boredwalk,Boredwalk,≤100
174467403129304,Yoopine,Yoopine Inc.,≤100
119888884771548,Micah Ali,Micah Ali for School Board 2020,≤100
100101018155207,Paid Leave for All,Paid Leave for All a project of Hopewell Fund,≤100
110812293684869,The High Road Foundation,Robert Francis Windley,≤100
1050474972008396,Bryan Berghoef for Congress,BRYAN BERGHOEF FOR CONGRESS,≤100
251632675552663,Rigged: The Voter Suppression Playbook,American Issues Initiative,≤100
106245384043438,Tims For Congress,FRIENDS OF DESIREE TIMS,≤100
15771560300,Earthjustice,EARTHJUSTICE,≤100
102139218008846,King Nation Apparel,King Nation Apparel,≤100
475456956305422,All Voting Is Local,Leadership Conference Education Fund,≤100
18983389920,Open Society Foundations,Open Society Foundations,≤100
118502801658228,Young Kim,Young Kim for Congress,≤100
299405436754707,FP1 Strategies,FP1 Strategies,≤100
107654244332660,Back BLM,Back BLM,≤100
128167457221813,Public Transportation,Voices for Public Transit,≤100
2298883023504578,Readdy42020,READDY42020,≤100
107225484068529,Donna Deegan for Congress,Donna Deegan For Congress,≤100
213687698658,Americans for Prosperity Foundation,Americans for Prosperity Foundation,≤100
104255784686223,The Lorna M. Johnson Global Institute,The Lorna M. Johnson Global Institute,≤100
171651620209487,Brady PAC,Brady Pac,≤100
103051554748325,Sherry Haller,"Sherry Haller 2020. Marlene Lambert, Treasurer. Approved by Sherry Haller.",≤100
102267811475630,Union 2020 - Pennsylvania,Union 2020,≤100
8321461609,MomsRising.org,MomsRising Together,≤100
16477459734,League of Conservation Voters,"LEAGUE OF CONSERVATION VOTERS, INC",≤100
1438882392887793,ADF Church Alliance,Alliance Defending Freedom,≤100
844605238920385,Laura Jens-Smith,FRIENDS OF LAURA JENS-SMITH,≤100
700941689954518,Defend Our Future,Defend Our Future,≤100
180060629247353,Elaine Luria for Congress,ELAINE FOR CONGRESS,≤100
789546641178807,Brand New Congress,Brand New Congress,≤100
205395906412,UAW International Union,"INTERNATIONAL UNION, UNITED AUTOMOBILE, AEROSPACE AND AGRICULTURAL IMPLEMENT WORKERS OF AM",≤100
21375324480,The Heritage Foundation,HERITAGE FOUNDATION (THE),≤100
112492646811151,California Census,CA Census 2020,≤100
143729616392084,Van Drew for Congress,Van Drew for Congress,≤100
546497545399440,ASEC - African Sisters Education Collaborative,African Sisters Education Collaborative,≤100
10897453188,Operation Mobilization - OM USA,"OPERATION MOBILIZATION USA, INC.",≤100
234565267058051,Anthony Brindisi For Congress,BRINDISI FOR CONGRESS,≤100
110828620426941,Roger Polack for Congress,ROGER FOR WISCONSIN,≤100
117437204982602,American Wild Horse Campaign,American Wild Horse Campaign,≤100
461204744067686,Family Protection Association,Family Protection Association,≤100
664770743730817,Dan Feehan for Congress,FRIENDS OF DAN FEEHAN,≤100
11111618026,Union of Concerned Scientists,"UNION OF CONCERNED SCIENTISTS, INC.",≤100
121626482110,Operation Smile,"OPERATION SMILE, INC.",≤100
100831001694399,Rave The Vote,Rave The Vote,≤100
97466887664,Innocence Project,"INNOCENCE PROJECT, INC., THE",≤100
1441431779211032,Power to Impeach,POWER TO IMPEACH,≤100
799539910084929,Shaun King,"Premiere Marketing, Inc.",≤100
408252582872693,Daniella Levine Cava,"Daniella Levine Cava, Non-Partisan, for Miami-Dade County Mayor",≤100
116222966843926,US Concealed,US Concealed,≤100
218020061613734,UBS,UBS Financial Services Inc.,≤100
1709145412721991,The Center for Growth and Opportunity at Utah State University,The Center for Growth and Opportunity,≤100
602828763544800,Kate For Congress,KATE FOR CONGRESS,≤100
61265398450,AmeriCorps NCCC,Corporation for National and Community Service,≤100
112334757233941,Right to Telehealth,Jeremy Joseph Schaller,≤100
1741729849281711,Uber & Lyft Sexual Assault Attorneys,Safer America,≤100
30914589895,The International Fellowship of Christians and Jews,"INTERNATIONAL FELLOWSHIP OF CHRISTIANS & JEWS, INC.",≤100
360424321432255,Doha Debates,Doha Debates,≤100
255208337943901,Jobs Growth,"JOBS FREEDOM AND SECURITY PAC, Not authorized by any candidate or candidate’s committee.",≤100
2146201085498440,Tony Gonzales,Tony Gonzales for Congress,≤100
278052172260101,ZERO TO THREE,ZERO TO THREE,≤100
1869687273277265,Run for Something,Run For Something PAC,≤100
169440273093442,The Center for Election Science,The Center for Election Science,≤100
357554791340788,Liker,Omar Rivero,≤100
681745912255844,John Cummings for Congress,CUMMINGS FOR CONGRESS,≤100
193899114458191,James Mackler,JAMES MACKLER FOR US SENATE,≤100
110125904070783,Super Top Shelf,Super Top Shelf LLC,≤100
819607471729183,Dr. Al Gross for US Senate,DR. AL GROSS FOR U.S. SENATE,≤100
638492549896672,Liberal Humans,Liberal Humans,≤100
1580652728851833,Jim Justice,Committee to Re-Elect Jim Justice,≤100
303374266418976,AFPM,American Fuel & Petrochemical Manufacturers,≤100
102671331487937,I Love My Freedom Store,I Love My Freedom,≤100
13885075114,Action Against Hunger USA,ACTION AGAINST HUNGER - USA,≤100
20531316728,Facebook App,These ads ran without a disclaimer,≤100
101237551589520,Tactical Patriot,Trizzie Truong,≤100
106375871170305,Rob Wittman Facts,RASHID FOR VA,≤100
1192579580831773,Supermajority News,Supermajority,≤100
357750373755,National Domestic Workers Alliance,National Domestic Workers Alliance,≤100
105835711208027,The Progressive List,THE PROGRESSIVE LIST,≤100
2040270322863853,Tina Smith,TINA SMITH FOR MINNESOTA,≤100
169710960125365,Curzio Research,Curzio Research Inc.,≤100
934438026690635,YouGov,YOUGOV AMERICA INC.,≤100
206743952696198,Lower My Bills,These ads ran without a disclaimer,≤100
262905633727,Los Angeles Mission,"Los Angeles Mission, Inc.",≤100
102478528086004,Reading On the Left,St. Martin's Press,≤100
260933440643373,UltraViolet,UltraViolet Action,≤100
628891490457484,Nancy Mace,Nancy Mace for Congress,≤100
1228396643984955,Michelle Steel,Michelle Steel for Congress,≤100
117641114435,First Aid Beauty,First Aid Beauty,≤100
51405613519,Focus on the Family,Focus on the Family,≤100
458928061510318,Rita Hart for Iowa,RITA HART FOR IOWA,≤100
1802177709900081,The Spectator US,The Spectator US,≤100
170169493012341,The Fund for Global Human Rights,Fund for Global Human Rights,≤100
91346559231,Democratic Legislative Campaign Committee - DLCC,Democratic Legislative Campaign Committee,≤100
263891677826490,Earthsider,Ryan James Martin,≤100
104504438466,Federal Voting Assistance Program - FVAP,Federal Voting Assistance Program,≤100
201446296572389,Compassion in World Farming (USA),Compassion in World Farming USA,≤100
717115395103069,PrintedKicks,Printed Kicks,≤100
586751814690068,Joni Ernst,Joni for Iowa,≤100
100401327980848,National Parents Union,National Parents Union,≤100
248181906078243,National Institute for Civil Discourse,CommonSense American,≤100
129278807814364,Women of Welcome,Welcome.,≤100
110889654010278,Restore West Virginia,West Virginia State Building & Construction Trades Council Afl-Cio,≤100
116565033114715,Jean-Pierre Bado for Florida State House Representative - 114,"Jean-Pierre Bado, Democrat, for Florida House 114",≤100
213792049451918,Stand For America,Stand For America Inc,≤100
325578590837480,Protect Our Care,Sixteen Thirty Fund,≤100
345946329411380,Petal Soap,Jason Paul Domangue,≤100
103185334702225,Stop Trump PAC,STOP 45 PAC,≤100
129255907131113,NumbersUSA,NUMBERSUSA EDUCATION AND RESEARCH FOUNDATION,≤100
1145019702185006,Alliance for Safety and Justice,Alliance for Safety and Justice,≤100
2133130356918764,Common Justice,COMMON JUSTICE INC,≤100
109035147533100,National Treasures,Shield Masks US Inc,≤100
502320477205654,I’m Bout Making My Ancestors Proud,These ads ran without a disclaimer,≤100
102389457864860,Treehuggers Bracelets,ECOMX LLC,≤100
356482637745012,Stansberry Research,Stansberry Research,≤100
243399129090445,Christina Hale,HOOSIERS FOR HALE,≤100
327837911149503,2A4Life,2A4LIFE LLC,≤100
1452551204988299,GoReact,Speakworks Inc,≤100
13531153805,Knight Foundation,Knight Foundation,≤100
296295018082,AARP en Español,AARP,≤100
121033149320,American Indian College Fund,"AMERICAN INDIAN COLLEGE FUND, THE",≤100
473191156175163,EDF Action,Environmental Defense Action Fund,≤100
182874798954637,ZIP TOP,These ads ran without a disclaimer,≤100
28144169620,Alliance for Aging Research,Alliance for Aging Research,≤100
111237577031486,AquiPor Technologies,William Powers,≤100
2255846891314996,Corn Refiners Association,"corn refiners association, inc",≤100
2046092952294722,Lucy McBath for Congress,FRIENDS OF LUCY MCBATH,≤100
1634651343331439,Project Wren,Landon Brand,≤100
135002490472474,Conor Lamb,CONOR LAMB FOR CONGRESS,≤100
94047978366,PCCC - BoldProgressives.org,PROGRESSIVE CHANGE CAMPAIGN COMMITTEE,≤100
210820618956311,Community Change Action,Community Change Action,≤100
669300699787687,Ron Watson for Maryland,Friends of Ron Watson,≤100
12784656483,Union Rescue Mission,Union Rescue Mission,≤100
167968013767335,Julie Oliver,JULIE OLIVER FOR CONGRESS,≤100
343618292379217,Planned Parenthood of Metropolitan Washington DC - PPMW,Planned Parenthood of Metropolitan Washington DC,≤100
342887442508723,Convention of States,Convention of States Action,≤100
137427899615856,"Central Union Mission, DC",CENTRAL UNION MISSION (INC),≤100
17023576156,The Leadership Conference on Civil and Human Rights,The Leadership Conference on Civil and Human Rights,≤100
747436915270894,Congressional Leadership Fund,CONGRESSIONAL LEADERSHIP FUND,≤100
102478061559294,Convention on Founding Principles,Convention on Founding Principles,≤100
105561217523274,The_Dispatch,"Dispatch Media, Inc.",≤100
140877979844,American Gas Association,AMERICAN GAS ASSOCIATION,≤100
109866370700481,PushBlack Finance,PushBlack,≤100
1764185850558806,Apex Clean Energy,Apex Clean Energy,≤100
108296990863730,Hero Action Fund,Hero Action Fund,≤100
79125112926,Students for Life of America,"STUDENTS FOR LIFE OF AMERICA, INC.",≤100
922580991129339,People's Mojahedin Organization of Iran - MEK IRAN,MEK-Iran (Saeid Saadati),≤100
163302087408673,Stop The Donald,Stop the Donald,≤100
109709397469494,Dignity Unbound,Dignity Unbound,≤100
894096170667732,Ashley Hinson,Ashley Hinson For Congress,≤100
1708467695859543,Veteran Transition Mission,Sonia Ivelisse Barriera Ayala,≤100
7642602143,Mother Jones,FOUNDATION FOR NATIONAL PROGRESS,≤100
128289862750,Liberty in North Korea,Liberty in North Korea,≤100
499379343409991,Impact Fund,"IMPACT FUND, THE",≤100
1667892193505378,Hold the House,HOLD THE HOUSE PAC,≤100
137470926951018,"John Mina, Orange County Sheriff","John Mina, Democrat, for Orange County Sheriff",≤100
1627212824167934,Men4Choice,Men4Choice,≤100
106333028376,"Nichols Kaster, PLLP",Nichols Kaster PLLP,≤100
179145905973075,Sophie Ratner Jewelry,Sophie Ratner Jewelry,≤100
102750021183412,Justice U,Altus Solutions Inc,≤100
98912141410,American Forests,American Forests,≤100
15239367801,The Wilderness Society,"WILDERNESS SOCIETY, THE",≤100
24982445498,ProQuest,PROQUEST LLC,≤100
314499212242,Pfizer,Pfizer Inc.,≤100
122150409780,UC San Diego,University of California San Diego,≤100
1947525322184514,One Fair Wage,One Fair Wage,≤100
294508332028,Lakota People's Law Project,ROMERO INSTITUTE,≤100
80060992758,Center for Food Safety,"CENTER FOR FOOD SAFETY, THE",≤100
192015461630968,Supporting Our Brave Veterans,James Brian Plouf,≤100
101176014673943,Michelle for Kansas,MICHELLE FOR KANSAS,≤100
11911627997,Pancreatic Cancer Action Network,"PANCREATIC CANCER ACTION NETWORK, INC.",≤100
114710126648118,Republican Dogs,Republican Dogs,≤100
1852520761657982,4ocean,4ocean,≤100
117758198297225,Rep. Terri Sewell,Office of U.S. Representative Terri Sewell (AL-07),≤100
262138411622,Faces of Lawsuit Abuse,US Chamber Institute for Legal Reform,≤100
1640970822834351,Plaine Products,Plaine Products,≤100
13909525938,PAAIA,PAAIA,≤100
55549065733,Voto Latino,VOTO LATINO INC.,≤100
2109637279297531,The Bad Seed,Adam Kidron,≤100
550622028319900,Headlock Press,Headlock Press,≤100
1055873511190792,Hello Resistance,Hello Resistance Apparel,≤100
12683623041,Society for Human Resource Management (SHRM),SOCIETY FOR HUMAN RESOURCE MANAGEMENT,≤100
160844834773039,Athanasios Dilos Journalism,Athanasios Dilos,≤100
202531447982,Jimmy Chin,Protect Our Winters,≤100
166166843531258,National Council of Resistance of Iran - شورای ملی مقاومت ایران,MEK-Iran (Saeid Saadati),≤100
221890358218748,Til Valhalla Project,Til Valhalla Project,≤100
1017296631809930,Councilman Adrian Boafo,Friends of Adrian Boafo,≤100
1010143499143169,Medicare Savings,"Mayo Labs, LLC",≤100
130945114804,World Jewish Congress,WORLD JEWISH CONGRESS AMERICAN SECTION INC,≤100
980320765315715,Glowmundo,Glowmundo,≤100
248306181862385,Live Lokai,Denise L Reina,≤100
103075334816156,UFCW Votes,UNITED FOOD AND COMMERCIAL WORKERS INTERNATIONAL UNION,≤100
1526736227567131,TrueCoverage,True Coverage,≤100
103026384819654,How to Vote,ACRONYM,≤100
246846192720018,War On Our Future,The Years Project,≤100
114475890010131,Piggy Dollar Financial,Tyler Wayne Hedland,≤100
105481140904672,Core Prestige,Core Prestige,≤100
1376245429133321,"Khalilah Harris, EdD, JD",Khalilah Marie Harris,≤100
1224429014390746,Catalysts,Freethink,≤100
72931140459,Center for Biological Diversity,"CENTER FOR BIOLOGICAL DIVERSITY, INC.",≤100
814260155318929,The Fairness Project,The Fairness Project,≤100
32582320449,CMMB,CATHOLIC MEDICAL MISSION BOARD INC,≤100
2012750189007245,Liquid Death Mountain Water,Liquid Death,≤100
79820371749,Ayanna Pressley,THE COMMITTEE TO ELECT AYANNA PRESSLEY,≤100
264732694387733,She's All That Shop,She's All That,≤100
100503184678036,BioLargo Water Inc.,"BioLargo, Inc.",≤100
2346217618936823,Kendra Horn for Congress,KENDRA HORN FOR CONGRESS,≤100
1600300510259910,For Our Future Pennsylvania,For Our Future Action Fund,≤100
104919414599745,People Over Profits,"The People Over Profits Florida, Inc.",≤100
540707072979860,Brian Maryott,MARYOTT FOR CONGRESS,≤100
431781483507232,Keep Katherine Fernandez Rundle State Attorney,"Katherine Fernandez Rundle, Democrat, for State Attorney",≤100
15188122178,The Hamilton Collection,The Hamilton Collection,≤100
327202261326682,Stephanie Bice,Bice for Congress,≤100
1439829396312534,The Movement for Black Lives,Movement for Black Lives,≤100
108956694086509,Mustafa Tameez,Mustafa Tameez,≤100
245284549333866,ASMDSS,ASMDSS,≤100
1338822066131069,Women's March,Women's March,≤100
100233228182981,Madison Cawthorn for Congress,CAWTHORN FOR NC,≤100
6422138883,92nd Street Y,92nd Street Y,≤100
75353945070,Boxed Water Is Better,Boxed Water Is Better,≤100
1629925673968109,Refuse Fascism,Refuse Fascism,≤100
645110859303679,Miami Freedom Project,Miami Freedom Project,≤100
443329669123990,USAFacts,USAFacts Institute,≤100
101352851565699,Somos PAC,SOMOS PAC,≤100
130467958471,Jason Lewis,Jason Lewis for Senate,≤100
422008131240977,Equality Florida Action PAC,EQUALITY FLORIDA ACTION PAC INC,≤100
19972147679,SEIU,SEIU,≤100
13187955196,Young Americans for Liberty,Young Americans for Liberty,≤100
59254639983,Boston Medical Center,BOSTON MEDICAL CENTER,≤100
44255328352,Farm Forward,Farm Forward,≤100
49275915266,Marie Stopes International,MSI-US,≤100
119676961863058,The Printheadz,The Printheadz,≤100
21647204289,Michigan Education Association,Michigan Education Association,≤100