﻿Page ID,Page Name,Disclaimer,Amount Spent (USD)
202626512363,U.S. Census Bureau,U.S. Census Bureau,593
153080620724,Donald J. Trump,TRUMP MAKE AMERICA GREAT AGAIN COMMITTEE,574
156968474833352,Stop Republicans,Stop Republicans,449
7860876103,Joe Biden,BIDEN FOR PRESIDENT,371
189044857936094,Americans For Prosperity - Alaska,AMERICANS FOR PROSPERITY,310
106991060749369,OneALASKA,OneAlaska,300
1711465445765878,Nancy Pelosi,NANCY PELOSI FOR CONGRESS,121
1883837055193241,Shield Republic,Shield Republic,≤100
101908424664094,Best Home Savers 2020,J D Grace Gorospe,≤100
33110852384,Doctors Without Borders/ Médecins Sans Frontières (MSF),Doctors Without Borders/Médecins Sans Frontières (MSF),≤100
7976226799,The Daily Show,Comedy Central,≤100
151757038879920,Alyse Galvin for Congress 2020,ALYSE FOR ALASKA,≤100
7814597100,Jim Jordan for Congress,JIM JORDAN FOR CONGRESS,≤100
1593518174052711,Candace Owens,Candace Owens LLC,≤100
165987503528599,Lindsey Graham,"TEAM GRAHAM, INC.",≤100
81124177592,Planned Parenthood of the Great Northwest and the Hawaiian Islands,Planned Parenthood of the Great Northwest and Hawaiian Islands,≤100
153080620724,Donald J. Trump,"DONALD J. TRUMP FOR PRESIDENT, INC.",≤100
109190967329516,Car Headline Bulletin,Abraham Osayomi,≤100
127755494595870,Progressive Takeover,PROGRESSIVE TAKEOVER,≤100
2352630938293825,Mytacticalpromos,Entremax,≤100
96935476345,Democratic Governors Association (DGA),Democratic Governors Association,≤100
370345423898,Alaska Children's Trust,Alaska Children's Trust,≤100
73970658023,International Rescue Committee,International Rescue Committee,≤100
328072970642479,Jaime Harrison,JAIME HARRISON FOR US SENATE,≤100
133012286771509,Alaska Family Action,ALASKA FAMILY ACTION INC,≤100
409179052515324,Forrest Dunbar,Forrest for Mayor,≤100
925620334439569,Alaska Watchman,Alaska Watchman,≤100
101617224555221,Nancy Pelosi Elects Democrats,PAC TO THE FUTURE,≤100
176238466533,Alaska Republican Party,ALASKA REPUBLICAN PARTY,≤100
698400060189827,Dan Sullivan,Alaskans for Sullivan,≤100
1615018905412860,Progressive Turnout Project,PROGRESSIVE TURNOUT PROJECT,≤100
20787991568,Senate Democrats,DSCC,≤100
121388362246,Goldman Sachs,Goldman Sachs & Co.,≤100
1316372698453411,Alexandria Ocasio-Cortez,ALEXANDRIA OCASIO-CORTEZ FOR CONGRESS,≤100
950998258312654,Knowhere,"Knowhere, Inc.",≤100
9324910069,NRSC,NRSC,≤100
127225910653607,PragerU,PragerU,≤100
6726182861,Mike Pence,"DONALD J. TRUMP FOR PRESIDENT, INC.",≤100
6726182861,Mike Pence,TRUMP MAKE AMERICA GREAT AGAIN COMMITTEE,≤100
158791100909689,Concerned Veterans for America,Concerned Veterans for America,≤100
196382377057315,Learn Our History,Learn Our History,≤100
172758932738142,PhRMA,PHARMACEUTICAL RESEARCH AND MANUFACTURERS OF AMERICA,≤100
342294162453301,Planned Parenthood,Planned Parenthood Federation of America,≤100
107858693983382,The GOP Shop,The GOP Shop,≤100
104101461050051,Caught in the Act,Ashley Peel,≤100
97493741436,John W. Hickenlooper,HICKENLOOPER FOR COLORADO,≤100
308506536540046,Alaskans for Better Elections,Alaskans for Better Elections,≤100
92925746942,Judicial Watch,Judicial Watch,≤100
2162483073873761,Alaska Counts,Alaska Counts,≤100
1487587521541634,President Donald Trump Fan Club,I Love My Freedom,≤100
6204742571,Sierra Club,SIERRA CLUB,≤100
2037695643113766,Blexit,Blexit Foundation,≤100
1025055787535714,A Case for Women,A Case for Women,≤100
1113066565547358,Recall Dunleavy,Recall Dunleavy,≤100
302182941354,AARP Advocates,AARP,≤100
393932827634250,Dissent Pins,Common Practice,≤100
281844617168,Jewish Voice Ministries International,JEWISH VOICE MINISTRIES INTERNATIONAL,≤100
245714155999429,Liz Snyder for Alaska,Liz Snyder for State House,≤100
203805062990264,Ben Shapiro,The Daily Wire,≤100
2283535575207809,Ditch Mitch,DITCH FUND,≤100
16477459734,League of Conservation Voters,"LEAGUE OF CONSERVATION VOTERS, INC",≤100
22877548156,Earth Day Network,EARTH DAY NETWORK INC,≤100
505082913012317,Must Read Alaska,Must Read Alaska LLC,≤100
168051710543266,Friends of Lacy Johnson,Lacy Johnson for Congress,≤100
27311599342,Preemptive Love,Preemptive Love Coalition,≤100
111428049989,Cal Cunningham,CAL FOR NC,≤100
312092263965,Gabrielle LeDoux for State House,Gabrielle LeDoux for State House,≤100
11791104453,NRDC,Natural Resources Defense Council,≤100
717115395103069,PrintedKicks,Printed Kicks,≤100
259130650776119,Mitch McConnell,MCCONNELL SENATE COMMITTEE,≤100
118502801658228,Young Kim,Young Kim for Congress,≤100
7476269851,Congressman Don Young,The Office of Congressman Don Young,≤100
159964696102,Kevin McCarthy,KEVIN MCCARTHY FOR CONGRESS,≤100
602714436529710,End Citizens United,END CITIZENS UNITED,≤100
314499212242,Pfizer,Pfizer Inc.,≤100
38235851310,USA for UNHCR,UNITED STATES ASSOCIATION FOR UNHCR,≤100
2012750189007245,Liquid Death Mountain Water,Liquid Death,≤100
120551431317,Nickelodeon,Nickelodeon with Facebook Ad Credits,≤100
596556607135301,The Earthling Co.,Educated Earthling,≤100
8325302025,Friends of the Earth U.S.,Friends of the Earth,≤100
8501031021,VoteVets.org,"VoteVets Action Fund, Inc.",≤100
101210588150219,Boy Scouts Abuse Claims,X Social Media LLC,≤100
18982436812,ACLU,American Civil Liberties Union,≤100
665345483483486,NRA - National Rifle Association of America,NATIONAL RIFLE ASSN OF AMERICA,≤100
107456897451127,Alaskans for Al,Laura Beth Marcus,≤100
8047221596,Save the Children US,"SAVE THE CHILDREN FEDERATION, INC.",≤100
110018833813683,Flip the Senate,SMP,≤100
228754857151053,House Majority PAC,House Majority PAC,≤100
833845080319275,The Daily Patriot,Full Tilt Holdings LLC,≤100
560140464159364,Stand for the 2nd Amendment,SFT2 Tactical Supply,≤100
80562389320,NARAL Pro-Choice America,NARAL Pro-Choice America,≤100
24330467048,Americans for Prosperity,AMERICANS FOR PROSPERITY,≤100
215428201914198,The Howard Stern Show,SiriusXM,≤100
109111900634787,Reverend Raphael Warnock,WARNOCK FOR GEORGIA,≤100
345504286342057,Keeping America Great Again,RightWingGear.com,≤100
791543660926838,"I'll go ahead and keep my guns, Thanks",2A4LIFE LLC,≤100
174009339411865,SmartNews,"SmartNews International, Inc.",≤100
565092390311856,Magnetek Rotation,Mohagani Adamu Magnetek,≤100
383877235817031,Keep America Great,Keep America Great,≤100
309798029121030,Everytown for Gun Safety,Everytown for Gun Safety Action Fund Inc,≤100
76625396025,CDC,Centers for Disease Control and Prevention (CDC) with Facebook ad credits,≤100
8934429638,Planned Parenthood Action,Planned Parenthood Action Fund,≤100
45393753416,Alliance Defending Freedom,Alliance Defending Freedom,≤100
681626158940626,Mission Roll Call,Americas Warrior Partnership,≤100
213792049451918,Stand For America,Stand For America Inc,≤100
7292655492,MoveOn,MOVEON.ORG POLITICAL ACTION,≤100
112694470356789,Trumpcare For America,Stuart Joseph Millar,≤100
1435071773455316,Daily Wire,The Daily Wire,≤100
21834534343,Volunteers of America,"VOLUNTEERS OF AMERICA, INC.",≤100
461204744067686,Family Protection Association,Family Protection Association,≤100
830121337093232,National Democratic Training Committee,NATIONAL DEMOCRATIC TRAINING COMMITTEE PAC,≤100
100679268000795,META for Providers,Caroline L Cerbus,≤100
121626482110,Operation Smile,"OPERATION SMILE, INC.",≤100
96935476345,Democratic Governors Association (DGA),DEMOCRATIC ACTION,≤100
100195511560092,Injury Compensation Center,Injury Compensation Center,≤100
104851617686932,Concealed Country,Concealed Country,≤100
408250066356,Bill O'Reilly,"Bill Me, Inc.",≤100
17911165812,Covenant House International,Covenant House,≤100
169130743498585,Tactical Pro Supply,Chad Keller,≤100
72931140459,Center for Biological Diversity,"CENTER FOR BIOLOGICAL DIVERSITY, INC.",≤100
35169196082,Project HOPE,"PROJECT HOPE-THE PEOPLE-TO-PEOPLE HEALTH FOUNDATION, INC.",≤100
567371470277443,The Wilderness Society Action Fund,The Wilderness Society Action Fund,≤100
111393882812494,Amy McGrath,"AMY MCGRATH FOR SENATE, INC.",≤100
103682110993833,Arctic Refuge Defense Campaign,Alaska Wilderness League,≤100
605168822998856,314 Action,314 ACTION FUND,≤100
6231686654,Compassion International,"COMPASSION INTERNATIONAL, INCORPORATED",≤100
304600892905134,Hillsdale College Online Courses,HILLSDALE COLLEGE,≤100
21375324480,The Heritage Foundation,HERITAGE FOUNDATION (THE),≤100
132492254050920,American AF,AAF Nation,≤100
203240656430539,Copper Valley Telecom,COPPER VALLEY TELEPHONE COOPERATIVE INCORPORATED,≤100
109092142462587,Adam Schiff,SCHIFF FOR CONGRESS,≤100
197760674021143,Indivisible Guide,INDIVISIBLE ACTION,≤100
176789922364429,Steve Daines,STEVE DAINES FOR MONTANA,≤100
167586229923327,World Food Program USA,World Food Program USA,≤100
292351509697,Jerusalem Prayer Team,Jerusalem Prayer Team,≤100
305832706292882,American Gun Association,GunAssociation.org,≤100
15188122178,The Hamilton Collection,The Hamilton Collection,≤100
11131463701,truth,TRUTH INITIATIVE FOUNDATION,≤100
242077219243971,The Presidential Coalition,The Presidential Coalition,≤100
373814729643508,Let America Vote,LET AMERICA VOTE PAC,≤100
101724361319410,Ronny Jackson for U.S. Congress TX-13,Texans for Ronny Jackson,≤100
221890358218748,Til Valhalla Project,Til Valhalla Project,≤100
245284549333866,ASMDSS,ASMDSS,≤100
101183127996396,Four Is Enough,PACRONYM,≤100
309308412520731,Sandy Hook Promise,Sandy Hook Promise,≤100
30139072158,CARE,CARE,≤100
1864721517082089,Democratic Attorneys General Association,Democratic Attorneys General Association,≤100
69039563201,Open Doors USA,"OPEN DOORS WITH BROTHER ANDREW, INC.",≤100
293225127381200,Patriot Depot,The Patriot Depot,≤100
153053554728336,iShares,"BLACKROCK, INC.",≤100
105756057589080,The Lincoln Project,The Lincoln Project,≤100
83290028957,Care Net,CARE NET,≤100
95335385742,National Fish and Wildlife Foundation,NATIONAL FISH AND WILDLIFE FOUNDATION,≤100
101148251446778,Keep America Great Committee,KEEP AMERICA GREAT COMMITTEE,≤100
1690071827911682,Cleancult,cleancult,≤100
49651563727,Live Action,Live Action,≤100
6279167307,Easterseals,Easterseals,≤100
321250352104571,Valerie Plame,VALERIE PLAME FOR CONGRESS,≤100
281884085611820,Tedra Cobb,COMMITTEE TO ELECT TEDRA COBB,≤100
25852730092,Care2,Care2 Inc,≤100
385473284886474,Hillsdale College,HILLSDALE COLLEGE,≤100
102592959026,Ocean Conservancy,"OCEAN CONSERVANCY, INC.",≤100
163148530407080,Captain Mark Kelly,MARK KELLY FOR SENATE,≤100
12301006942,Democratic Party,DNC SERVICES CORP./DEM. NAT'L COMMITTEE,≤100
7833534974,Florida Democratic Party,Florida Democratic Party,≤100
1557717027809584,AARP Programs,Jarica Kaylene Befus,≤100
17203056985,Partners In Health,Partners In Health,≤100
20876805343,March of Dimes,MARCH OF DIMES INC.,≤100
28896772146,San Diego Zoo,ZOOLOGICAL SOCIETY OF SAN DIEGO,≤100
15687409793,World Wildlife Fund,World Wildlife Fund,≤100
956798984517610,Representative Bart LeBon,Alaska Representative Bart LeBon,≤100
246323280108,American Medical Association (AMA),American Medical Association,≤100
166618413413767,Jay Sekulow,American Center for Law and Justice,≤100
106469240890813,Military Support,Whats Your Injury Worth,≤100
27544763621,Prison Fellowship,Prison Fellowship,≤100
253791814655400,Doug Collins,"COLLINS FOR SENATE, INC.",≤100
95356211637,Ben Ferguson,Ben Ferguson show,≤100
834645469890446,Devin Nunes,DEVIN NUNES CAMPAIGN COMMITTEE,≤100
57259033959,AARP,AARP,≤100
7263476274,Mercy Corps,Mercy Corps,≤100
137569740231452,Respect The Look,Respect The Look,≤100
1099478666810053,Meals For Pets,Meals for Pets,≤100
94047978366,PCCC - BoldProgressives.org,PROGRESSIVE CHANGE CAMPAIGN COMMITTEE,≤100
103376804451432,Trending Politics,Making Web LLC,≤100
108223613871921,Re-Elect Trump 2020,Beyond Patriots LLC,≤100
111970730196550,World War Zero,AMERICAN SECURITY PROJECT,≤100
112942500238297,Trees4Australia,Trees4Australia,≤100
101136147910784,Represent Justice,Represent Justice,≤100
5720973755,Defenders of Wildlife,DEFENDERS OF WILDLIFE,≤100
19746387261,Humane Society International,Humane Society International,≤100
114710126648118,Republican Dogs,Republican Dogs,≤100
100137754724934,Trump 2020 Supporters,Proud Right Winger,≤100
86134975779,Coast Guard Foundation,Coast Guard Foundation INC.,≤100
160389977329803,ATTN:,ATTN: INC.,≤100
7962229886,Environmental Working Group,ENVIRONMENTAL WORKING GROUP,≤100
1614345772179172,Greg Gianforte,Greg for Montana,≤100
148528679120606,Whistleblower Aid,Whistleblower Aid,≤100
38471053686,Elizabeth Warren,"WARREN DEMOCRATS, INC.",≤100
105953890782784,The Factual,The Factual,≤100
46093654473,National Republican Congressional Committee,NRCC,≤100
43287633515,Alliance for Climate Education,Alliance for Climate Education,≤100
2189265054726827,Liberty Tee Shop,www.libertyteeshop.com,≤100
559244524600331,Vunella,Alan Woods,≤100
139599847972,National Nurses United,BE A HERO PAC,≤100
530604487365010,Old Glory Flagpole Kits,Service First Flag Poles,≤100
586751814690068,Joni Ernst,Joni for Iowa,≤100
134845259917779,Rock 'Em Socks,Rock 'Em Socks,≤100
169710960125365,Curzio Research,Curzio Research Inc.,≤100
598924810530984,Keeping America Great,FamTeeWorld,≤100
169597416843751,Stand Up America,Stand Up America,≤100
5435784683,Greenpeace USA,"GREENPEACE, INC.",≤100
267180743723148,National Geographic Society,National Geographic Society,≤100
2330577043935831,Sara Gideon,SARA GIDEON FOR MAINE,≤100
21559454473,FAIR,FEDERATION FOR AMERICAN IMMIGRATION REFORM,≤100
18813753280,Human Rights Campaign,"HUMAN RIGHTS CAMPAIGN, INC.",≤100
210277954204,The Young Turks,"The Young Turks, Inc.",≤100
1338822066131069,Women's March,Women's March,≤100
104298324373283,George for Anchorage,George Martinez,≤100
69983322463,Ted Cruz,TED CRUZ FOR SENATE,≤100
236369846383459,Congressional Black Caucus PAC,Congressional Black Caucus PAC,≤100
7483836629,Ancestry,Ancestry.com Operations Inc.,≤100
496696933682736,Jeff Merkley,JEFF MERKLEY FOR OREGON,≤100
971668776283950,PolicyEd,Hoover Institution,≤100
224684514243482,Tom Cotton,"COTTON FOR SENATE, INC.",≤100
6334782252,Oceana,OCEANA,≤100
101568761447230,Compensation Experts USA,Injury Compensation Center,≤100
465483726908192,iVote,IVote Civic Education Fund,≤100
8492293163,Environmental Defense Fund,Environmental Defense Fund,≤100
106875060931336,National News Flash,Denisia Monea Williams,≤100
159616034235,Walmart,WALMART INC.,≤100
332716170522025,America First Action,America First Action,≤100
50982313030,Food & Water Watch,Food & Water Watch,≤100
592707041080920,Stand Together,Stand Together Chamber of Commerce Inc.,≤100
105732744375701,Steve Bullock,Montanans for Bullock,≤100
1166660030079480,National Democratic Redistricting Committee,National Democratic Redistricting Committee,≤100
493811210669780,Creative Action Network,Creative Action Network,≤100
2009466829272479,SavageXFenty,These ads ran without a disclaimer,≤100
1336293769761923,Jon Ossoff,JON OSSOFF FOR SENATE,≤100
1228396643984955,Michelle Steel,Michelle Steel for Congress,≤100
420785874975425,Conservative Institute,The Conservative Institute,≤100
1688725768007141,Michelle Caruso-Cabrera,CARUSO-CABRERA FOR NEW YORK,≤100
85273022315,NAMI,NAMI,≤100
1050320055029012,Outrider Foundation,OUTRIDER FOUNDATION,≤100
327202261326682,Stephanie Bice,Bice for Congress,≤100
6236054211,Brady,Brady Campaign to Prevent Gun Violence,≤100
168452723312821,Chisholm Chisholm & Kilpatrick LTD,Chisholm Chisholm & Kilpatrick LTD,≤100
342887442508723,Convention of States,Convention of States Action,≤100
1224429014390746,Catalysts,Freethink,≤100
169130470583214,Demand Justice,Demand Justice,≤100
12683623041,Society for Human Resource Management (SHRM),SOCIETY FOR HUMAN RESOURCE MANAGEMENT,≤100
103877744493195,Briit Botanicals,Briit Botanicals,≤100
1529468987331408,BulbHead,TELEBRANDS CORP.,≤100
18709174006,National Audubon Society,"NATIONAL AUDUBON SOCIETY, INC.",≤100
143986912311328,University of Vermont Continuing and Distance Education,University of Vermont,≤100
304684726253491,Susitna River Coalition,These ads ran without a disclaimer,≤100
334748476594191,Rodney Davis,Rodney for Congress,≤100
110022477032429,Mike Franken,FRANKEN FOR IOWA,≤100
433919203362871,Bird + Stone,BIRD & STONE INC,≤100
117641114435,First Aid Beauty,First Aid Beauty,≤100
209516845093,NRDC Action Fund,NRDC Action Fund,≤100
18479402361,No Kid Hungry,No Kid Hungry,≤100
135298176481584,Marine Corps Scholarship Foundation,Marine Corps Scholarship Foundation,≤100
243510442756370,Justice Democrats,JUSTICE DEMOCRATS PAC,≤100
265268336865693,Do Amore,Do Amore Limited Company,≤100
118303441570966,Home Ownership Matters,NATIONAL ASSOCIATION OF REALTORS,≤100
100298938781,Robert Wood Johnson Foundation,Robert Wood Johnson Foundation,≤100
107210084216238,Humanity Forward,Humanity Forward,≤100
30914589895,The International Fellowship of Christians and Jews,"INTERNATIONAL FELLOWSHIP OF CHRISTIANS & JEWS, INC.",≤100
107761702578379,American Institute for Cancer Research - AICR,American Institute for Cancer Research,≤100
345378512258813,Elise Stefanik,ELISE FOR CONGRESS,≤100
166384506863088,All Above All,All* Above All,≤100
1947525322184514,One Fair Wage,One Fair Wage,≤100
53541257714,The Arc of the United States,"ARC OF THE UNITED STATES, INC., THE",≤100
802271849850801,Freedom for All Americans,Freedom for All Americans,≤100
58158120046,ACLJ,American Center for Law and Justice,≤100
15239367801,The Wilderness Society,"WILDERNESS SOCIETY, THE",≤100
8934429638,Planned Parenthood Action,Planned Parenthood Votes,≤100
785936231584382,Paula Jean Swearengin,Paula Jean for West Virginia,≤100
128163947282497,LP Building Solutions for Professionals,These ads ran without a disclaimer,≤100
107589664099282,Stand Up To China,"Stand Up To China, Inc.",≤100
129255907131113,NumbersUSA,NUMBERSUSA EDUCATION AND RESEARCH FOUNDATION,≤100
2267405033373814,Doctor Patient Unity,Doctor Patient Unity,≤100
152264148166020,Moms Clean Air Force,Moms Clean Air Force,≤100
589787637733608,Scherie S. Murray,SCHERIE MURRAY FOR CONGRESS,≤100
23875187730,Feeding America,Feeding America,≤100
1012844478903955,Permeating Light Project,Lady Donna Dutchess,≤100
169277310432049,"Texas Precision Optics, Inc.",Texas Precision Optics Inc,≤100
497081420632330,Hiral Tipirneni,HIRAL FOR CONGRESS,≤100
1836138529938551,Greater Half,Greater Half,≤100
1799282383731277,TwoSeventy,Alexander Jared Deutsch,≤100
1194865807192273,Conservative Gear,Outergoods LLC,≤100
100401327980848,National Parents Union,National Parents Union,≤100
163302087408673,Stop The Donald,Stop the Donald,≤100
684473794899189,"Sanders Phillips Grossman, LLC",Legal Action Media,≤100
7219151423,The Fund for American Studies (TFAS),The Fund for American Studies,≤100
1585761838387907,Unity College Online,Unity College,≤100
830890360316751,Nick Hanauer,Civic Action,≤100
100256754899828,Patriot's Cave,Patriots Cave,≤100
105060269781,Premiere Collectibles,"Premiere Marketing, Inc.",≤100
290851614930809,Combat AntiSemitism,Combat Anti-Semitism,≤100
102756811269921,Fellow Americans,Fellow Americans,≤100
1438808983108348,BOLD PAC,CHC BOLD PAC,≤100
109665250456365,The Armed Patriot,Kenneth Micheal Parkerson,≤100
142992759853421,Be A Hero,BE A HERO PAC,≤100
1389807071117013,Lynn Afendoulis,Lynn Afendoulis for Congress,≤100
396932197039819,SafeSleeve,"SafeSleeve, LLC",≤100
101591551371555,Fire Mitch. Save America.,SAVE AMERICA FUND,≤100
6041057841,The Humane Society of the United States,"HUMANE SOCIETY OF THE UNITED STATES, THE",≤100
6165653060,AFSCME,AMERICAN FEDERATION OF STATE COUNTY & MUNICIPAL EMPLOYEES,≤100
56780242206,Agros International,Sierra Hana Golden,≤100
5861903849,Friends of UNFPA,Friends of UNFPA,≤100
10524821940,National Park Foundation,National Park Foundation,≤100
189758874031,Outside TV,"OUTSIDE TELEVISION, INC.",≤100
143152622368089,San Diego Zoo Safari Park,ZOOLOGICAL SOCIETY OF SAN DIEGO,≤100
114989253202136,Consumer Protection Law,Sift Legal Marketing,≤100
170582513587720,Liberty Through Wealth,The Oxford Club,≤100
192015461630968,Supporting Our Brave Veterans,James Brian Plouf,≤100
37892661587,JDC,JDC,≤100
911828698840246,ReLEntless Defender Apparel,ReLEntless Defender Apparel,≤100
407664862957433,Ammar Campa-Najjar for Congress,AMMAR CAMPA-NAJJAR FOR CONGRESS,≤100
56349854459,Parkinson's Foundation,Parkinson's Foundation,≤100
30708742052,FCTRY,FCTRY,≤100
114975389535,TAN Books,"SAINT BENEDICT PRESS, LLC",≤100
174467403129304,Yoopine,Yoopine Inc.,≤100
393076844046051,Progressive Caucus,CONGRESSIONAL PROGRESSIVE CAUCUS PAC,≤100
21492729544,Catholic Relief Services,CATHOLIC RELIEF SERVICES - UNITED STATES CONFERENCE OF CATHOLIC BISHOPS,≤100
151894654697,Save Our States,"OKLAHOMA COUNCIL OF PUBLIC AFFAIRS, INC.",≤100
294508332028,Lakota People's Law Project,ROMERO INSTITUTE,≤100
100666038243915,True American Patriot,Gold Sky Ventures LLC,≤100
747436915270894,Congressional Leadership Fund,CONGRESSIONAL LEADERSHIP FUND,≤100
29770886815,Marijuana Policy Project,Marijuana Policy Project,≤100
126893748252841,American Firearms Coalition,American Firearms Coalition,≤100
97830335456,Patagonia,"PATAGONIA, INC.",≤100
32802178807,Homes For Our Troops,Homes For Our Troops,≤100
24470472733,The Trevor Project,The Trevor Project,≤100
375760676281438,Mermaid Straw,Mermaid Straw,≤100
100718241380366,American Awakening,SWORD & SPOON ENTERPRISES INCORPORATED,≤100
32975139631,If Americans Knew,If Americans Knew,≤100
142474049098533,Robert Reich,Penguin Random House LLC,≤100
83865976093,Truthout,TRUTHOUT,≤100
754520748264044,Wood by Stu,Stu Designs LLC,≤100
420424547981908,In Search of Liberty,Scott Dennis Welch,≤100
102389457864860,Treehuggers Bracelets,ECOMX LLC,≤100
23790541544,Democrats,DCCC,≤100
170591064699,Southern Poverty Law Center,"SOUTHERN POVERTY LAW CENTER, INC., THE",≤100
1494279480805358,Don Young,ALASKANS FOR DON YOUNG,≤100
107953199261156,ifaw,"INTERNATIONAL FUND FOR ANIMAL WELFARE, INC.",≤100
303061950155375,John James,"JOHN JAMES FOR SENATE, INC.",≤100
111499100431,National Association for Gun Rights,NATIONAL ASSOCIATION FOR GUN RIGHTS INC,≤100
183113263420,Loyal Source,LOYAL SOURCE GOVERNMENT SERVICES LLC,≤100
143509339045414,Americans for Peace and Tolerance,"AMERICANS FOR PEACE AND TOLERANCE, INC.",≤100
1976047379348915,Love For My Daughter,Kevin Edward Cotter,≤100
1667892193505378,Hold the House,HOLD THE HOUSE PAC,≤100
106663044307859,Mike Sievert,"T-MOBILE USA, INC.",≤100
134452023239984,Human Coalition,Human Coalition,≤100
309993142375589,Joe Kennedy III,KENNEDY FOR MASSACHUSETTS,≤100
21455818797,Feed the Children,"FEED THE CHILDREN, INC.",≤100
566008736785269,Be Heard Project,Be Heard Project,≤100
1640970822834351,Plaine Products,Plaine Products,≤100
1234251319933440,Exclusive Apparel,The Dude's Designs,≤100
47712360678,Jobs With Justice,Jobs With Justice,≤100
405469100189512,Still My President - Donald Trump,Red State Politics LLC,≤100
653079394725698,Aspiration,Aspiration,≤100
300992409852,Hoover Institution,Hoover Institution,≤100
2185993931653388,The Recount,"Recount Media, Inc",≤100
10498053716,Media Research Center,MEDIA RESEARCH CENTER,≤100
248181906078243,National Institute for Civil Discourse,CommonSense American,≤100
257019421075897,Cory Gardner,Cory Gardner for Senate,≤100
108512875350,The Atlas Society,The Atlas Society,≤100
374848446414965,Pollking,Benjamin Aaron Perlman,≤100
673911996356327,Gov. Bill Lee,the State of Tennessee,≤100
384070655018,Connected Investors,Connected Investors,≤100
105929991030423,My Freedom Jersey,"My Freedom Jersey, LLP",≤100
105229062888132,Stop Soldier Suicide,Stop Soldier Suicide,≤100
102047517918,The Commonwealth Fund,"COMMONWEALTH FUND, THE",≤100
313723095478950,The Daily Citizen,Focus on the Family,≤100
203197030603239,8 Billion Trees,8 Billion Trees LLC,≤100
104117891137180,Everyday is a Second Chance,Shi Yuan Ge,≤100
101391906600,Live Action News,Live Action News,≤100
105561217523274,The_Dispatch,"Dispatch Media, Inc.",≤100
182658925089088,FINCA,"FINCA INTERNATIONAL, INC.",≤100
709046012792616,National Audubon Society Action Fund,National Audubon Society Action Fund,≤100
319982881752525,Kara Eastman,EASTMAN FOR CONGRESS,≤100
105410570945384,Hourly News Report,Zia Alexis Marshay Sifford,≤100
136126341809,American Bird Conservancy,American Bird Conservancy,≤100
1439364926329185,Animal Matters,Animal Matters,≤100
207901812670026,theSkimm,"TheSkimm, Inc",≤100
405355946226766,Todd Young,"FRIENDS OF TODD YOUNG, INC.",≤100
186070498791676,The Dude's Designs,The Dude's Designs,≤100
28510612138,Uncommon Knowledge,Hoover Institution,≤100
1637823176332591,Ecocred,Branislav Seslija,≤100
34362997676,United States Holocaust Memorial Museum,UNITED STATES HOLOCAUST MEMORIAL MUSEUM,≤100
877489392359717,For Our Future Ohio,For Our Future Action Fund,≤100
237477017606,Club for Growth,Club for Growth,≤100
67626834312,National Women's Law Center,National Women's Law Center,≤100
197669827395385,Connected Commerce Council,Connected Commerce Council,≤100
5943727453,American Humane,American Humane,≤100
152766071443309,The City University of New York,The City University of New York,≤100
223008867858902,American Action News,American Action News,≤100
2036389409806378,Backpage's Role in Prostitution and Trafficking,X Social Media LLC,≤100
1636216106590985,Josh Hawley,JOSH HAWLEY FOR SENATE,≤100
366351973736242,Red Rock Secured,Red Rock Secured,≤100
102809448041300,Glide Homes,These ads ran without a disclaimer,≤100
105175422857231,Association of American Railroads,ASSOCIATION OF AMERICAN RAILROADS,≤100
79125112926,Students for Life of America,"STUDENTS FOR LIFE OF AMERICA, INC.",≤100
9140184965,Victims for Justice,Victims for Justice,≤100
34370387440,JDRF,JDRF INTERNATIONAL,≤100
427302110732180,Mike Cernovich,Michael C Cernovich,≤100
648420025366676,KetoLogic,Joshua Chopak,≤100
1809715209318581,Marjorie Taylor Greene for Congress,GREENE FOR CONGRESS,≤100
128167457221813,Public Transportation,Voices for Public Transit,≤100
105610970947657,MY 2A GEAR,Leon Mckensizy Dunn,≤100
54787697857,Ron Wyden,WYDEN FOR SENATE,≤100
1055873511190792,Hello Resistance,Hello Resistance Apparel,≤100
73277646827,Trees for the Future,Trees for the Future,≤100
977704775606273,Balls Deep Tackle,Balls Deep Tackle,≤100
111702860231554,Matt Lieberman,Matt Lieberman for Senate,≤100
547176209061125,Medicare for All NOW,Medicare For All NOW!,≤100
1452551204988299,GoReact,Speakworks Inc,≤100
19342050934,Leadership Institute,LEADERSHIP INSTITUTE INC,≤100
10423517786,Harvard Business Review,HARVARD BUSINESS SCHOOL PUBLISHING CORPORATION,≤100
46347342434,EMILY's List,EMILY'S LIST,≤100
8473889271,National Parks Conservation Association,National Parks Conservation Association,≤100
28446275521,Military Officers Association of America (MOAA),Military Officers Association of America,≤100
700941689954518,Defend Our Future,Defend Our Future,≤100
1438882392887793,ADF Church Alliance,Alliance Defending Freedom,≤100
7292655492,MoveOn,MOVEON.ORG CIVIC ACTION,≤100
2146201085498440,Tony Gonzales,Tony Gonzales for Congress,≤100
173837496125511,Conscious Step,Conscious Step,≤100
112041183486666,Project Sunshine,ACRONYM,≤100
1600352356914768,PushBlack,PushBlack,≤100
872842866161157,One Nation Design,One Nation Design,≤100
8321461609,MomsRising.org,MomsRising Together,≤100
198296877515470,Switch4Good,Switch4Good,≤100
97466887664,Innocence Project,"INNOCENCE PROJECT, INC., THE",≤100
211095382256023,"Mars, Incorporated","Mars Wrigley Confectionery US, LLC",≤100
265045056894488,Mark Meckler,Convention of States Action,≤100
111350917102742,Medicture,Medicture,≤100
183872968312216,Popdust,cleancult,≤100
181183059253295,Dorsal Bracelets,Dorsal Bracelets,≤100
2225580284361712,Tommy Tuberville,"TUBERVILLE FOR SENATE, INC.",≤100
2254455051442790,Flag and Cross,Flag & Cross,≤100
1449461518652183,4Patriots,4Patriots LLC,≤100
7209432197,Chris Coons,CHRIS COONS FOR DELAWARE,≤100
109854170619876,Bring Ammo,Michael Seth Weathers,≤100
490146091123057,Dan Mayfield For Senate,James Daniel Mayfield,≤100
8002590959,Rainforest Action Network,RAINFOREST ACTION NETWORK,≤100
152366542054007,Sustainable Energy & Environment Coalition PAC,SUSTAINABLE ENERGY AND ENVIRONMENT COALITION PAC (SEEC PAC),≤100
111941237005726,Just The News,Just the News,≤100
109259090549237,Yes on National Popular Vote,YES ON NATIONAL POPULAR VOTE,≤100
152258821985032,Disrupt Aging,AARP,≤100
28889108258,Gospel for Asia,"GOSPEL FOR ASIA, INC.",≤100
284946111858895,Debbie Mucarsel-Powell,DEBBIE FOR CONGRESS,≤100
331037760381749,Sierra Magazine,SIERRA CLUB,≤100
263210730984251,We Are Great Again Pac,WE ARE GREAT AGAIN PAC,≤100
88485759616,Dave Thomas Foundation for Adoption,Dave Thomas Foundation for Adoption,≤100
133937690180,Student Conservation Association,Student Conservation Association,≤100
1846324612256008,Your Car. Your Data.,Auto Care Association,≤100
1580844735465499,Mighty Oaks Warrior Programs,Mighty Oaks Foundation,≤100
105010030848236,Bryant Cameron Webb,DR. CAMERON WEBB FOR CONGRESS,≤100
112735922758892,Charlie Kirk,Charlie Kirk,≤100
593289284500311,Trump Rack,BOXD Marketing,≤100
275908853303174,Pro-Israel America,"Pro-Israel America, Inc.",≤100
680549575421741,UnitedVoice.com,"Beachside Media, Inc.",≤100
11162728079,U.S. PIRG,UNITED STATES PUBLIC INTEREST RESEARCH GROUP,≤100
311896169406139,Trump 2020 Wear,Trump 2020 Wear,≤100
146754548089,CityTeam,CityTeam,≤100
394817334402124,2020 Trump Bill,Innovative Ecomm LLC,≤100
6820348410,Kirsten Gillibrand,Gillibrand for Senate,≤100
104243792943104,Saybrook University,TCS Education System,≤100
192771954102960,Jordan Sekulow,American Center for Law and Justice,≤100
169294473121454,Policetees.com,PoliceTees.com,≤100
219946691997,Michael E. Porter,Katherine Gehl,≤100
1486604288305133,Happy Earth Apparel,Happy Earth LLC,≤100
683872625157265,Theresa Greenfield,THERESA GREENFIELD FOR IOWA,≤100
338855069522459,Im Tirtzu,Im Tirtzu,≤100
208872873173211,Truckers.com,"Small Business in Transportation Coalition, Inc.",≤100
193147324041812,The Skoll Foundation,"SKOLL FOUNDATION, THE",≤100
11111618026,Union of Concerned Scientists,"UNION OF CONCERNED SCIENTISTS, INC.",≤100
6502038524,First Book,FIRST BOOK,≤100
819942484773775,Tax Sale Blueprint,Bob Diamond,≤100
10150100007820094,Wendy Davis,WENDY DAVIS FOR CONGRESS,≤100
61265398450,AmeriCorps NCCC,Corporation for National and Community Service,≤100
396341050418432,WORLD Channel,WGBH WORLD Channel,≤100
219247332354785,Phil Arballo for Congress,ARBALLO FOR CONGRESS,≤100
130467958471,Jason Lewis,Jason Lewis for Senate,≤100
110177119192569,Knightscope,William Li,≤100
49209604726,Vermont Teddy Bear,"VERMONT TEDDY BEAR CO., INC., THE",≤100
1731084720451495,The Younique Foundation,The Younique Foundation,≤100
825475597557324,trueself,cleancult,≤100
134571176638205,One Tree Planted,One Tree Planted,≤100
201956993160690,MRCTV,MEDIA RESEARCH CENTER,≤100
846088015412976,The Catholic University of America - Busch School of Business,Busch School of Business at The Catholic University,≤100
1145019702185006,Alliance for Safety and Justice,Alliance for Safety and Justice,≤100
14038292386,Women for Women International,WOMEN FOR WOMEN INTERNATIONAL,≤100
8532248414,Wounded Warrior Project,"WOUNDED WARRIOR PROJECT, INC.",≤100
15041226930,Oxfam,"OXFAM AMERICA, INC.",≤100
169543260659539,The Venn Media,The Venn Media,≤100
458142697588014,AARP Public Policy Institute,AARP,≤100
146817005352784,Wellness.com,"Beachside Media, Inc.",≤100
100194188004776,Ken Armstrong for President 2020,KEN ARMSTRONG FOR PRESIDENT 2020,≤100
159597424207730,David Perdue,PERDUE FOR SENATE,≤100
686280825079327,Citizens for a Secure and Safe America,Citizens for A Secure and Safe America Non Profit Corporation,≤100
116546288359245,Heritage Action for America,HERITAGE ACTION FOR AMERICA,≤100
6333396177,NewsBusters.org,MEDIA RESEARCH CENTER,≤100
176466646087311,DC Fawcett,Donald Chappell Fawcett,≤100
350899171648148,ScriptSave WellRx,Medical Security Card Company (d/b/a ScriptSave),≤100
278355662356517,BallotReady,"BallotReady, Inc",≤100
100256754899828,Patriot's Cave,Lucky Shot USA,≤100
1849483715167852,Firefly Engagement,"Firefly Engagement Services, Inc.",≤100
193618220508,LIFE Today,LIFE Outreach International,≤100
1482947308676311,Topdust,cleancult,≤100
206821333312617,State of Childhood Obesity,State of Childhood Obesity,≤100
1290536624348001,Informed Immigrant,FWD.us Education Fund,≤100
143590139021196,UMR,UNITED MISSION FOR RELIEF AND DEVELOPMENT - UMR,≤100
109981273737197,Tim Kastning for Idaho State Representative Dist 2 Seat B,Kastning for Idaho,≤100
453130124841316,Walter M. Calloway,Walter Munzi Calloway,≤100
134994827115236,Cancer Health,"CDM PUBLISHING, LLC",≤100
260366367717440,Committee to Protect Medicare,Committee to Protect Medicare,≤100
112931036888692,Fountain For Congress,Joseph Rene Fountain,≤100
718730401501518,Openupbiz,OPENUPBIZ,≤100
146678415405673,FindLaw for Legal Professionals,FindLaw Legal Professionals,≤100
911845658833043,I Am An Immigrant,FWD.us Education Fund,≤100
186891114706643,Help Animals India,HelpAnimalsIndia,≤100
27139120832,Advancing Native Missions,Advancing Native Missions,≤100
181813995726,Avalara,"AVALARA, INC.",≤100
210357995667559,The National Memo,The National Memo,≤100
1374260589465543,Sheepdog Church Security,Sheepdog Church Security,≤100
1252246178251103,I Shall Vote,I Shall vote,≤100
21999960184,Operation Blessing,Operation Blessing,≤100
129159563777523,Conservancy of Southwest Florida,ST OF FL CONSERVANCY OF S,≤100
174982813087480,Adopt-A-Phone,Adopt-A-Phone,≤100
1563759350580669,MIZIZI,"MIZIZI International, LLC.",≤100
434635993263210,"King County, Washington - Government","King County, WA",≤100
110035463860647,Trump Signs,Bankov Enterprises LLC,≤100
1683659714985244,Phil Ehr,EHR FOR CONGRESS,≤100
67553971312,The Century Foundation,"CENTURY FOUNDATION INC, THE",≤100
329286557095658,Joyce Beatty for Congress,Beatty for Congress,≤100
129602743740560,Illinois Family Action,ILLINOIS FAMILY ACTION NFP,≤100
122894447754361,Institute for New Economic Thinking,"INSTITUTE FOR NEW ECONOMIC THINKING, THE",≤100
92368229508,Community Food Bank of Eastern Oklahoma,Community Food Bank of Eastern Oklahoma,≤100
595105757531823,Welton Hong,Welton Weiting Hong,≤100
104813894369589,Define This Moment,Define This Moment,≤100
614134231980299,Veterans Empowered To Protect African Wildlife,VETPAW INC,≤100
1824503584434809,I Vaccinate,Michigan Department of Health and Human Services,≤100
277550205502,National Religious Campaign Against Torture,NATIONAL RELIGIOUS CAMPAIGN AGAINST TORTURE,≤100
41309865723,Democrats.com,DEMOCRATS.COM,≤100
359933137438156,Nine Line Apparel,Nine Line Apparel,≤100
2212272129014080,Politiq Trivia,Connor Randolph Halline,≤100
1835838916635491,Transamerica Center for Health Studies,Transamerica Center for Health Studies,≤100
1800072483402009,African Community & Conservation Foundation,African Community & Conservation Foundation,≤100
308627962483898,Elderly Nursing Home Abuse Advocates "Its Time To Stop The Abuse",Stephen Anthony Piskor,≤100
110509307164141,American Patriot Unite,American Patriot Unite,≤100
287626442158465,Laws101,Laws101,≤100
114971076538782,The Keystone,Courier Newsroom,≤100
316906419223192,Pray America Great Again,Tina B Whitfield,≤100
197374340229,E2 - Environmental Entrepreneurs,E2 (Environmental Entrepreneurs),≤100
109903167155203,Mimi Rocah for District Attorney,Mimi Rocah for DA,≤100
629138220449997,Willie G. Davis Jr.'s Blog,Willie G. Davis Campaign Committee,≤100
219151131455591,Minnesota Young DFL (MYDFL),Minnesota Young DFL,≤100
1003562459729504,Transportation Nation Network,Transportation Nation Network,≤100
192448150001,Jeff Anderson & Associates,Jeffrey R Anderson PA,≤100
112325855474892,Speak Up For Education and Kids,National Education Association,≤100
622556584597615,SYMBICORT® (budesonide/formoterol fumarate dihydrate),These ads ran without a disclaimer,≤100
175149559508478,TreeDiaper,Zynnovation LLC,≤100
171651620209487,Brady PAC,Brady Pac,≤100
124626320898336,Catholic Extension,"CATHOLIC CHURCH EXTENSION SOCIETY OF THE UNITED STATES OF AMERICA, THE",≤100
128155811565,Wyoming Liberty Group,Wyoming Liberty Group,≤100
107199049318619,Friends of Derek Kilmer,PEOPLE FOR DEREK KILMER,≤100
161879897191723,EarthX,EarthX,≤100
202626512363,U.S. Census Bureau,These ads ran without a disclaimer,≤100
186932688457686,CHNGE,CHNGE,≤100
875703902528460,Matt Gurtler,"Friends of Matt Gurtler, Inc.",≤100
105536127617594,The American Digest,The American Digest,≤100
47924244850,Tony La Russa's Animal Rescue Foundation,Tony La Russa's Animal Rescue Foundation,≤100
45393753416,Alliance Defending Freedom,These ads ran without a disclaimer,≤100
136299005939,Heifer International,HEIFER PROJECT INTERNATIONAL,≤100
324372105110281,Author Lois Clymer,These ads ran without a disclaimer,≤100
150763151677363,Markwayne Mullin,MULLIN FOR CONGRESS,≤100
1801237890175919,The Denice Gary Show,Denice Garypandol,≤100
2406284459692230,Bees4Seas Natural Beeswax Food Wrap,Melissa Marie Eastin,≤100
70090474914,American Farmland Trust,"AMERICAN FARMLAND TRUST, INC",≤100
2049170775107862,Resistance By Design,Resistance By Design,≤100
260401648038890,Science101,Novelty Media,≤100
104933662932387,CreativeFuture,CreativeFuture,≤100
1383869268500535,Medicare World,Medicare World,≤100
148205145252473,Backcountry Hunters & Anglers,Backcountry Hunters & Anglers,≤100
2323471027903589,Bridging Minds,Bridging Minds,≤100
1612726335627171,We the Internet TV,We the Internet TV,≤100
322044193958,Mike Turner for Congress,Citizens for Turner,≤100
161994493811699,Conservation Lands Foundation,Conservation Lands Foundation,≤100
537299709721112,Advantage Gold,Advantage Gold Group,≤100
215689771967950,Plastic Tides,"Plastic Tides, Inc.",≤100
1240728192771914,Marvin Lim for Georgia,"Friends of Marvin Lim, Inc.",≤100
182034571982073,Texans For Dade,Texans for Dade,≤100
111125273842327,"Steve Slocum - Author, Peace Activist",Steven Wade Slocum,≤100
155443277896065,Dane Eagle,Dane Eagle For Congress,≤100
105979540829005,theyoungspiller,Young Spiller Music,≤100
114467748592136,RacingUSA.com,William David Carrington,≤100
169440273093442,The Center for Election Science,The Center for Election Science,≤100
107834404161011,2econd Rights,Oscar Jose Trinidad,≤100
157022225145063,Dave Stauffer for President,STAUF ENTERPRISES INC,≤100
100725841437863,Trumpgirltx,Trump Girl TX,≤100
89336510798,American Friends of the Hebrew University,American Friends of Hebrew University,≤100
195561910471475,CATALYST.cm,Catalyst.cm,≤100
98912141410,American Forests,American Forests,≤100
389461324983592,The Urban Queer Co.,The Urban Queer Co.,≤100
993262894116770,Pillars Fund,Pillars Fund,≤100
97624620788,American Friends of Magen David Adom,AMERICAN FRIENDS OF MAGEN DAVID ADOM,≤100
108838240704138,Operation Restoration 2020,CITIZENS FOR JADE SIMMONS,≤100
141269525933538,Democrats for Education Reform,Education Reform Now Advocacy Inc.,≤100
205795426669644,Facts and Logic about the Middle East,Facts and Logic About the Middle East,≤100
169042736456594,All Out,"All Out Action Fund, Inc.",≤100
355799336705,Outreach International,Outreach International,≤100
169114303173501,The Health Law Firm,The Health Law Firm,≤100
289359554914740,We Have A Stake,The ANCOR Foundation,≤100
80841742978,Adirondack Council,ADIRONDACK COUNCIL (INC),≤100
110746996993983,The Gander Newsroom,Courier Newsroom,≤100
51483280208,California State Parks Foundation,California State Parks Foundation,≤100
104965807734320,Cave Jokes,Cave Jokes,≤100
100577113613446,Rock Your Bathroom,SK LANG Products,≤100
112602535494455,The Reporters Inc,REPORTERS INC,≤100
107458160898024,Straight Outta Quarantine,Aaron Hayes Stclair,≤100
102389731274006,Shield Republic Charities,Shield Republic,≤100
332172544231683,America's Plastic Makers,"AMERICAN CHEMISTRY COUNCIL, INC.",≤100
148494598849,Milken Educator Awards,MILKEN FAMILY FOUNDATION,≤100
118178241651488,DSPolitical,"DSPolitical, LLC",≤100
399067003454888,Sudan Relief Fund,Sudan Relief Fund Inc,≤100
264115353958802,Independence Party,Brent Morris,≤100
101333462265,Distilled Spirits Council of the United States,Distilled Spirits Council of the United States,≤100
425523490830832,Baresoaps,Jessie Babbitt,≤100
221046091240452,Stephen Kramer Glickman,800 Pound Gorilla Records,≤100
100123544800892,Disme Coin Company,Byron Michael Laughlin,≤100
68771922854,Essence,Shaelyne Antonia Moodie,≤100
102224561399734,Katie Boshart Glaser,Friends of Katie Boshart Glaser,≤100
130945114804,World Jewish Congress,WORLD JEWISH CONGRESS AMERICAN SECTION INC,≤100
323631667743052,Rep. Rodney Davis,U.S. Rep. Rodney Davis,≤100
320533948089022,Angie Chen Button for Texas,Angie Chen Button,≤100
1268410219898273,Tango Tango,Tango Tango Inc,≤100
30618466815,Pacific Legal Foundation,Pacific Legal Foundation,≤100
804568342964376,2nd Amendment Rights,One Nation Design,≤100
144163032309216,Stand For Security,Service Employees International Union,≤100
39432041915,Capital Research Center,CAPITAL RESEARCH CENTER INC,≤100
44667476574,In These Times,INSTITUTE FOR PUBLIC AFFAIRS,≤100
573209409408570,Cook County Record,The Record,≤100
45013872425,The Ripon Society,RIPON SOCIETY,≤100
587835028017559,Eric Holcomb,Eric Holcomb for Indiana,≤100
363502680400419,Huntington Beach Police Officers' Association,Huntington Beach Police Officers' Association Independent Expenditure Committee. This advertisement was not authorized by a candidate or a committee controlled by a candidate.,≤100
135500133147357,ProEnglish,US INC,≤100
15771560300,Earthjustice,EARTHJUSTICE,≤100
85569513068,International Planned Parenthood Federation/Western Hemisphere Region,International Planned Parenthood Federation/Western Hemisphere Region,≤100
183517831660100,Morning Consult,Morning Consult LLC,≤100
84112077638,GreaterGood.org,GREATERGOOD.ORG,≤100
133666160060982,Senate Majority PAC,SMP,≤100
36474716066,Color Of Change,COLOROFCHANGE.ORG,≤100
16871848717,Stop It Now!,STOP IT NOW!,≤100
197523652707,ATBS,ATBS,≤100
110840747255386,Amazon Super-Centers U.S,These ads ran without a disclaimer,≤100
133764907211570,Concerned Citizen,Steven Niems,≤100
511235549007985,PRJKT RUBY,PRJKT RUBY,≤100
1733918116873254,BackWoods Mafia,Landon David Turner,≤100
135403221037,City Journal,City Journal,≤100
147932781930930,Wisconsin State Senate Democratic Committee,Wisconsin State Senate Democratic Committee,≤100
41182871633,National Museum of American Jewish History,National Museum of American Jewish History,≤100
205164243980,Vermont Law School,Vermont Law School,≤100
196098536897,Texas Right to Life,Texas Right to Life,≤100
858683790971210,Inside Arabia,Inside Arabia,≤100
104556811046290,United Against China,United Against China Inc,≤100
221631014637468,Look Human,"Print Syndicate, Inc.",≤100
278487153675,Redneck Nation Clothing,Tracie Milliron Gold,≤100
118776374862740,UAB - The University of Alabama at Birmingham,University of Alabama at Birmingham,≤100
2244779792507645,Gray Matters Radio,Gray Matters Radio,≤100
245152275619372,FloridaPolitics,Florida Politics,≤100
1305943179552668,Forrest Johnson,Forrest Nels Johnson,≤100
207833736045744,MHAction.org,Kevin R Borden,≤100
110573083801477,5G Action Now,5G Action Now,≤100
106009287420612,Mayor David Anderson,David Anderson for Mayor,≤100
336440323158789,Jack Burkman Radio,Jack Burkman Radio,≤100
584011418669191,Dave's News & Views,David Edward Denomie,≤100
60182072999,Lila Rose,Live Action,≤100
694340911004154,Americans for Intelligence Reform,Americans for Intelligence Reform,≤100
268311603350722,The American Independent,The American Independent,≤100
79047202856,People's World,People's World,≤100
11918108948,African Wildlife Foundation,AFRICAN WILDLIFE FOUNDATION,≤100
590660300952992,CN4 Partners,CN4 Partners,≤100
109678580574253,Politicool Clothing Co.,PolitiCoolClothing.com,≤100
118255521596677,Superior Business Solutions,"SUPERIOR BUSINESS FORMS, INC.",≤100
100822738050183,Trump Star 2020,Greek Steel LLC,≤100
981661448510937,Meraki Journey,Meraki Bracelets,≤100
443908256041631,Free the States,Free the States Action Fund,≤100
139164366666567,R Bar,These ads ran without a disclaimer,≤100
504509279946722,Robin Wilt For Congress,ROCHESTER FOR ROBIN,≤100
219886468037083,West Texas Food Bank,WEST TEXAS FOOD BANK,≤100
131994543867785,New Nationalism.com,Robert Woodward Claude,≤100
466164103423147,Thorn,Thorn with Facebook Ad Credits,≤100
44821210086,American Numismatic Association,AMERICAN NUMISMATIC ASSOCIATION,≤100
114274475307351,Greg Raths For Congress,GREG RATHS FOR CONGRESS 2020,≤100
106803536013649,Adams County Professional Firefighters,IAFF Local 2403 Adams County Professional Firefighters,≤100
315324541967534,Blaine Luetkemeyer,BLAINE FOR CONGRESS,≤100
330201017032791,National Liberty Federation,National Liberty Federation INC,≤100
404164463091452,Chas Castell,Charles William Peter Castell,≤100
59254639983,Boston Medical Center,BOSTON MEDICAL CENTER,≤100
2259323457517498,Abolish the Electoral College,ABOLISH THE ELECTORAL COLLEGE,≤100
182079698493370,Portside,Portside,≤100
182620315479,Plan International USA,Plan International USA,≤100
106332901006610,Political Oyster,Political Oyster,≤100
100847831440144,Trump 2020 Tees,Robert William Zagby,≤100
169204449790211,Conservative News Today,"BizPac Review, Inc.",≤100
367224893316691,Roger Gaylord,Roger Gaylord,≤100
524399207959953,Truth & Liberty Coalition,Truth & Liberty Coalition,≤100
2059019737447210,ChangeRoots,ChangeRoots,≤100
673117639774135,Gretchen Whitmer,Gretchen Whitmer for Governor,≤100
629742243712069,The Kennedy Forum,Mental Health Leadership Initiative,≤100
122074182522878,Keep America Great 20,AMER AHMAD ABDEL-AZIZ,≤100
296708523873754,Karla Dennis and Associates Inc.,"Karla Dennis & Associates, Inc",≤100
317198638317313,Leslie Danks Burke,Friends of Leslie,≤100
137051766452,Purusha People Clothing,Purusha People,≤100
104266667369,John Lesinski,JOHN FOR VIRGINIA,≤100
1695950424027488,Andy Hallinan,Andrew Lawrence Hallinan,≤100
102395577963079,Takes on Freedom,David M Goloff,≤100
472758906150050,The Freedomist,William R Collier,≤100
376990832355915,National Women's Coalition Against Violence & Exploitation (NWCAVE),Michelle Ann Bart,≤100
326577614770661,Front Porch Politics Podcast,David Lamar Marks,≤100
577214555786847,Lessons from Military History,Hoover Institution,≤100
2266219870058548,Judge Richard Titus,Citizens to Retain Judge Richard Titus,≤100
113425596978821,FTC #COVIDRelief,Jared Mohonri Lutz,≤100
150181591837186,Ted Terry,Ted for Dekalb,≤100
80668957414,GoSili,SiliKids Inc.,≤100
455147011996099,The Ann and Phelim Scoop,The Unreported Story Society,≤100
2311489605552071,Customers Who Care,Customers Who Care,≤100
424443217623488,Clarion Project,Clarion Project,≤100
386305465057247,Liberty Nation,Liberty Nation,≤100
1664959567149320,Wholesome Culture,Wholesome Culture,≤100
167842857168389,The Pressure People,The Pressure People,≤100
557113921291144,Learning Dynamics,4 Weeks To Read LLC,≤100
294879797332635,Debbie Dingell,DEBBIE DINGELL FOR CONGRESS,≤100
120778038066631,EveryLibrary,EveryLibrary,≤100
56332452163,AMA Patients Action Network,American Medical Association,≤100
430071127185303,Dave Rader for State Senate,Friends of Dave Rader 2020,≤100
498659143979394,The Road to Trump Shay McNeal,JACKIE SHAY MCNEAL-POULIN,≤100
104861954415215,Chris For Metro,Friends of Chris Smith,≤100
1955953381348064,State Representative Trent Ashby,Texans for Trent Ashby,≤100
26082912881,Project On Government Oversight,PROJECT ON GOVERMENT OVERSIGHT,≤100
107803440835562,US Hot Gears,Click Wonders,≤100
481331019059116,The Published Reporter,The Published Reporter,≤100
2078647579047586,Project Pulso,These ads ran without a disclaimer,≤100
1573989029398622,Donald Trump's Americans,I Love My Freedom,≤100
136121223083299,Sea Turtle Conservancy,"SEA TURTLE CONSERVANCY, INC.",≤100
305380096638473,Charles Booker,BOOKER FOR KENTUCKY,≤100
525171637666780,Sandy Piña California Delegate,RCR,≤100
178835922297833,American Clinical Laboratory Association,American Clinical Laboratory Association,≤100
20809300888,Rick Larsen,CITIZENS TO ELECT RICK LARSEN,≤100
292018201259366,We Raise Foundation,WE RAISE FOUNDATION,≤100
1501368380158858,Rick McKinney for Hamilton County Council,Ralph Frederic Mckinney,≤100
497348647140658,Point Source Youth,Point Source Youth,≤100
1425435377743310,Conversations with Bill Kristol,The Foundation for Constitutional Government,≤100
1685384925060952,Sylleste Davis SC House 100,Sylleste Davis for SC House,≤100
510680265702016,Crowned Free,Crowned Free,≤100
510983808935302,Parker Hudson,Frank Parker Hudson Jr,≤100
219612384781411,Bloomberg Philanthropies,Bloomberg Philanthropies,≤100
384006901653736,The Moore Charitable Foundation,Moore Charitable Foundation,≤100
16266289036,International Campaign for Tibet,INTERNATIONAL CAMPAIGN FOR TIBET,≤100
714964525283154,Texas Citizens Coalition,Texas Citizens Coalition,≤100
102027764795677,American Wire,The USA Wire,≤100
372799605421,DeSmog,DeSmog,≤100
595854897124850,Shatterproof,Shatterproof,≤100
13885075114,Action Against Hunger USA,ACTION AGAINST HUNGER - USA,≤100
20876805343,March of Dimes,Anthony Freitas,≤100
222811984421691,Cold Bee Gone,Joyce K C None Dales,≤100
1284735221676638,BELatina News,BELatina News,≤100
1586241161699749,DeliverFund,DeliverFund,≤100
1001412010049604,Peace 24-7,John D Linnehan,≤100
357750373755,National Domestic Workers Alliance,National Domestic Workers Alliance,≤100
231871344228020,Filipino Voter Empowerment Project,PILIPINO WORKERS CENTER,≤100
483987631637740,Heather McDonald,Peter James Dobias,≤100
316796525351760,ARC media,ARC Media,≤100
203583423017526,National Immigration Law Center,National Immigration Law Center,≤100
123857614319417,Texas Nationalist Movement,Texas Nationalist Movement,≤100
201643123224097,Chris Littleton,Christopher Michael Littleton,≤100
63240625785,National Immigration Forum,NATIONAL IMMIGRATION FORUM,≤100
25998443394,MedPage Today,"EVERYDAY HEALTH, INC.",≤100
113065983566595,TrumpCoin,Jonathan Caughey,≤100
163055010716637,G95,Peter Carlton Solle,≤100
104199921245123,Corntined,These ads ran without a disclaimer,≤100
153678684700451,American Investment Council,AMERICAN INVESTMENT COUNCIL,≤100
67180895597,National Shrine of St. Jude,The National Shrine of St. Jude,≤100
184197442480974,Conservation Frontlines,Conservation Frontlines Foundation,≤100
464510790410497,Irritated Genie of Soufeese,Ayo Hance Kimathi,≤100
337490192991981,Grabien,Grabien Inc,≤100
109953880563405,Lee Moore for State Senate,Lee Moore for State Senate,≤100
872741586076901,Tony YOLO,Wael None Nammari,≤100
96171427550,Raja for Congress,FRIENDS OF RAJA FOR CONGRESS,≤100
109866783838178,Friends of Jason Atkinson,Friends of Jason Atkinson,≤100
229931827195676,Art of Teaching,John Russell Hassard,≤100
101208514791301,Daniel Turner,Power The Future Inc,≤100
108687773798767,"Shut Down DC-Climate Strike Washington, DC",DC Action Fund Corporation,≤100
627951147293090,FatFinger,Fat Finger LLC,≤100
1963992303848678,DHVANI,DHVANI,≤100
105455840860559,Eagle Realm,Eagle Realm,≤100
1539972792944463,Forge Leadership Network,Forge Leadership Network,≤100
90498769709,Edenpure,EdenPURE®,≤100
2079184822304023,Nabilah for Congress,NABILAH FOR GEORGIA,≤100
145170355529600,National Pro-Life Alliance,NATIONAL PRO LIFE ALLIANCE,≤100
374108446391390,Ted Howze for Congress,TED HOWZE FOR CONGRESS 2020,≤100
10331123781,Special Olympics,Special Olympics Inc,≤100
33699882778,Dr. Bronner's,Dr. Bronner's,≤100
1927474697351454,The Patriot League,The Patriot League,≤100
999556810102061,Signature Seas,Signature Seas,≤100
115332546504252,Judge Grendell,Keep Judge Grendell,≤100
519590768083165,Abby Finkenauer for Congress,FINKENAUER FOR CONGRESS,≤100
276131699084792,YWAM Los Angeles,YWAM Los Angeles,≤100
242679302418244,Denison Forum,Denison Ministries,≤100
1425838477503979,Justin Haskins,Justin Trask Haskins,≤100
363741920768563,RTBiQ Political,RTBiQ Political,≤100
105623264255576,Ben Grant for State Representative,Committee to Elect Ben Grant,≤100
110316380149,Family Policy Alliance,Family Policy Alliance,≤100
2078647579047586,Project Pulso,Project Pulso,≤100
109712673845685,Alliance for Charitable Excellence,Alliance for Charitable Excellence,≤100
129203152966,Andy Barr,"Andy Barr for Congress, Inc.",≤100
111878606907895,Steel Patriots,These ads ran without a disclaimer,≤100
855790991125675,TakeItBack.Org,TAKEITBACK.ORG POLITICAL ACTION,≤100
108925558017,Shared Hope International,Shared Hope International,≤100
44224524016,American Kidney Fund,"AMERICAN KIDNEY FUND, INC.",≤100
89757739264,Farm Credit,Farm Credit Council,≤100
1018914308173454,FStop Foundation,"FSTOP FOUNDATION INC, THE",≤100
107033296017764,Isps-Us,The International Society for the Psychological Treatments,≤100
288452868709310,Smart City Expo Atlanta,Smart City Expo Atlanta,≤100
645538035569431,FundKite,AKF Inc. dba FundKite,≤100
2188424341404612,Project Ready,Project Ready,≤100
381578445243960,Kristan Hawkins,"STUDENTS FOR LIFE OF AMERICA, INC.",≤100
193675533982095,Ryan D. Chamberlin,Ryan Chamberlin for Congress,≤100
2377166239179411,Nancy Goroff for Congress,Goroff for Congress,≤100
182723117043,Chicago Council on Global Affairs,"CHICAGO COUNCIL ON GLOBAL AFFAIRS, THE",≤100
23362993101,Center for Immigration Studies,CENTER FOR IMMIGRATION STUDIES,≤100
105635366148990,Marsino's Costumes Warehouse,Nicholas A Grossi,≤100
28144169620,Alliance for Aging Research,Alliance for Aging Research,≤100
105467656161211,Nature Needs Half,"INTERNATIONAL WILDERNESS LEADERSHIP (WILD) FOUNDATION, INC. THE",≤100
30792325085,Bipartisan Policy Center,"BIPARTISAN POLICY CENTER, INC.",≤100
160474530733618,John Ransom,John J Ransom,≤100
68634638883,The Salvation Army Eastern Michigan Division,The Salvation Army Eastern Michigan Division,≤100
216052228433696,Arcus Foundation - Social Justice,ARCUS FOUNDATION,≤100
108695130693745,Andy4Senate,Andy Garrison for Senate,≤100
299588323424419,Legal Newsline,The Record,≤100
105398187486351,Escaping Dystopia,Roy Mitchell Taylor,≤100
6239388420,Arbor Day Foundation,NATIONAL ARBOR DAY FOUNDATION,≤100
103646064618386,The Judge Show - James Judge,James Patrick Judge Jr.,≤100
19420215926,CNSNews.com,MEDIA RESEARCH CENTER,≤100
33532222308,WILD Foundation,"INTERNATIONAL WILDERNESS LEADERSHIP (WILD) FOUNDATION, INC. THE",≤100
207245375352,SAGE,"SERVICES AND ADVOCACY FOR GLBT ELDERS, INC",≤100
60870102434,Salvation Army California South,The Salvation Army California South,≤100
2223151871134889,Trump45Merch,Thomas Charles Granack,≤100
461530314600399,Common Sense American Politics,Common Sense American Politics,≤100
576690225840098,Contending Modernities,Contending Modernities (University of Notre Dame),≤100
429651323843750,Verizon Wireless Workers Rising,"COMMUNICATIONS WORKERS OF AMERICA, AFL-CIO, CLC",≤100
107326254225803,DSA For The Many,DSA For The Many,≤100
19036504767,Center for Victims of Torture,"CENTER FOR VICTIMS OF TORTURE, THE",≤100
113144363390459,Andrew Knaggs,Knaggs for Congress,≤100
135081079769,AFGE,American Federation of Government Employees,≤100
175886458122,People's Action,People's Action,≤100
566303903390047,Akola Jewelry,These ads ran without a disclaimer,≤100
102745147891580,Trump Coolers,Eric Clifford Juels,≤100
72565633140,Soles4Souls,"SOLES4SOULS, INC.",≤100
374876452974178,McShane LLC,McShane LLC,≤100
114371076772585,Andrew Garbarino for Congress,GARBARINO FOR CONGRESS,≤100
101024978235995,Elon Musk 4 President,Elon Musk For President,≤100
823946404613948,The President Trump Fan Club,I Love My Freedom,≤100
1733355166885678,Rod W Beck for Idaho,Rod Beck for Idaho,≤100
14851158643,Southern Utah Wilderness Alliance,SOUTHERN UTAH WILDERNESS ALLIANCE,≤100
107229050703874,Bernie Sanders Fan Club,Imran M Jemal,≤100
108777231824,Manhattan Institute for Policy Research,MANHATTAN INSTITUTE FOR POLICY RESEARCH INC,≤100
7192716362,Amnesty International USA,Amnesty International USA,≤100
104834210883,The Story of Stuff Project,The Story of Stuff Project,≤100
100562019990818,U.S. Term Limits,U.S. Term Limits Inc.,≤100
93865017772,U.S. Global Leadership Coalition (USGLC),U.S. Global Leadership Coalition,≤100
78040148489,WPSU,WPSU,≤100
105085897839592,Statsigo News,Statsigo,≤100
237788366660686,Tax March,Tax March,≤100
240425642652222,South Florida Wildlands Association,South Florida Wildlands Association,≤100
103157587936287,Immi Care,Percy Arturo Calderon Santa Cruz,≤100
116260846429082,Coley for Judge,Coley for Judge,≤100
108468437499401,Political Satire for President,Thomas Patterson,≤100
103284947927286,Roaring Right,Keegan Scott Boston Rush,≤100
54580146753,Faith in Action,Faith in Action,≤100
101755761321515,Aaron Harber for CU Regent,Harber for Colorado,≤100
294461628063240,The RightWay: conservative thoughts & family values,The RightWay,≤100
1917715138510680,Follow Your Legend,Legend Bracelet,≤100
1014291495249813,Politicon,Politicon,≤100
105698674239617,Embed News,Embed News,≤100
333710103706307,Giffords,GIFFORDS PAC,≤100
218721288205051,Thomas Massie,Thomas Massie for Congress,≤100
42597808880,Ami Horowitz,Ami Horowitz,≤100
51359055679,LeadingAge,"LEADINGAGE, INC.",≤100
153278754738777,Climate Reality,The Climate Reality Project,≤100
2390004754407420,"Our Kids, Our Work, Our Families",Center for Community Change Action,≤100
26060837166,Point Loma Nazarene University,Point Loma Nazarene University,≤100
431001283775746,Sam Nation,Sam Nation,≤100
8936818385,Accuracy in Media,"ACCURACY IN MEDIA, INC",≤100
147422561959715,New American Leaders,New American Leaders,≤100
1289389624527292,Jessica Harrington-Teacher and Candidate for Florida House District 64,Jessica Harrington for State Representative District 64,≤100
59543893235,National Constitution Center,National Constitution Center,≤100
2181403648815959,America United,America United Daily,≤100
372701716170134,Power Over Predators,Samantha C Byard,≤100
384557995468219,Viral Casez,Viral Casez,≤100
101965401424828,James Cleavenger for Lane County District Attorney,James Cleavenger Campaign Fund,≤100
549164205222742,Defend Innocence,Defend Innocence,≤100
101987144592086,Stollings for West Virginia,Stollings for West Virginia,≤100
661744180680367,National Police Association,"NATIONAL POLICE ASSOCIATION, INC.",≤100
295533050495998,Abogado de Inmigracion Jorge Rivera - Immigration Group LLC,Michael A Castillo,≤100
112955806896246,Dalia Al-Aqidi,Dalia for Congress,≤100
314121315788033,Stand with Parkland,Stand With Parkland,≤100
594519783957655,Citizens for National Security,Citizens For National Security,≤100
300199557012,Medina Law Group,"Medina Law Group, LLC",≤100
53167307346,Communist Party USA,Communist Party USA,≤100
1837356789847797,Fulcrum News,David George Seaman,≤100
136211573758668,State Representative Steve Allison,Steve Allison,≤100
116924065002990,Indiana Democratic Party,INDIANA DEMOCRATIC CONGRESSIONAL VICTORY COMMITTEE,≤100
8524198486,Physicians Committee for Responsible Medicine,"PHYSICIANS COMMITTEE FOR RESPONSIBLE MEDICINE, INC.",≤100
185103794843293,The Beasley Firm,These ads ran without a disclaimer,≤100
104760636770,Vera Institute of Justice,"Vera Institute of Justice, Inc.",≤100
122773549121265,President Trump for Nobel Peace Prize 2020,Tarek None Kteleh,≤100
112600915451330,No Labels,No Labels,≤100
508920715943171,Donald O'Brien - Flagler County Commissioner,"Donald O'Brien, Republican, for Flagler County Commission, District 5.",≤100
305151607083393,For Love of Country,Patrick William Smith,≤100
148079402585789,Roxbury Prep Roslindale,361 Belgrade LLC,≤100
2224341514562713,Elect Kim Owens - Arizona Corporation Commission,Committee to Elect Kim Owens,≤100
217647305005750,Erasing 76 Crimes,Colin Emerson Stewart,≤100
508355855857086,The Prodigal Republican,Marc Thomas Little,≤100
356431274698532,Ryan Hampton,Ryan Hampton,≤100
242845139551348,GVPedia,GVPEDIA INC,≤100
109663290694323,Yes Recall Cecilia Iglesias,Yes On Recall Cecilia Iglesias Committee 2020,≤100
154269528015922,Byron Donalds,Byron Donalds for Congress,≤100
1084856268238034,Trump Talking,Roberto None Lugo,≤100
338776239487764,Pennsylvania Record,The Record,≤100
1092340954202973,Maya Rockeymoore-Cummings for Congress,Maya Rockeymoore-Cummings for Congress,≤100
103754677662645,Kirkmeyer for Colorado,CTE Barb Kirkmeyer to State Senate,≤100
1852520761657982,4ocean,4ocean,≤100
5887538795,Education Week,Education Week,≤100
615854911830541,Shore Buddies,Malte Niebelschetz,≤100
1408306479421478,National Wildlife Federation Outdoors,NATIONAL WILDLIFE FEDERATION,≤100
106136417435051,Iwantmyoceanback,Iwantmyoceanback,≤100
720335251484240,Judson Sapp,JUDSON SAPP FOR CONGRESS,≤100
115364585711,Lawyers' Committee for Civil Rights Under Law,LAWYERS' COMMITTEE FOR CIVIL RIGHTS UNDER LAW,≤100
110201667002800,Jewish Republican Alliance,YukoSocial LLC,≤100
202281636466702,Unseen,Unseen,≤100
102152494750003,Ginny Burdick for Senate District 18,Friends of Ginny Burdick,≤100
18780321251,American Chemistry,"AMERICAN CHEMISTRY COUNCIL, INC.",≤100
304062610300415,VozWire,Gregson E Mathe,≤100
1353948297956614,Let Africa Live,Let Africa Live,≤100
12692955711,Chronicle of Higher Education,"CHRONICLE OF HIGHER EDUCATION, INC. (THE)",≤100
82478087678,Georgia Budget and Policy Institute,"GEORGIA BUDGET & POLICY IN, THE",≤100
1684399788539695,Congressman Don Bacon,Office of Congressman Don Bacon (NE-02),≤100
1422454887999444,State Representative Eric Leutheuser,Eric Forster Leutheuser,≤100
367292494407,AJC - American Jewish Committee,AMERICAN JEWISH COMMITTEE,≤100
105450817486738,Mmandidesigns.com,Richard Edward Hill,≤100
327680811517572,The Infidel Co,Benjamin Jackson Owen,≤100
7735858972,Humane Society Legislative Fund,Humane Society Legislative Fund,≤100
121731445898409,I Love Great Deals,Roberto None Lugo,≤100
181539958548011,Patheos Progressive Christian,Patheos Progressive Christian,≤100
431099560800970,Front Page Live,"Front Page Live, Inc.",≤100
110280253735683,Alexandria Ocasio-Cortez Fan Club,Imran M Jemal,≤100
110019893736048,Grandpas Against Trump,Richard Carlton Carlton Daley,≤100
543066585882629,Libertarian Country,Libertarian Country,≤100
51379424899,Mercy Ships,MERCY SHIPS INTERNATIONAL,≤100
810891328999825,Rooted in Rights,Rooted in Rights,≤100
780606555331010,American Student Loan Advocate,ASLR Marketing,≤100
109021904027331,Steve Brescia,New York State Senate Republican Campaign Committee,≤100
474062436008137,Michael McCaul for Texas,"McCaul for Congress, Inc.",≤100
127814007074,LIUNA,LABORERS INTERNATIONAL UNION OF NORTH AMERICA,≤100
223315101050132,Waters Kraus & Paul,Waters Kraus & Paul,≤100
573084822773932,Joe Perkins for Circuit Judge Campaign Committee,Joe Perkins for Circuit Judge Campaign Committee,≤100
212933805686,Because International,Because International Corp,≤100
26689153393,Muslim Public Affairs Council - MPAC,MUSLIM PUBLIC AFFAIRS COUNCIL,≤100
102174794744545,Scott Price for Montana,"Scott Price for Senate (R), 2369 Westfield Dr., Billings,MT 59106",≤100
108048380819042,Cliff Whitby for Mayor,Campaign to Elect Cliffard Whitby for Mayor of Macon-Bibb,≤100
953113491536337,Black to the Future Action Fund,Black to the Future Action Fund,≤100
1511412998966651,Altamar with Peter Schechter and Muni Jensen,Altamar LLC,≤100
305085265725,Committee For a Responsible Federal Budget,Committee for a Responsible Federal Budget,≤100
546497545399440,ASEC - African Sisters Education Collaborative,African Sisters Education Collaborative (ASEC),≤100
710669049286394,Woo the People,Khosro David Illulian,≤100
153167611414243,Ohio House Democrats,The Ohio House Democratic Caucus,≤100
573904012699166,VIX Pop,"VIX, INC.",≤100
1747132688647028,Democratic Association of Secretaries of State,Democratic Association of Secretaries of State,≤100
138014081407,Shareable,Tides Center/ Shareable,≤100
1613728645515456,Thrive Union,Thrive Union Life Inc,≤100
328853823844484,Balance of Power,Balance of Power,≤100
322043381633719,Gavin Clarkson for Senate,GAVIN CLARKSON FOR SENATE,≤100
44340057816,Uncommon Goods,UncommonGoods,≤100
114147563346577,The Paleoconservative,Eric Lance Mccain,≤100
891985210895000,Act To Change,Act To Change,≤100
108906707265489,USA Pooch,"PRESIDENTIAL POOCH, INC",≤100
143173285763,Tenth Amendment Center,Tenth Amendment Center,≤100
211049239087028,Association of Young Americans,Benjamin J Brown,≤100
19972147679,SEIU,SEIU,≤100
88362927890,Boston University School of Law,Boston University School of Law,≤100
219224241438635,Compassion & Choices,COMPASSION & CHOICES,≤100
1945237355733646,Giving Brush,Giving Brush LLC,≤100
1658135304460341,MANG,MANG,≤100
164771506031,Claremont Institute,Nicholas Dylan Short,≤100
166166843531258,National Council of Resistance of Iran - شورای ملی مقاومت ایران,MEK-Iran (Saeid Saadati),≤100
146001135416997,"Senator Bill Frist, M.D.","Senator Bill Frist, MD",≤100
38882699096,Polaris,POLARIS PROJECT,≤100
469023076535518,Oliver the Ornament,Todd M Zimmermann,≤100
128985777176957,Church Life Journal,Church Life Journal,≤100
1388428314740793,American Mint - Coins and Medals,American Mint,≤100
1934721976748070,Perspective Wealth Planning,Perspective Wealth Planning,≤100
1517919588502283,Christy Smith for Congress,CHRISTY SMITH FOR CONGRESS,≤100
1628679613829742,Josh Hicks,Josh Hicks for Congress,≤100
108152933883451,TrumpTrendz,Troy Lorenzo Davis,≤100
133913826633461,Grassroot Institute of Hawaii,Grassroot Institute of Hawaii,≤100
467503009987109,"Healthy Forests, Healthy Communities","Healthy Forests, Healthy Communities",≤100
1721467687891795,Partnership for Conservation,Partnership for Conservation,≤100
467804929927622,Jason Smith,JASON SMITH FOR CONGRESS,≤100
88224465289,Dropps,"Dropps (Cot'n Wash, Inc.)",≤100
51052893175,Kevin McCarthy,Leader Kevin McCarthy,≤100
391872261636792,2020unity,"ForFact LLC, DBA 2020unity",≤100
104679177804089,45 Changes Lives,PKA Karate Academy Inc,≤100
108862184052039,ROMTech,"ROM Technologies, Inc.",≤100
1764185850558806,Apex Clean Energy,Apex Clean Energy,≤100
395414573846518,SunFrog Shirts,SunFrog LLC,≤100
10234472029,Council on Foreign Relations,Council on Foreign Relations,≤100
1375618656016062,Deb Haaland for Congress,DEB HAALAND FOR CONGRESS,≤100
100585318107139,"Mark Alan Harrison for Constable, Harris County Precinct 5",The Mark Alan Harrison Campaign,≤100
167023006685971,Ricardo Rangel for Florida,"Ricardo Rangel, Democrat for Florida House District 43",≤100
156994304362574,American Bridge,AMERICAN BRIDGE 21ST CENTURY,≤100
369214063089791,Lummis for Wyoming,LUMMIS FOR WYOMING INC.,≤100
58691227283,The New York Young Republican Club,The New York Young Republican Club,≤100
105556394228711,Republican Authority,Republican Authority,≤100
587681288088728,Adam Brandon,"FREEDOMWORKS, INC.",≤100
513785465632396,Airline Passengers for Justice,Airline Passengers for Justice,≤100
360303722260,Kathleen Williams for Montana,KATHLEEN WILLIAMS FOR MONTANA,≤100
114386721939978,The Made in America Store,Made In America Store,≤100
118119545051756,Kirk DeViere - NC Senate,Kirk deViere Campaign Committee,≤100
23516382545,B Corporation,B LAB COMPANY,≤100
194377127954,Ladders,These ads ran without a disclaimer,≤100
568103006940639,Law Office of Gary J. Kim,Law Offices of Gary J. Kim,≤100
6072343558,Center for American Progress,CENTER FOR AMERICAN PROGRESS,≤100
729927510371645,The Libra Group,"Libra Capital US, Inc",≤100
110257623864359,Cool Mud Flaps,"OHIO LASER, LLC",≤100
753260644814105,Progressive Reality Check,Jontom Christopher Keaty,≤100
119216091518705,Protect The Harvest,Karen Elizabeth Glueck,≤100
279846350948,St. Labre Indian School,St. Labre Indian School,≤100
1518297238457643,Jeremiah Johnson Ministries,Jeremiah Johnson Ministries,≤100
115513218594409,"City of Franklin, Louisiana - Mayor's Office",Steve Verzwyvelt Jr.,≤100
376776419037747,Turning Point USA,Turning Point USA,≤100
388475271497575,The Trump Revolution,Dora Louise Collier,≤100
313097997669,StreetLightUSA,StreetLightUSA,≤100
111621248975088,Buy or Sell NM - NM Realty Solutions,Chad Dalton Petty,≤100
175716473032461,MamaP,MamaP,≤100
102413723172970,Nick Adams,Nick Adams,≤100
218238781565576,iSideWith.com,iSideWith.com LLC,≤100
341858589449,Save Bristol Bay,"TROUT UNLIMITED, INC.",≤100
304174600459936,Front Porch Sense,Marnie Lynn Kuhns,≤100
1424939337821370,Rachel Wahba,Rachel Wahba,≤100
103387221234042,Ally Garb,Ally Garb LLC,≤100
60865633726,Love Justice International,TINY HANDS INTERNATIONAL,≤100
154510321337994,Chris Pappas for Congress,CHRIS PAPPAS FOR CONGRESS,≤100
165014546858456,Free To Choose Network,FREE TO CHOOSE,≤100
105025901091483,Republican Party Strong,James R Oddo,≤100
105264094403642,Trump MAGA Swag,James Richard Griffin,≤100
322778165249416,Protect Colorado's Vote,Protect Colorado's Vote,≤100
138644937392,SEIU California,SEIU California,≤100
100823518022814,Laurie Wimmer for State Representative,Laurie for Oregon,≤100
47448418641,GLBTQ Legal Advocates & Defenders - GLAD,"GLBTQ LEGAL ADVOCATES & DEFENDERS, INC.",≤100
20219882434,Metro Weekly,Metro Weekly,≤100
7629206115,The Nation Magazine,"NATION COMPANY, LLC, THE",≤100
152227274851194,Global Birthing Home Foundation,James Cameron Grant,≤100
433364950062784,Power Over Energy,Power Over Energy,≤100
1745418332339003,Aspire Gear,Aspire Gear,≤100
497209044353754,Author Austin Grayson,These ads ran without a disclaimer,≤100
138141366212571,Gravis Marketing,GRAVIS MARKETING INC.,≤100
120522437962280,Hutchins Center for African & African American Research,The Hutchins Center for African & African American Research at Harvard University,≤100
100284648021034,New Tolerance Campaign,New Tolerance Campaign,≤100
407031276454095,The Donald Stuff,Daniel Joseph Bender,≤100
139190036813913,Rick Saccone,Richard Saccone,≤100
79743808136,NAIS -- National Association of Independent Schools,"NATIONAL ASSOCIATION OF INDEPENDENT SCHOOLS, INC.",≤100
1708467695859543,Veteran Transition Mission,Sonia Ivelisse Barriera Ayala,≤100
166320873433123,Factory Direct Promos,"SUPERIOR BUSINESS FORMS, INC.",≤100
25121889784,Texas Public Policy Foundation,Texas Public Policy Foundation,≤100
59877921429,Lutheran Immigration and Refugee Service,"LUTHERAN IMMIGRATION AND REFUGEE SERVICE, INC.",≤100
146704311893,Montana Food Bank Network,Montana Food Bank Network Inc.,≤100
174046949421616,Phenomenal Woman Action Campaign,Phenomenal Woman Action Campaign,≤100
172630052226,James Felton Keith,JFK ORGANIZERS,≤100
162676813937511,Dan Forest,Committee to Elect Dan Forest,≤100
130268756992804,Yale Climate Connections,Yale Climate Connections,≤100
440172503242700,1for1 Water,1for1 Water,≤100
91346559231,Democratic Legislative Campaign Committee - DLCC,Democratic Legislative Campaign Committee,≤100
77790954801,Salesian Missions,Salesian Missions,≤100
843026725707543,Maui Causes,Maui Causes,≤100
34732466459,Enterprise Community Partners,"ENTERPRISE COMMUNITY PARTNERS, INC.",≤100
961575820624661,360WiseMedia,360WiSE NETWORK llc,≤100
184731548554164,PL+US,Plus Fund: Paid Leave for the United States,≤100
515224855346579,New Politics,New Politics,≤100
106436084103843,Security and Sustainability Guide,Michael J Sales,≤100
315170549321392,Slightly Sophisticated,Slightly Sophisticated,≤100
79820371749,Ayanna Pressley,THE COMMITTEE TO ELECT AYANNA PRESSLEY,≤100
68693168571,Jewish Federations of North America,Jewish Federations of North America,≤100
161186620643972,American Institute for Economic Research,AMERICAN INSTITUTE FOR ECONOMIC RESEARCH,≤100
49059279814,Institute for Justice,INSTITUTE FOR JUSTICE,≤100
801168856602067,Shadyside Church of Christ,Richard Joseph Zumpano,≤100
103322426424621,Jonathan Karl,Jonathan David Karl,≤100
772345822882486,Beavercreek City Schools,Beavercreek City School District,≤100
110749446963570,Courier,Courier Newsroom,≤100
112095790139465,"Donald Trump, Foreign Policy & National Security",Darian,≤100
122174836956,Big Cat Rescue,BIG CAT RESCUE CORP.,≤100
1755810367986271,Eurasia Group Foundation,Eurasia Group Foundation,≤100
138492335404,Scott Walker,"Walker Group, LLC",≤100
1399736660066130,Jews for a Secular Democracy,Society for Humanistic Judaism,≤100
92748602246,Farmworker Justice,"FARMWORKER JUSTICE FUND, INC.",≤100
121067011091,Arab American Institute,Arab American Institute Foundation,≤100
7642602143,Mother Jones,FOUNDATION FOR NATIONAL PROGRESS,≤100
304516656955161,Team Trump Fan Club,I Love My Freedom,≤100
294196590710262,FWD.us,FWD.us,≤100
54310679625,Alliance for Justice,ALLIANCE FOR JUSTICE,≤100
108505303942541,Now Hear Me Out Podcast,Now Hear Me Out Podcast,≤100
102352138008019,Vote RJ May,RJ May for State House,≤100
438536186881177,All Clear Foundation,All Clear Foundation,≤100
17274984050,Consumer Reports Advocacy,Consumer Reports Inc,≤100
109200595768753,The Christian Left,The Christian Left,≤100
502528666480497,Kiss The Ground,KISS THE GROUND,≤100
151721606865,Intrepid Fallen Heroes Fund,Intrepid Fallen Heroes Fund,≤100
109267407229927,ZIPO: Zero Interest Principal Only,ZIPO Inc,≤100
118379493631,Episcopal Relief & Development,EPISCOPAL RELIEF AND DEVELOPMENT,≤100
887139178003592,The Dean Obeidallah Show,The Dean Obeidallah Show,≤100
100667714665946,Recon Jacks Apparel,Recon jacks apparel,≤100
110334787050051,Stan Gunter,Stan Gunter for Georgia,≤100
1485046298224624,Betsy Sweet,SWEET FOR SENATE,≤100
184373328845372,Gigi Raffe,Gigi Raffe,≤100
1898234727131235,Conservative News,Conservative News,≤100
163367440359878,Jaybird,These ads ran without a disclaimer,≤100
149745555082419,Pioneer Institute for Public Policy Research,"Pioneer Institute, Inc.",≤100
151686754920712,The West Virginia Record,The Record,≤100
158233651450504,The Palestine Institute for Public Diplomacy,The Palestine Institute for Public DIplomacy,≤100
1927977257228284,Jack Murphy,I Love My Freedom,≤100
109360297266116,Fearless Patriot,TERESA NONE OHARA-MARSH,≤100
7191206138,ASPCA,These ads ran without a disclaimer,≤100
195704103779569,Savage Outdoors & The One,Amanda Harris Lee,≤100
156392276602,Strong Towns,Strong Towns,≤100
1480061175614032,Kern Citizens for Energy,Kern Citizens for Energy,≤100
374520129877,ACCE Action,Alliance of Californians for Community Empowerment Action,≤100
109477730706610,Inside The Mind of Democratic Voters in 2020,Anthony Joseph Bottorff,≤100
103337091176587,Racial Justice Coalition AVL,Robert Elijah Thomas,≤100
114314450118087,Darma for City Council 37,Darma V Diaz CD37,≤100
143432832863234,Katie Witt for Congress,KATIE WITT FOR CONGRESS,≤100
348948148522246,MHB - Men Having Babies,"MEN HAVING BABIES, INC.",≤100
1118677698164230,Meli Wraps,Jaime Ella Harmon,≤100
101150021367551,Renee Swann for Congress,Renee Swann for Congress,≤100
61288747990,Real Warriors,Real Warriors Campaign,≤100
19474609238,Mercatus Center at George Mason University,Mercatus Center at George Mason University,≤100
2150424768307500,Houseboat Kings,Houseboat Kings,≤100
103131054573692,Crawfordology,Crawfordology,≤100
8057376739,The Nature Conservancy,Nature Conservancy,≤100
456726427701838,Who Stole the American Dream?,Reclaim The American Dream,≤100
228025664576921,Boss Betty News,Heather Elizabeth Grossmann,≤100
107916557529161,Re-Election 45th President,Applelon,≤100
722744741168591,Family Story,Family Story,≤100
664681913544823,Dixie Electric Power Association,Dixie Electric Power Association,≤100
487569614682924,CAPP USA,Yellow Line Productions LLC,≤100
504118316658151,SilencedOrganic,SilencedOrganic.com,≤100
1942943349262032,Women Who Support Trump,Gregory Johnson,≤100
154471447959196,Institute for Veterans and Military Families - IVMF,Institute for Veterans and Military Families,≤100
111324359048459,Dr. Roger Marshall,KANSANS FOR MARSHALL,≤100
103316901311254,Williamson County 2020 Census Complete Count Committee,Justin Adam Staples,≤100
176466646087311,DC Fawcett,These ads ran without a disclaimer,≤100
15779440092,National Review,"NATIONAL REVIEW, INC.",≤100
101295517956158,Tricia Zunker for Wisconsin,Tricia Zunker for Wisconsin,≤100
1571453109770170,Reclaim The American Dream,Reclaim The American Dream,≤100
46396911959,Bethany Christian Services,Bethany Christian Services,≤100
96159580682,Maine Democratic Party,MAINE DEMOCRATIC PARTY,≤100
111719460457197,Trumpify,Kozu Labs Inc.,≤100
243362776583569,Air Mail,Air Mail,≤100
6213734772,AHA Foundation,AHA Foundation,≤100
1750471095167410,Trump Train News,Trump Train News,≤100
271434569418,HumaneWatch,Center for Consumer Freedom,≤100
262062478079324,Mckayla Wilkes for Congress,MCKAYLA WILKES FOR CONGRESS,≤100
5633824547,FreedomWorks,"FREEDOMWORKS, INC.",≤100
401583820566367,Asian American Advocacy Fund,Asian American Advocacy Fund,≤100
162244692732,Brennan Center for Justice at NYU Law,William J Brennan Jr Center for Justice Inc,≤100
1545826148838592,Trump 2020,Gregory Lawrence Burright,≤100
10897453188,Operation Mobilization - OM USA,"OPERATION MOBILIZATION USA, INC.",≤100
50710138582,Campaign Solutions,CAMPAIGN SERVICES INC,≤100
473191156175163,EDF Action,Environmental Defense Action Fund,≤100
165674110118949,Clearing out the Clutter,Colin Moore,≤100
1399926390134311,Nature's Generator,Huntkey USA Inc,≤100
356482637745012,Stansberry Research,Stansberry Research,≤100
109295377337702,Trumplican Store,Minerva LLC,≤100
1475056949212605,Charity Mobile,Charity Mobile,≤100
155818016761,First 5 LA,First 5 LA,≤100
700153177010264,Plant Based Products Council,Plant Based Products Council,≤100
987698164585861,Citizen Ed,Citizen Education,≤100
137389882951546,Social Security Works,Social Security Works,≤100
229422593795044,State Government Leadership Foundation,State Government Leadership Foundation,≤100
142957224352,International Medical Corps,International Medical Corps,≤100
1402827079932843,Low Income Relief,The Lighthouse Information Network LLC,≤100
252814820267,HIAS,HIAS,≤100
104850344466976,Josh Hinton for Board of Education,Joshua Ryan Hinton,≤100
107334019308912,Olive Crest - USA,OLIVE CREST,≤100
165841443995591,Rhetor News,Lorenzo Jaun Santos,≤100
47564598184,A Greener World,"GREENER WORLD, A",≤100
262610761306,Counterpoint Press,Counterpoint Press,≤100
24481937944,Theodore Roosevelt Conservation Partnership,"THEODORE ROOSEVELT CONSERVATION PARTNERSHIP, INC",≤100
1397799040234106,OpinionUP,OpinionUP LLC,≤100
111226867129700,Prideful Patriots,Prideful Patriots,≤100
1653885501501009,Propeller,Propeller Enterprises,≤100
114381685773074,One Man's Opinion,One Man’s Opinion,≤100
140384046004597,Water Mission,Water Mission,≤100
181924628560212,SumOfUs,SumOfUs,≤100
1013391422160726,Dr. Jane Gillette for MT House,Dr. Jane Gillette,≤100
717417908274761,Lady Freethinker,Lady Freethinker,≤100
502969216761221,Common Sense Civics and Citizenship,Candace Donnelly,≤100
16534314739,Facing History and Ourselves,"FACING HISTORY AND OURSELVES NATIONAL FOUNDATION, INC.",≤100
939489182849039,Ruben Major,Ruben Major for Oceanside Mayor,≤100
202467999787024,LTR tunes,Brittany Leigh Hamilton,≤100
40973310753,Pathfinder International,Pathfinder International,≤100
324119001078997,"Sanford Heisler Sharp, LLP","Sanford Heisler Sharp, LLP",≤100
222164564466305,Civic Life Project - www.civiclifeproject.org,Dominique Lasseur,≤100
110563080301468,Candidles,Lighthouse Financial Technologies,≤100
87777747127,Greg Palast,Palast Investigative Fund,≤100
296093157932840,The Fulcrum,Issue One,≤100
111663158887300,Tacoma Rescue Mission,"RESCUE MISSION, THE",≤100
1032931246869252,Ditch the Estate Tax,Policy And Taxation Group,≤100
76025018070,San Francisco-Marin Food Bank,San Francisco-Marin Food Bank,≤100
253507715172780,Andy Levin,ANDY LEVIN FOR CONGRESS,≤100
106553427480590,Nature Nurture Box,Ashley T Brummel,≤100
2777578242259790,Great Again Gear,Great Again Gear,≤100
356501381631264,Jerusalem Post,Diane Elise Haner,≤100
111568193836466,Ballot,Ballot,≤100
136812255593,Brazos Press,Baker Publishing Group,≤100
612701059241880,Latinos for Trump,"DONALD J. TRUMP FOR PRESIDENT, INC.",≤100
1715310015361992,"EverBlock Systems, LLC.","EverBlock Systems, LLC.",≤100
74442380906,Encyclopaedia Britannica,Encyclopaedia Britannica,≤100
2046280975668889,LeftvsRightIQ.com,LvR Intelligence LLC,≤100
599296123422193,SNS Outfitter & Guides,These ads ran without a disclaimer,≤100
1569145636453928,IOOGO Accounting,Josue Alballero Constanza,≤100
100451504772035,El Medio Oriente,elmediooriente.com,≤100
1971892773117029,Citizen Media,Citizen Media News,≤100
102377984581168,A Democrat in the Wilderness,Emmanuel Fourakis,≤100
214002058736436,Unite America,UNITE AMERICA,≤100
15503839732,Peter G. Peterson Foundation,Peter G. Peterson Foundation,≤100
153446658100252,Lumina Foundation,Lumina Foundation,≤100
164966660351345,Hope Outfitters,Hope Outfitters,≤100
129009994182206,Blacks in the Bible,Blacks in the Bible,≤100
346339768735757,Lovalution NOW,These ads ran without a disclaimer,≤100
137459917707,The Brookings Institution,The Brookings Institution,≤100
149714575521093,The System is Down,Goulash Media,≤100
808450969246896,"Rebecca Walser, Tax Attorney, CFP",Walser Wealth Management,≤100
126074510736262,VIX Mujer,"VIX, INC.",≤100
102988591071943,Daniel Gade,"GADE FOR VIRGINIA, INC.",≤100
109795371069,Community Action Services and Food Bank,"COMMUNITY ACTION SERVICES AND FOOD BANK, INC.",≤100
540467496124903,SOAR Hydropower,"CANYON INDUSTRIES, INC.",≤100
129660848992,LUNA,CLIF BAR & COMPANY,≤100
35715544220,Stand.earth,STAND,≤100
12784656483,Union Rescue Mission,Union Rescue Mission,≤100
260754507296508,The Voter Participation Center,Voter Participation Center,≤100
109575145733890,McGuireWoods Consulting,MCGUIREWOODS CONSULTING LLC,≤100
602074469965571,Plan C,NATIONAL WOMENS HEALTH NETWORK,≤100
306591716448427,Cindy Axne,CINDY AXNE FOR CONGRESS,≤100
12357407443,American Friends Service Committee,AMERICAN FRIENDS SERVICE COMMITTEE,≤100
207268325970395,Colin Schmitt,Schmitt4NY,≤100
102540204580217,UpNorthNews,Courier Newsroom,≤100
39851621214,Student Press Law Center,STUDENT PRESS LAW CENTER INC,≤100
1682876188698809,United for Respect,United for Respect,≤100
96826022393,Yale Environment 360,Yale Environment 360,≤100
769395966523308,Eddie J. Mauro,MAURO SENATE CAMPAIGN TEAM,≤100
149607228384141,America Needs Fatima,Megan Renee Morris,≤100
83960796709,Institute for Southern Studies,INSTITUTE FOR SOUTHERN STUDIES INC,≤100
272565456712768,Bloomberg Government,"BUREAU OF NATIONAL AFFAIRS, INC., THE",≤100
57846092173,American Bible Society,American Bible Society,≤100
1754669597959219,Evie,Evie Magazine,≤100
450604939085825,Eco Paper Arts,Eco Paper Arts,≤100
2291691154395206,Food Bank News,CHRISTINE M COSTANZO-GIANNONE,≤100
111327998892026,See Me,"Stepstone Art Resources, LLC",≤100
102987667756839,Sari for Maine Senate,and Authorized by Sari for Senate,≤100
103316257862246,Cuba Great Again,Carlos None Ramos,≤100
61878332769,ICNA Relief,ICNA RELIEF USA PROGRAMS,≤100
452797224923658,Democratic Coalition Against Trump,THE DEMOCRATIC COALITION,≤100
375149479748760,Zero Waste Globe Stay,Zero Waste Globe,≤100
106581920997376,Press To Push,These ads ran without a disclaimer,≤100
121033149320,American Indian College Fund,"AMERICAN INDIAN COLLEGE FUND, THE",≤100
170918006892,G.I. Jobs,Victory Media DBA GI Jobs,≤100
101459351485507,Diana for Congress,DIANA FOR CONGRESS,≤100
108929955817174,VIX Explora,"VIX, INC.",≤100
103254621302564,Maga2020,Troy Lorenzo Davis,≤100
102860661680,Quetico Superior Wilderness News,Quetico Superior Foundation,≤100
657708380952174,Voices of the Civil Rights Movement,Comcast,≤100
167818016571872,Ann & Robert H. Lurie Children's Hospital of Chicago,Ann & Robert H. Lurie Children's Hospital of Chicago,≤100
653079394725698,Aspiration,These ads ran without a disclaimer,≤100
321088559302,Keep America Beautiful,Keep America Beautiful,≤100
43695969284,Society of Critical Care Medicine (SCCM),SOCIETY OF CRITICAL CARE MEDICINE,≤100
1719463118318375,Bees In The D,BEES IN THE D,≤100
302111635698,National Association of Tax Professionals (NATP),National Association of Tax Professionals,≤100
1526736227567131,TrueCoverage,True Coverage,≤100
100616198043452,Joe Lentol for Assembly,Citizens for Lentol,≤100
1006110349586564,Congressman TJ Cox,Office of Congressman TJ Cox,≤100
115403471809909,Plastic Oceans,PLASTIC OCEANS INTERNATIONAL,≤100
10406202867,Seal Press,"Hachette Book Group, Inc.",≤100
132847240096023,Stanford Woods Institute for the Environment,Stanford Woods Institute for the Environment,≤100
534775086560447,Rumpl,Rumpl,≤100
1001615463272722,Biosimilars Council,The Biosimilars Council,≤100
106883907479649,HUPAC - Health Underwriters Political Action Committee,NATIONAL ASSOCIATION OF HEALTH UNDERWRITERS PAC (HUPAC),≤100
76618116130,Super Cheap Signs,These ads ran without a disclaimer,≤100
121951764507069,ShootProof,These ads ran without a disclaimer,≤100
1892187271040911,FreedomWorks Foundation,FreedomWorks Foundation,≤100
503856713022335,Nav,"Nav Technologies, Inc.",≤100
22898109808,Grist.org,"GRIST MAGAZINE, INC.",≤100
174095611084,Columban Center for Advocacy and Outreach,Columban Center for Advocacy and Outreach,≤100
152334631910868,Brewers Association,Brewers Association,≤100
120393112689694,Super Agents Safety Squad,Denize Moraes Rodriques,≤100
137932966292045,Holly Rehder,Friends of Holly Rehder,≤100
168367339845613,The Humane League,The Humane League,≤100
43949868082,OutRight Action International,OUTRIGHT ACTION INTERNATIONAL,≤100
126037931371545,Law Offices of Jonathan K. Park & Associates,Law Offices of Jonathan K. Park & Associates,≤100
2361139837508625,AnimalVictory.org,Janelle Babington,≤100
108447317478029,Team Unity USA,Team Unity,≤100
271121199639002,Paulette for Senate 2020,PAULETTE FOR SENATE 2020,≤100
344690446467832,The Copper Courier,Courier Newsroom,≤100
291260461373618,News and News,News and News,≤100
113330620093147,Sunny for Congress,Suneetha Chaparala,≤100
518805738317612,AMAZE Parents,AMAZE.org,≤100
126279571952,Huru International,HURU INTERNATIONAL,≤100
196595801199354,The Witch Hunts,Pamelina's Studio,≤100
17414523278,Democracy Now!,Ishmael Daro,≤100
890233131136684,Unconventional Nomad,Madeleine M Matthies,≤100
342623112567750,The Shoe That Grows,Because International Corp,≤100
111181236964067,New Mexico News Share,New Mexico News Share,≤100
410002232412857,Freeholder Steve Tanelli,Steven A Tanelli,≤100
106487520883333,Cardinal & Pine,Courier Newsroom,≤100
103430441007947,Meanwhile in Florida: Woke AF NewZ,Christopher Lee Lindsay,≤100
241994476248897,Wild Minimalist,Wild Minimalist,≤100
201470373308396,BMO Harris Bank,BMO Harris Bank,≤100
7229514244,Drug Policy Alliance,DRUG POLICY ALLIANCE,≤100
2017884721848472,Bokeki,Kimbereley Iris Goldstein,≤100
202286639832171,Dr. Robert Jeffress,FIRST BAPTIST CHURCH DALLAS,≤100
106215047605899,Scott Cornuaud for Hunt County Attorney,Scott Allan Cornuaud,≤100
159085947564255,American Sugar Alliance,American Sugar Alliance,≤100
1833879943496521,Spread The Vote,Spread the Vote,≤100
76050196975,Light of Life Rescue Mission,LIGHT OF LIFE MINISTRIES INC,≤100
129278807814364,Welcome.,Welcome.,≤100
142370046577999,Shahid Buttar for Congress,Shahid Buttar for Congress Committee,≤100
216573545098934,West Virginia Child Advocacy Network,The West Virginia Child Advocacy Network,≤100
162019154641651,Deliver Liberty,Deliver Liberty,≤100
105832587746577,Be a Voter,Story Network Foundation,≤100
521465311248005,The New Atlantis,Ari Nicholas Schulman,≤100
105821344592,Eugene A. DePasquale,DEPASQUALE FOR PA 10,≤100
449202631932231,Mike Johnson,MIKE JOHNSON FOR LOUISIANA,≤100
5647744585,PETA (People for the Ethical Treatment of Animals),"PEOPLE FOR THE ETHICAL TREATMENT OF ANIMALS, INC.",≤100
1679521432262834,Physicians Grassroots Network,American Medical Association,≤100
149366465128820,"Nicole Galloway, CPA",Nicole Galloway for Missouri,≤100
177544721630,The Stanford Review,The Stanford Review,≤100
150451082120925,The other 54%,Gregory M Berube,≤100
105373450956616,Earl for Congress,FRIENDS OF EARL GRANVILLE,≤100
22585467017,LATV,"LATV Networks, LLC",≤100
103966864558527,Sonja Gibson For Fayette County Board of Commissioners District One,Sonja Renee Bcmt,≤100
162493793737,Rick Green,Richard Arlin Green,≤100
352527958302,Israel on Campus Coalition,Israel on Campus Coalition,≤100
93294913245,Brett Harrell,"Brett Harrell Campaign, Inc.",≤100
34992314695,National Center for Public Policy Research,NATIONAL CENTER FOR PUBLIC POLICY RESEARCH,≤100
312186699644725,The Right Call,The Right Call,≤100
460844281074800,Tiny Trump,Eric D Corriel,≤100
10766454479,Republican Party of Florida,REPUBLICAN PARTY OF FLORIDA,≤100
101788601255619,Mark Sidney,Power To The Publisher,≤100
106323360959211,Patriots Republic,Matthew James Stine,≤100
336470580233523,Pins and Aces Golf Co.,US Craft Brands LLC,≤100
148942695133440,Northern Plains Resource Council,NORTHERN PLAINS RESOURCE COUNCIL,≤100
100528541526070,"Kristy Sullivan 4 School Board, District 4",Friends to Elect Kristy Sullivan,≤100
190987118163092,Connected Clothing Company,Connected Clothing Company,≤100
213998472307,Hoosier Environmental Council,"HOOSIER ENVIRONMENTAL COUNCIL, INC",≤100
115047249866343,Ethan Knight for District Attorney,Ethan Knight for District Attorney,≤100
514167322309353,Dan Crenshaw,Dan Crenshaw for Congress,≤100
111612670492081,SGM Management,Steven Gerard Martin,≤100
2176472882580975,Crusader Outlet,Crusader Marketing,≤100
101905411228915,Representative Steven Woodrow,Woodrow for CO,≤100
675471506247724,Adair for Congress,ADAIR FOR CONGRESS,≤100
24834672986,Hip Hop Caucus,Hip Hop Caucus,≤100
73016054191,Regional Food Bank of Oklahoma,"REGIONAL FOOD BANK OF OKLAHOMA, INC.",≤100
160630887998827,Let Them Live,Let Them Live,≤100
227426993978182,National Park Trust,"NATIONAL PARK TRUST, INC.",≤100
151577215422581,Zioness Movement,"Zioness Movement, Inc.",≤100
116907753042353,TOL,Serdar Turan,≤100
1675630946095534,Franciscan Missions,Franciscan Missions,≤100
108133417467910,Forest Carbon Coalition,CENTER FOR SUSTAINABLE ECONOMY,≤100
100857737995626,Proviso Census 2020,Proviso Census 2020,≤100
0,Instagram User 9318211687,These ads ran without a disclaimer,≤100
384336778589668,Defend Our Constitution,COMMON CAUSE,≤100
1963100047318509,The Critical Thinking Unit,Natalie Ann Rivera,≤100
144850842237429,Independentvoting.org,Independent Voting (IndependentVoting.org),≤100
2019228981443626,She the People,She The People,≤100
102010211314386,Donald Trump 2020 Voters,I Love My Freedom,≤100
127387580531,Meals on Wheels North Central Texas,MEALS ON WHEELS OF JOHNSON AND ELLIS COUNTIES INC.,≤100
19554217292,American Heart Association: You're the Cure,American Heart Association,≤100
113597523517748,Mazi Mazloom for State Court Judge,"Friends of Mazi Mazloom, Inc.",≤100
19754937733,Oklahoma Association of REALTORS®,Oklahoma Association of REALTORS®,≤100
136898933002993,Java Planet Organic Coffee,Tiffany Eileen Gardner,≤100
114815188528887,Neighborhood Nurse,Kristina Anne Larsen,≤100
101700878178771,coronavirustoday,These ads ran without a disclaimer,≤100
121750354532995,Yale Program on Climate Change Communication,Yale Program on Climate Change Communication,≤100
11024050756,Bioneers,Bioneers,≤100
173470656019870,The Daily Yonder,Great Stories LLC,≤100
599037717094428,Lil Guillotine,Liam Robert Manjon,≤100
300103172268,Pacific Battleship Center - Battleship USS Iowa,Jonathan Thompson Williams,≤100
87186661244,Johns Hopkins Bloomberg School of Public Health,Johns Hopkins Bloomberg School of Public Health,≤100
117362515005706,The Bowery Mission,The Bowery Mission,≤100
783013238464940,J.ournal,J.ournal Poems,≤100
115761269812805,Jeff Hinkle,Jeff Hinkle Campaign,≤100
1443864392358133,If These Ovaries Could Talk,Robin L Hopkins,≤100
500410440069924,Dan "Taxation Is Theft" Behrman for President 2020,COMMITTEE TO ELECT DAN TAXATION IS THEFT BEHRMAN,≤100
499379343409991,Impact Fund,"IMPACT FUND, THE",≤100