﻿Location Name,Amount Spent (USD)
Alabama,22316
Alaska,8020
American Samoa,≤100
Arizona,59391
Arkansas,13565
California,212880
Colorado,40932
Connecticut,17101
Delaware,5507
Florida,144546
Georgia,65951
Guam,289
Hawaii,7988
Idaho,8690
Illinois,71454
Indiana,31868
Iowa,20122
Kansas,14509
Kentucky,29642
Louisiana,21592
Maine,15133
Maryland,33439
Massachusetts,42181
Michigan,99005
Minnesota,29195
Mississippi,13349
Missouri,33095
Montana,7679
Nebraska,9663
Nevada,16809
New Hampshire,8206
New Jersey,47986
New Mexico,14589
New York,157828
North Carolina,66543
North Dakota,3624
Northern Mariana Islands,≤100
Ohio,60488
Oklahoma,21453
Oregon,27945
Pennsylvania,91494
Puerto Rico,298
Rhode Island,5626
South Carolina,27610
South Dakota,3883
Tennessee,34595
Texas,154602
Unknown,≤100
Utah,15317
Vermont,3752
Virgin Islands (U.S.),≤100
Virginia,53102
Washington,40407
"Washington, District of Columbia",7885
West Virginia,11559
Wisconsin,132881
Wyoming,3114