﻿Page ID,Page Name,Disclaimer,Amount Spent (USD)
1155212867963791,AFP Action,"AMERICANS FOR PROSPERITY ACTION, INC.(AFP ACTION)",1113
7860876103,Joe Biden,BIDEN FOR PRESIDENT,904
156968474833352,Stop Republicans,Stop Republicans,550
176789922364429,Steve Daines,STEVE DAINES FOR MONTANA,526
202626512363,U.S. Census Bureau,U.S. Census Bureau,446
1896018690436031,U.S. Mail Not For Sale,AMERICAN POSTAL WORKERS UNION,235
153080620724,Donald J. Trump,TRUMP MAKE AMERICA GREAT AGAIN COMMITTEE,207
153080620724,Donald J. Trump,"DONALD J. TRUMP FOR PRESIDENT, INC.",177
6726182861,Mike Pence,TRUMP MAKE AMERICA GREAT AGAIN COMMITTEE,169
105732744375701,Steve Bullock,Montanans for Bullock,130
7976226799,The Daily Show,Comedy Central,116
107906350576063,Scott Sales,Sales for Montana,116
127755494595870,Progressive Takeover,PROGRESSIVE TAKEOVER,≤100
96935476345,Democratic Governors Association (DGA),Democratic Governors Association,≤100
33110852384,Doctors Without Borders/ Médecins Sans Frontières (MSF),Doctors Without Borders/Médecins Sans Frontières (MSF),≤100
150621451650636,Montana Wilderness Association,Montana Wilderness Association,≤100
165987503528599,Lindsey Graham,"TEAM GRAHAM, INC.",≤100
1711465445765878,Nancy Pelosi,NANCY PELOSI FOR CONGRESS,≤100
21559454473,FAIR,FEDERATION FOR AMERICAN IMMIGRATION REFORM,≤100
228754857151053,House Majority PAC,House Majority PAC,≤100
148205145252473,Backcountry Hunters & Anglers,Backcountry Hunters & Anglers,≤100
328072970642479,Jaime Harrison,JAIME HARRISON FOR US SENATE,≤100
14440196673,Teamsters,INTERNATIONAL BROTHERHOOD OF TEAMSTERS,≤100
476879826217260,Black for Montana,Mike Black for Montana Supreme Court,≤100
111092092235258,Kids' Education Yes!,Kids Education Yes,≤100
107352214178300,Scott Tuxbury,Tux for Montana,≤100
111182343682003,Certified CCW,CertifiedCCW.com,≤100
121388362246,Goldman Sachs,Goldman Sachs & Co.,≤100
1449461518652183,4Patriots,4Patriots LLC,≤100
100053898949,Montana Republican Party,MONTANA REPUBLICAN STATE CENTRAL COMMITTEE,≤100
1615018905412860,Progressive Turnout Project,PROGRESSIVE TURNOUT PROJECT,≤100
100119281590089,Doctors for a Healthy Montana,Doctors for a Healthy Montana,≤100
101617224555221,Nancy Pelosi Elects Democrats,PAC TO THE FUTURE,≤100
158791100909689,Concerned Veterans for America,Concerned Veterans for America,≤100
248775065305797,Black Butte Copper,Sandfire Resources America,≤100
92925746942,Judicial Watch,Judicial Watch,≤100
1883837055193241,Shield Republic,Shield Republic,≤100
950998258312654,Knowhere,"Knowhere, Inc.",≤100
2352630938293825,Mytacticalpromos,Entremax,≤100
106736034281444,This Place People Together,Lucy  Tran,≤100
9324910069,NRSC,NRSC,≤100
127225910653607,PragerU,PragerU,≤100
101390104570267,Nelly Nicol for Montana State Auditor,Nelly Nicol for State Auditor,≤100
107858693983382,The GOP Shop,The GOP Shop,≤100
6204742571,Sierra Club,SIERRA CLUB,≤100
1487587521541634,President Donald Trump Fan Club,I Love My Freedom,≤100
73970658023,International Rescue Committee,International Rescue Committee,≤100
104079024538366,Tom Cronnelly for Butte,Thomas Edward Cronnelly,≤100
196382377057315,Learn Our History,Learn Our History,≤100
203197030603239,8 Billion Trees,8 Billion Trees LLC,≤100
665345483483486,NRA - National Rifle Association of America,NATIONAL RIFLE ASSN OF AMERICA,≤100
7814597100,Jim Jordan for Congress,JIM JORDAN FOR CONGRESS,≤100
106241024214152,American Home Life Periodical,Steven Luu Nguyen,≤100
672910176482462,Raph Graybill for Attorney General,FRIENDS OF RAPH GRAYBILL,≤100
1593518174052711,Candace Owens,Candace Owens LLC,≤100
80562389320,NARAL Pro-Choice America,NARAL Pro-Choice America,≤100
294440927660120,Dr. Al Olszewski for Governor,Montanans for Olszewski,≤100
85452072376,Newsmax,Newsmax Media,≤100
571748412859876,Matt Rosendale,Matt Rosendale for Montana,≤100
2037695643113766,Blexit,Blexit Foundation,≤100
402467807031826,Joe Dooling for Congress,Alexander Joseph Dooling,≤100
25852730092,Care2,Care2 Inc,≤100
717115395103069,PrintedKicks,Printed Kicks,≤100
1374134752633656,New Health Plans,Shop Insurance Plans,≤100
431099560800970,Front Page Live,"Front Page Live, Inc.",≤100
7292655492,MoveOn,MOVEON.ORG POLITICAL ACTION,≤100
560140464159364,Stand for the 2nd Amendment,SFT2 Tactical Supply,≤100
744688795652151,Harp Health,These ads ran without a disclaimer,≤100
101210588150219,Boy Scouts Abuse Claims,X Social Media LLC,≤100
11791104453,NRDC,Natural Resources Defense Council,≤100
6726182861,Mike Pence,"DONALD J. TRUMP FOR PRESIDENT, INC.",≤100
21492729544,Catholic Relief Services,CATHOLIC RELIEF SERVICES - UNITED STATES CONFERENCE OF CATHOLIC BISHOPS,≤100
791543660926838,"I'll go ahead and keep my guns, Thanks",2A4LIFE LLC,≤100
35169196082,Project HOPE,"PROJECT HOPE-THE PEOPLE-TO-PEOPLE HEALTH FOUNDATION, INC.",≤100
602714436529710,End Citizens United,END CITIZENS UNITED,≤100
100679268000795,META for Providers,Caroline L Cerbus,≤100
309798029121030,Everytown for Gun Safety,Everytown for Gun Safety Action Fund Inc,≤100
605168822998856,314 Action,314 ACTION FUND,≤100
18982436812,ACLU,American Civil Liberties Union,≤100
110825477206136,Marta Bertoglio for State Representative,"Marta for Montana, PO Box 294, Clancy, MT 59634, Treasurer Megan Bullock",≤100
116534199732974,USA Carry Online,USA Carry Online,≤100
352517808109574,Daniel Zolnikov,"Montanans for Daniel Zolnikov. PO Box 50403, Billings MT 59105. (R)",≤100
12301006942,Democratic Party,DNC SERVICES CORP./DEM. NAT'L COMMITTEE,≤100
101209384806307,Eric Moore,"Eric Moore for HD 37, 487 Signal Butte Rd, Miles City, MT 59301",≤100
111393882812494,Amy McGrath,"AMY MCGRATH FOR SENATE, INC.",≤100
8934429638,Planned Parenthood Action,Planned Parenthood Action Fund,≤100
159964696102,Kevin McCarthy,KEVIN MCCARTHY FOR CONGRESS,≤100
203805062990264,Ben Shapiro,The Daily Wire,≤100
22877548156,Earth Day Network,EARTH DAY NETWORK INC,≤100
1435071773455316,Daily Wire,The Daily Wire,≤100
345504286342057,Keeping America Great Again,RightWingGear.com,≤100
112942500238297,Trees4Australia,Trees4Australia,≤100
38235851310,USA for UNHCR,UNITED STATES ASSOCIATION FOR UNHCR,≤100
8325302025,Friends of the Earth U.S.,Friends of the Earth,≤100
163148530407080,Captain Mark Kelly,MARK KELLY FOR SENATE,≤100
16477459734,League of Conservation Voters,"LEAGUE OF CONSERVATION VOTERS, INC",≤100
833845080319275,The Daily Patriot,Full Tilt Holdings LLC,≤100
24330467048,Americans for Prosperity,AMERICANS FOR PROSPERITY,≤100
314499212242,Pfizer,Pfizer Inc.,≤100
309308412520731,Sandy Hook Promise,Sandy Hook Promise,≤100
321250352104571,Valerie Plame,VALERIE PLAME FOR CONGRESS,≤100
118502801658228,Young Kim,Young Kim for Congress,≤100
281844617168,Jewish Voice Ministries International,JEWISH VOICE MINISTRIES INTERNATIONAL,≤100
2353115591423642,James Brown for Montana Public Service Commission,jamesbrown4psc,≤100
1025055787535714,A Case for Women,A Case for Women,≤100
830121337093232,National Democratic Training Committee,NATIONAL DEMOCRATIC TRAINING COMMITTEE PAC,≤100
76625396025,CDC,Centers for Disease Control and Prevention (CDC) with Facebook ad credits,≤100
5720973755,Defenders of Wildlife,DEFENDERS OF WILDLIFE,≤100
72931140459,Center for Biological Diversity,"CENTER FOR BIOLOGICAL DIVERSITY, INC.",≤100
461204744067686,Family Protection Association,Family Protection Association,≤100
342294162453301,Planned Parenthood,Planned Parenthood Federation of America,≤100
120551431317,Nickelodeon,Nickelodeon with Facebook Ad Credits,≤100
103376804451432,Trending Politics,Making Web LLC,≤100
104325844436320,US Dollar Reports,US Dollar Reports,≤100
681626158940626,Mission Roll Call,Americas Warrior Partnership,≤100
105756057589080,The Lincoln Project,The Lincoln Project,≤100
596556607135301,The Earthling Co.,Educated Earthling,≤100
109021767293838,Making Retirement Last,Making Retirement Last,≤100
114710126648118,Republican Dogs,Republican Dogs,≤100
1864721517082089,Democratic Attorneys General Association,Democratic Attorneys General Association,≤100
172758932738142,PhRMA,PHARMACEUTICAL RESEARCH AND MANUFACTURERS OF AMERICA,≤100
504491792903510,Montana Native Vote,Tracie Joan Moss,≤100
305832706292882,American Gun Association,GunAssociation.org,≤100
21455818797,Feed the Children,"FEED THE CHILDREN, INC.",≤100
27311599342,Preemptive Love,Preemptive Love Coalition,≤100
81517275796,UNICEF USA,UNITED STATES FUND FOR UNICEF,≤100
890913860957638,Former Legislator Jesse O'Hara,Jesse O'Hara,≤100
169130743498585,Tactical Pro Supply,Chad Keller,≤100
45393753416,Alliance Defending Freedom,Alliance Defending Freedom,≤100
235044373216552,National Purple Heart Honor Mission,National Purple Heart Honor Mission,≤100
279610991371,Garden City Plumbing & Heating,Garden City Plumbing and Heating,≤100
102389457864860,Treehuggers Bracelets,ECOMX LLC,≤100
108024857441001,Nancy Ballance,"Nancy Ballance for SD44, 388 Hawk Point Ln, Hamilton, MT 59840. Treasurer Nancy Ballance",≤100
408250066356,Bill O'Reilly,"Bill Me, Inc.",≤100
107210084216238,Humanity Forward,Humanity Forward,≤100
246323280108,American Medical Association (AMA),American Medical Association,≤100
109111900634787,Reverend Raphael Warnock,WARNOCK FOR GEORGIA,≤100
567371470277443,The Wilderness Society Action Fund,The Wilderness Society Action Fund,≤100
95356211637,Ben Ferguson,Ben Ferguson show,≤100
100137754724934,Trump 2020 Supporters,Proud Right Winger,≤100
293225127381200,Patriot Depot,The Patriot Depot,≤100
530604487365010,Old Glory Flagpole Kits,Service First Flag Poles,≤100
21834534343,Volunteers of America,"VOLUNTEERS OF AMERICA, INC.",≤100
7292655492,MoveOn,MOVEON.ORG CIVIC ACTION,≤100
6231686654,Compassion International,"COMPASSION INTERNATIONAL, INCORPORATED",≤100
2330577043935831,Sara Gideon,SARA GIDEON FOR MAINE,≤100
97493741436,John W. Hickenlooper,HICKENLOOPER FOR COLORADO,≤100
213792049451918,Stand For America,Stand For America Inc,≤100
193618220508,LIFE Today,LIFE Outreach International,≤100
15239367801,The Wilderness Society,"WILDERNESS SOCIETY, THE",≤100
112694470356789,Trumpcare For America,Stuart Joseph Millar,≤100
292351509697,Jerusalem Prayer Team,Jerusalem Prayer Team,≤100
110151130591161,News Outbreak,Carl Harmon Jr.,≤100
332716170522025,America First Action,America First Action,≤100
103682110993833,Arctic Refuge Defense Campaign,Alaska Wilderness League,≤100
304600892905134,Hillsdale College Online Courses,HILLSDALE COLLEGE,≤100
8532248414,Wounded Warrior Project,"WOUNDED WARRIOR PROJECT, INC.",≤100
496696933682736,Jeff Merkley,JEFF MERKLEY FOR OREGON,≤100
17911165812,Covenant House International,Covenant House,≤100
625596881152338,Guthrie Quist for Montana Senate District 3,Guthrie Weston Quist,≤100
41309865723,Democrats.com,DEMOCRATS.COM,≤100
21375324480,The Heritage Foundation,HERITAGE FOUNDATION (THE),≤100
259130650776119,Mitch McConnell,MCCONNELL SENATE COMMITTEE,≤100
96935476345,Democratic Governors Association (DGA),DEMOCRATIC ACTION,≤100
221890358218748,Til Valhalla Project,Til Valhalla Project,≤100
1613516851999536,Sunrise Movement,SUNRISE PAC,≤100
57259033959,AARP,AARP,≤100
104101461050051,Caught in the Act,Ashley Peel,≤100
49651563727,Live Action,Live Action,≤100
18813753280,Human Rights Campaign,"HUMAN RIGHTS CAMPAIGN, INC.",≤100
19192438096,AAAS - The American Association for the Advancement of Science,American Association for the Advancement of Science,≤100
465483726908192,iVote,IVote Civic Education Fund,≤100
101568761447230,Compensation Experts USA,Injury Compensation Center,≤100
166618413413767,Jay Sekulow,American Center for Law and Justice,≤100
83290028957,Care Net,CARE NET,≤100
586488524838989,Tom France for Montana House District 94,Margaret Mary Haenn,≤100
1316372698453411,Alexandria Ocasio-Cortez,ALEXANDRIA OCASIO-CORTEZ FOR CONGRESS,≤100
383877235817031,Keep America Great,Keep America Great,≤100
109687820647935,Brian Close for HD 61,Vote Close for HD 61-Democrat,≤100
104851617686932,Concealed Country,Concealed Country,≤100
146704311893,Montana Food Bank Network,Montana Food Bank Network Inc.,≤100
132492254050920,American AF,AAF Nation,≤100
168051710543266,Friends of Lacy Johnson,Lacy Johnson for Congress,≤100
385473284886474,Hillsdale College,HILLSDALE COLLEGE,≤100
183113263420,Loyal Source,LOYAL SOURCE GOVERNMENT SERVICES LLC,≤100
800515836647542,Yellowstone County Republicans,Yellowstone County Republican Central Committee,≤100
101724361319410,Ronny Jackson for U.S. Congress TX-13,Texans for Ronny Jackson,≤100
169597416843751,Stand Up America,Stand Up America,≤100
101183127996396,Four Is Enough,PACRONYM,≤100
121072888570047,Suzor-Hoy for Montana,TYREL JOHN SUZOR-HOY,≤100
7263476274,Mercy Corps,Mercy Corps,≤100
19746387261,Humane Society International,Humane Society International,≤100
43647453076,familydoctor.org,AMERICAN ACADEMY OF FAMILY PHYSICIANS,≤100
101908424664094,Best Home Savers 2020,J D Grace Gorospe,≤100
27544763621,Prison Fellowship,Prison Fellowship,≤100
21898300328,BuzzFeed,U.S. Census Bureau,≤100
46093654473,National Republican Congressional Committee,NRCC,≤100
20876805343,March of Dimes,MARCH OF DIMES INC.,≤100
2012750189007245,Liquid Death Mountain Water,Liquid Death,≤100
8047221596,Save the Children US,"SAVE THE CHILDREN FEDERATION, INC.",≤100
121626482110,Operation Smile,"OPERATION SMILE, INC.",≤100
586751814690068,Joni Ernst,Joni for Iowa,≤100
2267405033373814,Doctor Patient Unity,Doctor Patient Unity,≤100
159616034235,Walmart,WALMART INC.,≤100
148528679120606,Whistleblower Aid,Whistleblower Aid,≤100
15188122178,The Hamilton Collection,The Hamilton Collection,≤100
1338822066131069,Women's March,Women's March,≤100
104074991111025,Last Minute Updates,Rickey Laquan Calvin,≤100
454326111429841,Joel Krautter,Joel Krautter for House,≤100
541639989707811,McLean for House District 88,McLean for Senate,≤100
393932827634250,Dissent Pins,Common Practice,≤100
322954821077735,Tom Woods For Public Service Commission,Tom Woods for Public Service Commission-Democrat,≤100
2309566456030859,Human Coalition Action,Human Coalition,≤100
15687409793,World Wildlife Fund,World Wildlife Fund,≤100
6279167307,Easterseals,Easterseals,≤100
342887442508723,Convention of States,Convention of States Action,≤100
97830335456,Patagonia,"PATAGONIA, INC.",≤100
7483836629,Ancestry,Ancestry.com Operations Inc.,≤100
2189265054726827,Liberty Tee Shop,www.libertyteeshop.com,≤100
2283535575207809,Ditch Mitch,DITCH FUND,≤100
384070655018,Connected Investors,Connected Investors,≤100
348973409274904,Velvet Hamster,Velvet Hamster,≤100
100666038243915,True American Patriot,Gold Sky Ventures LLC,≤100
834645469890446,Devin Nunes,DEVIN NUNES CAMPAIGN COMMITTEE,≤100
5435784683,Greenpeace USA,"GREENPEACE, INC.",≤100
2602473023098666,Democratic Polling Center,Democratic Governors Association,≤100
17203056985,Partners In Health,Partners In Health,≤100
683872625157265,Theresa Greenfield,THERESA GREENFIELD FOR IOWA,≤100
6041057841,The Humane Society of the United States,"HUMANE SOCIETY OF THE UNITED STATES, THE",≤100
1408306479421478,National Wildlife Federation Outdoors,NATIONAL WILDLIFE FEDERATION,≤100
51057276745,Michigan Department of Health and Human Services,Michigan Department of Health and Human Services,≤100
69983322463,Ted Cruz,TED CRUZ FOR SENATE,≤100
167586229923327,World Food Program USA,World Food Program USA,≤100
7962229886,Environmental Working Group,ENVIRONMENTAL WORKING GROUP,≤100
95335385742,National Fish and Wildlife Foundation,NATIONAL FISH AND WILDLIFE FOUNDATION,≤100
1336293769761923,Jon Ossoff,JON OSSOFF FOR SENATE,≤100
1166660030079480,National Democratic Redistricting Committee,National Democratic Redistricting Committee,≤100
106875060931336,National News Flash,Denisia Monea Williams,≤100
405469100189512,Still My President - Donald Trump,Red State Politics LLC,≤100
55549065733,Voto Latino,VOTO LATINO INC.,≤100
118303441570966,Home Ownership Matters,NATIONAL ASSOCIATION OF REALTORS,≤100
1194865807192273,Conservative Gear,Outergoods LLC,≤100
112621057029615,Stay Home Save Lives,"Stay Home, Save Lives",≤100
135298176481584,Marine Corps Scholarship Foundation,Marine Corps Scholarship Foundation,≤100
105060269781,Premiere Collectibles,"Premiere Marketing, Inc.",≤100
6334782252,Oceana,OCEANA,≤100
102315174744661,Paper Chasers,Lolbe Suaste,≤100
174009339411865,SmartNews,"SmartNews International, Inc.",≤100
197760674021143,Indivisible Guide,INDIVISIBLE ACTION,≤100
210277954204,The Young Turks,"The Young Turks, Inc.",≤100
184731548554164,PL+US,Plus Fund: Paid Leave for the United States,≤100
38471053686,Elizabeth Warren,"WARREN DEMOCRATS, INC.",≤100
265268336865693,Do Amore,Do Amore Limited Company,≤100
114517875225866,The Other 98%,OTHER 98 PERCENT ACTION,≤100
971668776283950,PolicyEd,Hoover Institution,≤100
1580844735465499,Mighty Oaks Warrior Programs,Mighty Oaks Foundation,≤100
1228396643984955,Michelle Steel,Michelle Steel for Congress,≤100
129255907131113,NumbersUSA,NUMBERSUSA EDUCATION AND RESEARCH FOUNDATION,≤100
207901812670026,theSkimm,"TheSkimm, Inc",≤100
1799282383731277,TwoSeventy,Alexander Jared Deutsch,≤100
1836138529938551,Greater Half,Greater Half,≤100
191671004581007,E-City Beat,E-City Beat,≤100
1438808983108348,BOLD PAC,CHC BOLD PAC,≤100
100256754899828,Patriot's Cave,Patriots Cave,≤100
96171427550,Raja for Congress,FRIENDS OF RAJA FOR CONGRESS,≤100
23875187730,Feeding America,Feeding America,≤100
163302087408673,Stop The Donald,Stop the Donald,≤100
209516845093,NRDC Action Fund,NRDC Action Fund,≤100
30914589895,The International Fellowship of Christians and Jews,"INTERNATIONAL FELLOWSHIP OF CHRISTIANS & JEWS, INC.",≤100
6236054211,Brady,Brady Campaign to Prevent Gun Violence,≤100
747436915270894,Congressional Leadership Fund,CONGRESSIONAL LEADERSHIP FUND,≤100
30139072158,CARE,CARE,≤100
111350917102742,Medicture,Medicture,≤100
56349854459,Parkinson's Foundation,Parkinson's Foundation,≤100
420785874975425,Conservative Institute,The Conservative Institute,≤100
598924810530984,Keeping America Great,FamTeeWorld,≤100
252814820267,HIAS,HIAS,≤100
680549575421741,UnitedVoice.com,"Beachside Media, Inc.",≤100
100401327980848,National Parents Union,National Parents Union,≤100
128163947282497,LP Building Solutions for Professionals,These ads ran without a disclaimer,≤100
107589664099282,Stand Up To China,"Stand Up To China, Inc.",≤100
350899171648148,ScriptSave WellRx,Medical Security Card Company (d/b/a ScriptSave),≤100
94047978366,PCCC - BoldProgressives.org,PROGRESSIVE CHANGE CAMPAIGN COMMITTEE,≤100
100195511560092,Injury Compensation Center,Injury Compensation Center,≤100
344690446467832,The Copper Courier,Courier Newsroom,≤100
102875591110198,Bitterroot Valley Community College Initiative,Kierstin Kimberly Schmitt,≤100
393076844046051,Progressive Caucus,CONGRESSIONAL PROGRESSIVE CAUCUS PAC,≤100
169277310432049,"Texas Precision Optics, Inc.",Texas Precision Optics Inc,≤100
298043743589859,Omaze,Omaze,≤100
18479402361,No Kid Hungry,No Kid Hungry,≤100
169130470583214,Demand Justice,Demand Justice,≤100
106469240890813,Military Support,Whats Your Injury Worth,≤100
101148251446778,Keep America Great Committee,KEEP AMERICA GREAT COMMITTEE,≤100
107761702578379,American Institute for Cancer Research - AICR,American Institute for Cancer Research,≤100
7833534974,Florida Democratic Party,Florida Democratic Party,≤100
69039563201,Open Doors USA,"OPEN DOORS WITH BROTHER ANDREW, INC.",≤100
248181906078243,National Institute for Civil Discourse,CommonSense American,≤100
110746996993983,The Gander Newsroom,Courier Newsroom,≤100
1545826148838592,Trump 2020,Gregory Lawrence Burright,≤100
15771560300,Earthjustice,EARTHJUSTICE,≤100
290851614930809,Combat AntiSemitism,Combat Anti-Semitism,≤100
83865976093,Truthout,TRUTHOUT,≤100
8492293163,Environmental Defense Fund,Environmental Defense Fund,≤100
1055873511190792,Hello Resistance,Hello Resistance Apparel,≤100
18709174006,National Audubon Society,"NATIONAL AUDUBON SOCIETY, INC.",≤100
28510612138,Uncommon Knowledge,Hoover Institution,≤100
309993142375589,Joe Kennedy III,KENNEDY FOR MASSACHUSETTS,≤100
11006419356,The Voice of the Martyrs - USA,"VOICE OF THE MARTYRS, INC., THE",≤100
8057376739,The Nature Conservancy,Nature Conservancy,≤100
101391114847542,Public Service Workers Protect Us,AMERICAN FEDERATION OF STATE COUNTY & MUNICIPAL EMPLOYEES,≤100
181183059253295,Dorsal Bracelets,Dorsal Bracelets,≤100
675665515802671,Wolven,Wolven,≤100
7219151423,The Fund for American Studies (TFAS),The Fund for American Studies,≤100
176466646087311,DC Fawcett,Donald Chappell Fawcett,≤100
103170641040869,Jennifer Carlson for Liberty,Carlson For Liberty,≤100
105610970947657,MY 2A GEAR,Leon Mckensizy Dunn,≤100
111772843789224,HURD PAC,HAVING UNWAVERING RESOLVE AND DETERMINATION PAC,≤100
1520483958208446,Seeger Weiss LLP,SEEGER WEISS LLP,≤100
101339421535933,Mask Supply,US Injury Quote,≤100
111702860231554,Matt Lieberman,Matt Lieberman for Senate,≤100
107213620807225,Black Night,These ads ran without a disclaimer,≤100
369214063089791,Lummis for Wyoming,LUMMIS FOR WYOMING INC.,≤100
102508518051209,Jim Johnson for Montana,James Allan Johnson,≤100
126855128568,FEBC (Far East Broadcasting Company),"FAR EAST BROADCASTING COMPANY, INC.",≤100
6170309302,Dick Durbin,FRIENDS OF DICK DURBIN COMMITTEE,≤100
493811210669780,Creative Action Network,Creative Action Network,≤100
101591551371555,Fire Mitch. Save America.,SAVE AMERICA FUND,≤100
106959920878115,The Well Done Foundation,Well Done Foundation,≤100
100391988083233,Triggered Freedom Apparel,Triggered Freedom Apparel,≤100
653079394725698,Aspiration,Aspiration,≤100
589787637733608,Scherie S. Murray,SCHERIE MURRAY FOR CONGRESS,≤100
108223613871921,Re-Elect Trump 2020,Beyond Patriots LLC,≤100
846088015412976,The Catholic University of America - Busch School of Business,Busch School of Business at The Catholic University,≤100
23996308754,Senate Conservatives,SENATE CONSERVATIVES FUND,≤100
126057642122621,Hillary O'Connor Mueri,HILLARY O'CONNOR MUERI FOR OHIO,≤100
1947525322184514,One Fair Wage,One Fair Wage,≤100
279846350948,St. Labre Indian School,St. Labre Indian School,≤100
253791814655400,Doug Collins,"COLLINS FOR SENATE, INC.",≤100
1708467695859543,Veteran Transition Mission,Sonia Ivelisse Barriera Ayala,≤100
8145161702,Lambda Legal,"LAMBDA LEGAL DEFENSE & EDUCATION FUND, INC.",≤100
168452723312821,Chisholm Chisholm & Kilpatrick LTD,Chisholm Chisholm & Kilpatrick LTD,≤100
373814729643508,Let America Vote,LET AMERICA VOTE PAC,≤100
103446009808,CASA of Yellowstone County,"YELLOWSTONE CASA, INC.",≤100
593289284500311,Trump Rack,BOXD Marketing,≤100
114975389535,TAN Books,"SAINT BENEDICT PRESS, LLC",≤100
1389807071117013,Lynn Afendoulis,Lynn Afendoulis for Congress,≤100
338855069522459,Im Tirtzu,Im Tirtzu,≤100
19342050934,Leadership Institute,LEADERSHIP INSTITUTE INC,≤100
143986912311328,University of Vermont Continuing and Distance Education,University of Vermont,≤100
169294473121454,Policetees.com,PoliceTees.com,≤100
105561217523274,The_Dispatch,"Dispatch Media, Inc.",≤100
1439364926329185,Animal Matters,Animal Matters,≤100
559244524600331,Vunella,Alan Woods,≤100
1585761838387907,Unity College Online,Unity College,≤100
345378512258813,Elise Stefanik,ELISE FOR CONGRESS,≤100
33038675093,Simmons Hanly Conroy,Simmons Hanly Conroy LLC,≤100
58158120046,ACLJ,American Center for Law and Justice,≤100
134845259917779,Rock 'Em Socks,Rock 'Em Socks,≤100
108118933908193,Next Level Goods,Next Level Goods LLC,≤100
6820348410,Kirsten Gillibrand,Gillibrand for Senate,≤100
104667590928101,Donavon Hawk for House District 76,Donavon Dean Hawk,≤100
300992409852,Hoover Institution,Hoover Institution,≤100
267180743723148,National Geographic Society,National Geographic Society,≤100
830890360316751,Nick Hanauer,Civic Action,≤100
153053554728336,iShares,"BLACKROCK, INC.",≤100
24470472733,The Trevor Project,The Trevor Project,≤100
146817005352784,Wellness.com,"Beachside Media, Inc.",≤100
738298126313472,John Thomas Political Strategist,The Thomas Guide Show,≤100
8473889271,National Parks Conservation Association,National Parks Conservation Association,≤100
28889108258,Gospel for Asia,"GOSPEL FOR ASIA, INC.",≤100
108152933883451,TrumpTrendz,Troy Lorenzo Davis,≤100
34370387440,JDRF,JDRF INTERNATIONAL,≤100
53541257714,The Arc of the United States,"ARC OF THE UNITED STATES, INC., THE",≤100
243510442756370,Justice Democrats,JUSTICE DEMOCRATS PAC,≤100
102047517918,The Commonwealth Fund,"COMMONWEALTH FUND, THE",≤100
1486604288305133,Happy Earth Apparel,Happy Earth LLC,≤100
108512875350,The Atlas Society,The Atlas Society,≤100
117641114435,First Aid Beauty,First Aid Beauty,≤100
171651620209487,Brady PAC,Brady Pac,≤100
28896772146,San Diego Zoo,ZOOLOGICAL SOCIETY OF SAN DIEGO,≤100
7341997111,Conservation International,Conservation International,≤100
192771954102960,Jordan Sekulow,American Center for Law and Justice,≤100
1833879943496521,Spread The Vote,Spread the Vote,≤100
872842866161157,One Nation Design,One Nation Design,≤100
717417908274761,Lady Freethinker,Lady Freethinker,≤100
179508258738036,American Council of Life Insurers,"AMERICAN COUNCIL OF LIFE INSURERS, INC.",≤100
1515578192021449,WHOLETONES,Wholetones Inc.,≤100
245284549333866,ASMDSS,ASMDSS,≤100
114971076538782,The Keystone,Courier Newsroom,≤100
137569740231452,Respect The Look,Respect The Look,≤100
405355946226766,Todd Young,"FRIENDS OF TODD YOUNG, INC.",≤100
112041183486666,Project Sunshine,ACRONYM,≤100
160630887998827,Let Them Live,Let Them Live,≤100
107722887387213,Lance Bachmann,Lance Bachmann,≤100
111324359048459,Dr. Roger Marshall,KANSANS FOR MARSHALL,≤100
152366542054007,Sustainable Energy & Environment Coalition PAC,SUSTAINABLE ENERGY AND ENVIRONMENT COALITION PAC (SEEC PAC),≤100
375307592830342,The Veterans Advocacy and Benefit Association,VABA LLC,≤100
103851564652,Waterkeeper Alliance,WATERKEEPER ALLIANCE INC,≤100
327202261326682,Stephanie Bice,Bice for Congress,≤100
1852520761657982,4ocean,4ocean,≤100
134452023239984,Human Coalition,Human Coalition,≤100
193147324041812,The Skoll Foundation,"SKOLL FOUNDATION, THE",≤100
311896169406139,Trump 2020 Wear,Trump 2020 Wear,≤100
103276597856432,The Trump Collective,Alexander Quinn Urbach,≤100
136126341809,American Bird Conservancy,American Bird Conservancy,≤100
1156676274461345,Mikie Sherrill,MIKIE SHERRILL FOR CONGRESS,≤100
275908853303174,Pro-Israel America,"Pro-Israel America, Inc.",≤100
105905617518561,National Police Demilitarization Lab,National Police Demilitarization Lab,≤100
11111618026,Union of Concerned Scientists,"UNION OF CONCERNED SCIENTISTS, INC.",≤100
140357056032320,NEA Today,National Education Association,≤100
305107172859194,Defeating Trump and the Republican Party,"Voices of Health Care Action, a project of Gamechanger Networks",≤100
106916074935,Lance Wallnau,"Ninja Sheep Marketing, Inc.",≤100
130467958471,Jason Lewis,Jason Lewis for Senate,≤100
70795936969,Children International,CHILDREN INTERNATIONAL,≤100
2254455051442790,Flag and Cross,Flag & Cross,≤100
103646064618386,The Judge Show - James Judge,James Patrick Judge Jr.,≤100
557113921291144,Learning Dynamics,4 Weeks To Read LLC,≤100
51379424899,Mercy Ships,MERCY SHIPS INTERNATIONAL,≤100
105410570945384,Hourly News Report,Zia Alexis Marshay Sifford,≤100
98912141410,American Forests,American Forests,≤100
138141366212571,Gravis Marketing,GRAVIS MARKETING INC.,≤100
1413682351987764,Andy Kim for Congress,Andy Kim for Congress,≤100
101484004668711,The Week Junior US,These ads ran without a disclaimer,≤100
300774350436838,topplr,Data Genomix,≤100
219224241438635,Compassion & Choices,COMPASSION & CHOICES,≤100
150763151677363,Markwayne Mullin,MULLIN FOR CONGRESS,≤100
265045056894488,Mark Meckler,Convention of States Action,≤100
825475597557324,trueself,cleancult,≤100
154930410085,"Zion Oil and Gas, Inc.","Zion OIl & Gas, Inc.",≤100
139398939438430,Left Action,Left Action LLC,≤100
134571176638205,One Tree Planted,One Tree Planted,≤100
174467403129304,Yoopine,Yoopine Inc.,≤100
128167457221813,Public Transportation,Voices for Public Transit,≤100
110022477032429,Mike Franken,FRANKEN FOR IOWA,≤100
107953199261156,ifaw,"INTERNATIONAL FUND FOR ANIMAL WELFARE, INC.",≤100
183872968312216,Popdust,cleancult,≤100
201956993160690,MRCTV,MEDIA RESEARCH CENTER,≤100
2390004754407420,"Our Kids, Our Work, Our Families",Center for Community Change Action,≤100
754520748264044,Wood by Stu,Stu Designs LLC,≤100
1688725768007141,Michelle Caruso-Cabrera,CARUSO-CABRERA FOR NEW YORK,≤100
6333396177,NewsBusters.org,MEDIA RESEARCH CENTER,≤100
106487520883333,Cardinal & Pine,Courier Newsroom,≤100
467503009987109,"Healthy Forests, Healthy Communities","Healthy Forests, Healthy Communities",≤100
143152622368089,San Diego Zoo Safari Park,ZOOLOGICAL SOCIETY OF SAN DIEGO,≤100
105229062888132,Stop Soldier Suicide,Stop Soldier Suicide,≤100
654470874584798,Save The Inventor,Innovation Alliance,≤100
1621690511405010,Civic Action,Civic Action,≤100
7642602143,Mother Jones,FOUNDATION FOR NATIONAL PROGRESS,≤100
100822738050183,Trump Star 2020,Greek Steel LLC,≤100
1005566252861190,VOTEPROCHOICE,#VOTEPROCHOICE PAC,≤100
305380096638473,Charles Booker,BOOKER FOR KENTUCKY,≤100
1003562459729504,Transportation Nation Network,Transportation Nation Network,≤100
1636216106590985,Josh Hawley,JOSH HAWLEY FOR SENATE,≤100
126893748252841,American Firearms Coalition,American Firearms Coalition,≤100
109295377337702,Trumplican Store,Minerva LLC,≤100
111982742583496,Kairos Traders,YOUTH WITH A MISSION STRATEGIC FRONTIER,≤100
592707041080920,Stand Together,Stand Together Chamber of Commerce Inc.,≤100
110509307164141,American Patriot Unite,American Patriot Unite,≤100
331037760381749,Sierra Magazine,SIERRA CLUB,≤100
54787697857,Ron Wyden,WYDEN FOR SENATE,≤100
23790541544,Democrats,DCCC,≤100
104117891137180,Everyday is a Second Chance,Shi Yuan Ge,≤100
137389882951546,Social Security Works,Social Security Works,≤100
303061950155375,John James,"JOHN JAMES FOR SENATE, INC.",≤100
504491792903510,Montana Native Vote,These ads ran without a disclaimer,≤100
911828698840246,ReLEntless Defender Apparel,ReLEntless Defender Apparel,≤100
121033149320,American Indian College Fund,"AMERICAN INDIAN COLLEGE FUND, THE",≤100
110316380149,Family Policy Alliance,Family Policy Alliance,≤100
156994304362574,American Bridge,AMERICAN BRIDGE 21ST CENTURY,≤100
359933137438156,Nine Line Apparel,Nine Line Apparel,≤100
6851405967,CREDO Mobile,"CREDO MOBILE, INC.",≤100
105455840860559,Eagle Realm,Eagle Realm,≤100
186070498791676,The Dude's Designs,The Dude's Designs,≤100
1754669597959219,Evie,Evie Magazine,≤100
7209432197,Chris Coons,CHRIS COONS FOR DELAWARE,≤100
79125112926,Students for Life of America,"STUDENTS FOR LIFE OF AMERICA, INC.",≤100
2109637279297531,The Bad Seed,Adam Kidron,≤100
19437978960,Chris Murphy,FRIENDS OF CHRIS MURPHY,≤100
157810487611661,Freethink,Freethink,≤100
161994493811699,Conservation Lands Foundation,Conservation Lands Foundation,≤100
97466887664,Innocence Project,"INNOCENCE PROJECT, INC., THE",≤100
178024352559210,Great America PAC,GREAT AMERICA PAC,≤100
329720430474373,Rep. Ben McAdams,Rep. Ben McAdams,≤100
90705538313,Sheet Metal Air Rail and Transportation Workers,SMART,≤100
102745147891580,Trump Coolers,Eric Clifford Juels,≤100
137459917707,The Brookings Institution,The Brookings Institution,≤100
170591064699,Southern Poverty Law Center,"SOUTHERN POVERTY LAW CENTER, INC., THE",≤100
8550121410,Free Speech America Project,MEDIA RESEARCH CENTER,≤100
394817334402124,2020 Trump Bill,Innovative Ecomm LLC,≤100
88485759616,Dave Thomas Foundation for Adoption,Dave Thomas Foundation for Adoption,≤100
1082522201878539,Gina Ortiz Jones for Congress,GINA ORTIZ JONES FOR CONGRESS,≤100
100718241380366,American Awakening,SWORD & SPOON ENTERPRISES INCORPORATED,≤100
559244524600331,Vunella,These ads ran without a disclaimer,≤100
100256754899828,Patriot's Cave,Lucky Shot USA,≤100
109678580574253,Politicool Clothing Co.,PolitiCoolClothing.com,≤100
10524821940,National Park Foundation,National Park Foundation,≤100
1553978148244954,Build With Strength,Build With Strength,≤100
175580571641,Out of Print,Out of Print,≤100
102592959026,Ocean Conservancy,"OCEAN CONSERVANCY, INC.",≤100
333710103706307,Giffords,GIFFORDS PAC,≤100
1106859749348899,Brody Leven,Protect Our Winters,≤100
19420215926,CNSNews.com,MEDIA RESEARCH CENTER,≤100
107803440835562,US Hot Gears,Click Wonders,≤100
11162728079,U.S. PIRG,UNITED STATES PUBLIC INTEREST RESEARCH GROUP,≤100
1010143499143169,Medicare Savings,"Mayo Labs, LLC",≤100
1731084720451495,The Younique Foundation,The Younique Foundation,≤100
102540204580217,UpNorthNews,Courier Newsroom,≤100
566008736785269,Be Heard Project,Be Heard Project,≤100
5887538795,Education Week,Education Week,≤100
1145019702185006,Alliance for Safety and Justice,Alliance for Safety and Justice,≤100
143509339045414,Americans for Peace and Tolerance,"AMERICANS FOR PEACE AND TOLERANCE, INC.",≤100
336440323158789,Jack Burkman Radio,Jack Burkman Radio,≤100
366351973736242,Red Rock Secured,Red Rock Secured,≤100
223008867858902,American Action News,American Action News,≤100
120547365195,National LGBTQ Task Force,National LGBTQ Task Force,≤100
334748476594191,Rodney Davis,Rodney for Congress,≤100
1079789672084038,SimonBooks,Simon & Schuster,≤100
277005566267077,Blueland,Blueland,≤100
93114332471,20/20 Research,2020 Research,≤100
375760676281438,Mermaid Straw,Mermaid Straw,≤100
10423517786,Harvard Business Review,HARVARD BUSINESS SCHOOL PUBLISHING CORPORATION,≤100
102756811269921,Fellow Americans,Fellow Americans,≤100
105536127617594,The American Digest,The American Digest,≤100
1452551204988299,GoReact,Speakworks Inc,≤100
2225580284361712,Tommy Tuberville,"TUBERVILLE FOR SENATE, INC.",≤100
2185993931653388,The Recount,"Recount Media, Inc",≤100
676841686046073,Bring Our Troops Home,Bring Our Troops Home,≤100
109360297266116,Fearless Patriot,TERESA NONE OHARA-MARSH,≤100
110177119192569,Knightscope,William Li,≤100
417522508294454,Job Creators Network,Job Creators Network,≤100
1526736227567131,TrueCoverage,True Coverage,≤100
1600352356914768,PushBlack,PushBlack,≤100
224684514243482,Tom Cotton,"COTTON FOR SENATE, INC.",≤100
34362997676,United States Holocaust Memorial Museum,UNITED STATES HOLOCAUST MEMORIAL MUSEUM,≤100
27478282874,UNITE HERE!,UNITE HERE,≤100
1541585046060098,Wyoming Migration Initiative,Wyoming Migration Initiative,≤100
2036389409806378,Backpage's Role in Prostitution and Trafficking,X Social Media LLC,≤100
110257623864359,Cool Mud Flaps,"OHIO LASER, LLC",≤100
169543260659539,The Venn Media,The Venn Media,≤100
229422593795044,State Government Leadership Foundation,State Government Leadership Foundation,≤100
152766071443309,The City University of New York,The City University of New York,≤100
5943727453,American Humane,American Humane,≤100
36474716066,Color Of Change,COLOROFCHANGE.ORG,≤100
123651254408327,Sokolove Law,"Sokolove Law, LLC",≤100
84280132559,American Legislative Exchange Council,AMERICAN LEGISLATIVE EXCHANGE COUNCIL,≤100
313723095478950,The Daily Citizen,Focus on the Family,≤100
169710960125365,Curzio Research,Curzio Research Inc.,≤100
2377166239179411,Nancy Goroff for Congress,Goroff for Congress,≤100
6502038524,First Book,FIRST BOOK,≤100
433446973789052,Let Us Vote For A Balanced Budget Amendment Citizen's Campaign,Let Us Vote For A Balanced Budget Amendment Citizen's Campaign,≤100
500781790066978,Sedera,Alana Marguerite Wong,≤100
37892661587,JDC,JDC,≤100
785936231584382,Paula Jean Swearengin,Paula Jean for West Virginia,≤100
59543893235,National Constitution Center,National Constitution Center,≤100
648420025366676,KetoLogic,Joshua Chopak,≤100
10498053716,Media Research Center,MEDIA RESEARCH CENTER,≤100
59877921429,Lutheran Immigration and Refugee Service,"LUTHERAN IMMIGRATION AND REFUGEE SERVICE, INC.",≤100
977704775606273,Balls Deep Tackle,Balls Deep Tackle,≤100
105953890782784,The Factual,The Factual,≤100
15503839732,Peter G. Peterson Foundation,Peter G. Peterson Foundation,≤100
128155811565,Wyoming Liberty Group,Wyoming Liberty Group,≤100
49209604726,Vermont Teddy Bear,"VERMONT TEDDY BEAR CO., INC., THE",≤100
819942484773775,Tax Sale Blueprint,Bob Diamond,≤100
1234251319933440,Exclusive Apparel,The Dude's Designs,≤100
15041226930,Oxfam,"OXFAM AMERICA, INC.",≤100
96159580682,Maine Democratic Party,MAINE DEMOCRATIC PARTY,≤100
186932688457686,CHNGE,CHNGE,≤100
142370046577999,Shahid Buttar for Congress,Shahid Buttar for Congress Committee,≤100
374848446414965,Pollking,Benjamin Aaron Perlman,≤100
780606555331010,American Student Loan Advocate,ASLR Marketing,≤100
1846324612256008,Your Car. Your Data.,Auto Care Association,≤100
2181403648815959,America United,America United Daily,≤100
1614345772179172,Greg Gianforte,Greg for Montana,≤100
18780321251,American Chemistry,"AMERICAN CHEMISTRY COUNCIL, INC.",≤100
103877744493195,Briit Botanicals,Briit Botanicals,≤100
110534047166064,Lord of News,Patric Young,≤100
1637823176332591,Ecocred,Branislav Seslija,≤100
211129648950315,Western Native Voice,These ads ran without a disclaimer,≤100
112735922758892,Charlie Kirk,Charlie Kirk,≤100
40973310753,Pathfinder International,Pathfinder International,≤100
1612726335627171,We the Internet TV,We the Internet TV,≤100
375742685850856,Firearms Policy Coalition,"FIREARMS POLICY COALITION, INC.",≤100
420424547981908,In Search of Liberty,Scott Dennis Welch,≤100
271121199639002,Paulette for Senate 2020,PAULETTE FOR SENATE 2020,≤100
114989253202136,Consumer Protection Law,Sift Legal Marketing,≤100
101391906600,Live Action News,Live Action News,≤100
656263988182462,Bill Hagerty,TEAM HAGERTY,≤100
384557995468219,Viral Casez,Viral Casez,≤100
1849483715167852,Firefly Engagement,"Firefly Engagement Services, Inc.",≤100
262610761306,Counterpoint Press,Counterpoint Press,≤100
129035043800783,"Varghese & Associates, P.C.","Varghese & Associates, P.C.",≤100
149607228384141,America Needs Fatima,Megan Renee Morris,≤100
101788601255619,Mark Sidney,Power To The Publisher,≤100
235979110617339,Real Truth and Power,Everett Mitchell Winchester,≤100
172037886144659,Grand Central Publishing,"Hachette Book Group, Inc.",≤100
1750471095167410,Trump Train News,Trump Train News,≤100
1268410219898273,Tango Tango,Tango Tango Inc,≤100
118697061602554,Jason Brodeur,"Jason Brodeur, Republican, for State Senate",≤100
102692137857400,McLaughlin for District Attorney,Committee to Elect Gordon McLaughlin,≤100
133740559987144,Native American Rights Fund,NATIVE AMERICAN RIGHTS FUND,≤100
627951147293090,FatFinger,Fat Finger LLC,≤100
309914836350740,Alliance to Counter Crime Online,CINTOC: Alliance to Counter Crime Online,≤100
205795426669644,Facts and Logic about the Middle East,Facts and Logic About the Middle East,≤100
1399926390134311,Nature's Generator,Huntkey USA Inc,≤100
101543208091805,Arkansas Voters First,Arkansas Voters First,≤100
170582513587720,Liberty Through Wealth,The Oxford Club,≤100
1822517194677770,Trump Geeks,Trump Geeks,≤100
109712673845685,Alliance for Charitable Excellence,Alliance for Charitable Excellence,≤100
102934254623322,H. Lee Perry for Tax Commissioner,Edward Bernard Gresham,≤100
111568193836466,Ballot,Ballot,≤100
117507751891,United Poultry Concerns,"UNITED POULTRY CONCERNS, INC",≤100
363741920768563,RTBiQ Political,RTBiQ Political,≤100
110749446963570,Courier,Courier Newsroom,≤100
276131699084792,YWAM Los Angeles,YWAM Los Angeles,≤100
102152494750003,Ginny Burdick for Senate District 18,Friends of Ginny Burdick,≤100
374108446391390,Ted Howze for Congress,TED HOWZE FOR CONGRESS 2020,≤100
93104154930,Voices for the Voiceless,"Voices for the Voiceless, Inc.",≤100
104760636770,Vera Institute of Justice,"Vera Institute of Justice, Inc.",≤100
148079402585789,Roxbury Prep Roslindale,361 Belgrade LLC,≤100
700283120139217,Omar Fateh for MN Senate 62,Omar Fateh Senate Committee,≤100
133937690180,Student Conservation Association,Student Conservation Association,≤100
332172544231683,America's Plastic Makers,"AMERICAN CHEMISTRY COUNCIL, INC.",≤100
737151126362683,American Military News,American Military News,≤100
126037931371545,Law Offices of Jonathan K. Park & Associates,Law Offices of Jonathan K. Park & Associates,≤100
32975139631,If Americans Knew,If Americans Knew,≤100
456726427701838,Who Stole the American Dream?,Reclaim The American Dream,≤100
115364585711,Lawyers' Committee for Civil Rights Under Law,LAWYERS' COMMITTEE FOR CIVIL RIGHTS UNDER LAW,≤100
89336510798,American Friends of the Hebrew University,American Friends of Hebrew University,≤100
148494598849,Milken Educator Awards,MILKEN FAMILY FOUNDATION,≤100
169042736456594,All Out,"All Out Action Fund, Inc.",≤100
197523652707,ATBS,ATBS,≤100
110468488981853,UNRWA USA,UNRWA USA,≤100
102988591071943,Daniel Gade,"GADE FOR VIRGINIA, INC.",≤100
196622367084590,Dulcie Taylor,Thomas M Wainman,≤100
85569513068,International Planned Parenthood Federation/Western Hemisphere Region,International Planned Parenthood Federation/Western Hemisphere Region,≤100
1388428314740793,American Mint - Coins and Medals,American Mint,≤100
124626320898336,Catholic Extension,"CATHOLIC CHURCH EXTENSION SOCIETY OF THE UNITED STATES OF AMERICA, THE",≤100
106224464107240,Jo Jorgensen for President,JO JORGENSEN FOR PRESIDENT,≤100
112325855474892,Speak Up For Education and Kids,National Education Association,≤100
534775086560447,Rumpl,Rumpl,≤100
513695272011123,The Genesis Prize,GPF NA LLC,≤100
146678415405673,FindLaw for Legal Professionals,FindLaw Legal Professionals,≤100
109214030429262,Equo,These ads ran without a disclaimer,≤100
1747132688647028,Democratic Association of Secretaries of State,Democratic Association of Secretaries of State,≤100
751679868274074,Hope for Students,THE EXPECTATIONS PROJECT INC,≤100
384336778589668,Defend Our Constitution,COMMON CAUSE,≤100
96826022393,Yale Environment 360,Yale Environment 360,≤100
468906559794011,LaunchGood,LaunchGood Inc.,≤100
111719460457197,Trumpify,Kevin None Liu,≤100
312186699644725,The Right Call,The Right Call,≤100
30098838392,Microsoft in Business,These ads ran without a disclaimer,≤100
233431773370174,Chris Paddie For Texas,Texans for Chris Paddie,≤100
135403221037,City Journal,City Journal,≤100
2323471027903589,Bridging Minds,Bridging Minds,≤100
514167322309353,Dan Crenshaw,Dan Crenshaw for Congress,≤100
172630052226,James Felton Keith,JFK ORGANIZERS,≤100
51052893175,Kevin McCarthy,Leader Kevin McCarthy,≤100
217137015152702,National Sikh Campaign,National Sikh Campaign,≤100
1640970822834351,Plaine Products,Plaine Products,≤100
1018914308173454,FStop Foundation,"FSTOP FOUNDATION INC, THE",≤100
104735713354213,We Love The USA,These ads ran without a disclaimer,≤100
252126914850996,Labor Campaign for Single Payer,Labor for Single-Payer Healthcare,≤100
151894654697,Save Our States,"OKLAHOMA COUNCIL OF PUBLIC AFFAIRS, INC.",≤100
1914561178824972,Trumped,Christopher  Cooper,≤100
136211573758668,State Representative Steve Allison,Steve Allison,≤100
999178266857351,Pub Theology: San Antonio,John Gavin Rogers,≤100
1485992861707727,Donna Kassin,Donna Kassin (Author),≤100
177765836610,Ecosia,These ads ran without a disclaimer,≤100
157402764294444,"Union Mission Ministries, Norfolk","UNION MISSION INC, THE",≤100
8895898655,Rainforest Alliance,"RAINFOREST ALLIANCE, INC.",≤100
44224524016,American Kidney Fund,"AMERICAN KIDNEY FUND, INC.",≤100
324119001078997,"Sanford Heisler Sharp, LLP","Sanford Heisler Sharp, LLP",≤100
122671561263552,Committee for Better Banks,"COMMUNICATIONS WORKERS OF AMERICA, AFL-CIO, CLC",≤100
804568342964376,2nd Amendment Rights,One Nation Design,≤100
1729198467311786,G.A. Matiasz,George Anthony Matiasz,≤100
322778165249416,Protect Colorado's Vote,Protect Colorado's Vote,≤100
10234472029,Council on Foreign Relations,Council on Foreign Relations,≤100
137125099693352,Christian Friends of Israeli Communities,Kimberly Forest Troup,≤100
9316648525,The Chicago School of Professional Psychology,TCS Education System,≤100
304516656955161,Team Trump Fan Club,I Love My Freedom,≤100
169830155029,m/Oppenheim Associates,m/Oppenheim,≤100
148731991811588,Baird,Robert W. Baird & Co. Incorporated,≤100
101987144592086,Stollings for West Virginia,Stollings for West Virginia,≤100
107458160898024,Straight Outta Quarantine,Aaron Hayes Stclair,≤100
17432811417,Working Families Party,Working Families Party,≤100
823946404613948,The President Trump Fan Club,I Love My Freedom,≤100
110035463860647,Trump Signs,Bankov Enterprises LLC,≤100
296356694135040,Goods Unite Us,Goods Unite Us,≤100
100528541526070,"Kristy Sullivan 4 School Board, District 4",Friends to Elect Kristy Sullivan,≤100
330616501124211,Drew Murray 4 State Rep of 182nd Legislative District,Friends of Drew Murray,≤100
242960515598,Military Spouse,Victory Media DBA Military Spouse,≤100
35715544220,Stand.earth,STAND,≤100
8934429638,Planned Parenthood Action,Planned Parenthood Votes,≤100
103254621302564,Maga2020,Troy Lorenzo Davis,≤100
2019228981443626,She the People,She The People,≤100
483987631637740,Heather McDonald,Peter James Dobias,≤100
109190967329516,Car Headline Bulletin,Abraham Osayomi,≤100
313097997669,StreetLightUSA,StreetLightUSA,≤100
229931827195676,Art of Teaching,John Russell Hassard,≤100
109374912424067,Drew McKissick,DrewMcKissick.com,≤100
109092142462587,Adam Schiff,SCHIFF FOR CONGRESS,≤100
384070655018,Connected Investors,These ads ran without a disclaimer,≤100
76025018070,San Francisco-Marin Food Bank,San Francisco-Marin Food Bank,≤100
1374260589465543,Sheepdog Church Security,Sheepdog Church Security,≤100
1438882392887793,ADF Church Alliance,Alliance Defending Freedom,≤100
177514745689,David B. Hooten,David Benjamin Hooten,≤100
662962894077729,The Well News,The Well News,≤100
10897453188,Operation Mobilization - OM USA,"OPERATION MOBILIZATION USA, INC.",≤100
75353945070,Boxed Water Is Better,Boxed Water Is Better,≤100
953113491536337,Black to the Future Action Fund,Black to the Future Action Fund,≤100
13341879933,Organic Consumers Association,ORGANIC CONSUMERS ASSOCIATION,≤100
350523542184,Trust Women,Trust Women,≤100
111663158887300,Tacoma Rescue Mission,"RESCUE MISSION, THE",≤100
1965356090372687,Red Authority,Nicholas Ryan Leuschen,≤100
440172503242700,1for1 Water,1for1 Water,≤100
7229514244,Drug Policy Alliance,DRUG POLICY ALLIANCE,≤100
576281909407539,Uni Bottles Cloud9,These ads ran without a disclaimer,≤100
149366465128820,"Nicole Galloway, CPA",Nicole Galloway for Missouri,≤100
171524666565192,Dave Stauffer for Governor,David Stauffer,≤100
104556811046290,United Against China,United Against China Inc,≤100
348602605618510,Invidme,InVidMe,≤100
276702939702491,Santa Barbara for Safe & Local Transport,Santa Barbara for Safe and Local Transport,≤100
169440273093442,The Center for Election Science,The Center for Election Science,≤100
360424321432255,Doha Debates,Doha Debates,≤100
111747450209594,Turner for Congress WV,HILARY TURNER FOR CONGRESS,≤100
108048380819042,Cliff Whitby for Mayor,Campaign to Elect Cliffard Whitby for Mayor of Macon-Bibb,≤100
100847831440144,Trump 2020 Tees,Robert William Zagby,≤100
407664862957433,Ammar Campa-Najjar for Congress,AMMAR CAMPA-NAJJAR FOR CONGRESS,≤100
104933662932387,CreativeFuture,CreativeFuture,≤100
322043381633719,Gavin Clarkson for Senate,GAVIN CLARKSON FOR SENATE,≤100
1914490755442148,Change Creator,Adam Force,≤100
102377984581168,A Democrat in the Wilderness,Emmanuel Fourakis,≤100
103754677662645,Kirkmeyer for Colorado,CTE Barb Kirkmeyer to State Senate,≤100
163737697799356,Justice Brett Busby,Brett Busby Campaign,≤100
1014291495249813,Politicon,Politicon,≤100
100447674821509,Store Tapper,These ads ran without a disclaimer,≤100
59826489083,SELC,SOUTHERN ENVIRONMENTAL LAW CENTER,≤100
120778038066631,EveryLibrary,EveryLibrary,≤100
105623264255576,Ben Grant for State Representative,Committee to Elect Ben Grant,≤100
13885075114,Action Against Hunger USA,ACTION AGAINST HUNGER - USA,≤100
2155040508095232,MonopolyWars,MonopolyWars.com,≤100
105169771042750,Pam Dechert For Indiana,Pamela Jean Dechert,≤100
433919203362871,Bird + Stone,BIRD & STONE INC,≤100
302111635698,National Association of Tax Professionals (NATP),National Association of Tax Professionals,≤100
115403471809909,Plastic Oceans,PLASTIC OCEANS INTERNATIONAL,≤100
508128102542448,Michael Owens for Congress,OWENS FOR CONGRESS,≤100
127814007074,LIUNA,LABORERS INTERNATIONAL UNION OF NORTH AMERICA,≤100
460844281074800,Tiny Trump,Eric D Corriel,≤100
153278754738777,Climate Reality,The Climate Reality Project,≤100
37630324302,Rational 360,Rational 360,≤100
105010030848236,Bryant Cameron Webb,DR. CAMERON WEBB FOR CONGRESS,≤100
473191156175163,EDF Action,Environmental Defense Action Fund,≤100
129278807814364,Welcome.,Welcome.,≤100
25121889784,Texas Public Policy Foundation,Texas Public Policy Foundation,≤100
118778888148007,Marion Polk Food Share,"MARION-POLK FOOD SHARE, INC",≤100
118255521596677,Superior Business Solutions,"SUPERIOR BUSINESS FORMS, INC.",≤100
115757826468774,Statsigo,These ads ran without a disclaimer,≤100
391872261636792,2020unity,"ForFact LLC, DBA 2020unity",≤100
6787988478,Physicians for Human Rights,"PHYSICIANS FOR HUMAN RIGHTS, INC.",≤100
338776239487764,Pennsylvania Record,The Record,≤100
182633468499582,Tae Phoenix,Tae Phoenix Entertainment,≤100
374876452974178,McShane LLC,McShane LLC,≤100
289446947817747,Global Citizen,"GLOBAL POVERTY PROJECT, INC.",≤100
735450726543930,Clergy for a New Drug Policy,Clergy for a New Drug Policy,≤100
1290536624348001,Informed Immigrant,FWD.us Education Fund,≤100
1396091910423151,Freedom Of Purpose,Benjamin Daniel Warren,≤100
438536186881177,All Clear Foundation,All Clear Foundation,≤100
107276507409124,Make America Bad Again,"Provoking Thoughts, LLC",≤100
19754937733,Oklahoma Association of REALTORS®,Oklahoma Association of REALTORS®,≤100
138014081407,Shareable,Tides Center/ Shareable,≤100
356501381631264,Jerusalem Post,Diane Elise Haner,≤100
108929955817174,VIX Explora,"VIX, INC.",≤100
136299005939,Heifer International,HEIFER PROJECT INTERNATIONAL,≤100
106323360959211,Patriots Republic,Matthew James Stine,≤100
408526523045391,Mammoth Nation,Mammoth Nation,≤100
262062478079324,Mckayla Wilkes for Congress,MCKAYLA WILKES FOR CONGRESS,≤100
1613516851999536,Sunrise Movement,Sunrise,≤100
370549906309170,ActionSprout,"ActionSprout, Inc.",≤100
1971892773117029,Citizen Media,Citizen Media News,≤100
100298938781,Robert Wood Johnson Foundation,Robert Wood Johnson Foundation,≤100
89757739264,Farm Credit,Farm Credit Council,≤100
27591534505,SPIRIT 105.3,CRISTA MINISTRIES,≤100
481331019059116,The Published Reporter,The Published Reporter,≤100
56332452163,AMA Patients Action Network,American Medical Association,≤100
1482947308676311,Topdust,cleancult,≤100
154471447959196,Institute for Veterans and Military Families - IVMF,Institute for Veterans and Military Families,≤100
102248414683894,Pevetoformetro,Gavin Claxton Mahaley,≤100
348521388580843,Talks On Law,Talks On Law,≤100
169204449790211,Conservative News Today,"BizPac Review, Inc.",≤100
594519783957655,Citizens for National Security,Citizens For National Security,≤100
182079698493370,Portside,Portside,≤100
1032931246869252,Ditch the Estate Tax,Policy And Taxation Group,≤100
118119545051756,Kirk DeViere - NC Senate,Kirk deViere Campaign Committee,≤100
1001615463272722,Biosimilars Council,The Biosimilars Council,≤100
114371076772585,Andrew Garbarino for Congress,GARBARINO FOR CONGRESS,≤100
30708742052,FCTRY,FCTRY,≤100
115047249866343,Ethan Knight for District Attorney,Ethan Knight for District Attorney,≤100
34992314695,National Center for Public Policy Research,NATIONAL CENTER FOR PUBLIC POLICY RESEARCH,≤100
189036631118228,COMMONworks,COMMON,≤100
2259323457517498,Abolish the Electoral College,ABOLISH THE ELECTORAL COLLEGE,≤100
595105757531823,Welton Hong,Welton Weiting Hong,≤100
304062610300415,VozWire,Gregson E Mathe,≤100
105386070991521,Every Night,These ads ran without a disclaimer,≤100
155857265265319,Pre-IPO Buzz,Pre-IPO Buzz,≤100
79820371749,Ayanna Pressley,THE COMMITTEE TO ELECT AYANNA PRESSLEY,≤100
1050320055029012,Outrider Foundation,OUTRIDER FOUNDATION,≤100
68771922854,Essence,Shaelyne Antonia Moodie,≤100
101755761321515,Aaron Harber for CU Regent,Harber for Colorado,≤100
16534314739,Facing History and Ourselves,"FACING HISTORY AND OURSELVES NATIONAL FOUNDATION, INC.",≤100
109740710433033,Ladies for Trump 2020,Proud Right Winger,≤100
106136417435051,Iwantmyoceanback,Iwantmyoceanback,≤100
109200595768753,The Christian Left,The Christian Left,≤100
91346559231,Democratic Legislative Campaign Committee - DLCC,Democratic Legislative Campaign Committee,≤100
1305943179552668,Forrest Johnson,Forrest Nels Johnson,≤100
464510790410497,Irritated Genie of Soufeese,Ayo Hance Kimathi,≤100
12683623041,Society for Human Resource Management (SHRM),SOCIETY FOR HUMAN RESOURCE MANAGEMENT,≤100
219612384781411,Bloomberg Philanthropies,Bloomberg Philanthropies,≤100
112418207014392,Jordan Lesser for Assembly,Jordan Lesser for Assembly,≤100
540467496124903,SOAR Hydropower,"CANYON INDUSTRIES, INC.",≤100
101472384751854,Attorney Michael F. Walsh for Norfolk County Register of Probate,Walsh Committee,≤100
116546288359245,Heritage Action for America,HERITAGE ACTION FOR AMERICA,≤100
45013872425,The Ripon Society,RIPON SOCIETY,≤100
399067003454888,Sudan Relief Fund,Sudan Relief Fund Inc,≤100
8914040942,Chesapeake Bay Foundation,"CHESAPEAKE BAY FOUNDATION, INC., THE",≤100
1331354320209243,Crowdsource The Truth,Jason D Goodman,≤100
2264090133834042,Invite Research,Precision Network,≤100
183989338318281,The American Legion National Headquarters,LEGIONNAIRE,≤100
427333170759393,ProRate Equine,Prorate Equine,≤100
117362515005706,The Bowery Mission,The Bowery Mission,≤100
164779816968453,Madison/St. Clair Record,The Record,≤100
140179533285859,AAPI Progressive Action,TIDES ADVOCACY FUND,≤100
57401739949,Braver Angels,INSTITUTE FOR AMERICAN VALUES INC,≤100
1502597423327057,Rep. Doug LaMalfa,Rep. Doug LaMalfa,≤100
1224106861035505,Resistbot,Resistbot Action Fund,≤100
56780242206,Agros International,Sierra Hana Golden,≤100
328065780936817,Forest Fire Facts,Forest Fire Facts,≤100
137427899615856,"Central Union Mission, DC",CENTRAL UNION MISSION (INC),≤100
114708368568567,"Swan Energy, Inc.",These ads ran without a disclaimer,≤100
215689771967950,Plastic Tides,"Plastic Tides, Inc.",≤100
661744180680367,National Police Association,"NATIONAL POLICE ASSOCIATION, INC.",≤100
1837356789847797,Fulcrum News,David George Seaman,≤100
263210730984251,We Are Great Again Pac,WE ARE GREAT AGAIN PAC,≤100
2311489605552071,Customers Who Care,Customers Who Care,≤100
162695894106234,Co-ops Vote,National Rural Electric Cooperative Association,≤100
107199049318619,Friends of Derek Kilmer,PEOPLE FOR DEREK KILMER,≤100
109295990419284,Esther For Congress,ESTHER FOR CONGRESS,≤100
131217580266597,National Council on Aging,"NATIONAL COUNCIL ON AGING, INC.",≤100
198296877515470,Switch4Good,Switch4Good,≤100
999556810102061,Signature Seas,Signature Seas,≤100
103284947927286,Roaring Right,Keegan Scott Boston Rush,≤100
164771506031,Claremont Institute,Nicholas Dylan Short,≤100
117709002968266,Green Ocean Co.,Green Ocean Co.,≤100
221631014637468,Look Human,"Print Syndicate, Inc.",≤100
494259170754224,Keeping IDentities Safe,KEEPING IDENTITIES SAFE,≤100
461530314600399,Common Sense American Politics,Common Sense American Politics,≤100
1800072483402009,African Community & Conservation Foundation,African Community & Conservation Foundation,≤100
657708380952174,Voices of the Civil Rights Movement,Comcast,≤100
1272534336242476,World101,Council on Foreign Relations,≤100
32802178807,Homes For Our Troops,Homes For Our Troops,≤100
165551260479306,Lifting Hands International,Lifting Hands International,≤100
74508408221,Dr. Joanne Bagshaw,"Joanne Bagshaw, PhD, LCPC",≤100
19972147679,SEIU,SEIU,≤100
108884874000798,OneFemme,These ads ran without a disclaimer,≤100
11234736860,Tom McClintock,McClintock for Congress,≤100
210100860523,Braille Institute,Braille Institute,≤100
273168429458189,Center for Western Priorities,Center for Western Priorities,≤100
1033248857066144,NewsDaylighter,General Memetics LLC,≤100
146002688803933,Abu Dhabi Fund for Development,These ads ran without a disclaimer,≤100
2223151871134889,Trump45Merch,Thomas Charles Granack,≤100
107033296017764,Isps-Us,The International Society for the Psychological Treatments,≤100
233768687168454,Rod Furniss State Representative 35b Idaho,Rodney Furniss,≤100
129009994182206,Blacks in the Bible,Blacks in the Bible,≤100
694340911004154,Americans for Intelligence Reform,Americans for Intelligence Reform,≤100
214002058736436,Unite America,UNITE AMERICA,≤100
108906707265489,USA Pooch,"PRESIDENTIAL POOCH, INC",≤100
599037717094428,Lil Guillotine,Liam Robert Manjon,≤100
150181591837186,Ted Terry,Ted for Dekalb,≤100
171516669541491,Bright Hope,BRIGHT HOPE INTERNATIONAL,≤100
135500133147357,ProEnglish,US INC,≤100
42597808880,Ami Horowitz,Ami Horowitz,≤100
104630354533536,Sharks Daily Investments,What's Your Injury Worth,≤100
499379343409991,Impact Fund,"IMPACT FUND, THE",≤100
150322194563,PASA Primates: Pan African Sanctuary Alliance,PAN AFRICAN SANCTUARIES ALLIANCE,≤100
1719463118318375,Bees In The D,BEES IN THE D,≤100
415184108572146,ZFacts,zFacts,≤100
232059614157456,Beam Project,BEAM PROJECT,≤100
105821344592,Eugene A. DePasquale,DEPASQUALE FOR PA 10,≤100
154510321337994,Chris Pappas for Congress,CHRIS PAPPAS FOR CONGRESS,≤100
1353948297956614,Let Africa Live,Let Africa Live,≤100
114815188528887,Neighborhood Nurse,Kristina Anne Larsen,≤100
64064370581,North Texas Food Bank,North Texas Food Bank,≤100
111704606890940,Brian Martin for Congress 2020,Brian Martin for Congress,≤100
111495005590988,Pattern,Pattern Energy,≤100
128985777176957,Church Life Journal,Church Life Journal,≤100
5633824547,FreedomWorks,"FREEDOMWORKS, INC.",≤100
15779440092,National Review,"NATIONAL REVIEW, INC.",≤100
292018201259366,We Raise Foundation,WE RAISE FOUNDATION,≤100
1801237890175919,The Denice Gary Show,Denice Garypandol,≤100
25998443394,MedPage Today,"EVERYDAY HEALTH, INC.",≤100
1917715138510680,Follow Your Legend,Legend Bracelet,≤100
388475271497575,The Trump Revolution,Dora Louise Collier,≤100
108524420538011,Hoosiers for Renewables,Hoosiers for Renewables LLC,≤100
2059019737447210,ChangeRoots,ChangeRoots,≤100
277414242013,Joyce Elliott for Congress,JOYCE ELLIOTT FOR CONGRESS,≤100
7145381235,American Jewish World Service - AJWS,"AMERICAN JEWISH WORLD SERVICE, INC.",≤100
28394917492,Second Harvest Food Bank of Central Florida,"SECOND HARVEST FOOD BANK OF CENTRAL FLORIDA, INC.",≤100
434635993263210,"King County, Washington - Government","King County, WA",≤100
170918006892,G.I. Jobs,Victory Media DBA GI Jobs,≤100
108862184052039,ROMTech,"ROM Technologies, Inc.",≤100
216052228433696,Arcus Foundation - Social Justice,ARCUS FOUNDATION,≤100
111268596965101,Our-Comeback,Our-Comeback,≤100
262905633727,Los Angeles Mission,"Los Angeles Mission, Inc.",≤100
141269525933538,Democrats for Education Reform,Education Reform Now Advocacy Inc.,≤100
106812440686621,ShatterSafe Reusable Glass Bottle,These ads ran without a disclaimer,≤100
22872837832,Food Lifeline,FOOD LIFELINE,≤100
1690071827911682,Cleancult,cleancult,≤100
1523403537916328,State Innovation Exchange,State Innovation Exchange (SiX),≤100
101295517956158,Tricia Zunker for Wisconsin,Tricia Zunker for Wisconsin,≤100
103292801078614,Given No Choice: A History of Abortion Rights,Cody Patrick Mcdevitt,≤100
510680265702016,Crowned Free,These ads ran without a disclaimer,≤100
101459351485507,Diana for Congress,DIANA FOR CONGRESS,≤100
223315101050132,Waters Kraus & Paul,Waters Kraus & Paul,≤100
283950395533648,Robert Norris for Kootenai County Sheriff,Robert Brian Norris,≤100
1812708279016004,PalmieriReport,Jacob William Palmieri,≤100
100562019990818,U.S. Term Limits,U.S. Term Limits Inc.,≤100
133666160060982,Senate Majority PAC,SMP,≤100
1480061175614032,Kern Citizens for Energy,Kern Citizens for Energy,≤100
107856557376203,The Right Tees,therighttees.com,≤100
19474609238,Mercatus Center at George Mason University,Mercatus Center at George Mason University,≤100
1967676576860492,Women Speak,These ads ran without a disclaimer,≤100
196731290352711,MDWCOMM,MDW Communications LLC,≤100
218020061613734,UBS,These ads ran without a disclaimer,≤100
104836377541994,Ride The Fence,Ride The Fence,≤100
537299709721112,Advantage Gold,Advantage Gold Group,≤100
157022225145063,Dave Stauffer for President,STAUF ENTERPRISES INC,≤100
181539958548011,Patheos Progressive Christian,Patheos Progressive Christian,≤100
372701716170134,Sold No More,Samantha C Byard,≤100
294196590710262,FWD.us,FWD.us,≤100
8936818385,Accuracy in Media,"ACCURACY IN MEDIA, INC",≤100
102413723172970,Nick Adams,Nick Adams,≤100
12692955711,Chronicle of Higher Education,"CHRONICLE OF HIGHER EDUCATION, INC. (THE)",≤100
104379634456914,Rob Cox for Frisco,Rob Cox for Frisco City Council Place 5 Campaign,≤100
28068665077,American Academy of PAs,American Academy of PAs,≤100
433364950062784,Power Over Energy,Power Over Energy,≤100
205164243980,Vermont Law School,Vermont Law School,≤100
115332546504252,Judge Grendell,Keep Judge Grendell,≤100
100184714677097,Election Year Knockout,Exceptionull Games,≤100
105398187486351,Escaping Dystopia,Roy Mitchell Taylor,≤100
103498497955115,Side by Side for Good,HQ Energy Services (US) Inc.,≤100
1819658374974706,Arena,Arena PAC,≤100
97624620788,American Friends of Magen David Adom,AMERICAN FRIENDS OF MAGEN DAVID ADOM,≤100
808450969246896,"Rebecca Walser, Tax Attorney, CFP",Walser Wealth Management,≤100
115277811891559,"Garbo Grabber, LLC",These ads ran without a disclaimer,≤100
67626834312,National Women's Law Center,National Women's Law Center,≤100
710669049286394,Woo the People,Khosro David Illulian,≤100
105698674239617,Embed News,Embed News,≤100
90498769709,Edenpure,EdenPURE®,≤100
108519723832934,RAFT,Alexandra Marie Duany Saavedra,≤100
145170355529600,National Pro-Life Alliance,NATIONAL PRO LIFE ALLIANCE,≤100
769395966523308,Eddie J. Mauro,MAURO SENATE CAMPAIGN TEAM,≤100
350316025478383,When We All Vote,When We All Vote,≤100
339666813315651,Howie Hawkins 2020,HOWIE HAWKINS 2020,≤100
46808654791,Eric Steffensen Music,Eric Steffensen,≤100
212933805686,Because International,Because International Corp,≤100
116924065002990,Indiana Democratic Party,INDIANA DEMOCRATIC CONGRESSIONAL VICTORY COMMITTEE,≤100
222164564466305,Civic Life Project - www.civiclifeproject.org,Dominique Lasseur,≤100
77790954801,Salesian Missions,Salesian Missions,≤100
68693168571,Jewish Federations of North America,Jewish Federations of North America,≤100
138644937392,SEIU California,SEIU California,≤100
210357995667559,The National Memo,The National Memo,≤100
259924897430716,VoteRiders,VoteRiders,≤100
2070944712939738,American Police Officers Alliance,American Police Officers Alliance,≤100
587681288088728,Adam Brandon,"FREEDOMWORKS, INC.",≤100
1573989029398622,Donald Trump's Americans,I Love My Freedom,≤100
525171637666780,Sandy Piña California Delegate,RCR,≤100
111879207094626,Dakota Hileman for Montana,These ads ran without a disclaimer,≤100
102987134585473,VigorBe,VigorBe,≤100
299588323424419,Legal Newsline,The Record,≤100
101136147910784,Represent Justice,Represent Justice,≤100
278355662356517,BallotReady,"BallotReady, Inc",≤100
1963992303848678,DHVANI,DHVANI,≤100
50714237985,The Rutherford Institute,RUTHERFORD INSTITUTE,≤100
107916557529161,Re-Election 45th President,Applelon,≤100
86711894400,National Write Your Congressman,National Write Your Congressman,≤100
513785465632396,Airline Passengers for Justice,Airline Passengers for Justice,≤100
296093157932840,The Fulcrum,Issue One,≤100
137051766452,Purusha People Clothing,Purusha People,≤100
139466462865129,The Silver State Awards,Silver State Awards,≤100
336470580233523,Pins and Aces Golf Co.,US Craft Brands LLC,≤100
80841742978,Adirondack Council,ADIRONDACK COUNCIL (INC),≤100
218721288205051,Thomas Massie,Thomas Massie for Congress,≤100
139190036813913,Rick Saccone,Richard Saccone,≤100
1745418332339003,Aspire Gear,Aspire Gear,≤100
102860661680,Quetico Superior Wilderness News,Quetico Superior Foundation,≤100
110280253735683,Alexandria Ocasio-Cortez Fan Club,Imran M Jemal,≤100
1675630946095534,Franciscan Missions,Franciscan Missions,≤100
304058913005378,Senior and Disabled Concerns,Senior & Disabled Concerns,≤100
108133417467910,Forest Carbon Coalition,CENTER FOR SUSTAINABLE ECONOMY,≤100
19219803864,Tax Foundation,TAX FOUNDATION,≤100
18017481462,Acton Institute,Acton Institute,≤100
102757964504021,Greta Thunberg Fan Club,Imran M Jemal,≤100
5647744585,PETA (People for the Ethical Treatment of Animals),"PEOPLE FOR THE ETHICAL TREATMENT OF ANIMALS, INC.",≤100
128595617222254,Arcus Foundation - Great Ape Conservation,ARCUS FOUNDATION,≤100
39432041915,Capital Research Center,CAPITAL RESEARCH CENTER INC,≤100
108955156581769,Blue Mom Red State,Sarah Nell Bourne,≤100
110310557163704,Senior Financial,Tyler Wayne Hedland,≤100
173470656019870,The Daily Yonder,Great Stories LLC,≤100
87186661244,Johns Hopkins Bloomberg School of Public Health,Johns Hopkins Bloomberg School of Public Health,≤100
314463908651,After Fifty Living,Joanne Sullivan Lema,≤100
372799605421,DeSmog,DeSmog,≤100
614134231980299,Veterans Empowered To Protect African Wildlife,VETPAW INC,≤100
354329797956187,The Catholic Association,"The Catholic Association, Inc",≤100
635850443292528,Nasty Woman Coloring,Nasty Woman Coloring,≤100
142957224352,International Medical Corps,International Medical Corps,≤100
458142697588014,AARP Public Policy Institute,AARP,≤100
323631667743052,Rep. Rodney Davis,U.S. Rep. Rodney Davis,≤100
1624907487621555,Rethink My Healthcare,RethinkMyHealthcare Inc,≤100
716056738518358,Woken Coffee,These ads ran without a disclaimer,≤100
104246294392997,Culture Fanatic,Sean William Osterberg,≤100
148485621883625,40 Days for Life,40 Days for Life,≤100
99050726344,Phillips Theological Seminary,PHILLIPS THEOLOGICAL SEMINARY,≤100
138492335404,Scott Walker,"Walker Group, LLC",≤100
51483280208,California State Parks Foundation,California State Parks Foundation,≤100
522459191276087,Prenda,Prenda,≤100
2046280975668889,LeftvsRightIQ.com,LvR Intelligence LLC,≤100
79047202856,People's World,People's World,≤100
122773549121265,President Trump for Nobel Peace Prize 2020,Tarek None Kteleh,≤100
609450252894597,The Whistleblower Revolution,Heidi Ann Weber,≤100
1340560252687219,MISSIO Hair,MISSIO HAIR,≤100
106095607687077,Joe Sacco for Nevada State Assembly District 16,Joseph Anthony Sacco,≤100
289047457785218,Mira Lehr,Jose Raul Lima,≤100
631019880740846,Cleverly Spun,Cleverly Spun,≤100
101965401424828,James Cleavenger for Lane County District Attorney,James Cleavenger Campaign Fund,≤100
987698164585861,Citizen Ed,Citizen Education,≤100
202286639832171,Dr. Robert Jeffress,FIRST BAPTIST CHURCH DALLAS,≤100
1475056949212605,Charity Mobile,Charity Mobile,≤100
7192716362,Amnesty International USA,Amnesty International USA,≤100
93294913245,Brett Harrell,"Brett Harrell Campaign, Inc.",≤100
101905411228915,Representative Steven Woodrow,Woodrow for CO,≤100
44667476574,In These Times,INSTITUTE FOR PUBLIC AFFAIRS,≤100
192609620649,The University of Chicago,The University of Chicago,≤100
355799336705,Outreach International,Outreach International,≤100
1424939337821370,Rachel Wahba,Rachel Wahba,≤100
144850842237429,Independentvoting.org,Independent Voting (IndependentVoting.org),≤100
543066585882629,Libertarian Country,Libertarian Country,≤100
103430441007947,Meanwhile in Florida: Woke AF NewZ,Christopher Lee Lindsay,≤100
154042404618678,Nutty Steph's,Rabble-Rouser Chocolate & Craft Co.,≤100
113139700106608,Should be in Canada 2,Sandra Tabacinic,≤100
1945237355733646,Giving Brush,Giving Brush LLC,≤100
108505303942541,Now Hear Me Out Podcast,Now Hear Me Out Podcast,≤100
147486638599345,Urban Teachers,Urban Teachers,≤100
101162851267986,US Programs And Benefits,US Programs And Benefits,≤100
47564598184,A Greener World,"GREENER WORLD, A",≤100
1436129040048603,Lone Candle,Aaron Kurz,≤100
100489714905608,Democracy Network,Democracy Network,≤100
61265398450,AmeriCorps NCCC,Corporation for National and Community Service,≤100
47710973068,Cooperative Action Network,National Rural Electric Cooperatives Association,≤100
1406149713044974,Intellectual Judaism,Vladimir Ephraim Minkov,≤100
83600052210,Citizens Count,Citizens Count,≤100
137662367278,League of Women Voters of the U.S.,LEAGUE OF WOMEN VOTERS OF THE UNITED STATES,≤100
59254639983,Boston Medical Center,BOSTON MEDICAL CENTER,≤100
56994048285,ACLU of Southern California,American Civil Liberties Union of Southern California,≤100
194798557218627,AARP Wyoming,AARP,≤100
1425435377743310,Conversations with Bill Kristol,The Foundation for Constitutional Government,≤100
100501501609587,Veteri Style,These ads ran without a disclaimer,≤100
221046091240452,Stephen Kramer Glickman,800 Pound Gorilla Records,≤100
500410440069924,Dan "Taxation Is Theft" Behrman for President 2020,COMMITTEE TO ELECT DAN TAXATION IS THEFT BEHRMAN,≤100
198875903295,Trek Bicycle,TREK BICYCLE CORPORATION,≤100
129240690441636,NAACP Legal Defense Fund,"N. A. A. C. P. LEGAL DEFENSE AND EDUCATIONAL FUND, INC.",≤100
177789462289480,Everybody Loves Lincoln,Jacqueline Alexandra Koppell,≤100
162676813937511,Dan Forest,Committee to Elect Dan Forest,≤100
30618466815,Pacific Legal Foundation,Pacific Legal Foundation,≤100
625483937581463,The Safety and Justice Challenge,These ads ran without a disclaimer,≤100
108825834114892,Covid-19 for President,Paul Roy,≤100
720943967965149,AFSCME Retirees,AMERICAN FEDERATION OF STATE COUNTY & MUNICIPAL EMPLOYEES,≤100
106215047605899,Scott Cornuaud for Hunt County Attorney,Scott Allan Cornuaud,≤100
1996971637047489,ProQuest Schools & Communities,PROQUEST LLC,≤100
961575820624661,360WiseMedia,360WiSE NETWORK llc,≤100
127520567290836,Push Digital Inc,Push Digital Inc,≤100
144429905313,AFSCME Council 31,AMERICAN FEDERATION OF STATE COUNTY & MUNICIPAL EMPLOYEES,≤100
107945130762309,"Preston Alder - Graham County Supervisor, District #2","Preston Alder for Graham County Supervisor, District #2",≤100
519590768083165,Abby Finkenauer for Congress,FINKENAUER FOR CONGRESS,≤100
549164205222742,Defend Innocence,Defend Innocence,≤100
108290434048026,Error Not Era Apparel,Cornelious M Anderson,≤100
149714575521093,The System is Down,Goulash Media,≤100
253507715172780,Andy Levin,ANDY LEVIN FOR CONGRESS,≤100
102029821201699,Planet Earth: Trumped,Planet Earth TRumped,≤100
573904012699166,VIX Pop,"VIX, INC.",≤100
70631211326,Orlando Union Rescue Mission,ORLANDO UNION RESCUE MISSION INC,≤100
112454848794673,Community Food Bank of Southern Arizona,"COMMUNITY FOOD BANK, INC.",≤100
359477377917,American Federation for Children,American Federation for Children,≤100
322882011220586,Pennsylvania Equality Project,"Pennsylvania Equality Project, Inc.",≤100
211049239087028,Association of Young Americans,Benjamin J Brown,≤100
100123544800892,Disme Coin Company,Byron Michael Laughlin,≤100
126279571952,Huru International,HURU INTERNATIONAL,≤100
106333028376,"Nichols Kaster, PLLP",Nichols Kaster PLLP,≤100
138524559619162,National Benevolent Association Christian Church (Disciples of Christ),"NATIONAL BENEVOLENT ASSOCIATION OF THE CHRISTIAN CHURCH, THE",≤100
597117373778973,Addicted to Golf,The Dude's Designs,≤100
2078647579047586,Project Pulso,Project Pulso,≤100
142474049098533,Robert Reich,Penguin Random House LLC,≤100
7629206115,The Nation Magazine,"NATION COMPANY, LLC, THE",≤100
207833736045744,MHAction.org,Kevin R Borden,≤100
452797224923658,Democratic Coalition Against Trump,THE DEMOCRATIC COALITION,≤100
700153177010264,Plant Based Products Council,Plant Based Products Council,≤100
203294579741055,Habitat Denver ReStores,Valerie Ann Skillern,≤100
546351612392371,Electrum Pickleball,Ryan Matthew Trefry,≤100
376167119538581,Floracracy,These ads ran without a disclaimer,≤100
114467748592136,RacingUSA.com,William David Carrington,≤100
431001283775746,Sam Nation,Sam Nation,≤100
288452868709310,Smart City Expo Atlanta,Smart City Expo Atlanta,≤100
1914537155242810,Life: Powered,Texas Public Policy Foundation,≤100
1872961472741793,Illumina Healing Arts,These ads ran without a disclaimer,≤100
999775873528189,Stopping Socialism,The Heartland Institute,≤100
100579177991814,Linda Thompson Gonzalez for FL House 93,LindaTGonzalez for Florida State House District 93,≤100
238983236163269,Marko Kepi,Marko Kepi for Assembly,≤100
367292494407,AJC - American Jewish Committee,AMERICAN JEWISH COMMITTEE,≤100
118379493631,Episcopal Relief & Development,EPISCOPAL RELIEF AND DEVELOPMENT,≤100
118635175464489,UPolitics,"Uinterview, Inc.",≤100
195704103779569,Savage Outdoors & The One,Amanda Harris Lee,≤100
523525891471632,Office of Fort Bend County Judge KP George,Office of Fort Bend County Judge KP George,≤100
1892187271040911,FreedomWorks Foundation,FreedomWorks Foundation,≤100
106250831014171,Conservative Nonno,Frank Joseph Vaccarelli,≤100
547176209061125,Medicare for All NOW,Medicare For All NOW!,≤100
1658135304460341,MANG,MANG,≤100
1425838477503979,Justin Haskins,Justin Trask Haskins,≤100
1084856268238034,Trump Talking,Roberto None Lugo,≤100
114008535880,Foundation for Individual Rights in Education,FOUNDATION FOR INDIVIDUAL RIGHTS IN EDUCATION,≤100
54310679625,Alliance for Justice,ALLIANCE FOR JUSTICE,≤100
1842341652707472,Legit Politic,Legit Politic,≤100
281092325369257,Elect Vince Leach,Vince Leach for Senate,≤100
130268756992804,Yale Climate Connections,Yale Climate Connections,≤100
287626442158465,Laws101,Laws101,≤100
376776419037747,Turning Point USA,Turning Point USA,≤100
337490192991981,Grabien,Grabien Inc,≤100
1652003065088144,Wendy2020,Wendy Breeden for Lake County Commission,≤100
197374340229,E2 - Environmental Entrepreneurs,E2 (Environmental Entrepreneurs),≤100
241994476248897,Wild Minimalist,Wild Minimalist,≤100
1417599265225727,Southwestern Medical Foundation,Collin M Quick,≤100
60865633726,Love Justice International,TINY HANDS INTERNATIONAL,≤100
77130778113,Coalition for Medicare Choices,The Coalition for Medicare Choices,≤100
151721606865,Intrepid Fallen Heroes Fund,Intrepid Fallen Heroes Fund,≤100
1539972792944463,Forge Leadership Network,Forge Leadership Network,≤100
142278567941,Massachusetts Teachers Association,Massachusetts Teachers Association,≤100
18492769291,Faithful America,Faithful America,≤100
194377127954,Ladders,These ads ran without a disclaimer,≤100
376990832355915,National Women's Coalition Against Violence & Exploitation (NWCAVE),Michelle Ann Bart,≤100
510680265702016,Crowned Free,Crowned Free,≤100
389119978332258,We Are Apartments,The National Association of Apartments and the National Multifamily Housing Council,≤100
100577113613446,Rock Your Bathroom,SK LANG Products,≤100
200548226627766,The Progressive Magazine,Norman Joseph Stockwell,≤100
111833201704,Faith and Freedom Coalition,Faith & Freedom Coalition,≤100
39851621214,Student Press Law Center,STUDENT PRESS LAW CENTER INC,≤100
17414523278,Democracy Now!,Ishmael Daro,≤100
103187431336216,The Whole Truth TV,Melanie Aprilfaye Abrams,≤100
112955806896246,Dalia Al-Aqidi,Dalia for Congress,≤100
189758874031,Outside TV,"OUTSIDE TELEVISION, INC.",≤100
174046949421616,Phenomenal Woman Action Campaign,Phenomenal Woman Action Campaign,≤100
116907753042353,TOL,Serdar Turan,≤100
105025901091483,Republican Party Strong,James R Oddo,≤100
101875519874044,New Power PAC,NEW POWER PAC,≤100
1809715209318581,Marjorie Taylor Greene for Congress,GREENE FOR CONGRESS,≤100
109194237204315,Huntsman 2020,Huntsman 2020,≤100
146754548089,CityTeam,CityTeam,≤100
243362776583569,Air Mail,Air Mail,≤100
110602600602390,Cartooninz,These ads ran without a disclaimer,≤100
164966660351345,Hope Outfitters,Hope Outfitters,≤100
404164463091452,Chas Castell,Charles William Peter Castell,≤100
95485151202,Scott Page Author,Scott Page Author,≤100
114386721939978,The Made in America Store,Made In America Store,≤100
348856535576675,Legends of the Desert,William Michael Farmer,≤100
29776517202,Second Harvest Heartland,SECOND HARVEST HEARTLAND,≤100
102470534741479,Partisan Apparel,Francesco Ricco Benzo,≤100
312087222175938,Southeast Texas Record,The Record,≤100
106883907479649,HUPAC - Health Underwriters Political Action Committee,NATIONAL ASSOCIATION OF HEALTH UNDERWRITERS PAC (HUPAC),≤100
246491525549550,Education Post,Education Post,≤100
216573545098934,West Virginia Child Advocacy Network,The West Virginia Child Advocacy Network,≤100
190987118163092,Connected Clothing Company,Connected Clothing Company,≤100
721000238103165,Eric Early,Eric Early,≤100
293409964049501,World Tree: Growing a Sustainable Future,World Tree Technologies Inc.,≤100
19036504767,Center for Victims of Torture,"CENTER FOR VICTIMS OF TORTURE, THE",≤100
384676381708957,Education NC,Education NC,≤100
153678684700451,American Investment Council,AMERICAN INVESTMENT COUNCIL,≤100
989115077828893,John Muir Project of Earth Island Institute,John Muir Project,≤100
777657635932867,Blessings Through Action,Blessings Through Actions,≤100
504118316658151,SilencedOrganic,SilencedOrganic.com,≤100
123965317665623,N-Hance Wood Refinishing,N-Hance Inc.,≤100
121731445898409,I Love Great Deals,Roberto None Lugo,≤100
242679302418244,Denison Forum,Denison Ministries,≤100
131217580266597,National Council on Aging,These ads ran without a disclaimer,≤100
10150096009920008,Pro-Life Action League,PRO LIFE ACTION LEAGUE,≤100
105264094403642,Trump MAGA Swag,James Richard Griffin,≤100
182658925089088,FINCA,"FINCA INTERNATIONAL, INC.",≤100
1836138529938551,Greater Half,Billy Benson,≤100
111257493838566,Home Vote 4 All,Home Vote 4 All,≤100
26689153393,Muslim Public Affairs Council - MPAC,MUSLIM PUBLIC AFFAIRS COUNCIL,≤100
182620315479,Plan International USA,Plan International USA,≤100
259343267436363,Representative Ed Thompson,Friends of Ed Thompson,≤100
260131294484,Bethesda Lutheran Communities,Bethesda Lutheran Communities,≤100
706414369427081,Nick Freitas,Friends of Nick Freitas Inc.,≤100
377572616357769,Russ Vernon-Jones' Blog,"Coming Together: Understanding Racism, Working for Justice & Building Connections",≤100
151686754920712,The West Virginia Record,The Record,≤100
100668441528354,Suppiger for Idaho,Suppiger for Idaho,≤100
1562290543991677,Alliance for a Healthy Kansas,Community Care Network of Kansas,≤100
273474675643,HealthCareWithoutHarm,HEALTH CARE WITHOUT HARM,≤100
118522431544584,Healing Field (Colonial Flag Foundation),HEALING FIELD INC,≤100
136714166339952,Health In Harmony,Kristen Annette Grauer,≤100
41182871633,National Museum of American Jewish History,National Museum of American Jewish History,≤100
108777231824,Manhattan Institute for Policy Research,MANHATTAN INSTITUTE FOR POLICY RESEARCH INC,≤100
300103172268,Pacific Battleship Center - Battleship USS Iowa,Jonathan Thompson Williams,≤100
86134975779,Coast Guard Foundation,Coast Guard Foundation INC.,≤100
130945114804,World Jewish Congress,WORLD JEWISH CONGRESS AMERICAN SECTION INC,≤100
1934721976748070,Perspective Wealth Planning,Perspective Wealth Planning,≤100
622556584597615,SYMBICORT® (budesonide/formoterol fumarate dihydrate),These ads ran without a disclaimer,≤100
870556716435775,Mansasa2020,Christiane Martin,≤100
112396463454890,Trump’ Selection,These ads ran without a disclaimer,≤100
51533142540,Public Advocate of the U.S.,PUBLIC ADVOCATE OF THE US,≤100
405638546157611,The Pension Group,Advisor's Platform,≤100
504509279946722,Robin Wilt For Congress,ROCHESTER FOR ROBIN,≤100
73277646827,Trees for the Future,Trees for the Future,≤100
262173980908600,LTM,LTMShop,≤100
101682706561261,"Freedom Watch, Inc.","Freedom Watch, Inc.",≤100
143590139021196,UMR,UNITED MISSION FOR RELIEF AND DEVELOPMENT - UMR,≤100
210455593021382,Health Care Voices,"Health Care Voices, a project of Social Good Fund",≤100
159597424207730,David Perdue,PERDUE FOR SENATE,≤100
658093914667081,Let Them Know,Let Them Know,≤100
202626512363,U.S. Census Bureau,These ads ran without a disclaimer,≤100
1682876188698809,United for Respect,United for Respect,≤100
107334019308912,Olive Crest - USA,OLIVE CREST,≤100
684473794899189,"Sanders Phillips Grossman, LLC",Legal Action Media,≤100
149745555082419,Pioneer Institute for Public Policy Research,"Pioneer Institute, Inc.",≤100
1397799040234106,OpinionUP,OpinionUP LLC,≤100
212144808797989,Cumberland County GOP,Cumberland County GOP,≤100
427302110732180,Mike Cernovich,Michael C Cernovich,≤100
130936757062757,T-Mobile Workers United (TU),"COMMUNICATIONS WORKERS OF AMERICA, AFL-CIO, CLC",≤100
110019893736048,Grandpas Against Trump,Richard Carlton Carlton Daley,≤100
121067011091,Arab American Institute,Arab American Institute Foundation,≤100
175149559508478,TreeDiaper,Zynnovation LLC,≤100
356482637745012,Stansberry Research,Stansberry Research,≤100
1679521432262834,Physicians Grassroots Network,American Medical Association,≤100
103974389650244,Amenders for Federal Spending Control,Mark Albert Meier,≤100
60182072999,Lila Rose,Live Action,≤100
107031550961702,Isaac Trujillo,Isaac Joseph Trujillo,≤100
260754507296508,The Voter Participation Center,Voter Participation Center,≤100
240425642652222,South Florida Wildlands Association,South Florida Wildlands Association,≤100
185696964396,The Nature Conservancy in WA,Nature Conservancy,≤100
26006662641,Arizona Democratic Party,Arizona Democratic Party,≤100
204243816263754,Rev Yearwood,Hip Hop Caucus,≤100
133913826633461,Grassroot Institute of Hawaii,Grassroot Institute of Hawaii,≤100
1752355788333516,Joe Schriner For President 2020,Joseph Moreaux,≤100
151226798258064,Project Repat,These ads ran without a disclaimer,≤100
280267791996700,Conservative Victory Fund,CONSERVATIVE VICTORY FUND,≤100
1730917013891778,Curt's Shirts,Curtis Lee Cooper,≤100
105023768642,U.S. Chamber Institute for Legal Reform,US Chamber Institute for Legal Reform,≤100
33699882778,Dr. Bronner's,Dr. Bronner's,≤100
17274984050,Consumer Reports Advocacy,Consumer Reports Inc,≤100
645538035569431,FundKite,AKF Inc. dba FundKite,≤100
12784656483,Union Rescue Mission,Union Rescue Mission,≤100
573084822773932,Joe Perkins for Circuit Judge Campaign Committee,Joe Perkins for Circuit Judge Campaign Committee,≤100
474062436008137,Michael McCaul for Texas,"McCaul for Congress, Inc.",≤100
1835838916635491,Transamerica Center for Health Studies,Transamerica Center for Health Studies,≤100
231518367314146,Kim Olson for Congress,KIMFORCONGRESS,≤100
872741586076901,Tony YOLO,Wael None Nammari,≤100
102474147793993,Parmenides of Leftbook,Austin Mayle,≤100
120393112689694,Super Agents Safety Squad,Denize Moraes Rodriques,≤100
7735858972,Humane Society Legislative Fund,Humane Society Legislative Fund,≤100
101109011325959,Augurisk,These ads ran without a disclaimer,≤100
1529468987331408,BulbHead,TELEBRANDS CORP.,≤100
481717441888024,Mamaroneck Coastal,Mamaroneck Coastal Environment Coalition,≤100
57846092173,American Bible Society,American Bible Society,≤100
372439495935,Mel Trotter Ministries,MEL TROTTER MINISTRIES,≤100
1262237997166592,Make America Laugh Again,Samy Abdeslem Chouia,≤100
1950319871930431,Special Gift,These ads ran without a disclaimer,≤100
304174600459936,Front Porch Sense,Marnie Lynn Kuhns,≤100
105556394228711,Republican Authority,Republican Authority,≤100
570524446405979,Only Human,Only Human,≤100
934438026690635,YouGov,YOUGOV AMERICA INC.,≤100
113597523517748,Mazi Mazloom for State Court Judge,"Friends of Mazi Mazloom, Inc.",≤100
143173285763,Tenth Amendment Center,Tenth Amendment Center,≤100
174371409720577,Abdul El-Sayed,AME Higher LLC,≤100
23516382545,B Corporation,B LAB COMPANY,≤100
132732160104163,Ford Foundation,"FORD FOUNDATION, THE",≤100
459890014763287,Rocky Mountain Values,Rocky Mountain Values,≤100
108156144154617,Auie4u,AUIE4U,≤100
192015461630968,Supporting Our Brave Veterans,James Brian Plouf,≤100
101208514791301,Daniel Turner,Power The Future Inc,≤100
2777578242259790,Great Again Gear,Great Again Gear,≤100
257019421075897,Cory Gardner,Cory Gardner for Senate,≤100
734197643587370,Bitterroot,Bitterroot Media,≤100
587835028017559,Eric Holcomb,Eric Holcomb for Indiana,≤100
83960796709,Institute for Southern Studies,INSTITUTE FOR SOUTHERN STUDIES INC,≤100
2317264024972785,American Populists,The New American Populist,≤100
28176733440,Chronicle Books,"CHRONICLE BOOKS, LLC",≤100
273546779885377,The Gallant Pelham,"The Gallant Pelham, LLC",≤100
497081420632330,Hiral Tipirneni,HIRAL FOR CONGRESS,≤100
911845658833043,I Am An Immigrant,FWD.us Education Fund,≤100
116064745113092,Neighborhood Sun,Neighborhood Sun,≤100
602074469965571,Plan C,NATIONAL WOMENS HEALTH NETWORK,≤100
315170549321392,Slightly Sophisticated,Slightly Sophisticated,≤100
1402630976626068,Adelante con Patricia NM House District 13,Campaign to Elect Patricia Roybal Caballero,≤100
7191206138,ASPCA,These ads ran without a disclaimer,≤100
356431274698532,Ryan Hampton,Ryan Hampton,≤100
917165515112598,Progressive Power,USA Unify Media Inc,≤100
387028015007642,Colorado Citizens Coalition,Colorado Citizens Coalition,≤100
354369924642184,Bill Holt's Dreamies,William Holt,≤100
981661448510937,Meraki Journey,Meraki Bracelets,≤100
221416561801,Thomas B. Fordham Institute,Thomas B. Fordham Institute,≤100
105986927538317,Triump Apparel,Triump Apparel,≤100
416381175589490,Sam Peters,COMMITTEE TO ELECT SAM PETERS,≤100
971980592815747,Daniel Grossberg for State Representative,Grossberg for State Representative,≤100
1437429989675914,Huckabee,"TRINITY CHRISTIAN CENTER OF SANTA ANA, INC.",≤100
260366367717440,Committee to Protect Medicare,Committee to Protect Medicare PAC,≤100
178835922297833,American Clinical Laboratory Association,American Clinical Laboratory Association,≤100
27139120832,Advancing Native Missions,Advancing Native Missions,≤100
8002590959,Rainforest Action Network,RAINFOREST ACTION NETWORK,≤100
291260461373618,News and News,News and News,≤100
455147011996099,The Ann and Phelim Scoop,The Unreported Story Society,≤100
139548536236561,Fit Small Business,These ads ran without a disclaimer,≤100
207245375352,SAGE,"SERVICES AND ADVOCACY FOR GLBT ELDERS, INC",≤100
651030188696796,Desoto Parish District Attorney's Office,Desoto Parish District Attorney's Office,≤100
23362993101,Center for Immigration Studies,CENTER FOR IMMIGRATION STUDIES,≤100
2406284459692230,Bees4Seas Natural Beeswax Food Wrap,Melissa Marie Eastin,≤100
201470373308396,BMO Harris Bank,BMO Harris Bank,≤100
107723573986142,TrumpBook2020,Alexander Bruen Trevor,≤100
34732466459,Enterprise Community Partners,"ENTERPRISE COMMUNITY PARTNERS, INC.",≤100
403737406341879,National Women's Health Network,NATIONAL WOMENS HEALTH NETWORK,≤100
44821210086,American Numismatic Association,AMERICAN NUMISMATIC ASSOCIATION,≤100
139599847972,National Nurses United,BE A HERO PAC,≤100
120522437962280,Hutchins Center for African & African American Research,The Hutchins Center for African & African American Research at Harvard University,≤100
1664959567149320,Wholesome Culture,Wholesome Culture,≤100
115286365119,National Pork Board,National Pork Board,≤100
153446658100252,Lumina Foundation,Lumina Foundation,≤100
103047234558082,Dan for Colorado House District 6,DAN FOR COLORADO HOUSE,≤100
305151607083393,For Love of Country,Patrick William Smith,≤100
10150100007820094,Wendy Davis,WENDY DAVIS FOR CONGRESS,≤100
73016054191,Regional Food Bank of Oklahoma,"REGIONAL FOOD BANK OF OKLAHOMA, INC.",≤100
153167611414243,Ohio House Democrats,The Ohio House Democratic Caucus,≤100
104622121026372,Earthbreeze,These ads ran without a disclaimer,≤100
113666459994300,Big Dan Rodimer for Congress,RODIMER FOR CONGRESS,≤100
108797534098691,Keep Gifts Great,Adrian Choi Conger,≤100
47712360678,Jobs With Justice,Jobs With Justice,≤100
595854897124850,Shatterproof,Shatterproof,≤100
1791097094486498,Musings,Musings Magazine,≤100
28144169620,Alliance for Aging Research,Alliance for Aging Research,≤100
105832587746577,Be a Voter,Story Network Foundation,≤100
104006944272732,Honest Arizona,Advancing AZ,≤100
122894447754361,Institute for New Economic Thinking,"INSTITUTE FOR NEW ECONOMIC THINKING, THE",≤100
53167307346,Communist Party USA,Communist Party USA,≤100
111499100431,National Association for Gun Rights,NATIONAL ASSOCIATION FOR GUN RIGHTS INC,≤100
103636294535112,Libertarian Party of UNCG,Joseph Timothy Swiggett,≤100
1497851363851721,QLMS,Quicken Loans Mortgage Services,≤100
940653386126953,Standingwithyou.org,Standing With You,≤100
24834672986,Hip Hop Caucus,Hip Hop Caucus,≤100
260366367717440,Committee to Protect Medicare,Committee to Protect Medicare,≤100
237447847040302,Faith Underground,Pamela N Danziger,≤100
1092340954202973,Maya Rockeymoore-Cummings for Congress,Maya Rockeymoore-Cummings for Congress,≤100
912213639158340,Clark2020,JoyceClark2020,≤100
196098536897,Texas Right to Life,Texas Right to Life,≤100
108687773798767,"Shut Down DC-Climate Strike Washington, DC",DC Action Fund Corporation,≤100
222811984421691,Cold Bee Gone,Joyce K C None Dales,≤100
1571453109770170,Reclaim The American Dream,Reclaim The American Dream,≤100
136121223083299,Sea Turtle Conservancy,"SEA TURTLE CONSERVANCY, INC.",≤100
1712667002114371,Mark And The Millennials,Mark And The Millennials,≤100
502969216761221,Common Sense Civics and Citizenship,Candace Donnelly,≤100
126074510736262,VIX Mujer,"VIX, INC.",≤100
213998472307,Hoosier Environmental Council,"HOOSIER ENVIRONMENTAL COUNCIL, INC",≤100
1284735221676638,BELatina News,BELatina News,≤100
126499578750103,Beth Henderson,Beth for Indiana,≤100
67180895597,National Shrine of St. Jude,The National Shrine of St. Jude,≤100
1443864392358133,If These Ovaries Could Talk,Robin L Hopkins,≤100
113330620093147,Sunny for Congress,Suneetha Chaparala,≤100
642268192537646,American Immigration Control Foundation,American Immigration Control Foundation,≤100
109866783838178,Friends of Jason Atkinson,Friends of Jason Atkinson,≤100
10150124349775072,"Riddle & Brantley, LLP","RIDDLE & BRANTLEY, LLP",≤100
107229050703874,Bernie Sanders Fan Club,Imran M Jemal,≤100
598720023670599,Delegate Jennifer Carroll Foy,Jennifer Carroll Foy for Delegate,≤100
182723117043,Chicago Council on Global Affairs,"CHICAGO COUNCIL ON GLOBAL AFFAIRS, THE",≤100
184373328845372,Gigi Raffe,Gigi Raffe,≤100
53453003949,Hope Ministries,HOPE MINISTRIES,≤100
1764185850558806,Apex Clean Energy,Apex Clean Energy,≤100
530628950745171,Vote In Or Out,Lisa Chin Mollica,≤100
284472231667570,Lincoln and Obama,Benjamin E Griessman,≤100
111465340516979,PWMoore,Theodore A Begnoche,≤100
698400060189827,Dan Sullivan,Alaskans for Sullivan,≤100
742790559090054,Alex Rowan Foundation,David Rowan,≤100
165566613453452,ERLC,ETHICS AND RELIGIOUS LIBERTY COMMISSION OF THE SOUTHERN BAPTIST,≤100
1485046298224624,Betsy Sweet,SWEET FOR SENATE,≤100
885797821467046,Joyous Organics,Ronald Lee Yates,≤100
510983808935302,Parker Hudson,Frank Parker Hudson Jr,≤100
129159563777523,Conservancy of Southwest Florida,ST OF FL CONSERVANCY OF S,≤100
51791915551,Binghamton University,Binghamton University,≤100
181813995726,Avalara,"AVALARA, INC.",≤100
515881025140911,Parks Project,Parks Project,≤100
6165653060,AFSCME,AMERICAN FEDERATION OF STATE COUNTY & MUNICIPAL EMPLOYEES,≤100
26060837166,Point Loma Nazarene University,Point Loma Nazarene University,≤100
314121315788033,Stand with Parkland,Stand With Parkland,≤100
110348383941470,Anteaters United,Chirag Bhupendra Shah,≤100
723136714746586,The Common Ground Project,"The Common Ground Project, Inc.",≤100
152264148166020,Moms Clean Air Force,Moms Clean Air Force,≤100
193675533982095,Ryan D. Chamberlin,Ryan Chamberlin for Congress,≤100
511235549007985,PRJKT RUBY,PRJKT RUBY,≤100
470696860409500,Alp Basaran for Congress,Alp Basaran for Congress,≤100
112600915451330,No Labels,No Labels,≤100
425303257834064,Tom Basile,TomBasile.com,≤100
1402827079932843,Low Income Relief,The Lighthouse Information Network LLC,≤100
106700774330067,Cashback for Charity,These ads ran without a disclaimer,≤100
2224341514562713,Elect Kim Owens - Arizona Corporation Commission,Committee to Elect Kim Owens,≤100
663376087430190,Bonnie Castillo,National Nurses United,≤100
122074182522878,Keep America Great 20,AMER AHMAD ABDEL-AZIZ,≤100
1695950424027488,Andy Hallinan,Andrew Lawrence Hallinan,≤100
113543090115189,Democracy.ai,Luke Thomas Willoughby,≤100
1006110349586564,Congressman TJ Cox,Office of Congressman TJ Cox,≤100
268311603350722,The American Independent,The American Independent,≤100
1927977257228284,Jack Murphy,I Love My Freedom,≤100
497209044353754,Author Austin Grayson,These ads ran without a disclaimer,≤100
129921337078906,YallPolitics,"Jackson New Media, Inc.",≤100
175886458122,People's Action,People's Action,≤100
22898109808,Grist.org,Grist Magazine,≤100
173837496125511,Conscious Step,Conscious Step,≤100
148838565248578,Bright Blue Dots,Bright Blue Dots,≤100
58691227283,The New York Young Republican Club,The New York Young Republican Club,≤100
38882699096,Polaris,POLARIS PROJECT,≤100
110201667002800,Jewish Republican Alliance,YukoSocial LLC,≤100
8524198486,Physicians Committee for Responsible Medicine,"PHYSICIANS COMMITTEE FOR RESPONSIBLE MEDICINE, INC.",≤100
801168856602067,Shadyside Church of Christ,Richard Joseph Zumpano,≤100
202281636466702,Unseen,Unseen,≤100
168367339845613,The Humane League,The Humane League,≤100
182034571982073,Texans For Dade,Texans for Dade,≤100
105430807719885,Thepoliticaldish,ThePoliticalDish.com,≤100
1440545886225537,Blue Ticket Consulting,Blue Ticket Consulting,≤100
229944963718518,ArtPlaceAmerica,ArtPlace America,≤100
146918864568,Illinois Farm Bureau,ILLINOIS AGRICULTURAL ASSOCIATION,≤100
14084625156,Susan G. Komen,Susan G. Komen,≤100
386305465057247,Liberty Nation,Liberty Nation,≤100
167818016571872,Ann & Robert H. Lurie Children's Hospital of Chicago,Ann & Robert H. Lurie Children's Hospital of Chicago,≤100
102010211314386,Donald Trump 2020 Voters,I Love My Freedom,≤100
101278054704505,Scipio 2020 Florence City Council,Osbbie Kimbrell Scipio,≤100
114307956683595,Dale Soltis For Summit County Sheriff,Dale A Soltis,≤100
101439284539574,Janeese Lewis George for Ward 4,The Committee to Elect Janeese Lewis George,≤100
108925558017,Shared Hope International,Shared Hope International,≤100
156392276602,Strong Towns,Strong Towns,≤100
28446275521,Military Officers Association of America (MOAA),Military Officers Association of America,≤100
107600877320090,Brad Hutto,Hutto for Senate,≤100
102069867886585,Naramsen Goriel,Goriel for Mayor 2020,≤100
295533050495998,Abogado de Inmigracion Jorge Rivera - Immigration Group LLC,Michael A Castillo,≤100
328853823844484,Balance of Power,Balance of Power,≤100
422362971693359,MenRec,George Weiss,≤100
272565456712768,Bloomberg Government,"BUREAU OF NATIONAL AFFAIRS, INC., THE",≤100
291102898490822,Giant Maga Hat,Inventors club LLC,≤100
982715655214846,1600 Daily,1600 Daily,≤100
260401648038890,Science101,Novelty Media,≤100
289359554914740,We Have A Stake,The ANCOR Foundation,≤100
162493793737,Rick Green,Richard Arlin Green,≤100
429651323843750,Verizon Wireless Workers Rising,"COMMUNICATIONS WORKERS OF AMERICA, AFL-CIO, CLC",≤100
133764907211570,Concerned Citizen,Steven Niems,≤100
427084097477881,America's Health Insurance Plans (AHIP),America's Health Insurance Plans,≤100
186891114706643,Help Animals India,HelpAnimalsIndia,≤100
208448029308099,Neal F. Thompson,Neal Francis Thompson,≤100
686280825079327,Citizens for a Secure and Safe America,Citizens for A Secure and Safe America Non Profit Corporation,≤100
497348647140658,Point Source Youth,Point Source Youth,≤100
111361670448099,Christian Wise Smith for Fulton,Committee to Elect Christian Wise Smith,≤100
381423518599637,"Hill and Ponton, P.A.","Hill and Ponton, P.A.",≤100
175403889150682,FindLaw.com,FindLaw Consumer,≤100
1447994318779650,AirMedCare Network,AIrMedCare Network,≤100
60870102434,Salvation Army California South,The Salvation Army California South,≤100
729927510371645,The Libra Group,"Libra Capital US, Inc",≤100
72565633140,Soles4Souls,"SOLES4SOULS, INC.",≤100
630841967406196,StepChange Clothing,Joseph Harry Wagner,≤100
122174836956,Big Cat Rescue,BIG CAT RESCUE CORP.,≤100
1392179750883405,O'Brien-Zuckerman/Teamsters United 2021,Committee to Elect O’Brien Zuckerman 2021,≤100
524399207959953,Truth & Liberty Coalition,Truth & Liberty Coalition,≤100
802271849850801,Freedom for All Americans,Freedom for All Americans,≤100
219353138086907,School on Wheels of Massachusetts,Marilyn Mccunney,≤100
278487153675,Redneck Nation Clothing,Tracie Milliron Gold,≤100
2007361039550045,"Free, Fair, and Accountable Democracy","CENTER FOR FREE, FAIR, AND ACCOUNTABLE DEMOCRACY, INC.",≤100
105281287589788,San Bernardino County Gun Owners - SBGunOwners,San Bernardino County Gun Owners PAC,≤100
165014546858456,Free To Choose Network,FREE TO CHOOSE,≤100
407031276454095,The Donald Stuff,Daniel Joseph Bender,≤100
286597537859,Global Health Technologies Coalition,Global Health Technologies Coalition,≤100
112305600430847,Photiser,These ads ran without a disclaimer,≤100