﻿Page ID,Page Name,Disclaimer,Amount Spent (USD)
683872625157265,Theresa Greenfield,THERESA GREENFIELD FOR IOWA,7455
7860876103,Joe Biden,BIDEN VICTORY FUND,6294
103571278142168,Joni Ernst Isn’t On Our Side,DSCC,4838
153080620724,Donald J. Trump,TRUMP MAKE AMERICA GREAT AGAIN COMMITTEE,4522
133666160060982,Senate Majority PAC,SMP,3978
1576552839287418,Senate Leadership Fund,Senate Leadership Fund,3255
153080620724,Donald J. Trump,"DONALD J. TRUMP FOR PRESIDENT, INC.",2996
1771156219840594,Team Trump,TRUMP MAKE AMERICA GREAT AGAIN COMMITTEE,2618
228754857151053,House Majority PAC,House Majority PAC,2477
785144711668660,Our Iowa Values,Iowa Values,2411
519590768083165,Abby Finkenauer for Congress,FINKENAUER FOR CONGRESS,2409
586751814690068,Joni Ernst,Joni for Iowa,1583
571182609571332,NextGen America,NEXTGEN CLIMATE ACTION COMMITTEE,1513
676031862414285,David Young,"Young for Iowa, Inc.",1376
101375378378423,David Young already turned his back on Iowa,DCCC,1164
925007000949719,ExxonMobil,Exxon Mobil Corporation,1148
105404247960680,Trump For Iowa,"DONALD J. TRUMP FOR PRESIDENT, INC.",1003
22561081832,NRA Institute for Legislative Action,NRA Victory Fund,979
102725661524802,Iowa Values Action PAC,Iowa Values Action,850
280569155330326,AFP - Iowa,AMERICANS FOR PROSPERITY,782
129255907131113,NumbersUSA,NUMBERSUSA EDUCATION AND RESEARCH FOUNDATION,714
101654774973359,Promises Made Promises Kept,"DONALD J. TRUMP FOR PRESIDENT, INC.",675
101413351715527,Iowans can’t trust Ashley Hinson,DCCC,649
6726182861,Mike Pence,TRUMP MAKE AMERICA GREAT AGAIN COMMITTEE,613
1162286517277297,Canvass America,Canvass America,564
260754507296508,The Voter Participation Center,Voter Participation Center,546
72825284566,Iowa Democratic Party,IOWA DEMOCRATIC PARTY,524
14226615647,People For the American Way,People For the American Way,494
458928061510318,Rita Hart for Iowa,RITA HART FOR IOWA,446
1615018905412860,Progressive Turnout Project,PROGRESSIVE TURNOUT PROJECT,437
302182941354,AARP Advocates,AARP,434
110749446963570,Courier,"Courier Newsroom, Inc.",415
108824017345866,Facebook,"Facebook, Inc.",411
328072970642479,Jaime Harrison,JAIME HARRISON FOR US SENATE,393
100391581727524,Defeat By Tweet,DEFEAT BY TWEET,377
214472235246447,American Hospital Association,AMERICAN HOSPITAL ASSOCIATION,363
104263254713855,Register to Vote Republican,REPUBLICAN NATIONAL COMMITTEE,359
205395906412,UAW International Union,"INTERNATIONAL UNION, UNITED AUTOMOBILE, AEROSPACE AND AGRICULTURAL IMPLEMENT WORKERS OF AM",358
108445584282272,Opportunity Matters Fund,Opportunity Matters Fund,355
156968474833352,Stop Republicans,Stop Republicans,354
1764306443784870,PL+US Action Fund,PLUS ACTION FUND,343
306591716448427,Cindy Axne,CINDY AXNE FOR CONGRESS,334
907919839243616,My Faith Votes,My Faith Votes,329
743016619178814,Save My Care,Save My Country Action Fund,329
1517115388513295,Iowa Secretary of State Paul Pate,Iowa Secretary of State,298
102085474606335,100% Iowa,IOWA ENVIRONMENTAL COUNCIL,258
104856814505092,The Kids Guide,The Kids Guide,237
2211536769094886,Kevin Schneider for Sheriff,Kevin Schneider for Sheriff,224
113891694102,Energy Citizens,AMERICAN PETROLEUM INSTITUTE,218
1155212867963791,AFP Action,"AMERICANS FOR PROSPERITY ACTION, INC.(AFP ACTION)",206
100591464867125,Port PAC,PROMOTING OUR REPUBLICAN TEAM PAC,200
127755494595870,Progressive Takeover,PROGRESSIVE TAKEOVER,180
110622630663443,Priorities for Iowa Political Fund,Priorities for Iowa Political Fund,176
2267285956849056,Donald Trump 2020 Fans,I Love My Freedom,174
791543660926838,"I'll go ahead and keep my guns, Thanks",2A4LIFE LLC,172
747436915270894,Congressional Leadership Fund,CONGRESSIONAL LEADERSHIP FUND,169
1556932204325823,ProgressPop,ProgressPop,162
2078647579047586,Project Pulso,Pulso,159
538868416476687,State Representative Kenan Judge,IOWA DEMOCRATIC PARTY,157
211528923644,Iowa Senate Majority,Iowa Democratic Party,153
2197543200459333,One Country Project,One Country Inc,148
165987503528599,Lindsey Graham,"TEAM GRAHAM, INC.",146
127225910653607,PragerU,PragerU,145
110018833813683,Flip the Senate,SMP,145
1872186946397585,Kelcey Brackett for Iowa House District 91,IOWA DEMOCRATIC PARTY,144
327837911149503,2A4Life,2A4LIFE LLC,136
202626512363,U.S. Census Bureau,U.S. Census Bureau,132
200650357207240,I Love My Freedom,I Love My Freedom,132
338218229911752,Integrity First PAC,INTEGRITY FIRST PAC,126
934438026690635,YouGov,YOUGOV AMERICA INC.,125
105756057589080,The Lincoln Project,The Lincoln Project,125
100137754724934,Trump 2020 Supporters,Proud Right Winger,123
101279451606075,Democratic Strategy Institute,Democratic Strategy Institute,122
20787991568,Senate Democrats,DSCC,122
105732744375701,Steve Bullock,MONTANANS FOR BULLOCK,118
103983379801,Texas Democratic Party,SUPER STATES 2020,114
96935476345,Democratic Governors Association (DGA),Democratic Governors Association,113
103644036958,United Association,United Association Political Education Committee,112
125649561365522,J.D. Scholten,SCHOLTEN4IOWA CAMPAIGN COMMITTEE,111
140357056032320,NEA Today,National Education Association,111
33713453361,Amazon Prime Video,Amazon Prime Video,111
112325855474892,Speak Up For Education and Kids,National Education Association,110
1562375474035410,State Representative Heather Matson,IOWA DEMOCRATIC PARTY,109
342294162453301,Planned Parenthood,Planned Parenthood Federation of America,108
1665010347097849,Andrea Phillips for Iowa House,IOWA DEMOCRATIC PARTY,107
18982436812,ACLU,American Civil Liberties Union,105
328853823844484,Balance of Power,Balance of Power,105
308212259827797,Rep. Abby Finkenauer,Rep. Abby Finkenauer,103
5644748986,National Wildlife Federation,NATIONAL WILDLIFE FEDERATION,≤100
830121337093232,National Democratic Training Committee,NATIONAL DEMOCRATIC TRAINING COMMITTEE PAC,≤100
103829304786223,Steve Hansen for Iowa House,IOWA DEMOCRATIC PARTY,≤100
100517105076564,Shining Lifetime,Daniel Vasquez,≤100
2352630938293825,Mytacticalpromos,Entremax,≤100
169782346711431,Dan Dawson for State Senate,Dan Dawson for State Senate,≤100
1449461518652183,4Patriots,4Patriots LLC,≤100
105577974544303,The USA Needs More Patriots,AmeriPolling,≤100
215277988614032,Iowa Insurance Division,Iowa Insurance Division,≤100
1316372698453411,Alexandria Ocasio-Cortez,Alexandria Ocasio-Cortez for Congress,≤100
408250066356,Bill O'Reilly,"Bill Me, Inc.",≤100
101540014888269,Scott Cirksena,Committee to Elect Scott Cirksena,≤100
106788884467115,Clayton for Iowa House,IOWA DEMOCRATIC PARTY,≤100
104919517531062,Vote Yes For Fairness,Vote Yes for Fairness,≤100
105056177778543,Tim Goodwin for Iowa Senate,GOODWIN4SENATE,≤100
1673120782936548,Waylon Brown for State Senate,Waylon Brown for State Senate,≤100
18813753280,Human Rights Campaign,"HUMAN RIGHTS CAMPAIGN, INC",≤100
726895597447637,Jeff Edler for State Senate,Jeff Edler for State Senate,≤100
85452072376,Newsmax,Newsmax Media,≤100
106663044307859,Mike Sievert,"T-MOBILE USA, INC.",≤100
717115395103069,PrintedKicks,Printed Kicks,≤100
104614641200137,MeidasTouch,MEIDASTOUCH,≤100
102027668093015,Klimesh For Senate 28,Friends for Klimesh,≤100
100416321580480,Jesse Green,Citizens for Jesse Green,≤100
203197030603239,8 Billion Trees,8 Billion Trees,≤100
21626828809,American Council on Renewable Energy (ACORE),AMERICAN COUNCIL ON RENEWABLE ENERGY,≤100
519395108114286,Lofgren For Iowa,Team Lofgren,≤100
7833534974,Florida Democratic Party,Florida Democratic Party,≤100
92925746942,Judicial Watch,Judicial Watch,≤100
1765033567057615,Full Frontal with Samantha Bee,WarnerMedia LLC,≤100
158791100909689,Concerned Veterans for America,Concerned Veterans for America,≤100
24413227922,Kamala Harris,BIDEN VICTORY FUND,≤100
113434696717626,Driscoll for State Senate,Dawn Driscoll for State Senate,≤100
176789922364429,Steve Daines,STEVE DAINES FOR MONTANA,≤100
51405613519,Focus on the Family,Focus on the Family,≤100
102026834835226,Jennifer Kakert for Iowa House,IOWA DEMOCRATIC PARTY,≤100
314499212242,Pfizer,Pfizer Inc.,≤100
983593474989913,Craig Johnson for Iowa,Johnson for Iowa,≤100
346937065399354,Occupy Democrats,Omar Rivero,≤100
107210084216238,Humanity Forward,Humanity Forward,≤100
259130650776119,Mitch McConnell,MCCONNELL SENATE COMMITTEE,≤100
242077219243971,The Presidential Coalition,The Presidential Coalition,≤100
1883837055193241,Shield Republic,Shield Republic,≤100
428821014132730,Katie Porter,Katie Porter For Congress,≤100
2353537341582545,Proud Patriots,Proud Patriots,≤100
9324910069,NRSC,NRSC,≤100
106323360959211,Patriots Republic,Matthew James Stine,≤100
168051710543266,Lacy Johnson,Lacy Johnson for Congress,≤100
102671331487937,I Love My Freedom Store,I Love My Freedom,≤100
16477459734,League of Conservation Voters,"LEAGUE OF CONSERVATION VOTERS, INC",≤100
201767633915117,Kayla for Iowa,IOWA DEMOCRATIC PARTY,≤100
1061240530648502,Joe Collins,JOE COLLINS FOR CONGRESS,≤100
114370463651074,Iowa Land & Liberty Coalition,Land & Liberty Coalition,≤100
338028696036,Yahoo News,Verizon Media Inc,≤100
101460394643345,Jen Pellant for Iowa House,IOWA DEMOCRATIC PARTY,≤100
1374134752633656,New Health Plans,Shop Insurance Plans,≤100
109379100777665,Patriotism Isn't Dead,Patriot Polling,≤100
114710126648118,Republican Dogs,Republican Dogs,≤100
482092425458916,Phil Miller for Iowa House,IOWA DEMOCRATIC PARTY,≤100
223008867858902,American Action News,American Action News,≤100
602714436529710,End Citizens United,END CITIZENS UNITED,≤100
461204744067686,Family Protection Association,Family Protection Association,≤100
219612384781411,Bloomberg Philanthropies,Bloomberg Philanthropies,≤100
74100576336,Facebook for Business,"Facebook, Inc.",≤100
105475934381876,Sue Cahill for Iowa House,IOWA DEMOCRATIC PARTY,≤100
203304763647715,IFC PAC,IFC PAC,≤100
15239367801,The Wilderness Society,"WILDERNESS SOCIETY, THE",≤100
114009933764548,The Patriot Club,RightWingGear,≤100
42002969352,Center on Budget and Policy Priorities,Center on Budget and Policy Priorities,≤100
100256754899828,Patriot's Cave,Patriots Cave,≤100
95181800661,Levi's,Levi's®,≤100
106224464107240,Jo Jorgensen,Jo Jorgensen for President,≤100
278490715553293,Martha McSally,MCSALLY FOR SENATE INC,≤100
111297320714425,RootsAction: MW Voter Project,RootsAction Education Fund,≤100
103597604713894,Team Trump Store,TRUMP MAKE AMERICA GREAT AGAIN COMMITTEE,≤100
350914689303,AARP Iowa,AARP,≤100
96935476345,Democratic Governors Association (DGA),DEMOCRATIC ACTION,≤100
2410084349217985,Living Facts,"Living Facts, an initiative of The Pew Charitable Trusts",≤100
8501031021,VoteVets.org,VOTEVETS,≤100
159964696102,Kevin McCarthy,KEVIN MCCARTHY FOR CONGRESS,≤100
105707511217866,Communities Joining Hands,Elena Zhan,≤100
894096170667732,Ashley Hinson,Ashley Hinson For Congress,≤100
1628922377207463,Randy Feenstra,FEENSTRA FOR CONGRESS,≤100
530604487365010,Old Glory Flagpole Kits,Service First,≤100
107589664099282,Stand Up To China,"Stand Up To China, Inc.",≤100
213792049451918,Stand For America,Stand For America Inc,≤100
101332721581964,Kevin McCormick for Woodbury County Supervisor,The People for McCormick,≤100
872842866161157,One Nation Design,One Nation Design,≤100
329265440811860,"Dave Williams, Iowa House",IOWA DEMOCRATIC PARTY,≤100
679171239164792,Supermajority,"Supermajority PAC, https://supermajority.com/pac/. Not authorized by any candidate or candidate's committee.",≤100
108109934203874,Insta Shop Boutique,Insta Shop Boutique,≤100
530604487365010,Old Glory Flagpole Kits,Service First Flag Poles,≤100
305832706292882,American Gun Association,GunAssociation.org,≤100
104224114671958,Energy For Progress,The American Petroleum Institute,≤100
105577974544303,The USA Needs More Patriots,Anthony Alexander Morales,≤100
109092142462587,Adam Schiff,SCHIFF FOR CONGRESS,≤100
327120867486483,SEAL PAC,SEAL PAC SUPPORTING ELECTING AMERICAN LEADERS PAC,≤100
481559282597914,TrumpersUnite,Respect The Look,≤100
560140464159364,Stand for the 2nd Amendment,SFT2 Tactical Supply,≤100
1528980567353817,Love Has No Labels,Love Has No Labels with Facebook Ad Credits,≤100
101894128312659,My President,wowengraving,≤100
6204742571,Sierra Club,SIERRA CLUB,≤100
95356211637,Ben Ferguson,Ben Ferguson show,≤100
1635441679872518,Kimberly Klacik,Kim Klacik for Congress,≤100
853381821706104,Rep. Andy McKean,IOWA DEMOCRATIC PARTY,≤100
203805062990264,Ben Shapiro,The Daily Wire,≤100
892673067526965,Project War Path,Project War Path,≤100
834645469890446,Devin Nunes,DEVIN NUNES CAMPAIGN COMMITTEE,≤100
5435784683,Greenpeace USA,"GREENPEACE, INC.",≤100
102203241508782,Jodi Grover for Iowa,IOWA DEMOCRATIC PARTY,≤100
1401617430144310,Jack Whitver,Friends of Whitver,≤100
115985765081573,Campaign Legal Center,"CAMPAIGN LEGAL CENTER, INC, THE",≤100
1419388578092947,Anna Paulina Luna,ANNA PAULINA LUNA FOR CONGRESS,≤100
279201999287923,Jeff Reichman for Iowa Senate,Reichman for Senate,≤100
1320005784826065,Dora Villarreal for State's Attorney,Friends of Dora Villarreal,≤100
46093654473,National Republican Congressional Committee,NRCC,≤100
129278807814364,Women of Welcome,Welcome.,≤100
397603163976566,Trelka for Sheriff,Daniel Joseph Trelka,≤100
605168822998856,314 Action,314 ACTION FUND,≤100
861763407214745,NextGen Iowa,NEXTGEN CLIMATE ACTION COMMITTEE,≤100
106973694007283,Keep America Great Again,KagaGear.com,≤100
238880622805910,Iowa Bankers Association,Iowa Bankers Association,≤100
167586229923327,World Food Program USA,World Food Program USA,≤100
665345483483486,NRA - National Rifle Association of America,NATIONAL RIFLE ASSN OF AMERICA,≤100
25386624963,Iowa Farm Bureau,IOWA FARM BUREAU FEDERATION,≤100
10128918116,Gavin Newsom,NEWSOM FOR CALIFORNIA GOVERNOR 2022,≤100
111892670610842,Political AF,wowengraving,≤100
106244251043808,Reuse Plastics,"AMERICAN CHEMISTRY COUNCIL, INC.",≤100
643463669628493,Public Opinion Research Group,"Public Opinion Research Group, Inc",≤100
130467958471,Jason Lewis,Jason Lewis for Senate,≤100
462383897132354,State Representative Todd Prichard,IOWA DEMOCRATIC PARTY,≤100
15524934075,Banana Republic,Banana Republic,≤100
192015461630968,Supporting Our Brave Veterans,James Brian Plouf,≤100
163148530407080,Captain Mark Kelly,MARK KELLY FOR SENATE,≤100
598924810530984,Keeping America Great,FamTeeWorld,≤100
103911824657671,Health Insurance,Michael Melen,≤100
19192438096,AAAS - The American Association for the Advancement of Science,American Association for the Advancement of Science,≤100
212088454972,Zaun for Senate,Brad Zaun for State Senate,≤100
629732217415068,Republican Party,Greater Half,≤100
7263476274,Mercy Corps,Mercy Corps,≤100
1610834479233860,Fight For Reform,End Citizens United Non-federal,≤100
355316521236121,John Cornyn,TEXANS FOR SENATOR JOHN CORNYN INC.,≤100
102458698265192,Peace At Home,Calvin Quang Nguyen,≤100
405469100189512,Still My President - Donald Trump,Red State Politics LLC,≤100
101127364972509,Dems For USA,Dems For USA,≤100
132492254050920,American AF,AAF Nation,≤100
103404957668303,"Raquel Moore-Green, Representative HD19",Friends of Raquel Moore-Green,≤100
1109093812491437,Blaze Media,Blaze Media LLC,≤100
111428049989,Cal Cunningham,CAL FOR NC,≤100
443329669123990,USAFacts,USAFacts Institute,≤100
1600352356914768,PushBlack,PushBlack,≤100
10150100007820094,Wendy Davis,WENDY DAVIS FOR CONGRESS,≤100
784345828441799,Christian Andrews,IOWA DEMOCRATIC PARTY,≤100
8325302025,Friends of the Earth U.S.,Friends of the Earth,≤100
681745912255844,John Cummings for Congress,CUMMINGS FOR CONGRESS,≤100
206764862688643,Child and Family Policy Center,CHILD & FAMILY POLICY CENTER INC,≤100
100926135067368,Defend Your Police,Defend Your Police,≤100
8934429638,Planned Parenthood Action,Planned Parenthood Action Fund,≤100
112114435501106,Hugh Hewitt,Salem Media,≤100
277005566267077,Blueland,Blueland,≤100
350784278974539,Turning Point Action,Turning Point Action,≤100
108887234228597,Hans Erickson,Erickson for Iowa,≤100
23489729942,Mike Gallagher,Salem Media,≤100
14440196673,Teamsters,INTERNATIONAL BROTHERHOOD OF TEAMSTERS,≤100
505653766599222,America First with Dr. Sebastian Gorka,Salem Media,≤100
101591551371555,Fire Mitch. Save America.,SAVE AMERICA FUND,≤100
12503116997,Dennis Prager,Salem Media,≤100
6165653060,AFSCME,AMERICAN FEDERATION OF STATE COUNTY & MUNICIPAL EMPLOYEES,≤100
23875187730,Feeding America,Feeding America,≤100
349140091766299,"Our Faith, Our Children, Our Future School Tuition Organization","Our Faith, Our Children, Our Future School Tuition Organization",≤100
393932827634250,Dissent Pins,Common Practice,≤100
198181627555043,Iowa Local News - News Break,These ads ran without a disclaimer,≤100
76625396025,CDC,U.S. Centers for Disease Control and Prevention with Facebook Ad Credits,≤100
596556607135301,The Earthling Co.,The Earthling Co.,≤100
309308412520731,Sandy Hook Promise,Sandy Hook Promise,≤100
109111900634787,Reverend Raphael Warnock,WARNOCK FOR GEORGIA,≤100
113676922032321,Larry Elder,Salem Media,≤100
737686089933715,Conservative Collections,Mainline Media Group,≤100
106165239414363,Campaign Headquarters,Campaign Headquarters,≤100
113238287134755,"American Target Advertising, Inc.",The Conservative Caucus,≤100
479971908731157,NAMI IOWA,NAMI Iowa,≤100
1107973016071967,Wesley Hunt,Hunt for Congress,≤100
1136781033034012,Brave New Look,Brave New Look,≤100
2330577043935831,Sara Gideon,SARA GIDEON FOR MAINE,≤100
109984394118472,Mask Exemption Cards,Mask Exemption Cards,≤100
1456310534453054,Veteran Loans Online,"LMB OpCo, LLC",≤100
1447994318779650,AirMedCare Network,AIrMedCare Network,≤100
1976008589291911,Beck for Scott County Supervisor,Ken Beck For County Supervisor,≤100
360331417751529,Rachel's Action Network,Rachel's Action Network,≤100
373814729643508,Let America Vote,LET AMERICA VOTE PAC,≤100
104351147973521,BLM Store,www.BLM.store,≤100
107037332686173,Michelle Fischbach for Congress,FISCHBACH FOR CONGRESS,≤100
1194865807192273,Conservative Gear,Outergoods LLC,≤100
35169196082,Project HOPE,"PROJECT HOPE-THE PEOPLE-TO-PEOPLE HEALTH FOUNDATION, INC.",≤100
195530355493,Chicks On The Right,Chicks on the Right,≤100
105084617912738,PatriotQuizzes,patriotquizzes.com,≤100
6041057841,The Humane Society of the United States,"HUMANE SOCIETY OF THE UNITED STATES, THE",≤100
103075334816156,UFCW Votes,UNITED FOOD AND COMMERCIAL WORKERS INTERNATIONAL UNION,≤100
57259033959,AARP,AARP,≤100
100613871612784,Clark for Iowa,Craig Alan Clark,≤100
223055747744143,Beto O'Rourke,Powered By People,≤100
2012750189007245,Liquid Death Mountain Water,Liquid Death,≤100
5720973755,Defenders of Wildlife,DEFENDERS OF WILDLIFE,≤100
2019228981443626,She the People,She The People,≤100
1338822066131069,Women's March,Women's March,≤100
108118933908193,Next Level Goods,Next Level Goods LLC,≤100
206743952696198,Lower My Bills,"LMB OpCo, LLC",≤100
514193775271504,Iowa Gun Owners,Iowa Gun Owners,≤100
1439690449670855,Chris Schwartz-Black Hawk County Supervisor,Schwartz for Supervisor,≤100
376776419037747,Turning Point USA,Turning Point USA,≤100
7292655492,MoveOn,MOVEON.ORG POLITICAL ACTION,≤100
108557097612242,Vote By Mail PAC,Vote By Mail PAC,≤100
197760674021143,Indivisible Guide,INDIVISIBLE ACTION,≤100
593289284500311,Trump Rack,BOXD Marketing,≤100
159575541165,United Way Bay Area,UNITED WAY OF THE BAY AREA,≤100
49651563727,Live Action,Live Action,≤100
100170524856374,Evangelical Resistance,Patrick John Kahnke,≤100
111393882812494,Amy McGrath,"AMY MCGRATH FOR SENATE, INC.",≤100
309798029121030,Everytown for Gun Safety,Everytown for Gun Safety Action Fund Inc,≤100
38235851310,USA for UNHCR,UNITED STATES ASSOCIATION FOR UNHCR,≤100
103026384819654,How to Vote,ACRONYM,≤100
345378512258813,Elise Stefanik,ELISE FOR CONGRESS,≤100
113666459994300,Big Dan Rodimer for Congress,RODIMER FOR CONGRESS,≤100
788394134539871,USPS Business,United States Postal Service,≤100
926650430723985,Really American,REALLY AMERICAN PAC,≤100
60449667441,Family Research Council,FAMILY RESEARCH COUNCIL,≤100
199756330090514,Solar United Neighbors,Solar United Neighbors,≤100
406456986070332,Matt Gaetz,Friends of Matt Gaetz,≤100
493811210669780,Creative Action Network,Creative Action Network,≤100
6231686654,Compassion International,"COMPASSION INTERNATIONAL, INCORPORATED",≤100
45393753416,Alliance Defending Freedom,Alliance Defending Freedom,≤100
209516845093,NRDC Action Fund,NRDC Action Fund,≤100
2037695643113766,Blexit,Blexit Foundation,≤100
102745147891580,Trump Coolers,Trump Coolers,≤100
101769576791,Health Action Network,Health Action Network,≤100
53674651369,Susan B. Anthony List,Susan B. Anthony List,≤100
293225127381200,Patriot Depot,The Patriot Depot,≤100
1836138529938551,Greater Half,Greater Half,≤100
1204754733024419,People's Power Grab,ACRONYM,≤100
1415269502052075,Iowa Rural Power,Iowa Rural Power,≤100
30708742052,FCTRY,FCTRY,≤100
104027944769027,Proud Patriot Shop,The GOP Shop,≤100
1683659714985244,Phil Ehr,EHR FOR CONGRESS,≤100
107109947803536,Analyzing America,Gregory Lawrence Burright,≤100
15771560300,Earthjustice,EARTHJUSTICE,≤100
106667854471975,Outspoken,Log Cabin Republicans,≤100
114646533630729,Yes. Every Kid.,"yes. every kid, Inc.",≤100
277414242013,Joyce Elliott for Congress,JOYCE ELLIOTT FOR CONGRESS,≤100
21559454473,FAIR,FEDERATION FOR AMERICAN IMMIGRATION REFORM,≤100
8492293163,Environmental Defense Fund,Environmental Defense Fund,≤100
585942765164217,Elect Democratic Women,ELECT DEMOCRATIC WOMEN,≤100
166623896739812,Citizens United Political Victory Fund,Citizens United Political Victory Fund,≤100
15687409793,World Wildlife Fund,World Wildlife Fund,≤100
103280727809641,Iowa Field Report,"Field Report Media, llc",≤100
104027944769027,Proud Patriot Shop,Georgia Rose Benoit,≤100
84206511914,MN AFL-CIO,Minnesota AFL-CIO Politcal Fund,≤100
102758584840182,Jon Jacobsen for Iowa House,Jacobsen For Iowa House,≤100
96171427550,Raja for Congress,FRIENDS OF RAJA FOR CONGRESS,≤100
104099074492299,Derrick Van Orden,VAN ORDEN FOR CONGRESS,≤100
1799282383731277,TwoSeventy,Alexander Jared Deutsch,≤100
2309566456030859,Human Coalition Action,Human Coalition Action,≤100
102875587947942,Keep Trump In Office,Keep Trump In Office,≤100
215199482635728,Alek Skarlatos,ALEK FOR OREGON,≤100
266344180585578,Jim Jordan for Congress,JIM JORDAN FOR CONGRESS,≤100
414136195327609,Mary Gaskill,IOWA DEMOCRATIC PARTY,≤100
112379033637172,Athletes Unlimited,These ads ran without a disclaimer,≤100
1336293769761923,Jon Ossoff,JON OSSOFF FOR SENATE,≤100
429812024048177,Doug Jones for Senate,DOUG JONES FOR SENATE COMMITTEE,≤100
1438808983108348,BOLD PAC,CHC BOLD PAC,≤100
10423517786,Harvard Business Review,HARVARD BUSINESS SCHOOL PUBLISHING CORPORATION,≤100
433919203362871,Bird + Stone,BIRD & STONE INC,≤100
27544763621,Prison Fellowship,Prison Fellowship,≤100
6820348410,Kirsten Gillibrand,Off the Sidelines,≤100
114475890010131,Piggy Dollar Financial,Tyler Wayne Hedland,≤100
102579318191600,No Justice No Peace,NO JUSTICE NO PEACE PAC,≤100
11653741889,Ad Council,Ad Council with Facebook Ad Credits,≤100
110263337470423,The Accountability Project,Joseph Philip Arena,≤100
2256321067930356,Liberteeclub,libertyteeshop,≤100
700558280309875,Sootchy App,Sootchy Inc,≤100
803954333338549,Rhonda Martin for Iowa Senate,Friends of Rhonda Martin,≤100
118502801658228,Young Kim,Young Kim for Congress,≤100
496696933682736,Jeff Merkley,JEFF MERKLEY FOR OREGON,≤100
1055873511190792,Hello Resistance,Hello Resistance Apparel,≤100
1900853040223913,Count All Kids,Partnership for America's Children with Facebook Ad Credits,≤100
102617961152741,Barbara Bollier,BOLLIER FOR KANSAS,≤100
1084856268238034,Trump Talking,Roberto None Lugo,≤100
153278754738777,Climate Reality,The Climate Reality Project,≤100
107654924064350,Pat Timmons-Goodson,PATRICIA TIMMONS-GOODSON FOR CONGRESS,≤100
59386210330,American Lung Association,AMERICAN LUNG ASSOCIATION,≤100
21472760578,C-SPAN,C-SPAN,≤100
6333396177,NewsBusters.org,MEDIA RESEARCH CENTER,≤100
420785874975425,Conservative Institute,The Conservative Institute,≤100
592707041080920,Stand Together,Stand Together Chamber of Commerce Inc.,≤100
12683623041,Society for Human Resource Management (SHRM),SOCIETY FOR HUMAN RESOURCE MANAGEMENT,≤100
1088950287806118,Climate Hustle 2,CFACT,≤100
51761261956,The Bill of Rights Institute,"BILL OF RIGHTS INSTITUTE, THE",≤100
109186244232765,The Liberty Club,Cindy None Dao,≤100
216665815526135,State Representative Karin Derry,State Representative Karin Derry,≤100
828902563856302,Chuck Schumer D-NY,FRIENDS OF SCHUMER,≤100
14673807622,Wisconsin Conservation Voters,Wisconsin Conservation Voters Independent Expenditure Committee,≤100
612701059241880,Latinos for Trump,"DONALD J. TRUMP FOR PRESIDENT, INC.",≤100
319982881752525,Kara Eastman,EASTMAN FOR CONGRESS,≤100
115024746010017,MediaWise,MediaWise,≤100
352527958302,Israel on Campus Coalition,Israel on Campus Coalition,≤100
125122999038584,Conyers' Creations,Alex Conyers,≤100
216709768355686,Dinesh D'Souza,America2020 Film LLC,≤100
102137374563260,Confide in American Pride,John Allen Franson,≤100
102470591464810,Steve O'Rourke-Story County Supervisor,Smmore,≤100
105269984593079,The Way I See It,Focus Features,≤100
354716314909000,Swing Left,Swing Left,≤100
142370046577999,Shahid Buttar for Congress,Shahid Buttar for Congress Committee,≤100
105829564471772,Patriots Stand Together,Trizzie Truong,≤100
110010433804232,Falkirk Center,Falkirk Center,≤100
20876805343,March of Dimes,MARCH OF DIMES INC.,≤100
396542850837611,Declaration for American Democracy,"PUBLIC CITIZEN FOUNDATION, INC.",≤100
116238930177726,Artsiful,Brad Aaron Shaw,≤100
6713653788,Gary Peters,PETERS FOR MICHIGAN,≤100
158606540972746,Bremer County Democrats,Bremer County Democratic Central Committee,≤100
114706500076362,Jazmin Newton,Friends of Jazmin Newton,≤100
163302087408673,Stop The Donald,Stop the Donald,≤100
291102898490822,Giant Maga Hat,Inventors club LLC,≤100
166471303706,OkCupid,"MATCH GROUP, LLC",≤100
331037760381749,Sierra Magazine,SIERRA CLUB,≤100
808450969246896,"Rebecca Walser, Tax Attorney, CFP",Walser Wealth Management,≤100
103185334702225,Stop Trump PAC,STOP 45 PAC,≤100
102592959026,Ocean Conservancy,"OCEAN CONSERVANCY, INC.",≤100
105010030848236,Bryant Cameron Webb,DR. CAMERON WEBB FOR CONGRESS,≤100
11791104453,NRDC,Natural Resources Defense Council,≤100
7292655492,MoveOn,MOVEON.ORG CIVIC ACTION,≤100
201767633915117,Kayla for Iowa,Kayla Koether for Iowa,≤100
17911165812,Covenant House International,Covenant House,≤100
676841686046073,Bring Our Troops Home,Bring Our Troops Home,≤100
46347342434,EMILY's List,EMILY'S LIST,≤100
109947294143213,Republicanstorefront,Republicanstorefront.com,≤100
419237048158257,Susan Collins,COLLINS FOR SENATOR,≤100
700806360047982,CFG Action,Club for Growth Action,≤100
193618220508,LIFE Today,LIFE Outreach International,≤100
119006106155684,PI Energy,Andrew P Chung,≤100
1681120172099567,Libertarian Candidates,Ryan Allen Raymond,≤100
25852730092,Care2,Care2 Inc,≤100
143588290234,Siouxland Chamber of Commerce,Siouxland Chamber of Commerce,≤100
34362997676,United States Holocaust Memorial Museum,UNITED STATES HOLOCAUST MEMORIAL MUSEUM,≤100
20395377020,Old Navy,Old Navy LLC,≤100
6787988478,Physicians for Human Rights,"PHYSICIANS FOR HUMAN RIGHTS, INC.",≤100
101389638205012,Vance4Sheriff,Committee to Elect Vance Sheriff,≤100
219247332354785,Phil Arballo for Congress,ARBALLO FOR CONGRESS,≤100
8047221596,Save the Children US,"SAVE THE CHILDREN FEDERATION, INC.",≤100
151525932186806,When Democrats Turn Out,WHEN DEMOCRATS TURN OUT PAC,≤100
69983322463,Ted Cruz,TED CRUZ FOR SENATE,≤100
6236054211,Brady,Brady Campaign to Prevent Gun Violence,≤100
711478725532801,Civiqs,Civiqs,≤100
971668776283950,PolicyEd,Hoover Institution,≤100
24330467048,Americans for Prosperity,AMERICANS FOR PROSPERITY,≤100
1530883997194411,United States Constitution,Flag and Cross,≤100
175797376373,"WaterFurnace Geothermal Heating, Cooling & Hot Water","WATERFURNACE INTERNATIONAL, INC.",≤100
8550121410,Free Speech America Project,MEDIA RESEARCH CENTER,≤100
6756153498,Mike Bloomberg,Mike Bloomberg,≤100
911828698840246,ReLEntless Defender Apparel,ReLEntless Defender Apparel,≤100
317284821682168,Messianic Jewish Alliance of America (MJAA),Messianic Jewish Alliance of America,≤100
236369846383459,Congressional Black Caucus PAC,Congressional Black Caucus PAC,≤100
100696128366533,Compare-HealthPlans.com,Darius Alexander Mcdougle,≤100
160513344045084,John Neely Kennedy,"John Kennedy for Us, Inc",≤100
19972147679,SEIU,SEIU,≤100
7976226799,The Daily Show,Comedy Central,≤100
102564128179023,Truth to Power,TRUTH TO POWER,≤100
227764782729,AMERICAN - STRONG!,American Strong LLC,≤100
258470931719484,The Why Minutes,The Why Minutes,≤100
70874333603,CatholicVote,CatholicVote,≤100
108180206470137,Iowans for Wind and Solar,270 Strategies,≤100
210333902420876,Sean Parnell,AMERICANS FOR PARNELL COMMITTEE,≤100
332803374044043,Chris Bubser for Congress,CHRIS BUBSER FOR CONGRESS,≤100
123651254408327,Sokolove Law,"Sokolove Law, LLC",≤100
90498769709,Edenpure,EdenPURE®,≤100
702582586516561,CBN Israel,"The Christian Broadcasting Network, Inc.",≤100
1553558311617419,People United for Privacy,People United for Privacy,≤100
106492680901887,Friends of Sean Hanley,Sean Bruce Hanley,≤100
342887442508723,Convention of States,Convention of States Action,≤100
111023584012681,Open Road Homeward,Samantha Lyn Weldon,≤100
105157841248307,No Filter Politics,No Filter Politics,≤100
112735922758892,Charlie Kirk,Charlie Kirk,≤100
456244124886097,FactSpread.org,factspread,≤100
289446947817747,Global Citizen,"GLOBAL POVERTY PROJECT, INC.",≤100
41309865723,Democrats.com,DEMOCRATS.COM,≤100
100719625004234,Home and Community,Cynthia Nguyen,≤100
143055773143383,Patients For Affordable Drugs NOW,Patients for Affordable Drugs Now,≤100
675471506247724,Adair for Congress,ADAIR FOR CONGRESS,≤100
108692310594568,UNITE HERE,UNITE HERE PAC,≤100
100699775058659,Education Now NC,Education Now,≤100
134452023239984,Human Coalition,Human Coalition,≤100
100697751658498,Stronger.org,The Public Good Projects,≤100
186070498791676,The Dude,The Dude's Designs,≤100
119705328055682,Omaha Home for Boys,Omaha Home for Boys,≤100
80987211775,Bill Cassidy,Bill Cassidy for US Senate,≤100
51533142540,Public Advocate of the U.S.,PUBLIC ADVOCATE OF THE US,≤100
10498053716,Media Research Center,MEDIA RESEARCH CENTER,≤100
1452551204988299,GoReact,Speakworks Inc,≤100
298920260604,American Heart Association - Nebraska,American Heart Association,≤100
67626834312,National Women's Law Center,National Women's Law Center,≤100
102912791151629,Ivy for Iowa,Ivy for Iowa,≤100
128167457221813,Public Transportation,Voices for Public Transit,≤100
169294473121454,Policetees.com,PoliceTees.com,≤100
241672016328637,Lauren Underwood for Congress,LAUREN UNDERWOOD FOR CONGRESS,≤100
419992651425033,Guardianes del Pueblo-Consumer Law Group,Consumer Law Group,≤100
398757490729,The National Network to End Domestic Violence,"NATIONAL NETWORK TO END DOMESTIC VIOLENCE, INC.",≤100
116546288359245,Heritage Action for America,HERITAGE ACTION FOR AMERICA,≤100
110439270638992,NE1else,Time Management LLc,≤100
60236215646,LGBTQ Victory Fund,LGBTQ VICTORY FUND,≤100
1053833861326820,John Burke,Presidential Playbook,≤100
361960287311696,Better Medicare Alliance,"Better Medicare Alliance, Inc",≤100
27311599342,Preemptive Love,Preemptive Love Coalition,≤100
74697123892,SEIU MN State Council,SEIU MN State Council,≤100
1010143499143169,Medicare Savings,"Mayo Labs, LLC",≤100
360303722260,Kathleen Williams,KATHLEEN WILLIAMS FOR MONTANA,≤100
23790541544,Democrats,DCCC,≤100
16775672689,Heartland Institute,The Heartland Institute,≤100
181924628560212,SumOfUs,SumOfUs,≤100
121067011091,Arab American Institute,Arab American Institute with Facebook Ad Credits,≤100
101894128312659,My President,Republican Nations,≤100
64742342517,Hagee Ministries,"GLOBAL EVANGELISM, INC.",≤100
51379424899,Mercy Ships,MERCY SHIPS INTERNATIONAL,≤100
201956993160690,MRCTV,MEDIA RESEARCH CENTER,≤100
315151565831,Ascension,Ascension Press,≤100
169130743498585,Tactical Pro Supply,Chad Keller,≤100
407664862957433,Ammar Campa-Najjar for Congress,AMMAR CAMPA-NAJJAR FOR CONGRESS,≤100
127821707877,YWCA USA,"YWCA OF THE USA, NATIONAL BOARD (INC)",≤100
1408626922699862,Nick Cleveland for Grundy County Board of Supervisors,Nicholas Allen Cleveland,≤100
1639580672939851,Tony McCombie,McCombie for Illinois,≤100
11111618026,Union of Concerned Scientists,"UNION OF CONCERNED SCIENTISTS, INC.",≤100
100585598043377,Intelligent Investing Tips,Intelligent Investing Resource,≤100
259212814698356,Democratic Majority for Israel,DMFI PAC,≤100
104878167964386,Patriots Together,Marijo L Schlegel,≤100
21375324480,The Heritage Foundation,HERITAGE FOUNDATION (THE),≤100
140499052681592,Bank of the West,BANK OF THE WEST,≤100
320682315508521,Kevin Dragotto for Dubuque County Auditor,Friends of Kevin Dragotto,≤100
7219151423,The Fund for American Studies (TFAS),The Fund for American Studies,≤100
85620546149,Paul Simon Public Policy Institute,Paul Simon Public Policy Institute,≤100
118269091671380,The Home T,THE HOME T,≤100
537534316395916,Students for Trump,Turning Point Action,≤100
518194348194441,RepresentUs,RepresentUs,≤100
106678860719854,Harold Youngblut,Youngblut for Iowa,≤100
746938465317981,Nuclear Matters,Nuclear Matters,≤100
152264148166020,Moms Clean Air Force,Moms Clean Air Force,≤100
7962229886,Environmental Working Group,ENVIRONMENTAL WORKING GROUP,≤100
8501031021,VoteVets.org,"VoteVets Action Fund, Inc.",≤100
32975139631,If Americans Knew,If Americans Knew,≤100
55549065733,Voto Latino,VOTO LATINO INC.,≤100
124155874263916,Participant Media,Participant Media,≤100
17203056985,Partners In Health,Partners In Health,≤100
628891490457484,Nancy Mace,Nancy Mace for Congress,≤100
7145381235,American Jewish World Service - AJWS,"AMERICAN JEWISH WORLD SERVICE, INC.",≤100
89987672959,Iowa Environmental Council,IOWA ENVIRONMENTAL COUNCIL,≤100
100501611534904,BDS is BS,BDS is BS,≤100
103645227897737,Zesty Salsa,Gabriel F Serrano,≤100
102212541306207,Self-Employed Health Insurance,GROW with MKG LLC,≤100
109481350627335,Kamal for Iowa 2020,Kamal Hammouda For Iowa House,≤100
267180743723148,National Geographic Society,National Geographic Society,≤100
1667892193505378,Hold the House,HOLD THE HOUSE PAC,≤100
304058913005378,Senior and Disabled Concerns,Senior & Disabled Concerns,≤100
514446149038714,The Iowa Standard,Jacob Adam Hall,≤100
1556582801301881,State Representative Molly Donahue,IOWA DEMOCRATIC PARTY,≤100
655065784538368,PredictIt,"PredictIt - Prediction Markets. A project of Victoria University of Wellington, PredictIt has been established to facilitate research into the way markets forecast events.",≤100
312992692102093,The Lantern Center,PRESENTATION LANTERN CENTER,≤100
100233228182981,Madison Cawthorn for Congress,CAWTHORN FOR NC,≤100
166618413413767,Jay Sekulow,American Center for Law and Justice,≤100
153678684700451,American Investment Council,AMERICAN INVESTMENT COUNCIL,≤100
105171207830752,Ryan Morrison for Iowa House,Morrison For Iowa House 2020,≤100
248181906078243,National Institute for Civil Discourse,CommonSense American,≤100
1656666204620806,The Wright Stuff Chics,The Wright Stuff Chics,≤100
112641177220237,Center News,Concealed Center,≤100
50982313030,Food & Water Watch,Food & Water Watch,≤100
112164673854264,Living Patriotically,Living Patriotically,≤100
100119981671668,Blue Senate,BLUE SENATE PAC,≤100
59877921429,Lutheran Immigration and Refugee Service,"LUTHERAN IMMIGRATION AND REFUGEE SERVICE, INC.",≤100
160630887998827,Let Them Live,Let Them Live,≤100
263210730984251,We Are Great Again Pac,WE ARE GREAT AGAIN PAC,≤100
11006419356,The Voice of the Martyrs - USA,"VOICE OF THE MARTYRS, INC., THE",≤100
149081336362,AmeriCorps VISTA,Corporation for National and Community Service,≤100
664770743730817,Dan Feehan for Congress,FRIENDS OF DAN FEEHAN,≤100
102959799834968,Diane Mitsch Bush for Colorado,DIANE FOR COLORADO CD3,≤100
131306317680000,Social Goods,"Social Goods, LLC",≤100
467804929927622,Jason Smith,JASON SMITH FOR CONGRESS,≤100
21455818797,Feed the Children,"FEED THE CHILDREN, INC.",≤100
103373224404755,Impact Slates,COLLECTIVE IMPACT PAC,≤100
324558475104607,United We Dream Action,United We Dream Action,≤100
1025055787535714,A Case for Women,A Case for Women,≤100
29697575576,Paralyzed Veterans of America,PARALYZED VETERANS OF AMERICA,≤100
950998258312654,Knowhere,"Knowhere, Inc.",≤100
123315077689118,Atria Books,Simon and Schuster,≤100
30914589895,The International Fellowship of Christians and Jews,"INTERNATIONAL FELLOWSHIP OF CHRISTIANS & JEWS, INC.",≤100
117641114435,First Aid Beauty,First Aid Beauty,≤100
1934191280189700,Health Care Voter,Health Care Voter,≤100
357554791340788,Liker,Omar Rivero,≤100
108029674299216,We The People,We The People,≤100
321088559302,Keep America Beautiful,"KEEP AMERICA BEAUTIFUL, INC.",≤100
1909465542698901,Nelson Recruiting LLC,Jessica Larea Nelson,≤100
30792325085,Bipartisan Policy Center,"BIPARTISAN POLICY CENTER, INC.",≤100
105433064492153,The Return 2020,The Return International,≤100
360424321432255,Doha Debates,Doha Debates,≤100
355316521236121,John Cornyn,Cornyn Majority Texas,≤100
101888608186192,MedicalCommunitynet,Medical Community LLC,≤100
601108943431836,The Flip Side,TFS Inc,≤100
830890360316751,Nick Hanauer,Civic Action,≤100
124530924015,Hank Gilbert,HANK GILBERT FOR CONGRESS,≤100
122894447754361,Institute for New Economic Thinking,"INSTITUTE FOR NEW ECONOMIC THINKING, THE",≤100
113553048669158,Rick Scott,TEAM RICK SCOTT,≤100
8321461609,MomsRising.org,MomsRising Together,≤100
103934071014071,Fire Drill Fridays,"GREENPEACE, INC.",≤100
175403889150682,FindLaw.com,FindLaw Consumer,≤100
154269528015922,Byron Donalds,Byron Donalds for Congress,≤100
1690071827911682,Cleancult,cleancult,≤100
455147011996099,The Ann and Phelim Scoop,The Unreported Story Society,≤100
225047548933396,Hip-Hop Political Education,Hip Hop Political Education Summit,≤100
108635370971125,Home Value Club,Isaac Mari Jata,≤100
625163578131723,Bravely Facing Tomorrow,Gregory Inwha Park,≤100
782093245218764,Qasim Rashid,RASHID FOR VA,≤100
8057376739,The Nature Conservancy,Nature Conservancy,≤100
5943727453,American Humane,American Humane,≤100
442553959494293,Pay Up Climate Polluters,Center for Climate Integrity,≤100
2081864865362439,Mike Espy,MIKE ESPY FOR SENATE CAMPAIGN COMMITTEE,≤100
142992759853421,Be A Hero,BE A HERO PAC,≤100
248306181862385,Live Lokai,LOKAI HOLDINGS LLC,≤100
19554217292,American Heart Association: You're the Cure,American Heart Association,≤100
184731548554164,PL+US,Plus Fund: Paid Leave for the United States,≤100
231154884924705,AboutTrump.org - and Biden,A MARK FOUNDATION,≤100
1048486145183452,We Testify,We Testify,≤100
35142679763,Alzheimer's Disease Research,"BRIGHTFOCUS FOUNDATION, INC. A/K/A BRIGHTFOCUS FOUNDATION",≤100
146908465839126,Carter Nordman for Iowa House,Carter Nordman for Iowa,≤100
217976018236954,OutKick,Outkick Media LLC,≤100
6851405967,CREDO Mobile,"CREDO MOBILE, INC.",≤100
6240652407,Young America's Foundation,YOUNG AMERICA'S FOUNDATION INC,≤100
102436701226752,Is It Sunday Yet?,Jarrett J Rogers,≤100
71383025128,PARIS - Guerrilla Funk Recordings,"Guerrilla Funk Recordings and Filmworks, LLC",≤100
105536127617594,The American Digest,The American Digest,≤100
234720243671779,Dubuque County Democrats,Dubuque County Democrats,≤100
1316372698453411,Alexandria Ocasio-Cortez,THE SQUAD VICTORY FUND,≤100
278487153675,Redneck Nation Clothing,Tracie Milliron Gold,≤100
137459917707,The Brookings Institution,The Brookings Institution,≤100
312208869424760,Field Team 6,Cory Cambridge Alpert,≤100
1268410219898273,Tango Tango,Tango Tango Inc,≤100
101300771722995,The Patriotic Movement,Christopher Allen Supek,≤100
105995741220700,Patriots United,Le Huu Dong Huynh,≤100
1765073800454902,Reform Austin,Reform Austin Inc.,≤100
152315634778510,UsAgainstAlzheimer’s,UsAgainstAlzheimer's,≤100
243510442756370,Justice Democrats,JUSTICE DEMOCRATS PAC,≤100
598575284137858,The Trump I Know,Wolf Rock Pictures,≤100
108543130978621,Proud American Gifts,The GOP Shop,≤100
102846434825096,Beat Abbott,Beat Abbott PAC,≤100
113222857176102,Home Auto Deals,Home Auto Deals,≤100
108281434237351,UBS Financial Services Inc.,UBS Financial Services,≤100
180308889033683,Country Lifestyle,Outergoods LLC,≤100
1678364495778606,"BJ Hoffman, Hardin County Supervisor",William John Hoffman,≤100
177820122658949,Marlin & Saltzman,Marlin & Saltzman,≤100
83290028957,Care Net,CARE NET,≤100
839110726214614,Realtors,NATIONAL ASSOCIATION OF REALTORS,≤100
1648154845427417,Doggy Do Good,Do Something Good LLC,≤100
284852861535887,C-SPAN StudentCam,NATIONAL CABLE SATELLITE CORPORATION,≤100
1234251319933440,Exclusive Apparel,The Dude's Designs,≤100
1439364926329185,Animal Matters,Animal Matters,≤100
336470580233523,Pins and Aces Golf Co.,US Craft Brands LLC,≤100
2245207372164381,Ag Disclosure,These ads ran without a disclaimer,≤100
171651620209487,Brady PAC,Brady Pac,≤100
181385265351965,Mosaic Magazine,Mosaic,≤100
109732864194443,The Patriot Warehouse,jumpapparel,≤100
1632568446971453,Boredwalk,Boredwalk,≤100
465483726908192,iVote,IVote Civic Education Fund,≤100
638673103424933,Retired Americans PAC,Retired Americans PAC,≤100
114937555342547,Seth Abramson,Macmillan Publishing,≤100
192771954102960,Jordan Sekulow,American Center for Law and Justice,≤100
160389977329803,ATTN:,ATTN: INC.,≤100
333710103706307,Giffords,GIFFORDS PAC,≤100
102439174938829,Liberty Center for God and Country,Liberty Center for God & Country,≤100
113893130439041,GenFree,Gen Free,≤100
242679302418244,Denison Forum,Denison Ministries,≤100
38471053686,Elizabeth Warren,"WARREN DEMOCRATS, INC.",≤100
15041226930,Oxfam,"OXFAM AMERICA, INC.",≤100
1536587453277219,Dr. Steve Turley,Turley Talks LLC,≤100
284946111858895,Debbie Mucarsel-Powell,DEBBIE FOR CONGRESS,≤100
112333396969405,Jim Bognet,Bognet for Congress,≤100
301228420816284,Teresa Leger Fernandez,TERESA FOR ALL,≤100
319085508164191,Affordable Pharmacy Action Network,Paid for by Pharmaceutical Care Management Association,≤100
112619620542120,Better Road Louisiana,Better Road Louisiana,≤100
2259323457517498,Abolish the Electoral College,ABOLISH THE ELECTORAL COLLEGE,≤100
111702860231554,Matt Lieberman,Matt Lieberman for Senate,≤100
101296365032242,JSquare,Jevohn Alan Miller,≤100
979720542211350,Humanize Being Black,Keyshun Quantarious Holmes,≤100
1691667177798461,Brut,Brut,≤100
90715758947,Clinton County Democrats,Clinton County Democratic Central Committee,≤100
394817334402124,2020 Trump Bill,Innovative Ecomm LLC,≤100
1733918116873254,BackWoods Mafia,Landon David Turner,≤100
143986912311328,University of Vermont Continuing and Distance Education,University of Vermont,≤100
103531607822207,Noticias para Inmigrantes,"Wise Rock Media, PBC",≤100
115364585711,Lawyers' Committee for Civil Rights Under Law,Lawyers' Committee for Civil Rights Under the Law with Facebook Ad Credits,≤100
252814820267,HIAS,HIAS,≤100
257019421075897,Cory Gardner,Cory Gardner for Senate,≤100
105455840860559,EagleRealm LLC,Eagle Realm,≤100
103232231535182,Truly Loyal Patriots,Truly Loyal Patriots,≤100
162493793737,Rick Green,Richard Arlin Green,≤100
1287861591318853,TEF Iowa,TAX EDUCATION FOUNDATION,≤100
101533684726659,You Are A Pro,Ruth Nduta Karanja,≤100
253791814655400,Doug Collins,"COLLINS FOR SENATE, INC.",≤100
156268994819596,Marc J. Bern & Partners LLP,Marc J. Bern & Partners LLP,≤100
62885664584,NARAL Pro-Choice Virginia,NARAL Pro-Choice Virginia,≤100
104916131112029,Dave Miglin for Broadlawns Board of Trustees,Miglin For Broadlawns,≤100
151297638887120,Upswell,Independent Sector,≤100
103744091462809,The Trump Closet,Kenneth Dione Keith Jr,≤100
100866921755481,Trump Patriot Tees,Have Nots Media,≤100
1801928096578092,Radical Alert,Radical Alert,≤100
884608308247144,Armadillo Hat Company,Armadillo Hat Company,≤100
160484230634663,National Urban Indian Family Coalition,National Urban Indian family Coalition with Facebook Ad Credits,≤100
142474049098533,Robert Reich,Inequality Media,≤100
1653251174924652,Fuzzu,Fuzzu,≤100
59543893235,National Constitution Center,National Constitution Center,≤100
154894841387125,Keep America American,Keep America American,≤100
514167322309353,Dan Crenshaw,Crenshaw For Congress,≤100
858414847599466,Wes Breckenridge,Wes Breckenridge for State Representative,≤100
2014519985445047,Clean Jobs Midwest,Resource Media,≤100
203197030603239,8 Billion Trees,8 Billion Trees LLC,≤100
356482637745012,Stansberry Research,Stansberry Research,≤100
165858562140,Western Resource Advocates,Western Resource Advocates,≤100
172758932738142,PhRMA,PHARMACEUTICAL RESEARCH AND MANUFACTURERS OF AMERICA,≤100
317667194946264,Ro Khanna,RO FOR CONGRESS INC,≤100
13867925345,Equality Florida,Equality Florida,≤100
100822111703317,New Optimal Greatness Close,Sun Rise Dance,≤100
1435071773455316,Daily Wire,The Daily Wire,≤100
109360297266116,Fearless Patriot,TERESA NONE OHARA-MARSH,≤100
245284549333866,ASMDSS,ASMDSS,≤100
54481362063,CassiusLife,"Interactive One, LLC",≤100
109894877501594,Steve Daines Follows The Money,DSCC,≤100
221401431386940,Pramila Jayapal,PRAMILA FOR CONGRESS,≤100
107439427661844,Accountable Tech,Accountable Tech,≤100
105481140904672,Core Prestige,Core Prestige,≤100
141692255929599,Democratic Socialists of America,DEMOCRATIC SOCIALISTS OF AMERICA INC,≤100
111324359048459,Dr. Roger Marshall,KANSANS FOR MARSHALL,≤100
114386721939978,The Made in America Store,Made In America Store,≤100
102389731274006,Shield Republic Charities,Shield Republic,≤100
104178704279594,Main St. First,Resource Media,≤100
2011452165561978,RuralOrganizing.org,RuralOrganizing.org,≤100
108512875350,The Atlas Society,The Atlas Society,≤100
5246634919,Zazzle,Zazzle Inc.,≤100
1228396643984955,Michelle Steel,Michelle Steel for Congress,≤100
135298176481584,Marine Corps Scholarship Foundation,Marine Corps Scholarship Foundation,≤100
162751361021928,Varley For Iowa,VARLEY FOR IOWA,≤100
34521916336,Brent Bozell,MEDIA RESEARCH CENTER,≤100
109698737529541,WomanKindness,WomanKindness,≤100
107953010886875,20Train.com,GEEG LLC,≤100
108419784045830,Ryan Howard for Iowa,Ryan Howard for Iowa,≤100
53541257714,The Arc of the United States,"ARC OF THE UNITED STATES, INC., THE",≤100
117513180002579,John Shallman,Target Marketing Digital,≤100
102756811269921,Fellow Americans,Fellow Americans,≤100
436865753096340,MRC Latino,MEDIA RESEARCH CENTER,≤100
101352851565699,Somos PAC,SOMOS PAC,≤100
169277310432049,"Texas Precision Optics, Inc.",Texas Precision Optics Inc,≤100
109078917443178,Independent OC,Independent OC,≤100
112388493820536,Patriots United For America,Patriots United For America,≤100
177468535761851,Cruelty Free International - United States,Cruelty Free International - United States,≤100
100235820068512,Iowa Soybean Association,Iowa Soybean Association,≤100
219224241438635,Compassion & Choices,COMPASSION & CHOICES,≤100
105925357843835,Healthy Banana,Lunch Time,≤100
281884085611820,Tedra Cobb,COMMITTEE TO ELECT TEDRA COBB,≤100
90022052772,Williams,"WILLIAMS COMPANIES, INC., THE",≤100
114885646899438,Mr. 45th,Clush,≤100
87199812705,Advocates for Youth,ADVOCATES FOR YOUTH INC,≤100
123838185676931,Quinn Nystrom for Congress,Quinn Nystrom for Congress,≤100
104012084703106,One People United PAC,One People United,≤100
2246364628908665,Uniting Missouri,Uniting Missouri,≤100
104332661254150,Vote Values,VOTE VALUES,≤100
331962060734197,Sioux Falls Free Thinkers,Dale Richmond Hemming,≤100
26006662641,Arizona Democratic Party,Arizona Democratic Party,≤100
83865976093,Truthout,TRUTHOUT,≤100
891075300950985,Pottawattamie County Democratic Party,Pottawattamie County Democrats,≤100
2212066245574161,Sarah Huckabee Sanders,St. Martin's Press,≤100
700941689954518,Defend Our Future,Defend Our Future,≤100
19342050934,Leadership Institute,LEADERSHIP INSTITUTE INC,≤100
106949844346620,Trumpian Republicans,Gregory Lawrence Burright,≤100
201248453800242,My Pay My Say,Mackinac Center for Public Policy,≤100
101295517956158,Tricia Zunker,Tricia Zunker for Wisconsin,≤100
159597424207730,David Perdue,PERDUE FOR SENATE,≤100
1640136779635989,We The People Holsters,WeThePeopleHolsters,≤100
18813753280,Human Rights Campaign,"HUMAN RIGHTS CAMPAIGN, INC.",≤100
1443127535947107,Save the Children Action Network,Samra Mahmood Khawaja,≤100
152561628240904,SEIU PA State Council,SEIU COPE (SERVICE EMPLOYEES INTERNATIONAL UNION COMMITTEE ON POLITICAL EDUCATION),≤100
162695894106234,Co-ops Vote,National Rural Electric Cooperative Association,≤100
54787697857,Ron Wyden,WYDEN FOR SENATE,≤100
235330953813701,Ty Rosburg for Crawford County Supervisor,Committee to Elect Ty Rosburg,≤100
420424547981908,In Search of Liberty,Scott Dennis Welch,≤100
19746387261,Humane Society International,Humane Society International,≤100
106204621230673,Tactical Community,Empowerment Tactics LLC,≤100
260713150211,Protect Our Winters,Protect Our Winters,≤100
323057528048557,LGBTQ Victory Institute,LGBTQ Victory Institute,≤100
124626320898336,Catholic Extension,"CATHOLIC CHURCH EXTENSION SOCIETY OF THE UNITED STATES OF AMERICA, THE",≤100
290851614930809,Combat AntiSemitism,Combat Anti-Semitism,≤100
858210161010020,Tom Malinowski for Congress,TOM MALINOWSKI FOR CONGRESS,≤100
107483911082907,Trump Footballs,"Local Guys Marketing, LLC",≤100
103922834798322,Write in Randy Jackson for Saylor Township Trustee,Joslyn Kaye Jackson,≤100
91346559231,Democratic Legislative Campaign Committee - DLCC,Democratic Legislative Campaign Committee,≤100
108797534098691,Keep Gifts Great,Adrian Choi Conger,≤100
110849485902,United Way,United Way Worldwide,≤100
104170004713256,Elect Black Democrats,THE COLLECTIVE PAC,≤100
202531447982,Jimmy Chin,Protect Our Winters,≤100
2040270322863853,Tina Smith,TINA SMITH FOR MINNESOTA,≤100
546066468753446,Black Health Matters,BLACK HEALTH MATTERS FOUNDATION INC,≤100
100632698451078,Minnesota Values,DFL Senate Caucus,≤100
1354622541311687,Dr. Kim Schrier,DR KIM SCHRIER FOR CONGRESS,≤100
795601923917961,Better Place Forests,Better Place Forests,≤100
1486604288305133,Happy Earth Apparel,Happy Earth LLC,≤100
102964924453030,Kristy Gnibus,KRISTY FOR CONGRESS,≤100
21090771700,Gun Owners of America,Gun Owners of America,≤100
85054374416,Nebraska Appleseed,NEBRASKA APPLESEED CENTER FOR LAW IN THE PUBLIC INTEREST,≤100
30139072158,CARE,CARE,≤100
1000253160054572,Cori Bush,CORI BUSH FOR CONGRESS,≤100
168379594070325,3DTrumpVision.com,3DTrumpVision.com,≤100
413004792116827,Lucky Shot,Lucky Shot USA,≤100
614134231980299,Veterans Empowered To Protect African Wildlife,VETPAW INC,≤100
103376804451432,Trending Politics,Making Web LLC,≤100
128213101272117,Sioux Falls Atheists,Dale Richmond Hemming,≤100
514649125971110,EDF Action Votes,EDF Action Votes INC,≤100
1393911800825140,OZY,OZY Media Inc,≤100
598720023670599,Jennifer Carroll Foy,Jennifer Carroll Foy for Governor,≤100
6396394069,Ron Kind,KIND FOR CONGRESS COMMITTEE,≤100
43609808159,Happy Family Organics,Happy Family Organics,≤100
5633824547,FreedomWorks,"FREEDOMWORKS, INC.",≤100
130848666099,Business Forward,Business Forward Inc.,≤100
157395124387452,Karl Helgevold,Karl Helgevold for County Supervisor Campaign,≤100
999775873528189,Stopping Socialism,The Heartland Institute,≤100
780606555331010,American Student Loan Advocate,ASLR Marketing,≤100
100401327980848,National Parents Union,National Parents Union,≤100
121626482110,Operation Smile,"OPERATION SMILE, INC.",≤100
104493631299422,Common Sense Patriots '76,Christopher Michael Eubanks,≤100
1668350569891953,Rainbow Movement,William James Ulrich,≤100
210277954204,The Young Turks,"The Young Turks, Inc.",≤100
166738743732702,All Above All Action,All Above All Action Fund,≤100
367292494407,AJC - American Jewish Committee,AMERICAN JEWISH COMMITTEE,≤100
107665644228467,Conservative Journal Review,Conservative Journal Review LLC,≤100
110828620426941,Roger Polack for Congress,ROGER FOR WISCONSIN,≤100
104241424297600,Fems for Democracy,Fems For Democracy,≤100
21492729544,Catholic Relief Services,CATHOLIC RELIEF SERVICES - UNITED STATES CONFERENCE OF CATHOLIC BISHOPS,≤100
34701792581,EWTN,Eternal Word Television Network,≤100
113110137118723,Collectible Currency,Proud Patriots,≤100
304062610300415,VozWire,Gregson E Mathe,≤100
183675225003458,Fight Colorectal Cancer,Fight Colorectal Cancer,≤100
112665503895607,It's Gonna Be YUGE,Reign Marketing LLC,≤100
72931140459,Center for Biological Diversity,"CENTER FOR BIOLOGICAL DIVERSITY, INC.",≤100
607626319739286,Black Voices for Trump,TRUMP MAKE AMERICA GREAT AGAIN COMMITTEE,≤100
201470373308396,BMO Harris Bank,BMO Harris Bank,≤100
1809715209318581,Marjorie Taylor Greene for Congress,GREENE FOR CONGRESS,≤100
370657382416,Stanley Black & Decker,"STANLEY BLACK & DECKER, INC.",≤100
1447829315468579,Protect Colorado,"Protecting Colorado's Environment, Economy, and Energy Independence",≤100
325578590837480,Protect Our Care,Sixteen Thirty Fund,≤100
375760676281438,Mermaid Straw,Mermaid Straw,≤100
1917715138510680,Follow Your Legend,Legend Bracelet,≤100
486324651440186,Plastic Bank,Erin Lillian Rand,≤100
1099478666810053,Meals For Pets,Meals for Pets,≤100
1425435377743310,Conversations with Bill Kristol,The Foundation for Constitutional Government,≤100
275304236513280,Dave Koehler for State Senate,Friends of Dave Koehler,≤100
514167322309353,Dan Crenshaw,Dan Crenshaw for Congress,≤100
109320440856128,Together Beat Hate,"Foundation to Combat Anti-Semitism, Inc.",≤100
295644160460352,Donald Trump Jr.,"Premiere Marketing, Inc.",≤100
28510612138,Uncommon Knowledge,Hoover Institution,≤100
93114332471,20/20 Research,2020 Research,≤100
113702026736466,National Parks Action Fund,National Parks Action Fund,≤100
143729616392084,Van Drew for Congress,Van Drew for Congress,≤100
107937014153581,Energized Health,John Jubilee Transformation LLC DBA Energized Health,≤100
485754644838324,Lane County Tribune,Lane County Tribune,≤100
108620667163768,For Our Future,Resource Media,≤100
105474881165649,Francesca Hong For Assembly,Friends of Francesca Hong,≤100
70995214846,Business Roundtable,Business Roundtable,≤100
48530203934,The American Alpine Club,"AMERICAN ALPINE CLUB, THE",≤100
24470472733,The Trevor Project,The Trevor Project,≤100
384557995468219,Viral Casez,Viral Casez,≤100
105561217523274,The_Dispatch,"Dispatch Media, Inc.",≤100
32582320449,CMMB,CATHOLIC MEDICAL MISSION BOARD INC,≤100
228132537208218,Tammy Duckworth,TAMMY FOR ILLINOIS,≤100
110316697328742,People of Seniors Housing,People of Seniors Housing,≤100
18709174006,National Audubon Society,"NATIONAL AUDUBON SOCIETY, INC.",≤100
1624206881186861,Lisa Blunt Rochester,LISA BLUNT ROCHESTER FOR CONGRESS,≤100
123624513983,The Western Journal,The Western Journal,≤100
156994304362574,American Bridge 21st Century,AB PAC,≤100
114517875225866,The Other 98%,OTHER 98 PERCENT ACTION,≤100
103315378108004,True Patriot Strength,LE-HUU DONG HUYNH,≤100
101164484986617,To Be Frank Show,Real News PR,≤100
1678492922390061,WorkingNation,WorkingNation,≤100
1526736227567131,TrueCoverage,True Coverage,≤100
100123544800892,Disme Coin Company,Byron Michael Laughlin,≤100
12784656483,Union Rescue Mission,Union Rescue Mission,≤100
2046092952294722,Lucy McBath for Congress,FRIENDS OF LUCY MCBATH,≤100
103131054573692,Crawfordology,Crawfordology,≤100
1640970822834351,Plaine Products,Plaine Products,≤100
801362013236497,Cities For Action,Cities For Action,≤100
374848446414965,Pollking,Benjamin Aaron Perlman,≤100
151757038879920,Alyse Galvin for Congress 2020,ALYSE FOR ALASKA,≤100
105882964535390,Cats Against Trump,Cats Against Trump,≤100
180958268679575,Chris Brase for Iowa Senate,Chris Edward Brase,≤100
103979520737,WildCare,WILDCARE TERWILLIGER NATURE EDUCATION & WILDLIFE REHABILITATION,≤100
55708608675,RAND Corporation,"RAND CORPORATION, THE",≤100
194413290579640,Wisconsin Assembly Democrats,Assembly Democratic Campaign Committee,≤100
318576225387055,Be Woke.Vote,Darrick Robert Angelone,≤100
200224630053159,Ben McAdams,FRIENDS OF BEN MCADAMS,≤100
215281808519580,Random House,Penguin Random House LLC,≤100
103046977892124,Adam Christensen For Congress,ADAM J CHRISTENSEN FOR CONGRESS,≤100
711909245654048,National Police Support Fund,National Police Support Fund,≤100
104038541334426,BailoutWatch,Climate Nexus,≤100
313788135730191,Sioux Falls Scientists,Dale Richmond Hemming,≤100
1413682351987764,Andy Kim for Congress,ANDY KIM FOR CONGRESS,≤100
179909895355213,AIDS United,AIDS UNITED,≤100
102161004838994,Melissa Gould for Judge,Melissa Gould for Judge,≤100
109774654107757,Sauucee,Sauucee,≤100
305582576628746,Giant China Buffet,In Chai,≤100
106968690805026,Sima for Texas,SIMA FOR TEXAS,≤100
12301006942,Democratic Party,DNC SERVICES CORP./DEM. NAT'L COMMITTEE,≤100
101136147910784,Represent Justice,Represent Justice,≤100
102750021183412,Justice U,Altus Solutions Inc,≤100
263878310977179,Senator Pete Flores,Pete Flores Campaign,≤100
181183059253295,Dorsal Bracelets,Dorsal Bracelets,≤100
148789241860673,Scuf Gaming,These ads ran without a disclaimer,≤100
112254017245488,Citizens for a Better NC Senate,Citizens for a Better NC Senate,≤100
111111360297173,Meg Loughran Cappel For IL State Senate 49th,Committee to Elect Meg Loughran Cappel,≤100
109259090549237,Yes on National Popular Vote,Yes on National Popular Vote,≤100
1629925673968109,Refuse Fascism,Refuse Fascism,≤100
73970658023,International Rescue Committee,International Rescue Committee,≤100
79125112926,Students for Life of America,"STUDENTS FOR LIFE OF AMERICA, INC.",≤100
110962313941403,Vote from Home 2020,PEOPLE FOR GOVERNMENT PAC,≤100
58158120046,ACLJ,American Center for Law and Justice,≤100
5457479962,Diabetes Daily,Thrivable,≤100
2133130356918764,Common Justice,COMMON JUSTICE INC,≤100
2339203789732156,Kim Mangone for Congress,COMMITTEE TO ELECT KIM MANGONE FOR CONGRESS,≤100
299907453682524,American Legacy Center,American Legacy Center,≤100
174046949421616,Phenomenal Woman Action Campaign,Phenomenal Woman Action Campaign,≤100
1438882392887793,ADF Church Alliance,Alliance Defending Freedom,≤100
113727065348980,Wisconsin Budget Project,Kids Forward,≤100
101252258324890,The Con,Abramorama Inc.,≤100
100645541728080,Blue America Project,BLUE AMERICA PROJECT,≤100
146211696845,University of Pennsylvania Carey Law School,University of Pennsylvania Carey Law School,≤100
836826976517252,International Christian Embassy Jerusalem - USA,"International Christian Embassy Jerusalem - USA, Inc.",≤100
646594582623475,Republican Nations,wowengraving,≤100
396797904276629,Hoffman For Waverly,Adam Paul Hoffman,≤100
839073729808623,Hillary Scholten,SCHOLTEN FOR CONGRESS,≤100
50711561090,Muslim Advocates,MUSLIM ADVOCATES,≤100
21834534343,Volunteers of America,"VOLUNTEERS OF AMERICA, INC.",≤100
6355071377,American Cancer Society Cancer Action Network - ACS CAN,AMERICAN CANCER SOCIETY CANCER ACTION NETWORK INC,≤100
266114353867,Jeff Weninger,Weninger For AZ House,≤100
149366465128820,Nicole Galloway,Nicole Galloway for Missouri,≤100
953113491536337,Black to the Future Action Fund,Black to the Future Action Fund,≤100
104881317722736,Get-It-Out,Matthew Justin Viles,≤100
1977738355807406,Sharice For Congress,SHARICE FOR CONGRESS,≤100
121033149320,American Indian College Fund,"AMERICAN INDIAN COLLEGE FUND, THE",≤100
143089732792,Marsha Blackburn,Blackburn Tennessee Victory Fund,≤100
27544763621,Prison Fellowship,Brandon Anders Larsen,≤100
1096622853789812,Forward Promise,Forward Promise,≤100
1156676274461345,Mikie Sherrill,MIKIE SHERRILL FOR CONGRESS,≤100
69869352985,Freedom Debt Relief,These ads ran without a disclaimer,≤100
36634376117,HarperKids Books,HARPERCOLLINS PUBLISHERS LLC,≤100
96159580682,Maine Democratic Party,MAINE DEMOCRATIC PARTY,≤100
1708467695859543,Veteran Transition Mission,Sonia Ivelisse Barriera Ayala,≤100
105610970947657,MY 2A GEAR,Leon Mckensizy Dunn,≤100
103963987985703,Birth Defects Victims,Birth Defects Victims,≤100
143021112391265,Jacobin magazine,Jacobin Foundation,≤100
260668817346988,Ignite National,IGNITE,≤100
785936231584382,Paula Jean Swearengin,Paula Jean for West Virginia,≤100
249220035141307,Planned Parenthood of Indiana and Kentucky,Planned Parenthood of Indiana and Kentucky,≤100
570331853141386,Friends of Traditional Banking,FRIENDS OF TRADITIONAL BANKING INC,≤100
13885075114,Action Against Hunger USA,ACTION AGAINST HUNGER - USA,≤100
100523018383357,National Federation of Christian Businesses - NFCB,National Federation of Christian Businesses Inc,≤100
987698164585861,Citizen Ed,Citizen Education,≤100
56332452163,AMA Patients Action Network,American Medical Association,≤100
600217573480158,GOPStore.com,GOPStore.com,≤100
128958937175029,Trivia Today,Benjamin Aaron Perlman,≤100
203143199790433,Republic Services Teamsters,INTERNATIONAL BROTHERHOOD OF TEAMSTERS,≤100
192013990902459,Roy Cooper,Cooper For North Carolina,≤100
109866370700481,PushBlack Finance,PushBlack,≤100
143195412381888,"Georgia Gun Owners, Inc.",Georgia Gun Owners,≤100
262014011153122,Maine Forward,MAINE CENTER FOR ECONOMIC POLICY,≤100
111648480319494,800DEMOCRAT,800DEMOCRAT,≤100
107638384248580,Our America,Bryant Wayne Young,≤100
181467702005600,Mark Warner VA,FRIENDS OF MARK WARNER,≤100
101555208177402,Trump Victory Central Iowa 2nd District,Jeremy Dale Masterson,≤100
294196590710262,FWD.us,FWD.us,≤100
107199049318619,Friends of Derek Kilmer,PEOPLE FOR DEREK KILMER,≤100
468906559794011,LaunchGood,LaunchGood Inc.,≤100
106487520883333,Cardinal & Pine,"Courier Newsroom, Inc.",≤100
314121315788033,Stand with Parkland,Stand With Parkland,≤100
657708380952174,Voices of the Civil Rights Movement,Comcast,≤100
308159713150350,Voter Protection Project,VOTER PROTECTION PROJECT,≤100
1800072483402009,African Community & Conservation Foundation,African Community & Conservation Foundation,≤100
112101860385932,Renew Illinois Power,Renew Illinois Power,≤100
570524446405979,Only Human,Only Human,≤100
611865645522590,JusticeAid,JusticeAid,≤100
100729641303493,ICount NM,I Count New Mexico,≤100
112600915451330,No Labels,No Labels,≤100
209046616332309,Xochitl for Congress,Xochitl for New Mexico,≤100
154860200019,Immigrants Rising,Immigrants Rising,≤100
128716440866482,Adam Milstein,Adam Milstein,≤100
2338979479650120,Genevieve Collins for Congress,COLLINS FOR TEXAS,≤100
18983389920,Open Society Foundations,Open Society Foundations,≤100
2309566456030859,Human Coalition Action,PRO-LIFE TEXANS A HUMAN COALITION ACTION PAC,≤100
156919911022572,Steven Horsford,NEVADANS FOR STEVEN HORSFORD,≤100
361379030380,Centennial Institute,Centennial Institute,≤100
2176472882580975,Crusader Outlet,Crusader Marketing,≤100
109966290494892,Wagoner Law Firm,Nicholas Jordan Wagoner,≤100
170806736923126,Harmony Turbines,Harmony Turbines Inc,≤100
114492913707912,NotBiden,NotBiden,≤100
85337666730,Republican Governors Association (RGA),REPUBLICAN GOVERNORS ASSOCIATION,≤100
202286639832171,Dr. Robert Jeffress,FIRST BAPTIST CHURCH DALLAS,≤100
107226350977260,Rookie,Mark Anthony Russell,≤100
456262374764387,Voters Not Politicians,Voters Not Politicians,≤100
100506848295759,Made to Fail,Made To Fail,≤100
103039617748923,Chris Elko for Board of Ed,Elko for Board of Ed,≤100
296295018082,AARP en Español,AARP,≤100
1819038681660595,Erik Charles Russell,Erik Charles Russell,≤100
107066557603584,Bennie Frank,Bennie Frank,≤100
322551718276442,Lemons Are Blue,Lockwell LLC,≤100
78420171887,Sailors for the Sea,SAILORS FOR THE SEAINC,≤100
102970113093477,Church Militant/St. Michael’s Media,Max Aldcander Douglas,≤100
527268187379912,Early Bird Books,Open Road Integrated Media,≤100
101485404914361,Bad News Wares,Bad News Wares,≤100
7814597100,Jim Jordan for Congress,JIM JORDAN FOR CONGRESS,≤100
165014546858456,Free To Choose Network,FREE TO CHOOSE,≤100
1397799040234106,OpinionUP,OpinionUP LLC,≤100
942067839280404,Sioux Falls Feminists,Dale Richmond Hemming,≤100
42872222699,Dana Loesch,Dana Loesch Radio,≤100
1608102819435580,Right Here Radio,James H Petrozelli,≤100
740835272633567,Scott Milne for Vermont,Scott Milne for Vermont,≤100
234628203317767,Made for Freedom,Made for Freedom,≤100
186932688457686,CHNGE,CHNGE,≤100
100392005072471,Center for Essential Information,Center for Essential Information; Not authorized by any candidate or candidate’s committee,≤100
94047978366,PCCC - BoldProgressives.org,PROGRESSIVE CHANGE CAMPAIGN COMMITTEE,≤100
12185972707,350.org,350.org,≤100
497081420632330,Dr. Hiral Tipirneni,HIRAL FOR CONGRESS,≤100
971463449533074,Nate McMurray for Congress,NATE MCMURRAY FOR CONGRESS,≤100
2406972266252679,BloombergLaw,"BUREAU OF NATIONAL AFFAIRS, INC., THE",≤100
116789554394,Illinois House Republican Organization,Illinois House Republican Organization,≤100
191975737491988,Jennifer Wexton,WEXTON FOR CONGRESS,≤100
102936707723326,North Point Casino,Lakeside Casino LLC,≤100
147447783311,Charlie Crist,CHARLIE CRIST FOR CONGRESS,≤100
2321993584737314,The Markin Report,The Markin Report,≤100
96491683438,"The Friends of Israel Gospel Ministry, Inc.","FRIENDS OF ISRAEL GOSPEL MINISTRY, INC, THE",≤100
15351475322,Cathy McMorris Rodgers,Cathy McMorris Rodgers for Congress,≤100
269479249997,National Shooting Sports Foundation | NSSF,National Shooting Sports Foundation,≤100
105698674239617,Embed News,Embed News,≤100
111970730196550,World War Zero,AMERICAN SECURITY PROJECT,≤100
9364828262,Citizens Against Government Waste,CITIZENS AGAINST GOVERNMENT WASTE,≤100
680894095682539,Cowboy Life,"Nine Ranch Enterprises, LLC",≤100
47710973068,Cooperative Action Network,National Rural Electric Cooperatives Association,≤100
55549065733,Voto Latino,Voto Latino with Facebook Ad Credits,≤100
105872574403318,Project TAMMI,a research grant at The National Center on Addiction and Substance Abuse (CASA),≤100
289213691238937,Thrasher Coffee,Thrasher Coffee Co.,≤100
100968128255680,Strong Women,These ads ran without a disclaimer,≤100
195704103779569,Savage Outdoors & The One,Amanda Harris Lee,≤100
101301864984288,Race to the WH,Race to the White House,≤100
1750699881894920,Yvette Herrell for Congress,YVETTE4CONGRESS,≤100
168109446538119,St. Martin's Press,Macmillan Publishing,≤100
101464921262312,Alaina for Congress 2020,Alaina Shearer for Congress,≤100
101724361319410,Ronny Jackson for U.S. Congress TX-13,Texans for Ronny Jackson,≤100
339432396135584,The Exodus Road,EXODUS ROAD INC,≤100
216706055016443,Gumball Poodle,Gumball Poodle,≤100
113042546706999,Wendell Champion,CHAMPION FOR CONGRESS,≤100
101391906600,Live Action News,Live Action News,≤100
101176014673943,Michelle for Kansas,MICHELLE FOR KANSAS,≤100
35715544220,Stand.earth,STAND,≤100
101746962063,Mercy Home for Boys & Girls,MISSION OF OUR LADY OF MERCY,≤100
162635987104707,GOP Mall,"DANWAL, INC.",≤100
28483858161,Texas Scorecard,A PROJECT OF EMPOWER TEXANS INC,≤100
110035803933338,Paul Piotrowski for State Senate,Piotrowski for State Senate,≤100
682990071843813,Center for the Study of Liberty,Center for the Study of Liberty,≤100
540707072979860,Brian Maryott,MARYOTT FOR CONGRESS,≤100
125182621527545,Sarah McBride,Friends of Sarah McBride,≤100
109958865743777,Bobbleheads.com,Bobbleheads.com LLC,≤100
284362934917960,Scott Wilk,Scott Wilk for Senate 2020 FPPC ID#: 1392822,≤100
114953746614319,Citizen Congress App,"Citizen Congress, LLC",≤100
72565633140,Soles4Souls,"SOLES4SOULS, INC.",≤100
100219668159300,Alexis Hill,Friends of Alexis Hill,≤100
111718570352005,Yes on Measure A - A Solution for Homelessness,"Yes on Measure A - Homes for San Diegans, Sponsored by a Coalition of Civic Nonprofits and Housing Providers.  Committee major funding from  Affirmed Housing Group Inc  Eden Housing Inc  Metropolitan Area Advisory Committee (MAAC)  Funding details at www.sandiego.gov/donors. ",≤100
105287044367027,ObsessedwithTrump,Donald Lee Rowan,≤100
107355347614330,Deb Scharper for Iowa Senate,Deb Scharper for Iowa,≤100
173837496125511,Conscious Step,Conscious Step,≤100
102522874781212,The Gift Pros,CHRZSZ6BPBER JOHN HOUGHTON,≤100
130848666099,Business Forward,BUSINESS FORWARD,≤100
113310617054164,Trump Baseball Bats,Trump Baseball Bats,≤100
315303272690020,Re-Elect Senator Carol Blood,Friends of Carol Blood,≤100
1472549903019349,CCAN Action Fund,Chesapeake Climate Action Network Action Fund,≤100
402969533432277,Cisneros for Congress,CISNEROS FOR CONGRESS,≤100
8936818385,Accuracy in Media,"ACCURACY IN MEDIA, INC",≤100
1700040490027062,Faith In Minnesota,Faith in Minnesota,≤100
327202261326682,Stephanie Bice,Bice for Congress,≤100
102527004893192,The National Standard,Howard Stephan Barbanel,≤100
400854333330702,Citizens for Karina Villa,Citizens for Karina Villa,≤100
245741028804051,Barbara Sinatra Center,Barbara Sinatra Children's Center,≤100
1420119678080729,EveryDistrict,EVERYDISTRICT,≤100
391872261636792,2020unity,"ForFact LLC, DBA 2020unity",≤100
1772437266382039,Black Buck Apparel,Black Buck Apparel,≤100
399449253859486,The Patriot Sheepdog,ARCS Self Defense and Combatives LLC,≤100
210455593021382,Health Care Voices,"Health Care Voices, a project of Social Good Fund",≤100
551158678560402,Epimonia,Epimonia LLC,≤100
868405419972384,The Outrage,The Outrage,≤100
226845770698862,Friends of Melinda Bush,Friends of Melinda Bush,≤100
107248944146204,Carlos Gimenez for Congress,Carlos Gimenez for Congress,≤100
25121889784,Texas Public Policy Foundation,Texas Public Policy Foundation,≤100
1636216106590985,Josh Hawley,JOSH HAWLEY FOR SENATE,≤100
1400371370253041,Eagan Immigration,Eagan Immigration,≤100
169440273093442,The Center for Election Science,The Center for Election Science,≤100
2025785507702182,Avoid Opioid SD,South Dakota Department of Health and Social Services,≤100
84280132559,American Legislative Exchange Council,AMERICAN LEGISLATIVE EXCHANGE COUNCIL,≤100
244579043463375,The Three Masketeers,Three Masketeers,≤100
106152141082596,Pfaff for State Senate,Pfaff for State Senate,≤100
99056648937,NIAC,NIAC Council,≤100
142432192446984,David Horowitz Freedom Center,David Horowitz Freedom Center,≤100
1533695766904443,Trainwreck,Trainwreck,≤100
1423200984590762,Jenny Wilson for Salt Lake County Mayor,Jenny Wilson for Salt Lake County Mayor,≤100
109393327559812,Vote No on 118,"NO ON PROP 118: HIGHER TAXES, MORE BUREAUCRACY, A LAVISH, NEW PROGRAM DESTINED FOR BANKRUPTCY",≤100
208463585839891,Living Future Institute,International Living Future Institute,≤100
103597034685122,Vote Like A Madre,LATINO VICTORY PROJECT,≤100
111499100431,National Association for Gun Rights,NATIONAL ASSOCIATION FOR GUN RIGHTS INC,≤100
140614202619821,iCivics,iCivics,≤100
150322194563,PASA Primates: Pan African Sanctuary Alliance,PAN AFRICAN SANCTUARIES ALLIANCE,≤100
243399129090445,Christina Hale,HOOSIERS FOR HALE,≤100
53727956260,Republican Jewish Coalition,Republican Jewish Coalition,≤100
1081518195353411,Erik Rock - Rock Productions LOL,Erik Andrew Rock,≤100
192738164073627,A Better Balance,A BETTER BALANCE,≤100
16477459734,League of Conservation Voters,League of Conservation Voters Education Fund,≤100
168367339845613,The Humane League,The Humane League,≤100
320408285279846,Lemonada Media,Lemonada Media,≤100
101041998305221,The Proud Republicans,Great American Era LLC,≤100
521924961194913,Bruce Westerman,Westerman for Congress,≤100
868259909915525,Susie Lee,Susie Lee for Congress,≤100
110468488981853,UNRWA USA,UNRWA USA,≤100
57401739949,Braver Angels,INSTITUTE FOR AMERICAN VALUES INC,≤100
344690446467832,The Copper Courier,"Courier Newsroom, Inc.",≤100
186805048171120,U.S. & Texas LawShield,Texas LawShield,≤100
167968013767335,Julie Oliver,JULIE OLIVER FOR CONGRESS,≤100
344346245749372,Shore Trendz,RHW.COM LLC/DBA Shore Trendz,≤100
31105432855,Illinois Education Association,Illinois Education Association,≤100
69039563201,Open Doors USA,"OPEN DOORS WITH BROTHER ANDREW, INC.",≤100
531623043662146,Flags of Valor,Flags of Valor,≤100
612701059241880,Latinos for Trump,TRUMP MAKE AMERICA GREAT AGAIN COMMITTEE,≤100
81372493950,POET,POET,≤100
12692955711,Chronicle of Higher Education,"CHRONICLE OF HIGHER EDUCATION, INC. (THE)",≤100
296708523873754,Karla Dennis and Associates Inc.,"Karla Dennis & Associates, Inc",≤100
312657362217994,Women's Heart Alliance,Women's Heart Alliance,≤100
2225580284361712,Tommy Tuberville,"TUBERVILLE FOR SENATE, INC.",≤100
931907200310657,Patients Rising Now,Patients Rising Now Inc,≤100
174971709316,Cigna,Cigna,≤100
46508415624,Scott Taylor,Scott Taylor for Congress 2020,≤100
101481584557260,Help Asheville Bears-HAB,Heather Christina Williams,≤100
39432041915,Capital Research Center,CAPITAL RESEARCH CENTER INC,≤100
216705888361546,Elbert Lee Guillory,ELBERT GUILLORY'S AMERICA,≤100
115499369778,Planned Parenthood North Central States,Planned Parenthood North Central States,≤100
30079936984,CWS,"CHURCH WORLD SERVICE, INC.",≤100
102222408032615,AALS United Way,United Way of the Quad Cities,≤100
103067581133922,Paul Junge,PAUL JUNGE FOR CONGRESS,≤100
418951294827718,Wren + Glory,WREN + GLORY,≤100
131513476860958,Bridgewater Candle Company,The Bridgewater Candle Company LLC,≤100
102010211314386,Donald Trump 2020 Voters,I Love My Freedom,≤100
7642602143,Mother Jones,FOUNDATION FOR NATIONAL PROGRESS,≤100
18079407397,CPAC 2020,Conservative Political Action Conference,≤100
470241276500901,Women Vote,WOMEN VOTE!,≤100
136769859682655,Derek Schmidt,"Schmidt for Attorney General, Inc.",≤100
105318696193467,Indiana AFL-CIO,AMERICAN FEDERATION OF LABOR & CONGRESS OF INDUSTRIAL ORGANIZATIONS,≤100
548407915183371,Liz Cheney,Liz Cheney for Wyoming,≤100
110849485902,United Way,United Way Worldwide with Facebook Ad Credits,≤100
473191156175163,EDF Action,Environmental Defense Action Fund,≤100
64206021703,National Committee to Preserve Social Security and Medicare,NATIONAL COMMITTE TO PRESERVE SOCIAL SECURITY AND MEDICARE,≤100
112473780428837,Chasten Buttigieg,Kenneth James Gillett,≤100
49275915266,Marie Stopes International,MSI-US,≤100
211049239087028,Association of Young Americans,Benjamin J Brown,≤100
28144169620,Alliance for Aging Research,Alliance for Aging Research,≤100
108152933883451,TrumpTrendz,Troy Lorenzo Davis,≤100
513695272011123,The Genesis Prize,GPF NA LLC,≤100
114107333726368,What's Up in Automotive This Weekend,Darrell Dominic Adams,≤100
303374266418976,AFPM,American Fuel & Petrochemical Manufacturers,≤100
1443127535947107,Save the Children Action Network,Save the Children Action Network,≤100
1145019702185006,Alliance for Safety and Justice,Alliance for Safety and Justice,≤100
1747132688647028,Democratic Association of Secretaries of State,Democratic Association of Secretaries of State,≤100
403716816314673,Lee Saunders,AMERICAN FEDERATION OF STATE COUNTY & MUNICIPAL EMPLOYEES,≤100
156955444413022,Radical,RADICAL INC,≤100
1709145412721991,The Center for Growth and Opportunity at Utah State University,The Center for Growth and Opportunity,≤100
202774546401452,Jeanne Ives,JEANNE FOR CONGRESS,≤100
221890358218748,Til Valhalla Project,Til Valhalla Project,≤100
6150859770,American Library Association,AMERICAN LIBRARY ASSOCIATION,≤100
485980975070908,Abigail Spanberger,SPANBERGER FOR CONGRESS,≤100
103903914570915,Pro2a,Delta Team Marketing,≤100
47712360678,Jobs With Justice,Jobs With Justice,≤100
86071521216,Second Amendment Foundation,SECOND AMENDMENT FOUNDATION INC,≤100
105715796618476,Protect Greater Chaco,Protect Greater Chaco,≤100
1833879943496521,Spread The Vote,Spread the Vote,≤100
105428794198107,Dale Crafts,Dale Crafts for Congress,≤100
1721467687891795,Partnership for Conservation,Partnership for Conservation,≤100
22219555276,Children's Defense Fund,CHILDRENS DEFENSE FUND (INC),≤100
333081284065216,Brynne Kennedy for Congress,BRYNNE KENNEDY FOR CONGRESS,≤100
1949440971937523,Maine Voter Info,MAINE DEMOCRATIC PARTY,≤100
109536287551897,Yes on Measure PM,CITIZENS FOR SAFE ACCESS 2020,≤100
152766071443309,The City University of New York,City University of New York,≤100
162244692732,Brennan Center for Justice at NYU Law,William J Brennan Jr Center for Justice Inc,≤100
102468354917237,Indiana for Jo20,a fresh option,≤100
260366367717440,Committee to Protect Medicare,Committee to Protect Medicare PAC,≤100
740266592735787,Free to Be Kids,Free To Be Kids,≤100
7992407870,United Way of the Midlands,UNITED WAY OF THE MIDLANDS,≤100
119211622812975,"Advance Georgia, Inc","Advance Georgia, Inc.",≤100
1295279420598401,Victoria Spartz,VICTORIA SPARTZ FOR CONGRESS,≤100
7341997111,Conservation International,Conservation International,≤100
230081331660936,Take A Stand 2020,Take A Stand 2020,≤100
108430860703956,Fascinating Cards,"Fascinating Cards, LLC",≤100
101208514791301,Daniel Turner,Power The Future Inc,≤100
118178241651488,DSPolitical,"DSPolitical, LLC",≤100
2295062210811244,Coalition for American Veterans,COALITION FOR AMERICAN VETERANS POLITICAL ACTION COMMITTEE,≤100
672213539861652,John Anthony Castro,John Anthony Castro,≤100
18982436812,ACLU,American Civil Liberties Union Foundation,≤100
109088011473,Motorcycle Mechanics Institute,These ads ran without a disclaimer,≤100
72891509830,Climate Reality Action Fund,Climate Reality Action Fund,≤100
211596438980002,Ampersand Consulting,Ampersand Consulting,≤100
141786816970,Cruise Lines International Association - CLIA,Cruise Lines International Association,≤100
1082522201878539,Gina Ortiz Jones for Congress,GINA ORTIZ JONES FOR CONGRESS,≤100
106372766264,NYS Democratic Senate Campaign Committee (DSCC),NYS Democratic Senate Campaign Committee,≤100
568257590245036,Blacks Against BDS,Blacks Against BDS,≤100
102088774502044,Elect Kristin Walrath: Whiteside County Treasurer 2020,Kristin Nicole Walrath,≤100
12128466831,Amazon Watch,"AMAZON WATCH, INC.",≤100
709491732434343,שורת הדין - Shurat HaDin,Israel Law Center,≤100
911829795826330,Mark Penn Polls,AIRSNEXT Media,≤100
170116833810081,Eden Green Technology,These ads ran without a disclaimer,≤100
313723095478950,The Daily Citizen,Focus on the Family,≤100
38091883105,Republican Party of Pennsylvania,REPUBLICAN FEDERAL COMMITTEE OF PENNSYLVANIA,≤100
466164103423147,Thorn,Thorn with Facebook Ad Credits,≤100
819607471729183,Dr. Al Gross for US Senate,DR. AL GROSS FOR U.S. SENATE,≤100
85945492130,EnergyBoom,Energy Boom,≤100
780941275347834,Ilhan Omar,ILHAN FOR CONGRESS,≤100
100318648456990,Red Merle Design,Red Merle Design,≤100
1229789977123022,Debbie Lesko for Congress,DEBBIE LESKO FOR CONGRESS,≤100
116214823511455,Voteprints,Troy Thomas Egri,≤100
706716899745696,Women for Trump,TRUMP MAKE AMERICA GREAT AGAIN COMMITTEE,≤100
154510321337994,Chris Pappas for Congress,CHRIS PAPPAS FOR CONGRESS,≤100
251769592193596,Minnesota Values Project,DFL House Caucus,≤100
15503839732,Peter G. Peterson Foundation,Peter G. Peterson Foundation,≤100
101080714884609,Making the Case,Mario J Fratto,≤100
278703415666824,Jeremy Jones,Protect Our Winters,≤100
106702881087372,Re-elect Sheriff Tony Thompson,Hillary Alexis Reents,≤100
282728185140429,Rep For Vets,The Rep For Vets,≤100
104504438466,Federal Voting Assistance Program - FVAP,Federal Voting Assistance Program,≤100
111945553601129,Trump2020 Coffee,Trump2020 Coffee,≤100
133294620046953,Mission India,MISSION INDIA INC,≤100
896759427103774,Modern Medicaid Alliance,Modern Medicaid Alliance,≤100
1642386799323957,Angie Craig,ANGIE CRAIG FOR CONGRESS,≤100
102413723172970,Nick Adams,Nick Adams,≤100
21395843375,Dialysis Patient Citizens,DIALYSIS PATIENT CITIZENS INC,≤100
1345951945549438,The Trump Prophecy,"DIGITAL COAST MEDIA, LLC",≤100
106552837793761,Reviving Mind,Reviving Mind,≤100
1835838916635491,Transamerica Center for Health Studies,Transamerica Center for Health Studies,≤100
341240953385902,Force Of Nature Meats,Force of Nature,≤100
354329797956187,The Catholic Association,"The Catholic Association, Inc",≤100
276131699084792,YWAM Los Angeles,YWAM Los Angeles,≤100
327853590558653,"Agri-Pulse Communications, Inc.",Agri-Pulse Communications,≤100
89336510798,American Friends of the Hebrew University,American Friends of Hebrew University,≤100
386918604749631,Marque Snow,Snow for Nebraska,≤100
111669230315027,Dallas & Polk County Democratic Coalition,Dalas & Polk County Democratic Coalition,≤100
23805384273,Bob Brownell,Robert Brownell for Supervisor,≤100
234621494446654,We Can’t Trust Nancy Mace,DCCC,≤100
623835887637973,Hero PAC,Hero PAC,≤100
58736997707,Marco Rubio,Marco Rubio for Senate,≤100
154042277970966,International Refugee Assistance Project,"INTERNATIONAL REFUGEE ASSISTANCE PROJECT, INC.",≤100
148205145252473,Backcountry Hunters & Anglers,Backcountry Hunters & Anglers,≤100
1737720532927750,Collier County Democratic Party,Collier County Democratic Party,≤100
286672675558687,Terrell McKinney LD11,People For Terrell McKinney,≤100
19474609238,Mercatus Center at George Mason University,Mercatus Center at George Mason University,≤100
16534314739,Facing History and Ourselves,"FACING HISTORY AND OURSELVES NATIONAL FOUNDATION, INC.",≤100
112679213772857,Truth Lion,Truth Lion,≤100
814260155318929,The Fairness Project,The Fairness Project,≤100
1404114129847742,This Little Home of Mine,Elizabeth Aubrey Kidd,≤100
329418020548,Cardozo School of Law,Cardozo School of Law,≤100
747783932079184,Jared Golden,COMMITTEE TO ELECT JARED GOLDEN,≤100
956112704484286,American Update,American Update,≤100
127216280686110,Ann Wagner,Ann Wagner for Congress,≤100
17475614410,Hispanic Federation,Paid for by Hispanic Federation with Facebook Ad Credits,≤100
792140450890876,Roger Eaton for Charlotte County Clerk of the Circuit Court,Roger Eaton,≤100
2264090133834042,Invite Research,Precision Network,≤100
120085718005638,American Prairie Reserve,American Prairie Reserve,≤100
1596671280578981,Schools & Communities First,Schools and Communities First,≤100
1634651343331439,Project Wren,Landon Brand,≤100
61265398450,AmeriCorps NCCC,Corporation for National and Community Service,≤100
142606445903522,No Zebras Productions,Suzen D Pettit,≤100
345946329411380,Petal Soap,Jason Paul Domangue,≤100
2049170775107862,Resistance By Design,Resistance By Design,≤100
108090464296366,Republican Patriots,I Love My Freedom,≤100
203330919857759,All On The Line,National Redistricting Action Fund,≤100
104243792943104,Saybrook University,TCS Education System,≤100
109914474151573,COMMUNITYx App,Chloe Cheyenne Rogers,≤100
169687486427698,Jentezen Franklin,FREE CHAPEL WORSHIP CENTER,≤100
1311291038982513,2A Gear,Teecreations LLC,≤100
105246547735959,North Star Values,Senate Victory Fund,≤100
255208337943901,Jobs Growth,"JOBS FREEDOM AND SECURITY PAC, Not authorized by any candidate or candidate’s committee.",≤100
113335773562471,President Trump For Re-Election,Great American Era,≤100
237477017606,Club for Growth,Club for Growth,≤100
1947525322184514,One Fair Wage,One Fair Wage,≤100
174905503013610,Harley Rouda,HARLEY ROUDA FOR CONGRESS,≤100
168452723312821,Chisholm Chisholm & Kilpatrick LTD,Chisholm Chisholm & Kilpatrick LTD,≤100
1682876188698809,United for Respect,United for Respect,≤100
206052849902620,Intermountain Immigration,"Intermountain Immigration, LLC",≤100
109976445836,Darim Online,Darim Online,≤100
1819990444891347,Progressive Source Communications,Progressive Source Communications LLC,≤100
623339164538852,National Security Action,Nationalsecurityaction.org,≤100
166194476728392,Center Street,"Hachette Book Group, Inc.",≤100
1272534336242476,World101,Council on Foreign Relations,≤100