﻿Page ID,Page Name,Disclaimer,Amount Spent (USD)
153080620724,Donald J. Trump,TRUMP MAKE AMERICA GREAT AGAIN COMMITTEE,10888
7860876103,Joe Biden,BIDEN VICTORY FUND,8074
1771156219840594,Team Trump,TRUMP MAKE AMERICA GREAT AGAIN COMMITTEE,6570
202626512363,U.S. Census Bureau,U.S. Census Bureau,4418
7814597100,Jim Jordan for Congress,JIM JORDAN FOR CONGRESS,1977
105756057589080,The Lincoln Project,The Lincoln Project,1971
925007000949719,ExxonMobil,Exxon Mobil Corporation,1880
1615018905412860,Progressive Turnout Project,PROGRESSIVE TURNOUT PROJECT,1651
6726182861,Mike Pence,TRUMP MAKE AMERICA GREAT AGAIN COMMITTEE,1579
156968474833352,Stop Republicans,Stop Republicans,1561
20787991568,Senate Democrats,DSCC,1558
96935476345,Democratic Governors Association (DGA),Democratic Governors Association,1048
127755494595870,Progressive Takeover,PROGRESSIVE TAKEOVER,1010
714227512101604,Carolyn Long,ELECT CAROLYN LONG,985
107199049318619,Friends of Derek Kilmer,PEOPLE FOR DEREK KILMER,927
116546288359245,Heritage Action for America,HERITAGE ACTION FOR AMERICA,821
1316372698453411,Alexandria Ocasio-Cortez,Alexandria Ocasio-Cortez for Congress,812
228754857151053,House Majority PAC,House Majority PAC,767
309501559175104,Dan Newhouse for Congress,Dan Newhouse for Congress,676
328072970642479,Jaime Harrison,JAIME HARRISON FOR US SENATE,662
20809300888,Rick Larsen,CITIZENS TO ELECT RICK LARSEN,656
104856814505092,The Kids Guide,The Kids Guide,636
114625730266879,Republican Voters Against Trump,Defending Democracy Together,613
277005566267077,Blueland,Blueland,600
100156948364306,Jackson Maynard for Congress,Friends of Jackson Maynard,577
791543660926838,"I'll go ahead and keep my guns, Thanks",2A4LIFE LLC,547
259130650776119,Mitch McConnell,MCCONNELL SENATE COMMITTEE,534
9324910069,NRSC,NRSC,490
1336293769761923,Jon Ossoff,JON OSSOFF FOR SENATE,477
328853823844484,Balance of Power,Balance of Power,473
112974563687584,Robert Kiyosaki - The Rich Dad Poor Dad Letter,Long Form Creative Co.,459
386280348647138,"Rebecca Parson for Congress, WA-06",REBECCA PARSON 2020,409
501948036662661,Kristine Reeves,KRISTINE REEVES FOR CONGRESS,398
127225910653607,PragerU,PragerU,376
665345483483486,NRA - National Rifle Association of America,NATIONAL RIFLE ASSN OF AMERICA,373
100391581727524,Defeat By Tweet,DEFEAT BY TWEET,372
345504286342057,Keeping America Great Again,RightWingGear.com,371
602714436529710,End Citizens United,END CITIZENS UNITED,361
2352630938293825,Mytacticalpromos,Entremax,361
176789922364429,Steve Daines,STEVE DAINES FOR MONTANA,347
244441863136599,Washington Census Alliance,Washington State Office of Financial Management,338
2267285956849056,Donald Trump 2020 Fans,I Love My Freedom,328
33110852384,Doctors Without Borders/ Médecins Sans Frontières (MSF),Doctors Without Borders/Médecins Sans Frontières (MSF),324
165987503528599,Lindsey Graham,"TEAM GRAHAM, INC.",318
108803337577109,Bruce King for PUD Commissioner,Elect Bruce King,312
2330577043935831,Sara Gideon,SARA GIDEON FOR MAINE,311
101279451606075,Democratic Strategy Institute,Democratic Strategy Institute,297
15351475322,Cathy McMorris Rodgers,Cathy McMorris Rodgers for Congress,294
18982436812,ACLU,American Civil Liberties Union,294
355316521236121,John Cornyn,TEXANS FOR SENATOR JOHN CORNYN INC.,287
429812024048177,Doug Jones for Senate,DOUG JONES FOR SENATE COMMITTEE,280
96935476345,Democratic Governors Association (DGA),DEMOCRATIC ACTION,279
105732744375701,Steve Bullock,MONTANANS FOR BULLOCK,277
177551525610164,Jaime Herrera Beutler,Rep. Jaime Herrera Beutler,275
24330467048,Americans for Prosperity,AMERICANS FOR PROSPERITY,260
105577974544303,The USA Needs More Patriots,AmeriPolling,259
111184097292053,King County Equity Now Coalition,King County Equity Now,258
261663760956534,America First Policies,America First Policies Inc,257
302182941354,AARP Advocates,AARP,252
97493741436,John W. Hickenlooper,HICKENLOOPER FOR COLORADO,247
158791100909689,Concerned Veterans for America,Concerned Veterans for America,246
100392931351292,Northwest RiverPartners,Northwest RiverPartners,245
8934429638,Planned Parenthood Action,Planned Parenthood Action Fund,242
100798594958887,inseparable,Inseparable Action Inc,239
25852730092,Care2,Care2 Inc,238
2051916111734269,Nancy Dailey Slotnick for Congress,COMMITTEE TO ELECT NANCY DAILEY SLOTNICK,234
153080620724,Donald J. Trump,"DONALD J. TRUMP FOR PRESIDENT, INC.",231
163148530407080,Captain Mark Kelly,MARK KELLY FOR SENATE,227
717115395103069,PrintedKicks,Printed Kicks,219
107500120800840,Partnership for Energy Progress,Partnership for Energy Progress,209
168051710543266,Lacy Johnson,Lacy Johnson for Congress,208
23875187730,Feeding America,Feeding America,207
1449461518652183,4Patriots,4Patriots LLC,206
106645684412573,Cover Air Medical,Cover Air Medical,201
596556607135301,The Earthling Co.,The Earthling Co.,200
111393882812494,Amy McGrath,"AMY MCGRATH FOR SENATE, INC.",199
110018833813683,Flip the Senate,SMP,192
92925746942,Judicial Watch,Judicial Watch,191
107858693983382,The GOP Shop,The GOP Shop,187
7976226799,The Daily Show,Comedy Central,185
342294162453301,Planned Parenthood,Planned Parenthood Federation of America,185
389002298352371,American Senior Benefits,John M Davis,185
213792049451918,Stand For America,Stand For America Inc,185
5435784683,Greenpeace USA,"GREENPEACE, INC.",182
85452072376,Newsmax,Newsmax Media,181
167586229923327,World Food Program USA,World Food Program USA,181
57259033959,AARP,AARP,180
278490715553293,Martha McSally,MCSALLY FOR SENATE INC,171
38235851310,USA for UNHCR,UNITED STATES ASSOCIATION FOR UNHCR,170
49651563727,Live Action,Live Action,169
1883837055193241,Shield Republic,Shield Republic,167
1456310534453054,Veteran Loans Online,"LMB OpCo, LLC",166
1316372698453411,Alexandria Ocasio-Cortez,THE SQUAD VICTORY FUND,162
6820348410,Kirsten Gillibrand,Off the Sidelines,159
132492254050920,American AF,AAF Nation,157
332716170522025,America First Action,America First Action,157
206613968946,Jaime Herrera Beutler,JAIME FOR CONGRESS,157
706716899745696,Women for Trump,TRUMP MAKE AMERICA GREAT AGAIN COMMITTEE,153
107398241021186,The John Lewis Bridge Project,John Lewis Bridge Project,152
106244251043808,Reuse Plastics,"AMERICAN CHEMISTRY COUNCIL, INC.",151
1163396097051646,PILMA,Pharmaceutical Industry Labor Management Association,150
830121337093232,National Democratic Training Committee,NATIONAL DEMOCRATIC TRAINING COMMITTEE PAC,145
102671331487937,I Love My Freedom Store,I Love My Freedom,141
607626319739286,Black Voices for Trump,TRUMP MAKE AMERICA GREAT AGAIN COMMITTEE,137
101542408248637,SMOAK 2020- Justin Smoak for Washington's 1st Congressional District,SMOAK 2020,135
1354622541311687,Dr. Kim Schrier,DR KIM SCHRIER FOR CONGRESS,135
1623337434552728,Justice G. Helen Whitener,Committee to Keep Justice Whitener,134
834645469890446,Devin Nunes,DEVIN NUNES CAMPAIGN COMMITTEE,131
8047221596,Save the Children US,"SAVE THE CHILDREN FEDERATION, INC.",131
100560711450721,Evangelicals for Trump,TRUMP MAKE AMERICA GREAT AGAIN COMMITTEE,125
328306377190679,Thurston County Auditor's Office,Thurston County Auditor's Office,122
7292655492,MoveOn,MOVEON.ORG POLITICAL ACTION,122
107124730869107,Steven Skelton Libertarian for Congress,ONE SEAT FOR LIBERTY,122
1194865807192273,Conservative Gear,Outergoods LLC,118
1338822066131069,Women's March,Women's March,117
197679767726077,The Really Online Lefty League,THE REALLY ONLINE LEFTY LEAGUE,115
17911165812,Covenant House International,Covenant House,114
6204742571,Sierra Club,SIERRA CLUB,113
309308412520731,Sandy Hook Promise,Sandy Hook Promise,112
260933440643373,UltraViolet,UltraViolet Action,112
109784800371914,Protect Kids: Fight Flavored E-Cigarettes,TOBACCO-FREE KIDS ACTION FUND,109
5720973755,Defenders of Wildlife,DEFENDERS OF WILDLIFE,108
309798029121030,Everytown for Gun Safety,Everytown for Gun Safety Action Fund Inc,106
417522508294454,Job Creators Network,Job Creators Network,104
292351509697,Jerusalem Prayer Team,Jerusalem Prayer Team,102
8325302025,Friends of the Earth U.S.,Friends of the Earth,102
2353537341582545,Proud Patriots,Proud Patriots,101
612701059241880,Latinos for Trump,TRUMP MAKE AMERICA GREAT AGAIN COMMITTEE,≤100
104113317870732,Free Markets Destroy,Washington Policy Center,≤100
104745474214057,HRA - OTC Birth Control,Corey Francis Mc Govern,≤100
36872302227,Cory Booker,Cory Booker for Senate,≤100
111428049989,Cal Cunningham,CAL FOR NC,≤100
113666459994300,Big Dan Rodimer for Congress,RODIMER FOR CONGRESS,≤100
481559282597914,TrumpersUnite,Respect The Look,≤100
184731548554164,PL+US,Plus Fund: Paid Leave for the United States,≤100
257019421075897,Cory Gardner,Cory Gardner for Senate,≤100
109111900634787,Reverend Raphael Warnock,WARNOCK FOR GEORGIA,≤100
629732217415068,Republican Party,Greater Half,≤100
106094077803532,Our National Family,Patrick Le Tran,≤100
100256754899828,Patriot's Cave,Patriots Cave,≤100
46093654473,National Republican Congressional Committee,NRCC,≤100
109092142462587,Adam Schiff,SCHIFF FOR CONGRESS,≤100
555787351119974,Coalition to Protect America's Health Care,Coalition to Protect America's Health Care,≤100
18813753280,Human Rights Campaign,"HUMAN RIGHTS CAMPAIGN, INC.",≤100
677005135756125,Community Catalyst Action Fund,Community Catalyst Action Fund,≤100
100137754724934,Trump 2020 Supporters,Proud Right Winger,≤100
6820348410,Kirsten Gillibrand,Gillibrand for Senate,≤100
1228396643984955,Michelle Steel,Michelle Steel for Congress,≤100
38471053686,Elizabeth Warren,"WARREN DEMOCRATS, INC.",≤100
103084741163939,Black Male Voter Project,Black Male Voter Project,≤100
221401431386940,Pramila Jayapal,PRAMILA FOR CONGRESS,≤100
1061240530648502,Joe Collins,JOE COLLINS FOR CONGRESS,≤100
327837911149503,2A4Life,2A4LIFE LLC,≤100
25055115099,Intuit,INTUIT INC.,≤100
106323360959211,Patriots Republic,Matthew James Stine,≤100
105084617912738,PatriotQuizzes,patriotquizzes.com,≤100
100637888239523,Free Reign For All,Kin Ngai Yeung,≤100
101591551371555,Fire Mitch. Save America.,SAVE AMERICA FUND,≤100
80562389320,NARAL Pro-Choice America,NARAL Pro-Choice America,≤100
159964696102,Kevin McCarthy,KEVIN MCCARTHY FOR CONGRESS,≤100
45393753416,Alliance Defending Freedom,Alliance Defending Freedom,≤100
203550842430,Mike Lee,FRIENDS OF MIKE LEE INC,≤100
103597604713894,Team Trump Store,TRUMP MAKE AMERICA GREAT AGAIN COMMITTEE,≤100
605168822998856,314 Action,314 ACTION FUND,≤100
16477459734,League of Conservation Voters,"LEAGUE OF CONSERVATION VOTERS, INC",≤100
104170004713256,Elect Black Democrats,THE COLLECTIVE PAC,≤100
465483726908192,iVote,IVote Civic Education Fund,≤100
1109093812491437,Blaze Media,Blaze Media LLC,≤100
21375324480,The Heritage Foundation,HERITAGE FOUNDATION (THE),≤100
27311599342,Preemptive Love,Preemptive Love Coalition,≤100
405381432827374,Pierce County,Pierce County,≤100
15188122178,The Hamilton Collection,The Hamilton Collection,≤100
1400927463555875,Imperfect Foods,Imperfect Produce,≤100
223055747744143,Beto O'Rourke,Powered By People,≤100
103235554648484,Elect Scientists,314 ACTION FUND,≤100
200676905671,We Are ALPA,Air Line Pilots Association,≤100
106224464107240,Jo Jorgensen,Jo Jorgensen for President,≤100
57218184395,Walla Walla Community College,Walla Walla Community College,≤100
74261463421,AFSCME Council 28 WFSE,"WASHINGTON FEDERATION OF STATE EMPLOYEES, AFL-CIO",≤100
142665849854371,House Freedom,HOUSE FREEDOM FUND,≤100
107654924064350,Pat Timmons-Goodson,PATRICIA TIMMONS-GOODSON FOR CONGRESS,≤100
303167829786891,Ed Markey,THE MARKEY COMMITTEE,≤100
675471506247724,Adair for Congress,ADAIR FOR CONGRESS,≤100
102617961152741,Barbara Bollier,BOLLIER FOR KANSAS,≤100
15687409793,World Wildlife Fund,World Wildlife Fund,≤100
360303722260,Kathleen Williams,KATHLEEN WILLIAMS FOR MONTANA,≤100
6041057841,The Humane Society of the United States,"HUMANE SOCIETY OF THE UNITED STATES, THE",≤100
737686089933715,Conservative Collections,Mainline Media Group,≤100
79724410853,Hepatitis Education Project,Hepatitis Education Project,≤100
245284549333866,ASMDSS,ASMDSS,≤100
6713653788,Gary Peters,PETERS FOR MICHIGAN,≤100
110468488981853,UNRWA USA,UNRWA USA,≤100
130467958471,Jason Lewis,Jason Lewis for Senate,≤100
23996308754,Senate Conservatives,SENATE CONSERVATIVES FUND,≤100
461204744067686,Family Protection Association,Family Protection Association,≤100
342887442508723,Convention of States,Convention of States Action,≤100
296708523873754,Karla Dennis and Associates Inc.,"Karla Dennis & Associates, Inc",≤100
35169196082,Project HOPE,"PROJECT HOPE-THE PEOPLE-TO-PEOPLE HEALTH FOUNDATION, INC.",≤100
103987634439727,Marilyn Strickland,STRICKLAND FOR WASHINGTON,≤100
433919203362871,Bird + Stone,BIRD & STONE INC,≤100
1438808983108348,BOLD PAC,CHC BOLD PAC,≤100
1836138529938551,Greater Half,Greater Half,≤100
29770886815,Marijuana Policy Project,Marijuana Policy Project,≤100
560140464159364,Stand for the 2nd Amendment,SFT2 Tactical Supply,≤100
113271610392632,Tim Bohen,Long Form Creative Co.,≤100
104051398040027,CCW Online Now_,Concealed Country,≤100
7833534974,Florida Democratic Party,Florida Democratic Party,≤100
376250065793807,Citizens for Responsible Energy Solutions,Citizens for Responsible Energy Solutions,≤100
115379705206001,U.S. Department of Homeland Security Blue Campaign,DHS Blue Campaign,≤100
193618220508,LIFE Today,LIFE Outreach International,≤100
101136147910784,Represent Justice,Represent Justice,≤100
114710126648118,Republican Dogs,Republican Dogs,≤100
105577974544303,The USA Needs More Patriots,Anthony Alexander Morales,≤100
780941275347834,Ilhan Omar,ILHAN FOR CONGRESS,≤100
17023576156,The Leadership Conference on Civil and Human Rights,The Leadership Conference on Civil and Human Rights,≤100
496696933682736,Jeff Merkley,JEFF MERKLEY FOR OREGON,≤100
894096170667732,Ashley Hinson,Ashley Hinson For Congress,≤100
1945649795733674,Big Daddi Dro,These ads ran without a disclaimer,≤100
105419971176213,Eric LeMay for Congress,COMMITTEE TO ELECT ERIC LEMAY,≤100
530604487365010,Old Glory Flagpole Kits,Service First,≤100
166618413413767,Jay Sekulow,American Center for Law and Justice,≤100
102564128179023,Truth to Power,TRUTH TO POWER,≤100
50982313030,Food & Water Watch,Food & Water Watch,≤100
2185993931653388,The Recount,"Recount Media, Inc",≤100
152264148166020,Moms Clean Air Force,Moms Clean Air Force,≤100
109271350879624,Something We All Need,Patrick Le Tran,≤100
679171239164792,Supermajority,Supermajority,≤100
10150100007820094,Wendy Davis,WENDY DAVIS FOR CONGRESS,≤100
631570717331198,Working to Fight AMR,BIOTECHNOLOGY INNOVATION ORGANIZATION,≤100
94047978366,PCCC - BoldProgressives.org,PROGRESSIVE CHANGE CAMPAIGN COMMITTEE,≤100
592707041080920,Stand Together,Stand Together Chamber of Commerce Inc.,≤100
107210084216238,Humanity Forward,Humanity Forward,≤100
118269091671380,The Home T,The Home T,≤100
18709174006,National Audubon Society,"NATIONAL AUDUBON SOCIETY, INC.",≤100
788394134539871,USPS Business,United States Postal Service,≤100
329284771298646,Issue One Action,Issue One Action,≤100
7263476274,Mercy Corps,Mercy Corps,≤100
6231686654,Compassion International,"COMPASSION INTERNATIONAL, INCORPORATED",≤100
303061950155375,John James,"JOHN JAMES FOR SENATE, INC.",≤100
104160111127949,Dave Petersen for Judge,Citizens to Elect Dave Petersen,≤100
530604487365010,Old Glory Flagpole Kits,Service First Flag Poles,≤100
192015461630968,Supporting Our Brave Veterans,James Brian Plouf,≤100
109379100777665,Patriotism Isn't Dead,Patriot Polling,≤100
115849916723882,Dean Johnson For Congress,DEAN JOHNSON FOR CONGRESS,≤100
1690071827911682,Cleancult,cleancult,≤100
849144885416494,Congresswoman Kim Schrier,"Office of Congresswoman Kim Schrier, M.D.",≤100
111702860231554,Matt Lieberman,Matt Lieberman for Senate,≤100
681745912255844,John Cummings for Congress,CUMMINGS FOR CONGRESS,≤100
104767791245968,Corey Bailey for Congress,Corey Ryan Bailey,≤100
19342050934,Leadership Institute,LEADERSHIP INSTITUTE INC,≤100
350784278974539,Turning Point Action,Turning Point Action,≤100
209516845093,NRDC Action Fund,NRDC Action Fund,≤100
2309566456030859,Human Coalition Action,Human Coalition Action,≤100
1204754733024419,People's Power Grab,ACRONYM,≤100
265268336865693,Do Amore,Do Amore Limited Company,≤100
105010030848236,Bryant Cameron Webb,DR. CAMERON WEBB FOR CONGRESS,≤100
17432811417,Working Families Party,Working Families Party National Independent Expenditure Committee,≤100
30708742052,FCTRY,FCTRY,≤100
118204781638402,Pierce County Auditor's Office,Pierce County Auditor's Office,≤100
151525932186806,When Democrats Turn Out,WHEN DEMOCRATS TURN OUT PAC,≤100
373814729643508,Let America Vote,Let America Vote PAC and National Democratic Redistricting Committee,≤100
419237048158257,Susan Collins,COLLINS FOR SENATOR,≤100
598924810530984,Keeping America Great,FamTeeWorld,≤100
69983322463,Ted Cruz,TED CRUZ FOR SENATE,≤100
67626834312,National Women's Law Center,National Women's Law Center,≤100
15239367801,The Wilderness Society,"WILDERNESS SOCIETY, THE",≤100
210277954204,The Young Turks,"The Young Turks, Inc.",≤100
114207363352993,We Are In,Campion Foundation,≤100
971668776283950,PolicyEd,Hoover Institution,≤100
101646348136244,Major For Congress,Major for Congress,≤100
228132537208218,Tammy Duckworth,TAMMY FOR ILLINOIS,≤100
124530924015,Hank Gilbert,HANK GILBERT FOR CONGRESS,≤100
1925751504337881,MJ Hegar,MJ FOR TEXAS,≤100
105455840860559,Eagle Realm,Eagle Realm,≤100
107572730809638,End Money Bail California,"End Predatory & Unfair Money Bail, a coalition of justice reform and labor organizations. Committee major funding from Action Now Initiative, LLC, Patty Quillin, and Lynn Schusterman. Funding Details at www.fppc.ca.gov.",≤100
6236054211,Brady,Brady Campaign to Prevent Gun Violence,≤100
407664862957433,Ammar Campa-Najjar for Congress,AMMAR CAMPA-NAJJAR FOR CONGRESS,≤100
11791104453,NRDC,Natural Resources Defense Council,≤100
277414242013,Joyce Elliott for Congress,JOYCE ELLIOTT FOR CONGRESS,≤100
96171427550,Raja for Congress,FRIENDS OF RAJA FOR CONGRESS,≤100
104652824554993,Horse Heaven Wind Farm,Horse Heaven Wind Farm,≤100
107953199261156,ifaw,"INTERNATIONAL FUND FOR ANIMAL WELFARE, INC.",≤100
103654464668995,Home With Our Family,Alexander Chung,≤100
102555871470513,Jonny Meade for WA,Jonny Meade for WA,≤100
356482637745012,Stansberry Research,Stansberry Research,≤100
90022052772,Williams,"WILLIAMS COMPANIES, INC., THE",≤100
104504438466,Federal Voting Assistance Program - FVAP,Federal Voting Assistance Program,≤100
13063797831,Ben Ray Luján,PEOPLE FOR BEN,≤100
683872625157265,Theresa Greenfield,THERESA GREENFIELD FOR IOWA,≤100
107219774137789,Tim Hazelo for Congress WA 2nd District,Timothy Scott Hazelo,≤100
324558475104607,United We Dream Action,United We Dream Action,≤100
101210588150219,Boy Scouts Abuse Claims,X Social Media LLC,≤100
1540549669581410,Voices for Affordable Health,Voices for Affordable Health,≤100
107589664099282,Stand Up To China,"Stand Up To China, Inc.",≤100
345378512258813,Elise Stefanik,ELISE FOR CONGRESS,≤100
284946111858895,Debbie Mucarsel-Powell,DEBBIE FOR CONGRESS,≤100
6333396177,NewsBusters.org,MEDIA RESEARCH CENTER,≤100
1389807071117013,Lynn Afendoulis,Lynn Afendoulis for Congress,≤100
601108943431836,The Flip Side,TFS Inc,≤100
102592959026,Ocean Conservancy,"OCEAN CONSERVANCY, INC.",≤100
251532409629,Everett Public Schools-WA,Everett Public Schools,≤100
197760674021143,Indivisible Guide,INDIVISIBLE ACTION,≤100
72931140459,Center for Biological Diversity,"CENTER FOR BIOLOGICAL DIVERSITY, INC.",≤100
101165966152,AFL-CIO,AFL-CIO,≤100
143729616392084,Van Drew for Congress,Van Drew for Congress,≤100
221690171353068,Jay Obernolte,JAY OBERNOLTE FOR CONGRESS 2020,≤100
27544763621,Prison Fellowship,Prison Fellowship,≤100
2012750189007245,Liquid Death Mountain Water,Liquid Death,≤100
746938465317981,Nuclear Matters,Nuclear Matters,≤100
102745147891580,Trump Coolers,Eric Clifford Juels,≤100
142370046577999,Shahid Buttar for Congress,Shahid Buttar for Congress Committee,≤100
101481584557260,Help Asheville Bears-HAB,Heather Christina Williams,≤100
101459098271864,Vets United,Korie Lynn Padgett,≤100
110746996993983,The 'Gander Newsroom,"Courier Newsroom, Inc.",≤100
540707072979860,Brian Maryott,MARYOTT FOR CONGRESS,≤100
123087310074,Washington Policy Center,WASHINGTON POLICY CENTER,≤100
911828698840246,ReLEntless Defender Apparel,ReLEntless Defender Apparel,≤100
163302087408673,Stop The Donald,Stop the Donald,≤100
420785874975425,Conservative Institute,The Conservative Institute,≤100
410825846009652,Commune,"Commune Media, Inc.",≤100
550622028319900,Headlock Press,Headlock Press,≤100
416913748508616,We Welcome Refugees,We Welcome Refugees,≤100
106114264313679,Hunt The Vote,"Hunter Nation, Inc",≤100
186805048171120,U.S. & Texas LawShield,Texas LawShield,≤100
129255907131113,NumbersUSA,NUMBERSUSA EDUCATION AND RESEARCH FOUNDATION,≤100
42872222699,Dana Loesch,Dana Loesch Radio,≤100
130851487657790,Grapevine Logic,Grapevine Logic,≤100
2339203789732156,Kim Mangone for Congress,COMMITTEE TO ELECT KIM MANGONE FOR CONGRESS,≤100
183424985463330,Joe Cunningham,JOE CUNNINGHAM FOR CONGRESS,≤100
21559454473,FAIR,FEDERATION FOR AMERICAN IMMIGRATION REFORM,≤100
21472760578,C-SPAN,C-SPAN,≤100
15041226930,Oxfam,"OXFAM AMERICA, INC.",≤100
21834534343,Volunteers of America,"VOLUNTEERS OF AMERICA, INC.",≤100
55549065733,Voto Latino,VOTO LATINO INC.,≤100
43821078871,Transport Workers Union (TWU),Transport Workers Union of America,≤100
2081864865362439,Mike Espy,MIKE ESPY FOR SENATE CAMPAIGN COMMITTEE,≤100
186932688457686,CHNGE,CHNGE,≤100
119006106155684,PI Energy,Andrew P Chung,≤100
2078647579047586,Project Pulso,Project Pulso,≤100
215199482635728,Alek Skarlatos,ALEK FOR OREGON,≤100
331037760381749,Sierra Magazine,SIERRA CLUB,≤100
468906559794011,LaunchGood,LaunchGood Inc.,≤100
101077611641978,Elect Pat Kelleher for Kittitas PUD Commissioner,Patrick Steven Kelleher,≤100
281835005264380,Eric Swalwell,SWALWELL FOR CONGRESS,≤100
135298176481584,Marine Corps Scholarship Foundation,Marine Corps Scholarship Foundation,≤100
134452023239984,Human Coalition,Human Coalition,≤100
37636037076,Western States Center,WESTERN STATES CENTER INC,≤100
24481937944,Theodore Roosevelt Conservation Partnership,"THEODORE ROOSEVELT CONSERVATION PARTNERSHIP, INC",≤100
2037695643113766,Blexit,Blexit Foundation,≤100
934438026690635,YouGov,YOUGOV AMERICA INC.,≤100
661744180680367,National Police Association,"NATIONAL POLICE ASSOCIATION, INC.",≤100
100119981671668,Blue Senate,BLUE SENATE PAC,≤100
106756327769815,Stand For The Promise,Stand For The Promise,≤100
336498420458980,Eastern Washington Voters,EASTERN WASHINGTON VOTERS,≤100
103644036958,United Association,United Association Political Education Committee,≤100
873203482775828,Poor People's Campaign: A National Call for Moral Revival,Poor People's Campaign,≤100
105410567897348,Adopt an Officer,Adopt America LLC,≤100
8550121410,Free Speech America Project,MEDIA RESEARCH CENTER,≤100
830890360316751,Nick Hanauer,Civic Action,≤100
151757038879920,Alyse Galvin for Congress 2020,ALYSE FOR ALASKA,≤100
376776419037747,Turning Point USA,Turning Point USA,≤100
1917715138510680,Follow Your Legend,Legend Bracelet,≤100
108794587327155,Good Programs 2020,Trevor Dale Seaks,≤100
313426465202,Arizona Wildlife Federation,ARIZONA WILDLIFE FEDERATION,≤100
880357608781927,King County Paramedics Local 2595,International Association of Fire Fighters Local 2595,≤100
1359313624204993,Washington Term Limits,U.S. Term Limits Inc.,≤100
305832706292882,American Gun Association,GunAssociation.org,≤100
203330919857759,All On The Line,National Redistricting Action Fund,≤100
1741729849281711,Uber & Lyft Sexual Assault Attorneys,Safer America,≤100
100233228182981,Madison Cawthorn for Congress,CAWTHORN FOR NC,≤100
111519731642,Montana Wildlife Federation,MONTANA WILDLIFE FEDERATION,≤100
23790541544,Democrats,DCCC,≤100
181924628560212,SumOfUs,SumOfUs,≤100
1765073800454902,Reform Austin,Reform Austin Inc.,≤100
327202261326682,Stephanie Bice,Bice for Congress,≤100
775525186130124,Center for a Free Economy,Center for a Free Economy,≤100
149081336362,AmeriCorps VISTA,Corporation for National and Community Service,≤100
101352851565699,Somos PAC,SOMOS PAC,≤100
113474173781579,American Apparel AA,Click Wonders,≤100
6165653060,AFSCME,AMERICAN FEDERATION OF STATE COUNTY & MUNICIPAL EMPLOYEES,≤100
60236215646,LGBTQ Victory Fund,LGBTQ VICTORY FUND,≤100
118303441570966,Home Ownership Matters,NATIONAL ASSOCIATION OF REALTORS,≤100
53541257714,The Arc of the United States,The Arc with Facebook Ad Credits,≤100
118502801658228,Young Kim,Young Kim for Congress,≤100
782093245218764,Qasim Rashid,RASHID FOR VA,≤100
143089732792,Marsha Blackburn,Blackburn Tennessee Victory Fund,≤100
160513344045084,John Neely Kennedy,"John Kennedy for Us, Inc",≤100
209046616332309,Xochitl for Congress,Xochitl for New Mexico,≤100
45737047735,NARAL Pro-Choice Washington,NARAL Pro-Choice Washington,≤100
167968013767335,Julie Oliver,JULIE OLIVER FOR CONGRESS,≤100
114386721939978,The Made in America Store,Made In America Store,≤100
253791814655400,Doug Collins,"COLLINS FOR SENATE, INC.",≤100
42002969352,Center on Budget and Policy Priorities,Center on Budget and Policy Priorities,≤100
309993142375589,Joe Kennedy III,KENNEDY FOR MASSACHUSETTS,≤100
126694924050678,Xavier Becerra,Becerra for Attorney General 2022,≤100
109729897041138,David Richter,David Richter for Congress Inc,≤100
308159713150350,Voter Protection Project,VOTER PROTECTION PROJECT,≤100
977704775606273,Balls Deep Tackle,Balls Deep Tackle,≤100
166738743732702,All Above All Action,All Above All Action Fund,≤100
105306157754134,Biggerstaff for LD22,Biggerstaff for LD 22,≤100
188021101215532,Dulce Candy,Grapevine Logic,≤100
1600352356914768,PushBlack,PushBlack,≤100
169710960125365,Curzio Research,Curzio Research Inc.,≤100
1576236875930301,Global Cyber Alliance,Global Cyber Alliance with ad credits,≤100
293225127381200,Patriot Depot,The Patriot Depot,≤100
1192579580831773,Supermajority News,Supermajority,≤100
115617711783870,Center for Union Facts,CENTER FOR UNION FACTS,≤100
950998258312654,Knowhere,"Knowhere, Inc.",≤100
323057528048557,LGBTQ Victory Institute,LGBTQ Victory Institute,≤100
655065784538368,PredictIt,"PredictIt - Prediction Markets. A project of Victoria University of Wellington, PredictIt has been established to facilitate research into the way markets forecast events.",≤100
107710887461480,Yes On IP34,Yes on IP 34,≤100
237477017606,Club for Growth,Club for Growth,≤100
249455845761285,Lindsey Must Go,LMG PAC,≤100
192771954102960,Jordan Sekulow,American Center for Law and Justice,≤100
357554791340788,Liker,Omar Rivero,≤100
175068270105,Seattle's Union Gospel Mission,SEATTLE'S UNION GOSPEL MISSION,≤100
1650912568481299,Front and Centered,Front and Centered,≤100
344690446467832,The Copper Courier,"Courier Newsroom, Inc.",≤100
181693538873096,"Nathaniel Paul, Keller Williams Realty North Sound",Nathaniel Paul - Keller Williams,≤100
1653251174924652,Fuzzu,Fuzzu,≤100
551158678560402,Epimonia,Epimonia LLC,≤100
217976018236954,OutKick,Outkick Media LLC,≤100
819607471729183,Dr. Al Gross for US Senate,DR. AL GROSS FOR U.S. SENATE,≤100
245741028804051,Barbara Sinatra Center,Barbara Sinatra Children's Center,≤100
173837496125511,Conscious Step,Conscious Step,≤100
19746387261,Humane Society International,Humane Society International,≤100
83290028957,Care Net,CARE NET,≤100
11111618026,Union of Concerned Scientists,"UNION OF CONCERNED SCIENTISTS, INC.",≤100
100501091325122,Call for Congress,COMMITTEE TO ELECT JASON CALL,≤100
87186661244,Johns Hopkins Bloomberg School of Public Health,Johns Hopkins Bloomberg School of Public Health,≤100
151730785035867,Ferndale Schools,Ferndale School District,≤100
108506830560787,Jessica Scarane,JESS SCARANE FOR DELAWARE,≤100
109459597525704,Living in Liberty,Korie Lynn Padgett,≤100
1600300510259910,For Our Future Pennsylvania,For Our Future Action Fund,≤100
105984667872147,Patriotic Liberty,Vivian Lam Nguyen,≤100
17203056985,Partners In Health,Partners In Health,≤100
1562713090633117,Operation Underground Railroad,"Operation Underground Railroad, Inc.",≤100
2259323457517498,Abolish the Electoral College,ABOLISH THE ELECTORAL COLLEGE,≤100
20531316728,Facebook App,These ads ran without a disclaimer,≤100
157810487611661,Freethink,Freethink,≤100
856208611420219,Christina Finello,FINELLO FOR CONGRESS,≤100
628891490457484,Nancy Mace,Nancy Mace for Congress,≤100
523716164641742,SMART Advertisement LLC,Timothy Ryan Marlowe,≤100
176466646087311,DC Fawcett,Donald Chappell Fawcett,≤100
316887658336677,My Control Card,"NETSPEND HOLDINGS, INC.",≤100
1526736227567131,TrueCoverage,True Coverage,≤100
112333396969405,Jim Bognet,Bognet for Congress,≤100
399366360669553,Jamaal Bowman for Congress,Bowman For Congress,≤100
212025079529295,New Americans Campaign,New Americans Campaign,≤100
586751814690068,Joni Ernst,Joni for Iowa,≤100
443329669123990,USAFacts,USAFacts Institute,≤100
12683623041,Society for Human Resource Management (SHRM),SOCIETY FOR HUMAN RESOURCE MANAGEMENT,≤100
593289284500311,Trump Rack,BOXD Marketing,≤100
814260155318929,The Fairness Project,The Fairness Project,≤100
328065780936817,Forest Fire Facts,Forest Fire Facts,≤100
153278754738777,Climate Reality,The Climate Reality Project,≤100
127216280686110,Ann Wagner,Ann Wagner for Congress,≤100
223008867858902,American Action News,American Action News,≤100
109709397469494,Dignity Unbound,Dignity Unbound,≤100
101237551589520,Tactical Patriot,Trizzie Truong,≤100
178024352559210,Great America PAC,GREAT AMERICA PAC,≤100
79820371749,Ayanna Pressley,THE SQUAD VICTORY FUND,≤100
1800072483402009,African Community & Conservation Foundation,African Community & Conservation Foundation,≤100
131058900273186,"Quiroga Law Office, PLLC","Quiroga Law Office, PLLC",≤100
135217359858599,Pacific Northwest Waterways Association (PNWA),Pacific Northwest Waterways Association,≤100
485980975070908,Abigail Spanberger,SPANBERGER FOR CONGRESS,≤100
109360297266116,Fearless Patriot,TERESA NONE OHARA-MARSH,≤100
248181906078243,National Institute for Civil Discourse,CommonSense American,≤100
195530355493,Chicks On The Right,Chicks on the Right,≤100
169597416843751,Stand Up America,Stand Up America,≤100
63040092532,University of Washington College of Education,University of Washington College of Education,≤100
281844617168,Jewish Voice Ministries International,JEWISH VOICE MINISTRIES INTERNATIONAL,≤100
357750373755,National Domestic Workers Alliance,National Domestic Workers Alliance,≤100
102875587947942,Keep Trump In Office,Keep Trump In Office,≤100
117437204982602,American Wild Horse Campaign,American Wild Horse Campaign,≤100
747783932079184,Jared Golden for Congress,COMMITTEE TO ELECT JARED GOLDEN,≤100
112164673854264,Living Patriotically,Living Patriotically,≤100
102512224765633,PeeLitical Trump Target,Pee-Litical Targets,≤100
586668184800753,Iron Workers District Council of the Pacific Northwest,IRON WORKERS DISTRICT COUNCIL OF THE PACIFIC NORTHWEST,≤100
131306317680000,Social Goods,"Social Goods, LLC",≤100
7219151423,The Fund for American Studies (TFAS),The Fund for American Studies,≤100
143986912311328,University of Vermont Continuing and Distance Education,University of Vermont,≤100
21492729544,Catholic Relief Services,CATHOLIC RELIEF SERVICES - UNITED STATES CONFERENCE OF CATHOLIC BISHOPS,≤100
2049170775107862,Resistance By Design,Resistance By Design,≤100
115364585711,Lawyers' Committee for Civil Rights Under Law,Lawyers' Committee for Civil Rights Under the Law with Facebook Ad Credits,≤100
102916288137405,The Daily Republican,USA Movements LLC,≤100
101485931485408,UNITEDemocrats,UNITEDEMOCRATS PAC,≤100
104026664312800,Jesse Jensen for Congress,JESSE JENSEN FOR CONGRESS,≤100
51379424899,Mercy Ships,MERCY SHIPS INTERNATIONAL,≤100
111663158887300,Tacoma Rescue Mission,"RESCUE MISSION, THE",≤100
295533050495998,Abogado de Inmigracion Jorge Rivera - Immigration Group LLC,Michael A Castillo,≤100
44255328352,Farm Forward,Farm Forward,≤100
296295018082,AARP en Español,AARP,≤100
1055873511190792,Hello Resistance,Hello Resistance Apparel,≤100
419992651425033,Guardianes del Pueblo-Consumer Law Group,Consumer Law Group,≤100
1667892193505378,Hold the House,HOLD THE HOUSE PAC,≤100
103801844298982,Team Collins,COLLINS FOR SENATOR,≤100
408250066356,Bill O'Reilly,"Bill Me, Inc.",≤100
256521221031254,Spokane River Forum,Spokane River Forum - EnviroCertified,≤100
219224241438635,Compassion & Choices,COMPASSION & CHOICES,≤100
58158120046,ACLJ,American Center for Law and Justice,≤100
1709145412721991,The Center for Growth and Opportunity at Utah State University,The Center for Growth and Opportunity,≤100
303817256420208,Leslie Rutledge for Arkansas,Leslie Rutledge for Governor,≤100
104667417857551,United Association LLC,United Association LLC,≤100
103315378108004,True Patriot Strength,LE-HUU DONG HUYNH,≤100
1551109418518461,The Honest Patriot,Amundson Media LLC,≤100
102636677971854,Trump Is The Storm,Legendary Trump Coins,≤100
141692255929599,Democratic Socialists of America,DEMOCRATIC SOCIALISTS OF AMERICA INC,≤100
810122486032496,Jackie Gordon,JACKIE GORDON FOR CONGRESS,≤100
294879797332635,Debbie Dingell,DEBBIE DINGELL FOR CONGRESS,≤100
153678684700451,American Investment Council,AMERICAN INVESTMENT COUNCIL,≤100
112735922758892,Charlie Kirk,Charlie Kirk,≤100
50576707351,Republican State Leadership Committee,Republican State Leadership Committee,≤100
181183059253295,Dorsal Bracelets,Dorsal Bracelets,≤100
105536127617594,The American Digest,The American Digest,≤100
123965317665623,N-Hance Wood Refinishing,N-Hance Inc.,≤100
104684067632334,Unite the Country,UNITE THE COUNTRY,≤100
55549065733,Voto Latino,Voto Latino with Facebook Ad Credits,≤100
1841824626073676,Candace Valenzuela for Congress,CANDACE FOR 24,≤100
13885075114,Action Against Hunger USA,ACTION AGAINST HUNGER - USA,≤100
1012679305536045,Elissa Slotkin for Congress,ELISSA SLOTKIN FOR CONGRESS,≤100
50711561090,Muslim Advocates,MUSLIM ADVOCATES,≤100
785936231584382,Paula Jean Swearengin,Paula Jean for West Virginia,≤100
1852520761657982,4ocean,4ocean,≤100
361960287311696,Better Medicare Alliance,"Better Medicare Alliance, Inc",≤100
101329438317952,Story Network Action,Story Network Foundation,≤100
104999157884486,Judge David E. Freeman,Committee to Elect Judge David E. Freeman,≤100
2118624975095038,Stephen Daniel for Congress,STEPHEN DANIEL FOR CONGRESS,≤100
116222966843926,US Concealed,US Concealed,≤100
61878332769,ICNA Relief,ICNA RELIEF USA PROGRAMS,≤100
106487520883333,Cardinal & Pine,"Courier Newsroom, Inc.",≤100
101252258324890,The Con,Abramorama Inc.,≤100
104919414599745,People Over Profits,"The People Over Profits Florida, Inc.",≤100
189452770432,Women's Campaign Fund,WOMENS CAMPAIGN FUND INC,≤100
317284821682168,Messianic Jewish Alliance of America (MJAA),Messianic Jewish Alliance of America,≤100
1005566252861190,VOTEPROCHOICE,DEMOCRATS.COM,≤100
751679868274074,Hope for Students,THE EXPECTATIONS PROJECT INC,≤100
111934633865595,Munson For Judge,Munson For Judge,≤100
100101018155207,Paid Leave for All,Paid Leave for All a project of Hopewell Fund,≤100
172758932738142,PhRMA,PHARMACEUTICAL RESEARCH AND MANUFACTURERS OF AMERICA,≤100
587676831343390,Raheem AI,RAHEEM AI,≤100
91223411833,Medical Teams International,Medical Teams International,≤100
103924401336622,Toddforthe10th,Edwin Todd Buckley,≤100
243510442756370,Justice Democrats,JUSTICE DEMOCRATS PAC,≤100
100357018393041,Together We Stand,Grant Alan Johnston,≤100
548407915183371,Liz Cheney,Liz Cheney for Wyoming,≤100
227764782729,AMERICAN - STRONG!,American Strong LLC,≤100
291102898490822,Giant Maga Hat,Inventors club LLC,≤100
107698564046392,Lauren Boebert for Congress,LAUREN BOEBERT FOR CONGRESS,≤100
134597023235240,Rashida Tlaib,RASHIDA TLAIB FOR CONGRESS,≤100
101295517956158,Tricia Zunker for Wisconsin,Tricia Zunker for Wisconsin,≤100
29008276590,The Salvation Army Greater New York Division,The Salvation Army,≤100
121626482110,Operation Smile,"OPERATION SMILE, INC.",≤100
205395906412,UAW International Union,"INTERNATIONAL UNION, UNITED AUTOMOBILE, AEROSPACE AND AGRICULTURAL IMPLEMENT WORKERS OF AM",≤100
412739549455010,Karena Reiter,PrimaDonna Reeds,≤100
109678580574253,Politicool Clothing Co.,PolitiCoolClothing.com,≤100
99056648937,NIAC,NIAC Council,≤100
422202764649078,Rhode Island Department of Education - RIDE,Rhode Island Department of Education,≤100
107847454354960,Weekly American Lifestyle,Steve San,≤100
345946329411380,Petal Soap,Jason Paul Domangue,≤100
121033149320,American Indian College Fund,"AMERICAN INDIAN COLLEGE FUND, THE",≤100
868259909915525,Susie Lee,Susie Lee for Congress,≤100
34701792581,EWTN,Eternal Word Television Network,≤100
114885646899438,Mr. 45th,Clush,≤100
360424321432255,Doha Debates,Doha Debates,≤100
7962229886,Environmental Working Group,ENVIRONMENTAL WORKING GROUP,≤100
373814729643508,Let America Vote,LET AMERICA VOTE PAC,≤100
1530883997194411,United States Constitution,Flag and Cross,≤100
396932197039819,SafeSleeve,"SafeSleeve, LLC",≤100
191247007554047,Center of the American Experiment,Center of the American Experiment,≤100
116534199732974,USA Carry Online,USA Carry Online,≤100
896759427103774,Modern Medicaid Alliance,Modern Medicaid Alliance,≤100
281884085611820,Tedra Cobb,COMMITTEE TO ELECT TEDRA COBB,≤100
1859113087545137,Learn Everywhere,"yes. every kid, Inc.",≤100
384557995468219,Viral Casez,Viral Casez,≤100
1488803804538481,Mike Siegel for Congress - TX-10,MIKE SIEGEL FOR CONGRESS,≤100
103185334702225,Stop Trump PAC,STOP 45 PAC,≤100
20876805343,March of Dimes,MARCH OF DIMES INC.,≤100
134597023235240,Rashida Tlaib,THE SQUAD VICTORY FUND,≤100
1934191280189700,Health Care Voter,Health Care Voter,≤100
7735858972,Humane Society Legislative Fund,Humane Society Legislative Fund,≤100
711909245654048,National Police Support Fund,National Police Support Fund,≤100
51949171587,Cross International,"CROSS INTERNATIONAL, INC.",≤100
207549645977714,Families Belong Together,Families Belong Together,≤100
338218229911752,Integrity First PAC,INTEGRITY FIRST PAC,≤100
260366367717440,Committee to Protect Medicare,Committee to Protect Medicare,≤100
104614641200137,MeidasTouch,MEIDASTOUCH,≤100
206590736197463,Moving Forward Network,Moving Forward Network,≤100
102540204580217,UpNorthNews,"Courier Newsroom, Inc.",≤100
232201568659,Pacific Justice Institute,PACIFIC JUSTICE INSTITUTE,≤100
108296990863730,Hero Action Fund,Hero Action Fund,≤100
350692761610088,Matt Cartwright for U.S. Congress,CARTWRIGHT FOR CONGRESS,≤100
95483488591,Democratic Party of Wisconsin,DEMOCRATIC PARTY OF WISCONSIN,≤100
202531447982,Jimmy Chin,Protect Our Winters,≤100
375301089246439,Thom Tillis,THOM TILLIS COMMITTEE,≤100
255208337943901,Jobs Growth,"JOBS FREEDOM AND SECURITY PAC, Not authorized by any candidate or candidate’s committee.",≤100
113310617054164,Trump Baseball Bats,Trump Baseball Bats,≤100
111772843789224,HURD PAC,HAVING UNWAVERING RESOLVE AND DETERMINATION PAC,≤100
109200595768753,The Christian Left,The Christian Left,≤100
108173075911611,National Association of Letter Carriers,National Association of Letter Carriers,≤100
892673067526965,Project War Path,Project War Path,≤100
102478061559294,Convention on Founding Principles,Convention on Founding Principles,≤100
248306181862385,Live Lokai,Denise L Reina,≤100
260366367717440,Committee to Protect Medicare,Committee to Protect Medicare PAC,≤100
102756811269921,Fellow Americans,Fellow Americans,≤100
747436915270894,Congressional Leadership Fund,CONGRESSIONAL LEADERSHIP FUND,≤100
21395843375,Dialysis Patient Citizens,DIALYSIS PATIENT CITIZENS INC,≤100
1255802544578324,CASA Clark County,YWCA Clark County,≤100
140357056032320,NEA Today,National Education Association,≤100
210357995667559,The National Memo,The National Memo,≤100
7209432197,Chris Coons,CHRIS COONS FOR DELAWARE,≤100
243947752771440,TJ Cox for Congress,TJ COX FOR CONGRESS,≤100
664770743730817,Dan Feehan for Congress,FRIENDS OF DAN FEEHAN,≤100
107037332686173,Michelle Fischbach for Congress,FISCHBACH FOR CONGRESS,≤100
79820371749,Ayanna Pressley,THE COMMITTEE TO ELECT AYANNA PRESSLEY,≤100
174467403129304,Yoopine,Yoopine Inc.,≤100
405469100189512,Still My President - Donald Trump,Red State Politics LLC,≤100
108512875350,The Atlas Society,The Atlas Society,≤100
101874978291860,Democratstorefront,These ads ran without a disclaimer,≤100
832107710207069,Pam Keith FL,Committee to Elect Pam Keith,≤100
420424547981908,In Search of Liberty,Scott Dennis Welch,≤100
1679521432262834,Physicians Grassroots Network,American Medical Association,≤100
75353945070,Boxed Water Is Better,Boxed Water Is Better,≤100
106402714456835,Trees 4 Australia,Trees4Australia,≤100
79125112926,Students for Life of America,"STUDENTS FOR LIFE OF AMERICA, INC.",≤100
100401327980848,National Parents Union,National Parents Union,≤100
103108831420935,Joe Z for District 3,Joe Z for District 3,≤100
61265398450,AmeriCorps NCCC,Corporation for National and Community Service,≤100
113341064736,American Conservative Union,American Conservative Union,≤100
598720023670599,Jennifer Carroll Foy,Jennifer Carroll Foy for Governor,≤100
112600915451330,No Labels,No Labels,≤100
333081284065216,Brynne Kennedy for Congress,BRYNNE KENNEDY FOR CONGRESS,≤100
73970658023,International Rescue Committee,International Rescue Committee,≤100
7100914121,American Experience | PBS,WGBH EDUCATIONAL FOUNDATION,≤100
114971076538782,The Keystone,"Courier Newsroom, Inc.",≤100
1628679613829742,Josh Hicks,Josh Hicks for Congress,≤100
103144548151014,Adrian Perkins,Perkins for LA,≤100
123624513983,The Western Journal,The Western Journal,≤100
394817334402124,2020 Trump Bill,Innovative Ecomm LLC,≤100
142992759853421,Be A Hero,BE A HERO PAC,≤100
129523843754764,Vote Smart,PROJECT VOTE SMART,≤100
336470580233523,Pins and Aces Golf Co.,US Craft Brands LLC,≤100
102729624670835,MinuteStats,Minute Stats,≤100
1634651343331439,Project Wren,Landon Brand,≤100
369214063089791,Lummis for Wyoming,LUMMIS FOR WYOMING INC.,≤100
502320477205654,I’m Bout Making My Ancestors Proud,Heritage Hill LLC,≤100
7890108747,Conservation Northwest,CONSERVATION NW,≤100
1819658374974706,Arena,Arena PAC,≤100
59877921429,Lutheran Immigration and Refugee Service,"LUTHERAN IMMIGRATION AND REFUGEE SERVICE, INC.",≤100
375760676281438,Mermaid Straw,Mermaid Straw,≤100
110010433804232,Falkirk Center,Falkirk Center,≤100
1084856268238034,Trump Talking,Roberto None Lugo,≤100
592347634460462,Partnership for America's Health Care Future,Partnership for America's Health Care Future,≤100
111970730196550,World War Zero,AMERICAN SECURITY PROJECT,≤100
953113491536337,Black to the Future Action Fund,Black to the Future Action Fund,≤100
1947525322184514,One Fair Wage,One Fair Wage,≤100
1627212824167934,Men4Choice,Men4Choice,≤100
946887545335976,Association of American Universities,The Association of American Universities (AAU),≤100
104394964249365,Washington Economic Development Association,Washington Economic Development Association,≤100
149366465128820,Nicole Galloway,Nicole Galloway for Missouri,≤100
1747132688647028,Democratic Association of Secretaries of State,Democratic Association of Secretaries of State,≤100
265045056894488,Mark Meckler,Convention of States Action,≤100
1393911800825140,OZY,OZY Media Inc,≤100
30914589895,The International Fellowship of Christians and Jews,"INTERNATIONAL FELLOWSHIP OF CHRISTIANS & JEWS, INC.",≤100
531623043662146,Flags of Valor,Flags of Valor,≤100
101690998009007,Improving Life Through Health,Nicolette Dalan,≤100
105370081104608,Veterans for Trump,TRUMP MAKE AMERICA GREAT AGAIN COMMITTEE,≤100
156994304362574,American Bridge 21st Century,AB PAC,≤100
325578590837480,Obamacare,Sixteen Thirty Fund,≤100
100196398429930,Gregory Allen for Lieutenant Governor of Washington,Gregory allen for Lt Governor,≤100
2046092952294722,Lucy McBath for Congress,FRIENDS OF LUCY MCBATH,≤100
123500462249,Oregon Food Bank,"OREGON FOOD BANK, INC.",≤100
107248944146204,Carlos Gimenez for Congress,Carlos Gimenez for Congress,≤100
8749090685,GoDaddy,GoDaddy,≤100
1640970822834351,Plaine Products,Plaine Products,≤100
117641114435,First Aid Beauty,First Aid Beauty,≤100
1654391474785866,Sybrina Fulton,"Sybrina Fulton for Miami-Dade County Commission, District 1, Nonpartisan",≤100
10498053716,Media Research Center,MEDIA RESEARCH CENTER,≤100
106166404519806,Black Lives Matter,Bryan Daley,≤100
108683164271262,Patriots for Life,Grant Alan Johnston,≤100
113483583785181,Patriotic Citizens,Vivian Lam Nguyen,≤100
103276641416832,The Juggernaut Project,JUGGERNAUT PROJECT LLC,≤100
162695894106234,Co-ops Vote,National Rural Electric Cooperative Association,≤100
8532248414,Wounded Warrior Project,"WOUNDED WARRIOR PROJECT, INC.",≤100
107730520999861,Nicolaus Sleister for Senate,CITIZENS FOR NICOLAUS SLEISTER,≤100
7292655492,MoveOn,MOVEON.ORG CIVIC ACTION,≤100
2040270322863853,Tina Smith,TINA SMITH FOR MINNESOTA,≤100
306591716448427,Cindy Axne,CINDY AXNE FOR CONGRESS,≤100
5633824547,FreedomWorks,"FREEDOMWORKS, INC.",≤100
101485404914361,Bad News Wares,Bad News Wares,≤100
102180301437619,2020 American Defense Fund,C3 PAC,≤100
808450969246896,"Rebecca Walser, Tax Attorney, CFP",Walser Wealth Management,≤100
289213691238937,Thrasher Coffee,Thrasher Coffee Co.,≤100
278487153675,Redneck Nation Clothing,Tracie Milliron Gold,≤100
38882699096,Polaris,POLARIS PROJECT,≤100
133294620046953,Mission India,MISSION INDIA INC,≤100
5943727453,American Humane,American Humane,≤100
107898280953713,Make Every Day Great,Richard Brochetti,≤100
53727956260,Republican Jewish Coalition,Republican Jewish Coalition,≤100
19474609238,Mercatus Center at George Mason University,Mercatus Center at George Mason University,≤100
9739634228,The Political Machine,"Hitcents.com, Inc",≤100
54787697857,Ron Wyden,WYDEN FOR SENATE,≤100
103403971353908,Snap Medicare,These ads ran without a disclaimer,≤100
1708467695859543,Veteran Transition Mission,Sonia Ivelisse Barriera Ayala,≤100
178835922297833,American Clinical Laboratory Association,American Clinical Laboratory Association,≤100
497081420632330,Dr. Hiral Tipirneni,HIRAL FOR CONGRESS,≤100
169277310432049,"Texas Precision Optics, Inc.",Texas Precision Optics Inc,≤100
90498769709,Edenpure,EdenPURE®,≤100
101181794707874,United Research Group,United Research Group,≤100
201956993160690,MRCTV,MEDIA RESEARCH CENTER,≤100
172783160290727,New Civil Liberties Alliance,NEW CIVIL LIBERTIES ALLIANCE,≤100
103929304678916,Voter Action Project,Integrity First Voter Action Project,≤100
194115677277113,A21,A21 with Facebook Ad Credits,≤100
1789651861157958,Values To Action,Values to Action,≤100
198875903295,Trek Bicycle,TREK BICYCLE CORPORATION,≤100
374848446414965,Pollking,Benjamin Aaron Perlman,≤100
198296877515470,Switch4Good,Switch4Good,≤100
466164103423147,Thorn,Thorn with Facebook Ad Credits,≤100
789546641178807,Brand New Congress,Brand New Congress,≤100
100123544800892,Disme Coin Company,Byron Michael Laughlin,≤100
56332452163,AMA Patients Action Network,American Medical Association,≤100
24470472733,The Trevor Project,The Trevor Project,≤100
290548664672,First Liberty,First Liberty Institute,≤100
108029674299216,We The People,We The People,≤100
173470656019870,The Daily Yonder,Great Stories LLC,≤100
96159580682,Maine Democratic Party,MAINE DEMOCRATIC PARTY,≤100
1441431779211032,Power to Impeach,POWER TO IMPEACH,≤100
1945237355733646,Giving Brush,Giving Brush LLC,≤100
102175879855284,Harper Perennial,HARPERCOLLINS PUBLISHERS L.L.C.,≤100
1784991421516214,Seek Refuge,Seek Refuge,≤100
103934071014071,Fire Drill Fridays,"GREENPEACE, INC.",≤100
9316648525,The Chicago School of Professional Psychology,TCS Education System,≤100
101164484986617,To Be Frank Show,Real News PR,≤100
167139593306791,ACLU of Michigan,AMERICAN CIVIL LIBERTIES UNION,≤100
125649561365522,J.D. Scholten,SCHOLTEN4IOWA CAMPAIGN COMMITTEE,≤100
105031414415024,Francis Malofiy,Francis Malofiy,≤100
1424655311129385,Proud Pour,Proud Pour,≤100
322044193958,Mike Turner for Congress,Citizens for Turner,≤100
100817908371975,The Patriot Authority,Catherine Sue Mantooth,≤100
105943157686335,Trust Michigan Families,TRUST MICHIGAN FAMILIES,≤100
18957518672,Rock the Vote,Teja Renee Foster,≤100
1439364926329185,Animal Matters,Animal Matters,≤100
105835711208027,The Progressive List,THE PROGRESSIVE LIST,≤100
111001597165583,Brandon Wilkinson for US Congress,Missouri for Brandon Wilkinson,≤100
21455818797,Feed the Children,"FEED THE CHILDREN, INC.",≤100
352527958302,Israel on Campus Coalition,Israel on Campus Coalition,≤100
960687040731425,Twist it Up Urban Styling Comb,Twist It Up Inc,≤100
260754507296508,The Voter Participation Center,Voter Participation Center,≤100
169440273093442,The Center for Election Science,The Center for Election Science,≤100
979720542211350,Humanize Being Black,Keyshun Quantarious Holmes,≤100
53541257714,The Arc of the United States,"ARC OF THE UNITED STATES, INC., THE",≤100
956150571077941,SimCity BuildIt,These ads ran without a disclaimer,≤100
405381432827374,Pierce County,Pierce County Human Services,≤100
839073729808623,Hillary Scholten,SCHOLTEN FOR CONGRESS,≤100
111023584012681,Open Road Homeward,Samantha Lyn Weldon,≤100
101176014673943,Michelle for Kansas,MICHELLE FOR KANSAS,≤100
107014007357252,The Veteran's Story,Kenneth Kenmochi,≤100
2070944712939738,American Police Officers Alliance,American Police Officers Alliance,≤100
18813753280,Human Rights Campaign,Human Rights Campaign Foundation,≤100
102499901286348,Bold Vision P.C.,Bold Vision PC,≤100
514167322309353,Dan Crenshaw,Dan Crenshaw for Congress,≤100
1666765336892421,"Lori Stegmann, Multnomah County Commissioner, District 4",Multnomah County,≤100
1799282383731277,TwoSeventy,Alexander Jared Deutsch,≤100
130945114804,World Jewish Congress,WORLD JEWISH CONGRESS AMERICAN SECTION INC,≤100
1678492922390061,WorkingNation,WorkingNation,≤100
868405419972384,The Outrage,The Outrage,≤100
345347582335650,Francia Raisa,Grapevine Logic,≤100
1721333671443168,Majority Forward,MAJORITY FORWARD,≤100
717417908274761,Lady Freethinker,Lady Freethinker,≤100
107665644228467,Conservative Journal Review,Conservative Journal Review LLC,≤100
455147011996099,The Ann and Phelim Scoop,The Unreported Story Society,≤100
343175436328856,CA Needs Energy Storage,California Alliance for Renewable Energy Solutions,≤100
308995995850416,Curt Gordon,The Committee to Elect Curt Gordon,≤100
1869687273277265,Run for Something,Run For Something PAC,≤100
176099072429809,Oceana in Florida,OCEANA,≤100
1425435377743310,Conversations with Bill Kristol,The Foundation for Constitutional Government,≤100
1658135304460341,MANG,MANG,≤100
17475614410,Hispanic Federation,Paid for by Hispanic Federation with Facebook Ad Credits,≤100
433329963408596,Lime Lush Boutique,These ads ran without a disclaimer,≤100
117144508670456,GUNVOTE,National Shooting Sports Foundation,≤100
108066350761595,United Workers Party,United Workers' Party,≤100
7642602143,Mother Jones,FOUNDATION FOR NATIONAL PROGRESS,≤100
103131054573692,Crawfordology,Crawfordology,≤100
1234251319933440,Exclusive Apparel,The Dude's Threads,≤100
84258068778,FIRM Action,Center for Community Change Action,≤100
108152933883451,TrumpTrendz,Troy Lorenzo Davis,≤100
531739923640641,Pill Club,These ads ran without a disclaimer,≤100
58401218435,National Pork Producers Council,National Pork Producers Council,≤100
10331123781,Special Olympics,Special Olympics Inc,≤100
114475890010131,Piggy Dollar Financial,Tyler Wayne Hedland,≤100
103859441027698,Heartland Priorities,DCCC,≤100
589913688039969,Michigan Online,University of Michigan,≤100
582293558518300,Abby Broyles,ABBY BROYLES FOR US SENATE,≤100
112442437191294,National Anti-Racism Teach-In,National Anti-Racism Teach-In,≤100
570524446405979,Only Human,Only Human,≤100
101391906600,Live Action News,Live Action News,≤100
219247332354785,Phil Arballo for Congress,ARBALLO FOR CONGRESS,≤100
2165983337048601,LeverforChange,Lever for Change,≤100
905023632893973,Reproaction,Reproaction,≤100
315151565831,Ascension,Ascension Press,≤100
105872574403318,Project TAMMI,a research grant at The National Center on Addiction and Substance Abuse (CASA),≤100
105157841248307,No Filter Politics,No Filter Politics,≤100
111237577031486,AquiPor Technologies,William Powers,≤100
83865976093,Truthout,TRUTHOUT,≤100
1612726335627171,We the Internet TV,We the Internet TV,≤100
1086209354874961,Resilience Force,"NEO PHILANTHROPY, INC.",≤100
1397799040234106,OpinionUP,OpinionUP LLC,≤100
872842866161157,One Nation Design,One Nation Design,≤100
1438882392887793,ADF Church Alliance,Alliance Defending Freedom,≤100
131217580266597,National Council on Aging,"NATIONAL COUNCIL ON AGING, INC.",≤100
7609325759,Jim McGovern,RE-ELECT MCGOVERN COMMITTEE,≤100
69039563201,Open Doors USA,"OPEN DOORS WITH BROTHER ANDREW, INC.",≤100
802271849850801,Freedom for All Americans,Freedom for All Americans,≤100
341240953385902,Force Of Nature Meats,Force of Nature,≤100
186538388091065,Operation Sacred Trust,Purpose Built Families Foundation,≤100
2133130356918764,Common Justice,COMMON JUSTICE INC,≤100
614134231980299,Veterans Empowered To Protect African Wildlife,VETPAW INC,≤100
109243500822158,The Greater Brand,Benjamin Pendera Ijah,≤100
110798880680061,USA Strong,USA Strong,≤100
100722328329613,Every Single Vote,Every Single Vote,≤100
497741237272262,Susan Wild for Congress,Susan Wild for Congress,≤100
323792034683,World Socialist Web Site,World Socialist Web Site,≤100
1452551204988299,GoReact,Speakworks Inc,≤100
227535924071462,Animal Petitions,AnimalPetitions.org,≤100
154510321337994,Chris Pappas for Congress,CHRIS PAPPAS FOR CONGRESS,≤100
272618896537776,America First Agenda,America First Agenda PAC,≤100
999775873528189,Stopping Socialism,The Heartland Institute,≤100
521355677879972,Clark County Latino Youth Conference,Lacey Jean Faught,≤100
103653994359958,Harvard Forward,The Boarding School,≤100
51274163696,ACLU of Washington,American Civil Liberties Union of Washington,≤100
158505287559920,Save the Storks,Diane Patricia Ferraro,≤100
411431975550358,Marc Veasey,MARC VEASEY CONGRESSIONAL CAMPAIGN COMMITTEE,≤100
105561217523274,The_Dispatch,"Dispatch Media, Inc.",≤100
101127364972509,Dems For USA,Dems For USA,≤100
680549575421741,UnitedVoice.com,"Beachside Media, Inc.",≤100
107937014153581,Energized Health,John Jubilee Transformation LLC DBA Energized Health,≤100
566008736785269,Be Heard Project,Be Heard Project,≤100
1575548746014602,The Order of Rights,These ads ran without a disclaimer,≤100
317667194946264,Ro Khanna,RO FOR CONGRESS INC,≤100
2462191704005828,Rainey Center,The Joseph Rainey Center for Public Policy,≤100
140877979844,American Gas Association,AMERICAN GAS ASSOCIATION,≤100
304062610300415,VozWire,Gregson E Mathe,≤100
110588273989071,Joe's Joe,Joes Joe LLC,≤100
174046949421616,Phenomenal Woman Action Campaign,Phenomenal Woman Action Campaign,≤100
38897314734,The Trust for Public Land,"TRUST FOR PUBLIC LAND, THE",≤100
1763799510583441,Vitamin D to the Rescue,Vitamin D to the Rescue,≤100
1636216106590985,Josh Hawley,JOSH HAWLEY FOR SENATE,≤100
104126021393319,MAGA Supply,L&N Enterprises,≤100
289634374392752,ConservAmerica,ConservAmerica,≤100
83565478326,VB Attorneys,VB Attorneys,≤100
161356730701227,Amanda Stuck,Amanda Stuck for Congress,≤100
682990071843813,Center for the Study of Liberty,Center for the Study of Liberty,≤100
313723095478950,The Daily Citizen,Focus on the Family,≤100
169130743498585,Tactical Pro Supply,Chad Keller,≤100
103373224404755,Impact Slates,COLLECTIVE IMPACT PAC,≤100
1621690511405010,Civic Action,Civic Action,≤100
334748476594191,Rodney Davis,Rodney for Congress,≤100
290851614930809,Combat AntiSemitism,Combat Anti-Semitism,≤100
103966331128460,Trump Train 2020 Campaign Tour,The Trump Train,≤100
16534314739,Facing History and Ourselves,"FACING HISTORY AND OURSELVES NATIONAL FOUNDATION, INC.",≤100
1156676274461345,Mikie Sherrill,MIKIE SHERRILL FOR CONGRESS,≤100
746838268687634,Tom O'Halleran,TOM O'HALLERAN FOR CONGRESS,≤100
128419960511627,Public Health - Seattle & King County,Public Health -- Seattle & King County,≤100
1653885501501009,Propeller,Propeller Enterprises,≤100
398799110143354,Lev Haolam - Supporting Israel,These ads ran without a disclaimer,≤100
5887538795,Education Week,Education Week,≤100
115364585711,Lawyers' Committee for Civil Rights Under Law,LAWYERS' COMMITTEE FOR CIVIL RIGHTS UNDER LAW,≤100
541807025833154,Malala Fund,Malala Fund,≤100
110089227413037,The Prepared Patriot,Edward Ha,≤100
653079394725698,Aspiration,Aspiration,≤100
110849485902,United Way,United Way Worldwide with Facebook Ad Credits,≤100
102389457864860,Treehuggers Bracelets,ECOMX LLC,≤100
101647124981932,Patriot Flakes,Patriot Flakes,≤100
28144169620,Alliance for Aging Research,Alliance for Aging Research,≤100
78420171887,Sailors for the Sea,SAILORS FOR THE SEAINC,≤100
275908853303174,Pro-Israel America,Pro-Israel America United,≤100
2377166239179411,Nancy Goroff for Congress,Goroff for Congress,≤100
243399129090445,Christina Hale,HOOSIERS FOR HALE,≤100
107966294207235,American Reveille,James Lane Reichenbach,≤100
178299885562976,Climate Nexus,Climate Nexus - Rockefeller Philanthropy Advisors Sponsored Project,≤100
102315041409283,Horses in our Hands,In our Hands Action Fund,≤100
112619670526907,Ruthbaderginsburglove,These ads ran without a disclaimer,≤100
2336022790003836,Patients + Providers United,Patients and Providers United,≤100
195620754724,Helping Hand USA,HELPING HAND FOR RELIEF AND DEVELOPMENT INC.,≤100
100503184678036,BioLargo Water Inc.,"BioLargo, Inc.",≤100
1000253160054572,Cori Bush,CORI BUSH FOR CONGRESS,≤100
113173667121573,BLM Society,BLM Society,≤100
122360425094991,Nasty Woman Cosmetics,Nasty Woman Cosmetics,≤100
615854911830541,Shore Buddies,PB 1904 International LLC dba Shore Buddies,≤100
100387618442959,National Whistleblower Day,Mary Jane Wilmoth,≤100
160630887998827,Let Them Live,Let Them Live,≤100
1556932204325823,ProgressPop,ProgressPop,≤100
374276576778458,Save America Hat,Save America LLC,≤100
1145019702185006,Alliance for Safety and Justice,Alliance for Safety and Justice,≤100
322551718276442,Lemons Are Blue,Lockwell LLC,≤100
102846434825096,Beat Abbott,Beat Abbott PAC,≤100
8934429638,Planned Parenthood Action,Planned Parenthood Votes,≤100
107523875954231,Danny Davis,Protect Our Winters,≤100
460844281074800,Tiny Trump,Eric D Corriel,≤100
105882964535390,Cats Against Trump,Cats Against Trump,≤100
103376804451432,Trending Politics,Making Web LLC,≤100
104505064408799,Cove USA,"Cove USA, LLC",≤100
110316697328742,People of Seniors Housing,People of Seniors Housing,≤100
343714718985673,Think Wood,Think Wood,≤100
711591068911118,Hilaree Nelson,Protect Our Winters,≤100
521924961194913,Bruce Westerman,Westerman for Congress,≤100
101146091319045,Elcove.green,Elcove,≤100
160484230634663,National Urban Indian Family Coalition,National Urban Indian Family Coalition,≤100
262905633727,Los Angeles Mission,"Los Angeles Mission, Inc.",≤100
116987410178,Missouri Partnership,These ads ran without a disclaimer,≤100
12784656483,Union Rescue Mission,Union Rescue Mission,≤100
130848666099,Business Forward,Business Forward Inc.,≤100
763491940427547,Roque  "Rocky"  De La Fuente,Rocky 101 LLC,≤100
514167322309353,Dan Crenshaw,Crenshaw For Congress,≤100
151944694884237,"Solidarity Strategies, LLC",Solidarity Strategies,≤100
110773130329664,Lulu Seikaly for Congress,LULU FOR TEXAS,≤100
112325855474892,Speak Up For Education and Kids,National Education Association,≤100
13867925345,Equality Florida,Equality Florida,≤100
1668350569891953,Rainbow Movement,William James Ulrich,≤100
26006662641,Arizona Democratic Party,Arizona Democratic Party,≤100
106263027758194,Shelley Ajax for Judge,The Committee to Elect Ajax for Judge,≤100
9364828262,Citizens Against Government Waste,CITIZENS AGAINST GOVERNMENT WASTE,≤100
1268410219898273,Tango Tango,Tango Tango Inc,≤100
108090464296366,Republican Patriots,I Love My Freedom,≤100
858210161010020,Tom Malinowski for Congress,TOM MALINOWSKI FOR CONGRESS,≤100
26060837166,Point Loma Nazarene University,Point Loma Nazarene University,≤100
116987410178,Missouri Partnership,MISSOURI PARTNERSHIP,≤100
312208869424760,Field Team 6,Cory Cambridge Alpert,≤100
106140571085743,Natalia For Congress,NATALIA LINOS FOR CONGRESS,≤100
2390004754407420,Childcare Changemakers,Center for Community Change Action,≤100
1764185850558806,Apex Clean Energy,Apex Clean Energy,≤100
107439427661844,Accountable Tech,Accountable Tech,≤100
114739563265041,Robert "Bob" Abene,Thomas Albert Delegal,≤100
109692427435332,Original Nathan's Franks,These ads ran without a disclaimer,≤100
238008626268343,Israel365,Teach for Israel Inc,≤100
166166843531258,National Council of Resistance of Iran - شورای ملی مقاومت ایران,MEK-Iran (Saeid Saadati),≤100
103851564652,Waterkeeper Alliance,WATERKEEPER ALLIANCE INC,≤100
1272534336242476,World101,Council on Foreign Relations,≤100
717115395103069,PrintedKicks,These ads ran without a disclaimer,≤100
466775810098858,Retailers & Store Owners United to Rebuild our Communities' Economies,Retailers and Store Owners United to Rebuild our Communities’ Economies,≤100
100697751658498,Stronger.org,The Public Good Projects,≤100
147368882623027,Black Futures Lab,Black Futures Lab,≤100
179909895355213,AIDS United,AIDS UNITED,≤100
294196590710262,FWD.us,FWD.us,≤100
32682889528,U.S. Chamber of Commerce,The U.S. Chamber of Commerce,≤100
113553048669158,Rick Scott,TEAM RICK SCOTT,≤100
1229789977123022,Debbie Lesko for Congress,DEBBIE LESKO FOR CONGRESS,≤100
109919770417450,Southern Priorities,DCCC,≤100
103531607822207,Noticias para Inmigrantes,"Wise Rock Media, PBC",≤100
1528498354074301,Punching Bag Media - Conservative News,Sean Michael Probber,≤100
108901687567015,Patriots Sound Off,Richard Brochetti,≤100
113460456730293,Ben Salango,Ben Salango for West Virginia,≤100
108587454159801,Your Loan Choices,These ads ran without a disclaimer,≤100
242679302418244,Denison Forum,Denison Ministries,≤100
472975166242382,Gravity Water,GRAVITY WATER,≤100
103322426424621,Jonathan Karl,Jonathan David Karl,≤100
2295062210811244,Coalition for American Veterans,COALITION FOR AMERICAN VETERANS POLITICAL ACTION COMMITTEE,≤100
525171637666780,Sandy Piña California Delegate,RCR,≤100
166087830076297,WebPT,WebPT,≤100
19972147679,SEIU,SEIU,≤100
8936818385,Accuracy in Media,"ACCURACY IN MEDIA, INC",≤100
110938473959372,Quarantine Humor,QuarantineHumor,≤100
698400060189827,Dan Sullivan,Alaskans for Sullivan,≤100
115757826468774,Statsigo,Statsigo,≤100
102183258209726,Patriots for Change,PATRIOTS FOR CHANGE,≤100
103557118005382,Live Action Español,Live Action,≤100
641276169335113,Gretchen Driskell for Congress,Gretchen Driskell For Congress,≤100
112965703780909,True USA,TRUEUSA,≤100
128289862750,Liberty in North Korea,Liberty in North Korea,≤100
105953890782784,The Factual,The Factual,≤100
1648154845427417,Doggy Do Good,Katie Faye Decker,≤100
10760692978,World Hope International,World Hope International,≤100
48818254473,Alexander Street,PROQUEST LLC,≤100
100220094743136,New Millennium Health,New Millennium Health,≤100
132732160104163,Ford Foundation,"FORD FOUNDATION, THE",≤100
180252152142614,Joe Neguse,JOE NEGUSE FOR CONGRESS,≤100
97466887664,Innocence Project,"INNOCENCE PROJECT, INC., THE",≤100
1413682351987764,Andy Kim for Congress,ANDY KIM FOR CONGRESS,≤100
12503116997,Dennis Prager,Salem Media,≤100
157307331013957,The History List,The History List,≤100
1498561767025112,Zephyr Teachout,Macmillan Publishing,≤100
200259660733791,Sanford Bishop,Sanford Bishop for Congress,≤100
136299005939,Heifer International,HEIFER PROJECT INTERNATIONAL,≤100
362645517084914,Bill & Melinda Gates Foundation Discovery Center,Bill and Melinda Gates Foundation,≤100
110828620426941,Roger Polack for Congress,ROGER FOR WISCONSIN,≤100
106629127527429,Kathy Barnette for Congress PA 04,Vico Nicholas Bertogli,≤100
100121504768083,The Better Than Borowitz Report,Bradly Gene Broberg,≤100
519590768083165,Abby Finkenauer for Congress,FINKENAUER FOR CONGRESS,≤100
422250511163275,REMEDIGAP,Quinn Group LLC,≤100
405355946226766,Todd Young,"FRIENDS OF TODD YOUNG, INC.",≤100
101286161432946,Anna Kasachev,Friends of Anna Kasachev,≤100
106333028376,"Nichols Kaster, PLLP",Nichols Kaster PLLP,≤100
248468095247223,Rastaclat,Rastaclat,≤100
1505244559517282,Colin Allred,COLIN ALLRED FOR CONGRESS,≤100
657708380952174,Voices of the Civil Rights Movement,Comcast,≤100
106308567506025,Moe Davis for Congress,MOE DAVIS FOR CONGRESS,≤100
101183127996396,Four Is Enough,PACRONYM,≤100
135798333915,City of Kent Government,City of Kent,≤100
8895898655,Rainforest Alliance,"RAINFOREST ALLIANCE, INC.",≤100
104881317722736,Get-It-Out,Matthew Justin Viles,≤100
71945223065,Diamond Resorts,Diamond Resorts,≤100
211049239087028,Association of Young Americans,Benjamin J Brown,≤100
2256321067930356,Liberteeclub,libertyteeshop,≤100
107722887387213,Lance Bachmann,Lance Bachmann,≤100
638492549896672,Liberal Humans,Liberal Humans,≤100
103067581133922,Paul Junge,PAUL JUNGE FOR CONGRESS,≤100
234628203317767,Made for Freedom,Made for Freedom,≤100
121750354532995,Yale Program on Climate Change Communication,Yale Program on Climate Change Communication,≤100
391880624260848,RespectAbility,RespectAbility,≤100
101665134815641,"Adam L. Fleming Law, PC","Adam L. Fleming Law, PC",≤100
265584563563176,JCRC of Greater Washington,The Jewish Community Relations Council of Greater Washington,≤100
987698164585861,Citizen Ed,Citizen Education,≤100
97624620788,American Friends of Magen David Adom,AMERICAN FRIENDS OF MAGEN DAVID ADOM,≤100
169204449790211,Conservative News Today,"BizPac Review, Inc.",≤100
2128382640533831,Arnold4Judge,"Rhiannon Arnold, Non-Partisan, for Circuit Court Judge",≤100
394518704240624,Dose of Reality New Mexico,New Mexico Behavioral Health Services Division,≤100
102478528086004,Reading On the Left,St. Martin's Press,≤100
21647204289,Michigan Education Association,Michigan Education Association,≤100
87777747127,Greg Palast,Palast Investigative Fund,≤100
366351973736242,Red Rock Secured,Red Rock Secured,≤100
131071596981970,EdVoice,EdVoice,≤100
102964924453030,Kristy Gnibus,KRISTY FOR CONGRESS,≤100
111648480319494,800DEMOCRAT,800DEMOCRAT,≤100
189758874031,Outside TV,"OUTSIDE TELEVISION, INC.",≤100
34676619985,Colorado Children's Campaign,COLORADO CHILDERN'S CAMPAIGN INC,≤100
102161004838994,Melissa Gould for Judge,Melissa Gould for Judge,≤100
231354176962252,Social Work Helper,"Social Work Helper, PBC",≤100
1370474066365196,F1RST WARRIOR,First Warrior,≤100
2298883023504578,Readdy42020,READDY42020,≤100
128446070505940,Chip LaMarca,"Chip LaMarca, Republican, for State Representative.",≤100
879661055726728,Lights for Liberty,Lights for Liberty,≤100
180060629247353,Elaine Luria for Congress,ELAINE FOR CONGRESS,≤100
407031276454095,The Donald Stuff,Daniel Joseph Bender,≤100
158367801002983,The Lozano Law Firm - Abogado de Inmigracion,Lozano Law Firm,≤100
944885865692767,Trumpy Dumpty,Rebel Games LLC,≤100
110585410627372,Monkeyed Up Equine,"The Business Brokers, Inc.",≤100
105698674239617,Embed News,Embed News,≤100
289359554914740,We Have A Stake,The ANCOR Foundation,≤100
2150424768307500,Houseboat Kings,Houseboat Kings,≤100
1388428314740793,American Mint - Coins and Medals,American Mint,≤100
175797376373,"WaterFurnace Geothermal Heating, Cooling & Hot Water","WATERFURNACE INTERNATIONAL, INC.",≤100
445724059289363,WellHealth Frisco,WellHealth,≤100
44224524016,American Kidney Fund,"AMERICAN KIDNEY FUND, INC.",≤100
1494329120822927,Kraven Comics,Kraven Comics,≤100
1093100414183984,Americans United 4 Political Action,AMERICANS UNITED FOR POLITICAL ACTION,≤100
129278807814364,Women of Welcome,Welcome.,≤100
46587884802,Demos,"DEMOS: A NETWORK FOR IDEAS AND ACTION, LTD.",≤100
42224809904,Pacific Oaks College,TCS Education System,≤100
196152367093112,Planned Parenthood Advocates of Nebraska,Planned Parenthood Advocates of Nebraska,≤100
183165025062107,The TESA Collective,"The Toolbox for Education and Social Action, Inc",≤100
472938276849222,Heroes For Healthcare,"Center for Popular Democracy, INC.",≤100
304087737090173,FightWin,Mark Anthony Austin,≤100
109866370700481,PushBlack Finance,PushBlack,≤100
161186620643972,American Institute for Economic Research,AMERICAN INSTITUTE FOR ECONOMIC RESEARCH,≤100
133649613319094,A CALL TO MEN,A CALL TO MEN,≤100
243362776583569,Air Mail,Air Mail,≤100
460236704351535,Tracy Mitrano,TRACY MITRANO FOR CONGRESS,≤100
1003562459729504,Transportation Nation Network,Transportation Nation Network,≤100
95135221781,Federal News Network,Hubbard Radio DC,≤100
103162411257510,Trumplican,USA Movements,≤100
84280132559,American Legislative Exchange Council,American Legislative Exchange Council,≤100
26668999076,The Cato Institute,"CATO INSTITUTE, INC.",≤100
74508408221,Dr. Joanne Bagshaw,"Joanne Bagshaw, PhD, LCPC",≤100
260668817346988,Ignite National,IGNITE,≤100
346937065399354,Occupy Democrats,Omar Rivero,≤100
106868314285372,The Finance Kit,DYS Capital LLC,≤100
299295363912730,New Politics Leadership Academy,New Politics Leadership Academy,≤100
119779936078342,Gastonia Times,Metric Media LLC,≤100
104355494452204,Nada Elmikashfi for Wisconsin State Senate District 26,Nada for Wisconsin,≤100
221834965136991,Steve Roberts,Roberts for St. Louis,≤100
186108419168,SEIU Local 503,"SERVICE EMPLOYEES INTERNATIONAL UNION LOCAL 503, OREGON PUBLIC EMPLOYEES UNION",≤100
590660300952992,CN4 Partners,CN4 Partners,≤100
482731661826882,Mike Miller,Mike Miller for Orange County Commission,≤100
32802178807,Homes For Our Troops,Homes For Our Troops,≤100
1290536624348001,Informed Immigrant,FWD.us Education Fund,≤100
2344792102514862,David Cole,Friends of David Cole,≤100
324119001078997,"Sanford Heisler Sharp, LLP","Sanford Heisler Sharp, LLP",≤100
283089909188541,Nature Bee Wraps,These ads ran without a disclaimer,≤100
180230069923,American Life League,American Life League,≤100
111447640399004,Facts Over Fear,Melanie Lux Asher,≤100
472981489476333,Alan Cohn,COHN FOR CONGRESS 2020,≤100
1127581437405717,Bumbler - The Boba Tea Tumbler,Bumbler LLC,≤100
116907753042353,TOL,Serdar Turan,≤100
291260461373618,News and News,News and News,≤100
102829481516779,GREG MICK for Lake County Prosecutor,Gregory Jo N Mick,≤100
263648290958488,Trix Magazine,"Trix Media, LLC",≤100
28446275521,Military Officers Association of America (MOAA),Military Officers Association of America,≤100
135997359926517,SSDC Services,Jefery James Wenzel,≤100
77790954801,Salesian Missions,Salesian Missions,≤100
2131646063716886,Asian Americans Against Trump,New American Voices,≤100
617818515282920,Trumpbert: a Parody of "Dilbert",Freeman Ng,≤100
108503659576,National Coalition for Public School Options,National Coalition for Public School Options,≤100
148731991811588,Baird,Robert W. Baird & Co. Incorporated,≤100
301228420816284,Teresa Leger Fernandez,TERESA FOR ALL,≤100
150322194563,PASA Primates: Pan African Sanctuary Alliance,PAN AFRICAN SANCTUARIES ALLIANCE,≤100
111982742583496,Kairos Traders,YOUTH WITH A MISSION STRATEGIC FRONTIER,≤100
1791046097656021,Libby Urner Wennstrom for PCO,Elizabeth V Urner Wennstrom,≤100
1642386799323957,Angie Craig,ANGIE CRAIG FOR CONGRESS,≤100
2253210821388444,Ohio Strong Action,OHIO STRONG ACTION,≤100
438678183588710,Ihssane For Congress,IHSSANE FOR CONGRESS,≤100
1418068308452353,Sumi K,Sumati Krishnan,≤100
32975139631,If Americans Knew,If Americans Knew,≤100
1397456727053085,Georgia Law Enforcement,Georgia Law Enforcement Organization,≤100
113308940478028,Talcum Powder Claims,Gold Sky Ventures LLC,≤100
1545826148838592,Trump 2020,Gregory Lawrence Burright,≤100
312657362217994,Women's Heart Alliance,Women's Heart Alliance,≤100
2317264024972785,American Populists,The New American Populist,≤100
106949844346620,Trumpian Republicans,Gregory Lawrence Burright,≤100
325896334774311,Richie Jackson,Target Marketing Digital,≤100
165152251812,Planet Bonehead,Robert E Donohue,≤100
376055446303845,Congresswoman Donna Shalala,Rep. Donna Shalala,≤100
167473433290992,Inequality.org,Institute for Policy Studies,≤100
1752317058165359,Bibles For Free,Alan Mitchel Summerhill,≤100
104952231285892,Marc Falzon,Marc A Falzon,≤100
252126914850996,Labor Campaign for Single Payer,Labor for Single-Payer Healthcare,≤100
162493793737,Rick Green,Richard Arlin Green,≤100
1682876188698809,United for Respect,United for Respect,≤100
1629757947259221,Vote Eric Robinson for School Board,Eric Robinson for School Board,≤100
1507689979455306,American Bail Coalition,American Bail Coalition,≤100
256043277748645,NetChoice,NETCHOICE,≤100
693338200702307,Michelle Ugenti-Rita,Ugenti-Rita for Senate,≤100
60865633726,Love Justice International,TINY HANDS INTERNATIONAL,≤100
246846192720018,War On Our Future,The Years Project,≤100
1553978148244954,Build With Strength,Build With Strength,≤100
111658630395595,Suzanne Weber,Friends of Suzanne Weber,≤100
285896596755,Fight the New Drug,FIGHT THE NEW DRUG INC,≤100
109114803889902,ProVeg US,ProVeg International,≤100
552253521899588,jlindsay,Joshua Dean Lindsay,≤100
67553971312,The Century Foundation,"CENTURY FOUNDATION INC, THE",≤100
25121889784,Texas Public Policy Foundation,Texas Public Policy Foundation,≤100
110280253735683,Alexandria Ocasio-Cortez Fan Club,Imran M Jemal,≤100
153721124733767,Brevity Jewelry,Brevity,≤100
2123425971065747,Sora Schools,Indra Putra Sofian,≤100
1962432260715827,Kindhumans,Kindhumans,≤100
179145905973075,Sophie Ratner Jewelry,Sophie Ratner Jewelry,≤100
130268756992804,Yale Climate Connections,Yale Climate Connections,≤100
122773549121265,President Trump for Nobel Peace Prize 2020,Tarek None Kteleh,≤100
700153177010264,Plant Based Products Council,Plant Based Products Council,≤100
326609084015,Mark Ridley-Thomas,Los Angeles County Supervisor Mark Ridley-Thomas,≤100
337416009703682,Heather Carter,VOTE HEATHER CARTER SENATE,≤100
408252582872693,Daniella Levine Cava,"Daniella Levine Cava, Non-Partisan, for Miami-Dade County Mayor",≤100
100729641303493,ICount NM,I Count New Mexico,≤100
75305414159,National Beer Wholesalers Association,National Beer Wholesalers Association,≤100
312066286397519,Manning Asylum Law,Manning Asylum Law,≤100
162149327915523,Mel Kirkland Cedar Park City Council Place 2,Melville Marshall Kirkland Jr,≤100
164966660351345,Hope Outfitters,Hope Outfitters,≤100
102747281355975,This Is Our Democracy,Julia Carol Peter,≤100
264774890721566,Clear Energy Alliance,Clear Energy Alliance,≤100
103318908115314,"A List Lures, LLC.","A List Lures, LLC.",≤100
102673738084465,Illuxus,Illuxus,≤100
297987334762,Jamie Raskin,JAMIE RASKIN FOR CONGRESS,≤100
271941253389528,Piccolina,Tracy Ann Massaro,≤100
342006339184405,National Children's Alliance,NATIONAL CHILDRENS ALLIANCE INC,≤100
103617578071596,Anti-racism campaign,Anti-Racism Campaign,≤100
154374415297879,Pat Hackett for Congress,Pat Hackett for Congress,≤100
241247646424302,Jahana Hayes,FRIENDS OF JAHANA HAYES,≤100
1131283233717873,Patriots For Trump,Jordan Ray Riddle,≤100
138492335404,Scott Walker,"Walker Group, LLC",≤100
108692310594568,UNITE HERE,UNITE HERE PAC,≤100
260536047319339,RN Action,American Nurses Association,≤100
100911481267154,"Luke Gromen - FFTT, LLC","FFTT, LLC",≤100
114288220340621,Rename John Marshall,Hanna Mousa Kassis,≤100
403716816314673,Lee Saunders,AMERICAN FEDERATION OF STATE COUNTY & MUNICIPAL EMPLOYEES,≤100
199826043375900,Larry Hogan,An America United,≤100
13531153805,Knight Foundation,Knight Foundation,≤100
108282864070156,1776 Unites,Woodson Center,≤100
166732173519455,Suzette Martinez Valladares,Suzette Valladares for Assembly 2020,≤100
137459917707,The Brookings Institution,The Brookings Institution,≤100
303374266418976,AFPM,American Fuel & Petrochemical Manufacturers,≤100
112623813202,LifeSiteNews.com,LifeSiteNews,≤100
493811210669780,Creative Action Network,Creative Action Network,≤100
1187681427913179,100 Years of Deception,Alan Adaschik,≤100
217569858071,Areva Martin,Areva Denise Martin,≤100
166246706765337,The Experiment,The Experiment,≤100
169042736456594,All Out,All Out Action Fund.,≤100
279890513018,Islamic Networks Group - ING,"ISLAMIC NETWORKS, INC.",≤100
175149559508478,TreeDiaper,Zynnovation LLC,≤100
102988084816186,Tennesseans for Putting Students First,Tennesseans for Putting Students First,≤100
458928061510318,Rita Hart for Iowa,RITA HART FOR IOWA,≤100
960045850672105,One More Wave,Ernad Civic,≤100
463095630924391,US Business Funding,Credox,≤100
115826266891294,Humour Political,Quyen Sanh Gip,≤100
105287044367027,ObsessedwithTrump,Donald Lee Rowan,≤100
104615287614557,Nafisa Fai for Washington County,Friends of Nafisa Fai,≤100
124626320898336,Catholic Extension,"CATHOLIC CHURCH EXTENSION SOCIETY OF THE UNITED STATES OF AMERICA, THE",≤100
19219803864,Tax Foundation,Tax Foundation,≤100
89324781720,Pat Toomey,Friends of Pat Toomey,≤100
164513254148611,America's Voice News,Barbara Jean Lawrence,≤100
128958937175029,Trivia Today,Benjamin Aaron Perlman,≤100
148742108560,Generation Joshua,Generation Joshua,≤100
708375056271048,The Christendom Curriculum,The Christendom Curriculum,≤100
386305465057247,Liberty Nation,Liberty Nation,≤100
110206523984709,Rural Not Stupid,Rural Not Stupid,≤100
102449671140258,Joshua Rydell for State Attorney,"Joshua Rydell, Democrat, for State Attorney",≤100
356501381631264,Jerusalem Post,Diane Elise Haner,≤100
304750332920654,Carl DeMaio,Reform California,≤100
131352838109,Congressman Darrell Issa,DARRELL ISSA FOR CONGRESS,≤100
128652692258265,Vote Joe for 33,Joe Ross 2020 District 33 Campaign Committee,≤100
194350691288029,Fly For The Culture Inc.,"Fly for the Culture, Inc.",≤100
123838185676931,Quinn Nystrom for Congress,Quinn Nystrom for Congress,≤100
742432405855905,Sunshine Cathedral,Darren Orlando Loli,≤100
463261911082542,Million Stories Media,These ads ran without a disclaimer,≤100
101423571580819,Laic.wig,These ads ran without a disclaimer,≤100
100559204891447,Friends of Dr. James St. George,Friends of James St. George,≤100
2109637279297531,The Bad Seed,Adam Kidron,≤100
100124595113383,Victor Ashe,"William F. Buckley, Jr. Program",≤100
126527487472245,One Stop Writing Shop,One Stop Writing Shop LLC,≤100
296093157932840,The Fulcrum,The Fulcrum,≤100
116898501727,Southeast Alaska Conservation Council,SOUTHEAST ALASKA CONSERVATION COUNCIL,≤100
907919839243616,My Faith Votes,THEN VISION CHARITABLE TRUST,≤100
228267351079856,123presets,These ads ran without a disclaimer,≤100
100919384966361,411 Inspired,411 Inspired,≤100
8914040942,Chesapeake Bay Foundation,"CHESAPEAKE BAY FOUNDATION, INC., THE",≤100
111947013529488,Mosher2020,Mosher for Pima County Attorney,≤100
105368190818267,Corky Messner for Senate,MESSNER FOR SENATE,≤100
332051919606,NC Justice Center,NORTH CAROLINA JUSTICE CENTER,≤100
128716440866482,Adam Milstein,Adam Milstein,≤100
1050474972008396,Bryan Berghoef for Congress,BRYAN BERGHOEF FOR CONGRESS,≤100
22984054572,Numi Organic Tea,Numi Organic Tea,≤100
101746962063,Mercy Home for Boys & Girls,MISSION OF OUR LADY OF MERCY,≤100
6012633110,Communications Workers of America,"COMMUNICATIONS WORKERS OF AMERICA, AFL-CIO, CLC",≤100
146817005352784,Wellness.com,"Beachside Media, Inc.",≤100
543066585882629,Libertarian Country,Libertarian Country,≤100
219643572044648,Prevail Card,"Prevail Card, LLC",≤100
2476697005733769,Nations' 9th of Av,Nations 9th of Av,≤100
103935287613121,Noel Collis for Congress,DR. NOEL COLLIS FOR CONGRESS,≤100
125319303823,Champlain College,Champlain College Incorporated,≤100
505653766599222,America First with Dr. Sebastian Gorka,Salem Media,≤100
102315958243776,Patriotic Freedom,Vivian Lam Nguyen,≤100
86071521216,Second Amendment Foundation,SECOND AMENDMENT FOUNDATION INC,≤100
38812906703,United Friends of the Children,United Friends of the Children,≤100
59543893235,National Constitution Center,National Constitution Center,≤100
470241276500901,Women Vote,WOMEN VOTE!,≤100
104881294641387,United 4 Arizona,United 4 Arizona,≤100
212009062197107,Higher Heights for America,Aprill Olivia Turner,≤100
210063369158387,DomesticShelters.org,Theresa's Fund,≤100
269549349807954,Eva Vergos for Judge,"Eva Vergos for Circuit Court Judge, Sixth Circuit, Group 28",≤100
823130421379647,Rosilicie Ochoa Bogh for Senate,Rosilicie Ochoa Bogh for Senate 2020,≤100
1155840037910203,Nuevas Ideas Afiliados del Exterior,Nuevas Ideas Afiliados Exterior,≤100
212824105404256,Cook Inletkeeper,COOK INLETKEEPER,≤100
276708266084189,Ray Dalio,"Principles, LLC",≤100
103646064618386,The Judge Show - James Judge,James Patrick Judge Jr.,≤100
45013872425,The Ripon Society,RIPON SOCIETY,≤100
192448150001,Jeff Anderson & Associates,Jeffrey R Anderson PA,≤100
32582320449,CMMB,CATHOLIC MEDICAL MISSION BOARD INC,≤100
976589385686285,Raúl Torrez,Raúl Torrez for NM,≤100
467503009987109,"Healthy Forests, Healthy Communities","Healthy Forests, Healthy Communities",≤100
104289317911241,Cheerylooks,These ads ran without a disclaimer,≤100
1400371370253041,Eagan Immigration,Eagan Immigration,≤100
101255531630768,Marisol Zenteno for Property Appraiser,Marisol Zenteno for Miami-Dade County Property Appraiser,≤100
6502038524,First Book,FIRST BOOK,≤100
1399926390134311,Nature's Generator,Huntkey USA Inc,≤100
127335473965761,Recycle Cartons,"Carton Council of North America, Inc.",≤100
110618170405674,Best Money Tips,Best Money Tips,≤100
119756123109437,Roaring Republicans,Roaring Republicans,≤100
2265708347002049,Angela Brewer for HD64,Angela Brewer For Texas,≤100
111892670610842,Political AF,Quyen Sanh Gip,≤100
115497288466814,Home Builders Association of Central Arizona,Home Builders Association of Central Arizona,≤100
300992409852,Hoover Institution,Hoover Institution,≤100
276131699084792,YWAM Los Angeles,YWAM Los Angeles,≤100
39910576365,National Alliance for Public Charter Schools,NATIONAL ALLIANCE FOR PUBLIC CHARTER SCHOOLS,≤100
237697300232030,Michael Unbroken,Think Unroken LLC,≤100
1862142560544227,Green Estate Goods,Green Estate Goods LLC,≤100
1402827079932843,Low Income Relief,The Lighthouse Information Network LLC,≤100
23180353833,North Carolina Republican Party,North Carolina Republican Party,≤100
102970113093477,Church Militant/St. Michael’s Media,Max Aldcander Douglas,≤100
143590139021196,UMR,UNITED MISSION FOR RELIEF AND DEVELOPMENT - UMR,≤100
108906707265489,USA Pooch,"PRESIDENTIAL POOCH, INC",≤100
1166660030079480,National Democratic Redistricting Committee,National Democratic Redistricting Committee,≤100
13187955196,Young Americans for Liberty,Young Americans for Liberty,≤100
101042758281184,Reading On the Right,Macmillan Publishing,≤100
101041998305221,The Proud Republicans,Great American Era LLC,≤100
166173897321426,Audrey Denney for Congress,AUDREY DENNEY FOR CONGRESS,≤100
151577215422581,Zioness Movement,"Zioness Movement, Inc.",≤100
2017884721848472,Bokeki,Kimbereley Iris Goldstein,≤100
373980880018659,Congresswoman Abigail Spanberger,the Office of Rep. Spanberger,≤100
482100658584410,We Stand For Energy,"EDISON ELECTRIC INSTITUTE, INC.",≤100
143173285763,Tenth Amendment Center,Tenth Amendment Center,≤100
104686564209483,I Want My Mommy A Parent's Guide to Child Care and Education Red Book,Cameron Kidston,≤100
137973986840264,Basmah,Meer Foundation USBD Inc,≤100
168876449866088,The Years Project,The Years Project,≤100
102027764795677,American Wire,The USA Wire,≤100
100591581698087,Michael James Freedman,Michael James Freedman,≤100
122894447754361,Institute for New Economic Thinking,"INSTITUTE FOR NEW ECONOMIC THINKING, THE",≤100
102750021183412,Justice U,Altus Solutions Inc,≤100
341513602902369,CALL TO ACTIVISM,CALL TO ACTIVISM,≤100
113335773562471,President Trump For Re-Election,Great American Era,≤100
2176472882580975,Crusader Outlet,Crusader Marketing,≤100
8225139261,New York Republican State Committee,NEW YORK REPUBLICAN STATE COMMITTEE,≤100
80987211775,Bill Cassidy,Bill Cassidy for US Senate,≤100
102703188127463,Winning Energy,Winning Energy LLC,≤100
624113997772825,North Dakotans for Comprehensive Energy Solutions,Americans for Comprehensive Energy Solutions,≤100
105702217760897,Pathogen Pro,Pathogen Pro,≤100
108220160978728,Together We Stand Strong,Vivian Lam Nguyen,≤100
129403184999,Matt Nye,"Matt Nye, Republican for Florida House, District 52",≤100
214061167976,El Tiempo Latino,Carlos Jose Munoz,≤100
1835838916635491,Transamerica Center for Health Studies,Transamerica Center for Health Studies,≤100
208876186220,Great Transition Initiative,"TELLUS INSTITUTE, INC.",≤100
108862184052039,ROMTech,"ROM Technologies, Inc.",≤100
1311291038982513,2A Gear,Teecreations LLC,≤100
1232688956775325,Wengay "Newt" Newton,"Wengay Newton for Pinellas County Commission, District 7",≤100
305859026094125,Texas Latino Conservatives,Texas Latino Conservatives PAC,≤100
111277640428691,President Donald J. Trump 2020,Trump Collections,≤100
72565633140,Soles4Souls,"SOLES4SOULS, INC.",≤100
288452868709310,Smart City Expo Atlanta,Smart City Expo Atlanta,≤100
111064770375439,MAMAGear,MAMA Gear,≤100
117468878295521,American-Arab Anti-Discrimination Committee (ADC),Roy Abdo,≤100
117513180002579,John Shallman,Target Marketing Digital,≤100
114299836615491,Solomon Rajput for Congress,SOLOMON RAJPUT FOR CONGRESS,≤100
913049168817778,Barely Broke,Daryan Silvestre,≤100
127637620616803,Comcast Newsmakers,Comcast,≤100
119938779410497,Priorities for the People,DCCC,≤100
168437595046,US~Observer,"Guardian Press Foundation, Inc dba US Observer",≤100
106493481115475,Protect Our Election,Protect Our Election,≤100
573976866040306,Condado de King,Public Health -- Seattle & King County,≤100
399067003454888,Sudan Relief Fund,Sudan Relief Fund Inc,≤100
1295279420598401,Victoria Spartz,VICTORIA SPARTZ FOR CONGRESS,≤100
188607107843102,Texas Values,TEXAS VALUES,≤100
103903914570915,Pro2a,Delta Team Marketing,≤100
142288373333,HIMSS,HIMSS,≤100
113644103666790,America First,TruthLion,≤100
19463427992,Darrell Issa,DARRELL ISSA FOR CONGRESS,≤100
165566613453452,ERLC,ETHICS AND RELIGIOUS LIBERTY COMMISSION OF THE SOUTHERN BAPTIST,≤100
1443127535947107,Save the Children Action Network,Save the Children Action Network,≤100
1648154845427417,Doggy Do Good,Do Something Good LLC,≤100
172037886144659,Grand Central Publishing,"Hachette Book Group, Inc.",≤100
195704103779569,Savage Outdoors & The One,Amanda Harris Lee,≤100
205795426669644,Facts and Logic about the Middle East,Facts and Logic About the Middle East,≤100
106203264511020,Washington Changed Katko,DCCC,≤100
39432041915,Capital Research Center,CAPITAL RESEARCH CENTER INC,≤100
1670468429918309,We Are Uprisers,WEAREUPRISERS,≤100
105315327577677,Golden Goose Publishing,Lance Charles Greenberg,≤100
182079698493370,Portside,Portside,≤100
216705888361546,Elbert Lee Guillory,ELBERT GUILLORY'S AMERICA,≤100
233232726827616,Mary Rabago Productions,Mary Rabago Productions,≤100
103150364587807,Gun Owners Care,National Shooting Sports Foundation,≤100
117507751891,United Poultry Concerns,"UNITED POULTRY CONCERNS, INC",≤100
134571176638205,One Tree Planted,One Tree Planted,≤100
562118050848255,Adam Hattersley,Adam Hattersley for Congress,≤100
109379393894282,Keep Texas Moving,TEXAS ASSOCIATION OF BUSINESS,≤100
1683659714985244,Phil Ehr,EHR FOR CONGRESS,≤100
154042277970966,International Refugee Assistance Project,"INTERNATIONAL REFUGEE ASSISTANCE PROJECT, INC.",≤100
1082522201878539,Gina Ortiz Jones for Congress,GINA ORTIZ JONES FOR CONGRESS,≤100
70090474914,American Farmland Trust,"AMERICAN FARMLAND TRUST, INC",≤100
109949097384382,2020 Re-Elect Edna J. Fund - Lewis County Commissioner,Edna June Fund,≤100
11911627997,Pancreatic Cancer Action Network,"PANCREATIC CANCER ACTION NETWORK, INC.",≤100
111444330659267,Yolo's Style,These ads ran without a disclaimer,≤100
138141366212571,Gravis Marketing,GRAVIS MARKETING INC.,≤100
922580991129339,People's Mojahedin Organization of Iran - MEK IRAN,MEK-Iran (Saeid Saadati),≤100
421486244558294,Ross Spano,ROSS SPANO FOR CONGRESS,≤100
2143340522648113,Daring Handbags,The Daring Company,≤100
119838236068681,Animal Guardians' Rights Organization,RYAN ALLEN KAS.,≤100
560490170758241,No Small Matter,Eleven Thirteen Collective LLC,≤100
234565267058051,Anthony Brindisi For Congress,BRINDISI FOR CONGRESS,≤100
102908978166114,Liberty Leadership Fund,Liberty Leadership Fund,≤100
1408321932578614,Andrés Cano,Andrés for Arizona | Authorized by Andrés Cano,≤100
222745994575140,Project ChildSafe,"NATIONAL SHOOTING SPORTS FOUNDATION, INC.",≤100
260131294484,Bethesda Lutheran Communities,Bethesda Lutheran Communities,≤100
106375871170305,Rob Wittman Facts,RASHID FOR VA,≤100
18017481462,Acton Institute,Acton Institute,≤100
278703415666824,Jeremy Jones,Protect Our Winters,≤100
413500232549343,National Vet Help,Illingworth Renner Basin Law Group LLP,≤100
217798144921777,David Green for Lacera,David Green for LACERA 2020,≤100
1014291495249813,Politicon,Politicon,≤100
235762319779450,Omar Navarro,OMAR NAVARRO FOR CONGRESS,≤100
122150409780,UC San Diego,University of California San Diego,≤100
114302593701939,Silent Majority Member,These ads ran without a disclaimer,≤100
175716473032461,MamaP,MamaP,≤100
1480531258923286,JDoe,Ryan Michael Soscia,≤100
111831805841449,BoldTV,Bold TV,≤100
207152169356805,Re-Elect Circuit Judge Alan Apte,"Alan Apte, Non-Partisan, for Circuit Court Judge",≤100
103983379801,Texas Democratic Party,Texas Democratic Party,≤100
109584730766616,Chris Pratt for Judge,THE COMMITTEE OF RESPONSIBLE PERSONS TO ELECT CHRIS PRATT.,≤100
101572582521,MSC Industrial Supply,Raegan Nicole Johnson,≤100
266903613999178,Rayonier,RAYONIER INC.,≤100