﻿Page ID,Page Name,Disclaimer,Amount Spent (USD)
113034087125584,Robert Underwood,Robert A Underwood,402
629062130882339,Congressman Michael F.Q. San Nicolas - Guam,United States House of Representatives,273
1461863774118436,Bureau of Statistics & Plans,Bureau of Statistics & Plans,131
240142306105643,Responsible Guam - Michael F.Q. San Nicolas,MICHAEL SAN NICOLAS FOR CONGRESS,≤100
171540600327698,Senator Amanda L. Shelton,Amanda L. Shelton,≤100
205698873305873,Senator Kelly G. Marsh-Taitano,The Committee to Elect Kelly G. Marsh (Taitano),≤100
106347817561634,Vince Borja for Senator,Committee to Elect Vince Borja for Senator,≤100
303943826419440,Wil Castro for Congress,4 Wil Drive,≤100
101301278284850,Ken Leon Guerrero for Senator,Joaquin Leon Guerrero,≤100