﻿Page ID,Page Name,Disclaimer,Amount Spent (USD)
156968474833352,Stop Republicans,Stop Republicans,3694
1615018905412860,Progressive Turnout Project,PROGRESSIVE TURNOUT PROJECT,3610
7860876103,Joe Biden,BIDEN VICTORY FUND,1853
153080620724,Donald J. Trump,TRUMP MAKE AMERICA GREAT AGAIN COMMITTEE,1325
127755494595870,Progressive Takeover,PROGRESSIVE TAKEOVER,1122
277414242013,Joyce Elliott for Congress,JOYCE ELLIOTT FOR CONGRESS,906
328072970642479,Jaime Harrison,JAIME HARRISON FOR US SENATE,859
101279451606075,Democratic Strategy Institute,Democratic Strategy Institute,579
108824017345866,Facebook,"Facebook, Inc.",573
1374601146109275,French Hill for Arkansas,French Hill for Arkansas,530
24413227922,Kamala Harris,BIDEN VICTORY FUND,502
20787991568,Senate Democrats,DSCC,457
259130650776119,Mitch McConnell,MCCONNELL SENATE COMMITTEE,446
165987503528599,Lindsey Graham,"TEAM GRAHAM, INC.",435
33713453361,Amazon Prime Video,Amazon Prime Video,373
163148530407080,Captain Mark Kelly,MARK KELLY FOR SENATE,286
291492131562173,Arkansas Census 2020,Arkansas Impact Philanthropy,280
830121337093232,National Democratic Training Committee,NATIONAL DEMOCRATIC TRAINING COMMITTEE PAC,261
115381416978578,House Flag Decor,These ads ran without a disclaimer,256
791543660926838,"I'll go ahead and keep my guns, Thanks",2A4LIFE LLC,256
202626512363,U.S. Census Bureau,U.S. Census Bureau,242
127225910653607,PragerU,PragerU,233
2330577043935831,Sara Gideon,SARA GIDEON FOR MAINE,216
100391581727524,Defeat By Tweet,DEFEAT BY TWEET,204
110018833813683,Flip the Senate,SMP,199
51405613519,Focus on the Family,Focus on the Family,187
96935476345,Democratic Governors Association (DGA),Democratic Governors Association,176
484112108637869,Celeste Williams for Arkansas,CAMPAIGN TO ELECT CELESTE WILLIAMS,170
9002965673,Freeform,Freeform,170
1449461518652183,4Patriots,4Patriots LLC,168
104856814505092,The Kids Guide,The Kids Guide,166
1765033567057615,Full Frontal with Samantha Bee,WarnerMedia LLC,160
105732744375701,Steve Bullock,MONTANANS FOR BULLOCK,159
327837911149503,2A4Life,2A4LIFE LLC,154
925007000949719,ExxonMobil,Exxon Mobil Corporation,154
104919517531062,Vote Yes For Fairness,Vote Yes for Fairness,152
111428049989,Cal Cunningham,CAL FOR NC,150
11111618026,Union of Concerned Scientists,"UNION OF CONCERNED SCIENTISTS, INC.",142
97493741436,John W. Hickenlooper,HICKENLOOPER FOR COLORADO,128
1336293769761923,Jon Ossoff,JON OSSOFF FOR SENATE,128
1542211616082568,The Momentary,The Momentary,127
176789922364429,Steve Daines,STEVE DAINES FOR MONTANA,124
105756057589080,The Lincoln Project,The Lincoln Project,123
101591551371555,Fire Mitch. Save America.,SAVE AMERICA FUND,121
103983379801,Texas Democratic Party,SUPER STATES 2020,121
92925746942,Judicial Watch,Judicial Watch,119
228754857151053,House Majority PAC,House Majority PAC,118
1456310534453054,Veteran Loans Online,"LMB OpCo, LLC",118
158791100909689,Concerned Veterans for America,Concerned Veterans for America,118
747436915270894,Congressional Leadership Fund,CONGRESSIONAL LEADERSHIP FUND,115
80562389320,NARAL Pro-Choice America,NARAL Pro-Choice America,113
24330467048,Americans for Prosperity,AMERICANS FOR PROSPERITY,110
679171239164792,Supermajority,"Supermajority PAC, https://supermajority.com/pac/. Not authorized by any candidate or candidate's committee.",109
111797416942615,Vote for Roads,Vote for Roads. Vote for Issue 1,108
1771156219840594,Team Trump,TRUMP MAKE AMERICA GREAT AGAIN COMMITTEE,107
618480098621142,Social Security Event,Robert Jared Wilkins,105
2352630938293825,Mytacticalpromos,Entremax,104
109111900634787,Reverend Raphael Warnock,WARNOCK FOR GEORGIA,103
1374134752633656,New Health Plans,Shop Insurance Plans,102
582081579084761,Elect Stuart S. Mackey,Stuart Mackey for Little Rock School Board,101
1061240530648502,Joe Collins,JOE COLLINS FOR CONGRESS,101
100926135067368,Defend Your Police,Defend Your Police,≤100
159964696102,Kevin McCarthy,KEVIN MCCARTHY FOR CONGRESS,≤100
125877585542008,Brian Emison for City Council,Committee to Elect Brian Emison for City Council,≤100
100137754724934,Trump 2020 Supporters,Proud Right Winger,≤100
408250066356,Bill O'Reilly,"Bill Me, Inc.",≤100
107210084216238,Humanity Forward,Humanity Forward,≤100
314499212242,Pfizer,Pfizer Inc.,≤100
294695424535158,Shawn Johnson for Judge,Committee to Elect Shawn Johnson,≤100
105577974544303,The USA Needs More Patriots,AmeriPolling,≤100
203805062990264,Ben Shapiro,The Daily Wire,≤100
110322770360728,William Hanson For Congress,WILLIAM HANSON FOR CONGRESS,≤100
95181800661,Levi's,Levi's®,≤100
106323360959211,Patriots Republic,Matthew James Stine,≤100
216397232833,Penzeys Spices,Penzeys Ltd,≤100
2267285956849056,Donald Trump 2020 Fans,I Love My Freedom,≤100
96935476345,Democratic Governors Association (DGA),DEMOCRATIC ACTION,≤100
328853823844484,Balance of Power,Balance of Power,≤100
247611728625098,Harold Copenhaver for Mayor,Harold Copenhaver for Mayor,≤100
10150100007820094,Wendy Davis,WENDY DAVIS FOR CONGRESS,≤100
278490715553293,Martha McSally,MCSALLY FOR SENATE INC,≤100
213792049451918,Stand For America,Stand For America Inc,≤100
1441380836119737,"City of El Dorado, AR - City Hall",Heather Denise Mcvay,≤100
9324910069,NRSC,NRSC,≤100
113891694102,Energy Citizens,AMERICAN PETROLEUM INSTITUTE,≤100
602714436529710,End Citizens United,END CITIZENS UNITED,≤100
1635441679872518,Kimberly Klacik,Kim Klacik for Congress,≤100
109379100777665,Patriotism Isn't Dead,Patriot Polling,≤100
200650357207240,I Love My Freedom,I Love My Freedom,≤100
2353537341582545,Proud Patriots,Proud Patriots,≤100
1419388578092947,Anna Paulina Luna,ANNA PAULINA LUNA FOR CONGRESS,≤100
149607228384141,America Needs Fatima,Megan Renee Morris,≤100
834645469890446,Devin Nunes,DEVIN NUNES CAMPAIGN COMMITTEE,≤100
60449667441,Family Research Council,FAMILY RESEARCH COUNCIL,≤100
108109934203874,Insta Shop Boutique,Insta Shop Boutique,≤100
114710126648118,Republican Dogs,Republican Dogs,≤100
168051710543266,Lacy Johnson,Lacy Johnson for Congress,≤100
338028696036,Yahoo News,Verizon Media Inc,≤100
461204744067686,Family Protection Association,Family Protection Association,≤100
105577974544303,The USA Needs More Patriots,Anthony Alexander Morales,≤100
605168822998856,314 Action,314 ACTION FUND,≤100
1316372698453411,Alexandria Ocasio-Cortez,Alexandria Ocasio-Cortez for Congress,≤100
111627923708276,Antwan Phillips for Little Rock City Director,Friends for Antwan Phillips,≤100
2042902612701467,We Are Memphis,We Are Memphis,≤100
106224464107240,Jo Jorgensen,Jo Jorgensen for President,≤100
172031999557818,Bruce Maloch for Senate,Bruce Maloch for Senate,≤100
111588586893012,Burrell for Senate District 27,Burrell for Arkansas Campaign,≤100
1545619075551589,ACE Glass Recycling,ACE Glass Recycling LLC,≤100
123064705856,FRC Action,Family Research Council Action,≤100
74100576336,Facebook for Business,"Facebook, Inc.",≤100
6713653788,Gary Peters,PETERS FOR MICHIGAN,≤100
46093654473,National Republican Congressional Committee,NRCC,≤100
15239367801,The Wilderness Society,"WILDERNESS SOCIETY, THE",≤100
95356211637,Ben Ferguson,Ben Ferguson show,≤100
393932827634250,Dissent Pins,Common Practice,≤100
717115395103069,PrintedKicks,Printed Kicks,≤100
114009933764548,The Patriot Club,RightWingGear,≤100
223008867858902,American Action News,American Action News,≤100
7833534974,Florida Democratic Party,Florida Democratic Party,≤100
111980686848434,Jack Ladyman Campaign,Committee to Elect Jack Ladyman,≤100
109092142462587,Adam Schiff,SCHIFF FOR CONGRESS,≤100
292219257518372,Metroplan Ozone Action Days - Ditch the Keys,Little Rock Metroplan for Metroplan Ozone Action Days Ditch the Keys,≤100
111892670610842,Political AF,wowengraving,≤100
305832706292882,American Gun Association,GunAssociation.org,≤100
6204742571,Sierra Club,SIERRA CLUB,≤100
16477459734,League of Conservation Voters,"LEAGUE OF CONSERVATION VOTERS, INC",≤100
18813753280,Human Rights Campaign,"HUMAN RIGHTS CAMPAIGN, INC",≤100
105269984593079,The Way I See It,Focus Features,≤100
355316521236121,John Cornyn,Cornyn Majority Texas,≤100
101172781333187,Jed Duggar for Arkansas,Duggar for Arkansas House,≤100
215199482635728,Alek Skarlatos,ALEK FOR OREGON,≤100
219612384781411,Bloomberg Philanthropies,Bloomberg Philanthropies,≤100
896471357114197,Carlton Wing State Representative District 38,Wing for State Representative,≤100
1447994318779650,AirMedCare Network,AIrMedCare Network,≤100
101516824946562,Josh Agee for Mayor,Christen Ann Agee,≤100
560140464159364,Stand for the 2nd Amendment,SFT2 Tactical Supply,≤100
598924810530984,Keeping America Great,FamTeeWorld,≤100
7263476274,Mercy Corps,Mercy Corps,≤100
681745912255844,John Cummings for Congress,CUMMINGS FOR CONGRESS,≤100
956112704484286,American Update,American Update,≤100
1204754733024419,People's Power Grab,ACRONYM,≤100
114646533630729,Yes. Every Kid.,"yes. every kid, Inc.",≤100
110866696967873,City of Conway Diversity & Economic Development,Delainia C Whitehead,≤100
240054842698973,Arkansas Good Roads,Arkansas Good Roads Foundation,≤100
15524934075,Banana Republic,Banana Republic,≤100
643463669628493,Public Opinion Research Group,"Public Opinion Research Group, Inc",≤100
242077219243971,The Presidential Coalition,The Presidential Coalition,≤100
1516332145331358,Northwest Arkansas Council,NORTHWEST ARKANSAS COUNCIL FOUNDATION,≤100
675471506247724,Adair for Congress,ADAIR FOR CONGRESS,≤100
356482637745012,Stansberry Research,Stansberry Research,≤100
108502950869723,Elect Scott Glidewell for Ward 4 City Council,Donald Ray Jackson,≤100
665345483483486,NRA - National Rifle Association of America,NATIONAL RIFLE ASSN OF AMERICA,≤100
103026384819654,How to Vote,ACRONYM,≤100
167586229923327,World Food Program USA,World Food Program USA,≤100
200685153292388,Univision Arkansas,NORTHWEST ARKANSAS COUNCIL,≤100
2044175902545956,Ashley for Arkansas,Ashley for Arkansas,≤100
203197030603239,8 Billion Trees,8 Billion Trees,≤100
741910769271393,Re-Elect Senator Trent Garner,Re-Elect State Senator Trent Garner,≤100
907919839243616,My Faith Votes,My Faith Votes,≤100
2283535575207809,Ditch Mitch,DITCH FUND,≤100
101894128312659,My President,wowengraving,≤100
100256754899828,Patriot's Cave,Patriots Cave,≤100
104099074492299,Derrick Van Orden,VAN ORDEN FOR CONGRESS,≤100
114475890010131,Piggy Dollar Financial,Tyler Wayne Hedland,≤100
101526731656341,Mark Fougerousse,Mark A Fougerousse,≤100
110384354075446,Kevin for Springdale,Kevin for Springdale,≤100
103597604713894,Team Trump Store,TRUMP MAKE AMERICA GREAT AGAIN COMMITTEE,≤100
132492254050920,American AF,AAF Nation,≤100
169148885915,McFarland Eye Care,McFarland Eye Care,≤100
49651563727,Live Action,Live Action,≤100
76625396025,CDC,U.S. Centers for Disease Control and Prevention with Facebook Ad Credits,≤100
104614641200137,MeidasTouch,MEIDASTOUCH,≤100
101329438317952,Story Network Action,Story Network Foundation,≤100
17023576156,The Leadership Conference on Civil and Human Rights,Leadership Conference Education Fund,≤100
8501031021,VoteVets.org,VOTEVETS,≤100
481559282597914,TrumpersUnite,Respect The Look,≤100
120198239815000,Paul Waddell for Ward 4 Fayetteville,Paul Vane Waddell Ii,≤100
5435784683,Greenpeace USA,"GREENPEACE, INC.",≤100
17432811417,Working Families Party,"Working Families Organization, Inc",≤100
106973694007283,Keep America Great Again,KagaGear.com,≤100
530604487365010,Old Glory Flagpole Kits,Service First,≤100
355316521236121,John Cornyn,TEXANS FOR SENATOR JOHN CORNYN INC.,≤100
1109093812491437,Blaze Media,Blaze Media LLC,≤100
1107973016071967,Wesley Hunt,Hunt for Congress,≤100
106244251043808,Reuse Plastics,"AMERICAN CHEMISTRY COUNCIL, INC.",≤100
117684604922023,Regional Recycling & Waste Reduction District,Regional Recycling and Waste Reduction District,≤100
57259033959,AARP,AARP,≤100
406456986070332,Matt Gaetz,Friends of Matt Gaetz,≤100
116850576777971,Re-Elect Mayor Lioneld Jordan,Citizens to Re-Elect Mayor Jordan,≤100
130467958471,Jason Lewis,Jason Lewis for Senate,≤100
192015461630968,Supporting Our Brave Veterans,James Brian Plouf,≤100
69983322463,Ted Cruz,TED CRUZ FOR SENATE,≤100
1585535118243142,Suzie Bell for Arkansas,C Suzan Bell 2019 State House Campaign,≤100
167606528159,Dockers,Levi Strauss & Co.,≤100
107109947803536,Analyzing America,Gregory Lawrence Burright,≤100
120846146252663,One More Thing,Story Network Foundation,≤100
2309566456030859,Human Coalition Action,Human Coalition Action,≤100
8934429638,Planned Parenthood Action,Planned Parenthood Action Fund,≤100
104027944769027,Proud Patriot Shop,The GOP Shop,≤100
102671331487937,I Love My Freedom Store,I Love My Freedom,≤100
443329669123990,USAFacts,USAFacts Institute,≤100
11653741889,Ad Council,Ad Council with Facebook Ad Credits,≤100
109984394118472,Mask Exemption Cards,Mask Exemption Cards,≤100
19192438096,AAAS - The American Association for the Advancement of Science,American Association for the Advancement of Science,≤100
872842866161157,One Nation Design,One Nation Design,≤100
530604487365010,Old Glory Flagpole Kits,Service First Flag Poles,≤100
8550121410,Free Speech America Project,MEDIA RESEARCH CENTER,≤100
54481362063,CassiusLife,"Interactive One, LLC",≤100
625163578131723,Bravely Facing Tomorrow,Gregory Inwha Park,≤100
45393753416,Alliance Defending Freedom,Alliance Defending Freedom,≤100
586751814690068,Joni Ernst,Joni for Iowa,≤100
110010433804232,Falkirk Center,Falkirk Center,≤100
352527958302,Israel on Campus Coalition,Israel on Campus Coalition,≤100
106667854471975,Outspoken,Log Cabin Republicans,≤100
8492293163,Environmental Defense Fund,Environmental Defense Fund,≤100
21559454473,FAIR,FEDERATION FOR AMERICAN IMMIGRATION REFORM,≤100
593289284500311,Trump Rack,BOXD Marketing,≤100
102745147891580,Trump Coolers,Trump Coolers,≤100
84654295960,Saint Mark Baptist Church,Saint Mark Baptist Church,≤100
420785874975425,Conservative Institute,The Conservative Institute,≤100
405469100189512,Still My President - Donald Trump,Red State Politics LLC,≤100
266344180585578,Jim Jordan for Congress,JIM JORDAN FOR CONGRESS,≤100
104839580910741,Jimmy McGill,Jimmy Carrol Mcgill,≤100
107124401114378,Bayyari for Washington County,Bayyari for Justice of the Peace,≤100
100233228182981,Madison Cawthorn for Congress,CAWTHORN FOR NC,≤100
8325302025,Friends of the Earth U.S.,Friends of the Earth,≤100
103380237810187,David Norman for State Representative,Malcolm David Norman,≤100
160513344045084,John Neely Kennedy,"John Kennedy for Us, Inc",≤100
376776419037747,Turning Point USA,Turning Point USA,≤100
628891490457484,Nancy Mace,Nancy Mace for Congress,≤100
345378512258813,Elise Stefanik,ELISE FOR CONGRESS,≤100
129255907131113,NumbersUSA,NUMBERSUSA EDUCATION AND RESEARCH FOUNDATION,≤100
1765073800454902,Reform Austin,Reform Austin Inc.,≤100
180308889033683,Country Lifestyle,Outergoods LLC,≤100
373814729643508,Let America Vote,LET AMERICA VOTE PAC,≤100
672213539861652,John Anthony Castro,John Anthony Castro,≤100
116546288359245,Heritage Action for America,HERITAGE ACTION FOR AMERICA,≤100
429812024048177,Doug Jones for Senate,DOUG JONES FOR SENATE COMMITTEE,≤100
107654924064350,Pat Timmons-Goodson,PATRICIA TIMMONS-GOODSON FOR CONGRESS,≤100
892673067526965,Project War Path,Project War Path,≤100
6231686654,Compassion International,"COMPASSION INTERNATIONAL, INCORPORATED",≤100
58736997707,Marco Rubio,Marco Rubio for Senate,≤100
354851377936744,BookTV,C-SPAN,≤100
102875587947942,Keep Trump In Office,Keep Trump In Office,≤100
350784278974539,Turning Point Action,Turning Point Action,≤100
115947949854417,Pine Ridge Hope,Andrew Kenyon Davies,≤100
304824390182929,Fieldstone,Robert Clark Haddock,≤100
702582586516561,CBN Israel,"The Christian Broadcasting Network, Inc.",≤100
111900170150894,Jeff Wardlaw State Representative,Campaign to Re-Elect State Representative Jeff Wardlaw,≤100
111040616957411,Ricky Dale Harrington Jr for US Senate,Ricky Dale Harrington,≤100
1799282383731277,TwoSeventy,Alexander Jared Deutsch,≤100
1438808983108348,BOLD PAC,CHC BOLD PAC,≤100
277005566267077,Blueland,Blueland,≤100
123651254408327,Sokolove Law,"Sokolove Law, LLC",≤100
27544763621,Prison Fellowship,Prison Fellowship,≤100
115024746010017,MediaWise,MediaWise,≤100
106706714469410,For AR People,For AR People,≤100
629732217415068,Republican Party,Greater Half,≤100
1136781033034012,Brave New Look,Brave New Look,≤100
55549065733,Voto Latino,VOTO LATINO INC.,≤100
193618220508,LIFE Today,LIFE Outreach International,≤100
110795053824789,Tracy Steele for Mayor,Tracy Steele for Mayor,≤100
1610834479233860,Fight For Reform,End Citizens United Non-federal,≤100
10498053716,Media Research Center,MEDIA RESEARCH CENTER,≤100
309308412520731,Sandy Hook Promise,Sandy Hook Promise,≤100
113666459994300,Big Dan Rodimer for Congress,RODIMER FOR CONGRESS,≤100
419237048158257,Susan Collins,COLLINS FOR SENATOR,≤100
35169196082,Project HOPE,"PROJECT HOPE-THE PEOPLE-TO-PEOPLE HEALTH FOUNDATION, INC.",≤100
592707041080920,Stand Together,Stand Together Chamber of Commerce Inc.,≤100
309798029121030,Everytown for Gun Safety,Everytown for Gun Safety Action Fund Inc,≤100
151525932186806,When Democrats Turn Out,WHEN DEMOCRATS TURN OUT PAC,≤100
23875187730,Feeding America,Feeding America,≤100
206743952696198,Lower My Bills,"LMB OpCo, LLC",≤100
101894128312659,My President,Republican Nations,≤100
107589664099282,Stand Up To China,"Stand Up To China, Inc.",≤100
103232231535182,Truly Loyal Patriots,Truly Loyal Patriots,≤100
105925357843835,Healthy Banana,Lunch Time,≤100
6726182861,Mike Pence,TRUMP MAKE AMERICA GREAT AGAIN COMMITTEE,≤100
428821014132730,Katie Porter,Katie Porter For Congress,≤100
108118933908193,Next Level Goods,Next Level Goods LLC,≤100
794490553914304,Dr. Nina Ansary,"Revela Press, LLC",≤100
828902563856302,Chuck Schumer D-NY,FRIENDS OF SCHUMER,≤100
53674651369,Susan B. Anthony List,Susan B. Anthony List,≤100
20876805343,March of Dimes,MARCH OF DIMES INC.,≤100
210525195651998,Benton County Right to Life,Benton County Right to Life,≤100
113553048669158,Rick Scott,TEAM RICK SCOTT,≤100
20395377020,Old Navy,Old Navy LLC,≤100
894096170667732,Ashley Hinson,Ashley Hinson For Congress,≤100
115265929865296,Reginald Prunty For State Representative District 59,Committee to Elect Reginald Prunty,≤100
6820348410,Kirsten Gillibrand,Off the Sidelines,≤100
143055773143383,Patients For Affordable Drugs NOW,Patients for Affordable Drugs Now,≤100
700806360047982,CFG Action,Club for Growth Action,≤100
596556607135301,The Earthling Co.,The Earthling Co.,≤100
257019421075897,Cory Gardner,Cory Gardner for Senate,≤100
407664862957433,Ammar Campa-Najjar for Congress,AMMAR CAMPA-NAJJAR FOR CONGRESS,≤100
166618413413767,Jay Sekulow,American Center for Law and Justice,≤100
103218576421422,GirlTrek: Healthy Black Women and Girls,GirlTrek,≤100
224971758838157,SEAGreen Solid Waste and Recycling Division,Southeast Arkansas Regional Solid Waste Management District,≤100
6240652407,Young America's Foundation,YOUNG AMERICA'S FOUNDATION INC,≤100
291659781342352,Sam Slaton for Benton County Justice of the Peace - District 8,Sam Slaton Campaign,≤100
166471303706,OkCupid,"MATCH GROUP, LLC",≤100
109976445836,Darim Online,Darim Online,≤100
2078647579047586,Project Pulso,Pulso,≤100
160967620648771,David Whitaker,David J Whitaker,≤100
293225127381200,Patriot Depot,The Patriot Depot,≤100
64742342517,Hagee Ministries,"GLOBAL EVANGELISM, INC.",≤100
101127364972509,Dems For USA,Dems For USA,≤100
342294162453301,Planned Parenthood,Planned Parenthood Federation of America,≤100
103644036958,United Association,United Association Political Education Committee,≤100
116238930177726,Artsiful,Brad Aaron Shaw,≤100
100620461363190,City of Fort Smith - Community Engagement,City of Fort Smith,≤100
102970524661468,Elect Ali Noland,Ali Noland for Little Rock School Board,≤100
6333396177,NewsBusters.org,MEDIA RESEARCH CENTER,≤100
105758454200019,Mark N Scalise,Scalise For Judge,≤100
934438026690635,YouGov,YOUGOV AMERICA INC.,≤100
440416040102882,Tammy Harty for Missouri Senate District 33,Tammy Harty for 33 District MO Senate,≤100
7976226799,The Daily Show,Comedy Central,≤100
1556932204325823,ProgressPop,ProgressPop,≤100
420920054908243,Faulkner Forward PAC,Faulkner Forward PAC,≤100
118502801658228,Young Kim,Young Kim for Congress,≤100
598575284137858,The Trump I Know,Wolf Rock Pictures,≤100
557051651115624,Stidham Financial Services,Stidham Financial Services,≤100
109186244232765,The Liberty Club,Cindy None Dao,≤100
971668776283950,PolicyEd,Hoover Institution,≤100
493811210669780,Creative Action Network,Creative Action Network,≤100
71383025128,PARIS - Guerrilla Funk Recordings,"Guerrilla Funk Recordings and Filmworks, LLC",≤100
102212541306207,Self-Employed Health Insurance,GROW with MKG LLC,≤100
656263988182462,Bill Hagerty,TEAM HAGERTY,≤100
102137374563260,Confide in American Pride,John Allen Franson,≤100
209516845093,NRDC Action Fund,NRDC Action Fund,≤100
179513292162226,American History TV,C-SPAN,≤100
103144548151014,Adrian Perkins,Perkins for LA,≤100
21455818797,Feed the Children,"FEED THE CHILDREN, INC.",≤100
12683623041,Society for Human Resource Management (SHRM),SOCIETY FOR HUMAN RESOURCE MANAGEMENT,≤100
537534316395916,Students for Trump,Turning Point Action,≤100
184731548554164,PL+US,Plus Fund: Paid Leave for the United States,≤100
216709768355686,Dinesh D'Souza,America2020 Film LLC,≤100
111393882812494,Amy McGrath,"AMY MCGRATH FOR SENATE, INC.",≤100
109970794118583,Howard Beaty for State Rep,Howard Beaty for State Representative,≤100
80987211775,Bill Cassidy,Bill Cassidy for US Senate,≤100
102714024553365,Julia K Bailey for Justice of the Peace,Julia Kilbourne-Bailey,≤100
105433064492153,The Return 2020,The Return International,≤100
112898570150169,Charles Beckham for State Senate District 12,Charles Beckham for State Senate,≤100
711478725532801,Civiqs,Civiqs,≤100
2236497789960303,Kuzmich for Congress,Stephen Kuzmich,≤100
96171427550,Raja for Congress,FRIENDS OF RAJA FOR CONGRESS,≤100
145605785530912,First Electric Cooperative,First Electric Cooperative,≤100
258470931719484,The Why Minutes,The Why Minutes,≤100
1088950287806118,Climate Hustle 2,CFACT,≤100
112970240538609,"Charlene Fite, State Representative District 80",Charlene Fite for State Representative,≤100
1553558311617419,People United for Privacy,People United for Privacy,≤100
6756153498,Mike Bloomberg,Mike Bloomberg,≤100
127821707877,YWCA USA,"YWCA OF THE USA, NATIONAL BOARD (INC)",≤100
1836138529938551,Greater Half,Greater Half,≤100
210333902420876,Sean Parnell,AMERICANS FOR PARNELL COMMITTEE,≤100
585942765164217,Elect Democratic Women,ELECT DEMOCRATIC WOMEN,≤100
1683659714985244,Phil Ehr,EHR FOR CONGRESS,≤100
1900853040223913,Count All Kids,Partnership for America's Children with Facebook Ad Credits,≤100
30914589895,The International Fellowship of Christians and Jews,"INTERNATIONAL FELLOWSHIP OF CHRISTIANS & JEWS, INC.",≤100
737686089933715,Conservative Collections,Mainline Media Group,≤100
700558280309875,Sootchy App,Sootchy Inc,≤100
5246634919,Zazzle,Zazzle Inc.,≤100
6041057841,The Humane Society of the United States,"HUMANE SOCIETY OF THE UNITED STATES, THE",≤100
2012750189007245,Liquid Death Mountain Water,Liquid Death,≤100
83673249645,Planned Parenthood Great Plains,Planned Parenthood Great Plains,≤100
2019228981443626,She the People,She The People,≤100
105829564471772,Patriots Stand Together,Trizzie Truong,≤100
105084617912738,PatriotQuizzes,patriotquizzes.com,≤100
51379424899,Mercy Ships,MERCY SHIPS INTERNATIONAL,≤100
5720973755,Defenders of Wildlife,DEFENDERS OF WILDLIFE,≤100
839110726214614,Realtors,NATIONAL ASSOCIATION OF REALTORS,≤100
398757490729,The National Network to End Domestic Violence,"NATIONAL NETWORK TO END DOMESTIC VIOLENCE, INC.",≤100
1053833861326820,John Burke,Presidential Playbook,≤100
1268410219898273,Tango Tango,Tango Tango Inc,≤100
263210730984251,We Are Great Again Pac,WE ARE GREAT AGAIN PAC,≤100
21375324480,The Heritage Foundation,HERITAGE FOUNDATION (THE),≤100
17911165812,Covenant House International,Covenant House,≤100
109698737529541,WomanKindness,WomanKindness,≤100
193628397865385,Chip Roy,CHIP ROY FOR CONGRESS,≤100
153278754738777,Climate Reality,The Climate Reality Project,≤100
16775672689,Heartland Institute,The Heartland Institute,≤100
342887442508723,Convention of States,Convention of States Action,≤100
42002969352,Center on Budget and Policy Priorities,Center on Budget and Policy Priorities,≤100
103199934545484,"Roy Reaves, Republican, for Pope County Justice of the Peace, District 7",Sarah Mae Shott,≤100
607626319739286,Black Voices for Trump,TRUMP MAKE AMERICA GREAT AGAIN COMMITTEE,≤100
11791104453,NRDC,Natural Resources Defense Council,≤100
1749019308649177,Democratic Party of Craighead County,Democratic Party of Craighead,≤100
116512866645042,Jeff Hart for Texarkana Arkansas Ward 6 Board of Directors,Jeffery Lynn Hart,≤100
134452023239984,Human Coalition,Human Coalition,≤100
145973965440671,Carnegie Corporation of New York,CARNEGIE CORPORATION OF NEW YORK,≤100
7292655492,MoveOn,MOVEON.ORG POLITICAL ACTION,≤100
104027944769027,Proud Patriot Shop,Georgia Rose Benoit,≤100
29883711738,Independent Women's Voice,Independent Women's Voice,≤100
100119981671668,Blue Senate,BLUE SENATE PAC,≤100
19342050934,Leadership Institute,LEADERSHIP INSTITUTE INC,≤100
322551718276442,Lemons Are Blue,Lockwell LLC,≤100
303061950155375,John James,"JOHN JAMES FOR SENATE, INC.",≤100
911828698840246,ReLEntless Defender Apparel,ReLEntless Defender Apparel,≤100
10423517786,Harvard Business Review,HARVARD BUSINESS SCHOOL PUBLISHING CORPORATION,≤100
15351475322,Cathy McMorris Rodgers,Cathy McMorris Rodgers for Congress,≤100
30792325085,Bipartisan Policy Center,"BIPARTISAN POLICY CENTER, INC.",≤100
419992651425033,Guardianes del Pueblo-Consumer Law Group,Consumer Law Group,≤100
15041226930,Oxfam,"OXFAM AMERICA, INC.",≤100
105536127617594,The American Digest,The American Digest,≤100
38235851310,USA for UNHCR,UNITED STATES ASSOCIATION FOR UNHCR,≤100
460942770606432,Council Member Tyler Dunegan,Tyler Dunegan,≤100
46347342434,EMILY's List,EMILY'S LIST,≤100
518194348194441,RepresentUs,RepresentUs,≤100
242679302418244,Denison Forum,Denison Ministries,≤100
129278807814364,Women of Welcome,Welcome.,≤100
223055747744143,Beto O'Rourke,Powered By People,≤100
2081864865362439,Mike Espy,MIKE ESPY FOR SENATE CAMPAIGN COMMITTEE,≤100
8321461609,MomsRising.org,MomsRising Together,≤100
2313275472070573,Economic Security Project Action,Economic Security Project Action,≤100
1420603454821139,Arkansas Community Organizations,Arkansas Community Organizations,≤100
205395906412,UAW International Union,"INTERNATIONAL UNION, UNITED AUTOMOBILE, AEROSPACE AND AGRICULTURAL IMPLEMENT WORKERS OF AM",≤100
278270926297798,Select Justice,"Select Justice, LLC",≤100
1530883997194411,United States Constitution,Flag and Cross,≤100
1600352356914768,PushBlack,PushBlack,≤100
11006419356,The Voice of the Martyrs - USA,"VOICE OF THE MARTYRS, INC., THE",≤100
289446947817747,Global Citizen,"GLOBAL POVERTY PROJECT, INC.",≤100
505653766599222,America First with Dr. Sebastian Gorka,Salem Media,≤100
746938465317981,Nuclear Matters,Nuclear Matters,≤100
169130470583214,Demand Justice,Demand Justice,≤100
112333396969405,Jim Bognet,Bognet for Congress,≤100
112735922758892,Charlie Kirk,Charlie Kirk,≤100
122779891681023,Greg Henderson,Greg Henderson for City Director,≤100
331037760381749,Sierra Magazine,SIERRA CLUB,≤100
102592959026,Ocean Conservancy,"OCEAN CONSERVANCY, INC.",≤100
5943727453,American Humane,American Humane,≤100
2256321067930356,Liberteeclub,libertyteeshop,≤100
111324359048459,Dr. Roger Marshall,KANSANS FOR MARSHALL,≤100
683872625157265,Theresa Greenfield,THERESA GREENFIELD FOR IOWA,≤100
1055873511190792,Hello Resistance,Hello Resistance Apparel,≤100
23790541544,Democrats,DCCC,≤100
202531447982,Jimmy Chin,Protect Our Winters,≤100
1435071773455316,Daily Wire,The Daily Wire,≤100
128167457221813,Public Transportation,Voices for Public Transit,≤100
104372924468760,Justin Reeves for State Representative District 49,Justin Cole Reeves,≤100
160630887998827,Let Them Live,Let Them Live,≤100
1084856268238034,Trump Talking,Roberto None Lugo,≤100
109947294143213,Republicanstorefront,Republicanstorefront.com,≤100
1295279420598401,Victoria Spartz,VICTORIA SPARTZ FOR CONGRESS,≤100
7483836629,Ancestry,Ancestry.com Operations Inc.,≤100
926650430723985,Really American,REALLY AMERICAN PAC,≤100
1428283027462702,Restoration PAC,RESTORATION PAC,≤100
1681120172099567,Libertarian Candidates,Ryan Allen Raymond,≤100
34362997676,United States Holocaust Memorial Museum,UNITED STATES HOLOCAUST MEMORIAL MUSEUM,≤100
124530924015,Hank Gilbert,HANK GILBERT FOR CONGRESS,≤100
808450969246896,"Rebecca Walser, Tax Attorney, CFP",Walser Wealth Management,≤100
192771954102960,Jordan Sekulow,American Center for Law and Justice,≤100
219247332354785,Phil Arballo for Congress,ARBALLO FOR CONGRESS,≤100
25121889784,Texas Public Policy Foundation,Texas Public Policy Foundation,≤100
2146201085498440,Tony Gonzales,Tony Gonzales for Congress,≤100
207901812670026,theSkimm,"theSkimm, Inc.",≤100
1081518195353411,Erik Rock - Rock Productions LOL,Erik Andrew Rock,≤100
2246364628908665,Uniting Missouri,Uniting Missouri,≤100
231154884924705,AboutTrump.org - and Biden,A MARK FOUNDATION,≤100
154269528015922,Byron Donalds,Byron Donalds for Congress,≤100
13867925345,Equality Florida,Equality Florida,≤100
1194865807192273,Conservative Gear,Outergoods LLC,≤100
101724361319410,Ronny Jackson for U.S. Congress TX-13,Texans for Ronny Jackson,≤100
243510442756370,Justice Democrats,JUSTICE DEMOCRATS PAC,≤100
548407915183371,Liz Cheney,Liz Cheney for Wyoming,≤100
153678684700451,American Investment Council,AMERICAN INVESTMENT COUNCIL,≤100
248181906078243,National Institute for Civil Discourse,CommonSense American,≤100
21090771700,Gun Owners of America,Gun Owners of America,≤100
467804929927622,Jason Smith,JASON SMITH FOR CONGRESS,≤100
113893130439041,GenFree,Gen Free,≤100
19554217292,American Heart Association: You're the Cure,American Heart Association,≤100
380869615902573,Beth Coger for JP District 6,Elizabeth J Coger,≤100
8047221596,Save the Children US,"SAVE THE CHILDREN FEDERATION, INC.",≤100
104704401202729,"Teresa's Tips, Tricks & Tools for Beauty, Health & Wealth",Teresa Marie Von Riegen,≤100
108671089209550,ACLU of Arkansas,ACLU OF ARKANSAS,≤100
156268994819596,Marc J. Bern & Partners LLP,Marc J. Bern & Partners LLP,≤100
102466168122488,Jeff Wood for Little Rock School Board,Jeff Wood for Little Rock School Board,≤100
137459917707,The Brookings Institution,The Brookings Institution,≤100
253791814655400,Doug Collins,"COLLINS FOR SENATE, INC.",≤100
130268756992804,Yale Climate Connections,Yale Climate Connections,≤100
51761261956,The Bill of Rights Institute,"BILL OF RIGHTS INSTITUTE, THE",≤100
345630469286957,Jene' For Arkansas,Jene for Arkansas,≤100
2225580284361712,Tommy Tuberville,"TUBERVILLE FOR SENATE, INC.",≤100
317284821682168,Messianic Jewish Alliance of America (MJAA),Messianic Jewish Alliance of America,≤100
152315634778510,UsAgainstAlzheimer’s,UsAgainstAlzheimer's,≤100
104617477993543,James Kendall for City Director District 3,James E Kendall,≤100
160389977329803,ATTN:,ATTN: INC.,≤100
108557097612242,Vote By Mail PAC,Vote By Mail PAC,≤100
152264148166020,Moms Clean Air Force,Moms Clean Air Force,≤100
521924961194913,Bruce Westerman,Westerman for Congress,≤100
197760674021143,Indivisible Guide,INDIVISIBLE ACTION,≤100
100501611534904,BDS is BS,BDS is BS,≤100
1025055787535714,A Case for Women,A Case for Women,≤100
282728185140429,Rep For Vets,The Rep For Vets,≤100
118269091671380,The Home T,THE HOME T,≤100
103185334702225,Stop Trump PAC,STOP 45 PAC,≤100
159597424207730,David Perdue,PERDUE FOR SENATE,≤100
51533142540,Public Advocate of the U.S.,PUBLIC ADVOCATE OF THE US,≤100
667406426724032,Cocoa Butter,Amazon Studios,≤100
2389020164663638,Arkansas Peace and Justice Memorial Movement,Kwami Malik Shabazz Abdul-Bey,≤100
106949844346620,Trumpian Republicans,Gregory Lawrence Burright,≤100
102439174938829,Liberty Center for God and Country,Liberty Center for God & Country,≤100
135298176481584,Marine Corps Scholarship Foundation,Marine Corps Scholarship Foundation,≤100
162493793737,Rick Green,Richard Arlin Green,≤100
278487153675,Redneck Nation Clothing,Tracie Milliron Gold,≤100
7962229886,Environmental Working Group,ENVIRONMENTAL WORKING GROUP,≤100
108027734104329,Ogburn for State Representative - District 8,Christopher Kyle Ogburn,≤100
15771560300,Earthjustice,EARTHJUSTICE,≤100
177820122658949,Marlin & Saltzman,Marlin & Saltzman,≤100
102617961152741,Barbara Bollier,BOLLIER FOR KANSAS,≤100
172758932738142,PhRMA,PHARMACEUTICAL RESEARCH AND MANUFACTURERS OF AMERICA,≤100
27311599342,Preemptive Love,Preemptive Love Coalition,≤100
655065784538368,PredictIt,"PredictIt - Prediction Markets. A project of Victoria University of Wellington, PredictIt has been established to facilitate research into the way markets forecast events.",≤100
108692310594568,UNITE HERE,UNITE HERE PAC,≤100
59386210330,American Lung Association,AMERICAN LUNG ASSOCIATION,≤100
103531607822207,Noticias para Inmigrantes,"Wise Rock Media, PBC",≤100
360424321432255,Doha Debates,Doha Debates,≤100
1393911800825140,OZY,OZY Media Inc,≤100
5633824547,FreedomWorks,"FREEDOMWORKS, INC.",≤100
87199812705,Advocates for Youth,ADVOCATES FOR YOUTH INC,≤100
433919203362871,Bird + Stone,BIRD & STONE INC,≤100
428752890567979,Electric Cooperatives of Arkansas,Electric Cooperatives of Arkansas,≤100
108400607228194,LaVerne Jones Gore,LAVERNE GORE FOR CONGRESS,≤100
115364585711,Lawyers' Committee for Civil Rights Under Law,Lawyers' Committee for Civil Rights Under the Law with Facebook Ad Credits,≤100
35142679763,Alzheimer's Disease Research,"BRIGHTFOCUS FOUNDATION, INC. A/K/A BRIGHTFOCUS FOUNDATION",≤100
217976018236954,OutKick,Outkick Media LLC,≤100
102412371603450,Neal Adams For City Council,Committee to elect Neal Adams for City Council,≤100
1682876188698809,United for Respect,United for Respect,≤100
83290028957,Care Net,CARE NET,≤100
105869134358705,Left Is Right,Story Network Foundation,≤100
354716314909000,Swing Left,Swing Left,≤100
680549575421741,UnitedVoice.com,"Beachside Media, Inc.",≤100
1744157445848765,"David McClain - Jonesboro City Councilman-Ward 6, Position 2",David McClain For City Council Ward 6 Position 2,≤100
657343731290262,American Freedom Fighter,American Freedom Fighter,≤100
110996737015470,Rick McClure For Rep 26,Ricky Carl Mcclure,≤100
1691667177798461,Brut,Brut,≤100
84258068778,FIRM Action,Center for Community Change Action,≤100
117641114435,First Aid Beauty,First Aid Beauty,≤100
106663044307859,Mike Sievert,"T-MOBILE USA, INC.",≤100
43609808159,Happy Family Organics,Happy Family Organics,≤100
121626482110,Operation Smile,"OPERATION SMILE, INC.",≤100
109360297266116,Fearless Patriot,TERESA NONE OHARA-MARSH,≤100
113702026736466,National Parks Action Fund,National Parks Action Fund,≤100
623835887637973,Hero PAC,Hero PAC,≤100
21472760578,C-SPAN,C-SPAN,≤100
108281434237351,UBS Financial Services Inc.,UBS Financial Services,≤100
121067011091,Arab American Institute,Arab American Institute with Facebook Ad Credits,≤100
105698674239617,Embed News,Embed News,≤100
107248944146204,Carlos Gimenez for Congress,Carlos Gimenez for Congress,≤100
504161563089343,BlackPAC,Black PAC,≤100
537320823005287,Jim Sorvillo for State Representative,Jim Sorvillo for State Representative,≤100
291102898490822,Giant Maga Hat,Inventors club LLC,≤100
90498769709,Edenpure,EdenPURE®,≤100
1439322439499211,60 Second Docs Presents,Indigenous Media,≤100
6236054211,Brady,Brady Campaign to Prevent Gun Violence,≤100
326974419055,Xfinity,COMCAST CORPORATION,≤100
1678492922390061,WorkingNation,WorkingNation,≤100
396542850837611,Declaration for American Democracy,"PUBLIC CITIZEN FOUNDATION, INC.",≤100
171651620209487,Brady PAC,Brady Pac,≤100
108029674299216,We The People,We The People,≤100
102389731274006,Shield Republic Charities,Shield Republic,≤100
17203056985,Partners In Health,Partners In Health,≤100
107758787704842,Dr. Philip Riley for City Council,Philip Michael Riley,≤100
142992759853421,Be A Hero,BE A HERO PAC,≤100
1542141306041344,Washington County Democratic Women,Washington County Democratic Women,≤100
367292494407,AJC - American Jewish Committee,AMERICAN JEWISH COMMITTEE,≤100
110439270638992,NE1else,Time Management LLc,≤100
2037695643113766,Blexit,Blexit Foundation,≤100
1925751504337881,MJ Hegar,MJ FOR TEXAS,≤100
108823540898125,Phillip Glover for Jonesboro City Council-Ward 5,Phillip Glover Campaign,≤100
30708742052,FCTRY,FCTRY,≤100
1439364926329185,Animal Matters,Animal Matters,≤100
103645227897737,Zesty Salsa,Gabriel F Serrano,≤100
44705166993,Vote.org,Vote.Org,≤100
83865976093,Truthout,TRUTHOUT,≤100
105344597849658,"Jim Burton for State Representative, District 58",JIM BURTON FOR STATE REPRESENTATIVE,≤100
107665644228467,Conservative Journal Review,Conservative Journal Review LLC,≤100
201956993160690,MRCTV,MEDIA RESEARCH CENTER,≤100
79125112926,Students for Life of America,"STUDENTS FOR LIFE OF AMERICA, INC.",≤100
7814597100,Jim Jordan for Congress,JIM JORDAN FOR CONGRESS,≤100
325578590837480,Protect Our Care,Sixteen Thirty Fund,≤100
1801928096578092,Radical Alert,Radical Alert,≤100
107953010886875,20Train.com,GEEG LLC,≤100
169277310432049,"Texas Precision Optics, Inc.",Texas Precision Optics Inc,≤100
953113491536337,Black to the Future Action Fund,Black to the Future Action Fund,≤100
979720542211350,Humanize Being Black,Keyshun Quantarious Holmes,≤100
114137377017740,Martin Lemelle,Martin Lemelle for Congress Campaign,≤100
143729616392084,Van Drew for Congress,Van Drew for Congress,≤100
102564128179023,Truth to Power,TRUTH TO POWER,≤100
1667892193505378,Hold the House,HOLD THE HOUSE PAC,≤100
100506848295759,Made to Fail,Made To Fail,≤100
227764782729,AMERICAN - STRONG!,American Strong LLC,≤100
111648480319494,800DEMOCRAT,800DEMOCRAT,≤100
449816192500640,Shield Legal,"Shield Legal, LP",≤100
252814820267,HIAS,HIAS,≤100
114386721939978,The Made in America Store,Made In America Store,≤100
109200595768753,The Christian Left,The Christian Left,≤100
319085508164191,Affordable Pharmacy Action Network,Paid for by Pharmaceutical Care Management Association,≤100
162695894106234,Co-ops Vote,National Rural Electric Cooperative Association,≤100
638673103424933,Retired Americans PAC,Retired Americans PAC,≤100
112600915451330,No Labels,No Labels,≤100
711909245654048,National Police Support Fund,National Police Support Fund,≤100
169687486427698,Jentezen Franklin,FREE CHAPEL WORSHIP CENTER,≤100
7341997111,Conservation International,Conservation International,≤100
143986912311328,University of Vermont Continuing and Distance Education,University of Vermont,≤100
6165653060,AFSCME,AMERICAN FEDERATION OF STATE COUNTY & MUNICIPAL EMPLOYEES,≤100
96491683438,"The Friends of Israel Gospel Ministry, Inc.","FRIENDS OF ISRAEL GOSPEL MINISTRY, INC, THE",≤100
101300771722995,The Patriotic Movement,Christopher Allen Supek,≤100
113042546706999,Wendell Champion,CHAMPION FOR CONGRESS,≤100
124155874263916,Participant Media,Participant Media,≤100
1518297238457643,Jeremiah Johnson Ministries,Jeremiah Johnson Ministries,≤100
1048486145183452,We Testify,We Testify,≤100
1526736227567131,TrueCoverage,True Coverage,≤100
7219151423,The Fund for American Studies (TFAS),The Fund for American Studies,≤100
317667194946264,Ro Khanna,RO FOR CONGRESS INC,≤100
442553959494293,Pay Up Climate Polluters,Center for Climate Integrity,≤100
181888625087,Greg Abbott,Texans for Greg Abbott,≤100
186805048171120,U.S. & Texas LawShield,Texas LawShield,≤100
540707072979860,Brian Maryott,MARYOTT FOR CONGRESS,≤100
1345951945549438,The Trump Prophecy,"DIGITAL COAST MEDIA, LLC",≤100
50982313030,Food & Water Watch,Food & Water Watch,≤100
1934191280189700,Health Care Voter,Health Care Voter,≤100
74697123892,SEIU MN State Council,SEIU MN State Council,≤100
360303722260,Kathleen Williams,KATHLEEN WILLIAMS FOR MONTANA,≤100
370657382416,Stanley Black & Decker,"STANLEY BLACK & DECKER, INC.",≤100
836826976517252,International Christian Embassy Jerusalem - USA,"International Christian Embassy Jerusalem - USA, Inc.",≤100
100698151401305,Aguiar4Constable,Aguiar4Constable,≤100
213041185421849,Lance Harris,Lance Harris Campaign,≤100
38471053686,Elizabeth Warren,"WARREN DEMOCRATS, INC.",≤100
1452551204988299,GoReact,Speakworks Inc,≤100
21492729544,Catholic Relief Services,CATHOLIC RELIEF SERVICES - UNITED STATES CONFERENCE OF CATHOLIC BISHOPS,≤100
267180743723148,National Geographic Society,National Geographic Society,≤100
296708523873754,Karla Dennis and Associates Inc.,"Karla Dennis & Associates, Inc",≤100
19420215926,CNSNews.com,MEDIA RESEARCH CENTER,≤100
110962313941403,Vote from Home 2020,PEOPLE FOR GOVERNMENT PAC,≤100
931907200310657,Patients Rising Now,Patients Rising Now Inc,≤100
100523018383357,National Federation of Christian Businesses - NFCB,National Federation of Christian Businesses Inc,≤100
241672016328637,Lauren Underwood for Congress,LAUREN UNDERWOOD FOR CONGRESS,≤100
123624513983,The Western Journal,The Western Journal,≤100
169294473121454,Policetees.com,PoliceTees.com,≤100
102014018075000,Tommy Centola for Searcy City Council,Thomas J Centola,≤100
357554791340788,Liker,Omar Rivero,≤100
53541257714,The Arc of the United States,"ARC OF THE UNITED STATES, INC., THE",≤100
103963987985703,Birth Defects Victims,Birth Defects Victims,≤100
380150085350039,Justice Ken Wise,Friends of Justice Ken Wise,≤100
430964644347524,Campaign Ad-Cloud,Campaign Ad-Cloud,≤100
284946111858895,Debbie Mucarsel-Powell,DEBBIE FOR CONGRESS,≤100
107226350977260,Rookie,Mark Anthony Russell,≤100
194046044699492,Lou Reed Sharp for Arkansas,Lou Reed Sharp for Arkansas,≤100
109894877501594,Steve Daines Follows The Money,DSCC,≤100
114226275387369,RepublicEn,republicEn,≤100
2068988876444634,Stand Up for Accurate Prenatal Answers,STAND UP FOR ACCURATE PRENATAL ANSWERS INC,≤100
181385265351965,Mosaic Magazine,Mosaic,≤100
601108943431836,The Flip Side,TFS Inc,≤100
19437978960,Chris Murphy,FRIENDS OF CHRIS MURPHY,≤100
54787697857,Ron Wyden,WYDEN FOR SENATE,≤100
225047548933396,Hip-Hop Political Education,Hip Hop Political Education Summit,≤100
101909874530441,Laurie Marshall for Justice of the Peace,Laurie Marshall for Washington County,≤100
236369846383459,Congressional Black Caucus PAC,Congressional Black Caucus PAC,≤100
315151565831,Ascension,Ascension Press,≤100
568257590245036,Blacks Against BDS,Blacks Against BDS,≤100
514167322309353,Dan Crenshaw,Crenshaw For Congress,≤100
455147011996099,The Ann and Phelim Scoop,The Unreported Story Society,≤100
496696933682736,Jeff Merkley,JEFF MERKLEY FOR OREGON,≤100
131306317680000,Social Goods,"Social Goods, LLC",≤100
102579318191600,No Justice No Peace,NO JUSTICE NO PEACE PAC,≤100
11234736860,Tom McClintock,MCCLINTOCK FOR CONGRESS,≤100
107937014153581,Energized Health,John Jubilee Transformation LLC DBA Energized Health,≤100
102436701226752,Is It Sunday Yet?,Jarrett J Rogers,≤100
100112308053813,South Dakotans for Better Marijuana Laws,South Dakotans for Better Marijuana Laws,≤100
1690071827911682,Cleancult,cleancult,≤100
103131054573692,Crawfordology,Crawfordology,≤100
303167829786891,Ed Markey,THE MARKEY COMMITTEE,≤100
102846434825096,Beat Abbott,Beat Abbott PAC,≤100
17475614410,Hispanic Federation,Paid for by Hispanic Federation with Facebook Ad Credits,≤100
1228396643984955,Michelle Steel,Michelle Steel for Congress,≤100
8057376739,The Nature Conservancy,Nature Conservancy,≤100
59543893235,National Constitution Center,National Constitution Center,≤100
1630313167061484,Elect George Pritchett Justice of the Peace 3,Elect George Pritchett,≤100
327202261326682,Stephanie Bice,Bice for Congress,≤100
34521916336,Brent Bozell,MEDIA RESEARCH CENTER,≤100
28510612138,Uncommon Knowledge,Hoover Institution,≤100
106204621230673,Tactical Community,Empowerment Tactics LLC,≤100
29697575576,Paralyzed Veterans of America,PARALYZED VETERANS OF AMERICA,≤100
186932688457686,CHNGE,CHNGE,≤100
32975139631,If Americans Knew,If Americans Knew,≤100
884608308247144,Armadillo Hat Company,Armadillo Hat Company,≤100
112164673854264,Living Patriotically,Living Patriotically,≤100
228132537208218,Tammy Duckworth,TAMMY FOR ILLINOIS,≤100
101853374572717,Retirement U,Robert Jared Wilkins,≤100
163302087408673,Stop The Donald,Stop the Donald,≤100
1754537017933979,Vote Sam Duncan,Samuel Brett Duncan,≤100
1338822066131069,Women's March,Women's March,≤100
456244124886097,FactSpread.org,factspread,≤100
292351509697,Jerusalem Prayer Team,Jerusalem Prayer Team,≤100
372082579523719,Rabbi Dr. Shmuly Yanklowitz,Rabbi Dr. Shmuly Yanklowitz,≤100
6820348410,Kirsten Gillibrand,Gillibrand for Senate,≤100
135081079769,AFGE,American Federation of Government Employees,≤100
333081284065216,Brynne Kennedy for Congress,BRYNNE KENNEDY FOR CONGRESS,≤100
108797534098691,Keep Gifts Great,Adrian Choi Conger,≤100
101533684726659,You Are A Pro,Ruth Nduta Karanja,≤100
1354622541311687,Dr. Kim Schrier,DR KIM SCHRIER FOR CONGRESS,≤100
108543130978621,Proud American Gifts,The GOP Shop,≤100
1000253160054572,Cori Bush,CORI BUSH FOR CONGRESS,≤100
59877921429,Lutheran Immigration and Refugee Service,"LUTHERAN IMMIGRATION AND REFUGEE SERVICE, INC.",≤100
107439427661844,Accountable Tech,Accountable Tech,≤100
19746387261,Humane Society International,Humane Society International,≤100
53727956260,Republican Jewish Coalition,Republican Jewish Coalition,≤100
112525557161690,Council Perspectives,KUDZUKIAN,≤100
922580991129339,People's Mojahedin Organization of Iran - MEK IRAN,MEK-Iran (Saeid Saadati),≤100
107693647704467,John Williams for Paragould City Council,John Franklin Williams,≤100
28483858161,Texas Scorecard,A PROJECT OF EMPOWER TEXANS INC,≤100
7642602143,Mother Jones,FOUNDATION FOR NATIONAL PROGRESS,≤100
129602743740560,Illinois Family Action,ILLINOIS FAMILY ACTION NFP,≤100
233116802464,Independent Voter,Independent Voter Project,≤100
151894654697,Save Our States,Save Our States,≤100
104038541334426,BailoutWatch,Climate Nexus,≤100
110849485902,United Way,United Way Worldwide with Facebook Ad Credits,≤100
112665503895607,It's Gonna Be YUGE,Reign Marketing LLC,≤100
2259323457517498,Abolish the Electoral College,ABOLISH THE ELECTORAL COLLEGE,≤100
91346559231,Democratic Legislative Campaign Committee - DLCC,Democratic Legislative Campaign Committee,≤100
896759427103774,Modern Medicaid Alliance,Modern Medicaid Alliance,≤100
1533695766904443,Trainwreck,Trainwreck,≤100
143981748956175,Rural Assembly,Rural Assembly,≤100
108152933883451,TrumpTrendz,Troy Lorenzo Davis,≤100
465483726908192,iVote,IVote Civic Education Fund,≤100
318020432108506,Progress News Network,Progress News Network,≤100
1800072483402009,African Community & Conservation Foundation,African Community & Conservation Foundation,≤100
6787988478,Physicians for Human Rights,"PHYSICIANS FOR HUMAN RIGHTS, INC.",≤100
336470580233523,Pins and Aces Golf Co.,US Craft Brands LLC,≤100
160484230634663,National Urban Indian Family Coalition,National Urban Indian family Coalition with Facebook Ad Credits,≤100
103373224404755,Impact Slates,COLLECTIVE IMPACT PAC,≤100
166166843531258,National Council of Resistance of Iran - شورای ملی مقاومت ایران,MEK-Iran (Saeid Saadati),≤100
2133130356918764,Common Justice,COMMON JUSTICE INC,≤100
113502933787595,Patriots United,Tyler Wayne Hedland,≤100
105157841248307,No Filter Politics,No Filter Politics,≤100
104170004713256,Elect Black Democrats,THE COLLECTIVE PAC,≤100
1953272808085565,"Chris Casey for Yell County Quorum Court, District 10",Chris Casey for Arkansas,≤100
1397456727053085,Georgia Law Enforcement,Georgia Law Enforcement Organization,≤100
566008736785269,Be Heard Project,Be Heard Project,≤100
513695272011123,The Genesis Prize,GPF NA LLC,≤100
289544064711784,Progress North Carolina,Progress North Carolina,≤100
1653251174924652,Fuzzu,Fuzzu,≤100
142370046577999,Shahid Buttar for Congress,Shahid Buttar for Congress Committee,≤100
123315077689118,Atria Books,Simon and Schuster,≤100
100401327980848,National Parents Union,National Parents Union,≤100
2046092952294722,Lucy McBath for Congress,FRIENDS OF LUCY MCBATH,≤100
1573514862764092,Speech First,Speech First,≤100
318576225387055,Be Woke.Vote,Darrick Robert Angelone,≤100
143089732792,Marsha Blackburn,Blackburn Tennessee Victory Fund,≤100
1668350569891953,Rainbow Movement,William James Ulrich,≤100
149366465128820,Nicole Galloway,Nicole Galloway for Missouri,≤100
1830908377227716,Jane Bland,Justice Jane Bland Campaign,≤100
384557995468219,Viral Casez,Viral Casez,≤100
1656666204620806,The Wright Stuff Chics,The Wright Stuff Chics,≤100
34701792581,EWTN,Eternal Word Television Network,≤100
361960287311696,Better Medicare Alliance,"Better Medicare Alliance, Inc",≤100
102959799834968,Diane Mitsch Bush for Colorado,DIANE FOR COLORADO CD3,≤100
782093245218764,Qasim Rashid,RASHID FOR VA,≤100
101252258324890,The Con,Abramorama Inc.,≤100
30079936984,CWS,"CHURCH WORLD SERVICE, INC.",≤100
18709174006,National Audubon Society,"NATIONAL AUDUBON SOCIETY, INC.",≤100
154042277970966,International Refugee Assistance Project,"INTERNATIONAL REFUGEE ASSISTANCE PROJECT, INC.",≤100
428838360823173,Empowering Pacific Islander Communities,Empowering Pacific Islander Communities (EPIC) with Facebook Ad Credits,≤100
67626834312,National Women's Law Center,National Women's Law Center,≤100
103744091462809,The Trump Closet,Kenneth Dione Keith Jr,≤100
1443127535947107,Save the Children Action Network,Save the Children Action Network,≤100
112325855474892,Speak Up For Education and Kids,National Education Association,≤100
1648154845427417,Doggy Do Good,Do Something Good LLC,≤100
103979520737,WildCare,WILDCARE TERWILLIGER NATURE EDUCATION & WILDLIFE REHABILITATION,≤100
476079736080232,Derek Lewis KY State Representative,Derek Joel Lewis,≤100
296295018082,AARP en Español,AARP,≤100
46508415624,Scott Taylor,Scott Taylor for Congress 2020,≤100
1438882392887793,ADF Church Alliance,Alliance Defending Freedom,≤100
175403889150682,FindLaw.com,FindLaw Consumer,≤100
192013990902459,Roy Cooper,Cooper For North Carolina,≤100
7145381235,American Jewish World Service - AJWS,"AMERICAN JEWISH WORLD SERVICE, INC.",≤100
303374266418976,AFPM,American Fuel & Petrochemical Manufacturers,≤100
2295062210811244,Coalition for American Veterans,COALITION FOR AMERICAN VETERANS POLITICAL ACTION COMMITTEE,≤100
56332452163,AMA Patients Action Network,American Medical Association,≤100
103376804451432,Trending Politics,Making Web LLC,≤100
6851405967,CREDO Mobile,"CREDO MOBILE, INC.",≤100
18079407397,CPAC 2020,Conservative Political Action Conference,≤100
105455840860559,EagleRealm LLC,Eagle Realm,≤100
248306181862385,Live Lokai,LOKAI HOLDINGS LLC,≤100
30139072158,CARE,CARE,≤100
58158120046,ACLJ,American Center for Law and Justice,≤100
19972147679,SEIU,SEIU,≤100
15503839732,Peter G. Peterson Foundation,Peter G. Peterson Foundation,≤100
830890360316751,Nick Hanauer,Civic Action,≤100
202286639832171,Dr. Robert Jeffress,FIRST BAPTIST CHURCH DALLAS,≤100
839073729808623,Hillary Scholten,SCHOLTEN FOR CONGRESS,≤100
47710973068,Cooperative Action Network,National Rural Electric Cooperatives Association,≤100
539058359918955,Gary Rogers for Judge,"Committee to Elect Gary Rogers Family Court Judge - Experienced, Compassionate",≤100
107483911082907,Trump Footballs,"Local Guys Marketing, LLC",≤100
124348932744737,But first feminism,These ads ran without a disclaimer,≤100
420424547981908,In Search of Liberty,Scott Dennis Welch,≤100
466164103423147,Thorn,Thorn with Facebook Ad Credits,≤100
141786816970,Cruise Lines International Association - CLIA,Cruise Lines International Association,≤100
142432192446984,David Horowitz Freedom Center,David Horowitz Freedom Center,≤100
1511165492333863,HopePlace Fordyce,Melissa Grace Robbins,≤100
1438553336457672,Fair Housing Council of Greater San Antonio,SAN ANTONIO FAIR HOUSING COUNCIL INC,≤100
112679213772857,Truth Lion,Truth Lion,≤100
1099478666810053,Meals For Pets,Meals for Pets,≤100
623339164538852,National Security Action,Nationalsecurityaction.org,≤100
72931140459,Center for Biological Diversity,"CENTER FOR BIOLOGICAL DIVERSITY, INC.",≤100
108512875350,The Atlas Society,The Atlas Society,≤100
905023632893973,Reproaction,Reproaction,≤100
104504438466,Federal Voting Assistance Program - FVAP,Federal Voting Assistance Program,≤100
107077007769740,Election Protection Arizona,Election Protection Arizona,≤100
169130743498585,Tactical Pro Supply,Chad Keller,≤100
42872222699,Dana Loesch,Dana Loesch Radio,≤100
6150859770,American Library Association,AMERICAN LIBRARY ASSOCIATION,≤100
394817334402124,2020 Trump Bill,Innovative Ecomm LLC,≤100
680894095682539,Cowboy Life,"Nine Ranch Enterprises, LLC",≤100
237477017606,Club for Growth,Club for Growth,≤100
103571278142168,Joni Ernst Isn’t On Our Side,DSCC,≤100
141692255929599,Democratic Socialists of America,DEMOCRATIC SOCIALISTS OF AMERICA INC,≤100
12301006942,Democratic Party,DNC SERVICES CORP./DEM. NAT'L COMMITTEE,≤100
710669049286394,Woo the People,Khosro David Illulian,≤100
10150096009920008,Pro-Life Action League,PRO LIFE ACTION LEAGUE,≤100
436236519788641,"Mississippi County Electric Cooperative, Inc.","Mississippi County Electric Cooperative, Inc.",≤100
516232695098088,Defenders of Freedom and Security,DEFENDERS OF FREEDOM AND SECURITY,≤100
374848446414965,Pollking,Benjamin Aaron Perlman,≤100
111499100431,National Association for Gun Rights,NATIONAL ASSOCIATION FOR GUN RIGHTS INC,≤100
950998258312654,Knowhere,"Knowhere, Inc.",≤100
8936818385,Accuracy in Media,"ACCURACY IN MEDIA, INC",≤100
93114332471,20/20 Research,2020 Research,≤100
113110137118723,Collectible Currency,Proud Patriots,≤100
186070498791676,The Dude,The Dude's Designs,≤100
1486604288305133,Happy Earth Apparel,Happy Earth LLC,≤100
143195412381888,"Georgia Gun Owners, Inc.",Georgia Gun Owners,≤100
109966290494892,Wagoner Law Firm,Nicholas Jordan Wagoner,≤100
18813753280,Human Rights Campaign,"HUMAN RIGHTS CAMPAIGN, INC.",≤100
9394693002,Bloomberg LP,Bloomberg LP,≤100
590827401580672,"Shaelynn Nunn for City Council, Ward I, Position 2",Shaelynn Uven Nunn,≤100
451224838781405,Patriot Baby,Eric Todd Hunter,≤100
203197030603239,8 Billion Trees,8 Billion Trees LLC,≤100
445145862892472,Democratic Party of St. Francis County Arkansas,ST. FRANCIS COUNTY DEMOCRATIC PARTY,≤100
260713150211,Protect Our Winters,Protect Our Winters,≤100
151052092315417,Natali Hurtado for TX House 126,Natali For Texas,≤100
104241424297600,Fems for Democracy,Fems For Democracy,≤100
1096622853789812,Forward Promise,Forward Promise,≤100
313723095478950,The Daily Citizen,Focus on the Family,≤100
69869352985,Freedom Debt Relief,These ads ran without a disclaimer,≤100
12185972707,350.org,350.org,≤100
105610970947657,MY 2A GEAR,Leon Mckensizy Dunn,≤100
514649125971110,EDF Action Votes,EDF Action Votes INC,≤100
1632568446971453,Boredwalk,Boredwalk,≤100
100123544800892,Disme Coin Company,Byron Michael Laughlin,≤100
105561217523274,The_Dispatch,"Dispatch Media, Inc.",≤100
119006106155684,PI Energy,Andrew P Chung,≤100
119891055362589,"Lira Bravo & Martinez Arroyo, PLLC",LIRA BRAVO & MARTINEZ ARROYO PLLC,≤100
1809715209318581,Marjorie Taylor Greene for Congress,GREENE FOR CONGRESS,≤100
332803374044043,Chris Bubser for Congress,CHRIS BUBSER FOR CONGRESS,≤100
70995214846,Business Roundtable,Business Roundtable,≤100
546066468753446,Black Health Matters,BLACK HEALTH MATTERS FOUNDATION INC,≤100
359651584655941,Luisa del Rosal,Luisa Del Rosal Campaign,≤100
108777231824,Manhattan Institute for Policy Research,MANHATTAN INSTITUTE FOR POLICY RESEARCH INC,≤100
113647200440904,The New Moral Majority,NEW MORAL MAJORITY,≤100
296106753794181,Black Press USA - NNPA,Norman Rich,≤100
1905515863109983,Power In Cooperation,Power in Cooperation,≤100
299907453682524,American Legacy Center,American Legacy Center,≤100
1750699881894920,Yvette Herrell for Congress,YVETTE4CONGRESS,≤100
571748412859876,Matt Rosendale,Matt Rosendale for Montana,≤100
399449253859486,The Patriot Sheepdog,ARCS Self Defense and Combatives LLC,≤100
249455845761285,Lindsey Must Go,LMG PAC,≤100
486324651440186,Plastic Bank,Erin Lillian Rand,≤100
53797383417,The National Urban League,National Urban League with Facebook Ad Credits,≤100
276466976142714,Moguldom,NUBAI VENTURES LLC,≤100
106493481115475,Protect Our Election,Protect Our Election,≤100
570524446405979,Only Human,Only Human,≤100
101391906600,Live Action News,Live Action News,≤100
2292262990997250,American Freedom and Opportunity PAC,AMERICAN FREEDOM AND OPPORTUNITY PAC,≤100
104451604716590,Hear Our Voice Store,These ads ran without a disclaimer,≤100
104320074406295,David Cook for State Representative,David Cook Campaign,≤100
148789241860673,Scuf Gaming,These ads ran without a disclaimer,≤100
202590841969,Erie City Mission,Erie City Mission,≤100
200224630053159,Ben McAdams,FRIENDS OF BEN MCADAMS,≤100
590905468266473,US Apparel 2020,Click Wonders,≤100
2386704041588414,The Texan,The Texan,≤100
399067003454888,Sudan Relief Fund,Sudan Relief Fund Inc,≤100
144566145587559,Elect Todd Hunter,Todd Hunter Campaign,≤100
105481140904672,Core Prestige,Core Prestige,≤100
123519421070204,Shiloh Israel Children's Fund,SHILOH ISRAEL CHILDRENS FUND INC,≤100
94047978366,PCCC - BoldProgressives.org,PROGRESSIVE CHANGE CAMPAIGN COMMITTEE,≤100
384336778589668,Defend Our Constitution,COMMON CAUSE,≤100
109866370700481,PushBlack Finance,PushBlack,≤100
202600839762879,I Am Pro-Life,Focus on the Family,≤100
494259170754224,Keeping IDentities Safe,KEEPING IDENTITIES SAFE,≤100
166738743732702,All Above All Action,All Above All Action Fund,≤100
2264090133834042,Invite Research,Precision Network,≤100
126855128568,FEBC (Far East Broadcasting Company),"FAR EAST BROADCASTING COMPANY, INC.",≤100
14673807622,Wisconsin Conservation Voters,Wisconsin Conservation Voters Independent Expenditure Committee,≤100
289213691238937,Thrasher Coffee,Thrasher Coffee Co.,≤100
116713278381310,Nesting Place,These ads ran without a disclaimer,≤100
230081331660936,Take A Stand 2020,Take A Stand 2020,≤100
100133611824182,Cortwo,"Cortwo, Inc.",≤100
114752699886655,Amemiya For Mayor,Amemiya For Mayor,≤100
1536587453277219,Dr. Steve Turley,Turley Talks LLC,≤100
104881317722736,Get-It-Out,Matthew Justin Viles,≤100
112084806900129,Deck,"Deck Technologies, Inc.",≤100
109958865743777,Bobbleheads.com,Bobbleheads.com LLC,≤100
106890801114065,Right Wing Maga,Right Wing Maga,≤100
375760676281438,Mermaid Straw,Mermaid Straw,≤100
257084341125701,Crowdpac,Crowdpac LLC,≤100
322778165249416,Protect Colorado's Vote,Protect Colorado's Vote,≤100
1156676274461345,Mikie Sherrill,MIKIE SHERRILL FOR CONGRESS,≤100
592819958067004,Voteredamerica,Vote Red America,≤100
405355946226766,Todd Young,"FRIENDS OF TODD YOUNG, INC.",≤100
323057528048557,LGBTQ Victory Institute,LGBTQ Victory Institute,≤100
308353252483,Kristi Noem,Kristi for Governor,≤100
206052849902620,Intermountain Immigration,"Intermountain Immigration, LLC",≤100
104915521123785,Amy Hilton for School Board,Amy Hilton for School Board,≤100
130945114804,World Jewish Congress,WORLD JEWISH CONGRESS AMERICAN SECTION INC,≤100
102271271633269,Amazing T-shirts Store,These ads ran without a disclaimer,≤100
332172544231683,America's Plastic Makers,"AMERICAN CHEMISTRY COUNCIL, INC.",≤100
19474609238,Mercatus Center at George Mason University,Mercatus Center at George Mason University,≤100
111954788847971,Charlotte-Mecklenburg Storm Water Services,Charlotte-Mecklenburg Storm Water Services,≤100
106372766264,NYS Democratic Senate Campaign Committee (DSCC),NYS Democratic Senate Campaign Committee,≤100
427947527249273,Let My People VOTE,Soul 2 Soul Sisters,≤100
300992409852,Hoover Institution,Hoover Institution,≤100
281884085611820,Tedra Cobb,COMMITTEE TO ELECT TEDRA COBB,≤100
175484815833963,Partners for Dignity & Rights,NATIONAL ECONIMIC & SOCIAL RIGHTS INITIATIVE,≤100
40973310753,Pathfinder International,Pathfinder International,≤100
117513180002579,John Shallman,Target Marketing Digital,≤100
473191156175163,EDF Action,Environmental Defense Action Fund,≤100
400854333330702,Citizens for Karina Villa,Citizens for Karina Villa,≤100
293587294678559,Bienvenido,"Bienvenido, USA",≤100
254943996005,Catholic Answers,"CATHOLIC ANSWERS, INC.",≤100
105102684662476,Al Felton For City Council Ward 5,Alicia Ivory Felton,≤100
456262374764387,Voters Not Politicians,Voters Not Politicians,≤100
1801237890175919,The Denice Gary Show,Denice Garypandol,≤100
101746962063,Mercy Home for Boys & Girls,MISSION OF OUR LADY OF MERCY,≤100
1437429989675914,Huckabee,"TRINITY BROADCASTING NETWORK, INC.",≤100
102970113093477,Church Militant/St. Michael’s Media,Max Aldcander Douglas,≤100
329418020548,Cardozo School of Law,Cardozo School of Law,≤100
217569858071,Areva Martin,Areva Denise Martin,≤100
105318696193467,Indiana AFL-CIO,AMERICAN FEDERATION OF LABOR & CONGRESS OF INDUSTRIAL ORGANIZATIONS,≤100
269479249997,National Shooting Sports Foundation | NSSF,National Shooting Sports Foundation,≤100
2212066245574161,Sarah Huckabee Sanders,St. Martin's Press,≤100
335372906543111,Lee Constantine For Seminole County Commission,Lee Constantine Campaign for Seminole County Commission,≤100
110382180339967,Samuel Smith for Texas,Samuel Smith Campaign,≤100
183648865070899,Holocaust Remembrance Association,Holocaust Remembrance Association,≤100
1290536624348001,Informed Immigrant,FWD.us Education Fund,≤100
122360425094991,Nasty Woman Cosmetics,Nasty Woman Cosmetics,≤100
216705888361546,Elbert Lee Guillory,ELBERT GUILLORY'S AMERICA,≤100
551158678560402,Epimonia,Epimonia LLC,≤100
1397799040234106,OpinionUP,OpinionUP LLC,≤100
112734823878724,Lincoln Market - Gutting Rights of Essential Employees Daily,Lincoln Market - Gutting Rights of Essential Employees Daily,≤100
1579508625690680,Kris Swanson for Minnehaha Treasurer,Kris Swanson for Minnehaha Treasurer,≤100
185063074845271,The Author Incubator,BECOMING JOURNEY LLC,≤100
115209826981358,Families Surviving Catastrophe,Henry George Hansen,≤100
810122486032496,Jackie Gordon,JACKIE GORDON FOR CONGRESS,≤100
101589521232053,Dani Brzozowski,DANI FOR ILLINOIS,≤100
108650400954148,Stopping Socialism TV,The Heartland Institute,≤100
341513602902369,CALL TO ACTIVISM,CALL TO ACTIVISM,≤100
24470472733,The Trevor Project,The Trevor Project,≤100
131513476860958,Bridgewater Candle Company,The Bridgewater Candle Company LLC,≤100
12692955711,Chronicle of Higher Education,"CHRONICLE OF HIGHER EDUCATION, INC. (THE)",≤100
248468095247223,Rastaclat,Rastaclat,≤100
598720023670599,Jennifer Carroll Foy,Jennifer Carroll Foy for Governor,≤100
114492913707912,NotBiden,NotBiden,≤100
125056789331250,Daonlathas • Democracywear,Zunamenon LLC,≤100
372557849423914,Medina County Court News,James Kimbler,≤100
1708467695859543,Veteran Transition Mission,Sonia Ivelisse Barriera Ayala,≤100
1698902233461807,Black Church PAC,Black Church PAC,≤100
106697787812360,Melanin For Life,wowengraving,≤100
467503009987109,"Healthy Forests, Healthy Communities","Healthy Forests, Healthy Communities",≤100
103083614645261,Starting at Zero Film,Firestarter Interactive LLC,≤100
2338979479650120,Genevieve Collins for Congress,COLLINS FOR TEXAS,≤100
1145019702185006,Alliance for Safety and Justice,Alliance for Safety and Justice,≤100
698400060189827,Dan Sullivan,Alaskans for Sullivan,≤100
108090464296366,Republican Patriots,I Love My Freedom,≤100
228025664576921,Boss Betty News,Boss Betty Publishing LLC,≤100
119140979493969,Trish for Commish,DeBerry for County Commissioner,≤100
708375056271048,The Christendom Curriculum,The Christendom Curriculum,≤100
233232726827616,Mary Rabago Productions,Mary Rabago Productions,≤100
262905633727,Los Angeles Mission,"Los Angeles Mission, Inc.",≤100
101176014673943,Michelle for Kansas,MICHELLE FOR KANSAS,≤100
101621501394272,Judge Brian Mueller for District Judge,Judge Brian Mueller For District Judge 2020,≤100
72891509830,Climate Reality Action Fund,Climate Reality Action Fund,≤100
2070944712939738,American Police Officers Alliance,American Police Officers Alliance,≤100
346937065399354,Occupy Democrats,Omar Rivero,≤100
73970658023,International Rescue Committee,These ads ran without a disclaimer,≤100
79047202856,People's World,People's World,≤100
1596671280578981,Schools & Communities First,Schools and Communities First,≤100
1274746369267915,Le Lion,Le Lion LLC,≤100
109774654107757,Sauucee,Sauucee,≤100
23180353833,North Carolina Republican Party,North Carolina Republican Party,≤100
350523542184,Trust Women,Trust Women,≤100
129203152966,Andy Barr,"Andy Barr for Congress, Inc.",≤100
195704103779569,Savage Outdoors & The One,Amanda Harris Lee,≤100
1400371370253041,Eagan Immigration,Eagan Immigration,≤100
101041998305221,The Proud Republicans,Great American Era LLC,≤100
109536287551897,Yes on Measure PM,CITIZENS FOR SAFE ACCESS 2020,≤100
102661701651,South Carolina Small Business Chamber of Commerce,South Carolina Small Business Chamber of Commerce,≤100
105287044367027,ObsessedwithTrump,Donald Lee Rowan,≤100
128716440866482,Adam Milstein,Adam Milstein,≤100
1781731108749356,Eli Electric Vehicles,Eli Electric Vehicles Inc.,≤100
154860200019,Immigrants Rising,Immigrants Rising,≤100
2049170775107862,Resistance By Design,Resistance By Design,≤100
243399129090445,Christina Hale,HOOSIERS FOR HALE,≤100
100317328397968,Daniel Hill,HarperCollins Christian Publishing,≤100
77130778113,Coalition for Medicare Choices,Coalition for Medicare Choices,≤100
148205145252473,Backcountry Hunters & Anglers,Backcountry Hunters & Anglers,≤100
350692761610088,Matt Cartwright for U.S. Congress,CARTWRIGHT FOR CONGRESS,≤100
1629925673968109,Refuse Fascism,Refuse Fascism,≤100
103781871415833,Robert Charlton for City Council,Joshua Carl Smith,≤100
72565633140,Soles4Souls,"SOLES4SOULS, INC.",≤100
106938551112228,Chesser for Fayetteville,William Ross Chesser,≤100
35715544220,Stand.earth,STAND,≤100
384676381708957,Education NC,Education NC,≤100
181924628560212,SumOfUs,SumOfUs,≤100
112358487187841,RBG For Politicalization and Self Defense,Rafin Tyrone Chatman,≤100
114274475307351,Greg Raths For Congress,GREG RATHS FOR CONGRESS 2020,≤100
111945553601129,Trump2020 Coffee,Trump2020 Coffee,≤100
101485404914361,Bad News Wares,Bad News Wares,≤100
260536047319339,RN Action,American Nurses Association,≤100
2410084349217985,Living Facts,"Living Facts, an initiative of The Pew Charitable Trusts",≤100
105715796618476,Protect Greater Chaco,Protect Greater Chaco,≤100
165014546858456,Free To Choose Network,FREE TO CHOOSE,≤100
102838751546731,"Keith Rouse, Artist",Keith Franklin Rouse,≤100
344346245749372,Shore Trendz,RHW.COM LLC/DBA Shore Trendz,≤100
105872574403318,Project TAMMI,a research grant at The National Center on Addiction and Substance Abuse (CASA),≤100
2310488009211056,Poder Latinx,Poder Latinx,≤100
106572950040377,Max Rose,MAX ROSE FOR CONGRESS,≤100
143173285763,Tenth Amendment Center,Tenth Amendment Center,≤100
101174331629641,Ring The Alarm,RingTheAlarm.US,≤100
111076700746492,Covid-19 Vaccine Trials,These ads ran without a disclaimer,≤100
195620754724,Helping Hand USA,HELPING HAND FOR RELIEF AND DEVELOPMENT INC.,≤100
602828763544800,Kate For Congress,KATE FOR CONGRESS,≤100
16317479654,Deseret News,Deseret News,≤100
111173387386506,BBCC: Barbershop and Black Congregation Cooperative,Faith in Minnesota,≤100
402969533432277,Cisneros for Congress,CISNEROS FOR CONGRESS,≤100
175797376373,"WaterFurnace Geothermal Heating, Cooling & Hot Water","WATERFURNACE INTERNATIONAL, INC.",≤100
470241276500901,Women Vote,WOMEN VOTE!,≤100
289634374392752,ConservAmerica,ConservAmerica,≤100
299295363912730,New Politics Leadership Academy,New Politics Leadership Academy,≤100
1640970822834351,Plaine Products,Plaine Products,≤100
109088011473,Motorcycle Mechanics Institute,These ads ran without a disclaimer,≤100
740835272633567,Scott Milne for Vermont,Scott Milne for Vermont,≤100
21834534343,Volunteers of America,"VOLUNTEERS OF AMERICA, INC.",≤100
127913103970095,C Club of Houston,The "C" Club of Houston,≤100
341240953385902,Force Of Nature Meats,Force of Nature,≤100
120393112689694,Super Agents Safety Squad,Denize Moraes Rodriques,≤100
108430860703956,Fascinating Cards,"Fascinating Cards, LLC",≤100
130848666099,Business Forward,Business Forward Inc.,≤100
131352838109,Congressman Darrell Issa,DARRELL ISSA FOR CONGRESS,≤100
314121315788033,Stand with Parkland,Stand With Parkland,≤100
174971709316,Cigna,Cigna,≤100
1815446788701999,CHIEF ZABU Movie,Miguel Da Costa,≤100
497348647140658,Point Source Youth,Point Source Youth,≤100
108971449133,Fisher House Foundation,"FISHER HOUSE FOUNDATION, INC.",≤100
49275915266,Marie Stopes International,MSI-US,≤100
104490821357751,Friends of the Boundary Waters Action Network,Friends of the Boundary Waters Action Network,≤100
112831537216212,Politasource,Politasource LLC,≤100
84601346450,Black Tie Dinner,BLACK TIE DINNER,≤100
17801244148,Jill Schupp,SCHUPP FOR CONGRESS,≤100
211049239087028,Association of Young Americans,Benjamin J Brown,≤100
278703415666824,Jeremy Jones,Protect Our Winters,≤100
280704452367167,Jason Crow,JASON CROW FOR CONGRESS,≤100
1234251319933440,Exclusive Apparel,The Dude's Designs,≤100
78420171887,Sailors for the Sea,SAILORS FOR THE SEAINC,≤100
244579043463375,The Three Masketeers,Three Masketeers,≤100
290548664672,First Liberty,First Liberty Institute,≤100
180230069923,American Life League,American Life League,≤100
224110651893,International African American Museum,IAAM,≤100
102010211314386,Donald Trump 2020 Voters,I Love My Freedom,≤100
111143288919034,Kate Brophy McGee - State Senate,Kate McGee AZ - Senate,≤100
284362934917960,Scott Wilk,Scott Wilk for Senate 2020 FPPC ID#: 1392822,≤100
318769698528236,End Party Politics,End Party Politics,≤100
113335773562471,President Trump For Re-Election,Great American Era,≤100
101481584557260,Help Asheville Bears-HAB,Heather Christina Williams,≤100
111718570352005,Yes on Measure A - A Solution for Homelessness,"Yes on Measure A - Homes for San Diegans, Sponsored by a Coalition of Civic Nonprofits and Housing Providers.  Committee major funding from  Affirmed Housing Group Inc  Eden Housing Inc  Metropolitan Area Advisory Committee (MAAC)  Funding details at www.sandiego.gov/donors. ",≤100
1370474066365196,F1RST WARRIOR,First Warrior,≤100
100729641303493,ICount NM,I Count New Mexico,≤100
152561628240904,SEIU PA State Council,SEIU COPE (SERVICE EMPLOYEES INTERNATIONAL UNION COMMITTEE ON POLITICAL EDUCATION),≤100
1819990444891347,Progressive Source Communications,Progressive Source Communications LLC,≤100
987698164585861,Citizen Ed,Citizen Education,≤100
1741729849281711,Uber & Lyft Sexual Assault Attorneys,Safer America,≤100
17475614410,Hispanic Federation,Hispanic Federation,≤100
39432041915,Capital Research Center,CAPITAL RESEARCH CENTER INC,≤100
396932197039819,SafeSleeve,"SafeSleeve, LLC",≤100
407902639235640,JNS.org,Jewish News Service,≤100
138141366212571,Gravis Marketing,GRAVIS MARKETING INC.,≤100
195530355493,Chicks On The Right,Chicks on the Right,≤100
108846783944723,Warrior Advisory,Warrior Advisory,≤100
173837496125511,Conscious Step,Conscious Step,≤100
1255514891283096,RGA Right Direction PAC,RGA RIGHT DIRECTION PAC,≤100
151757038879920,Alyse Galvin for Congress 2020,ALYSE FOR ALASKA,≤100
32582320449,CMMB,CATHOLIC MEDICAL MISSION BOARD INC,≤100
120085718005638,American Prairie Reserve,American Prairie Reserve,≤100
38091883105,Republican Party of Pennsylvania,REPUBLICAN FEDERAL COMMITTEE OF PENNSYLVANIA,≤100
413004792116827,Lucky Shot,Lucky Shot USA,≤100
661744180680367,National Police Association,"NATIONAL POLICE ASSOCIATION, INC.",≤100
486742462081051,Mike Cooney for Governor,Cooney for Montana,≤100
295644160460352,Donald Trump Jr.,"Premiere Marketing, Inc.",≤100
2255535767896743,Mark Robinson for N.C.,Mark Robinson for NC,≤100
472938276849222,Heroes For Healthcare,"Center for Popular Democracy, INC.",≤100
38234604057,PEN America,PEN AMERICAN CENTER INC,≤100
303817256420208,Leslie Rutledge for Arkansas,Leslie Rutledge for Governor,≤100
346814612024906,BoyerAZ,Boyer for Senate,≤100
1747132688647028,Democratic Association of Secretaries of State,Democratic Association of Secretaries of State,≤100
114937555342547,Seth Abramson,Macmillan Publishing,≤100
868259909915525,Susie Lee,Susie Lee for Congress,≤100
207549645977714,Families Belong Together,Families Belong Together,≤100
780941275347834,Ilhan Omar,ILHAN FOR CONGRESS,≤100
209255512459483,DentaQuest,"DENTAQUEST VENTURES, LLC",≤100
13885075114,Action Against Hunger USA,ACTION AGAINST HUNGER - USA,≤100
114517875225866,The Other 98%,OTHER 98 PERCENT ACTION,≤100
333710103706307,Giffords,GIFFORDS PAC,≤100
110828620426941,Roger Polack for Congress,ROGER FOR WISCONSIN,≤100
999775873528189,Stopping Socialism,The Heartland Institute,≤100
592347634460462,Partnership for America's Health Care Future,Partnership for America's Health Care Future,≤100
154753361224926,CASA in Action,CASA in Action Inc,≤100
165566613453452,ERLC,ETHICS AND RELIGIOUS LIBERTY COMMISSION OF THE SOUTHERN BAPTIST,≤100
101208514791301,Daniel Turner,Power The Future Inc,≤100
320533948089022,Angie Chen Button for Texas,Angie Chen Button,≤100
245284549333866,ASMDSS,ASMDSS,≤100
320408285279846,Lemonada Media,Lemonada Media,≤100
130848666099,Business Forward,BUSINESS FORWARD,≤100
334925200513155,Justin Berry for Texas HD 47,Justin Berry For Texas House,≤100
122894447754361,Institute for New Economic Thinking,"INSTITUTE FOR NEW ECONOMIC THINKING, THE",≤100
519905044876416,The Penny Hoarder Life,The Penny Hoarder,≤100
162244692732,Brennan Center for Justice at NYU Law,William J Brennan Jr Center for Justice Inc,≤100
413500232549343,National Vet Help,Illingworth Renner Basin Law Group LLP,≤100
110316697328742,People of Seniors Housing,People of Seniors Housing,≤100
10897453188,Operation Mobilization - OM USA,"OPERATION MOBILIZATION USA, INC.",≤100
110998592305221,Dr. Martens,Dr. Martens AirWair USA LLC,≤100
259351004139042,Ashbrook Center,Ashbrook Center,≤100
16477459734,League of Conservation Voters,League of Conservation Voters Education Fund,≤100
123838185676931,Quinn Nystrom for Congress,Quinn Nystrom for Congress,≤100
109725597242974,Dallas City Wire,Metric Media LLC,≤100
287694681754849,Pennsylvania Conservative Energy Forum,Chad Forcey,≤100
215281808519580,Random House,Penguin Random House LLC,≤100
125907387426944,Edelson P.C.,Edelson PC,≤100
143021112391265,Jacobin magazine,Jacobin Foundation,≤100
112473780428837,Chasten Buttigieg,Kenneth James Gillett,≤100
1316372698453411,Alexandria Ocasio-Cortez,THE SQUAD VICTORY FUND,≤100
110393153948638,Financial Help,Common Acquire,≤100
107638384248580,Our America,Bryant Wayne Young,≤100
1636216106590985,Josh Hawley,JOSH HAWLEY FOR SENATE,≤100
34992314695,National Center for Public Policy Research,NATIONAL CENTER FOR PUBLIC POLICY RESEARCH,≤100
100906591716189,Beyond Patriots,Priscilla Bethany Kennedy,≤100
334748476594191,Rodney Davis,Rodney for Congress,≤100
357747307890633,Storytown,"Guy Story, leader of Storytown",≤100
111576496924261,Natalia Cornelio for Criminal District Judge- 351st Court,Natalia Cornelio 351st District Court Candidate,≤100
186739231679,Florida Family Policy Council,Florida Family Policy Council,≤100
102315041409283,Horses in our Hands,In our Hands Action Fund,≤100
91396988467,Republican Party of Texas,Republican Party of Texas,≤100
156994304362574,American Bridge 21st Century,AB PAC,≤100
106114264313679,Hunt The Vote,"Hunter Nation, Inc",≤100
105835711208027,The Progressive List,THE PROGRESSIVE LIST,≤100
294196590710262,FWD.us,FWD.us,≤100
319982881752525,Kara Eastman,EASTMAN FOR CONGRESS,≤100
234628203317767,Made for Freedom,Made for Freedom,≤100
99050726344,Phillips Theological Seminary,PHILLIPS THEOLOGICAL SEMINARY,≤100
514167322309353,Dan Crenshaw,Dan Crenshaw for Congress,≤100
28144169620,Alliance for Aging Research,Alliance for Aging Research,≤100
1634651343331439,Project Wren,Landon Brand,≤100
144688399499,La Prensa Latina Media,Bradley Duane Boutwell,≤100
1272534336242476,World101,Council on Foreign Relations,≤100
554883387889248,Movement Day,Movement Day,≤100
97466887664,Innocence Project,"INNOCENCE PROJECT, INC., THE",≤100
136299005939,Heifer International,HEIFER PROJECT INTERNATIONAL,≤100
306224406752164,The Texan Patriot,Texan Patriot,≤100
103825151267369,No Progressive Tax,No on the Progressive Tax,≤100
218020061613734,UBS,UBS Financial Services Inc.,≤100
45758312413,Black Public Media,Black Public Media,≤100
1229789977123022,Debbie Lesko for Congress,DEBBIE LESKO FOR CONGRESS,≤100
70090474914,American Farmland Trust,"AMERICAN FARMLAND TRUST, INC",≤100
107412217530635,Buddy King for St. Cloud City Council At-Large,Buddy Dean King,≤100
1611262829118841,Sheriff Bill Waybourn,Bill Waybourn for Sheriff Campaign,≤100
1447829315468579,Protect Colorado,"Protecting Colorado's Environment, Economy, and Energy Independence",≤100
12503116997,Dennis Prager,Salem Media,≤100
927610307291393,Georgette Gómez,Georgette Gomez for Congress,≤100
123397377677195,"School of International Service, AU","School of International Service, American University",≤100
133294620046953,Mission India,MISSION INDIA INC,≤100
101888608186192,MedicalCommunitynet,Medical Community LLC,≤100
219015200964,Progressive Forum Houston,The Progressive Forum,≤100
194413290579640,Wisconsin Assembly Democrats,Assembly Democratic Campaign Committee,≤100
25255876194,GOPAC,GOPAC Election Fund,≤100
104618567915577,Yes on L - Oceanside,"Yes on L - Oceansiders for Jobs, Health, and Safety, a coalition of Farmers, Firefighters, Business Leaders & Affordable Housing Advocates, sponsored by The NRF Project Owner",≤100
304062610300415,VozWire,Gregson E Mathe,≤100
570331853141386,Friends of Traditional Banking,FRIENDS OF TRADITIONAL BANKING INC,≤100
163737697799356,Justice Brett Busby,Brett Busby Campaign,≤100
156955444413022,Radical,RADICAL INC,≤100
102796944877926,Black Men for Trump,Black Men for Trump,≤100
181467702005600,Mark Warner VA,FRIENDS OF MARK WARNER,≤100
182620315479,Plan International USA,Plan International USA,≤100
106284687700661,Bob Dallari,"Robert Dallari, Republican, for Seminole County Commission, District 1",≤100
107569650978840,Sanall,Sanall,≤100
275902373084496,Justin Ray for Texas,Justin Ray for Texas,≤100
109093380893868,We Posted About It,John Gaston Howell,≤100
103128341403089,People's Choice For President,People's Choice For President Institute,≤100
306591716448427,Cindy Axne,CINDY AXNE FOR CONGRESS,≤100
110910160699998,Nat Murray for Quorum Court Position 7,NAT MURRAY FOR QUORUM COURT POSITION 7,≤100
104012084703106,One People United PAC,One People United,≤100
219224241438635,Compassion & Choices,COMPASSION & CHOICES,≤100
149081336362,AmeriCorps VISTA,Corporation for National and Community Service,≤100
147263505307717,Law Enforcement Legal Defense Fund,"LAW ENFORCEMENT LEGAL DEFENSE FUND, THE",≤100
294558924293589,The Scoop,The Scoop Media Inc.,≤100
33860907121,FunTimes Magazine,"FUNTIMES MAGAZINE, LLC",≤100
183675225003458,Fight Colorectal Cancer,Fight Colorectal Cancer,≤100
487191351404842,National Women's Prayer and Voting Army,National Women's Prayer and Voting Army,≤100
425303257834064,Tom Basile,TomBasile.com,≤100
203143199790433,Republic Services Teamsters,INTERNATIONAL BROTHERHOOD OF TEAMSTERS,≤100
1013558392124611,One Vote,One Vote Productions LLC,≤100
100699775058659,Education Now NC,Education Now,≤100
1309343439206208,Hugh Finkelstein for Circuit Judge,Hugh Finkelstein for Circuit Judge,≤100
966289866735471,Senator Larry Walker,Larry Walker For State Senate,≤100
154146314774110,Chris Latvala,"Chris Latvala, Republican for Florida House, District 67",≤100
198180660544139,Civil Miller-Watkins,"Friends of Civil Miller-Watkins, Bethany Miller, Treasurer",≤100
172783160290727,New Civil Liberties Alliance,NEW CIVIL LIBERTIES ALLIANCE,≤100
112378316832885,Better PA,"Better Pennsylvania, Inc.",≤100
657708380952174,Voices of the Civil Rights Movement,Comcast,≤100
118714808054,Mi Familia Vota,Paid For By Mi Familia Vota with Facebook Ad Credits,≤100
201248453800242,My Pay My Say,Mackinac Center for Public Policy,≤100
104679177804089,45 Changes Lives,PKA Karate Academy Inc,≤100
22446650317,"Dale Folwell, CPA for N.C. Treasurer",Folwell Committee,≤100
531623043662146,Flags of Valor,Flags of Valor,≤100
119211622812975,"Advance Georgia, Inc","Advance Georgia, Inc.",≤100
240749432603315,B'nai B'rith International,B'NAI B'RITH,≤100
215773718762127,Constable Dale Clark,Dale Clark for Constable Campaign,≤100
86071521216,Second Amendment Foundation,These ads ran without a disclaimer,≤100
1551311881641058,We Are GrassRoots,We Are Grass Roots,≤100
103039617748923,Chris Elko for Board of Ed,Elko for Board of Ed,≤100
8225139261,New York Republican State Committee,NEW YORK REPUBLICAN STATE COMMITTEE,≤100
126485444048862,Greg Adams for Little Rock School District,John Gregory Adams,≤100
112254017245488,Citizens for a Better NC Senate,Citizens for a Better NC Senate,≤100
106868314285372,The Finance Kit,DYS Capital LLC,≤100
124626320898336,Catholic Extension,"CATHOLIC CHURCH EXTENSION SOCIETY OF THE UNITED STATES OF AMERICA, THE",≤100
519590768083165,Abby Finkenauer for Congress,FINKENAUER FOR CONGRESS,≤100
104917974464673,No Plastic Drinks,No Plastic Drinks,≤100
438536186881177,All Clear Foundation,All Clear Foundation,≤100
468906559794011,LaunchGood,LaunchGood Inc.,≤100
116983848450009,Discovery Institute,DISCOVERY INSTITUTE,≤100
1423200984590762,Jenny Wilson for Salt Lake County Mayor,Jenny Wilson for Salt Lake County Mayor,≤100
113727065348980,Wisconsin Budget Project,Kids Forward,≤100
682990071843813,Center for the Study of Liberty,Center for the Study of Liberty,≤100
111970730196550,World War Zero,AMERICAN SECURITY PROJECT,≤100
2212737705668780,True Blue Gear,Perpetual Fortitude,≤100
174046949421616,Phenomenal Woman Action Campaign,Phenomenal Woman Action Campaign,≤100
1772437266382039,Black Buck Apparel,Black Buck Apparel,≤100
141901795868393,Alaska Democrats,ALASKA DEMOCRATIC PARTY,≤100
206741476007513,Armani Valentino,Armani Valentino Moss,≤100
42940254353,Human Rights Watch,"Human Rights Watch, Inc.",≤100
255208337943901,Jobs Growth,"JOBS FREEDOM AND SECURITY PAC, Not authorized by any candidate or candidate’s committee.",≤100
248539568517772,New Jersey League of Conservation Voters,NJ LEAGUE OF CONSERVATION,≤100
399060493533519,The Justice Foundation,JUSTICE FOUNDATION,≤100
48530203934,The American Alpine Club,"AMERICAN ALPINE CLUB, THE",≤100
70874333603,CatholicVote,CatholicVote,≤100
104247264551301,Defend Jerusalem,Defend Jerusalem,≤100
16534314739,Facing History and Ourselves,"FACING HISTORY AND OURSELVES NATIONAL FOUNDATION, INC.",≤100
125182621527545,Sarah McBride,Friends of Sarah McBride,≤100
344690446467832,The Copper Courier,"Courier Newsroom, Inc.",≤100
1472549903019349,CCAN Action Fund,Chesapeake Climate Action Network Action Fund,≤100
238473269650980,Capital & Main,CAPITAL & MAIN,≤100
239369754353,Wooden Ships by Paola Buendia,WOODEN SHIPS OF HOBOKEN,≤100
109393327559812,Vote No on 118,"NO ON PROP 118: HIGHER TAXES, MORE BUREAUCRACY, A LAVISH, NEW PROGRAM DESTINED FOR BANKRUPTCY",≤100
301228420816284,Teresa Leger Fernandez,TERESA FOR ALL,≤100
259212814698356,Democratic Majority for Israel,DMFI PAC,≤100
215284626520923,Emma Agnew for Jonesboro,Emma Agnew for City Council,≤100
97624620788,American Friends of Magen David Adom,AMERICAN FRIENDS OF MAGEN DAVID ADOM,≤100
638054366665974,Lott Rolfe for Circuit Judge,Committee to Elect Lott Rolfe for Circuit Judge,≤100
157652584384932,David Schweikert,FRIENDS OF DAVID SCHWEIKERT,≤100
55708608675,RAND Corporation,"RAND CORPORATION, THE",≤100
1917715138510680,Follow Your Legend,Legend Bracelet,≤100
207833736045744,MHAction.org,Kevin R Borden,≤100
263878310977179,Senator Pete Flores,Pete Flores Campaign,≤100
136116246452638,"Forestdale, Inc.","FORESTDALE, INC.",≤100
177583819559166,CRDC: Prevention,CROWLEYS RIDGE DEVELOPMENT COUNCIL INC,≤100
100318944827269,Amy Kennedy,AMY KENNEDY FOR CONGRESS,≤100
105882964535390,Cats Against Trump,Cats Against Trump,≤100
69039563201,Open Doors USA,"OPEN DOORS WITH BROTHER ANDREW, INC.",≤100
2321993584737314,The Markin Report,The Markin Report,≤100
140614202619821,iCivics,iCivics,≤100
101136147910784,Represent Justice,Represent Justice,≤100
612701059241880,Latinos for Trump,TRUMP MAKE AMERICA GREAT AGAIN COMMITTEE,≤100
700941689954518,Defend Our Future,Defend Our Future,≤100
55549065733,Voto Latino,Voto Latino with Facebook Ad Credits,≤100
107199049318619,Friends of Derek Kilmer,PEOPLE FOR DEREK KILMER,≤100
110576817417667,maskamericagreat.com,Matthew P Gallagher,≤100
137340530379463,Sri for Congress 2020,SRI FOR CONGRESS,≤100
176466646087311,DC Fawcett,Donald Chappell Fawcett,≤100
101277198403864,Forever Grateful,These ads ran without a disclaimer,≤100
1082522201878539,Gina Ortiz Jones for Congress,GINA ORTIZ JONES FOR CONGRESS,≤100
709491732434343,שורת הדין - Shurat HaDin,Israel Law Center,≤100
289753757748740,Sgt. Benjamin Anthony,Our Soldiers Speak,≤100
7292655492,MoveOn,MOVEON.ORG CIVIC ACTION,≤100
114848270361930,All Red,Republican Nations,≤100
101464921262312,Alaina for Congress 2020,Alaina Shearer for Congress,≤100
2339203789732156,Kim Mangone for Congress,COMMITTEE TO ELECT KIM MANGONE FOR CONGRESS,≤100
583715925012376,Mayor Trent Staggs,Staggs for Mayor,≤100
129746087069793,Valparaiso Democratic Committee,Valparaiso Democratic Committee,≤100
112388493820536,Patriots United For America,Patriots United For America,≤100
120596093118510,Woke 2.0,Get Woke Press,≤100
84206511914,MN AFL-CIO,Minnesota AFL-CIO Politcal Fund,≤100
598394107018675,Assist the Resistance,Assist the Resistance,≤100
2040270322863853,Tina Smith,TINA SMITH FOR MINNESOTA,≤100
1385294418360578,Linda Koop,KOOP FOR TEXAS,≤100
59473866945,Oregon AFL-CIO,OREGON AFL-CIO,≤100
47712360678,Jobs With Justice,Jobs With Justice,≤100
103983379801,Texas Democratic Party,Texas Democratic Party,≤100
339432396135584,The Exodus Road,EXODUS ROAD INC,≤100
152766071443309,The City University of New York,City University of New York,≤100
1425435377743310,Conversations with Bill Kristol,The Foundation for Constitutional Government,≤100
706716899745696,Women for Trump,TRUMP MAKE AMERICA GREAT AGAIN COMMITTEE,≤100
221401431386940,Pramila Jayapal,PRAMILA FOR CONGRESS,≤100
385473284886474,Hillsdale College,These ads ran without a disclaimer,≤100
102180301437619,2020 American Defense Fund,C3 PAC,≤100
168379594070325,3DTrumpVision.com,3DTrumpVision.com,≤100
197669827395385,Connected Commerce Council,Connected Commerce Council,≤100
103786994760833,United Police Fund,United Police Fund,≤100