﻿Page ID,Page Name,Disclaimer,Amount Spent (USD)
6726182861,Mike Pence,TRUMP MAKE AMERICA GREAT AGAIN COMMITTEE,1062
153080620724,Donald J. Trump,"DONALD J. TRUMP FOR PRESIDENT, INC.",748
108824017345866,Facebook,"Facebook, Inc.",643
108730565826100,ACLU of Nebraska,ACLU NEBRASKA,519
791543660926838,"I'll go ahead and keep my guns, Thanks",2A4LIFE LLC,462
153080620724,Donald J. Trump,TRUMP MAKE AMERICA GREAT AGAIN COMMITTEE,370
20787991568,Senate Democrats,DSCC,301
7860876103,Joe Biden,BIDEN VICTORY FUND,248
147542771956309,Katrina Pierson,TRUMP MAKE AMERICA GREAT AGAIN COMMITTEE,247
156968474833352,Stop Republicans,Stop Republicans,245
1771156219840594,Team Trump,"DONALD J. TRUMP FOR PRESIDENT, INC.",230
114710126648118,Republican Dogs,Republican Dogs,216
6726182861,Mike Pence,"DONALD J. TRUMP FOR PRESIDENT, INC.",209
1449461518652183,4Patriots,4Patriots LLC,208
2352630938293825,Mytacticalpromos,Entremax,178
132492254050920,American AF,AAF Nation,149
102671331487937,I Love My Freedom Store,I Love My Freedom,140
260754507296508,The Voter Participation Center,Voter Participation Center,137
104856814505092,The Kids Guide,The Kids Guide,121
196382377057315,Learn Our History,Learn Our History,121
57259033959,AARP,AARP,120
9324910069,NRSC,NRSC,116
1745691098822972,Brad Parscale,TRUMP MAKE AMERICA GREAT AGAIN COMMITTEE,≤100
96935476345,Democratic Governors Association (DGA),Democratic Governors Association,≤100
259130650776119,Mitch McConnell,MCCONNELL SENATE COMMITTEE,≤100
203805062990264,Ben Shapiro,The Daily Wire,≤100
176789922364429,Steve Daines,STEVE DAINES FOR MONTANA,≤100
1771156219840594,Team Trump,TRUMP MAKE AMERICA GREAT AGAIN COMMITTEE,≤100
345504286342057,Keeping America Great Again,RightWingGear.com,≤100
165987503528599,Lindsey Graham,"TEAM GRAHAM, INC.",≤100
33110852384,Doctors Without Borders/ Médecins Sans Frontières (MSF),Doctors Without Borders/Médecins Sans Frontières (MSF),≤100
102247451379798,Jeff Fortenberry,JEFF FORTENBERRY FOR UNITED STATES CONGRESS COMMITTEE,≤100
665345483483486,NRA - National Rifle Association of America,NATIONAL RIFLE ASSN OF AMERICA,≤100
1883837055193241,Shield Republic,Shield Republic,≤100
278490715553293,Martha McSally,MCSALLY FOR SENATE INC,≤100
92925746942,Judicial Watch,Judicial Watch,≤100
127225910653607,PragerU,PragerU,≤100
337557199502,Nebraska Conservation Voters,Nebraska Conservation Voters,≤100
105756057589080,The Lincoln Project,The Lincoln Project,≤100
112974563687584,Robert Kiyosaki - The Rich Dad Poor Dad Letter,Long Form Creative Co.,≤100
150681061641282,Tri-State G&T,Tri-State Generation Transmission Association Inc,≤100
717115395103069,PrintedKicks,Printed Kicks,≤100
1615018905412860,Progressive Turnout Project,PROGRESSIVE TURNOUT PROJECT,≤100
2037695643113766,Blexit,Blexit Foundation,≤100
107858693983382,The GOP Shop,The GOP Shop,≤100
107398241021186,The John Lewis Bridge Project,John Lewis Bridge Project,≤100
461204744067686,Family Protection Association,Family Protection Association,≤100
925007000949719,ExxonMobil,Exxon Mobil Corporation,≤100
96935476345,Democratic Governors Association (DGA),DEMOCRATIC ACTION,≤100
107757295911734,Civic Nebraska,Civic Nebraska,≤100
376813686303011,Keep the Money in Nebraska,Keep the Money In Nebraska,≤100
602714436529710,End Citizens United,END CITIZENS UNITED,≤100
2189265054726827,Liberty Tee Shop,www.libertyteeshop.com,≤100
127755494595870,Progressive Takeover,PROGRESSIVE TAKEOVER,≤100
342294162453301,Planned Parenthood,Planned Parenthood Federation of America,≤100
85452072376,Newsmax,Newsmax Media,≤100
109677057145919,Hot Issue,Astonishean Miracle Bundage,≤100
213792049451918,Stand For America,Stand For America Inc,≤100
137569740231452,Respect The Look,Respect The Look,≤100
328853823844484,Balance of Power,Balance of Power,≤100
203197030603239,8 Billion Trees,8 Billion Trees LLC,≤100
1194865807192273,Conservative Gear,Outergoods LLC,≤100
8532248414,Wounded Warrior Project,"WOUNDED WARRIOR PROJECT, INC.",≤100
373814729643508,Let America Vote,LET AMERICA VOTE PAC,≤100
305832706292882,American Gun Association,GunAssociation.org,≤100
12301006942,Democratic Party,DNC SERVICES CORP./DEM. NAT'L COMMITTEE,≤100
38235851310,USA for UNHCR,UNITED STATES ASSOCIATION FOR UNHCR,≤100
108118933908193,Next Level Goods,Next Level Goods LLC,≤100
570092813023833,Matt Walsh,The Daily Wire,≤100
8501031021,VoteVets.org,"VoteVets Action Fund, Inc.",≤100
100137754724934,Trump 2020 Supporters,Proud Right Winger,≤100
111393882812494,Amy McGrath,"AMY MCGRATH FOR SENATE, INC.",≤100
148205145252473,Backcountry Hunters & Anglers,Backcountry Hunters & Anglers,≤100
560140464159364,Stand for the 2nd Amendment,SFT2 Tactical Supply,≤100
25852730092,Care2,Care2 Inc,≤100
5435784683,Greenpeace USA,"GREENPEACE, INC.",≤100
1374134752633656,New Health Plans,Shop Insurance Plans,≤100
24330467048,Americans for Prosperity,AMERICANS FOR PROSPERITY,≤100
245284549333866,ASMDSS,ASMDSS,≤100
830121337093232,National Democratic Training Committee,NATIONAL DEMOCRATIC TRAINING COMMITTEE PAC,≤100
45393753416,Alliance Defending Freedom,Alliance Defending Freedom,≤100
1435071773455316,Daily Wire,The Daily Wire,≤100
111506250582498,Keeping Our Homes Safe,Steve San,≤100
109379100777665,Patriotism Isn't Dead,Patriot Polling,≤100
443329669123990,USAFacts,USAFacts Institute,≤100
309308412520731,Sandy Hook Promise,Sandy Hook Promise,≤100
934438026690635,YouGov,YOUGOV AMERICA INC.,≤100
332716170522025,America First Action,America First Action,≤100
23875187730,Feeding America,Feeding America,≤100
105566671190013,What We All Need,Patrick Le Tran,≤100
1109093812491437,Blaze Media,Blaze Media LLC,≤100
18982436812,ACLU,American Civil Liberties Union,≤100
192015461630968,Supporting Our Brave Veterans,James Brian Plouf,≤100
8741241286,Under Armour,These ads ran without a disclaimer,≤100
530604487365010,Old Glory Flagpole Kits,Service First,≤100
309798029121030,Everytown for Gun Safety,Everytown for Gun Safety Action Fund Inc,≤100
1436561633127994,Thomas A. Matthews,Thomas Anthony Matthews,≤100
100256754899828,Patriot's Cave,Patriots Cave,≤100
100126201737278,Patriots Take a Stand,Jae W Seo,≤100
1600352356914768,PushBlack,PushBlack,≤100
277005566267077,Blueland,Blueland,≤100
103597604713894,Team Trump Store,TRUMP MAKE AMERICA GREAT AGAIN COMMITTEE,≤100
17911165812,Covenant House International,Covenant House,≤100
110124618713,American Principles Project,American Principles Project,≤100
530604487365010,Old Glory Flagpole Kits,Service First Flag Poles,≤100
168051710543266,Lacy Johnson,Lacy Johnson for Congress,≤100
113563323745924,Keep America Great,Keep America Great,≤100
328072970642479,Jaime Harrison,JAIME HARRISON FOR US SENATE,≤100
8325302025,Friends of the Earth U.S.,Friends of the Earth,≤100
1061240530648502,Joe Collins,JOE COLLINS FOR CONGRESS,≤100
142370046577999,Shahid Buttar for Congress,Shahid Buttar for Congress Committee,≤100
1836138529938551,Greater Half,Greater Half,≤100
18813753280,Human Rights Campaign,"HUMAN RIGHTS CAMPAIGN, INC.",≤100
1025055787535714,A Case for Women,A Case for Women,≤100
425771317501061,Michael Knowles,The Daily Wire,≤100
598924810530984,Keeping America Great,FamTeeWorld,≤100
7814597100,Jim Jordan for Congress,JIM JORDAN FOR CONGRESS,≤100
169294473121454,Policetees.com,PoliceTees.com,≤100
8934429638,Planned Parenthood Action,Planned Parenthood Action Fund,≤100
193618220508,LIFE Today,LIFE Outreach International,≤100
107365817271904,Janet Palmtag for Legislature,Palmtag for Nebraska,≤100
30139072158,CARE,CARE,≤100
8047221596,Save the Children US,"SAVE THE CHILDREN FEDERATION, INC.",≤100
107150077720746,American Collectibles,Christopher Walter Adams,≤100
21375324480,The Heritage Foundation,HERITAGE FOUNDATION (THE),≤100
2267285956849056,Donald Trump 2020 Fans,I Love My Freedom,≤100
101279451606075,Democratic Strategy Institute,Democratic Strategy Institute,≤100
215199482635728,Alek Skarlatos,ALEK FOR OREGON,≤100
73970658023,International Rescue Committee,International Rescue Committee,≤100
293225127381200,Patriot Depot,The Patriot Depot,≤100
163148530407080,Captain Mark Kelly,MARK KELLY FOR SENATE,≤100
115379705206001,U.S. Department of Homeland Security Blue Campaign,DHS Blue Campaign,≤100
15687409793,World Wildlife Fund,World Wildlife Fund,≤100
296708523873754,Karla Dennis and Associates Inc.,"Karla Dennis & Associates, Inc",≤100
174971709316,Cigna,Cigna,≤100
507371709336658,"Steve Holt, Iowa House of Representatives District 18",Steven Christophe Hol T,≤100
103185334702225,Stop Trump PAC,STOP 45 PAC,≤100
46093654473,National Republican Congressional Committee,NRCC,≤100
581563035188535,"Family Health & Wellness Center, P.C.","Family Health & Wellness Center, P.C.",≤100
69039563201,Open Doors USA,"OPEN DOORS WITH BROTHER ANDREW, INC.",≤100
1647443822178141,Siouxland Coalition Against Human Trafficking,Siouxland Coalition Against Human Trafficking,≤100
105455840860559,Eagle Realm,Eagle Realm,≤100
1917715138510680,Follow Your Legend,Legend Bracelet,≤100
1528980567353817,Love Has No Labels,Love Has No Labels with Facebook Ad Credits,≤100
106224464107240,Jo Jorgensen,JO JORGENSEN FOR PRESIDENT,≤100
101591551371555,Fire Mitch. Save America.,SAVE AMERICA FUND,≤100
215968684159,AFT - American Federation of Teachers,American Federation of Teachers,≤100
110177119192569,Knightscope,William Li,≤100
35169196082,Project HOPE,"PROJECT HOPE-THE PEOPLE-TO-PEOPLE HEALTH FOUNDATION, INC.",≤100
21559454473,FAIR,FEDERATION FOR AMERICAN IMMIGRATION REFORM,≤100
19342050934,Leadership Institute,LEADERSHIP INSTITUTE INC,≤100
140357056032320,NEA Today,National Education Association,≤100
2353537341582545,Proud Patriots,Proud Patriots,≤100
100757504960070,Concealed_Country,Concealed Country,≤100
167586229923327,World Food Program USA,World Food Program USA,≤100
112347913766343,2A Forever,US Programs And Benefits,≤100
101210588150219,Boy Scouts Abuse Claims,X Social Media LLC,≤100
107761702578379,American Institute for Cancer Research - AICR,American Institute for Cancer Research,≤100
195530355493,Chicks On The Right,Chicks on the Right,≤100
303061950155375,John James,"JOHN JAMES FOR SENATE, INC.",≤100
433919203362871,Bird + Stone,BIRD & STONE INC,≤100
107654924064350,Pat Timmons-Goodson,PATRICIA TIMMONS-GOODSON FOR CONGRESS,≤100
209516845093,NRDC Action Fund,NRDC Action Fund,≤100
100637888239523,Free Reign For All,Kin Ngai Yeung,≤100
653079394725698,Aspiration,Aspiration,≤100
169130743498585,Tactical Pro Supply,Chad Keller,≤100
118502801658228,Young Kim,Young Kim for Congress,≤100
294508332028,Lakota People's Law Project,ROMERO INSTITUTE,≤100
186932688457686,CHNGE,CHNGE,≤100
6236054211,Brady,Brady Campaign to Prevent Gun Violence,≤100
112431050497386,Patriotism For Life,Vivian Lam Nguyen,≤100
103162411257510,Trumplican,USA Movements,≤100
1799282383731277,TwoSeventy,Alexander Jared Deutsch,≤100
85054374416,Nebraska Appleseed,NEBRASKA APPLESEED CENTER FOR LAW IN THE PUBLIC INTEREST,≤100
2078647579047586,Project Pulso,Project Pulso,≤100
72186095846,Center For American Progress Action Fund,Center for American Progress Action Fund,≤100
106645684412573,Cover Air Medical,Cover Air Medical,≤100
163302087408673,Stop The Donald,Stop the Donald,≤100
104934207736995,Paycheck to Paycheck,Center for American Progress Action Fund,≤100
376776419037747,Turning Point USA,Turning Point USA,≤100
1934191280189700,Health Care Voter,Health Care Voter,≤100
109111900634787,Reverend Raphael Warnock,WARNOCK FOR GEORGIA,≤100
1745691098822972,Brad Parscale,"DONALD J. TRUMP FOR PRESIDENT, INC.",≤100
102745147891580,Trump Coolers,Eric Clifford Juels,≤100
2012750189007245,Liquid Death Mountain Water,Liquid Death,≤100
327837911149503,2A4Life,2A4LIFE LLC,≤100
593289284500311,Trump Rack,BOXD Marketing,≤100
109784800371914,Protect Kids: Fight Flavored E-Cigarettes,TOBACCO-FREE KIDS ACTION FUND,≤100
5633824547,FreedomWorks,"FREEDOMWORKS, INC.",≤100
89757739264,Farm Credit,Farm Credit Council,≤100
130467958471,Jason Lewis,Jason Lewis for Senate,≤100
2264090133834042,Invite Research,Precision Network,≤100
104505064408799,Cove USA,"Cove USA, LLC",≤100
329284771298646,Issue One Action,Issue One Action,≤100
17023576156,The Leadership Conference on Civil and Human Rights,The Leadership Conference on Civil and Human Rights,≤100
169710960125365,Curzio Research,Curzio Research Inc.,≤100
605168822998856,314 Action,314 ACTION FUND,≤100
9364828262,Citizens Against Government Waste,COUNCIL FOR CITIZENS AGAINST GOVERNMENT WASTE,≤100
465483726908192,iVote,IVote Civic Education Fund,≤100
38471053686,Elizabeth Warren,"WARREN DEMOCRATS, INC.",≤100
894096170667732,Ashley Hinson,Ashley Hinson For Congress,≤100
228132537208218,Tammy Duckworth,TAMMY FOR ILLINOIS,≤100
118303441570966,Home Ownership Matters,NATIONAL ASSOCIATION OF REALTORS,≤100
142177004253,Nebraska Rural Electric Association,Nebraska Rural Electric Association,≤100
1336293769761923,Jon Ossoff,JON OSSOFF FOR SENATE,≤100
49651563727,Live Action,Live Action,≤100
342887442508723,Convention of States,Convention of States Action,≤100
105732744375701,Steve Bullock,MONTANANS FOR BULLOCK,≤100
420785874975425,Conservative Institute,The Conservative Institute,≤100
111203253666813,Robert Anthony for State Board of Education,Robert D Anthony,≤100
111155977283079,My Medication Rights,Pharmaceutical Printed Literature Association,≤100
105577974544303,The USA Needs More Patriots,Anthony Alexander Morales,≤100
359477377917,American Federation for Children,American Federation for Children,≤100
107803440835562,US Hot Gears,Click Wonders,≤100
1166660030079480,National Democratic Redistricting Committee,National Democratic Redistricting Committee,≤100
158002573510,Americans for Prosperity-Nebraska,AMERICANS FOR PROSPERITY,≤100
493811210669780,Creative Action Network,Creative Action Network,≤100
892673067526965,Project War Path,Project War Path,≤100
6041057841,The Humane Society of the United States,"HUMANE SOCIETY OF THE UNITED STATES, THE",≤100
134452023239984,Human Coalition,Human Coalition,≤100
681626158940626,Mission Roll Call,Americas Warrior Partnership,≤100
107758757670203,BLM Direct,BLM Store LLC,≤100
166618413413767,Jay Sekulow,American Center for Law and Justice,≤100
73528878871,Center for Reproductive Rights,Center for Reproductive Rights,≤100
8550121410,Free Speech America Project,MEDIA RESEARCH CENTER,≤100
129255907131113,NumbersUSA,NUMBERSUSA EDUCATION AND RESEARCH FOUNDATION,≤100
257019421075897,Cory Gardner,Cory Gardner for Senate,≤100
380322889060302,Christa Yoakum for Lancaster County Commissioner,Christa Yoakum for County Commissioner,≤100
1338822066131069,Women's March,Women's March,≤100
775525186130124,Center for a Free Economy,Center for a Free Economy,≤100
354851377936744,BookTV,C-SPAN,≤100
1055873511190792,Hello Resistance,Hello Resistance Apparel,≤100
1580455205581813,Justice Matters,"Justice Matters, INC.",≤100
18709174006,National Audubon Society,"NATIONAL AUDUBON SOCIETY, INC.",≤100
496696933682736,Jeff Merkley,JEFF MERKLEY FOR OREGON,≤100
150452905455,Andrew Klavan,The Daily Wire,≤100
100560711450721,Evangelicals for Trump,"DONALD J. TRUMP FOR PRESIDENT, INC.",≤100
179513292162226,American History TV,C-SPAN,≤100
1690071827911682,Cleancult,cleancult,≤100
15239367801,The Wilderness Society,"WILDERNESS SOCIETY, THE",≤100
788394134539871,USPS Business,United States Postal Service,≤100
977704775606273,Balls Deep Tackle,Balls Deep Tackle,≤100
114625730266879,Republican Voters Against Trump,Defending Democracy Together,≤100
83290028957,Care Net,CARE NET,≤100
27544763621,Prison Fellowship,Prison Fellowship,≤100
107463017676089,Linel Quinn for Mayor,Committee to elect Linel Quinn,≤100
6231686654,Compassion International,"COMPASSION INTERNATIONAL, INCORPORATED",≤100
624956794270316,Jack Heidel,John W Heidel,≤100
178835922297833,American Clinical Laboratory Association,American Clinical Laboratory Association,≤100
109360297266116,Fearless Patriot,TERESA NONE OHARA-MARSH,≤100
1526736227567131,TrueCoverage,True Coverage,≤100
814260155318929,The Fairness Project,The Fairness Project,≤100
1447994318779650,AirMedCare Network,AIrMedCare Network,≤100
6820348410,Kirsten Gillibrand,Off the Sidelines,≤100
36474716066,Color Of Change,ColorofChange.org,≤100
103644036958,United Association,United Association Political Education Committee,≤100
896759427103774,Modern Medicaid Alliance,Modern Medicaid Alliance,≤100
780941275347834,Ilhan Omar,ILHAN FOR CONGRESS,≤100
7263476274,Mercy Corps,Mercy Corps,≤100
331037760381749,Sierra Magazine,SIERRA CLUB,≤100
110749446963570,Courier,Courier Newsroom,≤100
1234251319933440,Exclusive Apparel,The Dude's Threads,≤100
112735922758892,Charlie Kirk,Charlie Kirk,≤100
27311599342,Preemptive Love,Preemptive Love Coalition,≤100
206677396413254,Abortion On Our Own Terms,Abortion On Our Own Terms,≤100
1530883997194411,United States Constitution,Flag and Cross,≤100
215830238462422,The LIBRE Initiative,The Libre Initiative,≤100
2185993931653388,The Recount,"Recount Media, Inc",≤100
153678684700451,American Investment Council,AMERICAN INVESTMENT COUNCIL,≤100
11791104453,NRDC,Natural Resources Defense Council,≤100
128958937175029,Trivia Today,Benjamin Aaron Perlman,≤100
2283535575207809,Ditch Mitch,DITCH FUND,≤100
97493741436,John W. Hickenlooper,HICKENLOOPER FOR COLORADO,≤100
102592959026,Ocean Conservancy,"OCEAN CONSERVANCY, INC.",≤100
24481937944,Theodore Roosevelt Conservation Partnership,"THEODORE ROOSEVELT CONSERVATION PARTNERSHIP, INC",≤100
5720973755,Defenders of Wildlife,DEFENDERS OF WILDLIFE,≤100
107589664099282,Stand Up To China,"Stand Up To China, Inc.",≤100
101724361319410,Ronny Jackson for U.S. Congress TX-13,Texans for Ronny Jackson,≤100
106402714456835,Trees 4 Australia,Trees4Australia,≤100
192771954102960,Jordan Sekulow,American Center for Law and Justice,≤100
259212814698356,Democratic Majority for Israel,DMFI PAC,≤100
125937197447634,ACTA - American Council of Trustees and Alumni,AMERICAN COUNCIL OF TRUSTEES AND ALUMNI,≤100
50982313030,Food & Water Watch,Food & Water Watch,≤100
679171239164792,Supermajority,Supermajority Education Fund,≤100
135298176481584,Marine Corps Scholarship Foundation,Marine Corps Scholarship Foundation,≤100
102636677971854,Trump Is The Storm,Legendary Trump Coins,≤100
143729616392084,Van Drew for Congress,Van Drew for Congress,≤100
344690446467832,The Copper Courier,Courier Newsroom,≤100
262577294462322,Kettle Freaks,Michael Joseph Hach,≤100
55549065733,Voto Latino,VOTO LATINO INC.,≤100
971668776283950,PolicyEd,Hoover Institution,≤100
7962229886,Environmental Working Group,ENVIRONMENTAL WORKING GROUP,≤100
596556607135301,The Earthling Co.,The Earthling Co.,≤100
106949844346620,Trumpian Republicans,Gregory Lawrence Burright,≤100
53541257714,The Arc of the United States,The Arc with Facebook Ad Credits,≤100
953623958136043,FinalStraw,The Final Co. LLC,≤100
222745994575140,Project ChildSafe,"NATIONAL SHOOTING SPORTS FOUNDATION, INC.",≤100
18479402361,No Kid Hungry,No Kid Hungry,≤100
101136147910784,Represent Justice,Represent Justice,≤100
22561081832,NRA Institute for Legislative Action,National Rifle Association of America,≤100
8501031021,VoteVets.org,VOTEVETS,≤100
1774166319503581,Strong Women Society,Christopher John Smith,≤100
36872302227,Cory Booker,Cory Booker for Senate,≤100
356482637745012,Stansberry Research,Stansberry Research,≤100
7292655492,MoveOn,MOVEON.ORG POLITICAL ACTION,≤100
2339203789732156,Kim Mangone for Congress,COMMITTEE TO ELECT KIM MANGONE FOR CONGRESS,≤100
302182941354,AARP Advocates,AARP,≤100
111428049989,Cal Cunningham,CAL FOR NC,≤100
336470580233523,Pins and Aces Golf Co.,US Craft Brands LLC,≤100
355316521236121,John Cornyn,TEXANS FOR SENATOR JOHN CORNYN INC.,≤100
15041226930,Oxfam,"OXFAM AMERICA, INC.",≤100
169597416843751,Stand Up America,Stand Up America,≤100
72931140459,Center for Biological Diversity,"CENTER FOR BIOLOGICAL DIVERSITY, INC.",≤100
51052893175,Kevin McCarthy,Leader Kevin McCarthy,≤100
183517831660100,Morning Consult,Morning Consult LLC,≤100
158791100909689,Concerned Veterans for America,Concerned Veterans for America,≤100
201956993160690,MRCTV,MEDIA RESEARCH CENTER,≤100
1228396643984955,Michelle Steel,Michelle Steel for Congress,≤100
655065784538368,PredictIt,"PredictIt - Prediction Markets. A project of Victoria University of Wellington, PredictIt has been established to facilitate research into the way markets forecast events.",≤100
448010328698132,Don Bacon,DON BACON FOR CONGRESS,≤100
30914589895,The International Fellowship of Christians and Jews,"INTERNATIONAL FELLOWSHIP OF CHRISTIANS & JEWS, INC.",≤100
419237048158257,Susan Collins,COLLINS FOR SENATOR,≤100
393076844046051,Progressive Caucus,CONGRESSIONAL PROGRESSIVE CAUCUS PAC,≤100
166166843531258,National Council of Resistance of Iran - شورای ملی مقاومت ایران,MEK-Iran (Saeid Saadati),≤100
102162643233035,LeadingAge Nebraska,Natalie G Mccormick,≤100
438987046299274,The First,"The First Digital, Inc",≤100
6334782252,Oceana,OCEANA,≤100
683872625157265,Theresa Greenfield,THERESA GREENFIELD FOR IOWA,≤100
103235554648484,Elect Scientists,314 ACTION FUND,≤100
1765073800454902,Reform Austin,Reform Austin Inc.,≤100
104504438466,Federal Voting Assistance Program - FVAP,Federal Voting Assistance Program,≤100
110974960642149,Proudly American,Grant Alan Johnston,≤100
384557995468219,Viral Casez,Viral Casez,≤100
10150100007820094,Wendy Davis,WENDY DAVIS FOR CONGRESS,≤100
112369900345497,Main Street Economics,Leslie Rubin,≤100
386918604749631,Marque Snow,Snow for Nebraska,≤100
243362776583569,Air Mail,Air Mail,≤100
110746996993983,The 'Gander Newsroom,Courier Newsroom,≤100
23790541544,Democrats,DCCC,≤100
80562389320,NARAL Pro-Choice America,NARAL Pro-Choice America,≤100
143588290234,Siouxland Chamber of Commerce,Siouxland Chamber of Commerce,≤100
2011677365822396,Ground News,Snapwise Inc.,≤100
1682876188698809,United for Respect,United for Respect,≤100
180230069923,American Life League,American Life League,≤100
105084617912738,PatriotQuizzes,patriotquizzes.com,≤100
543066585882629,Libertarian Country,Libertarian Country,≤100
629732217415068,Republican Party,Greater Half,≤100
1695950424027488,Andy Hallinan,Andrew Lawrence Hallinan,≤100
407664862957433,Ammar Campa-Najjar for Congress,AMMAR CAMPA-NAJJAR FOR CONGRESS,≤100
266145305529,Henry Holt,"Macmillan Holdings, LLC",≤100
21492729544,Catholic Relief Services,CATHOLIC RELIEF SERVICES - UNITED STATES CONFERENCE OF CATHOLIC BISHOPS,≤100
85273022315,NAMI,NAMI,≤100
1204754733024419,People's Power Grab,ACRONYM,≤100
592707041080920,Stand Together,Stand Together Chamber of Commerce Inc.,≤100
219224241438635,Compassion & Choices,COMPASSION & CHOICES,≤100
143089732792,Marsha Blackburn,Blackburn Tennessee Victory Fund,≤100
300992409852,Hoover Institution,Hoover Institution,≤100
911828698840246,ReLEntless Defender Apparel,ReLEntless Defender Apparel,≤100
203330919857759,All On The Line,National Redistricting Action Fund,≤100
706716899745696,Women for Trump,"DONALD J. TRUMP FOR PRESIDENT, INC.",≤100
1439364926329185,Animal Matters,Animal Matters,≤100
173032699386730,The Penny Hoarder,Kyle Bradley Taylor,≤100
173470656019870,The Daily Yonder,Great Stories LLC,≤100
51379424899,Mercy Ships,MERCY SHIPS INTERNATIONAL,≤100
6333396177,NewsBusters.org,MEDIA RESEARCH CENTER,≤100
2259323457517498,Abolish the Electoral College,ABOLISH THE ELECTORAL COLLEGE,≤100
394817334402124,2020 Trump Bill,Innovative Ecomm LLC,≤100
109259090549237,Yes on National Popular Vote,Yes on National Popular Vote,≤100
101442908124605,Liberty Surveys,Liberty Surveys,≤100
2025207544419903,The Last Coat - TLC Products,Chad Shaady Fawzi Hamzeh,≤100
1400386370088283,Paul Deaver for Valley County Sheriff,Paul Deaver for Valley County Sheriff,≤100
202286639832171,Dr. Robert Jeffress,FIRST BAPTIST CHURCH DALLAS,≤100
375760676281438,Mermaid Straw,Mermaid Straw,≤100
449202631932231,Mike Johnson,MIKE JOHNSON FOR LOUISIANA,≤100
102180301437619,2020 American Defense Fund,C3 PAC,≤100
96171427550,Raja for Congress,FRIENDS OF RAJA FOR CONGRESS,≤100
105474831199070,Stop GOP Gerrymandering,National Democratic Redistricting Committee,≤100
100233228182981,Madison Cawthorn for Congress,CAWTHORN FOR NC,≤100
19420215926,CNSNews.com,MEDIA RESEARCH CENTER,≤100
58158120046,ACLJ,American Center for Law and Justice,≤100
1545826148838592,Trump 2020,Gregory Lawrence Burright,≤100
7833534974,Florida Democratic Party,Florida Democratic Party,≤100
7292655492,MoveOn,MOVEON.ORG CIVIC ACTION,≤100
1556932204325823,ProgressPop,ProgressPop,≤100
518194348194441,RepresentUs,RepresentUs,≤100
117058854998779,The Gideons International,"GIDEONS INTERNATIONAL, THE",≤100
114386721939978,The Made in America Store,Made In America Store,≤100
231518367314146,Kim Olson for Congress,KIMFORCONGRESS,≤100
966284040094951,Senator Carol Blood,Friends of Carol Blood,≤100
219247332354785,Phil Arballo for Congress,ARBALLO FOR CONGRESS,≤100
248181906078243,National Institute for Civil Discourse,CommonSense American,≤100
61265398450,AmeriCorps NCCC,Corporation for National and Community Service,≤100
291102898490822,Giant Maga Hat,Inventors club LLC,≤100
108512875350,The Atlas Society,The Atlas Society,≤100
357554791340788,Liker,Omar Rivero,≤100
143986912311328,University of Vermont Continuing and Distance Education,University of Vermont,≤100
150720154976207,Protect My Public Media,"APTS Action, Inc.",≤100
374848446414965,Pollking,Benjamin Aaron Perlman,≤100
105536127617594,The American Digest,The American Digest,≤100
801245010232088,Generation Green New Deal,Tikkun Olam Films Incorporated,≤100
112164673854264,Living Patriotically,Living Patriotically,≤100
290851614930809,Combat AntiSemitism,Combat Anti-Semitism,≤100
102756811269921,Fellow Americans,Fellow Americans,≤100
8524198486,Physicians Committee for Responsible Medicine,"PHYSICIANS COMMITTEE FOR RESPONSIBLE MEDICINE, INC.",≤100
265268336865693,Do Amore,Do Amore Limited Company,≤100
110010433804232,Falkirk Center,Falkirk Center,≤100
1613516851999536,Sunrise Movement,Sunrise,≤100
176466646087311,DC Fawcett,Donald Chappell Fawcett,≤100
249455845761285,Lindsey Must Go,LMG PAC,≤100
830890360316751,Nick Hanauer,Civic Action,≤100
2053033371620247,Brett Fairchild for Kansas State Representative-District 113,Fairchild For Freedom,≤100
90498769709,Edenpure,EdenPURE®,≤100
201063187169996,COLOR Action Fund,COLOR Action Fund,≤100
101165966152,AFL-CIO,AFL-CIO,≤100
112058837201547,Black Lives Matter Merch,Black Lives Matter Merch,≤100
281844617168,Jewish Voice Ministries International,JEWISH VOICE MINISTRIES INTERNATIONAL,≤100
675471506247724,Adair for Congress,ADAIR FOR CONGRESS,≤100
314121315788033,Stand with Parkland,Stand With Parkland,≤100
210277954204,The Young Turks,"The Young Turks, Inc.",≤100
21647204289,Michigan Education Association,Michigan Education Association,≤100
408250066356,Bill O'Reilly,"Bill Me, Inc.",≤100
126855128568,FEBC (Far East Broadcasting Company),"FAR EAST BROADCASTING COMPANY, INC.",≤100
169782346711431,Dan Dawson for State Senate,Dan Dawson for State Senate,≤100
6422690687,Clearly Canadian,The Clearly Food & Beverage Company,≤100
109712673845685,Alliance for Charitable Excellence,Alliance for Charitable Excellence,≤100
162695894106234,Co-ops Vote,National Rural Electric Cooperative Association,≤100
327202261326682,Stephanie Bice,Bice for Congress,≤100
112475783730246,Defeat Disinfo,DEFEAT DISINFO PAC,≤100
277414242013,Joyce Elliott for Congress,JOYCE ELLIOTT FOR CONGRESS,≤100
109678580574253,Politicool Clothing Co.,PolitiCoolClothing.com,≤100
1667892193505378,Hold the House,HOLD THE HOUSE PAC,≤100
100123544800892,Disme Coin Company,Byron Michael Laughlin,≤100
115757826468774,Statsigo,Statsigo,≤100
54787697857,Ron Wyden,WYDEN FOR SENATE,≤100
8321461609,MomsRising.org,MomsRising Together,≤100
110089227413037,The Prepared Patriot,Edward Ha,≤100
105060269781,Premiere Collectibles,"Premiere Marketing, Inc.",≤100
105283560949571,Trump 2024 Film,2024 LLC,≤100
114971076538782,The Keystone,Courier Newsroom,≤100
10725413603,Interfaith Alliance,"INTERFAITH ALLIANCE, THE",≤100
6165653060,AFSCME,AMERICAN FEDERATION OF STATE COUNTY & MUNICIPAL EMPLOYEES,≤100
320738328865866,Dr. Arati Kreibich for Congress,ARATI FOR CONGRESS,≤100
102389457864860,Treehuggers Bracelets,ECOMX LLC,≤100
43287633515,Alliance for Climate Education,Alliance for Climate Education,≤100
308159713150350,Voter Protection Project,VOTER PROTECTION PROJECT,≤100
587676831343390,Raheem AI,RAHEEM AI,≤100
242679302418244,Denison Forum,Denison Ministries,≤100
1413682351987764,Andy Kim for Congress,Andy Kim for Congress,≤100
942067839280404,Sioux Falls Feminists,Dale Richmond Hemming,≤100
117641114435,First Aid Beauty,First Aid Beauty,≤100
422202764649078,Rhode Island Department of Education - RIDE,Rhode Island Department of Education,≤100
1658135304460341,MANG,MANG,≤100
235701154010364,E Pluribus Unum,E Pluribus Unum Fund,≤100
198875903295,Trek Bicycle,TREK BICYCLE CORPORATION,≤100
104030038010531,Tera Myers,American Federation for Children,≤100
21834534343,Volunteers of America,"VOLUNTEERS OF AMERICA, INC.",≤100
1099478666810053,Meals For Pets,Meals for Pets,≤100
1163396097051646,PILMA,Pharmaceutical Industry Labor Management Association,≤100
240290369507552,Bend the Arc Jewish Action,Bend the Arc: Jewish Action,≤100
551158678560402,Epimonia,Epimonia LLC,≤100
107262864176040,Chris Missick for NY State Senate,Friends of Chris Missick,≤100
592347634460462,Partnership for America's Health Care Future,Partnership for America's Health Care Future,≤100
80433353285,Taradel LLC,Taradel,≤100
143509339045414,Americans for Peace and Tolerance,"AMERICANS FOR PEACE AND TOLERANCE, INC.",≤100
100722328329613,Every Single Vote,Every Single Vote,≤100
1869687273277265,Run for Something,Run For Something PAC,≤100
635850443292528,Nasty Woman Coloring,Nasty Woman Coloring,≤100
1636216106590985,Josh Hawley,JOSH HAWLEY FOR SENATE,≤100
350784278974539,Turning Point Action,Turning Point Action,≤100
6500552187,Hulu,These ads ran without a disclaimer,≤100
101181794707874,United Research Group,United Research Group,≤100
268311603350722,The American Independent,The American Independent,≤100
419992651425033,Guardianes del Pueblo-Consumer Law Group,Consumer Law Group,≤100
130945114804,World Jewish Congress,WORLD JEWISH CONGRESS AMERICAN SECTION INC,≤100
412739549455010,Karena Reiter,PrimaDonna Reeds,≤100
601108943431836,The Flip Side,TFS Inc,≤100
107665644228467,Conservative Journal Review,Conservative Journal Review LLC,≤100
128716440866482,Adam Milstein,Adam Milstein,≤100
101237551589520,Tactical Patriot,Tyler Austin Middaugh,≤100
105222917615301,Jen Richardson for Congress,CITIZENS FOR JEN RICHARDSON,≤100
916908791847627,Prosperity Michigan,Prosperity Michigan,≤100
100535808394168,Patriots For Freedom,I Love My Freedom,≤100
872842866161157,One Nation Design,One Nation Design,≤100
111140093672868,Josh Eisen for Congress,Joshua E Eisen,≤100
106629127527429,Kathy Barnette for Congress PA 04,Kathy Jean Barnette,≤100
279846350948,St. Labre Indian School,St. Labre Indian School,≤100
19474609238,Mercatus Center at George Mason University,Mercatus Center at George Mason University,≤100
221401431386940,Pramila Jayapal,PRAMILA FOR CONGRESS,≤100
84258068778,FIRM Action,Center for Community Change Action,≤100
249813266826,Environment North Carolina,"Environment America Research and Policy Center, Inc.",≤100
105561217523274,The_Dispatch,"Dispatch Media, Inc.",≤100
111584693926069,AmeriBed,These ads ran without a disclaimer,≤100
112650016883848,Fair and Square,Fair And Square PAC,≤100
166738743732702,All Above All Action,All Above All Action Fund,≤100
193704191426196,Glen Ellis Fremont City Council - Mayoral Candidate,Glendon J Ellis,≤100
219242560293,Meals on Wheels America,Meals on Wheels,≤100
1852520761657982,4ocean,4ocean,≤100
105331754570572,Presidents Mint,Kevin Ross Santiago,≤100
1050320055029012,Outrider Foundation,OUTRIDER FOUNDATION,≤100
34701792581,EWTN,Eternal Word Television Network,≤100
186805048171120,U.S. & Texas LawShield,Texas LawShield,≤100
111772843789224,HURD PAC,HAVING UNWAVERING RESOLVE AND DETERMINATION PAC,≤100
911845658833043,I Am An Immigrant,FWD.us Education Fund,≤100
55708608675,RAND Corporation,"RAND CORPORATION, THE",≤100
396932197039819,SafeSleeve,"SafeSleeve, LLC",≤100
785936231584382,Paula Jean Swearengin,Paula Jean for West Virginia,≤100
134597023235240,Rashida Tlaib,RASHIDA TLAIB FOR CONGRESS,≤100
1801517093510543,Glenn and Amber Schworm,These ads ran without a disclaimer,≤100
1640970822834351,Plaine Products,Plaine Products,≤100
111702860231554,Matt Lieberman,Matt Lieberman for Senate,≤100
123624513983,The Western Journal,The Western Journal,≤100
139398939438430,Left Action,Left Action LLC,≤100
101329438317952,Story Network Action,Story Network Foundation,≤100
313723095478950,The Daily Citizen,Focus on the Family,≤100
124626320898336,Catholic Extension,"CATHOLIC CHURCH EXTENSION SOCIETY OF THE UNITED STATES OF AMERICA, THE",≤100
1747132688647028,Democratic Association of Secretaries of State,Democratic Association of Secretaries of State,≤100
96159580682,Maine Democratic Party,MAINE DEMOCRATIC PARTY,≤100
94047978366,PCCC - BoldProgressives.org,PROGRESSIVE CHANGE CAMPAIGN COMMITTEE,≤100
102540204580217,UpNorthNews,Courier Newsroom,≤100
8934429638,Planned Parenthood Action,Planned Parenthood Votes,≤100
110930070663667,Jumpy Flavour,These ads ran without a disclaimer,≤100
106114264313679,Hunt The Vote,"Hunter Nation, Inc",≤100
59877921429,Lutheran Immigration and Refugee Service,"LUTHERAN IMMIGRATION AND REFUGEE SERVICE, INC.",≤100
104881317722736,Get-It-Out,Matthew Justin Viles,≤100
7642602143,Mother Jones,FOUNDATION FOR NATIONAL PROGRESS,≤100
153278754738777,Climate Reality,The Climate Reality Project,≤100
103322426424621,Jonathan Karl,Jonathan David Karl,≤100
325578590837480,Obamacare,Sixteen Thirty Fund,≤100
1393911800825140,OZY,OZY Media Inc,≤100
83865976093,Truthout,TRUTHOUT,≤100
366351973736242,Red Rock Secured,Red Rock Secured,≤100
39432041915,Capital Research Center,CAPITAL RESEARCH CENTER INC,≤100
243510442756370,Justice Democrats,JUSTICE DEMOCRATS PAC,≤100
2165983337048601,LeverforChange,Lever for Change,≤100
253791814655400,Doug Collins,"COLLINS FOR SENATE, INC.",≤100
178984868807815,Nebraska History Museum,History Nebraska,≤100
169561162745,The National Wild Turkey Federation,"NATIONAL WILD TURKEY FEDERATION, INC.",≤100
53727956260,Republican Jewish Coalition,Republican Jewish Coalition,≤100
108777231824,Manhattan Institute for Policy Research,MANHATTAN INSTITUTE FOR POLICY RESEARCH INC,≤100
129523843754764,Vote Smart,PROJECT VOTE SMART,≤100
357275101142388,Everglades-Trust,"EVERGLADES TRUST INC, THE",≤100
172758932738142,PhRMA,PHARMACEUTICAL RESEARCH AND MANUFACTURERS OF AMERICA,≤100
13187955196,Young Americans for Liberty,Young Americans for Liberty,≤100
2336022790003836,Patients + Providers United,Patients and Providers United,≤100
263210730984251,We Are Great Again Pac,WE ARE GREAT AGAIN PAC,≤100
156994304362574,American Bridge,AB PAC,≤100
987698164585861,Citizen Ed,Citizen Education,≤100
1868885156673680,Sarasota citizen Martin Hyde,Martin Hyde for Sarasota City Commission,≤100
106487520883333,Cardinal & Pine,Courier Newsroom,≤100
232201568659,Pacific Justice Institute,PACIFIC JUSTICE INSTITUTE,≤100
107698564046392,Lauren Boebert for Congress,LAUREN BOEBERT FOR CONGRESS,≤100
28510612138,Uncommon Knowledge,Hoover Institution,≤100
121626482110,Operation Smile,"OPERATION SMILE, INC.",≤100
19746387261,Humane Society International,Humane Society International,≤100
101391906600,Live Action News,Live Action News,≤100
131217580266597,National Council on Aging,"NATIONAL COUNCIL ON AGING, INC.",≤100
100119981671668,Blue Senate,BLUE SENATE PAC,≤100
498659143979394,The Road to Trump Shay McNeal,JACKIE SHAY MCNEAL-POULIN,≤100
745910525468062,National Center on Sexual Exploitation,National Center on Sexual Exploitation,≤100
654702428226892,Stop the Corridor,Stop the Corridor,≤100
350523542184,Trust Women,Trust Women,≤100
254943996005,Catholic Answers,"CATHOLIC ANSWERS, INC.",≤100
1438882392887793,ADF Church Alliance,Alliance Defending Freedom,≤100
114994916573293,CareForAllChildren,CareForAllChildren,≤100
175797376373,"WaterFurnace Geothermal Heating, Cooling & Hot Water","WATERFURNACE INTERNATIONAL, INC.",≤100
737686089933715,Conservative Collections,Mainline Media Group,≤100
2295062210811244,Coalition for American Veterans,COALITION FOR AMERICAN VETERANS POLITICAL ACTION COMMITTEE,≤100
115364585711,Lawyers' Committee for Civil Rights Under Law,Lawyers' Committee for Civil Rights Under the Law with Facebook Ad Credits,≤100
91223411833,Medical Teams International,Medical Teams International,≤100
111970730196550,World War Zero,AMERICAN SECURITY PROJECT,≤100
393330191303459,YouGov Signal,YouGov US,≤100
313788135730191,Sioux Falls Scientists,Dale Richmond Hemming,≤100
1528498354074301,Punching Bag Media - Conservative News,Sean Michael Probber,≤100
469609533112889,iDisciple,iDisciple,≤100
360424321432255,Doha Debates,Doha Debates,≤100
808450969246896,"Rebecca Walser, Tax Attorney, CFP",Walser Wealth Management,≤100
1733918116873254,BackWoods Mafia,Landon David Turner,≤100
922580991129339,People's Mojahedin Organization of Iran - MEK IRAN,MEK-Iran (Saeid Saadati),≤100
109200595768753,The Christian Left,The Christian Left,≤100
210357995667559,The National Memo,The National Memo,≤100
116546288359245,Heritage Action for America,HERITAGE ACTION FOR AMERICA,≤100
313878881955855,Jewish Community Centers of North America (JCCs),JEWISH COMMUNITY CENTERS ASSOCIATION OF NORTH AMERICA,≤100
112325855474892,Speak Up For Education and Kids,National Education Association,≤100
102970113093477,Church Militant/St. Michael’s Media,Max Aldcander Douglas,≤100
131306317680000,Social Goods,"Social Goods, LLC",≤100
729384937091168,Bevel,"WALKER & CO. BRANDS, INC.",≤100
110316697328742,People of Seniors Housing,People of Seniors Housing,≤100
81639247722,Nebraska Children's Home Society,"A&K Marketing, Inc.",≤100
291260461373618,News and News,News and News,≤100
101127364972509,Dems For USA,Dems For USA,≤100
17432811417,Working Families Party,Working Families Party National Independent Expenditure Committee,≤100
160630887998827,Let Them Live,Let Them Live,≤100
107210084216238,Humanity Forward,Humanity Forward,≤100
7219151423,The Fund for American Studies (TFAS),The Fund for American Studies,≤100
717417908274761,Lady Freethinker,Lady Freethinker,≤100
6820348410,Kirsten Gillibrand,Gillibrand for Senate,≤100
10234472029,Council on Foreign Relations,Council on Foreign Relations,≤100
21395843375,Dialysis Patient Citizens,DIALYSIS PATIENT CITIZENS INC,≤100
17203056985,Partners In Health,Partners In Health,≤100
181183059253295,Dorsal Bracelets,Dorsal Bracelets,≤100
288110884600563,Lean In,"Sheryl Sandberg & Dave Goldberg Family Foundation d/b/a LeanIn.Org, LLC",≤100
105572511019028,iPondr,iPondr,≤100
167473433290992,Inequality.org,Institute for Policy Studies,≤100
166087830076297,WebPT,WebPT,≤100
1397799040234106,OpinionUP,OpinionUP LLC,≤100
141692255929599,Democratic Socialists of America,DEMOCRATIC SOCIALISTS OF AMERICA INC,≤100
553737021364990,The Nation's Christ-based Leader/Healing & Wholeness,Amazing Things The Church (Legacy A3CEES),≤100
389119978332258,We Are Apartments,The National Association of Apartments and the National Multifamily Housing Council,≤100
113313830408238,Drain The Swamp Collection,Drain The Swamp Collection,≤100
111654690603599,NUIRC,Nonprofit Unemployment Insurance Relief Coalition (NUIRC),≤100
6502038524,First Book,FIRST BOOK,≤100
331962060734197,Sioux Falls Free Thinkers,Dale Richmond Hemming,≤100
51405613519,Focus on the Family,Focus on the Family,≤100
79125112926,Students for Life of America,"STUDENTS FOR LIFE OF AMERICA, INC.",≤100
19972147679,SEIU,SEIU,≤100
172298889630363,Republican Attorneys General Association,REPUBLICAN ATTORNEYS GENERAL ASSOCIATION,≤100
1945237355733646,Giving Brush,Giving Brush LLC,≤100
106114264313679,Hunt The Vote,"Hunter Nation, Inc.",≤100
1099779163410386,John Barrasso,Friends of John Barrasso,≤100
10498053716,Media Research Center,MEDIA RESEARCH CENTER,≤100
197760674021143,Indivisible Guide,INDIVISIBLE ACTION,≤100
152264148166020,Moms Clean Air Force,Moms Clean Air Force,≤100
114475890010131,Piggy Dollar Financial,Tyler Wayne Hedland,≤100
169277310432049,"Texas Precision Optics, Inc.",Texas Precision Optics Inc,≤100
11111618026,Union of Concerned Scientists,"UNION OF CONCERNED SCIENTISTS, INC.",≤100
223008867858902,American Action News,American Action News,≤100
908457082692365,Akholi,Akholi,≤100
420424547981908,In Search of Liberty,Scott Dennis Welch,≤100
102959799834968,Diane Mitsch Bush for Colorado,DIANE FOR COLORADO CD3,≤100
292351509697,Jerusalem Prayer Team,Jerusalem Prayer Team,≤100
1455697381393441,SRVS,"SRVS, LLC",≤100
24470472733,The Trevor Project,The Trevor Project,≤100
292649794717694,The Bulwark,The Bulwark,≤100
113666459994300,Big Dan Rodimer for Congress,RODIMER FOR CONGRESS,≤100
566008736785269,Be Heard Project,Be Heard Project,≤100
128213101272117,Sioux Falls Atheists,Dale Richmond Hemming,≤100
104373990972152,Nubluu Decor,Nubluu,≤100
107752877388988,Al Lemmo to Congress,Lemmo to Congress,≤100
399067003454888,Sudan Relief Fund,Sudan Relief Fund Inc,≤100
245711905631405,Jeff Jackson,Jeffrey Jackson,≤100
1612726335627171,We the Internet TV,We the Internet TV,≤100
112600915451330,No Labels,No Labels,≤100
207549645977714,Families Belong Together,Families Belong Together,≤100
241869749851122,Parents Against Vaping e-cigs,Steven Koester,≤100
181924628560212,SumOfUs,SumOfUs,≤100
263891677826490,Earthsider,Ryan James Martin,≤100
749386738586622,Kansas Grazing Lands Coalition,Kansas Grazing Lands Coalition,≤100
173837496125511,Conscious Step,Conscious Step,≤100
11911627997,Pancreatic Cancer Action Network,"PANCREATIC CANCER ACTION NETWORK, INC.",≤100
680549575421741,UnitedVoice.com,"Beachside Media, Inc.",≤100