﻿Page ID,Page Name,Disclaimer,Amount Spent (USD)
240142306105643,Responsible Guam - Michael F.Q. San Nicolas,MICHAEL SAN NICOLAS FOR CONGRESS,117
1461863774118436,Bureau of Statistics & Plans,Bureau of Statistics & Plans,≤100
839110726214614,Realtors,NATIONAL ASSOCIATION OF REALTORS,≤100
171540600327698,Senator Amanda L. Shelton,Amanda L. Shelton,≤100
108297274303860,Joanne Brown for Senator,COMMITTEE TO ELECT JOANNE M BROWN FOR SENATOR,≤100
205698873305873,Senator Kelly G. Marsh-Taitano,The Committee to Elect Kelly G. Marsh (Taitano),≤100
113034087125584,Robert Underwood,Robert A Underwood,≤100
150845118287330,Speaker Tina Rose Muña Barnes,Tina Rose Muna Barnes,≤100
106347817561634,Vince Borja for Senator,Committee to Elect Vince Borja for Senator,≤100
463135357452749,Senator James Camacho Moylan,Committee to Re-Elect James Moylan for Senator,≤100
303943826419440,Wil Castro for Congress,4 Wil Drive,≤100
150845118287330,Speaker Tina Rose Muña Barnes,Chirag Mohan Bhojwani,≤100
147247385296588,Senator Telo T. Taitague,Telo Teresa Taitague,≤100
101301278284850,Ken Leon Guerrero for Senator,Joaquin Leon Guerrero,≤100