﻿Location Name,Amount Spent (USD)
Alabama,23348
Alaska,7797
American Samoa,≤100
Arizona,63912
Arkansas,13763
California,214399
Colorado,42467
Connecticut,17031
Delaware,5388
Florida,148954
Georgia,71020
Guam,268
Hawaii,7092
Idaho,8627
Illinois,72417
Indiana,33166
Iowa,21248
Kansas,15520
Kentucky,27494
Louisiana,20972
Maine,15416
Maryland,32407
Massachusetts,38914
Michigan,100480
Minnesota,30120
Mississippi,13804
Missouri,35030
Montana,9317
Nebraska,10074
Nevada,17180
New Hampshire,7876
New Jersey,45231
New Mexico,15824
New York,155119
North Carolina,65897
North Dakota,3903
Northern Mariana Islands,≤100
Ohio,59835
Oklahoma,20551
Oregon,28603
Pennsylvania,89623
Puerto Rico,169
Rhode Island,5426
South Carolina,25921
South Dakota,4128
Tennessee,34165
Texas,145483
Unknown,≤100
Utah,15090
Vermont,3873
Virgin Islands (U.S.),≤100
Virginia,54672
Washington,42358
"Washington, District of Columbia",7896
West Virginia,11563
Wisconsin,110787
Wyoming,3188