﻿Page ID,Page Name,Disclaimer,Amount Spent (USD)
294963660620753,Pedro R. Pierluisi,"Comité Pedro Pierluisi, Inc.",260
264921133562949,Eduardo Bhatia,Eduardo Bhatia Gautier Gobernador,148
6905502638,Aníbal Acevedo Vilá,ANIBAL COMISIONADO 2020,≤100
397447437669420,Miguel "Ricky" Méndez,Miguel "Ricky" Méndez,≤100
229990273742684,Comisión Estatal de Elecciones de Puerto Rico,Comisión Estatal de Elecciones de Puerto Rico,≤100
742695212552583,Dr. Leo Valentín,LEO VALENTIN FOR CONGRESS,≤100
1487072754940221,Manuel Cidre,Edgardo Vicenty Algarin,≤100
11131463701,truth,TRUTH INITIATIVE FOUNDATION,≤100
319765995532065,Julio Geigel Alcalde Humacao 2020,Julio Luis Geigel Perez,≤100
182079698493370,Portside,Portside,≤100
1572998166166458,Joanne Rodríguez Veve,Comité Amigos de Joanne Rodríguez Veve,≤100
497046574368616,Frankie Guerra Senador Distrito Carolina,Comite Amigos Frankie Guerra Morales,≤100
1418111495154156,"Jaime Alverio Ramos, Alcalde 2020",Jaime Alverio Ramos,≤100
409835579621290,Erasmo Vázquez Hernández,Thay An Marie Vazquez Méndez,≤100
110116690622256,"Rafy Santos, Senador Distrito de Guayama",Jose Matos Nolasco,≤100
111820830223757,Héctor J. Martínez,Comité Héctor Martínez Maldonado,≤100
630598004063606,Marcos Fabian Gonzalez,Comite de Amigos Marcos Fabian Gonzalez Barreto,≤100
104516389641870,Juan Dalmau Ramírez,Juan Dalmau Ramírez,≤100
102431017943096,Marially González Senadora Distrito de Ponce 2020,Juan Santos Pagán,≤100
641472952610298,Gabriel López Arrieta,Comité Amigos Gabriel López Arrieta,≤100
313304389392604,Sergio Ortiz -Alcalde Isabela 2020,Eric X Toledo,≤100
1072222572917000,Alejandro Hernández - Alcalde 2020,Alejandro Hernández Rivera,≤100
385401322305378,Rafy Zayas Alcalde de Ponce 2020,Juan Carlos Mora Vasquez,≤100
203463950500659,Christian Cortés,Comité Amigos Christian Cortés 2020,≤100
339328419446455,Primarias2020,www.primarias2020.com,≤100
203709216982986,Pesos y Contrapesos,Pesos y Contrapesos,≤100
260344514514608,Nina D. Valedón Santiago,Comite Amigos Nina Valedon,≤100
205621160218305,Dr. Luis M. Irizarry Pabón 2020,Dr. Luis M. Irizarry Pabón 2020,≤100
438490809653707,Representante Néstor Alonso Vega,comite amigos nestor alonso vega,≤100
767154603472144,Women's Medical Pavilion,Women's Medical Pavilion,≤100
292075591645198,Peter J. López Norat - Senador por Acumulación PPD,www.peternorat.com,≤100
285816758516544,Kabir Solares "El Bombero" Alcalde Añasco 2020,Kabir Solares,≤100
1692524767651072,Mariana Nogales Molinelli 2020,Mariana Nogales Molinelli,≤100
284707611982439,I Love My Kitchen,These ads ran without a disclaimer,≤100
1576236875930301,Global Cyber Alliance,Global Cyber Alliance with ad credits,≤100
232364113577642,PathStone Corporation Puerto Rico,These ads ran without a disclaimer,≤100
334443496658552,MIRE Movimiento Independentista Republicano,Frank Edward Worley,≤100
1632527790377156,Michael López Saldaña 2020,Comité de Michael López Saldaña,≤100
103419547920606,Comite PIP Cidra Oficial,Leamsi Fontanez González,≤100
693106937388098,José "Pichy" Torres Zamora,Jose Ernesto Torres Zamora,≤100
136710773025912,Salus University,Caren Jennifer Cremen,≤100
450302295468037,Naamán Burgos Montes Senador Distrito Ponce,Naaman Milan Burgosmontes,≤100
112718977137561,akwamurising,Neddrick Malik Nichols,≤100
1496236637337606,HAEA Puerto Rico,HEREDITARY ANGIOEDEMA ASSOCIATION INC.,≤100
834806283563802,Domingo Torres Representante Distrito 25,Domingo J. Torres Garcia,≤100
110280253735683,Alexandria Ocasio-Cortez Fan Club,Imran M Jemal,≤100
106333028376,"Nichols Kaster, PLLP",Nichols Kaster PLLP,≤100
1284735221676638,BELatina News,BELatina News,≤100
525148901218340,José Aníbal "Joey" Meléndez,Comité Amigos de José Aníbal "Joey" Meléndez,≤100
17475614410,Hispanic Federation,Hispanic Federation with Facebook Ad Credits,≤100
1547457055530916,Comité  Pip Cayey Oficial,Comité Pip Cayey Oficial,≤100
152381964962170,Claribel Martínez + Senadora 2020,Leo Giovanni Acosta Martinez,≤100
310676529001539,Jessica Dominguez,Univision Communications Inc.,≤100
102824111380397,Yeros' Photography,These ads ran without a disclaimer,≤100
187429284615692,Cholo Adventures,Univision Communications Inc.,≤100
378358675571474,SHRM Puerto Rico Chapter,These ads ran without a disclaimer,≤100
112537203502267,Ruben Reyes Diputado 2020,Ruben Dario Reyes,≤100
1841477449501424,Alan Tacher,Univision Communications Inc,≤100
205238189588054,"Race, Racism and the Law",Professor Vernellia Randall,≤100
365775453949582,Julio Roldan,Comité Amigos Julio Roldán,≤100
102900661094974,g_cartechnology_nyc,These ads ran without a disclaimer,≤100
173199999989897,Yamilet González - Representante Distrito 21,Yamilet Gonzalez Alicea,≤100
349702751902673,Hereditary Angioedema Association - HAEA,HEREDITARY ANGIOEDEMA ASSOCIATION INC.,≤100