﻿Page ID,Page Name,Disclaimer,Amount Spent (USD)﻿
147247385296588,Senator Telo T. Taitague,Telo T Taitague,≤100
1461863774118436,Bureau of Statistics & Plans,Bureau of Statistics & Plans,≤100
205238189588054,"Race, Racism and the Law",Professor Vernellia Randall,≤100
114757093410967,1st Priority Medical,These ads ran without a disclaimer,≤100
1691667177798461,Brut,Brut,≤100
590772954430493,Guam Citizens for Public Accountability,Guam Citizens for Public Accountability,≤100
1619846278287279,Guam for Bernie,Julian  C Janssen,≤100
11131463701,truth,TRUTH INITIATIVE FOUNDATION,≤100