﻿Page ID,Page Name,Disclaimer,Amount Spent (USD)
7860876103,Joe Biden,BIDEN VICTORY FUND,2869
153080620724,Donald J. Trump,TRUMP MAKE AMERICA GREAT AGAIN COMMITTEE,1833
100729641303493,ICount NM,I Count New Mexico,1664
567371470277443,The Wilderness Society Action Fund,The Wilderness Society Action Fund,1567
1771156219840594,Team Trump,TRUMP MAKE AMERICA GREAT AGAIN COMMITTEE,1079
156968474833352,Stop Republicans,Stop Republicans,893
108824017345866,Facebook,"Facebook, Inc.",892
113891694102,Energy Citizens,AMERICAN PETROLEUM INSTITUTE,863
6726182861,Mike Pence,TRUMP MAKE AMERICA GREAT AGAIN COMMITTEE,834
20787991568,Senate Democrats,DSCC,818
925007000949719,ExxonMobil,Exxon Mobil Corporation,798
1615018905412860,Progressive Turnout Project,PROGRESSIVE TURNOUT PROJECT,547
107270820796019,Mark Ronchetti,Mark Ronchetti for New Mexico,515
110749446963570,Courier,"Courier Newsroom, Inc.",497
259130650776119,Mitch McConnell,MCCONNELL SENATE COMMITTEE,492
172758932738142,PhRMA,PHARMACEUTICAL RESEARCH AND MANUFACTURERS OF AMERICA,471
96935476345,Democratic Governors Association (DGA),Democratic Governors Association,430
260754507296508,The Voter Participation Center,Voter Participation Center,420
16477459734,League of Conservation Voters,"LEAGUE OF CONSERVATION VOTERS, INC",395
127755494595870,Progressive Takeover,PROGRESSIVE TAKEOVER,375
202626512363,U.S. Census Bureau,U.S. Census Bureau,356
791543660926838,"I'll go ahead and keep my guns, Thanks",2A4LIFE LLC,228
830121337093232,National Democratic Training Committee,NATIONAL DEMOCRATIC TRAINING COMMITTEE PAC,223
24413227922,Kamala Harris,BIDEN VICTORY FUND,219
1750699881894920,Yvette Herrell for Congress,YVETTE4CONGRESS,203
209046616332309,Xochitl for Congress,XOCHITL FOR NEW MEXICO,203
2078647579047586,Project Pulso,Project Pulso,170
9324910069,NRSC,NRSC,165
96935476345,Democratic Governors Association (DGA),DEMOCRATIC ACTION,162
1316372698453411,Alexandria Ocasio-Cortez,Alexandria Ocasio-Cortez for Congress,161
104602514593537,A New Voice for Justice,A New Voice for Justice,158
113668017062690,Citizens For Free Enterprise,Citizens for Free Enterprise,155
15239367801,The Wilderness Society,"WILDERNESS SOCIETY, THE",153
109409907523817,Elect Judge Courtney Weaks,Courtney Weaks for District Court Judge,150
594629247622735,Going Solar,Going Solar,148
24330467048,Americans for Prosperity,AMERICANS FOR PROSPERITY,144
2267285956849056,Donald Trump 2020 Fans,I Love My Freedom,139
328853823844484,Balance of Power,Balance of Power,137
109092142462587,Adam Schiff,SCHIFF FOR CONGRESS,130
422470891880718,Safer and Stronger,New Mexico Oil and Gas Association,129
254463751303529,Mayor Tim Keller,City of Albuquerque,123
165987503528599,Lindsey Graham,"TEAM GRAHAM, INC.",120
163148530407080,Captain Mark Kelly,MARK KELLY FOR SENATE,120
128551641258085,Melanie Stansbury for NM,Melanie for New Mexico,117
665345483483486,NRA - National Rifle Association of America,NATIONAL RIFLE ASSN OF AMERICA,115
176789922364429,Steve Daines,STEVE DAINES FOR MONTANA,112
101279451606075,Democratic Strategy Institute,Democratic Strategy Institute,110
6072343558,Center for American Progress,CENTER FOR AMERICAN PROGRESS,≤100
127225910653607,PragerU,PragerU,≤100
114710126648118,Republican Dogs,Republican Dogs,≤100
173629675769,Brian Egolf - Speaker of the New Mexico House of Representatives,Committee to Elect Brian Egolf,≤100
105756057589080,The Lincoln Project,The Lincoln Project,≤100
345504286342057,Keeping America Great Again,RightWingGear.com,≤100
277005566267077,Blueland,Blueland,≤100
1449461518652183,4Patriots,4Patriots LLC,≤100
632219787404206,New Mexico Political Progressives,James Joseph Connolly,≤100
328072970642479,Jaime Harrison,JAIME HARRISON FOR US SENATE,≤100
219224241438635,Compassion & Choices,COMPASSION & CHOICES,≤100
602714436529710,End Citizens United,END CITIZENS UNITED,≤100
8934429638,Planned Parenthood Action,Planned Parenthood Action Fund,≤100
2330577043935831,Sara Gideon,SARA GIDEON FOR MAINE,≤100
20531316728,Facebook App,"Facebook, Inc.",≤100
21472760578,C-SPAN,C-SPAN,≤100
104856814505092,The Kids Guide,The Kids Guide,≤100
7292655492,MoveOn,MOVEON.ORG POLITICAL ACTION,≤100
18982436812,ACLU,American Civil Liberties Union,≤100
2352630938293825,Mytacticalpromos,Entremax,≤100
118502801658228,Young Kim,Young Kim for Congress,≤100
106244251043808,Reuse Plastics,"AMERICAN CHEMISTRY COUNCIL, INC.",≤100
67945990059,The American Petroleum Institute,The American Petroleum Institute,≤100
8492293163,Environmental Defense Fund,Environmental Defense Fund,≤100
373814729643508,Let America Vote,LET AMERICA VOTE PAC,≤100
228754857151053,House Majority PAC,House Majority PAC,≤100
103932294697808,US Final Expense Assistance,Laperryrea Daniyell Hobbs,≤100
158791100909689,Concerned Veterans for America,Concerned Veterans for America,≤100
153080620724,Donald J. Trump,"DONALD J. TRUMP FOR PRESIDENT, INC.",≤100
5435784683,Greenpeace USA,"GREENPEACE, INC.",≤100
737686089933715,Conservative Collections,Mainline Media Group,≤100
206360852734005,New Mexico Wilderness Alliance,New Mexico Wilderness Alliance,≤100
92925746942,Judicial Watch,Judicial Watch,≤100
717115395103069,PrintedKicks,Printed Kicks,≤100
394518704240624,Dose of Reality New Mexico,New Mexico Behavioral Health Services Division,≤100
102590137916214,Pattern Energy New Mexico,Pattern Energy New Mexico,≤100
150681061641282,Tri-State G&T,Tri-State Generation Transmission Association Inc,≤100
108305427617357,Protect My Vote,"Protect My Vote, Inc.",≤100
6204742571,Sierra Club,SIERRA CLUB,≤100
106094077803532,Our National Family,Patrick Le Tran,≤100
109671107289905,Justin Salazar-Torrez for NM State Rep. Dist 40,Committee to elect Justin J. Salazar-Torrez,≤100
103597604713894,Team Trump Store,TRUMP MAKE AMERICA GREAT AGAIN COMMITTEE,≤100
101661694725936,Crystal Diamond for NM Senate,"Crystal Diamond For New Mexico, Erica Valdez Treasurer",≤100
168051710543266,Lacy Johnson,Lacy Johnson for Congress,≤100
140499052681592,Bank of the West,BANK OF THE WEST,≤100
1528980567353817,Love Has No Labels,Love Has No Labels with Facebook Ad Credits,≤100
96268808515,Xcel Energy New Mexico,"Xcel Energy Services, Inc.",≤100
2353537341582545,Proud Patriots,Proud Patriots,≤100
1340536796063209,Michael Hendricks,Hendricks for NM,≤100
109379100777665,Patriotism Isn't Dead,Patriot Polling,≤100
100391581727524,Defeat By Tweet,DEFEAT BY TWEET,≤100
314499212242,Pfizer,Pfizer Inc.,≤100
342294162453301,Planned Parenthood,Planned Parenthood Federation of America,≤100
236369846383459,Congressional Black Caucus PAC,Congressional Black Caucus PAC,≤100
355316521236121,John Cornyn,TEXANS FOR SENATOR JOHN CORNYN INC.,≤100
8325302025,Friends of the Earth U.S.,Friends of the Earth,≤100
222849185175901,Better Jobs New Mexico,Resource Media,≤100
7802641703,Planned Parenthood of the Rocky Mountains,Planned Parenthood of the Rocky Mountains,≤100
95483488591,Democratic Party of Wisconsin,DEMOCRATIC PARTY OF WISCONSIN,≤100
7976226799,The Daily Show,Comedy Central,≤100
107210084216238,Humanity Forward,Humanity Forward,≤100
1375618656016062,Deb Haaland for Congress,DEB HAALAND FOR CONGRESS,≤100
301228420816284,Teresa Leger Fernandez,TERESA FOR ALL,≤100
327837911149503,2A4Life,2A4LIFE LLC,≤100
167586229923327,World Food Program USA,World Food Program USA,≤100
57259033959,AARP,AARP,≤100
101691091213750,The Empowerment Alliance,The Empowerment Alliance,≤100
23875187730,Feeding America,Feeding America,≤100
49651563727,Live Action,Live Action,≤100
605168822998856,314 Action,314 ACTION FUND,≤100
85452072376,Newsmax,Newsmax Media,≤100
747436915270894,Congressional Leadership Fund,CONGRESSIONAL LEADERSHIP FUND,≤100
100137754724934,Trump 2020 Supporters,Proud Right Winger,≤100
101210588150219,Boy Scouts Abuse Claims,X Social Media LLC,≤100
278490715553293,Martha McSally,MCSALLY FOR SENATE INC,≤100
1316372698453411,Alexandria Ocasio-Cortez,THE SQUAD VICTORY FUND,≤100
170591064699,Southern Poverty Law Center,"SOUTHERN POVERTY LAW CENTER, INC., THE",≤100
105732744375701,Steve Bullock,MONTANANS FOR BULLOCK,≤100
1109093812491437,Blaze Media,Blaze Media LLC,≤100
105577974544303,The USA Needs More Patriots,Anthony Alexander Morales,≤100
586402784803665,OLÉ NewMexico,"OLE EDUCATION FUND, THE",≤100
104614641200137,MeidasTouch,MEIDASTOUCH,≤100
106663044307859,Mike Sievert,"T-MOBILE USA, INC.",≤100
642015369755185,NM Big Ask Campaign,Jaymi L Firestone,≤100
105577974544303,The USA Needs More Patriots,AmeriPolling,≤100
350316025478383,When We All Vote,When We All Vote,≤100
25852730092,Care2,Care2 Inc,≤100
102671331487937,I Love My Freedom Store,I Love My Freedom,≤100
102478061559294,Convention on Founding Principles,Convention on Founding Principles,≤100
692958257414712,Democratic Party of Sandoval County,Sandoval County Democratic Party,≤100
103185334702225,Stop Trump PAC,STOP 45 PAC,≤100
55549065733,Voto Latino,VOTO LATINO INC.,≤100
481559282597914,TrumpersUnite,Respect The Look,≤100
159964696102,Kevin McCarthy,KEVIN MCCARTHY FOR CONGRESS,≤100
108684994060458,Melissa Fryzel for NM Senate Dist. 8,Citizens for Melissa Fryzel,≤100
7833534974,Florida Democratic Party,Florida Democratic Party,≤100
156723821358215,"Gregory A. Baca, NM Senator District 29",Baca for Senate NM,≤100
393932827634250,Dissent Pins,Common Practice,≤100
2573901519316496,Eye On Edgewood,Thomas Orville Mcgill,≤100
834645469890446,Devin Nunes,DEVIN NUNES CAMPAIGN COMMITTEE,≤100
5720973755,Defenders of Wildlife,DEFENDERS OF WILDLIFE,≤100
100256754899828,Patriot's Cave,Patriots Cave,≤100
461204744067686,Family Protection Association,Family Protection Association,≤100
111393882812494,Amy McGrath,"AMY MCGRATH FOR SENATE, INC.",≤100
643463669628493,Public Opinion Research Group,"Public Opinion Research Group, Inc",≤100
197760674021143,Indivisible Guide,INDIVISIBLE ACTION,≤100
560140464159364,Stand for the 2nd Amendment,SFT2 Tactical Supply,≤100
309798029121030,Everytown for Gun Safety,Everytown for Gun Safety Action Fund Inc,≤100
106224464107240,Jo Jorgensen,Jo Jorgensen for President,≤100
1061240530648502,Joe Collins,JOE COLLINS FOR CONGRESS,≤100
101329438317952,Story Network Action,Story Network Foundation,≤100
109431960445656,Ryan Alexandra Chavez,"Committee to Elect Ryan Chavez, Varro Clarke Treasurer.",≤100
105459947922475,Sheldon Law Group,Sheldon Law Group,≤100
404863610151096,Luis Terrazas for New Mexico 39,The Committee to Elect Luis Terrazas,≤100
683872625157265,Theresa Greenfield,THERESA GREENFIELD FOR IOWA,≤100
103730928025980,Safe and Sound In 2020,Kin Ngai Yeung,≤100
97493741436,John W. Hickenlooper,HICKENLOOPER FOR COLORADO,≤100
8047221596,Save the Children US,"SAVE THE CHILDREN FEDERATION, INC.",≤100
305832706292882,American Gun Association,GunAssociation.org,≤100
803133663149079,David Heil,Committee to Elect Dave Heil for Sandoval,≤100
309308412520731,Sandy Hook Promise,Sandy Hook Promise,≤100
107654924064350,Pat Timmons-Goodson,PATRICIA TIMMONS-GOODSON FOR CONGRESS,≤100
219612384781411,Bloomberg Philanthropies,Bloomberg Philanthropies,≤100
598924810530984,Keeping America Great,FamTeeWorld,≤100
108683164271262,Patriots for Life,Grant Alan Johnston,≤100
728080537326482,The United State of Women,CIVIC NATION,≤100
126694924050678,Xavier Becerra,Becerra for Attorney General 2022,≤100
788394134539871,USPS Business,United States Postal Service,≤100
679171239164792,Supermajority,Supermajority,≤100
530604487365010,Old Glory Flagpole Kits,Service First,≤100
108794587327155,Good Programs 2020,Trevor Dale Seaks,≤100
51405613519,Focus on the Family,Focus on the Family,≤100
102745147891580,Trump Coolers,Eric Clifford Juels,≤100
18709174006,National Audubon Society,"NATIONAL AUDUBON SOCIETY, INC.",≤100
18813753280,Human Rights Campaign,"HUMAN RIGHTS CAMPAIGN, INC",≤100
100149776770600,New Mexico Rural Electric Cooperative Association,New Mexico Rural Electric Cooperative Association,≤100
934438026690635,YouGov,YOUGOV AMERICA INC.,≤100
112694470356789,Trumpcare For America,Stuart Joseph Millar,≤100
277414242013,Joyce Elliott for Congress,JOYCE ELLIOTT FOR CONGRESS,≤100
105566824535889,Floridians for Ethics and Truth in Politics,Floridians for Ethics and Truth in Politics,≤100
596556607135301,The Earthling Co.,The Earthling Co.,≤100
42002969352,Center on Budget and Policy Priorities,Center on Budget and Policy Priorities,≤100
1439829396312534,The Movement for Black Lives,Movement for Black Lives,≤100
215968684159,AFT - American Federation of Teachers,American Federation of Teachers,≤100
30139072158,CARE,CARE,≤100
101127364972509,Dems For USA,Dems For USA,≤100
376705352894644,KWH Law Center for Social Justice + Change,Pamelya Paulette Herndon,≤100
105984667872147,Patriotic Liberty,Vivian Lam Nguyen,≤100
111428049989,Cal Cunningham,CAL FOR NC,≤100
530604487365010,Old Glory Flagpole Kits,Service First Flag Poles,≤100
7483836629,Ancestry,Ancestry.com Operations Inc.,≤100
104934207736995,Paycheck to Paycheck,Center for American Progress Action Fund,≤100
106667854471975,Outspoken,Log Cabin Republicans,≤100
1443127535947107,Save the Children Action Network,Save the Children Action Network,≤100
6820348410,Kirsten Gillibrand,Off the Sidelines,≤100
100575810307679,VICE TV,VICE Media,≤100
105353807719451,Linda Calhoun for New Mexico,Committee to Elect Linda Calhoun,≤100
45393753416,Alliance Defending Freedom,Alliance Defending Freedom,≤100
33713453361,Amazon Prime Video,Amazon Prime Video,≤100
1456310534453054,Veteran Loans Online,"LMB OpCo, LLC",≤100
114128055303516,ProgressNow New Mexico,ProgressNow New Mexico Education Fund,≤100
114625730266879,Republican Voters Against Trump,Defending Democracy Together,≤100
106323360959211,Patriots Republic,Matthew James Stine,≤100
113666459994300,Big Dan Rodimer for Congress,RODIMER FOR CONGRESS,≤100
163302087408673,Stop The Donald,Stop the Donald,≤100
8501031021,VoteVets.org,VOTEVETS,≤100
101237551589520,Tactical Patriot,Trizzie Truong,≤100
10150100007820094,Wendy Davis,WENDY DAVIS FOR CONGRESS,≤100
36872302227,Cory Booker,Cory Booker for Senate,≤100
2309566456030859,Human Coalition Action,Human Coalition Action,≤100
1204754733024419,People's Power Grab,ACRONYM,≤100
1883837055193241,Shield Republic,Shield Republic,≤100
6500552187,Hulu,"HULU, LLC",≤100
72186095846,Center For American Progress Action Fund,Center for American Progress Action Fund,≤100
87186661244,Johns Hopkins Bloomberg School of Public Health,Johns Hopkins Bloomberg School of Public Health,≤100
166618413413767,Jay Sekulow,American Center for Law and Justice,≤100
206677396413254,Abortion On Our Own Terms,Abortion On Our Own Terms,≤100
780941275347834,Ilhan Omar,ILHAN FOR CONGRESS,≤100
280704452367167,Jason Crow,JASON CROW FOR CONGRESS,≤100
263891677826490,Earthsider,Ryan James Martin,≤100
277005566267077,Blueland,These ads ran without a disclaimer,≤100
405469100189512,Still My President - Donald Trump,Red State Politics LLC,≤100
19192438096,AAAS - The American Association for the Advancement of Science,American Association for the Advancement of Science,≤100
257019421075897,Cory Gardner,Cory Gardner for Senate,≤100
7263476274,Mercy Corps,Mercy Corps,≤100
360331417751529,Rachel's Action Network,Rachel's Action Network,≤100
971668776283950,PolicyEd,Hoover Institution,≤100
142992759853421,Be A Hero,BE A HERO PAC,≤100
6236054211,Brady,Brady Campaign to Prevent Gun Violence,≤100
100138001787936,Isabella Solis for New Mexico State Representative,Committee to Elect Isabella Solis,≤100
152264148166020,Moms Clean Air Force,Moms Clean Air Force,≤100
105010030848236,Bryant Cameron Webb,DR. CAMERON WEBB FOR CONGRESS,≤100
109111900634787,Reverend Raphael Warnock,WARNOCK FOR GEORGIA,≤100
15687409793,World Wildlife Fund,World Wildlife Fund,≤100
101278694809805,Meme2020,Meme2020,≤100
1809078699219595,Fat Tire,"NEW BELGIUM BREWING COMPANY, INC.",≤100
83290028957,Care Net,CARE NET,≤100
42872222699,Dana Loesch,Dana Loesch Radio,≤100
112325855474892,Speak Up For Education and Kids,National Education Association,≤100
1336293769761923,Jon Ossoff,JON OSSOFF FOR SENATE,≤100
2132738093632189,Brock Pierce,BROCK PIERCE FOR PRESIDENT,≤100
132492254050920,American AF,AAF Nation,≤100
38235851310,USA for UNHCR,UNITED STATES ASSOCIATION FOR UNHCR,≤100
2037695643113766,Blexit,Blexit Foundation,≤100
911828698840246,ReLEntless Defender Apparel,ReLEntless Defender Apparel,≤100
1765073800454902,Reform Austin,Reform Austin Inc.,≤100
108118933908193,Next Level Goods,Next Level Goods LLC,≤100
102916288137405,The Daily Republican,USA Movements LLC,≤100
678707785538538,Dole Sunshine,These ads ran without a disclaimer,≤100
195530355493,Chicks On The Right,Chicks on the Right,≤100
192015461630968,Supporting Our Brave Veterans,James Brian Plouf,≤100
6787988478,Physicians for Human Rights,"PHYSICIANS FOR HUMAN RIGHTS, INC.",≤100
176466646087311,DC Fawcett,Donald Chappell Fawcett,≤100
1338822066131069,Women's March,Women's March,≤100
1836138529938551,Greater Half,Greater Half,≤100
209516845093,NRDC Action Fund,NRDC Action Fund,≤100
107398241021186,The John Lewis Bridge Project,John Lewis Bridge Project,≤100
331037760381749,Sierra Magazine,SIERRA CLUB,≤100
100415021774551,Patriotic Stances,Korie Lynn Padgett,≤100
46093654473,National Republican Congressional Committee,NRCC,≤100
593289284500311,Trump Rack,BOXD Marketing,≤100
7814597100,Jim Jordan for Congress,JIM JORDAN FOR CONGRESS,≤100
6240652407,Young America's Foundation,YOUNG AMERICA'S FOUNDATION INC,≤100
189775334970597,All of Us LGBTQ,Stanford University,≤100
419992651425033,Guardianes del Pueblo-Consumer Law Group,Consumer Law Group,≤100
894096170667732,Ashley Hinson,Ashley Hinson For Congress,≤100
129255907131113,NumbersUSA,NUMBERSUSA EDUCATION AND RESEARCH FOUNDATION,≤100
303167829786891,Ed Markey,THE MARKEY COMMITTEE,≤100
782093245218764,Qasim Rashid,RASHID FOR VA,≤100
17203056985,Partners In Health,Partners In Health,≤100
5644748986,National Wildlife Federation,NATIONAL WILDLIFE FEDERATION,≤100
35169196082,Project HOPE,"PROJECT HOPE-THE PEOPLE-TO-PEOPLE HEALTH FOUNDATION, INC.",≤100
709491732434343,שורת הדין - Shurat HaDin,Israel Law Center,≤100
21559454473,FAIR,FEDERATION FOR AMERICAN IMMIGRATION REFORM,≤100
592707041080920,Stand Together,Stand Together Chamber of Commerce Inc.,≤100
629732217415068,Republican Party,Greater Half,≤100
1010143499143169,Medicare Savings,"Mayo Labs, LLC",≤100
102617961152741,Barbara Bollier,BOLLIER FOR KANSAS,≤100
325578590837480,Protect Our Care,Sixteen Thirty Fund,≤100
7860876103,Joe Biden,BIDEN FOR PRESIDENT,≤100
1841824626073676,Candace Valenzuela for Congress,CANDACE FOR 24,≤100
111023584012681,Open Road Homeward,Samantha Lyn Weldon,≤100
69039563201,Open Doors USA,"OPEN DOORS WITH BROTHER ANDREW, INC.",≤100
6820348410,Kirsten Gillibrand,Gillibrand for Senate,≤100
297254237585636,Sheriff Strafe,These ads ran without a disclaimer,≤100
1614690395258056,Into Action,Into Action,≤100
17475614410,Hispanic Federation,Paid for by Hispanic Federation with Facebook Ad Credits,≤100
2196281620653830,Footprint,Footprint LLC,≤100
6316744206,Jon Tester,MONTANANS FOR TESTER,≤100
700806360047982,CFG Action,Club for Growth Action,≤100
586751814690068,Joni Ernst,Joni for Iowa,≤100
213792049451918,Stand For America,Stand For America Inc,≤100
345378512258813,Elise Stefanik,ELISE FOR CONGRESS,≤100
27311599342,Preemptive Love,Preemptive Love Coalition,≤100
1600352356914768,PushBlack,PushBlack,≤100
10423517786,Harvard Business Review,HARVARD BUSINESS SCHOOL PUBLISHING CORPORATION,≤100
261663760956534,America First Policies,America First Policies Inc,≤100
169597416843751,Stand Up America,Stand Up America,≤100
103075334816156,UFCW Votes,UNITED FOOD AND COMMERCIAL WORKERS INTERNATIONAL UNION,≤100
420785874975425,Conservative Institute,The Conservative Institute,≤100
107589664099282,Stand Up To China,"Stand Up To China, Inc.",≤100
2185993931653388,The Recount,"Recount Media, Inc",≤100
56680318666,Illinois Policy,Illinois Policy,≤100
6231686654,Compassion International,"COMPASSION INTERNATIONAL, INCORPORATED",≤100
21492729544,Catholic Relief Services,CATHOLIC RELIEF SERVICES - UNITED STATES CONFERENCE OF CATHOLIC BISHOPS,≤100
109459597525704,Living in Liberty,Korie Lynn Padgett,≤100
2339203789732156,Kim Mangone for Congress,COMMITTEE TO ELECT KIM MANGONE FOR CONGRESS,≤100
746938465317981,Nuclear Matters,Nuclear Matters,≤100
342887442508723,Convention of States,Convention of States Action,≤100
50982313030,Food & Water Watch,Food & Water Watch,≤100
692958257414712,Democratic Party of Sandoval County,Delbert Frank Schafer,≤100
719913581472398,Napoli Shkolnik PLLC,Napoli Law,≤100
245284549333866,ASMDSS,ASMDSS,≤100
101591551371555,Fire Mitch. Save America.,SAVE AMERICA FUND,≤100
151757038879920,Alyse Galvin for Congress 2020,ALYSE FOR ALASKA,≤100
30708742052,FCTRY,FCTRY,≤100
38471053686,Elizabeth Warren,"WARREN DEMOCRATS, INC.",≤100
102592959026,Ocean Conservancy,"OCEAN CONSERVANCY, INC.",≤100
7962229886,Environmental Working Group,ENVIRONMENTAL WORKING GROUP,≤100
284946111858895,Debbie Mucarsel-Powell,DEBBIE FOR CONGRESS,≤100
219247332354785,Phil Arballo for Congress,ARBALLO FOR CONGRESS,≤100
119006106155684,PI Energy,Andrew P Chung,≤100
102875587947942,Keep Trump In Office,Keep Trump In Office,≤100
1530883997194411,United States Constitution,Flag and Cross,≤100
11791104453,NRDC,Natural Resources Defense Council,≤100
135081079769,AFGE,American Federation of Government Employees,≤100
493811210669780,Creative Action Network,Creative Action Network,≤100
106411444514775,Unity in Support,Jae W Seo,≤100
21375324480,The Heritage Foundation,HERITAGE FOUNDATION (THE),≤100
2068988876444634,Stand Up for Accurate Prenatal Answers,STAND UP FOR ACCURATE PRENATAL ANSWERS INC,≤100
108273884315449,Real American Patriot,Gold Sky Ventures LLC,≤100
259212814698356,Democratic Majority for Israel,DMFI PAC,≤100
139599847972,National Nurses United,National Nurses United,≤100
10498053716,Media Research Center,MEDIA RESEARCH CENTER,≤100
114623860329716,Daily Positivity Newsletter,John Phillip Angelo Vergara,≤100
360303722260,Kathleen Williams,KATHLEEN WILLIAMS FOR MONTANA,≤100
130467958471,Jason Lewis,Jason Lewis for Senate,≤100
407664862957433,Ammar Campa-Najjar for Congress,AMMAR CAMPA-NAJJAR FOR CONGRESS,≤100
260366367717440,Committee to Protect Medicare,Committee to Protect Medicare PAC,≤100
173837496125511,Conscious Step,Conscious Step,≤100
202286639832171,Dr. Robert Jeffress,FIRST BAPTIST CHURCH DALLAS,≤100
598720023670599,Jennifer Carroll Foy,Jennifer Carroll Foy for Governor,≤100
100119981671668,Blue Senate,BLUE SENATE PAC,≤100
115364585711,Lawyers' Committee for Civil Rights Under Law,Lawyers' Committee for Civil Rights Under the Law with Facebook Ad Credits,≤100
30914589895,The International Fellowship of Christians and Jews,"INTERNATIONAL FELLOWSHIP OF CHRISTIANS & JEWS, INC.",≤100
977704775606273,Balls Deep Tackle,Balls Deep Tackle,≤100
111361091313,NICABM,"Theoria Associates for Health Education, Inc.",≤100
128551641258085,Melanie Stansbury for NM,Melanie For New Mexico,≤100
429812024048177,Doug Jones for Senate,DOUG JONES FOR SENATE COMMITTEE,≤100
110439270638992,NE1else,Time Management LLc,≤100
120448873031387,Our United Family,Daniel Wang,≤100
19342050934,Leadership Institute,LEADERSHIP INSTITUTE INC,≤100
27544763621,Prison Fellowship,Prison Fellowship,≤100
103733440984818,ReNew Mexico,ReNew Mexico,≤100
41309865723,Democrats.com,DEMOCRATS.COM,≤100
58158120046,ACLJ,American Center for Law and Justice,≤100
288110884600563,Lean In,"Sheryl Sandberg & Dave Goldberg Family Foundation d/b/a LeanIn.Org, LLC",≤100
112007090160322,Young Republicans of San Juan County NM,REPUBLICAN PARTY OF SAN JUAN COUNTY,≤100
17911165812,Covenant House International,Covenant House,≤100
111892670610842,Political AF,Quyen Sanh Gip,≤100
153278754738777,Climate Reality,The Climate Reality Project,≤100
179513292162226,American History TV,C-SPAN,≤100
1551109418518461,The Honest Patriot,Amundson Media LLC,≤100
51379424899,Mercy Ships,MERCY SHIPS INTERNATIONAL,≤100
675471506247724,Adair for Congress,ADAIR FOR CONGRESS,≤100
103644036958,United Association,United Association Political Education Committee,≤100
202600839762879,I Am Pro-Life,Focus on the Family,≤100
300992409852,Hoover Institution,Hoover Institution,≤100
2309566456030859,Human Coalition Action,PRO-LIFE TEXANS A HUMAN COALITION ACTION PAC,≤100
2012750189007245,Liquid Death Mountain Water,Liquid Death,≤100
221401431386940,Pramila Jayapal,PRAMILA FOR CONGRESS,≤100
100233228182981,Madison Cawthorn for Congress,CAWTHORN FOR NC,≤100
150621451650636,Montana Wilderness Association,"MONTANA WILDERNESS ASSOCIATION, INC.",≤100
184731548554164,PL+US,Plus Fund: Paid Leave for the United States,≤100
108029674299216,We The People,We The People,≤100
281844617168,Jewish Voice Ministries International,JEWISH VOICE MINISTRIES INTERNATIONAL,≤100
26006662641,Arizona Democratic Party,Arizona Democratic Party,≤100
1438808983108348,BOLD PAC,CHC BOLD PAC,≤100
101136147910784,Represent Justice,Represent Justice,≤100
1055873511190792,Hello Resistance,Hello Resistance Apparel,≤100
103531607822207,Noticias para Inmigrantes,"Wise Rock Media, PBC",≤100
96171427550,Raja for Congress,FRIENDS OF RAJA FOR CONGRESS,≤100
108506830560787,Jessica Scarane,JESS SCARANE FOR DELAWARE,≤100
53541257714,The Arc of the United States,The Arc with Facebook Ad Credits,≤100
61265398450,AmeriCorps NCCC,Corporation for National and Community Service,≤100
433919203362871,Bird + Stone,BIRD & STONE INC,≤100
107118087563301,Leightoncornishfornm,Leighton Craig Cornish,≤100
1859113087545137,Learn Everywhere,"yes. every kid, Inc.",≤100
398977847323767,Texas Signal,Texas Signal Media Company,≤100
117144508670456,GUNVOTE,National Shooting Sports Foundation,≤100
1488803804538481,Mike Siegel,MIKE SIEGEL FOR CONGRESS,≤100
100722328329613,Every Single Vote,Every Single Vote,≤100
21834534343,Volunteers of America,"VOLUNTEERS OF AMERICA, INC.",≤100
101583151553618,Janice Arnold-Jones for PRC District 1,Elliott Marketing,≤100
8321461609,MomsRising.org,MomsRising Education Fund,≤100
779309092233298,Ben Crump,X Social Media,≤100
29770886815,Marijuana Policy Project,Marijuana Policy Project,≤100
295533050495998,Abogado de Inmigracion Jorge Rivera - Immigration Group LLC,Michael A Castillo,≤100
181924628560212,SumOfUs,SumOfUs,≤100
83865976093,Truthout,TRUTHOUT,≤100
103026384819654,How to Vote,ACRONYM,≤100
109415673940210,Gelo Clean,These ads ran without a disclaimer,≤100
6428288402,Kiva,KIVA MICROFUNDS,≤100
15188122178,The Hamilton Collection,The Hamilton Collection,≤100
213687698658,Americans for Prosperity Foundation,Americans for Prosperity Foundation,≤100
149081336362,AmeriCorps VISTA,Corporation for National and Community Service,≤100
296708523873754,Karla Dennis and Associates Inc.,"Karla Dennis & Associates, Inc",≤100
110393153948638,Financial Help,Common Acquire,≤100
142370046577999,Shahid Buttar for Congress,Shahid Buttar for Congress Committee,≤100
110740242303537,CAVU,Climate Advocates Voces Unidas,≤100
785936231584382,Paula Jean Swearengin,Paula Jean for West Virginia,≤100
23790541544,Democrats,DCCC,≤100
107847454354960,Weekly American Lifestyle,Steve San,≤100
496696933682736,Jeff Merkley,JEFF MERKLEY FOR OREGON,≤100
666901810004313,Rickey Gates,Protect Our Winters,≤100
104142543758770,Campaign Zero,We The Protesters,≤100
115379705206001,U.S. Department of Homeland Security Blue Campaign,DHS Blue Campaign,≤100
361960287311696,Better Medicare Alliance,"Better Medicare Alliance, Inc",≤100
6713653788,Gary Peters,PETERS FOR MICHIGAN,≤100
316887658336677,My Control Card,"NETSPEND HOLDINGS, INC.",≤100
357554791340788,Liker,Omar Rivero,≤100
223008867858902,American Action News,American Action News,≤100
1393911800825140,OZY,OZY Media Inc,≤100
46347342434,EMILY's List,EMILY'S LIST,≤100
206743952696198,Lower My Bills,"LMB OpCo, LLC",≤100
711478725532801,Civiqs,Civiqs,≤100
2256321067930356,Liberteeclub,libertyteeshop,≤100
814260155318929,The Fairness Project,The Fairness Project,≤100
110849485902,United Way,United Way Worldwide with Facebook Ad Credits,≤100
130848666099,Business Forward,Business Forward Inc.,≤100
94047978366,PCCC - BoldProgressives.org,PROGRESSIVE CHANGE CAMPAIGN COMMITTEE,≤100
628891490457484,Nancy Mace,Nancy Mace for Congress,≤100
21090771700,Gun Owners of America,Gun Owners of America,≤100
272280742967944,Self-Reliance Association,These ads ran without a disclaimer,≤100
110182763836209,Adelious D. Stith,The Committee to Elect Adelious d. Stith,≤100
333710103706307,Giffords,GIFFORDS PAC,≤100
856208611420219,Christina Finello,FINELLO FOR CONGRESS,≤100
534568670214804,NM Comunidades en Acción y de Fé - CAFé,NM COMUNIDADES EN ACCION Y DE FE (CAFE),≤100
6041057841,The Humane Society of the United States,"HUMANE SOCIETY OF THE UNITED STATES, THE",≤100
169130743498585,Tactical Pro Supply,Chad Keller,≤100
465483726908192,iVote,IVote Civic Education Fund,≤100
706716899745696,Women for Trump,TRUMP MAKE AMERICA GREAT AGAIN COMMITTEE,≤100
1667892193505378,Hold the House,HOLD THE HOUSE PAC,≤100
205395906412,UAW International Union,"INTERNATIONAL UNION, UNITED AUTOMOBILE, AEROSPACE AND AGRICULTURAL IMPLEMENT WORKERS OF AM",≤100
832107710207069,Pam Keith FL,Committee to Elect Pam Keith,≤100
294508332028,Lakota People's Law Project,ROMERO INSTITUTE,≤100
101132835043200,Tee Trending,These ads ran without a disclaimer,≤100
317284821682168,Messianic Jewish Alliance of America (MJAA),Messianic Jewish Alliance of America,≤100
109947294143213,Republicanstorefront,Republicanstorefront.com,≤100
681745912255844,John Cummings for Congress,CUMMINGS FOR CONGRESS,≤100
105084617912738,PatriotQuizzes,patriotquizzes.com,≤100
104504438466,Federal Voting Assistance Program - FVAP,Federal Voting Assistance Program,≤100
8145161702,Lambda Legal,"LAMBDA LEGAL DEFENSE & EDUCATION FUND, INC.",≤100
103315378108004,True Patriot Strength,LE-HUU DONG HUYNH,≤100
153678684700451,American Investment Council,AMERICAN INVESTMENT COUNCIL,≤100
101485931485408,UNITEDemocrats,UNITEDEMOCRATS PAC,≤100
109360297266116,Fearless Patriot,TERESA NONE OHARA-MARSH,≤100
2225580284361712,Tommy Tuberville,"TUBERVILLE FOR SENATE, INC.",≤100
85273022315,NAMI,NAMI,≤100
110089227413037,The Prepared Patriot,Edward Ha,≤100
1099478666810053,Meals For Pets,Meals for Pets,≤100
210277954204,The Young Turks,"The Young Turks, Inc.",≤100
255208337943901,Jobs Growth,"JOBS FREEDOM AND SECURITY PAC, Not authorized by any candidate or candidate’s committee.",≤100
293225127381200,Patriot Depot,The Patriot Depot,≤100
499745330794315,Aurora Dolores Chavez for Valencia County Clerk,Committee to Elect Aurora Dolores Chavez for Valencia County Clerk,≤100
103653994359958,Harvard Forward,The Boarding School,≤100
55549065733,Voto Latino,Voto Latino with Facebook Ad Credits,≤100
111092027351541,Future Verified,These ads ran without a disclaimer,≤100
193848101876,Republican Party of SJCNM,Republican Party of San Juan County,≤100
267180743723148,National Geographic Society,National Geographic Society,≤100
251632675552663,Rigged: The Voter Suppression Playbook,American Issues Initiative,≤100
357750373755,National Domestic Workers Alliance,National Domestic Workers Alliance,≤100
2081864865362439,Mike Espy,MIKE ESPY FOR SENATE CAMPAIGN COMMITTEE,≤100
104113317870732,Free Markets Destroy,Washington Policy Center,≤100
110010433804232,Falkirk Center,Falkirk Center,≤100
67626834312,National Women's Law Center,National Women's Law Center,≤100
224684514243482,Tom Cotton,"COTTON FOR SENATE, INC.",≤100
34521916336,Brent Bozell,MEDIA RESEARCH CENTER,≤100
134452023239984,Human Coalition,Human Coalition,≤100
178835922297833,American Clinical Laboratory Association,American Clinical Laboratory Association,≤100
228132537208218,Tammy Duckworth,TAMMY FOR ILLINOIS,≤100
8446177150,Chosen People Ministries,CHOSEN PEOPLE MINISTRIES INC,≤100
105157841248307,No Filter Politics,No Filter Politics,≤100
100405956709980,Concerned Citizens for Nuclear Safety (CCNS),CONCERNED CITIZENS FOR NUCLEAR SAFETY,≤100
91346559231,Democratic Legislative Campaign Committee - DLCC,Democratic Legislative Campaign Committee,≤100
1690071827911682,Cleancult,cleancult,≤100
376776419037747,Turning Point USA,Turning Point USA,≤100
159258670760973,Doña Ana County Government Center,"DONA ANA, COUNTY OF",≤100
2046092952294722,Lucy McBath for Congress,FRIENDS OF LUCY MCBATH,≤100
102769134675149,Evergreen Action,Evergreen Action,≤100
106115987493807,Linda Serrato for New Mexico,Our Neighbors for Linda,≤100
107618675933249,Coalition for Smarter Growth,the Coalition for Smarter Growth,≤100
2426111570952383,Frontlines,Frontlines,≤100
1917715138510680,Follow Your Legend,Legend Bracelet,≤100
34362997676,United States Holocaust Memorial Museum,UNITED STATES HOLOCAUST MEMORIAL MUSEUM,≤100
104224114671958,Energy For Progress,The American Petroleum Institute,≤100
111324359048459,Dr. Roger Marshall,KANSANS FOR MARSHALL,≤100
1977738355807406,Sharice For Congress,SHARICE FOR CONGRESS,≤100
246846192720018,War On Our Future,The Years Project,≤100
105995741220700,Patriots United,Le Huu Dong Huynh,≤100
259212814698356,Democratic Majority for Israel,Democratic Majority for Israel,≤100
1635441679872518,Kimberly Klacik,Kim Klacik for Congress,≤100
6333396177,NewsBusters.org,MEDIA RESEARCH CENTER,≤100
482899722113894,Peymynt Financial,Peymynt Financial,≤100
109678580574253,Politicool Clothing Co.,PolitiCoolClothing.com,≤100
103036584847574,The Good Neighbor,Brandon Vu,≤100
296295018082,AARP en Español,AARP,≤100
1658135304460341,MANG,MANG,≤100
106949844346620,Trumpian Republicans,Gregory Lawrence Burright,≤100
304058913005378,Senior and Disabled Concerns,Senior & Disabled Concerns,≤100
1139806362718939,Trafalgar Group,The Trafalgar Group,≤100
112556903649130,Louder Than Hate,"Louder Than Hate, LLC",≤100
151525932186806,When Democrats Turn Out,WHEN DEMOCRATS TURN OUT PAC,≤100
107428150756519,US Money Daily,USMoneyDaily,≤100
116546288359245,Heritage Action for America,HERITAGE ACTION FOR AMERICA,≤100
141692255929599,Democratic Socialists of America,DEMOCRATIC SOCIALISTS OF AMERICA INC,≤100
516725565030981,Brendan Boyle,CITIZENS FOR BOYLE,≤100
322551718276442,Lemons Are Blue,Lockwell LLC,≤100
896759427103774,Modern Medicaid Alliance,Modern Medicaid Alliance,≤100
105536127617594,The American Digest,The American Digest,≤100
169277310432049,"Texas Precision Optics, Inc.",Texas Precision Optics Inc,≤100
830890360316751,Nick Hanauer,Civic Action,≤100
210357995667559,The National Memo,The National Memo,≤100
717417908274761,Lady Freethinker,Lady Freethinker,≤100
1081577605248505,Elect Better USA,John E Palmer,≤100
341513602902369,CALL TO ACTIVISM,CALL TO ACTIVISM,≤100
105455840860559,EagleRealm LLC,Eagle Realm,≤100
166738743732702,All Above All Action,All Above All Action Fund,≤100
1799282383731277,TwoSeventy,Alexander Jared Deutsch,≤100
69983322463,Ted Cruz,TED CRUZ FOR SENATE,≤100
984421991732710,Paycheckology,Paycheckology,≤100
317667194946264,Ro Khanna,RO FOR CONGRESS INC,≤100
260933440643373,UltraViolet,UltraViolet Action,≤100
112600915451330,No Labels,No Labels,≤100
112333396969405,Jim Bognet,Bognet for Congress,≤100
107225484068529,Donna Deegan for Congress,Donna Deegan For Congress,≤100
953113491536337,Black to the Future Action Fund,Black to the Future Action Fund,≤100
72931140459,Center for Biological Diversity,"CENTER FOR BIOLOGICAL DIVERSITY, INC.",≤100
1862511410671222,Dana Ferguson for US Congress,FRIENDS OF DANA FERGUSON,≤100
467804929927622,Jason Smith,JASON SMITH FOR CONGRESS,≤100
360424321432255,Doha Debates,Doha Debates,≤100
112735922758892,Charlie Kirk,Charlie Kirk,≤100
101724361319410,Ronny Jackson for U.S. Congress TX-13,Texans for Ronny Jackson,≤100
20876805343,March of Dimes,MARCH OF DIMES INC.,≤100
24481937944,Theodore Roosevelt Conservation Partnership,"THEODORE ROOSEVELT CONSERVATION PARTNERSHIP, INC",≤100
112420993589373,Young and Old for America,Andrew Joseph Young,≤100
1691667177798461,Brut,Brut,≤100
100124595113383,Victor Ashe,"William F. Buckley, Jr. Program",≤100
105433064492153,The Return 2020,The Return International,≤100
443329669123990,USAFacts,USAFacts Institute,≤100
210820618956311,Community Change Action,Community Change Action,≤100
102636677971854,Trump Is The Storm,Legendary Trump Coins,≤100
249716212080256,Jim Clyburn,FRIENDS OF JIM CLYBURN,≤100
128716440866482,Adam Milstein,Adam Milstein,≤100
102004961614425,For The Love of Patriots,Trizzie Truong,≤100
106445167434779,Duty and Honor,Duty and Honor,≤100
79820371749,Ayanna Pressley,THE COMMITTEE TO ELECT AYANNA PRESSLEY,≤100
1452551204988299,GoReact,Speakworks Inc,≤100
839073729808623,Hillary Scholten,SCHOLTEN FOR CONGRESS,≤100
100719625004234,Home and Community,Cynthia Nguyen,≤100
103051574839210,Ask Mike About Racism,Michael Lynn Adams,≤100
105556894599642,Protecting Rights,Raymond A Guevara,≤100
143986912311328,University of Vermont Continuing and Distance Education,University of Vermont,≤100
1925751504337881,MJ Hegar,MJ FOR TEXAS,≤100
132732160104163,Ford Foundation,"FORD FOUNDATION, THE",≤100
176099072429809,Oceana in Florida,OCEANA,≤100
1526736227567131,TrueCoverage,True Coverage,≤100
7341997111,Conservation International,Conservation International,≤100
58736997707,Marco Rubio,Marco Rubio for Senate,≤100
104012084703106,One People United PAC,One People United,≤100
5887538795,Education Week,Education Week,≤100
19420215926,CNSNews.com,MEDIA RESEARCH CENTER,≤100
105943157686335,Trust Michigan Families,TRUST MICHIGAN FAMILIES,≤100
1584050195202316,Barbara Bry for Mayor,Barbara Bry for San Diego Mayor 2020,≤100
419237048158257,Susan Collins,COLLINS FOR SENATOR,≤100
7209432197,Chris Coons,CHRIS COONS FOR DELAWARE,≤100
892673067526965,Project War Path,Project War Path,≤100
1653251174924652,Fuzzu,Fuzzu,≤100
180060629247353,Elaine Luria for Congress,ELAINE FOR CONGRESS,≤100
103046977892124,Adam Christensen For Congress,ADAM J CHRISTENSEN FOR CONGRESS,≤100
502320477205654,I’m Bout Making My Ancestors Proud,Heritage Hill LLC,≤100
710669049286394,Woo the People,Khosro David Illulian,≤100
15041226930,Oxfam,"OXFAM AMERICA, INC.",≤100
143089732792,Marsha Blackburn,Blackburn Tennessee Victory Fund,≤100
1819658374974706,Arena,Arena PAC,≤100
171651620209487,Brady PAC,Brady Pac,≤100
309798029121030,Everytown for Gun Safety,EVERYTOWN FOR GUN SAFETY VICTORY FUND,≤100
926650430723985,Really American,REALLY AMERICAN PAC,≤100
700941689954518,Defend Our Future,Defend Our Future,≤100
319982881752525,Kara Eastman,EASTMAN FOR CONGRESS,≤100
490374428003966,Oklahomans For Energy Options,Oklahomans For Energy Options,≤100
80987211775,Bill Cassidy,Bill Cassidy for US Senate,≤100
317523352995,Stonegate Center,Stonegate Center,≤100
203197030603239,8 Billion Trees,8 Billion Trees LLC,≤100
106014574536157,Richelle Ponder for NM House District 35,Committee to Elect Richelle Ponder,≤100
212025079529295,New Americans Campaign,New Americans Campaign,≤100
212375358784914,Ed Brodsky for State Attorney,Ed Brodsky for State Attorney,≤100
114893233534632,Taking Back America,Apse Media LLC,≤100
106954147689215,Just the Truth,JUST THE TRUTH POLITICAL ACTION COMMITTEE,≤100
169440273093442,The Center for Election Science,The Center for Election Science,≤100
350784278974539,Turning Point Action,Turning Point Action,≤100
1014486318584089,Armed American Supply,Armed American Supply,≤100
107541160750727,American Money Talk,These ads ran without a disclaimer,≤100
162493793737,Rick Green,Richard Arlin Green,≤100
113157907700,National League of Cities,National League of Cities,≤100
105698674239617,Embed News,Embed News,≤100
1682876188698809,United for Respect,United for Respect,≤100
9739634228,The Political Machine,"Hitcents.com, Inc",≤100
931907200310657,Patients Rising Now,Patients Rising Now Inc,≤100
112334757233941,Right to Telehealth,Jeremy Joseph Schaller,≤100
111702860231554,Matt Lieberman,Matt Lieberman for Senate,≤100
306591716448427,Cindy Axne,CINDY AXNE FOR CONGRESS,≤100
291102898490822,Giant Maga Hat,Inventors club LLC,≤100
7148723514,Sundance Film Festival,SUNDANCE INSTITUTE,≤100
112164673854264,Living Patriotically,Living Patriotically,≤100
130945114804,World Jewish Congress,WORLD JEWISH CONGRESS AMERICAN SECTION INC,≤100
1268410219898273,Tango Tango,Tango Tango Inc,≤100
262905633727,Los Angeles Mission,"Los Angeles Mission, Inc.",≤100
102499901286348,Bold Vision P.C.,Bold Vision PC,≤100
114822686979118,Daily Saver,Smart Market Tips,≤100
137459917707,The Brookings Institution,The Brookings Institution,≤100
137746666253194,Ann Kirkpatrick,KIRKPATRICK FOR CONGRESS,≤100
384557995468219,Viral Casez,Viral Casez,≤100
872842866161157,One Nation Design,One Nation Design,≤100
156994304362574,American Bridge 21st Century,AB PAC,≤100
112552187080266,Protecting Every Future,American Council of Life Insurers,≤100
108296990863730,Hero Action Fund,Hero Action Fund,≤100
338930493362833,Neomi Martinez-Parra for NM State Senate District 35,Committee to Elect Neomi for NM Senate,≤100
5633824547,FreedomWorks,"FREEDOMWORKS, INC.",≤100
109966290494892,Wagoner Law Firm,Nicholas Jordan Wagoner,≤100
1613289982270065,Choose Courage Foundation,Choose Courage Foundation,≤100
1947525322184514,One Fair Wage,One Fair Wage,≤100
101011374703725,Dr. William Figlesthaler,WILLIAM FIGLESTHALER FOR CONGRESS,≤100
217976018236954,OutKick,Outkick Media LLC,≤100
1447994318779650,AirMedCare Network,AIrMedCare Network,≤100
35715544220,Stand.earth,STAND,≤100
646594582623475,Republican Nations,wowengraving,≤100
202531447982,Jimmy Chin,Protect Our Winters,≤100
34701792581,EWTN,Eternal Word Television Network,≤100
281884085611820,Tedra Cobb,COMMITTEE TO ELECT TEDRA COBB,≤100
192771954102960,Jordan Sekulow,American Center for Law and Justice,≤100
103934071014071,Fire Drill Fridays,"GREENPEACE, INC.",≤100
761026730951792,Lori Lightfoot,Lightfoot for Chicago,≤100
525171637666780,Sandy Piña California Delegate,RCR,≤100
8057376739,The Nature Conservancy,Nature Conservancy,≤100
408250066356,Bill O'Reilly,"Bill Me, Inc.",≤100
248181906078243,National Institute for Civil Discourse,CommonSense American,≤100
201956993160690,MRCTV,MEDIA RESEARCH CENTER,≤100
28510612138,Uncommon Knowledge,Hoover Institution,≤100
607626319739286,Black Voices for Trump,TRUMP MAKE AMERICA GREAT AGAIN COMMITTEE,≤100
110539874028392,Hear Our Voice Store,These ads ran without a disclaimer,≤100
243510442756370,Justice Democrats,JUSTICE DEMOCRATS PAC,≤100
1628684420678885,Eddy County,Social Media Manager,≤100
369325156488153,Ubuntu Life,These ads ran without a disclaimer,≤100
551158678560402,Epimonia,Epimonia LLC,≤100
113310617054164,Trump Baseball Bats,Trump Baseball Bats,≤100
181183059253295,Dorsal Bracelets,Dorsal Bracelets,≤100
101525774999212,BLM,Bryan Daley,≤100
105481140904672,Core Prestige,Core Prestige,≤100
114386721939978,The Made in America Store,Made In America Store,≤100
105370081104608,Veterans for Trump,TRUMP MAKE AMERICA GREAT AGAIN COMMITTEE,≤100
651280068826683,A Great New Day,Trevor Barribeau,≤100
134597023235240,Rashida Tlaib,THE SQUAD VICTORY FUND,≤100
6165653060,AFSCME,AMERICAN FEDERATION OF STATE COUNTY & MUNICIPAL EMPLOYEES,≤100
101485404914361,Bad News Wares,Bad News Wares,≤100
128167457221813,Public Transportation,Voices for Public Transit,≤100
8550121410,Free Speech America Project,MEDIA RESEARCH CENTER,≤100
1642386799323957,Angie Craig,ANGIE CRAIG FOR CONGRESS,≤100
44255328352,Farm Forward,Farm Forward,≤100
614134231980299,Veterans Empowered To Protect African Wildlife,VETPAW INC,≤100
79125112926,Students for Life of America,"STUDENTS FOR LIFE OF AMERICA, INC.",≤100
1439364926329185,Animal Matters,Animal Matters,≤100
60261764250,Childhelp,"CHILDHELP, INC.",≤100
402969533432277,Cisneros for Congress,CISNEROS FOR CONGRESS,≤100
278487153675,Redneck Nation Clothing,Tracie Milliron Gold,≤100
979720542211350,Humanize Being Black,Keyshun Quantarious Holmes,≤100
107698564046392,Lauren Boebert for Congress,LAUREN BOEBERT FOR CONGRESS,≤100
537534316395916,Students for Trump,Turning Point Action,≤100
142474049098533,Robert Reich,Inequality Media,≤100
278052172260101,ZERO TO THREE,ZERO TO THREE,≤100
747783932079184,Jared Golden,COMMITTEE TO ELECT JARED GOLDEN,≤100
592347634460462,Partnership for America's Health Care Future,Partnership for America's Health Care Future,≤100
113266897143669,Stand To Defend,Korie Lynn Padgett,≤100
1556932204325823,ProgressPop,ProgressPop,≤100
110018833813683,Flip the Senate,SMP,≤100
242679302418244,Denison Forum,Denison Ministries,≤100
100506848295759,Made to Fail,Made To Fail,≤100
789546641178807,Brand New Congress,Brand New Congress,≤100
211596438980002,Ampersand Consulting,Ampersand Consulting,≤100
7219151423,The Fund for American Studies (TFAS),The Fund for American Studies,≤100
655065784538368,PredictIt,"PredictIt - Prediction Markets. A project of Victoria University of Wellington, PredictIt has been established to facilitate research into the way markets forecast events.",≤100
21395843375,Dialysis Patient Citizens,DIALYSIS PATIENT CITIZENS INC,≤100
39432041915,Capital Research Center,CAPITAL RESEARCH CENTER INC,≤100
103877744493195,Briit Botanicals,Briit Botanicals,≤100
54787697857,Ron Wyden,WYDEN FOR SENATE,≤100
1708467695859543,Veteran Transition Mission,Sonia Ivelisse Barriera Ayala,≤100
110502340695786,360 Collective,360 Collective,≤100
289213691238937,Thrasher Coffee,Thrasher Coffee Co.,≤100
324119001078997,"Sanford Heisler Sharp, LLP","Sanford Heisler Sharp, LLP",≤100
1612726335627171,We the Internet TV,We the Internet TV,≤100
102527004893192,The National Standard,Howard Stephan Barbanel,≤100
102775471115156,Armendariz for El Paso,IRENE ARMENDARIZ-JACKSON FOR CONGRESS,≤100
530053250503201,Soul 2 Soul Sisters,Soul 2 Soul Sisters,≤100
344690446467832,The Copper Courier,"Courier Newsroom, Inc.",≤100
107674817503447,STEEL X DECOR USA,These ads ran without a disclaimer,≤100
309094279104553,Twelve Books,"Hachette Book Group, Inc.",≤100
339432396135584,The Exodus Road,EXODUS ROAD INC,≤100
135997359926517,SSDC Services,Jefery James Wenzel,≤100
1145019702185006,Alliance for Safety and Justice,Alliance for Safety and Justice,≤100
362628781134387,Medicines360,"JONES PUBLIC AFFAIRS, INC.",≤100
300774350436838,Topplr,Data Genomix,≤100
374848446414965,Pollking,Benjamin Aaron Perlman,≤100
1945837408977507,Michael Moates,-MICHAEL STEVEN MOATES,≤100
143173285763,Tenth Amendment Center,Tenth Amendment Center,≤100
104784143701,Al Lawson for Congress,AL LAWSON FOR CONGRESS,≤100
2410084349217985,Living Facts,These ads ran without a disclaimer,≤100
299295363912730,New Politics Leadership Academy,New Politics Leadership Academy,≤100
451224838781405,Patriot Baby,Eric Todd Hunter,≤100
49275915266,Marie Stopes International,MSI-US,≤100
56332452163,AMA Patients Action Network,American Medical Association,≤100
108090464296366,Republican Patriots,I Love My Freedom,≤100
455051657910840,Piper Perabo,COLLECTIVE IMPACT PAC,≤100
169710960125365,Curzio Research,Curzio Research Inc.,≤100
2144413402256029,"UAP, Inc - United American Patriots",United American Patriots Inc,≤100
114230073701403,Jetbound Dogs,Miguel Agustin Turk,≤100
155443277896065,Dane Eagle,Dane Eagle For Congress,≤100
102478528086004,Reading On the Left,St. Martin's Press,≤100
355913551109735,The Andrew Goodman Foundation,The Andrew Goodman Foundation,≤100
431781483507232,Keep Katherine Fernandez Rundle State Attorney,"Katherine Fernandez Rundle, Democrat, for State Attorney",≤100
1678492922390061,WorkingNation,WorkingNation,≤100
117513180002579,John Shallman,Target Marketing Digital,≤100
38897314734,The Trust for Public Land,"TRUST FOR PUBLIC LAND, THE",≤100
90498769709,Edenpure,EdenPURE®,≤100
1557722217817482,Texans For Vaccine Choice,TEXANS FOR VACCINE CHOICE,≤100
315151565831,Ascension,Ascension Press,≤100
46508415624,Scott Taylor,Scott Taylor for Congress 2020,≤100
412739549455010,Karena Reiter,PrimaDonna Reeds,≤100
142432192446984,David Horowitz Freedom Center,David Horowitz Freedom Center,≤100
111248197347176,Protect & Serve PAC,PROTECT AND SERVE PAC,≤100
114870373629291,Fathers & Mothers Rights Movement,These ads ran without a disclaimer,≤100
151944694884237,"Solidarity Strategies, LLC",Solidarity Strategies,≤100
263210730984251,We Are Great Again Pac,WE ARE GREAT AGAIN PAC,≤100
101352851565699,Somos PAC,SOMOS PAC,≤100
2070944712939738,American Police Officers Alliance,American Police Officers Alliance,≤100
1852520761657982,4ocean,4ocean,≤100
101481584557260,Help Asheville Bears-HAB,Heather Christina Williams,≤100
118303441570966,Home Ownership Matters,NATIONAL ASSOCIATION OF REALTORS,≤100
243399129090445,Christina Hale,HOOSIERS FOR HALE,≤100
309993142375589,Joe Kennedy III,KENNEDY FOR MASSACHUSETTS,≤100
103376804451432,Trending Politics,Making Web LLC,≤100
103966331128460,Trump Train 2020 Campaign Tour,The Trump Train,≤100
106506412706088,Belk,These ads ran without a disclaimer,≤100
72565633140,Soles4Souls,"SOLES4SOULS, INC.",≤100
100696924867495,George Mitris For Congress,GEORGE MITRIS FOR CONGRESS,≤100
1234251319933440,Exclusive Apparel,The Dude's Threads,≤100
1789651861157958,Values To Action,Values to Action,≤100
1166660030079480,National Democratic Redistricting Committee,National Democratic Redistricting Committee,≤100
53541257714,The Arc of the United States,"ARC OF THE UNITED STATES, INC., THE",≤100
100518961493520,Jennie Taylor for Sandoval County Treasurer,Jennifer Ann Taylor,≤100
422202764649078,Rhode Island Department of Education - RIDE,Rhode Island Department of Education,≤100
394817334402124,2020 Trump Bill,Innovative Ecomm LLC,≤100
1084856268238034,Trump Talking,Roberto None Lugo,≤100
17023576156,The Leadership Conference on Civil and Human Rights,The Leadership Conference on Civil and Human Rights,≤100
1931043200442022,Welsely.com,These ads ran without a disclaimer,≤100
206052849902620,Intermountain Immigration,"Intermountain Immigration, LLC",≤100
357484764271265,Dustin Stockton,Dustin Alan Stockton,≤100
12683623041,Society for Human Resource Management (SHRM),SOCIETY FOR HUMAN RESOURCE MANAGEMENT,≤100
141901795868393,Alaska Democrats,ALASKA DEMOCRATIC PARTY,≤100
118178241651488,DSPolitical,"DSPolitical, LLC",≤100
53674651369,Susan B. Anthony List,Susan B. Anthony List,≤100
107665644228467,Conservative Journal Review,Conservative Journal Review LLC,≤100
96491683438,"The Friends of Israel Gospel Ministry, Inc.","FRIENDS OF ISRAEL GOSPEL MINISTRY, INC, THE",≤100
182620315479,Plan International USA,Plan International USA,≤100
657708380952174,Voices of the Civil Rights Movement,Comcast,≤100
2417346194990675,GCRMC Careers - Alamogordo NM,Rollis None Fontenot,≤100
114885646899438,Mr. 45th,Clush,≤100
120011306310420,Patriots Helping Others,Jae W Seo,≤100
186932688457686,CHNGE,CHNGE,≤100
312297922732239,Transform Education NM,Fable Communications,≤100
1397799040234106,OpinionUP,OpinionUP LLC,≤100
1905515863109983,Power In Cooperation,Power in Cooperation,≤100
113101946718691,Clovis Watson Jr. for Sheriff,Clovis Watson Jr. for Alachua County Sheriff,≤100
313097997669,StreetLightUSA,StreetLightUSA,≤100
541807025833154,Malala Fund,Malala Fund,≤100
127216280686110,Ann Wagner,Ann Wagner for Congress,≤100
221890358218748,Til Valhalla Project,Til Valhalla Project,≤100
391872261636792,2020unity,"ForFact LLC, DBA 2020unity",≤100
967963643300497,State Representative Daymon Ely,Daymon Ely For State Representative,≤100
2146201085498440,Tony Gonzales,Tony Gonzales for Congress,≤100
205795426669644,Facts and Logic about the Middle East,Facts and Logic About the Middle East,≤100
100685395080816,The Hate Hate Brand,Hate Hate Brand,≤100
350692761610088,Matt Cartwright for U.S. Congress,CARTWRIGHT FOR CONGRESS,≤100
1438882392887793,ADF Church Alliance,Alliance Defending Freedom,≤100
49059279814,Institute for Justice,INSTITUTE FOR JUSTICE,≤100
78420171887,Sailors for the Sea,SAILORS FOR THE SEAINC,≤100
44340057816,Uncommon Goods,UncommonGoods,≤100
87777747127,Greg Palast,Palast Investigative Fund,≤100
455147011996099,The Ann and Phelim Scoop,The Unreported Story Society,≤100
143729616392084,Van Drew for Congress,Van Drew for Congress,≤100
114937555342547,Seth Abramson,Macmillan Publishing,≤100
1802177709900081,The Spectator US,The Spectator US,≤100
1191336950894416,City of Carlsbad NM Government,Social Media Manager,≤100
100318944827269,Amy Kennedy,AMY KENNEDY FOR CONGRESS,≤100
104910457974220,Pupper Enthusiasts Unlimited,Seanross Michael Holcomb,≤100
100123544800892,Disme Coin Company,Byron Michael Laughlin,≤100
1050474972008396,Bryan Berghoef for Congress,BRYAN BERGHOEF FOR CONGRESS,≤100
1311291038982513,2A Gear,Teecreations LLC,≤100
529154000442477,America Rising,AMERICARISINGPAC.ORG,≤100
107937014153581,Energized Health,John Jubilee Transformation LLC DBA Energized Health,≤100
102970113093477,Church Militant/St. Michael’s Media,Max Aldcander Douglas,≤100
1747132688647028,Democratic Association of Secretaries of State,Democratic Association of Secretaries of State,≤100
501845673996592,Patriotic Helping Hands,Jae W Seo,≤100
475456956305422,All Voting Is Local,The Leadership Conference on Civil and Human Rights,≤100
59254639983,Boston Medical Center,BOSTON MEDICAL CENTER,≤100
103983379801,Texas Democratic Party,Texas Democratic Party,≤100
101209614956892,Take A Stand,Andrew Joseph Young,≤100
657343731290262,American Freedom Fighter,American Freedom Fighter,≤100
19972147679,SEIU,SEIU,≤100
122894447754361,Institute for New Economic Thinking,"INSTITUTE FOR NEW ECONOMIC THINKING, THE",≤100
65164129111,AARP California,AARP,≤100
107199049318619,Friends of Derek Kilmer,PEOPLE FOR DEREK KILMER,≤100
77459136187,Gavin Rollins,GAVIN ROLLINS FOR CONGRESS,≤100
100771751748121,Fashion trends,These ads ran without a disclaimer,≤100
566008736785269,Be Heard Project,Be Heard Project,≤100
145856919176812,BridgeTower Media,BridgeTower Media,≤100
219870771412213,Raquel Regalado,Raquel Regalado Campaign,≤100
36999871079,Survivors of the Abortion Holocaust,Survivors,≤100
121033149320,American Indian College Fund,"AMERICAN INDIAN COLLEGE FUND, THE",≤100
100401327980848,National Parents Union,National Parents Union,≤100
638492549896672,Liberal Humans,Liberal Humans,≤100
1809715209318581,Marjorie Taylor Greene for Congress,GREENE FOR CONGRESS,≤100
123965317665623,N-Hance Wood Refinishing,N-Hance Inc.,≤100
1764185850558806,Apex Clean Energy,Apex Clean Energy,≤100
125319303823,Champlain College,Champlain College Incorporated,≤100
106245384043438,Tims For Congress,FRIENDS OF DESIREE TIMS,≤100
1425435377743310,Conversations with Bill Kristol,The Foundation for Constitutional Government,≤100
344346245749372,Shore Trendz,RHW.COM LLC/DBA Shore Trendz,≤100
107439427661844,Accountable Tech,Accountable Tech,≤100
116163865148186,Boston Globe Opinion,These ads ran without a disclaimer,≤100
77790954801,Salesian Missions,Salesian Missions,≤100
682990071843813,Center for the Study of Liberty,Center for the Study of Liberty,≤100
17801244148,Jill Schupp,SCHUPP FOR CONGRESS,≤100
36474716066,Color Of Change,ColorofChange.org,≤100
475456956305422,All Voting Is Local,Leadership Conference Education Fund,≤100
1272534336242476,World101,Council on Foreign Relations,≤100
6851405967,CREDO Mobile,"CREDO MOBILE, INC.",≤100
673117639774135,Gretchen Whitmer,Gretchen Whitmer for Governor,≤100
1640970822834351,Plaine Products,Plaine Products,≤100
109320440856128,Together Beat Hate,"Foundation to Combat Anti-Semitism, Inc.",≤100
115761269812805,Jeff Hinkle,Jeff Hinkle Campaign,≤100
672213539861652,John Anthony Castro,John Anthony Castro,≤100
108433238844,Cweb,CWEB Inc.,≤100
18983389920,Open Society Foundations,Open Society Foundations,≤100
484112108637869,Celeste Williams for Arkansas,CAMPAIGN TO ELECT CELESTE WILLIAMS,≤100
313723095478950,The Daily Citizen,Focus on the Family,≤100
105561217523274,The_Dispatch,"Dispatch Media, Inc.",≤100
151577215422581,Zioness Movement,"Zioness Movement, Inc.",≤100
661744180680367,National Police Association,"NATIONAL POLICE ASSOCIATION, INC.",≤100
417542331752173,Message,Timothy Bruce Dannunzio,≤100
1003562459729504,Transportation Nation Network,Transportation Nation Network,≤100
1545826148838592,Trump 2020,Gregory Lawrence Burright,≤100
106634791143036,Vote William Schofield Florence County Council District 8,Citizens For William Schofield,≤100
157307331013957,The History List,The History List,≤100
950998258312654,Knowhere,"Knowhere, Inc.",≤100
215199482635728,Alek Skarlatos,ALEK FOR OREGON,≤100
101312791652138,Secular Democrats of America,SECULAR DEMOCRATS OF AMERICA PAC,≤100
420424547981908,In Search of Liberty,Scott Dennis Welch,≤100
1399736660066130,Jews for a Secular Democracy,Society for Humanistic Judaism,≤100
1578219995632719,Billie Helean for NM House District 57,Campaign To Elect Billie Helean,≤100
304062610300415,VozWire,Gregson E Mathe,≤100
317894938412949,Suntory,Suntory Holdings Limited,≤100
810122486032496,Jackie Gordon,JACKIE GORDON FOR CONGRESS,≤100
24014374813,Christians United for Israel (CUFI),Christians United for Israel,≤100
90022052772,Williams,"WILLIAMS COMPANIES, INC., THE",≤100
101366834743111,Staunch Moderates,Gregory Todd Simmons,≤100
103806957816376,Kat Cammack,KAT FOR CONGRESS,≤100
102187274930653,E For Entertainment,These ads ran without a disclaimer,≤100
294196590710262,FWD.us,FWD.us,≤100
124530924015,Hank Gilbert,HANK GILBERT FOR CONGRESS,≤100
583715925012376,Mayor Trent Staggs,Staggs for Mayor,≤100
104313831123464,Abram Loeb 4 US President 2020. Make America Love Again,Abram S Loeb,≤100
283579345059,Environment911,These ads ran without a disclaimer,≤100
265045056894488,Mark Meckler,Convention of States Action,≤100
531623043662146,Flags of Valor,Flags of Valor,≤100
1228396643984955,Michelle Steel,Michelle Steel for Congress,≤100
103294664769776,David Parker for Congress,VOTE PARKER,≤100
705966096110138,Luke Nelson,Protect Our Winters,≤100
312657362217994,Women's Heart Alliance,Women's Heart Alliance,≤100
100382285111120,American Bells,Grant Alan Johnston,≤100
518194348194441,RepresentUs,RepresentUs,≤100
7642602143,Mother Jones,FOUNDATION FOR NATIONAL PROGRESS,≤100
1082522201878539,Gina Ortiz Jones for Congress,GINA ORTIZ JONES FOR CONGRESS,≤100
416626301795772,The Domino Principle,The Domino Principle,≤100
53727956260,Republican Jewish Coalition,Republican Jewish Coalition,≤100
77903485992,Concerned Women For America LAC,CONCERNED WOMAN FOR AMERICA LEGISLATIVE ACTION COMMITTEE,≤100
121626482110,Operation Smile,"OPERATION SMILE, INC.",≤100
160630887998827,Let Them Live,Let Them Live,≤100
103826374760579,Gorillacrazy,Jeffrey Allen Callejo,≤100
1194865807192273,Conservative Gear,Outergoods LLC,≤100
100690044889271,Monique Worrell for State Attorney,Monique Worrell For State Attorney,≤100
408252582872693,Daniella Levine Cava,"Daniella Levine Cava, Non-Partisan, for Miami-Dade County Mayor",≤100
108152933883451,TrumpTrendz,Troy Lorenzo Davis,≤100
107638384248580,Our America,Bryant Wayne Young,≤100
2165983337048601,LeverforChange,Lever for Change,≤100
167968013767335,Julie Oliver,JULIE OLIVER FOR CONGRESS,≤100
32582320449,CMMB,CATHOLIC MEDICAL MISSION BOARD INC,≤100
150322194563,PASA Primates: Pan African Sanctuary Alliance,PAN AFRICAN SANCTUARIES ALLIANCE,≤100
103929304678916,Voter Action Project,Integrity First Voter Action Project,≤100
47710973068,Cooperative Action Network,National Rural Electric Cooperatives Association,≤100
194115677277113,A21,A21 with Facebook Ad Credits,≤100
102756811269921,Fellow Americans,Fellow Americans,≤100
51533142540,Public Advocate of the U.S.,PUBLIC ADVOCATE OF THE US,≤100
17475614410,Hispanic Federation,Hispanic Federation,≤100
392403244214360,"Grace Farms, CT","Grace Farms Foundation, Inc.",≤100
25121889784,Texas Public Policy Foundation,Texas Public Policy Foundation,≤100
109709397469494,Dignity Unbound,Dignity Unbound,≤100
455595357859098,Richard DeNapoli,Richard DeNapoli for Broward Republican State Committeeman,≤100
102137374563260,Confide in American Pride,John Allen Franson,≤100
168452723312821,Chisholm Chisholm & Kilpatrick LTD,Chisholm Chisholm & Kilpatrick LTD,≤100
107953199261156,ifaw,"INTERNATIONAL FUND FOR ANIMAL WELFARE, INC.",≤100
105835711208027,The Progressive List,THE PROGRESSIVE LIST,≤100
579300342209417,Oliver Gilbert,"Oliver Gilbert, Non-Partisan, for Miami-Dade County Commission Dist 1",≤100
130434487619538,Shireen Ghorbani,Shireen Ghorbani for Salt Lake County Council At-Large,≤100
653446288035243,Edward B. Goehring,Edward B. Goehring,≤100
514167322309353,Dan Crenshaw,Crenshaw For Congress,≤100
79820371749,Ayanna Pressley,THE SQUAD VICTORY FUND,≤100
577308239618384,Happy Patriots,Lambert Chan,≤100
161356730701227,Amanda Stuck,Amanda Stuck for Congress,≤100
9316648525,The Chicago School of Professional Psychology,TCS Education System,≤100
32975139631,If Americans Knew,If Americans Knew,≤100
469609533112889,iDisciple,iDisciple,≤100
907919839243616,My Faith Votes,My Faith Votes,≤100
38895197117,EdChoice,"EDCHOICE, INC.",≤100
234628203317767,Made for Freedom,Made for Freedom,≤100
999775873528189,Stopping Socialism,The Heartland Institute,≤100
327202261326682,Stephanie Bice,Bice for Congress,≤100
505653766599222,America First with Dr. Sebastian Gorka,Salem Media,≤100
112488757165613,Blue Line Stockpile,Blueline Stockpile,≤100
129523843754764,Vote Smart,PROJECT VOTE SMART,≤100
123963360928,SiriusXM,SIRIUS XM RADIO INC.,≤100
108650400954148,Stopping Socialism TV,The Heartland Institute,≤100
302182941354,AARP Advocates,AARP,≤100
1224429014390746,Catalysts,Freethink,≤100
138141366212571,Gravis Marketing,GRAVIS MARKETING INC.,≤100
113398717117686,Beach Dogs Ltd.,Christopher James Lamos,≤100
341240953385902,Force Of Nature Meats,Force of Nature,≤100
405355946226766,Todd Young,"FRIENDS OF TODD YOUNG, INC.",≤100
290851614930809,Combat AntiSemitism,Combat Anti-Semitism,≤100
1192579580831773,Supermajority News,Supermajority,≤100
680549575421741,UnitedVoice.com,"Beachside Media, Inc.",≤100
308159713150350,Voter Protection Project,VOTER PROTECTION PROJECT,≤100
1683659714985244,Phil Ehr,EHR FOR CONGRESS,≤100
129181937109516,CFT - California Federation of Teachers,CALIFORNIA FEDERATION OF TEACHERS,≤100
8936818385,Accuracy in Media,"ACCURACY IN MEDIA, INC",≤100
174777196873,Republican Party of New Mexico,REPUBLICAN CAMPAIGN COMMITTEE OF NEW MEXICO,≤100
434224137354568,Dr. Rich McCormick for Congress,Friends of McCormick,≤100
107624487697615,Ian Richards for Judge,"Committee to Elect Ian Richards, nonpartisan for Circuit Court Judge Group 30",≤100
203330919857759,All On The Line,National Redistricting Action Fund,≤100
9694956217,Animal Legal Defense Fund,ANIMAL LEGAL DEFENSE FUND,≤100
101208514791301,Daniel Turner,Power The Future Inc,≤100
159597424207730,David Perdue,PERDUE FOR SENATE,≤100
102747281355975,This Is Our Democracy,Center for Popular Democracy Action,≤100
182723117043,Chicago Council on Global Affairs,"CHICAGO COUNCIL ON GLOBAL AFFAIRS, THE",≤100
372353822835252,Planned Parenthood of Greater Texas,Planned Parenthood of Greater Texas,≤100
102579318191600,No Justice No Peace,NO JUSTICE NO PEACE PAC,≤100
106214314072999,"Brody Mulligan for State Representative, House District 92",Brody Andrew Mulligan,≤100
48530203934,The American Alpine Club,"AMERICAN ALPINE CLUB, THE",≤100
180230069923,American Life League,American Life League,≤100
576705655712575,Jason Williams,Run with Jason,≤100
458142697588014,AARP Public Policy Institute,AARP,≤100
2049170775107862,Resistance By Design,Resistance By Design,≤100
292351509697,Jerusalem Prayer Team,Jerusalem Prayer Team,≤100
80060992758,Center for Food Safety,"CENTER FOR FOOD SAFETY, THE",≤100
279890513018,Islamic Networks Group - ING,"ISLAMIC NETWORKS, INC.",≤100
346937065399354,Occupy Democrats,Omar Rivero,≤100
751679868274074,Hope for Students,THE EXPECTATIONS PROJECT INC,≤100
171287339973880,LCV Victory Fund,"LCV Victory Fund, 202-785-8683, and not authorized by any candidate or candidate’s committee",≤100
217569858071,Areva Martin,Areva Denise Martin,≤100
67011831040,Canon Press,Canon Press,≤100
103682110993833,Arctic Refuge Defense Campaign,Alaska Wilderness League,≤100
102846434825096,Beat Abbott,Beat Abbott PAC,≤100
153309775026,SnapStream,SnapStream Media,≤100
107248944146204,Carlos Gimenez for Congress,Carlos Gimenez for Congress,≤100
225612270801893,CrossBreed Holsters,These ads ran without a disclaimer,≤100
333081284065216,Brynne Kennedy for Congress,BRYNNE KENNEDY FOR CONGRESS,≤100
12503116997,Dennis Prager,Salem Media,≤100
158505287559920,Save the Storks,Save the Storks,≤100
101459098271864,Vets United,Jae W Seo,≤100
100697751658498,Stronger.org,The Public Good Projects,≤100
282728185140429,Rep For Vets,The Rep For Vets,≤100
873550809444862,Mighty Earth,Mighty Earth,≤100
1400371370253041,Eagan Immigration,Eagan Immigration,≤100
228229007697380,Down Home North Carolina,Down Home North Carolina IE PAC,≤100
1028908663935923,Americans for Fair Treatment,Americans For Fair Treatment,≤100
2133130356918764,Common Justice,COMMON JUSTICE INC,≤100
416913748508616,We Welcome Refugees,We Welcome Refugees,≤100
107654244332660,Back BLM,Back BLM,≤100
97466887664,Innocence Project,"INNOCENCE PROJECT, INC., THE",≤100
104514724401859,Kovack for Commissioner,Michael Stephen Kovack,≤100
19474609238,Mercatus Center at George Mason University,Mercatus Center at George Mason University,≤100
336470580233523,Pins and Aces Golf Co.,US Craft Brands LLC,≤100
200942160011736,"A Woman's Haven, Inc.",A WOMAN'S HAVEN,≤100
348839551906904,Democracy in Color,POWERPAC DOT ORG,≤100
740266592735787,Free to Be Kids,Free To Be Kids,≤100
140527019358724,CORKCICLE,These ads ran without a disclaimer,≤100
183113263420,Loyal Source,LOYAL SOURCE GOVERNMENT SERVICES LLC,≤100
819607471729183,Dr. Al Gross for US Senate,DR. AL GROSS FOR U.S. SENATE,≤100
113676922032321,Larry Elder,Salem Media,≤100
547813041906277,Hobbs Hispano Chamber of Commerce,Jessica Olivas,≤100
711909245654048,National Police Support Fund,National Police Support Fund,≤100
102964924453030,Kristy Gnibus,KRISTY FOR CONGRESS,≤100
98912141410,American Forests,American Forests,≤100
339381156136315,"Richard Lunt, Greenlee County Supervisor",Colleen Merrell Lunt,≤100
111495005590988,Pattern,Pattern Energy,≤100
149366465128820,Nicole Galloway,Nicole Galloway for Missouri,≤100
253791814655400,Doug Collins,"COLLINS FOR SENATE, INC.",≤100
2259323457517498,Abolish the Electoral College,ABOLISH THE ELECTORAL COLLEGE,≤100
215597072336005,Vote Cynthia Smith,Cynthia Darlene Smith,≤100
57495285387,Michael Bennet,BENNET FOR AMERICA,≤100
272618896537776,America First Agenda,America First Agenda PAC,≤100
353278701911,YWCA El Paso Del Norte Region,YOUNG WOMEN'S CHRISTIAN ASSOCIATION EL PASO DEL NORTE REGION,≤100
38234604057,PEN America,PEN AMERICAN CENTER INC,≤100
167473433290992,Inequality.org,Institute for Policy Studies,≤100
1476342155924546,Big Rig Threads,Big Rig T-Shirts and Decals LLC,≤100
192448150001,Jeff Anderson & Associates,Jeffrey R Anderson PA,≤100
1632568446971453,Boredwalk,Boredwalk,≤100
612701059241880,Latinos for Trump,TRUMP MAKE AMERICA GREAT AGAIN COMMITTEE,≤100
110280253735683,Alexandria Ocasio-Cortez Fan Club,Imran M Jemal,≤100
173470656019870,The Daily Yonder,Great Stories LLC,≤100
18017481462,Acton Institute,Acton Institute,≤100
101164484986617,To Be Frank Show,Real News PR,≤100
124626320898336,Catholic Extension,"CATHOLIC CHURCH EXTENSION SOCIETY OF THE UNITED STATES OF AMERICA, THE",≤100
110248053643403,Vote For Gabe,Vote For Gabe,≤100
216311481960,Bill Gates,Bill Gates,≤100
23489729942,Mike Gallagher,Salem Media,≤100
143195412381888,"Georgia Gun Owners, Inc.",Georgia Gun Owners,≤100
601472019907779,Latino Victory,Latino Victory,≤100