﻿Page ID,Page Name,Disclaimer,Amount Spent (USD)
819607471729183,Dr. Al Gross for US Senate,DR. AL GROSS FOR U.S. SENATE,2039
308506536540046,Alaskans for Better Elections,Alaskans for Better Elections,1781
612571656066572,Council on Good Government,Council on Good Government,1283
106991060749369,OneALASKA,OneAlaska,1236
7860876103,Joe Biden,BIDEN VICTORY FUND,1194
153080620724,Donald J. Trump,TRUMP MAKE AMERICA GREAT AGAIN COMMITTEE,918
282204825992162,Defend Bristol Bay,Defend Bristol Bay,678
108854430811842,Stop Pebble Mine,Stop Pebble Mine,582
1771156219840594,Team Trump,TRUMP MAKE AMERICA GREAT AGAIN COMMITTEE,544
201248453800242,My Pay My Say,Mackinac Center for Public Policy,501
953469371466566,Alaska Conservative Leadership,David Clark Eastman Jr.,490
6726182861,Mike Pence,TRUMP MAKE AMERICA GREAT AGAIN COMMITTEE,443
1905515863109983,Power In Cooperation,Power in Cooperation,355
376250065793807,Citizens for Responsible Energy Solutions,Citizens for Responsible Energy Solutions,351
133012286771509,Alaska Family Action,ALASKA FAMILY ACTION INC,323
392359454154322,John Coghill,Committee to Elect John Coghill,315
108824017345866,Facebook,"Facebook, Inc.",279
961086884045862,State Senator Mike Shower,The Office of Senator Mike Shower,263
20787991568,Senate Democrats,DSCC,241
259130650776119,Mitch McConnell,MCCONNELL SENATE COMMITTEE,234
351193978049,Alaskans Together For Equality,Alaskans Together For Equality,233
156968474833352,Stop Republicans,Stop Republicans,222
1155212867963791,AFP Action,"AMERICANS FOR PROSPERITY ACTION, INC.(AFP ACTION)",221
373600379832804,Janice Park for Alaska,Janice For Alaska,198
160672827285727,Alaska Right to Life,Patrick Scott Martin,187
116383023086718,"Natasha von Imhof for Alaska State Senate, District L",Natasha von Imhof for State Senate,181
106213237630889,Jesse Sumner for State House,Sumner For Alaska,169
151757038879920,Alyse Galvin for Congress 2020,ALYSE FOR ALASKA,164
698400060189827,Dan Sullivan,Alaskans for Sullivan,154
202626512363,U.S. Census Bureau,U.S. Census Bureau,139
100508961702210,LD Howard for State House District 9,Alaskans for LD,138
96935476345,Democratic Governors Association (DGA),Democratic Governors Association,137
505082913012317,Must Read Alaska,Must Read Alaska LLC,135
24330467048,Americans for Prosperity,AMERICANS FOR PROSPERITY,133
172758932738142,PhRMA,PHARMACEUTICAL RESEARCH AND MANUFACTURERS OF AMERICA,131
1615018905412860,Progressive Turnout Project,PROGRESSIVE TURNOUT PROJECT,125
127755494595870,Progressive Takeover,PROGRESSIVE TAKEOVER,122
791543660926838,"I'll go ahead and keep my guns, Thanks",2A4LIFE LLC,112
925007000949719,ExxonMobil,Exxon Mobil Corporation,105
141901795868393,Alaska Democrats,ALASKA DEMOCRATIC PARTY,103
2162483073873761,Alaska Counts,Alaska Counts,102
160606690696999,Lynn Gattis for House,Committee to Elect Lynn Gattis,≤100
231035737659762,Vote Josh Revak,Vote Josh Revak,≤100
1439829396312534,The Movement for Black Lives,Movement for Black Lives,≤100
734630396683601,Rep. David Eastman,Freedom-Loving Alaskans for David Eastman,≤100
2267285956849056,Donald Trump 2020 Fans,I Love My Freedom,≤100
103092094748381,Mel Gillis for State House,Mel Gillis for State House,≤100
114710126648118,Republican Dogs,Republican Dogs,≤100
215174275935127,Chris Cumings for U.S. Senate,COMMITTEE TO ELECT CHRIS CUMINGS FOR U.S. SENATOR,≤100
96935476345,Democratic Governors Association (DGA),DEMOCRATIC ACTION,≤100
150146095381144,Jennifer Johnston for State House,Vote Johnston,≤100
24413227922,Kamala Harris,BIDEN VICTORY FUND,≤100
113590873628543,Duplantis for Alaska,Stephen Joseph Duplantis,≤100
106727211138888,Elect Derek Dzinich for Assembly,Elect Derek Dzinich for Juneau Assembly,≤100
277005566267077,Blueland,Blueland,≤100
176789922364429,Steve Daines,STEVE DAINES FOR MONTANA,≤100
165987503528599,Lindsey Graham,"TEAM GRAHAM, INC.",≤100
245714155999429,Dr. Liz Snyder for Alaska,Liz Snyder for State House,≤100
9324910069,NRSC,NRSC,≤100
1520692664832232,Steve Thompson for State House,Steve Thompson for State House,≤100
101344661551391,Tom McKay for House District 24,Tom McKay State House 24,≤100
665345483483486,NRA - National Rifle Association of America,NATIONAL RIFLE ASSN OF AMERICA,≤100
104856814505092,The Kids Guide,The Kids Guide,≤100
802271849850801,Freedom for All Americans,Freedom for All Americans,≤100
226808487428191,Jeff Landfield for State Senate,Jeff Landfield for State Senate,≤100
1449461518652183,4Patriots,4Patriots LLC,≤100
830121337093232,National Democratic Training Committee,NATIONAL DEMOCRATIC TRAINING COMMITTEE PAC,≤100
127225910653607,PragerU,PragerU,≤100
1316372698453411,Alexandria Ocasio-Cortez,Alexandria Ocasio-Cortez for Congress,≤100
108462700747312,McCarty for State House District 13,McCarty for Alaska,≤100
106874944290008,Quist For House 1,Quist for House 1,≤100
1494279480805358,Don Young,ALASKANS FOR DON YOUNG,≤100
2162483073873761,Alaska Counts,Paid for by Alaska Counts - Foraker Group with Facebook Ad Credits,≤100
172460799476095,Re-Elect Senator Cathy Giessel,Re-Elect Senator Cathy Giessel for State Senate,≤100
860274440783584,Chuck Kopp for State House,Chuck Kopp For State House,≤100
294196590710262,FWD.us,FWD.us,≤100
328853823844484,Balance of Power,Balance of Power,≤100
2352630938293825,Mytacticalpromos,Entremax,≤100
109092142462587,Adam Schiff,SCHIFF FOR CONGRESS,≤100
430591143647722,Pebble Project Updates,Pebble Limited Partnership,≤100
163148530407080,Captain Mark Kelly,MARK KELLY FOR SENATE,≤100
102806281114082,Calvin For Alaska,Calvin For Alaska,≤100
112694470356789,Trumpcare For America,Stuart Joseph Millar,≤100
345504286342057,Keeping America Great Again,RightWingGear.com,≤100
2353537341582545,Proud Patriots,Proud Patriots,≤100
118502801658228,Young Kim,Young Kim for Congress,≤100
153080620724,Donald J. Trump,"DONALD J. TRUMP FOR PRESIDENT, INC.",≤100
168051710543266,Lacy Johnson,Lacy Johnson for Congress,≤100
101279451606075,Democratic Strategy Institute,Democratic Strategy Institute,≤100
737686089933715,Conservative Collections,Mainline Media Group,≤100
106921517726754,Dave Selle for State House - District 2,Dave Selle State House,≤100
164581740257684,The Alaska Support Industry Alliance,The Alaska Support Industry Alliance,≤100
103421774662243,Marna Sanford for Alaska,Marna Sanford for Alaska,≤100
105756057589080,The Lincoln Project,The Lincoln Project,≤100
85452072376,Newsmax,Newsmax Media,≤100
106094077803532,Our National Family,Patrick Le Tran,≤100
2330577043935831,Sara Gideon,SARA GIDEON FOR MAINE,≤100
129343996929,The Council of Smokers and Drinkers,Russell Eric Biggs,≤100
327837911149503,2A4Life,2A4LIFE LLC,≤100
114637973661405,Stedman For Senate,Stedman For Senate,≤100
314499212242,Pfizer,Pfizer Inc.,≤100
109381103998579,Nelson for State House-District 15,David Matthew Nelson,≤100
717115395103069,PrintedKicks,Printed Kicks,≤100
20531316728,Facebook App,"Facebook, Inc.",≤100
113891694102,Energy Citizens,AMERICAN PETROLEUM INSTITUTE,≤100
328072970642479,Jaime Harrison,JAIME HARRISON FOR US SENATE,≤100
103597604713894,Team Trump Store,TRUMP MAKE AMERICA GREAT AGAIN COMMITTEE,≤100
106244251043808,Reuse Plastics,"AMERICAN CHEMISTRY COUNCIL, INC.",≤100
235549116872263,Sara For State House,Sara Elizabeth Rasmussen,≤100
260366367717440,Committee to Protect Medicare,Committee to Protect Medicare PAC,≤100
102329548192435,James Baisden for Alaska State House District 30,James Cullen Baisden,≤100
108455397202490,Vote Kevin McCabe,Vote Kevin McCabe,≤100
158791100909689,Concerned Veterans for America,Concerned Veterans for America,≤100
92925746942,Judicial Watch,Judicial Watch,≤100
109379100777665,Patriotism Isn't Dead,Patriot Polling,≤100
5435784683,Greenpeace USA,"GREENPEACE, INC.",≤100
18982436812,ACLU,American Civil Liberties Union,≤100
100391581727524,Defeat By Tweet,DEFEAT BY TWEET,≤100
261251701066374,Connie for House,Connie Dougherty for House,≤100
102447628100658,Putting Alaskans First Committee,Putting Alaskans First Committee,≤100
1577980452527975,Permanent Fund Defenders,Permanent Fund Defenders,≤100
8934429638,Planned Parenthood Action,Planned Parenthood Action Fund,≤100
602714436529710,End Citizens United,END CITIZENS UNITED,≤100
8492293163,Environmental Defense Fund,Environmental Defense Fund,≤100
7292655492,MoveOn,MOVEON.ORG POLITICAL ACTION,≤100
312092263965,Gabrielle LeDoux for State House,Gabrielle LeDoux for State House,≤100
373814729643508,Let America Vote,LET AMERICA VOTE PAC,≤100
106945067713451,Evan Eads for State Senate,Evan Abraham Eads,≤100
21472760578,C-SPAN,C-SPAN,≤100
6204742571,Sierra Club,SIERRA CLUB,≤100
102745147891580,Trump Coolers,Eric Clifford Juels,≤100
100683301630987,Mike Cronk for State House,Mike Cronk State House 2020,≤100
228754857151053,House Majority PAC,House Majority PAC,≤100
481559282597914,TrumpersUnite,Respect The Look,≤100
203479353794440,Jackson for State House,Alaskans for Jackson,≤100
105732744375701,Steve Bullock,MONTANANS FOR BULLOCK,≤100
100199974864208,Christopher Kurka for House,Chris Kurka for House,≤100
393932827634250,Dissent Pins,Common Practice,≤100
95483488591,Democratic Party of Wisconsin,DEMOCRATIC PARTY OF WISCONSIN,≤100
102671331487937,I Love My Freedom Store,I Love My Freedom,≤100
100137754724934,Trump 2020 Supporters,Proud Right Winger,≤100
355316521236121,John Cornyn,TEXANS FOR SENATOR JOHN CORNYN INC.,≤100
81124177592,Planned Parenthood of the Great Northwest and the Hawaiian Islands,Planned Parenthood of the Great Northwest and Hawaiian Islands,≤100
8325302025,Friends of the Earth U.S.,Friends of the Earth,≤100
109686927464615,Adam Lees for State House,Adam for State House,≤100
111138233572293,Brandon Boylan for School Board,Brandon Boylan for School Board,≤100
105603007913993,Kenny Solomon-Gross for Assembly,Kenny Solomon-Gross for Assembly,≤100
277005566267077,Blueland,These ads ran without a disclaimer,≤100
747436915270894,Congressional Leadership Fund,CONGRESSIONAL LEADERSHIP FUND,≤100
100256754899828,Patriot's Cave,Patriots Cave,≤100
111428049989,Cal Cunningham,CAL FOR NC,≤100
105577974544303,The USA Needs More Patriots,AmeriPolling,≤100
132492254050920,American AF,AAF Nation,≤100
103654464668995,Home With Our Family,Alexander Chung,≤100
105577974544303,The USA Needs More Patriots,Anthony Alexander Morales,≤100
1061240530648502,Joe Collins,JOE COLLINS FOR CONGRESS,≤100
643463669628493,Public Opinion Research Group,"Public Opinion Research Group, Inc",≤100
113910760341973,Taryn Hughes for Fairbanks,Taryn Hughes for Alaska,≤100
2037695643113766,Blexit,Blexit Foundation,≤100
1528980567353817,Love Has No Labels,Love Has No Labels with Facebook Ad Credits,≤100
87186661244,Johns Hopkins Bloomberg School of Public Health,Johns Hopkins Bloomberg School of Public Health,≤100
128374037192661,Scott Kawasaki,Alaska State Legislature,≤100
605168822998856,314 Action,314 ACTION FUND,≤100
101819051503206,Stephen Trimble for Alaska,Stephen Trimble for Alaska,≤100
45393753416,Alliance Defending Freedom,Alliance Defending Freedom,≤100
236369846383459,Congressional Black Caucus PAC,Congressional Black Caucus PAC,≤100
278490715553293,Martha McSally,MCSALLY FOR SENATE INC,≤100
263891677826490,Earthsider,Ryan James Martin,≤100
1109093812491437,Blaze Media,Blaze Media LLC,≤100
103730928025980,Safe and Sound In 2020,Kin Ngai Yeung,≤100
33713453361,Amazon Prime Video,Amazon Prime Video,≤100
167586229923327,World Food Program USA,World Food Program USA,≤100
1883837055193241,Shield Republic,Shield Republic,≤100
6500552187,Hulu,"HULU, LLC",≤100
596556607135301,The Earthling Co.,The Earthling Co.,≤100
170591064699,Southern Poverty Law Center,"SOUTHERN POVERTY LAW CENTER, INC., THE",≤100
8501031021,VoteVets.org,VOTEVETS,≤100
106224464107240,Jo Jorgensen,Jo Jorgensen for President,≤100
108683164271262,Patriots for Life,Grant Alan Johnston,≤100
49651563727,Live Action,Live Action,≤100
105984667872147,Patriotic Liberty,Vivian Lam Nguyen,≤100
97493741436,John W. Hickenlooper,HICKENLOOPER FOR COLORADO,≤100
25852730092,Care2,Care2 Inc,≤100
342294162453301,Planned Parenthood,Planned Parenthood Federation of America,≤100
370345423898,Alaska Children's Trust,Alaska Children's Trust,≤100
113666459994300,Big Dan Rodimer for Congress,RODIMER FOR CONGRESS,≤100
108794587327155,Good Programs 2020,Trevor Dale Seaks,≤100
7814597100,Jim Jordan for Congress,JIM JORDAN FOR CONGRESS,≤100
834645469890446,Devin Nunes,DEVIN NUNES CAMPAIGN COMMITTEE,≤100
405469100189512,Still My President - Donald Trump,Red State Politics LLC,≤100
192367856789,Lance Pruitt for State House,Pruitt for State House,≤100
107456897451127,Alaskans for Al,Laura Beth Marcus,≤100
7976226799,The Daily Show,Comedy Central,≤100
1570118656645702,Nicholas Begich,Nicholas Joseph Begich Iii,≤100
309798029121030,Everytown for Gun Safety,Everytown for Gun Safety Action Fund Inc,≤100
1456310534453054,Veteran Loans Online,"LMB OpCo, LLC",≤100
57259033959,AARP,AARP,≤100
305832706292882,American Gun Association,GunAssociation.org,≤100
46093654473,National Republican Congressional Committee,NRCC,≤100
461204744067686,Family Protection Association,Family Protection Association,≤100
1809078699219595,Fat Tire,"NEW BELGIUM BREWING COMPANY, INC.",≤100
101329438317952,Story Network Action,Story Network Foundation,≤100
104614641200137,MeidasTouch,MEIDASTOUCH,≤100
934438026690635,YouGov,YOUGOV AMERICA INC.,≤100
23875187730,Feeding America,Feeding America,≤100
72186095846,Center For American Progress Action Fund,Center for American Progress Action Fund,≤100
101237551589520,Tactical Patriot,Trizzie Truong,≤100
107210084216238,Humanity Forward,Humanity Forward,≤100
560140464159364,Stand for the 2nd Amendment,SFT2 Tactical Supply,≤100
159964696102,Kevin McCarthy,KEVIN MCCARTHY FOR CONGRESS,≤100
971668776283950,PolicyEd,Hoover Institution,≤100
42002969352,Center on Budget and Policy Priorities,Center on Budget and Policy Priorities,≤100
257019421075897,Cory Gardner,Cory Gardner for Senate,≤100
51405613519,Focus on the Family,Focus on the Family,≤100
598924810530984,Keeping America Great,FamTeeWorld,≤100
1316372698453411,Alexandria Ocasio-Cortez,THE SQUAD VICTORY FUND,≤100
21375324480,The Heritage Foundation,HERITAGE FOUNDATION (THE),≤100
2012750189007245,Liquid Death Mountain Water,Liquid Death,≤100
309308412520731,Sandy Hook Promise,Sandy Hook Promise,≤100
7833534974,Florida Democratic Party,Florida Democratic Party,≤100
104113317870732,Free Markets Destroy,Washington Policy Center,≤100
162695894106234,Co-ops Vote,National Rural Electric Cooperative Association,≤100
2078647579047586,Project Pulso,Project Pulso,≤100
15687409793,World Wildlife Fund,World Wildlife Fund,≤100
5720973755,Defenders of Wildlife,DEFENDERS OF WILDLIFE,≤100
166618413413767,Jay Sekulow,American Center for Law and Justice,≤100
593289284500311,Trump Rack,BOXD Marketing,≤100
106667854471975,Outspoken,Log Cabin Republicans,≤100
342887442508723,Convention of States,Convention of States Action,≤100
530604487365010,Old Glory Flagpole Kits,Service First,≤100
629732217415068,Republican Party,Greater Half,≤100
111393882812494,Amy McGrath,"AMY MCGRATH FOR SENATE, INC.",≤100
6820348410,Kirsten Gillibrand,Off the Sidelines,≤100
30139072158,CARE,CARE,≤100
110089227413037,The Prepared Patriot,Edward Ha,≤100
100575810307679,VICE TV,VICE Media,≤100
8047221596,Save the Children US,"SAVE THE CHILDREN FEDERATION, INC.",≤100
105566824535889,Floridians for Ethics and Truth in Politics,Floridians for Ethics and Truth in Politics,≤100
102617961152741,Barbara Bollier,BOLLIER FOR KANSAS,≤100
1336293769761923,Jon Ossoff,JON OSSOFF FOR SENATE,≤100
245284549333866,ASMDSS,ASMDSS,≤100
7263476274,Mercy Corps,Mercy Corps,≤100
19192438096,AAAS - The American Association for the Advancement of Science,American Association for the Advancement of Science,≤100
192015461630968,Supporting Our Brave Veterans,James Brian Plouf,≤100
197760674021143,Indivisible Guide,INDIVISIBLE ACTION,≤100
977704775606273,Balls Deep Tackle,Balls Deep Tackle,≤100
101210588150219,Boy Scouts Abuse Claims,X Social Media LLC,≤100
102478061559294,Convention on Founding Principles,Convention on Founding Principles,≤100
100415021774551,Patriotic Stances,Korie Lynn Padgett,≤100
104504438466,Federal Voting Assistance Program - FVAP,Federal Voting Assistance Program,≤100
7483836629,Ancestry,Ancestry.com Operations Inc.,≤100
104934207736995,Paycheck to Paycheck,Center for American Progress Action Fund,≤100
42872222699,Dana Loesch,Dana Loesch Radio,≤100
746938465317981,Nuclear Matters,Nuclear Matters,≤100
111092027351541,Future Verified,These ads ran without a disclaimer,≤100
303167829786891,Ed Markey,THE MARKEY COMMITTEE,≤100
6231686654,Compassion International,"COMPASSION INTERNATIONAL, INCORPORATED",≤100
1010143499143169,Medicare Savings,"Mayo Labs, LLC",≤100
1836138529938551,Greater Half,Greater Half,≤100
1014486318584089,Armed American Supply,Armed American Supply,≤100
2132738093632189,Brock Pierce,BROCK PIERCE FOR PRESIDENT,≤100
103185334702225,Stop Trump PAC,STOP 45 PAC,≤100
38235851310,USA for UNHCR,UNITED STATES ASSOCIATION FOR UNHCR,≤100
126694924050678,Xavier Becerra,Becerra for Attorney General 2022,≤100
106663044307859,Mike Sievert,"T-MOBILE USA, INC.",≤100
108118933908193,Next Level Goods,Next Level Goods LLC,≤100
219612384781411,Bloomberg Philanthropies,Bloomberg Philanthropies,≤100
6428288402,Kiva,KIVA MICROFUNDS,≤100
114625730266879,Republican Voters Against Trump,Defending Democracy Together,≤100
666901810004313,Rickey Gates,Protect Our Winters,≤100
101278694809805,Meme2020,Meme2020,≤100
490146091123057,Dan Mayfield For Senate,James Daniel Mayfield,≤100
10423517786,Harvard Business Review,HARVARD BUSINESS SCHOOL PUBLISHING CORPORATION,≤100
105459947922475,Sheldon Law Group,Sheldon Law Group,≤100
104298324373283,George for Anchorage,George Martinez,≤100
281844617168,Jewish Voice Ministries International,JEWISH VOICE MINISTRIES INTERNATIONAL,≤100
1204754733024419,People's Power Grab,ACRONYM,≤100
7476269851,Congressman Don Young,The Office of Congressman Don Young,≤100
18813753280,Human Rights Campaign,"HUMAN RIGHTS CAMPAIGN, INC",≤100
700806360047982,CFG Action,Club for Growth Action,≤100
18709174006,National Audubon Society,"NATIONAL AUDUBON SOCIETY, INC.",≤100
679171239164792,Supermajority,Supermajority,≤100
598720023670599,Jennifer Carroll Foy,Jennifer Carroll Foy for Governor,≤100
2256321067930356,Liberteeclub,libertyteeshop,≤100
195530355493,Chicks On The Right,Chicks on the Right,≤100
106323360959211,Patriots Republic,Matthew James Stine,≤100
163302087408673,Stop The Donald,Stop the Donald,≤100
111361091313,NICABM,"Theoria Associates for Health Education, Inc.",≤100
102636677971854,Trump Is The Storm,Legendary Trump Coins,≤100
169597416843751,Stand Up America,Stand Up America,≤100
206677396413254,Abortion On Our Own Terms,Abortion On Our Own Terms,≤100
322551718276442,Lemons Are Blue,Lockwell LLC,≤100
36872302227,Cory Booker,Cory Booker for Senate,≤100
11791104453,NRDC,Natural Resources Defense Council,≤100
350316025478383,When We All Vote,When We All Vote,≤100
7962229886,Environmental Working Group,ENVIRONMENTAL WORKING GROUP,≤100
1614690395258056,Into Action,Into Action,≤100
675471506247724,Adair for Congress,ADAIR FOR CONGRESS,≤100
102916288137405,The Daily Republican,USA Movements LLC,≤100
176466646087311,DC Fawcett,Donald Chappell Fawcett,≤100
911828698840246,ReLEntless Defender Apparel,ReLEntless Defender Apparel,≤100
407664862957433,Ammar Campa-Najjar for Congress,AMMAR CAMPA-NAJJAR FOR CONGRESS,≤100
180060629247353,Elaine Luria for Congress,ELAINE FOR CONGRESS,≤100
261663760956534,America First Policies,America First Policies Inc,≤100
109415673940210,Gelo Clean,These ads ran without a disclaimer,≤100
683872625157265,Theresa Greenfield,THERESA GREENFIELD FOR IOWA,≤100
114623860329716,Daily Positivity Newsletter,John Phillip Angelo Vergara,≤100
103644036958,United Association,United Association Political Education Committee,≤100
894096170667732,Ashley Hinson,Ashley Hinson For Congress,≤100
21559454473,FAIR,FEDERATION FOR AMERICAN IMMIGRATION REFORM,≤100
103315378108004,True Patriot Strength,LE-HUU DONG HUYNH,≤100
345378512258813,Elise Stefanik,ELISE FOR CONGRESS,≤100
153678684700451,American Investment Council,AMERICAN INVESTMENT COUNCIL,≤100
101127364972509,Dems For USA,Dems For USA,≤100
7860876103,Joe Biden,BIDEN FOR PRESIDENT,≤100
123078601659716,ROCK Mat-Su,R.O.C.K. Mat-Su,≤100
106411444514775,Unity in Support,Jae W Seo,≤100
6240652407,Young America's Foundation,YOUNG AMERICA'S FOUNDATION INC,≤100
779309092233298,Ben Crump,X Social Media,≤100
293225127381200,Patriot Depot,The Patriot Depot,≤100
112420993589373,Young and Old for America,Andrew Joseph Young,≤100
6236054211,Brady,Brady Campaign to Prevent Gun Violence,≤100
1859113087545137,Learn Everywhere,"yes. every kid, Inc.",≤100
213792049451918,Stand For America,Stand For America Inc,≤100
107847454354960,Weekly American Lifestyle,Steve San,≤100
107654924064350,Pat Timmons-Goodson,PATRICIA TIMMONS-GOODSON FOR CONGRESS,≤100
110393153948638,Financial Help,Common Acquire,≤100
105995741220700,Patriots United,Le Huu Dong Huynh,≤100
129255907131113,NumbersUSA,NUMBERSUSA EDUCATION AND RESEARCH FOUNDATION,≤100
105010030848236,Bryant Cameron Webb,DR. CAMERON WEBB FOR CONGRESS,≤100
100699775058659,Education Now NC,Education Now,≤100
530604487365010,Old Glory Flagpole Kits,Service First Flag Poles,≤100
1513706568846680,Harry Brower Jr.,Harry Brower Jr.,≤100
101591551371555,Fire Mitch. Save America.,SAVE AMERICA FUND,≤100
788394134539871,USPS Business,United States Postal Service,≤100
586751814690068,Joni Ernst,Joni for Iowa,≤100
16477459734,League of Conservation Voters,"LEAGUE OF CONSERVATION VOTERS, INC",≤100
120448873031387,Our United Family,Daniel Wang,≤100
1443127535947107,Save the Children Action Network,Save the Children Action Network,≤100
15188122178,The Hamilton Collection,The Hamilton Collection,≤100
27311599342,Preemptive Love,Preemptive Love Coalition,≤100
728080537326482,The United State of Women,CIVIC NATION,≤100
272280742967944,Self-Reliance Association,These ads ran without a disclaimer,≤100
1530883997194411,United States Constitution,Flag and Cross,≤100
169130743498585,Tactical Pro Supply,Chad Keller,≤100
108029674299216,We The People,We The People,≤100
350784278974539,Turning Point Action,Turning Point Action,≤100
109111900634787,Reverend Raphael Warnock,WARNOCK FOR GEORGIA,≤100
17911165812,Covenant House International,Covenant House,≤100
9739634228,The Political Machine,"Hitcents.com, Inc",≤100
178835922297833,American Clinical Laboratory Association,American Clinical Laboratory Association,≤100
10498053716,Media Research Center,MEDIA RESEARCH CENTER,≤100
184731548554164,PL+US,Plus Fund: Paid Leave for the United States,≤100
109459597525704,Living in Liberty,Korie Lynn Padgett,≤100
30914589895,The International Fellowship of Christians and Jews,"INTERNATIONAL FELLOWSHIP OF CHRISTIANS & JEWS, INC.",≤100
17203056985,Partners In Health,Partners In Health,≤100
24481937944,Theodore Roosevelt Conservation Partnership,"THEODORE ROOSEVELT CONSERVATION PARTNERSHIP, INC",≤100
1405256543019995,League of Women Voters Alaska,Judith Andree,≤100
109947294143213,Republicanstorefront,Republicanstorefront.com,≤100
291102898490822,Giant Maga Hat,Inventors club LLC,≤100
360303722260,Kathleen Williams,KATHLEEN WILLIAMS FOR MONTANA,≤100
83290028957,Care Net,CARE NET,≤100
780941275347834,Ilhan Omar,ILHAN FOR CONGRESS,≤100
85273022315,NAMI,NAMI,≤100
149081336362,AmeriCorps VISTA,Corporation for National and Community Service,≤100
6316744206,Jon Tester,MONTANANS FOR TESTER,≤100
719913581472398,Napoli Shkolnik PLLC,Napoli Law,≤100
51379424899,Mercy Ships,MERCY SHIPS INTERNATIONAL,≤100
700941689954518,Defend Our Future,Defend Our Future,≤100
223008867858902,American Action News,American Action News,≤100
628891490457484,Nancy Mace,Nancy Mace for Congress,≤100
317284821682168,Messianic Jewish Alliance of America (MJAA),Messianic Jewish Alliance of America,≤100
953113491536337,Black to the Future Action Fund,Black to the Future Action Fund,≤100
181924628560212,SumOfUs,SumOfUs,≤100
111324359048459,Dr. Roger Marshall,KANSANS FOR MARSHALL,≤100
107589664099282,Stand Up To China,"Stand Up To China, Inc.",≤100
143986912311328,University of Vermont Continuing and Distance Education,University of Vermont,≤100
224684514243482,Tom Cotton,"COTTON FOR SENATE, INC.",≤100
105084617912738,PatriotQuizzes,patriotquizzes.com,≤100
111248197347176,Protect & Serve PAC,PROTECT AND SERVE PAC,≤100
176099072429809,Oceana in Florida,OCEANA,≤100
1393911800825140,OZY,OZY Media Inc,≤100
50982313030,Food & Water Watch,Food & Water Watch,≤100
1841824626073676,Candace Valenzuela for Congress,CANDACE FOR 24,≤100
212824105404256,Cook Inletkeeper,COOK INLETKEEPER,≤100
433919203362871,Bird + Stone,BIRD & STONE INC,≤100
248181906078243,National Institute for Civil Discourse,CommonSense American,≤100
181183059253295,Dorsal Bracelets,Dorsal Bracelets,≤100
296708523873754,Karla Dennis and Associates Inc.,"Karla Dennis & Associates, Inc",≤100
1338822066131069,Women's March,Women's March,≤100
135997359926517,SSDC Services,Jefery James Wenzel,≤100
2196281620653830,Footprint,Footprint LLC,≤100
331037760381749,Sierra Magazine,SIERRA CLUB,≤100
112164673854264,Living Patriotically,Living Patriotically,≤100
143089732792,Marsha Blackburn,Blackburn Tennessee Victory Fund,≤100
2218721691497881,Alaska Legacy Project,Alaska Legacy Project,≤100
112735922758892,Charlie Kirk,Charlie Kirk,≤100
111023584012681,Open Road Homeward,Samantha Lyn Weldon,≤100
173837496125511,Conscious Step,Conscious Step,≤100
111892670610842,Political AF,Quyen Sanh Gip,≤100
277414242013,Joyce Elliott for Congress,JOYCE ELLIOTT FOR CONGRESS,≤100
19342050934,Leadership Institute,LEADERSHIP INSTITUTE INC,≤100
839073729808623,Hillary Scholten,SCHOLTEN FOR CONGRESS,≤100
107398241021186,The John Lewis Bridge Project,John Lewis Bridge Project,≤100
678707785538538,Dole Sunshine,These ads ran without a disclaimer,≤100
38471053686,Elizabeth Warren,"WARREN DEMOCRATS, INC.",≤100
113266897143669,Stand To Defend,Korie Lynn Padgett,≤100
6820348410,Kirsten Gillibrand,Gillibrand for Senate,≤100
103075334816156,UFCW Votes,UNITED FOOD AND COMMERCIAL WORKERS INTERNATIONAL UNION,≤100
142992759853421,Be A Hero,BE A HERO PAC,≤100
101132835043200,Tee Trending,These ads ran without a disclaimer,≤100
1765073800454902,Reform Austin,Reform Austin Inc.,≤100
119006106155684,PI Energy,Andrew P Chung,≤100
2185993931653388,The Recount,"Recount Media, Inc",≤100
592707041080920,Stand Together,Stand Together Chamber of Commerce Inc.,≤100
117144508670456,GUNVOTE,National Shooting Sports Foundation,≤100
210357995667559,The National Memo,The National Memo,≤100
221401431386940,Pramila Jayapal,PRAMILA FOR CONGRESS,≤100
105157841248307,No Filter Politics,No Filter Politics,≤100
1438808983108348,BOLD PAC,CHC BOLD PAC,≤100
58158120046,ACLJ,American Center for Law and Justice,≤100
1690071827911682,Cleancult,cleancult,≤100
53541257714,The Arc of the United States,The Arc with Facebook Ad Credits,≤100
1799282383731277,TwoSeventy,Alexander Jared Deutsch,≤100
209516845093,NRDC Action Fund,NRDC Action Fund,≤100
1551109418518461,The Honest Patriot,Amundson Media LLC,≤100
325578590837480,Protect Our Care,Sixteen Thirty Fund,≤100
27544763621,Prison Fellowship,Prison Fellowship,≤100
420785874975425,Conservative Institute,The Conservative Institute,≤100
130467958471,Jason Lewis,Jason Lewis for Senate,≤100
100233228182981,Madison Cawthorn for Congress,CAWTHORN FOR NC,≤100
280704452367167,Jason Crow,JASON CROW FOR CONGRESS,≤100
30708742052,FCTRY,FCTRY,≤100
103036584847574,The Good Neighbor,Brandon Vu,≤100
467804929927622,Jason Smith,JASON SMITH FOR CONGRESS,≤100
103268654671592,Ed King for State House,Edward Michael King Jr,≤100
56680318666,Illinois Policy,Illinois Policy,≤100
102592959026,Ocean Conservancy,"OCEAN CONSERVANCY, INC.",≤100
108273884315449,Real American Patriot,Gold Sky Ventures LLC,≤100
655065784538368,PredictIt,"PredictIt - Prediction Markets. A project of Victoria University of Wellington, PredictIt has been established to facilitate research into the way markets forecast events.",≤100
113110137118723,Collectible Currency,Christopher Walter Adams,≤100
103653994359958,Harvard Forward,The Boarding School,≤100
108397184298930,Patriots Defend,Claire Wang,≤100
110849485902,United Way,United Way Worldwide with Facebook Ad Credits,≤100
104224114671958,Energy For Progress,The American Petroleum Institute,≤100
2068988876444634,Stand Up for Accurate Prenatal Answers,STAND UP FOR ACCURATE PRENATAL ANSWERS INC,≤100
123963360928,SiriusXM,SIRIUS XM RADIO INC.,≤100
107541160750727,American Money Talk,These ads ran without a disclaimer,≤100
680549575421741,UnitedVoice.com,"Beachside Media, Inc.",≤100
566008736785269,Be Heard Project,Be Heard Project,≤100
108506830560787,Jessica Scarane,JESS SCARANE FOR DELAWARE,≤100
116546288359245,Heritage Action for America,HERITAGE ACTION FOR AMERICA,≤100
128716440866482,Adam Milstein,Adam Milstein,≤100
398977847323767,Texas Signal,Texas Signal Media Company,≤100
1452551204988299,GoReact,Speakworks Inc,≤100
186932688457686,CHNGE,CHNGE,≤100
105315327577677,Golden Goose Publishing,Lance Charles Greenberg,≤100
101525774999212,BLM,Bryan Daley,≤100
58736997707,Marco Rubio,Marco Rubio for Senate,≤100
108650400954148,Stopping Socialism TV,The Heartland Institute,≤100
34362997676,United States Holocaust Memorial Museum,UNITED STATES HOLOCAUST MEMORIAL MUSEUM,≤100
102137374563260,Confide in American Pride,John Allen Franson,≤100
646594582623475,Republican Nations,wowengraving,≤100
103682110993833,Arctic Refuge Defense Campaign,Alaska Wilderness League,≤100
339432396135584,The Exodus Road,EXODUS ROAD INC,≤100
1192579580831773,Supermajority News,Supermajority,≤100
101011374703725,Dr. William Figlesthaler,WILLIAM FIGLESTHALER FOR CONGRESS,≤100
112600915451330,No Labels,No Labels,≤100
278052172260101,ZERO TO THREE,ZERO TO THREE,≤100
212375358784914,Ed Brodsky for State Attorney,Ed Brodsky for State Attorney,≤100
105433064492153,The Return 2020,The Return International,≤100
114822686979118,Daily Saver,Smart Market Tips,≤100
120011306310420,Patriots Helping Others,Jae W Seo,≤100
29770886815,Marijuana Policy Project,Marijuana Policy Project,≤100
102499901286348,Bold Vision P.C.,Bold Vision PC,≤100
651280068826683,A Great New Day,Trevor Barribeau,≤100
896759427103774,Modern Medicaid Alliance,Modern Medicaid Alliance,≤100
55549065733,Voto Latino,VOTO LATINO INC.,≤100
169277310432049,"Texas Precision Optics, Inc.",Texas Precision Optics Inc,≤100
67011831040,Canon Press,Canon Press,≤100
166738743732702,All Above All Action,All Above All Action Fund,≤100
110010433804232,Falkirk Center,Falkirk Center,≤100
130848666099,Business Forward,Business Forward Inc.,≤100
202286639832171,Dr. Robert Jeffress,FIRST BAPTIST CHURCH DALLAS,≤100
419992651425033,Guardianes del Pueblo-Consumer Law Group,Consumer Law Group,≤100
202531447982,Jimmy Chin,Protect Our Winters,≤100
6165653060,AFSCME,AMERICAN FEDERATION OF STATE COUNTY & MUNICIPAL EMPLOYEES,≤100
111168783611294,Jesse Mermell for Congress,THE COMMITTEE TO ELECT JESSE MERMELL,≤100
1691667177798461,Brut,Brut,≤100
8057376739,The Nature Conservancy,Nature Conservancy,≤100
537534316395916,Students for Trump,Turning Point Action,≤100
69983322463,Ted Cruz,TED CRUZ FOR SENATE,≤100
21492729544,Catholic Relief Services,CATHOLIC RELIEF SERVICES - UNITED STATES CONFERENCE OF CATHOLIC BISHOPS,≤100
101485404914361,Bad News Wares,Bad News Wares,≤100
402969533432277,Cisneros for Congress,CISNEROS FOR CONGRESS,≤100
159597424207730,David Perdue,PERDUE FOR SENATE,≤100
104012084703106,One People United PAC,One People United,≤100
259212814698356,Democratic Majority for Israel,DMFI PAC,≤100
228132537208218,Tammy Duckworth,TAMMY FOR ILLINOIS,≤100
1917715138510680,Follow Your Legend,Legend Bracelet,≤100
26006662641,Arizona Democratic Party,Arizona Democratic Party,≤100
1476342155924546,Big Rig Threads,Big Rig T-Shirts and Decals LLC,≤100
2165983337048601,LeverforChange,Lever for Change,≤100
105556894599642,Protecting Rights,Raymond A Guevara,≤100
1556932204325823,ProgressPop,ProgressPop,≤100
112333396969405,Jim Bognet,Bognet for Congress,≤100
531623043662146,Flags of Valor,Flags of Valor,≤100
357750373755,National Domestic Workers Alliance,National Domestic Workers Alliance,≤100
1667892193505378,Hold the House,HOLD THE HOUSE PAC,≤100
1268410219898273,Tango Tango,Tango Tango Inc,≤100
950998258312654,Knowhere,"Knowhere, Inc.",≤100
142370046577999,Shahid Buttar for Congress,Shahid Buttar for Congress Committee,≤100
394817334402124,2020 Trump Bill,Innovative Ecomm LLC,≤100
493811210669780,Creative Action Network,Creative Action Network,≤100
38895197117,EdChoice,"EDCHOICE, INC.",≤100
309094279104553,Twelve Books,"Hachette Book Group, Inc.",≤100
161356730701227,Amanda Stuck,Amanda Stuck for Congress,≤100
110018833813683,Flip the Senate,SMP,≤100
429812024048177,Doug Jones for Senate,DOUG JONES FOR SENATE COMMITTEE,≤100
10150100007820094,Wendy Davis,WENDY DAVIS FOR CONGRESS,≤100
47710973068,Cooperative Action Network,National Rural Electric Cooperatives Association,≤100
67626834312,National Women's Law Center,National Women's Law Center,≤100
135081079769,AFGE,American Federation of Government Employees,≤100
137459917707,The Brookings Institution,The Brookings Institution,≤100
443329669123990,USAFacts,USAFacts Institute,≤100
139599847972,National Nurses United,National Nurses United,≤100
502320477205654,I’m Bout Making My Ancestors Proud,Heritage Hill LLC,≤100
255208337943901,Jobs Growth,"JOBS FREEDOM AND SECURITY PAC, Not authorized by any candidate or candidate’s committee.",≤100
102004961614425,For The Love of Patriots,Trizzie Truong,≤100
1012844478903955,Permeating Light Project,Lady Donna Dutchess,≤100
105370081104608,Veterans for Trump,TRUMP MAKE AMERICA GREAT AGAIN COMMITTEE,≤100
497081420632330,Dr. Hiral Tipirneni,HIRAL FOR CONGRESS,≤100
2426111570952383,Frontlines,Frontlines,≤100
156994304362574,American Bridge 21st Century,AB PAC,≤100
1612726335627171,We the Internet TV,We the Internet TV,≤100
107654244332660,Back BLM,Back BLM,≤100
94047978366,PCCC - BoldProgressives.org,PROGRESSIVE CHANGE CAMPAIGN COMMITTEE,≤100
108152933883451,TrumpTrendz,Troy Lorenzo Davis,≤100
284946111858895,Debbie Mucarsel-Powell,DEBBIE FOR CONGRESS,≤100
203197030603239,8 Billion Trees,8 Billion Trees LLC,≤100
931907200310657,Patients Rising Now,Patients Rising Now Inc,≤100
69039563201,Open Doors USA,"OPEN DOORS WITH BROTHER ANDREW, INC.",≤100
592347634460462,Partnership for America's Health Care Future,Partnership for America's Health Care Future,≤100
104910457974220,Pupper Enthusiasts Unlimited,Seanross Michael Holcomb,≤100
12683623041,Society for Human Resource Management (SHRM),SOCIETY FOR HUMAN RESOURCE MANAGEMENT,≤100
157307331013957,The History List,The History List,≤100
36474716066,Color Of Change,ColorofChange.org,≤100
138141366212571,Gravis Marketing,GRAVIS MARKETING INC.,≤100
785936231584382,Paula Jean Swearengin,Paula Jean for West Virginia,≤100
15239367801,The Wilderness Society,"WILDERNESS SOCIETY, THE",≤100
118303441570966,Home Ownership Matters,NATIONAL ASSOCIATION OF REALTORS,≤100
267180743723148,National Geographic Society,National Geographic Society,≤100
72931140459,Center for Biological Diversity,"CENTER FOR BIOLOGICAL DIVERSITY, INC.",≤100
253791814655400,Doug Collins,"COLLINS FOR SENATE, INC.",≤100
297254237585636,Sheriff Strafe,These ads ran without a disclaimer,≤100
984421991732710,Paycheckology,Paycheckology,≤100
1802177709900081,The Spectator US,The Spectator US,≤100
1099478666810053,Meals For Pets,Meals for Pets,≤100
465483726908192,iVote,IVote Civic Education Fund,≤100
206743952696198,Lower My Bills,"LMB OpCo, LLC",≤100
162493793737,Rick Green,Richard Arlin Green,≤100
115364585711,Lawyers' Committee for Civil Rights Under Law,Lawyers' Committee for Civil Rights Under the Law with Facebook Ad Credits,≤100
872842866161157,One Nation Design,One Nation Design,≤100
225612270801893,CrossBreed Holsters,These ads ran without a disclaimer,≤100
1862511410671222,Dana Ferguson for US Congress,FRIENDS OF DANA FERGUSON,≤100
141692255929599,Democratic Socialists of America,DEMOCRATIC SOCIALISTS OF AMERICA INC,≤100
313097997669,StreetLightUSA,StreetLightUSA,≤100
105536127617594,The American Digest,The American Digest,≤100
152264148166020,Moms Clean Air Force,Moms Clean Air Force,≤100
102389457864860,Treehuggers Bracelets,ECOMX LLC,≤100
109678580574253,Politicool Clothing Co.,PolitiCoolClothing.com,≤100
179513292162226,American History TV,C-SPAN,≤100
294508332028,Lakota People's Law Project,ROMERO INSTITUTE,≤100
121626482110,Operation Smile,"OPERATION SMILE, INC.",≤100
91346559231,Democratic Legislative Campaign Committee - DLCC,Democratic Legislative Campaign Committee,≤100
165238836870566,MRC Culture,MEDIA RESEARCH CENTER,≤100
213687698658,Americans for Prosperity Foundation,Americans for Prosperity Foundation,≤100
217976018236954,OutKick,Outkick Media LLC,≤100
101690998009007,Improving Life Through Health,Nicolette Dalan,≤100
6787988478,Physicians for Human Rights,"PHYSICIANS FOR HUMAN RIGHTS, INC.",≤100
41309865723,Democrats.com,DEMOCRATS.COM,≤100
292351509697,Jerusalem Prayer Team,Jerusalem Prayer Team,≤100
194115677277113,A21,A21 with Facebook Ad Credits,≤100
104142543758770,Campaign Zero,We The Protesters,≤100
100906591716189,Beyond Patriots,Priscilla Bethany Kennedy,≤100
20876805343,March of Dimes,MARCH OF DIMES INC.,≤100
210277954204,The Young Turks,"The Young Turks, Inc.",≤100
101352851565699,Somos PAC,SOMOS PAC,≤100
1139806362718939,Trafalgar Group,The Trafalgar Group,≤100
1635441679872518,Kimberly Klacik,Kim Klacik for Congress,≤100
7148723514,Sundance Film Festival,SUNDANCE INSTITUTE,≤100
501845673996592,Patriotic Helping Hands,Jae W Seo,≤100
122150409780,UC San Diego,University of California San Diego,≤100
830890360316751,Nick Hanauer,Civic Action,≤100
105943157686335,Trust Michigan Families,TRUST MICHIGAN FAMILIES,≤100
1709145412721991,The Center for Growth and Opportunity at Utah State University,The Center for Growth and Opportunity,≤100
408250066356,Bill O'Reilly,"Bill Me, Inc.",≤100
32582320449,CMMB,CATHOLIC MEDICAL MISSION BOARD INC,≤100
160630887998827,Let Them Live,Let Them Live,≤100
106445167434779,Duty and Honor,Duty and Honor,≤100
1977738355807406,Sharice For Congress,SHARICE FOR CONGRESS,≤100
100719625004234,Home and Community,Cynthia Nguyen,≤100
48530203934,The American Alpine Club,"AMERICAN ALPINE CLUB, THE",≤100
106949844346620,Trumpian Republicans,Gregory Lawrence Burright,≤100
376776419037747,Turning Point USA,Turning Point USA,≤100
114893233534632,Taking Back America,Apse Media LLC,≤100
482899722113894,Peymynt Financial,Peymynt Financial,≤100
1613289982270065,Choose Courage Foundation,Choose Courage Foundation,≤100
90498769709,Edenpure,EdenPURE®,≤100
28510612138,Uncommon Knowledge,Hoover Institution,≤100
35169196082,Project HOPE,"PROJECT HOPE-THE PEOPLE-TO-PEOPLE HEALTH FOUNDATION, INC.",≤100
278487153675,Redneck Nation Clothing,Tracie Milliron Gold,≤100
319982881752525,Kara Eastman,EASTMAN FOR CONGRESS,≤100
710669049286394,Woo the People,Khosro David Illulian,≤100
101136147910784,Represent Justice,Represent Justice,≤100
455595357859098,Richard DeNapoli,Richard DeNapoli for Broward Republican State Committeeman,≤100
96171427550,Raja for Congress,FRIENDS OF RAJA FOR CONGRESS,≤100
1055873511190792,Hello Resistance,Hello Resistance Apparel,≤100
7219151423,The Fund for American Studies (TFAS),The Fund for American Studies,≤100
304058913005378,Senior and Disabled Concerns,Senior & Disabled Concerns,≤100
134452023239984,Human Coalition,Human Coalition,≤100
21455818797,Feed the Children,"FEED THE CHILDREN, INC.",≤100
607626319739286,Black Voices for Trump,TRUMP MAKE AMERICA GREAT AGAIN COMMITTEE,≤100
160513344045084,John Neely Kennedy,"John Kennedy for Us, Inc",≤100
23790541544,Democrats,DCCC,≤100
979720542211350,Humanize Being Black,Keyshun Quantarious Holmes,≤100
1526736227567131,TrueCoverage,True Coverage,≤100
215968684159,AFT - American Federation of Teachers,American Federation of Teachers,≤100
79125112926,Students for Life of America,"STUDENTS FOR LIFE OF AMERICA, INC.",≤100
105698674239617,Embed News,Embed News,≤100
761026730951792,Lori Lightfoot,Lightfoot for Chicago,≤100
717417908274761,Lady Freethinker,Lady Freethinker,≤100
6041057841,The Humane Society of the United States,"HUMANE SOCIETY OF THE UNITED STATES, THE",≤100
361960287311696,Better Medicare Alliance,"Better Medicare Alliance, Inc",≤100
111581113532778,Yes on 2: Ranked Choice Voting,Ranked Choice Voting 2020 Committee,≤100
2339203789732156,Kim Mangone for Congress,COMMITTEE TO ELECT KIM MANGONE FOR CONGRESS,≤100
102187274930653,E For Entertainment,These ads ran without a disclaimer,≤100
100119981671668,Blue Senate,BLUE SENATE PAC,≤100
384557995468219,Viral Casez,Viral Casez,≤100
614134231980299,Veterans Empowered To Protect African Wildlife,VETPAW INC,≤100
316887658336677,My Control Card,"NETSPEND HOLDINGS, INC.",≤100
706716899745696,Women for Trump,TRUMP MAKE AMERICA GREAT AGAIN COMMITTEE,≤100
108296990863730,Hero Action Fund,Hero Action Fund,≤100
115379705206001,U.S. Department of Homeland Security Blue Campaign,DHS Blue Campaign,≤100
374848446414965,Pollking,Benjamin Aaron Perlman,≤100
19474609238,Mercatus Center at George Mason University,Mercatus Center at George Mason University,≤100
419237048158257,Susan Collins,COLLINS FOR SENATOR,≤100
109360297266116,Fearless Patriot,TERESA NONE OHARA-MARSH,≤100
1600352356914768,PushBlack,PushBlack,≤100
205395906412,UAW International Union,"INTERNATIONAL UNION, UNITED AUTOMOBILE, AEROSPACE AND AGRICULTURAL IMPLEMENT WORKERS OF AM",≤100
999775873528189,Stopping Socialism,The Heartland Institute,≤100
100696924867495,George Mitris For Congress,GEORGE MITRIS FOR CONGRESS,≤100
2081864865362439,Mike Espy,MIKE ESPY FOR SENATE CAMPAIGN COMMITTEE,≤100
103026384819654,How to Vote,ACRONYM,≤100
44255328352,Farm Forward,Farm Forward,≤100
109966290494892,Wagoner Law Firm,Nicholas Jordan Wagoner,≤100
2225580284361712,Tommy Tuberville,"TUBERVILLE FOR SENATE, INC.",≤100
832107710207069,Pam Keith FL,Committee to Elect Pam Keith,≤100
79820371749,Ayanna Pressley,THE COMMITTEE TO ELECT AYANNA PRESSLEY,≤100
711478725532801,Civiqs,Civiqs,≤100
8321461609,MomsRising.org,MomsRising Education Fund,≤100
317667194946264,Ro Khanna,RO FOR CONGRESS INC,≤100
153278754738777,Climate Reality,The Climate Reality Project,≤100
80987211775,Bill Cassidy,Bill Cassidy for US Senate,≤100
892673067526965,Project War Path,Project War Path,≤100
219247332354785,Phil Arballo for Congress,ARBALLO FOR CONGRESS,≤100
681745912255844,John Cummings for Congress,CUMMINGS FOR CONGRESS,≤100
19972147679,SEIU,SEIU,≤100
192771954102960,Jordan Sekulow,American Center for Law and Justice,≤100
100382285111120,American Bells,Grant Alan Johnston,≤100
55549065733,Voto Latino,Voto Latino with Facebook Ad Credits,≤100
496696933682736,Jeff Merkley,JEFF MERKLEY FOR OREGON,≤100
288110884600563,Lean In,"Sheryl Sandberg & Dave Goldberg Family Foundation d/b/a LeanIn.Org, LLC",≤100
782093245218764,Qasim Rashid,RASHID FOR VA,≤100
105481140904672,Core Prestige,Core Prestige,≤100
121033149320,American Indian College Fund,"AMERICAN INDIAN COLLEGE FUND, THE",≤100
105455840860559,EagleRealm LLC,Eagle Realm,≤100
110439270638992,NE1else,Time Management LLc,≤100
202600839762879,I Am Pro-Life,Focus on the Family,≤100
1415935931999049,Justice Not Politics Alaska,Justice Not Politics Alaska,≤100
25121889784,Texas Public Policy Foundation,Texas Public Policy Foundation,≤100
1194865807192273,Conservative Gear,Outergoods LLC,≤100
360424321432255,Doha Debates,Doha Debates,≤100
2309566456030859,Human Coalition Action,PRO-LIFE TEXANS A HUMAN COALITION ACTION PAC,≤100
61265398450,AmeriCorps NCCC,Corporation for National and Community Service,≤100
1678492922390061,WorkingNation,WorkingNation,≤100
7341997111,Conservation International,Conservation International,≤100
83865976093,Truthout,TRUTHOUT,≤100
420424547981908,In Search of Liberty,Scott Dennis Welch,≤100
251632675552663,Rigged: The Voter Suppression Playbook,American Issues Initiative,≤100
740266592735787,Free to Be Kids,Free To Be Kids,≤100
112556903649130,Louder Than Hate,"Louder Than Hate, LLC",≤100
6333396177,NewsBusters.org,MEDIA RESEARCH CENTER,≤100