﻿Page ID,Page Name,Disclaimer,Amount Spent (USD)
153080620724,Donald J. Trump,TRUMP MAKE AMERICA GREAT AGAIN COMMITTEE,1825
925007000949719,ExxonMobil,Exxon Mobil Corporation,1010
1771156219840594,Team Trump,TRUMP MAKE AMERICA GREAT AGAIN COMMITTEE,788
7860876103,Joe Biden,BIDEN VICTORY FUND,462
140995982586105,West Virginia Department of Commerce,West Virginia Department of Commerce,434
24330467048,Americans for Prosperity,AMERICANS FOR PROSPERITY,324
1615018905412860,Progressive Turnout Project,PROGRESSIVE TURNOUT PROJECT,235
9324910069,NRSC,NRSC,198
791543660926838,"I'll go ahead and keep my guns, Thanks",2A4LIFE LLC,178
156968474833352,Stop Republicans,Stop Republicans,176
2352630938293825,Mytacticalpromos,Entremax,160
404794256289847,Americans for Prosperity - West Virginia,AMERICANS FOR PROSPERITY,150
665345483483486,NRA - National Rifle Association of America,NATIONAL RIFLE ASSN OF AMERICA,139
113891694102,Energy Citizens,AMERICAN PETROLEUM INSTITUTE,125
302182941354,AARP Advocates,AARP,122
103654464668995,Home With Our Family,Alexander Chung,121
20787991568,Senate Democrats,DSCC,118
127225910653607,PragerU,PragerU,116
108794587327155,Good Programs 2020,Trevor Dale Seaks,115
153080620724,Donald J. Trump,"DONALD J. TRUMP FOR PRESIDENT, INC.",111
1580652728851833,Jim Justice,Committee to Re-Elect Jim Justice,108
345504286342057,Keeping America Great Again,RightWingGear.com,105
158791100909689,Concerned Veterans for America,Concerned Veterans for America,102
96935476345,Democratic Governors Association (DGA),Democratic Governors Association,101
1316372698453411,Alexandria Ocasio-Cortez,Alexandria Ocasio-Cortez for Congress,≤100
2267285956849056,Donald Trump 2020 Fans,I Love My Freedom,≤100
127755494595870,Progressive Takeover,PROGRESSIVE TAKEOVER,≤100
1449461518652183,4Patriots,4Patriots LLC,≤100
1438619973099234,Moore for WV State Treasurer,Moore for West Virginia,≤100
706716899745696,Women for Trump,TRUMP MAKE AMERICA GREAT AGAIN COMMITTEE,≤100
92925746942,Judicial Watch,Judicial Watch,≤100
107858693983382,The GOP Shop,The GOP Shop,≤100
376250065793807,Citizens for Responsible Energy Solutions,Citizens for Responsible Energy Solutions,≤100
113460456730293,Ben Salango,Ben Salango for West Virginia,≤100
155901927790766,West Virginia American Water,West Virginia American Water Company,≤100
1010143499143169,Medicare Savings,"Mayo Labs, LLC",≤100
105577974544303,The USA Needs More Patriots,AmeriPolling,≤100
607626319739286,Black Voices for Trump,TRUMP MAKE AMERICA GREAT AGAIN COMMITTEE,≤100
112694470356789,Trumpcare For America,Stuart Joseph Millar,≤100
53541257714,The Arc of the United States,The Arc with Facebook Ad Credits,≤100
261663760956534,America First Policies,America First Policies Inc,≤100
101691091213750,The Empowerment Alliance,The Empowerment Alliance,≤100
213792049451918,Stand For America,Stand For America Inc,≤100
102671331487937,I Love My Freedom Store,I Love My Freedom,≤100
105756057589080,The Lincoln Project,The Lincoln Project,≤100
162607429210,Natalie Tennant,Natalie Tennant 2020,≤100
85452072376,Newsmax,Newsmax Media,≤100
176789922364429,Steve Daines,STEVE DAINES FOR MONTANA,≤100
100560711450721,Evangelicals for Trump,TRUMP MAKE AMERICA GREAT AGAIN COMMITTEE,≤100
717115395103069,PrintedKicks,Printed Kicks,≤100
785936231584382,Paula Jean Swearengin,Paula Jean for West Virginia,≤100
1788937671403838,Americans For Better Infrastructure,Americans for Better Infrastructure,≤100
165987503528599,Lindsey Graham,"TEAM GRAHAM, INC.",≤100
278490715553293,Martha McSally,MCSALLY FOR SENATE INC,≤100
228754857151053,House Majority PAC,House Majority PAC,≤100
106244251043808,Reuse Plastics,"AMERICAN CHEMISTRY COUNCIL, INC.",≤100
332716170522025,America First Action,America First Action,≤100
25852730092,Care2,Care2 Inc,≤100
481559282597914,TrumpersUnite,Respect The Look,≤100
1883837055193241,Shield Republic,Shield Republic,≤100
612701059241880,Latinos for Trump,TRUMP MAKE AMERICA GREAT AGAIN COMMITTEE,≤100
163577940643007,Mac Warner for West Virginia,Warner 2020,≤100
1374134752633656,New Health Plans,Shop Insurance Plans,≤100
132492254050920,American AF,AAF Nation,≤100
355316521236121,John Cornyn,TEXANS FOR SENATOR JOHN CORNYN INC.,≤100
159964696102,Kevin McCarthy,KEVIN MCCARTHY FOR CONGRESS,≤100
328072970642479,Jaime Harrison,JAIME HARRISON FOR US SENATE,≤100
49651563727,Live Action,Live Action,≤100
109111900634787,Reverend Raphael Warnock,WARNOCK FOR GEORGIA,≤100
172298889630363,Republican Attorneys General Association,REPUBLICAN ATTORNEYS GENERAL ASSOCIATION,≤100
114625730266879,Republican Voters Against Trump,Defending Democracy Together,≤100
834645469890446,Devin Nunes,DEVIN NUNES CAMPAIGN COMMITTEE,≤100
104856814505092,The Kids Guide,The Kids Guide,≤100
328853823844484,Balance of Power,Balance of Power,≤100
114710126648118,Republican Dogs,Republican Dogs,≤100
507320979474072,Stephanie Heck from Huntington West Virginia,Stephanie Hale Heck,≤100
100137754724934,Trump 2020 Supporters,Proud Right Winger,≤100
292351509697,Jerusalem Prayer Team,Jerusalem Prayer Team,≤100
277005566267077,Blueland,Blueland,≤100
105084617912738,PatriotQuizzes,patriotquizzes.com,≤100
57259033959,AARP,AARP,≤100
23875187730,Feeding America,Feeding America,≤100
23996308754,Senate Conservatives,SENATE CONSERVATIVES FUND,≤100
109379100777665,Patriotism Isn't Dead,Patriot Polling,≤100
106094077803532,Our National Family,Patrick Le Tran,≤100
602714436529710,End Citizens United,END CITIZENS UNITED,≤100
96935476345,Democratic Governors Association (DGA),DEMOCRATIC ACTION,≤100
55218624590,Adagio Health,Adagio Health,≤100
366869404022017,Josh Holstein House of Delegates,Joshua Allen Holstein,≤100
106114264313679,Hunt The Vote,"Hunter Nation, Inc",≤100
8934429638,Planned Parenthood Action,Planned Parenthood Action Fund,≤100
429812024048177,Doug Jones for Senate,DOUG JONES FOR SENATE COMMITTEE,≤100
830121337093232,National Democratic Training Committee,NATIONAL DEMOCRATIC TRAINING COMMITTEE PAC,≤100
15188122178,The Hamilton Collection,The Hamilton Collection,≤100
100357018393041,Together We Stand,Grant Alan Johnston,≤100
142665849854371,House Freedom,HOUSE FREEDOM FUND,≤100
6204742571,Sierra Club,SIERRA CLUB,≤100
105829564471772,Patriots Stand Together,Trizzie Truong,≤100
337078514464,Bob Beach for WV Agriculture Commissioner 2020,Committee to Re-Elect Bob Beach State Se,≤100
7976226799,The Daily Show,Comedy Central,≤100
677005135756125,Community Catalyst Action Fund,Community Catalyst Action Fund,≤100
461204744067686,Family Protection Association,Family Protection Association,≤100
193618220508,LIFE Today,LIFE Outreach International,≤100
373814729643508,Let America Vote,Let America Vote PAC and National Democratic Redistricting Committee,≤100
533987556776948,Campaign for Sustainable Rx Pricing,Campaign for Sustainable Rx Pricing,≤100
106645684412573,Cover Air Medical,Cover Air Medical,≤100
681745912255844,John Cummings for Congress,CUMMINGS FOR CONGRESS,≤100
359477377917,American Federation for Children,American Federation for Children,≤100
530604487365010,Old Glory Flagpole Kits,Service First,≤100
215968684159,AFT - American Federation of Teachers,American Federation of Teachers,≤100
259130650776119,Mitch McConnell,MCCONNELL SENATE COMMITTEE,≤100
25055115099,Intuit,INTUIT INC.,≤100
737686089933715,Conservative Collections,Mainline Media Group,≤100
103966331128460,Trump Train 2020 Campaign Tour,The Trump Train,≤100
112834003831478,TBAF West Virginia,Justin Daniel Hill,≤100
101481584557260,Help Asheville Bears-HAB,Heather Christina Williams,≤100
1911392249083607,West Virginia Municipal League,West Virginia Municipal League,≤100
327837911149503,2A4Life,2A4LIFE LLC,≤100
101279451606075,Democratic Strategy Institute,Democratic Strategy Institute,≤100
1799282383731277,TwoSeventy,Alexander Jared Deutsch,≤100
90022052772,Williams,"WILLIAMS COMPANIES, INC., THE",≤100
101459098271864,Vets United,Korie Lynn Padgett,≤100
555787351119974,Coalition to Protect America's Health Care,Coalition to Protect America's Health Care,≤100
111428049989,Cal Cunningham,CAL FOR NC,≤100
106323360959211,Patriots Republic,Matthew James Stine,≤100
1194865807192273,Conservative Gear,Outergoods LLC,≤100
192015461630968,Supporting Our Brave Veterans,James Brian Plouf,≤100
5435784683,Greenpeace USA,"GREENPEACE, INC.",≤100
971668776283950,PolicyEd,Hoover Institution,≤100
788394134539871,USPS Business,United States Postal Service,≤100
17911165812,Covenant House International,Covenant House,≤100
101242881236945,Kunkel for Congress,KUNKEL FOR CONGRESS,≤100
103597604713894,Team Trump Store,TRUMP MAKE AMERICA GREAT AGAIN COMMITTEE,≤100
106224464107240,Jo Jorgensen,Jo Jorgensen for President,≤100
18982436812,ACLU,American Civil Liberties Union,≤100
105577974544303,The USA Needs More Patriots,Anthony Alexander Morales,≤100
560140464159364,Stand for the 2nd Amendment,SFT2 Tactical Supply,≤100
259212814698356,Democratic Majority for Israel,Democratic Majority for Israel,≤100
6231686654,Compassion International,"COMPASSION INTERNATIONAL, INCORPORATED",≤100
33110852384,Doctors Without Borders/ Médecins Sans Frontières (MSF),Doctors Without Borders/Médecins Sans Frontières (MSF),≤100
8550121410,Free Speech America Project,MEDIA RESEARCH CENTER,≤100
596556607135301,The Earthling Co.,The Earthling Co.,≤100
100256754899828,Patriot's Cave,Patriots Cave,≤100
46093654473,National Republican Congressional Committee,NRCC,≤100
112635417131908,Jackson Healthcare Heroes - SEIU 1991,Jackson Healthcare Heroes - SEIU 1991,≤100
305832706292882,American Gun Association,GunAssociation.org,≤100
101459098271864,Vets United,Jae W Seo,≤100
245284549333866,ASMDSS,ASMDSS,≤100
1109093812491437,Blaze Media,Blaze Media LLC,≤100
6041057841,The Humane Society of the United States,"HUMANE SOCIETY OF THE UNITED STATES, THE",≤100
101690998009007,Improving Life Through Health,Nicolette Dalan,≤100
112974563687584,Robert Kiyosaki - The Rich Dad Poor Dad Letter,Long Form Creative Co.,≤100
80562389320,NARAL Pro-Choice America,NARAL Pro-Choice America,≤100
107398241021186,The John Lewis Bridge Project,John Lewis Bridge Project,≤100
6820348410,Kirsten Gillibrand,Off the Sidelines,≤100
598924810530984,Keeping America Great,FamTeeWorld,≤100
109709397469494,Dignity Unbound,Dignity Unbound,≤100
373814729643508,Let America Vote,LET AMERICA VOTE PAC,≤100
1061240530648502,Joe Collins,JOE COLLINS FOR CONGRESS,≤100
167586229923327,World Food Program USA,World Food Program USA,≤100
2185993931653388,The Recount,"Recount Media, Inc",≤100
629732217415068,Republican Party,Greater Half,≤100
530604487365010,Old Glory Flagpole Kits,Service First Flag Poles,≤100
100637888239523,Free Reign For All,Kin Ngai Yeung,≤100
564848637000203,Denise Campbell for West Virginia Senate -11th Senatorial District,Denise Lynne Campbell,≤100
105455840860559,Eagle Realm,Eagle Realm,≤100
101165966152,AFL-CIO,AFL-CIO,≤100
113474173781579,American Apparel AA,Click Wonders,≤100
2353537341582545,Proud Patriots,Proud Patriots,≤100
8325302025,Friends of the Earth U.S.,Friends of the Earth,≤100
21559454473,FAIR,FEDERATION FOR AMERICAN IMMIGRATION REFORM,≤100
1438808983108348,BOLD PAC,CHC BOLD PAC,≤100
2309566456030859,Human Coalition Action,Human Coalition Action,≤100
7814597100,Jim Jordan for Congress,JIM JORDAN FOR CONGRESS,≤100
111393882812494,Amy McGrath,"AMY MCGRATH FOR SENATE, INC.",≤100
342294162453301,Planned Parenthood,Planned Parenthood Federation of America,≤100
131217580266597,National Council on Aging,"NATIONAL COUNCIL ON AGING, INC.",≤100
417522508294454,Job Creators Network,Job Creators Network,≤100
2330577043935831,Sara Gideon,SARA GIDEON FOR MAINE,≤100
163148530407080,Captain Mark Kelly,MARK KELLY FOR SENATE,≤100
184731548554164,PL+US,Plus Fund: Paid Leave for the United States,≤100
104170004713256,Elect Black Democrats,THE COLLECTIVE PAC,≤100
1526736227567131,TrueCoverage,True Coverage,≤100
168051710543266,Lacy Johnson,Lacy Johnson for Congress,≤100
8047221596,Save the Children US,"SAVE THE CHILDREN FEDERATION, INC.",≤100
104325304445549,John King For Sheriff,John Edward King,≤100
977704775606273,Balls Deep Tackle,Balls Deep Tackle,≤100
107589664099282,Stand Up To China,"Stand Up To China, Inc.",≤100
87186661244,Johns Hopkins Bloomberg School of Public Health,Johns Hopkins Bloomberg School of Public Health,≤100
420785874975425,Conservative Institute,The Conservative Institute,≤100
342887442508723,Convention of States,Convention of States Action,≤100
109784800371914,Protect Kids: Fight Flavored E-Cigarettes,TOBACCO-FREE KIDS ACTION FUND,≤100
130851487657790,Grapevine Logic,Grapevine Logic,≤100
1336293769761923,Jon Ossoff,JON OSSOFF FOR SENATE,≤100
42002969352,Center on Budget and Policy Priorities,Center on Budget and Policy Priorities,≤100
153678684700451,American Investment Council,AMERICAN INVESTMENT COUNCIL,≤100
257019421075897,Cory Gardner,Cory Gardner for Senate,≤100
1118500958164482,Rodney Miller WV House of Delegates,Rodney Miller for WV House,≤100
6333396177,NewsBusters.org,MEDIA RESEARCH CENTER,≤100
188021101215532,Dulce Candy,Grapevine Logic,≤100
225849544123723,West Virginia Association of Counties,West Virginia Association of Counties,≤100
309798029121030,Everytown for Gun Safety,Everytown for Gun Safety Action Fund Inc,≤100
108363924220843,Stacy Brooks for 4th District Judge,Brooks for Judge,≤100
934438026690635,YouGov,YOUGOV AMERICA INC.,≤100
309308412520731,Sandy Hook Promise,Sandy Hook Promise,≤100
129255907131113,NumbersUSA,NUMBERSUSA EDUCATION AND RESEARCH FOUNDATION,≤100
1836138529938551,Greater Half,Greater Half,≤100
843746255767582,Dakota Nelson for House District 16,Dakota Nelson 2020,≤100
15687409793,World Wildlife Fund,World Wildlife Fund,≤100
106949844346620,Trumpian Republicans,Gregory Lawrence Burright,≤100
296708523873754,Karla Dennis and Associates Inc.,"Karla Dennis & Associates, Inc",≤100
223008867858902,American Action News,American Action News,≤100
38235851310,USA for UNHCR,UNITED STATES ASSOCIATION FOR UNHCR,≤100
115379705206001,U.S. Department of Homeland Security Blue Campaign,DHS Blue Campaign,≤100
104051398040027,CCW Online Now_,Concealed Country,≤100
1556932204325823,ProgressPop,ProgressPop,≤100
7833534974,Florida Democratic Party,Florida Democratic Party,≤100
110746996993983,The 'Gander Newsroom,"Courier Newsroom, Inc.",≤100
720943967965149,AFSCME Retirees,AMERICAN FEDERATION OF STATE COUNTY & MUNICIPAL EMPLOYEES,≤100
8532248414,Wounded Warrior Project,"WOUNDED WARRIOR PROJECT, INC.",≤100
911828698840246,ReLEntless Defender Apparel,ReLEntless Defender Apparel,≤100
1228396643984955,Michelle Steel,Michelle Steel for Congress,≤100
102875587947942,Keep Trump In Office,Keep Trump In Office,≤100
593289284500311,Trump Rack,BOXD Marketing,≤100
166618413413767,Jay Sekulow,American Center for Law and Justice,≤100
130467958471,Jason Lewis,Jason Lewis for Senate,≤100
103644036958,United Association,United Association Political Education Committee,≤100
462829100921650,STOP Sexual Assault - Legal Help,These ads ran without a disclaimer,≤100
111023584012681,Open Road Homeward,Samantha Lyn Weldon,≤100
113666459994300,Big Dan Rodimer for Congress,RODIMER FOR CONGRESS,≤100
172758932738142,PhRMA,PHARMACEUTICAL RESEARCH AND MANUFACTURERS OF AMERICA,≤100
120939708684,West Virginia Center on Budget and Policy,WEST VIRGINIA CENTER ON BUDGET AND POLICY,≤100
45393753416,Alliance Defending Freedom,Alliance Defending Freedom,≤100
16477459734,League of Conservation Voters,"LEAGUE OF CONSERVATION VOTERS, INC",≤100
163302087408673,Stop The Donald,Stop the Donald,≤100
101210588150219,Boy Scouts Abuse Claims,X Social Media LLC,≤100
679171239164792,Supermajority,Supermajority,≤100
107898280953713,Make Every Day Great,Richard Brochetti,≤100
405469100189512,Still My President - Donald Trump,Red State Politics LLC,≤100
360424321432255,Doha Debates,Doha Debates,≤100
433919203362871,Bird + Stone,BIRD & STONE INC,≤100
21375324480,The Heritage Foundation,HERITAGE FOUNDATION (THE),≤100
105732744375701,Steve Bullock,MONTANANS FOR BULLOCK,≤100
5720973755,Defenders of Wildlife,DEFENDERS OF WILDLIFE,≤100
209516845093,NRDC Action Fund,NRDC Action Fund,≤100
114971076538782,The Keystone,"Courier Newsroom, Inc.",≤100
149081336362,AmeriCorps VISTA,Corporation for National and Community Service,≤100
894096170667732,Ashley Hinson,Ashley Hinson For Congress,≤100
237477017606,Club for Growth,Club for Growth,≤100
178835922297833,American Clinical Laboratory Association,American Clinical Laboratory Association,≤100
354586505391697,Derrick Evans - The Activist,Derrick Evans,≤100
746938465317981,Nuclear Matters,Nuclear Matters,≤100
120597324633465,West Virginians for Affordable Health Care,WEST VIRGINIANS FOR AFFORDABLE HEALTH CARE INC.,≤100
605168822998856,314 Action,314 ACTION FUND,≤100
67945990059,The American Petroleum Institute,The American Petroleum Institute,≤100
215830238462422,The LIBRE Initiative,The Libre Initiative,≤100
113223650193301,MAGA REVOLUTION,Apse Media LLC,≤100
113483583785181,Patriotic Citizens,Vivian Lam Nguyen,≤100
118303441570966,Home Ownership Matters,NATIONAL ASSOCIATION OF REALTORS,≤100
281844617168,Jewish Voice Ministries International,JEWISH VOICE MINISTRIES INTERNATIONAL,≤100
101397981292,SEIU District 1199,SEIU District 1199,≤100
592707041080920,Stand Together,Stand Together Chamber of Commerce Inc.,≤100
19972147679,SEIU,SEIU,≤100
1268410219898273,Tango Tango,Tango Tango Inc,≤100
376776419037747,Turning Point USA,Turning Point USA,≤100
126694924050678,Xavier Becerra,Becerra for Attorney General 2022,≤100
139599847972,National Nurses United,National Nurses United,≤100
115364585711,Lawyers' Committee for Civil Rights Under Law,Lawyers' Committee for Civil Rights Under the Law with Facebook Ad Credits,≤100
465483726908192,iVote,IVote Civic Education Fund,≤100
305894606423160,ParentsTogether,ParentsTogether,≤100
2012750189007245,Liquid Death Mountain Water,Liquid Death,≤100
18492769291,Faithful America,Faithful America,≤100
103801844298982,Team Collins,COLLINS FOR SENATOR,≤100
1912943255631432,Renee Hoyos for Congress,HOYOS FOR CONGRESS,≤100
100233228182981,Madison Cawthorn for Congress,CAWTHORN FOR NC,≤100
174467403129304,Yoopine,Yoopine Inc.,≤100
303061950155375,John James,"JOHN JAMES FOR SENATE, INC.",≤100
106487520883333,Cardinal & Pine,"Courier Newsroom, Inc.",≤100
241253672599689,Restaurants Act,National Restaurant Association,≤100
105060677844787,Bill Savings,Bill Savings,≤100
227764782729,AMERICAN - STRONG!,American Strong LLC,≤100
109092142462587,Adam Schiff,SCHIFF FOR CONGRESS,≤100
97493741436,John W. Hickenlooper,HICKENLOOPER FOR COLORADO,≤100
293225127381200,Patriot Depot,The Patriot Depot,≤100
102745147891580,Trump Coolers,Eric Clifford Juels,≤100
109360297266116,Fearless Patriot,TERESA NONE OHARA-MARSH,≤100
5943727453,American Humane,American Humane,≤100
950998258312654,Knowhere,"Knowhere, Inc.",≤100
105536127617594,The American Digest,The American Digest,≤100
15041226930,Oxfam,"OXFAM AMERICA, INC.",≤100
105370081104608,Veterans for Trump,TRUMP MAKE AMERICA GREAT AGAIN COMMITTEE,≤100
169277310432049,"Texas Precision Optics, Inc.",Texas Precision Optics Inc,≤100
101591551371555,Fire Mitch. Save America.,SAVE AMERICA FUND,≤100
232201568659,Pacific Justice Institute,PACIFIC JUSTICE INSTITUTE,≤100
102835311215458,Dan Dulyea for Martinsburg Mayor,Committee to Elect Dan Dulyea,≤100
118269091671380,The Home T,The Home T,≤100
81372493950,POET,"POET, LLC",≤100
1447994318779650,AirMedCare Network,AIrMedCare Network,≤100
416529938945387,Eric Nelson for WV Senate,Committee to Elect Eric Nelson,≤100
18813753280,Human Rights Campaign,"HUMAN RIGHTS CAMPAIGN, INC.",≤100
7292655492,MoveOn,MOVEON.ORG POLITICAL ACTION,≤100
159597424207730,David Perdue,PERDUE FOR SENATE,≤100
27544763621,Prison Fellowship,Prison Fellowship,≤100
265268336865693,Do Amore,Do Amore Limited Company,≤100
50982313030,Food & Water Watch,Food & Water Watch,≤100
192771954102960,Jordan Sekulow,American Center for Law and Justice,≤100
169597416843751,Stand Up America,Stand Up America,≤100
1316372698453411,Alexandria Ocasio-Cortez,THE SQUAD VICTORY FUND,≤100
205395906412,UAW International Union,"INTERNATIONAL UNION, UNITED AUTOMOBILE, AEROSPACE AND AGRICULTURAL IMPLEMENT WORKERS OF AM",≤100
107100254405758,Groundwork Action,Groundwork Action,≤100
245741028804051,Barbara Sinatra Center,Barbara Sinatra Children's Center,≤100
100101018155207,Paid Leave for All,Paid Leave for All a project of Hopewell Fund,≤100
586751814690068,Joni Ernst,Joni for Iowa,≤100
102592959026,Ocean Conservancy,"OCEAN CONSERVANCY, INC.",≤100
1545826148838592,Trump 2020,Gregory Lawrence Burright,≤100
36872302227,Cory Booker,Cory Booker for Senate,≤100
104373526741700,Save Our Air Medical Resources,Save Our Air Medical Resources,≤100
114386721939978,The Made in America Store,Made In America Store,≤100
157810487611661,Freethink,Freethink,≤100
109678580574253,Politicool Clothing Co.,PolitiCoolClothing.com,≤100
496696933682736,Jeff Merkley,JEFF MERKLEY FOR OREGON,≤100
30708742052,FCTRY,FCTRY,≤100
38471053686,Elizabeth Warren,"WARREN DEMOCRATS, INC.",≤100
10150100007820094,Wendy Davis,WENDY DAVIS FOR CONGRESS,≤100
11791104453,NRDC,Natural Resources Defense Council,≤100
1841824626073676,Candace Valenzuela for Congress,CANDACE FOR 24,≤100
135298176481584,Marine Corps Scholarship Foundation,Marine Corps Scholarship Foundation,≤100
176099072429809,Oceana in Florida,OCEANA,≤100
206677396413254,Abortion On Our Own Terms,Abortion On Our Own Terms,≤100
7263476274,Mercy Corps,Mercy Corps,≤100
134452023239984,Human Coalition,Human Coalition,≤100
110018833813683,Flip the Senate,SMP,≤100
110010433804232,Falkirk Center,Falkirk Center,≤100
100391581727524,Defeat By Tweet,DEFEAT BY TWEET,≤100
143729616392084,Van Drew for Congress,Van Drew for Congress,≤100
443329669123990,USAFacts,USAFacts Institute,≤100
94047978366,PCCC - BoldProgressives.org,PROGRESSIVE CHANGE CAMPAIGN COMMITTEE,≤100
158088001464352,Selina Vickers,Team Vickers,≤100
1551109418518461,The Honest Patriot,Amundson Media LLC,≤100
134597023235240,Rashida Tlaib,RASHIDA TLAIB FOR CONGRESS,≤100
35169196082,Project HOPE,"PROJECT HOPE-THE PEOPLE-TO-PEOPLE HEALTH FOUNDATION, INC.",≤100
106756327769815,Stand For The Promise,Stand For The Promise,≤100
356482637745012,Stansberry Research,Stansberry Research,≤100
32975139631,If Americans Knew,If Americans Knew,≤100
113271610392632,Tim Bohen,Long Form Creative Co.,≤100
249455845761285,Lindsey Must Go,LMG PAC,≤100
260933440643373,UltraViolet,UltraViolet Action,≤100
6820348410,Kirsten Gillibrand,Gillibrand for Senate,≤100
548407915183371,Liz Cheney,Liz Cheney for Wyoming,≤100
1562713090633117,Operation Underground Railroad,"Operation Underground Railroad, Inc.",≤100
103235554648484,Elect Scientists,314 ACTION FUND,≤100
18709174006,National Audubon Society,"NATIONAL AUDUBON SOCIETY, INC.",≤100
75305414159,National Beer Wholesalers Association,National Beer Wholesalers Association,≤100
107150077720746,American Collectibles,Proud Patriots,≤100
329284771298646,Issue One Action,Issue One Action,≤100
53727956260,Republican Jewish Coalition,Republican Jewish Coalition,≤100
260754507296508,The Voter Participation Center,Voter Participation Center,≤100
67626834312,National Women's Law Center,National Women's Law Center,≤100
1003562459729504,Transportation Nation Network,Transportation Nation Network,≤100
8914040942,Chesapeake Bay Foundation,"CHESAPEAKE BAY FOUNDATION, INC., THE",≤100
30914589895,The International Fellowship of Christians and Jews,"INTERNATIONAL FELLOWSHIP OF CHRISTIANS & JEWS, INC.",≤100
129523843754764,Vote Smart,PROJECT VOTE SMART,≤100
21472760578,C-SPAN,C-SPAN,≤100
55549065733,Voto Latino,VOTO LATINO INC.,≤100
96171427550,Raja for Congress,FRIENDS OF RAJA FOR CONGRESS,≤100
1600352356914768,PushBlack,PushBlack,≤100
143089732792,Marsha Blackburn,Blackburn Tennessee Victory Fund,≤100
44255328352,Farm Forward,Farm Forward,≤100
101136147910784,Represent Justice,Represent Justice,≤100
896759427103774,Modern Medicaid Alliance,Modern Medicaid Alliance,≤100
24481937944,Theodore Roosevelt Conservation Partnership,"THEODORE ROOSEVELT CONSERVATION PARTNERSHIP, INC",≤100
107572730809638,End Money Bail California,"End Predatory & Unfair Money Bail, a coalition of justice reform and labor organizations. Committee major funding from Action Now Initiative, LLC, Patty Quillin, and Lynn Schusterman. Funding Details at www.fppc.ca.gov.",≤100
108220160978728,Together We Stand Strong,Vivian Lam Nguyen,≤100
248181906078243,National Institute for Civil Discourse,CommonSense American,≤100
1530883997194411,United States Constitution,Flag and Cross,≤100
344690446467832,The Copper Courier,"Courier Newsroom, Inc.",≤100
201248453800242,My Pay My Say,Mackinac Center for Public Policy,≤100
197760674021143,Indivisible Guide,INDIVISIBLE ACTION,≤100
183424985463330,Joe Cunningham,JOE CUNNINGHAM FOR CONGRESS,≤100
102916288137405,The Daily Republican,USA Movements LLC,≤100
375760676281438,Mermaid Straw,Mermaid Straw,≤100
412739549455010,Karena Reiter,PrimaDonna Reeds,≤100
601108943431836,The Flip Side,TFS Inc,≤100
101391906600,Live Action News,Live Action News,≤100
181183059253295,Dorsal Bracelets,Dorsal Bracelets,≤100
110798880680061,USA Strong,USA Strong,≤100
272618896537776,America First Agenda,America First Agenda PAC,≤100
201956993160690,MRCTV,MEDIA RESEARCH CENTER,≤100
21395843375,Dialysis Patient Citizens,DIALYSIS PATIENT CITIZENS INC,≤100
780941275347834,Ilhan Omar,ILHAN FOR CONGRESS,≤100
219224241438635,Compassion & Choices,COMPASSION & CHOICES,≤100
102564128179023,Truth to Power,TRUTH TO POWER,≤100
278487153675,Redneck Nation Clothing,Tracie Milliron Gold,≤100
360303722260,Kathleen Williams,KATHLEEN WILLIAMS FOR MONTANA,≤100
1079789672084038,SimonBooks,Simon & Schuster,≤100
151525932186806,When Democrats Turn Out,WHEN DEMOCRATS TURN OUT PAC,≤100
814260155318929,The Fairness Project,The Fairness Project,≤100
83290028957,Care Net,CARE NET,≤100
100401327980848,National Parents Union,National Parents Union,≤100
102478061559294,Convention on Founding Principles,Convention on Founding Principles,≤100
675471506247724,Adair for Congress,ADAIR FOR CONGRESS,≤100
122894447754361,Institute for New Economic Thinking,"INSTITUTE FOR NEW ECONOMIC THINKING, THE",≤100
221690171353068,Jay Obernolte,JAY OBERNOLTE FOR CONGRESS 2020,≤100
102636677971854,Trump Is The Storm,Legendary Trump Coins,≤100
711909245654048,National Police Support Fund,National Police Support Fund,≤100
242679302418244,Denison Forum,Denison Ministries,≤100
23790541544,Democrats,DCCC,≤100
217976018236954,OutKick,Outkick Media LLC,≤100
408250066356,Bill O'Reilly,"Bill Me, Inc.",≤100
123624513983,The Western Journal,The Western Journal,≤100
104667417857551,United Association LLC,United Association LLC,≤100
215199482635728,Alek Skarlatos,ALEK FOR OREGON,≤100
102540204580217,UpNorthNews,"Courier Newsroom, Inc.",≤100
1925751504337881,MJ Hegar,MJ FOR TEXAS,≤100
384557995468219,Viral Casez,Viral Casez,≤100
357554791340788,Liker,Omar Rivero,≤100
657708380952174,Voices of the Civil Rights Movement,Comcast,≤100
7219151423,The Fund for American Studies (TFAS),The Fund for American Studies,≤100
5633824547,FreedomWorks,"FREEDOMWORKS, INC.",≤100
158020364262665,Dominion Energy,Dominion Energy,≤100
169710960125365,Curzio Research,Curzio Research Inc.,≤100
592347634460462,Partnership for America's Health Care Future,Partnership for America's Health Care Future,≤100
117437204982602,American Wild Horse Campaign,American Wild Horse Campaign,≤100
802271849850801,Freedom for All Americans,Freedom for All Americans,≤100
79820371749,Ayanna Pressley,THE SQUAD VICTORY FUND,≤100
58158120046,ACLJ,American Center for Law and Justice,≤100
79125112926,Students for Life of America,"STUDENTS FOR LIFE OF AMERICA, INC.",≤100
780606555331010,American Student Loan Advocate,ASLR Marketing,≤100
747436915270894,Congressional Leadership Fund,CONGRESSIONAL LEADERSHIP FUND,≤100
113341064736,American Conservative Union,American Conservative Union,≤100
303167829786891,Ed Markey,THE MARKEY COMMITTEE,≤100
1636216106590985,Josh Hawley,JOSH HAWLEY FOR SENATE,≤100
1721467687891795,Partnership for Conservation,Partnership for Conservation,≤100
104504438466,Federal Voting Assistance Program - FVAP,Federal Voting Assistance Program,≤100
108506830560787,Jessica Scarane,JESS SCARANE FOR DELAWARE,≤100
216705888361546,Elbert Lee Guillory,ELBERT GUILLORY'S AMERICA,≤100
195530355493,Chicks On The Right,Chicks on the Right,≤100
113310617054164,Trump Baseball Bats,Trump Baseball Bats,≤100
308159713150350,Voter Protection Project,VOTER PROTECTION PROJECT,≤100
21834534343,Volunteers of America,"VOLUNTEERS OF AMERICA, INC.",≤100
111237577031486,AquiPor Technologies,William Powers,≤100
107654924064350,Pat Timmons-Goodson,PATRICIA TIMMONS-GOODSON FOR CONGRESS,≤100
2078647579047586,Project Pulso,Project Pulso,≤100
228132537208218,Tammy Duckworth,TAMMY FOR ILLINOIS,≤100
394817334402124,2020 Trump Bill,Innovative Ecomm LLC,≤100
61265398450,AmeriCorps NCCC,Corporation for National and Community Service,≤100
6713653788,Gary Peters,PETERS FOR MICHIGAN,≤100
103376804451432,Trending Politics,Making Web LLC,≤100
407664862957433,Ammar Campa-Najjar for Congress,AMMAR CAMPA-NAJJAR FOR CONGRESS,≤100
103185334702225,Stop Trump PAC,STOP 45 PAC,≤100
112735922758892,Charlie Kirk,Charlie Kirk,≤100
114475890010131,Piggy Dollar Financial,Tyler Wayne Hedland,≤100
6236054211,Brady,Brady Campaign to Prevent Gun Violence,≤100
108152933883451,TrumpTrendz,Troy Lorenzo Davis,≤100
102617961152741,Barbara Bollier,BOLLIER FOR KANSAS,≤100
717417908274761,Lady Freethinker,Lady Freethinker,≤100
13063797831,Ben Ray Luján,PEOPLE FOR BEN,≤100
281835005264380,Eric Swalwell,SWALWELL FOR CONGRESS,≤100
683872625157265,Theresa Greenfield,THERESA GREENFIELD FOR IOWA,≤100
103162411257510,Trumplican,USA Movements,≤100
519590768083165,Abby Finkenauer for Congress,FINKENAUER FOR CONGRESS,≤100
6165653060,AFSCME,AMERICAN FEDERATION OF STATE COUNTY & MUNICIPAL EMPLOYEES,≤100
210277954204,The Young Turks,"The Young Turks, Inc.",≤100
357750373755,National Domestic Workers Alliance,National Domestic Workers Alliance,≤100
19342050934,Leadership Institute,LEADERSHIP INSTITUTE INC,≤100
15239367801,The Wilderness Society,"WILDERNESS SOCIETY, THE",≤100
892673067526965,Project War Path,Project War Path,≤100
29008276590,The Salvation Army Greater New York Division,The Salvation Army,≤100
330641537286442,Virginia Constitutional Conservatives,Virginia Constitutional Conservatives,≤100
1389807071117013,Lynn Afendoulis,Lynn Afendoulis for Congress,≤100
103478627781763,Spring & Vine,These ads ran without a disclaimer,≤100
1709145412721991,The Center for Growth and Opportunity at Utah State University,The Center for Growth and Opportunity,≤100
303817256420208,Leslie Rutledge for Arkansas,Leslie Rutledge for Governor,≤100
103131054573692,Crawfordology,Crawfordology,≤100
72931140459,Center for Biological Diversity,"CENTER FOR BIOLOGICAL DIVERSITY, INC.",≤100
1721333671443168,Majority Forward,MAJORITY FORWARD,≤100
2259323457517498,Abolish the Electoral College,ABOLISH THE ELECTORAL COLLEGE,≤100
827635050909666,Robin for House,Dianna Robin Cutlip,≤100
108683164271262,Patriots for Life,Grant Alan Johnston,≤100
325578590837480,Obamacare,Sixteen Thirty Fund,≤100
107665644228467,Conservative Journal Review,Conservative Journal Review LLC,≤100
108090464296366,Republican Patriots,I Love My Freedom,≤100
361960287311696,Better Medicare Alliance,"Better Medicare Alliance, Inc",≤100
112600915451330,No Labels,No Labels,≤100
275908853303174,Pro-Israel America,Pro-Israel America United,≤100
410825846009652,Commune,"Commune Media, Inc.",≤100
253791814655400,Doug Collins,"COLLINS FOR SENATE, INC.",≤100
946887545335976,Association of American Universities,The Association of American Universities (AAU),≤100
103929304678916,Voter Action Project,Integrity First Voter Action Project,≤100
1690071827911682,Cleancult,cleancult,≤100
101237551589520,Tactical Patriot,Trizzie Truong,≤100
106333599442854,Marcellus Drilling News,Marcellus Drilling News,≤100
366351973736242,Red Rock Secured,Red Rock Secured,≤100
121033149320,American Indian College Fund,"AMERICAN INDIAN COLLEGE FUND, THE",≤100
1055873511190792,Hello Resistance,Hello Resistance Apparel,≤100
77130778113,Coalition for Medicare Choices,Coalition for Medicare Choices,≤100
551199354892891,Rep. Sean Patrick Maloney,The Office of Congressman Sean Patrick Maloney,≤100
21455818797,Feed the Children,"FEED THE CHILDREN, INC.",≤100
153278754738777,Climate Reality,The Climate Reality Project,≤100
106868314285372,The Finance Kit,DYS Capital LLC,≤100
7962229886,Environmental Working Group,ENVIRONMENTAL WORKING GROUP,≤100
277414242013,Joyce Elliott for Congress,JOYCE ELLIOTT FOR CONGRESS,≤100
104684067632334,Unite the Country,UNITE THE COUNTRY,≤100
166738743732702,All Above All Action,All Above All Action Fund,≤100
51275855094,Bobby Jindal,AMERICA NEXT INC,≤100
291102898490822,Giant Maga Hat,Inventors club LLC,≤100
1084856268238034,Trump Talking,Roberto None Lugo,≤100
138141366212571,Gravis Marketing,GRAVIS MARKETING INC.,≤100
191247007554047,Center of the American Experiment,Center of the American Experiment,≤100
183792172090826,Northern Virginia Clean Water Partners,Northern Virginia Regional Commission,≤100
324119001078997,"Sanford Heisler Sharp, LLP","Sanford Heisler Sharp, LLP",≤100
109463607456179,Strategist Maestro,These ads ran without a disclaimer,≤100
316887658336677,My Control Card,"NETSPEND HOLDINGS, INC.",≤100
1060893677384918,US Tech Workers,U.S. Tech Workers,≤100
173470656019870,The Daily Yonder,Great Stories LLC,≤100
309993142375589,Joe Kennedy III,KENNEDY FOR MASSACHUSETTS,≤100
243024209110836,Senator Robert Karnes,Robert Lee Karnes,≤100
419237048158257,Susan Collins,COLLINS FOR SENATOR,≤100
27311599342,Preemptive Love,Preemptive Love Coalition,≤100
100798594958887,inseparable,Inseparable Action Inc,≤100
181924628560212,SumOfUs,SumOfUs,≤100
8225139261,New York Republican State Committee,NEW YORK REPUBLICAN STATE COMMITTEE,≤100
1917715138510680,Follow Your Legend,Legend Bracelet,≤100
256043277748645,NetChoice,NETCHOICE,≤100
15351475322,Cathy McMorris Rodgers,Cathy McMorris Rodgers for Congress,≤100
2081864865362439,Mike Espy,MIKE ESPY FOR SENATE CAMPAIGN COMMITTEE,≤100
8321461609,MomsRising.org,MomsRising Education Fund,≤100
143986912311328,University of Vermont Continuing and Distance Education,University of Vermont,≤100
116546288359245,Heritage Action for America,HERITAGE ACTION FOR AMERICA,≤100
103480457738439,"Science, Technology and Society",These ads ran without a disclaimer,≤100
655065784538368,PredictIt,"PredictIt - Prediction Markets. A project of Victoria University of Wellington, PredictIt has been established to facilitate research into the way markets forecast events.",≤100
1852520761657982,4ocean,4ocean,≤100
21492729544,Catholic Relief Services,CATHOLIC RELIEF SERVICES - UNITED STATES CONFERENCE OF CATHOLIC BISHOPS,≤100
1438882392887793,ADF Church Alliance,Alliance Defending Freedom,≤100
107210084216238,Humanity Forward,Humanity Forward,≤100
313426465202,Arizona Wildlife Federation,ARIZONA WILDLIFE FEDERATION,≤100
103315378108004,True Patriot Strength,LE-HUU DONG HUYNH,≤100
90498769709,Edenpure,EdenPURE®,≤100
374848446414965,Pollking,Benjamin Aaron Perlman,≤100
176466646087311,DC Fawcett,Donald Chappell Fawcett,≤100
373980880018659,Congresswoman Abigail Spanberger,the Office of Rep. Spanberger,≤100
721000238103165,Eric Early,Eric Early,≤100
336470580233523,Pins and Aces Golf Co.,US Craft Brands LLC,≤100
282861997886,Majority Leader Steny Hoyer,House Majority Leader Steny Hoyer (MD05),≤100
103150364587807,Gun Owners Care,National Shooting Sports Foundation,≤100
161356730701227,Amanda Stuck,Amanda Stuck for Congress,≤100
155443277896065,Dane Eagle,Dane Eagle For Congress,≤100
101139764811693,Family Love Faith,These ads ran without a disclaimer,≤100
103144548151014,Adrian Perkins,Perkins for LA,≤100
110618170405674,Best Money Tips,Best Money Tips,≤100
243362776583569,Air Mail,Air Mail,≤100
111970730196550,World War Zero,AMERICAN SECURITY PROJECT,≤100
661744180680367,National Police Association,"NATIONAL POLICE ASSOCIATION, INC.",≤100
1612726335627171,We the Internet TV,We the Internet TV,≤100
169130743498585,Tactical Pro Supply,Chad Keller,≤100
24470472733,The Trevor Project,The Trevor Project,≤100
269549349807954,Eva Vergos for Judge,"Eva Vergos for Circuit Court Judge, Sixth Circuit, Group 28",≤100
289213691238937,Thrasher Coffee,Thrasher Coffee Co.,≤100
18813753280,Human Rights Campaign,Human Rights Campaign Foundation,≤100
1600300510259910,For Our Future Pennsylvania,For Our Future Action Fund,≤100
110089227413037,The Prepared Patriot,Edward Ha,≤100
7642602143,Mother Jones,FOUNDATION FOR NATIONAL PROGRESS,≤100
856208611420219,Christina Finello,FINELLO FOR CONGRESS,≤100
763491940427547,Roque  "Rocky"  De La Fuente,Rocky 101 LLC,≤100
313723095478950,The Daily Citizen,Focus on the Family,≤100
100729641303493,ICount NM,I Count New Mexico,≤100
32802178807,Homes For Our Troops,Homes For Our Troops,≤100
100817908371975,The Patriot Authority,Catherine Sue Mantooth,≤100
782093245218764,Qasim Rashid,RASHID FOR VA,≤100
97624620788,American Friends of Magen David Adom,AMERICAN FRIENDS OF MAGEN DAVID ADOM,≤100
108512875350,The Atlas Society,The Atlas Society,≤100
103934071014071,Fire Drill Fridays,"GREENPEACE, INC.",≤100
100309441603297,HSLDA Action,HSLDA Action,≤100
238008626268343,Israel365,Teach for Israel Inc,≤100
186538388091065,Operation Sacred Trust,Purpose Built Families Foundation,≤100
331037760381749,Sierra Magazine,SIERRA CLUB,≤100
260366367717440,Committee to Protect Medicare,Committee to Protect Medicare,≤100
17203056985,Partners In Health,Partners In Health,≤100
1439364926329185,Animal Matters,Animal Matters,≤100
112333396969405,Jim Bognet,Bognet for Congress,≤100
323057528048557,LGBTQ Victory Institute,LGBTQ Victory Institute,≤100
682990071843813,Center for the Study of Liberty,Center for the Study of Liberty,≤100
420424547981908,In Search of Liberty,Scott Dennis Welch,≤100
396932197039819,SafeSleeve,"SafeSleeve, LLC",≤100
1658135304460341,MANG,MANG,≤100
2336022790003836,Patients + Providers United,Patients and Providers United,≤100
421486244558294,Ross Spano,ROSS SPANO FOR CONGRESS,≤100
78420171887,Sailors for the Sea,SAILORS FOR THE SEAINC,≤100
109584730766616,Chris Pratt for Judge,THE COMMITTEE OF RESPONSIBLE PERSONS TO ELECT CHRIS PRATT.,≤100
714370858707870,Bryan Cohen's Best Page Forward,These ads ran without a disclaimer,≤100
1653251174924652,Fuzzu,Fuzzu,≤100
2295062210811244,Coalition for American Veterans,COALITION FOR AMERICAN VETERANS POLITICAL ACTION COMMITTEE,≤100
224684514243482,Tom Cotton,"COTTON FOR SENATE, INC.",≤100
108173075911611,National Association of Letter Carriers,National Association of Letter Carriers,≤100
105157841248307,No Filter Politics,No Filter Politics,≤100
116907753042353,TOL,Serdar Turan,≤100
1747132688647028,Democratic Association of Secretaries of State,Democratic Association of Secretaries of State,≤100
34701792581,EWTN,Eternal Word Television Network,≤100
102908978166114,Liberty Leadership Fund,Liberty Leadership Fund,≤100
101359811498192,Cost of Chaos,Priorities USA Action. 202-455-8428. Not authorized by any candidate or candidate's committee.,≤100
162676813937511,Dan Forest,Committee to Elect Dan Forest,≤100
102315041409283,Horses in our Hands,In our Hands Action Fund,≤100
294879797332635,Debbie Dingell,DEBBIE DINGELL FOR CONGRESS,≤100
1888806214722917,Erie County Anti-Stigma Coalition,Erie County Anti-Stigma Coalition,≤100
118502801658228,Young Kim,Young Kim for Congress,≤100
111277640428691,President Donald J. Trump 2020,Trump Collections,≤100
110252443860993,Susan for WV 2020,Susan for WV 2020,≤100
102756811269921,Fellow Americans,Fellow Americans,≤100
108906707265489,USA Pooch,"PRESIDENTIAL POOCH, INC",≤100
227535924071462,Animal Petitions,AnimalPetitions.org,≤100
102846434825096,Beat Abbott,Beat Abbott PAC,≤100
100123544800892,Disme Coin Company,Byron Michael Laughlin,≤100
10498053716,Media Research Center,MEDIA RESEARCH CENTER,≤100
347063211984370,Fed of American Hospitals,Federation of American Hospitals,≤100
953113491536337,Black to the Future Action Fund,Black to the Future Action Fund,≤100
100697751658498,Stronger.org,The Public Good Projects,≤100
296295018082,AARP en Español,AARP,≤100
189452770432,Women's Campaign Fund,WOMENS CAMPAIGN FUND INC,≤100
96159580682,Maine Democratic Party,MAINE DEMOCRATIC PARTY,≤100
101042758281184,Reading On the Right,Macmillan Publishing,≤100
1764185850558806,Apex Clean Energy,Apex Clean Energy,≤100
10331123781,Special Olympics,Special Olympics Inc,≤100
9364828262,Citizens Against Government Waste,CITIZENS AGAINST GOVERNMENT WASTE,≤100
1934191280189700,Health Care Voter,Health Care Voter,≤100
53541257714,The Arc of the United States,"ARC OF THE UNITED STATES, INC., THE",≤100
620882164603697,Cover Virginia,These ads ran without a disclaimer,≤100
1012679305536045,Elissa Slotkin for Congress,ELISSA SLOTKIN FOR CONGRESS,≤100
114299836615491,Solomon Rajput for Congress,SOLOMON RAJPUT FOR CONGRESS,≤100
113553048669158,Rick Scott,TEAM RICK SCOTT,≤100
710669049286394,Woo the People,Khosro David Illulian,≤100
106166404519806,Black Lives Matter,Bryan Daley,≤100
167139593306791,ACLU of Michigan,AMERICAN CIVIL LIBERTIES UNION,≤100
217695830922,Jim Renacci,Jim Renacci,≤100
61288747990,Real Warriors,Real Warriors Campaign,≤100
1507689979455306,American Bail Coalition,American Bail Coalition,≤100
173774026036592,West Virginia Citizen Action Group,WEST VIRGINIA CITIZENS ACTION GROUP,≤100
101041998305221,The Proud Republicans,Great American Era LLC,≤100
13187955196,Young Americans for Liberty,Young Americans for Liberty,≤100
69983322463,Ted Cruz,TED CRUZ FOR SENATE,≤100
141692255929599,Democratic Socialists of America,DEMOCRATIC SOCIALISTS OF AMERICA INC,≤100
160864997286413,AM 560 The Answer,Salem Media Group Chicago,≤100
210357995667559,The National Memo,The National Memo,≤100
102829481516779,GREG MICK for Lake County Prosecutor,Gregory Jo N Mick,≤100
101164484986617,To Be Frank Show,Real News PR,≤100
56332452163,AMA Patients Action Network,American Medical Association,≤100
341513602902369,CALL TO ACTIVISM,CALL TO ACTIVISM,≤100
101485931485408,UNITEDemocrats,UNITEDEMOCRATS PAC,≤100
411431975550358,Marc Veasey,MARC VEASEY CONGRESSIONAL CAMPAIGN COMMITTEE,≤100
1397799040234106,OpinionUP,OpinionUP LLC,≤100
48818254473,Alexander Street,PROQUEST LLC,≤100
2046092952294722,Lucy McBath for Congress,FRIENDS OF LUCY MCBATH,≤100
5887538795,Education Week,Education Week,≤100
101252258324890,The Con,Abramorama Inc.,≤100
907919839243616,My Faith Votes,THEN VISION CHARITABLE TRUST,≤100
350692761610088,Matt Cartwright for U.S. Congress,CARTWRIGHT FOR CONGRESS,≤100
105010030848236,Bryant Cameron Webb,DR. CAMERON WEBB FOR CONGRESS,≤100
106402714456835,Trees 4 Australia,Trees4Australia,≤100
2263108893911990,PLUS Communications,PLUS Communicationis,≤100
100503184678036,BioLargo Water Inc.,"BioLargo, Inc.",≤100
112164673854264,Living Patriotically,Living Patriotically,≤100
872842866161157,One Nation Design,One Nation Design,≤100
1192579580831773,Supermajority News,Supermajority,≤100
505653766599222,America First with Dr. Sebastian Gorka,Salem Media,≤100
281884085611820,Tedra Cobb,COMMITTEE TO ELECT TEDRA COBB,≤100
124530924015,Hank Gilbert,HANK GILBERT FOR CONGRESS,≤100
142370046577999,Shahid Buttar for Congress,Shahid Buttar for Congress Committee,≤100
132732160104163,Ford Foundation,"FORD FOUNDATION, THE",≤100
129602743740560,Illinois Family Action,ILLINOIS FAMILY ACTION NFP,≤100
102175879855284,Harper Perennial,HARPERCOLLINS PUBLISHERS L.L.C.,≤100
120210416434361,Ronnie for Mercer,Ronnie For Mercer,≤100
873203482775828,Poor People's Campaign: A National Call for Moral Revival,Poor People's Campaign,≤100
304062610300415,VozWire,Gregson E Mathe,≤100
110468488981853,UNRWA USA,UNRWA USA,≤100
1819658374974706,Arena,Arena PAC,≤100
17432811417,Working Families Party,Working Families Party National Independent Expenditure Committee,≤100
101209614956892,Take A Stand,These ads ran without a disclaimer,≤100
1789651861157958,Values To Action,Values to Action,≤100
50576707351,Republican State Leadership Committee,Republican State Leadership Committee,≤100
11911627997,Pancreatic Cancer Action Network,"PANCREATIC CANCER ACTION NETWORK, INC.",≤100
123965317665623,N-Hance Wood Refinishing,N-Hance Inc.,≤100
79212718536,Jim Boyd,Jim Boyd,≤100
178024352559210,Great America PAC,GREAT AMERICA PAC,≤100
38882699096,Polaris,POLARIS PROJECT,≤100
43287633515,Alliance for Climate Education,Alliance for Climate Education,≤100
1000253160054572,Cori Bush,CORI BUSH FOR CONGRESS,≤100
54787697857,Ron Wyden,WYDEN FOR SENATE,≤100
115364585711,Lawyers' Committee for Civil Rights Under Law,LAWYERS' COMMITTEE FOR CIVIL RIGHTS UNDER LAW,≤100
198875903295,Trek Bicycle,TREK BICYCLE CORPORATION,≤100
108296990863730,Hero Action Fund,Hero Action Fund,≤100
107847454354960,Weekly American Lifestyle,Steve San,≤100
102499901286348,Bold Vision P.C.,Bold Vision PC,≤100
119006106155684,PI Energy,Andrew P Chung,≤100
1653885501501009,Propeller,Propeller Enterprises,≤100
151686754920712,The West Virginia Record,The Record,≤100
115757826468774,Statsigo,Statsigo,≤100
18957518672,Rock the Vote,Teja Renee Foster,≤100
61878332769,ICNA Relief,ICNA RELIEF USA PROGRAMS,≤100
294508332028,Lakota People's Law Project,ROMERO INSTITUTE,≤100
2344792102514862,David Cole,Friends of David Cole,≤100
460236704351535,Tracy Mitrano,TRACY MITRANO FOR CONGRESS,≤100
1452551204988299,GoReact,Speakworks Inc,≤100
2017884721848472,Bokeki,Kimbereley Iris Goldstein,≤100
350784278974539,Turning Point Action,Turning Point Action,≤100
102478528086004,Reading On the Left,St. Martin's Press,≤100
152264148166020,Moms Clean Air Force,Moms Clean Air Force,≤100
160513344045084,John Neely Kennedy,"John Kennedy for Us, Inc",≤100
23180353833,North Carolina Republican Party,North Carolina Republican Party,≤100
747783932079184,Jared Golden for Congress,COMMITTEE TO ELECT JARED GOLDEN,≤100
566008736785269,Be Heard Project,Be Heard Project,≤100
422202764649078,Rhode Island Department of Education - RIDE,Rhode Island Department of Education,≤100
211049239087028,Association of Young Americans,Benjamin J Brown,≤100
46508415624,Scott Taylor,Scott Taylor for Congress 2020,≤100
7100914121,American Experience | PBS,WGBH EDUCATIONAL FOUNDATION,≤100
19219803864,Tax Foundation,Tax Foundation,≤100
312657362217994,Women's Heart Alliance,Women's Heart Alliance,≤100
979720542211350,Humanize Being Black,Keyshun Quantarious Holmes,≤100
344346245749372,Shore Trendz,RHW.COM LLC/DBA Shore Trendz,≤100
101380274600494,Old North News,Metric Media LLC,≤100
19474609238,Mercatus Center at George Mason University,Mercatus Center at George Mason University,≤100
211596438980002,Ampersand Consulting,Ampersand Consulting,≤100
223055747744143,Beto O'Rourke,Powered By People,≤100
109200595768753,The Christian Left,The Christian Left,≤100
327202261326682,Stephanie Bice,Bice for Congress,≤100
111702860231554,Matt Lieberman,Matt Lieberman for Senate,≤100
60236215646,LGBTQ Victory Fund,LGBTQ VICTORY FUND,≤100
317667194946264,Ro Khanna,RO FOR CONGRESS INC,≤100
808450969246896,"Rebecca Walser, Tax Attorney, CFP",Walser Wealth Management,≤100
514167322309353,Dan Crenshaw,Crenshaw For Congress,≤100
186932688457686,CHNGE,CHNGE,≤100
12683623041,Society for Human Resource Management (SHRM),SOCIETY FOR HUMAN RESOURCE MANAGEMENT,≤100
7209432197,Chris Coons,CHRIS COONS FOR DELAWARE,≤100
11918108948,African Wildlife Foundation,AFRICAN WILDLIFE FOUNDATION,≤100
289634374392752,ConservAmerica,ConservAmerica,≤100
86071521216,Second Amendment Foundation,SECOND AMENDMENT FOUNDATION INC,≤100
106333028376,"Nichols Kaster, PLLP",Nichols Kaster PLLP,≤100
101352851565699,Somos PAC,SOMOS PAC,≤100
207549645977714,Families Belong Together,Families Belong Together,≤100
121626482110,Operation Smile,"OPERATION SMILE, INC.",≤100
142992759853421,Be A Hero,BE A HERO PAC,≤100
944885865692767,Trumpy Dumpty,Rebel Games LLC,≤100
628891490457484,Nancy Mace,Nancy Mace for Congress,≤100
105698674239617,Embed News,Embed News,≤100
100119981671668,Blue Senate,BLUE SENATE PAC,≤100
104881317722736,Get-It-Out,Matthew Justin Viles,≤100
1634651343331439,Project Wren,Landon Brand,≤100
186805048171120,U.S. & Texas LawShield,Texas LawShield,≤100
114885646899438,Mr. 45th,Clush,≤100
107953199261156,ifaw,"INTERNATIONAL FUND FOR ANIMAL WELFARE, INC.",≤100
1187681427913179,100 Years of Deception,Alan Adaschik,≤100
1945237355733646,Giving Brush,Giving Brush LLC,≤100
206590736197463,Moving Forward Network,Moving Forward Network,≤100
248306181862385,Live Lokai,Denise L Reina,≤100
158505287559920,Save the Storks,Diane Patricia Ferraro,≤100
55549065733,Voto Latino,Voto Latino with Facebook Ad Credits,≤100
2040270322863853,Tina Smith,TINA SMITH FOR MINNESOTA,≤100
107638384248580,Our America,Bryant Wayne Young,≤100
113679093412163,Ed Hunzeker,Ed Hunzeker,≤100
1741729849281711,Uber & Lyft Sexual Assault Attorneys,Safer America,≤100
1667892193505378,Hold the House,HOLD THE HOUSE PAC,≤100
1528498354074301,Punching Bag Media - Conservative News,Sean Michael Probber,≤100
111506250582498,Keeping Our Homes Safe,Steve San,≤100
463095630924391,US Business Funding,Credox,≤100
333081284065216,Brynne Kennedy for Congress,BRYNNE KENNEDY FOR CONGRESS,≤100
87777747127,Greg Palast,Palast Investigative Fund,≤100
832107710207069,Pam Keith FL,Committee to Elect Pam Keith,≤100
160630887998827,Let Them Live,Let Them Live,≤100
680549575421741,UnitedVoice.com,"Beachside Media, Inc.",≤100
64206021703,National Committee to Preserve Social Security and Medicare,NATIONAL COMMITTE TO PRESERVE SOCIAL SECURITY AND MEDICARE,≤100
16534314739,Facing History and Ourselves,These ads ran without a disclaimer,≤100
140357056032320,NEA Today,National Education Association,≤100
2453441358078301,Bill Owen for State Representative,Citizens for Owen,≤100
525171637666780,Sandy Piña California Delegate,RCR,≤100
343714718985673,Think Wood,Think Wood,≤100
18017481462,Acton Institute,Acton Institute,≤100
175797376373,"WaterFurnace Geothermal Heating, Cooling & Hot Water","WATERFURNACE INTERNATIONAL, INC.",≤100
112488757165613,Blue Line Stockpile,Blueline Stockpile,≤100
408252582872693,Daniella Levine Cava,"Daniella Levine Cava, Non-Partisan, for Miami-Dade County Mayor",≤100
1402827079932843,Low Income Relief,The Lighthouse Information Network LLC,≤100
416913748508616,We Welcome Refugees,We Welcome Refugees,≤100
341240953385902,Force Of Nature Meats,Force of Nature,≤100
541807025833154,Malala Fund,Malala Fund,≤100
2264090133834042,Invite Research,Precision Network,≤100
105804624116745,HKDC - Hong Kong Democracy Council US,"Hong Kong Democracy Council, USA",≤100
1488803804538481,Mike Siegel for Congress - TX-10,MIKE SIEGEL FOR CONGRESS,≤100
20876805343,March of Dimes,MARCH OF DIMES INC.,≤100
112325855474892,Speak Up For Education and Kids,National Education Association,≤100
162149327915523,Mel Kirkland Cedar Park City Council Place 2,Melville Marshall Kirkland Jr,≤100
111151490241542,Pollemix,Pollemix,≤100
468906559794011,LaunchGood,LaunchGood Inc.,≤100
107698564046392,Lauren Boebert for Congress,LAUREN BOEBERT FOR CONGRESS,≤100
128958937175029,Trivia Today,Benjamin Aaron Perlman,≤100
1682876188698809,United for Respect,United for Respect,≤100
122773549121265,President Trump for Nobel Peace Prize 2020,Tarek None Kteleh,≤100
987698164585861,Citizen Ed,Citizen Education,≤100
173837496125511,Conscious Step,Conscious Step,≤100
105283560949571,Trump 2024 Film,2024 LLC,≤100
1627212824167934,Men4Choice,Men4Choice,≤100
169440273093442,The Center for Election Science,The Center for Election Science,≤100
1678492922390061,WorkingNation,WorkingNation,≤100
108503659576,National Coalition for Public School Options,National Coalition for Public School Options,≤100
166087830076297,WebPT,WebPT,≤100
188607107843102,Texas Values,TEXAS VALUES,≤100
2339203789732156,Kim Mangone for Congress,COMMITTEE TO ELECT KIM MANGONE FOR CONGRESS,≤100
312208869424760,Field Team 6,Cory Cambridge Alpert,≤100
1162286517277297,Canvass America,Canvass America,≤100
1679521432262834,Physicians Grassroots Network,American Medical Association,≤100
2296497987261921,Amy Pope Wells for Congress,AMY POPE WELLS FOR CONGRESS,≤100
102729624670835,MinuteStats,Minute Stats,≤100
194115677277113,A21,A21 with Facebook Ad Credits,≤100
104126021393319,MAGA Supply,L&N Enterprises,≤100
1800072483402009,African Community & Conservation Foundation,African Community & Conservation Foundation,≤100
150720154976207,Protect My Public Media,"APTS Action, Inc.",≤100
199826043375900,Larry Hogan,An America United,≤100
107037332686173,Michelle Fischbach for Congress,FISCHBACH FOR CONGRESS,≤100
198296877515470,Switch4Good,Switch4Good,≤100
2133130356918764,Common Justice,COMMON JUSTICE INC,≤100
2255846891314996,Corn Refiners Association,"corn refiners association, inc",≤100
102988084816186,Tennesseans for Putting Students First,Tennesseans for Putting Students First,≤100
345347582335650,Francia Raisa,Grapevine Logic,≤100
28144169620,Alliance for Aging Research,Alliance for Aging Research,≤100
830890360316751,Nick Hanauer,Civic Action,≤100
698400060189827,Dan Sullivan,Alaskans for Sullivan,≤100
342006339184405,National Children's Alliance,NATIONAL CHILDRENS ALLIANCE INC,≤100
134597023235240,Rashida Tlaib,THE SQUAD VICTORY FUND,≤100
1272534336242476,World101,Council on Foreign Relations,≤100
369214063089791,Lummis for Wyoming,LUMMIS FOR WYOMING INC.,≤100
109906667085581,Congressman Dan Bishop,"Congressman Dan Bishop, US House of Representatives",≤100
107937014153581,Energized Health,John Jubilee Transformation LLC DBA Energized Health,≤100
112298720560502,We Are The Wrld,These ads ran without a disclaimer,≤100
2070944712939738,American Police Officers Alliance,American Police Officers Alliance,≤100
482100658584410,We Stand For Energy,"EDISON ELECTRIC INSTITUTE, INC.",≤100
135997359926517,SSDC Services,Jefery James Wenzel,≤100
290548664672,First Liberty,First Liberty Institute,≤100
110316697328742,People of Seniors Housing,People of Seniors Housing,≤100
256304286535,UPMC,UPMC,≤100
1393911800825140,OZY,OZY Media Inc,≤100
167968013767335,Julie Oliver,JULIE OLIVER FOR CONGRESS,≤100
51379424899,Mercy Ships,MERCY SHIPS INTERNATIONAL,≤100
1234251319933440,Exclusive Apparel,The Dude's Threads,≤100
115617711783870,Center for Union Facts,CENTER FOR UNION FACTS,≤100
284946111858895,Debbie Mucarsel-Powell,DEBBIE FOR CONGRESS,≤100
105943157686335,Trust Michigan Families,TRUST MICHIGAN FAMILIES,≤100
113335773562471,President Trump For Re-Election,Great American Era,≤100
50711561090,Muslim Advocates,MUSLIM ADVOCATES,≤100
100644915074416,45thdepot,45th depot,≤100
133845049915,American Highway Users Alliance,American Highway Users Alliance,≤100
117641114435,First Aid Beauty,First Aid Beauty,≤100
264774890721566,Clear Energy Alliance,Clear Energy Alliance,≤100
485980975070908,Abigail Spanberger,SPANBERGER FOR CONGRESS,≤100
205795426669644,Facts and Logic about the Middle East,Facts and Logic About the Middle East,≤100
59877921429,Lutheran Immigration and Refugee Service,"LUTHERAN IMMIGRATION AND REFUGEE SERVICE, INC.",≤100
127216280686110,Ann Wagner,Ann Wagner for Congress,≤100