﻿Page ID,Page Name,Disclaimer,Amount Spent (USD)
114625730266879,Republican Voters Against Trump,Defending Democracy Together,13335
153080620724,Donald J. Trump,"DONALD J. TRUMP FOR PRESIDENT, INC.",10554
123192635089,GOP,REPUBLICAN NATIONAL COMMITTEE,9078
102540204580217,UpNorthNews,"Courier Newsroom, Inc.",5921
7860876103,Joe Biden,BIDEN VICTORY FUND,4943
1428283027462702,Restoration PAC,RESTORATION PAC,4416
153080620724,Donald J. Trump,TRUMP MAKE AMERICA GREAT AGAIN COMMITTEE,4305
107483817554072,WorkMoney,WorkMoney,3911
101359811498192,Cost of Chaos,Priorities USA Action. 202-455-8428. Not authorized by any candidate or candidate's committee.,3418
156994304362574,American Bridge 21st Century,AB PAC,3390
332716170522025,America First Action,America First Action,3161
101183127996396,Four Is Enough,"PACRONYM, PACRONYM.org. Not authorized by any candidate or candidate’s committee.",2970
171287339973880,LCV Victory Fund,"LCV Victory Fund, 202-785-8683, and Priorities USA Action, 202-455-8428, and not authorized by any candidate or candidate’s committee.",2936
329272720965256,GALvanize USA,GALvanize USA,2565
580610428636345,Fight for $15,Fight for $15,2380
1771156219840594,Team Trump,TRUMP MAKE AMERICA GREAT AGAIN COMMITTEE,2303
325011977618710,Planned Parenthood of Wisconsin,Planned Parenthood of Wisconsin,1607
104684067632334,Unite the Country,UNITE THE COUNTRY,1577
248833449184369,Boost the News,ACRONYM,1562
925007000949719,ExxonMobil,Exxon Mobil Corporation,1324
260754507296508,The Voter Participation Center,Voter Participation Center,1261
100145544831970,Opportunity Wisconsin,Opportunity Wisconsin,1215
347978955534783,Solcius,Solcius,1025
106158314342739,Facts First,Priorities USA Action. 202-455-8428. Not authorized by any candidate or candidate's committee.,944
1615018905412860,Progressive Turnout Project,PROGRESSIVE TURNOUT PROJECT,823
156968474833352,Stop Republicans,Stop Republicans,752
868714723227266,Faith in Public Life Action,Faith in Public Life Action Fund,715
20787991568,Senate Democrats,DSCC,644
1316372698453411,Alexandria Ocasio-Cortez,Alexandria Ocasio-Cortez for Congress,553
72186095846,Center For American Progress Action Fund,Center for American Progress Action Fund,513
194413290579640,Wisconsin Assembly Democrats,Assembly Democratic Campaign Committee,504
127755494595870,Progressive Takeover,PROGRESSIVE TAKEOVER,461
104355494452204,Nada Elmikashfi for Wisconsin State Senate District 26,Nada for Wisconsin,456
96935476345,Democratic Governors Association (DGA),Democratic Governors Association,454
107483817554072,WorkMoney,WorkMoney Inc,439
6938419076,Kelda Roys,Friends of Kelda Roys,439
104099074492299,Derrick Van Orden,VAN ORDEN FOR CONGRESS,377
110828620426941,Roger Polack for Congress,ROGER FOR WISCONSIN,374
108173075911611,National Association of Letter Carriers,National Association of Letter Carriers,374
105756057589080,The Lincoln Project,The Lincoln Project,368
475456956305422,All Voting Is Local,Leadership Conference Education Fund,362
791543660926838,"I'll go ahead and keep my guns, Thanks",2A4LIFE LLC,360
2267285956849056,Donald Trump 2020 Fans,I Love My Freedom,356
24330467048,Americans for Prosperity,AMERICANS FOR PROSPERITY,346
571182609571332,NextGen America,NEXTGEN CLIMATE ACTION COMMITTEE,337
101181584780300,Law Enforcement For A Safer America PAC,Law Enforcement for a Safer America PAC,332
9324910069,NRSC,NRSC,315
345504286342057,Keeping America Great Again,RightWingGear.com,305
706716899745696,Women for Trump,TRUMP MAKE AMERICA GREAT AGAIN COMMITTEE,289
277005566267077,Blueland,Blueland,287
103508504623933,Cliff DeTemple,Cliff DeTemple,287
773301386014306,Glenn Grothman,GLENN GROTHMAN FOR CONGRESS,282
116546288359245,Heritage Action for America,HERITAGE ACTION FOR AMERICA,281
2352630938293825,Mytacticalpromos,Entremax,281
612701059241880,Latinos for Trump,"DONALD J. TRUMP FOR PRESIDENT, INC.",276
607626319739286,Black Voices for Trump,TRUMP MAKE AMERICA GREAT AGAIN COMMITTEE,275
127225910653607,PragerU,PragerU,270
146716918692692,AFP-Wisconsin,AMERICANS FOR PROSPERITY,261
302182941354,AARP Advocates,AARP,254
100144484834618,Eric Beach for 57th Assembly,Eric Beach for 57th Assembly,243
665345483483486,NRA - National Rifle Association of America,NATIONAL RIFLE ASSN OF AMERICA,242
228754857151053,House Majority PAC,House Majority PAC,220
102797464600754,Jessi Ebben,EBBEN FOR WISCONSIN,214
100560711450721,Evangelicals for Trump,TRUMP MAKE AMERICA GREAT AGAIN COMMITTEE,209
132492254050920,American AF,AAF Nation,204
107858693983382,The GOP Shop,The GOP Shop,201
103757064727081,Dewey for Assembly,Dewey Bredeson for Assembly Committee,199
328853823844484,Balance of Power,Balance of Power,198
107754560609465,Ramón For Milwaukee County Register of Deeds,Friends of Israel Ramón,196
328072970642479,Jaime Harrison,JAIME HARRISON FOR US SENATE,190
612701059241880,Latinos for Trump,TRUMP MAKE AMERICA GREAT AGAIN COMMITTEE,189
169597416843751,Stand Up America,Stand Up America,188
717115395103069,PrintedKicks,Printed Kicks,185
1496031207368615,Marisabel Cabrera,Friends of Marisabel Cabrera,184
102671331487937,I Love My Freedom Store,I Love My Freedom,179
1667638686847579,The Collective PAC,COLLECTIVE FUTURE,169
1556932204325823,ProgressPop,ProgressPop,160
110749446963570,Courier,"Courier Newsroom, Inc.",152
109111900634787,Reverend Raphael Warnock,WARNOCK FOR GEORGIA,151
108131564204604,Dora Drake for State Assembly,Friends of Dora Drake,150
725125427594936,Supreme For Assembly,Supreme for Assembly,149
158791100909689,Concerned Veterans for America,Concerned Veterans for America,149
105577974544303,The USA Needs More Patriots,AmeriPolling,147
92925746942,Judicial Watch,Judicial Watch,145
109742407314234,Restoration Action,Restoration Action,144
1518793798426005,LaTonya For Senate,Friends of LaTonya Johnson,140
101183127996396,Four Is Enough,PACRONYM,139
110699974019110,Steve Bobowski,Bobowski for Senator,136
602714436529710,End Citizens United,END CITIZENS UNITED,133
1883837055193241,Shield Republic,Shield Republic,131
20715882266,Wisconsin Right to Life,Wisconsin Right to Life,130
96935476345,Democratic Governors Association (DGA),DEMOCRATIC ACTION,129
100137754724934,Trump 2020 Supporters,Proud Right Winger,127
161356730701227,Amanda Stuck,Amanda Stuck for Congress,125
23875187730,Feeding America,Feeding America,123
429812024048177,Doug Jones for Senate,DOUG JONES FOR SENATE COMMITTEE,121
298271003840760,Bluestem Kansas,Bluestem Foundation,121
108794587327155,Good Programs 2020,Trevor Dale Seaks,120
830121337093232,National Democratic Training Committee,NATIONAL DEMOCRATIC TRAINING COMMITTEE PAC,120
8934429638,Planned Parenthood Action,Planned Parenthood Action Fund,120
1449461518652183,4Patriots,4Patriots LLC,118
481559282597914,TrumpersUnite,Respect The Look,116
213792049451918,Stand For America,Stand For America Inc,115
373814729643508,Let America Vote,Let America Vote PAC and National Democratic Redistricting Committee,111
18982436812,ACLU,American Civil Liberties Union,110
106991634178466,Neil Kline for State Assembly,Friends of Neil Kline,109
114710126648118,Republican Dogs,Republican Dogs,107
176789922364429,Steve Daines,STEVE DAINES FOR MONTANA,104
165987503528599,Lindsey Graham,"TEAM GRAHAM, INC.",104
104856814505092,The Kids Guide,The Kids Guide,103
106244251043808,Reuse Plastics,"AMERICAN CHEMISTRY COUNCIL, INC.",101
103654464668995,Home With Our Family,Alexander Chung,101
355316521236121,John Cornyn,TEXANS FOR SENATOR JOHN CORNYN INC.,≤100
5633824547,FreedomWorks,"FREEDOMWORKS, INC.",≤100
8934429638,Planned Parenthood Action,Planned Parenthood Votes,≤100
1162286517277297,Canvass America,Canvass America,≤100
101279451606075,Democratic Strategy Institute,Democratic Strategy Institute,≤100
2078647579047586,Project Pulso,Project Pulso,≤100
244787478934003,Melissa Sargent,Friends of Melissa Sargent,≤100
278490715553293,Martha McSally,MCSALLY FOR SENATE INC,≤100
25852730092,Care2,Care2 Inc,≤100
7976226799,The Daily Show,Comedy Central,≤100
1010143499143169,Medicare Savings,"Mayo Labs, LLC",≤100
260366367717440,Committee to Protect Medicare,Committee to Protect Medicare PAC,≤100
13365227077,Planned Parenthood Advocates of Wisconsin,Planned Parenthood Advocates of Wisconsin,≤100
533987556776948,Campaign for Sustainable Rx Pricing,Campaign for Sustainable Rx Pricing,≤100
596556607135301,The Earthling Co.,The Earthling Co.,≤100
2330028983924243,Construction Business Group,CONSTRUCTION BUSINESS GROUP,≤100
205395906412,UAW International Union,"INTERNATIONAL UNION, UNITED AUTOMOBILE, AEROSPACE AND AGRICULTURAL IMPLEMENT WORKERS OF AM",≤100
261663760956534,America First Policies,America First Policies Inc,≤100
1400927463555875,Imperfect Foods,Imperfect Produce,≤100
182382151798207,Friends of Marsha Rummel,Marsha For Assembly,≤100
259212814698356,Democratic Majority for Israel,Democratic Majority for Israel,≤100
100256754899828,Patriot's Cave,Patriots Cave,≤100
101295517956158,Tricia Zunker for Wisconsin,Tricia Zunker for Wisconsin,≤100
674105646062187,Rob Stafsholt for Senate,Taxpayers for Stafsholt,≤100
215968684159,AFT - American Federation of Teachers,American Federation of Teachers,≤100
6820348410,Kirsten Gillibrand,Off the Sidelines,≤100
19972147679,SEIU,SEIU,≤100
85452072376,Newsmax,Newsmax Media,≤100
879080068773526,One City Schools,Michael Steven Caire,≤100
5435784683,Greenpeace USA,"GREENPEACE, INC.",≤100
107398241021186,The John Lewis Bridge Project,John Lewis Bridge Project,≤100
639583416438237,Washburn County Health Department,"WASHBURN, COUNTY OF",≤100
284624258565156,Leaders for a Better Community,"Leaders for a Better Community, Inc",≤100
2330577043935831,Sara Gideon,SARA GIDEON FOR MAINE,≤100
33110852384,Doctors Without Borders/ Médecins Sans Frontières (MSF),Doctors Without Borders/Médecins Sans Frontières (MSF),≤100
342294162453301,Planned Parenthood,Planned Parenthood Federation of America,≤100
127335473965761,Recycle Cartons,"Carton Council of North America, Inc.",≤100
113891694102,Energy Citizens,AMERICAN PETROLEUM INSTITUTE,≤100
111678386904202,Sarah Yacoub for Assembly,Friends of Sarah for Assembly,≤100
461204744067686,Family Protection Association,Family Protection Association,≤100
103597604713894,Team Trump Store,TRUMP MAKE AMERICA GREAT AGAIN COMMITTEE,≤100
102273851484509,Walt Stewart for Wisconsin State Assembly,STEWART FOR ASSEMBLY,≤100
1194865807192273,Conservative Gear,Outergoods LLC,≤100
49651563727,Live Action,Live Action,≤100
107354657614431,JoAnna for Wisconsin,JoAnna for Wisconsin,≤100
359477377917,American Federation for Children,American Federation for Children,≤100
67945990059,The American Petroleum Institute,The American Petroleum Institute,≤100
530604487365010,Old Glory Flagpole Kits,Service First,≤100
111393882812494,Amy McGrath,"AMY MCGRATH FOR SENATE, INC.",≤100
17911165812,Covenant House International,Covenant House,≤100
834645469890446,Devin Nunes,DEVIN NUNES CAMPAIGN COMMITTEE,≤100
103191431299152,Samba for State Assembly,Samba for state assembly,≤100
112694470356789,Trumpcare For America,Stuart Joseph Millar,≤100
57259033959,AARP,AARP,≤100
80562389320,NARAL Pro-Choice America,NARAL Pro-Choice America,≤100
104170004713256,Elect Black Democrats,THE COLLECTIVE PAC,≤100
309308412520731,Sandy Hook Promise,Sandy Hook Promise,≤100
6204742571,Sierra Club,SIERRA CLUB,≤100
18813753280,Human Rights Campaign,"HUMAN RIGHTS CAMPAIGN, INC.",≤100
111428049989,Cal Cunningham,CAL FOR NC,≤100
105084617912738,PatriotQuizzes,patriotquizzes.com,≤100
737686089933715,Conservative Collections,Mainline Media Group,≤100
167586229923327,World Food Program USA,World Food Program USA,≤100
6041057841,The Humane Society of the United States,"HUMANE SOCIETY OF THE UNITED STATES, THE",≤100
105474881165649,Francesca Hong For Assembly,Friends of Francesca Hong,≤100
259130650776119,Mitch McConnell,MCCONNELL SENATE COMMITTEE,≤100
629732217415068,Republican Party,Greater Half,≤100
124770987583477,Habush Habush & Rottier S.C.,Habush Habush & Rottier,≤100
245284549333866,ASMDSS,ASMDSS,≤100
25055115099,Intuit,INTUIT INC.,≤100
15188122178,The Hamilton Collection,The Hamilton Collection,≤100
106094077803532,Our National Family,Patrick Le Tran,≤100
106323360959211,Patriots Republic,Matthew James Stine,≤100
106645684412573,Cover Air Medical,Cover Air Medical,≤100
38235851310,USA for UNHCR,UNITED STATES ASSOCIATION FOR UNHCR,≤100
107172044192959,Kristina Shelton for State Assembly - District 90,Kristina for Assembly,≤100
106114264313679,Hunt The Vote,"Hunter Nation, Inc",≤100
298271003840760,Bluestem Kansas,Bluestem Kansas,≤100
7833534974,Florida Democratic Party,Florida Democratic Party,≤100
1877671505780856,ReBuild USA,Rebuild USA,≤100
159964696102,Kevin McCarthy,KEVIN MCCARTHY FOR CONGRESS,≤100
109379100777665,Patriotism Isn't Dead,Patriot Polling,≤100
163148530407080,Captain Mark Kelly,MARK KELLY FOR SENATE,≤100
373814729643508,Let America Vote,LET AMERICA VOTE PAC,≤100
107682373929182,Link For Senate,Link For Senate,≤100
100357018393041,Together We Stand,Grant Alan Johnston,≤100
106449051056906,Tyrone for Wisconsin,Tyrone for Wisconsin,≤100
555787351119974,Coalition to Protect America's Health Care,Coalition to Protect America's Health Care,≤100
23996308754,Senate Conservatives,SENATE CONSERVATIVES FUND,≤100
168051710543266,Lacy Johnson,Lacy Johnson for Congress,≤100
371922233253379,Calvin Callahan,Friends of Calvin Callahan,≤100
309798029121030,Everytown for Gun Safety,Everytown for Gun Safety Action Fund Inc,≤100
8325302025,Friends of the Earth U.S.,Friends of the Earth,≤100
8047221596,Save the Children US,"SAVE THE CHILDREN FEDERATION, INC.",≤100
1336293769761923,Jon Ossoff,JON OSSOFF FOR SENATE,≤100
43287633515,Alliance for Climate Education,Alliance for Climate Education,≤100
235132626648702,Staush Gruszynski for State Assembly - District 90,Friends of Staush Gruszynski,≤100
142665849854371,House Freedom,HOUSE FREEDOM FUND,≤100
15687409793,World Wildlife Fund,World Wildlife Fund,≤100
202954333848897,Dittrich for 38th Assembly District,Dittrich for 38th Assembly District,≤100
7814597100,Jim Jordan for Congress,JIM JORDAN FOR CONGRESS,≤100
163302087408673,Stop The Donald,Stop the Donald,≤100
106224464107240,Jo Jorgensen,Jo Jorgensen for President,≤100
433919203362871,Bird + Stone,BIRD & STONE INC,≤100
87186661244,Johns Hopkins Bloomberg School of Public Health,Johns Hopkins Bloomberg School of Public Health,≤100
207951142571473,National Mutual Benefit,National Mutual Benefit,≤100
6231686654,Compassion International,"COMPASSION INTERNATIONAL, INCORPORATED",≤100
296708523873754,Karla Dennis and Associates Inc.,"Karla Dennis & Associates, Inc",≤100
17023576156,The Leadership Conference on Civil and Human Rights,The Leadership Conference on Civil and Human Rights,≤100
105829564471772,Patriots Stand Together,Trizzie Truong,≤100
184731548554164,PL+US,Plus Fund: Paid Leave for the United States,≤100
530604487365010,Old Glory Flagpole Kits,Service First Flag Poles,≤100
556151661164269,Rob Brooks For Assembly,Robert A Brooks,≤100
100392005072471,Center for Essential Information,Center for Essential Information; Not authorized by any candidate or candidate’s committee,≤100
1061240530648502,Joe Collins,JOE COLLINS FOR CONGRESS,≤100
2353537341582545,Proud Patriots,Proud Patriots,≤100
1600352356914768,PushBlack,PushBlack,≤100
1109093812491437,Blaze Media,Blaze Media LLC,≤100
105732744375701,Steve Bullock,MONTANANS FOR BULLOCK,≤100
112974563687584,Robert Kiyosaki - The Rich Dad Poor Dad Letter,Long Form Creative Co.,≤100
1799282383731277,TwoSeventy,Alexander Jared Deutsch,≤100
1836138529938551,Greater Half,Greater Half,≤100
598924810530984,Keeping America Great,FamTeeWorld,≤100
103531607822207,Noticias para Inmigrantes,"Wise Rock Media, PBC",≤100
100527858304852,Jonathan Wichmann for Wisconsin Governor 2022,Jonathan Wichmann For Wisconsin Governor,≤100
1438808983108348,BOLD PAC,CHC BOLD PAC,≤100
7292655492,MoveOn,MOVEON.ORG POLITICAL ACTION,≤100
40656699159,Washington Examiner,Washington Examiner,≤100
101459098271864,Vets United,Korie Lynn Padgett,≤100
46093654473,National Republican Congressional Committee,NRCC,≤100
10150100007820094,Wendy Davis,WENDY DAVIS FOR CONGRESS,≤100
679171239164792,Supermajority,Supermajority,≤100
106115030992255,As Goes Wisconsin,Kristin Marie Brey,≤100
192015461630968,Supporting Our Brave Veterans,James Brian Plouf,≤100
7860876103,Joe Biden,BIDEN FOR PRESIDENT,≤100
105455840860559,Eagle Realm,Eagle Realm,≤100
894096170667732,Ashley Hinson,Ashley Hinson For Congress,≤100
193618220508,LIFE Today,LIFE Outreach International,≤100
106333028376,"Nichols Kaster, PLLP",Nichols Kaster PLLP,≤100
153408513065,Democratic Party of Jefferson County (Wisconsin),Democratic Party of Jefferson County (Wisconsin),≤100
525425464221534,Julian Bradley,Friends of Julian Bradley,≤100
105577974544303,The USA Needs More Patriots,Anthony Alexander Morales,≤100
21375324480,The Heritage Foundation,HERITAGE FOUNDATION (THE),≤100
327837911149503,2A4Life,2A4LIFE LLC,≤100
110746996993983,The 'Gander Newsroom,"Courier Newsroom, Inc.",≤100
100391581727524,Defeat By Tweet,DEFEAT BY TWEET,≤100
677005135756125,Community Catalyst Action Fund,Community Catalyst Action Fund,≤100
292351509697,Jerusalem Prayer Team,Jerusalem Prayer Team,≤100
6333396177,NewsBusters.org,MEDIA RESEARCH CENTER,≤100
115379705206001,U.S. Department of Homeland Security Blue Campaign,DHS Blue Campaign,≤100
1467725903304588,EZ Insure,Benepath,≤100
7976226799,The Daily Show,These ads ran without a disclaimer,≤100
5720973755,Defenders of Wildlife,DEFENDERS OF WILDLIFE,≤100
108401767557687,Marina Croft for Wisconsin,Croft For Wisconsin,≤100
1504873886306347,Bryan Steil,"STEIL FOR WISCONSIN, INC.",≤100
8550121410,Free Speech America Project,MEDIA RESEARCH CENTER,≤100
444594298899929,Jason Vangalis,Vote for Vangalis Committee,≤100
104710057769182,Michael Beardsley,PEOPLE FOR BEARDSLEY,≤100
100702541662397,Brian Benford for State Senate,BB For Senate,≤100
102095088237266,Amani For Wisconsin,AmaniForWisconsin,≤100
417522508294454,Job Creators Network,Job Creators Network,≤100
308212259827797,Rep. Abby Finkenauer,Rep. Abby Finkenauer,≤100
305832706292882,American Gun Association,GunAssociation.org,≤100
45393753416,Alliance Defending Freedom,Alliance Defending Freedom,≤100
106224487503967,Family Friendly Wisconsin,Sixteen Thirty Fund,≤100
465483726908192,iVote,IVote Civic Education Fund,≤100
126694924050678,Xavier Becerra,Becerra for Attorney General 2022,≤100
1316372698453411,Alexandria Ocasio-Cortez,THE SQUAD VICTORY FUND,≤100
139599847972,National Nurses United,National Nurses United,≤100
342887442508723,Convention of States,Convention of States Action,≤100
971668776283950,PolicyEd,Hoover Institution,≤100
109709397469494,Dignity Unbound,Dignity Unbound,≤100
934438026690635,YouGov,YOUGOV AMERICA INC.,≤100
97493741436,John W. Hickenlooper,HICKENLOOPER FOR COLORADO,≤100
260933440643373,UltraViolet,UltraViolet Action,≤100
681745912255844,John Cummings for Congress,CUMMINGS FOR CONGRESS,≤100
605168822998856,314 Action,314 ACTION FUND,≤100
101481584557260,Help Asheville Bears-HAB,Heather Christina Williams,≤100
101690998009007,Improving Life Through Health,Nicolette Dalan,≤100
1526736227567131,TrueCoverage,True Coverage,≤100
6820348410,Kirsten Gillibrand,Gillibrand for Senate,≤100
593289284500311,Trump Rack,BOXD Marketing,≤100
303061950155375,John James,"JOHN JAMES FOR SENATE, INC.",≤100
360303722260,Kathleen Williams,KATHLEEN WILLIAMS FOR MONTANA,≤100
16477459734,League of Conservation Voters,"LEAGUE OF CONSERVATION VOTERS, INC",≤100
38471053686,Elizabeth Warren,"WARREN DEMOCRATS, INC.",≤100
101591551371555,Fire Mitch. Save America.,SAVE AMERICA FUND,≤100
788394134539871,USPS Business,United States Postal Service,≤100
86649244630,Citizen Action of Wisconsin,"CITIZEN ACTION OF WISCONSIN, INC.",≤100
101459098271864,Vets United,Jae W Seo,≤100
100637888239523,Free Reign For All,Kin Ngai Yeung,≤100
130467958471,Jason Lewis,Jason Lewis for Senate,≤100
50982313030,Food & Water Watch,Food & Water Watch,≤100
103409464590028,Citizens for Dan Griffin,Citizens for Dan Griffin,≤100
36872302227,Cory Booker,Cory Booker for Senate,≤100
1510567695822499,Wisconsin Federation for Children,American Federation for Children,≤100
1841824626073676,Candace Valenzuela for Congress,CANDACE FOR 24,≤100
103644036958,United Association,United Association Political Education Committee,≤100
2185993931653388,The Recount,"Recount Media, Inc",≤100
113666459994300,Big Dan Rodimer for Congress,RODIMER FOR CONGRESS,≤100
119477081441061,"Plea for a change, the Michael Bell shooting",Michael M Bell,≤100
35169196082,Project HOPE,"PROJECT HOPE-THE PEOPLE-TO-PEOPLE HEALTH FOUNDATION, INC.",≤100
100566701662705,Aaron A LaFave,LaFave for Liberty,≤100
496696933682736,Jeff Merkley,JEFF MERKLEY FOR OREGON,≤100
9316648525,The Chicago School of Professional Psychology,TCS Education System,≤100
109092142462587,Adam Schiff,SCHIFF FOR CONGRESS,≤100
101165966152,AFL-CIO,AFL-CIO,≤100
456174891484445,Wisconsin Term Limits,U.S. Term Limits Inc.,≤100
118303441570966,Home Ownership Matters,NATIONAL ASSOCIATION OF REALTORS,≤100
113474173781579,American Apparel AA,Click Wonders,≤100
1928106157474993,Ryan Sherley for Wisconsin State Assembly,Ryan T Sherley,≤100
94047978366,PCCC - BoldProgressives.org,PROGRESSIVE CHANGE CAMPAIGN COMMITTEE,≤100
103744930261937,Coalition for a 21st Century Postal Service,Coalition for a 21st Century Postal Service,≤100
209516845093,NRDC Action Fund,NRDC Action Fund,≤100
111942283782767,Heather for Assembly,Friends of Heather Driscoll,≤100
675471506247724,Adair for Congress,ADAIR FOR CONGRESS,≤100
118269091671380,The Home T,The Home T,≤100
112369900345497,Main Street Economics,Leslie Rubin,≤100
105060677844787,Bill Savings,Bill Savings,≤100
227764782729,AMERICAN - STRONG!,American Strong LLC,≤100
102311558213174,Recall Mayor Satya Rhodes-Conway,Jonathon W Rygiewicz,≤100
104845101213282,Sandra4Senate,Sandra Jean Ewald,≤100
108969163909369,Deb Andraca for WI State Assembly,Deb Andraca for State Assembly,≤100
519590768083165,Abby Finkenauer for Congress,FINKENAUER FOR CONGRESS,≤100
601108943431836,The Flip Side,TFS Inc,≤100
53214848444,Wisconsin Family Action,WISCONSIN FAMILY ACTION,≤100
72931140459,Center for Biological Diversity,"CENTER FOR BIOLOGICAL DIVERSITY, INC.",≤100
420785874975425,Conservative Institute,The Conservative Institute,≤100
102875587947942,Keep Trump In Office,Keep Trump In Office,≤100
109678580574253,Politicool Clothing Co.,PolitiCoolClothing.com,≤100
151525932186806,When Democrats Turn Out,WHEN DEMOCRATS TURN OUT PAC,≤100
104051398040027,CCW Online Now_,Concealed Country,≤100
21559454473,FAIR,FEDERATION FOR AMERICAN IMMIGRATION REFORM,≤100
977704775606273,Balls Deep Tackle,Balls Deep Tackle,≤100
376776419037747,Turning Point USA,Turning Point USA,≤100
96171427550,Raja for Congress,FRIENDS OF RAJA FOR CONGRESS,≤100
102745147891580,Trump Coolers,Eric Clifford Juels,≤100
106152141082596,Pfaff for State Senate,Pfaff for State Senate,≤100
386882845077316,Chris Walton for Wisconsin State Assembly District 17,Walton for WI,≤100
586751814690068,Joni Ernst,Joni for Iowa,≤100
103235554648484,Elect Scientists,314 ACTION FUND,≤100
134597023235240,Rashida Tlaib,RASHIDA TLAIB FOR CONGRESS,≤100
8532248414,Wounded Warrior Project,"WOUNDED WARRIOR PROJECT, INC.",≤100
249455845761285,Lindsey Must Go,LMG PAC,≤100
124409897626868,Lisa Subeck,Friends of Lisa Subeck,≤100
2227592110655966,No Better Friend Corp.,No Better Friend Corp.,≤100
265268336865693,Do Amore,Do Amore Limited Company,≤100
592707041080920,Stand Together,Stand Together Chamber of Commerce Inc.,≤100
30708742052,FCTRY,FCTRY,≤100
149081336362,AmeriCorps VISTA,Corporation for National and Community Service,≤100
1403419366562241,Ken Skowronski,Ken Skowronski for Assembly,≤100
6713653788,Gary Peters,PETERS FOR MICHIGAN,≤100
11791104453,NRDC,Natural Resources Defense Council,≤100
2012750189007245,Liquid Death Mountain Water,Liquid Death,≤100
223008867858902,American Action News,American Action News,≤100
325578590837480,Obamacare,Sixteen Thirty Fund,≤100
130851487657790,Grapevine Logic,Grapevine Logic,≤100
197760674021143,Indivisible Guide,INDIVISIBLE ACTION,≤100
191561687596446,Wisconsin Institute for Law & Liberty,Wisconsin Institute for Law & Liberty,≤100
109360297266116,Fearless Patriot,TERESA NONE OHARA-MARSH,≤100
113381590344531,Keith Kern For Assembly,Keith Kern for Assembly,≤100
2309566456030859,Human Coalition Action,Human Coalition Action,≤100
257019421075897,Cory Gardner,Cory Gardner for Senate,≤100
112635417131908,Jackson Healthcare Heroes - SEIU 1991,Jackson Healthcare Heroes - SEIU 1991,≤100
176099072429809,Oceana in Florida,OCEANA,≤100
107363964202840,Natural Security,Natural Security,≤100
178835922297833,American Clinical Laboratory Association,American Clinical Laboratory Association,≤100
102592959026,Ocean Conservancy,"OCEAN CONSERVANCY, INC.",≤100
860279517359093,Kirk Bangstad for Wisconsin,Bangstad for Wisconsin,≤100
683872625157265,Theresa Greenfield,THERESA GREENFIELD FOR IOWA,≤100
1690071827911682,Cleancult,cleancult,≤100
188021101215532,Dulce Candy,Grapevine Logic,≤100
1055873511190792,Hello Resistance,Hello Resistance Apparel,≤100
102564128179023,Truth to Power,TRUTH TO POWER,≤100
106968307627390,Bartz for Assembly,Friends for Bartz,≤100
1228396643984955,Michelle Steel,Michelle Steel for Congress,≤100
269624076392978,Yuri Rashkin for Rock County Clerk,Yuri D Rashkin,≤100
443329669123990,USAFacts,USAFacts Institute,≤100
105370081104608,Veterans for Trump,TRUMP MAKE AMERICA GREAT AGAIN COMMITTEE,≤100
27311599342,Preemptive Love,Preemptive Love Coalition,≤100
293225127381200,Patriot Depot,The Patriot Depot,≤100
27544763621,Prison Fellowship,Prison Fellowship,≤100
129255907131113,NumbersUSA,NUMBERSUSA EDUCATION AND RESEARCH FOUNDATION,≤100
6236054211,Brady,Brady Campaign to Prevent Gun Violence,≤100
110018833813683,Flip the Senate,SMP,≤100
18709174006,National Audubon Society,"NATIONAL AUDUBON SOCIETY, INC.",≤100
484230975262860,Tom Palzewicz for Congress,PALZEWICZ FOR WISCONSIN,≤100
104723137888550,Lynn Fitch for Sawyer County Clerk,Lynn Fitch,≤100
950998258312654,Knowhere,"Knowhere, Inc.",≤100
911828698840246,ReLEntless Defender Apparel,ReLEntless Defender Apparel,≤100
113483583785181,Patriotic Citizens,Vivian Lam Nguyen,≤100
475456956305422,All Voting Is Local,The Leadership Conference on Civil and Human Rights,≤100
1389807071117013,Lynn Afendoulis,Lynn Afendoulis for Congress,≤100
8321461609,MomsRising.org,MomsRising Education Fund,≤100
244750182570497,Sondy Pope for Assembly,Friends of Sondy Pope-Roberts,≤100
780941275347834,Ilhan Omar,ILHAN FOR CONGRESS,≤100
210277954204,The Young Turks,"The Young Turks, Inc.",≤100
746938465317981,Nuclear Matters,Nuclear Matters,≤100
107589664099282,Stand Up To China,"Stand Up To China, Inc.",≤100
153570224679284,City of New London,New London Economic Development,≤100
360424321432255,Doha Debates,Doha Debates,≤100
356482637745012,Stansberry Research,Stansberry Research,≤100
107647557426981,Jonathon Hansen for State Senate 30,Hansen for Wisconsin,≤100
107898280953713,Make Every Day Great,Richard Brochetti,≤100
100101018155207,Paid Leave for All,Paid Leave for All a project of Hopewell Fund,≤100
110468488981853,UNRWA USA,UNRWA USA,≤100
83290028957,Care Net,CARE NET,≤100
114386721939978,The Made in America Store,Made In America Store,≤100
42002969352,Center on Budget and Policy Priorities,Center on Budget and Policy Priorities,≤100
303167829786891,Ed Markey,THE MARKEY COMMITTEE,≤100
23790541544,Democrats,DCCC,≤100
166618413413767,Jay Sekulow,American Center for Law and Justice,≤100
17432811417,Working Families Party,Working Families Party National Independent Expenditure Committee,≤100
19342050934,Leadership Institute,LEADERSHIP INSTITUTE INC,≤100
101210588150219,Boy Scouts Abuse Claims,X Social Media LLC,≤100
560140464159364,Stand for the 2nd Amendment,SFT2 Tactical Supply,≤100
206677396413254,Abortion On Our Own Terms,Abortion On Our Own Terms,≤100
107210084216238,Humanity Forward,Humanity Forward,≤100
1807297942909425,Voters First - Wisconsin,Voters First Wisconsin Inc,≤100
228132537208218,Tammy Duckworth,TAMMY FOR ILLINOIS,≤100
775265505942237,Representative Robin Vos,Friends and Neighbors of Robin Vos,≤100
405469100189512,Still My President - Donald Trump,Red State Politics LLC,≤100
6165653060,AFSCME,AMERICAN FEDERATION OF STATE COUNTY & MUNICIPAL EMPLOYEES,≤100
107572730809638,End Money Bail California,"End Predatory & Unfair Money Bail, a coalition of justice reform and labor organizations. Committee major funding from Action Now Initiative, LLC, Patty Quillin, and Lynn Schusterman. Funding Details at www.fppc.ca.gov.",≤100
131217580266597,National Council on Aging,"NATIONAL COUNCIL ON AGING, INC.",≤100
53541257714,The Arc of the United States,The Arc with Facebook Ad Credits,≤100
5943727453,American Humane,American Humane,≤100
102756811269921,Fellow Americans,Fellow Americans,≤100
104845101213282,Sandra4Senate,Sandra Ewald for State Senate,≤100
107150077720746,American Collectibles,Proud Patriots,≤100
215199482635728,Alek Skarlatos,ALEK FOR OREGON,≤100
277414242013,Joyce Elliott for Congress,JOYCE ELLIOTT FOR CONGRESS,≤100
2339203789732156,Kim Mangone for Congress,COMMITTEE TO ELECT KIM MANGONE FOR CONGRESS,≤100
153678684700451,American Investment Council,AMERICAN INVESTMENT COUNCIL,≤100
2321993584737314,The Markin Report,The Markin Report,≤100
153278754738777,Climate Reality,The Climate Reality Project,≤100
181183059253295,Dorsal Bracelets,Dorsal Bracelets,≤100
327273808264,Milwaukee Metropolitan Sewerage District - MMSD,Milwaukee Metropolitan Sewerage District,≤100
172758932738142,PhRMA,PHARMACEUTICAL RESEARCH AND MANUFACTURERS OF AMERICA,≤100
67626834312,National Women's Law Center,National Women's Law Center,≤100
331037760381749,Sierra Magazine,SIERRA CLUB,≤100
55549065733,Voto Latino,VOTO LATINO INC.,≤100
953113491536337,Black to the Future Action Fund,Black to the Future Action Fund,≤100
1925751504337881,MJ Hegar,MJ FOR TEXAS,≤100
313426465202,Arizona Wildlife Federation,ARIZONA WILDLIFE FEDERATION,≤100
384557995468219,Viral Casez,Viral Casez,≤100
751823818285038,Badgers United,Badgers United,≤100
344690446467832,The Copper Courier,"Courier Newsroom, Inc.",≤100
237477017606,Club for Growth,Club for Growth,≤100
134452023239984,Human Coalition,Human Coalition,≤100
245741028804051,Barbara Sinatra Center,Barbara Sinatra Children's Center,≤100
13063797831,Ben Ray Luján,PEOPLE FOR BEN,≤100
357554791340788,Liker,Omar Rivero,≤100
137764189586887,Chicago Teachers Union,Chicago Teachers Union,≤100
15239367801,The Wilderness Society,"WILDERNESS SOCIETY, THE",≤100
672213539861652,John Anthony Castro,John Anthony Castro,≤100
1204754733024419,People's Power Grab,ACRONYM,≤100
157810487611661,Freethink,Freethink,≤100
412739549455010,Karena Reiter,PrimaDonna Reeds,≤100
210357995667559,The National Memo,The National Memo,≤100
102617961152741,Barbara Bollier,BOLLIER FOR KANSAS,≤100
460038907784775,John Imes for State Senate,Friends of John Imes,≤100
707536262726269,Cavalier Johnson,Chevy for Milwaukee,≤100
102916288137405,The Daily Republican,USA Movements LLC,≤100
415923555151729,The Wisconsin Conservative Digest,Christopher M Lawrence,≤100
109784800371914,Protect Kids: Fight Flavored E-Cigarettes,TOBACCO-FREE KIDS ACTION FUND,≤100
143089732792,Marsha Blackburn,Blackburn Tennessee Victory Fund,≤100
291102898490822,Giant Maga Hat,Inventors club LLC,≤100
308159713150350,Voter Protection Project,VOTER PROTECTION PROJECT,≤100
106949844346620,Trumpian Republicans,Gregory Lawrence Burright,≤100
7263476274,Mercy Corps,Mercy Corps,≤100
100233228182981,Madison Cawthorn for Congress,CAWTHORN FOR NC,≤100
7962229886,Environmental Working Group,ENVIRONMENTAL WORKING GROUP,≤100
152264148166020,Moms Clean Air Force,Moms Clean Air Force,≤100
612823065559814,Aaron Wojciechowski for State Senate 2020,Wojciechowski for Wisconsin,≤100
892673067526965,Project War Path,Project War Path,≤100
1917715138510680,Follow Your Legend,Legend Bracelet,≤100
100798594958887,inseparable,Inseparable Action Inc,≤100
107654924064350,Pat Timmons-Goodson,PATRICIA TIMMONS-GOODSON FOR CONGRESS,≤100
12683623041,Society for Human Resource Management (SHRM),SOCIETY FOR HUMAN RESOURCE MANAGEMENT,≤100
61265398450,AmeriCorps NCCC,Corporation for National and Community Service,≤100
169710960125365,Curzio Research,Curzio Research Inc.,≤100
135298176481584,Marine Corps Scholarship Foundation,Marine Corps Scholarship Foundation,≤100
79820371749,Ayanna Pressley,THE SQUAD VICTORY FUND,≤100
113271610392632,Tim Bohen,Long Form Creative Co.,≤100
5887538795,Education Week,Education Week,≤100
195530355493,Chicks On The Right,Chicks on the Right,≤100
324558475104607,United We Dream Action,United We Dream Action,≤100
104178704279594,Main St. First,Resource Media,≤100
105010030848236,Bryant Cameron Webb,DR. CAMERON WEBB FOR CONGRESS,≤100
984307011580765,David Crowley,Crowley for County Executive,≤100
408250066356,Bill O'Reilly,"Bill Me, Inc.",≤100
551158678560402,Epimonia,Epimonia LLC,≤100
329284771298646,Issue One Action,Issue One Action,≤100
183424985463330,Joe Cunningham,JOE CUNNINGHAM FOR CONGRESS,≤100
419237048158257,Susan Collins,COLLINS FOR SENATOR,≤100
764284030332485,Abortion Access Front,Abortion Access Front,≤100
101136147910784,Represent Justice,Represent Justice,≤100
60236215646,LGBTQ Victory Fund,LGBTQ VICTORY FUND,≤100
101139764811693,Family Love Faith,These ads ran without a disclaimer,≤100
814260155318929,The Fairness Project,The Fairness Project,≤100
175797376373,"WaterFurnace Geothermal Heating, Cooling & Hot Water","WATERFURNACE INTERNATIONAL, INC.",≤100
15041226930,Oxfam,"OXFAM AMERICA, INC.",≤100
281844617168,Jewish Voice Ministries International,JEWISH VOICE MINISTRIES INTERNATIONAL,≤100
281835005264380,Eric Swalwell,SWALWELL FOR CONGRESS,≤100
106954147689215,Just the Truth,JUST THE TRUTH POLITICAL ACTION COMMITTEE,≤100
203330919857759,All On The Line,National Redistricting Action Fund,≤100
315151565831,Ascension,Ascension Press,≤100
979720542211350,Humanize Being Black,Keyshun Quantarious Holmes,≤100
1562713090633117,Operation Underground Railroad,"Operation Underground Railroad, Inc.",≤100
462829100921650,STOP Sexual Assault - Legal Help,These ads ran without a disclaimer,≤100
444134662298280,Erik Simonson,Simonson for Senate,≤100
107953199261156,ifaw,"INTERNATIONAL FUND FOR ANIMAL WELFARE, INC.",≤100
419992651425033,Guardianes del Pueblo-Consumer Law Group,Consumer Law Group,≤100
105536127617594,The American Digest,The American Digest,≤100
104667417857551,United Association LLC,United Association LLC,≤100
1627212824167934,Men4Choice,Men4Choice,≤100
468906559794011,LaunchGood,LaunchGood Inc.,≤100
323057528048557,LGBTQ Victory Institute,LGBTQ Victory Institute,≤100
123624513983,The Western Journal,The Western Journal,≤100
100744281604550,Kathy Hinkfuss for Assembly,FRIENDS OF KATHY HINKFUSS,≤100
181924628560212,SumOfUs,SumOfUs,≤100
143986912311328,University of Vermont Continuing and Distance Education,University of Vermont,≤100
655065784538368,PredictIt,"PredictIt - Prediction Markets. A project of Victoria University of Wellington, PredictIt has been established to facilitate research into the way markets forecast events.",≤100
1003562459729504,Transportation Nation Network,Transportation Nation Network,≤100
217976018236954,OutKick,Outkick Media LLC,≤100
127216280686110,Ann Wagner,Ann Wagner for Congress,≤100
103185334702225,Stop Trump PAC,STOP 45 PAC,≤100
93114332471,20/20 Research,2020 Research,≤100
103480457738439,"Science, Technology and Society",These ads ran without a disclaimer,≤100
24481937944,Theodore Roosevelt Conservation Partnership,"THEODORE ROOSEVELT CONSERVATION PARTNERSHIP, INC",≤100
299816736768175,Waukesha County Democratic Party,Waukesha County Democratic Party,≤100
1079789672084038,SimonBooks,Simon & Schuster,≤100
407664862957433,Ammar Campa-Najjar for Congress,AMMAR CAMPA-NAJJAR FOR CONGRESS,≤100
32975139631,If Americans Knew,If Americans Knew,≤100
21492729544,Catholic Relief Services,CATHOLIC RELIEF SERVICES - UNITED STATES CONFERENCE OF CATHOLIC BISHOPS,≤100
130181447841752,The Power of Minnesota,Seiche,≤100
1852520761657982,4ocean,4ocean,≤100
90498769709,Edenpure,EdenPURE®,≤100
103478627781763,Spring & Vine,These ads ran without a disclaimer,≤100
21834534343,Volunteers of America,"VOLUNTEERS OF AMERICA, INC.",≤100
248181906078243,National Institute for Civil Discourse,CommonSense American,≤100
21472760578,C-SPAN,C-SPAN,≤100
410825846009652,Commune,"Commune Media, Inc.",≤100
300774350436838,topplr,Data Genomix,≤100
121033149320,American Indian College Fund,"AMERICAN INDIAN COLLEGE FUND, THE",≤100
114084057021373,Robert Slamka for Wisconsin,Slamka for Assembly,≤100
117029378370165,Steve Doyle,Friends of Steve Doyle,≤100
106244467793993,National Senior Solutions,Michael Jon Baker Jr,≤100
2081864865362439,Mike Espy,MIKE ESPY FOR SENATE CAMPAIGN COMMITTEE,≤100
44255328352,Farm Forward,Farm Forward,≤100
114885646899438,Mr. 45th,Clush,≤100
192771954102960,Jordan Sekulow,American Center for Law and Justice,≤100
103162411257510,Trumplican,USA Movements,≤100
108620667163768,For Our Future,Resource Media,≤100
2259323457517498,Abolish the Electoral College,ABOLISH THE ELECTORAL COLLEGE,≤100
664770743730817,Dan Feehan for Congress,FRIENDS OF DAN FEEHAN,≤100
309993142375589,Joe Kennedy III,KENNEDY FOR MASSACHUSETTS,≤100
1551109418518461,The Honest Patriot,Amundson Media LLC,≤100
186932688457686,CHNGE,CHNGE,≤100
140357056032320,NEA Today,National Education Association,≤100
707778746066140,Democratic Party of Green County,Democratic Party of Green County,≤100
103455421328628,Sue Conley for Wisconsin State Assembly,Friends of Sue Conley,≤100
115364585711,Lawyers' Committee for Civil Rights Under Law,Lawyers' Committee for Civil Rights Under the Law with Facebook Ad Credits,≤100
189624667734578,La Crosse County Republican Party,La Crosse County Republican Party,≤100
1978596199083234,Dan Schierl for State Assembly District 55,Friends for Dan Schierl,≤100
176466646087311,DC Fawcett,Donald Chappell Fawcett,≤100
219224241438635,Compassion & Choices,COMPASSION & CHOICES,≤100
103801844298982,Team Collins,COLLINS FOR SENATOR,≤100
105943157686335,Trust Michigan Families,TRUST MICHIGAN FAMILIES,≤100
856208611420219,Christina Finello,FINELLO FOR CONGRESS,≤100
55549065733,Voto Latino,Voto Latino with Facebook Ad Credits,≤100
104504438466,Federal Voting Assistance Program - FVAP,Federal Voting Assistance Program,≤100
375760676281438,Mermaid Straw,Mermaid Straw,≤100
108220160978728,Together We Stand Strong,Vivian Lam Nguyen,≤100
143729616392084,Van Drew for Congress,Van Drew for Congress,≤100
1530883997194411,United States Constitution,Flag and Cross,≤100
1000253160054572,Cori Bush,CORI BUSH FOR CONGRESS,≤100
1268410219898273,Tango Tango,Tango Tango Inc,≤100
102478061559294,Convention on Founding Principles,Convention on Founding Principles,≤100
173837496125511,Conscious Step,Conscious Step,≤100
102636677971854,Trump Is The Storm,Legendary Trump Coins,≤100
189452770432,Women's Campaign Fund,WOMENS CAMPAIGN FUND INC,≤100
305894606423160,ParentsTogether,ParentsTogether,≤100
281884085611820,Tedra Cobb,COMMITTEE TO ELECT TEDRA COBB,≤100
113310617054164,Trump Baseball Bats,Trump Baseball Bats,≤100
112735922758892,Charlie Kirk,Charlie Kirk,≤100
101383904664358,Alex Dallman for Assembly,Friends of Alex Dallman,≤100
548407915183371,Liz Cheney,Liz Cheney for Wyoming,≤100
142370046577999,Shahid Buttar for Congress,Shahid Buttar for Congress Committee,≤100
111023584012681,Open Road Homeward,Samantha Lyn Weldon,≤100
113223650193301,MAGA REVOLUTION,Apse Media LLC,≤100
191247007554047,Center of the American Experiment,Center of the American Experiment,≤100
365428503599710,Joel Kitchens for Assembly,Joel Kitchens for Assembly,≤100
173470656019870,The Daily Yonder,Great Stories LLC,≤100
1008048119288280,"Re-Elect Ron Tusler, Candidate for the 3rd Assembly District",Friends of Ron Tusler,≤100
396932197039819,SafeSleeve,"SafeSleeve, LLC",≤100
79125112926,Students for Life of America,"STUDENTS FOR LIFE OF AMERICA, INC.",≤100
112164673854264,Living Patriotically,Living Patriotically,≤100
114475890010131,Piggy Dollar Financial,Tyler Wayne Hedland,≤100
105157841248307,No Filter Politics,No Filter Politics,≤100
485754644838324,Lane County Tribune,Lane County Tribune,≤100
336470580233523,Pins and Aces Golf Co.,US Craft Brands LLC,≤100
1084856268238034,Trump Talking,Roberto None Lugo,≤100
209046616332309,Xochitl for Congress,Xochitl for New Mexico,≤100
106402714456835,Trees 4 Australia,Trees4Australia,≤100
80987211775,Bill Cassidy,Bill Cassidy for US Senate,≤100
108152933883451,TrumpTrendz,Troy Lorenzo Davis,≤100
162560317223793,John Macco,Macco for Wisconsin,≤100
316887658336677,My Control Card,"NETSPEND HOLDINGS, INC.",≤100
108768744204294,Jeremiah Kleiber for Lafayette County Treasurer,Ashley Renee Kleiber,≤100
111702860231554,Matt Lieberman,Matt Lieberman for Senate,≤100
106487520883333,Cardinal & Pine,"Courier Newsroom, Inc.",≤100
260366367717440,Committee to Protect Medicare,Committee to Protect Medicare,≤100
1012679305536045,Elissa Slotkin for Congress,ELISSA SLOTKIN FOR CONGRESS,≤100
167139593306791,ACLU of Michigan,AMERICAN CIVIL LIBERTIES UNION,≤100
1667892193505378,Hold the House,HOLD THE HOUSE PAC,≤100
232201568659,Pacific Justice Institute,PACIFIC JUSTICE INSTITUTE,≤100
169277310432049,"Texas Precision Optics, Inc.",Texas Precision Optics Inc,≤100
296295018082,AARP en Español,AARP,≤100
20876805343,March of Dimes,MARCH OF DIMES INC.,≤100
278487153675,Redneck Nation Clothing,Tracie Milliron Gold,≤100
463095630924391,US Business Funding,Credox,≤100
167968013767335,Julie Oliver,JULIE OLIVER FOR CONGRESS,≤100
51379424899,Mercy Ships,MERCY SHIPS INTERNATIONAL,≤100
117437204982602,American Wild Horse Campaign,American Wild Horse Campaign,≤100
2165983337048601,LeverforChange,Lever for Change,≤100
657708380952174,Voices of the Civil Rights Movement,Comcast,≤100
682990071843813,Center for the Study of Liberty,Center for the Study of Liberty,≤100
1545826148838592,Trump 2020,Gregory Lawrence Burright,≤100
592347634460462,Partnership for America's Health Care Future,Partnership for America's Health Care Future,≤100
362596510772517,Tomika Vukovic,Committee to Elect Tomika Vukovic,≤100
304058913005378,Senior and Disabled Concerns,Senior & Disabled Concerns,≤100
345946329411380,Petal Soap,Jason Paul Domangue,≤100
223055747744143,Beto O'Rourke,Powered By People,≤100
357750373755,National Domestic Workers Alliance,National Domestic Workers Alliance,≤100
394817334402124,2020 Trump Bill,Innovative Ecomm LLC,≤100
166738743732702,All Above All Action,All Above All Action Fund,≤100
47710973068,Cooperative Action Network,National Rural Electric Cooperatives Association,≤100
361960287311696,Better Medicare Alliance,"Better Medicare Alliance, Inc",≤100
111237577031486,AquiPor Technologies,William Powers,≤100
191975737491988,Jennifer Wexton,WEXTON FOR CONGRESS,≤100
129523843754764,Vote Smart,PROJECT VOTE SMART,≤100
340181270093,St. Croix County Democrats,St. Croix County Democratic Party,≤100
1600300510259910,For Our Future Pennsylvania,For Our Future Action Fund,≤100
110798880680061,USA Strong,USA Strong,≤100
946887545335976,Association of American Universities,The Association of American Universities (AAU),≤100
100119981671668,Blue Senate,BLUE SENATE PAC,≤100
896759427103774,Modern Medicaid Alliance,Modern Medicaid Alliance,≤100
21395843375,Dialysis Patient Citizens,DIALYSIS PATIENT CITIZENS INC,≤100
253791814655400,Doug Collins,"COLLINS FOR SENATE, INC.",≤100
134597023235240,Rashida Tlaib,THE SQUAD VICTORY FUND,≤100
248306181862385,Live Lokai,Denise L Reina,≤100
115724785181841,Save the Soldiers Home,Milwaukee Preservation Alliance Inc,≤100
108296990863730,Hero Action Fund,Hero Action Fund,≤100
17203056985,Partners In Health,Partners In Health,≤100
101252258324890,The Con,Abramorama Inc.,≤100
1741729849281711,Uber & Lyft Sexual Assault Attorneys,Safer America,≤100
628891490457484,Nancy Mace,Nancy Mace for Congress,≤100
178024352559210,Great America PAC,GREAT AMERICA PAC,≤100
119006106155684,PI Energy,Andrew P Chung,≤100
34701792581,EWTN,Eternal Word Television Network,≤100
873550809444862,Mighty Earth,Mighty Earth,≤100
282861997886,Majority Leader Steny Hoyer,House Majority Leader Steny Hoyer (MD05),≤100
201956993160690,MRCTV,MEDIA RESEARCH CENTER,≤100
1658135304460341,MANG,MANG,≤100
780606555331010,American Student Loan Advocate,ASLR Marketing,≤100
101237551589520,Tactical Patriot,Trizzie Truong,≤100
435917576827538,Minnesotans for Line 3,Minnesotans for Line 3,≤100
1709145412721991,The Center for Growth and Opportunity at Utah State University,The Center for Growth and Opportunity,≤100
58158120046,ACLJ,American Center for Law and Justice,≤100
873203482775828,Poor People's Campaign: A National Call for Moral Revival,Poor People's Campaign,≤100
1792966030729641,Wisconsin Leadership Development Project,Wisconsin Leadership Development Project,≤100
107037332686173,Michelle Fischbach for Congress,FISCHBACH FOR CONGRESS,≤100
174467403129304,Yoopine,Yoopine Inc.,≤100
21455818797,Feed the Children,"FEED THE CHILDREN, INC.",≤100
303817256420208,Leslie Rutledge for Arkansas,Leslie Rutledge for Governor,≤100
100880874670508,Mason for Minnesota,John Wesley Leonard Mason,≤100
810122486032496,Jackie Gordon,JACKIE GORDON FOR CONGRESS,≤100
114971076538782,The Keystone,"Courier Newsroom, Inc.",≤100
108523260745061,Karl for District Attorney,Friends of Karl Anderson,≤100
169130743498585,Tactical Pro Supply,Chad Keller,≤100
108506830560787,Jessica Scarane,JESS SCARANE FOR DELAWARE,≤100
1192579580831773,Supermajority News,Supermajority,≤100
294879797332635,Debbie Dingell,DEBBIE DINGELL FOR CONGRESS,≤100
374848446414965,Pollking,Benjamin Aaron Perlman,≤100
155443277896065,Dane Eagle,Dane Eagle For Congress,≤100
497081420632330,Dr. Hiral Tipirneni,HIRAL FOR CONGRESS,≤100
107685627625709,Arndt for Assembly,Arndt for Assembly,≤100
117641114435,First Aid Beauty,First Aid Beauty,≤100
103171738054898,Cindy Lehner for Sawyer County Clerk,Cynthia Sue Lehner,≤100
19474609238,Mercatus Center at George Mason University,Mercatus Center at George Mason University,≤100
106756327769815,Stand For The Promise,Stand For The Promise,≤100
747436915270894,Congressional Leadership Fund,CONGRESSIONAL LEADERSHIP FUND,≤100
194115677277113,A21,A21 with Facebook Ad Credits,≤100
11111618026,Union of Concerned Scientists,"UNION OF CONCERNED SCIENTISTS, INC.",≤100
785936231584382,Paula Jean Swearengin,Paula Jean for West Virginia,≤100
30914589895,The International Fellowship of Christians and Jews,"INTERNATIONAL FELLOWSHIP OF CHRISTIANS & JEWS, INC.",≤100
111970730196550,World War Zero,AMERICAN SECURITY PROJECT,≤100
830890360316751,Nick Hanauer,Civic Action,≤100
207549645977714,Families Belong Together,Families Belong Together,≤100
313723095478950,The Daily Citizen,Focus on the Family,≤100
345347582335650,Francia Raisa,Grapevine Logic,≤100
1721333671443168,Majority Forward,MAJORITY FORWARD,≤100
2014519985445047,Clean Jobs Midwest,Resource Media,≤100
1634651343331439,Project Wren,Landon Brand,≤100
222706951564880,Republican Party of Wisconsin - 6th District,Republican Party of Wisconsin 6th District,≤100
59877921429,Lutheran Immigration and Refugee Service,"LUTHERAN IMMIGRATION AND REFUGEE SERVICE, INC.",≤100
103315378108004,True Patriot Strength,LE-HUU DONG HUYNH,≤100
198875903295,Trek Bicycle,TREK BICYCLE CORPORATION,≤100
7209432197,Chris Coons,CHRIS COONS FOR DELAWARE,≤100
186538388091065,Operation Sacred Trust,Purpose Built Families Foundation,≤100
54787697857,Ron Wyden,WYDEN FOR SENATE,≤100
177532915620481,Forward Community Investments,FORWARD COMMUNITY INVESTMENTS INC,≤100
110089227413037,The Prepared Patriot,Edward Ha,≤100
422202764649078,Rhode Island Department of Education - RIDE,Rhode Island Department of Education,≤100
872842866161157,One Nation Design,One Nation Design,≤100
18957518672,Rock the Vote,Teja Renee Foster,≤100
1679521432262834,Physicians Grassroots Network,American Medical Association,≤100
108683164271262,Patriots for Life,Grant Alan Johnston,≤100
141692255929599,Democratic Socialists of America,DEMOCRATIC SOCIALISTS OF AMERICA INC,≤100
1555039491394668,CM Voter Center,CM Voter Center,≤100
118502801658228,Young Kim,Young Kim for Congress,≤100
107665644228467,Conservative Journal Review,Conservative Journal Review LLC,≤100
101391906600,Live Action News,Live Action News,≤100
109200595768753,The Christian Left,The Christian Left,≤100
485980975070908,Abigail Spanberger,SPANBERGER FOR CONGRESS,≤100
350784278974539,Turning Point Action,Turning Point Action,≤100
103935287613121,Noel Collis for Congress,DR. NOEL COLLIS FOR CONGRESS,≤100
151757038879920,Alyse Galvin for Congress 2020,ALYSE FOR ALASKA,≤100
1764185850558806,Apex Clean Energy,Apex Clean Energy,≤100
53727956260,Republican Jewish Coalition,Republican Jewish Coalition,≤100
150720154976207,Protect My Public Media,"APTS Action, Inc.",≤100
109745884035200,Abigail Lowery for Assembly - District 37,Abigail Lowery for Wisconsin,≤100
711909245654048,National Police Support Fund,National Police Support Fund,≤100
101485931485408,UNITEDemocrats,UNITEDEMOCRATS PAC,≤100
102499901286348,Bold Vision P.C.,Bold Vision PC,≤100
420424547981908,In Search of Liberty,Scott Dennis Welch,≤100
103144548151014,Adrian Perkins,Perkins for LA,≤100
56332452163,AMA Patients Action Network,American Medical Association,≤100
1612726335627171,We the Internet TV,We the Internet TV,≤100
312208869424760,Field Team 6,Cory Cambridge Alpert,≤100
2049170775107862,Resistance By Design,Resistance By Design,≤100
1338822066131069,Women's March,Women's March,≤100
602828763544800,Kate For Congress,KATE FOR CONGRESS,≤100
1819658374974706,Arena,Arena PAC,≤100
1072351289517806,John Nygren for Assembly,Vote John Nygren,≤100
1682876188698809,United for Respect,United for Respect,≤100
110871510668307,Tammy Naczek for Portage County Clerk,Tammy Lee Naczek,≤100
7100914121,American Experience | PBS,WGBH EDUCATIONAL FOUNDATION,≤100
341240953385902,Force Of Nature Meats,Force of Nature,≤100
124530924015,Hank Gilbert,HANK GILBERT FOR CONGRESS,≤100
221690171353068,Jay Obernolte,JAY OBERNOLTE FOR CONGRESS 2020,≤100
441381813042465,Boundary Waters Action Fund,Boundary Waters Action Fund,≤100
7219151423,The Fund for American Studies (TFAS),The Fund for American Studies,≤100
16534314739,Facing History and Ourselves,"FACING HISTORY AND OURSELVES NATIONAL FOUNDATION, INC.",≤100
100644915074416,45thdepot,45th depot,≤100
112622890445140,Greening For Assembly,Criste Greening for Assembly,≤100
112488757165613,Blue Line Stockpile,Blueline Stockpile,≤100
112600915451330,No Labels,No Labels,≤100
1647443822178141,Siouxland Coalition Against Human Trafficking,Siouxland Coalition Against Human Trafficking,≤100
1234251319933440,Exclusive Apparel,The Dude's Threads,≤100
159597424207730,David Perdue,PERDUE FOR SENATE,≤100
717417908274761,Lady Freethinker,Lady Freethinker,≤100
10498053716,Media Research Center,MEDIA RESEARCH CENTER,≤100
110010433804232,Falkirk Center,Falkirk Center,≤100
186805048171120,U.S. & Texas LawShield,Texas LawShield,≤100
698400060189827,Dan Sullivan,Alaskans for Sullivan,≤100
112333396969405,Jim Bognet,Bognet for Congress,≤100
1393911800825140,OZY,OZY Media Inc,≤100
712468048906125,Miller for Senate,Friends For Miller,≤100
1488803804538481,Mike Siegel for Congress - TX-10,MIKE SIEGEL FOR CONGRESS,≤100
1947525322184514,One Fair Wage,One Fair Wage,≤100
1295279420598401,Victoria Spartz,VICTORIA SPARTZ FOR CONGRESS,≤100
108512875350,The Atlas Society,The Atlas Society,≤100
783646031728123,Finimize,These ads ran without a disclaimer,≤100
69983322463,Ted Cruz,TED CRUZ FOR SENATE,≤100
243362776583569,Air Mail,Air Mail,≤100
100309441603297,HSLDA Action,HSLDA Action,≤100
112325855474892,Speak Up For Education and Kids,National Education Association,≤100
160630887998827,Let Them Live,Let Them Live,≤100
142992759853421,Be A Hero,BE A HERO PAC,≤100
154269528015922,Byron Donalds,Byron Donalds for Congress,≤100
290548664672,First Liberty,First Liberty Institute,≤100
763491940427547,Roque  "Rocky"  De La Fuente,Rocky 101 LLC,≤100
2101481433283713,Winno,Winno Inc.,≤100
1789651861157958,Values To Action,Values to Action,≤100
109584730766616,Chris Pratt for Judge,THE COMMITTEE OF RESPONSIBLE PERSONS TO ELECT CHRIS PRATT.,≤100
987698164585861,Citizen Ed,Citizen Education,≤100
1636216106590985,Josh Hawley,JOSH HAWLEY FOR SENATE,≤100
77130778113,Coalition for Medicare Choices,Coalition for Medicare Choices,≤100
838799112914425,Wisconsin Justice Initiative,Wisconsin Justice Initiative Inc.,≤100
109729897041138,David Richter,David Richter for Congress Inc,≤100
7642602143,Mother Jones,FOUNDATION FOR NATIONAL PROGRESS,≤100
747783932079184,Jared Golden for Congress,COMMITTEE TO ELECT JARED GOLDEN,≤100
284946111858895,Debbie Mucarsel-Powell,DEBBIE FOR CONGRESS,≤100
2256321067930356,Liberteeclub,libertyteeshop,≤100
112442437191294,National Anti-Racism Teach-In,National Anti-Racism Teach-In,≤100
6315243665,Faith in Public Life,"FAITH IN PUBLIC LIFE, INC.",≤100
198296877515470,Switch4Good,Switch4Good,≤100
312657362217994,Women's Heart Alliance,Women's Heart Alliance,≤100
103859441027698,Heartland Priorities,DCCC,≤100
1678492922390061,WorkingNation,WorkingNation,≤100
211049239087028,Association of Young Americans,Benjamin J Brown,≤100
38882699096,Polaris,POLARIS PROJECT,≤100
114160323708412,Motorists for Fair Taxes,Motorists for Fair Taxes,≤100
1640970822834351,Plaine Products,Plaine Products,≤100
227535924071462,Animal Petitions,AnimalPetitions.org,≤100
206590736197463,Moving Forward Network,Moving Forward Network,≤100
317667194946264,Ro Khanna,RO FOR CONGRESS INC,≤100
128958937175029,Trivia Today,Benjamin Aaron Perlman,≤100
106206204282255,Don’t Blow It Milwaukee,Render Action,≤100
102970113093477,Church Militant/St. Michael’s Media,Max Aldcander Douglas,≤100
373980880018659,Congresswoman Abigail Spanberger,the Office of Rep. Spanberger,≤100
13187955196,Young Americans for Liberty,Young Americans for Liberty,≤100
839073729808623,Hillary Scholten,SCHOLTEN FOR CONGRESS,≤100
13885075114,Action Against Hunger USA,ACTION AGAINST HUNGER - USA,≤100
108503659576,National Coalition for Public School Options,National Coalition for Public School Options,≤100
113679093412163,Ed Hunzeker,Ed Hunzeker,≤100
123965317665623,N-Hance Wood Refinishing,N-Hance Inc.,≤100
169440273093442,The Center for Election Science,The Center for Election Science,≤100
154510321337994,Chris Pappas for Congress,CHRIS PAPPAS FOR CONGRESS,≤100
551199354892891,Rep. Sean Patrick Maloney,The Office of Congressman Sean Patrick Maloney,≤100
103131054573692,Crawfordology,Crawfordology,≤100
1397799040234106,OpinionUP,OpinionUP LLC,≤100
224684514243482,Tom Cotton,"COTTON FOR SENATE, INC.",≤100
104253114469799,Mount Horeb Community Forums,Christopher R Hofmann,≤100
99056648937,NIAC,NIAC Council,≤100
8914040942,Chesapeake Bay Foundation,"CHESAPEAKE BAY FOUNDATION, INC., THE",≤100
151944694884237,"Solidarity Strategies, LLC",Solidarity Strategies,≤100
1747132688647028,Democratic Association of Secretaries of State,Democratic Association of Secretaries of State,≤100
1528498354074301,Punching Bag Media - Conservative News,Sean Michael Probber,≤100
107937014153581,Energized Health,John Jubilee Transformation LLC DBA Energized Health,≤100
2133130356918764,Common Justice,COMMON JUSTICE INC,≤100
105031414415024,Francis Malofiy,Francis Malofiy,≤100
1272534336242476,World101,Council on Foreign Relations,≤100
103934071014071,Fire Drill Fridays,"GREENPEACE, INC.",≤100
22978725268,Lutheran Social Service of MN,LUTHERAN SOCIAL SERVICE OF MINNESOTA,≤100
130945114804,World Jewish Congress,WORLD JEWISH CONGRESS AMERICAN SECTION INC,≤100
100817908371975,The Patriot Authority,Catherine Sue Mantooth,≤100
1452551204988299,GoReact,Speakworks Inc,≤100
104126021393319,MAGA Supply,L&N Enterprises,≤100
587676831343390,Raheem AI,RAHEEM AI,≤100
201248453800242,My Pay My Say,Mackinac Center for Public Policy,≤100
1800072483402009,African Community & Conservation Foundation,African Community & Conservation Foundation,≤100
87777747127,Greg Palast,Palast Investigative Fund,≤100
1628679613829742,Josh Hicks,Josh Hicks for Congress,≤100
111506250582498,Keeping Our Homes Safe,Steve San,≤100
103376804451432,Trending Politics,Making Web LLC,≤100
680549575421741,UnitedVoice.com,"Beachside Media, Inc.",≤100
2264090133834042,Invite Research,Precision Network,≤100
158505287559920,Save the Storks,Diane Patricia Ferraro,≤100
369214063089791,Lummis for Wyoming,LUMMIS FOR WYOMING INC.,≤100
221401431386940,Pramila Jayapal,PRAMILA FOR CONGRESS,≤100
366351973736242,Red Rock Secured,Red Rock Secured,≤100
50711561090,Muslim Advocates,MUSLIM ADVOCATES,≤100
96159580682,Maine Democratic Party,MAINE DEMOCRATIC PARTY,≤100
514167322309353,Dan Crenshaw,Dan Crenshaw for Congress,≤100
116534199732974,USA Carry Online,USA Carry Online,≤100
289213691238937,Thrasher Coffee,Thrasher Coffee Co.,≤100
110316697328742,People of Seniors Housing,People of Seniors Housing,≤100
103929304678916,Voter Action Project,Integrity First Voter Action Project,≤100
572974652746729,GOEBEL Insurance & Financial,GOEBEL Insurance & Financial Inc.,≤100
408252582872693,Daniella Levine Cava,"Daniella Levine Cava, Non-Partisan, for Miami-Dade County Mayor",≤100
88637460007,Wisconsin Book Festival,Wisconsin Book Festival,≤100
160641197925177,Kevin Hoyer for State Assembly,Friends of Kevin Hoyer,≤100
333081284065216,Brynne Kennedy for Congress,BRYNNE KENNEDY FOR CONGRESS,≤100
84206511914,MN AFL-CIO,Minnesota AFL-CIO Politcal Fund,≤100
103958214596787,Hedinger4Register,Jessica Anne Hedinger,≤100
243947752771440,TJ Cox for Congress,TJ COX FOR CONGRESS,≤100
104732736288252,Caroline Gleich,Protect Our Winters,≤100
115364585711,Lawyers' Committee for Civil Rights Under Law,LAWYERS' COMMITTEE FOR CIVIL RIGHTS UNDER LAW,≤100
324119001078997,"Sanford Heisler Sharp, LLP","Sanford Heisler Sharp, LLP",≤100
265045056894488,Mark Meckler,Convention of States Action,≤100
104881317722736,Get-It-Out,Matthew Justin Viles,≤100
6334782252,Oceana,OCEANA,≤100
102180301437619,2020 American Defense Fund,C3 PAC,≤100
1439364926329185,Animal Matters,Animal Matters,≤100
101352851565699,Somos PAC,SOMOS PAC,≤100
341513602902369,CALL TO ACTIVISM,CALL TO ACTIVISM,≤100
1654391474785866,Sybrina Fulton,"Sybrina Fulton for Miami-Dade County Commission, District 1, Nonpartisan",≤100
832107710207069,Pam Keith FL,Committee to Elect Pam Keith,≤100
102729624670835,MinuteStats,Minute Stats,≤100
48818254473,Alexander Street,PROQUEST LLC,≤100
102175879855284,Harper Perennial,HARPERCOLLINS PUBLISHERS L.L.C.,≤100
216705888361546,Elbert Lee Guillory,ELBERT GUILLORY'S AMERICA,≤100
1869687273277265,Run for Something,Run For Something PAC,≤100
327202261326682,Stephanie Bice,Bice for Congress,≤100
131306317680000,Social Goods,"Social Goods, LLC",≤100
1653885501501009,Propeller,Propeller Enterprises,≤100
416913748508616,We Welcome Refugees,We Welcome Refugees,≤100
114501575391943,Compare Medicare Quotes,Benepath,≤100
75305414159,National Beer Wholesalers Association,National Beer Wholesalers Association,≤100
109884280754432,Ruben Velez for Wisconsin,Ruben J Velez,≤100
34676619985,Colorado Children's Campaign,COLORADO CHILDERN'S CAMPAIGN INC,≤100
100503184678036,BioLargo Water Inc.,"BioLargo, Inc.",≤100
661744180680367,National Police Association,"NATIONAL POLICE ASSOCIATION, INC.",≤100
21647204289,Michigan Education Association,Michigan Education Association,≤100
11911627997,Pancreatic Cancer Action Network,"PANCREATIC CANCER ACTION NETWORK, INC.",≤100
106166404519806,Black Lives Matter,Bryan Daley,≤100
109642680676047,Luke Dretske for Assembly,Committee to Elect Luke Dretske,≤100
113341064736,American Conservative Union,American Conservative Union,≤100
808450969246896,"Rebecca Walser, Tax Attorney, CFP",Walser Wealth Management,≤100
138141366212571,Gravis Marketing,GRAVIS MARKETING INC.,≤100
100152991782973,Mike Smith for Brillion Mayor,Michael Eugene Smith,≤100
100123544800892,Disme Coin Company,Byron Michael Laughlin,≤100
2295062210811244,Coalition for American Veterans,COALITION FOR AMERICAN VETERANS POLITICAL ACTION COMMITTEE,≤100
73970658023,International Rescue Committee,International Rescue Committee,≤100
102389457864860,Treehuggers Bracelets,ECOMX LLC,≤100
115617711783870,Center for Union Facts,CENTER FOR UNION FACTS,≤100
1438882392887793,ADF Church Alliance,Alliance Defending Freedom,≤100
112298720560502,We Are The Wrld,These ads ran without a disclaimer,≤100
8145161702,Lambda Legal,"LAMBDA LEGAL DEFENSE & EDUCATION FUND, INC.",≤100
2070944712939738,American Police Officers Alliance,American Police Officers Alliance,≤100
1229789977123022,Debbie Lesko for Congress,DEBBIE LESKO FOR CONGRESS,≤100
306591716448427,Cindy Axne,CINDY AXNE FOR CONGRESS,≤100
105283560949571,Trump 2024 Film,2024 LLC,≤100
304062610300415,VozWire,Gregson E Mathe,≤100
108090464296366,Republican Patriots,I Love My Freedom,≤100
242679302418244,Denison Forum,Denison Ministries,≤100
1945237355733646,Giving Brush,Giving Brush LLC,≤100
61878332769,ICNA Relief,ICNA RELIEF USA PROGRAMS,≤100
109995194004367,Perry for Wisconsin,Perry for Wisconsin,≤100
272618896537776,America First Agenda,America First Agenda PAC,≤100
107847454354960,Weekly American Lifestyle,Steve San,≤100
121626482110,Operation Smile,"OPERATION SMILE, INC.",≤100
18813753280,Human Rights Campaign,Human Rights Campaign Foundation,≤100
294196590710262,FWD.us,FWD.us,≤100
899236290225176,Sylvia for State Assembly,Citizens for Sylvia Ortiz-Velez,≤100
122894447754361,Institute for New Economic Thinking,"INSTITUTE FOR NEW ECONOMIC THINKING, THE",≤100
615854911830541,Shore Buddies,PB 1904 International LLC dba Shore Buddies,≤100
862363127191692,PinataDonald,THE DEMOCRATIC COALITION,≤100
269549349807954,Eva Vergos for Judge,"Eva Vergos for Circuit Court Judge, Sixth Circuit, Group 28",≤100
1370474066365196,F1RST WARRIOR,First Warrior,≤100
936078336413158,Radiate,"Radiate The World, Inc",≤100
78420171887,Sailors for the Sea,SAILORS FOR THE SEAINC,≤100
174046949421616,Phenomenal Woman Action Campaign,Phenomenal Woman Action Campaign,≤100
1189321434561854,Vote Ranjeev for Rep,Friends of Ranjeev Puri,≤100
113335773562471,President Trump For Re-Election,Great American Era,≤100
1505244559517282,Colin Allred,COLIN ALLRED FOR CONGRESS,≤100
346937065399354,Occupy Democrats,Omar Rivero,≤100
104745474214057,HRA - OTC Birth Control,Corey Francis Mc Govern,≤100
135997359926517,SSDC Services,Jefery James Wenzel,≤100
116321656426431,Banek for Coroner,Friends of Jennifer Banek,≤100
110365633697522,Mike Buehler,Citizens for Mike Buehler,≤100
260131294484,Bethesda Lutheran Communities,Bethesda Lutheran Communities,≤100
343714718985673,Think Wood,Think Wood,≤100
460844281074800,Tiny Trump,Eric D Corriel,≤100
101041998305221,The Proud Republicans,Great American Era LLC,≤100
100729641303493,ICount NM,I Count New Mexico,≤100
18492769291,Faithful America,Faithful America,≤100
188607107843102,Texas Values,TEXAS VALUES,≤100
102829481516779,GREG MICK for Lake County Prosecutor,Gregory Jo N Mick,≤100
149366465128820,Nicole Galloway,Nicole Galloway for Missouri,≤100
1916108188466958,Elad Gross For Missouri,Elad Gross For Missouri,≤100
275908853303174,Pro-Israel America,Pro-Israel America United,≤100
2040270322863853,Tina Smith,TINA SMITH FOR MINNESOTA,≤100
1402827079932843,Low Income Relief,The Lighthouse Information Network LLC,≤100
1648154845427417,Doggy Do Good,Katie Faye Decker,≤100
552253521899588,jlindsay,Joshua Dean Lindsay,≤100
103732088041755,LEAD Home Improvement,John Leroy Soderberg,≤100
87151874360,Mike Nerheim is Lake County State's Attorney,Citizens for Mike Nerheim,≤100
624113997772825,North Dakotans for Comprehensive Energy Solutions,Americans for Comprehensive Energy Solutions,≤100
77790954801,Salesian Missions,Salesian Missions,≤100
535186963191852,CUNA,Credit Union National Association,≤100
74697123892,SEIU MN State Council,SEIU MN State Council,≤100
659065807493245,Jonathan Madison,Jonathan Madison,≤100
256043277748645,NetChoice,NETCHOICE,≤100
102413723172970,Nick Adams,Nick Adams,≤100
69039563201,Open Doors USA,"OPEN DOORS WITH BROTHER ANDREW, INC.",≤100
125319303823,Champlain College,Champlain College Incorporated,≤100
1425435377743310,Conversations with Bill Kristol,The Foundation for Constitutional Government,≤100
110280253735683,Alexandria Ocasio-Cortez Fan Club,Imran M Jemal,≤100
210063369158387,DomesticShelters.org,Theresa's Fund,≤100
107439427661844,Accountable Tech,Accountable Tech,≤100
278355662356517,BallotReady,"BallotReady, Inc",≤100
109906667085581,Congressman Dan Bishop,"Congressman Dan Bishop, US House of Representatives",≤100
103653994359958,Harvard Forward,The Boarding School,≤100
1470151473238140,Save the Boundary Waters,Northeastern MInnesotans for Wilderness,≤100
276708266084189,Ray Dalio,"Principles, LLC",≤100
117468878295521,American-Arab Anti-Discrimination Committee (ADC),Roy Abdo,≤100
32802178807,Homes For Our Troops,Homes For Our Troops,≤100
101572582521,MSC Industrial Supply,Raegan Nicole Johnson,≤100
566008736785269,Be Heard Project,Be Heard Project,≤100
143173285763,Tenth Amendment Center,Tenth Amendment Center,≤100
114541753608648,Uncomfortable Conversations,Uncomfortable Conversations,≤100
1461833850762156,Koch Alert,THE DEMOCRATIC COALITION,≤100
866151803475680,Ledgestone Insurance Open,Ledgestone Insurance Open,≤100
262905633727,Los Angeles Mission,"Los Angeles Mission, Inc.",≤100
386305465057247,Liberty Nation,Liberty Nation,≤100
109243500822158,The Greater Brand,Benjamin Pendera Ijah,≤100
1934273516856559,Betsy Dirksen Londrigan,BETSY DIRKSEN LONDRIGAN FOR CONGRESS,≤100
482100658584410,We Stand For Energy,"EDISON ELECTRIC INSTITUTE, INC.",≤100
105410567897348,Adopt an Officer,Adopt America LLC,≤100
1290536624348001,Informed Immigrant,FWD.us Education Fund,≤100
589913688039969,Michigan Online,University of Michigan,≤100
377392172830318,Representative Ross Spano,Office of Representative Ross Spano,≤100
1553978148244954,Build With Strength,Build With Strength,≤100
157307331013957,The History List,The History List,≤100
570524446405979,Only Human,Only Human,≤100
323792034683,World Socialist Web Site,World Socialist Web Site,≤100
222745994575140,Project ChildSafe,"NATIONAL SHOOTING SPORTS FOUNDATION, INC.",≤100
264774890721566,Clear Energy Alliance,Clear Energy Alliance,≤100
107722887387213,Lance Bachmann,Lance Bachmann,≤100
95135221781,Federal News Network,Hubbard Radio DC,≤100
243510442756370,Justice Democrats,JUSTICE DEMOCRATS PAC,≤100
1486604288305133,Happy Earth Apparel,Happy Earth LLC,≤100
289634374392752,ConservAmerica,ConservAmerica,≤100
160513344045084,John Neely Kennedy,"John Kennedy for Us, Inc",≤100
614134231980299,Veterans Empowered To Protect African Wildlife,VETPAW INC,≤100
540707072979860,Brian Maryott,MARYOTT FOR CONGRESS,≤100
1862142560544227,Green Estate Goods,Green Estate Goods LLC,≤100
211596438980002,Ampersand Consulting,Ampersand Consulting,≤100
104761984666929,Tees Of America,Tees Of America,≤100
1576236875930301,Global Cyber Alliance,Global Cyber Alliance with ad credits,≤100
300992409852,Hoover Institution,Hoover Institution,≤100
2118624975095038,Stephen Daniel for Congress,STEPHEN DANIEL FOR CONGRESS,≤100
294508332028,Lakota People's Law Project,ROMERO INSTITUTE,≤100
1711390915783604,Jack Bergman,BERGMANFORCONGRESS,≤100
1888806214722917,Erie County Anti-Stigma Coalition,Erie County Anti-Stigma Coalition,≤100
324569504564505,CASE Action,CASE Action Fund,≤100
147368882623027,Black Futures Lab,Black Futures Lab,≤100
75353945070,Boxed Water Is Better,Boxed Water Is Better,≤100
138492335404,Scott Walker,"Walker Group, LLC",≤100
8749090685,GoDaddy,GoDaddy,≤100
868405419972384,The Outrage,The Outrage,≤100
162493793737,Rick Green,Richard Arlin Green,≤100
1695950424027488,Andy Hallinan,Andrew Lawrence Hallinan,≤100
180230069923,American Life League,American Life League,≤100
329548021121218,Chicago Clean Energy Authority,Chicago Clean Energy Authority,≤100
858210161010020,Tom Malinowski for Congress,TOM MALINOWSKI FOR CONGRESS,≤100
514167322309353,Dan Crenshaw,Crenshaw For Congress,≤100
101146091319045,Elcove.green,Elcove,≤100
133913826633461,Grassroot Institute of Hawaii,Grassroot Institute of Hawaii,≤100
119756123109437,Roaring Republicans,Roaring Republicans,≤100
653079394725698,Aspiration,Aspiration,≤100
161186620643972,American Institute for Economic Research,AMERICAN INSTITUTE FOR ECONOMIC RESEARCH,≤100
111894353686773,Posi-comm Viewpoints,Frederick Jackson Haggerson,≤100
148731991811588,Baird,Robert W. Baird & Co. Incorporated,≤100
9364828262,Citizens Against Government Waste,CITIZENS AGAINST GOVERNMENT WASTE,≤100
19219803864,Tax Foundation,Tax Foundation,≤100
44705166993,Vote.org,Vote.Org,≤100
11918108948,African Wildlife Foundation,AFRICAN WILDLIFE FOUNDATION,≤100
8895898655,Rainforest Alliance,"RAINFOREST ALLIANCE, INC.",≤100
106493481115475,Protect Our Election,Protect Our Election,≤100
234628203317767,Made for Freedom,Made for Freedom,≤100
2336022790003836,Patients + Providers United,Patients and Providers United,≤100
111277640428691,President Donald J. Trump 2020,Trump Collections,≤100
101485404914361,Bad News Wares,Bad News Wares,≤100
288452868709310,Smart City Expo Atlanta,Smart City Expo Atlanta,≤100
1629757947259221,Vote Eric Robinson for School Board,Eric Robinson for School Board,≤100
238008626268343,Israel365,Teach for Israel Inc,≤100
403716816314673,Lee Saunders,AMERICAN FEDERATION OF STATE COUNTY & MUNICIPAL EMPLOYEES,≤100
1108138379292447,Wrap Technologies,These ads ran without a disclaimer,≤100
108908350556964,Marian Matthews for HD27,Marian Matthews For HD27,≤100
12503116997,Dennis Prager,Salem Media,≤100
28144169620,Alliance for Aging Research,Alliance for Aging Research,≤100
2317264024972785,American Populists,The New American Populist,≤100
1145019702185006,Alliance for Safety and Justice,Alliance for Safety and Justice,≤100
202531447982,Jimmy Chin,Protect Our Winters,≤100
2255846891314996,Corn Refiners Association,"corn refiners association, inc",≤100
477131125780900,The War Horse,War Horse News,≤100
106203264511020,Washington Changed Katko,DCCC,≤100
1311291038982513,2A Gear,Teecreations LLC,≤100
493811210669780,Creative Action Network,Creative Action Network,≤100
105872574403318,Project TAMMI,a research grant at The National Center on Addiction and Substance Abuse (CASA),≤100
195704103779569,Savage Outdoors & The One,Amanda Harris Lee,≤100
9739634228,The Political Machine,"Hitcents.com, Inc",≤100
116222966843926,US Concealed,US Concealed,≤100
467790593780990,Ray Rodrigues For State Senate,"Ray Rodrigues, Republican, for State Senate",≤100
25121889784,Texas Public Policy Foundation,Texas Public Policy Foundation,≤100
1498561767025112,Zephyr Teachout,Macmillan Publishing,≤100
2453441358078301,Bill Owen for State Representative,Citizens for Owen,≤100
241247646424302,Jahana Hayes,FRIENDS OF JAHANA HAYES,≤100
18017481462,Acton Institute,Acton Institute,≤100
111151490241542,Pollemix,Pollemix,≤100
1621690511405010,Civic Action,Civic Action,≤100
421486244558294,Ross Spano,ROSS SPANO FOR CONGRESS,≤100
693338200702307,Michelle Ugenti-Rita,Ugenti-Rita for Senate,≤100
960045850672105,One More Wave,Ernad Civic,≤100
111447640399004,Facts Over Fear,Melanie Lux Asher,≤100
104938814276248,Brush Plastic Away,Brush Plastic Away,≤100
112307460121896,Eric Rinehart for Lake County State's Attorney,Friends of Rinehart,≤100
710669049286394,Woo the People,Khosro David Illulian,≤100
114299836615491,Solomon Rajput for Congress,SOLOMON RAJPUT FOR CONGRESS,≤100
53541257714,The Arc of the United States,"ARC OF THE UNITED STATES, INC., THE",≤100
598720023670599,Jennifer Carroll Foy,Jennifer Carroll Foy for Governor,≤100
1408321932578614,Andrés Cano,Andrés for Arizona | Authorized by Andrés Cano,≤100
789546641178807,Brand New Congress,Brand New Congress,≤100
116987410178,Missouri Partnership,MISSOURI PARTNERSHIP,≤100
105315054555694,Strong Women Store,These ads ran without a disclaimer,≤100
172783160290727,New Civil Liberties Alliance,NEW CIVIL LIBERTIES ALLIANCE,≤100
342006339184405,National Children's Alliance,NATIONAL CHILDRENS ALLIANCE INC,≤100
106691907452893,Judge Judy Cates for Illinois Supreme Court,Judge Judy Cates for Supreme Court,≤100
420756238503932,Your American Flag Store,Your American Flag Store,≤100
370521010373208,Linda Pedersen Lake County Board Dist. 1 Campaign Page,Friends for Linda Pedersen,≤100
1521463681450292,IL CleanJobs,Illinois Clean Jobs Coalition,≤100
179909895355213,AIDS United,AIDS UNITED,≤100
39432041915,Capital Research Center,CAPITAL RESEARCH CENTER INC,≤100
907919839243616,My Faith Votes,THEN VISION CHARITABLE TRUST,≤100
83865976093,Truthout,TRUTHOUT,≤100
100184714677097,Election Year Knockout,Exceptionull Games,≤100
86071521216,Second Amendment Foundation,SECOND AMENDMENT FOUNDATION INC,≤100
638492549896672,Liberal Humans,Liberal Humans,≤100
1163396097051646,PILMA,Pharmaceutical Industry Labor Management Association,≤100
100911481267154,"Luke Gromen - FFTT, LLC","FFTT, LLC",≤100
2176472882580975,Crusader Outlet,Crusader Marketing,≤100
103322426424621,Jonathan Karl,Jonathan David Karl,≤100
116907753042353,TOL,Serdar Turan,≤100
104614641200137,MeidasTouch,MEIDASTOUCH,≤100
102315041409283,Horses in our Hands,In our Hands Action Fund,≤100
576705655712575,Jason Williams,Run with Jason,≤100
100401327980848,National Parents Union,National Parents Union,≤100
10331123781,Special Olympics,Special Olympics Inc,≤100
101442908124605,Liberty Surveys,Liberty Surveys,≤100
342623112567750,The Shoe That Grows,Because International Corp,≤100
455595357859098,Richard DeNapoli,Richard DeNapoli for Broward Republican State Committeeman,≤100
124626320898336,Catholic Extension,"CATHOLIC CHURCH EXTENSION SOCIETY OF THE UNITED STATES OF AMERICA, THE",≤100
103067581133922,Paul Junge,PAUL JUNGE FOR CONGRESS,≤100
375301089246439,Thom Tillis,THOM TILLIS COMMITTEE,≤100
106868314285372,The Finance Kit,DYS Capital LLC,≤100
102478528086004,Reading On the Left,St. Martin's Press,≤100
16534314739,Facing History and Ourselves,These ads ran without a disclaimer,≤100
132732160104163,Ford Foundation,"FORD FOUNDATION, THE",≤100
499379343409991,Impact Fund,"IMPACT FUND, THE",≤100
1472549903019349,CCAN Action Fund,Chesapeake Climate Action Network Action Fund,≤100
91223411833,Medical Teams International,Medical Teams International,≤100
751679868274074,Hope for Students,THE EXPECTATIONS PROJECT INC,≤100
2052968585000306,Kristie Goforth Schilling-Monona City Council,Friends of Kristie Schilling,≤100
256760055231702,Beware of B,Beware of B,≤100
452797224923658,Democratic Coalition Against Trump,THE DEMOCRATIC COALITION,≤100
13531153805,Knight Foundation,Knight Foundation,≤100
29770886815,Marijuana Policy Project,Marijuana Policy Project,≤100
162019154641651,Deliver Liberty,Deliver Liberty,≤100
46508415624,Scott Taylor,Scott Taylor for Congress 2020,≤100
1668350569891953,Rainbow Movement,William James Ulrich,≤100
114739563265041,Robert "Bob" Abene,Thomas Albert Delegal,≤100
24470472733,The Trevor Project,The Trevor Project,≤100
802271849850801,Freedom for All Americans,Freedom for All Americans,≤100
259920881366,3rd District Republican Party of Wisconsin,William Feehan,≤100
10760692978,World Hope International,World Hope International,≤100
1014291495249813,Politicon,Politicon,≤100
343175436328856,CA Needs Energy Storage,California Alliance for Renewable Energy Solutions,≤100
111648480319494,800DEMOCRAT,800DEMOCRAT,≤100
1940635406173937,Josh Pade,PADE FOR CONGRESS,≤100
113553048669158,Rick Scott,TEAM RICK SCOTT,≤100
125649561365522,J.D. Scholten,SCHOLTEN4IOWA CAMPAIGN COMMITTEE,≤100
2223151871134889,Trump45Merch,Thomas Charles Granack,≤100
7609325759,Jim McGovern,RE-ELECT MCGOVERN COMMITTEE,≤100
344346245749372,Shore Trendz,RHW.COM LLC/DBA Shore Trendz,≤100
8936818385,Accuracy in Media,"ACCURACY IN MEDIA, INC",≤100
531739923640641,Pill Club,These ads ran without a disclaimer,≤100
92021268117,Working America,Working America,≤100
100697751658498,Stronger.org,The Public Good Projects,≤100
166087830076297,WebPT,WebPT,≤100
460002281235040,"Mike Giallombardo For State Representative, District 77",Mike Giallombardo Campaign,≤100
103150364587807,Gun Owners Care,National Shooting Sports Foundation,≤100
922580991129339,People's Mojahedin Organization of Iran - MEK IRAN,MEK-Iran (Saeid Saadati),≤100
100559204891447,Friends of Dr. James St. George,Friends of James St. George,≤100
15351475322,Cathy McMorris Rodgers,Cathy McMorris Rodgers for Congress,≤100
101176014673943,Michelle for Kansas,MICHELLE FOR KANSAS,≤100
102161004838994,Melissa Gould for Judge,Melissa Gould for Judge,≤100
110849485902,United Way,United Way Worldwide with Facebook Ad Credits,≤100
450110328488873,Sportsmen for the Boundary Waters,Sportsmen for the Boundary Waters,≤100
205795426669644,Facts and Logic about the Middle East,Facts and Logic About the Middle East,≤100
169204449790211,Conservative News Today,"BizPac Review, Inc.",≤100
268439166935033,Happy Sloth Co.,These ads ran without a disclaimer,≤100
543066585882629,Libertarian Country,Libertarian Country,≤100
87977452433,Zumiez,Zumiez,≤100
944885865692767,Trumpy Dumpty,Rebel Games LLC,≤100
1187681427913179,100 Years of Deception,Alan Adaschik,≤100
1086209354874961,Resilience Force,"NEO PHILANTHROPY, INC.",≤100
102517741490187,Chris Reimer Republican for Wisconsin State Assembly,Chris Reimer for State Assembly,≤100
106245384043438,Tims For Congress,FRIENDS OF DESIREE TIMS,≤100
97466887664,Innocence Project,"INNOCENCE PROJECT, INC., THE",≤100
391872261636792,2020unity,"ForFact LLC, DBA 2020unity",≤100
100124595113383,Victor Ashe,"William F. Buckley, Jr. Program",≤100
29008276590,The Salvation Army Greater New York Division,The Salvation Army,≤100
2037695643113766,Blexit,Blexit Foundation,≤100
129602743740560,Illinois Family Action,ILLINOIS FAMILY ACTION NFP,≤100
147497942385,To the Contrary on PBS,Persephone Productions,≤100
166166843531258,National Council of Resistance of Iran - شورای ملی مقاومت ایران,MEK-Iran (Saeid Saadati),≤100
105835711208027,The Progressive List,THE PROGRESSIVE LIST,≤100
128716440866482,Adam Milstein,Adam Milstein,≤100
108906707265489,USA Pooch,"PRESIDENTIAL POOCH, INC",≤100
879661055726728,Lights for Liberty,Lights for Liberty,≤100
109295990419284,Esther For Congress,ESTHER FOR CONGRESS,≤100
1413682351987764,Andy Kim for Congress,ANDY KIM FOR CONGRESS,≤100
819607471729183,Dr. Al Gross for US Senate,DR. AL GROSS FOR U.S. SENATE,≤100
1784991421516214,Seek Refuge,Seek Refuge,≤100
111480020618941,Big Bad Uncle Sam LLC,Collin Christian Johnson,≤100
733226656816228,etee,These ads ran without a disclaimer,≤100
102673738084465,Illuxus,Illuxus,≤100
1765073800454902,Reform Austin,Reform Austin Inc.,≤100
156919911022572,Steven Horsford,NEVADANS FOR STEVEN HORSFORD,≤100
105698674239617,Embed News,Embed News,≤100
28446275521,Military Officers Association of America (MOAA),Military Officers Association of America,≤100
105287044367027,ObsessedwithTrump,Donald Lee Rowan,≤100
109834327180743,Cynthia Wallace For Congress,CYNTHIA WALLACE FOR CONGRESS,≤100
105702217760897,Pathogen Pro,Pathogen Pro,≤100
79820371749,Ayanna Pressley,THE COMMITTEE TO ELECT AYANNA PRESSLEY,≤100
101042758281184,Reading On the Right,Macmillan Publishing,≤100
105236957888835,Be Human Be Kind,These ads ran without a disclaimer,≤100
107199049318619,Friends of Derek Kilmer,PEOPLE FOR DEREK KILMER,≤100
110618170405674,Best Money Tips,Best Money Tips,≤100
213289449057297,THE HILLS BOYS,Oscar Hills,≤100
101209614956892,Take A Stand,These ads ran without a disclaimer,≤100
714370858707870,Bryan Cohen's Best Page Forward,These ads ran without a disclaimer,≤100
541807025833154,Malala Fund,Malala Fund,≤100
334748476594191,Rodney Davis,Rodney for Congress,≤100
1719944924709939,Saving Jane,Saving Jane,≤100
107523875954231,Danny Davis,Protect Our Winters,≤100
102703188127463,Winning Energy,Winning Energy LLC,≤100
110125904070783,Super Top Shelf,Super Top Shelf LLC,≤100
289359554914740,We Have A Stake,The ANCOR Foundation,≤100
104505064408799,Cove USA,"Cove USA, LLC",≤100
153309775026,SnapStream,SnapStream Media,≤100
505653766599222,America First with Dr. Sebastian Gorka,Salem Media,≤100
367292494407,AJC - American Jewish Committee,AMERICAN JEWISH COMMITTEE,≤100
104038541334426,BailoutWatch,Elisabeth Marie Soto,≤100
411431975550358,Marc Veasey,MARC VEASEY CONGRESSIONAL CAMPAIGN COMMITTEE,≤100
261368940668905,Lake Pepin Legacy Alliance,LAKE PEPIN LEGACY ALLIANCE,≤100
487569614682924,CAPP USA,Yellow Line Productions LLC,≤100
466775810098858,Retailers & Store Owners United to Rebuild our Communities' Economies,Retailers and Store Owners United to Rebuild our Communities’ Economies,≤100
50576707351,Republican State Leadership Committee,Republican State Leadership Committee,≤100
28068665077,American Academy of PAs,American Academy of PAs,≤100
271680110244621,Jeff Dotseth for State Representative MN,Dotseth Volunteer Committee,≤100
316498251698370,Adam Gray for Assembly,Gray for Assembly 2020,≤100
105953890782784,The Factual,The Factual,≤100
115973688451232,CitizenNet,CitizenNet,≤100
210820618956311,Community Change Action,Community Change Action,≤100
1006110349586564,Congressman TJ Cox,Office of Congressman TJ Cox,≤100
103617578071596,Anti-racism campaign,Anti-Racism Campaign,≤100
525171637666780,Sandy Piña California Delegate,RCR,≤100
1708467695859543,Veteran Transition Mission,Sonia Ivelisse Barriera Ayala,≤100
1399736660066130,Jews for a Secular Democracy,Society for Humanistic Judaism,≤100
102027764795677,American Wire,The USA Wire,≤100
101164484986617,To Be Frank Show,Real News PR,≤100
173221903282537,RumbleUp: Powerful P2P,RumbleUp LLC,≤100
128289862750,Liberty in North Korea,Liberty in North Korea,≤100
248468095247223,Rastaclat,Rastaclat,≤100
105561217523274,The_Dispatch,"Dispatch Media, Inc.",≤100
1156330024535488,Josiah Hill for Senate,Josiah James Hill,≤100
237697300232030,Michael Unbroken,Think Unroken LLC,≤100
354329797956187,The Catholic Association,"The Catholic Association, Inc",≤100
89324781720,Pat Toomey,Friends of Pat Toomey,≤100
8225139261,New York Republican State Committee,NEW YORK REPUBLICAN STATE COMMITTEE,≤100
641276169335113,Gretchen Driskell for Congress,Gretchen Driskell For Congress,≤100
122773549121265,President Trump for Nobel Peace Prize 2020,Tarek None Kteleh,≤100
2253210821388444,Ohio Strong Action,OHIO STRONG ACTION,≤100
136299005939,Heifer International,HEIFER PROJECT INTERNATIONAL,≤100
273023971533,Dennis Bonnen,Dennis Bonnen Campaign,≤100
107698564046392,Lauren Boebert for Congress,LAUREN BOEBERT FOR CONGRESS,≤100
150322194563,PASA Primates: Pan African Sanctuary Alliance,PAN AFRICAN SANCTUARIES ALLIANCE,≤100
322044193958,Mike Turner for Congress,Citizens for Turner,≤100
103851564652,Waterkeeper Alliance,WATERKEEPER ALLIANCE INC,≤100
162149327915523,Mel Kirkland Cedar Park City Council Place 2,Melville Marshall Kirkland Jr,≤100
64206021703,National Committee to Preserve Social Security and Medicare,NATIONAL COMMITTE TO PRESERVE SOCIAL SECURITY AND MEDICARE,≤100
337963610428971,Yana for Wyo,YANA FOR WYO,≤100
316038342090498,"Dreyer Wealth Management, LLC","Dreyer Wealth Management, LLC",≤100
1156676274461345,Mikie Sherrill,MIKIE SHERRILL FOR CONGRESS,≤100
350692761610088,Matt Cartwright for U.S. Congress,CARTWRIGHT FOR CONGRESS,≤100
103223249771282,Bill McDaniel,"Bill McDaniel, Republican, for Collier County Commissioner, District 5",≤100
8321461609,MomsRising.org,MomsRising Together,≤100
317284821682168,Messianic Jewish Alliance of America (MJAA),Messianic Jewish Alliance of America,≤100
115757826468774,Statsigo,Statsigo,≤100
560490170758241,No Small Matter,Eleven Thirteen Collective LLC,≤100
160844834773039,Athanasios Dilos Journalism,Athanasios Dilos,≤100
243399129090445,Christina Hale,HOOSIERS FOR HALE,≤100
107150077720746,American Collectibles,Christopher Walter Adams,≤100
81372493950,POET,POET,≤100
470241276500901,Women Vote,WOMEN VOTE!,≤100
331681097379867,Kids' Minds Matter,LEE MEMORIAL HEALTH SYSTEM FOUNDATION,≤100
51949171587,Cross International,"CROSS INTERNATIONAL, INC.",≤100
143509339045414,Americans for Peace and Tolerance,"AMERICANS FOR PEACE AND TOLERANCE, INC.",≤100
122360425094991,Nasty Woman Cosmetics,Nasty Woman Cosmetics,≤100
1443127535947107,Save the Children Action Network,Save the Children Action Network,≤100
2123425971065747,Sora Schools,Indra Putra Sofian,≤100
23180353833,North Carolina Republican Party,North Carolina Republican Party,≤100
103557118005382,Live Action Español,Live Action,≤100
105804624116745,HKDC - Hong Kong Democracy Council US,"Hong Kong Democracy Council, USA",≤100
291260461373618,News and News,News and News,≤100
79047202856,People's World,People's World,≤100
133294620046953,Mission India,MISSION INDIA INC,≤100
12784656483,Union Rescue Mission,Union Rescue Mission,≤100
7735858972,Humane Society Legislative Fund,Humane Society Legislative Fund,≤100
336440323158789,Jack Burkman Radio,Jack Burkman Radio,≤100
105882964535390,Cats Against Trump,Cats Against Trump,≤100