﻿Page ID,Page Name,Disclaimer,Amount Spent (USD)
6726182861,Mike Pence,TRUMP MAKE AMERICA GREAT AGAIN COMMITTEE,1388
153080620724,Donald J. Trump,TRUMP MAKE AMERICA GREAT AGAIN COMMITTEE,1304
153080620724,Donald J. Trump,"DONALD J. TRUMP FOR PRESIDENT, INC.",995
108794587327155,Good Programs 2020,Trevor Dale Seaks,449
156968474833352,Stop Republicans,Stop Republicans,369
1771156219840594,Team Trump,TRUMP MAKE AMERICA GREAT AGAIN COMMITTEE,301
1745691098822972,Brad Parscale,TRUMP MAKE AMERICA GREAT AGAIN COMMITTEE,244
791543660926838,"I'll go ahead and keep my guns, Thanks",2A4LIFE LLC,215
102671331487937,I Love My Freedom Store,I Love My Freedom,181
9324910069,NRSC,NRSC,177
104856814505092,The Kids Guide,The Kids Guide,176
7860876103,Joe Biden,BIDEN VICTORY FUND,164
42002969352,Center on Budget and Policy Priorities,Center on Budget and Policy Priorities,163
1771156219840594,Team Trump,"DONALD J. TRUMP FOR PRESIDENT, INC.",145
20787991568,Senate Democrats,DSCC,134
140995982586105,West Virginia Department of Commerce,West Virginia Department of Commerce,130
103654464668995,Home With Our Family,Alexander Chung,126
2352630938293825,Mytacticalpromos,Entremax,117
96935476345,Democratic Governors Association (DGA),Democratic Governors Association,113
260244824449371,Consumers for Quality Care,Consumers for Quality Care,105
345504286342057,Keeping America Great Again,RightWingGear.com,102
112694470356789,Trumpcare For America,Stuart Joseph Millar,≤100
196382377057315,Learn Our History,Learn Our History,≤100
132492254050920,American AF,AAF Nation,≤100
785936231584382,Paula Jean Swearengin,Paula Jean for West Virginia,≤100
176789922364429,Steve Daines,STEVE DAINES FOR MONTANA,≤100
665345483483486,NRA - National Rifle Association of America,NATIONAL RIFLE ASSN OF AMERICA,≤100
1615018905412860,Progressive Turnout Project,PROGRESSIVE TURNOUT PROJECT,≤100
165987503528599,Lindsey Graham,"TEAM GRAHAM, INC.",≤100
114710126648118,Republican Dogs,Republican Dogs,≤100
92925746942,Judicial Watch,Judicial Watch,≤100
215968684159,AFT - American Federation of Teachers,American Federation of Teachers,≤100
925007000949719,ExxonMobil,Exxon Mobil Corporation,≤100
127755494595870,Progressive Takeover,PROGRESSIVE TAKEOVER,≤100
107858693983382,The GOP Shop,The GOP Shop,≤100
25852730092,Care2,Care2 Inc,≤100
53541257714,The Arc of the United States,The Arc with Facebook Ad Credits,≤100
112974563687584,Robert Kiyosaki - The Rich Dad Poor Dad Letter,Long Form Creative Co.,≤100
85452072376,Newsmax,Newsmax Media,≤100
6726182861,Mike Pence,"DONALD J. TRUMP FOR PRESIDENT, INC.",≤100
717115395103069,PrintedKicks,Printed Kicks,≤100
278490715553293,Martha McSally,MCSALLY FOR SENATE INC,≤100
105829564471772,Patriots Stand Together,Trizzie Truong,≤100
830121337093232,National Democratic Training Committee,NATIONAL DEMOCRATIC TRAINING COMMITTEE PAC,≤100
203805062990264,Ben Shapiro,The Daily Wire,≤100
127225910653607,PragerU,PragerU,≤100
305832706292882,American Gun Association,GunAssociation.org,≤100
33110852384,Doctors Without Borders/ Médecins Sans Frontières (MSF),Doctors Without Borders/Médecins Sans Frontières (MSF),≤100
213792049451918,Stand For America,Stand For America Inc,≤100
1374134752633656,New Health Plans,Shop Insurance Plans,≤100
100137754724934,Trump 2020 Supporters,Proud Right Winger,≤100
461204744067686,Family Protection Association,Family Protection Association,≤100
105756057589080,The Lincoln Project,The Lincoln Project,≤100
137569740231452,Respect The Look,Respect The Look,≤100
1883837055193241,Shield Republic,Shield Republic,≤100
109677057145919,Hot Issue,Astonishean Miracle Bundage,≤100
112880207070872,Windows Roof Driveway,Kenji None Tomoda,≤100
132608090141573,West Virginia Children's Trust Fund,"TEAM FOR WV CHILDREN, INC.",≤100
5633824547,FreedomWorks,"FREEDOMWORKS, INC.",≤100
100637888239523,Free Reign For All,Kin Ngai Yeung,≤100
1010143499143169,Medicare Savings,"Mayo Labs, LLC",≤100
256304286535,UPMC,UPMC,≤100
1435071773455316,Daily Wire,The Daily Wire,≤100
598924810530984,Keeping America Great,FamTeeWorld,≤100
107398241021186,The John Lewis Bridge Project,John Lewis Bridge Project,≤100
5435784683,Greenpeace USA,"GREENPEACE, INC.",≤100
55218624590,Adagio Health,Adagio Health,≤100
977704775606273,Balls Deep Tackle,Balls Deep Tackle,≤100
100126201737278,Patriots Take a Stand,Jae W Seo,≤100
57259033959,AARP,AARP,≤100
245284549333866,ASMDSS,ASMDSS,≤100
373814729643508,Let America Vote,LET AMERICA VOTE PAC,≤100
96935476345,Democratic Governors Association (DGA),DEMOCRATIC ACTION,≤100
560140464159364,Stand for the 2nd Amendment,SFT2 Tactical Supply,≤100
23875187730,Feeding America,Feeding America,≤100
108118933908193,Next Level Goods,Next Level Goods LLC,≤100
328853823844484,Balance of Power,Balance of Power,≤100
602714436529710,End Citizens United,END CITIZENS UNITED,≤100
1025055787535714,A Case for Women,A Case for Women,≤100
1194865807192273,Conservative Gear,Outergoods LLC,≤100
259130650776119,Mitch McConnell,MCCONNELL SENATE COMMITTEE,≤100
113563323745924,Keep America Great,Keep America Great,≤100
111506250582498,Keeping Our Homes Safe,Steve San,≤100
148205145252473,Backcountry Hunters & Anglers,Backcountry Hunters & Anglers,≤100
105566671190013,What We All Need,Patrick Le Tran,≤100
103597604713894,Team Trump Store,TRUMP MAKE AMERICA GREAT AGAIN COMMITTEE,≤100
482100658584410,We Stand For Energy,"EDISON ELECTRIC INSTITUTE, INC.",≤100
192015461630968,Supporting Our Brave Veterans,James Brian Plouf,≤100
328072970642479,Jaime Harrison,JAIME HARRISON FOR US SENATE,≤100
24330467048,Americans for Prosperity,AMERICANS FOR PROSPERITY,≤100
530604487365010,Old Glory Flagpole Kits,Service First,≤100
111393882812494,Amy McGrath,"AMY MCGRATH FOR SENATE, INC.",≤100
103686151190185,Corey Miller for Mason County Sheriff,Corey Jason Miller,≤100
110124618713,American Principles Project,American Principles Project,≤100
1528980567353817,Love Has No Labels,Love Has No Labels with Facebook Ad Credits,≤100
195530355493,Chicks On The Right,Chicks on the Right,≤100
107758757670203,BLM Direct,BLM Store LLC,≤100
8934429638,Planned Parenthood Action,Planned Parenthood Action Fund,≤100
266145623549392,Greenbrier County Republican Club and Executive Committee,Greenbrier County Republican Executive Committee,≤100
9364828262,Citizens Against Government Waste,COUNCIL FOR CITIZENS AGAINST GOVERNMENT WASTE,≤100
2353537341582545,Proud Patriots,Proud Patriots,≤100
101210588150219,Boy Scouts Abuse Claims,X Social Media LLC,≤100
109379100777665,Patriotism Isn't Dead,Patriot Polling,≤100
203197030603239,8 Billion Trees,8 Billion Trees LLC,≤100
18982436812,ACLU,American Civil Liberties Union,≤100
80433353285,Taradel LLC,Taradel,≤100
106114264313679,Hunt The Vote,"Hunter Nation, Inc",≤100
8325302025,Friends of the Earth U.S.,Friends of the Earth,≤100
530604487365010,Old Glory Flagpole Kits,Service First Flag Poles,≤100
45393753416,Alliance Defending Freedom,Alliance Defending Freedom,≤100
107803440835562,US Hot Gears,Click Wonders,≤100
309308412520731,Sandy Hook Promise,Sandy Hook Promise,≤100
105455840860559,Eagle Realm,Eagle Realm,≤100
118502801658228,Young Kim,Young Kim for Congress,≤100
101690998009007,Improving Life Through Health,Nicolette Dalan,≤100
100256754899828,Patriot's Cave,Patriots Cave,≤100
111428049989,Cal Cunningham,CAL FOR NC,≤100
2267285956849056,Donald Trump 2020 Fans,I Love My Freedom,≤100
2189265054726827,Liberty Tee Shop,www.libertyteeshop.com,≤100
21375324480,The Heritage Foundation,HERITAGE FOUNDATION (THE),≤100
168051710543266,Lacy Johnson,Lacy Johnson for Congress,≤100
101279451606075,Democratic Strategy Institute,Democratic Strategy Institute,≤100
126694924050678,Xavier Becerra,Becerra for Attorney General 2022,≤100
443329669123990,USAFacts,USAFacts Institute,≤100
8741241286,Under Armour,These ads ran without a disclaimer,≤100
112431050497386,Patriotism For Life,Vivian Lam Nguyen,≤100
100757504960070,Concealed_Country,Concealed Country,≤100
390058528030053,Talcum Powder Cancer Claim,These ads ran without a disclaimer,≤100
17023576156,The Leadership Conference on Civil and Human Rights,The Leadership Conference on Civil and Human Rights,≤100
1836138529938551,Greater Half,Greater Half,≤100
681626158940626,Mission Roll Call,Americas Warrior Partnership,≤100
38235851310,USA for UNHCR,UNITED STATES ASSOCIATION FOR UNHCR,≤100
1109093812491437,Blaze Media,Blaze Media LLC,≤100
8532248414,Wounded Warrior Project,"WOUNDED WARRIOR PROJECT, INC.",≤100
1061240530648502,Joe Collins,JOE COLLINS FOR CONGRESS,≤100
309798029121030,Everytown for Gun Safety,Everytown for Gun Safety Action Fund Inc,≤100
21559454473,FAIR,FEDERATION FOR AMERICAN IMMIGRATION REFORM,≤100
1526736227567131,TrueCoverage,True Coverage,≤100
169294473121454,Policetees.com,PoliceTees.com,≤100
2330577043935831,Sara Gideon,SARA GIDEON FOR MAINE,≤100
1456310534453054,Veteran Loans Online,"LMB OpCo, LLC",≤100
1447994318779650,AirMedCare Network,AIrMedCare Network,≤100
104934207736995,Paycheck to Paycheck,Center for American Progress Action Fund,≤100
1917715138510680,Follow Your Legend,Legend Bracelet,≤100
12301006942,Democratic Party,DNC SERVICES CORP./DEM. NAT'L COMMITTEE,≤100
106224464107240,Jo Jorgensen,JO JORGENSEN FOR PRESIDENT,≤100
72186095846,Center For American Progress Action Fund,Center for American Progress Action Fund,≤100
193618220508,LIFE Today,LIFE Outreach International,≤100
342294162453301,Planned Parenthood,Planned Parenthood Federation of America,≤100
653079394725698,Aspiration,Aspiration,≤100
107150077720746,American Collectibles,Christopher Walter Adams,≤100
100551214884717,Team WV 63,TeamWV63,≤100
120939708684,West Virginia Center on Budget and Policy,WEST VIRGINIA CENTER ON BUDGET AND POLICY,≤100
105577974544303,The USA Needs More Patriots,Anthony Alexander Morales,≤100
153151038677421,Chase For WV,Chase For WV,≤100
69039563201,Open Doors USA,"OPEN DOORS WITH BROTHER ANDREW, INC.",≤100
7814597100,Jim Jordan for Congress,JIM JORDAN FOR CONGRESS,≤100
6316744206,Jon Tester,MONTANANS FOR TESTER,≤100
106949844346620,Trumpian Republicans,Gregory Lawrence Burright,≤100
142370046577999,Shahid Buttar for Congress,Shahid Buttar for Congress Committee,≤100
158088001464352,Selina Vickers,Team Vickers,≤100
15687409793,World Wildlife Fund,World Wildlife Fund,≤100
147542771956309,Katrina Pierson,TRUMP MAKE AMERICA GREAT AGAIN COMMITTEE,≤100
18813753280,Human Rights Campaign,"HUMAN RIGHTS CAMPAIGN, INC.",≤100
46093654473,National Republican Congressional Committee,NRCC,≤100
225849544123723,West Virginia Association of Counties,West Virginia Association of Counties,≤100
140995982586105,West Virginia Department of Commerce,These ads ran without a disclaimer,≤100
775525186130124,Center for a Free Economy,Center for a Free Economy,≤100
354586505391697,Derrick Evans - The Activist,Derrick Evans,≤100
420785874975425,Conservative Institute,The Conservative Institute,≤100
6231686654,Compassion International,"COMPASSION INTERNATIONAL, INCORPORATED",≤100
103162411257510,Trumplican,USA Movements,≤100
112347913766343,2A Forever,US Programs And Benefits,≤100
8047221596,Save the Children US,"SAVE THE CHILDREN FEDERATION, INC.",≤100
1745691098822972,Brad Parscale,"DONALD J. TRUMP FOR PRESIDENT, INC.",≤100
425771317501061,Michael Knowles,The Daily Wire,≤100
1118500958164482,Rodney Miller WV House of Delegates,Rodney Miller for WV House,≤100
593289284500311,Trump Rack,BOXD Marketing,≤100
1799282383731277,TwoSeventy,Alexander Jared Deutsch,≤100
153678684700451,American Investment Council,AMERICAN INVESTMENT COUNCIL,≤100
293225127381200,Patriot Depot,The Patriot Depot,≤100
329284771298646,Issue One Action,Issue One Action,≤100
129255907131113,NumbersUSA,NUMBERSUSA EDUCATION AND RESEARCH FOUNDATION,≤100
169130743498585,Tactical Pro Supply,Chad Keller,≤100
105732744375701,Steve Bullock,MONTANANS FOR BULLOCK,≤100
110974960642149,Proudly American,Grant Alan Johnston,≤100
24481937944,Theodore Roosevelt Conservation Partnership,"THEODORE ROOSEVELT CONSERVATION PARTNERSHIP, INC",≤100
166618413413767,Jay Sekulow,American Center for Law and Justice,≤100
1336293769761923,Jon Ossoff,JON OSSOFF FOR SENATE,≤100
104721201111500,Grassroots Law Project,Grassroots Law Project,≤100
130467958471,Jason Lewis,Jason Lewis for Senate,≤100
17911165812,Covenant House International,Covenant House,≤100
237477017606,Club for Growth,Club for Growth,≤100
788394134539871,USPS Business,United States Postal Service,≤100
605168822998856,314 Action,314 ACTION FUND,≤100
128958937175029,Trivia Today,Benjamin Aaron Perlman,≤100
178835922297833,American Clinical Laboratory Association,American Clinical Laboratory Association,≤100
107654924064350,Pat Timmons-Goodson,PATRICIA TIMMONS-GOODSON FOR CONGRESS,≤100
109784800371914,Protect Kids: Fight Flavored E-Cigarettes,TOBACCO-FREE KIDS ACTION FUND,≤100
109360297266116,Fearless Patriot,TERESA NONE OHARA-MARSH,≤100
2037695643113766,Blexit,Blexit Foundation,≤100
342887442508723,Convention of States,Convention of States Action,≤100
433919203362871,Bird + Stone,BIRD & STONE INC,≤100
30914589895,The International Fellowship of Christians and Jews,"INTERNATIONAL FELLOWSHIP OF CHRISTIANS & JEWS, INC.",≤100
934438026690635,YouGov,YOUGOV AMERICA INC.,≤100
465483726908192,iVote,IVote Civic Education Fund,≤100
107589664099282,Stand Up To China,"Stand Up To China, Inc.",≤100
296708523873754,Karla Dennis and Associates Inc.,"Karla Dennis & Associates, Inc",≤100
171651620209487,Brady PAC,Brady Pac,≤100
1228396643984955,Michelle Steel,Michelle Steel for Congress,≤100
892673067526965,Project War Path,Project War Path,≤100
7962229886,Environmental Working Group,ENVIRONMENTAL WORKING GROUP,≤100
49651563727,Live Action,Live Action,≤100
107420360824728,Josh Gary for State Senate,Josh Gary for West Virginia,≤100
106645684412573,Cover Air Medical,Cover Air Medical,≤100
30139072158,CARE,CARE,≤100
19342050934,Leadership Institute,LEADERSHIP INSTITUTE INC,≤100
101165966152,AFL-CIO,AFL-CIO,≤100
228132537208218,Tammy Duckworth,TAMMY FOR ILLINOIS,≤100
158791100909689,Concerned Veterans for America,Concerned Veterans for America,≤100
103644036958,United Association,United Association Political Education Committee,≤100
2012750189007245,Liquid Death Mountain Water,Liquid Death,≤100
359477377917,American Federation for Children,American Federation for Children,≤100
277005566267077,Blueland,Blueland,≤100
118303441570966,Home Ownership Matters,NATIONAL ASSOCIATION OF REALTORS,≤100
87186661244,Johns Hopkins Bloomberg School of Public Health,Johns Hopkins Bloomberg School of Public Health,≤100
355316521236121,John Cornyn,TEXANS FOR SENATOR JOHN CORNYN INC.,≤100
110177119192569,Knightscope,William Li,≤100
115379705206001,U.S. Department of Homeland Security Blue Campaign,DHS Blue Campaign,≤100
215830238462422,The LIBRE Initiative,The Libre Initiative,≤100
163302087408673,Stop The Donald,Stop the Donald,≤100
73970658023,International Rescue Committee,International Rescue Committee,≤100
104325304445549,John King For Sheriff,John Edward King,≤100
7263476274,Mercy Corps,Mercy Corps,≤100
303061950155375,John James,"JOHN JAMES FOR SENATE, INC.",≤100
143729616392084,Van Drew for Congress,Van Drew for Congress,≤100
209516845093,NRDC Action Fund,NRDC Action Fund,≤100
262577294462322,Kettle Freaks,Michael Joseph Hach,≤100
51052893175,Kevin McCarthy,Leader Kevin McCarthy,≤100
111155977283079,My Medication Rights,Pharmaceutical Printed Literature Association,≤100
376776419037747,Turning Point USA,Turning Point USA,≤100
7219151423,The Fund for American Studies (TFAS),The Fund for American Studies,≤100
2185993931653388,The Recount,"Recount Media, Inc",≤100
100101018155207,Paid Leave for All,Paid Leave for All a project of Hopewell Fund,≤100
163148530407080,Captain Mark Kelly,MARK KELLY FOR SENATE,≤100
257019421075897,Cory Gardner,Cory Gardner for Senate,≤100
110018833813683,Flip the Senate,SMP,≤100
90022052772,Williams,"WILLIAMS COMPANIES, INC., THE",≤100
679171239164792,Supermajority,Supermajority Education Fund,≤100
6236054211,Brady,Brady Campaign to Prevent Gun Violence,≤100
894096170667732,Ashley Hinson,Ashley Hinson For Congress,≤100
570092813023833,Matt Walsh,The Daily Wire,≤100
366869404022017,Josh Holstein House of Delegates,Joshua Allen Holstein,≤100
19420215926,CNSNews.com,MEDIA RESEARCH CENTER,≤100
253791814655400,Doug Collins,"COLLINS FOR SENATE, INC.",≤100
1055873511190792,Hello Resistance,Hello Resistance Apparel,≤100
8550121410,Free Speech America Project,MEDIA RESEARCH CENTER,≤100
971668776283950,PolicyEd,Hoover Institution,≤100
416529938945387,Eric Nelson for WV Senate,Committee to Elect Eric Nelson,≤100
114625730266879,Republican Voters Against Trump,Defending Democracy Together,≤100
50982313030,Food & Water Watch,Food & Water Watch,≤100
1316372698453411,Alexandria Ocasio-Cortez,Alexandria Ocasio-Cortez for Congress,≤100
135298176481584,Marine Corps Scholarship Foundation,Marine Corps Scholarship Foundation,≤100
438987046299274,The First,"The First Digital, Inc",≤100
907919839243616,My Faith Votes,My Faith Votes,≤100
1530883997194411,United States Constitution,Flag and Cross,≤100
167586229923327,World Food Program USA,World Food Program USA,≤100
110010433804232,Falkirk Center,Falkirk Center,≤100
18479402361,No Kid Hungry,No Kid Hungry,≤100
83290028957,Care Net,CARE NET,≤100
36474716066,Color Of Change,ColorofChange.org,≤100
102592959026,Ocean Conservancy,"OCEAN CONSERVANCY, INC.",≤100
169597416843751,Stand Up America,Stand Up America,≤100
1545826148838592,Trump 2020,Gregory Lawrence Burright,≤100
169710960125365,Curzio Research,Curzio Research Inc.,≤100
109111900634787,Reverend Raphael Warnock,WARNOCK FOR GEORGIA,≤100
149081336362,AmeriCorps VISTA,Corporation for National and Community Service,≤100
116072753082353,Shabby Chic Apparel,These ads ran without a disclaimer,≤100
222745994575140,Project ChildSafe,"NATIONAL SHOOTING SPORTS FOUNDATION, INC.",≤100
493811210669780,Creative Action Network,Creative Action Network,≤100
67945990059,The American Petroleum Institute,AMERICAN PETROLEUM INSTITUTE,≤100
7833534974,Florida Democratic Party,Florida Democratic Party,≤100
38471053686,Elizabeth Warren,"WARREN DEMOCRATS, INC.",≤100
281844617168,Jewish Voice Ministries International,JEWISH VOICE MINISTRIES INTERNATIONAL,≤100
102636677971854,Trump Is The Storm,Legendary Trump Coins,≤100
105536127617594,The American Digest,The American Digest,≤100
6333396177,NewsBusters.org,MEDIA RESEARCH CENTER,≤100
192771954102960,Jordan Sekulow,American Center for Law and Justice,≤100
15041226930,Oxfam,"OXFAM AMERICA, INC.",≤100
109092142462587,Adam Schiff,SCHIFF FOR CONGRESS,≤100
675471506247724,Adair for Congress,ADAIR FOR CONGRESS,≤100
10498053716,Media Research Center,MEDIA RESEARCH CENTER,≤100
143089732792,Marsha Blackburn,Blackburn Tennessee Victory Fund,≤100
8501031021,VoteVets.org,"VoteVets Action Fund, Inc.",≤100
113313830408238,Drain The Swamp Collection,Drain The Swamp Collection,≤100
101591551371555,Fire Mitch. Save America.,SAVE AMERICA FUND,≤100
101469231619455,AMANI 2020,AMANI 2020,≤100
5720973755,Defenders of Wildlife,DEFENDERS OF WILDLIFE,≤100
375760676281438,Mermaid Straw,Mermaid Straw,≤100
1338822066131069,Women's March,Women's March,≤100
114971076538782,The Keystone,Courier Newsroom,≤100
18709174006,National Audubon Society,"NATIONAL AUDUBON SOCIETY, INC.",≤100
265268336865693,Do Amore,Do Amore Limited Company,≤100
8321461609,MomsRising.org,MomsRising Together,≤100
80562389320,NARAL Pro-Choice America,NARAL Pro-Choice America,≤100
11791104453,NRDC,Natural Resources Defense Council,≤100
117058854998779,The Gideons International,"GIDEONS INTERNATIONAL, THE",≤100
496696933682736,Jeff Merkley,JEFF MERKLEY FOR OREGON,≤100
266145305529,Henry Holt,"Macmillan Holdings, LLC",≤100
109788797242679,The Patriot Circle,Kin Ngai Yeung,≤100
223008867858902,American Action News,American Action News,≤100
429812024048177,Doug Jones for Senate,DOUG JONES FOR SENATE COMMITTEE,≤100
143986912311328,University of Vermont Continuing and Distance Education,University of Vermont,≤100
596556607135301,The Earthling Co.,The Earthling Co.,≤100
126855128568,FEBC (Far East Broadcasting Company),"FAR EAST BROADCASTING COMPANY, INC.",≤100
173470656019870,The Daily Yonder,Great Stories LLC,≤100
8225139261,New York Republican State Committee,NEW YORK REPUBLICAN STATE COMMITTEE,≤100
292351509697,Jerusalem Prayer Team,Jerusalem Prayer Team,≤100
106487520883333,Cardinal & Pine,Courier Newsroom,≤100
6500552187,Hulu,"HULU, LLC",≤100
1695950424027488,Andy Hallinan,Andrew Lawrence Hallinan,≤100
288904941217544,Kanawha County Republican Executive Committee,Kanawha County Republican Executive Committee,≤100
7292655492,MoveOn,MOVEON.ORG POLITICAL ACTION,≤100
110746996993983,The 'Gander Newsroom,Courier Newsroom,≤100
394817334402124,2020 Trump Bill,Innovative Ecomm LLC,≤100
1600352356914768,PushBlack,PushBlack,≤100
125937197447634,ACTA - American Council of Trustees and Alumni,AMERICAN COUNCIL OF TRUSTEES AND ALUMNI,≤100
1099779163410386,John Barrasso,Friends of John Barrasso,≤100
101136147910784,Represent Justice,Represent Justice,≤100
814260155318929,The Fairness Project,The Fairness Project,≤100
248181906078243,National Institute for Civil Discourse,CommonSense American,≤100
21395843375,Dialysis Patient Citizens,DIALYSIS PATIENT CITIZENS INC,≤100
27311599342,Preemptive Love,Preemptive Love Coalition,≤100
419237048158257,Susan Collins,COLLINS FOR SENATOR,≤100
357554791340788,Liker,Omar Rivero,≤100
1682876188698809,United for Respect,United for Respect,≤100
112277246832799,Community 101,Barry Lee Holstein,≤100
385473284886474,Hillsdale College,These ads ran without a disclaimer,≤100
27544763621,Prison Fellowship,Prison Fellowship,≤100
1449461518652183,4Patriots,4Patriots LLC,≤100
1765073800454902,Reform Austin,Reform Austin Inc.,≤100
408250066356,Bill O'Reilly,"Bill Me, Inc.",≤100
374848446414965,Pollking,Benjamin Aaron Perlman,≤100
101237551589520,Tactical Patriot,Tyler Austin Middaugh,≤100
1234251319933440,Exclusive Apparel,The Dude's Threads,≤100
55549065733,Voto Latino,VOTO LATINO INC.,≤100
1268410219898273,Tango Tango,Tango Tango Inc,≤100
2225580284361712,Tommy Tuberville,"TUBERVILLE FOR SENATE, INC.",≤100
35169196082,Project HOPE,"PROJECT HOPE-THE PEOPLE-TO-PEOPLE HEALTH FOUNDATION, INC.",≤100
150452905455,Andrew Klavan,The Daily Wire,≤100
100968598130407,Tax Support Center,Mercedes Lease,≤100
717417908274761,Lady Freethinker,Lady Freethinker,≤100
332716170522025,America First Action,America First Action,≤100
15239367801,The Wilderness Society,"WILDERNESS SOCIETY, THE",≤100
114475890010131,Piggy Dollar Financial,Tyler Wayne Hedland,≤100
384557995468219,Viral Casez,Viral Casez,≤100
106114264313679,Hunt The Vote,"Hunter Nation, Inc.",≤100
169277310432049,"Texas Precision Optics, Inc.",Texas Precision Optics Inc,≤100
113581127016514,City of New York Government,City of New York,≤100
101391906600,Live Action News,Live Action News,≤100
655065784538368,PredictIt,"PredictIt - Prediction Markets. A project of Victoria University of Wellington, PredictIt has been established to facilitate research into the way markets forecast events.",≤100
6422690687,Clearly Canadian,The Clearly Food & Beverage Company,≤100
102756811269921,Fellow Americans,Fellow Americans,≤100
259212814698356,Democratic Majority for Israel,DMFI PAC,≤100
1443127535947107,Save the Children Action Network,Save the Children Action Network,≤100
201956993160690,MRCTV,MEDIA RESEARCH CENTER,≤100
723136714746586,The Common Ground Project,"The Common Ground Project, Inc",≤100
102745147891580,Trump Coolers,Eric Clifford Juels,≤100
6820348410,Kirsten Gillibrand,Off the Sidelines,≤100
172298889630363,Republican Attorneys General Association,REPUBLICAN ATTORNEYS GENERAL ASSOCIATION,≤100
103402638590,United Planning Organization,UNITED PLANNING ORGANIZATION,≤100
108503659576,National Coalition for Public School Options,National Coalition for Public School Options,≤100
74508408221,Dr. Joanne Bagshaw,"Joanne Bagshaw, PhD, LCPC",≤100
780941275347834,Ilhan Omar,ILHAN FOR CONGRESS,≤100
1166660030079480,National Democratic Redistricting Committee,National Democratic Redistricting Committee,≤100
1689478611287596,Riley Keaton for House of Delegates,Nicholas Riley Keaton,≤100
911828698840246,ReLEntless Defender Apparel,ReLEntless Defender Apparel,≤100
533987556776948,Campaign for Sustainable Rx Pricing,Campaign for Sustainable Rx Pricing,≤100
151686754920712,The West Virginia Record,The Record,≤100
79125112926,Students for Life of America,"STUDENTS FOR LIFE OF AMERICA, INC.",≤100
2165983337048601,LeverforChange,Lever for Change,≤100
103131054573692,Crawfordology,Crawfordology,≤100
112735922758892,Charlie Kirk,Charlie Kirk,≤100
110089227413037,The Prepared Patriot,Edward Ha,≤100
23790541544,Democrats,DCCC,≤100
166738743732702,All Above All Action,All Above All Action Fund,≤100
2295062210811244,Coalition for American Veterans,COALITION FOR AMERICAN VETERANS POLITICAL ACTION COMMITTEE,≤100
102617961152741,Barbara Bollier,BOLLIER FOR KANSAS,≤100
1613516851999536,Sunrise Movement,Sunrise,≤100
216709768355686,Dinesh D'Souza,America2020 Film LLC,≤100
8524198486,Physicians Committee for Responsible Medicine,"PHYSICIANS COMMITTEE FOR RESPONSIBLE MEDICINE, INC.",≤100
747568658641946,Senator Amanda Chase,Chase for Governor,≤100
134452023239984,Human Coalition,Human Coalition,≤100
290851614930809,Combat AntiSemitism,Combat Anti-Semitism,≤100
1774166319503581,Strong Women Society,Christopher John Smith,≤100
21647204289,Michigan Education Association,Michigan Education Association,≤100
219224241438635,Compassion & Choices,COMPASSION & CHOICES,≤100
123613301521418,"Councilman Charles ""Chuck"" Presley, Jr.",Charles Edward Presley Jr,≤100
378084314984,Trane Technologies,These ads ran without a disclaimer,≤100
106402714456835,Trees 4 Australia,Trees4Australia,≤100
1690071827911682,Cleancult,cleancult,≤100
72931140459,Center for Biological Diversity,"CENTER FOR BIOLOGICAL DIVERSITY, INC.",≤100
241869749851122,Parents Against Vaping e-cigs,Steven Koester,≤100
105577974544303,The USA Needs More Patriots,AmeriPolling,≤100
108512875350,The Atlas Society,The Atlas Society,≤100
58158120046,ACLJ,American Center for Law and Justice,≤100
111970730196550,World War Zero,AMERICAN SECURITY PROJECT,≤100
96171427550,Raja for Congress,FRIENDS OF RAJA FOR CONGRESS,≤100
114386721939978,The Made in America Store,Made In America Store,≤100
1813012495602677,HALO in Nagorno Karabakh,"HALO TRUST (USA), INC. (THE)",≤100
205395906412,UAW International Union,"INTERNATIONAL UNION, UNITED AUTOMOBILE, AEROSPACE AND AGRICULTURAL IMPLEMENT WORKERS OF AM",≤100
721000238103165,Eric Early,Eric Early,≤100
197760674021143,Indivisible Guide,INDIVISIBLE ACTION,≤100
1715709725337136,"The Center for Rural Health Development, Inc.",The Center for Rural Health Development,≤100
683872625157265,Theresa Greenfield,THERESA GREENFIELD FOR IOWA,≤100
232201568659,Pacific Justice Institute,PACIFIC JUSTICE INSTITUTE,≤100
1099478666810053,Meals For Pets,Meals for Pets,≤100
103185334702225,Stop Trump PAC,STOP 45 PAC,≤100
107756450629760,Todd Rowley 2020,TODD ROWLEY FOR CONGRESS,≤100
186805048171120,U.S. & Texas LawShield,Texas LawShield,≤100
183517831660100,Morning Consult,Morning Consult LLC,≤100
131217580266597,National Council on Aging,"NATIONAL COUNCIL ON AGING, INC.",≤100
176466646087311,DC Fawcett,Donald Chappell Fawcett,≤100
160630887998827,Let Them Live,Let Them Live,≤100
101442908124605,Liberty Surveys,Liberty Surveys,≤100
201248453800242,My Pay My Say,Mackinac Center for Public Policy,≤100
210277954204,The Young Turks,"The Young Turks, Inc.",≤100
121626482110,Operation Smile,"OPERATION SMILE, INC.",≤100
103235554648484,Elect Scientists,314 ACTION FUND,≤100
112325855474892,Speak Up For Education and Kids,National Education Association,≤100
360424321432255,Doha Debates,Doha Debates,≤100
1050320055029012,Outrider Foundation,OUTRIDER FOUNDATION,≤100
21834534343,Volunteers of America,"VOLUNTEERS OF AMERICA, INC.",≤100
120597324633465,West Virginians for Affordable Health Care,WEST VIRGINIANS FOR AFFORDABLE HEALTH CARE INC.,≤100
100123544800892,Disme Coin Company,Byron Michael Laughlin,≤100
100535808394168,Patriots For Freedom,I Love My Freedom,≤100
2146201085498440,Tony Gonzales,Tony Gonzales for Congress,≤100
1733918116873254,BackWoods Mafia,Landon David Turner,≤100
159597424207730,David Perdue,PERDUE FOR SENATE,≤100
356482637745012,Stansberry Research,Stansberry Research,≤100
872842866161157,One Nation Design,One Nation Design,≤100
776264359372720,ConservativeModern.com,ConservativeModern.com,≤100
469609533112889,iDisciple,iDisciple,≤100
302182941354,AARP Advocates,AARP,≤100
107752877388988,Al Lemmo to Congress,Lemmo to Congress,≤100
104505064408799,Cove USA,"Cove USA, LLC",≤100
953623958136043,FinalStraw,The Final Co. LLC,≤100
24413227922,Kamala Harris,FEARLESS FOR THE PEOPLE PAC,≤100
34521916336,Brent Bozell,MEDIA RESEARCH CENTER,≤100
278487153675,Redneck Nation Clothing,redneck nation,≤100
103929304678916,Voter Action Project,Integrity First Voter Action Project,≤100
260754507296508,The Voter Participation Center,Voter Participation Center,≤100
1438808983108348,BOLD PAC,CHC BOLD PAC,≤100
113666459994300,Big Dan Rodimer for Congress,RODIMER FOR CONGRESS,≤100
830890360316751,Nick Hanauer,Civic Action,≤100
265045056894488,Mark Meckler,Convention of States Action,≤100
2283535575207809,Ditch Mitch,DITCH FUND,≤100
101724361319410,Ronny Jackson for U.S. Congress TX-13,Texans for Ronny Jackson,≤100
1439364926329185,Animal Matters,Animal Matters,≤100
112164673854264,Living Patriotically,Living Patriotically,≤100
105283560949571,Trump 2024 Film,2024 LLC,≤100
249455845761285,Lindsey Must Go,LMG PAC,≤100
1809715209318581,Marjorie Taylor Greene for Congress,GREENE FOR CONGRESS,≤100
1721467687891795,Partnership for Conservation,Partnership for Conservation,≤100
123624513983,The Western Journal,The Western Journal,≤100
10150100007820094,Wendy Davis,WENDY DAVIS FOR CONGRESS,≤100
393076844046051,Progressive Caucus,CONGRESSIONAL PROGRESSIVE CAUCUS PAC,≤100
90498769709,Edenpure,EdenPURE®,≤100
407664862957433,Ammar Campa-Najjar for Congress,AMMAR CAMPA-NAJJAR FOR CONGRESS,≤100
331037760381749,Sierra Magazine,SIERRA CLUB,≤100
6041057841,The Humane Society of the United States,"HUMANE SOCIETY OF THE UNITED STATES, THE",≤100
112600915451330,No Labels,No Labels,≤100
105084617912738,PatriotQuizzes,patriotquizzes.com,≤100
780606555331010,American Student Loan Advocate,ASLR Marketing,≤100
85273022315,NAMI,NAMI,≤100
18017481462,Acton Institute,Acton Institute,≤100
156994304362574,American Bridge 21st Century,AB PAC,≤100
2339203789732156,Kim Mangone for Congress,COMMITTEE TO ELECT KIM MANGONE FOR CONGRESS,≤100
114041936953264,Lets Connect Everyone,Kyle Adam Ray,≤100
36872302227,Cory Booker,Cory Booker for Senate,≤100
104504438466,Federal Voting Assistance Program - FVAP,Federal Voting Assistance Program,≤100
393330191303459,YouGov Signal,YouGov US,≤100
210357995667559,The National Memo,The National Memo,≤100
103376804451432,Trending Politics,Making Web LLC,≤100
109712673845685,Alliance for Charitable Excellence,Alliance for Charitable Excellence,≤100
139062085972,Illinois Family Institute,"ILLINOIS FAMILY INSTITUTE, THE INC",≤100
113679093412163,Ed Hunzeker,Ed Hunzeker,≤100
7292655492,MoveOn,MOVEON.ORG CIVIC ACTION,≤100
101359811498192,Cost of Chaos,Priorities USA Action. 202-455-8428. Not authorized by any candidate or candidate's committee.,≤100
180230069923,American Life League,American Life League,≤100
104030038010531,Tera Myers,American Federation for Children,≤100
108797534098691,Keep Gifts Great,Adrian Choi Conger,≤100
488460945012999,President Trump 2020,Trump Collections,≤100
243362776583569,Air Mail,Air Mail,≤100
314121315788033,Stand with Parkland,Stand With Parkland,≤100
100119981671668,Blue Senate,BLUE SENATE PAC,≤100
102180301437619,2020 American Defense Fund,C3 PAC,≤100
102540204580217,UpNorthNews,Courier Newsroom,≤100
109866370700481,PushBlack Finance,PushBlack,≤100
238008626268343,Israel365,Teach for Israel Inc,≤100
291260461373618,News and News,News and News,≤100
122773549121265,President Trump for Nobel Peace Prize 2020,Tarek None Kteleh,≤100
2011677365822396,Ground News,Snapwise Inc.,≤100
42872222699,Dana Loesch,Dana Loesch Radio,≤100
6165653060,AFSCME,AMERICAN FEDERATION OF STATE COUNTY & MUNICIPAL EMPLOYEES,≤100
268311603350722,The American Independent,The American Independent,≤100
153278754738777,Climate Reality,The Climate Reality Project,≤100
6820348410,Kirsten Gillibrand,Gillibrand for Senate,≤100
2309566456030859,Human Coalition Action,Human Coalition Action,≤100
102959799834968,Diane Mitsch Bush for Colorado,DIANE FOR COLORADO CD3,≤100
291102898490822,Giant Maga Hat,Inventors club LLC,≤100
347063211984370,Fed of American Hospitals,Federation of American Hospitals,≤100
158734417875178,RC Thomas Company,RC Thomas,≤100
96159580682,Maine Democratic Party,MAINE DEMOCRATIC PARTY,≤100
911829795826330,Mark Penn Polls,AIRSNEXT Media,≤100
801245010232088,Generation Green New Deal,Tikkun Olam Films Incorporated,≤100
1934191280189700,Health Care Voter,Health Care Voter,≤100
103617578071596,Anti-racism campaign,Jason Charles King,≤100
32802178807,Homes For Our Troops,Homes For Our Troops,≤100
102389457864860,Treehuggers Bracelets,ECOMX LLC,≤100
104051398040027,CCW Online Now_,Concealed Country,≤100
249813266826,Environment North Carolina,"Environment America Research and Policy Center, Inc.",≤100
117641114435,First Aid Beauty,First Aid Beauty,≤100
425303257834064,Tom Basile,TomBasile.com,≤100
396932197039819,SafeSleeve,"SafeSleeve, LLC",≤100
525171637666780,Sandy Piña California Delegate,RCR,≤100
112369900345497,Main Street Economics,Leslie Rubin,≤100
152264148166020,Moms Clean Air Force,Moms Clean Air Force,≤100
202286639832171,Dr. Robert Jeffress,FIRST BAPTIST CHURCH DALLAS,≤100
745910525468062,National Center on Sexual Exploitation,National Center on Sexual Exploitation,≤100
142992759853421,Be A Hero,BE A HERO PAC,≤100
112650016883848,Fair and Square,Fair And Square PAC,≤100
105060269781,Premiere Collectibles,"Premiere Marketing, Inc.",≤100
101208514791301,Daniel Turner,Power The Future Inc,≤100
518194348194441,RepresentUs,RepresentUs,≤100
317667194946264,Ro Khanna,RO FOR CONGRESS INC,≤100
629732217415068,Republican Party,Greater Half,≤100
10234472029,Council on Foreign Relations,Council on Foreign Relations,≤100
104952231285892,Marc Falzon,Marc A Falzon,≤100
102499901286348,Bold Vision P.C.,Bold Vision PC,≤100
169204449790211,Conservative News Today,"BizPac Review, Inc.",≤100
1389807071117013,Lynn Afendoulis,Lynn Afendoulis for Congress,≤100
106868314285372,The Finance Kit,DYS Capital LLC,≤100
108152933883451,TrumpTrendz,Troy Lorenzo Davis,≤100
1014291495249813,Politicon,Politicon,≤100
150720154976207,Protect My Public Media,"APTS Action, Inc.",≤100
1868885156673680,Sarasota citizen Martin Hyde,Martin Hyde for Sarasota City Commission,≤100
109259090549237,Yes on National Popular Vote,Yes on National Popular Vote,≤100
173032699386730,The Penny Hoarder,Kyle Bradley Taylor,≤100
1553978148244954,Build With Strength,Build With Strength,≤100
20876805343,March of Dimes,MARCH OF DIMES INC.,≤100
110316697328742,People of Seniors Housing,People of Seniors Housing,≤100
240290369507552,Bend the Arc Jewish Action,Bend the Arc: Jewish Action,≤100
100863158148988,Commonwealth Communications,Commonwealth Communications,≤100
1612726335627171,We the Internet TV,We the Internet TV,≤100
107210084216238,Humanity Forward,Humanity Forward,≤100
1050474972008396,Bryan Berghoef for Congress,BRYAN BERGHOEF FOR CONGRESS,≤100
324119001078997,"Sanford Heisler Sharp, LLP","Sanford Heisler Sharp, LLP",≤100
242679302418244,Denison Forum,Denison Ministries,≤100
19463427992,Darrell Issa,DARRELL ISSA FOR CONGRESS,≤100
198875903295,Trek Bicycle,TREK BICYCLE CORPORATION,≤100
186932688457686,CHNGE,CHNGE,≤100
107937014153581,Energized Health,John Jubilee Transformation LLC DBA Energized Health,≤100
346937065399354,Occupy Democrats,Omar Rivero,≤100
100791528160227,Proud to Love,Kelly Ann Ausiello,≤100
106333028376,"Nichols Kaster, PLLP",Nichols Kaster PLLP,≤100
505653766599222,America First with Dr. Sebastian Gorka,Salem Media,≤100
51405613519,Focus on the Family,Focus on the Family,≤100
2078647579047586,Project Pulso,Project Pulso,≤100
24470472733,The Trevor Project,The Trevor Project,≤100
357275101142388,Everglades-Trust,"EVERGLADES TRUST INC, THE",≤100
114817056911402,Our Commonwealth,Commonwealth Communications,≤100
300992409852,Hoover Institution,Hoover Institution,≤100
104881317722736,Get-It-Out,Matthew Justin Viles,≤100
108542710774977,Patrick Martin For WV State Senate District 12,Patrick Stephan Martin,≤100
181183059253295,Dorsal Bracelets,Dorsal Bracelets,≤100
1747132688647028,Democratic Association of Secretaries of State,Democratic Association of Secretaries of State,≤100
108090464296366,Republican Patriots,I Love My Freedom,≤100
592707041080920,Stand Together,Stand Together Chamber of Commerce Inc.,≤100
1658135304460341,MANG,MANG,≤100
107665644228467,Conservative Journal Review,Conservative Journal Review LLC,≤100
313097997669,StreetLightUSA,StreetLightUSA,≤100
103054337919202,Adam Bomer for Philippi City Council 2020,Adam Zachary Bomer,≤100
49059279814,Institute for Justice,INSTITUTE FOR JUSTICE,≤100
278487153675,Redneck Nation Clothing,Tracie Milliron Gold,≤100
656263988182462,Bill Hagerty,TEAM HAGERTY,≤100
166087830076297,WebPT,WebPT,≤100
93565224474,Mercy For Animals,MERCY FOR ANIMALS,≤100
78420171887,Sailors for the Sea,SAILORS FOR THE SEAINC,≤100
325578590837480,Obamacare,Sixteen Thirty Fund,≤100
111237577031486,AquiPor Technologies,William Powers,≤100
19746387261,Humane Society International,Humane Society International,≤100
302091670421610,Congressman David Trone,Office of Rep. David Trone,≤100
211596438980002,Ampersand Consulting,Ampersand Consulting,≤100
184072721624475,"Besomebody, Inc.",Besomebody Inc,≤100
1869687273277265,Run for Something,Run For Something PAC,≤100
137427899615856,"Central Union Mission, DC",CENTRAL UNION MISSION (INC),≤100
354211448620959,Alexandra Owensby For the People,ALEXANDRA OWENSBY FOR THE PEOPLE,≤100
51379424899,Mercy Ships,MERCY SHIPS INTERNATIONAL,≤100
335372906543111,Lee Constantine For Seminole County Commission,Lee Constantine Campaign for Seminole County Commission,≤100
514167322309353,Dan Crenshaw,Crenshaw For Congress,≤100
467503009987109,"Healthy Forests, Healthy Communities","Healthy Forests, Healthy Communities",≤100
147497942385,To the Contrary on PBS,Persephone Productions,≤100
113330620093147,Sunny for Congress,Suneetha Chaparala,≤100
44224524016,American Kidney Fund,"AMERICAN KIDNEY FUND, INC.",≤100
100559204891447,Friends of Dr. James St. George,Friends of James St. George,≤100
151485624911761,NYC Mayor's Office,City of New York,≤100
83865976093,Truthout,TRUTHOUT,≤100
357844454633380,Dan Whitfield for Senate 2020,DANWHITCONGRESS,≤100
282328882639479,Quibi,Quibi,≤100
341513602902369,CALL TO ACTIVISM,CALL TO ACTIVISM,≤100
134597023235240,Rashida Tlaib,RASHIDA TLAIB FOR CONGRESS,≤100
1745418332339003,Aspire Gear,Aspire Gear,≤100
113335773562471,President Trump For Re-Election,Great American Era,≤100
1162286517277297,Canvass America,Canvass America,≤100
231518367314146,Kim Olson for Congress,KIMFORCONGRESS,≤100
101181794707874,United Research Group,United Research Group,≤100
819942484773775,Tax Sale Blueprint,Bob Diamond,≤100
635850443292528,Nasty Woman Coloring,Nasty Woman Coloring,≤100
327837911149503,2A4Life,2A4LIFE LLC,≤100
313723095478950,The Daily Citizen,Focus on the Family,≤100
145973965440671,Carnegie Corporation of New York,CARNEGIE CORPORATION OF NEW YORK,≤100
108777231824,Manhattan Institute for Policy Research,MANHATTAN INSTITUTE FOR POLICY RESEARCH INC,≤100
2259323457517498,Abolish the Electoral College,ABOLISH THE ELECTORAL COLLEGE,≤100
109271923909810,Friends of Tony Morelli,Tony E Morelli,≤100
1397799040234106,OpinionUP,OpinionUP LLC,≤100
1914537155242810,Life: Powered,Texas Public Policy Foundation,≤100
17203056985,Partners In Health,Partners In Health,≤100
61265398450,AmeriCorps NCCC,Corporation for National and Community Service,≤100
422202764649078,Rhode Island Department of Education - RIDE,Rhode Island Department of Education,≤100
105474831199070,Stop GOP Gerrymandering,National Democratic Redistricting Committee,≤100
99033391274,Brian Kemp,Kemp for Governor Inc,≤100
101041998305221,The Proud Republicans,Great American Era LLC,≤100
1402827079932843,Low Income Relief,The Lighthouse Information Network LLC,≤100
107953199261156,ifaw,"INTERNATIONAL FUND FOR ANIMAL WELFARE, INC.",≤100
1667892193505378,Hold the House,HOLD THE HOUSE PAC,≤100
51560645913,The Patriot Post,The Patriot Post,≤100
1945837408977507,Michael Moates,-MICHAEL STEVEN MOATES,≤100
463095630924391,US Business Funding,Credox,≤100
196743663140,Baha'is of the United States,National Spiritual Assembly of the Baha'is of the United States,≤100
336470580233523,Pins and Aces Golf Co.,US Craft Brands LLC,≤100
100401327980848,National Parents Union,National Parents Union,≤100
108282864070156,1776 Unites,Woodson Center,≤100
592074077639509,Donald Trump Is Our President,Power To The Publisher,≤100
105572511019028,iPondr,iPondr,≤100
2081864865362439,Mike Espy,MIKE ESPY FOR SENATE CAMPAIGN COMMITTEE,≤100
407740626399727,Blessed To Teach,Richard Harold Rene,≤100
173837496125511,Conscious Step,Conscious Step,≤100
115757826468774,Statsigo,Statsigo,≤100
108906707265489,USA Pooch,"PRESIDENTIAL POOCH, INC",≤100
175797376373,"WaterFurnace Geothermal Heating, Cooling & Hot Water","WATERFURNACE INTERNATIONAL, INC.",≤100
1636216106590985,Josh Hawley,JOSH HAWLEY FOR SENATE,≤100
303167829786891,Ed Markey,THE MARKEY COMMITTEE,≤100
157307331013957,The History List,The History List,≤100
11911627997,Pancreatic Cancer Action Network,"PANCREATIC CANCER ACTION NETWORK, INC.",≤100
1084856268238034,Trump Talking,Roberto None Lugo,≤100
183792172090826,Northern Virginia Clean Water Partners,Northern Virginia Regional Commission,≤100
54787697857,Ron Wyden,WYDEN FOR SENATE,≤100
100233228182981,Madison Cawthorn for Congress,CAWTHORN FOR NC,≤100
105222917615301,Jen Richardson for Congress,CITIZENS FOR JEN RICHARDSON,≤100
147126507164,ACTwireless,ACTwireless,≤100
130268756992804,Yale Climate Connections,Yale Climate Connections,≤100
129523843754764,Vote Smart,PROJECT VOTE SMART,≤100
102580641488276,Standagainstdarkblue,Stand Against Dark Blue,≤100
103952604499522,Todd Longanacre for West Virginia House of Delegates,Campaign to Elect Todd Longanacre for House of Delegates 2020,≤100
706716899745696,Women for Trump,"DONALD J. TRUMP FOR PRESIDENT, INC.",≤100
1413682351987764,Andy Kim for Congress,Andy Kim for Congress,≤100
2264090133834042,Invite Research,Precision Network,≤100
17432811417,Working Families Party,Working Families Party National Independent Expenditure Committee,≤100
1003562459729504,Transportation Nation Network,Transportation Nation Network,≤100
141692255929599,Democratic Socialists of America,DEMOCRATIC SOCIALISTS OF AMERICA INC,≤100
59877921429,Lutheran Immigration and Refugee Service,"LUTHERAN IMMIGRATION AND REFUGEE SERVICE, INC.",≤100
566008736785269,Be Heard Project,Be Heard Project,≤100
111702860231554,Matt Lieberman,Matt Lieberman for Senate,≤100
25121889784,Texas Public Policy Foundation,Texas Public Policy Foundation,≤100
545775132233909,The Late Show with Stephen Colbert,These ads ran without a disclaimer,≤100
53727956260,Republican Jewish Coalition,Republican Jewish Coalition,≤100
737686089933715,Conservative Collections,Mainline Media Group,≤100
420424547981908,In Search of Liberty,Scott Dennis Welch,≤100
304062610300415,VozWire,Gregson E Mathe,≤100
763491940427547,Roque  "Rocky"  De La Fuente,Rocky 101 LLC,≤100
102413723172970,Nick Adams,Nick Adams,≤100
987698164585861,Citizen Ed,Citizen Education,≤100
105610970947657,MY 2A GEAR,Leon Mckensizy Dunn,≤100
543066585882629,Libertarian Country,Libertarian Country,≤100
1438882392887793,ADF Church Alliance,Alliance Defending Freedom,≤100
1835838916635491,Transamerica Center for Health Studies,Transamerica Center for Health Studies,≤100
6334782252,Oceana,OCEANA,≤100
8934429638,Planned Parenthood Action,Planned Parenthood Votes,≤100
181924628560212,SumOfUs,SumOfUs,≤100
472758906150050,The Freedomist,William R Collier,≤100
28510612138,Uncommon Knowledge,Hoover Institution,≤100
524821051606971,Young Americans Against Socialism,Young Americans Against Socialism,≤100
139398939438430,Left Action,Left Action LLC,≤100
19972147679,SEIU,SEIU,≤100
19474609238,Mercatus Center at George Mason University,Mercatus Center at George Mason University,≤100
592347634460462,Partnership for America's Health Care Future,Partnership for America's Health Care Future,≤100
165734163437699,"Little, Brown and Company","Hachette Book Group, Inc.",≤100
424443217623488,Clarion Project,Clarion Project,≤100
382494215123812,Youth Leadership Foundation,Youth Leadership Foundation,≤100
1377749459221033,MO Electric Co-ops,MO Electric Co-ops,≤100
81372493950,POET,"POET, LLC",≤100
680549575421741,UnitedVoice.com,"Beachside Media, Inc.",≤100
109200595768753,The Christian Left,The Christian Left,≤100
344690446467832,The Copper Courier,Courier Newsroom,≤100
279256605891946,CalmEffect,"Balance Marketing Group, LLC",≤100
1528498354074301,Punching Bag Media - Conservative News,Sean Michael Probber,≤100
1789651861157958,Values To Action,Values to Action,≤100
710669049286394,Woo the People,Khosro David Illulian,≤100
166166843531258,National Council of Resistance of Iran - شورای ملی مقاومت ایران,MEK-Iran (Saeid Saadati),≤100
288110884600563,Lean In,"Sheryl Sandberg & Dave Goldberg Family Foundation d/b/a LeanIn.Org, LLC",≤100
308159713150350,Voter Protection Project,VOTER PROTECTION PROJECT,≤100
112084806900129,Deck,"Deck Technologies, Inc.",≤100
377392172830318,Representative Ross Spano,Office of Representative Ross Spano,≤100
7357041101,Tammy Baldwin,TAMMY BALDWIN FOR SENATE,≤100
312657362217994,Women's Heart Alliance,Women's Heart Alliance,≤100
105331754570572,Presidents Mint,Kevin Ross Santiago,≤100
104667417857551,United Association LLC,United Association LLC,≤100
586751814690068,Joni Ernst,Joni for Iowa,≤100
2336022790003836,Patients + Providers United,Patients and Providers United,≤100
194115677277113,A21,A21 with Facebook Ad Credits,≤100