﻿Page ID,Page Name,Disclaimer,Amount Spent (USD)
1411485062416786,Jack Reed,THE REED COMMITTEE,1412
24413227922,Kamala Harris,BIDEN VICTORY FUND,597
7860876103,Joe Biden,BIDEN VICTORY FUND,557
153080620724,Donald J. Trump,TRUMP MAKE AMERICA GREAT AGAIN COMMITTEE,358
925007000949719,ExxonMobil,Exxon Mobil Corporation,309
144842292223105,Rhode Island Department of Health,Rhode Island Department Health,300
156968474833352,Stop Republicans,Stop Republicans,203
1615018905412860,Progressive Turnout Project,PROGRESSIVE TURNOUT PROJECT,148
96935476345,Democratic Governors Association (DGA),Democratic Governors Association,122
100391581727524,Defeat By Tweet,DEFEAT BY TWEET,111
108824017345866,Facebook,"Facebook, Inc.",107
1771156219840594,Team Trump,TRUMP MAKE AMERICA GREAT AGAIN COMMITTEE,≤100
127755494595870,Progressive Takeover,PROGRESSIVE TAKEOVER,≤100
202626512363,U.S. Census Bureau,U.S. Census Bureau,≤100
1316372698453411,Alexandria Ocasio-Cortez,Alexandria Ocasio-Cortez for Congress,≤100
105756057589080,The Lincoln Project,The Lincoln Project,≤100
103983379801,Texas Democratic Party,SUPER STATES 2020,≤100
747436915270894,Congressional Leadership Fund,CONGRESSIONAL LEADERSHIP FUND,≤100
20787991568,Senate Democrats,DSCC,≤100
165987503528599,Lindsey Graham,"TEAM GRAHAM, INC.",≤100
6726182861,Mike Pence,TRUMP MAKE AMERICA GREAT AGAIN COMMITTEE,≤100
1061240530648502,Joe Collins,JOE COLLINS FOR CONGRESS,≤100
1528980567353817,Love Has No Labels,Love Has No Labels with Facebook Ad Credits,≤100
1909465542698901,Nelson Recruiting LLC,Jessica Larea Nelson,≤100
124939484209078,Langevin for Congress,LANGEVIN FOR CONGRESS,≤100
2330577043935831,Sara Gideon,SARA GIDEON FOR MAINE,≤100
176789922364429,Steve Daines,STEVE DAINES FOR MONTANA,≤100
203197030603239,8 Billion Trees,8 Billion Trees,≤100
104919517531062,Vote Yes For Fairness,Vote Yes for Fairness,≤100
104614641200137,MeidasTouch,MEIDASTOUCH,≤100
163148530407080,Captain Mark Kelly,MARK KELLY FOR SENATE,≤100
140357056032320,NEA Today,National Education Association,≤100
791543660926838,"I'll go ahead and keep my guns, Thanks",2A4LIFE LLC,≤100
96935476345,Democratic Governors Association (DGA),DEMOCRATIC ACTION,≤100
110018833813683,Flip the Senate,SMP,≤100
33713453361,Amazon Prime Video,Amazon Prime Video,≤100
74100576336,Facebook for Business,"Facebook, Inc.",≤100
338028696036,Yahoo News,Verizon Media Inc,≤100
428821014132730,Katie Porter,Katie Porter For Congress,≤100
328853823844484,Balance of Power,Balance of Power,≤100
873203482775828,Poor People's Campaign: A National Call for Moral Revival,Poor People's Campaign,≤100
127225910653607,PragerU,PragerU,≤100
259130650776119,Mitch McConnell,MCCONNELL SENATE COMMITTEE,≤100
328072970642479,Jaime Harrison,JAIME HARRISON FOR US SENATE,≤100
107210084216238,Humanity Forward,Humanity Forward,≤100
105732744375701,Steve Bullock,MONTANANS FOR BULLOCK,≤100
327837911149503,2A4Life,2A4LIFE LLC,≤100
934438026690635,YouGov,YOUGOV AMERICA INC.,≤100
314499212242,Pfizer,Pfizer Inc.,≤100
10128918116,Gavin Newsom,NEWSOM FOR CALIFORNIA GOVERNOR 2022,≤100
309308412520731,Sandy Hook Promise,Sandy Hook Promise,≤100
2352630938293825,Mytacticalpromos,Entremax,≤100
1635441679872518,Kimberly Klacik,Kim Klacik for Congress,≤100
92925746942,Judicial Watch,Judicial Watch,≤100
456708538089334,Mayor Joe Solomon,Joseph J Solomon,≤100
106663044307859,Mike Sievert,"T-MOBILE USA, INC.",≤100
665345483483486,NRA - National Rifle Association of America,NATIONAL RIFLE ASSN OF AMERICA,≤100
20876805343,March of Dimes,MARCH OF DIMES INC.,≤100
103216521432154,Aaron Mackisey,Friends of Aaron Mackisey,≤100
101279451606075,Democratic Strategy Institute,Democratic Strategy Institute,≤100
1378728485761873,Rhode Island Progressive Democrats of America,Rhode Island Progressive Democrats,≤100
7292655492,MoveOn,MOVEON.ORG POLITICAL ACTION,≤100
2267285956849056,Donald Trump 2020 Fans,I Love My Freedom,≤100
102975771471410,Scott Zambarano for RI State Senate,Friends of Scott Zambarano,≤100
602714436529710,End Citizens United,END CITIZENS UNITED,≤100
23875187730,Feeding America,Feeding America,≤100
2353537341582545,Proud Patriots,Proud Patriots,≤100
105269984593079,The Way I See It,Focus Features,≤100
1780867608827439,H Fisk Johnson,These ads ran without a disclaimer,≤100
6204742571,Sierra Club,SIERRA CLUB,≤100
8325302025,Friends of the Earth U.S.,Friends of the Earth,≤100
100137754724934,Trump 2020 Supporters,Proud Right Winger,≤100
106244251043808,Reuse Plastics,"AMERICAN CHEMISTRY COUNCIL, INC.",≤100
10150100007820094,Wendy Davis,WENDY DAVIS FOR CONGRESS,≤100
159964696102,Kevin McCarthy,KEVIN MCCARTHY FOR CONGRESS,≤100
95181800661,Levi's,Levi's®,≤100
926650430723985,Really American,REALLY AMERICAN PAC,≤100
103597604713894,Team Trump Store,TRUMP MAKE AMERICA GREAT AGAIN COMMITTEE,≤100
114710126648118,Republican Dogs,Republican Dogs,≤100
104856814505092,The Kids Guide,The Kids Guide,≤100
51405613519,Focus on the Family,Focus on the Family,≤100
8934429638,Planned Parenthood Action,Planned Parenthood Action Fund,≤100
278490715553293,Martha McSally,MCSALLY FOR SENATE INC,≤100
355316521236121,John Cornyn,TEXANS FOR SENATOR JOHN CORNYN INC.,≤100
9324910069,NRSC,NRSC,≤100
7263476274,Mercy Corps,Mercy Corps,≤100
408250066356,Bill O'Reilly,"Bill Me, Inc.",≤100
95356211637,Ben Ferguson,Ben Ferguson show,≤100
109111900634787,Reverend Raphael Warnock,WARNOCK FOR GEORGIA,≤100
126466837372807,1199 SEIU Rhode Island,SEIU Healthcare 1199NE,≤100
596556607135301,The Earthling Co.,The Earthling Co.,≤100
131677553516197,Citizens Bank,CITIZENS FINANCIAL GROUP INC.,≤100
101165966152,AFL-CIO,AFL-CIO,≤100
18813753280,Human Rights Campaign,"HUMAN RIGHTS CAMPAIGN, INC",≤100
200650357207240,I Love My Freedom,I Love My Freedom,≤100
111393882812494,Amy McGrath,"AMY MCGRATH FOR SENATE, INC.",≤100
5435784683,Greenpeace USA,"GREENPEACE, INC.",≤100
16477459734,League of Conservation Voters,"LEAGUE OF CONSERVATION VOTERS, INC",≤100
1883837055193241,Shield Republic,Shield Republic,≤100
167586229923327,World Food Program USA,World Food Program USA,≤100
25852730092,Care2,Care2 Inc,≤100
605168822998856,314 Action,314 ACTION FUND,≤100
19192438096,AAAS - The American Association for the Advancement of Science,American Association for the Advancement of Science,≤100
15239367801,The Wilderness Society,"WILDERNESS SOCIETY, THE",≤100
679171239164792,Supermajority,Supermajority,≤100
109379100777665,Patriotism Isn't Dead,Patriot Polling,≤100
681745912255844,John Cummings for Congress,CUMMINGS FOR CONGRESS,≤100
18982436812,ACLU,American Civil Liberties Union,≤100
236369846383459,Congressional Black Caucus PAC,Congressional Black Caucus PAC,≤100
1336293769761923,Jon Ossoff,JON OSSOFF FOR SENATE,≤100
223008867858902,American Action News,American Action News,≤100
100256754899828,Patriot's Cave,Patriots Cave,≤100
749147398624403,Cliff Notes by Mike Clifford,Michael Clifford,≤100
223055747744143,Beto O'Rourke,Powered By People,≤100
107315591003146,Healthier Lifestyle,Katie Yazhen Gao,≤100
277005566267077,Blueland,Blueland,≤100
107654924064350,Pat Timmons-Goodson,PATRICIA TIMMONS-GOODSON FOR CONGRESS,≤100
354716314909000,Swing Left,Swing Left,≤100
598924810530984,Keeping America Great,FamTeeWorld,≤100
105577974544303,The USA Needs More Patriots,AmeriPolling,≤100
103406084765618,Kohlman for House 38,Friends of Don Kohlman,≤100
7292655492,MoveOn,MOVEON.ORG CIVIC ACTION,≤100
461204744067686,Family Protection Association,Family Protection Association,≤100
85452072376,Newsmax,Newsmax Media,≤100
1439829396312534,The Movement for Black Lives,Movement for Black Lives,≤100
38235851310,USA for UNHCR,UNITED STATES ASSOCIATION FOR UNHCR,≤100
114625730266879,Republican Voters Against Trump,Defending Democracy Together,≤100
27544763621,Prison Fellowship,Brandon Anders Larsen,≤100
2037695643113766,Blexit,Blexit Foundation,≤100
493811210669780,Creative Action Network,Creative Action Network,≤100
46093654473,National Republican Congressional Committee,NRCC,≤100
717115395103069,PrintedKicks,Printed Kicks,≤100
213792049451918,Stand For America,Stand For America Inc,≤100
1204754733024419,People's Power Grab,ACRONYM,≤100
393932827634250,Dissent Pins,Common Practice,≤100
1456310534453054,Veteran Loans Online,"LMB OpCo, LLC",≤100
114009933764548,The Patriot Club,RightWingGear,≤100
219612384781411,Bloomberg Philanthropies,Bloomberg Philanthropies,≤100
101165966152,AFL-CIO,These ads ran without a disclaimer,≤100
42002969352,Center on Budget and Policy Priorities,Center on Budget and Policy Priorities,≤100
309798029121030,Everytown for Gun Safety,Everytown for Gun Safety Action Fund Inc,≤100
14413545701,Conservation Law Foundation,"CONSERVATION LAW FOUNDATION, INC.",≤100
1419388578092947,Anna Paulina Luna,ANNA PAULINA LUNA FOR CONGRESS,≤100
106323360959211,Patriots Republic,Matthew James Stine,≤100
100233228182981,Madison Cawthorn for Congress,CAWTHORN FOR NC,≤100
101404047991647,Smiley 4 Senate,Friends of Mark Smiley,≤100
5720973755,Defenders of Wildlife,DEFENDERS OF WILDLIFE,≤100
10423517786,Harvard Business Review,HARVARD BUSINESS SCHOOL PUBLISHING CORPORATION,≤100
679171239164792,Supermajority,"Supermajority PAC, https://supermajority.com/pac/. Not authorized by any candidate or candidate's committee.",≤100
128191957875317,Cooking With Hope,Soyoung Cho,≤100
683872625157265,Theresa Greenfield,THERESA GREENFIELD FOR IOWA,≤100
2580750575289726,Raise the Bar on Resident Care,SEIU Healthcare 1199NE,≤100
228754857151053,House Majority PAC,House Majority PAC,≤100
106973694007283,Keep America Great Again,KagaGear.com,≤100
2019228981443626,She the People,She The People,≤100
373814729643508,Let America Vote,LET AMERICA VOTE PAC,≤100
168051710543266,Lacy Johnson,Lacy Johnson for Congress,≤100
114646533630729,Yes. Every Kid.,"yes. every kid, Inc.",≤100
100848154957461,Ken Hopkins for Mayor of Cranston,Friends of Hopkins,≤100
103911824657671,Health Insurance,Michael Melen,≤100
107840434300195,Nicole for Cranston,Friends of Nicole Renzulli,≤100
109092142462587,Adam Schiff,SCHIFF FOR CONGRESS,≤100
289446947817747,Global Citizen,"GLOBAL POVERTY PROJECT, INC.",≤100
108557097612242,Vote By Mail PAC,Vote By Mail PAC,≤100
305832706292882,American Gun Association,GunAssociation.org,≤100
643463669628493,Public Opinion Research Group,"Public Opinion Research Group, Inc",≤100
1934191280189700,Health Care Voter,Health Care Voter,≤100
6236054211,Brady,Brady Campaign to Prevent Gun Violence,≤100
788394134539871,USPS Business,United States Postal Service,≤100
106224464107240,Jo Jorgensen,Jo Jorgensen for President,≤100
105577974544303,The USA Needs More Patriots,Anthony Alexander Morales,≤100
118502801658228,Young Kim,Young Kim for Congress,≤100
105707511217866,Communities Joining Hands,Elena Zhan,≤100
17203056985,Partners In Health,Partners In Health,≤100
210333902420876,Sean Parnell,AMERICANS FOR PARNELL COMMITTEE,≤100
675471506247724,Adair for Congress,ADAIR FOR CONGRESS,≤100
51379424899,Mercy Ships,MERCY SHIPS INTERNATIONAL,≤100
30708742052,FCTRY,FCTRY,≤100
101127364972509,Dems For USA,Dems For USA,≤100
35169196082,Project HOPE,"PROJECT HOPE-THE PEOPLE-TO-PEOPLE HEALTH FOUNDATION, INC.",≤100
7962229886,Environmental Working Group,ENVIRONMENTAL WORKING GROUP,≤100
342294162453301,Planned Parenthood,Planned Parenthood Federation of America,≤100
110439270638992,NE1else,Time Management LLc,≤100
76625396025,CDC,These ads ran without a disclaimer,≤100
103185334702225,Stop Trump PAC,STOP 45 PAC,≤100
103026384819654,How to Vote,ACRONYM,≤100
6820348410,Kirsten Gillibrand,Off the Sidelines,≤100
102671331487937,I Love My Freedom Store,I Love My Freedom,≤100
104521178045033,Philip M. Overton Jr.,Philip M. Overton Jr.,≤100
101894128312659,My President,wowengraving,≤100
700806360047982,CFG Action,Club for Growth Action,≤100
143986912311328,University of Vermont Continuing and Distance Education,University of Vermont,≤100
104113317870732,Free Markets Destroy,Washington Policy Center,≤100
418951294827718,Wren + Glory,WREN + GLORY,≤100
1610834479233860,Fight For Reform,End Citizens United Non-federal,≤100
113666459994300,Big Dan Rodimer for Congress,RODIMER FOR CONGRESS,≤100
1683659714985244,Phil Ehr,EHR FOR CONGRESS,≤100
376638603087168,Save The Earth,8 Billion Trees,≤100
481559282597914,TrumpersUnite,Respect The Look,≤100
97493741436,John W. Hickenlooper,HICKENLOOPER FOR COLORADO,≤100
8047221596,Save the Children US,"SAVE THE CHILDREN FEDERATION, INC.",≤100
215199482635728,Alek Skarlatos,ALEK FOR OREGON,≤100
111428049989,Cal Cunningham,CAL FOR NC,≤100
7145381235,American Jewish World Service - AJWS,"AMERICAN JEWISH WORLD SERVICE, INC.",≤100
96171427550,Raja for Congress,FRIENDS OF RAJA FOR CONGRESS,≤100
1600352356914768,PushBlack,PushBlack,≤100
1527563887565895,Allen Waters for U.S. Senate,THE WATERS COMMITTEE,≤100
253791814655400,Doug Collins,"COLLINS FOR SENATE, INC.",≤100
1128468833877262,Leave It to Kliever - Candidate for North Kingstown Town Council,John Kliever,≤100
1648154845427417,Doggy Do Good,Do Something Good LLC,≤100
111023584012681,Open Road Homeward,Samantha Lyn Weldon,≤100
1136781033034012,Brave New Look,Brave New Look,≤100
242077219243971,The Presidential Coalition,The Presidential Coalition,≤100
15687409793,World Wildlife Fund,World Wildlife Fund,≤100
130467958471,Jason Lewis,Jason Lewis for Senate,≤100
102564128179023,Truth to Power,TRUTH TO POWER,≤100
116238930177726,Artsiful,Brad Aaron Shaw,≤100
277414242013,Joyce Elliott for Congress,JOYCE ELLIOTT FOR CONGRESS,≤100
110962313941403,Vote from Home 2020,PEOPLE FOR GOVERNMENT PAC,≤100
116546288359245,Heritage Action for America,HERITAGE ACTION FOR AMERICA,≤100
46347342434,EMILY's List,EMILY'S LIST,≤100
585942765164217,Elect Democratic Women,ELECT DEMOCRATIC WOMEN,≤100
6713653788,Gary Peters,PETERS FOR MICHIGAN,≤100
102875587947942,Keep Trump In Office,Keep Trump In Office,≤100
1013304945470529,My Pride Apparel,My Pride Apparel,≤100
124155874263916,Participant Media,Participant Media,≤100
27544763621,Prison Fellowship,Prison Fellowship,≤100
105010030848236,Bryant Cameron Webb,DR. CAMERON WEBB FOR CONGRESS,≤100
872842866161157,One Nation Design,One Nation Design,≤100
629732217415068,Republican Party,Greater Half,≤100
204946663169843,Latinx Now!,These ads ran without a disclaimer,≤100
356482637745012,Stansberry Research,Stansberry Research,≤100
105608381208028,Chris Simpkins for North Smithfield Town Council,Christopher P Simpkins,≤100
892673067526965,Project War Path,Project War Path,≤100
406456986070332,Matt Gaetz,Friends of Matt Gaetz,≤100
2078647579047586,Project Pulso,Pulso,≤100
101859698263382,Foley for Warwick-Ward 1,Friends For Foley,≤100
76625396025,CDC,U.S. Centers for Disease Control and Prevention with Facebook Ad Credits,≤100
2012750189007245,Liquid Death Mountain Water,Liquid Death,≤100
197760674021143,Indivisible Guide,INDIVISIBLE ACTION,≤100
101106518409506,Andrew Benn for BWRSD School Committee,R Andrew Benn,≤100
1109093812491437,Blaze Media,Blaze Media LLC,≤100
433919203362871,Bird + Stone,BIRD & STONE INC,≤100
5943727453,American Humane,American Humane,≤100
132492254050920,American AF,AAF Nation,≤100
405469100189512,Still My President - Donald Trump,Red State Politics LLC,≤100
82106496620,AARP New York,AARP,≤100
195670133784207,Charlestown Citizens Alliance,Charlestown Citizens Alliance,≤100
182620315479,Plan International USA,Plan International USA,≤100
129255907131113,NumbersUSA,NUMBERSUSA EDUCATION AND RESEARCH FOUNDATION,≤100
123315077689118,Atria Books,Simon and Schuster,≤100
45393753416,Alliance Defending Freedom,Alliance Defending Freedom,≤100
101329438317952,Story Network Action,Story Network Foundation,≤100
443329669123990,USAFacts,USAFacts Institute,≤100
11791104453,NRDC,Natural Resources Defense Council,≤100
1010143499143169,Medicare Savings,"Mayo Labs, LLC",≤100
8473889271,National Parks Conservation Association,National Parks Conservation Association,≤100
100719625004234,Home and Community,Cynthia Nguyen,≤100
419992651425033,Guardianes del Pueblo-Consumer Law Group,Consumer Law Group,≤100
199756330090514,Solar United Neighbors,Solar United Neighbors,≤100
124530924015,Hank Gilbert,HANK GILBERT FOR CONGRESS,≤100
21455818797,Feed the Children,"FEED THE CHILDREN, INC.",≤100
13867925345,Equality Florida,Equality Florida,≤100
57259033959,AARP,AARP,≤100
429812024048177,Doug Jones for Senate,DOUG JONES FOR SENATE COMMITTEE,≤100
8550121410,Free Speech America Project,MEDIA RESEARCH CENTER,≤100
1088950287806118,Climate Hustle 2,CFACT,≤100
21559454473,FAIR,FEDERATION FOR AMERICAN IMMIGRATION REFORM,≤100
107109947803536,Analyzing America,Gregory Lawrence Burright,≤100
11653741889,Ad Council,Ad Council with Facebook Ad Credits,≤100
102617961152741,Barbara Bollier,BOLLIER FOR KANSAS,≤100
18709174006,National Audubon Society,"NATIONAL AUDUBON SOCIETY, INC.",≤100
350784278974539,Turning Point Action,Turning Point Action,≤100
834645469890446,Devin Nunes,DEVIN NUNES CAMPAIGN COMMITTEE,≤100
50982313030,Food & Water Watch,Food & Water Watch,≤100
217976018236954,OutKick,Outkick Media LLC,≤100
321088559302,Keep America Beautiful,"KEEP AMERICA BEAUTIFUL, INC.",≤100
108118933908193,Next Level Goods,Next Level Goods LLC,≤100
101822678057029,Barbara Ann Fenton-Fung,Barbara Ann None Fenton Fung,≤100
128167457221813,Public Transportation,Voices for Public Transit,≤100
420785874975425,Conservative Institute,The Conservative Institute,≤100
1055873511190792,Hello Resistance,Hello Resistance Apparel,≤100
112735922758892,Charlie Kirk,Charlie Kirk,≤100
131306317680000,Social Goods,"Social Goods, LLC",≤100
151525932186806,When Democrats Turn Out,WHEN DEMOCRATS TURN OUT PAC,≤100
126694924050678,Xavier Becerra,Becerra for Attorney General 2022,≤100
896759427103774,Modern Medicaid Alliance,Modern Medicaid Alliance,≤100
102137374563260,Confide in American Pride,John Allen Franson,≤100
181183059253295,Dorsal Bracelets,Dorsal Bracelets,≤100
655065784538368,PredictIt,"PredictIt - Prediction Markets. A project of Victoria University of Wellington, PredictIt has been established to facilitate research into the way markets forecast events.",≤100
34362997676,United States Holocaust Memorial Museum,UNITED STATES HOLOCAUST MEMORIAL MUSEUM,≤100
1977738355807406,Sharice For Congress,SHARICE FOR CONGRESS,≤100
794490553914304,Dr. Nina Ansary,"Revela Press, LLC",≤100
259212814698356,Democratic Majority for Israel,DMFI PAC,≤100
1338822066131069,Women's March,Women's March,≤100
331037760381749,Sierra Magazine,SIERRA CLUB,≤100
108109934203874,Insta Shop Boutique,Insta Shop Boutique,≤100
100170524856374,Evangelical Resistance,Patrick John Kahnke,≤100
160389977329803,ATTN:,ATTN: INC.,≤100
209516845093,NRDC Action Fund,NRDC Action Fund,≤100
147508068653822,Massachusetts Building Trades Council,American Federation of Labor & Massachusetts Building & Const Trds,≤100
2309566456030859,Human Coalition Action,Human Coalition Action,≤100
442553959494293,Pay Up Climate Polluters,Center for Climate Integrity,≤100
101210588150219,Boy Scouts Abuse Claims,These ads ran without a disclaimer,≤100
21834534343,Volunteers of America,"VOLUNTEERS OF AMERICA, INC.",≤100
193618220508,LIFE Today,LIFE Outreach International,≤100
8492293163,Environmental Defense Fund,Environmental Defense Fund,≤100
109984394118472,Mask Exemption Cards,Mask Exemption Cards,≤100
142992759853421,Be A Hero,BE A HERO PAC,≤100
153278754738777,Climate Reality,The Climate Reality Project,≤100
115209826981358,Families Surviving Catastrophe,Henry George Hansen,≤100
175886458122,People's Action,People's Action,≤100
111702860231554,Matt Lieberman,Matt Lieberman for Senate,≤100
2130092453868820,Kate Rotella for 43,HDCC,≤100
1799282383731277,TwoSeventy,Alexander Jared Deutsch,≤100
376776419037747,Turning Point USA,Turning Point USA,≤100
104027944769027,Proud Patriot Shop,Georgia Rose Benoit,≤100
1025055787535714,A Case for Women,A Case for Women,≤100
166618413413767,Jay Sekulow,American Center for Law and Justice,≤100
113696667080942,Mary Ann Shallcross Smith for Representative,Friends of Mary Ann Shallcross Smith,≤100
219247332354785,Phil Arballo for Congress,ARBALLO FOR CONGRESS,≤100
592707041080920,Stand Together,Stand Together Chamber of Commerce Inc.,≤100
103644036958,United Association,United Association Political Education Committee,≤100
103373224404755,Impact Slates,COLLECTIVE IMPACT PAC,≤100
121626482110,Operation Smile,"OPERATION SMILE, INC.",≤100
106667854471975,Outspoken,Log Cabin Republicans,≤100
345378512258813,Elise Stefanik,ELISE FOR CONGRESS,≤100
1573499706075056,Max Brandle,Max Dylan Brandle,≤100
530604487365010,Old Glory Flagpole Kits,Service First Flag Poles,≤100
49651563727,Live Action,Live Action,≤100
102592959026,Ocean Conservancy,"OCEAN CONSERVANCY, INC.",≤100
203805062990264,Ben Shapiro,The Daily Wire,≤100
101591551371555,Fire Mitch. Save America.,SAVE AMERICA FUND,≤100
15771560300,Earthjustice,EARTHJUSTICE,≤100
1084856268238034,Trump Talking,Roberto None Lugo,≤100
59386210330,American Lung Association,AMERICAN LUNG ASSOCIATION,≤100
1836138529938551,Greater Half,Greater Half,≤100
342887442508723,Convention of States,Convention of States Action,≤100
1691667177798461,Brut,Brut,≤100
711478725532801,Civiqs,Civiqs,≤100
184731548554164,PL+US,Plus Fund: Paid Leave for the United States,≤100
30914589895,The International Fellowship of Christians and Jews,"INTERNATIONAL FELLOWSHIP OF CHRISTIANS & JEWS, INC.",≤100
293225127381200,Patriot Depot,The Patriot Depot,≤100
1690071827911682,Cleancult,cleancult,≤100
116808566362551,Boomer Naturals,Boomer Naturals Inc,≤100
123963360928,SiriusXM,SIRIUS XM RADIO INC.,≤100
121067011091,Arab American Institute,Arab American Institute with Facebook Ad Credits,≤100
1668350569891953,Rainbow Movement,William James Ulrich,≤100
151297638887120,Upswell,Independent Sector,≤100
142370046577999,Shahid Buttar for Congress,Shahid Buttar for Congress Committee,≤100
248181906078243,National Institute for Civil Discourse,CommonSense American,≤100
141692255929599,Democratic Socialists of America,DEMOCRATIC SOCIALISTS OF AMERICA INC,≤100
101769576791,Health Action Network,Health Action Network,≤100
296295018082,AARP en Español,AARP,≤100
195530355493,Chicks On The Right,Chicks on the Right,≤100
1526736227567131,TrueCoverage,True Coverage,≤100
35142679763,Alzheimer's Disease Research,"BRIGHTFOCUS FOUNDATION, INC. A/K/A BRIGHTFOCUS FOUNDATION",≤100
243947752771440,TJ Cox for Congress,TJ COX FOR CONGRESS,≤100
216709768355686,Dinesh D'Souza,America2020 Film LLC,≤100
808450969246896,"Rebecca Walser, Tax Attorney, CFP",Walser Wealth Management,≤100
291102898490822,Giant Maga Hat,Inventors club LLC,≤100
113893130439041,GenFree,Gen Free,≤100
74783093812,Just Vision,JUST VISION INC,≤100
152315634778510,UsAgainstAlzheimer’s,UsAgainstAlzheimer's,≤100
1530883997194411,United States Constitution,Flag and Cross,≤100
267180743723148,National Geographic Society,National Geographic Society,≤100
6787988478,Physicians for Human Rights,"PHYSICIANS FOR HUMAN RIGHTS, INC.",≤100
1156676274461345,Mikie Sherrill,MIKIE SHERRILL FOR CONGRESS,≤100
215968684159,AFT - American Federation of Teachers,American Federation of Teachers,≤100
8914040942,Chesapeake Bay Foundation,"CHESAPEAKE BAY FOUNDATION, INC., THE",≤100
160513344045084,John Neely Kennedy,"John Kennedy for Us, Inc",≤100
30866133883,Alaska Wilderness League,ALASKA WILDERNESS LEAGUE,≤100
322551718276442,Lemons Are Blue,Lockwell LLC,≤100
107589664099282,Stand Up To China,"Stand Up To China, Inc.",≤100
143089732792,Marsha Blackburn,Blackburn Tennessee Victory Fund,≤100
172758932738142,PhRMA,PHARMACEUTICAL RESEARCH AND MANUFACTURERS OF AMERICA,≤100
1678492922390061,WorkingNation,WorkingNation,≤100
839110726214614,Realtors,NATIONAL ASSOCIATION OF REALTORS,≤100
6333396177,NewsBusters.org,MEDIA RESEARCH CENTER,≤100
792140450890876,Roger Eaton for Charlotte County Clerk of the Circuit Court,Roger Eaton,≤100
80562389320,NARAL Pro-Choice America,NARAL Pro-Choice America,≤100
54684090291,Partnership to End Addiction,The National Center on Addiction and Substance Abuse with Facebook ad credits,≤100
108281434237351,UBS Financial Services Inc.,UBS Financial Services,≤100
6231686654,Compassion International,"COMPASSION INTERNATIONAL, INCORPORATED",≤100
7814597100,Jim Jordan for Congress,JIM JORDAN FOR CONGRESS,≤100
357554791340788,Liker,Omar Rivero,≤100
41309865723,Democrats.com,DEMOCRATS.COM,≤100
971668776283950,PolicyEd,Hoover Institution,≤100
496696933682736,Jeff Merkley,JEFF MERKLEY FOR OREGON,≤100
163302087408673,Stop The Donald,Stop the Donald,≤100
19342050934,Leadership Institute,LEADERSHIP INSTITUTE INC,≤100
530604487365010,Old Glory Flagpole Kits,Service First,≤100
327202261326682,Stephanie Bice,Bice for Congress,≤100
121033149320,American Indian College Fund,"AMERICAN INDIAN COLLEGE FUND, THE",≤100
113891694102,Energy Citizens,AMERICAN PETROLEUM INSTITUTE,≤100
465483726908192,iVote,IVote Civic Education Fund,≤100
352527958302,Israel on Campus Coalition,Israel on Campus Coalition,≤100
149081336362,AmeriCorps VISTA,Corporation for National and Community Service,≤100
117641114435,First Aid Beauty,First Aid Beauty,≤100
17911165812,Covenant House International,Covenant House,≤100
39415627366,The Gordon School,"GORDON SCHOOL, THE",≤100
101136147910784,Represent Justice,Represent Justice,≤100
203197030603239,8 Billion Trees,8 Billion Trees LLC,≤100
38471053686,Elizabeth Warren,"WARREN DEMOCRATS, INC.",≤100
1667892193505378,Hold the House,HOLD THE HOUSE PAC,≤100
1121064611564743,"Kendra Anderson for RI State Senate, District 31",Friends of Kendra Anderson,≤100
206743952696198,Lower My Bills,"LMB OpCo, LLC",≤100
55549065733,Voto Latino,VOTO LATINO INC.,≤100
518194348194441,RepresentUs,RepresentUs,≤100
1382195548475373,Maria Rivera For Mayor,Maria Rivera for Mayor,≤100
111892670610842,Political AF,wowengraving,≤100
114475890010131,Piggy Dollar Financial,Tyler Wayne Hedland,≤100
398757490729,The National Network to End Domestic Violence,"NATIONAL NETWORK TO END DOMESTIC VIOLENCE, INC.",≤100
192015461630968,Supporting Our Brave Veterans,James Brian Plouf,≤100
911828698840246,ReLEntless Defender Apparel,ReLEntless Defender Apparel,≤100
118269091671380,The Home T,THE HOME T,≤100
105084617912738,PatriotQuizzes,patriotquizzes.com,≤100
71383025128,PARIS - Guerrilla Funk Recordings,"Guerrilla Funk Recordings and Filmworks, LLC",≤100
115024746010017,MediaWise,MediaWise,≤100
628891490457484,Nancy Mace,Nancy Mace for Congress,≤100
181924628560212,SumOfUs,SumOfUs,≤100
390560688135747,Public Editor Press,"Public Editor Press, Inc",≤100
134452023239984,Human Coalition,Human Coalition,≤100
290851614930809,Combat AntiSemitism,Combat Anti-Semitism,≤100
23790541544,Democrats,DCCC,≤100
20395377020,Old Navy,Old Navy LLC,≤100
105995741220700,Patriots United,Le Huu Dong Huynh,≤100
10498053716,Media Research Center,MEDIA RESEARCH CENTER,≤100
228132537208218,Tammy Duckworth,TAMMY FOR ILLINOIS,≤100
1520483958208446,Seeger Weiss LLP,SEEGER WEISS LLP,≤100
2256321067930356,Liberteeclub,libertyteeshop,≤100
785996468249945,Bite Toothpaste Bits,These ads ran without a disclaimer,≤100
1681120172099567,Libertarian Candidates,Ryan Allen Raymond,≤100
21375324480,The Heritage Foundation,HERITAGE FOUNDATION (THE),≤100
227764782729,AMERICAN - STRONG!,American Strong LLC,≤100
104504438466,Federal Voting Assistance Program - FVAP,Federal Voting Assistance Program,≤100
109526232935380,Synthisophy,Synthisophy,≤100
119006106155684,PI Energy,Andrew P Chung,≤100
113936677070107,Scott Phillips for Warwick City Council - Ward 1,Friends of Scott Phillips,≤100
252814820267,HIAS,HIAS,≤100
1425435377743310,Conversations with Bill Kristol,The Foundation for Constitutional Government,≤100
153678684700451,American Investment Council,AMERICAN INVESTMENT COUNCIL,≤100
123651254408327,Sokolove Law,"Sokolove Law, LLC",≤100
979720542211350,Humanize Being Black,Keyshun Quantarious Holmes,≤100
21395843375,Dialysis Patient Citizens,DIALYSIS PATIENT CITIZENS INC,≤100
59254639983,Boston Medical Center,BOSTON MEDICAL CENTER,≤100
109698737529541,WomanKindness,WomanKindness,≤100
129278807814364,Women of Welcome,Welcome.,≤100
101176014673943,Michelle for Kansas,MICHELLE FOR KANSAS,≤100
700941689954518,Defend Our Future,Defend Our Future,≤100
110828620426941,Roger Polack for Congress,ROGER FOR WISCONSIN,≤100
260668817346988,Ignite National,IGNITE,≤100
112254017245488,Citizens for a Better NC Senate,Citizens for a Better NC Senate,≤100
24330467048,Americans for Prosperity,AMERICANS FOR PROSPERITY,≤100
514167322309353,Dan Crenshaw,Dan Crenshaw for Congress,≤100
160630887998827,Let Them Live,Let Them Live,≤100
243510442756370,Justice Democrats,JUSTICE DEMOCRATS PAC,≤100
2259323457517498,Abolish the Electoral College,ABOLISH THE ELECTORAL COLLEGE,≤100
183424985463330,Joe Cunningham,JOE CUNNINGHAM FOR CONGRESS,≤100
13885075114,Action Against Hunger USA,ACTION AGAINST HUNGER - USA,≤100
12185972707,350.org,350.org,≤100
34701792581,EWTN,Eternal Word Television Network,≤100
202531447982,Jimmy Chin,Protect Our Winters,≤100
586751814690068,Joni Ernst,Joni for Iowa,≤100
64742342517,Hagee Ministries,"GLOBAL EVANGELISM, INC.",≤100
284946111858895,Debbie Mucarsel-Powell,DEBBIE FOR CONGRESS,≤100
242679302418244,Denison Forum,Denison Ministries,≤100
7219151423,The Fund for American Studies (TFAS),The Fund for American Studies,≤100
142432192446984,David Horowitz Freedom Center,David Horowitz Freedom Center,≤100
15041226930,Oxfam,"OXFAM AMERICA, INC.",≤100
81372493950,POET,POET,≤100
1949440971937523,Maine Voter Info,MAINE DEMOCRATIC PARTY,≤100
112600915451330,No Labels,No Labels,≤100
1560105467624797,Generation180,Generation180,≤100
8002590959,Rainforest Action Network,RAINFOREST ACTION NETWORK,≤100
112641177220237,Center News,Concealed Center,≤100
72931140459,Center for Biological Diversity,"CENTER FOR BIOLOGICAL DIVERSITY, INC.",≤100
1234251319933440,Exclusive Apparel,The Dude's Designs,≤100
100697751658498,Stronger.org,The Public Good Projects,≤100
7341997111,Conservation International,Conservation International,≤100
101425435005812,Resist 2020,Vina American LLC,≤100
112164673854264,Living Patriotically,Living Patriotically,≤100
1316372698453411,Alexandria Ocasio-Cortez,THE SQUAD VICTORY FUND,≤100
1344753008968781,Birds Aren't Real,Birds Aren't Real,≤100
42872222699,Dana Loesch,Dana Loesch Radio,≤100
101888608186192,MedicalCommunitynet,Medical Community LLC,≤100
868405419972384,The Outrage,The Outrage,≤100
175403889150682,FindLaw.com,FindLaw Consumer,≤100
19575923823,Farm Sanctuary,"Farm Sanctuary, Inc.",≤100
245284549333866,ASMDSS,ASMDSS,≤100
1632568446971453,Boredwalk,Boredwalk,≤100
394817334402124,2020 Trump Bill,Innovative Ecomm LLC,≤100
108692310594568,UNITE HERE,UNITE HERE PAC,≤100
8321461609,MomsRising.org,MomsRising Together,≤100
1656666204620806,The Wright Stuff Chics,The Wright Stuff Chics,≤100
295533050495998,Abogado de Inmigracion Jorge Rivera - Immigration Group LLC,Michael A Castillo,≤100
105157841248307,No Filter Politics,No Filter Politics,≤100
115364585711,Lawyers' Committee for Civil Rights Under Law,Lawyers' Committee for Civil Rights Under the Law with Facebook Ad Credits,≤100
551158678560402,Epimonia,Epimonia LLC,≤100
257019421075897,Cory Gardner,Cory Gardner for Senate,≤100
106372766264,NYS Democratic Senate Campaign Committee (DSCC),NYS Democratic Senate Campaign Committee,≤100
113553048669158,Rick Scott,TEAM RICK SCOTT,≤100
7209432197,Chris Coons,CHRIS COONS FOR DELAWARE,≤100
284852861535887,C-SPAN StudentCam,NATIONAL CABLE SATELLITE CORPORATION,≤100
110387334065693,Building Newport's Future,Committee Building Newport's Future,≤100
102745147891580,Trump Coolers,Eric Clifford Juels,≤100
661744180680367,National Police Association,"NATIONAL POLICE ASSOCIATION, INC.",≤100
1488803804538481,Mike Siegel,MIKE SIEGEL FOR CONGRESS,≤100
205395906412,UAW International Union,"INTERNATIONAL UNION, UNITED AUTOMOBILE, AEROSPACE AND AGRICULTURAL IMPLEMENT WORKERS OF AM",≤100
27311599342,Preemptive Love,Preemptive Love Coalition,≤100
24470472733,The Trevor Project,The Trevor Project,≤100
152264148166020,Moms Clean Air Force,Moms Clean Air Force,≤100
1658135304460341,MANG,MANG,≤100
108650400954148,Stopping Socialism TV,The Heartland Institute,≤100
32975139631,If Americans Knew,If Americans Knew,≤100
785936231584382,Paula Jean Swearengin,Paula Jean for West Virginia,≤100
67626834312,National Women's Law Center,National Women's Law Center,≤100
1945837408977507,Michael Moates,-MICHAEL STEVEN MOATES,≤100
59543893235,National Constitution Center,National Constitution Center,≤100
144667575680,Scituate Democrats,Scituate Democratic Town Committee,≤100
1628679613829742,Josh Hicks,Josh Hicks for Congress,≤100
1354622541311687,Dr. Kim Schrier,DR KIM SCHRIER FOR CONGRESS,≤100
1268410219898273,Tango Tango,Tango Tango Inc,≤100
306591716448427,Cindy Axne,CINDY AXNE FOR CONGRESS,≤100
999775873528189,Stopping Socialism,The Heartland Institute,≤100
103979520737,WildCare,WILDCARE TERWILLIGER NATURE EDUCATION & WILDLIFE REHABILITATION,≤100
165440947428068,Mamás Con Poder,MomsRising Together,≤100
110061623807565,Kelly Loeffler,Georgians for Kelly,≤100
12683623041,Society for Human Resource Management (SHRM),SOCIETY FOR HUMAN RESOURCE MANAGEMENT,≤100
54787697857,Ron Wyden,WYDEN FOR SENATE,≤100
101485404914361,Bad News Wares,Bad News Wares,≤100
2049170775107862,Resistance By Design,Resistance By Design,≤100
51761261956,The Bill of Rights Institute,"BILL OF RIGHTS INSTITUTE, THE",≤100
110010433804232,Falkirk Center,Falkirk Center,≤100
260713150211,Protect Our Winters,Protect Our Winters,≤100
169130743498585,Tactical Pro Supply,Chad Keller,≤100
711909245654048,National Police Support Fund,National Police Support Fund,≤100
367292494407,AJC - American Jewish Committee,AMERICAN JEWISH COMMITTEE,≤100
1741729849281711,Uber & Lyft Sexual Assault Attorneys,Safer America,≤100
702582586516561,CBN Israel,"The Christian Broadcasting Network, Inc.",≤100
288110884600563,Lean In,"Sheryl Sandberg & Dave Goldberg Family Foundation d/b/a LeanIn.Org, LLC",≤100
105536127617594,The American Digest,The American Digest,≤100
5887538795,Education Week,Education Week,≤100
325578590837480,Protect Our Care,Sixteen Thirty Fund,≤100
111324359048459,Dr. Roger Marshall,KANSANS FOR MARSHALL,≤100
43609808159,Happy Family Organics,Happy Family Organics,≤100
6355071377,American Cancer Society Cancer Action Network - ACS CAN,AMERICAN CANCER SOCIETY CANCER ACTION NETWORK INC,≤100
570524446405979,Only Human,Only Human,≤100
107953010886875,20Train.com,GEEG LLC,≤100
102436701226752,Is It Sunday Yet?,Jarrett J Rogers,≤100
7642602143,Mother Jones,FOUNDATION FOR NATIONAL PROGRESS,≤100
210277954204,The Young Turks,"The Young Turks, Inc.",≤100
156268994819596,Marc J. Bern & Partners LLP,Marc J. Bern & Partners LLP,≤100
102439174938829,Liberty Center for God and Country,Liberty Center for God & Country,≤100
83290028957,Care Net,CARE NET,≤100
269479249997,National Shooting Sports Foundation | NSSF,National Shooting Sports Foundation,≤100
104012084703106,One People United PAC,One People United,≤100
1917715138510680,Follow Your Legend,Legend Bracelet,≤100
1099478666810053,Meals For Pets,Meals for Pets,≤100
16534314739,Facing History and Ourselves,"FACING HISTORY AND OURSELVES NATIONAL FOUNDATION, INC.",≤100
26006662641,Arizona Democratic Party,Arizona Democratic Party,≤100
281884085611820,Tedra Cobb,COMMITTEE TO ELECT TEDRA COBB,≤100
130945114804,World Jewish Congress,WORLD JEWISH CONGRESS AMERICAN SECTION INC,≤100
103046977892124,Adam Christensen For Congress,ADAM J CHRISTENSEN FOR CONGRESS,≤100
1947525322184514,One Fair Wage,One Fair Wage,≤100
8501031021,VoteVets.org,VOTEVETS,≤100
79212718536,Jim Boyd,Jim Boyd,≤100
296914550322200,Jose Javier Rodriguez,Florida Democratic Legislative Campaign Committee,≤100
231154884924705,AboutTrump.org - and Biden,A MARK FOUNDATION,≤100
598575284137858,The Trump I Know,Wolf Rock Pictures,≤100
90498769709,Edenpure,EdenPURE®,≤100
374848446414965,Pollking,Benjamin Aaron Perlman,≤100
11006419356,The Voice of the Martyrs - USA,"VOICE OF THE MARTYRS, INC., THE",≤100
100492918060703,RegiStart,RegiStart,≤100
1634651343331439,Project Wren,Landon Brand,≤100
108029674299216,We The People,We The People,≤100
100696128366533,Compare-HealthPlans.com,Darius Alexander Mcdougle,≤100
360303722260,Kathleen Williams,KATHLEEN WILLIAMS FOR MONTANA,≤100
1393911800825140,OZY,OZY Media Inc,≤100
241672016328637,Lauren Underwood for Congress,LAUREN UNDERWOOD FOR CONGRESS,≤100
737686089933715,Conservative Collections,Mainline Media Group,≤100
1000253160054572,Cori Bush,CORI BUSH FOR CONGRESS,≤100
308159713150350,Voter Protection Project,VOTER PROTECTION PROJECT,≤100
83600052210,Citizens Count,Citizens Count,≤100
1837115116571746,Topic,"First Look Productions, Inc",≤100
201956993160690,MRCTV,MEDIA RESEARCH CENTER,≤100
130848666099,Business Forward,BUSINESS FORWARD,≤100
36634376117,HarperKids Books,HARPERCOLLINS PUBLISHERS LLC,≤100
6041057841,The Humane Society of the United States,"HUMANE SOCIETY OF THE UNITED STATES, THE",≤100
593289284500311,Trump Rack,BOXD Marketing,≤100
810122486032496,Jackie Gordon,JACKIE GORDON FOR CONGRESS,≤100
19474609238,Mercatus Center at George Mason University,Mercatus Center at George Mason University,≤100
28144169620,Alliance for Aging Research,Alliance for Aging Research,≤100
1653251174924652,Fuzzu,Fuzzu,≤100
455147011996099,The Ann and Phelim Scoop,The Unreported Story Society,≤100
29883711738,Independent Women's Voice,Independent Women's Voice,≤100
830890360316751,Nick Hanauer,Civic Action,≤100
12784656483,Union Rescue Mission,Union Rescue Mission,≤100
35715544220,Stand.earth,STAND,≤100
1449461518652183,4Patriots,4Patriots LLC,≤100
106968690805026,Sima for Texas,SIMA FOR TEXAS,≤100
370657382416,Stanley Black & Decker,"STANLEY BLACK & DECKER, INC.",≤100
1272534336242476,World101,Council on Foreign Relations,≤100
102959799834968,Diane Mitsch Bush for Colorado,DIANE FOR COLORADO CD3,≤100
105455840860559,EagleRealm LLC,Eagle Realm,≤100
18079407397,CPAC 2020,Conservative Political Action Conference,≤100
169277310432049,"Texas Precision Optics, Inc.",Texas Precision Optics Inc,≤100
1255514891283096,RGA Right Direction PAC,RGA RIGHT DIRECTION PAC,≤100
160484230634663,National Urban Indian Family Coalition,National Urban Indian family Coalition with Facebook Ad Credits,≤100
102846434825096,Beat Abbott,Beat Abbott PAC,≤100
100119981671668,Blue Senate,BLUE SENATE PAC,≤100
69039563201,Open Doors USA,"OPEN DOORS WITH BROTHER ANDREW, INC.",≤100
556344894736772,"New England, New Energy",Resource Media,≤100
108512875350,The Atlas Society,The Atlas Society,≤100
315151565831,Ascension,Ascension Press,≤100
166166843531258,National Council of Resistance of Iran - شورای ملی مقاومت ایران,MEK-Iran (Saeid Saadati),≤100
120085718005638,American Prairie Reserve,American Prairie Reserve,≤100
2046092952294722,Lucy McBath for Congress,FRIENDS OF LUCY MCBATH,≤100
746938465317981,Nuclear Matters,Nuclear Matters,≤100
219224241438635,Compassion & Choices,COMPASSION & CHOICES,≤100
109774654107757,Sauucee,Sauucee,≤100
206743952696198,Lower My Bills,These ads ran without a disclaimer,≤100
1437139799857705,National Medal of Honor Museum,Medal of Honor Museum Foundation,≤100
314121315788033,Stand with Parkland,Stand With Parkland,≤100
858210161010020,Tom Malinowski for Congress,TOM MALINOWSKI FOR CONGRESS,≤100
296708523873754,Karla Dennis and Associates Inc.,"Karla Dennis & Associates, Inc",≤100
110849485902,United Way,United Way Worldwide with Facebook Ad Credits,≤100
100506848295759,Made to Fail,Made To Fail,≤100
105433064492153,The Return 2020,The Return International,≤100
143729616392084,Van Drew for Congress,Van Drew for Congress,≤100
830121337093232,National Democratic Training Committee,NATIONAL DEMOCRATIC TRAINING COMMITTEE PAC,≤100
17475614410,Hispanic Federation,Paid for by Hispanic Federation with Facebook Ad Credits,≤100
1486604288305133,Happy Earth Apparel,Happy Earth LLC,≤100
237477017606,Club for Growth,Club for Growth,≤100
537534316395916,Students for Trump,Turning Point Action,≤100
21492729544,Catholic Relief Services,CATHOLIC RELIEF SERVICES - UNITED STATES CONFERENCE OF CATHOLIC BISHOPS,≤100
44340057816,Uncommon Goods,UncommonGoods,≤100
2264728967080159,IHTInstitute,International Human Trafficking Institute,≤100
303061950155375,John James,"JOHN JAMES FOR SENATE, INC.",≤100
657708380952174,Voices of the Civil Rights Movement,Comcast,≤100
1059320777468378,David Kustoff,Kustoff for Congress,≤100
894096170667732,Ashley Hinson,Ashley Hinson For Congress,≤100
514167322309353,Dan Crenshaw,Crenshaw For Congress,≤100
30079936984,CWS,"CHURCH WORLD SERVICE, INC.",≤100
419237048158257,Susan Collins,COLLINS FOR SENATOR,≤100
166471303706,OkCupid,"MATCH GROUP, LLC",≤100
195620754724,Helping Hand USA,HELPING HAND FOR RELIEF AND DEVELOPMENT INC.,≤100
706716899745696,Women for Trump,TRUMP MAKE AMERICA GREAT AGAIN COMMITTEE,≤100
234565267058051,Anthony Brindisi For Congress,BRINDISI FOR CONGRESS,≤100
295644160460352,Donald Trump Jr.,"Premiere Marketing, Inc.",≤100
135298176481584,Marine Corps Scholarship Foundation,Marine Corps Scholarship Foundation,≤100
151757038879920,Alyse Galvin for Congress 2020,ALYSE FOR ALASKA,≤100
79125112926,Students for Life of America,"STUDENTS FOR LIFE OF AMERICA, INC.",≤100
150322194563,PASA Primates: Pan African Sanctuary Alliance,PAN AFRICAN SANCTUARIES ALLIANCE,≤100
112704783859268,Boy Scouts Abuse Claim Help,X Social Media LLC,≤100
383754825699166,Beloved Benefit,Beloved Benefit,≤100
124626320898336,Catholic Extension,"CATHOLIC CHURCH EXTENSION SOCIETY OF THE UNITED STATES OF AMERICA, THE",≤100
102745147891580,Trump Coolers,Trump Coolers,≤100
5633824547,FreedomWorks,"FREEDOMWORKS, INC.",≤100
336470580233523,Pins and Aces Golf Co.,US Craft Brands LLC,≤100
166738743732702,All Above All Action,All Above All Action Fund,≤100
15524934075,Banana Republic,Banana Republic,≤100
8057376739,The Nature Conservancy,Nature Conservancy,≤100
192771954102960,Jordan Sekulow,American Center for Law and Justice,≤100
101193341519994,Larry Warner for Cranston,Larry Warner for Cranston,≤100
6240652407,Young America's Foundation,YOUNG AMERICA'S FOUNDATION INC,≤100
102579318191600,No Justice No Peace,NO JUSTICE NO PEACE PAC,≤100
407664862957433,Ammar Campa-Najjar for Congress,AMMAR CAMPA-NAJJAR FOR CONGRESS,≤100
175797376373,"WaterFurnace Geothermal Heating, Cooling & Hot Water","WATERFURNACE INTERNATIONAL, INC.",≤100
782093245218764,Qasim Rashid,RASHID FOR VA,≤100
747783932079184,Jared Golden,COMMITTEE TO ELECT JARED GOLDEN,≤100
113222857176102,Home Auto Deals,Home Auto Deals,≤100
185366302047944,Councilor Mark Schwager,Friends of Mark Schwager,≤100
169440273093442,The Center for Election Science,The Center for Election Science,≤100
2081864865362439,Mike Espy,MIKE ESPY FOR SENATE CAMPAIGN COMMITTEE,≤100
103164911512902,ShopDemocratic,"DANWAL, INC.",≤100
350316025478383,When We All Vote,When We All Vote,≤100
74697123892,SEIU MN State Council,SEIU MN State Council,≤100
170806736923126,Harmony Turbines,Harmony Turbines Inc,≤100
25297200265,Vans,These ads ran without a disclaimer,≤100
102991041296417,Health Insurance Plan,These ads ran without a disclaimer,≤100
18813753280,Human Rights Campaign,"HUMAN RIGHTS CAMPAIGN, INC.",≤100
114386721939978,The Made in America Store,Made In America Store,≤100
103315378108004,True Patriot Strength,LE-HUU DONG HUYNH,≤100
169294473121454,Policetees.com,PoliceTees.com,≤100
263210730984251,We Are Great Again Pac,WE ARE GREAT AGAIN PAC,≤100
322222884530329,Former State Representative Bob Cortes,"Bob Cortes, Republican, for State Representative",≤100
615854911830541,Shore Buddies,Shore Buddies,≤100
399067003454888,Sudan Relief Fund,Sudan Relief Fund Inc,≤100
467804929927622,Jason Smith,JASON SMITH FOR CONGRESS,≤100
156994304362574,American Bridge 21st Century,AB PAC,≤100
72565633140,Soles4Souls,"SOLES4SOULS, INC.",≤100
521924961194913,Bruce Westerman,Westerman for Congress,≤100
1472549903019349,CCAN Action Fund,Chesapeake Climate Action Network Action Fund,≤100
51533142540,Public Advocate of the U.S.,PUBLIC ADVOCATE OF THE US,≤100
130848666099,Business Forward,Business Forward Inc.,≤100
186070498791676,The Dude,The Dude's Designs,≤100
1667638686847579,The Collective PAC,COLLECTIVE FUTURE,≤100
107665644228467,Conservative Journal Review,Conservative Journal Review LLC,≤100
638673103424933,Retired Americans PAC,Retired Americans PAC,≤100
203330919857759,All On The Line,National Redistricting Action Fund,≤100
105882964535390,Cats Against Trump,Cats Against Trump,≤100
234621494446654,We Can’t Trust Nancy Mace,DCCC,≤100
138141366212571,Gravis Marketing,GRAVIS MARKETING INC.,≤100
102458698265192,Peace At Home,Calvin Quang Nguyen,≤100
2040270322863853,Tina Smith,TINA SMITH FOR MINNESOTA,≤100
102180301437619,2020 American Defense Fund,C3 PAC,≤100