﻿Location Name,Amount Spent (USD)
Alabama,23284
Alaska,6877
American Samoa,≤100
Arizona,63929
Arkansas,13974
California,249381
Colorado,42075
Connecticut,18485
Delaware,5978
Florida,155204
Georgia,69489
Guam,276
Hawaii,9647
Idaho,9040
Illinois,75459
Indiana,33064
Iowa,21212
Kansas,14536
Kentucky,28573
Louisiana,23561
Maine,20133
Maryland,36774
Massachusetts,42941
Michigan,110763
Minnesota,31145
Mississippi,13728
Missouri,33866
Montana,7913
Nebraska,10016
Nevada,17704
New Hampshire,8415
New Jersey,51517
New Mexico,15563
New York,152044
North Carolina,69175
North Dakota,3796
Ohio,64765
Oklahoma,22412
Oregon,29244
Pennsylvania,93817
Puerto Rico,182
Rhode Island,6205
South Carolina,28399
South Dakota,3946
Tennessee,36027
Texas,168881
Unknown,≤100
Utah,15660
Vermont,4004
Virgin Islands (U.S.),157
Virginia,55674
Washington,43227
"Washington, District of Columbia",7960
West Virginia,12158
Wisconsin,175934
Wyoming,3214