﻿Page ID,Page Name,Disclaimer,Amount Spent (USD)﻿
130912793621553,Food Bank For New York City,Food Bank For New York City,≤100
263210730984251,We Are Great Again Pac,WE ARE GREAT AGAIN PAC,≤100
169440273093442,The Center for Election Science,The Center for Election Science,≤100
72931140459,Center for Biological Diversity,"CENTER FOR BIOLOGICAL DIVERSITY, INC.",≤100
2056485407811667,Clean Energy for Maryland,Energy Media,≤100
11131463701,truth,TRUTH INITIATIVE FOUNDATION,≤100
527517893943355,Worldstrong Athletics,Worldstrong Athletics,≤100
186070498791676,The Dude's Designs,The Dude's Designs,≤100
111970730196550,World War Zero,AMERICAN SECURITY PROJECT,≤100
221890358218748,Til Valhalla Project,Til Valhalla Project,≤100
278355662356517,BallotReady,"BallotReady, Inc",≤100
136714166339952,Health In Harmony,Kristen Annette Grauer,≤100
1413682351987764,Andy Kim for Congress,Andy Kim for Congress,≤100
394817334402124,2020 Trump Bill,Innovative Ecomm LLC,≤100
106487520883333,Cardinal & Pine,Courier Newsroom,≤100
126855128568,FEBC (Far East Broadcasting Company),"FAR EAST BROADCASTING COMPANY, INC.",≤100
126037931371545,Law Offices of Jonathan K. Park & Associates,Law Offices of Jonathan K. Park & Associates,≤100
333006666756942,Bailey Pottery Equipment Corp. / Bailey Ceramic Supplies,These ads ran without a disclaimer,≤100
345504286342057,Keeping America Great Again,RightWingGear.com,≤100
8473889271,National Parks Conservation Association,National Parks Conservation Association,≤100
28889108258,Gospel for Asia,"GOSPEL FOR ASIA, INC.",≤100
277005566267077,Blueland,Blueland,≤100
127520567290836,Push Digital Inc,Push Digital Inc,≤100
499379343409991,Impact Fund,"IMPACT FUND, THE",≤100
328853823844484,Balance of Power,Balance of Power,≤100
405355946226766,Todd Young,"FRIENDS OF TODD YOUNG, INC.",≤100
114008535880,Foundation for Individual Rights in Education,FOUNDATION FOR INDIVIDUAL RIGHTS IN EDUCATION,≤100
76025018070,San Francisco-Marin Food Bank,San Francisco-Marin Food Bank,≤100
296356694135040,Goods Unite Us,Goods Unite Us,≤100
28144169620,Alliance for Aging Research,Alliance for Aging Research,≤100
113051076740752,David Willingham for Cobb County State Court,Friends of Willingham for Cobb State Court,≤100
111812468884033,W.K. Kellogg Foundation,W. K. KELLOGG FOUNDATION,≤100
124783491492923,The Strackhouse,The Strackhouse,≤100
104243792943104,Saybrook University,TCS Education System,≤100
124626320898336,Catholic Extension,"CATHOLIC CHURCH EXTENSION SOCIETY OF THE UNITED STATES OF AMERICA, THE",≤100
2283535575207809,Ditch Mitch,DITCH FUND,≤100
658093914667081,Let Them Know,Let Them Know,≤100
107600877320090,Brad Hutto,Hutto for Senate,≤100
154471447959196,Institute for Veterans and Military Families - IVMF,Institute for Veterans and Military Families,≤100
356501381631264,Jerusalem Post,Diane Elise Haner,≤100
1425435377743310,Conversations with Bill Kristol,The Foundation for Constitutional Government,≤100
30792325085,Bipartisan Policy Center,"BIPARTISAN POLICY CENTER, INC.",≤100
169277310432049,"Texas Precision Optics, Inc.",Texas Precision Optics Inc,≤100
117709002968266,Green Ocean Co.,Green Ocean Co.,≤100
34370387440,JDRF,JDRF INTERNATIONAL,≤100
114314450118087,Darma for City Council 37,Darma V Diaz CD37,≤100
6726182861,Mike Pence,"DONALD J. TRUMP FOR PRESIDENT, INC.",≤100
481717441888024,Mamaroneck Coastal,Mamaroneck Coastal Environment Coalition,≤100
391872261636792,2020unity,"ForFact LLC, DBA 2020unity",≤100
109027424085531,Climate Diet Solution,These ads ran without a disclaimer,≤100
28446275521,Military Officers Association of America (MOAA),Military Officers Association of America,≤100
129009994182206,Blacks in the Bible,Blacks in the Bible,≤100
229422593795044,State Government Leadership Foundation,State Government Leadership Foundation,≤100
1846324612256008,Your Car. Your Data.,Auto Care Association,≤100
598924810530984,Keeping America Great,FamTeeWorld,≤100
1640970822834351,Plaine Products,Plaine Products,≤100
588762121302996,Black Superwoman Chronicles,Delisha Denise Sylvester,≤100
305107172859194,Defeating Trump and the Republican Party,"Voices of Health Care Action, a project of Gamechanger Networks",≤100
101136147910784,Represent Justice,Represent Justice,≤100
276131699084792,YWAM Los Angeles,YWAM Los Angeles,≤100
11111618026,Union of Concerned Scientists,"UNION OF CONCERNED SCIENTISTS, INC.",≤100
102470534741479,Partisan Apparel,Francesco Ricco Benzo,≤100
56332452163,AMA Patients Action Network,American Medical Association,≤100
248181906078243,National Institute for Civil Discourse,CommonSense American,≤100
20188298765,ACLU of Maryland,AMERICAN CIVIL LIBERTIES UNION OF MARYLAND INC,≤100
1502597423327057,Rep. Doug LaMalfa,Rep. Doug LaMalfa,≤100
833845080319275,The Daily Patriot,Full Tilt Holdings LLC,≤100
1730917013891778,Curt's Shirts,Curtis Lee Cooper,≤100
656263988182462,Bill Hagerty,TEAM HAGERTY,≤100
185740015159478,340B Matters,340B Matters,≤100
6231686654,Compassion International,"COMPASSION INTERNATIONAL, INCORPORATED",≤100
1314395568689979,Sam Creighton,IAT Artist Management,≤100
130467958471,Jason Lewis,Jason Lewis for Senate,≤100
201983883741018,Dr. Brittany Keyes,Brittany Joy Keyes,≤100
104851617686932,Concealed Country,Concealed Country,≤100
1478481439084196,Parsley Health,Parsley Health,≤100
259130650776119,Mitch McConnell,MCCONNELL SENATE COMMITTEE,≤100
1399926390134311,Nature's Generator,Huntkey USA Inc,≤100
33110852384,Doctors Without Borders/ Médecins Sans Frontières (MSF),Doctors Without Borders/Médecins Sans Frontières (MSF),158
101247484747218,conservative_perspective,David Cooper Stephens,≤100
103162411257510,Trumplican,USA Movements,≤100
60865633726,Love Justice International,TINY HANDS INTERNATIONAL,≤100
105610970947657,MY 2A GEAR,Leon Mckensizy Dunn,≤100
698400060189827,Dan Sullivan,Alaskans for Sullivan,≤100
1515578192021449,WHOLETONES,Wholetones Inc.,≤100
279599502172409,Patriot Mobile,Patriot Mobile,≤100
293409964049501,World Tree: Growing a Sustainable Future,World Tree Technologies Inc.,≤100
92021268117,Working America,Working America,≤100
1502654549792632,Protect Our Care,Sixteen Thirty Fund,≤100
547176209061125,Medicare for All NOW,Medicare For All NOW!,≤100
271113386295157,The Equity Project (TEP) Charter School,"EQUITY PROJECT CHARTER SCHOOL, THE",≤100
1487587521541634,President Donald Trump Fan Club,I Love My Freedom,≤100
337490192991981,Grabien,Grabien Inc,≤100
341906876203951,Troy Doucet for Ohio State Senate,Doucet for the People,≤100
61878332769,ICNA Relief,ICNA RELIEF USA PROGRAMS,≤100
152766071443309,The City University of New York,The City University of New York,≤100
559244524600331,Vunella,Alan Woods,≤100
16352157727,Alfred A. Knopf,Penguin Random House LLC,≤100
226648591441555,Gullah Geechee Chamber of Commerce,Gullah Geechee Chamber of Commerce,≤100
106136417435051,Iwantmyoceanback,Iwantmyoceanback,≤100
114307956683595,Dale Soltis For Summit County Sheriff,Dale A Soltis,≤100
287626442158465,Laws101,Laws101,≤100
51610058563,Men's Health Network,Men's Health Network,≤100
360424321432255,Doha Debates,Doha Debates,≤100
10423517786,Harvard Business Review,HARVARD BUSINESS SCHOOL PUBLISHING CORPORATION,≤100
142370046577999,Shahid Buttar for Congress,Shahid Buttar for Congress Committee,≤100
1745418332339003,Aspire Gear,Aspire Gear,≤100
110920340456578,Is the Republican Party Destroying Itself?,Thomas Edward Patterson,≤100
312066286397519,Manning Asylum Law,Brian Steven Manning,≤100
59543893235,National Constitution Center,National Constitution Center,≤100
59877921429,Lutheran Immigration and Refugee Service,"LUTHERAN IMMIGRATION AND REFUGEE SERVICE, INC.",≤100
101391114847542,Public Service Workers Protect Us,AMERICAN FEDERATION OF STATE COUNTY & MUNICIPAL EMPLOYEES,≤100
182073298490036,Gaia,These ads ran without a disclaimer,≤100
111663158887300,Tacoma Rescue Mission,"RESCUE MISSION, THE",≤100
106879084130090,KEVIN COOK FOR IDAHO,Kevin Cook for Idaho State Senate,≤100
825475597557324,trueself,cleancult,≤100
148494598849,Milken Educator Awards,MILKEN FAMILY FOUNDATION,≤100
114773110073531,Dave Carlson for District 3,Friends of Dave Carlson,≤100
27544763621,Prison Fellowship,Prison Fellowship,≤100
153167611414243,Ohio House Democrats,The Ohio House Democratic Caucus,≤100
1166660030079480,National Democratic Redistricting Committee,National Democratic Redistricting Committee,≤100
114114643384183,Vote Yes for MPS,Vote Yes for MPS Referendum Committee,≤100
198365307706211,Illegal The Project,Illegal The Project,≤100
314499212242,Pfizer,Pfizer Inc.,≤100
111393882812494,Amy McGrath,"AMY MCGRATH FOR SENATE, INC.",≤100
1374134752633656,New Health Plans,Shop Insurance Plans,≤100
415306179228629,"Mike Carroll - Vice Mayor, City of Irvine","Mike Carroll - Vice Mayor, City of Irvine",≤100
264712310857310,Presentail,These ads ran without a disclaimer,≤100
118502801658228,Young Kim,Young Kim for Congress,≤100
227594571444676,Building New York's Best,"Carpenter Contractor Alliance of Metropolitan New York, Inc.",≤100
109613870586532,Universal Death Care - Dr. Reagan Anderson,Reagan Banning Anderson,≤100
45393753416,Alliance Defending Freedom,Alliance Defending Freedom,≤100
121033149320,American Indian College Fund,"AMERICAN INDIAN COLLEGE FUND, THE",≤100
12692955711,Chronicle of Higher Education,"CHRONICLE OF HIGHER EDUCATION, INC. (THE)",≤100
1419452171541430,Hollander-Waas Jewish Heritage Services,Hollander-Waas Jewish Heritage Services,≤100
7263476274,Mercy Corps,Mercy Corps,≤100
79820371749,Ayanna Pressley,THE COMMITTEE TO ELECT AYANNA PRESSLEY,≤100
573084822773932,Joe Perkins for Circuit Judge Campaign Committee,Joe Perkins for Circuit Judge Campaign Committee,≤100
999556810102061,Signature Seas,Signature Seas,≤100
1106859749348899,Brody Leven,Protect Our Winters,≤100
107761702578379,American Institute for Cancer Research - AICR,American Institute for Cancer Research,≤100
110746996993983,The Gander Newsroom,Courier Newsroom,≤100
12876978977,SPCA of Texas,SPCA of Texas,≤100
106710090880073,Sara Lewis For Judge,The Committee to Elect Sara Lewis Judge,≤100
333081284065216,Brynne Kennedy for Congress,BRYNNE KENNEDY FOR CONGRESS,≤100
276015033095157,NYS DACC,DEMOCRATIC ASSEMBLY CAMPAIGN COMMITTEE,≤100
13341879933,Organic Consumers Association,ORGANIC CONSUMERS ASSOCIATION,≤100
709046012792616,National Audubon Society Action Fund,National Audubon Society Action Fund,≤100
49209604726,Vermont Teddy Bear,"VERMONT TEDDY BEAR CO., INC., THE",≤100
105060269781,Premiere Collectibles,"Premiere Marketing, Inc.",≤100
289359554914740,We Have A Stake,The ANCOR Foundation,≤100
22585467017,LATV,"LATV Networks, LLC",≤100
109575145733890,McGuireWoods Consulting,MCGUIREWOODS CONSULTING LLC,≤100
1095906937121564,"The City of College Park, MD",City of College Park,≤100
184715621591606,"Psi Chi, the International Honor Society in Psychology","PSI CHI, INC",≤100
46093654473,National Republican Congressional Committee,NRCC,≤100
533987556776948,Campaign for Sustainable Rx Pricing,Campaign for Sustainable Rx Pricing,≤100
39851621214,Student Press Law Center,STUDENT PRESS LAW CENTER INC,≤100
384336778589668,Defend Our Constitution,COMMON CAUSE,≤100
100489714905608,Democracy Network,Democracy Network,≤100
15779440092,National Review,"NATIONAL REVIEW, INC.",≤100
102047517918,The Commonwealth Fund,"COMMONWEALTH FUND, THE",≤100
300992409852,Hoover Institution,Hoover Institution,≤100
28729603879,Food Bank of the Rockies,Food Bank of the Rockies,≤100
106364329441748,Margaret W. Wong & Associates,"WONG, MARGARET W & ASSOCIATES CO LPA (INC)",≤100
95483488591,Democratic Party of Wisconsin,DEMOCRATIC PARTY OF WISCONSIN,≤100
1145019702185006,Alliance for Safety and Justice,Alliance for Safety and Justice,≤100
214002058736436,Unite America,UNITE AMERICA,≤100
205164243980,Vermont Law School,Vermont Law School,≤100
109190967329516,Car Headline Bulletin,Abraham Osayomi,≤100
106875060931336,National News Flash,Denisia Monea Williams,≤100
118635175464489,UPolitics,"Uinterview, Inc.",≤100
863665797365574,Eternal Earth Eco-friendly,Josh Newmark,≤100
543066585882629,Libertarian Country,Libertarian Country,≤100
76050196975,Light of Life Rescue Mission,LIGHT OF LIFE MINISTRIES INC,≤100
1679521432262834,Physicians Grassroots Network,American Medical Association,≤100
103131054573692,Crawfordology,Crawfordology,≤100
114975389535,TAN Books,"SAINT BENEDICT PRESS, LLC",≤100
314121315788033,Stand with Parkland,Stand With Parkland,≤100
461204744067686,Family Protection Association,Family Protection Association,≤100
241994476248897,Wild Minimalist,Wild Minimalist,≤100
5644748986,National Wildlife Federation,NATIONAL WILDLIFE FEDERATION,≤100
872842866161157,One Nation Design,One Nation Design,≤100
142517033034835,Mona's House,Ramp Global Missions,≤100
1824503584434809,I Vaccinate,Michigan Department of Health and Human Services,≤100
221046091240452,Stephen Kramer Glickman,800 Pound Gorilla Records,≤100
11162728079,U.S. PIRG,UNITED STATES PUBLIC INTEREST RESEARCH GROUP,≤100
135403221037,City Journal,City Journal,≤100
1029414573827063,Fight Back,Fight Back Fund,≤100
96159580682,Maine Democratic Party,MAINE DEMOCRATIC PARTY,≤100
497348647140658,Point Source Youth,Point Source Youth,≤100
134256654140,Bob Davis,The Bob Davis Podcasts,≤100
7209432197,Chris Coons,CHRIS COONS FOR DELAWARE,≤100
825475597557324,trueself,These ads ran without a disclaimer,≤100
114971076538782,The Keystone,Courier Newsroom,≤100
203197030603239,8 Billion Trees,8 Billion Trees LLC,≤100
259343267436363,Representative Ed Thompson,Friends of Ed Thompson,≤100
109665250456365,The Armed Patriot,Kenneth Micheal Parkerson,≤100
118204781638402,Pierce County Auditor's Office,Pierce County Auditor's Office,≤100
614134231980299,Veterans Empowered To Protect African Wildlife,VETPAW INC,≤100
70795936969,Children International,CHILDREN INTERNATIONAL,≤100
160389977329803,ATTN:,ATTN: INC.,≤100
151235561684871,The Mama Bear Effect,mamabeareffect,≤100
1626818077381131,Mike Hallquist for Brookfield,Michael Nolan Hallquist,≤100
109970477058557,Rick LoCastro,Rick LoCastro for County Commissioner,≤100
110991348608,Michael Caldwell for Georgia,"Caldwell for Georgia, Inc.",≤100
911845658833043,I Am An Immigrant,FWD.us Education Fund,≤100
6165653060,AFSCME,AMERICAN FEDERATION OF STATE COUNTY & MUNICIPAL EMPLOYEES,≤100
100137754724934,Trump 2020 Supporters,Proud Right Winger,≤100
1836138529938551,Greater Half,Billy Benson,≤100
6236054211,Brady,Brady Campaign to Prevent Gun Violence,≤100
717115395103069,PrintedKicks,Printed Kicks,≤100
108583533855999,NBC LX,These ads ran without a disclaimer,≤100
345378512258813,Elise Stefanik,ELISE FOR CONGRESS,≤100
130936757062757,T-Mobile Workers United (TU),"COMMUNICATIONS WORKERS OF AMERICA, AFL-CIO, CLC",≤100
2255846891314996,Corn Refiners Association,"corn refiners association, inc",≤100
293225127381200,Patriot Depot,The Patriot Depot,≤100
156994304362574,American Bridge,AMERICAN BRIDGE 21ST CENTURY,≤100
120522437962280,Hutchins Center for African & African American Research,The Hutchins Center for African & African American Research at Harvard University,≤100
11024050756,Bioneers,Bioneers,≤100
141389762631068,Koons Mazda of Silver Spring,These ads ran without a disclaimer,≤100
213792049451918,Stand For America Now,Stand For America Inc,≤100
580610428636345,Fight for $15,Fight for $15,≤100
110318730393248,US speaking society,These ads ran without a disclaimer,≤100
109205663852133,Southern Sustainability,Energy Media,≤100
376990832355915,National Women's Coalition Against Violence & Exploitation (NWCAVE),Michelle Ann Bart,≤100
27591534505,SPIRIT 105.3,CRISTA MINISTRIES,≤100
30139072158,CARE,CARE,≤100
170582513587720,Liberty Through Wealth,The Oxford Club,≤100
223008867858902,American Action News,American Action News,≤100
198875903295,Trek Bicycle,TREK BICYCLE CORPORATION,≤100
256759464352221,eCornell,These ads ran without a disclaimer,≤100
115364585711,Lawyers' Committee for Civil Rights Under Law,LAWYERS' COMMITTEE FOR CIVIL RIGHTS UNDER LAW,≤100
294879797332635,Debbie Dingell,DEBBIE DINGELL FOR CONGRESS,≤100
2012750189007245,Liquid Death Mountain Water,Liquid Death,≤100
159616034235,Walmart,WALMART INC.,194
17274984050,Consumer Reports Advocacy,Consumer Reports Inc,≤100
103682110993833,Arctic Refuge Defense Campaign,Alaska Wilderness League,≤100
2309566456030859,Human Coalition Action,Human Coalition,≤100
304600892905134,Hillsdale College Online Courses,HILLSDALE COLLEGE,≤100
135500133147357,ProEnglish,US INC,≤100
101987144592086,Stollings for West Virginia,Stollings for West Virginia,≤100
354329797956187,The Catholic Association,"The Catholic Association, Inc",≤100
108505303942541,Now Hear Me Out Podcast,Now Hear Me Out Podcast,≤100
69039563201,Open Doors USA,"OPEN DOORS WITH BROTHER ANDREW, INC.",≤100
37636037076,Western States Center,WESTERN STATES CENTER INC,≤100
376776419037747,Turning Point USA,Turning Point USA,≤100
21834534343,Volunteers of America,"VOLUNTEERS OF AMERICA, INC.",≤100
281844617168,Jewish Voice Ministries International,JEWISH VOICE MINISTRIES INTERNATIONAL,≤100
84280132559,American Legislative Exchange Council,AMERICAN LEGISLATIVE EXCHANGE COUNCIL,≤100
51379424899,Mercy Ships,MERCY SHIPS INTERNATIONAL,≤100
576690225840098,Contending Modernities,Contending Modernities (University of Notre Dame),≤100
1849483715167852,Firefly Engagement,"Firefly Engagement Services, Inc.",≤100
1033248857066144,NewsDaylighter,General Memetics LLC,≤100
104425167656033,StopStupid.com,Terry Scott Laskowski,≤100
133764907211570,Concerned Citizen,Steven Niems,≤100
111461353693925,Q News Tonight,Darren Orlando Loli,≤100
107856557376203,The Right Tees,therighttees.com,≤100
105953890782784,The Factual,The Factual,≤100
622556584597615,SYMBICORT® (budesonide/formoterol fumarate dihydrate),These ads ran without a disclaimer,≤100
113193283653377,Healthy Decisions,Megan Kristen Hall,≤100
115513218594409,"City of Franklin, Louisiana - Mayor's Office",Steve Verzwyvelt Jr.,≤100
1092340954202973,Maya Rockeymoore-Cummings for Congress,Maya Rockeymoore-Cummings for Congress,≤100
111257493838566,Home Vote 4 All,Home Vote 4 All,≤100
177544721630,The Stanford Review,The Stanford Review,≤100
20787991568,Senate Democrats,DSCC,156
145546662234642,American Energy Alliance,American Energy Alliance,295
125319303823,Champlain College,Champlain College Incorporated,≤100
680549575421741,UnitedVoice.com,"Beachside Media, Inc.",≤100
21999960184,Operation Blessing,Operation Blessing,≤100
15687409793,World Wildlife Fund,World Wildlife Fund,≤100
911828698840246,ReLEntless Defender Apparel,ReLEntless Defender Apparel,≤100
142864489085700,Pars Equality Center,Pars Equality Center,≤100
110257623864359,Cool Mud Flaps,"OHIO LASER, LLC",≤100
108862184052039,ROMTech,"ROM Technologies, Inc.",≤100
114815188528887,Neighborhood Nurse,Kristina Anne Larsen,≤100
164966660351345,Hope Outfitters,Hope Outfitters,≤100
28896772146,San Diego Zoo,ZOOLOGICAL SOCIETY OF SAN DIEGO,≤100
245284549333866,ASMDSS,ASMDSS,≤100
103916901051975,Immigration Ally,Walker Gates Vela PLLC,≤100
109111900634787,Reverend Raphael Warnock,WARNOCK FOR GEORGIA,≤100
41036437395,Macular Degeneration Research,"BRIGHTFOCUS FOUNDATION, INC. A/K/A BRIGHTFOCUS FOUNDATION",≤100
105721921069785,Virtual Climate Change Protest,These ads ran without a disclaimer,≤100
234142976633158,Wake Up World & Smell the Coffee,Edith Dume Lerner,≤100
5647744585,PETA (People for the Ethical Treatment of Animals),"PEOPLE FOR THE ETHICAL TREATMENT OF ANIMALS, INC.",≤100
103284947927286,Roaring Right,Keegan Scott Boston Rush,≤100
189758874031,Outside TV,"OUTSIDE TELEVISION, INC.",≤100
460844281074800,Tiny Trump,Eric D Corriel,≤100
182620315479,Plan International USA,Plan International USA,≤100
14084625156,Susan G. Komen,Susan G. Komen,≤100
138014081407,Shareable,Tides Center/ Shareable,≤100
268311603350722,The American Independent,The American Independent,≤100
19812849944,United Food and Commercial Workers International Union,United Food and Commercial Workers International Union,≤100
210357995667559,The National Memo,The National Memo,≤100
108133417467910,Forest Carbon Coalition,CENTER FOR SUSTAINABLE ECONOMY,≤100
322882011220586,Pennsylvania Equality Project,"Pennsylvania Equality Project, Inc.",≤100
120333829372239,Salvos,Salvos,≤100
198296877515470,Switch4Good,Switch4Good,≤100
23311628592,Heartland Alliance,Heartland Alliance for Human Needs & Human Rights,≤100
375760676281438,Mermaid Straw,Mermaid Straw,≤100
100391988083233,Triggered Freedom Apparel,Triggered Freedom Apparel,≤100
112127296849462,Congestion Ahead,These ads ran without a disclaimer,≤100
171651620209487,Brady PAC,Brady Pac,≤100
15503839732,Peter G. Peterson Foundation,Peter G. Peterson Foundation,≤100
433364950062784,Power Over Energy,Power Over Energy,≤100
420785874975425,Conservative Institute,The Conservative Institute,≤100
262173980908600,LTM,LTMShop,≤100
2185993931653388,The Recount,"Recount Media, Inc",≤100
350523542184,Trust Women,Trust Women,≤100
107803440835562,US Hot Gears,Click Wonders,≤100
104141422951673,Chicago Booth Review,University of Chicago,≤100
513785465632396,Airline Passengers for Justice,Airline Passengers for Justice,≤100
101423907875536,Umbrella PAC,UMBRELLA PAC,≤100
153053554728336,iShares,"BLACKROCK, INC.",≤100
351387758241489,JaVaughn Murphy,Javaughn Darien Murphy,≤100
18813753280,Human Rights Campaign,"HUMAN RIGHTS CAMPAIGN, INC.",≤100
2259323457517498,Abolish the Electoral College,ABOLISH THE ELECTORAL COLLEGE,≤100
300103172268,Pacific Battleship Center - Battleship USS Iowa,Jonathan Thompson Williams,≤100
8524198486,Physicians Committee for Responsible Medicine,"PHYSICIANS COMMITTEE FOR RESPONSIBLE MEDICINE, INC.",≤100
127637620616803,Comcast Newsmakers,Comcast,≤100
90498769709,Edenpure,EdenPURE®,≤100
568103006940639,Law Office of Gary J. Kim,Law Offices of Gary J. Kim,≤100
455147011996099,The Ann and Phelim Scoop,The Unreported Story Society,≤100
102540204580217,UpNorthNews,Courier Newsroom,≤100
202626512363,U.S. Census Bureau,These ads ran without a disclaimer,≤100
103213601095503,ParentsTogether Action,ParentsTogether Action,≤100
383877235817031,Keep America Great,Keep America Great,≤100
117641114435,First Aid Beauty,First Aid Beauty,≤100
1234251319933440,Exclusive Apparel,The Dude's Designs,≤100
59254639983,Boston Medical Center,BOSTON MEDICAL CENTER,≤100
357252214980437,Richard Spitzer,These ads ran without a disclaimer,≤100
113597523517748,Mazi Mazloom for State Court Judge,"Friends of Mazi Mazloom, Inc.",≤100
288452868709310,Smart City Expo Atlanta,Smart City Expo Atlanta,≤100
108838240704138,Operation Restoration 2020,CITIZENS FOR JADE SIMMONS,≤100
186891114706643,Help Animals India,HelpAnimalsIndia,≤100
18479402361,No Kid Hungry,No Kid Hungry,≤100
292018201259366,We Raise Foundation,WE RAISE FOUNDATION,≤100
362232354250108,Becky Evans for Georgia House,"Friends of Becky Evans, Inc",≤100
734391880235305,Citizens PAC,Citizens PAC,≤100
466279197281062,Slay The Dragon,Magnolia Pictures,≤100
329272720965256,GALvanize USA,GALvanize USA,≤100
407664862957433,Ammar Campa-Najjar for Congress,AMMAR CAMPA-NAJJAR FOR CONGRESS,≤100
360398091311995,DC Census,DC Office of Planning - DC Census 2020,450
158791100909689,Concerned Veterans for America,Concerned Veterans for America,≤100
21559454473,FAIR,FEDERATION FOR AMERICAN IMMIGRATION REFORM,≤100
717417908274761,Lady Freethinker,Lady Freethinker,≤100
337796227997,Prosperity Candle,PROSPERITY CANDLE L3C,≤100
219842411373576,Faith Mission,Lutheran Social Services of Central Ohio,≤100
58401218435,National Pork Producers Council,National Pork Producers Council,114
108156144154617,Auie4u,AUIE4U,≤100
100184714677097,Election Year Knockout,Exceptionull Games,≤100
225449500250,Constellation Political Consulting,Constellation Political,≤100
602196353633485,Crusade.Live,"Crusade, Inc.",≤100
169830155029,m/Oppenheim Associates,m/Oppenheim,≤100
153080620724,Donald J. Trump,TRUMP MAKE AMERICA GREAT AGAIN COMMITTEE,≤100
303698546498902,Castro & Co. - International Tax Attorneys,John Anthony Castro,≤100
336440323158789,Jack Burkman Radio,Jack Burkman Radio,≤100
111324359048459,Dr. Roger Marshall,KANSANS FOR MARSHALL,≤100
83865976093,Truthout,TRUTHOUT,≤100
42940254353,Human Rights Watch,"HUMAN RIGHTS WATCH, INC.",≤100
819942484773775,Tax Sale Blueprint,These ads ran without a disclaimer,≤100
971668776283950,PolicyEd,Hoover Institution,≤100
22877548156,Earth Day Network,EARTH DAY NETWORK INC,≤100
201172843320667,Maryland Association of Counties,Maryland Association of Counties,≤100
189036631118228,COMMONworks,COMMON,≤100
1708467695859543,Veteran Transition Mission,Sonia Ivelisse Barriera Ayala,≤100
7219151423,The Fund for American Studies (TFAS),The Fund for American Studies,≤100
85620546149,Paul Simon Public Policy Institute,Paul Simon Public Policy Institute,≤100
93114332471,20/20 Research,2020 Research,≤100
142474049098533,Robert Reich,Penguin Random House LLC,≤100
184943371545358,ASTA - American Society of Travel Advisors,ASTA,≤100
160630887998827,Let Them Live,Let Them Live,≤100
408669449606530,Shirt Brothers,These ads ran without a disclaimer,≤100
114710126648118,Republican Dogs,Republican Dogs,≤100
229812467461262,Big League Politics,Big League Politics,≤100
122174836956,Big Cat Rescue,BIG CAT RESCUE CORP.,≤100
182723117043,Chicago Council on Global Affairs,"CHICAGO COUNCIL ON GLOBAL AFFAIRS, THE",≤100
272565456712768,Bloomberg Government,"BUREAU OF NATIONAL AFFAIRS, INC., THE",≤100
157546398049625,Marsy's Law for Wisconsin,"Marsy’s Law for Wisconsin, LLC",≤100
18017481462,Acton Institute,Acton Institute,≤100
146321956085057,Lynchburg Fire Fighters Assoc. - IAFF Local 1146,Lynchburg Fire Fighters Political Action Committee,≤100
101292484652219,Amanda Cappelletti for PA,Cappelletti for PA,≤100
2195599517186588,Pride,Levi Larry Chambers,≤100
140179533285859,AAPI Progressive Action,TIDES ADVOCACY FUND,≤100
121072318410610,MagdakineDesigns Swimwear,Magdalena Rose Berger,≤100
101148251446778,Keep America Great Committee,KEEP AMERICA GREAT COMMITTEE,≤100
131217580266597,National Council on Aging,"NATIONAL COUNCIL ON AGING, INC.",≤100
1055873511190792,Hello Resistance,Hello Resistance Apparel,≤100
5435784683,Greenpeace USA,"GREENPEACE, INC.",≤100
723136714746586,The Common Ground Project,"The Common Ground Project, Inc.",≤100
104399301183506,Ban-AR-Now,Ban AR Now,≤100
100498434891964,Yraida Aponte-Lipski for Freeholder,Nicholas P Jayme,≤100
185538520004,End Poverty,ENDPOVERTY.ORG,≤100
205795426669644,Facts and Logic about the Middle East,Facts and Logic About the Middle East,≤100
126279571952,Huru International,HURU INTERNATIONAL,≤100
47924244850,Tony La Russa's Animal Rescue Foundation,Tony La Russa's Animal Rescue Foundation,≤100
1925751504337881,MJ for Texas,MJ FOR TEXAS,≤100
1452551204988299,GoReact,Speakworks Inc,≤100
81517275796,UNICEF USA,UNITED STATES FUND FOR UNICEF,≤100
107210084216238,Humanity Forward,Humanity Forward,≤100
360951033963549,Ali Forney Center,The Ali Forney Center,≤100
101662321369876,WGL Energy,WGL Energy,≤100
102320684634153,Care to Talk Show,Gary Keith Ritterstein Ii,≤100
184373328845372,Gigi Raffe,Gigi Raffe,≤100
123651254408327,Sokolove Law,"Sokolove Law, LLC",≤100
504509279946722,Robin Wilt For Congress,ROCHESTER FOR ROBIN,≤100
137427899615856,"Central Union Mission, DC",CENTRAL UNION MISSION (INC),≤100
305085265725,Committee For a Responsible Federal Budget,Committee for a Responsible Federal Budget,≤100
30708742052,FCTRY,FCTRY,≤100
107858693983382,The GOP Shop,The GOP Shop,≤100
302111635698,National Association of Tax Professionals (NATP),National Association of Tax Professionals,≤100
252126914850996,Labor Campaign for Single Payer,Labor for Single-Payer Healthcare,≤100
157810487611661,Freethink,Freethink,≤100
110248660527980,Communities Against Rider Surveillance,Communities Against Rider Surveillance,118
143173285763,Tenth Amendment Center,Tenth Amendment Center,≤100
13909525938,PAAIA,PAAIA,≤100
93104154930,Voices for the Voiceless,"Voices for the Voiceless, Inc.",≤100
112942500238297,Trees4Australia,Trees4Australia,≤100
555637991181566,Aimee Winder Newton,Friends of Aimee Winder Newton,≤100
1526736227567131,TrueCoverage,True Coverage,≤100
49906899425,Ramapo College of New Jersey,Ramapo College of New Jersey,≤100
1836138529938551,Greater Half,Greater Half,≤100
5887538795,Education Week,Education Week,≤100
12683623041,Society for Human Resource Management (SHRM),SOCIETY FOR HUMAN RESOURCE MANAGEMENT,≤100
7962229886,Environmental Working Group,ENVIRONMENTAL WORKING GROUP,≤100
26006662641,Arizona Democratic Party,Arizona Democratic Party,≤100
238473269650980,Capital & Main,CAPITAL & MAIN,≤100
67945990059,The American Petroleum Institute,AMERICAN PETROLEUM INSTITUTE,123
1852520761657982,4ocean,These ads ran without a disclaimer,≤100
109638903906629,Roger Baker for NM Senate,Roger Baker State Senate District 36 Candidate,≤100
557113921291144,Learning Dynamics,4 Weeks To Read LLC,≤100
257019421075897,Cory Gardner,Cory Gardner for Senate,≤100
533347293669517,Great American Era,Great American Era,≤100
139599847972,National Nurses United,National Nurses United,≤100
315170549321392,Slightly Sophisticated,Slightly Sophisticated,≤100
19219803864,Tax Foundation,TAX FOUNDATION,≤100
100666038243915,True American Patriot,Gold Sky Ventures LLC,≤100
176466646087311,DC Fawcett,These ads ran without a disclaimer,≤100
142992759853421,Be A Hero,BE A HERO PAC,≤100
193147324041812,The Skoll Foundation,"SKOLL FOUNDATION, THE",≤100
243362776583569,Air Mail,Air Mail,≤100
35142679763,Alzheimer's Disease Research,"BRIGHTFOCUS FOUNDATION, INC. A/K/A BRIGHTFOCUS FOUNDATION",≤100
385473284886474,Hillsdale College,HILLSDALE COLLEGE,≤100
1705797179664794,Migliaccio & Rathod LLP,Migliaccio & Rathod LLP,≤100
96935476345,Democratic Governors Association (DGA),Democratic Governors Association,116
359933137438156,Nine Line Apparel,Nine Line Apparel,≤100
229931827195676,Art of Teaching,John Russell Hassard,≤100
361960287311696,Better Medicare Alliance,"Better Medicare Alliance, Inc",≤100
940653386126953,Standingwithyou.org,Standing With You,≤100
602074469965571,Plan C,NATIONAL WOMENS HEALTH NETWORK,≤100
154510321337994,Chris Pappas for Congress,CHRIS PAPPAS FOR CONGRESS,≤100
1482947308676311,Topdust,cleancult,≤100
12357407443,American Friends Service Committee,AMERICAN FRIENDS SERVICE COMMITTEE,≤100
1438882392887793,ADF Church Alliance,Alliance Defending Freedom,≤100
7833534974,Florida Democratic Party,Florida Democratic Party,≤100
105556394228711,Republican Authority,Republican Authority,≤100
566008736785269,Be Heard Project,Be Heard Project,≤100
389119978332258,We Are Apartments,The National Association of Apartments and the National Multifamily Housing Council,≤100
1626952504226671,Tiger Grafx LLC,TIGER GRAFX LLC,≤100
113543090115189,Democracy.ai,Luke Thomas Willoughby,≤100
101391906600,Live Action News,Live Action News,≤100
110019893736048,Grandpas Against Trump,Richard Carlton Carlton Daley,≤100
101459351485507,Diana for Congress,DIANA FOR CONGRESS,≤100
35169196082,Project HOPE,"PROJECT HOPE-THE PEOPLE-TO-PEOPLE HEALTH FOUNDATION, INC.",≤100
120551431317,Nickelodeon,Nickelodeon with Facebook Ad Credits,≤100
17911165812,Covenant House International,Covenant House,≤100
165566613453452,ERLC,ETHICS AND RELIGIOUS LIBERTY COMMISSION OF THE SOUTHERN BAPTIST,≤100
101163924751541,The College Conservatives,Keith Koontz,≤100
186932688457686,CHNGE,CHNGE,≤100
8047221596,Save the Children US,"SAVE THE CHILDREN FEDERATION, INC.",≤100
2330577043935831,Sara Gideon,SARA GIDEON FOR MAINE,≤100
530604487365010,Old Glory Flagpole Kits,Service First Flag Poles,≤100
10234472029,Council on Foreign Relations,Council on Foreign Relations,≤100
82637311931,Citymeals on Wheels,CITYMEALS-ON-WHEELS,≤100
156968474833352,Stop Republicans,Stop Republicans,206
19972147679,SEIU,SEIU,≤100
363741920768563,RTBiQ Political,RTBiQ Political,≤100
21375324480,The Heritage Foundation,HERITAGE FOUNDATION (THE),≤100
55549065733,Voto Latino,VOTO LATINO INC.,≤100
196382377057315,Learn Our History,Learn Our History,≤100
1485046298224624,Betsy Sweet,SWEET FOR SENATE,≤100
313723095478950,The Daily Citizen,Focus on the Family,≤100
1755810367986271,Eurasia Group Foundation,Eurasia Group Foundation,≤100
1637823176332591,Ecocred,Branislav Seslija,≤100
1917715138510680,Follow Your Legend,Legend Bracelet,≤100
134452023239984,Human Coalition,Human Coalition,≤100
1453339054911514,Latino Community Fund -LCF Georgia,Latino Community Fund Inc.,≤100
109021767293838,Making Retirement Last,Making Retirement Last,≤100
149745555082419,Pioneer Institute for Public Policy Research,"Pioneer Institute, Inc.",≤100
101183127996396,Four Is Enough,PACRONYM,≤100
24330467048,Americans for Prosperity,AMERICANS FOR PROSPERITY,≤100
192771954102960,Jordan Sekulow,American Center for Law and Justice,≤100
415495255196708,Joel Engardio,Engardio for District 7 Supervisor 2020 FPPC #1420655 Financial disclosures available at sfethics.org,≤100
183989338318281,The American Legion National Headquarters,LEGIONNAIRE,≤100
109194237204315,Huntsman 2020,Huntsman 2020,≤100
452797224923658,Democratic Coalition Against Trump,THE DEMOCRATIC COALITION,≤100
738298126313472,John Thomas Political Strategist,The Thomas Guide Show,≤100
79125112926,Students for Life of America,"STUDENTS FOR LIFE OF AMERICA, INC.",≤100
114989253202136,Consumer Protection Law,Sift Legal Marketing,≤100
201956993160690,MRCTV,MEDIA RESEARCH CENTER,≤100﻿
11791104453,NRDC,Natural Resources Defense Council,≤100
280285049085,Homes.com,Homes.com,≤100
100718241380366,American Awakening,SWORD & SPOON ENTERPRISES INCORPORATED,≤100
811900825495982,Niskanen Center,The Niskanen Center,≤100
322043381633719,Gavin Clarkson for Senate,GAVIN CLARKSON FOR SENATE,≤100
1375618656016062,Deb Haaland for Congress,DEB HAALAND FOR CONGRESS,≤100
43609808159,Happy Family Organics,Happy Family Organics,≤100
104027894318612,Inclusion2020,Inclusion2020,≤100
6213734772,AHA Foundation,AHA Foundation,≤100
34992314695,National Center for Public Policy Research,NATIONAL CENTER FOR PUBLIC POLICY RESEARCH,≤100
47712360678,Jobs With Justice,Jobs With Justice,≤100
356482637745012,Stansberry Research,Stansberry Research,≤100
587835028017559,Eric Holcomb,Eric Holcomb for Indiana,≤100
315324541967534,Blaine Luetkemeyer,BLAINE FOR CONGRESS,≤100
525171637666780,Sandy Piña California Delegate,RCR,≤100
6851405967,CREDO Mobile,"CREDO MOBILE, INC.",≤100
196743663140,Baha'is of the United States,National Spiritual Assembly of the Baha'is of the United States,≤100
175580571641,Out of Print,Out of Print,≤100
173837496125511,Conscious Step,Conscious Step,≤100
240841589886168,We Still Hold These Truths,Ronald Hirsch,≤100
602714436529710,End Citizens United,END CITIZENS UNITED,≤100
192609620649,The University of Chicago,The University of Chicago,≤100
120778038066631,EveryLibrary,EveryLibrary,≤100
1025055787535714,A Case for Women,A Case for Women,≤100
6500552187,Hulu,"HULU, LLC",≤100
7145381235,American Jewish World Service - AJWS,"AMERICAN JEWISH WORLD SERVICE, INC.",≤100
116546288359245,Heritage Action for America,HERITAGE ACTION FOR AMERICA,≤100
29770886815,Marijuana Policy Project,Marijuana Policy Project,≤100
1653885501501009,Propeller,Propeller Enterprises,≤100
567371470277443,The Wilderness Society Action Fund,The Wilderness Society Action Fund,≤100
111081706926063,Jason Fields for Milwaukee Comptroller,Jason Fields for Milwaukee,≤100
336848256815114,Eyeless on Campus,reconpresseusa,≤100
104325844436320,US Dollar Reports,US Dollar Reports,≤100
338855069522459,Im Tirtzu,Im Tirtzu,≤100
94047978366,PCCC - BoldProgressives.org,PROGRESSIVE CHANGE CAMPAIGN COMMITTEE,≤100
162616177521935,ACM Strategies,ACM Strategies,≤100
101957261298313,Ed Cohen for Congress,FRIENDS OF ED COHEN AND AMERICA,≤100
133937690180,Student Conservation Association,Student Conservation Association,≤100
153278754738777,Climate Reality,The Climate Reality Project,≤100
162695894106234,Co-ops Vote,National Rural Electric Cooperative Association,≤100
252814820267,HIAS,HIAS,≤100
260754507296508,The Voter Participation Center,Voter Participation Center,≤100
270366089746859,Positive Behavior Supports Corp.,Elizabeth Ann  Focazio,≤100
108899254076502,Trump is the President of the Century,Kamal Saadi Abulayla,≤100
514167322309353,Dan Crenshaw,Dan Crenshaw for Congress,≤100
511018939262914,Support Pro-Life Kathy Barnette For US Congress District PA 04,Promise Land Men’s Ministries,≤100
384676381708957,Education NC,Education NC,≤100
109439817056024,Elect Logan Endow,Friends of Logan Endow,≤100
51791915551,Binghamton University,Binghamton University,≤100
202626512363,U.S. Census Bureau,U.S. Census Bureau,757
496696933682736,Jeff Merkley,JEFF MERKLEY FOR OREGON,≤100
24470472733,The Trevor Project,The Trevor Project,≤100
1724818571163958,Action Center on Race and the Economy,"ACTION CENTER ON RACE AND THE ECON, THE",≤100
1001615463272722,Biosimilars Council,The Biosimilars Council,≤100
110304423857607,Patriot Wear,Brandon Kyle Fink,≤100
169543260659539,The Venn Media,The Venn Media,≤100
102424843756,Pathways for Exceptional Children,"Pathways for Exceptional Children, Inc.",≤100
100256754899828,Patriot's Cave,Lucky Shot USA,≤100
53541257714,The Arc of the United States,"ARC OF THE UNITED STATES, INC., THE",≤100
8532248414,Wounded Warrior Project,"WOUNDED WARRIOR PROJECT, INC.",≤100
33202538436,Asian American LEAD (AALEAD),These ads ran without a disclaimer,≤100
221378424569014,Vito Glazers,Vito Guido Glazers,≤100
683872625157265,Theresa Greenfield,THERESA GREENFIELD FOR IOWA,≤100
20811642728,Change to Win,Change to Win,≤100
195561910471475,CATALYST.cm,Catalyst.cm,≤100
1593518174052711,Candace Owens,Candace Owens LLC,≤100
303061950155375,John James,"JOHN JAMES FOR SENATE, INC.",≤100
80668957414,GoSili,SiliKids Inc.,≤100
700283120139217,Omar Fateh for MN Senate 62,Omar Fateh Senate Committee,≤100
182079698493370,Portside,Portside,≤100
459890014763287,Rocky Mountain Values,Rocky Mountain Values,≤100
473191156175163,EDF Action,Environmental Defense Action Fund,≤100
148485621883625,40 Days for Life,40 Days for Life,≤100
2390004754407420,"Our Kids, Our Work, Our Families",Center for Community Change Action,≤100
68693168571,Jewish Federations of North America,Jewish Federations of North America,≤100
148054326284,NoticiaCristiana.com,Charles Hans Torres,≤100
265268336865693,Do Amore,Do Amore Limited Company,≤100
210100860523,Braille Institute,Braille Institute,≤100
17901934974,Anthony G. Brown,ANTHONY BROWN FOR CONGRESS,≤100
5720973755,Defenders of Wildlife,DEFENDERS OF WILDLIFE,≤100
8325302025,Friends of the Earth U.S.,Friends of the Earth,≤100
1791097094486498,Musings,Musings Magazine,≤100
260131294484,Bethesda Lutheran Communities,Bethesda Lutheran Communities,≤100
633017507209226,"Kaylee Tuck for Florida House of Representatives, District 55",Kaylee Tuck for Florida House of Representatives,≤100
109295990419284,Esther For Congress,ESTHER FOR CONGRESS,≤100
128167457221813,Public Transportation,Voices for Public Transit,≤100
665345483483486,NRA - National Rifle Association of America,NATIONAL RIFLE ASSN OF AMERICA,≤100
100437734826584,Sayers For Congress,SAYERS FOR CONGRESS,≤100
115848097551,Institute for Women's Policy Research,Institute for Women's Policy Research,≤100
456220508063053,Adrienne Bell for Congress TX-14,ADRIENNE BELL FOR CONGRESS,≤100
112252320119719,"Aycha Sawa, CPA for Comptroller",Aycha Sawa for Milwaukee City Comptroller,≤100
1688725768007141,Michelle Caruso-Cabrera,CARUSO-CABRERA FOR NEW YORK,≤100
107100124240210,Virginia Energy Savings Program,Virginia Energy Savings Program,≤100
1545826148838592,Trump 2020,Gregory Lawrence Burright,≤100
13885075114,Action Against Hunger USA,ACTION AGAINST HUNGER - USA,≤100
497081420632330,Hiral Tipirneni,HIRAL FOR CONGRESS,≤100
1682876188698809,United for Respect,United for Respect,≤100
168876449866088,The Years Project,The Years Project,≤100
228754857151053,House Majority PAC,House Majority PAC,≤100
129306574279449,EFB Advocacy,EFB Advocacy,≤100
41182871633,National Museum of American Jewish History,National Museum of American Jewish History,≤100
37540989546,Power to Decide,Power to Decide,≤100
143152622368089,San Diego Zoo Safari Park,ZOOLOGICAL SOCIETY OF SAN DIEGO,≤100
103652349763757,Dinkleboo,These ads ran without a disclaimer,≤100
106333028376,"Nichols Kaster, PLLP",Nichols Kaster PLLP,≤100
22898109808,Grist.org,Grist Magazine,≤100
52989768601,Population Connection Action Fund,Population Connection Action Fund,≤100
987698164585861,Citizen Ed,Citizen Education,≤100
319982881752525,Kara Eastman,EASTMAN FOR CONGRESS,≤100
207381586628343,Donna McLeod,Donna T Mcleod,≤100
1268410219898273,Tango Tango,Tango Tango Inc,≤100
19036504767,Center for Victims of Torture,"CENTER FOR VICTIMS OF TORTURE, THE",≤100
294196590710262,FWD.us,FWD.us,≤100
102563114645369,Angi for State Senate,New York State Senate Republican Campaign Committee,≤100
113460456730293,Ben Salango,Ben Salango for West Virginia,≤100
104622121026372,Earthbreeze,These ads ran without a disclaimer,≤100
19474609238,Mercatus Center at George Mason University,Mercatus Center at George Mason University,≤100
164771506031,Claremont Institute,Nicholas Dylan Short,≤100
394707496275,Threads 4 Thought,Threads 4 Thought,≤100
777657635932867,Blessings Through Action,Blessings Through Actions,≤100
290851614930809,Combat AntiSemitism,Combat Anti-Semitism,≤100
1439364926329185,Animal Matters,Animal Matters,≤100
271434569418,HumaneWatch,Center for Consumer Freedom,≤100
104006944272732,Honest Arizona,Advancing AZ,≤100
104117891137180,Everyday is a Second Chance,Shi Yuan Ge,≤100
83290028957,Care Net,CARE NET,≤100
8934429638,Planned Parenthood Action,Planned Parenthood Action Fund,≤100
854831008020872,Marty Bryan Moss  for President of the United States,Marty  Bryan Moss,≤100
681626158940626,Mission Roll Call,Americas Warrior Partnership,≤100
198741046833409,Utah Policy,Utah Policy,≤100
273546779885377,The Gallant Pelham,"The Gallant Pelham, LLC",≤100
174665949220535,MiracleFeet,MiracleFeet,≤100
168051710543266,Friends of Lacy Johnson,Lacy Johnson for Congress,≤100
7814597100,Jim Jordan for Congress,JIM JORDAN FOR CONGRESS,≤100
223315101050132,Waters Kraus & Paul,Waters Kraus & Paul,≤100
183872968312216,Popdust,cleancult,≤100
35715544220,Stand.earth,STAND,≤100
153446658100252,Lumina Foundation,Lumina Foundation,≤100
281683575282840,Polleticks,Polleticks Inc.,≤100
100985351461850,The Boston Coalition,Arif None Hussain,≤100
8492293163,Environmental Defense Fund,Environmental Defense Fund,≤100
10331123781,Special Olympics,Special Olympics Inc,≤100
2059019737447210,ChangeRoots,ChangeRoots,≤100
151894654697,Save Our States,"OKLAHOMA COUNCIL OF PUBLIC AFFAIRS, INC.",≤100
294461628063240,The RightWay: conservative thoughts & family values,The RightWay,≤100
7860876103,Joe Biden,BIDEN FOR PRESIDENT,865
136299005939,Heifer International,HEIFER PROJECT INTERNATIONAL,≤100
102377984581168,A Democrat in the Wilderness,Emmanuel Fourakis,≤100
164513254148611,America's Voice News,Barbara Jean Lawrence,≤100
398789610689050,Mike For Ward 8,Michael Snipes Austin,≤100
102756811269921,Fellow Americans,Fellow Americans,≤100
627951147293090,FatFinger,Fat Finger LLC,≤100
1338822066131069,Women's March,Women's March,≤100
19746387261,Humane Society International,Humane Society International,≤100
107916557529161,Re-Election 45th President,Applelon,≤100
8924408197,National Partnership for Women & Families,National Partnership for Women & Families,≤100
67626834312,National Women's Law Center,National Women's Law Center,≤100
240425642652222,South Florida Wildlands Association,South Florida Wildlands Association,≤100
54787697857,Ron Wyden,WYDEN FOR SENATE,≤100
169731464548,Sesame Street,Sesame Workshop with Facebook Ad Credits,≤100
1621690511405010,Civic Action,Civic Action,≤100
161994493811699,Conservation Lands Foundation,Conservation Lands Foundation,≤100
350316025478383,When We All Vote,When We All Vote,≤100
222811984421691,Cold Bee Gone,Joyce K C None Dales,≤100
215689771967950,Plastic Tides,"Plastic Tides, Inc.",≤100
304435663079126,iAmerica,SERVICE EMPLOYEES INTERNATIONAL UNION,≤100
23516382545,B Corporation,B LAB COMPANY,≤100
134571176638205,One Tree Planted,One Tree Planted,≤100
38235851310,USA for UNHCR,UNITED STATES ASSOCIATION FOR UNHCR,≤100
381423518599637,"Hill and Ponton, P.A.","Hill and Ponton, P.A.",≤100
29776517202,Second Harvest Heartland,SECOND HARVEST HEARTLAND,≤100
973744915977481,Concerted Action,Blue Bulldog Digital inc.,≤100
139599847972,National Nurses United,BE A HERO PAC,≤100
403737406341879,National Women's Health Network,NATIONAL WOMENS HEALTH NETWORK,≤100
174009339411865,SmartNews,"SmartNews International, Inc.",≤100
209516845093,NRDC Action Fund,NRDC Action Fund,≤100
101591551371555,Fire Mitch. Save America.,SAVE AMERICA FUND,≤100
111272787119528,It's Time to Change the Game with Robyn Spencer,Robyn G Spencer,≤100
427084097477881,America's Health Insurance Plans (AHIP),America's Health Insurance Plans,≤100
105618920851539,Peaceful Regions,Jamie Sue Henderson,≤100
107276507409124,Make America Bad Again,"Provoking Thoughts, LLC",≤100
118178241651488,DSPolitical,"DSPolitical, LLC",≤100
97466887664,Innocence Project,"INNOCENCE PROJECT, INC., THE",≤100
165987503528599,Lindsey Graham,"TEAM GRAHAM, INC.",≤100
19554217292,American Heart Association: You're the Cure,American Heart Association,≤100
15041226930,Oxfam,"OXFAM AMERICA, INC.",≤100
58158120046,ACLJ,American Center for Law and Justice,≤100
1271490519602575,Jeff Dove for Congress,JEFF DOVE FOR CONGRESS,≤100
7642602143,Mother Jones,FOUNDATION FOR NATIONAL PROGRESS,≤100
121067011091,Arab American Institute,Arab American Institute Foundation,≤100
354851377936744,BookTV,C-SPAN,≤100
69983322463,Ted Cruz,TED CRUZ FOR SENATE,≤100
44951363957,American Enterprise Institute,American Enterprise Institute,≤100
138141366212571,Gravis Marketing,GRAVIS MARKETING INC.,≤100
170591064699,Southern Poverty Law Center,"SOUTHERN POVERTY LAW CENTER, INC., THE",≤100
101895607980616,Newsday Headlines,PETER-GAY NIKORA LINDO,≤100
225049687661781,Environmental Integrity Project,ENVIRONMENTAL INTEGRITY PROJECT,≤100
129255907131113,NumbersUSA,NUMBERSUSA EDUCATION AND RESEARCH FOUNDATION,≤100
96472420073,Moment Magazine,Moment Magazine,≤100
745910525468062,National Center on Sexual Exploitation,National Center on Sexual Exploitation,≤100
112600915451330,No Labels,No Labels,≤100
286487148036558,NEAVS,NEW ENGLAND ANTI VIVISECTION SOCIETY,≤100
1585761838387907,Unity College Online,Unity College,≤100
108152933883451,TrumpTrendz,Troy Lorenzo Davis,≤100
181183059253295,Dorsal Bracelets,Dorsal Bracelets,≤100
22872837832,Food Lifeline,FOOD LIFELINE,≤100
358113240871900,Nuclear Energy Institute,"NUCLEAR ENERGY INSTITUTE, INC.",≤100
2189265054726827,Liberty Tee Shop,www.libertyteeshop.com,≤100
213998472307,Hoosier Environmental Council,"HOOSIER ENVIRONMENTAL COUNCIL, INC",≤100
45013872425,The Ripon Society,RIPON SOCIETY,≤100
373691923229975,The Sweet Bee Co.,The Sweet Bee Co.,≤100
102206620458674,Leaders Igniting Transformation,"Leaders Igniting Transformation Action Fund, Inc.",≤100
769395966523308,Eddie J. Mauro,MAURO SENATE CAMPAIGN TEAM,≤100
291260461373618,News and News,News and News,≤100
77790954801,Salesian Missions,Salesian Missions,≤100
102757964504021,Greta Thunberg Fan Club,Imran M Jemal,≤100
298999290156239,Customers Bank,These ads ran without a disclaimer,≤100
81372493950,POET,"POET, LLC",≤100
35640742015,Foreign Affairs,These ads ran without a disclaimer,≤100
46428009499,The Jewish Agency for Israel,Shiri  Stern,≤100
243510442756370,Justice Democrats,JUSTICE DEMOCRATS PAC,≤100
344690446467832,The Copper Courier,Courier Newsroom,≤100
1389807071117013,Lynn Afendoulis,Lynn Afendoulis for Congress,≤100
85273022315,NAMI,NAMI,≤100
79047202856,People's World,People's World,≤100
322044193958,Mike Turner for Congress,Citizens for Turner,≤100
196816774298638,Heart Head Hands: Everyday Living for Justice,Amanda Beth Godbee,≤100
408250066356,Bill O'Reilly,"Bill Me, Inc.",≤100
200548226627766,The Progressive Magazine,Norman Joseph Stockwell,≤100
106180747675476,Dan Foley,Last Word Strategies,≤100
879390699066299,BernieFlag2020,MaxCo Products,≤100
169597416843751,Stand Up America,Stand Up America,≤100
374848446414965,Pollking,Benjamin Aaron Perlman,≤100
830121337093232,National Democratic Training Committee,NATIONAL DEMOCRATIC TRAINING COMMITTEE PAC,≤100
2181403648815959,America United,America United Daily,≤100
107305447560084,Just Win 2020,Andrew James Renk,≤100
26689153393,Muslim Public Affairs Council - MPAC,MUSLIM PUBLIC AFFAIRS COUNCIL,≤100
1151226001683046,Luz Collective,Luz Collective,≤100
324388020982326,Fulfill,Fulfill Monmouth & Ocean,≤100
106215047605899,Scott Cornuaud for Hunt County Attorney,Scott Allan Cornuaud,≤100
336470580233523,Pins and Aces Golf Co.,US Craft Brands LLC,≤100
890233131136684,Unconventional Nomad,Madeleine M Matthies,≤100
7292655492,MoveOn,MOVEON.ORG CIVIC ACTION,≤100
322870825821,Macmillan Audio,"HOLTZBRINCK PUBLISHERS, LLC",≤100
1006110349586564,Congressman TJ Cox,Office of Congressman TJ Cox,≤100
86134975779,Coast Guard Foundation,Coast Guard Foundation INC.,≤100
104332121089758,Fitness and Nutrition,Zheng Ling Pan,≤100
168452723312821,Chisholm Chisholm & Kilpatrick LTD,Chisholm Chisholm & Kilpatrick LTD,≤100
1019277421434298,Mike Stickler,Michael Louis Stickler,≤100
96171427550,Raja for Congress,FRIENDS OF RAJA FOR CONGRESS,≤100
9324910069,NRSC,NRSC,≤100
32802178807,Homes For Our Troops,Homes For Our Troops,≤100
92925746942,Judicial Watch,Judicial Watch,≤100
6333396177,NewsBusters.org,MEDIA RESEARCH CENTER,≤100
6355254859,Michael McCaul,Congressman Michael McCaul,≤100
331037760381749,Sierra Magazine,SIERRA CLUB,≤100
102988591071943,Daniel Gade,"GADE FOR VIRGINIA, INC.",≤100
2223151871134889,Trump45Merch,Thomas Charles Granack,≤100
67180895597,National Shrine of St. Jude,The National Shrine of St. Jude,≤100
109678580574253,Politicool Clothing Co.,PolitiCoolClothing.com,≤100
36474716066,Color Of Change,COLOROFCHANGE.ORG,≤100
8914040942,Chesapeake Bay Foundation,"CHESAPEAKE BAY FOUNDATION, INC., THE",≤100
103276597856432,The Trump Collective,Alexander Quinn Urbach,≤100
25852730092,Care2,Care2 Inc,≤100
1003562459729504,Transportation Nation Network,Transportation Nation Network,≤100
73016054191,Regional Food Bank of Oklahoma,"REGIONAL FOOD BANK OF OKLAHOMA, INC.",≤100
108884874000798,OneFemme,These ads ran without a disclaimer,≤100
1203003053119398,Pallet Shelter,Pallet SPC,≤100
194377127954,Ladders,These ads ran without a disclaimer,≤100
19342050934,Leadership Institute,LEADERSHIP INSTITUTE INC,≤100
13187955196,Young Americans for Liberty,Young Americans for Liberty,≤100
149034417891,ettitude,Ettitude,≤100
110280253735683,Alexandria Ocasio-Cortez Fan Club,Imran M Jemal,≤100
23875187730,Feeding America,Feeding America,≤100
111585603642437,Angelito Tenorio for West Allis,Tenorio for West Allis,≤100
12301006942,Democratic Party,DNC SERVICES CORP./DEM. NAT'L COMMITTEE,≤100
127755494595870,Progressive Takeover,PROGRESSIVE TAKEOVER,≤100
781510041970720,Hippo Sak,Hippo Sak,≤100
30540098788,National Psoriasis Foundation,National Psoriasis Foundation,≤100
16477459734,League of Conservation Voters,"LEAGUE OF CONSERVATION VOTERS, INC",≤100
19192438096,AAAS - The American Association for the Advancement of Science,American Association for the Advancement of Science,≤100
391972797494262,News Travels Fast,Jose Raul Lima,≤100
163302087408673,Stop The Donald,Stop the Donald,≤100
730523726972795,Ponytail Mafia,Danna Lucia Siciliano,≤100
386305465057247,Liberty Nation,Liberty Nation,≤100
8501031021,VoteVets.org,VOTEVETS,≤100
24834672986,Hip Hop Caucus,Hip Hop Caucus,≤100
163148530407080,Captain Mark Kelly,MARK KELLY FOR SENATE,≤100
115761269812805,Jeff Hinkle,Jeff Hinkle Campaign,≤100
100669208248416,Casey Askar for Congress,CASEY ASKAR FOR CONGRESS,≤100
204243816263754,Rev Yearwood,Hip Hop Caucus,≤100
278434943062355,WellBeing International,Kathleen Zuroski Rowan,≤100
115403471809909,Plastic Oceans,PLASTIC OCEANS INTERNATIONAL,≤100
143986912311328,University of Vermont Continuing and Distance Education,University of Vermont,≤100
121750354532995,Yale Program on Climate Change Communication,Yale Program on Climate Change Communication,≤100
10150100007820094,Wendy Davis,WENDY DAVIS FOR CONGRESS,≤100
32975139631,If Americans Knew,If Americans Knew,≤100
754520748264044,Wood by Stu,Stu Designs LLC,≤100
203677106322266,Hunnid,Hunnid,≤100
735450726543930,Clergy for a New Drug Policy,Clergy for a New Drug Policy,≤100
183113263420,Loyal Source,LOYAL SOURCE GOVERNMENT SERVICES LLC,≤100
105698674239617,Embed News,Embed News,≤100
1721467687891795,Partnership for Conservation,Partnership for Conservation,≤100
153080620724,Donald J. Trump,"DONALD J. TRUMP FOR PRESIDENT, INC.",≤100
662962894077729,The Well News,The Well News,≤100
1719463118318375,Bees In The D,BEES IN THE D,≤100
1800072483402009,African Community & Conservation Foundation,African Community & Conservation Foundation,≤100
1658135304460341,MANG,MANG,≤100
16534314739,Facing History and Ourselves,"FACING HISTORY AND OURSELVES NATIONAL FOUNDATION, INC.",≤100
246323280108,American Medical Association (AMA),American Medical Association,≤100
1392215517462479,Lingua Franca,Lingua Franca NYC,≤100
984307011580765,David Crowley,CROWLEY FOR COUNTY EXECUTIVE,≤100
207245375352,SAGE,"SERVICES AND ADVOCACY FOR GLBT ELDERS, INC",≤100
1435071773455316,Daily Wire,The Daily Wire,≤100
100577113613446,Rock Your Bathroom,SK LANG Products,≤100
1580844735465499,Mighty Oaks Warrior Programs,Mighty Oaks Foundation,≤100
801419943264962,BLM Wild,BLM Wild,≤100
101905444686951,The FoodCycler,These ads ran without a disclaimer,≤100
8057376739,The Nature Conservancy,Nature Conservancy,≤100
169294473121454,Policetees.com,PoliceTees.com,≤100
193618220508,LIFE Today,LIFE Outreach International,≤100
130945114804,World Jewish Congress,WORLD JEWISH CONGRESS AMERICAN SECTION INC,≤100
18780321251,American Chemistry,"AMERICAN CHEMISTRY COUNCIL, INC.",≤100
100585318107139,"Mark Alan Harrison for Constable, Harris County Precinct 5",The Mark Alan Harrison Campaign,≤100
1014291495249813,Politicon,Politicon,≤100
175149559508478,TreeDiaper,Zynnovation LLC,≤100
176789922364429,Steve Daines,STEVE DAINES FOR MONTANA,≤100
2352630938293825,Mytacticalpromos,Entremax,≤100
110177119192569,Knightscope,William Li,≤100
56780242206,Agros International,Sierra Hana Golden,≤100
1010143499143169,Medicare Savings,"Mayo Labs, LLC",≤100
117362515005706,The Bowery Mission,The Bowery Mission,≤100
11006419356,The Voice of the Martyrs - USA,"VOICE OF THE MARTYRS, INC., THE",≤100
1842341652707472,Legit Politic,Legit Politic,≤100
108223613871921,Re-Elect Trump 2020,Beyond Patriots LLC,≤100
95356211637,Ben Ferguson,Ben Ferguson show,≤100
112287913481898,Cindy Banyai for Florida Congressional District 19,FRIENDS OF CINDY BANYAI,≤100
537299709721112,Advantage Gold,Advantage Gold Group,≤100
53453003949,Hope Ministries,HOPE MINISTRIES,≤100
105756057589080,The Lincoln Project,The Lincoln Project,≤100
122074182522878,Keep America Great 20,AMER AHMAD ABDEL-AZIZ,≤100
203805062990264,Ben Shapiro,The Daily Wire,≤100
278487153675,Redneck Nation Clothing,Tracie Milliron Gold,≤100
176466646087311,DC Fawcett,Donald Chappell Fawcett,≤100
109175084014970,Trump Style,Tyrone None Byers,≤100
123635384326141,National Council of Jewish Women (NCJW),NATIONAL COUNCIL OF JEWISH WOMEN INC,≤100
78120879969,ACLU of Florida,ACLU of Florida,≤100
333710103706307,Giffords,GIFFORDS PAC,≤100
314463908651,After Fifty Living,Joanne Sullivan Lema,≤100
2109637279297531,The Bad Seed,Adam Kidron,≤100
105561217523274,The_Dispatch,"Dispatch Media, Inc.",≤100
244286338925347,Republican Party of Duval County,Republican Party of Duval County,≤100
108176010748061,100 Insure,Robert Bradley Graham,≤100
154042404618678,Nutty Steph's,Rabble-Rouser Chocolate & Craft Co.,≤100
6041057841,The Humane Society of the United States,"HUMANE SOCIETY OF THE UNITED STATES, THE",≤100
15239367801,The Wilderness Society,"WILDERNESS SOCIETY, THE",≤100
599037717094428,Lil Guillotine,Liam Robert Manjon,≤100
49651563727,Live Action,Live Action,≤100
120547365195,National LGBTQ Task Force,National LGBTQ Task Force,≤100
1729198467311786,G.A. Matiasz,George Anthony Matiasz,≤100
249215512733,Amer Zahr,Amer George Zahr,≤100
153678684700451,American Investment Council,AMERICAN INVESTMENT COUNCIL,≤100
7292655492,MoveOn,MOVEON.ORG POLITICAL ACTION,≤100
191195674423572,Great Plains Tribal Chairmen's Health Board,GREAT PLAINS TRIBAL CHAIRMEN'S HEALTH BOARD,≤100
1539972792944463,Forge Leadership Network,Forge Leadership Network,≤100
395414573846518,SunFrog Shirts,SunFrog LLC,≤100
37495431484,Bassel & The Supernaturals,Ronnie Bassel Almadani,≤100
178093668911508,"Law Office of Michael D.J. Eisenberg, Attorney and Counselor at Law","Law Office of Michael D.J. Eisenberg, Attorney and Counselor at Law",≤100
1397799040234106,OpinionUP,OpinionUP LLC,≤100
30682191384,U.S. Committee for Refugees and Immigrants (USCRI),Loren Caitlin Schmidt,≤100
108868307182723,Phara for Assembly,Phara for Assembly,≤100
547264982426776,"Raza Siddiqui, Nabet-CWA Local 41 Vice President","Raza Siddiqui, Nabet 41 Vice President",≤100
393932827634250,Dissent Pins,Common Practice,≤100
67178485959,Ploughshares Fund,PLOUGHSHARES FUND,≤100
2070944712939738,American Police Officers Alliance,American Police Officers Alliance,≤100
14673807622,Wisconsin Conservation Voters,Wisconsin Conservation Voters Independent Expenditure Committee,≤100
133666160060982,Senate Majority PAC,SMP,≤100
101439284539574,Janeese Lewis George for Ward 4,The Committee to Elect Janeese Lewis George,≤100
1556932204325823,ProgressPop,ProgressPop,≤100
102336501236330,Alliance for an Affordable DC,The American Beverage Association. Brought to you by the Alliance for an Affordable DC.,≤100
271121199639002,Paulette for Senate 2020,PAULETTE FOR SENATE 2020,≤100
1883837055193241,Shield Republic,Shield Republic,≤100
15188122178,The Hamilton Collection,The Hamilton Collection,≤100
560140464159364,Stand for the 2nd Amendment,SFT2 Tactical Supply,≤100
179513292162226,American History TV,C-SPAN,≤100
101991501452857,Take Care of your Tyres,Evenie Frantzdia Sam,≤100
309308412520731,Sandy Hook Promise,Sandy Hook Promise,≤100
115332546504252,Judge Grendell,Keep Judge Grendell,≤100
420424547981908,In Search of Liberty,Scott Dennis Welch,≤100
294508332028,Lakota People's Law Project,ROMERO INSTITUTE,≤100
218676881551760,CRY America Inc.,"CRY, Child Rights and You America Inc",≤100
112735922758892,Charlie Kirk,Charlie Kirk,≤100
1664959567149320,Wholesome Culture,Wholesome Culture,≤100
151617221654821,Natalie Jean,Natalie Jean,≤100
21134692576,The Sak,These ads ran without a disclaimer,≤100
780606555331010,American Student Loan Advocate,ASLR Marketing,≤100
2036389409806378,Backpage's Role in Prostitution and Trafficking,X Social Media LLC,≤100
1490789224564377,Fisher Scientific,These ads ran without a disclaimer,≤100
21492729544,Catholic Relief Services,CATHOLIC RELIEF SERVICES - UNITED STATES CONFERENCE OF CATHOLIC BISHOPS,≤100
70090474914,American Farmland Trust,"AMERICAN FARMLAND TRUST, INC",≤100
104434087850920,Jody Levchuk for Ocean City 3rd Ward,Jody for Council,≤100
187809941803009,IVYPAC,IVYPAC,≤100
605168822998856,314 Action,314 ACTION FUND,≤100
260366367717440,Committee to Protect Medicare,Committee to Protect Medicare PAC,≤100
5943727453,American Humane,American Humane,≤100
96710501132,Eurasia Group,"EURASIA GROUP, LTD.",≤100
2078647579047586,Project Pulso,Project Pulso,≤100
577214555786847,Lessons from Military History,Hoover Institution,≤100
342294162453301,Planned Parenthood,Planned Parenthood Federation of America,≤100
592707041080920,Stand Together,Stand Together Chamber of Commerce Inc.,≤100
174467403129304,Yoopine,Yoopine Inc.,≤100
785936231584382,Paula Jean Swearengin,Paula Jean for West Virginia,≤100
1951546235101796,Leo Dunson,Leo Louis Dunson,≤100
168367339845613,The Humane League,The Humane League,≤100
8501031021,VoteVets.org,"VoteVets Action Fund, Inc.",≤100
467503009987109,"Healthy Forests, Healthy Communities","Healthy Forests, Healthy Communities",≤100
201470373308396,BMO Harris Bank,BMO Harris Bank,≤100
6204742571,Sierra Club,SIERRA CLUB,≤100
87186661244,Johns Hopkins Bloomberg School of Public Health,Johns Hopkins Bloomberg School of Public Health,≤100
1511412998966651,Altamar with Peter Schechter and Muni Jensen,Altamar LLC,≤100
1387062348242626,ProgressNow Arizona,ProgressNow AZ,≤100
105281310938561,Evelyn For New York,Evelyn For NY,≤100
1284735221676638,BELatina News,BELatina News,≤100
102389457864860,Treehuggers Bracelets,ECOMX LLC,≤100
167586229923327,World Food Program USA,World Food Program USA,≤100
343618292379217,Planned Parenthood of Metropolitan Washington DC - PPMW,Planned Parenthood of Metropolitan Washington DC,≤100
121388362246,Goldman Sachs,Goldman Sachs & Co.,≤100
109267407229927,ZIPO: Zero Interest Principal Only,ZIPO Inc,≤100
111702860231554,Matt Lieberman,Matt Lieberman for Senate,≤100
279846350948,St. Labre Indian School,St. Labre Indian School,≤100
188292320919,Pollen,Julie Rachel Cohen,≤100
348521388580843,Talks On Law,Talks On Law,≤100
25121889784,Texas Public Policy Foundation,Texas Public Policy Foundation,≤100
210277954204,The Young Turks,"The Young Turks, Inc.",≤100
791543660926838,"I'll go ahead and keep my guns, Thanks",2A4LIFE LLC,≤100
366351973736242,Red Rock Secured,Red Rock Secured,≤100
2336022790003836,Patients + Providers United,Patients and Providers United,≤100
1402827079932843,Low Income Relief,The Lighthouse Information Network LLC,≤100
2046280975668889,LeftvsRightIQ.com,LvR Intelligence LLC,≤100
6355071377,American Cancer Society Cancer Action Network - ACS CAN,AMERICAN CANCER SOCIETY CANCER ACTION NETWORK INC,≤100
1800759923583199,Rep. Liz Cheney,Congresswoman Liz Cheney,≤100
1534290989956166,The Philanthropy Roundtable,"PHILANTHROPY ROUNDTABLE, THE",≤100
300774350436838,topplr,Data Genomix,≤100
121731445898409,I Love Great Deals,Roberto None Lugo,≤100
23790541544,Democrats,DCCC,≤100
151686754920712,The West Virginia Record,The Record,≤100
1976887775897254,Toadsilk Apparel,Felix Ah Lufkin,≤100
120393112689694,Super Agents Safety Squad,Denize Moraes Rodriques,≤100
157402764294444,"Union Mission Ministries, Norfolk","UNION MISSION INC, THE",≤100
97830335456,Patagonia,"PATAGONIA, INC.",≤100
96826022393,Yale Environment 360,Yale Environment 360,≤100
1649500268614178,Arizona Democratic Legislative Campaign Committee,"Arizona Democratic Legislative Campaign Committee, a project of the Arizona Democratic Party. Not authorized by any candidate or candidate's committee.",≤100
636093333133893,UCR School of Public Policy,UCR School of Public Policy,≤100
1799282383731277,TwoSeventy,Alexander Jared Deutsch,≤100
101682706561261,"Freedom Watch, Inc.","Freedom Watch, Inc.",≤100
251815848592329,Trumpcomic,Trumpcomic,≤100
275908853303174,Pro-Israel America,"Pro-Israel America, Inc.",≤100
27139120832,Advancing Native Missions,Advancing Native Missions,≤100
111182343682003,Certified CCW,CertifiedCCW.com,≤100
1695950424027488,Andy Hallinan,Andrew Lawrence Hallinan,≤100
47564598184,A Greener World,"GREENER WORLD, A",≤100
207901812670026,theSkimm,"TheSkimm, Inc",≤100
179145905973075,Sophie Ratner Jewelry,Sophie Ratner Jewelry,≤100
79743808136,NAIS -- National Association of Independent Schools,"NATIONAL ASSOCIATION OF INDEPENDENT SCHOOLS, INC.",≤100
53167307346,Communist Party USA,Communist Party USA,≤100
165014546858456,Free To Choose Network,FREE TO CHOOSE,≤100
142957224352,International Medical Corps,International Medical Corps,≤100
107229050703874,Bernie Sanders Fan Club,Imran M Jemal,≤100
102683961366550,A Better Southeast Wisconsin,"A BETTER SOUTHEAST WISCONSIN, INC.",≤100
181815018520,DC Water,Francesca Justine Thompson,≤100
500648454039850,Theofficertatumstore.com,The Officer Tatum LLC,≤100
661744180680367,National Police Association,"NATIONAL POLICE ASSOCIATION, INC.",≤100
182633468499582,Tae Phoenix,Tae Phoenix Entertainment,≤100
25998443394,MedPage Today,"EVERYDAY HEALTH, INC.",≤100
130268756992804,Yale Climate Connections,Yale Climate Connections,≤100
8002590959,Rainforest Action Network,RAINFOREST ACTION NETWORK,≤100
706524116176287,Collective Agency,Collective Agency,≤100
107834404161011,2econd Rights,Oscar Jose Trinidad,≤100
515224855346579,New Politics,New Politics,≤100
136121223083299,Sea Turtle Conservancy,"SEA TURTLE CONSERVANCY, INC.",≤100
1852520761657982,4ocean,4ocean,≤100
139398939438430,Left Action,Left Action LLC,≤100
34362997676,United States Holocaust Memorial Museum,UNITED STATES HOLOCAUST MEMORIAL MUSEUM,≤100
150322194563,PASA Primates: Pan African Sanctuary Alliance,PAN AFRICAN SANCTUARIES ALLIANCE,≤100
116534199732974,USA Carry Online,USA Carry Online,≤100
367292494407,AJC - American Jewish Committee,AMERICAN JEWISH COMMITTEE,≤100
110707597007287,Mike Larsen for Congress,Friends of Mike Larsen,≤100
298827966811602,Trump Recession,Maurice Lane Ponsart,≤100
122671561263552,Committee for Better Banks,"COMMUNICATIONS WORKERS OF AMERICA, AFL-CIO, CLC",≤100
118303441570966,Home Ownership Matters,NATIONAL ASSOCIATION OF REALTORS,≤100
1922774311344189,SacTown Talks,Russell Lowery,≤100
113334930102591,Glystn,Glystn Inc.,≤100
321250352104571,Valerie Plame,VALERIE PLAME FOR CONGRESS,≤100
146001135416997,"Senator Bill Frist, M.D.","Senator Bill Frist, MD",≤100
104754291052435,Libertarian Media Network,Libertarian Media Network,≤100
164660287630560,The Freeing Energy Project,AnEnergyProject LLC,≤100
118776374862740,UAB - The University of Alabama at Birmingham,University of Alabama at Birmingham,≤100
7192716362,Amnesty International USA,Amnesty International USA,≤100
98912141410,American Forests,American Forests,≤100
106469240890813,Military Support,Whats Your Injury Worth,≤100﻿
1262237997166592,Make America Laugh Again,Samy Abdeslem Chouia,≤100
6726182861,Mike Pence,TRUMP MAKE AMERICA GREAT AGAIN COMMITTEE,≤100
135127753212592,National Association of Chain Drug Stores (NACDS),"NATIONAL ASSOCIATION OF CHAIN DRUG STORES, INC.",≤100
102641321233918,Stop Maduro,Humano y Libre,≤100
140357056032320,NEA Today,National Education Association,≤100
44224524016,American Kidney Fund,"AMERICAN KIDNEY FUND, INC.",≤100
175716473032461,MamaP,MamaP,≤100
222164564466305,Civic Life Project - www.civiclifeproject.org,Dominique Lasseur,≤100
105992814375720,3M Lawsuit For Vets,Alejandro Giovann Caracoza,≤100
171516669541491,Bright Hope,BRIGHT HOPE INTERNATIONAL,≤100
95335385742,National Fish and Wildlife Foundation,NATIONAL FISH AND WILDLIFE FOUNDATION,≤100
194798557218627,AARP Wyoming,AARP,≤100
510680265702016,Crowned Free,Crowned Free,≤100
456051981200997,Focus for Health Foundation,Focus Autism Inc.,≤100
397548920857340,PG Census 2020,Maryland-National Capital Park and Planning Commission,≤100
137662367278,League of Women Voters of the U.S.,LEAGUE OF WOMEN VOTERS OF THE UNITED STATES,≤100
1520483958208446,Seeger Weiss LLP,SEEGER WEISS LLP,≤100
143509339045414,Americans for Peace and Tolerance,"AMERICANS FOR PEACE AND TOLERANCE, INC.",≤100
299311920159,AARP Washington,AARP,≤100
170080259702796,Montgomery County Collaboration Council,"MONTGOMERY COUNTY COLLABORATION COUNCIL FOR CHILDREN'S, YOUTH & FAMILIES, INC.",≤100
86711894400,National Write Your Congressman,National Write Your Congressman,≤100
112515043708821,Print Your Tweet,These ads ran without a disclaimer,≤100
210772065612205,AARP Colorado,AARP,≤100
2267405033373814,Doctor Patient Unity,Doctor Patient Unity,≤100
21455818797,Feed the Children,"FEED THE CHILDREN, INC.",≤100
146678415405673,FindLaw for Legal Professionals,FindLaw Legal Professionals,≤100
242679302418244,Denison Forum,Denison Ministries,≤100
150621451650636,Montana Wilderness Association,Montana Wilderness Association,≤100
487569614682924,CAPP USA,Yellow Line Productions LLC,≤100
132492254050920,American AF,AAF Nation,≤100
21898300328,BuzzFeed,U.S. Census Bureau,≤100
17023576156,The Leadership Conference on Civil and Human Rights,The Leadership Conference on Civil and Human Rights,≤100
28126338304,Surfrider Foundation,"SURFRIDER FOUNDATION, INC",≤100
855790991125675,TakeItBack.Org,TAKEITBACK.ORG POLITICAL ACTION,≤100
1668519860031350,Blair Halver,These ads ran without a disclaimer,≤100
468906559794011,LaunchGood,LaunchGood Inc.,≤100
2354481724812667,Spencer for Milwaukee City Attorney,Spencer for Milwaukee,≤100
53214848444,Wisconsin Family Action,WISCONSIN FAMILY ACTION,≤100
396341050418432,WORLD Channel,WGBH WORLD Channel,≤100
296708523873754,Karla Dennis and Associates Inc.,"Karla Dennis & Associates, Inc",≤100
724093807707779,UCLA Law Review,Elizabeth Rose Brown,≤100
2264090133834042,Invite Research,Precision Network,≤100
1764185850558806,Apex Clean Energy,Apex Clean Energy,≤100
1553978148244954,Build With Strength,Build With Strength,≤100
384006901653736,The Moore Charitable Foundation,Moore Charitable Foundation,≤100
2037695643113766,Blexit,Blexit Foundation,≤100
101103254533,SOS International,SOS International,≤100
6334782252,Oceana,OCEANA,≤100
102592959026,Ocean Conservancy,"OCEAN CONSERVANCY, INC.",≤100
433919203362871,Bird + Stone,BIRD & STONE INC,≤100
747436915270894,Congressional Leadership Fund,CONGRESSIONAL LEADERSHIP FUND,≤100
648420025366676,KetoLogic,Joshua Chopak,≤100
262062478079324,Mckayla Wilkes for Congress,MCKAYLA WILKES FOR CONGRESS,≤100
1652003065088144,Wendy2020,Wendy Breeden for Lake County Commission,≤100
720943967965149,AFSCME Retirees,AMERICAN FEDERATION OF STATE COUNTY & MUNICIPAL EMPLOYEES,≤100
675665515802671,Wolven,Wolven,≤100
101568761447230,Compensation Experts USA,Injury Compensation Center,≤100
6787988478,Physicians for Human Rights,"PHYSICIANS FOR HUMAN RIGHTS, INC.",≤100
86649244630,Citizen Action of Wisconsin,"CITIZEN ACTION OF WISCONSIN, INC.",≤100
266114353867,Jeff Weninger,Weninger For AZ House,≤100
100298938781,Robert Wood Johnson Foundation,Robert Wood Johnson Foundation,≤100
41309865723,Democrats.com,DEMOCRATS.COM,≤100
169204449790211,Conservative News Today,"BizPac Review, Inc.",≤100
140241941982,Weekly World News,Gregory Michael Dzzlessandro,≤100
546497545399440,ASEC - African Sisters Education Collaborative,African Sisters Education Collaborative (ASEC),≤100
830890360316751,Nick Hanauer,Civic Action,≤100
311896169406139,Trump 2020 Wear,Trump 2020 Wear,≤100
115286365119,National Pork Board,National Pork Board,≤100
103974389650244,Amenders for Federal Spending Control,Mark Albert Meier,≤100
216705888361546,Elbert Lee Guillory,ELBERT GUILLORY'S AMERICA,≤100
493811210669780,Creative Action Network,Creative Action Network,≤100
1340560252687219,MISSIO Hair,MISSIO HAIR,≤100
10498053716,Media Research Center,MEDIA RESEARCH CENTER,≤100
1627212824167934,Men4Choice,Men4Choice,≤100
108777231824,Manhattan Institute for Policy Research,MANHATTAN INSTITUTE FOR POLICY RESEARCH INC,≤100
123397377677195,"School of International Service, AU","School of International Service, American University",≤100
30914589895,The International Fellowship of Christians and Jews,"INTERNATIONAL FELLOWSHIP OF CHRISTIANS & JEWS, INC.",≤100
197523652707,ATBS,ATBS,≤100
596556607135301,The Earthling Co.,Educated Earthling,≤100
1503295233268493,Lebowski Lovers,The Dude's Designs,≤100
1353948297956614,Let Africa Live,Let Africa Live,≤100
1624907487621555,Rethink My Healthcare,RethinkMyHealthcare Inc,≤100
9316648525,The Chicago School of Professional Psychology,TCS Education System,≤100
169042736456594,All Out,"All Out Action Fund, Inc.",≤100
80080296729,The Greater Boston Food Bank,"GREATER BOSTON FOOD BANK, INC., THE",≤100
1417599265225727,Southwestern Medical Foundation,Collin M Quick,≤100
180024415404279,Pacific Research Institute,Pacific Research Institute,≤100
2188424341404612,Project Ready,Project Ready,≤100
1475056949212605,Charity Mobile,Charity Mobile,≤100
328072970642479,Jaime Harrison,JAIME HARRISON FOR US SENATE,≤100
1079789672084038,SimonBooks,Simon & Schuster,≤100
808450969246896,"Rebecca Walser, Tax Attorney, CFP",Walser Wealth Management,≤100
161879897191723,EarthX,EarthX,≤100
359651584655941,Luisa del Rosal,Luisa Del Rosal Campaign,≤100
399067003454888,Sudan Relief Fund,Sudan Relief Fund Inc,≤100
54310679625,Alliance for Justice,ALLIANCE FOR JUSTICE,≤100
1747132688647028,Democratic Association of Secretaries of State,Democratic Association of Secretaries of State,≤100
953113491536337,Black to the Future Action Fund,Black to the Future Action Fund,≤100
7976226799,The Daily Show,Comedy Central,≤100
440551812676698,Open The Books,American Transparency,≤100
28510612138,Uncommon Knowledge,Hoover Institution,≤100
105025901091483,Republican Party Strong,James R Oddo,≤100
103851564652,Waterkeeper Alliance,WATERKEEPER ALLIANCE INC,≤100
108971449133,Fisher House Foundation,"FISHER HOUSE FOUNDATION, INC.",≤100
129159563777523,Conservancy of Southwest Florida,ST OF FL CONSERVANCY OF S,≤100
267180743723148,National Geographic Society,National Geographic Society,≤100
1072222572917000,Alejandro Hernández - Alcalde 2020,Alejandro Hernández Rivera,≤100
348677952672482,Retire Well,Ford Mcneill Stokes,≤100
166618413413767,Jay Sekulow,American Center for Law and Justice,≤100
6170309302,Dick Durbin,FRIENDS OF DICK DURBIN COMMITTEE,≤100
108524420538011,Hoosiers for Renewables,Hoosiers for Renewables LLC,≤100
383677738397139,Association for Accessible Medicines,Association for Accessible Medicines,≤100
121626482110,Operation Smile,"OPERATION SMILE, INC.",≤100
137459917707,The Brookings Institution,The Brookings Institution,≤100
28394917492,Second Harvest Food Bank of Central Florida,"SECOND HARVEST FOOD BANK OF CENTRAL FLORIDA, INC.",≤100
182193211815005,Issue One,Issue One,≤100
447484109420511,Taylorfor2021,Joycelyn M Taylor,≤100
292351509697,Jerusalem Prayer Team,Jerusalem Prayer Team,≤100
108111910614278,Planet911,Plane 911,≤100
597254887435701,The Mendi Co.,These ads ran without a disclaimer,≤100
593289284500311,Trump Rack,BOXD Marketing,≤100
39432041915,Capital Research Center,CAPITAL RESEARCH CENTER INC,≤100
100256754899828,Patriot's Cave,Patriots Cave,≤100
1950319871930431,Special Gift,These ads ran without a disclaimer,≤100
224143668537493,Better Care America,Better Care America,≤100
971463449533074,Nate McMurray for Congress,NATE MCMURRAY FOR CONGRESS,≤100
104933662932387,CreativeFuture,CreativeFuture,≤100
80562389320,NARAL Pro-Choice America,NARAL Pro-Choice America,≤100
1949440971937523,Maine Voter Info,MAINE DEMOCRATIC PARTY,≤100
109449563939515,Susan for 7th District,Friends of Susan Marie Smith,≤100
282404394803,DC Fiscal Policy Institute,DC Fiscal Policy Institute,≤100
17801244148,Jill Schupp,SCHUPP FOR CONGRESS,≤100
2602473023098666,Democratic Polling Center,Democratic Governors Association,≤100
111350917102742,Medicture,Medicture,≤100
112325855474892,Speak Up For Education and Kids,National Education Association,≤100
127225910653607,PragerU,PragerU,≤100
271631837064,Feeding San Diego,Feeding San Diego,≤100
192015461630968,Supporting Our Brave Veterans,James Brian Plouf,≤100
196731290352711,MDWCOMM,MDW Communications LLC,≤100
458142697588014,AARP Public Policy Institute,AARP,≤100
1290536624348001,Informed Immigrant,FWD.us Education Fund,≤100
17414523278,Democracy Now!,Ishmael Daro,≤100
834645469890446,Devin Nunes,DEVIN NUNES CAMPAIGN COMMITTEE,≤100
393076844046051,Progressive Caucus,CONGRESSIONAL PROGRESSIVE CAUCUS PAC,≤100
7341997111,Conservation International,Conservation International,≤100
107953199261156,ifaw,"INTERNATIONAL FUND FOR ANIMAL WELFARE, INC.",≤100
30168234791,California Health Care Foundation,CALIFORNIA HEALTH CARE FOUNDATION,≤100
347063211984370,Fed of American Hospitals,Federation of American Hospitals,≤100
305832706292882,American Gun Association,GunAssociation.org,≤100
103464236394201,European Union in the United States,Delegation of the European Union to the United States,≤100
39006887293,Victory Enterprises,"Victory Enterprises, Inc.",≤100
103935091195461,Mark Angres for Mayor,Mark B. Angres for Mayor,≤100
155857265265319,Pre-IPO Buzz,Pre-IPO Buzz,≤100
17203056985,Partners In Health,Partners In Health,≤100
101210588150219,Boy Scouts Abuse Claims,X Social Media LLC,≤100
118255521596677,Superior Business Solutions,"SUPERIOR BUSINESS FORMS, INC.",≤100
107589664099282,Stand Up To China,"Stand Up To China, Inc.",≤100
38471053686,Elizabeth Warren,"WARREN DEMOCRATS, INC.",≤100
105536127617594,The American Digest,The American Digest,≤100
1612726335627171,We the Internet TV,We the Internet TV,≤100
204426307048,Check Point Software Technologies,These ads ran without a disclaimer,≤100
2071229469789306,Katica Roy,"Pipeline Equity, Inc.",≤100
181813995726,Avalara,"AVALARA, INC.",≤100
169130743498585,Tactical Pro Supply,Chad Keller,≤100
167818016571872,Ann & Robert H. Lurie Children's Hospital of Chicago,Ann & Robert H. Lurie Children's Hospital of Chicago,≤100
676841686046073,Bring Our Troops Home,Bring Our Troops Home,≤100
27311599342,Preemptive Love,Preemptive Love Coalition,≤100
105023768642,U.S. Chamber Institute for Legal Reform,US Chamber Institute for Legal Reform,≤100
136126341809,American Bird Conservancy,American Bird Conservancy,≤100
109200595768753,The Christian Left,The Christian Left,≤100
296093157932840,The Fulcrum,Issue One,≤100
219224241438635,Compassion & Choices,COMPASSION & CHOICES,≤100
114274475307351,Greg Raths For Congress,GREG RATHS FOR CONGRESS 2020,≤100
752627911745280,Elect Phillip Westry,Citizens for Phillip Westry,≤100
106406727517594,2020 Trump,Christopher Joseph Garner,≤100
152264148166020,Moms Clean Air Force,Moms Clean Air Force,≤100
409786973169158,Tru Earth,These ads ran without a disclaimer,≤100
560720844354559,Minority Humanitarian Foundation,Mark Albert Lane,≤100
183517831660100,Morning Consult,Morning Consult LLC,≤100
101255921350728,Yukong Zhao for Congress,YUKONG ZHAO FOR CONGRESS,≤100
18709174006,National Audubon Society,"NATIONAL AUDUBON SOCIETY, INC.",≤100
657708380952174,Voices of the Civil Rights Movement,Comcast,≤100
55528788113,University of Wisconsin-Madison,University of Wisconsin-Madison,≤100
586751814690068,Joni Ernst,Joni for Iowa,≤100
56129410661,Justice Policy Institute,SARAH RACHEL ROSE-STERN,≤100
211049239087028,Association of Young Americans,Benjamin J Brown,≤100
427302110732180,Mike Cernovich,Michael C Cernovich,≤100
83960796709,Institute for Southern Studies,INSTITUTE FOR SOUTHERN STUDIES INC,≤100
1945237355733646,Giving Brush,Giving Brush LLC,≤100
18982436812,ACLU,American Civil Liberties Union,≤100
564944890224398,Southworth PC - Attorneys For Federal Employees,Southworth PC,≤100
7629206115,The Nation Magazine,"NATION COMPANY, LLC, THE",≤100
780941275347834,Ilhan Omar,ILHAN FOR CONGRESS,≤100
1295279420598401,Victoria Spartz,Victoria Spartz for Congress,≤100
202281636466702,Unseen,Unseen,≤100
37892661587,JDC,JDC,≤100
6514736316,Walden University,These ads ran without a disclaimer,≤100
8145161702,Lambda Legal,"LAMBDA LEGAL DEFENSE & EDUCATION FUND, INC.",≤100
85452072376,Newsmax,Newsmax Media,≤100
474628202569962,Rescue:Freedom International,RESCUE: FREEDOM INTERNATIONAL,≤100
577579002349073,Let's Grow Kids,Let's Grow Kids,≤100
100401327980848,National Parents Union,National Parents Union,≤100
6502038524,First Book,FIRST BOOK,≤100
172758932738142,PhRMA,PHARMACEUTICAL RESEARCH AND MANUFACTURERS OF AMERICA,521
101408458100744,The Medicare Guide,Judea West,≤100
23659574832,Piedmont Environmental Council,The Piedmont Environmental Council,≤100
105732744375701,Steve Bullock,Montanans for Bullock,≤100
179508258738036,American Council of Life Insurers,"AMERICAN COUNCIL OF LIFE INSURERS, INC.",≤100
104316084518762,DeFillippo For NYS 23rd District Senate,Justin M Defillippo,≤100
260075957396036,Campbell Wealth Management,Kelly Peter Campbell,≤100
165551260479306,Lifting Hands International,Lifting Hands International,≤100
126893748252841,American Firearms Coalition,American Firearms Coalition,≤100
102629161400392,Pier-100,These ads ran without a disclaimer,≤100
1600352356914768,PushBlack,PushBlack,≤100
1801237890175919,The Denice Gary Show,Denice Garypandol,≤100
217137015152702,National Sikh Campaign,National Sikh Campaign,≤100
565092390311856,Magnetek Rotation,Mohagani Adamu Magnetek,≤100
2254455051442790,Flag and Cross,Flag & Cross,≤100
108512875350,The Atlas Society,The Atlas Society,≤100
73970658023,International Rescue Committee,International Rescue Committee,140
1754669597959219,Evie,Evie Magazine,≤100
298043743589859,Omaze,Omaze,≤100
68771922854,Essence,Shaelyne Antonia Moodie,≤100
950998258312654,Knowhere,"Knowhere, Inc.",≤100
1529468987331408,BulbHead,TELEBRANDS CORP.,≤100
150441010891,Fellerman & Ciarimboli,Fellerman & Ciarimboli,≤100
137569740231452,Respect The Look,Respect The Look,≤100
135298176481584,Marine Corps Scholarship Foundation,Marine Corps Scholarship Foundation,≤100
421283405262394,Shay Stautz,SHAY STAUTZ FOR CONGRESS,≤100
172630052226,James Felton Keith,JFK ORGANIZERS,≤100
107824227479023,Wisconsin Organizing Together 2020,"A Better Wisconsin Together, Inc.",≤100
67670506458,National Health Council,NATIONAL HEALTH COUNCIL INC,200
1963992303848678,DHVANI,DHVANI,≤100
103376804451432,Trending Politics,Making Web LLC,≤100
713157118860265,Platypus Oregon,Platypus Affiliated Society Oregon,≤100
1690071827911682,Cleancult,cleancult,≤100
2777578242259790,Great Again Gear,Great Again Gear,≤100
148205145252473,Backcountry Hunters & Anglers,Backcountry Hunters & Anglers,≤100
6820348410,Kirsten Gillibrand,Gillibrand for Senate,≤100
384070655018,Connected Investors,These ads ran without a disclaimer,≤100
110553206990630,"Newport News School Board Member- Marvin Harris, ""A Children's Champion"".",Marvin Lee Harris,≤100
110440907192856,Mississippi Census,The Focus Group,≤100
105022894251938,pushing_black,These ads ran without a disclaimer,≤100
109092142462587,Adam Schiff,SCHIFF FOR CONGRESS,≤100
93209809316,The Prosper Group,The Prosper Group,≤100
185696964396,The Nature Conservancy in WA,Nature Conservancy,≤100
1018914308173454,FStop Foundation,"FSTOP FOUNDATION INC, THE",≤100
221416561801,Thomas B. Fordham Institute,Thomas B. Fordham Institute,≤100
842721202508267,Diaz Campaigns,Diaz Campaigns,≤100
212009062197107,Higher Heights for America,Aprill Olivia Turner,≤100
351310239372,Associated Republicans of Texas,Associated Republicans of Texas,≤100
170918006892,G.I. Jobs,Victory Media DBA GI Jobs,≤100
96935476345,Democratic Governors Association (DGA),DEMOCRATIC ACTION,≤100
14440196673,Teamsters,INTERNATIONAL BROTHERHOOD OF TEAMSTERS,≤100
108748565833974,Purpose,Purpose,≤100
645538035569431,FundKite,AKF Inc. dba FundKite,≤100
37630324302,Rational 360,Rational 360,≤100
107857334148826,Virginia Planning District 16 Census Awareness,Gregory Verne Swanson,≤100
216052228433696,Arcus Foundation - Social Justice,ARCUS FOUNDATION,≤100
522459191276087,Prenda,Prenda,≤100
15771560300,Earthjustice,EARTHJUSTICE,≤100
6279167307,Easterseals,Easterseals,≤100
600217573480158,GOPStore.com,Brian James Harlin,≤100
2377166239179411,Nancy Goroff for Congress,Goroff for Congress,≤100
236312179825896,Republican Main Street Partnership,REPUBLICAN MAIN STREET PARTNERSHIP INC,≤100
174095611084,Columban Center for Advocacy and Outreach,Columban Center for Advocacy and Outreach,≤100
109360297266116,Fearless Patriot,TERESA NONE OHARA-MARSH,≤100
210455593021382,Health Care Voices,"Health Care Voices, a project of Social Good Fund",≤100
117507751891,United Poultry Concerns,"UNITED POULTRY CONCERNS, INC",≤100
20876805343,March of Dimes,MARCH OF DIMES INC.,≤100
1864721517082089,Democratic Attorneys General Association,Democratic Attorneys General Association,≤100
110909022379213,Re-Elect Nydia Velázquez To Congress,Committee to Re-Elect Nydia M. Velázquez to Congress,≤100
1440545886225537,Blue Ticket Consulting,Blue Ticket Consulting,≤100
64064370581,North Texas Food Bank,North Texas Food Bank,≤100
134845259917779,Rock 'Em Socks,Rock 'Em Socks,≤100
89336510798,American Friends of the Hebrew University,American Friends of Hebrew University,≤100
147486638599345,Urban Teachers,Urban Teachers,≤100
38882699096,Polaris,POLARIS PROJECT,≤100
115047249866343,Ethan Knight for District Attorney,Ethan Knight for District Attorney,≤100
342887442508723,Convention of States,Convention of States Action,≤100
57259033959,AARP,AARP,≤100
103384664607891,Gilbert Simon MD,Gilbert Simon MD,≤100
202286639832171,Dr. Robert Jeffress,FIRST BAPTIST CHURCH DALLAS,≤100
146817005352784,Wellness.com,"Beachside Media, Inc.",≤100
156392276602,Strong Towns,Strong Towns,≤100
137051766452,Purusha People Clothing,Purusha People,≤100