﻿Page ID,Page Name,Disclaimer,Amount Spent (USD)
328072970642479,Jaime Harrison,JAIME HARRISON FOR US SENATE,22801
153080620724,Donald J. Trump,TRUMP MAKE AMERICA GREAT AGAIN COMMITTEE,3739
1771156219840594,Team Trump,TRUMP MAKE AMERICA GREAT AGAIN COMMITTEE,2335
7860876103,Joe Biden,BIDEN VICTORY FUND,2101
202626512363,U.S. Census Bureau,U.S. Census Bureau,1661
100684538076879,SC Counts 2020,United Way Association of SC with Facebook Ad Credits,1500
165987503528599,Lindsey Graham,"TEAM GRAHAM, INC.",1437
183424985463330,Joe Cunningham,JOE CUNNINGHAM FOR CONGRESS,1281
106627181062791,South Carolina Signal,JAIME HARRISON FOR US SENATE,1105
234621494446654,We Can’t Trust Nancy Mace,DCCC,965
95483488591,Democratic Party of Wisconsin,DEMOCRATIC PARTY OF WISCONSIN,862
108824017345866,Facebook,"Facebook, Inc.",803
156968474833352,Stop Republicans,Stop Republicans,696
628891490457484,Nancy Mace,Nancy Mace for Congress,695
176789922364429,Steve Daines,STEVE DAINES FOR MONTANA,646
120564622830569,South Carolina's Conservative Future,South Carolina's Conservative Future,634
1615018905412860,Progressive Turnout Project,PROGRESSIVE TURNOUT PROJECT,620
6726182861,Mike Pence,TRUMP MAKE AMERICA GREAT AGAIN COMMITTEE,507
123267457850239,SC DHEC,South Carolina Department of Health & Environmental Control,495
1061240530648502,Joe Collins,JOE COLLINS FOR CONGRESS,468
1449461518652183,4Patriots,4Patriots LLC,421
791543660926838,"I'll go ahead and keep my guns, Thanks",2A4LIFE LLC,419
96935476345,Democratic Governors Association (DGA),Democratic Governors Association,366
249455845761285,Lindsey Must Go,LMG PAC,364
747436915270894,Congressional Leadership Fund,CONGRESSIONAL LEADERSHIP FUND,345
108445584282272,Opportunity Matters Fund,Opportunity Matters Fund,345
408250066356,Bill O'Reilly,"Bill Me, Inc.",330
296207827414521,NRCC IE,NRCC,283
127755494595870,Progressive Takeover,PROGRESSIVE TAKEOVER,272
327837911149503,2A4Life,2A4LIFE LLC,267
127225910653607,PragerU,PragerU,264
2352630938293825,Mytacticalpromos,Entremax,243
1883837055193241,Shield Republic,Shield Republic,232
1528980567353817,Love Has No Labels,Love Has No Labels with Facebook Ad Credits,227
51405613519,Focus on the Family,Focus on the Family,227
104919517531062,Vote Yes For Fairness,Vote Yes for Fairness,218
342294162453301,Planned Parenthood,Planned Parenthood Federation of America,213
892673067526965,Project War Path,Project War Path,212
1635441679872518,Kimberly Klacik,Kim Klacik for Congress,210
2292262990997250,American Freedom and Opportunity PAC,AMERICAN FREEDOM AND OPPORTUNITY PAC,206
105756057589080,The Lincoln Project,The Lincoln Project,204
1357098051069442,"Cavanaugh & Thickens, LLC","Cavanaugh & Thickens, LLC",195
100391581727524,Defeat By Tweet,DEFEAT BY TWEET,191
107315591003146,Healthier Lifestyle,Tux,182
589658204411894,Office of South Carolina Treasurer Curtis Loftis,Future Scholar. Administered by State Treasurer Curtis Loftis. Not paid for with state funds.,181
1428127550756141,York County GOP - SC,York County GOP,170
255948434970288,Protecting Our Vote,PROTECTING OUR VOTE PAC,165
355316521236121,John Cornyn,TEXANS FOR SENATOR JOHN CORNYN INC.,158
114710126648118,Republican Dogs,Republican Dogs,158
338028696036,Yahoo News,Verizon Media Inc,155
100137754724934,Trump 2020 Supporters,Proud Right Winger,153
85452072376,Newsmax,Newsmax Media,153
92925746942,Judicial Watch,Judicial Watch,153
159164367581855,Senator Chip Campsen,Campsen for Senate,152
146944270368,Senator Larry Grooms,LARRY GROOMS FOR SENATE,149
168051710543266,Lacy Johnson,Lacy Johnson for Congress,147
934438026690635,YouGov,YOUGOV AMERICA INC.,142
140357056032320,NEA Today,National Education Association,142
1374134752633656,New Health Plans,Shop Insurance Plans,142
129038841261426,Energy Consumers of the Carolinas,Energy Consumers of the Carolinas Inc,141
2267285956849056,Donald Trump 2020 Fans,I Love My Freedom,136
290062517569,Children's Trust of South Carolina,CHILDREN'S TRUST OF SOUTH CAROLINA,135
9324910069,NRSC,NRSC,135
206743952696198,Lower My Bills,"LMB OpCo, LLC",134
328853823844484,Balance of Power,Balance of Power,134
53797383417,The National Urban League,National Urban League with Facebook Ad Credits,132
665345483483486,NRA - National Rifle Association of America,NATIONAL RIFLE ASSN OF AMERICA,131
104856814505092,The Kids Guide,The Kids Guide,129
278490715553293,Martha McSally,MCSALLY FOR SENATE INC,127
636594973368777,South Carolina Local News,These ads ran without a disclaimer,127
259130650776119,Mitch McConnell,MCCONNELL SENATE COMMITTEE,126
1316372698453411,Alexandria Ocasio-Cortez,Alexandria Ocasio-Cortez for Congress,126
24413227922,Kamala Harris,BIDEN VICTORY FUND,122
830121337093232,National Democratic Training Committee,NATIONAL DEMOCRATIC TRAINING COMMITTEE PAC,121
20787991568,Senate Democrats,DSCC,120
96935476345,Democratic Governors Association (DGA),DEMOCRATIC ACTION,119
105577974544303,The USA Needs More Patriots,AmeriPolling,119
107210084216238,Humanity Forward,Humanity Forward,116
102209421597507,Nancy Mace Harms,DCCC,116
314499212242,Pfizer,Pfizer Inc.,113
158020364262665,Dominion Energy,Dominion Energy,110
102661701651,South Carolina Small Business Chamber of Commerce,South Carolina Small Business Chamber of Commerce,110
103009478038936,Blatt for SC Senate,Blatt for SC Senate,107
107589664099282,Stand Up To China,"Stand Up To China, Inc.",101
106323360959211,Patriots Republic,Matthew James Stine,101
109379100777665,Patriotism Isn't Dead,Patriot Polling,≤100
110968130547726,Chris deVries For SC 123,Committee to Elect Chris deVries for SC 123,≤100
1204754733024419,People's Power Grab,ACRONYM,≤100
113668017062690,Citizens For Free Enterprise,Citizens for Free Enterprise,≤100
1456310534453054,Veteran Loans Online,"LMB OpCo, LLC",≤100
598924810530984,Keeping America Great,FamTeeWorld,≤100
103026384819654,How to Vote,ACRONYM,≤100
681745912255844,John Cummings for Congress,CUMMINGS FOR CONGRESS,≤100
1847970595505510,State Senator Dick Harpootlian,Harpootlian for Senate,≤100
105269984593079,The Way I See It,Focus Features,≤100
163148530407080,Captain Mark Kelly,MARK KELLY FOR SENATE,≤100
75529708755,EA SPORTS MADDEN NFL,These ads ran without a disclaimer,≤100
1155212867963791,AFP Action,"AMERICANS FOR PROSPERITY ACTION, INC.(AFP ACTION)",≤100
159964696102,Kevin McCarthy,KEVIN MCCARTHY FOR CONGRESS,≤100
46093654473,National Republican Congressional Committee,NRCC,≤100
103994221232658,Braddock For Mayor,Bryan Braddock for Mayor,≤100
873203482775828,Poor People's Campaign: A National Call for Moral Revival,Poor People's Campaign,≤100
95356211637,Ben Ferguson,Ben Ferguson show,≤100
347978955534783,Solcius,Solcius,≤100
105577974544303,The USA Needs More Patriots,Anthony Alexander Morales,≤100
602714436529710,End Citizens United,END CITIZENS UNITED,≤100
104614641200137,MeidasTouch,MEIDASTOUCH,≤100
560140464159364,Stand for the 2nd Amendment,SFT2 Tactical Supply,≤100
2353537341582545,Proud Patriots,Proud Patriots,≤100
139737082724613,"The Town of Ridgeland, South Carolina",Adams Outdoor Advertising,≤100
101165966152,AFL-CIO,AFL-CIO,≤100
100256754899828,Patriot's Cave,Patriots Cave,≤100
1600352356914768,PushBlack,PushBlack,≤100
428821014132730,Katie Porter,Katie Porter For Congress,≤100
1336293769761923,Jon Ossoff,JON OSSOFF FOR SENATE,≤100
627947847690655,HBO Max,These ads ran without a disclaimer,≤100
203197030603239,8 Billion Trees,8 Billion Trees,≤100
6204742571,Sierra Club,SIERRA CLUB,≤100
305832706292882,American Gun Association,GunAssociation.org,≤100
195530355493,Chicks On The Right,Chicks on the Right,≤100
321424962053199,MetroConnects,Metro Connects,≤100
461204744067686,Family Protection Association,Family Protection Association,≤100
103983379801,Texas Democratic Party,SUPER STATES 2020,≤100
700806360047982,CFG Action,Club for Growth Action,≤100
156991033713,Georgia Republican Party,"GEORGIA REPUBLICAN PARTY, INC.",≤100
101279451606075,Democratic Strategy Institute,Democratic Strategy Institute,≤100
200650357207240,I Love My Freedom,I Love My Freedom,≤100
114009933764548,The Patriot Club,RightWingGear,≤100
675471506247724,Adair for Congress,ADAIR FOR CONGRESS,≤100
679171239164792,Supermajority,"Supermajority PAC, https://supermajority.com/pac/. Not authorized by any candidate or candidate's committee.",≤100
235701154010364,E Pluribus Unum,E Pluribus Unum Fund,≤100
101894128312659,My President,wowengraving,≤100
2330577043935831,Sara Gideon,SARA GIDEON FOR MAINE,≤100
717115395103069,PrintedKicks,Printed Kicks,≤100
106114264313679,Hunt The Vote,"Hunter Nation, Inc",≤100
358665897497015,Mandy Powers Norrell for House District 44,MANDY DEANN POWERS-NORRELL,≤100
618480098621142,Social Security Event,Robert Jared Wilkins,≤100
834645469890446,Devin Nunes,DEVIN NUNES CAMPAIGN COMMITTEE,≤100
226648591441555,Gullah Geechee Chamber of Commerce,Gullah Geechee Chamber of Commerce,≤100
115269849746,South Carolina Democratic Party,DEMOCRATIC PARTY OF SOUTH CAROLINA,≤100
111428049989,Cal Cunningham,CAL FOR NC,≤100
2037695643113766,Blexit,Blexit Foundation,≤100
108109934203874,Insta Shop Boutique,Insta Shop Boutique,≤100
215199482635728,Alek Skarlatos,ALEK FOR OREGON,≤100
537709253344323,The News Break - News Break,These ads ran without a disclaimer,≤100
113843693493716,Moe Brown,MOE BROWN FOR CONGRESS,≤100
33713453361,Amazon Prime Video,Amazon Prime Video,≤100
1109093812491437,Blaze Media,Blaze Media LLC,≤100
175630693036967,South Carolina FYI,Awesome News Network,≤100
109111900634787,Reverend Raphael Warnock,WARNOCK FOR GEORGIA,≤100
223008867858902,American Action News,American Action News,≤100
402488163467483,Charleston FYI,Awesome News Network,≤100
1439829396312534,The Movement for Black Lives,Movement for Black Lives,≤100
2078647579047586,Project Pulso,Pulso,≤100
102671331487937,I Love My Freedom Store,I Love My Freedom,≤100
926650430723985,Really American,REALLY AMERICAN PAC,≤100
118502801658228,Young Kim,Young Kim for Congress,≤100
839110726214614,Realtors,NATIONAL ASSOCIATION OF REALTORS,≤100
7860876103,Joe Biden,BIDEN FOR PRESIDENT,≤100
10150100007820094,Wendy Davis,WENDY DAVIS FOR CONGRESS,≤100
1597457227141457,Scott Talley,Talley for Senate,≤100
100233228182981,Madison Cawthorn for Congress,CAWTHORN FOR NC,≤100
95181800661,Levi's,Levi's®,≤100
213792049451918,Stand For America,Stand For America Inc,≤100
242077219243971,The Presidential Coalition,The Presidential Coalition,≤100
106224464107240,Jo Jorgensen,Jo Jorgensen for President,≤100
103597604713894,Team Trump Store,TRUMP MAKE AMERICA GREAT AGAIN COMMITTEE,≤100
106973694007283,Keep America Great Again,KagaGear.com,≤100
1934191280189700,Health Care Voter,Health Care Voter,≤100
102212541306207,Self-Employed Health Insurance,GROW with MKG LLC,≤100
406456986070332,Matt Gaetz,Friends of Matt Gaetz,≤100
1419388578092947,Anna Paulina Luna,ANNA PAULINA LUNA FOR CONGRESS,≤100
102281264932254,The Southern Strategy,Southern Strategy,≤100
116789219726677,Gary Dennis For Richland County District 8,Gary Dennis Campaign Fund,≤100
113431117113593,Shea Harley for Richland District One School Board - At Large,Shea R Harley,≤100
1013304945470529,My Pride Apparel,My Pride Apparel,≤100
228754857151053,House Majority PAC,House Majority PAC,≤100
102564128179023,Truth to Power,TRUTH TO POWER,≤100
8934429638,Planned Parenthood Action,Planned Parenthood Action Fund,≤100
11653741889,Ad Council,Ad Council with Facebook Ad Credits,≤100
18813753280,Human Rights Campaign,"HUMAN RIGHTS CAMPAIGN, INC",≤100
76625396025,CDC,U.S. Centers for Disease Control and Prevention with Facebook Ad Credits,≤100
114646533630729,Yes. Every Kid.,"yes. every kid, Inc.",≤100
481559282597914,TrumpersUnite,Respect The Look,≤100
266344180585578,Jim Jordan for Congress,JIM JORDAN FOR CONGRESS,≤100
309308412520731,Sandy Hook Promise,Sandy Hook Promise,≤100
7263476274,Mercy Corps,Mercy Corps,≤100
106667854471975,Outspoken,Log Cabin Republicans,≤100
15524934075,Banana Republic,Banana Republic,≤100
219612384781411,Bloomberg Philanthropies,Bloomberg Philanthropies,≤100
114475890010131,Piggy Dollar Financial,Tyler Wayne Hedland,≤100
872842866161157,One Nation Design,One Nation Design,≤100
115209826981358,Families Surviving Catastrophe,Henry George Hansen,≤100
605168822998856,314 Action,314 ACTION FUND,≤100
108118933908193,Next Level Goods,Next Level Goods LLC,≤100
116546288359245,Heritage Action for America,HERITAGE ACTION FOR AMERICA,≤100
110937127360677,SC FYI: Elections,"TEAM GRAHAM, INC.",≤100
103929304678916,Voter Action Project,Integrity First Voter Action Project,≤100
202288719786161,SC Club for Growth,SC Club For Growth,≤100
108557097612242,Vote By Mail PAC,Vote By Mail PAC,≤100
107109947803536,Analyzing America,Gregory Lawrence Burright,≤100
332716170522025,America First Action,America First Action,≤100
101550444811445,Long Sleeve Dresses,beetroot,≤100
113666459994300,Big Dan Rodimer for Congress,RODIMER FOR CONGRESS,≤100
309798029121030,Everytown for Gun Safety,Everytown for Gun Safety Action Fund Inc,≤100
19192438096,AAAS - The American Association for the Advancement of Science,American Association for the Advancement of Science,≤100
167586229923327,World Food Program USA,World Food Program USA,≤100
8325302025,Friends of the Earth U.S.,Friends of the Earth,≤100
223055747744143,Beto O'Rourke,Powered By People,≤100
111393882812494,Amy McGrath,"AMY MCGRATH FOR SENATE, INC.",≤100
643463669628493,Public Opinion Research Group,"Public Opinion Research Group, Inc",≤100
114625730266879,Republican Voters Against Trump,Defending Democracy Together,≤100
106244251043808,Reuse Plastics,"AMERICAN CHEMISTRY COUNCIL, INC.",≤100
530604487365010,Old Glory Flagpole Kits,Service First,≤100
346937065399354,Occupy Democrats,Omar Rivero,≤100
102875587947942,Keep Trump In Office,Keep Trump In Office,≤100
23875187730,Feeding America,Feeding America,≤100
7814597100,Jim Jordan for Congress,JIM JORDAN FOR CONGRESS,≤100
102745147891580,Trump Coolers,Eric Clifford Juels,≤100
1136781033034012,Brave New Look,Brave New Look,≤100
157849841559162,JA Moore For SC District 15,JA Moore for SC,≤100
113725003650771,"Brad Jayne for S.C. House of Representatives, District 114",Brad Jayne for South Carolina,≤100
345378512258813,Elise Stefanik,ELISE FOR CONGRESS,≤100
1610834479233860,Fight For Reform,End Citizens United Non-federal,≤100
420785874975425,Conservative Institute,The Conservative Institute,≤100
2019228981443626,She the People,She The People,≤100
132492254050920,American AF,AAF Nation,≤100
16477459734,League of Conservation Voters,"LEAGUE OF CONSERVATION VOTERS, INC",≤100
236369846383459,Congressional Black Caucus PAC,Congressional Black Caucus PAC,≤100
788394134539871,USPS Business,United States Postal Service,≤100
105084617912738,PatriotQuizzes,patriotquizzes.com,≤100
185650221903810,Ralph Norman for Congress,RALPH NORMAN FOR CONGRESS,≤100
18982436812,ACLU,American Civil Liberties Union,≤100
100274421421778,Mitch4SC118,mitch4sc118,≤100
683872625157265,Theresa Greenfield,THERESA GREENFIELD FOR IOWA,≤100
322551718276442,Lemons Are Blue,Lockwell LLC,≤100
193618220508,LIFE Today,LIFE Outreach International,≤100
49651563727,Live Action,Live Action,≤100
596556607135301,The Earthling Co.,The Earthling Co.,≤100
2309566456030859,Human Coalition Action,Human Coalition Action,≤100
139766499461199,Tom Rice for Congress,TOM RICE FOR CONGRESS,≤100
376776419037747,Turning Point USA,Turning Point USA,≤100
130467958471,Jason Lewis,Jason Lewis for Senate,≤100
205395906412,UAW International Union,"INTERNATIONAL UNION, UNITED AUTOMOBILE, AEROSPACE AND AGRICULTURAL IMPLEMENT WORKERS OF AM",≤100
116238930177726,Artsiful,Brad Aaron Shaw,≤100
5943727453,American Humane,American Humane,≤100
730810230636150,TJ Joye for Sheriff,TJ Joye for Sheriff,≤100
1088950287806118,Climate Hustle 2,CFACT,≤100
110147464027347,Barb Nash for SC House District 124,"Barb Nash For SC House, LLC",≤100
20876805343,March of Dimes,MARCH OF DIMES INC.,≤100
175886458122,People's Action,People's Action,≤100
1713005252363712,Freedom Action Network of South Carolina,Freedom Action Network of South Carolina,≤100
530604487365010,Old Glory Flagpole Kits,Service First Flag Poles,≤100
101127364972509,Dems For USA,Dems For USA,≤100
352527958302,Israel on Campus Coalition,Israel on Campus Coalition,≤100
7292655492,MoveOn,MOVEON.ORG POLITICAL ACTION,≤100
27544763621,Prison Fellowship,Prison Fellowship,≤100
679171239164792,Supermajority,Supermajority,≤100
350784278974539,Turning Point Action,Turning Point Action,≤100
8473889271,National Parks Conservation Association,National Parks Conservation Association,≤100
50614167032,Spectrum News 1 North Carolina,Spectrum News,≤100
21559454473,FAIR,FEDERATION FOR AMERICAN IMMIGRATION REFORM,≤100
5435784683,Greenpeace USA,"GREENPEACE, INC.",≤100
116222966843926,US Concealed,US Concealed,≤100
101769576791,Health Action Network,Health Action Network,≤100
57259033959,AARP,AARP,≤100
104027944769027,Proud Patriot Shop,Georgia Rose Benoit,≤100
45393753416,Alliance Defending Freedom,Alliance Defending Freedom,≤100
58008726389,NC Child: the Voice for North Carolina's Children,NC CHILD,≤100
110393153948638,Financial Help,Common Acquire,≤100
35169196082,Project HOPE,"PROJECT HOPE-THE PEOPLE-TO-PEOPLE HEALTH FOUNDATION, INC.",≤100
373814729643508,Let America Vote,LET AMERICA VOTE PAC,≤100
128191957875317,Cooking With Hope,Soyoung Cho,≤100
1556932204325823,ProgressPop,ProgressPop,≤100
54684090291,Partnership to End Addiction,The National Center on Addiction and Substance Abuse with Facebook ad credits,≤100
1667638686847579,The Collective PAC,COLLECTIVE FUTURE,≤100
107654924064350,Pat Timmons-Goodson,PATRICIA TIMMONS-GOODSON FOR CONGRESS,≤100
102137374563260,Confide in American Pride,John Allen Franson,≤100
6231686654,Compassion International,"COMPASSION INTERNATIONAL, INCORPORATED",≤100
106072877809668,Secure The Ballot,Secure the Ballot,≤100
10128918116,Gavin Newsom,NEWSOM FOR CALIFORNIA GOVERNOR 2022,≤100
105218177982010,Dan Gregory for Charleston County Clerk of Court,Dan Gregory for Charleston County Clerk of Court,≤100
129255907131113,NumbersUSA,NUMBERSUSA EDUCATION AND RESEARCH FOUNDATION,≤100
24173897048,STAND,STAND LLC,≤100
586751814690068,Joni Ernst,Joni for Iowa,≤100
277005566267077,Blueland,Blueland,≤100
126694924050678,Xavier Becerra,Becerra for Attorney General 2022,≤100
493811210669780,Creative Action Network,Creative Action Network,≤100
356482637745012,Stansberry Research,Stansberry Research,≤100
393932827634250,Dissent Pins,Common Practice,≤100
1713983962155278,Pickens County Observer,Pickens County Observer,≤100
380419718638319,Josh Kimbrell for Senate,Josh Kimbrell for Senate,≤100
702582586516561,CBN Israel,"The Christian Broadcasting Network, Inc.",≤100
1530883997194411,United States Constitution,Flag and Cross,≤100
2012750189007245,Liquid Death Mountain Water,Liquid Death,≤100
1836138529938551,Greater Half,Greater Half,≤100
629732217415068,Republican Party,Greater Half,≤100
407664862957433,Ammar Campa-Najjar for Congress,AMMAR CAMPA-NAJJAR FOR CONGRESS,≤100
6236054211,Brady,Brady Campaign to Prevent Gun Violence,≤100
181183059253295,Dorsal Bracelets,Dorsal Bracelets,≤100
123651254408327,Sokolove Law,"Sokolove Law, LLC",≤100
1447994318779650,AirMedCare Network,AIrMedCare Network,≤100
21492729544,Catholic Relief Services,CATHOLIC RELIEF SERVICES - UNITED STATES CONFERENCE OF CATHOLIC BISHOPS,≤100
5720973755,Defenders of Wildlife,DEFENDERS OF WILDLIFE,≤100
166618413413767,Jay Sekulow,American Center for Law and Justice,≤100
100489305029120,South Carolina Human Affairs Commission,South Carolina Human Affairs Commission,≤100
293225127381200,Patriot Depot,The Patriot Depot,≤100
1683659714985244,Phil Ehr,EHR FOR CONGRESS,≤100
104795177963608,Sterling McDiarmid for State House,Sterling McDiarmid for State House,≤100
429812024048177,Doug Jones for Senate,DOUG JONES FOR SENATE COMMITTEE,≤100
303061950155375,John James,"JOHN JAMES FOR SENATE, INC.",≤100
341036202607871,Americans for Prosperity - South Carolina,AMERICANS FOR PROSPERITY,≤100
36474716066,Color Of Change,ColorofChange.org,≤100
112735922758892,Charlie Kirk,Charlie Kirk,≤100
6820348410,Kirsten Gillibrand,Off the Sidelines,≤100
10498053716,Media Research Center,MEDIA RESEARCH CENTER,≤100
1146598965521169,Jody Rowland for Edgefield County Sheriff,Jody Rowland for Sheriff,≤100
1691667177798461,Brut,Brut,≤100
585942765164217,Elect Democratic Women,ELECT DEMOCRATIC WOMEN,≤100
15239367801,The Wilderness Society,"WILDERNESS SOCIETY, THE",≤100
101481584557260,Help Asheville Bears-HAB,Heather Christina Williams,≤100
808450969246896,"Rebecca Walser, Tax Attorney, CFP",Walser Wealth Management,≤100
107315591003146,Healthier Lifestyle,Katie Yazhen Gao,≤100
103909661260841,Daniel Brownstein,Daniel Brownstein for SC-112,≤100
20395377020,Old Navy,Old Navy LLC,≤100
6333396177,NewsBusters.org,MEDIA RESEARCH CENTER,≤100
1708467695859543,Veteran Transition Mission,Sonia Ivelisse Barriera Ayala,≤100
103185334702225,Stop Trump PAC,STOP 45 PAC,≤100
10423517786,Harvard Business Review,HARVARD BUSINESS SCHOOL PUBLISHING CORPORATION,≤100
113553048669158,Rick Scott,TEAM RICK SCOTT,≤100
60449667441,Family Research Council,FAMILY RESEARCH COUNCIL,≤100
129278807814364,Women of Welcome,Welcome.,≤100
1632659996771905,State Rep. Randy Ligon,Randy Ligon for State House,≤100
1799282383731277,TwoSeventy,Alexander Jared Deutsch,≤100
110010433804232,Falkirk Center,Falkirk Center,≤100
354716314909000,Swing Left,Swing Left,≤100
645073936108007,Ashley Wimberly for Dorchester 2 School Board,Ashley Wimberly for School Board,≤100
96171427550,Raja for Congress,FRIENDS OF RAJA FOR CONGRESS,≤100
101591551371555,Fire Mitch. Save America.,SAVE AMERICA FUND,≤100
299448340464709,Something to Think About,Something to Think About,≤100
376638603087168,Save The Earth,8 Billion Trees,≤100
110962313941403,Vote from Home 2020,PEOPLE FOR GOVERNMENT PAC,≤100
419445874878759,Concerned Veterans For America South Carolina,Concerned Veterans for America,≤100
30708742052,FCTRY,FCTRY,≤100
156268994819596,Marc J. Bern & Partners LLP,Marc J. Bern & Partners LLP,≤100
1084856268238034,Trump Talking,Roberto None Lugo,≤100
38235851310,USA for UNHCR,UNITED STATES ASSOCIATION FOR UNHCR,≤100
143729616392084,Van Drew for Congress,Van Drew for Congress,≤100
342887442508723,Convention of States,Convention of States Action,≤100
21375324480,The Heritage Foundation,HERITAGE FOUNDATION (THE),≤100
746938465317981,Nuclear Matters,Nuclear Matters,≤100
109984394118472,Mask Exemption Cards,Mask Exemption Cards,≤100
971668776283950,PolicyEd,Hoover Institution,≤100
431099560800970,Front Page Live,"Front Page Live, Inc.",≤100
442553959494293,Pay Up Climate Polluters,Center for Climate Integrity,≤100
30914589895,The International Fellowship of Christians and Jews,"INTERNATIONAL FELLOWSHIP OF CHRISTIANS & JEWS, INC.",≤100
134452023239984,Human Coalition,Human Coalition,≤100
24330467048,Americans for Prosperity,AMERICANS FOR PROSPERITY,≤100
109060854131067,Stop Dominion,Stop Dominion,≤100
15687409793,World Wildlife Fund,World Wildlife Fund,≤100
102180301437619,2020 American Defense Fund,C3 PAC,≤100
592707041080920,Stand Together,Stand Together Chamber of Commerce Inc.,≤100
108400607228194,LaVerne Jones Gore,LAVERNE GORE FOR CONGRESS,≤100
111954788847971,Charlotte-Mecklenburg Storm Water Services,Charlotte-Mecklenburg Storm Water Services,≤100
7145381235,American Jewish World Service - AJWS,"AMERICAN JEWISH WORLD SERVICE, INC.",≤100
160513344045084,John Neely Kennedy,"John Kennedy for Us, Inc",≤100
13867925345,Equality Florida,Equality Florida,≤100
203805062990264,Ben Shapiro,The Daily Wire,≤100
111888183726681,James Hudson Jr. for Darlington County Sheriff,Joseph Wyatt Kinard,≤100
102439174938829,Liberty Center for God and Country,Liberty Center for God & Country,≤100
124155874263916,Participant Media,Participant Media,≤100
42872222699,Dana Loesch,Dana Loesch Radio,≤100
110018833813683,Flip the Senate,SMP,≤100
199756330090514,Solar United Neighbors,Solar United Neighbors,≤100
8550121410,Free Speech America Project,MEDIA RESEARCH CENTER,≤100
142906855768121,Vote Mark Smith,Mark Smith for State House,≤100
433919203362871,Bird + Stone,BIRD & STONE INC,≤100
1268410219898273,Tango Tango,Tango Tango Inc,≤100
101122708130700,Myrtle Beach Republican News HQ,Cyprus Communication LLC,≤100
64742342517,Hagee Ministries,"GLOBAL EVANGELISM, INC.",≤100
911828698840246,ReLEntless Defender Apparel,ReLEntless Defender Apparel,≤100
105157841248307,No Filter Politics,No Filter Politics,≤100
1553558311617419,People United for Privacy,People United for Privacy,≤100
105433064492153,The Return 2020,The Return International,≤100
405469100189512,Still My President - Donald Trump,Red State Politics LLC,≤100
197760674021143,Indivisible Guide,INDIVISIBLE ACTION,≤100
106784180853249,Jerry Carter for State House,Jerry Carter for State House,≤100
312208869424760,Field Team 6,Cory Cambridge Alpert,≤100
192771954102960,Jordan Sekulow,American Center for Law and Justice,≤100
123963360928,SiriusXM,SIRIUS XM RADIO INC.,≤100
111686347113179,Darryl Griffin for Charleston County District 6,Darryl Ray Griffin for Charleston County Council District 6,≤100
248181906078243,National Institute for Civil Discourse,CommonSense American,≤100
443329669123990,USAFacts,USAFacts Institute,≤100
105732744375701,Steve Bullock,MONTANANS FOR BULLOCK,≤100
6240652407,Young America's Foundation,YOUNG AMERICA'S FOUNDATION INC,≤100
354851377936744,BookTV,C-SPAN,≤100
2225580284361712,Tommy Tuberville,"TUBERVILLE FOR SENATE, INC.",≤100
398757490729,The National Network to End Domestic Violence,"NATIONAL NETWORK TO END DOMESTIC VIOLENCE, INC.",≤100
106026614228458,Vote John Sweeney,John Sweeney for Florence City Council,≤100
350316025478383,When We All Vote,When We All Vote,≤100
102243774906260,David Ames HHI Town Council,David Ames HHI Town Council,≤100
25852730092,Care2,Care2 Inc,≤100
296708523873754,Karla Dennis and Associates Inc.,"Karla Dennis & Associates, Inc",≤100
106663044307859,Mike Sievert,"T-MOBILE USA, INC.",≤100
101369804938510,Elect Republicans,ELECT REPUBLICANS,≤100
592347634460462,Partnership for America's Health Care Future,Partnership for America's Health Care Future,≤100
101643428323000,Elect Rev. Amiri B Hooker For District 8 Florence County,Amiri Bernard Hooker,≤100
34362997676,United States Holocaust Memorial Museum,UNITED STATES HOLOCAUST MEMORIAL MUSEUM,≤100
305643856459460,Burgess Owens,Burgess 4 Utah,≤100
29883711738,Independent Women's Voice,Independent Women's Voice,≤100
737686089933715,Conservative Collections,Mainline Media Group,≤100
107522140633027,Thai Y'all,Thai Y'all,≤100
51379424899,Mercy Ships,MERCY SHIPS INTERNATIONAL,≤100
2256321067930356,Liberteeclub,libertyteeshop,≤100
356902758348432,Josh Dobson for Labor,Josh Dobson for North Carolina,≤100
219247332354785,Phil Arballo for Congress,ARBALLO FOR CONGRESS,≤100
87199812705,Advocates for Youth,ADVOCATES FOR YOUTH INC,≤100
11006419356,The Voice of the Martyrs - USA,"VOICE OF THE MARTYRS, INC., THE",≤100
105536127617594,The American Digest,The American Digest,≤100
979720542211350,Humanize Being Black,Keyshun Quantarious Holmes,≤100
657708380952174,Voices of the Civil Rights Movement,Comcast,≤100
374589109697659,"Lancaster County, SC Democratic Party",Lancaster County SC Democratic Party,≤100
179513292162226,American History TV,C-SPAN,≤100
102617961152741,Barbara Bollier,BOLLIER FOR KANSAS,≤100
210333902420876,Sean Parnell,AMERICANS FOR PARNELL COMMITTEE,≤100
97493741436,John W. Hickenlooper,HICKENLOOPER FOR COLORADO,≤100
100993258368487,James Weaver For DD2,James Weaver for DD2 School Board,≤100
46347342434,EMILY's List,EMILY'S LIST,≤100
537534316395916,Students for Trump,Turning Point Action,≤100
331037760381749,Sierra Magazine,SIERRA CLUB,≤100
19342050934,Leadership Institute,LEADERSHIP INSTITUTE INC,≤100
175797376373,"WaterFurnace Geothermal Heating, Cooling & Hot Water","WATERFURNACE INTERNATIONAL, INC.",≤100
151525932186806,When Democrats Turn Out,WHEN DEMOCRATS TURN OUT PAC,≤100
23790541544,Democrats,DCCC,≤100
108029674299216,We The People,We The People,≤100
514167322309353,Dan Crenshaw,Crenshaw For Congress,≤100
101461559911714,The Posh Pearl Apparel Co.,The Posh Pearl Apparel Co,≤100
117641114435,First Aid Beauty,First Aid Beauty,≤100
216709768355686,Dinesh D'Souza,America2020 Film LLC,≤100
100968128255680,Strong Women,These ads ran without a disclaimer,≤100
11791104453,NRDC,Natural Resources Defense Council,≤100
104504438466,Federal Voting Assistance Program - FVAP,Federal Voting Assistance Program,≤100
100757521655204,Republican Red Wine,REPUBLICAN RED LLC,≤100
419237048158257,Susan Collins,COLLINS FOR SENATOR,≤100
102592959026,Ocean Conservancy,"OCEAN CONSERVANCY, INC.",≤100
227764782729,AMERICAN - STRONG!,American Strong LLC,≤100
114386721939978,The Made in America Store,Made In America Store,≤100
1681120172099567,Libertarian Candidates,Ryan Allen Raymond,≤100
242679302418244,Denison Forum,Denison Ministries,≤100
169687486427698,Jentezen Franklin,FREE CHAPEL WORSHIP CENTER,≤100
102756811269921,Fellow Americans,Fellow Americans,≤100
51761261956,The Bill of Rights Institute,"BILL OF RIGHTS INSTITUTE, THE",≤100
162493793737,Rick Green,Richard Arlin Green,≤100
109092142462587,Adam Schiff,SCHIFF FOR CONGRESS,≤100
21455818797,Feed the Children,"FEED THE CHILDREN, INC.",≤100
115024746010017,MediaWise,MediaWise,≤100
128167457221813,Public Transportation,Voices for Public Transit,≤100
109718777340857,Joe Bustos for State House District 112,Joe Bustos for the House,≤100
1048486145183452,We Testify,We Testify,≤100
228132537208218,Tammy Duckworth,TAMMY FOR ILLINOIS,≤100
233033790583602,Myrtle Beach FYI,Awesome News Network,≤100
111696487319676,Kristen French for School Board,Kristen French for School Board,≤100
209516845093,NRDC Action Fund,NRDC Action Fund,≤100
38471053686,Elizabeth Warren,"WARREN DEMOCRATS, INC.",≤100
103315378108004,True Patriot Strength,LE-HUU DONG HUYNH,≤100
112251693934101,Dog Boys Adverts,Nicholas Taylor Rowe,≤100
104113317870732,Free Markets Destroy,Washington Policy Center,≤100
1025055787535714,A Case for Women,A Case for Women,≤100
267180743723148,National Geographic Society,National Geographic Society,≤100
896759427103774,Modern Medicaid Alliance,Modern Medicaid Alliance,≤100
321088559302,Keep America Beautiful,"KEEP AMERICA BEAUTIFUL, INC.",≤100
894096170667732,Ashley Hinson,Ashley Hinson For Congress,≤100
6713653788,Gary Peters,PETERS FOR MICHIGAN,≤100
18709174006,National Audubon Society,"NATIONAL AUDUBON SOCIETY, INC.",≤100
1393911800825140,OZY,OZY Media Inc,≤100
291102898490822,Giant Maga Hat,Inventors club LLC,≤100
438536186881177,All Clear Foundation,All Clear Foundation,≤100
116808566362551,Boomer Naturals,Boomer Naturals Inc,≤100
27311599342,Preemptive Love,Preemptive Love Coalition,≤100
107953010886875,20Train.com,GEEG LLC,≤100
114998110263136,Alex Brown for Town Council Ward 1,Alex Brown Ward 1 Election Campaign,≤100
473191156175163,EDF Action,Environmental Defense Action Fund,≤100
153678684700451,American Investment Council,AMERICAN INVESTMENT COUNCIL,≤100
112164673854264,Living Patriotically,Living Patriotically,≤100
1648154845427417,Doggy Do Good,Do Something Good LLC,≤100
113627496703350,Sam Skardon for State Senate,Skardon for South Carolina,≤100
143089732792,Marsha Blackburn,Blackburn Tennessee Victory Fund,≤100
55549065733,Voto Latino,VOTO LATINO INC.,≤100
101329438317952,Story Network Action,Story Network Foundation,≤100
467804929927622,Jason Smith,JASON SMITH FOR CONGRESS,≤100
109205663852133,Southern Sustainability,Resource Media,≤100
100119981671668,Blue Senate,BLUE SENATE PAC,≤100
160630887998827,Let Them Live,Let Them Live,≤100
418951294827718,Wren + Glory,WREN + GLORY,≤100
1055873511190792,Hello Resistance,Hello Resistance Apparel,≤100
237477017606,Club for Growth,Club for Growth,≤100
109186244232765,The Liberty Club,Cindy None Dao,≤100
30866133883,Alaska Wilderness League,ALASKA WILDERNESS LEAGUE,≤100
119006106155684,PI Energy,Andrew P Chung,≤100
106098200879391,Brian Adams for SC Senate 44,Brian Adams for Senate,≤100
105995741220700,Patriots United,Le Huu Dong Huynh,≤100
101996354812910,Hastie for Mayor,"Committee to Elect Calvin K. Hastie, Sr. for Mayor",≤100
338758899543225,Alan Wilson,Alan Wilson for Attorney General,≤100
8492293163,Environmental Defense Fund,Environmental Defense Fund,≤100
253791814655400,Doug Collins,"COLLINS FOR SENATE, INC.",≤100
107439427661844,Accountable Tech,Accountable Tech,≤100
1005566252861190,VOTEPROCHOICE,DEMOCRATS.COM,≤100
107204136012647,Mooneyhan's Auto Service,William Stephen Mooneyhan,≤100
115364585711,Lawyers' Committee for Civil Rights Under Law,Lawyers' Committee for Civil Rights Under the Law with Facebook Ad Credits,≤100
419992651425033,Guardianes del Pueblo-Consumer Law Group,Consumer Law Group,≤100
113173667121573,BLM Society,BLM Society,≤100
169277310432049,"Texas Precision Optics, Inc.",Texas Precision Optics Inc,≤100
112783100361044,Jeffrey - Jeff Cila - SC District 66 Candidate,Jeffrey Paul Cila,≤100
120846146252663,One More Thing,Story Network Foundation,≤100
284852861535887,C-SPAN StudentCam,NATIONAL CABLE SATELLITE CORPORATION,≤100
263210730984251,We Are Great Again Pac,WE ARE GREAT AGAIN PAC,≤100
105455840860559,EagleRealm LLC,Eagle Realm,≤100
521924961194913,Bruce Westerman,Westerman for Congress,≤100
108281434237351,UBS Financial Services Inc.,UBS Financial Services,≤100
181385265351965,Mosaic Magazine,Mosaic,≤100
1437139799857705,National Medal of Honor Museum,Medal of Honor Museum Foundation,≤100
17203056985,Partners In Health,Partners In Health,≤100
255208337943901,Jobs Growth,"JOBS FREEDOM AND SECURITY PAC, Not authorized by any candidate or candidate’s committee.",≤100
172758932738142,PhRMA,PHARMACEUTICAL RESEARCH AND MANUFACTURERS OF AMERICA,≤100
104704401202729,"Teresa's Tips, Tricks & Tools for Beauty, Health & Wealth",Teresa Marie Von Riegen,≤100
74697123892,SEIU MN State Council,SEIU MN State Council,≤100
277414242013,Joyce Elliott for Congress,JOYCE ELLIOTT FOR CONGRESS,≤100
135298176481584,Marine Corps Scholarship Foundation,Marine Corps Scholarship Foundation,≤100
2309566456030859,Human Coalition Action,PRO-LIFE TEXANS A HUMAN COALITION ACTION PAC,≤100
1837115116571746,Topic,"First Look Productions, Inc",≤100
620619085055774,Sandy Smith,"SANDY SMITH FOR CONGRESS, INC.",≤100
655065784538368,PredictIt,"PredictIt - Prediction Markets. A project of Victoria University of Wellington, PredictIt has been established to facilitate research into the way markets forecast events.",≤100
336470580233523,Pins and Aces Golf Co.,US Craft Brands LLC,≤100
103644036958,United Association,United Association Political Education Committee,≤100
166623896739812,Citizens United Political Victory Fund,Citizens United Political Victory Fund,≤100
290851614930809,Combat AntiSemitism,Combat Anti-Semitism,≤100
36872302227,Cory Booker,Cory Booker for Senate,≤100
257019421075897,Cory Gardner,Cory Gardner for Senate,≤100
111696473893294,Berkeley County Democratic Party-SC,Berkeley County Democratic Party,≤100
278487153675,Redneck Nation Clothing,Tracie Milliron Gold,≤100
6355071377,American Cancer Society Cancer Action Network - ACS CAN,AMERICAN CANCER SOCIETY CANCER ACTION NETWORK INC,≤100
917858981709061,Hao Wu for SC Senate 6,Hao Wu for SC Senate 6,≤100
123315077689118,Atria Books,Simon and Schuster,≤100
43609808159,Happy Family Organics,Happy Family Organics,≤100
106949844346620,Trumpian Republicans,Gregory Lawrence Burright,≤100
123096815944750,Tim James for Council,David Michael Norris,≤100
593289284500311,Trump Rack,BOXD Marketing,≤100
90498769709,Edenpure,EdenPURE®,≤100
455147011996099,The Ann and Phelim Scoop,The Unreported Story Society,≤100
71383025128,PARIS - Guerrilla Funk Recordings,"Guerrilla Funk Recordings and Filmworks, LLC",≤100
100506848295759,Made to Fail,Made To Fail,≤100
1912943255631432,Renee Hoyos for Congress,HOYOS FOR CONGRESS,≤100
497330681139913,Neal Patterson for LD 55 Seat 3,Walter B Patterson,≤100
184731548554164,PL+US,Plus Fund: Paid Leave for the United States,≤100
1526736227567131,TrueCoverage,True Coverage,≤100
169130743498585,Tactical Pro Supply,Chad Keller,≤100
112254017245488,Citizens for a Better NC Senate,Citizens for a Better NC Senate,≤100
518194348194441,RepresentUs,RepresentUs,≤100
111324359048459,Dr. Roger Marshall,KANSANS FOR MARSHALL,≤100
327202261326682,Stephanie Bice,Bice for Congress,≤100
143986912311328,University of Vermont Continuing and Distance Education,University of Vermont,≤100
384557995468219,Viral Casez,Viral Casez,≤100
130882810308851,"The Law Offices of Jason E. Taylor, PC","The Law Offices of Jason E. Taylor, P.C.",≤100
2212066245574161,Sarah Huckabee Sanders,St. Martin's Press,≤100
112333396969405,Jim Bognet,Bognet for Congress,≤100
1832744013698336,Mahogany Mommies,Mahogany Mommies,≤100
465483726908192,iVote,IVote Civic Education Fund,≤100
35142679763,Alzheimer's Disease Research,"BRIGHTFOCUS FOUNDATION, INC. A/K/A BRIGHTFOCUS FOUNDATION",≤100
74783093812,Just Vision,JUST VISION INC,≤100
141786816970,Cruise Lines International Association - CLIA,Cruise Lines International Association,≤100
12683623041,Society for Human Resource Management (SHRM),SOCIETY FOR HUMAN RESOURCE MANAGEMENT,≤100
131306317680000,Social Goods,"Social Goods, LLC",≤100
496696933682736,Jeff Merkley,JEFF MERKLEY FOR OREGON,≤100
151297638887120,Upswell,Independent Sector,≤100
121067011091,Arab American Institute,Arab American Institute with Facebook Ad Credits,≤100
221401431386940,Pramila Jayapal,PRAMILA FOR CONGRESS,≤100
123965317665623,N-Hance Wood Refinishing,N-Hance Inc.,≤100
58158120046,ACLJ,American Center for Law and Justice,≤100
21395843375,Dialysis Patient Citizens,DIALYSIS PATIENT CITIZENS INC,≤100
623339164538852,National Security Action,Nationalsecurityaction.org,≤100
102623514885346,Vote Your Faith,Christopher Alan Leader,≤100
8057376739,The Nature Conservancy,Nature Conservancy,≤100
219852195252003,Howard for 19,Howard of Hope Campaign Team,≤100
289446947817747,Global Citizen,"GLOBAL POVERTY PROJECT, INC.",≤100
111499100431,National Association for Gun Rights,NATIONAL ASSOCIATION FOR GUN RIGHTS INC,≤100
103342934749025,Mike Childs For SC House,Mike Childs For SC House 68,≤100
111140093672868,Josh Eisen for Congress,Joshua E Eisen,≤100
7962229886,Environmental Working Group,ENVIRONMENTAL WORKING GROUP,≤100
113110137118723,Collectible Currency,Proud Patriots,≤100
1338822066131069,Women's March,Women's March,≤100
638673103424933,Retired Americans PAC,Retired Americans PAC,≤100
101174331629641,Ring The Alarm,RingTheAlarm.US,≤100
367292494407,AJC - American Jewish Committee,AMERICAN JEWISH COMMITTEE,≤100
100252351542253,"Macie P. Smith, EdD - Candidate SC State Univ. Board of Trustees",Dr. Macie P. Smith,≤100
15771560300,Earthjustice,EARTHJUSTICE,≤100
439935119407378,Joe Bowers,Vote Joe Bowers,≤100
124530924015,Hank Gilbert,HANK GILBERT FOR CONGRESS,≤100
357554791340788,Liker,Omar Rivero,≤100
107665644228467,Conservative Journal Review,Conservative Journal Review LLC,≤100
953113491536337,Black to the Future Action Fund,Black to the Future Action Fund,≤100
2004288969637386,Fords Custom Creations,Edward Franklin Ford,≤100
111702860231554,Matt Lieberman,Matt Lieberman for Senate,≤100
142992759853421,Be A Hero,BE A HERO PAC,≤100
79125112926,Students for Life of America,"STUDENTS FOR LIFE OF AMERICA, INC.",≤100
2318731681689030,Southeast Utility Watch,Energy Media,≤100
101599774968168,Vote Merrill,Brian Lee Merrill,≤100
711909245654048,National Police Support Fund,National Police Support Fund,≤100
107977987456962,Jermaine Johnson For House District 80,Jermaine La France Johnson,≤100
17911165812,Covenant House International,Covenant House,≤100
113891694102,Energy Citizens,AMERICAN PETROLEUM INSTITUTE,≤100
110398807456474,Patti Hammel for Georgetown County School Board,Hammel for School Board Committee,≤100
169294473121454,Policetees.com,PoliceTees.com,≤100
105829564471772,Patriots Stand Together,Trizzie Truong,≤100
123624513983,The Western Journal,The Western Journal,≤100
83290028957,Care Net,CARE NET,≤100
210357995667559,The National Memo,The National Memo,≤100
670645553066925,Coastal Financial Planning Group,These ads ran without a disclaimer,≤100
259212814698356,Democratic Majority for Israel,DMFI PAC,≤100
113687177092343,Dr. Douglas Slaughter for District 8,Douglas Slaughter,≤100
100170524856374,Evangelical Resistance,Patrick John Kahnke,≤100
1438808983108348,BOLD PAC,CHC BOLD PAC,≤100
383754825699166,Beloved Benefit,Beloved Benefit,≤100
131513476860958,Bridgewater Candle Company,The Bridgewater Candle Company LLC,≤100
370657382416,Stanley Black & Decker,"STANLEY BLACK & DECKER, INC.",≤100
1917715138510680,Follow Your Legend,Legend Bracelet,≤100
1452551204988299,GoReact,Speakworks Inc,≤100
21834534343,Volunteers of America,"VOLUNTEERS OF AMERICA, INC.",≤100
103131054573692,Crawfordology,Crawfordology,≤100
210277954204,The Young Turks,"The Young Turks, Inc.",≤100
451224838781405,Patriot Baby,Eric Todd Hunter,≤100
19972147679,SEIU,SEIU,≤100
118269091671380,The Home T,THE HOME T,≤100
333081284065216,Brynne Kennedy for Congress,BRYNNE KENNEDY FOR CONGRESS,≤100
234628203317767,Made for Freedom,Made for Freedom,≤100
394817334402124,2020 Trump Bill,Innovative Ecomm LLC,≤100
203197030603239,8 Billion Trees,8 Billion Trees LLC,≤100
128716440866482,Adam Milstein,Adam Milstein,≤100
110439270638992,NE1else,Time Management LLc,≤100
5633824547,FreedomWorks,"FREEDOMWORKS, INC.",≤100
514167322309353,Dan Crenshaw,Dan Crenshaw for Congress,≤100
2046092952294722,Lucy McBath for Congress,FRIENDS OF LUCY MCBATH,≤100
152926718105068,FloWater,FloWater,≤100
101464921262312,Alaina for Congress 2020,Alaina Shearer for Congress,≤100
108797534098691,Keep Gifts Great,Adrian Choi Conger,≤100
7341997111,Conservation International,Conservation International,≤100
325578590837480,Protect Our Care,Sixteen Thirty Fund,≤100
1667892193505378,Hold the House,HOLD THE HOUSE PAC,≤100
284946111858895,Debbie Mucarsel-Powell,DEBBIE FOR CONGRESS,≤100
1428283027462702,Restoration PAC,RESTORATION PAC,≤100
1053833861326820,John Burke,Presidential Playbook,≤100
110849485902,United Way,United Way Worldwide with Facebook Ad Credits,≤100
548407915183371,Liz Cheney,Liz Cheney for Wyoming,≤100
566008736785269,Be Heard Project,Be Heard Project,≤100
100523018383357,National Federation of Christian Businesses - NFCB,National Federation of Christian Businesses Inc,≤100
193628397865385,Chip Roy,CHIP ROY FOR CONGRESS,≤100
379373892662119,Healthcare Advisor Group,Healthcare Advisors Group,≤100
50982313030,Food & Water Watch,Food & Water Watch,≤100
32975139631,If Americans Knew,If Americans Knew,≤100
111173387386506,BBCC: Barbershop and Black Congregation Cooperative,Faith in Minnesota,≤100
108512875350,The Atlas Society,The Atlas Society,≤100
999775873528189,Stopping Socialism,The Heartland Institute,≤100
1228396643984955,Michelle Steel,Michelle Steel for Congress,≤100
152264148166020,Moms Clean Air Force,Moms Clean Air Force,≤100
1658135304460341,MANG,MANG,≤100
288110884600563,Lean In,"Sheryl Sandberg & Dave Goldberg Family Foundation d/b/a LeanIn.Org, LLC",≤100
23180353833,North Carolina Republican Party,North Carolina Republican Party,≤100
176466646087311,DC Fawcett,Donald Chappell Fawcett,≤100
58736997707,Marco Rubio,Marco Rubio for Senate,≤100
108152933883451,TrumpTrendz,Troy Lorenzo Davis,≤100
200224630053159,Ben McAdams,FRIENDS OF BEN MCADAMS,≤100
110061623807565,Kelly Loeffler,Georgians for Kelly,≤100
104571848050470,Mike Doty for Moncks Corner Town Council,Mike Doty for Moncks Corner,≤100
104878167964386,Patriots Together,Marijo L Schlegel,≤100
141692255929599,Democratic Socialists of America,DEMOCRATIC SOCIALISTS OF AMERICA INC,≤100
1690071827911682,Cleancult,cleancult,≤100
836826976517252,International Christian Embassy Jerusalem - USA,"International Christian Embassy Jerusalem - USA, Inc.",≤100
884608308247144,Armadillo Hat Company,Armadillo Hat Company,≤100
477871215985975,DC Business Daily,Franklin Archer,≤100
70874333603,CatholicVote,CatholicVote,≤100
156994304362574,American Bridge 21st Century,AB PAC,≤100
100401327980848,National Parents Union,National Parents Union,≤100
181924628560212,SumOfUs,SumOfUs,≤100
15351475322,Cathy McMorris Rodgers,Cathy McMorris Rodgers for Congress,≤100
271339367152919,David Vela for Los Angeles Community College District Trustee 2020 Seat #3,David Vela for College Board 2020,≤100
215642455673147,Build the Wave,BUILD THE WAVE,≤100
111970730196550,World War Zero,AMERICAN SECURITY PROJECT,≤100
780941275347834,Ilhan Omar,ILHAN FOR CONGRESS,≤100
105698674239617,Embed News,Embed News,≤100
146754548089,CityTeam,CityTeam,≤100
153477451455783,The Optimist Daily,"The Optimist Publications, LLC",≤100
102069874980304,Vote Student,TECH FOR CAMPAIGNS,≤100
262577294462322,Kettle Freaks,Kettle Freaks LLC.,≤100
201956993160690,MRCTV,MEDIA RESEARCH CENTER,≤100
2013803118888358,Vote Jackie Todd,Vote Jackie Todd,≤100
111892670610842,Political AF,wowengraving,≤100
656263988182462,Bill Hagerty,TEAM HAGERTY,≤100
294356100899,SermonCentral,Outreach Media Group,≤100
55708608675,RAND Corporation,"RAND CORPORATION, THE",≤100
1656666204620806,The Wright Stuff Chics,The Wright Stuff Chics,≤100
1653251174924652,Fuzzu,Fuzzu,≤100
200676905671,We Are ALPA,Air Line Pilots Association,≤100
51533142540,Public Advocate of the U.S.,PUBLIC ADVOCATE OF THE US,≤100
1945837408977507,Michael Moates,-MICHAEL STEVEN MOATES,≤100
109698737529541,WomanKindness,WomanKindness,≤100
186805048171120,U.S. & Texas LawShield,Texas LawShield,≤100
456262374764387,Voters Not Politicians,Voters Not Politicians,≤100
160484230634663,National Urban Indian Family Coalition,National Urban Indian family Coalition with Facebook Ad Credits,≤100
80060992758,Center for Food Safety,"CENTER FOR FOOD SAFETY, THE",≤100
374848446414965,Pollking,Benjamin Aaron Perlman,≤100
18813753280,Human Rights Campaign,"HUMAN RIGHTS CAMPAIGN, INC.",≤100
28510612138,Uncommon Knowledge,Hoover Institution,≤100
308159713150350,Voter Protection Project,VOTER PROTECTION PROJECT,≤100
1809715209318581,Marjorie Taylor Greene for Congress,GREENE FOR CONGRESS,≤100
110828620426941,Roger Polack for Congress,ROGER FOR WISCONSIN,≤100
1438882392887793,ADF Church Alliance,Alliance Defending Freedom,≤100
112635170576926,The Daily Patriot,BeetRoot,≤100
102745147891580,Trump Coolers,Trump Coolers,≤100
85337666730,Republican Governors Association (RGA),REPUBLICAN GOVERNORS ASSOCIATION,≤100
420424547981908,In Search of Liberty,Scott Dennis Welch,≤100
101136147910784,Represent Justice,Represent Justice,≤100
56282222521,Houghton Mifflin Harcourt Trade,Houghton Mifflin Harcourt,≤100
19575923823,Farm Sanctuary,"Farm Sanctuary, Inc.",≤100
26006662641,Arizona Democratic Party,Arizona Democratic Party,≤100
158505287559920,Save the Storks,Save the Storks,≤100
163302087408673,Stop The Donald,Stop the Donald,≤100
101164484986617,To Be Frank Show,Real News PR,≤100
1014486318584089,Armed American Supply,Armed American Supply,≤100
104170004713256,Elect Black Democrats,THE COLLECTIVE PAC,≤100
661744180680367,National Police Association,"NATIONAL POLICE ASSOCIATION, INC.",≤100
334748476594191,Rodney Davis,Rodney for Congress,≤100
83865976093,Truthout,TRUTHOUT,≤100
170806736923126,Harmony Turbines,Harmony Turbines Inc,≤100
271956682821104,Laurie Slade Funderburk,Committee to Elect Funderburk,≤100
192015461630968,Supporting Our Brave Veterans,James Brian Plouf,≤100
101633594925689,Darlington County Republican Women,Darlington County Republican Women,≤100
60236215646,LGBTQ Victory Fund,LGBTQ VICTORY FUND,≤100
672213539861652,John Anthony Castro,John Anthony Castro,≤100
69869352985,Freedom Debt Relief,These ads ran without a disclaimer,≤100
2295062210811244,Coalition for American Veterans,COALITION FOR AMERICAN VETERANS POLITICAL ACTION COMMITTEE,≤100
19474609238,Mercatus Center at George Mason University,Mercatus Center at George Mason University,≤100
1632568446971453,Boredwalk,Boredwalk,≤100
103376804451432,Trending Politics,Making Web LLC,≤100
1709145412721991,The Center for Growth and Opportunity at Utah State University,The Center for Growth and Opportunity,≤100
34701792581,EWTN,Eternal Word Television Network,≤100
15041226930,Oxfam,"OXFAM AMERICA, INC.",≤100
115947949854417,Pine Ridge Hope,Andrew Kenyon Davies,≤100
100318944827269,Amy Kennedy,AMY KENNEDY FOR CONGRESS,≤100
109866370700481,PushBlack Finance,PushBlack,≤100
2259323457517498,Abolish the Electoral College,ABOLISH THE ELECTORAL COLLEGE,≤100
100699775058659,Education Now NC,Education Now,≤100
111108070534711,Dr. Bingham for SC Senate,Bingham for SC Senate,≤100
313723095478950,The Daily Citizen,Focus on the Family,≤100
2445977128754556,Georgia Air National Guard Recruiting,Air National Guard,≤100
111678373983031,Shop Jollies,BRAND KNEW,≤100
2656520364418366,Tracy Pelt for Dillon County Sheriff,Marion Tracy Pelt,≤100
282728185140429,Rep For Vets,The Rep For Vets,≤100
109048470739435,Jodie Srutek For County Council,Jodie Srutek,≤100
436865753096340,MRC Latino,MEDIA RESEARCH CENTER,≤100
1505244559517282,Colin Allred,COLIN ALLRED FOR CONGRESS,≤100
165566613453452,ERLC,ETHICS AND RELIGIOUS LIBERTY COMMISSION OF THE SOUTHERN BAPTIST,≤100
104628157828854,Max Dorsey for Sheriff,MAX FOR SHERIFF,≤100
598720023670599,Jennifer Carroll Foy,Jennifer Carroll Foy for Governor,≤100
13187955196,Young Americans for Liberty,Young Americans for Liberty,≤100
6787988478,Physicians for Human Rights,"PHYSICIANS FOR HUMAN RIGHTS, INC.",≤100
24470472733,The Trevor Project,The Trevor Project,≤100
1397456727053085,Georgia Law Enforcement,Georgia Law Enforcement Organization,≤100
59543893235,National Constitution Center,National Constitution Center,≤100
149081336362,AmeriCorps VISTA,Corporation for National and Community Service,≤100
360303722260,Kathleen Williams,KATHLEEN WILLIAMS FOR MONTANA,≤100
1099478666810053,Meals For Pets,Meals for Pets,≤100
100767931575188,LaDon Paige for Lowcountry Livability,LaDon Paige 4 District 6 Charleston County Council,≤100
9739634228,The Political Machine,"Hitcents.com, Inc",≤100
249413945457547,"Matthew Miller, Greenwood City Council Ward 5",Matthew Erwin Miller,≤100
1255514891283096,RGA Right Direction PAC,RGA RIGHT DIRECTION PAC,≤100
2003954429849200,Carrie Kerpen,LIKEABLE MEDIA,≤100
101888608186192,MedicalCommunitynet,Medical Community LLC,≤100
8047221596,Save the Children US,"SAVE THE CHILDREN FEDERATION, INC.",≤100
102846434825096,Beat Abbott,Beat Abbott PAC,≤100
118116893361371,Citizens for a Better NC House,Citizens for a Better NC House,≤100
296106753794181,Black Press USA - NNPA,Norman Rich,≤100
925007000949719,ExxonMobil,Exxon Mobil Corporation,≤100
113702026736466,National Parks Action Fund,National Parks Action Fund,≤100
102659217991609,Vote Samantha Wallace,Samantha S Wallace for County Council,≤100
328633577711956,Alabama Counts,AL Census 2020,≤100
315151565831,Ascension,Ascension Press,≤100
100464871574201,Camelot Meadows Event LLC,Walter Dwayne Burks,≤100
102959799834968,Diane Mitsch Bush for Colorado,DIANE FOR COLORADO CD3,≤100
1000253160054572,Cori Bush,CORI BUSH FOR CONGRESS,≤100
114937555342547,Seth Abramson,Macmillan Publishing,≤100
183675225003458,Fight Colorectal Cancer,Fight Colorectal Cancer,≤100
94047978366,PCCC - BoldProgressives.org,PROGRESSIVE CHANGE CAMPAIGN COMMITTEE,≤100
107016484467410,Americans United,"OFFICEWORKS, LLC",≤100
598575284137858,The Trump I Know,Wolf Rock Pictures,≤100
105882964535390,Cats Against Trump,Cats Against Trump,≤100
1678492922390061,WorkingNation,WorkingNation,≤100
289213691238937,Thrasher Coffee,Thrasher Coffee Co.,≤100
102315041409283,Horses in our Hands,In our Hands Action Fund,≤100
320533948089022,Angie Chen Button for Texas,Angie Chen Button,≤100
28483858161,Texas Scorecard,A PROJECT OF EMPOWER TEXANS INC,≤100
7292655492,MoveOn,MOVEON.ORG CIVIC ACTION,≤100
130268756992804,Yale Climate Connections,Yale Climate Connections,≤100
700941689954518,Defend Our Future,Defend Our Future,≤100
187713745097888,Save the Alamo,Save The Alamo Committee,≤100
931907200310657,Patients Rising Now,Patients Rising Now Inc,≤100
682990071843813,Center for the Study of Liberty,Center for the Study of Liberty,≤100
1425435377743310,Conversations with Bill Kristol,The Foundation for Constitutional Government,≤100
19420215926,CNSNews.com,MEDIA RESEARCH CENTER,≤100
700153177010264,Plant Based Products Council,Plant Based Products Council,≤100
197461723779499,"Vasquez Law Firm, PLLC",William Junior Vasquez,≤100
168452723312821,Chisholm Chisholm & Kilpatrick LTD,Chisholm Chisholm & Kilpatrick LTD,≤100
96491683438,"The Friends of Israel Gospel Ministry, Inc.","FRIENDS OF ISRAEL GOSPEL MINISTRY, INC, THE",≤100
177206292396100,Beth Bernstein for House 78,Beth Bernstein for South Carolina,≤100
109259090549237,Yes on National Popular Vote,Yes on National Popular Vote,≤100
297706507036856,Charles Koch Institute,Charles Koch Institute,≤100
110025777469404,Ridgeline Research LLC,Ridgeline Research LLC,≤100
296295018082,AARP en Español,AARP,≤100
176466646087311,DC Fawcett,VREIC,≤100
245284549333866,ASMDSS,ASMDSS,≤100
201716719965863,Patient Safety Movement,Patient Safety Movement Foundation,≤100
103834811386284,Red Elephant Apparel,DESTROYER PROMOTIONAL PRODUCTS LLC,≤100
8382221278,HeadCount,HEAD COUNT INC,≤100
785936231584382,Paula Jean Swearengin,Paula Jean for West Virginia,≤100
8225139261,New York Republican State Committee,NEW YORK REPUBLICAN STATE COMMITTEE,≤100
109914474151573,COMMUNITYx App,Chloe Cheyenne Rogers,≤100
1397799040234106,OpinionUP,OpinionUP LLC,≤100
672910176482462,Raph Graybill for Attorney General,FRIENDS OF RAPH GRAYBILL,≤100
36634376117,HarperKids Books,HARPERCOLLINS PUBLISHERS LLC,≤100
83960796709,Institute for Southern Studies,INSTITUTE FOR SOUTHERN STUDIES INC,≤100
2085460778154235,WhiteHat Jr,These ads ran without a disclaimer,≤100
6041057841,The Humane Society of the United States,"HUMANE SOCIETY OF THE UNITED STATES, THE",≤100
269479249997,National Shooting Sports Foundation | NSSF,National Shooting Sports Foundation,≤100
130848666099,Business Forward,Business Forward Inc.,≤100
245711905631405,Jeff Jackson,Jeffrey Jackson,≤100
56431624743,Ceres,"Ceres, Inc.",≤100
107937014153581,Energized Health,John Jubilee Transformation LLC DBA Energized Health,≤100
1208669005920585,159 Georgia Together,159 Georgia Together,≤100
108970206976,World Vision USA,WORLD VISION INC.,≤100
1947525322184514,One Fair Wage,One Fair Wage,≤100
212025079529295,New Americans Campaign,New Americans Campaign,≤100
186070498791676,The Dude,The Dude's Designs,≤100
56332452163,AMA Patients Action Network,American Medical Association,≤100
279055918888826,Jaythreesixty,J360 LLC,≤100
105561217523274,The_Dispatch,"Dispatch Media, Inc.",≤100
81372493950,POET,POET,≤100
108650400954148,Stopping Socialism TV,The Heartland Institute,≤100
103373224404755,Impact Slates,COLLECTIVE IMPACT PAC,≤100
106971467777674,Democra-street wear,democrastreet wear,≤100
260713150211,Protect Our Winters,Protect Our Winters,≤100
111892670610842,Political AF,Quyen Sanh Gip,≤100
186932688457686,CHNGE,CHNGE,≤100
105287044367027,ObsessedwithTrump,Donald Lee Rowan,≤100
162695894106234,Co-ops Vote,National Rural Electric Cooperative Association,≤100
53727956260,Republican Jewish Coalition,Republican Jewish Coalition,≤100
166166843531258,National Council of Resistance of Iran - شورای ملی مقاومت ایران,MEK-Iran (Saeid Saadati),≤100
109562380843623,Brantley Wilson For Beaufort City Council,Brantley Allen Wilson,≤100
111718570352005,Yes on Measure A - A Solution for Homelessness,"Yes on Measure A - Homes for San Diegans, Sponsored by a Coalition of Civic Nonprofits and Housing Providers.  Committee major funding from  Affirmed Housing Group Inc  Eden Housing Inc  Metropolitan Area Advisory Committee (MAAC)  Funding details at www.sandiego.gov/donors. ",≤100
14673807622,Wisconsin Conservation Voters,Wisconsin Conservation Voters Independent Expenditure Committee,≤100
429651323843750,Verizon Wireless Workers Rising,"COMMUNICATIONS WORKERS OF AMERICA, AFL-CIO, CLC",≤100
332803374044043,Chris Bubser for Congress,CHRIS BUBSER FOR CONGRESS,≤100
1949440971937523,Maine Voter Info,MAINE DEMOCRATIC PARTY,≤100
6851405967,CREDO Mobile,"CREDO MOBILE, INC.",≤100
112600915451330,No Labels,No Labels,≤100
112388493820536,Patriots United For America,Patriots United For America,≤100
142836829093760,The American Constitutional Rights Union,Jorge Ernesto Amselle,≤100
171651620209487,Brady PAC,Brady Pac,≤100
117513180002579,John Shallman,Target Marketing Digital,≤100
46508415624,Scott Taylor,Scott Taylor for Congress 2020,≤100
96832392186,US Open Tennis Championships,United States Tennis Association (USTA),≤100
2030590757228019,Rev. Mark Creech,Mark Creech,≤100
369325156488153,Ubuntu Life,Ubuntu Life,≤100
2040270322863853,Tina Smith,TINA SMITH FOR MINNESOTA,≤100
1316372698453411,Alexandria Ocasio-Cortez,THE SQUAD VICTORY FUND,≤100
546066468753446,Black Health Matters,BLACK HEALTH MATTERS FOUNDATION INC,≤100
154860200019,Immigrants Rising,Immigrants Rising,≤100
109894877501594,Steve Daines Follows The Money,DSCC,≤100
91346559231,Democratic Legislative Campaign Committee - DLCC,Democratic Legislative Campaign Committee,≤100
249362448960808,Sanderson Farms Corporate,Sanderson Farms Corporate,≤100
1354622541311687,Dr. Kim Schrier,DR KIM SCHRIER FOR CONGRESS,≤100
67626834312,National Women's Law Center,National Women's Law Center,≤100
427947527249273,Let My People VOTE,Soul 2 Soul Sisters,≤100
28144169620,Alliance for Aging Research,Alliance for Aging Research,≤100
319982881752525,Kara Eastman,EASTMAN FOR CONGRESS,≤100
486742462081051,Mike Cooney for Governor,Cooney for Montana,≤100
740835272633567,Scott Milne for Vermont,Scott Milne for Vermont,≤100
101459098271864,Vets United,Jae W Seo,≤100
243947752771440,TJ Cox for Congress,TJ COX FOR CONGRESS,≤100
295644160460352,Donald Trump Jr.,"Premiere Marketing, Inc.",≤100
101724361319410,Ronny Jackson for U.S. Congress TX-13,Texans for Ronny Jackson,≤100
1486604288305133,Happy Earth Apparel,Happy Earth LLC,≤100
782093245218764,Qasim Rashid,RASHID FOR VA,≤100
190094106128575,Vote By Mail 2020,Priorities USA Action and SMP. (202) 455-8428. (202) 871-9255. Not authorized by any candidate or candidate's committee.,≤100
174046949421616,Phenomenal Woman Action Campaign,Phenomenal Woman Action Campaign,≤100
1580652728851833,Jim Justice,Committee to Re-Elect Jim Justice,≤100
2049170775107862,Resistance By Design,Resistance By Design,≤100
9394693002,Bloomberg LP,Bloomberg LP,≤100
549425778407737,Manatee County Supervisor Of Elections,Manatee County Supervisor of Elections,≤100
16534314739,Facing History and Ourselves,"FACING HISTORY AND OURSELVES NATIONAL FOUNDATION, INC.",≤100
322222884530329,Former State Representative Bob Cortes,"Bob Cortes, Republican, for State Representative",≤100
100712904867226,Kevin Thomas For State Senate,NYS Democratic Senate Campaign Committee,≤100
1156676274461345,Mikie Sherrill,MIKIE SHERRILL FOR CONGRESS,≤100
11911627997,Pancreatic Cancer Action Network,"PANCREATIC CANCER ACTION NETWORK, INC.",≤100
107248944146204,Carlos Gimenez for Congress,Carlos Gimenez for Congress,≤100
12185972707,350.org,350.org,≤100
304058913005378,Senior and Disabled Concerns,Senior & Disabled Concerns,≤100
101485404914361,Bad News Wares,Bad News Wares,≤100
106372766264,NYS Democratic Senate Campaign Committee (DSCC),NYS Democratic Senate Campaign Committee,≤100
2146201085498440,Tony Gonzales,Tony Gonzales for Congress,≤100
1628679613829742,Josh Hicks,Josh Hicks for Congress,≤100
34521916336,Brent Bozell,MEDIA RESEARCH CENTER,≤100
1439364926329185,Animal Matters,Animal Matters,≤100
141865858147,Berkeley-Charleston-Dorchester Council of Governments,Berkeley-Charleston-Dorchester Council of Governments,≤100
2133130356918764,Common Justice,COMMON JUSTICE INC,≤100
190358700981079,NC League of Conservation Voters,North Carolina League of Conservation Voters,≤100
18079407397,CPAC 2020,Conservative Political Action Conference,≤100
18017481462,Acton Institute,Acton Institute,≤100
181467702005600,Mark Warner VA,FRIENDS OF MARK WARNER,≤100
1741729849281711,Uber & Lyft Sexual Assault Attorneys,Safer America,≤100
102436701226752,Is It Sunday Yet?,Jarrett J Rogers,≤100
153309775026,SnapStream,SnapStream Media,≤100
104263277893278,Project Glamour,jumpapparel.uk.com,≤100
97466887664,Innocence Project,"INNOCENCE PROJECT, INC., THE",≤100
110798880680061,USA Strong,USA Strong,≤100
111888183726681,James Hudson Jr. for Darlington County Sheriff,Freddie Engelbert,≤100
1344753008968781,Birds Aren't Real,Birds Aren't Real,≤100
868405419972384,The Outrage,The Outrage,≤100
180994485384812,Rep. Chuck Efstration,"Efstration for House, Inc.",≤100
1573514862764092,Speech First,Speech First,≤100
317284821682168,Messianic Jewish Alliance of America (MJAA),Messianic Jewish Alliance of America,≤100
1311291038982513,2A Gear,Teecreations LLC,≤100
103186421483396,OuchMoments,"Ouchmoments, LLC.",≤100
243399129090445,Christina Hale,HOOSIERS FOR HALE,≤100
221890358218748,Til Valhalla Project,Til Valhalla Project,≤100
1634651343331439,Project Wren,Landon Brand,≤100
1443127535947107,Save the Children Action Network,Save the Children Action Network,≤100
202531447982,Jimmy Chin,Protect Our Winters,≤100
660064074075637,Rabbi David-Seth Kirshner,Davidseth M Kirshner,≤100
1345951945549438,The Trump Prophecy,"DIGITAL COAST MEDIA, LLC",≤100
101208514791301,Daniel Turner,Power The Future Inc,≤100
121626482110,Operation Smile,"OPERATION SMILE, INC.",≤100
830890360316751,Nick Hanauer,Civic Action,≤100
181888625087,Greg Abbott,Texans for Greg Abbott,≤100
575076679834665,Elect Kelly Marone District 7 Berkeley County School Board,Mark Anthony Klim,≤100
105872574403318,Project TAMMI,a research grant at The National Center on Addiction and Substance Abuse (CASA),≤100
72565633140,Soles4Souls,"SOLES4SOULS, INC.",≤100
102527004893192,The National Standard,Howard Stephan Barbanel,≤100
1646910705638233,Cleveland County Board of Elections,Kendall Marie Conly,≤100
514649125971110,EDF Action Votes,EDF Action Votes INC,≤100
340393855322,Van Taylor,VAN TAYLOR CAMPAIGN,≤100
341828139690,Heritage Defense,Heritage Defense,≤100
231154884924705,AboutTrump.org - and Biden,A MARK FOUNDATION,≤100
30139072158,CARE,CARE,≤100
100284648021034,New Tolerance Campaign,New Tolerance Campaign,≤100
133294620046953,Mission India,MISSION INDIA INC,≤100
35715544220,Stand.earth,STAND,≤100
103744091462809,The Trump Closet,Kenneth Dione Keith Jr,≤100
102579318191600,No Justice No Peace,NO JUSTICE NO PEACE PAC,≤100
113893130439041,GenFree,Gen Free,≤100
2081864865362439,Mike Espy,MIKE ESPY FOR SENATE CAMPAIGN COMMITTEE,≤100
8321461609,MomsRising.org,MomsRising Together,≤100
166738743732702,All Above All Action,All Above All Action Fund,≤100
72891509830,Climate Reality Action Fund,Climate Reality Action Fund,≤100
5887538795,Education Week,Education Week,≤100
154510321337994,Chris Pappas for Congress,CHRIS PAPPAS FOR CONGRESS,≤100
2332380533514168,Kandiss Taylor,KANDISS TAYLOR FOR U.S. SENATE,≤100
1447829315468579,Protect Colorado,"Protecting Colorado's Environment, Economy, and Energy Independence",≤100
150322194563,PASA Primates: Pan African Sanctuary Alliance,PAN AFRICAN SANCTUARIES ALLIANCE,≤100
2212066245574161,Sarah Huckabee Sanders,"Premiere Marketing, Inc.",≤100
314121315788033,Stand with Parkland,Stand With Parkland,≤100
172350046891,Dr. Dons Buttons,"RATLIFF ENTERPRISES, INC.",≤100
2068988876444634,Stand Up for Accurate Prenatal Answers,STAND UP FOR ACCURATE PRENATAL ANSWERS INC,≤100
103963987985703,Birth Defects Victims,Birth Defects Victims,≤100
102324124578809,Scott Brewer for NC,Brewer for NC,≤100
104097674697487,Jeff Currey,Samantha Taylor,≤100
143981748956175,Rural Assembly,Rural Assembly,≤100
195620754724,Helping Hand USA,HELPING HAND FOR RELIEF AND DEVELOPMENT INC.,≤100
101391906600,Live Action News,Live Action News,≤100
148789241860673,Scuf Gaming,These ads ran without a disclaimer,≤100
109360297266116,Fearless Patriot,TERESA NONE OHARA-MARSH,≤100
987698164585861,Citizen Ed,Citizen Education,≤100
102964924453030,Kristy Gnibus,KRISTY FOR CONGRESS,≤100
1145019702185006,Alliance for Safety and Justice,Alliance for Safety and Justice,≤100
111495640635157,Vote by Mail NC 2020,Lori Cameron Martin,≤100
1747132688647028,Democratic Association of Secretaries of State,Democratic Association of Secretaries of State,≤100
79820371749,Ayanna Pressley,THE COMMITTEE TO ELECT AYANNA PRESSLEY,≤100
44948378512,Destiny Image Publishers,"DESTINY IMAGE, INC.",≤100
28446275521,Military Officers Association of America (MOAA),Military Officers Association of America,≤100
794490553914304,Dr. Nina Ansary,"Revela Press, LLC",≤100
30079936984,CWS,"CHURCH WORLD SERVICE, INC.",≤100
44705166993,Vote.org,Vote.Org,≤100
216705888361546,Elbert Lee Guillory,ELBERT GUILLORY'S AMERICA,≤100
299295363912730,New Politics Leadership Academy,New Politics Leadership Academy,≤100
546497545399440,ASEC - African Sisters Education Collaborative,African Sisters Education Collaborative (ASEC),≤100
2346217618936823,Kendra Horn for Congress,KENDRA HORN FOR CONGRESS,≤100
59473866945,Oregon AFL-CIO,OREGON AFL-CIO,≤100
223315101050132,Waters Kraus & Paul,Waters Kraus & Paul,≤100
810122486032496,Jackie Gordon,JACKIE GORDON FOR CONGRESS,≤100
740266592735787,Free to Be Kids,Free To Be Kids,≤100
106487520883333,Cardinal & Pine,"Courier Newsroom, Inc.",≤100
136116246452638,"Forestdale, Inc.","FORESTDALE, INC.",≤100
131724126872982,"District Council 37, AFSCME","District Council 37, AFSCME",≤100
17475614410,Hispanic Federation,Paid for by Hispanic Federation with Facebook Ad Credits,≤100
329384734362985,Sharon Cooper,Sharon Cooper for State House,≤100
571748412859876,Matt Rosendale,Matt Rosendale for Montana,≤100
123519421070204,Shiloh Israel Children's Fund,SHILOH ISRAEL CHILDRENS FUND INC,≤100
123838185676931,Quinn Nystrom for Congress,Quinn Nystrom for Congress,≤100
119954938436763,Virguez Law,Virguez Law,≤100
100123544800892,Disme Coin Company,Byron Michael Laughlin,≤100
2406972266252679,BloombergLaw,"BUREAU OF NATIONAL AFFAIRS, INC., THE",≤100
128958937175029,Trivia Today,Benjamin Aaron Perlman,≤100
104130589926531,Wisdom Store,Wise Thoughts,≤100
135534674612786,Trending Shop,These ads ran without a disclaimer,≤100
399067003454888,Sudan Relief Fund,Sudan Relief Fund Inc,≤100
105953890782784,The Factual,The Factual,≤100
103571278142168,Joni Ernst Isn’t On Our Side,DSCC,≤100
44667476574,In These Times,INSTITUTE FOR PUBLIC AFFAIRS,≤100
183648865070899,Holocaust Remembrance Association,Holocaust Remembrance Association,≤100
108430860703956,Fascinating Cards,"Fascinating Cards, LLC",≤100
69039563201,Open Doors USA,"OPEN DOORS WITH BROTHER ANDREW, INC.",≤100
54787697857,Ron Wyden,WYDEN FOR SENATE,≤100
151757038879920,Alyse Galvin for Congress 2020,ALYSE FOR ALASKA,≤100
168109446538119,St. Martin's Press,Macmillan Publishing,≤100
114301413446447,Kennebunkport Climate Initiative,Kennebunkport Climate Initiative,≤100
106792764149594,Conservative News Daily,Cory Steven Brown,≤100
54740222845,Houston Style Magazine,Francis Jr Page,≤100
300748678230,Tennessee Department of Economic and Community Development,Tennessee Department of Economic and Community Development,≤100
130848666099,Business Forward,BUSINESS FORWARD,≤100
206052849902620,Intermountain Immigration,"Intermountain Immigration, LLC",≤100
922580991129339,People's Mojahedin Organization of Iran - MEK IRAN,MEK-Iran (Saeid Saadati),≤100
2255535767896743,Mark Robinson for N.C.,Mark Robinson for NC,≤100
138400367267,Right Scan Right Time,NATIONAL ELECTRICAL MANUFACTURERS ASSOCIATION,≤100
101420381658477,Locke & Key PAC,LOCKE & KEY PAC,≤100
1772437266382039,Black Buck Apparel,Black Buck Apparel,≤100
1608904199367883,Rocket Shirts,Shelby David Craig,≤100
100697751658498,Stronger.org,The Public Good Projects,≤100
103493557901081,Ed Tarver,TARVER FOR SENATE,≤100
111597310595312,Enough Already 2020,Enough Already,≤100
111361091313,NICABM,"Theoria Associates for Health Education, Inc.",≤100
182658925089088,FINCA,"FINCA INTERNATIONAL, INC.",≤100
112601825429048,Brooks Brothers,These ads ran without a disclaimer,≤100
219224241438635,Compassion & Choices,COMPASSION & CHOICES,≤100
639945089977837,POLIFLIX,Barrett Edward Goetz,≤100
118178241651488,DSPolitical,"DSPolitical, LLC",≤100
1765073800454902,Reform Austin,Reform Austin Inc.,≤100
100911481267154,"Luke Gromen - FFTT, LLC","FFTT, LLC",≤100
175403889150682,FindLaw.com,FindLaw Consumer,≤100
717417908274761,Lady Freethinker,Lady Freethinker,≤100
1802177709900081,The Spectator US,The Spectator US,≤100
104402611098394,Claudia Sandoval for UCPS Board of Education,Committee to Elect Claudia Sandoval,≤100
79047202856,People's World,People's World,≤100
7209432197,Chris Coons,CHRIS COONS FOR DELAWARE,≤100
1400371370253041,Eagan Immigration,Eagan Immigration,≤100
497081420632330,Dr. Hiral Tipirneni,HIRAL FOR CONGRESS,≤100
104339748032689,Women and Minority Business,Needhelppayingbills.com,≤100
1536587453277219,Dr. Steve Turley,Turley Talks LLC,≤100
70090474914,American Farmland Trust,"AMERICAN FARMLAND TRUST, INC",≤100
106479211113367,Senatevictoryfund,Senate Victory Fund,≤100
102010211314386,Donald Trump 2020 Voters,I Love My Freedom,≤100
458928061510318,Rita Hart for Iowa,RITA HART FOR IOWA,≤100
159597424207730,David Perdue,PERDUE FOR SENATE,≤100
858210161010020,Tom Malinowski for Congress,TOM MALINOWSKI FOR CONGRESS,≤100
101682706561261,"Freedom Watch, Inc.","Freedom Watch, Inc.",≤100
108090217670868,Bloo Kiwi,Bloo Kiwi,≤100
192738164073627,A Better Balance,A BETTER BALANCE,≤100
101575904595636,Tom Haine for State's Attorney,Friends of Tom Haine,≤100
6170309302,Dick Durbin,FRIENDS OF DICK DURBIN COMMITTEE,≤100
103144548151014,Adrian Perkins,Perkins for LA,≤100
115617711783870,Center for Union Facts,CENTER FOR UNION FACTS,≤100
1472549903019349,CCAN Action Fund,Chesapeake Climate Action Network Action Fund,≤100
100729641303493,ICount NM,I Count New Mexico,≤100
124953737437,Middle Collegiate Church,Benjamin Perry Perry,≤100
1437429989675914,Huckabee,"TRINITY BROADCASTING NETWORK, INC.",≤100
104679177804089,45 Changes Lives,PKA Karate Academy Inc,≤100
2017884721848472,Bokeki,Kimbereley Iris Goldstein,≤100
172917999989498,Rod of Iron Ministries,Andrew Lawrence Hallinan,≤100
256043277748645,NetChoice,NETCHOICE,≤100
1899110980328809,Betsy Rader for Ohio,Friends of Betsy Rader,≤100
341240953385902,Force Of Nature Meats,Force of Nature,≤100
103915594780291,David Kuczenski For SWR Council,David Scott Kuczenski,≤100
39432041915,Capital Research Center,CAPITAL RESEARCH CENTER INC,≤100
152315634778510,UsAgainstAlzheimer’s,UsAgainstAlzheimer's,≤100
202600839762879,I Am Pro-Life,Focus on the Family,≤100
104164498028393,"Capitalism, Socialism, and the Promise of Democracy",William Dale Barber,≤100
43853729859,Campaigns & Elections,Political World Communications,≤100
1640970822834351,Plaine Products,Plaine Products,≤100
248468095247223,Rastaclat,Rastaclat,≤100
109996270659617,Stephen Leeb PhD,John Vincent Colascione,≤100
252814820267,HIAS,HIAS,≤100
101525041616176,Power the Polls,Power The Polls,≤100
106883907479649,HUPAC - Health Underwriters Political Action Committee,NATIONAL ASSOCIATION OF HEALTH UNDERWRITERS PAC (HUPAC),≤100
123410814394512,Gun Facts,Gun Facts,≤100
174971709316,Cigna,Cigna,≤100
79212718536,Jim Boyd,Jim Boyd,≤100
276131699084792,YWAM Los Angeles,YWAM Los Angeles,≤100
117592091643709,Tree of Life Ministries｜Evangelism in Israel,Tree of Life Ministries,≤100
125907387426944,Edelson P.C.,Edelson PC,≤100
551158678560402,Epimonia,Epimonia LLC,≤100
106492754442340,Monica Danneman for SC House 26,Monica For SC,≤100
111550550550458,BARK for BIDEN,BARK for BIDEN,≤100
112473780428837,Chasten Buttigieg,Kenneth James Gillett,≤100
102970113093477,Church Militant/St. Michael’s Media,Max Aldcander Douglas,≤100
101587534592176,Brian Patterson for District Attorney,"Committee to Elect Brian Patterson, LLC",≤100
109774654107757,Sauucee,Sauucee,≤100
103097321307266,Conservative Action Alliance of the Carolinas,Conservative Action Alliance of the Carolinas,≤100
434224137354568,Dr. Rich McCormick for Congress,Friends of McCormick,≤100
75353945070,Boxed Water Is Better,Boxed Water Is Better,≤100
89324781720,Pat Toomey,Friends of Pat Toomey,≤100
856208611420219,Christina Finello,FINELLO FOR CONGRESS,≤100
1661882727239827,Mannion for State Senate,NYS Democratic Senate Campaign Committee,≤100
148205145252473,Backcountry Hunters & Anglers,Backcountry Hunters & Anglers,≤100
201248453800242,My Pay My Say,Mackinac Center for Public Policy,≤100
165238836870566,MRC Culture,MEDIA RESEARCH CENTER,≤100
102303104906457,American Patriot Council,AmericanPatriotCouncil,≤100
10897453188,Operation Mobilization - OM USA,"OPERATION MOBILIZATION USA, INC.",≤100
104881317722736,Get-It-Out,Matthew Justin Viles,≤100
168379594070325,3DTrumpVision.com,3DTrumpVision.com,≤100
1002560140133647,Make It Clear Studio,John E Boehm,≤100
110316697328742,People of Seniors Housing,People of Seniors Housing,≤100
40043524983,Constitutional Accountability Center (CAC),Constitutional Accountability Center,≤100
164638537494053,The Pollinator,United Church of Christ Environmental Justice Ministry,≤100
494259170754224,Keeping IDentities Safe,KEEPING IDENTITIES SAFE,≤100
8002590959,Rainforest Action Network,RAINFOREST ACTION NETWORK,≤100
112230466965874,Vote Like a Woman,PEOPLE FOR PEOPLE,≤100
708375056271048,The Christendom Curriculum,The Christendom Curriculum,≤100
107638384248580,Our America,Bryant Wayne Young,≤100
209255512459483,DentaQuest,"DENTAQUEST VENTURES, LLC",≤100
100846774982239,Protect Our Police PAC,Protect Our Police PAC,≤100
180230069923,American Life League,American Life League,≤100
300992409852,Hoover Institution,Hoover Institution,≤100
103903914570915,Pro2a,Delta Team Marketing,≤100
110998592305221,Dr. Martens,Dr. Martens AirWair USA LLC,≤100
292351509697,Jerusalem Prayer Team,Jerusalem Prayer Team,≤100
12128466831,Amazon Watch,"AMAZON WATCH, INC.",≤100
67198072267,Michigan Capitol Confidential,The Mackinac Center for Public Policy,≤100
416172705432038,Bruno Portigliatti,"Bruno Portigliatti, Republican, for State Representative",≤100
182821668513294,(Official) South Carolina Libertarian Party,SOUTH CAROLINA LIBERTARIAN PARTY SCLP,≤100
747783932079184,Jared Golden,COMMITTEE TO ELECT JARED GOLDEN,≤100
51325338207,National Collaborative for Women's History Sites,National Collaborative for Women's History Sites,≤100
103443851470957,Antonio Delgado for Congress,Carlos Antonio Delgado,≤100
102651074597577,Faith Wins,FAITH WINS,≤100
1745236555735695,EverBright Kids,EverBright Kids,≤100
118697061602554,Jason Brodeur,"Jason Brodeur, Republican, for State Senate",≤100
28126338304,Surfrider Foundation,"SURFRIDER FOUNDATION, INC",≤100
170918006892,G.I. Jobs,Victory Media DBA GI Jobs,≤100
155318948159942,Game Changers Media Network,"Game Changers Media Network, LC",≤100
582489491773392,Beth Am Synagogue,Beth Am Synagogue,≤100
279890513018,Islamic Networks Group - ING,"ISLAMIC NETWORKS, INC.",≤100
172783160290727,New Civil Liberties Alliance,NEW CIVIL LIBERTIES ALLIANCE,≤100
60865633726,Love Justice International,TINY HANDS INTERNATIONAL,≤100
202071006601223,The Good Party,THE GOOD PARTY,≤100
615854911830541,Shore Buddies,Shore Buddies,≤100
109088011473,Motorcycle Mechanics Institute,These ads ran without a disclaimer,≤100
143021112391265,Jacobin magazine,Jacobin Foundation,≤100
1295279420598401,Victoria Spartz,VICTORIA SPARTZ FOR CONGRESS,≤100
710669049286394,Woo the People,Khosro David Illulian,≤100
243510442756370,Justice Democrats,JUSTICE DEMOCRATS PAC,≤100
600217573480158,GOPStore.com,GOPStore.com,≤100
111945553601129,Trump2020 Coffee,Trump2020 Coffee,≤100
24481937944,Theodore Roosevelt Conservation Partnership,"THEODORE ROOSEVELT CONSERVATION PARTNERSHIP, INC",≤100
272565456712768,Bloomberg Government,"BUREAU OF NATIONAL AFFAIRS, INC., THE",≤100
519590768083165,Abby Finkenauer for Congress,FINKENAUER FOR CONGRESS,≤100
384676381708957,Education NC,Education NC,≤100
405355946226766,Todd Young,"FRIENDS OF TODD YOUNG, INC.",≤100
102838751546731,"Keith Rouse, Artist",Keith Franklin Rouse,≤100
332172544231683,America's Plastic Makers,"AMERICAN CHEMISTRY COUNCIL, INC.",≤100
10234472029,Council on Foreign Relations,Council on Foreign Relations,≤100
950998258312654,Knowhere,"Knowhere, Inc.",≤100
15503839732,Peter G. Peterson Foundation,Peter G. Peterson Foundation,≤100
14440196673,Teamsters,INTERNATIONAL BROTHERHOOD OF TEAMSTERS,≤100
104416164735971,Tell Sigman To Return The Money,Florida Republican Senatorial Campaign Committee,≤100
531623043662146,Flags of Valor,Flags of Valor,≤100
129478360410877,Leslie Blodgett,Target Marketing Digital,≤100
44211307147,Digital Remedy,Digital Remedy,≤100
126893748252841,American Firearms Coalition,American Firearms Coalition,≤100
107792087574285,Vote Andrew,Andrew John Boche Tjernlund,≤100
114971076538782,The Keystone,"Courier Newsroom, Inc.",≤100
111648480319494,800DEMOCRAT,800DEMOCRAT,≤100
106968690805026,Sima for Texas,SIMA FOR TEXAS,≤100
153700801708517,Randal Cutter,Randal Cutter Campaign,≤100
227653210738154,"Mothers Against Police Brutality, Inc.",MOTHERS AGAINST POLICE BRUTALITY,≤100
232201568659,Pacific Justice Institute,PACIFIC JUSTICE INSTITUTE,≤100
525171637666780,Sandy Piña California Delegate,RCR,≤100
14038292386,Women for Women International,WOMEN FOR WOMEN INTERNATIONAL,≤100
698400060189827,Dan Sullivan,Alaskans for Sullivan,≤100
25121889784,Texas Public Policy Foundation,Texas Public Policy Foundation,≤100
625163578131723,Bravely Facing Tomorrow,Gregory Inwha Park,≤100
55549065733,Voto Latino,Voto Latino with Facebook Ad Credits,≤100
138141366212571,Gravis Marketing,GRAVIS MARKETING INC.,≤100
120085718005638,American Prairie Reserve,American Prairie Reserve,≤100
113335773562471,President Trump For Re-Election,Great American Era,≤100
723136714746586,The Common Ground Project,"The Common Ground Project, Inc",≤100
44951363957,American Enterprise Institute,AMERICAN ENTERPRISE INSTITUTE FOR PUBLIC POLICY RESEARCH,≤100
102668994755950,Proud Places,Proud Places,≤100
128342200512304,Cultural Heritage Partners,CULTURAL HERITAGE PARTNERS PLLC,≤100
1718260095117355,Representative Ben Diamond,Representative Ben Diamond,≤100
106340107763960,Murray For Delaware,Murray For Delaware,≤100
276466976142714,Moguldom,NUBAI VENTURES LLC,≤100
100317328397968,Daniel Hill,HarperCollins Christian Publishing,≤100
147263505307717,Law Enforcement Legal Defense Fund,"LAW ENFORCEMENT LEGAL DEFENSE FUND, THE",≤100
104334288009875,Desert Mountain Coalition,Victor Valley Democratic Club,≤100
82778945149,Terry McAuliffe,Virginians for Common Good,≤100
122150409780,UC San Diego,University of California San Diego,≤100
317667194946264,Ro Khanna,RO FOR CONGRESS INC,≤100
222811984421691,Cold Bee Gone,Joyce K C None Dales,≤100
5457479962,Diabetes Daily,Thrivable,≤100
1274746369267915,Le Lion,Le Lion LLC,≤100
8914040942,Chesapeake Bay Foundation,"CHESAPEAKE BAY FOUNDATION, INC., THE",≤100
305115773870,Adobe,Adobe Inc.,≤100
425303257834064,Tom Basile,TomBasile.com,≤100
149441489063506,West Virginia Senate Republicans,WV Republican Senate Committee,≤100
1800072483402009,African Community & Conservation Foundation,African Community & Conservation Foundation,≤100
7642602143,Mother Jones,FOUNDATION FOR NATIONAL PROGRESS,≤100
237940683269066,Action&Smoak,ACTION AND SMOAK,≤100
113778580780,Maryland Right to Life,Maryland Right to Life,≤100
108090464296366,Republican Patriots,I Love My Freedom,≤100
142606445903522,No Zebras Productions,Suzen D Pettit,≤100
182620315479,Plan International USA,Plan International USA,≤100
100492918060703,RegiStart,RegiStart,≤100
164771506031,Claremont Institute,Nicholas Dylan Short,≤100
44224524016,American Kidney Fund,"AMERICAN KIDNEY FUND, INC.",≤100
41309865723,Democrats.com,DEMOCRATS.COM,≤100
118925286435917,Not Today Patriarchy,These ads ran without a disclaimer,≤100
2246364628908665,Uniting Missouri,Uniting Missouri,≤100
47712360678,Jobs With Justice,Jobs With Justice,≤100
202200909969136,Diane Dixon,Dixon for Assembly 2020,≤100
165440947428068,Mamás Con Poder,MomsRising Together,≤100
156816454336210,PRESI USA,PRESI USA,≤100
329418020548,Cardozo School of Law,Cardozo School of Law,≤100
108906707265489,USA Pooch,"PRESIDENTIAL POOCH, INC",≤100
1668350569891953,Rainbow Movement,William James Ulrich,≤100
260366367717440,Committee to Protect Medicare,Committee to Protect Medicare PAC,≤100
156955444413022,Radical,These ads ran without a disclaimer,≤100
1533695766904443,Trainwreck,Trainwreck,≤100
104012084703106,One People United PAC,One People United,≤100
40973310753,Pathfinder International,Pathfinder International,≤100
120051603113438,Lessons from Leaders with Brian Beckcom,Lessons from Leaders with Brian Beckcom,≤100
7219151423,The Fund for American Studies (TFAS),The Fund for American Studies,≤100
207833736045744,MHAction.org,Kevin R Borden,≤100
487191351404842,National Women's Prayer and Voting Army,National Women's Prayer and Voting Army,≤100
154894841387125,Keep America American,Keep America American,≤100
296914550322200,Jose Javier Rodriguez,Florida Democratic Legislative Campaign Committee,≤100
80562389320,NARAL Pro-Choice America,NARAL Pro-Choice America,≤100
33860907121,FunTimes Magazine,"FUNTIMES MAGAZINE, LLC",≤100
135500133147357,ProEnglish,US INC,≤100
1444005909171684,Greg Rothman,Greg Rothman for PA,≤100
6165653060,AFSCME,AMERICAN FEDERATION OF STATE COUNTY & MUNICIPAL EMPLOYEES,≤100
73970658023,International Rescue Committee,These ads ran without a disclaimer,≤100
402969533432277,Cisneros for Congress,CISNEROS FOR CONGRESS,≤100
38897314734,The Trust for Public Land,"TRUST FOR PUBLIC LAND, THE",≤100
587676831343390,Raheem AI,RAHEEM AI,≤100
412739549455010,Karena Reiter,PrimaDonna Reeds,≤100
609022902623021,Senator Jim Welch,The Committee to Elect James T. Welch,≤100
27544763621,Prison Fellowship,Brandon Anders Larsen,≤100
1483977658578577,Jasmine Beach-Ferrara,Jasmine for Buncombe,≤100
142008095814245,William Miranda Torres,Comité PPD Caguas,≤100
2477925168899669,The Renew Democracy Initiative,"The Renew Democracy Initiative, Inc",≤100
318576225387055,Be Woke.Vote,Darrick Robert Angelone,≤100
216706055016443,Gumball Poodle,Gumball Poodle,≤100
162244692732,Brennan Center for Justice at NYU Law,William J Brennan Jr Center for Justice Inc,≤100
27139120832,Advancing Native Missions,Advancing Native Missions,≤100
399060493533519,The Justice Foundation,JUSTICE FOUNDATION,≤100
300774350436838,Topplr,Data Genomix,≤100
9316648525,The Chicago School of Professional Psychology,TCS Education System,≤100
103034718068007,Pigeon Poolitics,Sassan Yousefi,≤100
135002490472474,Conor Lamb,CONOR LAMB FOR CONGRESS,≤100
171287339973880,LCV Victory Fund,"LCV Victory Fund, 202-785-8683, and not authorized by any candidate or candidate’s committee",≤100
339432396135584,The Exodus Road,EXODUS ROAD INC,≤100
103836120975,College of Nursing & Advanced Health Professions,TCS Education System,≤100
100421958357393,PodTv Network,PodTv Network,≤100
400854333330702,Citizens for Karina Villa,Citizens for Karina Villa,≤100
157022225145063,Dave Stauffer for President,STAUF ENTERPRISES INC,≤100
8936818385,Accuracy in Media,"ACCURACY IN MEDIA, INC",≤100
245741028804051,Barbara Sinatra Center,Barbara Sinatra Children's Center,≤100
102692194897092,Progressive Style,Progressive Style,≤100
102139218008846,King Nation Apparel,King Nation Apparel,≤100
155069298372956,Confetë Party,Confete Party Box,≤100
107569650978840,Sanall,Sanall,≤100
356431274698532,Ryan Hampton,Ryan Hampton,≤100
227535924071462,Animal Petitions,AnimalPetitions.org,≤100
304062610300415,VozWire,Gregson E Mathe,≤100
2118624975095038,Stephen Daniel for Congress,STEPHEN DANIEL FOR CONGRESS,≤100
32582320449,CMMB,CATHOLIC MEDICAL MISSION BOARD INC,≤100
103979520737,WildCare,WILDCARE TERWILLIGER NATURE EDUCATION & WILDLIFE REHABILITATION,≤100
569183476550031,SEBA,San Bernardino County Sheriff's Employees' Benefit Association,≤100
1374260589465543,Sheepdog Church Security,Sheepdog Church Security,≤100
142370046577999,Shahid Buttar for Congress,Shahid Buttar for Congress Committee,≤100
2113400635561647,Andrea Mitchell Center for the Study of Democracy,Andrea Mitchell Center for the Study of Democracy at the University of Pennsylvania,≤100
586479438446633,Vote Diane Canada,Vote Diane Canada,≤100
103531607822207,Noticias para Inmigrantes,"Wise Rock Media, PBC",≤100
101041998305221,The Proud Republicans,Great American Era LLC,≤100
873550809444862,Mighty Earth,Mighty Earth,≤100
1596671280578981,Schools & Communities First,Schools and Communities First,≤100
97624620788,American Friends of Magen David Adom,AMERICAN FRIENDS OF MAGEN DAVID ADOM,≤100
57401739949,Braver Angels,INSTITUTE FOR AMERICAN VALUES INC,≤100
113310617054164,Trump Baseball Bats,Trump Baseball Bats,≤100
709491732434343,שורת הדין - Shurat HaDin,Israel Law Center,≤100
111902227273093,Maine Prosperity Alliance,Maine Prosperity Alliance,≤100
303374266418976,AFPM,American Fuel & Petrochemical Manufacturers,≤100
126817605260,Bold Type Books,"Hachette Book Group, Inc.",≤100
12692955711,Chronicle of Higher Education,"CHRONICLE OF HIGHER EDUCATION, INC. (THE)",≤100
50711561090,Muslim Advocates,MUSLIM ADVOCATES,≤100
824542604252069,Erick Erickson,Erick Woods Erickson,≤100
230081331660936,Take A Stand 2020,Take A Stand 2020,≤100
308353252483,Kristi Noem,Kristi for Governor,≤100
103046977892124,Adam Christensen For Congress,ADAM J CHRISTENSEN FOR CONGRESS,≤100
583715925012376,Mayor Trent Staggs,Staggs for Mayor,≤100
485754644838324,Lane County Tribune,Lane County Tribune,≤100
1424655311129385,Proud Pour,Proud Pour,≤100
119211622812975,"Advance Georgia, Inc","Advance Georgia, Inc.",≤100
12784656483,Union Rescue Mission,Union Rescue Mission,≤100
1229789977123022,Debbie Lesko for Congress,DEBBIE LESKO FOR CONGRESS,≤100
88263922654,Overseas Vote,Overseas Vote (an initiative of the U.S. Vote Foundation),≤100
114492913707912,NotBiden,NotBiden,≤100
192013990902459,Roy Cooper,Cooper For North Carolina,≤100
121731445898409,I Love Great Deals,Roberto None Lugo,≤100
792140450890876,Roger Eaton for Charlotte County Clerk of the Circuit Court,Roger Eaton,≤100
101771274989999,Diaz Consulting Group,"Diaz Consulting Group, Inc.",≤100
102775434882290,Donna It’s Time For Progress,Hugo Santana,≤100
638492549896672,Liberal Humans,Liberal Humans,≤100
1163427337131218,Vote Equality to add ERA to the Constitution,VoteEqualityUS,≤100
121033149320,American Indian College Fund,"AMERICAN INDIAN COLLEGE FUND, THE",≤100
1438402866378921,BookShark,BookShark,≤100
2338979479650120,Genevieve Collins for Congress,COLLINS FOR TEXAS,≤100
208463585839891,Living Future Institute,International Living Future Institute,≤100
260668817346988,Ignite National,IGNITE,≤100
130945114804,World Jewish Congress,WORLD JEWISH CONGRESS AMERICAN SECTION INC,≤100
13885075114,Action Against Hunger USA,ACTION AGAINST HUNGER - USA,≤100
345946329411380,Petal Soap,Jason Paul Domangue,≤100
302111635698,National Association of Tax Professionals (NATP),National Association of Tax Professionals,≤100
101147105012102,Solidu USA,Solidu USA,≤100
116400998275,Mecklenburg County Government,Adams Outdoor Advertising,≤100
384336778589668,Defend Our Constitution,COMMON CAUSE,≤100
262905633727,Los Angeles Mission,"Los Angeles Mission, Inc.",≤100
18479402361,No Kid Hungry,No Kid Hungry,≤100
2110554565703964,Eric Morrison for State Representative,Friends of Eric Morrison,≤100
1724818571163958,Action Center on Race and the Economy,"ACTION CENTER ON RACE AND THE ECON, THE",≤100
211049239087028,Association of Young Americans,Benjamin J Brown,≤100
102161004838994,Melissa Gould for Judge,Melissa Gould for Judge,≤100
312657362217994,Women's Heart Alliance,Women's Heart Alliance,≤100
865633690313272,Unbothered,These ads ran without a disclaimer,≤100
210455593021382,Health Care Voices,"Health Care Voices, a project of Social Good Fund",≤100
169440273093442,The Center for Election Science,The Center for Election Science,≤100
248306181862385,Live Lokai,LOKAI HOLDINGS LLC,≤100
680894095682539,Cowboy Life,"Nine Ranch Enterprises, LLC",≤100
47710973068,Cooperative Action Network,National Rural Electric Cooperatives Association,≤100
106203264511020,Washington Changed Katko,DCCC,≤100
1059320777468378,David Kustoff,Kustoff for Congress,≤100
570524446405979,Only Human,Only Human,≤100
203920953040241,Jen Hatmaker,Hatmaker Partners LLC,≤100
319085508164191,Affordable Pharmacy Action Network,Paid for by Pharmaceutical Care Management Association,≤100
407902639235640,JNS.org,Jewish News Service,≤100
1977738355807406,Sharice For Congress,SHARICE FOR CONGRESS,≤100
202590841969,Erie City Mission,Erie City Mission,≤100
108862184052039,ROMTech,"ROM Technologies, Inc.",≤100
505653766599222,America First with Dr. Sebastian Gorka,Salem Media,≤100
294196590710262,FWD.us,FWD.us,≤100
711478725532801,Civiqs,Civiqs,≤100
102750021183412,Justice U,Altus Solutions Inc,≤100
100821338289859,Republicans For Integrity,Republicans For Integrity,≤100
344346245749372,Shore Trendz,RHW.COM LLC/DBA Shore Trendz,≤100
119779936078342,Gastonia Times,Metric Media LLC,≤100
129203152966,Andy Barr,"Andy Barr for Congress, Inc.",≤100
6315243665,Faith in Public Life,"FAITH IN PUBLIC LIFE, INC.",≤100
927610307291393,Georgette Gómez,Georgette Gomez for Congress,≤100
472938276849222,Heroes For Healthcare,"Center for Popular Democracy, INC.",≤100
108178190829251,The Charlotte Disruptor,The Charlotte disruptor,≤100
104887601170687,McGarry for House 44,Sandra Norwood Mcgarry,≤100
12503116997,Dennis Prager,Salem Media,≤100
516469815814937,"Re-Elect Janice Gore, ATMC Board District 3",Vivid Digital Media,≤100
104763584682416,Prosperity Michigan Action Fund,Prosperity Michigan Action Fund,≤100
114599650318907,Electable,Electable LLC,≤100
103075334816156,UFCW Votes,UNITED FOOD AND COMMERCIAL WORKERS INTERNATIONAL UNION,≤100
359651584655941,Luisa del Rosal,Luisa Del Rosal Campaign,≤100
112371360561344,Resolute Patriot Clothing,ResolutePatriotClothing.com,≤100
614134231980299,Veterans Empowered To Protect African Wildlife,VETPAW INC,≤100
1234251319933440,Exclusive Apparel,The Dude's Designs,≤100
336440323158789,Jack Burkman Radio,Jack Burkman Radio,≤100
2070944712939738,American Police Officers Alliance,American Police Officers Alliance,≤100
127335473965761,Recycle Cartons,"Carton Council of North America, Inc.",≤100
195704103779569,Savage Outdoors & The One,Amanda Harris Lee,≤100
197669827395385,Connected Commerce Council,Connected Commerce Council,≤100
166194476728392,Center Street,"Hachette Book Group, Inc.",≤100
402222617021408,The Ohio Main Street Initiative,OHIO DEMOCRATIC PARTY,≤100
125649561365522,J.D. Scholten,SCHOLTEN4IOWA CAMPAIGN COMMITTEE,≤100
103067581133922,Paul Junge,PAUL JUNGE FOR CONGRESS,≤100
100333911762595,Belonging,"Sharon Hersh, M.A., LPC, LLC",≤100
282765295135322,The Pray in Jesus Name Project,"GJK, Inc. d/b/a The Pray In Jesus Name Project",≤100
116855228000,ACLU of Georgia,American Civil Liberties Union of Georgia Foundation,≤100
100133611824182,Cortwo,"Cortwo, Inc.",≤100
116789554394,Illinois House Republican Organization,Illinois House Republican Organization,≤100
1423200984590762,Jenny Wilson for Salt Lake County Mayor,Jenny Wilson for Salt Lake County Mayor,≤100
281312429284144,Tees Distributions,Tees Distributions,≤100