﻿Page ID,Page Name,Disclaimer,Amount Spent (USD)
123192635089,GOP,REPUBLICAN NATIONAL COMMITTEE,12291
153080620724,Donald J. Trump,TRUMP MAKE AMERICA GREAT AGAIN COMMITTEE,1922
7860876103,Joe Biden,BIDEN VICTORY FUND,1909
6691963292,Jeanne Shaheen,SHAHEEN FOR SENATE,1487
1771156219840594,Team Trump,TRUMP MAKE AMERICA GREAT AGAIN COMMITTEE,470
202626512363,U.S. Census Bureau,U.S. Census Bureau,435
16477459734,League of Conservation Voters,"LEAGUE OF CONSERVATION VOTERS, INC",409
128557117506,New Hampshire Coalition Against Domestic and Sexual Violence,New Hampshire Coalition Against Domestic & Sexual Violence,386
156968474833352,Stop Republicans,Stop Republicans,381
172758932738142,PhRMA,PHARMACEUTICAL RESEARCH AND MANUFACTURERS OF AMERICA,306
2646326642260384,New Hampshire Senate Republicans,NH Senate Republicans PAC,293
110620317395330,The Wheeler Record,Bob Clegg for executive council,261
105379034246471,Cinde Warmington for Executive Council,Friends of Cinde Warmington,243
6726182861,Mike Pence,TRUMP MAKE AMERICA GREAT AGAIN COMMITTEE,219
20787991568,Senate Democrats,DSCC,204
106954524055078,Plunkett for Executive Council,Plunkett for New Hampshire,187
406304822776259,ACLU of New Hampshire,AMERICAN CIVIL LIBERTIES UNION,153
9324910069,NRSC,NRSC,144
152386885585568,Jenn Alford-Teaster for NH State Senate,Friends of Jenn Alford-Teaster,143
791543660926838,"I'll go ahead and keep my guns, Thanks",2A4LIFE LLC,129
100258504855920,Matt Mowers for Congress,MOWERS FOR CONGRESS,121
102781694834193,American Herald,America First Action,118
103526514708833,Lou Gargiulo for NH State Senate District 24,Friends of Lou Gargiulo PAC,114
113891694102,Energy Citizens,AMERICAN PETROLEUM INSTITUTE,112
1615018905412860,Progressive Turnout Project,PROGRESSIVE TURNOUT PROJECT,111
277005566267077,Blueland,Blueland,109
110373865639447,Chris Sununu,Friends of Chris Sununu,102
2267285956849056,Donald Trump 2020 Fans,I Love My Freedom,101
104856814505092,The Kids Guide,The Kids Guide,≤100
328853823844484,Balance of Power,Balance of Power,≤100
265043653699570,Dan Feltes,Friends of Feltes,≤100
105368190818267,Corky Messner for Senate,MESSNER FOR SENATE,≤100
165987503528599,Lindsey Graham,"TEAM GRAHAM, INC.",≤100
120245278015173,Pacifico Beer,"CONSTELLATION BRANDS, INC.",≤100
665345483483486,NRA - National Rifle Association of America,NATIONAL RIFLE ASSN OF AMERICA,≤100
107037464370556,Tim Baxter,Baxter For NH,≤100
2352630938293825,Mytacticalpromos,Entremax,≤100
7263476274,Mercy Corps,Mercy Corps,≤100
109161497557450,Jay for New Hampshire,Jay for New Hampshire,≤100
127755494595870,Progressive Takeover,PROGRESSIVE TAKEOVER,≤100
96935476345,Democratic Governors Association (DGA),Democratic Governors Association,≤100
127225910653607,PragerU,PragerU,≤100
195435017689344,Mindi For NH,Mindi 4 NH,≤100
107589664099282,Stand Up To China,"Stand Up To China, Inc.",≤100
101183127996396,Four Is Enough,PACRONYM,≤100
731387216999087,Janet Stevens for Executive Council,Friends of Janet Stevens,≤100
114710126648118,Republican Dogs,Republican Dogs,≤100
176789922364429,Steve Daines,STEVE DAINES FOR MONTANA,≤100
345504286342057,Keeping America Great Again,RightWingGear.com,≤100
205826147784,New Hampshire Democratic Party,NEW HAMPSHIRE DEMOCRATIC PARTY,≤100
409786973169158,Tru Earth,These ads ran without a disclaimer,≤100
1654364364841305,Volinsky for New Hampshire,Volinsky for New Hampshire,≤100
105557511245195,Allen Cook,Allen Cook for State Senate,≤100
107858693983382,The GOP Shop,The GOP Shop,≤100
228754857151053,House Majority PAC,House Majority PAC,≤100
103023217770606,Emmett Soldati for NH,Friends of Emmett Soldati,≤100
328072970642479,Jaime Harrison,JAIME HARRISON FOR US SENATE,≤100
194016141090830,Jon Morgan for NH,Friends of Jon Morgan,≤100
106244251043808,Reuse Plastics,"AMERICAN CHEMISTRY COUNCIL, INC.",≤100
96935476345,Democratic Governors Association (DGA),DEMOCRATIC ACTION,≤100
2330577043935831,Sara Gideon,SARA GIDEON FOR MAINE,≤100
830121337093232,National Democratic Training Committee,NATIONAL DEMOCRATIC TRAINING COMMITTEE PAC,≤100
1449461518652183,4Patriots,4Patriots LLC,≤100
1556932204325823,ProgressPop,ProgressPop,≤100
153080620724,Donald J. Trump,"DONALD J. TRUMP FOR PRESIDENT, INC.",≤100
67945990059,The American Petroleum Institute,The American Petroleum Institute,≤100
373814729643508,Let America Vote,LET AMERICA VOTE PAC,≤100
618480098621142,Social Security Event,Robert Jared Wilkins,≤100
602714436529710,End Citizens United,END CITIZENS UNITED,≤100
393932827634250,Dissent Pins,Common Practice,≤100
596556607135301,The Earthling Co.,The Earthling Co.,≤100
5435784683,Greenpeace USA,"GREENPEACE, INC.",≤100
132492254050920,American AF,AAF Nation,≤100
168051710543266,Lacy Johnson,Lacy Johnson for Congress,≤100
2353537341582545,Proud Patriots,Proud Patriots,≤100
213792049451918,Stand For America,Stand For America Inc,≤100
100710534987381,Michelle Bos-Lun for State Representative,AARON KYLE BOS-LUN,≤100
163148530407080,Captain Mark Kelly,MARK KELLY FOR SENATE,≤100
105756057589080,The Lincoln Project,The Lincoln Project,≤100
224143668537493,Better Care America,Better Care America,≤100
234452180704284,Manny Espitia for NH State Representative,Manuel Espitia Espitia,≤100
158791100909689,Concerned Veterans for America,Concerned Veterans for America,≤100
1619004528356166,Rebecca Perkins Kwoka for New Hampshire,Perkins Kwoka for New Hampshire,≤100
342294162453301,Planned Parenthood,Planned Parenthood Federation of America,≤100
717115395103069,PrintedKicks,Printed Kicks,≤100
1957667094497467,Lynne Blankenbeker for Congress,LYNNE BLANKENBEKER FOR CONGRESS,≤100
101279451606075,Democratic Strategy Institute,Democratic Strategy Institute,≤100
110256434024901,Ryan Lent for State Representative,Committee to Elect Ryan Lent,≤100
154510321337994,Chris Pappas for Congress,CHRIS PAPPAS FOR CONGRESS,≤100
100256754899828,Patriot's Cave,Patriots Cave,≤100
259130650776119,Mitch McConnell,MCCONNELL SENATE COMMITTEE,≤100
108774517513983,Dan Hynes for Hillsborough NH County Attorney,Friends of Dan Hynes,≤100
262774994217218,Matt Mayberry for NH,MATT MAYBERRY FOR CONGRESS,≤100
8325302025,Friends of the Earth U.S.,Friends of the Earth,≤100
6204742571,Sierra Club,SIERRA CLUB,≤100
309308412520731,Sandy Hook Promise,Sandy Hook Promise,≤100
1316372698453411,Alexandria Ocasio-Cortez,Alexandria Ocasio-Cortez for Congress,≤100
101278694809805,Meme2020,Meme2020,≤100
23875187730,Feeding America,Feeding America,≤100
1061240530648502,Joe Collins,JOE COLLINS FOR CONGRESS,≤100
1528980567353817,Love Has No Labels,Love Has No Labels with Facebook Ad Credits,≤100
8501031021,VoteVets.org,VOTEVETS,≤100
677005135756125,Community Catalyst Action Fund,Community Catalyst Action Fund,≤100
1809078699219595,Fat Tire,"NEW BELGIUM BREWING COMPANY, INC.",≤100
100137754724934,Trump 2020 Supporters,Proud Right Winger,≤100
167586229923327,World Food Program USA,World Food Program USA,≤100
105577974544303,The USA Needs More Patriots,Anthony Alexander Morales,≤100
85452072376,Newsmax,Newsmax Media,≤100
7292655492,MoveOn,MOVEON.ORG POLITICAL ACTION,≤100
481559282597914,TrumpersUnite,Respect The Look,≤100
114625730266879,Republican Voters Against Trump,Defending Democracy Together,≤100
107654924064350,Pat Timmons-Goodson,PATRICIA TIMMONS-GOODSON FOR CONGRESS,≤100
132068606851719,Hippie Runner Funktional Runwear,These ads ran without a disclaimer,≤100
109742407314234,Restoration Action,Restoration Action,≤100
142278567941,Massachusetts Teachers Association,Massachusetts Teachers Association,≤100
106094077803532,Our National Family,Patrick Le Tran,≤100
278490715553293,Martha McSally,MCSALLY FOR SENATE INC,≤100
461204744067686,Family Protection Association,Family Protection Association,≤100
1883837055193241,Shield Republic,Shield Republic,≤100
109111900634787,Reverend Raphael Warnock,WARNOCK FOR GEORGIA,≤100
103597604713894,Team Trump Store,TRUMP MAKE AMERICA GREAT AGAIN COMMITTEE,≤100
106419944494921,Lindsay Tausch for Merrimack,Lindsay E Tausch,≤100
7833534974,Florida Democratic Party,Florida Democratic Party,≤100
107210084216238,Humanity Forward,Humanity Forward,≤100
106645684412573,Cover Air Medical,Cover Air Medical,≤100
1316372698453411,Alexandria Ocasio-Cortez,THE SQUAD VICTORY FUND,≤100
109379100777665,Patriotism Isn't Dead,Patriot Polling,≤100
370099376346078,Americans for Prosperity New Hampshire,AMERICANS FOR PROSPERITY,≤100
41182871633,National Museum of American Jewish History,National Museum of American Jewish History,≤100
8934429638,Planned Parenthood Action,Planned Parenthood Action Fund,≤100
102671331487937,I Love My Freedom Store,I Love My Freedom,≤100
177725632972150,Matt Towne,Matthew D Towne,≤100
102478061559294,Convention on Founding Principles,Convention on Founding Principles,≤100
346937065399354,Occupy Democrats,Omar Rivero,≤100
10423517786,Harvard Business Review,HARVARD BUSINESS SCHOOL PUBLISHING CORPORATION,≤100
675471506247724,Adair for Congress,ADAIR FOR CONGRESS,≤100
203992683335451,Negron For Congress,Steven J Negron,≤100
111393882812494,Amy McGrath,"AMY MCGRATH FOR SENATE, INC.",≤100
8047221596,Save the Children US,"SAVE THE CHILDREN FEDERATION, INC.",≤100
305832706292882,American Gun Association,GunAssociation.org,≤100
106472694091208,Ron Shaw for New Hampshire,Ronald Shaw for New Hampshire,≤100
108668687540802,Mark Brave for Sheriff,Mark A Brave,≤100
143986912311328,University of Vermont Continuing and Distance Education,University of Vermont,≤100
1336293769761923,Jon Ossoff,JON OSSOFF FOR SENATE,≤100
737686089933715,Conservative Collections,Mainline Media Group,≤100
87186661244,Johns Hopkins Bloomberg School of Public Health,Johns Hopkins Bloomberg School of Public Health,≤100
429812024048177,Doug Jones for Senate,DOUG JONES FOR SENATE COMMITTEE,≤100
25852730092,Care2,Care2 Inc,≤100
309798029121030,Everytown for Gun Safety,Everytown for Gun Safety Action Fund Inc,≤100
101237551589520,Tactical Patriot,Trizzie Truong,≤100
106508764399374,Bob Clegg for Executive Council,Periklis None Karoutas,≤100
36872302227,Cory Booker,Cory Booker for Senate,≤100
57259033959,AARP,AARP,≤100
314499212242,Pfizer,Pfizer Inc.,≤100
362835977563117,Craig Thompson for NH,Craig Thompson for NH,≤100
2373206389409646,Bill O'Brien,Bill O'Brien for State Representative,≤100
15687409793,World Wildlife Fund,World Wildlife Fund,≤100
355316521236121,John Cornyn,TEXANS FOR SENATOR JOHN CORNYN INC.,≤100
8492293163,Environmental Defense Fund,Environmental Defense Fund,≤100
1496269597272920,Senator Bill Gannon,Gannon for Senate,≤100
245284549333866,ASMDSS,ASMDSS,≤100
51405613519,Focus on the Family,Focus on the Family,≤100
7814597100,Jim Jordan for Congress,JIM JORDAN FOR CONGRESS,≤100
106323360959211,Patriots Republic,Matthew James Stine,≤100
111428049989,Cal Cunningham,CAL FOR NC,≤100
551158678560402,Epimonia,Epimonia LLC,≤100
113666459994300,Big Dan Rodimer for Congress,RODIMER FOR CONGRESS,≤100
46093654473,National Republican Congressional Committee,NRCC,≤100
530604487365010,Old Glory Flagpole Kits,Service First,≤100
50982313030,Food & Water Watch,Food & Water Watch,≤100
102617961152741,Barbara Bollier,BOLLIER FOR KANSAS,≤100
654702428226892,Stop the Corridor,Stop the Corridor,≤100
1609864255995485,David W. Binford for New Hampshire House of Representatives District 15,Friends of David Binford,≤100
38471053686,Elizabeth Warren,"WARREN DEMOCRATS, INC.",≤100
33110852384,Doctors Without Borders/Médecins Sans Frontières (MSF),Doctors Without Borders/Médecins Sans Frontières (MSF),≤100
106224464107240,Jo Jorgensen,Jo Jorgensen for President,≤100
5720973755,Defenders of Wildlife,DEFENDERS OF WILDLIFE,≤100
1836138529938551,Greater Half,Greater Half,≤100
192015461630968,Supporting Our Brave Veterans,James Brian Plouf,≤100
598924810530984,Keeping America Great,FamTeeWorld,≤100
1527426737363141,Peter Petrigno - NH State Representative,Peter  Petrigno,≤100
80562389320,NARAL Pro-Choice America,NARAL Pro-Choice America,≤100
327837911149503,2A4Life,2A4LIFE LLC,≤100
101210588150219,Boy Scouts Abuse Claims,X Social Media LLC,≤100
15188122178,The Hamilton Collection,The Hamilton Collection,≤100
6041057841,The Humane Society of the United States,"HUMANE SOCIETY OF THE UNITED STATES, THE",≤100
977704775606273,Balls Deep Tackle,Balls Deep Tackle,≤100
417522508294454,Job Creators Network,Job Creators Network,≤100
605168822998856,314 Action,314 ACTION FUND,≤100
30139072158,CARE,CARE,≤100
629732217415068,Republican Party,Greater Half,≤100
17911165812,Covenant House International,Covenant House,≤100
1438808983108348,BOLD PAC,CHC BOLD PAC,≤100
68879022755,Joe Sweeney,Joe Sweeney for New Hampshire,≤100
49651563727,Live Action,Live Action,≤100
202531447982,Jimmy Chin,Protect Our Winters,≤100
116222966843926,US Concealed,US Concealed,≤100
18709174006,National Audubon Society,"NATIONAL AUDUBON SOCIETY, INC.",≤100
106508764399374,Bob Clegg for Executive Council,Bob Clegg for executive council,≤100
107523875954231,Danny Davis,Protect Our Winters,≤100
110296983695985,"Christopher Rice, Candidate for NH Senate",CHRISTOPHER RICE 4 NH SENATE,≤100
108029674299216,We The People,We The People,≤100
321760547905423,Representative Paul Berch,Paul Sender Berch,≤100
114126890033652,Becky Whitley for NH Senate,Friends of Becky Whitley,≤100
17203056985,Partners In Health,Partners In Health,≤100
834645469890446,Devin Nunes,DEVIN NUNES CAMPAIGN COMMITTEE,≤100
1690071827911682,Cleancult,cleancult,≤100
7483836629,Ancestry,Ancestry.com Operations Inc.,≤100
530604487365010,Old Glory Flagpole Kits,Service First Flag Poles,≤100
1917715138510680,Follow Your Legend,Legend Bracelet,≤100
45393753416,Alliance Defending Freedom,Alliance Defending Freedom,≤100
407664862957433,Ammar Campa-Najjar for Congress,AMMAR CAMPA-NAJJAR FOR CONGRESS,≤100
19192438096,AAAS - The American Association for the Advancement of Science,American Association for the Advancement of Science,≤100
1109093812491437,Blaze Media,Blaze Media LLC,≤100
100244434823394,Clemmer For Congress,CLEMMER FOR CONGRESS,≤100
6012633110,Communications Workers of America,"COMMUNICATIONS WORKERS OF AMERICA, AFL-CIO, CLC",≤100
296708523873754,Karla Dennis and Associates Inc.,"Karla Dennis & Associates, Inc",≤100
100322475076309,Bob Lynn for State Representative,Bob Lynn for State Representative,≤100
18982436812,ACLU,American Civil Liberties Union,≤100
102866874575985,Rep. Dick Hinch,Friends of Dick Hinch,≤100
51379424899,Mercy Ships,MERCY SHIPS INTERNATIONAL,≤100
108173075911611,National Association of Letter Carriers,National Association of Letter Carriers,≤100
1393911800825140,OZY,OZY Media Inc,≤100
1228396643984955,Michelle Steel,Michelle Steel for Congress,≤100
780941275347834,Ilhan Omar,ILHAN FOR CONGRESS,≤100
104614641200137,MeidasTouch,MEIDASTOUCH,≤100
102592959026,Ocean Conservancy,"OCEAN CONSERVANCY, INC.",≤100
1600352356914768,PushBlack,PushBlack,≤100
249858570078,Londonderry NH Democrats,Londonderry Democrats,≤100
681745912255844,John Cummings for Congress,CUMMINGS FOR CONGRESS,≤100
105732744375701,Steve Bullock,MONTANANS FOR BULLOCK,≤100
118502801658228,Young Kim,Young Kim for Congress,≤100
106923357749661,Chris Collins for N.H. State Rep,Chris Collins for NH State Rep,≤100
241152813294252,Cody Belanger for State Representative,Friends of Cody Belanger,≤100
108901687567015,Patriots Sound Off,Richard Brochetti,≤100
104684067632334,Unite the Country,UNITE THE COUNTRY,≤100
892673067526965,Project War Path,Project War Path,≤100
30708742052,FCTRY,FCTRY,≤100
592707041080920,Stand Together,Stand Together Chamber of Commerce Inc.,≤100
769405393099340,David Watters for NH Senate,David Watters for NH Senate,≤100
104051398040027,CCW Online Now_,Concealed Country,≤100
38235851310,USA for UNHCR,UNITED STATES ASSOCIATION FOR UNHCR,≤100
6820348410,Kirsten Gillibrand,Off the Sidelines,≤100
21375324480,The Heritage Foundation,HERITAGE FOUNDATION (THE),≤100
101136147910784,Represent Justice,Represent Justice,≤100
219612384781411,Bloomberg Philanthropies,Bloomberg Philanthropies,≤100
104170004713256,Elect Black Democrats,THE COLLECTIVE PAC,≤100
971668776283950,PolicyEd,Hoover Institution,≤100
72186095846,Center For American Progress Action Fund,Center for American Progress Action Fund,≤100
934438026690635,YouGov,YOUGOV AMERICA INC.,≤100
153678684700451,American Investment Council,AMERICAN INVESTMENT COUNCIL,≤100
6236054211,Brady,Brady Campaign to Prevent Gun Violence,≤100
100119981671668,Blue Senate,BLUE SENATE PAC,≤100
257019421075897,Cory Gardner,Cory Gardner for Senate,≤100
110018833813683,Flip the Senate,SMP,≤100
277414242013,Joyce Elliott for Congress,JOYCE ELLIOTT FOR CONGRESS,≤100
105577974544303,The USA Needs More Patriots,AmeriPolling,≤100
18813753280,Human Rights Campaign,"HUMAN RIGHTS CAMPAIGN, INC.",≤100
111699680636304,Vermont Conservation Voters Action Fund,Vermont Conservation Voters Action Fund,≤100
2068988876444634,Stand Up for Accurate Prenatal Answers,STAND UP FOR ACCURATE PRENATAL ANSWERS INC,≤100
163302087408673,Stop The Donald,Stop the Donald,≤100
356482637745012,Stansberry Research,Stansberry Research,≤100
209516845093,NRDC Action Fund,NRDC Action Fund,≤100
206677396413254,Abortion On Our Own Terms,Abortion On Our Own Terms,≤100
788394134539871,USPS Business,United States Postal Service,≤100
894096170667732,Ashley Hinson,Ashley Hinson For Congress,≤100
101781744709441,Leningrad Lindsey Graham,Darian,≤100
911828698840246,ReLEntless Defender Apparel,ReLEntless Defender Apparel,≤100
493811210669780,Creative Action Network,Creative Action Network,≤100
100817908371975,The Patriot Authority,Catherine Sue Mantooth,≤100
108118933908193,Next Level Goods,Next Level Goods LLC,≤100
7962229886,Environmental Working Group,ENVIRONMENTAL WORKING GROUP,≤100
221401431386940,Pramila Jayapal,PRAMILA FOR CONGRESS,≤100
6820348410,Kirsten Gillibrand,Gillibrand for Senate,≤100
2037695643113766,Blexit,Blexit Foundation,≤100
586751814690068,Joni Ernst,Joni for Iowa,≤100
593289284500311,Trump Rack,BOXD Marketing,≤100
267180743723148,National Geographic Society,National Geographic Society,≤100
1799282383731277,TwoSeventy,Alexander Jared Deutsch,≤100
104327014699060,Dave DeVoy for NH State Senate,Dave Devoy For State Senate,≤100
260713150211,Protect Our Winters,Protect Our Winters,≤100
433919203362871,Bird + Stone,BIRD & STONE INC,≤100
107755467628605,Keith Mitchell for Merrimack County Sheriff,Keith Mitchell for Sheriff,≤100
111989178628,Senator Bob Giuda,Periklis None Karoutas,≤100
11791104453,NRDC,Natural Resources Defense Council,≤100
1495988063953119,State Senator Gary Daniels,Friends of Gary Daniels,≤100
683872625157265,Theresa Greenfield,THERESA GREENFIELD FOR IOWA,≤100
202600839762879,I Am Pro-Life,Focus on the Family,≤100
419237048158257,Susan Collins,COLLINS FOR SENATOR,≤100
103741967998194,Amy Jeffrey for NH,Amy Jeffrey for NH,≤100
104934207736995,Paycheck to Paycheck,Center for American Progress Action Fund,≤100
115379705206001,U.S. Department of Homeland Security Blue Campaign,DHS Blue Campaign,≤100
711478725532801,Civiqs,Civiqs,≤100
26006662641,Arizona Democratic Party,Arizona Democratic Party,≤100
105010030848236,Bryant Cameron Webb,DR. CAMERON WEBB FOR CONGRESS,≤100
102395578098123,Charlie Hall for Nashua Ward 7 State Rep,Vote Charlie Hall,≤100
173837496125511,Conscious Step,Conscious Step,≤100
149081336362,AmeriCorps VISTA,Corporation for National and Community Service,≤100
21559454473,FAIR,FEDERATION FOR AMERICAN IMMIGRATION REFORM,≤100
1859113087545137,Learn Everywhere,"yes. every kid, Inc.",≤100
1530883997194411,United States Constitution,Flag and Cross,≤100
284946111858895,Debbie Mucarsel-Powell,DEBBIE FOR CONGRESS,≤100
2078647579047586,Project Pulso,Project Pulso,≤100
7976226799,The Daily Show,Comedy Central,≤100
102916288137405,The Daily Republican,USA Movements LLC,≤100
221890358218748,Til Valhalla Project,Til Valhalla Project,≤100
263891677826490,Earthsider,Ryan James Martin,≤100
592250887586314,Jake Auchincloss,Jake Auchincloss for Congress,≤100
42872222699,Dana Loesch,Dana Loesch Radio,≤100
1658135304460341,MANG,MANG,≤100
342887442508723,Convention of States,Convention of States Action,≤100
96171427550,Raja for Congress,FRIENDS OF RAJA FOR CONGRESS,≤100
103462479704439,Bedford Republican Committee Bedford NH,Bedford Republican Committee,≤100
219247332354785,Phil Arballo for Congress,ARBALLO FOR CONGRESS,≤100
103235554648484,Elect Scientists,314 ACTION FUND,≤100
203675839648154,Darryl W. Perry,Darryl W Perry,≤100
236369846383459,Congressional Black Caucus PAC,Congressional Black Caucus PAC,≤100
322645881146760,Kevin Avard for NH State Senate,Kevin Avard for Senate,≤100
100233228182981,Madison Cawthorn for Congress,CAWTHORN FOR NC,≤100
293225127381200,Patriot Depot,The Patriot Depot,≤100
210277954204,The Young Turks,"The Young Turks, Inc.",≤100
465483726908192,iVote,IVote Civic Education Fund,≤100
27544763621,Prison Fellowship,Prison Fellowship,≤100
46347342434,EMILY's List,EMILY'S LIST,≤100
106333028376,"Nichols Kaster, PLLP",Nichols Kaster PLLP,≤100
178024352559210,Great America PAC,GREAT AMERICA PAC,≤100
245741028804051,Barbara Sinatra Center,Barbara Sinatra Children's Center,≤100
109738020722308,"Brittney Joyce for NH State Representative, Grafton District 12",Brittney Joyce for NH,≤100
103046977892124,Adam Christensen For Congress,ADAM J CHRISTENSEN FOR CONGRESS,≤100
333710103706307,Giffords,GIFFORDS PAC,≤100
2012750189007245,Liquid Death Mountain Water,Liquid Death,≤100
259212814698356,Democratic Majority for Israel,Democratic Majority for Israel,≤100
10150100007820094,Wendy Davis,WENDY DAVIS FOR CONGRESS,≤100
420785874975425,Conservative Institute,The Conservative Institute,≤100
130467958471,Jason Lewis,Jason Lewis for Senate,≤100
1526736227567131,TrueCoverage,True Coverage,≤100
679171239164792,Supermajority,Supermajority,≤100
345378512258813,Elise Stefanik,ELISE FOR CONGRESS,≤100
305894606423160,ParentsTogether,ParentsTogether,≤100
106949844346620,Trumpian Republicans,Gregory Lawrence Burright,≤100
142992759853421,Be A Hero,BE A HERO PAC,≤100
278703415666824,Jeremy Jones,Protect Our Winters,≤100
560140464159364,Stand for the 2nd Amendment,SFT2 Tactical Supply,≤100
19342050934,Leadership Institute,LEADERSHIP INSTITUTE INC,≤100
53541257714,The Arc of the United States,The Arc with Facebook Ad Credits,≤100
747436915270894,Congressional Leadership Fund,CONGRESSIONAL LEADERSHIP FUND,≤100
404848430279720,John Schneller Bedford State Representative,John Schneller,≤100
159964696102,Kevin McCarthy,KEVIN MCCARTHY FOR CONGRESS,≤100
302182941354,AARP Advocates,AARP,≤100
35169196082,Project HOPE,"PROJECT HOPE-THE PEOPLE-TO-PEOPLE HEALTH FOUNDATION, INC.",≤100
197760674021143,Indivisible Guide,INDIVISIBLE ACTION,≤100
27311599342,Preemptive Love,Preemptive Love Coalition,≤100
1852520761657982,4ocean,4ocean,≤100
79820371749,Ayanna Pressley,THE SQUAD VICTORY FUND,≤100
129255907131113,NumbersUSA,NUMBERSUSA EDUCATION AND RESEARCH FOUNDATION,≤100
111702860231554,Matt Lieberman,Matt Lieberman for Senate,≤100
594688701213995,More Space,Cynthia Nguyen,≤100
655065784538368,PredictIt,"PredictIt - Prediction Markets. A project of Victoria University of Wellington, PredictIt has been established to facilitate research into the way markets forecast events.",≤100
6333396177,NewsBusters.org,MEDIA RESEARCH CENTER,≤100
103653994359958,Harvard Forward,The Boarding School,≤100
186932688457686,CHNGE,CHNGE,≤100
482899722113894,Peymynt Financial,Peymynt Financial,≤100
376776419037747,Turning Point USA,Turning Point USA,≤100
156994304362574,American Bridge 21st Century,AB PAC,≤100
55549065733,Voto Latino,Voto Latino with Facebook Ad Credits,≤100
6500552187,Hulu,"HULU, LLC",≤100
601472019907779,Latino Victory,Latino Victory,≤100
223008867858902,American Action News,American Action News,≤100
8057376739,The Nature Conservancy,Nature Conservancy,≤100
775525186130124,Center for a Free Economy,Center for a Free Economy,≤100
97493741436,John W. Hickenlooper,HICKENLOOPER FOR COLORADO,≤100
1934191280189700,Health Care Voter,Health Care Voter,≤100
6713653788,Gary Peters,PETERS FOR MICHIGAN,≤100
103654464668995,Home With Our Family,Alexander Chung,≤100
109526232935380,Synthisophy,Synthisophy,≤100
331037760381749,Sierra Magazine,SIERRA CLUB,≤100
23790541544,Democrats,DCCC,≤100
628891490457484,Nancy Mace,Nancy Mace for Congress,≤100
110987110398146,Make Liberty Win PAC,MAKE LIBERTY WIN,≤100
555787351119974,Coalition to Protect America's Health Care,Coalition to Protect America's Health Care,≤100
2309566456030859,Human Coalition Action,Human Coalition Action,≤100
67626834312,National Women's Law Center,National Women's Law Center,≤100
111023584012681,Open Road Homeward,Samantha Lyn Weldon,≤100
105984667872147,Patriotic Liberty,Vivian Lam Nguyen,≤100
112164673854264,Living Patriotically,Living Patriotically,≤100
83290028957,Care Net,CARE NET,≤100
143089732792,Marsha Blackburn,Blackburn Tennessee Victory Fund,≤100
390560688135747,Public Editor Press,"Public Editor Press, Inc",≤100
235325436497767,Gather,Gather,≤100
176099072429809,Oceana in Florida,OCEANA,≤100
108683164271262,Patriots for Life,Grant Alan Johnston,≤100
360303722260,Kathleen Williams,KATHLEEN WILLIAMS FOR MONTANA,≤100
109678580574253,Politicool Clothing Co.,PolitiCoolClothing.com,≤100
105370081104608,Veterans for Trump,TRUMP MAKE AMERICA GREAT AGAIN COMMITTEE,≤100
228132537208218,Tammy Duckworth,TAMMY FOR ILLINOIS,≤100
101853374572717,Retirement U,Robert Jared Wilkins,≤100
325578590837480,Protect Our Care,Sixteen Thirty Fund,≤100
1084856268238034,Trump Talking,Roberto None Lugo,≤100
408250066356,Bill O'Reilly,"Bill Me, Inc.",≤100
116534199732974,USA Carry Online,USA Carry Online,≤100
1106859749348899,Brody Leven,Protect Our Winters,≤100
152264148166020,Moms Clean Air Force,Moms Clean Air Force,≤100
195530355493,Chicks On The Right,Chicks on the Right,≤100
101690998009007,Improving Life Through Health,Nicolette Dalan,≤100
140357056032320,NEA Today,National Education Association,≤100
101525774999212,BLM,Bryan Daley,≤100
134452023239984,Human Coalition,Human Coalition,≤100
5887538795,Education Week,Education Week,≤100
2081864865362439,Mike Espy,MIKE ESPY FOR SENATE CAMPAIGN COMMITTEE,≤100
32682889528,U.S. Chamber of Commerce,The U.S. Chamber of Commerce,≤100
1551109418518461,The Honest Patriot,Amundson Media LLC,≤100
107248944146204,Carlos Gimenez for Congress,Carlos Gimenez for Congress,≤100
210357995667559,The National Memo,The National Memo,≤100
548407915183371,Liz Cheney,Liz Cheney for Wyoming,≤100
102875587947942,Keep Trump In Office,Keep Trump In Office,≤100
2339203789732156,Kim Mangone for Congress,COMMITTEE TO ELECT KIM MANGONE FOR CONGRESS,≤100
467804929927622,Jason Smith,JASON SMITH FOR CONGRESS,≤100
32582320449,CMMB,CATHOLIC MEDICAL MISSION BOARD INC,≤100
1443127535947107,Save the Children Action Network,Save the Children Action Network,≤100
110089227413037,The Prepared Patriot,Edward Ha,≤100
360424321432255,Doha Debates,Doha Debates,≤100
91346559231,Democratic Legislative Campaign Committee - DLCC,Democratic Legislative Campaign Committee,≤100
102389457864860,Treehuggers Bracelets,ECOMX LLC,≤100
931907200310657,Patients Rising Now,Patients Rising Now Inc,≤100
184731548554164,PL+US,Plus Fund: Paid Leave for the United States,≤100
2185993931653388,The Recount,"Recount Media, Inc",≤100
113310617054164,Trump Baseball Bats,Trump Baseball Bats,≤100
263210730984251,We Are Great Again Pac,WE ARE GREAT AGAIN PAC,≤100
531623043662146,Flags of Valor,Flags of Valor,≤100
20876805343,March of Dimes,MARCH OF DIMES INC.,≤100
132732160104163,Ford Foundation,"FORD FOUNDATION, THE",≤100
15771560300,Earthjustice,EARTHJUSTICE,≤100
5943727453,American Humane,American Humane,≤100
2256321067930356,Liberteeclub,libertyteeshop,≤100
740266592735787,Free to Be Kids,Free To Be Kids,≤100
291102898490822,Giant Maga Hat,Inventors club LLC,≤100
1653251174924652,Fuzzu,Fuzzu,≤100
100697751658498,Stronger.org,The Public Good Projects,≤100
24330467048,Americans for Prosperity,AMERICANS FOR PROSPERITY,≤100
706716899745696,Women for Trump,TRUMP MAKE AMERICA GREAT AGAIN COMMITTEE,≤100
105455840860559,EagleRealm LLC,Eagle Realm,≤100
142370046577999,Shahid Buttar for Congress,Shahid Buttar for Congress Committee,≤100
540707072979860,Brian Maryott,MARYOTT FOR CONGRESS,≤100
251044965436699,Changing Dynamics,Riley Thomas Sutton,≤100
336470580233523,Pins and Aces Golf Co.,US Craft Brands LLC,≤100
607626319739286,Black Voices for Trump,TRUMP MAKE AMERICA GREAT AGAIN COMMITTEE,≤100
810122486032496,Jackie Gordon,JACKIE GORDON FOR CONGRESS,≤100
166618413413767,Jay Sekulow,American Center for Law and Justice,≤100
112735922758892,Charlie Kirk,Charlie Kirk,≤100
278487153675,Redneck Nation Clothing,Tracie Milliron Gold,≤100
123963360928,SiriusXM,SIRIUS XM RADIO INC.,≤100
179513292162226,American History TV,C-SPAN,≤100
213687698658,Americans for Prosperity Foundation,Americans for Prosperity Foundation,≤100
135298176481584,Marine Corps Scholarship Foundation,Marine Corps Scholarship Foundation,≤100
34362997676,United States Holocaust Memorial Museum,UNITED STATES HOLOCAUST MEMORIAL MUSEUM,≤100
101724361319410,Ronny Jackson for U.S. Congress TX-13,Texans for Ronny Jackson,≤100
237477017606,Club for Growth,Club for Growth,≤100
1055873511190792,Hello Resistance,Hello Resistance Apparel,≤100
15239367801,The Wilderness Society,"WILDERNESS SOCIETY, THE",≤100
308159713150350,Voter Protection Project,VOTER PROTECTION PROJECT,≤100
1194865807192273,Conservative Gear,Outergoods LLC,≤100
317284821682168,Messianic Jewish Alliance of America (MJAA),Messianic Jewish Alliance of America,≤100
141692255929599,Democratic Socialists of America,DEMOCRATIC SOCIALISTS OF AMERICA INC,≤100
309993142375589,Joe Kennedy III,KENNEDY FOR MASSACHUSETTS,≤100
999775873528189,Stopping Socialism,The Heartland Institute,≤100
107197277617093,VoteSafe,National Vote At Home Institute,≤100
36474716066,Color Of Change,ColorofChange.org,≤100
103644036958,United Association,United Association Political Education Committee,≤100
1439829396312534,The Movement for Black Lives,Movement for Black Lives,≤100
2225580284361712,Tommy Tuberville,"TUBERVILLE FOR SENATE, INC.",≤100
304058913005378,Senior and Disabled Concerns,Senior & Disabled Concerns,≤100
53541257714,The Arc of the United States,"ARC OF THE UNITED STATES, INC., THE",≤100
119006106155684,PI Energy,Andrew P Chung,≤100
32975139631,If Americans Knew,If Americans Knew,≤100
5633824547,FreedomWorks,"FREEDOMWORKS, INC.",≤100
357554791340788,Liker,Omar Rivero,≤100
102478528086004,Reading On the Left,St. Martin's Press,≤100
102745147891580,Trump Coolers,Eric Clifford Juels,≤100
10498053716,Media Research Center,MEDIA RESEARCH CENTER,≤100
114386721939978,The Made in America Store,Made In America Store,≤100
128167457221813,Public Transportation,Voices for Public Transit,≤100
785936231584382,Paula Jean Swearengin,Paula Jean for West Virginia,≤100
109360297266116,Fearless Patriot,TERESA NONE OHARA-MARSH,≤100
322551718276442,Lemons Are Blue,Lockwell LLC,≤100
1764185850558806,Apex Clean Energy,Apex Clean Energy,≤100
587560171926370,Small Business Recovery Initiative,"Small Business Recovery Initiative, Inc",≤100
108070667602198,Rosemary Russell for NH State Representative,Friends of Rosemary Russell,≤100
1323161541032507,For Our Future FL,For Our Future Action Fund,≤100
105034517781442,Boy Scouts Bankruptcy Abuse Compensation,These ads ran without a disclaimer,≤100
105835341175050,John Wall for NH State Representative from Wolfeboro,John Wall for Wolfeboro,≤100
72931140459,Center for Biological Diversity,"CENTER FOR BIOLOGICAL DIVERSITY, INC.",≤100
101431098326678,Wikstrom for NH State Rep - Exeter,Carl Wikstrom,≤100
422202764649078,Rhode Island Department of Education - RIDE,Rhode Island Department of Education,≤100
169597416843751,Stand Up America,Stand Up America,≤100
105333224570468,Dan Goldner,Daniel Curtis Goldner,≤100
21834534343,Volunteers of America,"VOLUNTEERS OF AMERICA, INC.",≤100
102636677971854,Trump Is The Storm,Legendary Trump Coins,≤100
112694470356789,Trumpcare For America,Stuart Joseph Millar,≤100
203330919857759,All On The Line,National Redistricting Action Fund,≤100
24481937944,Theodore Roosevelt Conservation Partnership,"THEODORE ROOSEVELT CONSERVATION PARTNERSHIP, INC",≤100
112965307113852,Steve Briden for Rockingham County Attorney,Briden for RCA,≤100
113110137118723,Collectible Currency,Christopher Walter Adams,≤100
115757826468774,Statsigo,Statsigo,≤100
106140571085743,Natalia For Congress,NATALIA LINOS FOR CONGRESS,≤100
375760676281438,Mermaid Straw,Mermaid Straw,≤100
112232490508924,Black Lives Matter Nashua,Black Lives Matter Nashua,≤100
109564940777031,Gwendolyn Hallsmith for State Representative,Gwendolyn Hallsmith,≤100
497081420632330,Dr. Hiral Tipirneni,HIRAL FOR CONGRESS,≤100
289213691238937,Thrasher Coffee,Thrasher Coffee Co.,≤100
751679868274074,Hope for Students,THE EXPECTATIONS PROJECT INC,≤100
117144508670456,GUNVOTE,National Shooting Sports Foundation,≤100
7209432197,Chris Coons,CHRIS COONS FOR DELAWARE,≤100
169710960125365,Curzio Research,Curzio Research Inc.,≤100
802271849850801,Freedom for All Americans,Freedom for All Americans,≤100
108152933883451,TrumpTrendz,Troy Lorenzo Davis,≤100
105199626748,Massachusetts Republican Party,Massachusetts Republican Party,≤100
1869687273277265,Run for Something,Run For Something PAC,≤100
35715544220,Stand.earth,STAND,≤100
112600915451330,No Labels,No Labels,≤100
319982881752525,Kara Eastman,EASTMAN FOR CONGRESS,≤100
205395906412,UAW International Union,"INTERNATIONAL UNION, UNITED AUTOMOBILE, AEROSPACE AND AGRICULTURAL IMPLEMENT WORKERS OF AM",≤100
105433064492153,The Return 2020,The Return International,≤100
118303441570966,Home Ownership Matters,NATIONAL ASSOCIATION OF REALTORS,≤100
198296877515470,Switch4Good,Switch4Good,≤100
105428794198107,Dale Crafts,Dale Crafts for Congress,≤100
7735858972,Humane Society Legislative Fund,Humane Society Legislative Fund,≤100
114302593701939,Silent Majority Member,Silent Majority Member,≤100
124530924015,Hank Gilbert,HANK GILBERT FOR CONGRESS,≤100
100355778430951,By Our Own Bootstraps,Brandon Vu,≤100
248181906078243,National Institute for Civil Discourse,CommonSense American,≤100
8532248414,Wounded Warrior Project,"WOUNDED WARRIOR PROJECT, INC.",≤100
103934071014071,Fire Drill Fridays,"GREENPEACE, INC.",≤100
219224241438635,Compassion & Choices,COMPASSION & CHOICES,≤100
192771954102960,Jordan Sekulow,American Center for Law and Justice,≤100
1424655311129385,Proud Pour,Proud Pour,≤100
317510461992641,Dana Balter,FRIENDS OF DANA BALTER,≤100
389417997767095,SourceAmerica,SOURCEAMERICA,≤100
108296990863730,Hero Action Fund,Hero Action Fund,≤100
100101018155207,Paid Leave for All,Paid Leave for All a project of Hopewell Fund,≤100
48485058304,Pachamama Alliance,"PACHAMAMA ALLIANCE, THE",≤100
114893233534632,Taking Back America,Apse Media LLC,≤100
178835922297833,American Clinical Laboratory Association,American Clinical Laboratory Association,≤100
112420993589373,Young and Old for America,Andrew Joseph Young,≤100
12683623041,Society for Human Resource Management (SHRM),SOCIETY FOR HUMAN RESOURCE MANAGEMENT,≤100
79125112926,Students for Life of America,"STUDENTS FOR LIFE OF AMERICA, INC.",≤100
106954147689215,Just the Truth,JUST THE TRUTH POLITICAL ACTION COMMITTEE,≤100
953113491536337,Black to the Future Action Fund,Black to the Future Action Fund,≤100
103929304678916,Voter Action Project,Integrity First Voter Action Project,≤100
7686808625,Jim Inhofe,FRIENDS OF JIM INHOFE,≤100
111970730196550,World War Zero,AMERICAN SECURITY PROJECT,≤100
1425435377743310,Conversations with Bill Kristol,The Foundation for Constitutional Government,≤100
123624513983,The Western Journal,The Western Journal,≤100
179909895355213,AIDS United,AIDS UNITED,≤100
102499901286348,Bold Vision P.C.,Bold Vision PC,≤100
77790954801,Salesian Missions,Salesian Missions,≤100
700941689954518,Defend Our Future,Defend Our Future,≤100
7642602143,Mother Jones,FOUNDATION FOR NATIONAL PROGRESS,≤100
384557995468219,Viral Casez,Viral Casez,≤100
1086042774800835,Cumberland County Soil & Water Conservation District,Cumberland County Soil & Water Conservation District,≤100
1338822066131069,Women's March,Women's March,≤100
28510612138,Uncommon Knowledge,Hoover Institution,≤100
141901795868393,Alaska Democrats,ALASKA DEMOCRATIC PARTY,≤100
28144169620,Alliance for Aging Research,Alliance for Aging Research,≤100
458928061510318,Rita Hart for Iowa,RITA HART FOR IOWA,≤100
201248453800242,My Pay My Say,Mackinac Center for Public Policy,≤100
541807025833154,Malala Fund,Malala Fund,≤100
110849485902,United Way,United Way Worldwide with Facebook Ad Credits,≤100
443329669123990,USAFacts,USAFacts Institute,≤100
189452770432,Women's Campaign Fund,WOMENS CAMPAIGN FUND INC,≤100
405469100189512,Still My President - Donald Trump,Red State Politics LLC,≤100
17475614410,Hispanic Federation,Paid for by Hispanic Federation with Facebook Ad Credits,≤100
1224429014390746,Catalysts,Freethink,≤100
799539910084929,Shaun King,"Premiere Marketing, Inc.",≤100
107665644228467,Conservative Journal Review,Conservative Journal Review LLC,≤100
137746666253194,Ann Kirkpatrick,KIRKPATRICK FOR CONGRESS,≤100
102175879855284,Harper Perennial,HARPERCOLLINS PUBLISHERS L.L.C.,≤100
1802177709900081,The Spectator US,The Spectator US,≤100
327202261326682,Stephanie Bice,Bice for Congress,≤100
620717045241728,101Concealed,101Concealed,≤100
103531607822207,Noticias para Inmigrantes,"Wise Rock Media, PBC",≤100
113266897143669,Stand To Defend,Korie Lynn Padgett,≤100
104667417857551,United Association LLC,United Association LLC,≤100
1667892193505378,Hold the House,HOLD THE HOUSE PAC,≤100
30914589895,The International Fellowship of Christians and Jews,"INTERNATIONAL FELLOWSHIP OF CHRISTIANS & JEWS, INC.",≤100
255208337943901,Jobs Growth,"JOBS FREEDOM AND SECURITY PAC, Not authorized by any candidate or candidate’s committee.",≤100
109092142462587,Adam Schiff,SCHIFF FOR CONGRESS,≤100
640112573298348,Black Lives Matterr,Bryan Daley,≤100
153278754738777,Climate Reality,The Climate Reality Project,≤100
2259323457517498,Abolish the Electoral College,ABOLISH THE ELECTORAL COLLEGE,≤100
48837932638,Montana Democratic Party,Montana Democratic Party,≤100
6851405967,CREDO Mobile,"CREDO MOBILE, INC.",≤100
1268410219898273,Tango Tango,Tango Tango Inc,≤100
246846192720018,War On Our Future,The Years Project,≤100
9423488774,American Wind Energy Association (AWEA),AMERICAN WIND ENERGY ASSOCIATION,≤100
830890360316751,Nick Hanauer,Civic Action,≤100
6231686654,Compassion International,"COMPASSION INTERNATIONAL, INCORPORATED",≤100
108492860869647,Marianela Rivera for State Representative - Committee to Elect,Jonathan Guzman,≤100
661744180680367,National Police Association,"NATIONAL POLICE ASSOCIATION, INC.",≤100
110858640414760,Re-Elect Hon. John A. Leavitt,John A Leavitt,≤100
361960287311696,Better Medicare Alliance,"Better Medicare Alliance, Inc",≤100
34701792581,EWTN,Eternal Word Television Network,≤100
89324781720,Pat Toomey,Friends of Pat Toomey,≤100
313097997669,StreetLightUSA,StreetLightUSA,≤100
717417908274761,Lady Freethinker,Lady Freethinker,≤100
101351348287235,Robert Kliskey for State House,Friends of Robert Kliskey,≤100
215199482635728,Alek Skarlatos,ALEK FOR OREGON,≤100
104732736288252,Caroline Gleich,Protect Our Winters,≤100
8550121410,Free Speech America Project,MEDIA RESEARCH CENTER,≤100
117641114435,First Aid Beauty,First Aid Beauty,≤100
525171637666780,Sandy Piña California Delegate,RCR,≤100
1709145412721991,The Center for Growth and Opportunity at Utah State University,The Center for Growth and Opportunity,≤100
1691667177798461,Brut,Brut,≤100
114822686979118,Daily Saver,Smart Market Tips,≤100
354851377936744,BookTV,C-SPAN,≤100
131306317680000,Social Goods,"Social Goods, LLC",≤100
114319561948157,PCRF - Palestine Children's Relief Fund,Palestine Children's Relief Fund,≤100
115617711783870,Center for Union Facts,CENTER FOR UNION FACTS,≤100
253791814655400,Doug Collins,"COLLINS FOR SENATE, INC.",≤100
1977738355807406,Sharice For Congress,SHARICE FOR CONGRESS,≤100
242679302418244,Denison Forum,Denison Ministries,≤100
15041226930,Oxfam,"OXFAM AMERICA, INC.",≤100
1614690395258056,Into Action,Into Action,≤100
303167829786891,Ed Markey,THE MARKEY COMMITTEE,≤100
113302310024546,Medicare for All Education Initiative - MA,Kelley Caldwell Johnson,≤100
1014486318584089,Armed American Supply,Armed American Supply,≤100
682990071843813,Center for the Study of Liberty,Center for the Study of Liberty,≤100
217976018236954,OutKick,Outkick Media LLC,≤100
216311481960,Bill Gates,Bill Gates,≤100
556344894736772,"New England, New Energy",Resource Media,≤100
112488757165613,Blue Line Stockpile,Blueline Stockpile,≤100
124626320898336,Catholic Extension,"CATHOLIC CHURCH EXTENSION SOCIETY OF THE UNITED STATES OF AMERICA, THE",≤100
2040270322863853,Tina Smith,TINA SMITH FOR MINNESOTA,≤100
48818254473,Alexander Street,PROQUEST LLC,≤100
149366465128820,Nicole Galloway,Nicole Galloway for Missouri,≤100
100123544800892,Disme Coin Company,Byron Michael Laughlin,≤100
102180301437619,2020 American Defense Fund,C3 PAC,≤100
111316390402027,Melissa Watson for Congress,Melissa Watson for Congress,≤100
103185334702225,Stop Trump PAC,STOP 45 PAC,≤100
44340057816,Uncommon Goods,UncommonGoods,≤100
1498561767025112,Zephyr Teachout,Macmillan Publishing,≤100
101485931485408,UNITEDemocrats,UNITEDEMOCRATS PAC,≤100
181183059253295,Dorsal Bracelets,Dorsal Bracelets,≤100
169130743498585,Tactical Pro Supply,Chad Keller,≤100
101481584557260,Help Asheville Bears-HAB,Heather Christina Williams,≤100
106402714456835,Trees 4 Australia,Trees4Australia,≤100
169277310432049,"Texas Precision Optics, Inc.",Texas Precision Optics Inc,≤100
575574529481182,Karen Rose for School Board,Karen Rose for School Board,≤100
1192579580831773,Supermajority News,Supermajority,≤100
198875903295,Trek Bicycle,TREK BICYCLE CORPORATION,≤100
169440273093442,The Center for Election Science,The Center for Election Science,≤100
872842866161157,One Nation Design,One Nation Design,≤100
315151565831,Ascension,Ascension Press,≤100
106667854471975,Outspoken,Log Cabin Republicans,≤100
419992651425033,Guardianes del Pueblo-Consumer Law Group,Consumer Law Group,≤100
1634651343331439,Project Wren,Landon Brand,≤100
1641015179489659,Stand Up for Students Maine,Citizens Who Support Maine's Public Schools,≤100
234628203317767,Made for Freedom,Made for Freedom,≤100
751939164900480,Boston Broadside,Boston Broadside,≤100
173470656019870,The Daily Yonder,Great Stories LLC,≤100
101052811536245,Riley Gordon,Riley Gordon Committee To Elect for State Representative,≤100
58158120046,ACLJ,American Center for Law and Justice,≤100
537534316395916,Students for Trump,Turning Point Action,≤100
111735607213518,Leah Cushman for New Hampshire State Representative,Friends of Leah Cushman,≤100
105536127617594,The American Digest,The American Digest,≤100
104504438466,Federal Voting Assistance Program - FVAP,Federal Voting Assistance Program,≤100
157402764294444,"Union Mission Ministries, Norfolk","UNION MISSION INC, THE",≤100
100719625004234,Home and Community,Cynthia Nguyen,≤100
105882964535390,Cats Against Trump,Cats Against Trump,≤100
374848446414965,Pollking,Benjamin Aaron Perlman,≤100
19746387261,Humane Society International,Humane Society International,≤100
112796137088836,Havah For Vermont,Havah for Vermont,≤100
6165653060,AFSCME,AMERICAN FEDERATION OF STATE COUNTY & MUNICIPAL EMPLOYEES,≤100
111168783611294,Jesse Mermell for Congress,THE COMMITTEE TO ELECT JESSE MERMELL,≤100
162019154641651,Deliver Liberty,Deliver Liberty,≤100
50711561090,Muslim Advocates,MUSLIM ADVOCATES,≤100
109200595768753,The Christian Left,The Christian Left,≤100
112333396969405,Jim Bognet,Bognet for Congress,≤100
113238287134755,"American Target Advertising, Inc.",Marci Beth Troutman,≤100
258470931719484,The Why Minutes,The Why Minutes,≤100
108273884315449,Real American Patriot,Gold Sky Ventures LLC,≤100
94047978366,PCCC - BoldProgressives.org,PROGRESSIVE CHANGE CAMPAIGN COMMITTEE,≤100
105157841248307,No Filter Politics,No Filter Politics,≤100
101164484986617,To Be Frank Show,Real News PR,≤100
317667194946264,Ro Khanna,RO FOR CONGRESS INC,≤100
394382318084500,United Against Mitch,GUARDIAN PAC,≤100
581256405884164,John Graham for State Representative,John Graham for State Representative,≤100
518194348194441,RepresentUs,RepresentUs,≤100
198923770576,Annie Kuster,"KUSTER FOR CONGRESS, INC",≤100
819607471729183,Dr. Al Gross for US Senate,DR. AL GROSS FOR U.S. SENATE,≤100
502320477205654,I’m Bout Making My Ancestors Proud,Heritage Hill LLC,≤100
227535924071462,Animal Petitions,AnimalPetitions.org,≤100
231354176962252,Social Work Helper,"Social Work Helper, PBC",≤100
719913581472398,Napoli Shkolnik PLLC,Napoli Law,≤100
123965317665623,N-Hance Wood Refinishing,N-Hance Inc.,≤100
101888608186192,MedicalCommunitynet,Medical Community LLC,≤100
107225484068529,Donna Deegan for Congress,Donna Deegan For Congress,≤100
110010433804232,Falkirk Center,Falkirk Center,≤100
114959470308415,Americans Uniting,Grant Alan Johnston,≤100
49275915266,Marie Stopes International,MSI-US,≤100
92925746942,Judicial Watch,Judicial Watch,≤100
114510643684687,Woman Sisterhood,These ads ran without a disclaimer,≤100
100124595113383,Victor Ashe,"William F. Buckley, Jr. Program",≤100
104469014642258,Plushie President 2020,Joshua E Livingston,≤100
21472760578,C-SPAN,C-SPAN,≤100
21647204289,Michigan Education Association,Michigan Education Association,≤100
162493793737,Rick Green,Richard Arlin Green,≤100
1629757947259221,Vote Eric Robinson for School Board,Eric Robinson for School Board,≤100
143729616392084,Van Drew for Congress,Van Drew for Congress,≤100
1452551204988299,GoReact,Speakworks Inc,≤100
61265398450,AmeriCorps NCCC,Corporation for National and Community Service,≤100
9739634228,The Political Machine,"Hitcents.com, Inc",≤100
814260155318929,The Fairness Project,The Fairness Project,≤100
108506830560787,Jessica Scarane,JESS SCARANE FOR DELAWARE,≤100
100401327980848,National Parents Union,National Parents Union,≤100
582293558518300,Abby Broyles,ABBY BROYLES FOR US SENATE,≤100
139599847972,National Nurses United,National Nurses United,≤100
1613516851999536,Sunrise Movement,Sunrise,≤100
394817334402124,2020 Trump Bill,Innovative Ecomm LLC,≤100
2187379771585316,Protect Maine's Fishing Heritage,Protect Maine's Fishing Heritage,≤100
129523843754764,Vote Smart,PROJECT VOTE SMART,≤100
106245384043438,Tims For Congress,FRIENDS OF DESIREE TIMS,≤100
90498769709,Edenpure,EdenPURE®,≤100
106203264511020,Washington Changed Katko,DCCC,≤100
105943157686335,Trust Michigan Families,TRUST MICHIGAN FAMILIES,≤100
1632568446971453,Boredwalk,Boredwalk,≤100
431781483507232,Keep Katherine Fernandez Rundle State Attorney,"Katherine Fernandez Rundle, Democrat, for State Attorney",≤100
280704452367167,Jason Crow,JASON CROW FOR CONGRESS,≤100
412739549455010,Karena Reiter,PrimaDonna Reeds,≤100
36999871079,Survivors of the Abortion Holocaust,Survivors,≤100
166738743732702,All Above All Action,All Above All Action Fund,≤100
107439427661844,Accountable Tech,Accountable Tech,≤100
110439270638992,NE1else,Time Management LLc,≤100
112325855474892,Speak Up For Education and Kids,National Education Association,≤100
1925751504337881,MJ Hegar,MJ FOR TEXAS,≤100
227764782729,AMERICAN - STRONG!,American Strong LLC,≤100
1439364926329185,Animal Matters,Animal Matters,≤100
1640970822834351,Plaine Products,Plaine Products,≤100
7292655492,MoveOn,MOVEON.ORG CIVIC ACTION,≤100
21395843375,Dialysis Patient Citizens,DIALYSIS PATIENT CITIZENS INC,≤100
2049170775107862,Resistance By Design,Resistance By Design,≤100
1765073800454902,Reform Austin,Reform Austin Inc.,≤100
711909245654048,National Police Support Fund,National Police Support Fund,≤100
105084617912738,PatriotQuizzes,patriotquizzes.com,≤100
388547605724,Richard Neal,RICHARD E NEAL FOR CONGRESS COMMITTEE,≤100
746938465317981,Nuclear Matters,Nuclear Matters,≤100
13365227077,Planned Parenthood Advocates of Wisconsin,Planned Parenthood Advocates of Wisconsin,≤100
69983322463,Ted Cruz,TED CRUZ FOR SENATE,≤100
23245606841,Hachette Book Group,"Hachette Book Group, Inc.",≤100
18983389920,Open Society Foundations,Open Society Foundations,≤100
151525932186806,When Democrats Turn Out,WHEN DEMOCRATS TURN OUT PAC,≤100
2046092952294722,Lucy McBath for Congress,FRIENDS OF LUCY MCBATH,≤100
181924628560212,SumOfUs,SumOfUs,≤100
1397799040234106,OpinionUP,OpinionUP LLC,≤100
294508332028,Lakota People's Law Project,ROMERO INSTITUTE,≤100
24982445498,ProQuest,PROQUEST LLC,≤100
54787697857,Ron Wyden,WYDEN FOR SENATE,≤100
122894447754361,Institute for New Economic Thinking,"INSTITUTE FOR NEW ECONOMIC THINKING, THE",≤100
107847454354960,Weekly American Lifestyle,Steve San,≤100
103730928025980,Safe and Sound In 2020,Kin Ngai Yeung,≤100
614134231980299,Veterans Empowered To Protect African Wildlife,VETPAW INC,≤100