﻿Page ID,Page Name,Disclaimer,Amount Spent (USD)
153080620724,Donald J. Trump,TRUMP MAKE AMERICA GREAT AGAIN COMMITTEE,1545
7860876103,Joe Biden,BIDEN VICTORY FUND,971
819607471729183,Dr. Al Gross for US Senate,DR. AL GROSS FOR U.S. SENATE,688
201248453800242,My Pay My Say,Mackinac Center for Public Policy,548
308506536540046,Alaskans for Better Elections,Alaskans for Better Elections,528
108854430811842,Stop Pebble Mine,Stop Pebble Mine,491
106991060749369,OneALASKA,OneAlaska,466
282204825992162,Defend Bristol Bay,Defend Bristol Bay,451
376250065793807,Citizens for Responsible Energy Solutions,Citizens for Responsible Energy Solutions,424
1771156219840594,Team Trump,TRUMP MAKE AMERICA GREAT AGAIN COMMITTEE,389
1905515863109983,Power In Cooperation,Power in Cooperation,359
202626512363,U.S. Census Bureau,U.S. Census Bureau,332
156474368333576,Secure Democracy,Secure Democracy,273
102806281114082,Calvin For Alaska,Calvin For Alaska,257
392359454154322,John Coghill,Committee to Elect John Coghill,236
17023576156,The Leadership Conference on Civil and Human Rights,The Leadership Conference on Civil and Human Rights,207
111589660617431,Ray Metcalfe for State Senate District M,Ray Metcalfe for State Senate District M,203
677005135756125,Community Catalyst Action Fund,Community Catalyst Action Fund,203
698400060189827,Dan Sullivan,Alaskans for Sullivan,192
351193978049,Alaskans Together For Equality,Alaskans Together For Equality,191
6726182861,Mike Pence,TRUMP MAKE AMERICA GREAT AGAIN COMMITTEE,174
172758932738142,PhRMA,PHARMACEUTICAL RESEARCH AND MANUFACTURERS OF AMERICA,163
156968474833352,Stop Republicans,Stop Republicans,158
129343996929,The Council of Smokers and Drinkers,Russell Eric Biggs,128
160672827285727,Alaska Right to Life,Patrick Scott Martin,111
791543660926838,"I'll go ahead and keep my guns, Thanks",2A4LIFE LLC,110
20787991568,Senate Democrats,DSCC,101
114710126648118,Republican Dogs,Republican Dogs,≤100
2162483073873761,Alaska Counts,Alaska Counts,≤100
109268243766866,Vote Yes for Alaska's Fair Share,Vote Yes for Alaska's Fair Share Act,≤100
860274440783584,Chuck Kopp for State House,Chuck Kopp For State House,≤100
9324910069,NRSC,NRSC,≤100
160606690696999,Lynn Gattis for House,Committee to Elect Lynn Gattis,≤100
141901795868393,Alaska Democrats,ALASKA DEMOCRATIC PARTY,≤100
104856814505092,The Kids Guide,The Kids Guide,≤100
1494279480805358,Don Young,ALASKANS FOR DON YOUNG,≤100
103092094748381,Mel Gillis for State House,Mel Gillis for State House,≤100
2267285956849056,Donald Trump 2020 Fans,I Love My Freedom,≤100
2352630938293825,Mytacticalpromos,Entremax,≤100
106213237630889,Jesse Sumner for State House,Sumner For Alaska,≤100
2162483073873761,Alaska Counts,Paid for by Alaska Counts - Foraker Group with Facebook Ad Credits,≤100
1577980452527975,Permanent Fund Defenders,Permanent Fund Defenders,≤100
165987503528599,Lindsey Graham,"TEAM GRAHAM, INC.",≤100
150146095381144,Jennifer Johnston for State House,Vote Johnston,≤100
127225910653607,PragerU,PragerU,≤100
277005566267077,Blueland,Blueland,≤100
168051710543266,Lacy Johnson,Lacy Johnson for Congress,≤100
171531456850148,Kelly Merrick for Alaska House District 14,Kelly Richards Merrick,≤100
172460799476095,Re-Elect Senator Cathy Giessel,Re-Elect Senator Cathy Giessel for State Senate,≤100
231035737659762,Vote Josh Revak,Vote Josh Revak,≤100
245714155999429,Dr. Liz Snyder for Alaska,Liz Snyder for State House,≤100
176789922364429,Steve Daines,STEVE DAINES FOR MONTANA,≤100
127755494595870,Progressive Takeover,PROGRESSIVE TAKEOVER,≤100
235549116872263,Sara For State House,Sara Elizabeth Rasmussen,≤100
1615018905412860,Progressive Turnout Project,PROGRESSIVE TURNOUT PROJECT,≤100
1449461518652183,4Patriots,4Patriots LLC,≤100
101344661551391,Tom McKay for House District 24,Tom McKay State House 24,≤100
665345483483486,NRA - National Rifle Association of America,NATIONAL RIFLE ASSN OF AMERICA,≤100
294196590710262,FWD.us,FWD.us,≤100
505082913012317,Must Read Alaska,Must Read Alaska LLC,≤100
146064302139515,Alaska AFL-CIO,Alaska AFL-CIO,≤100
345504286342057,Keeping America Great Again,RightWingGear.com,≤100
96935476345,Democratic Governors Association (DGA),Democratic Governors Association,≤100
7263476274,Mercy Corps,Mercy Corps,≤100
925007000949719,ExxonMobil,Exxon Mobil Corporation,≤100
409786973169158,Tru Earth,These ads ran without a disclaimer,≤100
312092263965,Gabrielle LeDoux for State House,Gabrielle LeDoux for State House,≤100
373600379832804,Janice Park for Alaska,Janice For Alaska,≤100
373814729643508,Let America Vote,LET AMERICA VOTE PAC,≤100
328853823844484,Balance of Power,Balance of Power,≤100
133012286771509,Alaska Family Action,ALASKA FAMILY ACTION INC,≤100
802271849850801,Freedom for All Americans,Freedom for All Americans,≤100
153080620724,Donald J. Trump,"DONALD J. TRUMP FOR PRESIDENT, INC.",≤100
132492254050920,American AF,AAF Nation,≤100
102447628100658,Putting Alaskans First Committee,Putting Alaskans First Committee,≤100
388076585284592,SalmonState,SalmonState,≤100
2353537341582545,Proud Patriots,Proud Patriots,≤100
107858693983382,The GOP Shop,The GOP Shop,≤100
1061240530648502,Joe Collins,JOE COLLINS FOR CONGRESS,≤100
596556607135301,The Earthling Co.,The Earthling Co.,≤100
1520692664832232,Steve Thompson for State House,Steve Thompson for State House,≤100
85452072376,Newsmax,Newsmax Media,≤100
106244251043808,Reuse Plastics,"AMERICAN CHEMISTRY COUNCIL, INC.",≤100
602714436529710,End Citizens United,END CITIZENS UNITED,≤100
164581740257684,The Alaska Support Industry Alliance,The Alaska Support Industry Alliance,≤100
328072970642479,Jaime Harrison,JAIME HARRISON FOR US SENATE,≤100
96935476345,Democratic Governors Association (DGA),DEMOCRATIC ACTION,≤100
694206594066746,Patricia Faye-Brazel for State House,Patricia Faye-Brazel for State House,≤100
228754857151053,House Majority PAC,House Majority PAC,≤100
108462700747312,McCarty for State House District 13,McCarty for Alaska,≤100
213792049451918,Stand For America,Stand For America Inc,≤100
109379100777665,Patriotism Isn't Dead,Patriot Polling,≤100
106094077803532,Our National Family,Patrick Le Tran,≤100
107363964202840,Natural Security,Natural Security,≤100
278490715553293,Martha McSally,MCSALLY FOR SENATE INC,≤100
158791100909689,Concerned Veterans for America,Concerned Veterans for America,≤100
2330577043935831,Sara Gideon,SARA GIDEON FOR MAINE,≤100
1570118656645702,Nicholas Begich,Nicholas Joseph Begich Iii,≤100
7814597100,Jim Jordan for Congress,JIM JORDAN FOR CONGRESS,≤100
717115395103069,PrintedKicks,Printed Kicks,≤100
393932827634250,Dissent Pins,Common Practice,≤100
261251701066374,Connie for House,Connie Dougherty for House,≤100
259130650776119,Mitch McConnell,MCCONNELL SENATE COMMITTEE,≤100
101237551589520,Tactical Patriot,Trizzie Truong,≤100
1528980567353817,Love Has No Labels,Love Has No Labels with Facebook Ad Credits,≤100
737686089933715,Conservative Collections,Mainline Media Group,≤100
163148530407080,Captain Mark Kelly,MARK KELLY FOR SENATE,≤100
1316372698453411,Alexandria Ocasio-Cortez,Alexandria Ocasio-Cortez for Congress,≤100
81124177592,Planned Parenthood of the Great Northwest and the Hawaiian Islands,Planned Parenthood of the Great Northwest and Hawaiian Islands,≤100
227877611392,The Alaska Center,The Alaska Center,≤100
7476269851,Congressman Don Young,The Office of Congressman Don Young,≤100
8501031021,VoteVets.org,VOTEVETS,≤100
355316521236121,John Cornyn,TEXANS FOR SENATOR JOHN CORNYN INC.,≤100
430591143647722,Pebble Project Updates,Pebble Limited Partnership,≤100
830121337093232,National Democratic Training Committee,NATIONAL DEMOCRATIC TRAINING COMMITTEE PAC,≤100
101279451606075,Democratic Strategy Institute,Democratic Strategy Institute,≤100
1809078699219595,Fat Tire,"NEW BELGIUM BREWING COMPANY, INC.",≤100
105756057589080,The Lincoln Project,The Lincoln Project,≤100
53541257714,The Arc of the United States,The Arc with Facebook Ad Credits,≤100
5435784683,Greenpeace USA,"GREENPEACE, INC.",≤100
100256754899828,Patriot's Cave,Patriots Cave,≤100
100199974864208,Christopher Kurka for House,Chris Kurka for House,≤100
481559282597914,TrumpersUnite,Respect The Look,≤100
6204742571,Sierra Club,SIERRA CLUB,≤100
215968684159,AFT - American Federation of Teachers,American Federation of Teachers,≤100
118502801658228,Young Kim,Young Kim for Congress,≤100
23875187730,Feeding America,Feeding America,≤100
108173075911611,National Association of Letter Carriers,National Association of Letter Carriers,≤100
373814729643508,Let America Vote,Let America Vote PAC and National Democratic Redistricting Committee,≤100
116383023086718,"Natasha von Imhof for Alaska State Senate, District L",Natasha von Imhof for State Senate,≤100
105577974544303,The USA Needs More Patriots,Anthony Alexander Morales,≤100
45393753416,Alliance Defending Freedom,Alliance Defending Freedom,≤100
8325302025,Friends of the Earth U.S.,Friends of the Earth,≤100
21375324480,The Heritage Foundation,HERITAGE FOUNDATION (THE),≤100
114637973661405,Stedman For Senate,Stedman For Senate,≤100
100137754724934,Trump 2020 Supporters,Proud Right Winger,≤100
113666459994300,Big Dan Rodimer for Congress,RODIMER FOR CONGRESS,≤100
245284549333866,ASMDSS,ASMDSS,≤100
103597604713894,Team Trump Store,TRUMP MAKE AMERICA GREAT AGAIN COMMITTEE,≤100
327837911149503,2A4Life,2A4LIFE LLC,≤100
105577974544303,The USA Needs More Patriots,AmeriPolling,≤100
2411393962413940,Defend Alaska,Defend Alaska,≤100
1109093812491437,Blaze Media,Blaze Media LLC,≤100
51405613519,Focus on the Family,Focus on the Family,≤100
314499212242,Pfizer,Pfizer Inc.,≤100
305832706292882,American Gun Association,GunAssociation.org,≤100
461204744067686,Family Protection Association,Family Protection Association,≤100
114625730266879,Republican Voters Against Trump,Defending Democracy Together,≤100
106323360959211,Patriots Republic,Matthew James Stine,≤100
101819051503206,Stephen Trimble for Alaska,Stephen Trimble for Alaska,≤100
100508961702210,LD Howard for State House District 9,Alaskans for LD,≤100
109111900634787,Reverend Raphael Warnock,WARNOCK FOR GEORGIA,≤100
1336293769761923,Jon Ossoff,JON OSSOFF FOR SENATE,≤100
165478483600768,Municipality of Anchorage Clerk's Office,These ads ran without a disclaimer,≤100
1316372698453411,Alexandria Ocasio-Cortez,THE SQUAD VICTORY FUND,≤100
102329548192435,James Baisden for Alaska State House District 30,James Cullen Baisden,≤100
342294162453301,Planned Parenthood,Planned Parenthood Federation of America,≤100
102671331487937,I Love My Freedom Store,I Love My Freedom,≤100
1883837055193241,Shield Republic,Shield Republic,≤100
111428049989,Cal Cunningham,CAL FOR NC,≤100
629732217415068,Republican Party,Greater Half,≤100
1228396643984955,Michelle Steel,Michelle Steel for Congress,≤100
113910760341973,Taryn Hughes for Fairbanks,Taryn Hughes for Alaska,≤100
46093654473,National Republican Congressional Committee,NRCC,≤100
111393882812494,Amy McGrath,"AMY MCGRATH FOR SENATE, INC.",≤100
107654924064350,Pat Timmons-Goodson,PATRICIA TIMMONS-GOODSON FOR CONGRESS,≤100
370345423898,Alaska Children's Trust,Alaska Children's Trust,≤100
107210084216238,Humanity Forward,Humanity Forward,≤100
296708523873754,Karla Dennis and Associates Inc.,"Karla Dennis & Associates, Inc",≤100
106945067713451,Evan Eads for State Senate,Evan Abraham Eads,≤100
106645684412573,Cover Air Medical,Cover Air Medical,≤100
41182871633,National Museum of American Jewish History,National Museum of American Jewish History,≤100
132068606851719,Hippie Runner Funktional Runwear,These ads ran without a disclaimer,≤100
106224464107240,Jo Jorgensen,Jo Jorgensen for President,≤100
108901687567015,Patriots Sound Off,Richard Brochetti,≤100
49651563727,Live Action,Live Action,≤100
108455397202490,Vote Kevin McCabe,Vote Kevin McCabe,≤100
57259033959,AARP,AARP,≤100
105603007913993,Kenny Solomon-Gross for Assembly,Kenny Solomon-Gross for Assembly,≤100
116222966843926,US Concealed,US Concealed,≤100
167586229923327,World Food Program USA,World Food Program USA,≤100
6165653060,AFSCME,AMERICAN FEDERATION OF STATE COUNTY & MUNICIPAL EMPLOYEES,≤100
50982313030,Food & Water Watch,Food & Water Watch,≤100
977704775606273,Balls Deep Tackle,Balls Deep Tackle,≤100
598924810530984,Keeping America Great,FamTeeWorld,≤100
605168822998856,314 Action,314 ACTION FUND,≤100
309798029121030,Everytown for Gun Safety,Everytown for Gun Safety Action Fund Inc,≤100
309308412520731,Sandy Hook Promise,Sandy Hook Promise,≤100
15687409793,World Wildlife Fund,World Wildlife Fund,≤100
87186661244,Johns Hopkins Bloomberg School of Public Health,Johns Hopkins Bloomberg School of Public Health,≤100
675471506247724,Adair for Congress,ADAIR FOR CONGRESS,≤100
1836138529938551,Greater Half,Greater Half,≤100
8492293163,Environmental Defense Fund,Environmental Defense Fund,≤100
103654464668995,Home With Our Family,Alexander Chung,≤100
192015461630968,Supporting Our Brave Veterans,James Brian Plouf,≤100
101210588150219,Boy Scouts Abuse Claims,X Social Media LLC,≤100
664036890594327,Bill Johnson for House,Bill Johnson for House,≤100
25852730092,Care2,Care2 Inc,≤100
417522508294454,Job Creators Network,Job Creators Network,≤100
10423517786,Harvard Business Review,HARVARD BUSINESS SCHOOL PUBLISHING CORPORATION,≤100
109686927464615,Adam Lees for State House,Adam for State House,≤100
551158678560402,Epimonia,Epimonia LLC,≤100
115379705206001,U.S. Department of Homeland Security Blue Campaign,DHS Blue Campaign,≤100
102617961152741,Barbara Bollier,BOLLIER FOR KANSAS,≤100
8934429638,Planned Parenthood Action,Planned Parenthood Action Fund,≤100
215830238462422,The LIBRE Initiative,The Libre Initiative,≤100
104614641200137,MeidasTouch,MEIDASTOUCH,≤100
7292655492,MoveOn,MOVEON.ORG POLITICAL ACTION,≤100
33110852384,Doctors Without Borders/Médecins Sans Frontières (MSF),Doctors Without Borders/Médecins Sans Frontières (MSF),≤100
1405256543019995,League of Women Voters Alaska,Judith Andree,≤100
19342050934,Leadership Institute,LEADERSHIP INSTITUTE INC,≤100
19192438096,AAAS - The American Association for the Advancement of Science,American Association for the Advancement of Science,≤100
15188122178,The Hamilton Collection,The Hamilton Collection,≤100
342887442508723,Convention of States,Convention of States Action,≤100
18982436812,ACLU,American Civil Liberties Union,≤100
560140464159364,Stand for the 2nd Amendment,SFT2 Tactical Supply,≤100
30139072158,CARE,CARE,≤100
111138233572293,Brandon Boylan for School Board,Brandon Boylan for School Board,≤100
429812024048177,Doug Jones for Senate,DOUG JONES FOR SENATE COMMITTEE,≤100
178024352559210,Great America PAC,GREAT AMERICA PAC,≤100
27544763621,Prison Fellowship,Prison Fellowship,≤100
105732744375701,Steve Bullock,MONTANANS FOR BULLOCK,≤100
8047221596,Save the Children US,"SAVE THE CHILDREN FEDERATION, INC.",≤100
109381103998579,Nelson for State House-District 15,David Matthew Nelson,≤100
101690998009007,Improving Life Through Health,Nicolette Dalan,≤100
934438026690635,YouGov,YOUGOV AMERICA INC.,≤100
108029674299216,We The People,We The People,≤100
36872302227,Cory Booker,Cory Booker for Senate,≤100
894096170667732,Ashley Hinson,Ashley Hinson For Congress,≤100
2037695643113766,Blexit,Blexit Foundation,≤100
16477459734,League of Conservation Voters,"LEAGUE OF CONSERVATION VOTERS, INC",≤100
104684067632334,Unite the Country,UNITE THE COUNTRY,≤100
586751814690068,Joni Ernst,Joni for Iowa,≤100
110018833813683,Flip the Senate,SMP,≤100
143089732792,Marsha Blackburn,Blackburn Tennessee Victory Fund,≤100
104051398040027,CCW Online Now_,Concealed Country,≤100
892673067526965,Project War Path,Project War Path,≤100
834645469890446,Devin Nunes,DEVIN NUNES CAMPAIGN COMMITTEE,≤100
26006662641,Arizona Democratic Party,Arizona Democratic Party,≤100
1690071827911682,Cleancult,cleancult,≤100
102478061559294,Convention on Founding Principles,Convention on Founding Principles,≤100
780941275347834,Ilhan Omar,ILHAN FOR CONGRESS,≤100
219612384781411,Bloomberg Philanthropies,Bloomberg Philanthropies,≤100
101781744709441,Leningrad Lindsey Graham,Darian,≤100
7833534974,Florida Democratic Party,Florida Democratic Party,≤100
257019421075897,Cory Gardner,Cory Gardner for Senate,≤100
42872222699,Dana Loesch,Dana Loesch Radio,≤100
104170004713256,Elect Black Democrats,THE COLLECTIVE PAC,≤100
80562389320,NARAL Pro-Choice America,NARAL Pro-Choice America,≤100
129255907131113,NumbersUSA,NUMBERSUSA EDUCATION AND RESEARCH FOUNDATION,≤100
5720973755,Defenders of Wildlife,DEFENDERS OF WILDLIFE,≤100
104934207736995,Paycheck to Paycheck,Center for American Progress Action Fund,≤100
587560171926370,Small Business Recovery Initiative,"Small Business Recovery Initiative, Inc",≤100
971668776283950,PolicyEd,Hoover Institution,≤100
1438808983108348,BOLD PAC,CHC BOLD PAC,≤100
212824105404256,Cook Inletkeeper,COOK INLETKEEPER,≤100
628891490457484,Nancy Mace,Nancy Mace for Congress,≤100
72186095846,Center For American Progress Action Fund,Center for American Progress Action Fund,≤100
100683301630987,Mike Cronk for State House,Mike Cronk State House 2020,≤100
1393911800825140,OZY,OZY Media Inc,≤100
407664862957433,Ammar Campa-Najjar for Congress,AMMAR CAMPA-NAJJAR FOR CONGRESS,≤100
107589664099282,Stand Up To China,"Stand Up To China, Inc.",≤100
681745912255844,John Cummings for Congress,CUMMINGS FOR CONGRESS,≤100
103644036958,United Association,United Association Political Education Committee,≤100
1530883997194411,United States Constitution,Flag and Cross,≤100
236369846383459,Congressional Black Caucus PAC,Congressional Black Caucus PAC,≤100
123078601659716,ROCK Mat-Su,R.O.C.K. Mat-Su,≤100
130467958471,Jason Lewis,Jason Lewis for Senate,≤100
21559454473,FAIR,FEDERATION FOR AMERICAN IMMIGRATION REFORM,≤100
540707072979860,Brian Maryott,MARYOTT FOR CONGRESS,≤100
103235554648484,Elect Scientists,314 ACTION FUND,≤100
277414242013,Joyce Elliott for Congress,JOYCE ELLIOTT FOR CONGRESS,≤100
202600839762879,I Am Pro-Life,Focus on the Family,≤100
530604487365010,Old Glory Flagpole Kits,Service First Flag Poles,≤100
593289284500311,Trump Rack,BOXD Marketing,≤100
6041057841,The Humane Society of the United States,"HUMANE SOCIETY OF THE UNITED STATES, THE",≤100
38471053686,Elizabeth Warren,"WARREN DEMOCRATS, INC.",≤100
102592959026,Ocean Conservancy,"OCEAN CONSERVANCY, INC.",≤100
17911165812,Covenant House International,Covenant House,≤100
100699775058659,Education Now NC,Education Now,≤100
102916288137405,The Daily Republican,USA Movements LLC,≤100
108683164271262,Patriots for Life,Grant Alan Johnston,≤100
101136147910784,Represent Justice,Represent Justice,≤100
719913581472398,Napoli Shkolnik PLLC,Napoli Law,≤100
100719625004234,Home and Community,Cynthia Nguyen,≤100
11791104453,NRDC,Natural Resources Defense Council,≤100
38235851310,USA for UNHCR,UNITED STATES ASSOCIATION FOR UNHCR,≤100
345378512258813,Elise Stefanik,ELISE FOR CONGRESS,≤100
592707041080920,Stand Together,Stand Together Chamber of Commerce Inc.,≤100
105370081104608,Veterans for Trump,TRUMP MAKE AMERICA GREAT AGAIN COMMITTEE,≤100
2012750189007245,Liquid Death Mountain Water,Liquid Death,≤100
108118933908193,Next Level Goods,Next Level Goods LLC,≤100
140357056032320,NEA Today,National Education Association,≤100
620717045241728,101Concealed,101Concealed,≤100
18709174006,National Audubon Society,"NATIONAL AUDUBON SOCIETY, INC.",≤100
111357233908653,Carl Johnson for State Senate,Carl Johnson for Alaska,≤100
6820348410,Kirsten Gillibrand,Off the Sidelines,≤100
210277954204,The Young Turks,"The Young Turks, Inc.",≤100
7962229886,Environmental Working Group,ENVIRONMENTAL WORKING GROUP,≤100
530604487365010,Old Glory Flagpole Kits,Service First,≤100
2078647579047586,Project Pulso,Project Pulso,≤100
420785874975425,Conservative Institute,The Conservative Institute,≤100
7483836629,Ancestry,Ancestry.com Operations Inc.,≤100
251044965436699,Changing Dynamics,Riley Thomas Sutton,≤100
143986912311328,University of Vermont Continuing and Distance Education,University of Vermont,≤100
166618413413767,Jay Sekulow,American Center for Law and Justice,≤100
162493793737,Rick Green,Richard Arlin Green,≤100
104504438466,Federal Voting Assistance Program - FVAP,Federal Voting Assistance Program,≤100
169710960125365,Curzio Research,Curzio Research Inc.,≤100
245741028804051,Barbara Sinatra Center,Barbara Sinatra Children's Center,≤100
17203056985,Partners In Health,Partners In Health,≤100
106949844346620,Trumpian Republicans,Gregory Lawrence Burright,≤100
293225127381200,Patriot Depot,The Patriot Depot,≤100
18813753280,Human Rights Campaign,"HUMAN RIGHTS CAMPAIGN, INC.",≤100
100233228182981,Madison Cawthorn for Congress,CAWTHORN FOR NC,≤100
107456897451127,Alaskans for Al,Laura Beth Marcus,≤100
788394134539871,USPS Business,United States Postal Service,≤100
6236054211,Brady,Brady Campaign to Prevent Gun Violence,≤100
123963360928,SiriusXM,SIRIUS XM RADIO INC.,≤100
2309566456030859,Human Coalition Action,Human Coalition Action,≤100
775525186130124,Center for a Free Economy,Center for a Free Economy,≤100
111023584012681,Open Road Homeward,Samantha Lyn Weldon,≤100
213687698658,Americans for Prosperity Foundation,Americans for Prosperity Foundation,≤100
911828698840246,ReLEntless Defender Apparel,ReLEntless Defender Apparel,≤100
376776419037747,Turning Point USA,Turning Point USA,≤100
6500552187,Hulu,"HULU, LLC",≤100
110987110398146,Make Liberty Win PAC,MAKE LIBERTY WIN,≤100
100119981671668,Blue Senate,BLUE SENATE PAC,≤100
83290028957,Care Net,CARE NET,≤100
490146091123057,Dan Mayfield For Senate,James Daniel Mayfield,≤100
119006106155684,PI Energy,Andrew P Chung,≤100
107248944146204,Carlos Gimenez for Congress,Carlos Gimenez for Congress,≤100
24330467048,Americans for Prosperity,AMERICANS FOR PROSPERITY,≤100
19420215926,CNSNews.com,MEDIA RESEARCH CENTER,≤100
1917715138510680,Follow Your Legend,Legend Bracelet,≤100
106548920791445,Julia Hnilicka for Alaska State House,Julia Alaska,≤100
116534199732974,USA Carry Online,USA Carry Online,≤100
105010030848236,Bryant Cameron Webb,DR. CAMERON WEBB FOR CONGRESS,≤100
1859113087545137,Learn Everywhere,"yes. every kid, Inc.",≤100
30708742052,FCTRY,FCTRY,≤100
25121889784,Texas Public Policy Foundation,Texas Public Policy Foundation,≤100
105984667872147,Patriotic Liberty,Vivian Lam Nguyen,≤100
134452023239984,Human Coalition,Human Coalition,≤100
1764185850558806,Apex Clean Energy,Apex Clean Energy,≤100
210357995667559,The National Memo,The National Memo,≤100
34362997676,United States Holocaust Memorial Museum,UNITED STATES HOLOCAUST MEMORIAL MUSEUM,≤100
153678684700451,American Investment Council,AMERICAN INVESTMENT COUNCIL,≤100
195530355493,Chicks On The Right,Chicks on the Right,≤100
302182941354,AARP Advocates,AARP,≤100
467804929927622,Jason Smith,JASON SMITH FOR CONGRESS,≤100
142370046577999,Shahid Buttar for Congress,Shahid Buttar for Congress Committee,≤100
2146201085498440,Tony Gonzales,Tony Gonzales for Congress,≤100
1551109418518461,The Honest Patriot,Amundson Media LLC,≤100
184731548554164,PL+US,Plus Fund: Paid Leave for the United States,≤100
24481937944,Theodore Roosevelt Conservation Partnership,"THEODORE ROOSEVELT CONSERVATION PARTNERSHIP, INC",≤100
7976226799,The Daily Show,Comedy Central,≤100
313097997669,StreetLightUSA,StreetLightUSA,≤100
107847454354960,Weekly American Lifestyle,Steve San,≤100
103268654671592,Ed King for State House,Edward Michael King Jr,≤100
655065784538368,PredictIt,"PredictIt - Prediction Markets. A project of Victoria University of Wellington, PredictIt has been established to facilitate research into the way markets forecast events.",≤100
607626319739286,Black Voices for Trump,TRUMP MAKE AMERICA GREAT AGAIN COMMITTEE,≤100
42002969352,Center on Budget and Policy Priorities,Center on Budget and Policy Priorities,≤100
159964696102,Kevin McCarthy,KEVIN MCCARTHY FOR CONGRESS,≤100
109360297266116,Fearless Patriot,TERESA NONE OHARA-MARSH,≤100
223008867858902,American Action News,American Action News,≤100
178835922297833,American Clinical Laboratory Association,American Clinical Laboratory Association,≤100
206677396413254,Abortion On Our Own Terms,Abortion On Our Own Terms,≤100
102745147891580,Trump Coolers,Eric Clifford Juels,≤100
102781694834193,American Herald,America First Action,≤100
10498053716,Media Research Center,MEDIA RESEARCH CENTER,≤100
27311599342,Preemptive Love,Preemptive Love Coalition,≤100
101278694809805,Meme2020,Meme2020,≤100
32682889528,U.S. Chamber of Commerce,The U.S. Chamber of Commerce,≤100
100817908371975,The Patriot Authority,Catherine Sue Mantooth,≤100
112694470356789,Trumpcare For America,Stuart Joseph Millar,≤100
6231686654,Compassion International,"COMPASSION INTERNATIONAL, INCORPORATED",≤100
46347342434,EMILY's List,EMILY'S LIST,≤100
219247332354785,Phil Arballo for Congress,ARBALLO FOR CONGRESS,≤100
113891694102,Energy Citizens,AMERICAN PETROLEUM INSTITUTE,≤100
96171427550,Raja for Congress,FRIENDS OF RAJA FOR CONGRESS,≤100
110089227413037,The Prepared Patriot,Edward Ha,≤100
333710103706307,Giffords,GIFFORDS PAC,≤100
215483428568027,Ron Kresha For Minnesota,Campaign For Ron Kresha,≤100
433919203362871,Bird + Stone,BIRD & STONE INC,≤100
135298176481584,Marine Corps Scholarship Foundation,Marine Corps Scholarship Foundation,≤100
317284821682168,Messianic Jewish Alliance of America (MJAA),Messianic Jewish Alliance of America,≤100
102636677971854,Trump Is The Storm,Legendary Trump Coins,≤100
112735922758892,Charlie Kirk,Charlie Kirk,≤100
90498769709,Edenpure,EdenPURE®,≤100
679171239164792,Supermajority,Supermajority,≤100
35169196082,Project HOPE,"PROJECT HOPE-THE PEOPLE-TO-PEOPLE HEALTH FOUNDATION, INC.",≤100
21472760578,C-SPAN,C-SPAN,≤100
7219151423,The Fund for American Studies (TFAS),The Fund for American Studies,≤100
209516845093,NRDC Action Fund,NRDC Action Fund,≤100
237477017606,Club for Growth,Club for Growth,≤100
1014486318584089,Armed American Supply,Armed American Supply,≤100
51379424899,Mercy Ships,MERCY SHIPS INTERNATIONAL,≤100
149081336362,AmeriCorps VISTA,Corporation for National and Community Service,≤100
215199482635728,Alek Skarlatos,ALEK FOR OREGON,≤100
465483726908192,iVote,IVote Civic Education Fund,≤100
1012844478903955,Permeating Light Project,Lady Donna Dutchess,≤100
555787351119974,Coalition to Protect America's Health Care,Coalition to Protect America's Health Care,≤100
132732160104163,Ford Foundation,"FORD FOUNDATION, THE",≤100
221401431386940,Pramila Jayapal,PRAMILA FOR CONGRESS,≤100
221890358218748,Til Valhalla Project,Til Valhalla Project,≤100
6820348410,Kirsten Gillibrand,Gillibrand for Senate,≤100
2185993931653388,The Recount,"Recount Media, Inc",≤100
104667417857551,United Association LLC,United Association LLC,≤100
109678580574253,Politicool Clothing Co.,PolitiCoolClothing.com,≤100
638492549896672,Liberal Humans,Liberal Humans,≤100
113266897143669,Stand To Defend,Korie Lynn Padgett,≤100
176099072429809,Oceana in Florida,OCEANA,≤100
341513602902369,CALL TO ACTIVISM,CALL TO ACTIVISM,≤100
112333396969405,Jim Bognet,Bognet for Congress,≤100
61265398450,AmeriCorps NCCC,Corporation for National and Community Service,≤100
493811210669780,Creative Action Network,Creative Action Network,≤100
94047978366,PCCC - BoldProgressives.org,PROGRESSIVE CHANGE CAMPAIGN COMMITTEE,≤100
101525774999212,BLM,Bryan Daley,≤100
746938465317981,Nuclear Matters,Nuclear Matters,≤100
162019154641651,Deliver Liberty,Deliver Liberty,≤100
2256321067930356,Liberteeclub,libertyteeshop,≤100
246846192720018,War On Our Future,The Years Project,≤100
7686808625,Jim Inhofe,FRIENDS OF JIM INHOFE,≤100
109267407229927,ZIPO: Zero Interest Principal Only,ZIPO Inc,≤100
255208337943901,Jobs Growth,"JOBS FREEDOM AND SECURITY PAC, Not authorized by any candidate or candidate’s committee.",≤100
294508332028,Lakota People's Law Project,ROMERO INSTITUTE,≤100
357750373755,National Domestic Workers Alliance,National Domestic Workers Alliance,≤100
2165983337048601,LeverforChange,Lever for Change,≤100
79125112926,Students for Life of America,"STUDENTS FOR LIFE OF AMERICA, INC.",≤100
6713653788,Gary Peters,PETERS FOR MICHIGAN,≤100
261663760956534,America First Policies,America First Policies Inc,≤100
531623043662146,Flags of Valor,Flags of Valor,≤100
30914589895,The International Fellowship of Christians and Jews,"INTERNATIONAL FELLOWSHIP OF CHRISTIANS & JEWS, INC.",≤100
109459597525704,Living in Liberty,Jae W Seo,≤100
105084617912738,PatriotQuizzes,patriotquizzes.com,≤100
115757826468774,Statsigo,Statsigo,≤100
212375358784914,Ed Brodsky for State Attorney,Ed Brodsky for State Attorney,≤100
308353252483,Kristi Noem,Kristi for Governor,≤100
389417997767095,SourceAmerica,SOURCEAMERICA,≤100
263210730984251,We Are Great Again Pac,WE ARE GREAT AGAIN PAC,≤100
67626834312,National Women's Law Center,National Women's Law Center,≤100
2225580284361712,Tommy Tuberville,"TUBERVILLE FOR SENATE, INC.",≤100
21395843375,Dialysis Patient Citizens,DIALYSIS PATIENT CITIZENS INC,≤100
109092142462587,Adam Schiff,SCHIFF FOR CONGRESS,≤100
58158120046,ACLJ,American Center for Law and Justice,≤100
77790954801,Salesian Missions,Salesian Missions,≤100
614134231980299,Veterans Empowered To Protect African Wildlife,VETPAW INC,≤100
197760674021143,Indivisible Guide,INDIVISIBLE ACTION,≤100
354851377936744,BookTV,C-SPAN,≤100
2081864865362439,Mike Espy,MIKE ESPY FOR SENATE CAMPAIGN COMMITTEE,≤100
205395906412,UAW International Union,"INTERNATIONAL UNION, UNITED AUTOMOBILE, AEROSPACE AND AGRICULTURAL IMPLEMENT WORKERS OF AM",≤100
259212814698356,Democratic Majority for Israel,Democratic Majority for Israel,≤100
143729616392084,Van Drew for Congress,Van Drew for Congress,≤100
408250066356,Bill O'Reilly,"Bill Me, Inc.",≤100
1055873511190792,Hello Resistance,Hello Resistance Apparel,≤100
304750332920654,Carl DeMaio,Reform California,≤100
331037760381749,Sierra Magazine,SIERRA CLUB,≤100
112420993589373,Young and Old for America,Andrew Joseph Young,≤100
56332452163,AMA Patients Action Network,American Medical Association,≤100
100697751658498,Stronger.org,The Public Good Projects,≤100
15239367801,The Wilderness Society,"WILDERNESS SOCIETY, THE",≤100
511235549007985,PRJKT RUBY,PRJKT RUBY,≤100
291102898490822,Giant Maga Hat,Inventors club LLC,≤100
1192579580831773,Supermajority News,Supermajority,≤100
102389457864860,Treehuggers Bracelets,ECOMX LLC,≤100
114302593701939,Silent Majority Member,Silent Majority Member,≤100
97493741436,John W. Hickenlooper,HICKENLOOPER FOR COLORADO,≤100
194115677277113,A21,A21 with Facebook Ad Credits,≤100
111702860231554,Matt Lieberman,Matt Lieberman for Senate,≤100
322551718276442,Lemons Are Blue,Lockwell LLC,≤100
740266592735787,Free to Be Kids,Free To Be Kids,≤100
590905468266473,US Apparel 2020,Americas Finest Products,≤100
181924628560212,SumOfUs,SumOfUs,≤100
122150409780,UC San Diego,University of California San Diego,≤100
103730928025980,Safe and Sound In 2020,Kin Ngai Yeung,≤100
706716899745696,Women for Trump,TRUMP MAKE AMERICA GREAT AGAIN COMMITTEE,≤100
1439829396312534,The Movement for Black Lives,Movement for Black Lives,≤100
156994304362574,American Bridge 21st Century,AB PAC,≤100
360424321432255,Doha Debates,Doha Debates,≤100
111168783611294,Jesse Mermell for Congress,THE COMMITTEE TO ELECT JESSE MERMELL,≤100
149366465128820,Nicole Galloway,Nicole Galloway for Missouri,≤100
151525932186806,When Democrats Turn Out,WHEN DEMOCRATS TURN OUT PAC,≤100
8057376739,The Nature Conservancy,Nature Conservancy,≤100
384557995468219,Viral Casez,Viral Casez,≤100
173837496125511,Conscious Step,Conscious Step,≤100
108296990863730,Hero Action Fund,Hero Action Fund,≤100
111699680636304,Vermont Conservation Voters Action Fund,Vermont Conservation Voters Action Fund,≤100
661744180680367,National Police Association,"NATIONAL POLICE ASSOCIATION, INC.",≤100
112600915451330,No Labels,No Labels,≤100
1799282383731277,TwoSeventy,Alexander Jared Deutsch,≤100
103185334702225,Stop Trump PAC,STOP 45 PAC,≤100
36999871079,Survivors of the Abortion Holocaust,Survivors,≤100
1526736227567131,TrueCoverage,True Coverage,≤100
419237048158257,Susan Collins,COLLINS FOR SENATOR,≤100
100401327980848,National Parents Union,National Parents Union,≤100
15771560300,Earthjustice,EARTHJUSTICE,≤100
203330919857759,All On The Line,National Redistricting Action Fund,≤100
455147011996099,The Ann and Phelim Scoop,The Unreported Story Society,≤100
163302087408673,Stop The Donald,Stop the Donald,≤100
114959470308415,Americans Uniting,Grant Alan Johnston,≤100
186932688457686,CHNGE,CHNGE,≤100
169440273093442,The Center for Election Science,The Center for Election Science,≤100
1678492922390061,WorkingNation,WorkingNation,≤100
114475890010131,Piggy Dollar Financial,Tyler Wayne Hedland,≤100
114822686979118,Daily Saver,Smart Market Tips,≤100
108152933883451,TrumpTrendz,Troy Lorenzo Davis,≤100
105455840860559,EagleRealm LLC,Eagle Realm,≤100
79820371749,Ayanna Pressley,THE SQUAD VICTORY FUND,≤100
1600352356914768,PushBlack,PushBlack,≤100
103934071014071,Fire Drill Fridays,"GREENPEACE, INC.",≤100
799539910084929,Shaun King,"Premiere Marketing, Inc.",≤100
152264148166020,Moms Clean Air Force,Moms Clean Air Force,≤100
114319561948157,PCRF - Palestine Children's Relief Fund,Palestine Children's Relief Fund,≤100
278487153675,Redneck Nation Clothing,Tracie Milliron Gold,≤100
18983389920,Open Society Foundations,Open Society Foundations,≤100
683872625157265,Theresa Greenfield,THERESA GREENFIELD FOR IOWA,≤100
217976018236954,OutKick,Outkick Media LLC,≤100
1443127535947107,Save the Children Action Network,Save the Children Action Network,≤100
121626482110,Operation Smile,"OPERATION SMILE, INC.",≤100
108273884315449,Real American Patriot,Gold Sky Ventures LLC,≤100
7292655492,MoveOn,MOVEON.ORG CIVIC ACTION,≤100
104469014642258,Plushie President 2020,Joshua E Livingston,≤100
141692255929599,Democratic Socialists of America,DEMOCRATIC SOCIALISTS OF AMERICA INC,≤100
169130743498585,Tactical Pro Supply,Chad Keller,≤100
12683623041,Society for Human Resource Management (SHRM),SOCIETY FOR HUMAN RESOURCE MANAGEMENT,≤100
106756327769815,Stand For The Promise,Stand For The Promise,≤100
1977738355807406,Sharice For Congress,SHARICE FOR CONGRESS,≤100
105536127617594,The American Digest,The American Digest,≤100
1934191280189700,Health Care Voter,Health Care Voter,≤100
104896112844,Wake County Government,John Andrew Hamlin,≤100
114893233534632,Taking Back America,Apse Media LLC,≤100
101481584557260,Help Asheville Bears-HAB,Heather Christina Williams,≤100
45555240203,America First Credit Union,America First Credit Union,≤100
1653251174924652,Fuzzu,Fuzzu,≤100
467503009987109,"Healthy Forests, Healthy Communities","Healthy Forests, Healthy Communities",≤100
280704452367167,Jason Crow,JASON CROW FOR CONGRESS,≤100
182242252476443,Lyn Franks For State House,Lyn Franks for State House,≤100
258470931719484,The Why Minutes,The Why Minutes,≤100
1614690395258056,Into Action,Into Action,≤100
289213691238937,Thrasher Coffee,Thrasher Coffee Co.,≤100
72931140459,Center for Biological Diversity,"CENTER FOR BIOLOGICAL DIVERSITY, INC.",≤100
48837932638,Montana Democratic Party,Montana Democratic Party,≤100
23790541544,Democrats,DCCC,≤100
10150100007820094,Wendy Davis,WENDY DAVIS FOR CONGRESS,≤100
420424547981908,In Search of Liberty,Scott Dennis Welch,≤100
53541257714,The Arc of the United States,"ARC OF THE UNITED STATES, INC., THE",≤100
79820371749,Ayanna Pressley,THE COMMITTEE TO ELECT AYANNA PRESSLEY,≤100
339432396135584,The Exodus Road,EXODUS ROAD INC,≤100
28510612138,Uncommon Knowledge,Hoover Institution,≤100
92925746942,Judicial Watch,Judicial Watch,≤100
100906591716189,Beyond Patriots,Priscilla Bethany Kennedy,≤100
105433064492153,The Return 2020,The Return International,≤100
103653994359958,Harvard Forward,The Boarding School,≤100
34521916336,Brent Bozell,MEDIA RESEARCH CENTER,≤100
192771954102960,Jordan Sekulow,American Center for Law and Justice,≤100
360303722260,Kathleen Williams,KATHLEEN WILLIAMS FOR MONTANA,≤100
5943727453,American Humane,American Humane,≤100
101164484986617,To Be Frank Show,Real News PR,≤100
248181906078243,National Institute for Civil Discourse,CommonSense American,≤100
111970730196550,World War Zero,AMERICAN SECURITY PROJECT,≤100
357554791340788,Liker,Omar Rivero,≤100
1268410219898273,Tango Tango,Tango Tango Inc,≤100
142992759853421,Be A Hero,BE A HERO PAC,≤100
103046977892124,Adam Christensen For Congress,ADAM J CHRISTENSEN FOR CONGRESS,≤100
394817334402124,2020 Trump Bill,Innovative Ecomm LLC,≤100
1708467695859543,Veteran Transition Mission,Sonia Ivelisse Barriera Ayala,≤100
106667854471975,Outspoken,Log Cabin Republicans,≤100
654702428226892,Stop the Corridor,Stop the Corridor,≤100
34701792581,EWTN,Eternal Word Television Network,≤100
2068988876444634,Stand Up for Accurate Prenatal Answers,STAND UP FOR ACCURATE PRENATAL ANSWERS INC,≤100
112164673854264,Living Patriotically,Living Patriotically,≤100
169597416843751,Stand Up America,Stand Up America,≤100
169277310432049,"Texas Precision Optics, Inc.",Texas Precision Optics Inc,≤100
228132537208218,Tammy Duckworth,TAMMY FOR ILLINOIS,≤100
105298561237754,We Are The Vocal Majority,We Are The Vocal Majority,≤100
6333396177,NewsBusters.org,MEDIA RESEARCH CENTER,≤100
1338822066131069,Women's March,Women's March,≤100
303167829786891,Ed Markey,THE MARKEY COMMITTEE,≤100
1632568446971453,Boredwalk,Boredwalk,≤100
102175879855284,Harper Perennial,HARPERCOLLINS PUBLISHERS L.L.C.,≤100
502320477205654,I’m Bout Making My Ancestors Proud,Heritage Hill LLC,≤100
785936231584382,Paula Jean Swearengin,Paula Jean for West Virginia,≤100
497081420632330,Dr. Hiral Tipirneni,HIRAL FOR CONGRESS,≤100
319982881752525,Kara Eastman,EASTMAN FOR CONGRESS,≤100
482899722113894,Peymynt Financial,Peymynt Financial,≤100
2133130356918764,Common Justice,COMMON JUSTICE INC,≤100
128167457221813,Public Transportation,Voices for Public Transit,≤100
111581113532778,Yes on 2: Ranked Choice Voting,Ranked Choice Voting 2020 Committee,≤100
32975139631,If Americans Knew,If Americans Knew,≤100
267180743723148,National Geographic Society,National Geographic Society,≤100
284946111858895,Debbie Mucarsel-Powell,DEBBIE FOR CONGRESS,≤100
193675533982095,Ryan Chamberlin,Ryan Chamberlin for Congress,≤100
104881317722736,Get-It-Out,Matthew Justin Viles,≤100
1691667177798461,Brut,Brut,≤100
116898501727,Southeast Alaska Conservation Council,SOUTHEAST ALASKA CONSERVATION COUNCIL,≤100
548407915183371,Liz Cheney,Liz Cheney for Wyoming,≤100
594688701213995,More Space,Cynthia Nguyen,≤100
601472019907779,Latino Victory,Latino Victory,≤100
443329669123990,USAFacts,USAFacts Institute,≤100
179513292162226,American History TV,C-SPAN,≤100
325578590837480,Protect Our Care,Sixteen Thirty Fund,≤100
640112573298348,Black Lives Matterr,Bryan Daley,≤100
110010433804232,Falkirk Center,Falkirk Center,≤100
747436915270894,Congressional Leadership Fund,CONGRESSIONAL LEADERSHIP FUND,≤100
711478725532801,Civiqs,Civiqs,≤100
153278754738777,Climate Reality,The Climate Reality Project,≤100
1709145412721991,The Center for Growth and Opportunity at Utah State University,The Center for Growth and Opportunity,≤100
101724361319410,Ronny Jackson for U.S. Congress TX-13,Texans for Ronny Jackson,≤100
122894447754361,Institute for New Economic Thinking,"INSTITUTE FOR NEW ECONOMIC THINKING, THE",≤100
263891677826490,Earthsider,Ryan James Martin,≤100
101861301612822,Life Goes On,Jhonmar R Castillo Bello,≤100
102499901286348,Bold Vision P.C.,Bold Vision PC,≤100
5633824547,FreedomWorks,"FREEDOMWORKS, INC.",≤100
361960287311696,Better Medicare Alliance,"Better Medicare Alliance, Inc",≤100
999775873528189,Stopping Socialism,The Heartland Institute,≤100
1765073800454902,Reform Austin,Reform Austin Inc.,≤100
69983322463,Ted Cruz,TED CRUZ FOR SENATE,≤100
105943157686335,Trust Michigan Families,TRUST MICHIGAN FAMILIES,≤100
13365227077,Planned Parenthood Advocates of Wisconsin,Planned Parenthood Advocates of Wisconsin,≤100
405469100189512,Still My President - Donald Trump,Red State Politics LLC,≤100
55549065733,Voto Latino,Voto Latino with Facebook Ad Credits,≤100
242679302418244,Denison Forum,Denison Ministries,≤100
1224429014390746,Catalysts,Freethink,≤100
9739634228,The Political Machine,"Hitcents.com, Inc",≤100
69039563201,Open Doors USA,"OPEN DOORS WITH BROTHER ANDREW, INC.",≤100
308159713150350,Voter Protection Project,VOTER PROTECTION PROJECT,≤100