﻿Page ID,Page Name,Disclaimer,Amount Spent (USD)
153080620724,Donald J. Trump,TRUMP MAKE AMERICA GREAT AGAIN COMMITTEE,2876
7860876103,Joe Biden,BIDEN VICTORY FUND,2822
1771156219840594,Team Trump,TRUMP MAKE AMERICA GREAT AGAIN COMMITTEE,1917
156968474833352,Stop Republicans,Stop Republicans,1292
6726182861,Mike Pence,TRUMP MAKE AMERICA GREAT AGAIN COMMITTEE,854
925007000949719,ExxonMobil,Exxon Mobil Corporation,674
1615018905412860,Progressive Turnout Project,PROGRESSIVE TURNOUT PROJECT,647
127755494595870,Progressive Takeover,PROGRESSIVE TAKEOVER,506
202626512363,U.S. Census Bureau,U.S. Census Bureau,492
100662881656261,DeBarba For State Rep,DeBarba For State Rep,424
644655489007210,The Solar Institute,The Solar Institute,410
342294162453301,Planned Parenthood,Planned Parenthood Federation of America,389
165987503528599,Lindsey Graham,"TEAM GRAHAM, INC.",377
428808574377826,David X. Sullivan,SULLIVAN FOR CONGRESS,359
105756057589080,The Lincoln Project,The Lincoln Project,322
846042892195824,Re-Elect Senator George Logan,Re-elect Senator Logan,311
2330577043935831,Sara Gideon,SARA GIDEON FOR MAINE,304
109898994007423,Richie for Senate,Richie for State Senate,299
100391581727524,Defeat By Tweet,DEFEAT BY TWEET,299
106634230981891,Kim Healy for State Senate,Kim Healy for CT,291
102787534748500,Kousidis for Connecticut,Kousidis4CTSenate,274
96935476345,Democratic Governors Association (DGA),Democratic Governors Association,267
20787991568,Senate Democrats,DSCC,228
328853823844484,Balance of Power,Balance of Power,226
176789922364429,Steve Daines,STEVE DAINES FOR MONTANA,202
594587074027748,Senator Kevin Witkos,Witkos 2020,177
24413227922,Kamala Harris,BIDEN VICTORY FUND,173
717339155320936,Better Solutions for Healthcare,Better Solutions for Healthcare,173
665345483483486,NRA - National Rifle Association of America,NATIONAL RIFLE ASSN OF AMERICA,157
463031467414553,Jack Perry for State Senate,Perry 2020,151
104919517531062,Vote Yes For Fairness,Vote Yes for Fairness,151
96935476345,Democratic Governors Association (DGA),DEMOCRATIC ACTION,145
100174688299245,Saunders For Senate,Saunders for Senate,138
163148530407080,Captain Mark Kelly,MARK KELLY FOR SENATE,132
5435784683,Greenpeace USA,"GREENPEACE, INC.",131
104861257866369,Paul Cicarella for State Senate-34th District,PaulChic2020,130
8501031021,VoteVets.org,VOTEVETS,128
1653089834804575,Jim Feehan for State Rep,Feehan for 120,123
106737187823771,Justice for Tianna,CT Inmate Medical Project LLC,119
791543660926838,"I'll go ahead and keep my guns, Thanks",2A4LIFE LLC,115
85452072376,Newsmax,Newsmax Media,111
170371520285147,State Senator Mary Daugherty Abrams,"Abrams for State Senate, Peter N Hargett Treasurer, Approved by Mary Daugherty Abrams",110
408250066356,Bill O'Reilly,"Bill Me, Inc.",107
109593680378663,Brian Farnen for Fairfield,Farnen for Fairfield,106
433919203362871,Bird + Stone,BIRD & STONE INC,106
328072970642479,Jaime Harrison,JAIME HARRISON FOR US SENATE,104
25852730092,Care2,Care2 Inc,≤100
747436915270894,Congressional Leadership Fund,CONGRESSIONAL LEADERSHIP FUND,≤100
1061240530648502,Joe Collins,JOE COLLINS FOR CONGRESS,≤100
1316372698453411,Alexandria Ocasio-Cortez,Alexandria Ocasio-Cortez for Congress,≤100
327837911149503,2A4Life,2A4LIFE LLC,≤100
158791100909689,Concerned Veterans for America,Concerned Veterans for America,≤100
1930610017167931,State Representative Joe Polletta,Polletta for Rep,≤100
107210084216238,Humanity Forward,Humanity Forward,≤100
602714436529710,End Citizens United,END CITIZENS UNITED,≤100
95483488591,Democratic Party of Wisconsin,DEMOCRATIC PARTY OF WISCONSIN,≤100
338028696036,Yahoo News,Verizon Media Inc,≤100
428821014132730,Katie Porter,Katie Porter For Congress,≤100
1528980567353817,Love Has No Labels,Love Has No Labels with Facebook Ad Credits,≤100
140357056032320,NEA Today,National Education Association,≤100
121067011091,Arab American Institute,Arab American Institute with Facebook Ad Credits,≤100
107451977452962,Steve Weir For CT,Steve Weir for CT,≤100
121735358063,Yankee Institute for Public Policy,The Yankee Institute for Public Policy,≤100
2352630938293825,Mytacticalpromos,Entremax,≤100
7292655492,MoveOn,MOVEON.ORG POLITICAL ACTION,≤100
104614641200137,MeidasTouch,MEIDASTOUCH,≤100
7833534974,Florida Democratic Party,Florida Democratic Party,≤100
92925746942,Judicial Watch,Judicial Watch,≤100
259130650776119,Mitch McConnell,MCCONNELL SENATE COMMITTEE,≤100
203197030603239,8 Billion Trees,8 Billion Trees,≤100
9324910069,NRSC,NRSC,≤100
309308412520731,Sandy Hook Promise,Sandy Hook Promise,≤100
211018202242419,Rhode Island Health Care Association,RHODE ISLAND HEALTH CARE ASSOCIATION INC,≤100
114710126648118,Republican Dogs,Republican Dogs,≤100
1635441679872518,Kimberly Klacik,Kim Klacik for Congress,≤100
1818137318253942,Martha Marx For CT,MARTHA 2020,≤100
596556607135301,The Earthling Co.,The Earthling Co.,≤100
100137754724934,Trump 2020 Supporters,Proud Right Winger,≤100
1163921807008864,MINT & LILY,Mint&Lily,≤100
168051710543266,Lacy Johnson,Lacy Johnson for Congress,≤100
1083949645080409,Bob Statchen for State Senate,"Statchen for Connecticut, Anne-Marie Foster, Treasurer",≤100
101165966152,AFL-CIO,AFL-CIO,≤100
8934429638,Planned Parenthood Action,Planned Parenthood Action Fund,≤100
201510330492135,Re-elect Noreen Kokoruda,Noreen Kokoruda State Rep,≤100
278490715553293,Martha McSally,MCSALLY FOR SENATE INC,≤100
114969233564328,Lezlye Zupkus for the 89th District,Lezlye Zupkus for State Rep,≤100
6204742571,Sierra Club,SIERRA CLUB,≤100
276446475782587,State Representative Tami Zawistowski,Tami Z 2020,≤100
170643583063156,Formica for Senate 2020,Formica for Senate,≤100
23875187730,Feeding America,Feeding America,≤100
101279451606075,Democratic Strategy Institute,Democratic Strategy Institute,≤100
2267285956849056,Donald Trump 2020 Fans,I Love My Freedom,≤100
8325302025,Friends of the Earth U.S.,Friends of the Earth,≤100
20395377020,Old Navy,Old Navy LLC,≤100
51405613519,Focus on the Family,Focus on the Family,≤100
111393882812494,Amy McGrath,"AMY MCGRATH FOR SENATE, INC.",≤100
109092142462587,Adam Schiff,SCHIFF FOR CONGRESS,≤100
104905491126985,Erik Smith for State Representative,Smith for Milford,≤100
569773883535039,SunLife Solar,SunLife LLC,≤100
1883837055193241,Shield Republic,Shield Republic,≤100
106244251043808,Reuse Plastics,"AMERICAN CHEMISTRY COUNCIL, INC.",≤100
1419388578092947,Anna Paulina Luna,ANNA PAULINA LUNA FOR CONGRESS,≤100
104856814505092,The Kids Guide,The Kids Guide,≤100
926650430723985,Really American,REALLY AMERICAN PAC,≤100
354831731593118,Fred Wilms 2020,Fred Wilms 2020,≤100
2353537341582545,Proud Patriots,Proud Patriots,≤100
7263476274,Mercy Corps,Mercy Corps,≤100
38235851310,USA for UNHCR,UNITED STATES ASSOCIATION FOR UNHCR,≤100
105269984593079,The Way I See It,Focus Features,≤100
2015956171986471,Green for State Representative,Robin Green for State Rep,≤100
884438908321976,Danbury Prospect Charter School,PROSPECT SCHOOLS INC,≤100
309798029121030,Everytown for Gun Safety,Everytown for Gun Safety Action Fund Inc,≤100
117109506688860,Justin4all,"COMMITTEE TO ELECT JUSTIN PAGLINO FOR US CONGRESS, JUSTIN4ALL",≤100
101828401384077,Case for 63rd,Case 2020,≤100
97493741436,John W. Hickenlooper,HICKENLOOPER FOR COLORADO,≤100
116222966843926,US Concealed,US Concealed,≤100
1336293769761923,Jon Ossoff,JON OSSOFF FOR SENATE,≤100
110734820461125,Cate Steel for State Rep,Catherine Steel for State Representative,≤100
1743330725953647,Fishbein for State Representative,Craig Fishbein for State Representative,≤100
103078951050057,Brian Marois for State Representative,Marois Is My Choice,≤100
197760674021143,Indivisible Guide,INDIVISIBLE ACTION,≤100
126694924050678,Xavier Becerra,Becerra for Attorney General 2022,≤100
598924810530984,Keeping America Great,FamTeeWorld,≤100
167586229923327,World Food Program USA,World Food Program USA,≤100
314499212242,Pfizer,Pfizer Inc.,≤100
159964696102,Kevin McCarthy,KEVIN MCCARTHY FOR CONGRESS,≤100
100256754899828,Patriot's Cave,Patriots Cave,≤100
128191957875317,Cooking With Hope,Soyoung Cho,≤100
277005566267077,Blueland,Blueland,≤100
100182064973992,Brandon Chafee for Middletown,Chafee 2020,≤100
683872625157265,Theresa Greenfield,THERESA GREENFIELD FOR IOWA,≤100
19192438096,AAAS - The American Association for the Advancement of Science,American Association for the Advancement of Science,≤100
717115395103069,PrintedKicks,Printed Kicks,≤100
228754857151053,House Majority PAC,House Majority PAC,≤100
15239367801,The Wilderness Society,"WILDERNESS SOCIETY, THE",≤100
1672061526405158,Holly Cheeseman,Cheeseman for the 37th,≤100
357750373755,National Domestic Workers Alliance,National Domestic Workers Alliance,≤100
5720973755,Defenders of Wildlife,DEFENDERS OF WILDLIFE,≤100
109111900634787,Reverend Raphael Warnock,WARNOCK FOR GEORGIA,≤100
605168822998856,314 Action,314 ACTION FUND,≤100
10150100007820094,Wendy Davis,WENDY DAVIS FOR CONGRESS,≤100
103373224404755,Impact Slates,COLLECTIVE IMPACT PAC,≤100
456991717743178,Connecticut Office of Early Childhood,Nicole None Glorioso,≤100
35169196082,Project HOPE,"PROJECT HOPE-THE PEOPLE-TO-PEOPLE HEALTH FOUNDATION, INC.",≤100
1459398524272127,Re-Elect Devin Carney,Carney 2020,≤100
109379100777665,Patriotism Isn't Dead,Patriot Polling,≤100
111428049989,Cal Cunningham,CAL FOR NC,≤100
113666459994300,Big Dan Rodimer for Congress,RODIMER FOR CONGRESS,≤100
700806360047982,CFG Action,Club for Growth Action,≤100
934438026690635,YouGov,YOUGOV AMERICA INC.,≤100
110583747169789,Hoyt for Hamden,Hoyt for Hamden 2020. Alan Llewelyn treasurer. Approved by Kathy Hoyt,≤100
105577974544303,The USA Needs More Patriots,AmeriPolling,≤100
107654924064350,Pat Timmons-Goodson,PATRICIA TIMMONS-GOODSON FOR CONGRESS,≤100
167397780555638,Phil Young for State Representative,Re-Elect Phil Young 2020,≤100
107081137797631,The Second Essentials,Yoonjoo Park,≤100
10423517786,Harvard Business Review,HARVARD BUSINESS SCHOOL PUBLISHING CORPORATION,≤100
105577974544303,The USA Needs More Patriots,Anthony Alexander Morales,≤100
103597604713894,Team Trump Store,TRUMP MAKE AMERICA GREAT AGAIN COMMITTEE,≤100
101127364972509,Dems For USA,Dems For USA,≤100
355316521236121,John Cornyn,TEXANS FOR SENATOR JOHN CORNYN INC.,≤100
103185334702225,Stop Trump PAC,STOP 45 PAC,≤100
103450621404978,Patrick Callahan for State Rep,PC 108,≤100
106663044307859,Mike Sievert,"T-MOBILE USA, INC.",≤100
18813753280,Human Rights Campaign,"HUMAN RIGHTS CAMPAIGN, INC",≤100
373814729643508,Let America Vote,LET AMERICA VOTE PAC,≤100
1600352356914768,PushBlack,PushBlack,≤100
1809078699219595,Fat Tire,"NEW BELGIUM BREWING COMPANY, INC.",≤100
892673067526965,Project War Path,Project War Path,≤100
46093654473,National Republican Congressional Committee,NRCC,≤100
2037695643113766,Blexit,Blexit Foundation,≤100
6820348410,Kirsten Gillibrand,Off the Sidelines,≤100
112991460422488,Pam Salamone for State Representative,Committee to Elect Pam Salamone,≤100
15524934075,Banana Republic,Banana Republic,≤100
96171427550,Raja for Congress,FRIENDS OF RAJA FOR CONGRESS,≤100
393932827634250,Dissent Pins,Common Practice,≤100
260754507296508,The Voter Participation Center,Voter Participation Center,≤100
33713453361,Amazon Prime Video,Amazon Prime Video,≤100
200650357207240,I Love My Freedom,I Love My Freedom,≤100
461204744067686,Family Protection Association,Family Protection Association,≤100
43287633515,Alliance for Climate Education,Alliance for Climate Education,≤100
215199482635728,Alek Skarlatos,ALEK FOR OREGON,≤100
242077219243971,The Presidential Coalition,The Presidential Coalition,≤100
16477459734,League of Conservation Voters,"LEAGUE OF CONSERVATION VOTERS, INC",≤100
1280574178627165,Stephen G Harding Jr for CT State Rep 107th,"Harding 2020, Andrew Wetmore Treasurer, Approved by Stephen Harding",≤100
675471506247724,Adair for Congress,ADAIR FOR CONGRESS,≤100
7191206138,ASPCA,ASPCA,≤100
102606954857459,Beckett for Glastonbury,Beckett for Glastonbury,≤100
1925751504337881,MJ Hegar,MJ FOR TEXAS,≤100
106973694007283,Keep America Great Again,KagaGear.com,≤100
493811210669780,Creative Action Network,Creative Action Network,≤100
101153518296550,ToddTalk,Todd D Feinburg,≤100
20876805343,March of Dimes,MARCH OF DIMES INC.,≤100
30708742052,FCTRY,FCTRY,≤100
1439829396312534,The Movement for Black Lives,Movement for Black Lives,≤100
429812024048177,Doug Jones for Senate,DOUG JONES FOR SENATE COMMITTEE,≤100
102636861398852,John Shaban for State Rep,Shaban For State Rep,≤100
103026384819654,How to Vote,ACRONYM,≤100
153818201377620,Madison CT Democrats,Madison Democratic Town Committee,≤100
127225910653607,PragerU,PragerU,≤100
109775120743017,Rubino 2020,Rubino 2020,≤100
839110726214614,Realtors,NATIONAL ASSOCIATION OF REALTORS,≤100
1204754733024419,People's Power Grab,ACRONYM,≤100
195530355493,Chicks On The Right,Chicks on the Right,≤100
30139072158,CARE,CARE,≤100
1109093812491437,Blaze Media,Blaze Media LLC,≤100
6236054211,Brady,Brady Campaign to Prevent Gun Violence,≤100
305832706292882,American Gun Association,GunAssociation.org,≤100
872842866161157,One Nation Design,One Nation Design,≤100
100233228182981,Madison Cawthorn for Congress,CAWTHORN FOR NC,≤100
788394134539871,USPS Business,United States Postal Service,≤100
18982436812,ACLU,American Civil Liberties Union,≤100
223008867858902,American Action News,American Action News,≤100
207549645977714,Families Belong Together,Families Belong Together,≤100
105732744375701,Steve Bullock,MONTANANS FOR BULLOCK,≤100
106323360959211,Patriots Republic,Matthew James Stine,≤100
345378512258813,Elise Stefanik,ELISE FOR CONGRESS,≤100
1136781033034012,Brave New Look,Brave New Look,≤100
560140464159364,Stand for the 2nd Amendment,SFT2 Tactical Supply,≤100
155640675098595,Sujata For CT,Sujata for Connecticut,≤100
118502801658228,Young Kim,Young Kim for Congress,≤100
103911824657671,Health Insurance,Michael Melen,≤100
356482637745012,Stansberry Research,Stansberry Research,≤100
108557097612242,Vote By Mail PAC,Vote By Mail PAC,≤100
46347342434,EMILY's List,EMILY'S LIST,≤100
376638603087168,Save The Earth,8 Billion Trees,≤100
134022479983303,"Morizio Law Firm, P.C.",Crisp Video Group,≤100
100523768357979,Stewart for Hartford District 1 State Senate,Stewart for Hartford,≤100
347342729105803,Pat Wilson Pheanious,RepPat 2020,≤100
110045630575360,Myra Rivers for State Representative,Rivers for CT 2020,≤100
111023584012681,Open Road Homeward,Samantha Lyn Weldon,≤100
7145381235,American Jewish World Service - AJWS,"AMERICAN JEWISH WORLD SERVICE, INC.",≤100
102875587947942,Keep Trump In Office,Keep Trump In Office,≤100
8047221596,Save the Children US,"SAVE THE CHILDREN FEDERATION, INC.",≤100
330280744268309,CT Examiner,Gregory Stroud,≤100
108182477657777,Georgia United Victory,Georgia United Victory,≤100
76625396025,CDC,U.S. Centers for Disease Control and Prevention with Facebook Ad Credits,≤100
107772770912655,Suzio 2020,Suzio 2020,≤100
100289406783527,Dan Carter,Carter 2020,≤100
407664862957433,Ammar Campa-Najjar for Congress,AMMAR CAMPA-NAJJAR FOR CONGRESS,≤100
1055873511190792,Hello Resistance,Hello Resistance Apparel,≤100
163302087408673,Stop The Donald,Stop the Donald,≤100
36474716066,Color Of Change,ColorofChange.org,≤100
604815952949093,Szynkowicz 2020,Szynkowicz 2020,≤100
6713653788,Gary Peters,PETERS FOR MICHIGAN,≤100
628891490457484,Nancy Mace,Nancy Mace for Congress,≤100
213792049451918,Stand For America,Stand For America Inc,≤100
118269091671380,The Home T,THE HOME T,≤100
181183059253295,Dorsal Bracelets,Dorsal Bracelets,≤100
481559282597914,TrumpersUnite,Respect The Look,≤100
585942765164217,Elect Democratic Women,ELECT DEMOCRATIC WOMEN,≤100
95356211637,Ben Ferguson,Ben Ferguson show,≤100
18709174006,National Audubon Society,"NATIONAL AUDUBON SOCIETY, INC.",≤100
131677553516197,Citizens Bank,CITIZENS FINANCIAL GROUP INC.,≤100
7962229886,Environmental Working Group,ENVIRONMENTAL WORKING GROUP,≤100
11653741889,Ad Council,Ad Council with Facebook Ad Credits,≤100
104934207736995,Paycheck to Paycheck,Center for American Progress Action Fund,≤100
110962313941403,Vote from Home 2020,PEOPLE FOR GOVERNMENT PAC,≤100
143986912311328,University of Vermont Continuing and Distance Education,University of Vermont,≤100
54684090291,Partnership to End Addiction,The National Center on Addiction and Substance Abuse with Facebook ad credits,≤100
102671331487937,I Love My Freedom Store,I Love My Freedom,≤100
530604487365010,Old Glory Flagpole Kits,Service First,≤100
102592959026,Ocean Conservancy,"OCEAN CONSERVANCY, INC.",≤100
830121337093232,National Democratic Training Committee,NATIONAL DEMOCRATIC TRAINING COMMITTEE PAC,≤100
368516063671255,Paul Honig 2020,Honig 2020,≤100
1663633860555352,Laura Devlin for State Representative,Laura Devlin for State Representative,≤100
13867925345,Equality Florida,Equality Florida,≤100
21559454473,FAIR,FEDERATION FOR AMERICAN IMMIGRATION REFORM,≤100
131306317680000,Social Goods,"Social Goods, LLC",≤100
103449708166331,Stand Up For The Second Amendment,Kirsten May Siosan Andrade,≤100
45393753416,Alliance Defending Freedom,Alliance Defending Freedom,≤100
159219461420490,Welander for CT,Welander for  CT,≤100
116238930177726,Artsiful,Brad Aaron Shaw,≤100
406456986070332,Matt Gaetz,Friends of Matt Gaetz,≤100
322551718276442,Lemons Are Blue,Lockwell LLC,≤100
6316744206,Jon Tester,MONTANANS FOR TESTER,≤100
100697751658498,Stronger.org,The Public Good Projects,≤100
8550121410,Free Speech America Project,MEDIA RESEARCH CENTER,≤100
102786584878552,Committed for Freedom,Harrison T Chung,≤100
5633824547,FreedomWorks,"FREEDOMWORKS, INC.",≤100
15687409793,World Wildlife Fund,World Wildlife Fund,≤100
8524198486,Physicians Committee for Responsible Medicine,"PHYSICIANS COMMITTEE FOR RESPONSIBLE MEDICINE, INC.",≤100
106667854471975,Outspoken,Log Cabin Republicans,≤100
193618220508,LIFE Today,LIFE Outreach International,≤100
419992651425033,Guardianes del Pueblo-Consumer Law Group,Consumer Law Group,≤100
183424985463330,Joe Cunningham,JOE CUNNINGHAM FOR CONGRESS,≤100
296295018082,AARP en Español,AARP,≤100
142992759853421,Be A Hero,BE A HERO PAC,≤100
331037760381749,Sierra Magazine,SIERRA CLUB,≤100
11791104453,NRDC,Natural Resources Defense Council,≤100
107315591003146,Healthier Lifestyle,Katie Yazhen Gao,≤100
110439270638992,NE1else,Time Management LLc,≤100
101769576791,Health Action Network,Health Action Network,≤100
72186095846,Center For American Progress Action Fund,Center for American Progress Action Fund,≤100
101058218380143,Hold Cops Accountable,People Power Initiatives,≤100
267180743723148,National Geographic Society,National Geographic Society,≤100
105010030848236,Bryant Cameron Webb,DR. CAMERON WEBB FOR CONGRESS,≤100
372794289451630,Mike France for State Representative,MIKE FRANCE 2020,≤100
101591551371555,Fire Mitch. Save America.,SAVE AMERICA FUND,≤100
113302310024546,Medicare for All Education Initiative - MA,Kelley Caldwell Johnson,≤100
1013304945470529,My Pride Apparel,My Pride Apparel,≤100
103644036958,United Association,United Association Political Education Committee,≤100
103431981367088,Carla Volpe for State Representative,"Carla for CT. Diana Sisler, Treasurer. Approved by Carla Volpe.",≤100
7814597100,Jim Jordan for Congress,JIM JORDAN FOR CONGRESS,≤100
151142722351597,Palm for State Representative,HDCC,≤100
27544763621,Prison Fellowship,Prison Fellowship,≤100
219612384781411,Bloomberg Philanthropies,Bloomberg Philanthropies,≤100
2012750189007245,Liquid Death Mountain Water,Liquid Death,≤100
34362997676,United States Holocaust Memorial Museum,UNITED STATES HOLOCAUST MEMORIAL MUSEUM,≤100
111749023656141,John Paul Moran For US Congress MA-6 - R,STAND WITH JOHN PAUL MORAN,≤100
103983379801,Texas Democratic Party,SUPER STATES 2020,≤100
1475749352708018,Cristin McCarthy Vahey,"Cristin McCarthy Vahey 2020. Eric Newman, Treasurer. Approved by Cristin McCarthy Vahey.",≤100
1934191280189700,Health Care Voter,Health Care Voter,≤100
151525932186806,When Democrats Turn Out,WHEN DEMOCRATS TURN OUT PAC,≤100
36872302227,Cory Booker,Cory Booker for Senate,≤100
1831450250464825,State Representative John Fusco,Fusco4CT,≤100
123963360928,SiriusXM,SIRIUS XM RADIO INC.,≤100
780993358738144,Jennifer Leeper,"Jennifer Leeper 2020. Eric Newman, Treasurer. Approved by Jennifer Leeper.",≤100
405469100189512,Still My President - Donald Trump,Red State Politics LLC,≤100
679171239164792,Supermajority,Supermajority,≤100
1836138529938551,Greater Half,Greater Half,≤100
1451954991724762,Steinberg for State Representative,Jonathan Steinberg for State Representative,≤100
115513153471625,Patrick Pentalow,Pentalow for Wethersfield,≤100
8492293163,Environmental Defense Fund,Environmental Defense Fund,≤100
57259033959,AARP,AARP,≤100
8057376739,The Nature Conservancy,Nature Conservancy,≤100
2068988876444634,Stand Up for Accurate Prenatal Answers,STAND UP FOR ACCURATE PRENATAL ANSWERS INC,≤100
215642455673147,Build the Wave,BUILD THE WAVE,≤100
2225724194377884,Re-Elect Stephanie Cummings for State Representative,Vote Cummings,≤100
479803215706927,Baird Welch-Collins,Baird for 38,≤100
105218397714263,Turner for Enfield,Turner for Enfield,≤100
124530924015,Hank Gilbert,HANK GILBERT FOR CONGRESS,≤100
1323194971103793,Bristol Republican Town Committee,Bristol Republican Town Committee,≤100
130467958471,Jason Lewis,Jason Lewis for Senate,≤100
132492254050920,American AF,AAF Nation,≤100
17203056985,Partners In Health,Partners In Health,≤100
108118933908193,Next Level Goods,Next Level Goods LLC,≤100
106299607563726,Streicker 2020,"STREICKER FOR CONGRESS, INC.",≤100
289446947817747,Global Citizen,"GLOBAL POVERTY PROJECT, INC.",≤100
1530883997194411,United States Constitution,Flag and Cross,≤100
1048486145183452,We Testify,We Testify,≤100
112420993589373,Young and Old for America,Andrew Joseph Young,≤100
117641114435,First Aid Beauty,First Aid Beauty,≤100
156268994819596,Marc J. Bern & Partners LLP,Marc J. Bern & Partners LLP,≤100
128167457221813,Public Transportation,Voices for Public Transit,≤100
38471053686,Elizabeth Warren,"WARREN DEMOCRATS, INC.",≤100
281884085611820,Tedra Cobb,COMMITTEE TO ELECT TEDRA COBB,≤100
219247332354785,Phil Arballo for Congress,ARBALLO FOR CONGRESS,≤100
420785874975425,Conservative Institute,The Conservative Institute,≤100
114646533630729,Yes. Every Kid.,"yes. every kid, Inc.",≤100
105084617912738,PatriotQuizzes,patriotquizzes.com,≤100
124155874263916,Participant Media,Participant Media,≤100
971668776283950,PolicyEd,Hoover Institution,≤100
108109934203874,Insta Shop Boutique,Insta Shop Boutique,≤100
367292494407,AJC - American Jewish Committee,AMERICAN JEWISH COMMITTEE,≤100
655065784538368,PredictIt,"PredictIt - Prediction Markets. A project of Victoria University of Wellington, PredictIt has been established to facilitate research into the way markets forecast events.",≤100
629732217415068,Republican Party,Greater Half,≤100
101894128312659,My President,wowengraving,≤100
894096170667732,Ashley Hinson,Ashley Hinson For Congress,≤100
259212814698356,Democratic Majority for Israel,DMFI PAC,≤100
236369846383459,Congressional Black Caucus PAC,Congressional Black Caucus PAC,≤100
122520357778296,Classic Motown,Universal Music Group,≤100
2256321067930356,Liberteeclub,libertyteeshop,≤100
1841824626073676,Candace Valenzuela for Congress,CANDACE FOR 24,≤100
17911165812,Covenant House International,Covenant House,≤100
398757490729,The National Network to End Domestic Violence,"NATIONAL NETWORK TO END DOMESTIC VIOLENCE, INC.",≤100
102137374563260,Confide in American Pride,John Allen Franson,≤100
7292655492,MoveOn,MOVEON.ORG CIVIC ACTION,≤100
210333902420876,Sean Parnell,AMERICANS FOR PARNELL COMMITTEE,≤100
109984394118472,Mask Exemption Cards,Mask Exemption Cards,≤100
702582586516561,CBN Israel,"The Christian Broadcasting Network, Inc.",≤100
112333396969405,Jim Bognet,Bognet for Congress,≤100
234273900063906,Dial/Self Youth & Community Services,"FRANKLIN COUNTY D.I.A.L/S.E.L.F., INC.",≤100
107589664099282,Stand Up To China,"Stand Up To China, Inc.",≤100
1338822066131069,Women's March,Women's March,≤100
102564128179023,Truth to Power,TRUTH TO POWER,≤100
443329669123990,USAFacts,USAFacts Institute,≤100
293225127381200,Patriot Depot,The Patriot Depot,≤100
209516845093,NRDC Action Fund,NRDC Action Fund,≤100
2146201085498440,Tony Gonzales,Tony Gonzales for Congress,≤100
169130743498585,Tactical Pro Supply,Chad Keller,≤100
530604487365010,Old Glory Flagpole Kits,Service First Flag Poles,≤100
1438808983108348,BOLD PAC,CHC BOLD PAC,≤100
496696933682736,Jeff Merkley,JEFF MERKLEY FOR OREGON,≤100
102745147891580,Trump Coolers,Eric Clifford Juels,≤100
102907481554004,Standing Strong As One,Claire Wang,≤100
1354622541311687,Dr. Kim Schrier,DR KIM SCHRIER FOR CONGRESS,≤100
465483726908192,iVote,IVote Civic Education Fund,≤100
106224464107240,Jo Jorgensen,Jo Jorgensen for President,≤100
376776419037747,Turning Point USA,Turning Point USA,≤100
117437204982602,American Wild Horse Campaign,American Wild Horse Campaign,≤100
263210730984251,We Are Great Again Pac,WE ARE GREAT AGAIN PAC,≤100
100696128366533,Compare-HealthPlans.com,Darius Alexander Mcdougle,≤100
1526736227567131,TrueCoverage,True Coverage,≤100
309072629157350,National Coalition for Infant Health,National Coalition for Infant Health,≤100
2040270322863853,Tina Smith,TINA SMITH FOR MINNESOTA,≤100
203197030603239,8 Billion Trees,8 Billion Trees LLC,≤100
1235643176538340,State Senator Alex Kasser,Alex4CT,≤100
928637080620736,Arnone For Enfield,Thoma Arnone,≤100
782093245218764,Qasim Rashid,RASHID FOR VA,≤100
21375324480,The Heritage Foundation,HERITAGE FOUNDATION (THE),≤100
977704775606273,Balls Deep Tackle,Balls Deep Tackle,≤100
101461559911714,The Posh Pearl Apparel Co.,The Posh Pearl Apparel Co,≤100
350784278974539,Turning Point Action,Turning Point Action,≤100
593289284500311,Trump Rack,BOXD Marketing,≤100
50982313030,Food & Water Watch,Food & Water Watch,≤100
273184802815820,Identidad Latina Multimedia,Jorge A Alatrista,≤100
419237048158257,Susan Collins,COLLINS FOR SENATOR,≤100
210357995667559,The National Memo,The National Memo,≤100
100119981671668,Blue Senate,BLUE SENATE PAC,≤100
1917715138510680,Follow Your Legend,Legend Bracelet,≤100
1456310534453054,Veteran Loans Online,"LMB OpCo, LLC",≤100
1268410219898273,Tango Tango,Tango Tango Inc,≤100
336470580233523,Pins and Aces Golf Co.,US Craft Brands LLC,≤100
1690071827911682,Cleancult,cleancult,≤100
55549065733,Voto Latino,VOTO LATINO INC.,≤100
129255907131113,NumbersUSA,NUMBERSUSA EDUCATION AND RESEARCH FOUNDATION,≤100
49651563727,Live Action,Live Action,≤100
166618413413767,Jay Sekulow,American Center for Law and Justice,≤100
105707511217866,Communities Joining Hands,Elena Zhan,≤100
514167322309353,Dan Crenshaw,Crenshaw For Congress,≤100
60449667441,Family Research Council,FAMILY RESEARCH COUNCIL,≤100
834645469890446,Devin Nunes,DEVIN NUNES CAMPAIGN COMMITTEE,≤100
185524522272901,Steve Stafstrom for State Rep,Stafstrom 2020,≤100
227764782729,AMERICAN - STRONG!,American Strong LLC,≤100
23790541544,Democrats,DCCC,≤100
101136147910784,Represent Justice,Represent Justice,≤100
858210161010020,Tom Malinowski for Congress,TOM MALINOWSKI FOR CONGRESS,≤100
172758932738142,PhRMA,PHARMACEUTICAL RESEARCH AND MANUFACTURERS OF AMERICA,≤100
300879470268608,Connecticut HDCC,HMC,≤100
1852520761657982,4ocean,4ocean,≤100
2259323457517498,Abolish the Electoral College,ABOLISH THE ELECTORAL COLLEGE,≤100
10498053716,Media Research Center,MEDIA RESEARCH CENTER,≤100
737686089933715,Conservative Collections,Mainline Media Group,≤100
130268756992804,Yale Climate Connections,Yale Climate Connections,≤100
153678684700451,American Investment Council,AMERICAN INVESTMENT COUNCIL,≤100
2264090133834042,Invite Research,Precision Network,≤100
90498769709,Edenpure,EdenPURE®,≤100
6333396177,NewsBusters.org,MEDIA RESEARCH CENTER,≤100
746938465317981,Nuclear Matters,Nuclear Matters,≤100
911828698840246,ReLEntless Defender Apparel,ReLEntless Defender Apparel,≤100
1316372698453411,Alexandria Ocasio-Cortez,THE SQUAD VICTORY FUND,≤100
205395906412,UAW International Union,"INTERNATIONAL UNION, UNITED AUTOMOBILE, AEROSPACE AND AGRICULTURAL IMPLEMENT WORKERS OF AM",≤100
11006419356,The Voice of the Martyrs - USA,"VOICE OF THE MARTYRS, INC., THE",≤100
260713150211,Protect Our Winters,Protect Our Winters,≤100
51379424899,Mercy Ships,MERCY SHIPS INTERNATIONAL,≤100
210277954204,The Young Turks,"The Young Turks, Inc.",≤100
181467702005600,Mark Warner VA,FRIENDS OF MARK WARNER,≤100
357554791340788,Liker,Omar Rivero,≤100
1084856268238034,Trump Talking,Roberto None Lugo,≤100
41309865723,Democrats.com,DEMOCRATS.COM,≤100
116546288359245,Heritage Action for America,HERITAGE ACTION FOR AMERICA,≤100
127216280686110,Ann Wagner,Ann Wagner for Congress,≤100
1799282383731277,TwoSeventy,Alexander Jared Deutsch,≤100
6355071377,American Cancer Society Cancer Action Network - ACS CAN,AMERICAN CANCER SOCIETY CANCER ACTION NETWORK INC,≤100
27311599342,Preemptive Love,Preemptive Love Coalition,≤100
1949440971937523,Maine Voter Info,MAINE DEMOCRATIC PARTY,≤100
24330467048,Americans for Prosperity,AMERICANS FOR PROSPERITY,≤100
757754000983566,New Haven Republicans,New Haven Republican Town Committee,≤100
291102898490822,Giant Maga Hat,Inventors club LLC,≤100
543055672532190,ConnecticutEast,Brian Scott-Smith - Broadcaster,≤100
1553558311617419,People United for Privacy,People United for Privacy,≤100
203330919857759,All On The Line,National Redistricting Action Fund,≤100
6787988478,Physicians for Human Rights,"PHYSICIANS FOR HUMAN RIGHTS, INC.",≤100
102281264932254,The Southern Strategy,Southern Strategy,≤100
2309566456030859,Human Coalition Action,Human Coalition Action,≤100
1088950287806118,Climate Hustle 2,CFACT,≤100
160513344045084,John Neely Kennedy,"John Kennedy for Us, Inc",≤100
2046092952294722,Lucy McBath for Congress,FRIENDS OF LUCY MCBATH,≤100
119006106155684,PI Energy,Andrew P Chung,≤100
241672016328637,Lauren Underwood for Congress,LAUREN UNDERWOOD FOR CONGRESS,≤100
8473889271,National Parks Conservation Association,National Parks Conservation Association,≤100
277414242013,Joyce Elliott for Congress,JOYCE ELLIOTT FOR CONGRESS,≤100
21455818797,Feed the Children,"FEED THE CHILDREN, INC.",≤100
1396826627092902,Sue Hatfield,Sue Hatfield,≤100
518194348194441,RepresentUs,RepresentUs,≤100
100506848295759,Made to Fail,Made To Fail,≤100
134452023239984,Human Coalition,Human Coalition,≤100
19342050934,Leadership Institute,LEADERSHIP INSTITUTE INC,≤100
296708523873754,Karla Dennis and Associates Inc.,"Karla Dennis & Associates, Inc",≤100
215968684159,AFT - American Federation of Teachers,American Federation of Teachers,≤100
105433064492153,The Return 2020,The Return International,≤100
248181906078243,National Institute for Civil Discourse,CommonSense American,≤100
598720023670599,Jennifer Carroll Foy,Jennifer Carroll Foy for Governor,≤100
1681120172099567,Libertarian Candidates,Ryan Allen Raymond,≤100
219224241438635,Compassion & Choices,COMPASSION & CHOICES,≤100
186932688457686,CHNGE,CHNGE,≤100
42002969352,Center on Budget and Policy Priorities,Center on Budget and Policy Priorities,≤100
114857913678674,Helping Hands,Harrison T Chung,≤100
431099560800970,Front Page Live,"Front Page Live, Inc.",≤100
6231686654,Compassion International,"COMPASSION INTERNATIONAL, INCORPORATED",≤100
1344753008968781,Birds Aren't Real,Birds Aren't Real,≤100
6240652407,Young America's Foundation,YOUNG AMERICA'S FOUNDATION INC,≤100
143089732792,Marsha Blackburn,Blackburn Tennessee Victory Fund,≤100
71383025128,PARIS - Guerrilla Funk Recordings,"Guerrilla Funk Recordings and Filmworks, LLC",≤100
103164911512902,ShopDemocratic,"DANWAL, INC.",≤100
102707767976896,Liberty Patriots USA,"Gentry Hardy Holdings, LP",≤100
107226350977260,Rookie,Mark Anthony Russell,≤100
218020061613734,UBS,UBS Financial Services Inc.,≤100
108029674299216,We The People,We The People,≤100
110828620426941,Roger Polack for Congress,ROGER FOR WISCONSIN,≤100
30079936984,CWS,"CHURCH WORLD SERVICE, INC.",≤100
100123544800892,Disme Coin Company,Byron Michael Laughlin,≤100
305115773870,Adobe,Adobe Inc.,≤100
1025055787535714,A Case for Women,A Case for Women,≤100
110849485902,United Way,United Way Worldwide with Facebook Ad Credits,≤100
121626482110,Operation Smile,"OPERATION SMILE, INC.",≤100
94047978366,PCCC - BoldProgressives.org,PROGRESSIVE CHANGE CAMPAIGN COMMITTEE,≤100
19972147679,SEIU,SEIU,≤100
308159713150350,Voter Protection Project,VOTER PROTECTION PROJECT,≤100
342887442508723,Convention of States,Convention of States Action,≤100
173837496125511,Conscious Step,Conscious Step,≤100
103992786357969,The Shift Network,These ads ran without a disclaimer,≤100
82106496620,AARP New York,AARP,≤100
434224137354568,Dr. Rich McCormick for Congress,Friends of McCormick,≤100
114386721939978,The Made in America Store,Made In America Store,≤100
1634651343331439,Project Wren,Landon Brand,≤100
1658135304460341,MANG,MANG,≤100
1213106298709541,Slap for Senate,Katharine Hamilton Moser,≤100
253791814655400,Doug Collins,"COLLINS FOR SENATE, INC.",≤100
369325156488153,Ubuntu Life,Ubuntu Life,≤100
152264148166020,Moms Clean Air Force,Moms Clean Air Force,≤100
110010433804232,Falkirk Center,Falkirk Center,≤100
169597416843751,Stand Up America,Stand Up America,≤100
112488757165613,Blue Line Stockpile,Blueline Stockpile,≤100
102112121615949,Relentless Pursuit,Lambert Chan,≤100
2049170775107862,Resistance By Design,Resistance By Design,≤100
115364585711,Lawyers' Committee for Civil Rights Under Law,Lawyers' Committee for Civil Rights Under the Law with Facebook Ad Credits,≤100
105986091121402,Elect Kathleen Stowe,Elect Kathleen Stowe,≤100
141692255929599,Democratic Socialists of America,DEMOCRATIC SOCIALISTS OF AMERICA INC,≤100
216245642301313,John-Michael Parker,Friends of John-Michael,≤100
203805062990264,Ben Shapiro,The Daily Wire,≤100
102591491213285,Fred DeCaro III - Registrar of Voters,Fred D for ROV,≤100
231154884924705,AboutTrump.org - and Biden,A MARK FOUNDATION,≤100
1745785302349765,Bridgeport Generation Now,Bridgeport Generation Now Inc,≤100
104027944769027,Proud Patriot Shop,Georgia Rose Benoit,≤100
112735922758892,Charlie Kirk,Charlie Kirk,≤100
288110884600563,Lean In,"Sheryl Sandberg & Dave Goldberg Family Foundation d/b/a LeanIn.Org, LLC",≤100
101485404914361,Bad News Wares,Bad News Wares,≤100
105536127617594,The American Digest,The American Digest,≤100
101075798356272,ReOpen America Now,Command Center Holdings LLC,≤100
42872222699,Dana Loesch,Dana Loesch Radio,≤100
142370046577999,Shahid Buttar for Congress,Shahid Buttar for Congress Committee,≤100
1010143499143169,Medicare Savings,"Mayo Labs, LLC",≤100
104170004713256,Elect Black Democrats,THE COLLECTIVE PAC,≤100
1393911800825140,OZY,OZY Media Inc,≤100
1951010831847963,Connecticut Council of Family Service Agencies,Connecticut Council of Family Service Agencies,≤100
429233848012141,The HALO Trust USA,"HALO TRUST (USA), INC. (THE)",≤100
103503957958666,Cathy Hopperstad for State Representative 9th District,Elect Hopperstad 2020,≤100
1156676274461345,Mikie Sherrill,MIKIE SHERRILL FOR CONGRESS,≤100
740266592735787,Free to Be Kids,Free To Be Kids,≤100
102617961152741,Barbara Bollier,BOLLIER FOR KANSAS,≤100
303061950155375,John James,"JOHN JAMES FOR SENATE, INC.",≤100
306322257837757,Claire Owens North East Town Board 2020,Claire Cecilia Owens,≤100
100318944827269,Amy Kennedy,AMY KENNEDY FOR CONGRESS,≤100
91346559231,Democratic Legislative Campaign Committee - DLCC,Democratic Legislative Campaign Committee,≤100
128716440866482,Adam Milstein,Adam Milstein,≤100
785936231584382,Paula Jean Swearengin,Paula Jean for West Virginia,≤100
14413545701,Conservation Law Foundation,"CONSERVATION LAW FOUNDATION, INC.",≤100
163965296965203,32BJ SEIU,LOCAL 32 BJ SEIU,≤100
100728821544877,Ryan Fazio for State Senate,Fazio for Connecticut,≤100
192771954102960,Jordan Sekulow,American Center for Law and Justice,≤100
7341997111,Conservation International,Conservation International,≤100
30914589895,The International Fellowship of Christians and Jews,"INTERNATIONAL FELLOWSHIP OF CHRISTIANS & JEWS, INC.",≤100
623339164538852,National Security Action,Nationalsecurityaction.org,≤100
312106992422,State Senator Rob Sampson,Robert C Sampson,≤100
111324359048459,Dr. Roger Marshall,KANSANS FOR MARSHALL,≤100
6041057841,The Humane Society of the United States,"HUMANE SOCIETY OF THE UNITED STATES, THE",≤100
70995214846,Business Roundtable,Business Roundtable,≤100
79125112926,Students for Life of America,"STUDENTS FOR LIFE OF AMERICA, INC.",≤100
1014486318584089,Armed American Supply,Armed American Supply,≤100
105157841248307,No Filter Politics,No Filter Politics,≤100
808450969246896,"Rebecca Walser, Tax Attorney, CFP",Walser Wealth Management,≤100
176466646087311,DC Fawcett,VREIC,≤100
32582320449,CMMB,CATHOLIC MEDICAL MISSION BOARD INC,≤100
181924628560212,SumOfUs,SumOfUs,≤100
104550824646928,2nd Amendment USA,Amundson Media LLC,≤100
614134231980299,Veterans Empowered To Protect African Wildlife,VETPAW INC,≤100
102180301437619,2020 American Defense Fund,C3 PAC,≤100
21395843375,Dialysis Patient Citizens,DIALYSIS PATIENT CITIZENS INC,≤100
5943727453,American Humane,American Humane,≤100
32975139631,If Americans Knew,If Americans Knew,≤100
1832744013698336,Mahogany Mommies,Mahogany Mommies,≤100
1234251319933440,Exclusive Apparel,The Dude's Threads,≤100
129523843754764,Vote Smart,PROJECT VOTE SMART,≤100
183517831660100,Morning Consult,Morning Consult LLC,≤100
109709397469494,Dignity Unbound,Dignity Unbound,≤100
195620754724,Helping Hand USA,HELPING HAND FOR RELIEF AND DEVELOPMENT INC.,≤100
31337944597,Harriet Beecher Stowe Center,Melissa Marie Combs,≤100
1545826148838592,Trump 2020,Gregory Lawrence Burright,≤100
592707041080920,Stand Together,Stand Together Chamber of Commerce Inc.,≤100
169294473121454,Policetees.com,PoliceTees.com,≤100
1683659714985244,Phil Ehr,EHR FOR CONGRESS,≤100
135298176481584,Marine Corps Scholarship Foundation,Marine Corps Scholarship Foundation,≤100
7209432197,Chris Coons,CHRIS COONS FOR DELAWARE,≤100
55549065733,Voto Latino,Voto Latino with Facebook Ad Credits,≤100
1000253160054572,Cori Bush,CORI BUSH FOR CONGRESS,≤100
1678492922390061,WorkingNation,WorkingNation,≤100
73970658023,International Rescue Committee,International Rescue Committee,≤100
384557995468219,Viral Casez,Viral Casez,≤100
43609808159,Happy Family Organics,Happy Family Organics,≤100
137459917707,The Brookings Institution,The Brookings Institution,≤100
556344894736772,"New England, New Energy",Resource Media,≤100
109866370700481,PushBlack Finance,PushBlack,≤100
18479402361,No Kid Hungry,No Kid Hungry,≤100
18079407397,CPAC 2020,Conservative Political Action Conference,≤100
103046977892124,Adam Christensen For Congress,ADAM J CHRISTENSEN FOR CONGRESS,≤100
101329141719185,Patriotic Pursuit,Lambert Chan,≤100
217976018236954,OutKick,Outkick Media LLC,≤100
1632568446971453,Boredwalk,Boredwalk,≤100
104704401202729,"Teresa's Tips, Tricks & Tools for Beauty, Health & Wealth",Teresa Marie Von Riegen,≤100
551158678560402,Epimonia,Epimonia LLC,≤100
104521178045033,Philip M. Overton Jr.,Philip M. Overton Jr.,≤100
156994304362574,American Bridge 21st Century,AB PAC,≤100
284946111858895,Debbie Mucarsel-Powell,DEBBIE FOR CONGRESS,≤100
24470472733,The Trevor Project,The Trevor Project,≤100
123651254408327,Sokolove Law,"Sokolove Law, LLC",≤100
12683623041,Society for Human Resource Management (SHRM),SOCIETY FOR HUMAN RESOURCE MANAGEMENT,≤100
176466646087311,DC Fawcett,Donald Chappell Fawcett,≤100
181385265351965,Mosaic Magazine,Mosaic,≤100
106333028376,"Nichols Kaster, PLLP",Nichols Kaster PLLP,≤100
241621170478899,The Purpose of Allegiance,Harrison T Chung,≤100
868405419972384,The Outrage,The Outrage,≤100
123965317665623,N-Hance Wood Refinishing,N-Hance Inc.,≤100
352527958302,Israel on Campus Coalition,Israel on Campus Coalition,≤100
104004620940896,Hilary Ram,Hilary Holt Ram,≤100
115445723623925,Patriots Helping Hands,Harrison T Chung,≤100
182620315479,Plan International USA,Plan International USA,≤100
34701792581,EWTN,Eternal Word Television Network,≤100
175797376373,"WaterFurnace Geothermal Heating, Cooling & Hot Water","WATERFURNACE INTERNATIONAL, INC.",≤100
541807025833154,Malala Fund,Malala Fund,≤100
12784656483,Union Rescue Mission,Union Rescue Mission,≤100
17475614410,Hispanic Federation,Paid for by Hispanic Federation with Facebook Ad Credits,≤100
56282222521,Houghton Mifflin Harcourt Trade,Houghton Mifflin Harcourt,≤100
112164673854264,Living Patriotically,Living Patriotically,≤100
106890801114065,Right Wing Maga,Right Wing Maga,≤100
104084298079050,United Liberty,Carlos None Leon Trejo,≤100
102846434825096,Beat Abbott,Beat Abbott PAC,≤100
149081336362,AmeriCorps VISTA,Corporation for National and Community Service,≤100
105943157686335,Trust Michigan Families,TRUST MICHIGAN FAMILIES,≤100
290851614930809,Combat AntiSemitism,Combat Anti-Semitism,≤100
109259090549237,Yes on National Popular Vote,Yes on National Popular Vote,≤100
1053833861326820,John Burke,Presidential Playbook,≤100
101586704778926,Genevieve for South Windsor,Genevieve for South Windsor,≤100
121033149320,American Indian College Fund,"AMERICAN INDIAN COLLEGE FUND, THE",≤100
9739634228,The Political Machine,"Hitcents.com, Inc",≤100
153309775026,SnapStream,SnapStream Media,≤100
1099478666810053,Meals For Pets,Meals for Pets,≤100
24425672689,Museum of the City of New York,Museum of the City of New York,≤100
137340530379463,Sri for Congress 2020,SRI FOR CONGRESS,≤100
105882964535390,Cats Against Trump,Cats Against Trump,≤100
2133130356918764,Common Justice,COMMON JUSTICE INC,≤100
61265398450,AmeriCorps NCCC,Corporation for National and Community Service,≤100
108273884315449,Real American Patriot,Gold Sky Ventures LLC,≤100
2339203789732156,Kim Mangone for Congress,COMMITTEE TO ELECT KIM MANGONE FOR CONGRESS,≤100
348839551906904,Democracy in Color,POWERPAC DOT ORG,≤100
59254639983,Boston Medical Center,BOSTON MEDICAL CENTER,≤100
167473433290992,Inequality.org,Institute for Policy Studies,≤100
2477925168899669,The Renew Democracy Initiative,"The Renew Democracy Initiative, Inc",≤100
105082357738682,Be Choose Cause Global Leaders Conference,"inviteCHANGE, LLC",≤100
232201568659,Pacific Justice Institute,PACIFIC JUSTICE INSTITUTE,≤100
208463585839891,Living Future Institute,International Living Future Institute,≤100
124939484209078,Langevin for Congress,LANGEVIN FOR CONGRESS,≤100
103144548151014,Adrian Perkins,Perkins for LA,≤100
810122486032496,Jackie Gordon,JACKIE GORDON FOR CONGRESS,≤100
110269460814562,Allegiance To Help,Harrison T Chung,≤100
83290028957,Care Net,CARE NET,≤100
262905633727,Los Angeles Mission,"Los Angeles Mission, Inc.",≤100
814260155318929,The Fairness Project,The Fairness Project,≤100
143729616392084,Van Drew for Congress,Van Drew for Congress,≤100
394817334402124,2020 Trump Bill,Innovative Ecomm LLC,≤100
297706507036856,Charles Koch Institute,Charles Koch Institute,≤100
106949844346620,Trumpian Republicans,Gregory Lawrence Burright,≤100
1452551204988299,GoReact,Speakworks Inc,≤100
216709768355686,Dinesh D'Souza,America2020 Film LLC,≤100
325578590837480,Protect Our Care,Sixteen Thirty Fund,≤100
162244692732,Brennan Center for Justice at NYU Law,William J Brennan Jr Center for Justice Inc,≤100
179909895355213,AIDS United,AIDS UNITED,≤100
428143347684012,Jack Henrie for the 61st,Henrie for 61st,≤100
2275810462537522,The Elms Party,The Elms Party,≤100
830890360316751,Nick Hanauer,Civic Action,≤100
773307893015171,Candelora for State Rep,Vin Candelora for State,≤100
700941689954518,Defend Our Future,Defend Our Future,≤100
706716899745696,Women for Trump,TRUMP MAKE AMERICA GREAT AGAIN COMMITTEE,≤100
174046949421616,Phenomenal Woman Action Campaign,Phenomenal Woman Action Campaign,≤100
5887538795,Education Week,Education Week,≤100
96159580682,Maine Democratic Party,MAINE DEMOCRATIC PARTY,≤100
1274746369267915,Le Lion,Le Lion LLC,≤100
127948757218233,Tony Evans,These ads ran without a disclaimer,≤100
345946329411380,Petal Soap,Jason Paul Domangue,≤100
309798029121030,Everytown for Gun Safety,EVERYTOWN FOR GUN SAFETY VICTORY FUND,≤100
108834660952162,Liberty Strong,Jae W Seo,≤100
315151565831,Ascension,Ascension Press,≤100
102756811269921,Fellow Americans,Fellow Americans,≤100
296914550322200,Jose Javier Rodriguez,Florida Democratic Legislative Campaign Committee,≤100
111970730196550,World War Zero,AMERICAN SECURITY PROJECT,≤100
242679302418244,Denison Forum,Denison Ministries,≤100
374848446414965,Pollking,Benjamin Aaron Perlman,≤100
953113491536337,Black to the Future Action Fund,Black to the Future Action Fund,≤100
104142543758770,Campaign Zero,We The Protesters,≤100
814354848584928,Hen Island The Movie,Heal the Harbor.com,≤100
103531607822207,Noticias para Inmigrantes,"Wise Rock Media, PBC",≤100
35715544220,Stand.earth,STAND,≤100
107199049318619,Friends of Derek Kilmer,PEOPLE FOR DEREK KILMER,≤100
248306181862385,Live Lokai,LOKAI HOLDINGS LLC,≤100
494434100982424,AARP Long Island,AARP,≤100
711478725532801,Civiqs,Civiqs,≤100
6851405967,CREDO Mobile,"CREDO MOBILE, INC.",≤100
107439427661844,Accountable Tech,Accountable Tech,≤100
72931140459,Center for Biological Diversity,"CENTER FOR BIOLOGICAL DIVERSITY, INC.",≤100
104504438466,Federal Voting Assistance Program - FVAP,Federal Voting Assistance Program,≤100
1977738355807406,Sharice For Congress,SHARICE FOR CONGRESS,≤100
115209826981358,Families Surviving Catastrophe,Henry George Hansen,≤100
18813753280,Human Rights Campaign,"HUMAN RIGHTS CAMPAIGN, INC.",≤100
1747132688647028,Democratic Association of Secretaries of State,Democratic Association of Secretaries of State,≤100
269479249997,National Shooting Sports Foundation | NSSF,National Shooting Sports Foundation,≤100
272746056173834,National Voter Registration Day,NONPROFIT VOTE,≤100
303374266418976,AFPM,American Fuel & Petrochemical Manufacturers,≤100
360303722260,Kathleen Williams,KATHLEEN WILLIAMS FOR MONTANA,≤100
1425435377743310,Conversations with Bill Kristol,The Foundation for Constitutional Government,≤100
117513180002579,John Shallman,Target Marketing Digital,≤100
6165653060,AFSCME,AMERICAN FEDERATION OF STATE COUNTY & MUNICIPAL EMPLOYEES,≤100
36634376117,HarperKids Books,HARPERCOLLINS PUBLISHERS LLC,≤100
2225580284361712,Tommy Tuberville,"TUBERVILLE FOR SENATE, INC.",≤100
105872574403318,Project TAMMI,a research grant at The National Center on Addiction and Substance Abuse (CASA),≤100
72565633140,Soles4Souls,"SOLES4SOULS, INC.",≤100
1809715209318581,Marjorie Taylor Greene for Congress,GREENE FOR CONGRESS,≤100
931907200310657,Patients Rising Now,Patients Rising Now Inc,≤100
537534316395916,Students for Trump,Turning Point Action,≤100
467804929927622,Jason Smith,JASON SMITH FOR CONGRESS,≤100
405355946226766,Todd Young,"FRIENDS OF TODD YOUNG, INC.",≤100
102161004838994,Melissa Gould for Judge,Melissa Gould for Judge,≤100
110422117441268,Relentless Loyalty,Carlos None Leon Trejo,≤100
215223965270049,Mitch for Newtown,Mitch for Newtown,≤100
118993836858,Planned Parenthood Votes! Rhode Island,PLANNED PARENTHOOD VOTES RHODE ISLAND,≤100
819607471729183,Dr. Al Gross for US Senate,DR. AL GROSS FOR U.S. SENATE,≤100
111702860231554,Matt Lieberman,Matt Lieberman for Senate,≤100
1708467695859543,Veteran Transition Mission,Sonia Ivelisse Barriera Ayala,≤100
130945114804,World Jewish Congress,WORLD JEWISH CONGRESS AMERICAN SECTION INC,≤100
24481937944,Theodore Roosevelt Conservation Partnership,"THEODORE ROOSEVELT CONSERVATION PARTNERSHIP, INC",≤100
171287339973880,LCV Victory Fund,"LCV Victory Fund, 202-785-8683, and not authorized by any candidate or candidate’s committee",≤100
115024746010017,MediaWise,MediaWise,≤100
278487153675,Redneck Nation Clothing,Tracie Milliron Gold,≤100
103571278142168,Joni Ernst Isn’t On Our Side,DSCC,≤100
103034718068007,Pigeon Poolitics,Sassan Yousefi,≤100
100885748306219,Alden 2020,"ALDEN THOMAS, JR ALDEN THOMAS, JR",≤100
102456201600262,Proud Patriot People,Seanross Michael Holcomb,≤100
108797534098691,Keep Gifts Great,Adrian Choi Conger,≤100
130848666099,Business Forward,Business Forward Inc.,≤100
1438882392887793,ADF Church Alliance,Alliance Defending Freedom,≤100
201956993160690,MRCTV,MEDIA RESEARCH CENTER,≤100
101464921262312,Alaina for Congress 2020,Alaina Shearer for Congress,≤100
16352157727,Alfred A. Knopf,Penguin Random House LLC,≤100
105145707971929,Florida Votes,TECH FOR CAMPAIGNS,≤100
299907453682524,American Legacy Center,American Legacy Center,≤100
100558255126968,One Patriotic Society,Harrison T Chung,≤100
2309566456030859,Human Coalition Action,PRO-LIFE TEXANS A HUMAN COALITION ACTION PAC,≤100
101176781688638,Vets In America,Thanh Phuc Tran Nguyen,≤100
107591317737915,Prepared Americans,Kin Ngai Yeung,≤100
896759427103774,Modern Medicaid Alliance,Modern Medicaid Alliance,≤100
661744180680367,National Police Association,"NATIONAL POLICE ASSOCIATION, INC.",≤100
1653251174924652,Fuzzu,Fuzzu,≤100
570524446405979,Only Human,Only Human,≤100
1449461518652183,4Patriots,4Patriots LLC,≤100
525171637666780,Sandy Piña California Delegate,RCR,≤100
109088011473,Motorcycle Mechanics Institute,These ads ran without a disclaimer,≤100
582489491773392,Beth Am Synagogue,Beth Am Synagogue,≤100
182079698493370,Portside,Portside,≤100
54787697857,Ron Wyden,WYDEN FOR SENATE,≤100
119115358133249,eSalon,These ads ran without a disclaimer,≤100
12692955711,Chronicle of Higher Education,"CHRONICLE OF HIGHER EDUCATION, INC. (THE)",≤100
313723095478950,The Daily Citizen,Focus on the Family,≤100
718475924980443,Amsterdam & Partners LLP,Amsterdam & Partners LLP,≤100
110588273989071,Joe's Joe,Joes Joe LLC,≤100
202531447982,Jimmy Chin,Protect Our Winters,≤100
113399550420502,Family Matching Basic,These ads ran without a disclaimer,≤100
307943569254319,Florida Rights Restoration Coalition,Florida Rights Restoration Coalition,≤100
105287044367027,ObsessedwithTrump,Donald Lee Rowan,≤100
100926135067368,Defend Your Police,Defend Your Police,≤100
101164484986617,To Be Frank Show,Real News PR,≤100
2212066245574161,Sarah Huckabee Sanders,St. Martin's Press,≤100
112704783859268,Boy Scouts Abuse Claim Help,X Social Media LLC,≤100
113173667121573,BLM Society,BLM Society,≤100
334748476594191,Rodney Davis,Rodney for Congress,≤100
118697061602554,Jason Brodeur,"Jason Brodeur, Republican, for State Senate",≤100
103744091462809,The Trump Closet,Kenneth Dione Keith Jr,≤100
403716816314673,Lee Saunders,AMERICAN FEDERATION OF STATE COUNTY & MUNICIPAL EMPLOYEES,≤100
169440273093442,The Center for Election Science,The Center for Election Science,≤100
114971076538782,The Keystone,"Courier Newsroom, Inc.",≤100
317667194946264,Ro Khanna,RO FOR CONGRESS INC,≤100
166166843531258,National Council of Resistance of Iran - شورای ملی مقاومت ایران,MEK-Iran (Saeid Saadati),≤100
105835711208027,The Progressive List,THE PROGRESSIVE LIST,≤100
174777196873,Republican Party of New Mexico,REPUBLICAN CAMPAIGN COMMITTEE OF NEW MEXICO,≤100
168367339845613,The Humane League,The Humane League,≤100
58158120046,ACLJ,American Center for Law and Justice,≤100
245284549333866,ASMDSS,ASMDSS,≤100
59543893235,National Constitution Center,National Constitution Center,≤100
442553959494293,Pay Up Climate Polluters,Center for Climate Integrity,≤100
28144169620,Alliance for Aging Research,Alliance for Aging Research,≤100
234621494446654,We Can’t Trust Nancy Mace,DCCC,≤100
12185972707,350.org,350.org,≤100
28446275521,Military Officers Association of America (MOAA),Military Officers Association of America,≤100
111892670610842,Political AF,Quyen Sanh Gip,≤100
79820371749,Ayanna Pressley,THE COMMITTEE TO ELECT AYANNA PRESSLEY,≤100
1557053557643597,Mynd VR,MyndVR Inc.,≤100
51325338207,National Collaborative for Women's History Sites,National Collaborative for Women's History Sites,≤100
100131288480883,"Let Live, Let Liberty",Jae W Seo,≤100
106658757783695,Hamzy for Probate Judge,Hamzy for Probate Judge,≤100
15503839732,Peter G. Peterson Foundation,Peter G. Peterson Foundation,≤100
5457479962,Diabetes Daily,Thrivable,≤100
7642602143,Mother Jones,FOUNDATION FOR NATIONAL PROGRESS,≤100
143021112391265,Jacobin magazine,Jacobin Foundation,≤100
104379058055346,The Louder Party,the louder party,≤100
107155540841212,Proud Patriot America,Proud Patriot,≤100
200676905671,We Are ALPA,Air Line Pilots Association,≤100
109526232935380,Synthisophy,Synthisophy,≤100
105953890782784,The Factual,The Factual,≤100
107953199261156,ifaw,"INTERNATIONAL FUND FOR ANIMAL WELFARE, INC.",≤100
1215009278515650,"Funding Democracy, the economics of freedom",Michael Busler,≤100
101481584557260,Help Asheville Bears-HAB,Heather Christina Williams,≤100
375760676281438,Mermaid Straw,Mermaid Straw,≤100
103983379801,Texas Democratic Party,Texas Democratic Party,≤100
110801930291321,Eisenberg and Baum,"Eisenberg & Baum, LLP",≤100
1424655311129385,Proud Pour,Proud Pour,≤100
109966290494892,Wagoner Law Firm,Nicholas Jordan Wagoner,≤100
152766071443309,The City University of New York,City University of New York,≤100
102689561566768,Party Line Shedd,DCCC,≤100
101724361319410,Ronny Jackson for U.S. Congress TX-13,Texans for Ronny Jackson,≤100
67626834312,National Women's Law Center,National Women's Law Center,≤100
102745147891580,Trump Coolers,Trump Coolers,≤100
231354176962252,Social Work Helper,"Social Work Helper, PBC",≤100
148789241860673,Scuf Gaming,These ads ran without a disclaimer,≤100
223315101050132,Waters Kraus & Paul,Waters Kraus & Paul,≤100
108932104229697,Ride the Red Wave,Vina American LLC,≤100
233116802464,Independent Voter,Independent Voter Project,≤100
125907387426944,Edelson P.C.,Edelson PC,≤100
102651074597577,Faith Wins,FAITH WINS,≤100
112473780428837,Chasten Buttigieg,Kenneth James Gillett,≤100
260366367717440,Committee to Protect Medicare,Committee to Protect Medicare PAC,≤100
883795848342468,Westbrook CT Democratic Town Committee,Westbrook Democratic Town Committee,≤100
123624513983,The Western Journal,The Western Journal,≤100
154860200019,Immigrants Rising,Immigrants Rising,≤100
241247646424302,Jahana Hayes,FRIENDS OF JAHANA HAYES,≤100
1166660030079480,National Democratic Redistricting Committee,National Democratic Redistricting Committee,≤100
103443851470957,Antonio Delgado for Congress,Carlos Antonio Delgado,≤100
243947752771440,TJ Cox for Congress,TJ COX FOR CONGRESS,≤100
127821707877,YWCA USA,"YWCA OF THE USA, NATIONAL BOARD (INC)",≤100
100699775058659,Education Now NC,Education Now,≤100
148731991811588,Baird,Robert W. Baird & Co. Incorporated,≤100
47710973068,Cooperative Action Network,National Rural Electric Cooperatives Association,≤100
501268180023938,Ann Ravel for CA State Senate,Ann Ravel for Senate 2020,≤100
8002590959,Rainforest Action Network,RAINFOREST ACTION NETWORK,≤100
7735858972,Humane Society Legislative Fund,Humane Society Legislative Fund,≤100
362717827142514,Plaskett for Congress,Kyza Asward Callwood,≤100
111361091313,NICABM,"Theoria Associates for Health Education, Inc.",≤100
56332452163,AMA Patients Action Network,American Medical Association,≤100
297254237585636,Sheriff Strafe,These ads ran without a disclaimer,≤100
28126338304,Surfrider Foundation,"SURFRIDER FOUNDATION, INC",≤100
133979276345,Georgia Farm Bureau,"GEORGIA FARM BUREAU FEDERATION, INC.",≤100
294356100899,SermonCentral,Outreach Media Group,≤100
300992409852,Hoover Institution,Hoover Institution,≤100
1642386799323957,Angie Craig,ANGIE CRAIG FOR CONGRESS,≤100
106596314443572,Dmitriy Yakubovich,"Dmitriy Yakubovich for Hallandale Beach City Commission, Seat 4",≤100
39432041915,Capital Research Center,CAPITAL RESEARCH CENTER INC,≤100
1745236555735695,EverBright Kids,EverBright Kids,≤100
115403471809909,Plastic Oceans,PLASTIC OCEANS INTERNATIONAL,≤100
789546641178807,Brand New Congress,Brand New Congress,≤100
38897314734,The Trust for Public Land,"TRUST FOR PUBLIC LAND, THE",≤100
160630887998827,Let Them Live,Let Them Live,≤100
657708380952174,Voices of the Civil Rights Movement,Comcast,≤100
101420381658477,Locke & Key PAC,LOCKE & KEY PAC,≤100
346937065399354,Occupy Democrats,Omar Rivero,≤100
12177095451,El Planeta,Carlos Jose Munoz,≤100
2118624975095038,Stephen Daniel for Congress,STEPHEN DANIEL FOR CONGRESS,≤100
166738743732702,All Above All Action,All Above All Action Fund,≤100
17801244148,Jill Schupp,SCHUPP FOR CONGRESS,≤100
169687486427698,Jentezen Franklin,FREE CHAPEL WORSHIP CENTER,≤100
1772437266382039,Black Buck Apparel,Black Buck Apparel,≤100
154510321337994,Chris Pappas for Congress,CHRIS PAPPAS FOR CONGRESS,≤100
304058913005378,Senior and Disabled Concerns,Senior & Disabled Concerns,≤100
383754825699166,Beloved Benefit,Beloved Benefit,≤100
922580991129339,People's Mojahedin Organization of Iran - MEK IRAN,MEK-Iran (Saeid Saadati),≤100
333081284065216,Brynne Kennedy for Congress,BRYNNE KENNEDY FOR CONGRESS,≤100
44224524016,American Kidney Fund,"AMERICAN KIDNEY FUND, INC.",≤100
145022042990911,MEK Iran,MEK-Iran (Saeid Saadati),≤100
234628203317767,Made for Freedom,Made for Freedom,≤100
656263988182462,Bill Hagerty,TEAM HAGERTY,≤100
455147011996099,The Ann and Phelim Scoop,The Unreported Story Society,≤100
1733918116873254,BackWoods Mafia,Landon David Turner,≤100
100523018383357,National Federation of Christian Businesses - NFCB,National Federation of Christian Businesses Inc,≤100
2176472882580975,Crusader Outlet,Crusader Marketing,≤100
210063369158387,DomesticShelters.org,Theresa's Fund,≤100
300774350436838,Topplr,Data Genomix,≤100
103934071014071,Fire Drill Fridays,"GREENPEACE, INC.",≤100
110424737363776,Dylan Conley for Congress,DYLAN CONLEY FOR CONGRESS,≤100
223055747744143,Beto O'Rourke,Powered By People,≤100
211596438980002,Ampersand Consulting,Ampersand Consulting,≤100
384676381708957,Education NC,Education NC,≤100
104012084703106,One People United PAC,One People United,≤100
612701059241880,Latinos for Trump,TRUMP MAKE AMERICA GREAT AGAIN COMMITTEE,≤100
1737720532927750,Collier County Democratic Party,Collier County Democratic Party,≤100
1082522201878539,Gina Ortiz Jones for Congress,GINA ORTIZ JONES FOR CONGRESS,≤100
115617711783870,Center for Union Facts,CENTER FOR UNION FACTS,≤100
1718260095117355,Representative Ben Diamond,Representative Ben Diamond,≤100
22898109808,Grist.org,Grist Magazine,≤100
106203264511020,Washington Changed Katko,DCCC,≤100
420424547981908,In Search of Liberty,Scott Dennis Welch,≤100
107665644228467,Conservative Journal Review,Conservative Journal Review LLC,≤100
107553074295243,Climate Vote MN,Climate Vote MN,≤100
150322194563,PASA Primates: Pan African Sanctuary Alliance,PAN AFRICAN SANCTUARIES ALLIANCE,≤100
116214823511455,Voteprints,Troy Thomas Egri,≤100
1272534336242476,World101,Council on Foreign Relations,≤100
44705166993,Vote.org,Vote.Org,≤100
514167322309353,Dan Crenshaw,Dan Crenshaw for Congress,≤100
26006662641,Arizona Democratic Party,Arizona Democratic Party,≤100
112230466965874,Vote Like a Woman,PEOPLE FOR PEOPLE,≤100
182723117043,Chicago Council on Global Affairs,"CHICAGO COUNCIL ON GLOBAL AFFAIRS, THE",≤100
1640970822834351,Plaine Products,Plaine Products,≤100
1822517194677770,Trump Geeks,Trump Geeks,≤100
6422138883,92nd Street Y,92nd Street Y,≤100
237477017606,Club for Growth,Club for Growth,≤100
1255514891283096,RGA Right Direction PAC,RGA RIGHT DIRECTION PAC,≤100
110576817417667,maskamericagreat.com,Matthew P Gallagher,≤100
1724818571163958,Action Center on Race and the Economy,"ACTION CENTER ON RACE AND THE ECON, THE",≤100
1781731108749356,Eli Electric Vehicles,Eli Electric Vehicles Inc.,≤100
107937014153581,Energized Health,John Jubilee Transformation LLC DBA Energized Health,≤100
112600915451330,No Labels,No Labels,≤100
157595514262613,Florida Film House,FLORIDA FILM HOUSE LLC,≤100
142474049098533,Robert Reich,Inequality Media Civic Action,≤100
70090474914,American Farmland Trust,"AMERICAN FARMLAND TRUST, INC",≤100
108512875350,The Atlas Society,The Atlas Society,≤100
152315634778510,UsAgainstAlzheimer’s,UsAgainstAlzheimer's,≤100
75353945070,Boxed Water Is Better,Boxed Water Is Better,≤100
255208337943901,Jobs Growth,"JOBS FREEDOM AND SECURITY PAC, Not authorized by any candidate or candidate’s committee.",≤100
19474609238,Mercatus Center at George Mason University,Mercatus Center at George Mason University,≤100
158505287559920,Save the Storks,Save the Storks,≤100
110998592305221,Dr. Martens,Dr. Martens AirWair USA LLC,≤100
113310617054164,Trump Baseball Bats,Trump Baseball Bats,≤100
1596671280578981,Schools & Communities First,Schools and Communities First,≤100
101574025015329,Emergency Tips,Christopher Allen Supek,≤100
999775873528189,Stopping Socialism,The Heartland Institute,≤100
700153177010264,Plant Based Products Council,Plant Based Products Council,≤100
202590841969,Erie City Mission,Erie City Mission,≤100
341828139690,Heritage Defense,Heritage Defense,≤100
29008276590,The Salvation Army Greater New York Division,The Salvation Army,≤100
157022225145063,Dave Stauffer for President,STAUF ENTERPRISES INC,≤100
1443127535947107,Save the Children Action Network,Save the Children Action Network,≤100
50711561090,Muslim Advocates,MUSLIM ADVOCATES,≤100
107953010886875,20Train.com,GEEG LLC,≤100
97466887664,Innocence Project,"INNOCENCE PROJECT, INC., THE",≤100
2113400635561647,Andrea Mitchell Center for the Study of Democracy,Andrea Mitchell Center for the Study of Democracy at the University of Pennsylvania,≤100
110316697328742,People of Seniors Housing,People of Seniors Housing,≤100
1837356789847797,Fulcrum News,David George Seaman,≤100
105116370963006,David Morales for RI State Representative,Friends of David Morales,≤100
169710960125365,Curzio Research,Curzio Research Inc.,≤100
53727956260,Republican Jewish Coalition,Republican Jewish Coalition,≤100
294879797332635,Debbie Dingell,DEBBIE DINGELL FOR CONGRESS,≤100
646594582623475,Republican Nations,wowengraving,≤100
754859254610256,Military Makeover,These ads ran without a disclaimer,≤100
151894654697,Save Our States,Save Our States,≤100
243510442756370,Justice Democrats,JUSTICE DEMOCRATS PAC,≤100
102750021183412,Justice U,Altus Solutions Inc,≤100
534899003578046,Immigration Evaluation Institute,Immigration Evaluation Institute,≤100
169277310432049,"Texas Precision Optics, Inc.",Texas Precision Optics Inc,≤100
102527004893192,The National Standard,Howard Stephan Barbanel,≤100
451224838781405,Patriot Baby,Eric Todd Hunter,≤100
248468095247223,Rastaclat,Rastaclat,≤100
1495031800595524,Women Together Now,Women Together Now,≤100
25803945361,Family Equality,FAMILY EQUALITY COUNCIL,≤100
1423200984590762,Jenny Wilson for Salt Lake County Mayor,Jenny Wilson for Salt Lake County Mayor,≤100
1295279420598401,Victoria Spartz,VICTORIA SPARTZ FOR CONGRESS,≤100
314121315788033,Stand with Parkland,Stand With Parkland,≤100
279055918888826,Jaythreesixty,J360 LLC,≤100
114937555342547,Seth Abramson,Macmillan Publishing,≤100
1497851363851721,QLMS,Quicken Loans Mortgage Services,≤100
15041226930,Oxfam,"OXFAM AMERICA, INC.",≤100
1439364926329185,Animal Matters,Animal Matters,≤100
40973310753,Pathfinder International,Pathfinder International,≤100
57495285387,Michael Bennet,BENNET FOR AMERICA,≤100
317284821682168,Messianic Jewish Alliance of America (MJAA),Messianic Jewish Alliance of America,≤100
162493793737,Rick Green,Richard Arlin Green,≤100
10150124349775072,"Riddle & Brantley, LLP","RIDDLE & BRANTLEY, LLP",≤100
241840162628492,Joseph + Sue,These ads ran without a disclaimer,≤100
243399129090445,Christina Hale,HOOSIERS FOR HALE,≤100
1667892193505378,Hold the House,HOLD THE HOUSE PAC,≤100
174971709316,Cigna,Cigna,≤100
1784991421516214,Seek Refuge,Seek Refuge,≤100
93114332471,20/20 Research,2020 Research,≤100
104255784686223,The Lorna M. Johnson Global Institute,The Lorna M. Johnson Global Institute,≤100
927610307291393,Georgette Gómez,Georgette Gomez for Congress,≤100
125319303823,Champlain College,Champlain College Incorporated,≤100
1311291038982513,2A Gear,Teecreations LLC,≤100
48530203934,The American Alpine Club,"AMERICAN ALPINE CLUB, THE",≤100
273023971533,Dennis Bonnen,Dennis Bonnen Campaign,≤100
282765295135322,The Pray in Jesus Name Project,"GJK, Inc. d/b/a The Pray In Jesus Name Project",≤100
1640136779635989,We The People Holsters,WeThePeopleHolsters,≤100
111892670610842,Political AF,wowengraving,≤100
106572950040377,Max Rose,MAX ROSE FOR CONGRESS,≤100
141786816970,Cruise Lines International Association - CLIA,Cruise Lines International Association,≤100
628423320573742,Vote Run Lead,VOTERUNLEAD,≤100
107483911082907,Trump Footballs,"Local Guys Marketing, LLC",≤100
102970113093477,Church Militant/St. Michael’s Media,Max Aldcander Douglas,≤100
1575347412785991,Cheddar,Cheddar,≤100
46508415624,Scott Taylor,Scott Taylor for Congress 2020,≤100
109679657448551,Bruce Crochetiere for Executive Council,Bruce Crochetiere for Executive Council,≤100
104919414599745,People Over Profits,"The People Over Profits Florida, Inc.",≤100
102661701651,South Carolina Small Business Chamber of Commerce,South Carolina Small Business Chamber of Commerce,≤100
295644160460352,Donald Trump Jr.,"Premiere Marketing, Inc.",≤100
197669827395385,Connected Commerce Council,Connected Commerce Council,≤100
682990071843813,Center for the Study of Liberty,Center for the Study of Liberty,≤100
102959799834968,Diane Mitsch Bush for Colorado,DIANE FOR COLORADO CD3,≤100
249455845761285,Lindsey Must Go,LMG PAC,≤100
107592419594,Immigration Equality,IMMIGRATION EQUALITY INCORPORATED,≤100
1536587453277219,Dr. Steve Turley,Turley Talks LLC,≤100
111678373983031,Shop Jollies,BRAND KNEW,≤100
390560688135747,Public Editor Press,"Public Editor Press, Inc",≤100
179145905973075,Sophie Ratner Jewelry,Sophie Ratner Jewelry,≤100
497081420632330,Dr. Hiral Tipirneni,HIRAL FOR CONGRESS,≤100
291318298488215,Veterans for Career Education,Veterans for Career Education,≤100
780941275347834,Ilhan Omar,ILHAN FOR CONGRESS,≤100
284019295313159,Rutigliano For Trumbull,Rutigliano For Trumbull,≤100
549425778407737,Manatee County Supervisor Of Elections,Manatee County Supervisor of Elections,≤100
1397799040234106,OpinionUP,OpinionUP LLC,≤100
101176014673943,Michelle for Kansas,MICHELLE FOR KANSAS,≤100
113351505349955,The Christian Broadcasting Network,The Christian Broadcasting Network Inc,≤100
90705538313,Sheet Metal Air Rail and Transportation Workers,SMART,≤100
105561217523274,The_Dispatch,"Dispatch Media, Inc.",≤100
566008736785269,Be Heard Project,Be Heard Project,≤100
110965977245543,CT Liberty Rally,Jonathan Milon Johnson,≤100
104639741366634,Vote Necklace,Brian Andrew Lett,≤100
100729641303493,ICount NM,I Count New Mexico,≤100
334925200513155,Justin Berry for Texas HD 47,Justin Berry For Texas House,≤100
161186620643972,American Institute for Economic Research,AMERICAN INSTITUTE FOR ECONOMIC RESEARCH,≤100
607626319739286,Black Voices for Trump,TRUMP MAKE AMERICA GREAT AGAIN COMMITTEE,≤100
266344180585578,Jim Jordan for Congress,JIM JORDAN FOR CONGRESS,≤100
211049239087028,Association of Young Americans,Benjamin J Brown,≤100
108970206976,World Vision USA,WORLD VISION INC.,≤100
322222884530329,Former State Representative Bob Cortes,"Bob Cortes, Republican, for State Representative",≤100
118178241651488,DSPolitical,"DSPolitical, LLC",≤100
438536186881177,All Clear Foundation,All Clear Foundation,≤100
108906707265489,USA Pooch,"PRESIDENTIAL POOCH, INC",≤100
16534314739,Facing History and Ourselves,"FACING HISTORY AND OURSELVES NATIONAL FOUNDATION, INC.",≤100
102315041409283,Horses in our Hands,In our Hands Action Fund,≤100
184731548554164,PL+US,Plus Fund: Paid Leave for the United States,≤100
206052849902620,Intermountain Immigration,"Intermountain Immigration, LLC",≤100
51761261956,The Bill of Rights Institute,"BILL OF RIGHTS INSTITUTE, THE",≤100
1473803512759360,RIO :- Restoring Integrity to the Oceans,RIO: Restoring Integrity to the Oceans Inc.,≤100
114301413446447,Kennebunkport Climate Initiative,Kennebunkport Climate Initiative,≤100
111316390402027,Melissa Watson for Congress,Melissa Watson for Congress,≤100
1613516851999536,Sunrise Movement,SUNRISE PAC,≤100
1945837408977507,Michael Moates,-MICHAEL STEVEN MOATES,≤100
294196590710262,FWD.us,FWD.us,≤100
168452723312821,Chisholm Chisholm & Kilpatrick LTD,Chisholm Chisholm & Kilpatrick LTD,≤100
111718570352005,Yes on Measure A - A Solution for Homelessness,"Yes on Measure A - Homes for San Diegans, Sponsored by a Coalition of Civic Nonprofits and Housing Providers.  Committee major funding from  Affirmed Housing Group Inc  Eden Housing Inc  Metropolitan Area Advisory Committee (MAAC)  Funding details at www.sandiego.gov/donors. ",≤100
107459877731361,Kimya Holmes for Judge,Committee to Elect Kimya M Holmes,≤100
90022052772,Williams,"WILLIAMS COMPANIES, INC., THE",≤100
103406084765618,Kohlman for House 38,Friends of Don Kohlman,≤100
153477451455783,The Optimist Daily,"The Optimist Publications, LLC",≤100
839073729808623,Hillary Scholten,SCHOLTEN FOR CONGRESS,≤100
244579043463375,The Three Masketeers,Three Masketeers,≤100
723136714746586,The Common Ground Project,"The Common Ground Project, Inc",≤100
16477459734,League of Conservation Voters,League of Conservation Voters Education Fund,≤100
1290536624348001,Informed Immigrant,FWD.us Education Fund,≤100
141901795868393,Alaska Democrats,ALASKA DEMOCRATIC PARTY,≤100
142836829093760,The American Constitutional Rights Union,Jorge Ernesto Amselle,≤100
257019421075897,Cory Gardner,Cory Gardner for Senate,≤100
103341131486608,Anti Racist Social,Salman Ahmed Elmi,≤100
381423518599637,"Hill and Ponton, P.A.",These ads ran without a disclaimer,≤100
192015461630968,Supporting Our Brave Veterans,James Brian Plouf,≤100
1947525322184514,One Fair Wage,One Fair Wage,≤100
332172544231683,America's Plastic Makers,"AMERICAN CHEMISTRY COUNCIL, INC.",≤100
214061167976,El Tiempo Latino,Carlos Jose Munoz,≤100
183113263420,Loyal Source,LOYAL SOURCE GOVERNMENT SERVICES LLC,≤100
6170309302,Dick Durbin,FRIENDS OF DICK DURBIN COMMITTEE,≤100
112884453753128,Informed Patriots,Kin Ngai Yeung,≤100
312208869424760,Field Team 6,Cory Cambridge Alpert,≤100
102775434882290,Donna It’s Time For Progress,Hugo Santana,≤100
227535924071462,Animal Petitions,AnimalPetitions.org,≤100
138141366212571,Gravis Marketing,GRAVIS MARKETING INC.,≤100
344690446467832,The Copper Courier,"Courier Newsroom, Inc.",≤100
111550550550458,BARK for BIDEN,BARK for BIDEN,≤100
18964919915,Met Council,Met Council on Jewish Poverty,≤100
8934429638,Planned Parenthood Action,Planned Parenthood Votes,≤100
102436701226752,Is It Sunday Yet?,Jarrett J Rogers,≤100
304062610300415,VozWire,Gregson E Mathe,≤100
112388493820536,Patriots United For America,Patriots United For America,≤100
587676831343390,Raheem AI,RAHEEM AI,≤100
237697300232030,Michael Unbroken,Think Unroken LLC,≤100
1323161541032507,For Our Future FL,For Our Future Action Fund,≤100
168109446538119,St. Martin's Press,Macmillan Publishing,≤100
113702026736466,National Parks Action Fund,National Parks Action Fund,≤100
170806736923126,Harmony Turbines,Harmony Turbines Inc,≤100
516097642118756,Democratic youth Congress,These ads ran without a disclaimer,≤100
101377135010262,Today's New in Tech World,Darrell Dominic Adams,≤100
111499100431,National Association for Gun Rights,NATIONAL ASSOCIATION FOR GUN RIGHTS INC,≤100
122008864019,Sasquatch Books,SASQUATCH BOOKS LLC,≤100
105698674239617,Embed News,Embed News,≤100
318020432108506,Progress News Network,Progress News Network,≤100
100911481267154,"Luke Gromen - FFTT, LLC","FFTT, LLC",≤100
103131054573692,Crawfordology,Crawfordology,≤100
124626320898336,Catholic Extension,"CATHOLIC CHURCH EXTENSION SOCIETY OF THE UNITED STATES OF AMERICA, THE",≤100
109601070861177,Patriotic Unity,Thanh Phuc Tran Nguyen,≤100
6315243665,Faith in Public Life,"FAITH IN PUBLIC LIFE, INC.",≤100
312657362217994,Women's Heart Alliance,Women's Heart Alliance,≤100
106968690805026,Sima for Texas,SIMA FOR TEXAS,≤100
109894877501594,Steve Daines Follows The Money,DSCC,≤100
105691622840015,Human Rights Foundation (HRF),Human Rights Foundation,≤100
282728185140429,Rep For Vets,The Rep For Vets,≤100
104667417857551,United Association LLC,United Association LLC,≤100
361587717312833,"The Shapiro Law Firm, LLC",Amanda Brooke Shaffer,≤100
514649125971110,EDF Action Votes,EDF Action Votes INC,≤100
69869352985,Freedom Debt Relief,These ads ran without a disclaimer,≤100
101553758210575,The CT Strategist Report w / Daniel Kent Newmyer,Daniel Kent Newmyer,≤100
107529267737819,Steady Patriot Hands,Hanson Han Xu,≤100
254574931245780,Health Care Service Corporation,Health Care Service Corporation,≤100
129278807814364,Women of Welcome,Welcome.,≤100
105455840860559,EagleRealm LLC,Eagle Realm,≤100
183165025062107,The TESA Collective,"The Toolbox for Education and Social Action, Inc",≤100
77273593330,Hillel International,HILLEL THE FOUNDATION FOR JEWISH CAMPUS LIFE,≤100
102579318191600,No Justice No Peace,NO JUSTICE NO PEACE PAC,≤100
104881317722736,Get-It-Out,Matthew Justin Viles,≤100