﻿Page ID,Page Name,Disclaimer,Amount Spent (USD)
7860876103,Joe Biden,BIDEN VICTORY FUND,11408
97493741436,John W. Hickenlooper,HICKENLOOPER FOR COLORADO,7919
153080620724,Donald J. Trump,TRUMP MAKE AMERICA GREAT AGAIN COMMITTEE,6560
1771156219840594,Team Trump,TRUMP MAKE AMERICA GREAT AGAIN COMMITTEE,4751
156968474833352,Stop Republicans,Stop Republicans,2472
6726182861,Mike Pence,TRUMP MAKE AMERICA GREAT AGAIN COMMITTEE,2222
108385597553152,Working People's Platform,SEIU COPE (SERVICE EMPLOYEES INTERNATIONAL UNION COMMITTEE ON POLITICAL EDUCATION),1781
103483631422860,Abortion Access For All - No On 115,Abortion Access For All,1697
22561081832,NRA Institute for Legislative Action,NRA Victory Fund,1537
102309558248876,Leading Colorado Forward,Leading Colorado Forward,1412
1576552839287418,Senate Leadership Fund,Senate Leadership Fund,1352
925007000949719,ExxonMobil,Exxon Mobil Corporation,1262
109259090549237,Yes on National Popular Vote,Yes on National Popular Vote,1214
1615018905412860,Progressive Turnout Project,PROGRESSIVE TURNOUT PROJECT,963
127755494595870,Progressive Takeover,PROGRESSIVE TAKEOVER,894
257019421075897,Cory Gardner,CORY GARDNER FOR SENATE,889
257019421075897,Cory Gardner,Cory Gardner for Senate,854
202626512363,U.S. Census Bureau,U.S. Census Bureau,837
165987503528599,Lindsey Graham,"TEAM GRAHAM, INC.",803
1037157259782946,Colorado Way,The Story of Us,798
100391581727524,Defeat By Tweet,DEFEAT BY TWEET,794
156474368333576,Secure Democracy,Secure Democracy,785
6204742571,Sierra Club,SIERRA CLUB,715
109097990639753,Unite for Colorado,Unite for Colorado,622
211754533591694,Beyond the Bans CO,ProgressNow Colorado Education,612
15239367801,The Wilderness Society,"WILDERNESS SOCIETY, THE",609
99490682474,Americans for Prosperity - Colorado,AMERICANS FOR PROSPERITY,606
105756057589080,The Lincoln Project,The Lincoln Project,576
376421181998,Colorado River District,Colorado River Water Conservation District,569
176789922364429,Steve Daines,STEVE DAINES FOR MONTANA,530
108824017345866,Facebook,"Facebook, Inc.",526
260754507296508,The Voter Participation Center,Voter Participation Center,500
96935476345,Democratic Governors Association (DGA),Democratic Governors Association,472
139354309486164,Independent Financial,Independent Financial,460
102959799834968,Diane Mitsch Bush for Colorado,DIANE FOR COLORADO CD3,457
107698564046392,Lauren Boebert for Congress,LAUREN BOEBERT FOR CONGRESS,427
20787991568,Senate Democrats,DSCC,405
328853823844484,Balance of Power,Balance of Power,399
2330577043935831,Sara Gideon,SARA GIDEON FOR MAINE,397
791543660926838,"I'll go ahead and keep my guns, Thanks",2A4LIFE LLC,389
90022052772,Williams,"WILLIAMS COMPANIES, INC., THE",349
747436915270894,Congressional Leadership Fund,CONGRESSIONAL LEADERSHIP FUND,306
118034888251353,Colorado Sierra Club,Colorado Sierra Club,289
10312041466,Generation Progress,Generation Progress,289
665345483483486,NRA - National Rifle Association of America,NATIONAL RIFLE ASSN OF AMERICA,286
24413227922,Kamala Harris,BIDEN VICTORY FUND,283
342294162453301,Planned Parenthood,Planned Parenthood Federation of America,283
327837911149503,2A4Life,2A4LIFE LLC,279
163148530407080,Captain Mark Kelly,MARK KELLY FOR SENATE,272
592347634460462,Partnership for America's Health Care Future,Partnership for America's Health Care Future,269
5435784683,Greenpeace USA,"GREENPEACE, INC.",248
96935476345,Democratic Governors Association (DGA),DEMOCRATIC ACTION,241
596556607135301,The Earthling Co.,The Earthling Co.,237
1061240530648502,Joe Collins,JOE COLLINS FOR CONGRESS,235
8501031021,VoteVets.org,VOTEVETS,234
85452072376,Newsmax,Newsmax Media,231
113859593667945,Better Arapahoe County Alliance,Better Colorado Alliance,221
103644036958,United Association,United Association Political Education Committee,219
151894654697,Save Our States,Save Our States,210
2352630938293825,Mytacticalpromos,Entremax,206
210820618956311,Community Change Action,Center for Community Change Action,200
1709657975990391,Colorado Times Recorder,Colorado Times Recorder,199
107210084216238,Humanity Forward,Humanity Forward,193
402769570530755,Colorado Rising PAC,COLORADO RISING PAC,192
25852730092,Care2,Care2 Inc,192
328072970642479,Jaime Harrison,JAIME HARRISON FOR US SENATE,183
203197030603239,8 Billion Trees,8 Billion Trees,182
133666160060982,Senate Majority PAC,SMP,181
104919517531062,Vote Yes For Fairness,Vote Yes for Fairness,180
100137754724934,Trump 2020 Supporters,Proud Right Winger,180
260713150211,Protect Our Winters,Protect Our Winters,176
158791100909689,Concerned Veterans for America,Concerned Veterans for America,174
602714436529710,End Citizens United,END CITIZENS UNITED,164
1316372698453411,Alexandria Ocasio-Cortez,Alexandria Ocasio-Cortez for Congress,164
1071467426348946,Fair Tax Colorado,Fair Tax Colorado,161
7292655492,MoveOn,MOVEON.ORG POLITICAL ACTION,160
717339155320936,Better Solutions for Healthcare,Better Solutions for Healthcare,157
2267285956849056,Donald Trump 2020 Fans,I Love My Freedom,157
754286484682931,Douglas County Commissioner Lora Thomas,Committee to Elect Lora Thomas,155
168051710543266,Lacy Johnson,Lacy Johnson for Congress,154
428821014132730,Katie Porter,Katie Porter For Congress,152
152926718105068,FloWater,FloWater,151
150681061641282,Tri-State G&T,Tri-State Generation Transmission Association Inc,150
51405613519,Focus on the Family,Focus on the Family,147
522459191276087,Prenda,Prenda,145
102909996011,Colorado Democratic Party,COLORADO DEMOCRATIC PARTY,144
273168429458189,Center for Western Priorities,Center for Western Priorities,142
104614641200137,MeidasTouch,MEIDASTOUCH,138
278490715553293,Martha McSally,MCSALLY FOR SENATE INC,136
116222966843926,US Concealed,US Concealed,135
259130650776119,Mitch McConnell,MCCONNELL SENATE COMMITTEE,132
717115395103069,PrintedKicks,Printed Kicks,131
92925746942,Judicial Watch,Judicial Watch,130
433919203362871,Bird + Stone,BIRD & STONE INC,130
1635441679872518,Kimberly Klacik,Kim Klacik for Congress,127
104437224678126,Vote on Fees,Voter Approval of Fees,126
7833534974,Florida Democratic Party,Florida Democratic Party,125
114710126648118,Republican Dogs,Republican Dogs,123
95483488591,Democratic Party of Wisconsin,DEMOCRATIC PARTY OF WISCONSIN,120
1419388578092947,Anna Paulina Luna,ANNA PAULINA LUNA FOR CONGRESS,120
128191957875317,Cooking With Hope,Soyoung Cho,120
104856814505092,The Kids Guide,The Kids Guide,119
112230466965874,Vote Like a Woman,PEOPLE FOR PEOPLE,118
18813753280,Human Rights Campaign,"HUMAN RIGHTS CAMPAIGN, INC",116
203330919857759,All On The Line,National Redistricting Action Fund,115
473191156175163,EDF Action,Environmental Defense Action Fund,113
312208869424760,Field Team 6,Cory Cambridge Alpert,113
1883837055193241,Shield Republic,Shield Republic,111
107081137797631,The Second Essentials,Yoonjoo Park,109
113891694102,Energy Citizens,AMERICAN PETROLEUM INSTITUTE,108
408250066356,Bill O'Reilly,"Bill Me, Inc.",107
9324910069,NRSC,NRSC,106
202531447982,Jimmy Chin,Protect Our Winters,102
109379100777665,Patriotism Isn't Dead,Patriot Polling,101
159964696102,Kevin McCarthy,KEVIN MCCARTHY FOR CONGRESS,101
7802641703,Planned Parenthood of the Rocky Mountains,Planned Parenthood of the Rocky Mountains,≤100
1600907069987131,March For Our Lives,March For Our Lives,≤100
111393882812494,Amy McGrath,"AMY MCGRATH FOR SENATE, INC.",≤100
598924810530984,Keeping America Great,FamTeeWorld,≤100
8325302025,Friends of the Earth U.S.,Friends of the Earth,≤100
140357056032320,NEA Today,National Education Association,≤100
138413239528506,Colorado Organization for Latina Opportunity and Reproductive Rights,COLORADO ORGANIZATION FOR LATINA OPPORTUNITY & REPRODUCTIVE RIGHTS,≤100
1512226022440769,League of Oil and Gas Impacted Coloradans,League of Oil and Gas Impacted Coloradans,≤100
112325855474892,Speak Up For Education and Kids,National Education Association,≤100
1162286517277297,Canvass America,Canvass America,≤100
105888934080383,Lift The Label,Lift The Label,≤100
108890670842939,Better JeffCo Alliance,Better Colorado Alliance,≤100
106323360959211,Patriots Republic,Matthew James Stine,≤100
217365888462115,Water For Colorado,Water for Colorado Coalition,≤100
309798029121030,Everytown for Gun Safety,Everytown for Gun Safety Action Fund Inc,≤100
121067011091,Arab American Institute,Arab American Institute with Facebook Ad Credits,≤100
386586065499380,Ike McCorkle For Colorado,MCCORKLE FOR COLORADO,≤100
277005566267077,Blueland,Blueland,≤100
105577974544303,The USA Needs More Patriots,AmeriPolling,≤100
605168822998856,314 Action,314 ACTION FUND,≤100
101279451606075,Democratic Strategy Institute,Democratic Strategy Institute,≤100
117298736315399,John Kellner for District Attorney,JOHN KELLNER FOR DISTRICT ATTORNEY,≤100
105577974544303,The USA Needs More Patriots,Anthony Alexander Morales,≤100
107523875954231,Danny Davis,Protect Our Winters,≤100
1163921807008864,MINT & LILY,Mint&Lily,≤100
140499052681592,Bank of the West,BANK OF THE WEST,≤100
369623550258296,Durkin for DA,Durkin for DA,≤100
926650430723985,Really American,REALLY AMERICAN PAC,≤100
1528980567353817,Love Has No Labels,Love Has No Labels with Facebook Ad Credits,≤100
2353537341582545,Proud Patriots,Proud Patriots,≤100
7263476274,Mercy Corps,Mercy Corps,≤100
322778165249416,Protect Colorado's Vote,Protect Colorado's Vote,≤100
57495285387,Michael Bennet,BENNET FOR AMERICA,≤100
700806360047982,CFG Action,Club for Growth Action,≤100
355316521236121,John Cornyn,TEXANS FOR SENATOR JOHN CORNYN INC.,≤100
560140464159364,Stand for the 2nd Amendment,SFT2 Tactical Supply,≤100
8934429638,Planned Parenthood Action,Planned Parenthood Action Fund,≤100
113666459994300,Big Dan Rodimer for Congress,RODIMER FOR CONGRESS,≤100
309308412520731,Sandy Hook Promise,Sandy Hook Promise,≤100
104224114671958,Energy For Progress,The American Petroleum Institute,≤100
215199482635728,Alek Skarlatos,ALEK FOR OREGON,≤100
2037695643113766,Blexit,Blexit Foundation,≤100
101165966152,AFL-CIO,AFL-CIO,≤100
19192438096,AAAS - The American Association for the Advancement of Science,American Association for the Advancement of Science,≤100
112694470356789,Trumpcare For America,Stuart Joseph Millar,≤100
23875187730,Feeding America,Feeding America,≤100
485233530062,Donald Rosier,Rosier for HD25,≤100
100256754899828,Patriot's Cave,Patriots Cave,≤100
197760674021143,Indivisible Guide,INDIVISIBLE ACTION,≤100
683872625157265,Theresa Greenfield,THERESA GREENFIELD FOR IOWA,≤100
109092142462587,Adam Schiff,SCHIFF FOR CONGRESS,≤100
46093654473,National Republican Congressional Committee,NRCC,≤100
110002173684471,Suzanne Staiert for Colorado SD27,Committee for Staiert SD 27,≤100
1109093812491437,Blaze Media,Blaze Media LLC,≤100
242077219243971,The Presidential Coalition,The Presidential Coalition,≤100
45393753416,Alliance Defending Freedom,Alliance Defending Freedom,≤100
101057358107875,Charlie Winn For Colorado,WINNFORCOLORADO,≤100
934438026690635,YouGov,YOUGOV AMERICA INC.,≤100
393932827634250,Dissent Pins,Common Practice,≤100
20395377020,Old Navy,Old Navy LLC,≤100
228754857151053,House Majority PAC,House Majority PAC,≤100
43287633515,Alliance for Climate Education,Alliance for Climate Education,≤100
195530355493,Chicks On The Right,Chicks on the Right,≤100
38235851310,USA for UNHCR,UNITED STATES ASSOCIATION FOR UNHCR,≤100
338028696036,Yahoo News,Verizon Media Inc,≤100
114772676636747,Renewable Water Resources,Renewable Water Resources,≤100
106244251043808,Reuse Plastics,"AMERICAN CHEMISTRY COUNCIL, INC.",≤100
461204744067686,Family Protection Association,Family Protection Association,≤100
127225910653607,PragerU,PragerU,≤100
102470074819503,Matthew Menza for Colorado,Matt Menza Campaign Committee,≤100
1556932204325823,ProgressPop,ProgressPop,≤100
200650357207240,I Love My Freedom,I Love My Freedom,≤100
103597604713894,Team Trump Store,TRUMP MAKE AMERICA GREAT AGAIN COMMITTEE,≤100
106973694007283,Keep America Great Again,KagaGear.com,≤100
111428049989,Cal Cunningham,CAL FOR NC,≤100
100513118352279,The Revere Initiative,The Revere Initiative,≤100
376638603087168,Save The Earth,8 Billion Trees,≤100
103373224404755,Impact Slates,COLLECTIVE IMPACT PAC,≤100
158517184208081,Boulder County Democratic Party,Boulder County Democratic Party,≤100
105269984593079,The Way I See It,Focus Features,≤100
280704452367167,Jason Crow,JASON CROW FOR CONGRESS,≤100
1336293769761923,Jon Ossoff,JON OSSOFF FOR SENATE,≤100
167586229923327,World Food Program USA,World Food Program USA,≤100
892673067526965,Project War Path,Project War Path,≤100
1809078699219595,Fat Tire,"NEW BELGIUM BREWING COMPANY, INC.",≤100
10150100007820094,Wendy Davis,WENDY DAVIS FOR CONGRESS,≤100
305832706292882,American Gun Association,GunAssociation.org,≤100
112309917157522,NoCo Reboot,NOCO Reboot,≤100
207549645977714,Families Belong Together,Families Belong Together,≤100
126694924050678,Xavier Becerra,Becerra for Attorney General 2022,≤100
103185334702225,Stop Trump PAC,STOP 45 PAC,≤100
530604487365010,Old Glory Flagpole Kits,Service First,≤100
101127364972509,Dems For USA,Dems For USA,≤100
5720973755,Defenders of Wildlife,DEFENDERS OF WILDLIFE,≤100
493811210669780,Creative Action Network,Creative Action Network,≤100
21626828809,American Council on Renewable Energy (ACORE),AMERICAN COUNCIL ON RENEWABLE ENERGY,≤100
10423517786,Harvard Business Review,HARVARD BUSINESS SCHOOL PUBLISHING CORPORATION,≤100
107654924064350,Pat Timmons-Goodson,PATRICIA TIMMONS-GOODSON FOR CONGRESS,≤100
212025079529295,New Americans Campaign,New Americans Campaign,≤100
6236054211,Brady,Brady Campaign to Prevent Gun Violence,≤100
16477459734,League of Conservation Voters,"LEAGUE OF CONSERVATION VOTERS, INC",≤100
322551718276442,Lemons Are Blue,Lockwell LLC,≤100
6820348410,Kirsten Gillibrand,Off the Sidelines,≤100
106663044307859,Mike Sievert,"T-MOBILE USA, INC.",≤100
357750373755,National Domestic Workers Alliance,National Domestic Workers Alliance,≤100
152264148166020,Moms Clean Air Force,Moms Clean Air Force,≤100
35169196082,Project HOPE,"PROJECT HOPE-THE PEOPLE-TO-PEOPLE HEALTH FOUNDATION, INC.",≤100
628891490457484,Nancy Mace,Nancy Mace for Congress,≤100
314499212242,Pfizer,Pfizer Inc.,≤100
103754677662645,Kirkmeyer for Colorado,CTE Barb Kirkmeyer to State Senate,≤100
872842866161157,One Nation Design,One Nation Design,≤100
18982436812,ACLU,American Civil Liberties Union,≤100
104934207736995,Paycheck to Paycheck,Center for American Progress Action Fund,≤100
1439829396312534,The Movement for Black Lives,Movement for Black Lives,≤100
103428021464766,C4E: The Concealed Carry Experience,Concealed Coalition,≤100
103911824657671,Health Insurance,Michael Melen,≤100
100233228182981,Madison Cawthorn for Congress,CAWTHORN FOR NC,≤100
109111900634787,Reverend Raphael Warnock,WARNOCK FOR GEORGIA,≤100
1600352356914768,PushBlack,PushBlack,≤100
107315591003146,Healthier Lifestyle,Katie Yazhen Gao,≤100
30139072158,CARE,CARE,≤100
429812024048177,Doug Jones for Senate,DOUG JONES FOR SENATE COMMITTEE,≤100
102671331487937,I Love My Freedom Store,I Love My Freedom,≤100
108109934203874,Insta Shop Boutique,Insta Shop Boutique,≤100
1260574060775565,Ilana For CU Regent CD6,Friends to Elect Ilana Spiegel,≤100
95356211637,Ben Ferguson,Ben Ferguson show,≤100
108557097612242,Vote By Mail PAC,Vote By Mail PAC,≤100
103449708166331,Stand Up For The Second Amendment,Kirsten May Siosan Andrade,≤100
102786584878552,Committed for Freedom,Harrison T Chung,≤100
6231686654,Compassion International,"COMPASSION INTERNATIONAL, INCORPORATED",≤100
675471506247724,Adair for Congress,ADAIR FOR CONGRESS,≤100
100697751658498,Stronger.org,The Public Good Projects,≤100
1925751504337881,MJ Hegar,MJ FOR TEXAS,≤100
345378512258813,Elise Stefanik,ELISE FOR CONGRESS,≤100
481559282597914,TrumpersUnite,Respect The Look,≤100
116238930177726,Artsiful,Brad Aaron Shaw,≤100
102745147891580,Trump Coolers,Eric Clifford Juels,≤100
373814729643508,Let America Vote,LET AMERICA VOTE PAC,≤100
7814597100,Jim Jordan for Congress,JIM JORDAN FOR CONGRESS,≤100
96171427550,Raja for Congress,FRIENDS OF RAJA FOR CONGRESS,≤100
30708742052,FCTRY,FCTRY,≤100
72186095846,Center For American Progress Action Fund,Center for American Progress Action Fund,≤100
865538736844842,Representative Chris Kennedy,Chris Kennedy for Colorado,≤100
15524934075,Banana Republic,Banana Republic,≤100
407664862957433,Ammar Campa-Najjar for Congress,AMMAR CAMPA-NAJJAR FOR CONGRESS,≤100
1136781033034012,Brave New Look,Brave New Look,≤100
118502801658228,Young Kim,Young Kim for Congress,≤100
112420993589373,Young and Old for America,Andrew Joseph Young,≤100
155988345183384,Concealed Coalition,Kenneth Micheal Parkerson,≤100
105732744375701,Steve Bullock,MONTANANS FOR BULLOCK,≤100
102907481554004,Standing Strong As One,Claire Wang,≤100
33713453361,Amazon Prime Video,Amazon Prime Video,≤100
151525932186806,When Democrats Turn Out,WHEN DEMOCRATS TURN OUT PAC,≤100
952384381472300,State Representative Shannon Bird,Bird for Colorado,≤100
15687409793,World Wildlife Fund,World Wildlife Fund,≤100
104732736288252,Caroline Gleich,Protect Our Winters,≤100
118269091671380,The Home T,THE HOME T,≤100
106706932722061,Hunger Free Colorado,HUNGER FREE COLORADO,≤100
163302087408673,Stop The Donald,Stop the Donald,≤100
111980366036026,Colin Larson for Colorado House District 22,Colin for Colorado,≤100
278703415666824,Jeremy Jones,Protect Our Winters,≤100
105707511217866,Communities Joining Hands,Elena Zhan,≤100
350784278974539,Turning Point Action,Turning Point Action,≤100
1841824626073676,Candace Valenzuela for Congress,CANDACE FOR 24,≤100
830121337093232,National Democratic Training Committee,NATIONAL DEMOCRATIC TRAINING COMMITTEE PAC,≤100
223008867858902,American Action News,American Action News,≤100
834645469890446,Devin Nunes,DEVIN NUNES CAMPAIGN COMMITTEE,≤100
839110726214614,Realtors,NATIONAL ASSOCIATION OF REALTORS,≤100
406456986070332,Matt Gaetz,Friends of Matt Gaetz,≤100
101058218380143,Hold Cops Accountable,People Power Initiatives,≤100
20876805343,March of Dimes,MARCH OF DIMES INC.,≤100
8047221596,Save the Children US,"SAVE THE CHILDREN FEDERATION, INC.",≤100
6316744206,Jon Tester,MONTANANS FOR TESTER,≤100
2012750189007245,Liquid Death Mountain Water,Liquid Death,≤100
46347342434,EMILY's List,EMILY'S LIST,≤100
102875587947942,Keep Trump In Office,Keep Trump In Office,≤100
416769629074105,Colorado Climate and Clean Energy Network,Resource Media,≤100
108118933908193,Next Level Goods,Next Level Goods LLC,≤100
169130743498585,Tactical Pro Supply,Chad Keller,≤100
213792049451918,Stand For America,Stand For America Inc,≤100
788394134539871,USPS Business,United States Postal Service,≤100
1204754733024419,People's Power Grab,ACRONYM,≤100
167895208115,Senator Bob Rankin,Friends of Bob Rankin,≤100
60449667441,Family Research Council,FAMILY RESEARCH COUNCIL,≤100
205395906412,UAW International Union,"INTERNATIONAL UNION, UNITED AUTOMOBILE, AEROSPACE AND AGRICULTURAL IMPLEMENT WORKERS OF AM",≤100
106224464107240,Jo Jorgensen,Jo Jorgensen for President,≤100
1836138529938551,Greater Half,Greater Half,≤100
106039580936434,Carrie Warren-Gully for Arapahoe County Commissioner,Citizens for Carrie Warren-Gully,≤100
103211984402976,Karla Esser for Colorado Schools,Coloradans For Karla Esser,≤100
7962229886,Environmental Working Group,ENVIRONMENTAL WORKING GROUP,≤100
124530924015,Hank Gilbert,HANK GILBERT FOR CONGRESS,≤100
110962313941403,Vote from Home 2020,PEOPLE FOR GOVERNMENT PAC,≤100
1088950287806118,Climate Hustle 2,CFACT,≤100
193618220508,LIFE Today,LIFE Outreach International,≤100
115155551828475,The Colorado Health Foundation,The Colorado Health Foundation,≤100
7145381235,American Jewish World Service - AJWS,"AMERICAN JEWISH WORLD SERVICE, INC.",≤100
130467958471,Jason Lewis,Jason Lewis for Senate,≤100
181183059253295,Dorsal Bracelets,Dorsal Bracelets,≤100
108182477657777,Georgia United Victory,Georgia United Victory,≤100
679171239164792,Supermajority,Supermajority,≤100
629732217415068,Republican Party,Greater Half,≤100
209516845093,NRDC Action Fund,NRDC Action Fund,≤100
267180743723148,National Geographic Society,National Geographic Society,≤100
236369846383459,Congressional Black Caucus PAC,Congressional Black Caucus PAC,≤100
585942765164217,Elect Democratic Women,ELECT DEMOCRATIC WOMEN,≤100
21375324480,The Heritage Foundation,HERITAGE FOUNDATION (THE),≤100
147310205295751,Routt County Colorado,COUNTY OF ROUTT,≤100
27544763621,Prison Fellowship,Prison Fellowship,≤100
103983379801,Texas Democratic Party,SUPER STATES 2020,≤100
331037760381749,Sierra Magazine,SIERRA CLUB,≤100
55549065733,Voto Latino,VOTO LATINO INC.,≤100
1903154173342989,Casper for Colorado,CASPER FOR COLORADO,≤100
210333902420876,Sean Parnell,AMERICANS FOR PARNELL COMMITTEE,≤100
114008535880,Foundation for Individual Rights in Education,FOUNDATION FOR INDIVIDUAL RIGHTS IN EDUCATION,≤100
106114264313679,Hunt The Vote,"Hunter Nation, Inc",≤100
18709174006,National Audubon Society,"NATIONAL AUDUBON SOCIETY, INC.",≤100
730474004003402,Census 2020 Pikes Peak Region,Craig Stephen Lemley,≤100
124155874263916,Participant Media,Participant Media,≤100
12503116997,Dennis Prager,Salem Media,≤100
76625396025,CDC,U.S. Centers for Disease Control and Prevention with Facebook Ad Credits,≤100
1055873511190792,Hello Resistance,Hello Resistance Apparel,≤100
231229504307418,Todd Hendreks for Town of Parker Town Council,Todd Hendreks For Parker Town Council,≤100
11653741889,Ad Council,Ad Council with Facebook Ad Credits,≤100
106667854471975,Outspoken,Log Cabin Republicans,≤100
114646533630729,Yes. Every Kid.,"yes. every kid, Inc.",≤100
227764782729,AMERICAN - STRONG!,American Strong LLC,≤100
27311599342,Preemptive Love,Preemptive Love Coalition,≤100
215642455673147,Build the Wave,BUILD THE WAVE,≤100
293225127381200,Patriot Depot,The Patriot Depot,≤100
166618413413767,Jay Sekulow,American Center for Law and Justice,≤100
772173962808066,Pitkin County Landfill,Pitkin County Solid Waste Center,≤100
5633824547,FreedomWorks,"FREEDOMWORKS, INC.",≤100
114857913678674,Helping Hands,Harrison T Chung,≤100
7292655492,MoveOn,MOVEON.ORG CIVIC ACTION,≤100
132492254050920,American AF,AAF Nation,≤100
156268994819596,Marc J. Bern & Partners LLP,Marc J. Bern & Partners LLP,≤100
322885104427209,Colorado Sin Hambre,Hunger Free Colorado,≤100
530604487365010,Old Glory Flagpole Kits,Service First Flag Poles,≤100
1530883997194411,United States Constitution,Flag and Cross,≤100
102592959026,Ocean Conservancy,"OCEAN CONSERVANCY, INC.",≤100
2309566456030859,Human Coalition Action,Human Coalition Action,≤100
476570142705414,Jena Griswold,Jena for Colorado,≤100
101461559911714,The Posh Pearl Apparel Co.,The Posh Pearl Apparel Co,≤100
134452023239984,Human Coalition,Human Coalition,≤100
111023584012681,Open Road Homeward,Samantha Lyn Weldon,≤100
36872302227,Cory Booker,Cory Booker for Senate,≤100
103075334816156,UFCW Votes,UNITED FOOD AND COMMERCIAL WORKERS INTERNATIONAL UNION,≤100
102692137857400,McLaughlin for District Attorney,Committee to Elect Gordon McLaughlin,≤100
419992651425033,Guardianes del Pueblo-Consumer Law Group,Consumer Law Group,≤100
101075798356272,ReOpen America Now,Command Center Holdings LLC,≤100
105084617912738,PatriotQuizzes,patriotquizzes.com,≤100
100241234978027,Elect Jeff Baker,Committee to Elect Jeff Baker,≤100
111324359048459,Dr. Roger Marshall,KANSANS FOR MARSHALL,≤100
38471053686,Elizabeth Warren,"WARREN DEMOCRATS, INC.",≤100
8524198486,Physicians Committee for Responsible Medicine,"PHYSICIANS COMMITTEE FOR RESPONSIBLE MEDICINE, INC.",≤100
8057376739,The Nature Conservancy,Nature Conservancy,≤100
103026384819654,How to Vote,ACRONYM,≤100
1690071827911682,Cleancult,cleancult,≤100
6713653788,Gary Peters,PETERS FOR MICHIGAN,≤100
101591551371555,Fire Mitch. Save America.,SAVE AMERICA FUND,≤100
593289284500311,Trump Rack,BOXD Marketing,≤100
911828698840246,ReLEntless Defender Apparel,ReLEntless Defender Apparel,≤100
656263988182462,Bill Hagerty,TEAM HAGERTY,≤100
2146201085498440,Tony Gonzales,Tony Gonzales for Congress,≤100
8550121410,Free Speech America Project,MEDIA RESEARCH CENTER,≤100
109709397469494,Dignity Unbound,Dignity Unbound,≤100
1934191280189700,Health Care Voter,Health Care Voter,≤100
1025055787535714,A Case for Women,A Case for Women,≤100
702582586516561,CBN Israel,"The Christian Broadcasting Network, Inc.",≤100
420785874975425,Conservative Institute,The Conservative Institute,≤100
1447994318779650,AirMedCare Network,AIrMedCare Network,≤100
24330467048,Americans for Prosperity,AMERICANS FOR PROSPERITY,≤100
1438808983108348,BOLD PAC,CHC BOLD PAC,≤100
405469100189512,Still My President - Donald Trump,Red State Politics LLC,≤100
107589664099282,Stand Up To China,"Stand Up To China, Inc.",≤100
107710887461480,Yes on 109,PSI 2020,≤100
219247332354785,Phil Arballo for Congress,ARBALLO FOR CONGRESS,≤100
277414242013,Joyce Elliott for Congress,JOYCE ELLIOTT FOR CONGRESS,≤100
674720485926203,Sustainable Resilient Longmont,Sustainable Resilient Longmont,≤100
57259033959,AARP,AARP,≤100
50982313030,Food & Water Watch,Food & Water Watch,≤100
496696933682736,Jeff Merkley,JEFF MERKLEY FOR OREGON,≤100
131306317680000,Social Goods,"Social Goods, LLC",≤100
104550824646928,2nd Amendment USA,Amundson Media LLC,≤100
8492293163,Environmental Defense Fund,Environmental Defense Fund,≤100
1338822066131069,Women's March,Women's March,≤100
143089732792,Marsha Blackburn,Blackburn Tennessee Victory Fund,≤100
104411601140745,Pitkin County Elections,Pitkin County Elections,≤100
102564128179023,Truth to Power,TRUTH TO POWER,≤100
111979867198176,Yes on EE,A Brighter Healthier Future for Colorado's Kids,≤100
107136260987577,Voces Unidas de las Montañas,Voces Unidas de las Montanas,≤100
13867925345,Equality Florida,Equality Florida,≤100
655065784538368,PredictIt,"PredictIt - Prediction Markets. A project of Victoria University of Wellington, PredictIt has been established to facilitate research into the way markets forecast events.",≤100
109070964087009,Seth For the House,Cagin Campaign Committee,≤100
17203056985,Partners In Health,Partners In Health,≤100
21559454473,FAIR,FEDERATION FOR AMERICAN IMMIGRATION REFORM,≤100
49651563727,Live Action,Live Action,≤100
123278175737526,Cleave Simpson for Colorado Senate,Committee to Elect Cleave Simpson,≤100
203197030603239,8 Billion Trees,8 Billion Trees LLC,≤100
103097324374299,DemottforColorado,DeMott for Colorado,≤100
1106859749348899,Brody Leven,Protect Our Winters,≤100
977704775606273,Balls Deep Tackle,Balls Deep Tackle,≤100
1708467695859543,Veteran Transition Mission,Sonia Ivelisse Barriera Ayala,≤100
109984394118472,Mask Exemption Cards,Mask Exemption Cards,≤100
108029674299216,We The People,We The People,≤100
263210730984251,We Are Great Again Pac,WE ARE GREAT AGAIN PAC,≤100
104055831139636,Richie Frangiosa for Park County Commissioner,Committee to Elect Richie Frangiosa,≤100
455773838556823,Darien Wilson for Douglas County Commissioner,Friends to Elect Darien Wilson,≤100
129255907131113,NumbersUSA,NUMBERSUSA EDUCATION AND RESEARCH FOUNDATION,≤100
1729734957322617,Representative Yadira Caraveo,Caraveo for Colorado,≤100
106852860996467,ChampionforColorado,Champion4Colorado,≤100
36474716066,Color Of Change,ColorofChange.org,≤100
102137374563260,Confide in American Pride,John Allen Franson,≤100
110439270638992,NE1else,Time Management LLc,≤100
6787988478,Physicians for Human Rights,"PHYSICIANS FOR HUMAN RIGHTS, INC.",≤100
1048486145183452,We Testify,We Testify,≤100
113676922032321,Larry Elder,Salem Media,≤100
123651254408327,Sokolove Law,"Sokolove Law, LLC",≤100
219612384781411,Bloomberg Philanthropies,Bloomberg Philanthropies,≤100
117437204982602,American Wild Horse Campaign,American Wild Horse Campaign,≤100
467804929927622,Jason Smith,JASON SMITH FOR CONGRESS,≤100
19342050934,Leadership Institute,LEADERSHIP INSTITUTE INC,≤100
746938465317981,Nuclear Matters,Nuclear Matters,≤100
112114435501106,Hugh Hewitt,Salem Media,≤100
514167322309353,Dan Crenshaw,Crenshaw For Congress,≤100
971668776283950,PolicyEd,Hoover Institution,≤100
105010030848236,Bryant Cameron Webb,DR. CAMERON WEBB FOR CONGRESS,≤100
135323630363148,"ASK Screening Program, CU-Anschutz",Kathleen Alicia May,≤100
123963360928,SiriusXM,SIRIUS XM RADIO INC.,≤100
443329669123990,USAFacts,USAFacts Institute,≤100
217976018236954,OutKick,Outkick Media LLC,≤100
308159713150350,Voter Protection Project,VOTER PROTECTION PROJECT,≤100
347978955534783,Solcius,Solcius,≤100
505653766599222,America First with Dr. Sebastian Gorka,Salem Media,≤100
342887442508723,Convention of States,Convention of States Action,≤100
294196590710262,FWD.us,FWD.us,≤100
101329141719185,Patriotic Pursuit,Lambert Chan,≤100
128167457221813,Public Transportation,Voices for Public Transit,≤100
101136147910784,Represent Justice,Represent Justice,≤100
210357995667559,The National Memo,The National Memo,≤100
376776419037747,Turning Point USA,Turning Point USA,≤100
100119981671668,Blue Senate,BLUE SENATE PAC,≤100
17911165812,Covenant House International,Covenant House,≤100
289446947817747,Global Citizen,"GLOBAL POVERTY PROJECT, INC.",≤100
23489729942,Mike Gallagher,Salem Media,≤100
160513344045084,John Neely Kennedy,"John Kennedy for Us, Inc",≤100
110422117441268,Relentless Loyalty,Carlos None Leon Trejo,≤100
2339203789732156,Kim Mangone for Congress,COMMITTEE TO ELECT KIM MANGONE FOR CONGRESS,≤100
104170004713256,Elect Black Democrats,THE COLLECTIVE PAC,≤100
54684090291,Partnership to End Addiction,The National Center on Addiction and Substance Abuse with Facebook ad credits,≤100
442799789569621,Compost Colorado,Vann Thomas Fussell,≤100
737686089933715,Conservative Collections,Mainline Media Group,≤100
102112121615949,Relentless Pursuit,Lambert Chan,≤100
21834534343,Volunteers of America,"VOLUNTEERS OF AMERICA, INC.",≤100
518194348194441,RepresentUs,RepresentUs,≤100
1681120172099567,Libertarian Candidates,Ryan Allen Raymond,≤100
34362997676,United States Holocaust Memorial Museum,UNITED STATES HOLOCAUST MEMORIAL MUSEUM,≤100
141692255929599,Democratic Socialists of America,DEMOCRATIC SOCIALISTS OF AMERICA INC,≤100
150621451650636,Montana Wilderness Association,"MONTANA WILDERNESS ASSOCIATION, INC.",≤100
782093245218764,Qasim Rashid,RASHID FOR VA,≤100
101769576791,Health Action Network,Health Action Network,≤100
1316372698453411,Alexandria Ocasio-Cortez,THE SQUAD VICTORY FUND,≤100
1683659714985244,Phil Ehr,EHR FOR CONGRESS,≤100
336470580233523,Pins and Aces Golf Co.,US Craft Brands LLC,≤100
11006419356,The Voice of the Martyrs - USA,"VOICE OF THE MARTYRS, INC., THE",≤100
6240652407,Young America's Foundation,YOUNG AMERICA'S FOUNDATION INC,≤100
101485404914361,Bad News Wares,Bad News Wares,≤100
303061950155375,John James,"JOHN JAMES FOR SENATE, INC.",≤100
354377577952993,SEIU Local 105,SERVICE EMPLOYEES INTERNATIONAL UNION LOCAL 105,≤100
24481937944,Theodore Roosevelt Conservation Partnership,"THEODORE ROOSEVELT CONSERVATION PARTNERSHIP, INC",≤100
106186067587518,Bob McCluskey,Friends of Bob McCluskey,≤100
360303722260,Kathleen Williams,KATHLEEN WILLIAMS FOR MONTANA,≤100
356482637745012,Stansberry Research,Stansberry Research,≤100
192771954102960,Jordan Sekulow,American Center for Law and Justice,≤100
23790541544,Democrats,DCCC,≤100
94047978366,PCCC - BoldProgressives.org,PROGRESSIVE CHANGE CAMPAIGN COMMITTEE,≤100
42872222699,Dana Loesch,Dana Loesch Radio,≤100
248181906078243,National Institute for Civil Discourse,CommonSense American,≤100
304328180178745,Woodley for Denver,Committee to Elect Jonathan Woodley,≤100
103992786357969,The Shift Network,These ads ran without a disclaimer,≤100
110010433804232,Falkirk Center,Falkirk Center,≤100
1553558311617419,People United for Privacy,People United for Privacy,≤100
102617961152741,Barbara Bollier,BOLLIER FOR KANSAS,≤100
241621170478899,The Purpose of Allegiance,Harrison T Chung,≤100
1520483958208446,Seeger Weiss LLP,SEEGER WEISS LLP,≤100
107591317737915,Prepared Americans,Kin Ngai Yeung,≤100
142992759853421,Be A Hero,BE A HERO PAC,≤100
104149030935111,Holly For 48,Committee To Elect Holly Herson,≤100
100112308053813,South Dakotans for Better Marijuana Laws,South Dakotans for Better Marijuana Laws,≤100
2256321067930356,Liberteeclub,libertyteeshop,≤100
421172487894957,Together Colorado,TOGETHER COLORADO,≤100
1354622541311687,Dr. Kim Schrier,DR KIM SCHRIER FOR CONGRESS,≤100
845354629137901,Circa West,The Stellar Group Real Estate,≤100
327202261326682,Stephanie Bice,Bice for Congress,≤100
2040270322863853,Tina Smith,TINA SMITH FOR MINNESOTA,≤100
304058913005378,Senior and Disabled Concerns,Senior & Disabled Concerns,≤100
105157841248307,No Filter Politics,No Filter Politics,≤100
51379424899,Mercy Ships,MERCY SHIPS INTERNATIONAL,≤100
398757490729,The National Network to End Domestic Violence,"NATIONAL NETWORK TO END DOMESTIC VIOLENCE, INC.",≤100
1456310534453054,Veteran Loans Online,"LMB OpCo, LLC",≤100
101894128312659,My President,wowengraving,≤100
108834660952162,Liberty Strong,Jae W Seo,≤100
126893748252841,American Firearms Coalition,American Firearms Coalition,≤100
894096170667732,Ashley Hinson,Ashley Hinson For Congress,≤100
281884085611820,Tedra Cobb,COMMITTEE TO ELECT TEDRA COBB,≤100
127216280686110,Ann Wagner,Ann Wagner for Congress,≤100
10498053716,Media Research Center,MEDIA RESEARCH CENTER,≤100
188441263945,Laboratory to Combat Human Trafficking,LCHT,≤100
176466646087311,DC Fawcett,Donald Chappell Fawcett,≤100
623339164538852,National Security Action,Nationalsecurityaction.org,≤100
419237048158257,Susan Collins,COLLINS FOR SENATOR,≤100
116546288359245,Heritage Action for America,HERITAGE ACTION FOR AMERICA,≤100
142370046577999,Shahid Buttar for Congress,Shahid Buttar for Congress Committee,≤100
115445723623925,Patriots Helping Hands,Harrison T Chung,≤100
357554791340788,Liker,Omar Rivero,≤100
109894877501594,Steve Daines Follows The Money,DSCC,≤100
291102898490822,Giant Maga Hat,Inventors club LLC,≤100
465483726908192,iVote,IVote Civic Education Fund,≤100
104504438466,Federal Voting Assistance Program - FVAP,Federal Voting Assistance Program,≤100
30914589895,The International Fellowship of Christians and Jews,"INTERNATIONAL FELLOWSHIP OF CHRISTIANS & JEWS, INC.",≤100
103046977892124,Adam Christensen For Congress,ADAM J CHRISTENSEN FOR CONGRESS,≤100
203805062990264,Ben Shapiro,The Daily Wire,≤100
105433064492153,The Return 2020,The Return International,≤100
384557995468219,Viral Casez,Viral Casez,≤100
112488757165613,Blue Line Stockpile,Blueline Stockpile,≤100
6333396177,NewsBusters.org,MEDIA RESEARCH CENTER,≤100
103571278142168,Joni Ernst Isn’t On Our Side,DSCC,≤100
121033149320,American Indian College Fund,"AMERICAN INDIAN COLLEGE FUND, THE",≤100
2004844799533845,Vicki Pyne for HD27,Vicki Pyne for HD27,≤100
367292494407,AJC - American Jewish Committee,AMERICAN JEWISH COMMITTEE,≤100
186932688457686,CHNGE,CHNGE,≤100
210277954204,The Young Turks,"The Young Turks, Inc.",≤100
868405419972384,The Outrage,The Outrage,≤100
11791104453,NRDC,Natural Resources Defense Council,≤100
2259323457517498,Abolish the Electoral College,ABOLISH THE ELECTORAL COLLEGE,≤100
1719346238076646,SpringsTaxpayers.com,SpringsTaxpayers.com,≤100
102180301437619,2020 American Defense Fund,C3 PAC,≤100
1344753008968781,Birds Aren't Real,Birds Aren't Real,≤100
2068988876444634,Stand Up for Accurate Prenatal Answers,STAND UP FOR ACCURATE PRENATAL ANSWERS INC,≤100
296708523873754,Karla Dennis and Associates Inc.,"Karla Dennis & Associates, Inc",≤100
176466646087311,DC Fawcett,VREIC,≤100
105536127617594,The American Digest,The American Digest,≤100
700941689954518,Defend Our Future,Defend Our Future,≤100
143729616392084,Van Drew for Congress,Van Drew for Congress,≤100
143986912311328,University of Vermont Continuing and Distance Education,University of Vermont,≤100
60236215646,LGBTQ Victory Fund,LGBTQ VICTORY FUND,≤100
2046092952294722,Lucy McBath for Congress,FRIENDS OF LUCY MCBATH,≤100
173837496125511,Conscious Step,Conscious Step,≤100
104027944769027,Proud Patriot Shop,Georgia Rose Benoit,≤100
158505287559920,Save the Storks,Save the Storks,≤100
9394693002,Bloomberg LP,Bloomberg LP,≤100
103531607822207,Noticias para Inmigrantes,"Wise Rock Media, PBC",≤100
200676905671,We Are ALPA,Air Line Pilots Association,≤100
259212814698356,Democratic Majority for Israel,DMFI PAC,≤100
102456201600262,Proud Patriot People,Seanross Michael Holcomb,≤100
183424985463330,Joe Cunningham,JOE CUNNINGHAM FOR CONGRESS,≤100
107557201068355,Katona For Castle Rock,Katona for Castle Rock,≤100
266344180585578,Jim Jordan for Congress,JIM JORDAN FOR CONGRESS,≤100
141171282610973,"Bryan E. Kuhn, Counselor at Law, P.C.",These ads ran without a disclaimer,≤100
1632568446971453,Boredwalk,Boredwalk,≤100
1014486318584089,Armed American Supply,Armed American Supply,≤100
8473889271,National Parks Conservation Association,National Parks Conservation Association,≤100
7341997111,Conservation International,Conservation International,≤100
2225580284361712,Tommy Tuberville,"TUBERVILLE FOR SENATE, INC.",≤100
144425582234694,Larimer County Republican Party,Larimer County Republican Party,≤100
135298176481584,Marine Corps Scholarship Foundation,Marine Corps Scholarship Foundation,≤100
102281264932254,The Southern Strategy,Southern Strategy,≤100
101724361319410,Ronny Jackson for U.S. Congress TX-13,Texans for Ronny Jackson,≤100
1594170604242427,Hans Hochheimer,Hans D Hochheimer,≤100
112735922758892,Charlie Kirk,Charlie Kirk,≤100
105943157686335,Trust Michigan Families,TRUST MICHIGAN FAMILIES,≤100
167473433290992,Inequality.org,Institute for Policy Studies,≤100
171287339973880,LCV Victory Fund,"LCV Victory Fund, 202-785-8683, and not authorized by any candidate or candidate’s committee",≤100
100757521655204,Republican Red Wine,REPUBLICAN RED LLC,≤100
309072629157350,National Coalition for Infant Health,National Coalition for Infant Health,≤100
121626482110,Operation Smile,"OPERATION SMILE, INC.",≤100
309798029121030,Everytown for Gun Safety,EVERYTOWN FOR GUN SAFETY VICTORY FUND,≤100
169277310432049,"Texas Precision Optics, Inc.",Texas Precision Optics Inc,≤100
100131288480883,"Let Live, Let Liberty",Jae W Seo,≤100
102055798194147,Denver HD4 Democrats,Denver Democratic Central Committee - HD4,≤100
169597416843751,Stand Up America,Stand Up America,≤100
102689561566768,Party Line Shedd,DCCC,≤100
253791814655400,Doug Collins,"COLLINS FOR SENATE, INC.",≤100
115570013148150,Idris Keith for Arapahoe County Commissioner,Friends of Idris Keith,≤100
284946111858895,Debbie Mucarsel-Powell,DEBBIE FOR CONGRESS,≤100
110269460814562,Allegiance To Help,Harrison T Chung,≤100
129523843754764,Vote Smart,PROJECT VOTE SMART,≤100
6851405967,CREDO Mobile,"CREDO MOBILE, INC.",≤100
2417346194990675,GCRMC Careers - Alamogordo NM,Rollis None Fontenot,≤100
123965317665623,N-Hance Wood Refinishing,N-Hance Inc.,≤100
105455840860559,EagleRealm LLC,Eagle Realm,≤100
90498769709,Edenpure,EdenPURE®,≤100
83290028957,Care Net,CARE NET,≤100
234628203317767,Made for Freedom,Made for Freedom,≤100
1013304945470529,My Pride Apparel,My Pride Apparel,≤100
48530203934,The American Alpine Club,"AMERICAN ALPINE CLUB, THE",≤100
156994304362574,American Bridge 21st Century,AB PAC,≤100
117641114435,First Aid Beauty,First Aid Beauty,≤100
100699775058659,Education Now NC,Education Now,≤100
218020061613734,UBS,UBS Financial Services Inc.,≤100
307943569254319,Florida Rights Restoration Coalition,Florida Rights Restoration Coalition,≤100
119006106155684,PI Energy,Andrew P Chung,≤100
128716440866482,Adam Milstein,Adam Milstein,≤100
223055747744143,Beto O'Rourke,Powered By People,≤100
104084298079050,United Liberty,Carlos None Leon Trejo,≤100
41309865723,Democrats.com,DEMOCRATS.COM,≤100
102579318191600,No Justice No Peace,NO JUSTICE NO PEACE PAC,≤100
112164673854264,Living Patriotically,Living Patriotically,≤100
290611681891012,Matt Salka for Commissioner,Matt for County Commissioner,≤100
6041057841,The Humane Society of the United States,"HUMANE SOCIETY OF THE UNITED STATES, THE",≤100
162493793737,Rick Green,Richard Arlin Green,≤100
1010143499143169,Medicare Savings,"Mayo Labs, LLC",≤100
106890801114065,Right Wing Maga,Right Wing Maga,≤100
55549065733,Voto Latino,Voto Latino with Facebook Ad Credits,≤100
537696563060808,Representative Barbara McLachlan,COMMITTEE TO ELECT BARBAR,≤100
100558255126968,One Patriotic Society,Harrison T Chung,≤100
102113414686691,Ganne for Grand,Ganne for Grand,≤100
551158678560402,Epimonia,Epimonia LLC,≤100
11024050756,Bioneers,Bioneers,≤100
89447823595,The Colorado Trust,COLORADO TRUST,≤100
100318944827269,Amy Kennedy,AMY KENNEDY FOR CONGRESS,≤100
2934890296553544,Tamara Pogue for Summit County Commissioner,Tamara for Summit,≤100
1545826148838592,Trump 2020,Gregory Lawrence Burright,≤100
1000253160054572,Cori Bush,CORI BUSH FOR CONGRESS,≤100
106949844346620,Trumpian Republicans,Gregory Lawrence Burright,≤100
785936231584382,Paula Jean Swearengin,Paula Jean for West Virginia,≤100
8934429638,Planned Parenthood Action,Planned Parenthood Votes,≤100
2049170775107862,Resistance By Design,Resistance By Design,≤100
711478725532801,Civiqs,Civiqs,≤100
360331417751529,Rachel's Action Network,Rachel's Action Network,≤100
296295018082,AARP en Español,AARP,≤100
199756330090514,Solar United Neighbors,Solar United Neighbors,≤100
101574025015329,Emergency Tips,Christopher Allen Supek,≤100
614134231980299,Veterans Empowered To Protect African Wildlife,VETPAW INC,≤100
1099478666810053,Meals For Pets,Meals for Pets,≤100
1393911800825140,OZY,OZY Media Inc,≤100
32975139631,If Americans Knew,If Americans Knew,≤100
79125112926,Students for Life of America,"STUDENTS FOR LIFE OF AMERICA, INC.",≤100
21455818797,Feed the Children,"FEED THE CHILDREN, INC.",≤100
1977738355807406,Sharice For Congress,SHARICE FOR CONGRESS,≤100
115209826981358,Families Surviving Catastrophe,Henry George Hansen,≤100
109811857299834,Laurel Imer for Colorado,Laurel for HD24,≤100
113351505349955,The Christian Broadcasting Network,The Christian Broadcasting Network Inc,≤100
101464921262312,Alaina for Congress 2020,Alaina Shearer for Congress,≤100
123624513983,The Western Journal,The Western Journal,≤100
369325156488153,Ubuntu Life,Ubuntu Life,≤100
1268410219898273,Tango Tango,Tango Tango Inc,≤100
1917715138510680,Follow Your Legend,Legend Bracelet,≤100
1832744013698336,Mahogany Mommies,Mahogany Mommies,≤100
153678684700451,American Investment Council,AMERICAN INVESTMENT COUNCIL,≤100
1497851363851721,QLMS,Quicken Loans Mortgage Services,≤100
1799282383731277,TwoSeventy,Alexander Jared Deutsch,≤100
1255514891283096,RGA Right Direction PAC,RGA RIGHT DIRECTION PAC,≤100
7209432197,Chris Coons,CHRIS COONS FOR DELAWARE,≤100
114386721939978,The Made in America Store,Made In America Store,≤100
598720023670599,Jennifer Carroll Foy,Jennifer Carroll Foy for Governor,≤100
1852520761657982,4ocean,4ocean,≤100
129278807814364,Women of Welcome,Welcome.,≤100
334925200513155,Justin Berry for Texas HD 47,Justin Berry For Texas House,≤100
497081420632330,Dr. Hiral Tipirneni,HIRAL FOR CONGRESS,≤100
1923047664619938,Representative Dylan Roberts,Dylan Roberts for Colorado,≤100
169294473121454,Policetees.com,PoliceTees.com,≤100
102707767976896,Liberty Patriots USA,"Gentry Hardy Holdings, LP",≤100
1053833861326820,John Burke,Presidential Playbook,≤100
8111949161,ProgressNow Colorado,ProgressNow Colorado,≤100
255208337943901,Jobs Growth,"JOBS FREEDOM AND SECURITY PAC, Not authorized by any candidate or candidate’s committee.",≤100
24470472733,The Trevor Project,The Trevor Project,≤100
105561217523274,The_Dispatch,"Dispatch Media, Inc.",≤100
100661374870277,Lynn Gerber for SD19,Lynn for SD19,≤100
181467702005600,Mark Warner VA,FRIENDS OF MARK WARNER,≤100
1234251319933440,Exclusive Apparel,The Dude's Threads,≤100
30079936984,CWS,"CHURCH WORLD SERVICE, INC.",≤100
61265398450,AmeriCorps NCCC,Corporation for National and Community Service,≤100
931907200310657,Patients Rising Now,Patients Rising Now Inc,≤100
100696128366533,Compare-HealthPlans.com,Darius Alexander Mcdougle,≤100
441563483276958,David Ortiz for Colorado,Ortiz for Colorado,≤100
290851614930809,Combat AntiSemitism,Combat Anti-Semitism,≤100
106806907405702,Jack Turner Elect 2020,Elect Jack Turner Committee,≤100
166738743732702,All Above All Action,All Above All Action Fund,≤100
111982742583496,Kairos Traders,YOUTH WITH A MISSION STRATEGIC FRONTIER,≤100
387028015007642,Colorado Citizens Coalition,Colorado Citizens Coalition,≤100
108797534098691,Keep Gifts Great,Adrian Choi Conger,≤100
111702860231554,Matt Lieberman,Matt Lieberman for Senate,≤100
18813753280,Human Rights Campaign,"HUMAN RIGHTS CAMPAIGN, INC.",≤100
819607471729183,Dr. Al Gross for US Senate,DR. AL GROSS FOR U.S. SENATE,≤100
305460990248237,The Civics Center,"The Civics Center, a project of Community Partners",≤100
830890360316751,Nick Hanauer,Civic Action,≤100
160630887998827,Let Them Live,Let Them Live,≤100
12683623041,Society for Human Resource Management (SHRM),SOCIETY FOR HUMAN RESOURCE MANAGEMENT,≤100
243399129090445,Christina Hale,HOOSIERS FOR HALE,≤100
102745147891580,Trump Coolers,Trump Coolers,≤100
137459917707,The Brookings Institution,The Brookings Institution,≤100
486742462081051,Mike Cooney for Governor,Cooney for Montana,≤100
429233848012141,The HALO Trust USA,"HALO TRUST (USA), INC. (THE)",≤100
352527958302,Israel on Campus Coalition,Israel on Campus Coalition,≤100
1653251174924652,Fuzzu,Fuzzu,≤100
661744180680367,National Police Association,"NATIONAL POLICE ASSOCIATION, INC.",≤100
219224241438635,Compassion & Choices,COMPASSION & CHOICES,≤100
740266592735787,Free to Be Kids,Free To Be Kids,≤100
101420381658477,Locke & Key PAC,LOCKE & KEY PAC,≤100
103034718068007,Pigeon Poolitics,Sassan Yousefi,≤100
115364585711,Lawyers' Committee for Civil Rights Under Law,Lawyers' Committee for Civil Rights Under the Law with Facebook Ad Credits,≤100
896759427103774,Modern Medicaid Alliance,Modern Medicaid Alliance,≤100
682990071843813,Center for the Study of Liberty,Center for the Study of Liberty,≤100
537534316395916,Students for Trump,Turning Point Action,≤100
296914550322200,Jose Javier Rodriguez,Florida Democratic Legislative Campaign Committee,≤100
6165653060,AFSCME,AMERICAN FEDERATION OF STATE COUNTY & MUNICIPAL EMPLOYEES,≤100
810122486032496,Jackie Gordon,JACKIE GORDON FOR CONGRESS,≤100
109601070861177,Patriotic Unity,Thanh Phuc Tran Nguyen,≤100
431099560800970,Front Page Live,"Front Page Live, Inc.",≤100
181924628560212,SumOfUs,SumOfUs,≤100
170806736923126,Harmony Turbines,Harmony Turbines Inc,≤100
110828620426941,Roger Polack for Congress,ROGER FOR WISCONSIN,≤100
72931140459,Center for Biological Diversity,"CENTER FOR BIOLOGICAL DIVERSITY, INC.",≤100
110690406969480,House for Colorado,House for Colorado,≤100
149081336362,AmeriCorps VISTA,Corporation for National and Community Service,≤100
315151565831,Ascension,Ascension Press,≤100
130848666099,Business Forward,Business Forward Inc.,≤100
858210161010020,Tom Malinowski for Congress,TOM MALINOWSKI FOR CONGRESS,≤100
490318837816713,State Representative Monica Duran,Monica Duran Duran,≤100
784023975319071,Janice Rich for Colorado,Janice Ann Rich,≤100
108512875350,The Atlas Society,The Atlas Society,≤100
953113491536337,Black to the Future Action Fund,Black to the Future Action Fund,≤100
299907453682524,American Legacy Center,American Legacy Center,≤100
112877143768761,Nate Matthews for Parker Town Council,Nate Matthews Committee to Elect for Parker Town Council,≤100
401823607072041,Infinity Goods,Infinity Goods LLC,≤100
2309566456030859,Human Coalition Action,PRO-LIFE TEXANS A HUMAN COALITION ACTION PAC,≤100
333081284065216,Brynne Kennedy for Congress,BRYNNE KENNEDY FOR CONGRESS,≤100
100506848295759,Made to Fail,Made To Fail,≤100
706716899745696,Women for Trump,TRUMP MAKE AMERICA GREAT AGAIN COMMITTEE,≤100
1640970822834351,Plaine Products,Plaine Products,≤100
17801244148,Jill Schupp,SCHUPP FOR CONGRESS,≤100
18479402361,No Kid Hungry,No Kid Hungry,≤100
181385265351965,Mosaic Magazine,Mosaic,≤100
339432396135584,The Exodus Road,EXODUS ROAD INC,≤100
6355071377,American Cancer Society Cancer Action Network - ACS CAN,AMERICAN CANCER SOCIETY CANCER ACTION NETWORK INC,≤100
201956993160690,MRCTV,MEDIA RESEARCH CENTER,≤100
1449461518652183,4Patriots,4Patriots LLC,≤100
2406972266252679,BloombergLaw,"BUREAU OF NATIONAL AFFAIRS, INC., THE",≤100
232201568659,Pacific Justice Institute,PACIFIC JUSTICE INSTITUTE,≤100
808450969246896,"Rebecca Walser, Tax Attorney, CFP",Walser Wealth Management,≤100
51761261956,The Bill of Rights Institute,"BILL OF RIGHTS INSTITUTE, THE",≤100
1084856268238034,Trump Talking,Roberto None Lugo,≤100
1658135304460341,MANG,MANG,≤100
1596671280578981,Schools & Communities First,Schools and Communities First,≤100
1526736227567131,TrueCoverage,True Coverage,≤100
344690446467832,The Copper Courier,"Courier Newsroom, Inc.",≤100
34701792581,EWTN,Eternal Word Television Network,≤100
272746056173834,National Voter Registration Day,NONPROFIT VOTE,≤100
394817334402124,2020 Trump Bill,Innovative Ecomm LLC,≤100
109078917443178,Independent OC,Independent OC,≤100
588086364947906,Marsha for Commissioner,"Marsha for Commissioner." Marsha Porter-Norton Registered Agent. 2020.,≤100
19972147679,SEIU,SEIU,≤100
112333396969405,Jim Bognet,Bognet for Congress,≤100
12784656483,Union Rescue Mission,Union Rescue Mission,≤100
241672016328637,Lauren Underwood for Congress,LAUREN UNDERWOOD FOR CONGRESS,≤100
211049239087028,Association of Young Americans,Benjamin J Brown,≤100
162244692732,Brennan Center for Justice at NYU Law,William J Brennan Jr Center for Justice Inc,≤100
40973310753,Pathfinder International,Pathfinder International,≤100
43609808159,Happy Family Organics,Happy Family Organics,≤100
325578590837480,Protect Our Care,Sixteen Thirty Fund,≤100
2264090133834042,Invite Research,Precision Network,≤100
97466887664,Innocence Project,"INNOCENCE PROJECT, INC., THE",≤100
1295279420598401,Victoria Spartz,VICTORIA SPARTZ FOR CONGRESS,≤100
101176014673943,Michelle for Kansas,MICHELLE FOR KANSAS,≤100
35715544220,Stand.earth,STAND,≤100
105082357738682,Be Choose Cause Global Leaders Conference,"inviteCHANGE, LLC",≤100
420424547981908,In Search of Liberty,Scott Dennis Welch,≤100
175797376373,"WaterFurnace Geothermal Heating, Cooling & Hot Water","WATERFURNACE INTERNATIONAL, INC.",≤100
101533684726659,You Are A Pro,Ruth Nduta Karanja,≤100
69039563201,Open Doors USA,"OPEN DOORS WITH BROTHER ANDREW, INC.",≤100
298271003840760,Bluestem Kansas,Bluestem Kansas,≤100
1809715209318581,Marjorie Taylor Greene for Congress,GREENE FOR CONGRESS,≤100
278487153675,Redneck Nation Clothing,Tracie Milliron Gold,≤100
141901795868393,Alaska Democrats,ALASKA DEMOCRATIC PARTY,≤100
1552675688372326,Color Of Change PAC,Color Of Change PAC,≤100
96491683438,"The Friends of Israel Gospel Ministry, Inc.","FRIENDS OF ISRAEL GOSPEL MINISTRY, INC, THE",≤100
117513180002579,John Shallman,Target Marketing Digital,≤100
107199049318619,Friends of Derek Kilmer,PEOPLE FOR DEREK KILMER,≤100
7642602143,Mother Jones,FOUNDATION FOR NATIONAL PROGRESS,≤100
79820371749,Ayanna Pressley,THE COMMITTEE TO ELECT AYANNA PRESSLEY,≤100
16352157727,Alfred A. Knopf,Penguin Random House LLC,≤100
111499100431,National Association for Gun Rights,NATIONAL ASSOCIATION FOR GUN RIGHTS INC,≤100
305115773870,Adobe,Adobe Inc.,≤100
107665644228467,Conservative Journal Review,Conservative Journal Review LLC,≤100
6170309302,Dick Durbin,FRIENDS OF DICK DURBIN COMMITTEE,≤100
288110884600563,Lean In,"Sheryl Sandberg & Dave Goldberg Family Foundation d/b/a LeanIn.Org, LLC",≤100
216709768355686,Dinesh D'Souza,America2020 Film LLC,≤100
12185972707,350.org,350.org,≤100
1425435377743310,Conversations with Bill Kristol,The Foundation for Constitutional Government,≤100
1634651343331439,Project Wren,Landon Brand,≤100
242679302418244,Denison Forum,Denison Ministries,≤100
107553074295243,Climate Vote MN,Climate Vote MN,≤100
451224838781405,Patriot Baby,Eric Todd Hunter,≤100
243510442756370,Justice Democrats,JUSTICE DEMOCRATS PAC,≤100
282765295135322,The Pray in Jesus Name Project,"GJK, Inc. d/b/a The Pray In Jesus Name Project",≤100
297706507036856,Charles Koch Institute,Charles Koch Institute,≤100
58158120046,ACLJ,American Center for Law and Justice,≤100
111718570352005,Yes on Measure A - A Solution for Homelessness,"Yes on Measure A - Homes for San Diegans, Sponsored by a Coalition of Civic Nonprofits and Housing Providers.  Committee major funding from  Affirmed Housing Group Inc  Eden Housing Inc  Metropolitan Area Advisory Committee (MAAC)  Funding details at www.sandiego.gov/donors. ",≤100
1472496323054612,It's About Time Mets: Elevating Metastatic Cancer Stories,GILDA'S CLUB CHICAGO,≤100
241840162628492,Joseph + Sue,These ads ran without a disclaimer,≤100
42002969352,Center on Budget and Policy Priorities,Center on Budget and Policy Priorities,≤100
592707041080920,Stand Together,Stand Together Chamber of Commerce Inc.,≤100
1642386799323957,Angie Craig,ANGIE CRAIG FOR CONGRESS,≤100
1145019702185006,Alliance for Safety and Justice,Alliance for Safety and Justice,≤100
38897314734,The Trust for Public Land,"TRUST FOR PUBLIC LAND, THE",≤100
67626834312,National Women's Law Center,National Women's Law Center,≤100
103482367823236,Marcus Murphy,Marcus Allen Murphy,≤100
1949440971937523,Maine Voter Info,MAINE DEMOCRATIC PARTY,≤100
227535924071462,Animal Petitions,AnimalPetitions.org,≤100
1640136779635989,We The People Holsters,WeThePeopleHolsters,≤100
169687486427698,Jentezen Franklin,FREE CHAPEL WORSHIP CENTER,≤100
109088011473,Motorcycle Mechanics Institute,These ads ran without a disclaimer,≤100
103144548151014,Adrian Perkins,Perkins for LA,≤100
350523542184,Trust Women,Trust Women,≤100
566008736785269,Be Heard Project,Be Heard Project,≤100
102527004893192,The National Standard,Howard Stephan Barbanel,≤100
1439364926329185,Animal Matters,Animal Matters,≤100
195620754724,Helping Hand USA,HELPING HAND FOR RELIEF AND DEVELOPMENT INC.,≤100
10897453188,Operation Mobilization - OM USA,"OPERATION MOBILIZATION USA, INC.",≤100
123838185676931,Quinn Nystrom for Congress,Quinn Nystrom for Congress,≤100
374848446414965,Pollking,Benjamin Aaron Perlman,≤100
115617711783870,Center for Union Facts,CENTER FOR UNION FACTS,≤100
317667194946264,Ro Khanna,RO FOR CONGRESS INC,≤100
104399381115505,Fiedler for Lake County Commissioner,Fiedler for Lake County Commissioner,≤100
646594582623475,Republican Nations,wowengraving,≤100
525171637666780,Sandy Piña California Delegate,RCR,≤100
269479249997,National Shooting Sports Foundation | NSSF,National Shooting Sports Foundation,≤100
108273097641608,The Biden Store,David Paul Kim,≤100
303374266418976,AFPM,American Fuel & Petrochemical Manufacturers,≤100
152315634778510,UsAgainstAlzheimer’s,UsAgainstAlzheimer's,≤100
680894095682539,Cowboy Life,"Nine Ranch Enterprises, LLC",≤100
313723095478950,The Daily Citizen,Focus on the Family,≤100
169440273093442,The Center for Election Science,The Center for Election Science,≤100
47710973068,Cooperative Action Network,National Rural Electric Cooperatives Association,≤100
104639741366634,Vote Necklace,Brian Andrew Lett,≤100
111892670610842,Political AF,Quyen Sanh Gip,≤100
112388493820536,Patriots United For America,Patriots United For America,≤100
486324651440186,Plastic Bank,Erin Lillian Rand,≤100
1082522201878539,Gina Ortiz Jones for Congress,GINA ORTIZ JONES FOR CONGRESS,≤100
5943727453,American Humane,American Humane,≤100
111892670610842,Political AF,wowengraving,≤100
127821707877,YWCA USA,"YWCA OF THE USA, NATIONAL BOARD (INC)",≤100
1424655311129385,Proud Pour,Proud Pour,≤100
102970113093477,Church Militant/St. Michael’s Media,Max Aldcander Douglas,≤100
1400772006635782,Josh Harder,JOSH HARDER FOR CONGRESS,≤100
233116802464,Independent Voter,Independent Voter Project,≤100
1426887330770459,Representative Brianna Titone,Brianna For Colorado,≤100
103341131486608,Anti Racist Social,Salman Ahmed Elmi,≤100
107529267737819,Steady Patriot Hands,Hanson Han Xu,≤100
243947752771440,TJ Cox for Congress,TJ COX FOR CONGRESS,≤100
16477459734,League of Conservation Voters,League of Conservation Voters Education Fund,≤100
434224137354568,Dr. Rich McCormick for Congress,Friends of McCormick,≤100
254993821181877,Adams County Democratic Party,Adams County Democratic Party,≤100
231154884924705,AboutTrump.org - and Biden,A MARK FOUNDATION,≤100
245284549333866,ASMDSS,ASMDSS,≤100
127948757218233,Tony Evans,These ads ran without a disclaimer,≤100
7148723514,Sundance Film Festival,SUNDANCE INSTITUTE,≤100
620619085055774,Sandy Smith,"SANDY SMITH FOR CONGRESS, INC.",≤100
27544763621,Prison Fellowship,Brandon Anders Larsen,≤100
237477017606,Club for Growth,Club for Growth,≤100
884608308247144,Armadillo Hat Company,Armadillo Hat Company,≤100
112884453753128,Informed Patriots,Kin Ngai Yeung,≤100
168303959868194,Feniex Industries,FENIEX INDUSTRIES INC.,≤100
93114332471,20/20 Research,2020 Research,≤100
117220441646758,DSCF Democratic Senate Campaign Fund Colorado,CO Democratic Senate Campaign Fund,≤100
101481584557260,Help Asheville Bears-HAB,Heather Christina Williams,≤100
346937065399354,Occupy Democrats,Omar Rivero,≤100
16534314739,Facing History and Ourselves,"FACING HISTORY AND OURSELVES NATIONAL FOUNDATION, INC.",≤100
113399550420502,Family Matching Basic,These ads ran without a disclaimer,≤100
999775873528189,Stopping Socialism,The Heartland Institute,≤100
570524446405979,Only Human,Only Human,≤100
107953199261156,ifaw,"INTERNATIONAL FUND FOR ANIMAL WELFARE, INC.",≤100
105022441330232,Small Property Owners Alliance of Southern California,Small Property Owners Alliance Southern California,≤100
129726243758031,PBS12,Pamela Kay Parker,≤100
1385294418360578,Linda Koop,KOOP FOR TEXAS,≤100
197669827395385,Connected Commerce Council,Connected Commerce Council,≤100
25121889784,Texas Public Policy Foundation,Texas Public Policy Foundation,≤100
341828139690,Heritage Defense,Heritage Defense,≤100
38393316826,Boulder Public Library,Boulder Public Library,≤100
1629925673968109,Refuse Fascism,Refuse Fascism,≤100
9739634228,The Political Machine,"Hitcents.com, Inc",≤100
153309775026,SnapStream,SnapStream Media,≤100
248306181862385,Live Lokai,LOKAI HOLDINGS LLC,≤100
1823397994580969,Foreman Metal Works,These ads ran without a disclaimer,≤100
2338979479650120,Genevieve Collins for Congress,COLLINS FOR TEXAS,≤100
1733918116873254,BackWoods Mafia,Landon David Turner,≤100
102846434825096,Beat Abbott,Beat Abbott PAC,≤100
231354176962252,Social Work Helper,"Social Work Helper, PBC",≤100
179909895355213,AIDS United,AIDS UNITED,≤100
1272534336242476,World101,Council on Foreign Relations,≤100
839073729808623,Hillary Scholten,SCHOLTEN FOR CONGRESS,≤100
2295062210811244,Coalition for American Veterans,COALITION FOR AMERICAN VETERANS POLITICAL ACTION COMMITTEE,≤100
110740242303537,CAVU,Climate Advocates Voces Unidas,≤100
104881317722736,Get-It-Out,Matthew Justin Viles,≤100
2133130356918764,Common Justice,COMMON JUSTICE INC,≤100
780941275347834,Ilhan Omar,ILHAN FOR CONGRESS,≤100
348839551906904,Democracy in Color,POWERPAC DOT ORG,≤100
1311291038982513,2A Gear,Teecreations LLC,≤100
311119145257,Metro Caring,Metro Caring,≤100
50711561090,Muslim Advocates,MUSLIM ADVOCATES,≤100
111550550550458,BARK for BIDEN,BARK for BIDEN,≤100
1709145412721991,The Center for Growth and Opportunity at Utah State University,The Center for Growth and Opportunity,≤100
102436701226752,Is It Sunday Yet?,Jarrett J Rogers,≤100
113110137118723,Collectible Currency,Christopher Walter Adams,≤100
109866370700481,PushBlack Finance,PushBlack,≤100
107953010886875,20Train.com,GEEG LLC,≤100
1947525322184514,One Fair Wage,One Fair Wage,≤100
1156676274461345,Mikie Sherrill,MIKIE SHERRILL FOR CONGRESS,≤100
114937555342547,Seth Abramson,Macmillan Publishing,≤100
114073097096826,One Indivisible Nation,Claire Wang,≤100
2246364628908665,Uniting Missouri,Uniting Missouri,≤100
154860200019,Immigrants Rising,Immigrants Rising,≤100
104704401202729,"Teresa's Tips, Tricks & Tools for Beauty, Health & Wealth",Teresa Marie Von Riegen,≤100
103443851470957,Antonio Delgado for Congress,Carlos Antonio Delgado,≤100
105882964535390,Cats Against Trump,Cats Against Trump,≤100
1837356789847797,Fulcrum News,David George Seaman,≤100
54787697857,Ron Wyden,WYDEN FOR SENATE,≤100
26006662641,Arizona Democratic Party,Arizona Democratic Party,≤100
103903914570915,Pro2a,Delta Team Marketing,≤100
1945837408977507,Michael Moates,-MICHAEL STEVEN MOATES,≤100
1667892193505378,Hold the House,HOLD THE HOUSE PAC,≤100
112704783859268,Boy Scouts Abuse Claim Help,X Social Media LLC,≤100
113179897027654,Fypgear,Anne Marie Ward,≤100
153477451455783,The Optimist Daily,"The Optimist Publications, LLC",≤100
100123544800892,Disme Coin Company,Byron Michael Laughlin,≤100
103934071014071,Fire Drill Fridays,"GREENPEACE, INC.",≤100
73970658023,International Rescue Committee,International Rescue Committee,≤100
105145707971929,Florida Votes,TECH FOR CAMPAIGNS,≤100
262905633727,Los Angeles Mission,"Los Angeles Mission, Inc.",≤100
168367339845613,The Humane League,The Humane League,≤100
208463585839891,Living Future Institute,International Living Future Institute,≤100
7735858972,Humane Society Legislative Fund,Humane Society Legislative Fund,≤100
111970730196550,World War Zero,AMERICAN SECURITY PROJECT,≤100
657708380952174,Voices of the Civil Rights Movement,Comcast,≤100
184731548554164,PL+US,Plus Fund: Paid Leave for the United States,≤100
405355946226766,Todd Young,"FRIENDS OF TODD YOUNG, INC.",≤100
70995214846,Business Roundtable,Business Roundtable,≤100
118686519962406,NIOSH Aerosol Respirator and Face Shield Protection for The General Public,"Eastern PPE Imports, LLC",≤100
186805048171120,U.S. & Texas LawShield,Texas LawShield,≤100
1423200984590762,Jenny Wilson for Salt Lake County Mayor,Jenny Wilson for Salt Lake County Mayor,≤100
317284821682168,Messianic Jewish Alliance of America (MJAA),Messianic Jewish Alliance of America,≤100
927610307291393,Georgette Gómez,Georgette Gomez for Congress,≤100
1784991421516214,Seek Refuge,Seek Refuge,≤100
359651584655941,Luisa del Rosal,Luisa Del Rosal Campaign,≤100
607626319739286,Black Voices for Trump,TRUMP MAKE AMERICA GREAT AGAIN COMMITTEE,≤100
137340530379463,Sri for Congress 2020,SRI FOR CONGRESS,≤100
108273884315449,Real American Patriot,Gold Sky Ventures LLC,≤100
113310617054164,Trump Baseball Bats,Trump Baseball Bats,≤100
322222884530329,Former State Representative Bob Cortes,"Bob Cortes, Republican, for State Representative",≤100
399067003454888,Sudan Relief Fund,Sudan Relief Fund Inc,≤100
174046949421616,Phenomenal Woman Action Campaign,Phenomenal Woman Action Campaign,≤100
334748476594191,Rodney Davis,Rodney for Congress,≤100
102756811269921,Fellow Americans,Fellow Americans,≤100
455147011996099,The Ann and Phelim Scoop,The Unreported Story Society,≤100
345946329411380,Petal Soap,Jason Paul Domangue,≤100
111678373983031,Shop Jollies,BRAND KNEW,≤100
215968684159,AFT - American Federation of Teachers,American Federation of Teachers,≤100
304062610300415,VozWire,Gregson E Mathe,≤100
107439427661844,Accountable Tech,Accountable Tech,≤100
1452551204988299,GoReact,Speakworks Inc,≤100
111361091313,NICABM,"Theoria Associates for Health Education, Inc.",≤100
25255876194,GOPAC,GOPAC Election Fund,≤100
84601346450,Black Tie Dinner,BLACK TIE DINNER,≤100
114286980281478,Fair Maps Arizona,Fair Maps Arizona,≤100
100523018383357,National Federation of Christian Businesses - NFCB,National Federation of Christian Businesses Inc,≤100
387312204617372,American Tort Reform Association,"AMERICAN TORT REFORM ASSOCIATION, INC.",≤100
299295363912730,New Politics Leadership Academy,New Politics Leadership Academy,≤100
28126338304,Surfrider Foundation,"SURFRIDER FOUNDATION, INC",≤100
21492729544,Catholic Relief Services,CATHOLIC RELIEF SERVICES - UNITED STATES CONFERENCE OF CATHOLIC BISHOPS,≤100
98912141410,American Forests,American Forests,≤100
107155540841212,Proud Patriot America,Proud Patriot,≤100
106572950040377,Max Rose,MAX ROSE FOR CONGRESS,≤100
112473780428837,Chasten Buttigieg,Kenneth James Gillett,≤100
8936818385,Accuracy in Media,"ACCURACY IN MEDIA, INC",≤100
192015461630968,Supporting Our Brave Veterans,James Brian Plouf,≤100
142474049098533,Robert Reich,Inequality Media Civic Action,≤100
28483858161,Texas Scorecard,A PROJECT OF EMPOWER TEXANS INC,≤100
400854333330702,Citizens for Karina Villa,Citizens for Karina Villa,≤100
2255535767896743,Mark Robinson for N.C.,Mark Robinson for NC,≤100
44224524016,American Kidney Fund,"AMERICAN KIDNEY FUND, INC.",≤100
77273593330,Hillel International,HILLEL THE FOUNDATION FOR JEWISH CAMPUS LIFE,≤100
114301413446447,Kennebunkport Climate Initiative,Kennebunkport Climate Initiative,≤100
144850842237429,Independentvoting.org,Independent Voting (IndependentVoting.org),≤100
13187955196,Young Americans for Liberty,Young Americans for Liberty,≤100
182620315479,Plan International USA,Plan International USA,≤100
653446288035243,Edward B. Goehring,Edward B. Goehring,≤100
332803374044043,Chris Bubser for Congress,CHRIS BUBSER FOR CONGRESS,≤100
1397799040234106,OpinionUP,OpinionUP LLC,≤100
1528498354074301,Punching Bag Media - Conservative News,Sean Michael Probber,≤100
53727956260,Republican Jewish Coalition,Republican Jewish Coalition,≤100
101176781688638,Vets In America,Thanh Phuc Tran Nguyen,≤100
129602743740560,Illinois Family Action,ILLINOIS FAMILY ACTION NFP,≤100
112442993843619,Public Report,PublicReport.org,≤100
234621494446654,We Can’t Trust Nancy Mace,DCCC,≤100
100606771657216,Faith 2020,Faith 2020 Inc.,≤100
422250511163275,REMEDIGAP,Quinn Group LLC,≤100
2176472882580975,Crusader Outlet,Crusader Marketing,≤100
114971076538782,The Keystone,"Courier Newsroom, Inc.",≤100
442553959494293,Pay Up Climate Polluters,Center for Climate Integrity,≤100
263891677826490,Earthsider,Ryan James Martin,≤100
664287716946897,The Refuge for DMST,THE REFUGE FOR DMST,≤100
91346559231,Democratic Legislative Campaign Committee - DLCC,Democratic Legislative Campaign Committee,≤100
110257623864359,Cool Mud Flaps,"OHIO LASER, LLC",≤100
112829637116981,Flags For Good,Flags For Good LLC,≤100
10760692978,World Hope International,World Hope International,≤100
571748412859876,Matt Rosendale,Matt Rosendale for Montana,≤100
102673738084465,Illuxus,Illuxus,≤100
169947869747742,James Noack for County Commissioner,James Noack Campaign,≤100
101041998305221,The Proud Republicans,Great American Era LLC,≤100
362628781134387,Medicines360,"JONES PUBLIC AFFAIRS, INC.",≤100
638492549896672,Liberal Humans,Liberal Humans,≤100
302111635698,National Association of Tax Professionals (NATP),National Association of Tax Professionals,≤100
308353252483,Kristi Noem,Kristi for Governor,≤100
105872574403318,Project TAMMI,a research grant at The National Center on Addiction and Substance Abuse (CASA),≤100
172350046891,Dr. Dons Buttons,"RATLIFF ENTERPRISES, INC.",≤100
101147105012102,Solidu USA,Solidu USA,≤100
101377135010262,Today's New in Tech World,Darrell Dominic Adams,≤100
2109637279297531,The Bad Seed,Adam Kidron,≤100
1495031800595524,Women Together Now,Women Together Now,≤100
549425778407737,Manatee County Supervisor Of Elections,Manatee County Supervisor of Elections,≤100
1653885501501009,Propeller,Propeller Enterprises,≤100
700153177010264,Plant Based Products Council,Plant Based Products Council,≤100
2113400635561647,Andrea Mitchell Center for the Study of Democracy,Andrea Mitchell Center for the Study of Democracy at the University of Pennsylvania,≤100
147263505307717,Law Enforcement Legal Defense Fund,"LAW ENFORCEMENT LEGAL DEFENSE FUND, THE",≤100
282728185140429,Rep For Vets,The Rep For Vets,≤100
106487520883333,Cardinal & Pine,"Courier Newsroom, Inc.",≤100
119115358133249,eSalon,These ads ran without a disclaimer,≤100
136621623050791,Douglas Land Conservancy,These ads ran without a disclaimer,≤100
1370474066365196,F1RST WARRIOR,First Warrior,≤100
541807025833154,Malala Fund,Malala Fund,≤100
101827381636940,Patriots 101,Lambert Chan,≤100
143173285763,Tenth Amendment Center,Tenth Amendment Center,≤100
156919911022572,Steven Horsford,NEVADANS FOR STEVEN HORSFORD,≤100
59543893235,National Constitution Center,National Constitution Center,≤100
115024746010017,MediaWise,MediaWise,≤100
168452723312821,Chisholm Chisholm & Kilpatrick LTD,Chisholm Chisholm & Kilpatrick LTD,≤100
169710960125365,Curzio Research,Curzio Research Inc.,≤100
106203264511020,Washington Changed Katko,DCCC,≤100
101164484986617,To Be Frank Show,Real News PR,≤100
1990311431194831,Jody Shadduck-McNally for Larimer County Commissioner,Jody Shadduck-McNally for Larimer County Commissioner,≤100
130945114804,World Jewish Congress,WORLD JEWISH CONGRESS AMERICAN SECTION INC,≤100
276131699084792,YWAM Los Angeles,YWAM Los Angeles,≤100
425303257834064,Tom Basile,TomBasile.com,≤100
312066286397519,Manning Asylum Law,Manning Asylum Law,≤100
107917473883081,Medioker,Medioker,≤100
216705888361546,Elbert Lee Guillory,ELBERT GUILLORY'S AMERICA,≤100
108906707265489,USA Pooch,"PRESIDENTIAL POOCH, INC",≤100
514167322309353,Dan Crenshaw,Dan Crenshaw for Congress,≤100
100645541728080,Blue America Project,BLUE AMERICA PROJECT,≤100
381423518599637,"Hill and Ponton, P.A.",These ads ran without a disclaimer,≤100
102775434882290,Donna It’s Time For Progress,Hugo Santana,≤100
211596438980002,Ampersand Consulting,Ampersand Consulting,≤100
104917974464673,No Plastic Drinks,No Plastic Drinks,≤100
100729641303493,ICount NM,I Count New Mexico,≤100
1438882392887793,ADF Church Alliance,Alliance Defending Freedom,≤100
5457479962,Diabetes Daily,Thrivable,≤100
110061623807565,Kelly Loeffler,Georgians for Kelly,≤100
134571176638205,One Tree Planted,One Tree Planted,≤100
84206511914,MN AFL-CIO,Minnesota AFL-CIO Politcal Fund,≤100
263223951150352,Turn It Blue Digital Tool Kits,Turn It Blue Digital,≤100
102161004838994,Melissa Gould for Judge,Melissa Gould for Judge,≤100
105995741220700,Patriots United,Le Huu Dong Huynh,≤100
275304236513280,Dave Koehler for State Senate,Friends of Dave Koehler,≤100
8145161702,Lambda Legal,"LAMBDA LEGAL DEFENSE & EDUCATION FUND, INC.",≤100
104919414599745,People Over Profits,"The People Over Profits Florida, Inc.",≤100
124939484209078,Langevin for Congress,LANGEVIN FOR CONGRESS,≤100
21395843375,Dialysis Patient Citizens,DIALYSIS PATIENT CITIZENS INC,≤100
332172544231683,America's Plastic Makers,"AMERICAN CHEMISTRY COUNCIL, INC.",≤100
130412490967983,Hanlon for Colorado,"Hanlon for Colorado. Angelique Petterson, Registered Agent.",≤100
56332452163,AMA Patients Action Network,American Medical Association,≤100
294879797332635,Debbie Dingell,DEBBIE DINGELL FOR CONGRESS,≤100
1290536624348001,Informed Immigrant,FWD.us Education Fund,≤100
107459877731361,Kimya Holmes for Judge,Committee to Elect Kimya M Holmes,≤100
107226350977260,Rookie,Mark Anthony Russell,≤100
148081438555256,+972 Magazine,972 – Advancement of Citizen Journalism,≤100
312657362217994,Women's Heart Alliance,Women's Heart Alliance,≤100
279890513018,Islamic Networks Group - ING,"ISLAMIC NETWORKS, INC.",≤100
341240953385902,Force Of Nature Meats,Force of Nature,≤100
60865633726,Love Justice International,TINY HANDS INTERNATIONAL,≤100
162635987104707,GOP Mall,"DANWAL, INC.",≤100
114975913229488,Chicago Business Podcast,Global Podcast Inc.,≤100
873550809444862,Mighty Earth,Mighty Earth,≤100
101912618134879,Gifts By Frank,Salinas Marketing,≤100
1678492922390061,WorkingNation,WorkingNation,≤100
132083586509,La Plata County Democrats,La Plata County Democrats,≤100
814260155318929,The Fairness Project,The Fairness Project,≤100
108970206976,World Vision USA,WORLD VISION INC.,≤100
105287044367027,ObsessedwithTrump,Donald Lee Rowan,≤100
751939164900480,Boston Broadside,Boston Broadside,≤100
133937690180,Student Conservation Association,Student Conservation Association,≤100
72565633140,Soles4Souls,"SOLES4SOULS, INC.",≤100
166623896739812,Citizens United Political Victory Fund,Citizens United Political Victory Fund,≤100
36634376117,HarperKids Books,HARPERCOLLINS PUBLISHERS LLC,≤100
961203647412577,VIDA News,VIDA News,≤100
140877979844,American Gas Association,AMERICAN GAS ASSOCIATION,≤100
102315041409283,Horses in our Hands,In our Hands Action Fund,≤100
1329021960550887,Karen McCormick for Colorado,Karen for CO,≤100
1718260095117355,Representative Ben Diamond,Representative Ben Diamond,≤100
103315378108004,True Patriot Strength,LE-HUU DONG HUYNH,≤100
104255784686223,The Lorna M. Johnson Global Institute,The Lorna M. Johnson Global Institute,≤100
728241150556848,Stephanie C. Martinez,Stephanie Catalina Johnson,≤100
660064074075637,Rabbi David-Seth Kirshner,Davidseth M Kirshner,≤100
207833736045744,MHAction.org,Kevin R Borden,≤100
111648480319494,800DEMOCRAT,800DEMOCRAT,≤100
14673807622,Wisconsin Conservation Voters,Wisconsin Conservation Voters Independent Expenditure Committee,≤100
274975862998213,Profs and Pints,Profs and Pints,≤100
349414121803186,The Western Journal en Español,The Western Journal,≤100
16746288173,Population Services International,POPULATION SERVICES INTERNATIONAL,≤100
161186620643972,American Institute for Economic Research,AMERICAN INSTITUTE FOR ECONOMIC RESEARCH,≤100
109200595768753,The Christian Left,The Christian Left,≤100
36474716066,Color Of Change,COLOROFCHANGE.ORG,≤100
19474609238,Mercatus Center at George Mason University,Mercatus Center at George Mason University,≤100
59254639983,Boston Medical Center,BOSTON MEDICAL CENTER,≤100
1962432260715827,Kindhumans,Kindhumans,≤100
383754825699166,Beloved Benefit,Beloved Benefit,≤100
295644160460352,Donald Trump Jr.,"Premiere Marketing, Inc.",≤100
124626320898336,Catholic Extension,"CATHOLIC CHURCH EXTENSION SOCIETY OF THE UNITED STATES OF AMERICA, THE",≤100
103376804451432,Trending Politics,Making Web LLC,≤100
114909307010385,Standing Strong In Unity,Claire Wang,≤100
107638384248580,Our America,Bryant Wayne Young,≤100
106764057786334,United Today Stronger Tomorrow,"United Today, Stronger Tomorrow",≤100
172758932738142,PhRMA,PHARMACEUTICAL RESEARCH AND MANUFACTURERS OF AMERICA,≤100
96159580682,Maine Democratic Party,MAINE DEMOCRATIC PARTY,≤100
142836829093760,The American Constitutional Rights Union,Jorge Ernesto Amselle,≤100
190987118163092,Connected Clothing Company,Connected Clothing Company,≤100
103786994760833,United Police Fund,United Police Fund,≤100
14038292386,Women for Women International,WOMEN FOR WOMEN INTERNATIONAL,≤100
101682706561261,"Freedom Watch, Inc.","Freedom Watch, Inc.",≤100
343175436328856,CA Needs Energy Storage,California Alliance for Renewable Energy Solutions,≤100
139700496669066,1 VoteCloser,1 VoteCloser,≤100
105698674239617,Embed News,Embed News,≤100
102750021183412,Justice U,Altus Solutions Inc,≤100
516097642118756,Democratic youth Congress,These ads ran without a disclaimer,≤100
460844281074800,Tiny Trump,Eric D Corriel,≤100
183517831660100,Morning Consult,Morning Consult LLC,≤100
922580991129339,People's Mojahedin Organization of Iran - MEK IRAN,MEK-Iran (Saeid Saadati),≤100
127913103970095,C Club of Houston,The "C" Club of Houston,≤100
1413682351987764,Andy Kim for Congress,ANDY KIM FOR CONGRESS,≤100
116213276882274,Patriot Books,Lambert Chan,≤100
1772437266382039,Black Buck Apparel,Black Buck Apparel,≤100
108650400954148,Stopping Socialism TV,The Heartland Institute,≤100
138400367267,Right Scan Right Time,NATIONAL ELECTRICAL MANUFACTURERS ASSOCIATION,≤100
103131054573692,Crawfordology,Crawfordology,≤100
106114264313679,Hunt The Vote,"Hunter Nation, Inc.",≤100
171651620209487,Brady PAC,Brady Pac,≤100
107626607404475,Otero County & City of Alamogordo Census 2020,Otero County Managers Office,≤100
46508415624,Scott Taylor,Scott Taylor for Congress 2020,≤100
85569513068,International Planned Parenthood Federation/Western Hemisphere Region,International Planned Parenthood Federation/Western Hemisphere Region,≤100
664770743730817,Dan Feehan for Congress,FRIENDS OF DAN FEEHAN,≤100
104142543758770,Campaign Zero,We The Protesters,≤100
399060493533519,The Justice Foundation,JUSTICE FOUNDATION,≤100
12692955711,Chronicle of Higher Education,"CHRONICLE OF HIGHER EDUCATION, INC. (THE)",≤100
104677214707541,Shady Schweikert,314 ACTION FUND,≤100
1755810367986271,Eurasia Group Foundation,Eurasia Group Foundation,≤100
105953890782784,The Factual,The Factual,≤100
175716473032461,MamaP,MamaP,≤100
105622377936014,In the Name of Us,In the Name of Us,≤100
612701059241880,Latinos for Trump,TRUMP MAKE AMERICA GREAT AGAIN COMMITTEE,≤100
691341261052719,Civics Unplugged,Civics Unplugged,≤100
109186244232765,The Liberty Club,Cindy None Dao,≤100
104379058055346,The Louder Party,the louder party,≤100
279055918888826,Jaythreesixty,J360 LLC,≤100
182658925089088,FINCA,"FINCA INTERNATIONAL, INC.",≤100
301302910021410,Virtual Running Club,"Virtual Running Club, LLC",≤100
118697061602554,Jason Brodeur,"Jason Brodeur, Republican, for State Senate",≤100
318020432108506,Progress News Network,Progress News Network,≤100
183113263420,Loyal Source,LOYAL SOURCE GOVERNMENT SERVICES LLC,≤100
110316697328742,People of Seniors Housing,People of Seniors Housing,≤100
104012084703106,One People United PAC,One People United,≤100
150322194563,PASA Primates: Pan African Sanctuary Alliance,PAN AFRICAN SANCTUARIES ALLIANCE,≤100
159597424207730,David Perdue,PERDUE FOR SENATE,≤100
107937014153581,Energized Health,John Jubilee Transformation LLC DBA Energized Health,≤100
110849485902,United Way,United Way Worldwide with Facebook Ad Credits,≤100
118178241651488,DSPolitical,"DSPolitical, LLC",≤100
175403889150682,FindLaw.com,FindLaw Consumer,≤100
146817005352784,Wellness.com,"Beachside Media, Inc.",≤100
143021112391265,Jacobin magazine,Jacobin Foundation,≤100
172350046891,Dr. Dons Buttons,Dr. Don's Buttons,≤100
101459098271864,Vets United,Jae W Seo,≤100
319982881752525,Kara Eastman,EASTMAN FOR CONGRESS,≤100
28144169620,Alliance for Aging Research,Alliance for Aging Research,≤100
1399926390134311,Nature's Generator,Huntkey USA Inc,≤100
116214823511455,Voteprints,Troy Thomas Egri,≤100
110280253735683,Alexandria Ocasio-Cortez Fan Club,Imran M Jemal,≤100
112803175418259,Adobe Document Cloud,Mario Alejandro Quinones,≤100
789546641178807,Brand New Congress,Brand New Congress,≤100
75353945070,Boxed Water Is Better,Boxed Water Is Better,≤100
107066711080027,"Carroll Fife for Oakland City Council, D3",Carroll Fife for City Council 2020,≤100
256043277748645,NetChoice,NETCHOICE,≤100
183484875153093,Kim Monson Show,The Kim Monson Show,≤100
105737817470779,Giovanni Coppola,The Committee to Elect Giovanni Coppola,≤100
106596314443572,Dmitriy Yakubovich,"Dmitriy Yakubovich for Hallandale Beach City Commission, Seat 4",≤100
202286639832171,Dr. Robert Jeffress,FIRST BAPTIST CHURCH DALLAS,≤100
708375056271048,The Christendom Curriculum,The Christendom Curriculum,≤100
8002590959,Rainforest Action Network,RAINFOREST ACTION NETWORK,≤100
32582320449,CMMB,CATHOLIC MEDICAL MISSION BOARD INC,≤100
103851564652,Waterkeeper Alliance,WATERKEEPER ALLIANCE INC,≤100
56282222521,Houghton Mifflin Harcourt Trade,Houghton Mifflin Harcourt,≤100
273023971533,Dennis Bonnen,Dennis Bonnen Campaign,≤100
1628679613829742,Josh Hicks,Josh Hicks for Congress,≤100
44705166993,Vote.org,Vote.Org,≤100
221890358218748,Til Valhalla Project,Til Valhalla Project,≤100
205795426669644,Facts and Logic about the Middle East,Facts and Logic About the Middle East,≤100
148731991811588,Baird,Robert W. Baird & Co. Incorporated,≤100
1274746369267915,Le Lion,Le Lion LLC,≤100
5887538795,Education Week,Education Week,≤100
302473340643013,Eliot Bostar for Legislature,Eliot Bostar for Legislature,≤100
1400371370253041,Eagan Immigration,Eagan Immigration,≤100
384336778589668,Defend Our Constitution,COMMON CAUSE,≤100
10803722213,Common Cause,COMMON CAUSE,≤100
156991033713,Georgia Republican Party,"GEORGIA REPUBLICAN PARTY, INC.",≤100
709491732434343,שורת הדין - Shurat HaDin,Israel Law Center,≤100
1835838916635491,Transamerica Center for Health Studies,Transamerica Center for Health Studies,≤100
166166843531258,National Council of Resistance of Iran - شورای ملی مقاومت ایران,MEK-Iran (Saeid Saadati),≤100
416913748508616,We Welcome Refugees,We Welcome Refugees,≤100
112600915451330,No Labels,No Labels,≤100
126096064096536,David Wheeler,Elect Dave Wheeler,≤100
114885646899438,Mr. 45th,Clush,≤100
101391906600,Live Action News,Live Action News,≤100
113553048669158,Rick Scott,TEAM RICK SCOTT,≤100
39432041915,Capital Research Center,CAPITAL RESEARCH CENTER INC,≤100
114137307071679,31 October,wowengraving,≤100
134597023235240,Rashida Tlaib,THE SQUAD VICTORY FUND,≤100
107592419594,Immigration Equality,IMMIGRATION EQUALITY INCORPORATED,≤100
317198638317313,Leslie Danks Burke,Friends of Leslie,≤100
206052849902620,Intermountain Immigration,"Intermountain Immigration, LLC",≤100
70874333603,CatholicVote,CatholicVote,≤100
1613516851999536,Sunrise Movement,SUNRISE PAC,≤100
110798880680061,USA Strong,USA Strong,≤100
174777196873,Republican Party of New Mexico,REPUBLICAN CAMPAIGN COMMITTEE OF NEW MEXICO,≤100
764284030332485,Abortion Access Front,Abortion Access Front,≤100
521924961194913,Bruce Westerman,Westerman for Congress,≤100
109966290494892,Wagoner Law Firm,Nicholas Jordan Wagoner,≤100
102010211314386,Donald Trump 2020 Voters,I Love My Freedom,≤100
113110137118723,Collectible Currency,Proud Patriots,≤100
71383025128,PARIS - Guerrilla Funk Recordings,"Guerrilla Funk Recordings and Filmworks, LLC",≤100
467503009987109,"Healthy Forests, Healthy Communities","Healthy Forests, Healthy Communities",≤100
102455534898300,Face The Change,FaceTheChange.co,≤100
148789241860673,Scuf Gaming,These ads ran without a disclaimer,≤100
170918006892,G.I. Jobs,Victory Media DBA GI Jobs,≤100
168109446538119,St. Martin's Press,Macmillan Publishing,≤100
28510612138,Uncommon Knowledge,Hoover Institution,≤100
294508332028,Lakota People's Law Project,ROMERO INSTITUTE,≤100
260366367717440,Committee to Protect Medicare,Committee to Protect Medicare PAC,≤100
131352838109,Congressman Darrell Issa,DARRELL ISSA FOR CONGRESS,≤100
402969533432277,Cisneros for Congress,CISNEROS FOR CONGRESS,≤100
241247646424302,Jahana Hayes,FRIENDS OF JAHANA HAYES,≤100
452797224923658,Democratic Coalition Against Trump,THE DEMOCRATIC COALITION,≤100
244579043463375,The Three Masketeers,Three Masketeers,≤100
165566613453452,ERLC,ETHICS AND RELIGIOUS LIBERTY COMMISSION OF THE SOUTHERN BAPTIST,≤100
2212066245574161,Sarah Huckabee Sanders,St. Martin's Press,≤100
25803945361,Family Equality,FAMILY EQUALITY COUNCIL,≤100
304750332920654,Carl DeMaio,SECURE THE BORDER SUPERPAC,≤100
135500133147357,ProEnglish,US INC,≤100
2197543200459333,One Country Project,One Country Inc,≤100
1747132688647028,Democratic Association of Secretaries of State,Democratic Association of Secretaries of State,≤100
1575347412785991,Cheddar,Cheddar,≤100
105318696193467,Indiana AFL-CIO,AMERICAN FEDERATION OF LABOR & CONGRESS OF INDUSTRIAL ORGANIZATIONS,≤100
1428283027462702,Restoration PAC,RESTORATION PAC,≤100
1113532488759043,Kastinovich,These ads ran without a disclaimer,≤100
15041226930,Oxfam,"OXFAM AMERICA, INC.",≤100
174971709316,Cigna,Cigna,≤100
154510321337994,Chris Pappas for Congress,CHRIS PAPPAS FOR CONGRESS,≤100
2070944712939738,American Police Officers Alliance,American Police Officers Alliance,≤100
101661694725936,Crystal Diamond for NM Senate,"Crystal Diamond For New Mexico, Erica Valdez Treasurer",≤100
122360425094991,Nasty Woman Cosmetics,Nasty Woman Cosmetics,≤100
136714166339952,Health In Harmony,Kristen Annette Grauer,≤100
587676831343390,Raheem AI,RAHEEM AI,≤100
1529049547400958,State Senator John Ruckelshaus,Hoosiers for Ruckelshaus,≤100
113173667121573,BLM Society,BLM Society,≤100
320533948089022,Angie Chen Button for Texas,Angie Chen Button,≤100
501268180023938,Ann Ravel for CA State Senate,Ann Ravel for Senate 2020,≤100
113335773562471,President Trump For Re-Election,Great American Era,≤100
534899003578046,Immigration Evaluation Institute,Immigration Evaluation Institute,≤100
102492557919193,Scott Weaver for Yuma County Commissioner District #2,Scott Preston Weaver,≤100
292351509697,Jerusalem Prayer Team,Jerusalem Prayer Team,≤100
18079407397,CPAC 2020,Conservative Political Action Conference,≤100
141786816970,Cruise Lines International Association - CLIA,Cruise Lines International Association,≤100
217569858071,Areva Martin,Areva Denise Martin,≤100
1745236555735695,EverBright Kids,EverBright Kids,≤100
300992409852,Hoover Institution,Hoover Institution,≤100
202600839762879,I Am Pro-Life,Focus on the Family,≤100
853830871644339,Susan Hester for Legislature,Susan Hester For Legislature,≤100
29008276590,The Salvation Army Greater New York Division,The Salvation Army,≤100
18017481462,Acton Institute,Acton Institute,≤100
105428794198107,Dale Crafts,Dale Crafts for Congress,≤100
135002490472474,Conor Lamb,CONOR LAMB FOR CONGRESS,≤100
103983379801,Texas Democratic Party,Texas Democratic Party,≤100
47712360678,Jobs With Justice,Jobs With Justice,≤100
710669049286394,Woo the People,Khosro David Illulian,≤100
1473803512759360,RIO :- Restoring Integrity to the Oceans,RIO: Restoring Integrity to the Oceans Inc.,≤100
17475614410,Hispanic Federation,Paid for by Hispanic Federation with Facebook Ad Credits,≤100
103744091462809,The Trump Closet,Kenneth Dione Keith Jr,≤100
1323161541032507,For Our Future FL,For Our Future Action Fund,≤100
7219151423,The Fund for American Studies (TFAS),The Fund for American Studies,≤100
698400060189827,Dan Sullivan,Alaskans for Sullivan,≤100
1624724234236592,Mboode Willy Nantatya For Mayor Mbulamuti Town Council,These ads ran without a disclaimer,≤100
543066585882629,Libertarian Country,Libertarian Country,≤100
1443127535947107,Save the Children Action Network,Save the Children Action Network,≤100
101121151700944,Re-Elect Dean Wingfield - Yuma County Commissioner District #2,Wingfield for Yuma County,≤100
87777747127,Greg Palast,Palast Investigative Fund,≤100
138141366212571,Gravis Marketing,GRAVIS MARKETING INC.,≤100
289213691238937,Thrasher Coffee,Thrasher Coffee Co.,≤100
111945553601129,Trump2020 Coffee,Trump2020 Coffee,≤100
375760676281438,Mermaid Straw,Mermaid Straw,≤100
1781731108749356,Eli Electric Vehicles,Eli Electric Vehicles Inc.,≤100
109618174210454,The Patriot Collective,Cindy None Dao,≤100
1166660030079480,National Democratic Redistricting Committee,National Democratic Redistricting Committee,≤100
209255512459483,DentaQuest,"DENTAQUEST VENTURES, LLC",≤100
314121315788033,Stand with Parkland,Stand With Parkland,≤100
2477925168899669,The Renew Democracy Initiative,"The Renew Democracy Initiative, Inc",≤100
2312089789017762,My Black Colorado,My Black Colorado,≤100
1985547654992100,The Nudge,John David Peterson,≤100