﻿Page ID,Page Name,Disclaimer,Amount Spent (USD)﻿
1018914308173454,FStop Foundation,"FSTOP FOUNDATION INC, THE",≤100
322870825821,Macmillan Audio,"HOLTZBRINCK PUBLISHERS, LLC",≤100
571748412859876,Matt Rosendale,Matt Rosendale for Montana,≤100
165238836870566,MRC Culture,MEDIA RESEARCH CENTER,≤100
440850842779072,DuPage Policy Journal,Local Government Information Services,≤100
399067003454888,Sudan Relief Fund,Sudan Relief Fund Inc,≤100
386280348647138,"Rebecca Parson for Congress, WA-06",REBECCA PARSON 2020,≤100
1696537410609658,Graham Hill - Member of NRA Board of Directors,Graham Hill for NRA Board,≤100
100512968117399,Save A Seabird,These ads ran without a disclaimer,≤100
27544763621,Prison Fellowship,Prison Fellowship,≤100
303061950155375,John James,"JOHN JAMES FOR SENATE, INC.",≤100
58158120046,ACLJ,American Center for Law and Justice,≤100
312652025484896,Americans for Tax Fairness,Americans for Tax Fairness,≤100
1925751504337881,MJ for Texas,MJ FOR TEXAS,≤100
28729603879,Food Bank of the Rockies,Food Bank of the Rockies,≤100
102785484697808,Clean Media Advocates,These ads ran without a disclaimer,≤100
115403471809909,Plastic Oceans,PLASTIC OCEANS INTERNATIONAL,≤100
2254455051442790,Flag and Cross,Flag & Cross,≤100
126279571952,Huru International,HURU INTERNATIONAL,≤100
243502949110951,Airport Workers United,SERVICE EMPLOYEES INTERNATIONAL UNION,≤100
106186067587518,Bob McCluskey,Friends of Bob McCluskey,≤100
407664862957433,Ammar Campa-Najjar for Congress,AMMAR CAMPA-NAJJAR FOR CONGRESS,≤100
92925746942,Judicial Watch,Judicial Watch,≤100
7642602143,Mother Jones,FOUNDATION FOR NATIONAL PROGRESS,≤100
872842866161157,One Nation Design,One Nation Design,≤100
103376804451432,Trending Politics,Making Web LLC,≤100
111663158887300,Tacoma Rescue Mission,"RESCUE MISSION, THE",≤100
950998258312654,Knowhere,"Knowhere, Inc.",≤100
133937690180,Student Conservation Association,Student Conservation Association,≤100
300748678230,Tennessee Department of Economic and Community Development,Tennessee Department of Economic and Community Development,≤100
118502801658228,Young Kim,Young Kim for Congress,≤100
309798029121030,Everytown for Gun Safety,Everytown for Gun Safety Action Fund Inc,≤100
6231686654,Compassion International,"COMPASSION INTERNATIONAL, INCORPORATED",≤100
1719463118318375,Bees In The D,BEES IN THE D,≤100
18709174006,National Audubon Society,"NATIONAL AUDUBON SOCIETY, INC.",≤100
114386721939978,The Made in America Store,Made In America Store,≤100
111182343682003,Certified CCW,CertifiedCCW.com,≤100
348856535576675,Legends of the Desert,William Michael Farmer,≤100
602714436529710,End Citizens United,END CITIZENS UNITED,≤100
48094449783,embii,Eric Michael Bobby,≤100
378840695966076,Mark Urbina,These ads ran without a disclaimer,≤100
6162159887,The World,The World,≤100
42597808880,Ami Horowitz,Ami Horowitz,≤100
1800072483402009,African Community & Conservation Foundation,African Community & Conservation Foundation,≤100
104504438466,Federal Voting Assistance Program - FVAP,Federal Voting Assistance Program (FVAP),≤100
33699882778,Dr. Bronner's,Dr. Bronner's,≤100
758584494291735,Lt Steven Rogers,Steven L Rogers,≤100
89757739264,Farm Credit,Farm Credit Council,≤100
196382377057315,Learn Our History,Learn Our History,≤100
711478725532801,Civiqs,Civiqs,≤100
102251168048537,3M Settlement,US Injury Quote,≤100
173837496125511,Conscious Step,Conscious Step,≤100
192448150001,Jeff Anderson & Associates,Jeffrey R Anderson PA,≤100
107229050703874,Bernie Sanders Fan Club,Imran M Jemal,≤100
167586229923327,World Food Program USA,World Food Program USA,≤100
305380096638473,Charles Booker,BOOKER FOR KENTUCKY,≤100
73016054191,Regional Food Bank of Oklahoma,"REGIONAL FOOD BANK OF OKLAHOMA, INC.",≤100
8002590959,Rainforest Action Network,RAINFOREST ACTION NETWORK,≤100
68771922854,Essence,Shaelyne Antonia Moodie,≤100
102047517918,The Commonwealth Fund,"COMMONWEALTH FUND, THE",≤100
493747700758477,Airbnb Citizen,"AIRBNB, INC.",≤100
1224106861035505,Resistbot,Resistbot Action Fund,≤100
293225127381200,Patriot Depot,The Patriot Depot,≤100
135403221037,City Journal,City Journal,≤100
210455593021382,Health Care Voices,"Health Care Voices, a project of Social Good Fund",≤100
39432041915,Capital Research Center,CAPITAL RESEARCH CENTER INC,≤100
278487153675,Redneck Nation Clothing,Tracie Milliron Gold,≤100
222575382925,Dogwood Alliance,Dogwood Alliance Inc,≤100
1399926390134311,Nature's Generator,Huntkey USA Inc,≤100
143231745727722,Libertarianism.org,"CATO INSTITUTE, INC.",≤100
18017481462,Acton Institute,Acton Institute,≤100
617037072140415,420 Waldos Watch,Time Concepts,≤100
1883837055193241,Shield Republic,Shield Republic,≤100
190987118163092,Connected Clothing Company,Connected Clothing Company,≤100
10150100007820094,Wendy Davis,WENDY DAVIS FOR CONGRESS,≤100
106469240890813,Military Support,Whats Your Injury Worth,≤100
100666038243915,Trump Flag 2020,Gold Sky Ventures LLC,≤100
108925558017,Shared Hope International,Shared Hope International,≤100
738298126313472,John Thomas Political Strategist,The Thomas Guide Show,≤100
1033248857066144,NewsDaylighter,General Memetics LLC,≤100
107858693983382,The GOP Shop,The GOP Shop,≤100
112252320119719,"Aycha Sawa, CPA for Comptroller",Aycha Sawa for Milwaukee City Comptroller,≤100
112719376780180,The Democratic Change Store,The Democratic Change Store,≤100
342221473147475,MayorWell,These ads ran without a disclaimer,≤100
8492293163,Environmental Defense Fund,Environmental Defense Fund,≤100
1145019702185006,Alliance for Safety and Justice,Alliance for Safety and Justice,≤100
110201667002800,Jewish Republican Alliance,YukoSocial LLC,≤100
431099560800970,Front Page Live,"Front Page Live, Inc.",≤100
1764185850558806,Apex Clean Energy,Apex Clean Energy,≤100
41182871633,National Museum of American Jewish History,National Museum of American Jewish History,≤100
182620315479,Plan International USA,Plan International USA,≤100
109889733883173,WE GOT TEEZ,RICHARD ANDREW-WITTE COMISKEY,≤100
11791104453,NRDC,Natural Resources Defense Council,≤100
2330577043935831,Sara Gideon,SARA GIDEON FOR MAINE,≤100
399060493533519,The Justice Foundation,JUSTICE FOUNDATION,≤100
1677111425839949,The American Promise,American Promise,≤100
1478671962158641,Country Bumpkin,Robert Clifford Millender,≤100
754520748264044,Wood by Stu,Stu Designs LLC,≤100
274597959396166,Docs 4 Patient Care Foundation,Docs 4 Patient Care Foundation,≤100
137459917707,The Brookings Institution,The Brookings Institution,≤100
6333396177,NewsBusters.org,MEDIA RESEARCH CENTER,≤100
278711779743015,Jonathan Royce Esteban,THE JONATHAN ROYCE ESTEBAN CONGRESSIONAL PROJECT,≤100
107761702578379,American Institute for Cancer Research - AICR,American Institute for Cancer Research,≤100
146104429330052,Maternity Week,These ads ran without a disclaimer,≤100
115268821893794,Environmental Action,"Environmental Action, Inc.",≤100
1353948297956614,Let Africa Live,Let Africa Live,≤100
83960796709,Institute for Southern Studies,INSTITUTE FOR SOUTHERN STUDIES INC,≤100
110557007154443,Robert Aderholt for Congress,Robert Aderholt for Congress,≤100
711909245654048,National Police Support Fund,National Police Support Fund,≤100
210277954204,The Young Turks,"The Young Turks, Inc.",≤100
53167307346,Communist Party USA,Communist Party USA,≤100
49651563727,Live Action,Live Action,≤100
2196281620653830,Footprint,Footprint,≤100
101148251446778,Keep America Great Committee,KEEP AMERICA GREAT COMMITTEE,≤100
207381586628343,Donna McLeod,Donna T Mcleod,≤100
97493741436,John W. Hickenlooper,HICKENLOOPER FOR COLORADO,≤100
108906707265489,USA Pooch,"PRESIDENTIAL POOCH, INC",≤100
107456970701014,Mary Fitzgerald for District 31 House,Aary Fitzgerald,≤100
86134975779,Coast Guard Foundation,Coast Guard Foundation INC.,≤100
291260461373618,News and News,News and News,≤100
465483726908192,iVote,IVote Civic Education Fund,≤100
107803440835562,US Hot Gears,Click Wonders,≤100
362232354250108,Becky Evans for Georgia House,"Friends of Becky Evans, Inc",≤100
1082522201878539,Gina Ortiz Jones for Congress,GINA ORTIZ JONES FOR CONGRESS,≤100
144321649457391,The Temple,These ads ran without a disclaimer,≤100
223008867858902,American Action News,American Action News,≤100
100401327980848,National Parents Union,National Parents Union,≤100
393932827634250,Dissent Pins,Common Practice,≤100
291102898490822,Giant Maga Hat,Inventors club LLC,≤100
953113491536337,Black to the Future Action Fund,Black to the Future Action Fund,≤100
2339134342996649,SuperPill,Super Pill Health Inc.,≤100
1515578192021449,WHOLETONES,Wholetones Inc.,≤100
183872968312216,Popdust,cleancult,≤100
1487587521541634,President Donald Trump Fan Club,I Love My Freedom,≤100
337490192991981,Grabien,Grabien Inc,≤100
263891677826490,Earthsider,These ads ran without a disclaimer,≤100
111216596892874,Abogado.com,Thomson Reuters,≤100
356501381631264,Jerusalem Post,Diane Elise Haner,≤100
184943371545358,ASTA - American Society of Travel Advisors,ASTA,≤100
1526736227567131,TrueCoverage,True Coverage,≤100
602040603170590,Americans for Food and Beverage Choice,Americans for Food and Beverage Choice,≤100
162695894106234,Co-ops Vote,National Rural Electric Cooperative Association,≤100
1435071773455316,Daily Wire,The Daily Wire,≤100
108746510732149,Trump Mats,Conservative Movers,≤100
162616177521935,ACM Strategies,ACM Strategies,≤100
21455818797,Feed the Children,"FEED THE CHILDREN, INC.",≤100
46428009499,The Jewish Agency for Israel,Shiri  Stern,≤100
100725841437863,Trumpgirltx,Trump Girl TX,≤100
109200595768753,The Christian Left,The Christian Left,≤100
102592959026,Ocean Conservancy,"OCEAN CONSERVANCY, INC.",≤100
1207622149401746,Hindi's Libraries,Leslie R Gang,≤100
2185993931653388,The Recount,"Recount Media, Inc",≤100
16477459734,League of Conservation Voters,"LEAGUE OF CONSERVATION VOTERS, INC",≤100
508433235840691,Minnesota Bio-Fuels Association,"The Minnesota Bio-Fuels Association, Inc",≤100
480282659170095,Civic Health Project,Civic Health Project,≤100
113341064736,American Conservative Union,American Conservative Union,≤100
555394394483002,Urban Resource Institute,Urban Resource Institute,≤100
259130650776119,Mitch McConnell,MCCONNELL SENATE COMMITTEE,≤100
1691091571125390,Representative Shevrin Jones,"Shevrin Jones, Democrat for Florida Senate, District 35",≤100
111955243675833,Brut News,Brut Media,≤100
304600892905134,Hillsdale College Online Courses,HILLSDALE COLLEGE,≤100
2037695643113766,Blexit,Blexit Foundation,≤100
97624620788,American Friends of Magen David Adom,AMERICAN FRIENDS OF MAGEN DAVID ADOM,≤100
146817005352784,Wellness.com,"Beachside Media, Inc.",≤100
111226867129700,Prideful Patriots,Prideful Patriots,≤100
1166660030079480,National Democratic Redistricting Committee,National Democratic Redistricting Committee,≤100
160389977329803,ATTN:,ATTN: INC.,≤100
241994476248897,Wild Minimalist,Wild Minimalist,≤100
133608809985411,One Colorado,ONE COLORADO,≤100
275908853303174,Pro-Israel America,"Pro-Israel America, Inc.",≤100
311896169406139,Trump 2020 Wear,Trump 2020 Wear,≤100
132732160104163,Ford Foundation,"FORD FOUNDATION, THE",≤100
95356211637,Ben Ferguson,Ben Ferguson show,≤100
18813753280,Human Rights Campaign,"HUMAN RIGHTS CAMPAIGN, INC.",≤100
113778473517987,My Jewish Question,These ads ran without a disclaimer,≤100
59543893235,National Constitution Center,National Constitution Center,≤100
2165383676909775,Advancing Northern Colorado,Advancing NOCO,≤100
981661448510937,Meraki Journey,Meraki Bracelets,≤100
142370046577999,Shahid Buttar for Congress,Shahid Buttar for Congress Committee,≤100
103276597856432,The Trump Collective,Alexander Quinn Urbach,≤100
46347342434,EMILY's List,EMILY'S LIST,≤100
8473889271,National Parks Conservation Association,National Parks Conservation Association,≤100
54787697857,Ron Wyden,WYDEN FOR SENATE,≤100
105561217523274,The_Dispatch,"Dispatch Media, Inc.",≤100
108180596030668,Elizabeth Dole Foundation,Elizabeth Dole Foundation,≤100
11131463701,truth,TRUTH INITIATIVE FOUNDATION,≤100
112469786315,Boise Rescue Mission Ministries,BOISE RESCUE MISSION,≤100
102389457864860,Treehuggers Bracelets,ECOMX LLC,≤100
989115077828893,John Muir Project of Earth Island Institute,John Muir Project,≤100
1402827079932843,Low Income Relief,The Lighthouse Information Network LLC,≤100
105229062888132,Stop Soldier Suicide,Stop Soldier Suicide,≤100
144850842237429,Independentvoting.org,Independent Voting (IndependentVoting.org),≤100
461530314600399,Common Sense American Politics,Common Sense American Politics,≤100
134571176638205,One Tree Planted,One Tree Planted,≤100
57615046615,Rainforest Trust,RAINFOREST TRUST INC,≤100
181183059253295,Dorsal Bracelets,Dorsal Bracelets,≤100
243362776583569,Air Mail,Air Mail,≤100
104141422951673,Chicago Booth Review,University of Chicago,≤100
387055404685275,Basic Books,"Hachette Book Group, Inc.",≤100
8325302025,Friends of the Earth U.S.,Friends of the Earth,≤100
37892661587,JDC,JDC,≤100
101568761447230,Compensation Experts USA,Injury Compensation Center,≤100
519590768083165,Abby Finkenauer for Congress,FINKENAUER FOR CONGRESS,≤100
125319303823,Champlain College,Champlain College Incorporated,≤100
110563080301468,Candidles,Lighthouse Financial Technologies,≤100
614134231980299,Veterans Empowered To Protect African Wildlife,VETPAW INC,≤100
103131054573692,Crawfordology,Crawfordology,≤100
336440323158789,Jack Burkman Radio,Jack Burkman Radio,≤100
20787991568,Senate Democrats,DSCC,≤100
1597171150506754,The Liberty Project,cleancult,≤100
112726036750149,American Team Republicans,AMERICAN TEAM - Republican Party Shop,≤100
117362515005706,The Bowery Mission,The Bowery Mission,≤100
6041057841,The Humane Society of the United States,"HUMANE SOCIETY OF THE UNITED STATES, THE",≤100
6244252028,Considerable,Considerable.com,≤100
305832706292882,American Gun Association,GunAssociation.org,≤100
151112618284015,DigDeep,DigDeep Right to Water Project,≤100
1837115116571746,Topic,"First Look Productions, Inc",≤100
332716170522025,America First Action,America First Action,≤100
19219803864,Tax Foundation,TAX FOUNDATION,≤100
302111635698,National Association of Tax Professionals (NATP),National Association of Tax Professionals,≤100
936147539773859,Great Barrier Reef Foundation,These ads ran without a disclaimer,≤100
19746387261,Humane Society International,Humane Society International,≤100
57259033959,AARP,AARP,≤100
153080620724,Donald J. Trump,TRUMP MAKE AMERICA GREAT AGAIN COMMITTEE,105
183989338318281,The American Legion National Headquarters,LEGIONNAIRE,≤100
15041226930,Oxfam,"OXFAM AMERICA, INC.",≤100
72931140459,Center for Biological Diversity,"CENTER FOR BIOLOGICAL DIVERSITY, INC.",≤100
833845080319275,The Daily Patriot,Full Tilt Holdings LLC,≤100
290851614930809,Combat AntiSemitism,Combat Anti-Semitism,≤100
100989124866579,More Aromas,These ads ran without a disclaimer,≤100
1025055787535714,A Case for Women,A Case for Women,≤100
99039406843,Women Deliver,"Women Deliver, Inc.",≤100
172758932738142,PhRMA,PHARMACEUTICAL RESEARCH AND MANUFACTURERS OF AMERICA,≤100
314121315788033,Stand with Parkland,Stand With Parkland,≤100
108505303942541,Now Hear Me Out Podcast,Now Hear Me Out Podcast,≤100
197760674021143,Indivisible Guide,INDIVISIBLE ACTION,≤100
543066585882629,Libertarian Country,Libertarian Country,≤100
27591534505,SPIRIT 105.3,CRISTA MINISTRIES,≤100
32802178807,Homes For Our Troops,Homes For Our Troops,≤100
1577523552567917,Elect Jon Walker,Paige Olivia Sondrup,≤100
2436366816585559,Nerds for Humanity,These ads ran without a disclaimer,≤100
593289284500311,Trump Rack,BOXD Marketing,≤100
158233651450504,The Palestine Institute for Public Diplomacy,The Palestine Institute for Public DIplomacy,≤100
7341997111,Conservation International,Conservation International,≤100
123857614319417,Texas Nationalist Movement,Texas Nationalist Movement,≤100
1852061421738089,Ruckus Aquinas,Ruckus Aquinas,≤100
502969216761221,Common Sense Civics and Citizenship,Candace Donnelly,≤100
109374912424067,Drew McKissick,DrewMcKissick.com,≤100
1945237355733646,Giving Brush,Giving Brush LLC,≤100
1747132688647028,Democratic Association of Secretaries of State,Democratic Association of Secretaries of State,≤100
16534314739,Facing History and Ourselves,"FACING HISTORY AND OURSELVES NATIONAL FOUNDATION, INC.",≤100
566008736785269,Be Heard Project,Be Heard Project,≤100
106029154202945,Trump Champion,Trump Champion,≤100
34521916336,Brent Bozell,MEDIA RESEARCH CENTER,≤100
541807025833154,Malala Fund,Malala Fund,≤100
6726182861,Mike Pence,"DONALD J. TRUMP FOR PRESIDENT, INC.",≤100
2244779792507645,Gray Matters Radio,Gray Matters Radio,≤100
222834814437802,Self-Help Center,"SELF HELP CENTER, INC",≤100
1441704426074372,Douglas Taurel,The American Soldier,≤100
115414341850692,Pastor Stephen Grant Novels,Raymond J Keating,≤100
186108419168,SEIU Local 503,"SERVICE EMPLOYEES INTERNATIONAL UNION LOCAL 503, OREGON PUBLIC EMPLOYEES UNION",≤100
1316308285142040,Planet Home,"Equilibrium Management, LLC",≤100
1311291038982513,2A Gear,Teecreations LLC,≤100
70090474914,American Farmland Trust,"AMERICAN FARMLAND TRUST, INC",≤100
176789922364429,Steve Daines,STEVE DAINES FOR MONTANA,≤100
154471447959196,Institute for Veterans and Military Families - IVMF,Institute for Veterans and Military Families,≤100
260401648038890,Science101,Novelty Media,≤100
209516845093,NRDC Action Fund,NRDC Action Fund,≤100
56661991371,Woods Hole Oceanographic Institution (WHOI),Woods Hole Oceanographic Institution,≤100
1640970822834351,Plaine Products,Plaine Products,≤100
785936231584382,Paula Jean Swearengin,Paula Jean for West Virginia,≤100
369214063089791,Lummis for Wyoming,LUMMIS FOR WYOMING INC.,371
109966290494892,Wagoner Law Firm,Nicholas Jordan Wagoner,≤100
264774890721566,Clear Energy Alliance,Clear Energy Alliance,≤100
79125112926,Students for Life of America,"STUDENTS FOR LIFE OF AMERICA, INC.",≤100
100862764890980,Stop the Spread,"Health Care Voices, a project of Social Good Fund",≤100
7268844551,Rotary International,ONE ROTARY CENTER,≤100
204839835038,Mrs. Green's World,Mrs. Green's World,≤100
139599847972,National Nurses United,National Nurses United,≤100
28446275521,Military Officers Association of America (MOAA),Military Officers Association of America,≤100
834645469890446,Devin Nunes,DEVIN NUNES CAMPAIGN COMMITTEE,≤100
99056648937,NIAC,NIAC Council,≤100
194377127954,Ladders,These ads ran without a disclaimer,≤100
680549575421741,UnitedVoice.com,"Beachside Media, Inc.",≤100
359651584655941,Luisa del Rosal,Luisa Del Rosal Campaign,≤100
2181403648815959,America United,America United Daily,≤100
1475056949212605,Charity Mobile,Charity Mobile,≤100
601249690070354,forestproud,#forestproud | North American Forest Partnership,≤100
377247662301741,The Louisiana Record,The Record,≤100
511235549007985,PRJKT RUBY,PRJKT RUBY,≤100
276684962405161,China US Focus,These ads ran without a disclaimer,≤100
14038292386,Women for Women International,WOMEN FOR WOMEN INTERNATIONAL,≤100
168367339845613,The Humane League,The Humane League,≤100
597193413654146,Anserteam Workforce Solutions,Chelsi Nichole Runyan,≤100
113460456730293,Ben Salango,Ben Salango for West Virginia,≤100
180396722015199,Reporters Without Borders (RSF USA),REPORTERS WITHOUT BORDERS INCORPORATED,≤100
112942500238297,Trees4Australia,Trees4Australia,≤100
383877235817031,Keep America Great,Keep America Great,≤100
1600352356914768,PushBlack,PushBlack,≤100
385473284886474,Hillsdale College,HILLSDALE COLLEGE,≤100
689313484832877,Introducing: R.J. Atkins,Rickey Dwayne Atkins,≤100
136121223083299,Sea Turtle Conservancy,"SEA TURTLE CONSERVANCY, INC.",≤100
2406284459692230,Bees4Seas Natural Beeswax Food Wrap,Melissa Marie Eastin,≤100
67553971312,The Century Foundation,"CENTURY FOUNDATION INC, THE",≤100
1835838916635491,Transamerica Center for Health Studies,Transamerica Center for Health Studies,≤100
1533092446942704,Nicole Malliotakis for Congress,NICOLE FOR NEW YORK,≤100
927809933968663,SupChina,SupChina,≤100
403716816314673,Lee Saunders,AMERICAN FEDERATION OF STATE COUNTY & MUNICIPAL EMPLOYEES,≤100
907919839243616,My Faith Votes,My Faith Votes,≤100
100123544800892,Disme Coin Company,Byron Michael Laughlin,≤100
157402764294444,"Union Mission Ministries, Norfolk","UNION MISSION INC, THE",≤100
694340911004154,Americans for Intelligence Reform,Americans for Intelligence Reform,≤100
14510925609,Free Press,Free Press,≤100
107809714081743,Evidence Based Wyoming,Evidence Based Wyoming - Doug Gerard,≤100
260366367717440,Committee to Protect Medicare,Committee to Protect Medicare PAC,≤100
1505244559517282,Colin Allred,COLIN ALLRED FOR CONGRESS,≤100
77852784853,Absolut,Pernod Ricard USA,≤100
911828698840246,ReLEntless Defender Apparel,ReLEntless Defender Apparel,≤100
314463908651,After Fifty Living,Joanne Sullivan Lema,≤100
557113921291144,Learning Dynamics,4 Weeks To Read LLC,≤100
129914120385683,Families USA,Families USA,≤100
216052228433696,Arcus Foundation - Social Justice,ARCUS FOUNDATION,≤100
248181906078243,National Institute for Civil Discourse,CommonSense American,≤100
404929222888251,Conservation Colorado,Conservation Colorado,≤100
438536186881177,All Clear Foundation,All Clear Foundation,≤100
200676905671,We Are ALPA,Air Line Pilots Association,≤100
5644748986,National Wildlife Federation,NATIONAL WILDLIFE FEDERATION,≤100
113550036738307,GRL PWR,These ads ran without a disclaimer,≤100
189285628396655,Vote Common Good,Vote Common Good,≤100
23996308754,Senate Conservatives,SENATE CONSERVATIVES FUND,≤100
1387062348242626,ProgressNow Arizona,ProgressNow AZ,≤100
60182072999,Lila Rose,Live Action,≤100
8047221596,Save the Children US,"SAVE THE CHILDREN FEDERATION, INC.",≤100
166166843531258,National Council of Resistance of Iran - شورای ملی مقاومت ایران,MEK-Iran (Saeid Saadati),≤100
100954708112820,Americans for Medicare Dental Coverage,Freeroots,≤100
629742243712069,The Kennedy Forum,Mental Health Leadership Initiative,≤100
196731290352711,MDWCOMM,MDW Communications LLC,≤100
1439364926329185,Animal Matters,Animal Matters,≤100
321334725246666,Anton Sakharov for Governor GOP,Anton Sakharov for Governor,≤100
122671561263552,Committee for Better Banks,"COMMUNICATIONS WORKERS OF AMERICA, AFL-CIO, CLC",≤100
284946111858895,Debbie Mucarsel-Powell,DEBBIE FOR CONGRESS,≤100
8815573924,Utah Food Bank,UTAH FOOD BANK,≤100
170582513587720,Liberty Through Wealth,The Oxford Club,≤100
80865461794,Public Service Company of Oklahoma (PSO),Whitney Shawn Emerick,≤100
408250066356,Bill O'Reilly,"Bill Me, Inc.",≤100
243510442756370,Justice Democrats,JUSTICE DEMOCRATS PAC,≤100
103285009618,Tennessee Entertainment Commission,Tennessee Entertainment Commission,≤100
111702860231554,Matt Lieberman,Matt Lieberman for Senate,≤100
331037760381749,Sierra Magazine,SIERRA CLUB,≤100
7219151423,The Fund for American Studies (TFAS),The Fund for American Studies,≤100
245711905631405,Jeff Jackson,Jeffrey Jackson,≤100
165987503528599,Lindsey Graham,"TEAM GRAHAM, INC.",≤100
373814729643508,Let America Vote,LET AMERICA VOTE PAC,≤100
162493793737,Rick Green,Richard Arlin Green,≤100
169710960125365,Curzio Research,Curzio Research Inc.,≤100
225039284179565,The Nature Conservancy in Wyoming,Nature Conservancy,≤100
149220264647,ADL - Anti-Defamation League,Anti-Defamation League,≤100
102617961152741,Barbara Bollier,BOLLIER FOR KANSAS,≤100
56780242206,Agros International,Sierra Hana Golden,≤100
675471506247724,Adair for Congress,ADAIR FOR CONGRESS,≤100
245284549333866,ASMDSS,ASMDSS,≤100
1892187271040911,FreedomWorks Foundation,FreedomWorks Foundation,≤100
2309566456030859,Human Coalition Action,Human Coalition,≤100
304062610300415,VozWire,Gregson E Mathe,≤100
30139072158,CARE,CARE,≤100
1836138529938551,Greater Half,Greater Half,≤100
392090254579689,The Nazarene Fund,The Nazarene Fund,≤100
655065784538368,PredictIt,"PredictIt - Prediction Markets. A project of Victoria University of Wellington, PredictIt has been established to facilitate research into the way markets forecast events.",≤100
846088015412976,The Catholic University of America - Busch School of Business,Jeffrey Giddens,≤100
101183127996396,Four Is Enough,PACRONYM,≤100
164513254148611,America's Voice News,Barbara Jean Lawrence,≤100
279599502172409,Patriot Mobile,Patriot Mobile,≤100
2259323457517498,Abolish the Electoral College,ABOLISH THE ELECTORAL COLLEGE,≤100
103851564652,Waterkeeper Alliance,WATERKEEPER ALLIANCE INC,≤100
143021112391265,Jacobin magazine,Jacobin Foundation,≤100
103516014489832,Jimmy Crumpacker for Congress,Crumpacker for Congress,≤100
101459351485507,Diana for Congress,DIANA FOR CONGRESS,≤100
2602473023098666,Democratic Polling Center,Democratic Governors Association,≤100
302718150248207,Wyoming Rural Electric Association,Wyoming Rural Electric Association,≤100
338855069522459,Im Tirtzu,Im Tirtzu,≤100
482100658584410,We Stand For Energy,Edison Electric Institute,≤100
165566613453452,ERLC,ETHICS AND RELIGIOUS LIBERTY COMMISSION OF THE SOUTHERN BAPTIST,≤100
182723117043,Chicago Council on Global Affairs,"CHICAGO COUNCIL ON GLOBAL AFFAIRS, THE",≤100
21559454473,FAIR,FEDERATION FOR AMERICAN IMMIGRATION REFORM,≤100
1846324612256008,Your Car. Your Data.,Auto Care Association,≤100
171651620209487,Brady PAC,Brady Pac,≤100
102029821201699,Planet Earth: Trumped,Planet Earth TRumped,≤100
262062478079324,Mckayla Wilkes for Congress,MCKAYLA WILKES FOR CONGRESS,≤100
8934429638,Planned Parenthood Action,Planned Parenthood Action Fund,≤100
91346559231,Democratic Legislative Campaign Committee - DLCC,Democratic Legislative Campaign Committee,≤100
123651254408327,Sokolove Law,"Sokolove Law, LLC",≤100
427302110732180,Mike Cernovich,Michael C Cernovich,≤100
172630052226,James Felton Keith,JFK ORGANIZERS,≤100
169597416843751,Stand Up America,Stand Up America,≤100
1482947308676311,Topdust,cleancult,≤100
188383074570800,Aquapparel,Aquapparel,≤100
187912903933,Socialist Alternative,Socialist Alternative,≤100
201956993160690,MRCTV,MEDIA RESEARCH CENTER,≤100
332172544231683,America's Plastic Makers,"AMERICAN CHEMISTRY COUNCIL, INC.",≤100
15771560300,Earthjustice,EARTHJUSTICE,≤100
7962229886,Environmental Working Group,ENVIRONMENTAL WORKING GROUP,≤100
294196590710262,FWD.us,FWD.us,≤100
192609620649,The University of Chicago,The University of Chicago,≤100
228754857151053,House Majority PAC,House Majority PAC,≤100
241253672599689,America's Restaurant Advocates,National Restaurant Association,≤100
321250352104571,Valerie Plame,VALERIE PLAME FOR CONGRESS,≤100
102395577963079,Takes on Freedom,David M Goloff,≤100
151721606865,Intrepid Fallen Heroes Fund,Intrepid Fallen Heroes Fund,≤100
151894654697,Save Our States,"OKLAHOMA COUNCIL OF PUBLIC AFFAIRS, INC.",≤100
769395966523308,Eddie J. Mauro,MAURO SENATE CAMPAIGN TEAM,≤100
467503009987109,"Healthy Forests, Healthy Communities","Healthy Forests, Healthy Communities",≤100
182658925089088,FINCA,"FINCA INTERNATIONAL, INC.",≤100
87186661244,Johns Hopkins Bloomberg School of Public Health,Johns Hopkins Bloomberg School of Public Health,≤100
105556394228711,Republican Authority,Republican Authority,≤100
257289748262297,Saltwater Blessed,Gregory Gene White,≤100
9324910069,NRSC,NRSC,≤100
100137754724934,Trump 2020 Supporters,Proud Right Winger,≤100
101295517956158,Tricia Zunker for Wisconsin,Tricia Zunker for Wisconsin,≤100
105025901091483,Republican Party Strong,James R Oddo,≤100
153278754738777,Climate Reality,The Climate Reality Project,≤100
452797224923658,Democratic Coalition Against Trump,THE DEMOCRATIC COALITION,≤100
105538624356773,My Kitchen Savior,Nicole Alexa Lebel,≤100
25254987383,Joyce Meyer Ministries,"JOYCE MEYER MINISTRIES, INC.",≤100
473558703216022,Gabfest,Paul W Queen,≤100
10234472029,Council on Foreign Relations,Council on Foreign Relations,≤100
102413723172970,Nick Adams,Nick Adams,≤100
1701899883357807,Seed Your Future,Seed Your Future,≤100
57846092173,American Bible Society,American Bible Society,≤100
209310009090708,ERDAL SARIZEYBEK,These ads ran without a disclaimer,≤100
723136714746586,The Common Ground Project,"The Common Ground Project, Inc.",≤100
300992409852,Hoover Institution,Hoover Institution,≤100
429651323843750,Verizon Wireless Workers Rising,"COMMUNICATIONS WORKERS OF AMERICA, AFL-CIO, CLC",≤100
129093317111985,Rx Outreach,Susan Gabrielle Fodor,≤100
116534199732974,USA Carry Online,USA Carry Online,≤100
434616383688551,Ocean & Co.,Ocean & Co,≤100
27311599342,Preemptive Love,Preemptive Love Coalition,≤100
8550121410,Free Speech America Project,MEDIA RESEARCH CENTER,≤100
130936757062757,T-Mobile Workers United (TU),"COMMUNICATIONS WORKERS OF AMERICA, AFL-CIO, CLC",≤100
283511548477587,ADD Advocate,Aaron Lawrence Friedman,≤100
10150124349775072,"Riddle & Brantley, LLP","RIDDLE & BRANTLEY, LLP",≤100
133666160060982,Senate Majority PAC,SMP,≤100
5720973755,Defenders of Wildlife,DEFENDERS OF WILDLIFE,≤100
108118933908193,Next Level Goods,Next Level Goods LLC,≤100
458142697588014,AARP Public Policy Institute,AARP,≤100
106436084103843,Security and Sustainability Guide,Michael J Sales,≤100
192737024112371,TWU Local 556,Transport Workers Union Local 556,≤100
391872261636792,2020unity,"ForFact LLC, DBA 2020unity",≤100
53541257714,The Arc of the United States,"ARC OF THE UNITED STATES, INC., THE",≤100
1612726335627171,We the Internet TV,We the Internet TV,≤100
262173980908600,LTM,LTMShop,≤100
51379424899,Mercy Ships,MERCY SHIPS INTERNATIONAL,≤100
104117891137180,Everyday is a Second Chance,Shi Yuan Ge,≤100
327202261326682,Stephanie Bice,Bice for Congress,≤100
1017685345047041,Kim Amen for WEA Vice President,Kimberly Michelle Amen,≤100
136126341809,American Bird Conservancy,American Bird Conservancy,≤100
1502654549792632,Protect Our Care,Sixteen Thirty Fund,≤100
73277646827,Trees for the Future,Trees for the Future,≤100
348973409274904,Velvet Hamster,Velvet Hamster,≤100
174009339411865,SmartNews,"SmartNews International, Inc.",≤100
1849483715167852,Firefly Engagement,"Firefly Engagement Services, Inc.",≤100
808450969246896,"Rebecca Walser, Tax Attorney, CFP",Walser Wealth Management,≤100
360524400804160,Sam Fein for Assembly,Fein for Assembly,≤100
710669049286394,Woo the People,Khosro David Illulian,≤100
192738164073627,A Better Balance,A BETTER BALANCE,≤100
1437429989675914,Huckabee,"TRINITY CHRISTIAN CENTER OF SANTA ANA, INC.",≤100
129240690441636,NAACP Legal Defense Fund,"N. A. A. C. P. LEGAL DEFENSE AND EDUCATIONAL FUND, INC.",≤100
499379343409991,Impact Fund,"IMPACT FUND, THE",≤100
290619938124217,TropicSport,Chase Keola Sagum,≤100
1667638686847579,The Collective PAC,THE COLLECTIVE PAC,≤100
106731684296248,Simply Say It Creations,These ads ran without a disclaimer,≤100
586751814690068,Joni Ernst,Joni for Iowa,≤100
130412490967983,Hanlon for Colorado,Hanlon for Colorado,≤100
202281636466702,Unseen,Unseen,≤100
616507365386105,Top Conservative,Eric Brian Rosenberg,≤100
309308412520731,Sandy Hook Promise,Sandy Hook Promise,≤100
656263988182462,Bill Hagerty,TEAM HAGERTY,≤100
102377984581168,A Democrat in the Wilderness,Emmanuel Fourakis,≤100
6165653060,AFSCME,AMERICAN FEDERATION OF STATE COUNTY & MUNICIPAL EMPLOYEES,≤100
76025018070,San Francisco-Marin Food Bank,San Francisco-Marin Food Bank,≤100
67945990059,The American Petroleum Institute,AMERICAN PETROLEUM INSTITUTE,≤100
25055115099,Intuit,INTUIT INC.,≤100
47710973068,Cooperative Action Network,National Rural Electric Cooperatives Association,≤100
944846095527869,BOK Financial,BOK Financial,≤100
236369846383459,Congressional Black Caucus PAC,Congressional Black Caucus PAC,≤100
102988591071943,Daniel Gade,"GADE FOR VIRGINIA, INC.",≤100
292351509697,Jerusalem Prayer Team,Jerusalem Prayer Team,≤100
2241915015862570,The Left Ain't Right,These ads ran without a disclaimer,≤100
93104154930,Voices for the Voiceless,"Voices for the Voiceless, Inc.",≤100
1927474697351454,The Patriot League,The Patriot League,≤100
98291564058,Equality State Policy Center,The Equality State Policy Center,≤100
555787351119974,Coalition to Protect America's Health Care,Coalition to Protect America's Health Care,≤100
307385186526520,Knowles Farm Scents,Travis J Knowles,≤100
104851617686932,Concealed Country,Concealed Country,≤100
93228695778,Tea Party Patriots,Tea Party Patriots,≤100
176398092558933,Joe Baldacci,Joseph M. Baldacci,≤100
108777231824,Manhattan Institute for Policy Research,MANHATTAN INSTITUTE FOR POLICY RESEARCH INC,≤100
420785874975425,Conservative Institute,The Conservative Institute,≤100
376776419037747,Turning Point USA,Turning Point USA,≤100
1474261695976941,Excital,Excital,≤100
99050726344,Phillips Theological Seminary,PHILLIPS THEOLOGICAL SEMINARY,≤100﻿
1914537155242810,Life: Powered,Texas Public Policy Foundation,≤100
746708092061660,One Must Focus Media,Leonard E Palmer,≤100
129255907131113,NumbersUSA,NUMBERSUSA EDUCATION AND RESEARCH FOUNDATION,≤100
319982881752525,Kara Eastman,EASTMAN FOR CONGRESS,≤100
300719666712627,Moms Demand Action for Gun Sense in America,Everytown for Gun Safety Action Fund Inc,≤100
265045056894488,Mark Meckler,Convention of States Action,≤100
1340560252687219,MISSIO Hair,MISSIO HAIR,≤100
259924897430716,VoteRiders,VoteRiders,≤100
573084822773932,Joe Perkins for Circuit Judge Campaign Committee,Joe Perkins for Circuit Judge Campaign Committee,≤100
73970658023,International Rescue Committee,International Rescue Committee,≤100
177544721630,The Stanford Review,The Stanford Review,≤100
121750354532995,Yale Program on Climate Change Communication,Yale Program on Climate Change Communication,≤100
873550809444862,Mighty Earth,Mighty Earth,≤100
344690446467832,The Copper Courier,Courier Newsroom,≤100
1852520761657982,4ocean,4ocean,≤100
567371470277443,The Wilderness Society Action Fund,The Wilderness Society Action Fund,≤100
115761269812805,Jeff Hinkle,Jeff Hinkle Campaign,≤100
19474609238,Mercatus Center at George Mason University,Mercatus Center at George Mason University,≤100
152258821985032,Disrupt Aging,AARP,≤100
137932966292045,Holly Rehder,Friends of Holly Rehder,≤100
17203056985,Partners In Health,Partners In Health,≤100
181813995726,Avalara,"AVALARA, INC.",≤100
479832885397482,David Rubin Israel,David Rubin Israel,≤100
108223613871921,Re-Elect Trump 2020,Beyond Patriots LLC,≤100
1452551204988299,GoReact,Speakworks Inc,≤100
306591716448427,Cindy Axne,CINDY AXNE FOR CONGRESS,≤100
110509307164141,American Patriot Unite,American Patriot Unite,≤100
104435694514313,Military Benefits USA,One Dollar Smarter,≤100
59877921429,Lutheran Immigration and Refugee Service,"LUTHERAN IMMIGRATION AND REFUGEE SERVICE, INC.",≤100
128167457221813,Public Transportation,Voices for Public Transit,≤100
1290536624348001,Informed Immigrant,FWD.us Education Fund,≤100
1848736018679978,Fight For 46 Political News and Tees,Tobin Laurence Jones,≤100
169042736456594,All Out,"All Out Action Fund, Inc.",≤100
296093157932840,The Fulcrum,Issue One,≤100
1653885501501009,Propeller,Propeller Enterprises,≤100
709046012792616,National Audubon Society Action Fund,National Audubon Society Action Fund,≤100
129921337078906,YallPolitics,"Jackson New Media, Inc.",≤100
107135750925655,Military Injury Collection 2020,The Finance Advocate,≤100
345504286342057,Keeping America Great Again,RightWingGear.com,≤100
111393882812494,Amy McGrath,"AMY MCGRATH FOR SENATE, INC.",≤100
28896772146,San Diego Zoo,ZOOLOGICAL SOCIETY OF SAN DIEGO,≤100
109097990639753,Unite for Colorado,Unite for Colorado,≤100
34362997676,United States Holocaust Memorial Museum,UNITED STATES HOLOCAUST MEMORIAL MUSEUM,≤100
8057376739,The Nature Conservancy,Nature Conservancy,≤100
101095043361,Americans United for Life,AMERICANS UNITED FOR LIFE,≤100
109360297266116,Fearless Patriot,TERESA NONE OHARA-MARSH,≤100
130945114804,World Jewish Congress,WORLD JEWISH CONGRESS AMERICAN SECTION INC,≤100
219842411373576,Faith Mission,Lutheran Social Services of Central Ohio,≤100
165014546858456,Free To Choose Network,FREE TO CHOOSE,≤100
106122894312740,Democrat Party Strong,James R Oddo,≤100
87199812705,Advocates for Youth,ADVOCATES FOR YOUTH INC,≤100
303340767054069,floa,Michael Anthony Stagno,≤100
54580146753,Faith in Action,Faith in Action,≤100
109613870586532,Universal Death Care - Dr. Reagan Anderson,These ads ran without a disclaimer,≤100
143986912311328,University of Vermont Continuing and Distance Education,University of Vermont,≤100
175034712516314,WaterAid America,WaterAid America,≤100
357750373755,National Domestic Workers Alliance,National Domestic Workers Alliance,≤100
114710126648118,Republican Dogs,Republican Dogs,≤100
175149559508478,TreeDiaper,Zynnovation LLC,≤100
147088585355847,Pride Fowler Industries,Ruben Alvarez,≤100
169130743498585,Tactical Pro Supply,Chad Keller,≤100
112621057029615,Stay Home Save Lives,"Stay Home, Save Lives",≤100
999775873528189,Stopping Socialism,The Heartland Institute,≤100
323631667743052,Rep. Rodney Davis,U.S. Rep. Rodney Davis,≤100
1001615463272722,Biosimilars Council,The Biosimilars Council,≤100
13063797831,Ben Ray Luján,PEOPLE FOR BEN,≤100
48485058304,Pachamama Alliance,"PACHAMAMA ALLIANCE, THE",≤100
207901812670026,theSkimm,"TheSkimm, Inc",≤100
179513292162226,American History TV,C-SPAN,≤100
105536127617594,The American Digest,The American Digest,≤100
49414386380,Ilegal Mezcal,Ilegal Mezcal,≤100
349025629357698,Strong Second Amendment proves Americans live in Freedom,Richard Walter Heise,≤100
488460945012999,President Trump 2020,Trump Collections,≤100
100489714905608,Democracy Network,Democracy Network,≤100
169440273093442,The Center for Election Science,The Center for Election Science,≤100
100671838129752,CCW Qualified,Kyle Francis Sekerak,≤100
139398939438430,Left Action,Left Action LLC,≤100
50714237985,The Rutherford Institute,RUTHERFORD INSTITUTE,≤100
21834534343,Volunteers of America,"VOLUNTEERS OF AMERICA, INC.",≤100
252814820267,HIAS,HIAS,≤100
139599847972,National Nurses United,BE A HERO PAC,≤100
158791100909689,Concerned Veterans for America,Concerned Veterans for America,≤100
698400060189827,Dan Sullivan,Alaskans for Sullivan,≤100
121067011091,Arab American Institute,Arab American Institute Foundation,≤100
454663890502,Alliance for Patient Access,ALLIANCE FOR PATIENT ACCESS,≤100
525171637666780,Sandy Piña California Delegate,RCR,≤100
102314011228013,Hear Our Voice Store,These ads ran without a disclaimer,≤100
138141366212571,Gravis Marketing,GRAVIS MARKETING INC.,≤100
7090829369,Peter DeFazio,DEFAZIO FOR CONGRESS,≤100
405469100189512,Still My President - Donald Trump,Red State Politics LLC,≤100
1745418332339003,Aspire Gear,Aspire Gear,≤100
263813250409546,Ugly Xmas Sweater Shop,Steven W Tyler,≤100
96710501132,Eurasia Group,"EURASIA GROUP, LTD.",≤100
589787637733608,Scherie S. Murray,SCHERIE MURRAY FOR CONGRESS,≤100
502528666480497,Kiss The Ground,KISS THE GROUND,≤100
11006419356,The Voice of the Martyrs - USA,"VOICE OF THE MARTYRS, INC., THE",≤100
19420215926,CNSNews.com,MEDIA RESEARCH CENTER,≤100
22234040933,United Nations Foundation,United Nations Foundation,≤100
104845836238949,World Animal Protection US,World Animal Protection,≤100
1529468987331408,BulbHead,TELEBRANDS CORP.,≤100
602074469965571,Plan C,NATIONAL WOMENS HEALTH NETWORK,≤100
97466887664,Innocence Project,"INNOCENCE PROJECT, INC., THE",≤100
544741092252764,Congressman Jason Smith,Congressman Jason Smith,≤100
374848446414965,Pollking,Benjamin Aaron Perlman,≤100
662962894077729,The Well News,The Well News,≤100
1682876188698809,United for Respect,United for Respect,≤100
30792325085,Bipartisan Policy Center,"BIPARTISAN POLICY CENTER, INC.",≤100
253507715172780,Andy Levin,ANDY LEVIN FOR CONGRESS,≤100
108176010748061,100 Insure,Robert Bradley Graham,≤100
108503659576,National Coalition for Public School Options,National Coalition for Public School Options,≤100
164966660351345,Hope Outfitters,Hope Outfitters,≤100
317667194946264,Ro Khanna,RO FOR CONGRESS INC,≤100
533347293669517,Great American Era,Great American Era,≤100
101755761321515,Aaron Harber for CU Regent,Harber for Colorado,≤100
90498769709,Edenpure,EdenPURE®,≤100
109678580574253,Politicool Clothing Co.,PolitiCoolClothing.com,≤100
296356694135040,Goods Unite Us,Goods Unite Us,≤100
104622121026372,Earthbreeze,These ads ran without a disclaimer,≤100
8111949161,ProgressNow Colorado,ProgressNow Colorado,≤100
2354481724812667,Spencer for Milwaukee City Attorney,Spencer for Milwaukee,≤100
107626047540927,Veteran Earplug Claims,My Earplug Injury,≤100
140944265994166,Center for Addiction Services and Psychotherapy Interventions Research,a research grant at The National Center on Addiction and Substance Abuse (CASA),≤100
278490715553293,Martha McSally,MCSALLY FOR SENATE INC,≤100
2283535575207809,Ditch Mitch,DITCH FUND,≤100
386305465057247,Liberty Nation,Liberty Nation,≤100
872741586076901,Tony YOLO,Wael None Nammari,≤100
104245131196246,Jordan Richard,Jordan Eric Richard,≤100
2073102552709165,Revolting Ink,These ads ran without a disclaimer,≤100
7292655492,MoveOn,MOVEON.ORG POLITICAL ACTION,≤100
102745147891580,Trump Coolers,Eric Clifford Juels,≤100
110415877229724,Real American Sportsmen,Real American Sportsmen,≤100
1585761838387907,Unity College Online,Unity College,≤100
147523538641547,Capitol Ministries,CAPITOL MINISTRIES,≤100
355852771752851,Mel for Progress,COMMITTEE TO ELECT MEL GAGARIN,≤100
1675630946095534,Franciscan Missions,Franciscan Missions,≤100
802271849850801,Freedom for All Americans,Freedom for All Americans,≤100
1679521432262834,Physicians Grassroots Network,American Medical Association,≤100
126575267904438,Love Beauty and Planet,Unilever,≤100
1613516851999536,Sunrise Movement,Sunrise,≤100
157546398049625,Marsy's Law for Wisconsin,"Marsy’s Law for Wisconsin, LLC",≤100
8895898655,Rainforest Alliance,"RAINFOREST ALLIANCE, INC.",≤100
101317101242156,Make America Kind Again,Benevolently,≤100
168109446538119,St. Martin's Press,St. Martin's Press,≤100
1526707030943680,Phoenix Dream Center,City Help Inc of Phoenix dba Phoenix Dream Center,≤100
111970730196550,World War Zero,AMERICAN SECURITY PROJECT,≤100
30618466815,Pacific Legal Foundation,Pacific Legal Foundation,≤100
328072970642479,Jaime Harrison,JAIME HARRISON FOR US SENATE,≤100
1528741944038372,Boyd For Mayor,Candidate for mayor of Wilton Manors,≤100
109784093976549,Military Earplug Settlements,One Dollar Smarter,≤100
219224241438635,Compassion & Choices,COMPASSION & CHOICES,≤100
109111900634787,Reverend Raphael Warnock,WARNOCK FOR GEORGIA,≤100
1397799040234106,OpinionUP,OpinionUP LLC,≤100
281884085611820,Tedra Cobb,COMMITTEE TO ELECT TEDRA COBB,≤100
127225910653607,PragerU,PragerU,≤100
286597537859,Global Health Technologies Coalition,Global Health Technologies Coalition,≤100
323083351064533,The News Literacy Project,The News Literacy Project,≤100
80668957414,GoSili,SiliKids Inc.,≤100
100822738050183,Trump Star 2020,Greek Steel LLC,≤100
1118677698164230,Meli Wraps,Jaime Ella Harmon,≤100
279846350948,St. Labre Indian School,St. Labre Indian School,≤100
6204742571,Sierra Club,SIERRA CLUB,≤100
100195511560092,Injury Compensation Center,Injury Compensation Center,≤100
8532248414,Wounded Warrior Project,"WOUNDED WARRIOR PROJECT, INC.",≤100
221890358218748,Til Valhalla Project,Til Valhalla Project,≤100
38235851310,USA for UNHCR,UNITED STATES ASSOCIATION FOR UNHCR,≤100
2078647579047586,Project Pulso,Project Pulso,≤100
22898109808,Grist.org,Grist Magazine,≤100
101788601255619,Mark Sidney,Power To The Publisher,≤100
118778888148007,Marion Polk Food Share,"MARION-POLK FOOD SHARE, INC",≤100
112044923686511,Motivational Designz,Dominick Battiato,≤100
440551812676698,Open The Books,American Transparency,≤100
1543830612580575,Beesponsible,Beesponsible,≤100
202626512363,U.S. Census Bureau,These ads ran without a disclaimer,≤100
2012750189007245,Liquid Death Mountain Water,Liquid Death,≤100
113051076740752,David Willingham for Cobb County State Court,Friends of Willingham for Cobb State Court,≤100
46093654473,National Republican Congressional Committee,NRCC,≤100
5887538795,Education Week,Education Week,≤100
162676813937511,Dan Forest,Committee to Elect Dan Forest,≤100
9538894955,John F. Kennedy Presidential Library and Museum,"John Fitzgerald Kennedy Library Foundation, Inc.",≤100
1690071827911682,Cleancult,cleancult,≤100
220934044722029,Florida Crystals Corporation,FLORIDA CRYSTALS CORPORATION,≤100
104933662932387,CreativeFuture,CreativeFuture,≤100
104113087669604,Opportunity Arizona,Opportunity Arizona,≤100
192013990902459,Roy Cooper,Cooper For North Carolina,≤100
107642877509346,Shamley for Congress,DOYEL SHAMLEY FOR CONGRESS,≤100
137427899615856,"Central Union Mission, DC",CENTRAL UNION MISSION (INC),≤100
791543660926838,"I'll go ahead and keep my guns, Thanks",2A4LIFE LLC,≤100
1859113087545137,Yes. Every Kid.,"yes. every kid, Inc.",≤100
405355946226766,Todd Young,"FRIENDS OF TODD YOUNG, INC.",≤100
169204449790211,Conservative News Today,"BizPac Review, Inc.",≤100
627951147293090,FatFinger,Fat Finger LLC,≤100
2353537341582545,Proud Patriots,"Unicorn Wealth, LLC",≤100
156994304362574,American Bridge,AMERICAN BRIDGE 21ST CENTURY,≤100
118303441570966,Home Ownership Matters,NATIONAL ASSOCIATION OF REALTORS,≤100
127755494595870,Progressive Takeover,PROGRESSIVE TAKEOVER,≤100
1374260589465543,Sheepdog Church Security,Sheepdog Church Security,≤100
105264094403642,Trump MAGA Swag,James Richard Griffin,≤100
260131294484,Bethesda Lutheran Communities,Bethesda Lutheran Communities,≤100
365591516828390,Georgia's WIN List,Georgia WIN List,≤100
100673638192835,Longtripmall-,These ads ran without a disclaimer,≤100
44821210086,American Numismatic Association,AMERICAN NUMISMATIC ASSOCIATION,≤100
105732744375701,Steve Bullock,Montanans for Bullock,≤100
513785465632396,Airline Passengers for Justice,Airline Passengers for Justice,≤100
289446947817747,Global Citizen,"GLOBAL POVERTY PROJECT, INC.",≤100
1438882392887793,ADF Church Alliance,Alliance Defending Freedom,≤100
163148530407080,Captain Mark Kelly,MARK KELLY FOR SENATE,≤100
100862298037952,Trump is Garbage,Trump is Garbage,≤100
2223151871134889,Trump45Merch,Thomas Charles Granack,≤100
161453087348302,The Committee to Defend the President,THE COMMITTEE TO DEFEND THE PRESIDENT,≤100
46808654791,Eric Steffensen Music,Eric Steffensen,≤100
5633824547,FreedomWorks,"FREEDOMWORKS, INC.",≤100
103682110993833,Arctic Refuge Defense Campaign,Alaska Wilderness League,≤100
121626482110,Operation Smile,"OPERATION SMILE, INC.",≤100
2777578242259790,Great Again Gear,Great Again Gear,≤100
1032931246869252,Ditch the Estate Tax,Policy And Taxation Group,≤100
483987631637740,Heather McDonald,Peter James Dobias,≤100
44340057816,UncommonGoods,UncommonGoods,≤100
83290028957,Care Net,CARE NET,≤100
679171239164792,Supermajority,Supermajority Education Fund,≤100
7192716362,Amnesty International USA,Amnesty International USA,≤100
366351973736242,Red Rock Secured,Red Rock Secured,≤100
110177119192569,Knightscope,William Li,≤100
681626158940626,Mission Roll Call,Americas Warrior Partnership,≤100
500648454039850,Theofficertatumstore.com,The Officer Tatum LLC,≤100
2344547189131349,Jarret Hamstreet for LD15 House,Friends of Jarret Hamstreet,≤100
842721202508267,Diaz Campaigns,Diaz Campaigns,≤100
1389807071117013,Lynn Afendoulis,Lynn Afendoulis for Congress,≤100
384336778589668,Defend Our Constitution,COMMON CAUSE,≤100
203652527043229,Chad Christensen for Idaho,Chad N Christensen,≤100
1967676576860492,Women Speak,These ads ran without a disclaimer,≤100
77790954801,Salesian Missions,Salesian Missions,≤100
196098536897,Texas Right to Life,Texas Right to Life,≤100
129278807814364,Welcome.,Welcome.,≤100
131217580266597,National Council on Aging,"NATIONAL COUNCIL ON AGING, INC.",≤100
10423517786,Harvard Business Review,HARVARD BUSINESS SCHOOL PUBLISHING CORPORATION,≤100
150322194563,PASA Primates: Pan African Sanctuary Alliance,PAN AFRICAN SANCTUARIES ALLIANCE,≤100
102540204580217,UpNorthNews,Courier Newsroom,≤100
375760676281438,Mermaid Straw,Mermaid Straw,≤100
1545826148838592,Trump 2020,Gregory Lawrence Burright,≤100
217137015152702,National Sikh Campaign,National Sikh Campaign,≤100
15687409793,World Wildlife Fund,World Wildlife Fund,≤100
106136417435051,Iwantmyoceanback,Iwantmyoceanback,≤100
134845259917779,Rock 'Em Socks,Rock 'Em Socks,≤100
268311603350722,The American Independent,The American Independent,≤100
113826593350277,Economic Left,Economic Left,≤100
2352630938293825,Mytacticalpromos,Entremax,≤100
309094279104553,Twelve Books,"Hachette Book Group, Inc.",≤100
109551094017519,D o n a l d  T r u m p,These ads ran without a disclaimer,≤100
514167322309353,Dan Crenshaw,Dan Crenshaw for Congress,≤100
160121147343076,Enviva,Florence Olivia Lochrane,≤100
21375324480,The Heritage Foundation,HERITAGE FOUNDATION (THE),≤100
110022477032429,Mike Franken,FRANKEN FOR IOWA,≤100
182079698493370,Portside,Portside,≤100
74508408221,Dr. Joanne Bagshaw,"Joanne Bagshaw, PhD, LCPC",≤100
18982436812,ACLU,American Civil Liberties Union,≤100
2046280975668889,LeftvsRightIQ.com,LvR Intelligence LLC,≤100
281709242235290,Movement Disorders Policy Coalition,ALLIANCE FOR PATIENT ACCESS,≤100
130268756992804,Yale Climate Connections,Yale Climate Connections,≤100
296708523873754,Karla Dennis and Associates Inc.,"Karla Dennis & Associates, Inc",≤100
2146201085498440,Tony Gonzales,Tony Gonzales for Congress,≤100
195155184265445,Choosing Clean Energy: A Campaign of The Nature Conservancy,Nature Conservancy,≤100
98887816626,Beef. It's What's For Dinner.,Shari Daniella Spooner,≤100
79047202856,People's World,People's World,≤100
17911165812,Covenant House International,Covenant House,≤100
38882699096,Polaris,POLARIS PROJECT,≤100
143173285763,Tenth Amendment Center,Tenth Amendment Center,≤100
260754507296508,The Voter Participation Center,Voter Participation Center,≤100
163302087408673,Stop The Donald,Stop the Donald,≤100
681016675362080,u4See,Aviad Sar Shalom Giath,≤100
101591551371555,Fire Mitch. Save America.,SAVE AMERICA FUND,≤100
126053105675,Save the Redwoods League,Save The Redwoods League,≤100
186932688457686,CHNGE,CHNGE,≤100
86711894400,National Write Your Congressman,National Write Your Congressman,≤100
804568342964376,2nd Amendment Rights,One Nation Design,≤100
214002058736436,Unite America,UNITE AMERICA,≤100
676042872452848,Japan - The Government of Japan,These ads ran without a disclaimer,≤100
33110852384,Doctors Without Borders/ Médecins Sans Frontières (MSF),Doctors Without Borders/Médecins Sans Frontières (MSF),≤100
203197030603239,8 Billion Trees,8 Billion Trees LLC,≤100
547176209061125,Medicare for All NOW,Medicare For All NOW!,≤100
106076860804424,1775 Designs Co,These ads ran without a disclaimer,≤100
59254639983,Boston Medical Center,BOSTON MEDICAL CENTER,≤100
1224156504416050,American Patriot Depot,American Patriot Depot,≤100
1864721517082089,Democratic Attorneys General Association,Democratic Attorneys General Association,≤100
758857317850758,Urban Farm Academy,Brandon Edward Youst,≤100
109295377337702,Trumplican Store,Minerva LLC,≤100
1406149713044974,Intellectual Judaism,Vladimir Ephraim Minkov,≤100
273546779885377,The Gallant Pelham,"The Gallant Pelham, LLC",≤100
56332452163,AMA Patients Action Network,American Medical Association,≤100
530628950745171,Vote In Or Out,Lisa Chin Mollica,≤100
305107172859194,Defeating Trump and the Republican Party,"Voices of Health Care Action, a project of Gamechanger Networks",≤100
560140464159364,Stand for the 2nd Amendment,SFT2 Tactical Supply,≤100
507165509486196,Hillary For Prison,Mark Sidney Blatterfein,≤100
127637620616803,Comcast Newsmakers,Comcast,≤100
107199049318619,Friends of Derek Kilmer,PEOPLE FOR DEREK KILMER,≤100
428403504606135,The Average Joe Survey,"Zaydoe Films, LLC",≤100
1194865807192273,Conservative Gear,Outergoods LLC,≤100
107592419594,Immigration Equality,IMMIGRATION EQUALITY INCORPORATED,≤100
212090022784120,Moments Engraved,Jeet None Banerjee,≤100
253791814655400,Doug Collins,"COLLINS FOR SENATE, INC.",≤100
137662367278,League of Women Voters of the U.S.,LEAGUE OF WOMEN VOTERS OF THE UNITED STATES,≤100
120522437962280,Hutchins Center for African & African American Research,The Hutchins Center for African & African American Research at Harvard University,≤100
1691667177798461,Brut,Brut,≤100
80562389320,NARAL Pro-Choice America,NARAL Pro-Choice America,≤100
191975737491988,Jennifer Wexton,WEXTON FOR CONGRESS,≤100
96935476345,Democratic Governors Association (DGA),Democratic Governors Association,≤100
497081420632330,Hiral Tipirneni,HIRAL FOR CONGRESS,≤100
108746510732149,Trump Mats,Conservative Movers,≤100
102405638071352,Inspire EcoWare,These ads ran without a disclaimer,≤100
300774350436838,topplr,Data Genomix,≤100
825475597557324,trueself,cleancult,≤100
133913826633461,Grassroot Institute of Hawaii,Grassroot Institute of Hawaii,≤100
80841742978,Adirondack Council,ADIRONDACK COUNCIL (INC),≤100
301228420816284,Teresa Leger Fernandez,TERESA FOR ALL,≤100
107291750775792,The 100 Million,Knight Foundation,≤100
202286639832171,Dr. Robert Jeffress,FIRST BAPTIST CHURCH DALLAS,≤100
182193211815005,Issue One,Issue One,≤100
12692955711,Chronicle of Higher Education,"CHRONICLE OF HIGHER EDUCATION, INC. (THE)",≤100
49209604726,Vermont Teddy Bear,"VERMONT TEDDY BEAR CO., INC., THE",≤100
298964866859647,Flows To Bay,Flows To Bay,≤100
406992250081573,Woody Thrasher,Woody Thrasher for Governor 2020,≤100
345378512258813,Elise Stefanik,ELISE FOR CONGRESS,≤100
110280253735683,Alexandria Ocasio-Cortez Fan Club,Imran M Jemal,≤100
18780321251,American Chemistry,"AMERICAN CHEMISTRY COUNCIL, INC.",≤100
17023576156,The Leadership Conference on Civil and Human Rights,The Leadership Conference on Civil and Human Rights,≤100
153678684700451,American Investment Council,AMERICAN INVESTMENT COUNCIL,≤100
227535924071462,Animal Petitions,AnimalPetitions.org,≤100
133764907211570,Concerned Citizen,Steven Niems,≤100
592074077639509,Donald Trump Is Our President,Power To The Publisher,≤100
193618220508,LIFE Today,LIFE Outreach International,≤100
135500133147357,ProEnglish,US INC,≤100
2225580284361712,Tommy Tuberville,"TUBERVILLE FOR SENATE, INC.",≤100
1438808983108348,BOLD PAC,CHC BOLD PAC,≤100
156968474833352,Stop Republicans,Stop Republicans,≤100
1664959567149320,Wholesome Culture,Wholesome Culture,≤100
142665849854371,House Freedom,HOUSE FREEDOM FUND,≤100
530604487365010,Old Glory Flagpole Kits,Service First Flag Poles,≤100
104006944272732,Honest Arizona,Advancing AZ,≤100
14851158643,Southern Utah Wilderness Alliance,SOUTHERN UTAH WILDERNESS ALLIANCE,≤100
1610834479233860,Fight For Reform,End Citizens United Non-federal,≤100
286487148036558,NEAVS,NEW ENGLAND ANTI VIVISECTION SOCIETY,≤100
163055010716637,G95,Peter Carlton Solle,≤100
421071442006280,Jacob Campbell for Legislature,FRIENDS OF JACOB CAMPBELL INC,≤100
25852730092,Care2,Care2 Inc,≤100
885797821467046,Joyous Organics,Ronald Lee Yates,≤100
1869687273277265,Run for Something,Run For Something PAC,≤100
94047978366,PCCC - BoldProgressives.org,PROGRESSIVE CHANGE CAMPAIGN COMMITTEE,≤100
665345483483486,NRA - National Rifle Association of America,NATIONAL RIFLE ASSN OF AMERICA,≤100
15239367801,The Wilderness Society,"WILDERNESS SOCIETY, THE",≤100
6422138883,92nd Street Y,92nd Street Y,≤100
362070734130110,Give Trump A Chance,David Slossberg,≤100
107898117511057,Military Legal Advice 2020,The Finance Advocate,≤100
192015461630968,Supporting Our Brave Veterans,James Brian Plouf,≤100
113335773562471,President Trump For Re-Election,Great American Era,≤100
103372041280696,Jennifer Butler,Gregory Philip Williams,≤100
203805062990264,Ben Shapiro,The Daily Wire,≤100
113330620093147,Sunny for Congress,Suneetha Chaparala,≤100
135298176481584,Marine Corps Scholarship Foundation,Marine Corps Scholarship Foundation,≤100
720943967965149,AFSCME Retirees,AMERICAN FEDERATION OF STATE COUNTY & MUNICIPAL EMPLOYEES,≤100
317715676043,Conservation Voters of Pennsylvania,Conservation Voters of Pennsylvania,≤100
594519783957655,Citizens for National Security,Citizens For National Security,≤100
20876805343,March of Dimes,MARCH OF DIMES INC.,≤100
101987144592086,Stollings for West Virginia,Stollings for West Virginia,≤100
132492254050920,American AF,AAF Nation,≤100
497209044353754,Author Austin Grayson,These ads ran without a disclaimer,≤100
7686808625,Jim Inhofe,FRIENDS OF JIM INHOFE,≤100
529660253742398,Hawaiian Electric,"HAWAIIAN ELECTRIC COMPANY, INC.",≤100
109613870586532,Universal Death Care - Dr. Reagan Anderson,Reagan Banning Anderson,≤100
102756811269921,Fellow Americans,Fellow Americans,≤100
134452023239984,Human Coalition,Human Coalition,≤100
263210730984251,We Are Great Again Pac,WE ARE GREAT AGAIN PAC,≤100
92748602246,Farmworker Justice,"FARMWORKER JUSTICE FUND, INC.",≤100
300103172268,Pacific Battleship Center - Battleship USS Iowa,Jonathan Thompson Williams,≤100
25121889784,Texas Public Policy Foundation,Texas Public Policy Foundation,≤100
2311489605552071,Customers Who Care,Customers Who Care,≤100
169543260659539,The Venn Media,The Venn Media,≤100
5435784683,Greenpeace USA,"GREENPEACE, INC.",≤100
112600915451330,No Labels,No Labels,≤100
329272720965256,GALvanize USA,GALvanize USA,≤100
27139120832,Advancing Native Missions,Advancing Native Missions,≤100
115911665626912,The Term Limit Revolution,Scott M Murphy,≤100
500410440069924,Dan "Taxation Is Theft" Behrman for President 2020,COMMITTEE TO ELECT DAN TAXATION IS THEFT BEHRMAN,≤100
959583984176453,The Democratic-Republican blog,David R Walsh,≤100
105936053461,1776 Coalition,"ALLIANCE STRATEGIES GROUP, INC.",≤100
277005566267077,Blueland,Blueland,≤100
166618413413767,Jay Sekulow,American Center for Law and Justice,≤100
1316372698453411,Alexandria Ocasio-Cortez,ALEXANDRIA OCASIO-CORTEZ FOR CONGRESS,≤100
122773549121265,President Trump for Nobel Peace Prize 2020,Tarek None Kteleh,≤100
6236054211,Brady,Brady Campaign to Prevent Gun Violence,≤100
1754669597959219,Evie,Evie Magazine,≤100
1081053331974363,Blurtsy Touriotte,These ads ran without a disclaimer,≤100
208448029308099,Neal F. Thompson,Neal Francis Thompson,≤100
100256754899828,Patriot's Cave,Lucky Shot USA,≤100
12301006942,Democratic Party,DNC SERVICES CORP./DEM. NAT'L COMMITTEE,≤100
142992759853421,Be A Hero,BE A HERO PAC,≤100
100284010017717,Foster Friess,Foster Friess,≤100
60865633726,Love Justice International,TINY HANDS INTERNATIONAL,≤100
169277310432049,"Texas Precision Optics, Inc.",Texas Precision Optics Inc,≤100
420424547981908,In Search of Liberty,Scott Dennis Welch,≤100
21492729544,Catholic Relief Services,CATHOLIC RELIEF SERVICES - UNITED STATES CONFERENCE OF CATHOLIC BISHOPS,≤100
1447994318779650,AirMedCare Network,AIrMedCare Network,≤100
276131699084792,YWAM Los Angeles,YWAM Los Angeles,≤100
587681288088728,Adam Brandon,"FREEDOMWORKS, INC.",≤100
18479402361,No Kid Hungry,No Kid Hungry,≤100
272565456712768,Bloomberg Government,"BUREAU OF NATIONAL AFFAIRS, INC., THE",≤100
16352157727,Alfred A. Knopf,Penguin Random House LLC,≤100
11640096627,Warner Bros. Entertainment,These ads ran without a disclaimer,≤100
130467958471,Jason Lewis,Jason Lewis for Senate,≤100
109330015765713,American Friends of the Episcopal Diocese of Jerusalem,AMERICAN FRIENDS OF THE EPISCOPAL DIOCESE OF JERUSALEM. INC.,≤100
15503839732,Peter G. Peterson Foundation,Peter G. Peterson Foundation,≤100
360424321432255,Doha Debates,Doha Debates,≤100
30708742052,FCTRY,FCTRY,≤100
354851377936744,BookTV,C-SPAN,≤100
43609808159,Happy Family Organics,Happy Family Organics,≤100
6355071377,American Cancer Society Cancer Action Network - ACS CAN,AMERICAN CANCER SOCIETY CANCER ACTION NETWORK INC,≤100
104848367681927,3M Case Support,One Dollar Smarter,≤100
100256754899828,Patriot's Cave,Patriot's Cave,≤100
23875187730,Feeding America,Feeding America,≤100
1139780232780908,Frugal Family,These ads ran without a disclaimer,≤100
103254621302564,Maga2020,Troy Lorenzo Davis,≤100
830890360316751,Nick Hanauer,Civic Action,≤100
7629206115,The Nation Magazine,"NATION COMPANY, LLC, THE",≤100
1884107931849913,Republicans for the Rule of Law,Defending Democracy Together,≤100
160630887998827,Let Them Live,Let Them Live,≤100
51359055679,LeadingAge,"LEADINGAGE, INC.",≤100
394817334402124,2020 Trump Bill,Innovative Ecomm LLC,≤100
518194348194441,RepresentUs,RepresentUs,≤100
461204744067686,Family Protection Association,Family Protection Association,≤100
105986927538317,Triump Apparel,Triump Apparel,≤100
110312563826283,SadEarth,SADEARTHBRAND,≤100
13885075114,Action Against Hunger USA,ACTION AGAINST HUNGER - USA,≤100
1388428314740793,American Mint - Coins and Medals,American Mint,≤100
605168822998856,314 Action,314 ACTION FUND,≤100
336470580233523,Pins and Aces Golf Co.,US Craft Brands LLC,≤100
346814612024906,BoyerAZ,Boyer for Senate,≤100
598924810530984,Keeping America Great,FamTeeWorld,≤100
198296877515470,Switch4Good,Switch4Good,≤100
30914589895,The International Fellowship of Christians and Jews,"INTERNATIONAL FELLOWSHIP OF CHRISTIANS & JEWS, INC.",≤100
100866148225288,Limited Edition Coins,Shalonda Rotrice Stephens,≤100
196743663140,Baha'is of the United States,National Spiritual Assembly of the Baha'is of the United States,≤100
17414523278,Democracy Now!,Ishmael Daro,≤100
152264148166020,Moms Clean Air Force,Moms Clean Air Force,≤100
24481937944,Theodore Roosevelt Conservation Partnership,"THEODORE ROOSEVELT CONSERVATION PARTNERSHIP, INC",≤100
825475597557324,trueself,These ads ran without a disclaimer,≤100
246491525549550,Education Post,Education Post,≤100
25998443394,MedPage Today,"EVERYDAY HEALTH, INC.",≤100
717115395103069,PrintedKicks,Printed Kicks,≤100
96935476345,Democratic Governors Association (DGA),DEMOCRATIC ACTION,≤100
138492335404,Scott Walker,"Walker Group, LLC",≤100
167968013767335,Julie Oliver,JULIE OLIVER FOR CONGRESS,≤100
110382420324505,Stop Price Fixing,Market Institute,≤100
577214555786847,Lessons from Military History,Hoover Institution,≤100
81517275796,UNICEF USA,UNITED STATES FUND FOR UNICEF,≤100
1268410219898273,Tango Tango,Tango Tango Inc,≤100
14084625156,Susan G. Komen,Susan G. Komen,≤100
192771954102960,Jordan Sekulow,American Center for Law and Justice,≤100
106883907479649,HUPAC - Health Underwriters Political Action Committee,NATIONAL ASSOCIATION OF HEALTH UNDERWRITERS PAC (HUPAC),≤100
1708467695859543,Veteran Transition Mission,Sonia Ivelisse Barriera Ayala,≤100
7833534974,Florida Democratic Party,Florida Democratic Party,≤100
683872625157265,Theresa Greenfield,THERESA GREENFIELD FOR IOWA,≤100
35169196082,Project HOPE,"PROJECT HOPE-THE PEOPLE-TO-PEOPLE HEALTH FOUNDATION, INC.",≤100
10524821940,National Park Foundation,National Park Foundation,≤100
2155040508095232,MonopolyWars,MonopolyWars.com,≤100
100658691586642,ue.unique_empire,These ads ran without a disclaimer,≤100
107036421410,National Safety Council,NATIONAL SAFETY COUNCIL,≤100
72458613201,Earth Shoes,Edward Michael Gazarian,≤100
504118316658151,SilencedOrganic,SilencedOrganic.com,≤100
82637311931,Citymeals on Wheels,CITYMEALS-ON-WHEELS,≤100
1836138529938551,Greater Half,Billy Benson,≤100
1156676274461345,Mikie Sherrill,MIKIE SHERRILL FOR CONGRESS,≤100
15779440092,National Review,"NATIONAL REVIEW, INC.",≤100
2377166239179411,Nancy Goroff for Congress,Goroff for Congress,≤100
11111618026,Union of Concerned Scientists,"UNION OF CONCERNED SCIENTISTS, INC.",≤100
1425435377743310,Conversations with Bill Kristol,The Foundation for Constitutional Government,≤100
172350046891,Dr. Dons Buttons,"RATLIFF ENTERPRISES, INC.",≤100
6851405967,CREDO Mobile,"CREDO MOBILE, INC.",≤100
654470874584798,Save The Inventor,Innovation Alliance,≤100
58691227283,The New York Young Republican Club,The New York Young Republican Club,≤100
2189265054726827,Liberty Tee Shop,www.libertyteeshop.com,≤100
109349507328179,Bernie Or Busters,Eric Christopher Mack,≤100
10498053716,Media Research Center,MEDIA RESEARCH CENTER,≤100
198741046833409,Utah Policy,Utah Policy,≤100
111324359048459,Dr. Roger Marshall,KANSANS FOR MARSHALL,≤100
101181794707874,United Research Group,United Research Group,≤100
1449461518652183,4Patriots,4Patriots LLC,≤100
137569740231452,Respect The Look,Respect The Look,≤100
1950319871930431,Special Gift,These ads ran without a disclaimer,≤100
14673807622,Wisconsin Conservation Voters,Wisconsin Conservation Voters Independent Expenditure Committee,≤100
13187955196,Young Americans for Liberty,Young Americans for Liberty,≤100
433364950062784,Power Over Energy,Power Over Energy,≤100
152334631910868,Brewers Association,Brewers Association,≤100
44224524016,American Kidney Fund,"AMERICAN KIDNEY FUND, INC.",≤100
105610970947657,MY 2A GEAR,Leon Mckensizy Dunn,≤100
44357672795,Independent Institute,These ads ran without a disclaimer,≤100
917165515112598,Progressive Power,USA Unify Media Inc,≤100
1336293769761923,Jon Ossoff,JON OSSOFF FOR SENATE,≤100
35715544220,Stand.earth,STAND,≤100
85452072376,Newsmax,Newsmax Media,≤100
103384664607891,Gilbert Simon MD,Gilbert Simon MD,≤100﻿
101210588150219,Boy Scouts Abuse Claims,X Social Media LLC,≤100
105953890782784,The Factual,The Factual,≤100
111081706926063,Jason Fields for Milwaukee Comptroller,Jason Fields for Milwaukee,≤100
240425642652222,South Florida Wildlands Association,South Florida Wildlands Association,≤100
215689771967950,Plastic Tides,"Plastic Tides, Inc.",≤100
1747815512166011,StewardshipOne,These ads ran without a disclaimer,≤100
121725593970,Susana Martinez,Megan Nicole De La Rosa,≤100
6726182861,Mike Pence,TRUMP MAKE AMERICA GREAT AGAIN COMMITTEE,≤100
100910174878328,Love 45 store,These ads ran without a disclaimer,≤100
455147011996099,The Ann and Phelim Scoop,The Unreported Story Society,≤100
203583423017526,National Immigration Law Center,National Immigration Law Center,≤100
717417908274761,Lady Freethinker,Lady Freethinker,≤100
746938465317981,Nuclear Matters,Nuclear Matters,≤100
29092950651,TED,TED Conferences,≤100
143509339045414,Americans for Peace and Tolerance,"AMERICANS FOR PEACE AND TOLERANCE, INC.",≤100
87777747127,Greg Palast,Palast Investigative Fund,≤100
433919203362871,Bird + Stone,BIRD & STONE INC,≤100
128155811565,Wyoming Liberty Group,Wyoming Liberty Group,≤100
98912141410,American Forests,American Forests,≤100
1383869268500535,Medicare World,Medicare World,≤100
114289029948093,Denny Doyle,Friends to Re-elect Mayor Denny Doyle,≤100
107277147375038,The Penrose Papers,Richard W. Gray Jr.,≤100
105939787713902,Military Injury Report 2020,The Finance Advocate,≤100
23790541544,Democrats,DCCC,≤100
105060269781,Premiere Collectibles,"Premiere Marketing, Inc.",≤100
599037717094428,Lil Guillotine,Liam Robert Manjon,≤100
2070944712939738,American Police Officers Alliance,American Police Officers Alliance,≤100
105756057589080,The Lincoln Project,The Lincoln Project,≤100
107305447560084,Just Win 2020,Andrew James Renk,≤100
110257623864359,Cool Mud Flaps,"OHIO LASER, LLC",≤100
69039563201,Open Doors USA,"OPEN DOORS WITH BROTHER ANDREW, INC.",≤100
169561162745,The National Wild Turkey Federation,"NATIONAL WILD TURKEY FEDERATION, INC.",≤100
1801237890175919,The Denice Gary Show,Denice Garypandol,≤100
747436915270894,Congressional Leadership Fund,CONGRESSIONAL LEADERSHIP FUND,≤100
313723095478950,The Daily Citizen,Focus on the Family,≤100
27461595703,Carbonfund.org Foundation,829 Studios LLC,≤100
1305943179552668,Forrest Johnson,Forrest Nels Johnson,≤100
1917715138510680,Follow Your Legend,Legend Bracelet,≤100
1467598083570710,Dearborn Heights 48125 East,Suzanne Marie Todd,≤100
107053690842532,ABT 2020,ABT 2020,≤100
67626834312,National Women's Law Center,National Women's Law Center,≤100
7292655492,MoveOn,MOVEON.ORG CIVIC ACTION,≤100
37495431484,Bassel & The Supernaturals,Ronnie Bassel Almadani,≤100
40973310753,Pathfinder International,Pathfinder International,≤100
110612817235302,The People for Bernie Sanders 2020,These ads ran without a disclaimer,≤100
229812467461262,Big League Politics,Big League Politics,≤100
456426371143722,Center on Civic Engagement,Center on Civic Engagement,≤100
106896930901493,Support The Military,My Earplug Injury,≤100
183517831660100,Morning Consult,Morning Consult LLC,≤100
30682191384,U.S. Committee for Refugees and Immigrants (USCRI),Loren Caitlin Schmidt,≤100
120778038066631,EveryLibrary,EveryLibrary,≤100
6985452607,Brita USA,The Clorox Company,≤100
522143758171437,Mayor of Woodland Park - vote for VAL CARR,James Val Carr,≤100
222811984421691,Cold Bee Gone,Joyce K C None Dales,≤100
179635202492,Horizon Organic,These ads ran without a disclaimer,≤100
468906559794011,LaunchGood,LaunchGood Inc.,≤100
127290897697315,Precious Little Ladies Inc.,These ads ran without a disclaimer,≤100
1374134752633656,New Health Plans,Shop Insurance Plans,≤100
101109011325959,Augurisk,These ads ran without a disclaimer,≤100
1615018905412860,Progressive Turnout Project,PROGRESSIVE TURNOUT PROJECT,≤100
19192438096,AAAS - The American Association for the Advancement of Science,American Association for the Advancement of Science,≤100
170918006892,G.I. Jobs,Victory Media DBA GI Jobs,≤100
24470472733,The Trevor Project,The Trevor Project,≤100
112735922758892,Charlie Kirk,Charlie Kirk,≤100
518805738317612,AMAZE Parents,AMAZE.org,≤100
500781790066978,Sedera,Alana Marguerite Wong,≤100
109092142462587,Adam Schiff,SCHIFF FOR CONGRESS,≤100
950424185092492,Clean Green Baltimore County,These ads ran without a disclaimer,≤100
16266289036,International Campaign for Tibet,INTERNATIONAL CAMPAIGN FOR TIBET,≤100
608862422970723,Fishermen for Trump,William Edward Regan,≤100
7860876103,Joe Biden,BIDEN FOR PRESIDENT,121
112325855474892,Speak Up For Education and Kids,National Education Association,≤100
107834404161011,2econd Rights,Oscar Jose Trinidad,≤100
150451082120925,The other 54%,Gregory M Berube,≤100
159964696102,Kevin McCarthy,KEVIN MCCARTHY FOR CONGRESS,≤100
537299709721112,Advantage Gold,Advantage Gold Group,≤100
162019154641651,Deliver Liberty,Deliver Liberty,≤100
209187239098381,Treatment Advocacy Center,TREATMENT ADVOCACY CENTER,≤100
1750471095167410,Trump Train News,Trump Train News,≤100
7209432197,Chris Coons,CHRIS COONS FOR DELAWARE,≤100
402120963932260,Counterpoint,Counterpoint,≤100
120547365195,National LGBTQ Task Force,National LGBTQ Task Force,≤100
111181236964067,New Mexico News Share,New Mexico News Share,≤100
156392276602,Strong Towns,Strong Towns,≤100
19875021647,Consequence of Sound,These ads ran without a disclaimer,≤100
23362993101,Center for Immigration Studies,CENTER FOR IMMIGRATION STUDIES,≤100
314499212242,Pfizer,Pfizer Inc.,≤100
112435823624987,Political Romance,Gabrielle Brea Grande,≤100
267180743723148,National Geographic Society,National Geographic Society,≤100
427333170759393,ProRate Equine,Prorate Equine,≤100
148485621883625,40 Days for Life,40 Days for Life,≤100
280285049085,Homes.com,Homes.com,≤100
281844617168,Jewish Voice Ministries International,JEWISH VOICE MINISTRIES INTERNATIONAL,≤100
109846247289678,Michelle Kaplan for Ellsworth and Trenton Representative,Michelle Kaplan,≤100
718695571507724,Texans for Natural Gas,Texans for Natural Gas,≤100
103022784417075,NOW,NOW Company,≤100
153446658100252,Lumina Foundation,Lumina Foundation,≤100
29770886815,Marijuana Policy Project,Marijuana Policy Project,≤100
352527958302,Israel on Campus Coalition,Israel on Campus Coalition,≤100
376638603087168,Save The Earth,8 Billion Trees LLC,≤100
265268336865693,Do Amore,Do Amore Limited Company,≤100
101103254533,SOS International,SOS International,≤100
657708380952174,Voices of the Civil Rights Movement,Comcast,≤100
169294473121454,Policetees.com,PoliceTees.com,≤100
356431274698532,Ryan Hampton,Ryan Hampton,≤100
45013872425,The Ripon Society,RIPON SOCIETY,≤100
1055873511190792,Hello Resistance,Hello Resistance Apparel,≤100
6170309302,Dick Durbin,FRIENDS OF DICK DURBIN COMMITTEE,≤100
524399207959953,Truth & Liberty Coalition,Truth & Liberty Coalition,≤100
100847831440144,Trump 2020 Tees,Robert William Zagby,≤100
971668776283950,PolicyEd,Hoover Institution,≤100
184373328845372,Gigi Raffe,Gigi Raffe,≤100
194798557218627,AARP Wyoming,AARP,≤100
1375618656016062,Deb Haaland for Congress,DEB HAALAND FOR CONGRESS,≤100
742790559090054,Alex Rowan Foundation,David Rowan,≤100
105783281039179,Professional Services Alliance,Professional Services Alliance,≤100
108736064097262,American Family Programs,Penelope Mylynn Nguyen,≤100
751679868274074,Hope for Students,THE EXPECTATIONS PROJECT INC,≤100
8914040942,Chesapeake Bay Foundation,"CHESAPEAKE BAY FOUNDATION, INC., THE",≤100
175403889150682,FindLaw.com,FindLaw Consumer,≤100
170591064699,Southern Poverty Law Center,"SOUTHERN POVERTY LAW CENTER, INC., THE",≤100
8924408197,National Partnership for Women & Families,National Partnership for Women & Families,≤100
354329797956187,The Catholic Association,"The Catholic Association, Inc",≤100
100577113613446,Rock Your Bathroom,SK LANG Products,≤100
389119978332258,We Are Apartments,The National Association of Apartments and the National Multifamily Housing Council,≤100
159616034235,Walmart,WALMART INC.,≤100
205795426669644,Facts and Logic about the Middle East,Facts and Logic About the Middle East,≤100
363741920768563,RTBiQ Political,RTBiQ Political,≤100
6502038524,First Book,FIRST BOOK,≤100
459890014763287,Rocky Mountain Values,Rocky Mountain Values,≤100
110749446963570,Courier,Courier Newsroom,≤100
234142976633158,Wake Up World & Smell the Coffee,Edith Dume Lerner,≤100
298920260604,American Heart Association - Nebraska,American Heart Association,≤100
830121337093232,National Democratic Training Committee,NATIONAL DEMOCRATIC TRAINING COMMITTEE PAC,≤100
187809941803009,IVYPAC,IVYPAC,≤100
73478266116,SoulPancake,SoulPancake,≤100
161879897191723,EarthX,EarthX,≤100
211095382256023,"Mars, Incorporated","Mars Wrigley Confectionery US, LLC",≤100
28144169620,Alliance for Aging Research,Alliance for Aging Research,≤100
242960515598,Military Spouse,Victory Media DBA Military Spouse,≤100
28889108258,Gospel for Asia,"GOSPEL FOR ASIA, INC.",≤100
108955156581769,Blue Mom Red State,Sarah Nell Bourne,≤100
202626512363,U.S. Census Bureau,U.S. Census Bureau,≤100
103664744402353,Medicare Saviors,Sean Thomas Hofmans,≤100
223315101050132,Waters Kraus & Paul,Waters Kraus & Paul,≤100
107033296017764,Isps-Us,The International Society for the Psychological Treatments,≤100
159085947564255,American Sugar Alliance,American Sugar Alliance,≤100
1084856268238034,Trump Talking,Roberto None Lugo,≤100
7483836629,Ancestry,Ancestry.com Operations Inc.,≤100
111728175531138,Green Building Solutions!,American Chemistry Council,≤100
28510612138,Uncommon Knowledge,Hoover Institution,≤100
2059019737447210,ChangeRoots,ChangeRoots,≤100
2336022790003836,Patients + Providers United,Patients and Providers United,≤100
661744180680367,National Police Association,"NATIONAL POLICE ASSOCIATION, INC.",≤100
52989768601,Population Connection Action Fund,Population Connection Action Fund,≤100
96171427550,Raja for Congress,FRIENDS OF RAJA FOR CONGRESS,≤100
84280132559,American Legislative Exchange Council,AMERICAN LEGISLATIVE EXCHANGE COUNCIL,≤100
2365214577056673,Wesley Morgan,Clinton W Morgan,≤100
1626952504226671,Tiger Grafx LLC,TIGER GRAFX LLC,≤100
114815188528887,Neighborhood Nurse,Kristina Anne Larsen,≤100
41309865723,Democrats.com,DEMOCRATS.COM,≤100
1196769660363002,Same God Film,"DIGITAL COAST MEDIA, LLC",≤100
109665250456365,The Armed Patriot,Kenneth Micheal Parkerson,≤100
6279167307,Easterseals,Easterseals,≤100
342294162453301,Planned Parenthood,Planned Parenthood Federation of America,≤100
70795936969,Children International,CHILDREN INTERNATIONAL,≤100
324119001078997,"Sanford Heisler Sharp, LLP","Sanford Heisler Sharp, LLP",≤100
1417599265225727,Southwestern Medical Foundation,Collin M Quick,≤100
481717441888024,Mamaroneck Coastal,Mamaroneck Coastal Environment Coalition,≤100
101391906600,Live Action News,Live Action News,≤100
109784800371914,Protect Kids: Fight Flavored E-Cigarettes,TOBACCO-FREE KIDS ACTION FUND,≤100
22561081832,NRA Institute for Legislative Action,National Rifle Association of America,≤100
351310239372,Associated Republicans of Texas,Associated Republicans of Texas,≤100
135865583728025,Dan Palmer,"Palmer Media, LLC",≤100
7474340746,Human Rights First,HUMAN RIGHTS FIRST,≤100
1580844735465499,Mighty Oaks Warrior Programs,Mighty Oaks Foundation,≤100
158088001464352,Selina Vickers,Team Vickers,≤100
342887442508723,Convention of States,Convention of States Action,≤100
7263476274,Mercy Corps,Mercy Corps,≤100
286748854812803,Queen City Fab,Joshua S Highley,≤100
113351505349955,The Christian Broadcasting Network,The Christian Broadcasting Network Inc,≤100
142474049098533,Robert Reich,Inequality Media Civic Action,≤100
145913185948648,"TREE GOAT MEDIA, LLC","Tree Goat Media, LLC",≤100
207833736045744,MHAction.org,Kevin R Borden,≤100
130848666099,Business Forward,Business Forward Inc.,≤100
184731548554164,PL+US,Plus Fund: Paid Leave for the United States,≤100
372701716170134,Sold No More,Samantha C Byard,≤100
108512875350,The Atlas Society,The Atlas Society,≤100
100803134876243,Follow Your Own Star,Cindy None Dao,≤100
387028015007642,Colorado Citizens Coalition,Colorado Citizens Coalition,≤100
6500552187,Hulu,"HULU, LLC",≤100
428821014132730,Katie Porter,Katie Porter For Congress,≤100
211049239087028,Association of Young Americans,Benjamin J Brown,≤100
124626320898336,Catholic Extension,"CATHOLIC CHURCH EXTENSION SOCIETY OF THE UNITED STATES OF AMERICA, THE",≤100
17274984050,Consumer Reports Advocacy,Consumer Reports Inc,≤100
384557995468219,Viral Casez,Viral Casez,≤100
102617961152741,Barbara Bollier,Bollier for Kansas,≤100
222164564466305,Civic Life Project - www.civiclifeproject.org,Dominique Lasseur,≤100
550870465282044,Laramie County Commissioner Gunnar Malm,Gunnar Malm,≤100
1666922183524165,ReThink Energy NJ,ReThink Energy NJ,≤100
153080620724,Donald J. Trump,"DONALD J. TRUMP FOR PRESIDENT, INC.",≤100
110019893736048,Grandpas Against Trump,Richard Carlton Carlton Daley,≤100
107495400882105,"Good Corona, Bad Corona",These ads ran without a disclaimer,≤100
45393753416,Alliance Defending Freedom,Alliance Defending Freedom,≤100
292018201259366,We Raise Foundation,WE RAISE FOUNDATION,≤100
248262725706461,Power The Future,Power The Future Inc,≤100
1799282383731277,TwoSeventy,Alexander Jared Deutsch,≤100
692098794280101,Seth Gruber,Seth David Gruber,≤100
7609325759,Jim McGovern,RE-ELECT MCGOVERN COMMITTEE,≤100
294508332028,Lakota People's Law Project,ROMERO INSTITUTE,≤100
620301151471659,Weak Ends at Bernies,Paul Anthony Goodno,≤100
110944170515015,Pro Life Baby Bracelet,These ads ran without a disclaimer,≤100
143729616392084,Van Drew for Congress,Van Drew for Congress,≤100
160191644025128,Walton Family Foundation,WALTON FAMILY FOUNDATION INC,≤100
1187204584668029,Willes Lee NRA Board of Directors,Willes Lee,≤100
1614345772179172,Greg Gianforte,Greg for Montana,≤100
101784008065542,Commit to Seniors,American Commitment,≤100
237477017606,Club for Growth,Club for Growth,≤100
111849265572469,HelpGood,These ads ran without a disclaimer,≤100
1963573807286825,The Western Way,The Western Way,≤100
103292801078614,Given No Choice: A History of Abortion Rights,Cody Patrick Mcdevitt,≤100
785996468249945,Bite Toothpaste Bits,These ads ran without a disclaimer,≤100
122894447754361,Institute for New Economic Thinking,"INSTITUTE FOR NEW ECONOMIC THINKING, THE",≤100