﻿Page ID,Page Name,Disclaimer,Amount Spent (USD)
153080620724,Donald J. Trump,TRUMP MAKE AMERICA GREAT AGAIN COMMITTEE,3362
7860876103,Joe Biden,BIDEN VICTORY FUND,1397
925007000949719,ExxonMobil,Exxon Mobil Corporation,1371
1771156219840594,Team Trump,TRUMP MAKE AMERICA GREAT AGAIN COMMITTEE,896
6726182861,Mike Pence,TRUMP MAKE AMERICA GREAT AGAIN COMMITTEE,829
202626512363,U.S. Census Bureau,U.S. Census Bureau,535
342294162453301,Planned Parenthood,Planned Parenthood Federation of America,432
2346217618936823,Kendra Horn for Congress,KENDRA HORN FOR CONGRESS,430
747436915270894,Congressional Leadership Fund,CONGRESSIONAL LEADERSHIP FUND,425
116844906527185,OKvote,OK Vote,416
1162286517277297,Canvass America,Canvass America,404
106604134504420,Stephanie Bice Won’t Work For Us,DCCC,373
176789922364429,Steve Daines,STEVE DAINES FOR MONTANA,354
602714436529710,End Citizens United,END CITIZENS UNITED,329
456966364681704,Winning For Women,"WFW ACTION FUND, INC.",317
1096328397070428,Hunger Free Oklahoma,TULSA COMMUNITY FOUNDATION,309
665345483483486,NRA - National Rifle Association of America,NATIONAL RIFLE ASSN OF AMERICA,263
156968474833352,Stop Republicans,Stop Republicans,245
150763151677363,Markwayne Mullin,MULLIN FOR CONGRESS,243
327202261326682,Stephanie Bice,Bice for Congress,228
85452072376,Newsmax,Newsmax Media,216
127755494595870,Progressive Takeover,PROGRESSIVE TAKEOVER,209
1615018905412860,Progressive Turnout Project,PROGRESSIVE TURNOUT PROJECT,200
107081137797631,The Second Essentials,Yoonjoo Park,189
158791100909689,Concerned Veterans for America,Concerned Veterans for America,187
231476914879125,Learn Anywhere Oklahoma,The Oklahoma Supplemental Online Course Program,179
104919517531062,Vote Yes For Fairness,Vote Yes for Fairness,178
114710126648118,Republican Dogs,Republican Dogs,168
165987503528599,Lindsey Graham,"TEAM GRAHAM, INC.",163
288035911228085,Frank Lucas,LUCAS FOR CONGRESS,163
2352630938293825,Mytacticalpromos,Entremax,154
5633824547,FreedomWorks,"FREEDOMWORKS, INC.",153
113668017062690,Citizens For Free Enterprise,Citizens for Free Enterprise,150
791543660926838,"I'll go ahead and keep my guns, Thanks",2A4LIFE LLC,142
92925746942,Judicial Watch,Judicial Watch,140
100137754724934,Trump 2020 Supporters,Proud Right Winger,137
104856814505092,The Kids Guide,The Kids Guide,136
116222966843926,US Concealed,US Concealed,133
96935476345,Democratic Governors Association (DGA),Democratic Governors Association,128
65364914445,Oklahoma Council of Public Affairs,"OKLAHOMA COUNCIL OF PUBLIC AFFAIRS, INC.",119
1061240530648502,Joe Collins,JOE COLLINS FOR CONGRESS,119
338028696036,Yahoo News,Verizon Media Inc,117
328853823844484,Balance of Power,Balance of Power,117
106323360959211,Patriots Republic,Matthew James Stine,116
1374134752633656,New Health Plans,Shop Insurance Plans,112
20787991568,Senate Democrats,DSCC,111
834645469890446,Devin Nunes,DEVIN NUNES CAMPAIGN COMMITTEE,110
717115395103069,PrintedKicks,Printed Kicks,107
140357056032320,NEA Today,National Education Association,106
25852730092,Care2,Care2 Inc,105
1883837055193241,Shield Republic,Shield Republic,102
105577974544303,The USA Needs More Patriots,AmeriPolling,102
109379100777665,Patriotism Isn't Dead,Patriot Polling,≤100
278490715553293,Martha McSally,MCSALLY FOR SENATE INC,≤100
100391581727524,Defeat By Tweet,DEFEAT BY TWEET,≤100
105756057589080,The Lincoln Project,The Lincoln Project,≤100
259130650776119,Mitch McConnell,MCCONNELL SENATE COMMITTEE,≤100
107210084216238,Humanity Forward,Humanity Forward,≤100
1635441679872518,Kimberly Klacik,Kim Klacik for Congress,≤100
239866352781313,Tom Cole,COLE FOR CONGRESS,≤100
327837911149503,2A4Life,2A4LIFE LLC,≤100
9324910069,NRSC,NRSC,≤100
305832706292882,American Gun Association,GunAssociation.org,≤100
7455579958,Oklahoma Hall of Fame at the Gaylord-Pickens Museum,The Oklahoma Hall of Fame,≤100
160596130662670,Tulsa Health Department,Tulsa Health Department,≤100
598924810530984,Keeping America Great,FamTeeWorld,≤100
105577974544303,The USA Needs More Patriots,Anthony Alexander Morales,≤100
2267285956849056,Donald Trump 2020 Fans,I Love My Freedom,≤100
51405613519,Focus on the Family,Focus on the Family,≤100
117503270075188,Bice Has Failed Us,DCCC,≤100
108182477657777,Georgia United Victory,Georgia United Victory,≤100
24413227922,Kamala Harris,BIDEN VICTORY FUND,≤100
2353537341582545,Proud Patriots,Proud Patriots,≤100
560140464159364,Stand for the 2nd Amendment,SFT2 Tactical Supply,≤100
168051710543266,Lacy Johnson,Lacy Johnson for Congress,≤100
314499212242,Pfizer,Pfizer Inc.,≤100
128191957875317,Cooking With Hope,Soyoung Cho,≤100
103597604713894,Team Trump Store,TRUMP MAKE AMERICA GREAT AGAIN COMMITTEE,≤100
6204742571,Sierra Club,SIERRA CLUB,≤100
159964696102,Kevin McCarthy,KEVIN MCCARTHY FOR CONGRESS,≤100
1163921807008864,MINT & LILY,Mint&Lily,≤100
1419388578092947,Anna Paulina Luna,ANNA PAULINA LUNA FOR CONGRESS,≤100
20395377020,Old Navy,Old Navy LLC,≤100
461204744067686,Family Protection Association,Family Protection Association,≤100
101165966152,AFL-CIO,AFL-CIO,≤100
596556607135301,The Earthling Co.,The Earthling Co.,≤100
5435784683,Greenpeace USA,"GREENPEACE, INC.",≤100
101788168307680,Pause Politics,FreedomWorks Foundation,≤100
1109093812491437,Blaze Media,Blaze Media LLC,≤100
490374428003966,Oklahomans For Energy Options,Oklahomans For Energy Options,≤100
108109934203874,Insta Shop Boutique,Insta Shop Boutique,≤100
106663044307859,Mike Sievert,"T-MOBILE USA, INC.",≤100
8501031021,VoteVets.org,VOTEVETS,≤100
106244251043808,Reuse Plastics,"AMERICAN CHEMISTRY COUNCIL, INC.",≤100
322551718276442,Lemons Are Blue,Lockwell LLC,≤100
530604487365010,Old Glory Flagpole Kits,Service First,≤100
328072970642479,Jaime Harrison,JAIME HARRISON FOR US SENATE,≤100
108118933908193,Next Level Goods,Next Level Goods LLC,≤100
127225910653607,PragerU,PragerU,≤100
100256754899828,Patriot's Cave,Patriots Cave,≤100
101279451606075,Democratic Strategy Institute,Democratic Strategy Institute,≤100
203197030603239,8 Billion Trees,8 Billion Trees,≤100
242077219243971,The Presidential Coalition,The Presidential Coalition,≤100
106973694007283,Keep America Great Again,KagaGear.com,≤100
919317284843831,Karen Keith,KAREN KEITH CAMPAIGN FUND,≤100
15524934075,Banana Republic,Banana Republic,≤100
872842866161157,One Nation Design,One Nation Design,≤100
103449708166331,Stand Up For The Second Amendment,Kirsten May Siosan Andrade,≤100
30139072158,CARE,CARE,≤100
892673067526965,Project War Path,Project War Path,≤100
95356211637,Ben Ferguson,Ben Ferguson show,≤100
382724835246339,"OKC Fraternal Order of Police, Lodge 123","Oklahoma City Fraternal Order of Police, Lodge 123",≤100
44660013720,CAIR Oklahoma,Adam Mehdi Soltani,≤100
2330577043935831,Sara Gideon,SARA GIDEON FOR MAINE,≤100
737686089933715,Conservative Collections,Mainline Media Group,≤100
60449667441,Family Research Council,FAMILY RESEARCH COUNCIL,≤100
195530355493,Chicks On The Right,Chicks on the Right,≤100
21455818797,Feed the Children,"FEED THE CHILDREN, INC.",≤100
7263476274,Mercy Corps,Mercy Corps,≤100
8550121410,Free Speech America Project,MEDIA RESEARCH CENTER,≤100
433919203362871,Bird + Stone,BIRD & STONE INC,≤100
357750373755,National Domestic Workers Alliance,National Domestic Workers Alliance,≤100
106667854471975,Outspoken,Log Cabin Republicans,≤100
241621170478899,The Purpose of Allegiance,Harrison T Chung,≤100
102745147891580,Trump Coolers,Eric Clifford Juels,≤100
45393753416,Alliance Defending Freedom,Alliance Defending Freedom,≤100
42002969352,Center on Budget and Policy Priorities,Center on Budget and Policy Priorities,≤100
165350426309,Goodwill Industries of Tulsa,"GOODWILL INDUSTRIES TULSA, INC.",≤100
108557097612242,Vote By Mail PAC,Vote By Mail PAC,≤100
8325302025,Friends of the Earth U.S.,Friends of the Earth,≤100
355316521236121,John Cornyn,TEXANS FOR SENATOR JOHN CORNYN INC.,≤100
100233228182981,Madison Cawthorn for Congress,CAWTHORN FOR NC,≤100
46093654473,National Republican Congressional Committee,NRCC,≤100
1668350569891953,Rainbow Movement,William James Ulrich,≤100
934438026690635,YouGov,YOUGOV AMERICA INC.,≤100
103012967799090,Kojo for Congress,FRIENDS OF KOJO ASAMOA-CAESAR,≤100
215199482635728,Alek Skarlatos,ALEK FOR OREGON,≤100
2037695643113766,Blexit,Blexit Foundation,≤100
7292655492,MoveOn,MOVEON.ORG POLITICAL ACTION,≤100
102786584878552,Committed for Freedom,Harrison T Chung,≤100
593289284500311,Trump Rack,BOXD Marketing,≤100
8934429638,Planned Parenthood Action,Planned Parenthood Action Fund,≤100
165427147465098,Oklahoma Rural Association,"Oklahoma Rural Association, LLC",≤100
102907481554004,Standing Strong As One,Claire Wang,≤100
7814597100,Jim Jordan for Congress,JIM JORDAN FOR CONGRESS,≤100
113666459994300,Big Dan Rodimer for Congress,RODIMER FOR CONGRESS,≤100
7833534974,Florida Democratic Party,Florida Democratic Party,≤100
169294473121454,Policetees.com,PoliceTees.com,≤100
839110726214614,Realtors,NATIONAL ASSOCIATION OF REALTORS,≤100
213792049451918,Stand For America,Stand For America Inc,≤100
370656736880078,Jo Anna Dossett,Jo Anna Dossett,≤100
223008867858902,American Action News,American Action News,≤100
788394134539871,USPS Business,United States Postal Service,≤100
405469100189512,Still My President - Donald Trump,Red State Politics LLC,≤100
103911824657671,Health Insurance,Michael Melen,≤100
420785874975425,Conservative Institute,The Conservative Institute,≤100
428821014132730,Katie Porter,Katie Porter For Congress,≤100
33713453361,Amazon Prime Video,Amazon Prime Video,≤100
104614641200137,MeidasTouch,MEIDASTOUCH,≤100
193618220508,LIFE Today,LIFE Outreach International,≤100
76625396025,CDC,U.S. Centers for Disease Control and Prevention with Facebook Ad Credits,≤100
105269984593079,The Way I See It,Focus Features,≤100
1809078699219595,Fat Tire,"NEW BELGIUM BREWING COMPANY, INC.",≤100
1556932204325823,ProgressPop,ProgressPop,≤100
132492254050920,American AF,AAF Nation,≤100
126694924050678,Xavier Becerra,Becerra for Attorney General 2022,≤100
977704775606273,Balls Deep Tackle,Balls Deep Tackle,≤100
114646533630729,Yes. Every Kid.,"yes. every kid, Inc.",≤100
101058218380143,Hold Cops Accountable,People Power Initiatives,≤100
530604487365010,Old Glory Flagpole Kits,Service First Flag Poles,≤100
97493741436,John W. Hickenlooper,HICKENLOOPER FOR COLORADO,≤100
27544763621,Prison Fellowship,Prison Fellowship,≤100
309798029121030,Everytown for Gun Safety,Everytown for Gun Safety Action Fund Inc,≤100
105084617912738,PatriotQuizzes,patriotquizzes.com,≤100
57259033959,AARP,AARP,≤100
350523542184,Trust Women,Trust Women,≤100
90022052772,Williams,"WILLIAMS COMPANIES, INC., THE",≤100
152068302046,Oklahoma Second Amendment Association,Oklahoma Second Amendment Association,≤100
102671331487937,I Love My Freedom Store,I Love My Freedom,≤100
16477459734,League of Conservation Voters,"LEAGUE OF CONSERVATION VOTERS, INC",≤100
102875587947942,Keep Trump In Office,Keep Trump In Office,≤100
277005566267077,Blueland,Blueland,≤100
116238930177726,Artsiful,Brad Aaron Shaw,≤100
1530883997194411,United States Constitution,Flag and Cross,≤100
104934207736995,Paycheck to Paycheck,Center for American Progress Action Fund,≤100
129255907131113,NumbersUSA,NUMBERSUSA EDUCATION AND RESEARCH FOUNDATION,≤100
19192438096,AAAS - The American Association for the Advancement of Science,American Association for the Advancement of Science,≤100
24330467048,Americans for Prosperity,AMERICANS FOR PROSPERITY,≤100
111393882812494,Amy McGrath,"AMY MCGRATH FOR SENATE, INC.",≤100
101075798356272,ReOpen America Now,Command Center Holdings LLC,≤100
21559454473,FAIR,FEDERATION FOR AMERICAN IMMIGRATION REFORM,≤100
228754857151053,House Majority PAC,House Majority PAC,≤100
100697751658498,Stronger.org,The Public Good Projects,≤100
163148530407080,Captain Mark Kelly,MARK KELLY FOR SENATE,≤100
114857913678674,Helping Hands,Harrison T Chung,≤100
167586229923327,World Food Program USA,World Food Program USA,≤100
219612384781411,Bloomberg Philanthropies,Bloomberg Philanthropies,≤100
101769576791,Health Action Network,Health Action Network,≤100
23875187730,Feeding America,Feeding America,≤100
1316372698453411,Alexandria Ocasio-Cortez,Alexandria Ocasio-Cortez for Congress,≤100
345378512258813,Elise Stefanik,ELISE FOR CONGRESS,≤100
393932827634250,Dissent Pins,Common Practice,≤100
49651563727,Live Action,Live Action,≤100
272746056173834,National Voter Registration Day,NONPROFIT VOTE,≤100
166618413413767,Jay Sekulow,American Center for Law and Justice,≤100
702582586516561,CBN Israel,"The Christian Broadcasting Network, Inc.",≤100
971668776283950,PolicyEd,Hoover Institution,≤100
11653741889,Ad Council,Ad Council with Facebook Ad Credits,≤100
2045063472456560,Institute for Responsible Alcohol Policy,Institute for Responsible Alcohol Policy,≤100
1799282383731277,TwoSeventy,Alexander Jared Deutsch,≤100
376776419037747,Turning Point USA,Turning Point USA,≤100
102137374563260,Confide in American Pride,John Allen Franson,≤100
113062576998849,PREVENTS,These ads ran without a disclaimer,≤100
123963360928,SiriusXM,SIRIUS XM RADIO INC.,≤100
110010433804232,Falkirk Center,Falkirk Center,≤100
18813753280,Human Rights Campaign,"HUMAN RIGHTS CAMPAIGN, INC",≤100
1449461518652183,4Patriots,4Patriots LLC,≤100
1836138529938551,Greater Half,Greater Half,≤100
373814729643508,Let America Vote,LET AMERICA VOTE PAC,≤100
2309566456030859,Human Coalition Action,Human Coalition Action,≤100
102212541306207,Self-Employed Health Insurance,GROW with MKG LLC,≤100
107589664099282,Stand Up To China,"Stand Up To China, Inc.",≤100
106224464107240,Jo Jorgensen,Jo Jorgensen for President,≤100
42872222699,Dana Loesch,Dana Loesch Radio,≤100
309308412520731,Sandy Hook Promise,Sandy Hook Promise,≤100
585942765164217,Elect Democratic Women,ELECT DEMOCRATIC WOMEN,≤100
108029674299216,We The People,We The People,≤100
197760674021143,Indivisible Guide,INDIVISIBLE ACTION,≤100
263210730984251,We Are Great Again Pac,WE ARE GREAT AGAIN PAC,≤100
72186095846,Center For American Progress Action Fund,Center for American Progress Action Fund,≤100
112420993589373,Young and Old for America,Andrew Joseph Young,≤100
329488467814022,Nvad3,These ads ran without a disclaimer,≤100
38235851310,USA for UNHCR,UNITED STATES ASSOCIATION FOR UNHCR,≤100
107654924064350,Pat Timmons-Goodson,PATRICIA TIMMONS-GOODSON FOR CONGRESS,≤100
169130743498585,Tactical Pro Supply,Chad Keller,≤100
142722062406346,Rob Standridge for Oklahoma State Senate,Standridge for Senate,≤100
6333396177,NewsBusters.org,MEDIA RESEARCH CENTER,≤100
10150100007820094,Wendy Davis,WENDY DAVIS FOR CONGRESS,≤100
108273884315449,Real American Patriot,Gold Sky Ventures LLC,≤100
103644036958,United Association,United Association Political Education Committee,≤100
101127364972509,Dems For USA,Dems For USA,≤100
205395906412,UAW International Union,"INTERNATIONAL UNION, UNITED AUTOMOBILE, AEROSPACE AND AGRICULTURAL IMPLEMENT WORKERS OF AM",≤100
293225127381200,Patriot Depot,The Patriot Depot,≤100
926650430723985,Really American,REALLY AMERICAN PAC,≤100
54684090291,Partnership to End Addiction,The National Center on Addiction and Substance Abuse with Facebook ad credits,≤100
107591317737915,Prepared Americans,Kin Ngai Yeung,≤100
15687409793,World Wildlife Fund,World Wildlife Fund,≤100
605168822998856,314 Action,314 ACTION FUND,≤100
20876805343,March of Dimes,MARCH OF DIMES INC.,≤100
8047221596,Save the Children US,"SAVE THE CHILDREN FEDERATION, INC.",≤100
96935476345,Democratic Governors Association (DGA),DEMOCRATIC ACTION,≤100
102456201600262,Proud Patriot People,Seanross Michael Holcomb,≤100
257019421075897,Cory Gardner,Cory Gardner for Senate,≤100
1336293769761923,Jon Ossoff,JON OSSOFF FOR SENATE,≤100
1439829396312534,The Movement for Black Lives,Movement for Black Lives,≤100
163302087408673,Stop The Donald,Stop the Donald,≤100
109984394118472,Mask Exemption Cards,Mask Exemption Cards,≤100
1136781033034012,Brave New Look,Brave New Look,≤100
200650357207240,I Love My Freedom,I Love My Freedom,≤100
513695272011123,The Genesis Prize,GPF NA LLC,≤100
628891490457484,Nancy Mace,Nancy Mace for Congress,≤100
109709397469494,Dignity Unbound,Dignity Unbound,≤100
1025055787535714,A Case for Women,A Case for Women,≤100
104550824646928,2nd Amendment USA,Amundson Media LLC,≤100
111417740344668,Austin Gipson-Black for State House,Gipson-Black for House 2020,≤100
181183059253295,Dorsal Bracelets,Dorsal Bracelets,≤100
123651254408327,Sokolove Law,"Sokolove Law, LLC",≤100
108834660952162,Liberty Strong,Jae W Seo,≤100
96171427550,Raja for Congress,FRIENDS OF RAJA FOR CONGRESS,≤100
11006419356,The Voice of the Martyrs - USA,"VOICE OF THE MARTYRS, INC., THE",≤100
107735714257751,Jerry Donathan for State Senate,Donathan for Senate 2020,≤100
5720973755,Defenders of Wildlife,DEFENDERS OF WILDLIFE,≤100
103185334702225,Stop Trump PAC,STOP 45 PAC,≤100
356482637745012,Stansberry Research,Stansberry Research,≤100
1013304945470529,My Pride Apparel,My Pride Apparel,≤100
400550130025394,Joybird,These ads ran without a disclaimer,≤100
305643856459460,Burgess Owens,Burgess 4 Utah,≤100
6240652407,Young America's Foundation,YOUNG AMERICA'S FOUNDATION INC,≤100
227764782729,AMERICAN - STRONG!,American Strong LLC,≤100
430071127185303,Dave Rader for State Senate,Friends of Dave Rader 2020,≤100
10423517786,Harvard Business Review,HARVARD BUSINESS SCHOOL PUBLISHING CORPORATION,≤100
108733284000016,Oklahoma Families for Affordable Health Care,Oklahoma Families for Affordable Health Care,≤100
30708742052,FCTRY,FCTRY,≤100
43287633515,Alliance for Climate Education,Alliance for Climate Education,≤100
6231686654,Compassion International,"COMPASSION INTERNATIONAL, INCORPORATED",≤100
18982436812,ACLU,American Civil Liberties Union,≤100
124878890872305,Choctaw Nation of Oklahoma,Choctaw Nation of Oklahoma,≤100
118303441570966,Home Ownership Matters,NATIONAL ASSOCIATION OF REALTORS,≤100
15239367801,The Wilderness Society,"WILDERNESS SOCIETY, THE",≤100
83290028957,Care Net,CARE NET,≤100
109092142462587,Adam Schiff,SCHIFF FOR CONGRESS,≤100
44255328352,Farm Forward,Farm Forward,≤100
683872625157265,Theresa Greenfield,THERESA GREENFIELD FOR IOWA,≤100
679171239164792,Supermajority,Supermajority,≤100
209516845093,NRDC Action Fund,NRDC Action Fund,≤100
746938465317981,Nuclear Matters,Nuclear Matters,≤100
629732217415068,Republican Party,Greater Half,≤100
10498053716,Media Research Center,MEDIA RESEARCH CENTER,≤100
110962313941403,Vote from Home 2020,PEOPLE FOR GOVERNMENT PAC,≤100
115947949854417,Pine Ridge Hope,Andrew Kenyon Davies,≤100
102707767976896,Liberty Patriots USA,"Gentry Hardy Holdings, LP",≤100
911828698840246,ReLEntless Defender Apparel,ReLEntless Defender Apparel,≤100
8524198486,Physicians Committee for Responsible Medicine,"PHYSICIANS COMMITTEE FOR RESPONSIBLE MEDICINE, INC.",≤100
117437204982602,American Wild Horse Campaign,American Wild Horse Campaign,≤100
6316744206,Jon Tester,MONTANANS FOR TESTER,≤100
106949844346620,Trumpian Republicans,Gregory Lawrence Burright,≤100
2012750189007245,Liquid Death Mountain Water,Liquid Death,≤100
210333902420876,Sean Parnell,AMERICANS FOR PARNELL COMMITTEE,≤100
46347342434,EMILY's List,EMILY'S LIST,≤100
384557995468219,Viral Casez,Viral Casez,≤100
830121337093232,National Democratic Training Committee,NATIONAL DEMOCRATIC TRAINING COMMITTEE PAC,≤100
192771954102960,Jordan Sekulow,American Center for Law and Justice,≤100
11791104453,NRDC,Natural Resources Defense Council,≤100
109111900634787,Reverend Raphael Warnock,WARNOCK FOR GEORGIA,≤100
156268994819596,Marc J. Bern & Partners LLP,Marc J. Bern & Partners LLP,≤100
1600352356914768,PushBlack,PushBlack,≤100
526816887691591,NO New Oklahoma TAXES,"No New Oklahoma Taxes, Inc.",≤100
6820348410,Kirsten Gillibrand,Off the Sidelines,≤100
1268410219898273,Tango Tango,Tango Tango Inc,≤100
395511077198384,Senator Rob Standridge,Robert Mathew Standridge,≤100
242707609075288,Riley County Democratic Party,Riley County Democratic Central Committee,≤100
1055873511190792,Hello Resistance,Hello Resistance Apparel,≤100
51761261956,The Bill of Rights Institute,"BILL OF RIGHTS INSTITUTE, THE",≤100
1925751504337881,MJ Hegar,MJ FOR TEXAS,≤100
277414242013,Joyce Elliott for Congress,JOYCE ELLIOTT FOR CONGRESS,≤100
105536127617594,The American Digest,The American Digest,≤100
331037760381749,Sierra Magazine,SIERRA CLUB,≤100
1088950287806118,Climate Hustle 2,CFACT,≤100
1678852575688382,Meloyde Blancett,Friends of Meloyde Blancett,≤100
350784278974539,Turning Point Action,Turning Point Action,≤100
493811210669780,Creative Action Network,Creative Action Network,≤100
6236054211,Brady,Brady Campaign to Prevent Gun Violence,≤100
128716440866482,Adam Milstein,Adam Milstein,≤100
102592959026,Ocean Conservancy,"OCEAN CONSERVANCY, INC.",≤100
242679302418244,Denison Forum,Denison Ministries,≤100
101894128312659,My President,wowengraving,≤100
115209826981358,Families Surviving Catastrophe,Henry George Hansen,≤100
130467958471,Jason Lewis,Jason Lewis for Senate,≤100
1545826148838592,Trump 2020,Gregory Lawrence Burright,≤100
429812024048177,Doug Jones for Senate,DOUG JONES FOR SENATE COMMITTEE,≤100
107529267737819,Steady Patriot Hands,Hanson Han Xu,≤100
1204754733024419,People's Power Grab,ACRONYM,≤100
443329669123990,USAFacts,USAFacts Institute,≤100
8473889271,National Parks Conservation Association,National Parks Conservation Association,≤100
30914589895,The International Fellowship of Christians and Jews,"INTERNATIONAL FELLOWSHIP OF CHRISTIANS & JEWS, INC.",≤100
103026384819654,How to Vote,ACRONYM,≤100
21375324480,The Heritage Foundation,HERITAGE FOUNDATION (THE),≤100
118502801658228,Young Kim,Young Kim for Congress,≤100
105433064492153,The Return 2020,The Return International,≤100
105145707971929,Florida Votes,TECH FOR CAMPAIGNS,≤100
112973743503693,Vote Walker 2020,Walker For County Commissioner 2020,≤100
456244124886097,FactSpread.org,factspread,≤100
291102898490822,Giant Maga Hat,Inventors club LLC,≤100
203805062990264,Ben Shapiro,The Daily Wire,≤100
655065784538368,PredictIt,"PredictIt - Prediction Markets. A project of Victoria University of Wellington, PredictIt has been established to facilitate research into the way markets forecast events.",≤100
367292494407,AJC - American Jewish Committee,AMERICAN JEWISH COMMITTEE,≤100
1520483958208446,Seeger Weiss LLP,SEEGER WEISS LLP,≤100
27311599342,Preemptive Love,Preemptive Love Coalition,≤100
376638603087168,Save The Earth,8 Billion Trees,≤100
112488757165613,Blue Line Stockpile,Blueline Stockpile,≤100
894096170667732,Ashley Hinson,Ashley Hinson For Congress,≤100
107315591003146,Healthier Lifestyle,Katie Yazhen Gao,≤100
118269091671380,The Home T,THE HOME T,≤100
102564128179023,Truth to Power,TRUTH TO POWER,≤100
260754507296508,The Voter Participation Center,Voter Participation Center,≤100
35169196082,Project HOPE,"PROJECT HOPE-THE PEOPLE-TO-PEOPLE HEALTH FOUNDATION, INC.",≤100
218020061613734,UBS,UBS Financial Services Inc.,≤100
336470580233523,Pins and Aces Golf Co.,US Craft Brands LLC,≤100
248181906078243,National Institute for Civil Discourse,CommonSense American,≤100
102846434825096,Beat Abbott,Beat Abbott PAC,≤100
104027944769027,Proud Patriot Shop,Georgia Rose Benoit,≤100
103034718068007,Pigeon Poolitics,Sassan Yousefi,≤100
118916718118531,Feeding America West Michigan,FEEDING AMERICA WEST MICHIGAN,≤100
160630887998827,Let Them Live,Let Them Live,≤100
79125112926,Students for Life of America,"STUDENTS FOR LIFE OF AMERICA, INC.",≤100
36474716066,Color Of Change,ColorofChange.org,≤100
108641837323970,Emilie Tindle for House District 11,Emilie Tindle for Oklahoma 2020,≤100
342887442508723,Convention of States,Convention of States Action,≤100
537534316395916,Students for Trump,Turning Point Action,≤100
92368229508,Community Food Bank of Eastern Oklahoma,Community Food Bank of Eastern Oklahoma,≤100
107992724140411,George Burns for State Senate 2020,George H Burns 2020,≤100
111428049989,Cal Cunningham,CAL FOR NC,≤100
514167322309353,Dan Crenshaw,Crenshaw For Congress,≤100
407664862957433,Ammar Campa-Najjar for Congress,AMMAR CAMPA-NAJJAR FOR CONGRESS,≤100
108512875350,The Atlas Society,The Atlas Society,≤100
105157841248307,No Filter Politics,No Filter Politics,≤100
129523843754764,Vote Smart,PROJECT VOTE SMART,≤100
104504438466,Federal Voting Assistance Program - FVAP,Federal Voting Assistance Program,≤100
103373224404755,Impact Slates,COLLECTIVE IMPACT PAC,≤100
105732744375701,Steve Bullock,MONTANANS FOR BULLOCK,≤100
102180301437619,2020 American Defense Fund,C3 PAC,≤100
217976018236954,OutKick,Outkick Media LLC,≤100
73016054191,Regional Food Bank of Oklahoma,"REGIONAL FOOD BANK OF OKLAHOMA, INC.",≤100
116546288359245,Heritage Action for America,HERITAGE ACTION FOR AMERICA,≤100
6713653788,Gary Peters,PETERS FOR MICHIGAN,≤100
107483911082907,Trump Footballs,"Local Guys Marketing, LLC",≤100
12683623041,Society for Human Resource Management (SHRM),SOCIETY FOR HUMAN RESOURCE MANAGEMENT,≤100
6787988478,Physicians for Human Rights,"PHYSICIANS FOR HUMAN RIGHTS, INC.",≤100
357554791340788,Liker,Omar Rivero,≤100
102112121615949,Relentless Pursuit,Lambert Chan,≤100
2225580284361712,Tommy Tuberville,"TUBERVILLE FOR SENATE, INC.",≤100
169277310432049,"Texas Precision Optics, Inc.",Texas Precision Optics Inc,≤100
267180743723148,National Geographic Society,National Geographic Society,≤100
419237048158257,Susan Collins,COLLINS FOR SENATOR,≤100
113351505349955,The Christian Broadcasting Network,The Christian Broadcasting Network Inc,≤100
296708523873754,Karla Dennis and Associates Inc.,"Karla Dennis & Associates, Inc",≤100
255208337943901,Jobs Growth,"JOBS FREEDOM AND SECURITY PAC, Not authorized by any candidate or candidate’s committee.",≤100
153678684700451,American Investment Council,AMERICAN INVESTMENT COUNCIL,≤100
160513344045084,John Neely Kennedy,"John Kennedy for Us, Inc",≤100
2264090133834042,Invite Research,Precision Network,≤100
117412780444,PP Great Plains Votes,Planned Parenthood Great Plains Votes,≤100
38471053686,Elizabeth Warren,"WARREN DEMOCRATS, INC.",≤100
112334757233941,Right to Telehealth,Jeremy Joseph Schaller,≤100
166738743732702,All Above All Action,All Above All Action Fund,≤100
398757490729,The National Network to End Domestic Violence,"NATIONAL NETWORK TO END DOMESTIC VIOLENCE, INC.",≤100
128167457221813,Public Transportation,Voices for Public Transit,≤100
108797534098691,Keep Gifts Great,Adrian Choi Conger,≤100
169597416843751,Stand Up America,Stand Up America,≤100
408250066356,Bill O'Reilly,"Bill Me, Inc.",≤100
592707041080920,Stand Together,Stand Together Chamber of Commerce Inc.,≤100
101724361319410,Ronny Jackson for U.S. Congress TX-13,Texans for Ronny Jackson,≤100
110439270638992,NE1else,Time Management LLc,≤100
467804929927622,Jason Smith,JASON SMITH FOR CONGRESS,≤100
121067011091,Arab American Institute,Arab American Institute with Facebook Ad Credits,≤100
259212814698356,Democratic Majority for Israel,DMFI PAC,≤100
115617711783870,Center for Union Facts,CENTER FOR UNION FACTS,≤100
90498769709,Edenpure,EdenPURE®,≤100
109866370700481,PushBlack Finance,PushBlack,≤100
465483726908192,iVote,IVote Civic Education Fund,≤100
117641114435,First Aid Beauty,First Aid Beauty,≤100
103315378108004,True Patriot Strength,LE-HUU DONG HUYNH,≤100
675471506247724,Adair for Congress,ADAIR FOR CONGRESS,≤100
151525932186806,When Democrats Turn Out,WHEN DEMOCRATS TURN OUT PAC,≤100
17203056985,Partners In Health,Partners In Health,≤100
419992651425033,Guardianes del Pueblo-Consumer Law Group,Consumer Law Group,≤100
348839551906904,Democracy in Color,POWERPAC DOT ORG,≤100
253791814655400,Doug Collins,"COLLINS FOR SENATE, INC.",≤100
83673249645,Planned Parenthood Great Plains,Planned Parenthood Great Plains,≤100
34362997676,United States Holocaust Memorial Museum,UNITED STATES HOLOCAUST MEMORIAL MUSEUM,≤100
32975139631,If Americans Knew,If Americans Knew,≤100
623339164538852,National Security Action,Nationalsecurityaction.org,≤100
1447994318779650,AirMedCare Network,AIrMedCare Network,≤100
110422117441268,Relentless Loyalty,Carlos None Leon Trejo,≤100
111499100431,National Association for Gun Rights,NATIONAL ASSOCIATION FOR GUN RIGHTS INC,≤100
292351509697,Jerusalem Prayer Team,Jerusalem Prayer Team,≤100
101827381636940,Patriots 101,Lambert Chan,≤100
101464921262312,Alaina for Congress 2020,Alaina Shearer for Congress,≤100
114079447086256,Never Not Ready Preppers,These ads ran without a disclaimer,≤100
1084856268238034,Trump Talking,Roberto None Lugo,≤100
2309566456030859,Human Coalition Action,PRO-LIFE TEXANS A HUMAN COALITION ACTION PAC,≤100
2068988876444634,Stand Up for Accurate Prenatal Answers,STAND UP FOR ACCURATE PRENATAL ANSWERS INC,≤100
101164484986617,To Be Frank Show,Real News PR,≤100
282728185140429,Rep For Vets,The Rep For Vets,≤100
119165929474477,Danyell for Congress,DANYELL LANIER FOR CONGRESS,≤100
953113491536337,Black to the Future Action Fund,Black to the Future Action Fund,≤100
181385265351965,Mosaic Magazine,Mosaic,≤100
223055747744143,Beto O'Rourke,Powered By People,≤100
353484312006076,Shad Hagan- Criminal Justice Reform and Finding Solutions,Shadhagan.org,≤100
17911165812,Covenant House International,Covenant House,≤100
394817334402124,2020 Trump Bill,Innovative Ecomm LLC,≤100
236369846383459,Congressional Black Caucus PAC,Congressional Black Caucus PAC,≤100
455147011996099,The Ann and Phelim Scoop,The Unreported Story Society,≤100
1977738355807406,Sharice For Congress,SHARICE FOR CONGRESS,≤100
135298176481584,Marine Corps Scholarship Foundation,Marine Corps Scholarship Foundation,≤100
112735922758892,Charlie Kirk,Charlie Kirk,≤100
2256321067930356,Liberteeclub,libertyteeshop,≤100
23790541544,Democrats,DCCC,≤100
370055416386850,OAEC - Oklahoma Association of Electric Cooperatives,Oklahoma Association of Electric Cooperatives,≤100
496696933682736,Jeff Merkley,JEFF MERKLEY FOR OREGON,≤100
431099560800970,Front Page Live,"Front Page Live, Inc.",≤100
101591551371555,Fire Mitch. Save America.,SAVE AMERICA FUND,≤100
103834811386284,Red Elephant Apparel,DESTROYER PROMOTIONAL PRODUCTS LLC,≤100
176466646087311,DC Fawcett,Donald Chappell Fawcett,≤100
111324359048459,Dr. Roger Marshall,KANSANS FOR MARSHALL,≤100
656263988182462,Bill Hagerty,TEAM HAGERTY,≤100
107226350977260,Rookie,Mark Anthony Russell,≤100
110964673629130,Kyle Meraz for Oklahoma House of Representatives District 64,KYLE MERAZ FOR DISTRICT 64 2020,≤100
325578590837480,Protect Our Care,Sixteen Thirty Fund,≤100
312208869424760,Field Team 6,Cory Cambridge Alpert,≤100
102617961152741,Barbara Bollier,BOLLIER FOR KANSAS,≤100
162493793737,Rick Green,Richard Arlin Green,≤100
126096064096536,David Wheeler,Elect Dave Wheeler,≤100
103983379801,Texas Democratic Party,SUPER STATES 2020,≤100
107665644228467,Conservative Journal Review,Conservative Journal Review LLC,≤100
661744180680367,National Police Association,"NATIONAL POLICE ASSOCIATION, INC.",≤100
100552925014483,Susan Carle Young For House District 23,Friends of Susan Carle Young,≤100
360303722260,Kathleen Williams,KATHLEEN WILLIAMS FOR MONTANA,≤100
215642455673147,Build the Wave,BUILD THE WAVE,≤100
1344753008968781,Birds Aren't Real,Birds Aren't Real,≤100
114386721939978,The Made in America Store,Made In America Store,≤100
152264148166020,Moms Clean Air Force,Moms Clean Air Force,≤100
216709768355686,Dinesh D'Souza,America2020 Film LLC,≤100
1393911800825140,OZY,OZY Media Inc,≤100
105995741220700,Patriots United,Le Huu Dong Huynh,≤100
2146201085498440,Tony Gonzales,Tony Gonzales for Congress,≤100
1894861050838592,Oklahomans For Trump,Joshua David Wagoner,≤100
405355946226766,Todd Young,"FRIENDS OF TODD YOUNG, INC.",≤100
142992759853421,Be A Hero,BE A HERO PAC,≤100
143089732792,Marsha Blackburn,Blackburn Tennessee Victory Fund,≤100
109186244232765,The Liberty Club,Cindy None Dao,≤100
1841824626073676,Candace Valenzuela for Congress,CANDACE FOR 24,≤100
100123544800892,Disme Coin Company,Byron Michael Laughlin,≤100
129278807814364,Women of Welcome,Welcome.,≤100
1452551204988299,GoReact,Speakworks Inc,≤100
8492293163,Environmental Defense Fund,Environmental Defense Fund,≤100
260713150211,Protect Our Winters,Protect Our Winters,≤100
808450969246896,"Rebecca Walser, Tax Attorney, CFP",Walser Wealth Management,≤100
931907200310657,Patients Rising Now,Patients Rising Now Inc,≤100
18709174006,National Audubon Society,"NATIONAL AUDUBON SOCIETY, INC.",≤100
1934191280189700,Health Care Voter,Health Care Voter,≤100
7962229886,Environmental Working Group,ENVIRONMENTAL WORKING GROUP,≤100
1690071827911682,Cleancult,cleancult,≤100
103144548151014,Adrian Perkins,Perkins for LA,≤100
199301850444484,Representative Jacob Rosecrants,Jacob Rosecrants for HD 46,≤100
7219151423,The Fund for American Studies (TFAS),The Fund for American Studies,≤100
566008736785269,Be Heard Project,Be Heard Project,≤100
1681120172099567,Libertarian Candidates,Ryan Allen Raymond,≤100
680894095682539,Cowboy Life,"Nine Ranch Enterprises, LLC",≤100
143729616392084,Van Drew for Congress,Van Drew for Congress,≤100
1708467695859543,Veteran Transition Mission,Sonia Ivelisse Barriera Ayala,≤100
123624513983,The Western Journal,The Western Journal,≤100
810122486032496,Jackie Gordon,JACKIE GORDON FOR CONGRESS,≤100
511833966305911,Holland for Cherokee County Sheriff,Jackie Lynn Holland,≤100
1945837408977507,Michael Moates,-MICHAEL STEVEN MOATES,≤100
113990137096505,Ignite Liberty OKC,Anthony Lee Robertson,≤100
309798029121030,Everytown for Gun Safety,EVERYTOWN FOR GUN SAFETY VICTORY FUND,≤100
137459917707,The Brookings Institution,The Brookings Institution,≤100
201248453800242,My Pay My Say,Mackinac Center for Public Policy,≤100
111010037099991,Mauree Turner for HD 88,Mauree For House District 88,≤100
710669049286394,Woo the People,Khosro David Illulian,≤100
101136147910784,Represent Justice,Represent Justice,≤100
207549645977714,Families Belong Together,Families Belong Together,≤100
96491683438,"The Friends of Israel Gospel Ministry, Inc.","FRIENDS OF ISRAEL GOSPEL MINISTRY, INC, THE",≤100
1917715138510680,Follow Your Legend,Legend Bracelet,≤100
307943569254319,Florida Rights Restoration Coalition,Florida Rights Restoration Coalition,≤100
172758932738142,PhRMA,PHARMACEUTICAL RESEARCH AND MANUFACTURERS OF AMERICA,≤100
290851614930809,Combat AntiSemitism,Combat Anti-Semitism,≤100
176466646087311,DC Fawcett,VREIC,≤100
1575347412785991,Cheddar,Cheddar,≤100
1632568446971453,Boredwalk,Boredwalk,≤100
313723095478950,The Daily Citizen,Focus on the Family,≤100
106890801114065,Right Wing Maga,Right Wing Maga,≤100
1809715209318581,Marjorie Taylor Greene for Congress,GREENE FOR CONGRESS,≤100
304750332920654,Carl DeMaio,SECURE THE BORDER SUPERPAC,≤100
303061950155375,John James,"JOHN JAMES FOR SENATE, INC.",≤100
96832392186,US Open Tennis Championships,United States Tennis Association (USTA),≤100
296295018082,AARP en Español,AARP,≤100
210357995667559,The National Memo,The National Memo,≤100
19342050934,Leadership Institute,LEADERSHIP INSTITUTE INC,≤100
1014486318584089,Armed American Supply,Armed American Supply,≤100
100506848295759,Made to Fail,Made To Fail,≤100
393368004100464,Representative Cyndi A. Munson,Friends of Cyndi Munson,≤100
8057376739,The Nature Conservancy,Nature Conservancy,≤100
105455840860559,EagleRealm LLC,Eagle Realm,≤100
50982313030,Food & Water Watch,Food & Water Watch,≤100
186932688457686,CHNGE,CHNGE,≤100
67626834312,National Women's Law Center,National Women's Law Center,≤100
1099478666810053,Meals For Pets,Meals for Pets,≤100
352527958302,Israel on Campus Coalition,Israel on Campus Coalition,≤100
1053833861326820,John Burke,Presidential Playbook,≤100
124530924015,Hank Gilbert,HANK GILBERT FOR CONGRESS,≤100
43609808159,Happy Family Organics,Happy Family Organics,≤100
483889558374204,Collin Walke,Friends of Collin Walke 2020,≤100
107953010886875,20Train.com,GEEG LLC,≤100
549425778407737,Manatee County Supervisor Of Elections,Manatee County Supervisor of Elections,≤100
334748476594191,Rodney Davis,Rodney for Congress,≤100
53727956260,Republican Jewish Coalition,Republican Jewish Coalition,≤100
94047978366,PCCC - BoldProgressives.org,PROGRESSIVE CHANGE CAMPAIGN COMMITTEE,≤100
21395843375,Dialysis Patient Citizens,DIALYSIS PATIENT CITIZENS INC,≤100
278487153675,Redneck Nation Clothing,Tracie Milliron Gold,≤100
9739634228,The Political Machine,"Hitcents.com, Inc",≤100
103571278142168,Joni Ernst Isn’t On Our Side,DSCC,≤100
13867925345,Equality Florida,Equality Florida,≤100
830890360316751,Nick Hanauer,Civic Action,≤100
103131054573692,Crawfordology,Crawfordology,≤100
104012084703106,One People United PAC,One People United,≤100
24481937944,Theodore Roosevelt Conservation Partnership,"THEODORE ROOSEVELT CONSERVATION PARTNERSHIP, INC",≤100
47710973068,Cooperative Action Network,National Rural Electric Cooperatives Association,≤100
101420381658477,Locke & Key PAC,LOCKE & KEY PAC,≤100
485076538504636,Senator Allison Ikley-Freeman,Allison Ikley-Freeman for Oklahoma 2020,≤100
134452023239984,Human Coalition,Human Coalition,≤100
58158120046,ACLJ,American Center for Law and Justice,≤100
158505287559920,Save the Storks,Save the Storks,≤100
219224241438635,Compassion & Choices,COMPASSION & CHOICES,≤100
341828139690,Heritage Defense,Heritage Defense,≤100
105943157686335,Trust Michigan Families,TRUST MICHIGAN FAMILIES,≤100
102315041409283,Horses in our Hands,In our Hands Action Fund,≤100
102281264932254,The Southern Strategy,Southern Strategy,≤100
102081678052471,Midyett For Congress 2020,Midyett For Congress,≤100
1323161541032507,For Our Future FL,For Our Future Action Fund,≤100
999775873528189,Stopping Socialism,The Heartland Institute,≤100
131306317680000,Social Goods,"Social Goods, LLC",≤100
100912625071588,Pennsylvania Votes,TECH FOR CAMPAIGNS,≤100
36634376117,HarperKids Books,HARPERCOLLINS PUBLISHERS LLC,≤100
24470472733,The Trevor Project,The Trevor Project,≤100
141692255929599,Democratic Socialists of America,DEMOCRATIC SOCIALISTS OF AMERICA INC,≤100
27544763621,Prison Fellowship,Brandon Anders Larsen,≤100
15041226930,Oxfam,"OXFAM AMERICA, INC.",≤100
6355071377,American Cancer Society Cancer Action Network - ACS CAN,AMERICAN CANCER SOCIETY CANCER ACTION NETWORK INC,≤100
111361091313,NICABM,"Theoria Associates for Health Education, Inc.",≤100
1316372698453411,Alexandria Ocasio-Cortez,THE SQUAD VICTORY FUND,≤100
42597808880,Ami Horowitz,Ami Horowitz,≤100
884608308247144,Armadillo Hat Company,Armadillo Hat Company,≤100
505653766599222,America First with Dr. Sebastian Gorka,Salem Media,≤100
104113317870732,Free Markets Destroy,Washington Policy Center,≤100
706716899745696,Women for Trump,TRUMP MAKE AMERICA GREAT AGAIN COMMITTEE,≤100
154860200019,Immigrants Rising,Immigrants Rising,≤100
105561217523274,The_Dispatch,"Dispatch Media, Inc.",≤100
2246364628908665,Uniting Missouri,Uniting Missouri,≤100
149081336362,AmeriCorps VISTA,Corporation for National and Community Service,≤100
44224524016,American Kidney Fund,"AMERICAN KIDNEY FUND, INC.",≤100
1438808983108348,BOLD PAC,CHC BOLD PAC,≤100
207833736045744,MHAction.org,Kevin R Borden,≤100
104667417857551,United Association LLC,United Association LLC,≤100
157538134257277,"Mayor Marlon J. Coleman, City of Muskogee",Marlon Joseph Coleman,≤100
245284549333866,ASMDSS,ASMDSS,≤100
28483858161,Empower Texans,A PROJECT OF EMPOWER TEXANS INC,≤100
217569858071,Areva Martin,Areva Denise Martin,≤100
782093245218764,Qasim Rashid,RASHID FOR VA,≤100
1552675688372326,Color Of Change PAC,Color Of Change PAC,≤100
110488807350258,Oklahomans For Better Representation,Oklahomans For Better Representation,≤100
151577215422581,Zioness Movement,"Zioness Movement, Inc.",≤100
2339203789732156,Kim Mangone for Congress,COMMITTEE TO ELECT KIM MANGONE FOR CONGRESS,≤100
124878890872305,Choctaw Nation of Oklahoma,Choctaw Nation of Oklahoma,≤100
592347634460462,Partnership for America's Health Care Future,Partnership for America's Health Care Future,≤100
210277954204,The Young Turks,"The Young Turks, Inc.",≤100
607626319739286,Black Voices for Trump,TRUMP MAKE AMERICA GREAT AGAIN COMMITTEE,≤100
35715544220,Stand.earth,STAND,≤100
142836829093760,The American Constitutional Rights Union,Jorge Ernesto Amselle,≤100
69039563201,Open Doors USA,"OPEN DOORS WITH BROTHER ANDREW, INC.",≤100
317284821682168,Messianic Jewish Alliance of America (MJAA),Messianic Jewish Alliance of America,≤100
279256605891946,CalmEffect,"Balance Marketing Group, LLC",≤100
101574025015329,Emergency Tips,Christopher Allen Supek,≤100
109200595768753,The Christian Left,The Christian Left,≤100
2295062210811244,Coalition for American Veterans,COALITION FOR AMERICAN VETERANS POLITICAL ACTION COMMITTEE,≤100
698400060189827,Dan Sullivan,Alaskans for Sullivan,≤100
131513476860958,Bridgewater Candle Company,The Bridgewater Candle Company LLC,≤100
2046092952294722,Lucy McBath for Congress,FRIENDS OF LUCY MCBATH,≤100
1526736227567131,TrueCoverage,True Coverage,≤100
216311481960,Bill Gates,Bill Gates,≤100
6851405967,CREDO Mobile,"CREDO MOBILE, INC.",≤100
167473433290992,Inequality.org,Institute for Policy Studies,≤100
711478725532801,Civiqs,Civiqs,≤100
103067581133922,Paul Junge,PAUL JUNGE FOR CONGRESS,≤100
30079936984,CWS,"CHURCH WORLD SERVICE, INC.",≤100
2417346194990675,GCRMC Careers - Alamogordo NM,Rollis None Fontenot,≤100
55549065733,Voto Latino,VOTO LATINO INC.,≤100
1005566252861190,VOTEPROCHOICE,DEMOCRATS.COM,≤100
18079407397,CPAC 2020,Conservative Political Action Conference,≤100
1832744013698336,Mahogany Mommies,Mahogany Mommies,≤100
123965317665623,N-Hance Wood Refinishing,N-Hance Inc.,≤100
314121315788033,Stand with Parkland,Stand With Parkland,≤100
21834534343,Volunteers of America,"VOLUNTEERS OF AMERICA, INC.",≤100
1883837055193241,Shield Republic,These ads ran without a disclaimer,≤100
203330919857759,All On The Line,National Redistricting Action Fund,≤100
7148723514,Sundance Film Festival,SUNDANCE INSTITUTE,≤100
7145381235,American Jewish World Service - AJWS,"AMERICAN JEWISH WORLD SERVICE, INC.",≤100
107459877731361,Kimya Holmes for Judge,Committee to Elect Kimya M Holmes,≤100
570524446405979,Only Human,Only Human,≤100
184731548554164,PL+US,Plus Fund: Paid Leave for the United States,≤100
315467021926595,Native Voice Network,"AMERICANS FOR INDIAN OPPORTUNITY, INC",≤100
119006106155684,PI Energy,Andrew P Chung,≤100
61265398450,AmeriCorps NCCC,Corporation for National and Community Service,≤100
36474716066,Color Of Change,COLOROFCHANGE.ORG,≤100
101353637876673,Eric Roberts for State House,Eric Roberts for State House,≤100
451224838781405,Patriot Baby,Eric Todd Hunter,≤100
101485404914361,Bad News Wares,Bad News Wares,≤100
78420171887,Sailors for the Sea,SAILORS FOR THE SEAINC,≤100
231154884924705,AboutTrump.org - and Biden,A MARK FOUNDATION,≤100
91346559231,Democratic Legislative Campaign Committee - DLCC,Democratic Legislative Campaign Committee,≤100
103531607822207,Noticias para Inmigrantes,"Wise Rock Media, PBC",≤100
1852520761657982,4ocean,4ocean,≤100
420424547981908,In Search of Liberty,Scott Dennis Welch,≤100
129602743740560,Illinois Family Action,ILLINOIS FAMILY ACTION NFP,≤100
104156168014871,Ollie D,Ollie D,≤100
102750021183412,Justice U,Altus Solutions Inc,≤100
103046977892124,Adam Christensen For Congress,ADAM J CHRISTENSEN FOR CONGRESS,≤100
113310617054164,Trump Baseball Bats,Trump Baseball Bats,≤100
682990071843813,Center for the Study of Liberty,Center for the Study of Liberty,≤100
105010030848236,Bryant Cameron Webb,DR. CAMERON WEBB FOR CONGRESS,≤100
2133130356918764,Common Justice,COMMON JUSTICE INC,≤100
183424985463330,Joe Cunningham,JOE CUNNINGHAM FOR CONGRESS,≤100
1438882392887793,ADF Church Alliance,Alliance Defending Freedom,≤100
111718570352005,Yes on Measure A - A Solution for Homelessness,"Yes on Measure A - Homes for San Diegans, Sponsored by a Coalition of Civic Nonprofits and Housing Providers.  Committee major funding from  Affirmed Housing Group Inc  Eden Housing Inc  Metropolitan Area Advisory Committee (MAAC)  Funding details at www.sandiego.gov/donors. ",≤100
112704783859268,Boy Scouts Abuse Claim Help,X Social Media LLC,≤100
7341997111,Conservation International,Conservation International,≤100
104898837935556,Dr. Michael Burgess,MICHAEL BURGESS FOR CONGRESS,≤100
154349547933430,Cook & Hilfiger Attorneys,Benjamin Rogers Hilfiger,≤100
110798880680061,USA Strong,USA Strong,≤100
8936818385,Accuracy in Media,"ACCURACY IN MEDIA, INC",≤100
142370046577999,Shahid Buttar for Congress,Shahid Buttar for Congress Committee,≤100
1682876188698809,United for Respect,United for Respect,≤100
374848446414965,Pollking,Benjamin Aaron Perlman,≤100
763491940427547,Roque  "Rocky"  De La Fuente,Rocky 101 LLC,≤100
106596314443572,Dmitriy Yakubovich,"Dmitriy Yakubovich for Hallandale Beach City Commission, Seat 4",≤100
115364585711,Lawyers' Committee for Civil Rights Under Law,Lawyers' Committee for Civil Rights Under the Law with Facebook Ad Credits,≤100
1295279420598401,Victoria Spartz,VICTORIA SPARTZ FOR CONGRESS,≤100
109894877501594,Steve Daines Follows The Money,DSCC,≤100
181467702005600,Mark Warner VA,FRIENDS OF MARK WARNER,≤100
19972147679,SEIU,SEIU,≤100
628423320573742,Vote Run Lead,VOTERUNLEAD,≤100
1255514891283096,RGA Right Direction PAC,RGA RIGHT DIRECTION PAC,≤100
181924628560212,SumOfUs,SumOfUs,≤100
469264759847810,Class Action/Bankruptcy Info,These ads ran without a disclaimer,≤100
309072629157350,National Coalition for Infant Health,National Coalition for Infant Health,≤100
103376804451432,Trending Politics,Making Web LLC,≤100
100119981671668,Blue Senate,BLUE SENATE PAC,≤100
369325156488153,Ubuntu Life,Ubuntu Life,≤100
383754825699166,Beloved Benefit,Beloved Benefit,≤100
429233848012141,The HALO Trust USA,"HALO TRUST (USA), INC. (THE)",≤100
234628203317767,Made for Freedom,Made for Freedom,≤100
55549065733,Voto Latino,Voto Latino with Facebook Ad Credits,≤100
1354622541311687,Dr. Kim Schrier,DR KIM SCHRIER FOR CONGRESS,≤100
28144169620,Alliance for Aging Research,Alliance for Aging Research,≤100
222296191864609,Representative Trish Ranson - OK House District 34,Ranson for OK House 2020,≤100
1400772006635782,Josh Harder,JOSH HARDER FOR CONGRESS,≤100
110849485902,United Way,United Way Worldwide with Facebook Ad Credits,≤100
109259090549237,Yes on National Popular Vote,Yes on National Popular Vote,≤100
273023971533,Dennis Bonnen,Dennis Bonnen Campaign,≤100
303374266418976,AFPM,American Fuel & Petrochemical Manufacturers,≤100
1476342155924546,Big Rig Threads,Big Rig T-Shirts and Decals LLC,≤100
103825151267369,No Progressive Tax,No on the Progressive Tax,≤100
8934429638,Planned Parenthood Action,Planned Parenthood Votes,≤100
2259323457517498,Abolish the Electoral College,ABOLISH THE ELECTORAL COLLEGE,≤100
219247332354785,Phil Arballo for Congress,ARBALLO FOR CONGRESS,≤100
140877979844,American Gas Association,AMERICAN GAS ASSOCIATION,≤100
102745147891580,Trump Coolers,Trump Coolers,≤100
112164673854264,Living Patriotically,Living Patriotically,≤100
103744091462809,The Trump Closet,Kenneth Dione Keith Jr,≤100
59543893235,National Constitution Center,National Constitution Center,≤100
1338822066131069,Women's March,Women's March,≤100
16352157727,Alfred A. Knopf,Penguin Random House LLC,≤100
203197030603239,8 Billion Trees,8 Billion Trees LLC,≤100
130848666099,Business Forward,Business Forward Inc.,≤100
284002627318,Adobe Acrobat,Adriana None Frias,≤100
101682706561261,"Freedom Watch, Inc.","Freedom Watch, Inc.",≤100
148731991811588,Baird,Robert W. Baird & Co. Incorporated,≤100
71383025128,PARIS - Guerrilla Funk Recordings,"Guerrilla Funk Recordings and Filmworks, LLC",≤100
117513180002579,John Shallman,Target Marketing Digital,≤100
36872302227,Cory Booker,Cory Booker for Senate,≤100
111970730196550,World War Zero,AMERICAN SECURITY PROJECT,≤100
18017481462,Acton Institute,Acton Institute,≤100
127821707877,YWCA USA,"YWCA OF THE USA, NATIONAL BOARD (INC)",≤100
896759427103774,Modern Medicaid Alliance,Modern Medicaid Alliance,≤100
32582320449,CMMB,CATHOLIC MEDICAL MISSION BOARD INC,≤100
518194348194441,RepresentUs,RepresentUs,≤100
2049170775107862,Resistance By Design,Resistance By Design,≤100
104379058055346,The Louder Party,the louder party,≤100
105287044367027,ObsessedwithTrump,Donald Lee Rowan,≤100
102436701226752,Is It Sunday Yet?,Jarrett J Rogers,≤100
1424451997829970,Lois Kolkhorst,Lois W. Kolkhorst Campaign,≤100
494259170754224,Keeping IDentities Safe,KEEPING IDENTITIES SAFE,≤100
868405419972384,The Outrage,The Outrage,≤100
104142543758770,Campaign Zero,We The Protesters,≤100
1695950424027488,Andy Hallinan,Andrew Lawrence Hallinan,≤100
467503009987109,"Healthy Forests, Healthy Communities","Healthy Forests, Healthy Communities",≤100
1658135304460341,MANG,MANG,≤100
180230069923,American Life League,American Life League,≤100
657343731290262,American Freedom Fighter,American Freedom Fighter,≤100
139700496669066,1 VoteCloser,1 VoteCloser,≤100
102285138227999,"Marsha Blackburn, Author","Premiere Marketing, Inc.",≤100
51325338207,National Collaborative for Women's History Sites,National Collaborative for Women's History Sites,≤100
100401327980848,National Parents Union,National Parents Union,≤100
102579318191600,No Justice No Peace,NO JUSTICE NO PEACE PAC,≤100
300992409852,Hoover Institution,Hoover Institution,≤100
1528498354074301,Punching Bag Media - Conservative News,Sean Michael Probber,≤100
14038292386,Women for Women International,WOMEN FOR WOMEN INTERNATIONAL,≤100
102303104906457,American Patriot Council,AmericanPatriotCouncil,≤100
1397799040234106,OpinionUP,OpinionUP LLC,≤100
463095630924391,US Business Funding,Credox,≤100
107553074295243,Climate Vote MN,Climate Vote MN,≤100
241247646424302,Jahana Hayes,FRIENDS OF JAHANA HAYES,≤100
168452723312821,Chisholm Chisholm & Kilpatrick LTD,Chisholm Chisholm & Kilpatrick LTD,≤100
262905633727,Los Angeles Mission,"Los Angeles Mission, Inc.",≤100
304281205207,Tom Holland,Rebecca Schmidt Plate,≤100
197669827395385,Connected Commerce Council,Connected Commerce Council,≤100
104639741366634,Vote Necklace,Brian Andrew Lett,≤100
223315101050132,Waters Kraus & Paul,Waters Kraus & Paul,≤100
34521916336,Brent Bozell,MEDIA RESEARCH CENTER,≤100
1634651343331439,Project Wren,Landon Brand,≤100
87777747127,Greg Palast,Palast Investigative Fund,≤100
112600915451330,No Labels,No Labels,≤100
399060493533519,The Justice Foundation,JUSTICE FOUNDATION,≤100
111945553601129,Trump2020 Coffee,Trump2020 Coffee,≤100
473191156175163,EDF Action,Environmental Defense Action Fund,≤100
186805048171120,U.S. & Texas LawShield,Texas LawShield,≤100
785936231584382,Paula Jean Swearengin,Paula Jean for West Virginia,≤100
105735397284,United States Conference of Catholic Bishops,UNITED STATES CONFERENCE OF CATHOLIC BISHOPS,≤100
256043277748645,NetChoice,NETCHOICE,≤100
168876449866088,The Years Project,The Years Project,≤100
119216091518705,Protect The Harvest,Karen Elizabeth Glueck,≤100
1741729849281711,Uber & Lyft Sexual Assault Attorneys,Safer America,≤100
375760676281438,Mermaid Straw,Mermaid Straw,≤100
344690446467832,The Copper Courier,"Courier Newsroom, Inc.",≤100
28510612138,Uncommon Knowledge,Hoover Institution,≤100
233116802464,Independent Voter,Independent Voter Project,≤100
115403471809909,Plastic Oceans,PLASTIC OCEANS INTERNATIONAL,≤100
1063951390472034,Team JJ USA,TEAM JJ USA,≤100
7642602143,Mother Jones,FOUNDATION FOR NATIONAL PROGRESS,≤100
112884453753128,Informed Patriots,Kin Ngai Yeung,≤100
700941689954518,Defend Our Future,Defend Our Future,≤100
112333396969405,Jim Bognet,Bognet for Congress,≤100
1386900498048900,GivingCompass,Giving Compass LLC,≤100
434224137354568,Dr. Rich McCormick for Congress,Friends of McCormick,≤100
625163578131723,Bravely Facing Tomorrow,Gregory Inwha Park,≤100
39432041915,Capital Research Center,CAPITAL RESEARCH CENTER INC,≤100
740266592735787,Free to Be Kids,Free To Be Kids,≤100
101147105012102,Solidu USA,Solidu USA,≤100
113335773562471,President Trump For Re-Election,Great American Era,≤100
166194476728392,Center Street,"Hachette Book Group, Inc.",≤100
100699775058659,Education Now NC,Education Now,≤100
101391906600,Live Action News,Live Action News,≤100
102756811269921,Fellow Americans,Fellow Americans,≤100
15503839732,Peter G. Peterson Foundation,Peter G. Peterson Foundation,≤100
107937014153581,Energized Health,John Jubilee Transformation LLC DBA Energized Health,≤100
103341131486608,Anti Racist Social,Salman Ahmed Elmi,≤100
794025550637843,Promise Land Men's Ministries,Promise Land Men's Ministries,≤100
121626482110,Operation Smile,"OPERATION SMILE, INC.",≤100
708375056271048,The Christendom Curriculum,The Christendom Curriculum,≤100
2113400635561647,Andrea Mitchell Center for the Study of Democracy,Andrea Mitchell Center for the Study of Democracy at the University of Pennsylvania,≤100
179909895355213,AIDS United,AIDS UNITED,≤100
7209432197,Chris Coons,CHRIS COONS FOR DELAWARE,≤100
156919911022572,Steven Horsford,NEVADANS FOR STEVEN HORSFORD,≤100
1833879943496521,Spread The Vote,Spread the Vote,≤100
531623043662146,Flags of Valor,Flags of Valor,≤100
1536587453277219,Dr. Steve Turley,Turley Talks LLC,≤100
598720023670599,Jennifer Carroll Foy,Jennifer Carroll Foy for Governor,≤100
104130589926531,Wisdom Store,Wise Thoughts,≤100
109061570850845,Proud U.S.,ProudUS,≤100
19420215926,CNSNews.com,MEDIA RESEARCH CENTER,≤100
208463585839891,Living Future Institute,International Living Future Institute,≤100
248306181862385,Live Lokai,LOKAI HOLDINGS LLC,≤100
109088011473,Motorcycle Mechanics Institute,These ads ran without a disclaimer,≤100
44340057816,Uncommon Goods,UncommonGoods,≤100
381423518599637,"Hill and Ponton, P.A.",These ads ran without a disclaimer,≤100
750053788435485,Texas Oil and Gas Association,Texas Oil & Gas Association,≤100
182658925089088,FINCA,"FINCA INTERNATIONAL, INC.",≤100
684374918656177,Efren Martinez for State Assembly,Efren Martinez for Assembly 2020,≤100
458738021363666,Cookingham For Congress,COOKINGHAM FOR CONGRESS,≤100
113173667121573,BLM Society,BLM Society,≤100
107439427661844,Accountable Tech,Accountable Tech,≤100
195704103779569,Savage Outdoors & The One,Amanda Harris Lee,≤100
211049239087028,Association of Young Americans,Benjamin J Brown,≤100
232340434641674,Steven Ferrandi for Narragansett Town Council,Steven Ferrandi for Narragansett Town Council,≤100
311134189218940,For Our Future Nevada,For Our Future Action Fund,≤100
305582576628746,Giant China Buffet,In Chai,≤100
1835838916635491,Transamerica Center for Health Studies,Transamerica Center for Health Studies,≤100
169440273093442,The Center for Election Science,The Center for Election Science,≤100
110686667372279,Modern Room,These ads ran without a disclaimer,≤100
2478214952248707,TransLash,Daniela Elena Capistrano,≤100
1822517194677770,Trump Geeks,Trump Geeks,≤100
1272534336242476,World101,Council on Foreign Relations,≤100
147263505307717,Law Enforcement Legal Defense Fund,"LAW ENFORCEMENT LEGAL DEFENSE FUND, THE",≤100
90705538313,Sheet Metal Air Rail and Transportation Workers,SMART,≤100
113553048669158,Rick Scott,TEAM RICK SCOTT,≤100
211596438980002,Ampersand Consulting,Ampersand Consulting,≤100
175797376373,"WaterFurnace Geothermal Heating, Cooling & Hot Water","WATERFURNACE INTERNATIONAL, INC.",≤100
153477451455783,The Optimist Daily,"The Optimist Publications, LLC",≤100
102161004838994,Melissa Gould for Judge,Melissa Gould for Judge,≤100
110424737363776,Dylan Conley for Congress,DYLAN CONLEY FOR CONGRESS,≤100
1028908663935923,Americans for Fair Treatment,Americans For Fair Treatment,≤100
162623897133712,David French,Macmillan Publishing,≤100
151894654697,Save Our States,Save Our States,≤100
206052849902620,Intermountain Immigration,"Intermountain Immigration, LLC",≤100
1400371370253041,Eagan Immigration,Eagan Immigration,≤100
1079789672084038,SimonBooks,These ads ran without a disclaimer,≤100
1425435377743310,Conversations with Bill Kristol,The Foundation for Constitutional Government,≤100
258470931719484,The Why Minutes,The Why Minutes,≤100
334925200513155,Justin Berry for Texas HD 47,Justin Berry For Texas House,≤100
105859044142749,Summer for OK House Dist 100,Friends of Summer Wesley,≤100
139441926128681,New Saint Andrews College,New Saint Andrews College,≤100
620619085055774,Sandy Smith,"SANDY SMITH FOR CONGRESS, INC.",≤100
458928061510318,Rita Hart for Iowa,RITA HART FOR IOWA,≤100
407902639235640,JNS.org,Jewish News Service,≤100
551158678560402,Epimonia,Epimonia LLC,≤100
108193134061366,Win One Over,WinOneOver LLC,≤100
21090771700,Gun Owners of America,Gun Owners of America,≤100
341513602902369,CALL TO ACTIVISM,CALL TO ACTIVISM,≤100
101377135010262,Today's New in Tech World,Darrell Dominic Adams,≤100
138141366212571,Gravis Marketing,GRAVIS MARKETING INC.,≤100
125907387426944,Edelson P.C.,Edelson PC,≤100
103903914570915,Pro2a,Delta Team Marketing,≤100
1311291038982513,2A Gear,Teecreations LLC,≤100
102651074597577,Faith Wins,FAITH WINS,≤100
113688303742241,The Philadelphia Statement,The Philly Statement,≤100
19474609238,Mercatus Center at George Mason University,Mercatus Center at George Mason University,≤100
319982881752525,Kara Eastman,EASTMAN FOR CONGRESS,≤100
294356100899,SermonCentral,Outreach Media Group,≤100
17801244148,Jill Schupp,SCHUPP FOR CONGRESS,≤100
297706507036856,Charles Koch Institute,Charles Koch Institute,≤100
19219803864,Tax Foundation,Tax Foundation,≤100
244579043463375,The Three Masketeers,Three Masketeers,≤100
101481584557260,Help Asheville Bears-HAB,Heather Christina Williams,≤100
102796944877926,Black Men for Trump,Black Men for Trump,≤100
372557849423914,Medina County Court News,James Kimbler,≤100
121033149320,American Indian College Fund,"AMERICAN INDIAN COLLEGE FUND, THE",≤100
56332452163,AMA Patients Action Network,American Medical Association,≤100
1374260589465543,Sheepdog Church Security,Sheepdog Church Security,≤100
143981748956175,Rural Assembly,Rural Assembly,≤100
1488803804538481,Mike Siegel,MIKE SIEGEL FOR CONGRESS,≤100
11911627997,Pancreatic Cancer Action Network,"PANCREATIC CANCER ACTION NETWORK, INC.",≤100
100222024970799,Darrin Varnell for Sheriff,Varnell for Sheriff,≤100
201956993160690,MRCTV,MEDIA RESEARCH CENTER,≤100
262577294462322,Kettle Freaks,Kettle Freaks LLC.,≤100
709491732434343,שורת הדין - Shurat HaDin,Israel Law Center,≤100
102010211314386,Donald Trump 2020 Voters,I Love My Freedom,≤100
170806736923126,Harmony Turbines,Harmony Turbines Inc,≤100
1678492922390061,WorkingNation,WorkingNation,≤100
25121889784,Texas Public Policy Foundation,Texas Public Policy Foundation,≤100
275304236513280,Dave Koehler for State Senate,Friends of Dave Koehler,≤100
296914550322200,Jose Javier Rodriguez,Florida Democratic Legislative Campaign Committee,≤100
110316697328742,People of Seniors Housing,People of Seniors Housing,≤100
824542604252069,Erick Erickson,Erick Woods Erickson,≤100
1613516851999536,Sunrise Movement,SUNRISE PAC,≤100
1145019702185006,Alliance for Safety and Justice,Alliance for Safety and Justice,≤100
2462711113949261,Science To Save The World,LIFE EXTENSION ADVOCACY FOUNDATION INC.,≤100
161186620643972,American Institute for Economic Research,AMERICAN INSTITUTE FOR ECONOMIC RESEARCH,≤100
323725548525314,ecoccasion,Ecoccasion,≤100
839073729808623,Hillary Scholten,SCHOLTEN FOR CONGRESS,≤100
305115773870,Adobe,Adobe Inc.,≤100
110257623864359,Cool Mud Flaps,"OHIO LASER, LLC",≤100
16534314739,Facing History and Ourselves,"FACING HISTORY AND OURSELVES NATIONAL FOUNDATION, INC.",≤100
1640970822834351,Plaine Products,Plaine Products,≤100
54787697857,Ron Wyden,WYDEN FOR SENATE,≤100
5457479962,Diabetes Daily,Thrivable,≤100
143173285763,Tenth Amendment Center,Tenth Amendment Center,≤100
525171637666780,Sandy Piña California Delegate,RCR,≤100
113110137118723,Collectible Currency,Proud Patriots,≤100
111892670610842,Political AF,Quyen Sanh Gip,≤100
95483488591,Democratic Party of Wisconsin,DEMOCRATIC PARTY OF WISCONSIN,≤100
154510321337994,Chris Pappas for Congress,CHRIS PAPPAS FOR CONGRESS,≤100
174777196873,Republican Party of New Mexico,REPUBLICAN CAMPAIGN COMMITTEE OF NEW MEXICO,≤100
282765295135322,The Pray in Jesus Name Project,"GJK, Inc. d/b/a The Pray In Jesus Name Project",≤100
2070944712939738,American Police Officers Alliance,American Police Officers Alliance,≤100
115589465160388,Scribner Books,Simon and Schuster,≤100
97624620788,American Friends of Magen David Adom,AMERICAN FRIENDS OF MAGEN DAVID ADOM,≤100
2176472882580975,Crusader Outlet,Crusader Marketing,≤100
46508415624,Scott Taylor,Scott Taylor for Congress 2020,≤100
102970113093477,Church Militant/St. Michael’s Media,Max Aldcander Douglas,≤100
249455845761285,Lindsey Must Go,LMG PAC,≤100
332172544231683,America's Plastic Makers,"AMERICAN CHEMISTRY COUNCIL, INC.",≤100
350293028423754,PFLAG Oklahoma City,PFLAG Oklahoma City,≤100
111702860231554,Matt Lieberman,Matt Lieberman for Senate,≤100
110176385723423,Patheos Catholic,Patheos Catholic,≤100
159023914150996,UCOMMBlog,UCOMM Media Group,≤100
107569650978840,Sanall,Sanall,≤100
18983389920,Open Society Foundations,Open Society Foundations,≤100
107626607404475,Otero County & City of Alamogordo Census 2020,Otero County Managers Office,≤100
106469614050226,All Star Pro Gifts,"SAP All Star Promotions, LLC",≤100
299295363912730,New Politics Leadership Academy,New Politics Leadership Academy,≤100
546497545399440,ASEC - African Sisters Education Collaborative,African Sisters Education Collaborative (ASEC),≤100
106341454506321,The Bull Moose Party,The Bull Moose Party,≤100
113110137118723,Collectible Currency,Christopher Walter Adams,≤100
104320074406295,David Cook for State Representative,David Cook Campaign,≤100
84601346450,Black Tie Dinner,BLACK TIE DINNER,≤100
260366367717440,Committee to Protect Medicare,Committee to Protect Medicare PAC,≤100
1629925673968109,Refuse Fascism,Refuse Fascism,≤100
384336778589668,Defend Our Constitution,COMMON CAUSE,≤100
5943727453,American Humane,American Humane,≤100
156994304362574,American Bridge 21st Century,AB PAC,≤100
152315634778510,UsAgainstAlzheimer’s,UsAgainstAlzheimer's,≤100
1375618656016062,Deb Haaland for Congress,DEB HAALAND FOR CONGRESS,≤100
101176014673943,Michelle for Kansas,MICHELLE FOR KANSAS,≤100
281884085611820,Tedra Cobb,COMMITTEE TO ELECT TEDRA COBB,≤100
153700801708517,Randal Cutter,Randal Cutter Campaign,≤100
182620315479,Plan International USA,Plan International USA,≤100
1755810367986271,Eurasia Group Foundation,Eurasia Group Foundation,≤100
284946111858895,Debbie Mucarsel-Powell,DEBBIE FOR CONGRESS,≤100
166166843531258,National Council of Resistance of Iran - شورای ملی مقاومت ایران,MEK-Iran (Saeid Saadati),≤100
216705888361546,Elbert Lee Guillory,ELBERT GUILLORY'S AMERICA,≤100
153309775026,SnapStream,SnapStream Media,≤100
13187955196,Young Americans for Liberty,Young Americans for Liberty,≤100
396763120791972,Native Business,Native Business Magazine,≤100
12503116997,Dennis Prager,Salem Media,≤100
101252258324890,The Con,Abramorama Inc.,≤100
114137307071679,31 October,wowengraving,≤100
922580991129339,People's Mojahedin Organization of Iran - MEK IRAN,MEK-Iran (Saeid Saadati),≤100
105315327577677,Golden Goose Publishing,Lance Charles Greenberg,≤100
10803722213,Common Cause,COMMON CAUSE,≤100
291318298488215,Veterans for Career Education,Veterans for Career Education,≤100
5887538795,Education Week,Education Week,≤100
304062610300415,VozWire,Gregson E Mathe,≤100
657708380952174,Voices of the Civil Rights Movement,Comcast,≤100
18479402361,No Kid Hungry,No Kid Hungry,≤100
399067003454888,Sudan Relief Fund,Sudan Relief Fund Inc,≤100
961203647412577,VIDA News,VIDA News,≤100
108090464296366,Republican Patriots,I Love My Freedom,≤100
101103254533,SOS International,SOS International,≤100
104170004713256,Elect Black Democrats,THE COLLECTIVE PAC,≤100
9394693002,Bloomberg LP,Bloomberg LP,≤100
612701059241880,Latinos for Trump,TRUMP MAKE AMERICA GREAT AGAIN COMMITTEE,≤100
202600839762879,I Am Pro-Life,Focus on the Family,≤100
79820371749,Ayanna Pressley,THE COMMITTEE TO ELECT AYANNA PRESSLEY,≤100
101041998305221,The Proud Republicans,Great American Era LLC,≤100
276131699084792,YWAM Los Angeles,YWAM Los Angeles,≤100
1640136779635989,We The People Holsters,WeThePeopleHolsters,≤100
279055918888826,Jaythreesixty,J360 LLC,≤100
438536186881177,All Clear Foundation,All Clear Foundation,≤100
927610307291393,Georgette Gómez,Georgette Gomez for Congress,≤100
2232116060366752,Senator Mary Ware,"Ware for Kansas, Tom James, Treasurer",≤100
318020432108506,Progress News Network,Progress News Network,≤100
127335473965761,Recycle Cartons,"Carton Council of North America, Inc.",≤100
108970206976,World Vision USA,WORLD VISION INC.,≤100
100729641303493,ICount NM,I Count New Mexico,≤100
2081864865362439,Mike Espy,MIKE ESPY FOR SENATE CAMPAIGN COMMITTEE,≤100
1628679613829742,Josh Hicks,Josh Hicks for Congress,≤100
102775434882290,Donna It’s Time For Progress,Hugo Santana,≤100
1596671280578981,Schools & Communities First,Schools and Communities First,≤100
1439364926329185,Animal Matters,Animal Matters,≤100
221890358218748,Til Valhalla Project,Til Valhalla Project,≤100
304058913005378,Senior and Disabled Concerns,Senior & Disabled Concerns,≤100
100606771657216,Faith 2020,Faith 2020 Inc.,≤100
70995214846,Business Roundtable,Business Roundtable,≤100
205795426669644,Facts and Logic about the Middle East,Facts and Logic About the Middle East,≤100
72565633140,Soles4Souls,"SOLES4SOULS, INC.",≤100
105082357738682,Be Choose Cause Global Leaders Conference,"inviteCHANGE, LLC",≤100
232201568659,Pacific Justice Institute,PACIFIC JUSTICE INSTITUTE,≤100
308159713150350,Voter Protection Project,VOTER PROTECTION PROJECT,≤100
2212066245574161,Sarah Huckabee Sanders,St. Martin's Press,≤100
691341261052719,Civics Unplugged,Civics Unplugged,≤100
60236215646,LGBTQ Victory Fund,LGBTQ VICTORY FUND,≤100
201716719965863,Patient Safety Movement,Patient Safety Movement Foundation,≤100
269479249997,National Shooting Sports Foundation | NSSF,National Shooting Sports Foundation,≤100
112230466965874,Vote Like a Woman,PEOPLE FOR PEOPLE,≤100
288110884600563,Lean In,"Sheryl Sandberg & Dave Goldberg Family Foundation d/b/a LeanIn.Org, LLC",≤100
108650400954148,Stopping Socialism TV,The Heartland Institute,≤100
1370474066365196,F1RST WARRIOR,First Warrior,≤100
34701792581,EWTN,Eternal Word Television Network,≤100
111550550550458,BARK for BIDEN,BARK for BIDEN,≤100
109850787499677,Wisconsin Votes,TECH FOR CAMPAIGNS,≤100
1438402866378921,BookShark,BookShark,≤100
231354176962252,Social Work Helper,"Social Work Helper, PBC",≤100
115024746010017,MediaWise,MediaWise,≤100
107953199261156,ifaw,"INTERNATIONAL FUND FOR ANIMAL WELFARE, INC.",≤100
174971709316,Cigna,Cigna,≤100
126893748252841,American Firearms Coalition,American Firearms Coalition,≤100
1495031800595524,Women Together Now,Women Together Now,≤100
583715925012376,Mayor Trent Staggs,Staggs for Mayor,≤100
346937065399354,Occupy Democrats,Omar Rivero,≤100
112371360561344,Resolute Patriot Clothing,ResolutePatriotClothing.com,≤100
113399550420502,Family Matching Basic,These ads ran without a disclaimer,≤100
101912618134879,Gifts By Frank,Salinas Marketing,≤100
515446551984912,Speaker Cameron Sexton,Cameron Sexton for State Representative,≤100
133979276345,Georgia Farm Bureau,"GEORGIA FARM BUREAU FEDERATION, INC.",≤100
514167322309353,Dan Crenshaw,Dan Crenshaw for Congress,≤100
25255876194,GOPAC,GOPAC Election Fund,≤100
75353945070,Boxed Water Is Better,Boxed Water Is Better,≤100
359651584655941,Luisa del Rosal,Luisa Del Rosal Campaign,≤100
112734823878724,Lincoln Market - Gutting Rights of Essential Employees Daily,Lincoln Market - Gutting Rights of Essential Employees Daily,≤100
700153177010264,Plant Based Products Council,Plant Based Products Council,≤100
108862184052039,ROMTech,"ROM Technologies, Inc.",≤100
113285443729534,California Freedom,California Freedom,≤100
241672016328637,Lauren Underwood for Congress,LAUREN UNDERWOOD FOR CONGRESS,≤100
339432396135584,The Exodus Road,EXODUS ROAD INC,≤100
105882964535390,Cats Against Trump,Cats Against Trump,≤100
477131125780900,The War Horse,War Horse News,≤100
142474049098533,Robert Reich,Inequality Media Civic Action,≤100
101459098271864,Vets United,Jae W Seo,≤100
114622329920,Law Offices of Dean Malone,LAW OFFICES OF DEAN MALONE PC,≤100
280704452367167,Jason Crow,JASON CROW FOR CONGRESS,≤100
289213691238937,Thrasher Coffee,Thrasher Coffee Co.,≤100
1437429989675914,Huckabee,"TRINITY BROADCASTING NETWORK, INC.",≤100
105698674239617,Embed News,Embed News,≤100
1905515863109983,Power In Cooperation,Power in Cooperation,≤100
1949440971937523,Maine Voter Info,MAINE DEMOCRATIC PARTY,≤100
6041057841,The Humane Society of the United States,"HUMANE SOCIETY OF THE UNITED STATES, THE",≤100
100131288480883,"Let Live, Let Liberty",Jae W Seo,≤100
165566613453452,ERLC,ETHICS AND RELIGIOUS LIBERTY COMMISSION OF THE SOUTHERN BAPTIST,≤100
108201407448055,Be Compassionate - SC Criminal Justice Reform,Lisa Burgess Lancaster,≤100
1385294418360578,Linda Koop,KOOP FOR TEXAS,≤100
263891677826490,Earthsider,Ryan James Martin,≤100
6165653060,AFSCME,AMERICAN FEDERATION OF STATE COUNTY & MUNICIPAL EMPLOYEES,≤100
112442993843619,Public Report,PublicReport.org,≤100
1533695766904443,Trainwreck,Trainwreck,≤100
345946329411380,Petal Soap,Jason Paul Domangue,≤100
108906707265489,USA Pooch,"PRESIDENTIAL POOCH, INC",≤100
614134231980299,Veterans Empowered To Protect African Wildlife,VETPAW INC,≤100
789546641178807,Brand New Congress,Brand New Congress,≤100
172552106115265,Patheos Evangelical,Patheos Evangelical,≤100
100158548486722,Trump Cups,Isaac Raymond Leary,≤100
16746288173,Population Services International,POPULATION SERVICES INTERNATIONAL,≤100
50711561090,Muslim Advocates,MUSLIM ADVOCATES,≤100
103786994760833,United Police Fund,United Police Fund,≤100
101294211681292,The Patriotic Republican,The Republican Patriot,≤100
343175436328856,CA Needs Energy Storage,California Alliance for Renewable Energy Solutions,≤100
102689561566768,Party Line Shedd,DCCC,≤100
1042094205846087,Chris Powell: Vox Libertatem,Christopher Shawn Powell,≤100
333081284065216,Brynne Kennedy for Congress,BRYNNE KENNEDY FOR CONGRESS,≤100
315151565831,Ascension,Ascension Press,≤100
299907453682524,American Legacy Center,American Legacy Center,≤100
174046949421616,Phenomenal Woman Action Campaign,Phenomenal Woman Action Campaign,≤100
18813753280,Human Rights Campaign,"HUMAN RIGHTS CAMPAIGN, INC.",≤100
108000477528338,My Rebellion,Jennifer Jean Singer,≤100
245741028804051,Barbara Sinatra Center,Barbara Sinatra Children's Center,≤100
104679177804089,45 Changes Lives,PKA Karate Academy Inc,≤100
107199049318619,Friends of Derek Kilmer,PEOPLE FOR DEREK KILMER,≤100
102673738084465,Illuxus,Illuxus,≤100
97466887664,Innocence Project,"INNOCENCE PROJECT, INC., THE",≤100
107424894413326,Tio Bernie Book,Tio Bernie Book,≤100
173837496125511,Conscious Step,Conscious Step,≤100
1724818571163958,Action Center on Race and the Economy,"ACTION CENTER ON RACE AND THE ECON, THE",≤100
143986912311328,University of Vermont Continuing and Distance Education,University of Vermont,≤100
190987118163092,Connected Clothing Company,Connected Clothing Company,≤100
195620754724,Helping Hand USA,HELPING HAND FOR RELIEF AND DEVELOPMENT INC.,≤100
2477925168899669,The Renew Democracy Initiative,"The Renew Democracy Initiative, Inc",≤100
1947525322184514,One Fair Wage,One Fair Wage,≤100
1423200984590762,Jenny Wilson for Salt Lake County Mayor,Jenny Wilson for Salt Lake County Mayor,≤100
317667194946264,Ro Khanna,RO FOR CONGRESS INC,≤100
38882699096,Polaris,POLARIS PROJECT,≤100
2118624975095038,Stephen Daniel for Congress,STEPHEN DANIEL FOR CONGRESS,≤100
2040270322863853,Tina Smith,TINA SMITH FOR MINNESOTA,≤100
105872574403318,Project TAMMI,a research grant at The National Center on Addiction and Substance Abuse (CASA),≤100