﻿Page ID,Page Name,Disclaimer,Amount Spent (USD)
269291469269,Colleen Hanabusa,Hanabusa 2020,1037
50481700261,Mufi Hannemann,Hannemann Committee 2020,842
111168406971417,Esser for Justice,Esser for Justice,558
659763257512664,Kym Pine Mayor 2020,Friends of Kymberly Pine,526
153080620724,Donald J. Trump,TRUMP MAKE AMERICA GREAT AGAIN COMMITTEE,504
6726182861,Mike Pence,TRUMP MAKE AMERICA GREAT AGAIN COMMITTEE,475
2122623864482966,Radiant Cordero,Friends of Radiant Cordero,385
108565480734473,Walter Ritte for House,Ritte for House,358
101220731628723,Jane Clement,Friends of Jane Clement,350
156968474833352,Stop Republicans,Stop Republicans,317
112035147201116,Join Patel 2020 Maui County Council,Friends of Join Patel,261
925007000949719,ExxonMobil,Exxon Mobil Corporation,238
103052507906612,Rick Blangiardi for Mayor,Rick Blangiardi for Mayor,228
113445713531586,Patrick Pihana Branco for State House,Friends of Patrick Pihana Branco,213
1771156219840594,Team Trump,TRUMP MAKE AMERICA GREAT AGAIN COMMITTEE,206
108824017345866,Facebook,"Facebook, Inc.",183
20787991568,Senate Democrats,DSCC,153
100753671390225,Steve Alm for Prosecutor,Steve Alm for Prosecutor,141
101573461580609,Nick Love for Congress,Love for Congress,132
1633277453612966,Jacob Aki for City Council,Friends of Jacob Aki,131
7860876103,Joe Biden,BIDEN VICTORY FUND,118
114752699886655,Amemiya For Mayor,Amemiya For Mayor,117
96935476345,Democratic Governors Association (DGA),Democratic Governors Association,110
80562389320,NARAL Pro-Choice America,NARAL Pro-Choice America,108
112974563687584,Robert Kiyosaki - The Rich Dad Poor Dad Letter,Long Form Creative Co.,106
429812024048177,Doug Jones for Senate,DOUG JONES FOR SENATE COMMITTEE,≤100
101515864951664,James Dickens for U.S. Congress Hawaii District 1,James Andrew Dickens,≤100
103745284693090,Vote for Ilagan,Vote for Ilagan,≤100
104281147923553,Ryan Mandado for City Council,Friends of Ryan Mandado,≤100
1073127702733530,Vote Lynn DeCoite,Friends of Lynn DeCoite,≤100
277005566267077,Blueland,Blueland,≤100
2330577043935831,Sara Gideon,SARA GIDEON FOR MAINE,≤100
105756057589080,The Lincoln Project,The Lincoln Project,≤100
135533086461631,Hawaii Children's Action Network,HAWAII CHILDREN'S ACTION NETWORK,≤100
127755494595870,Progressive Takeover,PROGRESSIVE TAKEOVER,≤100
2152581551622040,Paul Mossman For City Council,Paul Mossman Campaign Committee,≤100
108716317573380,David R Hamman for US Congress,DAVID R HAMMAN FOR CONGRESS,≤100
33110852384,Doctors Without Borders/ Médecins Sans Frontières (MSF),Doctors Without Borders/Médecins Sans Frontières (MSF),≤100
104856814505092,The Kids Guide,The Kids Guide,≤100
9324910069,NRSC,NRSC,≤100
109092142462587,Adam Schiff,SCHIFF FOR CONGRESS,≤100
1615018905412860,Progressive Turnout Project,PROGRESSIVE TURNOUT PROJECT,≤100
108548583863696,Becky Gardner,Friends of Becky Gardner,≤100
106630170901773,Ikaika Rodenhurst,Friends of Ikaika Rodenhurst,≤100
113137723493378,Kathy Davenport for City Council,Friends of Kathleen Davenport,≤100
2352630938293825,Mytacticalpromos,Entremax,≤100
110177119192569,Knightscope,William Li,≤100
153080620724,Donald J. Trump,"DONALD J. TRUMP FOR PRESIDENT, INC.",≤100
104767014528999,Stacy Higa for Mayor,Friends of Stacy Higa,≤100
165987503528599,Lindsey Graham,"TEAM GRAHAM, INC.",≤100
109791060583054,Adrian Tam,Friends of Adrian Tam,≤100
163148530407080,Captain Mark Kelly,MARK KELLY FOR SENATE,≤100
602714436529710,End Citizens United,END CITIZENS UNITED,≤100
127225910653607,PragerU,PragerU,≤100
405856826499790,Jeanné Kapela,Friends of Jeanné Kapela,≤100
105732744375701,Steve Bullock,MONTANANS FOR BULLOCK,≤100
203197030603239,8 Billion Trees,8 Billion Trees LLC,≤100
240532939344886,Mitch Roth for Mayor,Friends of Mitch Roth,≤100
111393882812494,Amy McGrath,"AMY MCGRATH FOR SENATE, INC.",≤100
103733721371225,Aja Eyre for Maui County Council,Friends of Aja Eyre,≤100
105684314394816,John Clark for Hawaii State Senate,FRIENDS OF JOHN CLARK,≤100
168051710543266,Lacy Johnson,Lacy Johnson for Congress,≤100
176789922364429,Steve Daines,STEVE DAINES FOR MONTANA,≤100
119326213145,Sierra Club of Hawai'i,Sierra Club,≤100
359477377917,American Federation for Children,American Federation for Children,≤100
96935476345,Democratic Governors Association (DGA),DEMOCRATIC ACTION,≤100
588113904993568,Kai Kahele,KAHELE FOR CONGRESS,≤100
328072970642479,Jaime Harrison,JAIME HARRISON FOR US SENATE,≤100
101799514780824,"Earl Tsuneyoshi, Honolulu City Council, District 9- Candidate",Earl Yuji Laniki Tsuneyoshi,≤100
234217233822335,BiteGamingg,These ads ran without a disclaimer,≤100
328853823844484,Balance of Power,Balance of Power,≤100
296708523873754,Karla Dennis and Associates Inc.,"Karla Dennis & Associates, Inc",≤100
7814597100,Jim Jordan for Congress,JIM JORDAN FOR CONGRESS,≤100
1449461518652183,4Patriots,4Patriots LLC,≤100
1336293769761923,Jon Ossoff,JON OSSOFF FOR SENATE,≤100
102671331487937,I Love My Freedom Store,I Love My Freedom,≤100
108481950849713,Keoni Souza for OHA,Friends of Keoni Souza,≤100
8934429638,Planned Parenthood Action,Planned Parenthood Action Fund,≤100
100420108390275,Greg Thielen For City Council,Friends Of Greg Thielen,≤100
109111900634787,Reverend Raphael Warnock,WARNOCK FOR GEORGIA,≤100
185019995409718,Tina for South Maui,Supporters For Tina Wildberger,≤100
281564034037,AARP Hawaii,AARP,≤100
25852730092,Care2,Care2 Inc,≤100
18982436812,ACLU,American Civil Liberties Union,≤100
271835899503405,Dr. Addison Bulosan,Campaign for Dr. Addison Bulosan,≤100
259130650776119,Mitch McConnell,MCCONNELL SENATE COMMITTEE,≤100
791543660926838,"I'll go ahead and keep my guns, Thanks",2A4LIFE LLC,≤100
1759977540905526,Vote Kim Coco,Friends of Kim Coco,≤100
228661587494398,Friends of Heather Kimball,Friends of Heather Kimball,≤100
38235851310,USA for UNHCR,UNITED STATES ASSOCIATION FOR UNHCR,≤100
106530647754719,Harry Kim for Mayor,Harry Kim for Mayor,≤100
101279451606075,Democratic Strategy Institute,Democratic Strategy Institute,≤100
103671161386149,Mayor Bud Stonebraker,Friends of Bud Stonebraker,≤100
2352551028300986,Honua Ola,Honua Ola Bioenergy,≤100
665345483483486,NRA - National Rifle Association of America,NATIONAL RIFLE ASSN OF AMERICA,≤100
345504286342057,Keeping America Great Again,RightWingGear.com,≤100
25055115099,Intuit,INTUIT INC.,≤100
15239367801,The Wilderness Society,"WILDERNESS SOCIETY, THE",≤100
167586229923327,World Food Program USA,World Food Program USA,≤100
135148400213767,Friends of Tim Richards,Friends of Tim Richards,≤100
6165653060,AFSCME,AMERICAN FEDERATION OF STATE COUNTY & MUNICIPAL EMPLOYEES,≤100
2353537341582545,Proud Patriots,Proud Patriots,≤100
738321313044906,Amy Perruso,Friends of Amy Perruso,≤100
121413376793,"Leavitt, Yamane & Soldner","LEAVITT, YAMANE & SOLDNER, ATTORNEYS AT LAW, A LAW CORPORATION",≤100
106244251043808,Reuse Plastics,"AMERICAN CHEMISTRY COUNCIL, INC.",≤100
152236424848913,Hawai‘i Appleseed Center for Law and Economic Justice,HAWAII APPLESEED CENTER FOR LAW AND ECONOMIC JUSTICE,≤100
115269000119357,Derek Turbin for State House,Friends of Derek Turbin,≤100
8325302025,Friends of the Earth U.S.,Friends of the Earth,≤100
342294162453301,Planned Parenthood,Planned Parenthood Federation of America,≤100
1025055787535714,A Case for Women,A Case for Women,≤100
5435784683,Greenpeace USA,"GREENPEACE, INC.",≤100
7976226799,The Daily Show,Comedy Central,≤100
104504438466,Federal Voting Assistance Program - FVAP,Federal Voting Assistance Program,≤100
420909521713951,Choon James For MAYOR,Choon James For Mayor,≤100
85452072376,Newsmax,Newsmax Media,≤100
166487290734893,Rep. Troy Hashimoto for House,Friends of Troy Hashimoto,≤100
30139072158,CARE,CARE,≤100
336366733722481,Hui ʻOihana - Hawaiʻi Island Native Hawaiian Chamber of Commerce,Hui ʻOihana,≤100
92925746942,Judicial Watch,Judicial Watch,≤100
97493741436,John W. Hickenlooper,HICKENLOOPER FOR COLORADO,≤100
6820348410,Kirsten Gillibrand,Off the Sidelines,≤100
23875187730,Feeding America,Feeding America,≤100
221737825045321,Trish La Chica for Mililani State House District 36,TLC For Mililani,≤100
18813753280,Human Rights Campaign,"HUMAN RIGHTS CAMPAIGN, INC.",≤100
24330467048,Americans for Prosperity,AMERICANS FOR PROSPERITY,≤100
332716170522025,America First Action,America First Action,≤100
2267285956849056,Donald Trump 2020 Fans,I Love My Freedom,≤100
15687409793,World Wildlife Fund,World Wildlife Fund,≤100
1609349729157998,Will Espero for Hawaii,Friends of Will Espero,≤100
6041057841,The Humane Society of the United States,"HUMANE SOCIETY OF THE UNITED STATES, THE",≤100
103480581272569,Lisa Marten Hawaii,Friends of Lisa Marten,≤100
185268212268839,Micah Pregitzer,Friends of Micah Pregitzer For Office,≤100
107126920907174,Ikaika Marzo,Marzo 4 Mayor,≤100
107654924064350,Pat Timmons-Goodson,PATRICIA TIMMONS-GOODSON FOR CONGRESS,≤100
8047221596,Save the Children US,"SAVE THE CHILDREN FEDERATION, INC.",≤100
309308412520731,Sandy Hook Promise,Sandy Hook Promise,≤100
16477459734,League of Conservation Voters,"LEAGUE OF CONSERVATION VOTERS, INC",≤100
228754857151053,House Majority PAC,House Majority PAC,≤100
132492254050920,American AF,AAF Nation,≤100
409691182427519,Clean Water Honolulu,City and County of Honolulu,≤100
115379705206001,U.S. Department of Homeland Security Blue Campaign,DHS Blue Campaign,≤100
830121337093232,National Democratic Training Committee,NATIONAL DEMOCRATIC TRAINING COMMITTEE PAC,≤100
114625730266879,Republican Voters Against Trump,Defending Democracy Together,≤100
159964696102,Kevin McCarthy,KEVIN MCCARTHY FOR CONGRESS,≤100
7833534974,Florida Democratic Party,Florida Democratic Party,≤100
178835922297833,American Clinical Laboratory Association,American Clinical Laboratory Association,≤100
107758757670203,BLM Direct,BLM Store LLC,≤100
57259033959,AARP,AARP,≤100
1000282923390749,Cedric for Hawai'i 2020,Cedric S Gates,≤100
1095771340486187,Friends of James Logue,Friends of James Logue,≤100
108794587327155,Good Programs 2020,Trevor Dale Seaks,≤100
257019421075897,Cory Gardner,Cory Gardner for Senate,≤100
73970658023,International Rescue Committee,International Rescue Committee,≤100
100247058343754,Mokihana Maldonado,Friends of Mokihana Maldonado,≤100
373814729643508,Let America Vote,LET AMERICA VOTE PAC,≤100
100233068289560,Kanani Souza for State House,Friends of Kanani Souza,≤100
1061240530648502,Joe Collins,JOE COLLINS FOR CONGRESS,≤100
264498186977194,Kym Pine,Kym Pine,≤100
151525932186806,When Democrats Turn Out,WHEN DEMOCRATS TURN OUT PAC,≤100
17911165812,Covenant House International,Covenant House,≤100
87777747127,Greg Palast,Palast Investigative Fund,≤100
106075520909164,Vote Bethany Morrison,Friends of Bethany Morrison,≤100
259212814698356,Democratic Majority for Israel,Democratic Majority for Israel,≤100
107858693983382,The GOP Shop,The GOP Shop,≤100
92021268117,Working America,Working America,≤100
103644036958,United Association,United Association Political Education Committee,≤100
115514703152910,Tante Urban For Mayor 2020,Friends of Tante Urban for Mayor,≤100
193618220508,LIFE Today,LIFE Outreach International,≤100
2185993931653388,The Recount,"Recount Media, Inc",≤100
309798029121030,Everytown for Gun Safety,Everytown for Gun Safety Action Fund Inc,≤100
35169196082,Project HOPE,"PROJECT HOPE-THE PEOPLE-TO-PEOPLE HEALTH FOUNDATION, INC.",≤100
5633824547,FreedomWorks,"FREEDOMWORKS, INC.",≤100
1883837055193241,Shield Republic,Shield Republic,≤100
6236054211,Brady,Brady Campaign to Prevent Gun Violence,≤100
228132537208218,Tammy Duckworth,TAMMY FOR ILLINOIS,≤100
191399361209862,Vote Lee Loy,Vote Lee Loy,≤100
265268336865693,Do Amore,Do Amore Limited Company,≤100
103319231415843,Vicki Higgins for Hawaii State Senate,Vicki Higgins for Hawaii State Senate 2020,≤100
1690071827911682,Cleancult,cleancult,≤100
355316521236121,John Cornyn,TEXANS FOR SENATOR JOHN CORNYN INC.,≤100
928157573942277,Friends of Eileen Ohara,Friends of Eileen Ohara,≤100
605168822998856,314 Action,314 ACTION FUND,≤100
114710126648118,Republican Dogs,Republican Dogs,≤100
1079789672084038,SimonBooks,Simon & Schuster,≤100
1228396643984955,Michelle Steel,Michelle Steel for Congress,≤100
433919203362871,Bird + Stone,BIRD & STONE INC,≤100
278490715553293,Martha McSally,MCSALLY FOR SENATE INC,≤100
27311599342,Preemptive Love,Preemptive Love Coalition,≤100
181183059253295,Dorsal Bracelets,Dorsal Bracelets,≤100
197090980416682,Keli'i Akina,Kelii Akina Campaign Committee,≤100
1109093812491437,Blaze Media,Blaze Media LLC,≤100
580610428636345,Fight for $15,Fight for $15,≤100
113666459994300,Big Dan Rodimer for Congress,RODIMER FOR CONGRESS,≤100
105485617842276,Shane for OHA,Friends of Shane Nelsen,≤100
101181794707874,United Research Group,United Research Group,≤100
107150077720746,American Collectibles,Christopher Walter Adams,≤100
5720973755,Defenders of Wildlife,DEFENDERS OF WILDLIFE,≤100
794490553914304,Dr. Nina Ansary,"Revela Press, LLC",≤100
628891490457484,Nancy Mace,Nancy Mace for Congress,≤100
6820348410,Kirsten Gillibrand,Gillibrand for Senate,≤100
723230294365909,Ho'ola Na Pua,Ho'ola Na Pua,≤100
196382377057315,Learn Our History,Learn Our History,≤100
312637845576285,Matt LoPresti - Politician,Friends for Matthew LoPresti,≤100
142370046577999,Shahid Buttar for Congress,Shahid Buttar for Congress Committee,≤100
103185334702225,Stop Trump PAC,STOP 45 PAC,≤100
6204742571,Sierra Club,SIERRA CLUB,≤100
118303441570966,Home Ownership Matters,NATIONAL ASSOCIATION OF REALTORS,≤100
106323360959211,Patriots Republic,Matthew James Stine,≤100
327837911149503,2A4Life,2A4LIFE LLC,≤100
834645469890446,Devin Nunes,DEVIN NUNES CAMPAIGN COMMITTEE,≤100
7292655492,MoveOn,MOVEON.ORG POLITICAL ACTION,≤100
111654690603599,NUIRC,Nonprofit Unemployment Insurance Relief Coalition (NUIRC),≤100
105577974544303,The USA Needs More Patriots,AmeriPolling,≤100
105084617912738,PatriotQuizzes,patriotquizzes.com,≤100
19972147679,SEIU,SEIU,≤100
110018833813683,Flip the Senate,SMP,≤100
428807230633587,ACLU Hawai‘i,Kathleen Marie Wong,≤100
102592959026,Ocean Conservancy,"OCEAN CONSERVANCY, INC.",≤100
27544763621,Prison Fellowship,Prison Fellowship,≤100
38471053686,Elizabeth Warren,"WARREN DEMOCRATS, INC.",≤100
140357056032320,NEA Today,National Education Association,≤100
111428049989,Cal Cunningham,CAL FOR NC,≤100
2189265054726827,Liberty Tee Shop,www.libertyteeshop.com,≤100
8532248414,Wounded Warrior Project,"WOUNDED WARRIOR PROJECT, INC.",≤100
105060677844787,Bill Savings,Bill Savings,≤100
100137754724934,Trump 2020 Supporters,Proud Right Winger,≤100
894096170667732,Ashley Hinson,Ashley Hinson For Congress,≤100
112190350313268,Inaba for Council District 8,Friend of Holeka Inaba,≤100
107207780965414,Paul Shiraishi for State Senate,Friends of Paul Shiraishi,≤100
215968684159,AFT - American Federation of Teachers,American Federation of Teachers,≤100
107953199261156,ifaw,"INTERNATIONAL FUND FOR ANIMAL WELFARE, INC.",≤100
105829564471772,Patriots Stand Together,Trizzie Truong,≤100
101459098271864,Vets United,Jae W Seo,≤100
113607417018084,Lei Kihoi for OHA Hawai‘i Island Trustee 2020,Lei Kihoi,≤100
788394134539871,USPS Business,United States Postal Service,≤100
106645684412573,Cover Air Medical,Cover Air Medical,≤100
169710960125365,Curzio Research,Curzio Research Inc.,≤100
6231686654,Compassion International,"COMPASSION INTERNATIONAL, INCORPORATED",≤100
103597604713894,Team Trump Store,TRUMP MAKE AMERICA GREAT AGAIN COMMITTEE,≤100
206677396413254,Abortion On Our Own Terms,Abortion On Our Own Terms,≤100
465483726908192,iVote,IVote Civic Education Fund,≤100
45393753416,Alliance Defending Freedom,Alliance Defending Freedom,≤100
110974960642149,Proudly American,Grant Alan Johnston,≤100
118502801658228,Young Kim,Young Kim for Congress,≤100
15041226930,Oxfam,"OXFAM AMERICA, INC.",≤100
8501031021,VoteVets.org,VOTEVETS,≤100
461204744067686,Family Protection Association,Family Protection Association,≤100
17432811417,Working Families Party,Working Families Party National Independent Expenditure Committee,≤100
1917715138510680,Follow Your Legend,Legend Bracelet,≤100
251177135604898,"Main Street Law Firm, PLLC","Main Street Law Firm, PLLC",≤100
303061950155375,John James,"JOHN JAMES FOR SENATE, INC.",≤100
107150077720746,American Collectibles,Proud Patriots,≤100
780941275347834,Ilhan Omar,ILHAN FOR CONGRESS,≤100
115364585711,Lawyers' Committee for Civil Rights Under Law,Lawyers' Committee for Civil Rights Under the Law with Facebook Ad Credits,≤100
313097997669,StreetLightUSA,StreetLightUSA,≤100
1836138529938551,Greater Half,Greater Half,≤100
209516845093,NRDC Action Fund,NRDC Action Fund,≤100
72931140459,Center for Biological Diversity,"CENTER FOR BIOLOGICAL DIVERSITY, INC.",≤100
69039563201,Open Doors USA,"OPEN DOORS WITH BROTHER ANDREW, INC.",≤100
8321461609,MomsRising.org,MomsRising Together,≤100
1526736227567131,TrueCoverage,True Coverage,≤100
7292655492,MoveOn,MOVEON.ORG CIVIC ACTION,≤100
100256754899828,Patriot's Cave,Patriots Cave,≤100
971668776283950,PolicyEd,Hoover Institution,≤100
171651620209487,Brady PAC,Brady Pac,≤100
87186661244,Johns Hopkins Bloomberg School of Public Health,Johns Hopkins Bloomberg School of Public Health,≤100
1204754733024419,People's Power Grab,ACRONYM,≤100
407664862957433,Ammar Campa-Najjar for Congress,AMMAR CAMPA-NAJJAR FOR CONGRESS,≤100
72186095846,Center For American Progress Action Fund,Center for American Progress Action Fund,≤100
329284771298646,Issue One Action,Issue One Action,≤100
104934207736995,Paycheck to Paycheck,Center for American Progress Action Fund,≤100
103840757886247,Akao for House 51,Akao For House 51,≤100
297254237585636,Sheriff Strafe,These ads ran without a disclaimer,≤100
101591551371555,Fire Mitch. Save America.,SAVE AMERICA FUND,≤100
1600352356914768,PushBlack,PushBlack,≤100
107398241021186,The John Lewis Bridge Project,John Lewis Bridge Project,≤100
166166843531258,National Council of Resistance of Iran - شورای ملی مقاومت ایران,MEK-Iran (Saeid Saadati),≤100
113702026736466,National Parks Action Fund,National Parks Action Fund,≤100
176466646087311,DC Fawcett,Donald Chappell Fawcett,≤100
100757504960070,Concealed_Country,Concealed Country,≤100
21375324480,The Heritage Foundation,HERITAGE FOUNDATION (THE),≤100
560140464159364,Stand for the 2nd Amendment,SFT2 Tactical Supply,≤100
126694924050678,Xavier Becerra,Becerra for Attorney General 2022,≤100
121626482110,Operation Smile,"OPERATION SMILE, INC.",≤100
2339203789732156,Kim Mangone for Congress,COMMITTEE TO ELECT KIM MANGONE FOR CONGRESS,≤100
653079394725698,Aspiration,Aspiration,≤100
746938465317981,Nuclear Matters,Nuclear Matters,≤100
114813146890875,Noelani Cashman-Aiu for OHA,Friends Of Noelani Cashman-Aiu,≤100
596556607135301,The Earthling Co.,The Earthling Co.,≤100
586751814690068,Joni Ernst,Joni for Iowa,≤100
376776419037747,Turning Point USA,Turning Point USA,≤100
85273022315,NAMI,NAMI,≤100
105010030848236,Bryant Cameron Webb,DR. CAMERON WEBB FOR CONGRESS,≤100
245284549333866,ASMDSS,ASMDSS,≤100
402969533432277,Cisneros for Congress,CISNEROS FOR CONGRESS,≤100
683872625157265,Theresa Greenfield,THERESA GREENFIELD FOR IOWA,≤100
1338822066131069,Women's March,Women's March,≤100
102347958038811,Mike Ruggles for Mayor,Leah Langdon Henry,≤100
717115395103069,PrintedKicks,Printed Kicks,≤100
1628679613829742,Josh Hicks,Josh Hicks for Congress,≤100
139599847972,National Nurses United,National Nurses United,≤100
163302087408673,Stop The Donald,Stop the Donald,≤100
496696933682736,Jeff Merkley,JEFF MERKLEY FOR OREGON,≤100
111702860231554,Matt Lieberman,Matt Lieberman for Senate,≤100
7962229886,Environmental Working Group,ENVIRONMENTAL WORKING GROUP,≤100
101210588150219,Boy Scouts Abuse Claims,X Social Media LLC,≤100
11791104453,NRDC,Natural Resources Defense Council,≤100
55549065733,Voto Latino,VOTO LATINO INC.,≤100
46093654473,National Republican Congressional Committee,NRCC,≤100
1745691098822972,Brad Parscale,TRUMP MAKE AMERICA GREAT AGAIN COMMITTEE,≤100
112566877032386,Michael Chapman for State House HI-45,Friends of Michael Chapman,≤100
106224464107240,Jo Jorgensen,Jo Jorgensen for President,≤100
21559454473,FAIR,FEDERATION FOR AMERICAN IMMIGRATION REFORM,≤100
598924810530984,Keeping America Great,FamTeeWorld,≤100
130467958471,Jason Lewis,Jason Lewis for Senate,≤100
2165983337048601,LeverforChange,Lever for Change,≤100
15188122178,The Hamilton Collection,The Hamilton Collection,≤100
20876805343,March of Dimes,MARCH OF DIMES INC.,≤100
158791100909689,Concerned Veterans for America,Concerned Veterans for America,≤100
30914589895,The International Fellowship of Christians and Jews,"INTERNATIONAL FELLOWSHIP OF CHRISTIANS & JEWS, INC.",≤100
1934191280189700,Health Care Voter,Health Care Voter,≤100
142665849854371,House Freedom,HOUSE FREEDOM FUND,≤100
143986912311328,University of Vermont Continuing and Distance Education,University of Vermont,≤100
232201568659,Pacific Justice Institute,PACIFIC JUSTICE INSTITUTE,≤100
1679521432262834,Physicians Grassroots Network,American Medical Association,≤100
103235554648484,Elect Scientists,314 ACTION FUND,≤100
106487520883333,Cardinal & Pine,Courier Newsroom,≤100
101136147910784,Represent Justice,Represent Justice,≤100
2025207544419903,The Last Coat - TLC Products,Chad Shaady Fawzi Hamzeh,≤100
149081336362,AmeriCorps VISTA,Corporation for National and Community Service,≤100
219224241438635,Compassion & Choices,COMPASSION & CHOICES,≤100
249455845761285,Lindsey Must Go,LMG PAC,≤100
105060269781,Premiere Collectibles,"Premiere Marketing, Inc.",≤100
2225580284361712,Tommy Tuberville,"TUBERVILLE FOR SENATE, INC.",≤100
15240089946,Costco,Costco Wholesale,≤100
49651563727,Live Action,Live Action,≤100
210277954204,The Young Turks,"The Young Turks, Inc.",≤100
109259090549237,Yes on National Popular Vote,Yes on National Popular Vote,≤100
412302902150250,Dairy Good,These ads ran without a disclaimer,≤100
1194865807192273,Conservative Gear,Outergoods LLC,≤100
419237048158257,Susan Collins,COLLINS FOR SENATOR,≤100
23996308754,Senate Conservatives,SENATE CONSERVATIVES FUND,≤100
223055747744143,Beto O'Rourke,Powered By People,≤100
19342050934,Leadership Institute,LEADERSHIP INSTITUTE INC,≤100
203330919857759,All On The Line,National Redistricting Action Fund,≤100
50982313030,Food & Water Watch,Food & Water Watch,≤100
592707041080920,Stand Together,Stand Together Chamber of Commerce Inc.,≤100
102617961152741,Barbara Bollier,BOLLIER FOR KANSAS,≤100
130945114804,World Jewish Congress,WORLD JEWISH CONGRESS AMERICAN SECTION INC,≤100
183517831660100,Morning Consult,Morning Consult LLC,≤100
601108943431836,The Flip Side,TFS Inc,≤100
342887442508723,Convention of States,Convention of States Action,≤100
108118933908193,Next Level Goods,Next Level Goods LLC,≤100
11111618026,Union of Concerned Scientists,"UNION OF CONCERNED SCIENTISTS, INC.",≤100
305832706292882,American Gun Association,GunAssociation.org,≤100
53541257714,The Arc of the United States,The Arc with Facebook Ad Credits,≤100
18709174006,National Audubon Society,"NATIONAL AUDUBON SOCIETY, INC.",≤100
152264148166020,Moms Clean Air Force,Moms Clean Air Force,≤100
111929803714895,SN Research,Story Network Foundation,≤100
194115677277113,A21,A21 with Facebook Ad Credits,≤100
282328882639479,Quibi,These ads ran without a disclaimer,≤100
67626834312,National Women's Law Center,National Women's Law Center,≤100
219247332354785,Phil Arballo for Congress,ARBALLO FOR CONGRESS,≤100
61265398450,AmeriCorps NCCC,Corporation for National and Community Service,≤100
316887658336677,My Control Card,"NETSPEND HOLDINGS, INC.",≤100
107210084216238,Humanity Forward,Humanity Forward,≤100
205395906412,UAW International Union,"INTERNATIONAL UNION, UNITED AUTOMOBILE, AEROSPACE AND AGRICULTURAL IMPLEMENT WORKERS OF AM",≤100
7219151423,The Fund for American Studies (TFAS),The Fund for American Studies,≤100
302182941354,AARP Advocates,AARP,≤100
51379424899,Mercy Ships,MERCY SHIPS INTERNATIONAL,≤100
112431050497386,Patriotism For Life,Vivian Lam Nguyen,≤100
115286365119,National Pork Board,National Pork Board,≤100
8934429638,Planned Parenthood Action,Planned Parenthood Votes,≤100
8749090685,GoDaddy,GoDaddy,≤100
56332452163,AMA Patients Action Network,American Medical Association,≤100
245741028804051,Barbara Sinatra Center,Barbara Sinatra Children's Center,≤100
186932688457686,CHNGE,CHNGE,≤100
331037760381749,Sierra Magazine,SIERRA CLUB,≤100
23790541544,Democrats,DCCC,≤100
143729616392084,Van Drew for Congress,Van Drew for Congress,≤100
21834534343,Volunteers of America,"VOLUNTEERS OF AMERICA, INC.",≤100
142992759853421,Be A Hero,BE A HERO PAC,≤100
546066468753446,Black Health Matters,BLACK HEALTH MATTERS FOUNDATION INC,≤100
10150100007820094,Wendy Davis,WENDY DAVIS FOR CONGRESS,≤100
110746996993983,The 'Gander Newsroom,Courier Newsroom,≤100
303167829786891,Ed Markey,THE MARKEY COMMITTEE,≤100
775525186130124,Center for a Free Economy,Center for a Free Economy,≤100
481559282597914,TrumpersUnite,Respect The Look,≤100
911828698840246,ReLEntless Defender Apparel,ReLEntless Defender Apparel,≤100
87977452433,Zumiez,Zumiez,≤100
106402714456835,Trees 4 Australia,Trees4Australia,≤100
655065784538368,PredictIt,"PredictIt - Prediction Markets. A project of Victoria University of Wellington, PredictIt has been established to facilitate research into the way markets forecast events.",≤100
344690446467832,The Copper Courier,Courier Newsroom,≤100
259212814698356,Democratic Majority for Israel,DMFI PAC,≤100
1450930695222335,Kihei Community Association,KIHEI COMMUNITY ASSOCIATION,≤100
530604487365010,Old Glory Flagpole Kits,Service First Flag Poles,≤100
745910525468062,National Center on Sexual Exploitation,National Center on Sexual Exploitation,≤100
200201209253,Latino Community Foundation,Latino Community Foundation,≤100
1709145412721991,The Center for Growth and Opportunity at Utah State University,The Center for Growth and Opportunity,≤100
102636677971854,Trump Is The Storm,Legendary Trump Coins,≤100
197760674021143,Indivisible Guide,INDIVISIBLE ACTION,≤100
530604487365010,Old Glory Flagpole Kits,Service First,≤100
354851377936744,BookTV,C-SPAN,≤100
17432811417,Working Families Party,Working Families Party,≤100
422202764649078,Rhode Island Department of Education - RIDE,Rhode Island Department of Education,≤100
1640970822834351,Plaine Products,Plaine Products,≤100
83290028957,Care Net,CARE NET,≤100
1055873511190792,Hello Resistance,Hello Resistance Apparel,≤100
2012750189007245,Liquid Death Mountain Water,Liquid Death,≤100
281844617168,Jewish Voice Ministries International,JEWISH VOICE MINISTRIES INTERNATIONAL,≤100
934438026690635,YouGov,YOUGOV AMERICA INC.,≤100
346390085432744,Sean Patrick Maloney,SEAN PATRICK MALONEY FOR CONGRESS,≤100
101324451668413,Hot US Gears,Click Wonders,≤100
107234674355454,2bkkstore,Kim Yen Nguyen,≤100
134452023239984,Human Coalition,Human Coalition,≤100
153278754738777,Climate Reality,The Climate Reality Project,≤100
6713653788,Gary Peters,PETERS FOR MICHIGAN,≤100
105577974544303,The USA Needs More Patriots,Anthony Alexander Morales,≤100
169130743498585,Tactical Pro Supply,Chad Keller,≤100
217976018236954,OutKick,Outkick Media LLC,≤100
1799282383731277,TwoSeventy,Alexander Jared Deutsch,≤100
104051398040027,CCW Online Now_,Concealed Country,≤100
21395843375,Dialysis Patient Citizens,DIALYSIS PATIENT CITIZENS INC,≤100
105929991030423,My Freedom Jersey,"My Freedom Jersey, LLP",≤100
1530883997194411,United States Constitution,Flag and Cross,≤100
13063797831,Ben Ray Luján,PEOPLE FOR BEN,≤100
36872302227,Cory Booker,Cory Booker for Senate,≤100
1658135304460341,MANG,MANG,≤100
2309566456030859,Human Coalition Action,Human Coalition Action,≤100
122475637000,Georgia Forestry Association,Georgia Forestry Association,≤100
166438043490120,AR500 Armor,These ads ran without a disclaimer,≤100
1925751504337881,MJ Hegar,MJ FOR TEXAS,≤100
29770886815,Marijuana Policy Project,Marijuana Policy Project,≤100
192015461630968,Supporting Our Brave Veterans,James Brian Plouf,≤100
69983322463,Ted Cruz,TED CRUZ FOR SENATE,≤100
7263476274,Mercy Corps,Mercy Corps,≤100
396932197039819,SafeSleeve,"SafeSleeve, LLC",≤100
101176014673943,Michelle for Kansas,MICHELLE FOR KANSAS,≤100
105566671190013,What We All Need,Patrick Le Tran,≤100
153678684700451,American Investment Council,AMERICAN INVESTMENT COUNCIL,≤100
317284821682168,Messianic Jewish Alliance of America (MJAA),Messianic Jewish Alliance of America,≤100
100697751658498,Stronger.org,Christopher Michael Norris,≤100
50711561090,Muslim Advocates,MUSLIM ADVOCATES,≤100
2078647579047586,Project Pulso,Project Pulso,≤100
7209432197,Chris Coons,CHRIS COONS FOR DELAWARE,≤100
675471506247724,Adair for Congress,ADAIR FOR CONGRESS,≤100
117641114435,First Aid Beauty,First Aid Beauty,≤100
246846192720018,War On Our Future,The Years Project,≤100
360303722260,Kathleen Williams for Montana,KATHLEEN WILLIAMS FOR MONTANA,≤100
110849485902,United Way,United Way Worldwide with Facebook Ad Credits,≤100
166618413413767,Jay Sekulow,American Center for Law and Justice,≤100
277414242013,Joyce Elliott for Congress,JOYCE ELLIOTT FOR CONGRESS,≤100
375760676281438,Mermaid Straw,Mermaid Straw,≤100
100637888239523,Free Reign For All,Kin Ngai Yeung,≤100
135298176481584,Marine Corps Scholarship Foundation,Marine Corps Scholarship Foundation,≤100
1947525322184514,One Fair Wage,One Fair Wage,≤100
221401431386940,Pramila Jayapal,PRAMILA FOR CONGRESS,≤100
129255907131113,NumbersUSA,NUMBERSUSA EDUCATION AND RESEARCH FOUNDATION,≤100
223008867858902,American Action News,American Action News,≤100
24481937944,Theodore Roosevelt Conservation Partnership,"THEODORE ROOSEVELT CONSERVATION PARTNERSHIP, INC",≤100
101831013191301,The California Coast,California Coastal Commission Public Education Program,≤100
843026725707543,Maui Causes,Maui Causes,≤100
211642542220470,"AARP Medicare Supplement Plans, insured by UnitedHealthcare Insurance Co.",United Healthcare,≤100
13885075114,Action Against Hunger USA,ACTION AGAINST HUNGER - USA,≤100
102540204580217,UpNorthNews,Courier Newsroom,≤100
108173075911611,National Association of Letter Carriers,National Association of Letter Carriers,≤100
420785874975425,Conservative Institute,The Conservative Institute,≤100
123965317665623,N-Hance Wood Refinishing,N-Hance Inc.,≤100
201956993160690,MRCTV,MEDIA RESEARCH CENTER,≤100
112650016883848,Fair and Square,Fair And Square PAC,≤100
112600915451330,No Labels,No Labels,≤100
103617578071596,Anti-racism campaign,Anti-Racism Campaign,≤100
105222917615301,Jen Richardson for Congress,CITIZENS FOR JEN RICHARDSON,≤100
101078188352772,Proud Patriots With Credit Cards,Cassandra Annette Holland,≤100
197908256931216,Tim Ryan,TIM RYAN FOR CONGRESS,≤100
121033149320,American Indian College Fund,"AMERICAN INDIAN COLLEGE FUND, THE",≤100
124530924015,Hank Gilbert,HANK GILBERT FOR CONGRESS,≤100
1613516851999536,Sunrise Movement,Sunrise,≤100
101127364972509,Dems For USA,Dems For USA,≤100
922580991129339,People's Mojahedin Organization of Iran - MEK IRAN,MEK-Iran (Saeid Saadati),≤100
598720023670599,Jennifer Carroll Foy,Jennifer Carroll Foy for Governor,≤100
2283535575207809,Ditch Mitch,DITCH FUND,≤100
656263988182462,Bill Hagerty,TEAM HAGERTY,≤100
343714718985673,Think Wood,Think Wood,≤100
100142840161003,Billy Gene Is Marketing,These ads ran without a disclaimer,≤100
42872222699,Dana Loesch,Dana Loesch Radio,≤100
79125112926,Students for Life of America,"STUDENTS FOR LIFE OF AMERICA, INC.",≤100
1683659714985244,Phil Ehr,EHR FOR CONGRESS,≤100
195620754724,Helping Hand USA,HELPING HAND FOR RELIEF AND DEVELOPMENT INC.,≤100
856086028066485,Persona,"Persona Media, Inc.",≤100
103929304678916,Voter Action Project,Integrity First Voter Action Project,≤100
290851614930809,Combat AntiSemitism,Combat Anti-Semitism,≤100
360424321432255,Doha Debates,Doha Debates,≤100
61288747990,Real Warriors,Real Warriors Campaign,≤100
26668999076,The Cato Institute,"CATO INSTITUTE, INC.",≤100
31966561030,National Taxpayers Union,National Taxpayers Union,≤100
58158120046,ACLJ,American Center for Law and Justice,≤100
167139593306791,ACLU of Michigan,AMERICAN CIVIL LIBERTIES UNION,≤100
21647204289,Michigan Education Association,Michigan Education Association,≤100
181924628560212,SumOfUs,SumOfUs,≤100
28144169620,Alliance for Aging Research,Alliance for Aging Research,≤100
101165966152,AFL-CIO,AFL-CIO,≤100
104505064408799,Cove USA,"Cove USA, LLC",≤100
111970730196550,World War Zero,AMERICAN SECURITY PROJECT,≤100
106333028376,"Nichols Kaster, PLLP",Nichols Kaster PLLP,≤100
173837496125511,Conscious Step,Conscious Step,≤100
157307331013957,The History List,The History List,≤100
109360297266116,Fearless Patriot,TERESA NONE OHARA-MARSH,≤100
243947752771440,TJ Cox for Congress,TJ COX FOR CONGRESS,≤100
109678580574253,Politicool Clothing Co.,PolitiCoolClothing.com,≤100
108740417231320,Hawaii Don't Buy Sex,Elizabeth Marie Rush,≤100
333081284065216,Brynne Kennedy for Congress,BRYNNE KENNEDY FOR CONGRESS,≤100
810122486032496,Jackie Gordon,JACKIE GORDON FOR CONGRESS,≤100
393330191303459,YouGov Signal,YouGov US,≤100
154510321337994,Chris Pappas for Congress,CHRIS PAPPAS FOR CONGRESS,≤100
288110884600563,Lean In,"Sheryl Sandberg & Dave Goldberg Family Foundation d/b/a LeanIn.Org, LLC",≤100
145022042990911,MEK Iran,MEK-Iran (Saeid Saadati),≤100
48530203934,The American Alpine Club,"AMERICAN ALPINE CLUB, THE",≤100
169597416843751,Stand Up America,Stand Up America,≤100
308159713150350,Voter Protection Project,VOTER PROTECTION PROJECT,≤100
114475890010131,Piggy Dollar Financial,Tyler Wayne Hedland,≤100
104243792943104,Saybrook University,TCS Education System,≤100
1408321932578614,Andrés Cano,Andrés for Arizona | Authorized by Andrés Cano,≤100
192771954102960,Jordan Sekulow,American Center for Law and Justice,≤100
106140571085743,Natalia For Congress,NATALIA LINOS FOR CONGRESS,≤100
100527118370698,Trump Supporters United,Jae W Seo,≤100
551158678560402,Epimonia,Epimonia LLC,≤100
248181906078243,National Institute for Civil Discourse,CommonSense American,≤100
26006662641,Arizona Democratic Party,Arizona Democratic Party,≤100
1784991421516214,Seek Refuge,Seek Refuge,≤100
7100914121,American Experience | PBS,WGBH EDUCATIONAL FOUNDATION,≤100
52490448966,StorQuest,"WILLIAM WARREN GROUP, INC., THE",≤100
53541257714,The Arc of the United States,"ARC OF THE UNITED STATES, INC., THE",≤100
953113491536337,Black to the Future Action Fund,Black to the Future Action Fund,≤100
278355662356517,BallotReady,"BallotReady, Inc",≤100
131217580266597,National Council on Aging,"NATIONAL COUNCIL ON AGING, INC.",≤100
151944694884237,"Solidarity Strategies, LLC",Solidarity Strategies,≤100
176099072429809,Oceana in Florida,OCEANA,≤100
338361856190688,Nevada GOP,NEVADA REPUBLICAN CENTRAL COMMITTEE,≤100
19474609238,Mercatus Center at George Mason University,Mercatus Center at George Mason University,≤100
178024352559210,Great America PAC,GREAT AMERICA PAC,≤100
106003594486756,Standing Up Together,Annie Wang,≤100
408250066356,Bill O'Reilly,"Bill Me, Inc.",≤100
317667194946264,Ro Khanna,RO FOR CONGRESS INC,≤100
112735922758892,Charlie Kirk,Charlie Kirk,≤100
723136714746586,The Common Ground Project,"The Common Ground Project, Inc",≤100
106949844346620,Trumpian Republicans,Gregory Lawrence Burright,≤100
1765073800454902,Reform Austin,Reform Austin Inc.,≤100
814260155318929,The Fairness Project,The Fairness Project,≤100
103315378108004,True Patriot Strength,LE-HUU DONG HUYNH,≤100
138141366212571,Gravis Marketing,GRAVIS MARKETING INC.,≤100
260131294484,Bethesda Lutheran Communities,Bethesda Lutheran Communities,≤100
1807181726160635,Noble Energy,"NOBLE ENERGY, INC.",≤100
342294162453301,Planned Parenthood,These ads ran without a disclaimer,≤100
1402827079932843,Low Income Relief,The Lighthouse Information Network LLC,≤100
682990071843813,Center for the Study of Liberty,Center for the Study of Liberty,≤100
896759427103774,Modern Medicaid Alliance,Modern Medicaid Alliance,≤100
102745147891580,Trump Coolers,Eric Clifford Juels,≤100
276131699084792,YWAM Los Angeles,YWAM Los Angeles,≤100
169277310432049,"Texas Precision Optics, Inc.",Texas Precision Optics Inc,≤100
210357995667559,The National Memo,The National Memo,≤100
100233228182981,Madison Cawthorn for Congress,CAWTHORN FOR NC,≤100
10234472029,Council on Foreign Relations,Council on Foreign Relations,≤100
269819176888460,Digital Democrat,Grayson Alexander Pangilinan,≤100
357750373755,National Domestic Workers Alliance,National Domestic Workers Alliance,≤100
717417908274761,Lady Freethinker,Lady Freethinker,≤100
114971076538782,The Keystone,Courier Newsroom,≤100
73528878871,Center for Reproductive Rights,Center for Reproductive Rights,≤100
977704775606273,Balls Deep Tackle,Balls Deep Tackle,≤100
109866370700481,PushBlack Finance,PushBlack,≤100
107589664099282,Stand Up To China,"Stand Up To China, Inc.",≤100
2081864865362439,Mike Espy,MIKE ESPY FOR SENATE CAMPAIGN COMMITTEE,≤100
207549645977714,Families Belong Together,Families Belong Together,≤100
123963360928,SiriusXM,SIRIUS XM RADIO INC.,≤100
9316648525,The Chicago School of Professional Psychology,TCS Education System,≤100
350784278974539,Turning Point Action,Turning Point Action,≤100
101352851565699,Somos PAC,SOMOS PAC,≤100
2265971750329892,Dr. Manny Sethi for Senate,DR MANNY FOR US SENATE,≤100
104613081293345,With The Vote,With The Vote,≤100
1354622541311687,Dr. Kim Schrier,DR KIM SCHRIER FOR CONGRESS,≤100
251044965436699,Changing Dynamics,Riley Thomas Sutton,≤100
1813012495602677,HALO in Nagorno Karabakh,"HALO TRUST (USA), INC. (THE)",≤100
518194348194441,RepresentUs,RepresentUs,≤100
79820371749,Ayanna Pressley,THE COMMITTEE TO ELECT AYANNA PRESSLEY,≤100
950837325113887,Life Money Stuff,Life Money Stuff,≤100
195530355493,Chicks On The Right,Chicks on the Right,≤100
115589465160388,Scribner Books,Simon and Schuster,≤100
419992651425033,Guardianes del Pueblo-Consumer Law Group,Consumer Law Group,≤100
1654364364841305,Volinsky for New Hampshire,Volinsky for New Hampshire,≤100
907919839243616,My Faith Votes,My Faith Votes,≤100
1668350569891953,Rainbow Movement,William James Ulrich,≤100
28446275521,Military Officers Association of America (MOAA),Military Officers Association of America,≤100
1015449978587077,Alliance for Youth Action,The Alliance For Youth Action,≤100
59877921429,Lutheran Immigration and Refugee Service,"LUTHERAN IMMIGRATION AND REFUGEE SERVICE, INC.",≤100
17023576156,The Leadership Conference on Civil and Human Rights,The Leadership Conference on Civil and Human Rights,≤100
100503184678036,BioLargo Water Inc.,"BioLargo, Inc.",≤100
227535924071462,Animal Petitions,AnimalPetitions.org,≤100
112058837201547,Black Lives Matter Merch,Black Lives Matter Merch,≤100
785936231584382,Paula Jean Swearengin,Paula Jean for West Virginia,≤100
1452551204988299,GoReact,Speakworks Inc,≤100
592347634460462,Partnership for America's Health Care Future,Partnership for America's Health Care Future,≤100
241869749851122,Parents Against Vaping e-cigs,Steven Koester,≤100
2118624975095038,Stephen Daniel for Congress,STEPHEN DANIEL FOR CONGRESS,≤100
946887545335976,Association of American Universities,The Association of American Universities (AAU),≤100
587676831343390,Raheem AI,RAHEEM AI,≤100
102499901286348,Bold Vision P.C.,Bold Vision PC,≤100
1389807071117013,Lynn Afendoulis,Lynn Afendoulis for Congress,≤100
315151565831,Ascension,Ascension Press,≤100
103851564652,Waterkeeper Alliance,WATERKEEPER ALLIANCE INC,≤100
108296990863730,Hero Action Fund,Hero Action Fund,≤100
53727956260,Republican Jewish Coalition,Republican Jewish Coalition,≤100
334748476594191,Rodney Davis,Rodney for Congress,≤100
273023971533,Dennis Bonnen,Dennis Bonnen Campaign,≤100
129523843754764,Vote Smart,PROJECT VOTE SMART,≤100
171516669541491,Bright Hope,BRIGHT HOPE INTERNATIONAL,≤100
253791814655400,Doug Collins,"COLLINS FOR SENATE, INC.",≤100
174046949421616,Phenomenal Woman Action Campaign,Phenomenal Woman Action Campaign,≤100
115364585711,Lawyers' Committee for Civil Rights Under Law,LAWYERS' COMMITTEE FOR CIVIL RIGHTS UNDER LAW,≤100
2264090133834042,Invite Research,Precision Network,≤100
8550121410,Free Speech America Project,MEDIA RESEARCH CENTER,≤100
299295363912730,New Politics Leadership Academy,New Politics Leadership Academy,≤100
39432041915,Capital Research Center,CAPITAL RESEARCH CENTER INC,≤100
113223650193301,MAGA REVOLUTION,Apse Media LLC,≤100
128958937175029,Trivia Today,Benjamin Aaron Perlman,≤100
101459098271864,Vets United,Korie Lynn Padgett,≤100
399067003454888,Sudan Relief Fund,Sudan Relief Fund Inc,≤100
546707688675095,Smart Approaches to Marijuana,SAM Action,≤100
124626320898336,Catholic Extension,"CATHOLIC CHURCH EXTENSION SOCIETY OF THE UNITED STATES OF AMERICA, THE",≤100
357554791340788,Liker,Omar Rivero,≤100
1234251319933440,Exclusive Apparel,The Dude's Threads,≤100
856208611420219,Christina Finello,FINELLO FOR CONGRESS,≤100
468906559794011,LaunchGood,LaunchGood Inc.,≤100
108999884127251,McDavid Media,McDavid Media,≤100
345378512258813,Elise Stefanik,ELISE FOR CONGRESS,≤100
235762319779450,Omar Navarro,OMAR NAVARRO FOR CONGRESS,≤100
262905633727,Los Angeles Mission,"Los Angeles Mission, Inc.",≤100
22898109808,Grist.org,Grist Magazine,≤100
1000253160054572,Cori Bush,CORI BUSH FOR CONGRESS,≤100
111506250582498,Keeping Our Homes Safe,Steve San,≤100
114586880298786,Immigration Coach by the Schaefer Law Firm,Schaefer Law Firm PLLC,≤100
1551109418518461,The Honest Patriot,Amundson Media LLC,≤100
118144946259472,Marcus Chambers for Superintendent,Marcus D Chambers For Superintendent of Schools Campaign,≤100
109551610742579,Judge Dale Cohen,"Dale Cohen, Non-Partisan, for Circuit Court Judge Group 30",≤100
2259323457517498,Abolish the Electoral College,ABOLISH THE ELECTORAL COLLEGE,≤100
172758932738142,PhRMA,PHARMACEUTICAL RESEARCH AND MANUFACTURERS OF AMERICA,≤100
455147011996099,The Ann and Phelim Scoop,The Unreported Story Society,≤100
1203003053119398,Pallet Shelter,Pallet SPC,≤100
100119981671668,Blue Senate,BLUE SENATE PAC,≤100
104667417857551,United Association LLC,United Association LLC,≤100
101295517956158,Tricia Zunker for Wisconsin,Tricia Zunker for Wisconsin,≤100
10498053716,Media Research Center,MEDIA RESEARCH CENTER,≤100
300992409852,Hoover Institution,Hoover Institution,≤100
100543701730020,Against Hate at FSU,Against Hate at FSU,≤100
96171427550,Raja for Congress,FRIENDS OF RAJA FOR CONGRESS,≤100
466608670177692,Jonathan M. Tallman,Jonathan Tallman For State Representative,≤100
1439364926329185,Animal Matters,Animal Matters,≤100
159597424207730,David Perdue,PERDUE FOR SENATE,≤100
339432396135584,The Exodus Road,EXODUS ROAD INC,≤100
107428150756519,US Money Daily,USMoneyDaily,≤100
720943967965149,AFSCME Retirees,AMERICAN FEDERATION OF STATE COUNTY & MUNICIPAL EMPLOYEES,≤100
142432192446984,David Horowitz Freedom Center,David Horowitz Freedom Center,≤100
519590768083165,Abby Finkenauer for Congress,FINKENAUER FOR CONGRESS,≤100
103162411257510,Trumplican,USA Movements,≤100
394817334402124,2020 Trump Bill,Innovative Ecomm LLC,≤100
198875903295,Trek Bicycle,TREK BICYCLE CORPORATION,≤100
292351509697,Jerusalem Prayer Team,Jerusalem Prayer Team,≤100
30708742052,FCTRY,FCTRY,≤100
593289284500311,Trump Rack,BOXD Marketing,≤100
90498769709,Edenpure,EdenPURE®,≤100
105872574403318,Project TAMMI,a research grant at The National Center on Addiction and Substance Abuse (CASA),≤100
169440273093442,The Center for Election Science,The Center for Election Science,≤100
248306181862385,Live Lokai,Denise L Reina,≤100
412739549455010,Karena Reiter,PrimaDonna Reeds,≤100
108512875350,The Atlas Society,The Atlas Society,≤100
100414028232700,Zyppah,These ads ran without a disclaimer,≤100
1708467695859543,Veteran Transition Mission,Sonia Ivelisse Barriera Ayala,≤100
100401327980848,National Parents Union,National Parents Union,≤100
345946329411380,Petal Soap,Jason Paul Domangue,≤100
139441926128681,New Saint Andrews College,New Saint Andrews College,≤100
166087830076297,WebPT,WebPT,≤100
275908853303174,Pro-Israel America,Pro-Israel America United,≤100
43426724597,Paper Culture,Paper Culture LLC,≤100
111947013529488,Mosher2020,Mosher for Pima County Attorney,≤100
1852520761657982,4ocean,4ocean,≤100
113676922032321,Larry Elder,Salem Media,≤100
109379100777665,Patriotism Isn't Dead,Patriot Polling,≤100
110331043820765,Robert Wintner Author,Robert Michael Wintner,≤100
110089227413037,The Prepared Patriot,Edward Ha,≤100
186805048171120,U.S. & Texas LawShield,Texas LawShield,≤100
166738743732702,All Above All Action,All Above All Action Fund,≤100
102564128179023,Truth to Power,TRUTH TO POWER,≤100
1099478666810053,Meals For Pets,Meals for Pets,≤100
104051398040027,CCW Online Now_,Amil Esmailpour,≤100
1082522201878539,Gina Ortiz Jones for Congress,GINA ORTIZ JONES FOR CONGRESS,≤100
444843026057642,Born From A Wave,Born From A Wave LLC,≤100
1800072483402009,African Community & Conservation Foundation,African Community & Conservation Foundation,≤100
107289609296509,American Heart Association - Missouri,American Heart Association,≤100
629732217415068,Republican Party,Greater Half,≤100
331400597547732,A Kids Book About,These ads ran without a disclaimer,≤100
8321461609,MomsRising.org,MomsRising Education Fund,≤100
51405613519,Focus on the Family,Focus on the Family,≤100
9364828262,Citizens Against Government Waste,COUNCIL FOR CITIZENS AGAINST GOVERNMENT WASTE,≤100
100101018155207,Paid Leave for All,Paid Leave for All a project of Hopewell Fund,≤100
101391906600,Live Action News,Live Action News,≤100
293225127381200,Patriot Depot,The Patriot Depot,≤100
336470580233523,Pins and Aces Golf Co.,US Craft Brands LLC,≤100
105536127617594,The American Digest,The American Digest,≤100
493811210669780,Creative Action Network,Creative Action Network,≤100
164513254148611,America's Voice News,Barbara Jean Lawrence,≤100