﻿Location Name,Amount Spent (USD)
Alabama,90404
Alaska,24230
American Samoa,≤100
Arizona,337302
Arkansas,53150
California,749657
Colorado,143812
Connecticut,53186
Delaware,20966
Florida,726458
Georgia,235011
Guam,499
Hawaii,20500
Idaho,32235
Illinois,225978
Indiana,104959
Iowa,86823
Kansas,52092
Kentucky,98000
Louisiana,59887
Maine,54769
Maryland,90115
Massachusetts,164789
Michigan,318547
Minnesota,132860
Mississippi,47436
Missouri,106277
Montana,51256
Nebraska,34733
Nevada,81029
New Hampshire,39489
New Jersey,143534
New Mexico,49355
New York,325223
North Carolina,399629
North Dakota,12503
Ohio,230045
Oklahoma,67956
Oregon,82377
Pennsylvania,456649
Puerto Rico,1034
Rhode Island,17591
South Carolina,105302
South Dakota,15232
Tennessee,113366
Texas,500026
Unknown,≤100
Utah,54203
Vermont,9474
Virgin Islands (U.S.),≤100
Virginia,146856
Washington,132327
"Washington, District of Columbia",19859
West Virginia,30585
Wisconsin,257392
Wyoming,11519