﻿Page ID,Page Name,Disclaimer,Amount Spent (USD)
105732744375701,Steve Bullock,MONTANANS FOR BULLOCK,9940
105495747968644,Montana Transparency Report,The Montana Democrats,5211
102772418169411,Good Jobs MT,Good Jobs MT,3058
748857881986418,Montana True,SMP,2041
1155212867963791,AFP Action,"AMERICANS FOR PROSPERITY ACTION, INC.(AFP ACTION)",2008
700806360047982,CFG Action,Club for Growth Action,1984
172298889630363,Republican Attorneys General Association,REPUBLICAN ATTORNEYS GENERAL ASSOCIATION,1933
176789922364429,Steve Daines,STEVE DAINES FOR MONTANA,1665
153080620724,Donald J. Trump,TRUMP MAKE AMERICA GREAT AGAIN COMMITTEE,1541
360303722260,Kathleen Williams,KATHLEEN WILLIAMS FOR MONTANA,1522
22561081832,NRA Institute for Legislative Action,NRA Victory Fund,1359
1576552839287418,Senate Leadership Fund,Senate Leadership Fund,1208
109894877501594,Steve Daines Follows The Money,DSCC,1164
116287614512,Bryce Bennett,Bryce Bennett for Secretary of State,933
672910176482462,Raph Graybill for Attorney General,FRIENDS OF RAPH GRAYBILL,848
5633824547,FreedomWorks,FREEDOMWORKS FOR AMERICA,700
571748412859876,Matt Rosendale,Matt Rosendale for Montana,657
48837932638,Montana Democratic Party,Montana Democratic Party,586
7860876103,Joe Biden,BIDEN VICTORY FUND,544
211129648950315,Western Native Voice,Montana Department of Commerce,515
486742462081051,Mike Cooney for Governor,Cooney for Montana,511
567371470277443,The Wilderness Society Action Fund,The Wilderness Society Action Fund,481
107270433940925,Montana 55+ Action Fund,Montana 55+ Action Fund,471
925007000949719,ExxonMobil,Exxon Mobil Corporation,464
129255907131113,NumbersUSA,NUMBERSUSA EDUCATION AND RESEARCH FOUNDATION,455
1255514891283096,RGA Right Direction PAC,RGA RIGHT DIRECTION PAC,419
202626512363,U.S. Census Bureau,U.S. Census Bureau,319
308888643131439,Montana Census 2020,Montana Department of Commerce,300
1771156219840594,Team Trump,TRUMP MAKE AMERICA GREAT AGAIN COMMITTEE,296
302182941354,AARP Advocates,AARP,264
592347634460462,Partnership for America's Health Care Future,Partnership for America's Health Care Future,255
156968474833352,Stop Republicans,Stop Republicans,239
156474368333576,Secure Democracy,Secure Democracy,228
364218757636795,Forward Montana Foundation,Forward Montana Foundation,204
619476781405015,Billings Fire Fighters,Billings Firefighters IAFF Local 521,189
1615018905412860,Progressive Turnout Project,PROGRESSIVE TURNOUT PROJECT,184
747436915270894,Congressional Leadership Fund,CONGRESSIONAL LEADERSHIP FUND,144
165987503528599,Lindsey Graham,"TEAM GRAHAM, INC.",132
127755494595870,Progressive Takeover,PROGRESSIVE TAKEOVER,131
116415303521260,MT Counts,Forward Montana Foundation,130
2197543200459333,One Country Project,One Country Inc,120
105756057589080,The Lincoln Project,The Lincoln Project,≤100
791543660926838,"I'll go ahead and keep my guns, Thanks",2A4LIFE LLC,≤100
148205145252473,Backcountry Hunters & Anglers,Backcountry Hunters & Anglers,≤100
100391581727524,Defeat By Tweet,DEFEAT BY TWEET,≤100
24413227922,Kamala Harris,BIDEN VICTORY FUND,≤100
1061240530648502,Joe Collins,JOE COLLINS FOR CONGRESS,≤100
117144508670456,GUNVOTE,National Shooting Sports Foundation,≤100
96935476345,Democratic Governors Association (DGA),Democratic Governors Association,≤100
327837911149503,2A4Life,2A4LIFE LLC,≤100
127225910653607,PragerU,PragerU,≤100
114710126648118,Republican Dogs,Republican Dogs,≤100
20787991568,Senate Democrats,DSCC,≤100
2267285956849056,Donald Trump 2020 Fans,I Love My Freedom,≤100
104856814505092,The Kids Guide,The Kids Guide,≤100
6726182861,Mike Pence,TRUMP MAKE AMERICA GREAT AGAIN COMMITTEE,≤100
103983379801,Texas Democratic Party,SUPER STATES 2020,≤100
1449461518652183,4Patriots,4Patriots LLC,≤100
110018833813683,Flip the Senate,SMP,≤100
109439470678419,Robin Hammond for District Court Judge,Robin Hammond for Judge,≤100
101279451606075,Democratic Strategy Institute,Democratic Strategy Institute,≤100
100137754724934,Trump 2020 Supporters,Proud Right Winger,≤100
1316372698453411,Alexandria Ocasio-Cortez,Alexandria Ocasio-Cortez for Congress,≤100
259130650776119,Mitch McConnell,MCCONNELL SENATE COMMITTEE,≤100
602714436529710,End Citizens United,END CITIZENS UNITED,≤100
200650357207240,I Love My Freedom,I Love My Freedom,≤100
2352630938293825,Mytacticalpromos,Entremax,≤100
1556932204325823,ProgressPop,ProgressPop,≤100
1486786911550436,Montanans For Limited Government,MONTANANS FOR LIMITED GOVERNMENT,≤100
101165966152,AFL-CIO,AFL-CIO,≤100
476879826217260,Black for Montana,Mike Black for Montana Supreme Court,≤100
203197030603239,8 Billion Trees,8 Billion Trees,≤100
328072970642479,Jaime Harrison,JAIME HARRISON FOR US SENATE,≤100
163148530407080,Captain Mark Kelly,MARK KELLY FOR SENATE,≤100
428821014132730,Katie Porter,Katie Porter For Congress,≤100
830121337093232,National Democratic Training Committee,NATIONAL DEMOCRATIC TRAINING COMMITTEE PAC,≤100
342294162453301,Planned Parenthood,Planned Parenthood Federation of America,≤100
355316521236121,John Cornyn,TEXANS FOR SENATOR JOHN CORNYN INC.,≤100
168051710543266,Lacy Johnson,Lacy Johnson for Congress,≤100
278490715553293,Martha McSally,MCSALLY FOR SENATE INC,≤100
103868444686026,Katies Klass,Theofay Spencer,≤100
105577974544303,The USA Needs More Patriots,AmeriPolling,≤100
934438026690635,YouGov,YOUGOV AMERICA INC.,≤100
106224464107240,Jo Jorgensen,Jo Jorgensen for President,≤100
294558924293589,The Scoop,The Scoop Media Inc.,≤100
92925746942,Judicial Watch,Judicial Watch,≤100
1635441679872518,Kimberly Klacik,Kim Klacik for Congress,≤100
96935476345,Democratic Governors Association (DGA),DEMOCRATIC ACTION,≤100
443329669123990,USAFacts,USAFacts Institute,≤100
717115395103069,PrintedKicks,Printed Kicks,≤100
328853823844484,Balance of Power,Balance of Power,≤100
1528980567353817,Love Has No Labels,Love Has No Labels with Facebook Ad Credits,≤100
114054586907199,Ross Frazier for Montana HD 7,ROSS FRAZIER FOR HD 7,≤100
113891694102,Energy Citizens,AMERICAN PETROLEUM INSTITUTE,≤100
322954821077735,Tom Woods For Public Service Commission,Tom Woods for Public Service Commission,≤100
107210084216238,Humanity Forward,Humanity Forward,≤100
159964696102,Kevin McCarthy,KEVIN MCCARTHY FOR CONGRESS,≤100
140357056032320,NEA Today,National Education Association,≤100
104614641200137,MeidasTouch,MEIDASTOUCH,≤100
95356211637,Ben Ferguson,Ben Ferguson show,≤100
605168822998856,314 Action,314 ACTION FUND,≤100
85452072376,Newsmax,Newsmax Media,≤100
9324910069,NRSC,NRSC,≤100
106663044307859,Mike Sievert,"T-MOBILE USA, INC.",≤100
202531447982,Jimmy Chin,Protect Our Winters,≤100
51405613519,Focus on the Family,Focus on the Family,≤100
2353537341582545,Proud Patriots,Proud Patriots,≤100
102671331487937,I Love My Freedom Store,I Love My Freedom,≤100
481559282597914,TrumpersUnite,Respect The Look,≤100
109379100777665,Patriotism Isn't Dead,Patriot Polling,≤100
596556607135301,The Earthling Co.,The Earthling Co.,≤100
260713150211,Protect Our Winters,Protect Our Winters,≤100
1883837055193241,Shield Republic,Shield Republic,≤100
834645469890446,Devin Nunes,DEVIN NUNES CAMPAIGN COMMITTEE,≤100
101591551371555,Fire Mitch. Save America.,SAVE AMERICA FUND,≤100
2330577043935831,Sara Gideon,SARA GIDEON FOR MAINE,≤100
33713453361,Amazon Prime Video,Amazon Prime Video,≤100
105707511217866,Communities Joining Hands,Elena Zhan,≤100
215199482635728,Alek Skarlatos,ALEK FOR OREGON,≤100
95181800661,Levi's,Levi's®,≤100
101894128312659,My President,wowengraving,≤100
16477459734,League of Conservation Voters,"LEAGUE OF CONSERVATION VOTERS, INC",≤100
114009933764548,The Patriot Club,RightWingGear,≤100
408250066356,Bill O'Reilly,"Bill Me, Inc.",≤100
103597604713894,Team Trump Store,TRUMP MAKE AMERICA GREAT AGAIN COMMITTEE,≤100
213792049451918,Stand For America,Stand For America Inc,≤100
248775065305797,Black Butte Copper,Sandfire Resources America,≤100
1419388578092947,Anna Paulina Luna,ANNA PAULINA LUNA FOR CONGRESS,≤100
289529481685808,Mark Piskolich for Justice of the Peace,Mark Piskolich for Justice of the Peace,≤100
108754587444715,Retain Jason Marks for District Court Judge,Marks for Judge,≤100
435822183152685,Midas Gold,MIDAS GOLD CORP,≤100
236369846383459,Congressional Black Caucus PAC,Congressional Black Caucus PAC,≤100
114598196591931,Monica Tranel for PSC,Tranel for PSC,≤100
102806201452583,Candidates Video Debate,Informing to Empower,≤100
1374134752633656,New Health Plans,Shop Insurance Plans,≤100
10128918116,Gavin Newsom,NEWSOM FOR CALIFORNIA GOVERNOR 2022,≤100
8325302025,Friends of the Earth U.S.,Friends of the Earth,≤100
100256754899828,Patriot's Cave,Patriots Cave,≤100
7292655492,MoveOn,MOVEON.ORG CIVIC ACTION,≤100
111428049989,Cal Cunningham,CAL FOR NC,≤100
105577974544303,The USA Needs More Patriots,Anthony Alexander Morales,≤100
100517105076564,Shining Lifetime,Daniel Vasquez,≤100
314499212242,Pfizer,Pfizer Inc.,≤100
104250311416137,"Grounded - A memoir by US Senator Jon Tester, with Aaron Murphy",Aaron Thoreau Murphy,≤100
665345483483486,NRA - National Rifle Association of America,NATIONAL RIFLE ASSN OF AMERICA,≤100
461204744067686,Family Protection Association,Family Protection Association,≤100
84082446577,Trout Unlimited,"TROUT UNLIMITED, INC.",≤100
18813753280,Human Rights Campaign,"HUMAN RIGHTS CAMPAIGN, INC",≤100
103644036958,United Association,United Association Political Education Committee,≤100
598924810530984,Keeping America Great,FamTeeWorld,≤100
530604487365010,Old Glory Flagpole Kits,Service First,≤100
1109093812491437,Blaze Media,Blaze Media LLC,≤100
114625730266879,Republican Voters Against Trump,Defending Democracy Together,≤100
681745912255844,John Cummings for Congress,CUMMINGS FOR CONGRESS,≤100
1336293769761923,Jon Ossoff,JON OSSOFF FOR SENATE,≤100
74100576336,Facebook for Business,"Facebook, Inc.",≤100
10150100007820094,Wendy Davis,WENDY DAVIS FOR CONGRESS,≤100
46093654473,National Republican Congressional Committee,NRCC,≤100
103171661289936,Kyle Waterman For Montana Senate District 2 - Democrat,Montanans for Kyle Waterman,≤100
7263476274,Mercy Corps,Mercy Corps,≤100
530604487365010,Old Glory Flagpole Kits,Service First Flag Poles,≤100
679171239164792,Supermajority,Supermajority,≤100
109111900634787,Reverend Raphael Warnock,WARNOCK FOR GEORGIA,≤100
5435784683,Greenpeace USA,"GREENPEACE, INC.",≤100
2037695643113766,Blexit,Blexit Foundation,≤100
338028696036,Yahoo News,Verizon Media Inc,≤100
114646533630729,Yes. Every Kid.,"yes. every kid, Inc.",≤100
130467958471,Jason Lewis,Jason Lewis for Senate,≤100
146704311893,Montana Food Bank Network,Montana Food Bank Network Inc.,≤100
896759427103774,Modern Medicaid Alliance,Modern Medicaid Alliance,≤100
111073050337597,Pope for Montana Senate,Chris Pope for Montana Senate,≤100
109092142462587,Adam Schiff,SCHIFF FOR CONGRESS,≤100
106323360959211,Patriots Republic,Matthew James Stine,≤100
108109934203874,Insta Shop Boutique,Insta Shop Boutique,≤100
223008867858902,American Action News,American Action News,≤100
104919517531062,Vote Yes For Fairness,Vote Yes for Fairness,≤100
6204742571,Sierra Club,SIERRA CLUB,≤100
273168429458189,Center for Western Priorities,Center for Western Priorities,≤100
151757038879920,Alyse Galvin for Congress 2020,ALYSE FOR ALASKA,≤100
228754857151053,House Majority PAC,House Majority PAC,≤100
106973694007283,Keep America Great Again,KagaGear.com,≤100
305832706292882,American Gun Association,GunAssociation.org,≤100
19192438096,AAAS - The American Association for the Advancement of Science,American Association for the Advancement of Science,≤100
1815187388753307,Montana Federation of Public Employees,Montana Federation of Public Employees,≤100
643463669628493,Public Opinion Research Group,"Public Opinion Research Group, Inc",≤100
277005566267077,Blueland,Blueland,≤100
106114264313679,Hunt The Vote,"Hunter Nation, Inc",≤100
2353115591423642,James Brown for Montana Public Service Commission,James Brown for Montana,≤100
111393882812494,Amy McGrath,"AMY MCGRATH FOR SENATE, INC.",≤100
113666459994300,Big Dan Rodimer for Congress,RODIMER FOR CONGRESS,≤100
105269984593079,The Way I See It,Focus Features,≤100
872842866161157,One Nation Design,One Nation Design,≤100
107315591003146,Healthier Lifestyle,Tux,≤100
112903096897476,Merav Ben-David,BENDAVID2020,≤100
629732217415068,Republican Party,Greater Half,≤100
309798029121030,Everytown for Gun Safety,Everytown for Gun Safety Action Fund Inc,≤100
586751814690068,Joni Ernst,Joni for Iowa,≤100
2012750189007245,Liquid Death Mountain Water,Liquid Death,≤100
180496871664,Citizens For Balanced Use,CITIZENS FOR BALANCED USE,≤100
8934429638,Planned Parenthood Action,Planned Parenthood Action Fund,≤100
108118933908193,Next Level Goods,Next Level Goods LLC,≤100
309308412520731,Sandy Hook Promise,Sandy Hook Promise,≤100
405469100189512,Still My President - Donald Trump,Red State Politics LLC,≤100
250609925398770,Doug Campbell for MT HD 64,Douglas Bruce Campbell,≤100
1088950287806118,Climate Hustle 2,CFACT,≤100
493811210669780,Creative Action Network,Creative Action Network,≤100
106244251043808,Reuse Plastics,"AMERICAN CHEMISTRY COUNCIL, INC.",≤100
18982436812,ACLU,American Civil Liberties Union,≤100
1439829396312534,The Movement for Black Lives,Movement for Black Lives,≤100
103911824657671,Health Insurance,Michael Melen,≤100
15239367801,The Wilderness Society,"WILDERNESS SOCIETY, THE",≤100
111023584012681,Open Road Homeward,Samantha Lyn Weldon,≤100
108342854070297,Jim For SD38,Jim Buterbaugh for SD 38,≤100
1070396243035218,Dan Salomon For Senate,Dan Salomon for State Senate,≤100
1338822066131069,Women's March,Women's March,≤100
105497571085836,Valerie McMurtry for PSC District 2,"McMurtry4PSC | PO Box 50005, Billings, MT 59105",≤100
109984394118472,Mask Exemption Cards,Mask Exemption Cards,≤100
926650430723985,Really American,REALLY AMERICAN PAC,≤100
217976018236954,OutKick,Outkick Media LLC,≤100
350784278974539,Turning Point Action,Turning Point Action,≤100
683872625157265,Theresa Greenfield,THERESA GREENFIELD FOR IOWA,≤100
406456986070332,Matt Gaetz,Friends of Matt Gaetz,≤100
1600352356914768,PushBlack,PushBlack,≤100
112641177220237,Center News,Concealed Center,≤100
132492254050920,American AF,AAF Nation,≤100
373814729643508,Let America Vote,LET AMERICA VOTE PAC,≤100
7292655492,MoveOn,MOVEON.ORG POLITICAL ACTION,≤100
223055747744143,Beto O'Rourke,Powered By People,≤100
116238930177726,Artsiful,Brad Aaron Shaw,≤100
5720973755,Defenders of Wildlife,DEFENDERS OF WILDLIFE,≤100
104288381188176,Melissa Smith for a Thriving Montana,MONTANANS FOR MELISSA SMITH,≤100
393932827634250,Dissent Pins,Common Practice,≤100
345378512258813,Elise Stefanik,ELISE FOR CONGRESS,≤100
242077219243971,The Presidential Coalition,The Presidential Coalition,≤100
2019228981443626,She the People,She The People,≤100
219612384781411,Bloomberg Philanthropies,Bloomberg Philanthropies,≤100
45393753416,Alliance Defending Freedom,Alliance Defending Freedom,≤100
167586229923327,World Food Program USA,World Food Program USA,≤100
118502801658228,Young Kim,Young Kim for Congress,≤100
1683659714985244,Phil Ehr,EHR FOR CONGRESS,≤100
333710103706307,Giffords,GIFFORDS PAC,≤100
107654924064350,Pat Timmons-Goodson,PATRICIA TIMMONS-GOODSON FOR CONGRESS,≤100
1438808983108348,BOLD PAC,CHC BOLD PAC,≤100
1354622541311687,Dr. Kim Schrier,DR KIM SCHRIER FOR CONGRESS,≤100
1610834479233860,Fight For Reform,End Citizens United Non-federal,≤100
5943727453,American Humane,American Humane,≤100
97493741436,John W. Hickenlooper,HICKENLOOPER FOR COLORADO,≤100
102875587947942,Keep Trump In Office,Keep Trump In Office,≤100
160484230634663,National Urban Indian Family Coalition,National Urban Indian family Coalition with Facebook Ad Credits,≤100
429812024048177,Doug Jones for Senate,DOUG JONES FOR SENATE COMMITTEE,≤100
8550121410,Free Speech America Project,MEDIA RESEARCH CENTER,≤100
2353115591423642,James Brown for Montana Public Service Commission,jamesbrown4psc,≤100
159575541165,United Way Bay Area,UNITED WAY OF THE BAY AREA,≤100
675471506247724,Adair for Congress,ADAIR FOR CONGRESS,≤100
101127364972509,Dems For USA,Dems For USA,≤100
569341730079626,Anne W. Giuliano,Friends of Anne Giuliano,≤100
118978558166627,Lewis and Clark County Democrats,Lewis & Clark County Democratic Central Committee,≤100
96171427550,Raja for Congress,FRIENDS OF RAJA FOR CONGRESS,≤100
38235851310,USA for UNHCR,UNITED STATES ASSOCIATION FOR UNHCR,≤100
160513344045084,John Neely Kennedy,"John Kennedy for Us, Inc",≤100
116546288359245,Heritage Action for America,HERITAGE ACTION FOR AMERICA,≤100
7962229886,Environmental Working Group,ENVIRONMENTAL WORKING GROUP,≤100
8501031021,VoteVets.org,VOTEVETS,≤100
106667854471975,Outspoken,Log Cabin Republicans,≤100
27311599342,Preemptive Love,Preemptive Love Coalition,≤100
108557097612242,Vote By Mail PAC,Vote By Mail PAC,≤100
109503650673946,Jennifer Allen for Montana House District 10,Allen4HD10,≤100
101533684726659,You Are A Pro,Ruth Nduta Karanja,≤100
107109947803536,Analyzing America,Gregory Lawrence Burright,≤100
105084617912738,PatriotQuizzes,patriotquizzes.com,≤100
100392931351292,Northwest RiverPartners,Northwest RiverPartners,≤100
278703415666824,Jeremy Jones,Protect Our Winters,≤100
593289284500311,Trump Rack,BOXD Marketing,≤100
102745147891580,Trump Coolers,Trump Coolers,≤100
1456310534453054,Veteran Loans Online,"LMB OpCo, LLC",≤100
277414242013,Joyce Elliott for Congress,JOYCE ELLIOTT FOR CONGRESS,≤100
894096170667732,Ashley Hinson,Ashley Hinson For Congress,≤100
206743952696198,Lower My Bills,"LMB OpCo, LLC",≤100
1934191280189700,Health Care Voter,Health Care Voter,≤100
114475890010131,Piggy Dollar Financial,Tyler Wayne Hedland,≤100
293225127381200,Patriot Depot,The Patriot Depot,≤100
306591716448427,Cindy Axne,CINDY AXNE FOR CONGRESS,≤100
14673807622,Wisconsin Conservation Voters,Wisconsin Conservation Voters Independent Expenditure Committee,≤100
102617961152741,Barbara Bollier,BOLLIER FOR KANSAS,≤100
58736997707,Marco Rubio,Marco Rubio for Senate,≤100
195530355493,Chicks On The Right,Chicks on the Right,≤100
7814597100,Jim Jordan for Congress,JIM JORDAN FOR CONGRESS,≤100
113553048669158,Rick Scott,TEAM RICK SCOTT,≤100
376776419037747,Turning Point USA,Turning Point USA,≤100
892673067526965,Project War Path,Project War Path,≤100
90498769709,Edenpure,EdenPURE®,≤100
124155874263916,Participant Media,Participant Media,≤100
308159713150350,Voter Protection Project,VOTER PROTECTION PROJECT,≤100
15687409793,World Wildlife Fund,World Wildlife Fund,≤100
227764782729,AMERICAN - STRONG!,American Strong LLC,≤100
112650016883848,Fair and Square,Fair And Square PAC,≤100
166618413413767,Jay Sekulow,American Center for Law and Justice,≤100
101329438317952,Story Network Action,Story Network Foundation,≤100
24330467048,Americans for Prosperity,AMERICANS FOR PROSPERITY,≤100
46347342434,EMILY's List,EMILY'S LIST,≤100
702582586516561,CBN Israel,"The Christian Broadcasting Network, Inc.",≤100
50982313030,Food & Water Watch,Food & Water Watch,≤100
21559454473,FAIR,FEDERATION FOR AMERICAN IMMIGRATION REFORM,≤100
30708742052,FCTRY,FCTRY,≤100
115209826981358,Families Surviving Catastrophe,Henry George Hansen,≤100
907919839243616,My Faith Votes,My Faith Votes,≤100
23875187730,Feeding America,Feeding America,≤100
100233228182981,Madison Cawthorn for Congress,CAWTHORN FOR NC,≤100
100119981671668,Blue Senate,BLUE SENATE PAC,≤100
199756330090514,Solar United Neighbors,Solar United Neighbors,≤100
192015461630968,Supporting Our Brave Veterans,James Brian Plouf,≤100
21375324480,The Heritage Foundation,HERITAGE FOUNDATION (THE),≤100
585942765164217,Elect Democratic Women,ELECT DEMOCRATIC WOMEN,≤100
6236054211,Brady,Brady Campaign to Prevent Gun Violence,≤100
6820348410,Kirsten Gillibrand,Off the Sidelines,≤100
35169196082,Project HOPE,"PROJECT HOPE-THE PEOPLE-TO-PEOPLE HEALTH FOUNDATION, INC.",≤100
103185334702225,Stop Trump PAC,STOP 45 PAC,≤100
737686089933715,Conservative Collections,Mainline Media Group,≤100
110439270638992,NE1else,Time Management LLc,≤100
151525932186806,When Democrats Turn Out,WHEN DEMOCRATS TURN OUT PAC,≤100
101176781688638,Vets In America,Thanh Phuc Tran Nguyen,≤100
420785874975425,Conservative Institute,The Conservative Institute,≤100
11791104453,NRDC,Natural Resources Defense Council,≤100
104170004713256,Elect Black Democrats,THE COLLECTIVE PAC,≤100
1136781033034012,Brave New Look,Brave New Look,≤100
100719625004234,Home and Community,Cynthia Nguyen,≤100
210333902420876,Sean Parnell,AMERICANS FOR PARNELL COMMITTEE,≤100
105995741220700,Patriots United,Le Huu Dong Huynh,≤100
2309566456030859,Human Coalition Action,Human Coalition Action,≤100
10423517786,Harvard Business Review,HARVARD BUSINESS SCHOOL PUBLISHING CORPORATION,≤100
419237048158257,Susan Collins,COLLINS FOR SENATOR,≤100
27544763621,Prison Fellowship,Prison Fellowship,≤100
303061950155375,John James,"JOHN JAMES FOR SENATE, INC.",≤100
76625396025,CDC,U.S. Centers for Disease Control and Prevention with Facebook Ad Credits,≤100
592707041080920,Stand Together,Stand Together Chamber of Commerce Inc.,≤100
342887442508723,Convention of States,Convention of States Action,≤100
100699775058659,Education Now NC,Education Now,≤100
6231686654,Compassion International,"COMPASSION INTERNATIONAL, INCORPORATED",≤100
7833534974,Florida Democratic Party,Florida Democratic Party,≤100
29883711738,Independent Women's Voice,Independent Women's Voice,≤100
6713653788,Gary Peters,PETERS FOR MICHIGAN,≤100
407664862957433,Ammar Campa-Najjar for Congress,AMMAR CAMPA-NAJJAR FOR CONGRESS,≤100
15771560300,Earthjustice,EARTHJUSTICE,≤100
49651563727,Live Action,Live Action,≤100
10498053716,Media Research Center,MEDIA RESEARCH CENTER,≤100
1268410219898273,Tango Tango,Tango Tango Inc,≤100
1836138529938551,Greater Half,Greater Half,≤100
209516845093,NRDC Action Fund,NRDC Action Fund,≤100
398757490729,The National Network to End Domestic Violence,"NATIONAL NETWORK TO END DOMESTIC VIOLENCE, INC.",≤100
655065784538368,PredictIt,"PredictIt - Prediction Markets. A project of Victoria University of Wellington, PredictIt has been established to facilitate research into the way markets forecast events.",≤100
109698737529541,WomanKindness,WomanKindness,≤100
101769576791,Health Action Network,Health Action Network,≤100
191671004581007,E-City Beat,E-City Beat,≤100
433919203362871,Bird + Stone,BIRD & STONE INC,≤100
228132537208218,Tammy Duckworth,TAMMY FOR ILLINOIS,≤100
197760674021143,Indivisible Guide,INDIVISIBLE ACTION,≤100
354716314909000,Swing Left,Swing Left,≤100
352527958302,Israel on Campus Coalition,Israel on Campus Coalition,≤100
163302087408673,Stop The Donald,Stop the Donald,≤100
106822030959533,Jasmine Taylor for HD22,Jasmine Taylor for HD22,≤100
808450969246896,"Rebecca Walser, Tax Attorney, CFP",Walser Wealth Management,≤100
152315634778510,UsAgainstAlzheimer’s,UsAgainstAlzheimer's,≤100
219247332354785,Phil Arballo for Congress,ARBALLO FOR CONGRESS,≤100
331037760381749,Sierra Magazine,SIERRA CLUB,≤100
1010143499143169,Medicare Savings,"Mayo Labs, LLC",≤100
103026384819654,How to Vote,ACRONYM,≤100
322551718276442,Lemons Are Blue,Lockwell LLC,≤100
57259033959,AARP,AARP,≤100
143729616392084,Van Drew for Congress,Van Drew for Congress,≤100
110010433804232,Falkirk Center,Falkirk Center,≤100
6041057841,The Humane Society of the United States,"HUMANE SOCIETY OF THE UNITED STATES, THE",≤100
203805062990264,Ben Shapiro,The Daily Wire,≤100
1799282383731277,TwoSeventy,Alexander Jared Deutsch,≤100
105010030848236,Bryant Cameron Webb,DR. CAMERON WEBB FOR CONGRESS,≤100
100757521655204,Republican Red Wine,REPUBLICAN RED LLC,≤100
1530883997194411,United States Constitution,Flag and Cross,≤100
102137374563260,Confide in American Pride,John Allen Franson,≤100
8047221596,Save the Children US,"SAVE THE CHILDREN FEDERATION, INC.",≤100
143089732792,Marsha Blackburn,Blackburn Tennessee Victory Fund,≤100
100697751658498,Stronger.org,The Public Good Projects,≤100
113222857176102,Home Auto Deals,Home Auto Deals,≤100
11653741889,Ad Council,Ad Council with Facebook Ad Credits,≤100
100170524856374,Evangelical Resistance,Patrick John Kahnke,≤100
192771954102960,Jordan Sekulow,American Center for Law and Justice,≤100
25852730092,Care2,Care2 Inc,≤100
113893130439041,GenFree,Gen Free,≤100
1084856268238034,Trump Talking,Roberto None Lugo,≤100
17203056985,Partners In Health,Partners In Health,≤100
249247419293008,Braxton Mitchell for House District 3,Braxton For Montana,≤100
91346559231,Democratic Legislative Campaign Committee - DLCC,Democratic Legislative Campaign Committee,≤100
11111618026,Union of Concerned Scientists,"UNION OF CONCERNED SCIENTISTS, INC.",≤100
160630887998827,Let Them Live,Let Them Live,≤100
6333396177,NewsBusters.org,MEDIA RESEARCH CENTER,≤100
746938465317981,Nuclear Matters,Nuclear Matters,≤100
41309865723,Democrats.com,DEMOCRATS.COM,≤100
203197030603239,8 Billion Trees,8 Billion Trees LLC,≤100
1228396643984955,Michelle Steel,Michelle Steel for Congress,≤100
51533142540,Public Advocate of the U.S.,PUBLIC ADVOCATE OF THE US,≤100
656263988182462,Bill Hagerty,TEAM HAGERTY,≤100
8492293163,Environmental Defense Fund,Environmental Defense Fund,≤100
1681120172099567,Libertarian Candidates,Ryan Allen Raymond,≤100
107589664099282,Stand Up To China,"Stand Up To China, Inc.",≤100
103315378108004,True Patriot Strength,LE-HUU DONG HUYNH,≤100
18709174006,National Audubon Society,"NATIONAL AUDUBON SOCIETY, INC.",≤100
152264148166020,Moms Clean Air Force,Moms Clean Air Force,≤100
2081864865362439,Mike Espy,MIKE ESPY FOR SENATE CAMPAIGN COMMITTEE,≤100
291102898490822,Giant Maga Hat,Inventors club LLC,≤100
115024746010017,MediaWise,MediaWise,≤100
15524934075,Banana Republic,Banana Republic,≤100
1204754733024419,People's Power Grab,ACRONYM,≤100
117543260074645,Community Deals For All,Community Deals For All,≤100
505653766599222,America First with Dr. Sebastian Gorka,Salem Media,≤100
1194865807192273,Conservative Gear,Outergoods LLC,≤100
193618220508,LIFE Today,LIFE Outreach International,≤100
118686519962406,NIOSH Aerosol Respirator and Face Shield Protection for The General Public,"Eastern PPE Imports, LLC",≤100
153278754738777,Climate Reality,The Climate Reality Project,≤100
112164673854264,Living Patriotically,Living Patriotically,≤100
100442195144763,Hometown Adventures,Nelson Dong Tran,≤100
134452023239984,Human Coalition,Human Coalition,≤100
1055873511190792,Hello Resistance,Hello Resistance Apparel,≤100
113793000459349,Patriot Place,The Patriot Place,≤100
111324359048459,Dr. Roger Marshall,KANSANS FOR MARSHALL,≤100
788394134539871,USPS Business,United States Postal Service,≤100
169294473121454,Policetees.com,PoliceTees.com,≤100
1025055787535714,A Case for Women,A Case for Women,≤100
216709768355686,Dinesh D'Souza,America2020 Film LLC,≤100
104027944769027,Proud Patriot Shop,Georgia Rose Benoit,≤100
102439174938829,Liberty Center for God and Country,Liberty Center for God & Country,≤100
253791814655400,Doug Collins,"COLLINS FOR SENATE, INC.",≤100
104878167964386,Patriots Together,Marijo L Schlegel,≤100
128167457221813,Public Transportation,Voices for Public Transit,≤100
284946111858895,Debbie Mucarsel-Powell,DEBBIE FOR CONGRESS,≤100
51379424899,Mercy Ships,MERCY SHIPS INTERNATIONAL,≤100
911828698840246,ReLEntless Defender Apparel,ReLEntless Defender Apparel,≤100
8057376739,The Nature Conservancy,Nature Conservancy,≤100
6165653060,AFSCME,AMERICAN FEDERATION OF STATE COUNTY & MUNICIPAL EMPLOYEES,≤100
135298176481584,Marine Corps Scholarship Foundation,Marine Corps Scholarship Foundation,≤100
112735922758892,Charlie Kirk,Charlie Kirk,≤100
967042313344560,Jennifer McLean,These ads ran without a disclaimer,≤100
105157841248307,No Filter Politics,No Filter Politics,≤100
142370046577999,Shahid Buttar for Congress,Shahid Buttar for Congress Committee,≤100
20876805343,March of Dimes,MARCH OF DIMES INC.,≤100
101136147910784,Represent Justice,Represent Justice,≤100
205395906412,UAW International Union,"INTERNATIONAL UNION, UNITED AUTOMOBILE, AEROSPACE AND AGRICULTURAL IMPLEMENT WORKERS OF AM",≤100
60236215646,LGBTQ Victory Fund,LGBTQ VICTORY FUND,≤100
1690071827911682,Cleancult,cleancult,≤100
332803374044043,Chris Bubser for Congress,CHRIS BUBSER FOR CONGRESS,≤100
101324424793972,Jimmy Patelis,"Montanans for Jimmy Patelis, 6312 Gray Hawk Way, Billings MT 59106 (R)",≤100
1053833861326820,John Burke,Presidential Playbook,≤100
819607471729183,Dr. Al Gross for US Senate,DR. AL GROSS FOR U.S. SENATE,≤100
124530924015,Hank Gilbert,HANK GILBERT FOR CONGRESS,≤100
21455818797,Feed the Children,"FEED THE CHILDREN, INC.",≤100
1234251319933440,Exclusive Apparel,The Dude's Designs,≤100
576090646401630,Regier for Senate District #3,Regier for Senate District #3,≤100
111702860231554,Matt Lieberman,Matt Lieberman for Senate,≤100
525155717992303,Kid Explorer,Kid Explorer,≤100
514167322309353,Dan Crenshaw,Crenshaw For Congress,≤100
341828139690,Heritage Defense,Heritage Defense,≤100
112333396969405,Jim Bognet,Bognet for Congress,≤100
186070498791676,The Dude,The Dude's Designs,≤100
108692310594568,UNITE HERE,UNITE HERE PAC,≤100
169130743498585,Tactical Pro Supply,Chad Keller,≤100
1632568446971453,Boredwalk,Boredwalk,≤100
679171239164792,Supermajority,"Supermajority PAC, https://supermajority.com/pac/. Not authorized by any candidate or candidate's committee.",≤100
598575284137858,The Trump I Know,Wolf Rock Pictures,≤100
1634651343331439,Project Wren,Landon Brand,≤100
11006419356,The Voice of the Martyrs - USA,"VOICE OF THE MARTYRS, INC., THE",≤100
203330919857759,All On The Line,National Redistricting Action Fund,≤100
1648154845427417,Doggy Do Good,Do Something Good LLC,≤100
162493793737,Rick Green,Richard Arlin Green,≤100
394817334402124,2020 Trump Bill,Innovative Ecomm LLC,≤100
110263337470423,The Accountability Project,Joseph Philip Arena,≤100
215968684159,AFT - American Federation of Teachers,American Federation of Teachers,≤100
19342050934,Leadership Institute,LEADERSHIP INSTITUTE INC,≤100
376638603087168,Save The Earth,8 Billion Trees,≤100
105455840860559,EagleRealm LLC,Eagle Realm,≤100
1656666204620806,The Wright Stuff Chics,The Wright Stuff Chics,≤100
26006662641,Arizona Democratic Party,Arizona Democratic Party,≤100
108281434237351,UBS Financial Services Inc.,UBS Financial Services,≤100
7145381235,American Jewish World Service - AJWS,"AMERICAN JEWISH WORLD SERVICE, INC.",≤100
151297638887120,Upswell,Independent Sector,≤100
121626482110,Operation Smile,"OPERATION SMILE, INC.",≤100
101842531465287,Jana R. Mueller for Clerk of the District Court,Jana R. Mueller for Clerk of the District Court,≤100
104667590928101,Donavon Hawk for House District 76,Donavon Dean Hawk,≤100
100696128366533,Compare-HealthPlans.com,Darius Alexander Mcdougle,≤100
108029674299216,We The People,We The People,≤100
51761261956,The Bill of Rights Institute,"BILL OF RIGHTS INSTITUTE, THE",≤100
100873198198272,Jeremy Olson for McKenzie County Commissioner,Jeremy Lynn Olson,≤100
83290028957,Care Net,CARE NET,≤100
141692255929599,Democratic Socialists of America,DEMOCRATIC SOCIALISTS OF AMERICA INC,≤100
105536127617594,The American Digest,The American Digest,≤100
267180743723148,National Geographic Society,National Geographic Society,≤100
384557995468219,Viral Casez,Viral Casez,≤100
23790541544,Democrats,DCCC,≤100
2256321067930356,Liberteeclub,libertyteeshop,≤100
107315591003146,Healthier Lifestyle,Katie Yazhen Gao,≤100
102564128179023,Truth to Power,TRUTH TO POWER,≤100
108152933883451,TrumpTrendz,Troy Lorenzo Davis,≤100
496696933682736,Jeff Merkley,JEFF MERKLEY FOR OREGON,≤100
418951294827718,Wren + Glory,WREN + GLORY,≤100
129278807814364,Women of Welcome,Welcome.,≤100
112704783859268,Boy Scouts Abuse Claim Help,X Social Media LLC,≤100
628891490457484,Nancy Mace,Nancy Mace for Congress,≤100
664770743730817,Dan Feehan for Congress,FRIENDS OF DAN FEEHAN,≤100
20395377020,Old Navy,Old Navy LLC,≤100
1709145412721991,The Center for Growth and Opportunity at Utah State University,The Center for Growth and Opportunity,≤100
442553959494293,Pay Up Climate Polluters,Center for Climate Integrity,≤100
101888608186192,MedicalCommunitynet,Medical Community LLC,≤100
999775873528189,Stopping Socialism,The Heartland Institute,≤100
123651254408327,Sokolove Law,"Sokolove Law, LLC",≤100
105433064492153,The Return 2020,The Return International,≤100
111892670610842,Political AF,wowengraving,≤100
59386210330,American Lung Association,AMERICAN LUNG ASSOCIATION,≤100
165858562140,Western Resource Advocates,Western Resource Advocates,≤100
108797534098691,Keep Gifts Great,Adrian Choi Conger,≤100
357554791340788,Liker,Omar Rivero,≤100
132983077202976,Commissioner Matt Rosendale,"Commissioner of Securities and Insurance, Office of the Montana State Auditor",≤100
169277310432049,"Texas Precision Optics, Inc.",Texas Precision Optics Inc,≤100
34362997676,United States Holocaust Memorial Museum,UNITED STATES HOLOCAUST MEMORIAL MUSEUM,≤100
21492729544,Catholic Relief Services,CATHOLIC RELIEF SERVICES - UNITED STATES CONFERENCE OF CATHOLIC BISHOPS,≤100
248181906078243,National Institute for Civil Discourse,CommonSense American,≤100
1316372698453411,Alexandria Ocasio-Cortez,THE SQUAD VICTORY FUND,≤100
102592959026,Ocean Conservancy,"OCEAN CONSERVANCY, INC.",≤100
111637707086671,Kristi Celander for Clerk of Court,Kristi Lynette Celander,≤100
333081284065216,Brynne Kennedy for Congress,BRYNNE KENNEDY FOR CONGRESS,≤100
431099560800970,Front Page Live,"Front Page Live, Inc.",≤100
243947752771440,TJ Cox for Congress,TJ COX FOR CONGRESS,≤100
6240652407,Young America's Foundation,YOUNG AMERICA'S FOUNDATION INC,≤100
257019421075897,Cory Gardner,Cory Gardner for Senate,≤100
143986912311328,University of Vermont Continuing and Distance Education,University of Vermont,≤100
680894095682539,Cowboy Life,"Nine Ranch Enterprises, LLC",≤100
6787988478,Physicians for Human Rights,"PHYSICIANS FOR HUMAN RIGHTS, INC.",≤100
184731548554164,PL+US,Plus Fund: Paid Leave for the United States,≤100
103373224404755,Impact Slates,COLLECTIVE IMPACT PAC,≤100
142992759853421,Be A Hero,BE A HERO PAC,≤100
971668776283950,PolicyEd,Hoover Institution,≤100
114386721939978,The Made in America Store,Made In America Store,≤100
259212814698356,Democratic Majority for Israel,DMFI PAC,≤100
281884085611820,Tedra Cobb,COMMITTEE TO ELECT TEDRA COBB,≤100
884608308247144,Armadillo Hat Company,Armadillo Hat Company,≤100
118269091671380,The Home T,THE HOME T,≤100
117443068305863,INSS - The Institute for National Security Studies,Scott Bernard Lasensky,≤100
1393911800825140,OZY,OZY Media Inc,≤100
104504438466,Federal Voting Assistance Program - FVAP,Federal Voting Assistance Program,≤100
839073729808623,Hillary Scholten,SCHOLTEN FOR CONGRESS,≤100
537534316395916,Students for Trump,Turning Point Action,≤100
13867925345,Equality Florida,Equality Florida,≤100
103983379801,Texas Democratic Party,Texas Democratic Party,≤100
19972147679,SEIU,SEIU,≤100
47712360678,Jobs With Justice,Jobs With Justice,≤100
48530203934,The American Alpine Club,"AMERICAN ALPINE CLUB, THE",≤100
319085508164191,Affordable Pharmacy Action Network,Paid for by Pharmaceutical Care Management Association,≤100
836826976517252,International Christian Embassy Jerusalem - USA,"International Christian Embassy Jerusalem - USA, Inc.",≤100
210277954204,The Young Turks,"The Young Turks, Inc.",≤100
1560105467624797,Generation180,Generation180,≤100
367292494407,AJC - American Jewish Committee,AMERICAN JEWISH COMMITTEE,≤100
103571278142168,Joni Ernst Isn’t On Our Side,DSCC,≤100
53541257714,The Arc of the United States,"ARC OF THE UNITED STATES, INC., THE",≤100
128716440866482,Adam Milstein,Adam Milstein,≤100
102756811269921,Fellow Americans,Fellow Americans,≤100
181183059253295,Dorsal Bracelets,Dorsal Bracelets,≤100
171287339973880,LCV Victory Fund,"LCV Victory Fund, 202-785-8683, and not authorized by any candidate or candidate’s committee",≤100
104027944769027,Proud Patriot Shop,The GOP Shop,≤100
2046092952294722,Lucy McBath for Congress,FRIENDS OF LUCY MCBATH,≤100
405355946226766,Todd Young,"FRIENDS OF TODD YOUNG, INC.",≤100
106949844346620,Trumpian Republicans,Gregory Lawrence Burright,≤100
234621494446654,We Can’t Trust Nancy Mace,DCCC,≤100
868259909915525,Susie Lee,Susie Lee for Congress,≤100
170806736923126,Harmony Turbines,Harmony Turbines Inc,≤100
336470580233523,Pins and Aces Golf Co.,US Craft Brands LLC,≤100
70874333603,CatholicVote,CatholicVote,≤100
102315041409283,Horses in our Hands,In our Hands Action Fund,≤100
638673103424933,Retired Americans PAC,Retired Americans PAC,≤100
114937555342547,Seth Abramson,Macmillan Publishing,≤100
269479249997,National Shooting Sports Foundation | NSSF,National Shooting Sports Foundation,≤100
34701792581,EWTN,Eternal Word Television Network,≤100
16534314739,Facing History and Ourselves,"FACING HISTORY AND OURSELVES NATIONAL FOUNDATION, INC.",≤100
119006106155684,PI Energy,Andrew P Chung,≤100
700941689954518,Defend Our Future,Defend Our Future,≤100
1423200984590762,Jenny Wilson for Salt Lake County Mayor,Jenny Wilson for Salt Lake County Mayor,≤100
101724361319410,Ronny Jackson for U.S. Congress TX-13,Texans for Ronny Jackson,≤100
209046616332309,Xochitl for Congress,Xochitl for New Mexico,≤100
102689561566768,Party Line Shedd,DCCC,≤100
607626319739286,Black Voices for Trump,TRUMP MAKE AMERICA GREAT AGAIN COMMITTEE,≤100
109186244232765,The Liberty Club,Cindy None Dao,≤100
1452551204988299,GoReact,Speakworks Inc,≤100
711478725532801,Civiqs,Civiqs,≤100
466164103423147,Thorn,Thorn with Facebook Ad Credits,≤100
113110137118723,Collectible Currency,Proud Patriots,≤100
142432192446984,David Horowitz Freedom Center,David Horowitz Freedom Center,≤100
84206511914,MN AFL-CIO,Minnesota AFL-CIO Politcal Fund,≤100
166471303706,OkCupid,"MATCH GROUP, LLC",≤100
514167322309353,Dan Crenshaw,Dan Crenshaw for Congress,≤100
96491683438,"The Friends of Israel Gospel Ministry, Inc.","FRIENDS OF ISRAEL GOSPEL MINISTRY, INC, THE",≤100
162695894106234,Co-ops Vote,National Rural Electric Cooperative Association,≤100
1653251174924652,Fuzzu,Fuzzu,≤100
83865976093,Truthout,TRUTHOUT,≤100
79125112926,Students for Life of America,"STUDENTS FOR LIFE OF AMERICA, INC.",≤100
107523875954231,Danny Davis,Protect Our Winters,≤100
12683623041,Society for Human Resource Management (SHRM),SOCIETY FOR HUMAN RESOURCE MANAGEMENT,≤100
110962313941403,Vote from Home 2020,PEOPLE FOR GOVERNMENT PAC,≤100
21395843375,Dialysis Patient Citizens,DIALYSIS PATIENT CITIZENS INC,≤100
839110726214614,Realtors,NATIONAL ASSOCIATION OF REALTORS,≤100
105561217523274,The_Dispatch,"Dispatch Media, Inc.",≤100
104732736288252,Caroline Gleich,Protect Our Winters,≤100
682990071843813,Center for the Study of Liberty,Center for the Study of Liberty,≤100
7209432197,Chris Coons,CHRIS COONS FOR DELAWARE,≤100
1667892193505378,Hold the House,HOLD THE HOUSE PAC,≤100
111495005590988,Pattern,Pattern Energy,≤100
2225580284361712,Tommy Tuberville,"TUBERVILLE FOR SENATE, INC.",≤100
111718570352005,Yes on Measure A - A Solution for Homelessness,"Yes on Measure A - Homes for San Diegans, Sponsored by a Coalition of Civic Nonprofits and Housing Providers.  Committee major funding from  Affirmed Housing Group Inc  Eden Housing Inc  Metropolitan Area Advisory Committee (MAAC)  Funding details at www.sandiego.gov/donors. ",≤100
101481584557260,Help Asheville Bears-HAB,Heather Christina Williams,≤100
192738164073627,A Better Balance,A BETTER BALANCE,≤100
107248944146204,Carlos Gimenez for Congress,Carlos Gimenez for Congress,≤100
108512875350,The Atlas Society,The Atlas Society,≤100
1837115116571746,Topic,"First Look Productions, Inc",≤100
59543893235,National Constitution Center,National Constitution Center,≤100
100213294936548,Margaret Gorski for SD44,Margaret Jean Gorski,≤100
111499100431,National Association for Gun Rights,NATIONAL ASSOCIATION FOR GUN RIGHTS INC,≤100
162635987104707,GOP Mall,"DANWAL, INC.",≤100
118178241651488,DSPolitical,"DSPolitical, LLC",≤100
1000253160054572,Cori Bush,CORI BUSH FOR CONGRESS,≤100
24470472733,The Trevor Project,The Trevor Project,≤100
105287044367027,ObsessedwithTrump,Donald Lee Rowan,≤100
108635370971125,Home Value Club,Isaac Mari Jata,≤100
32975139631,If Americans Knew,If Americans Knew,≤100
219224241438635,Compassion & Choices,COMPASSION & CHOICES,≤100
30866133883,Alaska Wilderness League,ALASKA WILDERNESS LEAGUE,≤100
102180301437619,2020 American Defense Fund,C3 PAC,≤100
110828620426941,Roger Polack for Congress,ROGER FOR WISCONSIN,≤100
2040270322863853,Tina Smith,TINA SMITH FOR MINNESOTA,≤100
50711561090,Muslim Advocates,MUSLIM ADVOCATES,≤100
109078917443178,Independent OC,Independent OC,≤100
169687486427698,Jentezen Franklin,FREE CHAPEL WORSHIP CENTER,≤100
156994304362574,American Bridge 21st Century,AB PAC,≤100
284852861535887,C-SPAN StudentCam,NATIONAL CABLE SATELLITE CORPORATION,≤100
706716899745696,Women for Trump,TRUMP MAKE AMERICA GREAT AGAIN COMMITTEE,≤100
106968690805026,Sima for Texas,SIMA FOR TEXAS,≤100
931907200310657,Patients Rising Now,Patients Rising Now Inc,≤100
289446947817747,Global Citizen,"GLOBAL POVERTY PROJECT, INC.",≤100
100523018383357,National Federation of Christian Businesses - NFCB,National Federation of Christian Businesses Inc,≤100
72931140459,Center for Biological Diversity,"CENTER FOR BIOLOGICAL DIVERSITY, INC.",≤100
237477017606,Club for Growth,Club for Growth,≤100
2049170775107862,Resistance By Design,Resistance By Design,≤100
5633824547,FreedomWorks,"FREEDOMWORKS, INC.",≤100
102959799834968,Diane Mitsch Bush for Colorado,DIANE FOR COLORADO CD3,≤100
711909245654048,National Police Support Fund,National Police Support Fund,≤100
142836829093760,The American Constitutional Rights Union,Jorge Ernesto Amselle,≤100
62885664584,NARAL Pro-Choice Virginia,NARAL Pro-Choice Virginia,≤100
108624347438229,Luke Jergenson for County Commissioner,County Commissioner Luke Jergenson,≤100
21834534343,Volunteers of America,"VOLUNTEERS OF AMERICA, INC.",≤100
370657382416,Stanley Black & Decker,"STANLEY BLACK & DECKER, INC.",≤100
598720023670599,Jennifer Carroll Foy,Jennifer Carroll Foy for Governor,≤100
950998258312654,Knowhere,"Knowhere, Inc.",≤100
7341997111,Conservation International,Conservation International,≤100
1917715138510680,Follow Your Legend,Legend Bracelet,≤100
661744180680367,National Police Association,"NATIONAL POLICE ASSOCIATION, INC.",≤100
108650400954148,Stopping Socialism TV,The Heartland Institute,≤100
105829564471772,Patriots Stand Together,Trizzie Truong,≤100
325578590837480,Protect Our Care,Sixteen Thirty Fund,≤100
2078647579047586,Project Pulso,Pulso,≤100
181385265351965,Mosaic Magazine,Mosaic,≤100
304058913005378,Senior and Disabled Concerns,Senior & Disabled Concerns,≤100
321088559302,Keep America Beautiful,"KEEP AMERICA BEAUTIFUL, INC.",≤100
102389731274006,Shield Republic Charities,Shield Republic,≤100
1425435377743310,Conversations with Bill Kristol,The Foundation for Constitutional Government,≤100
1229789977123022,Debbie Lesko for Congress,DEBBIE LESKO FOR CONGRESS,≤100
315151565831,Ascension,Ascension Press,≤100
1486604288305133,Happy Earth Apparel,Happy Earth LLC,≤100
1640970822834351,Plaine Products,Plaine Products,≤100
55549065733,Voto Latino,VOTO LATINO INC.,≤100
159597424207730,David Perdue,PERDUE FOR SENATE,≤100
43853729859,Campaigns & Elections,Political World Communications,≤100
105610970947657,MY 2A GEAR,Leon Mckensizy Dunn,≤100
64742342517,Hagee Ministries,"GLOBAL EVANGELISM, INC.",≤100
696930446991476,Financialadviser.com,FinancialAdviser.com,≤100
44705166993,Vote.org,Vote.Org,≤100
295644160460352,Donald Trump Jr.,"Premiere Marketing, Inc.",≤100
780941275347834,Ilhan Omar,ILHAN FOR CONGRESS,≤100
104881317722736,Get-It-Out,Matthew Justin Viles,≤100
700558280309875,Sootchy App,Sootchy Inc,≤100
1099478666810053,Meals For Pets,Meals for Pets,≤100
7642602143,Mother Jones,FOUNDATION FOR NATIONAL PROGRESS,≤100
19575923823,Farm Sanctuary,"Farm Sanctuary, Inc.",≤100
102579318191600,No Justice No Peace,NO JUSTICE NO PEACE PAC,≤100
1809715209318581,Marjorie Taylor Greene for Congress,GREENE FOR CONGRESS,≤100
28510612138,Uncommon Knowledge,Hoover Institution,≤100
30914589895,The International Fellowship of Christians and Jews,"INTERNATIONAL FELLOWSHIP OF CHRISTIANS & JEWS, INC.",≤100
112600915451330,No Labels,No Labels,≤100
548407915183371,Liz Cheney,Liz Cheney for Wyoming,≤100
242679302418244,Denison Forum,Denison Ministries,≤100
1345951945549438,The Trump Prophecy,"DIGITAL COAST MEDIA, LLC",≤100
102750021183412,Justice U,Altus Solutions Inc,≤100
121033149320,American Indian College Fund,"AMERICAN INDIAN COLLEGE FUND, THE",≤100
153678684700451,American Investment Council,AMERICAN INVESTMENT COUNCIL,≤100
638492549896672,Liberal Humans,Liberal Humans,≤100
16775672689,Heartland Institute,The Heartland Institute,≤100
1488803804538481,Mike Siegel,MIKE SIEGEL FOR CONGRESS,≤100
2259323457517498,Abolish the Electoral College,ABOLISH THE ELECTORAL COLLEGE,≤100
1628679613829742,Josh Hicks,Josh Hicks for Congress,≤100
106340107763960,Murray For Delaware,Murray for Delaware,≤100
1439364926329185,Animal Matters,Animal Matters,≤100
142474049098533,Robert Reich,Inequality Media,≤100
245284549333866,ASMDSS,ASMDSS,≤100
115364585711,Lawyers' Committee for Civil Rights Under Law,Lawyers' Committee for Civil Rights Under the Law with Facebook Ad Credits,≤100
103131054573692,Crawfordology,Crawfordology,≤100
108239320975699,Mike Powers and Melissa Unger for SEIU Local 503,Mike for President & Melissa for Exec. Director,≤100
327202261326682,Stephanie Bice,Bice for Congress,≤100
339432396135584,The Exodus Road,EXODUS ROAD INC,≤100
74697123892,SEIU MN State Council,SEIU MN State Council,≤100
794490553914304,Dr. Nina Ansary,"Revela Press, LLC",≤100
109360297266116,Fearless Patriot,TERESA NONE OHARA-MARSH,≤100
313723095478950,The Daily Citizen,Focus on the Family,≤100
455147011996099,The Ann and Phelim Scoop,The Unreported Story Society,≤100
175403889150682,FindLaw.com,FindLaw Consumer,≤100
55708608675,RAND Corporation,"RAND CORPORATION, THE",≤100
566008736785269,Be Heard Project,Be Heard Project,≤100
43609808159,Happy Family Organics,Happy Family Organics,≤100
28144169620,Alliance for Aging Research,Alliance for Aging Research,≤100
117641114435,First Aid Beauty,First Aid Beauty,≤100
747783932079184,Jared Golden,COMMITTEE TO ELECT JARED GOLDEN,≤100
80987211775,Bill Cassidy,Bill Cassidy for US Senate,≤100
312208869424760,Field Team 6,Cory Cambridge Alpert,≤100
109866370700481,PushBlack Finance,PushBlack,≤100
672213539861652,John Anthony Castro,John Anthony Castro,≤100
458928061510318,Rita Hart for Iowa,RITA HART FOR IOWA,≤100
158791100909689,Concerned Veterans for America,Concerned Veterans for America,≤100
103979520737,WildCare,WILDCARE TERWILLIGER NATURE EDUCATION & WILDLIFE REHABILITATION,≤100
131306317680000,Social Goods,"Social Goods, LLC",≤100
1691667177798461,Brut,Brut,≤100
231154884924705,AboutTrump.org - and Biden,A MARK FOUNDATION,≤100
71383025128,PARIS - Guerrilla Funk Recordings,"Guerrilla Funk Recordings and Filmworks, LLC",≤100
17911165812,Covenant House International,Covenant House,≤100
278487153675,Redneck Nation Clothing,Tracie Milliron Gold,≤100
29697575576,Paralyzed Veterans of America,PARALYZED VETERANS OF AMERICA,≤100
625163578131723,Bravely Facing Tomorrow,Gregory Inwha Park,≤100
830890360316751,Nick Hanauer,Civic Action,≤100
175797376373,"WaterFurnace Geothermal Heating, Cooling & Hot Water","WATERFURNACE INTERNATIONAL, INC.",≤100
101485404914361,Bad News Wares,Bad News Wares,≤100
1977738355807406,Sharice For Congress,SHARICE FOR CONGRESS,≤100
114107333726368,What's Up in Automotive This Weekend,Darrell Dominic Adams,≤100
103744091462809,The Trump Closet,Kenneth Dione Keith Jr,≤100
123624513983,The Western Journal,The Western Journal,≤100
117513180002579,John Shallman,Target Marketing Digital,≤100
143173285763,Tenth Amendment Center,Tenth Amendment Center,≤100
290851614930809,Combat AntiSemitism,Combat Anti-Semitism,≤100
317284821682168,Messianic Jewish Alliance of America (MJAA),Messianic Jewish Alliance of America,≤100
107483911082907,Trump Footballs,"Local Guys Marketing, LLC",≤100
54787697857,Ron Wyden,WYDEN FOR SENATE,≤100
15041226930,Oxfam,"OXFAM AMERICA, INC.",≤100
110061623807565,Kelly Loeffler,Georgians for Kelly,≤100
169440273093442,The Center for Election Science,The Center for Election Science,≤100
38471053686,Elizabeth Warren,"WARREN DEMOCRATS, INC.",≤100
399449253859486,The Patriot Sheepdog,ARCS Self Defense and Combatives LLC,≤100
477131125780900,The War Horse,War Horse News,≤100
109601070861177,Patriotic Unity,Thanh Phuc Tran Nguyen,≤100
1166660030079480,National Democratic Redistricting Committee,National Democratic Redistricting Committee,≤100
114885646899438,Mr. 45th,Clush,≤100
7219151423,The Fund for American Studies (TFAS),The Fund for American Studies,≤100
102413723172970,Nick Adams,Nick Adams,≤100
133294620046953,Mission India,MISSION INDIA INC,≤100
451224838781405,Patriot Baby,Eric Todd Hunter,≤100
42872222699,Dana Loesch,Dana Loesch Radio,≤100
317667194946264,Ro Khanna,RO FOR CONGRESS INC,≤100
521924961194913,Bruce Westerman,Westerman for Congress,≤100
116808566362551,Boomer Naturals,Boomer Naturals Inc,≤100
2212066245574161,Sarah Huckabee Sanders,St. Martin's Press,≤100
101300771722995,The Patriotic Movement,Christopher Allen Supek,≤100
255208337943901,Jobs Growth,"JOBS FREEDOM AND SECURITY PAC, Not authorized by any candidate or candidate’s committee.",≤100
34521916336,Brent Bozell,MEDIA RESEARCH CENTER,≤100
107665644228467,Conservative Journal Review,Conservative Journal Review LLC,≤100
104612244674666,Shakes Discounts,These ads ran without a disclaimer,≤100
110393153948638,Financial Help,Common Acquire,≤100
265912960114327,Help One Now,HELP ONE NOW,≤100
420424547981908,In Search of Liberty,Scott Dennis Welch,≤100
35142679763,Alzheimer's Disease Research,"BRIGHTFOCUS FOUNDATION, INC. A/K/A BRIGHTFOCUS FOUNDATION",≤100
1447829315468579,Protect Colorado,"Protecting Colorado's Environment, Economy, and Energy Independence",≤100
176466646087311,DC Fawcett,Donald Chappell Fawcett,≤100
111945553601129,Trump2020 Coffee,Trump2020 Coffee,≤100
24481937944,Theodore Roosevelt Conservation Partnership,"THEODORE ROOSEVELT CONSERVATION PARTNERSHIP, INC",≤100
58158120046,ACLJ,American Center for Law and Justice,≤100
465483726908192,iVote,IVote Civic Education Fund,≤100
127821707877,YWCA USA,"YWCA OF THE USA, NATIONAL BOARD (INC)",≤100
149081336362,AmeriCorps VISTA,Corporation for National and Community Service,≤100
166738743732702,All Above All Action,All Above All Action Fund,≤100
107953010886875,20Train.com,GEEG LLC,≤100
125182621527545,Sarah McBride,Friends of Sarah McBride,≤100
30139072158,CARE,CARE,≤100
107199049318619,Friends of Derek Kilmer,PEOPLE FOR DEREK KILMER,≤100
102458698265192,Peace At Home,Calvin Quang Nguyen,≤100
1295279420598401,Victoria Spartz,VICTORIA SPARTZ FOR CONGRESS,≤100
518194348194441,RepresentUs,RepresentUs,≤100
85439812053,Rosetta Stone,These ads ran without a disclaimer,≤100
657708380952174,Voices of the Civil Rights Movement,Comcast,≤100
35715544220,Stand.earth,STAND,≤100
1765073800454902,Reform Austin,Reform Austin Inc.,≤100
12185972707,350.org,350.org,≤100
234628203317767,Made for Freedom,Made for Freedom,≤100
263210730984251,We Are Great Again Pac,WE ARE GREAT AGAIN PAC,≤100
467804929927622,Jason Smith,JASON SMITH FOR CONGRESS,≤100
782093245218764,Qasim Rashid,RASHID FOR VA,≤100
102700271543371,Restore to Health,These ads ran without a disclaimer,≤100
67626834312,National Women's Law Center,National Women's Law Center,≤100
486324651440186,Plastic Bank,Erin Lillian Rand,≤100
112720626850415,Rudy For Congress,RUDY FOR CONGRESS,≤100
110849485902,United Way,United Way Worldwide,≤100