﻿Page ID,Page Name,Disclaimer,Amount Spent (USD)
153080620724,Donald J. Trump,"DONALD J. TRUMP FOR PRESIDENT, INC.",13146
6726182861,Mike Pence,TRUMP MAKE AMERICA GREAT AGAIN COMMITTEE,6072
153080620724,Donald J. Trump,TRUMP MAKE AMERICA GREAT AGAIN COMMITTEE,5517
108824017345866,Facebook,"Facebook, Inc.",4054
20787991568,Senate Democrats,DSCC,2326
329284771298646,Issue One Action,Issue One Action,2233
7860876103,Joe Biden,BIDEN VICTORY FUND,2027
271991555961,American Ambulance Association,"American Ambulance Association, Inc",1967
156968474833352,Stop Republicans,Stop Republicans,1864
791543660926838,"I'll go ahead and keep my guns, Thanks",2A4LIFE LLC,1678
1771156219840594,Team Trump,TRUMP MAKE AMERICA GREAT AGAIN COMMITTEE,1359
96935476345,Democratic Governors Association (DGA),Democratic Governors Association,1295
101691091213750,The Empowerment Alliance,The Empowerment Alliance,1162
104856814505092,The Kids Guide,The Kids Guide,1146
1745691098822972,Brad Parscale,TRUMP MAKE AMERICA GREAT AGAIN COMMITTEE,974
108794587327155,Good Programs 2020,Trevor Dale Seaks,873
105756057589080,The Lincoln Project,The Lincoln Project,870
102671331487937,I Love My Freedom Store,I Love My Freedom,765
9324910069,NRSC,NRSC,724
132492254050920,American AF,AAF Nation,672
114710126648118,Republican Dogs,Republican Dogs,657
196382377057315,Learn Our History,Learn Our History,592
2352630938293825,Mytacticalpromos,Entremax,562
1771156219840594,Team Trump,"DONALD J. TRUMP FOR PRESIDENT, INC.",542
1615018905412860,Progressive Turnout Project,PROGRESSIVE TURNOUT PROJECT,470
127755494595870,Progressive Takeover,PROGRESSIVE TAKEOVER,449
345504286342057,Keeping America Great Again,RightWingGear.com,442
165987503528599,Lindsey Graham,"TEAM GRAHAM, INC.",430
33110852384,Doctors Without Borders/ Médecins Sans Frontières (MSF),Doctors Without Borders/Médecins Sans Frontières (MSF),419
6726182861,Mike Pence,"DONALD J. TRUMP FOR PRESIDENT, INC.",408
107398241021186,The John Lewis Bridge Project,John Lewis Bridge Project,371
665345483483486,NRA - National Rifle Association of America,NATIONAL RIFLE ASSN OF AMERICA,361
203805062990264,Ben Shapiro,The Daily Wire,348
25852730092,Care2,Care2 Inc,339
107858693983382,The GOP Shop,The GOP Shop,331
373814729643508,Let America Vote,LET AMERICA VOTE PAC,326
602714436529710,End Citizens United,END CITIZENS UNITED,326
1883837055193241,Shield Republic,Shield Republic,325
176789922364429,Steve Daines,STEVE DAINES FOR MONTANA,321
101278681594804,Appalachian Ohio Counts,Sunday Creek Horizons,301
92925746942,Judicial Watch,Judicial Watch,290
112694470356789,Trumpcare For America,Stuart Joseph Millar,287
109039473797917,Joe Deters for Hamilton County Prosecutor,Deters for Ohio's Future,285
127225910653607,PragerU,PragerU,272
127335473965761,Recycle Cartons,"Carton Council of North America, Inc.",269
111393882812494,Amy McGrath,"AMY MCGRATH FOR SENATE, INC.",261
278490715553293,Martha McSally,MCSALLY FOR SENATE INC,259
830121337093232,National Democratic Training Committee,NATIONAL DEMOCRATIC TRAINING COMMITTEE PAC,252
342294162453301,Planned Parenthood,Planned Parenthood Federation of America,251
109742407314234,Restoration Action,Restoration Action,246
328853823844484,Balance of Power,Balance of Power,243
461204744067686,Family Protection Association,Family Protection Association,242
717115395103069,PrintedKicks,Printed Kicks,242
43287633515,Alliance for Climate Education,Alliance for Climate Education,242
96935476345,Democratic Governors Association (DGA),DEMOCRATIC ACTION,241
100137754724934,Trump 2020 Supporters,Proud Right Winger,238
85452072376,Newsmax,Newsmax Media,238
1435071773455316,Daily Wire,The Daily Wire,235
115379705206001,U.S. Department of Homeland Security Blue Campaign,DHS Blue Campaign,231
100126201737278,Patriots Take a Stand,Jae W Seo,231
8501031021,VoteVets.org,"VoteVets Action Fund, Inc.",229
109677057145919,Hot Issue,Astonishean Miracle Bundage,226
101165966152,AFL-CIO,AFL-CIO,221
305832706292882,American Gun Association,GunAssociation.org,220
5435784683,Greenpeace USA,"GREENPEACE, INC.",215
8532248414,Wounded Warrior Project,"WOUNDED WARRIOR PROJECT, INC.",211
259130650776119,Mitch McConnell,MCCONNELL SENATE COMMITTEE,207
108118933908193,Next Level Goods,Next Level Goods LLC,206
963696287027083,Americans for Transportation Mobility Coalition,Maurice Alan Tobin,205
215968684159,AFT - American Federation of Teachers,American Federation of Teachers,205
112974563687584,Robert Kiyosaki - The Rich Dad Poor Dad Letter,Long Form Creative Co.,202
103597604713894,Team Trump Store,TRUMP MAKE AMERICA GREAT AGAIN COMMITTEE,200
213792049451918,Stand For America,Stand For America Inc,200
153167611414243,Ohio House Democrats,The Ohio House Democratic Caucus,199
23875187730,Feeding America,Feeding America,194
217695830922,Jim Renacci,Jim Renacci,194
12301006942,Democratic Party,DNC SERVICES CORP./DEM. NAT'L COMMITTEE,191
203197030603239,8 Billion Trees,8 Billion Trees LLC,191
5633824547,FreedomWorks,"FREEDOMWORKS, INC.",189
925007000949719,ExxonMobil,Exxon Mobil Corporation,188
103654464668995,Home With Our Family,Alexander Chung,188
38235851310,USA for UNHCR,UNITED STATES ASSOCIATION FOR UNHCR,178
309308412520731,Sandy Hook Promise,Sandy Hook Promise,177
560140464159364,Stand for the 2nd Amendment,SFT2 Tactical Supply,169
1194865807192273,Conservative Gear,Outergoods LLC,165
147542771956309,Katrina Pierson,TRUMP MAKE AMERICA GREAT AGAIN COMMITTEE,164
137569740231452,Respect The Look,Respect The Look,163
1899110980328809,Betsy Rader for Ohio,Friends of Betsy Rader,159
1400927463555875,Imperfect Foods,Imperfect Produce,157
1374134752633656,New Health Plans,Shop Insurance Plans,155
328072970642479,Jaime Harrison,JAIME HARRISON FOR US SENATE,154
245284549333866,ASMDSS,ASMDSS,153
30139072158,CARE,CARE,148
105829564471772,Patriots Stand Together,Trizzie Truong,147
296708523873754,Karla Dennis and Associates Inc.,"Karla Dennis & Associates, Inc",147
18982436812,ACLU,American Civil Liberties Union,145
8934429638,Planned Parenthood Action,Planned Parenthood Action Fund,144
802271849850801,Freedom for All Americans,Freedom for All Americans,144
67945990059,The American Petroleum Institute,AMERICAN PETROLEUM INSTITUTE,137
105207297914144,Arise Ohio,Arise Ohio,136
57259033959,AARP,AARP,134
934438026690635,YouGov,YOUGOV AMERICA INC.,132
113563323745924,Keep America Great,Keep America Great,129
1025055787535714,A Case for Women,A Case for Women,127
731314706965135,Matt Dolan,Friends of Matt Dolan,126
192015461630968,Supporting Our Brave Veterans,James Brian Plouf,125
112880207070872,Windows Roof Driveway,Kenji None Tomoda,124
104721201111500,Grassroots Law Project,Grassroots Law Project,122
443329669123990,USAFacts,USAFacts Institute,120
100256754899828,Patriot's Cave,Patriots Cave,120
2267285956849056,Donald Trump 2020 Fans,I Love My Freedom,119
598924810530984,Keeping America Great,FamTeeWorld,113
2037695643113766,Blexit,Blexit Foundation,113
107758757670203,BLM Direct,BLM Store LLC,112
309798029121030,Everytown for Gun Safety,Everytown for Gun Safety Action Fund Inc,111
100199981716180,No Trans Military Ban,NCLR,110
18813753280,Human Rights Campaign,"HUMAN RIGHTS CAMPAIGN, INC.",110
17023576156,The Leadership Conference on Civil and Human Rights,The Leadership Conference on Civil and Human Rights,108
8325302025,Friends of the Earth U.S.,Friends of the Earth,108
277005566267077,Blueland,Blueland,108
101279451606075,Democratic Strategy Institute,Democratic Strategy Institute,107
1917715138510680,Follow Your Legend,Legend Bracelet,106
8741241286,Under Armour,These ads ran without a disclaimer,103
195530355493,Chicks On The Right,Chicks on the Right,103
24330467048,Americans for Prosperity,AMERICANS FOR PROSPERITY,103
1745691098822972,Brad Parscale,"DONALD J. TRUMP FOR PRESIDENT, INC.",102
570092813023833,Matt Walsh,The Daily Wire,101
1109093812491437,Blaze Media,Blaze Media LLC,≤100
100757504960070,Concealed_Country,Concealed Country,≤100
46093654473,National Republican Congressional Committee,NRCC,≤100
99990019454,Brad Wenstrup,Wenstrup for Congress,≤100
169294473121454,Policetees.com,PoliceTees.com,≤100
7814597100,Jim Jordan for Congress,JIM JORDAN FOR CONGRESS,≤100
332716170522025,America First Action,America First Action,≤100
425771317501061,Michael Knowles,The Daily Wire,≤100
530604487365010,Old Glory Flagpole Kits,Service First,≤100
1061240530648502,Joe Collins,JOE COLLINS FOR CONGRESS,≤100
15687409793,World Wildlife Fund,World Wildlife Fund,≤100
303061950155375,John James,"JOHN JAMES FOR SENATE, INC.",≤100
45393753416,Alliance Defending Freedom,Alliance Defending Freedom,≤100
100591464867125,Port PAC,PROMOTING OUR REPUBLICAN TEAM PAC,≤100
73970658023,International Rescue Committee,International Rescue Committee,≤100
1215699268583357,Apex Ohio,Apex Clean Energy,≤100
16477459734,League of Conservation Voters,"LEAGUE OF CONSERVATION VOTERS, INC",≤100
2189265054726827,Liberty Tee Shop,www.libertyteeshop.com,≤100
977704775606273,Balls Deep Tackle,Balls Deep Tackle,≤100
142370046577999,Shahid Buttar for Congress,Shahid Buttar for Congress Committee,≤100
107150077720746,American Collectibles,Christopher Walter Adams,≤100
167586229923327,World Food Program USA,World Food Program USA,≤100
1836138529938551,Greater Half,Greater Half,≤100
100101018155207,Paid Leave for All,Paid Leave for All a project of Hopewell Fund,≤100
1528980567353817,Love Has No Labels,Love Has No Labels with Facebook Ad Credits,≤100
107654924064350,Pat Timmons-Goodson,PATRICIA TIMMONS-GOODSON FOR CONGRESS,≤100
111506250582498,Keeping Our Homes Safe,Steve San,≤100
90215573480,"Dyer, Garofalo, Mann & Schultz","Dyer, Garofalo, Mann, & Schultz",≤100
101210588150219,Boy Scouts Abuse Claims,X Social Media LLC,≤100
536985769793411,Larry Householder,Friends of Larry Householder,≤100
291318298488215,Veterans for Career Education,Veterans for Career Education,≤100
100191418317788,City Of Dayton Census,City of Dayton Census,≤100
114625730266879,Republican Voters Against Trump,Defending Democracy Together,≤100
8047221596,Save the Children US,"SAVE THE CHILDREN FEDERATION, INC.",≤100
100637888239523,Free Reign For All,Kin Ngai Yeung,≤100
105455840860559,Eagle Realm,Eagle Realm,≤100
530604487365010,Old Glory Flagpole Kits,Service First Flag Poles,≤100
653079394725698,Aspiration,Aspiration,≤100
112431050497386,Patriotism For Life,Vivian Lam Nguyen,≤100
103185334702225,Stop Trump PAC,STOP 45 PAC,≤100
114501575391943,Compare Medicare Quotes,Benepath,≤100
433919203362871,Bird + Stone,BIRD & STONE INC,≤100
193618220508,LIFE Today,LIFE Outreach International,≤100
72186095846,Center For American Progress Action Fund,Center for American Progress Action Fund,≤100
1449461518652183,4Patriots,4Patriots LLC,≤100
6316744206,Jon Tester,MONTANANS FOR TESTER,≤100
168051710543266,Lacy Johnson,Lacy Johnson for Congress,≤100
69362317921,Steve Chabot,Chabot for Congress,≤100
110177119192569,Knightscope,William Li,≤100
101591551371555,Fire Mitch. Save America.,SAVE AMERICA FUND,≤100
106645684412573,Cover Air Medical,Cover Air Medical,≤100
892673067526965,Project War Path,Project War Path,≤100
293225127381200,Patriot Depot,The Patriot Depot,≤100
756232037796207,POWER HOME SOLAR,POWER HOME SOLAR,≤100
113721797245,Cherry Street Mission Ministries,CHERRY STREET MISSION MINISTRIES,≤100
124462944390458,Brad Wenstrup,Congressman Brad Wenstrup,≤100
104934207736995,Paycheck to Paycheck,Center for American Progress Action Fund,≤100
248177568572993,Win With Wuliger for Commissioner,Friends of Wuliger,≤100
146361115436876,Russell Total Wealth and Wellness,Advisor's Platform,≤100
112347913766343,2A Forever,US Programs And Benefits,≤100
110607217201406,Marshall Lachman for Judge,The Committee To Elect Marshall Lachman for Judge,≤100
118303441570966,Home Ownership Matters,NATIONAL ASSOCIATION OF REALTORS,≤100
9364828262,Citizens Against Government Waste,COUNCIL FOR CITIZENS AGAINST GOVERNMENT WASTE,≤100
109111900634787,Reverend Raphael Warnock,WARNOCK FOR GEORGIA,≤100
106224464107240,Jo Jorgensen,JO JORGENSEN FOR PRESIDENT,≤100
118502801658228,Young Kim,Young Kim for Congress,≤100
163148530407080,Captain Mark Kelly,MARK KELLY FOR SENATE,≤100
134928224095590,Rep. Anthony Gonzalez,U.S. House of Representatives,≤100
89757739264,Farm Credit,Farm Credit Council,≤100
38471053686,Elizabeth Warren,"WARREN DEMOCRATS, INC.",≤100
21375324480,The Heritage Foundation,HERITAGE FOUNDATION (THE),≤100
107803440835562,US Hot Gears,Click Wonders,≤100
390058528030053,Talcum Powder Cancer Claim,These ads ran without a disclaimer,≤100
103162411257510,Trumplican,USA Movements,≤100
40912053758,Ohio Republican Party,Ohio Republican Party,≤100
87186661244,Johns Hopkins Bloomberg School of Public Health,Johns Hopkins Bloomberg School of Public Health,≤100
209516845093,NRDC Action Fund,NRDC Action Fund,≤100
228132537208218,Tammy Duckworth,TAMMY FOR ILLINOIS,≤100
1456310534453054,Veteran Loans Online,"LMB OpCo, LLC",≤100
130467958471,Jason Lewis,Jason Lewis for Senate,≤100
475456956305422,All Voting Is Local,The Leadership Conference on Civil and Human Rights,≤100
1467725903304588,EZ Insure,Benepath,≤100
169130743498585,Tactical Pro Supply,Chad Keller,≤100
404318572981934,Rep. Dave Joyce,the Office of Dave Joyce,≤100
21559454473,FAIR,FEDERATION FOR AMERICAN IMMIGRATION REFORM,≤100
2353537341582545,Proud Patriots,Proud Patriots,≤100
788394134539871,USPS Business,United States Postal Service,≤100
215199482635728,Alek Skarlatos,ALEK FOR OREGON,≤100
105577974544303,The USA Needs More Patriots,Anthony Alexander Morales,≤100
2330577043935831,Sara Gideon,SARA GIDEON FOR MAINE,≤100
35169196082,Project HOPE,"PROJECT HOPE-THE PEOPLE-TO-PEOPLE HEALTH FOUNDATION, INC.",≤100
105732744375701,Steve Bullock,MONTANANS FOR BULLOCK,≤100
2012750189007245,Liquid Death Mountain Water,Liquid Death,≤100
6236054211,Brady,Brady Campaign to Prevent Gun Violence,≤100
465483726908192,iVote,IVote Civic Education Fund,≤100
359477377917,American Federation for Children,American Federation for Children,≤100
681626158940626,Mission Roll Call,Americas Warrior Partnership,≤100
174971709316,Cigna,Cigna,≤100
6820348410,Kirsten Gillibrand,Off the Sidelines,≤100
110018833813683,Flip the Senate,SMP,≤100
894096170667732,Ashley Hinson,Ashley Hinson For Congress,≤100
18709174006,National Audubon Society,"NATIONAL AUDUBON SOCIETY, INC.",≤100
112325855474892,Speak Up For Education and Kids,National Education Association,≤100
107761702578379,American Institute for Cancer Research - AICR,American Institute for Cancer Research,≤100
1336293769761923,Jon Ossoff,JON OSSOFF FOR SENATE,≤100
342887442508723,Convention of States,Convention of States Action,≤100
128958937175029,Trivia Today,Benjamin Aaron Perlman,≤100
178835922297833,American Clinical Laboratory Association,American Clinical Laboratory Association,≤100
1764185850558806,Apex Clean Energy,Apex Clean Energy,≤100
69039563201,Open Doors USA,"OPEN DOORS WITH BROTHER ANDREW, INC.",≤100
376776419037747,Turning Point USA,Turning Point USA,≤100
229696090508305,American Power and Gas,AMERICAN POWER AND GAS LLC,≤100
1338822066131069,Women's March,Women's March,≤100
111428049989,Cal Cunningham,CAL FOR NC,≤100
103331191362482,Madison Fields Solar Project,Madison Fields Solar Project,≤100
163302087408673,Stop The Donald,Stop the Donald,≤100
106114264313679,Hunt The Vote,"Hunter Nation, Inc",≤100
215830238462422,The LIBRE Initiative,The Libre Initiative,≤100
206677396413254,Abortion On Our Own Terms,Abortion On Our Own Terms,≤100
420785874975425,Conservative Institute,The Conservative Institute,≤100
1799282383731277,TwoSeventy,Alexander Jared Deutsch,≤100
105566671190013,What We All Need,Patrick Le Tran,≤100
593289284500311,Trump Rack,BOXD Marketing,≤100
106152687555176,Charlie Sulek for Judge,Committee to Elect Charles Sulek,≤100
1055873511190792,Hello Resistance,Hello Resistance Apparel,≤100
1033693476679014,Rep. Casey Weinstein,Friends of Casey Weinstein,≤100
493811210669780,Creative Action Network,Creative Action Network,≤100
166618413413767,Jay Sekulow,American Center for Law and Justice,≤100
129255907131113,NumbersUSA,NUMBERSUSA EDUCATION AND RESEARCH FOUNDATION,≤100
262577294462322,Kettle Freaks,Michael Joseph Hach,≤100
775525186130124,Center for a Free Economy,Center for a Free Economy,≤100
102115894463866,Amy Cox For Ohio State Representative,Cox For Ohio,≤100
605168822998856,314 Action,314 ACTION FUND,≤100
8321461609,MomsRising.org,MomsRising Together,≤100
290548664672,First Liberty,First Liberty Institute,≤100
106333028376,"Nichols Kaster, PLLP",Nichols Kaster PLLP,≤100
15041226930,Oxfam,"OXFAM AMERICA, INC.",≤100
679171239164792,Supermajority,Supermajority Education Fund,≤100
103644036958,United Association,United Association Political Education Committee,≤100
7962229886,Environmental Working Group,ENVIRONMENTAL WORKING GROUP,≤100
186932688457686,CHNGE,CHNGE,≤100
6041057841,The Humane Society of the United States,"HUMANE SOCIETY OF THE UNITED STATES, THE",≤100
355316521236121,John Cornyn,TEXANS FOR SENATOR JOHN CORNYN INC.,≤100
6231686654,Compassion International,"COMPASSION INTERNATIONAL, INCORPORATED",≤100
116072753082353,Shabby Chic Apparel,These ads ran without a disclaimer,≤100
222201841173324,Equitas Health,"EQUITAS HEALTH, INC.",≤100
1316372698453411,Alexandria Ocasio-Cortez,Alexandria Ocasio-Cortez for Congress,≤100
1690071827911682,Cleancult,cleancult,≤100
257019421075897,Cory Gardner,Cory Gardner for Senate,≤100
17911165812,Covenant House International,Covenant House,≤100
2264090133834042,Invite Research,Precision Network,≤100
1600352356914768,PushBlack,PushBlack,≤100
72931140459,Center for Biological Diversity,"CENTER FOR BIOLOGICAL DIVERSITY, INC.",≤100
19342050934,Leadership Institute,LEADERSHIP INSTITUTE INC,≤100
83290028957,Care Net,CARE NET,≤100
7263476274,Mercy Corps,Mercy Corps,≤100
2283535575207809,Ditch Mitch,DITCH FUND,≤100
356482637745012,Stansberry Research,Stansberry Research,≤100
5720973755,Defenders of Wildlife,DEFENDERS OF WILDLIFE,≤100
1010143499143169,Medicare Savings,"Mayo Labs, LLC",≤100
169710960125365,Curzio Research,Curzio Research Inc.,≤100
1526736227567131,TrueCoverage,True Coverage,≤100
53541257714,The Arc of the United States,The Arc with Facebook Ad Credits,≤100
109360297266116,Fearless Patriot,TERESA NONE OHARA-MARSH,≤100
1622547974424329,State Representative Beth Liston,Friends of Beth Liston,≤100
104505064408799,Cove USA,"Cove USA, LLC",≤100
50982313030,Food & Water Watch,Food & Water Watch,≤100
1234251319933440,Exclusive Apparel,The Dude's Threads,≤100
36474716066,Color Of Change,ColorofChange.org,≤100
780941275347834,Ilhan Omar,ILHAN FOR CONGRESS,≤100
259212814698356,Democratic Majority for Israel,DMFI PAC,≤100
153678684700451,American Investment Council,AMERICAN INVESTMENT COUNCIL,≤100
18479402361,No Kid Hungry,No Kid Hungry,≤100
150452905455,Andrew Klavan,The Daily Wire,≤100
27544763621,Prison Fellowship,Prison Fellowship,≤100
2078647579047586,Project Pulso,Project Pulso,≤100
106402714456835,Trees 4 Australia,Trees4Australia,≤100
73528878871,Center for Reproductive Rights,Center for Reproductive Rights,≤100
8550121410,Free Speech America Project,MEDIA RESEARCH CENTER,≤100
327837911149503,2A4Life,2A4LIFE LLC,≤100
263282910439884,Mike Rasor,Ohioans for Mike Rasor,≤100
106949844346620,Trumpian Republicans,Gregory Lawrence Burright,≤100
496696933682736,Jeff Merkley,JEFF MERKLEY FOR OREGON,≤100
110124618713,American Principles Project,American Principles Project,≤100
135298176481584,Marine Corps Scholarship Foundation,Marine Corps Scholarship Foundation,≤100
1774166319503581,Strong Women Society,Christopher John Smith,≤100
30914589895,The International Fellowship of Christians and Jews,"INTERNATIONAL FELLOWSHIP OF CHRISTIANS & JEWS, INC.",≤100
110746996993983,The 'Gander Newsroom,Courier Newsroom,≤100
49651563727,Live Action,Live Action,≤100
107589664099282,Stand Up To China,"Stand Up To China, Inc.",≤100
675471506247724,Adair for Congress,ADAIR FOR CONGRESS,≤100
27311599342,Preemptive Love,Preemptive Love Coalition,≤100
55549065733,Voto Latino,VOTO LATINO INC.,≤100
109379100777665,Patriotism Isn't Dead,Patriot Polling,≤100
596556607135301,The Earthling Co.,The Earthling Co.,≤100
23790541544,Democrats,DCCC,≤100
7292655492,MoveOn,MOVEON.ORG POLITICAL ACTION,≤100
102592959026,Ocean Conservancy,"OCEAN CONSERVANCY, INC.",≤100
1228396643984955,Michelle Steel,Michelle Steel for Congress,≤100
192028477628329,AFP Foundation - Ohio,Americans for Prosperity Foundation,≤100
158239718174763,"Brown for Judge, Franklin County Ohio",Joshua James Brown,≤100
24481937944,Theodore Roosevelt Conservation Partnership,"THEODORE ROOSEVELT CONSERVATION PARTNERSHIP, INC",≤100
137403894741,"Haven of Rest Ministries Akron,OH","HAVEN OF REST MINISTRIES, INCORPORATED",≤100
80562389320,NARAL Pro-Choice America,NARAL Pro-Choice America,≤100
143729616392084,Van Drew for Congress,Van Drew for Congress,≤100
109784800371914,Protect Kids: Fight Flavored E-Cigarettes,TOBACCO-FREE KIDS ACTION FUND,≤100
102110547982476,Judge Myron Duhart for Court of Appeals,Committee to Elect Judge Duhart for Court of Appeals,≤100
1934191280189700,Health Care Voter,Health Care Voter,≤100
101724361319410,Ronny Jackson for U.S. Congress TX-13,Texans for Ronny Jackson,≤100
21834534343,Volunteers of America,"VOLUNTEERS OF AMERICA, INC.",≤100
8304333127,The Wall Street Journal,These ads ran without a disclaimer,≤100
158791100909689,Concerned Veterans for America,Concerned Veterans for America,≤100
114593006962705,Fox Squirrel Solar,Geenex Solar,≤100
1530883997194411,United States Constitution,Flag and Cross,≤100
248181906078243,National Institute for Civil Discourse,CommonSense American,≤100
192771954102960,Jordan Sekulow,American Center for Law and Justice,≤100
112735922758892,Charlie Kirk,Charlie Kirk,≤100
107087800892165,Judge John O'Donnell,Judge O'Donnell is for Justice,≤100
10150100007820094,Wendy Davis,WENDY DAVIS FOR CONGRESS,≤100
172758932738142,PhRMA,PHARMACEUTICAL RESEARCH AND MANUFACTURERS OF AMERICA,≤100
419237048158257,Susan Collins,COLLINS FOR SENATOR,≤100
51379424899,Mercy Ships,MERCY SHIPS INTERNATIONAL,≤100
140357056032320,NEA Today,National Education Association,≤100
2339203789732156,Kim Mangone for Congress,COMMITTEE TO ELECT KIM MANGONE FOR CONGRESS,≤100
100191418317788,City Of Dayton Census,Ryan M Meyers,≤100
814260155318929,The Fairness Project,The Fairness Project,≤100
438987046299274,The First,"The First Digital, Inc",≤100
100585598043377,Intelligent Investing Tips,Intelligent Investing Resource,≤100
134452023239984,Human Coalition,Human Coalition,≤100
85273022315,NAMI,NAMI,≤100
104745474214057,HRA - OTC Birth Control,Corey Francis Mc Govern,≤100
655065784538368,PredictIt,"PredictIt - Prediction Markets. A project of Victoria University of Wellington, PredictIt has been established to facilitate research into the way markets forecast events.",≤100
101136147910784,Represent Justice,Represent Justice,≤100
1610667072528626,Martha Yoder,Committee to Elect Martha Yoder,≤100
133931303345903,Zach Klein,Klein Committee,≤100
143089732792,Marsha Blackburn,Blackburn Tennessee Victory Fund,≤100
15239367801,The Wilderness Society,"WILDERNESS SOCIETY, THE",≤100
125937197447634,ACTA - American Council of Trustees and Alumni,AMERICAN COUNCIL OF TRUSTEES AND ALUMNI,≤100
169597416843751,Stand Up America,Stand Up America,≤100
1166660030079480,National Democratic Redistricting Committee,National Democratic Redistricting Committee,≤100
1765073800454902,Reform Austin,Reform Austin Inc.,≤100
393076844046051,Progressive Caucus,CONGRESSIONAL PROGRESSIVE CAUCUS PAC,≤100
134597023235240,Rashida Tlaib,RASHIDA TLAIB FOR CONGRESS,≤100
302182941354,AARP Advocates,AARP,≤100
179513292162226,American History TV,C-SPAN,≤100
243362776583569,Air Mail,Air Mail,≤100
953623958136043,FinalStraw,The Final Co. LLC,≤100
69302491713,Freestore Foodbank,"FREESTORE FOODBANK, INC",≤100
2185993931653388,The Recount,"Recount Media, Inc",≤100
242992969911503,Alexis Miller,Friends of Alexis Miller,≤100
265268336865693,Do Amore,Do Amore Limited Company,≤100
51052893175,Kevin McCarthy,Leader Kevin McCarthy,≤100
112369900345497,Main Street Economics,Leslie Rubin,≤100
197760674021143,Indivisible Guide,INDIVISIBLE ACTION,≤100
149081336362,AmeriCorps VISTA,Corporation for National and Community Service,≤100
114386721939978,The Made in America Store,Made In America Store,≤100
375760676281438,Mermaid Straw,Mermaid Straw,≤100
6500552187,Hulu,"HULU, LLC",≤100
1750147635262381,State Senator Theresa Gavarone,Citizens for Gavarone,≤100
97685946123,Columbus Public Health,Columbus Public Health,≤100
7833534974,Florida Democratic Party,Florida Democratic Party,≤100
100233228182981,Madison Cawthorn for Congress,CAWTHORN FOR NC,≤100
1447994318779650,AirMedCare Network,AIrMedCare Network,≤100
105536127617594,The American Digest,The American Digest,≤100
407664862957433,Ammar Campa-Najjar for Congress,AMMAR CAMPA-NAJJAR FOR CONGRESS,≤100
101189381338580,Atlanta Farms Solar Project,Atlanta Farms Solar Project,≤100
107363964202840,Natural Security,Natural Security,≤100
6820348410,Kirsten Gillibrand,Gillibrand for Senate,≤100
457445367644351,Kordalis For Judge,Kordalis For Judge,≤100
683872625157265,Theresa Greenfield,THERESA GREENFIELD FOR IOWA,≤100
249455845761285,Lindsey Must Go,LMG PAC,≤100
102745147891580,Trump Coolers,Eric Clifford Juels,≤100
256839928382544,Kalmbach Swine Management,Matthew Stanley Fisher,≤100
166166843531258,National Council of Resistance of Iran - شورای ملی مقاومت ایران,MEK-Iran (Saeid Saadati),≤100
106724287576400,Kevin Kelley,Friends of Kevin Kelley,≤100
518194348194441,RepresentUs,RepresentUs,≤100
971668776283950,PolicyEd,Hoover Institution,≤100
592707041080920,Stand Together,Stand Together Chamber of Commerce Inc.,≤100
8524198486,Physicians Committee for Responsible Medicine,"PHYSICIANS COMMITTEE FOR RESPONSIBLE MEDICINE, INC.",≤100
408757902666250,Re-Elect Jeffrey D. Paden for Guernsey County Sheriff,Committee to Elect Jeffrey D Paden,≤100
106315860797720,State Rep Diane Grendell,Grendell for Good Government,≤100
201956993160690,MRCTV,MEDIA RESEARCH CENTER,≤100
160158294608134,State Representative Allison Russo,Citizens to Elect Allison Russo,≤100
357554791340788,Liker,Omar Rivero,≤100
336470580233523,Pins and Aces Golf Co.,US Craft Brands LLC,≤100
1439364926329185,Animal Matters,Animal Matters,≤100
354851377936744,BookTV,C-SPAN,≤100
425683267536132,The Abolition Institute,The Abolition Institute,≤100
6165653060,AFSCME,AMERICAN FEDERATION OF STATE COUNTY & MUNICIPAL EMPLOYEES,≤100
21395843375,Dialysis Patient Citizens,DIALYSIS PATIENT CITIZENS INC,≤100
231518367314146,Kim Olson for Congress,KIMFORCONGRESS,≤100
183517831660100,Morning Consult,Morning Consult LLC,≤100
112164673854264,Living Patriotically,Living Patriotically,≤100
153278754738777,Climate Reality,The Climate Reality Project,≤100
36872302227,Cory Booker,Cory Booker for Senate,≤100
219224241438635,Compassion & Choices,COMPASSION & CHOICES,≤100
314121315788033,Stand with Parkland,Stand With Parkland,≤100
121626482110,Operation Smile,"OPERATION SMILE, INC.",≤100
55708608675,RAND Corporation,"RAND CORPORATION, THE",≤100
223008867858902,American Action News,American Action News,≤100
281844617168,Jewish Voice Ministries International,JEWISH VOICE MINISTRIES INTERNATIONAL,≤100
6333396177,NewsBusters.org,MEDIA RESEARCH CENTER,≤100
21647204289,Michigan Education Association,Michigan Education Association,≤100
896759427103774,Modern Medicaid Alliance,Modern Medicaid Alliance,≤100
629732217415068,Republican Party,Greater Half,≤100
266145305529,Henry Holt,"Macmillan Holdings, LLC",≤100
1545826148838592,Trump 2020,Gregory Lawrence Burright,≤100
11791104453,NRDC,Natural Resources Defense Council,≤100
117058854998779,The Gideons International,"GIDEONS INTERNATIONAL, THE",≤100
408250066356,Bill O'Reilly,"Bill Me, Inc.",≤100
110010433804232,Falkirk Center,Falkirk Center,≤100
126855128568,FEBC (Far East Broadcasting Company),"FAR EAST BROADCASTING COMPANY, INC.",≤100
911828698840246,ReLEntless Defender Apparel,ReLEntless Defender Apparel,≤100
194115677277113,A21,A21 with Facebook Ad Credits,≤100
240290369507552,Bend the Arc Jewish Action,Bend the Arc: Jewish Action,≤100
114475890010131,Piggy Dollar Financial,Tyler Wayne Hedland,≤100
58158120046,ACLJ,American Center for Law and Justice,≤100
1613516851999536,Sunrise Movement,Sunrise,≤100
374848446414965,Pollking,Benjamin Aaron Perlman,≤100
1682876188698809,United for Respect,United for Respect,≤100
6422690687,Clearly Canadian,The Clearly Food & Beverage Company,≤100
110089227413037,The Prepared Patriot,Edward Ha,≤100
203330919857759,All On The Line,National Redistricting Action Fund,≤100
6315243665,Faith in Public Life,"FAITH IN PUBLIC LIFE, INC.",≤100
111155977283079,My Medication Rights,Pharmaceutical Printed Literature Association,≤100
6713653788,Gary Peters,PETERS FOR MICHIGAN,≤100
115810319802527,The SugarBell Review,Joshua James Pressnell,≤100
723807064326003,Sabrina for Commissioner,Citizens to Elect Sabrina Christian Bennett Commissioner,≤100
114971076538782,The Keystone,Courier Newsroom,≤100
105084617912738,PatriotQuizzes,patriotquizzes.com,≤100
96171427550,Raja for Congress,FRIENDS OF RAJA FOR CONGRESS,≤100
300992409852,Hoover Institution,Hoover Institution,≤100
101237551589520,Tactical Patriot,Tyler Austin Middaugh,≤100
17432811417,Working Families Party,Working Families Party National Independent Expenditure Committee,≤100
8934429638,Planned Parenthood Action,Planned Parenthood Votes,≤100
723136714746586,The Common Ground Project,"The Common Ground Project, Inc",≤100
1099478666810053,Meals For Pets,Meals for Pets,≤100
543066585882629,Libertarian Country,Libertarian Country,≤100
237477017606,Club for Growth,Club for Growth,≤100
143986912311328,University of Vermont Continuing and Distance Education,University of Vermont,≤100
384557995468219,Viral Casez,Viral Casez,≤100
117641114435,First Aid Beauty,First Aid Beauty,≤100
291102898490822,Giant Maga Hat,Inventors club LLC,≤100
331037760381749,Sierra Magazine,SIERRA CLUB,≤100
19420215926,CNSNews.com,MEDIA RESEARCH CENTER,≤100
105633797609806,The Jones Law Firm,"The Jones Law Firm, LLC",≤100
112600915451330,No Labels,No Labels,≤100
176466646087311,DC Fawcett,Donald Chappell Fawcett,≤100
202286639832171,Dr. Robert Jeffress,FIRST BAPTIST CHURCH DALLAS,≤100
152264148166020,Moms Clean Air Force,Moms Clean Air Force,≤100
2259323457517498,Abolish the Electoral College,ABOLISH THE ELECTORAL COLLEGE,≤100
394817334402124,2020 Trump Bill,Innovative Ecomm LLC,≤100
102213338201987,MH Citizens Against Sneaky Taxes,MH Citizens Against Sneaky Taxes,≤100
253791814655400,Doug Collins,"COLLINS FOR SENATE, INC.",≤100
102636677971854,Trump Is The Storm,Legendary Trump Coins,≤100
210277954204,The Young Turks,"The Young Turks, Inc.",≤100
363509230429116,Dave Joyce,Friends of Dave Joyce,≤100
173837496125511,Conscious Step,Conscious Step,≤100
222745994575140,Project ChildSafe,"NATIONAL SHOOTING SPORTS FOUNDATION, INC.",≤100
175797376373,"WaterFurnace Geothermal Heating, Cooling & Hot Water","WATERFURNACE INTERNATIONAL, INC.",≤100
106487520883333,Cardinal & Pine,Courier Newsroom,≤100
110670280444476,Kahn4Congress,KAHN 4 CONGRESS,≤100
103235554648484,Elect Scientists,314 ACTION FUND,≤100
344690446467832,The Copper Courier,Courier Newsroom,≤100
8501031021,VoteVets.org,VOTEVETS,≤100
107910807560359,"Brandon Miller : 3rd Ward Councilman for the City of Wapakoneta, Ohio",Brandon Andrew Miller,≤100
104178704279594,Main St. First,Resource Media,≤100
186805048171120,U.S. & Texas LawShield,Texas LawShield,≤100
1695950424027488,Andy Hallinan,Andrew Lawrence Hallinan,≤100
104504438466,Federal Voting Assistance Program - FVAP,Federal Voting Assistance Program,≤100
111970730196550,World War Zero,AMERICAN SECURITY PROJECT,≤100
104695957736922,Joan T Sweeny for State Rep - HD 7,Joanie Sweeny for State Rep,≤100
717417908274761,Lady Freethinker,Lady Freethinker,≤100
292351509697,Jerusalem Prayer Team,Jerusalem Prayer Team,≤100
107210084216238,Humanity Forward,Humanity Forward,≤100
55218624590,Adagio Health,Adagio Health,≤100
106571220814003,Morgan Showen for Ohio,Morgan Showen for Ohio,≤100
101469231619455,AMANI 2020,AMANI 2020,≤100
107665644228467,Conservative Journal Review,Conservative Journal Review LLC,≤100
288110884600563,Lean In,"Sheryl Sandberg & Dave Goldberg Family Foundation d/b/a LeanIn.Org, LLC",≤100
198875903295,Trek Bicycle,TREK BICYCLE CORPORATION,≤100
396932197039819,SafeSleeve,"SafeSleeve, LLC",≤100
109259090549237,Yes on National Popular Vote,Yes on National Popular Vote,≤100
785936231584382,Paula Jean Swearengin,Paula Jean for West Virginia,≤100
354211448620959,Alexandra Owensby For the People,ALEXANDRA OWENSBY FOR THE PEOPLE,≤100
102756811269921,Fellow Americans,Fellow Americans,≤100
104493631299422,Common Sense Patriots '76,Christopher Michael Eubanks,≤100
108512875350,The Atlas Society,The Atlas Society,≤100
101442908124605,Liberty Surveys,Liberty Surveys,≤100
11111618026,Union of Concerned Scientists,"UNION OF CONCERNED SCIENTISTS, INC.",≤100
263210730984251,We Are Great Again Pac,WE ARE GREAT AGAIN PAC,≤100
104337894395120,Ryan Ottney for Ohio 14th District,Ryan Ottney for Ohio,≤100
115364585711,Lawyers' Committee for Civil Rights Under Law,Lawyers' Committee for Civil Rights Under the Law with Facebook Ad Credits,≤100
801245010232088,Generation Green New Deal,Tikkun Olam Films Incorporated,≤100
61265398450,AmeriCorps NCCC,Corporation for National and Community Service,≤100
173032699386730,The Penny Hoarder,Kyle Bradley Taylor,≤100
20876805343,March of Dimes,MARCH OF DIMES INC.,≤100
74508408221,Dr. Joanne Bagshaw,"Joanne Bagshaw, PhD, LCPC",≤100
108620667163768,For Our Future,Resource Media,≤100
111772843789224,HURD PAC,HAVING UNWAVERING RESOLVE AND DETERMINATION PAC,≤100
360424321432255,Doha Debates,Doha Debates,≤100
109200595768753,The Christian Left,The Christian Left,≤100
242679302418244,Denison Forum,Denison Ministries,≤100
221401431386940,Pramila Jayapal,PRAMILA FOR CONGRESS,≤100
8225139261,New York Republican State Committee,NEW YORK REPUBLICAN STATE COMMITTEE,≤100
111702860231554,Matt Lieberman,Matt Lieberman for Senate,≤100
107428150756519,US Money Daily,USMoneyDaily,≤100
166738743732702,All Above All Action,All Above All Action Fund,≤100
100722328329613,Every Single Vote,Every Single Vote,≤100
1402827079932843,Low Income Relief,The Lighthouse Information Network LLC,≤100
7292655492,MoveOn,MOVEON.ORG CIVIC ACTION,≤100
19746387261,Humane Society International,Humane Society International,≤100
90498769709,Edenpure,EdenPURE®,≤100
105222917615301,Jen Richardson for Congress,CITIZENS FOR JEN RICHARDSON,≤100
181183059253295,Dorsal Bracelets,Dorsal Bracelets,≤100
169277310432049,"Texas Precision Optics, Inc.",Texas Precision Optics Inc,≤100
312657362217994,Women's Heart Alliance,Women's Heart Alliance,≤100
105283560949571,Trump 2024 Film,2024 LLC,≤100
115757826468774,Statsigo,Statsigo,≤100
102617961152741,Barbara Bollier,BOLLIER FOR KANSAS,≤100
104159267615848,Elect Justin Skaggs Probate-Juvenile Judge,COMMITTEE TO ELECT SKAGGS JUDGE,≤100
102526514464016,Gail Pavliga for State Representative- Ohio House District 75,Gail Pavliga for State Representative,≤100
1667892193505378,Hold the House,HOLD THE HOUSE PAC,≤100
172298889630363,Republican Attorneys General Association,REPUBLICAN ATTORNEYS GENERAL ASSOCIATION,≤100
181924628560212,SumOfUs,SumOfUs,≤100
112058837201547,Black Lives Matter Merch,Black Lives Matter Merch,≤100
277414242013,Joyce Elliott for Congress,JOYCE ELLIOTT FOR CONGRESS,≤100
907919839243616,My Faith Votes,My Faith Votes,≤100
173470656019870,The Daily Yonder,Great Stories LLC,≤100
140877979844,American Gas Association,AMERICAN GAS ASSOCIATION,≤100
754906317929003,Lane for Judge,The Campaign for Judge Committee,≤100
830890360316751,Nick Hanauer,Civic Action,≤100
872842866161157,One Nation Design,One Nation Design,≤100
419992651425033,Guardianes del Pueblo-Consumer Law Group,Consumer Law Group,≤100
79125112926,Students for Life of America,"STUDENTS FOR LIFE OF AMERICA, INC.",≤100
1393911800825140,OZY,OZY Media Inc,≤100
207549645977714,Families Belong Together,Families Belong Together,≤100
190306361726853,Beth Workman for Representative,Beth A Workman,≤100
101391906600,Live Action News,Live Action News,≤100
110849485902,United Way,United Way Worldwide with Facebook Ad Credits,≤100
1050474972008396,Bryan Berghoef for Congress,BRYAN BERGHOEF FOR CONGRESS,≤100
290851614930809,Combat AntiSemitism,Combat Anti-Semitism,≤100
420424547981908,In Search of Liberty,Scott Dennis Welch,≤100
101181794707874,United Research Group,United Research Group,≤100
104030038010531,Tera Myers,American Federation for Children,≤100
2168820933200990,Adult Advocacy Centers,Adult Advocacy Centers,≤100
107953199261156,ifaw,"INTERNATIONAL FUND FOR ANIMAL WELFARE, INC.",≤100
422202764649078,Rhode Island Department of Education - RIDE,Rhode Island Department of Education,≤100
1636216106590985,Josh Hawley,JOSH HAWLEY FOR SENATE,≤100
745910525468062,National Center on Sexual Exploitation,National Center on Sexual Exploitation,≤100
124739447587504,Greater Cleveland Food Bank,"GREATER CLEVELAND FOOD BANK, INC.",≤100
292649794717694,The Bulwark,The Bulwark,≤100
2011677365822396,Ground News,Snapwise Inc.,≤100
469609533112889,iDisciple,iDisciple,≤100
106114264313679,Hunt The Vote,"Hunter Nation, Inc.",≤100
2165983337048601,LeverforChange,Lever for Change,≤100
100874963287771,Sandra O'Brien for Ohio State Senate District 32,Citizens for O’Brien,≤100
102540204580217,UpNorthNews,Courier Newsroom,≤100
819942484773775,Tax Sale Blueprint,Bob Diamond,≤100
455505407932119,Jerry Cirino for State Senate,Friends of Jerry Cirino,≤100
2025207544419903,The Last Coat - TLC Products,Chad Shaady Fawzi Hamzeh,≤100
123624513983,The Western Journal,The Western Journal,≤100
28446275521,Military Officers Association of America (MOAA),Military Officers Association of America,≤100
308627962483898,Elderly Nursing Home Abuse Advocates "Its Time To Stop The Abuse",Stephen Anthony Piskor,≤100
17203056985,Partners In Health,Partners In Health,≤100
357275101142388,Everglades-Trust,"EVERGLADES TRUST INC, THE",≤100
587676831343390,Raheem AI,RAHEEM AI,≤100
524821051606971,Young Americans Against Socialism,Young Americans Against Socialism,≤100
452797224923658,Democratic Coalition Against Trump,THE DEMOCRATIC COALITION,≤100
51405613519,Focus on the Family,Focus on the Family,≤100
131217580266597,National Council on Aging,"NATIONAL COUNCIL ON AGING, INC.",≤100
341068272634745,Delaware County Republican Party,Delaware County Republican Party,≤100
308159713150350,Voter Protection Project,VOTER PROTECTION PROJECT,≤100
498659143979394,The Road to Trump Shay McNeal,JACKIE SHAY MCNEAL-POULIN,≤100
1733918116873254,BackWoods Mafia,Landon David Turner,≤100
105872574403318,Project TAMMI,a research grant at The National Center on Addiction and Substance Abuse (CASA),≤100
327202261326682,Stephanie Bice,Bice for Congress,≤100
109866370700481,PushBlack Finance,PushBlack,≤100
139398939438430,Left Action,Left Action LLC,≤100
106304470907183,The Portager,The Portager,≤100
706716899745696,Women for Trump,"DONALD J. TRUMP FOR PRESIDENT, INC.",≤100
113666459994300,Big Dan Rodimer for Congress,RODIMER FOR CONGRESS,≤100
2014519985445047,Clean Jobs Midwest,Resource Media,≤100
109989030746885,The Instigators,The Instigators,≤100
104355494452204,Nada Elmikashfi for Wisconsin State Senate District 26,Nada for Wisconsin,≤100
320738328865866,Dr. Arati Kreibich for Congress,ARATI FOR CONGRESS,≤100
105060269781,Premiere Collectibles,"Premiere Marketing, Inc.",≤100
592347634460462,Partnership for America's Health Care Future,Partnership for America's Health Care Future,≤100
2295062210811244,Coalition for American Veterans,COALITION FOR AMERICAN VETERANS POLITICAL ACTION COMMITTEE,≤100
180230069923,American Life League,American Life League,≤100
107049560654207,Zach Stepp for State Representative,Friends of Zach Stepp,≤100
1413682351987764,Andy Kim for Congress,Andy Kim for Congress,≤100
102180301437619,2020 American Defense Fund,C3 PAC,≤100
205395906412,UAW International Union,"INTERNATIONAL UNION, UNITED AUTOMOBILE, AEROSPACE AND AGRICULTURAL IMPLEMENT WORKERS OF AM",≤100
100123544800892,Disme Coin Company,Byron Michael Laughlin,≤100
124626320898336,Catholic Extension,"CATHOLIC CHURCH EXTENSION SOCIETY OF THE UNITED STATES OF AMERICA, THE",≤100
241869749851122,Parents Against Vaping e-cigs,Steven Koester,≤100
21492729544,Catholic Relief Services,CATHOLIC RELIEF SERVICES - UNITED STATES CONFERENCE OF CATHOLIC BISHOPS,≤100
108848347139943,The Amazing Paint Party,These ads ran without a disclaimer,≤100
151525932186806,When Democrats Turn Out,WHEN DEMOCRATS TURN OUT PAC,≤100
185356589715,Ohio's Electric Cooperatives,Ohio's Electric Cooperatives,≤100
566008736785269,Be Heard Project,Be Heard Project,≤100
114994916573293,CareForAllChildren,CareForAllChildren,≤100
741853419184237,"Putnam County, Ohio Republican Party",Putnam County Republican Party Central Committee,≤100
325578590837480,Obamacare,Sixteen Thirty Fund,≤100
109712673845685,Alliance for Charitable Excellence,Alliance for Charitable Excellence,≤100
59877921429,Lutheran Immigration and Refugee Service,"LUTHERAN IMMIGRATION AND REFUGEE SERVICE, INC.",≤100
7219151423,The Fund for American Studies (TFAS),The Fund for American Studies,≤100
776264359372720,ConservativeModern.com,ConservativeModern.com,≤100
100535808394168,Patriots For Freedom,I Love My Freedom,≤100
131306317680000,Social Goods,"Social Goods, LLC",≤100
656263988182462,Bill Hagerty,TEAM HAGERTY,≤100
10498053716,Media Research Center,MEDIA RESEARCH CENTER,≤100
672213539861652,John Anthony Castro,John Anthony Castro,≤100
1455697381393441,SRVS,"SRVS, LLC",≤100
1658135304460341,MANG,MANG,≤100
313723095478950,The Daily Citizen,Focus on the Family,≤100
1050320055029012,Outrider Foundation,OUTRIDER FOUNDATION,≤100
157307331013957,The History List,The History List,≤100
141692255929599,Democratic Socialists of America,DEMOCRATIC SOCIALISTS OF AMERICA INC,≤100
911845658833043,I Am An Immigrant,FWD.us Education Fund,≤100
737686089933715,Conservative Collections,Mainline Media Group,≤100
534488750036661,"Ohio Value Voters, Inc.","Ohio Value Voters, Inc.",≤100
100794418063163,"Cate Berger for State Representative, Ohio’s 41st District",Friends of Cate Berger,≤100
114586356650153,Cory Branham for Ohio,Cory Tyler Branham,≤100
83865976093,Truthout,TRUTHOUT,≤100
864679553563334,Capital University Bands,Capital University Bands,≤100
6334782252,Oceana,OCEANA,≤100
402233529856192,Ashtabula County Republican Party,Ashtabula County Republican Party,≤100
108020636846,Policy Matters Ohio,POLICY MATTERS OHIO,≤100
108282864070156,1776 Unites,Woodson Center,≤100
54787697857,Ron Wyden,WYDEN FOR SENATE,≤100
107439427661844,Accountable Tech,Accountable Tech,≤100
1640970822834351,Plaine Products,Plaine Products,≤100
232201568659,Pacific Justice Institute,PACIFIC JUSTICE INSTITUTE,≤100
1084856268238034,Trump Talking,Roberto None Lugo,≤100
39432041915,Capital Research Center,CAPITAL RESEARCH CENTER INC,≤100
1938600283038463,Aaron Paul Godfrey for Congress,GODFREY FOR CONGRESS,≤100
359780944896828,American Lodestar,Polaris Media Lab LLC,≤100
34521916336,Brent Bozell,MEDIA RESEARCH CENTER,≤100
105474831199070,Stop GOP Gerrymandering,National Democratic Redistricting Committee,≤100
166087830076297,WebPT,WebPT,≤100
1438882392887793,ADF Church Alliance,Alliance Defending Freedom,≤100
130945114804,World Jewish Congress,WORLD JEWISH CONGRESS AMERICAN SECTION INC,≤100
107752877388988,Al Lemmo to Congress,Lemmo to Congress,≤100
129523843754764,Vote Smart,PROJECT VOTE SMART,≤100
393330191303459,YouGov Signal,YouGov US,≤100
105561217523274,The_Dispatch,"Dispatch Media, Inc.",≤100
317667194946264,Ro Khanna,RO FOR CONGRESS INC,≤100
1809715209318581,Marjorie Taylor Greene for Congress,GREENE FOR CONGRESS,≤100
93565224474,Mercy For Animals,MERCY FOR ANIMALS,≤100
1156676274461345,Mikie Sherrill,MIKIE SHERRILL FOR CONGRESS,≤100
729384937091168,Bevel,"WALKER & CO. BRANDS, INC.",≤100
34661411150,AIDS Healthcare Foundation,AIDS HEALTHCARE FOUNDATION,≤100
249813266826,Environment North Carolina,"Environment America Research and Policy Center, Inc.",≤100
601108943431836,The Flip Side,TFS Inc,≤100
279846350948,St. Labre Indian School,St. Labre Indian School,≤100
279256605891946,CalmEffect,"Balance Marketing Group, LLC",≤100
1268410219898273,Tango Tango,Tango Tango Inc,≤100
102959799834968,Diane Mitsch Bush for Colorado,DIANE FOR COLORADO CD3,≤100
1189321434561854,Vote Ranjeev for Rep,Friends of Ranjeev Puri,≤100
1852520761657982,4ocean,4ocean,≤100
808450969246896,"Rebecca Walser, Tax Attorney, CFP",Walser Wealth Management,≤100
79820371749,Ayanna Pressley,THE COMMITTEE TO ELECT AYANNA PRESSLEY,≤100
1397799040234106,OpinionUP,OpinionUP LLC,≤100
24470472733,The Trevor Project,The Trevor Project,≤100
103617578071596,Anti-racism campaign,Jason Charles King,≤100
916908791847627,Prosperity Michigan,Prosperity Michigan,≤100
102574434516809,Joel Newby for Congress,NEWBY FOR CONGRESS,≤100
156994304362574,American Bridge 21st Century,AB PAC,≤100
160630887998827,Let Them Live,Let Them Live,≤100
102970113093477,Church Militant/St. Michael’s Media,Max Aldcander Douglas,≤100
100560711450721,Evangelicals for Trump,"DONALD J. TRUMP FOR PRESIDENT, INC.",≤100
987698164585861,Citizen Ed,Citizen Education,≤100
24413227922,Kamala Harris,FEARLESS FOR THE PEOPLE PAC,≤100
103322426424621,Jonathan Karl,Jonathan David Karl,≤100
8145161702,Lambda Legal,"LAMBDA LEGAL DEFENSE & EDUCATION FUND, INC.",≤100
551158678560402,Epimonia,Epimonia LLC,≤100
977275212316648,bUnited,bUnited Inc,≤100
109271923909810,Friends of Tony Morelli,Tony E Morelli,≤100
654702428226892,Stop the Corridor,Stop the Corridor,≤100
1869687273277265,Run for Something,Run For Something PAC,≤100
1612726335627171,We the Internet TV,We the Internet TV,≤100
211049239087028,Association of Young Americans,Benjamin J Brown,≤100
1205124206245013,Movement for a People's Party,People for a Working Democracy,≤100
107937014153581,Energized Health,John Jubilee Transformation LLC DBA Energized Health,≤100
152058914835663,Franklin County Board of Commissioners,Franklin County Board of Commissioners,≤100
680549575421741,UnitedVoice.com,"Beachside Media, Inc.",≤100
162695894106234,Co-ops Vote,National Rural Electric Cooperative Association,≤100
143509339045414,Americans for Peace and Tolerance,"AMERICANS FOR PEACE AND TOLERANCE, INC.",≤100
268311603350722,The American Independent,The American Independent,≤100
19474609238,Mercatus Center at George Mason University,Mercatus Center at George Mason University,≤100
25121889784,Texas Public Policy Foundation,Texas Public Policy Foundation,≤100
103131054573692,Crawfordology,Crawfordology,≤100
49059279814,Institute for Justice,INSTITUTE FOR JUSTICE,≤100
102580641488276,Standagainstdarkblue,Stand Against Dark Blue,≤100
657708380952174,Voices of the Civil Rights Movement,Comcast,≤100
142992759853421,Be A Hero,BE A HERO PAC,≤100
514167322309353,Dan Crenshaw,Crenshaw For Congress,≤100
7735858972,Humane Society Legislative Fund,Humane Society Legislative Fund,≤100
100401327980848,National Parents Union,National Parents Union,≤100
243510442756370,Justice Democrats,JUSTICE DEMOCRATS PAC,≤100
97493741436,John W. Hickenlooper,HICKENLOOPER FOR COLORADO,≤100
525171637666780,Sandy Piña California Delegate,RCR,≤100
241247646424302,Jahana Hayes,FRIENDS OF JAHANA HAYES,≤100
101208514791301,Daniel Turner,Power The Future Inc,≤100
1576236875930301,Global Cyber Alliance,Global Cyber Alliance with ad credits,≤100
12683623041,Society for Human Resource Management (SHRM),SOCIETY FOR HUMAN RESOURCE MANAGEMENT,≤100
267106057519444,Bllack Lives Matter,Black Lives Matter,≤100
102389457864860,Treehuggers Bracelets,ECOMX LLC,≤100
188566445027941,One Nation Every Vote,One Nation Every Vote Inc,≤100
10234472029,Council on Foreign Relations,Council on Foreign Relations,≤100
1325716960937205,Mate in Four,mateinfour.com,≤100
80433353285,Taradel LLC,Taradel,≤100
2336022790003836,Patients + Providers United,Patients and Providers United,≤100
101352851565699,Somos PAC,SOMOS PAC,≤100
180207826090799,Tiffany D. Cross,Tiffany D. Cross,≤100
263891677826490,Earthsider,Ryan James Martin,≤100
110974960642149,Proudly American,Grant Alan Johnston,≤100
19972147679,SEIU,SEIU,≤100
115589465160388,Scribner Books,Simon and Schuster,≤100
44224524016,American Kidney Fund,"AMERICAN KIDNEY FUND, INC.",≤100
13885075114,Action Against Hunger USA,ACTION AGAINST HUNGER - USA,≤100
386280348647138,"Rebecca Parson for Congress, WA-06",REBECCA PARSON 2020,≤100
238008626268343,Israel365,Teach for Israel Inc,≤100
953113491536337,Black to the Future Action Fund,Black to the Future Action Fund,≤100
464106427322973,B'own Black Owned,B'own Company Inc.,≤100
136769859682655,Derek Schmidt,"Schmidt for Attorney General, Inc.",≤100
102558937963462,"Michelle Hung for Commissioner, Lorain County, Ohio",Committee to Elect Michelle Hung,≤100
1747132688647028,Democratic Association of Secretaries of State,Democratic Association of Secretaries of State,≤100
102175879855284,Harper Perennial,HARPERCOLLINS PUBLISHERS L.L.C.,≤100
7100914121,American Experience | PBS,WGBH EDUCATIONAL FOUNDATION,≤100
168865833128032,Ruff Neon Signs & Lighting Maintenance Inc.,These ads ran without a disclaimer,≤100
1945237355733646,Giving Brush,Giving Brush LLC,≤100
97466887664,Innocence Project,"INNOCENCE PROJECT, INC., THE",≤100
113679093412163,Ed Hunzeker,Ed Hunzeker,≤100
96159580682,Maine Democratic Party,MAINE DEMOCRATIC PARTY,≤100
278487153675,Redneck Nation Clothing,redneck nation,≤100
139062085972,Illinois Family Institute,"ILLINOIS FAMILY INSTITUTE, THE INC",≤100
763491940427547,Roque  "Rocky"  De La Fuente,Rocky 101 LLC,≤100
304062610300415,VozWire,Gregson E Mathe,≤100
167473433290992,Inequality.org,Institute for Policy Studies,≤100
34701792581,EWTN,Eternal Word Television Network,≤100
89324781720,Pat Toomey,Friends of Pat Toomey,≤100
1528498354074301,Punching Bag Media - Conservative News,Sean Michael Probber,≤100
1789651861157958,Values To Action,Values to Action,≤100
106014307820618,Angel McVoy for Commissioner,Friends of Angel M McVoy,≤100
1752317058165359,Bibles For Free,Alan Mitchel Summerhill,≤100
1204754733024419,People's Power Grab,ACRONYM,≤100
399067003454888,Sudan Relief Fund,Sudan Relief Fund Inc,≤100
42872222699,Dana Loesch,Dana Loesch Radio,≤100
101127364972509,Dems For USA,Dems For USA,≤100
425303257834064,Tom Basile,TomBasile.com,≤100
53727956260,Republican Jewish Coalition,Republican Jewish Coalition,≤100
105943157686335,Trust Michigan Families,TRUST MICHIGAN FAMILIES,≤100
111140093672868,Josh Eisen for Congress,Joshua E Eisen,≤100
210357995667559,The National Memo,The National Memo,≤100
265045056894488,Mark Meckler,Convention of States Action,≤100
455147011996099,The Ann and Phelim Scoop,The Unreported Story Society,≤100
111237577031486,AquiPor Technologies,William Powers,≤100
751679868274074,Hope for Students,THE EXPECTATIONS PROJECT INC,≤100
922580991129339,People's Mojahedin Organization of Iran - MEK IRAN,MEK-Iran (Saeid Saadati),≤100
350034968707513,And She Could Be Next,And She Could Be Next LLC,≤100
174046949421616,Phenomenal Woman Action Campaign,Phenomenal Woman Action Campaign,≤100
180207826090799,Tiffany D. Cross,HARPERCOLLINS PUBLISHERS L.L.C.,≤100
234738100558334,Unidoni Great Gifts for Your Family,Tien Huynh,≤100
100791528160227,Proud to Love,Kelly Ann Ausiello,≤100
91223411833,Medical Teams International,Medical Teams International,≤100
149366465128820,Nicole Galloway,Nicole Galloway for Missouri,≤100
28510612138,Uncommon Knowledge,Hoover Institution,≤100
108600817564414,Dupaloo News,Eric Brian Rosenberg,≤100
102499901286348,Bold Vision P.C.,Bold Vision PC,≤100
105572511019028,iPondr,iPondr,≤100
100968598130407,Tax Support Center,Mercedes Lease,≤100
100857794958008,Register_To_Vote,7MARC ALAN GOLDSTEIN,≤100
101898127964590,Alan Darnowsky for Ohio 65,Friends of Alan Darnowsky,≤100
346937065399354,Occupy Democrats,Omar Rivero,≤100
278487153675,Redneck Nation Clothing,Tracie Milliron Gold,≤100
6502038524,First Book,FIRST BOOK,≤100
635850443292528,Nasty Woman Coloring,Nasty Woman Coloring,≤100
11911627997,Pancreatic Cancer Action Network,"PANCREATIC CANCER ACTION NETWORK, INC.",≤100
104667417857551,United Association LLC,United Association LLC,≤100
472758906150050,The Freedomist,William R Collier,≤100
303698546498902,Castro & Co. - International Tax Attorneys,John Anthony Castro,≤100
78420171887,Sailors for the Sea,SAILORS FOR THE SEAINC,≤100
103851564652,Waterkeeper Alliance,WATERKEEPER ALLIANCE INC,≤100
267618270550003,"Larson, Lyons & Al-Hamdani",Catha Nicol Lyons,≤100
2049170775107862,Resistance By Design,Resistance By Design,≤100
1443127535947107,Save the Children Action Network,Save the Children Action Network,≤100
69766010734,Children's Hunger Alliance,Children's Hunger Alliance,≤100
169204449790211,Conservative News Today,"BizPac Review, Inc.",≤100
291260461373618,News and News,News and News,≤100
622644971176455,Pravda Media,Jacob Fredrick Pointon,≤100
105572541209658,Eliseo Santana,"Eliseo Santana, Democrat, for Pinellas County Sheriff",≤100
1452551204988299,GoReact,Speakworks Inc,≤100
102422314836954,Casualwe,These ads ran without a disclaimer,≤100
100667714665946,Recon Jacks Apparel,Recon jacks apparel,≤100
433446973789052,Let Us Vote For A Balanced Budget Amendment Citizen's Campaign,Let Us Vote For A Balanced Budget Amendment Citizen's Campaign,≤100
113335773562471,President Trump For Re-Election,Great American Era,≤100
130268756992804,Yale Climate Connections,Yale Climate Connections,≤100
142836829093760,The American Constitutional Rights Union,Jorge Ernesto Amselle,≤100
141653865934579,Citizens for Judge Julie A. Schafer,Citizens for Julie A Schafer,≤100
150322194563,PASA Primates: Pan African Sanctuary Alliance,PAN AFRICAN SANCTUARIES ALLIANCE,≤100
110016930737913,2020 Is Hindsight,2020 Is Hindsight®,≤100
79801326619,Beau Ties Ltd. of Vermont,Beau Ties of Vermont,≤100
39910576365,National Alliance for Public Charter Schools,NATIONAL ALLIANCE FOR PUBLIC CHARTER SCHOOLS,≤100
205795426669644,Facts and Logic about the Middle East,Facts and Logic About the Middle East,≤100
108906707265489,USA Pooch,"PRESIDENTIAL POOCH, INC",≤100
1925751504337881,MJ Hegar,MJ FOR TEXAS,≤100
123965317665623,N-Hance Wood Refinishing,N-Hance Inc.,≤100
190987118163092,Connected Clothing Company,Connected Clothing Company,≤100
10725413603,Interfaith Alliance,"INTERFAITH ALLIANCE, THE",≤100
1653251174924652,Fuzzu,Fuzzu,≤100
106868314285372,The Finance Kit,DYS Capital LLC,≤100
113163240250911,Legal Angle with Emmanuel D-Law Olawale,Emmanuel Olawale,≤100
110903986935309,State Representative D.J. Swearingen,Friends of Swearingen,≤100
164472026916984,Masbia Soup Kitchen Network,MASBIA,≤100
212009062197107,Higher Heights for America,Aprill Olivia Turner,≤100
1099779163410386,John Barrasso,Friends of John Barrasso,≤100
111747450209594,Turner for Congress WV,HILARY TURNER FOR CONGRESS,≤100
294196590710262,FWD.us,FWD.us,≤100
1425435377743310,Conversations with Bill Kristol,The Foundation for Constitutional Government,≤100
103653994359958,Harvard Forward,The Boarding School,≤100
7642602143,Mother Jones,FOUNDATION FOR NATIONAL PROGRESS,≤100
299295363912730,New Politics Leadership Academy,New Politics Leadership Academy,≤100
101042758281184,Reading On the Right,Macmillan Publishing,≤100
150681061641282,Tri-State G&T,Tri-State Generation Transmission Association Inc,≤100
339432396135584,The Exodus Road,EXODUS ROAD INC,≤100
1192579580831773,Supermajority News,Supermajority,≤100
104397244371648,Robb Koons for Marion County Clerk of Courts,Robert B Koons,≤100
454663890502,Alliance for Patient Access,ALLIANCE FOR PATIENT ACCESS,≤100
313779779310461,Diabetic Sock Club,Samantha Rees Ledford,≤100
122360425094991,Nasty Woman Cosmetics,Nasty Woman Cosmetics,≤100
102139218008846,King Nation Apparel,King Nation Apparel,≤100
110125904070783,Super Top Shelf,Super Top Shelf LLC,≤100
51560645913,The Patriot Post,The Patriot Post,≤100
145022042990911,MEK Iran,MEK-Iran (Saeid Saadati),≤100
102413723172970,Nick Adams,Nick Adams,≤100
2140339289356027,Dr. Pritesh Gandhi for Congress,GANDHI FOR TEXAS,≤100
135403221037,City Journal,City Journal,≤100
13187955196,Young Americans for Liberty,Young Americans for Liberty,≤100
227535924071462,Animal Petitions,AnimalPetitions.org,≤100
105293274456590,Yale Forward,The Boarding School Inc,≤100
133666160060982,Senate Majority PAC,SMP,≤100
1518297238457643,Jeremiah Johnson Ministries,Jeremiah Johnson Ministries,≤100
112475783730246,Defeat Disinfo,DEFEAT DISINFO PAC,≤100
111061857325061,Stacey Abrams for Vice President,Michael Ellman Harrison,≤100
295533050495998,Abogado de Inmigracion Jorge Rivera - Immigration Group LLC,Michael A Castillo,≤100
329272720965256,GALvanize USA,GALvanize USA,≤100
810145785859367,Elect Dave Wilson,FRIENDS OF DAVE WILSON,≤100
105179730834690,Monique Smith for State Rep - HD16,Friends of Monique Smith,≤100
127913103970095,C Club of Houston,The "C" Club of Houston,≤100
17432811417,Working Families Party,Working Families Party,≤100
522923054735947,Troy Balderson for Congress,BALDERSON FOR CONGRESS,≤100
116325143079896,Willis Blackshear Jr for State Representative,Citizens to Elect Willis Blackshear Jr.,≤100
44705166993,Vote.org,Vote.Org,≤100
256304286535,UPMC,UPMC,≤100
19463427992,Darrell Issa,DARRELL ISSA FOR CONGRESS,≤100
337208046862430,Jeff White,Jeffrey Allen White,≤100
110776702403268,Right to Life Northeast Indiana,Allen Country Right to Life,≤100
113752370317501,Theoldreporter,James Justice Buckingham,≤100
105287044367027,ObsessedwithTrump,Donald Lee Rowan,≤100
100119981671668,Blue Senate,BLUE SENATE PAC,≤100
243399129090445,Christina Hale,HOOSIERS FOR HALE,≤100
41182871633,National Museum of American Jewish History,National Museum of American Jewish History,≤100
122773549121265,President Trump for Nobel Peace Prize 2020,Tarek None Kteleh,≤100
1003562459729504,Transportation Nation Network,Transportation Nation Network,≤100
1580455205581813,Justice Matters,"Justice Matters, INC.",≤100
769672130075351,"Red, Wine, & Blue",Red Wine and Blue,≤100
101329438317952,Story Network Action,Story Network Foundation,≤100
361224947290747,Together for Girls,"TOGETHER FOR GIRLS, INC.",≤100
159597424207730,David Perdue,PERDUE FOR SENATE,≤100
90022052772,Williams,"WILLIAMS COMPANIES, INC., THE",≤100
182079698493370,Portside,Portside,≤100
356419611427623,Jemar Tisby,Zondervan,≤100
262610761306,Counterpoint Press,Counterpoint Press,≤100
101041998305221,The Proud Republicans,Great American Era LLC,≤100
628423320573742,Vote Run Lead,VOTERUNLEAD,≤100
59543893235,National Constitution Center,National Constitution Center,≤100
9316648525,The Chicago School of Professional Psychology,TCS Education System,≤100
126817605260,Bold Type Books,"Hachette Book Group, Inc.",≤100
2034257203288830,Circles For Healing,These ads ran without a disclaimer,≤100
18017481462,Acton Institute,Acton Institute,≤100
100195608433966,BLM Essentials,These ads ran without a disclaimer,≤100
1800072483402009,African Community & Conservation Foundation,African Community & Conservation Foundation,≤100
913677848679270,Clint Vance for Paulding County Commissioner,Clint Andrew Vance,≤100
112867186750706,Angie Maki Cliff for Ashtabula County Treasurer,The Committee To Elect Angie Cliff,≤100
147126507164,ACTwireless,ACTwireless,≤100
1015449978587077,Alliance for Youth Action,The Alliance For Youth Action,≤100
424443217623488,Clarion Project,Clarion Project,≤100
107654244332660,Back BLM,Back BLM,≤100
103929304678916,Voter Action Project,Integrity First Voter Action Project,≤100
400836083800145,Effct.org,Effct LLC,≤100
104952231285892,Marc Falzon,Marc A Falzon,≤100
110773130329664,Lulu Seikaly for Congress,LULU FOR TEXAS,≤100
109584730766616,Chris Pratt for Judge,THE COMMITTEE OF RESPONSIBLE PERSONS TO ELECT CHRIS PRATT.,≤100
105953890782784,The Factual,The Factual,≤100
254943996005,Catholic Answers,"CATHOLIC ANSWERS, INC.",≤100
1868885156673680,Sarasota citizen Martin Hyde,Martin Hyde for Sarasota City Commission,≤100
111525130345189,Mike Loychik for 63rd District State Representative,Michael A Loychik,≤100
615854911830541,Shore Buddies,Malte Niebelschetz,≤100
104355928008325,Oceans & Us,Oceans and Us,≤100
313097997669,StreetLightUSA,StreetLightUSA,≤100
110316697328742,People of Seniors Housing,People of Seniors Housing,≤100
2317264024972785,American Populists,The New American Populist,≤100
100184714677097,Election Year Knockout,Exceptionull Games,≤100
1580844735465499,Mighty Oaks Warrior Programs,Mighty Oaks Foundation,≤100
1067689836703874,Miamisburg Democrats,John Joseph Joseph Cummings,≤100
108777231824,Manhattan Institute for Policy Research,MANHATTAN INSTITUTE FOR POLICY RESEARCH INC,≤100
26006662641,Arizona Democratic Party,Arizona Democratic Party,≤100
105060677844787,Bill Savings,Bill Savings,≤100
153418591515382,act.tv,DEMOCRATS.COM,≤100
449202631932231,Mike Johnson,MIKE JOHNSON FOR LOUISIANA,≤100
219242560293,Meals on Wheels America,Meals on Wheels,≤100
108090464296366,Republican Patriots,I Love My Freedom,≤100
497348647140658,Point Source Youth,Point Source Youth,≤100
856086028066485,Persona,"Persona Media, Inc.",≤100
32802178807,Homes For Our Troops,Homes For Our Troops,≤100
153021214848890,Dean Browning,BROWNING FOR CONGRESS,≤100
221631014637468,Look Human,"Print Syndicate, Inc.",≤100
335372906543111,Lee Constantine For Seminole County Commission,Lee Constantine Campaign for Seminole County Commission,≤100
134571176638205,One Tree Planted,One Tree Planted,≤100
803753543035784,Songs for Good,Songs for Good,≤100
2168563923194270,FitMind,These ads ran without a disclaimer,≤100
1511412998966651,Altamar with Peter Schechter and Muni Jensen,Altamar LLC,≤100
22561081832,NRA Institute for Legislative Action,National Rifle Association of America,≤100
104604207970781,Left For Us,LeftForUs,≤100
839679542776035,Mayor Trevor Elkins,Elkins Committee,≤100
111480020618941,Big Bad Uncle Sam LLC,Collin Christian Johnson,≤100
193675533982095,Ryan Chamberlin,Ryan Chamberlin for Congress,≤100
104516481228439,Peelitical Targets,Pee-Litical Targets,≤100
1911455775806900,Piscataway Democratic Organization,Piscataway Democratic Organization,≤100
167818016571872,Ann & Robert H. Lurie Children's Hospital of Chicago,Ann & Robert H. Lurie Children's Hospital of Chicago,≤100
105986927538317,Triump Apparel,Triump Apparel,≤100
141033266605829,Mauro Garza For Congress,Mauro Everett Garza,≤100
175149559508478,TreeDiaper,Zynnovation LLC,≤100
105929991030423,My Freedom Jersey,"My Freedom Jersey, LLP",≤100
112650016883848,Fair and Square,Fair And Square PAC,≤100
307883109694217,Detour Detroit,Detour Media LLC,≤100
268258690640,Freeland,FRIENDS OF FREELAND FOUNDATION,≤100
2309566456030859,Human Coalition Action,Human Coalition Action,≤100
117774736298637,Reidhead For Congress,REIDHEAD FOR CONGRESS,≤100
161879897191723,EarthX,EarthX,≤100
1431647400421353,Sheriff Troy E. Nehls,NEHLS FOR CONGRESS,≤100
220435428756011,SkillBreed,James Veard,≤100
105056767589816,Lisa McClain for Congress,LISA MCCLAIN FOR CONGRESS,≤100
223315101050132,Waters Kraus & Paul,Waters Kraus & Paul,≤100
661744180680367,National Police Association,"NATIONAL POLICE ASSOCIATION, INC.",≤100
460844281074800,Tiny Trump,Eric D Corriel,≤100
114367169942433,Illinois Real ID,Illinois Real ID,≤100
95779211526,Minnesota DFL Party,MINNESOTA DEMOCRATIC-FARMER-LABOR PARTY,≤100
324119001078997,"Sanford Heisler Sharp, LLP","Sanford Heisler Sharp, LLP",≤100
2212003015795832,RENEW,Resource Recycling Systems,≤100
100470205043537,Joe Barbetta for Sarasota City Commission,Joe Barbetta for City Commission,≤100
1441704426074372,Douglas Taurel,The American Soldier,≤100
114218040306362,TFN PAC,TFN PAC,≤100
113330620093147,Sunny for Congress,Suneetha Chaparala,≤100
1687960061501058,"MinistryIsMe Ministries, LLC",Tiffany R Wood,≤100
100421958357393,PodTv Network,PodTv Network,≤100
2017884721848472,Bokeki,Kimbereley Iris Goldstein,≤100
313878881955855,Jewish Community Centers of North America (JCCs),JEWISH COMMUNITY CENTERS ASSOCIATION OF NORTH AMERICA,≤100
115617711783870,Center for Union Facts,CENTER FOR UNION FACTS,≤100
114299836615491,Solomon Rajput for Congress,SOLOMON RAJPUT FOR CONGRESS,≤100
104796740879587,theobamachicksbook,Pamela Jasper,≤100
33860907121,FunTimes Magazine,"FUNTIMES MAGAZINE, LLC",≤100
1601417063208019,Harness,Harness Community,≤100
165566613453452,ERLC,ETHICS AND RELIGIOUS LIBERTY COMMISSION OF THE SOUTHERN BAPTIST,≤100
104679791190128,Walter Blanks Jr,American Federation for Children,≤100
300341323465160,The Daily Signal,HERITAGE FOUNDATION (THE),≤100
366351973736242,Red Rock Secured,Red Rock Secured,≤100
34992314695,National Center for Public Policy Research,NATIONAL CENTER FOR PUBLIC POLICY RESEARCH,≤100
998388033545098,Mike Moran,Mike Moran,≤100
28144169620,Alliance for Aging Research,Alliance for Aging Research,≤100
216705888361546,Elbert Lee Guillory,ELBERT GUILLORY'S AMERICA,≤100
133809929982030,David Mullings,David Pa Mullings,≤100
1761571000739344,"Christine Barnes, Candidate",Christine Elizabeth Barnes,≤100
343175436328856,CA Needs Energy Storage,California Alliance for Renewable Energy Solutions,≤100
136710773025912,Salus University,Caren Jennifer Cremen,≤100
530628950745171,Vote In Or Out,Lisa Chin Mollica,≤100
108797534098691,Keep Gifts Great,Adrian Choi Conger,≤100
116546288359245,Heritage Action for America,HERITAGE ACTION FOR AMERICA,≤100
107205714387488,Live Free Wear,Randall Weeden La Celle,≤100
102890334808252,Bald Eagle Designs,political printing,≤100
296093157932840,The Fulcrum,The Fulcrum,≤100
708375056271048,The Christendom Curriculum,The Christendom Curriculum,≤100
324785111015146,The Reformed Constitutionalist,Michael John Cuellar,≤100
108925558017,Shared Hope International,Shared Hope International,≤100
102288614831292,Committee to Elect Steve Davis,Steven Allen Davis,≤100
857314914350139,Black Lives Matter Lansing,Black Lives Matter Lansing,≤100
1892187271040911,FreedomWorks Foundation,FreedomWorks Foundation,≤100
232264683462806,"Arc Manor, LLC",ARC MANOR LLC,≤100
90710744308,The Steamboat Institute,The Steamboat Institute,≤100
113057553790255,Pro-Life America General Purpose Committee,PRO-LIFE AMERICA GENERAL PURPOSE COMMITTEE,≤100
109970477058557,Rick LoCastro,Rick LoCastro for County Commissioner,≤100
103711654664084,Melvin Kindall Myles,Melvin Kindall Myles,≤100
124530924015,Hank Gilbert,HANK GILBERT FOR CONGRESS,≤100
809740726036497,ERTH Apparel,"Erth Enterprise, LLC",≤100
106629127527429,Kathy Barnette for Congress PA 04,Kathy Jean Barnette,≤100
388547605724,Richard Neal,RICHARD E NEAL FOR CONGRESS COMMITTEE,≤100
72565633140,Soles4Souls,"SOLES4SOULS, INC.",≤100
183250625135595,VFNKB - VFNtv,"VFN Kingdom Business, VFNKB",≤100
102673738084465,Illuxus,Illuxus,≤100
77790954801,Salesian Missions,Salesian Missions,≤100
1399926390134311,Nature's Generator,Huntkey USA Inc,≤100
1375618656016062,Deb Haaland for Congress,DEB HAALAND FOR CONGRESS,≤100
1634651343331439,Project Wren,Landon Brand,≤100
105127177821259,Richard Cheek for Township Committee Member,Richard Cheek for Township Committee Member,≤100
128163947282497,LP Building Solutions for Professionals,These ads ran without a disclaimer,≤100
103877744493195,Briit Botanicals,Briit Botanicals,≤100
219247332354785,Phil Arballo for Congress,ARBALLO FOR CONGRESS,≤100
120778038066631,EveryLibrary,EveryLibrary,≤100
103023468085698,Twotermtrump,Spencer Levine,≤100
406738752672400,Bob Robinson - Eaton County Treasurer,Eaton County Treasurer,≤100
126279571952,Huru International,HURU INTERNATIONAL,≤100
109474837470990,Capitol Retirement Community,These ads ran without a disclaimer,≤100
322870825821,Macmillan Audio,"HOLTZBRINCK PUBLISHERS, LLC",≤100
164513254148611,America's Voice News,Barbara Jean Lawrence,≤100
262589367126101,The Tikvah Fund,TIKVAH FUND,≤100
312569146034029,BlueVote,BlueVote,≤100
102665201399226,Current Science Daily,Metric Media LLC,≤100
54820342268,National Association of Secondary School Principals (NASSP),NASSP,≤100
427343180625328,Big Tim,Timothy Leon Chandler,≤100
164567966937605,Freedom Network USA,FREEDOM NETWORK USA,≤100
94047978366,PCCC - BoldProgressives.org,PROGRESSIVE CHANGE CAMPAIGN COMMITTEE,≤100
357844454633380,Dan Whitfield for Senate 2020,DANWHITCONGRESS,≤100
262138411622,Faces of Lawsuit Abuse,US Chamber Institute for Legal Reform,≤100
553737021364990,The Nation's Christ-based Leader/Healing & Wholeness,Amazing Things The Church (Legacy A3CEES),≤100
545953108763080,Americans United with Israel,October Kaylene Ladinsky,≤100
162493793737,Rick Green,Richard Arlin Green,≤100
110849485902,United Way,United Way Worldwide,≤100
104158171339370,Jeffrey  Lunde for Hennepin County Commissioner,Lunde for Commissioner,≤100
1507689979455306,American Bail Coalition,American Bail Coalition,≤100
133946720574,Expect More Arizona,Expect More Arizona,≤100
395414573846518,SunFrog Shirts,SunFrog LLC,≤100
26668999076,The Cato Institute,"CATO INSTITUTE, INC.",≤100
399060493533519,The Justice Foundation,JUSTICE FOUNDATION,≤100
276131699084792,YWAM Los Angeles,YWAM Los Angeles,≤100
101164484986617,To Be Frank Show,Real News PR,≤100
111947013529488,Mosher2020,Mosher for Pima County Attorney,≤100
952269798498571,Carmine Marceno for Lee County Sheriff,"Carmine Marceno, Republican for Lee County Sheriff",≤100
487569614682924,CAPP USA,Yellow Line Productions LLC,≤100
100510325055939,Rights & Pandemics,Rights & Pandemics,≤100
107229100853278,Don Morris for Vigo County Council at Large,Donald Wayne Morris,≤100
165779706726,Country Music Artist Carl Ray,These ads ran without a disclaimer,≤100
132917052381,Bill Gates (Arizona),Bill Gates for Supervisor. Authorized by Bill Gates,≤100
111495005590988,Pattern,Pattern Energy,≤100
2296497987261921,Amy Pope Wells for Congress,AMY POPE WELLS FOR CONGRESS,≤100
108661227278208,1 in 5 of us,Real Voices Media,≤100
270953679726380,Re-Elect Judge Joyce Kimbler,Re-Elect Judge KImbler Committee,≤100
104080121285245,Kowal for Congress,Kowal for Congress INC,≤100
355148051693804,Torres Targets,Torres Targets,≤100
103837514635067,Betterway Campaign,WAYMAKERS,≤100
2131427123549560,Proud to be a Black Queen,These ads ran without a disclaimer,≤100
264774890721566,Clear Energy Alliance,Clear Energy Alliance,≤100
102988967826032,Awa Case - 100% Biodegradable Phone Cases,AWA CASE LLC,≤100
336440323158789,Jack Burkman Radio,Jack Burkman Radio,≤100
259924897430716,VoteRiders,VoteRiders,≤100
102761729820354,"Beachwood, Ohio",Marilynn Johnson,≤100
2300931716665856,Donald Landry for DA,Donald Landry for District Attorney,≤100
573084822773932,Joe Perkins for Circuit Judge Campaign Committee,Joe Perkins for Circuit Judge Campaign Committee,≤100
144630113156275,Tu Voto Vale,Jesus R Flores,≤100
56332452163,AMA Patients Action Network,American Medical Association,≤100
128716440866482,Adam Milstein,Adam Milstein,≤100
245711905631405,Jeff Jackson,Jeffrey Jackson,≤100
111320687282447,BLM Drip,BLM Drip,≤100
1738627363100589,Respectful Exits,Respectful Exits,≤100
109613870586532,Universal Death Care - Dr. Reagan Anderson,Reagan Banning Anderson,≤100
62316799226,Pennsylvania Medical Society,Pennsylvania Medical Society,≤100
55713447392,30A,James M Ragsdale,≤100
110679030639065,American Destiny PAC,American Destiny PAC,≤100
114975389535,TAN Books,"SAINT BENEDICT PRESS, LLC",≤100
104544047961051,Friends of Carmine Marceno,Friends of Carmine Marceno,≤100
105698674239617,Embed News,Embed News,≤100
8895898655,Rainforest Alliance,"RAINFOREST ALLIANCE, INC.",≤100
102273851484509,Walt Stewart for Wisconsin State Assembly,STEWART FOR ASSEMBLY,≤100
105804624116745,HKDC - Hong Kong Democracy Council US,"Hong Kong Democracy Council, USA",≤100
304058913005378,Senior and Disabled Concerns,Senior & Disabled Concerns,≤100
264576624114604,OSRS Memes,Samuel Wyatt Craig,≤100
384676381708957,Education NC,Education NC,≤100
678900828863555,IfNotNow,If Not Now Movement,≤100
1679206408997588,Element 47,These ads ran without a disclaimer,≤100
148205145252473,Backcountry Hunters & Anglers,Backcountry Hunters & Anglers,≤100
1127581437405717,Bumbler - The Boba Tea Tumbler,Bumbler LLC,≤100
109870427098875,Vote Kevin Carrico,Kevin Carrico Campaign,≤100
1862142560544227,Green Estate Goods,Green Estate Goods LLC,≤100
113168840368379,Quality of Life,Eddie Haw Chen,≤100
45013872425,The Ripon Society,RIPON SOCIETY,≤100
121033149320,American Indian College Fund,"AMERICAN INDIAN COLLEGE FUND, THE",≤100
115403471809909,Plastic Oceans,PLASTIC OCEANS INTERNATIONAL,≤100
106333599442854,Marcellus Drilling News,Marcellus Drilling News,≤100
102594174786839,LV Strong,LV STRONG,≤100
108559130836613,Tiffany Countryman,Tiffany R Wood,≤100
103364877780972,Terry Turner For Sarasota City Commission,Terry Turner for Sarasota,≤100
337490192991981,Grabien,Grabien Inc,≤100
107175954323160,Trump-Thumper.com,Marc Bucci,≤100
1691091571125390,Representative Shevrin Jones,"Shevrin Jones, Democrat for Florida Senate, District 35",≤100
577214555786847,Lessons from Military History,Hoover Institution,≤100
1927977257228284,Jack Murphy,I Love My Freedom,≤100
87777747127,Greg Palast,Palast Investigative Fund,≤100
110280253735683,Alexandria Ocasio-Cortez Fan Club,Imran M Jemal,≤100
158375124184881,"Indiana Black Expo, Inc.",INDIANA BLACK EXPO INC,≤100
447486452273245,Dennis Haugh Author,"Dennis Haugh, author",≤100
32582320449,CMMB,CATHOLIC MEDICAL MISSION BOARD INC,≤100
143021112391265,Jacobin magazine,Jacobin Foundation,≤100
101099028271450,The Mask Buddy,Winnie None So,≤100
105109997689557,Michelle Cook for Sheriff,Michelle Cook For Sheriff,≤100
107037524341781,Fritzerstuff,Christa E Fritz,≤100
110930070663667,Jumpy Flavour,These ads ran without a disclaimer,≤100
1377749459221033,MO Electric Co-ops,MO Electric Co-ops,≤100
109685750774506,Austin Community First PAC,Austin Communities First PAC,≤100
427302110732180,Mike Cernovich,Michael C Cernovich,≤100
111064770375439,MAMAGear,MAMA Gear,≤100
74783093812,Just Vision,JUST VISION INC,≤100
908457082692365,Akholi,Akholi,≤100
789696478072946,The Liberty Loft,The Liberty Loft,≤100
212653972164899,J.D. Sheffield,JD Sheffield Campaign,≤100
334925200513155,Justin Berry for Texas HD 47,Justin Berry For Texas House,≤100
243150750704,Urban Awareness USA,Urban Awareness USA,≤100
481331019059116,The Published Reporter,The Published Reporter,≤100
100462631547757,Consumer Freedom Project,Gerard Daniel Scimeca,≤100
102010211314386,Donald Trump 2020 Voters,I Love My Freedom,≤100
109267407229927,ZIPO: Zero Interest Principal Only,ZIPO Inc,≤100
1553978148244954,Build With Strength,Build With Strength,≤100
171516669541491,Bright Hope,BRIGHT HOPE INTERNATIONAL,≤100
110248053643403,Vote For Gabe,Vote For Gabe,≤100
109665207387974,The Panda Tribune,The Panda Tribune,≤100
405469100189512,Still My President - Donald Trump,Red State Politics LLC,≤100
874137632692989,Be Here Now Network,Be Here Now Network,≤100
100198591462995,Harkness for Liberty County Pct 6 Constable,Zack Harkness for Liberty County,≤100
97624620788,American Friends of Magen David Adom,AMERICAN FRIENDS OF MAGEN DAVID ADOM,≤100
107772547450439,Visibly Black,Visibly Black,≤100
107038924352529,Big Money Mark Kelly,NRSC,≤100
150720154976207,Protect My Public Media,"APTS Action, Inc.",≤100
122360425094991,Nasty Woman Cosmetics,GINA MU CCIN MUCCINO-KELLER,≤100
862176137151809,Ban the Democratic Party,John Michael Mueller,≤100
103316901311254,Williamson County 2020 Census Complete Count Committee,Justin Adam Staples,≤100
377392172830318,Representative Ross Spano,Office of Representative Ross Spano,≤100
312066286397519,Manning Asylum Law,Manning Asylum Law,≤100
804568342964376,2nd Amendment Rights,One Nation Design,≤100
237788366660686,Tax March,Tax March,≤100
273474675643,HealthCareWithoutHarm,HEALTH CARE WITHOUT HARM,≤100
1162286517277297,Canvass America,Canvass America,≤100
8002590959,Rainforest Action Network,RAINFOREST ACTION NETWORK,≤100
341513602902369,CALL TO ACTIVISM,CALL TO ACTIVISM,≤100
100187165009006,Speaking society,These ads ran without a disclaimer,≤100
281248592526621,UnBossed Apparel,Katrice Smith,≤100
2401099560163263,VibeFront,VibeFront,≤100
30708742052,FCTRY,FCTRY,≤100
165734163437699,"Little, Brown and Company","Hachette Book Group, Inc.",≤100
144850842237429,Independentvoting.org,Independent Voting (IndependentVoting.org),≤100
119451654741594,Javy,James Veard,≤100
23180353833,North Carolina Republican Party,North Carolina Republican Party,≤100
107330584085380,Women’s health connection,Real Voices Media,≤100
1549009352000546,SchiffGold,SchiffGold,≤100
2903264786480890,Ethan Petzold for State Representative,Friends of Ethan Petzold,≤100
344346245749372,Shore Trendz,RHW.COM LLC/DBA Shore Trendz,≤100
221599395100738,Coalition Of Polish Americans,Coalition of Polish Americans,≤100
128591300513012,Senator Eddie Lucio,Senator Eddie Lucio Campaign,≤100
300748678230,Tennessee Department of Economic and Community Development,Tennessee Department of Economic and Community Development,≤100
135500133147357,ProEnglish,US INC,≤100
113282863523874,Election Obsession,Philip Buehbler,≤100
272618896537776,America First Agenda,America First Agenda PAC,≤100
1072713899596162,Politics In 3D,Politics In 3D,≤100
374108446391390,Ted Howze for Congress,TED HOWZE FOR CONGRESS 2020,≤100
940653386126953,StandingWithYou.org,Standingwithyou.org,≤100
1679521432262834,Physicians Grassroots Network,American Medical Association,≤100
23362993101,Center for Immigration Studies,CENTER FOR IMMIGRATION STUDIES,≤100
113644103666790,America First,TruthLion,≤100
345378512258813,Elise Stefanik,ELISE FOR CONGRESS,≤100
164010305863,Nipsco,NIPSCO,≤100
113553048669158,Rick Scott,TEAM RICK SCOTT,≤100
100633328208699,Cass County Solar Project,Cass County Solar Project,≤100
2176472882580975,Crusader Outlet,Crusader Marketing,≤100
1448984361857166,Florida Federation for Children PAC,Florida Federation for Children,≤100
38882699096,Polaris,POLARIS PROJECT,≤100
158367801002983,The Lozano Law Firm - Abogado de Inmigracion,Lozano Law Firm,≤100
910834685971360,Jennifer Gilliland Vanasdale Justice for All,Jennifer Gilliland Vanasdale,≤100
422250511163275,REMEDIGAP,Quinn Group LLC,≤100
454964887885839,ROCKET,ROCKET,≤100
112378316832885,Better PA,"Better Pennsylvania, Inc.",≤100
305859026094125,Texas Latino Conservatives,Texas Latino Conservatives PAC,≤100
421486244558294,Ross Spano,ROSS SPANO FOR CONGRESS,≤100
1005566252861190,VOTEPROCHOICE,DEMOCRATS.COM,≤100
121750354532995,Yale Program on Climate Change Communication,Yale Program on Climate Change Communication,≤100
101829664772551,Sports Moms United,These ads ran without a disclaimer,≤100
102389731274006,Shield Republic Charities,Shield Republic,≤100
288452868709310,Smart City Expo Atlanta,Smart City Expo Atlanta,≤100
108548583863696,Becky Gardner,Friends of Becky Gardner,≤100
109678580574253,Politicool Clothing Co.,PolitiCoolClothing.com,≤100
107158567681236,Donald vs Joe: 2020 Election Coloring Book,Darren Martin,≤100
102641288126441,Freed Promise Project,Christopher Lee Smoot,≤100
747436915270894,Congressional Leadership Fund,CONGRESSIONAL LEADERSHIP FUND,≤100
104917627885720,Love Beautiful Birds,These ads ran without a disclaimer,≤100
195704103779569,Savage Outdoors & The One,Amanda Harris Lee,≤100
168724037138709,The Good Frank,Tyrone Edwards Jackson,≤100
278355662356517,BallotReady,"BallotReady, Inc",≤100
106671080747795,Color-ly,Color-ly Inc,≤100
26060837166,Point Loma Nazarene University,Point Loma Nazarene University,≤100
198559607605482,Gunnigle 2020,Gunnigle 2020,≤100
262905633727,Los Angeles Mission,"Los Angeles Mission, Inc.",≤100
105264094403642,Trump MAGA Swag,James Richard Griffin,≤100
2162300540459192,Fisher4Sheriff,Mike Fisher for Osceola County Sheriff,≤100
332905134021585,Joe Harding for State Representative,Joe Harding for State Representative,≤100
81372493950,POET,POET,≤100
138492335404,Scott Walker,"Walker Group, LLC",≤100
103150364587807,Gun Owners Care,National Shooting Sports Foundation,≤100
710669049286394,Woo the People,Khosro David Illulian,≤100
113768726839528,Joseph Kishore,COMMITTEE TO ELECT JOSEPH KISHORE,≤100
182599131471,Comics Kingdom,The Hearst Corporation,≤100
90705538313,Sheet Metal Air Rail and Transportation Workers,SMART,≤100
107756450629760,Todd Rowley 2020,TODD ROWLEY FOR CONGRESS,≤100
114066205306277,Franciscan Friars of the Atonement,Franciscan Friars of the Atonement,≤100
216993775591259,America 2034: Utopia Rising,Progressive Source Communications LLC,≤100
336848256815114,Eyeless on Campus,These ads ran without a disclaimer,≤100
2223151871134889,Trump45Merch,Thomas Charles Granack,≤100
356431274698532,Ryan Hampton,Ryan Hampton,≤100
8936818385,Accuracy in Media,"ACCURACY IN MEDIA, INC",≤100
447484109420511,Taylorfor2021,Taylor 2021,≤100
138496993454478,Man Made Survival,Christopher None Prado Herrera,≤100
96771266759,AMSA - American Medical Student Association,AMERICAN MEDICAL STUDENT ASSOCIATION,≤100
449596921884208,MyPostcard,"MyPostcard.com, Inc.",≤100
172957447209,Summit County Democratic Party,Summit County Democratic Party,≤100
164771506031,Claremont Institute,Nicholas Dylan Short,≤100
185822511560631,Connect23.com,Connect23.com,≤100
212375358784914,Ed Brodsky for State Attorney,Ed Brodsky for State Attorney,≤100
111654690603599,NUIRC,Nonprofit Unemployment Insurance Relief Coalition (NUIRC),≤100
190543018083996,Joan Greene for Congress,JOAN GREENE FOR CONGRESS,≤100
135002490472474,Conor Lamb,CONOR LAMB FOR CONGRESS,≤100
826460474101920,BitMari,Sinclair Matthew Skinner,≤100
102478528086004,Reading On the Left,St. Martin's Press,≤100
337416009703682,Heather Carter,VOTE HEATHER CARTER SENATE,≤100
128155811565,Wyoming Liberty Group,Mandy Ludtke,≤100
110016930737913,2020 Is Hindsight,Janet Gaye Eavenson,≤100
186124138212831,Rutgers University Foundation,These ads ran without a disclaimer,≤100
214002058736436,Unite America,UNITE AMERICA,≤100
104653064566281,Judge Natasha DePrimo,"Judge Natasha DePrimo, Non-Partisan, for Broward County Court Judge Group 31",≤100
239658882763974,Poverty USA by CCHD,UNITED STATES CONFERENCE OF CATHOLIC BISHOPS,≤100
505653766599222,America First with Dr. Sebastian Gorka,Salem Media,≤100
100959774775932,Moisant for District Judge,Steve Verzwyvelt Jr.,≤100
297599343644121,Joel Kuhlman for Judge,Friends of Joel Kuhlman,≤100
182593055177823,Vote Jeff Gold,Jeff Gold for County Commission,≤100
243498882520314,FoodFinder,"FOODFINDER, INC.",≤100
1811405699080331,Recovery Advocacy Project,Recovery Advocacy Project,≤100
146817005352784,Wellness.com,"Beachside Media, Inc.",≤100
433364950062784,Power Over Energy,Power Over Energy,≤100
103136118084233,Californians for Independent Work,Californians for Independent Work,≤100
467503009987109,"Healthy Forests, Healthy Communities","Healthy Forests, Healthy Communities",≤100
404041503001995,Time On The Hill,"Time On The Hill, Inc.",≤100
592074077639509,Donald Trump Is Our President,Power To The Publisher,≤100
110206523984709,Rural Not Stupid,Rural Not Stupid,≤100
628891490457484,Nancy Mace,Nancy Mace for Congress,≤100
1755810367986271,Eurasia Group Foundation,Eurasia Group Foundation,≤100
147772599162878,Mary's Meals USA,Diane Driscoll,≤100
1675630946095534,Franciscan Missions,Franciscan Missions,≤100
262187964204063,Representative Jeremy Munson,Munson For House,≤100
102204884560434,Niki Frenchko for Commissioner,Friends of Niki Frenchko,≤100
188587774119,Big Piph,Massun Aundrea Collins,≤100
64206021703,National Committee to Preserve Social Security and Medicare,NATIONAL COMMITTE TO PRESERVE SOCIAL SECURITY AND MEDICARE,≤100
303991847213938,José Garza for DA,Texas Justice & Public Safety PAC,≤100
109379393894282,Keep Texas Moving,TEXAS ASSOCIATION OF BUSINESS,≤100
108152933883451,TrumpTrendz,Troy Lorenzo Davis,≤100
165014546858456,Free To Choose Network,FREE TO CHOOSE,≤100
111648480319494,800DEMOCRAT,800DEMOCRAT,≤100
461530314600399,Common Sense American Politics,Common Sense American Politics,≤100
44951363957,American Enterprise Institute,AMERICAN ENTERPRISE INSTITUTE FOR PUBLIC POLICY RESEARCH,≤100
101542408248637,SMOAK 2020- Justin Smoak for Washington's 1st Congressional District,SMOAK 2020,≤100
492346107926382,Fibre Box Association,Fibre Box Association,≤100
2477925168899669,The Renew Democracy Initiative,"The Renew Democracy Initiative, Inc",≤100
111607313837649,Will Sheehan for Congress,Will Sheehan For Congress,≤100
242201086278367,Newtype,"Newtype, LLC",≤100
1627212824167934,Men4Choice,Men4Choice,≤100
83960796709,Institute for Southern Studies,INSTITUTE FOR SOUTHERN STUDIES INC,≤100
70090474914,American Farmland Trust,"AMERICAN FARMLAND TRUST, INC",≤100
5887538795,Education Week,Education Week,≤100
104243792943104,Saybrook University,TCS Education System,≤100
175490763635,Artists United For Social Justice,Artists United for Social Justice,≤100
195850380468630,Derek Dickow,Derek Joseph Dickow,≤100
1480531258923286,JDoe,Ryan Michael Soscia,≤100
106364329441748,Margaret W. Wong & Associates,"WONG, MARGARET W & ASSOCIATES CO LPA (INC)",≤100
1080205062117462,Greg Garrett,Gregory Mosteller Garrett Sr,≤100
302612457071883,Moving It Right,Richard P Ashton,≤100
664770743730817,Dan Feehan for Congress,FRIENDS OF DAN FEEHAN,≤100
350784278974539,Turning Point Action,Turning Point Action,≤100
105610970947657,MY 2A GEAR,Leon Mckensizy Dunn,≤100
2154804598181848,Conservatives informing Conservatives,Charles None Ostertag,≤100
110440390375032,"Lindsay Lyons, Educational Consulting",Lindsay Beth Lyons,≤100
107077724050536,The Far Shore,Glenn Michael Damato,≤100
187850809456,PSEA - PA State Education Association,PENNSYLVANIA STATE EDUCATION ASSOCIATION,≤100
151577215422581,Zioness Movement,"Zioness Movement, Inc.",≤100
109871857186924,Genuine Milk of Amnesia,Genuine Milk of Amnesia,≤100
2128382640533831,Arnold4Judge,"Rhiannon Arnold, Non-Partisan, for Circuit Court Judge",≤100
108503659576,National Coalition for Public School Options,National Coalition for Public School Options,≤100
283679858345371,AARP New Mexico,AARP,≤100
47710973068,Cooperative Action Network,National Rural Electric Cooperatives Association,≤100
102315041409283,Horses in our Hands,In our Hands Action Fund,≤100
260713150211,Protect Our Winters,Protect Our Winters,≤100
1662317660757785,American Snippets,American Snippets,≤100
96315553086,Crop Insurance Keeps America Growing,National Crop Insurance Services,≤100
111151490241542,Pollemix,Pollemix,≤100
108540957520460,Pitt For Biden,Marcus Aaron Edelstein,≤100
391872261636792,2020unity,"ForFact LLC, DBA 2020unity",≤100
164966660351345,Hope Outfitters,Hope Outfitters,≤100
482100658584410,We Stand For Energy,"EDISON ELECTRIC INSTITUTE, INC.",≤100
143173285763,Tenth Amendment Center,Tenth Amendment Center,≤100
212364922245261,Adam Smith Society,The Adam Smith Society,≤100
2081864865362439,Mike Espy,MIKE ESPY FOR SENATE CAMPAIGN COMMITTEE,≤100
1835838916635491,Transamerica Center for Health Studies,Transamerica Center for Health Studies,≤100
905347056195988,Clean Vehicle Rebate Project,Clean Vehicle Rebate Project [Administered by the Center for Sustainable Energy],≤100
511235549007985,PRJKT RUBY,PRJKT RUBY,≤100
147497942385,To the Contrary on PBS,Persephone Productions,≤100
1745418332339003,Aspire Gear,Aspire Gear,≤100
412739549455010,Karena Reiter,PrimaDonna Reeds,≤100
436865753096340,MRC Latino,MEDIA RESEARCH CENTER,≤100
27139120832,Advancing Native Missions,Advancing Native Missions,≤100
10150096009920008,Pro-Life Action League,PRO LIFE ACTION LEAGUE,≤100
341240953385902,Force Of Nature Meats,Force of Nature,≤100
110733753819680,Mozaik Philanthropy,Keely Hathorn Badger,≤100
2150424768307500,Houseboat Kings,Houseboat Kings,≤100
10760692978,World Hope International,World Hope International,≤100
354329797956187,The Catholic Association,"The Catholic Association, Inc",≤100
107199049318619,Friends of Derek Kilmer,PEOPLE FOR DEREK KILMER,≤100
105229062888132,Stop Soldier Suicide,Stop Soldier Suicide,≤100
122207534456852,Ayo and Iken,Ayo and Iken,≤100
2039515353004485,Progress NEO,Progress NEO,≤100
1586241161699749,DeliverFund,DeliverFund,≤100
300476911222,Middlesex County Democratic Organization,"Pinkin for Clerk, Tomaro for Freeholder, and Koppel for Freeholder, PO Box 434, Edison, NJ 08818",≤100
1813012495602677,HALO in Nagorno Karabakh,"HALO TRUST (USA), INC. (THE)",≤100
100102045023863,Robin Kimbrough Hayes for United States Senator,COMMITTEE TO ELECT ROBIN KIMBROUGH HAYES TO UNITED STATES SENATE,≤100
160418807408255,TargetSmart,TargetSmart Communications,≤100
627951147293090,FatFinger,Fat Finger LLC,≤100
262536810935097,Housing Is A Human Right,AIDS HEALTHCARE FOUNDATION,≤100
107097945991456,East Coast Truck & Trailer Sales,East Coast Truck & Trailer Sales,≤100
111831805841449,BoldTV,Bold TV,≤100
169440273093442,The Center for Election Science,The Center for Election Science,≤100