﻿Page ID,Page Name,Disclaimer,Amount Spent (USD)
629062130882339,Congressman Michael F.Q. San Nicolas - Guam,United States House of Representatives,259
171540600327698,Senator Amanda L. Shelton,Amanda L. Shelton,≤100
303943826419440,Senator Wil Castro,4 Wil Drive,≤100
590772954430493,Guam Citizens for Public Accountability,Guam Citizens for Public Accountability,≤100
108602900749242,Guam Fair Housing Study,SMS Research,≤100
107665115102,Mission Network News,These ads ran without a disclaimer,≤100
205238189588054,"Race, Racism and the Law",Professor Vernellia Randall,≤100
1639730212934172,"DOVA International Charities, Ltd, 501c3 Non-Profit Charity",Kathleen Louise D'Ovido,≤100