﻿Page ID,Page Name,Disclaimer,Amount Spent (USD)﻿
34370387440,JDRF,JDRF INTERNATIONAL,≤100
511235549007985,PRJKT RUBY,PRJKT RUBY,≤100
544741092252764,Congressman Jason Smith,Congressman Jason Smith,≤100
158233651450504,The Palestine Institute for Public Diplomacy,The Palestine Institute for Public DIplomacy,≤100
112038530439243,Centennial Opinion Research,Centennial Opinion Research,≤100
709046012792616,National Audubon Society Action Fund,National Audubon Society Action Fund,≤100
38235851310,USA for UNHCR,UNITED STATES ASSOCIATION FOR UNHCR,≤100
19746387261,Humane Society International,Humane Society International,≤100
210455593021382,Health Care Voices,"Health Care Voices, a project of Social Good Fund",≤100
56332452163,AMA Patients Action Network,American Medical Association,≤100
27713232096,The Art of Jason Heuser AKA: Sharpwriter,Brandon Kyle Fink,≤100
530604487365010,Old Glory Flagpole Kits,Service First Flag Poles,≤100
104117891137180,Everyday is a Second Chance,Shi Yuan Ge,≤100
113946520165958,Anticom Media,Anticom Media,≤100
348973409274904,Velvet Hamster,Velvet Hamster,≤100
24330467048,Americans for Prosperity,AMERICANS FOR PROSPERITY,≤100
114314450118087,Darma for City Council 37,Darma V Diaz CD37,≤100
566008736785269,Be Heard Project,Be Heard Project,≤100
103423411287089,Custom Political T-Shirts,Bridget Lynn Morningstar,≤100
120778038066631,EveryLibrary,EveryLibrary,≤100
111393882812494,Amy McGrath,"AMY MCGRATH FOR SENATE, INC.",≤100
620301151471659,Weak Ends at Bernies,Paul Anthony Goodno,≤100
1585761838387907,Unity College Online,Unity College,≤100
8473889271,National Parks Conservation Association,National Parks Conservation Association,≤100
104504438466,Federal Voting Assistance Program - FVAP,Federal Voting Assistance Program (FVAP),≤100
156994304362574,American Bridge,AMERICAN BRIDGE 21ST CENTURY,≤100
20876805343,March of Dimes,MARCH OF DIMES INC.,≤100
114988926312,HITN,HITN - Hispanic Information and Telecommunications Network,≤100
404164463091452,Chas Castell,Charles William Peter Castell,≤100
207245375352,SAGE,"SERVICES AND ADVOCACY FOR GLBT ELDERS, INC",≤100
109889733883173,WE GOT TEEZ,RICHARD ANDREW-WITTE COMISKEY,≤100
105281310938561,Evelyn For New York,Evelyn For NY,≤100
168876449866088,The Years Project,The Years Project,≤100
312087222175938,Southeast Texas Record,The Record,≤100
1110632742347022,Troll Co.,These ads ran without a disclaimer,≤100
118255521596677,Superior Business Solutions,"SUPERIOR BUSINESS FORMS, INC.",≤100
175716473032461,MamaP,MamaP,≤100
156269771074135,VILLAGE HOMES,Randy Jay Rouleau,≤100
350316025478383,When We All Vote,When We All Vote,≤100
193618220508,LIFE Today,LIFE Outreach International,≤100
13187955196,Young Americans for Liberty,Young Americans for Liberty,≤100
47712360678,Jobs With Justice,Jobs With Justice,≤100
260754507296508,The Voter Participation Center,Voter Participation Center,≤100
126893748252841,American Firearms Coalition,American Firearms Coalition,≤100
2196281620653830,Footprint,Footprint,≤100
737151126362683,American Military News,American Military News,≤100
111428049989,Cal Cunningham,CAL FOR NC,≤100
156392276602,Strong Towns,Strong Towns,≤100
7209432197,Chris Coons,CHRIS COONS FOR DELAWARE,≤100
203805062990264,Ben Shapiro,The Daily Wire,≤100
296708523873754,Karla Dennis and Associates Inc.,"Karla Dennis & Associates, Inc",≤100
139599847972,National Nurses United,BE A HERO PAC,≤100
9324910069,NRSC,NRSC,≤100
107155540841212,Proud Patriot America,Proud Patriot,≤100
108180596030668,Elizabeth Dole Foundation,Elizabeth Dole Foundation,≤100
101624321445953,Garrett Blad for State Rep,Blad for Indiana,≤100
108868307182723,Phara for Assembly,Phara for Assembly,≤100
99056648937,NIAC,NIAC Council,≤100
105452337640985,Stephen Sundquist,Stephen Michael Sundquist,≤100
513785465632396,Airline Passengers for Justice,Airline Passengers for Justice,≤100
113065983566595,TrumpCoin,Jonathan Caughey,≤100
248262725706461,Power The Future,Power The Future Inc,≤100
907919839243616,My Faith Votes,My Faith Votes,≤100
108777231824,Manhattan Institute for Policy Research,MANHATTAN INSTITUTE FOR POLICY RESEARCH INC,≤100
100489714905608,Democracy Network,Democracy Network,≤100
113051076740752,David Willingham for Cobb County State Court,Friends of Willingham for Cobb State Court,≤100
333710103706307,Giffords,GIFFORDS PAC,≤100
112614656925530,Perry for Kentucky,Robert Lee Perry,≤100
159964696102,Kevin McCarthy,KEVIN MCCARTHY FOR CONGRESS,≤100
1353948297956614,Let Africa Live,Let Africa Live,≤100
361960287311696,Better Medicare Alliance,"Better Medicare Alliance, Inc",≤100
1404914223144340,Great Big Story,"Turner Broadcasting Sales, Inc",≤100
1079789672084038,SimonBooks,Simon & Schuster,≤100
321250352104571,Valerie Plame,VALERIE PLAME FOR CONGRESS,≤100
2225580284361712,Tommy Tuberville,"TUBERVILLE FOR SENATE, INC.",≤100
28896772146,San Diego Zoo,ZOOLOGICAL SOCIETY OF SAN DIEGO,≤100
420424547981908,In Search of Liberty,Scott Dennis Welch,≤100
407664862957433,Ammar Campa-Najjar for Congress,AMMAR CAMPA-NAJJAR FOR CONGRESS,≤100
1610834479233860,Fight For Reform,End Citizens United Non-federal,≤100
121626482110,Operation Smile,"OPERATION SMILE, INC.",≤100
296356694135040,Goods Unite Us,Goods Unite Us,≤100
101987144592086,Stollings for West Virginia,Stollings for West Virginia,≤100
107099660896459,US Medicine News,Kadija Nyambi Robinson,≤100
98912141410,American Forests,American Forests,≤100
514442968569467,Northern Illinois Food Bank,NORTHERN ILLINOIS FOOD BANK,≤100
2155040508095232,MonopolyWars,MonopolyWars.com,≤100
107953199261156,ifaw,"INTERNATIONAL FUND FOR ANIMAL WELFARE, INC.",≤100
127755494595870,Progressive Takeover,PROGRESSIVE TAKEOVER,≤100
1976887775897254,Toadsilk Apparel,Felix Ah Lufkin,≤100
310875636463673,Don Bolduc,"Bolduc 2020, Inc.",≤100
2365214577056673,Wesley Morgan,Clinton W Morgan,≤100
331037760381749,Sierra Magazine,SIERRA CLUB,≤100
289446947817747,Global Citizen,"GLOBAL POVERTY PROJECT, INC.",≤100
293409964049501,World Tree: Growing a Sustainable Future,World Tree Technologies Inc.,≤100
105732744375701,Steve Bullock,Montanans for Bullock,≤100
1688725768007141,Michelle Caruso-Cabrera,CARUSO-CABRERA FOR NEW YORK,≤100
314463908651,After Fifty Living,Joanne Sullivan Lema,≤100
434635993263210,"King County, Washington - Government","King County, WA",≤100
120333829372239,Salvos,Salvos,≤100
105270434360519,The Dirty Dems,Robert Jeffrey Johnson,≤100
110746996993983,The Gander Newsroom,Courier Newsroom,≤100
175548090797,House Conservatives Fund,HOUSE CONSERVATIVES FUND AND NOT AUTHORIZED BY ANY CANDIDATE OR CANDIDATE’S COMMITTEE,≤100
11791104453,NRDC,Natural Resources Defense Council,≤100
54310679625,Alliance for Justice,ALLIANCE FOR JUSTICE,≤100
146817005352784,Wellness.com,"Beachside Media, Inc.",≤100
540467496124903,SOAR Hydropower,"CANYON INDUSTRIES, INC.",≤100
291260461373618,News and News,News and News,≤100
791543660926838,"I'll go ahead and keep my guns, Thanks",2A4LIFE LLC,≤100
661744180680367,National Police Association,"NATIONAL POLICE ASSOCIATION, INC.",≤100
1338822066131069,Women's March,Women's March,≤100
136126341809,American Bird Conservancy,American Bird Conservancy,≤100
1449461518652183,4Patriots,4Patriots LLC,≤100
298043743589859,Omaze,Omaze,≤100
222811984421691,Cold Bee Gone,Joyce K C None Dales,≤100
1014291495249813,Politicon,Politicon,≤100
1482947308676311,Topdust,cleancult,≤100
1573710789569677,"Re-Elect Josh Blake for Lake County Commission, District 5",Josh Blake for County Commissioner,≤100
2188424341404612,Project Ready,Project Ready,≤100
17023576156,The Leadership Conference on Civil and Human Rights,The Leadership Conference on Civil and Human Rights,≤100
374848446414965,Pollking,Benjamin Aaron Perlman,≤100
102745147891580,Trump Coolers,Eric Clifford Juels,≤100
296093157932840,The Fulcrum,Issue One,≤100
308666759175660,Center for Migration Studies of New York,CENTER FOR MIGRATION STUDIES,≤100
159597424207730,David Perdue,PERDUE FOR SENATE,≤100
10524821940,National Park Foundation,National Park Foundation,≤100
680549575421741,UnitedVoice.com,"Beachside Media, Inc.",≤100
312652025484896,Americans for Tax Fairness,Americans for Tax Fairness,≤100
300103172268,Pacific Battleship Center - Battleship USS Iowa,Jonathan Thompson Williams,≤100
116534199732974,USA Carry Online,USA Carry Online,≤100
345504286342057,Keeping America Great Again,RightWingGear.com,≤100
1961490360828207,SEMA US,SEMA US,≤100
515224855346579,New Politics,New Politics,≤100
1234251319933440,Exclusive Apparel,The Dude's Designs,≤100
70090474914,American Farmland Trust,"AMERICAN FARMLAND TRUST, INC",≤100
58691227283,The New York Young Republican Club,The New York Young Republican Club,≤100
137403894741,"Haven of Rest Ministries Akron,OH","HAVEN OF REST MINISTRIES, INCORPORATED",≤100
1934158976830122,Sean Casten for Congress,CASTEN FOR CONGRESS,≤100
41182871633,National Museum of American Jewish History,National Museum of American Jewish History,≤100
302111635698,National Association of Tax Professionals (NATP),National Association of Tax Professionals,≤100
111236436913028,Fleur,Fleur,≤100
245284549333866,ASMDSS,ASMDSS,≤100
13649914583,Equality Now,"EQUALITY NOW, INC.",≤100
102123058009298,Tips For Cleaning Your Car,Cornelia Lanisha Holston,≤100
1383869268500535,Medicare World,Medicare World,≤100
735450726543930,Clergy for a New Drug Policy,Clergy for a New Drug Policy,≤100
291102898490822,Giant Maga Hat,Inventors club LLC,≤100
143509339045414,Americans for Peace and Tolerance,"AMERICANS FOR PEACE AND TOLERANCE, INC.",≤100
90671958533,Lexus,These ads ran without a disclaimer,≤100
96171427550,Raja for Congress,FRIENDS OF RAJA FOR CONGRESS,≤100
113460456730293,Ben Salango,Ben Salango for West Virginia,≤100
197374340229,E2 - Environmental Entrepreneurs,E2 (Environmental Entrepreneurs),≤100
6334782252,Oceana,OCEANA,≤100
1884107931849913,Republicans for the Rule of Law,Defending Democracy Together,≤100
440850842779072,DuPage Policy Journal,Local Government Information Services,≤100
138492335404,Scott Walker,"Walker Group, LLC",≤100
411439335903805,The Halfway Post,Cole Patrick Figus,≤100
6726182861,Mike Pence,"DONALD J. TRUMP FOR PRESIDENT, INC.",≤100
314499212242,Pfizer,Pfizer Inc.,≤100
1456310534453054,Veteran Loans Online,"LMB OpCo, LLC",≤100
115364585711,Lawyers' Committee for Civil Rights Under Law,LAWYERS' COMMITTEE FOR CIVIL RIGHTS UNDER LAW,≤100
808450969246896,"Rebecca Walser, Tax Attorney, CFP",Walser Wealth Management,≤100
1311291038982513,2A Gear,Teecreations LLC,≤100
110257623864359,Cool Mud Flaps,"OHIO LASER, LLC",≤100
194377127954,Ladders,These ads ran without a disclaimer,≤100
8325302025,Friends of the Earth U.S.,Friends of the Earth,≤100
1764185850558806,Apex Clean Energy,Apex Clean Energy,≤100
101484004668711,The Week Junior US,These ads ran without a disclaimer,≤100
155818016761,First 5 LA,First 5 LA,≤100
105010030848236,Bryant Cameron Webb,DR. CAMERON WEBB FOR CONGRESS,≤100
68771922854,Essence,Shaelyne Antonia Moodie,≤100
334748476594191,Rodney Davis,Rodney for Congress,≤100
21492729544,Catholic Relief Services,CATHOLIC RELIEF SERVICES - UNITED STATES CONFERENCE OF CATHOLIC BISHOPS,≤100
81517275796,UNICEF USA,UNITED STATES FUND FOR UNICEF,≤100
203197030603239,8 Billion Trees,8 Billion Trees LLC,≤100
558201104233965,Stephanie Vela Anderson,Stephanie Vela Anderson,≤100
190987118163092,Connected Clothing Company,Connected Clothing Company,≤100
620619085055774,Sandy Smith,"SANDY SMITH FOR CONGRESS, INC.",≤100
300774350436838,topplr,Data Genomix,≤100
59877921429,Lutheran Immigration and Refugee Service,"LUTHERAN IMMIGRATION AND REFUGEE SERVICE, INC.",≤100
405469100189512,Still My President - Donald Trump,Red State Politics LLC,≤100
1864721517082089,Democratic Attorneys General Association,Democratic Attorneys General Association,≤100
118502801658228,Young Kim,Young Kim for Congress,≤100
100822738050183,Trump Star 2020,Greek Steel LLC,≤100
458928061510318,Rita Hart for Iowa,RITA HART FOR IOWA,≤100
7814597100,Jim Jordan for Congress,JIM JORDAN FOR CONGRESS,≤100
133666160060982,Senate Majority PAC,SMP,≤100
196743663140,Baha'is of the United States,National Spiritual Assembly of the Baha'is of the United States,≤100
393076844046051,Progressive Caucus,CONGRESSIONAL PROGRESSIVE CAUCUS PAC,≤100
110318730393248,US speaking society,These ads ran without a disclaimer,≤100
1375618656016062,Deb Haaland for Congress,DEB HAALAND FOR CONGRESS,≤100
104289224445219,2020SupplyCo,Aiden Schutt,≤100
105992814375720,3M Lawsuit For Vets,Alejandro Giovann Caracoza,≤100
10234472029,Council on Foreign Relations,Council on Foreign Relations,≤100
263210730984251,We Are Great Again Pac,WE ARE GREAT AGAIN PAC,≤100
1413682351987764,Andy Kim for Congress,Andy Kim for Congress,≤100
433919203362871,Bird + Stone,BIRD & STONE INC,≤100
108519723832934,RAFT,Alexandra Marie Duany Saavedra,≤100
662962894077729,The Well News,The Well News,≤100
127225910653607,PragerU,PragerU,≤100
100666038243915,True American Patriot,Gold Sky Ventures LLC,≤100
115848097551,Institute for Women's Policy Research,Institute for Women's Policy Research,≤100
842721202508267,Diaz Campaigns,Diaz Campaigns,≤100
567371470277443,The Wilderness Society Action Fund,The Wilderness Society Action Fund,≤100
694340911004154,Americans for Intelligence Reform,Americans for Intelligence Reform,≤100
6500552187,Hulu,"HULU, LLC",≤100
101568761447230,Compensation Experts USA,Injury Compensation Center,≤100
114971076538782,The Keystone,Courier Newsroom,≤100
67180895597,National Shrine of St. Jude,The National Shrine of St. Jude,≤100
101103254533,SOS International,SOS International,≤100
101333462265,Distilled Spirits Council of the United States,Distilled Spirits Council of the United States,≤100
300992409852,Hoover Institution,Hoover Institution,≤100
10498053716,Media Research Center,MEDIA RESEARCH CENTER,≤100
1025055787535714,A Case for Women,A Case for Women,≤100
23516382545,B Corporation,B LAB COMPANY,≤100
209619353126411,State Representative Felisha Leffler,Friends of Felisha Leffler,≤100
23362993101,Center for Immigration Studies,CENTER FOR IMMIGRATION STUDIES,≤100
6279167307,Easterseals,Easterseals,≤100
83960796709,Institute for Southern Studies,INSTITUTE FOR SOUTHERN STUDIES INC,≤100
101184291485095,Sammy Tostensen - County Commission District 1,Samuel Allen Tostensen,≤100
26006662641,Arizona Democratic Party,Arizona Democratic Party,≤100
354253951601784,LiberalResistance,USA Unify Media Inc,≤100
357750373755,National Domestic Workers Alliance,National Domestic Workers Alliance,≤100
260401648038890,Science101,Novelty Media,≤100
290851614930809,Combat AntiSemitism,Combat Anti-Semitism,≤100
104245131196246,Jordan Richard,Jordan Eric Richard,≤100
347252395734160,Paul Jacobs for Illinois State Representative District 115,Committee to Elect Paul Jacobs,≤100
22898109808,Grist.org,Grist Magazine,≤100
602714436529710,End Citizens United,END CITIZENS UNITED,≤100
7292655492,MoveOn,MOVEON.ORG CIVIC ACTION,≤100
1809715209318581,Marjorie Taylor Greene for Congress,GREENE FOR CONGRESS,≤100
1608037099452838,Brianna Wu,BRIANNA WU FOR CONGRESS,≤100
122773549121265,President Trump for Nobel Peace Prize 2020,Tarek None Kteleh,≤100
34362997676,United States Holocaust Memorial Museum,UNITED STATES HOLOCAUST MEMORIAL MUSEUM,≤100
1621690511405010,Civic Action,Civic Action,≤100
102010211314386,Donald Trump 2020 Voters,I Love My Freedom,≤100
101481584557260,Help Asheville Bears-HAB,Heather Christina Williams,≤100
100718241380366,American Awakening,SWORD & SPOON ENTERPRISES INCORPORATED,≤100
2311489605552071,Customers Who Care,Customers Who Care,≤100
20149036407,Earth Day Initiative,EARTH DAY NEW YORK,≤100
172758932738142,PhRMA,PHARMACEUTICAL RESEARCH AND MANUFACTURERS OF AMERICA,≤100
57846092173,American Bible Society,American Bible Society,≤100
1520483958208446,Seeger Weiss LLP,SEEGER WEISS LLP,≤100
6355071377,American Cancer Society Cancer Action Network - ACS CAN,AMERICAN CANCER SOCIETY CANCER ACTION NETWORK INC,≤100
236369846383459,Congressional Black Caucus PAC,Congressional Black Caucus PAC,≤100
100913471486535,POTUS T-Shirt,POTUS T-Shirts,≤100
1515578192021449,WHOLETONES,Wholetones Inc.,≤100
117270568319993,NYSUT - A Union of Professionals,New York State United Teachers,≤100
137459917707,The Brookings Institution,The Brookings Institution,≤100
107834404161011,2econd Rights,Oscar Jose Trinidad,≤100
7609325759,Jim McGovern,RE-ELECT MCGOVERN COMMITTEE,≤100
329272720965256,GALvanize USA,GALvanize USA,≤100
113193283653377,Healthy Decisions,Megan Kristen Hall,≤100
44821210086,American Numismatic Association,AMERICAN NUMISMATIC ASSOCIATION,≤100
14673807622,Wisconsin Conservation Voters,WISCONSIN LEAGUE OF CONSERVATION VOTERS,≤100
1166660030079480,National Democratic Redistricting Committee,National Democratic Redistricting Committee,≤100
45013872425,The Ripon Society,RIPON SOCIETY,≤100
101183127996396,Four Is Enough,PACRONYM,≤100
384676381708957,Education NC,Education NC,≤100
692143357580562,64 Parishes,Louisiana Endowment for the Humanities,≤100
271650722869942,NH Children's Trust,These ads ran without a disclaimer,≤100
420785874975425,Conservative Institute,The Conservative Institute,≤100
101591551371555,Fire Mitch. Save America.,SAVE AMERICA FUND,≤100
120522437962280,Hutchins Center for African & African American Research,The Hutchins Center for African & African American Research at Harvard University,≤100
97830335456,Patagonia,"PATAGONIA, INC.",≤100
101336841260036,The Christie Institute for Public Policy,The Christie Institute for Public Policy Inc.,≤100
8914040942,Chesapeake Bay Foundation,"CHESAPEAKE BAY FOUNDATION, INC., THE",≤100
509842709028574,Lamoille Economic Development Corporation,John T Mandeville,≤100
287626442158465,Laws101,Laws101,≤100
131217580266597,National Council on Aging,"NATIONAL COUNCIL ON AGING, INC.",≤100
496696933682736,Jeff Merkley,JEFF MERKLEY FOR OREGON,≤100
113721100093250,"Dr. Kunnel, Radhika ""RPK"" for Assembly District 2",Committee to elect Radhika Kunnel,≤100
162695894106234,Co-ops Vote,National Rural Electric Cooperative Association,≤100
173470656019870,The Daily Yonder,Great Stories LLC,≤100
1683659714985244,Phil Ehr,EHR FOR CONGRESS,≤100
235044373216552,National Purple Heart Honor Mission,National Purple Heart Honor Mission,≤100
21559454473,FAIR,FEDERATION FOR AMERICAN IMMIGRATION REFORM,≤100
1556932204325823,ProgressPop,ProgressPop,≤100
109678580574253,Politicool Clothing Co.,PolitiCoolClothing.com,≤100
1438882392887793,ADF Church Alliance,Alliance Defending Freedom,≤100
7629206115,The Nation Magazine,"NATION COMPANY, LLC, THE",≤100
319982881752525,Kara Eastman,EASTMAN FOR CONGRESS,≤100
94047978366,PCCC - BoldProgressives.org,PROGRESSIVE CHANGE CAMPAIGN COMMITTEE,≤100
375760676281438,Mermaid Straw,Mermaid Straw,≤100
7483836629,Ancestry,Ancestry.com Operations Inc.,≤100
102913921068414,The Underqualified and Overcompensated Podcast,Cody Allen Rhodes,≤100
879390699066299,BernieFlag2020,MaxCo Products,≤100
169440273093442,The Center for Election Science,The Center for Election Science,≤100
5720973755,Defenders of Wildlife,DEFENDERS OF WILDLIFE,≤100
1747132688647028,Democratic Association of Secretaries of State,Democratic Association of Secretaries of State,≤100
118178241651488,DSPolitical,"DSPolitical, LLC",≤100
388475271497575,The Trump Revolution,Dora Louise Collier,≤100
110707597007287,Mike Larsen for Congress,Friends of Mike Larsen,≤100
107199049318619,Friends of Derek Kilmer,PEOPLE FOR DEREK KILMER,≤100
218721288205051,Thomas Massie,Thomas Massie for Congress,≤100
466279197281062,Slay The Dragon,Magnolia Pictures,≤100
126057642122621,Hillary O'Connor Mueri,HILLARY O'CONNOR MUERI FOR OHIO,≤100
21455818797,Feed the Children,"FEED THE CHILDREN, INC.",≤100
274597959396166,Docs 4 Patient Care Foundation,Docs 4 Patient Care Foundation,≤100
1632866270065962,Jewish Democratic Council of America,Jewish Democratic Council of America,≤100
102389457864860,Treehuggers Bracelets,ECOMX LLC,≤100
103131054573692,Crawfordology,Crawfordology,≤100
175580571641,Out of Print,Out of Print,≤100
87186661244,Johns Hopkins Bloomberg School of Public Health,Johns Hopkins Bloomberg School of Public Health,≤100
23954995487,FoodPrint,Foodprint,≤100
1719463118318375,Bees In The D,BEES IN THE D,≤100
328072970642479,Jaime Harrison,JAIME HARRISON FOR US SENATE,≤100
324684164243,God's Love We Deliver,Cara W Miller,≤100
143729616392084,Van Drew for Congress,Van Drew for Congress,≤100
594519783957655,Citizens for National Security,Citizens For National Security,≤100
42940254353,Human Rights Watch,"HUMAN RIGHTS WATCH, INC.",≤100
911845658833043,I Am An Immigrant,FWD.us Education Fund,≤100
169543260659539,The Venn Media,The Venn Media,≤100
184373328845372,Gigi Raffe,Gigi Raffe,≤100
106469240890813,Military Support,Whats Your Injury Worth,≤100
407259346037246,Elect Andre Horton for State Senate,Friends of Andre Horton,≤100
104834210883,The Story of Stuff Project,The Story of Stuff Project,≤100
87777747127,Greg Palast,Palast Investigative Fund,≤100
1573989029398622,Donald Trump's Americans,I Love My Freedom,≤100
185538520004,End Poverty,ENDPOVERTY.ORG,≤100
107478604080028,Way To A Happy Heart,Iesha Marriah Nixon,≤100
145330045785,The Advocates for Self-Government,The Advocates for Self-Government,≤100
5647744585,PETA (People for the Ethical Treatment of Animals),"PEOPLE FOR THE ETHICAL TREATMENT OF ANIMALS, INC.",≤100
2078647579047586,Project Pulso,Project Pulso,≤100
2181403648815959,America United,America United Daily,≤100
321334725246666,Anton Sakharov for Governor GOP,Anton Sakharov for Governor,≤100
18982436812,ACLU,American Civil Liberties Union,≤100
154510321337994,Chris Pappas for Congress,CHRIS PAPPAS FOR CONGRESS,≤100
38471053686,Elizabeth Warren,"WARREN DEMOCRATS, INC.",≤100
136714166339952,Health In Harmony,Kristen Annette Grauer,≤100
378564186275256,Bill Olson,William Olson for Congress,≤100
698400060189827,Dan Sullivan,Alaskans for Sullivan,≤100
98887816626,Beef. It's What's For Dinner.,Shari Daniella Spooner,≤100
115761269812805,Jeff Hinkle,Jeff Hinkle Campaign,≤100
41309865723,Democrats.com,DEMOCRATS.COM,≤100
300199557012,Medina Law Group,"Medina Law Group, LLC",≤100
635850443292528,Nasty Woman Coloring,Nasty Woman Coloring,≤100
110749446963570,Courier,Courier Newsroom,≤100
109993173978212,NO on 2A,Pueblo CARES Issue Committee,≤100
196382377057315,Learn Our History,Learn Our History,≤100
81372493950,POET,POET,≤100
157402764294444,"Union Mission Ministries, Norfolk","UNION MISSION INC, THE",≤100
999775873528189,Stopping Socialism,The Heartland Institute,≤100
1600352356914768,PushBlack,PushBlack,≤100
622556584597615,SYMBICORT® (budesonide/formoterol fumarate dihydrate),These ads ran without a disclaimer,≤100
108824017345866,Facebook,"Facebook, Inc.",190
1032931246869252,Ditch the Estate Tax,Policy And Taxation Group,≤100
1145019702185006,Alliance for Safety and Justice,Alliance for Safety and Justice,≤100
211049239087028,Association of Young Americans,Benjamin J Brown,≤100
44224524016,American Kidney Fund,"AMERICAN KIDNEY FUND, INC.",≤100
184715621591606,"Psi Chi, the International Honor Society in Psychology","PSI CHI, INC",≤100
7474340746,Human Rights First,HUMAN RIGHTS FIRST,≤100
160630887998827,Let Them Live,Let Them Live,≤100
19342050934,Leadership Institute,LEADERSHIP INSTITUTE INC,≤100
890233131136684,Unconventional Nomad,Madeleine M Matthies,≤100
106531967593301,Fairness First,Fairness First,≤100
222164564466305,Civic Life Project - www.civiclifeproject.org,Dominique Lasseur,≤100
73970658023,International Rescue Committee,International Rescue Committee,104
39851621214,Student Press Law Center,STUDENT PRESS LAW CENTER INC,≤100
2035688363419679,Changing the Narrative CO,Changing the Narrative in Colorado,≤100
110316380149,Family Policy Alliance,Family Policy Alliance,≤100
89336510798,American Friends of the Hebrew University,American Friends of Hebrew University,≤100
201956993160690,MRCTV,MEDIA RESEARCH CENTER,≤100
133764907211570,Concerned Citizen,Steven Niems,≤100
163302087408673,Stop The Donald,Stop the Donald,≤100
107305447560084,Just Win 2020,Andrew James Renk,≤100
149366465128820,"Nicole Galloway, CPA",Nicole Galloway for Missouri,≤100
212933805686,Because International,Because International Corp,≤100
108746510732149,Trump Mats,Conservative Movers,≤100
1475056949212605,Charity Mobile,Charity Mobile,≤100
101459351485507,Diana for Congress,DIANA FOR CONGRESS,≤100
514167322309353,Dan Crenshaw,Dan Crenshaw for Congress,≤100
18983389920,Open Society Foundations,Open Society Foundations,≤100
230251243697957,Wendy Rogers,Wendy Rogers for AZ Senate,≤100
332172544231683,America's Plastic Makers,"AMERICAN CHEMISTRY COUNCIL, INC.",≤100
6096369029,Comedy Central,Comedy Central,≤100
121067011091,Arab American Institute,Arab American Institute Foundation,≤100
1424938841083415,Patrick M Simpson - Voting Songs,Voting Songs,≤100
279599502172409,Patriot Mobile,Patriot Mobile,≤100
7860876103,Joe Biden,BIDEN FOR PRESIDENT,359
111226867129700,Prideful Patriots,Prideful Patriots,≤100
126248487428598,"Church Mutual Insurance Company, S.I.",CHURCH MUTUAL INSURANCE COMPANY,≤100
344690446467832,The Copper Courier,Courier Newsroom,≤100
110415877229724,Real American Sportsmen,Real American Sportsmen,≤100
1010143499143169,Medicare Savings,"Mayo Labs, LLC",≤100
999556810102061,Signature Seas,Signature Seas,≤100
105561217523274,The_Dispatch,"Dispatch Media, Inc.",≤100
107276507409124,Make America Bad Again,"Provoking Thoughts, LLC",≤100
376776419037747,Turning Point USA,Turning Point USA,≤100
8057376739,The Nature Conservancy,Nature Conservancy,≤100
100669208248416,Casey Askar for Congress,CASEY ASKAR FOR CONGRESS,≤100
110909022379213,Re-Elect Nydia Velázquez To Congress,Committee to Re-Elect Nydia M. Velázquez to Congress,≤100
20188298765,ACLU of Maryland,AMERICAN CIVIL LIBERTIES UNION OF MARYLAND INC,≤100
191520420995027,WooBamboo USA,These ads ran without a disclaimer,≤100
504509279946722,Robin Wilt For Congress,ROCHESTER FOR ROBIN,≤100
1001515190293760,Teddy Daniels,TEDDY DANIELS FOR CONGRESS,≤100
73727120674,Rush University System for Health,Rush University System for Health,≤100
28510612138,Uncommon Knowledge,Hoover Institution,≤100
1268410219898273,Tango Tango,Tango Tango Inc,≤100
105455840860559,Eagle Realm,Eagle Realm,≤100
234142976633158,Wake Up World & Smell the Coffee,Edith Dume Lerner,≤100
100401327980848,National Parents Union,National Parents Union,≤100
720943967965149,AFSCME Retirees,AMERICAN FEDERATION OF STATE COUNTY & MUNICIPAL EMPLOYEES,≤100
108223613871921,Re-Elect Trump 2020,Beyond Patriots LLC,≤100
53541257714,The Arc of the United States,"ARC OF THE UNITED STATES, INC., THE",≤100
207901812670026,theSkimm,"TheSkimm, Inc",≤100
858210161010020,Tom Malinowski for Congress,Tom Malinowski for Congress,≤100
103664744402353,Medicare Saviors,Sean Thomas Hofmans,≤100
101136147910784,Represent Justice,Represent Justice,≤100
164966660351345,Hope Outfitters,Hope Outfitters,≤100
14038292386,Women for Women International,WOMEN FOR WOMEN INTERNATIONAL,≤100
342887442508723,Convention of States,Convention of States Action,≤100
8924408197,National Partnership for Women & Families,National Partnership for Women & Families,≤100
103652349763757,Dinkleboo,These ads ran without a disclaimer,≤100
210357995667559,The National Memo,The National Memo,≤100
56129410661,Justice Policy Institute,SARAH RACHEL ROSE-STERN,≤100
113334930102591,Glystn,Glystn Inc.,≤100
854748721570632,A Second Opinion,Motus Creative Group,≤100
106250831014171,Conservative Nonno,Frank Joseph Vaccarelli,≤100
109784800371914,Protect Kids: Fight Flavored E-Cigarettes,TOBACCO-FREE KIDS ACTION FUND,≤100
12876978977,SPCA of Texas,SPCA of Texas,≤100
834645469890446,Devin Nunes,DEVIN NUNES CAMPAIGN COMMITTEE,≤100
195704103779569,Savage Outdoors & The One,Amanda Harris Lee,≤100
32802178807,Homes For Our Troops,Homes For Our Troops,≤100
359933137438156,Nine Line Apparel,Nine Line Apparel,≤100
754520748264044,Wood by Stu,Stu Designs LLC,≤100
596556607135301,The Earthling Co.,Educated Earthling,≤100
51791915551,Binghamton University,Binghamton University,≤100
1831297947083197,GoWild,These ads ran without a disclaimer,≤100
1615018905412860,Progressive Turnout Project,PROGRESSIVE TURNOUT PROJECT,≤100
1320840104644018,InfoMullet.com,Timothy Burke Clancy,≤100
154471447959196,Institute for Veterans and Military Families - IVMF,Institute for Veterans and Military Families,≤100
243510442756370,Justice Democrats,JUSTICE DEMOCRATS PAC,≤100
106487520883333,Cardinal & Pine,Courier Newsroom,≤100
384557995468219,Viral Casez,Viral Casez,≤100
2346217618936823,Kendra Horn for Congress,KENDRA HORN FOR CONGRESS,≤100
103376804451432,Trending Politics,Making Web LLC,≤100
189036631118228,COMMONworks,COMMON,≤100
153080620724,Donald J. Trump,TRUMP MAKE AMERICA GREAT AGAIN COMMITTEE,≤100
168452723312821,Chisholm Chisholm & Kilpatrick LTD,Chisholm Chisholm & Kilpatrick LTD,≤100
106122894312740,Democrat Party Strong,James R Oddo,≤100
8895898655,Rainforest Alliance,"RAINFOREST ALLIANCE, INC.",≤100
111182343682003,Certified CCW,CertifiedCCW.com,≤100
102617961152741,Barbara Bollier,BOLLIER FOR KANSAS,≤100
192013990902459,Roy Cooper,Cooper For North Carolina,≤100
398986710654234,"Rob Barrett, Jr. for US Senate",ROB BARRETT FOR SENATE,≤100
93209809316,The Prosper Group,The Prosper Group,≤100
589787637733608,Scherie S. Murray,SCHERIE MURRAY FOR CONGRESS,≤100
2254455051442790,Flag and Cross,Flag & Cross,≤100
8492293163,Environmental Defense Fund,Environmental Defense Fund,≤100
1690071827911682,Cleancult,cleancult,≤100
126279571952,Huru International,HURU INTERNATIONAL,≤100
227594571444676,Building New York's Best,"Carpenter Contractor Alliance of Metropolitan New York, Inc.",≤100
110557007154443,Robert Aderholt for Congress,Robert Aderholt for Congress,≤100
354369924642184,Bill Holt's Dreamies,William Holt,≤100
112600915451330,No Labels,No Labels,≤100
2377166239179411,Nancy Goroff for Congress,Goroff for Congress,≤100
109255140423842,Real Rx Solutions for NY,Real Rx Solutions,≤100
15239367801,The Wilderness Society,"WILDERNESS SOCIETY, THE",≤100
85452072376,Newsmax,Newsmax Media,≤100
87199812705,Advocates for Youth,ADVOCATES FOR YOUTH INC,≤100
360951033963549,Ali Forney Center,The Ali Forney Center,≤100
1018914308173454,FStop Foundation,"FSTOP FOUNDATION INC, THE",≤100
403716816314673,Lee Saunders,AMERICAN FEDERATION OF STATE COUNTY & MUNICIPAL EMPLOYEES,≤100
597117373778973,Addicted to Golf,The Dude's Designs,≤100
113302310024546,Medicare for All Education Initiative - MA,Kelley Caldwell Johnson,≤100
210277954204,The Young Turks,"The Young Turks, Inc.",≤100
108906707265489,USA Pooch,"PRESIDENTIAL POOCH, INC",≤100
135298176481584,Marine Corps Scholarship Foundation,Marine Corps Scholarship Foundation,≤100
136047226646,Alliance for Retired Americans,ALLIANCE FOR RETIRED AMERICANS,≤100
100568064752583,Hannah for Council,Campaign Fund of Hannah LeGris,≤100
161186620643972,American Institute for Economic Research,AMERICAN INSTITUTE FOR ECONOMIC RESEARCH,≤100
151721606865,Intrepid Fallen Heroes Fund,Intrepid Fallen Heroes Fund,≤100
120551431317,Nickelodeon,Nickelodeon with Facebook Ad Credits,≤100
598924810530984,Keeping America Great,FamTeeWorld,≤100
198875903295,Trek Bicycle,TREK BICYCLE CORPORATION,≤100
111702860231554,Matt Lieberman,Matt Lieberman for Senate,≤100
72931140459,Center for Biological Diversity,"CENTER FOR BIOLOGICAL DIVERSITY, INC.",≤100
497081420632330,Hiral Tipirneni,HIRAL FOR CONGRESS,≤100
780606555331010,American Student Loan Advocate,ASLR Marketing,≤100
417542331752173,Message,Timothy Bruce Dannunzio,≤100
174095611084,Columban Center for Advocacy and Outreach,Columban Center for Advocacy and Outreach,≤100
262682313760159,Cooper/T. Smith,Cooper/T. Smith,≤100
101589521232053,Dani Brzozowski,DANI FOR ILLINOIS,≤100
150763151677363,Markwayne Mullin,MULLIN FOR CONGRESS,≤100
102889331338691,The World Journal,Tyrone Codjoe,≤100
142288373333,HIMSS,HIMSS,≤100
103646064618386,The Judge Show - James Judge,James Patrick Judge Jr.,≤100
159451857482535,New Mexico Nature Conservancy,Nature Conservancy,≤100
311896169406139,Trump 2020 Wear,Trump 2020 Wear,≤100
6204742571,Sierra Club,SIERRA CLUB,≤100
272565456712768,Bloomberg Government,"BUREAU OF NATIONAL AFFAIRS, INC., THE",≤100
169042736456594,All Out,"All Out Action Fund, Inc.",≤100
315170549321392,Slightly Sophisticated,Slightly Sophisticated,≤100
168051710543266,Friends of Lacy Johnson,Lacy Johnson for Congress,≤100
105060269781,Premiere Collectibles,"Premiere Marketing, Inc.",≤100
1156676274461345,Mikie Sherrill,MIKIE SHERRILL FOR CONGRESS,≤100
1050320055029012,Outrider Foundation,OUTRIDER FOUNDATION,≤100
101992031368419,Vote Steve Now for State House,Friends of Steve Leibel,≤100
192737024112371,TWU Local 556,Transport Workers Union Local 556,≤100
214002058736436,Unite America,UNITE AMERICA,≤100﻿
30618466815,Pacific Legal Foundation,Pacific Legal Foundation,≤100
531115990602908,Steven Shevey For State Assembly,Supporters of Steven Shevey,≤100
67553971312,The Century Foundation,"CENTURY FOUNDATION INC, THE",≤100
106136417435051,Iwantmyoceanback,Iwantmyoceanback,≤100
192448150001,Jeff Anderson & Associates,Jeffrey R Anderson PA,≤100
375679954510,What Took You So Long?,These ads ran without a disclaimer,≤100
305107172859194,Defeating Trump and the Republican Party,"Voices of Health Care Action, a project of Gamechanger Networks",≤100
175149559508478,TreeDiaper,Zynnovation LLC,≤100
109349507328179,Bernie Or Busters,Eric Christopher Mack,≤100
2036389409806378,Backpage's Role in Prostitution and Trafficking,X Social Media LLC,≤100
107916557529161,Re-Election 45th President,Applelon,≤100
100935474627180,Lisa Savage for US Senate,LISAFORMAINE,≤100
136299005939,Heifer International,HEIFER PROJECT INTERNATIONAL,≤100
107210084216238,Humanity Forward,Humanity Forward,≤100
113962123376020,Will Knight 2020,Will Knight 2020,≤100
190290411556485,Dave Weaver - Freelance Writer,ElectionOpinions.com,≤100
246323280108,American Medical Association (AMA),American Medical Association,≤100
1541585046060098,Wyoming Migration Initiative,Wyoming Migration Initiative,≤100
1892187271040911,FreedomWorks Foundation,FreedomWorks Foundation,≤100
187912903933,Socialist Alternative,Socialist Alternative,≤100
329574530889979,Anton Andrew for State Representative,Friends of Anton Andrew,≤100
468906559794011,LaunchGood,LaunchGood Inc.,≤100
97261063097,Global Fund for Women,"GLOBAL FUND FOR WOMEN, INC., THE",≤100
293225127381200,Patriot Depot,The Patriot Depot,≤100
102682681124239,August Pfluger,AUGUST PFLUGER FOR CONGRESS,≤100
119466662095645,Jay Wamsted,John Oliver Wamsted,≤100
1800072483402009,African Community & Conservation Foundation,African Community & Conservation Foundation,≤100
1487587521541634,President Donald Trump Fan Club,I Love My Freedom,≤100
303167829786891,Ed Markey,THE MARKEY COMMITTEE,≤100
1626952504226671,Tiger Grafx LLC,TIGER GRAFX LLC,≤100
108048380819042,Cliff Whitby for Mayor,Campaign to Elect Cliffard Whitby for Mayor of Macon-Bibb,≤100
2146201085498440,Tony Gonzales,Tony Gonzales for Congress,≤100
108111910614278,Planet911,Plane 911,≤100
356501381631264,Jerusalem Post,Diane Elise Haner,≤100
14084625156,Susan G. Komen,Susan G. Komen,≤100
1399926390134311,Nature's Generator,Huntkey USA Inc,≤100
1503295233268493,Lebowski Lovers,The Dude's Designs,≤100
104042187683127,Christy Cauble Davis for Kansas,Christy Cauble Davis for Kansas,≤100
1006110349586564,Congressman TJ Cox,Office of Congressman TJ Cox,≤100
336470580233523,Pins and Aces Golf Co.,US Craft Brands LLC,≤100
203550842430,Mike Lee,FRIENDS OF MIKE LEE INC,≤100
586751814690068,Joni Ernst,Joni for Iowa,≤100
102757964504021,Greta Thunberg Fan Club,Imran M Jemal,≤100
28144169620,Alliance for Aging Research,Alliance for Aging Research,≤100
25998443394,MedPage Today,"EVERYDAY HEALTH, INC.",≤100
19812849944,United Food and Commercial Workers International Union,United Food and Commercial Workers International Union,≤100
747436915270894,Congressional Leadership Fund,CONGRESSIONAL LEADERSHIP FUND,≤100
103851564652,Waterkeeper Alliance,WATERKEEPER ALLIANCE INC,≤100
111430667130680,Jimmy Holbrook For Commissioner,Lebron Jimmy Charles Holbrook,≤100
37495431484,Bassel & The Supernaturals,Ronnie Bassel Almadani,≤100
169746706728,Save Our Seas Foundation,Save Our Seas Foundation,≤100
216705888361546,Elbert Lee Guillory,ELBERT GUILLORY'S AMERICA,≤100
113335773562471,President Trump For Re-Election,Great American Era,≤100
21834534343,Volunteers of America,"VOLUNTEERS OF AMERICA, INC.",≤100
20787991568,Senate Democrats,DSCC,267
101129019929080,Friends in Adoption,"Friends in Adoption, INC",≤100
2037695643113766,Blexit,Blexit Foundation,≤100
164660287630560,The Freeing Energy Project,AnEnergyProject LLC,≤100
374108446391390,Ted Howze for Congress,TED HOWZE FOR CONGRESS 2020,≤100
839073729808623,Hillary Scholten,SCHOLTEN FOR CONGRESS,≤100
652735891861686,Ben Loyola,BEN LOYOLA FOR CONGRESS,≤100
142957224352,International Medical Corps,International Medical Corps,≤100
166166843531258,National Council of Resistance of Iran - شورای ملی مقاومت ایران,MEK-Iran (Saeid Saadati),≤100
25852730092,Care2,Care2 Inc,≤100
103284947927286,Roaring Right,Keegan Scott Boston Rush,≤100
1374260589465543,Sheepdog Church Security,Sheepdog Church Security,≤100
240425642652222,South Florida Wildlands Association,South Florida Wildlands Association,≤100
2079184822304023,Nabilah for Congress,NABILAH FOR GEORGIA,≤100
53167307346,Communist Party USA,Communist Party USA,≤100
110022477032429,Mike Franken,FRANKEN FOR IOWA,≤100
953113491536337,Black to the Future Action Fund,Black to the Future Action Fund,≤100
706524116176287,Collective Agency,Collective Agency,≤100
2046280975668889,LeftvsRightIQ.com,LvR Intelligence LLC,≤100
387887044562107,Michael Folk for West Virginia Governor,Michael Folk for Governor,≤100
499379343409991,Impact Fund,"IMPACT FUND, THE",≤100
2223151871134889,Trump45Merch,Thomas Charles Granack,≤100
248767351880869,Sophos,These ads ran without a disclaimer,≤100
112955806896246,Dalia Al-Aqidi,Dalia for Congress,≤100
26689153393,Muslim Public Affairs Council - MPAC,MUSLIM PUBLIC AFFAIRS COUNCIL,≤100
79820371749,Ayanna Pressley,THE COMMITTEE TO ELECT AYANNA PRESSLEY,≤100
645538035569431,FundKite,AKF Inc. dba FundKite,≤100
245815932119105,Wilton Simpson,Jobs for Florida,≤100
8047221596,Save the Children US,"SAVE THE CHILDREN FEDERATION, INC.",≤100
166618413413767,Jay Sekulow,American Center for Law and Justice,≤100
497348647140658,Point Source Youth,Point Source Youth,≤100
304600892905134,Hillsdale College Online Courses,HILLSDALE COLLEGE,≤100
1438553336457672,Fair Housing Council of Greater San Antonio,SAN ANTONIO FAIR HOUSING COUNCIL INC,≤100
92925746942,Judicial Watch,Judicial Watch,≤100
717115395103069,PrintedKicks,Printed Kicks,≤100
162616177521935,ACM Strategies,ACM Strategies,≤100
49651563727,Live Action,Live Action,≤100
1425435377743310,Conversations with Bill Kristol,The Foundation for Constitutional Government,≤100
393932827634250,Dissent Pins,Common Practice,≤100
500410440069924,Dan "Taxation Is Theft" Behrman for President 2020,COMMITTEE TO ELECT DAN TAXATION IS THEFT BEHRMAN,≤100
7341997111,Conservation International,Conservation International,≤100
455147011996099,The Ann and Phelim Scoop,The Unreported Story Society,≤100
103384664607891,Gilbert Simon MD,Gilbert Simon MD,≤100
153278754738777,Climate Reality,The Climate Reality Project,≤100
105538624356773,My Kitchen Savior,Nicole Alexa Lebel,≤100
107803440835562,US Hot Gears,Click Wonders,≤100
235979110617339,Real Truth and Power,Everett Mitchell Winchester,≤100
152258821985032,Disrupt Aging,AARP,≤100
891985210895000,Act To Change,Act To Change,≤100
30792325085,Bipartisan Policy Center,"BIPARTISAN POLICY CENTER, INC.",≤100
7976226799,The Daily Show,Comedy Central,≤100
104760636770,Vera Institute of Justice,"Vera Institute of Justice, Inc.",≤100
109021767293838,Making Retirement Last,Making Retirement Last,≤100
137051766452,Purusha People Clothing,Purusha People,≤100
885797821467046,Joyous Organics,Ronald Lee Yates,≤100
1553978148244954,Build With Strength,Build With Strength,≤100
129278807814364,Welcome.,Welcome.,≤100
1084856268238034,Trump Talking,Roberto None Lugo,≤100
111585603642437,Angelito Tenorio for West Allis,Tenorio for West Allis,≤100
186932688457686,CHNGE,CHNGE,≤100
206180332737727,Bridget Fleming,BRIDGET FLEMING FOR CONGRESS,≤100
92021268117,Working America,Working America,≤100
624872801004570,Give a Child a Voice - Eric Erdman,Miguel Dacosta,≤100
322870825821,Macmillan Audio,"HOLTZBRINCK PUBLISHERS, LLC",≤100
127216280686110,Ann Wagner,Ann Wagner for Congress,≤100
109111900634787,Reverend Raphael Warnock,WARNOCK FOR GEORGIA,≤100
70795936969,Children International,CHILDREN INTERNATIONAL,≤100
2602473023098666,Democratic Polling Center,Democratic Governors Association,≤100
107824227479023,Wisconsin Organizing Together 2020,"A Better Wisconsin Together, Inc.",≤100
35715544220,Stand.earth,STAND,≤100
10331123781,Special Olympics,Special Olympics Inc,≤100
107053690842532,ABT 2020,ABT 2020,≤100
189789411070083,Jewish Labor Committee,Lawrence Kenneth Lebowitz,≤100
265268336865693,Do Amore,Do Amore Limited Company,≤100
519590768083165,Abby Finkenauer for Congress,FINKENAUER FOR CONGRESS,≤100
96159580682,Maine Democratic Party,MAINE DEMOCRATIC PARTY,≤100
112735922758892,Charlie Kirk,Charlie Kirk,≤100
950998258312654,Knowhere,"Knowhere, Inc.",≤100
67626834312,National Women's Law Center,National Women's Law Center,≤100
106406727517594,2020 Trump,Christopher Joseph Garner,≤100
90705538313,Sheet Metal Air Rail and Transportation Workers,SMART,≤100
137569740231452,Respect The Look,Respect The Look,≤100
67945990059,The American Petroleum Institute,AMERICAN PETROLEUM INSTITUTE,≤100
6355254859,Michael McCaul,Congressman Michael McCaul,≤100
95356211637,Ben Ferguson,Ben Ferguson show,≤100
283511548477587,ADD Advocate,Aaron Lawrence Friedman,≤100
323083351064533,The News Literacy Project,The News Literacy Project,≤100
69039563201,Open Doors USA,"OPEN DOORS WITH BROTHER ANDREW, INC.",≤100
79125112926,Students for Life of America,"STUDENTS FOR LIFE OF AMERICA, INC.",≤100
108971449133,Fisher House Foundation,"FISHER HOUSE FOUNDATION, INC.",≤100
440551812676698,Open The Books,American Transparency,≤100
819607471729183,Dr. Al Gross for US Senate,DR. AL GROSS FOR U.S. SENATE,≤100
2105963566333403,Red Rocket Brand,Ramiro Hernandez,≤100
165014546858456,Free To Choose Network,FREE TO CHOOSE,≤100
8002590959,Rainforest Action Network,RAINFOREST ACTION NETWORK,≤100
95335385742,National Fish and Wildlife Foundation,NATIONAL FISH AND WILDLIFE FOUNDATION,≤100
219224241438635,Compassion & Choices,COMPASSION & CHOICES,≤100
108505303942541,Now Hear Me Out Podcast,Now Hear Me Out Podcast,≤100
148205145252473,Backcountry Hunters & Anglers,Backcountry Hunters & Anglers,≤100
303061950155375,John James,"JOHN JAMES FOR SENATE, INC.",≤100
360424321432255,Doha Debates,Doha Debates,≤100
322043381633719,Gavin Clarkson for Senate,GAVIN CLARKSON FOR SENATE,≤100
7263476274,Mercy Corps,Mercy Corps,≤100
55549065733,Voto Latino,VOTO LATINO INC.,≤100
241994476248897,Wild Minimalist,Wild Minimalist,≤100
242960515598,Military Spouse,Victory Media DBA Military Spouse,≤100
26060837166,Point Loma Nazarene University,Point Loma Nazarene University,≤100
2264090133834042,Invite Research,Precision Network,≤100
30708742052,FCTRY,FCTRY,≤100
102377984581168,A Democrat in the Wilderness,Emmanuel Fourakis,≤100
656263988182462,Bill Hagerty,TEAM HAGERTY,≤100
107334019308912,Olive Crest - USA,OLIVE CREST,≤100
108133417467910,Forest Carbon Coalition,CENTER FOR SUSTAINABLE ECONOMY,≤100
1389807071117013,Lynn Afendoulis,Lynn Afendoulis for Congress,≤100
107450787569446,The Lake Shoes Project,These ads ran without a disclaimer,≤100
717417908274761,Lady Freethinker,Lady Freethinker,≤100
1593518174052711,Candace Owens,Candace Owens LLC,≤100
1545826148838592,Trump 2020,Gregory Lawrence Burright,≤100
140944265994166,Center for Addiction Services and Psychotherapy Interventions Research,a research grant at The National Center on Addiction and Substance Abuse (CASA),≤100
1667892193505378,Hold the House,HOLD THE HOUSE PAC,≤100
151757038879920,Alyse Galvin for Congress 2020,ALYSE FOR ALASKA,≤100
105069107799184,Spread Love Everywhere You Go,Shi Yuan Ge,≤100
1388428314740793,American Mint - Coins and Medals,American Mint,≤100
8934429638,Planned Parenthood Action,Planned Parenthood Action Fund,≤100
88224465289,Dropps,"Dropps (Cot'n Wash, Inc.)",≤100
33110852384,Doctors Without Borders/ Médecins Sans Frontières (MSF),Doctors Without Borders/Médecins Sans Frontières (MSF),178
100847831440144,Trump 2020 Tees,Robert William Zagby,≤100
11006419356,The Voice of the Martyrs - USA,"VOICE OF THE MARTYRS, INC., THE",≤100
105536127617594,The American Digest,The American Digest,≤100
1072222572917000,Alejandro Hernández - Alcalde 2020,Alejandro Hernández Rivera,≤100
29770886815,Marijuana Policy Project,Marijuana Policy Project,≤100
391872261636792,2020unity,"ForFact LLC, DBA 2020unity",≤100
6787988478,Physicians for Human Rights,"PHYSICIANS FOR HUMAN RIGHTS, INC.",≤100
73277646827,Trees for the Future,Trees for the Future,≤100
33699882778,Dr. Bronner's,Dr. Bronner's,≤100
348856535576675,Legends of the Desert,William Michael Farmer,≤100
18813753280,Human Rights Campaign,"HUMAN RIGHTS CAMPAIGN, INC.",≤100
246491525549550,Education Post,Education Post,≤100
555394394483002,Urban Resource Institute,Urban Resource Institute,≤100
243498882520314,FoodFinder,"FOODFINDER, INC.",≤100
35122528853,Beacon Press,These ads ran without a disclaimer,≤100
229229790561217,Tamara Mellon,"Tamara Mellon Brand, Inc.",≤100
135500133147357,ProEnglish,US INC,≤100
1262237997166592,Make America Laugh Again,Samy Abdeslem Chouia,≤100
101184061505441,Impeach Trump Nov 3,ImpeachTrumpNov3,≤100
658093914667081,Let Them Know,Let Them Know,≤100
562118050848255,Adam Hattersley,Adam Hattersley for Congress,≤100
543066585882629,Libertarian Country,Libertarian Country,≤100
872842866161157,One Nation Design,One Nation Design,≤100
2217244431651121,Representative William Notte,William Notte,≤100
710669049286394,Woo the People,Khosro David Illulian,≤100
182620315479,Plan International USA,Plan International USA,≤100
100391988083233,Triggered Freedom Apparel,Triggered Freedom Apparel,≤100
593289284500311,Trump Rack,BOXD Marketing,≤100
292018201259366,We Raise Foundation,WE RAISE FOUNDATION,≤100
25121889784,Texas Public Policy Foundation,Texas Public Policy Foundation,≤100
129093317111985,Rx Outreach,Susan Gabrielle Fodor,≤100
458969224264762,Caleb Howe,Caleb Thomas Howe,≤100
682555508619370,Wake Up Atlanta,"ASIAN AMERICANS ADVANCING JUSTICE-ATLANTA, INC.",≤100
105986927538317,Triump Apparel,Triump Apparel,≤100
125319303823,Champlain College,Champlain College Incorporated,≤100
13885075114,Action Against Hunger USA,ACTION AGAINST HUNGER - USA,≤100
376638603087168,Save The Earth,8 Billion Trees LLC,≤100
1945237355733646,Giving Brush,Giving Brush LLC,≤100
356482637745012,Stansberry Research,Stansberry Research,≤100
110061623807565,Kelly Loeffler,Georgians for Kelly,≤100
633017507209226,"Kaylee Tuck for Florida House of Representatives, District 55",Kaylee Tuck for Florida House of Representatives,≤100
305380096638473,Charles Booker,BOOKER FOR KENTUCKY,≤100
167586229923327,World Food Program USA,World Food Program USA,≤100
203583423017526,National Immigration Law Center,National Immigration Law Center,≤100
8501031021,VoteVets.org,VOTEVETS,≤100
483987631637740,Heather McDonald,Peter James Dobias,≤100
96935476345,Democratic Governors Association (DGA),DEMOCRATIC ACTION,≤100
711591068911118,Hilaree Nelson,Protect Our Winters,≤100
169277310432049,"Texas Precision Optics, Inc.",Texas Precision Optics Inc,≤100
427302110732180,Mike Cernovich,Michael C Cernovich,≤100
1194865807192273,Conservative Gear,Outergoods LLC,≤100
592707041080920,Stand Together,Stand Together Chamber of Commerce Inc.,≤100
46093654473,National Republican Congressional Committee,NRCC,≤100
676841686046073,Bring Our Troops Home,Bring Our Troops Home,≤100
304062610300415,VozWire,Gregson E Mathe,≤100
101908424664094,Best Home Savers 2020,J D Grace Gorospe,≤100
97466887664,Innocence Project,"INNOCENCE PROJECT, INC., THE",≤100
921864094549584,Simple Modern,These ads ran without a disclaimer,≤100
100195511560092,Injury Compensation Center,Injury Compensation Center,≤100
108925558017,Shared Hope International,Shared Hope International,≤100
122536121212727,Mayor Miro Weinberger,Office of Mayor Miro Weinberger,≤100
2390004754407420,"Our Kids, Our Work, Our Families",Center for Community Change Action,≤100
101724361319410,Ronny Jackson for U.S. Congress TX-13,Texans for Ronny Jackson,≤100
102047517918,The Commonwealth Fund,"COMMONWEALTH FUND, THE",≤100
560140464159364,Stand for the 2nd Amendment,SFT2 Tactical Supply,≤100
136812255593,Brazos Press,Baker Publishing Group,≤100
8532248414,Wounded Warrior Project,"WOUNDED WARRIOR PROJECT, INC.",≤100
111712270202112,Mingus Mapps for Portland City Council,Mingus Mapps for Portland City Council,≤100
18479402361,No Kid Hungry,No Kid Hungry,≤100
86134975779,Coast Guard Foundation,Coast Guard Foundation INC.,≤100
617037072140415,420 Waldos Watch,Time Concepts,≤100
111350917102742,Medicture,Medicture,≤100
97624620788,American Friends of Magen David Adom,AMERICAN FRIENDS OF MAGEN DAVID ADOM,≤100
213998472307,Hoosier Environmental Council,"HOOSIER ENVIRONMENTAL COUNCIL, INC",≤100
39432041915,Capital Research Center,CAPITAL RESEARCH CENTER INC,≤100
28126338304,Surfrider Foundation,"SURFRIDER FOUNDATION, INC",≤100
68693168571,Jewish Federations of North America,Jewish Federations of North America,≤100
459890014763287,Rocky Mountain Values,Rocky Mountain Values,≤100
126053105675,Save the Redwoods League,Save The Redwoods League,≤100
216052228433696,Arcus Foundation - Social Justice,ARCUS FOUNDATION,≤100
34419683687,Moishe House,These ads ran without a disclaimer,≤100
107229050703874,Bernie Sanders Fan Club,Imran M Jemal,≤100
294879797332635,Debbie Dingell,DEBBIE DINGELL FOR CONGRESS,≤100
371585689521253,HMH Kids,These ads ran without a disclaimer,≤100
2335428506707414,Wild & Beguiled,Ivy Marie Guild,≤100
11162728079,U.S. PIRG,UNITED STATES PUBLIC INTEREST RESEARCH GROUP,≤100
83865976093,Truthout,TRUTHOUT,≤100
342294162453301,Planned Parenthood,Planned Parenthood Federation of America,≤100
69983322463,Ted Cruz,TED CRUZ FOR SENATE,≤100
35142679763,Alzheimer's Disease Research,"BRIGHTFOCUS FOUNDATION, INC. A/K/A BRIGHTFOCUS FOUNDATION",≤100
164513254148611,America's Voice News,Barbara Jean Lawrence,≤100
105610970947657,MY 2A GEAR,Leon Mckensizy Dunn,≤100
101210588150219,Boy Scouts Abuse Claims,X Social Media LLC,≤100
170582513587720,Liberty Through Wealth,The Oxford Club,≤100
139398939438430,Left Action,Left Action LLC,≤100
2330577043935831,Sara Gideon,SARA GIDEON FOR MAINE,≤100
465483726908192,iVote,IVote Civic Education Fund,≤100
6726182861,Mike Pence,TRUMP MAKE AMERICA GREAT AGAIN COMMITTEE,≤100
389661238515891,Craig Curry For County Commission,Craig Curry for County Commission,≤100
546497545399440,ASEC - African Sisters Education Collaborative,African Sisters Education Collaborative (ASEC),≤100
42597808880,Ami Horowitz,Ami Horowitz,≤100
1835838916635491,Transamerica Center for Health Studies,Transamerica Center for Health Studies,≤100
571748412859876,Matt Rosendale,Matt Rosendale for Montana,≤100
17203056985,Partners In Health,Partners In Health,≤100
113826593350277,Economic Left,Economic Left,≤100
366351973736242,Red Rock Secured,Red Rock Secured,≤100
37630324302,Rational 360,Rational 360,≤100
2059019737447210,ChangeRoots,ChangeRoots,≤100
122894447754361,Institute for New Economic Thinking,"INSTITUTE FOR NEW ECONOMIC THINKING, THE",≤100
102029821201699,Planet Earth: Trumped,Planet Earth TRumped,≤100
111495005590988,Pattern,Pattern Energy,≤100
110151130591161,News Outbreak,Carl Harmon Jr.,≤100
108118933908193,Next Level Goods,Next Level Goods LLC,≤100
153678684700451,American Investment Council,AMERICAN INVESTMENT COUNCIL,≤100
128155811565,Wyoming Liberty Group,Wyoming Liberty Group,≤100
191195674423572,Great Plains Tribal Chairmen's Health Board,GREAT PLAINS TRIBAL CHAIRMEN'S HEALTH BOARD,≤100
302473340643013,Eliot Bostar for Legislature,Eliot Bostar for Legislature,≤100
82637311931,Citymeals on Wheels,CITYMEALS-ON-WHEELS,≤100
14673807622,Wisconsin Conservation Voters,Wisconsin Conservation Voters Independent Expenditure Committee,≤100
129240690441636,NAACP Legal Defense Fund,"N. A. A. C. P. LEGAL DEFENSE AND EDUCATIONAL FUND, INC.",≤100
80562389320,NARAL Pro-Choice America,NARAL Pro-Choice America,≤100
823946404613948,The President Trump Fan Club,I Love My Freedom,≤100
184731548554164,PL+US,Plus Fund: Paid Leave for the United States,≤100
11111618026,Union of Concerned Scientists,"UNION OF CONCERNED SCIENTISTS, INC.",≤100
28446275521,Military Officers Association of America (MOAA),Military Officers Association of America,≤100
151894654697,Save Our States,"OKLAHOMA COUNCIL OF PUBLIC AFFAIRS, INC.",≤100
193675533982095,Ryan D. Chamberlin,Ryan Chamberlin for Congress,≤100
19192438096,AAAS - The American Association for the Advancement of Science,American Association for the Advancement of Science,≤100
1852520761657982,4ocean,4ocean,≤100
125937197447634,ACTA - American Council of Trustees and Alumni,AMERICAN COUNCIL OF TRUSTEES AND ALUMNI,≤100
15503839732,Peter G. Peterson Foundation,Peter G. Peterson Foundation,≤100
192015461630968,Supporting Our Brave Veterans,James Brian Plouf,≤100
262610761306,Counterpoint Press,Counterpoint Press,≤100
284472231667570,Lincoln and Obama,Benjamin E Griessman,≤100
12301006942,Democratic Party,DNC SERVICES CORP./DEM. NAT'L COMMITTEE,≤100
392090254579689,The Nazarene Fund,The Nazarene Fund,≤100
53214848444,Wisconsin Family Action,WISCONSIN FAMILY ACTION,≤100
69147011528,DonkeyTees.com,These ads ran without a disclaimer,≤100
533347293669517,Great American Era,Great American Era,≤100
35169196082,Project HOPE,"PROJECT HOPE-THE PEOPLE-TO-PEOPLE HEALTH FOUNDATION, INC.",≤100
265045056894488,Mark Meckler,Convention of States Action,≤100
101446898176303,Healthy Good Times,ECOMX LLC,≤100
181924628560212,SumOfUs,SumOfUs,≤100
11911627997,Pancreatic Cancer Action Network,"PANCREATIC CANCER ACTION NETWORK, INC.",≤100
159616034235,Walmart,WALMART INC.,≤100
103242481230174,Tonsillitis Prevention,Mariah Shaneice Wells,≤100
377572616357769,Russ Vernon-Jones' Blog,"Coming Together: Understanding Racism, Working for Justice & Building Connections",≤100
229812467461262,Big League Politics,Big League Politics,≤100
28889108258,Gospel for Asia,"GOSPEL FOR ASIA, INC.",≤100
102469394705590,Freedom Studios,William Charles Holmberg,≤100
114008535880,Foundation for Individual Rights in Education,FOUNDATION FOR INDIVIDUAL RIGHTS IN EDUCATION,≤100
7192716362,Amnesty International USA,Amnesty International USA,≤100
369214063089791,Lummis for Wyoming,LUMMIS FOR WYOMING INC.,≤100
1745418332339003,Aspire Gear,Aspire Gear,≤100
1917715138510680,Follow Your Legend,Legend Bracelet,≤100
133937690180,Student Conservation Association,Student Conservation Association,≤100
171613416336444,Nature's Yoke,Helen Chazal Leibee,≤100
284946111858895,Debbie Mucarsel-Powell,DEBBIE FOR CONGRESS,≤100
121388362246,Goldman Sachs,Goldman Sachs & Co.,≤100
267180743723148,National Geographic Society,National Geographic Society,≤100
810122486032496,Jackie Gordon,Jackie Gordon for Congress,≤100
1019277421434298,Mike Stickler,Michael Louis Stickler,≤100
602074469965571,Plan C,NATIONAL WOMENS HEALTH NETWORK,≤100
665345483483486,NRA - National Rifle Association of America,NATIONAL RIFLE ASSN OF AMERICA,≤100
84280132559,American Legislative Exchange Council,AMERICAN LEGISLATIVE EXCHANGE COUNCIL,≤100
77852784853,Absolut,Pernod Ricard USA,≤100
102592959026,Ocean Conservancy,"OCEAN CONSERVANCY, INC.",≤100
262589367126101,The Tikvah Fund,TIKVAH FUND,≤100
219247332354785,Phil Arballo for Congress,ARBALLO FOR CONGRESS,≤100
2267405033373814,Doctor Patient Unity,Doctor Patient Unity,≤100
278487153675,Redneck Nation Clothing,Tracie Milliron Gold,≤100
79047202856,People's World,People's World,≤100
408250066356,Bill O'Reilly,"Bill Me, Inc.",≤100
102413723172970,Nick Adams,Nick Adams,≤100
2123857067900729,Brenda Siegel for Vermont,Brenda For Vermont,≤100
114710126648118,Republican Dogs,Republican Dogs,≤100
1139780232780908,Frugal Family,These ads ran without a disclaimer,≤100
911828698840246,ReLEntless Defender Apparel,ReLEntless Defender Apparel,≤100
152351908154834,Union Gospel Mission Twin Cities,UNION GOSPEL MISSION ASSOCIATION OF ST PAUL INC,≤100
7219151423,The Fund for American Studies (TFAS),The Fund for American Studies,≤100
132492254050920,American AF,AAF Nation,≤100
181813995726,Avalara,"AVALARA, INC.",≤100
100365058058267,Skylar for Congress,SKYLAR FOR CONGRESS,≤100
376990832355915,National Women's Coalition Against Violence & Exploitation (NWCAVE),Michelle Ann Bart,≤100
109360297266116,Fearless Patriot,TERESA NONE OHARA-MARSH,≤100
493811210669780,Creative Action Network,Creative Action Network,≤100
169204449790211,Conservative News Today,"BizPac Review, Inc.",≤100
107291750775792,The 100 Million,Knight Foundation,≤100
336440323158789,Jack Burkman Radio,Jack Burkman Radio,≤100
1402827079932843,Low Income Relief,The Lighthouse Information Network LLC,≤100
23790541544,Democrats,DCCC,≤100
1534290989956166,The Philanthropy Roundtable,"PHILANTHROPY ROUNDTABLE, THE",≤100
144850842237429,Independentvoting.org,Independent Voting (IndependentVoting.org),≤100
373814729643508,Let America Vote,LET AMERICA VOTE PAC,≤100
438536186881177,All Clear Foundation,All Clear Foundation,≤100
93104154930,Voices for the Voiceless,"Voices for the Voiceless, Inc.",≤100
36474716066,Color Of Change,COLOROFCHANGE.ORG,≤100
355799336705,Outreach International,Outreach International,≤100
72565633140,Soles4Souls,"SOLES4SOULS, INC.",≤100
101895607980616,Newsday Headlines,PETER-GAY NIKORA LINDO,≤100
162493793737,Rick Green,Richard Arlin Green,≤100
1836138529938551,Greater Half,Billy Benson,≤100
102540204580217,UpNorthNews,Courier Newsroom,≤100
1925751504337881,MJ for Texas,MJ FOR TEXAS,≤100
971463449533074,Nate McMurray for Congress,NATE MCMURRAY FOR CONGRESS,≤100
105750427689798,DumpTrump,BSPolitics LLC,≤100
109092142462587,Adam Schiff,SCHIFF FOR CONGRESS,≤100
1682876188698809,United for Respect,United for Respect,≤100
108736064097262,American Family Programs,Penelope Mylynn Nguyen,≤100
2081864865362439,Mike Espy,MIKE ESPY FOR SENATE CAMPAIGN COMMITTEE,≤100
108748565833974,Purpose,Purpose,≤100
58158120046,ACLJ,American Center for Law and Justice,≤100
675471506247724,Adair for Congress,ADAIR FOR CONGRESS,≤100
5644748986,National Wildlife Federation,NATIONAL WILDLIFE FEDERATION,≤100
305085265725,Committee For a Responsible Federal Budget,Committee for a Responsible Federal Budget,≤100
118303441570966,Home Ownership Matters,NATIONAL ASSOCIATION OF REALTORS,≤100
102860661680,Quetico Superior Wilderness News,Quetico Superior Foundation,≤100
146678415405673,FindLaw for Legal Professionals,FindLaw Legal Professionals,≤100
40973310753,Pathfinder International,Pathfinder International,≤100
1927977257228284,Jack Murphy,I Love My Freedom,≤100
1576236875930301,Global Cyber Alliance,Global Cyber Alliance with ad credits,≤100
580610428636345,Fight for $15,Fight for $15,≤100
197340437494901,Real VT News,Rescue Vermont,≤100
12357407443,American Friends Service Committee,AMERICAN FRIENDS SERVICE COMMITTEE,≤100
169130743498585,Tactical Pro Supply,Chad Keller,≤100
648335462024721,Haley Stevens,HALEY STEVENS FOR CONGRESS,≤100
7642602143,Mother Jones,FOUNDATION FOR NATIONAL PROGRESS,≤100
159403248441,Khan Academy,"KHAN ACADEMY, INC.",≤100
1438808983108348,BOLD PAC,CHC BOLD PAC,≤100
917165515112598,Progressive Power,USA Unify Media Inc,≤100
614134231980299,Veterans Empowered To Protect African Wildlife,VETPAW INC,≤100
309308412520731,Sandy Hook Promise,Sandy Hook Promise,≤100
433364950062784,Power Over Energy,Power Over Energy,≤100
113543090115189,Democracy.ai,Luke Thomas Willoughby,≤100
487569614682924,CAPP USA,Yellow Line Productions LLC,≤100
130945114804,World Jewish Congress,WORLD JEWISH CONGRESS AMERICAN SECTION INC,≤100
1836138529938551,Greater Half,Greater Half,≤100
161517020535049,Noah Mazé Yoga,Noah Maze,≤100
2185993931653388,The Recount,"Recount Media, Inc",≤100
104556811046290,United Against China,United Against China Inc,≤100
262062478079324,Mckayla Wilkes for Congress,MCKAYLA WILKES FOR CONGRESS,≤100
8524198486,Physicians Committee for Responsible Medicine,"PHYSICIANS COMMITTEE FOR RESPONSIBLE MEDICINE, INC.",≤100
277005566267077,Blueland,Blueland,≤100
461204744067686,Family Protection Association,Family Protection Association,≤100
6231686654,Compassion International,"COMPASSION INTERNATIONAL, INCORPORATED",≤100
188234184551165,PV Squared,"PIONEER VALLEY PHOTOVOLTAICS COOPERATIVE, INC.",≤100
22234040933,United Nations Foundation,United Nations Foundation,≤100
294508332028,Lakota People's Law Project,ROMERO INSTITUTE,≤100
169294473121454,Policetees.com,PoliceTees.com,≤100
100954708112820,Americans for Medicare Dental Coverage,Freeroots,≤100
383338358746106,Health Care Workers Rising MA,Healthcare Workers Rising Massachusetts,≤100
253507715172780,Andy Levin,ANDY LEVIN FOR CONGRESS,≤100
473191156175163,EDF Action,Environmental Defense Action Fund,≤100
1452551204988299,GoReact,Speakworks Inc,≤100
338855069522459,Im Tirtzu,Im Tirtzu,≤100
856208611420219,Christina Finello,FINELLO FOR CONGRESS,≤100
1295279420598401,Victoria Spartz,Victoria Spartz for Congress,≤100
777657635932867,Blessings Through Action,Blessings Through Actions,≤100
292351509697,Jerusalem Prayer Team,Jerusalem Prayer Team,≤100
110304423857607,Patriot Wear,Brandon Kyle Fink,≤100
252126914850996,Labor Campaign for Single Payer,Labor for Single-Payer Healthcare,≤100
101766928047027,Trendy Outlook Updates,Mariah Shaneice Wells,≤100
56780242206,Agros International,Sierra Hana Golden,≤100
1502654549792632,Protect Our Care,Sixteen Thirty Fund,≤100
27139120832,Advancing Native Missions,Advancing Native Missions,≤100
112839420355640,Laughing Liberals,Laughing Liberals,≤100
7962229886,Environmental Working Group,ENVIRONMENTAL WORKING GROUP,≤100
110280253735683,Alexandria Ocasio-Cortez Fan Club,Imran M Jemal,≤100
105229062888132,Stop Soldier Suicide,Stop Soldier Suicide,≤100
683872625157265,Theresa Greenfield,THERESA GREENFIELD FOR IOWA,≤100
170591064699,Southern Poverty Law Center,"SOUTHERN POVERTY LAW CENTER, INC., THE",≤100
154042404618678,Nutty Steph's,Rabble-Rouser Chocolate & Craft Co.,≤100
328853823844484,Balance of Power,Balance of Power,≤100
53453003949,Hope Ministries,HOPE MINISTRIES,≤100
34992314695,National Center for Public Policy Research,NATIONAL CENTER FOR PUBLIC POLICY RESEARCH,≤100
46428009499,The Jewish Agency for Israel,Shiri  Stern,≤100
342623112567750,The Shoe That Grows,Because International Corp,≤100
15779440092,National Review,"NATIONAL REVIEW, INC.",≤100
105025901091483,Republican Party Strong,James R Oddo,≤100
142370046577999,Shahid Buttar for Congress,Shahid Buttar for Congress Committee,≤100
109740710433033,Ladies for Trump 2020,Proud Right Winger,≤100
86880509778,AARP North Carolina,AARP,≤100
278703415666824,Jeremy Jones,Protect Our Winters,≤100
238473269650980,Capital & Main,CAPITAL & MAIN,≤100
1627212824167934,Men4Choice,Men4Choice,≤100
602040603170590,Americans for Food and Beverage Choice,Americans for Food and Beverage Choice,≤100
174009339411865,SmartNews,"SmartNews International, Inc.",≤100
259130650776119,Mitch McConnell,MCCONNELL SENATE COMMITTEE,≤100
1562290543991677,Alliance for a Healthy Kansas,Community Care Network of Kansas,≤100
304516656955161,Team Trump Fan Club,I Love My Freedom,≤100
248181906078243,National Institute for Civil Discourse,CommonSense American,≤100
161453087348302,The Committee to Defend the President,THE COMMITTEE TO DEFEND THE PRESIDENT,≤100
134571176638205,One Tree Planted,One Tree Planted,≤100
1612726335627171,We the Internet TV,We the Internet TV,≤100
281844617168,Jewish Voice Ministries International,JEWISH VOICE MINISTRIES INTERNATIONAL,≤100
1529468987331408,BulbHead,TELEBRANDS CORP.,≤100
577579002349073,Let's Grow Kids,Let's Grow Kids,≤100
103162411257510,Trumplican,USA Movements,≤100
384336778589668,Defend Our Constitution,COMMON CAUSE,≤100
312066286397519,Manning Asylum Law,Brian Steven Manning,≤100
148942695133440,Northern Plains Resource Council,NORTHERN PLAINS RESOURCE COUNCIL,≤100
121750354532995,Yale Program on Climate Change Communication,Yale Program on Climate Change Communication,≤100
104837654463416,Health Smarts,Ariel Earl Jordan,≤100
121033149320,American Indian College Fund,"AMERICAN INDIAN COLLEGE FUND, THE",≤100
90498769709,Edenpure,EdenPURE®,≤100
251499331992885,VA Claim Pros,These ads ran without a disclaimer,≤100
111955243675833,Brut News,Brut Media,≤100
110019893736048,Grandpas Against Trump,Richard Carlton Carlton Daley,≤100
461530314600399,Common Sense American Politics,Common Sense American Politics,≤100
209516845093,NRDC Action Fund,NRDC Action Fund,≤100
292649794717694,The Bulwark,The Bulwark,≤100
18709174006,National Audubon Society,"NATIONAL AUDUBON SOCIETY, INC.",≤100
237477017606,Club for Growth,Club for Growth,≤100
8340223883,Avaaz,Avaaz Foundation,≤100
24470472733,The Trevor Project,The Trevor Project,≤100
24481937944,Theodore Roosevelt Conservation Partnership,"THEODORE ROOSEVELT CONSERVATION PARTNERSHIP, INC",≤100
547176209061125,Medicare for All NOW,Medicare For All NOW!,≤100
2012750189007245,Liquid Death Mountain Water,Liquid Death,≤100
64064370581,North Texas Food Bank,North Texas Food Bank,≤100
1435071773455316,Daily Wire,The Daily Wire,≤100﻿
394817334402124,2020 Trump Bill,Innovative Ecomm LLC,≤100
360303722260,Kathleen Williams for Montana,KATHLEEN WILLIAMS FOR MONTANA,≤100
114289029948093,Denny Doyle,Friends to Re-elect Mayor Denny Doyle,≤100
73016054191,Regional Food Bank of Oklahoma,"REGIONAL FOOD BANK OF OKLAHOMA, INC.",≤100
92115252205,Armory Center for the Arts,ARMORY CENTER FOR THE ARTS,≤100
147523538641547,Capitol Ministries,CAPITOL MINISTRIES,≤100
114975389535,TAN Books,"SAINT BENEDICT PRESS, LLC",≤100
746938465317981,Nuclear Matters,Nuclear Matters,≤100
104845836238949,World Animal Protection US,World Animal Protection,≤100
1224156504416050,American Patriot Depot,American Patriot Depot,≤100
115286365119,National Pork Board,National Pork Board,≤100
104399301183506,Ban-AR-Now,Ban AR Now,≤100
29092950651,TED,TED Conferences,≤100
106215047605899,Scott Cornuaud for Hunt County Attorney,Scott Allan Cornuaud,≤100
114989253202136,Consumer Protection Law,Sift Legal Marketing,≤100
1628679613829742,Josh Hicks,Josh Hicks for Congress,≤100
108051577394988,Thai Viet Phan for Santa Ana City Council 2020,Thai Viet Phan for City Council 2020,≤100
102617961152741,Barbara Bollier,Bollier for Kansas,≤100
103213601095503,ParentsTogether Action,ParentsTogether Action,≤100
85273022315,NAMI,NAMI,≤100
223008867858902,American Action News,American Action News,≤100
488460945012999,President Trump 2020,Trump Collections,≤100
264115353958802,Independence Party,Brent Morris,≤100
114386721939978,The Made in America Store,Made In America Store,≤100
262173980908600,LTM,LTMShop,≤100
1526736227567131,TrueCoverage,True Coverage,≤100
1001615463272722,Biosimilars Council,The Biosimilars Council,≤100
425303257834064,Tom Basile,TomBasile.com,≤100
134845259917779,Rock 'Em Socks,Rock 'Em Socks,≤100
1316372698453411,Alexandria Ocasio-Cortez,ALEXANDRIA OCASIO-CORTEZ FOR CONGRESS,≤100
176789922364429,Steve Daines,STEVE DAINES FOR MONTANA,≤100
143173285763,Tenth Amendment Center,Tenth Amendment Center,≤100
294196590710262,FWD.us,FWD.us,≤100
1419452171541430,Hollander-Waas Jewish Heritage Services,Hollander-Waas Jewish Heritage Services,≤100
6041057841,The Humane Society of the United States,"HUMANE SOCIETY OF THE UNITED STATES, THE",≤100
147088585355847,Pride Fowler Industries,Ruben Alvarez,≤100
104243792943104,Saybrook University,TCS Education System,≤100
275908853303174,Pro-Israel America,"Pro-Israel America, Inc.",≤100
16352157727,Alfred A. Knopf,Penguin Random House LLC,≤100
112287913481898,Cindy Banyai for Florida Congressional District 19,FRIENDS OF CINDY BANYAI,≤100
112621057029615,Stay Home Save Lives,"Stay Home, Save Lives",≤100
253791814655400,Doug Collins,"COLLINS FOR SENATE, INC.",≤100
1568427803440202,Columbia Global Reports,The Trustees of Columbia University in the City of New York,≤100
600217573480158,GOPStore.com,Brian James Harlin,≤100
373691923229975,The Sweet Bee Co.,The Sweet Bee Co.,≤100
1679521432262834,Physicians Grassroots Network,American Medical Association,≤100
101148251446778,Keep America Great Committee,KEEP AMERICA GREAT COMMITTEE,≤100
5943727453,American Humane,American Humane,≤100
11024050756,Bioneers,Bioneers,≤100
109665250456365,The Armed Patriot,Kenneth Micheal Parkerson,≤100
142474049098533,Robert Reich,Penguin Random House LLC,≤100
59254639983,Boston Medical Center,BOSTON MEDICAL CENTER,≤100
259343267436363,Representative Ed Thompson,Friends of Ed Thompson,≤100
108186217331098,Vote Like Mad,Vote Like Mad LLC,≤100
780941275347834,Ilhan Omar,ILHAN FOR CONGRESS,≤100
314934432050445,Keeping Our Promise - Rochester,Ellen Elisabeth Smith,≤100
119817566077063,Friends of Dave Perez,David James Perez,≤100
11131463701,truth,TRUTH INITIATIVE FOUNDATION,≤100
143986912311328,University of Vermont Continuing and Distance Education,University of Vermont,≤100
354329797956187,The Catholic Association,"The Catholic Association, Inc",≤100
117362515005706,The Bowery Mission,The Bowery Mission,≤100
228754857151053,House Majority PAC,House Majority PAC,≤100
2283535575207809,Ditch Mitch,DITCH FUND,≤100
279846350948,St. Labre Indian School,St. Labre Indian School,≤100
1502597423327057,Rep. Doug LaMalfa,Rep. Doug LaMalfa,≤100
18492769291,Faithful America,Faithful America,≤100
304252657027476,George Buck,"COMMITTEE TO ELECT GEORGE BUCK, PHD",≤100
202281636466702,Unseen,Unseen,≤100
105398187486351,Escaping Dystopia,Roy Mitchell Taylor,≤100
145380305523723,Secure America Now,Secure America Now,≤100
286487148036558,NEAVS,NEW ENGLAND ANTI VIVISECTION SOCIETY,≤100
2309566456030859,Human Coalition Action,Human Coalition,≤100
128985777176957,Church Life Journal,Church Life Journal,≤100
114172129975113,Elisa Martinez for New Mexico,ELISA FOR NM,≤100
104851617686932,Concealed Country,Concealed Country,≤100
317667194946264,Ro Khanna,RO FOR CONGRESS INC,≤100
588762121302996,Black Superwoman Chronicles,Delisha Denise Sylvester,≤100
434616383688551,Ocean & Co.,Ocean & Co,≤100
1934191280189700,Health Care Voter,Health Care Voter,≤100
124965355935,AARP Vermont,AARP,≤100
18780321251,American Chemistry,"AMERICAN CHEMISTRY COUNCIL, INC.",≤100
405355946226766,Todd Young,"FRIENDS OF TODD YOUNG, INC.",≤100
15687409793,World Wildlife Fund,World Wildlife Fund,≤100
1092340954202973,Maya Rockeymoore-Cummings for Congress,Maya Rockeymoore-Cummings for Congress,≤100
304709940450333,Sezmesezu,Christopher James Bates,≤100
43647453076,familydoctor.org,AMERICAN ACADEMY OF FAMILY PHYSICIANS,≤100
6236054211,Brady,Brady Campaign to Prevent Gun Violence,≤100
179145905973075,Sophie Ratner Jewelry,Sophie Ratner Jewelry,≤100
171651620209487,Brady PAC,Brady Pac,≤100
630841967406196,StepChange Clothing,Joseph Harry Wagner,≤100
13063797831,Ben Ray Luján,PEOPLE FOR BEN,≤100
100454114890902,Wise Choice 2020,Wise Choice 2020,≤100
208448029308099,Neal F. Thompson,Neal Francis Thompson,≤100
107858693983382,The GOP Shop,The GOP Shop,≤100
38882699096,Polaris,POLARIS PROJECT,≤100
221416561801,Thomas B. Fordham Institute,Thomas B. Fordham Institute,≤100
115911665626912,The Term Limit Revolution,Scott M Murphy,≤100
101295517956158,Tricia Zunker for Wisconsin,Tricia Zunker for Wisconsin,≤100
1708467695859543,Veteran Transition Mission,Sonia Ivelisse Barriera Ayala,≤100
1614345772179172,Greg Gianforte,Greg for Montana,≤100
108341444153592,Make America Exotic Again,These ads ran without a disclaimer,≤100
183872968312216,Popdust,cleancult,≤100
110509307164141,American Patriot Unite,American Patriot Unite,≤100
1701899883357807,Seed Your Future,Seed Your Future,≤100
174982813087480,Adopt-A-Phone,Adopt-A-Phone,≤100
711909245654048,National Police Support Fund,National Police Support Fund,≤100
1517919588502283,Christy Smith for Congress,CHRISTY SMITH FOR CONGRESS,≤100
45393753416,Alliance Defending Freedom,Alliance Defending Freedom,≤100
158791100909689,Concerned Veterans for America,Concerned Veterans for America,≤100
210772065612205,AARP Colorado,AARP,≤100
278490715553293,Martha McSally,MCSALLY FOR SENATE INC,≤100
1754669597959219,Evie,Evie Magazine,≤100
46347342434,EMILY's List,EMILY'S LIST,≤100
385473284886474,Hillsdale College,HILLSDALE COLLEGE,≤100
1691667177798461,Brut,Brut,≤100
27311599342,Preemptive Love,Preemptive Love Coalition,≤100
105698674239617,Embed News,Embed News,≤100
12683623041,Society for Human Resource Management (SHRM),SOCIETY FOR HUMAN RESOURCE MANAGEMENT,≤100
153080620724,Donald J. Trump,"DONALD J. TRUMP FOR PRESIDENT, INC.",≤100
381423518599637,"Hill and Ponton, P.A.","Hill and Ponton, P.A.",≤100
1118677698164230,Meli Wraps,Jaime Ella Harmon,≤100
125649561365522,J.D. Scholten,SCHOLTEN4IOWA CAMPAIGN COMMITTEE,≤100
830890360316751,Nick Hanauer,Civic Action,≤100
163148530407080,Captain Mark Kelly,MARK KELLY FOR SENATE,≤100
1439364926329185,Animal Matters,Animal Matters,≤100
118204781638402,Pierce County Auditor's Office,Pierce County Auditor's Office,≤100
107297540666889,DemCast Arizona,DemCast USA,≤100
138141366212571,Gravis Marketing,GRAVIS MARKETING INC.,≤100
2353537341582545,Proud Patriots,"Unicorn Wealth, LLC",≤100
389119978332258,We Are Apartments,The National Association of Apartments and the National Multifamily Housing Council,≤100
76025018070,San Francisco-Marin Food Bank,San Francisco-Marin Food Bank,≤100
7292655492,MoveOn,MOVEON.ORG POLITICAL ACTION,≤100
481717441888024,Mamaroneck Coastal,Mamaroneck Coastal Environment Coalition,≤100
257019421075897,Cory Gardner,Cory Gardner for Senate,≤100
104006944272732,Honest Arizona,Advancing AZ,≤100
1055873511190792,Hello Resistance,Hello Resistance Apparel,≤100
89757739264,Farm Credit,Farm Credit Council,≤100
17911165812,Covenant House International,Covenant House,≤100
1485046298224624,Betsy Sweet,SWEET FOR SENATE,≤100
129159563777523,Conservancy of Southwest Florida,ST OF FL CONSERVANCY OF S,≤100
1528498354074301,Punching Bag Media - Conservative News,Sean Michael Probber,≤100
139599847972,National Nurses United,National Nurses United,≤100
30139072158,CARE,CARE,≤100
182723117043,Chicago Council on Global Affairs,"CHICAGO COUNCIL ON GLOBAL AFFAIRS, THE",≤100
1957667094497467,Lynne Blankenbeker for Congress,LYNNE BLANKENBEKER FOR CONGRESS,≤100
110177119192569,Knightscope,William Li,≤100
115403471809909,Plastic Oceans,PLASTIC OCEANS INTERNATIONAL,≤100
49209604726,Vermont Teddy Bear,"VERMONT TEDDY BEAR CO., INC., THE",≤100
355956634503101,One Tax For All,ONE TAX FOR ALL,≤100
627951147293090,FatFinger,Fat Finger LLC,≤100
537299709721112,Advantage Gold,Advantage Gold Group,≤100
117401524973663,Chamomile Tea Party,Chamomile Tea Party,≤100
169597416843751,Stand Up America,Stand Up America,≤100
518194348194441,RepresentUs,RepresentUs,≤100
5633824547,FreedomWorks,"FREEDOMWORKS, INC.",≤100
129255907131113,NumbersUSA,NUMBERSUSA EDUCATION AND RESEARCH FOUNDATION,≤100
101181794707874,United Research Group,United Research Group,≤100
830121337093232,National Democratic Training Committee,NATIONAL DEMOCRATIC TRAINING COMMITTEE PAC,≤100
497741237272262,Susan Wild for Congress,Susan Wild for Congress,≤100
181183059253295,Dorsal Bracelets,Dorsal Bracelets,≤100
52989768601,Population Connection Action Fund,Population Connection Action Fund,≤100
109163063823636,Adrienne for Kansas,FOSTER FOR KANSAS,≤100
130467958471,Jason Lewis,Jason Lewis for Senate,≤100
801168856602067,Shadyside Church of Christ,Richard Joseph Zumpano,≤100
137662367278,League of Women Voters of the U.S.,LEAGUE OF WOMEN VOTERS OF THE UNITED STATES,≤100
104933662932387,CreativeFuture,CreativeFuture,≤100
1397799040234106,OpinionUP,OpinionUP LLC,≤100
165551260479306,Lifting Hands International,Lifting Hands International,≤100
47710973068,Cooperative Action Network,National Rural Electric Cooperatives Association,≤100
100562019990818,U.S. Term Limits,U.S. Term Limits Inc.,≤100
136320503067331,TuneIn,TuneIn,≤100
112252320119719,"Aycha Sawa, CPA for Comptroller",Aycha Sawa for Milwaukee City Comptroller,≤100
147486638599345,Urban Teachers,Urban Teachers,≤100
106333028376,"Nichols Kaster, PLLP",Nichols Kaster PLLP,≤100
10150100007820094,Wendy Davis,WENDY DAVIS FOR CONGRESS,≤100
1437429989675914,Huckabee,"TRINITY CHRISTIAN CENTER OF SANTA ANA, INC.",≤100
713157118860265,Platypus Oregon,Platypus Affiliated Society Oregon,≤100
152264148166020,Moms Clean Air Force,Moms Clean Air Force,≤100
37892661587,JDC,JDC,≤100
77790954801,Salesian Missions,Salesian Missions,≤100
2217400561854578,Kimberly Graham for US Senate - D-Iowa,KIMBERLY FOR IOWA,≤100
1750471095167410,Trump Train News,Trump Train News,≤100
2090966097692111,We Dare Defend,We Dare Defend,≤100
213792049451918,Stand For America Now,Stand For America Inc,≤100
124626320898336,Catholic Extension,"CATHOLIC CHURCH EXTENSION SOCIETY OF THE UNITED STATES OF AMERICA, THE",≤100
380377548641697,Elect Chris Steverson to  Georgia House District 149,Christopher William Steverson,≤100
324785111015146,The Reformed Constitutionalist,Michael John Cuellar,≤100
383877235817031,Keep America Great,Keep America Great,≤100
394707496275,Threads 4 Thought,Threads 4 Thought,≤100
104965807734320,Cave Jokes,Cave Jokes,≤100
76050196975,Light of Life Rescue Mission,LIGHT OF LIFE MINISTRIES INC,≤100
305832706292882,American Gun Association,GunAssociation.org,≤100
2352630938293825,Mytacticalpromos,Entremax,≤100
166269923431086,Senator Dennis Baxley,Dennis Baxley for State Senate,≤100
6502038524,First Book,FIRST BOOK,≤100
833845080319275,The Daily Patriot,Full Tilt Holdings LLC,≤100
1791097094486498,Musings,Musings Magazine,≤100
165566613453452,ERLC,ETHICS AND RELIGIOUS LIBERTY COMMISSION OF THE SOUTHERN BAPTIST,≤100
243362776583569,Air Mail,Air Mail,≤100
103383657824254,Ocean Cleanup Group,Michael Todd Powell,≤100
497209044353754,Author Austin Grayson,These ads ran without a disclaimer,≤100
105623264255576,Ben Grant for State Representative,Committee to Elect Ben Grant,≤100
452797224923658,Democratic Coalition Against Trump,THE DEMOCRATIC COALITION,≤100
1387062348242626,ProgressNow Arizona,ProgressNow AZ,≤100
120393112689694,Super Agents Safety Squad,Denize Moraes Rodriques,≤100
122174836956,Big Cat Rescue,BIG CAT RESCUE CORP.,≤100
32975139631,If Americans Knew,If Americans Knew,≤100
101755761321515,Aaron Harber for CU Regent,Harber for Colorado,≤100
372701716170134,Sold No More,Samantha C Byard,≤100
106968690805026,Sima for Texas,SIMA FOR TEXAS,≤100
356431274698532,Ryan Hampton,Ryan Hampton,≤100
107407080916987,Eldji,These ads ran without a disclaimer,≤100
107761702578379,American Institute for Cancer Research - AICR,American Institute for Cancer Research,≤100
106241024214152,American Home Life Periodical,Steven Luu Nguyen,≤100
215710880194,VidaySalud.com,HITN - Hispanic Information and Telecommunications Network,≤100
104325844436320,US Dollar Reports,US Dollar Reports,≤100
738298126313472,John Thomas Political Strategist,The Thomas Guide Show,≤100
100137754724934,Trump 2020 Supporters,Proud Right Winger,≤100
781510041970720,Hippo Sak,Hippo Sak,≤100
109116647123146,Matthew Leonard for State Senate,Matthew Joseph Leonard,≤100
322778165249416,Protect Colorado's Vote,Protect Colorado's Vote,≤100
165987503528599,Lindsey Graham,"TEAM GRAHAM, INC.",≤100
176466646087311,DC Fawcett,Donald Chappell Fawcett,≤100
109200595768753,The Christian Left,The Christian Left,≤100
1800759923583199,Rep. Liz Cheney,Congresswoman Liz Cheney,≤100
221046091240452,Stephen Kramer Glickman,800 Pound Gorilla Records,≤100
112942500238297,Trees4Australia,Trees4Australia,≤100
2259323457517498,Abolish the Electoral College,ABOLISH THE ELECTORAL COLLEGE,≤100
22877548156,Earth Day Network,EARTH DAY NETWORK INC,≤100
136121223083299,Sea Turtle Conservancy,"SEA TURTLE CONSERVANCY, INC.",≤100
260366367717440,Committee to Protect Medicare,Committee to Protect Medicare,≤100
599037717094428,Lil Guillotine,Liam Robert Manjon,≤100
735392426643177,NeptuneCafe,NeptuneCafe,≤100
2189265054726827,Liberty Tee Shop,www.libertyteeshop.com,≤100
745910525468062,National Center on Sexual Exploitation,National Center on Sexual Exploitation,≤100
83290028957,Care Net,CARE NET,≤100
108512875350,The Atlas Society,The Atlas Society,≤100
49906899425,Ramapo College of New Jersey,Ramapo College of New Jersey,≤100
100256754899828,Patriot's Cave,Lucky Shot USA,≤100
210100860523,Braille Institute,Braille Institute,≤100
156968474833352,Stop Republicans,Stop Republicans,323
109563262497,The Jewish Federation of Greater Washington,"JEWISH FEDERATION OF GREATER WASHINGTON, INC., THE",≤100
96935476345,Democratic Governors Association (DGA),Democratic Governors Association,≤100
605168822998856,314 Action,314 ACTION FUND,≤100
957810197669209,Re-Elect Johns For St. Johns County Commissioner,Jimmy Johns for St. Johns County,≤100
2070944712939738,American Police Officers Alliance,American Police Officers Alliance,≤100
306591716448427,Cindy Axne,CINDY AXNE FOR CONGRESS,≤100
16477459734,League of Conservation Voters,"LEAGUE OF CONSERVATION VOTERS, INC",≤100
1666922183524165,ReThink Energy NJ,ReThink Energy NJ,≤100
2777578242259790,Great Again Gear,Great Again Gear,≤100
19474609238,Mercatus Center at George Mason University,Mercatus Center at George Mason University,≤100
12692955711,Chronicle of Higher Education,"CHRONICLE OF HIGHER EDUCATION, INC. (THE)",≤100
102756811269921,Fellow Americans,Fellow Americans,≤100
587681288088728,Adam Brandon,"FREEDOMWORKS, INC.",≤100
129285844553515,The Right To Shower,Conopco Inc,≤100
843026725707543,Maui Causes,Maui Causes,≤100
825475597557324,trueself,cleancult,≤100
107036421410,National Safety Council,NATIONAL SAFETY COUNCIL,≤100
458142697588014,AARP Public Policy Institute,AARP,≤100
675665515802671,Wolven,Wolven,≤100
1849483715167852,Firefly Engagement,"Firefly Engagement Services, Inc.",≤100
97493741436,John W. Hickenlooper,HICKENLOOPER FOR COLORADO,≤100
101292484652219,Amanda Cappelletti for PA,Cappelletti for PA,≤100
6851405967,CREDO Mobile,"CREDO MOBILE, INC.",≤100
577214555786847,Lessons from Military History,Hoover Institution,≤100
399067003454888,Sudan Relief Fund,Sudan Relief Fund Inc,≤100
289213691238937,Thrasher Coffee,Thrasher Coffee Co.,≤100
9316648525,The Chicago School of Professional Psychology,TCS Education System,≤100
113330620093147,Sunny for Congress,Suneetha Chaparala,≤100
1637823176332591,Ecocred,Branislav Seslija,≤100
260131294484,Bethesda Lutheran Communities,Bethesda Lutheran Communities,≤100
467503009987109,"Healthy Forests, Healthy Communities","Healthy Forests, Healthy Communities",≤100
54787697857,Ron Wyden,WYDEN FOR SENATE,≤100
6162159887,The World,The World,≤100
111970730196550,World War Zero,AMERICAN SECURITY PROJECT,≤100
1664959567149320,Wholesome Culture,Wholesome Culture,≤100
984390808433381,VetCare Professionals,Ryan Allen Takas,≤100
294461628063240,The RightWay: conservative thoughts & family values,The RightWay,≤100
657708380952174,Voices of the Civil Rights Movement,Comcast,≤100
221890358218748,Til Valhalla Project,Til Valhalla Project,≤100
60182072999,Lila Rose,Live Action,≤100
165674110118949,Clearing out the Clutter,Colin Moore,≤100
126575267904438,Love Beauty and Planet,Unilever,≤100
111324359048459,Dr. Roger Marshall,KANSANS FOR MARSHALL,≤100
148485621883625,40 Days for Life,40 Days for Life,≤100
721000238103165,Eric Early,Eric Early,≤100
101176014673943,Michelle for Kansas,MICHELLE FOR KANSAS,≤100
1658135304460341,MANG,MANG,≤100
207833736045744,MHAction.org,Kevin R Borden,≤100
192609620649,The University of Chicago,The University of Chicago,≤100
117507751891,United Poultry Concerns,"UNITED POULTRY CONCERNS, INC",≤100
502969216761221,Common Sense Civics and Citizenship,Candace Donnelly,≤100
202626512363,U.S. Census Bureau,U.S. Census Bureau,350
1580844735465499,Mighty Oaks Warrior Programs,Mighty Oaks Foundation,≤100
240841589886168,We Still Hold These Truths,Ronald Hirsch,≤100
100123544800892,Disme Coin Company,Byron Michael Laughlin,≤100
170918006892,G.I. Jobs,Victory Media DBA GI Jobs,≤100
1511412998966651,Altamar with Peter Schechter and Muni Jensen,Altamar LLC,≤100
102206620458674,Leaders Igniting Transformation,"Leaders Igniting Transformation Action Fund, Inc.",≤100
108524420538011,Hoosiers for Renewables,Hoosiers for Renewables LLC,≤100
183989338318281,The American Legion National Headquarters,LEGIONNAIRE,≤100
981661448510937,Meraki Journey,Meraki Bracelets,≤100
268311603350722,The American Independent,The American Independent,≤100
5435784683,Greenpeace USA,"GREENPEACE, INC.",≤100
431099560800970,Front Page Live,"Front Page Live, Inc.",≤100
1883837055193241,Shield Republic,Shield Republic,≤100
37540989546,Power to Decide,Power to Decide,≤100
1846324612256008,Your Car. Your Data.,Auto Care Association,≤100
557113921291144,Learning Dynamics,4 Weeks To Read LLC,≤100
21375324480,The Heritage Foundation,HERITAGE FOUNDATION (THE),≤100
215689771967950,Plastic Tides,"Plastic Tides, Inc.",≤100
135403221037,City Journal,City Journal,≤100
198296877515470,Switch4Good,Switch4Good,≤100
460844281074800,Tiny Trump,Eric D Corriel,≤100
108309913905134,The Greta Thunberg Story Being Different is a Superpower,Sole Books,≤100
114815188528887,Neighborhood Nurse,Kristina Anne Larsen,≤100
629742243712069,The Kennedy Forum,Mental Health Leadership Initiative,≤100
511018939262914,Support Pro-Life Kathy Barnette For US Congress District PA 04,Promise Land Men’s Ministries,≤100
236312179825896,Republican Main Street Partnership,REPUBLICAN MAIN STREET PARTNERSHIP INC,≤100
1640970822834351,Plaine Products,Plaine Products,≤100
16534314739,Facing History and Ourselves,"FACING HISTORY AND OURSELVES NATIONAL FOUNDATION, INC.",≤100
150322194563,PASA Primates: Pan African Sanctuary Alliance,PAN AFRICAN SANCTUARIES ALLIANCE,≤100
313723095478950,The Daily Citizen,Focus on the Family,≤100
49794808327,Wheaton College Massachusetts,These ads ran without a disclaimer,≤100
1336293769761923,Jon Ossoff,JON OSSOFF FOR SENATE,≤100
105953890782784,The Factual,The Factual,≤100
1963992303848678,DHVANI,DHVANI,≤100
172630052226,James Felton Keith,JFK ORGANIZERS,≤100
108177123941208,AVRA,Antelope Valley Republican Assembly,≤100
365591516828390,Georgia's WIN List,Georgia WIN List,≤100
101391906600,Live Action News,Live Action News,≤100
173837496125511,Conscious Step,Conscious Step,≤100
101080714884609,Making the Case,Mario J Fratto,≤100
376638603087168,Save The Earth,Michael Todd Powell,≤100
23875187730,Feeding America,Feeding America,≤100
113010733380135,Elect JoAnna Mendoza,JoAnna Mendoza for Arizona,≤100
971668776283950,PolicyEd,Hoover Institution,≤100
202286639832171,Dr. Robert Jeffress,FIRST BAPTIST CHURCH DALLAS,≤100
345378512258813,Elise Stefanik,ELISE FOR CONGRESS,≤100
57259033959,AARP,AARP,≤100
105264094403642,Trump MAGA Swag,James Richard Griffin,≤100
2071229469789306,Katica Roy,"Pipeline Equity, Inc.",≤100
100577113613446,Rock Your Bathroom,SK LANG Products,≤100
282728185140429,Rep For Vets,These ads ran without a disclaimer,≤100
1950319871930431,Special Gift,These ads ran without a disclaimer,≤100
333081284065216,Brynne Kennedy for Congress,BRYNNE KENNEDY FOR CONGRESS,≤100
314121315788033,Stand with Parkland,Stand With Parkland,≤100
113784851983291,Friends of Bill Henry,Friends of Bill Henry,≤100
130268756992804,Yale Climate Connections,Yale Climate Connections,≤100
327202261326682,Stephanie Bice,Bice for Congress,≤100
6170309302,Dick Durbin,FRIENDS OF DICK DURBIN COMMITTEE,≤100
228177263911871,New American Spring,Roger Anthony Farinha,≤100
103682110993833,Arctic Refuge Defense Campaign,Alaska Wilderness League,≤100
182079698493370,Portside,Portside,≤100
126855128568,FEBC (Far East Broadcasting Company),"FAR EAST BROADCASTING COMPANY, INC.",≤100
97685946123,Columbus Public Health,Columbus Public Health,≤100
1539972792944463,Forge Leadership Network,Forge Leadership Network,≤100
80841742978,Adirondack Council,ADIRONDACK COUNCIL (INC),≤100
27591534505,SPIRIT 105.3,CRISTA MINISTRIES,≤100
6165653060,AFSCME,AMERICAN FEDERATION OF STATE COUNTY & MUNICIPAL EMPLOYEES,≤100
101162851267986,US Programs And Benefits,US Programs And Benefits,≤100
105938004161270,Best Insurance Helper,These ads ran without a disclaimer,≤100
80080296729,The Greater Boston Food Bank,"GREATER BOSTON FOOD BANK, INC., THE",≤100
77590795932,John Kasich,Kasich For America,≤100
134452023239984,Human Coalition,Human Coalition,≤100
30914589895,The International Fellowship of Christians and Jews,"INTERNATIONAL FELLOWSHIP OF CHRISTIANS & JEWS, INC.",≤100
1642386799323957,Angie Craig,ANGIE CRAIG FOR CONGRESS,≤100
101788601255619,Mark Sidney,Power To The Publisher,≤100
681626158940626,Mission Roll Call,Americas Warrior Partnership,≤100
112325855474892,Speak Up For Education and Kids,National Education Association,≤100
128167457221813,Public Transportation,Voices for Public Transit,≤100
54580146753,Faith in Action,Faith in Action,≤100
157546398049625,Marsy's Law for Wisconsin,"Marsy’s Law for Wisconsin, LLC",≤100
107626047540927,Veteran Earplug Claims,My Earplug Injury,≤100
27544763621,Prison Fellowship,Prison Fellowship,≤100
2077528499191868,Oh Hey Heather,Heather Wirtz,≤100
260366367717440,Committee to Protect Medicare,Committee to Protect Medicare PAC,≤100
130912793621553,Food Bank For New York City,Food Bank For New York City,≤100
21898300328,BuzzFeed,U.S. Census Bureau,≤100
110035463860647,Trump Signs,Bankov Enterprises LLC,≤100
192771954102960,Jordan Sekulow,American Center for Law and Justice,≤100