﻿Page ID,Page Name,Disclaimer,Amount Spent (USD)
153080620724,Donald J. Trump,TRUMP MAKE AMERICA GREAT AGAIN COMMITTEE,1358
108824017345866,Facebook,"Facebook, Inc.",920
7860876103,Joe Biden,BIDEN VICTORY FUND,501
1771156219840594,Team Trump,TRUMP MAKE AMERICA GREAT AGAIN COMMITTEE,432
202626512363,U.S. Census Bureau,U.S. Census Bureau,383
156968474833352,Stop Republicans,Stop Republicans,272
925007000949719,ExxonMobil,Exxon Mobil Corporation,207
109837357426646,Maria Bucci for Mayor of Cranston,Bucci for Mayor,197
1615018905412860,Progressive Turnout Project,PROGRESSIVE TURNOUT PROJECT,179
80562389320,NARAL Pro-Choice America,NARAL Pro-Choice America,146
20787991568,Senate Democrats,DSCC,122
127755494595870,Progressive Takeover,PROGRESSIVE TAKEOVER,≤100
105756057589080,The Lincoln Project,The Lincoln Project,≤100
1556932204325823,ProgressPop,ProgressPop,≤100
57259033959,AARP,AARP,≤100
277005566267077,Blueland,Blueland,≤100
127225910653607,PragerU,PragerU,≤100
96935476345,Democratic Governors Association (DGA),Democratic Governors Association,≤100
9324910069,NRSC,NRSC,≤100
447376002138866,Protect New England's Ocean Treasures,Sydney Moyer,≤100
328853823844484,Balance of Power,Balance of Power,≤100
2580750575289726,Raise the Bar on Resident Care,SEIU Healthcare 1199NE,≤100
103966331128460,Trump Train 2020 Campaign Tour,The Trump Train,≤100
165987503528599,Lindsey Graham,"TEAM GRAHAM, INC.",≤100
14413545701,Conservation Law Foundation,"CONSERVATION LAW FOUNDATION, INC.",≤100
1449461518652183,4Patriots,4Patriots LLC,≤100
103315464587143,All Access,John Leroy Soderberg,≤100
665345483483486,NRA - National Rifle Association of America,NATIONAL RIFLE ASSN OF AMERICA,≤100
103654464668995,Home With Our Family,Alexander Chung,≤100
259212814698356,Democratic Majority for Israel,Democratic Majority for Israel,≤100
8934429638,Planned Parenthood Action,Planned Parenthood Action Fund,≤100
124939484209078,Langevin for Congress,LANGEVIN FOR CONGRESS,≤100
328072970642479,Jaime Harrison,JAIME HARRISON FOR US SENATE,≤100
111393882812494,Amy McGrath,"AMY MCGRATH FOR SENATE, INC.",≤100
1316372698453411,Alexandria Ocasio-Cortez,Alexandria Ocasio-Cortez for Congress,≤100
791543660926838,"I'll go ahead and keep my guns, Thanks",2A4LIFE LLC,≤100
6041057841,The Humane Society of the United States,"HUMANE SOCIETY OF THE UNITED STATES, THE",≤100
18982436812,ACLU,American Civil Liberties Union,≤100
602714436529710,End Citizens United,END CITIZENS UNITED,≤100
96935476345,Democratic Governors Association (DGA),DEMOCRATIC ACTION,≤100
429812024048177,Doug Jones for Senate,DOUG JONES FOR SENATE COMMITTEE,≤100
101279451606075,Democratic Strategy Institute,Democratic Strategy Institute,≤100
118303441570966,Home Ownership Matters,NATIONAL ASSOCIATION OF REALTORS,≤100
2267285956849056,Donald Trump 2020 Fans,I Love My Freedom,≤100
33110852384,Doctors Without Borders/ Médecins Sans Frontières (MSF),Doctors Without Borders/Médecins Sans Frontières (MSF),≤100
107398241021186,The John Lewis Bridge Project,John Lewis Bridge Project,≤100
109111900634787,Reverend Raphael Warnock,WARNOCK FOR GEORGIA,≤100
2352630938293825,Mytacticalpromos,Entremax,≤100
158791100909689,Concerned Veterans for America,Concerned Veterans for America,≤100
17911165812,Covenant House International,Covenant House,≤100
126466837372807,1199 SEIU Rhode Island,SEIU Healthcare 1199NE,≤100
163148530407080,Captain Mark Kelly,MARK KELLY FOR SENATE,≤100
23875187730,Feeding America,Feeding America,≤100
830121337093232,National Democratic Training Committee,NATIONAL DEMOCRATIC TRAINING COMMITTEE PAC,≤100
342294162453301,Planned Parenthood,Planned Parenthood Federation of America,≤100
110018833813683,Flip the Senate,SMP,≤100
107858693983382,The GOP Shop,The GOP Shop,≤100
345504286342057,Keeping America Great Again,RightWingGear.com,≤100
153080620724,Donald J. Trump,"DONALD J. TRUMP FOR PRESIDENT, INC.",≤100
309308412520731,Sandy Hook Promise,Sandy Hook Promise,≤100
126694924050678,Xavier Becerra,Becerra for Attorney General 2022,≤100
373814729643508,Let America Vote,LET AMERICA VOTE PAC,≤100
1883837055193241,Shield Republic,Shield Republic,≤100
25852730092,Care2,Care2 Inc,≤100
6820348410,Kirsten Gillibrand,Off the Sidelines,≤100
38235851310,USA for UNHCR,UNITED STATES ASSOCIATION FOR UNHCR,≤100
132492254050920,American AF,AAF Nation,≤100
1382195548475373,Maria Rivera For Mayor,Maria Rivera for Mayor,≤100
92925746942,Judicial Watch,Judicial Watch,≤100
2330577043935831,Sara Gideon,SARA GIDEON FOR MAINE,≤100
5435784683,Greenpeace USA,"GREENPEACE, INC.",≤100
111428049989,Cal Cunningham,CAL FOR NC,≤100
101165966152,AFL-CIO,AFL-CIO,≤100
2142392379215615,Rhode Island Coalition for Israel,RHODE ISLAND COALITION FOR ISRAEL,≤100
176789922364429,Steve Daines,STEVE DAINES FOR MONTANA,≤100
167586229923327,World Food Program USA,World Food Program USA,≤100
834645469890446,Devin Nunes,DEVIN NUNES CAMPAIGN COMMITTEE,≤100
105577974544303,The USA Needs More Patriots,AmeriPolling,≤100
259130650776119,Mitch McConnell,MCCONNELL SENATE COMMITTEE,≤100
1527563887565895,Allen Waters for U.S. Senate,THE WATERS COMMITTEE,≤100
109814333905287,RIght from the Start,RIght from the Start,≤100
302182941354,AARP Advocates,AARP,≤100
359477377917,American Federation for Children,American Federation for Children,≤100
105732744375701,Steve Bullock,MONTANANS FOR BULLOCK,≤100
24330467048,Americans for Prosperity,AMERICANS FOR PROSPERITY,≤100
6820348410,Kirsten Gillibrand,Gillibrand for Senate,≤100
278490715553293,Martha McSally,MCSALLY FOR SENATE INC,≤100
8325302025,Friends of the Earth U.S.,Friends of the Earth,≤100
139599847972,National Nurses United,National Nurses United,≤100
15687409793,World Wildlife Fund,World Wildlife Fund,≤100
25055115099,Intuit,INTUIT INC.,≤100
114710126648118,Republican Dogs,Republican Dogs,≤100
168051710543266,Lacy Johnson,Lacy Johnson for Congress,≤100
1025055787535714,A Case for Women,A Case for Women,≤100
106244251043808,Reuse Plastics,"AMERICAN CHEMISTRY COUNCIL, INC.",≤100
100668898359994,Michaud for Council at Large,Michaud for Newport,≤100
316955281351,APWU - The American Postal Workers Union,AMERICAN POSTAL WORKERS UNION,≤100
19972147679,SEIU,SEIU,≤100
151525932186806,When Democrats Turn Out,WHEN DEMOCRATS TURN OUT PAC,≤100
309798029121030,Everytown for Gun Safety,Everytown for Gun Safety Action Fund Inc,≤100
7976226799,The Daily Show,Comedy Central,≤100
213792049451918,Stand For America,Stand For America Inc,≤100
85452072376,Newsmax,Newsmax Media,≤100
18813753280,Human Rights Campaign,"HUMAN RIGHTS CAMPAIGN, INC.",≤100
433919203362871,Bird + Stone,BIRD & STONE INC,≤100
407664862957433,Ammar Campa-Najjar for Congress,AMMAR CAMPA-NAJJAR FOR CONGRESS,≤100
1061240530648502,Joe Collins,JOE COLLINS FOR CONGRESS,≤100
109176630847097,Marlena for District 6 Pawtucket,Friends of Marlena Martins Stachowiak,≤100
132381633592940,The Lundquist Institute,LUNDQUIST INSTITUTE FOR BIOMEDICAL INNOVATION AT HARBOR-UCLA MEDICAL CENTER,≤100
104856814505092,The Kids Guide,The Kids Guide,≤100
109677057145919,Hot Issue,Astonishean Miracle Bundage,≤100
107758757670203,BLM Direct,BLM Store LLC,≤100
105084617912738,PatriotQuizzes,patriotquizzes.com,≤100
1400927463555875,Imperfect Foods,Imperfect Produce,≤100
183645005615207,Rhode Island Term Limits,U.S. Term Limits Inc.,≤100
355316521236121,John Cornyn,TEXANS FOR SENATOR JOHN CORNYN INC.,≤100
100256754899828,Patriot's Cave,Patriots Cave,≤100
7833534974,Florida Democratic Party,Florida Democratic Party,≤100
103445328057151,Vinny Gebhart - City Council - Ward 9,Friends of Vinny Gebhart,≤100
318590061526721,Michael Farina - For Cranston's Future,Friends of Michael Farina,≤100
107654924064350,Pat Timmons-Goodson,PATRICIA TIMMONS-GOODSON FOR CONGRESS,≤100
178835922297833,American Clinical Laboratory Association,American Clinical Laboratory Association,≤100
1194865807192273,Conservative Gear,Outergoods LLC,≤100
110424737363776,Dylan Conley for Congress,DYLAN CONLEY FOR CONGRESS,≤100
223055747744143,Beto O'Rourke,Powered By People,≤100
115379705206001,U.S. Department of Homeland Security Blue Campaign,DHS Blue Campaign,≤100
105829564471772,Patriots Stand Together,Trizzie Truong,≤100
7814597100,Jim Jordan for Congress,JIM JORDAN FOR CONGRESS,≤100
57921319808,Michelob ULTRA,SocialCode,≤100
185366302047944,Councilor Mark Schwager,Friends of Mark Schwager,≤100
228754857151053,House Majority PAC,House Majority PAC,≤100
8501031021,VoteVets.org,VOTEVETS,≤100
6204742571,Sierra Club,SIERRA CLUB,≤100
6236054211,Brady,Brady Campaign to Prevent Gun Violence,≤100
1121064611564743,"Kendra Anderson for RI State Senate, District 31",Friends of Kendra Anderson,≤100
2081864865362439,Mike Espy,MIKE ESPY FOR SENATE CAMPAIGN COMMITTEE,≤100
15239367801,The Wilderness Society,"WILDERNESS SOCIETY, THE",≤100
102671331487937,I Love My Freedom Store,I Love My Freedom,≤100
8532248414,Wounded Warrior Project,"WOUNDED WARRIOR PROJECT, INC.",≤100
461204744067686,Family Protection Association,Family Protection Association,≤100
103144548151014,Adrian Perkins,Perkins for LA,≤100
8047221596,Save the Children US,"SAVE THE CHILDREN FEDERATION, INC.",≤100
596556607135301,The Earthling Co.,The Earthling Co.,≤100
1438808983108348,BOLD PAC,CHC BOLD PAC,≤100
303167829786891,Ed Markey,THE MARKEY COMMITTEE,≤100
605168822998856,314 Action,314 ACTION FUND,≤100
7292655492,MoveOn,MOVEON.ORG POLITICAL ACTION,≤100
2353537341582545,Proud Patriots,Proud Patriots,≤100
332716170522025,America First Action,America First Action,≤100
101591551371555,Fire Mitch. Save America.,SAVE AMERICA FUND,≤100
717115395103069,PrintedKicks,Printed Kicks,≤100
103597604713894,Team Trump Store,TRUMP MAKE AMERICA GREAT AGAIN COMMITTEE,≤100
296708523873754,Karla Dennis and Associates Inc.,"Karla Dennis & Associates, Inc",≤100
1010143499143169,Medicare Savings,"Mayo Labs, LLC",≤100
111564220280298,Lenny Cioe for RI,Friends of Lenny Cioe,≤100
72931140459,Center for Biological Diversity,"CENTER FOR BIOLOGICAL DIVERSITY, INC.",≤100
110987110398146,Make Liberty Win PAC,MAKE LIBERTY WIN,≤100
16477459734,League of Conservation Voters,"LEAGUE OF CONSERVATION VOTERS, INC",≤100
555787351119974,Coalition to Protect America's Health Care,Coalition to Protect America's Health Care,≤100
87777747127,Greg Palast,Palast Investigative Fund,≤100
465483726908192,iVote,IVote Civic Education Fund,≤100
1836138529938551,Greater Half,Greater Half,≤100
35169196082,Project HOPE,"PROJECT HOPE-THE PEOPLE-TO-PEOPLE HEALTH FOUNDATION, INC.",≤100
481559282597914,TrumpersUnite,Respect The Look,≤100
675471506247724,Adair for Congress,ADAIR FOR CONGRESS,≤100
1690071827911682,Cleancult,cleancult,≤100
5720973755,Defenders of Wildlife,DEFENDERS OF WILDLIFE,≤100
193618220508,LIFE Today,LIFE Outreach International,≤100
530604487365010,Old Glory Flagpole Kits,Service First,≤100
18709174006,National Audubon Society,"NATIONAL AUDUBON SOCIETY, INC.",≤100
15188122178,The Hamilton Collection,The Hamilton Collection,≤100
106140571085743,Natalia For Congress,NATALIA LINOS FOR CONGRESS,≤100
163302087408673,Stop The Donald,Stop the Donald,≤100
260933440643373,UltraViolet,UltraViolet Action,≤100
112694470356789,Trumpcare For America,Stuart Joseph Millar,≤100
313097997669,StreetLightUSA,StreetLightUSA,≤100
794490553914304,Dr. Nina Ansary,"Revela Press, LLC",≤100
100137754724934,Trump 2020 Supporters,Proud Right Winger,≤100
107393244220598,Central Falls 2020 Census,Maria Roxanne Friedman,≤100
102592959026,Ocean Conservancy,"OCEAN CONSERVANCY, INC.",≤100
258307428099880,Jon Brien for Mayor,Jon D Brien,≤100
209516845093,NRDC Action Fund,NRDC Action Fund,≤100
7263476274,Mercy Corps,Mercy Corps,≤100
108794587327155,Good Programs 2020,Trevor Dale Seaks,≤100
136970253008258,Steve Stycos for Mayor,Friends of Steve Stycos,≤100
737686089933715,Conservative Collections,Mainline Media Group,≤100
134597023235240,Rashida Tlaib,RASHIDA TLAIB FOR CONGRESS,≤100
105455840860559,Eagle Realm,Eagle Realm,≤100
977704775606273,Balls Deep Tackle,Balls Deep Tackle,≤100
629732217415068,Republican Party,Greater Half,≤100
192015461630968,Supporting Our Brave Veterans,James Brian Plouf,≤100
1917715138510680,Follow Your Legend,Legend Bracelet,≤100
113666459994300,Big Dan Rodimer for Congress,RODIMER FOR CONGRESS,≤100
1338822066131069,Women's March,Women's March,≤100
1128468833877262,Leave It to Kliever - Candidate for North Kingstown Town Council,John Kliever,≤100
143986912311328,University of Vermont Continuing and Distance Education,University of Vermont,≤100
97493741436,John W. Hickenlooper,HICKENLOOPER FOR COLORADO,≤100
1841824626073676,Candace Valenzuela for Congress,CANDACE FOR 24,≤100
348839551906904,Democracy in Color,POWERPAC DOT ORG,≤100
592707041080920,Stand Together,Stand Together Chamber of Commerce Inc.,≤100
102564128179023,Truth to Power,TRUTH TO POWER,≤100
245284549333866,ASMDSS,ASMDSS,≤100
30708742052,FCTRY,FCTRY,≤100
87186661244,Johns Hopkins Bloomberg School of Public Health,Johns Hopkins Bloomberg School of Public Health,≤100
936078336413158,Radiate,"Radiate The World, Inc",≤100
23790541544,Democrats,DCCC,≤100
38471053686,Elizabeth Warren,"WARREN DEMOCRATS, INC.",≤100
1109093812491437,Blaze Media,Blaze Media LLC,≤100
176099072429809,Oceana in Florida,OCEANA,≤100
107210084216238,Humanity Forward,Humanity Forward,≤100
6231686654,Compassion International,"COMPASSION INTERNATIONAL, INCORPORATED",≤100
106224464107240,Jo Jorgensen,Jo Jorgensen for President,≤100
27311599342,Preemptive Love,Preemptive Love Coalition,≤100
1234251319933440,Exclusive Apparel,The Dude's Threads,≤100
496696933682736,Jeff Merkley,JEFF MERKLEY FOR OREGON,≤100
228132537208218,Tammy Duckworth,TAMMY FOR ILLINOIS,≤100
248306181862385,Live Lokai,Denise L Reina,≤100
259212814698356,Democratic Majority for Israel,DMFI PAC,≤100
560140464159364,Stand for the 2nd Amendment,SFT2 Tactical Supply,≤100
159964696102,Kevin McCarthy,KEVIN MCCARTHY FOR CONGRESS,≤100
181183059253295,Dorsal Bracelets,Dorsal Bracelets,≤100
106085647854120,Steve Merolla,Steven Merolla for Rhode Island Senate,≤100
21834534343,Volunteers of America,"VOLUNTEERS OF AMERICA, INC.",≤100
100757504960070,Concealed_Country,Concealed Country,≤100
105456291242733,Cooper Hefner For California,Cooper Hefner For California 2022 Exploratory Campaign,≤100
342887442508723,Convention of States,Convention of States Action,≤100
1526736227567131,TrueCoverage,True Coverage,≤100
46093654473,National Republican Congressional Committee,NRCC,≤100
8321461609,MomsRising.org,MomsRising Together,≤100
21559454473,FAIR,FEDERATION FOR AMERICAN IMMIGRATION REFORM,≤100
934438026690635,YouGov,YOUGOV AMERICA INC.,≤100
2185993931653388,The Recount,"Recount Media, Inc",≤100
2309566456030859,Human Coalition Action,Human Coalition Action,≤100
67626834312,National Women's Law Center,National Women's Law Center,≤100
112635417131908,Jackson Healthcare Heroes - SEIU 1991,Jackson Healthcare Heroes - SEIU 1991,≤100
108118933908193,Next Level Goods,Next Level Goods LLC,≤100
1336293769761923,Jon Ossoff,JON OSSOFF FOR SENATE,≤100
1055873511190792,Hello Resistance,Hello Resistance Apparel,≤100
1799282383731277,TwoSeventy,Alexander Jared Deutsch,≤100
1945649795733674,Big Daddi Dro,These ads ran without a disclaimer,≤100
717417908274761,Lady Freethinker,Lady Freethinker,≤100
1228396643984955,Michelle Steel,Michelle Steel for Congress,≤100
142370046577999,Shahid Buttar for Congress,Shahid Buttar for Congress Committee,≤100
219247332354785,Phil Arballo for Congress,ARBALLO FOR CONGRESS,≤100
13063797831,Ben Ray Luján,PEOPLE FOR BEN,≤100
195530355493,Chicks On The Right,Chicks on the Right,≤100
327837911149503,2A4Life,2A4LIFE LLC,≤100
106645684412573,Cover Air Medical,Cover Air Medical,≤100
265268336865693,Do Amore,Do Amore Limited Company,≤100
149081336362,AmeriCorps VISTA,Corporation for National and Community Service,≤100
8550121410,Free Speech America Project,MEDIA RESEARCH CENTER,≤100
8321461609,MomsRising.org,MomsRising Education Fund,≤100
788394134539871,USPS Business,United States Postal Service,≤100
6333396177,NewsBusters.org,MEDIA RESEARCH CENTER,≤100
466164103423147,Thorn,Thorn with Facebook Ad Credits,≤100
96171427550,Raja for Congress,FRIENDS OF RAJA FOR CONGRESS,≤100
109092142462587,Adam Schiff,SCHIFF FOR CONGRESS,≤100
11791104453,NRDC,Natural Resources Defense Council,≤100
101210588150219,Boy Scouts Abuse Claims,X Social Media LLC,≤100
110468488981853,UNRWA USA,UNRWA USA,≤100
420785874975425,Conservative Institute,The Conservative Institute,≤100
113474173781579,American Apparel AA,Click Wonders,≤100
100798594958887,inseparable,Inseparable Action Inc,≤100
50982313030,Food & Water Watch,Food & Water Watch,≤100
422202764649078,Rhode Island Department of Education - RIDE,Rhode Island Department of Education,≤100
303061950155375,John James,"JOHN JAMES FOR SENATE, INC.",≤100
493811210669780,Creative Action Network,Creative Action Network,≤100
598924810530984,Keeping America Great,FamTeeWorld,≤100
100637888239523,Free Reign For All,Kin Ngai Yeung,≤100
971668776283950,PolicyEd,Hoover Institution,≤100
163001484387282,Jacob N. S. Brier,Friends of Jacob Brier,≤100
21375324480,The Heritage Foundation,HERITAGE FOUNDATION (THE),≤100
296295018082,AARP en Español,AARP,≤100
197760674021143,Indivisible Guide,INDIVISIBLE ACTION,≤100
102875587947942,Keep Trump In Office,Keep Trump In Office,≤100
49651563727,Live Action,Live Action,≤100
104051398040027,CCW Online Now_,Concealed Country,≤100
105566671190013,What We All Need,Patrick Le Tran,≤100
8473889271,National Parks Conservation Association,National Parks Conservation Association,≤100
113702026736466,National Parks Action Fund,National Parks Action Fund,≤100
7962229886,Environmental Working Group,ENVIRONMENTAL WORKING GROUP,≤100
746938465317981,Nuclear Matters,Nuclear Matters,≤100
20876805343,March of Dimes,MARCH OF DIMES INC.,≤100
281884085611820,Tedra Cobb,COMMITTEE TO ELECT TEDRA COBB,≤100
894096170667732,Ashley Hinson,Ashley Hinson For Congress,≤100
103185334702225,Stop Trump PAC,STOP 45 PAC,≤100
53541257714,The Arc of the United States,The Arc with Facebook Ad Credits,≤100
129255907131113,NumbersUSA,NUMBERSUSA EDUCATION AND RESEARCH FOUNDATION,≤100
586751814690068,Joni Ernst,Joni for Iowa,≤100
115617711783870,Center for Union Facts,CENTER FOR UNION FACTS,≤100
118269091671380,The Home T,The Home T,≤100
110177119192569,Knightscope,William Li,≤100
305832706292882,American Gun Association,GunAssociation.org,≤100
169710960125365,Curzio Research,Curzio Research Inc.,≤100
6713653788,Gary Peters,PETERS FOR MICHIGAN,≤100
419237048158257,Susan Collins,COLLINS FOR SENATOR,≤100
181924628560212,SumOfUs,SumOfUs,≤100
210277954204,The Young Turks,"The Young Turks, Inc.",≤100
169130743498585,Tactical Pro Supply,Chad Keller,≤100
55549065733,Voto Latino,VOTO LATINO INC.,≤100
780941275347834,Ilhan Omar,ILHAN FOR CONGRESS,≤100
45393753416,Alliance Defending Freedom,Alliance Defending Freedom,≤100
102375811478152,Evan Lemoine,Friends of Evan Lemoine,≤100
775525186130124,Center for a Free Economy,Center for a Free Economy,≤100
245741028804051,Barbara Sinatra Center,Barbara Sinatra Children's Center,≤100
29770886815,Marijuana Policy Project,Marijuana Policy Project,≤100
293225127381200,Patriot Depot,The Patriot Depot,≤100
5943727453,American Humane,American Humane,≤100
15240089946,Costco,Costco Wholesale,≤100
24982445498,ProQuest,PROQUEST LLC,≤100
105060269781,Premiere Collectibles,"Premiere Marketing, Inc.",≤100
135298176481584,Marine Corps Scholarship Foundation,Marine Corps Scholarship Foundation,≤100
110974960642149,Proudly American,Grant Alan Johnston,≤100
405469100189512,Still My President - Donald Trump,Red State Politics LLC,≤100
376776419037747,Turning Point USA,Turning Point USA,≤100
100119981671668,Blue Senate,BLUE SENATE PAC,≤100
107589664099282,Stand Up To China,"Stand Up To China, Inc.",≤100
55549065733,Voto Latino,Voto Latino with Facebook Ad Credits,≤100
217976018236954,OutKick,Outkick Media LLC,≤100
19342050934,Leadership Institute,LEADERSHIP INSTITUTE INC,≤100
282861997886,Majority Leader Steny Hoyer,House Majority Leader Steny Hoyer (MD05),≤100
281844617168,Jewish Voice Ministries International,JEWISH VOICE MINISTRIES INTERNATIONAL,≤100
102096261303949,Stuart Wilson for RI,COMMITTEE TO ELECT STUART WILSON,≤100
172758932738142,PhRMA,PHARMACEUTICAL RESEARCH AND MANUFACTURERS OF AMERICA,≤100
601108943431836,The Flip Side,TFS Inc,≤100
103685974471159,Robert Ferri for Cranston,Friends of Robert Ferri,≤100
83290028957,Care Net,CARE NET,≤100
1653251174924652,Fuzzu,Fuzzu,≤100
612701059241880,Latinos for Trump,TRUMP MAKE AMERICA GREAT AGAIN COMMITTEE,≤100
706716899745696,Women for Trump,TRUMP MAKE AMERICA GREAT AGAIN COMMITTEE,≤100
29008276590,The Salvation Army Greater New York Division,The Salvation Army,≤100
103235554648484,Elect Scientists,314 ACTION FUND,≤100
683872625157265,Theresa Greenfield,THERESA GREENFIELD FOR IOWA,≤100
110746996993983,The 'Gander Newsroom,"Courier Newsroom, Inc.",≤100
30914589895,The International Fellowship of Christians and Jews,"INTERNATIONAL FELLOWSHIP OF CHRISTIANS & JEWS, INC.",≤100
1079789672084038,SimonBooks,Simon & Schuster,≤100
745910525468062,National Center on Sexual Exploitation,National Center on Sexual Exploitation,≤100
103644036958,United Association,United Association Political Education Committee,≤100
249455845761285,Lindsey Must Go,LMG PAC,≤100
879713932236690,Gregory Mancini for Town Council,Friends of Gregory Mancini,≤100
115364585711,Lawyers' Committee for Civil Rights Under Law,Lawyers' Committee for Civil Rights Under the Law with Facebook Ad Credits,≤100
107953199261156,ifaw,"INTERNATIONAL FUND FOR ANIMAL WELFARE, INC.",≤100
17432811417,Working Families Party,Working Families Party National Independent Expenditure Committee,≤100
356482637745012,Stansberry Research,Stansberry Research,≤100
6756153498,Mike Bloomberg,Mike Bloomberg,≤100
306082439558656,KRAUSE & KINSMAN LAW FIRM,Krause & Kinsman Law Firm,≤100
124530924015,Hank Gilbert,HANK GILBERT FOR CONGRESS,≤100
311109592866662,Fund Our Future,Massachusetts Education Justice Alliance,≤100
56332452163,AMA Patients Action Network,American Medical Association,≤100
105060677844787,Bill Savings,Bill Savings,≤100
73970658023,International Rescue Committee,International Rescue Committee,≤100
186932688457686,CHNGE,CHNGE,≤100
142992759853421,Be A Hero,BE A HERO PAC,≤100
673117639774135,Gretchen Whitmer,Gretchen Whitmer for Governor,≤100
360424321432255,Doha Debates,Doha Debates,≤100
69983322463,Ted Cruz,TED CRUZ FOR SENATE,≤100
104504438466,Federal Voting Assistance Program - FVAP,Federal Voting Assistance Program,≤100
103203971274743,Vairma/Herrera 2021 - Teamster Power Slate,Vairma 2021 Teamster Power Slate,≤100
2339203789732156,Kim Mangone for Congress,COMMITTEE TO ELECT KIM MANGONE FOR CONGRESS,≤100
1074038989427313,Talcum Powder Alert,These ads ran without a disclaimer,≤100
166166843531258,National Council of Resistance of Iran - شورای ملی مقاومت ایران,MEK-Iran (Saeid Saadati),≤100
541807025833154,Malala Fund,Malala Fund,≤100
100503184678036,BioLargo Water Inc.,"BioLargo, Inc.",≤100
219224241438635,Compassion & Choices,COMPASSION & CHOICES,≤100
101481584557260,Help Asheville Bears-HAB,Heather Christina Williams,≤100
177406842290394,UNAP,United Nurses and Allied Professionals,≤100
1653885501501009,Propeller,Propeller Enterprises,≤100
109379100777665,Patriotism Isn't Dead,Patriot Polling,≤100
134452023239984,Human Coalition,Human Coalition,≤100
105536127617594,The American Digest,The American Digest,≤100
176466646087311,DC Fawcett,Donald Chappell Fawcett,≤100
27544763621,Prison Fellowship,Prison Fellowship,≤100
223008867858902,American Action News,American Action News,≤100
131217580266597,National Council on Aging,"NATIONAL COUNCIL ON AGING, INC.",≤100
101324451668413,Hot US Gears,Click Wonders,≤100
366351973736242,Red Rock Secured,Red Rock Secured,≤100
551158678560402,Epimonia,Epimonia LLC,≤100
607626319739286,Black Voices for Trump,TRUMP MAKE AMERICA GREAT AGAIN COMMITTEE,≤100
112431050497386,Patriotism For Life,Vivian Lam Nguyen,≤100
101136147910784,Represent Justice,Represent Justice,≤100
950998258312654,Knowhere,"Knowhere, Inc.",≤100
111023584012681,Open Road Homeward,Samantha Lyn Weldon,≤100
106094077803532,Our National Family,Patrick Le Tran,≤100
103801844298982,Team Collins,COLLINS FOR SENATOR,≤100
104934207736995,Paycheck to Paycheck,Center for American Progress Action Fund,≤100
530604487365010,Old Glory Flagpole Kits,Service First Flag Poles,≤100
58736997707,Marco Rubio,Marco Rubio for Senate,≤100
1852520761657982,4ocean,4ocean,≤100
115757826468774,Statsigo,Statsigo,≤100
485980975070908,Abigail Spanberger,SPANBERGER FOR CONGRESS,≤100
7219151423,The Fund for American Studies (TFAS),The Fund for American Studies,≤100
420756238503932,Your American Flag Store,Your American Flag Store,≤100
253791814655400,Doug Collins,"COLLINS FOR SENATE, INC.",≤100
458928061510318,Rita Hart for Iowa,RITA HART FOR IOWA,≤100
935745513177754,Elect David Norton - Mayor of Pawtucket,David F Norton,≤100
24481937944,Theodore Roosevelt Conservation Partnership,"THEODORE ROOSEVELT CONSERVATION PARTNERSHIP, INC",≤100
2165983337048601,LeverforChange,Lever for Change,≤100
6165653060,AFSCME,AMERICAN FEDERATION OF STATE COUNTY & MUNICIPAL EMPLOYEES,≤100
130467958471,Jason Lewis,Jason Lewis for Senate,≤100
153678684700451,American Investment Council,AMERICAN INVESTMENT COUNCIL,≤100
1600352356914768,PushBlack,PushBlack,≤100
104505064408799,Cove USA,"Cove USA, LLC",≤100
114625730266879,Republican Voters Against Trump,Defending Democracy Together,≤100
2259323457517498,Abolish the Electoral College,ABOLISH THE ELECTORAL COLLEGE,≤100
103015757910253,Carbone for Cranston 2020,Carbone for Cranston,≤100
911828698840246,ReLEntless Defender Apparel,ReLEntless Defender Apparel,≤100
166618413413767,Jay Sekulow,American Center for Law and Justice,≤100
814260155318929,The Fairness Project,The Fairness Project,≤100
111702860231554,Matt Lieberman,Matt Lieberman for Senate,≤100
664200923596900,Sustain,Grove Collaborative,≤100
108787102511638,Rhode Island Sea Grant,Rhode Island Sea Grant,≤100
128958937175029,Trivia Today,Benjamin Aaron Perlman,≤100
15041226930,Oxfam,"OXFAM AMERICA, INC.",≤100
51379424899,Mercy Ships,MERCY SHIPS INTERNATIONAL,≤100
107053850885866,The Wallet Guru,These ads ran without a disclaimer,≤100
2078647579047586,Project Pulso,Project Pulso,≤100
110849485902,United Way,United Way Worldwide with Facebook Ad Credits,≤100
403716816314673,Lee Saunders,AMERICAN FEDERATION OF STATE COUNTY & MUNICIPAL EMPLOYEES,≤100
342294162453301,Planned Parenthood,These ads ran without a disclaimer,≤100
747436915270894,Congressional Leadership Fund,CONGRESSIONAL LEADERSHIP FUND,≤100
111970730196550,World War Zero,AMERICAN SECURITY PROJECT,≤100
113676922032321,Larry Elder,Salem Media,≤100
892335060832615,IFSI - Immigrant Family Services Institute-USA,Immigrant Family Services Institute Inc,≤100
383677738397139,Association for Accessible Medicines,Association for Accessible Medicines,≤100
655065784538368,PredictIt,"PredictIt - Prediction Markets. A project of Victoria University of Wellington, PredictIt has been established to facilitate research into the way markets forecast events.",≤100
1452551204988299,GoReact,Speakworks Inc,≤100
189452770432,Women's Campaign Fund,WOMENS CAMPAIGN FUND INC,≤100
10150100007820094,Wendy Davis,WENDY DAVIS FOR CONGRESS,≤100
375760676281438,Mermaid Straw,Mermaid Straw,≤100
124626320898336,Catholic Extension,"CATHOLIC CHURCH EXTENSION SOCIETY OF THE UNITED STATES OF AMERICA, THE",≤100
10498053716,Media Research Center,MEDIA RESEARCH CENTER,≤100
100401327980848,National Parents Union,National Parents Union,≤100
896759427103774,Modern Medicaid Alliance,Modern Medicaid Alliance,≤100
111237577031486,AquiPor Technologies,William Powers,≤100
587676831343390,Raheem AI,RAHEEM AI,≤100
396932197039819,SafeSleeve,"SafeSleeve, LLC",≤100
868405419972384,The Outrage,The Outrage,≤100
184731548554164,PL+US,Plus Fund: Paid Leave for the United States,≤100
543055672532190,ConnecticutEast,Brian Scott-Smith - Broadcaster,≤100
412739549455010,Karena Reiter,PrimaDonna Reeds,≤100
207549645977714,Families Belong Together,Families Belong Together,≤100
1947525322184514,One Fair Wage,One Fair Wage,≤100
1628679613829742,Josh Hicks,Josh Hicks for Congress,≤100
443329669123990,USAFacts,USAFacts Institute,≤100
2377166239179411,Nancy Goroff for Congress,Goroff for Congress,≤100
742432405855905,Sunshine Cathedral,Darren Orlando Loli,≤100
1402827079932843,Low Income Relief,The Lighthouse Information Network LLC,≤100
104684067632334,Unite the Country,UNITE THE COUNTRY,≤100
419992651425033,Guardianes del Pueblo-Consumer Law Group,Consumer Law Group,≤100
141692255929599,Democratic Socialists of America,DEMOCRATIC SOCIALISTS OF AMERICA INC,≤100
257019421075897,Cory Gardner,Cory Gardner for Senate,≤100
106487520883333,Cardinal & Pine,"Courier Newsroom, Inc.",≤100
79820371749,Ayanna Pressley,THE COMMITTEE TO ELECT AYANNA PRESSLEY,≤100
116688383113415,Ray Sandelli,"Ray Sandelli, Republican, For Lee County Commission District 3",≤100
2049170775107862,Resistance By Design,Resistance By Design,≤100
350784278974539,Turning Point Action,Turning Point Action,≤100
28446275521,Military Officers Association of America (MOAA),Military Officers Association of America,≤100
344690446467832,The Copper Courier,"Courier Newsroom, Inc.",≤100
290851614930809,Combat AntiSemitism,Combat Anti-Semitism,≤100
260754507296508,The Voter Participation Center,Voter Participation Center,≤100
169277310432049,"Texas Precision Optics, Inc.",Texas Precision Optics Inc,≤100
373980880018659,Congresswoman Abigail Spanberger,the Office of Rep. Spanberger,≤100
103557118005382,Live Action Español,Live Action,≤100
203550842430,Mike Lee,FRIENDS OF MIKE LEE INC,≤100
503216076528757,Breaking Through,Crimson Steep Solano,≤100
102180301437619,2020 American Defense Fund,C3 PAC,≤100
174467403129304,Yoopine,Yoopine Inc.,≤100
291102898490822,Giant Maga Hat,Inventors club LLC,≤100
166738743732702,All Above All Action,All Above All Action Fund,≤100
1530883997194411,United States Constitution,Flag and Cross,≤100
7209432197,Chris Coons,CHRIS COONS FOR DELAWARE,≤100
514167322309353,Dan Crenshaw,Dan Crenshaw for Congress,≤100
198875903295,Trek Bicycle,TREK BICYCLE CORPORATION,≤100
329284771298646,Issue One Action,Issue One Action,≤100
174046949421616,Phenomenal Woman Action Campaign,Phenomenal Woman Action Campaign,≤100
102959799834968,Diane Mitsch Bush for Colorado,DIANE FOR COLORADO CD3,≤100
357554791340788,Liker,Omar Rivero,≤100
260061455598,Alan Khazei,KHAZEI FOR CONGRESS,≤100
123624513983,The Western Journal,The Western Journal,≤100
106323360959211,Patriots Republic,Matthew James Stine,≤100
5887538795,Education Week,Education Week,≤100
109962170672116,Coalition for Affordable Dental Access,High View Strategies,≤100
108173075911611,National Association of Letter Carriers,National Association of Letter Carriers,≤100
13885075114,Action Against Hunger USA,ACTION AGAINST HUNGER - USA,≤100
1765073800454902,Reform Austin,Reform Austin Inc.,≤100
108286304249308,Hot Topics Daily,Gold Sky Ventures LLC,≤100
309993142375589,Joe Kennedy III,KENNEDY FOR MASSACHUSETTS,≤100
592347634460462,Partnership for America's Health Care Future,Partnership for America's Health Care Future,≤100
108220160978728,Together We Stand Strong,Vivian Lam Nguyen,≤100
1389807071117013,Lynn Afendoulis,Lynn Afendoulis for Congress,≤100
350692761610088,Matt Cartwright for U.S. Congress,CARTWRIGHT FOR CONGRESS,≤100
1730309670590318,Acosta for RI,Friends of Jonathon Acosta,≤100
106003594486756,Standing Up Together,Annie Wang,≤100
130945114804,World Jewish Congress,WORLD JEWISH CONGRESS AMERICAN SECTION INC,≤100
277414242013,Joyce Elliott for Congress,JOYCE ELLIOTT FOR CONGRESS,≤100
121033149320,American Indian College Fund,"AMERICAN INDIAN COLLEGE FUND, THE",≤100
100725321703478,JS Range Gear,These ads ran without a disclaimer,≤100
100233228182981,Madison Cawthorn for Congress,CAWTHORN FOR NC,≤100
105849717625995,Ben Sigel for Congress,BEN SIGEL FOR CONGRESS,≤100
138141366212571,Gravis Marketing,GRAVIS MARKETING INC.,≤100
315151565831,Ascension,Ascension Press,≤100
518194348194441,RepresentUs,RepresentUs,≤100
1084856268238034,Trump Talking,Roberto None Lugo,≤100
104051398040027,CCW Online Now_,Amil Esmailpour,≤100
243510442756370,Justice Democrats,JUSTICE DEMOCRATS PAC,≤100
953113491536337,Black to the Future Action Fund,Black to the Future Action Fund,≤100
653079394725698,Aspiration,Aspiration,≤100
1439364926329185,Animal Matters,Animal Matters,≤100
281835005264380,Eric Swalwell,SWALWELL FOR CONGRESS,≤100
103335911290689,Joe Gravellese for State Representative,The Committee to Elect Joseph Gravellese,≤100
388547605724,Richard Neal,RICHARD E NEAL FOR CONGRESS COMMITTEE,≤100
112974563687584,Robert Kiyosaki - The Rich Dad Poor Dad Letter,Long Form Creative Co.,≤100
438678183588710,Ihssane For Congress,IHSSANE FOR CONGRESS,≤100
463095630924391,US Business Funding,Credox,≤100
1819658374974706,Arena,Arena PAC,≤100
19474609238,Mercatus Center at George Mason University,Mercatus Center at George Mason University,≤100
102499901286348,Bold Vision P.C.,Bold Vision PC,≤100
221401431386940,Pramila Jayapal,PRAMILA FOR CONGRESS,≤100
105739877870249,Positivity Ave,These ads ran without a disclaimer,≤100
331037760381749,Sierra Magazine,SIERRA CLUB,≤100
108296990863730,Hero Action Fund,Hero Action Fund,≤100
1658135304460341,MANG,MANG,≤100
15351475322,Cathy McMorris Rodgers,Cathy McMorris Rodgers for Congress,≤100
101459098271864,Vets United,Korie Lynn Padgett,≤100
112735922758892,Charlie Kirk,Charlie Kirk,≤100
140357056032320,NEA Today,National Education Association,≤100
100906591716189,Beyond Patriots,Priscilla Bethany Kennedy,≤100
615854911830541,Shore Buddies,Malte Niebelschetz,≤100
106333028376,"Nichols Kaster, PLLP",Nichols Kaster PLLP,≤100
111506250582498,Keeping Our Homes Safe,Steve San,≤100
114386721939978,The Made in America Store,Made In America Store,≤100
104667417857551,United Association LLC,United Association LLC,≤100
384557995468219,Viral Casez,Viral Casez,≤100
175797376373,"WaterFurnace Geothermal Heating, Cooling & Hot Water","WATERFURNACE INTERNATIONAL, INC.",≤100
1784991421516214,Seek Refuge,Seek Refuge,≤100
16534314739,Facing History and Ourselves,"FACING HISTORY AND OURSELVES NATIONAL FOUNDATION, INC.",≤100
810122486032496,Jackie Gordon,JACKIE GORDON FOR CONGRESS,≤100
203330919857759,All On The Line,National Redistricting Action Fund,≤100
206677396413254,Abortion On Our Own Terms,Abortion On Our Own Terms,≤100
1438882392887793,ADF Church Alliance,Alliance Defending Freedom,≤100
192771954102960,Jordan Sekulow,American Center for Law and Justice,≤100
21395843375,Dialysis Patient Citizens,DIALYSIS PATIENT CITIZENS INC,≤100
246846192720018,War On Our Future,The Years Project,≤100
142288373333,HIMSS,HIMSS,≤100
237477017606,Club for Growth,Club for Growth,≤100
105010030848236,Bryant Cameron Webb,DR. CAMERON WEBB FOR CONGRESS,≤100
117641114435,First Aid Beauty,First Aid Beauty,≤100
109360297266116,Fearless Patriot,TERESA NONE OHARA-MARSH,≤100
205395906412,UAW International Union,"INTERNATIONAL UNION, UNITED AUTOMOBILE, AEROSPACE AND AGRICULTURAL IMPLEMENT WORKERS OF AM",≤100
173837496125511,Conscious Step,Conscious Step,≤100
34701792581,EWTN,Eternal Word Television Network,≤100
346390085432744,Sean Patrick Maloney,SEAN PATRICK MALONEY FOR CONGRESS,≤100
856208611420219,Christina Finello,FINELLO FOR CONGRESS,≤100
44340057816,Uncommon Goods,UncommonGoods,≤100
521924961194913,Bruce Westerman,Westerman for Congress,≤100
131306317680000,Social Goods,"Social Goods, LLC",≤100
248181906078243,National Institute for Civil Discourse,CommonSense American,≤100
61265398450,AmeriCorps NCCC,Corporation for National and Community Service,≤100
111912787137861,The Green Bundle,The Green Bundle,≤100
118670689926309,Debt Relief Secrets,Debt Relief Secrets,≤100
711909245654048,National Police Support Fund,National Police Support Fund,≤100
130234313704399,United We Dream,UNITED WE DREAM NETWORK INC,≤100
122894447754361,Institute for New Economic Thinking,"INSTITUTE FOR NEW ECONOMIC THINKING, THE",≤100
232201568659,Pacific Justice Institute,PACIFIC JUSTICE INSTITUTE,≤100
1747132688647028,Democratic Association of Secretaries of State,Democratic Association of Secretaries of State,≤100
100697751658498,Stronger.org,Christopher Michael Norris,≤100
308159713150350,Voter Protection Project,VOTER PROTECTION PROJECT,≤100
169597416843751,Stand Up America,Stand Up America,≤100
430007997047291,Credible,These ads ran without a disclaimer,≤100
210357995667559,The National Memo,The National Memo,≤100
149366465128820,Nicole Galloway,Nicole Galloway for Missouri,≤100
235762319779450,Omar Navarro,OMAR NAVARRO FOR CONGRESS,≤100
317284821682168,Messianic Jewish Alliance of America (MJAA),Messianic Jewish Alliance of America,≤100
95483488591,Democratic Party of Wisconsin,DEMOCRATIC PARTY OF WISCONSIN,≤100
117058854998779,The Gideons International,"GIDEONS INTERNATIONAL, THE",≤100
1640970822834351,Plaine Products,Plaine Products,≤100
101252258324890,The Con,Abramorama Inc.,≤100
345378512258813,Elise Stefanik,ELISE FOR CONGRESS,≤100
427302110732180,Mike Cernovich,Michael C Cernovich,≤100
8895898655,Rainforest Alliance,"RAINFOREST ALLIANCE, INC.",≤100
32975139631,If Americans Knew,If Americans Knew,≤100
410825846009652,Commune,"Commune Media, Inc.",≤100
456262374764387,Voters Not Politicians,Voters Not Politicians,≤100
113223650193301,MAGA REVOLUTION,Apse Media LLC,≤100
106949844346620,Trumpian Republicans,Gregory Lawrence Burright,≤100
109678580574253,Politicool Clothing Co.,PolitiCoolClothing.com,≤100
224684514243482,Tom Cotton,"COTTON FOR SENATE, INC.",≤100
7292655492,MoveOn,MOVEON.ORG CIVIC ACTION,≤100
723136714746586,The Common Ground Project,"The Common Ground Project, Inc",≤100
1097705673681501,Adam Scanlon,The Committee to Elect Adam Scanlon,≤100
100391581727524,Defeat By Tweet,DEFEAT BY TWEET,≤100
114971076538782,The Keystone,"Courier Newsroom, Inc.",≤100
101352851565699,Somos PAC,SOMOS PAC,≤100
679171239164792,Supermajority,Supermajority,≤100
102014711563342,LGBT Pride Connect,These ads ran without a disclaimer,≤100
455147011996099,The Ann and Phelim Scoop,The Unreported Story Society,≤100
112600915451330,No Labels,No Labels,≤100
470241276500901,Women Vote,WOMEN VOTE!,≤100
316887658336677,My Control Card,"NETSPEND HOLDINGS, INC.",≤100
325578590837480,Obamacare,Sixteen Thirty Fund,≤100
1634651343331439,Project Wren,Landon Brand,≤100
357750373755,National Domestic Workers Alliance,National Domestic Workers Alliance,≤100
5633824547,FreedomWorks,"FREEDOMWORKS, INC.",≤100
1925751504337881,MJ Hegar,MJ FOR TEXAS,≤100
1545826148838592,Trump 2020,Gregory Lawrence Burright,≤100
17203056985,Partners In Health,Partners In Health,≤100
114885646899438,Mr. 45th,Clush,≤100
111163637324238,BA Apparel,Michael Seth Weathers,≤100
106756327769815,Stand For The Promise,Stand For The Promise,≤100
44255328352,Farm Forward,Farm Forward,≤100
61288747990,Real Warriors,Real Warriors Campaign,≤100
361960287311696,Better Medicare Alliance,"Better Medicare Alliance, Inc",≤100
167139593306791,ACLU of Michigan,AMERICAN CIVIL LIBERTIES UNION,≤100
96315553086,Crop Insurance Keeps America Growing,National Crop Insurance Services,≤100
1818137318253942,Martha Marx For CT,MARTHA 2020,≤100
1551109418518461,The Honest Patriot,Amundson Media LLC,≤100
114822686979118,Daily Saver,Smart Market Tips,≤100
979720542211350,Humanize Being Black,Keyshun Quantarious Holmes,≤100
107150077720746,American Collectibles,Proud Patriots,≤100
183424985463330,Joe Cunningham,JOE CUNNINGHAM FOR CONGRESS,≤100
11111618026,Union of Concerned Scientists,"UNION OF CONCERNED SCIENTISTS, INC.",≤100
50711561090,Muslim Advocates,MUSLIM ADVOCATES,≤100
100101018155207,Paid Leave for All,Paid Leave for All a project of Hopewell Fund,≤100
157810487611661,Freethink,Freethink,≤100
103162411257510,Trumplican,USA Movements,≤100
295533050495998,Abogado de Inmigracion Jorge Rivera - Immigration Group LLC,Michael A Castillo,≤100
159597424207730,David Perdue,PERDUE FOR SENATE,≤100
300992409852,Hoover Institution,Hoover Institution,≤100
808450969246896,"Rebecca Walser, Tax Attorney, CFP",These ads ran without a disclaimer,≤100
104346771140701,Kevin O'Connor for US Senate,Kevin O’Connor for US Senate,≤100
1945237355733646,Giving Brush,Giving Brush LLC,≤100
102617961152741,Barbara Bollier,BOLLIER FOR KANSAS,≤100
138305018322,RHODE ISLAND PROFESSIONAL LATINOS ASSOCIATION,Rhode Island Professional Latino Association,≤100
104243792943104,Saybrook University,TCS Education System,≤100
1667892193505378,Hold the House,HOLD THE HOUSE PAC,≤100
143729616392084,Van Drew for Congress,Van Drew for Congress,≤100
1099478666810053,Meals For Pets,Meals for Pets,≤100
374848446414965,Pollking,Benjamin Aaron Perlman,≤100
839073729808623,Hillary Scholten,SCHOLTEN FOR CONGRESS,≤100
1297437463649811,by Humankind,These ads ran without a disclaimer,≤100
2037695643113766,Blexit,Blexit Foundation,≤100
593289284500311,Trump Rack,BOXD Marketing,≤100
1539034282981202,Virtual Strides,These ads ran without a disclaimer,≤100
42872222699,Dana Loesch,Dana Loesch Radio,≤100
408250066356,Bill O'Reilly,"Bill Me, Inc.",≤100
101174331629641,Ring The Alarm,RingTheAlarm.US,≤100
105608381208028,Chris Simpkins for North Smithfield Town Council,Christopher P Simpkins,≤100
108512875350,The Atlas Society,The Atlas Society,≤100
808450969246896,"Rebecca Walser, Tax Attorney, CFP",Walser Wealth Management,≤100
1934191280189700,Health Care Voter,Health Care Voter,≤100
9423488774,American Wind Energy Association (AWEA),AMERICAN WIND ENERGY ASSOCIATION,≤100
394817334402124,2020 Trump Bill,Innovative Ecomm LLC,≤100
1268410219898273,Tango Tango,Tango Tango Inc,≤100
118502801658228,Young Kim,Young Kim for Congress,≤100
72186095846,Center For American Progress Action Fund,Center for American Progress Action Fund,≤100
2264090133834042,Invite Research,Precision Network,≤100
102636677971854,Trump Is The Storm,Legendary Trump Coins,≤100
109243500822158,The Greater Brand,Benjamin Pendera Ijah,≤100
714227512101604,Carolyn Long,ELECT CAROLYN LONG,≤100
1679521432262834,Physicians Grassroots Network,American Medical Association,≤100
519590768083165,Abby Finkenauer for Congress,FINKENAUER FOR CONGRESS,≤100
101690998009007,Improving Life Through Health,Nicolette Dalan,≤100