﻿Location Name,Amount Spent (USD)
Alabama,44366
Alaska,10865
American Samoa,≤100
Arizona,154804
Arkansas,22791
California,367203
Colorado,149877
Connecticut,28484
Delaware,10072
Florida,290254
Georgia,97915
Guam,412
Hawaii,11138
Idaho,14017
Illinois,106292
Indiana,51677
Iowa,35025
Kansas,28911
Kentucky,38763
Louisiana,47530
Maine,31760
Maryland,60910
Massachusetts,63400
Michigan,186684
Minnesota,53700
Mississippi,22534
Missouri,54369
Montana,19888
Nebraska,14468
Nevada,29982
New Hampshire,13918
New Jersey,99252
New Mexico,22759
New York,231076
North Carolina,152858
North Dakota,5215
Northern Mariana Islands,≤100
Ohio,99128
Oklahoma,66806
Oregon,44484
Pennsylvania,184150
Puerto Rico,2225
Rhode Island,8726
South Carolina,49071
South Dakota,6455
Tennessee,61773
Texas,298214
Unknown,≤100
Utah,53091
Vermont,6839
Virgin Islands (U.S.),101
Virginia,85100
Washington,76384
"Washington, District of Columbia",24397
West Virginia,15682
Wisconsin,91185
Wyoming,5643