﻿Page ID,Page Name,Disclaimer,Amount Spent (USD)
153080620724,Donald J. Trump,TRUMP MAKE AMERICA GREAT AGAIN COMMITTEE,9933
111393882812494,Amy McGrath,"AMY MCGRATH FOR SENATE, INC.",8413
1771156219840594,Team Trump,TRUMP MAKE AMERICA GREAT AGAIN COMMITTEE,4557
259130650776119,Mitch McConnell,MCCONNELL SENATE COMMITTEE,3416
20531316728,Facebook App,"Facebook, Inc.",3041
925007000949719,ExxonMobil,Exxon Mobil Corporation,2549
1439829396312534,The Movement for Black Lives,Movement for Black Lives,2500
7860876103,Joe Biden,BIDEN VICTORY FUND,2136
916623425064173,One Nation,One Nation,1406
1615018905412860,Progressive Turnout Project,PROGRESSIVE TURNOUT PROJECT,1240
1635441679872518,Kimberly Klacik,Kim Klacik for Congress,986
109420333746226,Brad Barron,Brad Barron for US Senate,980
6726182861,Mike Pence,TRUMP MAKE AMERICA GREAT AGAIN COMMITTEE,873
108824017345866,Facebook,"Facebook, Inc.",852
172758932738142,PhRMA,PHARMACEUTICAL RESEARCH AND MANUFACTURERS OF AMERICA,778
156968474833352,Stop Republicans,Stop Republicans,767
791543660926838,"I'll go ahead and keep my guns, Thanks",2A4LIFE LLC,576
9324910069,NRSC,NRSC,524
2283535575207809,Ditch Mitch,DITCH FUND,502
101279451606075,Democratic Strategy Institute,Democratic Strategy Institute,426
104920841191292,Kentucky Department for Public Health,Kentucky Department for Public Health,397
665345483483486,NRA - National Rifle Association of America,NATIONAL RIFLE ASSN OF AMERICA,396
14856729724,Gap,Gap Inc,376
202626512363,U.S. Census Bureau,U.S. Census Bureau,368
18982436812,ACLU,American Civil Liberties Union,367
127225910653607,PragerU,PragerU,349
96935476345,Democratic Governors Association (DGA),Democratic Governors Association,342
104856814505092,The Kids Guide,The Kids Guide,313
127755494595870,Progressive Takeover,PROGRESSIVE TAKEOVER,300
102563281572515,Keep America Great,RightWingGear.com,288
115985765081573,Campaign Legal Center,"CAMPAIGN LEGAL CENTER, INC, THE",285
260754507296508,The Voter Participation Center,Voter Participation Center,281
112694470356789,Trumpcare For America,Stuart Joseph Millar,279
108794587327155,Good Programs 2020,Trevor Dale Seaks,257
165987503528599,Lindsey Graham,"TEAM GRAHAM, INC.",256
328853823844484,Balance of Power,Balance of Power,248
747436915270894,Congressional Leadership Fund,CONGRESSIONAL LEADERSHIP FUND,243
129203152966,Andy Barr,"Andy Barr for Congress, Inc.",238
105756057589080,The Lincoln Project,The Lincoln Project,236
21472760578,C-SPAN,C-SPAN,226
2352630938293825,Mytacticalpromos,Entremax,220
934438026690635,YouGov,YOUGOV AMERICA INC.,210
81185680159,Kentuckians For The Commonwealth,KENTUCKIANS FOR THE COMMONWEALTH,209
1674840839435526,Fleming for Kentucky,Ken Fleming,203
103730928025980,Safe and Sound In 2020,Kin Ngai Yeung,194
158791100909689,Concerned Veterans for America,Concerned Veterans for America,192
7860876103,Joe Biden,BIDEN FOR PRESIDENT,179
36160848633,PicturesOnGold.com,Daniel F Schifter,178
439466446237183,Retirement You Workshops,Retirement You,173
24330467048,Americans for Prosperity,AMERICANS FOR PROSPERITY,172
92925746942,Judicial Watch,Judicial Watch,169
7976226799,The Daily Show,Comedy Central,164
57259033959,AARP,AARP,162
828902563856302,Chuck Schumer D-NY,FRIENDS OF SCHUMER,155
1628679613829742,Josh Hicks,Josh Hicks for Congress,153
100369291746868,Re-Elect Councilman Scott Reed,Friends for Scott Reed,149
205395906412,UAW International Union,"INTERNATIONAL UNION, UNITED AUTOMOBILE, AEROSPACE AND AGRICULTURAL IMPLEMENT WORKERS OF AM",138
700806360047982,CFG Action,Club for Growth Action,137
176789922364429,Steve Daines,STEVE DAINES FOR MONTANA,137
106244251043808,Reuse Plastics,"AMERICAN CHEMISTRY COUNCIL, INC.",133
314499212242,Pfizer,Pfizer Inc.,131
51405613519,Focus on the Family,Focus on the Family,129
2353537341582545,Proud Patriots,Proud Patriots,126
618480098621142,Social Security Event,Robert Jared Wilkins,124
6204742571,Sierra Club,SIERRA CLUB,123
105577974544303,The USA Needs More Patriots,AmeriPolling,123
1528980567353817,Love Has No Labels,Love Has No Labels with Facebook Ad Credits,119
120372738138649,LG&E and KU,LG&E AND KU ENERGY LLC,117
137737302951973,Kentucky Center for Economic Policy,MOUNTAIN ASSOCIATION FOR COMMUNITY ECONOMIC DEVELOPMENT INC,114
737686089933715,Conservative Collections,Mainline Media Group,114
100137754724934,Trump 2020 Supporters,Proud Right Winger,114
25852730092,Care2,Care2 Inc,109
1536224546606718,Comer for Congress,COMER FOR CONGRESS,105
1374134752633656,New Health Plans,Shop Insurance Plans,103
114710126648118,Republican Dogs,Republican Dogs,103
671212273351891,Hunt Rounsavall for State Rep,Hunt Rounsavall for House,103
163148530407080,Captain Mark Kelly,MARK KELLY FOR SENATE,102
103597604713894,Team Trump Store,TRUMP MAKE AMERICA GREAT AGAIN COMMITTEE,101
328072970642479,Jaime Harrison,JAIME HARRISON FOR US SENATE,≤100
717115395103069,PrintedKicks,Printed Kicks,≤100
109379100777665,Patriotism Isn't Dead,Patriot Polling,≤100
168051710543266,Lacy Johnson,Lacy Johnson for Congress,≤100
213792049451918,Stand For America,Stand For America Inc,≤100
830121337093232,National Democratic Training Committee,NATIONAL DEMOCRATIC TRAINING COMMITTEE PAC,≤100
85452072376,Newsmax,Newsmax Media,≤100
106224464107240,Jo Jorgensen,Jo Jorgensen for President,≤100
327837911149503,2A4Life,2A4LIFE LLC,≤100
103036584847574,The Good Neighbor,Brandon Vu,≤100
105577974544303,The USA Needs More Patriots,Anthony Alexander Morales,≤100
2132738093632189,Brock Pierce,BROCK PIERCE FOR PRESIDENT,≤100
278490715553293,Martha McSally,MCSALLY FOR SENATE INC,≤100
1061240530648502,Joe Collins,JOE COLLINS FOR CONGRESS,≤100
1443127535947107,Save the Children Action Network,Save the Children Action Network,≤100
96935476345,Democratic Governors Association (DGA),DEMOCRATIC ACTION,≤100
560140464159364,Stand for the 2nd Amendment,SFT2 Tactical Supply,≤100
1419388578092947,Anna Paulina Luna,ANNA PAULINA LUNA FOR CONGRESS,≤100
602714436529710,End Citizens United,END CITIZENS UNITED,≤100
681745912255844,John Cummings for Congress,CUMMINGS FOR CONGRESS,≤100
342294162453301,Planned Parenthood,Planned Parenthood Federation of America,≤100
193618220508,LIFE Today,LIFE Outreach International,≤100
405469100189512,Still My President - Donald Trump,Red State Politics LLC,≤100
6756153498,Mike Bloomberg,Mike Bloomberg,≤100
305832706292882,American Gun Association,GunAssociation.org,≤100
322551718276442,Lemons Are Blue,Lockwell LLC,≤100
106114264313679,Hunt The Vote,"Hunter Nation, Inc",≤100
5633824547,FreedomWorks,"FREEDOMWORKS, INC.",≤100
834645469890446,Devin Nunes,DEVIN NUNES CAMPAIGN COMMITTEE,≤100
100391581727524,Defeat By Tweet,DEFEAT BY TWEET,≤100
1316372698453411,Alexandria Ocasio-Cortez,Alexandria Ocasio-Cortez for Congress,≤100
5435784683,Greenpeace USA,"GREENPEACE, INC.",≤100
203197030603239,8 Billion Trees,8 Billion Trees LLC,≤100
15188122178,The Hamilton Collection,The Hamilton Collection,≤100
114501575391943,Compare Medicare Quotes,Benepath,≤100
2330577043935831,Sara Gideon,SARA GIDEON FOR MAINE,≤100
7814597100,Jim Jordan for Congress,JIM JORDAN FOR CONGRESS,≤100
108220794333329,The Patriot Trust,Christopher Allen Supek,≤100
839110726214614,Realtors,NATIONAL ASSOCIATION OF REALTORS,≤100
598924810530984,Keeping America Great,FamTeeWorld,≤100
102478061559294,Convention on Founding Principles,Convention on Founding Principles,≤100
108118933908193,Next Level Goods,Next Level Goods LLC,≤100
45393753416,Alliance Defending Freedom,Alliance Defending Freedom,≤100
1883837055193241,Shield Republic,Shield Republic,≤100
17023576156,The Leadership Conference on Civil and Human Rights,The Leadership Conference on Civil and Human Rights,≤100
103929304678916,Voter Action Project,Integrity First Voter Action Project,≤100
461204744067686,Family Protection Association,Family Protection Association,≤100
103315378108004,True Patriot Strength,LE-HUU DONG HUYNH,≤100
49651563727,Live Action,Live Action,≤100
316943515403260,Councilwoman Nicole George,Councilwoman Nicole George District 21,≤100
596556607135301,The Earthling Co.,The Earthling Co.,≤100
309308412520731,Sandy Hook Promise,Sandy Hook Promise,≤100
141757042515611,Veterans for Smart Power,U.S. Global Leadership Coalition,≤100
7292655492,MoveOn,MOVEON.ORG POLITICAL ACTION,≤100
101209614956892,Take A Stand,Andrew Joseph Young,≤100
109304380555160,Mike Eaves for State Representative,Mike Eaves for State Representative,≤100
100475351671536,Cameron Adams for 39th Circuit Judge,Robert Cameron Adams,≤100
122836074546643,Kentucky Senator Chris McDaniel,McDaniel For Senate,≤100
530604487365010,Old Glory Flagpole Kits,Service First,≤100
7483836629,Ancestry,Ancestry.com Operations Inc.,≤100
476079736080232,Derek Lewis KY State Representative,Derek Joel Lewis,≤100
100256754899828,Patriot's Cave,Patriots Cave,≤100
120448873031387,Our United Family,Daniel Wang,≤100
19192438096,AAAS - The American Association for the Advancement of Science,American Association for the Advancement of Science,≤100
223917954303448,Friends of Coal-Kentucky,Friends of Coal-Kentucky,≤100
586751814690068,Joni Ernst,Joni for Iowa,≤100
104614641200137,MeidasTouch,MEIDASTOUCH,≤100
104644481159870,The Mitch McConnell Retirement Committee,Indivisible Project,≤100
111428049989,Cal Cunningham,CAL FOR NC,≤100
8934429638,Planned Parenthood Action,Planned Parenthood Action Fund,≤100
277005566267077,Blueland,Blueland,≤100
355316521236121,John Cornyn,TEXANS FOR SENATOR JOHN CORNYN INC.,≤100
350784278974539,Turning Point Action,Turning Point Action,≤100
1109093812491437,Blaze Media,Blaze Media LLC,≤100
192015461630968,Supporting Our Brave Veterans,James Brian Plouf,≤100
23875187730,Feeding America,Feeding America,≤100
219612384781411,Bloomberg Philanthropies,Bloomberg Philanthropies,≤100
481559282597914,TrumpersUnite,Respect The Look,≤100
167586229923327,World Food Program USA,World Food Program USA,≤100
8492293163,Environmental Defense Fund,Environmental Defense Fund,≤100
30139072158,CARE,CARE,≤100
163302087408673,Stop The Donald,Stop the Donald,≤100
352527958302,Israel on Campus Coalition,Israel on Campus Coalition,≤100
223008867858902,American Action News,American Action News,≤100
8047221596,Save the Children US,"SAVE THE CHILDREN FEDERATION, INC.",≤100
105995741220700,Patriots United,Le Huu Dong Huynh,≤100
56680318666,Illinois Policy,Illinois Policy,≤100
788394134539871,USPS Business,United States Postal Service,≤100
393932827634250,Dissent Pins,Common Practice,≤100
8325302025,Friends of the Earth U.S.,Friends of the Earth,≤100
6231686654,Compassion International,"COMPASSION INTERNATIONAL, INCORPORATED",≤100
309798029121030,Everytown for Gun Safety,Everytown for Gun Safety Action Fund Inc,≤100
7833534974,Florida Democratic Party,Florida Democratic Party,≤100
106663044307859,Mike Sievert,"T-MOBILE USA, INC.",≤100
7263476274,Mercy Corps,Mercy Corps,≤100
116222966843926,US Concealed,US Concealed,≤100
102875587947942,Keep Trump In Office,Keep Trump In Office,≤100
109052277514379,Kentucky Comeback,Kentucky Chamber of Commerce,≤100
117144508670456,GUNVOTE,National Shooting Sports Foundation,≤100
8550121410,Free Speech America Project,MEDIA RESEARCH CENTER,≤100
109111900634787,Reverend Raphael Warnock,WARNOCK FOR GEORGIA,≤100
679171239164792,Supermajority,Supermajority,≤100
101075798356272,ReOpen America Now,Command Center Holdings LLC,≤100
18813753280,Human Rights Campaign,"HUMAN RIGHTS CAMPAIGN, INC",≤100
21375324480,The Heritage Foundation,HERITAGE FOUNDATION (THE),≤100
587560171926370,Small Business Recovery Initiative,"Small Business Recovery Initiative, Inc",≤100
101788168307680,Pause Politics,FreedomWorks Foundation,≤100
46093654473,National Republican Congressional Committee,NRCC,≤100
420785874975425,Conservative Institute,The Conservative Institute,≤100
102212541306207,Self-Employed Health Insurance,GROW with MKG LLC,≤100
108273884315449,Real American Patriot,Gold Sky Ventures LLC,≤100
1079789672084038,SimonBooks,Simon & Schuster,≤100
2309566456030859,Human Coalition Action,Human Coalition Action,≤100
151150549015321,Cunningham for Kentucky,Campaign Fund for Al Cunningham,≤100
105084617912738,PatriotQuizzes,patriotquizzes.com,≤100
977704775606273,Balls Deep Tackle,Balls Deep Tackle,≤100
101690998009007,Improving Life Through Health,Nicolette Dalan,≤100
100150218438227,Samuel Bruce Herald for Circuit Judge - 39th Judicial District,Committee to Elect Herald Circuit Judge,≤100
106667854471975,Outspoken,Log Cabin Republicans,≤100
67596047263,Fairness Campaign,Christzopher Leo Hartman,≤100
21559454473,FAIR,FEDERATION FOR AMERICAN IMMIGRATION REFORM,≤100
419237048158257,Susan Collins,COLLINS FOR SENATOR,≤100
2185993931653388,The Recount,"Recount Media, Inc",≤100
15239367801,The Wilderness Society,"WILDERNESS SOCIETY, THE",≤100
215199482635728,Alek Skarlatos,ALEK FOR OREGON,≤100
443329669123990,USAFacts,USAFacts Institute,≤100
779309092233298,Ben Crump,X Social Media,≤100
113666459994300,Big Dan Rodimer for Congress,RODIMER FOR CONGRESS,≤100
457244081328725,State Representative Tina Bojanowski,Tina Bojanowski for Kentucky House of Representatives District 32,≤100
107210084216238,Humanity Forward,Humanity Forward,≤100
1809078699219595,Fat Tire,"NEW BELGIUM BREWING COMPANY, INC.",≤100
107654924064350,Pat Timmons-Goodson,PATRICIA TIMMONS-GOODSON FOR CONGRESS,≤100
27311599342,Preemptive Love,Preemptive Love Coalition,≤100
1055873511190792,Hello Resistance,Hello Resistance Apparel,≤100
6240652407,Young America's Foundation,YOUNG AMERICA'S FOUNDATION INC,≤100
36474716066,Color Of Change,ColorofChange.org,≤100
103185334702225,Stop Trump PAC,STOP 45 PAC,≤100
2078647579047586,Project Pulso,Project Pulso,≤100
114230073701403,Jetbound Dogs,Miguel Agustin Turk,≤100
101127364972509,Dems For USA,Dems For USA,≤100
296708523873754,Karla Dennis and Associates Inc.,"Karla Dennis & Associates, Inc",≤100
112704783859268,Boy Scouts Abuse Claim Help,X Social Media LLC,≤100
110010433804232,Falkirk Center,Falkirk Center,≤100
72186095846,Center For American Progress Action Fund,Center for American Progress Action Fund,≤100
1836138529938551,Greater Half,Greater Half,≤100
675471506247724,Adair for Congress,ADAIR FOR CONGRESS,≤100
593289284500311,Trump Rack,BOXD Marketing,≤100
361379030380,Centennial Institute,Centennial Institute,≤100
105732744375701,Steve Bullock,MONTANANS FOR BULLOCK,≤100
104910457974220,Pupper Enthusiasts Unlimited,Seanross Michael Holcomb,≤100
1765073800454902,Reform Austin,Reform Austin Inc.,≤100
53541257714,The Arc of the United States,The Arc with Facebook Ad Credits,≤100
1530883997194411,United States Constitution,Flag and Cross,≤100
530604487365010,Old Glory Flagpole Kits,Service First Flag Poles,≤100
629732217415068,Republican Party,Greater Half,≤100
33713453361,Amazon Prime Video,Amazon Prime Video,≤100
104934207736995,Paycheck to Paycheck,Center for American Progress Action Fund,≤100
106949844346620,Trumpian Republicans,Gregory Lawrence Burright,≤100
101210588150219,Boy Scouts Abuse Claims,X Social Media LLC,≤100
605168822998856,314 Action,314 ACTION FUND,≤100
100355778430951,By Our Own Bootstraps,Brandon Vu,≤100
129255907131113,NumbersUSA,NUMBERSUSA EDUCATION AND RESEARCH FOUNDATION,≤100
6820348410,Kirsten Gillibrand,Off the Sidelines,≤100
228754857151053,House Majority PAC,House Majority PAC,≤100
103453544718913,Patriots Together,Anna Kasten Yu,≤100
145288335882139,Chicago City Wire,Local Government Information Services,≤100
102745147891580,Trump Coolers,Eric Clifford Juels,≤100
345378512258813,Elise Stefanik,ELISE FOR CONGRESS,≤100
103911824657671,Health Insurance,Alexander Melen,≤100
262577294462322,Kettle Freaks,Kettle Freaks LLC.,≤100
6500552187,Hulu,"HULU, LLC",≤100
110849485902,United Way,United Way Worldwide with Facebook Ad Credits,≤100
169294473121454,Policetees.com,PoliceTees.com,≤100
79125112926,Students for Life of America,"STUDENTS FOR LIFE OF AMERICA, INC.",≤100
130467958471,Jason Lewis,Jason Lewis for Senate,≤100
104113317870732,Free Markets Destroy,Washington Policy Center,≤100
342887442508723,Convention of States,Convention of States Action,≤100
101481584557260,Help Asheville Bears-HAB,Heather Christina Williams,≤100
166618413413767,Jay Sekulow,American Center for Law and Justice,≤100
114893233534632,Taking Back America,Apse Media LLC,≤100
892673067526965,Project War Path,Project War Path,≤100
107589664099282,Stand Up To China,"Stand Up To China, Inc.",≤100
16477459734,League of Conservation Voters,"LEAGUE OF CONSERVATION VOTERS, INC",≤100
1799282383731277,TwoSeventy,Alexander Jared Deutsch,≤100
585942765164217,Elect Democratic Women,ELECT DEMOCRATIC WOMEN,≤100
137459917707,The Brookings Institution,The Brookings Institution,≤100
118612899940606,Mercer County Solar Project,Mercer County Solar Project,≤100
2012750189007245,Liquid Death Mountain Water,Liquid Death,≤100
1010143499143169,Medicare Savings,"Mayo Labs, LLC",≤100
102137374563260,Confide in American Pride,John Allen Franson,≤100
344698182742317,Jefferson County Clerk's Office,Jefferson County Clerk's Office,≤100
100233228182981,Madison Cawthorn for Congress,CAWTHORN FOR NC,≤100
872842866161157,One Nation Design,One Nation Design,≤100
6333396177,NewsBusters.org,MEDIA RESEARCH CENTER,≤100
106323360959211,Patriots Republic,Matthew James Stine,≤100
114625730266879,Republican Voters Against Trump,Defending Democracy Together,≤100
103644036958,United Association,United Association Political Education Committee,≤100
132492254050920,American AF,AAF Nation,≤100
1194865807192273,Conservative Gear,Outergoods LLC,≤100
1600352356914768,PushBlack,PushBlack,≤100
477871215985975,DC Business Daily,Franklin Archer,≤100
156268994819596,Marc J. Bern & Partners LLP,Marc J. Bern & Partners LLP,≤100
100722328329613,Every Single Vote,Every Single Vote,≤100
109092142462587,Adam Schiff,SCHIFF FOR CONGRESS,≤100
1338822066131069,Women's March,Women's March,≤100
746938465317981,Nuclear Matters,Nuclear Matters,≤100
27544763621,Prison Fellowship,Prison Fellowship,≤100
493811210669780,Creative Action Network,Creative Action Network,≤100
1204754733024419,People's Power Grab,ACRONYM,≤100
680894095682539,Cowboy Life,"Nine Ranch Enterprises, LLC",≤100
197760674021143,Indivisible Guide,INDIVISIBLE ACTION,≤100
317284821682168,Messianic Jewish Alliance of America (MJAA),Messianic Jewish Alliance of America,≤100
209516845093,NRDC Action Fund,NRDC Action Fund,≤100
1859113087545137,Learn Everywhere,"yes. every kid, Inc.",≤100
257019421075897,Cory Gardner,Cory Gardner for Senate,≤100
316887658336677,My Control Card,"NETSPEND HOLDINGS, INC.",≤100
180585928681390,The Dovetail Project,These ads ran without a disclaimer,≤100
120011306310420,Patriots Helping Others,Jae W Seo,≤100
111324359048459,Dr. Roger Marshall,KANSANS FOR MARSHALL,≤100
10423517786,Harvard Business Review,HARVARD BUSINESS SCHOOL PUBLISHING CORPORATION,≤100
1316372698453411,Alexandria Ocasio-Cortez,THE SQUAD VICTORY FUND,≤100
167436749970543,Right to Life of Southwest Indiana,Right to Life of Southwest Indiana,≤100
153678684700451,American Investment Council,AMERICAN INVESTMENT COUNCIL,≤100
1084856268238034,Trump Talking,Roberto None Lugo,≤100
103912504763714,Freedom and Loyalty,Carlos None Leon Trejo,≤100
142992759853421,Be A Hero,BE A HERO PAC,≤100
15687409793,World Wildlife Fund,World Wildlife Fund,≤100
293225127381200,Patriot Depot,The Patriot Depot,≤100
8446177150,Chosen People Ministries,CHOSEN PEOPLE MINISTRIES INC,≤100
1580271308686954,Crystal Chappell for State Representative,Crystal Chappell for State Representative,≤100
149081336362,AmeriCorps VISTA,Corporation for National and Community Service,≤100
10498053716,Media Research Center,MEDIA RESEARCH CENTER,≤100
19554217292,American Heart Association: You're the Cure,American Heart Association,≤100
780941275347834,Ilhan Omar,ILHAN FOR CONGRESS,≤100
592707041080920,Stand Together,Stand Together Chamber of Commerce Inc.,≤100
297254237585636,Sheriff Strafe,These ads ran without a disclaimer,≤100
261663760956534,America First Policies,America First Policies Inc,≤100
21492729544,Catholic Relief Services,CATHOLIC RELIEF SERVICES - UNITED STATES CONFERENCE OF CATHOLIC BISHOPS,≤100
2225580284361712,Tommy Tuberville,"TUBERVILLE FOR SENATE, INC.",≤100
217976018236954,OutKick,Outkick Media LLC,≤100
109966290494892,Wagoner Law Firm,Nicholas Jordan Wagoner,≤100
101591551371555,Fire Mitch. Save America.,SAVE AMERICA FUND,≤100
713184912376942,Mera Kathryn Corlett for Metro Council - District 18,Friends for Mera K. Corlett,≤100
107847454354960,Weekly American Lifestyle,Steve San,≤100
109360297266116,Fearless Patriot,TERESA NONE OHARA-MARSH,≤100
38471053686,Elizabeth Warren,"WARREN DEMOCRATS, INC.",≤100
236369846383459,Congressional Black Caucus PAC,Congressional Black Caucus PAC,≤100
115379705206001,U.S. Department of Homeland Security Blue Campaign,DHS Blue Campaign,≤100
106411444514775,Unity in Support,Jae W Seo,≤100
102636677971854,Trump Is The Storm,Legendary Trump Coins,≤100
113891694102,Energy Citizens,AMERICAN PETROLEUM INSTITUTE,≤100
1551109418518461,The Honest Patriot,Amundson Media LLC,≤100
373814729643508,Let America Vote,LET AMERICA VOTE PAC,≤100
651280068826683,A Great New Day,Trevor Barribeau,≤100
5720973755,Defenders of Wildlife,DEFENDERS OF WILDLIFE,≤100
160513344045084,John Neely Kennedy,"John Kennedy for Us, Inc",≤100
894096170667732,Ashley Hinson,Ashley Hinson For Congress,≤100
8524198486,Physicians Committee for Responsible Medicine,"PHYSICIANS COMMITTEE FOR RESPONSIBLE MEDICINE, INC.",≤100
1393911800825140,OZY,OZY Media Inc,≤100
30866133883,Alaska Wilderness League,ALASKA WILDERNESS LEAGUE,≤100
227764782729,AMERICAN - STRONG!,American Strong LLC,≤100
911828698840246,ReLEntless Defender Apparel,ReLEntless Defender Apparel,≤100
169130743498585,Tactical Pro Supply,Chad Keller,≤100
108029674299216,We The People,We The People,≤100
417712255663393,Equality Can't Wait,Equality Can't Wait,≤100
108397184298930,Patriots Defend,Claire Wang,≤100
93683518468,Kentucky Voices for Health,Kentucky Voices for Health,≤100
181924628560212,SumOfUs,SumOfUs,≤100
294326673949231,Silverleaf Sexual Trauma Recovery Svcs.,"SILVERLEAF SEXUAL TRAUMA RECOVERY SERVICES, INC.",≤100
42872222699,Dana Loesch,Dana Loesch Radio,≤100
255208337943901,Jobs Growth,"JOBS FREEDOM AND SECURITY PAC, Not authorized by any candidate or candidate’s committee.",≤100
109567450764819,Meg Gorman for Congress,Meg for Congress,≤100
30708742052,FCTRY,FCTRY,≤100
2256321067930356,Liberteeclub,libertyteeshop,≤100
162493793737,Rick Green,Richard Arlin Green,≤100
242679302418244,Denison Forum,Denison Ministries,≤100
1456310534453054,Veteran Loans Online,"LMB OpCo, LLC",≤100
104745474214057,HRA - OTC Birth Control,Corey Francis Mc Govern,≤100
153657598048710,The Hodgetwins,These ads ran without a disclaimer,≤100
20876805343,March of Dimes,MARCH OF DIMES INC.,≤100
117437204982602,American Wild Horse Campaign,American Wild Horse Campaign,≤100
101164484986617,To Be Frank Show,Real News PR,≤100
305643856459460,Burgess Owens,Burgess 4 Utah,≤100
105536127617594,The American Digest,The American Digest,≤100
10150100007820094,Wendy Davis,WENDY DAVIS FOR CONGRESS,≤100
317894938412949,Suntory,Suntory Holdings Limited,≤100
1268410219898273,Tango Tango,Tango Tango Inc,≤100
278487153675,Redneck Nation Clothing,Tracie Milliron Gold,≤100
106379627578203,Jacob Clark for Grayson / Hardin County KY District 18 House Representative,Clark4KY,≤100
105556894599642,Protecting Rights,Raymond A Guevara,≤100
125650874156767,Prevent Child Abuse Kentucky (PCAK),Prevent Child Abuse Kentucky,≤100
331037760381749,Sierra Magazine,SIERRA CLUB,≤100
228132537208218,Tammy Duckworth,TAMMY FOR ILLINOIS,≤100
38235851310,USA for UNHCR,UNITED STATES ASSOCIATION FOR UNHCR,≤100
433919203362871,Bird + Stone,BIRD & STONE INC,≤100
30914589895,The International Fellowship of Christians and Jews,"INTERNATIONAL FELLOWSHIP OF CHRISTIANS & JEWS, INC.",≤100
280704452367167,Jason Crow,JASON CROW FOR CONGRESS,≤100
111023584012681,Open Road Homeward,Samantha Lyn Weldon,≤100
33110852384,Doctors Without Borders/Médecins Sans Frontières (MSF),Doctors Without Borders/Médecins Sans Frontières (MSF),≤100
100719625004234,Home and Community,Cynthia Nguyen,≤100
2037695643113766,Blexit,Blexit Foundation,≤100
496696933682736,Jeff Merkley,JEFF MERKLEY FOR OREGON,≤100
8057376739,The Nature Conservancy,Nature Conservancy,≤100
83290028957,Care Net,CARE NET,≤100
1577958379165250,Adam Townsend,Adam Dewayne Townsend,≤100
11791104453,NRDC,Natural Resources Defense Council,≤100
85273022315,NAMI,NAMI,≤100
776264359372720,ConservativeModern.com,ConservativeModern.com,≤100
210333902420876,Sean Parnell,AMERICANS FOR PARNELL COMMITTEE,≤100
243362776583569,Air Mail,Air Mail,≤100
502320477205654,I’m Bout Making My Ancestors Proud,Heritage Hill LLC,≤100
103376804451432,Trending Politics,Making Web LLC,≤100
237477017606,Club for Growth,Club for Growth,≤100
111892670610842,Political AF,Quyen Sanh Gip,≤100
115364585711,Lawyers' Committee for Civil Rights Under Law,Lawyers' Committee for Civil Rights Under the Law with Facebook Ad Credits,≤100
19342050934,Leadership Institute,LEADERSHIP INSTITUTE INC,≤100
29770886815,Marijuana Policy Project,Marijuana Policy Project,≤100
183424985463330,Joe Cunningham,JOE CUNNINGHAM FOR CONGRESS,≤100
155901927790766,West Virginia American Water,West Virginia American Water Company,≤100
113173667121573,BLM Society,BLM Society,≤100
15351475322,Cathy McMorris Rodgers,Cathy McMorris Rodgers for Congress,≤100
7822408815,Jane Nelson,Friends of Senator Jane Nelson,≤100
139599847972,National Nurses United,National Nurses United,≤100
6820348410,Kirsten Gillibrand,Gillibrand for Senate,≤100
294508332028,Lakota People's Law Project,ROMERO INSTITUTE,≤100
103834811386284,Red Elephant Apparel,DESTROYER PROMOTIONAL PRODUCTS LLC,≤100
106543007761948,Amy Green for Fayette County School Board,Campaign Fund of Amy Green,≤100
419992651425033,Guardianes del Pueblo-Consumer Law Group,Consumer Law Group,≤100
102592959026,Ocean Conservancy,"OCEAN CONSERVANCY, INC.",≤100
304058913005378,Senior and Disabled Concerns,Senior & Disabled Concerns,≤100
356482637745012,Stansberry Research,Stansberry Research,≤100
1000253160054572,Cori Bush,CORI BUSH FOR CONGRESS,≤100
405355946226766,Todd Young,"FRIENDS OF TODD YOUNG, INC.",≤100
408250066356,Bill O'Reilly,"Bill Me, Inc.",≤100
112420993589373,Young and Old for America,Andrew Joseph Young,≤100
1336293769761923,Jon Ossoff,JON OSSOFF FOR SENATE,≤100
206677396413254,Abortion On Our Own Terms,Abortion On Our Own Terms,≤100
7219151423,The Fund for American Studies (TFAS),The Fund for American Studies,≤100
146053215987523,State Representative Patti Minter,Patti Minter For KY,≤100
246846192720018,War On Our Future,The Years Project,≤100
6236054211,Brady,Brady Campaign to Prevent Gun Violence,≤100
176099072429809,Oceana in Florida,OCEANA,≤100
101525774999212,BLM,Bryan Daley,≤100
683872625157265,Theresa Greenfield,THERESA GREENFIELD FOR IOWA,≤100
109320440856128,Together Beat Hate,"Foundation to Combat Anti-Semitism, Inc.",≤100
178835922297833,American Clinical Laboratory Association,American Clinical Laboratory Association,≤100
325578590837480,Protect Our Care,Sixteen Thirty Fund,≤100
104371874433677,Glenn Hammond for Senate,Glenn Martin Hammond for State Senate,≤100
61265398450,AmeriCorps NCCC,Corporation for National and Community Service,≤100
267180743723148,National Geographic Society,National Geographic Society,≤100
1912943255631432,Renee Hoyos for Congress,HOYOS FOR CONGRESS,≤100
24481937944,Theodore Roosevelt Conservation Partnership,"THEODORE ROOSEVELT CONSERVATION PARTNERSHIP, INC",≤100
83865976093,Truthout,TRUTHOUT,≤100
96171427550,Raja for Congress,FRIENDS OF RAJA FOR CONGRESS,≤100
112735922758892,Charlie Kirk,Charlie Kirk,≤100
1013304945470529,My Pride Apparel,My Pride Apparel,≤100
1545826148838592,Trump 2020,Gregory Lawrence Burright,≤100
2068988876444634,Stand Up for Accurate Prenatal Answers,STAND UP FOR ACCURATE PRENATAL ANSWERS INC,≤100
563081730692263,Chuck Eddy Moderate Republican Supporting Democrats in 2020,Charles Everett Eddy,≤100
6787988478,Physicians for Human Rights,"PHYSICIANS FOR HUMAN RIGHTS, INC.",≤100
303167829786891,Ed Markey,THE MARKEY COMMITTEE,≤100
205621732795876,NARAL Pro-Choice Ohio,NARAL Pro-Choice Ohio Foundation,≤100
811733152187744,Freese and Goss - Nationwide Law Firm,Freese and Goss,≤100
67626834312,National Women's Law Center,National Women's Law Center,≤100
653079394725698,Aspiration,Aspiration,≤100
1809715209318581,Marjorie Taylor Greene for Congress,GREENE FOR CONGRESS,≤100
979720542211350,Humanize Being Black,Keyshun Quantarious Holmes,≤100
23790541544,Democrats,DCCC,≤100
112600915451330,No Labels,No Labels,≤100
7341997111,Conservation International,Conservation International,≤100
100119981671668,Blue Senate,BLUE SENATE PAC,≤100
134452023239984,Human Coalition,Human Coalition,≤100
102617961152741,Barbara Bollier,BOLLIER FOR KANSAS,≤100
537534316395916,Students for Trump,Turning Point Action,≤100
309798029121030,Everytown for Gun Safety,EVERYTOWN FOR GUN SAFETY VICTORY FUND,≤100
102413723172970,Nick Adams,Nick Adams,≤100
184731548554164,PL+US,Plus Fund: Paid Leave for the United States,≤100
1090985667735682,Carlos Bailey for Bowling Green City Commissioner,Carlos Bailey for Bowling Green City Commissioner,≤100
1447994318779650,AirMedCare Network,AIrMedCare Network,≤100
131459315949,CBS News,These ads ran without a disclaimer,≤100
112614656925530,Perry for Kentucky,Robert Lee Perry,≤100
105943157686335,Trust Michigan Families,TRUST MICHIGAN FAMILIES,≤100
103026384819654,How to Vote,ACRONYM,≤100
112488757165613,Blue Line Stockpile,Blueline Stockpile,≤100
467804929927622,Jason Smith,JASON SMITH FOR CONGRESS,≤100
376776419037747,Turning Point USA,Turning Point USA,≤100
195530355493,Chicks On The Right,Chicks on the Right,≤100
192771954102960,Jordan Sekulow,American Center for Law and Justice,≤100
69983322463,Ted Cruz,TED CRUZ FOR SENATE,≤100
10128918116,Gavin Newsom,NEWSOM FOR CALIFORNIA GOVERNOR 2022,≤100
58736997707,Marco Rubio,Marco Rubio for Senate,≤100
102004961614425,For The Love of Patriots,Trizzie Truong,≤100
100699775058659,Education Now NC,Education Now,≤100
116546288359245,Heritage Action for America,HERITAGE ACTION FOR AMERICA,≤100
1832950510337194,Floyd’s Fork Democratic Club,Floyds Fork Democratic Club,≤100
953113491536337,Black to the Future Action Fund,Black to the Future Action Fund,≤100
655065784538368,PredictIt,"PredictIt - Prediction Markets. A project of Victoria University of Wellington, PredictIt has been established to facilitate research into the way markets forecast events.",≤100
1449461518652183,4Patriots,4Patriots LLC,≤100
176466646087311,DC Fawcett,Donald Chappell Fawcett,≤100
181183059253295,Dorsal Bracelets,Dorsal Bracelets,≤100
166738743732702,All Above All Action,All Above All Action Fund,≤100
110525690698759,Awesome Coffee Recipes,John Phillip Angelo Vergara,≤100
129523843754764,Vote Smart,PROJECT VOTE SMART,≤100
35169196082,Project HOPE,"PROJECT HOPE-THE PEOPLE-TO-PEOPLE HEALTH FOUNDATION, INC.",≤100
447752535672747,Elect Jerry Whitney for Mayor,Jerry N Whitney,≤100
276603092445187,Dustin Burley for State Representative 53rd,Dustin Burley Campaign,≤100
348839551906904,Democracy in Color,POWERPAC DOT ORG,≤100
111168783611294,Jesse Mermell for Congress,THE COMMITTEE TO ELECT JESSE MERMELL,≤100
898651906923421,"Devils Music, Holy Rollers and Hillbillies: How America Gave Birth to Rock",James Cosby,≤100
102209278869,Greater Cincinnati Counts,City of Cincinnati,≤100
357554791340788,Liker,Omar Rivero,≤100
1945837408977507,Michael Moates,-MICHAEL STEVEN MOATES,≤100
34362997676,United States Holocaust Memorial Museum,UNITED STATES HOLOCAUST MEMORIAL MUSEUM,≤100
69039563201,Open Doors USA,"OPEN DOORS WITH BROTHER ANDREW, INC.",≤100
1438808983108348,BOLD PAC,CHC BOLD PAC,≤100
7962229886,Environmental Working Group,ENVIRONMENTAL WORKING GROUP,≤100
248181906078243,National Institute for Civil Discourse,CommonSense American,≤100
114822686979118,Daily Saver,Smart Market Tips,≤100
251632675552663,Rigged: The Voter Suppression Playbook,American Issues Initiative,≤100
1526736227567131,TrueCoverage,True Coverage,≤100
143089732792,Marsha Blackburn,Blackburn Tennessee Victory Fund,≤100
219457576170706,Patriotic Volunteers,Harrison T Chung,≤100
171651620209487,Brady PAC,Brady Pac,≤100
95356211637,Ben Ferguson,Ben Ferguson show,≤100
1099478666810053,Meals For Pets,Meals for Pets,≤100
113110137118723,Collectible Currency,Christopher Walter Adams,≤100
107665644228467,Conservative Journal Review,Conservative Journal Review LLC,≤100
661744180680367,National Police Association,"NATIONAL POLICE ASSOCIATION, INC.",≤100
217569858071,Areva Martin,Areva Denise Martin,≤100
6041057841,The Humane Society of the United States,"HUMANE SOCIETY OF THE UNITED STATES, THE",≤100
1790149321287567,In The Know Reports,These ads ran without a disclaimer,≤100
102527004893192,The National Standard,Howard Stephan Barbanel,≤100
392524473904,Erie Insurance,ERIE INDEMNITY COMPANY,≤100
134973443810122,Grammer For KY House District 36,Paid for by Grammer4House Campaign - 2,≤100
566008736785269,Be Heard Project,Be Heard Project,≤100
340153562850578,Tim Tebow,TIM TEBOW FOUNDATION,≤100
111424389552999,Refuge for Women,REFUGE FOR WOMEN,≤100
1136781033034012,Brave New Look,Brave New Look,≤100
52563647525,Kyrsten Sinema,SINEMA FOR ARIZONA,≤100
2309566456030859,Human Coalition Action,PRO-LIFE TEXANS A HUMAN COALITION ACTION PAC,≤100
513695272011123,The Genesis Prize,GPF NA LLC,≤100
308159713150350,Voter Protection Project,VOTER PROTECTION PROJECT,≤100
94047978366,PCCC - BoldProgressives.org,PROGRESSIVE CHANGE CAMPAIGN COMMITTEE,≤100
711478725532801,Civiqs,Civiqs,≤100
465483726908192,iVote,IVote Civic Education Fund,≤100
710669049286394,Woo the People,Khosro David Illulian,≤100
123963360928,SiriusXM,SIRIUS XM RADIO INC.,≤100
103373224404755,Impact Slates,COLLECTIVE IMPACT PAC,≤100
6713653788,Gary Peters,PETERS FOR MICHIGAN,≤100
570654659658213,The Hunt Institute,The Hunt Institute,≤100
114137307071679,31 October,Quyen Sanh Gip,≤100
123624513983,The Western Journal,The Western Journal,≤100
101624531374275,Lamar Allen for Kentucky House District 56,Lamar Allen For Kentucky,≤100
173837496125511,Conscious Step,Conscious Step,≤100
1668350569891953,Rainbow Movement,William James Ulrich,≤100
108152933883451,TrumpTrendz,Troy Lorenzo Davis,≤100
719913581472398,Napoli Shkolnik PLLC,Napoli Law,≤100
105746994554670,Derrick Willis for Family Court Judge,Derrick Willis for Family Court Judge,≤100
253791814655400,Doug Collins,"COLLINS FOR SENATE, INC.",≤100
303061950155375,John James,"JOHN JAMES FOR SENATE, INC.",≤100
99435527154,Matt Lockett for State Representative - 39th District,Matt Lockett for State Representative,≤100
110439270638992,NE1else,Time Management LLc,≤100
104704401202729,"Teresa's Tips, Tricks & Tools for Beauty, Health & Wealth",Teresa Marie Von Riegen,≤100
1917715138510680,Follow Your Legend,Legend Bracelet,≤100
247889542212230,DJ Johnson for Kentucky,DJ Johnson For State Representative,≤100
100401327980848,National Parents Union,National Parents Union,≤100
109866370700481,PushBlack Finance,PushBlack,≤100
680549575421741,UnitedVoice.com,"Beachside Media, Inc.",≤100
114885646899438,Mr. 45th,Clush,≤100
85945492130,EnergyBoom,Energy Boom,≤100
131306317680000,Social Goods,"Social Goods, LLC",≤100
121067011091,Arab American Institute,Arab American Institute with Facebook Ad Credits,≤100
105481140904672,Core Prestige,Core Prestige,≤100
105698674239617,Embed News,Embed News,≤100
120846146252663,One More Thing,Story Network Foundation,≤100
202600839762879,I Am Pro-Life,Focus on the Family,≤100
249716212080256,Jim Clyburn,FRIENDS OF JIM CLYBURN,≤100
91346559231,Democratic Legislative Campaign Committee - DLCC,Democratic Legislative Campaign Committee,≤100
216709768355686,Dinesh D'Souza,America2020 Film LLC,≤100
143729616392084,Van Drew for Congress,Van Drew for Congress,≤100
531623043662146,Flags of Valor,Flags of Valor,≤100
15503839732,Peter G. Peterson Foundation,Peter G. Peterson Foundation,≤100
336470580233523,Pins and Aces Golf Co.,US Craft Brands LLC,≤100
112334757233941,Right to Telehealth,Jeremy Joseph Schaller,≤100
931907200310657,Patients Rising Now,Patients Rising Now Inc,≤100
110177119192569,Knightscope,William Li,≤100
1658135304460341,MANG,MANG,≤100
101724361319410,Ronny Jackson for U.S. Congress TX-13,Texans for Ronny Jackson,≤100
272618896537776,America First Agenda,America First Agenda PAC,≤100
102010211314386,Donald Trump 2020 Voters,I Love My Freedom,≤100
103186421483396,OuchMoments,"Ouchmoments, LLC.",≤100
357750373755,National Domestic Workers Alliance,National Domestic Workers Alliance,≤100
455147011996099,The Ann and Phelim Scoop,The Unreported Story Society,≤100
971668776283950,PolicyEd,Hoover Institution,≤100
18079407397,CPAC 2020,Conservative Political Action Conference,≤100
169277310432049,"Texas Precision Optics, Inc.",Texas Precision Optics Inc,≤100
105010030848236,Bryant Cameron Webb,DR. CAMERON WEBB FOR CONGRESS,≤100
51052893175,Kevin McCarthy,Leader Kevin McCarthy,≤100
194115677277113,A21,A21 with Facebook Ad Credits,≤100
128716440866482,Adam Milstein,Adam Milstein,≤100
1476342155924546,Big Rig Threads,Big Rig T-Shirts and Decals LLC,≤100
1438882392887793,ADF Church Alliance,Alliance Defending Freedom,≤100
1675319662786649,Clare Gallagher,Protect Our Winters,≤100
50982313030,Food & Water Watch,Food & Water Watch,≤100
46347342434,EMILY's List,EMILY'S LIST,≤100
13187955196,Young Americans for Liberty,Young Americans for Liberty,≤100
394817334402124,2020 Trump Bill,Innovative Ecomm LLC,≤100
802271849850801,Freedom for All Americans,Freedom for All Americans,≤100
106445167434779,Duty and Honor,Duty and Honor,≤100
333710103706307,Giffords,GIFFORDS PAC,≤100
104290194464822,Layne Wilkerson for Mayor of Frankfort,Wilkerson for Mayor,≤100
281884085611820,Tedra Cobb,COMMITTEE TO ELECT TEDRA COBB,≤100
143986912311328,University of Vermont Continuing and Distance Education,University of Vermont,≤100
221690171353068,Jay Obernolte,Jay Obernolte for Congress,≤100
153278754738777,Climate Reality,The Climate Reality Project,≤100
107953199261156,ifaw,"INTERNATIONAL FUND FOR ANIMAL WELFARE, INC.",≤100
103131054573692,Crawfordology,Crawfordology,≤100
429812024048177,Doug Jones for Senate,DOUG JONES FOR SENATE COMMITTEE,≤100
15041226930,Oxfam,"OXFAM AMERICA, INC.",≤100
263891677826490,Earthsider,Ryan James Martin,≤100
103801844298982,Team Collins,COLLINS FOR SENATOR,≤100
108281434237351,UBS Financial Services Inc.,UBS Financial Services,≤100
260933440643373,UltraViolet,UltraViolet Action,≤100
101949754750112,Redashell,Red As Hell,≤100
284946111858895,Debbie Mucarsel-Powell,DEBBIE FOR CONGRESS,≤100
277414242013,Joyce Elliott for Congress,JOYCE ELLIOTT FOR CONGRESS,≤100
105157841248307,No Filter Politics,No Filter Politics,≤100
342294162453301,Planned Parenthood,These ads ran without a disclaimer,≤100
111499100431,National Association for Gun Rights,NATIONAL ASSOCIATION FOR GUN RIGHTS INC,≤100
105707511217866,Communities Joining Hands,Elena Zhan,≤100
416913748508616,We Welcome Refugees,We Welcome Refugees,≤100
97493741436,John W. Hickenlooper,HICKENLOOPER FOR COLORADO,≤100
896759427103774,Modern Medicaid Alliance,Modern Medicaid Alliance,≤100
51761261956,The Bill of Rights Institute,"BILL OF RIGHTS INSTITUTE, THE",≤100
173470656019870,The Daily Yonder,Great Stories LLC,≤100
216311481960,Bill Gates,Bill Gates,≤100
100535101485050,Shannon Davis-Roberts For State Representative,(People for) Shannon Davis-Roberts,≤100
1690071827911682,Cleancult,cleancult,≤100
19746387261,Humane Society International,Humane Society International,≤100
53727956260,Republican Jewish Coalition,Republican Jewish Coalition,≤100
111277640428691,President Donald J. Trump 2020,Trump Collections,≤100
107937014153581,Energized Health,John Jubilee Transformation LLC DBA Energized Health,≤100
213687698658,Americans for Prosperity Foundation,Americans for Prosperity Foundation,≤100
102756811269921,Fellow Americans,Fellow Americans,≤100
315467021926595,Native Voice Network,"AMERICANS FOR INDIAN OPPORTUNITY, INC",≤100
11006419356,The Voice of the Martyrs - USA,"VOICE OF THE MARTYRS, INC., THE",≤100
18709174006,National Audubon Society,"NATIONAL AUDUBON SOCIETY, INC.",≤100
601472019907779,Latino Victory,Latino Victory,≤100
142474049098533,Robert Reich,Inequality Media,≤100
445240538909364,Inergy,These ads ran without a disclaimer,≤100
17203056985,Partners In Health,Partners In Health,≤100
627211184587103,Forever Patriot,Harrison T Chung,≤100
282728185140429,Rep For Vets,The Rep For Vets,≤100
100131288480883,"Let Live, Let Liberty",Jae W Seo,≤100
112043050446693,Together for 2020,Left of Center PAC,≤100
291102898490822,Giant Maga Hat,Inventors club LLC,≤100
113893390401923,American Survival,Tein Yang Sun,≤100
103402638590,United Planning Organization,UNITED PLANNING ORGANIZATION,≤100
466688097036209,John Hurley for State Representative,Hoosiers 4 Hurley,≤100
170591064699,Southern Poverty Law Center,"SOUTHERN POVERTY LAW CENTER, INC., THE",≤100
118502801658228,Young Kim,Young Kim for Congress,≤100
110018833813683,Flip the Senate,SMP,≤100
628891490457484,Nancy Mace,Nancy Mace for Congress,≤100
109678580574253,Politicool Clothing Co.,PolitiCoolClothing.com,≤100
44340057816,Uncommon Goods,UncommonGoods,≤100
30079936984,CWS,"CHURCH WORLD SERVICE, INC.",≤100
514167322309353,Dan Crenshaw,Crenshaw For Congress,≤100
102991041296417,Health Insurance Plan,These ads ran without a disclaimer,≤100
111648480319494,800DEMOCRAT,800DEMOCRAT,≤100
144176402370987,Karamu House,KARAMU HOUSE INC,≤100
988865517971648,Women's Vote 100,Women's Suffrage Centennial Commission,≤100
21935371894,Metro United Way,"METRO UNITED WAY, INC.",≤100
119006106155684,PI Energy,Andrew P Chung,≤100
111970730196550,World War Zero,AMERICAN SECURITY PROJECT,≤100
104504438466,Federal Voting Assistance Program - FVAP,Federal Voting Assistance Program,≤100
210277954204,The Young Turks,"The Young Turks, Inc.",≤100
111495005590988,Pattern,Pattern Energy,≤100
142432192446984,David Horowitz Freedom Center,David Horowitz Freedom Center,≤100
101888608186192,MedicalCommunitynet,Medical Community LLC,≤100
106164314526,Legal Aid Society,LEGAL AID SOCIETY,≤100
348888939031649,Daniel Hughes,Daniel Dewayne Hughes,≤100
1850416178408478,Our Commonwealth,Our Commonwealth Inc,≤100
318576225387055,Be Woke.Vote,Darrick Robert Angelone,≤100
141692255929599,Democratic Socialists of America,DEMOCRATIC SOCIALISTS OF AMERICA INC,≤100
107107693152888,Anthropocene Alliance,ANTHROPOCENE ALLIANCE,≤100
128167457221813,Public Transportation,Voices for Public Transit,≤100
17911165812,Covenant House International,Covenant House,≤100
1905553009705423,Piper White Woodford County School Board 4th District Candidate,Piper L White,≤100
101366834743111,Staunch Moderates,Gregory Todd Simmons,≤100
1646823955646308,Mike Donovan,Michael Paul Donovan,≤100
108551467486050,Itoroo,These ads ran without a disclaimer,≤100
100792848235808,Dujuan Thomas for Mayor of Paducah,Dujuan Lamar Thomas,≤100
956765214478577,Ohio CCL,Citizens Climate Lobby - Cincinnati Ohio chapter,≤100
101136147910784,Represent Justice,Represent Justice,≤100
198559607605482,Gunnigle 2020,Gunnigle 2020,≤100
1612726335627171,We the Internet TV,We the Internet TV,≤100
657343731290262,American Freedom Fighter,American Freedom Fighter,≤100
341163402640457,NowThis,Group Nine Media,≤100
2295062210811244,Coalition for American Veterans,COALITION FOR AMERICAN VETERANS POLITICAL ACTION COMMITTEE,≤100
360303722260,Kathleen Williams,KATHLEEN WILLIAMS FOR MONTANA,≤100
374848446414965,Pollking,Benjamin Aaron Perlman,≤100
104260608058844,Awesome Survival Guides,Kirsten May Siosan Andrade,≤100
34521916336,Brent Bozell,MEDIA RESEARCH CENTER,≤100
296295018082,AARP en Español,AARP,≤100
1747132688647028,Democratic Association of Secretaries of State,Democratic Association of Secretaries of State,≤100
174754989846475,NewDem Action Fund,New Democrat Coalition Action Fund,≤100
319982881752525,Kara Eastman,EASTMAN FOR CONGRESS,≤100
339432396135584,The Exodus Road,EXODUS ROAD INC,≤100
1439364926329185,Animal Matters,Animal Matters,≤100
90498769709,Edenpure,EdenPURE®,≤100
100517105076564,Shining Lifetime,Daniel Vasquez,≤100
111036740654773,ToddCella2020,American Party 2020,≤100
143089732792,Marsha Blackburn,Marsha for Senate,≤100
412739549455010,Karena Reiter,PrimaDonna Reeds,≤100
130848666099,Business Forward,Business Forward Inc.,≤100
117846046597435,Adam Bailey for Midway City Council,Adam Lee Bailey,≤100
111702860231554,Matt Lieberman,Matt Lieberman for Senate,≤100
785936231584382,Paula Jean Swearengin,Paula Jean for West Virginia,≤100
100506848295759,Made to Fail,Made To Fail,≤100
328646364577204,Whitney/Strong Organization,Whitney/Strong,≤100
108650400954148,Stopping Socialism TV,The Heartland Institute,≤100
117641114435,First Aid Beauty,First Aid Beauty,≤100
420424547981908,In Search of Liberty,Scott Dennis Welch,≤100
26006662641,Arizona Democratic Party,Arizona Democratic Party,≤100
338218229911752,Integrity First PAC,INTEGRITY FIRST PAC,≤100
34701792581,EWTN,Eternal Word Television Network,≤100
259212814698356,Democratic Majority for Israel,DMFI PAC,≤100
6428288402,Kiva,KIVA MICROFUNDS,≤100
1234251319933440,Exclusive Apparel,The Dude's Threads,≤100
113398717117686,Beach Dogs Ltd.,Christopher James Lamos,≤100
782093245218764,Qasim Rashid,RASHID FOR VA,≤100
102315041409283,Horses in our Hands,In our Hands Action Fund,≤100
259212814698356,Democratic Majority for Israel,Democratic Majority for Israel,≤100
24470472733,The Trevor Project,The Trevor Project,≤100
702582586516561,CBN Israel,"The Christian Broadcasting Network, Inc.",≤100
1852520761657982,4ocean,4ocean,≤100
102579318191600,No Justice No Peace,NO JUSTICE NO PEACE PAC,≤100
281844617168,Jewish Voice Ministries International,JEWISH VOICE MINISTRIES INTERNATIONAL,≤100
245284549333866,ASMDSS,ASMDSS,≤100
1495031800595524,Women Together Now,Women Together Now,≤100
47710973068,Cooperative Action Network,National Rural Electric Cooperatives Association,≤100
21395843375,Dialysis Patient Citizens,DIALYSIS PATIENT CITIZENS INC,≤100
189136045151081,Face the Music,Face The Music Collective,≤100
110998592305221,Dr. Martens,Dr. Martens AirWair USA LLC,≤100
103322921464230,Standing United,Tein Yang Sun,≤100
1014486318584089,Armed American Supply,Armed American Supply,≤100
999775873528189,Stopping Socialism,The Heartland Institute,≤100
2046092952294722,Lucy McBath for Congress,FRIENDS OF LUCY MCBATH,≤100
105455840860559,EagleRealm LLC,Eagle Realm,≤100
1533695766904443,Trainwreck,Trainwreck,≤100
210357995667559,The National Memo,The National Memo,≤100
219224241438635,Compassion & Choices,COMPASSION & CHOICES,≤100
1614690395258056,Into Action,Into Action,≤100
830890360316751,Nick Hanauer,Civic Action,≤100
53674651369,Susan B. Anthony List,Susan B. Anthony List,≤100
105318696193467,Indiana AFL-CIO,AMERICAN FEDERATION OF LABOR & CONGRESS OF INDUSTRIAL ORGANIZATIONS,≤100
514167322309353,Dan Crenshaw,Dan Crenshaw for Congress,≤100
357844454633380,Dan Whitfield for Senate 2020,DANWHITCONGRESS,≤100
384557995468219,Viral Casez,Viral Casez,≤100
104824871043650,Brian Chism for State Representative- 27th District,Brian Chism for State Representative,≤100
105816124306939,Kay for Kentucky,Melanie Kay Fields Hensley,≤100
2288029254769681,Jessica Garvin for Oklahoma Senate,Jessica Garvin for State Senate 2020,≤100
243399129090445,Christina Hale,HOOSIERS FOR HALE,≤100
9739634228,The Political Machine,"Hitcents.com, Inc",≤100
295533050495998,Abogado de Inmigracion Jorge Rivera - Immigration Group LLC,Michael A Castillo,≤100
51379424899,Mercy Ships,MERCY SHIPS INTERNATIONAL,≤100
102846434825096,Beat Abbott,Beat Abbott PAC,≤100
121626482110,Operation Smile,"OPERATION SMILE, INC.",≤100
1354622541311687,Dr. Kim Schrier,DR KIM SCHRIER FOR CONGRESS,≤100
2243309022604488,Ohio Consumers Power Alliance,Ohio Consumers Power Alliance,≤100
39432041915,Capital Research Center,CAPITAL RESEARCH CENTER INC,≤100
611111826212672,Be A Patriot,William Mckinley Kremer,≤100
260366367717440,Committee to Protect Medicare,Committee to Protect Medicare,≤100
38234604057,PEN America,PEN AMERICAN CENTER INC,≤100
740266592735787,Free to Be Kids,Free To Be Kids,≤100
105835711208027,The Progressive List,THE PROGRESSIVE LIST,≤100
90705538313,Sheet Metal Air Rail and Transportation Workers,SMART,≤100
698400060189827,Dan Sullivan,Alaskans for Sullivan,≤100
1191593944306272,State Representative Julie Johnson,Julie Johnson for Texas,≤100
1741729849281711,Uber & Lyft Sexual Assault Attorneys,Safer America,≤100
107654244332660,Back BLM,Back BLM,≤100
633533470633720,I Love Nolo,I Love Nolo,≤100
551158678560402,Epimonia,Epimonia LLC,≤100
129602743740560,Illinois Family Action,ILLINOIS FAMILY ACTION NFP,≤100
100697751658498,Stronger.org,The Public Good Projects,≤100
384336778589668,Defend Our Constitution,COMMON CAUSE,≤100
90215573480,"Dyer, Garofalo, Mann & Schultz","Dyer, Garofalo, Mann, & Schultz",≤100
315151565831,Ascension,Ascension Press,≤100
111248197347176,Protect & Serve PAC,PROTECT AND SERVE PAC,≤100
607626319739286,Black Voices for Trump,TRUMP MAKE AMERICA GREAT AGAIN COMMITTEE,≤100
100123544800892,Disme Coin Company,Byron Michael Laughlin,≤100
21834534343,Volunteers of America,"VOLUNTEERS OF AMERICA, INC.",≤100
186932688457686,CHNGE,CHNGE,≤100
612701059241880,Latinos for Trump,TRUMP MAKE AMERICA GREAT AGAIN COMMITTEE,≤100
313723095478950,The Daily Citizen,Focus on the Family,≤100
143195412381888,"Georgia Gun Owners, Inc.",Georgia Gun Owners,≤100
317667194946264,Ro Khanna,RO FOR CONGRESS INC,≤100
152264148166020,Moms Clean Air Force,Moms Clean Air Force,≤100
100846774982239,Protect Our Police PAC,Protect Our Police PAC,≤100
19420215926,CNSNews.com,MEDIA RESEARCH CENTER,≤100
151577215422581,Zioness Movement,"Zioness Movement, Inc.",≤100
16792125167,Jimmy Patronis,Treasure Florida PC,≤100
346937065399354,Occupy Democrats,Omar Rivero,≤100
107953010886875,20Train.com,GEEG LLC,≤100
1397799040234106,OpinionUP,OpinionUP LLC,≤100
620619085055774,Sandy Smith,"SANDY SMITH FOR CONGRESS, INC.",≤100
111361091313,NICABM,"Theoria Associates for Health Education, Inc.",≤100
6165653060,AFSCME,AMERICAN FEDERATION OF STATE COUNTY & MUNICIPAL EMPLOYEES,≤100
525171637666780,Sandy Piña California Delegate,RCR,≤100
1682876188698809,United for Respect,United for Respect,≤100
104168777735273,Alley For Justice,Justice Jeff Alley Campaign in compliance with the voluntary limits of the Judicial Campaign Fairness Act.,≤100
101174331629641,Ring The Alarm,RingTheAlarm.US,≤100
1632568446971453,Boredwalk,Boredwalk,≤100
1128534110618477,One Peace Studios,Lisa Ann Gardner,≤100
32582320449,CMMB,CATHOLIC MEDICAL MISSION BOARD INC,≤100
108512875350,The Atlas Society,The Atlas Society,≤100
151757038879920,Alyse Galvin for Congress 2020,ALYSE FOR ALASKA,≤100
231354176962252,Social Work Helper,"Social Work Helper, PBC",≤100
221401431386940,Pramila Jayapal,PRAMILA FOR CONGRESS,≤100
340393855322,Van Taylor,VAN TAYLOR CAMPAIGN,≤100
107226350977260,Rookie,Mark Anthony Russell,≤100
192013990902459,Roy Cooper,Cooper For North Carolina,≤100
107199049318619,Friends of Derek Kilmer,PEOPLE FOR DEREK KILMER,≤100
289634374392752,ConservAmerica,ConservAmerica,≤100
501848263164423,The Commonwealth Policy Center,Richard Ryan Nelson,≤100
1436428353267835,Greenbrier County Democratic Women's Club,Sarah Zadek Umberger,≤100
234628203317767,Made for Freedom,Made for Freedom,≤100
497081420632330,Dr. Hiral Tipirneni,HIRAL FOR CONGRESS,≤100
322044193958,Mike Turner for Congress,Citizens for Turner,≤100
102651074597577,Faith Wins,FAITH WINS,≤100
656263988182462,Bill Hagerty,TEAM HAGERTY,≤100
44255328352,Farm Forward,Farm Forward,≤100
113110137118723,Collectible Currency,Proud Patriots,≤100
18017481462,Acton Institute,Acton Institute,≤100
10760692978,World Hope International,World Hope International,≤100
102027764795677,American Wire,The USA Wire,≤100
706716899745696,Women for Trump,TRUMP MAKE AMERICA GREAT AGAIN COMMITTEE,≤100
186805048171120,U.S. & Texas LawShield,Texas LawShield,≤100
1691667177798461,Brut,Brut,≤100
341513602902369,CALL TO ACTIVISM,CALL TO ACTIVISM,≤100
160630887998827,Let Them Live,Let Them Live,≤100
206372732710668,Working Michigan,Working Michigan PAC,≤100
156994304362574,American Bridge 21st Century,AB PAC,≤100
101827381636940,Patriots 101,Lambert Chan,≤100
1784991421516214,Seek Refuge,Seek Refuge,≤100
111681190492728,Jackson for State Senate,Jackson for State Senate,≤100
1633385836944159,Manhattan Street Capital,FundAthena Inc,≤100
114386721939978,The Made in America Store,Anthony Michael Falbo,≤100
1402827079932843,Low Income Relief,The Lighthouse Information Network LLC,≤100
1819658374974706,Arena,Arena PAC,≤100
35715544220,Stand.earth,STAND,≤100
529154000442477,America Rising,AMERICARISINGPAC.ORG,≤100
262905633727,Los Angeles Mission,"Los Angeles Mission, Inc.",≤100
2133130356918764,Common Justice,COMMON JUSTICE INC,≤100
316955281351,APWU - The American Postal Workers Union,AMERICAN POSTAL WORKERS UNION,≤100
120085718005638,American Prairie Reserve,American Prairie Reserve,≤100
53674651369,Susan B. Anthony List,Susan B. Anthony List Action PAC,≤100
70531357576,Freedom Forum,"FREEDOM FORUM INC, THE",≤100
101208514791301,Daniel Turner,Power The Future Inc,≤100
114386721939978,The Made in America Store,Made In America Store,≤100
1425435377743310,Conversations with Bill Kristol,The Foundation for Constitutional Government,≤100
2165983337048601,LeverforChange,Lever for Change,≤100
1832744013698336,Mahogany Mommies,Mahogany Mommies,≤100
101042758281184,Reading On the Right,Macmillan Publishing,≤100
58158120046,ACLJ,American Center for Law and Justice,≤100
18492769291,Faithful America,Faithful America,≤100
110316697328742,People of Seniors Housing,People of Seniors Housing,≤100
2190200147671191,The Balance of Power,Jorge Hernando,≤100
151525932186806,When Democrats Turn Out,WHEN DEMOCRATS TURN OUT PAC,≤100
113310617054164,Trump Baseball Bats,Trump Baseball Bats,≤100
46508415624,Scott Taylor,Scott Taylor for Congress 2020,≤100
9364828262,Citizens Against Government Waste,CITIZENS AGAINST GOVERNMENT WASTE,≤100
100437321592930,Pink Datas,These ads ran without a disclaimer,≤100
402993999729674,Judge John Williams,Friends of John Williams,≤100
70995214846,Business Roundtable,Business Roundtable,≤100
107424894413326,Tio Bernie Book,Tio Bernie Book,≤100
106756327769815,Stand For The Promise,Stand For The Promise,≤100
2146201085498440,Tony Gonzales,Tony Gonzales for Congress,≤100
1028908663935923,Americans for Fair Treatment,Americans For Fair Treatment,≤100
21647204289,Michigan Education Association,Michigan Education Association,≤100
109061570850845,Proud U.S.,ProudUS,≤100
856208611420219,Christina Finello,FINELLO FOR CONGRESS,≤100
7100914121,American Experience | PBS,WGBH EDUCATIONAL FOUNDATION,≤100
49059279814,Institute for Justice,INSTITUTE FOR JUSTICE,≤100
179909895355213,AIDS United,AIDS UNITED,≤100
116238930177726,Artsiful,Brad Aaron Shaw,≤100
289213691238937,Thrasher Coffee,Thrasher Coffee Co.,≤100
104519591175701,Jes and Reid,Jessica Marie Richardson,≤100
1063260777120366,Care/of,These ads ran without a disclaimer,≤100
451224838781405,Patriot Baby,Eric Todd Hunter,≤100
1449073545419430,The Lone Liberal Republican,TheLoneLiberalRepublican.Org,≤100
106890801114065,Right Wing Maga,Right Wing Maga,≤100
312657362217994,Women's Heart Alliance,Women's Heart Alliance,≤100
1608904199367883,Rocket Shirts,Shelby David Craig,≤100
24368700098,Illinois Republican Party,Illinois Republican Party,≤100
109709397469494,Dignity Unbound,Dignity Unbound,≤100
116664126486,Christian County Republican Party,George Evans Barnett,≤100
112552187080266,Protecting Every Future,American Council of Life Insurers,≤100
2049170775107862,Resistance By Design,Resistance By Design,≤100
115589465160388,Scribner Books,Simon and Schuster,≤100
102180301437619,2020 American Defense Fund,C3 PAC,≤100
324119001078997,"Sanford Heisler Sharp, LLP","Sanford Heisler Sharp, LLP",≤100
114623860329716,Daily Positivity Newsletter,John Phillip Angelo Vergara,≤100
101391906600,Live Action News,Live Action News,≤100
369325156488153,Ubuntu Life,Ubuntu Life,≤100
87186661244,Johns Hopkins Bloomberg School of Public Health,Johns Hopkins Bloomberg School of Public Health,≤100
103144548151014,Adrian Perkins,Perkins for LA,≤100
1914537155242810,Life: Powered,Texas Public Policy Foundation,≤100
260366367717440,Committee to Protect Medicare,Committee to Protect Medicare PAC,≤100
307631396241534,Berea City Councilman John Payne,John Dale Payne,≤100
142370046577999,Shahid Buttar for Congress,Shahid Buttar for Congress Committee,≤100
141269525933538,Democrats for Education Reform,Education Reform Now Advocacy Inc.,≤100
7292655492,MoveOn,MOVEON.ORG CIVIC ACTION,≤100
96491683438,"The Friends of Israel Gospel Ministry, Inc.","FRIENDS OF ISRAEL GOSPEL MINISTRY, INC, THE",≤100
950837325113887,Life Money Stuff,Life Money Stuff,≤100
106094077803532,Our National Family,Patrick Le Tran,≤100
1681120172099567,Libertarian Candidates,Ryan Allen Raymond,≤100
104142543758770,Campaign Zero,We The Protesters,≤100
111046557292073,Tees by Joe,Joleena Marie Copeland,≤100
475456956305422,All Voting Is Local,Leadership Conference Education Fund,≤100
2212066245574161,Sarah Huckabee Sanders,St. Martin's Press,≤100
168452723312821,Chisholm Chisholm & Kilpatrick LTD,Chisholm Chisholm & Kilpatrick LTD,≤100
112164673854264,Living Patriotically,Living Patriotically,≤100
102825963097158,Every Child Matters,Every Child Matters Education Fund,≤100
333081284065216,Brynne Kennedy for Congress,BRYNNE KENNEDY FOR CONGRESS,≤100
819607471729183,Dr. Al Gross for US Senate,DR. AL GROSS FOR U.S. SENATE,≤100
1977738355807406,Sharice For Congress,SHARICE FOR CONGRESS,≤100
139116726802413,Carol Abney for TN 38,Carol Abney for TN 38,≤100
375760676281438,Mermaid Straw,Mermaid Straw,≤100
1678492922390061,WorkingNation,WorkingNation,≤100
106203264511020,Washington Changed Katko,DCCC,≤100
278052172260101,ZERO TO THREE,ZERO TO THREE,≤100
19972147679,SEIU,SEIU,≤100
195704103779569,Savage Outdoors & The One,Amanda Harris Lee,≤100
169710960125365,Curzio Research,Curzio Research Inc.,≤100
7642602143,Mother Jones,FOUNDATION FOR NATIONAL PROGRESS,≤100
2477925168899669,The Renew Democracy Initiative,"The Renew Democracy Initiative, Inc",≤100
112492646811151,California Census,CA Census 2020,≤100
113553048669158,Rick Scott,TEAM RICK SCOTT,≤100
290548664672,First Liberty,First Liberty Institute,≤100
304062610300415,VozWire,Gregson E Mathe,≤100
309993142375589,Joe Kennedy III,KENNEDY FOR MASSACHUSETTS,≤100
106515357550928,Steve Jones for KY,Steve Jones for KY,≤100
292351509697,Jerusalem Prayer Team,Jerusalem Prayer Team,≤100
106868314285372,The Finance Kit,DYS Capital LLC,≤100
407664862957433,Ammar Campa-Najjar for Congress,AMMAR CAMPA-NAJJAR FOR CONGRESS,≤100
300774350436838,Topplr,Data Genomix,≤100
273023971533,Dennis Bonnen,Dennis Bonnen Campaign,≤100
79820371749,Ayanna Pressley,THE COMMITTEE TO ELECT AYANNA PRESSLEY,≤100
107528857654454,Detra Haycraft for Bardstown City Council,Detra Haycraft for Bardstown City Council Campaign,≤100
150322194563,PASA Primates: Pan African Sanctuary Alliance,PAN AFRICAN SANCTUARIES ALLIANCE,≤100
102683071542633,G.G.'s Shoppe,Grace Hopkins Beard,≤100
721000238103165,Eric Early,Eric Early,≤100
422202764649078,Rhode Island Department of Education - RIDE,Rhode Island Department of Education,≤100
150681061641282,Tri-State G&T,Tri-State Generation Transmission Association Inc,≤100
276708266084189,Ray Dalio,"Principles, LLC",≤100
600217573480158,GOPStore.com,GOPStore.com,≤100
102747281355975,This Is Our Democracy,Center for Popular Democracy Action,≤100
154510321337994,Chris Pappas for Congress,CHRIS PAPPAS FOR CONGRESS,≤100
201716719965863,Patient Safety Movement,Patient Safety Movement Foundation,≤100
653076538223048,Pennsylvania Firearms Association,Pennsylvania Firearms Association,≤100
482100658584410,We Stand For Energy,"EDISON ELECTRIC INSTITUTE, INC.",≤100
614134231980299,Veterans Empowered To Protect African Wildlife,VETPAW INC,≤100
643463669628493,Public Opinion Research Group,"Public Opinion Research Group, Inc",≤100
28446275521,Military Officers Association of America (MOAA),Military Officers Association of America,≤100
103222211467991,Sourcestream,SourceStream,≤100
46675576620,John Stossel,"Stossel Productions, LLC",≤100
638492549896672,Liberal Humans,Liberal Humans,≤100
209046616332309,Xochitl for Congress,Xochitl for New Mexico,≤100
1272534336242476,World101,Council on Foreign Relations,≤100
359434355433,Black Facts Online,Dale Anthony Dowdie,≤100
103203971274743,Vairma/Herrera 2021 - Teamster Power Slate,Vairma 2021 Teamster Power Slate,≤100
335530660271260,Joe Buck for Mayor,Friends of Joe Buck,≤100
19219803864,Tax Foundation,Tax Foundation,≤100
190432558377055,Jeannine Lee Lake for Indiana,LAKE FOR CONGRESS,≤100
166495790533335,American Population Panel,CHRR,≤100
100645541728080,Blue America Project,BLUE AMERICA PROJECT,≤100
202200909969136,Diane Dixon,Dixon for Assembly 2020,≤100
180230069923,American Life League,American Life League,≤100
1370474066365196,F1RST WARRIOR,First Warrior,≤100
102478528086004,Reading On the Left,St. Martin's Press,≤100
108906707265489,USA Pooch,"PRESIDENTIAL POOCH, INC",≤100
166087830076297,WebPT,WebPT,≤100
22426379899,Workman Publishing,WORKMAN PUBLISHING CO. INC.,≤100
54820342268,National Association of Secondary School Principals (NASSP),NASSP,≤100
23180353833,North Carolina Republican Party,North Carolina Republican Party,≤100
103836120975,College of Nursing & Advanced Health Professions,TCS Education System,≤100
38897314734,The Trust for Public Land,"TRUST FOR PUBLIC LAND, THE",≤100
102522874781212,The Gift Pros,CHRZSZ6BPBER JOHN HOUGHTON,≤100
25121889784,Texas Public Policy Foundation,Texas Public Policy Foundation,≤100
119216091518705,Protect The Harvest,Karen Elizabeth Glueck,≤100
402929096808140,TeacherFreedom,Association of American Educators Foundation,≤100
234621494446654,We Can’t Trust Nancy Mace,DCCC,≤100
107398241021186,The John Lewis Bridge Project,John Lewis Bridge Project,≤100
1428283027462702,Restoration PAC,RESTORATION PAC,≤100
473191156175163,EDF Action,Environmental Defense Action Fund,≤100
102796944877926,Black Men for Trump,Black Men for Trump,≤100
679007762550450,Michael Logue,Michael Jerome Logue,≤100
708375056271048,The Christendom Curriculum,The Christendom Curriculum,≤100
657708380952174,Voices of the Civil Rights Movement,Comcast,≤100
116784551693104,CA Senate Republican Caucus,California State Senate Republican Caucus,≤100
12683623041,Society for Human Resource Management (SHRM),SOCIETY FOR HUMAN RESOURCE MANAGEMENT,≤100
5457479962,Diabetes Daily,Thrivable,≤100
306591716448427,Cindy Axne,CINDY AXNE FOR CONGRESS,≤100
497348647140658,Point Source Youth,Point Source Youth,≤100
104451604716590,Hear Our Voice Store,These ads ran without a disclaimer,≤100
231154884924705,AboutTrump.org - and Biden,A MARK FOUNDATION,≤100
460645827351818,Derrick Grayson,GRAYSON COMMITTEE FOR US SENATE,≤100
102980181445363,Shorty's General Store,NATIONAL NETWORK SERVICES GROUP,≤100
102377984581168,A Democrat in the Wilderness,Emmanuel Fourakis,≤100
108193134061366,Win One Over,WinOneOver LLC,≤100
259343267436363,Representative Ed Thompson,Friends of Ed Thompson,≤100
158505287559920,Save the Storks,Save the Storks,≤100
1925751504337881,MJ Hegar,MJ FOR TEXAS,≤100
102702074825522,"Penetrum, LLC",These ads ran without a disclaimer,≤100
111892670610842,Political AF,wowengraving,≤100
182658925089088,FINCA,"FINCA INTERNATIONAL, INC.",≤100
101080788301208,Meat from Europe,These ads ran without a disclaimer,≤100
108838804083071,Etch The Edges,Critical Thinking Minds - DS Brown,≤100
21999960184,Operation Blessing,Operation Blessing,≤100
44224524016,American Kidney Fund,"AMERICAN KIDNEY FUND, INC.",≤100
139700496669066,1 VoteCloser,1 VoteCloser,≤100
100729641303493,ICount NM,I Count New Mexico,≤100
359651584655941,Luisa del Rosal,Luisa Del Rosal Campaign,≤100
169204449790211,Conservative News Today,"BizPac Review, Inc.",≤100
110576817417667,maskamericagreat.com,Matthew P Gallagher,≤100
108090464296366,Republican Patriots,I Love My Freedom,≤100
1905515863109983,Power In Cooperation,Power in Cooperation,≤100
111550550550458,BARK for BIDEN,BARK for BIDEN,≤100
498441453550795,Jean Guerrero,Jean Carolyn Guerrero,≤100
195620754724,Helping Hand USA,HELPING HAND FOR RELIEF AND DEVELOPMENT INC.,≤100
1738627363100589,Respectful Exits,Respectful Exits,≤100
107315544417178,Bryan Walters Candidate for the 157th,Friends of Bryan Walters,≤100
1437429989675914,Huckabee,"TRINITY BROADCASTING NETWORK, INC.",≤100
143981748956175,Rural Assembly,Rural Assembly,≤100
129278807814364,Women of Welcome,Welcome.,≤100
6851405967,CREDO Mobile,"CREDO MOBILE, INC.",≤100
109208377567307,Slater Johnson for District 7,Slater for District 7,≤100
102436701226752,Is It Sunday Yet?,Jarrett J Rogers,≤100
763491940427547,Roque  "Rocky"  De La Fuente,Rocky 101 LLC,≤100
112388493820536,Patriots United For America,Patriots United For America,≤100
153021214848890,Dean Browning,BROWNING FOR CONGRESS,≤100
101252258324890,The Con,Abramorama Inc.,≤100
154894841387125,Keep America American,Keep America American,≤100
216705888361546,Elbert Lee Guillory,ELBERT GUILLORY'S AMERICA,≤100
673117639774135,Gretchen Whitmer,Gretchen Whitmer for Governor,≤100
422250511163275,REMEDIGAP,Quinn Group LLC,≤100
647003022577166,Made Ya Look BLM,Made Ya Look BLM,≤100
105315327577677,Golden Goose Publishing,Lance Charles Greenberg,≤100
48530203934,The American Alpine Club,"AMERICAN ALPINE CLUB, THE",≤100
103218576421422,GirlTrek: Healthy Black Women and Girls,GirlTrek,≤100
308353252483,Kristi Noem,Kristi for Governor,≤100
1600300510259910,For Our Future Pennsylvania,For Our Future Action Fund,≤100
27544763621,Prison Fellowship,Brandon Anders Larsen,≤100
487569614682924,CAPP USA,Yellow Line Productions LLC,≤100
355223168416491,Alex Morse for Congress,ALEX MORSE FOR CONGRESS,≤100
1205124206245013,Movement for a People's Party,People for a Working Democracy,≤100
18983389920,Open Society Foundations,Open Society Foundations,≤100
104084298079050,United Liberty,Carlos None Leon Trejo,≤100
148485621883625,40 Days for Life,40 Days for Life,≤100
639945089977837,POLIFLIX,Barrett Edward Goetz,≤100
546497545399440,ASEC - African Sisters Education Collaborative,African Sisters Education Collaborative (ASEC),≤100
162695894106234,Co-ops Vote,National Rural Electric Cooperative Association,≤100
101746962063,Mercy Home for Boys & Girls,MISSION OF OUR LADY OF MERCY,≤100
103046977892124,Adam Christensen For Congress,ADAM J CHRISTENSEN FOR CONGRESS,≤100
345751305447288,Daugherty Water for Food Global Institute,Daugherty Water for Food Global Institute,≤100
329418020548,Cardozo School of Law,Cardozo School of Law,≤100
155690047804722,Jeanne Morales Attorney,Jeanne Marie Morales,≤100
112046907267146,Trump Town 2020,SJG Solutions LLC,≤100
1438402866378921,BookShark,BookShark,≤100
142836829093760,The American Constitutional Rights Union,Jorge Ernesto Amselle,≤100
230081331660936,Take A Stand 2020,Take A Stand 2020,≤100
104313831123464,Abram Loeb 4 US President 2020. Make America Love Again,Abram S Loeb,≤100
124626320898336,Catholic Extension,"CATHOLIC CHURCH EXTENSION SOCIETY OF THE UNITED STATES OF AMERICA, THE",≤100
216104159842481,The Volga Vow Project,Sanjeev Chopra,≤100
101788601255619,Mark Sidney,Power To The Publisher,≤100
1228396643984955,Michelle Steel,Michelle Steel for Congress,≤100
112333396969405,Jim Bognet,Bognet for Congress,≤100
104012084703106,One People United PAC,One People United,≤100
102661701651,South Carolina Small Business Chamber of Commerce,South Carolina Small Business Chamber of Commerce,≤100
75353945070,Boxed Water Is Better,Boxed Water Is Better,≤100
1869687273277265,Run for Something,Run For Something PAC,≤100
104679177804089,45 Changes Lives,PKA Karate Academy Inc,≤100
391872261636792,2020unity,"ForFact LLC, DBA 2020unity",≤100
101278694809805,Meme2020,Meme2020,≤100
206743952696198,Lower My Bills,"LMB OpCo, LLC",≤100
505653766599222,America First with Dr. Sebastian Gorka,Salem Media,≤100
105425681281873,The Way to Liberty,Christopher Allen Supek,≤100
17475614410,Hispanic Federation,Paid for by Hispanic Federation with Facebook Ad Credits,≤100
12692955711,Chronicle of Higher Education,"CHRONICLE OF HIGHER EDUCATION, INC. (THE)",≤100
810122486032496,Jackie Gordon,JACKIE GORDON FOR CONGRESS,≤100
125319303823,Champlain College,Champlain College Incorporated,≤100
138141366212571,Gravis Marketing,GRAVIS MARKETING INC.,≤100
950998258312654,Knowhere,"Knowhere, Inc.",≤100
1399736660066130,Jews for a Secular Democracy,Society for Humanistic Judaism,≤100
107439427661844,Accountable Tech,Accountable Tech,≤100
183652338778141,Our Country Our Vote,OUR COUNTRY OUR VOTE INC,≤100
475820496534374,Trend Droppers,These ads ran without a disclaimer,≤100
1802177709900081,The Spectator US,The Spectator US,≤100
54787697857,Ron Wyden,WYDEN FOR SENATE,≤100
12503116997,Dennis Prager,Salem Media,≤100
135500133147357,ProEnglish,US INC,≤100
262680017949612,Quincy Institute for Responsible Statecraft,Quincy Institute,≤100
1311291038982513,2A Gear,Teecreations LLC,≤100
548407915183371,Liz Cheney,Liz Cheney for Wyoming,≤100
105872574403318,Project TAMMI,a research grant at The National Center on Addiction and Substance Abuse (CASA),≤100
21090771700,Gun Owners of America,Gun Owners of America,≤100
16534314739,Facing History and Ourselves,"FACING HISTORY AND OURSELVES NATIONAL FOUNDATION, INC.",≤100
497741237272262,Susan Wild for Congress,Susan Wild for Congress,≤100
47712360678,Jobs With Justice,Jobs With Justice,≤100
161356730701227,Amanda Stuck,Amanda Stuck for Congress,≤100
1187681427913179,100 Years of Deception,Alan Adaschik,≤100
452797224923658,Democratic Coalition Against Trump,THE DEMOCRATIC COALITION,≤100
103983379801,Texas Democratic Party,Texas Democratic Party,≤100
104366694647716,Mike Price Muscle Shoals City Council Place 5,Michael Scott Price,≤100
104224114671958,Energy For Progress,The American Petroleum Institute,≤100
72931140459,Center for Biological Diversity,"CENTER FOR BIOLOGICAL DIVERSITY, INC.",≤100
108684994060458,Melissa Fryzel for NM Senate Dist. 8,Citizens for Melissa Fryzel,≤100
102673738084465,Illuxus,Illuxus,≤100
1634651343331439,Project Wren,Landon Brand,≤100
72565633140,Soles4Souls,"SOLES4SOULS, INC.",≤100
487191351404842,National Women's Prayer and Voting Army,National Women's Prayer and Voting Army,≤100
327202261326682,Stephanie Bice,Bice for Congress,≤100
56282222521,Houghton Mifflin Harcourt Trade,Houghton Mifflin Harcourt,≤100
103815167900936,Friends of Frost,Friends of Frost,≤100
7209432197,Chris Coons,CHRIS COONS FOR DELAWARE,≤100
508000862735983,Israelis 4 Trump,Israelis 4 Trump,≤100
102854561467441,Dr. Rema 4 MSU,Committee to Elect Dr. Rema Vassar,≤100
2255535767896743,Mark Robinson for N.C.,Mark Robinson for NC,≤100
1709145412721991,The Center for Growth and Opportunity at Utah State University,The Center for Growth and Opportunity,≤100
106245384043438,Tims For Congress,FRIENDS OF DESIREE TIMS,≤100
114971076538782,The Keystone,"Courier Newsroom, Inc.",≤100
2070944712939738,American Police Officers Alliance,American Police Officers Alliance,≤100
2383704891852888,Cheryl Baber for State Senate 35,Families for Cheryl Baber 2020,≤100
294196590710262,FWD.us,FWD.us,≤100
100317785056167,Prairie Fire Illinois,Prairie Fire,≤100
108109934203874,Insta Shop Boutique,Insta Shop Boutique,≤100
1536587453277219,Dr. Steve Turley,Turley Talks LLC,≤100
90022052772,Williams,"WILLIAMS COMPANIES, INC., THE",≤100
206052849902620,Intermountain Immigration,"Intermountain Immigration, LLC",≤100
182079698493370,Portside,Portside,≤100
299295363912730,New Politics Leadership Academy,New Politics Leadership Academy,≤100
102336501236330,Alliance for an Affordable DC,The American Beverage Association. Brought to you by the Alliance for an Affordable DC.,≤100
1229789977123022,Debbie Lesko for Congress,DEBBIE LESKO FOR CONGRESS,≤100
49275915266,Marie Stopes International,MSI-US,≤100
334748476594191,Rodney Davis,Rodney for Congress,≤100
394382318084500,United Against Mitch,GUARDIAN PAC,≤100
169440273093442,The Center for Election Science,The Center for Election Science,≤100
100133611824182,Cortwo,"Cortwo, Inc.",≤100
34992314695,National Center for Public Policy Research,NATIONAL CENTER FOR PUBLIC POLICY RESEARCH,≤100
210820618956311,Community Change Action,Community Change Action,≤100
114959470308415,Americans Uniting,Grant Alan Johnston,≤100
172783160290727,New Civil Liberties Alliance,NEW CIVIL LIBERTIES ALLIANCE,≤100
1683472645227089,TRUMPWholesaleProducts.com,www.abcSigns.Biz,≤100
239658882763974,Poverty USA by CCHD,UNITED STATES CONFERENCE OF CATHOLIC BISHOPS,≤100
176466646087311,DC Fawcett,VREIC,≤100
522661794851179,West Michigan Families First,Michigan Democratic State Central Committee,≤100
165566613453452,ERLC,ETHICS AND RELIGIOUS LIBERTY COMMISSION OF THE SOUTHERN BAPTIST,≤100
106114264313679,Hunt The Vote,"Hunter Nation, Inc.",≤100
126196544216164,American Solidarity Party,AMERICAN SOLIDARITY PARTY,≤100
1452551204988299,GoReact,Speakworks Inc,≤100
133979276345,Georgia Farm Bureau,"GEORGIA FARM BUREAU FEDERATION, INC.",≤100
2259323457517498,Abolish the Electoral College,ABOLISH THE ELECTORAL COLLEGE,≤100
640542276575874,Trump Universe,Nigel Mitchell George,≤100
354329797956187,The Catholic Association,"The Catholic Association, Inc",≤100
1576236875930301,Global Cyber Alliance,Global Cyber Alliance with ad credits,≤100
700941689954518,Defend Our Future,Defend Our Future,≤100
243502949110951,Airport Workers United,SERVICE EMPLOYEES INTERNATIONAL UNION,≤100
105882964535390,Cats Against Trump,Cats Against Trump,≤100
653446288035243,Edward B. Goehring,Edward B. Goehring,≤100
106629127527429,Kathy Barnette for Congress PA 04,Friends for Kathy Barnette,≤100
120778038066631,EveryLibrary,EveryLibrary,≤100
114301413446447,Kennebunkport Climate Initiative,Kennebunkport Climate Initiative,≤100
100124595113383,Victor Ashe,"William F. Buckley, Jr. Program",≤100
41036437395,Macular Degeneration Research,"BRIGHTFOCUS FOUNDATION, INC. A/K/A BRIGHTFOCUS FOUNDATION",≤100
114905456962689,The B-Locke Show,Brandon Christopher Locke,≤100
207833736045744,MHAction.org,Kevin R Borden,≤100
7630216751,DoSomething.org,DOSOMETHING.ORG,≤100
227535924071462,Animal Petitions,AnimalPetitions.org,≤100
29775770058,PATH,PATH,≤100
349068689306,Tim Scott,TIM SCOTT FOR SENATE,≤100
154073598727116,Josh Calloway for State Representative 10th District,Josh Calloway for State Representative,≤100
907919839243616,My Faith Votes,My Faith Votes,≤100
360424321432255,Doha Debates,Doha Debates,≤100
45954849475,Food Bank of Delaware,"FOOD BANK OF DELAWARE, INC.",≤100
111151490241542,Pollemix,Pollemix,≤100
104602514593537,A New Voice for Justice,"The Committees to Elect Ned Fuller For NM Supreme Court, Kerry Morris For NM Supreme Court, B Johnson Judge - Ct App & Lee For NMCA",≤100
494259170754224,Keeping IDentities Safe,KEEPING IDENTITIES SAFE,≤100
108506830560787,Jessica Scarane,JESS SCARANE FOR DELAWARE,≤100
545313338963764,Matt Meyer,Meyer for New Castle County,≤100
129181937109516,CFT - California Federation of Teachers,CALIFORNIA FEDERATION OF TEACHERS,≤100
57940793932,AARP South Dakota,AARP,≤100
336440323158789,Jack Burkman Radio,Jack Burkman Radio,≤100
26668999076,The Cato Institute,"CATO INSTITUTE, INC.",≤100
111597310595312,Enough Already 2020,Enough Already,≤100
497433567299699,Overstreet 2020,Overstreet 2020,≤100
164513254148611,America's Voice News,Barbara Jean Lawrence,≤100
106469237841757,Biden & Commala 2020,Kevin Lee Mendel,≤100
211049239087028,Association of Young Americans,Benjamin J Brown,≤100
296914550322200,Jose Javier Rodriguez,Florida Democratic Legislative Campaign Committee,≤100
59254639983,Boston Medical Center,BOSTON MEDICAL CENTER,≤100
137606354090,South Carolina Republican Party,SOUTH CAROLINA REPUBLICAN PARTY,≤100
1202514329820178,Don Blankenship,Don Blankenship,≤100
1789651861157958,Values To Action,Values to Action,≤100
105925611163226,Harlow for City Council Place 1,Campaign to elect Leah Harlow to Ozark City Council Place 1,≤100
117513180002579,John Shallman,Target Marketing Digital,≤100
105561217523274,The_Dispatch,"Dispatch Media, Inc.",≤100
9394693002,Bloomberg LP,Bloomberg LP,≤100
245741028804051,Barbara Sinatra Center,Barbara Sinatra Children's Center,≤100
107638384248580,Our America,Bryant Wayne Young,≤100
46396911959,Bethany Christian Services,Bethany Christian Services,≤100
1166660030079480,National Democratic Redistricting Committee,National Democratic Redistricting Committee,≤100
161186620643972,American Institute for Economic Research,AMERICAN INSTITUTE FOR ECONOMIC RESEARCH,≤100
265045056894488,Mark Meckler,Convention of States Action,≤100
399060493533519,The Justice Foundation,JUSTICE FOUNDATION,≤100
172552106115265,Patheos Evangelical,Patheos Evangelical,≤100
161241200590949,Speak For The Unborn,Speak for the Unborn,≤100
135997359926517,SSDC Services,Jefery James Wenzel,≤100
434224137354568,Dr. Rich McCormick for Congress,Friends of McCormick,≤100
1695950424027488,Andy Hallinan,Andrew Lawrence Hallinan,≤100
112556903649130,Louder Than Hate,"Louder Than Hate, LLC",≤100
114994916573293,CareForAllChildren,CareForAllChildren,≤100
207549645977714,Families Belong Together,Families Belong Together,≤100
1145019702185006,Alliance for Safety and Justice,Alliance for Safety and Justice,≤100
23245606841,Hachette Book Group,"Hachette Book Group, Inc.",≤100
149366465128820,Nicole Galloway,Nicole Galloway for Missouri,≤100
102285138227999,"Marsha Blackburn, Author","Premiere Marketing, Inc.",≤100
361960287311696,Better Medicare Alliance,"Better Medicare Alliance, Inc",≤100
108503659576,National Coalition for Public School Options,National Coalition for Public School Options,≤100
8914040942,Chesapeake Bay Foundation,"CHESAPEAKE BAY FOUNDATION, INC., THE",≤100
696930446991476,Financialadviser.com,FinancialAdviser.com,≤100
2187732528163720,Swaggy Q,PRJRSOUND,≤100
808450969246896,"Rebecca Walser, Tax Attorney, CFP",Walser Wealth Management,≤100
126694924050678,Xavier Becerra,Becerra for Attorney General 2022,≤100
103934071014071,Fire Drill Fridays,"GREENPEACE, INC.",≤100
108363924220843,Stacy Brooks for 4th District Judge,Brooks for Judge,≤100
89324781720,Pat Toomey,Friends of Pat Toomey,≤100
115700478533045,Progress North Carolina Action,Progress NC Action,≤100
1528498354074301,Punching Bag Media - Conservative News,Sean Michael Probber,≤100
105287044367027,ObsessedwithTrump,Donald Lee Rowan,≤100
114937555342547,Seth Abramson,Macmillan Publishing,≤100
101080714884609,Making the Case,Mario J Fratto,≤100
102729624670835,MinuteStats,Minute Stats,≤100
200224630053159,Ben McAdams,FRIENDS OF BEN MCADAMS,≤100
467503009987109,"Healthy Forests, Healthy Communities","Healthy Forests, Healthy Communities",≤100
108797534098691,Keep Gifts Great,Adrian Choi Conger,≤100
182620315479,Plan International USA,Plan International USA,≤100
113335773562471,President Trump For Re-Election,Great American Era,≤100
50576707351,Republican State Leadership Committee,Republican State Leadership Committee,≤100
65253078807,AARP KY,AARP,≤100
260536047319339,RN Action,American Nurses Association,≤100
1295279420598401,Victoria Spartz,VICTORIA SPARTZ FOR CONGRESS,≤100
45013872425,The Ripon Society,RIPON SOCIETY,≤100
109916414010782,Jen Zinone for Congress,JEN ZINONE FOR CONGRESS,≤100
105331754570572,Presidents Mint,Kevin Ross Santiago,≤100
243510442756370,Justice Democrats,JUSTICE DEMOCRATS PAC,≤100
329272720965256,GALvanize USA,GALvanize USA,≤100
113644103666790,America First,TruthLion,≤100
28144169620,Alliance for Aging Research,Alliance for Aging Research,≤100
107569650978840,Sanall,Sanall,≤100
789696478072946,The Liberty Loft,The Liberty Loft,≤100
113349550443775,Webfic,These ads ran without a disclaimer,≤100
279890513018,Islamic Networks Group - ING,"ISLAMIC NETWORKS, INC.",≤100
312208869424760,Field Team 6,Cory Cambridge Alpert,≤100
100821338289859,Republicans For Integrity,Republicans For Integrity,≤100
139661999752,Medical Association of Georgia (MAG),"MEDICAL ASSOCIATION OF GEORGIA, THE",≤100
153167611414243,Ohio House Democrats,The Ohio House Democratic Caucus,≤100
1833879943496521,Spread The Vote,Spread the Vote,≤100
111536353963034,"Vote Him Out, Inc.",Vote Him Out,≤100
102970113093477,Church Militant/St. Michael’s Media,Max Aldcander Douglas,≤100
101295517956158,Tricia Zunker,Tricia Zunker for Wisconsin,≤100
9694956217,Animal Legal Defense Fund,ANIMAL LEGAL DEFENSE FUND,≤100
341240953385902,Force Of Nature Meats,Force of Nature,≤100
170918006892,G.I. Jobs,Victory Media DBA GI Jobs,≤100
2123425971065747,Sora Schools,Indra Putra Sofian,≤100
202286639832171,Dr. Robert Jeffress,FIRST BAPTIST CHURCH DALLAS,≤100
101485404914361,Bad News Wares,Bad News Wares,≤100
106524727819174,True Patriot Supply Co.,True Patriot Supply Co,≤100
100282844948704,Open Enrollment Health Insurance,GROW with MKG LLC,≤100
107181377705279,Runs for a Purpose,Homebase Media,≤100
235667486509987,U.S. Vote Foundation,U.S. VOTE FOUNDATION,≤100
205795426669644,Facts and Logic about the Middle East,Facts and Logic About the Middle East,≤100
15771560300,Earthjustice,EARTHJUSTICE,≤100
803593949793556,Wealth Empowerment Network,Wealth Empowerment Network,≤100
522652384563753,Ohio Gun Owners,Ohio Gun Owners,≤100
485980975070908,Abigail Spanberger,SPANBERGER FOR CONGRESS,≤100
36634376117,HarperKids Books,HARPERCOLLINS PUBLISHERS LLC,≤100
171524666565192,Dave Stauffer for Governor,David Stauffer,≤100
97466887664,Innocence Project,"INNOCENCE PROJECT, INC., THE",≤100
1863789933891583,Black people who invest in the stock market,These ads ran without a disclaimer,≤100
114841756979418,Ivelostmymarbles.com,ivelostmymarbles.com,≤100
342006339184405,National Children's Alliance,NATIONAL CHILDRENS ALLIANCE INC,≤100
814260155318929,The Fairness Project,The Fairness Project,≤100
1947525322184514,One Fair Wage,One Fair Wage,≤100
110468488981853,UNRWA USA,UNRWA USA,≤100
350692761610088,Matt Cartwright for U.S. Congress,CARTWRIGHT FOR CONGRESS,≤100
174046949421616,Phenomenal Woman Action Campaign,Phenomenal Woman Action Campaign,≤100
200676905671,We Are ALPA,Air Line Pilots Association,≤100
101254941260967,Retake the House 2020,RETAKE THE HOUSE 2020,≤100
5887538795,Education Week,Education Week,≤100
78420171887,Sailors for the Sea,SAILORS FOR THE SEAINC,≤100
221890358218748,Til Valhalla Project,Til Valhalla Project,≤100
106572950040377,Max Rose,MAX ROSE FOR CONGRESS,≤100
316498251698370,Adam Gray for Assembly,Gray for Assembly 2020,≤100
105188847940993,Red America Store,Red America Store,≤100
130945114804,World Jewish Congress,WORLD JEWISH CONGRESS AMERICAN SECTION INC,≤100
81372493950,POET,POET,≤100
101485931485408,UNITEDemocrats,UNITEDEMOCRATS PAC,≤100
780606555331010,American Student Loan Advocate,ASLR Marketing,≤100
1596671280578981,Schools & Communities First,Schools and Communities First,≤100
19474609238,Mercatus Center at George Mason University,Mercatus Center at George Mason University,≤100
868405419972384,The Outrage,The Outrage,≤100
118303441570966,Home Ownership Matters,NATIONAL ASSOCIATION OF REALTORS,≤100
682990071843813,Center for the Study of Liberty,Center for the Study of Liberty,≤100
1461833850762156,Koch Alert,THE DEMOCRATIC COALITION,≤100
260131294484,Bethesda Lutheran Communities,Bethesda Lutheran Communities,≤100
110959362410288,Jewish Insider,Anthony Parker Sheehan,≤100
243947752771440,TJ Cox for Congress,TJ COX FOR CONGRESS,≤100
143173285763,Tenth Amendment Center,Tenth Amendment Center,≤100
1679521432262834,Physicians Grassroots Network,American Medical Association,≤100
12185972707,350.org,350.org,≤100
562062183807179,United Plant Savers,UNITED PLANT SAVERS,≤100
583715925012376,Mayor Trent Staggs,Staggs for Mayor,≤100
103034718068007,Pigeon Poolitics,Sassan Yousefi,≤100
112075920436304,Kelly Sloop,Friends of Kelly Sloop,≤100
171287339973880,LCV Victory Fund,"LCV Victory Fund, 202-785-8683, and not authorized by any candidate or candidate’s committee",≤100
38882699096,Polaris,POLARIS PROJECT,≤100
747783932079184,Jared Golden,COMMITTEE TO ELECT JARED GOLDEN,≤100
345946329411380,Petal Soap,Jason Paul Domangue,≤100
118178241651488,DSPolitical,"DSPolitical, LLC",≤100
300992409852,Hoover Institution,Hoover Institution,≤100
56332452163,AMA Patients Action Network,American Medical Association,≤100
721961664497462,CD5 MNGOP,5TH CONGRESSIONAL DISTRICT RPM,≤100
235762319779450,Omar Navarro,OMAR NAVARRO FOR CONGRESS,≤100
154042277970966,International Refugee Assistance Project,"INTERNATIONAL REFUGEE ASSISTANCE PROJECT, INC.",≤100
143021112391265,Jacobin magazine,Jacobin Foundation,≤100
18813753280,Human Rights Campaign,"HUMAN RIGHTS CAMPAIGN, INC.",≤100
236202856952953,The Washtub Llc,The Washtub LLC,≤100
615854911830541,Shore Buddies,Shore Buddies,≤100
146211696845,University of Pennsylvania Carey Law School,Marin Nicole Smith,≤100
1387062348242626,Progress Arizona,ProgressNow AZ,≤100
11911627997,Pancreatic Cancer Action Network,"PANCREATIC CANCER ACTION NETWORK, INC.",≤100
101041998305221,The Proud Republicans,Great American Era LLC,≤100
116097500086,Samuel Chu,Samuel Muk Man Chu,≤100
106469614050226,All Star Pro Gifts,"SAP All Star Promotions, LLC",≤100
340754919866502,Tom Foolery Podcast,Tom Foolery Podcast,≤100
1461100540775171,The Tuttle Twins,These ads ran without a disclaimer,≤100
518194348194441,RepresentUs,RepresentUs,≤100
190987118163092,Connected Clothing Company,Connected Clothing Company,≤100
44948378512,Destiny Image Publishers,"DESTINY IMAGE, INC.",≤100
1892552227740121,Human Race Unite,Human Race United Group of America Incorporated,≤100
92730524910,AdventHealth,AdventHealth,≤100
358930818155832,Ava Blaze Apparel Co.,Antoinette Kathleen Adkins,≤100
55549065733,Voto Latino,VOTO LATINO INC.,≤100
281312429284144,Tees Distributions,Tees Distributions,≤100
592347634460462,Partnership for America's Health Care Future,Partnership for America's Health Care Future,≤100
1039601176181323,Kathy Wyenandt for State Senate,Friends of Kathy Wyenandt,≤100
166166843531258,National Council of Resistance of Iran - شورای ملی مقاومت ایران,MEK-Iran (Saeid Saadati),≤100
206202032757114,Nature and Culture International,NATURE AND CULTURE INTERNATIONAL,≤100
301228420816284,Teresa Leger Fernandez,TERESA FOR ALL,≤100
289753757748740,Sgt. Benjamin Anthony,Our Soldiers Speak,≤100
183517831660100,Morning Consult,Morning Consult LLC,≤100
975936642565093,Re-Elect Brian Plant for Trussville City Council Place 4,Committee to Re-Elect Brian Plant,≤100
534064333315303,Nova Bucks,Network of Victim Assistance (NOVA),≤100
104881317722736,Get-It-Out,Matthew Justin Viles,≤100
159597424207730,David Perdue,PERDUE FOR SENATE,≤100
1864721517082089,Democratic Attorneys General Association,Democratic Attorneys General Association,≤100
166941406671456,First Focus Campaign for Children,First Focus Campaign For Children Inc,≤100
156919911022572,Steven Horsford,NEVADANS FOR STEVEN HORSFORD,≤100
146754548089,CityTeam,CityTeam,≤100
108181437475137,Jerry Wayne AR-14,These ads ran without a disclaimer,≤100
2109637279297531,The Bad Seed,Adam Kidron,≤100
127494452109914,Randy Fondren for City Council,Campaign to Elect Randy Fondren for City Council District 5,≤100
751679868274074,Hope for Students,THE EXPECTATIONS PROJECT INC,≤100
618293268996755,America's Citizen Press,America's Citizen Press,≤100
241247646424302,Jahana Hayes,FRIENDS OF JAHANA HAYES,≤100
10150124349775072,"Riddle & Brantley, LLP","RIDDLE & BRANTLEY, LLP",≤100
105118121130995,Floyd County Kentucky Republican Party,Linda W Rose,≤100
41309865723,Democrats.com,DEMOCRATS.COM,≤100
272231263672060,Mitch Daniels Leadership Foundation,"Mitch Daniels Leadership Foundation, Inc",≤100
1640970822834351,Plaine Products,Plaine Products,≤100
70090474914,American Farmland Trust,"AMERICAN FARMLAND TRUST, INC",≤100
116907753042353,TOL,Serdar Turan,≤100
587676831343390,Raheem AI,RAHEEM AI,≤100
108282864070156,1776 Unites,Woodson Center,≤100
486324651440186,Plastic Bank,Erin Lillian Rand,≤100
153477451455783,The Optimist Daily,"The Optimist Publications, LLC",≤100
2339203789732156,Kim Mangone for Congress,COMMITTEE TO ELECT KIM MANGONE FOR CONGRESS,≤100
173766563174642,One Door Studios,Stephen Philip Wollwerth,≤100
1709411425966576,Trump Store America,SPALDING GROUP INC,≤100
1014291495249813,Politicon,Politicon,≤100
113491057114450,Chad Leverett for Pelham,Chad Alan Leverett,≤100
1672251909670224,God Is Dope,These ads ran without a disclaimer,≤100
109031490819190,Vote Kendrick Gear,The Committee to Elect Kendrick Gear for City Council Ward 3,≤100
97624620788,American Friends of Magen David Adom,AMERICAN FRIENDS OF MAGEN DAVID ADOM,≤100
9316648525,The Chicago School of Professional Psychology,TCS Education System,≤100
110280253735683,Alexandria Ocasio-Cortez Fan Club,Imran M Jemal,≤100
106792764149594,Conservative News Daily,Cory Steven Brown,≤100
10897453188,Operation Mobilization - OM USA,"OPERATION MOBILIZATION USA, INC.",≤100
490374428003966,Oklahomans For Energy Options,Oklahomans For Energy Options,≤100
110274720431086,Phyllis Harvey-Hall,CAMPAIGN TO ELECT PHYLLIS HARVEY-HALL,≤100
168109446538119,St. Martin's Press,Macmillan Publishing,≤100
114209360263932,On Point with Rachel Tourgeman,Rachel Tourgeman,≤100
141786816970,Cruise Lines International Association - CLIA,Cruise Lines International Association,≤100
17432811417,Working Families Party,Working Families Party,≤100
101692531643025,Die Hard USA,Die Hard USA,≤100
615935445223906,Jim Marchant,MARCHANT FOR CONGRESS,≤100