﻿Location Name,Amount Spent (USD)
Alabama,34672
Alaska,9688
American Samoa,≤100
Arizona,126286
Arkansas,20696
California,384292
Colorado,96466
Connecticut,25722
Delaware,9507
Florida,254949
Georgia,83263
Guam,206
Hawaii,10663
Idaho,12084
Illinois,99082
Indiana,43254
Iowa,29009
Kansas,23580
Kentucky,115284
Louisiana,35656
Maine,33131
Maryland,50184
Massachusetts,59591
Michigan,150720
Minnesota,58581
Mississippi,19170
Missouri,49237
Montana,17306
Nebraska,13436
Nevada,25743
New Hampshire,12152
New Jersey,88464
New Mexico,22357
New York,366970
North Carolina,131108
North Dakota,4615
Northern Mariana Islands,≤100
Ohio,85540
Oklahoma,59008
Oregon,43511
Pennsylvania,164782
Puerto Rico,701
Rhode Island,9033
South Carolina,50796
South Dakota,5106
Tennessee,52105
Texas,234210
Unknown,≤100
Utah,38133
Vermont,6242
Virgin Islands (U.S.),≤100
Virginia,77258
Washington,73958
"Washington, District of Columbia",15439
West Virginia,13607
Wisconsin,79614
Wyoming,4610