﻿Page ID,Page Name,Disclaimer,Amount Spent (USD)
50481700261,Mufi Hannemann,Hannemann Committee 2020,677
153080620724,Donald J. Trump,TRUMP MAKE AMERICA GREAT AGAIN COMMITTEE,565
6726182861,Mike Pence,TRUMP MAKE AMERICA GREAT AGAIN COMMITTEE,413
269291469269,Colleen Hanabusa,Hanabusa 2020,393
101220731628723,Jane Clement,Friends of Jane Clement,383
20787991568,Senate Democrats,DSCC,331
1615018905412860,Progressive Turnout Project,PROGRESSIVE TURNOUT PROJECT,316
7860876103,Joe Biden,BIDEN VICTORY FUND,311
156968474833352,Stop Republicans,Stop Republicans,245
659763257512664,Kym Pine Mayor 2020,Friends of Kymberly Pine,229
2122623864482966,Radiant Cordero,Friends of Radiant Cordero,225
96935476345,Democratic Governors Association (DGA),Democratic Governors Association,197
111104088916258,Office of Hawaiian Affairs,Office of Hawaiian Affairs,193
113445713531586,Patrick Pihana Branco for State House,Friends of Patrick Pihana Branco,169
153080620724,Donald J. Trump,"DONALD J. TRUMP FOR PRESIDENT, INC.",159
1633277453612966,Jacob Aki for City Council,Friends of Jacob Aki,152
100753671390225,Steve Alm for Prosecutor,Steve Alm for Prosecutor,148
103052507906612,Rick Blangiardi for Mayor,Rick Blangiardi for Mayor,128
114752699886655,Amemiya For Mayor,Amemiya For Mayor,114
1771156219840594,Team Trump,TRUMP MAKE AMERICA GREAT AGAIN COMMITTEE,104
33110852384,Doctors Without Borders/ Médecins Sans Frontières (MSF),Doctors Without Borders/Médecins Sans Frontières (MSF),102
103840757886247,Akao for House 51,Akao For House 51,101
1745691098822972,Brad Parscale,TRUMP MAKE AMERICA GREAT AGAIN COMMITTEE,≤100
103745284693090,Vote for Ilagan,Vote for Ilagan,≤100
104856814505092,The Kids Guide,The Kids Guide,≤100
277005566267077,Blueland,Blueland,≤100
101515864951664,James Dickens for U.S. Congress Hawaii District 1,James Andrew Dickens,≤100
9324910069,NRSC,NRSC,≤100
127755494595870,Progressive Takeover,PROGRESSIVE TAKEOVER,≤100
104767014528999,Stacy Higa for Mayor,Friends of Stacy Higa,≤100
135533086461631,Hawaii Children's Action Network,HAWAII CHILDREN'S ACTION NETWORK,≤100
105756057589080,The Lincoln Project,The Lincoln Project,≤100
203197030603239,8 Billion Trees,8 Billion Trees LLC,≤100
2330577043935831,Sara Gideon,SARA GIDEON FOR MAINE,≤100
111393882812494,Amy McGrath,"AMY MCGRATH FOR SENATE, INC.",≤100
112035147201116,Join Patel 2020 Maui County Council,Friends of Join Patel,≤100
328072970642479,Jaime Harrison,JAIME HARRISON FOR US SENATE,≤100
8501031021,VoteVets.org,"VoteVets Action Fund, Inc.",≤100
429812024048177,Doug Jones for Senate,DOUG JONES FOR SENATE COMMITTEE,≤100
791543660926838,"I'll go ahead and keep my guns, Thanks",2A4LIFE LLC,≤100
113137723493378,Kathy Davenport for City Council,Friends of Kathleen Davenport,≤100
405856826499790,Jeanné Kapela,Friends of Jeanné Kapela,≤100
203805062990264,Ben Shapiro,The Daily Wire,≤100
107654924064350,Pat Timmons-Goodson,PATRICIA TIMMONS-GOODSON FOR CONGRESS,≤100
109791060583054,Adrian Tam,Friends of Adrian Tam,≤100
163148530407080,Captain Mark Kelly,MARK KELLY FOR SENATE,≤100
271835899503405,Dr. Addison Bulosan,Campaign for Dr. Addison Bulosan,≤100
296708523873754,Karla Dennis and Associates Inc.,"Karla Dennis & Associates, Inc",≤100
101799514780824,"Earl Tsuneyoshi, Honolulu City Council, District 9- Candidate",Earl Yuji Laniki Tsuneyoshi,≤100
96935476345,Democratic Governors Association (DGA),DEMOCRATIC ACTION,≤100
108548583863696,Becky Gardner,Friends of Becky Gardner,≤100
109092142462587,Adam Schiff,SCHIFF FOR CONGRESS,≤100
7833534974,Florida Democratic Party,Florida Democratic Party,≤100
925007000949719,ExxonMobil,Exxon Mobil Corporation,≤100
1073127702733530,Vote Lynn DeCoite,Friends of Lynn DeCoite,≤100
110177119192569,Knightscope,William Li,≤100
197090980416682,Keli'i Akina,Kelii Akina Campaign Committee,≤100
1336293769761923,Jon Ossoff,JON OSSOFF FOR SENATE,≤100
85452072376,Newsmax,Newsmax Media,≤100
132492254050920,American AF,AAF Nation,≤100
114625730266879,Republican Voters Against Trump,Defending Democracy Together,≤100
345504286342057,Keeping America Great Again,RightWingGear.com,≤100
2352630938293825,Mytacticalpromos,Entremax,≤100
97493741436,John W. Hickenlooper,HICKENLOOPER FOR COLORADO,≤100
8325302025,Friends of the Earth U.S.,Friends of the Earth,≤100
541807025833154,Malala Fund,Malala Fund,≤100
111168406971417,Esser for Justice,Esser for Justice,≤100
176789922364429,Steve Daines,STEVE DAINES FOR MONTANA,≤100
259130650776119,Mitch McConnell,MCCONNELL SENATE COMMITTEE,≤100
102671331487937,I Love My Freedom Store,I Love My Freedom,≤100
127225910653607,PragerU,PragerU,≤100
38235851310,USA for UNHCR,UNITED STATES ASSOCIATION FOR UNHCR,≤100
1771156219840594,Team Trump,"DONALD J. TRUMP FOR PRESIDENT, INC.",≤100
309308412520731,Sandy Hook Promise,Sandy Hook Promise,≤100
106244251043808,Reuse Plastics,"AMERICAN CHEMISTRY COUNCIL, INC.",≤100
602714436529710,End Citizens United,END CITIZENS UNITED,≤100
101591551371555,Fire Mitch. Save America.,SAVE AMERICA FUND,≤100
105684314394816,John Clark for Hawaii State Senate,FRIENDS OF JOHN CLARK,≤100
665345483483486,NRA - National Rifle Association of America,NATIONAL RIFLE ASSN OF AMERICA,≤100
18982436812,ACLU,American Civil Liberties Union,≤100
6041057841,The Humane Society of the United States,"HUMANE SOCIETY OF THE UNITED STATES, THE",≤100
101279451606075,Democratic Strategy Institute,Democratic Strategy Institute,≤100
332716170522025,America First Action,America First Action,≤100
185268212268839,Micah Pregitzer,Friends of Micah Pregitzer For Office,≤100
738321313044906,Amy Perruso,Friends of Amy Perruso,≤100
1316372698453411,Alexandria Ocasio-Cortez,Alexandria Ocasio-Cortez for Congress,≤100
8934429638,Planned Parenthood Action,Planned Parenthood Action Fund,≤100
109111900634787,Reverend Raphael Warnock,WARNOCK FOR GEORGIA,≤100
1025055787535714,A Case for Women,A Case for Women,≤100
121413376793,"Leavitt, Yamane & Soldner","LEAVITT, YAMANE & SOLDNER, ATTORNEYS AT LAW, A LAW CORPORATION",≤100
830121337093232,National Democratic Training Committee,NATIONAL DEMOCRATIC TRAINING COMMITTEE PAC,≤100
8047221596,Save the Children US,"SAVE THE CHILDREN FEDERATION, INC.",≤100
6726182861,Mike Pence,"DONALD J. TRUMP FOR PRESIDENT, INC.",≤100
7292655492,MoveOn,MOVEON.ORG POLITICAL ACTION,≤100
92925746942,Judicial Watch,Judicial Watch,≤100
114710126648118,Republican Dogs,Republican Dogs,≤100
2152581551622040,Paul Mossman For City Council,Paul Mossman Campaign Committee,≤100
80562389320,NARAL Pro-Choice America,NARAL Pro-Choice America,≤100
166487290734893,Rep. Troy Hashimoto for House,Friends of Troy Hashimoto,≤100
605168822998856,314 Action,314 ACTION FUND,≤100
103671161386149,Mayor Bud Stonebraker,Friends of Bud Stonebraker,≤100
342294162453301,Planned Parenthood,Planned Parenthood Federation of America,≤100
23875187730,Feeding America,Feeding America,≤100
104281147923553,Ryan Mandado for City Council,Friends of Ryan Mandado,≤100
142992759853421,Be A Hero,BE A HERO PAC,≤100
27311599342,Preemptive Love,Preemptive Love Coalition,≤100
167586229923327,World Food Program USA,World Food Program USA,≤100
25852730092,Care2,Care2 Inc,≤100
15687409793,World Wildlife Fund,World Wildlife Fund,≤100
159964696102,Kevin McCarthy,KEVIN MCCARTHY FOR CONGRESS,≤100
104504438466,Federal Voting Assistance Program - FVAP,Federal Voting Assistance Program,≤100
1609349729157998,Will Espero for Hawaii,Friends of Will Espero,≤100
165987503528599,Lindsey Graham,"TEAM GRAHAM, INC.",≤100
2353537341582545,Proud Patriots,Proud Patriots,≤100
107150077720746,American Collectibles,Christopher Walter Adams,≤100
2352551028300986,Honua Ola,Honua Ola Bioenergy,≤100
152236424848913,Hawai‘i Appleseed Center for Law and Economic Justice,HAWAII APPLESEED CENTER FOR LAW AND ECONOMIC JUSTICE,≤100
328853823844484,Balance of Power,Balance of Power,≤100
30139072158,CARE,CARE,≤100
112880207070872,Windows Roof Driveway,Kenji None Tomoda,≤100
115379705206001,U.S. Department of Homeland Security Blue Campaign,DHS Blue Campaign,≤100
25055115099,Intuit,INTUIT INC.,≤100
425771317501061,Michael Knowles,The Daily Wire,≤100
57259033959,AARP,AARP,≤100
107758757670203,BLM Direct,BLM Store LLC,≤100
178835922297833,American Clinical Laboratory Association,American Clinical Laboratory Association,≤100
73970658023,International Rescue Committee,International Rescue Committee,≤100
24330467048,Americans for Prosperity,AMERICANS FOR PROSPERITY,≤100
257019421075897,Cory Gardner,Cory Gardner for Senate,≤100
118502801658228,Young Kim,Young Kim for Congress,≤100
103319231415843,Vicki Higgins for Hawaii State Senate,Vicki Higgins for Hawaii State Senate 2020,≤100
107572730809638,End Money Bail California,"End Predatory & Unfair Money Bail, a coalition of justice reform and labor organizations. Committee major funding from Action Now Initiative, LLC, Patty Quillin, and Lynn Schusterman. Funding Details at www.fppc.ca.gov.",≤100
228754857151053,House Majority PAC,House Majority PAC,≤100
265268336865693,Do Amore,Do Amore Limited Company,≤100
107398241021186,The John Lewis Bridge Project,John Lewis Bridge Project,≤100
193618220508,LIFE Today,LIFE Outreach International,≤100
191399361209862,Vote Lee Loy,Vote Lee Loy,≤100
221737825045321,Trish La Chica for Mililani State House District 36,TLC For Mililani,≤100
278490715553293,Martha McSally,MCSALLY FOR SENATE INC,≤100
215968684159,AFT - American Federation of Teachers,American Federation of Teachers,≤100
788394134539871,USPS Business,United States Postal Service,≤100
126694924050678,Xavier Becerra,Becerra for Attorney General 2022,≤100
303061950155375,John James,"JOHN JAMES FOR SENATE, INC.",≤100
1228396643984955,Michelle Steel,Michelle Steel for Congress,≤100
107858693983382,The GOP Shop,The GOP Shop,≤100
35169196082,Project HOPE,"PROJECT HOPE-THE PEOPLE-TO-PEOPLE HEALTH FOUNDATION, INC.",≤100
570092813023833,Matt Walsh,The Daily Wire,≤100
101573461580609,Nick Love for Congress,Love for Congress,≤100
333710103706307,Giffords,GIFFORDS PAC,≤100
105732744375701,Steve Bullock,MONTANANS FOR BULLOCK,≤100
8741241286,Under Armour,These ads ran without a disclaimer,≤100
115514703152910,Tante Urban For Mayor 2020,Friends of Tante Urban for Mayor,≤100
103480581272569,Lisa Marten Hawaii,Friends of Lisa Marten,≤100
114813146890875,Noelani Cashman-Aiu for OHA,Friends Of Noelani Cashman-Aiu,≤100
228132537208218,Tammy Duckworth,TAMMY FOR ILLINOIS,≤100
653079394725698,Aspiration,Aspiration,≤100
107803440835562,US Hot Gears,Click Wonders,≤100
294508332028,Lakota People's Law Project,ROMERO INSTITUTE,≤100
102347958038811,Mike Ruggles for Mayor,Leah Langdon Henry,≤100
100126201737278,Patriots Take a Stand,Jae W Seo,≤100
213792049451918,Stand For America,Stand For America Inc,≤100
103185334702225,Stop Trump PAC,STOP 45 PAC,≤100
100247058343754,Mokihana Maldonado,Friends of Mokihana Maldonado,≤100
433919203362871,Bird + Stone,BIRD & STONE INC,≤100
17911165812,Covenant House International,Covenant House,≤100
15239367801,The Wilderness Society,"WILDERNESS SOCIETY, THE",≤100
8532248414,Wounded Warrior Project,"WOUNDED WARRIOR PROJECT, INC.",≤100
21375324480,The Heritage Foundation,HERITAGE FOUNDATION (THE),≤100
6231686654,Compassion International,"COMPASSION INTERNATIONAL, INCORPORATED",≤100
928157573942277,Friends of Eileen Ohara,Friends of Eileen Ohara,≤100
309798029121030,Everytown for Gun Safety,Everytown for Gun Safety Action Fund Inc,≤100
560140464159364,Stand for the 2nd Amendment,SFT2 Tactical Supply,≤100
1338822066131069,Women's March,Women's March,≤100
355316521236121,John Cornyn,TEXANS FOR SENATOR JOHN CORNYN INC.,≤100
196382377057315,Learn Our History,Learn Our History,≤100
8550121410,Free Speech America Project,MEDIA RESEARCH CENTER,≤100
103597604713894,Team Trump Store,TRUMP MAKE AMERICA GREAT AGAIN COMMITTEE,≤100
1690071827911682,Cleancult,cleancult,≤100
628891490457484,Nancy Mace,Nancy Mace for Congress,≤100
1109093812491437,Blaze Media,Blaze Media LLC,≤100
277414242013,Joyce Elliott for Congress,JOYCE ELLIOTT FOR CONGRESS,≤100
18813753280,Human Rights Campaign,"HUMAN RIGHTS CAMPAIGN, INC.",≤100
1934191280189700,Health Care Voter,Health Care Voter,≤100
5633824547,FreedomWorks,"FREEDOMWORKS, INC.",≤100
308159713150350,Voter Protection Project,VOTER PROTECTION PROJECT,≤100
107439427661844,Accountable Tech,Accountable Tech,≤100
717115395103069,PrintedKicks,Printed Kicks,≤100
444843026057642,Born From A Wave,Born From A Wave LLC,≤100
329284771298646,Issue One Action,Issue One Action,≤100
303167829786891,Ed Markey,THE MARKEY COMMITTEE,≤100
1000282923390749,Cedric for Hawai'i 2020,Cedric S Gates,≤100
2267285956849056,Donald Trump 2020 Fans,I Love My Freedom,≤100
7814597100,Jim Jordan for Congress,JIM JORDAN FOR CONGRESS,≤100
6820348410,Kirsten Gillibrand,Off the Sidelines,≤100
723230294365909,Ho'ola Na Pua,Ho'ola Na Pua,≤100
169710960125365,Curzio Research,Curzio Research Inc.,≤100
231518367314146,Kim Olson for Congress,KIMFORCONGRESS,≤100
108481950849713,Keoni Souza for OHA,Friends of Keoni Souza,≤100
51379424899,Mercy Ships,MERCY SHIPS INTERNATIONAL,≤100
11791104453,NRDC,Natural Resources Defense Council,≤100
45393753416,Alliance Defending Freedom,Alliance Defending Freedom,≤100
103644036958,United Association,United Association Political Education Committee,≤100
5720973755,Defenders of Wildlife,DEFENDERS OF WILDLIFE,≤100
312637845576285,Matt LoPresti - Politician,Friends for Matthew LoPresti,≤100
103235554648484,Elect Scientists,314 ACTION FUND,≤100
6236054211,Brady,Brady Campaign to Prevent Gun Violence,≤100
580610428636345,Fight for $15,Fight for $15,≤100
106630170901773,Ikaika Rodenhurst,Friends of Ikaika Rodenhurst,≤100
186932688457686,CHNGE,CHNGE,≤100
373814729643508,Let America Vote,LET AMERICA VOTE PAC,≤100
1883837055193241,Shield Republic,Shield Republic,≤100
894096170667732,Ashley Hinson,Ashley Hinson For Congress,≤100
228661587494398,Friends of Heather Kimball,Friends of Heather Kimball,≤100
465483726908192,iVote,IVote Civic Education Fund,≤100
108716317573380,David R Hamman for US Congress,DAVID R HAMMAN FOR CONGRESS,≤100
100137754724934,Trump 2020 Supporters,Proud Right Winger,≤100
171651620209487,Brady PAC,Brady Pac,≤100
72931140459,Center for Biological Diversity,"CENTER FOR BIOLOGICAL DIVERSITY, INC.",≤100
2037695643113766,Blexit,Blexit Foundation,≤100
15041226930,Oxfam,"OXFAM AMERICA, INC.",≤100
6500552187,Hulu,"HULU, LLC",≤100
107150077720746,American Collectibles,Proud Patriots,≤100
197760674021143,Indivisible Guide,INDIVISIBLE ACTION,≤100
245284549333866,ASMDSS,ASMDSS,≤100
150452905455,Andrew Klavan,The Daily Wire,≤100
113563323745924,Keep America Great,Keep America Great,≤100
16477459734,League of Conservation Voters,"LEAGUE OF CONSERVATION VOTERS, INC",≤100
80433353285,Taradel LLC,Taradel,≤100
101210588150219,Boy Scouts Abuse Claims,X Social Media LLC,≤100
1061240530648502,Joe Collins,JOE COLLINS FOR CONGRESS,≤100
407664862957433,Ammar Campa-Najjar for Congress,AMMAR CAMPA-NAJJAR FOR CONGRESS,≤100
461204744067686,Family Protection Association,Family Protection Association,≤100
38471053686,Elizabeth Warren,"WARREN DEMOCRATS, INC.",≤100
8934429638,Planned Parenthood Action,Planned Parenthood Votes,≤100
673117639774135,Gretchen Whitmer,Gretchen Whitmer for Governor,≤100
1852520761657982,4ocean,4ocean,≤100
105929991030423,My Freedom Jersey,"My Freedom Jersey, LLP",≤100
12301006942,Democratic Party,DNC SERVICES CORP./DEM. NAT'L COMMITTEE,≤100
107953199261156,ifaw,"INTERNATIONAL FUND FOR ANIMAL WELFARE, INC.",≤100
19972147679,SEIU,SEIU,≤100
683872625157265,Theresa Greenfield,THERESA GREENFIELD FOR IOWA,≤100
102617961152741,Barbara Bollier,BOLLIER FOR KANSAS,≤100
209516845093,NRDC Action Fund,NRDC Action Fund,≤100
2185993931653388,The Recount,"Recount Media, Inc",≤100
140357056032320,NEA Today,National Education Association,≤100
106323360959211,Patriots Republic,Matthew James Stine,≤100
108740417231320,Hawaii Don't Buy Sex,Elizabeth Marie Rush,≤100
21559454473,FAIR,FEDERATION FOR AMERICAN IMMIGRATION REFORM,≤100
143729616392084,Van Drew for Congress,Van Drew for Congress,≤100
1917715138510680,Follow Your Legend,Legend Bracelet,≤100
121626482110,Operation Smile,"OPERATION SMILE, INC.",≤100
586751814690068,Joni Ernst,Joni for Iowa,≤100
1095771340486187,Friends of James Logue,Friends of James Logue,≤100
2189265054726827,Liberty Tee Shop,www.libertyteeshop.com,≤100
100757504960070,Concealed_Country,Concealed Country,≤100
105060677844787,Bill Savings,Bill Savings,≤100
107207780965414,Paul Shiraishi for State Senate,Friends of Paul Shiraishi,≤100
69039563201,Open Doors USA,"OPEN DOORS WITH BROTHER ANDREW, INC.",≤100
19342050934,Leadership Institute,LEADERSHIP INSTITUTE INC,≤100
8321461609,MomsRising.org,MomsRising Together,≤100
36474716066,Color Of Change,ColorofChange.org,≤100
419237048158257,Susan Collins,COLLINS FOR SENATOR,≤100
1679521432262834,Physicians Grassroots Network,American Medical Association,≤100
101329438317952,Story Network Action,Story Network Foundation,≤100
834645469890446,Devin Nunes,DEVIN NUNES CAMPAIGN COMMITTEE,≤100
2146201085498440,Tony Gonzales,Tony Gonzales for Congress,≤100
13063797831,Ben Ray Luján,PEOPLE FOR BEN,≤100
1194865807192273,Conservative Gear,Outergoods LLC,≤100
2078647579047586,Project Pulso,Project Pulso,≤100
1836138529938551,Greater Half,Greater Half,≤100
53541257714,The Arc of the United States,The Arc with Facebook Ad Credits,≤100
27544763621,Prison Fellowship,Prison Fellowship,≤100
195530355493,Chicks On The Right,Chicks on the Right,≤100
6820348410,Kirsten Gillibrand,Gillibrand for Senate,≤100
107234674355454,2bkkstore,Kim Yen Nguyen,≤100
219247332354785,Phil Arballo for Congress,ARBALLO FOR CONGRESS,≤100
104934207736995,Paycheck to Paycheck,Center for American Progress Action Fund,≤100
7962229886,Environmental Working Group,ENVIRONMENTAL WORKING GROUP,≤100
1526736227567131,TrueCoverage,True Coverage,≤100
596556607135301,The Earthling Co.,The Earthling Co.,≤100
18709174006,National Audubon Society,"NATIONAL AUDUBON SOCIETY, INC.",≤100
118303441570966,Home Ownership Matters,NATIONAL ASSOCIATION OF REALTORS,≤100
87186661244,Johns Hopkins Bloomberg School of Public Health,Johns Hopkins Bloomberg School of Public Health,≤100
780941275347834,Ilhan Omar,ILHAN FOR CONGRESS,≤100
110018833813683,Flip the Senate,SMP,≤100
2339203789732156,Kim Mangone for Congress,COMMITTEE TO ELECT KIM MANGONE FOR CONGRESS,≤100
496696933682736,Jeff Merkley,JEFF MERKLEY FOR OREGON,≤100
106645684412573,Cover Air Medical,Cover Air Medical,≤100
111428049989,Cal Cunningham,CAL FOR NC,≤100
85273022315,NAMI,NAMI,≤100
137569740231452,Respect The Look,Respect The Look,≤100
100233068289560,Kanani Souza for State House,Friends of Kanani Souza,≤100
376776419037747,Turning Point USA,Turning Point USA,≤100
6165653060,AFSCME,AMERICAN FEDERATION OF STATE COUNTY & MUNICIPAL EMPLOYEES,≤100
176466646087311,DC Fawcett,Donald Chappell Fawcett,≤100
72186095846,Center For American Progress Action Fund,Center for American Progress Action Fund,≤100
971668776283950,PolicyEd,Hoover Institution,≤100
142370046577999,Shahid Buttar for Congress,Shahid Buttar for Congress Committee,≤100
113607417018084,Lei Kihoi for OHA Hawai‘i Island Trustee 2020,Lei Kihoi,≤100
108118933908193,Next Level Goods,Next Level Goods LLC,≤100
1435071773455316,Daily Wire,The Daily Wire,≤100
106402714456835,Trees 4 Australia,Trees4Australia,≤100
101724361319410,Ronny Jackson for U.S. Congress TX-13,Texans for Ronny Jackson,≤100
655065784538368,PredictIt,"PredictIt - Prediction Markets. A project of Victoria University of Wellington, PredictIt has been established to facilitate research into the way markets forecast events.",≤100
110974960642149,Proudly American,Grant Alan Johnston,≤100
105456291242733,Cooper Hefner For California,Cooper Hefner For California 2022 Exploratory Campaign,≤100
342887442508723,Convention of States,Convention of States Action,≤100
1709145412721991,The Center for Growth and Opportunity at Utah State University,The Center for Growth and Opportunity,≤100
166618413413767,Jay Sekulow,American Center for Law and Justice,≤100
1082522201878539,Gina Ortiz Jones for Congress,GINA ORTIZ JONES FOR CONGRESS,≤100
317284821682168,Messianic Jewish Alliance of America (MJAA),Messianic Jewish Alliance of America,≤100
232201568659,Pacific Justice Institute,PACIFIC JUSTICE INSTITUTE,≤100
111702860231554,Matt Lieberman,Matt Lieberman for Senate,≤100
1628679613829742,Josh Hicks,Josh Hicks for Congress,≤100
2165983337048601,LeverforChange,Lever for Change,≤100
1667892193505378,Hold the House,HOLD THE HOUSE PAC,≤100
1765073800454902,Reform Austin,Reform Austin Inc.,≤100
224684514243482,Tom Cotton,"COTTON FOR SENATE, INC.",≤100
100637888239523,Free Reign For All,Kin Ngai Yeung,≤100
90498769709,Edenpure,EdenPURE®,≤100
327837911149503,2A4Life,2A4LIFE LLC,≤100
1600352356914768,PushBlack,PushBlack,≤100
950998258312654,Knowhere,"Knowhere, Inc.",≤100
1055873511190792,Hello Resistance,Hello Resistance Apparel,≤100
347087988776818,"InControl Medical, LLC",These ads ran without a disclaimer,≤100
210277954204,The Young Turks,"The Young Turks, Inc.",≤100
103968964691129,WeRead,These ads ran without a disclaimer,≤100
46093654473,National Republican Congressional Committee,NRCC,≤100
143986912311328,University of Vermont Continuing and Distance Education,University of Vermont,≤100
2081864865362439,Mike Espy,MIKE ESPY FOR SENATE CAMPAIGN COMMITTEE,≤100
19746387261,Humane Society International,Humane Society International,≤100
87777747127,Greg Palast,Palast Investigative Fund,≤100
20876805343,March of Dimes,MARCH OF DIMES INC.,≤100
166166843531258,National Council of Resistance of Iran - شورای ملی مقاومت ایران,MEK-Iran (Saeid Saadati),≤100
101831013191301,The California Coast,California Coastal Commission Public Education Program,≤100
331037760381749,Sierra Magazine,SIERRA CLUB,≤100
113666459994300,Big Dan Rodimer for Congress,RODIMER FOR CONGRESS,≤100
61265398450,AmeriCorps NCCC,Corporation for National and Community Service,≤100
607626319739286,Black Voices for Trump,TRUMP MAKE AMERICA GREAT AGAIN COMMITTEE,≤100
300992409852,Hoover Institution,Hoover Institution,≤100
105566671190013,What We All Need,Patrick Le Tran,≤100
158791100909689,Concerned Veterans for America,Concerned Veterans for America,≤100
2098422990446914,Pono Home Essentials,Pono Home,≤100
911845658833043,I Am An Immigrant,FWD.us Education Fund,≤100
83290028957,Care Net,CARE NET,≤100
100256754899828,Patriot's Cave,Patriots Cave,≤100
29770886815,Marijuana Policy Project,Marijuana Policy Project,≤100
422202764649078,Rhode Island Department of Education - RIDE,Rhode Island Department of Education,≤100
305832706292882,American Gun Association,GunAssociation.org,≤100
30914589895,The International Fellowship of Christians and Jews,"INTERNATIONAL FELLOWSHIP OF CHRISTIANS & JEWS, INC.",≤100
55549065733,Voto Latino,VOTO LATINO INC.,≤100
706716899745696,Women for Trump,TRUMP MAKE AMERICA GREAT AGAIN COMMITTEE,≤100
101127364972509,Dems For USA,Dems For USA,≤100
8002590959,Rainforest Action Network,RAINFOREST ACTION NETWORK,≤100
105060269781,Premiere Collectibles,"Premiere Marketing, Inc.",≤100
107589664099282,Stand Up To China,"Stand Up To China, Inc.",≤100
1654364364841305,Volinsky for New Hampshire,Volinsky for New Hampshire,≤100
106003594486756,Standing Up Together,Annie Wang,≤100
259212814698356,Democratic Majority for Israel,DMFI PAC,≤100
21472760578,C-SPAN,C-SPAN,≤100
2259323457517498,Abolish the Electoral College,ABOLISH THE ELECTORAL COLLEGE,≤100
117641114435,First Aid Beauty,First Aid Beauty,≤100
153678684700451,American Investment Council,AMERICAN INVESTMENT COUNCIL,≤100
69983322463,Ted Cruz,TED CRUZ FOR SENATE,≤100
313097997669,StreetLightUSA,StreetLightUSA,≤100
23790541544,Democrats,DCCC,≤100
497081420632330,Hiral Tipirneni,HIRAL FOR CONGRESS,≤100
546066468753446,Black Health Matters,BLACK HEALTH MATTERS FOUNDATION INC,≤100
192015461630968,Supporting Our Brave Veterans,James Brian Plouf,≤100
953113491536337,Black to the Future Action Fund,Black to the Future Action Fund,≤100
110746996993983,The 'Gander Newsroom,Courier Newsroom,≤100
203330919857759,All On The Line,National Redistricting Action Fund,≤100
67626834312,National Women's Law Center,National Women's Law Center,≤100
911828698840246,ReLEntless Defender Apparel,ReLEntless Defender Apparel,≤100
493811210669780,Creative Action Network,Creative Action Network,≤100
203550842430,Mike Lee,FRIENDS OF MIKE LEE INC,≤100
105577974544303,The USA Needs More Patriots,Anthony Alexander Morales,≤100
101136147910784,Represent Justice,Represent Justice,≤100
105084617912738,PatriotQuizzes,patriotquizzes.com,≤100
110849485902,United Way,United Way Worldwide with Facebook Ad Credits,≤100
601108943431836,The Flip Side,TFS Inc,≤100
105222917615301,Jen Richardson for Congress,CITIZENS FOR JEN RICHARDSON,≤100
107210084216238,Humanity Forward,Humanity Forward,≤100
50982313030,Food & Water Watch,Food & Water Watch,≤100
115364585711,Lawyers' Committee for Civil Rights Under Law,Lawyers' Committee for Civil Rights Under the Law with Facebook Ad Credits,≤100
396932197039819,SafeSleeve,"SafeSleeve, LLC",≤100
100101018155207,Paid Leave for All,Paid Leave for All a project of Hopewell Fund,≤100
814260155318929,The Fairness Project,The Fairness Project,≤100
130945114804,World Jewish Congress,WORLD JEWISH CONGRESS AMERICAN SECTION INC,≤100
775525186130124,Center for a Free Economy,Center for a Free Economy,≤100
107428150756519,US Money Daily,USMoneyDaily,≤100
194115677277113,A21,A21 with Facebook Ad Credits,≤100
151525932186806,When Democrats Turn Out,WHEN DEMOCRATS TURN OUT PAC,≤100
1668350569891953,Rainbow Movement,William James Ulrich,≤100
101165966152,AFL-CIO,AFL-CIO,≤100
281844617168,Jewish Voice Ministries International,JEWISH VOICE MINISTRIES INTERNATIONAL,≤100
1413682351987764,Andy Kim for Congress,Andy Kim for Congress,≤100
34521916336,Brent Bozell,MEDIA RESEARCH CENTER,≤100
129255907131113,NumbersUSA,NUMBERSUSA EDUCATION AND RESEARCH FOUNDATION,≤100
292351509697,Jerusalem Prayer Team,Jerusalem Prayer Team,≤100
408250066356,Bill O'Reilly,"Bill Me, Inc.",≤100
79820371749,Ayanna Pressley,THE COMMITTEE TO ELECT AYANNA PRESSLEY,≤100
598924810530984,Keeping America Great,FamTeeWorld,≤100
785936231584382,Paula Jean Swearengin,Paula Jean for West Virginia,≤100
105010030848236,Bryant Cameron Webb,DR. CAMERON WEBB FOR CONGRESS,≤100
316887658336677,My Control Card,"NETSPEND HOLDINGS, INC.",≤100
153278754738777,Climate Reality,The Climate Reality Project,≤100
207549645977714,Families Belong Together,Families Belong Together,≤100
105829564471772,Patriots Stand Together,Trizzie Truong,≤100
21395843375,Dialysis Patient Citizens,DIALYSIS PATIENT CITIZENS INC,≤100
102592959026,Ocean Conservancy,"OCEAN CONSERVANCY, INC.",≤100
470241276500901,Women Vote,WOMEN VOTE!,≤100
143089732792,Marsha Blackburn,Blackburn Tennessee Victory Fund,≤100
2309566456030859,Human Coalition Action,Human Coalition Action,≤100
39910576365,National Alliance for Public Charter Schools,NATIONAL ALLIANCE FOR PUBLIC CHARTER SCHOOLS,≤100
139599847972,National Nurses United,National Nurses United,≤100
142665849854371,House Freedom,HOUSE FREEDOM FUND,≤100
142288373333,HIMSS,HIMSS,≤100
344690446467832,The Copper Courier,Courier Newsroom,≤100
169130743498585,Tactical Pro Supply,Chad Keller,≤100
49651563727,Live Action,Live Action,≤100
934438026690635,YouGov,YOUGOV AMERICA INC.,≤100
620876905078050,Debt Chef,These ads ran without a disclaimer,≤100
105455840860559,Eagle Realm,Eagle Realm,≤100
10150100007820094,Wendy Davis,WENDY DAVIS FOR CONGRESS,≤100
7263476274,Mercy Corps,Mercy Corps,≤100
1799282383731277,TwoSeventy,Alexander Jared Deutsch,≤100
23996308754,Senate Conservatives,SENATE CONSERVATIVES FUND,≤100
1530883997194411,United States Constitution,Flag and Cross,≤100
112431050497386,Patriotism For Life,Vivian Lam Nguyen,≤100
1947525322184514,One Fair Wage,One Fair Wage,≤100
149081336362,AmeriCorps VISTA,Corporation for National and Community Service,≤100
223055747744143,Beto O'Rourke,Powered By People,≤100
11111618026,Union of Concerned Scientists,"UNION OF CONCERNED SCIENTISTS, INC.",≤100
717417908274761,Lady Freethinker,Lady Freethinker,≤100
102330281223041,Tradewater,"Tradewater, LLC",≤100
530604487365010,Old Glory Flagpole Kits,Service First,≤100
255486647814076,Penguin Kids,Penguin Random House,≤100
675471506247724,Adair for Congress,ADAIR FOR CONGRESS,≤100
466608670177692,Jonathan M. Tallman,Jonathan Tallman For State Representative,≤100
130467958471,Jason Lewis,Jason Lewis for Senate,≤100
1389807071117013,Lynn Afendoulis,Lynn Afendoulis for Congress,≤100
107844824322712,Finish the Ballot - Prosper,Economic Growth Committee,≤100
624113997772825,North Dakotans for Comprehensive Energy Solutions,Americans for Comprehensive Energy Solutions,≤100
518194348194441,RepresentUs,RepresentUs,≤100
104684067632334,Unite the Country,UNITE THE COUNTRY,≤100
7219151423,The Fund for American Studies (TFAS),The Fund for American Studies,≤100
105433064492153,The Return 2020,The Return International,≤100
159597424207730,David Perdue,PERDUE FOR SENATE,≤100
1800072483402009,African Community & Conservation Foundation,African Community & Conservation Foundation,≤100
357554791340788,Liker,Omar Rivero,≤100
169277310432049,"Texas Precision Optics, Inc.",Texas Precision Optics Inc,≤100
282861997886,Majority Leader Steny Hoyer,House Majority Leader Steny Hoyer (MD05),≤100
1393911800825140,OZY,OZY Media Inc,≤100
106487520883333,Cardinal & Pine,Courier Newsroom,≤100
163302087408673,Stop The Donald,Stop the Donald,≤100
389002298352371,American Senior Benefits,John M Davis,≤100
1050320055029012,Outrider Foundation,OUTRIDER FOUNDATION,≤100
745910525468062,National Center on Sexual Exploitation,National Center on Sexual Exploitation,≤100
105536127617594,The American Digest,The American Digest,≤100
17432811417,Working Families Party,Working Families Party National Independent Expenditure Committee,≤100
9364828262,Citizens Against Government Waste,COUNCIL FOR CITIZENS AGAINST GOVERNMENT WASTE,≤100
1646823955646308,Mike Donovan,Michael Paul Donovan,≤100
1438882392887793,ADF Church Alliance,Alliance Defending Freedom,≤100
131217580266597,National Council on Aging,"NATIONAL COUNCIL ON AGING, INC.",≤100
101391906600,Live Action News,Live Action News,≤100
17023576156,The Leadership Conference on Civil and Human Rights,The Leadership Conference on Civil and Human Rights,≤100
201956993160690,MRCTV,MEDIA RESEARCH CENTER,≤100
2283535575207809,Ditch Mitch,DITCH FUND,≤100
8936818385,Accuracy in Media,"ACCURACY IN MEDIA, INC",≤100
1438808983108348,BOLD PAC,CHC BOLD PAC,≤100
221401431386940,Pramila Jayapal,PRAMILA FOR CONGRESS,≤100
1234251319933440,Exclusive Apparel,The Dude's Threads,≤100
166087830076297,WebPT,WebPT,≤100
197908256931216,Tim Ryan,TIM RYAN FOR CONGRESS,≤100
43426724597,Paper Culture,Paper Culture LLC,≤100
198875903295,Trek Bicycle,TREK BICYCLE CORPORATION,≤100
99237926163,Virginia Interfaith Center for Public Policy,VIRGINIA INTERFAITH CENTER FOR PUBLIC POLICY,≤100
345378512258813,Elise Stefanik,ELISE FOR CONGRESS,≤100
101352851565699,Somos PAC,SOMOS PAC,≤100
248306181862385,Live Lokai,Denise L Reina,≤100
1925751504337881,MJ Hegar,MJ FOR TEXAS,≤100
108794587327155,Good Programs 2020,Trevor Dale Seaks,≤100
51405613519,Focus on the Family,Focus on the Family,≤100
279256605891946,CalmEffect,"Balance Marketing Group, LLC",≤100
104505064408799,Cove USA,"Cove USA, LLC",≤100
359477377917,American Federation for Children,American Federation for Children,≤100
455147011996099,The Ann and Phelim Scoop,The Unreported Story Society,≤100
42872222699,Dana Loesch,Dana Loesch Radio,≤100
54787697857,Ron Wyden,WYDEN FOR SENATE,≤100
394817334402124,2020 Trump Bill,Innovative Ecomm LLC,≤100
91223411833,Medical Teams International,Medical Teams International,≤100
412739549455010,Karena Reiter,PrimaDonna Reeds,≤100
156919911022572,Steven Horsford,NEVADANS FOR STEVEN HORSFORD,≤100
593289284500311,Trump Rack,BOXD Marketing,≤100
53727956260,Republican Jewish Coalition,Republican Jewish Coalition,≤100
199826043375900,Larry Hogan,An America United,≤100
922580991129339,People's Mojahedin Organization of Iran - MEK IRAN,MEK-Iran (Saeid Saadati),≤100
2336022790003836,Patients + Providers United,Patients and Providers United,≤100
21647204289,Michigan Education Association,Michigan Education Association,≤100
223008867858902,American Action News,American Action News,≤100
103162411257510,Trumplican,USA Movements,≤100
169440273093442,The Center for Election Science,The Center for Election Science,≤100
109360297266116,Fearless Patriot,TERESA NONE OHARA-MARSH,≤100
253791814655400,Doug Collins,"COLLINS FOR SENATE, INC.",≤100
896759427103774,Modern Medicaid Alliance,Modern Medicaid Alliance,≤100
173837496125511,Conscious Step,Conscious Step,≤100
21834534343,Volunteers of America,"VOLUNTEERS OF AMERICA, INC.",≤100
1962432260715827,Kindhumans,Kindhumans,≤100
26668999076,The Cato Institute,"CATO INSTITUTE, INC.",≤100
181924628560212,SumOfUs,SumOfUs,≤100
1613516851999536,Sunrise Movement,Sunrise,≤100
109200595768753,The Christian Left,The Christian Left,≤100
112600915451330,No Labels,No Labels,≤100
166833599370,USCCA,These ads ran without a disclaimer,≤100
373980880018659,Congresswoman Abigail Spanberger,the Office of Rep. Spanberger,≤100
92021268117,Working America,Working America,≤100
114971076538782,The Keystone,Courier Newsroom,≤100
108512875350,The Atlas Society,The Atlas Society,≤100
325578590837480,Obamacare,Sixteen Thirty Fund,≤100
873550809444862,Mighty Earth,Mighty Earth,≤100
106868314285372,The Finance Kit,DYS Capital LLC,≤100
300774350436838,topplr,Data Genomix,≤100
93565224474,Mercy For Animals,MERCY FOR ANIMALS,≤100
124626320898336,Catholic Extension,"CATHOLIC CHURCH EXTENSION SOCIETY OF THE UNITED STATES OF AMERICA, THE",≤100
61288747990,Real Warriors,Real Warriors Campaign,≤100
114586880298786,Immigration Coach by the Schaefer Law Firm,Schaefer Law Firm PLLC,≤100
227535924071462,Animal Petitions,AnimalPetitions.org,≤100
128958937175029,Trivia Today,Benjamin Aaron Perlman,≤100
110849485902,United Way,United Way Worldwide,≤100
96171427550,Raja for Congress,FRIENDS OF RAJA FOR CONGRESS,≤100
266145305529,Henry Holt,"Macmillan Holdings, LLC",≤100
103801844298982,Team Collins,COLLINS FOR SENATOR,≤100
73528878871,Center for Reproductive Rights,Center for Reproductive Rights,≤100
172758932738142,PhRMA,PHARMACEUTICAL RESEARCH AND MANUFACTURERS OF AMERICA,≤100
540707072979860,Brian Maryott,MARYOTT FOR CONGRESS,≤100
152264148166020,Moms Clean Air Force,Moms Clean Air Force,≤100
106949844346620,Trumpian Republicans,Gregory Lawrence Burright,≤100
105577974544303,The USA Needs More Patriots,AmeriPolling,≤100
469609533112889,iDisciple,iDisciple,≤100
102636677971854,Trump Is The Storm,Legendary Trump Coins,≤100
134452023239984,Human Coalition,Human Coalition,≤100
184072721624475,"Besomebody, Inc.",Besomebody Inc,≤100
112164673854264,Living Patriotically,Living Patriotically,≤100
110759237264253,Respi-Safe.US,Respi-Safe LLC,≤100
592707041080920,Stand Together,Stand Together Chamber of Commerce Inc.,≤100
105872574403318,Project TAMMI,a research grant at The National Center on Addiction and Substance Abuse (CASA),≤100
477131125780900,The War Horse,War Horse News,≤100
1439364926329185,Animal Matters,Animal Matters,≤100
102756811269921,Fellow Americans,Fellow Americans,≤100
1402827079932843,Low Income Relief,The Lighthouse Information Network LLC,≤100
612701059241880,Latinos for Trump,TRUMP MAKE AMERICA GREAT AGAIN COMMITTEE,≤100
108152933883451,TrumpTrendz,Troy Lorenzo Davis,≤100
28144169620,Alliance for Aging Research,Alliance for Aging Research,≤100
488672667914468,Voice of the Sea,University of Hawaiʻi Sea Grant College Program,≤100
333081284065216,Brynne Kennedy for Congress,BRYNNE KENNEDY FOR CONGRESS,≤100
114475890010131,Piggy Dollar Financial,Tyler Wayne Hedland,≤100
443329669123990,USAFacts,USAFacts Institute,≤100
15351475322,Cathy McMorris Rodgers,Cathy McMorris Rodgers for Congress,≤100
148731991811588,Baird,Robert W. Baird & Co. Incorporated,≤100
168051710543266,Lacy Johnson,Lacy Johnson for Congress,≤100
59877921429,Lutheran Immigration and Refugee Service,"LUTHERAN IMMIGRATION AND REFUGEE SERVICE, INC.",≤100
26006662641,Arizona Democratic Party,Arizona Democratic Party,≤100
210357995667559,The National Memo,The National Memo,≤100
1658135304460341,MANG,MANG,≤100
174046949421616,Phenomenal Woman Action Campaign,Phenomenal Woman Action Campaign,≤100
141692255929599,Democratic Socialists of America,DEMOCRATIC SOCIALISTS OF AMERICA INC,≤100
111772843789224,HURD PAC,HAVING UNWAVERING RESOLVE AND DETERMINATION PAC,≤100
121033149320,American Indian College Fund,"AMERICAN INDIAN COLLEGE FUND, THE",≤100
102540204580217,UpNorthNews,Courier Newsroom,≤100
117058854998779,The Gideons International,"GIDEONS INTERNATIONAL, THE",≤100
100119981671668,Blue Senate,BLUE SENATE PAC,≤100
13885075114,Action Against Hunger USA,ACTION AGAINST HUNGER - USA,≤100
135298176481584,Marine Corps Scholarship Foundation,Marine Corps Scholarship Foundation,≤100
530604487365010,Old Glory Flagpole Kits,Service First Flag Poles,≤100
56332452163,AMA Patients Action Network,American Medical Association,≤100
10498053716,Media Research Center,MEDIA RESEARCH CENTER,≤100
587676831343390,Raheem AI,RAHEEM AI,≤100
248181906078243,National Institute for Civil Discourse,CommonSense American,≤100
977704775606273,Balls Deep Tackle,Balls Deep Tackle,≤100
139441926128681,New Saint Andrews College,New Saint Andrews College,≤100
179513292162226,American History TV,C-SPAN,≤100
192771954102960,Jordan Sekulow,American Center for Law and Justice,≤100
183517831660100,Morning Consult,Morning Consult LLC,≤100
111237577031486,AquiPor Technologies,William Powers,≤100
720943967965149,AFSCME Retirees,AMERICAN FEDERATION OF STATE COUNTY & MUNICIPAL EMPLOYEES,≤100
276131699084792,YWAM Los Angeles,YWAM Los Angeles,≤100
420785874975425,Conservative Institute,The Conservative Institute,≤100
249455845761285,Lindsey Must Go,LMG PAC,≤100
1015449978587077,Alliance for Youth Action,The Alliance For Youth Action,≤100
138020572909535,Texas VLB,Texas Veterans Land Board,≤100
420424547981908,In Search of Liberty,Scott Dennis Welch,≤100
17203056985,Partners In Health,Partners In Health,≤100
629732217415068,Republican Party,Greater Half,≤100
292811880858773,Ocean Voyages Institute / Project Kaisei,Ocean Voyages Institute,≤100
1789651861157958,Values To Action,Values to Action,≤100
112058837201547,Black Lives Matter Merch,Black Lives Matter Merch,≤100
166738743732702,All Above All Action,All Above All Action Fund,≤100
309993142375589,Joe Kennedy III,KENNEDY FOR MASSACHUSETTS,≤100
101602894851870,Memes On Flags,These ads ran without a disclaimer,≤100
259212814698356,Democratic Majority for Israel,Democratic Majority for Israel,≤100
102745147891580,Trump Coolers,Eric Clifford Juels,≤100
6334782252,Oceana,OCEANA,≤100
275908853303174,Pro-Israel America,Pro-Israel America United,≤100
111036740654773,ToddCella2020,American Party 2020,≤100
1127581437405717,Bumbler - The Boba Tea Tumbler,Bumbler LLC,≤100
186805048171120,U.S. & Texas LawShield,Texas LawShield,≤100
375760676281438,Mermaid Straw,Mermaid Straw,≤100
1784991421516214,Seek Refuge,Seek Refuge,≤100
1747132688647028,Democratic Association of Secretaries of State,Democratic Association of Secretaries of State,≤100
1640970822834351,Plaine Products,Plaine Products,≤100
1014291495249813,Politicon,Politicon,≤100
262905633727,Los Angeles Mission,"Los Angeles Mission, Inc.",≤100
946887545335976,Association of American Universities,The Association of American Universities (AAU),≤100
217976018236954,OutKick,Outkick Media LLC,≤100
102389457864860,Treehuggers Bracelets,ECOMX LLC,≤100
1708467695859543,Veteran Transition Mission,Sonia Ivelisse Barriera Ayala,≤100
1683659714985244,Phil Ehr,EHR FOR CONGRESS,≤100
1627212824167934,Men4Choice,Men4Choice,≤100
394582097543668,"I, Pastafari Documentary","I, Pastafari Documentary",≤100
1807181726160635,Noble Energy,"NOBLE ENERGY, INC.",≤100
290851614930809,Combat AntiSemitism,Combat Anti-Semitism,≤100
101209614956892,Take A Stand,Andrew Joseph Young,≤100
128531120636129,IVC Media,Solutions for Change,≤100
682990071843813,Center for the Study of Liberty,Center for the Study of Liberty,≤100
240290369507552,Bend the Arc Jewish Action,Bend the Arc: Jewish Action,≤100
1621690511405010,Civic Action,Civic Action,≤100
154510321337994,Chris Pappas for Congress,CHRIS PAPPAS FOR CONGRESS,≤100
354851377936744,BookTV,C-SPAN,≤100
112735922758892,Charlie Kirk,Charlie Kirk,≤100
284946111858895,Debbie Mucarsel-Powell,DEBBIE FOR CONGRESS,≤100
58158120046,ACLJ,American Center for Law and Justice,≤100
830890360316751,Nick Hanauer,Civic Action,≤100
551158678560402,Epimonia,Epimonia LLC,≤100
24481937944,Theodore Roosevelt Conservation Partnership,"THEODORE ROOSEVELT CONSERVATION PARTNERSHIP, INC",≤100
339432396135584,The Exodus Road,EXODUS ROAD INC,≤100
109379100777665,Patriotism Isn't Dead,Patriot Polling,≤100
1553978148244954,Build With Strength,Build With Strength,≤100
235762319779450,Omar Navarro,OMAR NAVARRO FOR CONGRESS,≤100
79125112926,Students for Life of America,"STUDENTS FOR LIFE OF AMERICA, INC.",≤100
219224241438635,Compassion & Choices,COMPASSION & CHOICES,≤100
129523843754764,Vote Smart,PROJECT VOTE SMART,≤100
856086028066485,Persona,"Persona Media, Inc.",≤100
317667194946264,Ro Khanna,RO FOR CONGRESS INC,≤100
907919839243616,My Faith Votes,My Faith Votes,≤100
438678183588710,Ihssane For Congress,IHSSANE FOR CONGRESS,≤100
111506250582498,Keeping Our Homes Safe,Steve San,≤100
124530924015,Hank Gilbert,HANK GILBERT FOR CONGRESS,≤100
100233228182981,Madison Cawthorn for Congress,CAWTHORN FOR NC,≤100
960045850672105,One More Wave,Ernad Civic,≤100
723136714746586,The Common Ground Project,"The Common Ground Project, Inc",≤100
169597416843751,Stand Up America,Stand Up America,≤100
111278008942618,Wicked Clothes,Wicked Clothes,≤100
1675319662786649,Clare Gallagher,Protect Our Winters,≤100
419992651425033,Guardianes del Pueblo-Consumer Law Group,Consumer Law Group,≤100
341513602902369,CALL TO ACTIVISM,CALL TO ACTIVISM,≤100
28446275521,Military Officers Association of America (MOAA),Military Officers Association of America,≤100
336470580233523,Pins and Aces Golf Co.,US Craft Brands LLC,≤100