﻿Location Name,Amount Spent (USD)
Alabama,49933
Alaska,25168
American Samoa,≤100
Arizona,400552
Arkansas,31462
California,963523
Colorado,156496
Connecticut,55848
Delaware,16954
Florida,872611
Georgia,289991
Guam,797
Hawaii,18492
Idaho,21538
Illinois,268765
Indiana,74664
Iowa,118590
Kansas,44525
Kentucky,97949
Louisiana,52763
Maine,55104
Maryland,82820
Massachusetts,121945
Michigan,425599
Minnesota,244109
Mississippi,27214
Missouri,90264
Montana,80862
Nebraska,28692
Nevada,102432
New Hampshire,30604
New Jersey,130254
New Mexico,49547
New York,355093
North Carolina,474058
North Dakota,8764
Northern Mariana Islands,≤100
Ohio,240420
Oklahoma,43942
Oregon,112886
Pennsylvania,568609
Puerto Rico,2707
Rhode Island,14055
South Carolina,88460
South Dakota,12190
Tennessee,73034
Texas,467355
Unknown,≤100
Utah,47709
Vermont,13432
Virgin Islands (U.S.),114
Virginia,145703
Washington,146916
"Washington, District of Columbia",22267
West Virginia,24000
Wisconsin,237845
Wyoming,7136