﻿Page ID,Page Name,Disclaimer,Amount Spent (USD)
6905502638,Aníbal Acevedo Vilá,ANIBAL COMISIONADO 2020,128
115562398496938,Pepito,Anibal Quinones,123
337406633053223,odsec,Oficina para el Desarrollo Socioeconómico y Comunitario,≤100
538713833208581,Charlie Delgado Altieri,Ivonne Lozada Rosas,≤100
294963660620753,Pedro R. Pierluisi,"Comité Pedro Pierluisi, Inc.",≤100
936829709712221,Evelyn Vázquez,These ads ran without a disclaimer,≤100
182079698493370,Portside,Portside,≤100
397447437669420,Miguel "Ricky" Méndez,Miguel "Ricky" Méndez,≤100
319765995532065,Julio Geigel Alcalde Humacao 2020,Julio Luis Geigel Perez,≤100
1572998166166458,Joanne Rodríguez Veve,Comité Amigos de Joanne Rodríguez Veve,≤100
1692524767651072,Mariana Nogales Molinelli 2020,Mariana Nogales Molinelli,≤100
109293404143641,iamyashayah,These ads ran without a disclaimer,≤100
928261290517812,Ayuda Legal Puerto Rico,These ads ran without a disclaimer,≤100
630598004063606,Marcos Fabian Gonzalez,Marcos Fabian Gonzalez Barreto,≤100
205621160218305,Dr. Luis M. Irizarry Pabón 2020,Dr. Luis M. Irizarry Pabón 2020,≤100
1969780580005791,Alex Torres Senado 2020,Alexis Jose Torres Irizarry,≤100
292680997602545,Manuel Calderón Cerame,Comité Manuel Calderón Cerame,≤100
339328419446455,Primarias2020,www.primarias2020.com,≤100
313304389392604,Sergio Ortiz -Alcalde Isabela 2020,Eric X Toledo,≤100
385401322305378,Rafy Zayas Alcalde de Ponce 2020,Juan Carlos Mora Vasquez,≤100
1284735221676638,BELatina News,BELatina News,≤100
264921133562949,Eduardo Bhatia,Eduardo Bhatia Gautier Gobernador,≤100
314499212242,Pfizer,Pfizer Inc.,≤100
110116690622256,"Rafy Santos, Senador Distrito de Guayama",Jose Matos Nolasco,≤100
110898097167987,Angel Javier Rosario,Angel Javier Rosario Maldonado,≤100
1547457055530916,Comité  Pip Cayey Oficial,Comité Pip Cayey Oficial,≤100
104516389641870,Juan Dalmau Ramírez,Juan Dalmau Ramírez,≤100
103419547920606,Comite PIP Cidra Oficial,Leamsi Fontanez González,≤100
102431017943096,Marially González Senadora Distrito de Ponce 2020,Juan Santos Pagán,≤100
310676529001539,Jessica Dominguez,Univision Communications Inc.,≤100
187429284615692,Cholo Adventures,Univision Communications Inc.,≤100
834806283563802,Domingo Torres Representante Distrito 25,Domingo J. Torres Garcia,≤100
2354455014830204,Leo Meléndez Alcalde Fajardo 2020,Comité Leonardo "Leo" Meléndez Díaz,≤100
74458149794,Center for a New Economy,Center for a New Economy,≤100
409835579621290,Erasmo Vázquez Hernández,Thay An Marie Vazquez Méndez,≤100
285816758516544,Kabir Solares "El Bombero" Alcalde Añasco 2020,Kabir Solares,≤100
1055008051214942,Héctor Martínez Rosado,Hector Homi Martinez,≤100
1576236875930301,Global Cyber Alliance,Global Cyber Alliance with ad credits,≤100
106333028376,"Nichols Kaster, PLLP",Nichols Kaster PLLP,≤100
136710773025912,Salus University,Caren Jennifer Cremen,≤100
110280253735683,Alexandria Ocasio-Cortez Fan Club,Imran M Jemal,≤100
1688136854546434,Página: Crucito Marrero,These ads ran without a disclaimer,≤100
102668657756470,El Rincón de la Diáspora Puertorriqueña,These ads ran without a disclaimer,≤100
292075591645198,Peter J. López Norat - Senador por Acumulación PPD,www.peternorat.com,≤100
205238189588054,"Race, Racism and the Law",Professor Vernellia Randall,≤100
1841477449501424,Alan Tacher,Univision Communications Inc,≤100
108138222892294,Marilú Guzmán,These ads ran without a disclaimer,≤100
102540731492606,Pedro Báez - El de la PRESIÓN,These ads ran without a disclaimer,≤100
134010686637137,Valeo,These ads ran without a disclaimer,≤100
108706230487435,Qianber,These ads ran without a disclaimer,≤100
179652015410030,Word Life,These ads ran without a disclaimer,≤100
1663682010416682,Amelia,These ads ran without a disclaimer,≤100
291283268151167,Knowfashionstyle,These ads ran without a disclaimer,≤100