﻿Page ID,Page Name,Disclaimer,Amount Spent (USD)
328072970642479,Jaime Harrison,JAIME HARRISON FOR US SENATE,4387
20531316728,Facebook App,"Facebook, Inc.",2658
163148530407080,Captain Mark Kelly,MARK KELLY FOR SENATE,1736
367152833370567,Instagram,"Facebook, Inc.",1589
156968474833352,Stop Republicans,Stop Republicans,1216
556765271505476,Vote at Home,National Vote at Home Institute,1000
110018833813683,Flip the Senate,SMP,872
20787991568,Senate Democrats,DSCC,802
7860876103,Joe Biden,BIDEN VICTORY FUND,799
108824017345866,Facebook,"Facebook, Inc.",785
97493741436,John W. Hickenlooper,HICKENLOOPER FOR COLORADO,668
100391581727524,Defeat By Tweet,DEFEAT BY TWEET,514
105732744375701,Steve Bullock,MONTANANS FOR BULLOCK,505
24413227922,Kamala Harris,BIDEN VICTORY FUND,481
2330577043935831,Sara Gideon,SARA GIDEON FOR MAINE,376
605168822998856,314 Action,314 ACTION FUND,364
925007000949719,ExxonMobil,Exxon Mobil Corporation,341
153080620724,Donald J. Trump,TRUMP MAKE AMERICA GREAT AGAIN COMMITTEE,245
103983379801,Texas Democratic Party,SUPER STATES 2020,245
592347634460462,Partnership for America's Health Care Future,Partnership for America's Health Care Future,242
109231370525017,U.S. Chamber Action,The U.S. Chamber of Commerce,233
17432811417,Working Families Party,"Working Families Organization, Inc",230
96935476345,Democratic Governors Association (DGA),Democratic Governors Association,210
104224114671958,Energy For Progress,The American Petroleum Institute,183
1316372698453411,Alexandria Ocasio-Cortez,Alexandria Ocasio-Cortez for Congress,183
675471506247724,Adair for Congress,ADAIR FOR CONGRESS,178
9002965673,Freeform,Freeform,178
7292655492,MoveOn,MOVEON.ORG POLITICAL ACTION,176
7833534974,Florida Democratic Party,Florida Democratic Party,165
111428049989,Cal Cunningham,CAL FOR NC,163
101591551371555,Fire Mitch. Save America.,SAVE AMERICA FUND,163
109092142462587,Adam Schiff,SCHIFF FOR CONGRESS,162
602714436529710,End Citizens United,END CITIZENS UNITED,161
107654924064350,Pat Timmons-Goodson,PATRICIA TIMMONS-GOODSON FOR CONGRESS,155
127755494595870,Progressive Takeover,PROGRESSIVE TAKEOVER,149
101920824546802,Social Forensics,Geoff Golberg,134
1591120767618016,Marcus Goodwin,Marcus Goodwin For DC 2020,134
159616034235,Walmart,WALMART INC.,128
165987503528599,Lindsey Graham,"TEAM GRAHAM, INC.",124
228754857151053,House Majority PAC,House Majority PAC,115
354716314909000,Swing Left,Swing Left,105
10803722213,Common Cause,COMMON CAUSE,103
5633824547,FreedomWorks,"FREEDOMWORKS, INC.",102
1606780826273282,The Committee to Unleash Prosperity,Committee to Unleash Prosperity Inc.,≤100
109111900634787,Reverend Raphael Warnock,WARNOCK FOR GEORGIA,≤100
202626512363,U.S. Census Bureau,U.S. Census Bureau,≤100
8501031021,VoteVets.org,VOTEVETS,≤100
679171239164792,Supermajority,"Supermajority PAC, https://supermajority.com/pac/. Not authorized by any candidate or candidate's committee.",≤100
80562389320,NARAL Pro-Choice America,NARAL Pro-Choice America,≤100
533987556776948,Campaign for Sustainable Rx Pricing,Campaign for Sustainable Rx Pricing,≤100
428821014132730,Katie Porter,Katie Porter For Congress,≤100
26442402549,American Hotel & Lodging Association -  AHLA,American Hotel and Lobbying Association,≤100
2264090133834042,Invite Research,Precision Network,≤100
100119981671668,Blue Senate,BLUE SENATE PAC,≤100
429812024048177,Doug Jones for Senate,DOUG JONES FOR SENATE COMMITTEE,≤100
6820348410,Kirsten Gillibrand,Off the Sidelines,≤100
328853823844484,Balance of Power,Balance of Power,≤100
42002969352,Center on Budget and Policy Priorities,Center on Budget and Policy Priorities,≤100
55549065733,Voto Latino,VOTO LATINO INC.,≤100
407664862957433,Ammar Campa-Najjar for Congress,AMMAR CAMPA-NAJJAR FOR CONGRESS,≤100
107210084216238,Humanity Forward,Humanity Forward,≤100
113891694102,Energy Citizens,AMERICAN PETROLEUM INSTITUTE,≤100
104351147973521,BLM Store,www.BLM.store,≤100
118714808054,Mi Familia Vota,Paid For By Mi Familia Vota with Facebook Ad Credits,≤100
2283535575207809,Ditch Mitch,DITCH FUND,≤100
485980975070908,Abigail Spanberger,SPANBERGER FOR CONGRESS,≤100
143055773143383,Patients For Affordable Drugs NOW,Patients for Affordable Drugs Now,≤100
259130650776119,Mitch McConnell,MCCONNELL SENATE COMMITTEE,≤100
1635441679872518,Kimberly Klacik,Kim Klacik for Congress,≤100
36872302227,Cory Booker,Cory Booker for Senate,≤100
150621451650636,Montana Wilderness Association,"MONTANA WILDERNESS ASSOCIATION, INC.",≤100
612858108732097,National Council of Textile Organizations,National Council of Textile Organizations (NCTO),≤100
102336501236330,Alliance for an Affordable DC,The American Beverage Association. Brought to you by the Alliance for an Affordable DC.,≤100
356860853201,New York League of Conservation Voters,NEW YORK LEAGUE OF CONSERVATION VOTERS,≤100
95181800661,Levi's,Levi's®,≤100
6713653788,Gary Peters,PETERS FOR MICHIGAN,≤100
23875187730,Feeding America,Feeding America,≤100
8934429638,Planned Parenthood Action,Planned Parenthood Action Fund,≤100
19192438096,AAAS - The American Association for the Advancement of Science,American Association for the Advancement of Science,≤100
393932827634250,Dissent Pins,Common Practice,≤100
273168429458189,Center for Western Priorities,Center for Western Priorities,≤100
10150100007820094,Wendy Davis,WENDY DAVIS FOR CONGRESS,≤100
104614641200137,MeidasTouch,MEIDASTOUCH,≤100
102617961152741,Barbara Bollier,BOLLIER FOR KANSAS,≤100
408250066356,Bill O'Reilly,"Bill Me, Inc.",≤100
245152275619372,FloridaPolitics,Florida Politics,≤100
11111618026,Union of Concerned Scientists,"UNION OF CONCERNED SCIENTISTS, INC.",≤100
210820618956311,Community Change Action,Community Change Voters,≤100
167586229923327,World Food Program USA,World Food Program USA,≤100
10423517786,Harvard Business Review,HARVARD BUSINESS SCHOOL PUBLISHING CORPORATION,≤100
277005566267077,Blueland,Blueland,≤100
18982436812,ACLU,American Civil Liberties Union,≤100
338028696036,Yahoo News,Verizon Media Inc,≤100
183105561722390,"Jacque Patterson for DC State Board of Education, At-Large",Jacque 4 DC,≤100
108632024053665,Elect Mónica Palacio,Elect Mónica Palacio for City Council Committee,≤100
8127889355,Americans for Tax Reform,AMERICANS FOR TAX REFORM,≤100
5435784683,Greenpeace USA,"GREENPEACE, INC.",≤100
203197030603239,8 Billion Trees,8 Billion Trees,≤100
7145381235,American Jewish World Service - AJWS,"AMERICAN JEWISH WORLD SERVICE, INC.",≤100
105010030848236,Bryant Cameron Webb,DR. CAMERON WEBB FOR CONGRESS,≤100
109976445836,Darim Online,Darim Online,≤100
280034132055819,WhatsApp,WhatsApp Inc,≤100
38235851310,USA for UNHCR,UNITED STATES ASSOCIATION FOR UNHCR,≤100
104919517531062,Vote Yes For Fairness,Vote Yes for Fairness,≤100
1438808983108348,BOLD PAC,CHC BOLD PAC,≤100
171651620209487,Brady PAC,Brady Pac,≤100
104038541334426,BailoutWatch,Climate Nexus,≤100
6820348410,Kirsten Gillibrand,Gillibrand for Senate,≤100
197760674021143,Indivisible Guide,INDIVISIBLE ACTION,≤100
143528022388140,The Allstate Foundation,The Allstate Foundation,≤100
167606528159,Dockers,Levi Strauss & Co.,≤100
277414242013,Joyce Elliott for Congress,JOYCE ELLIOTT FOR CONGRESS,≤100
2081864865362439,Mike Espy,MIKE ESPY FOR SENATE CAMPAIGN COMMITTEE,≤100
709485249179784,Western Caucus Foundation,Western Caucus Foundation,≤100
106333028376,"Nichols Kaster, PLLP",Nichols Kaster PLLP,≤100
32682889528,U.S. Chamber of Commerce,The U.S. Chamber of Commerce,≤100
1204754733024419,People's Power Grab,ACRONYM,≤100
327837911149503,2A4Life,2A4LIFE LLC,≤100
303374266418976,AFPM,American Fuel & Petrochemical Manufacturers,≤100
223055747744143,Beto O'Rourke,Powered By People,≤100
1900853040223913,Count All Kids,Partnership for America's Children with Facebook Ad Credits,≤100
308159713150350,Voter Protection Project,VOTER PROTECTION PROJECT,≤100
700806360047982,CFG Action,Club for Growth Action,≤100
309798029121030,Everytown for Gun Safety,Everytown for Gun Safety Action Fund Inc,≤100
357704677979748,American Conservation Coalition - ACC,American Conservation Coalition,≤100
643463669628493,Public Opinion Research Group,"Public Opinion Research Group, Inc",≤100
111393882812494,Amy McGrath,"AMY MCGRATH FOR SENATE, INC.",≤100
124530924015,Hank Gilbert,HANK GILBERT FOR CONGRESS,≤100
8325302025,Friends of the Earth U.S.,Friends of the Earth,≤100
102177667858523,Protect Emergency Care,American College of Emergency Physicians,≤100
169130470583214,Demand Justice,Demand Justice,≤100
35169196082,Project HOPE,"PROJECT HOPE-THE PEOPLE-TO-PEOPLE HEALTH FOUNDATION, INC.",≤100
153678684700451,American Investment Council,AMERICAN INVESTMENT COUNCIL,≤100
57673294024,PRAISE 104.1 FM,Brian Douglas Hartz,≤100
343618292379217,Planned Parenthood of Metropolitan Washington DC - PPMW,Planned Parenthood of Metropolitan Washington DC,≤100
103026384819654,How to Vote,ACRONYM,≤100
1456310534453054,Veteran Loans Online,"LMB OpCo, LLC",≤100
8914040942,Chesapeake Bay Foundation,"CHESAPEAKE BAY FOUNDATION, INC., THE",≤100
142992759853421,Be A Hero,BE A HERO PAC,≤100
1136781033034012,Brave New Look,Brave New Look,≤100
96935476345,Democratic Governors Association (DGA),DEMOCRATIC ACTION,≤100
66722323668,Washington DC Economic Partnership,"WASHINGTON, DC ECONOMIC PARTNERSHIP",≤100
7483836629,Ancestry,Ancestry.com Operations Inc.,≤100
59386210330,American Lung Association,AMERICAN LUNG ASSOCIATION,≤100
38471053686,Elizabeth Warren,"WARREN DEMOCRATS, INC.",≤100
113088277151643,Mysiki Valentine for DC State Board of Education,The Committee to Elect Mysiki Valentine,≤100
1934191280189700,Health Care Voter,Health Care Voter,≤100
433919203362871,Bird + Stone,BIRD & STONE INC,≤100
103373224404755,Impact Slates,COLLECTIVE IMPACT PAC,≤100
8492293163,Environmental Defense Fund,Environmental Defense Fund,≤100
95279346690,The Team 980AM & 95.9FM,Brian Douglas Hartz,≤100
1925751504337881,MJ Hegar,MJ FOR TEXAS,≤100
269479249997,National Shooting Sports Foundation | NSSF,National Shooting Sports Foundation,≤100
51405613519,Focus on the Family,Focus on the Family,≤100
144359178921200,Majic 102.3/92.7,Brian Douglas Hartz,≤100
648335462024721,Haley Stevens,HALEY STEVENS FOR CONGRESS,≤100
46347342434,EMILY's List,EMILY'S LIST,≤100
176789922364429,Steve Daines,STEVE DAINES FOR MONTANA,≤100
8210266638,93.9 WKYS,Brian Douglas Hartz,≤100
15239367801,The Wilderness Society,"WILDERNESS SOCIETY, THE",≤100
907919839243616,My Faith Votes,My Faith Votes,≤100
683872625157265,Theresa Greenfield,THERESA GREENFIELD FOR IOWA,≤100
131306317680000,Social Goods,"Social Goods, LLC",≤100
7263476274,Mercy Corps,Mercy Corps,≤100
72092591211,FBI – Federal Bureau of Investigation,FBI - Washington Field Office Division,≤100
361960287311696,Better Medicare Alliance,"Better Medicare Alliance, Inc",≤100
15771560300,Earthjustice,EARTHJUSTICE,≤100
101411555005361,Stars and Strife,David Smick "Stars and Strife",≤100
143021112391265,Jacobin magazine,Jacobin Foundation,≤100
1600352356914768,PushBlack,PushBlack,≤100
191975737491988,Jennifer Wexton,WEXTON FOR CONGRESS,≤100
130848666099,Business Forward,Business Forward Inc.,≤100
12301006942,Democratic Party,BIDEN VICTORY FUND,≤100
168051710543266,Lacy Johnson,Lacy Johnson for Congress,≤100
101127364972509,Dems For USA,Dems For USA,≤100
1161005637372969,Just Democracy,Just Democracy,≤100
5720973755,Defenders of Wildlife,DEFENDERS OF WILDLIFE,≤100
100991811471269,Eric Rogers for Council At-Large,Committee to Elect Eric Rogers for Council At- Large,≤100
309308412520731,Sandy Hook Promise,Sandy Hook Promise,≤100
16534314739,Facing History and Ourselves,"FACING HISTORY AND OURSELVES NATIONAL FOUNDATION, INC.",≤100
638673103424933,Retired Americans PAC,Retired Americans PAC,≤100
153278754738777,Climate Reality,The Climate Reality Project,≤100
2049170775107862,Resistance By Design,Resistance By Design,≤100
10053453590,Jon Batiste,These ads ran without a disclaimer,≤100
868405419972384,The Outrage,The Outrage,≤100
1683659714985244,Phil Ehr,EHR FOR CONGRESS,≤100
106308567506025,Moe Davis for Congress,MOE DAVIS FOR CONGRESS,≤100
2046092952294722,Lucy McBath for Congress,FRIENDS OF LUCY MCBATH,≤100
12301006942,Democratic Party,DNC SERVICES CORP./DEM. NAT'L COMMITTEE,≤100
43853729859,Campaigns & Elections,Political World Communications,≤100
286224862049910,Commissioner Salim Adofo,Salim Kwabena Thandiwe Adofo,≤100
828902563856302,Chuck Schumer D-NY,FRIENDS OF SCHUMER,≤100
518194348194441,RepresentUs,RepresentUs,≤100
810122486032496,Jackie Gordon,JACKIE GORDON FOR CONGRESS,≤100
215199482635728,Alek Skarlatos,ALEK FOR OREGON,≤100
85945492130,EnergyBoom,Energy Boom,≤100
373814729643508,Let America Vote,LET AMERICA VOTE PAC,≤100
112883743843461,Michael Triebwasser for ANC 5C01,Michael Alexander Triebwasser,≤100
8047221596,Save the Children US,"SAVE THE CHILDREN FEDERATION, INC.",≤100
19972147679,SEIU,SEIU,≤100
243947752771440,TJ Cox for Congress,TJ COX FOR CONGRESS,≤100
442553959494293,Pay Up Climate Polluters,Center for Climate Integrity,≤100
18813753280,Human Rights Campaign,"HUMAN RIGHTS CAMPAIGN, INC",≤100
202531447982,Jimmy Chin,Protect Our Winters,≤100
151525932186806,When Democrats Turn Out,WHEN DEMOCRATS TURN OUT PAC,≤100
1424858414264105,Facebook Watch,"Facebook, Inc.",≤100
278490715553293,Martha McSally,MCSALLY FOR SENATE INC,≤100
100722328329613,Every Single Vote,Every Single Vote,≤100
137427899615856,"Central Union Mission, DC",CENTRAL UNION MISSION (INC),≤100
106244251043808,Reuse Plastics,"AMERICAN CHEMISTRY COUNCIL, INC.",≤100
17203056985,Partners In Health,Partners In Health,≤100
110468488981853,UNRWA USA,UNRWA USA,≤100
124155874263916,Participant Media,Participant Media,≤100
655065784538368,PredictIt,"PredictIt - Prediction Markets. A project of Victoria University of Wellington, PredictIt has been established to facilitate research into the way markets forecast events.",≤100
109320440856128,Together Beat Hate,"Foundation to Combat Anti-Semitism, Inc.",≤100
1338822066131069,Women's March,Women's March,≤100
89336510798,American Friends of the Hebrew University,American Friends of Hebrew University,≤100
1061240530648502,Joe Collins,JOE COLLINS FOR CONGRESS,≤100
791543660926838,"I'll go ahead and keep my guns, Thanks",2A4LIFE LLC,≤100
42940254353,Human Rights Watch,"Human Rights Watch, Inc.",≤100
6204742571,Sierra Club,SIERRA CLUB,≤100
110439270638992,NE1else,Time Management LLc,≤100
504161563089343,BlackPAC,Black PAC,≤100
333710103706307,Giffords,GIFFORDS PAC,≤100
568257590245036,Blacks Against BDS,Blacks Against BDS,≤100
203805062990264,Ben Shapiro,The Daily Wire,≤100
296708523873754,Karla Dennis and Associates Inc.,"Karla Dennis & Associates, Inc",≤100
158791100909689,Concerned Veterans for America,Concerned Veterans for America,≤100
152561628240904,SEIU PA State Council,SEIU COPE (SERVICE EMPLOYEES INTERNATIONAL UNION COMMITTEE ON POLITICAL EDUCATION),≤100
44705166993,Vote.org,Vote.Org,≤100
20876805343,March of Dimes,MARCH OF DIMES INC.,≤100
19437978960,Chris Murphy,FRIENDS OF CHRIS MURPHY,≤100
993294760683044,Education Reform Now,Education Reform Now,≤100
780941275347834,Ilhan Omar,ILHAN FOR CONGRESS,≤100
342294162453301,Planned Parenthood,Planned Parenthood Federation of America,≤100
2263108893911990,PLUS Communications,PLUS Communications,≤100
341163402640457,NowThis,Group Nine Media,≤100
108182477657777,Georgia United Victory,Georgia United Victory,≤100
34362997676,United States Holocaust Memorial Museum,UNITED STATES HOLOCAUST MEMORIAL MUSEUM,≤100
1419388578092947,Anna Paulina Luna,ANNA PAULINA LUNA FOR CONGRESS,≤100
289544064711784,Progress North Carolina,Progress North Carolina,≤100
513695272011123,The Genesis Prize,GPF NA LLC,≤100
284946111858895,Debbie Mucarsel-Powell,DEBBIE FOR CONGRESS,≤100
104856814505092,The Kids Guide,The Kids Guide,≤100
1005566252861190,VOTEPROCHOICE,DEMOCRATS.COM,≤100
585942765164217,Elect Democratic Women,ELECT DEMOCRATIC WOMEN,≤100
266344180585578,Jim Jordan for Congress,JIM JORDAN FOR CONGRESS,≤100
95483488591,Democratic Party of Wisconsin,DEMOCRATIC PARTY OF WISCONSIN,≤100
121067011091,Arab American Institute,Arab American Institute with Facebook Ad Credits,≤100
102281264932254,The Southern Strategy,Southern Strategy,≤100
320437294638279,Campus Vote Project,FAIR ELECTIONS CENTER,≤100
60449667441,Family Research Council,FAMILY RESEARCH COUNCIL,≤100
249455845761285,Lindsey Must Go,LMG PAC,≤100
1765073800454902,Reform Austin,Reform Austin Inc.,≤100
17475614410,Hispanic Federation,Paid for by Hispanic Federation with Facebook Ad Credits,≤100
2339203789732156,Kim Mangone for Congress,COMMITTEE TO ELECT KIM MANGONE FOR CONGRESS,≤100
169124877249,AARP Virginia,AARP,≤100
51379424899,Mercy Ships,MERCY SHIPS INTERNATIONAL,≤100
953113491536337,Black to the Future Action Fund,Black to the Future Action Fund,≤100
294196590710262,FWD.us,FWD.us,≤100
162703427077965,US-Qatar Business Council,US QATAR BUSINESS COU,≤100
372799605421,DeSmog,DeSmog,≤100
25852730092,Care2,Care2 Inc,≤100
145973965440671,Carnegie Corporation of New York,CARNEGIE CORPORATION OF NEW YORK,≤100
102592959026,Ocean Conservancy,"OCEAN CONSERVANCY, INC.",≤100
347063211984370,Fed of American Hospitals,Federation of American Hospitals,≤100
174046949421616,Phenomenal Woman Action Campaign,Phenomenal Woman Action Campaign,≤100
17911165812,Covenant House International,Covenant House,≤100
1634651343331439,Project Wren,Landon Brand,≤100
1690071827911682,Cleancult,cleancult,≤100
107226350977260,Rookie,Mark Anthony Russell,≤100
979720542211350,Humanize Being Black,Keyshun Quantarious Holmes,≤100
6041057841,The Humane Society of the United States,"HUMANE SOCIETY OF THE UNITED STATES, THE",≤100
1628679613829742,Josh Hicks,Josh Hicks for Congress,≤100
152950318087920,AARP DC,AARP,≤100
180060629247353,Elaine Luria for Congress,ELAINE FOR CONGRESS,≤100
106572950040377,Max Rose,MAX ROSE FOR CONGRESS,≤100
171287339973880,LCV Victory Fund,"LCV Victory Fund, 202-785-8683, and not authorized by any candidate or candidate’s committee",≤100
172758932738142,PhRMA,PHARMACEUTICAL RESEARCH AND MANUFACTURERS OF AMERICA,≤100
782093245218764,Qasim Rashid,RASHID FOR VA,≤100
1229789977123022,Debbie Lesko for Congress,DEBBIE LESKO FOR CONGRESS,≤100
5246634919,Zazzle,Zazzle Inc.,≤100
602828763544800,Kate For Congress,KATE FOR CONGRESS,≤100
1656666204620806,The Wright Stuff Chics,The Wright Stuff Chics,≤100
101347274966306,Martín for Ward 2,MARTIN FOR WARD2,≤100
6787988478,Physicians for Human Rights,"PHYSICIANS FOR HUMAN RIGHTS, INC.",≤100
9324910069,NRSC,NRSC,≤100
123064705856,FRC Action,Family Research Council Action,≤100
182620315479,Plan International USA,Plan International USA,≤100
102278744713494,Ovarian Cancer Claims,These ads ran without a disclaimer,≤100
209046616332309,Xochitl for Congress,Xochitl for New Mexico,≤100
102992707871243,Jeanné Lewis for At-Large DC,Committee to Elect Jeanne Lewis for DC City Council,≤100
186932688457686,CHNGE,CHNGE,≤100
102436701226752,Is It Sunday Yet?,Jarrett J Rogers,≤100
101136147910784,Represent Justice,Represent Justice,≤100
11653741889,Ad Council,Ad Council with Facebook Ad Credits,≤100
164998666854186,Grace Church,Grace Church,≤100
839073729808623,Hillary Scholten,SCHOLTEN FOR CONGRESS,≤100
102564128179023,Truth to Power,TRUTH TO POWER,≤100
192013990902459,Roy Cooper,Cooper For North Carolina,≤100
2078647579047586,Project Pulso,Pulso,≤100
18709174006,National Audubon Society,"NATIONAL AUDUBON SOCIETY, INC.",≤100
89757739264,Farm Credit,Farm Credit Council,≤100
289446947817747,Global Citizen,"GLOBAL POVERTY PROJECT, INC.",≤100
288110884600563,Lean In,"Sheryl Sandberg & Dave Goldberg Family Foundation d/b/a LeanIn.Org, LLC",≤100
6231686654,Compassion International,"COMPASSION INTERNATIONAL, INCORPORATED",≤100
1721467687891795,Partnership for Conservation,Partnership for Conservation,≤100
105882174183801,PACRONYM,"PACRONYM, PACRONYM.org. Not authorized by any candidate or candidate’s committee.",≤100
118269091671380,The Home T,THE HOME T,≤100
104241424297600,Fems for Democracy,Fems For Democracy,≤100
6726182861,Mike Pence,TRUMP MAKE AMERICA GREAT AGAIN COMMITTEE,≤100
143986912311328,University of Vermont Continuing and Distance Education,University of Vermont,≤100
142370046577999,Shahid Buttar for Congress,Shahid Buttar for Congress Committee,≤100
76625396025,CDC,U.S. Centers for Disease Control and Prevention with Facebook Ad Credits,≤100
858210161010020,Tom Malinowski for Congress,TOM MALINOWSKI FOR CONGRESS,≤100
17023576156,The Leadership Conference on Civil and Human Rights,Leadership Conference Education Fund,≤100
355316521236121,John Cornyn,Cornyn Majority Texas,≤100
16477459734,League of Conservation Voters,"LEAGUE OF CONSERVATION VOTERS, INC",≤100
279602905840365,Bipartisan Policy Center Action,BPC Action,≤100
224110651893,International African American Museum,IAAM,≤100
858683790971210,Inside Arabia,Inside Arabia,≤100
1864721517082089,Democratic Attorneys General Association,DAGA PAC,≤100
116595013519384,Sarah Smith,8 Billion Trees,≤100
108761895812039,Montgomery College Television - MCTV,MCTV,≤100
785936231584382,Paula Jean Swearengin,Paula Jean for West Virginia,≤100
30079936984,CWS,"CHURCH WORLD SERVICE, INC.",≤100
219308152221403,Northern Gateway CDC,Maryland's International Corridor Community Development Corporation,≤100
242077219243971,The Presidential Coalition,The Presidential Coalition,≤100
128167457221813,Public Transportation,Voices for Public Transit,≤100
2040270322863853,Tina Smith,TINA SMITH FOR MINNESOTA,≤100
596556607135301,The Earthling Co.,The Earthling Co.,≤100
1699364607000806,Real Republican Reform MA,Real Republican Reform - Massachusetts,≤100
303533992998673,Arlington Young Democrats,Arlington Young Democrats,≤100
23790541544,Democrats,DCCC,≤100
30708742052,FCTRY,FCTRY,≤100
103185334702225,Stop Trump PAC,STOP 45 PAC,≤100
103597604713894,Team Trump Store,TRUMP MAKE AMERICA GREAT AGAIN COMMITTEE,≤100
264418603594198,BarkBox,These ads ran without a disclaimer,≤100
2019228981443626,She the People,She The People,≤100
185740015159478,340B Matters,340B Matters,≤100
1715412445365976,NBC 4 Washington Brand Studio,NBCUniversal,≤100
497081420632330,Dr. Hiral Tipirneni,HIRAL FOR CONGRESS,≤100
1526736227567131,TrueCoverage,True Coverage,≤100
6476528946,NAACP,National Association for the Advancement of Colored People (NAACP),≤100
314499212242,Pfizer,Pfizer Inc.,≤100
7357041101,Tammy Baldwin,TAMMY BALDWIN FOR SENATE,≤100
1632568446971453,Boredwalk,Boredwalk,≤100
23245606841,Hachette Book Group,"Hachette Book Group, Inc.",≤100
1945649795733674,Big Daddi Dro,These ads ran without a disclaimer,≤100
109805303795705,Cristina for Arlington School Board,Friends of Cristina Diaz-Torres,≤100
183792172090826,Northern Virginia Clean Water Partners,Northern Virginia Regional Commission,≤100
1000253160054572,Cori Bush,CORI BUSH FOR CONGRESS,≤100
49618959325,Jennifer Brunner,Jennifer Brunner Committee,≤100
106663044307859,Mike Sievert,"T-MOBILE USA, INC.",≤100
103754488104074,Charlie Sinks for ANC 4C08,Charlie Sinks for ANC 4C08,≤100
219612384781411,Bloomberg Philanthropies,Bloomberg Philanthropies,≤100
1316372698453411,Alexandria Ocasio-Cortez,THE SQUAD VICTORY FUND,≤100
96171427550,Raja for Congress,FRIENDS OF RAJA FOR CONGRESS,≤100
58736997707,Marco Rubio,Marco Rubio for Senate,≤100
8501031021,VoteVets.org,"VoteVets Action Fund, Inc.",≤100
2352630938293825,Mytacticalpromos,Entremax,≤100
1977738355807406,Sharice For Congress,SHARICE FOR CONGRESS,≤100
103046977892124,Adam Christensen For Congress,ADAM J CHRISTENSEN FOR CONGRESS,≤100
21375324480,The Heritage Foundation,HERITAGE FOUNDATION (THE),≤100
111439014019951,Sydelle for ANC,Sydelle for ANC,≤100
541807025833154,Malala Fund,Malala Fund,≤100
417522508294454,Job Creators Network,Job Creators Network,≤100
274975862998213,Profs and Pints,Profs and Pints,≤100
108281434237351,UBS Financial Services Inc.,UBS Financial Services,≤100
260668817346988,Ignite National,IGNITE,≤100
1472549903019349,CCAN Action Fund,Chesapeake Climate Action Network Action Fund,≤100
1487185301595755,Wish Local,CONTEXTLOGIC INC.,≤100
71383025128,PARIS - Guerrilla Funk Recordings,"Guerrilla Funk Recordings and Filmworks, LLC",≤100
162244692732,Brennan Center for Justice at NYU Law,William J Brennan Jr Center for Justice Inc,≤100
141692255929599,Democratic Socialists of America,DEMOCRATIC SOCIALISTS OF AMERICA INC,≤100
21834534343,Volunteers of America,"VOLUNTEERS OF AMERICA, INC.",≤100
114475890010131,Piggy Dollar Financial,Tyler Wayne Hedland,≤100
241672016328637,Lauren Underwood for Congress,LAUREN UNDERWOOD FOR CONGRESS,≤100
664770743730817,Dan Feehan for Congress,FRIENDS OF DAN FEEHAN,≤100
108928704152924,SpotifyPodcasts,These ads ran without a disclaimer,≤100
598720023670599,Jennifer Carroll Foy,Jennifer Carroll Foy for Governor,≤100
443329669123990,USAFacts,USAFacts Institute,≤100
151297638887120,Upswell,Independent Sector,≤100
167968013767335,Julie Oliver,JULIE OLIVER FOR CONGRESS,≤100
248181906078243,National Institute for Civil Discourse,CommonSense American,≤100
118502801658228,Young Kim,Young Kim for Congress,≤100
1648154845427417,Doggy Do Good,Do Something Good LLC,≤100
110962313941403,Vote from Home 2020,PEOPLE FOR GOVERNMENT PAC,≤100
465483726908192,iVote,IVote Civic Education Fund,≤100
21455818797,Feed the Children,"FEED THE CHILDREN, INC.",≤100
37630324302,Rational 360,Rational 360,≤100
103531607822207,Noticias para Inmigrantes,"Wise Rock Media, PBC",≤100
1055873511190792,Hello Resistance,Hello Resistance Apparel,≤100
253791814655400,Doug Collins,"COLLINS FOR SENATE, INC.",≤100
121033149320,American Indian College Fund,"AMERICAN INDIAN COLLEGE FUND, THE",≤100
358113240871900,Nuclear Energy Institute,"NUCLEAR ENERGY INSTITUTE, INC.",≤100
109866370700481,PushBlack Finance,PushBlack,≤100
350784278974539,Turning Point Action,Turning Point Action,≤100
132059894124836,Super Chewer BarkBox,These ads ran without a disclaimer,≤100
153309775026,SnapStream,SnapStream Media,≤100
700941689954518,Defend Our Future,Defend Our Future,≤100
1463195153693785,Citizens for a Pro-Business Delaware,Citizens for a Pro-Business Delaware,≤100
350688712008385,The Wise Investor Group - Baird Private Wealth Management,Robert W. Baird & Co. Incorporated,≤100
7976226799,The Daily Show,Comedy Central,≤100
32582320449,CMMB,CATHOLIC MEDICAL MISSION BOARD INC,≤100
130945114804,World Jewish Congress,WORLD JEWISH CONGRESS AMERICAN SECTION INC,≤100
117641114435,First Aid Beauty,First Aid Beauty,≤100
905962876138436,United Brotherhood of Carpenters and Joiners of America,United Brotherhood of Carpenters and Joiners of America,≤100
53797383417,The National Urban League,National Urban League with Facebook Ad Credits,≤100
355316521236121,John Cornyn,TEXANS FOR SENATOR JOHN CORNYN INC.,≤100
267180743723148,National Geographic Society,National Geographic Society,≤100
6236054211,Brady,Brady Campaign to Prevent Gun Violence,≤100
40973310753,Pathfinder International,Pathfinder International,≤100
210357995667559,The National Memo,The National Memo,≤100
1354622541311687,Dr. Kim Schrier,DR KIM SCHRIER FOR CONGRESS,≤100
20395377020,Old Navy,Old Navy LLC,≤100
1799282383731277,TwoSeventy,Alexander Jared Deutsch,≤100
306591716448427,Cindy Axne,CINDY AXNE FOR CONGRESS,≤100
1374134752633656,New Health Plans,Shop Insurance Plans,≤100
79820371749,Ayanna Pressley,THE SQUAD VICTORY FUND,≤100
894096170667732,Ashley Hinson,Ashley Hinson For Congress,≤100
105168474621105,Make Room,MAKE ROOM,≤100
560140464159364,Stand for the 2nd Amendment,SFT2 Tactical Supply,≤100
225049687661781,Environmental Integrity Project,ENVIRONMENTAL INTEGRITY PROJECT,≤100
1624206881186861,Lisa Blunt Rochester,LISA BLUNT ROCHESTER FOR CONGRESS,≤100
1393911800825140,OZY,OZY Media Inc,≤100
598394107018675,Assist the Resistance,Assist the Resistance,≤100
31337944597,Harriet Beecher Stowe Center,Melissa Marie Combs,≤100
1741729849281711,Uber & Lyft Sexual Assault Attorneys,Safer America,≤100
9394693002,Bloomberg LP,Bloomberg LP,≤100
919247181586782,WAVE,Women for American Values and Ethics,≤100
103218576421422,GirlTrek: Healthy Black Women and Girls,GirlTrek,≤100
700558280309875,Sootchy App,Sootchy Inc,≤100
6422138883,92nd Street Y,92nd Street Y,≤100
110849485902,United Way,United Way Worldwide with Facebook Ad Credits,≤100
13867925345,Equality Florida,Equality Florida,≤100
130467958471,Jason Lewis,Jason Lewis for Senate,≤100
215968684159,AFT - American Federation of Teachers,American Federation of Teachers,≤100
166471303706,OkCupid,"MATCH GROUP, LLC",≤100
243399129090445,Christina Hale,HOOSIERS FOR HALE,≤100
108555914302702,Alexpadrodc,Committee to Elect Alex Padro,≤100
209516845093,NRDC Action Fund,NRDC Action Fund,≤100
103963987985703,Birth Defects Victims,Birth Defects Victims,≤100
1107973016071967,Wesley Hunt,Hunt for Congress,≤100
179909895355213,AIDS United,AIDS UNITED,≤100
868259909915525,Susie Lee,Susie Lee for Congress,≤100
281835005264380,Eric Swalwell,SWALWELL FOR CONGRESS,≤100
18813753280,Human Rights Campaign,"HUMAN RIGHTS CAMPAIGN, INC.",≤100
1048486145183452,We Testify,We Testify,≤100
207901812670026,theSkimm,"theSkimm, Inc.",≤100
159964696102,Kevin McCarthy,KEVIN MCCARTHY FOR CONGRESS,≤100
10725413603,Interfaith Alliance,"INTERFAITH ALLIANCE, THE",≤100
100696128366533,Compare-HealthPlans.com,Darius Alexander Mcdougle,≤100
11791104453,NRDC,Natural Resources Defense Council,≤100
100566731426931,Krucoff for Congress,KRUCOFF FOR CONGRESS,≤100
127225910653607,PragerU,PragerU,≤100
1413682351987764,Andy Kim for Congress,ANDY KIM FOR CONGRESS,≤100
926650430723985,Really American,REALLY AMERICAN PAC,≤100
296106753794181,Black Press USA - NNPA,Norman Rich,≤100
27311599342,Preemptive Love,Preemptive Love Coalition,≤100
15524934075,Banana Republic,Banana Republic,≤100
83996318078,Change.org,"Change.org, PBC",≤100
719913581472398,Napoli Shkolnik PLLC,Napoli Law,≤100
592707041080920,Stand Together,Stand Together Chamber of Commerce Inc.,≤100
345378512258813,Elise Stefanik,ELISE FOR CONGRESS,≤100
233116802464,Independent Voter,Independent Voter Project,≤100
1025055787535714,A Case for Women,A Case for Women,≤100
149366465128820,Nicole Galloway,Nicole Galloway for Missouri,≤100
225081304195207,WRAIR Clinical Trials Center,Melinda Hamer,≤100
398757490729,The National Network to End Domestic Violence,"NATIONAL NETWORK TO END DOMESTIC VIOLENCE, INC.",≤100
146211696845,University of Pennsylvania Carey Law School,University of Pennsylvania Carey Law School,≤100
29775770058,PATH,PATH,≤100
405469100189512,Still My President - Donald Trump,Red State Politics LLC,≤100
100317328397968,Daniel Hill,HarperCollins Christian Publishing,≤100
49651563727,Live Action,Live Action,≤100
1784991421516214,Seek Refuge,Seek Refuge,≤100
2267285956849056,Donald Trump 2020 Fans,I Love My Freedom,≤100
108430860703956,Fascinating Cards,"Fascinating Cards, LLC",≤100
110853677192337,Occupy dimss,occupy dimss,≤100
132492254050920,American AF,AAF Nation,≤100
6165653060,AFSCME,AMERICAN FEDERATION OF STATE COUNTY & MUNICIPAL EMPLOYEES,≤100
1439829396312534,The Movement for Black Lives,Movement for Black Lives,≤100
711478725532801,Civiqs,Civiqs,≤100
59543893235,National Constitution Center,National Constitution Center,≤100
46093654473,National Republican Congressional Committee,NRCC,≤100
1096622853789812,Forward Promise,Forward Promise,≤100
213792049451918,Stand For America,Stand For America Inc,≤100
7192716362,Amnesty International USA,"AMNESTY INTERNATIONAL OF THE U. S. A., INC.",≤100
135081079769,AFGE,American Federation of Government Employees,≤100
1156676274461345,Mikie Sherrill,MIKIE SHERRILL FOR CONGRESS,≤100
477871215985975,DC Business Daily,Franklin Archer,≤100
356482637745012,Stansberry Research,Stansberry Research,≤100
2317304071889729,ANNOVERA (segesterone acetate and ethinyl estradiol vaginal system),These ads ran without a disclaimer,≤100
109259897568722,The Democratic Senate Action Committee,THE DEMOCRATIC SENATE ACTION COMMITTEE,≤100
151757038879920,Alyse Galvin for Congress 2020,ALYSE FOR ALASKA,≤100
114646533630729,Yes. Every Kid.,"yes. every kid, Inc.",≤100
103644036958,United Association,United Association Political Education Committee,≤100
67626834312,National Women's Law Center,National Women's Law Center,≤100
300774350436838,Topplr,Data Genomix,≤100
100137754724934,Trump 2020 Supporters,Proud Right Winger,≤100
360303722260,Kathleen Williams,KATHLEEN WILLIAMS FOR MONTANA,≤100
100233228182981,Madison Cawthorn for Congress,CAWTHORN FOR NC,≤100
127821707877,YWCA USA,"YWCA OF THE USA, NATIONAL BOARD (INC)",≤100
123315077689118,Atria Books,Simon and Schuster,≤100
13885075114,Action Against Hunger USA,ACTION AGAINST HUNGER - USA,≤100
102579318191600,No Justice No Peace,NO JUSTICE NO PEACE PAC,≤100
865633690313272,Unbothered,VICE MEDIA INC,≤100
21395843375,Dialysis Patient Citizens,DIALYSIS PATIENT CITIZENS INC,≤100
496696933682736,Jeff Merkley,JEFF MERKLEY FOR OREGON,≤100
747436915270894,Congressional Leadership Fund,CONGRESSIONAL LEADERSHIP FUND,≤100
103128341403089,People's Choice For President,People's Choice For President Institute,≤100
205395906412,UAW International Union,"INTERNATIONAL UNION, UNITED AUTOMOBILE, AEROSPACE AND AGRICULTURAL IMPLEMENT WORKERS OF AM",≤100
87199812705,Advocates for Youth,ADVOCATES FOR YOUTH INC,≤100
104504438466,Federal Voting Assistance Program - FVAP,Federal Voting Assistance Program,≤100
135002490472474,Conor Lamb,CONOR LAMB FOR CONGRESS,≤100
33713453361,Amazon Prime Video,Amazon Prime Video,≤100
123651254408327,Sokolove Law,"Sokolove Law, LLC",≤100
747783932079184,Jared Golden for Congress,COMMITTEE TO ELECT JARED GOLDEN,≤100
419992651425033,Guardianes del Pueblo-Consumer Law Group,Consumer Law Group,≤100
2353537341582545,Proud Patriots,Proud Patriots,≤100
163965296965203,32BJ SEIU,LOCAL 32 BJ SEIU,≤100
427947527249273,Let My People VOTE,Soul 2 Soul Sisters,≤100
6851405967,CREDO Mobile,"CREDO MOBILE, INC.",≤100
50982313030,Food & Water Watch,Food & Water Watch,≤100
601472019907779,Latino Victory,Latino Victory,≤100
123397377677195,"School of International Service, AU","School of International Service, American University",≤100
111702860231554,Matt Lieberman,Matt Lieberman for Senate,≤100
21492729544,Catholic Relief Services,CATHOLIC RELIEF SERVICES - UNITED STATES CONFERENCE OF CATHOLIC BISHOPS,≤100
79820371749,Ayanna Pressley,THE COMMITTEE TO ELECT AYANNA PRESSLEY,≤100
819607471729183,Dr. Al Gross for US Senate,DR. AL GROSS FOR U.S. SENATE,≤100
105433064492153,The Return 2020,The Return International,≤100
193618220508,LIFE Today,LIFE Outreach International,≤100
15041226930,Oxfam,"OXFAM AMERICA, INC.",≤100
350523542184,Trust Women,Trust Women,≤100
497741237272262,Susan Wild for Congress,Susan Wild for Congress,≤100
1082522201878539,Gina Ortiz Jones for Congress,GINA ORTIZ JONES FOR CONGRESS,≤100
203197030603239,8 Billion Trees,8 Billion Trees LLC,≤100
173837496125511,Conscious Step,Conscious Step,≤100
260933440643373,UltraViolet,UltraViolet Action,≤100
2346217618936823,Kendra Horn for Congress,KENDRA HORN FOR CONGRESS,≤100
174905503013610,Harley Rouda,HARLEY ROUDA FOR CONGRESS,≤100
2037695643113766,Blexit,Blexit Foundation,≤100
45393753416,Alliance Defending Freedom,Alliance Defending Freedom,≤100
114009933764548,The Patriot Club,RightWingGear,≤100
92925746942,Judicial Watch,Judicial Watch,≤100
125182621527545,Sarah McBride,Friends of Sarah McBride,≤100
108692310594568,UNITE HERE,UNITE HERE PAC,≤100
331037760381749,Sierra Magazine,SIERRA CLUB,≤100
7292655492,MoveOn,MOVEON.ORG CIVIC ACTION,≤100
110828620426941,Roger Polack for Congress,ROGER FOR WISCONSIN,≤100
1781731108749356,Eli Electric Vehicles,Eli Electric Vehicles Inc.,≤100
109140985838232,Progress Texas,Progress Texas,≤100
19474609238,Mercatus Center at George Mason University,Mercatus Center at George Mason University,≤100
5943727453,American Humane,American Humane,≤100
1420119678080729,EveryDistrict,EVERYDISTRICT,≤100
102846434825096,Beat Abbott,Beat Abbott PAC,≤100
104170004713256,Elect Black Democrats,THE COLLECTIVE PAC,≤100
206743952696198,Lower My Bills,"LMB OpCo, LLC",≤100
971668776283950,PolicyEd,Hoover Institution,≤100
166166843531258,National Council of Resistance of Iran - شورای ملی مقاومت ایران,MEK-Iran (Saeid Saadati),≤100
127814007074,LIUNA,LIUNA,≤100
102829994892258,Election Year Merch,Election Year Merch,≤100
431409220394183,The Ward 8 Democrats,"Ward Eight Democrats, Inc",≤100
21559454473,FAIR,FEDERATION FOR AMERICAN IMMIGRATION REFORM,≤100
239658882763974,Poverty USA by CCHD,UNITED STATES CONFERENCE OF CATHOLIC BISHOPS,≤100
208463585839891,Living Future Institute,International Living Future Institute,≤100
105872574403318,Project TAMMI,a research grant at The National Center on Addiction and Substance Abuse (CASA),≤100
204744222890124,The National Center for Children and Families,NATIONAL CENTER FOR CHILDREN AND FAMILIES,≤100
115024746010017,MediaWise,MediaWise,≤100
922580991129339,People's Mojahedin Organization of Iran - MEK IRAN,MEK-Iran (Saeid Saadati),≤100
215281808519580,Random House,Penguin Random House LLC,≤100
94047978366,PCCC - BoldProgressives.org,PROGRESSIVE CHANGE CAMPAIGN COMMITTEE,≤100
7962229886,Environmental Working Group,ENVIRONMENTAL WORKING GROUP,≤100
137459917707,The Brookings Institution,The Brookings Institution,≤100
184731548554164,PL+US,Plus Fund: Paid Leave for the United States,≤100
193628397865385,Chip Roy,CHIP ROY FOR CONGRESS,≤100
108635370971125,Home Value Club,Isaac Mari Jata,≤100
243502949110951,Airport Workers United,SERVICE EMPLOYEES INTERNATIONAL UNION,≤100
665345483483486,NRA - National Rifle Association of America,NATIONAL RIFLE ASSN OF AMERICA,≤100
808450969246896,"Rebecca Walser, Tax Attorney, CFP",Walser Wealth Management,≤100
1841824626073676,Candace Valenzuela,CANDACE FOR 24,≤100
150681061641282,Tri-State G&T,Tri-State Generation Transmission Association Inc,≤100
43609808159,Happy Family Organics,Happy Family Organics,≤100
111276689866,Washington Office on Latin America - WOLA,WASHINGTON OFFICE ON LATIN AMERICA,≤100
551158678560402,Epimonia,Epimonia LLC,≤100
154510321337994,Chris Pappas for Congress,CHRIS PAPPAS FOR CONGRESS,≤100
257019421075897,Cory Gardner,Cory Gardner for Senate,≤100
57403415485,Showtime Networks,These ads ran without a disclaimer,≤100
1434265813501493,Alexsis Rodgers,Friends of Alexsis Rodgers,≤100
162623897133712,David French,Macmillan Publishing,≤100
2113400635561647,Andrea Mitchell Center for the Study of Democracy,Andrea Mitchell Center for the Study of Democracy at the University of Pennsylvania,≤100
112325855474892,Speak Up For Education and Kids,National Education Association,≤100
1274746369267915,Le Lion,Le Lion LLC,≤100
105577974544303,The USA Needs More Patriots,AmeriPolling,≤100
51761261956,The Bill of Rights Institute,"BILL OF RIGHTS INSTITUTE, THE",≤100
102691428128833,Heyhonney shop,These ads ran without a disclaimer,≤100
6315243665,Faith in Public Life,"FAITH IN PUBLIC LIFE, INC.",≤100
260536047319339,RN Action,American Nurses Association,≤100
57259033959,AARP,AARP,≤100
303061950155375,John James,"JOHN JAMES FOR SENATE, INC.",≤100
79125112926,Students for Life of America,"STUDENTS FOR LIFE OF AMERICA, INC.",≤100
169440273093442,The Center for Election Science,The Center for Election Science,≤100
2068988876444634,Stand Up for Accurate Prenatal Answers,STAND UP FOR ACCURATE PRENATAL ANSWERS INC,≤100
195620754724,Helping Hand USA,HELPING HAND FOR RELIEF AND DEVELOPMENT INC.,≤100
597708717066902,Gordon-Andrew Fletcher - ANC Commissioner 5A08,Gordon-Andrew Fletcher,≤100
253507715172780,Andy Levin,ANDY LEVIN FOR CONGRESS,≤100
98912141410,American Forests,American Forests,≤100
113976907107946,Dumps for Trumps,Dumps for Trumps,≤100
34233921079,National Queer Asian Pacific Islander Alliance,"NATIONAL QUEER ASIAN PACIFIC ISLANDER ALLIANCE, INC., THE",≤100
210277954204,The Young Turks,"The Young Turks, Inc.",≤100
173729200171256,Victoria "Vicki" Gersten for ANC 3C-08,Victoria Gersten,≤100
19746387261,Humane Society International,Humane Society International,≤100
449816192500640,Shield Legal,"Shield Legal, LP",≤100
234621494446654,We Can’t Trust Nancy Mace,DCCC,≤100
1534510490206706,Veterans for American Ideals,HUMAN RIGHTS FIRST,≤100
223008867858902,American Action News,American Action News,≤100
514167322309353,Dan Crenshaw,Dan Crenshaw for Congress,≤100
259212814698356,Democratic Majority for Israel,DMFI PAC,≤100
156994304362574,American Bridge 21st Century,AB PAC,≤100
2309566456030859,Human Coalition Action,Human Coalition Action,≤100
142474049098533,Robert Reich,Inequality Media,≤100
12185972707,350.org,350.org,≤100
108777231824,Manhattan Institute for Policy Research,MANHATTAN INSTITUTE FOR POLICY RESEARCH INC,≤100
132381633592940,The Lundquist Institute,LUNDQUIST INSTITUTE FOR BIOMEDICAL INNOVATION AT HARBOR-UCLA MEDICAL CENTER,≤100
59877921429,Lutheran Immigration and Refugee Service,"LUTHERAN IMMIGRATION AND REFUGEE SERVICE, INC.",≤100
324558475104607,United We Dream Action,United We Dream Action,≤100
102959799834968,Diane Mitsch Bush for Colorado,DIANE FOR COLORADO CD3,≤100
160513344045084,John Neely Kennedy,"John Kennedy for Us, Inc",≤100
74697123892,SEIU MN State Council,SEIU MN State Council,≤100
103851564652,Waterkeeper Alliance,WATERKEEPER ALLIANCE INC,≤100
601108943431836,The Flip Side,TFS Inc,≤100
1708467695859543,Veteran Transition Mission,Sonia Ivelisse Barriera Ayala,≤100
1772437266382039,Black Buck Apparel,Black Buck Apparel,≤100
628891490457484,Nancy Mace,Nancy Mace for Congress,≤100
100256754899828,Patriot's Cave,Patriots Cave,≤100
100457601810421,VoteWear,VoteWear,≤100
1934273516856559,Betsy Dirksen Londrigan,BETSY DIRKSEN LONDRIGAN FOR CONGRESS,≤100
109947294143213,Republicanstorefront,Republicanstorefront.com,≤100
90022052772,Williams,"WILLIAMS COMPANIES, INC., THE",≤100
123963360928,SiriusXM,SIRIUS XM RADIO INC.,≤100
113666459994300,Big Dan Rodimer for Congress,RODIMER FOR CONGRESS,≤100
217976018236954,OutKick,Outkick Media LLC,≤100
712545702142226,Lorraine Shin,Lorraine For House District 1,≤100
136898933002993,Java Planet Organic Coffee,Tiffany Eileen Gardner,≤100
1985547654992100,The Nudge,John David Peterson,≤100
103232231535182,Truly Loyal Patriots,Truly Loyal Patriots,≤100
70995214846,Business Roundtable,Business Roundtable,≤100
105474881165649,Francesca Hong For Assembly,Friends of Francesca Hong,≤100
17475614410,Hispanic Federation,Hispanic Federation,≤100
170756446429578,Othering & Belonging Institute,Othering and Belonging Institute,≤100
102756811269921,Fellow Americans,Fellow Americans,≤100
399366360669553,Jamaal Bowman for Congress,Bowman For Congress,≤100
11006419356,The Voice of the Martyrs - USA,"VOICE OF THE MARTYRS, INC., THE",≤100
11388175860,Smithsonian Associates,Smithsonian Associates,≤100
11911627997,Pancreatic Cancer Action Network,"PANCREATIC CANCER ACTION NETWORK, INC.",≤100
111023584012681,Open Road Homeward,Samantha Lyn Weldon,≤100
9364828262,Citizens Against Government Waste,CITIZENS AGAINST GOVERNMENT WASTE,≤100
107066711080027,"Carroll Fife for Oakland City Council, D3",Carroll Fife for City Council 2020,≤100
121626482110,Operation Smile,"OPERATION SMILE, INC.",≤100
154269528015922,Byron Donalds,Byron Donalds for Congress,≤100
220218121655670,FAQtoids,These ads ran without a disclaimer,≤100
221401431386940,Pramila Jayapal,PRAMILA FOR CONGRESS,≤100
114971076538782,The Keystone,"Courier Newsroom, Inc.",≤100
834645469890446,Devin Nunes,DEVIN NUNES CAMPAIGN COMMITTEE,≤100
493811210669780,Creative Action Network,Creative Action Network,≤100
305832706292882,American Gun Association,GunAssociation.org,≤100
192609620649,The University of Chicago,The University of Chicago,≤100
100506848295759,Made to Fail,Made To Fail,≤100
169116383716122,Shanna Danielson for PA State Senate,Friends of Shanna Danielson,≤100
107953199261156,ifaw,"INTERNATIONAL FUND FOR ANIMAL WELFARE, INC.",≤100
10498053716,Media Research Center,MEDIA RESEARCH CENTER,≤100
175403889150682,FindLaw.com,FindLaw Consumer,≤100
101295517956158,Tricia Zunker,Tricia Zunker for Wisconsin,≤100
69983322463,Ted Cruz,TED CRUZ FOR SENATE,≤100
681745912255844,John Cummings for Congress,CUMMINGS FOR CONGRESS,≤100
154860200019,Immigrants Rising,Immigrants Rising,≤100
27544763621,Prison Fellowship,Prison Fellowship,≤100
111581497026836,Harris County Community Services Department- HCCSD,Harris County Community Services Department,≤100
1228396643984955,Michelle Steel,Michelle Steel for Congress,≤100
740835272633567,Scott Milne for Vermont,Scott Milne for Vermont,≤100
593289284500311,Trump Rack,BOXD Marketing,≤100
322870825821,Macmillan Audio,"HOLTZBRINCK PUBLISHERS, LLC",≤100
116546288359245,Heritage Action for America,HERITAGE ACTION FOR AMERICA,≤100
473191156175163,EDF Action,Environmental Defense Action Fund,≤100
570524446405979,Only Human,Only Human,≤100
123838185676931,Quinn Nystrom for Congress,Quinn Nystrom for Congress,≤100
30914589895,The International Fellowship of Christians and Jews,"INTERNATIONAL FELLOWSHIP OF CHRISTIANS & JEWS, INC.",≤100
115364585711,Lawyers' Committee for Civil Rights Under Law,Lawyers' Committee for Civil Rights Under the Law with Facebook Ad Credits,≤100
1418068308452353,Sumi K,"Sumi Krishnan, LLC",≤100
203330919857759,All On The Line,National Redistricting Action Fund,≤100
456262374764387,Voters Not Politicians,Voters Not Politicians,≤100
110502340695786,360 Collective,360 Collective,≤100
181924628560212,SumOfUs,SumOfUs,≤100
202286639832171,Dr. Robert Jeffress,FIRST BAPTIST CHURCH DALLAS,≤100
78358268476,Chris Davenport,Protect Our Winters,≤100
350692761610088,Matt Cartwright for U.S. Congress,CARTWRIGHT FOR CONGRESS,≤100
218020061613734,UBS,UBS Financial Services Inc.,≤100
111970730196550,World War Zero,AMERICAN SECURITY PROJECT,≤100
322044193958,Mike Turner for Congress,Citizens for Turner,≤100
140877979844,American Gas Association,AMERICAN GAS ASSOCIATION,≤100
12692955711,Chronicle of Higher Education,"CHRONICLE OF HIGHER EDUCATION, INC. (THE)",≤100
717115395103069,PrintedKicks,Printed Kicks,≤100
134452023239984,Human Coalition,Human Coalition,≤100
53541257714,The Arc of the United States,"ARC OF THE UNITED STATES, INC., THE",≤100
106667854471975,Outspoken,Log Cabin Republicans,≤100
141901795868393,Alaska Democrats,ALASKA DEMOCRATIC PARTY,≤100
106968690805026,Sima for Texas,SIMA FOR TEXAS,≤100
14038292386,Women for Women International,WOMEN FOR WOMEN INTERNATIONAL,≤100
104099074492299,Derrick Van Orden,VAN ORDEN FOR CONGRESS,≤100
159085947564255,American Sugar Alliance,American Sugar Alliance,≤100
129278807814364,Women of Welcome,Welcome.,≤100
1865047147110748,Death Penalty Action,Death Penalty Action,≤100
34579909227,Blue Ridge Area Food Bank,"BLUE RIDGE AREA FOOD BANK, INC.",≤100
152766071443309,The City University of New York,City University of New York,≤100
2197543200459333,One Country Project,One Country Inc,≤100
101888608186192,MedicalCommunitynet,Medical Community LLC,≤100
19342050934,Leadership Institute,LEADERSHIP INSTITUTE INC,≤100
50711561090,Muslim Advocates,MUSLIM ADVOCATES,≤100
107998744317464,Uncensored Gear,Uncensored Gear,≤100
280704452367167,Jason Crow,JASON CROW FOR CONGRESS,≤100
124626320898336,Catholic Extension,"CATHOLIC CHURCH EXTENSION SOCIETY OF THE UNITED STATES OF AMERICA, THE",≤100
231154884924705,AboutTrump.org - and Biden,A MARK FOUNDATION,≤100
1268410219898273,Tango Tango,Tango Tango Inc,≤100
105561217523274,The_Dispatch,"Dispatch Media, Inc.",≤100
91438942057,United States Tennis Association - USTA (Official),United States Tennis Association (USTA),≤100
8057376739,The Nature Conservancy,Nature Conservancy,≤100
182187588470327,Angel Collinson,Protect Our Winters,≤100
168109446538119,St. Martin's Press,Macmillan Publishing,≤100
721340781352249,The Digital Plan,The Digital Plan,≤100
105821344592,Eugene A. DePasquale,DEPASQUALE FOR PA 10,≤100
113553048669158,Rick Scott,TEAM RICK SCOTT,≤100
1947525322184514,One Fair Wage,One Fair Wage,≤100
107439427661844,Accountable Tech,Accountable Tech,≤100
156919911022572,Steven Horsford,NEVADANS FOR STEVEN HORSFORD,≤100
110812293684869,The High Road Foundation,Robert Francis Windley,≤100
1678142765768486,CARE Action,"CARE ACTION NOW, INC.",≤100
152264148166020,Moms Clean Air Force,Moms Clean Air Force,≤100
153448568178288,Silkies,"Semper Silkies, LLC",≤100
486324651440186,Plastic Bank,Erin Lillian Rand,≤100
175797376373,"WaterFurnace Geothermal Heating, Cooling & Hot Water","WATERFURNACE INTERNATIONAL, INC.",≤100
839110726214614,Realtors,NATIONAL ASSOCIATION OF REALTORS,≤100
419237048158257,Susan Collins,COLLINS FOR SENATOR,≤100
114710126648118,Republican Dogs,Republican Dogs,≤100
23503994928,Healthcare IT News,HIMSS,≤100
359651584655941,Luisa del Rosal,Luisa Del Rosal Campaign,≤100
134597023235240,Rashida Tlaib,THE SQUAD VICTORY FUND,≤100
114599650318907,Electable,Electable LLC,≤100
1013558392124611,One Vote,One Vote Productions LLC,≤100
2077297152507222,Trade Alliance to Promote Prosperity - TAPP,Trade Alliance to Promote Prosperity,≤100
216709768355686,Dinesh D'Souza,America2020 Film LLC,≤100
1640970822834351,Plaine Products,Plaine Products,≤100
209255512459483,DentaQuest,"DENTAQUEST VENTURES, LLC",≤100
72931140459,Center for Biological Diversity,"CENTER FOR BIOLOGICAL DIVERSITY, INC.",≤100
101176014673943,Michelle for Kansas,MICHELLE FOR KANSAS,≤100
315151565831,Ascension,Ascension Press,≤100
856208611420219,Christina Finello,FINELLO FOR CONGRESS,≤100
252814820267,HIAS,HIAS,≤100
29883711738,Independent Women's Voice,Independent Women's Voice,≤100
746938465317981,Nuclear Matters,Nuclear Matters,≤100
109104833758307,CannedGood,CannedGood,≤100
7814597100,Jim Jordan for Congress,JIM JORDAN FOR CONGRESS,≤100
384676381708957,Education NC,Education NC,≤100
1288691621264445,Fantasy Congress,Fantasy Congress,≤100
194413290579640,Wisconsin Assembly Democrats,Assembly Democratic Campaign Committee,≤100
105698674239617,Embed News,Embed News,≤100
1486604288305133,Happy Earth Apparel,Happy Earth LLC,≤100
116238930177726,Artsiful,Brad Aaron Shaw,≤100
103856784726647,End T.rump Tyranny,Michael Brian Schiffer,≤100
101533684726659,You Are A Pro,Ruth Nduta Karanja,≤100
124924174551188,Awe Inspired,JILCO,≤100
602237796584621,What It Takes,American Academy of Achievement,≤100
11918108948,African Wildlife Foundation,AFRICAN WILDLIFE FOUNDATION,≤100
17023576156,The Leadership Conference on Civil and Human Rights,The Leadership Conference on Civil and Human Rights,≤100
281248592526621,UnBossed Apparel,UNBOSSED APPAREL,≤100
145022042990911,MEK Iran,MEK-Iran (Saeid Saadati),≤100
263386623815099,NCLD,NATIONAL CENTER FOR LEARNING DISABILITIES INC.,≤100
106973694007283,Keep America Great Again,KagaGear.com,≤100
100632458399089,Matt Rogers for Delegate - Virginia's 47th,Friends of Matt Rogers,≤100
109914474151573,COMMUNITYx App,Chloe Cheyenne Rogers,≤100
376776419037747,Turning Point USA,Turning Point USA,≤100
129255907131113,NumbersUSA,NUMBERSUSA EDUCATION AND RESEARCH FOUNDATION,≤100
6756153498,Mike Bloomberg,Mike Bloomberg,≤100
103645227897737,Zesty Salsa,Gabriel F Serrano,≤100
100926135067368,Defend Your Police,Defend Your Police,≤100
140614202619821,iCivics,iCivics,≤100
112829637116981,Flags For Good,Flags For Good LLC,≤100
344690446467832,The Copper Courier,"Courier Newsroom, Inc.",≤100
111576496924261,Natalia Cornelio for Criminal District Judge- 351st Court,Natalia Cornelio 351st District Court Candidate,≤100
1452551204988299,GoReact,Speakworks Inc,≤100
1667892193505378,Hold the House,HOLD THE HOUSE PAC,≤100
90498769709,Edenpure,EdenPURE®,≤100
102671331487937,I Love My Freedom Store,I Love My Freedom,≤100
878935975829857,Healthcare Supply Chain Association,Healthcare Supply Chain Association,≤100
105691622840015,Human Rights Foundation (HRF),Human Rights Foundation,≤100
404487586973146,Yvonne Lewis Holley for Lt. Governor,Committee to Elect Yvonne Lewis Holley,≤100
121259182476,Intercessors for America,INTERCESSORS FOR AMERICA,≤100
85620546149,Paul Simon Public Policy Institute,Paul Simon Public Policy Institute,≤100
263210730984251,We Are Great Again Pac,WE ARE GREAT AGAIN PAC,≤100
103983379801,Texas Democratic Party,Texas Democratic Party,≤100
83865976093,Truthout,TRUTHOUT,≤100
2259323457517498,Abolish the Electoral College,ABOLISH THE ELECTORAL COLLEGE,≤100
45758312413,Black Public Media,Black Public Media,≤100
427084097477881,America's Health Insurance Plans (AHIP),These ads ran without a disclaimer,≤100
282404394803,DC Fiscal Policy Institute,DC Fiscal Policy Institute,≤100
243363639063201,Immigration Voice,"IMMIGRATION VOICE, CORP",≤100
2391075684451912,Patricia Ackerman,FRIENDS FOR PATRICIA ACKERMAN,≤100
1099478666810053,Meals For Pets,Meals for Pets,≤100
107066557603584,Bennie Frank,Bennie Frank,≤100
100387281381926,Andrew Gounardes,Andrew For New York,≤100
119006106155684,PI Energy,Andrew P Chung,≤100
30792325085,Bipartisan Policy Center,"BIPARTISAN POLICY CENTER, INC.",≤100
102613531564293,Our Vote Forward PAC,Our Vote Forward,≤100
100931158434092,Estados Unidos Expulsan a Trump,TECH FOR CAMPAIGNS,≤100
109894877501594,Steve Daines Follows The Money,DSCC,≤100
1964269556987922,The Conservation Coalition,American Conservation Coalition Campus,≤100
109489840860646,Doctors Against Trump,COMMITTEE TO PROTECT MEDICARE PAC,≤100
586751814690068,Joni Ernst,Joni for Iowa,≤100
246846192720018,War On Our Future,The Years Project,≤100
966289866735471,Senator Larry Walker,Larry Walker For State Senate,≤100
105023768642,U.S. Chamber Institute for Legal Reform,US Chamber Institute for Legal Reform,≤100
62935143720,Carnegie Endowment for International Peace,CARNEGIE ENDOWMENT FOR INTERNATIONAL PEACE,≤100
1449461518652183,4Patriots,4Patriots LLC,≤100
61634046094,Governor of Virginia,Commonwealth of Virginia,≤100
370657382416,Stanley Black & Decker,"STANLEY BLACK & DECKER, INC.",≤100
103597034685122,Vote Like A Madre,LATINO VICTORY PROJECT,≤100
328536134533302,Timothy McMahan King,Timothy M King,≤100
181385265351965,Mosaic Magazine,Mosaic,≤100
325578590837480,Protect Our Care,Sixteen Thirty Fund,≤100
249276273228,Phil Scott for Vermont,Phil Scott For Vermont,≤100
103144548151014,Adrian Perkins,Perkins for LA,≤100
136116246452638,"Forestdale, Inc.","FORESTDALE, INC.",≤100
1800072483402009,African Community & Conservation Foundation,African Community & Conservation Foundation,≤100
73528878871,Center for Reproductive Rights,Center for Reproductive Rights,≤100
210333902420876,Sean Parnell,AMERICANS FOR PARNELL COMMITTEE,≤100
139398939438430,Left Action,Left Action LLC,≤100
112378316832885,Better PA,"Better Pennsylvania, Inc.",≤100
873550809444862,Mighty Earth,Mighty Earth,≤100
1678492922390061,WorkingNation,WorkingNation,≤100
106224464107240,Jo Jorgensen,Jo Jorgensen for President,≤100
481559282597914,TrumpersUnite,Respect The Look,≤100
72565633140,Soles4Souls,"SOLES4SOULS, INC.",≤100
55528788113,University of Wisconsin-Madison,University of Wisconsin-Madison,≤100
1702428663352940,Chic Shirt Shop,These ads ran without a disclaimer,≤100
113893130439041,GenFree,Gen Free,≤100
794490553914304,Dr. Nina Ansary,"Revela Press, LLC",≤100
321892122054736,Judge Reuben Young for NC Court of Appeals,Keep Judge Reuben Young,≤100
200650357207240,I Love My Freedom,I Love My Freedom,≤100
12683623041,Society for Human Resource Management (SHRM),SOCIETY FOR HUMAN RESOURCE MANAGEMENT,≤100
871459806310539,DABAR = Dalyvaukime ir Aktyviai Balsuokime Ateinančiuose Rinkimuose,Musu Metas Dabar,≤100
113702026736466,National Parks Action Fund,National Parks Action Fund,≤100
73970658023,International Rescue Committee,International Rescue Committee,≤100
872842866161157,One Nation Design,One Nation Design,≤100
1453339054911514,Latino Community Fund -LCF Georgia,Latino Community Fund Georgia,≤100
430964644347524,Campaign Ad-Cloud,Campaign Ad-Cloud,≤100
367292494407,AJC - American Jewish Committee,AMERICAN JEWISH COMMITTEE,≤100
118686519962406,NIOSH Aerosol Respirator and Face Shield Protection for The General Public,"Eastern PPE Imports, LLC",≤100
841674172695329,Self-Care Is For Everyone,These ads ran without a disclaimer,≤100
1053833861326820,John Burke,Presidential Playbook,≤100
12784656483,Union Rescue Mission,Union Rescue Mission,≤100
1425435377743310,Conversations with Bill Kristol,The Foundation for Constitutional Government,≤100
1605226979725996,State Representative Nick Duran,"Nick Duran, Democrat, for Florida House",≤100
104027944769027,Proud Patriot Shop,The GOP Shop,≤100
28446275521,Military Officers Association of America (MOAA),Military Officers Association of America,≤100
2225580284361712,Tommy Tuberville,"TUBERVILLE FOR SENATE, INC.",≤100
97466887664,Innocence Project,"INNOCENCE PROJECT, INC., THE",≤100
26006662641,Arizona Democratic Party,Arizona Democratic Party,≤100
607626319739286,Black Voices for Trump,TRUMP MAKE AMERICA GREAT AGAIN COMMITTEE,≤100
2406972266252679,BloombergLaw,"BUREAU OF NATIONAL AFFAIRS, INC., THE",≤100
181467702005600,Mark Warner VA,FRIENDS OF MARK WARNER,≤100
10522915788,Guayakí Yerba Mate,Steven Zachary Karr,≤100
332803374044043,Chris Bubser for Congress,CHRIS BUBSER FOR CONGRESS,≤100
55549065733,Voto Latino,Voto Latino with Facebook Ad Credits,≤100
105278394175506,Stephanie for New Jersey,Stephanie for New Jersey,≤100
100699775058659,Education Now NC,Education Now,≤100
225047548933396,Hip-Hop Political Education,Hip Hop Political Education Summit,≤100
470241276500901,Women Vote,WOMEN VOTE!,≤100
377559025937565,Senator Martin Looney,Martin Looney for State Senate,≤100
296295018082,AARP en Español,AARP,≤100
149081336362,AmeriCorps VISTA,Corporation for National and Community Service,≤100
105707511217866,Communities Joining Hands,Elena Zhan,≤100
156268994819596,Marc J. Bern & Partners LLP,Marc J. Bern & Partners LLP,≤100
399067003454888,Sudan Relief Fund,Sudan Relief Fund Inc,≤100
248306181862385,Live Lokai,LOKAI HOLDINGS LLC,≤100
188566445027941,One Nation Every Vote,One Nation Every Vote Inc,≤100
1802177709900081,The Spectator US,The Spectator US,≤100
17801244148,Jill Schupp,SCHUPP FOR CONGRESS,≤100
293225127381200,Patriot Depot,The Patriot Depot,≤100
112831537216212,Politasource,Politasource LLC,≤100
56332452163,AMA Patients Action Network,American Medical Association,≤100
641276169335113,Gretchen Driskell for Congress,Gretchen Driskell For Congress,≤100
10897453188,Operation Mobilization - OM USA,"OPERATION MOBILIZATION USA, INC.",≤100
112890616771190,Turnout Nation,Turnout Nation,≤100
61265398450,AmeriCorps NCCC,Corporation for National and Community Service,≤100
629732217415068,Republican Party,Greater Half,≤100
179145905973075,Sophie Ratner Jewelry,Sophie Ratner Jewelry,≤100
340645001925,San Diego County Democratic Party,SAN DIEGO COUNTY DEMOCRATIC PARTY (FED. ACCT.),≤100
260713150211,Protect Our Winters,Protect Our Winters,≤100
406456986070332,Matt Gaetz,Friends of Matt Gaetz,≤100
116789554394,Illinois House Republican Organization,Illinois House Republican Organization,≤100