﻿Page ID,Page Name,Disclaimer,Amount Spent (USD)﻿
2207991836092014,Sabinetek Audio,These ads ran without a disclaimer,≤100
205238189588054,"Race, Racism and the Law",Professor Vernellia Randall,≤100
324785111015146,The Reformed Constitutionalist,Michael John Cuellar,≤100
333199340043595,Alma Francis Heyliger,Alma Alicia Francis,≤100
365174366842918,ProSolar Caribbean,Prosolar Caribbean,≤100
11131463701,truth,TRUTH INITIATIVE FOUNDATION,≤100
107345144221720,Mira,These ads ran without a disclaimer,≤100