﻿Location Name,Amount Spent (USD)
Alabama,48934
Alaska,21218
American Samoa,≤100
Arizona,190313
Arkansas,27061
California,498811
Colorado,86283
Connecticut,37567
Delaware,14535
Florida,616657
Georgia,154517
Guam,1016
Hawaii,12508
Idaho,16176
Illinois,147819
Indiana,56681
Iowa,51947
Kansas,28640
Kentucky,43852
Louisiana,43500
Maine,44203
Maryland,63843
Massachusetts,132000
Michigan,213990
Minnesota,72985
Mississippi,20652
Missouri,60704
Montana,36941
Nebraska,16917
Nevada,34865
New Hampshire,25313
New Jersey,91915
New Mexico,29251
New York,236191
North Carolina,219270
North Dakota,6161
Northern Mariana Islands,≤100
Ohio,130424
Oklahoma,36656
Oregon,59947
Pennsylvania,262741
Puerto Rico,14145
Rhode Island,12743
South Carolina,66644
South Dakota,8149
Tennessee,59222
Texas,276000
Unknown,≤100
Utah,26435
Vermont,8159
Virgin Islands (U.S.),≤100
Virginia,98232
Washington,91575
"Washington, District of Columbia",15558
West Virginia,17712
Wisconsin,147367
Wyoming,13347