﻿Page ID,Page Name,Disclaimer,Amount Spent (USD)
6726182861,Mike Pence,TRUMP MAKE AMERICA GREAT AGAIN COMMITTEE,4510
153080620724,Donald J. Trump,TRUMP MAKE AMERICA GREAT AGAIN COMMITTEE,2354
153080620724,Donald J. Trump,"DONALD J. TRUMP FOR PRESIDENT, INC.",2030
1745691098822972,Brad Parscale,TRUMP MAKE AMERICA GREAT AGAIN COMMITTEE,864
7860876103,Joe Biden,BIDEN VICTORY FUND,826
1771156219840594,Team Trump,TRUMP MAKE AMERICA GREAT AGAIN COMMITTEE,815
1615018905412860,Progressive Turnout Project,PROGRESSIVE TURNOUT PROJECT,594
1096328397070428,Hunger Free Oklahoma,TULSA COMMUNITY FOUNDATION,462
104856814505092,The Kids Guide,The Kids Guide,450
156968474833352,Stop Republicans,Stop Republicans,430
20787991568,Senate Democrats,DSCC,410
100284208399279,Craig Immel - Independent for Tulsa Mayor,Immel for Mayor 2020,404
791543660926838,"I'll go ahead and keep my guns, Thanks",2A4LIFE LLC,391
925007000949719,ExxonMobil,Exxon Mobil Corporation,365
1771156219840594,Team Trump,"DONALD J. TRUMP FOR PRESIDENT, INC.",334
9324910069,NRSC,NRSC,303
96935476345,Democratic Governors Association (DGA),Democratic Governors Association,294
2352630938293825,Mytacticalpromos,Entremax,293
196382377057315,Learn Our History,Learn Our History,263
132492254050920,American AF,AAF Nation,259
102671331487937,I Love My Freedom Store,I Love My Freedom,246
203805062990264,Ben Shapiro,The Daily Wire,221
107858693983382,The GOP Shop,The GOP Shop,219
65364914445,Oklahoma Council of Public Affairs,"OKLAHOMA COUNCIL OF PUBLIC AFFAIRS, INC.",216
345504286342057,Keeping America Great Again,RightWingGear.com,213
665345483483486,NRA - National Rifle Association of America,NATIONAL RIFLE ASSN OF AMERICA,211
100126201737278,Patriots Take a Stand,Jae W Seo,208
112694470356789,Trumpcare For America,Stuart Joseph Millar,201
103654464668995,Home With Our Family,Alexander Chung,199
165987503528599,Lindsey Graham,"TEAM GRAHAM, INC.",189
1883837055193241,Shield Republic,Shield Republic,164
92925746942,Judicial Watch,Judicial Watch,146
24330467048,Americans for Prosperity,AMERICANS FOR PROSPERITY,139
717115395103069,PrintedKicks,Printed Kicks,138
105829564471772,Patriots Stand Together,Trizzie Truong,129
188343161258116,Oklahoma Department of Commerce,Oklahoma Department of Commerce,128
33110852384,Doctors Without Borders/ Médecins Sans Frontières (MSF),Doctors Without Borders/Médecins Sans Frontières (MSF),125
332716170522025,America First Action,America First Action,123
327202261326682,Stephanie Bice,Bice for Congress,116
6726182861,Mike Pence,"DONALD J. TRUMP FOR PRESIDENT, INC.",114
105756057589080,The Lincoln Project,The Lincoln Project,113
127225910653607,PragerU,PragerU,113
342294162453301,Planned Parenthood,Planned Parenthood Federation of America,111
100137754724934,Trump 2020 Supporters,Proud Right Winger,103
176789922364429,Steve Daines,STEVE DAINES FOR MONTANA,102
90022052772,Williams,"WILLIAMS COMPANIES, INC., THE",≤100
85452072376,Newsmax,Newsmax Media,≤100
7814597100,Jim Jordan for Congress,JIM JORDAN FOR CONGRESS,≤100
137569740231452,Respect The Look,Respect The Look,≤100
110974960642149,Proudly American,Grant Alan Johnston,≤100
96935476345,Democratic Governors Association (DGA),DEMOCRATIC ACTION,≤100
294196590710262,FWD.us,FWD.us,≤100
107363480949584,Preston Stinson for State House,Stinson for House 2020,≤100
213792049451918,Stand For America,Stand For America Inc,≤100
461204744067686,Family Protection Association,Family Protection Association,≤100
1597196260595884,David B. Hooten for OKlahoma County Clerk,David Benjamin Hooten,≤100
1374134752633656,New Health Plans,Shop Insurance Plans,≤100
116844906527185,OKvote,OK Vote,≤100
373814729643508,Let America Vote,LET AMERICA VOTE PAC,≤100
259130650776119,Mitch McConnell,MCCONNELL SENATE COMMITTEE,≤100
278490715553293,Martha McSally,MCSALLY FOR SENATE INC,≤100
328072970642479,Jaime Harrison,JAIME HARRISON FOR US SENATE,≤100
105566671190013,What We All Need,Patrick Le Tran,≤100
1109093812491437,Blaze Media,Blaze Media LLC,≤100
111393882812494,Amy McGrath,"AMY MCGRATH FOR SENATE, INC.",≤100
490374428003966,Oklahomans For Energy Options,Oklahomans For Energy Options,≤100
100637888239523,Free Reign For All,Kin Ngai Yeung,≤100
328853823844484,Balance of Power,Balance of Power,≤100
112974563687584,Robert Kiyosaki - The Rich Dad Poor Dad Letter,Long Form Creative Co.,≤100
2189265054726827,Liberty Tee Shop,www.libertyteeshop.com,≤100
5633824547,FreedomWorks,"FREEDOMWORKS, INC.",≤100
305832706292882,American Gun Association,GunAssociation.org,≤100
5435784683,Greenpeace USA,"GREENPEACE, INC.",≤100
127755494595870,Progressive Takeover,PROGRESSIVE TAKEOVER,≤100
1435071773455316,Daily Wire,The Daily Wire,≤100
1025055787535714,A Case for Women,A Case for Women,≤100
8934429638,Planned Parenthood Action,Planned Parenthood Action Fund,≤100
53541257714,The Arc of the United States,The Arc with Facebook Ad Credits,≤100
159964696102,Kevin McCarthy,KEVIN MCCARTHY FOR CONGRESS,≤100
239866352781313,Tom Cole,COLE FOR CONGRESS,≤100
195530355493,Chicks On The Right,Chicks on the Right,≤100
245284549333866,ASMDSS,ASMDSS,≤100
1336293769761923,Jon Ossoff,JON OSSOFF FOR SENATE,≤100
109122855774158,Jett for Senate,Jett for Senate 2020,≤100
103597604713894,Team Trump Store,TRUMP MAKE AMERICA GREAT AGAIN COMMITTEE,≤100
112431050497386,Patriotism For Life,Vivian Lam Nguyen,≤100
355316521236121,John Cornyn,TEXANS FOR SENATOR JOHN CORNYN INC.,≤100
560140464159364,Stand for the 2nd Amendment,SFT2 Tactical Supply,≤100
977704775606273,Balls Deep Tackle,Balls Deep Tackle,≤100
570092813023833,Matt Walsh,The Daily Wire,≤100
6041057841,The Humane Society of the United States,"HUMANE SOCIETY OF THE UNITED STATES, THE",≤100
114710126648118,Republican Dogs,Republican Dogs,≤100
108794587327155,Good Programs 2020,Trevor Dale Seaks,≤100
2267285956849056,Donald Trump 2020 Fans,I Love My Freedom,≤100
291318298488215,Veterans for Career Education,Veterans for Career Education,≤100
57259033959,AARP,AARP,≤100
23875187730,Feeding America,Feeding America,≤100
1467725903304588,EZ Insure,Benepath,≤100
265268336865693,Do Amore,Do Amore Limited Company,≤100
830121337093232,National Democratic Training Committee,NATIONAL DEMOCRATIC TRAINING COMMITTEE PAC,≤100
1194865807192273,Conservative Gear,Outergoods LLC,≤100
106244251043808,Reuse Plastics,"AMERICAN CHEMISTRY COUNCIL, INC.",≤100
25055115099,Intuit,INTUIT INC.,≤100
296708523873754,Karla Dennis and Associates Inc.,"Karla Dennis & Associates, Inc",≤100
749569748480446,Campaign Armor,Michael Stanley Goodart,≤100
107758757670203,BLM Direct,BLM Store LLC,≤100
108118933908193,Next Level Goods,Next Level Goods LLC,≤100
105410567897348,Adopt an Officer,Adopt America LLC,≤100
530604487365010,Old Glory Flagpole Kits,Service First,≤100
277005566267077,Blueland,Blueland,≤100
106323360959211,Patriots Republic,Matthew James Stine,≤100
38235851310,USA for UNHCR,UNITED STATES ASSOCIATION FOR UNHCR,≤100
7292655492,MoveOn,MOVEON.ORG POLITICAL ACTION,≤100
110124618713,American Principles Project,American Principles Project,≤100
8501031021,VoteVets.org,"VoteVets Action Fund, Inc.",≤100
18982436812,ACLU,American Civil Liberties Union,≤100
168051710543266,Lacy Johnson,Lacy Johnson for Congress,≤100
114501575391943,Compare Medicare Quotes,Benepath,≤100
1061240530648502,Joe Collins,JOE COLLINS FOR CONGRESS,≤100
119165929474477,Danyell for Congress,DANYELL LANIER FOR CONGRESS,≤100
111506250582498,Keeping Our Homes Safe,Steve San,≤100
192015461630968,Supporting Our Brave Veterans,James Brian Plouf,≤100
203197030603239,8 Billion Trees,8 Billion Trees LLC,≤100
2011677365822396,Ground News,Snapwise Inc.,≤100
1400927463555875,Imperfect Foods,Imperfect Produce,≤100
105455840860559,Eagle Realm,Eagle Realm,≤100
46093654473,National Republican Congressional Committee,NRCC,≤100
109379100777665,Patriotism Isn't Dead,Patriot Polling,≤100
23996308754,Senate Conservatives,SENATE CONSERVATIVES FUND,≤100
303061950155375,John James,"JOHN JAMES FOR SENATE, INC.",≤100
359477377917,American Federation for Children,American Federation for Children,≤100
309308412520731,Sandy Hook Promise,Sandy Hook Promise,≤100
126694924050678,Xavier Becerra,Becerra for Attorney General 2022,≤100
602714436529710,End Citizens United,END CITIZENS UNITED,≤100
1556932204325823,ProgressPop,ProgressPop,≤100
2353537341582545,Proud Patriots,Proud Patriots,≤100
598924810530984,Keeping America Great,FamTeeWorld,≤100
1836138529938551,Greater Half,Greater Half,≤100
107572730809638,End Money Bail California,"End Predatory & Unfair Money Bail, a coalition of justice reform and labor organizations. Committee major funding from Action Now Initiative, LLC, Patty Quillin, and Lynn Schusterman. Funding Details at www.fppc.ca.gov.",≤100
530604487365010,Old Glory Flagpole Kits,Service First Flag Poles,≤100
1528980567353817,Love Has No Labels,Love Has No Labels with Facebook Ad Credits,≤100
607626319739286,Black Voices for Trump,TRUMP MAKE AMERICA GREAT AGAIN COMMITTEE,≤100
1577105462352750,Oklahoma City University Executive & Professional Education Center,Meinders School of Business Executive & Professional Education Center,≤100
6231686654,Compassion International,"COMPASSION INTERNATIONAL, INCORPORATED",≤100
100256754899828,Patriot's Cave,Patriots Cave,≤100
2330577043935831,Sara Gideon,SARA GIDEON FOR MAINE,≤100
425771317501061,Michael Knowles,The Daily Wire,≤100
653079394725698,Aspiration,Aspiration,≤100
166618413413767,Jay Sekulow,American Center for Law and Justice,≤100
309798029121030,Everytown for Gun Safety,Everytown for Gun Safety Action Fund Inc,≤100
118502801658228,Young Kim,Young Kim for Congress,≤100
706716899745696,Women for Trump,TRUMP MAKE AMERICA GREAT AGAIN COMMITTEE,≤100
109677057145919,Hot Issue,Astonishean Miracle Bundage,≤100
2309566456030859,Human Coalition Action,Human Coalition Action,≤100
107150077720746,American Collectibles,Christopher Walter Adams,≤100
163148530407080,Captain Mark Kelly,MARK KELLY FOR SENATE,≤100
228754857151053,House Majority PAC,House Majority PAC,≤100
8550121410,Free Speech America Project,MEDIA RESEARCH CENTER,≤100
1010143499143169,Medicare Savings,"Mayo Labs, LLC",≤100
25852730092,Care2,Care2 Inc,≤100
193618220508,LIFE Today,LIFE Outreach International,≤100
107654924064350,Pat Timmons-Goodson,PATRICIA TIMMONS-GOODSON FOR CONGRESS,≤100
8325302025,Friends of the Earth U.S.,Friends of the Earth,≤100
107803440835562,US Hot Gears,Click Wonders,≤100
109360297266116,Fearless Patriot,TERESA NONE OHARA-MARSH,≤100
27311599342,Preemptive Love,Preemptive Love Coalition,≤100
45393753416,Alliance Defending Freedom,Alliance Defending Freedom,≤100
8741241286,Under Armour,These ads ran without a disclaimer,≤100
105577974544303,The USA Needs More Patriots,Anthony Alexander Morales,≤100
101210588150219,Boy Scouts Abuse Claims,X Social Media LLC,≤100
103185334702225,Stop Trump PAC,STOP 45 PAC,≤100
8532248414,Wounded Warrior Project,"WOUNDED WARRIOR PROJECT, INC.",≤100
21559454473,FAIR,FEDERATION FOR AMERICAN IMMIGRATION REFORM,≤100
115379705206001,U.S. Department of Homeland Security Blue Campaign,DHS Blue Campaign,≤100
18813753280,Human Rights Campaign,"HUMAN RIGHTS CAMPAIGN, INC.",≤100
104721201111500,Grassroots Law Project,Grassroots Law Project,≤100
30139072158,CARE,CARE,≤100
42872222699,Dana Loesch,Dana Loesch Radio,≤100
788394134539871,USPS Business,United States Postal Service,≤100
288035911228085,Frank Lucas,LUCAS FOR CONGRESS,≤100
206677396413254,Abortion On Our Own Terms,Abortion On Our Own Terms,≤100
21375324480,The Heritage Foundation,HERITAGE FOUNDATION (THE),≤100
167586229923327,World Food Program USA,World Food Program USA,≤100
15687409793,World Wildlife Fund,World Wildlife Fund,≤100
257019421075897,Cory Gardner,Cory Gardner for Senate,≤100
110177119192569,Knightscope,William Li,≤100
107439427661844,Accountable Tech,Accountable Tech,≤100
1917715138510680,Follow Your Legend,Legend Bracelet,≤100
100757504960070,Concealed_Country,Concealed Country,≤100
7833534974,Florida Democratic Party,Florida Democratic Party,≤100
27544763621,Prison Fellowship,Prison Fellowship,≤100
101279451606075,Democratic Strategy Institute,Democratic Strategy Institute,≤100
129255907131113,NumbersUSA,NUMBERSUSA EDUCATION AND RESEARCH FOUNDATION,≤100
342887442508723,Convention of States,Convention of States Action,≤100
224684514243482,Tom Cotton,"COTTON FOR SENATE, INC.",≤100
612701059241880,Latinos for Trump,TRUMP MAKE AMERICA GREAT AGAIN COMMITTEE,≤100
80562389320,NARAL Pro-Choice America,NARAL Pro-Choice America,≤100
8047221596,Save the Children US,"SAVE THE CHILDREN FEDERATION, INC.",≤100
2185993931653388,The Recount,"Recount Media, Inc",≤100
7263476274,Mercy Corps,Mercy Corps,≤100
103162411257510,Trumplican,USA Movements,≤100
9364828262,Citizens Against Government Waste,COUNCIL FOR CITIZENS AGAINST GOVERNMENT WASTE,≤100
1821562004564542,Oklahoma Term Limits,U.S. Term Limits Inc.,≤100
106645684412573,Cover Air Medical,Cover Air Medical,≤100
1765073800454902,Reform Austin,Reform Austin Inc.,≤100
69983322463,Ted Cruz,TED CRUZ FOR SENATE,≤100
150452905455,Andrew Klavan,The Daily Wire,≤100
277414242013,Joyce Elliott for Congress,JOYCE ELLIOTT FOR CONGRESS,≤100
2012750189007245,Liquid Death Mountain Water,Liquid Death,≤100
586751814690068,Joni Ernst,Joni for Iowa,≤100
150763151677363,Markwayne Mullin,MULLIN FOR CONGRESS,≤100
429812024048177,Doug Jones for Senate,DOUG JONES FOR SENATE COMMITTEE,≤100
105577974544303,The USA Needs More Patriots,AmeriPolling,≤100
165427147465098,Oklahoma Rural Association,"Oklahoma Rural Association, LLC",≤100
2045063472456560,Institute for Responsible Alcohol Policy,Institute for Responsible Alcohol Policy,≤100
114625730266879,Republican Voters Against Trump,Defending Democracy Together,≤100
142665849854371,House Freedom,HOUSE FREEDOM FUND,≤100
433919203362871,Bird + Stone,BIRD & STONE INC,≤100
420785874975425,Conservative Institute,The Conservative Institute,≤100
111278008942618,Wicked Clothes,Wicked Clothes,≤100
109092142462587,Adam Schiff,SCHIFF FOR CONGRESS,≤100
1316372698453411,Alexandria Ocasio-Cortez,Alexandria Ocasio-Cortez for Congress,≤100
228132537208218,Tammy Duckworth,TAMMY FOR ILLINOIS,≤100
35169196082,Project HOPE,"PROJECT HOPE-THE PEOPLE-TO-PEOPLE HEALTH FOUNDATION, INC.",≤100
6500552187,Hulu,"HULU, LLC",≤100
892673067526965,Project War Path,Project War Path,≤100
351010522286316,Dakota Access Pipeline,Energy Transfer,≤100
101591551371555,Fire Mitch. Save America.,SAVE AMERICA FUND,≤100
108641837323970,Emilie Tindle for House District 11,Emilie Tindle for Oklahoma 2020,≤100
907919839243616,My Faith Votes,My Faith Votes,≤100
526816887691591,NO New Oklahoma TAXES,"No New Oklahoma Taxes, Inc.",≤100
12301006942,Democratic Party,DNC SERVICES CORP./DEM. NAT'L COMMITTEE,≤100
1799282383731277,TwoSeventy,Alexander Jared Deutsch,≤100
87186661244,Johns Hopkins Bloomberg School of Public Health,Johns Hopkins Bloomberg School of Public Health,≤100
775525186130124,Center for a Free Economy,Center for a Free Economy,≤100
72186095846,Center For American Progress Action Fund,Center for American Progress Action Fund,≤100
17023576156,The Leadership Conference on Civil and Human Rights,The Leadership Conference on Civil and Human Rights,≤100
105732744375701,Steve Bullock,MONTANANS FOR BULLOCK,≤100
215968684159,AFT - American Federation of Teachers,American Federation of Teachers,≤100
171651620209487,Brady PAC,Brady Pac,≤100
73970658023,International Rescue Committee,International Rescue Committee,≤100
113563323745924,Keep America Great,Keep America Great,≤100
83290028957,Care Net,CARE NET,≤100
223055747744143,Beto O'Rourke,Powered By People,≤100
106949844346620,Trumpian Republicans,Gregory Lawrence Burright,≤100
2037695643113766,Blexit,Blexit Foundation,≤100
209516845093,NRDC Action Fund,NRDC Action Fund,≤100
15239367801,The Wilderness Society,"WILDERNESS SOCIETY, THE",≤100
169710960125365,Curzio Research,Curzio Research Inc.,≤100
36474716066,Color Of Change,ColorofChange.org,≤100
49651563727,Live Action,Live Action,≤100
465483726908192,iVote,IVote Civic Education Fund,≤100
655065784538368,PredictIt,"PredictIt - Prediction Markets. A project of Victoria University of Wellington, PredictIt has been established to facilitate research into the way markets forecast events.",≤100
376776419037747,Turning Point USA,Turning Point USA,≤100
191563461270081,Kevin Hern,Hern For Congress,≤100
317284821682168,Messianic Jewish Alliance of America (MJAA),Messianic Jewish Alliance of America,≤100
143729616392084,Van Drew for Congress,Van Drew for Congress,≤100
112880207070872,Windows Roof Driveway,Kenji None Tomoda,≤100
102745147891580,Trump Coolers,Eric Clifford Juels,≤100
105472611205786,Re-Elect KJ 4 Tulsa,KJ 4 Tulsa,≤100
24481937944,Theodore Roosevelt Conservation Partnership,"THEODORE ROOSEVELT CONSERVATION PARTNERSHIP, INC",≤100
106244467793993,National Senior Solutions,Michael Jon Baker Jr,≤100
706716899745696,Women for Trump,"DONALD J. TRUMP FOR PRESIDENT, INC.",≤100
151525932186806,When Democrats Turn Out,WHEN DEMOCRATS TURN OUT PAC,≤100
104934207736995,Paycheck to Paycheck,Center for American Progress Action Fund,≤100
1228396643984955,Michelle Steel,Michelle Steel for Congress,≤100
107589664099282,Stand Up To China,"Stand Up To China, Inc.",≤100
2078647579047586,Project Pulso,Project Pulso,≤100
10498053716,Media Research Center,MEDIA RESEARCH CENTER,≤100
894096170667732,Ashley Hinson,Ashley Hinson For Congress,≤100
329284771298646,Issue One Action,Issue One Action,≤100
605168822998856,314 Action,314 ACTION FUND,≤100
934438026690635,YouGov,YOUGOV AMERICA INC.,≤100
18709174006,National Audubon Society,"NATIONAL AUDUBON SOCIETY, INC.",≤100
118303441570966,Home Ownership Matters,NATIONAL ASSOCIATION OF REALTORS,≤100
110018833813683,Flip the Senate,SMP,≤100
382724835246339,"OKC Fraternal Order of Police, Lodge 123","Oklahoma City Fraternal Order of Police, Lodge 123",≤100
105929991030423,My Freedom Jersey,"My Freedom Jersey, LLP",≤100
19342050934,Leadership Institute,LEADERSHIP INSTITUTE INC,≤100
470241276500901,Women Vote,WOMEN VOTE!,≤100
215830238462422,The LIBRE Initiative,The Libre Initiative,≤100
1934191280189700,Health Care Voter,Health Care Voter,≤100
69039563201,Open Doors USA,"OPEN DOORS WITH BROTHER ANDREW, INC.",≤100
30914589895,The International Fellowship of Christians and Jews,"INTERNATIONAL FELLOWSHIP OF CHRISTIANS & JEWS, INC.",≤100
971668776283950,PolicyEd,Hoover Institution,≤100
158791100909689,Concerned Veterans for America,Concerned Veterans for America,≤100
163302087408673,Stop The Donald,Stop the Donald,≤100
169294473121454,Policetees.com,PoliceTees.com,≤100
169130743498585,Tactical Pro Supply,Chad Keller,≤100
2146201085498440,Tony Gonzales,Tony Gonzales for Congress,≤100
140357056032320,NEA Today,National Education Association,≤100
1447994318779650,AirMedCare Network,AIrMedCare Network,≤100
149081336362,AmeriCorps VISTA,Corporation for National and Community Service,≤100
83673249645,Planned Parenthood Great Plains,Planned Parenthood Great Plains,≤100
911828698840246,ReLEntless Defender Apparel,ReLEntless Defender Apparel,≤100
107398241021186,The John Lewis Bridge Project,John Lewis Bridge Project,≤100
496696933682736,Jeff Merkley,JEFF MERKLEY FOR OREGON,≤100
593289284500311,Trump Rack,BOXD Marketing,≤100
281844617168,Jewish Voice Ministries International,JEWISH VOICE MINISTRIES INTERNATIONAL,≤100
105060677844787,Bill Savings,Bill Savings,≤100
124878890872305,Choctaw Nation of Oklahoma,Choctaw Nation of Oklahoma,≤100
113666459994300,Big Dan Rodimer for Congress,RODIMER FOR CONGRESS,≤100
1055873511190792,Hello Resistance,Hello Resistance Apparel,≤100
1600352356914768,PushBlack,PushBlack,≤100
592707041080920,Stand Together,Stand Together Chamber of Commerce Inc.,≤100
192771954102960,Jordan Sekulow,American Center for Law and Justice,≤100
1530883997194411,United States Constitution,Flag and Cross,≤100
1338822066131069,Women's March,Women's March,≤100
107150077720746,American Collectibles,Proud Patriots,≤100
293225127381200,Patriot Depot,The Patriot Depot,≤100
17911165812,Covenant House International,Covenant House,≤100
266145305529,Henry Holt,"Macmillan Holdings, LLC",≤100
108733284000016,Oklahoma Families for Affordable Health Care,Oklahoma Families for Affordable Health Care,≤100
1628679613829742,Josh Hicks,Josh Hicks for Congress,≤100
103801844298982,Team Collins,COLLINS FOR SENATOR,≤100
111155977283079,My Medication Rights,Pharmaceutical Printed Literature Association,≤100
142370046577999,Shahid Buttar for Congress,Shahid Buttar for Congress Committee,≤100
15041226930,Oxfam,"OXFAM AMERICA, INC.",≤100
628891490457484,Nancy Mace,Nancy Mace for Congress,≤100
1678852575688382,Meloyde Blancett,Friends of Meloyde Blancett,≤100
172758932738142,PhRMA,PHARMACEUTICAL RESEARCH AND MANUFACTURERS OF AMERICA,≤100
203550842430,Mike Lee,FRIENDS OF MIKE LEE INC,≤100
302182941354,AARP Advocates,AARP,≤100
259212814698356,Democratic Majority for Israel,DMFI PAC,≤100
106224464107240,Jo Jorgensen,JO JORGENSEN FOR PRESIDENT,≤100
294508332028,Lakota People's Law Project,ROMERO INSTITUTE,≤100
130467958471,Jason Lewis,Jason Lewis for Senate,≤100
169597416843751,Stand Up America,Stand Up America,≤100
248181906078243,National Institute for Civil Discourse,CommonSense American,≤100
237477017606,Club for Growth,Club for Growth,≤100
143986912311328,University of Vermont Continuing and Distance Education,University of Vermont,≤100
7962229886,Environmental Working Group,ENVIRONMENTAL WORKING GROUP,≤100
1852520761657982,4ocean,4ocean,≤100
135298176481584,Marine Corps Scholarship Foundation,Marine Corps Scholarship Foundation,≤100
419237048158257,Susan Collins,COLLINS FOR SENATOR,≤100
493811210669780,Creative Action Network,Creative Action Network,≤100
683872625157265,Theresa Greenfield,THERESA GREENFIELD FOR IOWA,≤100
6236054211,Brady,Brady Campaign to Prevent Gun Violence,≤100
102959799834968,Diane Mitsch Bush for Colorado,DIANE FOR COLORADO CD3,≤100
11791104453,NRDC,Natural Resources Defense Council,≤100
103644036958,United Association,United Association Political Education Committee,≤100
316887658336677,My Control Card,"NETSPEND HOLDINGS, INC.",≤100
308159713150350,Voter Protection Project,VOTER PROTECTION PROJECT,≤100
184072721624475,"Besomebody, Inc.",Besomebody Inc,≤100
29770886815,Marijuana Policy Project,Marijuana Policy Project,≤100
216709768355686,Dinesh D'Souza,America2020 Film LLC,≤100
128958937175029,Trivia Today,Benjamin Aaron Perlman,≤100
1526736227567131,TrueCoverage,True Coverage,≤100
153678684700451,American Investment Council,AMERICAN INVESTMENT COUNCIL,≤100
108152933883451,TrumpTrendz,Troy Lorenzo Davis,≤100
679171239164792,Supermajority,Supermajority Education Fund,≤100
85273022315,NAMI,NAMI,≤100
51379424899,Mercy Ships,MERCY SHIPS INTERNATIONAL,≤100
201956993160690,MRCTV,MEDIA RESEARCH CENTER,≤100
449202631932231,Mike Johnson,MIKE JOHNSON FOR LOUISIANA,≤100
103617578071596,Anti-racism campaign,Jason Charles King,≤100
112325855474892,Speak Up For Education and Kids,National Education Association,≤100
1580455205581813,Justice Matters,"Justice Matters, INC.",≤100
101724361319410,Ronny Jackson for U.S. Congress TX-13,Texans for Ronny Jackson,≤100
333710103706307,Giffords,GIFFORDS PAC,≤100
1005566252861190,VOTEPROCHOICE,DEMOCRATS.COM,≤100
104504438466,Federal Voting Assistance Program - FVAP,Federal Voting Assistance Program,≤100
111428049989,Cal Cunningham,CAL FOR NC,≤100
110808320304366,Tough As Nails,These ads ran without a disclaimer,≤100
79125112926,Students for Life of America,"STUDENTS FOR LIFE OF AMERICA, INC.",≤100
178024352559210,Great America PAC,GREAT AMERICA PAC,≤100
6820348410,Kirsten Gillibrand,Off the Sidelines,≤100
1204754733024419,People's Power Grab,ACRONYM,≤100
102636677971854,Trump Is The Storm,Legendary Trump Coins,≤100
101136147910784,Represent Justice,Represent Justice,≤100
105084617912738,PatriotQuizzes,patriotquizzes.com,≤100
375760676281438,Mermaid Straw,Mermaid Straw,≤100
911845658833043,I Am An Immigrant,FWD.us Education Fund,≤100
1690071827911682,Cleancult,cleancult,≤100
780941275347834,Ilhan Omar,ILHAN FOR CONGRESS,≤100
1234251319933440,Exclusive Apparel,The Dude's Threads,≤100
105536127617594,The American Digest,The American Digest,≤100
1545826148838592,Trump 2020,Gregory Lawrence Burright,≤100
119006106155684,PI Energy,Andrew P Chung,≤100
129523843754764,Vote Smart,PROJECT VOTE SMART,≤100
331037760381749,Sierra Magazine,SIERRA CLUB,≤100
169277310432049,"Texas Precision Optics, Inc.",Texas Precision Optics Inc,≤100
794490553914304,Dr. Nina Ansary,"Revela Press, LLC",≤100
99033391274,Brian Kemp,Kemp for Governor Inc,≤100
1733918116873254,BackWoods Mafia,Landon David Turner,≤100
745910525468062,National Center on Sexual Exploitation,National Center on Sexual Exploitation,≤100
107992724140411,George Burns for State Senate 2020,George H Burns 2020,≤100
408250066356,Bill O'Reilly,"Bill Me, Inc.",≤100
23790541544,Democrats,DCCC,≤100
223008867858902,American Action News,American Action News,≤100
336470580233523,Pins and Aces Golf Co.,US Craft Brands LLC,≤100
159597424207730,David Perdue,PERDUE FOR SENATE,≤100
253791814655400,Doug Collins,"COLLINS FOR SENATE, INC.",≤100
1224429014390746,Catalysts,Freethink,≤100
275908853303174,Pro-Israel America,Pro-Israel America United,≤100
1601417063208019,Harness,Harness Community,≤100
673117639774135,Gretchen Whitmer,Gretchen Whitmer for Governor,≤100
438987046299274,The First,"The First Digital, Inc",≤100
101165966152,AFL-CIO,AFL-CIO,≤100
117058854998779,The Gideons International,"GIDEONS INTERNATIONAL, THE",≤100
102592959026,Ocean Conservancy,"OCEAN CONSERVANCY, INC.",≤100
2081864865362439,Mike Espy,MIKE ESPY FOR SENATE CAMPAIGN COMMITTEE,≤100
814260155318929,The Fairness Project,The Fairness Project,≤100
629732217415068,Republican Party,Greater Half,≤100
143089732792,Marsha Blackburn,Blackburn Tennessee Victory Fund,≤100
50982313030,Food & Water Watch,Food & Water Watch,≤100
74508408221,Dr. Joanne Bagshaw,"Joanne Bagshaw, PhD, LCPC",≤100
101329438317952,Story Network Action,Story Network Foundation,≤100
5720973755,Defenders of Wildlife,DEFENDERS OF WILDLIFE,≤100
638955386458447,"Sheets Law Firm, P.C.",Matthew Sheets,≤100
110746996993983,The 'Gander Newsroom,Courier Newsroom,≤100
100401327980848,National Parents Union,National Parents Union,≤100
232201568659,Pacific Justice Institute,PACIFIC JUSTICE INSTITUTE,≤100
6316744206,Jon Tester,MONTANANS FOR TESTER,≤100
108512875350,The Atlas Society,The Atlas Society,≤100
100101018155207,Paid Leave for All,Paid Leave for All a project of Hopewell Fund,≤100
166166843531258,National Council of Resistance of Iran - شورای ملی مقاومت ایران,MEK-Iran (Saeid Saadati),≤100
105060269781,Premiere Collectibles,"Premiere Marketing, Inc.",≤100
290851614930809,Combat AntiSemitism,Combat Anti-Semitism,≤100
102617961152741,Barbara Bollier,BOLLIER FOR KANSAS,≤100
518194348194441,RepresentUs,RepresentUs,≤100
1682876188698809,United for Respect,United for Respect,≤100
950998258312654,Knowhere,"Knowhere, Inc.",≤100
393076844046051,Progressive Caucus,CONGRESSIONAL PROGRESSIVE CAUCUS PAC,≤100
1695950424027488,Andy Hallinan,Andrew Lawrence Hallinan,≤100
114386721939978,The Made in America Store,Made In America Store,≤100
357554791340788,Liker,Omar Rivero,≤100
34521916336,Brent Bozell,MEDIA RESEARCH CENTER,≤100
1268410219898273,Tango Tango,Tango Tango Inc,≤100
112164673854264,Living Patriotically,Living Patriotically,≤100
100622571695987,Kathryn Lyons,Kathryn Lyons for Tulsa City Councilor,≤100
142992759853421,Be A Hero,BE A HERO PAC,≤100
101344128212168,Slemmons For Oklahoma,Slemmons for Oklahoma,≤100
114181676608677,Canadian Valley Quail Forever Chapter,Laura Miller Mciver,≤100
162493793737,Rick Green,Richard Arlin Green,≤100
173470656019870,The Daily Yonder,Great Stories LLC,≤100
114475890010131,Piggy Dollar Financial,Tyler Wayne Hedland,≤100
21647204289,Michigan Education Association,Michigan Education Association,≤100
97493741436,John W. Hickenlooper,HICKENLOOPER FOR COLORADO,≤100
345378512258813,Elise Stefanik,ELISE FOR CONGRESS,≤100
131217580266597,National Council on Aging,"NATIONAL COUNCIL ON AGING, INC.",≤100
384557995468219,Viral Casez,Viral Casez,≤100
953113491536337,Black to the Future Action Fund,Black to the Future Action Fund,≤100
231518367314146,Kim Olson for Congress,KIMFORCONGRESS,≤100
1667892193505378,Hold the House,HOLD THE HOUSE PAC,≤100
843521599189011,Sherrie Conley for House District 20,Committee to Elect Sherrie Conley,≤100
61265398450,AmeriCorps NCCC,Corporation for National and Community Service,≤100
235762319779450,Omar Navarro,OMAR NAVARRO FOR CONGRESS,≤100
103531607822207,Noticias para Inmigrantes,"Wise Rock Media, PBC",≤100
21395843375,Dialysis Patient Citizens,DIALYSIS PATIENT CITIZENS INC,≤100
10150100007820094,Wendy Davis,WENDY DAVIS FOR CONGRESS,≤100
108761157264828,Jacob Baccus for House District 81,Friends of Jacob Baccus,≤100
675471506247724,Adair for Congress,ADAIR FOR CONGRESS,≤100
102081678052471,Midyett For Congress 2020,Midyett For Congress,≤100
58158120046,ACLJ,American Center for Law and Justice,≤100
1551109418518461,The Honest Patriot,Amundson Media LLC,≤100
172298889630363,Republican Attorneys General Association,REPUBLICAN ATTORNEYS GENERAL ASSOCIATION,≤100
21898300328,BuzzFeed,The Procter & Gamble Company,≤100
6820348410,Kirsten Gillibrand,Gillibrand for Senate,≤100
109678580574253,Politicool Clothing Co.,PolitiCoolClothing.com,≤100
101209614956892,Take A Stand,Andrew Joseph Young,≤100
8934429638,Planned Parenthood Action,Planned Parenthood Votes,≤100
100968598130407,Tax Support Center,Mercedes Lease,≤100
2165983337048601,LeverforChange,Lever for Change,≤100
109111900634787,Reverend Raphael Warnock,WARNOCK FOR GEORGIA,≤100
469609533112889,iDisciple,iDisciple,≤100
6422690687,Clearly Canadian,The Clearly Food & Beverage Company,≤100
100123544800892,Disme Coin Company,Byron Michael Laughlin,≤100
59877921429,Lutheran Immigration and Refugee Service,"LUTHERAN IMMIGRATION AND REFUGEE SERVICE, INC.",≤100
176466646087311,DC Fawcett,Donald Chappell Fawcett,≤100
601108943431836,The Flip Side,TFS Inc,≤100
292351509697,Jerusalem Prayer Team,Jerusalem Prayer Team,≤100
1613516851999536,Sunrise Movement,Sunrise,≤100
134452023239984,Human Coalition,Human Coalition,≤100
785936231584382,Paula Jean Swearengin,Paula Jean for West Virginia,≤100
681626158940626,Mission Roll Call,Americas Warrior Partnership,≤100
1528498354074301,Punching Bag Media - Conservative News,Sean Michael Probber,≤100
419992651425033,Guardianes del Pueblo-Consumer Law Group,Consumer Law Group,≤100
100318944827269,Amy Kennedy,AMY KENNEDY FOR CONGRESS,≤100
201248453800242,My Pay My Say,Mackinac Center for Public Policy,≤100
15351475322,Cathy McMorris Rodgers,Cathy McMorris Rodgers for Congress,≤100
2283535575207809,Ditch Mitch,DITCH FUND,≤100
104051398040027,CCW Online Now_,Concealed Country,≤100
112600915451330,No Labels,No Labels,≤100
596556607135301,The Earthling Co.,The Earthling Co.,≤100
111702860231554,Matt Lieberman,Matt Lieberman for Senate,≤100
13063797831,Ben Ray Luján,PEOPLE FOR BEN,≤100
282861997886,Majority Leader Steny Hoyer,House Majority Leader Steny Hoyer (MD05),≤100
112735922758892,Charlie Kirk,Charlie Kirk,≤100
396932197039819,SafeSleeve,"SafeSleeve, LLC",≤100
21834534343,Volunteers of America,"VOLUNTEERS OF AMERICA, INC.",≤100
152264148166020,Moms Clean Air Force,Moms Clean Air Force,≤100
80433353285,Taradel LLC,Taradel,≤100
72931140459,Center for Biological Diversity,"CENTER FOR BIOLOGICAL DIVERSITY, INC.",≤100
374848446414965,Pollking,Benjamin Aaron Perlman,≤100
407664862957433,Ammar Campa-Najjar for Congress,AMMAR CAMPA-NAJJAR FOR CONGRESS,≤100
109788797242679,The Patriot Circle,Kin Ngai Yeung,≤100
178835922297833,American Clinical Laboratory Association,American Clinical Laboratory Association,≤100
19972147679,SEIU,SEIU,≤100
1443127535947107,Save the Children Action Network,Save the Children Action Network,≤100
1439364926329185,Animal Matters,Animal Matters,≤100
1099779163410386,John Barrasso,Friends of John Barrasso,≤100
102389731274006,Shield Republic Charities,Shield Republic,≤100
178940012927294,Kevin Calvey,Calvey for County Commissioner,≤100
300992409852,Hoover Institution,Hoover Institution,≤100
106140571085743,Natalia For Congress,NATALIA LINOS FOR CONGRESS,≤100
106114264313679,Hunt The Vote,"Hunter Nation, Inc",≤100
2339203789732156,Kim Mangone for Congress,COMMITTEE TO ELECT KIM MANGONE FOR CONGRESS,≤100
194115677277113,A21,A21 with Facebook Ad Credits,≤100
25121889784,Texas Public Policy Foundation,Texas Public Policy Foundation,≤100
92368229508,Community Food Bank of Eastern Oklahoma,Community Food Bank of Eastern Oklahoma,≤100
443329669123990,USAFacts,USAFacts Institute,≤100
168876449866088,The Years Project,The Years Project,≤100
101391906600,Live Action News,Live Action News,≤100
102756811269921,Fellow Americans,Fellow Americans,≤100
420424547981908,In Search of Liberty,Scott Dennis Welch,≤100
183517831660100,Morning Consult,Morning Consult LLC,≤100
1205124206245013,Movement for a People's Party,People for a Working Democracy,≤100
53727956260,Republican Jewish Coalition,Republican Jewish Coalition,≤100
1565427260254574,John Hankins for Wheeler County Sheriff,John Hankins for Sheriff Campaign,≤100
73016054191,Regional Food Bank of Oklahoma,"REGIONAL FOOD BANK OF OKLAHOMA, INC.",≤100
370055416386850,OAEC - Oklahoma Association of Electric Cooperatives,Oklahoma Association of Electric Cooperatives,≤100
582293558518300,Abby Broyles,ABBY BROYLES FOR US SENATE,≤100
366351973736242,Red Rock Secured,Red Rock Secured,≤100
291102898490822,Giant Maga Hat,Inventors club LLC,≤100
103131054573692,Crawfordology,Crawfordology,≤100
344690446467832,The Copper Courier,Courier Newsroom,≤100
110089227413037,The Prepared Patriot,Edward Ha,≤100
422202764649078,Rhode Island Department of Education - RIDE,Rhode Island Department of Education,≤100
717417908274761,Lady Freethinker,Lady Freethinker,≤100
776264359372720,ConservativeModern.com,ConservativeModern.com,≤100
105283560949571,Trump 2024 Film,2024 LLC,≤100
313723095478950,The Daily Citizen,Focus on the Family,≤100
100535808394168,Patriots For Freedom,I Love My Freedom,≤100
896759427103774,Modern Medicaid Alliance,Modern Medicaid Alliance,≤100
101442908124605,Liberty Surveys,Liberty Surveys,≤100
262138411622,Faces of Lawsuit Abuse,US Chamber Institute for Legal Reform,≤100
124386427623018,PeaceBeWithU,"BN Media, LLC",≤100
108503659576,National Coalition for Public School Options,National Coalition for Public School Options,≤100
1321100204656413,Madeline Scott For HD 101,Friends of Madeline Scott,≤100
313779779310461,Diabetic Sock Club,Samantha Rees Ledford,≤100
242679302418244,Denison Forum,Denison Ministries,≤100
105610970947657,MY 2A GEAR,Leon Mckensizy Dunn,≤100
103235554648484,Elect Scientists,314 ACTION FUND,≤100
44705166993,Vote.org,Vote.Org,≤100
1679521432262834,Physicians Grassroots Network,American Medical Association,≤100
108897407546290,Right Wing,Right Wing,≤100
295533050495998,Abogado de Inmigracion Jorge Rivera - Immigration Group LLC,Michael A Castillo,≤100
372082579523719,Rabbi Dr. Shmuly Yanklowitz,Rabbi Dr. Shmuly Yanklowitz,≤100
525171637666780,Sandy Piña California Delegate,RCR,≤100
105331754570572,Presidents Mint,Kevin Ross Santiago,≤100
356482637745012,Stansberry Research,Stansberry Research,≤100
8321461609,MomsRising.org,MomsRising Together,≤100
737686089933715,Conservative Collections,Mainline Media Group,≤100
20876805343,March of Dimes,MARCH OF DIMES INC.,≤100
1389807071117013,Lynn Afendoulis,Lynn Afendoulis for Congress,≤100
100233228182981,Madison Cawthorn for Congress,CAWTHORN FOR NC,≤100
1709145412721991,The Center for Growth and Opportunity at Utah State University,The Center for Growth and Opportunity,≤100
1636216106590985,Josh Hawley,JOSH HAWLEY FOR SENATE,≤100
210277954204,The Young Turks,"The Young Turks, Inc.",≤100
30708742052,FCTRY,FCTRY,≤100
106003594486756,Standing Up Together,Annie Wang,≤100
186805048171120,U.S. & Texas LawShield,Texas LawShield,≤100
444843026057642,Born From A Wave,Born From A Wave LLC,≤100
105010030848236,Bryant Cameron Webb,DR. CAMERON WEBB FOR CONGRESS,≤100
2401099560163263,VibeFront,VibeFront,≤100
7100914121,American Experience | PBS,WGBH EDUCATIONAL FOUNDATION,≤100
101504994818969,Bruce Walker for Custer County Commissioner,Friends of Bruce Walker 2020,≤100
166738743732702,All Above All Action,All Above All Action Fund,≤100
181924628560212,SumOfUs,SumOfUs,≤100
90498769709,Edenpure,EdenPURE®,≤100
121626482110,Operation Smile,"OPERATION SMILE, INC.",≤100
107665644228467,Conservative Journal Review,Conservative Journal Review LLC,≤100
104881317722736,Get-It-Out,Matthew Justin Viles,≤100
566008736785269,Be Heard Project,Be Heard Project,≤100
203330919857759,All On The Line,National Redistricting Action Fund,≤100
107210084216238,Humanity Forward,Humanity Forward,≤100
219224241438635,Compassion & Choices,COMPASSION & CHOICES,≤100
325578590837480,Obamacare,Sixteen Thirty Fund,≤100
93565224474,Mercy For Animals,MERCY FOR ANIMALS,≤100
7219151423,The Fund for American Studies (TFAS),The Fund for American Studies,≤100
313097997669,StreetLightUSA,StreetLightUSA,≤100
107844824322712,Finish the Ballot - Prosper,Economic Growth Committee,≤100
106114264313679,Hunt The Vote,"Hunter Nation, Inc.",≤100
107953199261156,ifaw,"INTERNATIONAL FUND FOR ANIMAL WELFARE, INC.",≤100
49059279814,Institute for Justice,INSTITUTE FOR JUSTICE,≤100
2417346194990675,GCRMC Careers - Alamogordo NM,Rollis None Fontenot,≤100
199826043375900,Larry Hogan,An America United,≤100
175797376373,"WaterFurnace Geothermal Heating, Cooling & Hot Water","WATERFURNACE INTERNATIONAL, INC.",≤100
2295062210811244,Coalition for American Veterans,COALITION FOR AMERICAN VETERANS POLITICAL ACTION COMMITTEE,≤100
186932688457686,CHNGE,CHNGE,≤100
1774166319503581,Strong Women Society,Christopher John Smith,≤100
92021268117,Working America,Working America,≤100
207549645977714,Families Belong Together,Families Belong Together,≤100
96623901304,Bank of Oklahoma,BOK Financial,≤100
1708467695859543,Veteran Transition Mission,Sonia Ivelisse Barriera Ayala,≤100
394817334402124,2020 Trump Bill,Innovative Ecomm LLC,≤100
241869749851122,Parents Against Vaping e-cigs,Steven Koester,≤100
61288747990,Real Warriors,Real Warriors Campaign,≤100
249455845761285,Lindsey Must Go,LMG PAC,≤100
580610428636345,Fight for $15,Fight for $15,≤100
1413682351987764,Andy Kim for Congress,Andy Kim for Congress,≤100
1099478666810053,Meals For Pets,Meals for Pets,≤100
656263988182462,Bill Hagerty,TEAM HAGERTY,≤100
11111618026,Union of Concerned Scientists,"UNION OF CONCERNED SCIENTISTS, INC.",≤100
104016347760370,Donnie Edwards for Sheriff 2020,Destiny Diane Gullick,≤100
104505064408799,Cove USA,"Cove USA, LLC",≤100
573084822773932,Joe Perkins for Circuit Judge Campaign Committee,Joe Perkins for Circuit Judge Campaign Committee,≤100
1947525322184514,One Fair Wage,One Fair Wage,≤100
8936818385,Accuracy in Media,"ACCURACY IN MEDIA, INC",≤100
1809715209318581,Marjorie Taylor Greene for Congress,GREENE FOR CONGRESS,≤100
1449461518652183,4Patriots,4Patriots LLC,≤100
303167829786891,Ed Markey,THE MARKEY COMMITTEE,≤100
103047261116520,Spencer Hicks For County Commissioner,Friends of Spencer Hicks,≤100
24413227922,Kamala Harris,FEARLESS FOR THE PEOPLE PAC,≤100
110670127380554,Concealed USA,Priscilla Bethany Kennedy,≤100
106402714456835,Trees 4 Australia,Trees4Australia,≤100
392963220757083,Woodruff Media Management,Michael Caleb Woodruff,≤100
105433064492153,The Return 2020,The Return International,≤100
43426724597,Paper Culture,Paper Culture LLC,≤100
205395906412,UAW International Union,"INTERNATIONAL UNION, UNITED AUTOMOBILE, AEROSPACE AND AGRICULTURAL IMPLEMENT WORKERS OF AM",≤100
19746387261,Humane Society International,Humane Society International,≤100
107428150756519,US Money Daily,USMoneyDaily,≤100
1800072483402009,African Community & Conservation Foundation,African Community & Conservation Foundation,≤100
1050320055029012,Outrider Foundation,OUTRIDER FOUNDATION,≤100
911829795826330,Mark Penn Polls,AIRSNEXT Media,≤100
104667417857551,United Association LLC,United Association LLC,≤100
112058837201547,Black Lives Matter Merch,Black Lives Matter Merch,≤100
288110884600563,Lean In,"Sheryl Sandberg & Dave Goldberg Family Foundation d/b/a LeanIn.Org, LLC",≤100
2049170775107862,Resistance By Design,Resistance By Design,≤100
73528878871,Center for Reproductive Rights,Center for Reproductive Rights,≤100
540707072979860,Brian Maryott,MARYOTT FOR CONGRESS,≤100
113330620093147,Sunny for Congress,Suneetha Chaparala,≤100
217976018236954,OutKick,Outkick Media LLC,≤100
438678183588710,Ihssane For Congress,IHSSANE FOR CONGRESS,≤100
872842866161157,One Nation Design,One Nation Design,≤100
1612726335627171,We the Internet TV,We the Internet TV,≤100
1084856268238034,Trump Talking,Roberto None Lugo,≤100
587676831343390,Raheem AI,RAHEEM AI,≤100
113313830408238,Drain The Swamp Collection,Drain The Swamp Collection,≤100
17432811417,Working Families Party,Working Families Party National Independent Expenditure Committee,≤100
219247332354785,Phil Arballo for Congress,ARBALLO FOR CONGRESS,≤100
197760674021143,Indivisible Guide,INDIVISIBLE ACTION,≤100
145973965440671,Carnegie Corporation of New York,CARNEGIE CORPORATION OF NEW YORK,≤100
102303321149005,Accountable For Equality,Accountable for Equality,≤100
514167322309353,Dan Crenshaw,Crenshaw For Congress,≤100
174233076600386,Commissioner Stan Sallee - Tulsa County District 1,District 1 County Commissioner - Stan Sallee,≤100
111772843789224,HURD PAC,HAVING UNWAVERING RESOLVE AND DETERMINATION PAC,≤100
8002590959,Rainforest Action Network,RAINFOREST ACTION NETWORK,≤100
265045056894488,Mark Meckler,Convention of States Action,≤100
102499901286348,Bold Vision P.C.,Bold Vision PC,≤100
96171427550,Raja for Congress,FRIENDS OF RAJA FOR CONGRESS,≤100
2707134102637529,Rep. Josh Harder,Congressman Josh Harder,≤100
91223411833,Medical Teams International,Medical Teams International,≤100
341513602902369,CALL TO ACTIVISM,CALL TO ACTIVISM,≤100
541807025833154,Malala Fund,Malala Fund,≤100
304062610300415,VozWire,Gregson E Mathe,≤100
28510612138,Uncommon Knowledge,Hoover Institution,≤100
1438882392887793,ADF Church Alliance,Alliance Defending Freedom,≤100
54787697857,Ron Wyden,WYDEN FOR SENATE,≤100
1003562459729504,Transportation Nation Network,Transportation Nation Network,≤100
763491940427547,Roque  "Rocky"  De La Fuente,Rocky 101 LLC,≤100
117641114435,First Aid Beauty,First Aid Beauty,≤100
79820371749,Ayanna Pressley,THE COMMITTEE TO ELECT AYANNA PRESSLEY,≤100
463095630924391,US Business Funding,Credox,≤100
1402827079932843,Low Income Relief,The Lighthouse Information Network LLC,≤100
243947752771440,TJ Cox for Congress,TJ COX FOR CONGRESS,≤100
153278754738777,Climate Reality,The Climate Reality Project,≤100
455147011996099,The Ann and Phelim Scoop,The Unreported Story Society,≤100
43821078871,Transport Workers Union (TWU),Transport Workers Union of America,≤100
106487520883333,Cardinal & Pine,Courier Newsroom,≤100
102330281223041,Tradewater,"Tradewater, LLC",≤100
180815385284363,Organize Florida Education Fund,Florida Institute for Reform and Empowerment Inc DBA Organize Florida Education Fund,≤100
317667194946264,Ro Khanna,RO FOR CONGRESS INC,≤100
551158678560402,Epimonia,Epimonia LLC,≤100
107937014153581,Energized Health,John Jubilee Transformation LLC DBA Energized Health,≤100
369214063089791,Lummis for Wyoming,LUMMIS FOR WYOMING INC.,≤100
2259323457517498,Abolish the Electoral College,ABOLISH THE ELECTORAL COLLEGE,≤100
181183059253295,Dorsal Bracelets,Dorsal Bracelets,≤100
110987110398146,Make Liberty Win PAC,MAKE LIBERTY WIN,≤100
103376804451432,Trending Politics,Making Web LLC,≤100
103730928025980,Safe and Sound In 2020,Kin Ngai Yeung,≤100
222296191864609,Representative Trish Ranson - OK House District 34,Ranson for OK House 2020,≤100
249813266826,Environment North Carolina,"Environment America Research and Policy Center, Inc.",≤100
6502038524,First Book,FIRST BOOK,≤100
477131125780900,The War Horse,War Horse News,≤100
169204449790211,Conservative News Today,"BizPac Review, Inc.",≤100
21455818797,Feed the Children,"FEED THE CHILDREN, INC.",≤100
100119981671668,Blue Senate,BLUE SENATE PAC,≤100
83865976093,Truthout,TRUTHOUT,≤100
124530924015,Hank Gilbert,HANK GILBERT FOR CONGRESS,≤100
227814397416402,Delia Garza,Delia Garza Campaign,≤100
102540204580217,UpNorthNews,Courier Newsroom,≤100
466608670177692,Jonathan M. Tallman,Jonathan Tallman For State Representative,≤100
357275101142388,Everglades-Trust,"EVERGLADES TRUST INC, THE",≤100
173022979932125,Grassroots for Nick Freitas,PROTECT FREEDOM PAC,≤100
219242560293,Meals on Wheels America,Meals on Wheels,≤100
160630887998827,Let Them Live,Let Them Live,≤100
18017481462,Acton Institute,Acton Institute,≤100
284946111858895,Debbie Mucarsel-Powell,DEBBIE FOR CONGRESS,≤100
6713653788,Gary Peters,PETERS FOR MICHIGAN,≤100
210357995667559,The National Memo,The National Memo,≤100
324119001078997,"Sanford Heisler Sharp, LLP","Sanford Heisler Sharp, LLP",≤100
166087830076297,WebPT,WebPT,≤100
67626834312,National Women's Law Center,National Women's Law Center,≤100
213289449057297,THE HILLS BOYS,Oscar Hills,≤100
830890360316751,Nick Hanauer,Civic Action,≤100
808450969246896,"Rebecca Walser, Tax Attorney, CFP",Walser Wealth Management,≤100
546066468753446,Black Health Matters,BLACK HEALTH MATTERS FOUNDATION INC,≤100
148485621883625,40 Days for Life,40 Days for Life,≤100
112973743503693,Vote Walker 2020,Walker For County Commissioner 2020,≤100
51405613519,Focus on the Family,Focus on the Family,≤100
1370474066365196,F1RST WARRIOR,First Warrior,≤100
103213458030761,SmartNews : Local Breaking News,"SmartNews International, Inc.",≤100
141692255929599,Democratic Socialists of America,DEMOCRATIC SOCIALISTS OF AMERICA INC,≤100
111001597165583,Brandon Wilkinson for US Congress,Missouri for Brandon Wilkinson,≤100
104679177804089,45 Changes Lives,PKA Karate Academy Inc,≤100
113677340374880,Make Black Lives Matter,Make Black Lives Matter,≤100
125161609108,Charlie Stadtlander,Charles Randall Stadtlander,≤100
771947142920359,IReader,These ads ran without a disclaimer,≤100
809045919469761,Wallace Global Fund,Kindred Case Motes,≤100
2223151871134889,Trump45Merch,Thomas Charles Granack,≤100
96159580682,Maine Democratic Party,MAINE DEMOCRATIC PARTY,≤100
1955953381348064,State Representative Trent Ashby,Texans for Trent Ashby,≤100
111648480319494,800DEMOCRAT,800DEMOCRAT,≤100
719443925157040,Lorenzo Sanchez For Texas HD67,Lorenzo for Texas,≤100
105202730827149,Michael Moore for Commissioner,Michael Moore for Commissioner,≤100
112475783730246,Defeat Disinfo,DEFEAT DISINFO PAC,≤100
56780242206,Agros International,Sierra Hana Golden,≤100
2764207680286744,Edwina Lane for Fannin County Commissioner Precinct 1,Edwina for Fannin County Commissioner Precinct 1,≤100
157538134257277,"Mayor Marlon J. Coleman, City of Muskogee",Marlon Joseph Coleman,≤100
195704103779569,Savage Outdoors & The One,Amanda Harris Lee,≤100
312066286397519,Manning Asylum Law,Manning Asylum Law,≤100
158505287559920,Save the Storks,Diane Patricia Ferraro,≤100
105474831199070,Stop GOP Gerrymandering,National Democratic Redistricting Committee,≤100
148731991811588,Baird,Robert W. Baird & Co. Incorporated,≤100
151577215422581,Zioness Movement,"Zioness Movement, Inc.",≤100
100821338289859,Republicans For Integrity,Republicans For Integrity,≤100
18813753280,Human Rights Campaign,Human Rights Campaign Foundation,≤100
149366465128820,Nicole Galloway,Nicole Galloway for Missouri,≤100
101127364972509,Dems For USA,Dems For USA,≤100
2062801664046032,WalkAway Foundation,WalkAway Foundation,≤100
162695894106234,Co-ops Vote,National Rural Electric Cooperative Association,≤100
202286639832171,Dr. Robert Jeffress,FIRST BAPTIST CHURCH DALLAS,≤100
164513254148611,America's Voice News,Barbara Jean Lawrence,≤100
110010433804232,Falkirk Center,Falkirk Center,≤100
505653766599222,America First with Dr. Sebastian Gorka,Salem Media,≤100
161879897191723,EarthX,EarthX,≤100
10331123781,Special Olympics,Special Olympics Inc,≤100
6334782252,Oceana,OCEANA,≤100
197908256931216,Tim Ryan,TIM RYAN FOR CONGRESS,≤100
572946842722169,Jake LaTurner,KANSANS FOR LATURNER,≤100
458142697588014,AARP Public Policy Institute,AARP,≤100
104516481228439,Peelitical Targets,Pee-Litical Targets,≤100
145902116128546,Rebecca Friedrichs - For Kids & Country,For Kids & Country,≤100
32802178807,Homes For Our Troops,Homes For Our Troops,≤100
375581189182158,Energy Independence Group,Richard Joseph Forrester,≤100
657708380952174,Voices of the Civil Rights Movement,Comcast,≤100
2225580284361712,Tommy Tuberville,"TUBERVILLE FOR SENATE, INC.",≤100
122773549121265,President Trump for Nobel Peace Prize 2020,Tarek None Kteleh,≤100
269291469269,Colleen Hanabusa,Hanabusa 2020,≤100
74783093812,Just Vision,JUST VISION INC,≤100
102059261586782,Kanye West 2020,These ads ran without a disclaimer,≤100
747436915270894,Congressional Leadership Fund,CONGRESSIONAL LEADERSHIP FUND,≤100
222745994575140,Project ChildSafe,"NATIONAL SHOOTING SPORTS FOUNDATION, INC.",≤100
109950020541466,Smokefree Southwest Louisiana,Smoke-free Southwest LA,≤100
879661055726728,Lights for Liberty,Lights for Liberty,≤100
916908791847627,Prosperity Michigan,Prosperity Michigan,≤100
191975737491988,Jennifer Wexton,WEXTON FOR CONGRESS,≤100
139441926128681,New Saint Andrews College,New Saint Andrews College,≤100
24470472733,The Trevor Project,The Trevor Project,≤100
102970113093477,Church Militant/St. Michael’s Media,Max Aldcander Douglas,≤100
178195398904825,Every Body Texas,Every Body Texas,≤100
1050474972008396,Bryan Berghoef for Congress,BRYAN BERGHOEF FOR CONGRESS,≤100
90787162851,CFACT Campus,COLLEGIANS FOR A CONSTRUCTIVE TOMORROW - UPPER MIDWEST,≤100
110316697328742,People of Seniors Housing,People of Seniors Housing,≤100
346937065399354,Occupy Democrats,Omar Rivero,≤100
680549575421741,UnitedVoice.com,"Beachside Media, Inc.",≤100
254943996005,Catholic Answers,"CATHOLIC ANSWERS, INC.",≤100
335372906543111,Lee Constantine For Seminole County Commission,Lee Constantine Campaign for Seminole County Commission,≤100
2336022790003836,Patients + Providers United,Patients and Providers United,≤100
110849485902,United Way,United Way Worldwide,≤100
624113997772825,North Dakotans for Comprehensive Energy Solutions,Americans for Comprehensive Energy Solutions,≤100
111941237005726,Just The News,Just the News,≤100
64206021703,National Committee to Preserve Social Security and Medicare,NATIONAL COMMITTE TO PRESERVE SOCIAL SECURITY AND MEDICARE,≤100
17203056985,Partners In Health,Partners In Health,≤100
111753503664494,Lee Haywood for Congress- Lee for NC,LEE HAYWOOD FOR CONGRESS COMMITTEE,≤100
105222917615301,Jen Richardson for Congress,CITIZENS FOR JEN RICHARDSON,≤100
424443217623488,Clarion Project,Clarion Project,≤100
279846350948,St. Labre Indian School,St. Labre Indian School,≤100
130945114804,World Jewish Congress,WORLD JEWISH CONGRESS AMERICAN SECTION INC,≤100
2123425971065747,Sora Schools,Indra Putra Sofian,≤100
342294162453301,Planned Parenthood,These ads ran without a disclaimer,≤100
102827188107972,Anchor Out,These ads ran without a disclaimer,≤100
108090464296366,Republican Patriots,I Love My Freedom,≤100
101374598006737,Cincotta Law Office PLLC,Cincotta Law Office PLLC,≤100
173837496125511,Conscious Step,Conscious Step,≤100
106730327595680,Tongue N Cheek Apparel,Tongue N Cheek Apparel,≤100
420756238503932,Your American Flag Store,Your American Flag Store,≤100
114008535880,Foundation for Individual Rights in Education,FOUNDATION FOR INDIVIDUAL RIGHTS IN EDUCATION,≤100
107362130655463,Brian Walker for Second Court of Appeals - Place 7,Brian Keith Walker,≤100
118714808054,Mi Familia Vota,Mi Familia Vota,≤100
104038541334426,BailoutWatch,Elisabeth Marie Soto,≤100
39432041915,Capital Research Center,CAPITAL RESEARCH CENTER INC,≤100
125937197447634,ACTA - American Council of Trustees and Alumni,AMERICAN COUNCIL OF TRUSTEES AND ALUMNI,≤100
1653885501501009,Propeller,Propeller Enterprises,≤100
497081420632330,Hiral Tipirneni,HIRAL FOR CONGRESS,≤100
320487991392267,Yellow River Calls,Justin Matthew Rosso,≤100
104448197969846,Sound Of Life,These ads ran without a disclaimer,≤100
106665770746177,Yinka Faleti For Missouri,Faleti for Missouri,≤100
417542331752173,Message,These ads ran without a disclaimer,≤100
987698164585861,Citizen Ed,Citizen Education,≤100
108495594256618,A Better Miami-Dade,"A Better Miami-Dade, Inc.",≤100
197669827395385,Connected Commerce Council,Connected Commerce Council,≤100
107710407294058,Oz for Congress,OZ FOR CONGRESS,≤100
104684067632334,Unite the Country,UNITE THE COUNTRY,≤100
227535924071462,Animal Petitions,AnimalPetitions.org,≤100
117774736298637,Reidhead For Congress,REIDHEAD FOR CONGRESS,≤100
216705888361546,Elbert Lee Guillory,ELBERT GUILLORY'S AMERICA,≤100
279256605891946,CalmEffect,"Balance Marketing Group, LLC",≤100
105953890782784,The Factual,The Factual,≤100
309993142375589,Joe Kennedy III,KENNEDY FOR MASSACHUSETTS,≤100
276131699084792,YWAM Los Angeles,YWAM Los Angeles,≤100
101352851565699,Somos PAC,SOMOS PAC,≤100
278487153675,Redneck Nation Clothing,Tracie Milliron Gold,≤100
122078989186040,The Capitalist Manifesto,William R Collier,≤100
543066585882629,Libertarian Country,Libertarian Country,≤100
105561217523274,The_Dispatch,"Dispatch Media, Inc.",≤100
87777747127,Greg Palast,Palast Investigative Fund,≤100
857314914350139,Black Lives Matter Lansing,Black Lives Matter Lansing,≤100
399067003454888,Sudan Relief Fund,Sudan Relief Fund Inc,≤100
113335773562471,President Trump For Re-Election,Great American Era,≤100
111970730196550,World War Zero,AMERICAN SECURITY PROJECT,≤100
131306317680000,Social Goods,"Social Goods, LLC",≤100
102010211314386,Donald Trump 2020 Voters,I Love My Freedom,≤100
51560645913,The Patriot Post,The Patriot Post,≤100
55708608675,RAND Corporation,"RAND CORPORATION, THE",≤100
101788601255619,Mark Sidney,Power To The Publisher,≤100
26006662641,Arizona Democratic Party,Arizona Democratic Party,≤100
198875903295,Trek Bicycle,TREK BICYCLE CORPORATION,≤100
268311603350722,The American Independent,The American Independent,≤100
105986927538317,Triump Apparel,Triump Apparel,≤100
334925200513155,Justin Berry for Texas HD 47,Justin Berry For Texas House,≤100
180230069923,American Life League,American Life League,≤100
267106057519444,Bllack Lives Matter,Black Lives Matter,≤100
116789554394,Illinois House Republican Organization,Illinois House Republican Organization,≤100
1518297238457643,Jeremiah Johnson Ministries,Jeremiah Johnson Ministries,≤100
856086028066485,Persona,"Persona Media, Inc.",≤100
243399129090445,Christina Hale,HOOSIERS FOR HALE,≤100
139398939438430,Left Action,Left Action LLC,≤100
7642602143,Mother Jones,FOUNDATION FOR NATIONAL PROGRESS,≤100
173032699386730,The Penny Hoarder,Kyle Bradley Taylor,≤100
6165653060,AFSCME,AMERICAN FEDERATION OF STATE COUNTY & MUNICIPAL EMPLOYEES,≤100
110773130329664,Lulu Seikaly for Congress,LULU FOR TEXAS,≤100
271121199639002,Paulette for Senate 2020,PAULETTE FOR SENATE 2020,≤100
97624620788,American Friends of Magen David Adom,AMERICAN FRIENDS OF MAGEN DAVID ADOM,≤100
101041998305221,The Proud Republicans,Great American Era LLC,≤100
405469100189512,Still My President - Donald Trump,Red State Politics LLC,≤100
121033149320,American Indian College Fund,"AMERICAN INDIAN COLLEGE FUND, THE",≤100
158734417875178,RC Thomas Company,RC Thomas,≤100
723136714746586,The Common Ground Project,"The Common Ground Project, Inc",≤100
56332452163,AMA Patients Action Network,American Medical Association,≤100
156994304362574,American Bridge 21st Century,AB PAC,≤100
2476697005733769,Nations' 9th of Av,Nations 9th of Av,≤100
1086209354874961,Resilience Force,"NEO PHILANTHROPY, INC.",≤100
89324781720,Pat Toomey,Friends of Pat Toomey,≤100
26668999076,The Cato Institute,"CATO INSTITUTE, INC.",≤100
12683623041,Society for Human Resource Management (SHRM),SOCIETY FOR HUMAN RESOURCE MANAGEMENT,≤100
28144169620,Alliance for Aging Research,Alliance for Aging Research,≤100
1755810367986271,Eurasia Group Foundation,Eurasia Group Foundation,≤100
114218040306362,TFN PAC,TFN PAC,≤100
399060493533519,The Justice Foundation,JUSTICE FOUNDATION,≤100
1202514329820178,Don Blankenship,Don Blankenship,≤100
55549065733,Voto Latino,Voto Latino with Facebook Ad Credits,≤100
110280253735683,Alexandria Ocasio-Cortez Fan Club,Imran M Jemal,≤100
1507689979455306,American Bail Coalition,American Bail Coalition,≤100
103111058130686,Black Lives Matter Coin,BlackLivesMatterCoin,≤100
343797239019283,The Devils River Conservancy,DEVILS RIVER CONSERVANCY,≤100
102139218008846,King Nation Apparel,King Nation Apparel,≤100
38882699096,Polaris,POLARIS PROJECT,≤100
953623958136043,FinalStraw,The Final Co. LLC,≤100
113553048669158,Rick Scott,TEAM RICK SCOTT,≤100
101880107982989,Jon Francis,Jon Francis Campaign,≤100
101208514791301,Daniel Turner,Power The Future Inc,≤100
344346245749372,Shore Trendz,RHW.COM LLC/DBA Shore Trendz,≤100
101164484986617,To Be Frank Show,Real News PR,≤100
135403221037,City Journal,City Journal,≤100
121067011091,Arab American Institute,Arab American Institute Foundation,≤100
307943569254319,Florida Rights Restoration Coalition,Florida Rights Restoration Coalition,≤100
174046949421616,Phenomenal Woman Action Campaign,Phenomenal Woman Action Campaign,≤100
207752549279845,Refugee Council USA,"CHURCH WORLD SERVICE, INC.",≤100
6333396177,NewsBusters.org,MEDIA RESEARCH CENTER,≤100
114994916573293,CareForAllChildren,CareForAllChildren,≤100
123624513983,The Western Journal,The Western Journal,≤100
102673738084465,Illuxus,Illuxus,≤100
99050726344,Phillips Theological Seminary,PHILLIPS THEOLOGICAL SEMINARY,≤100
104917627885720,Love Beautiful Birds,These ads ran without a disclaimer,≤100
242845139551348,GVPedia,GVPEDIA INC,≤100
2334360790142367,Ed Crocker Reports,Ed Crocker,≤100
873550809444862,Mighty Earth,Mighty Earth,≤100
123651254408327,Sokolove Law,"Sokolove Law, LLC",≤100
1166660030079480,National Democratic Redistricting Committee,National Democratic Redistricting Committee,≤100
112442437191294,National Anti-Racism Teach-In,National Anti-Racism Teach-In,≤100
104952231285892,Marc Falzon,Marc A Falzon,≤100
9316648525,The Chicago School of Professional Psychology,TCS Education System,≤100
1683659714985244,Phil Ehr,EHR FOR CONGRESS,≤100
348973409274904,Velvet Hamster,Velvet Hamster,≤100
357844454633380,Dan Whitfield for Senate 2020,DANWHITCONGRESS,≤100
105872574403318,Project TAMMI,a research grant at The National Center on Addiction and Substance Abuse (CASA),≤100
157307331013957,The History List,The History List,≤100
19420215926,CNSNews.com,MEDIA RESEARCH CENTER,≤100
1668350569891953,Rainbow Movement,William James Ulrich,≤100
107038924352529,Big Money Mark Kelly,NRSC,≤100
394582097543668,"I, Pastafari Documentary","I, Pastafari Documentary",≤100
1425435377743310,Conversations with Bill Kristol,The Foundation for Constitutional Government,≤100
110206523984709,Rural Not Stupid,Rural Not Stupid,≤100
140877979844,American Gas Association,AMERICAN GAS ASSOCIATION,≤100
11911627997,Pancreatic Cancer Action Network,"PANCREATIC CANCER ACTION NETWORK, INC.",≤100
110923763995601,Elect Karl Nurse,"Karl Nurse for Pinellas County School Board, District 7",≤100
780606555331010,American Student Loan Advocate,ASLR Marketing,≤100
102183258209726,Patriots for Change,PATRIOTS FOR CHANGE,≤100
237788366660686,Tax March,Tax March,≤100
109866370700481,PushBlack Finance,PushBlack,≤100
127335473965761,Recycle Cartons,"Carton Council of North America, Inc.",≤100
207819882700955,Dolese Bros. Co.,Dolese Bros. Co.,≤100
1634651343331439,Project Wren,Landon Brand,≤100
1654391474785866,Sybrina Fulton,"Sybrina Fulton for Miami-Dade County Commission, District 1, Nonpartisan",≤100
160513344045084,John Neely Kennedy,"John Kennedy for Us, Inc",≤100
115364585711,Lawyers' Committee for Civil Rights Under Law,Lawyers' Committee for Civil Rights Under the Law with Facebook Ad Credits,≤100
110585410627372,Monkeyed Up Equine,"The Business Brokers, Inc.",≤100
100510325055939,Rights & Pandemics,Rights & Pandemics,≤100
1962432260715827,Kindhumans,Kindhumans,≤100
1658135304460341,MANG,MANG,≤100
105264094403642,Trump MAGA Swag,James Richard Griffin,≤100
114971076538782,The Keystone,Courier Newsroom,≤100
110849485902,United Way,United Way Worldwide with Facebook Ad Credits,≤100
205795426669644,Facts and Logic about the Middle East,Facts and Logic About the Middle East,≤100
372799605421,DeSmog,DeSmog,≤100
102175879855284,Harper Perennial,HARPERCOLLINS PUBLISHERS L.L.C.,≤100
101042758281184,Reading On the Right,Macmillan Publishing,≤100
248775065305797,Black Butte Copper,Sandfire Resources America,≤100
2338979479650120,Genevieve Collins for Congress,COLLINS FOR TEXAS,≤100
118697061602554,Jason Brodeur,"Jason Brodeur, Republican, for State Senate",≤100
100184714677097,Election Year Knockout,Exceptionull Games,≤100
108906707265489,USA Pooch,"PRESIDENTIAL POOCH, INC",≤100
44224524016,American Kidney Fund,"AMERICAN KIDNEY FUND, INC.",≤100
182079698493370,Portside,Portside,≤100
635850443292528,Nasty Woman Coloring,Nasty Woman Coloring,≤100
108066350761595,United Workers Party,United Workers' Party,≤100
154510321337994,Chris Pappas for Congress,CHRIS PAPPAS FOR CONGRESS,≤100
592074077639509,Donald Trump Is Our President,Power To The Publisher,≤100
106883907479649,HUPAC - Health Underwriters Political Action Committee,NATIONAL ASSOCIATION OF HEALTH UNDERWRITERS PAC (HUPAC),≤100
111237577031486,AquiPor Technologies,William Powers,≤100
312657362217994,Women's Heart Alliance,Women's Heart Alliance,≤100
13885075114,Action Against Hunger USA,ACTION AGAINST HUNGER - USA,≤100
1452551204988299,GoReact,Speakworks Inc,≤100
240290369507552,Bend the Arc Jewish Action,Bend the Arc: Jewish Action,≤100
115757826468774,Statsigo,Statsigo,≤100
333081284065216,Brynne Kennedy for Congress,BRYNNE KENNEDY FOR CONGRESS,≤100
103361958107443,Americans Are Pissed,Americans Are Pissed,≤100
240054842698973,Arkansas Good Roads,Arkansas Good Roads Foundation,≤100
262610761306,Counterpoint Press,Counterpoint Press,≤100
106868314285372,The Finance Kit,DYS Capital LLC,≤100
1189321434561854,Vote Ranjeev for Rep,Friends of Ranjeev Puri,≤100
734911883307392,Idaho Freedom Action,Idaho Freedom Action,≤100
100781605034049,Trump 2020 Team,Jordan Ray Riddle,≤100
339432396135584,The Exodus Road,EXODUS ROAD INC,≤100
211049239087028,Association of Young Americans,Benjamin J Brown,≤100
221864958662809,Iron Sharpens Iron,Andre Toccarrio Ford,≤100
511235549007985,PRJKT RUBY,PRJKT RUBY,≤100
1397799040234106,OpinionUP,OpinionUP LLC,≤100
1015449978587077,Alliance for Youth Action,The Alliance For Youth Action,≤100
114987109266900,Senior Enrollment Center,Senior Enrollment Center,≤100
78420171887,Sailors for the Sea,SAILORS FOR THE SEAINC,≤100
105943157686335,Trust Michigan Families,TRUST MICHIGAN FAMILIES,≤100
243362776583569,Air Mail,Air Mail,≤100
336440323158789,Jack Burkman Radio,Jack Burkman Radio,≤100
106333028376,"Nichols Kaster, PLLP",Nichols Kaster PLLP,≤100
102389457864860,Treehuggers Bracelets,ECOMX LLC,≤100
156919911022572,Steven Horsford,NEVADANS FOR STEVEN HORSFORD,≤100
105287044367027,ObsessedwithTrump,Donald Lee Rowan,≤100
194204731012691,Cloud Accounting Podcast,Cloud Accounting Podcast,≤100
77790954801,Salesian Missions,Salesian Missions,≤100
221401431386940,Pramila Jayapal,PRAMILA FOR CONGRESS,≤100
291260461373618,News and News,News and News,≤100
260713150211,Protect Our Winters,Protect Our Winters,≤100
412739549455010,Karena Reiter,PrimaDonna Reeds,≤100
1640970822834351,Plaine Products,Plaine Products,≤100
377392172830318,Representative Ross Spano,Office of Representative Ross Spano,≤100
1086898888056156,Merissa Hamilton,Merissa Louise Hamilton,≤100
922580991129339,People's Mojahedin Organization of Iran - MEK IRAN,MEK-Iran (Saeid Saadati),≤100
238008626268343,Israel365,Teach for Israel Inc,≤100
248306181862385,Live Lokai,Denise L Reina,≤100
691584217707646,Dirk Deaton,Dirk Deaton for Missouri,≤100
100757515012464,Native American Reparation Act,Andrew Arthur Lehti,≤100
193899114458191,James Mackler,JAMES MACKLER FOR US SENATE,≤100
21492729544,Catholic Relief Services,CATHOLIC RELIEF SERVICES - UNITED STATES CONFERENCE OF CATHOLIC BISHOPS,≤100
212653972164899,J.D. Sheffield,JD Sheffield Campaign,≤100
698400060189827,Dan Sullivan,Alaskans for Sullivan,≤100
1747132688647028,Democratic Association of Secretaries of State,Democratic Association of Secretaries of State,≤100
109379393894282,Keep Texas Moving,TEXAS ASSOCIATION OF BUSINESS,≤100
28446275521,Military Officers Association of America (MOAA),Military Officers Association of America,≤100
95779211526,Minnesota DFL Party,MINNESOTA DEMOCRATIC-FARMER-LABOR PARTY,≤100
1400371370253041,Eagan Immigration,Eagan Immigration,≤100
100543701730020,Against Hate at FSU,Against Hate at FSU,≤100
300341323465160,The Daily Signal,HERITAGE FOUNDATION (THE),≤100
127913103970095,C Club of Houston,The "C" Club of Houston,≤100
38897314734,The Trust for Public Land,"TRUST FOR PUBLIC LAND, THE",≤100
47710973068,Cooperative Action Network,National Rural Electric Cooperatives Association,≤100
97466887664,Innocence Project,"INNOCENCE PROJECT, INC., THE",≤100
316498251698370,Adam Gray for Assembly,Gray for Assembly 2020,≤100
100633328208699,Cass County Solar Project,Cass County Solar Project,≤100
123965317665623,N-Hance Wood Refinishing,N-Hance Inc.,≤100
1627212824167934,Men4Choice,Men4Choice,≤100
299295363912730,New Politics Leadership Academy,New Politics Leadership Academy,≤100
416046828503049,Association of Oklahoma General Contractors,Association of Oklahoma General Contractors,≤100
105572541209658,Eliseo Santana,"Eliseo Santana, Democrat, for Pinellas County Sheriff",≤100
19474609238,Mercatus Center at George Mason University,Mercatus Center at George Mason University,≤100
123963360928,SiriusXM,SIRIUS XM RADIO INC.,≤100
1835838916635491,Transamerica Center for Health Studies,Transamerica Center for Health Studies,≤100
166166843531258,National Council of Resistance of Iran - شورای ملی مقاومت ایران,Vanessa Marie Macmillan,≤100
342006339184405,National Children's Alliance,NATIONAL CHILDRENS ALLIANCE INC,≤100
168109446538119,St. Martin's Press,Macmillan Publishing,≤100