﻿Page ID,Page Name,Disclaimer,Amount Spent (USD)
6726182861,Mike Pence,TRUMP MAKE AMERICA GREAT AGAIN COMMITTEE,4255
153080620724,Donald J. Trump,TRUMP MAKE AMERICA GREAT AGAIN COMMITTEE,2239
153080620724,Donald J. Trump,"DONALD J. TRUMP FOR PRESIDENT, INC.",2110
784443101628018,The Promise of Justice Initiative,The Promise of Justice Initiative,855
1771156219840594,Team Trump,TRUMP MAKE AMERICA GREAT AGAIN COMMITTEE,782
1745691098822972,Brad Parscale,TRUMP MAKE AMERICA GREAT AGAIN COMMITTEE,764
7860876103,Joe Biden,BIDEN VICTORY FUND,751
108068780711990,"Elect Judge Richard ""Rick"" Swartz, Court of Appeal",Committee To Elect Richard A. Swartz for Judge,670
106710090880073,Sara Lewis For Judge,The Committee to Elect Sara Lewis Judge,597
100865194880415,Democrats Align Today,Democrats Align Today,542
103531591222882,Marissa for Judge,The Committee to Elect Marissa Hutabarat,501
1615018905412860,Progressive Turnout Project,PROGRESSIVE TURNOUT PROJECT,485
925007000949719,ExxonMobil,Exxon Mobil Corporation,460
20787991568,Senate Democrats,DSCC,453
791543660926838,"I'll go ahead and keep my guns, Thanks",2A4LIFE LLC,452
29508796823,Cedric Richmond,Richmond for Congress,449
156968474833352,Stop Republicans,Stop Republicans,437
104856814505092,The Kids Guide,The Kids Guide,435
103654464668995,Home With Our Family,Alexander Chung,429
1771156219840594,Team Trump,"DONALD J. TRUMP FOR PRESIDENT, INC.",389
943619869030070,Whitney Higginbotham Greene,Whitney Higginbotham,385
96935476345,Democratic Governors Association (DGA),Democratic Governors Association,358
1439441369620638,Grow Louisiana Coalition,Grow Louisiana Coalition,356
9324910069,NRSC,NRSC,351
196382377057315,Learn Our History,Learn Our History,311
113891694102,Energy Citizens,AMERICAN PETROLEUM INSTITUTE,305
2352630938293825,Mytacticalpromos,Entremax,290
24330467048,Americans for Prosperity,AMERICANS FOR PROSPERITY,271
57259033959,AARP,AARP,266
1553238868221859,Mayor Jamie Mayo,Mayor Mayo 2020,260
316796285920422,Friday Ellis for Mayor,Friends of Friday Ellis,250
101181584780300,Law Enforcement For A Safer America PAC,Law Enforcement for a Safer America PAC,250
165987503528599,Lindsey Graham,"TEAM GRAHAM, INC.",248
102671331487937,I Love My Freedom Store,I Love My Freedom,244
102409554840219,Jerry Smith for Judge,Committee to Elect Jerry Smith,234
665345483483486,NRA - National Rifle Association of America,NATIONAL RIFLE ASSN OF AMERICA,228
107858693983382,The GOP Shop,The GOP Shop,226
132492254050920,American AF,AAF Nation,211
106021271010934,Kristine Breithaupt for OPDEC District B,Kristine Breithaupt for OPDEC District B,210
112694470356789,Trumpcare For America,Stuart Joseph Millar,208
345504286342057,Keeping America Great Again,RightWingGear.com,208
33110852384,Doctors Without Borders/ Médecins Sans Frontières (MSF),Doctors Without Borders/Médecins Sans Frontières (MSF),186
100126201737278,Patriots Take a Stand,Jae W Seo,185
203805062990264,Ben Shapiro,The Daily Wire,180
1501432613485324,Governor John Bel Edwards,GOHSEP - Governor's Office of Homeland Security and Emergency Preparedness,179
17023576156,The Leadership Conference on Civil and Human Rights,The Leadership Conference on Civil and Human Rights,175
1883837055193241,Shield Republic,Shield Republic,173
100959774775932,Moisant for District Judge,Friends of Jennifer Moisant LLC,160
176789922364429,Steve Daines,STEVE DAINES FOR MONTANA,159
108421794235463,Yes for East Jefferson General Hospital,LCMC Health,147
101579751338430,Foxworth for JUDGE 2020,Tiffany L Foxworth,145
92925746942,Judicial Watch,Judicial Watch,139
332716170522025,America First Action,America First Action,137
6726182861,Mike Pence,"DONALD J. TRUMP FOR PRESIDENT, INC.",134
717115395103069,PrintedKicks,Printed Kicks,134
296708523873754,Karla Dennis and Associates Inc.,"Karla Dennis & Associates, Inc",128
1884284931789547,Brandon Armant,Brandon Armant,126
143329509024,Citizens Against Lawsuit Abuse,Citizens Against Lawsuit Abuse,124
105829564471772,Patriots Stand Together,Trizzie Truong,118
421870738175616,Danny Riehm for Jefferson Republican PEC - District 4,Danny Riehm for Jefferson Republican PEC - District 4,114
101165966152,AFL-CIO,AFL-CIO,110
100137754724934,Trump 2020 Supporters,Proud Right Winger,109
342294162453301,Planned Parenthood,Planned Parenthood Federation of America,105
110974960642149,Proudly American,Grant Alan Johnston,105
7814597100,Jim Jordan for Congress,JIM JORDAN FOR CONGRESS,105
1553238868221859,Mayor Jamie Mayo,The Mayor Jamie Mayo Campaign Fund,103
108042684061544,Selasky for DPEC,Elizabeth Theodora Selasky,102
1521608064734000,Erick Knezek,Erick Knezek,102
85452072376,Newsmax,Newsmax Media,102
137569740231452,Respect The Look,Respect The Look,101
215915951780663,Louisiana Chemical Association,Louisiana Chemical Association,≤100
320380310759,Orleans Parish Democratic Executive Committee (OPDEC),Orleans Parish Democratic Executive Committee,≤100
259130650776119,Mitch McConnell,MCCONNELL SENATE COMMITTEE,≤100
114326736892009,Jackie Lansdale for DSCC 23rd Representative District Office A,Jackie Lansdale for DSCC 23rd Representative District Office A,≤100
1374134752633656,New Health Plans,Shop Insurance Plans,≤100
127225910653607,PragerU,PragerU,≤100
328072970642479,Jaime Harrison,JAIME HARRISON FOR US SENATE,≤100
278490715553293,Martha McSally,MCSALLY FOR SENATE INC,≤100
103072301192981,Elect Chris Stricklin Vidalia Chief of Police,Tracie Jones Stricklin,≤100
102982471320443,Justin Boone for OPDEC District B,Last Word Strategies,≤100
105756057589080,The Lincoln Project,The Lincoln Project,≤100
159964696102,Kevin McCarthy,KEVIN MCCARTHY FOR CONGRESS,≤100
100637888239523,Free Reign For All,Kin Ngai Yeung,≤100
105813654362859,David Lee Simmons for OPDEC District A,"Last Word Strategies, LLC",≤100
100450881673147,James Cantrelle For State Representative,James Cantrelle Campaign Fund,≤100
213792049451918,Stand For America,Stand For America Inc,≤100
137700914211,Louisiana Budget Project,Louisiana Budget Project,≤100
2189265054726827,Liberty Tee Shop,www.libertyteeshop.com,≤100
1025055787535714,A Case for Women,A Case for Women,≤100
104969584255457,Michael Blache for Mayor - City of Mandeville,Michael Blache for Mayor - City of Mandeville,≤100
560140464159364,Stand for the 2nd Amendment,SFT2 Tactical Supply,≤100
5633824547,FreedomWorks,"FREEDOMWORKS, INC.",≤100
355316521236121,John Cornyn,TEXANS FOR SENATOR JOHN CORNYN INC.,≤100
114504449966472,Officer Willie Brooks,Benjamin Ernesto Garcia,≤100
100141378274169,Doug Tate,Douglas Caliaway Tate,≤100
461204744067686,Family Protection Association,Family Protection Association,≤100
96935476345,Democratic Governors Association (DGA),DEMOCRATIC ACTION,≤100
237033019822339,Antoine Pierce,CAMPAIGN TO ELECT ANTOINE PIERCE,≤100
107758757670203,BLM Direct,BLM Store LLC,≤100
112974563687584,Robert Kiyosaki - The Rich Dad Poor Dad Letter,Long Form Creative Co.,≤100
58942876544,Pelican Institute for Public Policy,Pelican Institute for Public Policy,≤100
2357164884295813,Aimee Adatto Freeman,Aimee Adatto Freeman Campaign,≤100
373814729643508,Let America Vote,LET AMERICA VOTE PAC,≤100
100370051625099,Friends of GB3 Candidate District 11 Metro Council,Gordon Bargas,≤100
102121888217615,"Peter R. Brigandi Jr. for Jefferson DPEC, District 1",Peter R Brigandi,≤100
108560687464226,Leo for District Attorney,LEO FOR DA,≤100
103597604713894,Team Trump Store,TRUMP MAKE AMERICA GREAT AGAIN COMMITTEE,≤100
264310567810239,Kea Sherman,Kea Sherman Campaign,≤100
6041057841,The Humane Society of the United States,"HUMANE SOCIETY OF THE UNITED STATES, THE",≤100
105566671190013,What We All Need,Patrick Le Tran,≤100
111393882812494,Amy McGrath,"AMY MCGRATH FOR SENATE, INC.",≤100
25055115099,Intuit,INTUIT INC.,≤100
104721201111500,Grassroots Law Project,Grassroots Law Project,≤100
261658133958677,Caroline Fayard,Last Word Strategies,≤100
206677396413254,Abortion On Our Own Terms,Abortion On Our Own Terms,≤100
53541257714,The Arc of the United States,The Arc with Facebook Ad Credits,≤100
830121337093232,National Democratic Training Committee,NATIONAL DEMOCRATIC TRAINING COMMITTEE PAC,≤100
127755494595870,Progressive Takeover,PROGRESSIVE TAKEOVER,≤100
305832706292882,American Gun Association,GunAssociation.org,≤100
977704775606273,Balls Deep Tackle,Balls Deep Tackle,≤100
109677057145919,Hot Issue,Astonishean Miracle Bundage,≤100
8934429638,Planned Parenthood Action,Planned Parenthood Action Fund,≤100
112431050497386,Patriotism For Life,Vivian Lam Nguyen,≤100
1061240530648502,Joe Collins,JOE COLLINS FOR CONGRESS,≤100
23875187730,Feeding America,Feeding America,≤100
5435784683,Greenpeace USA,"GREENPEACE, INC.",≤100
1109093812491437,Blaze Media,Blaze Media LLC,≤100
2353537341582545,Proud Patriots,Proud Patriots,≤100
1141155915901031,Louisiana Citizens for Job Creators,Louisiana Citizens for Job creators,≤100
100757504960070,Concealed_Country,Concealed Country,≤100
101725991230589,Louisiana Conservative Republican Coalition,Louisiana Conservative Republican Coalition,≤100
195530355493,Chicks On The Right,Chicks on the Right,≤100
101337881253868,Scott Discon for Mandeville City Council District 3,Scott G Discon,≤100
245284549333866,ASMDSS,ASMDSS,≤100
303061950155375,John James,"JOHN JAMES FOR SENATE, INC.",≤100
38235851310,USA for UNHCR,UNITED STATES ASSOCIATION FOR UNHCR,≤100
106244251043808,Reuse Plastics,"AMERICAN CHEMISTRY COUNCIL, INC.",≤100
1528980567353817,Love Has No Labels,Love Has No Labels with Facebook Ad Credits,≤100
1435071773455316,Daily Wire,The Daily Wire,≤100
1336293769761923,Jon Ossoff,JON OSSOFF FOR SENATE,≤100
285687352099619,Louisiana Legacy,Louisiana Legacy,≤100
104137757867070,Trenton Butler #343 for OPDEC - District E,Last Word Strategies,≤100
316796285920422,Friday Ellis for Mayor,Oliver Friday Ellis,≤100
110657533797698,Drell for RRPEC At Large,Bradley Loy Drell,≤100
651030188696796,Desoto Parish District Attorney's Office,Desoto Parish District Attorney's Office,≤100
1194865807192273,Conservative Gear,Outergoods LLC,≤100
277005566267077,Blueland,Blueland,≤100
106323360959211,Patriots Republic,Matthew James Stine,≤100
18982436812,ACLU,American Civil Liberties Union,≤100
108118933908193,Next Level Goods,Next Level Goods LLC,≤100
1836138529938551,Greater Half,Greater Half,≤100
100299321592980,Miles Tepper for OPDEC District B,Last Word Strategies,≤100
100256754899828,Patriot's Cave,Patriots Cave,≤100
788394134539871,USPS Business,United States Postal Service,≤100
198629130155759,"Delisha Boyd, LLC presents New Orleans Lagniappe Real Estate",Delisha Young Boyd,≤100
2267285956849056,Donald Trump 2020 Fans,I Love My Freedom,≤100
203197030603239,8 Billion Trees,8 Billion Trees LLC,≤100
265268336865693,Do Amore,Do Amore Limited Company,≤100
106385834319265,Elizabeth Sangisetty for OPDEC District A,Last Word Strategies,≤100
309308412520731,Sandy Hook Promise,Sandy Hook Promise,≤100
108637684020200,Gian Durand for DSCC District 76 “A”,Gian Laje Durand,≤100
9364828262,Citizens Against Government Waste,COUNCIL FOR CITIZENS AGAINST GOVERNMENT WASTE,≤100
215772055422914,Michael Lunsford,Michael M Lunsford,≤100
105410567897348,Adopt an Officer,Adopt America LLC,≤100
2011677365822396,Ground News,Snapwise Inc.,≤100
109950020541466,Smokefree Southwest Louisiana,Saddi Sundiata Thompson,≤100
570092813023833,Matt Walsh,The Daily Wire,≤100
46093654473,National Republican Congressional Committee,NRCC,≤100
598924810530984,Keeping America Great,FamTeeWorld,≤100
113595820361626,Louisiana Illuminator,States Newsroom,≤100
168051710543266,Lacy Johnson,Lacy Johnson for Congress,≤100
110124618713,American Principles Project,American Principles Project,≤100
100895334855333,Keith Thibodeaux for Judge,Committee to Elect Keith Edward Thibodeaux Inc,≤100
107299004218883,Tyler Russell for DPEC District C,Last Word Strategies,≤100
212742815511441,Hon. Leslie Ellison,Leslie A. Ellison,≤100
23996308754,Senate Conservatives,SENATE CONSERVATIVES FUND,≤100
328853823844484,Balance of Power,Balance of Power,≤100
107654924064350,Pat Timmons-Goodson,PATRICIA TIMMONS-GOODSON FOR CONGRESS,≤100
111506250582498,Keeping Our Homes Safe,Steve San,≤100
118303441570966,Home Ownership Matters,NATIONAL ASSOCIATION OF REALTORS,≤100
215968684159,AFT - American Federation of Teachers,American Federation of Teachers,≤100
101888731591071,Barry Laiche for District Attorney,Barry Laiche for District Attorney,≤100
107572730809638,End Money Bail California,"End Predatory & Unfair Money Bail, a coalition of justice reform and labor organizations. Committee major funding from Action Now Initiative, LLC, Patty Quillin, and Lynn Schusterman. Funding Details at www.fppc.ca.gov.",≤100
36474716066,Color Of Change,ColorofChange.org,≤100
650754551791398,Voters Organized,Voters Organized to Educate,≤100
502057990533207,Madden4Mayor,Madden for Mayor,≤100
192015461630968,Supporting Our Brave Veterans,James Brian Plouf,≤100
167586229923327,World Food Program USA,World Food Program USA,≤100
126694924050678,Xavier Becerra,Becerra for Attorney General 2022,≤100
112278783868251,Jihad Allen For OPDEC District C,Jihad Allen For OPDEC District C,≤100
530604487365010,Old Glory Flagpole Kits,Service First,≤100
653079394725698,Aspiration,Aspiration,≤100
1010143499143169,Medicare Savings,"Mayo Labs, LLC",≤100
106114264313679,Hunt The Vote,"Hunter Nation, Inc",≤100
257019421075897,Cory Gardner,Cory Gardner for Senate,≤100
106645684412573,Cover Air Medical,Cover Air Medical,≤100
7292655492,MoveOn,MOVEON.ORG POLITICAL ACTION,≤100
8501031021,VoteVets.org,"VoteVets Action Fund, Inc.",≤100
115379705206001,U.S. Department of Homeland Security Blue Campaign,DHS Blue Campaign,≤100
109982453953543,Trey Mustian for DSCC,William Mustian,≤100
101662508039115,Lauré Sica For Mandeville Mayor,Laure D Sica,≤100
105455840860559,Eagle Realm,Eagle Realm,≤100
607626319739286,Black Voices for Trump,TRUMP MAKE AMERICA GREAT AGAIN COMMITTEE,≤100
109595630761634,Matt Watson for East Baton Rouge Parish,Matt Watson for EBR Parish,≤100
706716899745696,Women for Trump,TRUMP MAKE AMERICA GREAT AGAIN COMMITTEE,≤100
100491218241856,Noa Elliott for OPDEC District B,Last Word Strategies,≤100
152185024462,Louisiana Right to Life,Louisiana Right to Life,≤100
21559454473,FAIR,FEDERATION FOR AMERICAN IMMIGRATION REFORM,≤100
2225580284361712,Tommy Tuberville,"TUBERVILLE FOR SENATE, INC.",≤100
193618220508,LIFE Today,LIFE Outreach International,≤100
1228396643984955,Michelle Steel,Michelle Steel for Congress,≤100
8741241286,Under Armour,These ads ran without a disclaimer,≤100
2309566456030859,Human Coalition Action,Human Coalition Action,≤100
118502801658228,Young Kim,Young Kim for Congress,≤100
109379100777665,Patriotism Isn't Dead,Patriot Polling,≤100
109360297266116,Fearless Patriot,TERESA NONE OHARA-MARSH,≤100
101210588150219,Boy Scouts Abuse Claims,X Social Media LLC,≤100
21375324480,The Heritage Foundation,HERITAGE FOUNDATION (THE),≤100
24481937944,Theodore Roosevelt Conservation Partnership,"THEODORE ROOSEVELT CONSERVATION PARTNERSHIP, INC",≤100
2185993931653388,The Recount,"Recount Media, Inc",≤100
359477377917,American Federation for Children,American Federation for Children,≤100
2330577043935831,Sara Gideon,SARA GIDEON FOR MAINE,≤100
107150077720746,American Collectibles,Christopher Walter Adams,≤100
105725594534975,The Committee to elect Shaun Mena,The Committee to Elect Shaun Mena,≤100
45393753416,Alliance Defending Freedom,Alliance Defending Freedom,≤100
30139072158,CARE,CARE,≤100
8325302025,Friends of the Earth U.S.,Friends of the Earth,≤100
25852730092,Care2,Care2 Inc,≤100
114710126648118,Republican Dogs,Republican Dogs,≤100
470241276500901,Women Vote,WOMEN VOTE!,≤100
12301006942,Democratic Party,DNC SERVICES CORP./DEM. NAT'L COMMITTEE,≤100
433919203362871,Bird + Stone,BIRD & STONE INC,≤100
192448150001,Jeff Anderson & Associates,Jeffrey R Anderson PA,≤100
419237048158257,Susan Collins,COLLINS FOR SENATOR,≤100
602714436529710,End Citizens United,END CITIZENS UNITED,≤100
470961656387269,Ryan Gatti for State Senator District 36,Ryan Gatti,≤100
425771317501061,Michael Knowles,The Daily Wire,≤100
530604487365010,Old Glory Flagpole Kits,Service First Flag Poles,≤100
21898300328,BuzzFeed,The Procter & Gamble Company,≤100
213041185421849,Lance Harris,Lance Harris Campaign,≤100
166618413413767,Jay Sekulow,American Center for Law and Justice,≤100
224684514243482,Tom Cotton,"COTTON FOR SENATE, INC.",≤100
105577974544303,The USA Needs More Patriots,Anthony Alexander Morales,≤100
100802538186181,Simon  Levitsky for OPDEC,Nathan George Levitsky Simon,≤100
6231686654,Compassion International,"COMPASSION INTERNATIONAL, INCORPORATED",≤100
69983322463,Ted Cruz,TED CRUZ FOR SENATE,≤100
8532248414,Wounded Warrior Project,"WOUNDED WARRIOR PROJECT, INC.",≤100
8047221596,Save the Children US,"SAVE THE CHILDREN FEDERATION, INC.",≤100
111111000254082,St. Tammany ChamberPac,St. Tammany ChamberPAC,≤100
102995984411960,Jason Zuckerman - Mandeville City Council,Jason Zuckerman Campaign,≤100
87186661244,Johns Hopkins Bloomberg School of Public Health,Johns Hopkins Bloomberg School of Public Health,≤100
111278008942618,Wicked Clothes,Wicked Clothes,≤100
143729616392084,Van Drew for Congress,Van Drew for Congress,≤100
309798029121030,Everytown for Gun Safety,Everytown for Gun Safety Action Fund Inc,≤100
27544763621,Prison Fellowship,Prison Fellowship,≤100
342887442508723,Convention of States,Convention of States Action,≤100
102394581287236,Jamar "Doc" Montgomery for Louisiana,Doc Montgomery for 2020,≤100
112880207070872,Windows Roof Driveway,Kenji None Tomoda,≤100
108793860719784,McHale For Magistrate,McHale for Magistrate,≤100
107803440835562,US Hot Gears,Click Wonders,≤100
108416017431295,Tommy Chandler for Bossier City,Tommy Chandler for Bossier City,≤100
115279950241957,Conner Graham for RPEC,Michael M Lunsford,≤100
101595214745551,St. Landry Parish District Attorney's Office,St. Landry District Attorney,≤100
73970658023,International Rescue Committee,International Rescue Committee,≤100
104491904668917,JAMES KURTS Livingston RPEC,Michael M Lunsford,≤100
435079056538618,Jonathan Rhett Davis RPEC,Michael M Lunsford,≤100
586751814690068,Joni Ernst,Joni for Iowa,≤100
42872222699,Dana Loesch,Dana Loesch Radio,≤100
162695894106234,Co-ops Vote,National Rural Electric Cooperative Association,≤100
27311599342,Preemptive Love,Preemptive Love Coalition,≤100
102290468040957,Glen Cormier for Rapides Parish GOP Executive Committee,Robert G Cormier,≤100
100105257048367,Aylin Acikalin for Judge,Friends of Aylin Acikalin,≤100
429812024048177,Doug Jones for Senate,DOUG JONES FOR SENATE COMMITTEE,≤100
110845917195209,Jack Hebert for Ward 4 Marshal,JACK HEBERT FOR WARD 4 MARSHAL,≤100
1316372698453411,Alexandria Ocasio-Cortez,Alexandria Ocasio-Cortez for Congress,≤100
104127571175233,Judge Jay McCallum,Judge Jay McCallum Campaign Committee,≤100
228754857151053,House Majority PAC,House Majority PAC,≤100
15687409793,World Wildlife Fund,World Wildlife Fund,≤100
706716899745696,Women for Trump,"DONALD J. TRUMP FOR PRESIDENT, INC.",≤100
113563323745924,Keep America Great,Keep America Great,≤100
104741474400535,Katherine Hurst for DSCC District 43A Representative,Katherine L Hurst,≤100
2037695643113766,Blexit,Blexit Foundation,≤100
419992651425033,Guardianes del Pueblo-Consumer Law Group,Consumer Law Group,≤100
901652696598476,"Joey Merrill, Vidalia Police Chief",Re-Elect Chief Joey Merrill,≤100
1917715138510680,Follow Your Legend,Legend Bracelet,≤100
102297714638930,Landon Boudreaux for RPEC District 3,Landon Michael Boudreaux,≤100
101041868048756,Judge Beth Wolfe for 1st Circuit Court of Appeal,Adam Jacob Eversole,≤100
100675931655957,The John Mason Show,John J Mason,≤100
136544823591558,Alicia Cocoa McCoy Calvin for City Council - District 3,Alicia Cocoa McCoy Calvin for City Council - District 3,≤100
593289284500311,Trump Rack,BOXD Marketing,≤100
449202631932231,Mike Johnson,MIKE JOHNSON FOR LOUISIANA,≤100
2012750189007245,Liquid Death Mountain Water,Liquid Death,≤100
150452905455,Andrew Klavan,The Daily Wire,≤100
18813753280,Human Rights Campaign,"HUMAN RIGHTS CAMPAIGN, INC.",≤100
110177119192569,Knightscope,William Li,≤100
892673067526965,Project War Path,Project War Path,≤100
1765073800454902,Reform Austin,Reform Austin Inc.,≤100
376776419037747,Turning Point USA,Turning Point USA,≤100
18709174006,National Audubon Society,"NATIONAL AUDUBON SOCIETY, INC.",≤100
628891490457484,Nancy Mace,Nancy Mace for Congress,≤100
102263111314148,Devin Wright for DSCC & DPEC,Devin James Wright,≤100
132917424705,Home Instead Senior Care,Home Instead Senior Care Baton Rouge,≤100
114625730266879,Republican Voters Against Trump,Defending Democracy Together,≤100
102356267962351,Natalie Howell for Judge,Campaign to Elect Natalie Howell Juvenile Court Judge,≤100
1934191280189700,Health Care Voter,Health Care Voter,≤100
35169196082,Project HOPE,"PROJECT HOPE-THE PEOPLE-TO-PEOPLE HEALTH FOUNDATION, INC.",≤100
163148530407080,Captain Mark Kelly,MARK KELLY FOR SENATE,≤100
546066468753446,Black Health Matters,BLACK HEALTH MATTERS FOUNDATION INC,≤100
907919839243616,My Faith Votes,My Faith Votes,≤100
108794587327155,Good Programs 2020,Trevor Dale Seaks,≤100
420785874975425,Conservative Institute,The Conservative Institute,≤100
104837617949294,Ascension for Liberty,Michael M Lunsford,≤100
169710960125365,Curzio Research,Curzio Research Inc.,≤100
129255907131113,NumbersUSA,NUMBERSUSA EDUCATION AND RESEARCH FOUNDATION,≤100
103162411257510,Trumplican,USA Movements,≤100
107150077720746,American Collectibles,Proud Patriots,≤100
317284821682168,Messianic Jewish Alliance of America (MJAA),Messianic Jewish Alliance of America,≤100
85273022315,NAMI,NAMI,≤100
1799282383731277,TwoSeventy,Alexander Jared Deutsch,≤100
209516845093,NRDC Action Fund,NRDC Action Fund,≤100
103185334702225,Stop Trump PAC,STOP 45 PAC,≤100
1679521432262834,Physicians Grassroots Network,American Medical Association,≤100
894096170667732,Ashley Hinson,Ashley Hinson For Congress,≤100
101279451606075,Democratic Strategy Institute,Democratic Strategy Institute,≤100
8550121410,Free Speech America Project,MEDIA RESEARCH CENTER,≤100
105577974544303,The USA Needs More Patriots,AmeriPolling,≤100
101591551371555,Fire Mitch. Save America.,SAVE AMERICA FUND,≤100
186805048171120,U.S. & Texas LawShield,Texas LawShield,≤100
103644036958,United Association,United Association Political Education Committee,≤100
130467958471,Jason Lewis,Jason Lewis for Senate,≤100
448720325467547,Citizens for a New Louisiana,Citizens for a New Louisiana,≤100
452356574798439,Louisiana Endowment for the Humanities,LOUISIANA ENDOWMENT FOR THE HUMANITIES,≤100
775525186130124,Center for a Free Economy,Center for a Free Economy,≤100
7263476274,Mercy Corps,Mercy Corps,≤100
329284771298646,Issue One Action,Issue One Action,≤100
7833534974,Florida Democratic Party,Florida Democratic Party,≤100
6500552187,Hulu,"HULU, LLC",≤100
72186095846,Center For American Progress Action Fund,Center for American Progress Action Fund,≤100
612701059241880,Latinos for Trump,TRUMP MAKE AMERICA GREAT AGAIN COMMITTEE,≤100
142665849854371,House Freedom,HOUSE FREEDOM FUND,≤100
69039563201,Open Doors USA,"OPEN DOORS WITH BROTHER ANDREW, INC.",≤100
49651563727,Live Action,Live Action,≤100
19342050934,Leadership Institute,LEADERSHIP INSTITUTE INC,≤100
108580917388075,Chris Victory for District Judge,Committee to Elect Chris Victory,≤100
655065784538368,PredictIt,"PredictIt - Prediction Markets. A project of Victoria University of Wellington, PredictIt has been established to facilitate research into the way markets forecast events.",≤100
105060677844787,Bill Savings,Bill Savings,≤100
110018833813683,Flip the Senate,SMP,≤100
287789785155313,State Representative Danny McCormick,Elect Danny Mccormick,≤100
172758932738142,PhRMA,PHARMACEUTICAL RESEARCH AND MANUFACTURERS OF AMERICA,≤100
158791100909689,Concerned Veterans for America,Concerned Veterans for America,≤100
971668776283950,PolicyEd,Hoover Institution,≤100
100701061678027,Dustin Murphy for U.S. Senate,COMMITTEE TO ELECT DUSTIN MURPHY,≤100
106949844346620,Trumpian Republicans,Gregory Lawrence Burright,≤100
262138411622,Faces of Lawsuit Abuse,US Chamber Institute for Legal Reform,≤100
80562389320,NARAL Pro-Choice America,NARAL Pro-Choice America,≤100
104934207736995,Paycheck to Paycheck,Center for American Progress Action Fund,≤100
1601417063208019,Harness,Harness Community,≤100
907952342575260,"Justice of the Peace Rob Snyder, Jr",Robert J Snyder,≤100
184072721624475,"Besomebody, Inc.",Besomebody Inc,≤100
109092142462587,Adam Schiff,SCHIFF FOR CONGRESS,≤100
103434871383825,Kevin Duet for State Representative,Kevin Duet,≤100
178195398904825,Every Body Texas,Every Body Texas,≤100
1600352356914768,PushBlack,PushBlack,≤100
293225127381200,Patriot Depot,The Patriot Depot,≤100
294508332028,Lakota People's Law Project,ROMERO INSTITUTE,≤100
102283794862546,Dominique Dallas for the People,Voters for Dallas,≤100
1733918116873254,BackWoods Mafia,Landon David Turner,≤100
2235783619832496,Lafayette Republican Parish Executive Committee,Lafayette Republican Parish Executive Committee,≤100
107589664099282,Stand Up To China,"Stand Up To China, Inc.",≤100
149081336362,AmeriCorps VISTA,Corporation for National and Community Service,≤100
15041226930,Oxfam,"OXFAM AMERICA, INC.",≤100
281592708607677,Lafayette Parish Republican  RPEC  District 1  Denice Comeaux Skinner,Denice C Skinner,≤100
23790541544,Democrats,DCCC,≤100
30914589895,The International Fellowship of Christians and Jews,"INTERNATIONAL FELLOWSHIP OF CHRISTIANS & JEWS, INC.",≤100
83290028957,Care Net,CARE NET,≤100
228132537208218,Tammy Duckworth,TAMMY FOR ILLINOIS,≤100
101136147910784,Represent Justice,Represent Justice,≤100
171651620209487,Brady PAC,Brady Pac,≤100
15239367801,The Wilderness Society,"WILDERNESS SOCIETY, THE",≤100
266145305529,Henry Holt,"Macmillan Holdings, LLC",≤100
2146201085498440,Tony Gonzales,Tony Gonzales for Congress,≤100
1530883997194411,United States Constitution,Flag and Cross,≤100
203550842430,Mike Lee,FRIENDS OF MIKE LEE INC,≤100
253791814655400,Doug Collins,"COLLINS FOR SENATE, INC.",≤100
580610428636345,Fight for $15,Fight for $15,≤100
143089732792,Marsha Blackburn,Blackburn Tennessee Victory Fund,≤100
102745147891580,Trump Coolers,Eric Clifford Juels,≤100
492679774460160,Ryan Trundle for Congress,WORKING FAMILIES FOR RYAN TRUNDLE,≤100
714585211919366,Mt. Hermon Web TV,Mt. Hermon Web TV,≤100
105732744375701,Steve Bullock,MONTANANS FOR BULLOCK,≤100
169294473121454,Policetees.com,PoliceTees.com,≤100
281844617168,Jewish Voice Ministries International,JEWISH VOICE MINISTRIES INTERNATIONAL,≤100
359920507711934,Brad Gordon International LLC,BGI LLC,≤100
1447994318779650,AirMedCare Network,AIrMedCare Network,≤100
112325855474892,Speak Up For Education and Kids,National Education Association,≤100
103801844298982,Team Collins,COLLINS FOR SENATOR,≤100
1526736227567131,TrueCoverage,True Coverage,≤100
679171239164792,Supermajority,Supermajority Education Fund,≤100
153678684700451,American Investment Council,AMERICAN INVESTMENT COUNCIL,≤100
237477017606,Club for Growth,Club for Growth,≤100
102030494684480,Brian Henly for Mayor of Mandeville,Adam Jacob Eversole,≤100
613542705345516,"Dawn Chanet Collins, MPA",Dawn D Collins,≤100
79125112926,Students for Life of America,"STUDENTS FOR LIFE OF AMERICA, INC.",≤100
113666459994300,Big Dan Rodimer for Congress,RODIMER FOR CONGRESS,≤100
104206981281737,Paul Wood for Shreveport City Court Judge,Paul Wood for Shreveport City Judge,≤100
316887658336677,My Control Card,"NETSPEND HOLDINGS, INC.",≤100
201956993160690,MRCTV,MEDIA RESEARCH CENTER,≤100
911828698840246,ReLEntless Defender Apparel,ReLEntless Defender Apparel,≤100
1824165801199201,The Fight Against Antimicrobial Resistance,"Paradigm Solutions, LLC",≤100
19972147679,SEIU,SEIU,≤100
1389807071117013,Lynn Afendoulis,Lynn Afendoulis for Congress,≤100
107398241021186,The John Lewis Bridge Project,John Lewis Bridge Project,≤100
10498053716,Media Research Center,MEDIA RESEARCH CENTER,≤100
587676831343390,Raheem AI,RAHEEM AI,≤100
1852520761657982,4ocean,4ocean,≤100
114475890010131,Piggy Dollar Financial,Tyler Wayne Hedland,≤100
463095630924391,US Business Funding,Credox,≤100
142370046577999,Shahid Buttar for Congress,Shahid Buttar for Congress Committee,≤100
235762319779450,Omar Navarro,OMAR NAVARRO FOR CONGRESS,≤100
135298176481584,Marine Corps Scholarship Foundation,Marine Corps Scholarship Foundation,≤100
277414242013,Joyce Elliott for Congress,JOYCE ELLIOTT FOR CONGRESS,≤100
953113491536337,Black to the Future Action Fund,Black to the Future Action Fund,≤100
111693423887942,Edwin Byrd for Judge,Edwin Byrd for District Judge,≤100
73528878871,Center for Reproductive Rights,Center for Reproductive Rights,≤100
7219151423,The Fund for American Studies (TFAS),The Fund for American Studies,≤100
111428049989,Cal Cunningham,CAL FOR NC,≤100
6236054211,Brady,Brady Campaign to Prevent Gun Violence,≤100
100779761696891,Haley Unbehagen for Mayor - Village of French Settlement,Garrett Michael Unbehagen,≤100
169277310432049,"Texas Precision Optics, Inc.",Texas Precision Optics Inc,≤100
109425393929448,Hope A. Phelps,Hope A Phelps,≤100
169597416843751,Stand Up America,Stand Up America,≤100
18780321251,American Chemistry,"AMERICAN CHEMISTRY COUNCIL, INC.",≤100
592707041080920,Stand Together,Stand Together Chamber of Commerce Inc.,≤100
17911165812,Covenant House International,Covenant House,≤100
6820348410,Kirsten Gillibrand,Off the Sidelines,≤100
223055747744143,Beto O'Rourke,Powered By People,≤100
216709768355686,Dinesh D'Souza,America2020 Film LLC,≤100
159597424207730,David Perdue,PERDUE FOR SENATE,≤100
302182941354,AARP Advocates,AARP,≤100
2078647579047586,Project Pulso,Project Pulso,≤100
248181906078243,National Institute for Civil Discourse,CommonSense American,≤100
117058854998779,The Gideons International,"GIDEONS INTERNATIONAL, THE",≤100
262682313760159,Cooper/T. Smith,Cooper/T. Smith,≤100
518194348194441,RepresentUs,RepresentUs,≤100
15351475322,Cathy McMorris Rodgers,Cathy McMorris Rodgers for Congress,≤100
134452023239984,Human Coalition,Human Coalition,≤100
110849485902,United Way,United Way Worldwide with Facebook Ad Credits,≤100
408250066356,Bill O'Reilly,"Bill Me, Inc.",≤100
106224464107240,Jo Jorgensen,JO JORGENSEN FOR PRESIDENT,≤100
176466646087311,DC Fawcett,Donald Chappell Fawcett,≤100
728134764058753,Johnell Matthews for Judge,Committee to Elect Johnell Matthews For Judge,≤100
34521916336,Brent Bozell,MEDIA RESEARCH CENTER,≤100
29770886815,Marijuana Policy Project,Marijuana Policy Project,≤100
192771954102960,Jordan Sekulow,American Center for Law and Justice,≤100
140466263492407,Hirstified- Trump girl,Michelle E Hirstius,≤100
7962229886,Environmental Working Group,ENVIRONMENTAL WORKING GROUP,≤100
140985439405868,PosiGen,PosiGen,≤100
1690071827911682,Cleancult,cleancult,≤100
105929991030423,My Freedom Jersey,"My Freedom Jersey, LLP",≤100
2081864865362439,Mike Espy,MIKE ESPY FOR SENATE CAMPAIGN COMMITTEE,≤100
21395843375,Dialysis Patient Citizens,DIALYSIS PATIENT CITIZENS INC,≤100
384557995468219,Viral Casez,Viral Casez,≤100
151525932186806,When Democrats Turn Out,WHEN DEMOCRATS TURN OUT PAC,≤100
1005566252861190,VOTEPROCHOICE,DEMOCRATS.COM,≤100
56332452163,AMA Patients Action Network,American Medical Association,≤100
105084617912738,PatriotQuizzes,patriotquizzes.com,≤100
107928540736629,Eboni Johnson-Rose for Judge,Committee to Elect Eboni Johnson-Rose,≤100
422202764649078,Rhode Island Department of Education - RIDE,Rhode Island Department of Education,≤100
1224429014390746,Catalysts,Freethink,≤100
105536127617594,The American Digest,The American Digest,≤100
160513344045084,John Neely Kennedy,"John Kennedy for Us, Inc",≤100
100133714925423,Michelle Odinet for City Court Judge,The Committee to Elect Michelle Odinet,≤100
438987046299274,The First,"The First Digital, Inc",≤100
368268133210790,Ernest Burguieres Mandeville Council at Large,Ernest A Burguieres,≤100
110808320304366,Tough As Nails,These ads ran without a disclaimer,≤100
496696933682736,Jeff Merkley,JEFF MERKLEY FOR OREGON,≤100
104504438466,Federal Voting Assistance Program - FVAP,Federal Voting Assistance Program,≤100
100401327980848,National Parents Union,National Parents Union,≤100
99033391274,Brian Kemp,Kemp for Governor Inc,≤100
111155977283079,My Medication Rights,Pharmaceutical Printed Literature Association,≤100
1402827079932843,Low Income Relief,The Lighthouse Information Network LLC,≤100
538087426354548,"Buz Craft, Mayor of Vidalia, La",Edwy G Craft,≤100
102636677971854,Trump Is The Storm,Legendary Trump Coins,≤100
108152933883451,TrumpTrendz,Troy Lorenzo Davis,≤100
142992759853421,Be A Hero,BE A HERO PAC,≤100
101724361319410,Ronny Jackson for U.S. Congress TX-13,Texans for Ronny Jackson,≤100
115364585711,Lawyers' Committee for Civil Rights Under Law,Lawyers' Committee for Civil Rights Under the Law with Facebook Ad Credits,≤100
1653885501501009,Propeller,Propeller Enterprises,≤100
108560687464226,Leo for District Attorney,Leo Palazzo,≤100
117641114435,First Aid Beauty,First Aid Beauty,≤100
50982313030,Food & Water Watch,Food & Water Watch,≤100
169130743498585,Tactical Pro Supply,Chad Keller,≤100
20876805343,March of Dimes,MARCH OF DIMES INC.,≤100
308159713150350,Voter Protection Project,VOTER PROTECTION PROJECT,≤100
272932616153701,Lee Rubin for City Council Member-At-Large,The Committee to Elect Lee Rubin as City Council At-Large,≤100
780941275347834,Ilhan Omar,ILHAN FOR CONGRESS,≤100
128958937175029,Trivia Today,Benjamin Aaron Perlman,≤100
745910525468062,National Center on Sexual Exploitation,National Center on Sexual Exploitation,≤100
223008867858902,American Action News,American Action News,≤100
194115677277113,A21,A21 with Facebook Ad Credits,≤100
109950020541466,Smokefree Southwest Louisiana,Smoke-free Southwest LA,≤100
92021268117,Working America,Working America,≤100
104244284612205,Gibby Andry for District Attorney,Gibby Andry for District Attorney,≤100
259212814698356,Democratic Majority for Israel,DMFI PAC,≤100
333710103706307,Giffords,GIFFORDS PAC,≤100
117758198297225,Rep. Terri Sewell,Office of U.S. Representative Terri Sewell (AL-07),≤100
1628679613829742,Josh Hicks,Josh Hicks for Congress,≤100
242679302418244,Denison Forum,Denison Ministries,≤100
443329669123990,USAFacts,USAFacts Institute,≤100
1338822066131069,Women's March,Women's March,≤100
629732217415068,Republican Party,Greater Half,≤100
1545826148838592,Trump 2020,Gregory Lawrence Burright,≤100
465483726908192,iVote,IVote Civic Education Fund,≤100
1099779163410386,John Barrasso,Friends of John Barrasso,≤100
1204754733024419,People's Power Grab,ACRONYM,≤100
345378512258813,Elise Stefanik,ELISE FOR CONGRESS,≤100
112600915451330,No Labels,No Labels,≤100
8936818385,Accuracy in Media,"ACCURACY IN MEDIA, INC",≤100
107439427661844,Accountable Tech,Accountable Tech,≤100
21834534343,Volunteers of America,"VOLUNTEERS OF AMERICA, INC.",≤100
1654391474785866,Sybrina Fulton,"Sybrina Fulton for Miami-Dade County Commission, District 1, Nonpartisan",≤100
101348421500830,Cullen Tonry,Cullen Adair Tonry,≤100
1234251319933440,Exclusive Apparel,The Dude's Threads,≤100
605168822998856,314 Action,314 ACTION FUND,≤100
11791104453,NRDC,Natural Resources Defense Council,≤100
100101018155207,Paid Leave for All,Paid Leave for All a project of Hopewell Fund,≤100
493811210669780,Creative Action Network,Creative Action Network,≤100
131217580266597,National Council on Aging,"NATIONAL COUNCIL ON AGING, INC.",≤100
178024352559210,Great America PAC,GREAT AMERICA PAC,≤100
100233228182981,Madison Cawthorn for Congress,CAWTHORN FOR NC,≤100
814260155318929,The Fairness Project,The Fairness Project,≤100
950998258312654,Knowhere,"Knowhere, Inc.",≤100
1682876188698809,United for Respect,United for Respect,≤100
106016497675480,Delia Jeffcoat - Bossier Parish Republican PEC Candidate District 5,Katie Marie Theriot,≤100
639826046481912,Jackson Kleven for Florien Police Chief,Jackson Keith Kleven,≤100
51379424899,Mercy Ships,MERCY SHIPS INTERNATIONAL,≤100
300992409852,Hoover Institution,Hoover Institution,≤100
1627212824167934,Men4Choice,Men4Choice,≤100
1055873511190792,Hello Resistance,Hello Resistance Apparel,≤100
396932197039819,SafeSleeve,"SafeSleeve, LLC",≤100
116100933280785,Vencil R Holmes for Mayor of Greenwood,Venc Il Russell Holmes,≤100
108512875350,The Atlas Society,The Atlas Society,≤100
111702860231554,Matt Lieberman,Matt Lieberman for Senate,≤100
183517831660100,Morning Consult,Morning Consult LLC,≤100
21492729544,Catholic Relief Services,CATHOLIC RELIEF SERVICES - UNITED STATES CONFERENCE OF CATHOLIC BISHOPS,≤100
61265398450,AmeriCorps NCCC,Corporation for National and Community Service,≤100
100339414910794,Ronnie Gregoire for Chief of Police,Devin W Gregoire,≤100
49059279814,Institute for Justice,INSTITUTE FOR JUSTICE,≤100
166166843531258,National Council of Resistance of Iran - شورای ملی مقاومت ایران,MEK-Iran (Saeid Saadati),≤100
232201568659,Pacific Justice Institute,PACIFIC JUSTICE INSTITUTE,≤100
199826043375900,Larry Hogan,An America United,≤100
104705941289455,Christine Tharpe for School Board,Christine Tharpe for School Board,≤100
108503659576,National Coalition for Public School Options,National Coalition for Public School Options,≤100
105872574403318,Project TAMMI,a research grant at The National Center on Addiction and Substance Abuse (CASA),≤100
357554791340788,Liker,Omar Rivero,≤100
794490553914304,Dr. Nina Ansary,"Revela Press, LLC",≤100
72931140459,Center for Biological Diversity,"CENTER FOR BIOLOGICAL DIVERSITY, INC.",≤100
143854795629939,Healthy Image Marketing Agency,Healthy Image Marketing,≤100
110746996993983,The 'Gander Newsroom,Courier Newsroom,≤100
2165983337048601,LeverforChange,Lever for Change,≤100
1268410219898273,Tango Tango,Tango Tango Inc,≤100
21647204289,Michigan Education Association,Michigan Education Association,≤100
114715096575803,Gulf Coast Resource Coalition,Gulf Coast Resource Coalition,≤100
105060269781,Premiere Collectibles,"Premiere Marketing, Inc.",≤100
102959799834968,Diane Mitsch Bush for Colorado,DIANE FOR COLORADO CD3,≤100
683872625157265,Theresa Greenfield,THERESA GREENFIELD FOR IOWA,≤100
434857860419946,PFLAG Lafayette,Peyton Michelle,≤100
282861997886,Majority Leader Steny Hoyer,House Majority Leader Steny Hoyer (MD05),≤100
101391906600,Live Action News,Live Action News,≤100
469609533112889,iDisciple,iDisciple,≤100
17432811417,Working Families Party,Working Families Party National Independent Expenditure Committee,≤100
112164673854264,Living Patriotically,Living Patriotically,≤100
934438026690635,YouGov,YOUGOV AMERICA INC.,≤100
249362448960808,Sanderson Farms Corporate,Sanderson Farms Corporate,≤100
102592959026,Ocean Conservancy,"OCEAN CONSERVANCY, INC.",≤100
303167829786891,Ed Markey,THE MARKEY COMMITTEE,≤100
162493793737,Rick Green,Richard Arlin Green,≤100
375760676281438,Mermaid Straw,Mermaid Straw,≤100
1551109418518461,The Honest Patriot,Amundson Media LLC,≤100
114386721939978,The Made in America Store,Made In America Store,≤100
141692255929599,Democratic Socialists of America,DEMOCRATIC SOCIALISTS OF AMERICA INC,≤100
5720973755,Defenders of Wildlife,DEFENDERS OF WILDLIFE,≤100
290851614930809,Combat AntiSemitism,Combat Anti-Semitism,≤100
198875903295,Trek Bicycle,TREK BICYCLE CORPORATION,≤100
316326582121279,LCCM,Louisiana Committee For A Conservative Majority,≤100
596556607135301,The Earthling Co.,The Earthling Co.,≤100
109788797242679,The Patriot Circle,Kin Ngai Yeung,≤100
566008736785269,Be Heard Project,Be Heard Project,≤100
366351973736242,Red Rock Secured,Red Rock Secured,≤100
374848446414965,Pollking,Benjamin Aaron Perlman,≤100
1695950424027488,Andy Hallinan,Andrew Lawrence Hallinan,≤100
8934429638,Planned Parenthood Action,Planned Parenthood Votes,≤100
673117639774135,Gretchen Whitmer,Gretchen Whitmer for Governor,≤100
163302087408673,Stop The Donald,Stop the Donald,≤100
25121889784,Texas Public Policy Foundation,Texas Public Policy Foundation,≤100
172298889630363,Republican Attorneys General Association,REPUBLICAN ATTORNEYS GENERAL ASSOCIATION,≤100
102434014670972,Tony Clayton for District Attorney,Tony Clayton Campaign,≤100
106003594486756,Standing Up Together,Annie Wang,≤100
1708467695859543,Veteran Transition Mission,Sonia Ivelisse Barriera Ayala,≤100
105433064492153,The Return 2020,The Return International,≤100
109111900634787,Reverend Raphael Warnock,WARNOCK FOR GEORGIA,≤100
186932688457686,CHNGE,CHNGE,≤100
129523843754764,Vote Smart,PROJECT VOTE SMART,≤100
231518367314146,Kim Olson for Congress,KIMFORCONGRESS,≤100
1636216106590985,Josh Hawley,JOSH HAWLEY FOR SENATE,≤100
102756811269921,Fellow Americans,Fellow Americans,≤100
213289449057297,THE HILLS BOYS,Oscar Hills,≤100
275908853303174,Pro-Israel America,Pro-Israel America United,≤100
140877979844,American Gas Association,AMERICAN GAS ASSOCIATION,≤100
464106427322973,B'own Black Owned,B'own Company Inc.,≤100
399067003454888,Sudan Relief Fund,Sudan Relief Fund Inc,≤100
58158120046,ACLJ,American Center for Law and Justice,≤100
393076844046051,Progressive Caucus,CONGRESSIONAL PROGRESSIVE CAUCUS PAC,≤100
336470580233523,Pins and Aces Golf Co.,US Craft Brands LLC,≤100
331037760381749,Sierra Magazine,SIERRA CLUB,≤100
313097997669,StreetLightUSA,StreetLightUSA,≤100
13063797831,Ben Ray Luján,PEOPLE FOR BEN,≤100
104051398040027,CCW Online Now_,Concealed Country,≤100
394817334402124,2020 Trump Bill,Innovative Ecomm LLC,≤100
90498769709,Edenpure,EdenPURE®,≤100
712636525519487,Politisigns,"Politisigns, LLC",≤100
112735922758892,Charlie Kirk,Charlie Kirk,≤100
106425730874644,Ruby Powell-Dennis for Tennessee,Citizens For Ruby Powell-Dennis,≤100
140357056032320,NEA Today,National Education Association,≤100
202286639832171,Dr. Robert Jeffress,FIRST BAPTIST CHURCH DALLAS,≤100
292351509697,Jerusalem Prayer Team,Jerusalem Prayer Team,≤100
143986912311328,University of Vermont Continuing and Distance Education,University of Vermont,≤100
1667892193505378,Hold the House,HOLD THE HOUSE PAC,≤100
1438882392887793,ADF Church Alliance,Alliance Defending Freedom,≤100
525171637666780,Sandy Piña California Delegate,RCR,≤100
265045056894488,Mark Meckler,Convention of States Action,≤100
111772843789224,HURD PAC,HAVING UNWAVERING RESOLVE AND DETERMINATION PAC,≤100
105610970947657,MY 2A GEAR,Leon Mckensizy Dunn,≤100
119006106155684,PI Energy,Andrew P Chung,≤100
101209614956892,Take A Stand,Andrew Joseph Young,≤100
356482637745012,Stansberry Research,Stansberry Research,≤100
19746387261,Humane Society International,Humane Society International,≤100
10150100007820094,Wendy Davis,WENDY DAVIS FOR CONGRESS,≤100
108897407546290,Right Wing,Right Wing,≤100
1658135304460341,MANG,MANG,≤100
7100914121,American Experience | PBS,WGBH EDUCATIONAL FOUNDATION,≤100
103493557901081,Ed Tarver,TARVER FOR SENATE,≤100
168876449866088,The Years Project,The Years Project,≤100
106402714456835,Trees 4 Australia,Trees4Australia,≤100
152264148166020,Moms Clean Air Force,Moms Clean Air Force,≤100
105331754570572,Presidents Mint,Kevin Ross Santiago,≤100
145973965440671,Carnegie Corporation of New York,CARNEGIE CORPORATION OF NEW YORK,≤100
856086028066485,Persona,"Persona Media, Inc.",≤100
262536810935097,Housing Is A Human Right,AIDS HEALTHCARE FOUNDATION,≤100
601108943431836,The Flip Side,TFS Inc,≤100
101442908124605,Liberty Surveys,Liberty Surveys,≤100
118714808054,Mi Familia Vota,Mi Familia Vota,≤100
101329438317952,Story Network Action,Story Network Foundation,≤100
107210084216238,Humanity Forward,Humanity Forward,≤100
165566613453452,ERLC,ETHICS AND RELIGIOUS LIBERTY COMMISSION OF THE SOUTHERN BAPTIST,≤100
113313830408238,Drain The Swamp Collection,Drain The Swamp Collection,≤100
44705166993,Vote.org,Vote.Org,≤100
2401099560163263,VibeFront,VibeFront,≤100
291102898490822,Giant Maga Hat,Inventors club LLC,≤100
100123544800892,Disme Coin Company,Byron Michael Laughlin,≤100
279971855440789,"Galveston County, Texas",Galveston County,≤100
217976018236954,OutKick,Outkick Media LLC,≤100
61288747990,Real Warriors,Real Warriors Campaign,≤100
2295062210811244,Coalition for American Veterans,COALITION FOR AMERICAN VETERANS POLITICAL ACTION COMMITTEE,≤100
103730928025980,Safe and Sound In 2020,Kin Ngai Yeung,≤100
106114264313679,Hunt The Vote,"Hunter Nation, Inc.",≤100
102308404683617,Ryan Represents in New Orleans,Ryan Rafael Gomez,≤100
39432041915,Capital Research Center,CAPITAL RESEARCH CENTER INC,≤100
99237926163,Virginia Interfaith Center for Public Policy,VIRGINIA INTERFAITH CENTER FOR PUBLIC POLICY,≤100
979720542211350,Humanize Being Black,Keyshun Quantarious Holmes,≤100
43426724597,Paper Culture,Paper Culture LLC,≤100
102220118067962,Christine Harvey for OPDEC District B,Last Word Strategies,≤100
675471506247724,Adair for Congress,ADAIR FOR CONGRESS,≤100
102617961152741,Barbara Bollier,BOLLIER FOR KANSAS,≤100
1800072483402009,African Community & Conservation Foundation,African Community & Conservation Foundation,≤100
681626158940626,Mission Roll Call,Americas Warrior Partnership,≤100
357275101142388,Everglades-Trust,"EVERGLADES TRUST INC, THE",≤100
156542387845082,Louisiana Hospital Association,Louisiana Hospital Association,≤100
121626482110,Operation Smile,"OPERATION SMILE, INC.",≤100
455147011996099,The Ann and Phelim Scoop,The Unreported Story Society,≤100
107665644228467,Conservative Journal Review,Conservative Journal Review LLC,≤100
922580991129339,People's Mojahedin Organization of Iran - MEK IRAN,MEK-Iran (Saeid Saadati),≤100
1443127535947107,Save the Children Action Network,Save the Children Action Network,≤100
107953199261156,ifaw,"INTERNATIONAL FUND FOR ANIMAL WELFARE, INC.",≤100
51405613519,Focus on the Family,Focus on the Family,≤100
53727956260,Republican Jewish Coalition,Republican Jewish Coalition,≤100
74508408221,Dr. Joanne Bagshaw,"Joanne Bagshaw, PhD, LCPC",≤100
407664862957433,Ammar Campa-Najjar for Congress,AMMAR CAMPA-NAJJAR FOR CONGRESS,≤100
420424547981908,In Search of Liberty,Scott Dennis Welch,≤100
108729610677022,Friends of Aylin For Judge,Friends of Aylin Acikalin,≤100
210277954204,The Young Turks,"The Young Turks, Inc.",≤100
723136714746586,The Common Ground Project,"The Common Ground Project, Inc",≤100
227814397416402,Delia Garza,Delia Garza Campaign,≤100
105283560949571,Trump 2024 Film,2024 LLC,≤100
111970730196550,World War Zero,AMERICAN SECURITY PROJECT,≤100
166087830076297,WebPT,WebPT,≤100
656263988182462,Bill Hagerty,TEAM HAGERTY,≤100
1580455205581813,Justice Matters,"Justice Matters, INC.",≤100
896759427103774,Modern Medicaid Alliance,Modern Medicaid Alliance,≤100
100535808394168,Patriots For Freedom,I Love My Freedom,≤100
776264359372720,ConservativeModern.com,ConservativeModern.com,≤100
717417908274761,Lady Freethinker,Lady Freethinker,≤100
103867367990500,Joseph Orgeron for District 54 State Representative,Joseph Orgeron Committee,≤100
6820348410,Kirsten Gillibrand,Gillibrand for Senate,≤100
28446275521,Military Officers Association of America (MOAA),Military Officers Association of America,≤100
2339203789732156,Kim Mangone for Congress,COMMITTEE TO ELECT KIM MANGONE FOR CONGRESS,≤100
6422690687,Clearly Canadian,The Clearly Food & Beverage Company,≤100
462919913781311,Lake Area Industry Alliance,Lake Area Industry Alliance,≤100
102330281223041,Tradewater,"Tradewater, LLC",≤100
83865976093,Truthout,TRUTHOUT,≤100
178835922297833,American Clinical Laboratory Association,American Clinical Laboratory Association,≤100
59877921429,Lutheran Immigration and Refugee Service,"LUTHERAN IMMIGRATION AND REFUGEE SERVICE, INC.",≤100
105010030848236,Bryant Cameron Webb,DR. CAMERON WEBB FOR CONGRESS,≤100
1528498354074301,Punching Bag Media - Conservative News,Sean Michael Probber,≤100
114994916573293,CareForAllChildren,CareForAllChildren,≤100
103131054573692,Crawfordology,Crawfordology,≤100
124386427623018,PeaceBeWithU,"BN Media, LLC",≤100
44224524016,American Kidney Fund,"AMERICAN KIDNEY FUND, INC.",≤100
205395906412,UAW International Union,"INTERNATIONAL UNION, UNITED AUTOMOBILE, AEROSPACE AND AGRICULTURAL IMPLEMENT WORKERS OF AM",≤100
67626834312,National Women's Law Center,National Women's Law Center,≤100
166738743732702,All Above All Action,All Above All Action Fund,≤100
19420215926,CNSNews.com,MEDIA RESEARCH CENTER,≤100
573084822773932,Joe Perkins for Circuit Judge Campaign Committee,Joe Perkins for Circuit Judge Campaign Committee,≤100
109121033774781,El Independiente Online,Fausto Gamaliel Quintanilla,≤100
2283535575207809,Ditch Mitch,DITCH FUND,≤100
100184714677097,Election Year Knockout,Exceptionull Games,≤100
106868314285372,The Finance Kit,DYS Capital LLC,≤100
830890360316751,Nick Hanauer,Civic Action,≤100
6316744206,Jon Tester,MONTANANS FOR TESTER,≤100
8321461609,MomsRising.org,MomsRising Together,≤100
103376804451432,Trending Politics,Making Web LLC,≤100
160630887998827,Let Them Live,Let Them Live,≤100
54787697857,Ron Wyden,WYDEN FOR SENATE,≤100
108650237337016,Elizabeth "Betsy" Burdin Arabie-RPEC District 4,Merle Elizabeth Arabie,≤100
113553048669158,Rick Scott,TEAM RICK SCOTT,≤100
123963360928,SiriusXM,SIRIUS XM RADIO INC.,≤100
249455845761285,Lindsey Must Go,LMG PAC,≤100
102970113093477,Church Militant/St. Michael’s Media,Max Aldcander Douglas,≤100
1084856268238034,Trump Talking,Roberto None Lugo,≤100
952269798498571,Carmine Marceno for Lee County Sheriff,"Carmine Marceno, Republican for Lee County Sheriff",≤100
1099478666810053,Meals For Pets,Meals for Pets,≤100
100968598130407,Tax Support Center,Mercedes Lease,≤100
148731991811588,Baird,Robert W. Baird & Co. Incorporated,≤100
173837496125511,Conscious Step,Conscious Step,≤100
369214063089791,Lummis for Wyoming,LUMMIS FOR WYOMING INC.,≤100
125161609108,Charlie Stadtlander,Charles Randall Stadtlander,≤100
180207826090799,Tiffany D. Cross,Tiffany D. Cross,≤100
466608670177692,Jonathan M. Tallman,Jonathan Tallman For State Representative,≤100
1413682351987764,Andy Kim for Congress,Andy Kim for Congress,≤100
911829795826330,Mark Penn Polls,AIRSNEXT Media,≤100
115589465160388,Scribner Books,Simon and Schuster,≤100
127913103970095,C Club of Houston,The "C" Club of Houston,≤100
1833879943496521,Spread The Vote,Spread the Vote,≤100
110849485902,United Way,United Way Worldwide,≤100
113330620093147,Sunny for Congress,Suneetha Chaparala,≤100
173022979932125,Grassroots for Nick Freitas,PROTECT FREEDOM PAC,≤100
324119001078997,"Sanford Heisler Sharp, LLP","Sanford Heisler Sharp, LLP",≤100
102540204580217,UpNorthNews,Courier Newsroom,≤100
1861277354111578,Bizer & DeReus,Garret Scott Dereus,≤100
110773130329664,Lulu Seikaly for Congress,LULU FOR TEXAS,≤100
104881317722736,Get-It-Out,Matthew Justin Viles,≤100
203330919857759,All On The Line,National Redistricting Action Fund,≤100
103235554648484,Elect Scientists,314 ACTION FUND,≤100
149366465128820,Nicole Galloway,Nicole Galloway for Missouri,≤100
102303321149005,Accountable For Equality,Accountable for Equality,≤100
148485621883625,40 Days for Life,40 Days for Life,≤100
79820371749,Ayanna Pressley,THE COMMITTEE TO ELECT AYANNA PRESSLEY,≤100
785936231584382,Paula Jean Swearengin,Paula Jean for West Virginia,≤100
540707072979860,Brian Maryott,MARYOTT FOR CONGRESS,≤100
128591300513012,Senator Eddie Lucio,Senator Eddie Lucio Campaign,≤100
101208514791301,Daniel Turner,Power The Future Inc,≤100
106487520883333,Cardinal & Pine,Courier Newsroom,≤100
216705888361546,Elbert Lee Guillory,ELBERT GUILLORY'S AMERICA,≤100
136769859682655,Derek Schmidt,"Schmidt for Attorney General, Inc.",≤100
108066350761595,United Workers Party,United Workers' Party,≤100
175797376373,"WaterFurnace Geothermal Heating, Cooling & Hot Water","WATERFURNACE INTERNATIONAL, INC.",≤100
180815385284363,Organize Florida Education Fund,Florida Institute for Reform and Empowerment Inc DBA Organize Florida Education Fund,≤100
124626320898336,Catholic Extension,"CATHOLIC CHURCH EXTENSION SOCIETY OF THE UNITED STATES OF AMERICA, THE",≤100
19474609238,Mercatus Center at George Mason University,Mercatus Center at George Mason University,≤100
307943569254319,Florida Rights Restoration Coalition,Florida Rights Restoration Coalition,≤100
197760674021143,Indivisible Guide,INDIVISIBLE ACTION,≤100
100119981671668,Blue Senate,BLUE SENATE PAC,≤100
325578590837480,Obamacare,Sixteen Thirty Fund,≤100
104468401051980,Candance White for Judge 339th Criminal District Court,Candance White,≤100
13885075114,Action Against Hunger USA,ACTION AGAINST HUNGER - USA,≤100
1449461518652183,4Patriots,4Patriots LLC,≤100
1439364926329185,Animal Matters,Animal Matters,≤100
74783093812,Just Vision,JUST VISION INC,≤100
221401431386940,Pramila Jayapal,PRAMILA FOR CONGRESS,≤100
2259323457517498,Abolish the Electoral College,ABOLISH THE ELECTORAL COLLEGE,≤100
219247332354785,Phil Arballo for Congress,ARBALLO FOR CONGRESS,≤100
219224241438635,Compassion & Choices,COMPASSION & CHOICES,≤100
780606555331010,American Student Loan Advocate,ASLR Marketing,≤100
477131125780900,The War Horse,War Horse News,≤100
166166843531258,National Council of Resistance of Iran - شورای ملی مقاومت ایران,Vanessa Marie Macmillan,≤100
313779779310461,Diabetic Sock Club,Samantha Rees Ledford,≤100
1668350569891953,Rainbow Movement,William James Ulrich,≤100
112058837201547,Black Lives Matter Merch,Black Lives Matter Merch,≤100
879661055726728,Lights for Liberty,Lights for Liberty,≤100
34701792581,EWTN,Eternal Word Television Network,≤100
153278754738777,Climate Reality,The Climate Reality Project,≤100
424443217623488,Clarion Project,Clarion Project,≤100
873550809444862,Mighty Earth,Mighty Earth,≤100
105202730827149,Michael Moore for Commissioner,Michael Moore for Commissioner,≤100
124530924015,Hank Gilbert,HANK GILBERT FOR CONGRESS,≤100
344690446467832,The Copper Courier,Courier Newsroom,≤100
295533050495998,Abogado de Inmigracion Jorge Rivera - Immigration Group LLC,Michael A Castillo,≤100
1448590938597505,Rockin ND Ranch Gifts and More,Rockin ND Ranch,≤100
372082579523719,Rabbi Dr. Shmuly Yanklowitz,Rabbi Dr. Shmuly Yanklowitz,≤100
181183059253295,Dorsal Bracelets,Dorsal Bracelets,≤100
173470656019870,The Daily Yonder,Great Stories LLC,≤100
808450969246896,"Rebecca Walser, Tax Attorney, CFP",Walser Wealth Management,≤100
97493741436,John W. Hickenlooper,HICKENLOOPER FOR COLORADO,≤100
2049170775107862,Resistance By Design,Resistance By Design,≤100
181924628560212,SumOfUs,SumOfUs,≤100
444843026057642,Born From A Wave,Born From A Wave LLC,≤100
126817605260,Bold Type Books,"Hachette Book Group, Inc.",≤100
248468095247223,Rastaclat,Rastaclat,≤100
551158678560402,Epimonia,Epimonia LLC,≤100
114218040306362,TFN PAC,TFN PAC,≤100
106730327595680,Tongue N Cheek Apparel,Tongue N Cheek Apparel,≤100
62316799226,Pennsylvania Medical Society,Pennsylvania Medical Society,≤100
1613516851999536,Sunrise Movement,Sunrise,≤100
238008626268343,Israel365,Teach for Israel Inc,≤100
197669827395385,Connected Commerce Council,Connected Commerce Council,≤100
254943996005,Catholic Answers,"CATHOLIC ANSWERS, INC.",≤100
87777747127,Greg Palast,Palast Investigative Fund,≤100
872842866161157,One Nation Design,One Nation Design,≤100
514167322309353,Dan Crenshaw,Crenshaw For Congress,≤100
110089227413037,The Prepared Patriot,Edward Ha,≤100
763491940427547,Roque  "Rocky"  De La Fuente,Rocky 101 LLC,≤100
96171427550,Raja for Congress,FRIENDS OF RAJA FOR CONGRESS,≤100
102499901286348,Bold Vision P.C.,Bold Vision PC,≤100
313723095478950,The Daily Citizen,Focus on the Family,≤100
104505064408799,Cove USA,"Cove USA, LLC",≤100
1947525322184514,One Fair Wage,One Fair Wage,≤100
91223411833,Medical Teams International,Medical Teams International,≤100
221864958662809,Iron Sharpens Iron,Andre Toccarrio Ford,≤100
288110884600563,Lean In,"Sheryl Sandberg & Dave Goldberg Family Foundation d/b/a LeanIn.Org, LLC",≤100
953623958136043,FinalStraw,The Final Co. LLC,≤100
103017537991978,Replorables2020,Replorables2020,≤100
249813266826,Environment North Carolina,"Environment America Research and Policy Center, Inc.",≤100
379373892662119,Healthcare Advisor Group,Healthcare Advisors Group,≤100
1023698444330392,The Tylt,The Tylt,≤100
109866370700481,PushBlack Finance,PushBlack,≤100
93565224474,Mercy For Animals,MERCY FOR ANIMALS,≤100
1483387495243109,Eddie Howard,Eddie Joe Howard,≤100
2150424768307500,Houseboat Kings,Houseboat Kings,≤100
1086898888056156,Merissa Hamilton,Merissa Louise Hamilton,≤100
102139218008846,King Nation Apparel,King Nation Apparel,≤100
38882699096,Polaris,POLARIS PROJECT,≤100
276131699084792,YWAM Los Angeles,YWAM Los Angeles,≤100
139441926128681,New Saint Andrews College,New Saint Andrews College,≤100
1397799040234106,OpinionUP,OpinionUP LLC,≤100
278487153675,Redneck Nation Clothing,Tracie Milliron Gold,≤100
79801326619,Beau Ties Ltd. of Vermont,Beau Ties of Vermont,≤100
121750354532995,Yale Program on Climate Change Communication,Yale Program on Climate Change Communication,≤100
807413476285845,Prism,DAILY KOS EDUCATION FUND,≤100
1747132688647028,Democratic Association of Secretaries of State,Democratic Association of Secretaries of State,≤100
2338979479650120,Genevieve Collins for Congress,COLLINS FOR TEXAS,≤100
1107973016071967,Wesley Hunt,Hunt for Congress,≤100
100821338289859,Republicans For Integrity,Republicans For Integrity,≤100
111064770375439,MAMAGear,MAMA Gear,≤100
304062610300415,VozWire,Gregson E Mathe,≤100
111001597165583,Brandon Wilkinson for US Congress,Missouri for Brandon Wilkinson,≤100
160418807408255,TargetSmart,TargetSmart Communications,≤100
300341323465160,The Daily Signal,HERITAGE FOUNDATION (THE),≤100
181861021831773,2 Chainz,Street Execs,≤100
154510321337994,Chris Pappas for Congress,CHRIS PAPPAS FOR CONGRESS,≤100
346937065399354,Occupy Democrats,Omar Rivero,≤100
108906707265489,USA Pooch,"PRESIDENTIAL POOCH, INC",≤100
96159580682,Maine Democratic Party,MAINE DEMOCRATIC PARTY,≤100
1425435377743310,Conversations with Bill Kristol,The Foundation for Constitutional Government,≤100
286515034783600,Anchorlot,Anchorlot,≤100
8145161702,Lambda Legal,"LAMBDA LEGAL DEFENSE & EDUCATION FUND, INC.",≤100
108090464296366,Republican Patriots,I Love My Freedom,≤100
122773549121265,President Trump for Nobel Peace Prize 2020,Tarek None Kteleh,≤100
357844454633380,Dan Whitfield for Senate 2020,DANWHITCONGRESS,≤100
412739549455010,Karena Reiter,PrimaDonna Reeds,≤100
592074077639509,Donald Trump Is Our President,Power To The Publisher,≤100
1370474066365196,F1RST WARRIOR,First Warrior,≤100
105572541209658,Eliseo Santana,"Eliseo Santana, Democrat, for Pinellas County Sheriff",≤100
114008535880,Foundation for Individual Rights in Education,FOUNDATION FOR INDIVIDUAL RIGHTS IN EDUCATION,≤100
2017884721848472,Bokeki,Kimbereley Iris Goldstein,≤100
1576236875930301,Global Cyber Alliance,Global Cyber Alliance with ad credits,≤100
24470472733,The Trevor Project,The Trevor Project,≤100
157424581125374,Jacey Jetton for State Rep,Jacey Jetton Campaign,≤100
377392172830318,Representative Ross Spano,Office of Representative Ross Spano,≤100
102175879855284,Harper Perennial,HARPERCOLLINS PUBLISHERS L.L.C.,≤100
334925200513155,Justin Berry for Texas HD 47,Justin Berry For Texas House,≤100
24413227922,Kamala Harris,FEARLESS FOR THE PEOPLE PAC,≤100
467503009987109,"Healthy Forests, Healthy Communities","Healthy Forests, Healthy Communities",≤100
51560645913,The Patriot Post,The Patriot Post,≤100
718475924980443,Amsterdam & Partners LLP,Amsterdam & Partners LLP,≤100
122682971248116,Joe Lockett Show,Joe Albert Lockett,≤100
161879897191723,EarthX,EarthX,≤100
135403221037,City Journal,City Journal,≤100
680549575421741,UnitedVoice.com,"Beachside Media, Inc.",≤100
447484109420511,Taylorfor2021,Taylor 2021,≤100
693338200702307,Michelle Ugenti-Rita,Ugenti-Rita for Senate,≤100
312066286397519,Manning Asylum Law,Manning Asylum Law,≤100
97624620788,American Friends of Magen David Adom,AMERICAN FRIENDS OF MAGEN DAVID ADOM,≤100
6334782252,Oceana,OCEANA,≤100
285524032277725,COOL Church,COOL Church,≤100
214002058736436,Unite America,UNITE AMERICA,≤100
101352851565699,Somos PAC,SOMOS PAC,≤100
543066585882629,Libertarian Country,Libertarian Country,≤100
70090474914,American Farmland Trust,"AMERICAN FARMLAND TRUST, INC",≤100
940653386126953,StandingWithYou.org,Standingwithyou.org,≤100
53541257714,The Arc of the United States,"ARC OF THE UNITED STATES, INC., THE",≤100
101041998305221,The Proud Republicans,Great American Era LLC,≤100
18017481462,Acton Institute,Acton Institute,≤100
1166660030079480,National Democratic Redistricting Committee,National Democratic Redistricting Committee,≤100
299295363912730,New Politics Leadership Academy,New Politics Leadership Academy,≤100
267106057519444,Bllack Lives Matter,Black Lives Matter,≤100
55708608675,RAND Corporation,"RAND CORPORATION, THE",≤100
1640970822834351,Plaine Products,Plaine Products,≤100
721000238103165,Eric Early,ERIC EARLY FOR CONGRESS,≤100
111151490241542,Pollemix,Pollemix,≤100
262610761306,Counterpoint Press,Counterpoint Press,≤100
433364950062784,Power Over Energy,Power Over Energy,≤100
28510612138,Uncommon Knowledge,Hoover Institution,≤100
1683659714985244,Phil Ehr,EHR FOR CONGRESS,≤100
239658882763974,Poverty USA by CCHD,UNITED STATES CONFERENCE OF CATHOLIC BISHOPS,≤100
121067011091,Arab American Institute,Arab American Institute Foundation,≤100
103150364587807,Gun Owners Care,National Shooting Sports Foundation,≤100
1675630946095534,Franciscan Missions,Franciscan Missions,≤100
1784991421516214,Seek Refuge,Seek Refuge,≤100
279256605891946,CalmEffect,"Balance Marketing Group, LLC",≤100
1774166319503581,Strong Women Society,Christopher John Smith,≤100
2317264024972785,American Populists,The New American Populist,≤100
174046949421616,Phenomenal Woman Action Campaign,Phenomenal Woman Action Campaign,≤100
23362993101,Center for Immigration Studies,CENTER FOR IMMIGRATION STUDIES,≤100
1809715209318581,Marjorie Taylor Greene for Congress,GREENE FOR CONGRESS,≤100
723113964421686,Justice for Christian Griggs,Dollie Sturdivant Griggs,≤100
458142697588014,AARP Public Policy Institute,AARP,≤100
102059261586782,Kanye West 2020,These ads ran without a disclaimer,≤100
1507689979455306,American Bail Coalition,American Bail Coalition,≤100
105943157686335,Trust Michigan Families,TRUST MICHIGAN FAMILIES,≤100
102512224765633,PeeLitical Trump Target,Pee-Litical Targets,≤100
6165653060,AFSCME,AMERICAN FEDERATION OF STATE COUNTY & MUNICIPAL EMPLOYEES,≤100
28144169620,Alliance for Aging Research,Alliance for Aging Research,≤100
361224947290747,Together for Girls,"TOGETHER FOR GIRLS, INC.",≤100
260713150211,Protect Our Winters,Protect Our Winters,≤100
114367169942433,Illinois Real ID,Illinois Real ID,≤100
102827188107972,Anchor Out,These ads ran without a disclaimer,≤100
107937014153581,Energized Health,John Jubilee Transformation LLC DBA Energized Health,≤100
615854911830541,Shore Buddies,Malte Niebelschetz,≤100
118144946259472,Marcus Chambers for Superintendent,Marcus D Chambers For Superintendent of Schools Campaign,≤100
102389457864860,Treehuggers Bracelets,ECOMX LLC,≤100
164513254148611,America's Voice News,Barbara Jean Lawrence,≤100
905347056195988,Clean Vehicle Rebate Project,Clean Vehicle Rebate Project [Administered by the Center for Sustainable Energy],≤100
227535924071462,Animal Petitions,AnimalPetitions.org,≤100
111753503664494,Lee Haywood for Congress- Lee for NC,LEE HAYWOOD FOR CONGRESS COMMITTEE,≤100
90710744308,The Steamboat Institute,The Steamboat Institute,≤100
394582097543668,"I, Pastafari Documentary","I, Pastafari Documentary",≤100
622644971176455,Pravda Media,Jacob Fredrick Pointon,≤100
288452868709310,Smart City Expo Atlanta,Smart City Expo Atlanta,≤100
103903914570915,Pro2a,Delta Team Marketing,≤100
243947752771440,TJ Cox for Congress,TJ COX FOR CONGRESS,≤100
9486905778,Marc Broussard,Marc Broussard,≤100
110987110398146,Make Liberty Win PAC,MAKE LIBERTY WIN,≤100
100781605034049,Trump 2020 Team,Jordan Ray Riddle,≤100
17203056985,Partners In Health,Partners In Health,≤100
2476697005733769,Nations' 9th of Av,Nations 9th of Av,≤100
2336022790003836,Patients + Providers United,Patients and Providers United,≤100
342006339184405,National Children's Alliance,NATIONAL CHILDRENS ALLIANCE INC,≤100
592347634460462,Partnership for America's Health Care Future,Partnership for America's Health Care Future,≤100
273474675643,HealthCareWithoutHarm,HEALTH CARE WITHOUT HARM,≤100
241869749851122,Parents Against Vaping e-cigs,Steven Koester,≤100
1945237355733646,Giving Brush,Giving Brush LLC,≤100
145022042990911,MEK Iran,MEK-Iran (Saeid Saadati),≤100
123651254408327,Sokolove Law,"Sokolove Law, LLC",≤100
1962432260715827,Kindhumans,Kindhumans,≤100
130945114804,World Jewish Congress,WORLD JEWISH CONGRESS AMERICAN SECTION INC,≤100
112442437191294,National Anti-Racism Teach-In,National Anti-Racism Teach-In,≤100
30708742052,FCTRY,FCTRY,≤100
2279710945611409,Raw Topic,Hamin Malik Phillips,≤100
438678183588710,Ihssane For Congress,IHSSANE FOR CONGRESS,≤100
333867507552536,Trumped Hats,"Trumped Hats, LLC",≤100
322870825821,Macmillan Audio,"HOLTZBRINCK PUBLISHERS, LLC",≤100
158734417875178,RC Thomas Company,RC Thomas,≤100
78420171887,Sailors for the Sea,SAILORS FOR THE SEAINC,≤100
201248453800242,My Pay My Say,Mackinac Center for Public Policy,≤100
110110457321181,PodsPlan,These ads ran without a disclaimer,≤100
105222917615301,Jen Richardson for Congress,CITIZENS FOR JEN RICHARDSON,≤100
399060493533519,The Justice Foundation,JUSTICE FOUNDATION,≤100
104243792943104,Saybrook University,TCS Education System,≤100
129014217147120,Lark Health,These ads ran without a disclaimer,≤100
354329797956187,The Catholic Association,"The Catholic Association, Inc",≤100
131385910227393,Catholic Mobilizing Network,CATHOLIC MOBILIZING NETWORK,≤100
110670127380554,Concealed USA,Priscilla Bethany Kennedy,≤100
39910576365,National Alliance for Public Charter Schools,NATIONAL ALLIANCE FOR PUBLIC CHARTER SCHOOLS,≤100
170648242970801,Freedom Socialist Party - Bay Area,Freedom Socialist Party - Bay Area,≤100
737686089933715,Conservative Collections,Mainline Media Group,≤100
161186620643972,American Institute for Economic Research,AMERICAN INSTITUTE FOR ECONOMIC RESEARCH,≤100
103653994359958,Harvard Forward,The Boarding School,≤100
1349959211730539,Raji Thomaz,Jair Raji Thomaz,≤100
106333028376,"Nichols Kaster, PLLP",Nichols Kaster PLLP,≤100
1426633334258286,Mary's House Pregnancy Care Center,MARYS HOUSE OF LOUISIANA INC,≤100
130268756992804,Yale Climate Connections,Yale Climate Connections,≤100
153477451455783,The Optimist Daily,"The Optimist Publications, LLC",≤100
892073290905914,Medication Access Pennsylvania,Medication Access PA,≤100
103851564652,Waterkeeper Alliance,WATERKEEPER ALLIANCE INC,≤100
107038924352529,Big Money Mark Kelly,NRSC,≤100
747436915270894,Congressional Leadership Fund,CONGRESSIONAL LEADERSHIP FUND,≤100
505653766599222,America First with Dr. Sebastian Gorka,Salem Media,≤100
290337437800395,Patrick Morales,Vote Morales 2020,≤100
221631014637468,Look Human,"Print Syndicate, Inc.",≤100
109379393894282,Keep Texas Moving,TEXAS ASSOCIATION OF BUSINESS,≤100
242845139551348,GVPedia,GVPEDIA INC,≤100
51949171587,Cross International,"CROSS INTERNATIONAL, INC.",≤100
1709145412721991,The Center for Growth and Opportunity at Utah State University,The Center for Growth and Opportunity,≤100
316498251698370,Adam Gray for Assembly,Gray for Assembly 2020,≤100
182079698493370,Portside,Portside,≤100
108565480734473,Walter Ritte for House,Ritte for House,≤100
1634651343331439,Project Wren,Landon Brand,≤100
720943967965149,AFSCME Retirees,AMERICAN FEDERATION OF STATE COUNTY & MUNICIPAL EMPLOYEES,≤100
139398939438430,Left Action,Left Action LLC,≤100
407031276454095,The Donald Stuff,Daniel Joseph Bender,≤100
624113997772825,North Dakotans for Comprehensive Energy Solutions,Americans for Comprehensive Energy Solutions,≤100
106798831019176,"Make America Intimate Again, LLC","Make America Intimate Again, LLC",≤100
305894606423160,ParentsTogether,ParentsTogether,≤100
1807181726160635,Noble Energy,"NOBLE ENERGY, INC.",≤100
302612457071883,Moving It Right,Richard P Ashton,≤100
104158171339370,Jeffrey  Lunde for Hennepin County Commissioner,Lunde for Commissioner,≤100
101042758281184,Reading On the Right,Macmillan Publishing,≤100
43821078871,Transport Workers Union (TWU),Transport Workers Union of America,≤100
2123425971065747,Sora Schools,Indra Putra Sofian,≤100
1518297238457643,Jeremiah Johnson Ministries,Jeremiah Johnson Ministries,≤100
734911883307392,Idaho Freedom Action,Idaho Freedom Action,≤100
107229100853278,Don Morris for Vigo County Council at Large,Donald Wayne Morris,≤100
113335773562471,President Trump For Re-Election,Great American Era,≤100
97466887664,Innocence Project,"INNOCENCE PROJECT, INC., THE",≤100
2707134102637529,Rep. Josh Harder,Congressman Josh Harder,≤100
8002590959,Rainforest Action Network,RAINFOREST ACTION NETWORK,≤100
109678580574253,Politicool Clothing Co.,PolitiCoolClothing.com,≤100
7735858972,Humane Society Legislative Fund,Humane Society Legislative Fund,≤100
241247646424302,Jahana Hayes,FRIENDS OF JAHANA HAYES,≤100
135500133147357,ProEnglish,US INC,≤100
635850443292528,Nasty Woman Coloring,Nasty Woman Coloring,≤100
2140339289356027,Dr. Pritesh Gandhi for Congress,GANDHI FOR TEXAS,≤100
211049239087028,Association of Young Americans,Benjamin J Brown,≤100
64206021703,National Committee to Preserve Social Security and Medicare,NATIONAL COMMITTE TO PRESERVE SOCIAL SECURITY AND MEDICARE,≤100
114971076538782,The Keystone,Courier Newsroom,≤100
7642602143,Mother Jones,FOUNDATION FOR NATIONAL PROGRESS,≤100
107569650978840,Sanall,Sanall,≤100
80668957414,GoSili,SiliKids Inc.,≤100
169204449790211,Conservative News Today,"BizPac Review, Inc.",≤100
342572083072872,strongblackwomanllc,These ads ran without a disclaimer,≤100
11911627997,Pancreatic Cancer Action Network,"PANCREATIC CANCER ACTION NETWORK, INC.",≤100
660064074075637,Rabbi David-Seth Kirshner,Davidseth M Kirshner,≤100
336440323158789,Jack Burkman Radio,Jack Burkman Radio,≤100
104448197969846,Sound Of Life,These ads ran without a disclaimer,≤100
104684067632334,Unite the Country,UNITE THE COUNTRY,≤100
104038541334426,BailoutWatch,Elisabeth Marie Soto,≤100
26668999076,The Cato Institute,"CATO INSTITUTE, INC.",≤100
1955953381348064,State Representative Trent Ashby,Texans for Trent Ashby,≤100
173032699386730,The Penny Hoarder,Kyle Bradley Taylor,≤100
103646064618386,The Judge Show - James Judge,James Patrick Judge Jr.,≤100
47710973068,Cooperative Action Network,National Rural Electric Cooperatives Association,≤100
243498882520314,FoodFinder,"FOODFINDER, INC.",≤100
156994304362574,American Bridge 21st Century,AB PAC,≤100
307883109694217,Detour Detroit,Detour Media LLC,≤100
102790838150379,Shout Black,Amelia Jo Gamel,≤100
1015449978587077,Alliance for Youth Action,The Alliance For Youth Action,≤100
222745994575140,Project ChildSafe,"NATIONAL SHOOTING SPORTS FOUNDATION, INC.",≤100
111581113532778,Voter Choice for Massachusetts,Ranked Choice Voting 2020 Committee,≤100
125937197447634,ACTA - American Council of Trustees and Alumni,AMERICAN COUNCIL OF TRUSTEES AND ALUMNI,≤100
122078989186040,The Capitalist Manifesto,William R Collier,≤100
110010433804232,Falkirk Center,Falkirk Center,≤100
105561217523274,The_Dispatch,"Dispatch Media, Inc.",≤100
248306181862385,Live Lokai,Denise L Reina,≤100
107844824322712,Finish the Ballot - Prosper,Economic Growth Committee,≤100
341513602902369,CALL TO ACTIVISM,CALL TO ACTIVISM,≤100
243362776583569,Air Mail,Air Mail,≤100
207549645977714,Families Belong Together,Families Belong Together,≤100
333081284065216,Brynne Kennedy for Congress,BRYNNE KENNEDY FOR CONGRESS,≤100
105098441251783,AGAFA,A Greater America For All,≤100
497348647140658,Point Source Youth,Point Source Youth,≤100
21455818797,Feed the Children,"FEED THE CHILDREN, INC.",≤100
329144900480983,412 Church Murrieta,412 Church Murrieta,≤100
106109400756028,Trap - Talking Race and Politics in Cars,Rhetta Daladier Peoples,≤100
1050320055029012,Outrider Foundation,OUTRIDER FOUNDATION,≤100
1511412998966651,Altamar with Peter Schechter and Muni Jensen,Altamar LLC,≤100
1687960061501058,"MinistryIsMe Ministries, LLC",Tiffany R Wood,≤100
320487991392267,Yellow River Calls,Justin Matthew Rosso,≤100
104667417857551,United Association LLC,United Association LLC,≤100
582293558518300,Abby Broyles,ABBY BROYLES FOR US SENATE,≤100
110316697328742,People of Seniors Housing,People of Seniors Housing,≤100
180230069923,American Life League,American Life League,≤100
123624513983,The Western Journal,The Western Journal,≤100
541807025833154,Malala Fund,Malala Fund,≤100
339432396135584,The Exodus Road,EXODUS ROAD INC,≤100
154093331440420,Richard Perque,LAW OFFICES OF RICHARD G. PERQUE,≤100
104679177804089,45 Changes Lives,PKA Karate Academy Inc,≤100
110125904070783,Super Top Shelf,Super Top Shelf LLC,≤100
344346245749372,Shore Trendz,RHW.COM LLC/DBA Shore Trendz,≤100
111237577031486,AquiPor Technologies,William Powers,≤100
987698164585861,Citizen Ed,Citizen Education,≤100
131306317680000,Social Goods,"Social Goods, LLC",≤100
100318944827269,Amy Kennedy,AMY KENNEDY FOR CONGRESS,≤100
2062801664046032,WalkAway Foundation,WalkAway Foundation,≤100
12683623041,Society for Human Resource Management (SHRM),SOCIETY FOR HUMAN RESOURCE MANAGEMENT,≤100
59543893235,National Constitution Center,National Constitution Center,≤100
809045919469761,Wallace Global Fund,Kindred Case Motes,≤100
356419611427623,Jemar Tisby,Zondervan,≤100
105287044367027,ObsessedwithTrump,Donald Lee Rowan,≤100
127335473965761,Recycle Cartons,"Carton Council of North America, Inc.",≤100
102665201399226,Current Science Daily,Metric Media LLC,≤100
857314914350139,Black Lives Matter Lansing,Black Lives Matter Lansing,≤100
49525046576,Texas Equal Access Fund - TEA Fund,National Network of Abortion Funds dba Texas Equal Access Fund,≤100
55549065733,Voto Latino,Voto Latino with Facebook Ad Credits,≤100
11111618026,Union of Concerned Scientists,"UNION OF CONCERNED SCIENTISTS, INC.",≤100
26006662641,Arizona Democratic Party,Arizona Democratic Party,≤100
210357995667559,The National Memo,The National Memo,≤100
228025664576921,Boss Betty News,Heather Elizabeth Grossmann,≤100
916908791847627,Prosperity Michigan,Prosperity Michigan,≤100
205795426669644,Facts and Logic about the Middle East,Facts and Logic About the Middle East,≤100
1945837408977507,Michael Moates,-MICHAEL STEVEN MOATES,≤100
115274996516355,My Black Counts,My Black Counts,≤100
119891055362589,"Lira Bravo & Martinez Arroyo, PLLC",LIRA BRAVO & MARTINEZ ARROYO PLLC,≤100
1202514329820178,Don Blankenship,Don Blankenship,≤100
100543701730020,Against Hate at FSU,Against Hate at FSU,≤100
101127364972509,Dems For USA,Dems For USA,≤100
195704103779569,Savage Outdoors & The One,Amanda Harris Lee,≤100
356501381631264,Jerusalem Post,Diane Elise Haner,≤100
103617578071596,Anti-racism campaign,Jason Charles King,≤100
115757826468774,Statsigo,Statsigo,≤100
1189321434561854,Vote Ranjeev for Rep,Friends of Ranjeev Puri,≤100
99753625313,Jewish Currents,Jewish Currents,≤100
207752549279845,Refugee Council USA,"CHURCH WORLD SERVICE, INC.",≤100
187809941803009,IVYPAC,IVYPAC,≤100
212364922245261,Adam Smith Society,The Adam Smith Society,≤100
90022052772,Williams,"WILLIAMS COMPANIES, INC., THE",≤100
2223151871134889,Trump45Merch,Thomas Charles Granack,≤100
100421958357393,PodTv Network,PodTv Network,≤100
336848256815114,Eyeless on Campus,reconpresseusa,≤100
103191431299152,Samba for State Assembly,Samba for state assembly,≤100
1612726335627171,We the Internet TV,We the Internet TV,≤100
291260461373618,News and News,News and News,≤100
151577215422581,Zioness Movement,"Zioness Movement, Inc.",≤100
259343267436363,Representative Ed Thompson,Friends of Ed Thompson,≤100
103316901311254,Williamson County 2020 Census Complete Count Committee,Justin Adam Staples,≤100
294021837428958,Free the Pill,IBIS REPRODUCTIVE HEALTH,≤100
89324781720,Pat Toomey,Friends of Pat Toomey,≤100
1448984361857166,Florida Federation for Children PAC,Florida Federation for Children,≤100
104952231285892,Marc Falzon,Marc A Falzon,≤100
101164484986617,To Be Frank Show,Real News PR,≤100
1764185850558806,Apex Clean Energy,Apex Clean Energy,≤100
18813753280,Human Rights Campaign,Human Rights Campaign Foundation,≤100
279846350948,St. Labre Indian School,St. Labre Indian School,≤100
911845658833043,I Am An Immigrant,FWD.us Education Fund,≤100
1452551204988299,GoReact,Speakworks Inc,≤100
33860907121,FunTimes Magazine,"FUNTIMES MAGAZINE, LLC",≤100
665751070556235,Captain Holland Jones - A Career Public Servant,Holland Jones Democratic-Campaign,≤100
427343180625328,Big Tim,Timothy Leon Chandler,≤100
417542331752173,Message,These ads ran without a disclaimer,≤100
577214555786847,Lessons from Military History,Hoover Institution,≤100
1205124206245013,Movement for a People's Party,People for a Working Democracy,≤100
109267407229927,ZIPO: Zero Interest Principal Only,ZIPO Inc,≤100
108777231824,Manhattan Institute for Policy Research,MANHATTAN INSTITUTE FOR POLICY RESEARCH INC,≤100
343797239019283,The Devils River Conservancy,DEVILS RIVER CONSERVANCY,≤100
38897314734,The Trust for Public Land,"TRUST FOR PUBLIC LAND, THE",≤100
102413723172970,Nick Adams,Nick Adams,≤100
105698674239617,Embed News,Embed News,≤100
1393911800825140,OZY,OZY Media Inc,≤100
221690171353068,Jay Obernolte,JAY OBERNOLTE FOR CONGRESS 2020,≤100
219242560293,Meals on Wheels America,Meals on Wheels,≤100
111941237005726,Just The News,Just the News,≤100
317667194946264,Ro Khanna,RO FOR CONGRESS INC,≤100
32802178807,Homes For Our Troops,Homes For Our Troops,≤100
502320477205654,I’m Bout Making My Ancestors Proud,Heritage Hill LLC,≤100
175490763635,Artists United For Social Justice,Artists United for Social Justice,≤100
341240953385902,Force Of Nature Meats,Force of Nature,≤100
1003562459729504,Transportation Nation Network,Transportation Nation Network,≤100
7209432197,Chris Coons,CHRIS COONS FOR DELAWARE,≤100
384676381708957,Education NC,Education NC,≤100
114066205306277,Franciscan Friars of the Atonement,Franciscan Friars of the Atonement,≤100
103711654664084,Melvin Kindall Myles,Melvin Kindall Myles,≤100
698400060189827,Dan Sullivan,Alaskans for Sullivan,≤100
300748678230,Tennessee Department of Economic and Community Development,Tennessee Department of Economic and Community Development,≤100
111648480319494,800DEMOCRAT,800DEMOCRAT,≤100
232264683462806,"Arc Manor, LLC",ARC MANOR LLC,≤100
180207826090799,Tiffany D. Cross,HARPERCOLLINS PUBLISHERS L.L.C.,≤100
76523801829,the Christian Century,CHRISTIAN CENTURY,≤100
6713653788,Gary Peters,PETERS FOR MICHIGAN,≤100
150681061641282,Tri-State G&T,Tri-State Generation Transmission Association Inc,≤100
1755810367986271,Eurasia Group Foundation,Eurasia Group Foundation,≤100
1086209354874961,Resilience Force,"NEO PHILANTHROPY, INC.",≤100
511235549007985,PRJKT RUBY,PRJKT RUBY,≤100
112475783730246,Defeat Disinfo,DEFEAT DISINFO PAC,≤100
110759237264253,Respi-Safe.US,Respi-Safe LLC,≤100
570076036507825,Peripheral Vision,Peripheral Vision,≤100
376044452473138,Acronym TV,Dennis Gerard Trainor,≤100
103837514635067,Betterway Campaign,WAYMAKERS,≤100
156919911022572,Steven Horsford,NEVADANS FOR STEVEN HORSFORD,≤100
234738100558334,Unidoni Great Gifts for Your Family,Tien Huynh,≤100
2462191704005828,Rainey Center,The Joseph Rainey Center for Public Policy,≤100
657708380952174,Voices of the Civil Rights Movement,Comcast,≤100
108600817564414,Dupaloo News,Eric Brian Rosenberg,≤100
107654244332660,Back BLM,Back BLM,≤100
106883907479649,HUPAC - Health Underwriters Political Action Committee,NATIONAL ASSOCIATION OF HEALTH UNDERWRITERS PAC (HUPAC),≤100
101788601255619,Mark Sidney,Power To The Publisher,≤100
1654364364841305,Volinsky for New Hampshire,Volinsky for New Hampshire,≤100
499379343409991,Impact Fund,"IMPACT FUND, THE",≤100
129921337078906,YallPolitics,"Jackson New Media, Inc.",≤100
1458031494244160,Vote Our Voice,"VoteOurVoice, Inc.",≤100
919560161507495,Miles4Migrants,Miles4Migrants,≤100
157307331013957,The History List,The History List,≤100