﻿Page ID,Page Name,Disclaimer,Amount Spent (USD)﻿
45393753416,Alliance Defending Freedom,Alliance Defending Freedom,≤100
104435694514313,Military Benefits USA,One Dollar Smarter,≤100
159616034235,Walmart,WALMART INC.,≤100
105060269781,Premiere Collectibles,"Premiere Marketing, Inc.",≤100
373814729643508,Let America Vote,LET AMERICA VOTE PAC,≤100
1211384992297760,Butter Boys,These ads ran without a disclaimer,≤100
169277310432049,"Texas Precision Optics, Inc.",Texas Precision Optics Inc,≤100
109968057082674,Dr. Nancy Lawther,"Dr. Nancy Lawther, Non-Partisan, for Miami-Dade School Board District 9",≤100
187809941803009,IVYPAC,IVYPAC,≤100
7209432197,Chris Coons,CHRIS COONS FOR DELAWARE,≤100
235044373216552,National Purple Heart Honor Mission,National Purple Heart Honor Mission,≤100
96159580682,Maine Democratic Party,MAINE DEMOCRATIC PARTY,178
356482637745012,Stansberry Research,These ads ran without a disclaimer,≤100
109092142462587,Adam Schiff,SCHIFF FOR CONGRESS,≤100
288406722101002,Jorge for GA,"Jorge Granados for Georgia, LLC",≤100
482100658584410,We Stand For Energy,Edison Electric Institute,≤100
120778038066631,EveryLibrary,EveryLibrary,≤100
23790541544,Democrats,DCCC,≤100
107291750775792,The 100 Million,Knight Foundation,≤100
502969216761221,Common Sense Civics and Citizenship,Candace Donnelly,≤100
260754507296508,The Voter Participation Center,Voter Participation Center,≤100
41182871633,National Museum of American Jewish History,National Museum of American Jewish History,≤100
56661991371,Woods Hole Oceanographic Institution (WHOI),Woods Hole Oceanographic Institution,≤100
493747700758477,Airbnb Citizen,"AIRBNB, INC.",≤100
467503009987109,"Healthy Forests, Healthy Communities","Healthy Forests, Healthy Communities",≤100
580610428636345,Fight for $15,Fight for $15,267
102123058009298,Tips For Cleaning Your Car,Cornelia Lanisha Holston,≤100
37892661587,JDC,JDC,≤100
83960796709,Institute for Southern Studies,INSTITUTE FOR SOUTHERN STUDIES INC,≤100
256329137824034,KLASS Cosmetics,These ads ran without a disclaimer,≤100
104796740879587,theobamachicksbook,Pamela Jasper,≤100
129159563777523,Conservancy of Southwest Florida,ST OF FL CONSERVANCY OF S,≤100
1320840104644018,InfoMullet.com,Timothy Burke Clancy,≤100
304062610300415,VozWire,Gregson E Mathe,≤100
114371076772585,Andrew Garbarino for Congress,GARBARINO FOR CONGRESS,≤100
154042404618678,Nutty Steph's,Rabble-Rouser Chocolate & Craft Co.,≤100
286748854812803,Queen City Fab,Joshua S Highley,≤100
105436054417102,Integral Health,These ads ran without a disclaimer,≤100
129278807814364,Welcome.,Welcome.,≤100
1086042774800835,Cumberland County Soil & Water Conservation District,Cumberland County Soil & Water Conservation District,≤100
154471447959196,Institute for Veterans and Military Families - IVMF,Institute for Veterans and Military Families,≤100
971463449533074,Nate McMurray for Congress,NATE MCMURRAY FOR CONGRESS,≤100
13649914583,Equality Now,"EQUALITY NOW, INC.",≤100
113460456730293,Ben Salango,Ben Salango for West Virginia,≤100
42940254353,Human Rights Watch,"HUMAN RIGHTS WATCH, INC.",≤100
1210101199161467,Real Maine Facts,Samuel I Katz,166
274597959396166,Docs 4 Patient Care Foundation,Docs 4 Patient Care Foundation,≤100
133666160060982,Senate Majority PAC,SMP,783
58158120046,ACLJ,American Center for Law and Justice,≤100
1529468987331408,BulbHead,TELEBRANDS CORP.,≤100
130467958471,Jason Lewis,Jason Lewis for Senate,≤100
268311603350722,The American Independent,The American Independent,≤100
1545826148838592,Trump 2020,Gregory Lawrence Burright,≤100
105428794198107,Dale Crafts,Dale Crafts for Congress,≤100
160630887998827,Let Them Live,Let Them Live,≤100
101624321445953,Garrett Blad for State Rep,Blad for Indiana,≤100
348973409274904,Velvet Hamster,Velvet Hamster,≤100
151721606865,Intrepid Fallen Heroes Fund,Intrepid Fallen Heroes Fund,≤100
434635993263210,"King County, Washington - Government","King County, WA",≤100
207381586628343,Donna McLeod,Donna T Mcleod,≤100
169042736456594,All Out,"All Out Action Fund, Inc.",≤100
80668957414,GoSili,SiliKids Inc.,≤100
747436915270894,Congressional Leadership Fund,CONGRESSIONAL LEADERSHIP FUND,≤100
12784656483,Union Rescue Mission,Union Rescue Mission,≤100
1610834479233860,Fight For Reform,End Citizens United Non-federal,≤100
568103006940639,Law Office of Gary J. Kim,Law Offices of Gary J. Kim,≤100
1859113087545137,Yes. Every Kid.,"yes. every kid, Inc.",≤100
6355071377,American Cancer Society Cancer Action Network - ACS CAN,AMERICAN CANCER SOCIETY CANCER ACTION NETWORK INC,≤100
22561081832,NRA Institute for Legislative Action,National Rifle Association of America,≤100
336848256815114,Eyeless on Campus,reconpresseusa,≤100
136121223083299,Sea Turtle Conservancy,"SEA TURTLE CONSERVANCY, INC.",≤100
791543660926838,"I'll go ahead and keep my guns, Thanks",2A4LIFE LLC,≤100
101604378097884,Awesome Science,These ads ran without a disclaimer,≤100
993294760683044,Education Reform Now,Education Reform Now,≤100
83328144177,Operation Broken Silence,Operation Broken Silence,≤100
171651620209487,Brady PAC,Brady Pac,≤100
105992814375720,3M Lawsuit For Vets,One Dollar Smarter,≤100
101183127996396,Four Is Enough,PACRONYM,≤100
511235549007985,PRJKT RUBY,PRJKT RUBY,≤100
17706156005,Ashley Miers,Violet Vista Ventures,≤100
211049239087028,Association of Young Americans,Benjamin J Brown,≤100
357750373755,National Domestic Workers Alliance,National Domestic Workers Alliance,≤100
59254639983,Boston Medical Center,BOSTON MEDICAL CENTER,≤100
110316380149,Family Policy Alliance,Family Policy Alliance,≤100
109200595768753,The Christian Left,The Christian Left,≤100
203583423017526,National Immigration Law Center,National Immigration Law Center,≤100
601249690070354,forestproud,#forestproud | North American Forest Partnership,≤100
7629206115,The Nation Magazine,"NATION COMPANY, LLC, THE",≤100
364757300840739,HiGeorge,Reconnecting Labs Inc.,≤100
527517893943355,Worldstrong Athletics,Worldstrong Athletics,≤100
1207622149401746,Hindi's Libraries,Leslie R Gang,≤100
183989338318281,The American Legion National Headquarters,LEGIONNAIRE,≤100
428403504606135,The Average Joe Survey,"Zaydoe Films, LLC",≤100
97830335456,Patagonia,"PATAGONIA, INC.",≤100
296093157932840,The Fulcrum,Issue One,≤100
21492729544,Catholic Relief Services,CATHOLIC RELIEF SERVICES - UNITED STATES CONFERENCE OF CATHOLIC BISHOPS,≤100
103276597856432,The Trump Collective,Alexander Quinn Urbach,≤100
50714237985,The Rutherford Institute,RUTHERFORD INSTITUTE,≤100
1675630946095534,Franciscan Missions,Franciscan Missions,≤100
118916718118531,Feeding America West Michigan,FEEDING AMERICA WEST MICHIGAN,≤100
345378512258813,Elise Stefanik,ELISE FOR CONGRESS,≤100
46093654473,National Republican Congressional Committee,NRCC,≤100
2283535575207809,Ditch Mitch,DITCH FUND,≤100
12301006942,Democratic Party,DNC SERVICES CORP./DEM. NAT'L COMMITTEE,≤100
202286639832171,Dr. Robert Jeffress,FIRST BAPTIST CHURCH DALLAS,≤100
203550842430,Mike Lee,FRIENDS OF MIKE LEE INC,≤100
346814612024906,BoyerAZ,Boyer for Senate,≤100
309798029121030,Everytown for Gun Safety,Everytown for Gun Safety Action Fund Inc,≤100
126037931371545,Law Offices of Jonathan K. Park & Associates,Law Offices of Jonathan K. Park & Associates,≤100
196622367084590,Dulcie Taylor,Thomas M Wainman,≤100
44821210086,American Numismatic Association,AMERICAN NUMISMATIC ASSOCIATION,≤100
1852520761657982,4ocean,These ads ran without a disclaimer,≤100
360424321432255,Doha Debates,Doha Debates,≤100
161186620643972,American Institute for Economic Research,AMERICAN INSTITUTE FOR ECONOMIC RESEARCH,≤100
100179808132206,Resonation,Resonation Inc,≤100
103876741243168,Love Love Love,These ads ran without a disclaimer,≤100
342294162453301,Planned Parenthood,Planned Parenthood Federation of America,≤100
106364329441748,Margaret W. Wong & Associates,"WONG, MARGARET W & ASSOCIATES CO LPA (INC)",≤100
22984054572,Numi Organic Tea,Numi Organic Tea,≤100
126575267904438,Love Beauty and Planet,Unilever,≤100
1515578192021449,WHOLETONES,Wholetones Inc.,≤100
162493793737,Rick Green,Richard Arlin Green,≤100
105536127617594,The American Digest,The American Digest,≤100
102617961152741,Barbara Bollier,Bollier for Kansas,≤100
1224106861035505,Resistbot,Resistbot Action Fund,≤100
434616383688551,Ocean & Co.,Ocean & Co,≤100
72931140459,Center for Biological Diversity,"CENTER FOR BIOLOGICAL DIVERSITY, INC.",≤100
376638603087168,Save The Earth,8 Billion Trees LLC,≤100
79047202856,People's World,People's World,≤100
184373328845372,Gigi Raffe,Gigi Raffe,≤100
30792325085,Bipartisan Policy Center,"BIPARTISAN POLICY CENTER, INC.",≤100
70631211326,Orlando Union Rescue Mission,ORLANDO UNION RESCUE MISSION INC,≤100
105538624356773,My Kitchen Savior,Nicole Alexa Lebel,≤100
192609620649,The University of Chicago,The University of Chicago,≤100
332716170522025,America First Action,America First Action,≤100
129255907131113,NumbersUSA,NUMBERSUSA EDUCATION AND RESEARCH FOUNDATION,≤100
103423411287089,Custom Political T-Shirts,Bridget Lynn Morningstar,≤100
98887816626,Beef. It's What's For Dinner.,Shari Daniella Spooner,≤100
26060837166,Point Loma Nazarene University,Point Loma Nazarene University,≤100
142992759853421,Be A Hero,BE A HERO PAC,≤100
84280132559,American Legislative Exchange Council,AMERICAN LEGISLATIVE EXCHANGE COUNCIL,≤100
122177661170978,NewsOne,"INTERACTIVE ONE, LLC",≤100
2154804598181848,Conservatives informing Conservatives,Charles None Ostertag,≤100
115761269812805,Jeff Hinkle,Jeff Hinkle Campaign,≤100
87186661244,Johns Hopkins Bloomberg School of Public Health,Johns Hopkins Bloomberg School of Public Health,≤100
112374966814067,1820 PAC,1820 PAC,291
1388428314740793,American Mint - Coins and Medals,American Mint,≤100
676841686046073,Bring Our Troops Home,Bring Our Troops Home,≤100
189789411070083,Jewish Labor Committee,Lawrence Kenneth Lebowitz,≤100
10150100007820094,Wendy Davis,WENDY DAVIS FOR CONGRESS,≤100
1399926390134311,Nature's Generator,Huntkey USA Inc,≤100
46428009499,The Jewish Agency for Israel,Shiri  Stern,≤100
119185877167,National Committee on U.S.-China Relations,These ads ran without a disclaimer,≤100
79820371749,Ayanna Pressley,THE COMMITTEE TO ELECT AYANNA PRESSLEY,≤100
1571453109770170,Reclaim The American Dream,Reclaim The American Dream,≤100
19045776114,The Better World Campaign,BETTER WORLD CAMPAIGN,≤100
1268410219898273,Tango Tango,Tango Tango Inc,≤100
116534199732974,USA Carry Online,USA Carry Online,≤100
100935474627180,Lisa Savage for US Senate,LISAFORMAINE,≤100
237788366660686,Tax March,Tax March,≤100
321334725246666,Anton Sakharov for Governor GOP,Anton Sakharov for Governor,≤100
107642877509346,Shamley for Congress,DOYEL SHAMLEY FOR CONGRESS,≤100
127225910653607,PragerU,PragerU,≤100
811012552376872,ClearPath Action Fund,ClearPath Action Fund,313
352527958302,Israel on Campus Coalition,Israel on Campus Coalition,≤100
372799605421,DeSmog,DeSmog,≤100
1383869268500535,Medicare World,Medicare World,≤100
834645469890446,Devin Nunes,DEVIN NUNES CAMPAIGN COMMITTEE,≤100
111236436913028,Fleur,Fleur,≤100
741560249194129,Konsume,Lance Morgan Rinker,≤100
2254455051442790,Flag and Cross,Flag & Cross,≤100
286597537859,Global Health Technologies Coalition,Global Health Technologies Coalition,≤100
28896772146,San Diego Zoo,ZOOLOGICAL SOCIETY OF SAN DIEGO,≤100
5435784683,Greenpeace USA,"GREENPEACE, INC.",≤100
101181794707874,United Research Group,United Research Group,≤100
118178241651488,DSPolitical,"DSPolitical, LLC",≤100
167842857168389,The Pressure People,The Pressure People,≤100
427290978110426,Backpage Trafficking,X Social Media LLC,≤100
169440273093442,The Center for Election Science,The Center for Election Science,≤100
100866148225288,Limited Edition Coins,Shalonda Rotrice Stephens,≤100
100123544800892,Disme Coin Company,Byron Michael Laughlin,≤100
377247662301741,The Louisiana Record,The Record,≤100
105732744375701,Steve Bullock,Montanans for Bullock,≤100
112726036750149,American Team Republicans,AMERICAN TEAM - Republican Party Shop,≤100
1011517188962934,Representative Scott Cuddy,Maine House Majority,≤100
738298126313472,John Thomas Political Strategist,The Thomas Guide Show,≤100
80080296729,The Greater Boston Food Bank,"GREATER BOSTON FOOD BANK, INC., THE",≤100
116853658346802,Evangelical Environmental Network,Evangelical Environmental Network,≤100
300103172268,Pacific Battleship Center - Battleship USS Iowa,Jonathan Thompson Williams,≤100
105986927538317,Triump Apparel,Triump Apparel,≤100
58691227283,The New York Young Republican Club,The New York Young Republican Club,≤100
253507715172780,Andy Levin,ANDY LEVIN FOR CONGRESS,≤100
25121889784,Texas Public Policy Foundation,Texas Public Policy Foundation,≤100
107036421410,National Safety Council,NATIONAL SAFETY COUNCIL,≤100
102010414526755,Dr. Bill Clifford,CLIFFORD FOR CONGRESS,≤100
7341997111,Conservation International,Conservation International,≤100
104622121026372,Earthbreeze,These ads ran without a disclaimer,≤100
54580146753,Faith in Action,Faith in Action,≤100
1801237890175919,The Denice Gary Show,Denice Garypandol,≤100
1892187271040911,FreedomWorks Foundation,FreedomWorks Foundation,≤100
987698164585861,Citizen Ed,Citizen Education,≤100
18982436812,ACLU,American Civil Liberties Union,≤100
2311489605552071,Customers Who Care,Customers Who Care,≤100
602828763544800,Kate For Congress,KATE FOR CONGRESS,≤100
559064320775674,Col Rob Maness ret,Iron Liberty Group LLC,≤100
67945990059,The American Petroleum Institute,AMERICAN PETROLEUM INSTITUTE,≤100
35400772264,The ButtKicker,These ads ran without a disclaimer,≤100
6170309302,Dick Durbin,FRIENDS OF DICK DURBIN COMMITTEE,≤100
136320503067331,TuneIn,TuneIn,≤100
1092340954202973,Maya Rockeymoore-Cummings for Congress,Maya Rockeymoore-Cummings for Congress,≤100
111663158887300,Tacoma Rescue Mission,"RESCUE MISSION, THE",≤100
113824995295707,Second Harvest Foodbank of Southern Wisconsin,Second Harvest Foodbank of Southern Wisconsin,≤100
769395966523308,Eddie J. Mauro,MAURO SENATE CAMPAIGN TEAM,≤100
359651584655941,Luisa del Rosal,Luisa Del Rosal Campaign,≤100
1280400305319674,Tennesseans for Quality Early Education,Tennesseans for Quality Early Education Policy and Research,≤100
253598932237086,ourEconomy,Aaron Wolf White,≤100
1846324612256008,Your Car. Your Data.,Auto Care Association,≤100
13341879933,Organic Consumers Association,ORGANIC CONSUMERS ASSOCIATION,≤100
403716816314673,Lee Saunders,AMERICAN FEDERATION OF STATE COUNTY & MUNICIPAL EMPLOYEES,≤100
134452023239984,Human Coalition,Human Coalition,≤100
113139700106608,Should be in Canada 2,Sandra Tabacinic,≤100
1580844735465499,Mighty Oaks Warrior Programs,Mighty Oaks Foundation,≤100
109889733883173,WE GOT TEEZ,RICHARD ANDREW-WITTE COMISKEY,≤100
147523538641547,Capitol Ministries,CAPITOL MINISTRIES,≤100
93209809316,The Prosper Group,The Prosper Group,≤100
130268756992804,Yale Climate Connections,Yale Climate Connections,≤100
110415877229724,Real American Sportsmen,Real American Sportsmen,≤100
165987503528599,Lindsey Graham,"TEAM GRAHAM, INC.",≤100
260401648038890,Science101,Novelty Media,≤100
830121337093232,National Democratic Training Committee,NATIONAL DEMOCRATIC TRAINING COMMITTEE PAC,≤100
107135750925655,Military Injury Collection 2020,The Finance Advocate,≤100
253791814655400,Doug Collins,"COLLINS FOR SENATE, INC.",≤100
106888790701825,Legendary Trump Coins,Legendary Trump Coins,≤100
248262725706461,Power The Future,Power The Future Inc,≤100
7292655492,MoveOn,MOVEON.ORG POLITICAL ACTION,≤100
139599847972,National Nurses United,National Nurses United,111
35715544220,Stand.earth,STAND,≤100
2377166239179411,Nancy Goroff for Congress,Goroff for Congress,≤100
110177119192569,Knightscope,William Li,≤100
122894447754361,Institute for New Economic Thinking,"INSTITUTE FOR NEW ECONOMIC THINKING, THE",≤100
362232354250108,Becky Evans for Georgia House,"Friends of Becky Evans, Inc",≤100
6726182861,Mike Pence,TRUMP MAKE AMERICA GREAT AGAIN COMMITTEE,108
107229050703874,Bernie Sanders Fan Club,Imran M Jemal,≤100
284946111858895,Debbie Mucarsel-Powell,DEBBIE FOR CONGRESS,≤100
150322194563,PASA Primates: Pan African Sanctuary Alliance,PAN AFRICAN SANCTUARIES ALLIANCE,≤100
100468121518961,La Porte News: By Chuck Rosa,Charles James Rosa,≤100
109846247289678,Michelle Kaplan for Ellsworth and Trenton Representative,Michelle Kaplan,≤100
100461498036438,steinhart.frank,These ads ran without a disclaimer,≤100
143986912311328,University of Vermont Continuing and Distance Education,University of Vermont,≤100
681626158940626,Mission Roll Call,Americas Warrior Partnership,≤100
209516845093,NRDC Action Fund,NRDC Action Fund,≤100
518194348194441,RepresentUs,RepresentUs,≤100
543066585882629,Libertarian Country,Libertarian Country,≤100
1852520761657982,4ocean,4ocean,≤100
107803440835562,US Hot Gears,Click Wonders,≤100
148485621883625,40 Days for Life,40 Days for Life,≤100
6316744206,Jon Tester,MONTANANS FOR TESTER,≤100
196743663140,Baha'is of the United States,National Spiritual Assembly of the Baha'is of the United States,≤100
338855069522459,Im Tirtzu,Im Tirtzu,≤100
237477017606,Club for Growth,Club for Growth,≤100
101755761321515,Aaron Harber for CU Regent,Harber for Colorado,≤100
100565468129394,superdeals247,These ads ran without a disclaimer,≤100
114386721939978,The Made in America Store,Made In America Store,≤100
500410440069924,Dan "Taxation Is Theft" Behrman for President 2020,COMMITTEE TO ELECT DAN TAXATION IS THEFT BEHRMAN,≤100
2259323457517498,Abolish the Electoral College,ABOLISH THE ELECTORAL COLLEGE,≤100
105623264255576,Ben Grant for State Representative,Committee to Elect Ben Grant,≤100
69039563201,Open Doors USA,"OPEN DOORS WITH BROTHER ANDREW, INC.",≤100
329272720965256,GALvanize USA,GALvanize USA,549
91166180488,Paycor,These ads ran without a disclaimer,≤100
258012354252280,Informing Christians,Debra J M Smith,≤100
808450969246896,"Rebecca Walser, Tax Attorney, CFP",Walser Wealth Management,≤100
717115395103069,PrintedKicks,Printed Kicks,≤100
6165653060,AFSCME,AMERICAN FEDERATION OF STATE COUNTY & MUNICIPAL EMPLOYEES,≤100
675471506247724,Adair for Congress,ADAIR FOR CONGRESS,≤100
96935476345,Democratic Governors Association (DGA),DEMOCRATIC ACTION,≤100
493811210669780,Creative Action Network,Creative Action Network,≤100
143231745727722,Libertarianism.org,"CATO INSTITUTE, INC.",≤100
115911665626912,The Term Limit Revolution,Scott M Murphy,≤100
480282659170095,Civic Health Project,Civic Health Project,≤100
133764907211570,Concerned Citizen,Steven Niems,≤100
260366367717440,Committee to Protect Medicare,Committee to Protect Medicare PAC,≤100
1513800088909329,"Jose Miguel Arciniega Descendants Society, JMADS",Donna Lee Deleon,≤100
105556394228711,Republican Authority,Republican Authority,≤100
18780321251,American Chemistry,"AMERICAN CHEMISTRY COUNCIL, INC.",≤100
281884085611820,Tedra Cobb,COMMITTEE TO ELECT TEDRA COBB,≤100
223424284727002,Newsworthy Stories,Jacqueline Larue Jimenez,≤100
911828698840246,ReLEntless Defender Apparel,ReLEntless Defender Apparel,≤100
162019154641651,Deliver Liberty,Deliver Liberty,≤100
214002058736436,Unite America,UNITE AMERICA,≤100
1764185850558806,Apex Clean Energy,Apex Clean Energy,≤100
311896169406139,Trump 2020 Wear,Trump 2020 Wear,≤100
374848446414965,Pollking,Benjamin Aaron Perlman,≤100
39432041915,Capital Research Center,CAPITAL RESEARCH CENTER INC,≤100
44224524016,American Kidney Fund,"AMERICAN KIDNEY FUND, INC.",≤100
1600352356914768,PushBlack,These ads ran without a disclaimer,≤100
196382377057315,Learn Our History,Learn Our History,≤100
21559454473,FAIR,FEDERATION FOR AMERICAN IMMIGRATION REFORM,≤100
408250066356,Bill O'Reilly,"Bill Me, Inc.",≤100
106469240890813,Military Support,Whats Your Injury Worth,≤100
117709002968266,Green Ocean Co.,Green Ocean Co.,≤100
289446947817747,Global Citizen,"GLOBAL POVERTY PROJECT, INC.",≤100
347978955534783,Solcius,Solcius,≤100
47924244850,Tony La Russa's Animal Rescue Foundation,Tony La Russa's Animal Rescue Foundation,≤100
110019893736048,Grandpas Against Trump,Richard Carlton Carlton Daley,≤100
6279167307,Easterseals,Easterseals,≤100
110509307164141,American Patriot Unite,American Patriot Unite,≤100
2223151871134889,Trump45Merch,Thomas Charles Granack,≤100
11024050756,Bioneers,Bioneers,≤100
64064370581,North Texas Food Bank,North Texas Food Bank,≤100
12692955711,Chronicle of Higher Education,"CHRONICLE OF HIGHER EDUCATION, INC. (THE)",≤100
627951147293090,FatFinger,Fat Finger LLC,≤100
1584408391787263,Proof Publishing,Sarah Lyn Clayton,≤100
127755494595870,Progressive Takeover,PROGRESSIVE TAKEOVER,≤100
2181403648815959,America United,America United Daily,≤100
22234040933,United Nations Foundation,United Nations Foundation,≤100
6244252028,Considerable,Considerable.com,≤100
101148251446778,Keep America Great Committee,KEEP AMERICA GREAT COMMITTEE,≤100
37495431484,Bassel & The Supernaturals,Ronnie Bassel Almadani,≤100
102395577963079,Takes on Freedom,David M Goloff,≤100
179145905973075,Sophie Ratner Jewelry,Sophie Ratner Jewelry,≤100
312652025484896,Americans for Tax Fairness,Americans for Tax Fairness,≤100
1852061421738089,Ruckus Aquinas,Ruckus Aquinas,≤100
205795426669644,Facts and Logic about the Middle East,Facts and Logic About the Middle East,≤100
10150124349775072,"Riddle & Brantley, LLP","RIDDLE & BRANTLEY, LLP",≤100
1849483715167852,Firefly Engagement,"Firefly Engagement Services, Inc.",≤100
34362997676,United States Holocaust Memorial Museum,UNITED STATES HOLOCAUST MEMORIAL MUSEUM,≤100
1734161613537723,Representative Zeigler,Maine House Majority,≤100
108906707265489,USA Pooch,"PRESIDENTIAL POOCH, INC",≤100
73478266116,SoulPancake,SoulPancake,≤100
164513254148611,America's Voice News,Barbara Jean Lawrence,≤100
207833736045744,MHAction.org,Kevin R Borden,≤100
286852918117160,OBIFD,These ads ran without a disclaimer,≤100
27139120832,Advancing Native Missions,Advancing Native Missions,≤100
80841742978,Adirondack Council,ADIRONDACK COUNCIL (INC),≤100
465483726908192,iVote,IVote Civic Education Fund,≤100
24777553348,Afterschool Alliance,AFTERSCHOOL ALLIANCE,≤100
665872827143046,South Bend Area Realtors,South Bend Area REALTORS®,≤100
109295990419284,Esther For Congress,ESTHER FOR CONGRESS,≤100
438536186881177,All Clear Foundation,All Clear Foundation,≤100
1576236875930301,Global Cyber Alliance,Global Cyber Alliance with ad credits,≤100
680549575421741,UnitedVoice.com,"Beachside Media, Inc.",≤100
108111910614278,Planet911,Plane 911,≤100
246491525549550,Education Post,Education Post,≤100
305380096638473,Charles Booker,BOOKER FOR KENTUCKY,≤100
108964844051695,Young Doctors For Biden,Rebekah Lynn Rollston,≤100
30139072158,CARE,CARE,≤100
1950319871930431,Special Gift,These ads ran without a disclaimer,≤100
151112618284015,DigDeep,DigDeep Right to Water Project,≤100
109111900634787,Reverend Raphael Warnock,WARNOCK FOR GEORGIA,≤100
1437429989675914,Huckabee,"TRINITY CHRISTIAN CENTER OF SANTA ANA, INC.",≤100
86574174383,House Speaker Nancy Pelosi,Office of the Speaker,≤100
323083351064533,The News Literacy Project,The News Literacy Project,≤100
102860661680,Quetico Superior Wilderness News,Quetico Superior Foundation,≤100
113031366798257,Every family has a story,These ads ran without a disclaimer,≤100
182079698493370,Portside,Portside,≤100
109349507328179,Bernie Or Busters,Eric Christopher Mack,≤100
1526707030943680,Phoenix Dream Center,City Help Inc of Phoenix dba Phoenix Dream Center,≤100
17911165812,Covenant House International,Covenant House,≤100
47710973068,Cooperative Action Network,National Rural Electric Cooperatives Association,≤100
2189265054726827,Liberty Tee Shop,www.libertyteeshop.com,≤100
207901812670026,theSkimm,"TheSkimm, Inc",≤100
28144169620,Alliance for Aging Research,Alliance for Aging Research,≤100
11111618026,Union of Concerned Scientists,"UNION OF CONCERNED SCIENTISTS, INC.",≤100
40973310753,Pathfinder International,Pathfinder International,≤100
109135700546585,Carlos for Congress 2020,Carlos for Congress 2020,≤100
97466887664,Innocence Project,"INNOCENCE PROJECT, INC., THE",≤100
102988591071943,Daniel Gade,"GADE FOR VIRGINIA, INC.",≤100
393932827634250,Dissent Pins,Common Practice,≤100
14038292386,Women for Women International,WOMEN FOR WOMEN INTERNATIONAL,≤100
1632866270065962,Jewish Democratic Council of America,Jewish Democratic Council of America,≤100
557113921291144,Learning Dynamics,4 Weeks To Read LLC,≤100
482541798528855,Staance,Emmanuel Iluobe Momoh,≤100
73016054191,Regional Food Bank of Oklahoma,"REGIONAL FOOD BANK OF OKLAHOMA, INC.",≤100
83290028957,Care Net,CARE NET,≤100
1639730212934172,"DOVA International Charities, Ltd, 501c3 Non-Profit Charity",Kathleen Louise D'Ovido,≤100
49414386380,Ilegal Mezcal,Ilegal Mezcal,≤100
136211573758668,State Representative Steve Allison,Steve Allison,≤100
8321461609,MomsRising.org,MomsRising Together,≤100
2037695643113766,Blexit,Blexit Foundation,≤100
220934044722029,Florida Crystals Corporation,FLORIDA CRYSTALS CORPORATION,≤100
651030188696796,Desoto Parish District Attorney's Office,Desoto Parish District Attorney's Office,≤100
27461595703,Carbonfund.org Foundation,829 Studios LLC,≤100
160191644025128,Walton Family Foundation,WALTON FAMILY FOUNDATION INC,≤100
152264148166020,Moms Clean Air Force,Moms Clean Air Force,≤100
2244779792507645,Gray Matters Radio,Gray Matters Radio,≤100
725362824179775,Insider Studios,These ads ran without a disclaimer,≤100
163302087408673,Stop The Donald,Stop the Donald,≤100
127637620616803,Comcast Newsmakers,Comcast,≤100
8325302025,Friends of the Earth U.S.,Friends of the Earth,≤100
459890014763287,Rocky Mountain Values,Rocky Mountain Values,≤100
28889108258,Gospel for Asia,"GOSPEL FOR ASIA, INC.",≤100
109784800371914,Protect Kids: Fight Flavored E-Cigarettes,TOBACCO-FREE KIDS ACTION FUND,173
854748721570632,A Second Opinion,Motus Creative Group,≤100
8111949161,ProgressNow Colorado,ProgressNow Colorado,≤100
109097990639753,Unite for Colorado,Unite for Colorado,≤100
1353948297956614,Let Africa Live,Let Africa Live,≤100
157402764294444,"Union Mission Ministries, Norfolk","UNION MISSION INC, THE",≤100
149034417891,ettitude,Ettitude,≤100
514167322309353,Dan Crenshaw,Dan Crenshaw for Congress,≤100
584011418669191,Dave's News & Views,David Edward Denomie,≤100
461530314600399,Common Sense American Politics,Common Sense American Politics,≤100
530604487365010,Old Glory Flagpole Kits,Service First Flag Poles,≤100
52989768601,Population Connection Action Fund,Population Connection Action Fund,≤100
872842866161157,One Nation Design,One Nation Design,≤100
384557995468219,Viral Casez,Viral Casez,≤100
149366465128820,"Nicole Galloway, CPA",Nicole Galloway for Missouri,≤100
223315101050132,Waters Kraus & Paul,Waters Kraus & Paul,≤100
386305465057247,Liberty Nation,Liberty Nation,≤100
104309718776,SeaSucker,These ads ran without a disclaimer,≤100
25998443394,MedPage Today,"EVERYDAY HEALTH, INC.",≤100
617037072140415,420 Waldos Watch,Time Concepts,≤100
109360297266116,Fearless Patriot,TERESA NONE OHARA-MARSH,≤100
281709242235290,Movement Disorders Policy Coalition,ALLIANCE FOR PATIENT ACCESS,≤100
49209604726,Vermont Teddy Bear,"VERMONT TEDDY BEAR CO., INC., THE",≤100
104337601012996,Americans For Citizen Voting - ACV,Americans for Citizen Voting,≤100
372701716170134,Sold No More,Samantha C Byard,≤100
710669049286394,Woo the People,Khosro David Illulian,≤100
143509339045414,Americans for Peace and Tolerance,"AMERICANS FOR PEACE AND TOLERANCE, INC.",≤100
183424985463330,Joe Cunningham,JOE CUNNINGHAM FOR CONGRESS,≤100
153080620724,Donald J. Trump,TRUMP MAKE AMERICA GREAT AGAIN COMMITTEE,334
1145019702185006,Alliance for Safety and Justice,Alliance for Safety and Justice,≤100
15771560300,Earthjustice,EARTHJUSTICE,≤100
1441704426074372,Douglas Taurel,The American Soldier,≤100
2352630938293825,Mytacticalpromos,Entremax,≤100
275908853303174,Pro-Israel America,"Pro-Israel America, Inc.",≤100
120522437962280,Hutchins Center for African & African American Research,The Hutchins Center for African & African American Research at Harvard University,≤100
427302110732180,Mike Cernovich,Michael C Cernovich,≤100
1691667177798461,Brut,Brut,≤100
278490715553293,Martha McSally,MCSALLY FOR SENATE INC,≤100
376990832355915,National Women's Coalition Against Violence & Exploitation (NWCAVE),Michelle Ann Bart,≤100
605168822998856,314 Action,314 ACTION FUND,≤100
129240690441636,NAACP Legal Defense Fund,"N. A. A. C. P. LEGAL DEFENSE AND EDUCATIONAL FUND, INC.",≤100
103682110993833,Arctic Refuge Defense Campaign,Alaska Wilderness League,≤100
656263988182462,Bill Hagerty,TEAM HAGERTY,≤100
108925558017,Shared Hope International,Shared Hope International,≤100
1603970836515319,Carlow for House,CARLOW FOR HOUSE,≤100
1406149713044974,Intellectual Judaism,Vladimir Ephraim Minkov,≤100
292351509697,Jerusalem Prayer Team,Jerusalem Prayer Team,≤100
1573989029398622,Donald Trump's Americans,I Love My Freedom,≤100
101292484652219,Amanda Cappelletti for PA,Cappelletti for PA,≤100
216052228433696,Arcus Foundation - Social Justice,ARCUS FOUNDATION,≤100
15041226930,Oxfam,"OXFAM AMERICA, INC.",119
1679521432262834,Physicians Grassroots Network,American Medical Association,≤100
166618413413767,Jay Sekulow,American Center for Law and Justice,≤100
87777747127,Greg Palast,Palast Investigative Fund,≤100
384336778589668,Defend Our Constitution,COMMON CAUSE,≤100
105953890782784,The Factual,The Factual,≤100
91003465346,Ohio Farm Bureau Federation,OHIO FARM BUREAU FEDERATION INC.,≤100
107761702578379,American Institute for Cancer Research - AICR,American Institute for Cancer Research,≤100
2406284459692230,Bees4Seas Natural Beeswax Food Wrap,Melissa Marie Eastin,≤100
112600915451330,No Labels,No Labels,≤100
1642386799323957,Angie Craig,ANGIE CRAIG FOR CONGRESS,≤100
86134975779,Coast Guard Foundation,Coast Guard Foundation INC.,≤100
121626482110,Operation Smile,"OPERATION SMILE, INC.",≤100
154269528015922,Byron Donalds,Byron Donalds for Congress,≤100
153080620724,Donald J. Trump,"DONALD J. TRUMP FOR PRESIDENT, INC.",≤100
228754857151053,House Majority PAC,House Majority PAC,≤100
932150876820598,Rally For Trump,Rally for Trump,≤100
203805062990264,Ben Shapiro,The Daily Wire,≤100
40523327759,American College of Physicians (ACP),"AMERICAN COLLEGE OF PHYSICIANS, INC.",≤100
104027894318612,Inclusion2020,Inclusion2020,≤100
108736064097262,American Family Programs,Penelope Mylynn Nguyen,≤100
109784093976549,Military Earplug Settlements,One Dollar Smarter,≤100
30708742052,FCTRY,FCTRY,≤100
108118933908193,Next Level Goods,Next Level Goods LLC,≤100
405355946226766,Todd Young,"FRIENDS OF TODD YOUNG, INC.",≤100
259924897430716,VoteRiders,VoteRiders,≤100
83600052210,Citizens Count,Citizens Count,≤100
100401327980848,National Parents Union,National Parents Union,≤100
407664862957433,Ammar Campa-Najjar for Congress,AMMAR CAMPA-NAJJAR FOR CONGRESS,≤100
222811984421691,Cold Bee Gone,Joyce K C None Dales,≤100
186525784991,Jewish Voice for Peace,Jewish Voice for Peace,≤100
6236054211,Brady,Brady Campaign to Prevent Gun Violence,≤100
1316372698453411,Alexandria Ocasio-Cortez,ALEXANDRIA OCASIO-CORTEZ FOR CONGRESS,≤100
115403471809909,Plastic Oceans,PLASTIC OCEANS INTERNATIONAL,≤100
418915121874832,State Representative Vicki Doudera,Maine House Majority,≤100
13885075114,Action Against Hunger USA,ACTION AGAINST HUNGER - USA,≤100
1389807071117013,Lynn Afendoulis,Lynn Afendoulis for Congress,≤100
6231686654,Compassion International,"COMPASSION INTERNATIONAL, INCORPORATED",≤100
8532248414,Wounded Warrior Project,"WOUNDED WARRIOR PROJECT, INC.",≤100
7483836629,Ancestry,Ancestry.com Operations Inc.,≤100
10423517786,Harvard Business Review,HARVARD BUSINESS SCHOOL PUBLISHING CORPORATION,≤100
101333462265,Distilled Spirits Council of the United States,Distilled Spirits Council of the United States,≤100
118303441570966,Home Ownership Matters,NATIONAL ASSOCIATION OF REALTORS,≤100
629742243712069,The Kennedy Forum,Mental Health Leadership Initiative,≤100
176789922364429,Steve Daines,STEVE DAINES FOR MONTANA,≤100
169597416843751,Stand Up America,Stand Up America,≤100
513785465632396,Airline Passengers for Justice,Airline Passengers for Justice,≤100
137726233047389,Rajiv Malhotra,Infinity Foundation,≤100
70090474914,American Farmland Trust,"AMERICAN FARMLAND TRUST, INC",≤100
5720973755,Defenders of Wildlife,DEFENDERS OF WILDLIFE,≤100
16477459734,League of Conservation Voters,"LEAGUE OF CONSERVATION VOTERS, INC",≤100
125319303823,Champlain College,Champlain College Incorporated,≤100
440551812676698,Open The Books,American Transparency,≤100
68693168571,Jewish Federations of North America,Jewish Federations of North America,≤100
133913826633461,Grassroot Institute of Hawaii,Grassroot Institute of Hawaii,≤100
272565456712768,Bloomberg Government,"BUREAU OF NATIONAL AFFAIRS, INC., THE",≤100
433919203362871,Bird + Stone,BIRD & STONE INC,≤100
28394917492,Second Harvest Food Bank of Central Florida,"SECOND HARVEST FOOD BANK OF CENTRAL FLORIDA, INC.",≤100
1696537410609658,Graham Hill - Member of NRA Board of Directors,Graham Hill for NRA Board,≤100﻿
376776419037747,Turning Point USA,Turning Point USA,≤100
174009339411865,SmartNews,"SmartNews International, Inc.",≤100
94047978366,PCCC - BoldProgressives.org,PROGRESSIVE CHANGE CAMPAIGN COMMITTEE,≤100
170582513587720,Liberty Through Wealth,The Oxford Club,≤100
590660300952992,CN4 Partners,CN4 Partners,≤100
384889221867668,Alliance For Maine,James Bonfield,131
48845024825,National Restaurant Association,These ads ran without a disclaimer,≤100
101724361319410,Ronny Jackson for U.S. Congress TX-13,Texans for Ronny Jackson,≤100
8895898655,Rainforest Alliance,"RAINFOREST ALLIANCE, INC.",≤100
157546398049625,Marsy's Law for Wisconsin,"Marsy’s Law for Wisconsin, LLC",≤100
606986229764450,We_The_Peeps,"Peeps Democracy, Inc.",≤100
2191419494470995,Ranchland Hippie,Sarah Elizabeth Taff,≤100
20149036407,Earth Day Initiative,EARTH DAY NEW YORK,≤100
1316308285142040,Planet Home,"Equilibrium Management, LLC",≤100
110612817235302,The People for Bernie Sanders 2020,These ads ran without a disclaimer,≤100
10498053716,Media Research Center,MEDIA RESEARCH CENTER,≤100
34992314695,National Center for Public Policy Research,NATIONAL CENTER FOR PUBLIC POLICY RESEARCH,≤100
1102317399943097,Congressman Chris Pappas,Office of Congressman Chris Pappas,≤100
169543260659539,The Venn Media,The Venn Media,≤100
175149559508478,TreeDiaper,Zynnovation LLC,≤100
137662367278,League of Women Voters of the U.S.,LEAGUE OF WOMEN VOTERS OF THE UNITED STATES,≤100
46347342434,EMILY's List,EMILY'S LIST,≤100
27544763621,Prison Fellowship,Prison Fellowship,≤100
293225127381200,Patriot Depot,The Patriot Depot,≤100
86711894400,National Write Your Congressman,National Write Your Congressman,≤100
14510925609,Free Press,Free Press,≤100
785936231584382,Paula Jean Swearengin,Paula Jean for West Virginia,≤100
7814597100,Jim Jordan for Congress,These ads ran without a disclaimer,≤100
156994304362574,American Bridge,AMERICAN BRIDGE 21ST CENTURY,≤100
21375324480,The Heritage Foundation,HERITAGE FOUNDATION (THE),≤100
156392276602,Strong Towns,Strong Towns,≤100
1917715138510680,Follow Your Legend,Legend Bracelet,≤100
101176014673943,Michelle for Kansas,MICHELLE FOR KANSAS,≤100
746938465317981,Nuclear Matters,Nuclear Matters,≤100
104848367681927,3M Case Support,One Dollar Smarter,≤100
1397799040234106,OpinionUP,OpinionUP LLC,≤100
104933662932387,CreativeFuture,CreativeFuture,≤100
781510041970720,Hippo Sak,Hippo Sak,≤100
597193413654146,Anserteam Workforce Solutions,Chelsi Nichole Runyan,≤100
169042736456594,All Out,These ads ran without a disclaimer,≤100
1626952504226671,Tiger Grafx LLC,TIGER GRAFX LLC,≤100
100100244740772,Maine Waste-to-Energy,Alexander O Munsell,≤100
89336510798,American Friends of the Hebrew University,American Friends of Hebrew University,≤100
101336841260036,The Christie Institute for Public Policy,The Christie Institute for Public Policy Inc.,≤100
1438882392887793,ADF Church Alliance,Alliance Defending Freedom,≤100
56332452163,AMA Patients Action Network,American Medical Association,≤100
754520748264044,Wood by Stu,Stu Designs LLC,≤100
100782758062291,Bernie Sanders Beanie,Stephen Alan Twyman,≤100
105992814375720,3M Lawsuit For Vets,Alejandro Giovann Caracoza,≤100
194377127954,Ladders,These ads ran without a disclaimer,≤100
1529468987331408,BulbHead,These ads ran without a disclaimer,≤100
210277954204,The Young Turks,"The Young Turks, Inc.",≤100
275015722541995,AARP Oklahoma,AARP,≤100
279599502172409,Patriot Mobile,Patriot Mobile,≤100
213792049451918,Stand For America Now,Stand For America Inc,≤100
141269525933538,Democrats for Education Reform,Education Reform Now Advocacy Inc.,≤100
92925746942,Judicial Watch,Judicial Watch,≤100
101788601255619,Mark Sidney,Power To The Publisher,≤100
324119001078997,"Sanford Heisler Sharp, LLP","Sanford Heisler Sharp, LLP",≤100
132066233534659,Healthcare Education Project,Healthcare Education Project,≤100
286487148036558,NEAVS,NEW ENGLAND ANTI VIVISECTION SOCIETY,≤100
950998258312654,Knowhere,"Knowhere, Inc.",≤100
360524400804160,Sam Fein for Assembly,Fein for Assembly,≤100
114815188528887,Neighborhood Nurse,Kristina Anne Larsen,≤100
24481937944,Theodore Roosevelt Conservation Partnership,"THEODORE ROOSEVELT CONSERVATION PARTNERSHIP, INC",≤100
169294473121454,Policetees.com,PoliceTees.com,≤100
115364585711,Lawyers' Committee for Civil Rights Under Law,LAWYERS' COMMITTEE FOR CIVIL RIGHTS UNDER LAW,≤100
720943967965149,AFSCME Retirees,AMERICAN FEDERATION OF STATE COUNTY & MUNICIPAL EMPLOYEES,≤100
221890358218748,Til Valhalla Project,Til Valhalla Project,≤100
108503659576,National Coalition for Public School Options,National Coalition for Public School Options,≤100
452797224923658,Democratic Coalition Against Trump,THE DEMOCRATIC COALITION,≤100
1794574564139942,Advocates of Silenced Turkey,Mustafa Bahar,≤100
18709174006,National Audubon Society,"NATIONAL AUDUBON SOCIETY, INC.",≤100
105992814375720,3M Lawsuit For Vets,These ads ran without a disclaimer,≤100
354369924642184,Bill Holt's Dreamies,William Holt,≤100
79743808136,NAIS -- National Association of Independent Schools,"NATIONAL ASSOCIATION OF INDEPENDENT SCHOOLS, INC.",≤100
152227274851194,Global Birthing Home Foundation,James Cameron Grant,≤100
5887538795,Education Week,Education Week,≤100
182723117043,Chicago Council on Global Affairs,"CHICAGO COUNCIL ON GLOBAL AFFAIRS, THE",≤100
101103254533,SOS International,SOS International,≤100
5644748986,National Wildlife Federation,NATIONAL WILDLIFE FEDERATION,≤100
100671838129752,CCW Qualified,Kyle Francis Sekerak,≤100
83865976093,Truthout,TRUTHOUT,≤100
1612726335627171,We the Internet TV,We the Internet TV,≤100
123857614319417,Texas Nationalist Movement,Texas Nationalist Movement,≤100
1284735221676638,BELatina News,BELatina News,≤100
111324359048459,Dr. Roger Marshall,KANSANS FOR MARSHALL,≤100
111226867129700,Prideful Patriots,Prideful Patriots,≤100
842721202508267,Diaz Campaigns,Diaz Campaigns,≤100
105229062888132,Stop Soldier Suicide,Stop Soldier Suicide,≤100
33699882778,Dr. Bronner's,Dr. Bronner's,≤100
248181906078243,National Institute for Civil Discourse,CommonSense American,≤100
100256754899828,Patriot's Cave,Lucky Shot USA,≤100
108881112460,The Mitten State,These ads ran without a disclaimer,≤100
1224156504416050,American Patriot Depot,American Patriot Depot,≤100
192737024112371,TWU Local 556,Transport Workers Union Local 556,≤100
513695272011123,The Genesis Prize,GPF NA LLC,≤100
54310679625,Alliance for Justice,ALLIANCE FOR JUSTICE,≤100
13063797831,Ben Ray Luján,PEOPLE FOR BEN,≤100
101987144592086,Stollings for West Virginia,Stollings for West Virginia,≤100
1032931246869252,Ditch the Estate Tax,Policy And Taxation Group,≤100
313723095478950,The Daily Citizen,Focus on the Family,≤100
100954708112820,Americans for Medicare Dental Coverage,Freeroots,≤100
101313794706358,Kalie Hess for Maine Senate,Kalie Hess for Maine Senate,≤100
52890372337,Roger Williams University,These ads ran without a disclaimer,≤100
1474261695976941,Excital,Excital,≤100
6162159887,The World,The World,≤100
215710880194,VidaySalud.com,These ads ran without a disclaimer,≤100
538793612946602,"Jim Handy, State Representative",Maine House Majority,≤100
245284549333866,ASMDSS,ASMDSS,≤100
103851564652,Waterkeeper Alliance,WATERKEEPER ALLIANCE INC,≤100
106908510802353,Jason McCahan for Nueces County Constable Office Precinct 2,Vote Jason McCahan for Nueces County Constable Pct 2,≤100
555394394483002,Urban Resource Institute,Urban Resource Institute,≤100
117362515005706,The Bowery Mission,The Bowery Mission,≤100
303061950155375,John James,"JOHN JAMES FOR SENATE, INC.",≤100
655065784538368,PredictIt,"PredictIt - Prediction Markets. A project of Victoria University of Wellington, PredictIt has been established to facilitate research into the way markets forecast events.",≤100
521465311248005,The New Atlantis,Ari Nicholas Schulman,≤100
27591534505,SPIRIT 105.3,CRISTA MINISTRIES,≤100
114008535880,Foundation for Individual Rights in Education,FOUNDATION FOR INDIVIDUAL RIGHTS IN EDUCATION,≤100
1467598083570710,Dearborn Heights 48125 East,Suzanne Marie Todd,≤100
337490192991981,Grabien,Grabien Inc,≤100
240425642652222,South Florida Wildlands Association,South Florida Wildlands Association,≤100
2070175346621080,Russ Cirincione for Congress 2020,FRIENDS OF RUSSELL CIRINCIONE,≤100
128190350558587,Hawaii Democratic Women's Caucus,Ann Sybl Freed,≤100
571182609571332,NextGen America,NEXTGEN CLIMATE ACTION COMMITTEE,≤100
103022784417075,NOW,NOW Company,≤100
246323280108,American Medical Association (AMA),American Medical Association,≤100
2155040508095232,MonopolyWars,MonopolyWars.com,≤100
599037717094428,Lil Guillotine,Liam Robert Manjon,≤100
172416339797557,SBDigital,SBDigital,≤100
309094279104553,Twelve Books,"Hachette Book Group, Inc.",≤100
67180895597,National Shrine of St. Jude,The National Shrine of St. Jude,≤100
8047221596,Save the Children US,"SAVE THE CHILDREN FEDERATION, INC.",≤100
107478604080028,Way To A Happy Heart,Iesha Marriah Nixon,≤100
1482947308676311,Topdust,cleancult,≤100
160389977329803,ATTN:,ATTN: INC.,≤100
186932688457686,CHNGE,CHNGE,≤100
43609808159,Happy Family Organics,Happy Family Organics,≤100
22877548156,Earth Day Network,EARTH DAY NETWORK INC,≤100
1375618656016062,Deb Haaland for Congress,DEB HAALAND FOR CONGRESS,≤100
113051076740752,David Willingham for Cobb County State Court,Friends of Willingham for Cobb State Court,≤100
126057642122621,Hillary O'Connor Mueri,HILLARY O'CONNOR MUERI FOR OHIO,≤100
2036389409806378,Backpage's Role in Prostitution and Trafficking,X Social Media LLC,≤100
104556811046290,United Against China,United Against China Inc,≤100
1624907487621555,Rethink My Healthcare,RethinkMyHealthcare Inc,≤100
2146201085498440,Tony Gonzales,Tony Gonzales for Congress,≤100
107053690842532,ABT 2020,ABT 2020,≤100
1025055787535714,A Case for Women,A Case for Women,≤100
183872968312216,Popdust,cleancult,≤100
85452072376,Newsmax,Newsmax Media,≤100
101129019929080,Friends in Adoption,"Friends in Adoption, INC",≤100
7686808625,Jim Inhofe,FRIENDS OF JIM INHOFE,≤100
234142976633158,Wake Up World & Smell the Coffee,Edith Dume Lerner,≤100
458142697588014,AARP Public Policy Institute,AARP,≤100
147088585355847,Pride Fowler Industries,Ruben Alvarez,≤100
1440545886225537,Blue Ticket Consulting,Blue Ticket Consulting,≤100
81517275796,UNICEF USA,UNITED STATES FUND FOR UNICEF,≤100
129921337078906,YallPolitics,"Jackson New Media, Inc.",≤100
515224855346579,New Politics,New Politics,≤100
802271849850801,Freedom for All Americans,Freedom for All Americans,≤100
72565633140,Soles4Souls,"SOLES4SOULS, INC.",≤100
1413682351987764,Andy Kim for Congress,Andy Kim for Congress,≤100
111393882812494,Amy McGrath,"AMY MCGRATH FOR SENATE, INC.",≤100
106122894312740,Democrat Party Strong,James R Oddo,≤100
182658925089088,FINCA,"FINCA INTERNATIONAL, INC.",≤100
2267405033373814,Doctor Patient Unity,Doctor Patient Unity,≤100
1502654549792632,Protect Our Care,Sixteen Thirty Fund,≤100
461204744067686,Family Protection Association,Family Protection Association,≤100
1800759923583199,Rep. Liz Cheney,Congresswoman Liz Cheney,≤100
10524821940,National Park Foundation,National Park Foundation,≤100
53541257714,The Arc of the United States,"ARC OF THE UNITED STATES, INC., THE",≤100
192448150001,Jeff Anderson & Associates,Jeffrey R Anderson PA,≤100
139398939438430,Left Action,Left Action LLC,≤100
144850842237429,Independentvoting.org,Independent Voting (IndependentVoting.org),≤100
308666759175660,Center for Migration Studies of New York,CENTER FOR MIGRATION STUDIES,≤100
1014291495249813,Politicon,Politicon,≤100
107592419594,Immigration Equality,IMMIGRATION EQUALITY INCORPORATED,≤100
142957224352,International Medical Corps,International Medical Corps,≤100
126279571952,Huru International,HURU INTERNATIONAL,≤100
598924810530984,Keeping America Great,FamTeeWorld,≤100
137459917707,The Brookings Institution,The Brookings Institution,≤100
344690446467832,The Copper Courier,Courier Newsroom,≤100
5633824547,FreedomWorks,"FREEDOMWORKS, INC.",≤100
241253672599689,America's Restaurant Advocates,National Restaurant Association,≤100
151894654697,Save Our States,"OKLAHOMA COUNCIL OF PUBLIC AFFAIRS, INC.",≤100
80562389320,NARAL Pro-Choice America,NARAL Pro-Choice America,≤100
134845259917779,Rock 'Em Socks,Rock 'Em Socks,≤100
2196281620653830,Footprint,Footprint,≤100
589787637733608,Scherie S. Murray,SCHERIE MURRAY FOR CONGRESS,≤100
89757739264,Farm Credit,Farm Credit Council,≤100
153446658100252,Lumina Foundation,Lumina Foundation,≤100
2323471027903589,Bridging Minds,Bridging Minds,≤100
100679268000795,META for Providers,Caroline L Cerbus,≤100
328072970642479,Jaime Harrison,JAIME HARRISON FOR US SENATE,≤100
1925751504337881,MJ for Texas,MJ FOR TEXAS,≤100
137569740231452,Respect The Look,Respect The Look,≤100
57846092173,American Bible Society,American Bible Society,≤100
104325844436320,US Dollar Reports,US Dollar Reports,≤100
593289284500311,Trump Rack,BOXD Marketing,≤100
215710880194,VidaySalud.com,HITN - Hispanic Information and Telecommunications Network,≤100
385473284886474,Hillsdale College,HILLSDALE COLLEGE,≤100
8924408197,National Partnership for Women & Families,National Partnership for Women & Families,≤100
53214848444,Wisconsin Family Action,WISCONSIN FAMILY ACTION,≤100
586751814690068,Joni Ernst,Joni for Iowa,≤100
296708523873754,Karla Dennis and Associates Inc.,"Karla Dennis & Associates, Inc",≤100
14893558501,Prevent Child Abuse America,These ads ran without a disclaimer,≤100
265268336865693,Do Amore,Do Amore Limited Company,≤100
833845080319275,The Daily Patriot,Full Tilt Holdings LLC,≤100
1487587521541634,President Donald Trump Fan Club,I Love My Freedom,≤100
21472760578,C-SPAN,C-SPAN,≤100
1486604288305133,Happy Earth Apparel,These ads ran without a disclaimer,≤100
175580571641,Out of Print,Out of Print,≤100
104851617686932,Concealed Country,Concealed Country,≤100
328853823844484,Balance of Power,Balance of Power,≤100
1750471095167410,Trump Train News,Trump Train News,≤100
321250352104571,Valerie Plame,VALERIE PLAME FOR CONGRESS,≤100
1664959567149320,Wholesome Culture,Wholesome Culture,≤100
648335462024721,Haley Stevens,HALEY STEVENS FOR CONGRESS,≤100
168367339845613,The Humane League,The Humane League,≤100
112723367025798,Chicago Census 2020,Joshua Robert Benson,≤100
166166843531258,National Council of Resistance of Iran - شورای ملی مقاومت ایران,MEK-Iran (Saeid Saadati),≤100
32802178807,Homes For Our Troops,Homes For Our Troops,≤100
6096369029,Comedy Central,Comedy Central,≤100
288536308709632,Stand with Grocery Workers,United Food and Commercial Workers International Union,≤100
9324910069,NRSC,NRSC,≤100
102793237860655,The Power To Control,Apathy Productions LLC,≤100
290548664672,First Liberty,First Liberty Institute,≤100
100911481267154,"Luke Gromen - FFTT, LLC","FFTT, LLC",≤100
101459351485507,Diana for Congress,DIANA FOR CONGRESS,≤100
38882699096,Polaris,POLARIS PROJECT,≤100
279846350948,St. Labre Indian School,St. Labre Indian School,≤100
112325855474892,Speak Up For Education and Kids,National Education Association,≤100
1914537155242810,Life: Powered,Texas Public Policy Foundation,≤100
146817005352784,Wellness.com,"Beachside Media, Inc.",≤100
132081383503163,Autodesk,Autodesk,≤100
100822738050183,Trump Star 2020,Greek Steel LLC,≤100
17414523278,Democracy Now!,Ishmael Daro,≤100
1869687273277265,Run for Something,Run For Something PAC,≤100
202281636466702,Unseen,Unseen,≤100
95356211637,Ben Ferguson,Ben Ferguson show,≤100
20876805343,March of Dimes,MARCH OF DIMES INC.,≤100
1658135304460341,MANG,MANG,≤100
38235851310,USA for UNHCR,UNITED STATES ASSOCIATION FOR UNHCR,≤100
109194237204315,Huntsman 2020,Huntsman 2020,≤100
54787697857,Ron Wyden,WYDEN FOR SENATE,≤100
1139780232780908,Frugal Family,These ads ran without a disclaimer,≤100
113330620093147,Sunny for Congress,Suneetha Chaparala,≤100
2259901600737075,What The Fuss,What The Fuss,≤100
22898109808,Grist.org,Grist Magazine,≤100
661744180680367,National Police Association,"NATIONAL POLICE ASSOCIATION, INC.",≤100
133937690180,Student Conservation Association,Student Conservation Association,≤100
114314450118087,Darma for City Council 37,Darma V Diaz CD37,≤100
29770886815,Marijuana Policy Project,Marijuana Policy Project,≤100
108201407448055,Be Compassionate - SC Criminal Justice Reform,Lisa Burgess Lancaster,≤100
168876449866088,The Years Project,The Years Project,≤100
104006944272732,Honest Arizona,Advancing AZ,≤100
355799336705,Outreach International,Outreach International,≤100
331037760381749,Sierra Magazine,SIERRA CLUB,≤100
210455593021382,Health Care Voices,"Health Care Voices, a project of Social Good Fund",≤100
103574887826270,Inpower Promo,INPOWER Solutions LLC,≤100
291102898490822,Giant Maga Hat,Inventors club LLC,≤100
1166660030079480,National Democratic Redistricting Committee,National Democratic Redistricting Committee,≤100
460844281074800,Tiny Trump,Eric D Corriel,≤100
170918006892,G.I. Jobs,Victory Media DBA GI Jobs,≤100
2317264024972785,American Populists,The New American Populist,≤100
1001615463272722,Biosimilars Council,The Biosimilars Council,≤100
128155811565,Wyoming Liberty Group,Wyoming Liberty Group,≤100
113697513378680,Clean Energy Matters,Clean Energy Matters,944
384006901653736,The Moore Charitable Foundation,Moore Charitable Foundation,≤100
30618466815,Pacific Legal Foundation,Pacific Legal Foundation,≤100
555787351119974,Coalition to Protect America's Health Care,Coalition to Protect America's Health Care,≤100
7192716362,Amnesty International USA,Amnesty International USA,≤100
97624620788,American Friends of Magen David Adom,AMERICAN FRIENDS OF MAGEN DAVID ADOM,≤100
1751757861757694,Balsam Valley Chapel,John D Linnehan,≤100
30682191384,U.S. Committee for Refugees and Immigrants (USCRI),Loren Caitlin Schmidt,≤100
698400060189827,Dan Sullivan,Alaskans for Sullivan,≤100
1435071773455316,Daily Wire,The Daily Wire,≤100
107722887387213,Lance Bachmann,These ads ran without a disclaimer,≤100
145380305523723,Secure America Now,Secure America Now,≤100
1791097094486498,Musings,Musings Magazine,≤100
112735922758892,Charlie Kirk,Charlie Kirk,≤100
96826022393,Yale Environment 360,Yale Environment 360,≤100
292018201259366,We Raise Foundation,WE RAISE FOUNDATION,≤100
110201667002800,Jewish Republican Alliance,YukoSocial LLC,≤100
152766071443309,The City University of New York,The City University of New York,≤100
74697123892,SEIU MN State Council,SEIU MN State Council,≤100
208448029308099,Neal F. Thompson,Neal Francis Thompson,≤100
243362776583569,Air Mail,Air Mail,≤100
356431274698532,Ryan Hampton,Ryan Hampton,≤100
109021767293838,Making Retirement Last,Making Retirement Last,≤100
115286365119,National Pork Board,National Pork Board,≤100
184731548554164,PL+US,Plus Fund: Paid Leave for the United States,≤100
36474716066,Color Of Change,COLOROFCHANGE.ORG,≤100
711478725532801,Civiqs,Civiqs,≤100
463095630924391,US Business Funding,Credox,≤100
533987556776948,Campaign for Sustainable Rx Pricing,Campaign for Sustainable Rx Pricing,≤100
110749446963570,Courier,Courier Newsroom,416
301228420816284,Teresa Leger Fernandez,TERESA FOR ALL,≤100
161879897191723,EarthX,EarthX,≤100
419237048158257,Susan Collins,COLLINS FOR SENATOR,136
971668776283950,PolicyEd,Hoover Institution,≤100
384233865516028,Unique Deal,These ads ran without a disclaimer,≤100
751679868274074,Hope for Students,THE EXPECTATIONS PROJECT INC,≤100
373981446795978,16 Counties Coalition,Maine Momentum,1225
60182072999,Lila Rose,Live Action,≤100
6851405967,CREDO Mobile,"CREDO MOBILE, INC.",≤100
497209044353754,Author Austin Grayson,These ads ran without a disclaimer,≤100
113721797245,Cherry Street Mission Ministries,CHERRY STREET MISSION MINISTRIES,≤100
665345483483486,NRA - National Rifle Association of America,NATIONAL RIFLE ASSN OF AMERICA,≤100
1305943179552668,Forrest Johnson,Forrest Nels Johnson,≤100
1701899883357807,Seed Your Future,Seed Your Future,≤100
193083094054755,Oxygen,These ads ran without a disclaimer,≤100
158791100909689,Concerned Veterans for America,Concerned Veterans for America,≤100
2010391362507021,IE Amazonians Unite,IE Amazonians Unite,≤100
135500133147357,ProEnglish,US INC,≤100
113351505349955,The Christian Broadcasting Network,The Christian Broadcasting Network Inc,≤100
1600352356914768,PushBlack,PushBlack,≤100
1156676274461345,Mikie Sherrill,MIKIE SHERRILL FOR CONGRESS,≤100
96935476345,Democratic Governors Association (DGA),Democratic Governors Association,124
1686283331662191,Shields Armory,Shields Armory,≤100
2365214577056673,Wesley Morgan,Clinton W Morgan,≤100
229812467461262,Big League Politics,Big League Politics,≤100
1456310534453054,Veteran Loans Online,"LMB OpCo, LLC",≤100
389119978332258,We Are Apartments,The National Association of Apartments and the National Multifamily Housing Council,≤100
354329797956187,The Catholic Association,"The Catholic Association, Inc",≤100
99039406843,Women Deliver,"Women Deliver, Inc.",≤100
305832706292882,American Gun Association,GunAssociation.org,≤100
103292801078614,Given No Choice: A History of Abortion Rights,Cody Patrick Mcdevitt,≤100
106029154202945,Trump Champion,Trump Champion,≤100
100256754899828,Patriot's Cave,Patriot's Cave,≤100
159964696102,Kevin McCarthy,KEVIN MCCARTHY FOR CONGRESS,≤100
245253212604748,Virgil Green for Oklahoma County Sheriff,Friends of Virgil Green,≤100
124626320898336,Catholic Extension,"CATHOLIC CHURCH EXTENSION SOCIETY OF THE UNITED STATES OF AMERICA, THE",≤100
1682876188698809,United for Respect,United for Respect,≤100
1951546235101796,Leo Dunson,Leo Louis Dunson,≤100
19219803864,Tax Foundation,TAX FOUNDATION,≤100
196731290352711,MDWCOMM,MDW Communications LLC,≤100
635850443292528,Nasty Woman Coloring,Nasty Woman Coloring,≤100
180396722015199,Reporters Without Borders (RSF USA),REPORTERS WITHOUT BORDERS INCORPORATED,≤100
121750354532995,Yale Program on Climate Change Communication,Yale Program on Climate Change Communication,≤100
76025018070,San Francisco-Marin Food Bank,San Francisco-Marin Food Bank,≤100
742790559090054,Alex Rowan Foundation,David Rowan,≤100
1754669597959219,Evie,Evie Magazine,≤100
243498882520314,FoodFinder,"FOODFINDER, INC.",≤100
2602473023098666,Democratic Polling Center,Democratic Governors Association,≤100
145913185948648,"TREE GOAT MEDIA, LLC","Tree Goat Media, LLC",≤100
172350046891,Dr. Dons Buttons,"RATLIFF ENTERPRISES, INC.",≤100
59543893235,National Constitution Center,National Constitution Center,≤100
161571717333879,Sharon Quataert Realty,These ads ran without a disclaimer,≤100
181183059253295,Dorsal Bracelets,Dorsal Bracelets,≤100
251108235780882,Marsha Van Denburgh for Connexus Director,Marsha Diane Vandenburgh,≤100
123963360928,SiriusXM,SiriusXM,≤100
2185993931653388,The Recount,"Recount Media, Inc",≤100
1353497654736436,Representative Robert Alley,Maine House Majority,≤100
267180743723148,National Geographic Society,National Geographic Society,≤100
115268821893794,Environmental Action,"Environmental Action, Inc.",≤100
111495005590988,Pattern,Pattern Energy,≤100
96171427550,Raja for Congress,FRIENDS OF RAJA FOR CONGRESS,≤100
1520483958208446,Seeger Weiss LLP,SEEGER WEISS LLP,≤100
1439364926329185,Animal Matters,Animal Matters,≤100
1690071827911682,Cleancult,cleancult,≤100
104504438466,Federal Voting Assistance Program - FVAP,Federal Voting Assistance Program (FVAP),≤100
1033248857066144,NewsDaylighter,General Memetics LLC,≤100
2012750189007245,Liquid Death Mountain Water,Liquid Death,≤100
110384547103318,Seeustore Store,These ads ran without a disclaimer,≤100
140944265994166,Center for Addiction Services and Psychotherapy Interventions Research,a research grant at The National Center on Addiction and Substance Abuse (CASA),≤100
243502949110951,Airport Workers United,SERVICE EMPLOYEES INTERNATIONAL UNION,≤100
2070944712939738,American Police Officers Alliance,American Police Officers Alliance,≤100
6502038524,First Book,FIRST BOOK,≤100
263210730984251,We Are Great Again Pac,WE ARE GREAT AGAIN PAC,≤100
499379343409991,Impact Fund,"IMPACT FUND, THE",≤100
151226798258064,Project Repat,These ads ran without a disclaimer,≤100
322043381633719,Gavin Clarkson for Senate,GAVIN CLARKSON FOR SENATE,≤100
223008867858902,American Action News,American Action News,≤100
19746387261,Humane Society International,Humane Society International,≤100
342887442508723,Convention of States,Convention of States Action,≤100
1667892193505378,Hold the House,HOLD THE HOUSE PAC,≤100
132492254050920,American AF,AAF Nation,≤100
30914589895,The International Fellowship of Christians and Jews,"INTERNATIONAL FELLOWSHIP OF CHRISTIANS & JEWS, INC.",≤100
198365307706211,Illegal The Project,Illegal The Project,≤100
143021112391265,Jacobin magazine,Jacobin Foundation,≤100
153278754738777,Climate Reality,The Climate Reality Project,≤100
8002590959,Rainforest Action Network,RAINFOREST ACTION NETWORK,≤100
111946517063849,Pets4Watkins,The Committee to Elect David Watkins,≤100
106436084103843,Security and Sustainability Guide,Michael J Sales,≤100
110304423857607,Patriot Wear,Brandon Kyle Fink,≤100
387055404685275,Basic Books,"Hachette Book Group, Inc.",≤100
394817334402124,2020 Trump Bill,Innovative Ecomm LLC,≤100
175716473032461,MamaP,MamaP,≤100
103376804451432,Trending Politics,Making Web LLC,≤100
107858693983382,The GOP Shop,The GOP Shop,≤100
7292655492,MoveOn,MOVEON.ORG CIVIC ACTION,≤100
108180596030668,Elizabeth Dole Foundation,Elizabeth Dole Foundation,≤100
1653885501501009,Propeller,Propeller Enterprises,≤100
109665250456365,The Armed Patriot,Kenneth Micheal Parkerson,≤100
184943371545358,ASTA - American Society of Travel Advisors,ASTA,≤100
437054476325946,Evan Power,"Evan Power, Red Florida",≤100
547176209061125,Medicare for All NOW,Medicare For All NOW!,≤100
108746510732149,Trump Mats,Conservative Movers,≤100
252126914850996,Labor Campaign for Single Payer,Labor for Single-Payer Healthcare,≤100
1485046298224624,Betsy Sweet,SWEET FOR SENATE,151
219776474783546,"Local, State & Federal Political News & Views",Kevin Lee Bryan,≤100
44340057816,UncommonGoods,UncommonGoods,≤100
102424843756,Pathways for Exceptional Children,"Pathways for Exceptional Children, Inc.",≤100
1055873511190792,Hello Resistance,Hello Resistance Apparel,≤100
345751305447288,Daugherty Water for Food Global Institute,Daugherty Water for Food Global Institute,≤100
592707041080920,Stand Together,Stand Together Chamber of Commerce Inc.,≤100
466279197281062,Slay The Dragon,Magnolia Pictures,≤100
15503839732,Peter G. Peterson Foundation,Peter G. Peterson Foundation,≤100
440850842779072,DuPage Policy Journal,Local Government Information Services,≤100
1640970822834351,Plaine Products,Plaine Products,≤100
172630052226,James Felton Keith,JFK ORGANIZERS,≤100
103131054573692,Crawfordology,Crawfordology,≤100
101539074715404,DiamondStop,These ads ran without a disclaimer,≤100
694340911004154,Americans for Intelligence Reform,Americans for Intelligence Reform,≤100
294508332028,Lakota People's Law Project,ROMERO INSTITUTE,≤100
1666922183524165,ReThink Energy NJ,ReThink Energy NJ,≤100
46508415624,Scott Taylor,Scott Taylor for Congress 2020,≤100
6041057841,The Humane Society of the United States,"HUMANE SOCIETY OF THE UNITED STATES, THE",≤100
336470580233523,Pins and Aces Golf Co.,US Craft Brands LLC,≤100
336440323158789,Jack Burkman Radio,Jack Burkman Radio,≤100
104117891137180,Everyday is a Second Chance,Shi Yuan Ge,≤100
165566613453452,ERLC,ETHICS AND RELIGIOUS LIBERTY COMMISSION OF THE SOUTHERN BAPTIST,≤100
2309566456030859,Human Coalition Action,Human Coalition,≤100
135403221037,City Journal,City Journal,≤100
204839835038,Mrs. Green's World,Mrs. Green's World,≤100
109330015765713,American Friends of the Episcopal Diocese of Jerusalem,AMERICAN FRIENDS OF THE EPISCOPAL DIOCESE OF JERUSALEM. INC.,≤100
11131463701,truth,TRUTH INITIATIVE FOUNDATION,≤100
159085947564255,American Sugar Alliance,American Sugar Alliance,≤100
130912793621553,Food Bank For New York City,Food Bank For New York City,≤100
108512875350,The Atlas Society,The Atlas Society,≤100
18983389920,Open Society Foundations,Open Society Foundations,≤100
126694924050678,Xavier Becerra,Becerra for Attorney General 2022,≤100
497081420632330,Hiral Tipirneni,HIRAL FOR CONGRESS,≤100
1311291038982513,2A Gear,Teecreations LLC,≤100
706716899745696,Women for Trump,"DONALD J. TRUMP FOR PRESIDENT, INC.",≤100
137051766452,Purusha People Clothing,Purusha People,≤100
7219151423,The Fund for American Studies (TFAS),The Fund for American Studies,≤100
149220264647,ADL - Anti-Defamation League,Anti-Defamation League,≤100
24470472733,The Trevor Project,The Trevor Project,≤100
303374266418976,AFPM,American Fuel & Petrochemical Manufacturers,≤100
27311599342,Preemptive Love,Preemptive Love Coalition,≤100
289359554914740,We Have A Stake,The ANCOR Foundation,≤100
102592959026,Ocean Conservancy,"OCEAN CONSERVANCY, INC.",≤100
18479402361,No Kid Hungry,No Kid Hungry,≤100
105781631046781,Centre for Environmental Policy - Imperial College London,These ads ran without a disclaimer,≤100
165152251812,Planet Bonehead,Robert E Donohue,≤100
571748412859876,Matt Rosendale,Matt Rosendale for Montana,≤100
105849717625995,Ben Sigel for Congress,BEN SIGEL FOR CONGRESS,≤100
709046012792616,National Audubon Society Action Fund,National Audubon Society Action Fund,≤100
125601018054667,BelleLily Fashion,These ads ran without a disclaimer,≤100
2353537341582545,Proud Patriots,"Unicorn Wealth, LLC",≤100
1543830612580575,Beesponsible,Beesponsible,≤100
7822408815,Jane Nelson,Friends of Senator Jane Nelson,≤100
111955243675833,Brut News,Brut Media,≤100
242960515598,Military Spouse,Victory Media DBA Military Spouse,≤100
45013872425,The Ripon Society,RIPON SOCIETY,≤100
317667194946264,Ro Khanna,RO FOR CONGRESS INC,≤100
1272534336242476,World101,Council on Foreign Relations,≤100
68771922854,Essence,Shaelyne Antonia Moodie,≤100
1836138529938551,Greater Half,Billy Benson,≤100
323631667743052,Rep. Rodney Davis,U.S. Rep. Rodney Davis,≤100
122174836956,Big Cat Rescue,BIG CAT RESCUE CORP.,≤100
278355662356517,BallotReady,"BallotReady, Inc",≤100
801245010232088,Generation Green New Deal,Tikkun Olam Films Incorporated,≤100
332717716852626,Andrew Warren,Andrew Warren for State Attorney,≤100
109575145733890,McGuireWoods Consulting,MCGUIREWOODS CONSULTING LLC,≤100
109116647123146,Matthew Leonard for State Senate,Matthew Joseph Leonard,≤100
981661448510937,Meraki Journey,Meraki Bracelets,≤100
917165515112598,Progressive Power,USA Unify Media Inc,≤100
309308412520731,Sandy Hook Promise,Sandy Hook Promise,≤100
102047517918,The Commonwealth Fund,"COMMONWEALTH FUND, THE",≤100
205427952822889,Ignatian Solidarity Network,These ads ran without a disclaimer,≤100
103664744402353,Medicare Saviors,Sean Thomas Hofmans,≤100
122773549121265,President Trump for Nobel Peace Prize 2020,Tarek None Kteleh,≤100
746708092061660,One Must Focus Media,Leonard E Palmer,≤100
2053696238043496,Superbestbuy.own,These ads ran without a disclaimer,≤100
602074469965571,Plan C,NATIONAL WOMENS HEALTH NETWORK,≤100
717417908274761,Lady Freethinker,Lady Freethinker,≤100
541807025833154,Malala Fund,Malala Fund,≤100
6500552187,Hulu,"HULU, LLC",≤100
105264094403642,Trump MAGA Swag,James Richard Griffin,≤100
102251168048537,3M Settlement,US Injury Quote,≤100
100195511560092,Injury Compensation Center,Injury Compensation Center,≤100
197760674021143,Indivisible Guide,INDIVISIBLE ACTION,≤100
103260531316562,Noisehound,Jacin Espinet Suskin,≤100
245815932119105,Wilton Simpson,Jobs for Florida,≤100
168109446538119,St. Martin's Press,St. Martin's Press,≤100
439466446237183,Retirement You Workshops,Retirement You,386
34370387440,JDRF,JDRF INTERNATIONAL,≤100
289213691238937,Thrasher Coffee,Thrasher Coffee Co.,≤100
1475056949212605,Charity Mobile,Charity Mobile,≤100
169746706728,Save Our Seas Foundation,Save Our Seas Foundation,≤100
498614766816477,Political Window,omyk.co,≤100
1290536624348001,Informed Immigrant,FWD.us Education Fund,≤100
195155184265445,Choosing Clean Energy: A Campaign of The Nature Conservancy,Nature Conservancy,≤100
130945114804,World Jewish Congress,WORLD JEWISH CONGRESS AMERICAN SECTION INC,≤100
723136714746586,The Common Ground Project,"The Common Ground Project, Inc.",≤100
1084856268238034,Trump Talking,Roberto None Lugo,≤100﻿
67626834312,National Women's Law Center,National Women's Law Center,≤100
15779440092,National Review,"NATIONAL REVIEW, INC.",≤100
241994476248897,Wild Minimalist,Wild Minimalist,≤100
1055873511190792,Hello Resistance,These ads ran without a disclaimer,≤100
108223613871921,Re-Elect Trump 2020,Beyond Patriots LLC,≤100
108177123941208,AVRA,Antelope Valley Republican Assembly,≤100
102782516806826,Kindle Books By Joe Dacy,Joe  Dacy,≤100
110022477032429,Mike Franken,FRANKEN FOR IOWA,≤100
1018914308173454,FStop Foundation,"FSTOP FOUNDATION INC, THE",≤100
105939787713902,Military Injury Report 2020,The Finance Advocate,≤100
1502597423327057,Rep. Doug LaMalfa,Rep. Doug LaMalfa,≤100
167721133253158,The White House Historical Association,These ads ran without a disclaimer,≤100
132732160104163,Ford Foundation,"FORD FOUNDATION, THE",≤100
1927977257228284,Jack Murphy,I Love My Freedom,≤100
473558703216022,Gabfest,Paul W Queen,≤100
939489182849039,Ruben Major,Ruben Major for Oceanside Mayor,≤100
176398092558933,Joe Baldacci,Joseph M. Baldacci,≤100
927809933968663,SupChina,SupChina,≤100
90671958533,Lexus,These ads ran without a disclaimer,≤100
33110852384,Doctors Without Borders/ Médecins Sans Frontières (MSF),Doctors Without Borders/Médecins Sans Frontières (MSF),188
106896930901493,Support The Military,These ads ran without a disclaimer,≤100
1374260589465543,Sheepdog Church Security,Sheepdog Church Security,≤100
100579177991814,Linda Thompson Gonzalez for FL House 93,LindaTGonzalez for Florida State House District 93,≤100
104245131196246,Jordan Richard,Jordan Eric Richard,≤100
290619938124217,TropicSport,Chase Keola Sagum,≤100
2225580284361712,Tommy Tuberville,"TUBERVILLE FOR SENATE, INC.",≤100
957641814627684,Collaborative Imaging,Collaborative Imaging LLC,≤100
172758932738142,PhRMA,PHARMACEUTICAL RESEARCH AND MANUFACTURERS OF AMERICA,≤100
825475597557324,trueself,cleancult,≤100
14084625156,Susan G. Komen,Susan G. Komen,≤100
100391988083233,Triggered Freedom Apparel,Triggered Freedom Apparel,≤100
1615018905412860,Progressive Turnout Project,PROGRESSIVE TURNOUT PROJECT,≤100
107898117511057,Military Legal Advice 2020,The Finance Advocate,≤100
181813995726,Avalara,"AVALARA, INC.",≤100
6204742571,Sierra Club,SIERRA CLUB,≤100
264774890721566,Clear Energy Alliance,Clear Energy Alliance,≤100
314499212242,Pfizer,Pfizer Inc.,≤100
112955806896246,Dalia Al-Aqidi,Dalia for Congress,≤100
6315243665,Faith in Public Life,"FAITH IN PUBLIC LIFE, INC.",≤100
100568064752583,Hannah for Council,Campaign Fund of Hannah LeGris,≤100
259130650776119,Mitch McConnell,MCCONNELL SENATE COMMITTEE,≤100
375760676281438,Mermaid Straw,Mermaid Straw,≤100
150720154976207,Protect My Public Media,"APTS Action, Inc.",≤100
128167457221813,Public Transportation,Voices for Public Transit,≤100
846088015412976,The Catholic University of America - Busch School of Business,Jeffrey Giddens,≤100
198296877515470,Switch4Good,Switch4Good,≤100
101420418036481,Catherine Parker for Congress,Louis Thomas Young,≤100
280267791996700,Conservative Victory Fund,CONSERVATIVE VICTORY FUND,≤100
1719463118318375,Bees In The D,BEES IN THE D,≤100
404041503001995,Time On The Hill,"Time On The Hill, Inc.",≤100
292710704135765,Young Evangelicals for Climate Action,Young Evangelicals for Climate Action,≤100
1449461518652183,4Patriots,4Patriots LLC,≤100
175403889150682,FindLaw.com,FindLaw Consumer,≤100
264115353958802,Independence Party,Brent Morris,≤100
28446275521,Military Officers Association of America (MOAA),Military Officers Association of America,≤100
8473889271,National Parks Conservation Association,National Parks Conservation Association,≤100
161453087348302,The Committee to Defend the President,THE COMMITTEE TO DEFEND THE PRESIDENT,≤100
1655317144553574,Major Williams For Mayor Of Pasadena,Major Williams for Mayor of Pasadena 2020,≤100
15239367801,The Wilderness Society,"WILDERNESS SOCIETY, THE",≤100
48570030993,The Lanier Law Firm,Grace Lamb,≤100
118502801658228,Young Kim,Young Kim for Congress,≤100
106333028376,"Nichols Kaster, PLLP",Nichols Kaster PLLP,≤100
365591516828390,Georgia's WIN List,Georgia WIN List,≤100
518805738317612,AMAZE Parents,AMAZE.org,≤100
101095043361,Americans United for Life,AMERICANS UNITED FOR LIFE,≤100
1708467695859543,Veteran Transition Mission,Sonia Ivelisse Barriera Ayala,≤100
283511548477587,ADD Advocate,Aaron Lawrence Friedman,≤100
1262237997166592,Make America Laugh Again,Samy Abdeslem Chouia,≤100
49906899425,Ramapo College of New Jersey,Ramapo College of New Jersey,≤100
105756057589080,The Lincoln Project,The Lincoln Project,≤100
7642602143,Mother Jones,FOUNDATION FOR NATIONAL PROGRESS,≤100
260131294484,Bethesda Lutheran Communities,Bethesda Lutheran Communities,≤100
42597808880,Ami Horowitz,Ami Horowitz,≤100
280763772317023,Bowl Faced Liar,Will Joseph Schreiber,≤100
235979110617339,Real Truth and Power,Everett Mitchell Winchester,≤100
105025901091483,Republican Party Strong,James R Oddo,≤100
1747132688647028,Democratic Association of Secretaries of State,Democratic Association of Secretaries of State,≤100
101784008065542,Commit to Seniors,American Commitment,≤100
240541500603,Lone Star Project,Lone Star Project Nonfederal,≤100
152334631910868,Brewers Association,Brewers Association,≤100
95335385742,National Fish and Wildlife Foundation,NATIONAL FISH AND WILDLIFE FOUNDATION,≤100
6422138883,92nd Street Y,92nd Street Y,≤100
333081284065216,Brynne Kennedy for Congress,BRYNNE KENNEDY FOR CONGRESS,≤100
711909245654048,National Police Support Fund,National Police Support Fund,≤100
152258821985032,Disrupt Aging,AARP,≤100
873550809444862,Mighty Earth,Mighty Earth,≤100
111728175531138,Green Building Solutions!,American Chemistry Council,≤100
243510442756370,Justice Democrats,JUSTICE DEMOCRATS PAC,≤100
7263476274,Mercy Corps,Mercy Corps,≤100
346160419639660,Awhi US,Keen Social,≤100
219247332354785,Phil Arballo for Congress,ARBALLO FOR CONGRESS,≤100
106136417435051,Iwantmyoceanback,Iwantmyoceanback,≤100
262610761306,Counterpoint Press,Counterpoint Press,≤100
16534314739,Facing History and Ourselves,"FACING HISTORY AND OURSELVES NATIONAL FOUNDATION, INC.",≤100
940653386126953,Standingwithyou.org,Standing With You,≤100
96710501132,Eurasia Group,"EURASIA GROUP, LTD.",≤100
304174600459936,Front Porch Sense,Marnie Lynn Kuhns,≤100
163055010716637,G95,Peter Carlton Solle,≤100
35169196082,Project HOPE,"PROJECT HOPE-THE PEOPLE-TO-PEOPLE HEALTH FOUNDATION, INC.",123
383877235817031,Keep America Great,Keep America Great,≤100
131352838109,Congressman Darrell Issa,DARRELL ISSA FOR CONGRESS,≤100
897364397028991,Christian Family Coalition FL,Christian Family Coalition,≤100
2059019737447210,ChangeRoots,ChangeRoots,≤100
1934721976748070,Perspective Wealth Planning,Perspective Wealth Planning,≤100
24330467048,Americans for Prosperity,AMERICANS FOR PROSPERITY,≤100
219842411373576,Faith Mission,Lutheran Social Services of Central Ohio,≤100
392090254579689,The Nazarene Fund,The Nazarene Fund,≤100
101295517956158,Tricia Zunker for Wisconsin,Tricia Zunker for Wisconsin,≤100
167586229923327,World Food Program USA,World Food Program USA,≤100
108777231824,Manhattan Institute for Policy Research,MANHATTAN INSTITUTE FOR POLICY RESEARCH INC,≤100
203197030603239,8 Billion Trees,8 Billion Trees LLC,≤100
1934158976830122,Sean Casten for Congress,CASTEN FOR CONGRESS,≤100
2191115281219026,Terry Neese For Congress,NEESE FOR CONGRESS,≤100
142370046577999,Shahid Buttar for Congress,Shahid Buttar for Congress Committee,≤100
170591064699,Southern Poverty Law Center,"SOUTHERN POVERTY LAW CENTER, INC., THE",≤100
262014011153122,Maine Forward,MAINE CENTER FOR ECONOMIC POLICY,≤100
25254987383,Joyce Meyer Ministries,"JOYCE MEYER MINISTRIES, INC.",≤100
129093317111985,Rx Outreach,Susan Gabrielle Fodor,≤100
314463908651,After Fifty Living,Joanne Sullivan Lema,≤100
173837496125511,Conscious Step,Conscious Step,≤100
102745147891580,Trump Coolers,Eric Clifford Juels,≤100
366351973736242,Red Rock Secured,Red Rock Secured,≤100
25852730092,Care2,Care2 Inc,≤100
77903485992,Concerned Women For America LAC,CONCERNED WOMAN FOR AMERICA LEGISLATIVE ACTION COMMITTEE,≤100
210100860523,Braille Institute,Braille Institute,≤100
1438808983108348,BOLD PAC,CHC BOLD PAC,≤100
51379424899,Mercy Ships,MERCY SHIPS INTERNATIONAL,≤100
158233651450504,The Palestine Institute for Public Diplomacy,The Palestine Institute for Public DIplomacy,≤100
399067003454888,Sudan Relief Fund,Sudan Relief Fund Inc,≤100
276702939702491,Santa Barbara for Safe & Local Transport,Santa Barbara for Safe and Local Transport,≤100
441939622871159,Midcoast Women,Pamela J Maus,≤100
48243460844,Equal Justice Initiative,EQUAL JUSTICE INITIATIVE,≤100
345504286342057,Keeping America Great Again,RightWingGear.com,≤100
117165741681229,International Crane Foundation,"INTERNATIONAL CRANE FOUNDATION, INC.",≤100
109966290494892,Wagoner Law Firm,Nicholas Jordan Wagoner,≤100
126053105675,Save the Redwoods League,Save The Redwoods League,≤100
602040603170590,Americans for Food and Beverage Choice,Americans for Food and Beverage Choice,≤100
1402827079932843,Low Income Relief,The Lighthouse Information Network LLC,≤100
192738164073627,A Better Balance,A BETTER BALANCE,≤100
219224241438635,Compassion & Choices,COMPASSION & CHOICES,≤100
307385186526520,Knowles Farm Scents,Travis J Knowles,≤100
12357407443,American Friends Service Committee,AMERICAN FRIENDS SERVICE COMMITTEE,≤100
210357995667559,The National Memo,The National Memo,≤100
391991891587979,Epoch News App,These ads ran without a disclaimer,≤100
291260461373618,News and News,News and News,≤100
394908994644248,Careers and Jobs,These ads ran without a disclaimer,≤100
104673021138627,Never Say Die Tees,Never Say Die Tees,≤100
359933137438156,Nine Line Apparel,Nine Line Apparel,≤100
100577113613446,Rock Your Bathroom,SK LANG Products,≤100
1340560252687219,MISSIO Hair,MISSIO HAIR,≤100
7962229886,Environmental Working Group,ENVIRONMENTAL WORKING GROUP,≤100
107626047540927,Veteran Earplug Claims,My Earplug Injury,≤100
1194865807192273,Conservative Gear,Outergoods LLC,≤100
109613870586532,Universal Death Care - Dr. Reagan Anderson,Reagan Banning Anderson,≤100
7860876103,Joe Biden,BIDEN FOR PRESIDENT,652
2068143630136254,IOOGO Tax,Josue E Alballero Constanza,≤100
114710126648118,Republican Dogs,Republican Dogs,≤100
560140464159364,Stand for the 2nd Amendment,SFT2 Tactical Supply,≤100
101317101242156,Make America Kind Again,Benevolently,≤100
410595875750098,Todd Graham - America's Debate Coach,Steven Todd Graham,≤100
1945237355733646,Giving Brush,Giving Brush LLC,≤100
594519783957655,Citizens for National Security,Citizens For National Security,≤100
1572918566306585,The Foreign Desk,These ads ran without a disclaimer,≤100
111982742583496,Kairos Traders,YOUTH WITH A MISSION STRATEGIC FRONTIER,≤100
483987631637740,Heather McDonald,Peter James Dobias,≤100
602714436529710,End Citizens United,END CITIZENS UNITED,≤100
332172544231683,America's Plastic Makers,"AMERICAN CHEMISTRY COUNCIL, INC.",≤100
405469100189512,Still My President - Donald Trump,Red State Politics LLC,≤100
200676905671,We Are ALPA,Air Line Pilots Association,≤100
29776517202,Second Harvest Heartland,SECOND HARVEST HEARTLAND,≤100
872741586076901,Tony YOLO,Wael None Nammari,≤100
100725841437863,Trumpgirltx,Trump Girl TX,≤100
192771954102960,Jordan Sekulow,American Center for Law and Justice,≤100
103372041280696,Jennifer Butler,Gregory Philip Williams,≤100
679171239164792,Supermajority,Supermajority Education Fund,≤100
21898300328,BuzzFeed,These ads ran without a disclaimer,≤100
105698674239617,Embed News,Embed News,≤100
193618220508,LIFE Today,LIFE Outreach International,≤100
454663890502,Alliance for Patient Access,ALLIANCE FOR PATIENT ACCESS,≤100
100862764890980,Stop the Spread,"Health Care Voices, a project of Social Good Fund",≤100
8934429638,Planned Parenthood Action,Planned Parenthood Action Fund,≤100
420424547981908,In Search of Liberty,Scott Dennis Welch,≤100
110563080301468,Candidles,Lighthouse Financial Technologies,≤100
136126341809,American Bird Conservancy,American Bird Conservancy,≤100
41309865723,Democrats.com,DEMOCRATS.COM,≤100
192013990902459,Roy Cooper,Cooper For North Carolina,≤100
1835838916635491,Transamerica Center for Health Studies,Transamerica Center for Health Studies,≤100
425303257834064,Tom Basile,TomBasile.com,≤100
101150021367551,Renee Swann for Congress,Renee Swann for Congress,≤100
72565633140,Soles4Souls,These ads ran without a disclaimer,≤100
67178485959,Ploughshares Fund,PLOUGHSHARES FUND,≤100
108748565833974,Purpose,Purpose,≤100
107529180805827,Survival Guide,Seen Yung Christy Wong,≤100
356482637745012,Stansberry Research,Stansberry Research,≤100
124853147616512,Send2Press Newswire,Neotrope dba Send2Press,≤100
109421543889483,Downeast Wind,Downeast Wind,≤100
119283008140727,Pela Case,These ads ran without a disclaimer,≤100
129914120385683,Families USA,Families USA,≤100
100847831440144,Trump 2020 Tees,Robert William Zagby,≤100
18813753280,Human Rights Campaign,"HUMAN RIGHTS CAMPAIGN, INC.",≤100
26006662641,Arizona Democratic Party,Arizona Democratic Party,≤100
8914040942,Chesapeake Bay Foundation,"CHESAPEAKE BAY FOUNDATION, INC., THE",≤100
953113491536337,Black to the Future Action Fund,Black to the Future Action Fund,≤100
1585761838387907,Unity College Online,Unity College,≤100
431099560800970,Front Page Live,"Front Page Live, Inc.",≤100
107305447560084,Just Win 2020,Andrew James Renk,≤100
101210588150219,Boy Scouts Abuse Claims,X Social Media LLC,≤100
546497545399440,ASEC - African Sisters Education Collaborative,African Sisters Education Collaborative (ASEC),≤100
458928061510318,Rita Hart for Iowa,RITA HART FOR IOWA,≤100
73970658023,International Rescue Committee,International Rescue Committee,210
681016675362080,u4See,Aviad Sar Shalom Giath,≤100
105175422857231,Association of American Railroads,ASSOCIATION OF AMERICAN RAILROADS,≤100
100489714905608,Democracy Network,Democracy Network,≤100
121725593970,Susana Martinez,Megan Nicole De La Rosa,≤100
153678684700451,American Investment Council,AMERICAN INVESTMENT COUNCIL,≤100
79125112926,Students for Life of America,"STUDENTS FOR LIFE OF AMERICA, INC.",≤100
56431624743,Ceres,"Ceres, Inc.",≤100
76625396025,CDC,These ads ran without a disclaimer,≤100
164966660351345,Hope Outfitters,Hope Outfitters,≤100
51791915551,Binghamton University,Binghamton University,≤100
823946404613948,The President Trump Fan Club,I Love My Freedom,≤100
23875187730,Feeding America,Feeding America,≤100
1001412010049604,Peace 24-7,John D Linnehan,≤100
106245384043438,Tims For Congress,FRIENDS OF DESIREE TIMS,≤100
107188347314984,XpreSole,These ads ran without a disclaimer,≤100
630841967406196,StepChange Clothing,Joseph Harry Wagner,≤100
300992409852,Hoover Institution,Hoover Institution,≤100
265045056894488,Mark Meckler,Convention of States Action,≤100
109678580574253,Politicool Clothing Co.,PolitiCoolClothing.com,≤100
227535924071462,Animal Petitions,AnimalPetitions.org,≤100
107834404161011,2econd Rights,Oscar Jose Trinidad,≤100
1883837055193241,Shield Republic,Shield Republic,≤100
121067011091,Arab American Institute,Arab American Institute Foundation,≤100
110557007154443,Robert Aderholt for Congress,Robert Aderholt for Congress,≤100
102377984581168,A Democrat in the Wilderness,Emmanuel Fourakis,≤100
2336022790003836,Patients + Providers United,Patients and Providers United,≤100
1800072483402009,African Community & Conservation Foundation,African Community & Conservation Foundation,≤100
1709657975990391,Colorado Times Recorder,Colorado Times Recorder,≤100
142665849854371,House Freedom,HOUSE FREEDOM FUND,≤100
165551260479306,Lifting Hands International,Lifting Hands International,≤100
277005566267077,Blueland,Blueland,≤100
1425435377743310,Conversations with Bill Kristol,The Foundation for Constitutional Government,≤100
6726182861,Mike Pence,"DONALD J. TRUMP FOR PRESIDENT, INC.",≤100
7833534974,Florida Democratic Party,Florida Democratic Party,≤100
683872625157265,Theresa Greenfield,THERESA GREENFIELD FOR IOWA,≤100
160121147343076,Enviva,Florence Olivia Lochrane,≤100
21455818797,Feed the Children,"FEED THE CHILDREN, INC.",≤100
645538035569431,FundKite,AKF Inc. dba FundKite,≤100
108505303942541,Now Hear Me Out Podcast,Now Hear Me Out Podcast,≤100
112942500238297,Trees4Australia,Trees4Australia,≤100
101568761447230,Compensation Experts USA,Injury Compensation Center,≤100
15687409793,World Wildlife Fund,World Wildlife Fund,≤100
1637823176332591,Ecocred,Branislav Seslija,≤100
273546779885377,The Gallant Pelham,"The Gallant Pelham, LLC",≤100
192015461630968,Supporting Our Brave Veterans,James Brian Plouf,≤100
428821014132730,Katie Porter,Katie Porter For Congress,≤100
156296274419595,HarperCollins,HARPERCOLLINS PUBLISHERS L.L.C.,≤100
169130743498585,Tactical Pro Supply,Chad Keller,≤100
77790954801,Salesian Missions,Salesian Missions,≤100
370622083412823,John Connor for State Senate,Citizens to Elect John Connor,≤100
107199049318619,Friends of Derek Kilmer,PEOPLE FOR DEREK KILMER,≤100
134414890148,Georgetown Law,Georgetown Law,≤100
139599847972,National Nurses United,BE A HERO PAC,≤100
1526736227567131,TrueCoverage,True Coverage,≤100
8492293163,Environmental Defense Fund,Environmental Defense Fund,≤100
292327054263168,Elvira Baryakina,These ads ran without a disclaimer,≤100
67553971312,The Century Foundation,"CENTURY FOUNDATION INC, THE",≤100
355852771752851,Mel for Progress,COMMITTEE TO ELECT MEL GAGARIN,≤100
109795371069,Community Action Services and Food Bank,"COMMUNITY ACTION SERVICES AND FOOD BANK, INC.",≤100
105281310938561,Evelyn For New York,Evelyn For NY,≤100
51535604750,Maine Center for Economic Policy,MAINE CENTER FOR ECONOMIC POLICY,≤100
11791104453,NRDC,Natural Resources Defense Council,≤100
907919839243616,My Faith Votes,My Faith Votes,≤100
587681288088728,Adam Brandon,"FREEDOMWORKS, INC.",≤100
209187239098381,Treatment Advocacy Center,TREATMENT ADVOCACY CENTER,≤100
303340767054069,floa,Michael Anthony Stagno,≤100
1836138529938551,Greater Half,Greater Half,≤100
102311291365182,3M Claim Hub,US Injury Quote,≤100
138253403016998,Shootingtargets7,These ads ran without a disclaimer,≤100
112252320119719,"Aycha Sawa, CPA for Comptroller",Aycha Sawa for Milwaukee City Comptroller,≤100
134571176638205,One Tree Planted,One Tree Planted,≤100
1745418332339003,Aspire Gear,Aspire Gear,≤100
305107172859194,Defeating Trump and the Republican Party,"Voices of Health Care Action, a project of Gamechanger Networks",≤100
182620315479,Plan International USA,Plan International USA,≤100
104837654463416,Health Smarts,Ariel Earl Jordan,≤100
112621057029615,Stay Home Save Lives,"Stay Home, Save Lives",≤100
56780242206,Agros International,Sierra Hana Golden,≤100
53167307346,Communist Party USA,Communist Party USA,≤100
101591551371555,Fire Mitch. Save America.,SAVE AMERICA FUND,≤100
156931324783705,New Beginnings Jobs Unlimited Program,These ads ran without a disclaimer,≤100
106896930901493,Support The Military,My Earplug Injury,≤100
113135913568107,Sayers for Kennebec County Sheriff 2020,Michael Joseph Sayers,≤100
59877921429,Lutheran Immigration and Refugee Service,"LUTHERAN IMMIGRATION AND REFUGEE SERVICE, INC.",≤100
804568342964376,2nd Amendment Rights,One Nation Design,≤100
417522508294454,Job Creators Network,Job Creators Network,≤100
104845836238949,World Animal Protection US,World Animal Protection,≤100
1752355788333516,Joe Schriner For President 2020,Joseph Moreaux,≤100
7976226799,The Daily Show,Comedy Central,≤100
1884107931849913,Republicans for the Rule of Law,Defending Democracy Together,≤100
2102809453136561,Term Limit Pledge,TermLimitPledge.Org,≤100
456726427701838,Who Stole the American Dream?,Reclaim The American Dream,≤100
111970730196550,World War Zero,AMERICAN SECURITY PROJECT,≤100
105405850844814,Mark Whitney for President,Ellerton Pratt Whitney,≤100
67596047263,Fairness Campaign,FAIRNESS CAMPAIGN INC,≤100
2339134342996649,SuperPill,Super Pill Health Inc.,≤100
276131699084792,YWAM Los Angeles,YWAM Los Angeles,≤100
830890360316751,Nick Hanauer,Civic Action,≤100
202626512363,U.S. Census Bureau,U.S. Census Bureau,816
51359055679,LeadingAge,"LEADINGAGE, INC.",≤100
989115077828893,John Muir Project of Earth Island Institute,John Muir Project,≤100
102010211314386,Donald Trump 2020 Voters,I Love My Freedom,≤100
136714166339952,Health In Harmony,Kristen Annette Grauer,≤100
108953413953229,Adam for Idaho,Adam Joshua Frugoli,≤100
192050348010972,ZenLedger,These ads ran without a disclaimer,≤100
169204449790211,Conservative News Today,"BizPac Review, Inc.",≤100
102314011228013,Hear Our Voice Store,These ads ran without a disclaimer,≤100
98912141410,American Forests,American Forests,≤100
1996971637047489,ProQuest Schools & Communities,PROQUEST LLC,≤100
162616177521935,ACM Strategies,ACM Strategies,≤100
298827966811602,Trump Recession,Maurice Lane Ponsart,≤100
70795936969,Children International,CHILDREN INTERNATIONAL,≤100
399060493533519,The Justice Foundation,JUSTICE FOUNDATION,≤100
142474049098533,Robert Reich,Penguin Random House LLC,≤100
2078647579047586,Project Pulso,Project Pulso,≤100
100284010017717,Foster Friess,Foster Friess,≤100
195561910471475,CATALYST.cm,Catalyst.cm,≤100
17023576156,The Leadership Conference on Civil and Human Rights,The Leadership Conference on Civil and Human Rights,≤100
82637311931,Citymeals on Wheels,CITYMEALS-ON-WHEELS,≤100
163148530407080,Captain Mark Kelly,MARK KELLY FOR SENATE,≤100
1058347004223735,Bettyann Sheats Maine House,Maine House Majority,≤100
1478671962158641,Country Bumpkin,Robert Clifford Millender,≤100
106883907479649,HUPAC - Health Underwriters Political Action Committee,NATIONAL ASSOCIATION OF HEALTH UNDERWRITERS PAC (HUPAC),≤100
298964866859647,Flows To Bay,Flows To Bay,≤100
21834534343,Volunteers of America,"VOLUNTEERS OF AMERICA, INC.",≤100
114988926312,HITN,HITN - Hispanic Information and Telecommunications Network,≤100
420785874975425,Conservative Institute,The Conservative Institute,≤100
1799282383731277,TwoSeventy,Alexander Jared Deutsch,≤100
49651563727,Live Action,Live Action,≤100
2188424341404612,Project Ready,Project Ready,≤100
1864721517082089,Democratic Attorneys General Association,Democratic Attorneys General Association,≤100
106747154295357,World-Class Hearing,These ads ran without a disclaimer,≤100
100666038243915,Trump Flag 2020,Gold Sky Ventures LLC,≤100
190987118163092,Connected Clothing Company,Connected Clothing Company,≤100
169561162745,The National Wild Turkey Federation,"NATIONAL WILD TURKEY FEDERATION, INC.",≤100
422362971693359,MenRec,George Weiss,≤100
46808654791,Eric Steffensen Music,Eric Steffensen,≤100
327202261326682,Stephanie Bice,Bice for Congress,≤100
314121315788033,Stand with Parkland,Stand With Parkland,≤100
566008736785269,Be Heard Project,Be Heard Project,≤100
107334019308912,Olive Crest - USA,OLIVE CREST,≤100
105561217523274,The_Dispatch,"Dispatch Media, Inc.",≤100
302111635698,National Association of Tax Professionals (NATP),National Association of Tax Professionals,≤100
100137754724934,Trump 2020 Supporters,Proud Right Winger,≤100
123651254408327,Sokolove Law,"Sokolove Law, LLC",≤100
318480768242072,We Are Child Care Illinois,SEIU Healthcare Illinois & Indiana,≤100
135298176481584,Marine Corps Scholarship Foundation,Marine Corps Scholarship Foundation,≤100
43647453076,familydoctor.org,AMERICAN ACADEMY OF FAMILY PHYSICIANS,≤100
319982881752525,Kara Eastman,EASTMAN FOR CONGRESS,≤100
488460945012999,President Trump 2020,Trump Collections,≤100
1833879943496521,Spread The Vote,Spread the Vote,≤100
102756811269921,Fellow Americans,Fellow Americans,≤100
612962745728947,yaaarrrd,These ads ran without a disclaimer,≤100
433446973789052,Let Us Vote For A Balanced Budget Amendment Citizen's Campaign,Let Us Vote For A Balanced Budget Amendment Citizen's Campaign,≤100
8321461609,MomsRising.org,MomsRising Education Fund,≤100
356501381631264,Jerusalem Post,Diane Elise Haner,≤100
102540204580217,UpNorthNews,Courier Newsroom,≤100
77852784853,Absolut,Pernod Ricard USA,≤100
90498769709,Edenpure,EdenPURE®,≤100
188383074570800,Aquapparel,Aquapparel,≤100
100585318107139,"Mark Alan Harrison for Constable, Harris County Precinct 5",The Mark Alan Harrison Campaign,≤100
614134231980299,Veterans Empowered To Protect African Wildlife,VETPAW INC,≤100
525171637666780,Sandy Piña California Delegate,RCR,≤100
544741092252764,Congressman Jason Smith,Congressman Jason Smith,≤100
421071442006280,Jacob Campbell for Legislature,FRIENDS OF JACOB CAMPBELL INC,≤100
360303722260,Kathleen Williams for Montana,KATHLEEN WILLIAMS FOR MONTANA,≤100
102617961152741,Barbara Bollier,BOLLIER FOR KANSAS,≤100
300774350436838,topplr,Data Genomix,≤100
490772387954022,Suraj Patel,Friends of Suraj Patel,≤100
131217580266597,National Council on Aging,"NATIONAL COUNCIL ON AGING, INC.",≤100
391872261636792,2020unity,"ForFact LLC, DBA 2020unity",≤100
102413723172970,Nick Adams,Nick Adams,≤100
304600892905134,Hillsdale College Online Courses,HILLSDALE COLLEGE,≤100
692098794280101,Seth Gruber,Seth David Gruber,≤100
106250831014171,Conservative Nonno,Frank Joseph Vaccarelli,≤100
468906559794011,LaunchGood,LaunchGood Inc.,≤100
1812708279016004,PalmieriReport,Jacob William Palmieri,≤100
7474340746,Human Rights First,HUMAN RIGHTS FIRST,≤100
322870825821,Macmillan Audio,"HOLTZBRINCK PUBLISHERS, LLC",≤100
11006419356,The Voice of the Martyrs - USA,"VOICE OF THE MARTYRS, INC., THE",≤100
114381685773074,One Man's Opinion,One Man’s Opinion,≤100
165014546858456,Free To Choose Network,FREE TO CHOOSE,≤100
28510612138,Uncommon Knowledge,Hoover Institution,≤100
156968474833352,Stop Republicans,Stop Republicans,191
296356694135040,Goods Unite Us,Goods Unite Us,≤100
196098536897,Texas Right to Life,Texas Right to Life,≤100
1336293769761923,Jon Ossoff,JON OSSOFF FOR SENATE,≤100
57259033959,AARP,AARP,≤100
93104154930,Voices for the Voiceless,"Voices for the Voiceless, Inc.",≤100
111182343682003,Certified CCW,CertifiedCCW.com,≤100
1118677698164230,Meli Wraps,Jaime Ella Harmon,≤100
227330344038678,Disco Donnie Presents,Disco Donnie Presents,≤100
497348647140658,Point Source Youth,Point Source Youth,≤100
752537334781687,Tanner Chidester,These ads ran without a disclaimer,≤100
57615046615,Rainforest Trust,RAINFOREST TRUST INC,≤100
2187379771585316,Protect Maine's Fishing Heritage,Protect Maine's Fishing Heritage,≤100
143173285763,Tenth Amendment Center,Tenth Amendment Center,≤100
103384664607891,Gilbert Simon MD,Gilbert Simon MD,≤100
202626512363,U.S. Census Bureau,These ads ran without a disclaimer,≤100
18017481462,Acton Institute,Acton Institute,≤100
152351908154834,Union Gospel Mission Twin Cities,UNION GOSPEL MISSION ASSOCIATION OF ST PAUL INC,≤100
102389457864860,Treehuggers Bracelets,ECOMX LLC,≤100
110280253735683,Alexandria Ocasio-Cortez Fan Club,Imran M Jemal,≤100
26689153393,Muslim Public Affairs Council - MPAC,MUSLIM PUBLIC AFFAIRS COUNCIL,≤100
213998472307,Hoosier Environmental Council,"HOOSIER ENVIRONMENTAL COUNCIL, INC",≤100
146704311893,Montana Food Bank Network,Montana Food Bank Network Inc.,≤100
109576973724849,Dwayne "Duke" Buckner,COMMITTEE TO ELECT DWAYNE T. BUCKNER FOR UNITED STATES SENATE,≤100
1824503584434809,I Vaccinate,Michigan Department of Health and Human Services,≤100
8057376739,The Nature Conservancy,Nature Conservancy,≤100
1452551204988299,GoReact,Speakworks Inc,≤100
510680265702016,Crowned Free,Crowned Free,≤100
113335773562471,President Trump For Re-Election,Great American Era,≤100
2046280975668889,LeftvsRightIQ.com,LvR Intelligence LLC,≤100
109374912424067,Drew McKissick,DrewMcKissick.com,≤100
138492335404,Scott Walker,"Walker Group, LLC",≤100
294196590710262,FWD.us,FWD.us,≤100
19192438096,AAAS - The American Association for the Advancement of Science,American Association for the Advancement of Science,≤100
263813250409546,Ugly Xmas Sweater Shop,Steven W Tyler,≤100
107155540841212,Proud Patriot America,Proud Patriot,≤100
105610970947657,MY 2A GEAR,Leon Mckensizy Dunn,≤100
916623425064173,One Nation,One Nation,843
524399207959953,Truth & Liberty Coalition,Truth & Liberty Coalition,≤100
106406727517594,2020 Trump,Christopher Joseph Garner,≤100
662962894077729,The Well News,The Well News,≤100
533347293669517,Great American Era,Great American Era,≤100
102502228065215,Red Baron Cosmetics,James Michael Schmidt,≤100
99056648937,NIAC,NIAC Council,≤100
104113087669604,Opportunity Arizona,Opportunity Arizona,≤100
51563216731,Exeter Historical Society,Laura D Martin,≤100
17203056985,Partners In Health,Partners In Health,≤100
12683623041,Society for Human Resource Management (SHRM),SOCIETY FOR HUMAN RESOURCE MANAGEMENT,≤100
1082522201878539,Gina Ortiz Jones for Congress,GINA ORTIZ JONES FOR CONGRESS,≤100
281844617168,Jewish Voice Ministries International,JEWISH VOICE MINISTRIES INTERNATIONAL,≤100
1333129930100627,Eric Brakey for Congress,BRAKEY FOR CONGRESS,≤100
481717441888024,Mamaroneck Coastal,Mamaroneck Coastal Environment Coalition,≤100
126893748252841,American Firearms Coalition,American Firearms Coalition,≤100
101391906600,Live Action News,Live Action News,≤100
290851614930809,Combat AntiSemitism,Combat Anti-Semitism,≤100
215689771967950,Plastic Tides,"Plastic Tides, Inc.",≤100
306591716448427,Cindy Axne,CINDY AXNE FOR CONGRESS,≤100
110257623864359,Cool Mud Flaps,"OHIO LASER, LLC",≤100
455147011996099,The Ann and Phelim Scoop,The Unreported Story Society,≤100
29092950651,TED,TED Conferences,≤100
537299709721112,Advantage Gold,Advantage Gold Group,≤100
72458613201,Earth Shoes,Edward Michael Gazarian,≤100
384676381708957,Education NC,Education NC,≤100
262062478079324,Mckayla Wilkes for Congress,MCKAYLA WILKES FOR CONGRESS,≤100
227594571444676,Building New York's Best,"Carpenter Contractor Alliance of Metropolitan New York, Inc.",≤100
657708380952174,Voices of the Civil Rights Movement,Comcast,≤100
2777578242259790,Great Again Gear,Great Again Gear,≤100
519590768083165,Abby Finkenauer for Congress,FINKENAUER FOR CONGRESS,≤100
101895607980616,Newsday Headlines,PETER-GAY NIKORA LINDO,≤100
61878332769,ICNA Relief,ICNA RELIEF USA PROGRAMS,≤100
654702428226892,Stop the Corridor,Stop the Corridor,287
278487153675,Redneck Nation Clothing,Tracie Milliron Gold,≤100
780606555331010,American Student Loan Advocate,ASLR Marketing,≤100