﻿Page ID,Page Name,Disclaimer,Amount Spent (USD)
7860876103,Joe Biden,BIDEN VICTORY FUND,14350
153080620724,Donald J. Trump,TRUMP MAKE AMERICA GREAT AGAIN COMMITTEE,4340
1771156219840594,Team Trump,TRUMP MAKE AMERICA GREAT AGAIN COMMITTEE,2316
104263254713855,Register to Vote Republican,REPUBLICAN NATIONAL COMMITTEE,1567
118936039851261,Strategic Horizon,Strategic Horizon,1519
242077219243971,The Presidential Coalition,The Presidential Coalition,1495
868259909915525,Susie Lee,Susie Lee for Congress,1432
126862261837,SEIU Nevada,SEIU COPE (SERVICE EMPLOYEES INTERNATIONAL UNION COMMITTEE ON POLITICAL EDUCATION),1245
925007000949719,ExxonMobil,Exxon Mobil Corporation,1141
156968474833352,Stop Republicans,Stop Republicans,894
153080620724,Donald J. Trump,"DONALD J. TRUMP FOR PRESIDENT, INC.",883
113666459994300,Big Dan Rodimer for Congress,RODIMER FOR CONGRESS,761
6726182861,Mike Pence,TRUMP MAKE AMERICA GREAT AGAIN COMMITTEE,729
331477136940451,Nevada Health Link,Nevada Health Link,701
2054623111429269,Institute for a Progressive Nevada,Institute For A Progressive Nevada,674
101654774973359,Promises Made Promises Kept,"DONALD J. TRUMP FOR PRESIDENT, INC.",632
260754507296508,The Voter Participation Center,Voter Participation Center,611
1771156219840594,Team Trump,"DONALD J. TRUMP FOR PRESIDENT, INC.",575
338361856190688,Nevada GOP,NEVADA REPUBLICAN CENTRAL COMMITTEE,547
1615018905412860,Progressive Turnout Project,PROGRESSIVE TURNOUT PROJECT,505
100219668159300,Alexis Hill,Friends of Alexis Hill,500
114788670288716,Esta En Tus Manos Nevada,Esta en Tus Manos Nevada,446
176789922364429,Steve Daines,STEVE DAINES FOR MONTANA,434
210820618956311,Community Change Action,Center for Community Change Action,388
202626512363,U.S. Census Bureau,U.S. Census Bureau,378
7860876103,Joe Biden,BIDEN FOR PRESIDENT,328
165987503528599,Lindsey Graham,"TEAM GRAHAM, INC.",324
107567853995108,Michael Naft,Friends of Michael Naft,280
592347634460462,Partnership for America's Health Care Future,Partnership for America's Health Care Future,265
107274064216231,MPower 360,MPower,251
127755494595870,Progressive Takeover,PROGRESSIVE TAKEOVER,241
103095887825967,Jason Stoffel For Judge,Jason Stoffel,240
350316025478383,When We All Vote,When We All Vote,240
1061240530648502,Joe Collins,JOE COLLINS FOR CONGRESS,239
96935476345,Democratic Governors Association (DGA),Democratic Governors Association,229
12301006942,Democratic Party,DNC SERVICES CORP./DEM. NAT'L COMMITTEE,226
436246516411674,ACTIONN,ACTIONN,188
791543660926838,"I'll go ahead and keep my guns, Thanks",2A4LIFE LLC,176
1491458271125644,Jesus "Chuy" Garcia,CHUY GARCIA FOR CONGRESS,176
311134189218940,For Our Future Nevada,For Our Future Action Fund,161
8501031021,VoteVets.org,VOTEVETS,154
100748915091414,Las Vegas Police Protective Association PAC,Las Vegas Police Protective Association PAC,153
100391581727524,Defeat By Tweet,DEFEAT BY TWEET,150
747436915270894,Congressional Leadership Fund,CONGRESSIONAL LEADERSHIP FUND,146
327837911149503,2A4Life,2A4LIFE LLC,143
20787991568,Senate Democrats,DSCC,126
105756057589080,The Lincoln Project,The Lincoln Project,126
2352630938293825,Mytacticalpromos,Entremax,125
15239367801,The Wilderness Society,"WILDERNESS SOCIETY, THE",124
85452072376,Newsmax,Newsmax Media,121
114710126648118,Republican Dogs,Republican Dogs,118
1528980567353817,Love Has No Labels,Love Has No Labels with Facebook Ad Credits,117
259130650776119,Mitch McConnell,MCCONNELL SENATE COMMITTEE,117
473191156175163,EDF Action,Environmental Defense Action Fund,117
328072970642479,Jaime Harrison,JAIME HARRISON FOR US SENATE,112
107165913986872,Stavros Anthony for District C,Stavros Anthony for District C,107
273168429458189,Center for Western Priorities,Center for Western Priorities,104
1635441679872518,Kimberly Klacik,Kim Klacik for Congress,102
2267285956849056,Donald Trump 2020 Fans,I Love My Freedom,≤100
168051710543266,Lacy Johnson,Lacy Johnson for Congress,≤100
100137754724934,Trump 2020 Supporters,Proud Right Winger,≤100
92925746942,Judicial Watch,Judicial Watch,≤100
104919517531062,Vote Yes For Fairness,Vote Yes for Fairness,≤100
355316521236121,John Cornyn,TEXANS FOR SENATOR JOHN CORNYN INC.,≤100
2330577043935831,Sara Gideon,SARA GIDEON FOR MAINE,≤100
278490715553293,Martha McSally,MCSALLY FOR SENATE INC,≤100
104856814505092,The Kids Guide,The Kids Guide,≤100
342294162453301,Planned Parenthood,Planned Parenthood Federation of America,≤100
346937065399354,Occupy Democrats,Omar Rivero,≤100
112182920313143,"Bita Yeager for District Court Judge, Dept. 1",Friends for Bita Yeager,≤100
101528707988813,"Retain Judge Bonnie Bulla, Nevada Court of Appeals",Jacqueline Rae Bretell,≤100
2078647579047586,Project Pulso,Pulso,≤100
112694470356789,Trumpcare For America,Stuart Joseph Millar,≤100
1883837055193241,Shield Republic,Shield Republic,≤100
25852730092,Care2,Care2 Inc,≤100
1556932204325823,ProgressPop,ProgressPop,≤100
19972147679,SEIU,SEIU,≤100
408250066356,Bill O'Reilly,"Bill Me, Inc.",≤100
1600352356914768,PushBlack,PushBlack,≤100
163148530407080,Captain Mark Kelly,MARK KELLY FOR SENATE,≤100
159964696102,Kevin McCarthy,KEVIN MCCARTHY FOR CONGRESS,≤100
1316372698453411,Alexandria Ocasio-Cortez,Alexandria Ocasio-Cortez for Congress,≤100
251541242654366,Phony Phil PAC,Michael John Cirillo,≤100
328853823844484,Balance of Power,Balance of Power,≤100
717115395103069,PrintedKicks,Printed Kicks,≤100
112558703494355,"Nadin Cutter for Family Court Judge, Dept. T",Cutter 4 Judge,≤100
9324910069,NRSC,NRSC,≤100
42002969352,Center on Budget and Policy Priorities,Center on Budget and Policy Priorities,≤100
602714436529710,End Citizens United,END CITIZENS UNITED,≤100
338028696036,Yahoo News,Verizon Media Inc,≤100
101165966152,AFL-CIO,AFL-CIO,≤100
104614641200137,MeidasTouch,MEIDASTOUCH,≤100
113869800057923,"Dan Gilliam for District Court Judge, Dept 24",Committee to Elect Dan Gilliam,≤100
107210084216238,Humanity Forward,Humanity Forward,≤100
665345483483486,NRA - National Rifle Association of America,NATIONAL RIFLE ASSN OF AMERICA,≤100
45555240203,America First Credit Union,America First Credit Union,≤100
934438026690635,YouGov,YOUGOV AMERICA INC.,≤100
107589664099282,Stand Up To China,"Stand Up To China, Inc.",≤100
101431384701913,Friends to Elect Craig Wesner,Friends to Elect Craig Wesner,≤100
598924810530984,Keeping America Great,FamTeeWorld,≤100
51405613519,Focus on the Family,Focus on the Family,≤100
114009933764548,The Patriot Club,RightWingGear,≤100
109379100777665,Patriotism Isn't Dead,Patriot Polling,≤100
107315591003146,Healthier Lifestyle,Katie Yazhen Gao,≤100
6204742571,Sierra Club,SIERRA CLUB,≤100
128191957875317,Cooking With Hope,Soyoung Cho,≤100
215199482635728,Alek Skarlatos,ALEK FOR OREGON,≤100
105577974544303,The USA Needs More Patriots,AmeriPolling,≤100
101279451606075,Democratic Strategy Institute,Democratic Strategy Institute,≤100
1374134752633656,New Health Plans,Shop Insurance Plans,≤100
105577974544303,The USA Needs More Patriots,Anthony Alexander Morales,≤100
107558501083906,Nevada Conservative 2020 PAC,NEVADA CONSERVATIVE 2020 PAC,≤100
9002965673,Freeform,Freeform,≤100
5435784683,Greenpeace USA,"GREENPEACE, INC.",≤100
106323360959211,Patriots Republic,Matthew James Stine,≤100
100256754899828,Patriot's Cave,Patriots Cave,≤100
95181800661,Levi's,Levi's®,≤100
112675193480961,"Jacqueline Bluth for District Court Judge, Dept. 6",Committee to Retain Judge Jacqueline M Bluth,≤100
140357056032320,NEA Today,National Education Association,≤100
102032087888149,"Retain Trevor Atkin for District Court Judge, Dept. 8",Committee to Retain District Court Judge Trevor Atkin,≤100
106730817585854,Ben Nadig for Judge,Committee to Elect Ben Nadig,≤100
46093654473,National Republican Congressional Committee,NRCC,≤100
100994503327232,Nevada State Democratic Party,NEVADA STATE DEMOCRATIC PARTY,≤100
228754857151053,House Majority PAC,House Majority PAC,≤100
101352591208833,Judge Michael Villani,Committee to Retain Judge Villani,≤100
212025079529295,New Americans Campaign,New Americans Campaign,≤100
681745912255844,John Cummings for Congress,CUMMINGS FOR CONGRESS,≤100
443329669123990,USAFacts,USAFacts Institute,≤100
18813753280,Human Rights Campaign,"HUMAN RIGHTS CAMPAIGN, INC",≤100
95483488591,Democratic Party of Wisconsin,DEMOCRATIC PARTY OF WISCONSIN,≤100
507879779394819,Assemblywoman Sandra Jauregui,Sandra Jauregui,≤100
101473504562394,"Sunny Bailey for Family Court Judge, Dept. i",Committee to Elect Sunny Bailey,≤100
274440602580750,"Law Offices of Osvaldo E. Fumo, Chtd.",These ads ran without a disclaimer,≤100
1204754733024419,People's Power Grab,ACRONYM,≤100
314499212242,Pfizer,Pfizer Inc.,≤100
127225910653607,PragerU,PragerU,≤100
103597604713894,Team Trump Store,TRUMP MAKE AMERICA GREAT AGAIN COMMITTEE,≤100
137662367278,League of Women Voters of the U.S.,LEAGUE OF WOMEN VOTERS OF THE UNITED STATES,≤100
679171239164792,Supermajority,"Supermajority PAC, https://supermajority.com/pac/. Not authorized by any candidate or candidate's committee.",≤100
13274260518,Planned Parenthood Votes Nevada,Planned Parenthood Votes Nevada,≤100
2353537341582545,Proud Patriots,Proud Patriots,≤100
461204744067686,Family Protection Association,Family Protection Association,≤100
1456310534453054,Veteran Loans Online,"LMB OpCo, LLC",≤100
202531447982,Jimmy Chin,Protect Our Winters,≤100
112325855474892,Speak Up For Education and Kids,National Education Association,≤100
104224114671958,Energy For Progress,The American Petroleum Institute,≤100
560140464159364,Stand for the 2nd Amendment,SFT2 Tactical Supply,≤100
102671331487937,I Love My Freedom Store,I Love My Freedom,≤100
96935476345,Democratic Governors Association (DGA),DEMOCRATIC ACTION,≤100
106973694007283,Keep America Great Again,KagaGear.com,≤100
200650357207240,I Love My Freedom,I Love My Freedom,≤100
194906010693115,Judge Richard Scotti,REELECT JUDGE SCOTTI,≤100
112525773437910,Elect JD Drakulich for Reno City Council Ward 1,JD Drakulich For Reno City Council Ward 1,≤100
834645469890446,Devin Nunes,DEVIN NUNES CAMPAIGN COMMITTEE,≤100
1109093812491437,Blaze Media,Blaze Media LLC,≤100
102875587947942,Keep Trump In Office,Keep Trump In Office,≤100
596556607135301,The Earthling Co.,The Earthling Co.,≤100
104237617962011,Charles Holt for Douglas County Commissioner,Charles Harold Holt,≤100
428821014132730,Katie Porter,Katie Porter For Congress,≤100
8934429638,Planned Parenthood Action,Planned Parenthood Action Fund,≤100
1909465542698901,Nelson Recruiting LLC,Jessica Larea Nelson,≤100
7814597100,Jim Jordan for Congress,JIM JORDAN FOR CONGRESS,≤100
7292655492,MoveOn,MOVEON.ORG POLITICAL ACTION,≤100
2037695643113766,Blexit,Blexit Foundation,≤100
106244251043808,Reuse Plastics,"AMERICAN CHEMISTRY COUNCIL, INC.",≤100
195530355493,Chicks On The Right,Chicks on the Right,≤100
130467958471,Jason Lewis,Jason Lewis for Senate,≤100
103026384819654,How to Vote,ACRONYM,≤100
111728417109272,Maurice for Ward 2,Maurice Earlee White,≤100
357750373755,National Domestic Workers Alliance,National Domestic Workers Alliance,≤100
118502801658228,Young Kim,Young Kim for Congress,≤100
167586229923327,World Food Program USA,World Food Program USA,≤100
8325302025,Friends of the Earth U.S.,Friends of the Earth,≤100
305832706292882,American Gun Association,GunAssociation.org,≤100
1419388578092947,Anna Paulina Luna,ANNA PAULINA LUNA FOR CONGRESS,≤100
102745147891580,Trump Coolers,Eric Clifford Juels,≤100
7263476274,Mercy Corps,Mercy Corps,≤100
105732744375701,Steve Bullock,MONTANANS FOR BULLOCK,≤100
23875187730,Feeding America,Feeding America,≤100
538529476604437,Clean Energy Works for Nevada,Impact Communications,≤100
108557097612242,Vote By Mail PAC,Vote By Mail PAC,≤100
1013304945470529,My Pride Apparel,My Pride Apparel,≤100
7833534974,Florida Democratic Party,Florida Democratic Party,≤100
95356211637,Ben Ferguson,Ben Ferguson show,≤100
700806360047982,CFG Action,Club for Growth Action,≤100
103531607822207,Noticias para Inmigrantes,"Wise Rock Media, PBC",≤100
415791311867961,BAND,These ads ran without a disclaimer,≤100
1539683959599793,"Cristina M. Hughes, Esq",Hughes Law Group PC,≤100
111393882812494,Amy McGrath,"AMY MCGRATH FOR SENATE, INC.",≤100
629732217415068,Republican Party,Greater Half,≤100
10150100007820094,Wendy Davis,WENDY DAVIS FOR CONGRESS,≤100
872842866161157,One Nation Design,One Nation Design,≤100
114326070111998,Retain Judge Rhonda Forsberg for Family Court Dept. G,Committee to Retain Judge Rhonda Forsberg,≤100
2012750189007245,Liquid Death Mountain Water,Liquid Death,≤100
260713150211,Protect Our Winters,Protect Our Winters,≤100
406456986070332,Matt Gaetz,Friends of Matt Gaetz,≤100
16477459734,League of Conservation Voters,"LEAGUE OF CONSERVATION VOTERS, INC",≤100
106274591010485,Elect Jacob Villani for District Court Department 1,Jacob Villani Election Committee,≤100
1439829396312534,The Movement for Black Lives,Movement for Black Lives,≤100
628891490457484,Nancy Mace,Nancy Mace for Congress,≤100
481559282597914,TrumpersUnite,Respect The Look,≤100
309308412520731,Sandy Hook Promise,Sandy Hook Promise,≤100
105269984593079,The Way I See It,Focus Features,≤100
97493741436,John W. Hickenlooper,HICKENLOOPER FOR COLORADO,≤100
109529047357929,Re-Elect Judge Bridget Robb Family Court,Committee to ReElect Judge Robb,≤100
107548207739628,Commissioner Vaughn Hartung,The Committee to Elect Vaughn Hartung,≤100
892673067526965,Project War Path,Project War Path,≤100
926650430723985,Really American,REALLY AMERICAN PAC,≤100
100585598043377,Intelligent Investing Tips,Intelligent Investing Resource,≤100
114349990014650,"Adam Ganz for District Court Judge, Dept. 3",Adam Ganz,≤100
1088950287806118,Climate Hustle 2,CFACT,≤100
530604487365010,Old Glory Flagpole Kits,Service First,≤100
102212541306207,Self-Employed Health Insurance,GROW with MKG LLC,≤100
107307891059139,Law Enforcement Loyalty PAC,Law Enforcement Loyalty PAC,≤100
102969204704628,Michelle Tobler For Judge,Committee to Elect Michelle Tobler,≤100
2146201085498440,Tony Gonzales,Tony Gonzales for Congress,≤100
18982436812,ACLU,American Civil Liberties Union,≤100
101894128312659,My President,wowengraving,≤100
683872625157265,Theresa Greenfield,THERESA GREENFIELD FOR IOWA,≤100
45393753416,Alliance Defending Freedom,Alliance Defending Freedom,≤100
116238930177726,Artsiful,Brad Aaron Shaw,≤100
345378512258813,Elise Stefanik,ELISE FOR CONGRESS,≤100
109111900634787,Reverend Raphael Warnock,WARNOCK FOR GEORGIA,≤100
322551718276442,Lemons Are Blue,Lockwell LLC,≤100
103983379801,Texas Democratic Party,SUPER STATES 2020,≤100
126694924050678,Xavier Becerra,Becerra for Attorney General 2022,≤100
197760674021143,Indivisible Guide,INDIVISIBLE ACTION,≤100
5720973755,Defenders of Wildlife,DEFENDERS OF WILDLIFE,≤100
788394134539871,USPS Business,United States Postal Service,≤100
108703967245949,"Dee Butler for Family Court Judge, Dept. J",Committee to Elect Dee Butler,≤100
30866133883,Alaska Wilderness League,ALASKA WILDERNESS LEAGUE,≤100
149394811746735,Nevada Clean Cars,Impact Communications,≤100
309798029121030,Everytown for Gun Safety,Everytown for Gun Safety Action Fund Inc,≤100
15524934075,Banana Republic,Banana Republic,≤100
605168822998856,314 Action,314 ACTION FUND,≤100
839110726214614,Realtors,NATIONAL ASSOCIATION OF REALTORS,≤100
586751814690068,Joni Ernst,Joni for Iowa,≤100
223008867858902,American Action News,American Action News,≤100
108118933908193,Next Level Goods,Next Level Goods LLC,≤100
104934207736995,Paycheck to Paycheck,Center for American Progress Action Fund,≤100
81391603670,Carson City  Republican Party,Carson City Republican Central Committee,≤100
106667854471975,Outspoken,Log Cabin Republicans,≤100
101591551371555,Fire Mitch. Save America.,SAVE AMERICA FUND,≤100
373814729643508,Let America Vote,LET AMERICA VOTE PAC,≤100
107523875954231,Danny Davis,Protect Our Winters,≤100
1809078699219595,Fat Tire,"NEW BELGIUM BREWING COMPANY, INC.",≤100
143729616392084,Van Drew for Congress,Van Drew for Congress,≤100
8550121410,Free Speech America Project,MEDIA RESEARCH CENTER,≤100
113238287134755,"American Target Advertising, Inc.",The Conservative Caucus,≤100
352527958302,Israel on Campus Coalition,Israel on Campus Coalition,≤100
350784278974539,Turning Point Action,Turning Point Action,≤100
1447994318779650,AirMedCare Network,AIrMedCare Network,≤100
364809870351284,Power2Parent,Charlie Nicole Melvin,≤100
213792049451918,Stand For America,Stand For America Inc,≤100
110393153948638,Financial Help,Common Acquire,≤100
1530883997194411,United States Constitution,Flag and Cross,≤100
407664862957433,Ammar Campa-Najjar for Congress,AMMAR CAMPA-NAJJAR FOR CONGRESS,≤100
110425667380194,Aaron Bushur,"Aaron Bushur for Family Court Judge, Dept. 13",≤100
101127364972509,Dems For USA,Dems For USA,≤100
2391075684451912,Patricia Ackerman,FRIENDS FOR PATRICIA ACKERMAN,≤100
441381813042465,Boundary Waters Action Fund,Boundary Waters Action Fund,≤100
277005566267077,Blueland,Blueland,≤100
72186095846,Center For American Progress Action Fund,Center for American Progress Action Fund,≤100
433919203362871,Bird + Stone,BIRD & STONE INC,≤100
1336293769761923,Jon Ossoff,JON OSSOFF FOR SENATE,≤100
24413227922,Kamala Harris,BIDEN VICTORY FUND,≤100
100233228182981,Madison Cawthorn for Congress,CAWTHORN FOR NC,≤100
1476786479055022,Byron Brooks,Committee For Byron Brooks,≤100
107175947568936,"Jeff Proffitt for Clark County School District Trustee, District B",Jeffrey Alan Proffitt,≤100
108109934203874,Insta Shop Boutique,Insta Shop Boutique,≤100
221162561923056,AbogadaQuiroga,"Quiroga Law Office, PLLC",≤100
15687409793,World Wildlife Fund,World Wildlife Fund,≤100
103373224404755,Impact Slates,COLLECTIVE IMPACT PAC,≤100
103644036958,United Association,United Association Political Education Committee,≤100
35169196082,Project HOPE,"PROJECT HOPE-THE PEOPLE-TO-PEOPLE HEALTH FOUNDATION, INC.",≤100
376776419037747,Turning Point USA,Turning Point USA,≤100
1538506969789364,Renew NV,RenewNV,≤100
41309865723,Democrats.com,DEMOCRATS.COM,≤100
103185334702225,Stop Trump PAC,STOP 45 PAC,≤100
109078917443178,Independent OC,Independent OC,≤100
116546288359245,Heritage Action for America,HERITAGE ACTION FOR AMERICA,≤100
1836138529938551,Greater Half,Greater Half,≤100
19192438096,AAAS - The American Association for the Advancement of Science,American Association for the Advancement of Science,≤100
105045014466630,Economic Opportunity Board of Clark County,Economic Opportunity Board of Clark County,≤100
38235851310,USA for UNHCR,UNITED STATES ASSOCIATION FOR UNHCR,≤100
105084617912738,PatriotQuizzes,patriotquizzes.com,≤100
160513344045084,John Neely Kennedy,"John Kennedy for Us, Inc",≤100
679171239164792,Supermajority,Supermajority,≤100
102137374563260,Confide in American Pride,John Allen Franson,≤100
530604487365010,Old Glory Flagpole Kits,Service First Flag Poles,≤100
36474716066,Color Of Change,ColorofChange.org,≤100
106663044307859,Mike Sievert,"T-MOBILE USA, INC.",≤100
143089732792,Marsha Blackburn,Blackburn Tennessee Victory Fund,≤100
1683659714985244,Phil Ehr,EHR FOR CONGRESS,≤100
253791814655400,Doug Collins,"COLLINS FOR SENATE, INC.",≤100
737686089933715,Conservative Collections,Mainline Media Group,≤100
76625396025,CDC,U.S. Centers for Disease Control and Prevention with Facebook Ad Credits,≤100
113207407109883,No Mask Nevada PAC,No Mask Nevada PAC,≤100
129255907131113,NumbersUSA,NUMBERSUSA EDUCATION AND RESEARCH FOUNDATION,≤100
113891694102,Energy Citizens,AMERICAN PETROLEUM INSTITUTE,≤100
6165653060,AFSCME,AMERICAN FEDERATION OF STATE COUNTY & MUNICIPAL EMPLOYEES,≤100
223055747744143,Beto O'Rourke,Powered By People,≤100
6820348410,Kirsten Gillibrand,Off the Sidelines,≤100
21559454473,FAIR,FEDERATION FOR AMERICAN IMMIGRATION REFORM,≤100
102991041296417,Health Insurance Plan,These ads ran without a disclaimer,≤100
1106859749348899,Brody Leven,Protect Our Winters,≤100
420785874975425,Conservative Institute,The Conservative Institute,≤100
209516845093,NRDC Action Fund,NRDC Action Fund,≤100
293225127381200,Patriot Depot,The Patriot Depot,≤100
266344180585578,Jim Jordan for Congress,JIM JORDAN FOR CONGRESS,≤100
163302087408673,Stop The Donald,Stop the Donald,≤100
100353114849897,Choose Lynn Hughes for Judge,Choose Lynn Hughes,≤100
1136781033034012,Brave New Look,Brave New Look,≤100
236369846383459,Congressional Black Caucus PAC,Congressional Black Caucus PAC,≤100
278703415666824,Jeremy Jones,Protect Our Winters,≤100
11653741889,Ad Council,Ad Council with Facebook Ad Credits,≤100
493811210669780,Creative Action Network,Creative Action Network,≤100
111023584012681,Open Road Homeward,Samantha Lyn Weldon,≤100
107654924064350,Pat Timmons-Goodson,PATRICIA TIMMONS-GOODSON FOR CONGRESS,≤100
100963071577729,Elect Rene Cantu for State Board of Education in District 4,Cantu 4 Nevada,≤100
103911824657671,Health Insurance,Michael Melen,≤100
8473889271,National Parks Conservation Association,National Parks Conservation Association,≤100
10498053716,Media Research Center,MEDIA RESEARCH CENTER,≤100
116222966843926,US Concealed,US Concealed,≤100
109709397469494,Dignity Unbound,Dignity Unbound,≤100
55549065733,Voto Latino,Voto Latino with Facebook Ad Credits,≤100
10423517786,Harvard Business Review,HARVARD BUSINESS SCHOOL PUBLISHING CORPORATION,≤100
2309566456030859,Human Coalition Action,Human Coalition Action,≤100
110962313941403,Vote from Home 2020,PEOPLE FOR GOVERNMENT PAC,≤100
103957901316718,Nevada For Liberty,Nevada For Liberty,≤100
1416331821948736,Jill Dickman,The Committee to Elect Jill Dickman,≤100
356482637745012,Stansberry Research,Stansberry Research,≤100
30708742052,FCTRY,FCTRY,≤100
20876805343,March of Dimes,MARCH OF DIMES INC.,≤100
96171427550,Raja for Congress,FRIENDS OF RAJA FOR CONGRESS,≤100
24330467048,Americans for Prosperity,AMERICANS FOR PROSPERITY,≤100
6236054211,Brady,Brady Campaign to Prevent Gun Violence,≤100
100757521655204,Republican Red Wine,REPUBLICAN RED LLC,≤100
686963025019140,One APIA Nevada,One APIA Nevada,≤100
117437204982602,American Wild Horse Campaign,American Wild Horse Campaign,≤100
111377177010633,Judge Mason Simons for District Court,Committee to Elect Mason Simons,≤100
794490553914304,Dr. Nina Ansary,"Revela Press, LLC",≤100
911828698840246,ReLEntless Defender Apparel,ReLEntless Defender Apparel,≤100
57259033959,AARP,AARP,≤100
132492254050920,American AF,AAF Nation,≤100
429812024048177,Doug Jones for Senate,DOUG JONES FOR SENATE COMMITTEE,≤100
675471506247724,Adair for Congress,ADAIR FOR CONGRESS,≤100
113553048669158,Rick Scott,TEAM RICK SCOTT,≤100
205395906412,UAW International Union,"INTERNATIONAL UNION, UNITED AUTOMOBILE, AEROSPACE AND AGRICULTURAL IMPLEMENT WORKERS OF AM",≤100
7292655492,MoveOn,MOVEON.ORG CIVIC ACTION,≤100
2019228981443626,She the People,She The People,≤100
103075334816156,UFCW Votes,UNITED FOOD AND COMMERCIAL WORKERS INTERNATIONAL UNION,≤100
23790541544,Democrats,DCCC,≤100
115209826981358,Families Surviving Catastrophe,Henry George Hansen,≤100
419992651425033,Guardianes del Pueblo-Consumer Law Group,Consumer Law Group,≤100
296295018082,AARP en Español,AARP,≤100
1691667177798461,Brut,Brut,≤100
289446947817747,Global Citizen,"GLOBAL POVERTY PROJECT, INC.",≤100
374876452974178,McShane LLC,McShane LLC,≤100
1860446837527187,Crystal Eller for Judge,The Committee to Elect Crystal Eller,≤100
656263988182462,Bill Hagerty,TEAM HAGERTY,≤100
585942765164217,Elect Democratic Women,ELECT DEMOCRATIC WOMEN,≤100
33713453361,Amazon Prime Video,Amazon Prime Video,≤100
151525932186806,When Democrats Turn Out,WHEN DEMOCRATS TURN OUT PAC,≤100
643463669628493,Public Opinion Research Group,"Public Opinion Research Group, Inc",≤100
102617961152741,Barbara Bollier,BOLLIER FOR KANSAS,≤100
746938465317981,Nuclear Matters,Nuclear Matters,≤100
971668776283950,PolicyEd,Hoover Institution,≤100
109984394118472,Mask Exemption Cards,Mask Exemption Cards,≤100
114475890010131,Piggy Dollar Financial,Tyler Wayne Hedland,≤100
102564128179023,Truth to Power,TRUTH TO POWER,≤100
105010030848236,Bryant Cameron Webb,DR. CAMERON WEBB FOR CONGRESS,≤100
111701060522622,Phillip Hilton for Storey County Commissioner,Phillip Allen Hilton,≤100
342887442508723,Convention of States,Convention of States Action,≤100
110439270638992,NE1else,Time Management LLc,≤100
13867925345,Equality Florida,Equality Florida,≤100
119006106155684,PI Energy,Andrew P Chung,≤100
267180743723148,National Geographic Society,National Geographic Society,≤100
54684090291,Partnership to End Addiction,The National Center on Addiction and Substance Abuse with Facebook ad credits,≤100
184862241620339,Cox Business,These ads ran without a disclaimer,≤100
105707511217866,Communities Joining Hands,Elena Zhan,≤100
227764782729,AMERICAN - STRONG!,American Strong LLC,≤100
102592959026,Ocean Conservancy,"OCEAN CONSERVANCY, INC.",≤100
46347342434,EMILY's List,EMILY'S LIST,≤100
333081284065216,Brynne Kennedy for Congress,BRYNNE KENNEDY FOR CONGRESS,≤100
111428049989,Cal Cunningham,CAL FOR NC,≤100
593289284500311,Trump Rack,BOXD Marketing,≤100
123651254408327,Sokolove Law,"Sokolove Law, LLC",≤100
101461559911714,The Posh Pearl Apparel Co.,The Posh Pearl Apparel Co,≤100
51379424899,Mercy Ships,MERCY SHIPS INTERNATIONAL,≤100
702582586516561,CBN Israel,"The Christian Broadcasting Network, Inc.",≤100
354716314909000,Swing Left,Swing Left,≤100
108797534098691,Keep Gifts Great,Adrian Choi Conger,≤100
112735922758892,Charlie Kirk,Charlie Kirk,≤100
332803374044043,Chris Bubser for Congress,CHRIS BUBSER FOR CONGRESS,≤100
1025055787535714,A Case for Women,A Case for Women,≤100
277414242013,Joyce Elliott for Congress,JOYCE ELLIOTT FOR CONGRESS,≤100
113319733453830,"J. Scott MacDonald for Family Court Judge, Dept. J",Committee to Elect J Scott MacDonald,≤100
166618413413767,Jay Sekulow,American Center for Law and Justice,≤100
6713653788,Gary Peters,PETERS FOR MICHIGAN,≤100
107109947803536,Analyzing America,Gregory Lawrence Burright,≤100
193618220508,LIFE Today,LIFE Outreach International,≤100
393932827634250,Dissent Pins,Common Practice,≤100
7145381235,American Jewish World Service - AJWS,"AMERICAN JEWISH WORLD SERVICE, INC.",≤100
106246380949191,John Muije for Elko Judge,John W Muije for Elko Judge,≤100
2256321067930356,Liberteeclub,libertyteeshop,≤100
219612384781411,Bloomberg Philanthropies,Bloomberg Philanthropies,≤100
114646533630729,Yes. Every Kid.,"yes. every kid, Inc.",≤100
100117731520803,Kriston Hill for District Court Judge,Kriston Nichole Hill,≤100
210333902420876,Sean Parnell,AMERICANS FOR PARNELL COMMITTEE,≤100
36872302227,Cory Booker,Cory Booker for Senate,≤100
331037760381749,Sierra Magazine,SIERRA CLUB,≤100
291102898490822,Giant Maga Hat,Inventors club LLC,≤100
38471053686,Elizabeth Warren,"WARREN DEMOCRATS, INC.",≤100
8492293163,Environmental Defense Fund,Environmental Defense Fund,≤100
231418134017724,Assemblywoman Connie Munk,The Friends of Connie Munk,≤100
26006662641,Arizona Democratic Party,Arizona Democratic Party,≤100
894096170667732,Ashley Hinson,Ashley Hinson For Congress,≤100
181183059253295,Dorsal Bracelets,Dorsal Bracelets,≤100
143986912311328,University of Vermont Continuing and Distance Education,University of Vermont,≤100
217976018236954,OutKick,Outkick Media LLC,≤100
111324359048459,Dr. Roger Marshall,KANSANS FOR MARSHALL,≤100
105157841248307,No Filter Politics,No Filter Politics,≤100
134452023239984,Human Coalition,Human Coalition,≤100
296708523873754,Karla Dennis and Associates Inc.,"Karla Dennis & Associates, Inc",≤100
117641114435,First Aid Beauty,First Aid Beauty,≤100
19342050934,Leadership Institute,LEADERSHIP INSTITUTE INC,≤100
1048486145183452,We Testify,We Testify,≤100
360303722260,Kathleen Williams,KATHLEEN WILLIAMS FOR MONTANA,≤100
18709174006,National Audubon Society,"NATIONAL AUDUBON SOCIETY, INC.",≤100
518194348194441,RepresentUs,RepresentUs,≤100
505653766599222,America First with Dr. Sebastian Gorka,Salem Media,≤100
21375324480,The Heritage Foundation,HERITAGE FOUNDATION (THE),≤100
1667892193505378,Hold the House,HOLD THE HOUSE PAC,≤100
105536127617594,The American Digest,The American Digest,≤100
110010433804232,Falkirk Center,Falkirk Center,≤100
514167322309353,Dan Crenshaw,Crenshaw For Congress,≤100
100719625004234,Home and Community,Cynthia Nguyen,≤100
124155874263916,Participant Media,Participant Media,≤100
49651563727,Live Action,Live Action,≤100
101329438317952,Story Network Action,Story Network Foundation,≤100
303061950155375,John James,"JOHN JAMES FOR SENATE, INC.",≤100
105943157686335,Trust Michigan Families,TRUST MICHIGAN FAMILIES,≤100
156268994819596,Marc J. Bern & Partners LLP,Marc J. Bern & Partners LLP,≤100
27544763621,Prison Fellowship,Prison Fellowship,≤100
123341841055912,Express Auto Insurance,Express Auto Insurance,≤100
655065784538368,PredictIt,"PredictIt - Prediction Markets. A project of Victoria University of Wellington, PredictIt has been established to facilitate research into the way markets forecast events.",≤100
1799282383731277,TwoSeventy,Alexander Jared Deutsch,≤100
21492729544,Catholic Relief Services,CATHOLIC RELIEF SERVICES - UNITED STATES CONFERENCE OF CATHOLIC BISHOPS,≤100
109752997480849,Ben Childs for Judge,"Committee to Elect Ben B. Childs, Sr.",≤100
276031029201666,Eddie Lorton,George Edward Lorton,≤100
103315378108004,True Patriot Strength,LE-HUU DONG HUYNH,≤100
304058913005378,Senior and Disabled Concerns,Senior & Disabled Concerns,≤100
203805062990264,Ben Shapiro,The Daily Wire,≤100
123965317665623,N-Hance Wood Refinishing,N-Hance Inc.,≤100
1084856268238034,Trump Talking,Roberto None Lugo,≤100
467804929927622,Jason Smith,JASON SMITH FOR CONGRESS,≤100
496696933682736,Jeff Merkley,JEFF MERKLEY FOR OREGON,≤100
90498769709,Edenpure,EdenPURE®,≤100
109092142462587,Adam Schiff,SCHIFF FOR CONGRESS,≤100
34362997676,United States Holocaust Memorial Museum,UNITED STATES HOLOCAUST MEMORIAL MUSEUM,≤100
101769576791,Health Action Network,Health Action Network,≤100
105995741220700,Patriots United,Le Huu Dong Huynh,≤100
1648154845427417,Doggy Do Good,Do Something Good LLC,≤100
1438808983108348,BOLD PAC,CHC BOLD PAC,≤100
120846146252663,One More Thing,Story Network Foundation,≤100
176466646087311,DC Fawcett,VREIC,≤100
830121337093232,National Democratic Training Committee,NATIONAL DEMOCRATIC TRAINING COMMITTEE PAC,≤100
108029674299216,We The People,We The People,≤100
284561131891923,Skip Daly,Daly for Assembly District 31,≤100
6333396177,NewsBusters.org,MEDIA RESEARCH CENTER,≤100
103366416397616,Democratic Party of Washoe County,Sarah Yvonne Mahler,≤100
113550873542095,"Amy M. Mastin for Family Court, Department M",Amy Meredith Mastin,≤100
142370046577999,Shahid Buttar for Congress,Shahid Buttar for Congress Committee,≤100
204061816378061,CWA Political Action,"COMMUNICATIONS WORKERS OF AMERICA, AFL-CIO, CLC",≤100
6240652407,Young America's Foundation,YOUNG AMERICA'S FOUNDATION INC,≤100
113632146754204,"Jacob Reynolds for District Court Judge, Dept. 21",Committee to Elect Jacob for Judge,≤100
927610307291393,Georgette Gómez,Georgette Gomez for Congress,≤100
21455818797,Feed the Children,"FEED THE CHILDREN, INC.",≤100
112704783859268,Boy Scouts Abuse Claim Help,X Social Media LLC,≤100
5633824547,FreedomWorks,"FREEDOMWORKS, INC.",≤100
100696128366533,Compare-HealthPlans.com,Darius Alexander Mcdougle,≤100
1552675688372326,Color Of Change PAC,Color Of Change PAC,≤100
104027944769027,Proud Patriot Shop,Georgia Rose Benoit,≤100
1010143499143169,Medicare Savings,"Mayo Labs, LLC",≤100
109252984240053,Paul Rich for 2021 LVR BOD,Paul Benjamin Rich,≤100
101610258045695,"Stacy Rocheleau for Family Court Judge, Dept. W",Committee to Elect Stacy Rocheleau,≤100
248181906078243,National Institute for Civil Discourse,CommonSense American,≤100
192771954102960,Jordan Sekulow,American Center for Law and Justice,≤100
124530924015,Hank Gilbert,HANK GILBERT FOR CONGRESS,≤100
6231686654,Compassion International,"COMPASSION INTERNATIONAL, INCORPORATED",≤100
405469100189512,Still My President - Donald Trump,Red State Politics LLC,≤100
160484230634663,National Urban Indian Family Coalition,National Urban Indian family Coalition with Facebook Ad Credits,≤100
30914589895,The International Fellowship of Christians and Jews,"INTERNATIONAL FELLOWSHIP OF CHRISTIANS & JEWS, INC.",≤100
60449667441,Family Research Council,FAMILY RESEARCH COUNCIL,≤100
1005566252861190,VOTEPROCHOICE,DEMOCRATS.COM,≤100
6787988478,Physicians for Human Rights,"PHYSICIANS FOR HUMAN RIGHTS, INC.",≤100
284946111858895,Debbie Mucarsel-Powell,DEBBIE FOR CONGRESS,≤100
102180301437619,2020 American Defense Fund,C3 PAC,≤100
104732736288252,Caroline Gleich,Protect Our Winters,≤100
94047978366,PCCC - BoldProgressives.org,PROGRESSIVE CHANGE CAMPAIGN COMMITTEE,≤100
199756330090514,Solar United Neighbors,Solar United Neighbors,≤100
112164673854264,Living Patriotically,Living Patriotically,≤100
9394693002,Bloomberg LP,Bloomberg LP,≤100
55549065733,Voto Latino,VOTO LATINO INC.,≤100
169130743498585,Tactical Pro Supply,Chad Keller,≤100
106224464107240,Jo Jorgensen,Jo Jorgensen for President,≤100
116808566362551,Boomer Naturals,Boomer Naturals Inc,≤100
419237048158257,Susan Collins,COLLINS FOR SENATOR,≤100
100318944827269,Amy Kennedy,AMY KENNEDY FOR CONGRESS,≤100
80060992758,Center for Food Safety,"CENTER FOR FOOD SAFETY, THE",≤100
103067581133922,Paul Junge,PAUL JUNGE FOR CONGRESS,≤100
109414190833618,Bob Sweetin for Mayor,Committee to Elect Bob Sweetin,≤100
103046977892124,Adam Christensen For Congress,ADAM J CHRISTENSEN FOR CONGRESS,≤100
96832392186,US Open Tennis Championships,United States Tennis Association (USTA),≤100
100119981671668,Blue Senate,BLUE SENATE PAC,≤100
58736997707,Marco Rubio,Marco Rubio for Senate,≤100
367292494407,AJC - American Jewish Committee,AMERICAN JEWISH COMMITTEE,≤100
486742462081051,Mike Cooney for Governor,Cooney for Montana,≤100
156919911022572,Steven Horsford,NEVADANS FOR STEVEN HORSFORD,≤100
1055873511190792,Hello Resistance,Hello Resistance Apparel,≤100
169597416843751,Stand Up America,Stand Up America,≤100
257019421075897,Cory Gardner,Cory Gardner for Senate,≤100
150621451650636,Montana Wilderness Association,"MONTANA WILDERNESS ASSOCIATION, INC.",≤100
281884085611820,Tedra Cobb,COMMITTEE TO ELECT TEDRA COBB,≤100
1934191280189700,Health Care Voter,Health Care Voter,≤100
465483726908192,iVote,IVote Civic Education Fund,≤100
455147011996099,The Ann and Phelim Scoop,The Unreported Story Society,≤100
105433064492153,The Return 2020,The Return International,≤100
210277954204,The Young Turks,"The Young Turks, Inc.",≤100
100697751658498,Stronger.org,The Public Good Projects,≤100
176466646087311,DC Fawcett,Donald Chappell Fawcett,≤100
288110884600563,Lean In,"Sheryl Sandberg & Dave Goldberg Family Foundation d/b/a LeanIn.Org, LLC",≤100
319982881752525,Kara Eastman,EASTMAN FOR CONGRESS,≤100
20395377020,Old Navy,Old Navy LLC,≤100
10128918116,Gavin Newsom,NEWSOM FOR CALIFORNIA GOVERNOR 2022,≤100
2225580284361712,Tommy Tuberville,"TUBERVILLE FOR SENATE, INC.",≤100
142992759853421,Be A Hero,BE A HERO PAC,≤100
93114332471,20/20 Research,2020 Research,≤100
103385601265502,Wes Boger for Mesquite City Council Seat 5,Wesley August Boger,≤100
1832744013698336,Mahogany Mommies,Mahogany Mommies,≤100
1526736227567131,TrueCoverage,True Coverage,≤100
100506848295759,Made to Fail,Made To Fail,≤100
115364585711,Lawyers' Committee for Civil Rights Under Law,Lawyers' Committee for Civil Rights Under the Law with Facebook Ad Credits,≤100
657708380952174,Voices of the Civil Rights Movement,Comcast,≤100
165440947428068,Mamás Con Poder,MomsRising Together,≤100
135298176481584,Marine Corps Scholarship Foundation,Marine Corps Scholarship Foundation,≤100
1681120172099567,Libertarian Candidates,Ryan Allen Raymond,≤100
6355071377,American Cancer Society Cancer Action Network - ACS CAN,AMERICAN CANCER SOCIETY CANCER ACTION NETWORK INC,≤100
128716440866482,Adam Milstein,Adam Milstein,≤100
110849485902,United Way,United Way Worldwide with Facebook Ad Credits,≤100
114386721939978,The Made in America Store,Made In America Store,≤100
104504438466,Federal Voting Assistance Program - FVAP,Federal Voting Assistance Program,≤100
71383025128,PARIS - Guerrilla Funk Recordings,"Guerrilla Funk Recordings and Filmworks, LLC",≤100
166623896739812,Citizens United Political Victory Fund,Citizens United Political Victory Fund,≤100
2040270322863853,Tina Smith,TINA SMITH FOR MINNESOTA,≤100
43609808159,Happy Family Organics,Happy Family Organics,≤100
110620570312031,"Adriana Rincon White for Family Court Judge, Dept. W",Committee to Elect Adriana Rincon White,≤100
181924628560212,SumOfUs,SumOfUs,≤100
101485404914361,Bad News Wares,Bad News Wares,≤100
7219151423,The Fund for American Studies (TFAS),The Fund for American Studies,≤100
661744180680367,National Police Association,"NATIONAL POLICE ASSOCIATION, INC.",≤100
215642455673147,Build the Wave,BUILD THE WAVE,≤100
107665644228467,Conservative Journal Review,Conservative Journal Review LLC,≤100
384557995468219,Viral Casez,Viral Casez,≤100
706716899745696,Women for Trump,TRUMP MAKE AMERICA GREAT AGAIN COMMITTEE,≤100
357554791340788,Liker,Omar Rivero,≤100
123963360928,SiriusXM,SIRIUS XM RADIO INC.,≤100
394817334402124,2020 Trump Bill,Innovative Ecomm LLC,≤100
11006419356,The Voice of the Martyrs - USA,"VOICE OF THE MARTYRS, INC., THE",≤100
83290028957,Care Net,CARE NET,≤100
109894877501594,Steve Daines Follows The Money,DSCC,≤100
159433914079029,Inter Tribal Council of Arizona,"INTER TRIBAL COUNCIL OF ARIZONA, INC.",≤100
1393911800825140,OZY,OZY Media Inc,≤100
485754644838324,Lane County Tribune,Lane County Tribune,≤100
107953010886875,20Train.com,GEEG LLC,≤100
102623514885346,Vote Your Faith,Christopher Alan Leader,≤100
780606555331010,American Student Loan Advocate,ASLR Marketing,≤100
27311599342,Preemptive Love,Preemptive Love Coalition,≤100
202286639832171,Dr. Robert Jeffress,FIRST BAPTIST CHURCH DALLAS,≤100
431099560800970,Front Page Live,"Front Page Live, Inc.",≤100
50982313030,Food & Water Watch,Food & Water Watch,≤100
1917715138510680,Follow Your Legend,Legend Bracelet,≤100
2259323457517498,Abolish the Electoral College,ABOLISH THE ELECTORAL COLLEGE,≤100
259212814698356,Democratic Majority for Israel,DMFI PAC,≤100
398757490729,The National Network to End Domestic Violence,"NATIONAL NETWORK TO END DOMESTIC VIOLENCE, INC.",≤100
129278807814364,Women of Welcome,Welcome.,≤100
290851614930809,Combat AntiSemitism,Combat Anti-Semitism,≤100
172758932738142,PhRMA,PHARMACEUTICAL RESEARCH AND MANUFACTURERS OF AMERICA,≤100
17203056985,Partners In Health,Partners In Health,≤100
107612920647432,Dr. Steven DeLisle for Nevada,Friends of Steven Delisle,≤100
1708467695859543,Veteran Transition Mission,Sonia Ivelisse Barriera Ayala,≤100
108512875350,The Atlas Society,The Atlas Society,≤100
156994304362574,American Bridge 21st Century,AB PAC,≤100
243947752771440,TJ Cox for Congress,TJ COX FOR CONGRESS,≤100
537534316395916,Students for Trump,Turning Point Action,≤100
1099478666810053,Meals For Pets,Meals for Pets,≤100
7962229886,Environmental Working Group,ENVIRONMENTAL WORKING GROUP,≤100
102756811269921,Fellow Americans,Fellow Americans,≤100
402969533432277,Cisneros for Congress,CISNEROS FOR CONGRESS,≤100
2068988876444634,Stand Up for Accurate Prenatal Answers,STAND UP FOR ACCURATE PRENATAL ANSWERS INC,≤100
127216280686110,Ann Wagner,Ann Wagner for Congress,≤100
237477017606,Club for Growth,Club for Growth,≤100
1596671280578981,Schools & Communities First,Schools and Communities First,≤100
336470580233523,Pins and Aces Golf Co.,US Craft Brands LLC,≤100
101136147910784,Represent Justice,Represent Justice,≤100
263210730984251,We Are Great Again Pac,WE ARE GREAT AGAIN PAC,≤100
123624513983,The Western Journal,The Western Journal,≤100
152264148166020,Moms Clean Air Force,Moms Clean Air Force,≤100
231154884924705,AboutTrump.org - and Biden,A MARK FOUNDATION,≤100
111718570352005,Yes on Measure A - A Solution for Homelessness,"Yes on Measure A - Homes for San Diegans, Sponsored by a Coalition of Civic Nonprofits and Housing Providers.  Committee major funding from  Affirmed Housing Group Inc  Eden Housing Inc  Metropolitan Area Advisory Committee (MAAC)  Funding details at www.sandiego.gov/donors. ",≤100
8057376739,The Nature Conservancy,Nature Conservancy,≤100
1295279420598401,Victoria Spartz,VICTORIA SPARTZ FOR CONGRESS,≤100
623339164538852,National Security Action,Nationalsecurityaction.org,≤100
112488757165613,Blue Line Stockpile,Blueline Stockpile,≤100
17801244148,Jill Schupp,SCHUPP FOR CONGRESS,≤100
501268180023938,Ann Ravel for CA State Senate,Ann Ravel for Senate 2020,≤100
105455840860559,EagleRealm LLC,Eagle Realm,≤100
112600915451330,No Labels,No Labels,≤100
592707041080920,Stand Together,Stand Together Chamber of Commerce Inc.,≤100
8047221596,Save the Children US,"SAVE THE CHILDREN FEDERATION, INC.",≤100
112251693934101,Dog Boys Adverts,Nicholas Taylor Rowe,≤100
169277310432049,"Texas Precision Optics, Inc.",Texas Precision Optics Inc,≤100
131306317680000,Social Goods,"Social Goods, LLC",≤100
458928061510318,Rita Hart for Iowa,RITA HART FOR IOWA,≤100
1439364926329185,Animal Matters,Animal Matters,≤100
67626834312,National Women's Law Center,National Women's Law Center,≤100
101464921262312,Alaina for Congress 2020,Alaina Shearer for Congress,≤100
12683623041,Society for Human Resource Management (SHRM),SOCIETY FOR HUMAN RESOURCE MANAGEMENT,≤100
6041057841,The Humane Society of the United States,"HUMANE SOCIETY OF THE UNITED STATES, THE",≤100
111499100431,National Association for Gun Rights,NATIONAL ASSOCIATION FOR GUN RIGHTS INC,≤100
34701792581,EWTN,Eternal Word Television Network,≤100
102846434825096,Beat Abbott,Beat Abbott PAC,≤100
614134231980299,Veterans Empowered To Protect African Wildlife,VETPAW INC,≤100
100523018383357,National Federation of Christian Businesses - NFCB,National Federation of Christian Businesses Inc,≤100
1653251174924652,Fuzzu,Fuzzu,≤100
782093245218764,Qasim Rashid,RASHID FOR VA,≤100
1316372698453411,Alexandria Ocasio-Cortez,THE SQUAD VICTORY FUND,≤100
107439427661844,Accountable Tech,Accountable Tech,≤100
21395843375,Dialysis Patient Citizens,DIALYSIS PATIENT CITIZENS INC,≤100
19474609238,Mercatus Center at George Mason University,Mercatus Center at George Mason University,≤100
110828620426941,Roger Polack for Congress,ROGER FOR WISCONSIN,≤100
108152933883451,TrumpTrendz,Troy Lorenzo Davis,≤100
903816656455489,Pod For The Cause,Leadership Conference Education Fund,≤100
105829564471772,Patriots Stand Together,Trizzie Truong,≤100
953113491536337,Black to the Future Action Fund,Black to the Future Action Fund,≤100
79125112926,Students for Life of America,"STUDENTS FOR LIFE OF AMERICA, INC.",≤100
1255514891283096,RGA Right Direction PAC,RGA RIGHT DIRECTION PAC,≤100
56282222521,Houghton Mifflin Harcourt Trade,Houghton Mifflin Harcourt,≤100
58158120046,ACLJ,American Center for Law and Justice,≤100
91346559231,Democratic Legislative Campaign Committee - DLCC,Democratic Legislative Campaign Committee,≤100
128246362567,Mesquite NV Chamber of Commerce,Mesquite Chamber of Commerce,≤100
169687486427698,Jentezen Franklin,FREE CHAPEL WORSHIP CENTER,≤100
383754825699166,Beloved Benefit,Beloved Benefit,≤100
70995214846,Business Roundtable,Business Roundtable,≤100
24470472733,The Trevor Project,The Trevor Project,≤100
100170524856374,Evangelical Resistance,Patrick John Kahnke,≤100
121626482110,Operation Smile,"OPERATION SMILE, INC.",≤100
1678492922390061,WorkingNation,WorkingNation,≤100
197669827395385,Connected Commerce Council,Connected Commerce Council,≤100
234628203317767,Made for Freedom,Made for Freedom,≤100
297254237585636,Sheriff Strafe,These ads ran without a disclaimer,≤100
201248453800242,My Pay My Say,Mackinac Center for Public Policy,≤100
102745147891580,Trump Coolers,Trump Coolers,≤100
808450969246896,"Rebecca Walser, Tax Attorney, CFP",Walser Wealth Management,≤100
106954147689215,Just the Truth,JUST THE TRUTH POLITICAL ACTION COMMITTEE,≤100
1423200984590762,Jenny Wilson for Salt Lake County Mayor,Jenny Wilson for Salt Lake County Mayor,≤100
494652440603150,Battle Born Progress,BATTLE BORN PROGRESS,≤100
200676905671,We Are ALPA,Air Line Pilots Association,≤100
115024746010017,MediaWise,MediaWise,≤100
711478725532801,Civiqs,Civiqs,≤100
117513180002579,John Shallman,Target Marketing Digital,≤100
111140093672868,Josh Eisen for Congress,Joshua E Eisen,≤100
1977738355807406,Sharice For Congress,SHARICE FOR CONGRESS,≤100
83865976093,Truthout,TRUTHOUT,≤100
113702026736466,National Parks Action Fund,National Parks Action Fund,≤100
6316744206,Jon Tester,MONTANANS FOR TESTER,≤100
103571278142168,Joni Ernst Isn’t On Our Side,DSCC,≤100
711909245654048,National Police Support Fund,National Police Support Fund,≤100
219224241438635,Compassion & Choices,COMPASSION & CHOICES,≤100
1841824626073676,Candace Valenzuela for Congress,CANDACE FOR 24,≤100
107066711080027,"Carroll Fife for Oakland City Council, D3",Carroll Fife for City Council 2020,≤100
111970730196550,World War Zero,AMERICAN SECURITY PROJECT,≤100
17911165812,Covenant House International,Covenant House,≤100
262577294462322,Kettle Freaks,Kettle Freaks LLC.,≤100
30079936984,CWS,"CHURCH WORLD SERVICE, INC.",≤100
1809715209318581,Marjorie Taylor Greene for Congress,GREENE FOR CONGRESS,≤100
47712360678,Jobs With Justice,Jobs With Justice,≤100
2046092952294722,Lucy McBath for Congress,FRIENDS OF LUCY MCBATH,≤100
1632568446971453,Boredwalk,Boredwalk,≤100
162493793737,Rick Green,Richard Arlin Green,≤100
103443851470957,Antonio Delgado for Congress,Carlos Antonio Delgado,≤100
677754392261894,Our Nevada Judges,Our Nevada Judges,≤100
1268410219898273,Tango Tango,Tango Tango Inc,≤100
112127953625101,Rudy for Reno,Friends of Rudy Leon,≤100
780941275347834,Ilhan Omar,ILHAN FOR CONGRESS,≤100
1690071827911682,Cleancult,cleancult,≤100
192015461630968,Supporting Our Brave Veterans,James Brian Plouf,≤100
18079407397,CPAC 2020,Conservative Political Action Conference,≤100
999775873528189,Stopping Socialism,The Heartland Institute,≤100
51761261956,The Bill of Rights Institute,"BILL OF RIGHTS INSTITUTE, THE",≤100
6851405967,CREDO Mobile,"CREDO MOBILE, INC.",≤100
1634651343331439,Project Wren,Landon Brand,≤100
819607471729183,Dr. Al Gross for US Senate,DR. AL GROSS FOR U.S. SENATE,≤100
184731548554164,PL+US,Plus Fund: Paid Leave for the United States,≤100
112388493820536,Patriots United For America,Patriots United For America,≤100
181385265351965,Mosaic Magazine,Mosaic,≤100
102527004893192,The National Standard,Howard Stephan Barbanel,≤100
25121889784,Texas Public Policy Foundation,Texas Public Policy Foundation,≤100
858210161010020,Tom Malinowski for Congress,TOM MALINOWSKI FOR CONGRESS,≤100
242679302418244,Denison Forum,Denison Ministries,≤100
60236215646,LGBTQ Victory Fund,LGBTQ VICTORY FUND,≤100
164484093958327,Elko Nevada GOP,Elko County Republican Party,≤100
154510321337994,Chris Pappas for Congress,CHRIS PAPPAS FOR CONGRESS,≤100
70874333603,CatholicVote,CatholicVote,≤100
166738743732702,All Above All Action,All Above All Action Fund,≤100
700941689954518,Defend Our Future,Defend Our Future,≤100
141692255929599,Democratic Socialists of America,DEMOCRATIC SOCIALISTS OF AMERICA INC,≤100
186932688457686,CHNGE,CHNGE,≤100
210357995667559,The National Memo,The National Memo,≤100
103744091462809,The Trump Closet,Kenneth Dione Keith Jr,≤100
167473433290992,Inequality.org,Institute for Policy Studies,≤100
232201568659,Pacific Justice Institute,PACIFIC JUSTICE INSTITUTE,≤100
186805048171120,U.S. & Texas LawShield,Texas LawShield,≤100
451224838781405,Patriot Baby,Eric Todd Hunter,≤100
327202261326682,Stephanie Bice,Bice for Congress,≤100
299295363912730,New Politics Leadership Academy,New Politics Leadership Academy,≤100
158505287559920,Save the Storks,Save the Storks,≤100
128167457221813,Public Transportation,Voices for Public Transit,≤100
12784656483,Union Rescue Mission,Union Rescue Mission,≤100
21834534343,Volunteers of America,"VOLUNTEERS OF AMERICA, INC.",≤100
59543893235,National Constitution Center,National Constitution Center,≤100
153678684700451,American Investment Council,AMERICAN INVESTMENT COUNCIL,≤100
101912618134879,Gifts By Frank,Salinas Marketing,≤100
321088559302,Keep America Beautiful,"KEEP AMERICA BEAUTIFUL, INC.",≤100
1229789977123022,Debbie Lesko for Congress,DEBBIE LESKO FOR CONGRESS,≤100
118269091671380,The Home T,THE HOME T,≤100
100517105076564,Shining Lifetime,Daniel Vasquez,≤100
182620315479,Plan International USA,Plan International USA,≤100
133294620046953,Mission India,MISSION INDIA INC,≤100
337378049691746,Move 4 Less,These ads ran without a disclaimer,≤100
497081420632330,Dr. Hiral Tipirneni,HIRAL FOR CONGRESS,≤100
350214962152736,Justice Watch With Attorney Zulu Ali,Zulu  Abdullah  Ali,≤100
111702860231554,Matt Lieberman,Matt Lieberman for Senate,≤100
102689561566768,Party Line Shedd,DCCC,≤100
950998258312654,Knowhere,"Knowhere, Inc.",≤100
216709768355686,Dinesh D'Souza,America2020 Film LLC,≤100
160630887998827,Let Them Live,Let Them Live,≤100
138987533194878,Rick Stephens for Airport Board,Rick Stephens for Airport Board,≤100
1156676274461345,Mikie Sherrill,MIKIE SHERRILL FOR CONGRESS,≤100
7341997111,Conservation International,Conservation International,≤100
255208337943901,Jobs Growth,"JOBS FREEDOM AND SECURITY PAC, Not authorized by any candidate or candidate’s committee.",≤100
896759427103774,Modern Medicaid Alliance,Modern Medicaid Alliance,≤100
151757038879920,Alyse Galvin for Congress 2020,ALYSE FOR ALASKA,≤100
233116802464,Independent Voter,Independent Voter Project,≤100
1084699151721503,"Herb J. Wesson, Jr.",Wesson for Supervisor 2020,≤100
35142679763,Alzheimer's Disease Research,"BRIGHTFOCUS FOUNDATION, INC. A/K/A BRIGHTFOCUS FOUNDATION",≤100
1014486318584089,Armed American Supply,Armed American Supply,≤100
69869352985,Freedom Debt Relief,These ads ran without a disclaimer,≤100
105872574403318,Project TAMMI,a research grant at The National Center on Addiction and Substance Abuse (CASA),≤100
112333396969405,Jim Bognet,Bognet for Congress,≤100
169294473121454,Policetees.com,PoliceTees.com,≤100
11791104453,NRDC,Natural Resources Defense Council,≤100
1428283027462702,Restoration PAC,RESTORATION PAC,≤100
325578590837480,Protect Our Care,Sixteen Thirty Fund,≤100
109360297266116,Fearless Patriot,TERESA NONE OHARA-MARSH,≤100
149081336362,AmeriCorps VISTA,Corporation for National and Community Service,≤100
931907200310657,Patients Rising Now,Patients Rising Now Inc,≤100
101164484986617,To Be Frank Show,Real News PR,≤100
2212066245574161,Sarah Huckabee Sanders,St. Martin's Press,≤100
129523843754764,Vote Smart,PROJECT VOTE SMART,≤100
102315041409283,Horses in our Hands,In our Hands Action Fund,≤100
12128466831,Amazon Watch,"AMAZON WATCH, INC.",≤100
102281264932254,The Southern Strategy,Southern Strategy,≤100
133979276345,Georgia Farm Bureau,"GEORGIA FARM BUREAU FEDERATION, INC.",≤100
113310617054164,Trump Baseball Bats,Trump Baseball Bats,≤100
639945089977837,POLIFLIX,Barrett Edward Goetz,≤100
137340530379463,Sri for Congress 2020,SRI FOR CONGRESS,≤100
165566613453452,ERLC,ETHICS AND RELIGIOUS LIBERTY COMMISSION OF THE SOUTHERN BAPTIST,≤100
660064074075637,Rabbi David-Seth Kirshner,Davidseth M Kirshner,≤100
125907387426944,Edelson P.C.,Edelson PC,≤100
112803175418259,Adobe Document Cloud,Mario Alejandro Quinones,≤100
103376804451432,Trending Politics,Making Web LLC,≤100
8321461609,MomsRising.org,MomsRising Together,≤100
112473780428837,Chasten Buttigieg,Kenneth James Gillett,≤100
280704452367167,Jason Crow,JASON CROW FOR CONGRESS,≤100
102455534898300,Face The Change,FaceTheChange.co,≤100
167968013767335,Julie Oliver,JULIE OLIVER FOR CONGRESS,≤100
344690446467832,The Copper Courier,"Courier Newsroom, Inc.",≤100
114286980281478,Fair Maps Arizona,Fair Maps Arizona,≤100
150322194563,PASA Primates: Pan African Sanctuary Alliance,PAN AFRICAN SANCTUARIES ALLIANCE,≤100
111945553601129,Trump2020 Coffee,Trump2020 Coffee,≤100
227535924071462,Animal Petitions,AnimalPetitions.org,≤100
112371360561344,Resolute Patriot Clothing,ResolutePatriotClothing.com,≤100
59254639983,Boston Medical Center,BOSTON MEDICAL CENTER,≤100
334748476594191,Rodney Davis,Rodney for Congress,≤100
12503116997,Dennis Prager,Salem Media,≤100
121067011091,Arab American Institute,Arab American Institute with Facebook Ad Credits,≤100
2176472882580975,Crusader Outlet,Crusader Marketing,≤100
1505244559517282,Colin Allred,COLIN ALLRED FOR CONGRESS,≤100
374848446414965,Pollking,Benjamin Aaron Perlman,≤100
148945835171697,"Immigration Law Offices of Hadley Bajramovic, PC",Immigration Law Offices of Hadley Bajramovic,≤100
101724361319410,Ronny Jackson for U.S. Congress TX-13,Texans for Ronny Jackson,≤100
168367339845613,The Humane League,The Humane League,≤100
438536186881177,All Clear Foundation,All Clear Foundation,≤100
107953199261156,ifaw,"INTERNATIONAL FUND FOR ANIMAL WELFARE, INC.",≤100
110061623807565,Kelly Loeffler,Georgians for Kelly,≤100
103983379801,Texas Democratic Party,Texas Democratic Party,≤100
107592419594,Immigration Equality,IMMIGRATION EQUALITY INCORPORATED,≤100
367410166651077,Danny Meeks,Meeks for Mayor,≤100
16477459734,League of Conservation Voters,League of Conservation Voters Education Fund,≤100
111678373983031,Shop Jollies,BRAND KNEW,≤100
102750021183412,Justice U,Altus Solutions Inc,≤100
294356100899,SermonCentral,Outreach Media Group,≤100
154860200019,Immigrants Rising,Immigrants Rising,≤100
102959799834968,Diane Mitsch Bush for Colorado,DIANE FOR COLORADO CD3,≤100
370657382416,Stanley Black & Decker,"STANLEY BLACK & DECKER, INC.",≤100
106883907479649,HUPAC - Health Underwriters Political Action Committee,NATIONAL ASSOCIATION OF HEALTH UNDERWRITERS PAC (HUPAC),≤100
1000253160054572,Cori Bush,CORI BUSH FOR CONGRESS,≤100
420424547981908,In Search of Liberty,Scott Dennis Welch,≤100
87199812705,Advocates for Youth,ADVOCATES FOR YOUTH INC,≤100
70090474914,American Farmland Trust,"AMERICAN FARMLAND TRUST, INC",≤100
282728185140429,Rep For Vets,The Rep For Vets,≤100
110998592305221,Dr. Martens,Dr. Martens AirWair USA LLC,≤100
114226275387369,RepublicEn,republicEn,≤100
159597424207730,David Perdue,PERDUE FOR SENATE,≤100
2309566456030859,Human Coalition Action,PRO-LIFE TEXANS A HUMAN COALITION ACTION PAC,≤100
36634376117,HarperKids Books,HARPERCOLLINS PUBLISHERS LLC,≤100
130848666099,Business Forward,BUSINESS FORWARD,≤100
102579318191600,No Justice No Peace,NO JUSTICE NO PEACE PAC,≤100
84206511914,MN AFL-CIO,Minnesota AFL-CIO Politcal Fund,≤100
868405419972384,The Outrage,The Outrage,≤100
1852520761657982,4ocean,4ocean,≤100
2185993931653388,The Recount,"Recount Media, Inc",≤100
367224893316691,Roger Gaylord,Roger Gaylord,≤100
2338979479650120,Genevieve Collins for Congress,COLLINS FOR TEXAS,≤100
7209432197,Chris Coons,CHRIS COONS FOR DELAWARE,≤100
486324651440186,Plastic Bank,Erin Lillian Rand,≤100
340393855322,Van Taylor,VAN TAYLOR CAMPAIGN,≤100
168303959868194,Feniex Industries,FENIEX INDUSTRIES INC.,≤100
168452723312821,Chisholm Chisholm & Kilpatrick LTD,Chisholm Chisholm & Kilpatrick LTD,≤100
330648134122956,New Direction New Jersey,New Direction New Jersey,≤100
101174331629641,Ring The Alarm,RingTheAlarm.US,≤100
308159713150350,Voter Protection Project,VOTER PROTECTION PROJECT,≤100
72565633140,Soles4Souls,"SOLES4SOULS, INC.",≤100
571748412859876,Matt Rosendale,Matt Rosendale for Montana,≤100
548407915183371,Liz Cheney,Liz Cheney for Wyoming,≤100
405355946226766,Todd Young,"FRIENDS OF TODD YOUNG, INC.",≤100
204061816378061,CWA Political Action,COMMUNICATIONS WORKERS OF AMERICA WORKING VOICES,≤100
5887538795,Education Week,Education Week,≤100
541807025833154,Malala Fund,Malala Fund,≤100
1747132688647028,Democratic Association of Secretaries of State,Democratic Association of Secretaries of State,≤100
106572950040377,Max Rose,MAX ROSE FOR CONGRESS,≤100
56332452163,AMA Patients Action Network,American Medical Association,≤100
8382221278,HeadCount,HEAD COUNT INC,≤100
18813753280,Human Rights Campaign,"HUMAN RIGHTS CAMPAIGN, INC.",≤100
157022225145063,Dave Stauffer for President,STAUF ENTERPRISES INC,≤100
1640970822834351,Plaine Products,Plaine Products,≤100
168379594070325,3DTrumpVision.com,3DTrumpVision.com,≤100
549425778407737,Manatee County Supervisor Of Elections,Manatee County Supervisor of Elections,≤100
2070944712939738,American Police Officers Alliance,American Police Officers Alliance,≤100
570524446405979,Only Human,Only Human,≤100
201956993160690,MRCTV,MEDIA RESEARCH CENTER,≤100
110025777469404,Ridgeline Research LLC,Ridgeline Research LLC,≤100
1443127535947107,Save the Children Action Network,Save the Children Action Network,≤100
148789241860673,Scuf Gaming,These ads ran without a disclaimer,≤100
2113400635561647,Andrea Mitchell Center for the Study of Democracy,Andrea Mitchell Center for the Study of Democracy at the University of Pennsylvania,≤100
434224137354568,Dr. Rich McCormick for Congress,Friends of McCormick,≤100
163202650462603,Doug LaMalfa for US Representative,DOUG LAMALFA COMMITTEE,≤100
107199049318619,Friends of Derek Kilmer,PEOPLE FOR DEREK KILMER,≤100
104917974464673,No Plastic Drinks,No Plastic Drinks,≤100
989265834456558,Leo Biasiucci Arizona House of Representatives LD5 Republican,Leonard Andrew Biasiucci,≤100
112560807210874,Slimable,These ads ran without a disclaimer,≤100
183517831660100,Morning Consult,Morning Consult LLC,≤100
747783932079184,Jared Golden,COMMITTEE TO ELECT JARED GOLDEN,≤100
192448150001,Jeff Anderson & Associates,Jeffrey R Anderson PA,≤100
1059320777468378,David Kustoff,Kustoff for Congress,≤100
245741028804051,Barbara Sinatra Center,Barbara Sinatra Children's Center,≤100
314121315788033,Stand with Parkland,Stand With Parkland,≤100
183424985463330,Joe Cunningham,JOE CUNNINGHAM FOR CONGRESS,≤100
60865633726,Love Justice International,TINY HANDS INTERNATIONAL,≤100
105561217523274,The_Dispatch,"Dispatch Media, Inc.",≤100
106284501132110,Demoquiz,David Charles Madden,≤100
105698674239617,Embed News,Embed News,≤100
51533142540,Public Advocate of the U.S.,PUBLIC ADVOCATE OF THE US,≤100
1053833861326820,John Burke,Presidential Playbook,≤100
181467702005600,Mark Warner VA,FRIENDS OF MARK WARNER,≤100
414539652218222,UnitedMasters,These ads ran without a disclaimer,≤100
302111635698,National Association of Tax Professionals (NATP),National Association of Tax Professionals,≤100
28144169620,Alliance for Aging Research,Alliance for Aging Research,≤100
111361091313,NICABM,"Theoria Associates for Health Education, Inc.",≤100
79820371749,Ayanna Pressley,THE COMMITTEE TO ELECT AYANNA PRESSLEY,≤100
102665201399226,Current Science Daily,Metric Media LLC,≤100
1545826148838592,Trump 2020,Gregory Lawrence Burright,≤100
1345951945549438,The Trump Prophecy,"DIGITAL COAST MEDIA, LLC",≤100
10897453188,Operation Mobilization - OM USA,"OPERATION MOBILIZATION USA, INC.",≤100
315151565831,Ascension,Ascension Press,≤100
24481937944,Theodore Roosevelt Conservation Partnership,"THEODORE ROOSEVELT CONSERVATION PARTNERSHIP, INC",≤100
80562389320,NARAL Pro-Choice America,NARAL Pro-Choice America,≤100
175335262547741,Dan Kildee,FRIENDS OF DAN KILDEE,≤100
101420381658477,Locke & Key PAC,LOCKE & KEY PAC,≤100
245284549333866,ASMDSS,ASMDSS,≤100
135500133147357,ProEnglish,US INC,≤100
278487153675,Redneck Nation Clothing,Tracie Milliron Gold,≤100
8145161702,Lambda Legal,"LAMBDA LEGAL DEFENSE & EDUCATION FUND, INC.",≤100
107155540841212,Proud Patriot America,Proud Patriot,≤100
130848666099,Business Forward,Business Forward Inc.,≤100
104866177700461,Brittney Rodas for State Representative,Friends of Brittney Rodas,≤100
28483858161,Texas Scorecard,A PROJECT OF EMPOWER TEXANS INC,≤100
628423320573742,Vote Run Lead,VOTERUNLEAD,≤100
104084298079050,United Liberty,Carlos None Leon Trejo,≤100
2477925168899669,The Renew Democracy Initiative,"The Renew Democracy Initiative, Inc",≤100
682990071843813,Center for the Study of Liberty,Center for the Study of Liberty,≤100
399067003454888,Sudan Relief Fund,Sudan Relief Fund Inc,≤100
107553074295243,Climate Vote MN,Climate Vote MN,≤100
292351509697,Jerusalem Prayer Team,Jerusalem Prayer Team,≤100
110316697328742,People of Seniors Housing,People of Seniors Housing,≤100
303374266418976,AFPM,American Fuel & Petrochemical Manufacturers,≤100
103131054573692,Crawfordology,Crawfordology,≤100
113351505349955,The Christian Broadcasting Network,The Christian Broadcasting Network Inc,≤100
166194476728392,Center Street,"Hachette Book Group, Inc.",≤100
369325156488153,Ubuntu Life,Ubuntu Life,≤100
1733918116873254,BackWoods Mafia,Landon David Turner,≤100
884608308247144,Armadillo Hat Company,Armadillo Hat Company,≤100
1400772006635782,Josh Harder,JOSH HARDER FOR CONGRESS,≤100
1354622541311687,Dr. Kim Schrier,DR KIM SCHRIER FOR CONGRESS,≤100
425303257834064,Tom Basile,TomBasile.com,≤100
18017481462,Acton Institute,Acton Institute,≤100
130945114804,World Jewish Congress,WORLD JEWISH CONGRESS AMERICAN SECTION INC,≤100
105882964535390,Cats Against Trump,Cats Against Trump,≤100
329272720965256,GALvanize USA,GALvanize USA,≤100
1741729849281711,Uber & Lyft Sexual Assault Attorneys,Safer America,≤100
836826976517252,International Christian Embassy Jerusalem - USA,"International Christian Embassy Jerusalem - USA, Inc.",≤100
15503839732,Peter G. Peterson Foundation,Peter G. Peterson Foundation,≤100
104012084703106,One People United PAC,One People United,≤100
1709145412721991,The Center for Growth and Opportunity at Utah State University,The Center for Growth and Opportunity,≤100
13187955196,Young Americans for Liberty,Young Americans for Liberty,≤100
17475614410,Hispanic Federation,Paid for by Hispanic Federation with Facebook Ad Credits,≤100
15351475322,Cathy McMorris Rodgers,Cathy McMorris Rodgers for Congress,≤100
100796147988635,Kelvin Barrios For San Diego City Council District 9,Kelvin Barrios for San Diego City Council 2020,≤100
101176014673943,Michelle for Kansas,MICHELLE FOR KANSAS,≤100
1400371370253041,Eagan Immigration,Eagan Immigration,≤100
13885075114,Action Against Hunger USA,ACTION AGAINST HUNGER - USA,≤100
173837496125511,Conscious Step,Conscious Step,≤100
121033149320,American Indian College Fund,"AMERICAN INDIAN COLLEGE FUND, THE",≤100
1755810367986271,Eurasia Group Foundation,Eurasia Group Foundation,≤100
922580991129339,People's Mojahedin Organization of Iran - MEK IRAN,MEK-Iran (Saeid Saadati),≤100
208463585839891,Living Future Institute,International Living Future Institute,≤100
304750332920654,Carl DeMaio,SECURE THE BORDER SUPERPAC,≤100
300992409852,Hoover Institution,Hoover Institution,≤100
100361738426458,Diamond for Airport Board 2020,Diamond for Airport Board 2020,≤100
107937014153581,Energized Health,John Jubilee Transformation LLC DBA Energized Health,≤100
113110137118723,Collectible Currency,Proud Patriots,≤100
304062610300415,VozWire,Gregson E Mathe,≤100
598720023670599,Jennifer Carroll Foy,Jennifer Carroll Foy for Governor,≤100
214061167976,El Tiempo Latino,Carlos Jose Munoz,≤100
53727956260,Republican Jewish Coalition,Republican Jewish Coalition,≤100
612701059241880,Latinos for Trump,TRUMP MAKE AMERICA GREAT AGAIN COMMITTEE,≤100
42872222699,Dana Loesch,Dana Loesch Radio,≤100
269479249997,National Shooting Sports Foundation | NSSF,National Shooting Sports Foundation,≤100
718475924980443,Amsterdam & Partners LLP,Amsterdam & Partners LLP,≤100
102436701226752,Is It Sunday Yet?,Jarrett J Rogers,≤100
100699775058659,Education Now NC,Education Now,≤100
106835531007146,Garment Hound,These ads ran without a disclaimer,≤100
134323820585259,Black Voters Matter,Black Voters Matter Fund Inc,≤100
241672016328637,Lauren Underwood for Congress,LAUREN UNDERWOOD FOR CONGRESS,≤100
362628781134387,Medicines360,"JONES PUBLIC AFFAIRS, INC.",≤100
521924961194913,Bruce Westerman,Westerman for Congress,≤100
100729641303493,ICount NM,I Count New Mexico,≤100
124626320898336,Catholic Extension,"CATHOLIC CHURCH EXTENSION SOCIETY OF THE UNITED STATES OF AMERICA, THE",≤100
15771560300,Earthjustice,EARTHJUSTICE,≤100
262905633727,Los Angeles Mission,"Los Angeles Mission, Inc.",≤100
118178241651488,DSPolitical,"DSPolitical, LLC",≤100
104170004713256,Elect Black Democrats,THE COLLECTIVE PAC,≤100
104881317722736,Get-It-Out,Matthew Justin Viles,≤100
587676831343390,Raheem AI,RAHEEM AI,≤100
607626319739286,Black Voices for Trump,TRUMP MAKE AMERICA GREAT AGAIN COMMITTEE,≤100
166166843531258,National Council of Resistance of Iran - شورای ملی مقاومت ایران,MEK-Iran (Saeid Saadati),≤100
228132537208218,Tammy Duckworth,TAMMY FOR ILLINOIS,≤100
142606445903522,No Zebras Productions,Suzen D Pettit,≤100
1784991421516214,Seek Refuge,Seek Refuge,≤100
1452551204988299,GoReact,Speakworks Inc,≤100
171651620209487,Brady PAC,Brady Pac,≤100
341240953385902,Force Of Nature Meats,Force of Nature,≤100
175886458122,People's Action,People's Action,≤100
339432396135584,The Exodus Road,EXODUS ROAD INC,≤100
106114264313679,Hunt The Vote,"Hunter Nation, Inc",≤100
103934071014071,Fire Drill Fridays,"GREENPEACE, INC.",≤100
111597310595312,Enough Already 2020,Enough Already,≤100
174046949421616,Phenomenal Woman Action Campaign,Phenomenal Woman Action Campaign,≤100
717417908274761,Lady Freethinker,Lady Freethinker,≤100
108970206976,World Vision USA,WORLD VISION INC.,≤100
109866370700481,PushBlack Finance,PushBlack,≤100
2406972266252679,BloombergLaw,"BUREAU OF NATIONAL AFFAIRS, INC., THE",≤100
289213691238937,Thrasher Coffee,Thrasher Coffee Co.,≤100
100123544800892,Disme Coin Company,Byron Michael Laughlin,≤100
284002627318,Adobe Acrobat,Adriana None Frias,≤100
1290536624348001,Informed Immigrant,FWD.us Education Fund,≤100
9739634228,The Political Machine,"Hitcents.com, Inc",≤100
295533050495998,Abogado de Inmigracion Jorge Rivera - Immigration Group LLC,Michael A Castillo,≤100
108650400954148,Stopping Socialism TV,The Heartland Institute,≤100
89324781720,Pat Toomey,Friends of Pat Toomey,≤100
151297638887120,Upswell,These ads ran without a disclaimer,≤100
566008736785269,Be Heard Project,Be Heard Project,≤100
110798880680061,USA Strong,USA Strong,≤100
103144548151014,Adrian Perkins,Perkins for LA,≤100
109914474151573,COMMUNITYx App,Chloe Cheyenne Rogers,≤100
15041226930,Oxfam,"OXFAM AMERICA, INC.",≤100
296914550322200,Jose Javier Rodriguez,Florida Democratic Legislative Campaign Committee,≤100
114937555342547,Seth Abramson,Macmillan Publishing,≤100
40043524983,Constitutional Accountability Center (CAC),Constitutional Accountability Center,≤100
12185972707,350.org,350.org,≤100
104379058055346,The Louder Party,the louder party,≤100
312208869424760,Field Team 6,Cory Cambridge Alpert,≤100
1658135304460341,MANG,MANG,≤100
32582320449,CMMB,CATHOLIC MEDICAL MISSION BOARD INC,≤100
105953890782784,The Factual,The Factual,≤100
1833879943496521,Spread The Vote,Spread the Vote,≤100
1425435377743310,Conversations with Bill Kristol,The Foundation for Constitutional Government,≤100
112650016883848,Fair and Square,Fair And Square PAC,≤100
102010211314386,Donald Trump 2020 Voters,I Love My Freedom,≤100
297706507036856,Charles Koch Institute,Charles Koch Institute,≤100
8002590959,Rainforest Action Network,RAINFOREST ACTION NETWORK,≤100
279055918888826,Jaythreesixty,J360 LLC,≤100
740266592735787,Free to Be Kids,Free To Be Kids,≤100
105287044367027,ObsessedwithTrump,Donald Lee Rowan,≤100
708375056271048,The Christendom Curriculum,The Christendom Curriculum,≤100
35715544220,Stand.earth,STAND,≤100
1653885501501009,Propeller,Propeller Enterprises,≤100
2049170775107862,Resistance By Design,Resistance By Design,≤100
295644160460352,Donald Trump Jr.,"Premiere Marketing, Inc.",≤100
100317328397968,Daniel Hill,HarperCollins Christian Publishing,≤100
97466887664,Innocence Project,"INNOCENCE PROJECT, INC., THE",≤100
39432041915,Capital Research Center,CAPITAL RESEARCH CENTER INC,≤100
7642602143,Mother Jones,FOUNDATION FOR NATIONAL PROGRESS,≤100
313723095478950,The Daily Citizen,Focus on the Family,≤100
28510612138,Uncommon Knowledge,Hoover Institution,≤100
111495005590988,Pattern,Pattern Energy,≤100
698400060189827,Dan Sullivan,Alaskans for Sullivan,≤100
1781731108749356,Eli Electric Vehicles,Eli Electric Vehicles Inc.,≤100
620619085055774,Sandy Smith,"SANDY SMITH FOR CONGRESS, INC.",≤100
120085718005638,American Prairie Reserve,American Prairie Reserve,≤100
101940074774164,Vote Cheryl Butler,Committee to Elect Cheryl Butler,≤100
5943727453,American Humane,American Humane,≤100
96491683438,"The Friends of Israel Gospel Ministry, Inc.","FRIENDS OF ISRAEL GOSPEL MINISTRY, INC, THE",≤100
101391906600,Live Action News,Live Action News,≤100
279256605891946,CalmEffect,"Balance Marketing Group, LLC",≤100
456262374764387,Voters Not Politicians,Voters Not Politicians,≤100
104320074406295,David Cook for State Representative,David Cook Campaign,≤100
102970113093477,Church Militant/St. Michael’s Media,Max Aldcander Douglas,≤100
1437139799857705,National Medal of Honor Museum,Medal of Honor Museum Foundation,≤100
516311205556101,Sepi Shyne for West Hollywood City Council,Sepi Shyne for West Hollywood City Council,≤100
104044698088843,The Patriotic Venture,Thanh Phuc Tran Nguyen,≤100
14673807622,Wisconsin Conservation Voters,Wisconsin Conservation Voters Independent Expenditure Committee,≤100
341828139690,Heritage Defense,Heritage Defense,≤100
2133130356918764,Common Justice,COMMON JUSTICE INC,≤100
118686519962406,NIOSH Aerosol Respirator and Face Shield Protection for The General Public,"Eastern PPE Imports, LLC",≤100
101665134815641,"Adam L. Fleming Law, PC","Adam L. Fleming Law, PC",≤100
1344753008968781,Birds Aren't Real,Birds Aren't Real,≤100
1623930364310963,StandwithMueller,StandWithMueller,≤100
172783160290727,New Civil Liberties Alliance,NEW CIVIL LIBERTIES ALLIANCE,≤100
785936231584382,Paula Jean Swearengin,Paula Jean for West Virginia,≤100
101208514791301,Daniel Turner,Power The Future Inc,≤100
106596314443572,Dmitriy Yakubovich,"Dmitriy Yakubovich for Hallandale Beach City Commission, Seat 4",≤100
696930446991476,Financialadviser.com,FinancialAdviser.com,≤100
143021112391265,Jacobin magazine,Jacobin Foundation,≤100
2246364628908665,Uniting Missouri,Uniting Missouri,≤100
182658925089088,FINCA,"FINCA INTERNATIONAL, INC.",≤100
1949440971937523,Maine Voter Info,MAINE DEMOCRATIC PARTY,≤100
123838185676931,Quinn Nystrom for Congress,Quinn Nystrom for Congress,≤100
856208611420219,Christina Finello,FINELLO FOR CONGRESS,≤100
105835711208027,The Progressive List,THE PROGRESSIVE LIST,≤100
75353945070,Boxed Water Is Better,Boxed Water Is Better,≤100
169440273093442,The Center for Election Science,The Center for Election Science,≤100
100401327980848,National Parents Union,National Parents Union,≤100
105318696193467,Indiana AFL-CIO,AMERICAN FEDERATION OF LABOR & CONGRESS OF INDUSTRIAL ORGANIZATIONS,≤100
111892670610842,Political AF,Quyen Sanh Gip,≤100
191975737491988,Jennifer Wexton,WEXTON FOR CONGRESS,≤100
1438882392887793,ADF Church Alliance,Alliance Defending Freedom,≤100
317284821682168,Messianic Jewish Alliance of America (MJAA),Messianic Jewish Alliance of America,≤100
100645541728080,Blue America Project,BLUE AMERICA PROJECT,≤100
108201407448055,Be Compassionate - SC Criminal Justice Reform,Lisa Burgess Lancaster,≤100
1397799040234106,OpinionUP,OpinionUP LLC,≤100
170806736923126,Harmony Turbines,Harmony Turbines Inc,≤100
439434939539107,"Steve Sanson President of Veterans In Politics International, Inc.","Veterans In Politics International, Inc.",≤100
1311291038982513,2A Gear,Teecreations LLC,≤100
112720517164583,Thank You Blue,TYB Enterprises Inc,≤100
106167494537295,Domain Bundles,Michel Khristo,≤100
511235549007985,PRJKT RUBY,PRJKT RUBY,≤100
16534314739,Facing History and Ourselves,"FACING HISTORY AND OURSELVES NATIONAL FOUNDATION, INC.",≤100
564181070370375,Lissa for PA,Friends of Lissa,≤100
195620754724,Helping Hand USA,HELPING HAND FOR RELIEF AND DEVELOPMENT INC.,≤100
317667194946264,Ro Khanna,RO FOR CONGRESS INC,≤100
57495285387,Michael Bennet,BENNET FOR AMERICA,≤100
349414121803186,The Western Journal en Español,The Western Journal,≤100
114994916573293,CareForAllChildren,CareForAllChildren,≤100
115617711783870,Center for Union Facts,CENTER FOR UNION FACTS,≤100
100712904867226,Kevin Thomas For State Senate,NYS Democratic Senate Campaign Committee,≤100
830890360316751,Nick Hanauer,Civic Action,≤100
2295062210811244,Coalition for American Veterans,COALITION FOR AMERICAN VETERANS POLITICAL ACTION COMMITTEE,≤100
131352838109,Congressman Darrell Issa,DARRELL ISSA FOR CONGRESS,≤100
44224524016,American Kidney Fund,"AMERICAN KIDNEY FUND, INC.",≤100
153309775026,SnapStream,SnapStream Media,≤100
138141366212571,Gravis Marketing,GRAVIS MARKETING INC.,≤100
30139072158,CARE,CARE,≤100
108433238844,Cweb,CWEB Inc.,≤100
106890801114065,Right Wing Maga,Right Wing Maga,≤100
105082357738682,Be Choose Cause Global Leaders Conference,"inviteCHANGE, LLC",≤100
700153177010264,Plant Based Products Council,Plant Based Products Council,≤100
299907453682524,American Legacy Center,American Legacy Center,≤100
525171637666780,Sandy Piña California Delegate,RCR,≤100
111648480319494,800DEMOCRAT,800DEMOCRAT,≤100
101481584557260,Help Asheville Bears-HAB,Heather Christina Williams,≤100
141786816970,Cruise Lines International Association - CLIA,Cruise Lines International Association,≤100
25255876194,GOPAC,GOPAC Election Fund,≤100
112230466965874,Vote Like a Woman,PEOPLE FOR PEOPLE,≤100
153477451455783,The Optimist Daily,"The Optimist Publications, LLC",≤100
1945837408977507,Michael Moates,-MICHAEL STEVEN MOATES,≤100
1486604288305133,Happy Earth Apparel,Happy Earth LLC,≤100
109259090549237,Yes on National Popular Vote,Yes on National Popular Vote,≤100
171287339973880,LCV Victory Fund,"LCV Victory Fund, 202-785-8683, and not authorized by any candidate or candidate’s committee",≤100
174777196873,Republican Party of New Mexico,REPUBLICAN CAMPAIGN COMMITTEE OF NEW MEXICO,≤100
244579043463375,The Three Masketeers,Three Masketeers,≤100
1338822066131069,Women's March,Women's March,≤100