﻿Page ID,Page Name,Disclaimer,Amount Spent (USD)
153080620724,Donald J. Trump,TRUMP MAKE AMERICA GREAT AGAIN COMMITTEE,1634
6726182861,Mike Pence,TRUMP MAKE AMERICA GREAT AGAIN COMMITTEE,1570
202626512363,U.S. Census Bureau,U.S. Census Bureau,985
925007000949719,ExxonMobil,Exxon Mobil Corporation,830
1771156219840594,Team Trump,TRUMP MAKE AMERICA GREAT AGAIN COMMITTEE,753
156968474833352,Stop Republicans,Stop Republicans,571
110749446963570,Courier,Courier Newsroom,426
108824017345866,Facebook,"Facebook, Inc.",409
7860876103,Joe Biden,BIDEN VICTORY FUND,409
127755494595870,Progressive Takeover,PROGRESSIVE TAKEOVER,347
20787991568,Senate Democrats,DSCC,311
260754507296508,The Voter Participation Center,Voter Participation Center,295
101691091213750,The Empowerment Alliance,The Empowerment Alliance,257
80562389320,NARAL Pro-Choice America,NARAL Pro-Choice America,242
100729641303493,ICount NM,I Count New Mexico,232
107270820796019,Mark Ronchetti,Mark Ronchetti for New Mexico,217
1745691098822972,Brad Parscale,TRUMP MAKE AMERICA GREAT AGAIN COMMITTEE,200
96935476345,Democratic Governors Association (DGA),Democratic Governors Association,200
429812024048177,Doug Jones for Senate,DOUG JONES FOR SENATE COMMITTEE,189
153080620724,Donald J. Trump,"DONALD J. TRUMP FOR PRESIDENT, INC.",177
105756057589080,The Lincoln Project,The Lincoln Project,168
6072343558,Center for American Progress,CENTER FOR AMERICAN PROGRESS,162
104856814505092,The Kids Guide,The Kids Guide,149
1449461518652183,4Patriots,4Patriots LLC,148
342294162453301,Planned Parenthood,Planned Parenthood Federation of America,148
9324910069,NRSC,NRSC,144
602714436529710,End Citizens United,END CITIZENS UNITED,130
2330577043935831,Sara Gideon,SARA GIDEON FOR MAINE,124
791543660926838,"I'll go ahead and keep my guns, Thanks",2A4LIFE LLC,120
1615018905412860,Progressive Turnout Project,PROGRESSIVE TURNOUT PROJECT,119
102671331487937,I Love My Freedom Store,I Love My Freedom,117
665345483483486,NRA - National Rifle Association of America,NATIONAL RIFLE ASSN OF AMERICA,112
33110852384,Doctors Without Borders/ Médecins Sans Frontières (MSF),Doctors Without Borders/Médecins Sans Frontières (MSF),107
254463751303529,Mayor Tim Keller,City of Albuquerque,107
109092142462587,Adam Schiff,SCHIFF FOR CONGRESS,106
2352630938293825,Mytacticalpromos,Entremax,101
234217233822335,BiteGamingg,These ads ran without a disclaimer,≤100
219224241438635,Compassion & Choices,COMPASSION & CHOICES,≤100
105732744375701,Steve Bullock,MONTANANS FOR BULLOCK,≤100
345504286342057,Keeping America Great Again,RightWingGear.com,≤100
113891694102,Energy Citizens,AMERICAN PETROLEUM INSTITUTE,≤100
127225910653607,PragerU,PragerU,≤100
103733440984818,ReNew Mexico,ReNew Mexico,≤100
163148530407080,Captain Mark Kelly,MARK KELLY FOR SENATE,≤100
39197138659,ACLU of New Mexico,ACLU of New Mexico,≤100
328853823844484,Balance of Power,Balance of Power,≤100
96935476345,Democratic Governors Association (DGA),DEMOCRATIC ACTION,≤100
176789922364429,Steve Daines,STEVE DAINES FOR MONTANA,≤100
132492254050920,American AF,AAF Nation,≤100
8934429638,Planned Parenthood Action,Planned Parenthood Action Fund,≤100
111393882812494,Amy McGrath,"AMY MCGRATH FOR SENATE, INC.",≤100
326208574896241,Representative Xochitl Torres Small,Congresswoman Xochitl Torres Small,≤100
328072970642479,Jaime Harrison,JAIME HARRISON FOR US SENATE,≤100
109111900634787,Reverend Raphael Warnock,WARNOCK FOR GEORGIA,≤100
1375618656016062,Deb Haaland for Congress,DEB HAALAND FOR CONGRESS,≤100
259130650776119,Mitch McConnell,MCCONNELL SENATE COMMITTEE,≤100
2078647579047586,Project Pulso,Project Pulso,≤100
24330467048,Americans for Prosperity,AMERICANS FOR PROSPERITY,≤100
7833534974,Florida Democratic Party,Florida Democratic Party,≤100
92925746942,Judicial Watch,Judicial Watch,≤100
110853600611054,We Count,Santa Fe County,≤100
106323360959211,Patriots Republic,Matthew James Stine,≤100
112974563687584,Robert Kiyosaki - The Rich Dad Poor Dad Letter,Long Form Creative Co.,≤100
165987503528599,Lindsey Graham,"TEAM GRAHAM, INC.",≤100
2267285956849056,Donald Trump 2020 Fans,I Love My Freedom,≤100
18982436812,ACLU,American Civil Liberties Union,≤100
23875187730,Feeding America,Feeding America,≤100
206360852734005,New Mexico Wilderness Alliance,New Mexico Wilderness Alliance,≤100
107858693983382,The GOP Shop,The GOP Shop,≤100
15239367801,The Wilderness Society,"WILDERNESS SOCIETY, THE",≤100
102590137916214,Pattern Energy New Mexico,Pattern Energy New Mexico,≤100
112694470356789,Trumpcare For America,Stuart Joseph Millar,≤100
7814597100,Jim Jordan for Congress,JIM JORDAN FOR CONGRESS,≤100
586402784803665,OLÉ NewMexico,"OLE EDUCATION FUND, THE",≤100
57259033959,AARP,AARP,≤100
114625730266879,Republican Voters Against Trump,Defending Democracy Together,≤100
1336293769761923,Jon Ossoff,JON OSSOFF FOR SENATE,≤100
168051710543266,Lacy Johnson,Lacy Johnson for Congress,≤100
12301006942,Democratic Party,BIDEN VICTORY FUND,≤100
359477377917,American Federation for Children,American Federation for Children,≤100
2064180903808146,Nuestra Tierra Conservation Project,Nuestra Tierra Conservation Project,≤100
107758757670203,BLM Direct,BLM Store LLC,≤100
8325302025,Friends of the Earth U.S.,Friends of the Earth,≤100
25852730092,Care2,Care2 Inc,≤100
203197030603239,8 Billion Trees,8 Billion Trees LLC,≤100
1109093812491437,Blaze Media,Blaze Media LLC,≤100
103531607822207,Noticias para Inmigrantes,"Wise Rock Media, PBC",≤100
85452072376,Newsmax,Newsmax Media,≤100
277005566267077,Blueland,Blueland,≤100
1883837055193241,Shield Republic,Shield Republic,≤100
7802641703,Planned Parenthood of the Rocky Mountains,Planned Parenthood of the Rocky Mountains,≤100
209046616332309,Xochitl for Congress,XOCHITL FOR NEW MEXICO,≤100
110974960642149,Proudly American,Grant Alan Johnston,≤100
1025055787535714,A Case for Women,A Case for Women,≤100
167586229923327,World Food Program USA,World Food Program USA,≤100
580610428636345,Fight for $15,Fight for $15,≤100
373814729643508,Let America Vote,LET AMERICA VOTE PAC,≤100
38235851310,USA for UNHCR,UNITED STATES ASSOCIATION FOR UNHCR,≤100
560140464159364,Stand for the 2nd Amendment,SFT2 Tactical Supply,≤100
110177119192569,Knightscope,William Li,≤100
228754857151053,House Majority PAC,House Majority PAC,≤100
309308412520731,Sandy Hook Promise,Sandy Hook Promise,≤100
278490715553293,Martha McSally,MCSALLY FOR SENATE INC,≤100
6820348410,Kirsten Gillibrand,Off the Sidelines,≤100
101279451606075,Democratic Strategy Institute,Democratic Strategy Institute,≤100
222849185175901,Better Jobs New Mexico,Resource Media,≤100
6041057841,The Humane Society of the United States,"HUMANE SOCIETY OF THE UNITED STATES, THE",≤100
228132537208218,Tammy Duckworth,TAMMY FOR ILLINOIS,≤100
309798029121030,Everytown for Gun Safety,Everytown for Gun Safety Action Fund Inc,≤100
834645469890446,Devin Nunes,DEVIN NUNES CAMPAIGN COMMITTEE,≤100
25055115099,Intuit,INTUIT INC.,≤100
7292655492,MoveOn,MOVEON.ORG POLITICAL ACTION,≤100
17911165812,Covenant House International,Covenant House,≤100
1556932204325823,ProgressPop,ProgressPop,≤100
137569740231452,Respect The Look,Respect The Look,≤100
196382377057315,Learn Our History,Learn Our History,≤100
16477459734,League of Conservation Voters,"LEAGUE OF CONSERVATION VOTERS, INC",≤100
332716170522025,America First Action,America First Action,≤100
106244251043808,Reuse Plastics,"AMERICAN CHEMISTRY COUNCIL, INC.",≤100
1061240530648502,Joe Collins,JOE COLLINS FOR CONGRESS,≤100
126694924050678,Xavier Becerra,Becerra for Attorney General 2022,≤100
2353537341582545,Proud Patriots,Proud Patriots,≤100
73970658023,International Rescue Committee,International Rescue Committee,≤100
5435784683,Greenpeace USA,"GREENPEACE, INC.",≤100
794490553914304,Dr. Nina Ansary,"Revela Press, LLC",≤100
87777747127,Greg Palast,Palast Investigative Fund,≤100
100137754724934,Trump 2020 Supporters,Proud Right Winger,≤100
1316372698453411,Alexandria Ocasio-Cortez,Alexandria Ocasio-Cortez for Congress,≤100
717115395103069,PrintedKicks,Printed Kicks,≤100
18813753280,Human Rights Campaign,"HUMAN RIGHTS CAMPAIGN, INC.",≤100
105084617912738,PatriotQuizzes,patriotquizzes.com,≤100
605168822998856,314 Action,314 ACTION FUND,≤100
296708523873754,Karla Dennis and Associates Inc.,"Karla Dennis & Associates, Inc",≤100
1194865807192273,Conservative Gear,Outergoods LLC,≤100
213792049451918,Stand For America,Stand For America Inc,≤100
19972147679,SEIU,SEIU,≤100
105566671190013,What We All Need,Patrick Le Tran,≤100
101181794707874,United Research Group,United Research Group,≤100
327837911149503,2A4Life,2A4LIFE LLC,≤100
115379705206001,U.S. Department of Homeland Security Blue Campaign,DHS Blue Campaign,≤100
92021268117,Working America,Working America,≤100
150681061641282,Tri-State G&T,Tri-State Generation Transmission Association Inc,≤100
15687409793,World Wildlife Fund,World Wildlife Fund,≤100
103597604713894,Team Trump Store,TRUMP MAKE AMERICA GREAT AGAIN COMMITTEE,≤100
433919203362871,Bird + Stone,BIRD & STONE INC,≤100
114710126648118,Republican Dogs,Republican Dogs,≤100
461204744067686,Family Protection Association,Family Protection Association,≤100
278509982187064,City of Las Cruces Government,"LAS CRUCES, CITY OF",≤100
718695571507724,Texans for Natural Gas,Texans for Natural Gas,≤100
30139072158,CARE,CARE,≤100
355316521236121,John Cornyn,TEXANS FOR SENATOR JOHN CORNYN INC.,≤100
111428049989,Cal Cunningham,CAL FOR NC,≤100
245284549333866,ASMDSS,ASMDSS,≤100
100521471577685,Kimberly Skaggs for NM State Senate District 36,Kimberly Skaggs for SD36,≤100
159964696102,Kevin McCarthy,KEVIN MCCARTHY FOR CONGRESS,≤100
110740242303537,CAVU,Climate Advocates Voces Unidas,≤100
151525932186806,When Democrats Turn Out,WHEN DEMOCRATS TURN OUT PAC,≤100
193618220508,LIFE Today,LIFE Outreach International,≤100
2185993931653388,The Recount,"Recount Media, Inc",≤100
259212814698356,Democratic Majority for Israel,Democratic Majority for Israel,≤100
530604487365010,Old Glory Flagpole Kits,Service First,≤100
112431050497386,Patriotism For Life,Vivian Lam Nguyen,≤100
100256754899828,Patriot's Cave,Patriots Cave,≤100
105577974544303,The USA Needs More Patriots,AmeriPolling,≤100
1750699881894920,Yvette Herrell for Congress,YVETTE4CONGRESS,≤100
45393753416,Alliance Defending Freedom,Alliance Defending Freedom,≤100
305832706292882,American Gun Association,GunAssociation.org,≤100
1533159540286546,Grassroots Leadership Academy,Americans for Prosperity Foundation,≤100
8321461609,MomsRising.org,MomsRising Together,≤100
72186095846,Center For American Progress Action Fund,Center for American Progress Action Fund,≤100
394518704240624,Dose of Reality New Mexico,New Mexico Behavioral Health Services Division,≤100
404863610151096,Luis Terrazas for New Mexico 39,The Committee to Elect Luis Terrazas,≤100
8047221596,Save the Children US,"SAVE THE CHILDREN FEDERATION, INC.",≤100
5633824547,FreedomWorks,"FREEDOMWORKS, INC.",≤100
27311599342,Preemptive Love,Preemptive Love Coalition,≤100
18709174006,National Audubon Society,"NATIONAL AUDUBON SOCIETY, INC.",≤100
265268336865693,Do Amore,Do Amore Limited Company,≤100
7976226799,The Daily Show,Comedy Central,≤100
100149776770600,New Mexico Rural Electric Cooperative Association,New Mexico Rural Electric Cooperative Association,≤100
139441926128681,New Saint Andrews College,New Saint Andrews College,≤100
106645684412573,Cover Air Medical,Cover Air Medical,≤100
6204742571,Sierra Club,SIERRA CLUB,≤100
103185334702225,Stop Trump PAC,STOP 45 PAC,≤100
257019421075897,Cory Gardner,Cory Gardner for Senate,≤100
586751814690068,Joni Ernst,Joni for Iowa,≤100
671319133290449,Walt Benson for Bernalillo County Commission District 4,Walt Benson for Bernalillo County Commission,≤100
101459098271864,Vets United,Korie Lynn Padgett,≤100
107654924064350,Pat Timmons-Goodson,PATRICIA TIMMONS-GOODSON FOR CONGRESS,≤100
107398241021186,The John Lewis Bridge Project,John Lewis Bridge Project,≤100
166166843531258,National Council of Resistance of Iran - شورای ملی مقاومت ایران,MEK-Iran (Saeid Saadati),≤100
110018833813683,Flip the Senate,SMP,≤100
6231686654,Compassion International,"COMPASSION INTERNATIONAL, INCORPORATED",≤100
158791100909689,Concerned Veterans for America,Concerned Veterans for America,≤100
104934207736995,Paycheck to Paycheck,Center for American Progress Action Fund,≤100
113891694102,Energy Citizens,Molly Anne Smathers,≤100
313097997669,StreetLightUSA,StreetLightUSA,≤100
107953199261156,ifaw,"INTERNATIONAL FUND FOR ANIMAL WELFARE, INC.",≤100
21375324480,The Heritage Foundation,HERITAGE FOUNDATION (THE),≤100
296295018082,AARP en Español,AARP,≤100
23996308754,Senate Conservatives,SENATE CONSERVATIVES FUND,≤100
166618413413767,Jay Sekulow,American Center for Law and Justice,≤100
101210588150219,Boy Scouts Abuse Claims,X Social Media LLC,≤100
8532248414,Wounded Warrior Project,"WOUNDED WARRIOR PROJECT, INC.",≤100
1836138529938551,Greater Half,Greater Half,≤100
142665849854371,House Freedom,HOUSE FREEDOM FUND,≤100
106224464107240,Jo Jorgensen,Jo Jorgensen for President,≤100
1228396643984955,Michelle Steel,Michelle Steel for Congress,≤100
118502801658228,Young Kim,Young Kim for Congress,≤100
788394134539871,USPS Business,United States Postal Service,≤100
178195398904825,Every Body Texas,Every Body Texas,≤100
105577974544303,The USA Needs More Patriots,Anthony Alexander Morales,≤100
6820348410,Kirsten Gillibrand,Gillibrand for Senate,≤100
342887442508723,Convention of States,Convention of States Action,≤100
934438026690635,YouGov,YOUGOV AMERICA INC.,≤100
139599847972,National Nurses United,National Nurses United,≤100
110182763836209,Adelious D. Stith,The Committee to Elect Adelious d. Stith,≤100
240016985081,New Mexico Restaurant Association,New Mexico Restaurant Association,≤100
894096170667732,Ashley Hinson,Ashley Hinson For Congress,≤100
971668776283950,PolicyEd,Hoover Institution,≤100
192015461630968,Supporting Our Brave Veterans,James Brian Plouf,≤100
46093654473,National Republican Congressional Committee,NRCC,≤100
101591551371555,Fire Mitch. Save America.,SAVE AMERICA FUND,≤100
72931140459,Center for Biological Diversity,"CENTER FOR BIOLOGICAL DIVERSITY, INC.",≤100
15041226930,Oxfam,"OXFAM AMERICA, INC.",≤100
101459098271864,Vets United,Jae W Seo,≤100
1079789672084038,SimonBooks,Simon & Schuster,≤100
38471053686,Elizabeth Warren,"WARREN DEMOCRATS, INC.",≤100
329284771298646,Issue One Action,Issue One Action,≤100
598924810530984,Keeping America Great,FamTeeWorld,≤100
69983322463,Ted Cruz,TED CRUZ FOR SENATE,≤100
7292655492,MoveOn,MOVEON.ORG CIVIC ACTION,≤100
344690446467832,The Copper Courier,Courier Newsroom,≤100
105456291242733,Cooper Hefner For California,Cooper Hefner For California 2022 Exploratory Campaign,≤100
215968684159,AFT - American Federation of Teachers,American Federation of Teachers,≤100
105829564471772,Patriots Stand Together,Trizzie Truong,≤100
206677396413254,Abortion On Our Own Terms,Abortion On Our Own Terms,≤100
303061950155375,John James,"JOHN JAMES FOR SENATE, INC.",≤100
209516845093,NRDC Action Fund,NRDC Action Fund,≤100
100757504960070,Concealed_Country,Concealed Country,≤100
2309566456030859,Human Coalition Action,Human Coalition Action,≤100
35169196082,Project HOPE,"PROJECT HOPE-THE PEOPLE-TO-PEOPLE HEALTH FOUNDATION, INC.",≤100
1010143499143169,Medicare Savings,"Mayo Labs, LLC",≤100
5720973755,Defenders of Wildlife,DEFENDERS OF WILDLIFE,≤100
21559454473,FAIR,FEDERATION FOR AMERICAN IMMIGRATION REFORM,≤100
107150077720746,American Collectibles,Christopher Walter Adams,≤100
142370046577999,Shahid Buttar for Congress,Shahid Buttar for Congress Committee,≤100
530604487365010,Old Glory Flagpole Kits,Service First Flag Poles,≤100
105060677844787,Bill Savings,Bill Savings,≤100
1530883997194411,United States Constitution,Flag and Cross,≤100
977704775606273,Balls Deep Tackle,Balls Deep Tackle,≤100
195530355493,Chicks On The Right,Chicks on the Right,≤100
1456310534453054,Veteran Loans Online,"LMB OpCo, LLC",≤100
27544763621,Prison Fellowship,Prison Fellowship,≤100
129255907131113,NumbersUSA,NUMBERSUSA EDUCATION AND RESEARCH FOUNDATION,≤100
2189265054726827,Liberty Tee Shop,www.libertyteeshop.com,≤100
592707041080920,Stand Together,Stand Together Chamber of Commerce Inc.,≤100
113702026736466,National Parks Action Fund,National Parks Action Fund,≤100
171651620209487,Brady PAC,Brady Pac,≤100
248262725706461,Power The Future,Power The Future Inc,≤100
12301006942,Democratic Party,DNC SERVICES CORP./DEM. NAT'L COMMITTEE,≤100
130467958471,Jason Lewis,Jason Lewis for Senate,≤100
174777196873,Republican Party of New Mexico,REPUBLICAN CAMPAIGN COMMITTEE OF NEW MEXICO,≤100
1934191280189700,Health Care Voter,Health Care Voter,≤100
102592959026,Ocean Conservancy,"OCEAN CONSERVANCY, INC.",≤100
67945990059,The American Petroleum Institute,The American Petroleum Institute,≤100
2225580284361712,Tommy Tuberville,"TUBERVILLE FOR SENATE, INC.",≤100
93114332471,20/20 Research,2020 Research,≤100
103235554648484,Elect Scientists,314 ACTION FUND,≤100
55549065733,Voto Latino,VOTO LATINO INC.,≤100
17432811417,Working Families Party,Working Families Party National Independent Expenditure Committee,≤100
108794587327155,Good Programs 2020,Trevor Dale Seaks,≤100
465483726908192,iVote,IVote Civic Education Fund,≤100
152264148166020,Moms Clean Air Force,Moms Clean Air Force,≤100
302182941354,AARP Advocates,AARP,≤100
102617961152741,Barbara Bollier,BOLLIER FOR KANSAS,≤100
111328390234709,Alexis Johnson for Congress,Alexis Johnson for Congress,≤100
19342050934,Leadership Institute,LEADERSHIP INSTITUTE INC,≤100
108118933908193,Next Level Goods,Next Level Goods LLC,≤100
2339203789732156,Kim Mangone for Congress,COMMITTEE TO ELECT KIM MANGONE FOR CONGRESS,≤100
7219151423,The Fund for American Studies (TFAS),The Fund for American Studies,≤100
69039563201,Open Doors USA,"OPEN DOORS WITH BROTHER ANDREW, INC.",≤100
101136147910784,Represent Justice,Represent Justice,≤100
7263476274,Mercy Corps,Mercy Corps,≤100
420785874975425,Conservative Institute,The Conservative Institute,≤100
203550842430,Mike Lee,FRIENDS OF MIKE LEE INC,≤100
6236054211,Brady,Brady Campaign to Prevent Gun Violence,≤100
135298176481584,Marine Corps Scholarship Foundation,Marine Corps Scholarship Foundation,≤100
496696933682736,Jeff Merkley,JEFF MERKLEY FOR OREGON,≤100
104504438466,Federal Voting Assistance Program - FVAP,Federal Voting Assistance Program,≤100
493811210669780,Creative Action Network,Creative Action Network,≤100
11791104453,NRDC,Natural Resources Defense Council,≤100
251177135604898,"Main Street Law Firm, PLLC","Main Street Law Firm, PLLC",≤100
163302087408673,Stop The Donald,Stop the Donald,≤100
780941275347834,Ilhan Omar,ILHAN FOR CONGRESS,≤100
1690071827911682,Cleancult,cleancult,≤100
7962229886,Environmental Working Group,ENVIRONMENTAL WORKING GROUP,≤100
100101018155207,Paid Leave for All,Paid Leave for All a project of Hopewell Fund,≤100
50982313030,Food & Water Watch,Food & Water Watch,≤100
113666459994300,Big Dan Rodimer for Congress,RODIMER FOR CONGRESS,≤100
30914589895,The International Fellowship of Christians and Jews,"INTERNATIONAL FELLOWSHIP OF CHRISTIANS & JEWS, INC.",≤100
655065784538368,PredictIt,"PredictIt - Prediction Markets. A project of Victoria University of Wellington, PredictIt has been established to facilitate research into the way markets forecast events.",≤100
105060269781,Premiere Collectibles,"Premiere Marketing, Inc.",≤100
169710960125365,Curzio Research,Curzio Research Inc.,≤100
10150100007820094,Wendy Davis,WENDY DAVIS FOR CONGRESS,≤100
97493741436,John W. Hickenlooper,HICKENLOOPER FOR COLORADO,≤100
308159713150350,Voter Protection Project,VOTER PROTECTION PROJECT,≤100
746938465317981,Nuclear Matters,Nuclear Matters,≤100
376776419037747,Turning Point USA,Turning Point USA,≤100
87186661244,Johns Hopkins Bloomberg School of Public Health,Johns Hopkins Bloomberg School of Public Health,≤100
42872222699,Dana Loesch,Dana Loesch Radio,≤100
83290028957,Care Net,CARE NET,≤100
259212814698356,Democratic Majority for Israel,DMFI PAC,≤100
249455845761285,Lindsey Must Go,LMG PAC,≤100
775525186130124,Center for a Free Economy,Center for a Free Economy,≤100
109360297266116,Fearless Patriot,TERESA NONE OHARA-MARSH,≤100
107589664099282,Stand Up To China,"Stand Up To China, Inc.",≤100
331037760381749,Sierra Magazine,SIERRA CLUB,≤100
628891490457484,Nancy Mace,Nancy Mace for Congress,≤100
29770886815,Marijuana Policy Project,Marijuana Policy Project,≤100
49651563727,Live Action,Live Action,≤100
596556607135301,The Earthling Co.,The Earthling Co.,≤100
9364828262,Citizens Against Government Waste,COUNCIL FOR CITIZENS AGAINST GOVERNMENT WASTE,≤100
911828698840246,ReLEntless Defender Apparel,ReLEntless Defender Apparel,≤100
683872625157265,Theresa Greenfield,THERESA GREENFIELD FOR IOWA,≤100
282328882639479,Quibi,These ads ran without a disclaimer,≤100
245741028804051,Barbara Sinatra Center,Barbara Sinatra Children's Center,≤100
8934429638,Planned Parenthood Action,Planned Parenthood Votes,≤100
109259090549237,Yes on National Popular Vote,Yes on National Popular Vote,≤100
1204754733024419,People's Power Grab,ACRONYM,≤100
210277954204,The Young Turks,"The Young Turks, Inc.",≤100
169130743498585,Tactical Pro Supply,Chad Keller,≤100
20876805343,March of Dimes,MARCH OF DIMES INC.,≤100
107118087563301,Leightoncornishfornm,Leighton Craig Cornish,≤100
106949844346620,Trumpian Republicans,Gregory Lawrence Burright,≤100
911845658833043,I Am An Immigrant,FWD.us Education Fund,≤100
23790541544,Democrats,DCCC,≤100
107210084216238,Humanity Forward,Humanity Forward,≤100
111506250582498,Keeping Our Homes Safe,Steve San,≤100
785936231584382,Paula Jean Swearengin,Paula Jean for West Virginia,≤100
1055873511190792,Hello Resistance,Hello Resistance Apparel,≤100
8550121410,Free Speech America Project,MEDIA RESEARCH CENTER,≤100
907919839243616,My Faith Votes,My Faith Votes,≤100
814260155318929,The Fairness Project,The Fairness Project,≤100
277414242013,Joyce Elliott for Congress,JOYCE ELLIOTT FOR CONGRESS,≤100
281844617168,Jewish Voice Ministries International,JEWISH VOICE MINISTRIES INTERNATIONAL,≤100
13063797831,Ben Ray Luján,PEOPLE FOR BEN,≤100
105010030848236,Bryant Cameron Webb,DR. CAMERON WEBB FOR CONGRESS,≤100
1917715138510680,Follow Your Legend,Legend Bracelet,≤100
2198862423685330,Eva Putzova for Congress,EVA PUTZOVA FOR CONGRESS,≤100
104051398040027,CCW Online Now_,Concealed Country,≤100
67626834312,National Women's Law Center,National Women's Law Center,≤100
102745147891580,Trump Coolers,Eric Clifford Juels,≤100
103644036958,United Association,United Association Political Education Committee,≤100
407664862957433,Ammar Campa-Najjar for Congress,AMMAR CAMPA-NAJJAR FOR CONGRESS,≤100
1600352356914768,PushBlack,PushBlack,≤100
1338822066131069,Women's March,Women's March,≤100
106244467793993,National Senior Solutions,Michael Jon Baker Jr,≤100
102330281223041,Tradewater,"Tradewater, LLC",≤100
317284821682168,Messianic Jewish Alliance of America (MJAA),Messianic Jewish Alliance of America,≤100
221401431386940,Pramila Jayapal,PRAMILA FOR CONGRESS,≤100
11111618026,Union of Concerned Scientists,"UNION OF CONCERNED SCIENTISTS, INC.",≤100
303167829786891,Ed Markey,THE MARKEY COMMITTEE,≤100
100637888239523,Free Reign For All,Kin Ngai Yeung,≤100
106003594486756,Standing Up Together,Annie Wang,≤100
107150077720746,American Collectibles,Proud Patriots,≤100
197908256931216,Tim Ryan,TIM RYAN FOR CONGRESS,≤100
169277310432049,"Texas Precision Optics, Inc.",Texas Precision Optics Inc,≤100
1628679613829742,Josh Hicks,Josh Hicks for Congress,≤100
107033264291513,Elect Benay Ward for Treasurer,Benay Ward Committee,≤100
51379424899,Mercy Ships,MERCY SHIPS INTERNATIONAL,≤100
100126201737278,Patriots Take a Stand,Jae W Seo,≤100
896759427103774,Modern Medicaid Alliance,Modern Medicaid Alliance,≤100
534568670214804,NM Comunidades en Acción y de Fé - CAFé,NM COMUNIDADES EN ACCION Y DE FE (CAFE),≤100
601108943431836,The Flip Side,TFS Inc,≤100
1799282383731277,TwoSeventy,Alexander Jared Deutsch,≤100
1526736227567131,TrueCoverage,True Coverage,≤100
6713653788,Gary Peters,PETERS FOR MICHIGAN,≤100
110746996993983,The 'Gander Newsroom,Courier Newsroom,≤100
149081336362,AmeriCorps VISTA,Corporation for National and Community Service,≤100
295533050495998,Abogado de Inmigracion Jorge Rivera - Immigration Group LLC,Michael A Castillo,≤100
192771954102960,Jordan Sekulow,American Center for Law and Justice,≤100
134452023239984,Human Coalition,Human Coalition,≤100
169597416843751,Stand Up America,Stand Up America,≤100
593289284500311,Trump Rack,BOXD Marketing,≤100
90498769709,Edenpure,EdenPURE®,≤100
419237048158257,Susan Collins,COLLINS FOR SENATOR,≤100
173293633430563,James Adames,James Adames,≤100
10498053716,Media Research Center,MEDIA RESEARCH CENTER,≤100
675471506247724,Adair for Congress,ADAIR FOR CONGRESS,≤100
246846192720018,War On Our Future,The Years Project,≤100
193848101876,Republican Party of SJCNM,Republican Party of San Juan County,≤100
24481937944,Theodore Roosevelt Conservation Partnership,"THEODORE ROOSEVELT CONSERVATION PARTNERSHIP, INC",≤100
1613516851999536,Sunrise Movement,Sunrise,≤100
219247332354785,Phil Arballo for Congress,ARBALLO FOR CONGRESS,≤100
223008867858902,American Action News,American Action News,≤100
108777231824,Manhattan Institute for Policy Research,MANHATTAN INSTITUTE FOR POLICY RESEARCH INC,≤100
100405956709980,Concerned Citizens for Nuclear Safety (CCNS),CONCERNED CITIZENS FOR NUCLEAR SAFETY,≤100
111702860231554,Matt Lieberman,Matt Lieberman for Senate,≤100
107289609296509,American Heart Association - Missouri,American Heart Association,≤100
30708742052,FCTRY,FCTRY,≤100
375760676281438,Mermaid Straw,Mermaid Straw,≤100
107803440835562,US Hot Gears,Click Wonders,≤100
111772843789224,HURD PAC,HAVING UNWAVERING RESOLVE AND DETERMINATION PAC,≤100
1439364926329185,Animal Matters,Animal Matters,≤100
85273022315,NAMI,NAMI,≤100
1551109418518461,The Honest Patriot,Amundson Media LLC,≤100
745910525468062,National Center on Sexual Exploitation,National Center on Sexual Exploitation,≤100
235762319779450,Omar Navarro,OMAR NAVARRO FOR CONGRESS,≤100
422202764649078,Rhode Island Department of Education - RIDE,Rhode Island Department of Education,≤100
203330919857759,All On The Line,National Redistricting Action Fund,≤100
31966561030,National Taxpayers Union,National Taxpayers Union,≤100
2012750189007245,Liquid Death Mountain Water,Liquid Death,≤100
109379100777665,Patriotism Isn't Dead,Patriot Polling,≤100
253791814655400,Doug Collins,"COLLINS FOR SENATE, INC.",≤100
6165653060,AFSCME,AMERICAN FEDERATION OF STATE COUNTY & MUNICIPAL EMPLOYEES,≤100
176466646087311,DC Fawcett,Donald Chappell Fawcett,≤100
408250066356,Bill O'Reilly,"Bill Me, Inc.",≤100
345378512258813,Elise Stefanik,ELISE FOR CONGRESS,≤100
113223650193301,MAGA REVOLUTION,Apse Media LLC,≤100
215199482635728,Alek Skarlatos,ALEK FOR OREGON,≤100
334748476594191,Rodney Davis,Rodney for Congress,≤100
1234251319933440,Exclusive Apparel,The Dude's Threads,≤100
100781605034049,Trump 2020 Team,Jordan Ray Riddle,≤100
96171427550,Raja for Congress,FRIENDS OF RAJA FOR CONGRESS,≤100
118303441570966,Home Ownership Matters,NATIONAL ASSOCIATION OF REALTORS,≤100
121033149320,American Indian College Fund,"AMERICAN INDIAN COLLEGE FUND, THE",≤100
106487520883333,Cardinal & Pine,Courier Newsroom,≤100
839073729808623,Hillary Scholten,SCHOLTEN FOR CONGRESS,≤100
519590768083165,Abby Finkenauer for Congress,FINKENAUER FOR CONGRESS,≤100
518194348194441,RepresentUs,RepresentUs,≤100
105536127617594,The American Digest,The American Digest,≤100
181183059253295,Dorsal Bracelets,Dorsal Bracelets,≤100
172758932738142,PhRMA,PHARMACEUTICAL RESEARCH AND MANUFACTURERS OF AMERICA,≤100
316887658336677,My Control Card,"NETSPEND HOLDINGS, INC.",≤100
61265398450,AmeriCorps NCCC,Corporation for National and Community Service,≤100
194115677277113,A21,A21 with Facebook Ad Credits,≤100
692958257414712,Democratic Party of Sandoval County,Sandoval County Democratic Party,≤100
2259323457517498,Abolish the Electoral College,ABOLISH THE ELECTORAL COLLEGE,≤100
80433353285,Taradel LLC,Taradel,≤100
2165983337048601,LeverforChange,Lever for Change,≤100
653079394725698,Aspiration,Aspiration,≤100
178835922297833,American Clinical Laboratory Association,American Clinical Laboratory Association,≤100
101165966152,AFL-CIO,AFL-CIO,≤100
357554791340788,Liker,Omar Rivero,≤100
21395843375,Dialysis Patient Citizens,DIALYSIS PATIENT CITIZENS INC,≤100
203805062990264,Ben Shapiro,The Daily Wire,≤100
108296990863730,Hero Action Fund,Hero Action Fund,≤100
153278754738777,Climate Reality,The Climate Reality Project,≤100
102756811269921,Fellow Americans,Fellow Americans,≤100
111654690603599,NUIRC,Nonprofit Unemployment Insurance Relief Coalition (NUIRC),≤100
1925751504337881,MJ Hegar,MJ FOR TEXAS,≤100
44705166993,Vote.org,Vote.Org,≤100
111970730196550,World War Zero,AMERICAN SECURITY PROJECT,≤100
205395906412,UAW International Union,"INTERNATIONAL UNION, UNITED AUTOMOBILE, AEROSPACE AND AGRICULTURAL IMPLEMENT WORKERS OF AM",≤100
143729616392084,Van Drew for Congress,Van Drew for Congress,≤100
1447994318779650,AirMedCare Network,AIrMedCare Network,≤100
682990071843813,Center for the Study of Liberty,Center for the Study of Liberty,≤100
248181906078243,National Institute for Civil Discourse,CommonSense American,≤100
207549645977714,Families Belong Together,Families Belong Together,≤100
143986912311328,University of Vermont Continuing and Distance Education,University of Vermont,≤100
58158120046,ACLJ,American Center for Law and Justice,≤100
101391906600,Live Action News,Live Action News,≤100
551158678560402,Epimonia,Epimonia LLC,≤100
201956993160690,MRCTV,MEDIA RESEARCH CENTER,≤100
629732217415068,Republican Party,Greater Half,≤100
950837325113887,Life Money Stuff,Life Money Stuff,≤100
101295517956158,Tricia Zunker for Wisconsin,Tricia Zunker for Wisconsin,≤100
100401327980848,National Parents Union,National Parents Union,≤100
17801244148,Jill Schupp,SCHUPP FOR CONGRESS,≤100
160630887998827,Let Them Live,Let Them Live,≤100
173783582668940,Lyda Ness Garcia,Campaign to Elect Lyda Ness Garcia,≤100
717417908274761,Lady Freethinker,Lady Freethinker,≤100
284648315282667,"West Downtown, ABQ",These ads ran without a disclaimer,≤100
140357056032320,NEA Today,National Education Association,≤100
104878524593766,New Mexico United,Melissa Kay Fryzel,≤100
114386721939978,The Made in America Store,Made In America Store,≤100
1679521432262834,Physicians Grassroots Network,American Medical Association,≤100
1682876188698809,United for Respect,United for Respect,≤100
361960287311696,Better Medicare Alliance,"Better Medicare Alliance, Inc",≤100
41309865723,Democrats.com,DEMOCRATS.COM,≤100
79125112926,Students for Life of America,"STUDENTS FOR LIFE OF AMERICA, INC.",≤100
103929304678916,Voter Action Project,Integrity First Voter Action Project,≤100
102875587947942,Keep Trump In Office,Keep Trump In Office,≤100
242679302418244,Denison Forum,Denison Ministries,≤100
112735922758892,Charlie Kirk,Charlie Kirk,≤100
100142840161003,Billy Gene Is Marketing,These ads ran without a disclaimer,≤100
166438043490120,AR500 Armor,These ads ran without a disclaimer,≤100
111495005590988,Pattern,Pattern Energy,≤100
243947752771440,TJ Cox for Congress,TJ COX FOR CONGRESS,≤100
181924628560212,SumOfUs,SumOfUs,≤100
25121889784,Texas Public Policy Foundation,Texas Public Policy Foundation,≤100
17023576156,The Leadership Conference on Civil and Human Rights,The Leadership Conference on Civil and Human Rights,≤100
112600915451330,No Labels,No Labels,≤100
106629127527429,Kathy Barnette for Congress PA 04,Kathy Jean Barnette,≤100
143509339045414,Americans for Peace and Tolerance,"AMERICANS FOR PEACE AND TOLERANCE, INC.",≤100
830121337093232,National Democratic Training Committee,NATIONAL DEMOCRATIC TRAINING COMMITTEE PAC,≤100
100391581727524,Defeat By Tweet,DEFEAT BY TWEET,≤100
360424321432255,Doha Debates,Doha Debates,≤100
1082522201878539,Gina Ortiz Jones for Congress,GINA ORTIZ JONES FOR CONGRESS,≤100
681626158940626,Mission Roll Call,Americas Warrior Partnership,≤100
153678684700451,American Investment Council,AMERICAN INVESTMENT COUNCIL,≤100
17432811417,Working Families Party,Working Families Party,≤100
15240089946,Costco,Costco Wholesale,≤100
17203056985,Partners In Health,Partners In Health,≤100
2040270322863853,Tina Smith,TINA SMITH FOR MINNESOTA,≤100
102636677971854,Trump Is The Storm,Legendary Trump Coins,≤100
950998258312654,Knowhere,"Knowhere, Inc.",≤100
156994304362574,American Bridge 21st Century,AB PAC,≤100
922580991129339,People's Mojahedin Organization of Iran - MEK IRAN,MEK-Iran (Saeid Saadati),≤100
108512875350,The Atlas Society,The Atlas Society,≤100
275908853303174,Pro-Israel America,Pro-Israel America United,≤100
543066585882629,Libertarian Country,Libertarian Country,≤100
173629675769,Brian Egolf - Speaker of the New Mexico House of Representatives,Committee to Elect Brian Egolf,≤100
115286365119,National Pork Board,National Pork Board,≤100
419992651425033,Guardianes del Pueblo-Consumer Law Group,Consumer Law Group,≤100
1709145412721991,The Center for Growth and Opportunity at Utah State University,The Center for Growth and Opportunity,≤100
26006662641,Arizona Democratic Party,Arizona Democratic Party,≤100
336470580233523,Pins and Aces Golf Co.,US Craft Brands LLC,≤100
79820371749,Ayanna Pressley,THE COMMITTEE TO ELECT AYANNA PRESSLEY,≤100
656263988182462,Bill Hagerty,TEAM HAGERTY,≤100
325578590837480,Obamacare,Sixteen Thirty Fund,≤100
296457263033,League of Women Voters of Santa Fe County,Stephanie Ann Schlanger,≤100
2264090133834042,Invite Research,Precision Network,≤100
101127364972509,Dems For USA,Dems For USA,≤100
121626482110,Operation Smile,"OPERATION SMILE, INC.",≤100
101324451668413,Hot US Gears,Click Wonders,≤100
143089732792,Marsha Blackburn,Blackburn Tennessee Victory Fund,≤100
300992409852,Hoover Institution,Hoover Institution,≤100
100119981671668,Blue Senate,BLUE SENATE PAC,≤100
273023971533,Dennis Bonnen,Dennis Bonnen Campaign,≤100
1099478666810053,Meals For Pets,Meals for Pets,≤100
304062610300415,VozWire,Gregson E Mathe,≤100
183517831660100,Morning Consult,Morning Consult LLC,≤100
107234674355454,2bkkstore,Kim Yen Nguyen,≤100
1654364364841305,Volinsky for New Hampshire,Volinsky for New Hampshire,≤100
186932688457686,CHNGE,CHNGE,≤100
172298889630363,Republican Attorneys General Association,REPUBLICAN ATTORNEYS GENERAL ASSOCIATION,≤100
290851614930809,Combat AntiSemitism,Combat Anti-Semitism,≤100
173470656019870,The Daily Yonder,Great Stories LLC,≤100
592347634460462,Partnership for America's Health Care Future,Partnership for America's Health Care Future,≤100
312297922732239,Transform Education NM,Fable Communications,≤100
2417346194990675,GCRMC Careers - Alamogordo NM,Rollis None Fontenot,≤100
21492729544,Catholic Relief Services,CATHOLIC RELIEF SERVICES - UNITED STATES CONFERENCE OF CATHOLIC BISHOPS,≤100
21834534343,Volunteers of America,"VOLUNTEERS OF AMERICA, INC.",≤100
124530924015,Hank Gilbert,HANK GILBERT FOR CONGRESS,≤100
953113491536337,Black to the Future Action Fund,Black to the Future Action Fund,≤100
211642542220470,"AARP Medicare Supplement Plans, insured by UnitedHealthcare Insurance Co.",United Healthcare,≤100
1443127535947107,Save the Children Action Network,Save the Children Action Network,≤100
803133663149079,David Heil,David Joseph Heil,≤100
2283535575207809,Ditch Mitch,DITCH FUND,≤100
192013990902459,Roy Cooper,Cooper For North Carolina,≤100
444843026057642,Born From A Wave,Born From A Wave LLC,≤100
104667417857551,United Association LLC,United Association LLC,≤100
36872302227,Cory Booker,Cory Booker for Senate,≤100
291102898490822,Giant Maga Hat,Inventors club LLC,≤100
108152933883451,TrumpTrendz,Troy Lorenzo Davis,≤100
292351509697,Jerusalem Prayer Team,Jerusalem Prayer Team,≤100
159597424207730,David Perdue,PERDUE FOR SENATE,≤100
100106370072989,Bank of Albuquerque,BOK Financial,≤100
102540204580217,UpNorthNews,Courier Newsroom,≤100
497081420632330,Dr. Hiral Tipirneni,HIRAL FOR CONGRESS,≤100
59877921429,Lutheran Immigration and Refugee Service,"LUTHERAN IMMIGRATION AND REFUGEE SERVICE, INC.",≤100
7209432197,Chris Coons,CHRIS COONS FOR DELAWARE,≤100
396932197039819,SafeSleeve,"SafeSleeve, LLC",≤100
50711561090,Muslim Advocates,MUSLIM ADVOCATES,≤100
127216280686110,Ann Wagner,Ann Wagner for Congress,≤100
810122486032496,Jackie Gordon,JACKIE GORDON FOR CONGRESS,≤100
102564128179023,Truth to Power,TRUTH TO POWER,≤100
178024352559210,Great America PAC,GREAT AMERICA PAC,≤100
129523843754764,Vote Smart,PROJECT VOTE SMART,≤100
114475890010131,Piggy Dollar Financial,Tyler Wayne Hedland,≤100
166738743732702,All Above All Action,All Above All Action Fund,≤100
293225127381200,Patriot Depot,The Patriot Depot,≤100
117058854998779,The Gideons International,"GIDEONS INTERNATIONAL, THE",≤100
128958937175029,Trivia Today,Benjamin Aaron Perlman,≤100
122475637000,Georgia Forestry Association,Georgia Forestry Association,≤100
101352851565699,Somos PAC,SOMOS PAC,≤100
109551610742579,Judge Dale Cohen,"Dale Cohen, Non-Partisan, for Circuit Court Judge Group 30",≤100
109394174039266,The Truth About Edgewood,These ads ran without a disclaimer,≤100
260131294484,Bethesda Lutheran Communities,Bethesda Lutheran Communities,≤100
174046949421616,Phenomenal Woman Action Campaign,Phenomenal Woman Action Campaign,≤100
8936818385,Accuracy in Media,"ACCURACY IN MEDIA, INC",≤100
946887545335976,Association of American Universities,The Association of American Universities (AAU),≤100
113310617054164,Trump Baseball Bats,Trump Baseball Bats,≤100
113313830408238,Drain The Swamp Collection,Drain The Swamp Collection,≤100
166087830076297,WebPT,WebPT,≤100
197760674021143,Indivisible Guide,Indivisible Project,≤100
91223411833,Medical Teams International,Medical Teams International,≤100
540707072979860,Brian Maryott,MARYOTT FOR CONGRESS,≤100
43426724597,Paper Culture,Paper Culture LLC,≤100
1721333671443168,Majority Forward,MAJORITY FORWARD,≤100
892673067526965,Project War Path,Project War Path,≤100
243362776583569,Air Mail,Air Mail,≤100
103617578071596,Anti-racism campaign,Anti-Racism Campaign,≤100
104881317722736,Get-It-Out,Matthew Justin Viles,≤100
808450969246896,"Rebecca Walser, Tax Attorney, CFP",Walser Wealth Management,≤100
1683659714985244,Phil Ehr,EHR FOR CONGRESS,≤100
48530203934,The American Alpine Club,"AMERICAN ALPINE CLUB, THE",≤100
18017481462,Acton Institute,Acton Institute,≤100
54787697857,Ron Wyden,WYDEN FOR SENATE,≤100
64206021703,National Committee to Preserve Social Security and Medicare,NATIONAL COMMITTE TO PRESERVE SOCIAL SECURITY AND MEDICARE,≤100
405469100189512,Still My President - Donald Trump,Red State Politics LLC,≤100
720943967965149,AFSCME Retirees,AMERICAN FEDERATION OF STATE COUNTY & MUNICIPAL EMPLOYEES,≤100
180815385284363,Organize Florida Education Fund,Florida Institute for Reform and Empowerment Inc DBA Organize Florida Education Fund,≤100
21647204289,Michigan Education Association,Michigan Education Association,≤100
86071521216,Second Amendment Foundation,SECOND AMENDMENT FOUNDATION INC,≤100
384557995468219,Viral Casez,Viral Casez,≤100
102731237954667,Scott Goodman,Scott Oliver Goodman,≤100
103966331128460,Trump Train 2020 Campaign Tour,The Trump Train,≤100
24470472733,The Trevor Project,The Trevor Project,≤100
102499901286348,Bold Vision P.C.,Bold Vision PC,≤100
1425435377743310,Conversations with Bill Kristol,The Foundation for Constitutional Government,≤100
19182454196,Newt Gingrich,"Premiere Marketing, Inc.",≤100
78420171887,Sailors for the Sea,SAILORS FOR THE SEAINC,≤100
357750373755,National Domestic Workers Alliance,National Domestic Workers Alliance,≤100
108503659576,National Coalition for Public School Options,National Coalition for Public School Options,≤100
1747132688647028,Democratic Association of Secretaries of State,Democratic Association of Secretaries of State,≤100
169440273093442,The Center for Election Science,The Center for Election Science,≤100
18079407397,CPAC 2020,Conservative Political Action Conference,≤100
186805048171120,U.S. & Texas LawShield,Texas LawShield,≤100
214061167976,El Tiempo Latino,Carlos Jose Munoz,≤100
24982445498,ProQuest,PROQUEST LLC,≤100
105283560949571,Trump 2024 Film,2024 LLC,≤100
113676922032321,Larry Elder,Salem Media,≤100
1621690511405010,Civic Action,Civic Action,≤100
633626603720024,Ute Land Trust,Ute Land Trust,≤100
227535924071462,Animal Petitions,AnimalPetitions.org,≤100
34521916336,Brent Bozell,MEDIA RESEARCH CENTER,≤100
102175879855284,Harper Perennial,HARPERCOLLINS PUBLISHERS L.L.C.,≤100
222745994575140,Project ChildSafe,"NATIONAL SHOOTING SPORTS FOUNDATION, INC.",≤100
149366465128820,Nicole Galloway,Nicole Galloway for Missouri,≤100
394817334402124,2020 Trump Bill,Innovative Ecomm LLC,≤100
260713150211,Protect Our Winters,Protect Our Winters,≤100
200201209253,Latino Community Foundation,Latino Community Foundation,≤100
313723095478950,The Daily Citizen,Focus on the Family,≤100
622644971176455,Pravda Media,Jacob Fredrick Pointon,≤100
232201568659,Pacific Justice Institute,PACIFIC JUSTICE INSTITUTE,≤100
466608670177692,Jonathan M. Tallman,Jonathan Tallman For State Representative,≤100
43821078871,Transport Workers Union (TWU),Transport Workers Union of America,≤100
7361892567,Born Free USA,"BORN FREE USA, UNITED WITH ANIMAL PROTECTION INSTITUTE",≤100
19474609238,Mercatus Center at George Mason University,Mercatus Center at George Mason University,≤100
420756238503932,Your American Flag Store,Your American Flag Store,≤100
111941237005726,Just The News,Just the News,≤100
348839551906904,Democracy in Color,POWERPAC DOT ORG,≤100
737686089933715,Conservative Collections,Mainline Media Group,≤100
1706061183015990,Caputi for Council,Caputi For Council,≤100
143173285763,Tenth Amendment Center,Tenth Amendment Center,≤100
147918345434,ATPE - Association of Texas Professional Educators,ASSOCIATION OF TEXAS PROFESSIONAL EDUCATORS,≤100
113341064736,American Conservative Union,American Conservative Union,≤100
110913227305662,Scurlock 2020,Steve Verzwyvelt Jr.,≤100
2295062210811244,Coalition for American Veterans,COALITION FOR AMERICAN VETERANS POLITICAL ACTION COMMITTEE,≤100
107199049318619,Friends of Derek Kilmer,PEOPLE FOR DEREK KILMER,≤100
160513344045084,John Neely Kennedy,"John Kennedy for Us, Inc",≤100
1667892193505378,Hold the House,HOLD THE HOUSE PAC,≤100
102595498024546,MN vs Trump,Alliance for a Better Minnesota Federal PAC,≤100
339432396135584,The Exodus Road,EXODUS ROAD INC,≤100
393330191303459,YouGov Signal,YouGov US,≤100
108106344055747,Unlock American Investment,The U.S. Chamber of Commerce,≤100
106402714456835,Trees 4 Australia,Trees4Australia,≤100
211049239087028,Association of Young Americans,Benjamin J Brown,≤100
587676831343390,Raheem AI,RAHEEM AI,≤100
242845139551348,GVPedia,GVPEDIA INC,≤100
1636216106590985,Josh Hawley,JOSH HAWLEY FOR SENATE,≤100
143544946360742,Alma Hernandez,Alma for Arizona,≤100
1086209354874961,Resilience Force,"NEO PHILANTHROPY, INC.",≤100
105698674239617,Embed News,Embed News,≤100
110280253735683,Alexandria Ocasio-Cortez Fan Club,Imran M Jemal,≤100
163684173651518,SEIU Local 2015,SEIU LOCAL 2015,≤100
1658135304460341,MANG,MANG,≤100
327202261326682,Stephanie Bice,Bice for Congress,≤100
1385294418360578,Linda Koop,KOOP FOR TEXAS,≤100
56332452163,AMA Patients Action Network,American Medical Association,≤100
100543701730020,Against Hate at FSU,Against Hate at FSU,≤100
131306317680000,Social Goods,"Social Goods, LLC",≤100
316498251698370,Adam Gray for Assembly,Gray for Assembly 2020,≤100
1813012495602677,HALO in Nagorno Karabakh,"HALO TRUST (USA), INC. (THE)",≤100
369214063089791,Lummis for Wyoming,LUMMIS FOR WYOMING INC.,≤100
237477017606,Club for Growth,Club for Growth,≤100
107665644228467,Conservative Journal Review,Conservative Journal Review LLC,≤100
102506434784451,Solomon for OV Council,Shawn Amadeo Campbell,≤100
115757826468774,Statsigo,Statsigo,≤100
2070944712939738,American Police Officers Alliance,American Police Officers Alliance,≤100
346937065399354,Occupy Democrats,Omar Rivero,≤100
103557118005382,Live Action Español,Live Action,≤100
100489714905608,Democracy Network,Democracy Network,≤100
13885075114,Action Against Hunger USA,ACTION AGAINST HUNGER - USA,≤100
168876449866088,The Years Project,The Years Project,≤100
1000253160054572,Cori Bush,CORI BUSH FOR CONGRESS,≤100
830890360316751,Nick Hanauer,Civic Action,≤100
2049170775107862,Resistance By Design,Resistance By Design,≤100
243510442756370,Justice Democrats,JUSTICE DEMOCRATS PAC,≤100
266145305529,Henry Holt,"Macmillan Holdings, LLC",≤100
131217580266597,National Council on Aging,"NATIONAL COUNCIL ON AGING, INC.",≤100
276131699084792,YWAM Los Angeles,YWAM Los Angeles,≤100
1807181726160635,Noble Energy,"NOBLE ENERGY, INC.",≤100
117641114435,First Aid Beauty,First Aid Beauty,≤100
99033391274,Brian Kemp,Kemp for Governor Inc,≤100
317667194946264,Ro Khanna,RO FOR CONGRESS INC,≤100
2047820865526225,Rebecca Holcombe for Vermont,Rebecca Holcombe for Vermont,≤100
1320524918082299,Project Lifeline,Project Lifeline,≤100
1852520761657982,4ocean,4ocean,≤100
103131054573692,Crawfordology,Crawfordology,≤100
129602743740560,Illinois Family Action,ILLINOIS FAMILY ACTION NFP,≤100
360303722260,Kathleen Williams for Montana,KATHLEEN WILLIAMS FOR MONTANA,≤100
105062461269553,Lifes Choices,These ads ran without a disclaimer,≤100
112650016883848,Fair and Square,Fair And Square PAC,≤100
1192579580831773,Supermajority News,Supermajority,≤100
103162411257510,Trumplican,USA Movements,≤100
105410567897348,Adopt an Officer,Adopt America LLC,≤100
546066468753446,Black Health Matters,BLACK HEALTH MATTERS FOUNDATION INC,≤100
399366360669553,Jamaal Bowman for Congress,Bowman For Congress,≤100
374848446414965,Pollking,Benjamin Aaron Perlman,≤100
970043956422239,Jeremy McClymonds Chandler City Council,McClymonds for Chandler,≤100
391872261636792,2020unity,"ForFact LLC, DBA 2020unity",≤100
1268410219898273,Tango Tango,Tango Tango Inc,≤100
412739549455010,Karena Reiter,PrimaDonna Reeds,≤100
8225139261,New York Republican State Committee,NEW YORK REPUBLICAN STATE COMMITTEE,≤100
1402827079932843,Low Income Relief,The Lighthouse Information Network LLC,≤100
1545826148838592,Trump 2020,Gregory Lawrence Burright,≤100
1452551204988299,GoReact,Speakworks Inc,≤100
366351973736242,Red Rock Secured,Red Rock Secured,≤100
104243792943104,Saybrook University,TCS Education System,≤100
176099072429809,Oceana in Florida,OCEANA,≤100
113553048669158,Rick Scott,TEAM RICK SCOTT,≤100
525171637666780,Sandy Piña California Delegate,RCR,≤100
114885646899438,Mr. 45th,Clush,≤100
802271849850801,Freedom for All Americans,Freedom for All Americans,≤100
100233228182981,Madison Cawthorn for Congress,CAWTHORN FOR NC,≤100
107698564046392,Lauren Boebert for Congress,LAUREN BOEBERT FOR CONGRESS,≤100
1400371370253041,Eagan Immigration,Eagan Immigration,≤100
44340057816,Uncommon Goods,UncommonGoods,≤100
123963360928,SiriusXM,SIRIUS XM RADIO INC.,≤100
1065068620261792,Abogado Pulido,Reynaldo Carrillo Pulido,≤100
315151565831,Ascension,Ascension Press,≤100
49059279814,Institute for Justice,INSTITUTE FOR JUSTICE,≤100
104313831123464,Abram Loeb 4 US President 2020. Make America Love Again,Abram S Loeb,≤100
9739634228,The Political Machine,"Hitcents.com, Inc",≤100
182727795209,Chicanos Por La Causa - CPLC,"Chicanos Por La Causa, Inc.",≤100
357844454633380,Dan Whitfield for Senate 2020,DANWHITCONGRESS,≤100
100503184678036,BioLargo Water Inc.,"BioLargo, Inc.",≤100
350784278974539,Turning Point Action,Turning Point Action,≤100
105929991030423,My Freedom Jersey,"My Freedom Jersey, LLP",≤100
47710973068,Cooperative Action Network,National Rural Electric Cooperatives Association,≤100
718475924980443,Amsterdam & Partners LLP,Amsterdam & Partners LLP,≤100
102846434825096,Beat Abbott,Beat Abbott PAC,≤100
51405613519,Focus on the Family,Focus on the Family,≤100
723136714746586,The Common Ground Project,"The Common Ground Project, Inc",≤100
872842866161157,One Nation Design,One Nation Design,≤100
111278008942618,Wicked Clothes,Wicked Clothes,≤100
1397799040234106,OpinionUP,OpinionUP LLC,≤100
102625914454226,David Peelman for Arizona,David Peelman for Arizona,≤100
331400597547732,A Kids Book About,These ads ran without a disclaimer,≤100
108495594256618,A Better Miami-Dade,"A Better Miami-Dade, Inc.",≤100
1612726335627171,We the Internet TV,We the Internet TV,≤100
55549065733,Voto Latino,Voto Latino with Facebook Ad Credits,≤100
101078188352772,Proud Patriots With Credit Cards,Cassandra Annette Holland,≤100
151944694884237,"Solidarity Strategies, LLC",Solidarity Strategies,≤100
353278701911,YWCA El Paso Del Norte Region,YOUNG WOMEN'S CHRISTIAN ASSOCIATION EL PASO DEL NORTE REGION,≤100
357275101142388,Everglades-Trust,"EVERGLADES TRUST INC, THE",≤100
112325855474892,Speak Up For Education and Kids,National Education Association,≤100
8501031021,VoteVets.org,"VoteVets Action Fund, Inc.",≤100
413500232549343,National Vet Help,Illingworth Renner Basin Law Group LLP,≤100
1601417063208019,Harness,Harness Community,≤100
73528878871,Center for Reproductive Rights,Center for Reproductive Rights,≤100
124626320898336,Catholic Extension,"CATHOLIC CHURCH EXTENSION SOCIETY OF THE UNITED STATES OF AMERICA, THE",≤100
53727956260,Republican Jewish Coalition,Republican Jewish Coalition,≤100
114772676636747,Renewable Water Resources,Renewable Water Resources,≤100
101831013191301,The California Coast,California Coastal Commission Public Education Program,≤100
468906559794011,LaunchGood,LaunchGood Inc.,≤100
38882699096,Polaris,POLARIS PROJECT,≤100
262138411622,Faces of Lawsuit Abuse,US Chamber Institute for Legal Reform,≤100
111071730549863,Debt Relief Secrets,Debt Relief Secrets,≤100
100123544800892,Disme Coin Company,Byron Michael Laughlin,≤100
1084856268238034,Trump Talking,Roberto None Lugo,≤100
278487153675,Redneck Nation Clothing,Tracie Milliron Gold,≤100
114646533630729,Yes. Every Kid.,"yes. every kid, Inc.",≤100
346390085432744,Sean Patrick Maloney,SEAN PATRICK MALONEY FOR CONGRESS,≤100
1653251174924652,Fuzzu,Fuzzu,≤100
154510321337994,Chris Pappas for Congress,CHRIS PAPPAS FOR CONGRESS,≤100
100101998363705,Agit Pop Shop,AGIT POP Shop,≤100
111947013529488,Mosher2020,Mosher for Pima County Attorney,≤100
1841824626073676,Candace Valenzuela for Congress,CANDACE FOR 24,≤100
7642602143,Mother Jones,FOUNDATION FOR NATIONAL PROGRESS,≤100
399067003454888,Sudan Relief Fund,Sudan Relief Fund Inc,≤100
477131125780900,The War Horse,War Horse News,≤100
94047978366,PCCC - BoldProgressives.org,PROGRESSIVE CHANGE CAMPAIGN COMMITTEE,≤100
12683623041,Society for Human Resource Management (SHRM),SOCIETY FOR HUMAN RESOURCE MANAGEMENT,≤100
109678580574253,Politicool Clothing Co.,PolitiCoolClothing.com,≤100
175797376373,"WaterFurnace Geothermal Heating, Cooling & Hot Water","WATERFURNACE INTERNATIONAL, INC.",≤100
104038541334426,BailoutWatch,Elisabeth Marie Soto,≤100
1640970822834351,Plaine Products,Plaine Products,≤100
167139593306791,ACLU of Michigan,AMERICAN CIVIL LIBERTIES UNION,≤100
449202631932231,Mike Johnson,MIKE JOHNSON FOR LOUISIANA,≤100
248306181862385,Live Lokai,Denise L Reina,≤100
408252582872693,Daniella Levine Cava,"Daniella Levine Cava, Non-Partisan, for Miami-Dade County Mayor",≤100
182079698493370,Portside,Portside,≤100
343714718985673,Think Wood,Think Wood,≤100
142432192446984,David Horowitz Freedom Center,David Horowitz Freedom Center,≤100
115364585711,Lawyers' Committee for Civil Rights Under Law,Lawyers' Committee for Civil Rights Under the Law with Facebook Ad Credits,≤100
61288747990,Real Warriors,Real Warriors Campaign,≤100
101208514791301,Daniel Turner,Power The Future Inc,≤100
680549575421741,UnitedVoice.com,"Beachside Media, Inc.",≤100
103315378108004,True Patriot Strength,LE-HUU DONG HUYNH,≤100
7100914121,American Experience | PBS,WGBH EDUCATIONAL FOUNDATION,≤100
106245384043438,Tims For Congress,FRIENDS OF DESIREE TIMS,≤100
1947525322184514,One Fair Wage,One Fair Wage,≤100
1393911800825140,OZY,OZY Media Inc,≤100
1833879943496521,Spread The Vote,Spread the Vote,≤100
109379393894282,Keep Texas Moving,TEXAS ASSOCIATION OF BUSINESS,≤100
97466887664,Innocence Project,"INNOCENCE PROJECT, INC., THE",≤100
112442437191294,National Anti-Racism Teach-In,National Anti-Racism Teach-In,≤100
105222917615301,Jen Richardson for Congress,CITIZENS FOR JEN RICHARDSON,≤100
9364828262,Citizens Against Government Waste,CITIZENS AGAINST GOVERNMENT WASTE,≤100
32802178807,Homes For Our Troops,Homes For Our Troops,≤100
763491940427547,Roque  "Rocky"  De La Fuente,Rocky 101 LLC,≤100
8002590959,Rainforest Action Network,RAINFOREST ACTION NETWORK,≤100
95135221781,Federal News Network,Hubbard Radio DC,≤100
112058837201547,Black Lives Matter Merch,Black Lives Matter Merch,≤100
2338979479650120,Genevieve Collins for Congress,COLLINS FOR TEXAS,≤100
265045056894488,Mark Meckler,Convention of States Action,≤100
128531120636129,IVC Media,Solutions for Change,≤100
118144946259472,Marcus Chambers for Superintendent,Marcus D Chambers For Superintendent of Schools Campaign,≤100
1945237355733646,Giving Brush,Giving Brush LLC,≤100
108173075911611,National Association of Letter Carriers,National Association of Letter Carriers,≤100
1099779163410386,John Barrasso,Friends of John Barrasso,≤100
100527118370698,Trump Supporters United,Jae W Seo,≤100
294196590710262,FWD.us,FWD.us,≤100
105368190818267,Corky Messner for Senate,MESSNER FOR SENATE,≤100
161879897191723,EarthX,EarthX,≤100
1528498354074301,Punching Bag Media - Conservative News,Sean Michael Probber,≤100
113460456730293,Ben Salango,Ben Salango for West Virginia,≤100
1389807071117013,Lynn Afendoulis,Lynn Afendoulis for Congress,≤100
105455840860559,Eagle Realm,Eagle Realm,≤100
463095630924391,US Business Funding,Credox,≤100
58709265392,Americans United for Separation of Church and State,AMERICANS UNITED FOR SEPARATION OF CHURCH & STATE,≤100
115497288466814,Home Builders Association of Central Arizona,Home Builders Association of Central Arizona,≤100
455147011996099,The Ann and Phelim Scoop,The Unreported Story Society,≤100
1800072483402009,African Community & Conservation Foundation,African Community & Conservation Foundation,≤100
106140571085743,Natalia For Congress,NATALIA LINOS FOR CONGRESS,≤100
102970113093477,Church Militant/St. Michael’s Media,Max Aldcander Douglas,≤100
856208611420219,Christina Finello,FINELLO FOR CONGRESS,≤100
1675319662786649,Clare Gallagher,Protect Our Winters,≤100
1628684420678885,Eddy County,Social Media Manager,≤100
396763120791972,Native Business,Native Business Magazine,≤100
101485404914361,Bad News Wares,Bad News Wares,≤100
2085460778154235,WhiteHat Jr,These ads ran without a disclaimer,≤100
198875903295,Trek Bicycle,TREK BICYCLE CORPORATION,≤100
987698164585861,Citizen Ed,Citizen Education,≤100
157307331013957,The History List,The History List,≤100
342006339184405,National Children's Alliance,NATIONAL CHILDRENS ALLIANCE INC,≤100
1765073800454902,Reform Austin,Reform Austin Inc.,≤100
2256321067930356,Liberteeclub,libertyteeshop,≤100
123624513983,The Western Journal,The Western Journal,≤100
336354959779612,White House Gifts,White House Gifts,≤100
101987108248215,Good Home and Body,Edward Ha,≤100
1370474066365196,F1RST WARRIOR,First Warrior,≤100
615854911830541,Shore Buddies,Malte Niebelschetz,≤100
210357995667559,The National Memo,The National Memo,≤100
333081284065216,Brynne Kennedy for Congress,BRYNNE KENNEDY FOR CONGRESS,≤100
141692255929599,Democratic Socialists of America,DEMOCRATIC SOCIALISTS OF AMERICA INC,≤100
114971076538782,The Keystone,Courier Newsroom,≤100
104834871272622,Naptural Brand,These ads ran without a disclaimer,≤100
309993142375589,Joe Kennedy III,KENNEDY FOR MASSACHUSETTS,≤100
429651323843750,Verizon Wireless Workers Rising,"COMMUNICATIONS WORKERS OF AMERICA, AFL-CIO, CLC",≤100
197760674021143,Indivisible Guide,INDIVISIBLE ACTION,≤100
104684067632334,Unite the Country,UNITE THE COUNTRY,≤100
279846350948,St. Labre Indian School,St. Labre Indian School,≤100
420424547981908,In Search of Liberty,Scott Dennis Welch,≤100
1399926390134311,Nature's Generator,Huntkey USA Inc,≤100
217976018236954,OutKick,Outkick Media LLC,≤100
108090464296366,Republican Patriots,I Love My Freedom,≤100
165779706726,Country Music Artist Carl Ray,Carl Ray Williams,≤100
34701792581,EWTN,Eternal Word Television Network,≤100
1784991421516214,Seek Refuge,Seek Refuge,≤100
156919911022572,Steven Horsford,NEVADANS FOR STEVEN HORSFORD,≤100
130945114804,World Jewish Congress,WORLD JEWISH CONGRESS AMERICAN SECTION INC,≤100
1708467695859543,Veteran Transition Mission,Sonia Ivelisse Barriera Ayala,≤100
104505064408799,Cove USA,"Cove USA, LLC",≤100
19746387261,Humane Society International,Humane Society International,≤100