﻿Page ID,Page Name,Disclaimer,Amount Spent (USD)
153080620724,Donald J. Trump,TRUMP MAKE AMERICA GREAT AGAIN COMMITTEE,5975
6726182861,Mike Pence,TRUMP MAKE AMERICA GREAT AGAIN COMMITTEE,5253
202626512363,U.S. Census Bureau,U.S. Census Bureau,2471
1771156219840594,Team Trump,TRUMP MAKE AMERICA GREAT AGAIN COMMITTEE,2299
925007000949719,ExxonMobil,Exxon Mobil Corporation,1845
467804929927622,Jason Smith,JASON SMITH FOR CONGRESS,1749
8934429638,Planned Parenthood Action,Planned Parenthood Action Fund,1398
7860876103,Joe Biden,BIDEN VICTORY FUND,960
156968474833352,Stop Republicans,Stop Republicans,957
149366465128820,Nicole Galloway,Nicole Galloway for Missouri,845
100500315065369,No on 2 in August,No on 2 in August,799
20787991568,Senate Democrats,DSCC,614
104856814505092,The Kids Guide,The Kids Guide,547
1745691098822972,Brad Parscale,TRUMP MAKE AMERICA GREAT AGAIN COMMITTEE,541
127755494595870,Progressive Takeover,PROGRESSIVE TAKEOVER,507
80562389320,NARAL Pro-Choice America,NARAL Pro-Choice America,489
108824017345866,Facebook,"Facebook, Inc.",488
96935476345,Democratic Governors Association (DGA),Democratic Governors Association,463
111001597165583,Brandon Wilkinson for US Congress,Missouri for Brandon Wilkinson,456
102671331487937,I Love My Freedom Store,I Love My Freedom,449
123904759002866,Sam Page for St. Louis County,Page for Missouri,438
1449461518652183,4Patriots,4Patriots LLC,428
153080620724,Donald J. Trump,"DONALD J. TRUMP FOR PRESIDENT, INC.",427
791543660926838,"I'll go ahead and keep my guns, Thanks",2A4LIFE LLC,427
9324910069,NRSC,NRSC,422
429812024048177,Doug Jones for Senate,DOUG JONES FOR SENATE COMMITTEE,420
147781045791179,Liberty Alliance,Liberty Alliance USA,396
332570903495930,Dr. Jim Neely,Citizens for Neely,385
665345483483486,NRA - National Rifle Association of America,NATIONAL RIFLE ASSN OF AMERICA,379
17801244148,Jill Schupp,SCHUPP FOR CONGRESS,359
2352630938293825,Mytacticalpromos,Entremax,343
2246364628908665,Uniting Missouri,Uniting Missouri,342
345504286342057,Keeping America Great Again,RightWingGear.com,332
827597877353389,Bill Eigel,"Eigel for Missouri, Thomas Huges, Treasurer",329
108277644623,Missouri Democratic Party,MISSOURI DEMOCRATIC STATE COMMITTEE,313
342294162453301,Planned Parenthood,Planned Parenthood Federation of America,292
103355508017465,Jo Doll for State Representative,"Doll For Missouri; Jim Doll, Treasurer",284
1615018905412860,Progressive Turnout Project,PROGRESSIVE TURNOUT PROJECT,282
127225910653607,PragerU,PragerU,275
105756057589080,The Lincoln Project,The Lincoln Project,271
505251996227959,Jack Bondon,Bondon for Missouri,261
132492254050920,American AF,AAF Nation,255
24330467048,Americans for Prosperity,AMERICANS FOR PROSPERITY,252
234217233822335,BiteGamingg,These ads ran without a disclaimer,249
107858693983382,The GOP Shop,The GOP Shop,239
215485388588143,Ann Wagner,Office of Congresswoman Ann Wagner,233
105483304544952,BILL PAC,Believe In Life and Liberty - BILL PAC,228
918109708204135,Megan Ellyia Green,Megan Green for St. Louis,209
176789922364429,Steve Daines,STEVE DAINES FOR MONTANA,209
106323360959211,Patriots Republic,Matthew James Stine,204
108794587327155,Good Programs 2020,Trevor Dale Seaks,203
112694470356789,Trumpcare For America,Stuart Joseph Millar,200
2330577043935831,Sara Gideon,SARA GIDEON FOR MAINE,191
602714436529710,End Citizens United,END CITIZENS UNITED,184
112974563687584,Robert Kiyosaki - The Rich Dad Poor Dad Letter,Long Form Creative Co.,181
92925746942,Judicial Watch,Judicial Watch,180
120418189363261,Vote for a Better Missouri,Carpenters Help in the Political Process (CHIPP),179
328853823844484,Balance of Power,Balance of Power,178
165987503528599,Lindsey Graham,"TEAM GRAHAM, INC.",174
259130650776119,Mitch McConnell,MCCONNELL SENATE COMMITTEE,174
1916108188466958,Elad Gross For Missouri,Elad Gross For Missouri,164
253153019746,Eric Greitens,Greitens for Missouri,162
1528582864058061,Missouri Century Foundation,Missouri Century Foundation,155
1883837055193241,Shield Republic,Shield Republic,149
2267285956849056,Donald Trump 2020 Fans,I Love My Freedom,148
111393882812494,Amy McGrath,"AMY MCGRATH FOR SENATE, INC.",146
85452072376,Newsmax,Newsmax Media,146
109111900634787,Reverend Raphael Warnock,WARNOCK FOR GEORGIA,142
2258233604194161,Greg Razer for Missouri,"Razer for Missouri, Matt Dameron, Treasurer",141
33110852384,Doctors Without Borders/ Médecins Sans Frontières (MSF),Doctors Without Borders/Médecins Sans Frontières (MSF),138
112049930572413,Beverly Thomas,Committee to Elect Beverly Thomas,137
1025055787535714,A Case for Women,A Case for Women,131
168051710543266,Lacy Johnson,Lacy Johnson for Congress,130
1400927463555875,Imperfect Foods,Imperfect Produce,127
137453823749,American Heart Association STL,American Heart Association,127
96935476345,Democratic Governors Association (DGA),DEMOCRATIC ACTION,126
18982436812,ACLU,American Civil Liberties Union,126
110974960642149,Proudly American,Grant Alan Johnston,125
205395906412,UAW International Union,"INTERNATIONAL UNION, UNITED AUTOMOBILE, AEROSPACE AND AGRICULTURAL IMPLEMENT WORKERS OF AM",124
107758757670203,BLM Direct,BLM Store LLC,120
277005566267077,Blueland,Blueland,115
25055115099,Intuit,INTUIT INC.,115
109092142462587,Adam Schiff,SCHIFF FOR CONGRESS,114
701314813317534,New Wentzvillian For St Charles Countians,New Wentzvillian,114
1109093812491437,Blaze Media,Blaze Media LLC,109
23875187730,Feeding America,Feeding America,109
305832706292882,American Gun Association,GunAssociation.org,108
7814597100,Jim Jordan for Congress,JIM JORDAN FOR CONGRESS,108
359477377917,American Federation for Children,American Federation for Children,107
105732744375701,Steve Bullock,MONTANANS FOR BULLOCK,106
834645469890446,Devin Nunes,DEVIN NUNES CAMPAIGN COMMITTEE,105
580610428636345,Fight for $15,Fight for $15,105
414982988522222,Lynn Morris,Citizens for Morris,104
461204744067686,Family Protection Association,Family Protection Association,103
100137754724934,Trump 2020 Supporters,Proud Right Winger,103
717115395103069,PrintedKicks,Printed Kicks,102
102315041409283,Horses in our Hands,In our Hands Action Fund,101
116301515238863,Dr. Bob Onder,"Onder for Missouri, Doug Mueller, CPA Treasurer",101
1374134752633656,New Health Plans,Shop Insurance Plans,≤100
106244251043808,Reuse Plastics,"AMERICAN CHEMISTRY COUNCIL, INC.",≤100
42002969352,Center on Budget and Policy Priorities,Center on Budget and Policy Priorities,≤100
7833534974,Florida Democratic Party,Florida Democratic Party,≤100
425639080930367,Missouri Firearms Coalition,Missouri Firearms Coalition,≤100
137569740231452,Respect The Look,Respect The Look,≤100
296708523873754,Karla Dennis and Associates Inc.,"Karla Dennis & Associates, Inc",≤100
196382377057315,Learn Our History,Learn Our History,≤100
15239367801,The Wilderness Society,"WILDERNESS SOCIETY, THE",≤100
25852730092,Care2,Care2 Inc,≤100
433919203362871,Bird + Stone,BIRD & STONE INC,≤100
328072970642479,Jaime Harrison,JAIME HARRISON FOR US SENATE,≤100
57259033959,AARP,AARP,≤100
115292800012358,Alex Lange Campaign,Alex Lange STL,≤100
119140726152733,David Woody for State Representative,Citizens For Woody,≤100
117622166310266,Kathy Swan,Friends of Kathy Swan,≤100
159964696102,Kevin McCarthy,KEVIN MCCARTHY FOR CONGRESS,≤100
560140464159364,Stand for the 2nd Amendment,SFT2 Tactical Supply,≤100
332716170522025,America First Action,America First Action,≤100
1504244649711873,The Right Time,Power to Decide,≤100
457148521144304,Ingrid Burnett,Ingrid Burnett for Missouri,≤100
12301006942,Democratic Party,BIDEN VICTORY FUND,≤100
1636216106590985,Josh Hawley,JOSH HAWLEY FOR SENATE,≤100
278490715553293,Martha McSally,MCSALLY FOR SENATE INC,≤100
103218131424637,"Committee to Elect Benny Earl Thomas, H-124",Committee To Elect Dr. Benny Earl Thomas,≤100
105566671190013,What We All Need,Patrick Le Tran,≤100
213792049451918,Stand For America,Stand For America Inc,≤100
309308412520731,Sandy Hook Promise,Sandy Hook Promise,≤100
163148530407080,Captain Mark Kelly,MARK KELLY FOR SENATE,≤100
112431050497386,Patriotism For Life,Vivian Lam Nguyen,≤100
101456308311413,Lynn Morris for Eastern Commissioner,Lynn Alvin Morris,≤100
1353297398108180,Jeff Shawan for Missouri,Friends of Jeff Shawan,≤100
203197030603239,8 Billion Trees,8 Billion Trees LLC,≤100
114625730266879,Republican Voters Against Trump,Defending Democracy Together,≤100
18813753280,Human Rights Campaign,"HUMAN RIGHTS CAMPAIGN, INC.",≤100
114710126648118,Republican Dogs,Republican Dogs,≤100
246536259126339,SEIU Healthcare Missouri Kansas,SEIU Healthcare Illinois & Indiana,≤100
19972147679,SEIU,SEIU,≤100
2353537341582545,Proud Patriots,Proud Patriots,≤100
105084617912738,PatriotQuizzes,patriotquizzes.com,≤100
272618896537776,America First Agenda,America First Agenda PAC,≤100
103597604713894,Team Trump Store,TRUMP MAKE AMERICA GREAT AGAIN COMMITTEE,≤100
1336293769761923,Jon Ossoff,JON OSSOFF FOR SENATE,≤100
1061240530648502,Joe Collins,JOE COLLINS FOR CONGRESS,≤100
1194865807192273,Conservative Gear,Outergoods LLC,≤100
23641203189,Show-Me Institute,Show-Me Institute,≤100
100256754899828,Patriot's Cave,Patriots Cave,≤100
110177119192569,Knightscope,William Li,≤100
106114264313679,Hunt The Vote,"Hunter Nation, Inc",≤100
38235851310,USA for UNHCR,UNITED STATES ASSOCIATION FOR UNHCR,≤100
127216280686110,Ann Wagner,Ann Wagner for Congress,≤100
495874187612798,"Pierson Jr. for State Senate, 13th District",Committee To Elect Pierson Jr,≤100
438719273175922,Missouri House Democrats,House Democratic Campaign Committee,≤100
139441926128681,New Saint Andrews College,New Saint Andrews College,≤100
221676957953311,The Missouri Plan,The Missouri Bar,≤100
324463874918939,Neal Gist for U.S. Congress,NEAL GIST CAMPAIGN COMMITTEE,≤100
17911165812,Covenant House International,Covenant House,≤100
373814729643508,Let America Vote,LET AMERICA VOTE PAC,≤100
946887545335976,Association of American Universities,The Association of American Universities (AAU),≤100
27311599342,Preemptive Love,Preemptive Love Coalition,≤100
126694924050678,Xavier Becerra,Becerra for Attorney General 2022,≤100
245284549333866,ASMDSS,ASMDSS,≤100
106255327636474,Jason Bean for State Senate,jasonbeanforsenate.com,≤100
45393753416,Alliance Defending Freedom,Alliance Defending Freedom,≤100
127867504507565,Judge Cotton Walker,"Cotton Walker for Judge, Jake Vogel Treasurer",≤100
105577974544303,The USA Needs More Patriots,AmeriPolling,≤100
102617961152741,Barbara Bollier,BOLLIER FOR KANSAS,≤100
106645684412573,Cover Air Medical,Cover Air Medical,≤100
193618220508,LIFE Today,LIFE Outreach International,≤100
259212814698356,Democratic Majority for Israel,Democratic Majority for Israel,≤100
167586229923327,World Food Program USA,World Food Program USA,≤100
158791100909689,Concerned Veterans for America,Concerned Veterans for America,≤100
6820348410,Kirsten Gillibrand,Off the Sidelines,≤100
101210588150219,Boy Scouts Abuse Claims,X Social Media LLC,≤100
586751814690068,Joni Ernst,Joni for Iowa,≤100
530604487365010,Old Glory Flagpole Kits,Service First,≤100
618480098621142,Social Security Event,Robert Jared Wilkins,≤100
15687409793,World Wildlife Fund,World Wildlife Fund,≤100
103578521311812,Dan O'Connell,Win with O'Connell,≤100
8325302025,Friends of the Earth U.S.,Friends of the Earth,≤100
228754857151053,House Majority PAC,House Majority PAC,≤100
1836138529938551,Greater Half,Greater Half,≤100
101459098271864,Vets United,Korie Lynn Padgett,≤100
92730524910,AdventHealth,AdventHealth,≤100
309798029121030,Everytown for Gun Safety,Everytown for Gun Safety Action Fund Inc,≤100
598924810530984,Keeping America Great,FamTeeWorld,≤100
977704775606273,Balls Deep Tackle,Balls Deep Tackle,≤100
112167446928938,Trump Pop Up Shop,Jeremy Wayne Boyts,≤100
139599847972,National Nurses United,National Nurses United,≤100
87777747127,Greg Palast,Palast Investigative Fund,≤100
166618413413767,Jay Sekulow,American Center for Law and Justice,≤100
5435784683,Greenpeace USA,"GREENPEACE, INC.",≤100
265268336865693,Do Amore,Do Amore Limited Company,≤100
102064051457418,Rick Walter For Scott County Sheriff 2020,Rick Walter for Sheriff,≤100
5633824547,FreedomWorks,"FREEDOMWORKS, INC.",≤100
6231686654,Compassion International,"COMPASSION INTERNATIONAL, INCORPORATED",≤100
111428049989,Cal Cunningham,CAL FOR NC,≤100
6041057841,The Humane Society of the United States,"HUMANE SOCIETY OF THE UNITED STATES, THE",≤100
7292655492,MoveOn,MOVEON.ORG POLITICAL ACTION,≤100
101181794707874,United Research Group,United Research Group,≤100
101459098271864,Vets United,Jae W Seo,≤100
104694504517471,Terry Dotson for Cass County Sheriff,Dotson for Sheriff,≤100
109115827222847,Jamie Burger for State Representative,Committee to Elect Jamie Burger HD # 148,≤100
105577974544303,The USA Needs More Patriots,Anthony Alexander Morales,≤100
2453441358078301,Bill Owen for State Representative,Citizens for Owen,≤100
1008811965977942,Emily Weber for Missouri,Emily Weber for Missouri,≤100
105829564471772,Patriots Stand Together,Trizzie Truong,≤100
192015461630968,Supporting Our Brave Veterans,James Brian Plouf,≤100
21375324480,The Heritage Foundation,HERITAGE FOUNDATION (THE),≤100
100757504960070,Concealed_Country,Concealed Country,≤100
112891110253447,Connor Nowalk for Missouri,Connor Nowalk for Missouri,≤100
2325165431099758,Patty Lewis,"Voters for Patty Lewis, Aaron Lewis, Treasurer",≤100
142665849854371,House Freedom,HOUSE FREEDOM FUND,≤100
30139072158,CARE,CARE,≤100
8321461609,MomsRising.org,MomsRising Together,≤100
107398241021186,The John Lewis Bridge Project,John Lewis Bridge Project,≤100
355316521236121,John Cornyn,TEXANS FOR SENATOR JOHN CORNYN INC.,≤100
228132537208218,Tammy Duckworth,TAMMY FOR ILLINOIS,≤100
23996308754,Senate Conservatives,SENATE CONSERVATIVES FUND,≤100
101279451606075,Democratic Strategy Institute,Democratic Strategy Institute,≤100
8047221596,Save the Children US,"SAVE THE CHILDREN FEDERATION, INC.",≤100
794490553914304,Dr. Nina Ansary,"Revela Press, LLC",≤100
2185993931653388,The Recount,"Recount Media, Inc",≤100
6204742571,Sierra Club,SIERRA CLUB,≤100
2309566456030859,Human Coalition Action,Human Coalition Action,≤100
547431088714930,Lindsey Simmons,FRIENDS OF LYNZ,≤100
257019421075897,Cory Gardner,Cory Gardner for Senate,≤100
185168104846957,Rick Brattin,Friends of Rick Brattin,≤100
92021268117,Working America,Working America,≤100
151525932186806,When Democrats Turn Out,WHEN DEMOCRATS TURN OUT PAC,≤100
122206859182629,Darrell Atchison for State Representative,Citizens for Atchison,≤100
934438026690635,YouGov,YOUGOV AMERICA INC.,≤100
111633013848827,Ryan Johnson for Cass County,"Ryan Johnson for Cass County, Rebecca Johnson, Treasurer",≤100
318081828262592,Wayne Wallingford,Friends Of Wayne Wallingford,≤100
327837911149503,2A4Life,2A4LIFE LLC,≤100
342887442508723,Convention of States,Convention of States Action,≤100
190435021548814,Tina Goodrick for State Representative,Missourians For Tina Goodrick,≤100
1010143499143169,Medicare Savings,"Mayo Labs, LLC",≤100
87186661244,Johns Hopkins Bloomberg School of Public Health,Johns Hopkins Bloomberg School of Public Health,≤100
100740754669752,Megan Thompson for Commissioner,Citizens for Megan Thompson,≤100
73970658023,International Rescue Committee,International Rescue Committee,≤100
788394134539871,USPS Business,United States Postal Service,≤100
170309409666124,Bellefontaine Cemetery and Arboretum,Linda Christine Gaal,≤100
1316372698453411,Alexandria Ocasio-Cortez,Alexandria Ocasio-Cortez for Congress,≤100
107654924064350,Pat Timmons-Goodson,PATRICIA TIMMONS-GOODSON FOR CONGRESS,≤100
8550121410,Free Speech America Project,MEDIA RESEARCH CENTER,≤100
103496471092606,Oglesby For Congress,OGLESBY FOR CONGRESS,≤100
106224464107240,Jo Jorgensen,Jo Jorgensen for President,≤100
7976226799,The Daily Show,Comedy Central,≤100
418043235610059,Eddy Justice for Missouri,Eddy Justice for Missouri,≤100
195530355493,Chicks On The Right,Chicks on the Right,≤100
108180403940250,Michelle Sherod for St. Louis,"Michelle Sherod For St. Louis, Barbara Gilchrist, Treasurer",≤100
216229881824354,Robert Ross,"Citizens for Ross, Chuck Purgason, Treasurer",≤100
72186095846,Center For American Progress Action Fund,Center for American Progress Action Fund,≤100
8532248414,Wounded Warrior Project,"WOUNDED WARRIOR PROJECT, INC.",≤100
971668776283950,PolicyEd,Hoover Institution,≤100
101502738105892,Joshua Barrett for State Senate,"Barrett for Missouri, Joshua Barrett treasurer",≤100
169003113120574,SS&B Heating & Cooling,"SS & B HEATING & COOLING, INC",≤100
209516845093,NRDC Action Fund,NRDC Action Fund,≤100
1533159540286546,Grassroots Leadership Academy,Americans for Prosperity Foundation,≤100
1377749459221033,MO Electric Co-ops,MO Electric Co-ops,≤100
215968684159,AFT - American Federation of Teachers,American Federation of Teachers,≤100
530604487365010,Old Glory Flagpole Kits,Service First Flag Poles,≤100
114282963288352,Rex Larson,Friends of Rex Larson,≤100
605168822998856,314 Action,314 ACTION FUND,≤100
206677396413254,Abortion On Our Own Terms,Abortion On Our Own Terms,≤100
46093654473,National Republican Congressional Committee,NRCC,≤100
21559454473,FAIR,FEDERATION FOR AMERICAN IMMIGRATION REFORM,≤100
169710960125365,Curzio Research,Curzio Research Inc.,≤100
303680192977564,Andrew Koenig,"Friends of Andrew Koenig, Brooke Koenig, Treasurer",≤100
109360297266116,Fearless Patriot,TERESA NONE OHARA-MARSH,≤100
302182941354,AARP Advocates,AARP,≤100
134388193343920,Elijah Haahr,"Friends Of Elijah Haahr, Trevor Crist Treasurer",≤100
105060677844787,Bill Savings,Bill Savings,≤100
118502801658228,Young Kim,Young Kim for Congress,≤100
106520487616616,Elect Kevin VanStory for Missouri's 7th Congressional District,Thomas Kevin VanStory,≤100
100654684937284,SEELY For Commissioner,Lisa Faye Seely,≤100
114523727001748,Steve Cookson,The Good Folks For Cookson,≤100
10150100007820094,Wendy Davis,WENDY DAVIS FOR CONGRESS,≤100
163302087408673,Stop The Donald,Stop the Donald,≤100
701098776699196,"Law Office of Jessica Piedra, LLC","Law Office of Jessica Piedra, LLC",≤100
107589664099282,Stand Up To China,"Stand Up To China, Inc.",≤100
104936977794422,Phyllis Hardwick for Missouri,Phyllis Nicole Hardwick,≤100
106487520883333,Cardinal & Pine,Courier Newsroom,≤100
166166843531258,National Council of Resistance of Iran - شورای ملی مقاومت ایران,MEK-Iran (Saeid Saadati),≤100
110613343637677,Bishop Davidson for MO,Committee to Elect Bishop Davidson,≤100
103578521311812,Dan O'Connell,DANIEL PAUL O' CONNELL,≤100
465483726908192,iVote,IVote Civic Education Fund,≤100
312636966332202,Mitch Boggs,Boggs for Missouri,≤100
115379705206001,U.S. Department of Homeland Security Blue Campaign,DHS Blue Campaign,≤100
110145320648937,Chip Anderson for Missouri,Anderson For Missouri,≤100
101690998009007,Improving Life Through Health,Nicolette Dalan,≤100
107150077720746,American Collectibles,Christopher Walter Adams,≤100
1917715138510680,Follow Your Legend,Legend Bracelet,≤100
865570390139870,Cara Spencer for Mayor of St. Louis City,Cara Spencer for Mayor,≤100
171651620209487,Brady PAC,Brady Pac,≤100
107689360692974,Chad Perkins,ChadPerkins4Missouri,≤100
110781120452742,David Lenihan for Senate,David Lenihan for Senate Com,≤100
1530883997194411,United States Constitution,Flag and Cross,≤100
104934207736995,Paycheck to Paycheck,Center for American Progress Action Fund,≤100
112101477150150,Chris Sander for State Representative,Sander for Missouri,≤100
251177135604898,"Main Street Law Firm, PLLC","Main Street Law Firm, PLLC",≤100
1079789672084038,SimonBooks,Simon & Schuster,≤100
1396305757297693,Venki for St. Louis,Palamand for Mehlville,≤100
107803180821192,Elect Sarah Oerther,"Committee to Elect Sarah Oerther, Charla Jamison, Treasurer",≤100
2189265054726827,Liberty Tee Shop,www.libertyteeshop.com,≤100
313097997669,StreetLightUSA,StreetLightUSA,≤100
106614207558165,Ron Copeland,Citizens for Ron Copeland,≤100
1055873511190792,Hello Resistance,Hello Resistance Apparel,≤100
9364828262,Citizens Against Government Waste,COUNCIL FOR CITIZENS AGAINST GOVERNMENT WASTE,≤100
49651563727,Live Action,Live Action,≤100
129255907131113,NumbersUSA,NUMBERSUSA EDUCATION AND RESEARCH FOUNDATION,≤100
110601067187983,Judge Aaron Koeppen,Citizens for Judge Koeppen,≤100
376776419037747,Turning Point USA,Turning Point USA,≤100
1556932204325823,ProgressPop,ProgressPop,≤100
111506250582498,Keeping Our Homes Safe,Steve San,≤100
100637888239523,Free Reign For All,Kin Ngai Yeung,≤100
894096170667732,Ashley Hinson,Ashley Hinson For Congress,≤100
27544763621,Prison Fellowship,Prison Fellowship,≤100
38471053686,Elizabeth Warren,"WARREN DEMOCRATS, INC.",≤100
1228396643984955,Michelle Steel,Michelle Steel for Congress,≤100
69039563201,Open Doors USA,"OPEN DOORS WITH BROTHER ANDREW, INC.",≤100
1456310534453054,Veteran Loans Online,"LMB OpCo, LLC",≤100
103654464668995,Home With Our Family,Alexander Chung,≤100
103185334702225,Stop Trump PAC,STOP 45 PAC,≤100
500206816797653,Nurture KC,NURTURE KC,≤100
329284771298646,Issue One Action,Issue One Action,≤100
1600352356914768,PushBlack,PushBlack,≤100
169130743498585,Tactical Pro Supply,Chad Keller,≤100
649897105090551,Dan Stacy,Citizens for Dan Stacy,≤100
102741491268769,Ritter for Missouri,Ritter for Missouri,≤100
420785874975425,Conservative Institute,The Conservative Institute,≤100
104329390977328,Will Perry for State Representative,Will Perry for State Representative,≤100
104673394565887,Steve Chentnik for Congress,CHENTNIK FOR CONGRESS,≤100
12301006942,Democratic Party,DNC SERVICES CORP./DEM. NAT'L COMMITTEE,≤100
419237048158257,Susan Collins,COLLINS FOR SENATOR,≤100
110746996993983,The 'Gander Newsroom,Courier Newsroom,≤100
518194348194441,RepresentUs,RepresentUs,≤100
6820348410,Kirsten Gillibrand,Gillibrand for Senate,≤100
907919839243616,My Faith Votes,My Faith Votes,≤100
110018833813683,Flip the Senate,SMP,≤100
1947648818835978,Committee to Elect Jason Shaffer,Committee to Elect Jason Shaffer,≤100
950998258312654,Knowhere,"Knowhere, Inc.",≤100
103553748012141,Elect Conan Dougherty for Greene County Assessor,Committee to Elect Conan Dougherty,≤100
108118933908193,Next Level Goods,Next Level Goods LLC,≤100
775525186130124,Center for a Free Economy,Center for a Free Economy,≤100
69983322463,Ted Cruz,TED CRUZ FOR SENATE,≤100
539935539512903,Will Barger for Randolph County Sheriff,William Hadley Barger,≤100
221834965136991,Steve Roberts,Roberts for St. Louis,≤100
493811210669780,Creative Action Network,Creative Action Network,≤100
100950704816839,Brian Seitz for MO State Rep. 156th District,Seitz Conservative Coalition,≤100
103465854335245,Macy Mitchell For Missouri,Citizens for Mitchell,≤100
223008867858902,American Action News,American Action News,≤100
106665770746177,Yinka Faleti For Missouri,Faleti for Missouri,≤100
103254478076053,JEFF KING for Buchanan County Assessor,King4Assr,≤100
252096368610139,"Kelli Dunaway, St. Louis County District 2 Councilwoman",Kelli Dunaway for County Council,≤100
1682346022051400,Ryan Jones for Missouri House District 115,Friends of Ryan Jones,≤100
109825017427880,Bruce Sassmann for Rep,Bruce Sassmann Election Committee,≤100
109584090712826,Tristan Asbury for Boone County District II Commissioner,Tristan Asbury for Boone County District II,≤100
114501575391943,Compare Medicare Quotes,Benepath,≤100
1673905712842021,Rebeca McKelvey,"McKelvey For Judge, Dr. Henry Clever, Treasurer",≤100
19342050934,Leadership Institute,LEADERSHIP INSTITUTE INC,≤100
109399577061888,Bill Hardwick for State Representative,Bill Hardwick for Missouri,≤100
2286648031606080,Doug Ervin for Clay County Commission,Citizens for Doug Ervin,≤100
239149449446107,Americans For Prosperity - Missouri,AMERICANS FOR PROSPERITY,≤100
104835751146358,Cole for Commissioner,"The Committee to Elect Terry Cole, Jeffery Hux, Treasurer",≤100
100522438276117,Trares 4 Congress,Patricia Lynette Trares,≤100
101301694583048,Bennie Cook for State Representative,Bennie Cook for State Representative,≤100
100101018155207,Paid Leave for All,Paid Leave for All a project of Hopewell Fund,≤100
203550842430,Mike Lee,FRIENDS OF MIKE LEE INC,≤100
655065784538368,PredictIt,"PredictIt - Prediction Markets. A project of Victoria University of Wellington, PredictIt has been established to facilitate research into the way markets forecast events.",≤100
359743371288298,Karen Best for State Representative,"Best Friends for Missouri, Dan Boone Treasurer",≤100
1136935976380208,Larry Fish for Clinton County Sheriff,Committee to Elect Larry Fish for Clinton County Sheriff,≤100
42872222699,Dana Loesch,Dana Loesch Radio,≤100
18709174006,National Audubon Society,"NATIONAL AUDUBON SOCIETY, INC.",≤100
105483844355818,Terry Brown for State Rep,Browns Brigade for State Representative,≤100
112190403787842,Citizens to Elect Dr. Tricia Derges,Citizens for Derges,≤100
282328882639479,Quibi,These ads ran without a disclaimer,≤100
601108943431836,The Flip Side,TFS Inc,≤100
106983277471045,Dean VanSchoiack,Citizens for Dean VanSchoiack,≤100
1799282383731277,TwoSeventy,Alexander Jared Deutsch,≤100
85273022315,NAMI,NAMI,≤100
259212814698356,Democratic Majority for Israel,DMFI PAC,≤100
106003594486756,Standing Up Together,Annie Wang,≤100
592707041080920,Stand Together,Stand Together Chamber of Commerce Inc.,≤100
1690071827911682,Cleancult,cleancult,≤100
103644036958,United Association,United Association Political Education Committee,≤100
105867997661171,Michael Randazzo for Circuit Judge,"Committee to Elect Michael Randazzo, Amanda Randazzo Treasurer",≤100
327560633988338,"Re-Elect John Cottle Sheriff- Lincoln County, Missouri","Citizens to Elect John Cottle-Sheriff  Daniel Flynn, Treasurer",≤100
172758932738142,PhRMA,PHARMACEUTICAL RESEARCH AND MANUFACTURERS OF AMERICA,≤100
1526736227567131,TrueCoverage,True Coverage,≤100
118303441570966,Home Ownership Matters,NATIONAL ASSOCIATION OF REALTORS,≤100
215830238462422,The LIBRE Initiative,The Libre Initiative,≤100
7263476274,Mercy Corps,Mercy Corps,≤100
130467958471,Jason Lewis,Jason Lewis for Senate,≤100
2225580284361712,Tommy Tuberville,"TUBERVILLE FOR SENATE, INC.",≤100
101219721348151,Randy Railsback for State Rep District 8,Railsback for Missouri,≤100
15041226930,Oxfam,"OXFAM AMERICA, INC.",≤100
303061950155375,John James,"JOHN JAMES FOR SENATE, INC.",≤100
911828698840246,ReLEntless Defender Apparel,ReLEntless Defender Apparel,≤100
6236054211,Brady,Brady Campaign to Prevent Gun Violence,≤100
596556607135301,The Earthling Co.,The Earthling Co.,≤100
107150077720746,American Collectibles,Proud Patriots,≤100
105060269781,Premiere Collectibles,"Premiere Marketing, Inc.",≤100
106949844346620,Trumpian Republicans,Gregory Lawrence Burright,≤100
1000253160054572,Cori Bush,CORI BUSH FOR CONGRESS,≤100
219224241438635,Compassion & Choices,COMPASSION & CHOICES,≤100
10498053716,Media Research Center,MEDIA RESEARCH CENTER,≤100
195616614422828,Bill Haas Democrat For State Senate MO-05 2020,Bill Haas,≤100
248181906078243,National Institute for Civil Discourse,CommonSense American,≤100
117443069282,Missouri Health Care for All,Missouri Health Care for All,≤100
5720973755,Defenders of Wildlife,DEFENDERS OF WILDLIFE,≤100
7292655492,MoveOn,MOVEON.ORG CIVIC ACTION,≤100
135298176481584,Marine Corps Scholarship Foundation,Marine Corps Scholarship Foundation,≤100
628891490457484,Nancy Mace,Nancy Mace for Congress,≤100
476127029450706,Jim Murphy State Representative 94th House District,Citizens for Murphy,≤100
152264148166020,Moms Clean Air Force,Moms Clean Air Force,≤100
113702026736466,National Parks Action Fund,National Parks Action Fund,≤100
249455845761285,Lindsey Must Go,LMG PAC,≤100
110541050481013,Jimmy Bench for Pulaski County Sheriff,Committee to Elect Jimmy Bench Sheriff,≤100
1234251319933440,Exclusive Apparel,The Dude's Threads,≤100
104051398040027,CCW Online Now_,Concealed Country,≤100
1578506062471035,John N. Castellano III for Sheriff,John N Castellano,≤100
1628679613829742,Josh Hicks,Josh Hicks for Congress,≤100
319184624779504,Jaret Holden for Missouri,"Holden for Missouri, Jaret Holden, Treasurer",≤100
192771954102960,Jordan Sekulow,American Center for Law and Justice,≤100
593289284500311,Trump Rack,BOXD Marketing,≤100
20876805343,March of Dimes,MARCH OF DIMES INC.,≤100
169597416843751,Stand Up America,Stand Up America,≤100
217976018236954,OutKick,Outkick Media LLC,≤100
101136147910784,Represent Justice,Represent Justice,≤100
102745147891580,Trump Coolers,Eric Clifford Juels,≤100
1576236875930301,Global Cyber Alliance,Global Cyber Alliance with ad credits,≤100
102592959026,Ocean Conservancy,"OCEAN CONSERVANCY, INC.",≤100
11791104453,NRDC,Natural Resources Defense Council,≤100
105456291242733,Cooper Hefner For California,Cooper Hefner For California 2022 Exploratory Campaign,≤100
671734119964691,Vote for Wick Pickard,Pick Wick 4 Clay County Sheriff Wick Pickard,≤100
746938465317981,Nuclear Matters,Nuclear Matters,≤100
281844617168,Jewish Voice Ministries International,JEWISH VOICE MINISTRIES INTERNATIONAL,≤100
496696933682736,Jeff Merkley,JEFF MERKLEY FOR OREGON,≤100
780941275347834,Ilhan Omar,ILHAN FOR CONGRESS,≤100
953113491536337,Black to the Future Action Fund,Black to the Future Action Fund,≤100
683872625157265,Theresa Greenfield,THERESA GREENFIELD FOR IOWA,≤100
103162411257510,Trumplican,USA Movements,≤100
176466646087311,DC Fawcett,Donald Chappell Fawcett,≤100
111451350477811,Wick Thomas for Missouri State Representative- District 19,"Wick Thomas for Missouri, Robert Daniels Treasurer",≤100
2339203789732156,Kim Mangone for Congress,COMMITTEE TO ELECT KIM MANGONE FOR CONGRESS,≤100
153678684700451,American Investment Council,AMERICAN INVESTMENT COUNCIL,≤100
100781605034049,Trump 2020 Team,Jordan Ray Riddle,≤100
56278751849,Mid-America Regional Council,MID-AMERICA REGIONAL COUNCIL,≤100
114390355250119,"Bob Boyer, Jefferson County Assessor","Boyer for Assessor, Ken Horton, Treasurer",≤100
110024645702155,William "Bill" White,"Elect Bill White, Margaret Nichols Treasurer.",≤100
1903721929956989,McDonough for Judge,McDonough for Judge,≤100
258648987534331,Sam Graves for Congress,GRAVES FOR CONGRESS,≤100
183517831660100,Morning Consult,Morning Consult LLC,≤100
1237910926236507,State Representative Nick Schroer,"Friends of Nick Schroer - Josh Murphy, Treasurer",≤100
100126201737278,Patriots Take a Stand,Jae W Seo,≤100
83290028957,Care Net,CARE NET,≤100
101591551371555,Fire Mitch. Save America.,SAVE AMERICA FUND,≤100
79125112926,Students for Life of America,"STUDENTS FOR LIFE OF AMERICA, INC.",≤100
109259090549237,Yes on National Popular Vote,Yes on National Popular Vote,≤100
149081336362,AmeriCorps VISTA,Corporation for National and Community Service,≤100
108748143932849,Jim Kalberloh for State Representative,Friends to Elect Jim Kalberloh,≤100
29770886815,Marijuana Policy Project,Marijuana Policy Project,≤100
165350426309,Goodwill Industries of Tulsa,"GOODWILL INDUSTRIES TULSA, INC.",≤100
6713653788,Gary Peters,PETERS FOR MICHIGAN,≤100
134452023239984,Human Coalition,Human Coalition,≤100
356482637745012,Stansberry Research,Stansberry Research,≤100
1505845896403291,State Representative Sarah Unsicker,Sarah Unsicker for State Representative,≤100
72931140459,Center for Biological Diversity,"CENTER FOR BIOLOGICAL DIVERSITY, INC.",≤100
1099478666810053,Meals For Pets,Meals for Pets,≤100
245741028804051,Barbara Sinatra Center,Barbara Sinatra Children's Center,≤100
896759427103774,Modern Medicaid Alliance,Modern Medicaid Alliance,≤100
30914589895,The International Fellowship of Christians and Jews,"INTERNATIONAL FELLOWSHIP OF CHRISTIANS & JEWS, INC.",≤100
35169196082,Project HOPE,"PROJECT HOPE-THE PEOPLE-TO-PEOPLE HEALTH FOUNDATION, INC.",≤100
101165966152,AFL-CIO,AFL-CIO,≤100
111209820480046,Brent Campbell for Howell County Sheriff,Committee to elect Brent Campbell,≤100
108752404156068,Barry Glantz for St. Louis County Council District 2,Citizens for Barry Glantz,≤100
114386721939978,The Made in America Store,Made In America Store,≤100
106889644266759,Larry Kimbrow for State Representative,"Friends of Kimbrow, Bobby Kimbrow Treasurer",≤100
140357056032320,NEA Today,National Education Association,≤100
106691907452893,Judge Judy Cates for Illinois Supreme Court,Judge Judy Cates for Supreme Court,≤100
1338822066131069,Women's March,Women's March,≤100
1252746951583643,Rick Harrell for Lincoln County Sheriff,Citizens for Sheriff Harrell - Treasurer Andy Kaimann,≤100
67626834312,National Women's Law Center,National Women's Law Center,≤100
1204754733024419,People's Power Grab,ACRONYM,≤100
105536127617594,The American Digest,The American Digest,≤100
366351973736242,Red Rock Secured,Red Rock Secured,≤100
23790541544,Democrats,DCCC,≤100
107953199261156,ifaw,"INTERNATIONAL FUND FOR ANIMAL WELFARE, INC.",≤100
814260155318929,The Fairness Project,The Fairness Project,≤100
950837325113887,Life Money Stuff,Life Money Stuff,≤100
344140582276295,Scott Fitzpatrick,"FITZPATRICK FOR MISSOURI - DANNY BUCHANAN, TREASURER",≤100
2255846891314996,Corn Refiners Association,"corn refiners association, inc",≤100
181183059253295,Dorsal Bracelets,Dorsal Bracelets,≤100
113223650193301,MAGA REVOLUTION,Apse Media LLC,≤100
107803440835562,US Hot Gears,Click Wonders,≤100
595655570461199,Wally Long for State Representative,Friends of Wally Long,≤100
163212310392755,Barry-Lawrence Regional Library,BARRY-LAWRENCE REGIONAL LIBRARY,≤100
1551109418518461,The Honest Patriot,Amundson Media LLC,≤100
110094770687418,Ruth Ann Dickerson for Sheriff,Friends of Ruth Ann Dickerson for Sheriff,≤100
483020625149292,Jean Pretto,Committee to Elect Jean Pretto,≤100
2868395073385136,John Voss,Friends of John Voss,≤100
105010030848236,Bryant Cameron Webb,DR. CAMERON WEBB FOR CONGRESS,≤100
197463843555,Dave Schatz,"Citizens for Schatz, Don Kappelmann, Treasurer",≤100
317284821682168,Messianic Jewish Alliance of America (MJAA),Messianic Jewish Alliance of America,≤100
106744830786874,Boone County Counts,City of Columbia,≤100
113666459994300,Big Dan Rodimer for Congress,RODIMER FOR CONGRESS,≤100
802535383197546,Mary Pat Carl,Friends for Mary Pat Carl,≤100
1714632911933752,John Kiehne for State Representative,Kiehne for Missouri,≤100
300106407574180,Justin Smith for Pulaski Co. Western District Commissioner,Friends to Elect Justin smith,≤100
211642542220470,"AARP Medicare Supplement Plans, insured by UnitedHealthcare Insurance Co.",United Healthcare,≤100
106840067656195,Vote Black,Derron Black for America,≤100
745910525468062,National Center on Sexual Exploitation,National Center on Sexual Exploitation,≤100
51379424899,Mercy Ships,MERCY SHIPS INTERNATIONAL,≤100
112990763686592,Jesse Leimkuehler for Clay County Treasurer,Committee to Elect Jesse Leimkuehler,≤100
1447994318779650,AirMedCare Network,AIrMedCare Network,≤100
8934429638,Planned Parenthood Action,Planned Parenthood Votes,≤100
111702860231554,Matt Lieberman,Matt Lieberman for Senate,≤100
102721434660935,Jeff Riddle for Stoddard County Commissioner District 2,Jeffery Scott Riddle,≤100
50982313030,Food & Water Watch,Food & Water Watch,≤100
104504438466,Federal Voting Assistance Program - FVAP,Federal Voting Assistance Program,≤100
565614740200355,Mike Cierpiot,Missourians For Mike Cierpiot,≤100
108777231824,Manhattan Institute for Policy Research,MANHATTAN INSTITUTE FOR POLICY RESEARCH INC,≤100
384557995468219,Viral Casez,Viral Casez,≤100
55549065733,Voto Latino,VOTO LATINO INC.,≤100
128958937175029,Trivia Today,Benjamin Aaron Perlman,≤100
142370046577999,Shahid Buttar for Congress,Shahid Buttar for Congress Committee,≤100
13063797831,Ben Ray Luján,PEOPLE FOR BEN,≤100
291102898490822,Giant Maga Hat,Inventors club LLC,≤100
104227857783529,Ryan Derks for US Congress,Derks For Congress,≤100
17432811417,Working Families Party,Working Families Party National Independent Expenditure Committee,≤100
159597424207730,David Perdue,PERDUE FOR SENATE,≤100
56916510328,Jake Zimmerman for St. Louis County Executive,Citizens for Jake Zimmerman,≤100
24481937944,Theodore Roosevelt Conservation Partnership,"THEODORE ROOSEVELT CONSERVATION PARTNERSHIP, INC",≤100
109798407066823,Amanda Adkins for Congress,AMANDA ADKINS FOR CONGRESS,≤100
169277310432049,"Texas Precision Optics, Inc.",Texas Precision Optics Inc,≤100
275908853303174,Pro-Israel America,Pro-Israel America United,≤100
2217730994909136,24:1,"Beyond Housing, Inc.",≤100
107139207736206,Libertarian Party of Warren County,Karey Anne Owens,≤100
137932966292045,Holly Rehder,Friends of Holly Rehder,≤100
691584217707646,Dirk Deaton,Dirk Deaton for Missouri,≤100
1268410219898273,Tango Tango,Tango Tango Inc,≤100
266145305529,Henry Holt,"Macmillan Holdings, LLC",≤100
101324451668413,Hot US Gears,Click Wonders,≤100
102756811269921,Fellow Americans,Fellow Americans,≤100
1613516851999536,Sunrise Movement,Sunrise,≤100
219247332354785,Phil Arballo for Congress,ARBALLO FOR CONGRESS,≤100
258221320939728,Citizens for Jeff Hoelscher,"Citizens for Jeff Hoelscher, Greg Kolb, Treasurer",≤100
107210084216238,Humanity Forward,Humanity Forward,≤100
97913698213,PROMO,PROMO FUND INC,≤100
336470580233523,Pins and Aces Golf Co.,US Craft Brands LLC,≤100
215199482635728,Alek Skarlatos,ALEK FOR OREGON,≤100
25121889784,Texas Public Policy Foundation,Texas Public Policy Foundation,≤100
110710873823646,Chris Edgar for Camden County Sheriff,Committee to Elect Chris Edgar for Sheriff,≤100
375760676281438,Mermaid Straw,Mermaid Straw,≤100
248306181862385,Live Lokai,Denise L Reina,≤100
210277954204,The Young Turks,"The Young Turks, Inc.",≤100
2165983337048601,LeverforChange,Lever for Change,≤100
99033391274,Brian Kemp,Kemp for Governor Inc,≤100
110955550523882,Bandre' for Circuit Court Judge,Bandre' for Circuit Judge,≤100
2078647579047586,Project Pulso,Project Pulso,≤100
110188060642455,Friends to Elect Gragg State Representative,Jamie Ray Gragg,≤100
106727367718699,Jeff Parnell for MO,Jeffrey Richard Parnell,≤100
102636677971854,Trump Is The Storm,Legendary Trump Coins,≤100
1934191280189700,Health Care Voter,Health Care Voter,≤100
108512875350,The Atlas Society,The Atlas Society,≤100
129523843754764,Vote Smart,PROJECT VOTE SMART,≤100
143729616392084,Van Drew for Congress,Van Drew for Congress,≤100
103315378108004,True Patriot Strength,LE-HUU DONG HUYNH,≤100
102540204580217,UpNorthNews,Courier Newsroom,≤100
361960287311696,Better Medicare Alliance,"Better Medicare Alliance, Inc",≤100
44340057816,Uncommon Goods,UncommonGoods,≤100
357554791340788,Liker,Omar Rivero,≤100
624550574594107,Vanguard Field Strategies,Vanguard Field Strategies,≤100
30708742052,FCTRY,FCTRY,≤100
109379100777665,Patriotism Isn't Dead,Patriot Polling,≤100
277414242013,Joyce Elliott for Congress,JOYCE ELLIOTT FOR CONGRESS,≤100
331037760381749,Sierra Magazine,SIERRA CLUB,≤100
2011677365822396,Ground News,Snapwise Inc.,≤100
166438043490120,AR500 Armor,These ads ran without a disclaimer,≤100
653079394725698,Aspiration,Aspiration,≤100
290851614930809,Combat AntiSemitism,Combat Anti-Semitism,≤100
113374046982942,Shelley Taylor for Scott County Assessor,Shelley White Taylor,≤100
979720542211350,Humanize Being Black,Keyshun Quantarious Holmes,≤100
395517961306619,Alex Riley for State Representative,"Alex Riley for State Representative, Rose Clark, Treasurer",≤100
100877345020382,Citizens to Elect JOE Durnall Greene County Assessor,Citizens to Elect Joe Durnall,≤100
298271003840760,Bluestem Kansas,Bluestem Kansas,≤100
44705166993,Vote.org,Vote.Org,≤100
2040270322863853,Tina Smith,TINA SMITH FOR MINNESOTA,≤100
195583890457706,Bradley Alan Jackson for Christian County Eastern Commissioner,Kristin Melissa Jackson,≤100
115364585711,Lawyers' Committee for Civil Rights Under Law,Lawyers' Committee for Civil Rights Under the Law with Facebook Ad Credits,≤100
1679521432262834,Physicians Grassroots Network,American Medical Association,≤100
468906559794011,LaunchGood,LaunchGood Inc.,≤100
293225127381200,Patriot Depot,The Patriot Depot,≤100
110177057396242,"Ramiz Hakim -  Wright City, MO Alderman",Ramiz Hakim,≤100
31966561030,National Taxpayers Union,National Taxpayers Union,≤100
235762319779450,Omar Navarro,OMAR NAVARRO FOR CONGRESS,≤100
50711561090,Muslim Advocates,MUSLIM ADVOCATES,≤100
173477086790228,Don Mayhew,Donald B Mayhew FSR,≤100
2264090133834042,Invite Research,Precision Network,≤100
186932688457686,CHNGE,CHNGE,≤100
21395843375,Dialysis Patient Citizens,DIALYSIS PATIENT CITIZENS INC,≤100
103235554648484,Elect Scientists,314 ACTION FUND,≤100
90498769709,Edenpure,EdenPURE®,≤100
379373119185,Green For Circuit Judge,Cynthia Nicole Winschel,≤100
97493741436,John W. Hickenlooper,HICKENLOOPER FOR COLORADO,≤100
203805062990264,Ben Shapiro,The Daily Wire,≤100
344690446467832,The Copper Courier,Courier Newsroom,≤100
1647443822178141,Siouxland Coalition Against Human Trafficking,Siouxland Coalition Against Human Trafficking,≤100
408250066356,Bill O'Reilly,"Bill Me, Inc.",≤100
58158120046,ACLJ,American Center for Law and Justice,≤100
201956993160690,MRCTV,MEDIA RESEARCH CENTER,≤100
172298889630363,Republican Attorneys General Association,REPUBLICAN ATTORNEYS GENERAL ASSOCIATION,≤100
316887658336677,My Control Card,"NETSPEND HOLDINGS, INC.",≤100
1925751504337881,MJ Hegar,MJ FOR TEXAS,≤100
543066585882629,Libertarian Country,Libertarian Country,≤100
106756787571440,"Russell Rost for Franklin County Commissioner, Second District","ROST FOR COMMISSIONER, WALTER MURRAY TREASURER",≤100
166738743732702,All Above All Action,All Above All Action Fund,≤100
108296990863730,Hero Action Fund,Hero Action Fund,≤100
96171427550,Raja for Congress,FRIENDS OF RAJA FOR CONGRESS,≤100
100401327980848,National Parents Union,National Parents Union,≤100
260131294484,Bethesda Lutheran Communities,Bethesda Lutheran Communities,≤100
107863137588129,Elect Rick Roeber - District 34 Missouri House of Representatives,Committee to Elect Rick Roeber to the 34th,≤100
17023576156,The Leadership Conference on Civil and Human Rights,The Leadership Conference on Civil and Human Rights,≤100
717417908274761,Lady Freethinker,Lady Freethinker,≤100
15240089946,Costco,Costco Wholesale,≤100
173470656019870,The Daily Yonder,Great Stories LLC,≤100
102330281223041,Tradewater,"Tradewater, LLC",≤100
108152933883451,TrumpTrendz,Troy Lorenzo Davis,≤100
104834871272622,Naptural Brand,These ads ran without a disclaimer,≤100
112600915451330,No Labels,No Labels,≤100
334748476594191,Rodney Davis,Rodney for Congress,≤100
47710973068,Cooperative Action Network,National Rural Electric Cooperatives Association,≤100
394817334402124,2020 Trump Bill,Innovative Ecomm LLC,≤100
2283535575207809,Ditch Mitch,DITCH FUND,≤100
143986912311328,University of Vermont Continuing and Distance Education,University of Vermont,≤100
114475890010131,Piggy Dollar Financial,Tyler Wayne Hedland,≤100
300992409852,Hoover Institution,Hoover Institution,≤100
112735922758892,Charlie Kirk,Charlie Kirk,≤100
1545826148838592,Trump 2020,Gregory Lawrence Burright,≤100
2012750189007245,Liquid Death Mountain Water,Liquid Death,≤100
1016065898488972,Denny Hoskins,Citizens for Hoskins,≤100
1318579511521882,John Boyd For State Representative,"Boyd For Missouri, Skyler Kee, Treasurer",≤100
104048351207037,Curtis Dobbs for Ozark County Sheriff,Curtis Lloyd Dobbs,≤100
105229281065547,"Committee to elect Tim McCoy, Stoddard County Sheriff",Ginger Nicole Mccoy,≤100
396932197039819,SafeSleeve,"SafeSleeve, LLC",≤100
108173075911611,National Association of Letter Carriers,National Association of Letter Carriers,≤100
160630887998827,Let Them Live,Let Them Live,≤100
106629127527429,Kathy Barnette for Congress PA 04,Kathy Jean Barnette,≤100
131217580266597,National Council on Aging,"NATIONAL COUNCIL ON AGING, INC.",≤100
266153263495652,Macon Electric Cooperative,Macon Electric Cooperative,≤100
111911193780155,Mike Sharp for Sheriff,Citizens for Sharp,≤100
53727956260,Republican Jewish Coalition,Republican Jewish Coalition,≤100
7962229886,Environmental Working Group,ENVIRONMENTAL WORKING GROUP,≤100
246846192720018,War On Our Future,The Years Project,≤100
115286365119,National Pork Board,National Pork Board,≤100
102875587947942,Keep Trump In Office,Keep Trump In Office,≤100
112351917057757,Jessica DeVoto For Missouri,Jessica DeVoto For Missouri,≤100
117058854998779,The Gideons International,"GIDEONS INTERNATIONAL, THE",≤100
194115677277113,A21,A21 with Facebook Ad Credits,≤100
105929991030423,My Freedom Jersey,"My Freedom Jersey, LLP",≤100
551158678560402,Epimonia,Epimonia LLC,≤100
681626158940626,Mission Roll Call,Americas Warrior Partnership,≤100
121626482110,Operation Smile,"OPERATION SMILE, INC.",≤100
300774350436838,topplr,Data Genomix,≤100
178024352559210,Great America PAC,GREAT AMERICA PAC,≤100
21834534343,Volunteers of America,"VOLUNTEERS OF AMERICA, INC.",≤100
345378512258813,Elise Stefanik,ELISE FOR CONGRESS,≤100
745085888843897,Webster Electric Cooperative,Webster Electric,≤100
107289609296509,American Heart Association - Missouri,American Heart Association,≤100
273023971533,Dennis Bonnen,Dennis Bonnen Campaign,≤100
296295018082,AARP en Español,AARP,≤100
121033149320,American Indian College Fund,"AMERICAN INDIAN COLLEGE FUND, THE",≤100
1709145412721991,The Center for Growth and Opportunity at Utah State University,The Center for Growth and Opportunity,≤100
546066468753446,Black Health Matters,BLACK HEALTH MATTERS FOUNDATION INC,≤100
1452551204988299,GoReact,Speakworks Inc,≤100
203330919857759,All On The Line,National Redistricting Action Fund,≤100
697175860743659,Ryan Myers for Missouri,Myers for Missouri,≤100
7100914121,American Experience | PBS,WGBH EDUCATIONAL FOUNDATION,≤100
101689271317819,Gabriel Jones for State Representative,The Committee To Keep Up With Jones,≤100
107234674355454,2bkkstore,Kim Yen Nguyen,≤100
130349903667571,SEIU Local 1,SERVICE EMPLOYEES INTERNATIONAL UNION LOCAL 1,≤100
7219151423,The Fund for American Studies (TFAS),The Fund for American Studies,≤100
122475637000,Georgia Forestry Association,Georgia Forestry Association,≤100
2259323457517498,Abolish the Electoral College,ABOLISH THE ELECTORAL COLLEGE,≤100
1528498354074301,Punching Bag Media - Conservative News,Sean Michael Probber,≤100
100391581727524,Defeat By Tweet,DEFEAT BY TWEET,≤100
100119981671668,Blue Senate,BLUE SENATE PAC,≤100
21647204289,Michigan Education Association,Michigan Education Association,≤100
422202764649078,Rhode Island Department of Education - RIDE,Rhode Island Department of Education,≤100
218020061613734,UBS,UBS Financial Services Inc.,≤100
34521916336,Brent Bozell,MEDIA RESEARCH CENTER,≤100
221401431386940,Pramila Jayapal,PRAMILA FOR CONGRESS,≤100
111970730196550,World War Zero,AMERICAN SECURITY PROJECT,≤100
592347634460462,Partnership for America's Health Care Future,Partnership for America's Health Care Future,≤100
153278754738777,Climate Reality,The Climate Reality Project,≤100
682990071843813,Center for the Study of Liberty,Center for the Study of Liberty,≤100
100736018358105,Vote Alvin Thompson for Livingston County Commissioner,Alvin Roger Thompson,≤100
111654690603599,NUIRC,Nonprofit Unemployment Insurance Relief Coalition (NUIRC),≤100
357275101142388,Everglades-Trust,"EVERGLADES TRUST INC, THE",≤100
162695894106234,Co-ops Vote,National Rural Electric Cooperative Association,≤100
101391906600,Live Action News,Live Action News,≤100
303167829786891,Ed Markey,THE MARKEY COMMITTEE,≤100
253791814655400,Doug Collins,"COLLINS FOR SENATE, INC.",≤100
519590768083165,Abby Finkenauer for Congress,FINKENAUER FOR CONGRESS,≤100
100142840161003,Billy Gene Is Marketing,These ads ran without a disclaimer,≤100
756232037796207,POWER HOME SOLAR,POWER HOME SOLAR,≤100
922580991129339,People's Mojahedin Organization of Iran - MEK IRAN,MEK-Iran (Saeid Saadati),≤100
175797376373,"WaterFurnace Geothermal Heating, Cooling & Hot Water","WATERFURNACE INTERNATIONAL, INC.",≤100
420424547981908,In Search of Liberty,Scott Dennis Welch,≤100
374848446414965,Pollking,Benjamin Aaron Perlman,≤100
195422661040922,Saundra McDowell,Saundra McDowell for Missouri,≤100
104673394565887,Steve Chentnik for Congress,Steven Ray Chentnik,≤100
36872302227,Cory Booker,Cory Booker for Senate,≤100
723136714746586,The Common Ground Project,"The Common Ground Project, Inc",≤100
105455840860559,Eagle Realm,Eagle Realm,≤100
106260147646238,Conklin for Coroner,Conklin for Coroner,≤100
830890360316751,Nick Hanauer,Civic Action,≤100
497081420632330,Dr. Hiral Tipirneni,HIRAL FOR CONGRESS,≤100
322389747774366,Re-elect  Stone County Sheriff Doug Rader,Committee to Re-Elect Doug Rader for Sheriff,≤100
143509339045414,Americans for Peace and Tolerance,"AMERICANS FOR PEACE AND TOLERANCE, INC.",≤100
1439364926329185,Animal Matters,Animal Matters,≤100
181924628560212,SumOfUs,SumOfUs,≤100
41309865723,Democrats.com,DEMOCRATS.COM,≤100
197908256931216,Tim Ryan,TIM RYAN FOR CONGRESS,≤100
113313830408238,Drain The Swamp Collection,Drain The Swamp Collection,≤100
165779706726,Country Music Artist Carl Ray,Carl Ray Williams,≤100
56332452163,AMA Patients Action Network,American Medical Association,≤100
318391375162262,"Our Revolution - St. Joseph, MO","Our Revolution - St. Joseph, MO",≤100
105062461269553,Lifes Choices,These ads ran without a disclaimer,≤100
111884680427086,Ashley Aune for Missouri,Ashley Aune for Missouri,≤100
1708467695859543,Veteran Transition Mission,Sonia Ivelisse Barriera Ayala,≤100
278487153675,Redneck Nation Clothing,Tracie Milliron Gold,≤100
178835922297833,American Clinical Laboratory Association,American Clinical Laboratory Association,≤100
407664862957433,Ammar Campa-Najjar for Congress,AMMAR CAMPA-NAJJAR FOR CONGRESS,≤100
99753625313,Jewish Currents,Jewish Currents,≤100
242679302418244,Denison Forum,Denison Ministries,≤100
200201209253,Latino Community Foundation,Latino Community Foundation,≤100
21492729544,Catholic Relief Services,CATHOLIC RELIEF SERVICES - UNITED STATES CONFERENCE OF CATHOLIC BISHOPS,≤100
333081284065216,Brynne Kennedy for Congress,BRYNNE KENNEDY FOR CONGRESS,≤100
104667417857551,United Association LLC,United Association LLC,≤100
117641114435,First Aid Beauty,First Aid Beauty,≤100
6165653060,AFSCME,AMERICAN FEDERATION OF STATE COUNTY & MUNICIPAL EMPLOYEES,≤100
73528878871,Center for Reproductive Rights,Center for Reproductive Rights,≤100
61288747990,Real Warriors,Real Warriors Campaign,≤100
2295062210811244,Coalition for American Veterans,COALITION FOR AMERICAN VETERANS POLITICAL ACTION COMMITTEE,≤100
101987108248215,Good Home and Body,Edward Ha,≤100
1667892193505378,Hold the House,HOLD THE HOUSE PAC,≤100
100233228182981,Madison Cawthorn for Congress,CAWTHORN FOR NC,≤100
675471506247724,Adair for Congress,ADAIR FOR CONGRESS,≤100
39432041915,Capital Research Center,CAPITAL RESEARCH CENTER INC,≤100
113676922032321,Larry Elder,Salem Media,≤100
331400597547732,A Kids Book About,These ads ran without a disclaimer,≤100
647143218700462,Patriot Armed Defense,Timothy Alan Jett,≤100
100543701730020,Against Hate at FSU,Against Hate at FSU,≤100
749569748480446,Campaign Armor,Michael Stanley Goodart,≤100
1438882392887793,ADF Church Alliance,Alliance Defending Freedom,≤100
174046949421616,Phenomenal Woman Action Campaign,Phenomenal Woman Action Campaign,≤100
629732217415068,Republican Party,Greater Half,≤100
102843424786171,Mary Dunnegan for Jefferson County Assessor,Citizens for Mary Dunnegan 2,≤100
111840500454630,Mark Bartley for State Rep 159,Mark Bartley for State Rep 159,≤100
103929304678916,Voter Action Project,Integrity First Voter Action Project,≤100
785936231584382,Paula Jean Swearengin,Paula Jean for West Virginia,≤100
237477017606,Club for Growth,Club for Growth,≤100
105222917615301,Jen Richardson for Congress,CITIZENS FOR JEN RICHARDSON,≤100
24982445498,ProQuest,PROQUEST LLC,≤100
1682876188698809,United for Respect,United for Respect,≤100
718475924980443,Amsterdam & Partners LLP,Amsterdam & Partners LLP,≤100
102564128179023,Truth to Power,TRUTH TO POWER,≤100
292351509697,Jerusalem Prayer Team,Jerusalem Prayer Team,≤100
100897534631778,Lenzi for Congress,LENZI FOR CONGRESS,≤100
100968598130407,Tax Support Center,Mercedes Lease,≤100
113341064736,American Conservative Union,American Conservative Union,≤100
51405613519,Focus on the Family,Focus on the Family,≤100
360424321432255,Doha Debates,Doha Debates,≤100
455147011996099,The Ann and Phelim Scoop,The Unreported Story Society,≤100
2070944712939738,American Police Officers Alliance,American Police Officers Alliance,≤100
61265398450,AmeriCorps NCCC,Corporation for National and Community Service,≤100
9739634228,The Political Machine,"Hitcents.com, Inc",≤100
720943967965149,AFSCME Retirees,AMERICAN FEDERATION OF STATE COUNTY & MUNICIPAL EMPLOYEES,≤100
114971076538782,The Keystone,Courier Newsroom,≤100
129602743740560,Illinois Family Action,ILLINOIS FAMILY ACTION NFP,≤100
187809941803009,IVYPAC,IVYPAC,≤100
107665644228467,Conservative Journal Review,Conservative Journal Review LLC,≤100
59877921429,Lutheran Immigration and Refugee Service,"LUTHERAN IMMIGRATION AND REFUGEE SERVICE, INC.",≤100
198875903295,Trek Bicycle,TREK BICYCLE CORPORATION,≤100
104861921018217,The Long Con Pod,Paul D Traynor,≤100
104505064408799,Cove USA,"Cove USA, LLC",≤100
587676831343390,Raheem AI,RAHEEM AI,≤100
566008736785269,Be Heard Project,Be Heard Project,≤100
11111618026,Union of Concerned Scientists,"UNION OF CONCERNED SCIENTISTS, INC.",≤100
103131054573692,Crawfordology,Crawfordology,≤100
1852520761657982,4ocean,4ocean,≤100
810122486032496,Jackie Gordon,JACKIE GORDON FOR CONGRESS,≤100
463095630924391,US Business Funding,Credox,≤100
615854911830541,Shore Buddies,Malte Niebelschetz,≤100
107698564046392,Lauren Boebert for Congress,LAUREN BOEBERT FOR CONGRESS,≤100
8225139261,New York Republican State Committee,NEW YORK REPUBLICAN STATE COMMITTEE,≤100
5887538795,Education Week,Education Week,≤100
265045056894488,Mark Meckler,Convention of States Action,≤100
157307331013957,The History List,The History List,≤100
101485404914361,Bad News Wares,Bad News Wares,≤100
572946842722169,Jake LaTurner,KANSANS FOR LATURNER,≤100
108896924042013,Shane Keys,Committee to Elect Keys for Sheriff,≤100
112743960260284,Kansas Senator Mike Thompson,Mike Thompson for Kansas,≤100
109551610742579,Judge Dale Cohen,"Dale Cohen, Non-Partisan, for Circuit Court Judge Group 30",≤100
102389457864860,Treehuggers Bracelets,ECOMX LLC,≤100
9364828262,Citizens Against Government Waste,CITIZENS AGAINST GOVERNMENT WASTE,≤100
19474609238,Mercatus Center at George Mason University,Mercatus Center at George Mason University,≤100
393330191303459,YouGov Signal,YouGov US,≤100
143089732792,Marsha Blackburn,Blackburn Tennessee Victory Fund,≤100
262138411622,Faces of Lawsuit Abuse,US Chamber Institute for Legal Reform,≤100
1654364364841305,Volinsky for New Hampshire,Volinsky for New Hampshire,≤100
290105534341548,Coalition For Life St Louis,Coalition For Life STL,≤100
1084856268238034,Trump Talking,Roberto None Lugo,≤100
108503659576,National Coalition for Public School Options,National Coalition for Public School Options,≤100
1370474066365196,F1RST WARRIOR,First Warrior,≤100
141692255929599,Democratic Socialists of America,DEMOCRATIC SOCIALISTS OF AMERICA INC,≤100
399366360669553,Jamaal Bowman for Congress,Bowman For Congress,≤100
313723095478950,The Daily Citizen,Focus on the Family,≤100
111772843789224,HURD PAC,HAVING UNWAVERING RESOLVE AND DETERMINATION PAC,≤100
151944694884237,"Solidarity Strategies, LLC",Solidarity Strategies,≤100
325578590837480,Obamacare,Sixteen Thirty Fund,≤100
7209432197,Chris Coons,CHRIS COONS FOR DELAWARE,≤100
1747132688647028,Democratic Association of Secretaries of State,Democratic Association of Secretaries of State,≤100
111071730549863,Debt Relief Secrets,Debt Relief Secrets,≤100
108090464296366,Republican Patriots,I Love My Freedom,≤100
124530924015,Hank Gilbert,HANK GILBERT FOR CONGRESS,≤100
466264043563779,Zelly Photography,These ads ran without a disclaimer,≤100
737686089933715,Conservative Collections,Mainline Media Group,≤100
101352851565699,Somos PAC,SOMOS PAC,≤100
113598497082731,Kansas Realtors for Marshall,National Association of REALTORS,≤100
1765073800454902,Reform Austin,Reform Austin Inc.,≤100
108106344055747,Unlock American Investment,The U.S. Chamber of Commerce,≤100
2360189227382185,Elect Eric Harleman for Missouri's 7th Congressional District,Committee to elect Eric Harleman,≤100
55549065733,Voto Latino,Voto Latino with Facebook Ad Credits,≤100
830121337093232,National Democratic Training Committee,NATIONAL DEMOCRATIC TRAINING COMMITTEE PAC,≤100
8936818385,Accuracy in Media,"ACCURACY IN MEDIA, INC",≤100
1402827079932843,Low Income Relief,The Lighthouse Information Network LLC,≤100
112325855474892,Speak Up For Education and Kids,National Education Association,≤100
1389807071117013,Lynn Afendoulis,Lynn Afendoulis for Congress,≤100
18079407397,CPAC 2020,Conservative Political Action Conference,≤100
357750373755,National Domestic Workers Alliance,National Domestic Workers Alliance,≤100
107780284159237,Daniel Zdrodowski,Daniel Zdrodowski for Circuit Attorney,≤100
101331784823473,USA Custom Gifts,These ads ran without a disclaimer,≤100
317667194946264,Ro Khanna,RO FOR CONGRESS INC,≤100
103531607822207,Noticias para Inmigrantes,"Wise Rock Media, PBC",≤100
124626320898336,Catholic Extension,"CATHOLIC CHURCH EXTENSION SOCIETY OF THE UNITED STATES OF AMERICA, THE",≤100
2359674457587796,Trish Gunby,Friends Of Trish Gunby,≤100
780606555331010,American Student Loan Advocate,ASLR Marketing,≤100
123963360928,SiriusXM,SIRIUS XM RADIO INC.,≤100
111473550439226,Brad Daniels for Taney County Sheriff,Brad Daniels For Taney County Sheriff,≤100
100489714905608,Democracy Network,Democracy Network,≤100
100123544800892,Disme Coin Company,Byron Michael Laughlin,≤100
104881317722736,Get-It-Out,Matthew Justin Viles,≤100
101481584557260,Help Asheville Bears-HAB,Heather Christina Williams,≤100
106140571085743,Natalia For Congress,NATALIA LINOS FOR CONGRESS,≤100
111495005590988,Pattern,Pattern Energy,≤100
150720154976207,Protect My Public Media,"APTS Action, Inc.",≤100
1612726335627171,We the Internet TV,We the Internet TV,≤100
839073729808623,Hillary Scholten,SCHOLTEN FOR CONGRESS,≤100
79820371749,Ayanna Pressley,THE COMMITTEE TO ELECT AYANNA PRESSLEY,≤100
350784278974539,Turning Point Action,Turning Point Action,≤100
112058837201547,Black Lives Matter Merch,Black Lives Matter Merch,≤100
1082522201878539,Gina Ortiz Jones for Congress,GINA ORTIZ JONES FOR CONGRESS,≤100
872842866161157,One Nation Design,One Nation Design,≤100
419992651425033,Guardianes del Pueblo-Consumer Law Group,Consumer Law Group,≤100
109678580574253,Politicool Clothing Co.,PolitiCoolClothing.com,≤100
17203056985,Partners In Health,Partners In Health,≤100
309993142375589,Joe Kennedy III,KENNEDY FOR MASSACHUSETTS,≤100
100503184678036,BioLargo Water Inc.,"BioLargo, Inc.",≤100
308159713150350,Voter Protection Project,VOTER PROTECTION PROJECT,≤100
2049170775107862,Resistance By Design,Resistance By Design,≤100
186805048171120,U.S. & Texas LawShield,Texas LawShield,≤100
405469100189512,Still My President - Donald Trump,Red State Politics LLC,≤100
232201568659,Pacific Justice Institute,PACIFIC JUSTICE INSTITUTE,≤100
241247646424302,Jahana Hayes,FRIENDS OF JAHANA HAYES,≤100
657366464703563,James Shackelford for Missouri,The Committee to Elect James Shackelford,≤100
96315553086,Crop Insurance Keeps America Growing,National Crop Insurance Services,≤100
103966331128460,Trump Train 2020 Campaign Tour,The Trump Train,≤100
1733918116873254,BackWoods Mafia,Landon David Turner,≤100
207911769312982,Mosher for Sheriff,Jason Matthew Mosher,≤100
911829795826330,Mark Penn Polls,AIRSNEXT Media,≤100
102970113093477,Church Militant/St. Michael’s Media,Max Aldcander Douglas,≤100
34701792581,EWTN,Eternal Word Television Network,≤100
143021112391265,Jacobin magazine,Jacobin Foundation,≤100
552580508224925,Chan Zuckerberg Initiative,These ads ran without a disclaimer,≤100
156994304362574,American Bridge 21st Century,AB PAC,≤100
213289449057297,THE HILLS BOYS,Oscar Hills,≤100
111278008942618,Wicked Clothes,Wicked Clothes,≤100
2133130356918764,Common Justice,COMMON JUSTICE INC,≤100
114155800273816,Stan Frownfelter for Kansas,Stan for Kansas,≤100
892673067526965,Project War Path,Project War Path,≤100
104516481228439,Peelitical Targets,Pee-Litical Targets,≤100
28144169620,Alliance for Aging Research,Alliance for Aging Research,≤100
104952231285892,Marc Falzon,Marc A Falzon,≤100
408252582872693,Daniella Levine Cava,"Daniella Levine Cava, Non-Partisan, for Miami-Dade County Mayor",≤100
1425435377743310,Conversations with Bill Kristol,The Foundation for Constitutional Government,≤100
154510321337994,Chris Pappas for Congress,CHRIS PAPPAS FOR CONGRESS,≤100
413500232549343,National Vet Help,Illingworth Renner Basin Law Group LLP,≤100
97624620788,American Friends of Magen David Adom,AMERICAN FRIENDS OF MAGEN DAVID ADOM,≤100
131306317680000,Social Goods,"Social Goods, LLC",≤100
95135221781,Federal News Network,Hubbard Radio DC,≤100
142432192446984,David Horowitz Freedom Center,David Horowitz Freedom Center,≤100
1015449978587077,Alliance for Youth Action,The Alliance For Youth Action,≤100
105698674239617,Embed News,Embed News,≤100
156919911022572,Steven Horsford,NEVADANS FOR STEVEN HORSFORD,≤100
130945114804,World Jewish Congress,WORLD JEWISH CONGRESS AMERICAN SECTION INC,≤100
54787697857,Ron Wyden,WYDEN FOR SENATE,≤100
28446275521,Military Officers Association of America (MOAA),Military Officers Association of America,≤100
38882699096,Polaris,POLARIS PROJECT,≤100
1658135304460341,MANG,MANG,≤100
207549645977714,Families Belong Together,Families Belong Together,≤100
106181237668597,Dennis Turner for Coroner,Dennis James De Lonais Turner,≤100
249024947110,WhoWhatWhy,REAL NEWS PROJECT INC,≤100
540707072979860,Brian Maryott,MARYOTT FOR CONGRESS,≤100
336354959779612,White House Gifts,White House Gifts,≤100
1653251174924652,Fuzzu,Fuzzu,≤100
43287633515,Alliance for Climate Education,Alliance for Climate Education,≤100
181871675864385,Micah Rousey for Commissioner,Micah Rousey Commissioner,≤100
13885075114,Action Against Hunger USA,ACTION AGAINST HUNGER - USA,≤100
324119001078997,"Sanford Heisler Sharp, LLP","Sanford Heisler Sharp, LLP",≤100
1397799040234106,OpinionUP,OpinionUP LLC,≤100
113553048669158,Rick Scott,TEAM RICK SCOTT,≤100
102175879855284,Harper Perennial,HARPERCOLLINS PUBLISHERS L.L.C.,≤100
1393911800825140,OZY,OZY Media Inc,≤100
100527118370698,Trump Supporters United,Jae W Seo,≤100
211049239087028,Association of Young Americans,Benjamin J Brown,≤100
113310617054164,Trump Baseball Bats,Trump Baseball Bats,≤100
315151565831,Ascension,Ascension Press,≤100
110913227305662,Scurlock 2020,Steve Verzwyvelt Jr.,≤100
8501031021,VoteVets.org,"VoteVets Action Fund, Inc.",≤100
102499901286348,Bold Vision P.C.,Bold Vision PC,≤100
262589367126101,The Tikvah Fund,TIKVAH FUND,≤100
1640970822834351,Plaine Products,Plaine Products,≤100
732050890524635,Chris Beyer for State Representative,"CITIZENS FOR BEYER, SHANE ENGELHARDT, TREASURER",≤100
102595498024546,MN vs Trump,Alliance for a Better Minnesota Federal PAC,≤100
106114264313679,Hunt The Vote,"Hunter Nation, Inc.",≤100
243362776583569,Air Mail,Air Mail,≤100
1947525322184514,One Fair Wage,One Fair Wage,≤100
167139593306791,ACLU of Michigan,AMERICAN CIVIL LIBERTIES UNION,≤100
105872574403318,Project TAMMI,a research grant at The National Center on Addiction and Substance Abuse (CASA),≤100
808450969246896,"Rebecca Walser, Tax Attorney, CFP",Walser Wealth Management,≤100
113891694102,Energy Citizens,AMERICAN PETROLEUM INSTITUTE,≤100
421486244558294,Ross Spano,ROSS SPANO FOR CONGRESS,≤100
105812994539866,Build Kansas Jobs,Build Kansas Jobs PAC,≤100
158505287559920,Save the Storks,Diane Patricia Ferraro,≤100
304062610300415,VozWire,Gregson E Mathe,≤100
101831013191301,The California Coast,California Coastal Commission Public Education Program,≤100
110316697328742,People of Seniors Housing,People of Seniors Housing,≤100
856086028066485,Persona,"Persona Media, Inc.",≤100
19182454196,Newt Gingrich,"Premiere Marketing, Inc.",≤100
622644971176455,Pravda Media,Jacob Fredrick Pointon,≤100
1621690511405010,Civic Action,Civic Action,≤100
1555039491394668,CM Voter Center,CM Voter Center,≤100
105433064492153,The Return 2020,The Return International,≤100
680549575421741,UnitedVoice.com,"Beachside Media, Inc.",≤100
8002590959,Rainforest Action Network,RAINFOREST ACTION NETWORK,≤100
2085227078444764,Maggie Nurrenbern,"Maggie Nurrenbern for Missouri, Trent Skaggs, Treasurer",≤100
180230069923,American Life League,American Life League,≤100
111941237005726,Just The News,Just the News,≤100
105410567897348,Adopt an Officer,Adopt America LLC,≤100
346937065399354,Occupy Democrats,Omar Rivero,≤100
251044965436699,Changing Dynamics,Riley Thomas Sutton,≤100
102220694701352,Merkel for Missouri,Merkel for Missouri,≤100
176099072429809,Oceana in Florida,OCEANA,≤100
114058190344853,A Woman's Place PAC,A WOMAN'S PLACE PAC,≤100
106896710926653,Women For Justice,Women For Justice PAC,≤100
85620546149,Paul Simon Public Policy Institute,Paul Simon Public Policy Institute,≤100
1192579580831773,Supermajority News,Supermajority,≤100
102506434784451,Solomon for OV Council,Shawn Amadeo Campbell,≤100
101441164563079,Kristiane Bryant for District Attorney,Kristiane Bryant for Wyandotte County District Attorney,≤100
1945237355733646,Giving Brush,Giving Brush LLC,≤100
114885646899438,Mr. 45th,Clush,≤100
210357995667559,The National Memo,The National Memo,≤100
2118624975095038,Stephen Daniel for Congress,STEPHEN DANIEL FOR CONGRESS,≤100
123624513983,The Western Journal,The Western Journal,≤100
598720023670599,Jennifer Carroll Foy,Jennifer Carroll Foy for Governor,≤100
43426724597,Paper Culture,Paper Culture LLC,≤100
747436915270894,Congressional Leadership Fund,CONGRESSIONAL LEADERSHIP FUND,≤100
101834878169465,Debra Nichols for Miller County Public Administrator,Debra Nichols for Miller County Public Administrator,≤100
105283560949571,Trump 2024 Film,2024 LLC,≤100
169440273093442,The Center for Election Science,The Center for Election Science,≤100
110736687376035,The Objective Reporter,Thomas M. Champer,≤100
114646533630729,Yes. Every Kid.,"yes. every kid, Inc.",≤100
17432811417,Working Families Party,Working Families Party,≤100
2336022790003836,Patients + Providers United,Patients and Providers United,≤100
197760674021143,Indivisible Guide,INDIVISIBLE ACTION,≤100
1784991421516214,Seek Refuge,Seek Refuge,≤100
156919701454702,St. Louis Record,The Record,≤100
238008626268343,Israel365,Teach for Israel Inc,≤100
49059279814,Institute for Justice,INSTITUTE FOR JUSTICE,≤100
175916692783043,Joy for Kansas,Joy for Kansas,≤100
95365611084,Grassmuck Realty LLC,Manuel Antonio Rodriguez,≤100
106333028376,"Nichols Kaster, PLLP",Nichols Kaster PLLP,≤100
21455818797,Feed the Children,"FEED THE CHILDREN, INC.",≤100
327202261326682,Stephanie Bice,Bice for Congress,≤100
86293486184,Boone Electric Cooperative,Boone Electric Cooperative,≤100
339432396135584,The Exodus Road,EXODUS ROAD INC,≤100
212009062197107,Higher Heights for America,Aprill Olivia Turner,≤100
106402714456835,Trees 4 Australia,Trees4Australia,≤100
2256321067930356,Liberteeclub,libertyteeshop,≤100
664770743730817,Dan Feehan for Congress,FRIENDS OF DAN FEEHAN,≤100
115757826468774,Statsigo,Statsigo,≤100
112650016883848,Fair and Square,Fair And Square PAC,≤100
101208514791301,Daniel Turner,Power The Future Inc,≤100
97466887664,Innocence Project,"INNOCENCE PROJECT, INC., THE",≤100
227535924071462,Animal Petitions,AnimalPetitions.org,≤100
104243792943104,Saybrook University,TCS Education System,≤100
987698164585861,Citizen Ed,Citizen Education,≤100
105561217523274,The_Dispatch,"Dispatch Media, Inc.",≤100
109866370700481,PushBlack Finance,PushBlack,≤100
1315786555138608,"Sara Walsh, State Representative",Friends of Sara Walsh,≤100
18017481462,Acton Institute,Acton Institute,≤100
197760674021143,Indivisible Guide,Indivisible Project,≤100
110849485902,United Way,United Way Worldwide with Facebook Ad Credits,≤100
116155580078257,Gary Stroud - District 8,Gary Lee Stroud,≤100
399067003454888,Sudan Relief Fund,Sudan Relief Fund Inc,≤100
502320477205654,I’m Bout Making My Ancestors Proud,Heritage Hill LLC,≤100
26006662641,Arizona Democratic Party,Arizona Democratic Party,≤100
101127364972509,Dems For USA,Dems For USA,≤100
12683623041,Society for Human Resource Management (SHRM),SOCIETY FOR HUMAN RESOURCE MANAGEMENT,≤100
13187955196,Young Americans for Liberty,Young Americans for Liberty,≤100
107439427661844,Accountable Tech,Accountable Tech,≤100
240937060405,Center for Science in the Public Interest (CSPI),CENTER FOR SCIENCE IN THE PUBLIC INTEREST,≤100
102413723172970,Nick Adams,Nick Adams,≤100
656263988182462,Bill Hagerty,TEAM HAGERTY,≤100
342006339184405,National Children's Alliance,NATIONAL CHILDRENS ALLIANCE INC,≤100
412739549455010,Karena Reiter,PrimaDonna Reeds,≤100
94047978366,PCCC - BoldProgressives.org,PROGRESSIVE CHANGE CAMPAIGN COMMITTEE,≤100
449053535114688,"Polk County Sheriff's Office, Iowa",Polk County Sheriff's Office,≤100
102846434825096,Beat Abbott,Beat Abbott PAC,≤100
343714718985673,Think Wood,Think Wood,≤100
105331754570572,Presidents Mint,Kevin Ross Santiago,≤100
348973409274904,Velvet Hamster,Velvet Hamster,≤100
91223411833,Medical Teams International,Medical Teams International,≤100
341240953385902,Force Of Nature Meats,Force of Nature,≤100
279846350948,St. Labre Indian School,St. Labre Indian School,≤100
101238804776843,Laura Gramlich,James Robert Hallam,≤100
169204449790211,Conservative News Today,"BizPac Review, Inc.",≤100
136835449678790,Mike Kehoe,Citizens To Elect Mike Kehoe,≤100
216705888361546,Elbert Lee Guillory,ELBERT GUILLORY'S AMERICA,≤100
295533050495998,Abogado de Inmigracion Jorge Rivera - Immigration Group LLC,Michael A Castillo,≤100
145022042990911,MEK Iran,MEK-Iran (Saeid Saadati),≤100
444843026057642,Born From A Wave,Born From A Wave LLC,≤100
246491525549550,Education Post,Education Post,≤100
510680265702016,Crowned Free,Crowned Free,≤100
253176211407506,Mississippi Republican Party,MISSISSIPPI REPUBLICAN PARTY,≤100
110280253735683,Alexandria Ocasio-Cortez Fan Club,Imran M Jemal,≤100
146736258721743,True The Vote,True the Vote,≤100
292018201259366,We Raise Foundation,WE RAISE FOUNDATION,≤100
344346245749372,Shore Trendz,RHW.COM LLC/DBA Shore Trendz,≤100
1399926390134311,Nature's Generator,Huntkey USA Inc,≤100
451389174955443,Haverhill Collection,"Haverhill Leach, Inc",≤100
698400060189827,Dan Sullivan,Alaskans for Sullivan,≤100
113644103666790,America First,TruthLion,≤100
1675319662786649,Clare Gallagher,Protect Our Winters,≤100
525171637666780,Sandy Piña California Delegate,RCR,≤100
300015750070317,"Platte County, Missouri, Republican Central Committee",Tammy Mae Thompson,≤100
124386427623018,PeaceBeWithU,"BN Media, LLC",≤100
399060493533519,The Justice Foundation,JUSTICE FOUNDATION,≤100
103903914570915,Pro2a,Delta Team Marketing,≤100
243510442756370,Justice Democrats,JUSTICE DEMOCRATS PAC,≤100
287388624626915,kSquare IT,Arwa Desai,≤100
135403221037,City Journal,City Journal,≤100
546497545399440,ASEC - African Sisters Education Collaborative,African Sisters Education Collaborative (ASEC),≤100
168876449866088,The Years Project,The Years Project,≤100
1668350569891953,Rainbow Movement,William James Ulrich,≤100
90787162851,CFACT Campus,COLLEGIANS FOR A CONSTRUCTIVE TOMORROW - UPPER MIDWEST,≤100
116724816782696,Founders Right,Modern Millennial LLC,≤100
487569614682924,CAPP USA,Yellow Line Productions LLC,≤100
115589465160388,Scribner Books,Simon and Schuster,≤100
180207826090799,Tiffany D. Cross,HARPERCOLLINS PUBLISHERS L.L.C.,≤100
155443277896065,Dane Eagle,Dane Eagle For Congress,≤100
254574931245780,Health Care Service Corporation,Health Care Service Corporation,≤100
106235321020663,Tom Reed for District 62 State Representative,Thomas M Reed,≤100
1166660030079480,National Democratic Redistricting Committee,National Democratic Redistricting Committee,≤100
108282864070156,1776 Unites,Woodson Center,≤100
64206021703,National Committee to Preserve Social Security and Medicare,NATIONAL COMMITTE TO PRESERVE SOCIAL SECURITY AND MEDICARE,≤100
105953890782784,The Factual,The Factual,≤100
120752310486,Point of View Radio Talk Show,Point of View Ministries Inc,≤100
112000667080350,White House Hats,Stoke Interactive,≤100
1683659714985244,Phil Ehr,EHR FOR CONGRESS,≤100
102665201399226,Current Science Daily,Metric Media LLC,≤100
2476697005733769,Nations' 9th of Av,Nations 9th of Av,≤100
192013990902459,Roy Cooper,Cooper For North Carolina,≤100
302612457071883,Moving It Right,Richard P Ashton,≤100
312657362217994,Women's Heart Alliance,Women's Heart Alliance,≤100
803753543035784,Songs for Good,Songs for Good,≤100
8382221278,HeadCount,HEAD COUNT INC,≤100
100535808394168,Patriots For Freedom,I Love My Freedom,≤100
1229789977123022,Debbie Lesko for Congress,DEBBIE LESKO FOR CONGRESS,≤100
52490448966,StorQuest,"WILLIAM WARREN GROUP, INC., THE",≤100
53541257714,The Arc of the United States,"ARC OF THE UNITED STATES, INC., THE",≤100
112164673854264,Living Patriotically,Living Patriotically,≤100
916908791847627,Prosperity Michigan,Prosperity Michigan,≤100
106016187682335,Free Forever PAC,Free Forever PAC,≤100
449202631932231,Mike Johnson,MIKE JOHNSON FOR LOUISIANA,≤100
10760692978,World Hope International,World Hope International,≤100
1385294418360578,Linda Koop,KOOP FOR TEXAS,≤100
472981489476333,Alan Cohn,COHN FOR CONGRESS 2020,≤100
104679177804089,45 Changes Lives,PKA Karate Academy Inc,≤100
75353945070,Boxed Water Is Better,Boxed Water Is Better,≤100
421177048353664,PetJoy,These ads ran without a disclaimer,≤100
115617711783870,Center for Union Facts,CENTER FOR UNION FACTS,≤100
999695356830090,Bed Threads,These ads ran without a disclaimer,≤100
856208611420219,Christina Finello,FINELLO FOR CONGRESS,≤100
106968690805026,Sima for Texas,SIMA FOR TEXAS,≤100
312569146034029,BlueVote,BlueVote,≤100
1837356789847797,Fulcrum News,David George Seaman,≤100
1167882416608629,AirThreds,These ads ran without a disclaimer,≤100
122360425094991,Nasty Woman Cosmetics,Nasty Woman Cosmetics,≤100
477131125780900,The War Horse,War Horse News,≤100
2462191704005828,Rainey Center,The Joseph Rainey Center for Public Policy,≤100
103642334724435,Rolexydeals,Roland Alexandre,≤100
354329797956187,The Catholic Association,"The Catholic Association, Inc",≤100
117513180002579,John Shallman,These ads ran without a disclaimer,≤100
78420171887,Sailors for the Sea,SAILORS FOR THE SEAINC,≤100
101042758281184,Reading On the Right,Macmillan Publishing,≤100
104051398040027,CCW Online Now_,Amil Esmailpour,≤100
103646064618386,The Judge Show - James Judge,James Patrick Judge Jr.,≤100
109584730766616,Chris Pratt for Judge,THE COMMITTEE OF RESPONSIBLE PERSONS TO ELECT CHRIS PRATT.,≤100
110010433804232,Falkirk Center,Falkirk Center,≤100
7735858972,Humane Society Legislative Fund,Humane Society Legislative Fund,≤100
103322426424621,Jonathan Karl,Jonathan David Karl,≤100
221631014637468,Look Human,"Print Syndicate, Inc.",≤100
169042736456594,All Out,All Out Action Fund.,≤100
108017730935478,Les Lampe for Kansas,"Les Lampe for Kansas, Treasurer Terry Matlack",≤100
130268756992804,Yale Climate Connections,Yale Climate Connections,≤100
105287044367027,ObsessedwithTrump,Donald Lee Rowan,≤100
107428150756519,US Money Daily,USMoneyDaily,≤100
103877744493195,Briit Botanicals,Briit Botanicals,≤100
105718701149499,Youwows Crystal,These ads ran without a disclaimer,≤100
103617578071596,Anti-racism campaign,Anti-Racism Campaign,≤100
466608670177692,Jonathan M. Tallman,Jonathan Tallman For State Representative,≤100
210831325617010,One Mind,4 RESEARCH 1 MIND,≤100
11911627997,Pancreatic Cancer Action Network,"PANCREATIC CANCER ACTION NETWORK, INC.",≤100
61118860589,Broccoli City,These ads ran without a disclaimer,≤100
461530314600399,Common Sense American Politics,Common Sense American Politics,≤100
2047820865526225,Rebecca Holcombe for Vermont,Rebecca Holcombe for Vermont,≤100
2301973173158406,Blerd,Blerd LLC,≤100
106883907479649,HUPAC - Health Underwriters Political Action Committee,NATIONAL ASSOCIATION OF HEALTH UNDERWRITERS PAC (HUPAC),≤100
374876452974178,McShane LLC,McShane LLC,≤100
7361892567,Born Free USA,"BORN FREE USA, UNITED WITH ANIMAL PROTECTION INSTITUTE",≤100
395414573846518,SunFrog Shirts,SunFrog LLC,≤100
279256605891946,CalmEffect,"Balance Marketing Group, LLC",≤100
635850443292528,Nasty Woman Coloring,Nasty Woman Coloring,≤100
1836813953315803,Steve Watkins for Congress,COMMITTEE TO RE-ELECT STEVE WATKINS,≤100
106868314285372,The Finance Kit,DYS Capital LLC,≤100
46587884802,Demos,"DEMOS: A NETWORK FOR IDEAS AND ACTION, LTD.",≤100
211480512872137,Therebelalchemists,These ads ran without a disclaimer,≤100
111947013529488,Mosher2020,Mosher for Pima County Attorney,≤100
1553978148244954,Build With Strength,Build With Strength,≤100
105229062888132,Stop Soldier Suicide,Stop Soldier Suicide,≤100
427302110732180,Mike Cernovich,Michael C Cernovich,≤100
104038541334426,BailoutWatch,Elisabeth Marie Soto,≤100
1023698444330392,The Tylt,The Tylt,≤100
107937014153581,Energized Health,John Jubilee Transformation LLC DBA Energized Health,≤100
1790258774419239,Representative Sharice Davids,Representative Sharice Davids,≤100
108282657586303,Sutterer For Commissioner-2020,Chad James Sutterer,≤100
316498251698370,Adam Gray for Assembly,Gray for Assembly 2020,≤100
111155977283079,My Medication Rights,Pharmaceutical Printed Literature Association,≤100
105943157686335,Trust Michigan Families,TRUST MICHIGAN FAMILIES,≤100
109784800371914,Protect Kids: Fight Flavored E-Cigarettes,TOBACCO-FREE KIDS ACTION FUND,≤100
106245384043438,Tims For Congress,FRIENDS OF DESIREE TIMS,≤100
43821078871,Transport Workers Union (TWU),Transport Workers Union of America,≤100
292811880858773,Ocean Voyages Institute / Project Kaisei,Ocean Voyages Institute,≤100
122150409780,UC San Diego,University of California San Diego,≤100
357844454633380,Dan Whitfield for Senate 2020,DANWHITCONGRESS,≤100
1014291495249813,Politicon,Politicon,≤100
6072343558,Center for American Progress,CENTER FOR AMERICAN PROGRESS,≤100
107695027622436,Classy,Classy,≤100
589913688039969,Michigan Online,University of Michigan,≤100
205621732795876,NARAL Pro-Choice Ohio,NARAL PRO-CHOICE OHIO,≤100
2244225492490975,Tomorrowsummer,These ads ran without a disclaimer,≤100
105157841248307,No Filter Politics,No Filter Politics,≤100
807413476285845,Prism,DAILY KOS EDUCATION FUND,≤100
237788366660686,Tax March,Tax March,≤100
1833879943496521,Spread The Vote,Spread the Vote,≤100
357484764271265,Dustin Stockton,Dustin Alan Stockton,≤100
1807181726160635,Noble Energy,"NOBLE ENERGY, INC.",≤100
1841824626073676,Candace Valenzuela for Congress,CANDACE FOR 24,≤100
32802178807,Homes For Our Troops,Homes For Our Troops,≤100
98008554575,US Embassy Reykjavik Iceland,These ads ran without a disclaimer,≤100
458142697588014,AARP Public Policy Institute,AARP,≤100
359780944896828,American Lodestar,Polaris Media Lab LLC,≤100
103653994359958,Harvard Forward,The Boarding School,≤100
77790954801,Salesian Missions,Salesian Missions,≤100
160513344045084,John Neely Kennedy,"John Kennedy for Us, Inc",≤100
911845658833043,I Am An Immigrant,FWD.us Education Fund,≤100
723113964421686,Justice for Christian Griggs,Dollie Sturdivant Griggs,≤100
10234472029,Council on Foreign Relations,Council on Foreign Relations,≤100
289047457785218,Mira Lehr,News Travels Fast,≤100
582293558518300,Abby Broyles,ABBY BROYLES FOR US SENATE,≤100
109243500822158,The Greater Brand,Benjamin Pendera Ijah,≤100
855163737925784,Tom Cox for State Senate,"Tom Cox for Kansas, Mike Rivera Treasurer",≤100
970043956422239,Jeremy McClymonds Chandler City Council,McClymonds for Chandler,≤100
40912053758,Ohio Republican Party,Ohio Republican Party,≤100
104146011282652,Vote Laura Hine,Vote Laura Hine,≤100
7642602143,Mother Jones,FOUNDATION FOR NATIONAL PROGRESS,≤100
101442908124605,Liberty Surveys,Liberty Surveys,≤100
108906707265489,USA Pooch,"PRESIDENTIAL POOCH, INC",≤100
862176137151809,Ban the Democratic Party,John Michael Mueller,≤100
28510612138,Uncommon Knowledge,Hoover Institution,≤100
103524831374237,Mike Griswold for Kansas,MIKE GRISWOLD CAMPAIGN,≤100
260713150211,Protect Our Winters,Protect Our Winters,≤100
105368190818267,Corky Messner for Senate,MESSNER FOR SENATE,≤100
105023768642,U.S. Chamber Institute for Legal Reform,US Chamber Institute for Legal Reform,≤100
708375056271048,The Christendom Curriculum,The Christendom Curriculum,≤100
101295517956158,Tricia Zunker for Wisconsin,Tricia Zunker for Wisconsin,≤100
373980880018659,Congresswoman Abigail Spanberger,the Office of Rep. Spanberger,≤100
80433353285,Taradel LLC,Taradel,≤100
278355662356517,BallotReady,"BallotReady, Inc",≤100
81372493950,POET,POET,≤100
359434355433,Black Facts Online,These ads ran without a disclaimer,≤100
89324781720,Pat Toomey,Friends of Pat Toomey,≤100
1438808983108348,BOLD PAC,CHC BOLD PAC,≤100
101788601255619,Mark Sidney,Power To The Publisher,≤100
107490557398677,"Sedalia, MO Local - News Break",These ads ran without a disclaimer,≤100
104665041326815,US Concealed From Home,These ads ran without a disclaimer,≤100
27927698033,Texas Freedom Network,Texas Freedom Network,≤100
307943569254319,Florida Rights Restoration Coalition,Florida Rights Restoration Coalition,≤100
106959920878115,The Well Done Foundation,"Well Done Foundation, Inc.",≤100
108495594256618,A Better Miami-Dade,"A Better Miami-Dade, Inc.",≤100
1408321932578614,Andrés Cano,Andrés for Arizona | Authorized by Andrés Cano,≤100
48530203934,The American Alpine Club,"AMERICAN ALPINE CLUB, THE",≤100
127335473965761,Recycle Cartons,"Carton Council of North America, Inc.",≤100
10331123781,Special Olympics,Special Olympics Inc,≤100
693338200702307,Michelle Ugenti-Rita,Ugenti-Rita for Senate,≤100
110257623864359,Cool Mud Flaps,"OHIO LASER, LLC",≤100
442915262409292,Living Life Fearless,LLF,≤100
615854911830541,Shore Buddies,PB 1904 International LLC dba Shore Buddies,≤100
101146091319045,Elcove.green,Elcove,≤100
145902116128546,Rebecca Friedrichs - For Kids & Country,For Kids & Country,≤100
589804548203965,Joe Biden for President 2020 - Unofficial,Bradley John Mancuso,≤100
150322194563,PASA Primates: Pan African Sanctuary Alliance,PAN AFRICAN SANCTUARIES ALLIANCE,≤100
241869749851122,Parents Against Vaping e-cigs,Steven Koester,≤100
802271849850801,Freedom for All Americans,Freedom for All Americans,≤100
103617578071596,Anti-racism campaign,Jason Charles King,≤100
108797534098691,Keep Gifts Great,Adrian Choi Conger,≤100
106007821169039,"Our Children, Our Choice TN","Our Children, Our Choice TN",≤100
101052724914617,Northville Conservatives,Northville Conservatives,≤100
45013872425,The Ripon Society,RIPON SOCIETY,≤100
276131699084792,YWAM Los Angeles,YWAM Los Angeles,≤100
138141366212571,Gravis Marketing,GRAVIS MARKETING INC.,≤100
112488757165613,Blue Line Stockpile,Blueline Stockpile,≤100
467503009987109,"Healthy Forests, Healthy Communities","Healthy Forests, Healthy Communities",≤100
111581113532778,Voter Choice for Massachusetts,Ranked Choice Voting 2020 Committee,≤100
102139218008846,King Nation Apparel,King Nation Apparel,≤100
173837496125511,Conscious Step,Conscious Step,≤100
1764185850558806,Apex Clean Energy,Apex Clean Energy,≤100
300341323465160,The Daily Signal,HERITAGE FOUNDATION (THE),≤100
286084075135455,Support After Abortion,Support After Abortion,≤100
74508408221,Dr. Joanne Bagshaw,"Joanne Bagshaw, PhD, LCPC",≤100
1715262342039208,Texas Gulf Coast Area Labor Federation,"TEXAS GULF COAST AREA LABOR FEDERATION, AFL-CIO",≤100
284946111858895,Debbie Mucarsel-Powell,DEBBIE FOR CONGRESS,≤100
546707688675095,Smart Approaches to Marijuana,SAM Action,≤100
2085460778154235,WhiteHat Jr,These ads ran without a disclaimer,≤100
1448984361857166,Florida Federation for Children PAC,Florida Federation for Children,≤100
105572541209658,Eliseo Santana,"Eliseo Santana, Democrat, for Pinellas County Sheriff",≤100
369214063089791,Lummis for Wyoming,LUMMIS FOR WYOMING INC.,≤100
1518297238457643,Jeremiah Johnson Ministries,Jeremiah Johnson Ministries,≤100
312066286397519,Manning Asylum Law,Manning Asylum Law,≤100
106712811092006,Make Shirts Great Again,David William Samra,≤100
107017171077254,Operation Restore Inc,Shawn A Peterson,≤100
592074077639509,Donald Trump Is Our President,Power To The Publisher,≤100
105430807719885,Thepoliticaldish,ThePoliticalDish.com,≤100
624113997772825,North Dakotans for Comprehensive Energy Solutions,Americans for Comprehensive Energy Solutions,≤100
99196609225,The African American Policy Forum,African American Policy Forum,≤100
195704103779569,Savage Outdoors & The One,Amanda Harris Lee,≤100
127913103970095,C Club of Houston,The "C" Club of Houston,≤100
106658267766206,Abundant Spirit Birth Services,Brya Kimnita Johnson,≤100
2109637279297531,The Bad Seed,Adam Kidron,≤100
101164484986617,To Be Frank Show,Real News PR,≤100
343175436328856,CA Needs Energy Storage,California Alliance for Renewable Energy Solutions,≤100
117468878295521,American-Arab Anti-Discrimination Committee (ADC),Roy Abdo,≤100
160418807408255,TargetSmart,TargetSmart Communications,≤100
113460456730293,Ben Salango,Ben Salango for West Virginia,≤100
2123425971065747,Sora Schools,Indra Putra Sofian,≤100
103203971274743,Vairma/Herrera 2021 - Teamster Power Slate,Vairma 2021 Teamster Power Slate,≤100
100114851639520,Protecting From Distaster,Warden Hong Da Chen,≤100
1291596217648517,Vitality Now,These ads ran without a disclaimer,≤100
545775132233909,The Late Show with Stephen Colbert,These ads ran without a disclaimer,≤100
138492335404,Scott Walker,"Walker Group, LLC",≤100
101078188352772,Proud Patriots With Credit Cards,Cassandra Annette Holland,≤100
133931750060984,Greater Kansas City Women's Political Caucus,Greater Kansas City Women's Political Caucus,≤100
2486612341372516,Robert E Smith for Congress,PATRONS OF ROBERT E SMITH,≤100
232264683462806,"Arc Manor, LLC",ARC MANOR LLC,≤100
112442437191294,National Anti-Racism Teach-In,National Anti-Racism Teach-In,≤100
335372906543111,Lee Constantine For Seminole County Commission,Lee Constantine Campaign for Seminole County Commission,≤100
44224524016,American Kidney Fund,"AMERICAN KIDNEY FUND, INC.",≤100
287754774569171,Americans for Prosperity-Montana,AMERICANS FOR PROSPERITY,≤100
104373526741700,Save Our Air Medical Resources,Save Our Air Medical Resources,≤100
6334782252,Oceana,OCEANA,≤100
58709265392,Americans United for Separation of Church and State,AMERICANS UNITED FOR SEPARATION OF CHURCH & STATE,≤100
657708380952174,Voices of the Civil Rights Movement,Comcast,≤100
108193134061366,Win One Over,WinOneOver LLC,≤100
180815385284363,Organize Florida Education Fund,Florida Institute for Reform and Empowerment Inc DBA Organize Florida Education Fund,≤100
248468095247223,Rastaclat,Rastaclat,≤100
182079698493370,Portside,Portside,≤100
341513602902369,CALL TO ACTIVISM,CALL TO ACTIVISM,≤100
195620754724,Helping Hand USA,HELPING HAND FOR RELIEF AND DEVELOPMENT INC.,≤100
1423020864646652,P.Smith Music,Paul Micah Anthony Smith,≤100
1435071773455316,Daily Wire,The Daily Wire,≤100
505874336155964,Mike Bost,MIKE BOST FOR CONGRESS COMMITTEE,≤100
55023582327,Citizens for the Republic,Citizens for the Republic,≤100
102027764795677,American Wire,The USA Wire,≤100
19463427992,Darrell Issa,DARRELL ISSA FOR CONGRESS,≤100
6333396177,NewsBusters.org,MEDIA RESEARCH CENTER,≤100
1480531258923286,JDoe,Ryan Michael Soscia,≤100
460844281074800,Tiny Trump,Eric D Corriel,≤100
105519714213242,Perry County Conservative Newsletter,Keith Alexander Carroll,≤100
122773549121265,President Trump for Nobel Peace Prize 2020,Tarek None Kteleh,≤100
171516669541491,Bright Hope,BRIGHT HOPE INTERNATIONAL,≤100
165566613453452,ERLC,ETHICS AND RELIGIOUS LIBERTY COMMISSION OF THE SOUTHERN BAPTIST,≤100
1189321434561854,Vote Ranjeev for Rep,Friends of Ranjeev Puri,≤100
106425730874644,Ruby Powell-Dennis for Tennessee,Citizens For Ruby Powell-Dennis,≤100
105125801139360,Harry Mo Greene for Oro Valley,Mo 4 Oro Valley,≤100
111237577031486,AquiPor Technologies,William Powers,≤100
323057528048557,LGBTQ Victory Institute,LGBTQ Victory Institute,≤100
299295363912730,New Politics Leadership Academy,New Politics Leadership Academy,≤100
164513254148611,America's Voice News,Barbara Jean Lawrence,≤100
474680926275770,Quincy Reporter,Local Government Information Services,≤100
24470472733,The Trevor Project,The Trevor Project,≤100
83865976093,Truthout,TRUTHOUT,≤100
147368882623027,Black Futures Lab,Black Futures Lab,≤100
1745418332339003,Aspire Gear,Aspire Gear,≤100
111499100431,National Association for Gun Rights,NATIONAL ASSOCIATION FOR GUN RIGHTS INC,≤100
2128382640533831,Arnold4Judge,"Rhiannon Arnold, Non-Partisan, for Circuit Court Judge",≤100
143173285763,Tenth Amendment Center,Tenth Amendment Center,≤100
110206523984709,Rural Not Stupid,Rural Not Stupid,≤100
102449671140258,Joshua Rydell for State Attorney,"Joshua Rydell, Democrat, for State Attorney",≤100
1695950424027488,Andy Hallinan,Andrew Lawrence Hallinan,≤100
2338979479650120,Genevieve Collins for Congress,COLLINS FOR TEXAS,≤100
111046557292073,Tees by Joe,Joleena Marie Copeland,≤100
1945837408977507,Michael Moates,-MICHAEL STEVEN MOATES,≤100
104684067632334,Unite the Country,UNITE THE COUNTRY,≤100
1443127535947107,Save the Children Action Network,Save the Children Action Network,≤100
222745994575140,Project ChildSafe,"NATIONAL SHOOTING SPORTS FOUNDATION, INC.",≤100
322870825821,Macmillan Audio,"HOLTZBRINCK PUBLISHERS, LLC",≤100
1800072483402009,African Community & Conservation Foundation,African Community & Conservation Foundation,≤100
826460474101920,BitMari,Sinclair Matthew Skinner,≤100
388547605724,Richard Neal,RICHARD E NEAL FOR CONGRESS COMMITTEE,≤100
164966660351345,Hope Outfitters,Hope Outfitters,≤100
2081864865362439,Mike Espy,MIKE ESPY FOR SENATE CAMPAIGN COMMITTEE,≤100
294196590710262,FWD.us,FWD.us,≤100
345946329411380,Petal Soap,Jason Paul Domangue,≤100
1124180797614153,Michele Oberholtzer for District 4 State Representative,Michele Oberholtzer for Michigan,≤100
524821051606971,Young Americans Against Socialism,Young Americans Against Socialism,≤100
663079107222329,Douglas A. Burton,Douglas Alan Burton,≤100
329769232383,Alliance Credit Union,Alliance Credit Union,≤100
46520703030,Fulton County Government,Fulton County Government,≤100
1354622541311687,Dr. Kim Schrier,DR KIM SCHRIER FOR CONGRESS,≤100
100184714677097,Election Year Knockout,Exceptionull Games,≤100
123965317665623,N-Hance Wood Refinishing,N-Hance Inc.,≤100
1156676274461345,Mikie Sherrill,MIKIE SHERRILL FOR CONGRESS,≤100
505653766599222,America First with Dr. Sebastian Gorka,Salem Media,≤100
288881517835621,CEAI Christian Educators Association International,CHRISTIAN EDUCATORS ASSOCIATION INTERNATIONAL,≤100
1507689979455306,American Bail Coalition,American Bail Coalition,≤100
1813012495602677,HALO in Nagorno Karabakh,"HALO TRUST (USA), INC. (THE)",≤100
175403889150682,FindLaw.com,FindLaw Consumer,≤100
23180353833,North Carolina Republican Party,North Carolina Republican Party,≤100
360303722260,Kathleen Williams for Montana,KATHLEEN WILLIAMS FOR MONTANA,≤100
42590232694,CAIR,"CAIR-FOUNDATION, INC.",≤100
832107710207069,Pam Keith FL,Committee to Elect Pam Keith,≤100
427343180625328,Big Tim,Timothy Leon Chandler,≤100
303374266418976,AFPM,American Fuel & Petrochemical Manufacturers,≤100
6502038524,First Book,FIRST BOOK,≤100
26668999076,The Cato Institute,"CATO INSTITUTE, INC.",≤100
291260461373618,News and News,News and News,≤100
107199049318619,Friends of Derek Kilmer,PEOPLE FOR DEREK KILMER,≤100
111012093703552,Rick For Cole County,James Richard Mihalevich,≤100
113335773562471,President Trump For Re-Election,Great American Era,≤100
105474831199070,Stop GOP Gerrymandering,National Democratic Redistricting Committee,≤100
130936757062757,T-Mobile Workers United (TU),"COMMUNICATIONS WORKERS OF AMERICA, AFL-CIO, CLC",≤100
166087830076297,WebPT,WebPT,≤100
205566349882,Se-Ma-No Electric Cooperative,Se-Ma-No Electric Cooperative,≤100
105804624116745,HKDC - Hong Kong Democracy Council US,"Hong Kong Democracy Council, USA",≤100
101665421625320,James A,James Thant Aung,≤100
1642386799323957,Angie Craig,ANGIE CRAIG FOR CONGRESS,≤100
101041998305221,The Proud Republicans,Great American Era LLC,≤100
165014546858456,Free To Choose Network,FREE TO CHOOSE,≤100
549164205222742,Defend Innocence,Defend Innocence,≤100
497348647140658,Point Source Youth,Point Source Youth,≤100
100856721412114,Elen Asatryan,Elen Asatryan for County Central Committee,≤100
2077528499191868,Oh Hey Heather,Heather Wirtz,≤100
1592459800995985,The Center for Medical Progress,These ads ran without a disclaimer,≤100
161879897191723,EarthX,EarthX,≤100
132914570126743,Conservation Voters of South Carolina,Conservation Voters of South Carolina,≤100
1099779163410386,John Barrasso,Friends of John Barrasso,≤100
102729624670835,MinuteStats,Minute Stats,≤100
157022225145063,Dave Stauffer for President,STAUF ENTERPRISES INC,≤100
429651323843750,Verizon Wireless Workers Rising,"COMMUNICATIONS WORKERS OF AMERICA, AFL-CIO, CLC",≤100
101575904595636,Tom Haine for State's Attorney,Friends of Tom Haine,≤100
118144946259472,Marcus Chambers for Superintendent,Marcus D Chambers For Superintendent of Schools Campaign,≤100
128531120636129,IVC Media,Solutions for Change,≤100
422250511163275,REMEDIGAP,Quinn Group LLC,≤100
661744180680367,National Police Association,"NATIONAL POLICE ASSOCIATION, INC.",≤100
100462631547757,Consumer Freedom Project,Gerard Daniel Scimeca,≤100
32582320449,CMMB,CATHOLIC MEDICAL MISSION BOARD INC,≤100
100729641303493,ICount NM,I Count New Mexico,≤100
103935287613121,Noel Collis for Congress,DR. NOEL COLLIS FOR CONGRESS,≤100
2176472882580975,Crusader Outlet,Crusader Marketing,≤100
243947752771440,TJ Cox for Congress,TJ COX FOR CONGRESS,≤100
1653885501501009,Propeller,Propeller Enterprises,≤100
111342716880816,Doinks,"Big Doinks, LLC",≤100
207152169356805,Re-Elect Circuit Judge Alan Apte,"Alan Apte, Non-Partisan, for Circuit Court Judge",≤100
111982742583496,Kairos Traders,YOUTH WITH A MISSION STRATEGIC FRONTIER,≤100
348839551906904,Democracy in Color,POWERPAC DOT ORG,≤100
708246689518193,Luap McKeever for Eastern Commissioner,The Luap McKeever Campaign,≤100
103806957816376,Kat Cammack,KAT FOR CONGRESS,≤100
763491940427547,Roque  "Rocky"  De La Fuente,Rocky 101 LLC,≤100
391872261636792,2020unity,"ForFact LLC, DBA 2020unity",≤100
873550809444862,Mighty Earth,Mighty Earth,≤100
104839580910741,Jimmy McGill,Jimmy Carrol Mcgill,≤100
402969533432277,Cisneros for Congress,CISNEROS FOR CONGRESS,≤100
53541257714,The Arc of the United States,The Arc with Facebook Ad Credits,≤100
205795426669644,Facts and Logic about the Middle East,Facts and Logic About the Middle East,≤100
338361856190688,Nevada GOP,NEVADA REPUBLICAN CENTRAL COMMITTEE,≤100
868405419972384,The Outrage,The Outrage,≤100
110440390375032,"Lindsay Lyons, Educational Consulting",Lindsay Beth Lyons,≤100
114209360263932,On Point with Rachel Tourgeman,Rachel Tourgeman,≤100
162493793737,Rick Green,Richard Arlin Green,≤100
108862184052039,ROMTech,"ROM Technologies, Inc.",≤100
113679093412163,Ed Hunzeker,Ed Hunzeker,≤100
420756238503932,Your American Flag Store,Your American Flag Store,≤100