﻿Page ID,Page Name,Disclaimer,Amount Spent (USD)
153080620724,Donald J. Trump,TRUMP MAKE AMERICA GREAT AGAIN COMMITTEE,6566
6726182861,Mike Pence,TRUMP MAKE AMERICA GREAT AGAIN COMMITTEE,6112
1771156219840594,Team Trump,TRUMP MAKE AMERICA GREAT AGAIN COMMITTEE,2715
202626512363,U.S. Census Bureau,U.S. Census Bureau,2460
110749446963570,Courier,Courier Newsroom,2030
925007000949719,ExxonMobil,Exxon Mobil Corporation,1692
9364828262,Citizens Against Government Waste,COUNCIL FOR CITIZENS AGAINST GOVERNMENT WASTE,1390
7860876103,Joe Biden,BIDEN VICTORY FUND,1390
156968474833352,Stop Republicans,Stop Republicans,1303
20787991568,Senate Democrats,DSCC,1185
108824017345866,Facebook,"Facebook, Inc.",1053
127755494595870,Progressive Takeover,PROGRESSIVE TAKEOVER,942
429812024048177,Doug Jones for Senate,DOUG JONES FOR SENATE COMMITTEE,816
153080620724,Donald J. Trump,"DONALD J. TRUMP FOR PRESIDENT, INC.",786
96935476345,Democratic Governors Association (DGA),Democratic Governors Association,719
1745691098822972,Brad Parscale,TRUMP MAKE AMERICA GREAT AGAIN COMMITTEE,701
105756057589080,The Lincoln Project,The Lincoln Project,677
571182609571332,NextGen America,NEXTGEN CLIMATE ACTION COMMITTEE,624
1235234926651814,51 for 51,51 for 51,613
80562389320,NARAL Pro-Choice America,NARAL Pro-Choice America,607
101691091213750,The Empowerment Alliance,The Empowerment Alliance,589
104856814505092,The Kids Guide,The Kids Guide,582
503216076528757,Breaking Through,Crimson Steep Solano,566
260754507296508,The Voter Participation Center,Voter Participation Center,538
19972147679,SEIU,SEIU COPE (SERVICE EMPLOYEES INTERNATIONAL UNION COMMITTEE ON POLITICAL EDUCATION),532
2330577043935831,Sara Gideon,SARA GIDEON FOR MAINE,527
485980975070908,Abigail Spanberger,SPANBERGER FOR CONGRESS,518
9324910069,NRSC,NRSC,516
697853070421244,Virginia League for Planned Parenthood,Virginia League for Planned Parenthood,504
984519041721234,The Virginia Mercury,Virginia Mercury,500
1929286093813834,Family Friendly Economy Virginia,New Venture Fund,434
665345483483486,NRA - National Rifle Association of America,NATIONAL RIFLE ASSN OF AMERICA,429
57259033959,AARP,AARP,428
791543660926838,"I'll go ahead and keep my guns, Thanks",2A4LIFE LLC,400
102988591071943,Daniel Gade,"GADE FOR VIRGINIA, INC.",386
209516845093,NRDC Action Fund,NRDC Action Fund,368
1449461518652183,4Patriots,4Patriots LLC,344
102671331487937,I Love My Freedom Store,I Love My Freedom,336
1615018905412860,Progressive Turnout Project,PROGRESSIVE TURNOUT PROJECT,312
345504286342057,Keeping America Great Again,RightWingGear.com,308
602714436529710,End Citizens United,END CITIZENS UNITED,307
176789922364429,Steve Daines,STEVE DAINES FOR MONTANA,305
234217233822335,BiteGamingg,These ads ran without a disclaimer,303
260244824449371,Consumers for Quality Care,Consumers for Quality Care,298
328853823844484,Balance of Power,Balance of Power,295
165987503528599,Lindsey Graham,"TEAM GRAHAM, INC.",286
33110852384,Doctors Without Borders/ Médecins Sans Frontières (MSF),Doctors Without Borders/Médecins Sans Frontières (MSF),282
2352630938293825,Mytacticalpromos,Entremax,275
127225910653607,PragerU,PragerU,263
24330467048,Americans for Prosperity,AMERICANS FOR PROSPERITY,262
109092142462587,Adam Schiff,SCHIFF FOR CONGRESS,259
259130650776119,Mitch McConnell,MCCONNELL SENATE COMMITTEE,256
105732744375701,Steve Bullock,MONTANANS FOR BULLOCK,251
328072970642479,Jaime Harrison,JAIME HARRISON FOR US SENATE,246
224143668537493,Better Care America,Better Care America,234
747568658641946,Senator Amanda Chase,Chase for Governor,230
112694470356789,Trumpcare For America,Stuart Joseph Millar,226
18982436812,ACLU,American Civil Liberties Union,223
96935476345,Democratic Governors Association (DGA),DEMOCRATIC ACTION,222
7833534974,Florida Democratic Party,Florida Democratic Party,221
111393882812494,Amy McGrath,"AMY MCGRATH FOR SENATE, INC.",220
173022979932125,Grassroots for Nick Freitas,PROTECT FREEDOM PAC,220
109111900634787,Reverend Raphael Warnock,WARNOCK FOR GEORGIA,215
168051710543266,Lacy Johnson,Lacy Johnson for Congress,212
163148530407080,Captain Mark Kelly,MARK KELLY FOR SENATE,208
7814597100,Jim Jordan for Congress,JIM JORDAN FOR CONGRESS,205
108794587327155,Good Programs 2020,Trevor Dale Seaks,197
132492254050920,American AF,AAF Nation,196
25055115099,Intuit,INTUIT INC.,192
144100551891,Colonial Downs and Rosie's Gaming,"Colonial Downs Group, LLC",192
296708523873754,Karla Dennis and Associates Inc.,"Karla Dennis & Associates, Inc",190
107858693983382,The GOP Shop,The GOP Shop,186
277005566267077,Blueland,Blueland,182
111428049989,Cal Cunningham,CAL FOR NC,179
180060629247353,Elaine Luria for Congress,ELAINE FOR CONGRESS,173
8934429638,Planned Parenthood Action,Planned Parenthood Action Fund,172
16477459734,League of Conservation Voters,"LEAGUE OF CONSERVATION VOTERS, INC",171
23875187730,Feeding America,Feeding America,170
433919203362871,Bird + Stone,BIRD & STONE INC,164
106323360959211,Patriots Republic,Matthew James Stine,164
112974563687584,Robert Kiyosaki - The Rich Dad Poor Dad Letter,Long Form Creative Co.,164
92925746942,Judicial Watch,Judicial Watch,163
2267285956849056,Donald Trump 2020 Fans,I Love My Freedom,161
1883837055193241,Shield Republic,Shield Republic,161
110177119192569,Knightscope,William Li,160
1934191280189700,Health Care Voter,Health Care Voter,152
153678684700451,American Investment Council,AMERICAN INVESTMENT COUNCIL,151
12301006942,Democratic Party,BIDEN VICTORY FUND,149
38235851310,USA for UNHCR,UNITED STATES ASSOCIATION FOR UNHCR,148
107758757670203,BLM Direct,BLM Store LLC,147
309308412520731,Sandy Hook Promise,Sandy Hook Promise,146
114625730266879,Republican Voters Against Trump,Defending Democracy Together,143
46508415624,Scott Taylor,Scott Taylor for Congress 2020,143
167586229923327,World Food Program USA,World Food Program USA,141
359761977474993,New Virginia Majority,New Virginia Majority,140
1750385168625232,John McGuire for Congress,John McGuire for Virginia,139
15239367801,The Wilderness Society,"WILDERNESS SOCIETY, THE",139
203197030603239,8 Billion Trees,8 Billion Trees LLC,135
332716170522025,America First Action,America First Action,133
85452072376,Newsmax,Newsmax Media,133
107100254405758,Groundwork Action,Groundwork Action,128
8914040942,Chesapeake Bay Foundation,"CHESAPEAKE BAY FOUNDATION, INC., THE",128
166166843531258,National Council of Resistance of Iran - شورای ملی مقاومت ایران,MEK-Iran (Saeid Saadati),127
342294162453301,Planned Parenthood,Planned Parenthood Federation of America,127
580610428636345,Fight for $15,Fight for $15,125
101181794707874,United Research Group,United Research Group,119
1025055787535714,A Case for Women,A Case for Women,119
756232037796207,POWER HOME SOLAR,POWER HOME SOLAR,118
6041057841,The Humane Society of the United States,"HUMANE SOCIETY OF THE UNITED STATES, THE",118
359477377917,American Federation for Children,American Federation for Children,117
172758932738142,PhRMA,PHARMACEUTICAL RESEARCH AND MANUFACTURERS OF AMERICA,116
586751814690068,Joni Ernst,Joni for Iowa,115
560140464159364,Stand for the 2nd Amendment,SFT2 Tactical Supply,115
38932542633,Rep. Rob Wittman,Rep. Rob Wittman,113
178835922297833,American Clinical Laboratory Association,American Clinical Laboratory Association,112
5633824547,FreedomWorks,"FREEDOMWORKS, INC.",111
196382377057315,Learn Our History,Learn Our History,111
308353252483,Kristi Noem,Kristi for Governor,108
25852730092,Care2,Care2 Inc,107
6820348410,Kirsten Gillibrand,Off the Sidelines,103
278490715553293,Martha McSally,MCSALLY FOR SENATE INC,102
1400927463555875,Imperfect Foods,Imperfect Produce,102
117856828270138,Virginia Society for Human Life,VIRGINIA SOCIETY FOR HUMAN LIFE,≤100
834645469890446,Devin Nunes,DEVIN NUNES CAMPAIGN COMMITTEE,≤100
159964696102,Kevin McCarthy,KEVIN MCCARTHY FOR CONGRESS,≤100
8047221596,Save the Children US,"SAVE THE CHILDREN FEDERATION, INC.",≤100
106244251043808,Reuse Plastics,"AMERICAN CHEMISTRY COUNCIL, INC.",≤100
1061240530648502,Joe Collins,JOE COLLINS FOR CONGRESS,≤100
1109093812491437,Blaze Media,Blaze Media LLC,≤100
228132537208218,Tammy Duckworth,TAMMY FOR ILLINOIS,≤100
17911165812,Covenant House International,Covenant House,≤100
18813753280,Human Rights Campaign,"HUMAN RIGHTS CAMPAIGN, INC.",≤100
73970658023,International Rescue Committee,International Rescue Committee,≤100
260333853778,Mary Washington Healthcare,Mary Washington Healthcare,≤100
139441926128681,New Saint Andrews College,New Saint Andrews College,≤100
330641537286442,Virginia Constitutional Conservatives,Virginia Constitutional Conservatives,≤100
6072343558,Center for American Progress,CENTER FOR AMERICAN PROGRESS,≤100
30139072158,CARE,CARE,≤100
110974960642149,Proudly American,Grant Alan Johnston,≤100
169124877249,AARP Virginia,AARP,≤100
114710126648118,Republican Dogs,Republican Dogs,≤100
8325302025,Friends of the Earth U.S.,Friends of the Earth,≤100
102734125953,Rob Wittman,ROB WITTMAN FOR CONGRESS,≤100
1600352356914768,PushBlack,PushBlack,≤100
2353537341582545,Proud Patriots,Proud Patriots,≤100
103597604713894,Team Trump Store,TRUMP MAKE AMERICA GREAT AGAIN COMMITTEE,≤100
92021268117,Working America,Working America,≤100
265268336865693,Do Amore,Do Amore Limited Company,≤100
100137754724934,Trump 2020 Supporters,Proud Right Winger,≤100
2078647579047586,Project Pulso,Project Pulso,≤100
19972147679,SEIU,SEIU,≤100
237788366660686,Tax March,Tax March,≤100
213792049451918,Stand For America,Stand For America Inc,≤100
15687409793,World Wildlife Fund,World Wildlife Fund,≤100
7292655492,MoveOn,MOVEON.ORG POLITICAL ACTION,≤100
100256754899828,Patriot's Cave,Patriots Cave,≤100
27311599342,Preemptive Love,Preemptive Love Coalition,≤100
228754857151053,House Majority PAC,House Majority PAC,≤100
309798029121030,Everytown for Gun Safety,Everytown for Gun Safety Action Fund Inc,≤100
355316521236121,John Cornyn,TEXANS FOR SENATOR JOHN CORNYN INC.,≤100
113891694102,Energy Citizens,AMERICAN PETROLEUM INSTITUTE,≤100
1510195469195557,Banister Nissan of Norfolk,Banister Nissan of Norfolk,≤100
2264090133834042,Invite Research,Precision Network,≤100
101230124865947,Virginia Rising Action,Virginia Rising Action,≤100
113423083767342,Secure VA PAC,Secure Virginia PAC,≤100
137569740231452,Respect The Look,Respect The Look,≤100
1336293769761923,Jon Ossoff,JON OSSOFF FOR SENATE,≤100
1194865807192273,Conservative Gear,Outergoods LLC,≤100
461204744067686,Family Protection Association,Family Protection Association,≤100
106487520883333,Cardinal & Pine,Courier Newsroom,≤100
794490553914304,Dr. Nina Ansary,"Revela Press, LLC",≤100
1374134752633656,New Health Plans,Shop Insurance Plans,≤100
154179487951400,Banister Nissan of Chesapeake,Banister Nissan of Chesapeake,≤100
183792172090826,Northern Virginia Clean Water Partners,Northern Virginia Regional Commission,≤100
305832706292882,American Gun Association,GunAssociation.org,≤100
106645684412573,Cover Air Medical,Cover Air Medical,≤100
45393753416,Alliance Defending Freedom,Alliance Defending Freedom,≤100
111499100431,National Association for Gun Rights,National Association for Gun Rights PAC,≤100
5435784683,Greenpeace USA,"GREENPEACE, INC.",≤100
87186661244,Johns Hopkins Bloomberg School of Public Health,Johns Hopkins Bloomberg School of Public Health,≤100
101210588150219,Boy Scouts Abuse Claims,X Social Media LLC,≤100
193618220508,LIFE Today,LIFE Outreach International,≤100
257019421075897,Cory Gardner,Cory Gardner for Senate,≤100
8321461609,MomsRising.org,MomsRising Together,≤100
628891490457484,Nancy Mace,Nancy Mace for Congress,≤100
717115395103069,PrintedKicks,Printed Kicks,≤100
107589387517253,Justin Griffin for Mayor,Justin Griffin for Mayor,≤100
18079407397,CPAC 2020,Conservative Political Action Conference,≤100
101690998009007,Improving Life Through Health,Nicolette Dalan,≤100
105566671190013,What We All Need,Patrick Le Tran,≤100
605168822998856,314 Action,314 ACTION FUND,≤100
32682889528,U.S. Chamber of Commerce,The U.S. Chamber of Commerce,≤100
1596222377299045,Lidl US,These ads ran without a disclaimer,≤100
6231686654,Compassion International,"COMPASSION INTERNATIONAL, INCORPORATED",≤100
104504438466,Federal Voting Assistance Program - FVAP,Federal Voting Assistance Program,≤100
21375324480,The Heritage Foundation,HERITAGE FOUNDATION (THE),≤100
114501575391943,Compare Medicare Quotes,Benepath,≤100
107398241021186,The John Lewis Bridge Project,John Lewis Bridge Project,≤100
1836138529938551,Greater Half,Greater Half,≤100
115379705206001,U.S. Department of Homeland Security Blue Campaign,DHS Blue Campaign,≤100
530604487365010,Old Glory Flagpole Kits,Service First,≤100
112431050497386,Patriotism For Life,Vivian Lam Nguyen,≤100
126694924050678,Xavier Becerra,Becerra for Attorney General 2022,≤100
373814729643508,Let America Vote,LET AMERICA VOTE PAC,≤100
157402764294444,"Union Mission Ministries, Norfolk","UNION MISSION INC, THE",≤100
107654924064350,Pat Timmons-Goodson,PATRICIA TIMMONS-GOODSON FOR CONGRESS,≤100
259212814698356,Democratic Majority for Israel,Democratic Majority for Israel,≤100
2185993931653388,The Recount,"Recount Media, Inc",≤100
151525932186806,When Democrats Turn Out,WHEN DEMOCRATS TURN OUT PAC,≤100
102747281355975,This Is Our Democracy,Julia Carol Peter,≤100
191975737491988,Jennifer Wexton,WEXTON FOR CONGRESS,≤100
105577974544303,The USA Needs More Patriots,AmeriPolling,≤100
1316372698453411,Alexandria Ocasio-Cortez,Alexandria Ocasio-Cortez for Congress,≤100
105084617912738,PatriotQuizzes,patriotquizzes.com,≤100
100101018155207,Paid Leave for All,Paid Leave for All a project of Hopewell Fund,≤100
1228396643984955,Michelle Steel,Michelle Steel for Congress,≤100
158791100909689,Concerned Veterans for America,Concerned Veterans for America,≤100
118502801658228,Young Kim,Young Kim for Congress,≤100
7976226799,The Daily Show,Comedy Central,≤100
533987556776948,Campaign for Sustainable Rx Pricing,Campaign for Sustainable Rx Pricing,≤100
199826043375900,Larry Hogan,An America United,≤100
35169196082,Project HOPE,"PROJECT HOPE-THE PEOPLE-TO-PEOPLE HEALTH FOUNDATION, INC.",≤100
19342050934,Leadership Institute,LEADERSHIP INSTITUTE INC,≤100
81372493950,POET,"POET, LLC",≤100
245284549333866,ASMDSS,ASMDSS,≤100
166618413413767,Jay Sekulow,American Center for Law and Justice,≤100
8532248414,Wounded Warrior Project,"WOUNDED WARRIOR PROJECT, INC.",≤100
87777747127,Greg Palast,Palast Investigative Fund,≤100
104296287939358,"Let's Win, Virginia","Let's Win, Virginia",≤100
1764185850558806,Apex Clean Energy,Apex Clean Energy,≤100
110018833813683,Flip the Senate,SMP,≤100
154753361224926,CASA in Action,CASA in Action Inc,≤100
27544763621,Prison Fellowship,Prison Fellowship,≤100
342887442508723,Convention of States,Convention of States Action,≤100
6820348410,Kirsten Gillibrand,Gillibrand for Senate,≤100
1079789672084038,SimonBooks,Simon & Schuster,≤100
465483726908192,iVote,IVote Civic Education Fund,≤100
1010143499143169,Medicare Savings,"Mayo Labs, LLC",≤100
21559454473,FAIR,FEDERATION FOR AMERICAN IMMIGRATION REFORM,≤100
1556932204325823,ProgressPop,ProgressPop,≤100
192015461630968,Supporting Our Brave Veterans,James Brian Plouf,≤100
72186095846,Center For American Progress Action Fund,Center for American Progress Action Fund,≤100
206677396413254,Abortion On Our Own Terms,Abortion On Our Own Terms,≤100
788394134539871,USPS Business,United States Postal Service,≤100
85273022315,NAMI,NAMI,≤100
327837911149503,2A4Life,2A4LIFE LLC,≤100
971668776283950,PolicyEd,Hoover Institution,≤100
2225580284361712,Tommy Tuberville,"TUBERVILLE FOR SENATE, INC.",≤100
100757504960070,Concealed_Country,Concealed Country,≤100
101459098271864,Vets United,Korie Lynn Padgett,≤100
894096170667732,Ashley Hinson,Ashley Hinson For Congress,≤100
383677738397139,Association for Accessible Medicines,Association for Accessible Medicines,≤100
6204742571,Sierra Club,SIERRA CLUB,≤100
303061950155375,John James,"JOHN JAMES FOR SENATE, INC.",≤100
1917715138510680,Follow Your Legend,Legend Bracelet,≤100
105829564471772,Patriots Stand Together,Trizzie Truong,≤100
106858164427326,Bill Wiley for House of Delegates,Wiley For Delegate,≤100
12301006942,Democratic Party,DNC SERVICES CORP./DEM. NAT'L COMMITTEE,≤100
104934207736995,Paycheck to Paycheck,Center for American Progress Action Fund,≤100
934438026690635,YouGov,YOUGOV AMERICA INC.,≤100
598924810530984,Keeping America Great,FamTeeWorld,≤100
107150077720746,American Collectibles,Christopher Walter Adams,≤100
105577974544303,The USA Needs More Patriots,Anthony Alexander Morales,≤100
139599847972,National Nurses United,National Nurses United,≤100
6236054211,Brady,Brady Campaign to Prevent Gun Violence,≤100
233761700107851,The Alliance for Solar Choice,The Alliance for Solar Choice,≤100
419237048158257,Susan Collins,COLLINS FOR SENATOR,≤100
23996308754,Senate Conservatives,SENATE CONSERVATIVES FUND,≤100
195530355493,Chicks On The Right,Chicks on the Right,≤100
18709174006,National Audubon Society,"NATIONAL AUDUBON SOCIETY, INC.",≤100
977704775606273,Balls Deep Tackle,Balls Deep Tackle,≤100
468906559794011,LaunchGood,LaunchGood Inc.,≤100
142665849854371,House Freedom,HOUSE FREEDOM FUND,≤100
236536540021484,Clean Power Virginia,Resource Media,≤100
251177135604898,"Main Street Law Firm, PLLC","Main Street Law Firm, PLLC",≤100
524700097675926,Virginia Hospital & Healthcare Association,Virginia Hospital & Healthcare Association,≤100
1467725903304588,EZ Insure,Benepath,≤100
2309566456030859,Human Coalition Action,Human Coalition Action,≤100
171651620209487,Brady PAC,Brady Pac,≤100
329284771298646,Issue One Action,Issue One Action,≤100
46093654473,National Republican Congressional Committee,NRCC,≤100
493811210669780,Creative Action Network,Creative Action Network,≤100
215968684159,AFT - American Federation of Teachers,American Federation of Teachers,≤100
530604487365010,Old Glory Flagpole Kits,Service First Flag Poles,≤100
103185334702225,Stop Trump PAC,STOP 45 PAC,≤100
38471053686,Elizabeth Warren,"WARREN DEMOCRATS, INC.",≤100
202626512363,U.S. Census Bureau,These ads ran without a disclaimer,≤100
1690071827911682,Cleancult,cleancult,≤100
1204754733024419,People's Power Grab,ACRONYM,≤100
313097997669,StreetLightUSA,StreetLightUSA,≤100
598720023670599,Jennifer Carroll Foy,Jennifer Carroll Foy for Governor,≤100
1925751504337881,MJ Hegar,MJ FOR TEXAS,≤100
101279451606075,Democratic Strategy Institute,Democratic Strategy Institute,≤100
20876805343,March of Dimes,MARCH OF DIMES INC.,≤100
1055873511190792,Hello Resistance,Hello Resistance Apparel,≤100
655065784538368,PredictIt,"PredictIt - Prediction Markets. A project of Victoria University of Wellington, PredictIt has been established to facilitate research into the way markets forecast events.",≤100
203550842430,Mike Lee,FRIENDS OF MIKE LEE INC,≤100
105010030848236,Bryant Cameron Webb,DR. CAMERON WEBB FOR CONGRESS,≤100
59512067962,Housing Opportunities Made Equal of Virginia (HOME),"HOUSING OPPORTUNITIES MADE EQUAL OF VIRGINIA, INC",≤100
1456310534453054,Veteran Loans Online,"LMB OpCo, LLC",≤100
105060269781,Premiere Collectibles,"Premiere Marketing, Inc.",≤100
103531607822207,Noticias para Inmigrantes,"Wise Rock Media, PBC",≤100
169710960125365,Curzio Research,Curzio Research Inc.,≤100
110746996993983,The 'Gander Newsroom,Courier Newsroom,≤100
408613059501889,Hala Ayala,Hala for Virginia,≤100
69039563201,Open Doors USA,"OPEN DOORS WITH BROTHER ANDREW, INC.",≤100
51379424899,Mercy Ships,MERCY SHIPS INTERNATIONAL,≤100
111617203899736,Newkirk for Shenandoah Valley Electric Co-op Board of Directors,Newkirk for SVEC,≤100
113666459994300,Big Dan Rodimer for Congress,RODIMER FOR CONGRESS,≤100
118303441570966,Home Ownership Matters,NATIONAL ASSOCIATION OF REALTORS,≤100
106224464107240,Jo Jorgensen,Jo Jorgensen for President,≤100
592707041080920,Stand Together,Stand Together Chamber of Commerce Inc.,≤100
1530883997194411,United States Constitution,Flag and Cross,≤100
225365068311,Virginia House Republicans,House Republican Campaign Committee,≤100
101591551371555,Fire Mitch. Save America.,SAVE AMERICA FUND,≤100
130467958471,Jason Lewis,Jason Lewis for Senate,≤100
259212814698356,Democratic Majority for Israel,DMFI PAC,≤100
248449778540113,Banco de Alimentos Diakonía,These ads ran without a disclaimer,≤100
1829829067339151,Isaiah Knight,Knight for Delegate,≤100
101459098271864,Vets United,Jae W Seo,≤100
8550121410,Free Speech America Project,MEDIA RESEARCH CENTER,≤100
376776419037747,Turning Point USA,Turning Point USA,≤100
69983322463,Ted Cruz,TED CRUZ FOR SENATE,≤100
15041226930,Oxfam,"OXFAM AMERICA, INC.",≤100
491362440908122,The Beer Institute,BEER INSTITUTE,≤100
103235554648484,Elect Scientists,314 ACTION FUND,≤100
108165994003870,Jimmy Frost for Republican Party of Virginia Beach Chairman,Jimmy Haskel Cohen,≤100
105060677844787,Bill Savings,Bill Savings,≤100
129255907131113,NumbersUSA,NUMBERSUSA EDUCATION AND RESEARCH FOUNDATION,≤100
205395906412,UAW International Union,"INTERNATIONAL UNION, UNITED AUTOMOBILE, AEROSPACE AND AGRICULTURAL IMPLEMENT WORKERS OF AM",≤100
305894606423160,ParentsTogether,ParentsTogether,≤100
23790541544,Democrats,DCCC,≤100
601108943431836,The Flip Side,TFS Inc,≤100
215830238462422,The LIBRE Initiative,The Libre Initiative,≤100
159597424207730,David Perdue,PERDUE FOR SENATE,≤100
223008867858902,American Action News,American Action News,≤100
113012530241783,Fund Our Schools Va,"COMMONWEALTH INSTITUTE FOR FISCAL ANALYSIS, THE",≤100
1526736227567131,TrueCoverage,True Coverage,≤100
111506250582498,Keeping Our Homes Safe,Steve San,≤100
596556607135301,The Earthling Co.,The Earthling Co.,≤100
102592959026,Ocean Conservancy,"OCEAN CONSERVANCY, INC.",≤100
104373526741700,Save Our Air Medical Resources,Save Our Air Medical Resources,≤100
953113491536337,Black to the Future Action Fund,Black to the Future Action Fund,≤100
302182941354,AARP Advocates,AARP,≤100
113373050390772,Our Water Our Rights,Our Water Our Rights,≤100
115364585711,Lawyers' Committee for Civil Rights Under Law,Lawyers' Committee for Civil Rights Under the Law with Facebook Ad Credits,≤100
49651563727,Live Action,Live Action,≤100
149081336362,AmeriCorps VISTA,Corporation for National and Community Service,≤100
72931140459,Center for Biological Diversity,"CENTER FOR BIOLOGICAL DIVERSITY, INC.",≤100
780941275347834,Ilhan Omar,ILHAN FOR CONGRESS,≤100
152264148166020,Moms Clean Air Force,Moms Clean Air Force,≤100
101662321369876,WGL Energy,WGL Energy,≤100
163302087408673,Stop The Donald,Stop the Donald,≤100
107150077720746,American Collectibles,Proud Patriots,≤100
5720973755,Defenders of Wildlife,DEFENDERS OF WILDLIFE,≤100
1628679613829742,Josh Hicks,Josh Hicks for Congress,≤100
107589664099282,Stand Up To China,"Stand Up To China, Inc.",≤100
105456291242733,Cooper Hefner For California,Cooper Hefner For California 2022 Exploratory Campaign,≤100
907919839243616,My Faith Votes,My Faith Votes,≤100
2339203789732156,Kim Mangone for Congress,COMMITTEE TO ELECT KIM MANGONE FOR CONGRESS,≤100
1799282383731277,TwoSeventy,Alexander Jared Deutsch,≤100
107953199261156,ifaw,"INTERNATIONAL FUND FOR ANIMAL WELFARE, INC.",≤100
249455845761285,Lindsey Must Go,LMG PAC,≤100
7962229886,Environmental Working Group,ENVIRONMENTAL WORKING GROUP,≤100
282328882639479,Quibi,These ads ran without a disclaimer,≤100
1234251319933440,Exclusive Apparel,The Dude's Threads,≤100
246846192720018,War On Our Future,The Years Project,≤100
373980880018659,Congresswoman Abigail Spanberger,the Office of Rep. Spanberger,≤100
102617961152741,Barbara Bollier,BOLLIER FOR KANSAS,≤100
104051398040027,CCW Online Now_,Concealed Country,≤100
83290028957,Care Net,CARE NET,≤100
1679521432262834,Physicians Grassroots Network,American Medical Association,≤100
100637888239523,Free Reign For All,Kin Ngai Yeung,≤100
334748476594191,Rodney Davis,Rodney for Congress,≤100
108777231824,Manhattan Institute for Policy Research,MANHATTAN INSTITUTE FOR POLICY RESEARCH INC,≤100
248181906078243,National Institute for Civil Discourse,CommonSense American,≤100
745910525468062,National Center on Sexual Exploitation,National Center on Sexual Exploitation,≤100
21834534343,Volunteers of America,"VOLUNTEERS OF AMERICA, INC.",≤100
108118933908193,Next Level Goods,Next Level Goods LLC,≤100
101136147910784,Represent Justice,Represent Justice,≤100
73528878871,Center for Reproductive Rights,Center for Reproductive Rights,≤100
420785874975425,Conservative Institute,The Conservative Institute,≤100
775525186130124,Center for a Free Economy,Center for a Free Economy,≤100
7292655492,MoveOn,MOVEON.ORG CIVIC ACTION,≤100
113702026736466,National Parks Action Fund,National Parks Action Fund,≤100
911828698840246,ReLEntless Defender Apparel,ReLEntless Defender Apparel,≤100
219224241438635,Compassion & Choices,COMPASSION & CHOICES,≤100
83582488650,askhrgreen.org,askHRgreen,≤100
42872222699,Dana Loesch,Dana Loesch Radio,≤100
183517831660100,Morning Consult,Morning Consult LLC,≤100
546066468753446,Black Health Matters,BLACK HEALTH MATTERS FOUNDATION INC,≤100
143986912311328,University of Vermont Continuing and Distance Education,University of Vermont,≤100
30914589895,The International Fellowship of Christians and Jews,"INTERNATIONAL FELLOWSHIP OF CHRISTIANS & JEWS, INC.",≤100
8934429638,Planned Parenthood Action,Planned Parenthood Votes,≤100
13063797831,Ben Ray Luján,PEOPLE FOR BEN,≤100
143729616392084,Van Drew for Congress,Van Drew for Congress,≤100
31966561030,National Taxpayers Union,National Taxpayers Union,≤100
248306181862385,Live Lokai,Denise L Reina,≤100
185740015159478,340B Matters,340B Matters,≤100
215199482635728,Alek Skarlatos,ALEK FOR OREGON,≤100
280965405706900,Page County Indivisible,Page County Indivisible,≤100
56332452163,AMA Patients Action Network,American Medical Association,≤100
100543701730020,Against Hate at FSU,Against Hate at FSU,≤100
226345187916007,Mayor Bobby Dyer,The Dyer Difference,≤100
181183059253295,Dorsal Bracelets,Dorsal Bracelets,≤100
103038304682812,SPOWER Virginia,sPower Virginia,≤100
7219151423,The Fund for American Studies (TFAS),The Fund for American Studies,≤100
10150100007820094,Wendy Davis,WENDY DAVIS FOR CONGRESS,≤100
58401218435,National Pork Producers Council,National Pork Producers Council,≤100
169130743498585,Tactical Pro Supply,Chad Keller,≤100
116712675081896,Audrey Clement For A Greener Arlington,Committee to Elect Audrey Clement,≤100
1632866270065962,Jewish Democratic Council of America,Jewish Democratic Council of America,≤100
296295018082,AARP en Español,AARP,≤100
109360297266116,Fearless Patriot,TERESA NONE OHARA-MARSH,≤100
1338822066131069,Women's March,Women's March,≤100
212073918820988,LGBT Life Center,LGBT Life Center,≤100
1721467687891795,Partnership for Conservation,Partnership for Conservation,≤100
50982313030,Food & Water Watch,Food & Water Watch,≤100
109504242401933,Morgan Griffith for Congress,MORGAN GRIFFITH FOR CONGRESS,≤100
300992409852,Hoover Institution,Hoover Institution,≤100
112906070248706,Dante' Walston for Portsmouth City Council 2020,Dante' Walston for Portsmouth City Council,≤100
7263476274,Mercy Corps,Mercy Corps,≤100
10498053716,Media Research Center,MEDIA RESEARCH CENTER,≤100
979720542211350,Humanize Being Black,Keyshun Quantarious Holmes,≤100
134452023239984,Human Coalition,Human Coalition,≤100
104459147798630,Tracey Mclean For Mayor,Lean On Mclean,≤100
29770886815,Marijuana Policy Project,Marijuana Policy Project,≤100
683872625157265,Theresa Greenfield,THERESA GREENFIELD FOR IOWA,≤100
219247332354785,Phil Arballo for Congress,ARBALLO FOR CONGRESS,≤100
950837325113887,Life Money Stuff,Life Money Stuff,≤100
17432811417,Working Families Party,Working Families Party National Independent Expenditure Committee,≤100
496696933682736,Jeff Merkley,JEFF MERKLEY FOR OREGON,≤100
746938465317981,Nuclear Matters,Nuclear Matters,≤100
592347634460462,Partnership for America's Health Care Future,Partnership for America's Health Care Future,≤100
109259090549237,Yes on National Popular Vote,Yes on National Popular Vote,≤100
100801338115610,Leon Benjamin,"FRIENDS OF LEON BENJAMIN, INC.",≤100
2263108893911990,PLUS Communications,PLUS Communicationis,≤100
2011677365822396,Ground News,Snapwise Inc.,≤100
436287566440567,Delegate Dave LaRock,Dave LaRock for Delegate,≤100
192771954102960,Jordan Sekulow,American Center for Law and Justice,≤100
593289284500311,Trump Rack,BOXD Marketing,≤100
135298176481584,Marine Corps Scholarship Foundation,Marine Corps Scholarship Foundation,≤100
303167829786891,Ed Markey,THE MARKEY COMMITTEE,≤100
99237926163,Virginia Interfaith Center for Public Policy,VIRGINIA INTERFAITH CENTER FOR PUBLIC POLICY,≤100
133845049915,American Highway Users Alliance,American Highway Users Alliance,≤100
176466646087311,DC Fawcett,Donald Chappell Fawcett,≤100
281844617168,Jewish Voice Ministries International,JEWISH VOICE MINISTRIES INTERNATIONAL,≤100
107210084216238,Humanity Forward,Humanity Forward,≤100
114971076538782,The Keystone,Courier Newsroom,≤100
140011986037476,Alexandria GOP,ALEXANDRIA REPUBLICAN CITY COMMITTEE,≤100
186932688457686,CHNGE,CHNGE,≤100
104834871272622,Naptural Brand,These ads ran without a disclaimer,≤100
656263988182462,Bill Hagerty,TEAM HAGERTY,≤100
44340057816,Uncommon Goods,UncommonGoods,≤100
106244467793993,National Senior Solutions,Michael Jon Baker Jr,≤100
175797376373,"WaterFurnace Geothermal Heating, Cooling & Hot Water","WATERFURNACE INTERNATIONAL, INC.",≤100
122475637000,Georgia Forestry Association,Georgia Forestry Association,≤100
217976018236954,OutKick,Outkick Media LLC,≤100
106949844346620,Trumpian Republicans,Gregory Lawrence Burright,≤100
97493741436,John W. Hickenlooper,HICKENLOOPER FOR COLORADO,≤100
6713653788,Gary Peters,PETERS FOR MICHIGAN,≤100
369214063089791,Lummis for Wyoming,LUMMIS FOR WYOMING INC.,≤100
245741028804051,Barbara Sinatra Center,Barbara Sinatra Children's Center,≤100
100781605034049,Trump 2020 Team,Jordan Ray Riddle,≤100
102330281223041,Tradewater,"Tradewater, LLC",≤100
21395843375,Dialysis Patient Citizens,DIALYSIS PATIENT CITIZENS INC,≤100
114386721939978,The Made in America Store,Made In America Store,≤100
950998258312654,Knowhere,"Knowhere, Inc.",≤100
102745147891580,Trump Coolers,Eric Clifford Juels,≤100
197908256931216,Tim Ryan,TIM RYAN FOR CONGRESS,≤100
253791814655400,Doug Collins,"COLLINS FOR SENATE, INC.",≤100
327202261326682,Stephanie Bice,Bice for Congress,≤100
345378512258813,Elise Stefanik,ELISE FOR CONGRESS,≤100
419992651425033,Guardianes del Pueblo-Consumer Law Group,Consumer Law Group,≤100
101165966152,AFL-CIO,AFL-CIO,≤100
111702860231554,Matt Lieberman,Matt Lieberman for Senate,≤100
169277310432049,"Texas Precision Optics, Inc.",Texas Precision Optics Inc,≤100
357554791340788,Liker,Omar Rivero,≤100
422202764649078,Rhode Island Department of Education - RIDE,Rhode Island Department of Education,≤100
174046949421616,Phenomenal Woman Action Campaign,Phenomenal Woman Action Campaign,≤100
266145305529,Henry Holt,"Macmillan Holdings, LLC",≤100
142370046577999,Shahid Buttar for Congress,Shahid Buttar for Congress Committee,≤100
102438077995629,Deanna Fierro for Richmond School Board - 4th District,Deanna Fierro for Richmond School Board,≤100
785936231584382,Paula Jean Swearengin,Paula Jean for West Virginia,≤100
124414684303160,Virginians for High Speed Rail,VIRGINIANS FOR HIGH SPEED RAIL,≤100
2012750189007245,Liquid Death Mountain Water,Liquid Death,≤100
102756811269921,Fellow Americans,Fellow Americans,≤100
518194348194441,RepresentUs,RepresentUs,≤100
331037760381749,Sierra Magazine,SIERRA CLUB,≤100
100233228182981,Madison Cawthorn for Congress,CAWTHORN FOR NC,≤100
347063211984370,Fed of American Hospitals,Federation of American Hospitals,≤100
1099478666810053,Meals For Pets,Meals for Pets,≤100
106003594486756,Standing Up Together,Annie Wang,≤100
36872302227,Cory Booker,Cory Booker for Senate,≤100
294196590710262,FWD.us,FWD.us,≤100
308159713150350,Voter Protection Project,VOTER PROTECTION PROJECT,≤100
123613301521418,"Councilman Charles ""Chuck"" Presley, Jr.",Charles Edward Presley Jr,≤100
128958937175029,Trivia Today,Benjamin Aaron Perlman,≤100
79125112926,Students for Life of America,"STUDENTS FOR LIFE OF AMERICA, INC.",≤100
102540204580217,UpNorthNews,Courier Newsroom,≤100
200201209253,Latino Community Foundation,Latino Community Foundation,≤100
653079394725698,Aspiration,Aspiration,≤100
11791104453,NRDC,Natural Resources Defense Council,≤100
25121889784,Texas Public Policy Foundation,Texas Public Policy Foundation,≤100
316887658336677,My Control Card,"NETSPEND HOLDINGS, INC.",≤100
111654690603599,NUIRC,Nonprofit Unemployment Insurance Relief Coalition (NUIRC),≤100
375760676281438,Mermaid Straw,Mermaid Straw,≤100
115286365119,National Pork Board,National Pork Board,≤100
321484398423432,Battle For Portsmouth,Paul Battle For Mayor,≤100
67626834312,National Women's Law Center,National Women's Law Center,≤100
210277954204,The Young Turks,"The Young Turks, Inc.",≤100
1452551204988299,GoReact,Speakworks Inc,≤100
100126201737278,Patriots Take a Stand,Jae W Seo,≤100
96171427550,Raja for Congress,FRIENDS OF RAJA FOR CONGRESS,≤100
100401327980848,National Parents Union,National Parents Union,≤100
112600915451330,No Labels,No Labels,≤100
169597416843751,Stand Up America,Stand Up America,≤100
100142840161003,Billy Gene Is Marketing,These ads ran without a disclaimer,≤100
55549065733,Voto Latino,VOTO LATINO INC.,≤100
2165983337048601,LeverforChange,Lever for Change,≤100
111772843789224,HURD PAC,HAVING UNWAVERING RESOLVE AND DETERMINATION PAC,≤100
291102898490822,Giant Maga Hat,Inventors club LLC,≤100
675471506247724,Adair for Congress,ADAIR FOR CONGRESS,≤100
814260155318929,The Fairness Project,The Fairness Project,≤100
543066585882629,Libertarian Country,Libertarian Country,≤100
107289609296509,American Heart Association - Missouri,American Heart Association,≤100
317284821682168,Messianic Jewish Alliance of America (MJAA),Messianic Jewish Alliance of America,≤100
194115677277113,A21,A21 with Facebook Ad Credits,≤100
5887538795,Education Week,Education Week,≤100
408250066356,Bill O'Reilly,"Bill Me, Inc.",≤100
17023576156,The Leadership Conference on Civil and Human Rights,The Leadership Conference on Civil and Human Rights,≤100
1423395657896219,Labiosa Liberty PAC,Labiosa Liberty PAC,≤100
80433353285,Taradel LLC,Taradel,≤100
140357056032320,NEA Today,National Education Association,≤100
344690446467832,The Copper Courier,Courier Newsroom,≤100
103402638590,United Planning Organization,UNITED PLANNING ORGANIZATION,≤100
211642542220470,"AARP Medicare Supplement Plans, insured by UnitedHealthcare Insurance Co.",United Healthcare,≤100
166438043490120,AR500 Armor,These ads ran without a disclaimer,≤100
131306317680000,Social Goods,"Social Goods, LLC",≤100
117641114435,First Aid Beauty,First Aid Beauty,≤100
1784991421516214,Seek Refuge,Seek Refuge,≤100
1551109418518461,The Honest Patriot,Amundson Media LLC,≤100
107803440835562,US Hot Gears,Click Wonders,≤100
218020061613734,UBS,UBS Financial Services Inc.,≤100
407664862957433,Ammar Campa-Najjar for Congress,AMMAR CAMPA-NAJJAR FOR CONGRESS,≤100
331400597547732,A Kids Book About,These ads ran without a disclaimer,≤100
117058854998779,The Gideons International,"GIDEONS INTERNATIONAL, THE",≤100
717417908274761,Lady Freethinker,Lady Freethinker,≤100
166738743732702,All Above All Action,All Above All Action Fund,≤100
106629127527429,Kathy Barnette for Congress PA 04,Kathy Jean Barnette,≤100
101242881236945,Kunkel for Congress,Catherine Marte Kunkel,≤100
109205663852133,Southern Sustainability,Resource Media,≤100
30708742052,FCTRY,FCTRY,≤100
198875903295,Trek Bicycle,TREK BICYCLE CORPORATION,≤100
201956993160690,MRCTV,MEDIA RESEARCH CENTER,≤100
504654313611105,"Ramirez Immigration Law, PLLC","Ramirez Immigration Law, PLLC",≤100
2040270322863853,Tina Smith,TINA SMITH FOR MINNESOTA,≤100
519590768083165,Abby Finkenauer for Congress,FINKENAUER FOR CONGRESS,≤100
99033391274,Brian Kemp,Kemp for Governor Inc,≤100
84258068778,FIRM Action,Center for Community Change Action,≤100
100119981671668,Blue Senate,BLUE SENATE PAC,≤100
103162411257510,Trumplican,USA Movements,≤100
406898359368902,Rescue Reston,These ads ran without a disclaimer,≤100
107439427661844,Accountable Tech,Accountable Tech,≤100
1709145412721991,The Center for Growth and Opportunity at Utah State University,The Center for Growth and Opportunity,≤100
946887545335976,Association of American Universities,The Association of American Universities (AAU),≤100
143089732792,Marsha Blackburn,Blackburn Tennessee Victory Fund,≤100
277414242013,Joyce Elliott for Congress,JOYCE ELLIOTT FOR CONGRESS,≤100
105536127617594,The American Digest,The American Digest,≤100
551158678560402,Epimonia,Epimonia LLC,≤100
100266085042968,Danielle Bostick for Mayor,Friends of Danielle Bostick,≤100
121626482110,Operation Smile,"OPERATION SMILE, INC.",≤100
113223650193301,MAGA REVOLUTION,Apse Media LLC,≤100
111970730196550,World War Zero,AMERICAN SECURITY PROJECT,≤100
118457494984886,Montgomery County Republican Club,Montgomery County Republican Club,≤100
129523843754764,Vote Smart,PROJECT VOTE SMART,≤100
104505064408799,Cove USA,"Cove USA, LLC",≤100
466608670177692,Jonathan M. Tallman,Jonathan Tallman For State Representative,≤100
2189265054726827,Liberty Tee Shop,www.libertyteeshop.com,≤100
19474609238,Mercatus Center at George Mason University,Mercatus Center at George Mason University,≤100
153278754738777,Climate Reality,The Climate Reality Project,≤100
58158120046,ACLJ,American Center for Law and Justice,≤100
28446275521,Military Officers Association of America (MOAA),Military Officers Association of America,≤100
61265398450,AmeriCorps NCCC,Corporation for National and Community Service,≤100
203805062990264,Ben Shapiro,The Daily Wire,≤100
396932197039819,SafeSleeve,"SafeSleeve, LLC",≤100
2283535575207809,Ditch Mitch,DITCH FUND,≤100
186805048171120,U.S. & Texas LawShield,Texas LawShield,≤100
53727956260,Republican Jewish Coalition,Republican Jewish Coalition,≤100
502320477205654,I’m Bout Making My Ancestors Proud,Heritage Hill LLC,≤100
203330919857759,All On The Line,National Redistricting Action Fund,≤100
101665421625320,James A,James Thant Aung,≤100
682990071843813,Center for the Study of Liberty,Center for the Study of Liberty,≤100
336470580233523,Pins and Aces Golf Co.,US Craft Brands LLC,≤100
1447994318779650,AirMedCare Network,AIrMedCare Network,≤100
1268410219898273,Tango Tango,Tango Tango Inc,≤100
550622028319900,Headlock Press,Headlock Press,≤100
723136714746586,The Common Ground Project,"The Common Ground Project, Inc",≤100
112735922758892,Charlie Kirk,Charlie Kirk,≤100
21647204289,Michigan Education Association,Michigan Education Association,≤100
110754115759992,Councilwoman Jessica P. Abbott,Jessica P. Abbott for Virginia Beach City Council,≤100
103644036958,United Association,United Association Political Education Committee,≤100
108512875350,The Atlas Society,The Atlas Society,≤100
922580991129339,People's Mojahedin Organization of Iran - MEK IRAN,MEK-Iran (Saeid Saadati),≤100
13885075114,Action Against Hunger USA,ACTION AGAINST HUNGER - USA,≤100
108296990863730,Hero Action Fund,Hero Action Fund,≤100
178024352559210,Great America PAC,GREAT AMERICA PAC,≤100
15240089946,Costco,Costco Wholesale,≤100
101481584557260,Help Asheville Bears-HAB,Heather Christina Williams,≤100
24481937944,Theodore Roosevelt Conservation Partnership,"THEODORE ROOSEVELT CONSERVATION PARTNERSHIP, INC",≤100
101324451668413,Hot US Gears,Click Wonders,≤100
587676831343390,Raheem AI,RAHEEM AI,≤100
110849485902,United Way,United Way Worldwide with Facebook Ad Credits,≤100
100391581727524,Defeat By Tweet,DEFEAT BY TWEET,≤100
293225127381200,Patriot Depot,The Patriot Depot,≤100
113891694102,Energy Citizens,Molly Anne Smathers,≤100
374848446414965,Pollking,Benjamin Aaron Perlman,≤100
100585598043377,Intelligent Investing Tips,Intelligent Investing Resource,≤100
221401431386940,Pramila Jayapal,PRAMILA FOR CONGRESS,≤100
1765073800454902,Reform Austin,Reform Austin Inc.,≤100
563238690508245,Virginia's Electric Cooperatives,Virginia's Electric Cooperatives,≤100
84534657954,VPM,VPM Media Corporation,≤100
356482637745012,Stansberry Research,Stansberry Research,≤100
109551610742579,Judge Dale Cohen,"Dale Cohen, Non-Partisan, for Circuit Court Judge Group 30",≤100
17203056985,Partners In Health,Partners In Health,≤100
1402827079932843,Low Income Relief,The Lighthouse Information Network LLC,≤100
100632458399089,Matt Rogers for Delegate - Virginia's 47th,Friends of Matt Rogers,≤100
79820371749,Ayanna Pressley,THE COMMITTEE TO ELECT AYANNA PRESSLEY,≤100
103656848047337,Harry Clark for Manassas,Harry Clark for Manassas,≤100
39432041915,Capital Research Center,CAPITAL RESEARCH CENTER INC,≤100
290851614930809,Combat AntiSemitism,Combat Anti-Semitism,≤100
295533050495998,Abogado de Inmigracion Jorge Rivera - Immigration Group LLC,Michael A Castillo,≤100
102636677971854,Trump Is The Storm,Legendary Trump Coins,≤100
113313830408238,Drain The Swamp Collection,Drain The Swamp Collection,≤100
803753543035784,Songs for Good,Songs for Good,≤100
1389807071117013,Lynn Afendoulis,Lynn Afendoulis for Congress,≤100
1438882392887793,ADF Church Alliance,Alliance Defending Freedom,≤100
143021112391265,Jacobin magazine,Jacobin Foundation,≤100
141692255929599,Democratic Socialists of America,DEMOCRATIC SOCIALISTS OF AMERICA INC,≤100
107234674355454,2bkkstore,Kim Yen Nguyen,≤100
112058837201547,Black Lives Matter Merch,Black Lives Matter Merch,≤100
366351973736242,Red Rock Secured,Red Rock Secured,≤100
384557995468219,Viral Casez,Viral Casez,≤100
157307331013957,The History List,The History List,≤100
742585079472202,Friends of Amy #inthe8th,Friends of Amy #inthe8th,≤100
105872574403318,Project TAMMI,a research grant at The National Center on Addiction and Substance Abuse (CASA),≤100
114475890010131,Piggy Dollar Financial,Tyler Wayne Hedland,≤100
105222917615301,Jen Richardson for Congress,CITIZENS FOR JEN RICHARDSON,≤100
50711561090,Muslim Advocates,MUSLIM ADVOCATES,≤100
11111618026,Union of Concerned Scientists,"UNION OF CONCERNED SCIENTISTS, INC.",≤100
104038541334426,BailoutWatch,Climate Nexus,≤100
1658135304460341,MANG,MANG,≤100
101242881236945,Kunkel for Congress,KUNKEL FOR CONGRESS,≤100
106333028376,"Nichols Kaster, PLLP",Nichols Kaster PLLP,≤100
275908853303174,Pro-Israel America,Pro-Israel America United,≤100
896759427103774,Modern Medicaid Alliance,Modern Medicaid Alliance,≤100
143509339045414,Americans for Peace and Tolerance,"AMERICANS FOR PEACE AND TOLERANCE, INC.",≤100
1852520761657982,4ocean,4ocean,≤100
1192579580831773,Supermajority News,Supermajority,≤100
102564128179023,Truth to Power,TRUTH TO POWER,≤100
360424321432255,Doha Debates,Doha Debates,≤100
99753625313,Jewish Currents,Jewish Currents,≤100
12683623041,Society for Human Resource Management (SHRM),SOCIETY FOR HUMAN RESOURCE MANAGEMENT,≤100
44705166993,Vote.org,Vote.Org,≤100
160630887998827,Let Them Live,Let Them Live,≤100
9739634228,The Political Machine,"Hitcents.com, Inc",≤100
105216234346955,Matthias Paul Telkamp for School Board - At-Large,Friends of Matthias Paul Telkamp,≤100
361960287311696,Better Medicare Alliance,"Better Medicare Alliance, Inc",≤100
113676922032321,Larry Elder,Salem Media,≤100
102875587947942,Keep Trump In Office,Keep Trump In Office,≤100
615854911830541,Shore Buddies,Malte Niebelschetz,≤100
90498769709,Edenpure,EdenPURE®,≤100
629732217415068,Republican Party,Greater Half,≤100
1945237355733646,Giving Brush,Giving Brush LLC,≤100
131217580266597,National Council on Aging,"NATIONAL COUNCIL ON AGING, INC.",≤100
292351509697,Jerusalem Prayer Team,Jerusalem Prayer Team,≤100
59877921429,Lutheran Immigration and Refugee Service,"LUTHERAN IMMIGRATION AND REFUGEE SERVICE, INC.",≤100
207549645977714,Families Belong Together,Families Belong Together,≤100
363451574868,"Get Money Out - Maryland, Inc.",Get Money Out - Maryland,≤100
394817334402124,2020 Trump Bill,Innovative Ecomm LLC,≤100
8501031021,VoteVets.org,"VoteVets Action Fund, Inc.",≤100
101391906600,Live Action News,Live Action News,≤100
140877979844,American Gas Association,AMERICAN GAS ASSOCIATION,≤100
2259323457517498,Abolish the Electoral College,ABOLISH THE ELECTORAL COLLEGE,≤100
21455818797,Feed the Children,"FEED THE CHILDREN, INC.",≤100
109379100777665,Patriotism Isn't Dead,Patriot Polling,≤100
232201568659,Pacific Justice Institute,PACIFIC JUSTICE INSTITUTE,≤100
1528498354074301,Punching Bag Media - Conservative News,Sean Michael Probber,≤100
51405613519,Focus on the Family,Focus on the Family,≤100
1545826148838592,Trump 2020,Gregory Lawrence Burright,≤100
1708467695859543,Veteran Transition Mission,Sonia Ivelisse Barriera Ayala,≤100
1023698444330392,The Tylt,The Tylt,≤100
105929991030423,My Freedom Jersey,"My Freedom Jersey, LLP",≤100
497081420632330,Dr. Hiral Tipirneni,HIRAL FOR CONGRESS,≤100
892673067526965,Project War Path,Project War Path,≤100
192013990902459,Roy Cooper,Cooper For North Carolina,≤100
248468095247223,Rastaclat,Rastaclat,≤100
7209432197,Chris Coons,CHRIS COONS FOR DELAWARE,≤100
839073729808623,Hillary Scholten,SCHOLTEN FOR CONGRESS,≤100
2049170775107862,Resistance By Design,Resistance By Design,≤100
357275101142388,Everglades-Trust,"EVERGLADES TRUST INC, THE",≤100
242679302418244,Denison Forum,Denison Ministries,≤100
477871215985975,DC Business Daily,Franklin Archer,≤100
130945114804,World Jewish Congress,WORLD JEWISH CONGRESS AMERICAN SECTION INC,≤100
2255846891314996,Corn Refiners Association,"corn refiners association, inc",≤100
1682876188698809,United for Respect,United for Respect,≤100
1613516851999536,Sunrise Movement,Sunrise,≤100
101485404914361,Bad News Wares,Bad News Wares,≤100
118144946259472,Marcus Chambers for Superintendent,Marcus D Chambers For Superintendent of Schools Campaign,≤100
178371108015,Fairfax County Republican Committee,Fairfax County Republican Committee,≤100
153204951924328,Peter Volosin,Vote Volosin,≤100
110913227305662,Scurlock 2020,Steve Verzwyvelt Jr.,≤100
160513344045084,John Neely Kennedy,"John Kennedy for Us, Inc",≤100
826460474101920,BitMari,Sinclair Matthew Skinner,≤100
444843026057642,Born From A Wave,Born From A Wave LLC,≤100
1668350569891953,Rainbow Movement,William James Ulrich,≤100
100162214681085,Lynn For Council,Lynn For Council,≤100
830121337093232,National Democratic Training Committee,NATIONAL DEMOCRATIC TRAINING COMMITTEE PAC,≤100
24982445498,ProQuest,PROQUEST LLC,≤100
100503184678036,BioLargo Water Inc.,"BioLargo, Inc.",≤100
113341064736,American Conservative Union,American Conservative Union,≤100
95135221781,Federal News Network,Hubbard Radio DC,≤100
303374266418976,AFPM,American Fuel & Petrochemical Manufacturers,≤100
235762319779450,Omar Navarro,OMAR NAVARRO FOR CONGRESS,≤100
105455840860559,Eagle Realm,Eagle Realm,≤100
237477017606,Club for Growth,Club for Growth,≤100
124626320898336,Catholic Extension,"CATHOLIC CHURCH EXTENSION SOCIETY OF THE UNITED STATES OF AMERICA, THE",≤100
1439364926329185,Animal Matters,Animal Matters,≤100
1640970822834351,Plaine Products,Plaine Products,≤100
1000253160054572,Cori Bush,CORI BUSH FOR CONGRESS,≤100
91223411833,Medical Teams International,Medical Teams International,≤100
399067003454888,Sudan Relief Fund,Sudan Relief Fund Inc,≤100
305257409883280,Air Force One Experience,These ads ran without a disclaimer,≤100
100123544800892,Disme Coin Company,Byron Michael Laughlin,≤100
165779706726,Country Music Artist Carl Ray,Carl Ray Williams,≤100
408252582872693,Daniella Levine Cava,"Daniella Levine Cava, Non-Partisan, for Miami-Dade County Mayor",≤100
103315378108004,True Patriot Strength,LE-HUU DONG HUYNH,≤100
124530924015,Hank Gilbert,HANK GILBERT FOR CONGRESS,≤100
1947525322184514,One Fair Wage,One Fair Wage,≤100
105561217523274,The_Dispatch,"Dispatch Media, Inc.",≤100
307103852871,MADEO,MADEO USA LLC,≤100
121033149320,American Indian College Fund,"AMERICAN INDIAN COLLEGE FUND, THE",≤100
105062461269553,Lifes Choices,These ads ran without a disclaimer,≤100
102908978166114,Liberty Leadership Fund,Liberty Leadership Fund,≤100
111278008942618,Wicked Clothes,Wicked Clothes,≤100
681626158940626,Mission Roll Call,Americas Warrior Partnership,≤100
455147011996099,The Ann and Phelim Scoop,The Unreported Story Society,≤100
105175422857231,Association of American Railroads,ASSOCIATION OF AMERICAN RAILROADS,≤100
102499901286348,Bold Vision P.C.,Bold Vision PC,≤100
808450969246896,"Rebecca Walser, Tax Attorney, CFP",Walser Wealth Management,≤100
720943967965149,AFSCME Retirees,AMERICAN FEDERATION OF STATE COUNTY & MUNICIPAL EMPLOYEES,≤100
278487153675,Redneck Nation Clothing,Tracie Milliron Gold,≤100
108152933883451,TrumpTrendz,Troy Lorenzo Davis,≤100
17432811417,Working Families Party,Working Families Party,≤100
21492729544,Catholic Relief Services,CATHOLIC RELIEF SERVICES - UNITED STATES CONFERENCE OF CATHOLIC BISHOPS,≤100
108864587529774,G. K. Butterfield for Congress,Butterfield for Congress,≤100
1156676274461345,Mikie Sherrill,MIKIE SHERRILL FOR CONGRESS,≤100
282878411750474,Re-elect Councilman Ian T. Lovejoy,Friends of Ian Lovejoy,≤100
420424547981908,In Search of Liberty,Scott Dennis Welch,≤100
75353945070,Boxed Water Is Better,Boxed Water Is Better,≤100
243947752771440,TJ Cox for Congress,TJ COX FOR CONGRESS,≤100
810122486032496,Jackie Gordon,JACKIE GORDON FOR CONGRESS,≤100
872842866161157,One Nation Design,One Nation Design,≤100
100856721412114,Elen Asatryan,Elen Asatryan for County Central Committee,≤100
213289449057297,THE HILLS BOYS,Oscar Hills,≤100
1014291495249813,Politicon,Politicon,≤100
84240321134,Henrico GOP,Henrico County Republican Committee,≤100
114785371875369,Chesapeake Bay Journal,Bay Journal Media Inc.,≤100
104684067632334,Unite the Country,UNITE THE COUNTRY,≤100
103929304678916,Voter Action Project,Integrity First Voter Action Project,≤100
23180353833,North Carolina Republican Party,North Carolina Republican Party,≤100
324119001078997,"Sanford Heisler Sharp, LLP","Sanford Heisler Sharp, LLP",≤100
1082522201878539,Gina Ortiz Jones for Congress,GINA ORTIZ JONES FOR CONGRESS,≤100
172298889630363,Republican Attorneys General Association,REPUBLICAN ATTORNEYS GENERAL ASSOCIATION,≤100
173470656019870,The Daily Yonder,Great Stories LLC,≤100
325578590837480,Obamacare,Sixteen Thirty Fund,≤100
107665644228467,Conservative Journal Review,Conservative Journal Review LLC,≤100
8225139261,New York Republican State Committee,NEW YORK REPUBLICAN STATE COMMITTEE,≤100
19746387261,Humane Society International,Humane Society International,≤100
17801244148,Jill Schupp,SCHUPP FOR CONGRESS,≤100
1733918116873254,BackWoods Mafia,Landon David Turner,≤100
243363639063201,Immigration Voice,"IMMIGRATION VOICE, CORP",≤100
180815385284363,Organize Florida Education Fund,Florida Institute for Reform and Empowerment Inc DBA Organize Florida Education Fund,≤100
107428150756519,US Money Daily,USMoneyDaily,≤100
1555039491394668,CM Voter Center,CM Voter Center,≤100
109866370700481,PushBlack Finance,PushBlack,≤100
2070944712939738,American Police Officers Alliance,American Police Officers Alliance,≤100
145022042990911,MEK Iran,MEK-Iran (Saeid Saadati),≤100
227535924071462,Animal Petitions,AnimalPetitions.org,≤100
102389457864860,Treehuggers Bracelets,ECOMX LLC,≤100
195620754724,Helping Hand USA,HELPING HAND FOR RELIEF AND DEVELOPMENT INC.,≤100
105433064492153,The Return 2020,The Return International,≤100
108503659576,National Coalition for Public School Options,National Coalition for Public School Options,≤100
1425435377743310,Conversations with Bill Kristol,The Foundation for Constitutional Government,≤100
127216280686110,Ann Wagner,Ann Wagner for Congress,≤100
357750373755,National Domestic Workers Alliance,National Domestic Workers Alliance,≤100
922408347804254,Thomas Jefferson Planning District Commission,Thomas Jefferson Planning District Commission,≤100
350784278974539,Turning Point Action,Turning Point Action,≤100
184122871609550,Prince George's County Memorial Library System,Nicholas Alexander Brown,≤100
156994304362574,American Bridge 21st Century,AB PAC,≤100
1015449978587077,Alliance for Youth Action,The Alliance For Youth Action,≤100
106402714456835,Trees 4 Australia,Trees4Australia,≤100
101127364972509,Dems For USA,Dems For USA,≤100
1423020864646652,P.Smith Music,Paul Micah Anthony Smith,≤100
100968598130407,Tax Support Center,Mercedes Lease,≤100
430257237128144,Join DC Police,These ads ran without a disclaimer,≤100
1546643195647594,Guidepost Montessori at Herndon,These ads ran without a disclaimer,≤100
111071730549863,Debt Relief Secrets,Debt Relief Secrets,≤100
1576236875930301,Global Cyber Alliance,Global Cyber Alliance with ad credits,≤100
6165653060,AFSCME,AMERICAN FEDERATION OF STATE COUNTY & MUNICIPAL EMPLOYEES,≤100
7100914121,American Experience | PBS,WGBH EDUCATIONAL FOUNDATION,≤100
54787697857,Ron Wyden,WYDEN FOR SENATE,≤100
34521916336,Brent Bozell,MEDIA RESEARCH CENTER,≤100
38882699096,Polaris,POLARIS PROJECT,≤100
399366360669553,Jamaal Bowman for Congress,Bowman For Congress,≤100
1747132688647028,Democratic Association of Secretaries of State,Democratic Association of Secretaries of State,≤100
13187955196,Young Americans for Liberty,Young Americans for Liberty,≤100
110316697328742,People of Seniors Housing,People of Seniors Housing,≤100
115757826468774,Statsigo,Statsigo,≤100
156919911022572,Steven Horsford,NEVADANS FOR STEVEN HORSFORD,≤100
911829795826330,Mark Penn Polls,AIRSNEXT Media,≤100
105331064502604,Blue Wave Breaking,Kevin J Lawrence,≤100
102175879855284,Harper Perennial,HARPERCOLLINS PUBLISHERS L.L.C.,≤100
140995982586105,West Virginia Department of Commerce,West Virginia Department of Commerce,≤100
286224862049910,Commissioner Salim Adofo,Salim Kwabena Thandiwe Adofo,≤100
123963360928,SiriusXM,SIRIUS XM RADIO INC.,≤100
101352851565699,Somos PAC,SOMOS PAC,≤100
2081864865362439,Mike Espy,MIKE ESPY FOR SENATE CAMPAIGN COMMITTEE,≤100
2085460778154235,WhiteHat Jr,These ads ran without a disclaimer,≤100
43426724597,Paper Culture,Paper Culture LLC,≤100
856208611420219,Christina Finello,FINELLO FOR CONGRESS,≤100
420756238503932,Your American Flag Store,Your American Flag Store,≤100
151944694884237,"Solidarity Strategies, LLC",Solidarity Strategies,≤100
317667194946264,Ro Khanna,RO FOR CONGRESS INC,≤100
181924628560212,SumOfUs,SumOfUs,≤100
106140571085743,Natalia For Congress,NATALIA LINOS FOR CONGRESS,≤100
313723095478950,The Daily Citizen,Focus on the Family,≤100
8936818385,Accuracy in Media,"ACCURACY IN MEDIA, INC",≤100
533046343492935,"Geraty, Holub & MacQueen, PLC","Geraty, Holub & MacQueen, PLC",≤100
856086028066485,Persona,"Persona Media, Inc.",≤100
273023971533,Dennis Bonnen,Dennis Bonnen Campaign,≤100
1667892193505378,Hold the House,HOLD THE HOUSE PAC,≤100
451389174955443,Haverhill Collection,"Haverhill Leach, Inc",≤100
104243792943104,Saybrook University,TCS Education System,≤100
2295062210811244,Coalition for American Veterans,COALITION FOR AMERICAN VETERANS POLITICAL ACTION COMMITTEE,≤100
166087830076297,WebPT,WebPT,≤100
123965317665623,N-Hance Wood Refinishing,N-Hance Inc.,≤100
1683659714985244,Phil Ehr,EHR FOR CONGRESS,≤100
102595498024546,MN vs Trump,Alliance for a Better Minnesota Federal PAC,≤100
265045056894488,Mark Meckler,Convention of States Action,≤100
34701792581,EWTN,Eternal Word Television Network,≤100
2318731681689030,Southeast Utility Watch,Energy Media,≤100
176099072429809,Oceana in Florida,OCEANA,≤100
546707688675095,Smart Approaches to Marijuana,SAM Action,≤100
641276169335113,Gretchen Driskell for Congress,Gretchen Driskell For Congress,≤100
168876449866088,The Years Project,The Years Project,≤100
50714237985,The Rutherford Institute,RUTHERFORD INSTITUTE,≤100
566008736785269,Be Heard Project,Be Heard Project,≤100
108106344055747,Unlock American Investment,The U.S. Chamber of Commerce,≤100
543188979047875,Steve Newman,Friends of Steve Newman for Senate,≤100
2123425971065747,Sora Schools,Indra Putra Sofian,≤100
103131054573692,Crawfordology,Crawfordology,≤100
112442437191294,National Anti-Racism Teach-In,National Anti-Racism Teach-In,≤100
299295363912730,New Politics Leadership Academy,New Politics Leadership Academy,≤100
109243500822158,The Greater Brand,Benjamin Pendera Ijah,≤100
384676381708957,Education NC,Education NC,≤100
100489714905608,Democracy Network,Democracy Network,≤100
180207826090799,Tiffany D. Cross,HARPERCOLLINS PUBLISHERS L.L.C.,≤100
463095630924391,US Business Funding,Credox,≤100
212009062197107,Higher Heights for America,Aprill Olivia Turner,≤100
1653251174924652,Fuzzu,Fuzzu,≤100
1397799040234106,OpinionUP,OpinionUP LLC,≤100
8002590959,Rainforest Action Network,RAINFOREST ACTION NETWORK,≤100
167139593306791,ACLU of Michigan,AMERICAN CIVIL LIBERTIES UNION,≤100
158191734307237,Norfolk City Democratic Committee,Charles Francis Stanton,≤100
197760674021143,Indivisible Guide,Indivisible Project,≤100
807413476285845,Prism,DAILY KOS EDUCATION FUND,≤100
148205145252473,Backcountry Hunters & Anglers,Backcountry Hunters & Anglers,≤100
113460456730293,Ben Salango,Ben Salango for West Virginia,≤100
117323334953224,Manhattan's Ny Deli & Pub,These ads ran without a disclaimer,≤100
412739549455010,Karena Reiter,PrimaDonna Reeds,≤100
164835356901055,Rising Tide Interactive,Rising Tide Interactive,≤100
111329240265665,Williamsburg James City County Republicans,Williamsburg James City County Republican Committee,≤100
78234187226,Library of Virginia,Library of Virginia,≤100
212364922245261,Adam Smith Society,The Adam Smith Society,≤100
737686089933715,Conservative Collections,Mainline Media Group,≤100
102139218008846,King Nation Apparel,King Nation Apparel,≤100
207152169356805,Re-Elect Circuit Judge Alan Apte,"Alan Apte, Non-Partisan, for Circuit Court Judge",≤100
284946111858895,Debbie Mucarsel-Powell,DEBBIE FOR CONGRESS,≤100
540707072979860,Brian Maryott,MARYOTT FOR CONGRESS,≤100
9364828262,Citizens Against Government Waste,CITIZENS AGAINST GOVERNMENT WASTE,≤100
377392172830318,Representative Ross Spano,Office of Representative Ross Spano,≤100
123624513983,The Western Journal,The Western Journal,≤100
103966331128460,Trump Train 2020 Campaign Tour,The Trump Train,≤100
107698564046392,Lauren Boebert for Congress,LAUREN BOEBERT FOR CONGRESS,≤100
173837496125511,Conscious Step,Conscious Step,≤100
1654364364841305,Volinsky for New Hampshire,Volinsky for New Hampshire,≤100
104665041326815,US Concealed From Home,These ads ran without a disclaimer,≤100
216705888361546,Elbert Lee Guillory,ELBERT GUILLORY'S AMERICA,≤100
44224524016,American Kidney Fund,"AMERICAN KIDNEY FUND, INC.",≤100
187809941803009,IVYPAC,IVYPAC,≤100
104667417857551,United Association LLC,United Association LLC,≤100
243362776583569,Air Mail,Air Mail,≤100
747436915270894,Congressional Leadership Fund,CONGRESSIONAL LEADERSHIP FUND,≤100
197760674021143,Indivisible Guide,INDIVISIBLE ACTION,≤100
222745994575140,Project ChildSafe,"NATIONAL SHOOTING SPORTS FOUNDATION, INC.",≤100
304062610300415,VozWire,Gregson E Mathe,≤100
1438619973099234,Moore for WV State Treasurer,Moore for West Virginia,≤100
101078188352772,Proud Patriots With Credit Cards,Cassandra Annette Holland,≤100
100101998363705,Agit Pop Shop,AGIT POP Shop,≤100
105698674239617,Embed News,Embed News,≤100
105410567897348,Adopt an Officer,Adopt America LLC,≤100
2047820865526225,Rebecca Holcombe for Vermont,Rebecca Holcombe for Vermont,≤100
94047978366,PCCC - BoldProgressives.org,PROGRESSIVE CHANGE CAMPAIGN COMMITTEE,≤100
8382221278,HeadCount,HEAD COUNT INC,≤100
1612726335627171,We the Internet TV,We the Internet TV,≤100
115761269812805,Jeff Hinkle,Jeff Hinkle Campaign,≤100
102506434784451,Solomon for OV Council,Shawn Amadeo Campbell,≤100
108090464296366,Republican Patriots,I Love My Freedom,≤100
112650016883848,Fair and Square,Fair And Square PAC,≤100
113553048669158,Rick Scott,TEAM RICK SCOTT,≤100
178794524148,"The Ohio State University Alumni Club of Greater Washington, DC",Jennifer Sarah Rubenstein,≤100
109575145733890,McGuireWoods Consulting,MCGUIREWOODS CONSULTING LLC,≤100
26668999076,The Cato Institute,"CATO INSTITUTE, INC.",≤100
11911627997,Pancreatic Cancer Action Network,"PANCREATIC CANCER ACTION NETWORK, INC.",≤100
48530203934,The American Alpine Club,"AMERICAN ALPINE CLUB, THE",≤100
175149559508478,TreeDiaper,Zynnovation LLC,≤100
78420171887,Sailors for the Sea,SAILORS FOR THE SEAINC,≤100
19182454196,Newt Gingrich,"Premiere Marketing, Inc.",≤100
243510442756370,Justice Democrats,JUSTICE DEMOCRATS PAC,≤100
343714718985673,Think Wood,Think Wood,≤100
53541257714,The Arc of the United States,"ARC OF THE UNITED STATES, INC., THE",≤100
101831013191301,The California Coast,California Coastal Commission Public Education Program,≤100
111947013529488,Mosher2020,Mosher for Pima County Attorney,≤100
338361856190688,Nevada GOP,NEVADA REPUBLICAN CENTRAL COMMITTEE,≤100
55549065733,Voto Latino,Voto Latino with Facebook Ad Credits,≤100
279846350948,St. Labre Indian School,St. Labre Indian School,≤100
105943157686335,Trust Michigan Families,TRUST MICHIGAN FAMILIES,≤100
976589385686285,Raúl Torrez,Raúl Torrez for NM,≤100
405469100189512,Still My President - Donald Trump,Red State Politics LLC,≤100
97624620788,American Friends of Magen David Adom,AMERICAN FRIENDS OF MAGEN DAVID ADOM,≤100
49059279814,Institute for Justice,INSTITUTE FOR JUSTICE,≤100
98039565779,Public Affairs Council,Public Affairs Council,≤100
129602743740560,Illinois Family Action,ILLINOIS FAMILY ACTION NFP,≤100
256760055231702,Beware of B,Beware of B,≤100
103557118005382,Live Action Español,Live Action,≤100
552580508224925,Chan Zuckerberg Initiative,These ads ran without a disclaimer,≤100
830890360316751,Nick Hanauer,Civic Action,≤100
286084075135455,Support After Abortion,Support After Abortion,≤100
106114264313679,Hunt The Vote,"Hunter Nation, Inc.",≤100
100527118370698,Trump Supporters United,Jae W Seo,≤100
160418807408255,TargetSmart,TargetSmart Communications,≤100
165566613453452,ERLC,ETHICS AND RELIGIOUS LIBERTY COMMISSION OF THE SOUTHERN BAPTIST,≤100
718475924980443,Amsterdam & Partners LLP,Amsterdam & Partners LLP,≤100
113679093412163,Ed Hunzeker,Ed Hunzeker,≤100
100559204891447,Friends of Dr. James St. George,Friends of James St. George,≤100
911845658833043,I Am An Immigrant,FWD.us Education Fund,≤100
1636216106590985,Josh Hawley,JOSH HAWLEY FOR SENATE,≤100
477131125780900,The War Horse,War Horse News,≤100
161879897191723,EarthX,EarthX,≤100
6334782252,Oceana,OCEANA,≤100
108906707265489,USA Pooch,"PRESIDENTIAL POOCH, INC",≤100
335372906543111,Lee Constantine For Seminole County Commission,Lee Constantine Campaign for Seminole County Commission,≤100
114885646899438,Mr. 45th,Clush,≤100
130268756992804,Yale Climate Connections,Yale Climate Connections,≤100
102449671140258,Joshua Rydell for State Attorney,"Joshua Rydell, Democrat, for State Attorney",≤100
780606555331010,American Student Loan Advocate,ASLR Marketing,≤100
315151565831,Ascension,Ascension Press,≤100
657708380952174,Voices of the Civil Rights Movement,Comcast,≤100
45354572064,Forté Foundation,"FORTE FOUNDATION, THE",≤100
1060893677384918,US Tech Workers,U.S. Tech Workers,≤100
802271849850801,Freedom for All Americans,Freedom for All Americans,≤100
336354959779612,White House Gifts,White House Gifts,≤100
262138411622,Faces of Lawsuit Abuse,US Chamber Institute for Legal Reform,≤100
101987108248215,Good Home and Body,Edward Ha,≤100
470241276500901,Women Vote,WOMEN VOTE!,≤100
1800072483402009,African Community & Conservation Foundation,African Community & Conservation Foundation,≤100
868405419972384,The Outrage,The Outrage,≤100
2336022790003836,Patients + Providers United,Patients and Providers United,≤100
7642602143,Mother Jones,FOUNDATION FOR NATIONAL PROGRESS,≤100
624113997772825,North Dakotans for Comprehensive Energy Solutions,Americans for Comprehensive Energy Solutions,≤100
10234472029,Council on Foreign Relations,Council on Foreign Relations,≤100
1813012495602677,HALO in Nagorno Karabakh,"HALO TRUST (USA), INC. (THE)",≤100
53541257714,The Arc of the United States,The Arc with Facebook Ad Credits,≤100
312066286397519,Manning Asylum Law,Manning Asylum Law,≤100
346937065399354,Occupy Democrats,Omar Rivero,≤100
114058190344853,A Woman's Place PAC,A WOMAN'S PLACE PAC,≤100
1040601552779602,I-64 Sports,These ads ran without a disclaimer,≤100
2462191704005828,Rainey Center,The Joseph Rainey Center for Public Policy,≤100
525171637666780,Sandy Piña California Delegate,RCR,≤100
24470472733,The Trevor Project,The Trevor Project,≤100
735201700206403,LowTides Ocean Products,LowTides Ocean Products,≤100
109678580574253,Politicool Clothing Co.,PolitiCoolClothing.com,≤100
32582320449,CMMB,CATHOLIC MEDICAL MISSION BOARD INC,≤100
142432192446984,David Horowitz Freedom Center,David Horowitz Freedom Center,≤100
97466887664,Innocence Project,"INNOCENCE PROJECT, INC., THE",≤100
169204449790211,Conservative News Today,"BizPac Review, Inc.",≤100
898056057254433,Nine Districts for MoCo,Mark David Lautman,≤100
589913688039969,Michigan Online,University of Michigan,≤100
342006339184405,National Children's Alliance,NATIONAL CHILDRENS ALLIANCE INC,≤100
164389698861,Appalachian Voices,APPALACHIAN VOICES,≤100
19463427992,Darrell Issa,DARRELL ISSA FOR CONGRESS,≤100
100440371438615,Chris Faraldi,Faraldi for Lynchburg,≤100
210357995667559,The National Memo,The National Memo,≤100
114646533630729,Yes. Every Kid.,"yes. every kid, Inc.",≤100
158505287559920,Save the Storks,Diane Patricia Ferraro,≤100
103806957816376,Kat Cammack,KAT FOR CONGRESS,≤100
89324781720,Pat Toomey,Friends of Pat Toomey,≤100
104881317722736,Get-It-Out,Matthew Justin Viles,≤100
680549575421741,UnitedVoice.com,"Beachside Media, Inc.",≤100
111941237005726,Just The News,Just the News,≤100
393330191303459,YouGov Signal,YouGov US,≤100
101331784823473,USA Custom Gifts,These ads ran without a disclaimer,≤100
124386427623018,PeaceBeWithU,"BN Media, LLC",≤100
117468878295521,American-Arab Anti-Discrimination Committee (ADC),Roy Abdo,≤100
472981489476333,Alan Cohn,COHN FOR CONGRESS 2020,≤100
421486244558294,Ross Spano,ROSS SPANO FOR CONGRESS,≤100
357844454633380,Dan Whitfield for Senate 2020,DANWHITCONGRESS,≤100
108495594256618,A Better Miami-Dade,"A Better Miami-Dade, Inc.",≤100
1084856268238034,Trump Talking,Roberto None Lugo,≤100
107447164295267,Patrick Ingram for Petersburg City Council,Patrick Ingram For Petersburg City Council,≤100
113310617054164,Trump Baseball Bats,Trump Baseball Bats,≤100
201248453800242,My Pay My Say,Mackinac Center for Public Policy,≤100
117758198297225,Rep. Terri Sewell,Office of U.S. Representative Terri Sewell (AL-07),≤100
262589367126101,The Tikvah Fund,TIKVAH FUND,≤100
18017481462,Acton Institute,Acton Institute,≤100
89757739264,Farm Credit,Farm Credit Council,≤100
149366465128820,Nicole Galloway,Nicole Galloway for Missouri,≤100
104038541334426,BailoutWatch,Elisabeth Marie Soto,≤100
43287633515,Alliance for Climate Education,Alliance for Climate Education,≤100
356419611427623,Jemar Tisby,Zondervan,≤100
987698164585861,Citizen Ed,Citizen Education,≤100
41309865723,Democrats.com,DEMOCRATS.COM,≤100
1370474066365196,F1RST WARRIOR,First Warrior,≤100
249024947110,WhoWhatWhy,REAL NEWS PROJECT INC,≤100
1393911800825140,OZY,OZY Media Inc,≤100
241247646424302,Jahana Hayes,FRIENDS OF JAHANA HAYES,≤100
104146011282652,Vote Laura Hine,Vote Laura Hine,≤100
103653994359958,Harvard Forward,The Boarding School,≤100
723113964421686,Justice for Christian Griggs,Dollie Sturdivant Griggs,≤100
79212718536,Jim Boyd,Jim Boyd,≤100
100911481267154,"Luke Gromen - FFTT, LLC","FFTT, LLC",≤100
592074077639509,Donald Trump Is Our President,Power To The Publisher,≤100
32802178807,Homes For Our Troops,Homes For Our Troops,≤100
147368882623027,Black Futures Lab,Black Futures Lab,≤100
1189321434561854,Vote Ranjeev for Rep,Friends of Ranjeev Puri,≤100
101042758281184,Reading On the Right,Macmillan Publishing,≤100
892073290905914,Medication Access Pennsylvania,Medication Access PA,≤100
429651323843750,Verizon Wireless Workers Rising,"COMMUNICATIONS WORKERS OF AMERICA, AFL-CIO, CLC",≤100
100184714677097,Election Year Knockout,Exceptionull Games,≤100
101164484986617,To Be Frank Show,Real News PR,≤100
2244225492490975,Tomorrowsummer,These ads ran without a disclaimer,≤100
832107710207069,Pam Keith FL,Committee to Elect Pam Keith,≤100
126279571952,Huru International,HURU INTERNATIONAL,≤100
195704103779569,Savage Outdoors & The One,Amanda Harris Lee,≤100
145902116128546,Rebecca Friedrichs - For Kids & Country,For Kids & Country,≤100
505653766599222,America First with Dr. Sebastian Gorka,Salem Media,≤100
358930818155832,Ava Blaze Apparel Co.,Antoinette Kathleen Adkins,≤100
342623112567750,The Shoe That Grows,Because International Corp,≤100
99196609225,The African American Policy Forum,African American Policy Forum,≤100
146817005352784,Wellness.com,"Beachside Media, Inc.",≤100
242845139551348,GVPedia,GVPEDIA INC,≤100
511235549007985,PRJKT RUBY,PRJKT RUBY,≤100
103071931289626,Rusty Crowe For Congress,Citizens to Elect Rusty Crowe to Congress,≤100
193899114458191,James Mackler,JAMES MACKLER FOR US SENATE,≤100
105023768642,U.S. Chamber Institute for Legal Reform,US Chamber Institute for Legal Reform,≤100
174057765941,Republican Party of Virginia,REPUBLICAN PARTY OF VIRGINIA INC,≤100
1817141358516736,Fifty50 Apparel,Fifty50 Apparel,≤100
304058913005378,Senior and Disabled Concerns,Senior & Disabled Concerns,≤100
579300342209417,Oliver Gilbert,"Oliver Gilbert, Non-Partisan, for Miami-Dade County Commission Dist 1",≤100
108862184052039,ROMTech,"ROM Technologies, Inc.",≤100
360303722260,Kathleen Williams for Montana,KATHLEEN WILLIAMS FOR MONTANA,≤100
219242560293,Meals on Wheels America,Meals on Wheels,≤100
615854911830541,Shore Buddies,PB 1904 International LLC dba Shore Buddies,≤100
101442908124605,Liberty Surveys,Liberty Surveys,≤100
2256321067930356,Liberteeclub,libertyteeshop,≤100
110206523984709,Rural Not Stupid,Rural Not Stupid,≤100
333081284065216,Brynne Kennedy for Congress,BRYNNE KENNEDY FOR CONGRESS,≤100
112729157126203,Stronger Broward,COMMITTEE FOR A STRONGER BROWARD,≤100
779448475497508,David Scherr,Scherr for Vermont,≤100
356501381631264,Jerusalem Post,Diane Elise Haner,≤100
970043956422239,Jeremy McClymonds Chandler City Council,McClymonds for Chandler,≤100
46520703030,Fulton County Government,Fulton County Government,≤100
111648480319494,800DEMOCRAT,800DEMOCRAT,≤100
111155977283079,My Medication Rights,Pharmaceutical Printed Literature Association,≤100
119451654741594,Javy,James Veard,≤100
180230069923,American Life League,American Life League,≤100
77130778113,Coalition for Medicare Choices,The Coalition for Medicare Choices,≤100
101073173293995,The Evangelistic Alliance of Ministries,Myles Spires Spires,≤100
190987118163092,Connected Clothing Company,Connected Clothing Company,≤100
374876452974178,McShane LLC,McShane LLC,≤100
178299885562976,Climate Nexus,Climate Nexus - Rockefeller Philanthropy Advisors Sponsored Project,≤100
111581113532778,Voter Choice for Massachusetts,Ranked Choice Voting 2020 Committee,≤100
102846434825096,Beat Abbott,Beat Abbott PAC,≤100
941711669217784,Iowans For DC Statehood,Iowans For D.C. Statehood,≤100
104516481228439,Peelitical Targets,Pee-Litical Targets,≤100
122150409780,UC San Diego,University of California San Diego,≤100
322870825821,Macmillan Audio,"HOLTZBRINCK PUBLISHERS, LLC",≤100
355148051693804,Torres Targets,Torres Targets,≤100
113644103666790,America First,TruthLion,≤100
344346245749372,Shore Trendz,RHW.COM LLC/DBA Shore Trendz,≤100
196098536897,Texas Right to Life,Texas Right to Life,≤100
1229789977123022,Debbie Lesko for Congress,DEBBIE LESKO FOR CONGRESS,≤100
122671561263552,Committee for Better Banks,"COMMUNICATIONS WORKERS OF AMERICA, AFL-CIO, CLC",≤100
114299836615491,Solomon Rajput for Congress,SOLOMON RAJPUT FOR CONGRESS,≤100
122773549121265,President Trump for Nobel Peace Prize 2020,Tarek None Kteleh,≤100
8145161702,Lambda Legal,"LAMBDA LEGAL DEFENSE & EDUCATION FUND, INC.",≤100
1291596217648517,Vitality Now,These ads ran without a disclaimer,≤100
1807181726160635,Noble Energy,"NOBLE ENERGY, INC.",≤100
6333396177,NewsBusters.org,MEDIA RESEARCH CENTER,≤100
255587152180,Shavitz Law Group,Paul James Herrmann,≤100
241869749851122,Parents Against Vaping e-cigs,Steven Koester,≤100
167868030006437,Kevin Woods-Shelby County School Board District 4,Friends of Kevin Woods,≤100
164966660351345,Hope Outfitters,Hope Outfitters,≤100
111342716880816,Doinks,"Big Doinks, LLC",≤100
111151490241542,Pollemix,Pollemix,≤100
130936757062757,T-Mobile Workers United (TU),"COMMUNICATIONS WORKERS OF AMERICA, AFL-CIO, CLC",≤100
2118624975095038,Stephen Daniel for Congress,STEPHEN DANIEL FOR CONGRESS,≤100
421177048353664,PetJoy,These ads ran without a disclaimer,≤100
1024681364226225,Theresa Coates Ellis for Manassas,Friends of Theresa Coates Ellis,≤100
49525046576,Texas Equal Access Fund - TEA Fund,National Network of Abortion Funds dba Texas Equal Access Fund,≤100
998388033545098,Mike Moran,Mike Moran,≤100
399060493533519,The Justice Foundation,JUSTICE FOUNDATION,≤100
67553971312,The Century Foundation,"CENTURY FOUNDATION INC, THE",≤100
905347056195988,Clean Vehicle Rebate Project,Clean Vehicle Rebate Project [Administered by the Center for Sustainable Energy],≤100
27139120832,Advancing Native Missions,Advancing Native Missions,≤100
433364950062784,Power Over Energy,Power Over Energy,≤100
101746962063,Mercy Home for Boys & Girls,MISSION OF OUR LADY OF MERCY,≤100
524821051606971,Young Americans Against Socialism,Young Americans Against Socialism,≤100
239658882763974,Poverty USA by CCHD,UNITED STATES CONFERENCE OF CATHOLIC BISHOPS,≤100
106425730874644,Ruby Powell-Dennis for Tennessee,Citizens For Ruby Powell-Dennis,≤100
109394673934241,Tommy Fulcher for NC House,Tommy for NC House,≤100
260131294484,Bethesda Lutheran Communities,Bethesda Lutheran Communities,≤100
144850842237429,Independentvoting.org,Independent Voting (IndependentVoting.org),≤100
10331123781,Special Olympics,Special Olympics Inc,≤100
162695894106234,Co-ops Vote,National Rural Electric Cooperative Association,≤100
106245384043438,Tims For Congress,FRIENDS OF DESIREE TIMS,≤100
122360425094991,Nasty Woman Cosmetics,Nasty Woman Cosmetics,≤100
100421958357393,PodTv Network,PodTv Network,≤100
102970113093477,Church Militant/St. Michael’s Media,Max Aldcander Douglas,≤100
1400371370253041,Eagan Immigration,Eagan Immigration,≤100
102703188127463,Winning Energy,Winning Energy LLC,≤100
339432396135584,The Exodus Road,EXODUS ROAD INC,≤100
107113371061537,Blacktivists,Real Voices Media,≤100
232264683462806,"Arc Manor, LLC",ARC MANOR LLC,≤100
83960796709,Institute for Southern Studies,INSTITUTE FOR SOUTHERN STUDIES INC,≤100
138492335404,Scott Walker,"Walker Group, LLC",≤100
185248995481371,Stephanie Barry,Friends for Stephanie Barry,≤100
1675319662786649,Clare Gallagher,Protect Our Winters,≤100
2109637279297531,The Bad Seed,Adam Kidron,≤100
291260461373618,News and News,News and News,≤100
200224630053159,Ben McAdams,FRIENDS OF BEN MCADAMS,≤100
52490448966,StorQuest,"WILLIAM WARREN GROUP, INC., THE",≤100
461466040587767,Rescue Missions Ministries Thrift Stores,Durham Rescue Mission,≤100
271121199639002,Paulette for Senate 2020,PAULETTE FOR SENATE 2020,≤100
7735858972,Humane Society Legislative Fund,Humane Society Legislative Fund,≤100
1437429989675914,Huckabee,"TRINITY BROADCASTING NETWORK, INC.",≤100
2266305507024846,The Rogue Review,John Thomas Ruppert,≤100
1399926390134311,Nature's Generator,Huntkey USA Inc,≤100
1507689979455306,American Bail Coalition,American Bail Coalition,≤100
111352803968252,__black_lives_matter_too,Dean J Thompson,≤100
460236704351535,Tracy Mitrano,TRACY MITRANO FOR CONGRESS,≤100
111222097052022,KW Miller Congressional Committee,KW Miller Congressional Exploratory Committee,≤100
169042736456594,All Out,All Out Action Fund.,≤100
562804563928334,Tokens Show,"Tokens Media, LLC",≤100
1841824626073676,Candace Valenzuela for Congress,CANDACE FOR 24,≤100
708375056271048,The Christendom Curriculum,The Christendom Curriculum,≤100
110010433804232,Falkirk Center,Falkirk Center,≤100
455595357859098,Richard DeNapoli,Richard DeNapoli for Broward Republican State Committeeman,≤100
403879293386522,The_Dreamer,LaTailyr Designs,≤100
348839551906904,Democracy in Color,POWERPAC DOT ORG,≤100
137427899615856,"Central Union Mission, DC",CENTRAL UNION MISSION (INC),≤100
81372493950,POET,POET,≤100
107569650978840,Sanall,Sanall,≤100
2133130356918764,Common Justice,COMMON JUSTICE INC,≤100
51533142540,Public Advocate of the U.S.,PUBLIC ADVOCATE OF THE US,≤100
198024590300902,Josh Shapiro,Josh Shapiro,≤100
106959920878115,The Well Done Foundation,"Well Done Foundation, Inc.",≤100
107937014153581,Energized Health,John Jubilee Transformation LLC DBA Energized Health,≤100
721000238103165,Eric Early,ERIC EARLY FOR CONGRESS,≤100
214061167976,El Tiempo Latino,Carlos Jose Munoz,≤100
127335473965761,Recycle Cartons,"Carton Council of North America, Inc.",≤100
109584730766616,Chris Pratt for Judge,THE COMMITTEE OF RESPONSIBLE PERSONS TO ELECT CHRIS PRATT.,≤100
155443277896065,Dane Eagle,Dane Eagle For Congress,≤100
111499100431,National Association for Gun Rights,NATIONAL ASSOCIATION FOR GUN RIGHTS INC,≤100
182079698493370,Portside,Portside,≤100
112325855474892,Speak Up For Education and Kids,National Education Association,≤100
336440323158789,Jack Burkman Radio,Jack Burkman Radio,≤100
26006662641,Arizona Democratic Party,Arizona Democratic Party,≤100
103011894739074,Campaignly Group,Campaignly Group,≤100
103493557901081,Ed Tarver,TARVER FOR SENATE,≤100
103877744493195,Briit Botanicals,Briit Botanicals,≤100
110215807386405,Stringfellow4SchoolBoard,"and approved by Joshua Stringfellow, Nonpartisan, for Pasco County School Board, District 4. Political advertisement.",≤100
102864408154745,Color of Money,Real Voices Media,≤100
345946329411380,Petal Soap,Jason Paul Domangue,≤100
195422661040922,Saundra McDowell,Saundra McDowell for Missouri,≤100
42590232694,CAIR,"CAIR-FOUNDATION, INC.",≤100
359434355433,Black Facts Online,These ads ran without a disclaimer,≤100
100398878407933,Won't He Do It,Real Voices Media,≤100
2253210821388444,Ohio Strong Action,OHIO STRONG ACTION,≤100
307943569254319,Florida Rights Restoration Coalition,Florida Rights Restoration Coalition,≤100
105283560949571,Trump 2024 Film,2024 LLC,≤100
108173075911611,National Association of Letter Carriers,National Association of Letter Carriers,≤100
150322194563,PASA Primates: Pan African Sanctuary Alliance,PAN AFRICAN SANCTUARIES ALLIANCE,≤100
2380727301972792,Councilwoman Roxy Ndebumadu,Friends of Roxy Ndebumadu,≤100
210831325617010,One Mind,4 RESEARCH 1 MIND,≤100
115403471809909,Plastic Oceans,PLASTIC OCEANS INTERNATIONAL,≤100
105315327577677,Golden Goose Publishing,Lance Charles Greenberg,≤100
1135715163236187,My Vote Project,The First Coast Leadership Foundation,≤100
103837514635067,Betterway Campaign,WAYMAKERS,≤100
110280253735683,Alexandria Ocasio-Cortez Fan Club,Imran M Jemal,≤100
395414573846518,SunFrog Shirts,SunFrog LLC,≤100
217187838327836,The Story Exchange,The Story Exchange Foundation,≤100
205621732795876,NARAL Pro-Choice Ohio,NARAL PRO-CHOICE OHIO,≤100
447484109420511,Taylorfor2021,Taylor 2021,≤100
1691091571125390,Representative Shevrin Jones,"Shevrin Jones, Democrat for Florida Senate, District 35",≤100
77790954801,Salesian Missions,Salesian Missions,≤100
105572541209658,Eliseo Santana,"Eliseo Santana, Democrat, for Pinellas County Sheriff",≤100
193675533982095,Ryan Chamberlin,Ryan Chamberlin for Congress,≤100
143544946360742,Alma Hernandez,Alma for Arizona,≤100
102161004838994,Melissa Gould for Judge,Melissa Gould for Judge,≤100
104952231285892,Marc Falzon,Marc A Falzon,≤100
404041503001995,Time On The Hill,"Time On The Hill, Inc.",≤100
1443127535947107,Save the Children Action Network,Save the Children Action Network,≤100
108418247595956,Getting it Right,Real Voices Media,≤100
105229062888132,Stop Soldier Suicide,Stop Soldier Suicide,≤100
146736258721743,True The Vote,True the Vote,≤100
134571176638205,One Tree Planted,One Tree Planted,≤100
458142697588014,AARP Public Policy Institute,AARP,≤100
1167882416608629,AirThreds,These ads ran without a disclaimer,≤100
1127581437405717,Bumbler - The Boba Tea Tumbler,Bumbler LLC,≤100
2317264024972785,American Populists,The New American Populist,≤100
128531120636129,IVC Media,Solutions for Change,≤100
105953890782784,The Factual,The Factual,≤100
102890334808252,Bald Eagle Designs,political printing,≤100
1642386799323957,Angie Craig,ANGIE CRAIG FOR CONGRESS,≤100
292811880858773,Ocean Voyages Institute / Project Kaisei,Ocean Voyages Institute,≤100
28144169620,Alliance for Aging Research,Alliance for Aging Research,≤100
916908791847627,Prosperity Michigan,Prosperity Michigan,≤100
118178241651488,DSPolitical,"DSPolitical, LLC",≤100
106968690805026,Sima for Texas,SIMA FOR TEXAS,≤100
138141366212571,Gravis Marketing,GRAVIS MARKETING INC.,≤100
422250511163275,REMEDIGAP,Quinn Group LLC,≤100
102779587983818,De'Andre A. Barnes for Portsmouth City Council,Deandre Antonia Barnes,≤100
6315243665,Faith in Public Life,"FAITH IN PUBLIC LIFE, INC.",≤100
101146091319045,Elcove.green,Elcove,≤100
101041998305221,The Proud Republicans,Great American Era LLC,≤100
99079521422,AFSCME Maryland,AFSCME MARYLAND,≤100
265584563563176,JCRC of Greater Washington,The Jewish Community Relations Council of Greater Washington,≤100
763491940427547,Roque  "Rocky"  De La Fuente,Rocky 101 LLC,≤100
287388624626915,kSquare IT,Arwa Desai,≤100
2145961958786432,"Andrew Jeng for Florida State Representative, District 43",Horng Andrew Jeng Campaign,≤100
546497545399440,ASEC - African Sisters Education Collaborative,African Sisters Education Collaborative (ASEC),≤100
103322426424621,Jonathan Karl,Jonathan David Karl,≤100
302612457071883,Moving It Right,Richard P Ashton,≤100
1833879943496521,Spread The Vote,Spread the Vote,≤100
105368190818267,Corky Messner for Senate,MESSNER FOR SENATE,≤100
138385129517946,Falun Dafa Information Center,"Falun Dafa Information Center, INC.",≤100
0,Instagram User 2145333510,These ads ran without a disclaimer,≤100
210299135716574,Habitat for Humanity of the Charlotte Region,"HABITAT FOR HUMANITY OF THE CHARLOTTE REGION, INC.",≤100
22984054572,Numi Organic Tea,Numi Organic Tea,≤100
497348647140658,Point Source Youth,Point Source Youth,≤100
467247494008001,Josh Gapp for Congress,JOSH GAPP FOR CONGRESS,≤100
100729641303493,ICount NM,I Count New Mexico,≤100
940653386126953,StandingWithYou.org,Standingwithyou.org,≤100
2077528499191868,Oh Hey Heather,Heather Wirtz,≤100
1689099681331318,Clay Yarborough,Clay Yarborough for Florida House 12,≤100
510680265702016,Crowned Free,Crowned Free,≤100
323725548525314,ecoccasion,Ecoccasion,≤100
100535808394168,Patriots For Freedom,I Love My Freedom,≤100
118697061602554,Jason Brodeur,"Jason Brodeur, Republican, for State Senate",≤100
101183127996396,Four Is Enough,PACRONYM,≤100
143173285763,Tenth Amendment Center,Tenth Amendment Center,≤100
993294760683044,Education Reform Now,Education Reform Now,≤100
103807221382580,Vote4Wayne,Wayne Harris for County Commission,≤100
391872261636792,2020unity,"ForFact LLC, DBA 2020unity",≤100
10760692978,World Hope International,World Hope International,≤100
61878332769,ICNA Relief,ICNA RELIEF USA PROGRAMS,≤100
354211448620959,Alexandra Owensby For the People,ALEXANDRA OWENSBY FOR THE PEOPLE,≤100
1675630946095534,Franciscan Missions,Franciscan Missions,≤100
427302110732180,Mike Cernovich,Michael C Cernovich,≤100
1290536624348001,Informed Immigrant,FWD.us Education Fund,≤100
103617578071596,Anti-racism campaign,Jason Charles King,≤100
271941253389528,Piccolina,Tracy Ann Massaro,≤100
1086209354874961,Resilience Force,"NEO PHILANTHROPY, INC.",≤100
316498251698370,Adam Gray for Assembly,Gray for Assembly 2020,≤100
103316901311254,Williamson County 2020 Census Complete Count Committee,Justin Adam Staples,≤100
106883907479649,HUPAC - Health Underwriters Political Action Committee,NATIONAL ASSOCIATION OF HEALTH UNDERWRITERS PAC (HUPAC),≤100
449202631932231,Mike Johnson,MIKE JOHNSON FOR LOUISIANA,≤100
80668957414,GoSili,SiliKids Inc.,≤100
589804548203965,Joe Biden for President 2020 - Unofficial,Bradley John Mancuso,≤100
39910576365,National Alliance for Public Charter Schools,NATIONAL ALLIANCE FOR PUBLIC CHARTER SCHOOLS,≤100
999695356830090,Bed Threads,These ads ran without a disclaimer,≤100
112164673854264,Living Patriotically,Living Patriotically,≤100
27927698033,Texas Freedom Network,Texas Freedom Network,≤100
103150364587807,Gun Owners Care,National Shooting Sports Foundation,≤100
442915262409292,Living Life Fearless,LLF,≤100
286515034783600,Anchorlot,Anchorlot,≤100
148945835171697,"Immigration Law Offices of Hadley Bajramovic, PC",Immigration Law Offices of Hadley Bajramovic,≤100
279256605891946,CalmEffect,"Balance Marketing Group, LLC",≤100
111150677180746,All Hat and No Cattle,Committee for Professional Law Enforcement,≤100
1553978148244954,Build With Strength,Build With Strength,≤100
388547605724,Richard Neal,RICHARD E NEAL FOR CONGRESS COMMITTEE,≤100
64206021703,National Committee to Preserve Social Security and Medicare,NATIONAL COMMITTE TO PRESERVE SOCIAL SECURITY AND MEDICARE,≤100
26490791479,Nuclear Information and Resource Service,Nuclear Information and Resource Service,≤100
110812293684869,The High Road Foundation,Robert Francis Windley,≤100
201172843320667,Maryland Association of Counties,Maryland Association of Counties,≤100
168367339845613,The Humane League,The Humane League,≤100
221631014637468,Look Human,"Print Syndicate, Inc.",≤100
106356657766880,"Vito Strolis for Macomb County Commissioner, District 9",Committee to Elect Vito Strolis,≤100
312569146034029,BlueVote,BlueVote,≤100
873550809444862,Mighty Earth,Mighty Earth,≤100
2301973173158406,Blerd,Blerd LLC,≤100
957810197669209,Re-Elect Johns For St. Johns County Commissioner,Jimmy Johns for St. Johns County,≤100
1299326366748402,Hippy Feet,Hippy Feet GBC,≤100
359780944896828,American Lodestar,Polaris Media Lab LLC,≤100
493557357515960,DivInc,DIVINC,≤100
105287044367027,ObsessedwithTrump,Donald Lee Rowan,≤100
104476460936693,Every Woman Vote,Amy Kay Gibson,≤100
2310488009211056,Poder Latinx,Poder Latinx,≤100
155901927790766,West Virginia American Water,West Virginia American Water Company,≤100
102455491417600,Calm Down Caren,John A Rosano,≤100
164738823545536,Fit4Mom Fredericksburg-Stroller Strides,These ads ran without a disclaimer,≤100
185822511560631,Connect23.com,Connect23.com,≤100
47710973068,Cooperative Action Network,National Rural Electric Cooperatives Association,≤100
106868314285372,The Finance Kit,DYS Capital LLC,≤100
635850443292528,Nasty Woman Coloring,Nasty Woman Coloring,≤100
164472026916984,Masbia Soup Kitchen Network,MASBIA,≤100
919560161507495,Miles4Migrants,Miles4Migrants,≤100
112720626850415,Rudy For Congress,RUDY FOR CONGRESS,≤100
109267407229927,ZIPO: Zero Interest Principal Only,ZIPO Inc,≤100
91084651127,AJAXBEATS,Andrew Lee Morris,≤100
1518297238457643,Jeremiah Johnson Ministries,Jeremiah Johnson Ministries,≤100
121750354532995,Yale Program on Climate Change Communication,Yale Program on Climate Change Communication,≤100
159085947564255,American Sugar Alliance,American Sugar Alliance,≤100
165014546858456,Free To Choose Network,FREE TO CHOOSE,≤100
1385294418360578,Linda Koop,KOOP FOR TEXAS,≤100
100591581698087,Michael James Freedman,Michael James Freedman,≤100
1099779163410386,John Barrasso,Friends of John Barrasso,≤100
1435071773455316,Daily Wire,The Daily Wire,≤100
104051398040027,CCW Online Now_,Amil Esmailpour,≤100
102673738084465,Illuxus,Illuxus,≤100
342294162453301,Planned Parenthood,These ads ran without a disclaimer,≤100
101300361570120,Jack Frechette for HD11B,Jack Frechette for HD 11B,≤100
588762121302996,Black Superwoman Chronicles,Delisha Denise Sylvester,≤100
105125801139360,Harry Mo Greene for Oro Valley,Mo 4 Oro Valley,≤100
622644971176455,Pravda Media,Jacob Fredrick Pointon,≤100
124526006241,NIPOC,NIPOC (Network of Iranian-American Professionals of Orange County),≤100
746838268687634,Tom O'Halleran,TOM O'HALLERAN FOR CONGRESS,≤100
171516669541491,Bright Hope,BRIGHT HOPE INTERNATIONAL,≤100
402969533432277,Cisneros for Congress,CISNEROS FOR CONGRESS,≤100
323057528048557,LGBTQ Victory Institute,LGBTQ Victory Institute,≤100
84112077638,GreaterGood.org,GREATERGOOD.ORG,≤100
102027764795677,American Wire,The USA Wire,≤100
1480531258923286,JDoe,Ryan Michael Soscia,≤100
243498882520314,FoodFinder,"FOODFINDER, INC.",≤100
243399129090445,Christina Hale,HOOSIERS FOR HALE,≤100
289047457785218,Mira Lehr,News Travels Fast,≤100
254574931245780,Health Care Service Corporation,Health Care Service Corporation,≤100
61118860589,Broccoli City,These ads ran without a disclaimer,≤100
136710773025912,Salus University,Caren Jennifer Cremen,≤100
202026326353,Tu Salud Magazine,"CDM PUBLISHING, LLC",≤100
341240953385902,Force Of Nature Meats,Force of Nature,≤100
102478528086004,Reading On the Left,St. Martin's Press,≤100
103903914570915,Pro2a,Delta Team Marketing,≤100
294021837428958,Free the Pill,IBIS REPRODUCTIVE HEALTH,≤100
2030590757228019,Rev. Mark Creech,Mark Creech,≤100
74508408221,Dr. Joanne Bagshaw,"Joanne Bagshaw, PhD, LCPC",≤100
169440273093442,The Center for Election Science,The Center for Election Science,≤100
1947204578916961,Kionne McGhee,"Kionne McGhee, Non-Partisan, for Miami-Dade County Commissioner District 9",≤100
276131699084792,YWAM Los Angeles,YWAM Los Angeles,≤100
260713150211,Protect Our Winters,Protect Our Winters,≤100
104908407769927,Ken Baughman for the Board of Education,"Committee to Elect Ken Baughman. Lynne Baughman, Treasurer.",≤100
27478282874,UNITE HERE!,UNITE HERE,≤100
150681061641282,Tri-State G&T,Tri-State Generation Transmission Association Inc,≤100
300341323465160,The Daily Signal,HERITAGE FOUNDATION (THE),≤100
129007741060490,Steven Linne for Florida House,Steven Linne for Florida House,≤100
116200476444714,Amhara Weekly,These ads ran without a disclaimer,≤100
154510321337994,Chris Pappas for Congress,CHRIS PAPPAS FOR CONGRESS,≤100
40912053758,Ohio Republican Party,Ohio Republican Party,≤100
135403221037,City Journal,City Journal,≤100
282404394803,DC Fiscal Policy Institute,DC Fiscal Policy Institute,≤100
40032861193,ACLU of Indiana,INDIANA CIVIL LIBERTIES UNION INC,≤100
107017171077254,Operation Restore Inc,Shawn A Peterson,≤100
101788601255619,Mark Sidney,Power To The Publisher,≤100
58709265392,Americans United for Separation of Church and State,AMERICANS UNITED FOR SEPARATION OF CHURCH & STATE,≤100
7361892567,Born Free USA,"BORN FREE USA, UNITED WITH ANIMAL PROTECTION INSTITUTE",≤100
180024415404279,Pacific Research Institute,Pacific Research Institute,≤100
1354622541311687,Dr. Kim Schrier,DR KIM SCHRIER FOR CONGRESS,≤100
101052724914617,Northville Conservatives,Northville Conservatives,≤100
110440390375032,"Lindsay Lyons, Educational Consulting",Lindsay Beth Lyons,≤100
51791915551,Binghamton University,Binghamton University,≤100
205795426669644,Facts and Logic about the Middle East,Facts and Logic About the Middle East,≤100
117513180002579,John Shallman,These ads ran without a disclaimer,≤100
115589465160388,Scribner Books,Simon and Schuster,≤100
549164205222742,Defend Innocence,Defend Innocence,≤100
104653064566281,Judge Natasha DePrimo,"Judge Natasha DePrimo, Non-Partisan, for Broward County Court Judge Group 31",≤100
174971709316,Cigna,Cigna,≤100
1760958254163420,"All Saints' Episcopal Church-Frederick, MD",Lee Ellsworth Emmons,≤100
343175436328856,CA Needs Energy Storage,California Alliance for Renewable Energy Solutions,≤100
103642334724435,Rolexydeals,Roland Alexandre,≤100
151577215422581,Zioness Movement,"Zioness Movement, Inc.",≤100
1418068308452353,Sumi K,Sumati Krishnan,≤100
219643572044648,Prevail Card,"Prevail Card, LLC",≤100
174672489258588,Embrace Relief,Embrace Relief,≤100
214002058736436,Unite America,UNITE AMERICA,≤100
664770743730817,Dan Feehan for Congress,FRIENDS OF DAN FEEHAN,≤100
85620546149,Paul Simon Public Policy Institute,Paul Simon Public Policy Institute,≤100
103851564652,Waterkeeper Alliance,WATERKEEPER ALLIANCE INC,≤100
2338979479650120,Genevieve Collins for Congress,COLLINS FOR TEXAS,≤100
1888806214722917,Erie County Anti-Stigma Coalition,Erie County Anti-Stigma Coalition,≤100
1448984361857166,Florida Federation for Children PAC,Florida Federation for Children,≤100
960045850672105,One More Wave,Ernad Civic,≤100
109379393894282,Keep Texas Moving,TEXAS ASSOCIATION OF BUSINESS,≤100
253176211407506,Mississippi Republican Party,MISSISSIPPI REPUBLICAN PARTY,≤100
143590139021196,UMR,UNITED MISSION FOR RELIEF AND DEVELOPMENT - UMR,≤100
101295517956158,Tricia Zunker for Wisconsin,Tricia Zunker for Wisconsin,≤100
1862142560544227,Green Estate Goods,Green Estate Goods LLC,≤100
413500232549343,National Vet Help,Illingworth Renner Basin Law Group LLP,≤100
111237577031486,AquiPor Technologies,William Powers,≤100
110089227413037,The Prepared Patriot,Edward Ha,≤100
164513254148611,America's Voice News,Barbara Jean Lawrence,≤100
109613870586532,Universal Death Care - Dr. Reagan Anderson,Reagan Banning Anderson,≤100
102969494552133,Screened Out,KHRodgers LLC,≤100
659763257512664,Kym Pine Mayor 2020,Friends of Kymberly Pine,≤100
898056057254433,Nine Districts for MoCo,"Nine Districts for MoCo; Mark Lautman, Treasurer",≤100
107199049318619,Friends of Derek Kilmer,PEOPLE FOR DEREK KILMER,≤100
238008626268343,Israel365,Teach for Israel Inc,≤100
110984237313444,Burn Apparel,These ads ran without a disclaimer,≤100
441047029414443,The Medicare Coach,These ads ran without a disclaimer,≤100
98008554575,US Embassy Reykjavik Iceland,These ads ran without a disclaimer,≤100
127913103970095,C Club of Houston,The "C" Club of Houston,≤100
180207826090799,Tiffany D. Cross,Tiffany D. Cross,≤100
211049239087028,Association of Young Americans,Benjamin J Brown,≤100
792668760881092,High Ball Time with your Uncle Otis,Patrick Joseph Fant,≤100
1653885501501009,Propeller,Propeller Enterprises,≤100
103617578071596,Anti-racism campaign,Anti-Racism Campaign,≤100
90710744308,The Steamboat Institute,The Steamboat Institute,≤100
105109997689557,Michelle Cook for Sheriff,Michelle Cook For Sheriff,≤100
0,Instagram User 6892351837,These ads ran without a disclaimer,≤100
59543893235,National Constitution Center,National Constitution Center,≤100
1914537155242810,Life: Powered,Texas Public Policy Foundation,≤100
6502038524,First Book,FIRST BOOK,≤100
460844281074800,Tiny Trump,Eric D Corriel,≤100
288881517835621,CEAI Christian Educators Association International,CHRISTIAN EDUCATORS ASSOCIATION INTERNATIONAL,≤100
105157841248307,No Filter Politics,No Filter Politics,≤100
1945837408977507,Michael Moates,-MICHAEL STEVEN MOATES,≤100
138993046151618,Wipf and Stock Publishers,Wipf and Stock Publishers,≤100
245152275619372,FloridaPolitics,Florida Politics,≤100
28510612138,Uncommon Knowledge,Hoover Institution,≤100
698400060189827,Dan Sullivan,Alaskans for Sullivan,≤100
309993142375589,Joe Kennedy III,KENNEDY FOR MASSACHUSETTS,≤100
1621690511405010,Civic Action,Civic Action,≤100
2017884721848472,Bokeki,Kimbereley Iris Goldstein,≤100
312657362217994,Women's Heart Alliance,Women's Heart Alliance,≤100
198001351897,Wounded Warriors Family Support,WOUNDEDWARRIORS FAMILY SUPPORT INC,≤100
101845788173085,Neal Kerney for TN State House District 3,Neal Kerney Campaign,≤100
573084822773932,Joe Perkins for Circuit Judge Campaign Committee,Joe Perkins for Circuit Judge Campaign Committee,≤100
102730741221466,VoteVan4Judge,"Mark Van Valkenburgh, Non-Partisan, for Circuit Court Judge",≤100
2128382640533831,Arnold4Judge,"Rhiannon Arnold, Non-Partisan, for Circuit Court Judge",≤100
101208514791301,Daniel Turner,Power The Future Inc,≤100
83865976093,Truthout,TRUTHOUT,≤100
240937060405,Center for Science in the Public Interest (CSPI),CENTER FOR SCIENCE IN THE PUBLIC INTEREST,≤100
102665201399226,Current Science Daily,Metric Media LLC,≤100
176604889512017,I heart Natural Hair,These ads ran without a disclaimer,≤100
111046557292073,Tees by Joe,Joleena Marie Copeland,≤100
102413723172970,Nick Adams,Nick Adams,≤100
113335773562471,President Trump For Re-Election,Great American Era,≤100
114367169942433,Illinois Real ID,Illinois Real ID,≤100
693338200702307,Michelle Ugenti-Rita,Ugenti-Rita for Senate,≤100
111064770375439,MAMAGear,MAMA Gear,≤100