﻿Page ID,Page Name,Disclaimer,Amount Spent (USD)
6905502638,Aníbal Acevedo Vilá,ANIBAL COMISIONADO 2020,634
264921133562949,Eduardo Bhatia,Eduardo Bhatia Gautier Gobernador,463
229990273742684,Comisión Estatal de Elecciones de Puerto Rico,Comisión Estatal de Elecciones de Puerto Rico,443
621144291234625,Miguel Romero,Comité Miguel Romero,200
17475614410,Hispanic Federation,Hispanic Federation,≤100
742695212552583,Dr. Leo Valentín,LEO VALENTIN FOR CONGRESS,≤100
314499212242,Pfizer,Pfizer Inc.,≤100
294963660620753,Pedro R. Pierluisi,"Comité Pedro Pierluisi, Inc.",≤100
291819009067,AARP Puerto Rico,These ads ran without a disclaimer,≤100
11131463701,truth,TRUTH INITIATIVE FOUNDATION,≤100
605037386536651,Alianza for Progress,Alianza for Progress,≤100
182079698493370,Portside,Portside,≤100
319765995532065,Julio Geigel Alcalde Humacao 2020,Julio Luis Geigel Perez,≤100
1572998166166458,Joanne Rodríguez Veve,Comité Amigos de Joanne Rodríguez Veve,≤100
397447437669420,Miguel "Ricky" Méndez,Miguel "Ricky" Méndez,≤100
110116690622256,"Rafy Santos, Senador Distrito de Guayama",Jose Matos Nolasco,≤100
104516389641870,Juan Dalmau Ramírez,Juan Dalmau Ramírez,≤100
1418111495154156,"Jaime Alverio Ramos, Alcalde 2020",Jaime Alverio Ramos,≤100
111820830223757,Héctor J. Martínez,Comité Héctor Martínez Maldonado,≤100
1086209354874961,Resilience Force,"NEO PHILANTHROPY, INC.",≤100
103970894384029,Joel Sánchez Ayala,Amigos de Joel Sánchez Ayala,≤100
1632527790377156,Michael López Saldaña 2020,Comité de Michael López Saldaña,≤100
641472952610298,Gabriel López Arrieta,Comité Amigos Gabriel López Arrieta,≤100
385401322305378,Rafy Zayas Alcalde de Ponce 2020,Juan Carlos Mora Vasquez,≤100
108955297532623,Dr. Rosario Alcalde Juana Diaz 2020,Juancarlos Javier Rosario Rivera,≤100
525148901218340,José Aníbal "Joey" Meléndez,Comité Amigos de José Aníbal "Joey" Meléndez,≤100
112636673836055,Ritello Del Oeste,These ads ran without a disclaimer,≤100
834806283563802,Domingo Torres Representante Distrito 25,Domingo J. Torres Garcia,≤100
767154603472144,Women's Medical Pavilion,Women's Medical Pavilion,≤100
203463950500659,Christian Cortés,Comité Amigos Christian Cortés 2020,≤100
1576236875930301,Global Cyber Alliance,Global Cyber Alliance with ad credits,≤100
313304389392604,Sergio Ortiz -Alcalde Isabela 2020,Eric X Toledo,≤100
103419547920606,Comite PIP Cidra Oficial,Leamsi Fontanez González,≤100
253635411315081,Luis Abinader,These ads ran without a disclaimer,≤100
106333028376,"Nichols Kaster, PLLP",Nichols Kaster PLLP,≤100
112537203502267,Ruben Reyes Diputado 2020,Ruben Dario Reyes,≤100
110280253735683,Alexandria Ocasio-Cortez Fan Club,Imran M Jemal,≤100
1496236637337606,HAEA Puerto Rico,HEREDITARY ANGIOEDEMA ASSOCIATION INC.,≤100
214134769285,Fiverr,These ads ran without a disclaimer,≤100
232364113577642,PathStone Corporation Puerto Rico,These ads ran without a disclaimer,≤100
714771121891886,Joe Manganiello,These ads ran without a disclaimer,≤100
203709216982986,Pesos y Contrapesos,Pesos y Contrapesos,≤100
136710773025912,Salus University,Caren Jennifer Cremen,≤100
173199999989897,Yamilet González - Representante Distrito 21,Yamilet Gonzalez Alicea,≤100
223136968203674,Juventud Política,These ads ran without a disclaimer,≤100
213289449057297,THE HILLS BOYS,Oscar Hills,≤100
349702751902673,Hereditary Angioedema Association - HAEA,HEREDITARY ANGIOEDEMA ASSOCIATION INC.,≤100
409835579621290,Erasmo Vázquez Hernández,Thay An Marie Vazquez Méndez,≤100
73340321070,Dungeons & Dragons,These ads ran without a disclaimer,≤100
391866240906871,"Cordero, Cordero y Asociados",These ads ran without a disclaimer,≤100
292680997602545,Manuel Calderón Cerame,Comité Manuel Calderón Cerame,≤100
630598004063606,Marcos Fabian Gonzalez,Comite de Amigos Marcos Fabian Gonzalez Barreto,≤100
103774071350910,Plant Cases,These ads ran without a disclaimer,≤100
126376457375337,TMC Property Media,These ads ran without a disclaimer,≤100
1692524767651072,Mariana Nogales Molinelli 2020,Mariana Nogales Molinelli,≤100
111237577031486,AquiPor Technologies,These ads ran without a disclaimer,≤100
210703745629002,Observatorio de Innovación Educativa del Tecnológico de Monterrey,These ads ran without a disclaimer,≤100
102431017943096,Marially González Senadora Distrito de Ponce 2020,Juan Santos Pagán,≤100
205238189588054,"Race, Racism and the Law",Professor Vernellia Randall,≤100
324785111015146,The Reformed Constitutionalist,Michael John Cuellar,≤100
28126338304,Surfrider Foundation,"SURFRIDER FOUNDATION, INC",≤100
292075591645198,Peter J. López Norat - Senador por Acumulación PPD,www.peternorat.com,≤100